p,a,b,j,trace,order,aut_order,fb_m2,fb_m3,n_targets,hits_m2,hits_m3,order,full_liftable,liftable_density_W125,liftable_density_W250,liftable_density_W500,liftable_density_W1000,liftable_density_W2000,liftable_density_W4001,two_torsion_x,sumset_m2,sumset_m3,sumset_eff_m2,sumset_eff_m3,decomp_rate_m2,decomp_rate_m3,decomp_efficiency_m2,decomp_efficiency_m3,s3_support,liftable_identity_holds
4001,460,2974,49,30,3972,2,40,13,400,221,226,3972,1987,0.496,0.496,0.488,0.492,0.4845,0.4966258435391152,3,2284,2120,0.7049382716049383,0.6471306471306472,0.5525,0.565,0.677324074074074,0.68503663003663,13,True
4001,505,1010,76,30,3972,2,40,13,400,224,215,3972,1987,0.472,0.448,0.474,0.485,0.496,0.4966258435391152,3,2165,2123,0.6682098765432098,0.6480463980463981,0.56,0.5375,0.6865185185185185,0.6516941391941391,13,True
4001,2133,265,106,30,3972,2,40,13,400,222,223,3972,1986,0.52,0.516,0.502,0.504,0.497,0.49637590602349413,1,2180,2117,0.6728395061728395,0.6462148962148963,0.555,0.5575,0.6803888888888889,0.6759432234432234,13,True
4001,2394,787,147,30,3972,2,40,13,400,236,206,3972,1987,0.432,0.468,0.454,0.472,0.4845,0.4966258435391152,3,2248,2144,0.6938271604938272,0.6544566544566545,0.59,0.515,0.7232962962962963,0.6244139194139194,13,True
4001,1122,748,155,30,3972,2,40,13,400,241,210,3972,1987,0.408,0.444,0.466,0.492,0.487,0.4966258435391152,3,2265,2063,0.6990740740740741,0.6297313797313797,0.6025,0.525,0.7386203703703704,0.6365384615384616,13,True
4001,204,408,227,30,3972,2,40,13,400,229,216,3972,1987,0.544,0.48,0.47,0.47,0.488,0.4966258435391152,3,2190,2120,0.6759259259259259,0.6471306471306472,0.5725,0.54,0.7018425925925926,0.6547252747252748,13,True
4001,1295,2590,240,30,3972,2,40,13,400,246,226,3972,1986,0.488,0.488,0.484,0.496,0.5025,0.49637590602349413,1,2266,2290,0.6993827160493827,0.699023199023199,0.615,0.565,0.7539444444444444,0.68503663003663,13,True
4001,869,1738,247,30,3972,2,40,13,400,225,217,3972,1987,0.472,0.504,0.5,0.499,0.4935,0.4966258435391152,3,2231,2130,0.6885802469135802,0.6501831501831502,0.5625,0.5425,0.6895833333333333,0.6577564102564102,13,True
4001,973,1946,305,30,3972,2,40,13,400,232,232,3972,1987,0.544,0.528,0.494,0.499,0.5065,0.4966258435391152,3,2215,2258,0.683641975308642,0.6892551892551892,0.58,0.58,0.7110370370370369,0.7032234432234431,13,True
4001,3759,2506,310,30,3972,2,40,13,400,235,222,3972,1986,0.536,0.532,0.51,0.513,0.4945,0.49637590602349413,1,2303,2136,0.7108024691358025,0.652014652014652,0.5875,0.555,0.7202314814814815,0.6729120879120879,13,True
4001,3097,2193,335,30,3972,2,40,13,400,231,233,3972,1986,0.488,0.48,0.482,0.505,0.4895,0.49637590602349413,1,2148,2171,0.662962962962963,0.6626984126984127,0.5775,0.5825,0.7079722222222222,0.7062545787545788,13,True
4001,2073,1382,361,30,3972,2,40,13,400,237,216,3972,1986,0.44,0.492,0.494,0.511,0.5095,0.49637590602349413,1,2286,2065,0.7055555555555556,0.6303418803418803,0.5925,0.54,0.7263611111111112,0.6547252747252748,13,True
4001,1493,2329,398,30,3972,2,40,13,400,226,212,3972,1987,0.448,0.5,0.508,0.513,0.51,0.4966258435391152,3,2198,2174,0.678395061728395,0.6636141636141636,0.565,0.53,0.6926481481481481,0.6426007326007327,13,True
4001,183,366,477,30,3972,2,40,13,400,226,220,3972,1986,0.384,0.504,0.508,0.498,0.505,0.49637590602349413,1,2242,2164,0.6919753086419753,0.6605616605616605,0.565,0.55,0.6926481481481481,0.6668498168498169,13,True
4001,1051,2102,549,30,3972,2,40,13,400,237,223,3972,1986,0.552,0.504,0.47,0.472,0.4885,0.49637590602349413,1,2199,2199,0.6787037037037037,0.6712454212454212,0.5925,0.5575,0.7263611111111112,0.6759432234432234,13,True
4001,3260,3507,564,30,3972,2,40,13,400,207,206,3972,1986,0.496,0.504,0.508,0.501,0.4945,0.49637590602349413,1,2166,2018,0.6685185185185185,0.615995115995116,0.5175,0.515,0.6344166666666666,0.6244139194139194,13,True
4001,401,802,572,30,3972,2,40,13,400,235,214,3972,1987,0.464,0.492,0.48,0.479,0.481,0.4966258435391152,3,2197,2085,0.6780864197530864,0.6364468864468864,0.5875,0.535,0.7202314814814815,0.6486630036630037,13,True
4001,3104,3403,606,30,3972,2,40,13,400,241,217,3972,1986,0.504,0.5,0.51,0.51,0.5075,0.49637590602349413,1,2245,2220,0.6929012345679012,0.6776556776556777,0.6025,0.5425,0.7386203703703704,0.6577564102564102,13,True
4001,3703,3405,660,30,3972,2,40,13,400,231,195,3972,1986,0.488,0.504,0.508,0.519,0.496,0.49637590602349413,1,2226,2017,0.687037037037037,0.6156898656898657,0.5775,0.4875,0.7079722222222222,0.5910714285714286,13,True
4001,1362,2724,692,30,3972,2,40,13,400,224,220,3972,1986,0.48,0.512,0.49,0.497,0.5,0.49637590602349413,1,2234,2279,0.6895061728395062,0.6956654456654456,0.56,0.55,0.6865185185185185,0.6668498168498169,13,True
4001,2439,1626,733,30,3972,2,40,13,400,238,215,3972,1986,0.528,0.508,0.498,0.495,0.493,0.49637590602349413,1,2251,1991,0.6947530864197531,0.6077533577533577,0.595,0.5375,0.7294259259259258,0.6516941391941391,13,True
4001,3384,2256,759,30,3972,2,40,13,400,235,221,3972,1987,0.456,0.496,0.502,0.502,0.5,0.4966258435391152,3,2281,2116,0.7040123456790124,0.645909645909646,0.5875,0.5525,0.7202314814814815,0.6698809523809524,13,True
4001,3957,2638,781,30,3972,2,40,13,400,198,198,3972,1986,0.432,0.456,0.48,0.482,0.4905,0.49637590602349413,1,2184,2008,0.674074074074074,0.612942612942613,0.495,0.495,0.6068333333333333,0.6001648351648351,13,True
4001,2713,1425,829,30,3972,2,40,13,400,225,215,3972,1987,0.432,0.404,0.442,0.473,0.485,0.4966258435391152,3,2240,2047,0.691358024691358,0.6248473748473748,0.5625,0.5375,0.6895833333333333,0.6516941391941391,13,True
4001,1065,710,869,30,3972,2,40,13,400,244,226,3972,1986,0.504,0.492,0.486,0.5,0.5025,0.49637590602349413,1,2269,2153,0.7003086419753086,0.6572039072039072,0.61,0.565,0.7478148148148148,0.68503663003663,13,True
4001,1863,1242,889,30,3972,2,40,13,400,236,255,3972,1987,0.432,0.48,0.472,0.482,0.492,0.4966258435391152,3,2217,2193,0.6842592592592592,0.6694139194139194,0.59,0.6375,0.7232962962962963,0.7729395604395604,13,True
4001,1691,3382,923,30,3972,2,40,13,400,248,217,3972,1986,0.472,0.508,0.482,0.501,0.501,0.49637590602349413,1,2266,2268,0.6993827160493827,0.6923076923076923,0.62,0.5425,0.760074074074074,0.6577564102564102,13,True
4001,3196,2391,924,30,3972,2,40,13,400,255,207,3972,1987,0.48,0.524,0.508,0.513,0.501,0.4966258435391152,3,2254,2068,0.695679012345679,0.6312576312576312,0.6375,0.5175,0.7815277777777777,0.6274450549450549,13,True
4001,2321,641,972,30,3972,2,40,13,400,231,203,3972,1986,0.464,0.52,0.506,0.498,0.5015,0.49637590602349413,1,2240,2008,0.691358024691358,0.612942612942613,0.5775,0.5075,0.7079722222222222,0.6153205128205127,13,True
4001,1063,3376,995,30,3972,2,40,13,400,221,207,3972,1986,0.496,0.516,0.528,0.517,0.4955,0.49637590602349413,1,2172,2084,0.6703703703703704,0.6361416361416361,0.5525,0.5175,0.677324074074074,0.6274450549450549,13,True
4001,2156,311,1001,30,3972,2,40,13,400,236,208,3972,1986,0.552,0.52,0.53,0.526,0.494,0.49637590602349413,1,2232,2002,0.6888888888888889,0.6111111111111112,0.59,0.52,0.7232962962962963,0.6304761904761905,13,True
4001,3286,857,1016,30,3972,2,40,13,400,236,171,3972,1987,0.488,0.48,0.5,0.502,0.505,0.4966258435391152,3,2181,1938,0.6731481481481482,0.5915750915750916,0.59,0.4275,0.7232962962962963,0.5183241758241758,13,True
4001,1776,3552,1083,30,3972,2,40,13,400,233,251,3972,1987,0.504,0.476,0.494,0.513,0.5015,0.4966258435391152,3,2207,2214,0.6811728395061728,0.6758241758241759,0.5825,0.6275,0.7141018518518518,0.7608150183150183,13,True
4001,2042,2695,1117,30,3972,2,40,13,400,230,202,3972,1987,0.48,0.476,0.482,0.499,0.491,0.4966258435391152,3,2268,2030,0.7,0.6196581196581197,0.575,0.505,0.7049074074074073,0.6122893772893774,13,True
4001,1509,1006,1153,30,3972,2,40,13,400,225,210,3972,1986,0.472,0.512,0.51,0.502,0.4915,0.49637590602349413,1,2121,2017,0.6546296296296297,0.6156898656898657,0.5625,0.525,0.6895833333333333,0.6365384615384616,13,True
4001,1607,2405,1188,30,3972,2,40,13,400,211,232,3972,1986,0.496,0.5,0.508,0.501,0.491,0.49637590602349413,1,2273,2150,0.7015432098765432,0.6562881562881563,0.5275,0.58,0.6466759259259259,0.7032234432234431,13,True
4001,896,1792,1322,30,3972,2,40,13,400,213,198,3972,1987,0.576,0.544,0.53,0.527,0.5035,0.4966258435391152,3,2192,2002,0.6765432098765433,0.6111111111111112,0.5325,0.495,0.6528055555555554,0.6001648351648351,13,True
4001,1260,2520,1356,30,3972,2,40,13,400,200,221,3972,1986,0.52,0.512,0.52,0.509,0.5005,0.49637590602349413,1,2151,2132,0.6638888888888889,0.6507936507936508,0.5,0.5525,0.6129629629629629,0.6698809523809524,13,True
4001,2563,375,1358,30,3972,2,40,13,400,235,213,3972,1986,0.496,0.508,0.482,0.504,0.499,0.49637590602349413,1,2274,2136,0.7018518518518518,0.652014652014652,0.5875,0.5325,0.7202314814814815,0.645631868131868,13,True
4001,2481,1654,1378,30,3972,2,40,13,400,225,242,3972,1987,0.48,0.496,0.498,0.51,0.505,0.4966258435391152,3,2223,2165,0.6861111111111111,0.6608669108669109,0.5625,0.605,0.6895833333333333,0.7335347985347985,13,True
4001,2848,1695,1407,30,3972,2,40,13,400,232,232,3972,1986,0.536,0.54,0.51,0.517,0.505,0.49637590602349413,1,2226,2182,0.687037037037037,0.666056166056166,0.58,0.58,0.7110370370370369,0.7032234432234431,13,True
4001,1412,2824,1437,30,3972,2,40,13,400,211,217,3972,1986,0.464,0.5,0.49,0.499,0.4965,0.49637590602349413,1,2240,2234,0.691358024691358,0.681929181929182,0.5275,0.5425,0.6466759259259259,0.6577564102564102,13,True
4001,3761,3841,1446,30,3972,2,40,13,400,231,224,3972,1986,0.512,0.512,0.516,0.491,0.496,0.49637590602349413,1,2281,2208,0.7040123456790124,0.673992673992674,0.5775,0.56,0.7079722222222222,0.678974358974359,13,True
4001,1640,3280,1460,30,3972,2,40,13,400,235,211,3972,1986,0.56,0.488,0.498,0.489,0.496,0.49637590602349413,1,2265,2118,0.6990740740740741,0.6465201465201466,0.5875,0.5275,0.7202314814814815,0.639569597069597,13,True
4001,1528,3056,1469,30,3972,2,40,13,400,231,232,3972,1986,0.512,0.516,0.498,0.498,0.498,0.49637590602349413,1,2240,2300,0.691358024691358,0.702075702075702,0.5775,0.58,0.7079722222222222,0.7032234432234431,13,True
4001,2677,1353,1474,30,3972,2,40,13,400,234,241,3972,1987,0.536,0.516,0.51,0.494,0.4855,0.4966258435391152,3,2160,2032,0.6666666666666666,0.6202686202686203,0.585,0.6025,0.7171666666666666,0.730503663003663,13,True
4001,2189,2793,1492,30,3972,2,40,13,400,213,204,3972,1987,0.464,0.472,0.478,0.481,0.5085,0.4966258435391152,3,2227,2153,0.6873456790123457,0.6572039072039072,0.5325,0.51,0.6528055555555554,0.6183516483516484,13,True
4001,2741,1481,1503,30,3972,2,40,13,400,227,194,3972,1987,0.472,0.472,0.49,0.483,0.4855,0.4966258435391152,3,2192,2024,0.6765432098765433,0.6178266178266179,0.5675,0.485,0.695712962962963,0.588040293040293,13,True
4001,3151,767,1531,30,3972,2,40,13,400,216,230,3972,1987,0.488,0.484,0.486,0.487,0.494,0.4966258435391152,3,2230,2163,0.6882716049382716,0.6602564102564102,0.54,0.575,0.662,0.697161172161172,13,True
4001,3556,1037,1613,30,3972,2,40,13,400,208,203,3972,1986,0.488,0.504,0.502,0.499,0.5015,0.49637590602349413,1,2198,1918,0.678395061728395,0.5854700854700855,0.52,0.5075,0.6374814814814815,0.6153205128205127,13,True
4001,2544,1696,1627,30,3972,2,40,13,400,209,190,3972,1986,0.424,0.448,0.46,0.481,0.4955,0.49637590602349413,1,2166,1912,0.6685185185185185,0.5836385836385837,0.5225,0.475,0.6405462962962962,0.5759157509157509,13,True
4001,1028,2019,1657,30,3972,2,40,13,400,205,210,3972,1987,0.448,0.44,0.472,0.491,0.499,0.4966258435391152,3,2183,2006,0.6737654320987654,0.6123321123321124,0.5125,0.525,0.628287037037037,0.6365384615384616,13,True
4001,3478,2955,1693,30,3972,2,40,13,400,235,206,3972,1987,0.52,0.472,0.504,0.508,0.502,0.4966258435391152,3,2273,2037,0.7015432098765432,0.6217948717948718,0.5875,0.515,0.7202314814814815,0.6244139194139194,13,True
4001,2383,765,1702,30,3972,2,40,13,400,248,232,3972,1987,0.568,0.496,0.476,0.471,0.48,0.4966258435391152,3,2157,2219,0.6657407407407407,0.6773504273504274,0.62,0.58,0.760074074074074,0.7032234432234431,13,True
4001,879,1758,1703,30,3972,2,40,13,400,235,208,3972,1987,0.432,0.428,0.466,0.492,0.4975,0.4966258435391152,3,2196,2250,0.6777777777777778,0.6868131868131868,0.5875,0.52,0.7202314814814815,0.6304761904761905,13,True
4001,3134,3423,1734,30,3972,2,40,13,400,225,207,3972,1986,0.568,0.532,0.528,0.506,0.495,0.49637590602349413,1,2219,2038,0.6848765432098766,0.6221001221001221,0.5625,0.5175,0.6895833333333333,0.6274450549450549,13,True
4001,469,938,1763,30,3972,2,40,13,400,229,229,3972,1987,0.472,0.46,0.466,0.501,0.4985,0.4966258435391152,3,2201,2143,0.679320987654321,0.6541514041514042,0.5725,0.5725,0.7018425925925926,0.6941300366300367,13,True
4001,851,1702,1766,30,3972,2,40,13,400,244,210,3972,1987,0.536,0.516,0.512,0.511,0.5085,0.4966258435391152,3,2169,1707,0.6694444444444444,0.5210622710622711,0.61,0.525,0.7478148148148148,0.6365384615384616,13,True
4001,439,2960,1843,30,3972,2,40,13,400,207,181,3972,1986,0.432,0.484,0.47,0.482,0.498,0.49637590602349413,1,2144,2052,0.6617283950617284,0.6263736263736264,0.5175,0.4525,0.6344166666666666,0.5486355311355312,13,True
4001,1531,3062,1847,30,3972,2,40,13,400,236,213,3972,1986,0.496,0.444,0.494,0.5,0.4975,0.49637590602349413,1,2259,2146,0.6972222222222222,0.6550671550671551,0.59,0.5325,0.7232962962962963,0.645631868131868,13,True
4001,3569,3713,1852,30,3972,2,40,13,400,228,180,3972,1987,0.568,0.52,0.53,0.499,0.495,0.4966258435391152,3,2169,1913,0.6694444444444444,0.583943833943834,0.57,0.45,0.6987777777777777,0.5456043956043957,13,True
4001,674,1783,1874,30,3972,2,40,13,400,228,193,3972,1986,0.52,0.524,0.542,0.522,0.495,0.49637590602349413,1,2300,2114,0.7098765432098766,0.6452991452991453,0.57,0.4825,0.6987777777777777,0.5850091575091575,13,True
4001,2253,505,1876,30,3972,2,40,13,400,216,202,3972,1986,0.472,0.516,0.49,0.478,0.4845,0.49637590602349413,1,2197,1970,0.6780864197530864,0.6013431013431013,0.54,0.505,0.662,0.6122893772893774,13,True
4001,3686,3371,1890,30,3972,2,40,13,400,218,232,3972,1987,0.488,0.508,0.5,0.502,0.5055,0.4966258435391152,3,2197,2194,0.6780864197530864,0.6697191697191697,0.545,0.58,0.6681296296296297,0.7032234432234431,13,True
4001,1945,3890,1891,30,3972,2,40,13,400,235,197,3972,1986,0.424,0.436,0.492,0.486,0.503,0.49637590602349413,1,2234,2020,0.6895061728395062,0.6166056166056166,0.5875,0.4925,0.7202314814814815,0.5971336996336997,13,True
4001,134,1423,1953,30,3972,2,40,13,400,221,219,3972,1987,0.568,0.54,0.514,0.505,0.494,0.4966258435391152,3,2217,2194,0.6842592592592592,0.6697191697191697,0.5525,0.5475,0.677324074074074,0.6638186813186814,13,True
4001,2744,3163,1981,30,3972,2,40,13,400,244,216,3972,1987,0.488,0.504,0.51,0.507,0.502,0.4966258435391152,3,2251,2118,0.6947530864197531,0.6465201465201466,0.61,0.54,0.7478148148148148,0.6547252747252748,13,True
4001,791,1582,1984,30,3972,2,40,13,400,224,215,3972,1987,0.392,0.472,0.486,0.492,0.4915,0.4966258435391152,3,2176,2063,0.671604938271605,0.6297313797313797,0.56,0.5375,0.6865185185185185,0.6516941391941391,13,True
4001,1300,3534,2071,30,3972,2,40,13,400,226,241,3972,1987,0.432,0.424,0.45,0.459,0.4755,0.4966258435391152,3,2215,1953,0.683641975308642,0.5961538461538461,0.565,0.6025,0.6926481481481481,0.730503663003663,13,True
4001,1299,2598,2073,30,3972,2,40,13,400,235,225,3972,1987,0.472,0.536,0.496,0.505,0.494,0.4966258435391152,3,2246,2187,0.6932098765432099,0.6675824175824175,0.5875,0.5625,0.7202314814814815,0.6820054945054945,13,True
4001,3114,2227,2080,30,3972,2,40,13,400,221,198,3972,1986,0.536,0.496,0.502,0.499,0.504,0.49637590602349413,1,2232,2071,0.6888888888888889,0.6321733821733821,0.5525,0.495,0.677324074074074,0.6001648351648351,13,True
4001,3248,3499,2087,30,3972,2,40,13,400,211,223,3972,1986,0.496,0.464,0.468,0.478,0.4835,0.49637590602349413,1,2168,2127,0.6691358024691358,0.6492673992673993,0.5275,0.5575,0.6466759259259259,0.6759432234432234,13,True
4001,1852,3704,2112,30,3972,2,40,13,400,217,239,3972,1986,0.512,0.508,0.54,0.514,0.492,0.49637590602349413,1,2213,2215,0.6830246913580247,0.6761294261294262,0.5425,0.5975,0.6650648148148148,0.7244413919413919,13,True
4001,2775,1850,2115,30,3972,2,40,13,400,235,226,3972,1986,0.48,0.52,0.498,0.507,0.505,0.49637590602349413,1,2242,2231,0.6919753086419753,0.681013431013431,0.5875,0.565,0.7202314814814815,0.68503663003663,13,True
4001,3370,913,2144,30,3972,2,40,13,400,217,222,3972,1987,0.48,0.48,0.494,0.5,0.497,0.4966258435391152,3,2192,2104,0.6765432098765433,0.6422466422466423,0.5425,0.555,0.6650648148148148,0.6729120879120879,13,True
4001,3344,2687,2145,30,3972,2,40,13,400,232,203,3972,1987,0.568,0.54,0.512,0.489,0.4955,0.4966258435391152,3,2224,2102,0.6864197530864198,0.6416361416361417,0.58,0.5075,0.7110370370370369,0.6153205128205127,13,True
4001,2510,1019,2219,30,3972,2,40,13,400,208,222,3972,1986,0.544,0.512,0.498,0.503,0.503,0.49637590602349413,1,2173,2173,0.6706790123456791,0.6633089133089133,0.52,0.555,0.6374814814814815,0.6729120879120879,13,True
4001,441,294,2257,30,3972,2,40,13,400,213,201,3972,1987,0.4,0.46,0.484,0.482,0.4915,0.4966258435391152,3,2176,2031,0.671604938271605,0.61996336996337,0.5325,0.5025,0.6528055555555554,0.6092582417582417,13,True
4001,3736,1157,2267,30,3972,2,40,13,400,214,203,3972,1986,0.52,0.492,0.496,0.49,0.495,0.49637590602349413,1,2223,2098,0.6861111111111111,0.6404151404151404,0.535,0.5075,0.6558703703703703,0.6153205128205127,13,True
4001,17,1345,2269,30,3972,2,40,13,400,218,196,3972,1987,0.52,0.5,0.488,0.488,0.507,0.4966258435391152,3,2149,2141,0.6632716049382716,0.6535409035409036,0.545,0.49,0.6681296296296297,0.5941025641025641,13,True
4001,1601,3202,2299,30,3972,2,40,13,400,226,215,3972,1987,0.424,0.476,0.508,0.495,0.4965,0.4966258435391152,3,2190,2098,0.6759259259259259,0.6404151404151404,0.565,0.5375,0.6926481481481481,0.6516941391941391,13,True
4001,3112,741,2348,30,3972,2,40,13,400,235,215,3972,1987,0.472,0.504,0.512,0.49,0.4875,0.4966258435391152,3,2253,2020,0.6953703703703704,0.6166056166056166,0.5875,0.5375,0.7202314814814815,0.6516941391941391,13,True
4001,1481,2321,2350,30,3972,2,40,13,400,223,223,3972,1986,0.544,0.568,0.52,0.504,0.4995,0.49637590602349413,1,2281,2201,0.7040123456790124,0.6718559218559218,0.5575,0.5575,0.6834537037037036,0.6759432234432234,13,True
4001,230,460,2356,30,3972,2,40,13,400,212,224,3972,1987,0.528,0.48,0.514,0.499,0.498,0.4966258435391152,3,2190,2201,0.6759259259259259,0.6718559218559218,0.53,0.56,0.6497407407407408,0.678974358974359,13,True
4001,1557,3114,2426,30,3972,2,40,13,400,216,233,3972,1986,0.416,0.436,0.478,0.478,0.489,0.49637590602349413,1,2272,2213,0.7012345679012346,0.6755189255189256,0.54,0.5825,0.662,0.7062545787545788,13,True
4001,1523,2349,2443,30,3972,2,40,13,400,233,218,3972,1986,0.488,0.504,0.49,0.511,0.5,0.49637590602349413,1,2278,2076,0.7030864197530864,0.6336996336996337,0.5825,0.545,0.7141018518518518,0.6607875457875458,13,True
4001,2977,1953,2453,30,3972,2,40,13,400,218,193,3972,1987,0.464,0.48,0.51,0.502,0.494,0.4966258435391152,3,2108,1941,0.6506172839506172,0.5924908424908425,0.545,0.4825,0.6681296296296297,0.5850091575091575,13,True
4001,2014,9,2505,30,3972,2,40,13,400,240,205,3972,1987,0.504,0.464,0.438,0.479,0.497,0.4966258435391152,3,2251,2070,0.6947530864197531,0.6318681318681318,0.6,0.5125,0.7355555555555555,0.6213827838827839,13,True
4001,2721,1814,2625,30,3972,2,40,13,400,248,246,3972,1987,0.384,0.404,0.42,0.467,0.4795,0.4966258435391152,3,2226,2165,0.687037037037037,0.6608669108669109,0.62,0.615,0.760074074074074,0.7456593406593406,13,True
4001,1427,2854,2637,30,3972,2,40,13,400,221,204,3972,1986,0.384,0.428,0.468,0.476,0.497,0.49637590602349413,1,2262,2208,0.6981481481481482,0.673992673992674,0.5525,0.51,0.677324074074074,0.6183516483516484,13,True
4001,3310,873,2666,30,3972,2,40,13,400,224,194,3972,1986,0.624,0.596,0.538,0.519,0.503,0.49637590602349413,1,2203,1906,0.6799382716049382,0.5818070818070818,0.56,0.485,0.6865185185185185,0.588040293040293,13,True
4001,1489,2978,2679,30,3972,2,40,13,400,232,227,3972,1987,0.52,0.5,0.522,0.507,0.499,0.4966258435391152,3,2215,1961,0.683641975308642,0.5985958485958486,0.58,0.5675,0.7110370370370369,0.6880677655677656,13,True
4001,2463,925,2683,30,3972,2,40,13,400,217,218,3972,1986,0.456,0.464,0.498,0.492,0.493,0.49637590602349413,1,2260,2195,0.6975308641975309,0.67002442002442,0.5425,0.545,0.6650648148148148,0.6607875457875458,13,True
4001,3098,3399,2694,30,3972,2,40,13,400,218,227,3972,1987,0.552,0.544,0.498,0.509,0.4915,0.4966258435391152,3,2232,2299,0.6888888888888889,0.7017704517704517,0.545,0.5675,0.6681296296296297,0.6880677655677656,13,True
4001,2351,2901,2715,30,3972,2,40,13,400,236,217,3972,1986,0.472,0.492,0.48,0.468,0.487,0.49637590602349413,1,2289,2131,0.7064814814814815,0.6504884004884005,0.59,0.5425,0.7232962962962963,0.6577564102564102,13,True
4001,1765,3844,2757,30,3972,2,40,13,400,206,207,3972,1986,0.392,0.496,0.486,0.488,0.495,0.49637590602349413,1,2277,2109,0.7027777777777777,0.6437728937728938,0.515,0.5175,0.6313518518518519,0.6274450549450549,13,True
4001,415,830,2763,30,3972,2,40,13,400,241,191,3972,1986,0.464,0.492,0.51,0.493,0.497,0.49637590602349413,1,2246,1962,0.6932098765432099,0.5989010989010989,0.6025,0.4775,0.7386203703703704,0.5789468864468864,13,True
4001,509,1018,2895,30,3972,2,40,13,400,222,209,3972,1986,0.512,0.512,0.484,0.494,0.4925,0.49637590602349413,1,2202,2104,0.6796296296296296,0.6422466422466423,0.555,0.5225,0.6803888888888889,0.633507326007326,13,True
4001,2100,1400,2907,30,3972,2,40,13,400,223,207,3972,1986,0.456,0.476,0.48,0.474,0.489,0.49637590602349413,1,2298,2105,0.7092592592592593,0.6425518925518926,0.5575,0.5175,0.6834537037037036,0.6274450549450549,13,True
4001,2175,1450,2916,30,3972,2,40,13,400,222,196,3972,1987,0.472,0.48,0.456,0.48,0.487,0.4966258435391152,3,2204,1951,0.6802469135802469,0.5955433455433455,0.555,0.49,0.6803888888888889,0.5941025641025641,13,True
4001,3159,2317,2934,30,3972,2,40,13,400,228,222,3972,1986,0.48,0.476,0.512,0.511,0.503,0.49637590602349413,1,2223,2143,0.6861111111111111,0.6541514041514042,0.57,0.555,0.6987777777777777,0.6729120879120879,13,True
4001,1961,2641,3021,30,3972,2,40,13,400,233,237,3972,1986,0.464,0.452,0.456,0.472,0.4845,0.49637590602349413,1,2270,2170,0.7006172839506173,0.6623931623931624,0.5825,0.5925,0.7141018518518518,0.7183791208791209,13,True
4001,3044,2087,3043,30,3972,2,40,13,400,228,227,3972,1986,0.472,0.472,0.476,0.513,0.5095,0.49637590602349413,1,2252,2112,0.6950617283950618,0.6446886446886447,0.57,0.5675,0.6987777777777777,0.6880677655677656,13,True
4001,148,2766,3045,30,3972,2,40,13,400,232,225,3972,1986,0.528,0.532,0.51,0.498,0.4975,0.49637590602349413,1,2179,2141,0.6725308641975308,0.6535409035409036,0.58,0.5625,0.7110370370370369,0.6820054945054945,13,True
4001,1038,692,3049,30,3972,2,40,13,400,226,216,3972,1986,0.424,0.436,0.452,0.48,0.499,0.49637590602349413,1,2214,2124,0.6833333333333333,0.6483516483516484,0.565,0.54,0.6926481481481481,0.6547252747252748,13,True
4001,1656,3312,3091,30,3972,2,40,13,400,206,216,3972,1987,0.464,0.432,0.48,0.488,0.493,0.4966258435391152,3,2212,2105,0.682716049382716,0.6425518925518926,0.515,0.54,0.6313518518518519,0.6547252747252748,13,True
4001,757,3172,3111,30,3972,2,40,13,400,214,216,3972,1987,0.504,0.472,0.474,0.487,0.494,0.4966258435391152,3,2223,2106,0.6861111111111111,0.6428571428571429,0.535,0.54,0.6558703703703703,0.6547252747252748,13,True
4001,1888,3776,3116,30,3972,2,40,13,400,223,223,3972,1987,0.464,0.488,0.484,0.489,0.5055,0.4966258435391152,3,2252,2189,0.6950617283950618,0.6681929181929182,0.5575,0.5575,0.6834537037037036,0.6759432234432234,13,True
4001,3633,3265,3132,30,3972,2,40,13,400,207,169,3972,1986,0.456,0.428,0.44,0.478,0.4985,0.49637590602349413,1,2211,1818,0.6824074074074075,0.554945054945055,0.5175,0.4225,0.6344166666666666,0.5122619047619047,13,True
4001,231,462,3222,30,3972,2,40,13,400,241,204,3972,1987,0.552,0.516,0.526,0.516,0.504,0.4966258435391152,3,2290,2152,0.7067901234567902,0.6568986568986569,0.6025,0.51,0.7386203703703704,0.6183516483516484,13,True
4001,2859,1906,3236,30,3972,2,40,13,400,235,201,3972,1987,0.512,0.496,0.464,0.481,0.4875,0.4966258435391152,3,2191,2047,0.6762345679012346,0.6248473748473748,0.5875,0.5025,0.7202314814814815,0.6092582417582417,13,True
4001,2750,3167,3271,30,3972,2,40,13,400,224,217,3972,1986,0.504,0.5,0.496,0.485,0.4945,0.49637590602349413,1,2183,2088,0.6737654320987654,0.6373626373626373,0.56,0.5425,0.6865185185185185,0.6577564102564102,13,True
4001,1452,2904,3279,30,3972,2,40,13,400,254,209,3972,1987,0.456,0.468,0.478,0.481,0.4875,0.4966258435391152,3,2278,2030,0.7030864197530864,0.6196581196581197,0.635,0.5225,0.778462962962963,0.633507326007326,13,True
4001,807,538,3322,30,3972,2,40,13,400,221,227,3972,1987,0.48,0.504,0.514,0.504,0.51,0.4966258435391152,3,2286,2106,0.7055555555555556,0.6428571428571429,0.5525,0.5675,0.677324074074074,0.6880677655677656,13,True
4001,3409,2817,3326,30,3972,2,40,13,400,232,225,3972,1986,0.496,0.516,0.502,0.496,0.496,0.49637590602349413,1,2240,2226,0.691358024691358,0.6794871794871795,0.58,0.5625,0.7110370370370369,0.6820054945054945,13,True
4001,976,3318,3337,30,3972,2,40,13,400,220,195,3972,1986,0.408,0.488,0.502,0.506,0.4915,0.49637590602349413,1,2190,1986,0.6759259259259259,0.6062271062271062,0.55,0.4875,0.6742592592592593,0.5910714285714286,13,True
4001,3188,2375,3345,30,3972,2,40,13,400,210,213,3972,1987,0.52,0.504,0.518,0.522,0.5005,0.4966258435391152,3,2168,2221,0.6691358024691358,0.677960927960928,0.525,0.5325,0.6436111111111111,0.645631868131868,13,True
4001,323,646,3378,30,3972,2,40,13,400,219,211,3972,1987,0.456,0.464,0.46,0.468,0.486,0.4966258435391152,3,2194,1911,0.6771604938271605,0.5833333333333334,0.5475,0.5275,0.6711944444444444,0.639569597069597,13,True
4001,729,1458,3381,30,3972,2,40,13,400,221,183,3972,1986,0.536,0.56,0.516,0.497,0.499,0.49637590602349413,1,2156,1898,0.6654320987654321,0.5793650793650794,0.5525,0.4575,0.677324074074074,0.5546978021978022,13,True
4001,1992,1328,3398,30,3972,2,40,13,400,223,190,3972,1986,0.52,0.492,0.464,0.493,0.4985,0.49637590602349413,1,2223,2075,0.6861111111111111,0.6333943833943834,0.5575,0.475,0.6834537037037036,0.5759157509157509,13,True
4001,2195,389,3414,30,3972,2,40,13,400,253,198,3972,1987,0.488,0.488,0.474,0.478,0.504,0.4966258435391152,3,2277,2075,0.7027777777777777,0.6333943833943834,0.6325,0.495,0.7753981481481481,0.6001648351648351,13,True
4001,646,3098,3477,30,3972,2,40,13,400,233,207,3972,1986,0.504,0.496,0.492,0.482,0.488,0.49637590602349413,1,2297,1970,0.7089506172839506,0.6013431013431013,0.5825,0.5175,0.7141018518518518,0.6274450549450549,13,True
4001,3515,3677,3528,30,3972,2,40,13,400,227,222,3972,1987,0.52,0.516,0.482,0.492,0.5075,0.4966258435391152,3,2297,2090,0.7089506172839506,0.6379731379731379,0.5675,0.555,0.695712962962963,0.6729120879120879,13,True
4001,3702,3403,3547,30,3972,2,40,13,400,207,194,3972,1986,0.56,0.528,0.526,0.516,0.509,0.49637590602349413,1,2164,2014,0.6679012345679012,0.6147741147741148,0.5175,0.485,0.6344166666666666,0.588040293040293,13,True
4001,386,772,3601,30,3972,2,40,13,400,236,223,3972,1987,0.504,0.552,0.53,0.512,0.5005,0.4966258435391152,3,2248,2117,0.6938271604938272,0.6462148962148963,0.59,0.5575,0.7232962962962963,0.6759432234432234,13,True
4001,2565,1710,3633,30,3972,2,40,13,400,235,213,3972,1986,0.464,0.46,0.482,0.479,0.4915,0.49637590602349413,1,2265,2172,0.6990740740740741,0.663003663003663,0.5875,0.5325,0.7202314814814815,0.645631868131868,13,True
4001,1272,848,3635,30,3972,2,40,13,400,223,206,3972,1987,0.472,0.444,0.476,0.502,0.5055,0.4966258435391152,3,2236,2055,0.6901234567901234,0.6272893772893773,0.5575,0.515,0.6834537037037036,0.6244139194139194,13,True
4001,2725,483,3709,30,3972,2,40,13,400,220,215,3972,1986,0.536,0.54,0.528,0.502,0.5025,0.49637590602349413,1,2194,2119,0.6771604938271605,0.6468253968253969,0.55,0.5375,0.6742592592592593,0.6516941391941391,13,True
4001,1520,2347,3842,30,3972,2,40,13,400,227,213,3972,1986,0.56,0.5,0.494,0.484,0.4875,0.49637590602349413,1,2210,2117,0.6820987654320988,0.6462148962148963,0.5675,0.5325,0.695712962962963,0.645631868131868,13,True
4001,1121,2242,3890,30,3972,2,40,13,400,242,206,3972,1986,0.472,0.508,0.492,0.493,0.5,0.49637590602349413,1,2252,2088,0.6950617283950618,0.6373626373626373,0.605,0.515,0.7416851851851851,0.6244139194139194,13,True
4001,830,1887,3912,30,3972,2,40,13,400,211,207,3972,1986,0.48,0.504,0.51,0.498,0.496,0.49637590602349413,1,2123,2040,0.6552469135802469,0.6227106227106227,0.5275,0.5175,0.6466759259259259,0.6274450549450549,13,True
4001,3858,2572,3937,30,3972,2,40,13,400,223,216,3972,1987,0.44,0.488,0.518,0.504,0.499,0.4966258435391152,3,2154,2144,0.6648148148148149,0.6544566544566545,0.5575,0.54,0.6834537037037036,0.6547252747252748,13,True
4001,109,2740,3968,30,3972,2,40,13,400,207,208,3972,1987,0.432,0.488,0.476,0.473,0.478,0.4966258435391152,3,2129,2093,0.6570987654320988,0.6388888888888888,0.5175,0.52,0.6344166666666666,0.6304761904761905,13,True
4001,1031,2021,3975,30,3972,2,40,13,400,218,229,3972,1986,0.56,0.536,0.49,0.505,0.508,0.49637590602349413,1,2213,2280,0.6830246913580247,0.6959706959706959,0.545,0.5725,0.6681296296296297,0.6941300366300367,13,True
4001,849,566,3976,30,3972,2,40,13,400,216,199,3972,1986,0.512,0.488,0.518,0.511,0.497,0.49637590602349413,1,2161,2016,0.6669753086419753,0.6153846153846154,0.54,0.4975,0.662,0.6031959706959706,13,True
4001,1211,2141,3978,30,3972,2,40,13,400,206,204,3972,1987,0.56,0.536,0.516,0.509,0.503,0.4966258435391152,3,2207,2119,0.6811728395061728,0.6468253968253969,0.515,0.51,0.6313518518518519,0.6183516483516484,13,True
4001,3506,3671,3983,30,3972,2,40,13,400,219,201,3972,1987,0.496,0.48,0.49,0.499,0.49,0.4966258435391152,3,2123,1932,0.6552469135802469,0.5897435897435898,0.5475,0.5025,0.6711944444444444,0.6092582417582417,13,True
4001,2442,883,3994,30,3972,2,40,13,400,244,179,3972,1987,0.416,0.48,0.516,0.505,0.504,0.4966258435391152,3,2242,2061,0.6919753086419753,0.6291208791208791,0.61,0.4475,0.7478148148148148,0.5425732600732601,13,True
4001,139,278,49,-30,4032,2,40,13,400,221,200,4032,2017,0.488,0.464,0.48,0.492,0.508,0.504123969007748,3,2261,2081,0.6978395061728395,0.6352258852258852,0.5525,0.5,0.6875555555555555,0.6153846153846154,13,True
4001,3168,2112,76,-30,4032,2,40,13,400,219,217,4032,2017,0.552,0.524,0.526,0.515,0.5065,0.504123969007748,3,2281,2089,0.7040123456790124,0.6376678876678876,0.5475,0.5425,0.6813333333333333,0.6676923076923077,13,True
4001,237,158,106,-30,4032,2,40,13,400,219,209,4032,2016,0.464,0.492,0.498,0.501,0.496,0.503874031492127,1,2287,2232,0.7058641975308642,0.6813186813186813,0.5475,0.5225,0.6813333333333333,0.643076923076923,13,True
4001,266,1511,147,-30,4032,2,40,13,400,224,221,4032,2017,0.48,0.504,0.5,0.497,0.498,0.504123969007748,3,2296,2010,0.7086419753086419,0.6135531135531136,0.56,0.5525,0.6968888888888889,0.6799999999999999,13,True
4001,2096,191,155,-30,4032,2,40,13,400,237,253,4032,2017,0.488,0.52,0.528,0.518,0.499,0.504123969007748,3,2199,2214,0.6787037037037037,0.6758241758241759,0.5925,0.6325,0.7373333333333334,0.7784615384615384,13,True
4001,2690,3127,227,-30,4032,2,40,13,400,229,221,4032,2017,0.472,0.488,0.49,0.488,0.5125,0.504123969007748,3,2177,2166,0.6719135802469136,0.6611721611721612,0.5725,0.5525,0.7124444444444445,0.6799999999999999,13,True
4001,1033,3356,240,-30,4032,2,40,13,400,229,231,4032,2016,0.528,0.488,0.492,0.498,0.508,0.503874031492127,1,2296,2303,0.7086419753086419,0.7029914529914529,0.5725,0.5775,0.7124444444444445,0.7107692307692308,13,True
4001,3653,3769,247,-30,4032,2,40,13,400,212,207,4032,2017,0.512,0.488,0.486,0.497,0.5005,0.504123969007748,3,2261,2148,0.6978395061728395,0.6556776556776557,0.53,0.5175,0.6595555555555556,0.6369230769230769,13,True
4001,3220,813,305,-30,4032,2,40,13,400,234,225,4032,2017,0.416,0.436,0.452,0.471,0.482,0.504123969007748,3,2197,2141,0.6780864197530864,0.6535409035409036,0.585,0.5625,0.728,0.6923076923076923,13,True
4001,1823,3646,310,-30,4032,2,40,13,400,213,205,4032,2016,0.44,0.492,0.5,0.506,0.5055,0.503874031492127,1,2210,2054,0.6820987654320988,0.626984126984127,0.5325,0.5125,0.6626666666666666,0.6307692307692306,13,True
4001,3456,2304,335,-30,4032,2,40,13,400,223,207,4032,2016,0.52,0.54,0.472,0.499,0.509,0.503874031492127,1,2220,2139,0.6851851851851852,0.6529304029304029,0.5575,0.5175,0.6937777777777778,0.6369230769230769,13,True
4001,2653,1305,361,-30,4032,2,40,13,400,214,194,4032,2016,0.568,0.512,0.508,0.505,0.505,0.503874031492127,1,2240,2094,0.691358024691358,0.6391941391941391,0.535,0.485,0.6657777777777779,0.5969230769230769,13,True
4001,1434,2868,398,-30,4032,2,40,13,400,227,227,4032,2017,0.528,0.52,0.524,0.496,0.5005,0.504123969007748,3,2242,2259,0.6919753086419753,0.6895604395604396,0.5675,0.5675,0.7062222222222222,0.6984615384615385,13,True
4001,1354,3570,477,-30,4032,2,40,13,400,222,227,4032,2016,0.448,0.456,0.488,0.488,0.495,0.503874031492127,1,2209,2217,0.6817901234567901,0.6767399267399268,0.555,0.5675,0.6906666666666668,0.6984615384615385,13,True
4001,1895,2597,549,-30,4032,2,40,13,400,215,196,4032,2016,0.584,0.588,0.528,0.507,0.5135,0.503874031492127,1,2226,1970,0.687037037037037,0.6013431013431013,0.5375,0.49,0.6688888888888889,0.6030769230769231,13,True
4001,1333,2666,564,-30,4032,2,40,13,400,210,200,4032,2016,0.512,0.472,0.482,0.507,0.5075,0.503874031492127,1,2253,2042,0.6953703703703704,0.6233211233211233,0.525,0.5,0.6533333333333334,0.6153846153846154,13,True
4001,3601,1067,572,-30,4032,2,40,13,400,234,227,4032,2017,0.504,0.548,0.554,0.513,0.5175,0.504123969007748,3,2228,2067,0.6876543209876543,0.6309523809523809,0.585,0.5675,0.728,0.6984615384615385,13,True
4001,3930,3859,606,-30,4032,2,40,13,400,205,221,4032,2016,0.464,0.476,0.492,0.499,0.4925,0.503874031492127,1,2247,2160,0.6935185185185185,0.6593406593406593,0.5125,0.5525,0.6377777777777777,0.6799999999999999,13,True
4001,856,3238,660,-30,4032,2,40,13,400,209,177,4032,2016,0.472,0.468,0.48,0.496,0.509,0.503874031492127,1,2227,1777,0.6873456790123457,0.5424297924297924,0.5225,0.4425,0.6502222222222221,0.5446153846153846,13,True
4001,1485,990,692,-30,4032,2,40,13,400,217,193,4032,2016,0.48,0.484,0.49,0.514,0.4985,0.503874031492127,1,2230,1972,0.6882716049382716,0.6019536019536019,0.5425,0.4825,0.6751111111111111,0.5938461538461538,13,True
4001,1946,3892,733,-30,4032,2,40,13,400,221,194,4032,2016,0.464,0.452,0.496,0.514,0.4995,0.503874031492127,1,2218,2032,0.6845679012345679,0.6202686202686203,0.5525,0.485,0.6875555555555555,0.5969230769230769,13,True
4001,2449,897,759,-30,4032,2,40,13,400,227,199,4032,2017,0.528,0.508,0.504,0.517,0.5025,0.504123969007748,3,2222,2001,0.6858024691358025,0.6108058608058609,0.5675,0.4975,0.7062222222222222,0.6123076923076923,13,True
4001,3605,3209,781,-30,4032,2,40,13,400,224,235,4032,2016,0.512,0.472,0.488,0.496,0.516,0.503874031492127,1,2287,2193,0.7058641975308642,0.6694139194139194,0.56,0.5875,0.6968888888888889,0.7230769230769232,13,True
4001,746,1831,829,-30,4032,2,40,13,400,234,217,4032,2017,0.64,0.58,0.542,0.52,0.514,0.504123969007748,3,2267,2186,0.6996913580246914,0.6672771672771672,0.585,0.5425,0.728,0.6676923076923077,13,True
4001,1583,3166,869,-30,4032,2,40,13,400,204,238,4032,2016,0.488,0.536,0.526,0.525,0.507,0.503874031492127,1,2255,2239,0.6959876543209876,0.6834554334554335,0.51,0.595,0.6346666666666667,0.7323076923076923,13,True
4001,763,1526,889,-30,4032,2,40,13,400,229,233,4032,2017,0.56,0.528,0.524,0.507,0.511,0.504123969007748,3,2244,2248,0.6925925925925925,0.6862026862026862,0.5725,0.5825,0.7124444444444445,0.7169230769230769,13,True
4001,1077,718,923,-30,4032,2,40,13,400,207,183,4032,2016,0.48,0.496,0.484,0.485,0.4985,0.503874031492127,1,2200,2044,0.6790123456790124,0.6239316239316239,0.5175,0.4575,0.644,0.5630769230769231,13,True
4001,3467,3645,924,-30,4032,2,40,13,400,211,234,4032,2017,0.504,0.484,0.478,0.502,0.4955,0.504123969007748,3,2203,2155,0.6799382716049382,0.6578144078144078,0.5275,0.585,0.6564444444444444,0.72,13,True
4001,1147,3432,972,-30,4032,2,40,13,400,215,194,4032,2016,0.456,0.496,0.49,0.499,0.5125,0.503874031492127,1,2219,2029,0.6848765432098766,0.6193528693528694,0.5375,0.485,0.6688888888888889,0.5969230769230769,13,True
4001,1565,3130,995,-30,4032,2,40,13,400,199,231,4032,2016,0.488,0.52,0.512,0.503,0.507,0.503874031492127,1,2208,2076,0.6814814814814815,0.6336996336996337,0.4975,0.5775,0.6191111111111112,0.7107692307692308,13,True
4001,3796,1197,1001,-30,4032,2,40,13,400,231,197,4032,2016,0.52,0.488,0.508,0.509,0.5015,0.503874031492127,1,2272,2034,0.7012345679012346,0.6208791208791209,0.5775,0.4925,0.7186666666666667,0.6061538461538462,13,True
4001,1567,3134,1016,-30,4032,2,40,13,400,234,214,4032,2017,0.368,0.46,0.48,0.492,0.4875,0.504123969007748,3,2215,2210,0.683641975308642,0.6746031746031746,0.585,0.535,0.728,0.6584615384615385,13,True
4001,1531,3688,1083,-30,4032,2,40,13,400,219,230,4032,2017,0.48,0.444,0.472,0.477,0.4855,0.504123969007748,3,2204,2074,0.6802469135802469,0.6330891330891331,0.5475,0.575,0.6813333333333333,0.7076923076923076,13,True
4001,2374,747,1117,-30,4032,2,40,13,400,211,251,4032,2017,0.568,0.556,0.536,0.521,0.504,0.504123969007748,3,2239,2217,0.6910493827160494,0.6767399267399268,0.5275,0.6275,0.6564444444444444,0.7723076923076923,13,True
4001,1578,3156,1153,-30,4032,2,40,13,400,227,223,4032,2016,0.504,0.508,0.492,0.497,0.504,0.503874031492127,1,2270,2080,0.7006172839506173,0.6349206349206349,0.5675,0.5575,0.7062222222222222,0.6861538461538462,13,True
4001,2460,919,1188,-30,4032,2,40,13,400,216,210,4032,2016,0.504,0.492,0.49,0.504,0.503,0.503874031492127,1,2202,2078,0.6796296296296296,0.6343101343101343,0.54,0.525,0.672,0.6461538461538462,13,True
4001,3656,3771,1322,-30,4032,2,40,13,400,221,205,4032,2017,0.448,0.476,0.492,0.493,0.502,0.504123969007748,3,2238,2174,0.6907407407407408,0.6636141636141636,0.5525,0.5125,0.6875555555555555,0.6307692307692306,13,True
4001,140,1427,1356,-30,4032,2,40,13,400,237,199,4032,2016,0.472,0.448,0.458,0.476,0.499,0.503874031492127,1,2295,2119,0.7083333333333334,0.6468253968253969,0.5925,0.4975,0.7373333333333334,0.6123076923076923,13,True
4001,3062,2123,1358,-30,4032,2,40,13,400,201,210,4032,2016,0.504,0.5,0.5,0.505,0.509,0.503874031492127,1,2158,2007,0.6660493827160494,0.6126373626373627,0.5025,0.525,0.6253333333333332,0.6461538461538462,13,True
4001,2324,647,1378,-30,4032,2,40,13,400,228,213,4032,2017,0.48,0.528,0.518,0.509,0.5155,0.504123969007748,3,2196,2133,0.6777777777777778,0.6510989010989011,0.57,0.5325,0.7093333333333333,0.6553846153846153,13,True
4001,761,1841,1407,-30,4032,2,40,13,400,226,206,4032,2016,0.496,0.524,0.528,0.51,0.5165,0.503874031492127,1,2253,1996,0.6953703703703704,0.6092796092796092,0.565,0.515,0.7031111111111111,0.6338461538461538,13,True
4001,1046,2031,1437,-30,4032,2,40,13,400,224,217,4032,2016,0.448,0.472,0.52,0.51,0.521,0.503874031492127,1,2272,2111,0.7012345679012346,0.6443833943833944,0.56,0.5425,0.6968888888888889,0.6676923076923077,13,True
4001,1841,3682,1446,-30,4032,2,40,13,400,229,220,4032,2016,0.552,0.508,0.494,0.494,0.494,0.503874031492127,1,2209,2142,0.6817901234567901,0.6538461538461539,0.5725,0.55,0.7124444444444445,0.6769230769230771,13,True
4001,2405,2937,1460,-30,4032,2,40,13,400,234,247,4032,2016,0.512,0.48,0.466,0.466,0.493,0.503874031492127,1,2196,2328,0.6777777777777778,0.7106227106227107,0.585,0.6175,0.728,0.7600000000000001,13,True
4001,1948,3966,1469,-30,4032,2,40,13,400,238,213,4032,2016,0.496,0.488,0.49,0.499,0.51,0.503874031492127,1,2294,2063,0.7080246913580247,0.6297313797313797,0.595,0.5325,0.7404444444444445,0.6553846153846153,13,True
4001,742,3162,1474,-30,4032,2,40,13,400,235,192,4032,2017,0.504,0.48,0.516,0.51,0.505,0.504123969007748,3,2233,2216,0.6891975308641975,0.6764346764346765,0.5875,0.48,0.7311111111111112,0.5907692307692307,13,True
4001,3697,3393,1492,-30,4032,2,40,13,400,198,188,4032,2017,0.568,0.532,0.516,0.516,0.51,0.504123969007748,3,2159,1991,0.6663580246913581,0.6077533577533577,0.495,0.47,0.616,0.5784615384615385,13,True
4001,3861,2574,1503,-30,4032,2,40,13,400,232,249,4032,2017,0.528,0.488,0.482,0.481,0.497,0.504123969007748,3,2241,2253,0.6916666666666667,0.6877289377289377,0.58,0.6225,0.7217777777777777,0.7661538461538462,13,True
4001,352,704,1531,-30,4032,2,40,13,400,213,214,4032,2017,0.456,0.496,0.5,0.515,0.514,0.504123969007748,3,2200,2083,0.6790123456790124,0.6358363858363858,0.5325,0.535,0.6626666666666666,0.6584615384615385,13,True
4001,3997,3993,1613,-30,4032,2,40,13,400,229,217,4032,2016,0.496,0.52,0.508,0.503,0.5125,0.503874031492127,1,2305,2123,0.7114197530864198,0.6480463980463981,0.5725,0.5425,0.7124444444444445,0.6676923076923077,13,True
4001,2891,1781,1627,-30,4032,2,40,13,400,248,221,4032,2016,0.552,0.58,0.544,0.521,0.516,0.503874031492127,1,2284,2290,0.7049382716049383,0.699023199023199,0.62,0.5525,0.7715555555555556,0.6799999999999999,13,True
4001,1250,2500,1657,-30,4032,2,40,13,400,222,223,4032,2017,0.568,0.552,0.524,0.507,0.5075,0.504123969007748,3,2224,2298,0.6864197530864198,0.7014652014652014,0.555,0.5575,0.6906666666666668,0.6861538461538462,13,True
4001,831,554,1693,-30,4032,2,40,13,400,211,209,4032,2017,0.496,0.504,0.474,0.506,0.502,0.504123969007748,3,2164,2102,0.6679012345679012,0.6416361416361417,0.5275,0.5225,0.6564444444444444,0.643076923076923,13,True
4001,2043,1362,1702,-30,4032,2,40,13,400,224,234,4032,2017,0.496,0.532,0.528,0.532,0.5125,0.504123969007748,3,2245,2167,0.6929012345679012,0.6614774114774115,0.56,0.585,0.6968888888888889,0.72,13,True
4001,2765,3177,1703,-30,4032,2,40,13,400,225,206,4032,2017,0.584,0.552,0.52,0.518,0.504,0.504123969007748,3,2182,2108,0.6734567901234568,0.6434676434676435,0.5625,0.515,0.7,0.6338461538461538,13,True
4001,199,398,1734,-30,4032,2,40,13,400,225,218,4032,2016,0.384,0.436,0.488,0.496,0.4895,0.503874031492127,1,2300,2172,0.7098765432098766,0.663003663003663,0.5625,0.545,0.7,0.6707692307692308,13,True
4001,3164,3443,1763,-30,4032,2,40,13,400,220,214,4032,2017,0.552,0.544,0.54,0.525,0.505,0.504123969007748,3,2237,2174,0.6904320987654321,0.6636141636141636,0.55,0.535,0.6844444444444445,0.6584615384615385,13,True
4001,3651,2434,1766,-30,4032,2,40,13,400,226,175,4032,2017,0.52,0.5,0.494,0.498,0.507,0.504123969007748,3,2214,1844,0.6833333333333333,0.5628815628815629,0.565,0.4375,0.7031111111111111,0.5384615384615384,13,True
4001,3951,3901,1843,-30,4032,2,40,13,400,231,198,4032,2016,0.576,0.52,0.512,0.509,0.504,0.503874031492127,1,2182,2020,0.6734567901234568,0.6166056166056166,0.5775,0.495,0.7186666666666667,0.6092307692307692,13,True
4001,3282,2188,1847,-30,4032,2,40,13,400,220,218,4032,2016,0.496,0.524,0.532,0.517,0.501,0.503874031492127,1,2226,2227,0.687037037037037,0.6797924297924298,0.55,0.545,0.6844444444444445,0.6707692307692308,13,True
4001,113,226,1852,-30,4032,2,40,13,400,213,124,4032,2017,0.464,0.464,0.468,0.484,0.491,0.504123969007748,3,2198,2001,0.678395061728395,0.6108058608058609,0.5325,0.31,0.6626666666666666,0.38153846153846155,13,True
4001,2065,129,1874,-30,4032,2,40,13,400,224,193,4032,2016,0.504,0.5,0.522,0.511,0.514,0.503874031492127,1,2207,1962,0.6811728395061728,0.5989010989010989,0.56,0.4825,0.6968888888888889,0.5938461538461538,13,True
4001,1584,1056,1876,-30,4032,2,40,13,400,236,194,4032,2016,0.496,0.548,0.502,0.508,0.515,0.503874031492127,1,2212,2206,0.682716049382716,0.6733821733821734,0.59,0.485,0.7342222222222221,0.5969230769230769,13,True
4001,3966,2644,1890,-30,4032,2,40,13,400,223,197,4032,2017,0.504,0.484,0.508,0.511,0.5125,0.504123969007748,3,2231,1980,0.6885802469135802,0.6043956043956044,0.5575,0.4925,0.6937777777777778,0.6061538461538462,13,True
4001,3328,885,1891,-30,4032,2,40,13,400,236,200,4032,2016,0.568,0.54,0.522,0.514,0.502,0.503874031492127,1,2236,2130,0.6901234567901234,0.6501831501831502,0.59,0.5,0.7342222222222221,0.6153846153846154,13,True
4001,1206,2412,1953,-30,4032,2,40,13,400,224,225,4032,2017,0.44,0.488,0.49,0.51,0.518,0.504123969007748,3,2255,2131,0.6959876543209876,0.6504884004884005,0.56,0.5625,0.6968888888888889,0.6923076923076923,13,True
4001,690,1380,1981,-30,4032,2,40,13,400,278,170,4032,2017,0.536,0.496,0.494,0.501,0.511,0.504123969007748,3,2275,2024,0.7021604938271605,0.6178266178266179,0.695,0.425,0.8648888888888888,0.523076923076923,13,True
4001,977,1985,1984,-30,4032,2,40,13,400,236,198,4032,2017,0.528,0.524,0.512,0.525,0.5145,0.504123969007748,3,2279,2085,0.703395061728395,0.6364468864468864,0.59,0.495,0.7342222222222221,0.6092307692307692,13,True
4001,3698,3395,2071,-30,4032,2,40,13,400,210,194,4032,2017,0.456,0.492,0.518,0.506,0.506,0.504123969007748,3,2253,2128,0.6953703703703704,0.6495726495726496,0.525,0.485,0.6533333333333334,0.5969230769230769,13,True
4001,1478,2319,2073,-30,4032,2,40,13,400,202,226,4032,2017,0.496,0.476,0.494,0.504,0.504,0.504123969007748,3,2225,2151,0.6867283950617284,0.6565934065934066,0.505,0.565,0.6284444444444445,0.6953846153846154,13,True
4001,346,2898,2080,-30,4032,2,40,13,400,201,210,4032,2016,0.528,0.516,0.5,0.5,0.499,0.503874031492127,1,2147,2143,0.6626543209876543,0.6541514041514042,0.5025,0.525,0.6253333333333332,0.6461538461538462,13,True
4001,1225,2450,2087,-30,4032,2,40,13,400,227,227,4032,2016,0.488,0.512,0.506,0.51,0.513,0.503874031492127,1,2242,2253,0.6919753086419753,0.6877289377289377,0.5675,0.5675,0.7062222222222222,0.6984615384615385,13,True
4001,1984,3990,2112,-30,4032,2,40,13,400,210,233,4032,2016,0.472,0.464,0.51,0.507,0.503,0.503874031492127,1,2259,2156,0.6972222222222222,0.6581196581196581,0.525,0.5825,0.6533333333333334,0.7169230769230769,13,True
4001,969,1938,2115,-30,4032,2,40,13,400,246,190,4032,2016,0.52,0.512,0.51,0.511,0.502,0.503874031492127,1,2326,2041,0.7179012345679012,0.623015873015873,0.615,0.475,0.7653333333333333,0.5846153846153845,13,True
4001,2323,645,2144,-30,4032,2,40,13,400,231,227,4032,2017,0.56,0.496,0.516,0.512,0.503,0.504123969007748,3,2274,2186,0.7018518518518518,0.6672771672771672,0.5775,0.5675,0.7186666666666667,0.6984615384615385,13,True
4001,3928,1285,2145,-30,4032,2,40,13,400,209,205,4032,2017,0.432,0.464,0.492,0.492,0.497,0.504123969007748,3,2205,2056,0.6805555555555556,0.6275946275946276,0.5225,0.5125,0.6502222222222221,0.6307692307692306,13,True
4001,1168,3446,2219,-30,4032,2,40,13,400,205,232,4032,2016,0.504,0.488,0.478,0.486,0.4965,0.503874031492127,1,2238,2250,0.6907407407407408,0.6868131868131868,0.5125,0.58,0.6377777777777777,0.7138461538461538,13,True
4001,3969,3937,2257,-30,4032,2,40,13,400,220,215,4032,2017,0.536,0.548,0.554,0.514,0.5055,0.504123969007748,3,2270,2168,0.7006172839506173,0.6617826617826618,0.55,0.5375,0.6844444444444445,0.6615384615384615,13,True
4001,1616,3232,2267,-30,4032,2,40,13,400,216,209,4032,2016,0.448,0.508,0.5,0.491,0.4915,0.503874031492127,1,2288,2010,0.7061728395061728,0.6135531135531136,0.54,0.5225,0.672,0.643076923076923,13,True
4001,153,306,2269,-30,4032,2,40,13,400,238,291,4032,2017,0.472,0.48,0.492,0.503,0.4995,0.504123969007748,3,2233,2173,0.6891975308641975,0.6633089133089133,0.595,0.7275,0.7404444444444445,0.8953846153846154,13,True
4001,1067,2045,2299,-30,4032,2,40,13,400,222,225,4032,2017,0.536,0.524,0.498,0.513,0.5095,0.504123969007748,3,2265,2289,0.6990740740740741,0.6987179487179487,0.555,0.5625,0.6906666666666668,0.6923076923076923,13,True
4001,1,2,2348,-30,4032,2,40,13,400,212,187,4032,2017,0.408,0.46,0.504,0.494,0.5015,0.504123969007748,3,2211,2014,0.6824074074074075,0.6147741147741148,0.53,0.4675,0.6595555555555556,0.5753846153846154,13,True
4001,1326,2652,2350,-30,4032,2,40,13,400,211,226,4032,2016,0.432,0.472,0.46,0.498,0.4845,0.503874031492127,1,2226,2194,0.687037037037037,0.6697191697191697,0.5275,0.565,0.6564444444444444,0.6953846153846154,13,True
4001,3582,2388,2356,-30,4032,2,40,13,400,198,207,4032,2017,0.496,0.5,0.496,0.507,0.514,0.504123969007748,3,2186,2092,0.6746913580246914,0.6385836385836385,0.495,0.5175,0.616,0.6369230769230769,13,True
4001,173,1449,2426,-30,4032,2,40,13,400,219,236,4032,2016,0.528,0.54,0.526,0.513,0.5,0.503874031492127,1,2259,2219,0.6972222222222222,0.6773504273504274,0.5475,0.59,0.6813333333333333,0.726153846153846,13,True
4001,1704,3408,2443,-30,4032,2,40,13,400,226,201,4032,2016,0.52,0.488,0.496,0.499,0.502,0.503874031492127,1,2288,2104,0.7061728395061728,0.6422466422466423,0.565,0.5025,0.7031111111111111,0.6184615384615384,13,True
4001,2109,1406,2453,-30,4032,2,40,13,400,242,213,4032,2017,0.496,0.488,0.496,0.509,0.505,0.504123969007748,3,2258,2063,0.6969135802469136,0.6297313797313797,0.605,0.5325,0.7528888888888889,0.6553846153846153,13,True
4001,2122,243,2505,-30,4032,2,40,13,400,227,222,4032,2017,0.448,0.456,0.486,0.496,0.509,0.504123969007748,3,2267,2201,0.6996913580246914,0.6718559218559218,0.5675,0.555,0.7062222222222222,0.6830769230769231,13,True
4001,483,966,2625,-30,4032,2,40,13,400,223,221,4032,2017,0.592,0.588,0.544,0.517,0.511,0.504123969007748,3,2268,2228,0.7,0.6800976800976801,0.5575,0.5525,0.6937777777777778,0.6799999999999999,13,True
4001,3715,1143,2637,-30,4032,2,40,13,400,220,208,4032,2016,0.504,0.528,0.512,0.523,0.515,0.503874031492127,1,2264,2092,0.6987654320987654,0.6385836385836385,0.55,0.52,0.6844444444444445,0.64,13,True
4001,1783,3566,2666,-30,4032,2,40,13,400,222,224,4032,2016,0.512,0.484,0.472,0.488,0.4945,0.503874031492127,1,2250,2146,0.6944444444444444,0.6550671550671551,0.555,0.56,0.6906666666666668,0.6892307692307692,13,True
4001,610,3074,2679,-30,4032,2,40,13,400,233,249,4032,2017,0.4,0.396,0.466,0.48,0.4895,0.504123969007748,3,2251,2277,0.6947530864197531,0.695054945054945,0.5825,0.6225,0.7248888888888888,0.7661538461538462,13,True
4001,2941,627,2683,-30,4032,2,40,13,400,210,235,4032,2016,0.496,0.524,0.51,0.524,0.5155,0.503874031492127,1,2257,2188,0.696604938271605,0.6678876678876678,0.525,0.5875,0.6533333333333334,0.7230769230769232,13,True
4001,3876,3751,2694,-30,4032,2,40,13,400,231,262,4032,2017,0.488,0.464,0.464,0.482,0.5035,0.504123969007748,3,2209,1824,0.6817901234567901,0.5567765567765568,0.5775,0.655,0.7186666666666667,0.8061538461538461,13,True
4001,1154,2308,2715,-30,4032,2,40,13,400,220,205,4032,2016,0.528,0.528,0.512,0.507,0.499,0.503874031492127,1,2212,2198,0.682716049382716,0.6709401709401709,0.55,0.5125,0.6844444444444445,0.6307692307692306,13,True
4001,3882,3763,2757,-30,4032,2,40,13,400,220,209,4032,2016,0.512,0.532,0.538,0.52,0.507,0.503874031492127,1,2263,2024,0.6984567901234567,0.6178266178266179,0.55,0.5225,0.6844444444444445,0.643076923076923,13,True
4001,3158,3439,2763,-30,4032,2,40,13,400,234,208,4032,2016,0.464,0.464,0.494,0.498,0.4885,0.503874031492127,1,2199,2102,0.6787037037037037,0.6416361416361417,0.585,0.52,0.728,0.64,13,True
4001,3613,1075,2895,-30,4032,2,40,13,400,225,198,4032,2016,0.536,0.492,0.52,0.51,0.504,0.503874031492127,1,2286,2033,0.7055555555555556,0.6205738705738706,0.5625,0.495,0.7,0.6092307692307692,13,True
4001,2896,1791,2907,-30,4032,2,40,13,400,225,222,4032,2016,0.472,0.488,0.536,0.51,0.5025,0.503874031492127,1,2264,2309,0.6987654320987654,0.7048229548229549,0.5625,0.555,0.7,0.6830769230769231,13,True
4001,3571,3141,2916,-30,4032,2,40,13,400,211,165,4032,2017,0.552,0.516,0.504,0.518,0.5225,0.504123969007748,3,2204,2047,0.6802469135802469,0.6248473748473748,0.5275,0.4125,0.6564444444444444,0.5076923076923077,13,True
4001,351,234,2934,-30,4032,2,40,13,400,234,197,4032,2016,0.456,0.456,0.482,0.493,0.4965,0.503874031492127,1,2224,1977,0.6864197530864198,0.6034798534798534,0.585,0.4925,0.728,0.6061538461538462,13,True
4001,1645,3290,3021,-30,4032,2,40,13,400,213,231,4032,2016,0.512,0.5,0.512,0.522,0.518,0.503874031492127,1,2266,2212,0.6993827160493827,0.6752136752136753,0.5325,0.5775,0.6626666666666666,0.7107692307692308,13,True
4001,2561,3041,3043,-30,4032,2,40,13,400,212,218,4032,2016,0.52,0.508,0.498,0.493,0.4995,0.503874031492127,1,2212,2056,0.682716049382716,0.6275946275946276,0.53,0.545,0.6595555555555556,0.6707692307692308,13,True
4001,1332,2664,3045,-30,4032,2,40,13,400,218,167,4032,2016,0.488,0.528,0.508,0.506,0.5115,0.503874031492127,1,2205,1858,0.6805555555555556,0.5671550671550671,0.545,0.4175,0.6782222222222223,0.5138461538461538,13,True
4001,1340,2680,3049,-30,4032,2,40,13,400,223,191,4032,2016,0.544,0.508,0.508,0.516,0.511,0.503874031492127,1,2187,2098,0.675,0.6404151404151404,0.5575,0.4775,0.6937777777777778,0.5876923076923077,13,True
4001,184,2790,3091,-30,4032,2,40,13,400,238,207,4032,2017,0.488,0.48,0.498,0.49,0.4955,0.504123969007748,3,2308,2106,0.7123456790123457,0.6428571428571429,0.595,0.5175,0.7404444444444445,0.6369230769230769,13,True
4001,2812,1623,3111,-30,4032,2,40,13,400,245,219,4032,2017,0.528,0.536,0.508,0.507,0.5095,0.504123969007748,3,2239,2224,0.6910493827160494,0.6788766788766789,0.6125,0.5475,0.7622222222222224,0.6738461538461539,13,True
4001,1988,2659,3116,-30,4032,2,40,13,400,225,262,4032,2017,0.536,0.468,0.486,0.493,0.507,0.504123969007748,3,2246,2114,0.6932098765432099,0.6452991452991453,0.5625,0.655,0.7,0.8061538461538461,13,True
4001,3071,3381,3132,-30,4032,2,40,13,400,225,223,4032,2016,0.568,0.548,0.524,0.508,0.5,0.503874031492127,1,2252,2210,0.6950617283950618,0.6746031746031746,0.5625,0.5575,0.7,0.6861538461538462,13,True
4001,2693,3129,3222,-30,4032,2,40,13,400,236,226,4032,2017,0.4,0.448,0.474,0.509,0.5075,0.504123969007748,3,2188,2199,0.6753086419753086,0.6712454212454212,0.59,0.565,0.7342222222222221,0.6953846153846154,13,True
4001,1725,3450,3236,-30,4032,2,40,13,400,223,187,4032,2017,0.512,0.504,0.482,0.499,0.5095,0.504123969007748,3,2191,2103,0.6762345679012346,0.641941391941392,0.5575,0.4675,0.6937777777777778,0.5753846153846154,13,True
4001,744,1488,3271,-30,4032,2,40,13,400,222,233,4032,2016,0.488,0.464,0.482,0.5,0.4955,0.503874031492127,1,2160,2314,0.6666666666666666,0.7063492063492064,0.555,0.5825,0.6906666666666668,0.7169230769230769,13,True
4001,1495,3664,3279,-30,4032,2,40,13,400,233,211,4032,2017,0.568,0.572,0.536,0.533,0.5065,0.504123969007748,3,2241,2214,0.6916666666666667,0.6758241758241759,0.5825,0.5275,0.7248888888888888,0.6492307692307692,13,True
4001,3262,2523,3322,-30,4032,2,40,13,400,228,211,4032,2017,0.512,0.5,0.51,0.499,0.4985,0.504123969007748,3,2256,1961,0.6962962962962963,0.5985958485958486,0.57,0.5275,0.7093333333333333,0.6492307692307692,13,True
4001,2157,1438,3326,-30,4032,2,40,13,400,215,223,4032,2016,0.584,0.556,0.534,0.534,0.5105,0.503874031492127,1,2175,2102,0.6712962962962963,0.6416361416361417,0.5375,0.5575,0.6688888888888889,0.6861538461538462,13,True
4001,782,1564,3337,-30,4032,2,40,13,400,225,233,4032,2016,0.472,0.5,0.518,0.515,0.4955,0.503874031492127,1,2191,2272,0.6762345679012346,0.6935286935286935,0.5625,0.5825,0.7,0.7169230769230769,13,True
4001,2577,1718,3345,-30,4032,2,40,13,400,236,211,4032,2017,0.488,0.432,0.478,0.489,0.497,0.504123969007748,3,2280,1984,0.7037037037037037,0.6056166056166056,0.59,0.5275,0.7342222222222221,0.6492307692307692,13,True
4001,925,3284,3378,-30,4032,2,40,13,400,228,217,4032,2017,0.544,0.52,0.518,0.512,0.5095,0.504123969007748,3,2186,2112,0.6746913580246914,0.6446886446886447,0.57,0.5425,0.7093333333333333,0.6676923076923077,13,True
4001,81,54,3381,-30,4032,2,40,13,400,232,228,4032,2016,0.44,0.468,0.49,0.5,0.494,0.503874031492127,1,2216,2164,0.6839506172839506,0.6605616605616605,0.58,0.57,0.7217777777777777,0.7015384615384614,13,True
4001,1924,3848,3398,-30,4032,2,40,13,400,231,209,4032,2016,0.504,0.512,0.484,0.503,0.498,0.503874031492127,1,2254,2122,0.695679012345679,0.6477411477411478,0.5775,0.5225,0.7186666666666667,0.643076923076923,13,True
4001,1133,2089,3414,-30,4032,2,40,13,400,223,210,4032,2017,0.472,0.496,0.508,0.505,0.5045,0.504123969007748,3,2209,2092,0.6817901234567901,0.6385836385836385,0.5575,0.525,0.6937777777777778,0.6461538461538462,13,True
4001,1813,3626,3477,-30,4032,2,40,13,400,231,209,4032,2016,0.432,0.492,0.49,0.489,0.499,0.503874031492127,1,2248,2033,0.6938271604938272,0.6205738705738706,0.5775,0.5225,0.7186666666666667,0.643076923076923,13,True
4001,3628,3255,3528,-30,4032,2,40,13,400,219,220,4032,2017,0.512,0.48,0.506,0.51,0.496,0.504123969007748,3,2235,2175,0.6898148148148148,0.6639194139194139,0.5475,0.55,0.6813333333333333,0.6769230769230771,13,True
4001,1745,2497,3547,-30,4032,2,40,13,400,216,204,4032,2016,0.536,0.512,0.526,0.496,0.501,0.503874031492127,1,2237,2024,0.6904320987654321,0.6178266178266179,0.54,0.51,0.672,0.6276923076923078,13,True
4001,932,1955,3601,-30,4032,2,40,13,400,203,232,4032,2017,0.496,0.472,0.492,0.499,0.504,0.504123969007748,3,2232,2176,0.6888888888888889,0.6642246642246642,0.5075,0.58,0.6315555555555555,0.7138461538461538,13,True
4001,3080,2159,3633,-30,4032,2,40,13,400,240,202,4032,2016,0.52,0.508,0.526,0.539,0.5065,0.503874031492127,1,2264,2032,0.6987654320987654,0.6202686202686203,0.6,0.505,0.7466666666666666,0.6215384615384616,13,True
4001,3446,2891,3635,-30,4032,2,40,13,400,218,159,4032,2017,0.552,0.52,0.52,0.527,0.513,0.504123969007748,3,2237,1737,0.6904320987654321,0.5302197802197802,0.545,0.3975,0.6782222222222223,0.48923076923076925,13,True
4001,519,1038,3709,-30,4032,2,40,13,400,221,193,4032,2016,0.504,0.48,0.494,0.484,0.494,0.503874031492127,1,2266,2128,0.6993827160493827,0.6495726495726496,0.5525,0.4825,0.6875555555555555,0.5938461538461538,13,True
4001,1677,3354,3842,-30,4032,2,40,13,400,224,190,4032,2016,0.512,0.48,0.488,0.493,0.4945,0.503874031492127,1,2229,1939,0.687962962962963,0.5918803418803419,0.56,0.475,0.6968888888888889,0.5846153846153845,13,True
4001,3681,2454,3890,-30,4032,2,40,13,400,215,206,4032,2016,0.496,0.496,0.492,0.504,0.51,0.503874031492127,1,2258,2023,0.6969135802469136,0.6175213675213675,0.5375,0.515,0.6688888888888889,0.6338461538461538,13,True
4001,3469,2937,3912,-30,4032,2,40,13,400,231,193,4032,2016,0.44,0.46,0.494,0.485,0.503,0.503874031492127,1,2258,2092,0.6969135802469136,0.6385836385836385,0.5775,0.4825,0.7186666666666667,0.5938461538461538,13,True
4001,2714,1427,3937,-30,4032,2,40,13,400,242,221,4032,2017,0.544,0.492,0.524,0.514,0.5005,0.504123969007748,3,2333,2121,0.7200617283950618,0.6474358974358975,0.605,0.5525,0.7528888888888889,0.6799999999999999,13,True
4001,981,1962,3968,-30,4032,2,40,13,400,208,240,4032,2017,0.544,0.52,0.49,0.494,0.5105,0.504123969007748,3,2209,2099,0.6817901234567901,0.6407203907203908,0.52,0.6,0.6471111111111111,0.7384615384615384,13,True
4001,1277,2554,3975,-30,4032,2,40,13,400,232,184,4032,2016,0.448,0.52,0.516,0.505,0.508,0.503874031492127,1,2333,1950,0.7200617283950618,0.5952380952380952,0.58,0.46,0.7217777777777777,0.5661538461538461,13,True
4001,3640,3279,3976,-30,4032,2,40,13,400,220,183,4032,2016,0.544,0.528,0.508,0.509,0.497,0.503874031492127,1,2189,1958,0.6756172839506173,0.5976800976800977,0.55,0.4575,0.6844444444444445,0.5630769230769231,13,True
4001,2897,1793,3978,-30,4032,2,40,13,400,209,239,4032,2017,0.504,0.432,0.454,0.475,0.5,0.504123969007748,3,2258,2165,0.6969135802469136,0.6608669108669109,0.5225,0.5975,0.6502222222222221,0.7353846153846155,13,True
4001,3547,3093,3983,-30,4032,2,40,13,400,205,200,4032,2017,0.52,0.548,0.546,0.52,0.504,0.504123969007748,3,2240,2296,0.691358024691358,0.7008547008547008,0.5125,0.5,0.6377777777777777,0.6153846153846154,13,True
4001,1605,1070,3994,-30,4032,2,40,13,400,224,193,4032,2017,0.512,0.516,0.518,0.503,0.503,0.504123969007748,3,2209,2127,0.6817901234567901,0.6492673992673993,0.56,0.4825,0.6968888888888889,0.5938461538461538,13,True
4001,2149,99,30,18,3984,2,40,13,400,233,229,3984,1993,0.416,0.46,0.492,0.499,0.5,0.4981254686328418,3,2253,2006,0.6953703703703704,0.6123321123321124,0.5825,0.5725,0.7162592592592594,0.6962271062271063,13,True
4001,1484,2323,59,18,3984,2,40,13,400,247,229,3984,1993,0.52,0.528,0.53,0.525,0.507,0.4981254686328418,3,2269,2152,0.7003086419753086,0.6568986568986569,0.6175,0.5725,0.7592962962962964,0.6962271062271063,13,True
4001,1980,3960,90,18,3984,2,40,13,400,223,208,3984,1993,0.528,0.5,0.496,0.479,0.4945,0.4981254686328418,3,2263,2141,0.6984567901234567,0.6535409035409036,0.5575,0.52,0.6855185185185185,0.6323809523809525,13,True
4001,2830,1659,146,18,3984,2,40,13,400,206,221,3984,1992,0.464,0.508,0.478,0.479,0.4875,0.4978755311172207,1,2270,2196,0.7006172839506173,0.6703296703296703,0.515,0.5525,0.6332592592592593,0.6719047619047619,13,True
4001,540,360,149,18,3984,2,40,13,400,233,222,3984,1993,0.448,0.476,0.5,0.489,0.5005,0.4981254686328418,3,2185,2220,0.6743827160493827,0.6776556776556777,0.5825,0.555,0.7162592592592594,0.6749450549450551,13,True
4001,2010,1340,193,18,3984,2,40,13,399,238,221,3984,1993,0.488,0.46,0.478,0.499,0.492,0.4981254686328418,3,2221,2225,0.6854938271604938,0.6791819291819292,0.5964912280701754,0.5538847117794486,0.7334632878492527,0.6735887337391098,13,True
4001,2981,3321,246,18,3984,2,40,13,400,209,195,3984,1992,0.456,0.464,0.476,0.5,0.503,0.4978755311172207,1,2177,2054,0.6719135802469136,0.626984126984127,0.5225,0.4875,0.6424814814814814,0.5928571428571429,13,True
4001,142,2762,285,18,3984,2,40,13,400,228,203,3984,1993,0.464,0.48,0.524,0.523,0.508,0.4981254686328418,3,2213,1996,0.6830246913580247,0.6092796092796092,0.57,0.5075,0.7008888888888888,0.6171794871794871,13,True
4001,1550,2367,318,18,3984,2,40,13,400,214,206,3984,1992,0.52,0.512,0.476,0.47,0.4855,0.4978755311172207,1,2329,2067,0.7188271604938271,0.6309523809523809,0.535,0.515,0.6578518518518519,0.6263003663003663,13,True
4001,2312,623,355,18,3984,2,40,13,400,249,212,3984,1992,0.496,0.468,0.494,0.485,0.489,0.4978755311172207,1,2272,2026,0.7012345679012346,0.6184371184371185,0.6225,0.53,0.7654444444444446,0.6445421245421246,13,True
4001,577,3052,367,18,3984,2,40,13,400,237,234,3984,1993,0.528,0.528,0.508,0.49,0.5015,0.4981254686328418,3,2233,2126,0.6891975308641975,0.648962148962149,0.5925,0.585,0.7285555555555555,0.7114285714285714,13,True
4001,745,1490,403,18,3984,2,40,13,400,220,215,3984,1992,0.488,0.504,0.506,0.494,0.5,0.4978755311172207,1,2199,2212,0.6787037037037037,0.6752136752136753,0.55,0.5375,0.6762962962962964,0.6536630036630037,13,True
4001,2248,495,443,18,3984,2,40,13,400,214,213,3984,1993,0.504,0.492,0.474,0.477,0.4835,0.4981254686328418,3,2213,2186,0.6830246913580247,0.6672771672771672,0.535,0.5325,0.6578518518518519,0.6475824175824176,13,True
4001,697,3132,486,18,3984,2,40,13,399,196,233,3984,1993,0.472,0.468,0.468,0.48,0.4905,0.4981254686328418,3,2214,2207,0.6833333333333333,0.6736874236874237,0.49122807017543857,0.5839598997493735,0.6040285899935023,0.7101636876072966,13,True
4001,1534,3690,535,18,3984,2,40,13,400,235,229,3984,1992,0.528,0.528,0.512,0.509,0.5075,0.4978755311172207,1,2296,2188,0.7086419753086419,0.6678876678876678,0.5875,0.5725,0.7224074074074074,0.6962271062271063,13,True
4001,3584,3167,555,18,3984,2,40,13,400,222,219,3984,1992,0.464,0.532,0.502,0.515,0.5095,0.4978755311172207,1,2188,2099,0.6753086419753086,0.6407203907203908,0.555,0.5475,0.6824444444444445,0.6658241758241757,13,True
4001,251,502,783,18,3984,2,40,13,400,214,235,3984,1992,0.512,0.496,0.486,0.477,0.4925,0.4978755311172207,1,2192,2224,0.6765432098765433,0.6788766788766789,0.535,0.5875,0.6578518518518519,0.7144688644688645,13,True
4001,1940,2627,844,18,3984,2,40,13,400,234,190,3984,1992,0.408,0.444,0.496,0.485,0.4925,0.4978755311172207,1,2221,1868,0.6854938271604938,0.5702075702075702,0.585,0.475,0.7193333333333333,0.5776556776556776,13,True
4001,292,584,917,18,3984,2,40,13,400,235,195,3984,1992,0.528,0.536,0.526,0.516,0.5,0.4978755311172207,1,2263,2026,0.6984567901234567,0.6184371184371185,0.5875,0.4875,0.7224074074074074,0.5928571428571429,13,True
4001,2408,815,930,18,3984,2,40,13,400,230,225,3984,1992,0.52,0.536,0.512,0.51,0.494,0.4978755311172207,1,2244,2151,0.6925925925925925,0.6565934065934066,0.575,0.5625,0.7070370370370369,0.6840659340659341,13,True
4001,1298,2596,956,18,3984,2,40,13,400,221,235,3984,1992,0.432,0.5,0.488,0.503,0.5015,0.4978755311172207,1,2270,2140,0.7006172839506173,0.6532356532356532,0.5525,0.5875,0.6793703703703703,0.7144688644688645,13,True
4001,3876,2584,1049,18,3984,2,40,13,400,241,212,3984,1993,0.544,0.56,0.528,0.505,0.5065,0.4981254686328418,3,2284,2080,0.7049382716049383,0.6349206349206349,0.6025,0.53,0.7408518518518519,0.6445421245421246,13,True
4001,1393,2786,1064,18,3984,2,40,13,400,241,247,3984,1993,0.488,0.492,0.514,0.494,0.493,0.4981254686328418,3,2226,2041,0.687037037037037,0.623015873015873,0.6025,0.6175,0.7408518518518519,0.750952380952381,13,True
4001,1078,3386,1094,18,3984,2,40,13,400,233,225,3984,1992,0.48,0.464,0.48,0.475,0.4875,0.4978755311172207,1,2248,2222,0.6938271604938272,0.6782661782661783,0.5825,0.5625,0.7162592592592594,0.6840659340659341,13,True
4001,3290,3527,1125,18,3984,2,40,13,400,235,212,3984,1992,0.528,0.508,0.498,0.491,0.488,0.4978755311172207,1,2219,2106,0.6848765432098766,0.6428571428571429,0.5875,0.53,0.7224074074074074,0.6445421245421246,13,True
4001,1401,2802,1191,18,3984,2,40,13,399,225,191,3984,1993,0.488,0.508,0.498,0.507,0.502,0.4981254686328418,3,2214,2038,0.6833333333333333,0.6221001221001221,0.5639097744360902,0.47869674185463656,0.6934001670843777,0.5821513490686423,13,True
4001,3979,3957,1199,18,3984,2,40,13,400,227,193,3984,1993,0.488,0.456,0.496,0.466,0.495,0.4981254686328418,3,2236,2075,0.6901234567901234,0.6333943833943834,0.5675,0.4825,0.6978148148148149,0.5867765567765568,13,True
4001,3513,3025,1213,18,3984,2,40,13,400,217,220,3984,1992,0.448,0.488,0.514,0.503,0.508,0.4978755311172207,1,2238,2218,0.6907407407407408,0.6770451770451771,0.5425,0.55,0.6670740740740739,0.6688644688644689,13,True
4001,1231,3488,1218,18,3984,2,40,13,399,221,201,3984,1993,0.432,0.42,0.468,0.482,0.484,0.4981254686328418,3,2225,2080,0.6867283950617284,0.6349206349206349,0.5538847117794486,0.5037593984962406,0.6810730530028776,0.6126304772921315,13,True
4001,2370,1580,1220,18,3984,2,40,13,399,230,241,3984,1993,0.536,0.568,0.528,0.518,0.501,0.4981254686328418,3,2216,2181,0.6839506172839506,0.6657509157509157,0.5764411027568922,0.6040100250626567,0.7088090596862526,0.7345469901860879,13,True
4001,1554,1036,1239,18,3984,2,40,13,400,236,193,3984,1993,0.536,0.532,0.48,0.508,0.506,0.4981254686328418,3,2231,1825,0.6885802469135802,0.5570818070818071,0.59,0.4825,0.7254814814814815,0.5867765567765568,13,True
4001,479,1653,1269,18,3984,2,40,13,400,226,207,3984,1993,0.456,0.476,0.508,0.512,0.501,0.4981254686328418,3,2218,2127,0.6845679012345679,0.6492673992673993,0.565,0.5175,0.6947407407407407,0.6293406593406593,13,True
4001,3971,3941,1276,18,3984,2,40,13,400,226,219,3984,1992,0.472,0.496,0.516,0.5,0.505,0.4978755311172207,1,2251,2219,0.6947530864197531,0.6773504273504274,0.565,0.5475,0.6947407407407407,0.6658241758241757,13,True
4001,518,1679,1288,18,3984,2,40,13,400,238,212,3984,1992,0.416,0.468,0.484,0.482,0.492,0.4978755311172207,1,2204,2136,0.6802469135802469,0.652014652014652,0.595,0.53,0.7316296296296296,0.6445421245421246,13,True
4001,3801,3601,1327,18,3984,2,40,13,399,226,204,3984,1993,0.488,0.484,0.49,0.479,0.4975,0.4981254686328418,3,2228,2040,0.6876543209876543,0.6227106227106227,0.5664160401002506,0.5112781954887218,0.6964819456047526,0.6217742157591781,13,True
4001,1651,3302,1333,18,3984,2,40,13,400,222,206,3984,1993,0.48,0.512,0.496,0.498,0.501,0.4981254686328418,3,2257,2088,0.696604938271605,0.6373626373626373,0.555,0.515,0.6824444444444445,0.6263003663003663,13,True
4001,2623,1245,1342,18,3984,2,40,13,400,230,225,3984,1992,0.448,0.464,0.464,0.481,0.492,0.4978755311172207,1,2229,2203,0.687962962962963,0.6724664224664225,0.575,0.5625,0.7070370370370369,0.6840659340659341,13,True
4001,715,3144,1353,18,3984,2,40,13,400,234,223,3984,1992,0.456,0.496,0.504,0.5,0.4915,0.4978755311172207,1,2187,2074,0.675,0.6330891330891331,0.585,0.5575,0.7193333333333333,0.6779853479853479,13,True
4001,3647,3765,1435,18,3984,2,40,13,400,201,201,3984,1992,0.544,0.54,0.516,0.502,0.497,0.4978755311172207,1,2178,2048,0.6722222222222223,0.6251526251526252,0.5025,0.5025,0.6178888888888888,0.6110989010989011,13,True
4001,2002,3,1565,18,3984,2,40,13,400,230,190,3984,1992,0.456,0.44,0.496,0.523,0.5085,0.4978755311172207,1,2246,1963,0.6932098765432099,0.5992063492063492,0.575,0.475,0.7070370370370369,0.5776556776556776,13,True
4001,3611,3221,1592,18,3984,2,40,13,400,223,231,3984,1992,0.448,0.452,0.482,0.496,0.49,0.4978755311172207,1,2241,2249,0.6916666666666667,0.6865079365079365,0.5575,0.5775,0.6855185185185185,0.7023076923076924,13,True
4001,2892,1783,1638,18,3984,2,40,13,400,215,182,3984,1993,0.464,0.484,0.5,0.5,0.501,0.4981254686328418,3,2215,1972,0.683641975308642,0.6019536019536019,0.5375,0.455,0.6609259259259259,0.5533333333333333,13,True
4001,1387,3592,1707,18,3984,2,40,13,400,236,212,3984,1992,0.496,0.508,0.504,0.519,0.5005,0.4978755311172207,1,2247,2056,0.6935185185185185,0.6275946275946276,0.59,0.53,0.7254814814814815,0.6445421245421246,13,True
4001,1293,862,1724,18,3984,2,40,13,400,225,210,3984,1993,0.496,0.44,0.452,0.469,0.491,0.4981254686328418,3,2223,2212,0.6861111111111111,0.6752136752136753,0.5625,0.525,0.6916666666666667,0.6384615384615384,13,True
4001,3926,3951,1800,18,3984,2,40,13,399,204,238,3984,1993,0.504,0.532,0.502,0.519,0.5015,0.4981254686328418,3,2263,2191,0.6984567901234567,0.6688034188034188,0.5112781954887218,0.5964912280701754,0.6286828181565023,0.7254032517190411,13,True
4001,3351,2701,1835,18,3984,2,40,13,400,237,201,3984,1993,0.504,0.504,0.496,0.508,0.4915,0.4981254686328418,3,2264,2082,0.6987654320987654,0.6355311355311355,0.5925,0.5025,0.7285555555555555,0.6110989010989011,13,True
4001,3001,2001,1998,18,3984,2,40,13,400,219,224,3984,1992,0.536,0.52,0.51,0.479,0.4915,0.4978755311172207,1,2235,2140,0.6898148148148148,0.6532356532356532,0.5475,0.56,0.6732222222222222,0.6810256410256411,13,True
4001,1421,2281,2084,18,3984,2,40,13,400,234,164,3984,1993,0.496,0.496,0.49,0.511,0.517,0.4981254686328418,3,2237,1739,0.6904320987654321,0.5308302808302808,0.585,0.41,0.7193333333333333,0.49860805860805857,13,True
4001,399,798,2182,18,3984,2,40,13,400,202,200,3984,1992,0.432,0.468,0.476,0.481,0.5025,0.4978755311172207,1,2220,2056,0.6851851851851852,0.6275946275946276,0.505,0.5,0.6209629629629629,0.608058608058608,13,True
4001,14,28,2249,18,3984,2,40,13,400,221,208,3984,1992,0.432,0.492,0.502,0.507,0.5,0.4978755311172207,1,2198,2156,0.678395061728395,0.6581196581196581,0.5525,0.52,0.6793703703703703,0.6323809523809525,13,True
4001,263,1509,2250,18,3984,2,40,13,400,233,246,3984,1993,0.504,0.512,0.516,0.515,0.5025,0.4981254686328418,3,2207,2115,0.6811728395061728,0.6456043956043956,0.5825,0.615,0.7162592592592594,0.7479120879120879,13,True
4001,3339,2226,2258,18,3984,2,40,13,400,238,213,3984,1992,0.544,0.548,0.504,0.489,0.4925,0.4978755311172207,1,2254,2194,0.695679012345679,0.6697191697191697,0.595,0.5325,0.7316296296296296,0.6475824175824176,13,True
4001,1473,982,2310,18,3984,2,40,13,400,218,235,3984,1992,0.52,0.5,0.484,0.497,0.512,0.4978755311172207,1,2233,2307,0.6891975308641975,0.7042124542124543,0.545,0.5875,0.6701481481481482,0.7144688644688645,13,True
4001,3711,3421,2377,18,3984,2,40,13,400,236,201,3984,1992,0.48,0.496,0.5,0.513,0.501,0.4978755311172207,1,2256,2110,0.6962962962962963,0.6440781440781441,0.59,0.5025,0.7254814814814815,0.6110989010989011,13,True
4001,1000,3334,2389,18,3984,2,40,13,400,219,234,3984,1992,0.528,0.524,0.492,0.492,0.487,0.4978755311172207,1,2214,2273,0.6833333333333333,0.6938339438339438,0.5475,0.585,0.6732222222222222,0.7114285714285714,13,True
4001,1791,3582,2455,18,3984,2,40,13,400,231,200,3984,1992,0.496,0.476,0.454,0.485,0.492,0.4978755311172207,1,2228,1960,0.6876543209876543,0.5982905982905983,0.5775,0.5,0.7101111111111111,0.608058608058608,13,True
4001,1025,2050,2566,18,3984,2,40,13,400,234,217,3984,1992,0.496,0.5,0.472,0.483,0.5035,0.4978755311172207,1,2320,2220,0.7160493827160493,0.6776556776556777,0.585,0.5425,0.7193333333333333,0.6597435897435897,13,True
4001,273,182,2579,18,3984,2,40,13,399,230,237,3984,1993,0.504,0.488,0.48,0.482,0.496,0.4981254686328418,3,2264,2064,0.6987654320987654,0.63003663003663,0.5764411027568922,0.5939849624060151,0.7088090596862526,0.7223553388966922,13,True
4001,3920,3839,2592,18,3984,2,40,13,400,233,216,3984,1992,0.56,0.508,0.468,0.49,0.5005,0.4978755311172207,1,2253,2110,0.6953703703703704,0.6440781440781441,0.5825,0.54,0.7162592592592594,0.6567032967032967,13,True
4001,2069,137,2622,18,3984,2,40,13,400,230,200,3984,1992,0.48,0.468,0.5,0.516,0.5095,0.4978755311172207,1,2246,2036,0.6932098765432099,0.6214896214896215,0.575,0.5,0.7070370370370369,0.608058608058608,13,True
4001,1196,2131,2638,18,3984,2,40,13,400,202,220,3984,1993,0.52,0.488,0.498,0.501,0.5035,0.4981254686328418,3,2225,2014,0.6867283950617284,0.6147741147741148,0.505,0.55,0.6209629629629629,0.6688644688644689,13,True
4001,563,1126,2639,18,3984,2,40,13,399,228,233,3984,1993,0.552,0.532,0.512,0.527,0.501,0.4981254686328418,3,2304,2215,0.7111111111111111,0.6761294261294262,0.5714285714285714,0.5839598997493735,0.7026455026455026,0.7101636876072966,13,True
4001,1647,1098,2656,18,3984,2,40,13,399,245,212,3984,1993,0.536,0.54,0.516,0.52,0.505,0.4981254686328418,3,2274,2125,0.7018518518518518,0.6486568986568987,0.6140350877192983,0.531328320802005,0.7550357374918778,0.6461575183379694,13,True
4001,1348,3566,2660,18,3984,2,40,13,400,224,198,3984,1992,0.552,0.524,0.508,0.497,0.495,0.4978755311172207,1,2229,2086,0.687962962962963,0.6367521367521367,0.56,0.495,0.6885925925925928,0.601978021978022,13,True
4001,662,1775,2737,18,3984,2,40,13,400,229,225,3984,1993,0.512,0.516,0.526,0.516,0.4995,0.4981254686328418,3,2277,2156,0.7027777777777777,0.6581196581196581,0.5725,0.5625,0.703962962962963,0.6840659340659341,13,True
4001,2264,2843,2797,18,3984,2,40,13,400,215,207,3984,1992,0.528,0.516,0.498,0.49,0.4945,0.4978755311172207,1,2170,2104,0.6697530864197531,0.6422466422466423,0.5375,0.5175,0.6609259259259259,0.6293406593406593,13,True
4001,221,1481,2848,18,3984,2,40,13,400,250,197,3984,1993,0.456,0.456,0.482,0.489,0.487,0.4981254686328418,3,2242,1891,0.6919753086419753,0.5772283272283272,0.625,0.4925,0.7685185185185185,0.5989377289377289,13,True
4001,2008,5,2949,18,3984,2,40,13,400,219,171,3984,1992,0.52,0.492,0.478,0.488,0.4915,0.4978755311172207,1,2237,1979,0.6904320987654321,0.604090354090354,0.5475,0.4275,0.6732222222222222,0.5198901098901099,13,True
4001,1411,3608,2975,18,3984,2,40,13,400,238,211,3984,1992,0.432,0.448,0.48,0.485,0.5075,0.4978755311172207,1,2306,2092,0.7117283950617284,0.6385836385836385,0.595,0.5275,0.7316296296296296,0.6415018315018315,13,True
4001,3930,2620,2981,18,3984,2,40,13,400,234,231,3984,1992,0.488,0.496,0.504,0.495,0.5035,0.4978755311172207,1,2241,2196,0.6916666666666667,0.6703296703296703,0.585,0.5775,0.7193333333333333,0.7023076923076924,13,True
4001,1833,3666,3071,18,3984,2,40,13,400,224,181,3984,1992,0.416,0.476,0.456,0.484,0.48,0.4978755311172207,1,2252,1836,0.6950617283950618,0.5604395604395604,0.56,0.4525,0.6885925925925928,0.5502930402930403,13,True
4001,3037,691,3074,18,3984,2,40,13,399,208,238,3984,1993,0.472,0.516,0.508,0.514,0.5035,0.4981254686328418,3,2202,2182,0.6796296296296296,0.666056166056166,0.5213032581453634,0.5964912280701754,0.6410099322380024,0.7254032517190411,13,True
4001,700,3134,3115,18,3984,2,40,13,400,228,202,3984,1992,0.416,0.432,0.458,0.494,0.5015,0.4978755311172207,1,2197,2066,0.6780864197530864,0.6306471306471306,0.57,0.505,0.7008888888888888,0.6141391941391942,13,True
4001,2839,1677,3158,18,3984,2,40,13,400,208,210,3984,1992,0.496,0.488,0.478,0.482,0.489,0.4978755311172207,1,2201,2042,0.679320987654321,0.6233211233211233,0.52,0.525,0.6394074074074075,0.6384615384615384,13,True
4001,3303,2605,3163,18,3984,2,40,13,400,231,197,3984,1992,0.488,0.512,0.506,0.483,0.495,0.4978755311172207,1,2157,2017,0.6657407407407407,0.6156898656898657,0.5775,0.4925,0.7101111111111111,0.5989377289377289,13,True
4001,141,282,3165,18,3984,2,40,13,400,232,206,3984,1992,0.528,0.5,0.502,0.498,0.512,0.4978755311172207,1,2261,2012,0.6978395061728395,0.6141636141636142,0.58,0.515,0.7131851851851851,0.6263003663003663,13,True
4001,1915,3944,3173,18,3984,2,40,13,400,204,214,3984,1993,0.536,0.524,0.506,0.511,0.5085,0.4981254686328418,3,2158,2198,0.6660493827160494,0.6709401709401709,0.51,0.535,0.6271111111111112,0.6506227106227106,13,True
4001,2523,1682,3199,18,3984,2,40,13,399,240,190,3984,1993,0.44,0.46,0.488,0.513,0.5095,0.4981254686328418,3,2249,2106,0.6941358024691358,0.6428571428571429,0.6015037593984962,0.47619047619047616,0.7396268448900027,0.5791034362462933,13,True
4001,2668,445,3224,18,3984,2,40,13,400,232,227,3984,1993,0.456,0.484,0.5,0.513,0.4945,0.4981254686328418,3,2239,2165,0.6910493827160494,0.6608669108669109,0.58,0.5675,0.7131851851851851,0.6901465201465201,13,True
4001,2253,1502,3258,18,3984,2,40,13,400,224,205,3984,1992,0.528,0.512,0.494,0.482,0.49,0.4978755311172207,1,2270,2125,0.7006172839506173,0.6486568986568987,0.56,0.5125,0.6885925925925928,0.6232600732600732,13,True
4001,755,1837,3273,18,3984,2,40,13,400,230,220,3984,1993,0.472,0.48,0.512,0.499,0.487,0.4981254686328418,3,2219,2129,0.6848765432098766,0.6498778998778999,0.575,0.55,0.7070370370370369,0.6688644688644689,13,True
4001,2133,1422,3299,18,3984,2,40,13,400,237,209,3984,1992,0.464,0.484,0.49,0.497,0.5045,0.4978755311172207,1,2208,2010,0.6814814814814815,0.6135531135531136,0.5925,0.5225,0.7285555555555555,0.6354212454212453,13,True
4001,3241,2481,3320,18,3984,2,40,13,400,218,217,3984,1992,0.608,0.54,0.546,0.499,0.5115,0.4978755311172207,1,2222,2205,0.6858024691358025,0.6730769230769231,0.545,0.5425,0.6701481481481482,0.6597435897435897,13,True
4001,3810,2540,3373,18,3984,2,40,13,399,232,208,3984,1993,0.552,0.532,0.524,0.477,0.4885,0.4981254686328418,3,2203,2187,0.6799382716049382,0.6675824175824175,0.581453634085213,0.5213032581453634,0.7149726167270026,0.6339658670485738,13,True
4001,1799,2533,3417,18,3984,2,40,13,400,219,217,3984,1993,0.472,0.484,0.504,0.517,0.5055,0.4981254686328418,3,2226,2079,0.687037037037037,0.6346153846153846,0.5475,0.5425,0.6732222222222222,0.6597435897435897,13,True
4001,3233,2465,3427,18,3984,2,40,13,400,225,216,3984,1992,0.488,0.5,0.474,0.505,0.512,0.4978755311172207,1,2241,2163,0.6916666666666667,0.6602564102564102,0.5625,0.54,0.6916666666666667,0.6567032967032967,13,True
4001,3451,967,3471,18,3984,2,40,13,400,204,190,3984,1992,0.496,0.496,0.496,0.49,0.4955,0.4978755311172207,1,2166,1956,0.6685185185185185,0.5970695970695971,0.51,0.475,0.6271111111111112,0.5776556776556776,13,True
4001,1131,2262,3512,18,3984,2,40,13,400,208,202,3984,1993,0.48,0.5,0.516,0.492,0.497,0.4981254686328418,3,2133,1953,0.6583333333333333,0.5961538461538461,0.52,0.505,0.6394074074074075,0.6141391941391942,13,True
4001,894,1788,3541,18,3984,2,40,13,400,216,210,3984,1992,0.48,0.488,0.502,0.482,0.491,0.4978755311172207,1,2186,2176,0.6746913580246914,0.6642246642246642,0.54,0.525,0.664,0.6384615384615384,13,True
4001,700,1400,3546,18,3984,2,40,13,400,226,233,3984,1992,0.56,0.58,0.536,0.506,0.506,0.4978755311172207,1,2262,2224,0.6981481481481482,0.6788766788766789,0.565,0.5825,0.6947407407407407,0.7083882783882784,13,True
4001,1959,3918,3566,18,3984,2,40,13,400,222,225,3984,1993,0.512,0.52,0.546,0.53,0.4995,0.4981254686328418,3,2224,2132,0.6864197530864198,0.6507936507936508,0.555,0.5625,0.6824444444444445,0.6840659340659341,13,True
4001,3373,2745,3663,18,3984,2,40,13,400,228,220,3984,1992,0.504,0.54,0.52,0.509,0.5135,0.4978755311172207,1,2183,2217,0.6737654320987654,0.6767399267399268,0.57,0.55,0.7008888888888888,0.6688644688644689,13,True
4001,2267,533,3682,18,3984,2,40,13,400,220,201,3984,1992,0.448,0.46,0.482,0.481,0.493,0.4978755311172207,1,2262,2108,0.6981481481481482,0.6434676434676435,0.55,0.5025,0.6762962962962964,0.6110989010989011,13,True
4001,416,1611,3740,18,3984,2,40,13,400,220,222,3984,1992,0.504,0.48,0.496,0.511,0.5115,0.4978755311172207,1,2172,2039,0.6703703703703704,0.6224053724053724,0.55,0.555,0.6762962962962964,0.6749450549450551,13,True
4001,738,492,3762,18,3984,2,40,13,400,208,209,3984,1992,0.544,0.552,0.506,0.492,0.498,0.4978755311172207,1,2190,2106,0.6759259259259259,0.6428571428571429,0.52,0.5225,0.6394074074074075,0.6354212454212453,13,True
4001,392,784,3832,18,3984,2,40,13,400,233,203,3984,1992,0.536,0.492,0.52,0.505,0.4935,0.4978755311172207,1,2212,2067,0.682716049382716,0.6309523809523809,0.5825,0.5075,0.7162592592592594,0.6171794871794871,13,True
4001,3705,3409,3954,18,3984,2,40,13,399,215,203,3984,1993,0.44,0.484,0.482,0.477,0.486,0.4981254686328418,3,2270,1928,0.7006172839506173,0.5885225885225885,0.5388471177944862,0.5087719298245614,0.6625823818806276,0.6187263029368293,13,True
4001,875,1917,3955,18,3984,2,40,13,400,234,230,3984,1993,0.464,0.424,0.488,0.49,0.503,0.4981254686328418,3,2176,2188,0.671604938271605,0.6678876678876678,0.585,0.575,0.7193333333333333,0.6992673992673992,13,True
4001,3337,2673,30,-18,4020,2,40,13,400,215,209,4020,2011,0.592,0.548,0.54,0.511,0.4985,0.5026243439140214,3,2215,2084,0.683641975308642,0.6361416361416361,0.5375,0.5225,0.6668981481481482,0.6411630036630036,13,True
4001,1353,2706,59,-18,4020,2,40,13,400,219,195,4020,2011,0.504,0.492,0.518,0.512,0.4945,0.5026243439140214,3,2161,2089,0.6669753086419753,0.6376678876678876,0.5475,0.4875,0.6793055555555555,0.5982142857142857,13,True
4001,220,2814,90,-18,4020,2,40,13,400,228,186,4020,2011,0.488,0.48,0.494,0.485,0.4915,0.5026243439140214,3,2229,1832,0.687962962962963,0.5592185592185592,0.57,0.465,0.7072222222222221,0.5706043956043957,13,True
4001,759,506,146,-18,4020,2,40,13,400,222,191,4020,2010,0.488,0.496,0.528,0.517,0.507,0.5023744063984004,1,2222,2069,0.6858024691358025,0.6315628815628815,0.555,0.4775,0.6886111111111112,0.5859432234432235,13,True
4001,859,1718,149,-18,4020,2,40,13,400,237,191,4020,2011,0.488,0.488,0.506,0.498,0.5115,0.5026243439140214,3,2279,1953,0.703395061728395,0.5961538461538461,0.5925,0.4775,0.7351388888888889,0.5859432234432235,13,True
4001,2086,171,193,-18,4020,2,40,13,400,199,213,4020,2011,0.512,0.5,0.504,0.509,0.494,0.5026243439140214,3,2180,2024,0.6728395061728395,0.6178266178266179,0.4975,0.5325,0.6172685185185185,0.6534340659340659,13,True
4001,2823,1645,246,-18,4020,2,40,13,400,200,192,4020,2010,0.544,0.528,0.53,0.527,0.507,0.5023744063984004,1,2162,2002,0.667283950617284,0.6111111111111112,0.5,0.48,0.6203703703703703,0.589010989010989,13,True
4001,1278,2556,285,-18,4020,2,40,13,400,231,207,4020,2011,0.536,0.528,0.524,0.515,0.495,0.5026243439140214,3,2229,2090,0.687962962962963,0.6379731379731379,0.5775,0.5175,0.7165277777777779,0.6350274725274725,13,True
4001,1947,3894,318,-18,4020,2,40,13,400,217,179,4020,2010,0.48,0.472,0.494,0.497,0.5015,0.5023744063984004,1,2212,2012,0.682716049382716,0.6141636141636142,0.5425,0.4475,0.6731018518518518,0.5491300366300367,13,True
4001,1146,764,355,-18,4020,2,40,13,400,231,207,4020,2010,0.568,0.524,0.514,0.509,0.5115,0.5023744063984004,1,2293,2214,0.707716049382716,0.6758241758241759,0.5775,0.5175,0.7165277777777779,0.6350274725274725,13,True
4001,1192,2384,367,-18,4020,2,40,13,400,222,213,4020,2011,0.576,0.512,0.496,0.501,0.501,0.5026243439140214,3,2224,2184,0.6864197530864198,0.6666666666666666,0.555,0.5325,0.6886111111111112,0.6534340659340659,13,True
4001,1861,3908,403,-18,4020,2,40,13,400,202,223,4020,2010,0.528,0.548,0.532,0.52,0.498,0.5023744063984004,1,2226,2250,0.687037037037037,0.6868131868131868,0.505,0.5575,0.6265740740740741,0.6841117216117216,13,True
4001,2028,1352,443,-18,4020,2,40,13,400,224,242,4020,2011,0.528,0.536,0.514,0.507,0.507,0.5026243439140214,3,2266,2132,0.6993827160493827,0.6507936507936508,0.56,0.605,0.6948148148148149,0.7423992673992674,13,True
4001,2272,543,486,-18,4020,2,40,13,400,221,225,4020,2011,0.448,0.516,0.524,0.505,0.517,0.5026243439140214,3,2205,2141,0.6805555555555556,0.6535409035409036,0.5525,0.5625,0.6855092592592593,0.6902472527472527,13,True
4001,1803,3606,535,-18,4020,2,40,13,400,223,210,4020,2010,0.528,0.496,0.506,0.502,0.5025,0.5023744063984004,1,2229,2024,0.687962962962963,0.6178266178266179,0.5575,0.525,0.691712962962963,0.6442307692307693,13,True
4001,2621,3081,555,-18,4020,2,40,13,400,228,191,4020,2010,0.512,0.472,0.482,0.472,0.4955,0.5023744063984004,1,2178,2033,0.6722222222222223,0.6205738705738706,0.57,0.4775,0.7072222222222221,0.5859432234432235,13,True
4001,917,1945,783,-18,4020,2,40,13,400,213,205,4020,2010,0.592,0.588,0.534,0.509,0.5,0.5023744063984004,1,2162,2176,0.667283950617284,0.6642246642246642,0.5325,0.5125,0.6606944444444445,0.6288919413919414,13,True
4001,1456,2912,844,-18,4020,2,40,13,400,225,182,4020,2010,0.512,0.528,0.498,0.492,0.499,0.5023744063984004,1,2220,1898,0.6851851851851852,0.5793650793650794,0.5625,0.455,0.6979166666666666,0.5583333333333333,13,True
4001,477,318,917,-18,4020,2,40,13,400,211,217,4020,2010,0.584,0.552,0.538,0.514,0.505,0.5023744063984004,1,2242,2120,0.6919753086419753,0.6471306471306472,0.5275,0.5425,0.6544907407407407,0.6657051282051282,13,True
4001,3824,3883,930,-18,4020,2,40,13,400,221,189,4020,2010,0.512,0.512,0.53,0.527,0.511,0.5023744063984004,1,2192,2186,0.6765432098765433,0.6672771672771672,0.5525,0.4725,0.6855092592592593,0.5798076923076922,13,True
4001,2367,1578,956,-18,4020,2,40,13,400,226,211,4020,2010,0.504,0.508,0.496,0.504,0.5015,0.5023744063984004,1,2184,2098,0.674074074074074,0.6404151404151404,0.565,0.5275,0.7010185185185185,0.6472985347985347,13,True
4001,2876,1751,1049,-18,4020,2,40,13,400,229,230,4020,2011,0.592,0.516,0.484,0.49,0.4985,0.5026243439140214,3,2228,2174,0.6876543209876543,0.6636141636141636,0.5725,0.575,0.710324074074074,0.7055860805860806,13,True
4001,1933,3956,1064,-18,4020,2,40,13,400,238,197,4020,2011,0.48,0.488,0.494,0.53,0.5175,0.5026243439140214,3,2229,2101,0.687962962962963,0.6413308913308914,0.595,0.4925,0.7382407407407408,0.6043498168498168,13,True
4001,1700,3400,1094,-18,4020,2,40,13,400,199,177,4020,2010,0.456,0.484,0.484,0.503,0.5005,0.5023744063984004,1,2211,1838,0.6824074074074075,0.561050061050061,0.4975,0.4425,0.6172685185185185,0.5429945054945055,13,True
4001,1603,3206,1125,-18,4020,2,40,13,400,234,214,4020,2010,0.52,0.516,0.512,0.496,0.5035,0.5023744063984004,1,2249,2176,0.6941358024691358,0.6642246642246642,0.585,0.535,0.7258333333333333,0.6565018315018316,13,True
4001,2823,1882,1191,-18,4020,2,40,13,400,238,206,4020,2011,0.496,0.492,0.476,0.51,0.505,0.5026243439140214,3,2251,2058,0.6947530864197531,0.6282051282051282,0.595,0.515,0.7382407407407408,0.631959706959707,13,True
4001,3554,3703,1199,-18,4020,2,40,13,400,203,185,4020,2011,0.512,0.508,0.51,0.489,0.4945,0.5026243439140214,3,2281,2004,0.7040123456790124,0.6117216117216118,0.5075,0.4625,0.6296759259259259,0.56753663003663,13,True
4001,1724,2483,1213,-18,4020,2,40,13,400,218,196,4020,2010,0.504,0.508,0.512,0.506,0.5115,0.5023744063984004,1,2237,1797,0.6904320987654321,0.5485347985347986,0.545,0.49,0.6762037037037038,0.6012820512820513,13,True
4001,3077,2153,1218,-18,4020,2,40,13,400,219,200,4020,2011,0.536,0.508,0.508,0.521,0.51,0.5026243439140214,3,2195,2098,0.6774691358024691,0.6404151404151404,0.5475,0.5,0.6793055555555555,0.6135531135531136,13,True
4001,1325,2650,1220,-18,4020,2,40,13,400,224,241,4020,2011,0.544,0.532,0.46,0.474,0.491,0.5026243439140214,3,2215,1912,0.683641975308642,0.5836385836385837,0.56,0.6025,0.6948148148148149,0.7393315018315019,13,True
4001,1983,3966,1239,-18,4020,2,40,13,400,232,231,4020,2011,0.568,0.544,0.502,0.495,0.511,0.5026243439140214,3,2279,1982,0.703395061728395,0.605006105006105,0.58,0.5775,0.7196296296296296,0.7086538461538462,13,True
4001,310,620,1269,-18,4020,2,40,13,400,225,273,4020,2011,0.568,0.544,0.514,0.503,0.502,0.5026243439140214,3,2167,2233,0.6688271604938272,0.6816239316239316,0.5625,0.6825,0.6979166666666666,0.8375,13,True
4001,2664,1776,1276,-18,4020,2,40,13,400,239,214,4020,2010,0.472,0.508,0.486,0.494,0.493,0.5023744063984004,1,2299,2088,0.7095679012345679,0.6373626373626373,0.5975,0.535,0.7413425925925927,0.6565018315018316,13,True
4001,661,1322,1288,-18,4020,2,40,13,400,201,193,4020,2010,0.584,0.536,0.504,0.487,0.498,0.5023744063984004,1,2232,1966,0.6888888888888889,0.6001221001221001,0.5025,0.4825,0.6234722222222221,0.5920787545787546,13,True
4001,1756,3838,1327,-18,4020,2,40,13,400,230,228,4020,2011,0.496,0.488,0.516,0.497,0.503,0.5026243439140214,3,2280,2237,0.7037037037037037,0.6828449328449329,0.575,0.57,0.7134259259259259,0.6994505494505493,13,True
4001,628,3086,1333,-18,4020,2,40,13,400,229,202,4020,2011,0.552,0.552,0.534,0.519,0.515,0.5026243439140214,3,2258,2220,0.6969135802469136,0.6776556776556777,0.5725,0.505,0.710324074074074,0.6196886446886447,13,True
4001,736,3158,1342,-18,4020,2,40,13,400,226,205,4020,2010,0.592,0.544,0.51,0.521,0.5,0.5023744063984004,1,2258,2166,0.6969135802469136,0.6611721611721612,0.565,0.5125,0.7010185185185185,0.6288919413919414,13,True
4001,2434,867,1353,-18,4020,2,40,13,400,231,217,4020,2010,0.504,0.516,0.524,0.504,0.5145,0.5023744063984004,1,2298,2212,0.7092592592592593,0.6752136752136753,0.5775,0.5425,0.7165277777777779,0.6657051282051282,13,True
4001,815,1630,1435,-18,4020,2,40,13,400,212,196,4020,2010,0.48,0.524,0.47,0.491,0.5025,0.5023744063984004,1,2196,1785,0.6777777777777778,0.5448717948717948,0.53,0.49,0.6575925925925926,0.6012820512820513,13,True
4001,667,3112,1565,-18,4020,2,40,13,400,219,203,4020,2010,0.504,0.48,0.46,0.47,0.4915,0.5023744063984004,1,2316,2250,0.7148148148148148,0.6868131868131868,0.5475,0.5075,0.6793055555555555,0.6227564102564103,13,True
4001,2624,3083,1592,-18,4020,2,40,13,400,194,206,4020,2010,0.504,0.508,0.492,0.484,0.4975,0.5023744063984004,1,2186,2253,0.6746913580246914,0.6877289377289377,0.485,0.515,0.6017592592592593,0.631959706959707,13,True
4001,1655,2437,1638,-18,4020,2,40,13,400,231,192,4020,2011,0.448,0.46,0.478,0.505,0.492,0.5026243439140214,3,2232,2065,0.6888888888888889,0.6303418803418803,0.5775,0.48,0.7165277777777779,0.589010989010989,13,True
4001,480,960,1707,-18,4020,2,40,13,400,217,219,4020,2010,0.544,0.572,0.546,0.516,0.517,0.5023744063984004,1,2261,2134,0.6978395061728395,0.6514041514041514,0.5425,0.5475,0.6731018518518518,0.6718406593406593,13,True
4001,3635,3269,1724,-18,4020,2,40,13,400,219,201,4020,2011,0.512,0.504,0.5,0.512,0.512,0.5026243439140214,3,2238,2229,0.6907407407407408,0.6804029304029304,0.5475,0.5025,0.6793055555555555,0.616620879120879,13,True
4001,3326,2651,1800,-18,4020,2,40,13,400,208,211,4020,2011,0.464,0.488,0.51,0.487,0.493,0.5026243439140214,3,2117,1833,0.653395061728395,0.5595238095238095,0.52,0.5275,0.6451851851851852,0.6472985347985347,13,True
4001,1706,2471,1835,-18,4020,2,40,13,400,231,208,4020,2011,0.504,0.504,0.516,0.52,0.504,0.5026243439140214,3,2247,2177,0.6935185185185185,0.6645299145299145,0.5775,0.52,0.7165277777777779,0.6380952380952382,13,True
4001,778,3186,1998,-18,4020,2,40,13,400,211,196,4020,2010,0.424,0.492,0.482,0.482,0.4995,0.5023744063984004,1,2288,2160,0.7061728395061728,0.6593406593406593,0.5275,0.49,0.6544907407407407,0.6012820512820513,13,True
4001,786,1572,2084,-18,4020,2,40,13,400,224,240,4020,2011,0.472,0.484,0.506,0.512,0.509,0.5026243439140214,3,2244,2265,0.6925925925925925,0.6913919413919414,0.56,0.6,0.6948148148148149,0.7362637362637363,13,True
4001,1378,3586,2182,-18,4020,2,40,13,400,235,205,4020,2010,0.536,0.544,0.508,0.502,0.5015,0.5023744063984004,1,2258,2056,0.6969135802469136,0.6275946275946276,0.5875,0.5125,0.7289351851851852,0.6288919413919414,13,True
4001,3558,2372,2249,-18,4020,2,40,13,400,234,216,4020,2010,0.528,0.536,0.526,0.522,0.495,0.5023744063984004,1,2276,2209,0.7024691358024692,0.6742979242979243,0.585,0.54,0.7258333333333333,0.6626373626373627,13,True
4001,2367,733,2250,-18,4020,2,40,13,400,207,219,4020,2011,0.544,0.476,0.504,0.493,0.499,0.5026243439140214,3,2265,2152,0.6990740740740741,0.6568986568986569,0.5175,0.5475,0.6420833333333333,0.6718406593406593,13,True
4001,2044,87,2258,-18,4020,2,40,13,400,223,205,4020,2010,0.488,0.52,0.468,0.485,0.495,0.5023744063984004,1,2131,1994,0.657716049382716,0.6086691086691086,0.5575,0.5125,0.691712962962963,0.6288919413919414,13,True
4001,1254,2508,2310,-18,4020,2,40,13,400,223,220,4020,2010,0.512,0.496,0.49,0.505,0.4935,0.5023744063984004,1,2248,2042,0.6938271604938272,0.6233211233211233,0.5575,0.55,0.691712962962963,0.674908424908425,13,True
4001,1746,1164,2377,-18,4020,2,40,13,400,227,217,4020,2010,0.416,0.464,0.496,0.515,0.516,0.5023744063984004,1,2233,2113,0.6891975308641975,0.644993894993895,0.5675,0.5425,0.7041203703703703,0.6657051282051282,13,True
4001,998,1996,2389,-18,4020,2,40,13,400,213,219,4020,2010,0.384,0.46,0.466,0.496,0.52,0.5023744063984004,1,2195,2108,0.6774691358024691,0.6434676434676435,0.5325,0.5475,0.6606944444444445,0.6718406593406593,13,True
4001,199,2800,2455,-18,4020,2,40,13,400,241,207,4020,2010,0.56,0.54,0.52,0.528,0.5105,0.5023744063984004,1,2258,2174,0.6969135802469136,0.6636141636141636,0.6025,0.5175,0.7475462962962963,0.6350274725274725,13,True
4001,1003,3336,2566,-18,4020,2,40,13,400,221,213,4020,2010,0.52,0.536,0.506,0.5,0.4965,0.5023744063984004,1,2208,2107,0.6814814814814815,0.6431623931623932,0.5525,0.5325,0.6855092592592593,0.6534340659340659,13,True
4001,2457,913,2579,-18,4020,2,40,13,400,214,200,4020,2011,0.616,0.556,0.524,0.531,0.5125,0.5026243439140214,3,2212,2027,0.682716049382716,0.6187423687423688,0.535,0.5,0.6637962962962963,0.6135531135531136,13,True
4001,3992,3995,2592,-18,4020,2,40,13,400,208,204,4020,2010,0.552,0.516,0.53,0.519,0.5215,0.5023744063984004,1,2233,2138,0.6891975308641975,0.6526251526251526,0.52,0.51,0.6451851851851852,0.6258241758241758,13,True
4001,1119,746,2622,-18,4020,2,40,13,400,220,203,4020,2010,0.528,0.516,0.518,0.505,0.498,0.5023744063984004,1,2222,2192,0.6858024691358025,0.6691086691086691,0.55,0.5075,0.6824074074074075,0.6227564102564103,13,True
4001,2762,1523,2638,-18,4020,2,40,13,400,226,202,4020,2011,0.456,0.504,0.524,0.498,0.505,0.5026243439140214,3,2209,1918,0.6817901234567901,0.5854700854700855,0.565,0.505,0.7010185185185185,0.6196886446886447,13,True
4001,3619,1079,2639,-18,4020,2,40,13,400,183,208,4020,2011,0.432,0.424,0.436,0.486,0.5065,0.5026243439140214,3,2226,1934,0.687037037037037,0.5903540903540904,0.4575,0.52,0.5676388888888889,0.6380952380952382,13,True
4001,2820,1639,2656,-18,4020,2,40,13,400,235,228,4020,2011,0.496,0.48,0.49,0.485,0.4845,0.5026243439140214,3,2201,2080,0.679320987654321,0.6349206349206349,0.5875,0.57,0.7289351851851852,0.6994505494505493,13,True
4001,129,258,2660,-18,4020,2,40,13,400,224,215,4020,2010,0.488,0.5,0.496,0.507,0.5135,0.5023744063984004,1,2204,2085,0.6802469135802469,0.6364468864468864,0.56,0.5375,0.6948148148148149,0.6595695970695971,13,True
4001,1957,3914,2737,-18,4020,2,40,13,400,244,222,4020,2011,0.496,0.52,0.518,0.506,0.5035,0.5026243439140214,3,2282,2160,0.7043209876543209,0.6593406593406593,0.61,0.555,0.7568518518518518,0.6810439560439562,13,True
4001,371,742,2797,-18,4020,2,40,13,400,193,206,4020,2010,0.456,0.48,0.492,0.515,0.516,0.5023744063984004,1,2229,2004,0.687962962962963,0.6117216117216118,0.4825,0.515,0.5986574074074074,0.631959706959707,13,True
4001,1989,3978,2848,-18,4020,2,40,13,400,199,247,4020,2011,0.568,0.56,0.536,0.511,0.5075,0.5026243439140214,3,2145,2145,0.6620370370370371,0.6547619047619048,0.4975,0.6175,0.6172685185185185,0.7577380952380953,13,True
4001,2068,135,2949,-18,4020,2,40,13,400,228,207,4020,2010,0.48,0.512,0.508,0.527,0.5085,0.5023744063984004,1,2236,2104,0.6901234567901234,0.6422466422466423,0.57,0.5175,0.7072222222222221,0.6350274725274725,13,True
4001,696,1392,2975,-18,4020,2,40,13,400,220,232,4020,2010,0.504,0.476,0.514,0.504,0.498,0.5023744063984004,1,2225,2172,0.6867283950617284,0.663003663003663,0.55,0.58,0.6824074074074075,0.7117216117216117,13,True
4001,3362,2723,2981,-18,4020,2,40,13,400,236,212,4020,2010,0.536,0.5,0.498,0.509,0.5,0.5023744063984004,1,2326,2096,0.7179012345679012,0.6398046398046398,0.59,0.53,0.7320370370370369,0.6503663003663004,13,True
4001,2871,1914,3071,-18,4020,2,40,13,400,238,214,4020,2010,0.528,0.512,0.518,0.485,0.4935,0.5023744063984004,1,2278,2065,0.7030864197530864,0.6303418803418803,0.595,0.535,0.7382407407407408,0.6565018315018316,13,True
4001,3327,2653,3074,-18,4020,2,40,13,400,205,223,4020,2011,0.552,0.512,0.494,0.485,0.496,0.5026243439140214,3,2222,2036,0.6858024691358025,0.6214896214896215,0.5125,0.5575,0.6358796296296296,0.6841117216117216,13,True
4001,2299,597,3115,-18,4020,2,40,13,400,221,204,4020,2010,0.512,0.54,0.54,0.522,0.4985,0.5023744063984004,1,2226,2088,0.687037037037037,0.6373626373626373,0.5525,0.51,0.6855092592592593,0.6258241758241758,13,True
4001,760,3174,3158,-18,4020,2,40,13,400,244,207,4020,2010,0.504,0.52,0.506,0.495,0.4915,0.5023744063984004,1,2289,2030,0.7064814814814815,0.6196581196581197,0.61,0.5175,0.7568518518518518,0.6350274725274725,13,True
4001,367,2912,3163,-18,4020,2,40,13,400,222,224,4020,2010,0.48,0.504,0.518,0.506,0.522,0.5023744063984004,1,2260,2206,0.6975308641975309,0.6733821733821734,0.555,0.56,0.6886111111111112,0.6871794871794873,13,True
4001,2683,455,3165,-18,4020,2,40,13,400,238,199,4020,2010,0.512,0.496,0.506,0.509,0.4955,0.5023744063984004,1,2238,2210,0.6907407407407408,0.6746031746031746,0.595,0.4975,0.7382407407407408,0.610485347985348,13,True
4001,1231,2462,3173,-18,4020,2,40,13,400,203,220,4020,2011,0.48,0.516,0.508,0.497,0.512,0.5026243439140214,3,2186,2200,0.6746913580246914,0.6715506715506715,0.5075,0.55,0.6296759259259259,0.674908424908425,13,True
4001,2702,1403,3199,-18,4020,2,40,13,400,221,212,4020,2011,0.536,0.516,0.532,0.525,0.505,0.5026243439140214,3,2190,2144,0.6759259259259259,0.6544566544566545,0.5525,0.53,0.6855092592592593,0.6503663003663004,13,True
4001,6,12,3224,-18,4020,2,40,13,400,218,227,4020,2011,0.56,0.56,0.532,0.526,0.508,0.5026243439140214,3,2267,2177,0.6996913580246914,0.6645299145299145,0.545,0.5675,0.6762037037037038,0.6963827838827839,13,True
4001,272,544,3258,-18,4020,2,40,13,400,204,189,4020,2010,0.48,0.48,0.49,0.498,0.5055,0.5023744063984004,1,2174,1976,0.6709876543209876,0.6031746031746031,0.51,0.4725,0.6327777777777778,0.5798076923076922,13,True
4001,2794,1587,3273,-18,4020,2,40,13,400,203,220,4020,2011,0.496,0.46,0.492,0.504,0.4975,0.5026243439140214,3,2213,2165,0.6830246913580247,0.6608669108669109,0.5075,0.55,0.6296759259259259,0.674908424908425,13,True
4001,3193,2385,3299,-18,4020,2,40,13,400,221,232,4020,2010,0.48,0.484,0.51,0.502,0.505,0.5023744063984004,1,2267,2173,0.6996913580246914,0.6633089133089133,0.5525,0.58,0.6855092592592593,0.7117216117216117,13,True
4001,3472,981,3320,-18,4020,2,40,13,400,234,216,4020,2010,0.488,0.472,0.508,0.487,0.496,0.5023744063984004,1,2239,2264,0.6910493827160494,0.6910866910866911,0.585,0.54,0.7258333333333333,0.6626373626373627,13,True
4001,2282,563,3373,-18,4020,2,40,13,400,221,222,4020,2011,0.544,0.528,0.532,0.502,0.508,0.5026243439140214,3,2205,2173,0.6805555555555556,0.6633089133089133,0.5525,0.555,0.6855092592592593,0.6810439560439562,13,True
4001,187,374,3417,-18,4020,2,40,13,400,244,216,4020,2011,0.512,0.496,0.5,0.507,0.502,0.5026243439140214,3,2288,2182,0.7061728395061728,0.666056166056166,0.61,0.54,0.7568518518518518,0.6626373626373627,13,True
4001,2582,3055,3427,-18,4020,2,40,13,400,247,213,4020,2010,0.552,0.528,0.494,0.496,0.4925,0.5023744063984004,1,2290,2177,0.7067901234567902,0.6645299145299145,0.6175,0.5325,0.7661574074074076,0.6534340659340659,13,True
4001,3052,2103,3471,-18,4020,2,40,13,400,222,172,4020,2010,0.48,0.464,0.502,0.497,0.509,0.5023744063984004,1,2189,1776,0.6756172839506173,0.5421245421245421,0.555,0.43,0.6886111111111112,0.5276556776556777,13,True
4001,2793,1862,3512,-18,4020,2,40,13,400,245,207,4020,2011,0.528,0.52,0.526,0.527,0.501,0.5026243439140214,3,2268,2196,0.7,0.6703296703296703,0.6125,0.5175,0.7599537037037037,0.6350274725274725,13,True
4001,1433,2289,3541,-18,4020,2,40,13,400,210,230,4020,2010,0.512,0.516,0.48,0.491,0.5035,0.5023744063984004,1,2237,2224,0.6904320987654321,0.6788766788766789,0.525,0.575,0.6513888888888889,0.7055860805860806,13,True
4001,1856,2571,3546,-18,4020,2,40,13,400,228,208,4020,2010,0.464,0.484,0.51,0.496,0.494,0.5023744063984004,1,2192,2026,0.6765432098765433,0.6184371184371185,0.57,0.52,0.7072222222222221,0.6380952380952382,13,True
4001,2885,3257,3566,-18,4020,2,40,13,400,250,223,4020,2011,0.448,0.48,0.51,0.507,0.5015,0.5026243439140214,3,2213,2067,0.6830246913580247,0.6309523809523809,0.625,0.5575,0.7754629629629629,0.6841117216117216,13,True
4001,2153,2769,3663,-18,4020,2,40,13,400,226,206,4020,2010,0.408,0.468,0.47,0.499,0.503,0.5023744063984004,1,2237,2216,0.6904320987654321,0.6764346764346765,0.565,0.515,0.7010185185185185,0.631959706959707,13,True
4001,1141,3428,3682,-18,4020,2,40,13,400,206,220,4020,2010,0.568,0.544,0.52,0.518,0.5045,0.5023744063984004,1,2195,2169,0.6774691358024691,0.6620879120879121,0.515,0.55,0.6389814814814815,0.674908424908425,13,True
4001,3744,3487,3740,-18,4020,2,40,13,400,219,220,4020,2010,0.504,0.508,0.496,0.511,0.4985,0.5023744063984004,1,2287,2162,0.7058641975308642,0.6599511599511599,0.5475,0.55,0.6793055555555555,0.674908424908425,13,True
4001,2641,1281,3762,-18,4020,2,40,13,400,223,203,4020,2010,0.448,0.48,0.46,0.481,0.499,0.5023744063984004,1,2208,2154,0.6814814814814815,0.6575091575091575,0.5575,0.5075,0.691712962962963,0.6227564102564103,13,True
4001,3600,2400,3832,-18,4020,2,40,13,400,221,197,4020,2010,0.488,0.456,0.494,0.497,0.503,0.5023744063984004,1,2235,1957,0.6898148148148148,0.5973748473748474,0.5525,0.4925,0.6855092592592593,0.6043498168498168,13,True
4001,3079,719,3954,-18,4020,2,40,13,400,211,235,4020,2011,0.488,0.492,0.506,0.478,0.4955,0.5026243439140214,3,2211,2184,0.6824074074074075,0.6666666666666666,0.5275,0.5875,0.6544907407407407,0.7209249084249084,13,True
4001,3874,3747,3955,-18,4020,2,40,13,400,234,211,4020,2011,0.528,0.548,0.532,0.513,0.502,0.5026243439140214,3,2255,2158,0.6959876543209876,0.6587301587301587,0.585,0.5275,0.7258333333333333,0.6472985347985347,13,True
4001,2356,237,6,78,3924,2,40,13,399,228,211,3924,1963,0.424,0.456,0.468,0.46,0.4755,0.490627343164209,3,2201,2097,0.679320987654321,0.6401098901098901,0.5714285714285714,0.5288220551378446,0.692063492063492,0.6334242198903853,13,True
4001,2443,885,18,78,3924,2,40,13,399,218,188,3924,1963,0.456,0.5,0.5,0.483,0.499,0.490627343164209,3,2214,1969,0.6833333333333333,0.601037851037851,0.5463659147869674,0.47117794486215536,0.6617098301308828,0.5643779779118124,13,True
4001,854,1708,81,78,3924,2,40,13,399,222,220,3924,1962,0.456,0.444,0.47,0.497,0.496,0.49037740564858784,1,2218,2145,0.6845679012345679,0.6547619047619048,0.556390977443609,0.5513784461152882,0.6738512949039265,0.6604423145776529,13,True
4001,1707,3414,109,78,3924,2,40,13,399,227,221,3924,1962,0.504,0.488,0.47,0.478,0.492,0.49037740564858784,1,2274,2086,0.7018518518518518,0.6367521367521367,0.568922305764411,0.5538847117794486,0.6890281258702312,0.6634443250984604,13,True
4001,3723,2482,161,78,3924,2,40,13,399,237,209,3924,1962,0.52,0.504,0.5,0.522,0.498,0.49037740564858784,1,2182,1896,0.6734567901234568,0.5787545787545788,0.5939849624060151,0.5238095238095238,0.7193817878028405,0.6274201988487703,13,True
4001,2811,1874,165,78,3924,2,40,13,399,232,204,3924,1963,0.456,0.504,0.502,0.483,0.4955,0.490627343164209,3,2162,2234,0.667283950617284,0.681929181929182,0.581453634085213,0.5112781954887218,0.7042049568365358,0.6124101462447327,13,True
4001,2500,333,177,78,3924,2,40,13,399,237,235,3924,1963,0.456,0.472,0.446,0.463,0.4775,0.490627343164209,3,2197,2089,0.6780864197530864,0.6376678876678876,0.5939849624060151,0.5889724310776943,0.7193817878028405,0.7054724723897656,13,True
4001,3162,2323,189,78,3924,2,40,13,399,232,208,3924,1963,0.48,0.46,0.476,0.478,0.4855,0.490627343164209,3,2213,2131,0.6830246913580247,0.6504884004884005,0.581453634085213,0.5213032581453634,0.7042049568365358,0.6244181883279628,13,True
4001,1357,3572,265,78,3924,2,40,13,399,240,219,3924,1962,0.592,0.552,0.514,0.499,0.49,0.49037740564858784,1,2229,2211,0.687962962962963,0.674908424908425,0.6015037593984962,0.5488721804511278,0.7284878863826232,0.6574403040568454,13,True
4001,1058,2039,309,78,3924,2,40,13,399,250,215,3924,1962,0.472,0.464,0.496,0.498,0.509,0.49037740564858784,1,2218,2058,0.6845679012345679,0.6282051282051282,0.6265664160401002,0.5388471177944862,0.7588415483152324,0.6454322619736154,13,True
4001,3956,3911,319,78,3924,2,40,13,399,232,227,3924,1963,0.544,0.496,0.498,0.472,0.48,0.490627343164209,3,2158,2260,0.6660493827160494,0.6898656898656899,0.581453634085213,0.568922305764411,0.7042049568365358,0.6814563882233056,13,True
4001,1460,2307,368,78,3924,2,40,13,399,211,202,3924,1962,0.552,0.516,0.522,0.515,0.4955,0.49037740564858784,1,2161,2148,0.6669753086419753,0.6556776556776557,0.5288220551378446,0.506265664160401,0.6404622667780563,0.6064061252031177,13,True
4001,2691,1381,386,78,3924,2,40,13,399,241,239,3924,1962,0.584,0.504,0.516,0.487,0.5005,0.49037740564858784,1,2278,2235,0.7030864197530864,0.6822344322344323,0.6040100250626567,0.5989974937343359,0.7315232525758842,0.7174805144729957,13,True
4001,2584,389,481,78,3924,2,40,13,399,218,223,3924,1962,0.512,0.504,0.514,0.511,0.4885,0.49037740564858784,1,2166,2119,0.6685185185185185,0.6468253968253969,0.5463659147869674,0.5588972431077694,0.6617098301308828,0.6694483461400755,13,True
4001,3461,3641,553,78,3924,2,40,13,399,224,237,3924,1963,0.496,0.496,0.488,0.478,0.4775,0.490627343164209,3,2199,2175,0.6787037037037037,0.6639194139194139,0.5614035087719298,0.5939849624060151,0.6799220272904483,0.7114764934313808,13,True
4001,3560,3119,623,78,3924,2,40,13,399,222,216,3924,1962,0.544,0.512,0.49,0.502,0.4925,0.49037740564858784,1,2172,1998,0.6703703703703704,0.6098901098901099,0.556390977443609,0.5413533834586466,0.6738512949039265,0.6484342724944228,13,True
4001,2048,2699,635,78,3924,2,40,13,399,226,228,3924,1962,0.488,0.504,0.516,0.511,0.504,0.49037740564858784,1,2170,2143,0.6697530864197531,0.6541514041514042,0.5664160401002506,0.5714285714285714,0.6859927596769702,0.684458398744113,13,True
4001,1855,3710,653,78,3924,2,40,13,399,223,219,3924,1962,0.384,0.44,0.474,0.497,0.506,0.49037740564858784,1,2284,2144,0.7049382716049383,0.6544566544566545,0.5588972431077694,0.5488721804511278,0.6768866610971874,0.6574403040568454,13,True
4001,126,252,717,78,3924,2,40,13,399,244,195,3924,1962,0.616,0.54,0.486,0.492,0.485,0.49037740564858784,1,2230,2073,0.6882716049382716,0.6327838827838828,0.6115288220551378,0.48872180451127817,0.7406293511556669,0.5853920515574651,13,True
4001,3267,2178,728,78,3924,2,40,13,399,217,206,3924,1963,0.504,0.472,0.46,0.469,0.4845,0.490627343164209,3,2205,2136,0.6805555555555556,0.652014652014652,0.543859649122807,0.5162907268170426,0.658674463937622,0.6184141672863477,13,True
4001,3742,1161,748,78,3924,2,40,13,399,225,228,3924,1963,0.512,0.516,0.508,0.487,0.49,0.490627343164209,3,2161,2058,0.6669753086419753,0.6282051282051282,0.5639097744360902,0.5714285714285714,0.6829573934837093,0.684458398744113,13,True
4001,2215,143,766,78,3924,2,40,13,399,217,220,3924,1962,0.552,0.544,0.514,0.504,0.495,0.49037740564858784,1,2220,2180,0.6851851851851852,0.6654456654456654,0.543859649122807,0.5513784461152882,0.658674463937622,0.6604423145776529,13,True
4001,942,628,808,78,3924,2,40,13,399,229,204,3924,1962,0.464,0.48,0.454,0.469,0.4875,0.49037740564858784,1,2163,2144,0.6675925925925926,0.6544566544566545,0.5739348370927319,0.5112781954887218,0.695098858256753,0.6124101462447327,13,True
4001,8,1339,893,78,3924,2,40,13,399,224,226,3924,1962,0.496,0.488,0.522,0.515,0.494,0.49037740564858784,1,2216,2044,0.6839506172839506,0.6239316239316239,0.5614035087719298,0.5664160401002506,0.6799220272904483,0.678454377702498,13,True
4001,1177,2354,905,78,3924,2,40,13,399,197,190,3924,1962,0.424,0.44,0.434,0.464,0.4705,0.49037740564858784,1,2165,1889,0.6682098765432098,0.5766178266178266,0.49373433583959897,0.47619047619047616,0.5979671400724031,0.5703819989534274,13,True
4001,2611,407,1025,78,3924,2,40,13,399,221,201,3924,1962,0.568,0.484,0.516,0.505,0.4875,0.49037740564858784,1,2213,2061,0.6830246913580247,0.6291208791208791,0.5538847117794486,0.5037593984962406,0.6708159287106655,0.6034041146823103,13,True
4001,2928,1952,1157,78,3924,2,40,13,399,229,218,3924,1963,0.48,0.48,0.48,0.489,0.4845,0.490627343164209,3,2182,2206,0.6734567901234568,0.6733821733821734,0.5739348370927319,0.5463659147869674,0.695098858256753,0.6544382935360379,13,True
4001,3939,3877,1232,78,3924,2,40,13,399,242,206,3924,1963,0.48,0.5,0.456,0.481,0.486,0.490627343164209,3,2293,2090,0.707716049382716,0.6379731379731379,0.606516290726817,0.5162907268170426,0.7345586187691451,0.6184141672863477,13,True
4001,655,3104,1258,78,3924,2,40,13,399,190,208,3924,1963,0.496,0.548,0.5,0.509,0.5035,0.490627343164209,3,2158,2073,0.6660493827160494,0.6327838827838828,0.47619047619047616,0.5213032581453634,0.5767195767195766,0.6244181883279628,13,True
4001,478,2986,1293,78,3924,2,40,13,399,222,201,3924,1962,0.52,0.5,0.474,0.48,0.4795,0.49037740564858784,1,2192,1794,0.6765432098765433,0.5476190476190477,0.556390977443609,0.5037593984962406,0.6738512949039265,0.6034041146823103,13,True
4001,2097,1398,1314,78,3924,2,40,13,399,209,211,3924,1962,0.52,0.548,0.52,0.512,0.4975,0.49037740564858784,1,2228,2293,0.6876543209876543,0.6999389499389499,0.5238095238095238,0.5288220551378446,0.6343915343915344,0.6334242198903853,13,True
4001,1690,3380,1321,78,3924,2,40,13,399,211,184,3924,1963,0.48,0.472,0.488,0.494,0.498,0.490627343164209,3,2201,1963,0.679320987654321,0.5992063492063492,0.5288220551378446,0.46115288220551376,0.6404622667780563,0.5523699358285824,13,True
4001,2444,887,1429,78,3924,2,40,13,399,212,198,3924,1962,0.496,0.54,0.506,0.487,0.488,0.49037740564858784,1,2163,2082,0.6675925925925926,0.6355311355311355,0.531328320802005,0.49624060150375937,0.6434976329713172,0.5943980831198876,13,True
4001,946,1892,1458,78,3924,2,40,13,399,205,213,3924,1962,0.52,0.54,0.52,0.507,0.494,0.49037740564858784,1,2219,2116,0.6848765432098766,0.645909645909646,0.5137844611528822,0.5338345864661654,0.6222500696184907,0.6394282409320003,13,True
4001,2199,1466,1464,78,3924,2,40,13,399,232,219,3924,1963,0.496,0.496,0.464,0.473,0.482,0.490627343164209,3,2221,2084,0.6854938271604938,0.6361416361416361,0.581453634085213,0.5488721804511278,0.7042049568365358,0.6574403040568454,13,True
4001,3181,787,1465,78,3924,2,40,13,399,221,230,3924,1962,0.496,0.504,0.5,0.502,0.4845,0.49037740564858784,1,2216,2123,0.6839506172839506,0.6480463980463981,0.5538847117794486,0.5764411027568922,0.6708159287106655,0.690462419785728,13,True
4001,1039,3360,1508,78,3924,2,40,13,399,228,190,3924,1962,0.536,0.504,0.492,0.496,0.486,0.49037740564858784,1,2233,1932,0.6891975308641975,0.5897435897435898,0.5714285714285714,0.47619047619047616,0.692063492063492,0.5703819989534274,13,True
4001,1224,2448,1518,78,3924,2,40,13,399,237,183,3924,1962,0.48,0.46,0.454,0.465,0.4805,0.49037740564858784,1,2252,2026,0.6950617283950618,0.6184371184371185,0.5939849624060151,0.45864661654135336,0.7193817878028405,0.5493679253077749,13,True
4001,1329,2658,1729,78,3924,2,40,13,399,204,204,3924,1963,0.52,0.488,0.478,0.473,0.4915,0.490627343164209,3,2142,2049,0.6611111111111111,0.6254578754578755,0.5112781954887218,0.5112781954887218,0.6192147034252297,0.6124101462447327,13,True
4001,1580,2387,1750,78,3924,2,40,13,399,226,205,3924,1962,0.528,0.508,0.516,0.511,0.4975,0.49037740564858784,1,2179,2016,0.6725308641975308,0.6153846153846154,0.5664160401002506,0.5137844611528822,0.6859927596769702,0.6154121567655403,13,True
4001,1230,820,1753,78,3924,2,40,13,399,255,211,3924,1963,0.384,0.436,0.466,0.484,0.483,0.490627343164209,3,2236,2170,0.6901234567901234,0.6623931623931624,0.6390977443609023,0.5288220551378446,0.7740183792815372,0.6334242198903853,13,True
4001,843,562,1807,78,3924,2,40,13,399,238,186,3924,1963,0.432,0.44,0.504,0.482,0.481,0.490627343164209,3,2175,2111,0.6712962962962963,0.6443833943833944,0.5964912280701754,0.46616541353383456,0.7224171539961013,0.5583739568701974,13,True
4001,1056,2112,1829,78,3924,2,40,13,399,224,218,3924,1962,0.568,0.512,0.522,0.507,0.503,0.49037740564858784,1,2247,2093,0.6935185185185185,0.6388888888888888,0.5614035087719298,0.5463659147869674,0.6799220272904483,0.6544382935360379,13,True
4001,3275,3517,2034,78,3924,2,40,13,399,227,219,3924,1962,0.504,0.512,0.494,0.486,0.4915,0.49037740564858784,1,2180,2116,0.6728395061728395,0.645909645909646,0.568922305764411,0.5488721804511278,0.6890281258702312,0.6574403040568454,13,True
4001,2965,643,2039,78,3924,2,40,13,399,222,194,3924,1962,0.504,0.508,0.482,0.47,0.479,0.49037740564858784,1,2240,1982,0.691358024691358,0.605006105006105,0.556390977443609,0.48621553884711777,0.6738512949039265,0.5823900410366576,13,True
4001,2147,2765,2068,78,3924,2,40,13,399,213,203,3924,1962,0.488,0.472,0.456,0.487,0.4875,0.49037740564858784,1,2212,2043,0.682716049382716,0.6236263736263736,0.5338345864661654,0.5087719298245614,0.6465329991645782,0.6094081357239252,13,True
4001,2136,1424,2225,78,3924,2,40,13,399,214,208,3924,1963,0.456,0.484,0.486,0.498,0.496,0.490627343164209,3,2245,2225,0.6929012345679012,0.6791819291819292,0.5363408521303258,0.5213032581453634,0.649568365357839,0.6244181883279628,13,True
4001,565,1130,2298,78,3924,2,40,13,399,191,234,3924,1962,0.472,0.504,0.51,0.503,0.498,0.49037740564858784,1,2077,2210,0.6410493827160494,0.6746031746031746,0.47869674185463656,0.5864661654135338,0.5797549429128377,0.702470461868958,13,True
4001,2926,617,2330,78,3924,2,40,13,399,226,248,3924,1962,0.536,0.544,0.53,0.525,0.489,0.49037740564858784,1,2260,2126,0.6975308641975309,0.648962148962149,0.5664160401002506,0.6215538847117794,0.6859927596769702,0.7444986091602632,13,True
4001,3742,3483,2343,78,3924,2,40,13,399,238,203,3924,1963,0.48,0.464,0.474,0.491,0.4895,0.490627343164209,3,2220,2101,0.6851851851851852,0.6413308913308914,0.5964912280701754,0.5087719298245614,0.7224171539961013,0.6094081357239252,13,True
4001,98,196,2347,78,3924,2,40,13,399,228,220,3924,1963,0.456,0.516,0.52,0.496,0.4915,0.490627343164209,3,2232,2096,0.6888888888888889,0.6398046398046398,0.5714285714285714,0.5513784461152882,0.692063492063492,0.6604423145776529,13,True
4001,3528,2352,2386,78,3924,2,40,13,399,222,223,3924,1963,0.48,0.464,0.49,0.512,0.4895,0.490627343164209,3,2249,2215,0.6941358024691358,0.6761294261294262,0.556390977443609,0.5588972431077694,0.6738512949039265,0.6694483461400755,13,True
4001,3336,2224,2449,78,3924,2,40,13,399,221,217,3924,1962,0.52,0.512,0.454,0.475,0.483,0.49037740564858784,1,2237,2086,0.6904320987654321,0.6367521367521367,0.5538847117794486,0.543859649122807,0.6708159287106655,0.6514362830152305,13,True
4001,777,518,2460,78,3924,2,40,13,399,227,217,3924,1962,0.48,0.536,0.53,0.495,0.4985,0.49037740564858784,1,2186,1996,0.6746913580246914,0.6092796092796092,0.568922305764411,0.543859649122807,0.6890281258702312,0.6514362830152305,13,True
4001,751,1502,2532,78,3924,2,40,13,399,233,197,3924,1963,0.488,0.5,0.476,0.488,0.4905,0.490627343164209,3,2231,2228,0.6885802469135802,0.6800976800976801,0.5839598997493735,0.49373433583959897,0.7072403230297968,0.5913960725990801,13,True
4001,1657,3772,2554,78,3924,2,40,13,399,218,234,3924,1963,0.512,0.472,0.458,0.474,0.4805,0.490627343164209,3,2210,2233,0.6820987654320988,0.6816239316239316,0.5463659147869674,0.5864661654135338,0.6617098301308828,0.702470461868958,13,True
4001,3695,3797,2577,78,3924,2,40,13,399,241,203,3924,1963,0.544,0.516,0.492,0.48,0.4865,0.490627343164209,3,2215,2037,0.683641975308642,0.6217948717948718,0.6040100250626567,0.5087719298245614,0.7315232525758842,0.6094081357239252,13,True
4001,1500,1000,2611,78,3924,2,40,13,399,219,186,3924,1962,0.528,0.516,0.51,0.508,0.4915,0.49037740564858784,1,2206,1876,0.6808641975308642,0.5726495726495726,0.5488721804511278,0.46616541353383456,0.6647451963241438,0.5583739568701974,13,True
4001,2768,3179,2630,78,3924,2,40,13,399,248,236,3924,1963,0.56,0.532,0.504,0.485,0.4875,0.490627343164209,3,2165,2262,0.6682098765432098,0.6904761904761905,0.6215538847117794,0.5914786967418546,0.7527708159287106,0.7084744829105731,13,True
4001,3778,1185,2770,78,3924,2,40,13,399,231,227,3924,1962,0.448,0.488,0.474,0.474,0.4855,0.49037740564858784,1,2197,2148,0.6780864197530864,0.6556776556776557,0.5789473684210527,0.568922305764411,0.7011695906432748,0.6814563882233056,13,True
4001,2585,3057,2802,78,3924,2,40,13,399,257,243,3924,1963,0.464,0.488,0.494,0.484,0.495,0.490627343164209,3,2162,1932,0.667283950617284,0.5897435897435898,0.6441102756892231,0.6090225563909775,0.780089111668059,0.7294885565562258,13,True
4001,1474,3650,2827,78,3924,2,40,13,399,225,227,3924,1963,0.52,0.556,0.516,0.489,0.489,0.490627343164209,3,2199,2143,0.6787037037037037,0.6541514041514042,0.5639097744360902,0.568922305764411,0.6829573934837093,0.6814563882233056,13,True
4001,1085,2057,2900,78,3924,2,40,13,399,226,220,3924,1962,0.504,0.5,0.482,0.484,0.505,0.49037740564858784,1,2248,2200,0.6938271604938272,0.6715506715506715,0.5664160401002506,0.5513784461152882,0.6859927596769702,0.6604423145776529,13,True
4001,1697,3394,2982,78,3924,2,40,13,399,251,209,3924,1963,0.472,0.432,0.462,0.478,0.4775,0.490627343164209,3,2231,2095,0.6885802469135802,0.6394993894993894,0.6290726817042607,0.5238095238095238,0.7618769145084935,0.6274201988487703,13,True
4001,1479,2958,3036,78,3924,2,40,13,399,220,239,3924,1963,0.536,0.528,0.51,0.494,0.4915,0.490627343164209,3,2182,2291,0.6734567901234568,0.6993284493284493,0.5513784461152882,0.5989974937343359,0.6677805625174046,0.7174805144729957,13,True
4001,2953,1905,3157,78,3924,2,40,13,399,231,252,3924,1963,0.504,0.46,0.496,0.485,0.479,0.490627343164209,3,2203,2082,0.6799382716049382,0.6355311355311355,0.5789473684210527,0.631578947368421,0.7011695906432748,0.7565066512434934,13,True
4001,3112,2223,3221,78,3924,2,40,13,399,226,286,3924,1963,0.488,0.468,0.472,0.488,0.488,0.490627343164209,3,2244,2178,0.6925925925925925,0.6648351648351648,0.5664160401002506,0.7167919799498746,0.6859927596769702,0.8585750089509487,13,True
4001,2813,3209,3272,78,3924,2,40,13,399,219,213,3924,1962,0.44,0.52,0.506,0.512,0.493,0.49037740564858784,1,2176,2045,0.671604938271605,0.6242368742368742,0.5488721804511278,0.5338345864661654,0.6647451963241438,0.6394282409320003,13,True
4001,3343,895,3544,78,3924,2,40,13,399,227,218,3924,1962,0.496,0.44,0.48,0.485,0.499,0.49037740564858784,1,2213,1980,0.6830246913580247,0.6043956043956044,0.568922305764411,0.5463659147869674,0.6890281258702312,0.6544382935360379,13,True
4001,2704,469,3581,78,3924,2,40,13,399,224,209,3924,1963,0.504,0.488,0.46,0.466,0.482,0.490627343164209,3,2173,2040,0.6706790123456791,0.6227106227106227,0.5614035087719298,0.5238095238095238,0.6799220272904483,0.6274201988487703,13,True
4001,1815,1210,3587,78,3924,2,40,13,399,229,218,3924,1962,0.56,0.56,0.512,0.502,0.496,0.49037740564858784,1,2297,2192,0.7089506172839506,0.6691086691086691,0.5739348370927319,0.5463659147869674,0.695098858256753,0.6544382935360379,13,True
4001,2633,3089,3596,78,3924,2,40,13,399,239,217,3924,1962,0.432,0.456,0.512,0.519,0.497,0.49037740564858784,1,2196,1966,0.6777777777777778,0.6001221001221001,0.5989974937343359,0.543859649122807,0.7254525201893623,0.6514362830152305,13,True
4001,3273,2182,3617,78,3924,2,40,13,399,234,213,3924,1963,0.52,0.516,0.512,0.514,0.4915,0.490627343164209,3,2199,2003,0.6787037037037037,0.6114163614163615,0.5864661654135338,0.5338345864661654,0.7102756892230576,0.6394282409320003,13,True
4001,987,1974,3718,78,3924,2,40,13,399,219,222,3924,1962,0.464,0.508,0.496,0.495,0.492,0.49037740564858784,1,2188,2133,0.6753086419753086,0.6510989010989011,0.5488721804511278,0.556390977443609,0.6647451963241438,0.6664463356192679,13,True
4001,2019,1346,3720,78,3924,2,40,13,399,216,221,3924,1962,0.448,0.48,0.488,0.492,0.487,0.49037740564858784,1,2240,2148,0.691358024691358,0.6556776556776557,0.5413533834586466,0.5538847117794486,0.6556390977443608,0.6634443250984604,13,True
4001,1230,2460,3763,78,3924,2,40,13,399,226,191,3924,1963,0.44,0.44,0.472,0.461,0.4795,0.490627343164209,3,2221,1848,0.6854938271604938,0.5641025641025641,0.5664160401002506,0.47869674185463656,0.6859927596769702,0.5733840094742351,13,True
4001,3740,3479,3774,78,3924,2,40,13,399,219,216,3924,1963,0.504,0.46,0.476,0.492,0.502,0.490627343164209,3,2192,2150,0.6765432098765433,0.6562881562881563,0.5488721804511278,0.5413533834586466,0.6647451963241438,0.6484342724944228,13,True
4001,2905,603,3779,78,3924,2,40,13,399,225,216,3924,1962,0.488,0.496,0.48,0.501,0.496,0.49037740564858784,1,2222,2096,0.6858024691358025,0.6398046398046398,0.5639097744360902,0.5413533834586466,0.6829573934837093,0.6484342724944228,13,True
4001,108,216,3783,78,3924,2,40,13,399,226,186,3924,1962,0.368,0.42,0.442,0.459,0.471,0.49037740564858784,1,2229,1958,0.687962962962963,0.5976800976800977,0.5664160401002506,0.46616541353383456,0.6859927596769702,0.5583739568701974,13,True
4001,2761,1521,3795,78,3924,2,40,13,399,228,191,3924,1963,0.4,0.456,0.482,0.48,0.4825,0.490627343164209,3,2247,2160,0.6935185185185185,0.6593406593406593,0.5714285714285714,0.47869674185463656,0.692063492063492,0.5733840094742351,13,True
4001,3590,3179,3850,78,3924,2,40,13,399,223,221,3924,1962,0.512,0.484,0.492,0.499,0.505,0.49037740564858784,1,2259,2042,0.6972222222222222,0.6233211233211233,0.5588972431077694,0.5538847117794486,0.6768866610971874,0.6634443250984604,13,True
4001,542,1084,3868,78,3924,2,40,13,399,224,228,3924,1963,0.48,0.484,0.49,0.494,0.494,0.490627343164209,3,2194,2113,0.6771604938271605,0.644993894993895,0.5614035087719298,0.5714285714285714,0.6799220272904483,0.684458398744113,13,True
4001,2736,1824,3926,78,3924,2,40,13,399,232,222,3924,1963,0.432,0.488,0.48,0.5,0.483,0.490627343164209,3,2188,2190,0.6753086419753086,0.6684981684981685,0.581453634085213,0.556390977443609,0.7042049568365358,0.6664463356192679,13,True
4001,2909,1817,3947,78,3924,2,40,13,399,243,240,3924,1962,0.472,0.484,0.498,0.487,0.482,0.49037740564858784,1,2288,2132,0.7061728395061728,0.6507936507936508,0.6090225563909775,0.6015037593984962,0.737593984962406,0.720482524993803,13,True
4001,1518,1012,3950,78,3924,2,40,13,399,209,214,3924,1963,0.456,0.476,0.49,0.499,0.498,0.490627343164209,3,2250,1960,0.6944444444444444,0.5982905982905983,0.5238095238095238,0.5363408521303258,0.6343915343915344,0.6424302514528079,13,True
4001,2194,387,3966,78,3924,2,40,13,399,251,216,3924,1963,0.472,0.468,0.486,0.493,0.492,0.490627343164209,3,2265,2122,0.6990740740740741,0.6477411477411478,0.6290726817042607,0.5413533834586466,0.7618769145084935,0.6484342724944228,13,True
4001,3932,3863,3982,78,3924,2,40,13,399,199,185,3924,1962,0.496,0.508,0.486,0.488,0.4805,0.49037740564858784,1,2190,1702,0.6759259259259259,0.5195360195360196,0.49874686716791977,0.46365914786967416,0.604037872458925,0.5553719463493899,13,True
4001,1574,3148,3988,78,3924,2,40,13,399,213,202,3924,1962,0.528,0.516,0.534,0.51,0.487,0.49037740564858784,1,2240,1926,0.691358024691358,0.5879120879120879,0.5338345864661654,0.506265664160401,0.6465329991645782,0.6064061252031177,13,True
4001,1199,2398,6,-78,4080,2,40,13,400,223,195,4080,2041,0.528,0.52,0.502,0.507,0.4995,0.5101224693826544,3,2228,2024,0.6876543209876543,0.6178266178266179,0.5575,0.4875,0.702037037037037,0.6071428571428571,13,True
4001,716,1811,18,-78,4080,2,40,13,400,211,192,4080,2041,0.552,0.532,0.53,0.525,0.508,0.5101224693826544,3,2273,2111,0.7015432098765432,0.6443833943833944,0.5275,0.48,0.6642592592592592,0.5978021978021978,13,True
4001,984,656,81,-78,4080,2,40,13,400,212,240,4080,2040,0.552,0.46,0.472,0.502,0.4995,0.5098725318670333,1,2262,2248,0.6981481481481482,0.6862026862026862,0.53,0.6,0.6674074074074074,0.7472527472527473,13,True
4001,2857,571,109,-78,4080,2,40,13,400,209,202,4080,2040,0.488,0.492,0.494,0.507,0.508,0.5098725318670333,1,2172,2041,0.6703703703703704,0.623015873015873,0.5225,0.505,0.6579629629629629,0.6289377289377289,13,True
4001,1499,2998,161,-78,4080,2,40,13,400,230,198,4080,2040,0.512,0.464,0.496,0.516,0.5095,0.5098725318670333,1,2288,2126,0.7061728395061728,0.648962148962149,0.575,0.495,0.7240740740740741,0.6164835164835164,13,True
4001,1293,2586,165,-78,4080,2,40,13,400,243,198,4080,2041,0.52,0.5,0.52,0.479,0.4915,0.5101224693826544,3,2200,2175,0.6790123456790124,0.6639194139194139,0.6075,0.495,0.7650000000000001,0.6164835164835164,13,True
4001,2495,989,177,-78,4080,2,40,13,400,236,171,4080,2041,0.568,0.552,0.516,0.528,0.5175,0.5101224693826544,3,2211,1899,0.6824074074074075,0.5796703296703297,0.59,0.4275,0.7429629629629629,0.5324175824175824,13,True
4001,1685,2457,189,-78,4080,2,40,13,400,252,202,4080,2041,0.496,0.528,0.502,0.488,0.493,0.5101224693826544,3,2316,2172,0.7148148148148148,0.663003663003663,0.63,0.505,0.7933333333333333,0.6289377289377289,13,True
4001,210,420,265,-78,4080,2,40,13,400,225,207,4080,2040,0.488,0.5,0.48,0.497,0.5175,0.5098725318670333,1,2198,1984,0.678395061728395,0.6056166056166056,0.5625,0.5175,0.7083333333333334,0.6445054945054944,13,True
4001,1520,3040,309,-78,4080,2,40,13,400,240,215,4080,2040,0.528,0.536,0.526,0.525,0.504,0.5098725318670333,1,2246,2242,0.6932098765432099,0.6843711843711844,0.6,0.5375,0.7555555555555555,0.6694139194139194,13,True
4001,3996,2664,319,-78,4080,2,40,13,400,204,243,4080,2041,0.456,0.472,0.504,0.497,0.51,0.5101224693826544,3,2308,2220,0.7123456790123457,0.6776556776556777,0.51,0.6075,0.6422222222222222,0.7565934065934067,13,True
4001,1137,2274,368,-78,4080,2,40,13,400,227,198,4080,2040,0.512,0.492,0.5,0.506,0.499,0.5098725318670333,1,2300,2134,0.7098765432098766,0.6514041514041514,0.5675,0.495,0.7146296296296296,0.6164835164835164,13,True
4001,299,1533,386,-78,4080,2,40,13,400,212,194,4080,2040,0.592,0.544,0.51,0.503,0.5115,0.5098725318670333,1,2195,1982,0.6774691358024691,0.605006105006105,0.53,0.485,0.6674074074074074,0.604029304029304,13,True
4001,3251,2501,481,-78,4080,2,40,13,400,226,226,4080,2040,0.56,0.54,0.51,0.527,0.5195,0.5098725318670333,1,2245,2232,0.6929012345679012,0.6813186813186813,0.565,0.565,0.7114814814814814,0.7036630036630036,13,True
4001,3142,2283,553,-78,4080,2,40,13,400,221,202,4080,2041,0.408,0.44,0.49,0.503,0.514,0.5101224693826544,3,2204,2183,0.6802469135802469,0.6663614163614163,0.5525,0.505,0.6957407407407407,0.6289377289377289,13,True
4001,3952,1301,623,-78,4080,2,40,13,400,223,232,4080,2040,0.464,0.468,0.49,0.51,0.501,0.5098725318670333,1,2212,2201,0.682716049382716,0.6718559218559218,0.5575,0.58,0.702037037037037,0.7223443223443222,13,True
4001,2428,855,635,-78,4080,2,40,13,400,246,234,4080,2040,0.52,0.512,0.52,0.52,0.5035,0.5098725318670333,1,2258,2268,0.6969135802469136,0.6923076923076923,0.615,0.585,0.7744444444444444,0.7285714285714285,13,True
4001,3318,2212,653,-78,4080,2,40,13,400,219,206,4080,2040,0.52,0.516,0.472,0.496,0.5145,0.5098725318670333,1,2246,2160,0.6932098765432099,0.6593406593406593,0.5475,0.515,0.6894444444444444,0.6413919413919414,13,True
4001,14,1343,717,-78,4080,2,40,13,400,219,173,4080,2040,0.52,0.504,0.512,0.497,0.5045,0.5098725318670333,1,2136,1833,0.6592592592592592,0.5595238095238095,0.5475,0.4325,0.6894444444444444,0.5386446886446886,13,True
4001,1396,2792,728,-78,4080,2,40,13,400,216,216,4080,2041,0.488,0.516,0.502,0.508,0.5045,0.5101224693826544,3,2255,2192,0.6959876543209876,0.6691086691086691,0.54,0.54,0.68,0.6725274725274726,13,True
4001,1670,3340,748,-78,4080,2,40,13,400,229,202,4080,2041,0.44,0.488,0.482,0.502,0.5085,0.5101224693826544,3,2209,2108,0.6817901234567901,0.6434676434676435,0.5725,0.505,0.720925925925926,0.6289377289377289,13,True
4001,3931,3861,766,-78,4080,2,40,13,400,236,232,4080,2040,0.456,0.488,0.51,0.516,0.515,0.5098725318670333,1,2312,2251,0.7135802469135802,0.6871184371184371,0.59,0.58,0.7429629629629629,0.7223443223443222,13,True
4001,476,952,808,-78,4080,2,40,13,400,217,219,4080,2040,0.496,0.5,0.512,0.525,0.5275,0.5098725318670333,1,2220,2151,0.6851851851851852,0.6565934065934066,0.5425,0.5475,0.6831481481481482,0.6818681318681318,13,True
4001,72,144,893,-78,4080,2,40,13,400,240,202,4080,2040,0.52,0.492,0.498,0.484,0.501,0.5098725318670333,1,2280,2081,0.7037037037037037,0.6352258852258852,0.6,0.505,0.7555555555555555,0.6289377289377289,13,True
4001,1909,3940,905,-78,4080,2,40,13,400,241,219,4080,2040,0.568,0.592,0.554,0.514,0.5195,0.5098725318670333,1,2218,2278,0.6845679012345679,0.6953601953601953,0.6025,0.5475,0.7587037037037038,0.6818681318681318,13,True
4001,3494,2987,1025,-78,4080,2,40,13,400,211,206,4080,2040,0.488,0.504,0.51,0.519,0.5075,0.5098725318670333,1,2229,2195,0.687962962962963,0.67002442002442,0.5275,0.515,0.6642592592592592,0.6413919413919414,13,True
4001,2346,691,1157,-78,4080,2,40,13,400,201,183,4080,2041,0.496,0.488,0.524,0.511,0.5105,0.5101224693826544,3,2254,1950,0.695679012345679,0.5952380952380952,0.5025,0.4575,0.6327777777777778,0.5697802197802199,13,True
4001,3105,2070,1232,-78,4080,2,40,13,400,230,200,4080,2041,0.536,0.536,0.524,0.504,0.52,0.5101224693826544,3,2237,2018,0.6904320987654321,0.615995115995116,0.575,0.5,0.7240740740740741,0.6227106227106227,13,True
4001,1894,3788,1258,-78,4080,2,40,13,400,219,214,4080,2041,0.536,0.5,0.49,0.499,0.501,0.5101224693826544,3,2229,2166,0.687962962962963,0.6611721611721612,0.5475,0.535,0.6894444444444444,0.6663003663003664,13,True
4001,301,602,1293,-78,4080,2,40,13,400,211,203,4080,2040,0.536,0.508,0.494,0.515,0.525,0.5098725318670333,1,2290,2156,0.7067901234567902,0.6581196581196581,0.5275,0.5075,0.6642592592592592,0.632051282051282,13,True
4001,2869,1737,1314,-78,4080,2,40,13,400,217,187,4080,2040,0.52,0.516,0.476,0.481,0.502,0.5098725318670333,1,2232,2000,0.6888888888888889,0.6105006105006106,0.5425,0.4675,0.6831481481481482,0.5822344322344323,13,True
4001,1966,3978,1321,-78,4080,2,40,13,400,226,191,4080,2041,0.48,0.48,0.514,0.51,0.514,0.5101224693826544,3,2302,1971,0.7104938271604938,0.6016483516483516,0.565,0.4775,0.7114814814814814,0.5946886446886447,13,True
4001,3828,2552,1429,-78,4080,2,40,13,400,225,199,4080,2040,0.48,0.512,0.5,0.507,0.5055,0.5098725318670333,1,2248,2126,0.6938271604938272,0.648962148962149,0.5625,0.4975,0.7083333333333334,0.6195970695970696,13,True
4001,3217,811,1458,-78,4080,2,40,13,400,207,181,4080,2040,0.52,0.492,0.512,0.517,0.516,0.5098725318670333,1,2169,1996,0.6694444444444444,0.6092796092796092,0.5175,0.4525,0.6516666666666665,0.5635531135531135,13,True
4001,3787,3573,1464,-78,4080,2,40,13,400,217,232,4080,2041,0.52,0.484,0.508,0.498,0.5015,0.5101224693826544,3,2311,2290,0.7132716049382716,0.699023199023199,0.5425,0.58,0.6831481481481482,0.7223443223443222,13,True
4001,622,1244,1465,-78,4080,2,40,13,400,211,217,4080,2040,0.536,0.472,0.49,0.516,0.51,0.5098725318670333,1,2194,2160,0.6771604938271605,0.6593406593406593,0.5275,0.5425,0.6642592592592592,0.6756410256410257,13,True
4001,1349,2698,1508,-78,4080,2,40,13,400,222,211,4080,2040,0.448,0.48,0.526,0.522,0.5175,0.5098725318670333,1,2289,2069,0.7064814814814815,0.6315628815628815,0.555,0.5275,0.6988888888888889,0.656959706959707,13,True
4001,136,2758,1518,-78,4080,2,40,13,400,189,221,4080,2040,0.56,0.56,0.512,0.499,0.5075,0.5098725318670333,1,2206,2216,0.6808641975308642,0.6764346764346765,0.4725,0.5525,0.595,0.6880952380952381,13,True
4001,2815,543,1729,-78,4080,2,40,13,400,245,189,4080,2041,0.48,0.492,0.5,0.527,0.524,0.5101224693826544,3,2181,2129,0.6731481481481482,0.6498778998778999,0.6125,0.4725,0.7712962962962963,0.5884615384615385,13,True
4001,2217,433,1750,-78,4080,2,40,13,400,207,194,4080,2040,0.488,0.488,0.514,0.514,0.506,0.5098725318670333,1,2288,2037,0.7061728395061728,0.6217948717948718,0.5175,0.485,0.6516666666666665,0.604029304029304,13,True
4001,3068,2135,1753,-78,4080,2,40,13,400,237,217,4080,2041,0.608,0.6,0.56,0.54,0.517,0.5101224693826544,3,2216,2256,0.6839506172839506,0.6886446886446886,0.5925,0.5425,0.7461111111111112,0.6756410256410257,13,True
4001,3586,3171,1807,-78,4080,2,40,13,400,220,211,4080,2041,0.48,0.504,0.508,0.517,0.514,0.5101224693826544,3,2219,2010,0.6848765432098766,0.6135531135531136,0.55,0.5275,0.6925925925925925,0.656959706959707,13,True
4001,1451,2301,1829,-78,4080,2,40,13,400,228,242,4080,2040,0.48,0.484,0.47,0.513,0.511,0.5098725318670333,1,2262,2326,0.6981481481481482,0.71001221001221,0.57,0.605,0.7177777777777777,0.7534798534798535,13,True
4001,1468,2936,2034,-78,4080,2,40,13,400,238,211,4080,2040,0.544,0.528,0.51,0.494,0.504,0.5098725318670333,1,2284,2184,0.7049382716049383,0.6666666666666666,0.595,0.5275,0.7492592592592592,0.656959706959707,13,True
4001,2679,1357,2039,-78,4080,2,40,13,400,228,222,4080,2040,0.512,0.532,0.52,0.511,0.515,0.5098725318670333,1,2212,2178,0.682716049382716,0.6648351648351648,0.57,0.555,0.7177777777777777,0.6912087912087912,13,True
4001,3319,2637,2068,-78,4080,2,40,13,400,207,237,4080,2040,0.552,0.52,0.526,0.512,0.5215,0.5098725318670333,1,2208,2188,0.6814814814814815,0.6678876678876678,0.5175,0.5925,0.6516666666666665,0.737912087912088,13,True
4001,3220,2439,2225,-78,4080,2,40,13,400,218,192,4080,2041,0.432,0.492,0.532,0.528,0.5105,0.5101224693826544,3,2311,2031,0.7132716049382716,0.61996336996337,0.545,0.48,0.6862962962962964,0.5978021978021978,13,True
4001,1841,2561,2298,-78,4080,2,40,13,400,215,202,4080,2040,0.52,0.5,0.492,0.493,0.5005,0.5098725318670333,1,2258,2126,0.6969135802469136,0.648962148962149,0.5375,0.505,0.6768518518518518,0.6289377289377289,13,True
4001,2328,655,2330,-78,4080,2,40,13,400,225,195,4080,2040,0.448,0.476,0.486,0.49,0.5115,0.5098725318670333,1,2222,2022,0.6858024691358025,0.6172161172161172,0.5625,0.4875,0.7083333333333334,0.6071428571428571,13,True
4001,2194,129,2343,-78,4080,2,40,13,400,219,223,4080,2041,0.592,0.572,0.512,0.519,0.5175,0.5101224693826544,3,2190,2058,0.6759259259259259,0.6282051282051282,0.5475,0.5575,0.6894444444444444,0.6943223443223443,13,True
4001,900,600,2347,-78,4080,2,40,13,400,226,208,4080,2041,0.512,0.524,0.52,0.508,0.513,0.5101224693826544,3,2311,2252,0.7132716049382716,0.6874236874236874,0.565,0.52,0.7114814814814814,0.6476190476190475,13,True
4001,3745,3489,2386,-78,4080,2,40,13,400,219,195,4080,2041,0.52,0.524,0.506,0.51,0.506,0.5101224693826544,3,2227,1867,0.6873456790123457,0.5699023199023199,0.5475,0.4875,0.6894444444444444,0.6071428571428571,13,True
4001,2017,33,2449,-78,4080,2,40,13,400,213,222,4080,2040,0.504,0.508,0.48,0.499,0.5175,0.5098725318670333,1,2254,2126,0.695679012345679,0.648962148962149,0.5325,0.555,0.6705555555555556,0.6912087912087912,13,True
4001,2992,1983,2460,-78,4080,2,40,13,400,221,219,4080,2040,0.552,0.516,0.524,0.488,0.5025,0.5098725318670333,1,2261,2218,0.6978395061728395,0.6770451770451771,0.5525,0.5475,0.6957407407407407,0.6818681318681318,13,True
4001,528,352,2532,-78,4080,2,40,13,400,224,220,4080,2041,0.496,0.504,0.512,0.528,0.5145,0.5101224693826544,3,2331,2218,0.7194444444444444,0.6770451770451771,0.56,0.55,0.7051851851851852,0.684981684981685,13,True
4001,2910,1819,2554,-78,4080,2,40,13,400,213,207,4080,2041,0.608,0.516,0.528,0.522,0.512,0.5101224693826544,3,2244,1989,0.6925925925925925,0.6071428571428571,0.5325,0.5175,0.6705555555555556,0.6445054945054944,13,True
4001,1247,2494,2577,-78,4080,2,40,13,400,221,208,4080,2041,0.432,0.488,0.496,0.501,0.4935,0.5101224693826544,3,2224,2042,0.6864197530864198,0.6233211233211233,0.5525,0.52,0.6957407407407407,0.6476190476190475,13,True
4001,1497,2994,2611,-78,4080,2,40,13,400,228,227,4080,2040,0.536,0.508,0.528,0.521,0.512,0.5098725318670333,1,2269,2218,0.7003086419753086,0.6770451770451771,0.57,0.5675,0.7177777777777777,0.7067765567765568,13,True
4001,906,1812,2630,-78,4080,2,40,13,400,215,215,4080,2041,0.464,0.464,0.496,0.5,0.5135,0.5101224693826544,3,2220,2087,0.6851851851851852,0.637057387057387,0.5375,0.5375,0.6768518518518518,0.6694139194139194,13,True
4001,1994,3988,2770,-78,4080,2,40,13,400,232,202,4080,2040,0.512,0.532,0.52,0.507,0.5135,0.5098725318670333,1,2238,2108,0.6907407407407408,0.6434676434676435,0.58,0.505,0.7303703703703702,0.6289377289377289,13,True
4001,3260,2519,2802,-78,4080,2,40,13,400,228,212,4080,2041,0.544,0.492,0.488,0.491,0.503,0.5101224693826544,3,2298,2192,0.7092592592592593,0.6691086691086691,0.57,0.53,0.7177777777777777,0.6600732600732601,13,True
4001,1263,2526,2827,-78,4080,2,40,13,400,233,185,4080,2041,0.56,0.548,0.524,0.515,0.5115,0.5101224693826544,3,2220,1815,0.6851851851851852,0.5540293040293041,0.5825,0.4625,0.7335185185185185,0.576007326007326,13,True
4001,1763,3526,2900,-78,4080,2,40,13,400,219,187,4080,2040,0.56,0.512,0.5,0.504,0.504,0.5098725318670333,1,2240,1926,0.691358024691358,0.5879120879120879,0.5475,0.4675,0.6894444444444444,0.5822344322344323,13,True
4001,3745,1163,2982,-78,4080,2,40,13,400,238,209,4080,2041,0.544,0.508,0.51,0.489,0.5035,0.5101224693826544,3,2282,2194,0.7043209876543209,0.6697191697191697,0.595,0.5225,0.7492592592592592,0.6507326007326006,13,True
4001,1498,3666,3036,-78,4080,2,40,13,400,206,227,4080,2041,0.48,0.468,0.49,0.502,0.5055,0.5101224693826544,3,2196,2149,0.6777777777777778,0.655982905982906,0.515,0.5675,0.6485185185185186,0.7067765567765568,13,True
4001,3440,3627,3157,-78,4080,2,40,13,400,235,211,4080,2041,0.576,0.568,0.554,0.543,0.5215,0.5101224693826544,3,2253,2175,0.6953703703703704,0.6639194139194139,0.5875,0.5275,0.7398148148148148,0.656959706959707,13,True
4001,2124,1416,3221,-78,4080,2,40,13,400,224,211,4080,2041,0.52,0.564,0.53,0.514,0.5145,0.5101224693826544,3,2285,2154,0.7052469135802469,0.6575091575091575,0.56,0.5275,0.7051851851851852,0.656959706959707,13,True
4001,1311,2622,3272,-78,4080,2,40,13,400,226,220,4080,2040,0.496,0.488,0.47,0.482,0.4995,0.5098725318670333,1,2244,2216,0.6925925925925925,0.6764346764346765,0.565,0.55,0.7114814814814814,0.684981684981685,13,True
4001,2080,159,3544,-78,4080,2,40,13,400,221,210,4080,2040,0.56,0.532,0.536,0.539,0.512,0.5098725318670333,1,2244,2181,0.6925925925925925,0.6657509157509157,0.5525,0.525,0.6957407407407407,0.6538461538461539,13,True
4001,330,660,3581,-78,4080,2,40,13,400,241,203,4080,2041,0.44,0.472,0.486,0.516,0.5075,0.5101224693826544,3,2265,2103,0.6990740740740741,0.641941391941392,0.6025,0.5075,0.7587037037037038,0.632051282051282,13,True
4001,331,662,3587,-78,4080,2,40,13,400,221,221,4080,2040,0.416,0.444,0.468,0.482,0.501,0.5098725318670333,1,2258,2080,0.6969135802469136,0.6349206349206349,0.5525,0.5525,0.6957407407407407,0.6880952380952381,13,True
4001,3692,3383,3596,-78,4080,2,40,13,400,215,188,4080,2040,0.488,0.5,0.546,0.504,0.507,0.5098725318670333,1,2211,2026,0.6824074074074075,0.6184371184371185,0.5375,0.47,0.6768518518518518,0.5853479853479853,13,True
4001,1450,2900,3617,-78,4080,2,40,13,400,233,236,4080,2041,0.464,0.464,0.498,0.507,0.5035,0.5101224693826544,3,2205,2239,0.6805555555555556,0.6834554334554335,0.5825,0.59,0.7335185185185185,0.7347985347985347,13,True
4001,2777,3185,3718,-78,4080,2,40,13,400,220,213,4080,2040,0.576,0.552,0.534,0.514,0.5065,0.5098725318670333,1,2252,2177,0.6950617283950618,0.6645299145299145,0.55,0.5325,0.6925925925925925,0.6631868131868132,13,True
4001,2167,333,3720,-78,4080,2,40,13,400,212,249,4080,2040,0.488,0.504,0.49,0.513,0.5075,0.5098725318670333,1,2255,2248,0.6959876543209876,0.6862026862026862,0.53,0.6225,0.6674074074074074,0.7752747252747253,13,True
4001,2804,3203,3763,-78,4080,2,40,13,400,237,201,4080,2041,0.528,0.548,0.542,0.512,0.509,0.5101224693826544,3,2299,2045,0.7095679012345679,0.6242368742368742,0.5925,0.5025,0.7461111111111112,0.6258241758241758,13,True
4001,3972,2648,3774,-78,4080,2,40,13,400,237,198,4080,2041,0.504,0.508,0.494,0.506,0.506,0.5101224693826544,3,2245,2190,0.6929012345679012,0.6684981684981685,0.5925,0.495,0.7461111111111112,0.6164835164835164,13,True
4001,2139,277,3779,-78,4080,2,40,13,400,210,214,4080,2040,0.496,0.5,0.512,0.492,0.5115,0.5098725318670333,1,2261,2174,0.6978395061728395,0.6636141636141636,0.525,0.535,0.6611111111111111,0.6663003663003664,13,True
4001,12,8,3783,-78,4080,2,40,13,400,218,221,4080,2040,0.568,0.552,0.546,0.525,0.513,0.5098725318670333,1,2296,2178,0.7086419753086419,0.6648351648351648,0.545,0.5525,0.6862962962962964,0.6880952380952381,13,True
4001,2085,1390,3795,-78,4080,2,40,13,400,231,217,4080,2041,0.52,0.476,0.504,0.499,0.5135,0.5101224693826544,3,2208,1923,0.6814814814814815,0.586996336996337,0.5775,0.5425,0.7272222222222223,0.6756410256410257,13,True
4001,1288,3526,3850,-78,4080,2,40,13,400,215,225,4080,2040,0.552,0.528,0.518,0.516,0.518,0.5098725318670333,1,2272,2329,0.7012345679012346,0.710927960927961,0.5375,0.5625,0.6768518518518518,0.7005494505494505,13,True
4001,2283,1522,3868,-78,4080,2,40,13,400,209,226,4080,2041,0.488,0.476,0.478,0.488,0.5045,0.5101224693826544,3,2207,2219,0.6811728395061728,0.6773504273504274,0.5225,0.565,0.6579629629629629,0.7036630036630036,13,True
4001,618,1236,3926,-78,4080,2,40,13,400,241,231,4080,2041,0.552,0.548,0.544,0.528,0.525,0.5101224693826544,3,2239,2187,0.6910493827160494,0.6675824175824175,0.6025,0.5775,0.7587037037037038,0.7192307692307693,13,True
4001,2546,3031,3947,-78,4080,2,40,13,400,225,228,4080,2040,0.536,0.548,0.518,0.514,0.5205,0.5098725318670333,1,2334,2312,0.7203703703703703,0.7057387057387058,0.5625,0.57,0.7083333333333334,0.7098901098901098,13,True
4001,1659,3318,3950,-78,4080,2,40,13,400,226,193,4080,2041,0.584,0.564,0.514,0.516,0.506,0.5101224693826544,3,2213,2212,0.6830246913580247,0.6752136752136753,0.565,0.4825,0.7114814814814814,0.6009157509157509,13,True
4001,2022,1348,3966,-78,4080,2,40,13,400,214,195,4080,2041,0.52,0.512,0.508,0.505,0.518,0.5101224693826544,3,2265,1982,0.6990740740740741,0.605006105006105,0.535,0.4875,0.6737037037037038,0.6071428571428571,13,True
4001,1326,884,3982,-78,4080,2,40,13,400,249,201,4080,2040,0.52,0.496,0.514,0.498,0.513,0.5098725318670333,1,2261,2114,0.6978395061728395,0.6452991452991453,0.6225,0.5025,0.783888888888889,0.6258241758241758,13,True
4001,1064,2043,3988,-78,4080,2,40,13,400,220,237,4080,2040,0.512,0.496,0.51,0.518,0.525,0.5098725318670333,1,2284,2290,0.7049382716049383,0.699023199023199,0.55,0.5925,0.6925925925925925,0.737912087912088,13,True
4001,778,1556,10,90,3912,2,40,13,400,223,224,3912,1956,0.424,0.452,0.486,0.479,0.4845,0.4888777805548613,1,2241,2198,0.6916666666666667,0.6709401709401709,0.5575,0.56,0.6731296296296296,0.6687179487179488,13,True
4001,3226,817,97,90,3912,2,40,13,400,219,216,3912,1956,0.368,0.412,0.43,0.46,0.479,0.4888777805548613,1,2181,2154,0.6731481481481482,0.6575091575091575,0.5475,0.54,0.6610555555555556,0.6448351648351648,13,True
4001,832,1664,118,90,3912,2,40,13,400,243,232,3912,1956,0.52,0.448,0.478,0.491,0.4985,0.4888777805548613,1,2235,2176,0.6898148148148148,0.6642246642246642,0.6075,0.58,0.7335,0.6926007326007326,13,True
4001,3209,3473,122,90,3912,2,40,13,400,222,248,3912,1957,0.488,0.496,0.51,0.492,0.492,0.4891277180704824,3,2215,2164,0.683641975308642,0.6605616605616605,0.555,0.62,0.6701111111111112,0.7403663003663004,13,True
4001,2944,629,131,90,3912,2,40,13,400,216,188,3912,1956,0.536,0.476,0.464,0.478,0.4765,0.4888777805548613,1,2244,2010,0.6925925925925925,0.6135531135531136,0.54,0.47,0.652,0.5612454212454212,13,True
4001,706,1412,136,90,3912,2,40,13,400,231,220,3912,1956,0.464,0.496,0.52,0.512,0.4995,0.4888777805548613,1,2239,2170,0.6910493827160494,0.6623931623931624,0.5775,0.55,0.6972777777777778,0.6567765567765569,13,True
4001,1235,2157,179,90,3912,2,40,13,400,218,200,3912,1957,0.544,0.484,0.494,0.492,0.4885,0.4891277180704824,3,2194,1862,0.6771604938271605,0.5683760683760684,0.545,0.5,0.658037037037037,0.5970695970695971,13,True
4001,3005,2009,203,90,3912,2,40,13,400,224,207,3912,1957,0.464,0.456,0.504,0.5,0.4915,0.4891277180704824,3,2148,2051,0.662962962962963,0.6260683760683761,0.56,0.5175,0.6761481481481483,0.6179670329670329,13,True
4001,2737,1473,252,90,3912,2,40,13,400,228,246,3912,1956,0.48,0.488,0.5,0.516,0.5015,0.4888777805548613,1,2240,2152,0.691358024691358,0.6568986568986569,0.57,0.615,0.6882222222222222,0.7343956043956045,13,True
4001,1818,3636,317,90,3912,2,40,13,400,204,226,3912,1956,0.504,0.484,0.486,0.503,0.4895,0.4888777805548613,1,2188,2089,0.6753086419753086,0.6376678876678876,0.51,0.565,0.6157777777777779,0.6746886446886446,13,True
4001,3125,2249,454,90,3912,2,40,13,400,224,209,3912,1957,0.4,0.464,0.502,0.515,0.4855,0.4891277180704824,3,2230,2066,0.6882716049382716,0.6306471306471306,0.56,0.5225,0.6761481481481483,0.6239377289377288,13,True
4001,2960,3307,461,90,3912,2,40,13,400,227,214,3912,1956,0.496,0.452,0.446,0.469,0.48,0.4888777805548613,1,2234,2176,0.6895061728395062,0.6642246642246642,0.5675,0.535,0.6852037037037036,0.6388644688644689,13,True
4001,1540,3694,480,90,3912,2,40,13,400,229,214,3912,1956,0.48,0.484,0.49,0.491,0.4955,0.4888777805548613,1,2255,2193,0.6959876543209876,0.6694139194139194,0.5725,0.535,0.6912407407407407,0.6388644688644689,13,True
4001,1522,3682,502,90,3912,2,40,13,400,231,213,3912,1957,0.464,0.496,0.502,0.49,0.496,0.4891277180704824,3,2210,2112,0.6820987654320988,0.6446886446886447,0.5775,0.5325,0.6972777777777778,0.6358791208791208,13,True
4001,922,1844,511,90,3912,2,40,13,400,241,202,3912,1956,0.544,0.492,0.496,0.507,0.493,0.4888777805548613,1,2206,2086,0.6808641975308642,0.6367521367521367,0.6025,0.505,0.727462962962963,0.603040293040293,13,True
4001,1815,3630,634,90,3912,2,40,13,400,251,219,3912,1956,0.464,0.472,0.484,0.498,0.492,0.4888777805548613,1,2268,2200,0.7,0.6715506715506715,0.6275,0.5475,0.7576481481481481,0.6537912087912089,13,True
4001,1390,2780,656,90,3912,2,40,13,400,231,197,3912,1956,0.456,0.452,0.47,0.48,0.491,0.4888777805548613,1,2191,2152,0.6762345679012346,0.6568986568986569,0.5775,0.4925,0.6972777777777778,0.5881135531135532,13,True
4001,3682,3363,682,90,3912,2,40,13,400,230,200,3912,1956,0.424,0.476,0.492,0.489,0.493,0.4888777805548613,1,2202,2004,0.6796296296296296,0.6117216117216118,0.575,0.5,0.6942592592592591,0.5970695970695971,13,True
4001,1966,3932,747,90,3912,2,40,13,400,204,227,3912,1956,0.464,0.46,0.488,0.504,0.4925,0.4888777805548613,1,2156,2084,0.6654320987654321,0.6361416361416361,0.51,0.5675,0.6157777777777779,0.6776739926739926,13,True
4001,243,486,755,90,3912,2,40,13,400,232,208,3912,1956,0.504,0.508,0.49,0.479,0.483,0.4888777805548613,1,2208,2002,0.6814814814814815,0.6111111111111112,0.58,0.52,0.7002962962962963,0.6209523809523809,13,True
4001,2784,1567,772,90,3912,2,40,13,400,218,188,3912,1956,0.432,0.496,0.462,0.487,0.477,0.4888777805548613,1,2203,1875,0.6799382716049382,0.5723443223443223,0.545,0.47,0.658037037037037,0.5612454212454212,13,True
4001,2837,3225,802,90,3912,2,40,13,400,214,223,3912,1957,0.408,0.432,0.448,0.478,0.4825,0.4891277180704824,3,2168,2075,0.6691358024691358,0.6333943833943834,0.535,0.5575,0.645962962962963,0.6657326007326008,13,True
4001,1924,3950,982,90,3912,2,40,13,400,212,217,3912,1956,0.52,0.496,0.492,0.482,0.4915,0.4888777805548613,1,2186,2076,0.6746913580246914,0.6336996336996337,0.53,0.5425,0.639925925925926,0.6478205128205128,13,True
4001,2069,2713,984,90,3912,2,40,13,400,250,213,3912,1956,0.56,0.508,0.51,0.503,0.4975,0.4888777805548613,1,2293,2048,0.707716049382716,0.6251526251526252,0.625,0.5325,0.7546296296296297,0.6358791208791208,13,True
4001,789,526,994,90,3912,2,40,13,400,230,203,3912,1956,0.472,0.492,0.508,0.486,0.4915,0.4888777805548613,1,2206,2042,0.6808641975308642,0.6233211233211233,0.575,0.5075,0.6942592592592591,0.606025641025641,13,True
4001,434,1623,1002,90,3912,2,40,13,400,228,190,3912,1956,0.512,0.52,0.5,0.499,0.496,0.4888777805548613,1,2185,2000,0.6743827160493827,0.6105006105006106,0.57,0.475,0.6882222222222222,0.5672161172161172,13,True
4001,653,1769,1037,90,3912,2,40,13,400,209,209,3912,1956,0.432,0.46,0.5,0.485,0.4825,0.4888777805548613,1,2146,2049,0.6623456790123456,0.6254578754578755,0.5225,0.5225,0.6308703703703703,0.6239377289377288,13,True
4001,1017,678,1111,90,3912,2,40,13,400,237,190,3912,1957,0.392,0.44,0.504,0.499,0.4925,0.4891277180704824,3,2226,2097,0.687037037037037,0.6401098901098901,0.5925,0.475,0.715388888888889,0.5672161172161172,13,True
4001,1269,846,1120,90,3912,2,40,13,400,230,227,3912,1957,0.544,0.524,0.506,0.503,0.5155,0.4891277180704824,3,2194,2121,0.6771604938271605,0.6474358974358975,0.575,0.5675,0.6942592592592591,0.6776739926739926,13,True
4001,1069,3380,1126,90,3912,2,40,13,400,225,239,3912,1956,0.48,0.468,0.468,0.488,0.483,0.4888777805548613,1,2256,2182,0.6962962962962963,0.666056166056166,0.5625,0.5975,0.6791666666666667,0.7134981684981685,13,True
4001,3451,2901,1144,90,3912,2,40,13,400,226,215,3912,1956,0.416,0.512,0.486,0.49,0.481,0.4888777805548613,1,2190,2130,0.6759259259259259,0.6501831501831502,0.565,0.5375,0.6821851851851851,0.6418498168498168,13,True
4001,559,1118,1307,90,3912,2,40,13,400,216,233,3912,1956,0.488,0.488,0.484,0.473,0.4815,0.4888777805548613,1,2174,2198,0.6709876543209876,0.6709401709401709,0.54,0.5825,0.652,0.6955860805860806,13,True
4001,2803,1605,1310,90,3912,2,40,13,400,234,209,3912,1956,0.448,0.456,0.456,0.474,0.4755,0.4888777805548613,1,2254,2019,0.695679012345679,0.6163003663003663,0.585,0.5225,0.7063333333333334,0.6239377289377288,13,True
4001,919,1838,1408,90,3912,2,40,13,400,224,205,3912,1957,0.48,0.48,0.498,0.501,0.4925,0.4891277180704824,3,2220,2083,0.6851851851851852,0.6358363858363858,0.56,0.5125,0.6761481481481483,0.6119963369963369,13,True
4001,1985,3970,1498,90,3912,2,40,13,400,224,219,3912,1956,0.504,0.5,0.492,0.478,0.4845,0.4888777805548613,1,2242,2152,0.6919753086419753,0.6568986568986569,0.56,0.5475,0.6761481481481483,0.6537912087912089,13,True
4001,1628,3256,1533,90,3912,2,40,13,400,237,208,3912,1956,0.632,0.56,0.518,0.523,0.4885,0.4888777805548613,1,2155,2099,0.6651234567901234,0.6407203907203908,0.5925,0.52,0.715388888888889,0.6209523809523809,13,True
4001,984,1968,1575,90,3912,2,40,13,400,225,240,3912,1956,0.52,0.516,0.508,0.502,0.487,0.4888777805548613,1,2270,2192,0.7006172839506173,0.6691086691086691,0.5625,0.6,0.6791666666666667,0.7164835164835164,13,True
4001,2411,2941,1580,90,3912,2,40,13,400,231,207,3912,1956,0.568,0.528,0.5,0.51,0.4925,0.4888777805548613,1,2224,2014,0.6864197530864198,0.6147741147741148,0.5775,0.5175,0.6972777777777778,0.6179670329670329,13,True
4001,939,1878,1630,90,3912,2,40,13,400,195,216,3912,1957,0.464,0.5,0.494,0.494,0.489,0.4891277180704824,3,2083,2067,0.6429012345679013,0.6309523809523809,0.4875,0.54,0.5886111111111111,0.6448351648351648,13,True
4001,2644,429,1655,90,3912,2,40,13,400,215,251,3912,1956,0.536,0.548,0.518,0.508,0.4935,0.4888777805548613,1,2172,2292,0.6703703703703704,0.6996336996336996,0.5375,0.6275,0.6489814814814814,0.7493223443223442,13,True
4001,414,276,1658,90,3912,2,40,13,400,225,198,3912,1957,0.44,0.468,0.512,0.481,0.4805,0.4891277180704824,3,2241,2111,0.6916666666666667,0.6443833943833944,0.5625,0.495,0.6791666666666667,0.5910989010989011,13,True
4001,1206,804,1684,90,3912,2,40,13,400,206,239,3912,1956,0.56,0.56,0.512,0.502,0.4885,0.4888777805548613,1,2213,2208,0.6830246913580247,0.673992673992674,0.515,0.5975,0.6218148148148148,0.7134981684981685,13,True
4001,2415,1610,1706,90,3912,2,40,13,400,232,226,3912,1956,0.496,0.512,0.5,0.497,0.4855,0.4888777805548613,1,2274,2114,0.7018518518518518,0.6452991452991453,0.58,0.565,0.7002962962962963,0.6746886446886446,13,True
4001,2207,2805,1751,90,3912,2,40,13,400,223,212,3912,1956,0.504,0.528,0.504,0.489,0.4795,0.4888777805548613,1,2266,2008,0.6993827160493827,0.612942612942613,0.5575,0.53,0.6731296296296296,0.6328937728937729,13,True
4001,721,1442,1794,90,3912,2,40,13,400,228,227,3912,1957,0.472,0.488,0.488,0.477,0.4785,0.4891277180704824,3,2189,2204,0.6756172839506173,0.6727716727716728,0.57,0.5675,0.6882222222222222,0.6776739926739926,13,True
4001,1650,1100,1812,90,3912,2,40,13,400,219,211,3912,1956,0.488,0.452,0.484,0.508,0.491,0.4888777805548613,1,2196,2022,0.6777777777777778,0.6172161172161172,0.5475,0.5275,0.6610555555555556,0.6299084249084249,13,True
4001,3330,2659,1875,90,3912,2,40,13,400,212,215,3912,1956,0.592,0.552,0.5,0.498,0.4885,0.4888777805548613,1,2221,2010,0.6854938271604938,0.6135531135531136,0.53,0.5375,0.639925925925926,0.6418498168498168,13,True
4001,208,416,1887,90,3912,2,40,13,400,231,208,3912,1957,0.592,0.564,0.522,0.505,0.4925,0.4891277180704824,3,2199,2112,0.6787037037037037,0.6446886446886447,0.5775,0.52,0.6972777777777778,0.6209523809523809,13,True
4001,1676,3352,1905,90,3912,2,40,13,400,208,181,3912,1956,0.48,0.488,0.49,0.51,0.4855,0.4888777805548613,1,2206,1926,0.6808641975308642,0.5879120879120879,0.52,0.4525,0.6278518518518519,0.5403479853479853,13,True
4001,1726,3452,2062,90,3912,2,40,13,400,227,183,3912,1956,0.52,0.464,0.46,0.481,0.48,0.4888777805548613,1,2247,1912,0.6935185185185185,0.5836385836385837,0.5675,0.4575,0.6852037037037036,0.5463186813186813,13,True
4001,2485,323,2099,90,3912,2,40,13,400,210,230,3912,1956,0.472,0.5,0.5,0.501,0.493,0.4888777805548613,1,2200,2182,0.6790123456790124,0.666056166056166,0.525,0.575,0.633888888888889,0.6866300366300365,13,True
4001,2514,1027,2319,90,3912,2,40,13,400,209,203,3912,1956,0.456,0.484,0.492,0.492,0.4875,0.4888777805548613,1,2208,2025,0.6814814814814815,0.6181318681318682,0.5225,0.5075,0.6308703703703703,0.606025641025641,13,True
4001,692,1384,2342,90,3912,2,40,13,400,222,184,3912,1957,0.464,0.46,0.462,0.493,0.4935,0.4891277180704824,3,2043,1962,0.6305555555555555,0.5989010989010989,0.555,0.46,0.6701111111111112,0.5493040293040293,13,True
4001,341,682,2471,90,3912,2,40,13,400,230,206,3912,1956,0.496,0.492,0.484,0.495,0.4895,0.4888777805548613,1,2254,2097,0.695679012345679,0.6401098901098901,0.575,0.515,0.6942592592592591,0.614981684981685,13,True
4001,2542,361,2479,90,3912,2,40,13,400,221,206,3912,1957,0.552,0.516,0.494,0.497,0.484,0.4891277180704824,3,2229,2147,0.687962962962963,0.6553724053724054,0.5525,0.515,0.6670925925925927,0.614981684981685,13,True
4001,1702,3802,2497,90,3912,2,40,13,400,236,202,3912,1956,0.56,0.504,0.492,0.489,0.4845,0.4888777805548613,1,2226,1954,0.687037037037037,0.5964590964590964,0.59,0.505,0.7123703703703703,0.603040293040293,13,True
4001,2609,1217,2536,90,3912,2,40,13,400,222,205,3912,1956,0.464,0.488,0.472,0.467,0.4815,0.4888777805548613,1,2252,2114,0.6950617283950618,0.6452991452991453,0.555,0.5125,0.6701111111111112,0.6119963369963369,13,True
4001,1582,3164,2537,90,3912,2,40,13,400,232,223,3912,1956,0.4,0.464,0.476,0.492,0.489,0.4888777805548613,1,2174,2267,0.6709876543209876,0.692002442002442,0.58,0.5575,0.7002962962962963,0.6657326007326008,13,True
4001,3844,1229,2645,90,3912,2,40,13,400,235,212,3912,1956,0.456,0.472,0.468,0.468,0.495,0.4888777805548613,1,2201,2017,0.679320987654321,0.6156898656898657,0.5875,0.53,0.7093518518518519,0.6328937728937729,13,True
4001,2178,355,2752,90,3912,2,40,13,400,232,208,3912,1957,0.512,0.484,0.488,0.501,0.4965,0.4891277180704824,3,2193,2141,0.6768518518518518,0.6535409035409036,0.58,0.52,0.7002962962962963,0.6209523809523809,13,True
4001,32,64,2836,90,3912,2,40,13,400,245,262,3912,1957,0.496,0.508,0.502,0.5,0.4985,0.4891277180704824,3,2160,1793,0.6666666666666666,0.5473137973137974,0.6125,0.655,0.7395370370370371,0.7821611721611722,13,True
4001,1587,1058,2842,90,3912,2,40,13,400,238,220,3912,1957,0.48,0.496,0.494,0.483,0.482,0.4891277180704824,3,2237,2042,0.6904320987654321,0.6233211233211233,0.595,0.55,0.7184074074074074,0.6567765567765569,13,True
4001,10,20,2846,90,3912,2,40,13,400,226,205,3912,1956,0.456,0.484,0.478,0.487,0.4885,0.4888777805548613,1,2232,1977,0.6888888888888889,0.6034798534798534,0.565,0.5125,0.6821851851851851,0.6119963369963369,13,True
4001,1171,2342,2878,90,3912,2,40,13,400,226,210,3912,1956,0.424,0.488,0.502,0.491,0.4855,0.4888777805548613,1,2162,2083,0.667283950617284,0.6358363858363858,0.565,0.525,0.6821851851851851,0.626923076923077,13,True
4001,363,726,2901,90,3912,2,40,13,400,228,201,3912,1956,0.488,0.488,0.494,0.492,0.491,0.4888777805548613,1,2203,1950,0.6799382716049382,0.5952380952380952,0.57,0.5025,0.6882222222222222,0.6000549450549449,13,True
4001,1315,2630,3011,90,3912,2,40,13,400,227,211,3912,1956,0.416,0.448,0.502,0.509,0.503,0.4888777805548613,1,2247,2126,0.6935185185185185,0.648962148962149,0.5675,0.5275,0.6852037037037036,0.6299084249084249,13,True
4001,2504,3003,3033,90,3912,2,40,13,400,223,195,3912,1957,0.512,0.532,0.542,0.509,0.4875,0.4891277180704824,3,2180,2008,0.6728395061728395,0.612942612942613,0.5575,0.4875,0.6731296296296296,0.5821428571428571,13,True
4001,2045,89,3034,90,3912,2,40,13,400,210,200,3912,1956,0.48,0.488,0.484,0.489,0.4805,0.4888777805548613,1,2214,2126,0.6833333333333333,0.648962148962149,0.525,0.5,0.633888888888889,0.5970695970695971,13,True
4001,3412,2823,3064,90,3912,2,40,13,400,211,226,3912,1956,0.408,0.424,0.462,0.475,0.4805,0.4888777805548613,1,2244,2179,0.6925925925925925,0.6651404151404151,0.5275,0.565,0.6369074074074074,0.6746886446886446,13,True
4001,3354,2236,3078,90,3912,2,40,13,400,237,196,3912,1956,0.56,0.524,0.506,0.498,0.494,0.4888777805548613,1,2204,2002,0.6802469135802469,0.6111111111111112,0.5925,0.49,0.715388888888889,0.5851282051282051,13,True
4001,1356,904,3208,90,3912,2,40,13,400,211,209,3912,1956,0.504,0.5,0.488,0.505,0.497,0.4888777805548613,1,2176,2104,0.671604938271605,0.6422466422466423,0.5275,0.5225,0.6369074074074074,0.6239377289377288,13,True
4001,2760,1840,3277,90,3912,2,40,13,400,244,196,3912,1957,0.512,0.5,0.508,0.493,0.4875,0.4891277180704824,3,2273,1998,0.7015432098765432,0.6098901098901099,0.61,0.49,0.7365185185185186,0.5851282051282051,13,True
4001,648,432,3361,90,3912,2,40,13,400,235,193,3912,1956,0.456,0.504,0.522,0.506,0.4855,0.4888777805548613,1,2156,2030,0.6654320987654321,0.6196581196581197,0.5875,0.4825,0.7093518518518519,0.5761721611721612,13,True
4001,3442,2883,3380,90,3912,2,40,13,400,230,243,3912,1957,0.504,0.5,0.512,0.501,0.5035,0.4891277180704824,3,2211,2284,0.6824074074074075,0.6971916971916972,0.575,0.6075,0.6942592592592591,0.7254395604395605,13,True
4001,3406,2811,3388,90,3912,2,40,13,400,229,174,3912,1957,0.52,0.488,0.496,0.496,0.5015,0.4891277180704824,3,2267,1643,0.6996913580246914,0.5015262515262515,0.5725,0.435,0.6912407407407407,0.5194505494505495,13,True
4001,2594,1187,3397,90,3912,2,40,13,400,223,216,3912,1957,0.504,0.516,0.492,0.489,0.489,0.4891277180704824,3,2285,2131,0.7052469135802469,0.6504884004884005,0.5575,0.54,0.6731296296296296,0.6448351648351648,13,True
4001,3279,2186,3438,90,3912,2,40,13,400,240,200,3912,1957,0.448,0.46,0.48,0.476,0.4845,0.4891277180704824,3,2289,2003,0.7064814814814815,0.6114163614163615,0.6,0.5,0.7244444444444443,0.5970695970695971,13,True
4001,2624,1247,3523,90,3912,2,40,13,400,221,199,3912,1956,0.464,0.5,0.496,0.479,0.487,0.4888777805548613,1,2172,2013,0.6703703703703704,0.6144688644688645,0.5525,0.4975,0.6670925925925927,0.5940842490842491,13,True
4001,1982,3964,3535,90,3912,2,40,13,400,236,204,3912,1956,0.504,0.524,0.486,0.488,0.4835,0.4888777805548613,1,2217,1940,0.6842592592592592,0.5921855921855922,0.59,0.51,0.7123703703703703,0.609010989010989,13,True
4001,99,66,3560,90,3912,2,40,13,400,219,198,3912,1957,0.52,0.496,0.498,0.495,0.4885,0.4891277180704824,3,2250,1987,0.6944444444444444,0.6065323565323565,0.5475,0.495,0.6610555555555556,0.5910989010989011,13,True
4001,1950,1300,3606,90,3912,2,40,13,400,222,216,3912,1957,0.456,0.472,0.482,0.503,0.505,0.4891277180704824,3,2273,2149,0.7015432098765432,0.655982905982906,0.555,0.54,0.6701111111111112,0.6448351648351648,13,True
4001,3033,2022,3624,90,3912,2,40,13,400,218,238,3912,1956,0.472,0.456,0.462,0.473,0.476,0.4888777805548613,1,2123,2199,0.6552469135802469,0.6712454212454212,0.545,0.595,0.658037037037037,0.7105128205128205,13,True
4001,3870,2580,3769,90,3912,2,40,13,400,220,218,3912,1957,0.456,0.448,0.456,0.469,0.481,0.4891277180704824,3,2126,2157,0.6561728395061729,0.6584249084249084,0.55,0.545,0.6640740740740741,0.6508058608058608,13,True
4001,3582,3163,3970,90,3912,2,40,13,400,223,216,3912,1957,0.496,0.508,0.508,0.476,0.478,0.4891277180704824,3,2241,2192,0.6916666666666667,0.6691086691086691,0.5575,0.54,0.6731296296296296,0.6448351648351648,13,True
4001,1187,2125,56,66,3936,2,40,13,400,224,203,3936,1968,0.52,0.484,0.472,0.477,0.479,0.4918770307423144,1,2218,2060,0.6845679012345679,0.6288156288156288,0.56,0.5075,0.6802962962962964,0.6097435897435897,13,True
4001,2771,3181,79,66,3936,2,40,13,400,236,218,3936,1968,0.48,0.496,0.47,0.484,0.486,0.4918770307423144,1,2177,2128,0.6719135802469136,0.6495726495726496,0.59,0.545,0.7167407407407407,0.6547985347985349,13,True
4001,464,928,264,66,3936,2,40,13,400,217,203,3936,1968,0.528,0.516,0.482,0.511,0.4905,0.4918770307423144,1,2186,1951,0.6746913580246914,0.5955433455433455,0.5425,0.5075,0.659037037037037,0.6097435897435897,13,True
4001,2079,1386,388,66,3936,2,40,13,400,230,207,3936,1968,0.584,0.528,0.538,0.511,0.4975,0.4918770307423144,1,2195,2306,0.6774691358024691,0.703907203907204,0.575,0.5175,0.6985185185185184,0.6217582417582417,13,True
4001,3500,2999,459,66,3936,2,40,13,400,197,223,3936,1968,0.552,0.528,0.534,0.51,0.5015,0.4918770307423144,1,2173,2240,0.6706790123456791,0.6837606837606838,0.4925,0.5575,0.5982962962962963,0.6698168498168499,13,True
4001,1502,3004,465,66,3936,2,40,13,400,216,195,3936,1969,0.472,0.448,0.47,0.478,0.4815,0.4921269682579355,3,2197,1972,0.6780864197530864,0.6019536019536019,0.54,0.4875,0.656,0.5857142857142857,13,True
4001,1513,3676,500,66,3936,2,40,13,400,246,212,3936,1969,0.504,0.46,0.472,0.469,0.4965,0.4921269682579355,3,2288,2005,0.7061728395061728,0.6120268620268621,0.615,0.53,0.7471111111111111,0.6367765567765568,13,True
4001,369,738,519,66,3936,2,40,13,400,207,218,3936,1968,0.456,0.424,0.476,0.473,0.4965,0.4918770307423144,1,2248,2224,0.6938271604938272,0.6788766788766789,0.5175,0.545,0.6286666666666666,0.6547985347985349,13,True
4001,2904,1807,590,66,3936,2,40,13,400,244,207,3936,1969,0.52,0.524,0.518,0.482,0.4835,0.4921269682579355,3,2286,1969,0.7055555555555556,0.601037851037851,0.61,0.5175,0.741037037037037,0.6217582417582417,13,True
4001,2170,113,689,66,3936,2,40,13,400,232,190,3936,1969,0.536,0.508,0.526,0.489,0.5005,0.4921269682579355,3,2222,2143,0.6858024691358025,0.6541514041514042,0.58,0.475,0.7045925925925924,0.5706959706959707,13,True
4001,614,1743,708,66,3936,2,40,13,400,254,216,3936,1969,0.424,0.456,0.48,0.503,0.497,0.4921269682579355,3,2166,2214,0.6685185185185185,0.6758241758241759,0.635,0.54,0.7714074074074074,0.6487912087912088,13,True
4001,3388,925,792,66,3936,2,40,13,400,231,208,3936,1969,0.552,0.512,0.49,0.486,0.486,0.4921269682579355,3,2215,2139,0.683641975308642,0.6529304029304029,0.5775,0.52,0.7015555555555556,0.6247619047619047,13,True
4001,537,1074,794,66,3936,2,40,13,400,232,242,3936,1968,0.536,0.52,0.492,0.5,0.4905,0.4918770307423144,1,2188,2292,0.6753086419753086,0.6996336996336996,0.58,0.605,0.7045925925925924,0.7268864468864468,13,True
4001,991,3328,797,66,3936,2,40,13,400,228,209,3936,1969,0.504,0.504,0.498,0.488,0.4815,0.4921269682579355,3,2213,2097,0.6830246913580247,0.6401098901098901,0.57,0.5225,0.6924444444444444,0.6277655677655678,13,True
4001,360,240,854,66,3936,2,40,13,400,225,211,3936,1968,0.528,0.524,0.518,0.5,0.5025,0.4918770307423144,1,2150,2202,0.6635802469135802,0.6721611721611722,0.5625,0.5275,0.6833333333333333,0.6337728937728937,13,True
4001,3263,2525,882,66,3936,2,40,13,400,242,207,3936,1969,0.496,0.492,0.476,0.485,0.4865,0.4921269682579355,3,2235,2162,0.6898148148148148,0.6599511599511599,0.605,0.5175,0.7349629629629629,0.6217582417582417,13,True
4001,443,1629,909,66,3936,2,40,13,400,232,212,3936,1969,0.472,0.484,0.502,0.506,0.4925,0.4921269682579355,3,2242,2089,0.6919753086419753,0.6376678876678876,0.58,0.53,0.7045925925925924,0.6367765567765568,13,True
4001,2041,27,919,66,3936,2,40,13,400,218,203,3936,1968,0.488,0.464,0.476,0.492,0.494,0.4918770307423144,1,2228,2065,0.6876543209876543,0.6303418803418803,0.545,0.5075,0.6620740740740741,0.6097435897435897,13,True
4001,1499,2333,1000,66,3936,2,40,13,400,252,225,3936,1969,0.504,0.48,0.49,0.499,0.492,0.4921269682579355,3,2281,2096,0.7040123456790124,0.6398046398046398,0.63,0.5625,0.7653333333333333,0.6758241758241759,13,True
4001,978,652,1062,66,3936,2,40,13,400,232,231,3936,1968,0.48,0.488,0.498,0.488,0.4855,0.4918770307423144,1,2204,2195,0.6802469135802469,0.67002442002442,0.58,0.5775,0.7045925925925924,0.6938461538461539,13,True
4001,3703,1135,1081,66,3936,2,40,13,400,235,229,3936,1969,0.552,0.544,0.534,0.499,0.4895,0.4921269682579355,3,2233,2252,0.6891975308641975,0.6874236874236874,0.5875,0.5725,0.7137037037037037,0.6878388278388279,13,True
4001,3077,3385,1082,66,3936,2,40,13,400,237,207,3936,1968,0.512,0.536,0.506,0.514,0.501,0.4918770307423144,1,2272,1939,0.7012345679012346,0.5918803418803419,0.5925,0.5175,0.7197777777777777,0.6217582417582417,13,True
4001,3891,3781,1085,66,3936,2,40,13,400,225,208,3936,1969,0.552,0.56,0.526,0.52,0.4935,0.4921269682579355,3,2111,2131,0.6515432098765432,0.6504884004884005,0.5625,0.52,0.6833333333333333,0.6247619047619047,13,True
4001,333,222,1141,66,3936,2,40,13,400,220,202,3936,1968,0.52,0.516,0.466,0.47,0.4805,0.4918770307423144,1,2250,1964,0.6944444444444444,0.5995115995115995,0.55,0.505,0.6681481481481482,0.6067399267399267,13,True
4001,590,1727,1166,66,3936,2,40,13,400,216,227,3936,1968,0.544,0.528,0.51,0.498,0.505,0.4918770307423144,1,2206,2136,0.6808641975308642,0.652014652014652,0.54,0.5675,0.656,0.6818315018315018,13,True
4001,2157,313,1223,66,3936,2,40,13,400,210,200,3936,1968,0.408,0.428,0.46,0.466,0.482,0.4918770307423144,1,2060,1873,0.6358024691358025,0.5717338217338217,0.525,0.5,0.6377777777777778,0.6007326007326007,13,True
4001,50,100,1226,66,3936,2,40,13,400,210,222,3936,1968,0.528,0.536,0.51,0.499,0.496,0.4918770307423144,1,2161,2231,0.6669753086419753,0.681013431013431,0.525,0.555,0.6377777777777778,0.6668131868131868,13,True
4001,2252,2835,1236,66,3936,2,40,13,400,209,213,3936,1969,0.528,0.504,0.504,0.525,0.502,0.4921269682579355,3,2219,1988,0.6848765432098766,0.6068376068376068,0.5225,0.5325,0.6347407407407407,0.6397802197802198,13,True
4001,1887,1258,1268,66,3936,2,40,13,400,228,215,3936,1968,0.512,0.512,0.492,0.495,0.4965,0.4918770307423144,1,2208,2179,0.6814814814814815,0.6651404151404151,0.57,0.5375,0.6924444444444444,0.6457875457875457,13,True
4001,3970,3939,1389,66,3936,2,40,13,400,211,204,3936,1969,0.504,0.504,0.496,0.485,0.4965,0.4921269682579355,3,2152,2099,0.6641975308641975,0.6407203907203908,0.5275,0.51,0.6408148148148147,0.6127472527472528,13,True
4001,3187,2373,1467,66,3936,2,40,13,400,241,219,3936,1969,0.504,0.476,0.478,0.483,0.4985,0.4921269682579355,3,2179,2109,0.6725308641975308,0.6437728937728938,0.6025,0.5475,0.731925925925926,0.6578021978021978,13,True
4001,1515,1010,1519,66,3936,2,40,13,400,219,206,3936,1968,0.512,0.5,0.49,0.473,0.4885,0.4918770307423144,1,2179,2152,0.6725308641975308,0.6568986568986569,0.5475,0.515,0.6651111111111111,0.6187545787545787,13,True
4001,3566,3131,1607,66,3936,2,40,13,400,244,202,3936,1969,0.512,0.468,0.468,0.487,0.4775,0.4921269682579355,3,2191,2148,0.6762345679012346,0.6556776556776557,0.61,0.505,0.741037037037037,0.6067399267399267,13,True
4001,3241,827,1608,66,3936,2,40,13,400,245,224,3936,1968,0.456,0.48,0.478,0.468,0.4765,0.4918770307423144,1,2297,2136,0.7089506172839506,0.652014652014652,0.6125,0.56,0.7440740740740741,0.6728205128205129,13,True
4001,944,1963,1769,66,3936,2,40,13,400,221,228,3936,1968,0.512,0.52,0.512,0.487,0.4905,0.4918770307423144,1,2236,2152,0.6901234567901234,0.6568986568986569,0.5525,0.57,0.6711851851851851,0.6848351648351648,13,True
4001,935,1870,1771,66,3936,2,40,13,400,236,239,3936,1968,0.48,0.504,0.488,0.509,0.5035,0.4918770307423144,1,2216,2108,0.6839506172839506,0.6434676434676435,0.59,0.5975,0.7167407407407407,0.7178754578754579,13,True
4001,3902,3935,1782,66,3936,2,40,13,400,219,230,3936,1968,0.464,0.46,0.472,0.488,0.485,0.4918770307423144,1,2154,2196,0.6648148148148149,0.6703296703296703,0.5475,0.575,0.6651111111111111,0.6908424908424908,13,True
4001,1514,3028,1786,66,3936,2,40,13,400,209,219,3936,1969,0.504,0.484,0.506,0.505,0.4935,0.4921269682579355,3,2232,2194,0.6888888888888889,0.6697191697191697,0.5225,0.5475,0.6347407407407407,0.6578021978021978,13,True
4001,1332,888,1841,66,3936,2,40,13,400,225,186,3936,1968,0.552,0.52,0.514,0.513,0.506,0.4918770307423144,1,2233,1868,0.6891975308641975,0.5702075702075702,0.5625,0.465,0.6833333333333333,0.5586813186813187,13,True
4001,1275,850,1893,66,3936,2,40,13,400,209,202,3936,1969,0.512,0.536,0.526,0.506,0.4935,0.4921269682579355,3,2177,1946,0.6719135802469136,0.594017094017094,0.5225,0.505,0.6347407407407407,0.6067399267399267,13,True
4001,3691,3381,1907,66,3936,2,40,13,400,219,223,3936,1968,0.536,0.472,0.5,0.478,0.486,0.4918770307423144,1,2194,2206,0.6771604938271605,0.6733821733821734,0.5475,0.5575,0.6651111111111111,0.6698168498168499,13,True
4001,2183,365,1935,66,3936,2,40,13,400,232,188,3936,1968,0.416,0.44,0.474,0.487,0.484,0.4918770307423144,1,2177,1884,0.6719135802469136,0.575091575091575,0.58,0.47,0.7045925925925924,0.5646886446886447,13,True
4001,2480,2987,1937,66,3936,2,40,13,400,228,201,3936,1968,0.528,0.52,0.492,0.494,0.488,0.4918770307423144,1,2218,2032,0.6845679012345679,0.6202686202686203,0.57,0.5025,0.6924444444444444,0.6037362637362637,13,True
4001,2376,1584,1968,66,3936,2,40,13,400,225,189,3936,1968,0.504,0.46,0.454,0.478,0.487,0.4918770307423144,1,2262,2035,0.6981481481481482,0.6211843711843712,0.5625,0.4725,0.6833333333333333,0.5676923076923077,13,True
4001,2260,519,2026,66,3936,2,40,13,400,221,187,3936,1969,0.528,0.508,0.47,0.473,0.4795,0.4921269682579355,3,2223,1852,0.6861111111111111,0.5653235653235653,0.5525,0.4675,0.6711851851851851,0.5616849816849817,13,True
4001,3028,2055,2048,66,3936,2,40,13,400,238,240,3936,1969,0.488,0.5,0.468,0.469,0.4905,0.4921269682579355,3,2299,2198,0.7095679012345679,0.6709401709401709,0.595,0.6,0.7228148148148148,0.7208791208791209,13,True
4001,2763,1842,2108,66,3936,2,40,13,400,191,187,3936,1969,0.536,0.548,0.546,0.521,0.5025,0.4921269682579355,3,2192,1959,0.6765432098765433,0.597985347985348,0.4775,0.4675,0.5800740740740741,0.5616849816849817,13,True
4001,2765,1529,2124,66,3936,2,40,13,400,233,205,3936,1968,0.504,0.464,0.496,0.476,0.4785,0.4918770307423144,1,2178,2086,0.6722222222222223,0.6367521367521367,0.5825,0.5125,0.7076296296296297,0.6157509157509157,13,True
4001,1839,3678,2179,66,3936,2,40,13,400,241,205,3936,1969,0.528,0.528,0.5,0.492,0.4855,0.4921269682579355,3,2230,1898,0.6882716049382716,0.5793650793650794,0.6025,0.5125,0.731925925925926,0.6157509157509157,13,True
4001,2532,1688,2261,66,3936,2,40,13,400,222,199,3936,1968,0.456,0.484,0.492,0.499,0.494,0.4918770307423144,1,2208,2048,0.6814814814814815,0.6251526251526252,0.555,0.4975,0.6742222222222223,0.5977289377289378,13,True
4001,3728,3455,2308,66,3936,2,40,13,400,228,232,3936,1969,0.568,0.508,0.474,0.473,0.4835,0.4921269682579355,3,2190,2132,0.6759259259259259,0.6507936507936508,0.57,0.58,0.6924444444444444,0.6968498168498167,13,True
4001,2539,1077,2399,66,3936,2,40,13,400,220,181,3936,1968,0.512,0.528,0.508,0.509,0.5015,0.4918770307423144,1,2169,1814,0.6694444444444444,0.5537240537240538,0.55,0.4525,0.6681481481481482,0.5436630036630037,13,True
4001,378,756,2413,66,3936,2,40,13,400,231,247,3936,1969,0.528,0.496,0.49,0.516,0.4985,0.4921269682579355,3,2247,2000,0.6935185185185185,0.6105006105006106,0.5775,0.6175,0.7015555555555556,0.741904761904762,13,True
4001,3956,3971,2423,66,3936,2,40,13,400,222,247,3936,1968,0.48,0.476,0.512,0.501,0.493,0.4918770307423144,1,2167,2193,0.6688271604938272,0.6694139194139194,0.555,0.6175,0.6742222222222223,0.741904761904762,13,True
4001,3544,3087,2432,66,3936,2,40,13,400,233,218,3936,1968,0.52,0.512,0.498,0.494,0.498,0.4918770307423144,1,2268,2202,0.7,0.6721611721611722,0.5825,0.545,0.7076296296296297,0.6547985347985349,13,True
4001,3137,3425,2445,66,3936,2,40,13,400,230,220,3936,1969,0.48,0.46,0.476,0.468,0.48,0.4921269682579355,3,2210,2062,0.6820987654320988,0.6294261294261294,0.575,0.55,0.6985185185185184,0.6608058608058609,13,True
4001,1161,774,2466,66,3936,2,40,13,400,220,210,3936,1968,0.424,0.472,0.504,0.522,0.501,0.4918770307423144,1,2248,2124,0.6938271604938272,0.6483516483516484,0.55,0.525,0.6681481481481482,0.6307692307692307,13,True
4001,1569,3138,2511,66,3936,2,40,13,400,249,210,3936,1968,0.448,0.476,0.454,0.493,0.491,0.4918770307423144,1,2198,2135,0.678395061728395,0.6517094017094017,0.6225,0.525,0.7562222222222224,0.6307692307692307,13,True
4001,470,1647,2546,66,3936,2,40,13,400,224,222,3936,1969,0.488,0.54,0.502,0.489,0.485,0.4921269682579355,3,2204,2090,0.6802469135802469,0.6379731379731379,0.56,0.555,0.6802962962962964,0.6668131868131868,13,True
4001,3281,3521,2589,66,3936,2,40,13,400,224,227,3936,1969,0.432,0.48,0.5,0.497,0.5015,0.4921269682579355,3,2157,2134,0.6657407407407407,0.6514041514041514,0.56,0.5675,0.6802962962962964,0.6818315018315018,13,True
4001,2642,3095,2617,66,3936,2,40,13,400,239,208,3936,1969,0.504,0.472,0.49,0.493,0.5025,0.4921269682579355,3,2225,1878,0.6867283950617284,0.5732600732600732,0.5975,0.52,0.725851851851852,0.6247619047619047,13,True
4001,3643,3285,2703,66,3936,2,40,13,400,244,229,3936,1968,0.504,0.516,0.498,0.485,0.4935,0.4918770307423144,1,2254,2213,0.695679012345679,0.6755189255189256,0.61,0.5725,0.741037037037037,0.6878388278388279,13,True
4001,2510,3007,2764,66,3936,2,40,13,400,210,201,3936,1968,0.536,0.492,0.514,0.513,0.4985,0.4918770307423144,1,2138,2140,0.6598765432098765,0.6532356532356532,0.525,0.5025,0.6377777777777778,0.6037362637362637,13,True
4001,362,1575,2799,66,3936,2,40,13,400,232,225,3936,1968,0.512,0.508,0.504,0.484,0.493,0.4918770307423144,1,2194,2180,0.6771604938271605,0.6654456654456654,0.58,0.5625,0.7045925925925924,0.6758241758241759,13,True
4001,2074,49,2837,66,3936,2,40,13,400,240,235,3936,1968,0.488,0.544,0.488,0.51,0.4955,0.4918770307423144,1,2219,2216,0.6848765432098766,0.6764346764346765,0.6,0.5875,0.7288888888888888,0.7058608058608059,13,True
4001,1027,3352,2865,66,3936,2,40,13,400,242,192,3936,1968,0.456,0.5,0.522,0.501,0.5005,0.4918770307423144,1,2214,1967,0.6833333333333333,0.6004273504273504,0.605,0.48,0.7349629629629629,0.5767032967032967,13,True
4001,2405,809,2867,66,3936,2,40,13,400,209,212,3936,1969,0.528,0.5,0.512,0.501,0.4925,0.4921269682579355,3,2185,2142,0.6743827160493827,0.6538461538461539,0.5225,0.53,0.6347407407407407,0.6367765567765568,13,True
4001,3462,2308,2932,66,3936,2,40,13,400,245,208,3936,1968,0.512,0.484,0.482,0.478,0.4935,0.4918770307423144,1,2248,2025,0.6938271604938272,0.6181318681318682,0.6125,0.52,0.7440740740740741,0.6247619047619047,13,True
4001,1347,2694,2952,66,3936,2,40,13,400,238,220,3936,1968,0.448,0.472,0.508,0.5,0.4955,0.4918770307423144,1,2220,2048,0.6851851851851852,0.6251526251526252,0.595,0.55,0.7228148148148148,0.6608058608058609,13,True
4001,3298,865,2970,66,3936,2,40,13,400,248,230,3936,1969,0.432,0.472,0.478,0.48,0.491,0.4921269682579355,3,2207,2167,0.6811728395061728,0.6614774114774115,0.62,0.575,0.7531851851851853,0.6908424908424908,13,True
4001,1256,2512,3070,66,3936,2,40,13,400,232,226,3936,1968,0.52,0.5,0.502,0.485,0.4855,0.4918770307423144,1,2144,2227,0.6617283950617284,0.6797924297924298,0.58,0.565,0.7045925925925924,0.6788278388278387,13,True
4001,589,3060,3125,66,3936,2,40,13,400,217,222,3936,1968,0.528,0.512,0.524,0.526,0.4915,0.4918770307423144,1,2253,2212,0.6953703703703704,0.6752136752136753,0.5425,0.555,0.659037037037037,0.6668131868131868,13,True
4001,2924,3283,3141,66,3936,2,40,13,400,233,222,3936,1969,0.456,0.46,0.476,0.488,0.5085,0.4921269682579355,3,2266,1990,0.6993827160493827,0.6074481074481074,0.5825,0.555,0.7076296296296297,0.6668131868131868,13,True
4001,375,750,3284,66,3936,2,40,13,400,251,208,3936,1969,0.448,0.472,0.478,0.494,0.484,0.4921269682579355,3,2165,2226,0.6682098765432098,0.6794871794871795,0.6275,0.52,0.7622962962962962,0.6247619047619047,13,True
4001,3868,3735,3376,66,3936,2,40,13,400,232,228,3936,1968,0.448,0.452,0.496,0.504,0.4985,0.4918770307423144,1,2270,2238,0.7006172839506173,0.6831501831501832,0.58,0.57,0.7045925925925924,0.6848351648351648,13,True
4001,2190,1460,3395,66,3936,2,40,13,400,226,213,3936,1968,0.512,0.5,0.508,0.526,0.4885,0.4918770307423144,1,2198,1948,0.678395061728395,0.5946275946275946,0.565,0.5325,0.6863703703703703,0.6397802197802198,13,True
4001,2037,1358,3420,66,3936,2,40,13,400,227,218,3936,1969,0.448,0.472,0.47,0.494,0.495,0.4921269682579355,3,2185,2236,0.6743827160493827,0.6825396825396826,0.5675,0.545,0.6894074074074074,0.6547985347985349,13,True
4001,3155,3437,3457,66,3936,2,40,13,400,222,234,3936,1969,0.488,0.476,0.468,0.479,0.476,0.4921269682579355,3,2144,2251,0.6617283950617284,0.6871184371184371,0.555,0.585,0.6742222222222223,0.7028571428571428,13,True
4001,1449,966,3510,66,3936,2,40,13,400,226,210,3936,1968,0.424,0.448,0.458,0.494,0.483,0.4918770307423144,1,2176,2114,0.671604938271605,0.6452991452991453,0.565,0.525,0.6863703703703703,0.6307692307692307,13,True
4001,1263,842,3677,66,3936,2,40,13,400,214,210,3936,1968,0.536,0.5,0.502,0.505,0.4925,0.4918770307423144,1,2165,2094,0.6682098765432098,0.6391941391941391,0.535,0.525,0.649925925925926,0.6307692307692307,13,True
4001,1643,3286,3679,66,3936,2,40,13,400,222,244,3936,1968,0.44,0.488,0.48,0.485,0.507,0.4918770307423144,1,2250,2238,0.6944444444444444,0.6831501831501832,0.555,0.61,0.6742222222222223,0.7328937728937729,13,True
4001,1632,1088,3729,66,3936,2,40,13,400,237,230,3936,1969,0.472,0.464,0.474,0.486,0.493,0.4921269682579355,3,2281,2217,0.7040123456790124,0.6767399267399268,0.5925,0.575,0.7197777777777777,0.6908424908424908,13,True
4001,2841,1894,3752,66,3936,2,40,13,400,239,224,3936,1969,0.448,0.472,0.472,0.489,0.4945,0.4921269682579355,3,2239,2241,0.6910493827160494,0.6840659340659341,0.5975,0.56,0.725851851851852,0.6728205128205129,13,True
4001,1067,2134,3887,66,3936,2,40,13,400,214,225,3936,1968,0.432,0.504,0.502,0.487,0.4885,0.4918770307423144,1,2213,2179,0.6830246913580247,0.6651404151404151,0.535,0.5625,0.649925925925926,0.6758241758241759,13,True
4001,121,242,7,54,3948,2,40,13,400,228,202,3948,1974,0.568,0.556,0.546,0.504,0.498,0.493376655836041,1,2174,2077,0.6709876543209876,0.634004884004884,0.57,0.505,0.6945555555555555,0.6085897435897436,13,True
4001,790,1580,94,54,3948,2,40,13,400,214,204,3948,1974,0.568,0.588,0.54,0.506,0.503,0.493376655836041,1,2196,2110,0.6777777777777778,0.6440781440781441,0.535,0.51,0.6519074074074075,0.6146153846153847,13,True
4001,3201,2134,108,54,3948,2,40,13,400,236,257,3948,1975,0.392,0.484,0.474,0.493,0.498,0.4936265933516621,3,2263,2026,0.6984567901234567,0.6184371184371185,0.59,0.6425,0.7189259259259259,0.7742948717948717,13,True
4001,1804,3870,173,54,3948,2,40,13,400,216,227,3948,1974,0.52,0.52,0.526,0.512,0.499,0.493376655836041,1,2173,2286,0.6706790123456791,0.6978021978021978,0.54,0.5675,0.658,0.6839102564102565,13,True
4001,3743,3829,195,54,3948,2,40,13,400,218,238,3948,1975,0.464,0.448,0.464,0.468,0.4795,0.4936265933516621,3,2237,2150,0.6904320987654321,0.6562881562881563,0.545,0.595,0.6640925925925927,0.717051282051282,13,True
4001,3091,2181,204,54,3948,2,40,13,400,223,211,3948,1974,0.512,0.544,0.482,0.474,0.4825,0.493376655836041,1,2187,2076,0.675,0.6336996336996337,0.5575,0.5275,0.679324074074074,0.6357051282051281,13,True
4001,464,1643,269,54,3948,2,40,13,400,212,222,3948,1974,0.536,0.504,0.478,0.477,0.4935,0.493376655836041,1,2212,2121,0.682716049382716,0.6474358974358975,0.53,0.555,0.6458148148148148,0.668846153846154,13,True
4001,150,100,282,54,3948,2,40,13,400,208,210,3948,1974,0.528,0.508,0.5,0.491,0.492,0.493376655836041,1,2142,1934,0.6611111111111111,0.5903540903540904,0.52,0.525,0.6336296296296297,0.6326923076923078,13,True
4001,1279,3520,357,54,3948,2,40,13,400,225,217,3948,1974,0.496,0.488,0.49,0.486,0.4885,0.493376655836041,1,2216,2150,0.6839506172839506,0.6562881562881563,0.5625,0.5425,0.6854166666666667,0.6537820512820512,13,True
4001,2672,1343,381,54,3948,2,40,13,400,190,226,3948,1974,0.496,0.516,0.486,0.484,0.487,0.493376655836041,1,2210,2040,0.6820987654320988,0.6227106227106227,0.475,0.565,0.5787962962962963,0.6808974358974359,13,True
4001,345,690,441,54,3948,2,40,13,400,216,217,3948,1974,0.52,0.476,0.49,0.485,0.499,0.493376655836041,1,2114,2088,0.6524691358024691,0.6373626373626373,0.54,0.5425,0.658,0.6537820512820512,13,True
4001,2058,1372,485,54,3948,2,40,13,400,230,233,3948,1975,0.52,0.504,0.5,0.478,0.488,0.4936265933516621,3,2272,2180,0.7012345679012346,0.6654456654456654,0.575,0.5825,0.7006481481481481,0.7019871794871795,13,True
4001,506,1012,537,54,3948,2,40,13,400,219,209,3948,1974,0.552,0.524,0.494,0.493,0.484,0.493376655836041,1,2200,2052,0.6790123456790124,0.6263736263736264,0.5475,0.5225,0.6671388888888888,0.6296794871794872,13,True
4001,1866,3732,543,54,3948,2,40,13,400,239,240,3948,1974,0.488,0.488,0.496,0.502,0.495,0.493376655836041,1,2279,2150,0.703395061728395,0.6562881562881563,0.5975,0.6,0.7280648148148149,0.723076923076923,13,True
4001,3991,3981,631,54,3948,2,40,13,400,230,230,3948,1974,0.472,0.46,0.484,0.507,0.493,0.493376655836041,1,2266,2320,0.6993827160493827,0.7081807081807082,0.575,0.575,0.7006481481481481,0.6929487179487179,13,True
4001,689,1378,657,54,3948,2,40,13,400,225,190,3948,1974,0.416,0.464,0.5,0.51,0.5005,0.493376655836041,1,2198,1846,0.678395061728395,0.5634920634920635,0.5625,0.475,0.6854166666666667,0.5724358974358974,13,True
4001,1901,2601,683,54,3948,2,40,13,400,225,248,3948,1974,0.504,0.52,0.502,0.498,0.4975,0.493376655836041,1,2167,2278,0.6688271604938272,0.6953601953601953,0.5625,0.62,0.6854166666666667,0.7471794871794871,13,True
4001,2886,1924,754,54,3948,2,40,13,400,223,222,3948,1974,0.488,0.46,0.476,0.465,0.483,0.493376655836041,1,2252,2086,0.6950617283950618,0.6367521367521367,0.5575,0.555,0.679324074074074,0.668846153846154,13,True
4001,3970,1313,770,54,3948,2,40,13,400,200,191,3948,1975,0.408,0.44,0.478,0.493,0.509,0.4936265933516621,3,2194,2078,0.6771604938271605,0.6343101343101343,0.5,0.4775,0.6092592592592593,0.5754487179487179,13,True
4001,2398,265,771,54,3948,2,40,13,400,229,220,3948,1975,0.48,0.5,0.512,0.523,0.494,0.4936265933516621,3,2197,2163,0.6780864197530864,0.6602564102564102,0.5725,0.55,0.6976018518518519,0.6628205128205128,13,True
4001,696,464,862,54,3948,2,40,13,400,220,231,3948,1975,0.464,0.516,0.506,0.504,0.485,0.4936265933516621,3,2261,2103,0.6978395061728395,0.641941391941392,0.55,0.5775,0.6701851851851852,0.6959615384615385,13,True
4001,531,1062,870,54,3948,2,40,13,400,222,211,3948,1975,0.448,0.452,0.482,0.485,0.492,0.4936265933516621,3,2190,2040,0.6759259259259259,0.6227106227106227,0.555,0.5275,0.6762777777777779,0.6357051282051281,13,True
4001,1726,3818,885,54,3948,2,40,13,400,247,180,3948,1975,0.464,0.444,0.474,0.485,0.495,0.4936265933516621,3,2201,1546,0.679320987654321,0.4719169719169719,0.6175,0.45,0.7524351851851853,0.5423076923076924,13,True
4001,3411,2821,1086,54,3948,2,40,13,400,217,220,3948,1974,0.52,0.48,0.508,0.494,0.4925,0.493376655836041,1,2238,2257,0.6907407407407408,0.688949938949939,0.5425,0.55,0.6610462962962963,0.6628205128205128,13,True
4001,900,1800,1095,54,3948,2,40,13,400,219,212,3948,1974,0.456,0.504,0.518,0.505,0.496,0.493376655836041,1,2179,2037,0.6725308641975308,0.6217948717948718,0.5475,0.53,0.6671388888888888,0.6387179487179487,13,True
4001,3209,2417,1130,54,3948,2,40,13,400,235,210,3948,1974,0.496,0.504,0.502,0.49,0.493,0.493376655836041,1,2185,2120,0.6743827160493827,0.6471306471306472,0.5875,0.525,0.7158796296296297,0.6326923076923078,13,True
4001,2050,33,1172,54,3948,2,40,13,400,218,212,3948,1974,0.504,0.528,0.508,0.512,0.4985,0.493376655836041,1,2253,2077,0.6953703703703704,0.634004884004884,0.545,0.53,0.6640925925925927,0.6387179487179487,13,True
4001,2298,595,1202,54,3948,2,40,13,400,210,211,3948,1974,0.464,0.48,0.482,0.478,0.484,0.493376655836041,1,2223,2025,0.6861111111111111,0.6181318681318682,0.525,0.5275,0.6397222222222223,0.6357051282051281,13,True
4001,1173,2346,1209,54,3948,2,40,13,400,237,197,3948,1974,0.504,0.472,0.48,0.5,0.5035,0.493376655836041,1,2234,2075,0.6895061728395062,0.6333943833943834,0.5925,0.4925,0.7219722222222222,0.593525641025641,13,True
4001,2512,1023,1229,54,3948,2,40,13,400,219,223,3948,1975,0.44,0.46,0.474,0.504,0.501,0.4936265933516621,3,2132,2211,0.6580246913580247,0.674908424908425,0.5475,0.5575,0.6671388888888888,0.6718589743589742,13,True
4001,2067,1378,1308,54,3948,2,40,13,400,223,192,3948,1974,0.528,0.528,0.502,0.494,0.4875,0.493376655836041,1,2158,1910,0.6660493827160494,0.5830280830280831,0.5575,0.48,0.679324074074074,0.5784615384615385,13,True
4001,1122,2244,1374,54,3948,2,40,13,400,230,215,3948,1974,0.432,0.468,0.518,0.503,0.493,0.493376655836041,1,2206,2058,0.6808641975308642,0.6282051282051282,0.575,0.5375,0.7006481481481481,0.6477564102564102,13,True
4001,2049,97,1428,54,3948,2,40,13,400,236,220,3948,1974,0.48,0.488,0.508,0.498,0.4955,0.493376655836041,1,2167,2000,0.6688271604938272,0.6105006105006106,0.59,0.55,0.7189259259259259,0.6628205128205128,13,True
4001,1687,3374,1430,54,3948,2,40,13,400,222,244,3948,1975,0.472,0.484,0.472,0.468,0.4815,0.4936265933516621,3,2221,2325,0.6854938271604938,0.7097069597069597,0.555,0.61,0.6762777777777779,0.7351282051282051,13,True
4001,2296,197,1590,54,3948,2,40,13,400,219,218,3948,1975,0.584,0.524,0.528,0.511,0.4925,0.4936265933516621,3,2170,2137,0.6697530864197531,0.6523199023199023,0.5475,0.545,0.6671388888888888,0.6567948717948718,13,True
4001,3962,3923,1615,54,3948,2,40,13,400,242,212,3948,1974,0.52,0.56,0.536,0.528,0.502,0.493376655836041,1,2214,2205,0.6833333333333333,0.6730769230769231,0.605,0.53,0.7372037037037037,0.6387179487179487,13,True
4001,105,70,1680,54,3948,2,40,13,400,232,223,3948,1974,0.496,0.484,0.48,0.47,0.479,0.493376655836041,1,2160,2192,0.6666666666666666,0.6691086691086691,0.58,0.5575,0.7067407407407407,0.6718589743589742,13,True
4001,3907,1271,1741,54,3948,2,40,13,400,228,225,3948,1975,0.56,0.492,0.486,0.485,0.4995,0.4936265933516621,3,2228,2073,0.6876543209876543,0.6327838827838828,0.57,0.5625,0.6945555555555555,0.6778846153846154,13,True
4001,3225,2449,1817,54,3948,2,40,13,400,207,268,3948,1975,0.48,0.516,0.514,0.476,0.49,0.4936265933516621,3,2130,2151,0.6574074074074074,0.6565934065934066,0.5175,0.67,0.6305833333333333,0.8074358974358975,13,True
4001,2785,1569,1848,54,3948,2,40,13,400,222,204,3948,1974,0.392,0.452,0.49,0.492,0.4955,0.493376655836041,1,2268,2024,0.7,0.6178266178266179,0.555,0.51,0.6762777777777779,0.6146153846153847,13,True
4001,3183,2122,1862,54,3948,2,40,13,400,232,236,3948,1974,0.536,0.544,0.52,0.509,0.4935,0.493376655836041,1,2260,2194,0.6975308641975309,0.6697191697191697,0.58,0.59,0.7067407407407407,0.7110256410256409,13,True
4001,1789,3860,1868,54,3948,2,40,13,400,229,211,3948,1975,0.512,0.496,0.508,0.493,0.4925,0.4936265933516621,3,2216,2108,0.6839506172839506,0.6434676434676435,0.5725,0.5275,0.6976018518518519,0.6357051282051281,13,True
4001,2295,589,1894,54,3948,2,40,13,400,214,195,3948,1975,0.576,0.536,0.532,0.487,0.4965,0.4936265933516621,3,2128,2034,0.6567901234567901,0.6208791208791209,0.535,0.4875,0.6519074074074075,0.5874999999999999,13,True
4001,2675,1349,1921,54,3948,2,40,13,400,225,214,3948,1974,0.376,0.392,0.426,0.468,0.4835,0.493376655836041,1,2255,2049,0.6959876543209876,0.6254578754578755,0.5625,0.535,0.6854166666666667,0.6447435897435898,13,True
4001,2111,221,1927,54,3948,2,40,13,400,221,201,3948,1974,0.536,0.532,0.526,0.504,0.493,0.493376655836041,1,2216,2159,0.6839506172839506,0.659035409035409,0.5525,0.5025,0.6732314814814815,0.605576923076923,13,True
4001,1898,3796,2028,54,3948,2,40,13,400,235,236,3948,1974,0.52,0.536,0.52,0.497,0.5085,0.493376655836041,1,2198,2090,0.678395061728395,0.6379731379731379,0.5875,0.59,0.7158796296296297,0.7110256410256409,13,True
4001,3149,3433,2031,54,3948,2,40,13,400,224,223,3948,1975,0.536,0.46,0.476,0.483,0.4855,0.4936265933516621,3,2235,2214,0.6898148148148148,0.6758241758241759,0.56,0.5575,0.6823703703703704,0.6718589743589742,13,True
4001,3179,3453,2174,54,3948,2,40,13,400,238,218,3948,1975,0.536,0.532,0.486,0.481,0.491,0.4936265933516621,3,2248,2137,0.6938271604938272,0.6523199023199023,0.595,0.545,0.7250185185185185,0.6567948717948718,13,True
4001,1483,3656,2193,54,3948,2,40,13,400,227,224,3948,1974,0.512,0.484,0.508,0.521,0.5005,0.493376655836041,1,2247,2207,0.6935185185185185,0.6736874236874237,0.5675,0.56,0.6915092592592593,0.6748717948717949,13,True
4001,3985,3969,2215,54,3948,2,40,13,400,221,230,3948,1974,0.48,0.52,0.504,0.492,0.4965,0.493376655836041,1,2153,2204,0.6645061728395062,0.6727716727716728,0.5525,0.575,0.6732314814814815,0.6929487179487179,13,True
4001,1987,3974,2273,54,3948,2,40,13,400,233,185,3948,1974,0.472,0.48,0.486,0.486,0.493,0.493376655836041,1,2211,1848,0.6824074074074075,0.5641025641025641,0.5825,0.4625,0.709787037037037,0.5573717948717949,13,True
4001,2369,737,2303,54,3948,2,40,13,400,224,206,3948,1974,0.48,0.484,0.482,0.487,0.4835,0.493376655836041,1,2203,1980,0.6799382716049382,0.6043956043956044,0.56,0.515,0.6823703703703704,0.6206410256410256,13,True
4001,3534,2356,2429,54,3948,2,40,13,400,235,161,3948,1975,0.432,0.456,0.486,0.487,0.4895,0.4936265933516621,3,2275,1886,0.7021604938271605,0.5757020757020757,0.5875,0.4025,0.7158796296296297,0.4850641025641026,13,True
4001,3692,3795,2451,54,3948,2,40,13,400,229,193,3948,1974,0.448,0.48,0.48,0.493,0.4875,0.493376655836041,1,2186,2131,0.6746913580246914,0.6504884004884005,0.5725,0.4825,0.6976018518518519,0.581474358974359,13,True
4001,500,1000,2467,54,3948,2,40,13,400,248,207,3948,1974,0.52,0.544,0.542,0.487,0.4945,0.493376655836041,1,2276,2121,0.7024691358024692,0.6474358974358975,0.62,0.5175,0.7554814814814814,0.6236538461538461,13,True
4001,212,424,2487,54,3948,2,40,13,400,229,234,3948,1974,0.504,0.484,0.474,0.485,0.4965,0.493376655836041,1,2190,2103,0.6759259259259259,0.641941391941392,0.5725,0.585,0.6976018518518519,0.705,13,True
4001,857,1905,2578,54,3948,2,40,13,400,209,248,3948,1974,0.504,0.5,0.494,0.509,0.494,0.493376655836041,1,2192,2234,0.6765432098765433,0.681929181929182,0.5225,0.62,0.6366759259259259,0.7471794871794871,13,True
4001,343,686,2640,54,3948,2,40,13,400,217,189,3948,1974,0.472,0.524,0.524,0.502,0.5025,0.493376655836041,1,2290,2032,0.7067901234567902,0.6202686202686203,0.5425,0.4725,0.6610462962962963,0.5694230769230769,13,True
4001,2451,901,2707,54,3948,2,40,13,400,217,218,3948,1974,0.544,0.556,0.506,0.505,0.489,0.493376655836041,1,2178,2137,0.6722222222222223,0.6523199023199023,0.5425,0.545,0.6610462962962963,0.6567948717948718,13,True
4001,3230,3487,2735,54,3948,2,40,13,400,225,246,3948,1974,0.544,0.532,0.494,0.482,0.487,0.493376655836041,1,2200,2227,0.6790123456790124,0.6797924297924298,0.5625,0.615,0.6854166666666667,0.7411538461538462,13,True
4001,1020,2040,2784,54,3948,2,40,13,400,228,244,3948,1975,0.6,0.536,0.524,0.518,0.49,0.4936265933516621,3,2266,2171,0.6993827160493827,0.6626984126984127,0.57,0.61,0.6945555555555555,0.7351282051282051,13,True
4001,919,3280,2868,54,3948,2,40,13,400,212,209,3948,1974,0.56,0.512,0.506,0.511,0.4885,0.493376655836041,1,2219,2079,0.6848765432098766,0.6346153846153846,0.53,0.5225,0.6458148148148148,0.6296794871794872,13,True
4001,161,322,2927,54,3948,2,40,13,400,209,200,3948,1975,0.576,0.512,0.49,0.479,0.493,0.4936265933516621,3,2216,2033,0.6839506172839506,0.6205738705738706,0.5225,0.5,0.6366759259259259,0.6025641025641025,13,True
4001,1535,3070,2943,54,3948,2,40,13,400,221,220,3948,1974,0.496,0.496,0.488,0.494,0.499,0.493376655836041,1,2256,2192,0.6962962962962963,0.6691086691086691,0.5525,0.55,0.6732314814814815,0.6628205128205128,13,True
4001,3025,2049,2945,54,3948,2,40,13,400,233,188,3948,1974,0.464,0.468,0.476,0.482,0.4985,0.493376655836041,1,2300,1920,0.7098765432098766,0.5860805860805861,0.5825,0.47,0.709787037037037,0.5664102564102564,13,True
4001,3385,2769,2962,54,3948,2,40,13,400,224,200,3948,1975,0.48,0.528,0.512,0.498,0.505,0.4936265933516621,3,2195,2035,0.6774691358024691,0.6211843711843712,0.56,0.5,0.6823703703703704,0.6025641025641025,13,True
4001,595,1190,3081,54,3948,2,40,13,400,213,219,3948,1974,0.488,0.46,0.482,0.501,0.5055,0.493376655836041,1,2158,2024,0.6660493827160494,0.6178266178266179,0.5325,0.5475,0.6488611111111111,0.6598076923076922,13,True
4001,2559,1706,3094,54,3948,2,40,13,400,216,242,3948,1974,0.448,0.464,0.474,0.478,0.4845,0.493376655836041,1,2162,2256,0.667283950617284,0.6886446886446886,0.54,0.605,0.658,0.7291025641025641,13,True
4001,2902,1803,3145,54,3948,2,40,13,400,215,229,3948,1974,0.488,0.508,0.508,0.501,0.4945,0.493376655836041,1,2210,2204,0.6820987654320988,0.6727716727716728,0.5375,0.5725,0.6549537037037036,0.6899358974358974,13,True
4001,563,1709,3274,54,3948,2,40,13,400,227,196,3948,1974,0.536,0.48,0.492,0.482,0.4925,0.493376655836041,1,2206,2132,0.6808641975308642,0.6507936507936508,0.5675,0.49,0.6915092592592593,0.5905128205128205,13,True
4001,2448,895,3295,54,3948,2,40,13,400,233,204,3948,1974,0.472,0.448,0.46,0.464,0.478,0.493376655836041,1,2229,2104,0.687962962962963,0.6422466422466423,0.5825,0.51,0.709787037037037,0.6146153846153847,13,True
4001,1057,3372,3399,54,3948,2,40,13,400,245,225,3948,1974,0.488,0.484,0.498,0.491,0.502,0.493376655836041,1,2292,2112,0.7074074074074074,0.6446886446886447,0.6125,0.5625,0.7463425925925926,0.6778846153846154,13,True
4001,500,1667,3404,54,3948,2,40,13,400,229,215,3948,1974,0.52,0.472,0.474,0.479,0.4915,0.493376655836041,1,2209,2186,0.6817901234567901,0.6672771672771672,0.5725,0.5375,0.6976018518518519,0.6477564102564102,13,True
4001,1079,2158,3415,54,3948,2,40,13,400,214,214,3948,1975,0.432,0.464,0.462,0.459,0.4825,0.4936265933516621,3,2150,1980,0.6635802469135802,0.6043956043956044,0.535,0.535,0.6519074074074075,0.6447435897435898,13,True
4001,657,1314,3555,54,3948,2,40,13,400,228,214,3948,1975,0.48,0.48,0.492,0.492,0.491,0.4936265933516621,3,2290,1992,0.7067901234567902,0.608058608058608,0.57,0.535,0.6945555555555555,0.6447435897435898,13,True
4001,3966,3931,3559,54,3948,2,40,13,400,237,217,3948,1975,0.456,0.428,0.456,0.487,0.4965,0.4936265933516621,3,2188,2074,0.6753086419753086,0.6330891330891331,0.5925,0.5425,0.7219722222222222,0.6537820512820512,13,True
4001,1833,1222,3608,54,3948,2,40,13,400,227,215,3948,1975,0.584,0.5,0.498,0.492,0.489,0.4936265933516621,3,2227,2165,0.6873456790123457,0.6608669108669109,0.5675,0.5375,0.6915092592592593,0.6477564102564102,13,True
4001,2819,3213,3626,54,3948,2,40,13,400,209,229,3948,1974,0.504,0.516,0.506,0.523,0.498,0.493376655836041,1,2198,2240,0.678395061728395,0.6837606837606838,0.5225,0.5725,0.6366759259259259,0.6899358974358974,13,True
4001,125,1417,3688,54,3948,2,40,13,400,213,185,3948,1975,0.472,0.48,0.492,0.514,0.4965,0.4936265933516621,3,2197,1983,0.6780864197530864,0.6053113553113553,0.5325,0.4625,0.6488611111111111,0.5573717948717949,13,True
4001,977,1954,3690,54,3948,2,40,13,400,217,193,3948,1974,0.48,0.504,0.49,0.483,0.4835,0.493376655836041,1,2238,1932,0.6907407407407408,0.5897435897435898,0.5425,0.4825,0.6610462962962963,0.581474358974359,13,True
4001,542,1695,3730,54,3948,2,40,13,400,238,194,3948,1974,0.544,0.524,0.492,0.479,0.4805,0.493376655836041,1,2198,1876,0.678395061728395,0.5726495726495726,0.595,0.485,0.7250185185185185,0.5844871794871794,13,True
4001,1265,2530,3872,54,3948,2,40,13,400,227,235,3948,1974,0.464,0.46,0.492,0.489,0.4875,0.493376655836041,1,2190,2171,0.6759259259259259,0.6626984126984127,0.5675,0.5875,0.6915092592592593,0.7080128205128206,13,True
4001,2,1335,3892,54,3948,2,40,13,400,212,222,3948,1975,0.456,0.48,0.496,0.494,0.486,0.4936265933516621,3,2253,2111,0.6953703703703704,0.6443833943833944,0.53,0.555,0.6458148148148148,0.668846153846154,13,True
4001,385,2924,3942,54,3948,2,40,13,400,235,203,3948,1975,0.472,0.496,0.502,0.487,0.4895,0.4936265933516621,3,2226,2011,0.687037037037037,0.6138583638583639,0.5875,0.5075,0.7158796296296297,0.6116025641025641,13,True
4001,2467,933,89,2,4000,2,40,13,400,231,210,4000,2000,0.512,0.472,0.486,0.481,0.493,0.49987503124218946,1,2249,2170,0.6941358024691358,0.6623931623931624,0.5775,0.525,0.7129629629629629,0.6410256410256411,13,True
4001,1169,2338,110,2,4000,2,40,13,400,225,214,4000,2000,0.488,0.496,0.462,0.48,0.4865,0.49987503124218946,1,2193,2052,0.6768518518518518,0.6263736263736264,0.5625,0.535,0.6944444444444444,0.6532356532356532,13,True
4001,3276,2551,144,2,4000,2,40,13,400,224,222,4000,2000,0.448,0.48,0.49,0.503,0.494,0.49987503124218946,1,2232,2138,0.6888888888888889,0.6526251526251526,0.56,0.555,0.691358024691358,0.6776556776556777,13,True
4001,3195,2130,150,2,4000,2,40,13,400,207,189,4000,2001,0.472,0.512,0.494,0.513,0.511,0.5001249687578105,3,2203,1978,0.6799382716049382,0.6037851037851037,0.5175,0.4725,0.6388888888888888,0.5769230769230769,13,True
4001,1202,2404,186,2,4000,2,40,13,400,219,208,4000,2000,0.48,0.472,0.474,0.487,0.504,0.49987503124218946,1,2207,2039,0.6811728395061728,0.6224053724053724,0.5475,0.52,0.6759259259259259,0.6349206349206349,13,True
4001,1303,2606,267,2,4000,2,40,13,400,239,213,4000,2001,0.528,0.528,0.536,0.506,0.495,0.5001249687578105,3,2272,2151,0.7012345679012346,0.6565934065934066,0.5975,0.5325,0.7376543209876543,0.6501831501831502,13,True
4001,1312,3542,291,2,4000,2,40,13,400,269,235,4000,2000,0.512,0.464,0.48,0.492,0.486,0.49987503124218946,1,2208,2318,0.6814814814814815,0.7075702075702076,0.6725,0.5875,0.8302469135802469,0.7173382173382173,13,True
4001,3544,1029,347,2,4000,2,40,13,400,227,197,4000,2000,0.512,0.496,0.5,0.486,0.4945,0.49987503124218946,1,2170,1817,0.6697530864197531,0.5546398046398047,0.5675,0.4925,0.7006172839506173,0.6013431013431013,13,True
4001,232,2822,412,2,4000,2,40,13,400,233,228,4000,2001,0.512,0.496,0.5,0.5,0.496,0.5001249687578105,3,2252,2195,0.6950617283950618,0.67002442002442,0.5825,0.57,0.7191358024691358,0.6959706959706959,13,True
4001,3009,2006,467,2,4000,2,40,13,400,247,211,4000,2001,0.496,0.5,0.486,0.475,0.49,0.5001249687578105,3,2181,1932,0.6731481481481482,0.5897435897435898,0.6175,0.5275,0.7623456790123457,0.6440781440781441,13,True
4001,1485,2970,554,2,4000,2,40,13,400,209,229,4000,2000,0.44,0.472,0.486,0.527,0.5105,0.49987503124218946,1,2219,2120,0.6848765432098766,0.6471306471306472,0.5225,0.5725,0.6450617283950617,0.699023199023199,13,True
4001,2002,1,576,2,4000,2,40,13,400,209,209,4000,2001,0.448,0.5,0.498,0.509,0.4935,0.5001249687578105,3,2181,2099,0.6731481481481482,0.6407203907203908,0.5225,0.5225,0.6450617283950617,0.6379731379731379,13,True
4001,3678,3355,588,2,4000,2,40,13,400,242,224,4000,2000,0.456,0.504,0.518,0.503,0.4965,0.49987503124218946,1,2281,2218,0.7040123456790124,0.6770451770451771,0.605,0.56,0.7469135802469136,0.6837606837606838,13,True
4001,803,1606,592,2,4000,2,40,13,400,244,273,4000,2001,0.504,0.488,0.51,0.502,0.501,0.5001249687578105,3,2230,2209,0.6882716049382716,0.6742979242979243,0.61,0.6825,0.7530864197530864,0.8333333333333334,13,True
4001,1274,2548,625,2,4000,2,40,13,400,219,222,4000,2000,0.584,0.532,0.522,0.501,0.505,0.49987503124218946,1,2322,2185,0.7166666666666667,0.6669719169719169,0.5475,0.555,0.6759259259259259,0.6776556776556777,13,True
4001,2548,365,672,2,4000,2,40,13,400,226,204,4000,2001,0.464,0.508,0.53,0.511,0.5,0.5001249687578105,3,2168,2006,0.6691358024691358,0.6123321123321124,0.565,0.51,0.6975308641975309,0.6227106227106227,13,True
4001,1812,1208,753,2,4000,2,40,13,400,206,227,4000,2000,0.552,0.512,0.512,0.491,0.4915,0.49987503124218946,1,2190,2197,0.6759259259259259,0.6706349206349206,0.515,0.5675,0.6358024691358025,0.6929181929181929,13,True
4001,828,1656,789,2,4000,2,40,13,400,225,193,4000,2001,0.464,0.492,0.498,0.494,0.512,0.5001249687578105,3,2239,2110,0.6910493827160494,0.6440781440781441,0.5625,0.4825,0.6944444444444444,0.5891330891330891,13,True
4001,3072,2143,795,2,4000,2,40,13,400,239,221,4000,2001,0.488,0.476,0.494,0.478,0.4865,0.5001249687578105,3,2241,2184,0.6916666666666667,0.6666666666666666,0.5975,0.5525,0.7376543209876543,0.6746031746031746,13,True
4001,1969,3980,857,2,4000,2,40,13,400,210,210,4000,2000,0.504,0.488,0.504,0.501,0.505,0.49987503124218946,1,2156,2100,0.6654320987654321,0.6410256410256411,0.525,0.525,0.6481481481481481,0.6410256410256411,13,True
4001,2862,1723,964,2,4000,2,40,13,400,224,195,4000,2000,0.472,0.496,0.496,0.509,0.5135,0.49987503124218946,1,2194,2042,0.6771604938271605,0.6233211233211233,0.56,0.4875,0.691358024691358,0.5952380952380952,13,True
4001,780,1560,986,2,4000,2,40,13,400,218,225,4000,2000,0.496,0.54,0.534,0.495,0.503,0.49987503124218946,1,2205,2039,0.6805555555555556,0.6224053724053724,0.545,0.5625,0.6728395061728395,0.6868131868131868,13,True
4001,2601,1734,1136,2,4000,2,40,13,400,214,221,4000,2000,0.536,0.556,0.54,0.51,0.5015,0.49987503124218946,1,2169,2061,0.6694444444444444,0.6291208791208791,0.535,0.5525,0.6604938271604939,0.6746031746031746,13,True
4001,3550,1033,1168,2,4000,2,40,13,400,230,219,4000,2001,0.504,0.512,0.498,0.506,0.5055,0.5001249687578105,3,2292,2119,0.7074074074074074,0.6468253968253969,0.575,0.5475,0.7098765432098766,0.6684981684981685,13,True
4001,3933,3865,1207,2,4000,2,40,13,400,213,202,4000,2000,0.44,0.444,0.494,0.494,0.51,0.49987503124218946,1,2248,2116,0.6938271604938272,0.645909645909646,0.5325,0.505,0.6574074074074074,0.6166056166056166,13,True
4001,3508,1005,1216,2,4000,2,40,13,400,223,216,4000,2001,0.464,0.508,0.538,0.515,0.501,0.5001249687578105,3,2207,2194,0.6811728395061728,0.6697191697191697,0.5575,0.54,0.6882716049382716,0.6593406593406593,13,True
4001,3572,3715,1233,2,4000,2,40,13,400,221,215,4000,2000,0.544,0.544,0.528,0.509,0.502,0.49987503124218946,1,2227,2142,0.6873456790123457,0.6538461538461539,0.5525,0.5375,0.6820987654320988,0.6562881562881563,13,True
4001,842,1684,1329,2,4000,2,40,13,400,230,218,4000,2000,0.52,0.504,0.51,0.507,0.5185,0.49987503124218946,1,2255,2064,0.6959876543209876,0.63003663003663,0.575,0.545,0.7098765432098766,0.6654456654456654,13,True
4001,871,3248,1365,2,4000,2,40,13,400,217,238,4000,2000,0.528,0.48,0.506,0.516,0.501,0.49987503124218946,1,2154,2298,0.6648148148148149,0.7014652014652014,0.5425,0.595,0.6697530864197531,0.7264957264957265,13,True
4001,3666,2444,1599,2,4000,2,40,13,400,217,202,4000,2001,0.496,0.48,0.484,0.478,0.4875,0.5001249687578105,3,2242,2075,0.6919753086419753,0.6333943833943834,0.5425,0.505,0.6697530864197531,0.6166056166056166,13,True
4001,2602,401,1640,2,4000,2,40,13,400,222,227,4000,2000,0.512,0.496,0.494,0.504,0.4975,0.49987503124218946,1,2271,2230,0.700925925925926,0.6807081807081807,0.555,0.5675,0.6851851851851852,0.6929181929181929,13,True
4001,1810,3620,1683,2,4000,2,40,13,400,224,215,4000,2001,0.48,0.508,0.508,0.519,0.505,0.5001249687578105,3,2291,2118,0.7070987654320988,0.6465201465201466,0.56,0.5375,0.691358024691358,0.6562881562881563,13,True
4001,2030,59,1752,2,4000,2,40,13,400,229,268,4000,2000,0.48,0.484,0.478,0.499,0.52,0.49987503124218946,1,2198,2018,0.678395061728395,0.615995115995116,0.5725,0.67,0.7067901234567902,0.818070818070818,13,True
4001,768,1536,1775,2,4000,2,40,13,400,227,245,4000,2001,0.464,0.492,0.476,0.474,0.506,0.5001249687578105,3,2200,1982,0.6790123456790124,0.605006105006105,0.5675,0.6125,0.7006172839506173,0.7478632478632479,13,True
4001,1837,3674,1806,2,4000,2,40,13,400,223,227,4000,2000,0.432,0.524,0.508,0.527,0.5045,0.49987503124218946,1,2265,2216,0.6990740740740741,0.6764346764346765,0.5575,0.5675,0.6882716049382716,0.6929181929181929,13,True
4001,2759,3173,1955,2,4000,2,40,13,400,241,237,4000,2000,0.44,0.452,0.48,0.503,0.4965,0.49987503124218946,1,2266,2201,0.6993827160493827,0.6718559218559218,0.6025,0.5925,0.7438271604938271,0.7234432234432234,13,True
4001,3714,3427,1969,2,4000,2,40,13,400,227,184,4000,2001,0.448,0.456,0.51,0.502,0.5145,0.5001249687578105,3,2251,2048,0.6947530864197531,0.6251526251526252,0.5675,0.46,0.7006172839506173,0.5616605616605617,13,True
4001,2610,1219,2079,2,4000,2,40,13,400,222,200,4000,2000,0.488,0.512,0.512,0.489,0.488,0.49987503124218946,1,2275,2004,0.7021604938271605,0.6117216117216118,0.555,0.5,0.6851851851851852,0.6105006105006106,13,True
4001,1513,3026,2103,2,4000,2,40,13,400,234,206,4000,2000,0.44,0.464,0.488,0.504,0.498,0.49987503124218946,1,2211,2054,0.6824074074074075,0.626984126984127,0.585,0.515,0.7222222222222222,0.6288156288156288,13,True
4001,3895,3789,2116,2,4000,2,40,13,400,222,219,4000,2001,0.512,0.508,0.536,0.513,0.502,0.5001249687578105,3,2293,2243,0.707716049382716,0.6846764346764347,0.555,0.5475,0.6851851851851852,0.6684981684981685,13,True
4001,485,970,2137,2,4000,2,40,13,400,197,223,4000,2001,0.424,0.5,0.508,0.506,0.498,0.5001249687578105,3,2206,1955,0.6808641975308642,0.5967643467643468,0.4925,0.5575,0.6080246913580247,0.6807081807081807,13,True
4001,507,1014,2270,2,4000,2,40,13,400,216,199,4000,2000,0.448,0.48,0.52,0.521,0.508,0.49987503124218946,1,2194,2146,0.6771604938271605,0.6550671550671551,0.54,0.4975,0.6666666666666666,0.6074481074481074,13,True
4001,1032,2064,2364,2,4000,2,40,13,400,220,207,4000,2001,0.48,0.54,0.51,0.518,0.5015,0.5001249687578105,3,2168,2145,0.6691358024691358,0.6547619047619048,0.55,0.5175,0.6790123456790124,0.6318681318681318,13,True
4001,2943,1885,2367,2,4000,2,40,13,400,257,220,4000,2001,0.544,0.512,0.496,0.499,0.5015,0.5001249687578105,3,2242,2221,0.6919753086419753,0.677960927960928,0.6425,0.55,0.7932098765432098,0.6715506715506715,13,True
4001,1744,3488,2402,2,4000,2,40,13,400,207,178,4000,2001,0.504,0.468,0.482,0.495,0.493,0.5001249687578105,3,2203,1980,0.6799382716049382,0.6043956043956044,0.5175,0.445,0.6388888888888888,0.5433455433455433,13,True
4001,2260,173,2417,2,4000,2,40,13,400,232,183,4000,2000,0.528,0.524,0.524,0.502,0.497,0.49987503124218946,1,2251,1840,0.6947530864197531,0.5616605616605617,0.58,0.4575,0.7160493827160493,0.5586080586080586,13,True
4001,3206,3471,2462,2,4000,2,40,13,400,234,225,4000,2000,0.488,0.484,0.496,0.521,0.5165,0.49987503124218946,1,2264,2174,0.6987654320987654,0.6636141636141636,0.585,0.5625,0.7222222222222222,0.6868131868131868,13,True
4001,1539,3078,2526,2,4000,2,40,13,400,238,241,4000,2000,0.488,0.5,0.52,0.508,0.5095,0.49987503124218946,1,2263,2319,0.6984567901234567,0.7078754578754579,0.595,0.6025,0.7345679012345679,0.7356532356532357,13,True
4001,3232,2463,2535,2,4000,2,40,13,400,220,209,4000,2000,0.488,0.448,0.468,0.484,0.5095,0.49987503124218946,1,2252,1988,0.6950617283950618,0.6068376068376068,0.55,0.5225,0.6790123456790124,0.6379731379731379,13,True
4001,1183,2366,2569,2,4000,2,40,13,400,211,187,4000,2001,0.56,0.54,0.514,0.499,0.513,0.5001249687578105,3,2221,2070,0.6854938271604938,0.6318681318681318,0.5275,0.4675,0.6512345679012346,0.5708180708180708,13,True
4001,1737,1158,2608,2,4000,2,40,13,400,244,226,4000,2000,0.48,0.484,0.486,0.497,0.4935,0.49987503124218946,1,2272,2109,0.7012345679012346,0.6437728937728938,0.61,0.565,0.7530864197530864,0.6898656898656899,13,True
4001,3381,2254,2748,2,4000,2,40,13,400,247,235,4000,2001,0.456,0.464,0.498,0.499,0.4915,0.5001249687578105,3,2303,2289,0.7108024691358025,0.6987179487179487,0.6175,0.5875,0.7623456790123457,0.7173382173382173,13,True
4001,3707,3805,2777,2,4000,2,40,13,400,213,210,4000,2000,0.456,0.456,0.484,0.516,0.509,0.49987503124218946,1,2215,1970,0.683641975308642,0.6013431013431013,0.5325,0.525,0.6574074074074074,0.6410256410256411,13,True
4001,1378,2756,2794,2,4000,2,40,13,400,231,201,4000,2000,0.488,0.464,0.506,0.507,0.5095,0.49987503124218946,1,2190,2116,0.6759259259259259,0.645909645909646,0.5775,0.5025,0.7129629629629629,0.6135531135531135,13,True
4001,2606,1211,2815,2,4000,2,40,13,400,231,211,4000,2001,0.576,0.496,0.518,0.501,0.5065,0.5001249687578105,3,2220,2135,0.6851851851851852,0.6517094017094017,0.5775,0.5275,0.7129629629629629,0.6440781440781441,13,True
4001,2964,1927,2820,2,4000,2,40,13,400,219,218,4000,2000,0.48,0.508,0.522,0.514,0.508,0.49987503124218946,1,2280,2185,0.7037037037037037,0.6669719169719169,0.5475,0.545,0.6759259259259259,0.6654456654456654,13,True
4001,2132,263,2822,2,4000,2,40,13,400,223,242,4000,2000,0.44,0.468,0.492,0.496,0.4975,0.49987503124218946,1,2266,2287,0.6993827160493827,0.6981074481074481,0.5575,0.605,0.6882716049382716,0.7387057387057387,13,True
4001,3851,3701,2888,2,4000,2,40,13,400,235,223,4000,2001,0.416,0.452,0.48,0.491,0.49,0.5001249687578105,3,2281,2168,0.7040123456790124,0.6617826617826618,0.5875,0.5575,0.7253086419753086,0.6807081807081807,13,True
4001,2432,2955,2973,2,4000,2,40,13,400,229,213,4000,2000,0.48,0.496,0.468,0.477,0.495,0.49987503124218946,1,2247,2166,0.6935185185185185,0.6611721611721612,0.5725,0.5325,0.7067901234567902,0.6501831501831502,13,True
4001,2251,167,3057,2,4000,2,40,13,400,237,220,4000,2000,0.472,0.452,0.496,0.505,0.497,0.49987503124218946,1,2272,2197,0.7012345679012346,0.6706349206349206,0.5925,0.55,0.7314814814814815,0.6715506715506715,13,True
4001,3847,3693,3135,2,4000,2,40,13,400,235,194,4000,2001,0.544,0.556,0.526,0.523,0.51,0.5001249687578105,3,2216,2193,0.6839506172839506,0.6694139194139194,0.5875,0.485,0.7253086419753086,0.5921855921855922,13,True
4001,3138,2275,3143,2,4000,2,40,13,400,194,232,4000,2000,0.504,0.464,0.498,0.506,0.5015,0.49987503124218946,1,2128,2170,0.6567901234567901,0.6623931623931624,0.485,0.58,0.5987654320987654,0.7081807081807082,13,True
4001,2644,1287,3189,2,4000,2,40,13,400,241,203,4000,2001,0.432,0.46,0.478,0.477,0.488,0.5001249687578105,3,2256,2018,0.6962962962962963,0.615995115995116,0.6025,0.5075,0.7438271604938271,0.6196581196581196,13,True
4001,3871,1247,3218,2,4000,2,40,13,400,240,205,4000,2001,0.512,0.496,0.502,0.504,0.4935,0.5001249687578105,3,2262,2017,0.6981481481481482,0.6156898656898657,0.6,0.5125,0.7407407407407407,0.6257631257631258,13,True
4001,3509,3673,3285,2,4000,2,40,13,400,227,241,4000,2001,0.416,0.472,0.494,0.51,0.4975,0.5001249687578105,3,2269,2270,0.7003086419753086,0.6929181929181929,0.5675,0.6025,0.7006172839506173,0.7356532356532357,13,True
4001,3129,2257,3341,2,4000,2,40,13,400,265,205,4000,2001,0.56,0.508,0.492,0.505,0.503,0.5001249687578105,3,2278,2099,0.7030864197530864,0.6407203907203908,0.6625,0.5125,0.8179012345679012,0.6257631257631258,13,True
4001,3145,2289,3348,2,4000,2,40,13,400,231,206,4000,2001,0.48,0.48,0.488,0.495,0.4905,0.5001249687578105,3,2235,2113,0.6898148148148148,0.644993894993895,0.5775,0.515,0.7129629629629629,0.6288156288156288,13,True
4001,1814,3628,3350,2,4000,2,40,13,400,222,216,4000,2000,0.48,0.532,0.524,0.506,0.5105,0.49987503124218946,1,2296,2191,0.7086419753086419,0.6688034188034188,0.555,0.54,0.6851851851851852,0.6593406593406593,13,True
4001,3779,3557,3383,2,4000,2,40,13,400,226,223,4000,2000,0.432,0.456,0.474,0.502,0.509,0.49987503124218946,1,2208,2137,0.6814814814814815,0.6523199023199023,0.565,0.5575,0.6975308641975309,0.6807081807081807,13,True
4001,3152,2303,3391,2,4000,2,40,13,400,186,206,4000,2000,0.464,0.464,0.49,0.497,0.5145,0.49987503124218946,1,2189,2216,0.6756172839506173,0.6764346764346765,0.465,0.515,0.5740740740740741,0.6288156288156288,13,True
4001,2950,1899,3524,2,4000,2,40,13,400,219,210,4000,2001,0.464,0.456,0.458,0.456,0.4775,0.5001249687578105,3,2215,2220,0.683641975308642,0.6776556776556777,0.5475,0.525,0.6759259259259259,0.6410256410256411,13,True
4001,2668,1335,3657,2,4000,2,40,13,400,229,229,4000,2000,0.512,0.504,0.502,0.507,0.5065,0.49987503124218946,1,2224,2175,0.6864197530864198,0.6639194139194139,0.5725,0.5725,0.7067901234567902,0.699023199023199,13,True
4001,1240,3494,3668,2,4000,2,40,13,400,233,216,4000,2001,0.464,0.488,0.51,0.491,0.4925,0.5001249687578105,3,2212,2381,0.682716049382716,0.7268009768009768,0.5825,0.54,0.7191358024691358,0.6593406593406593,13,True
4001,2339,677,3724,2,4000,2,40,13,400,230,188,4000,2001,0.568,0.552,0.522,0.513,0.5085,0.5001249687578105,3,2239,1957,0.6910493827160494,0.5973748473748474,0.575,0.47,0.7098765432098766,0.5738705738705738,13,True
4001,3660,2440,3732,2,4000,2,40,13,400,221,216,4000,2001,0.464,0.468,0.478,0.492,0.4905,0.5001249687578105,3,2261,2061,0.6978395061728395,0.6291208791208791,0.5525,0.54,0.6820987654320988,0.6593406593406593,13,True
4001,1383,2766,3755,2,4000,2,40,13,400,221,219,4000,2000,0.528,0.504,0.508,0.505,0.503,0.49987503124218946,1,2246,2278,0.6932098765432099,0.6953601953601953,0.5525,0.5475,0.6820987654320988,0.6684981684981685,13,True
4001,3917,3833,3810,2,4000,2,40,13,400,217,248,4000,2000,0.496,0.504,0.482,0.477,0.4935,0.49987503124218946,1,2254,2180,0.695679012345679,0.6654456654456654,0.5425,0.62,0.6697530864197531,0.757020757020757,13,True
4001,2972,1943,3811,2,4000,2,40,13,400,227,200,4000,2001,0.52,0.512,0.53,0.514,0.515,0.5001249687578105,3,2210,2172,0.6820987654320988,0.663003663003663,0.5675,0.5,0.7006172839506173,0.6105006105006106,13,True
4001,3621,3241,3821,2,4000,2,40,13,400,234,207,4000,2000,0.512,0.536,0.53,0.496,0.5185,0.49987503124218946,1,2280,2097,0.7037037037037037,0.6401098901098901,0.585,0.5175,0.7222222222222222,0.6318681318681318,13,True
4001,337,2892,3878,2,4000,2,40,13,400,220,194,4000,2000,0.496,0.5,0.49,0.502,0.4955,0.49987503124218946,1,2219,1862,0.6848765432098766,0.5683760683760684,0.55,0.485,0.6790123456790124,0.5921855921855922,13,True
4001,1598,3196,3930,2,4000,2,40,13,400,203,181,4000,2001,0.52,0.52,0.514,0.506,0.505,0.5001249687578105,3,2161,1975,0.6669753086419753,0.6028693528693528,0.5075,0.4525,0.6265432098765431,0.5525030525030525,13,True
4001,1718,3436,3962,2,4000,2,40,13,400,227,218,4000,2000,0.496,0.472,0.488,0.504,0.499,0.49987503124218946,1,2295,2207,0.7083333333333334,0.6736874236874237,0.5675,0.545,0.7006172839506173,0.6654456654456654,13,True
4001,2179,119,3981,2,4000,2,40,13,400,228,199,4000,2000,0.528,0.508,0.482,0.485,0.486,0.49987503124218946,1,2262,2150,0.6981481481481482,0.6562881562881563,0.57,0.4975,0.7037037037037037,0.6074481074481074,13,True
4001,2173,345,3991,2,4000,2,40,13,400,231,214,4000,2000,0.536,0.504,0.518,0.511,0.5115,0.49987503124218946,1,2318,2120,0.7154320987654321,0.6471306471306472,0.5775,0.535,0.7129629629629629,0.6532356532356532,13,True
4001,3386,3591,89,-2,4004,2,40,13,400,221,213,4004,2002,0.448,0.5,0.484,0.492,0.4975,0.5003749062734316,1,2248,2219,0.6938271604938272,0.6773504273504274,0.5525,0.5325,0.6827808641975309,0.6508333333333334,13,True
4001,1019,2013,110,-2,4004,2,40,13,400,202,228,4004,2002,0.472,0.468,0.506,0.51,0.519,0.5003749062734316,1,2214,2184,0.6833333333333333,0.6666666666666666,0.505,0.57,0.6240802469135802,0.6966666666666665,13,True
4001,364,2910,144,-2,4004,2,40,13,400,214,215,4004,2002,0.52,0.456,0.472,0.491,0.4875,0.5003749062734316,1,2241,2143,0.6916666666666667,0.6541514041514042,0.535,0.5375,0.6611543209876545,0.6569444444444444,13,True
4001,748,1496,150,-2,4004,2,40,13,400,214,211,4004,2003,0.512,0.496,0.484,0.506,0.5075,0.5006248437890527,3,2218,2105,0.6845679012345679,0.6425518925518926,0.535,0.5275,0.6611543209876545,0.6447222222222221,13,True
4001,3690,2460,186,-2,4004,2,40,13,400,220,224,4004,2002,0.552,0.536,0.514,0.515,0.5135,0.5003749062734316,1,2182,2173,0.6734567901234568,0.6633089133089133,0.55,0.56,0.6796913580246915,0.6844444444444445,13,True
4001,1923,1282,267,-2,4004,2,40,13,400,212,219,4004,2003,0.464,0.46,0.476,0.498,0.4985,0.5006248437890527,3,2126,2170,0.6561728395061729,0.6623931623931624,0.53,0.5475,0.6549753086419753,0.6691666666666667,13,True
4001,3806,3611,291,-2,4004,2,40,13,400,214,218,4004,2002,0.448,0.492,0.506,0.506,0.4995,0.5003749062734316,1,2228,2195,0.6876543209876543,0.67002442002442,0.535,0.545,0.6611543209876545,0.6661111111111112,13,True
4001,3889,3777,347,-2,4004,2,40,13,400,221,222,4004,2002,0.488,0.516,0.512,0.517,0.5175,0.5003749062734316,1,2161,2183,0.6669753086419753,0.6663614163614163,0.5525,0.555,0.6827808641975309,0.6783333333333335,13,True
4001,2088,175,412,-2,4004,2,40,13,400,214,188,4004,2003,0.488,0.472,0.494,0.488,0.501,0.5006248437890527,3,2236,2105,0.6901234567901234,0.6425518925518926,0.535,0.47,0.6611543209876545,0.5744444444444444,13,True
4001,3075,2149,467,-2,4004,2,40,13,400,231,201,4004,2003,0.576,0.52,0.514,0.512,0.5,0.5006248437890527,3,2248,1954,0.6938271604938272,0.5964590964590964,0.5775,0.5025,0.7136759259259259,0.6141666666666666,13,True
4001,165,110,554,-2,4004,2,40,13,400,213,226,4004,2002,0.496,0.484,0.488,0.508,0.4955,0.5003749062734316,1,2214,2196,0.6833333333333333,0.6703296703296703,0.5325,0.565,0.6580648148148148,0.6905555555555555,13,True
4001,2014,27,576,-2,4004,2,40,13,400,228,226,4004,2003,0.512,0.516,0.5,0.507,0.5005,0.5006248437890527,3,2205,2185,0.6805555555555556,0.6669719169719169,0.57,0.565,0.7044074074074074,0.6905555555555555,13,True
4001,3076,717,588,-2,4004,2,40,13,400,210,216,4004,2002,0.504,0.524,0.532,0.514,0.5005,0.5003749062734316,1,2224,2081,0.6864197530864198,0.6352258852258852,0.525,0.54,0.6487962962962963,0.6600000000000001,13,True
4001,2312,2875,592,-2,4004,2,40,13,400,228,248,4004,2003,0.496,0.492,0.504,0.526,0.5075,0.5006248437890527,3,2178,2257,0.6722222222222223,0.688949938949939,0.57,0.62,0.7044074074074074,0.7577777777777778,13,True
4001,3698,3799,625,-2,4004,2,40,13,400,231,214,4004,2002,0.448,0.504,0.502,0.5,0.498,0.5003749062734316,1,2284,2138,0.7049382716049383,0.6526251526251526,0.5775,0.535,0.7136759259259259,0.653888888888889,13,True
4001,2927,1853,672,-2,4004,2,40,13,400,219,225,4004,2003,0.544,0.516,0.53,0.493,0.502,0.5006248437890527,3,2177,1746,0.6719135802469136,0.532967032967033,0.5475,0.5625,0.6766018518518518,0.6875,13,True
4001,304,608,753,-2,4004,2,40,13,400,210,222,4004,2002,0.496,0.488,0.468,0.497,0.4995,0.5003749062734316,1,2176,2243,0.671604938271605,0.6846764346764347,0.525,0.555,0.6487962962962963,0.6783333333333335,13,True
4001,92,1395,789,-2,4004,2,40,13,400,249,211,4004,2003,0.552,0.528,0.492,0.492,0.4925,0.5006248437890527,3,2311,2143,0.7132716049382716,0.6541514041514042,0.6225,0.5275,0.7692870370370372,0.6447222222222221,13,True
4001,1675,3784,795,-2,4004,2,40,13,400,224,232,4004,2003,0.528,0.528,0.538,0.515,0.5,0.5006248437890527,3,2238,2183,0.6907407407407408,0.6663614163614163,0.56,0.58,0.6920493827160494,0.7088888888888888,13,True
4001,1717,3434,857,-2,4004,2,40,13,400,217,203,4004,2002,0.472,0.492,0.49,0.497,0.494,0.5003749062734316,1,2206,2097,0.6808641975308642,0.6401098901098901,0.5425,0.5075,0.6704228395061729,0.6202777777777777,13,True
4001,318,212,964,-2,4004,2,40,13,400,220,221,4004,2002,0.464,0.46,0.436,0.476,0.4895,0.5003749062734316,1,2253,2284,0.6953703703703704,0.6971916971916972,0.55,0.5525,0.6796913580246915,0.6752777777777778,13,True
4001,2754,1836,986,-2,4004,2,40,13,400,221,230,4004,2002,0.488,0.52,0.512,0.502,0.5045,0.5003749062734316,1,2191,2278,0.6762345679012346,0.6953601953601953,0.5525,0.575,0.6827808641975309,0.7027777777777777,13,True
4001,3404,2807,1136,-2,4004,2,40,13,400,226,198,4004,2002,0.504,0.48,0.474,0.472,0.4935,0.5003749062734316,1,2220,2085,0.6851851851851852,0.6364468864468864,0.565,0.495,0.6982283950617283,0.605,13,True
4001,3943,3885,1168,-2,4004,2,40,13,400,225,236,4004,2003,0.592,0.536,0.53,0.499,0.503,0.5006248437890527,3,2271,2180,0.700925925925926,0.6654456654456654,0.5625,0.59,0.6951388888888889,0.721111111111111,13,True
4001,437,1625,1207,-2,4004,2,40,13,400,209,148,4004,2002,0.52,0.492,0.49,0.484,0.4835,0.5003749062734316,1,2169,1582,0.6694444444444444,0.4829059829059829,0.5225,0.37,0.6457067901234567,0.45222222222222225,13,True
4001,3565,3129,1216,-2,4004,2,40,13,400,201,214,4004,2003,0.56,0.532,0.522,0.511,0.5035,0.5006248437890527,3,2209,1969,0.6817901234567901,0.601037851037851,0.5025,0.535,0.6209907407407407,0.653888888888889,13,True
4001,140,280,1233,-2,4004,2,40,13,400,232,188,4004,2002,0.464,0.496,0.486,0.508,0.4995,0.5003749062734316,1,2223,1934,0.6861111111111111,0.5903540903540904,0.58,0.47,0.7167654320987653,0.5744444444444444,13,True
4001,3650,3767,1329,-2,4004,2,40,13,400,212,199,4004,2002,0.504,0.536,0.524,0.52,0.496,0.5003749062734316,1,2195,2183,0.6774691358024691,0.6663614163614163,0.53,0.4975,0.6549753086419753,0.6080555555555556,13,True
4001,3838,3675,1365,-2,4004,2,40,13,400,217,210,4004,2002,0.488,0.484,0.494,0.507,0.501,0.5003749062734316,1,2246,2093,0.6932098765432099,0.6388888888888888,0.5425,0.525,0.6704228395061729,0.6416666666666666,13,True
4001,986,1972,1599,-2,4004,2,40,13,400,200,225,4004,2003,0.464,0.516,0.514,0.506,0.516,0.5006248437890527,3,2307,2286,0.712037037037037,0.6978021978021978,0.5,0.5625,0.6179012345679012,0.6875,13,True
4001,3413,2825,1640,-2,4004,2,40,13,400,223,203,4004,2002,0.408,0.476,0.488,0.506,0.503,0.5003749062734316,1,2216,2064,0.6839506172839506,0.63003663003663,0.5575,0.5075,0.6889598765432099,0.6202777777777777,13,True
4001,3313,875,1683,-2,4004,2,40,13,400,230,218,4004,2003,0.464,0.476,0.468,0.498,0.5005,0.5006248437890527,3,2242,2151,0.6919753086419753,0.6565934065934066,0.575,0.545,0.7105864197530863,0.6661111111111112,13,True
4001,3782,3855,1752,-2,4004,2,40,13,400,206,199,4004,2002,0.504,0.488,0.472,0.484,0.491,0.5003749062734316,1,2207,2090,0.6811728395061728,0.6379731379731379,0.515,0.4975,0.6364382716049383,0.6080555555555556,13,True
4001,1419,946,1775,-2,4004,2,40,13,400,220,204,4004,2003,0.48,0.476,0.484,0.481,0.4935,0.5006248437890527,3,2191,2126,0.6762345679012346,0.648962148962149,0.55,0.51,0.6796913580246915,0.6233333333333333,13,True
4001,3316,877,1806,-2,4004,2,40,13,400,246,194,4004,2002,0.488,0.464,0.462,0.471,0.4845,0.5003749062734316,1,2275,2060,0.7021604938271605,0.6288156288156288,0.615,0.485,0.7600185185185185,0.5927777777777778,13,True
4001,825,1650,1955,-2,4004,2,40,13,400,241,206,4004,2002,0.52,0.472,0.49,0.5,0.508,0.5003749062734316,1,2242,2070,0.6919753086419753,0.6318681318681318,0.6025,0.515,0.7445709876543211,0.6294444444444445,13,True
4001,3080,3387,1969,-2,4004,2,40,13,400,233,242,4004,2003,0.456,0.484,0.498,0.492,0.5035,0.5006248437890527,3,2232,2334,0.6888888888888889,0.7124542124542125,0.5825,0.605,0.719854938271605,0.7394444444444445,13,True
4001,290,1527,2079,-2,4004,2,40,13,400,218,206,4004,2002,0.488,0.464,0.482,0.491,0.502,0.5003749062734316,1,2232,2057,0.6888888888888889,0.6278998778998779,0.545,0.515,0.6735123456790124,0.6294444444444445,13,True
4001,3280,853,2103,-2,4004,2,40,13,400,215,204,4004,2002,0.488,0.532,0.536,0.515,0.502,0.5003749062734316,1,2198,2126,0.678395061728395,0.648962148962149,0.5375,0.51,0.6642438271604939,0.6233333333333333,13,True
4001,2211,1474,2116,-2,4004,2,40,13,400,210,211,4004,2003,0.48,0.512,0.5,0.495,0.4965,0.5006248437890527,3,2173,2078,0.6706790123456791,0.6343101343101343,0.525,0.5275,0.6487962962962963,0.6447222222222221,13,True
4001,943,3296,2137,-2,4004,2,40,13,400,226,213,4004,2003,0.472,0.476,0.478,0.492,0.496,0.5006248437890527,3,2272,2113,0.7012345679012346,0.644993894993895,0.565,0.5325,0.6982283950617283,0.6508333333333334,13,True
4001,1390,3594,2270,-2,4004,2,40,13,400,219,237,4004,2002,0.576,0.536,0.524,0.522,0.4955,0.5003749062734316,1,2168,2125,0.6691358024691358,0.6486568986568987,0.5475,0.5925,0.6766018518518518,0.7241666666666666,13,True
4001,2782,521,2364,-2,4004,2,40,13,400,228,203,4004,2003,0.456,0.504,0.494,0.505,0.4985,0.5006248437890527,3,2253,2070,0.6953703703703704,0.6318681318681318,0.57,0.5075,0.7044074074074074,0.6202777777777777,13,True
4001,327,218,2367,-2,4004,2,40,13,400,225,242,4004,2003,0.488,0.56,0.524,0.501,0.506,0.5006248437890527,3,2245,2219,0.6929012345679012,0.6773504273504274,0.5625,0.605,0.6951388888888889,0.7394444444444445,13,True
4001,1972,3982,2402,-2,4004,2,40,13,400,223,240,4004,2003,0.496,0.5,0.504,0.494,0.4975,0.5006248437890527,3,2267,2204,0.6996913580246914,0.6727716727716728,0.5575,0.6,0.6889598765432099,0.7333333333333334,13,True
4001,335,670,2417,-2,4004,2,40,13,400,238,214,4004,2002,0.48,0.476,0.492,0.493,0.5075,0.5003749062734316,1,2318,2128,0.7154320987654321,0.6495726495726496,0.595,0.535,0.7353024691358025,0.653888888888889,13,True
4001,847,1694,2462,-2,4004,2,40,13,400,210,209,4004,2002,0.544,0.516,0.524,0.513,0.4955,0.5003749062734316,1,2270,2180,0.7006172839506173,0.6654456654456654,0.525,0.5225,0.6487962962962963,0.638611111111111,13,True
4001,171,114,2526,-2,4004,2,40,13,400,213,221,4004,2002,0.44,0.5,0.498,0.523,0.5035,0.5003749062734316,1,2217,1976,0.6842592592592592,0.6031746031746031,0.5325,0.5525,0.6580648148148148,0.6752777777777778,13,True
4001,3471,2314,2535,-2,4004,2,40,13,400,213,199,4004,2002,0.6,0.536,0.506,0.504,0.4935,0.5003749062734316,1,2179,2098,0.6725308641975308,0.6404151404151404,0.5325,0.4975,0.6580648148148148,0.6080555555555556,13,True
4001,576,384,2569,-2,4004,2,40,13,400,223,210,4004,2003,0.464,0.488,0.52,0.503,0.492,0.5006248437890527,3,2184,1974,0.674074074074074,0.6025641025641025,0.5575,0.525,0.6889598765432099,0.6416666666666666,13,True
4001,3630,3259,2608,-2,4004,2,40,13,400,209,210,4004,2002,0.448,0.488,0.488,0.51,0.5115,0.5003749062734316,1,2167,2092,0.6688271604938272,0.6385836385836385,0.5225,0.525,0.6457067901234567,0.6416666666666666,13,True
4001,2422,843,2748,-2,4004,2,40,13,400,220,233,4004,2003,0.464,0.504,0.52,0.496,0.5025,0.5006248437890527,3,2271,2168,0.700925925925926,0.6617826617826618,0.55,0.5825,0.6796913580246915,0.7119444444444444,13,True
4001,1355,2710,2777,-2,4004,2,40,13,400,225,224,4004,2002,0.472,0.52,0.524,0.523,0.5025,0.5003749062734316,1,2239,2152,0.6910493827160494,0.6568986568986569,0.5625,0.56,0.6951388888888889,0.6844444444444445,13,True
4001,3265,843,2794,-2,4004,2,40,13,400,203,212,4004,2002,0.488,0.5,0.498,0.482,0.491,0.5003749062734316,1,2214,2128,0.6833333333333333,0.6495726495726496,0.5075,0.53,0.6271697530864196,0.6477777777777778,13,True
4001,3846,2564,2815,-2,4004,2,40,13,400,230,182,4004,2003,0.504,0.512,0.54,0.508,0.4975,0.5006248437890527,3,2205,2060,0.6805555555555556,0.6288156288156288,0.575,0.455,0.7105864197530863,0.5561111111111111,13,True
4001,1663,3776,2820,-2,4004,2,40,13,400,238,207,4004,2002,0.488,0.456,0.488,0.474,0.4835,0.5003749062734316,1,2222,2049,0.6858024691358025,0.6254578754578755,0.595,0.5175,0.7353024691358025,0.6325,13,True
4001,1126,3418,2822,-2,4004,2,40,13,400,245,242,4004,2002,0.584,0.56,0.524,0.53,0.506,0.5003749062734316,1,2244,2241,0.6925925925925925,0.6840659340659341,0.6125,0.605,0.7569290123456791,0.7394444444444445,13,True
4001,1317,878,2888,-2,4004,2,40,13,400,224,212,4004,2003,0.512,0.528,0.534,0.519,0.4995,0.5006248437890527,3,2207,2168,0.6811728395061728,0.6617826617826618,0.56,0.53,0.6920493827160494,0.6477777777777778,13,True
4001,1883,3766,2973,-2,4004,2,40,13,400,203,228,4004,2002,0.48,0.46,0.518,0.516,0.512,0.5003749062734316,1,2187,2280,0.675,0.6959706959706959,0.5075,0.57,0.6271697530864196,0.6966666666666665,13,True
4001,254,508,3057,-2,4004,2,40,13,400,221,213,4004,2002,0.472,0.492,0.522,0.514,0.4925,0.5003749062734316,1,2150,2150,0.6635802469135802,0.6562881562881563,0.5525,0.5325,0.6827808641975309,0.6508333333333334,13,True
4001,872,1915,3135,-2,4004,2,40,13,400,201,186,4004,2003,0.4,0.436,0.474,0.491,0.5045,0.5006248437890527,3,2213,2165,0.6830246913580247,0.6608669108669109,0.5025,0.465,0.6209907407407407,0.5683333333333334,13,True
4001,3016,677,3143,-2,4004,2,40,13,400,224,221,4004,2002,0.528,0.492,0.48,0.509,0.4995,0.5003749062734316,1,2175,2240,0.6712962962962963,0.6837606837606838,0.56,0.5525,0.6920493827160494,0.6752777777777778,13,True
4001,2072,2715,3189,-2,4004,2,40,13,400,240,205,4004,2003,0.576,0.576,0.566,0.532,0.515,0.5006248437890527,3,2201,2001,0.679320987654321,0.6108058608058609,0.6,0.5125,0.7414814814814815,0.6263888888888888,13,True
4001,2831,1661,3218,-2,4004,2,40,13,400,253,235,4004,2003,0.528,0.516,0.528,0.522,0.508,0.5006248437890527,3,2197,1863,0.6780864197530864,0.5686813186813187,0.6325,0.5875,0.781645061728395,0.7180555555555556,13,True
4001,3574,3147,3285,-2,4004,2,40,13,400,211,217,4004,2003,0.528,0.528,0.526,0.519,0.5,0.5006248437890527,3,2203,2054,0.6799382716049382,0.626984126984127,0.5275,0.5425,0.6518858024691357,0.6630555555555556,13,True
4001,3015,2010,3341,-2,4004,2,40,13,400,229,194,4004,2003,0.488,0.524,0.514,0.502,0.508,0.5006248437890527,3,2273,2115,0.7015432098765432,0.6456043956043956,0.5725,0.485,0.7074969135802469,0.5927777777777778,13,True
4001,794,1863,3348,-2,4004,2,40,13,400,225,232,4004,2003,0.456,0.476,0.466,0.508,0.5135,0.5006248437890527,3,2283,2130,0.7046296296296296,0.6501831501831502,0.5625,0.58,0.6951388888888889,0.7088888888888888,13,True
4001,3758,3839,3350,-2,4004,2,40,13,400,201,193,4004,2002,0.488,0.52,0.524,0.524,0.5,0.5003749062734316,1,2180,2041,0.6728395061728395,0.623015873015873,0.5025,0.4825,0.6209907407407407,0.5897222222222221,13,True
4001,1309,3540,3383,-2,4004,2,40,13,400,243,204,4004,2002,0.568,0.56,0.504,0.493,0.4945,0.5003749062734316,1,2243,2070,0.692283950617284,0.6318681318681318,0.6075,0.51,0.7507500000000001,0.6233333333333333,13,True
4001,2573,3049,3391,-2,4004,2,40,13,400,224,212,4004,2002,0.512,0.508,0.484,0.501,0.494,0.5003749062734316,1,2169,2111,0.6694444444444444,0.6443833943833944,0.56,0.53,0.6920493827160494,0.6477777777777778,13,True
4001,2106,1404,3524,-2,4004,2,40,13,400,241,215,4004,2003,0.544,0.54,0.516,0.498,0.508,0.5006248437890527,3,2293,1994,0.707716049382716,0.6086691086691086,0.6025,0.5375,0.7445709876543211,0.6569444444444444,13,True
4001,741,494,3657,-2,4004,2,40,13,400,229,190,4004,2002,0.448,0.456,0.472,0.48,0.492,0.5003749062734316,1,2243,2002,0.692283950617284,0.6111111111111112,0.5725,0.475,0.7074969135802469,0.5805555555555555,13,True
4001,3158,2315,3668,-2,4004,2,40,13,400,219,186,4004,2003,0.528,0.516,0.51,0.495,0.502,0.5006248437890527,3,2257,1875,0.696604938271605,0.5723443223443223,0.5475,0.465,0.6766018518518518,0.5683333333333334,13,True
4001,1149,766,3724,-2,4004,2,40,13,400,226,236,4004,2003,0.464,0.48,0.486,0.515,0.503,0.5006248437890527,3,2222,2260,0.6858024691358025,0.6898656898656899,0.565,0.59,0.6982283950617283,0.721111111111111,13,True
4001,932,1864,3732,-2,4004,2,40,13,400,215,214,4004,2003,0.472,0.5,0.506,0.502,0.4945,0.5006248437890527,3,2182,2176,0.6734567901234568,0.6642246642246642,0.5375,0.535,0.6642438271604939,0.653888888888889,13,True
4001,2821,547,3755,-2,4004,2,40,13,400,204,210,4004,2002,0.56,0.54,0.51,0.523,0.5025,0.5003749062734316,1,2252,2173,0.6950617283950618,0.6633089133089133,0.51,0.525,0.6302592592592593,0.6416666666666666,13,True
4001,2658,1772,3810,-2,4004,2,40,13,400,235,205,4004,2002,0.512,0.508,0.524,0.505,0.513,0.5003749062734316,1,2271,2028,0.700925925925926,0.6190476190476191,0.5875,0.5125,0.7260339506172839,0.6263888888888888,13,True
4001,2553,1702,3811,-2,4004,2,40,13,400,223,208,4004,2003,0.496,0.488,0.504,0.506,0.4985,0.5006248437890527,3,2260,2122,0.6975308641975309,0.6477411477411478,0.5575,0.52,0.6889598765432099,0.6355555555555555,13,True
4001,1736,2491,3821,-2,4004,2,40,13,400,202,198,4004,2002,0.528,0.504,0.494,0.49,0.491,0.5003749062734316,1,2312,2012,0.7135802469135802,0.6141636141636142,0.505,0.495,0.6240802469135802,0.605,13,True
4001,3033,2065,3878,-2,4004,2,40,13,400,233,199,4004,2002,0.56,0.536,0.534,0.532,0.503,0.5003749062734316,1,2220,2195,0.6851851851851852,0.67002442002442,0.5825,0.4975,0.719854938271605,0.6080555555555556,13,True
4001,3734,3823,3930,-2,4004,2,40,13,400,236,208,4004,2003,0.488,0.496,0.506,0.501,0.496,0.5006248437890527,3,2233,2076,0.6891975308641975,0.6336996336996337,0.59,0.52,0.7291234567901234,0.6355555555555555,13,True
4001,1080,720,3962,-2,4004,2,40,13,400,196,224,4004,2002,0.496,0.484,0.498,0.506,0.5045,0.5003749062734316,1,2220,2236,0.6851851851851852,0.6825396825396826,0.49,0.56,0.6055432098765432,0.6844444444444445,13,True
4001,3607,3213,3981,-2,4004,2,40,13,400,219,195,4004,2002,0.52,0.468,0.498,0.496,0.501,0.5003749062734316,1,2210,2014,0.6820987654320988,0.6147741147741148,0.5475,0.4875,0.6766018518518518,0.5958333333333333,13,True
4001,686,1791,3991,-2,4004,2,40,13,400,215,204,4004,2002,0.512,0.532,0.544,0.51,0.5095,0.5003749062734316,1,2194,2257,0.6771604938271605,0.688949938949939,0.5375,0.51,0.6642438271604939,0.6233333333333333,13,True
4001,458,1639,7,-54,4056,2,40,13,399,205,232,4056,2028,0.4,0.452,0.486,0.486,0.498,0.5068732816795801,1,2258,2266,0.6969135802469136,0.6916971916971917,0.5137844611528822,0.581453634085213,0.6431820291469414,0.7198949755340732,13,True
4001,1866,1244,94,-54,4056,2,40,13,399,207,219,4056,2028,0.408,0.488,0.47,0.497,0.4905,0.5068732816795801,1,2165,2240,0.6682098765432098,0.6837606837606838,0.518796992481203,0.5488721804511278,0.6494569757727653,0.6795560329394915,13,True
4001,802,1604,108,-54,4056,2,40,13,399,215,191,4056,2029,0.592,0.588,0.544,0.511,0.515,0.5071232191952012,3,2198,2123,0.678395061728395,0.6480463980463981,0.5388471177944862,0.47869674185463656,0.6745567622760605,0.5926721565819311,13,True
4001,232,464,173,-54,4056,2,40,13,399,222,215,4056,2028,0.448,0.484,0.512,0.501,0.499,0.5068732816795801,1,2211,2234,0.6824074074074075,0.681929181929182,0.556390977443609,0.5388471177944862,0.6965190754664439,0.6671440506026972,13,True
4001,1679,3358,195,-54,4056,2,40,13,399,219,214,4056,2029,0.536,0.564,0.516,0.516,0.523,0.5071232191952012,3,2279,2093,0.703395061728395,0.6388888888888888,0.5488721804511278,0.5363408521303258,0.6871066555277081,0.6640410550184985,13,True
4001,788,1859,204,-54,4056,2,40,13,399,217,214,4056,2028,0.448,0.496,0.536,0.498,0.51,0.5068732816795801,1,2206,2058,0.6808641975308642,0.6282051282051282,0.543859649122807,0.5363408521303258,0.6808317089018844,0.6640410550184985,13,True
4001,175,350,269,-54,4056,2,40,13,399,218,213,4056,2028,0.408,0.456,0.486,0.49,0.4955,0.5068732816795801,1,2204,2234,0.6802469135802469,0.681929181929182,0.5463659147869674,0.5338345864661654,0.6839691822147963,0.6609380594343001,13,True
4001,1350,2700,282,-54,4056,2,40,13,399,238,220,4056,2028,0.552,0.528,0.524,0.506,0.511,0.5068732816795801,1,2310,2130,0.7129629629629629,0.6501831501831502,0.5964912280701754,0.5513784461152882,0.7467186484730344,0.6826590285236901,13,True
4001,3509,3017,357,-54,4056,2,40,13,399,215,237,4056,2028,0.576,0.532,0.512,0.51,0.5055,0.5068732816795801,1,2188,2228,0.6753086419753086,0.6800976800976801,0.5388471177944862,0.5939849624060151,0.6745567622760605,0.7354099534550663,13,True
4001,1186,3458,381,-54,4056,2,40,13,399,222,232,4056,2028,0.512,0.496,0.518,0.508,0.5085,0.5068732816795801,1,2245,2194,0.6929012345679012,0.6697191697191697,0.556390977443609,0.581453634085213,0.6965190754664439,0.7198949755340732,13,True
4001,1372,3582,441,-54,4056,2,40,13,399,224,160,4056,2028,0.552,0.532,0.516,0.511,0.5055,0.5068732816795801,1,2248,1775,0.6938271604938272,0.5418192918192918,0.5614035087719298,0.40100250626566414,0.7027940220922676,0.4964792934717746,13,True
4001,2518,1035,485,-54,4056,2,40,13,399,218,214,4056,2029,0.432,0.464,0.508,0.521,0.504,0.5071232191952012,3,2260,2120,0.6975308641975309,0.6471306471306472,0.5463659147869674,0.5363408521303258,0.6839691822147963,0.6640410550184985,13,True
4001,2279,2853,537,-54,4056,2,40,13,399,222,182,4056,2028,0.488,0.476,0.492,0.475,0.4975,0.5068732816795801,1,2262,1984,0.6981481481481482,0.6056166056166056,0.556390977443609,0.45614035087719296,0.6965190754664439,0.5647451963241437,13,True
4001,1541,2361,543,-54,4056,2,40,13,399,227,202,4056,2028,0.496,0.496,0.516,0.523,0.5095,0.5068732816795801,1,2272,2076,0.7012345679012346,0.6336996336996337,0.568922305764411,0.506265664160401,0.7122064420310035,0.6268051080081155,13,True
4001,888,592,631,-54,4056,2,40,13,399,238,214,4056,2028,0.512,0.496,0.504,0.502,0.5185,0.5068732816795801,1,2347,2056,0.7243827160493828,0.6275946275946276,0.5964912280701754,0.5363408521303258,0.7467186484730344,0.6640410550184985,13,True
4001,3633,2422,657,-54,4056,2,40,13,399,210,216,4056,2028,0.512,0.512,0.514,0.511,0.505,0.5068732816795801,1,2163,2220,0.6675925925925926,0.6776556776556777,0.5263157894736842,0.5413533834586466,0.6588693957115009,0.6702470461868958,13,True
4001,1105,2210,683,-54,4056,2,40,13,399,213,221,4056,2028,0.496,0.516,0.51,0.515,0.5175,0.5068732816795801,1,2238,2119,0.6907407407407408,0.6468253968253969,0.5338345864661654,0.5538847117794486,0.6682818156502368,0.6857620241078888,13,True
4001,1968,3936,754,-54,4056,2,40,13,399,209,209,4056,2028,0.504,0.492,0.496,0.53,0.513,0.5068732816795801,1,2290,2190,0.7067901234567902,0.6684981684981685,0.5238095238095238,0.5238095238095238,0.6557319223985891,0.6485260770975058,13,True
4001,3722,3443,770,-54,4056,2,40,13,399,221,202,4056,2029,0.6,0.564,0.552,0.516,0.507,0.5071232191952012,3,2237,2024,0.6904320987654321,0.6178266178266179,0.5538847117794486,0.506265664160401,0.693381602153532,0.6268051080081155,13,True
4001,1577,3154,771,-54,4056,2,40,13,399,218,182,4056,2029,0.6,0.56,0.524,0.538,0.5085,0.5071232191952012,3,2196,1866,0.6777777777777778,0.5695970695970696,0.5463659147869674,0.45614035087719296,0.6839691822147963,0.5647451963241437,13,True
4001,2263,525,862,-54,4056,2,40,13,399,229,223,4056,2029,0.6,0.556,0.548,0.521,0.5155,0.5071232191952012,3,2279,2089,0.703395061728395,0.6376678876678876,0.5739348370927319,0.5588972431077694,0.7184813886568272,0.691968015276286,13,True
4001,59,1373,870,-54,4056,2,40,13,399,209,212,4056,2029,0.448,0.46,0.48,0.493,0.495,0.5071232191952012,3,2287,2164,0.7058641975308642,0.6605616605616605,0.5238095238095238,0.531328320802005,0.6557319223985891,0.6578350638501014,13,True
4001,3531,3061,885,-54,4056,2,40,13,399,247,195,4056,2029,0.536,0.528,0.51,0.526,0.505,0.5071232191952012,3,2302,2087,0.7104938271604938,0.637057387057387,0.6190476190476191,0.48872180451127817,0.7749559082892417,0.6050841389187254,13,True
4001,379,2920,1086,-54,4056,2,40,13,399,227,220,4056,2028,0.488,0.516,0.51,0.52,0.5165,0.5068732816795801,1,2199,2234,0.6787037037037037,0.681929181929182,0.568922305764411,0.5513784461152882,0.7122064420310035,0.6826590285236901,13,True
4001,100,2734,1095,-54,4056,2,40,13,399,220,190,4056,2028,0.552,0.556,0.526,0.517,0.5055,0.5068732816795801,1,2306,2056,0.7117283950617284,0.6275946275946276,0.5513784461152882,0.47619047619047616,0.69024412884062,0.5895691609977324,13,True
4001,3913,1275,1130,-54,4056,2,40,13,399,216,219,4056,2028,0.488,0.488,0.512,0.526,0.515,0.5068732816795801,1,2244,2110,0.6925925925925925,0.6440781440781441,0.5413533834586466,0.5488721804511278,0.6776942355889723,0.6795560329394915,13,True
4001,2446,891,1172,-54,4056,2,40,13,399,226,223,4056,2028,0.52,0.504,0.488,0.503,0.5145,0.5068732816795801,1,2247,2178,0.6935185185185185,0.6648351648351648,0.5664160401002506,0.5588972431077694,0.7090689687180914,0.691968015276286,13,True
4001,1589,2393,1202,-54,4056,2,40,13,399,202,215,4056,2028,0.504,0.496,0.494,0.502,0.518,0.5068732816795801,1,2284,2115,0.7049382716049383,0.6456043956043956,0.506265664160401,0.5388471177944862,0.6337696092082057,0.6671440506026972,13,True
4001,1464,976,1209,-54,4056,2,40,13,399,210,196,4056,2028,0.488,0.476,0.466,0.518,0.52,0.5068732816795801,1,2209,1934,0.6817901234567901,0.5903540903540904,0.5263157894736842,0.49122807017543857,0.6588693957115009,0.6081871345029239,13,True
4001,3391,927,1229,-54,4056,2,40,13,399,203,194,4056,2029,0.512,0.48,0.492,0.495,0.5055,0.5071232191952012,3,2173,2080,0.6706790123456791,0.6349206349206349,0.5087719298245614,0.48621553884711777,0.6369070825211177,0.6019811433345268,13,True
4001,2599,1197,1308,-54,4056,2,40,13,399,229,189,4056,2028,0.536,0.516,0.522,0.518,0.5055,0.5068732816795801,1,2256,1925,0.6962962962962963,0.5876068376068376,0.5739348370927319,0.47368421052631576,0.7184813886568272,0.5864661654135338,13,True
4001,2792,3195,1374,-54,4056,2,40,13,399,231,211,4056,2028,0.496,0.492,0.504,0.521,0.5125,0.5068732816795801,1,2249,2180,0.6941358024691358,0.6654456654456654,0.5789473684210527,0.5288220551378446,0.7247563352826512,0.6547320682659029,13,True
4001,2895,1930,1428,-54,4056,2,40,13,399,206,192,4056,2028,0.48,0.492,0.492,0.509,0.5025,0.5068732816795801,1,2225,2018,0.6867283950617284,0.615995115995116,0.5162907268170426,0.48120300751879697,0.6463195024598533,0.5957751521661295,13,True
4001,632,1755,1430,-54,4056,2,40,13,399,215,220,4056,2029,0.456,0.536,0.518,0.519,0.505,0.5071232191952012,3,2179,2254,0.6725308641975308,0.688034188034188,0.5388471177944862,0.5513784461152882,0.6745567622760605,0.6826590285236901,13,True
4001,659,1318,1590,-54,4056,2,40,13,399,221,219,4056,2029,0.544,0.512,0.486,0.488,0.504,0.5071232191952012,3,2289,2139,0.7064814814814815,0.6529304029304029,0.5538847117794486,0.5488721804511278,0.693381602153532,0.6795560329394915,13,True
4001,2663,3109,1615,-54,4056,2,40,13,399,210,223,4056,2028,0.48,0.444,0.472,0.491,0.496,0.5068732816795801,1,2239,2137,0.6910493827160494,0.6523199023199023,0.5263157894736842,0.5588972431077694,0.6588693957115009,0.691968015276286,13,True
4001,945,1890,1680,-54,4056,2,40,13,399,214,205,4056,2028,0.6,0.532,0.51,0.51,0.5125,0.5068732816795801,1,2256,2122,0.6962962962962963,0.6477411477411478,0.5363408521303258,0.5137844611528822,0.6714192889631485,0.6361140947607112,13,True
4001,3155,2309,1741,-54,4056,2,40,13,399,229,214,4056,2029,0.44,0.476,0.48,0.489,0.4945,0.5071232191952012,3,2272,2182,0.7012345679012346,0.666056166056166,0.5739348370927319,0.5363408521303258,0.7184813886568272,0.6640410550184985,13,True
4001,1692,1128,1817,-54,4056,2,40,13,399,204,212,4056,2029,0.472,0.492,0.508,0.5,0.5065,0.5071232191952012,3,2270,2119,0.7006172839506173,0.6468253968253969,0.5112781954887218,0.531328320802005,0.6400445558340295,0.6578350638501014,13,True
4001,754,3170,1848,-54,4056,2,40,13,399,228,207,4056,2028,0.488,0.488,0.52,0.537,0.509,0.5068732816795801,1,2264,2168,0.6987654320987654,0.6617826617826618,0.5714285714285714,0.518796992481203,0.7153439153439154,0.6423200859291085,13,True
4001,640,1280,1862,-54,4056,2,40,13,399,217,203,4056,2028,0.448,0.46,0.484,0.483,0.5,0.5068732816795801,1,2206,2085,0.6808641975308642,0.6364468864468864,0.543859649122807,0.5087719298245614,0.6808317089018844,0.6299081035923142,13,True
4001,97,194,1868,-54,4056,2,40,13,399,236,209,4056,2029,0.528,0.532,0.502,0.512,0.502,0.5071232191952012,3,2251,2181,0.6947530864197531,0.6657509157509157,0.5914786967418546,0.5238095238095238,0.7404437018472106,0.6485260770975058,13,True
4001,255,170,1894,-54,4056,2,40,13,399,204,210,4056,2029,0.376,0.428,0.464,0.48,0.493,0.5071232191952012,3,2153,2128,0.6645061728395062,0.6495726495726496,0.5112781954887218,0.5263157894736842,0.6400445558340295,0.6516290726817042,13,True
4001,2520,1680,1921,-54,4056,2,40,13,399,227,201,4056,2028,0.632,0.536,0.528,0.518,0.517,0.5068732816795801,1,2184,2012,0.674074074074074,0.6141636141636142,0.568922305764411,0.5037593984962406,0.7122064420310035,0.6237021124239169,13,True
4001,3791,3861,1927,-54,4056,2,40,13,399,233,235,4056,2028,0.536,0.492,0.49,0.501,0.5085,0.5068732816795801,1,2256,2244,0.6962962962962963,0.684981684981685,0.5839598997493735,0.5889724310776943,0.731031281908475,0.7292039622866691,13,True
4001,1100,2067,2028,-54,4056,2,40,13,399,214,217,4056,2028,0.464,0.484,0.484,0.495,0.494,0.5068732816795801,1,2200,2192,0.6790123456790124,0.6691086691086691,0.5363408521303258,0.543859649122807,0.6714192889631485,0.6733500417710945,13,True
4001,334,668,2031,-54,4056,2,40,13,399,237,205,4056,2029,0.424,0.44,0.47,0.507,0.512,0.5071232191952012,3,2249,2032,0.6941358024691358,0.6202686202686203,0.5939849624060151,0.5137844611528822,0.7435811751601226,0.6361140947607112,13,True
4001,604,1208,2174,-54,4056,2,40,13,399,239,198,4056,2029,0.448,0.492,0.47,0.481,0.489,0.5071232191952012,3,2219,2072,0.6848765432098766,0.6324786324786325,0.5989974937343359,0.49624060150375937,0.7498561217859463,0.6143931256713212,13,True
4001,1344,2688,2193,-54,4056,2,40,13,399,237,210,4056,2028,0.44,0.48,0.482,0.5,0.507,0.5068732816795801,1,2278,2116,0.7030864197530864,0.645909645909646,0.5939849624060151,0.5263157894736842,0.7435811751601226,0.6516290726817042,13,True
4001,2221,147,2215,-54,4056,2,40,13,399,206,224,4056,2028,0.456,0.512,0.518,0.528,0.507,0.5068732816795801,1,2275,2228,0.7021604938271605,0.6800976800976801,0.5162907268170426,0.5614035087719298,0.6463195024598533,0.6950710108604844,13,True
4001,1999,4000,2273,-54,4056,2,40,13,399,219,203,4056,2028,0.504,0.532,0.512,0.507,0.516,0.5068732816795801,1,2162,1942,0.667283950617284,0.5927960927960928,0.5488721804511278,0.5087719298245614,0.6871066555277081,0.6299081035923142,13,True
4001,2486,2991,2303,-54,4056,2,40,13,399,225,211,4056,2028,0.512,0.492,0.478,0.508,0.5075,0.5068732816795801,1,2220,2114,0.6851851851851852,0.6452991452991453,0.5639097744360902,0.5288220551378446,0.7059314954051796,0.6547320682659029,13,True
4001,3799,3597,2429,-54,4056,2,40,13,399,215,230,4056,2029,0.504,0.504,0.5,0.513,0.514,0.5071232191952012,3,2186,2195,0.6746913580246914,0.67002442002442,0.5388471177944862,0.5764411027568922,0.6745567622760605,0.7136889843656761,13,True
4001,1220,2440,2451,-54,4056,2,40,13,399,203,220,4056,2028,0.512,0.492,0.512,0.506,0.513,0.5068732816795801,1,2238,2152,0.6907407407407408,0.6568986568986569,0.5087719298245614,0.5513784461152882,0.6369070825211177,0.6826590285236901,13,True
4001,3612,2408,2467,-54,4056,2,40,13,399,211,203,4056,2028,0.448,0.496,0.526,0.51,0.5045,0.5068732816795801,1,2202,2088,0.6796296296296296,0.6373626373626373,0.5288220551378446,0.5087719298245614,0.6620068690244129,0.6299081035923142,13,True
4001,3580,1053,2487,-54,4056,2,40,13,399,219,193,4056,2028,0.504,0.508,0.508,0.522,0.506,0.5068732816795801,1,2203,1994,0.6799382716049382,0.6086691086691086,0.5488721804511278,0.48370927318295737,0.6871066555277081,0.5988781477503282,13,True
4001,3712,3423,2578,-54,4056,2,40,13,399,252,219,4056,2028,0.504,0.52,0.526,0.52,0.5045,0.5068732816795801,1,2240,2050,0.691358024691358,0.6257631257631258,0.631578947368421,0.5488721804511278,0.7906432748538011,0.6795560329394915,13,True
4001,3150,2100,2640,-54,4056,2,40,13,399,207,215,4056,2028,0.528,0.536,0.528,0.523,0.5095,0.5068732816795801,1,2302,2069,0.7104938271604938,0.6315628815628815,0.518796992481203,0.5388471177944862,0.6494569757727653,0.6671440506026972,13,True
4001,1606,3738,2707,-54,4056,2,40,13,399,215,194,4056,2028,0.408,0.452,0.482,0.487,0.5025,0.5068732816795801,1,2181,2116,0.6731481481481482,0.645909645909646,0.5388471177944862,0.48621553884711777,0.6745567622760605,0.6019811433345268,13,True
4001,1063,2126,2735,-54,4056,2,40,13,399,238,200,4056,2028,0.496,0.468,0.484,0.487,0.4995,0.5068732816795801,1,2177,2084,0.6719135802469136,0.6361416361416361,0.5964912280701754,0.5012531328320802,0.7467186484730344,0.6205991168397184,13,True
4001,1447,3632,2784,-54,4056,2,40,13,399,219,212,4056,2029,0.504,0.488,0.5,0.516,0.5055,0.5071232191952012,3,2228,1928,0.6876543209876543,0.5885225885225885,0.5488721804511278,0.531328320802005,0.6871066555277081,0.6578350638501014,13,True
4001,269,538,2868,-54,4056,2,40,13,399,227,210,4056,2028,0.44,0.468,0.482,0.506,0.501,0.5068732816795801,1,2229,2110,0.687962962962963,0.6440781440781441,0.568922305764411,0.5263157894736842,0.7122064420310035,0.6516290726817042,13,True
4001,907,3272,2927,-54,4056,2,40,13,399,214,193,4056,2029,0.472,0.476,0.496,0.53,0.517,0.5071232191952012,3,2212,2118,0.682716049382716,0.6465201465201466,0.5363408521303258,0.48370927318295737,0.6714192889631485,0.5988781477503282,13,True
4001,3727,1151,2943,-54,4056,2,40,13,399,221,204,4056,2028,0.504,0.508,0.5,0.512,0.508,0.5068732816795801,1,2215,2014,0.683641975308642,0.6147741147741148,0.5538847117794486,0.5112781954887218,0.693381602153532,0.6330110991765128,13,True
4001,3448,965,2945,-54,4056,2,40,13,399,209,199,4056,2028,0.568,0.54,0.518,0.5,0.512,0.5068732816795801,1,2279,2004,0.703395061728395,0.6117216117216118,0.5238095238095238,0.49874686716791977,0.6557319223985891,0.6174961212555197,13,True
4001,3488,3659,2962,-54,4056,2,40,13,399,215,225,4056,2029,0.424,0.444,0.482,0.494,0.4955,0.5071232191952012,3,2235,2200,0.6898148148148148,0.6715506715506715,0.5388471177944862,0.5639097744360902,0.6745567622760605,0.6981740064446832,13,True
4001,3178,785,3081,-54,4056,2,40,13,399,251,219,4056,2028,0.536,0.488,0.47,0.497,0.498,0.5068732816795801,1,2205,2208,0.6805555555555556,0.673992673992674,0.6290726817042607,0.5488721804511278,0.7875058015408893,0.6795560329394915,13,True
4001,3026,2051,3094,-54,4056,2,40,13,399,211,213,4056,2028,0.544,0.516,0.528,0.529,0.505,0.5068732816795801,1,2250,2130,0.6944444444444444,0.6501831501831502,0.5288220551378446,0.5338345864661654,0.6620068690244129,0.6609380594343001,13,True
4001,767,1845,3145,-54,4056,2,40,13,399,219,219,4056,2028,0.52,0.508,0.51,0.509,0.5,0.5068732816795801,1,2200,2252,0.6790123456790124,0.6874236874236874,0.5488721804511278,0.5488721804511278,0.6871066555277081,0.6795560329394915,13,True
4001,1066,2132,3274,-54,4056,2,40,13,399,236,219,4056,2028,0.504,0.508,0.516,0.531,0.517,0.5068732816795801,1,2248,2144,0.6938271604938272,0.6544566544566545,0.5914786967418546,0.5488721804511278,0.7404437018472106,0.6795560329394915,13,True
4001,272,1515,3295,-54,4056,2,40,13,399,210,214,4056,2028,0.56,0.528,0.53,0.502,0.503,0.5068732816795801,1,2225,2142,0.6867283950617284,0.6538461538461539,0.5263157894736842,0.5363408521303258,0.6588693957115009,0.6640410550184985,13,True
4001,1511,3022,3399,-54,4056,2,40,13,399,220,207,4056,2028,0.528,0.54,0.544,0.513,0.507,0.5068732816795801,1,2280,2040,0.7037037037037037,0.6227106227106227,0.5513784461152882,0.518796992481203,0.69024412884062,0.6423200859291085,13,True
4001,499,998,3404,-54,4056,2,40,13,399,225,217,4056,2028,0.528,0.52,0.5,0.504,0.499,0.5068732816795801,1,2284,2132,0.7049382716049383,0.6507936507936508,0.5639097744360902,0.543859649122807,0.7059314954051796,0.6733500417710945,13,True
4001,1009,3340,3415,-54,4056,2,40,13,399,240,208,4056,2029,0.56,0.572,0.548,0.522,0.5165,0.5071232191952012,3,2266,2185,0.6993827160493827,0.6669719169719169,0.6015037593984962,0.5213032581453634,0.7529935950988582,0.6454230815133071,13,True
4001,73,2716,3555,-54,4056,2,40,13,399,203,217,4056,2029,0.504,0.512,0.504,0.513,0.5155,0.5071232191952012,3,2214,2160,0.6833333333333333,0.6593406593406593,0.5087719298245614,0.543859649122807,0.6369070825211177,0.6733500417710945,13,True
4001,3108,2072,3559,-54,4056,2,40,13,399,223,221,4056,2029,0.496,0.492,0.5,0.516,0.509,0.5071232191952012,3,2208,2128,0.6814814814814815,0.6495726495726496,0.5588972431077694,0.5538847117794486,0.6996565487793559,0.6857620241078888,13,True
4001,493,986,3608,-54,4056,2,40,13,399,233,198,4056,2029,0.512,0.456,0.464,0.485,0.501,0.5071232191952012,3,2234,2099,0.6895061728395062,0.6407203907203908,0.5839598997493735,0.49624060150375937,0.731031281908475,0.6143931256713212,13,True
4001,1365,2730,3626,-54,4056,2,40,13,399,198,216,4056,2028,0.456,0.428,0.486,0.495,0.509,0.5068732816795801,1,2184,2142,0.674074074074074,0.6538461538461539,0.49624060150375937,0.5413533834586466,0.621219715956558,0.6702470461868958,13,True
4001,1125,2250,3688,-54,4056,2,40,13,399,225,204,4056,2029,0.544,0.524,0.502,0.522,0.515,0.5071232191952012,3,2298,2082,0.7092592592592593,0.6355311355311355,0.5639097744360902,0.5112781954887218,0.7059314954051796,0.6330110991765128,13,True
4001,3665,3777,3690,-54,4056,2,40,13,399,214,197,4056,2028,0.528,0.5,0.492,0.497,0.522,0.5068732816795801,1,2219,2076,0.6848765432098766,0.6336996336996337,0.5363408521303258,0.49373433583959897,0.6714192889631485,0.6112901300871225,13,True
4001,877,1754,3730,-54,4056,2,40,13,399,227,238,4056,2028,0.424,0.5,0.468,0.503,0.509,0.5068732816795801,1,2258,2356,0.6969135802469136,0.7191697191697192,0.568922305764411,0.5964912280701754,0.7122064420310035,0.7385129490392647,13,True
4001,3697,1131,3872,-54,4056,2,40,13,399,224,192,4056,2028,0.496,0.46,0.492,0.505,0.5055,0.5068732816795801,1,2252,2138,0.6950617283950618,0.6526251526251526,0.5614035087719298,0.48120300751879697,0.7027940220922676,0.5957751521661295,13,True
4001,18,36,3892,-54,4056,2,40,13,399,192,223,4056,2029,0.512,0.52,0.506,0.512,0.5105,0.5071232191952012,3,2203,2208,0.6799382716049382,0.673992673992674,0.48120300751879697,0.5588972431077694,0.6023948760790866,0.691968015276286,13,True
4001,3465,2929,3942,-54,4056,2,40,13,399,240,228,4056,2029,0.6,0.568,0.548,0.516,0.51,0.5071232191952012,3,2178,2169,0.6722222222222223,0.6620879120879121,0.6015037593984962,0.5714285714285714,0.7529935950988582,0.7074829931972789,13,True
