row_id,source_record,run_id,branch,commit,path,tier,n,m,t,l,representation,solver,solver_config,solver_version,host,outcome,label,n_obs,n_censored,statistic,wall_s,wall_q1_s,wall_q3_s,wall_min_s,wall_max_s,conflicts,conflicts_q1,conflicts_q3,field_ops,censored,censor_bound_s,include_in_fit,notes
R0001,EV-ICPERF-390707,RUN-ICPERF-305ca3,main,864968811f,experiments/EXP-ICPERF-66fd51/runs/RUN-ICPERF-305ca3/results.jsonl,in_repo_run,15,3,1,5,"S4 Weil descent, pure CNF",cadical,pure_cnf,1.7.3,Linux x86_64 4-CPU 15GB (cloud container),SAT,,5,0,median,0.7172,0.6674,0.7173,0.6174,1.3201,,,,,no,,yes,
R0002,EV-ICPERF-390707,RUN-ICPERF-305ca3,main,864968811f,experiments/EXP-ICPERF-66fd51/runs/RUN-ICPERF-305ca3/results.jsonl,in_repo_run,15,3,1,5,"S4 Weil descent, pure CNF",cadical,pure_cnf,1.7.3,Linux x86_64 4-CPU 15GB (cloud container),UNSAT,,5,0,median,3.6272,3.526,4.3777,3.4245,7.4856,,,,,no,,yes,
R0003,EV-ICPERF-390707,RUN-ICPERF-305ca3,main,864968811f,experiments/EXP-ICPERF-66fd51/runs/RUN-ICPERF-305ca3/results.jsonl,in_repo_run,15,3,1,5,"S4 Weil descent, CNF-XOR",cryptominisat5,cnf_xor,5.11.15,Linux x86_64 4-CPU 15GB (cloud container),SAT,,10,0,median,0.44135,0.017325,1.1061,0.0092,1.7703,12174.0,247.25,32307.5,,no,,yes,"includes n15l5-8-S (degenerate, 32 roots; EV-ICPERF-390707 O-17a)"
R0004,EV-ICPERF-390707,RUN-ICPERF-305ca3,main,864968811f,experiments/EXP-ICPERF-66fd51/runs/RUN-ICPERF-305ca3/results.jsonl,in_repo_run,15,3,1,5,"S4 Weil descent, CNF-XOR",cryptominisat5,cnf_xor,5.11.15,Linux x86_64 4-CPU 15GB (cloud container),UNSAT,,10,0,median,9.8681,8.17605,12.487375,5.8314,14.9558,139372.0,104553.5,154959.75,,no,,yes,
R0005,EV-ICPERF-390707,RUN-ICPERF-305ca3,main,864968811f,experiments/EXP-ICPERF-66fd51/runs/RUN-ICPERF-305ca3/results.jsonl,in_repo_run,15,3,1,5,"S4 Weil descent, pure CNF",cryptominisat5,pure_cnf,5.11.15,Linux x86_64 4-CPU 15GB (cloud container),SAT,,5,0,median,0.4668,0.0091,4.3806,0.009,7.186,8629,69,41154,,no,,yes,
R0006,EV-ICPERF-390707,RUN-ICPERF-305ca3,main,864968811f,experiments/EXP-ICPERF-66fd51/runs/RUN-ICPERF-305ca3/results.jsonl,in_repo_run,15,3,1,5,"S4 Weil descent, pure CNF",cryptominisat5,pure_cnf,5.11.15,Linux x86_64 4-CPU 15GB (cloud container),UNSAT,,5,0,median,12.504,11.597,14.3586,8.8913,15.508,130120,128264,136432,,no,,yes,
R0007,EV-ICPERF-390707,RUN-ICPERF-305ca3,main,864968811f,experiments/EXP-ICPERF-66fd51/runs/RUN-ICPERF-305ca3/results.jsonl,in_repo_run,15,3,1,5,S4 Weil descent (Trimoska ECICB-2024 shipped ANF/CNF/Magma),macaulay2_F4_ZZ2_fieldeqs,grevlex,,Linux x86_64 4-CPU 15GB,infrastructure,,10,,none,,,,,,,,,,n/a,,no,RLIMIT_AS abort + .m2 parse error (EV-ICPERF-390707 O-3/O-4): no cost information
R0008,EV-ICPERF-390707,RUN-ICPERF-305ca3,main,864968811f,experiments/EXP-ICPERF-66fd51/runs/RUN-ICPERF-305ca3/results.jsonl,in_repo_run,15,3,1,5,S4 Weil descent (Trimoska ECICB-2024 shipped ANF/CNF/Magma),macaulay2_F4_ZZ2_fieldeqs,grevlex,,Linux x86_64 4-CPU 15GB,infrastructure,,10,,none,,,,,,,,,,n/a,,no,RLIMIT_AS abort + .m2 parse error (EV-ICPERF-390707 O-3/O-4): no cost information
R0009,EV-ICPERF-390707,RUN-ICPERF-305ca3,main,864968811f,experiments/EXP-ICPERF-66fd51/runs/RUN-ICPERF-305ca3/results.jsonl,in_repo_run,15,3,1,5,"S4 Weil descent, pure CNF",minisat,pure_cnf,2.2,Linux x86_64 4-CPU 15GB (cloud container),SAT,,5,0,median,2.2725,0.0177,3.1746,0.0176,3.8279,,,,,no,,yes,
R0010,EV-ICPERF-390707,RUN-ICPERF-305ca3,main,864968811f,experiments/EXP-ICPERF-66fd51/runs/RUN-ICPERF-305ca3/results.jsonl,in_repo_run,15,3,1,5,"S4 Weil descent, pure CNF",minisat,pure_cnf,2.2,Linux x86_64 4-CPU 15GB (cloud container),UNSAT,,5,0,median,7.086,7.0351,13.9559,3.8268,18.5663,,,,,no,,yes,
R0011,EV-ICPERF-390707,RUN-ICPERF-305ca3,main,864968811f,experiments/EXP-ICPERF-66fd51/runs/RUN-ICPERF-305ca3/results.jsonl,in_repo_run,15,3,1,5,"S4 Weil descent, Boolean ideal + field eqs",singular_std_GF2_fieldeqs,dp,4.3.2,Linux x86_64 4-CPU 15GB (cloud container),censored,S,2,2,median,900.0,900.0,900.0,900.0,900.0,,,,,yes,900.0,no,budget_stop_timeout: right-censored at timeout_s; label=S
R0012,EV-ICPERF-390707,RUN-ICPERF-305ca3,main,864968811f,experiments/EXP-ICPERF-66fd51/runs/RUN-ICPERF-305ca3/results.jsonl,in_repo_run,15,3,1,5,"S4 Weil descent, Boolean ideal + field eqs",singular_std_GF2_fieldeqs,dp,4.3.2,Linux x86_64 4-CPU 15GB (cloud container),censored,U,2,2,median,900.0,900.0,900.0,900.0,900.0,,,,,yes,900.0,no,budget_stop_timeout: right-censored at timeout_s; label=U
R0013,EV-ICPERF-390707,RUN-ICPERF-305ca3,main,864968811f,experiments/EXP-ICPERF-66fd51/runs/RUN-ICPERF-305ca3/results.jsonl,in_repo_run,15,3,1,5,"S4 Weil descent, ANF (WDSat)",wdsat,core_order,"WDSat (Trimoska 2024 src, rebuilt per sizing)",Linux x86_64 4-CPU 15GB (cloud container),SAT,,10,0,median,0.0649,0.003175,0.10255,0.0024,0.1155,8542.5,53.75,13365.0,,no,,yes,"includes n15l5-8-S (degenerate, 32 roots; EV-ICPERF-390707 O-17a)"
R0014,EV-ICPERF-390707,RUN-ICPERF-305ca3,main,864968811f,experiments/EXP-ICPERF-66fd51/runs/RUN-ICPERF-305ca3/results.jsonl,in_repo_run,15,3,1,5,"S4 Weil descent, ANF (WDSat)",wdsat,core_order,"WDSat (Trimoska 2024 src, rebuilt per sizing)",Linux x86_64 4-CPU 15GB (cloud container),UNSAT,,10,0,median,0.21585,0.215625,0.2159,0.2153,0.2162,30978.5,30936.75,31239.5,,no,,yes,
R0015,EV-ICPERF-390707,RUN-ICPERF-305ca3,main,864968811f,experiments/EXP-ICPERF-66fd51/runs/RUN-ICPERF-305ca3/results.jsonl,in_repo_run,15,3,1,5,"S4 Weil descent, ANF (WDSat)",wdsat,default,"WDSat (Trimoska 2024 src, rebuilt per sizing)",Linux x86_64 4-CPU 15GB (cloud container),SAT,,10,0,median,0.0651,0.004675,0.11515,0.0025,0.1152,8542.5,53.75,13365.0,,no,,yes,"includes n15l5-8-S (degenerate, 32 roots; EV-ICPERF-390707 O-17a)"
R0016,EV-ICPERF-390707,RUN-ICPERF-305ca3,main,864968811f,experiments/EXP-ICPERF-66fd51/runs/RUN-ICPERF-305ca3/results.jsonl,in_repo_run,15,3,1,5,"S4 Weil descent, ANF (WDSat)",wdsat,default,"WDSat (Trimoska 2024 src, rebuilt per sizing)",Linux x86_64 4-CPU 15GB (cloud container),UNSAT,,10,0,median,0.21595,0.2159,0.2161,0.2153,0.2163,30978.5,30936.75,31239.5,,no,,yes,
R0017,EV-ICPERF-390707,RUN-ICPERF-305ca3,main,864968811f,experiments/EXP-ICPERF-66fd51/runs/RUN-ICPERF-305ca3/results.jsonl,in_repo_run,15,3,1,5,"S4 Weil descent, ANF (WDSat)",wdsat,default_on_null_object,"WDSat (Trimoska 2024 src, rebuilt per sizing)",Linux x86_64 4-CPU 15GB (cloud container),SAT,null,4,0,median,16.2582,13.174725,19.766925,6.9327,27.2847,2825788.5,2320052.25,3273284.5,,no,,no,
R0018,EV-ICPERF-390707,RUN-ICPERF-305ca3,main,864968811f,experiments/EXP-ICPERF-66fd51/runs/RUN-ICPERF-305ca3/results.jsonl,in_repo_run,15,3,1,5,"S4 Weil descent, ANF (WDSat)",wdsat,default_on_null_object,"WDSat (Trimoska 2024 src, rebuilt per sizing)",Linux x86_64 4-CPU 15GB (cloud container),UNSAT,null,2,0,median,40.57165,38.314475,42.828825,36.0573,45.086,6143342.5,5366427.25,6920257.75,,no,,no,
R0019,EV-ICPERF-390707,RUN-ICPERF-305ca3,main,864968811f,experiments/EXP-ICPERF-66fd51/runs/RUN-ICPERF-305ca3/results.jsonl,in_repo_run,15,3,1,5,"S4 Weil descent, ANF (WDSat)",wdsat,gauss_elim,"WDSat (Trimoska 2024 src, rebuilt per sizing)",Linux x86_64 4-CPU 15GB (cloud container),SAT,,10,0,median,0.2656,0.0047,0.416,0.0026,0.5665,4990.5,7.5,8153.0,,no,,no,"includes n15l5-8-S (degenerate, 32 roots; EV-ICPERF-390707 O-17a); -x Gaussian elimination (P4: 4-7x slower)"
R0020,EV-ICPERF-390707,RUN-ICPERF-305ca3,main,864968811f,experiments/EXP-ICPERF-66fd51/runs/RUN-ICPERF-305ca3/results.jsonl,in_repo_run,15,3,1,5,"S4 Weil descent, ANF (WDSat)",wdsat,gauss_elim,"WDSat (Trimoska 2024 src, rebuilt per sizing)",Linux x86_64 4-CPU 15GB (cloud container),UNSAT,,10,0,median,1.1183,1.117975,1.155925,1.1177,1.1687,21704.0,21678.25,21778.25,,no,,no,-x Gaussian elimination (P4: 4-7x slower)
R0021,EV-ICPERF-390707,RUN-ICPERF-305ca3,main,864968811f,experiments/EXP-ICPERF-66fd51/runs/RUN-ICPERF-305ca3/results.jsonl,in_repo_run,15,3,1,5,"S4 Weil descent, ANF (WDSat)",wdsat,noncore_first,"WDSat (Trimoska 2024 src, rebuilt per sizing)",Linux x86_64 4-CPU 15GB (cloud container),SAT,,5,0,median,14.2562,6.3327,61.1371,2.1204,72.0761,9638867,3786522,41661611,,no,,no,deliberately bad branching order (P3b control)
R0022,EV-ICPERF-390707,RUN-ICPERF-305ca3,main,864968811f,experiments/EXP-ICPERF-66fd51/runs/RUN-ICPERF-305ca3/results.jsonl,in_repo_run,15,3,1,5,"S4 Weil descent, ANF (WDSat)",wdsat,noncore_first,"WDSat (Trimoska 2024 src, rebuilt per sizing)",Linux x86_64 4-CPU 15GB (cloud container),UNSAT,,2,0,median,114.5009,112.4854,116.5164,110.4699,118.5319,81956345.5,81463996.25,82448694.75,,no,,no,deliberately bad branching order (P3b control)
R0023,EV-ICPERF-390707,RUN-ICPERF-305ca3,main,864968811f,experiments/EXP-ICPERF-66fd51/runs/RUN-ICPERF-305ca3/results.jsonl,in_repo_run,15,3,1,5,"S4 Weil descent, ANF (WDSat)",wdsat,noncore_first,"WDSat (Trimoska 2024 src, rebuilt per sizing)",Linux x86_64 4-CPU 15GB (cloud container),censored,U,3,3,median,120.0,120.0,120.0,120.0,120.0,,,,,yes,120.0,no,budget_stop_timeout: right-censored at timeout_s; label=U; deliberately bad branching order (P3b control)
R0024,EV-ICPERF-390707,RUN-ICPERF-305ca3,main,864968811f,experiments/EXP-ICPERF-66fd51/runs/RUN-ICPERF-305ca3/results.jsonl,in_repo_run,15,3,1,5,"S4 Weil descent, ANF (WDSat)",wdsat,symmetry,"WDSat (Trimoska 2024 src, rebuilt per sizing)",Linux x86_64 4-CPU 15GB (cloud container),SAT,,10,0,median,0.0328,0.0046,0.033425,0.0024,0.0338,3350.5,48.75,4375.75,,no,,yes,"includes n15l5-8-S (degenerate, 32 roots; EV-ICPERF-390707 O-17a)"
R0025,EV-ICPERF-390707,RUN-ICPERF-305ca3,main,864968811f,experiments/EXP-ICPERF-66fd51/runs/RUN-ICPERF-305ca3/results.jsonl,in_repo_run,15,3,1,5,"S4 Weil descent, ANF (WDSat)",wdsat,symmetry,"WDSat (Trimoska 2024 src, rebuilt per sizing)",Linux x86_64 4-CPU 15GB (cloud container),UNSAT,,10,0,median,0.0654,0.065325,0.065475,0.0652,0.0661,5514.0,5507.5,5575.75,,no,,yes,
R0026,EV-ICPERF-390707,RUN-ICPERF-305ca3,main,864968811f,experiments/EXP-ICPERF-66fd51/runs/RUN-ICPERF-305ca3/results.jsonl,in_repo_run,17,3,1,6,"S4 Weil descent, pure CNF",cadical,pure_cnf,1.7.3,Linux x86_64 4-CPU 15GB (cloud container),SAT,,5,0,median,7.3359,3.6248,9.8938,1.7194,11.0003,,,,,no,,yes,
R0027,EV-ICPERF-390707,RUN-ICPERF-305ca3,main,864968811f,experiments/EXP-ICPERF-66fd51/runs/RUN-ICPERF-305ca3/results.jsonl,in_repo_run,17,3,1,6,"S4 Weil descent, pure CNF",cadical,pure_cnf,1.7.3,Linux x86_64 4-CPU 15GB (cloud container),UNSAT,,5,0,median,51.7916,48.0215,76.0686,44.0382,84.0445,,,,,no,,yes,
R0028,EV-ICPERF-390707,RUN-ICPERF-305ca3,main,864968811f,experiments/EXP-ICPERF-66fd51/runs/RUN-ICPERF-305ca3/results.jsonl,in_repo_run,17,3,1,6,"S4 Weil descent, CNF-XOR",cryptominisat5,cnf_xor,5.11.15,Linux x86_64 4-CPU 15GB (cloud container),SAT,,10,0,median,13.80215,4.0509,32.128525,0.0092,45.3914,196561.5,66649.75,299416.75,,no,,yes,
R0029,EV-ICPERF-390707,RUN-ICPERF-305ca3,main,864968811f,experiments/EXP-ICPERF-66fd51/runs/RUN-ICPERF-305ca3/results.jsonl,in_repo_run,17,3,1,6,"S4 Weil descent, CNF-XOR",cryptominisat5,cnf_xor,5.11.15,Linux x86_64 4-CPU 15GB (cloud container),UNSAT,,10,0,median,81.1419,72.170425,88.42205,63.1304,110.6484,721528.5,597529.75,927431.75,,no,,yes,
R0030,EV-ICPERF-390707,RUN-ICPERF-305ca3,main,864968811f,experiments/EXP-ICPERF-66fd51/runs/RUN-ICPERF-305ca3/results.jsonl,in_repo_run,17,3,1,6,"S4 Weil descent, pure CNF",cryptominisat5,pure_cnf,5.11.15,Linux x86_64 4-CPU 15GB (cloud container),SAT,,5,0,median,3.0242,1.2183,22.4302,0.0335,50.6541,34881,16440,330833,,no,,yes,
R0031,EV-ICPERF-390707,RUN-ICPERF-305ca3,main,864968811f,experiments/EXP-ICPERF-66fd51/runs/RUN-ICPERF-305ca3/results.jsonl,in_repo_run,17,3,1,6,"S4 Weil descent, pure CNF",cryptominisat5,pure_cnf,5.11.15,Linux x86_64 4-CPU 15GB (cloud container),UNSAT,,5,0,median,80.0281,79.8917,85.051,68.8215,85.374,723792,626991,756720,,no,,yes,
R0032,EV-ICPERF-390707,RUN-ICPERF-305ca3,main,864968811f,experiments/EXP-ICPERF-66fd51/runs/RUN-ICPERF-305ca3/results.jsonl,in_repo_run,17,3,1,6,S4 Weil descent (Trimoska ECICB-2024 shipped ANF/CNF/Magma),macaulay2_F4_ZZ2_fieldeqs,grevlex,,Linux x86_64 4-CPU 15GB,infrastructure,,3,,none,,,,,,,,,,n/a,,no,RLIMIT_AS abort + .m2 parse error (EV-ICPERF-390707 O-3/O-4): no cost information
R0033,EV-ICPERF-390707,RUN-ICPERF-305ca3,main,864968811f,experiments/EXP-ICPERF-66fd51/runs/RUN-ICPERF-305ca3/results.jsonl,in_repo_run,17,3,1,6,S4 Weil descent (Trimoska ECICB-2024 shipped ANF/CNF/Magma),macaulay2_F4_ZZ2_fieldeqs,grevlex,,Linux x86_64 4-CPU 15GB,infrastructure,,3,,none,,,,,,,,,,n/a,,no,RLIMIT_AS abort + .m2 parse error (EV-ICPERF-390707 O-3/O-4): no cost information
R0034,EV-ICPERF-390707,RUN-ICPERF-305ca3,main,864968811f,experiments/EXP-ICPERF-66fd51/runs/RUN-ICPERF-305ca3/results.jsonl,in_repo_run,17,3,1,6,"S4 Weil descent, pure CNF",minisat,pure_cnf,2.2,Linux x86_64 4-CPU 15GB (cloud container),SAT,,5,0,median,12.9997,0.4664,37.773,0.0177,165.8317,,,,,no,,yes,
R0035,EV-ICPERF-390707,RUN-ICPERF-305ca3,main,864968811f,experiments/EXP-ICPERF-66fd51/runs/RUN-ICPERF-305ca3/results.jsonl,in_repo_run,17,3,1,6,"S4 Weil descent, pure CNF",minisat,pure_cnf,2.2,Linux x86_64 4-CPU 15GB (cloud container),UNSAT,,5,0,median,105.3739,93.3593,121.657,71.99,129.2619,,,,,no,,yes,
R0036,EV-ICPERF-390707,RUN-ICPERF-305ca3,main,864968811f,experiments/EXP-ICPERF-66fd51/runs/RUN-ICPERF-305ca3/results.jsonl,in_repo_run,17,3,1,6,"S4 Weil descent, ANF (WDSat)",wdsat,core_order,"WDSat (Trimoska 2024 src, rebuilt per sizing)",Linux x86_64 4-CPU 15GB (cloud container),SAT,,10,0,median,0.2908,0.115325,0.541775,0.0045,1.1182,38072.0,15613.75,68970.5,,no,,yes,
R0037,EV-ICPERF-390707,RUN-ICPERF-305ca3,main,864968811f,experiments/EXP-ICPERF-66fd51/runs/RUN-ICPERF-305ca3/results.jsonl,in_repo_run,17,3,1,6,"S4 Weil descent, ANF (WDSat)",wdsat,core_order,"WDSat (Trimoska 2024 src, rebuilt per sizing)",Linux x86_64 4-CPU 15GB (cloud container),UNSAT,,10,0,median,2.32135,2.28375,2.358375,2.2708,2.3726,254656.5,254557.0,254923.75,,no,,yes,
R0038,EV-ICPERF-390707,RUN-ICPERF-305ca3,main,864968811f,experiments/EXP-ICPERF-66fd51/runs/RUN-ICPERF-305ca3/results.jsonl,in_repo_run,17,3,1,6,"S4 Weil descent, ANF (WDSat)",wdsat,default,"WDSat (Trimoska 2024 src, rebuilt per sizing)",Linux x86_64 4-CPU 15GB (cloud container),SAT,,10,0,median,0.2909,0.11585,0.5294,0.0047,1.1179,38072.0,15613.75,68970.5,,no,,yes,
R0039,EV-ICPERF-390707,RUN-ICPERF-305ca3,main,864968811f,experiments/EXP-ICPERF-66fd51/runs/RUN-ICPERF-305ca3/results.jsonl,in_repo_run,17,3,1,6,"S4 Weil descent, ANF (WDSat)",wdsat,default,"WDSat (Trimoska 2024 src, rebuilt per sizing)",Linux x86_64 4-CPU 15GB (cloud container),UNSAT,,10,0,median,2.32155,2.283675,2.32265,2.2707,2.3717,254656.5,254557.0,254923.75,,no,,yes,
R0040,EV-ICPERF-390707,RUN-ICPERF-305ca3,main,864968811f,experiments/EXP-ICPERF-66fd51/runs/RUN-ICPERF-305ca3/results.jsonl,in_repo_run,17,3,1,6,"S4 Weil descent, ANF (WDSat)",wdsat,default_on_null_object,"WDSat (Trimoska 2024 src, rebuilt per sizing)",Linux x86_64 4-CPU 15GB (cloud container),SAT,null,3,0,median,47.0325,38.4869,49.9407,29.9413,52.8489,5539684,4811004.5,6136894.5,,no,,no,
R0041,EV-ICPERF-390707,RUN-ICPERF-305ca3,main,864968811f,experiments/EXP-ICPERF-66fd51/runs/RUN-ICPERF-305ca3/results.jsonl,in_repo_run,17,3,1,6,"S4 Weil descent, ANF (WDSat)",wdsat,default_on_null_object,"WDSat (Trimoska 2024 src, rebuilt per sizing)",Linux x86_64 4-CPU 15GB (cloud container),censored,null,3,3,median,180.0,180.0,180.0,180.0,180.0,,,,,yes,180.0,no,budget_stop_timeout: right-censored at timeout_s; label=null
R0042,EV-ICPERF-390707,RUN-ICPERF-305ca3,main,864968811f,experiments/EXP-ICPERF-66fd51/runs/RUN-ICPERF-305ca3/results.jsonl,in_repo_run,17,3,1,6,"S4 Weil descent, ANF (WDSat)",wdsat,gauss_elim,"WDSat (Trimoska 2024 src, rebuilt per sizing)",Linux x86_64 4-CPU 15GB (cloud container),SAT,,10,0,median,1.8455,0.616525,3.549275,0.0047,8.1867,25427.5,8975.75,48253.0,,no,,no,-x Gaussian elimination (P4: 4-7x slower)
R0043,EV-ICPERF-390707,RUN-ICPERF-305ca3,main,864968811f,experiments/EXP-ICPERF-66fd51/runs/RUN-ICPERF-305ca3/results.jsonl,in_repo_run,17,3,1,6,"S4 Weil descent, ANF (WDSat)",wdsat,gauss_elim,"WDSat (Trimoska 2024 src, rebuilt per sizing)",Linux x86_64 4-CPU 15GB (cloud container),UNSAT,,10,0,median,16.70675,16.618475,16.837275,16.4583,16.9614,203095.5,202779.75,203442.5,,no,,no,-x Gaussian elimination (P4: 4-7x slower)
R0044,EV-ICPERF-390707,RUN-ICPERF-305ca3,main,864968811f,experiments/EXP-ICPERF-66fd51/runs/RUN-ICPERF-305ca3/results.jsonl,in_repo_run,17,3,1,6,"S4 Weil descent, ANF (WDSat)",wdsat,noncore_first,"WDSat (Trimoska 2024 src, rebuilt per sizing)",Linux x86_64 4-CPU 15GB (cloud container),SAT,,1,0,median,80.2237,80.2237,80.2237,80.2237,80.2237,54420251,54420251,54420251,,no,,no,deliberately bad branching order (P3b control)
R0045,EV-ICPERF-390707,RUN-ICPERF-305ca3,main,864968811f,experiments/EXP-ICPERF-66fd51/runs/RUN-ICPERF-305ca3/results.jsonl,in_repo_run,17,3,1,6,"S4 Weil descent, ANF (WDSat)",wdsat,noncore_first,"WDSat (Trimoska 2024 src, rebuilt per sizing)",Linux x86_64 4-CPU 15GB (cloud container),censored,S,4,4,median,120.0,120.0,120.0,120.0,120.0,,,,,yes,120.0,no,budget_stop_timeout: right-censored at timeout_s; label=S; deliberately bad branching order (P3b control)
R0046,EV-ICPERF-390707,RUN-ICPERF-305ca3,main,864968811f,experiments/EXP-ICPERF-66fd51/runs/RUN-ICPERF-305ca3/results.jsonl,in_repo_run,17,3,1,6,"S4 Weil descent, ANF (WDSat)",wdsat,noncore_first,"WDSat (Trimoska 2024 src, rebuilt per sizing)",Linux x86_64 4-CPU 15GB (cloud container),censored,U,5,5,median,120.0,120.0,120.0,120.0,120.0,,,,,yes,120.0,no,budget_stop_timeout: right-censored at timeout_s; label=U; deliberately bad branching order (P3b control)
R0047,EV-ICPERF-390707,RUN-ICPERF-305ca3,main,864968811f,experiments/EXP-ICPERF-66fd51/runs/RUN-ICPERF-305ca3/results.jsonl,in_repo_run,17,3,1,6,"S4 Weil descent, ANF (WDSat)",wdsat,symmetry,"WDSat (Trimoska 2024 src, rebuilt per sizing)",Linux x86_64 4-CPU 15GB (cloud container),SAT,,10,0,median,0.14055,0.065125,0.215825,0.005,0.316,16205.0,7880.0,26675.25,,no,,yes,
R0048,EV-ICPERF-390707,RUN-ICPERF-305ca3,main,864968811f,experiments/EXP-ICPERF-66fd51/runs/RUN-ICPERF-305ca3/results.jsonl,in_repo_run,17,3,1,6,"S4 Weil descent, ANF (WDSat)",wdsat,symmetry,"WDSat (Trimoska 2024 src, rebuilt per sizing)",Linux x86_64 4-CPU 15GB (cloud container),UNSAT,,10,0,median,0.4164,0.4163,0.416675,0.3661,0.4171,43871.5,43830.25,43928.5,,no,,yes,
R0049,EV-ICPERF-390707,RUN-ICPERF-305ca3,main,864968811f,experiments/EXP-ICPERF-66fd51/runs/RUN-ICPERF-305ca3/results.jsonl,in_repo_run,19,3,1,6,"S4 Weil descent, pure CNF",cadical,pure_cnf,1.7.3,Linux x86_64 4-CPU 15GB (cloud container),SAT,,5,0,median,9.644,6.5812,24.0741,5.1285,129.8624,,,,,no,,yes,SAT includes 1 twist-side root on n19l6-19-U (O-1)
R0050,EV-ICPERF-390707,RUN-ICPERF-305ca3,main,864968811f,experiments/EXP-ICPERF-66fd51/runs/RUN-ICPERF-305ca3/results.jsonl,in_repo_run,19,3,1,6,"S4 Weil descent, pure CNF",cadical,pure_cnf,1.7.3,Linux x86_64 4-CPU 15GB (cloud container),UNSAT,,5,0,median,56.8536,50.4383,67.6722,50.2364,69.8896,,,,,no,,yes,
R0051,EV-ICPERF-390707,RUN-ICPERF-305ca3,main,864968811f,experiments/EXP-ICPERF-66fd51/runs/RUN-ICPERF-305ca3/results.jsonl,in_repo_run,19,3,1,6,"S4 Weil descent, CNF-XOR",cryptominisat5,cnf_xor,5.11.15,Linux x86_64 4-CPU 15GB (cloud container),SAT,,11,0,median,25.6878,13.58055,35.8014,0.0095,94.1703,218315,185306.0,452459.0,,no,,yes,SAT includes 1 twist-side root on n19l6-19-U (O-1)
R0052,EV-ICPERF-390707,RUN-ICPERF-305ca3,main,864968811f,experiments/EXP-ICPERF-66fd51/runs/RUN-ICPERF-305ca3/results.jsonl,in_repo_run,19,3,1,6,"S4 Weil descent, CNF-XOR",cryptominisat5,cnf_xor,5.11.15,Linux x86_64 4-CPU 15GB (cloud container),UNSAT,,7,0,median,134.3879,104.05805,211.25745,93.2743,264.7039,1650340,1048364.0,2244182.0,,no,,yes,
R0053,EV-ICPERF-390707,RUN-ICPERF-305ca3,main,864968811f,experiments/EXP-ICPERF-66fd51/runs/RUN-ICPERF-305ca3/results.jsonl,in_repo_run,19,3,1,6,"S4 Weil descent, CNF-XOR",cryptominisat5,cnf_xor,5.11.15,Linux x86_64 4-CPU 15GB (cloud container),censored,U,2,2,median,300.0,300.0,300.0,300.0,300.0,,,,,yes,300.0,yes,budget_stop_timeout: right-censored at timeout_s; label=U
R0054,EV-ICPERF-390707,RUN-ICPERF-305ca3,main,864968811f,experiments/EXP-ICPERF-66fd51/runs/RUN-ICPERF-305ca3/results.jsonl,in_repo_run,19,3,1,6,"S4 Weil descent, pure CNF",cryptominisat5,pure_cnf,5.11.15,Linux x86_64 4-CPU 15GB (cloud container),SAT,,5,0,median,21.3309,16.9064,38.8698,0.0092,66.5259,230758,178033,472338,,no,,yes,SAT includes 1 twist-side root on n19l6-19-U (O-1)
R0055,EV-ICPERF-390707,RUN-ICPERF-305ca3,main,864968811f,experiments/EXP-ICPERF-66fd51/runs/RUN-ICPERF-305ca3/results.jsonl,in_repo_run,19,3,1,6,"S4 Weil descent, pure CNF",cryptominisat5,pure_cnf,5.11.15,Linux x86_64 4-CPU 15GB (cloud container),UNSAT,,5,0,median,195.9794,171.6955,197.3794,148.0972,218.9708,2161340,1774162,2276403,,no,,yes,
R0056,EV-ICPERF-390707,RUN-ICPERF-305ca3,main,864968811f,experiments/EXP-ICPERF-66fd51/runs/RUN-ICPERF-305ca3/results.jsonl,in_repo_run,19,3,1,6,S4 Weil descent (Trimoska ECICB-2024 shipped ANF/CNF/Magma),macaulay2_F4_ZZ2_fieldeqs,grevlex,,Linux x86_64 4-CPU 15GB,infrastructure,,3,,none,,,,,,,,,,n/a,,no,RLIMIT_AS abort + .m2 parse error (EV-ICPERF-390707 O-3/O-4): no cost information
R0057,EV-ICPERF-390707,RUN-ICPERF-305ca3,main,864968811f,experiments/EXP-ICPERF-66fd51/runs/RUN-ICPERF-305ca3/results.jsonl,in_repo_run,19,3,1,6,S4 Weil descent (Trimoska ECICB-2024 shipped ANF/CNF/Magma),macaulay2_F4_ZZ2_fieldeqs,grevlex,,Linux x86_64 4-CPU 15GB,infrastructure,,3,,none,,,,,,,,,,n/a,,no,RLIMIT_AS abort + .m2 parse error (EV-ICPERF-390707 O-3/O-4): no cost information
R0058,EV-ICPERF-390707,RUN-ICPERF-305ca3,main,864968811f,experiments/EXP-ICPERF-66fd51/runs/RUN-ICPERF-305ca3/results.jsonl,in_repo_run,19,3,1,6,"S4 Weil descent, pure CNF",minisat,pure_cnf,2.2,Linux x86_64 4-CPU 15GB (cloud container),SAT,,4,0,median,65.25175,37.663925,97.411825,0.0338,148.7587,,,,,no,,yes,SAT includes 1 twist-side root on n19l6-19-U (O-1)
R0059,EV-ICPERF-390707,RUN-ICPERF-305ca3,main,864968811f,experiments/EXP-ICPERF-66fd51/runs/RUN-ICPERF-305ca3/results.jsonl,in_repo_run,19,3,1,6,"S4 Weil descent, pure CNF",minisat,pure_cnf,2.2,Linux x86_64 4-CPU 15GB (cloud container),UNSAT,,4,0,median,123.52975,104.5873,148.3735,87.1255,183.5392,,,,,no,,yes,
R0060,EV-ICPERF-390707,RUN-ICPERF-305ca3,main,864968811f,experiments/EXP-ICPERF-66fd51/runs/RUN-ICPERF-305ca3/results.jsonl,in_repo_run,19,3,1,6,"S4 Weil descent, pure CNF",minisat,pure_cnf,2.2,Linux x86_64 4-CPU 15GB (cloud container),censored,S,1,1,median,300.0,300.0,300.0,300.0,300.0,,,,,yes,300.0,yes,budget_stop_timeout: right-censored at timeout_s; label=S
R0061,EV-ICPERF-390707,RUN-ICPERF-305ca3,main,864968811f,experiments/EXP-ICPERF-66fd51/runs/RUN-ICPERF-305ca3/results.jsonl,in_repo_run,19,3,1,6,"S4 Weil descent, pure CNF",minisat,pure_cnf,2.2,Linux x86_64 4-CPU 15GB (cloud container),censored,U,1,1,median,300.0,300.0,300.0,300.0,300.0,,,,,yes,300.0,yes,budget_stop_timeout: right-censored at timeout_s; label=U
R0062,EV-ICPERF-390707,RUN-ICPERF-305ca3,main,864968811f,experiments/EXP-ICPERF-66fd51/runs/RUN-ICPERF-305ca3/results.jsonl,in_repo_run,19,3,1,6,"S4 Weil descent, ANF (WDSat)",wdsat,core_order,"WDSat (Trimoska 2024 src, rebuilt per sizing)",Linux x86_64 4-CPU 15GB (cloud container),SAT,,11,0,median,0.2657,0.06505,0.59185,0.0048,1.2184,38020,7089.0,73519.0,,no,,yes,SAT includes 1 twist-side root on n19l6-19-U (O-1)
R0063,EV-ICPERF-390707,RUN-ICPERF-305ca3,main,864968811f,experiments/EXP-ICPERF-66fd51/runs/RUN-ICPERF-305ca3/results.jsonl,in_repo_run,19,3,1,6,"S4 Weil descent, ANF (WDSat)",wdsat,core_order,"WDSat (Trimoska 2024 src, rebuilt per sizing)",Linux x86_64 4-CPU 15GB (cloud container),UNSAT,,9,0,median,2.3718,2.3217,2.3727,2.3212,2.4225,255317,255052,255958,,no,,yes,
R0064,EV-ICPERF-390707,RUN-ICPERF-305ca3,main,864968811f,experiments/EXP-ICPERF-66fd51/runs/RUN-ICPERF-305ca3/results.jsonl,in_repo_run,19,3,1,6,"S4 Weil descent, ANF (WDSat)",wdsat,default,"WDSat (Trimoska 2024 src, rebuilt per sizing)",Linux x86_64 4-CPU 15GB (cloud container),SAT,,11,0,median,0.3162,0.0652,0.59245,0.005,1.2185,38020,7089.0,73519.0,,no,,yes,SAT includes 1 twist-side root on n19l6-19-U (O-1)
R0065,EV-ICPERF-390707,RUN-ICPERF-305ca3,main,864968811f,experiments/EXP-ICPERF-66fd51/runs/RUN-ICPERF-305ca3/results.jsonl,in_repo_run,19,3,1,6,"S4 Weil descent, ANF (WDSat)",wdsat,default,"WDSat (Trimoska 2024 src, rebuilt per sizing)",Linux x86_64 4-CPU 15GB (cloud container),UNSAT,,9,0,median,2.3718,2.3215,2.372,2.321,2.4221,255317,255052,255958,,no,,yes,
R0066,EV-ICPERF-390707,RUN-ICPERF-305ca3,main,864968811f,experiments/EXP-ICPERF-66fd51/runs/RUN-ICPERF-305ca3/results.jsonl,in_repo_run,19,3,1,6,"S4 Weil descent, ANF (WDSat)",wdsat,default_on_null_object,"WDSat (Trimoska 2024 src, rebuilt per sizing)",Linux x86_64 4-CPU 15GB (cloud container),censored,null,6,6,median,180.0,180.0,180.0,180.0,180.0,,,,,yes,180.0,no,budget_stop_timeout: right-censored at timeout_s; label=null
R0067,EV-ICPERF-390707,RUN-ICPERF-305ca3,main,864968811f,experiments/EXP-ICPERF-66fd51/runs/RUN-ICPERF-305ca3/results.jsonl,in_repo_run,19,3,1,6,"S4 Weil descent, ANF (WDSat)",wdsat,gauss_elim,"WDSat (Trimoska 2024 src, rebuilt per sizing)",Linux x86_64 4-CPU 15GB (cloud container),SAT,,11,0,median,1.719,0.24095,3.70045,0.0047,8.3859,22605,3030.0,46736.5,,no,,no,-x Gaussian elimination (P4: 4-7x slower); SAT includes 1 twist-side root on n19l6-19-U (O-1)
R0068,EV-ICPERF-390707,RUN-ICPERF-305ca3,main,864968811f,experiments/EXP-ICPERF-66fd51/runs/RUN-ICPERF-305ca3/results.jsonl,in_repo_run,19,3,1,6,"S4 Weil descent, ANF (WDSat)",wdsat,gauss_elim,"WDSat (Trimoska 2024 src, rebuilt per sizing)",Linux x86_64 4-CPU 15GB (cloud container),UNSAT,,9,0,median,16.5069,16.4567,16.7132,16.3609,16.81,191678,191369,191826,,no,,no,-x Gaussian elimination (P4: 4-7x slower)
R0069,EV-ICPERF-390707,RUN-ICPERF-305ca3,main,864968811f,experiments/EXP-ICPERF-66fd51/runs/RUN-ICPERF-305ca3/results.jsonl,in_repo_run,19,3,1,6,"S4 Weil descent, ANF (WDSat)",wdsat,noncore_first,"WDSat (Trimoska 2024 src, rebuilt per sizing)",Linux x86_64 4-CPU 15GB (cloud container),censored,S,5,5,median,120.0,120.0,120.0,120.0,120.0,,,,,yes,120.0,no,budget_stop_timeout: right-censored at timeout_s; label=S; deliberately bad branching order (P3b control)
R0070,EV-ICPERF-390707,RUN-ICPERF-305ca3,main,864968811f,experiments/EXP-ICPERF-66fd51/runs/RUN-ICPERF-305ca3/results.jsonl,in_repo_run,19,3,1,6,"S4 Weil descent, ANF (WDSat)",wdsat,noncore_first,"WDSat (Trimoska 2024 src, rebuilt per sizing)",Linux x86_64 4-CPU 15GB (cloud container),censored,U,5,5,median,120.0,120.0,120.0,120.0,120.0,,,,,yes,120.0,no,budget_stop_timeout: right-censored at timeout_s; label=U; deliberately bad branching order (P3b control)
R0071,EV-ICPERF-390707,RUN-ICPERF-305ca3,main,864968811f,experiments/EXP-ICPERF-66fd51/runs/RUN-ICPERF-305ca3/results.jsonl,in_repo_run,19,3,1,6,"S4 Weil descent, ANF (WDSat)",wdsat,symmetry,"WDSat (Trimoska 2024 src, rebuilt per sizing)",Linux x86_64 4-CPU 15GB (cloud container),SAT,,11,0,median,0.1656,0.03345,0.24065,0.005,0.3665,16607,3856.5,27728.0,,no,,yes,SAT includes 1 twist-side root on n19l6-19-U (O-1)
R0072,EV-ICPERF-390707,RUN-ICPERF-305ca3,main,864968811f,experiments/EXP-ICPERF-66fd51/runs/RUN-ICPERF-305ca3/results.jsonl,in_repo_run,19,3,1,6,"S4 Weil descent, ANF (WDSat)",wdsat,symmetry,"WDSat (Trimoska 2024 src, rebuilt per sizing)",Linux x86_64 4-CPU 15GB (cloud container),UNSAT,,9,0,median,0.4166,0.4165,0.4167,0.4164,0.4666,43951,43902,44050,,no,,yes,
R0073,EV-ICPERF-390707,RUN-ICPERF-4ec9b9,main,b9083fb7ff,experiments/EXP-ICPERF-66fd51/runs/RUN-ICPERF-4ec9b9/results.jsonl,in_repo_run,15,3,1,5,"S4 Weil descent, pure CNF",cadical,pure_cnf,1.7.3,Linux x86_64 4-CPU 15GB (cloud container),SAT,,5,0,median,0.7176,0.6683,0.7191,0.6173,1.3193,,,,,no,,yes,
R0074,EV-ICPERF-390707,RUN-ICPERF-4ec9b9,main,b9083fb7ff,experiments/EXP-ICPERF-66fd51/runs/RUN-ICPERF-4ec9b9/results.jsonl,in_repo_run,15,3,1,5,"S4 Weil descent, pure CNF",cadical,pure_cnf,1.7.3,Linux x86_64 4-CPU 15GB (cloud container),UNSAT,,5,0,median,3.6249,3.5244,4.3264,3.4239,7.4841,,,,,no,,yes,
R0075,EV-ICPERF-390707,RUN-ICPERF-4ec9b9,main,b9083fb7ff,experiments/EXP-ICPERF-66fd51/runs/RUN-ICPERF-4ec9b9/results.jsonl,in_repo_run,15,3,1,5,"S4 Weil descent, CNF-XOR",cryptominisat5,cnf_xor,5.11.15,Linux x86_64 4-CPU 15GB (cloud container),SAT,,10,0,median,0.4413,0.03195,1.1056,0.009,1.7696,12174.0,247.25,32307.5,,no,,yes,"includes n15l5-8-S (degenerate, 32 roots; EV-ICPERF-390707 O-17a)"
R0076,EV-ICPERF-390707,RUN-ICPERF-4ec9b9,main,b9083fb7ff,experiments/EXP-ICPERF-66fd51/runs/RUN-ICPERF-4ec9b9/results.jsonl,in_repo_run,15,3,1,5,"S4 Weil descent, CNF-XOR",cryptominisat5,cnf_xor,5.11.15,Linux x86_64 4-CPU 15GB (cloud container),UNSAT,,10,0,median,9.81565,8.1724,12.5126,6.0302,14.9024,139372.0,104553.5,154959.75,,no,,yes,
R0077,EV-ICPERF-390707,RUN-ICPERF-4ec9b9,main,b9083fb7ff,experiments/EXP-ICPERF-66fd51/runs/RUN-ICPERF-4ec9b9/results.jsonl,in_repo_run,15,3,1,5,"S4 Weil descent, pure CNF",cryptominisat5,pure_cnf,5.11.15,Linux x86_64 4-CPU 15GB (cloud container),SAT,,5,0,median,0.5168,0.0097,4.3772,0.0088,7.2882,8629,69,41154,,no,,yes,
R0078,EV-ICPERF-390707,RUN-ICPERF-4ec9b9,main,b9083fb7ff,experiments/EXP-ICPERF-66fd51/runs/RUN-ICPERF-4ec9b9/results.jsonl,in_repo_run,15,3,1,5,"S4 Weil descent, pure CNF",cryptominisat5,pure_cnf,5.11.15,Linux x86_64 4-CPU 15GB (cloud container),UNSAT,,5,0,median,12.2934,11.8964,14.2529,8.8358,15.4557,130120,128264,136432,,no,,yes,
R0079,EV-ICPERF-390707,RUN-ICPERF-4ec9b9,main,b9083fb7ff,experiments/EXP-ICPERF-66fd51/runs/RUN-ICPERF-4ec9b9/results.jsonl,in_repo_run,15,3,1,5,S4 Weil descent (Trimoska ECICB-2024 shipped ANF/CNF/Magma),macaulay2_F4_ZZ2_fieldeqs,grevlex,,Linux x86_64 4-CPU 15GB,infrastructure,,10,,none,,,,,,,,,,n/a,,no,RLIMIT_AS abort + .m2 parse error (EV-ICPERF-390707 O-3/O-4): no cost information
R0080,EV-ICPERF-390707,RUN-ICPERF-4ec9b9,main,b9083fb7ff,experiments/EXP-ICPERF-66fd51/runs/RUN-ICPERF-4ec9b9/results.jsonl,in_repo_run,15,3,1,5,S4 Weil descent (Trimoska ECICB-2024 shipped ANF/CNF/Magma),macaulay2_F4_ZZ2_fieldeqs,grevlex,,Linux x86_64 4-CPU 15GB,infrastructure,,10,,none,,,,,,,,,,n/a,,no,RLIMIT_AS abort + .m2 parse error (EV-ICPERF-390707 O-3/O-4): no cost information
R0081,EV-ICPERF-390707,RUN-ICPERF-4ec9b9,main,b9083fb7ff,experiments/EXP-ICPERF-66fd51/runs/RUN-ICPERF-4ec9b9/results.jsonl,in_repo_run,15,3,1,5,"S4 Weil descent, pure CNF",minisat,pure_cnf,2.2,Linux x86_64 4-CPU 15GB (cloud container),SAT,,5,0,median,2.2713,0.0352,3.1246,0.0175,3.8258,,,,,no,,yes,
R0082,EV-ICPERF-390707,RUN-ICPERF-4ec9b9,main,b9083fb7ff,experiments/EXP-ICPERF-66fd51/runs/RUN-ICPERF-4ec9b9/results.jsonl,in_repo_run,15,3,1,5,"S4 Weil descent, pure CNF",minisat,pure_cnf,2.2,Linux x86_64 4-CPU 15GB (cloud container),UNSAT,,5,0,median,7.031,6.9369,13.7984,3.7756,18.66,,,,,no,,yes,
R0083,EV-ICPERF-390707,RUN-ICPERF-4ec9b9,main,b9083fb7ff,experiments/EXP-ICPERF-66fd51/runs/RUN-ICPERF-4ec9b9/results.jsonl,in_repo_run,15,3,1,5,"S4 Weil descent, Boolean ideal + field eqs",singular_std_GF2_fieldeqs,dp,4.3.2,Linux x86_64 4-CPU 15GB (cloud container),censored,S,2,2,median,900.0,900.0,900.0,900.0,900.0,,,,,yes,900.0,no,budget_stop_timeout: right-censored at timeout_s; label=S
R0084,EV-ICPERF-390707,RUN-ICPERF-4ec9b9,main,b9083fb7ff,experiments/EXP-ICPERF-66fd51/runs/RUN-ICPERF-4ec9b9/results.jsonl,in_repo_run,15,3,1,5,"S4 Weil descent, Boolean ideal + field eqs",singular_std_GF2_fieldeqs,dp,4.3.2,Linux x86_64 4-CPU 15GB (cloud container),censored,U,2,2,median,900.0,900.0,900.0,900.0,900.0,,,,,yes,900.0,no,budget_stop_timeout: right-censored at timeout_s; label=U
R0085,EV-ICPERF-390707,RUN-ICPERF-4ec9b9,main,b9083fb7ff,experiments/EXP-ICPERF-66fd51/runs/RUN-ICPERF-4ec9b9/results.jsonl,in_repo_run,15,3,1,5,"S4 Weil descent, ANF (WDSat)",wdsat,core_order,"WDSat (Trimoska 2024 src, rebuilt per sizing)",Linux x86_64 4-CPU 15GB (cloud container),SAT,,10,0,median,0.065,0.0027,0.10275,0.0023,0.1155,8542.5,53.75,13365.0,,no,,yes,"includes n15l5-8-S (degenerate, 32 roots; EV-ICPERF-390707 O-17a)"
R0086,EV-ICPERF-390707,RUN-ICPERF-4ec9b9,main,b9083fb7ff,experiments/EXP-ICPERF-66fd51/runs/RUN-ICPERF-4ec9b9/results.jsonl,in_repo_run,15,3,1,5,"S4 Weil descent, ANF (WDSat)",wdsat,core_order,"WDSat (Trimoska 2024 src, rebuilt per sizing)",Linux x86_64 4-CPU 15GB (cloud container),UNSAT,,10,0,median,0.2158,0.215625,0.215875,0.2154,0.216,30978.5,30936.75,31239.5,,no,,yes,
R0087,EV-ICPERF-390707,RUN-ICPERF-4ec9b9,main,b9083fb7ff,experiments/EXP-ICPERF-66fd51/runs/RUN-ICPERF-4ec9b9/results.jsonl,in_repo_run,15,3,1,5,"S4 Weil descent, ANF (WDSat)",wdsat,default,"WDSat (Trimoska 2024 src, rebuilt per sizing)",Linux x86_64 4-CPU 15GB (cloud container),SAT,,10,0,median,0.06505,0.003225,0.10255,0.0026,0.1158,8542.5,53.75,13365.0,,no,,yes,"includes n15l5-8-S (degenerate, 32 roots; EV-ICPERF-390707 O-17a)"
R0088,EV-ICPERF-390707,RUN-ICPERF-4ec9b9,main,b9083fb7ff,experiments/EXP-ICPERF-66fd51/runs/RUN-ICPERF-4ec9b9/results.jsonl,in_repo_run,15,3,1,5,"S4 Weil descent, ANF (WDSat)",wdsat,default,"WDSat (Trimoska 2024 src, rebuilt per sizing)",Linux x86_64 4-CPU 15GB (cloud container),UNSAT,,10,0,median,0.21595,0.2158,0.216075,0.2157,0.2161,30978.5,30936.75,31239.5,,no,,yes,
R0089,EV-ICPERF-390707,RUN-ICPERF-4ec9b9,main,b9083fb7ff,experiments/EXP-ICPERF-66fd51/runs/RUN-ICPERF-4ec9b9/results.jsonl,in_repo_run,15,3,1,5,"S4 Weil descent, ANF (WDSat)",wdsat,default_on_null_object,"WDSat (Trimoska 2024 src, rebuilt per sizing)",Linux x86_64 4-CPU 15GB (cloud container),SAT,null,4,0,median,16.25365,13.096325,19.8028,6.9323,27.1423,2825788.5,2320052.25,3273284.5,,no,,no,
R0090,EV-ICPERF-390707,RUN-ICPERF-4ec9b9,main,b9083fb7ff,experiments/EXP-ICPERF-66fd51/runs/RUN-ICPERF-4ec9b9/results.jsonl,in_repo_run,15,3,1,5,"S4 Weil descent, ANF (WDSat)",wdsat,default_on_null_object,"WDSat (Trimoska 2024 src, rebuilt per sizing)",Linux x86_64 4-CPU 15GB (cloud container),UNSAT,null,2,0,median,40.6989,38.30285,43.09495,35.9068,45.491,6143342.5,5366427.25,6920257.75,,no,,no,
R0091,EV-ICPERF-390707,RUN-ICPERF-4ec9b9,main,b9083fb7ff,experiments/EXP-ICPERF-66fd51/runs/RUN-ICPERF-4ec9b9/results.jsonl,in_repo_run,15,3,1,5,"S4 Weil descent, ANF (WDSat)",wdsat,gauss_elim,"WDSat (Trimoska 2024 src, rebuilt per sizing)",Linux x86_64 4-CPU 15GB (cloud container),SAT,,10,0,median,0.2656,0.004825,0.416275,0.0045,0.5662,4990.5,7.5,8153.0,,no,,no,"includes n15l5-8-S (degenerate, 32 roots; EV-ICPERF-390707 O-17a); -x Gaussian elimination (P4: 4-7x slower)"
R0092,EV-ICPERF-390707,RUN-ICPERF-4ec9b9,main,b9083fb7ff,experiments/EXP-ICPERF-66fd51/runs/RUN-ICPERF-4ec9b9/results.jsonl,in_repo_run,15,3,1,5,"S4 Weil descent, ANF (WDSat)",wdsat,gauss_elim,"WDSat (Trimoska 2024 src, rebuilt per sizing)",Linux x86_64 4-CPU 15GB (cloud container),UNSAT,,10,0,median,1.11775,1.1176,1.11795,1.1173,1.1183,21704.0,21678.25,21778.25,,no,,no,-x Gaussian elimination (P4: 4-7x slower)
R0093,EV-ICPERF-390707,RUN-ICPERF-4ec9b9,main,b9083fb7ff,experiments/EXP-ICPERF-66fd51/runs/RUN-ICPERF-4ec9b9/results.jsonl,in_repo_run,15,3,1,5,"S4 Weil descent, ANF (WDSat)",wdsat,noncore_first,"WDSat (Trimoska 2024 src, rebuilt per sizing)",Linux x86_64 4-CPU 15GB (cloud container),SAT,,5,0,median,14.251,6.3312,60.8705,2.0699,70.2923,9638867,3786522,41661611,,no,,no,deliberately bad branching order (P3b control)
R0094,EV-ICPERF-390707,RUN-ICPERF-4ec9b9,main,b9083fb7ff,experiments/EXP-ICPERF-66fd51/runs/RUN-ICPERF-4ec9b9/results.jsonl,in_repo_run,15,3,1,5,"S4 Weil descent, ANF (WDSat)",wdsat,noncore_first,"WDSat (Trimoska 2024 src, rebuilt per sizing)",Linux x86_64 4-CPU 15GB (cloud container),UNSAT,,2,0,median,113.67465,111.457375,115.891925,109.2401,118.1092,81956345.5,81463996.25,82448694.75,,no,,no,deliberately bad branching order (P3b control)
R0095,EV-ICPERF-390707,RUN-ICPERF-4ec9b9,main,b9083fb7ff,experiments/EXP-ICPERF-66fd51/runs/RUN-ICPERF-4ec9b9/results.jsonl,in_repo_run,15,3,1,5,"S4 Weil descent, ANF (WDSat)",wdsat,noncore_first,"WDSat (Trimoska 2024 src, rebuilt per sizing)",Linux x86_64 4-CPU 15GB (cloud container),censored,U,3,3,median,120.0,120.0,120.0,120.0,120.0,,,,,yes,120.0,no,budget_stop_timeout: right-censored at timeout_s; label=U; deliberately bad branching order (P3b control)
R0096,EV-ICPERF-390707,RUN-ICPERF-4ec9b9,main,b9083fb7ff,experiments/EXP-ICPERF-66fd51/runs/RUN-ICPERF-4ec9b9/results.jsonl,in_repo_run,15,3,1,5,"S4 Weil descent, ANF (WDSat)",wdsat,symmetry,"WDSat (Trimoska 2024 src, rebuilt per sizing)",Linux x86_64 4-CPU 15GB (cloud container),SAT,,10,0,median,0.0331,0.002925,0.033425,0.0025,0.0338,3350.5,48.75,4375.75,,no,,yes,"includes n15l5-8-S (degenerate, 32 roots; EV-ICPERF-390707 O-17a)"
R0097,EV-ICPERF-390707,RUN-ICPERF-4ec9b9,main,b9083fb7ff,experiments/EXP-ICPERF-66fd51/runs/RUN-ICPERF-4ec9b9/results.jsonl,in_repo_run,15,3,1,5,"S4 Weil descent, ANF (WDSat)",wdsat,symmetry,"WDSat (Trimoska 2024 src, rebuilt per sizing)",Linux x86_64 4-CPU 15GB (cloud container),UNSAT,,10,0,median,0.0654,0.065225,0.0655,0.0651,0.0657,5514.0,5507.5,5575.75,,no,,yes,
R0098,EV-ICPERF-390707,RUN-ICPERF-4ec9b9,main,b9083fb7ff,experiments/EXP-ICPERF-66fd51/runs/RUN-ICPERF-4ec9b9/results.jsonl,in_repo_run,17,3,1,6,"S4 Weil descent, pure CNF",cadical,pure_cnf,1.7.3,Linux x86_64 4-CPU 15GB (cloud container),SAT,,5,0,median,7.2853,3.7292,10.0919,1.7182,10.9954,,,,,no,,yes,
R0099,EV-ICPERF-390707,RUN-ICPERF-4ec9b9,main,b9083fb7ff,experiments/EXP-ICPERF-66fd51/runs/RUN-ICPERF-4ec9b9/results.jsonl,in_repo_run,17,3,1,6,"S4 Weil descent, pure CNF",cadical,pure_cnf,1.7.3,Linux x86_64 4-CPU 15GB (cloud container),UNSAT,,5,0,median,51.3521,48.7131,76.022,44.0923,84.7529,,,,,no,,yes,
R0100,EV-ICPERF-390707,RUN-ICPERF-4ec9b9,main,b9083fb7ff,experiments/EXP-ICPERF-66fd51/runs/RUN-ICPERF-4ec9b9/results.jsonl,in_repo_run,17,3,1,6,"S4 Weil descent, CNF-XOR",cryptominisat5,cnf_xor,5.11.15,Linux x86_64 4-CPU 15GB (cloud container),SAT,,10,0,median,13.6742,3.9624,31.894225,0.0092,44.8832,196561.5,66649.75,299416.75,,no,,yes,
R0101,EV-ICPERF-390707,RUN-ICPERF-4ec9b9,main,b9083fb7ff,experiments/EXP-ICPERF-66fd51/runs/RUN-ICPERF-4ec9b9/results.jsonl,in_repo_run,17,3,1,6,"S4 Weil descent, CNF-XOR",cryptominisat5,cnf_xor,5.11.15,Linux x86_64 4-CPU 15GB (cloud container),UNSAT,,10,0,median,81.25345,72.053225,88.88695,63.4895,112.3554,721528.5,597529.75,927431.75,,no,,yes,
R0102,EV-ICPERF-390707,RUN-ICPERF-4ec9b9,main,b9083fb7ff,experiments/EXP-ICPERF-66fd51/runs/RUN-ICPERF-4ec9b9/results.jsonl,in_repo_run,17,3,1,6,"S4 Weil descent, pure CNF",cryptominisat5,pure_cnf,5.11.15,Linux x86_64 4-CPU 15GB (cloud container),SAT,,5,0,median,3.1231,1.2183,22.723,0.0335,50.6441,34881,16440,330833,,no,,yes,
R0103,EV-ICPERF-390707,RUN-ICPERF-4ec9b9,main,b9083fb7ff,experiments/EXP-ICPERF-66fd51/runs/RUN-ICPERF-4ec9b9/results.jsonl,in_repo_run,17,3,1,6,"S4 Weil descent, pure CNF",cryptominisat5,pure_cnf,5.11.15,Linux x86_64 4-CPU 15GB (cloud container),UNSAT,,5,0,median,82.1834,80.5003,85.2615,67.3414,85.9856,723792,626991,756720,,no,,yes,
R0104,EV-ICPERF-390707,RUN-ICPERF-4ec9b9,main,b9083fb7ff,experiments/EXP-ICPERF-66fd51/runs/RUN-ICPERF-4ec9b9/results.jsonl,in_repo_run,17,3,1,6,S4 Weil descent (Trimoska ECICB-2024 shipped ANF/CNF/Magma),macaulay2_F4_ZZ2_fieldeqs,grevlex,,Linux x86_64 4-CPU 15GB,infrastructure,,3,,none,,,,,,,,,,n/a,,no,RLIMIT_AS abort + .m2 parse error (EV-ICPERF-390707 O-3/O-4): no cost information
R0105,EV-ICPERF-390707,RUN-ICPERF-4ec9b9,main,b9083fb7ff,experiments/EXP-ICPERF-66fd51/runs/RUN-ICPERF-4ec9b9/results.jsonl,in_repo_run,17,3,1,6,S4 Weil descent (Trimoska ECICB-2024 shipped ANF/CNF/Magma),macaulay2_F4_ZZ2_fieldeqs,grevlex,,Linux x86_64 4-CPU 15GB,infrastructure,,3,,none,,,,,,,,,,n/a,,no,RLIMIT_AS abort + .m2 parse error (EV-ICPERF-390707 O-3/O-4): no cost information
R0106,EV-ICPERF-390707,RUN-ICPERF-4ec9b9,main,b9083fb7ff,experiments/EXP-ICPERF-66fd51/runs/RUN-ICPERF-4ec9b9/results.jsonl,in_repo_run,17,3,1,6,"S4 Weil descent, pure CNF",minisat,pure_cnf,2.2,Linux x86_64 4-CPU 15GB (cloud container),SAT,,5,0,median,12.8495,0.4689,37.667,0.0174,165.1283,,,,,no,,yes,
R0107,EV-ICPERF-390707,RUN-ICPERF-4ec9b9,main,b9083fb7ff,experiments/EXP-ICPERF-66fd51/runs/RUN-ICPERF-4ec9b9/results.jsonl,in_repo_run,17,3,1,6,"S4 Weil descent, pure CNF",minisat,pure_cnf,2.2,Linux x86_64 4-CPU 15GB (cloud container),UNSAT,,5,0,median,107.3462,94.4756,121.9079,73.6448,128.9293,,,,,no,,yes,
R0108,EV-ICPERF-390707,RUN-ICPERF-4ec9b9,main,b9083fb7ff,experiments/EXP-ICPERF-66fd51/runs/RUN-ICPERF-4ec9b9/results.jsonl,in_repo_run,17,3,1,6,"S4 Weil descent, ANF (WDSat)",wdsat,core_order,"WDSat (Trimoska 2024 src, rebuilt per sizing)",Linux x86_64 4-CPU 15GB (cloud container),SAT,,10,0,median,0.2915,0.11545,0.5423,0.0046,1.1185,38072.0,15613.75,68970.5,,no,,yes,
R0109,EV-ICPERF-390707,RUN-ICPERF-4ec9b9,main,b9083fb7ff,experiments/EXP-ICPERF-66fd51/runs/RUN-ICPERF-4ec9b9/results.jsonl,in_repo_run,17,3,1,6,"S4 Weil descent, ANF (WDSat)",wdsat,core_order,"WDSat (Trimoska 2024 src, rebuilt per sizing)",Linux x86_64 4-CPU 15GB (cloud container),UNSAT,,10,0,median,2.3214,2.272625,2.35885,2.2718,2.3726,254656.5,254557.0,254923.75,,no,,yes,
R0110,EV-ICPERF-390707,RUN-ICPERF-4ec9b9,main,b9083fb7ff,experiments/EXP-ICPERF-66fd51/runs/RUN-ICPERF-4ec9b9/results.jsonl,in_repo_run,17,3,1,6,"S4 Weil descent, ANF (WDSat)",wdsat,default,"WDSat (Trimoska 2024 src, rebuilt per sizing)",Linux x86_64 4-CPU 15GB (cloud container),SAT,,10,0,median,0.2913,0.1159,0.54215,0.0047,1.1179,38072.0,15613.75,68970.5,,no,,yes,
R0111,EV-ICPERF-390707,RUN-ICPERF-4ec9b9,main,b9083fb7ff,experiments/EXP-ICPERF-66fd51/runs/RUN-ICPERF-4ec9b9/results.jsonl,in_repo_run,17,3,1,6,"S4 Weil descent, ANF (WDSat)",wdsat,default,"WDSat (Trimoska 2024 src, rebuilt per sizing)",Linux x86_64 4-CPU 15GB (cloud container),UNSAT,,10,0,median,2.3214,2.27245,2.3223,2.2717,2.3723,254656.5,254557.0,254923.75,,no,,yes,
R0112,EV-ICPERF-390707,RUN-ICPERF-4ec9b9,main,b9083fb7ff,experiments/EXP-ICPERF-66fd51/runs/RUN-ICPERF-4ec9b9/results.jsonl,in_repo_run,17,3,1,6,"S4 Weil descent, ANF (WDSat)",wdsat,default_on_null_object,"WDSat (Trimoska 2024 src, rebuilt per sizing)",Linux x86_64 4-CPU 15GB (cloud container),SAT,null,3,0,median,47.0332,38.76415,50.7719,30.4951,54.5106,5539684,4811004.5,6136894.5,,no,,no,
R0113,EV-ICPERF-390707,RUN-ICPERF-4ec9b9,main,b9083fb7ff,experiments/EXP-ICPERF-66fd51/runs/RUN-ICPERF-4ec9b9/results.jsonl,in_repo_run,17,3,1,6,"S4 Weil descent, ANF (WDSat)",wdsat,default_on_null_object,"WDSat (Trimoska 2024 src, rebuilt per sizing)",Linux x86_64 4-CPU 15GB (cloud container),censored,null,3,3,median,180.0,180.0,180.0,180.0,180.0,,,,,yes,180.0,no,budget_stop_timeout: right-censored at timeout_s; label=null
R0114,EV-ICPERF-390707,RUN-ICPERF-4ec9b9,main,b9083fb7ff,experiments/EXP-ICPERF-66fd51/runs/RUN-ICPERF-4ec9b9/results.jsonl,in_repo_run,17,3,1,6,"S4 Weil descent, ANF (WDSat)",wdsat,gauss_elim,"WDSat (Trimoska 2024 src, rebuilt per sizing)",Linux x86_64 4-CPU 15GB (cloud container),SAT,,10,0,median,1.84585,0.654925,3.699725,0.0047,8.1855,25427.5,8975.75,48253.0,,no,,no,-x Gaussian elimination (P4: 4-7x slower)
R0115,EV-ICPERF-390707,RUN-ICPERF-4ec9b9,main,b9083fb7ff,experiments/EXP-ICPERF-66fd51/runs/RUN-ICPERF-4ec9b9/results.jsonl,in_repo_run,17,3,1,6,"S4 Weil descent, ANF (WDSat)",wdsat,gauss_elim,"WDSat (Trimoska 2024 src, rebuilt per sizing)",Linux x86_64 4-CPU 15GB (cloud container),UNSAT,,10,0,median,16.6861,16.65925,16.758325,16.4588,17.0643,203095.5,202779.75,203442.5,,no,,no,-x Gaussian elimination (P4: 4-7x slower)
R0116,EV-ICPERF-390707,RUN-ICPERF-4ec9b9,main,b9083fb7ff,experiments/EXP-ICPERF-66fd51/runs/RUN-ICPERF-4ec9b9/results.jsonl,in_repo_run,17,3,1,6,"S4 Weil descent, ANF (WDSat)",wdsat,noncore_first,"WDSat (Trimoska 2024 src, rebuilt per sizing)",Linux x86_64 4-CPU 15GB (cloud container),SAT,,1,0,median,81.475,81.475,81.475,81.475,81.475,54420251,54420251,54420251,,no,,no,deliberately bad branching order (P3b control)
R0117,EV-ICPERF-390707,RUN-ICPERF-4ec9b9,main,b9083fb7ff,experiments/EXP-ICPERF-66fd51/runs/RUN-ICPERF-4ec9b9/results.jsonl,in_repo_run,17,3,1,6,"S4 Weil descent, ANF (WDSat)",wdsat,noncore_first,"WDSat (Trimoska 2024 src, rebuilt per sizing)",Linux x86_64 4-CPU 15GB (cloud container),censored,S,4,4,median,120.0,120.0,120.0,120.0,120.0,,,,,yes,120.0,no,budget_stop_timeout: right-censored at timeout_s; label=S; deliberately bad branching order (P3b control)
R0118,EV-ICPERF-390707,RUN-ICPERF-4ec9b9,main,b9083fb7ff,experiments/EXP-ICPERF-66fd51/runs/RUN-ICPERF-4ec9b9/results.jsonl,in_repo_run,17,3,1,6,"S4 Weil descent, ANF (WDSat)",wdsat,noncore_first,"WDSat (Trimoska 2024 src, rebuilt per sizing)",Linux x86_64 4-CPU 15GB (cloud container),censored,U,5,5,median,120.0,120.0,120.0,120.0,120.0,,,,,yes,120.0,no,budget_stop_timeout: right-censored at timeout_s; label=U; deliberately bad branching order (P3b control)
R0119,EV-ICPERF-390707,RUN-ICPERF-4ec9b9,main,b9083fb7ff,experiments/EXP-ICPERF-66fd51/runs/RUN-ICPERF-4ec9b9/results.jsonl,in_repo_run,17,3,1,6,"S4 Weil descent, ANF (WDSat)",wdsat,symmetry,"WDSat (Trimoska 2024 src, rebuilt per sizing)",Linux x86_64 4-CPU 15GB (cloud container),SAT,,10,0,median,0.1409,0.06555,0.2161,0.0051,0.3666,16205.0,7880.0,26675.25,,no,,yes,
R0120,EV-ICPERF-390707,RUN-ICPERF-4ec9b9,main,b9083fb7ff,experiments/EXP-ICPERF-66fd51/runs/RUN-ICPERF-4ec9b9/results.jsonl,in_repo_run,17,3,1,6,"S4 Weil descent, ANF (WDSat)",wdsat,symmetry,"WDSat (Trimoska 2024 src, rebuilt per sizing)",Linux x86_64 4-CPU 15GB (cloud container),UNSAT,,10,0,median,0.4167,0.416625,0.416975,0.3672,0.4176,43871.5,43830.25,43928.5,,no,,yes,
R0121,EV-ICPERF-390707,RUN-ICPERF-4ec9b9,main,b9083fb7ff,experiments/EXP-ICPERF-66fd51/runs/RUN-ICPERF-4ec9b9/results.jsonl,in_repo_run,19,3,1,6,"S4 Weil descent, pure CNF",cadical,pure_cnf,1.7.3,Linux x86_64 4-CPU 15GB (cloud container),SAT,,5,0,median,9.9132,6.482,24.4801,5.1307,130.6297,,,,,no,,yes,SAT includes 1 twist-side root on n19l6-19-U (O-1)
R0122,EV-ICPERF-390707,RUN-ICPERF-4ec9b9,main,b9083fb7ff,experiments/EXP-ICPERF-66fd51/runs/RUN-ICPERF-4ec9b9/results.jsonl,in_repo_run,19,3,1,6,"S4 Weil descent, pure CNF",cadical,pure_cnf,1.7.3,Linux x86_64 4-CPU 15GB (cloud container),UNSAT,,5,0,median,56.7239,51.0114,67.7139,49.8955,70.2991,,,,,no,,yes,
R0123,EV-ICPERF-390707,RUN-ICPERF-4ec9b9,main,b9083fb7ff,experiments/EXP-ICPERF-66fd51/runs/RUN-ICPERF-4ec9b9/results.jsonl,in_repo_run,19,3,1,6,"S4 Weil descent, CNF-XOR",cryptominisat5,cnf_xor,5.11.15,Linux x86_64 4-CPU 15GB (cloud container),SAT,,11,0,median,25.1354,13.4985,35.48175,0.0093,93.3167,218315,185306.0,452459.0,,no,,yes,SAT includes 1 twist-side root on n19l6-19-U (O-1)
R0124,EV-ICPERF-390707,RUN-ICPERF-4ec9b9,main,b9083fb7ff,experiments/EXP-ICPERF-66fd51/runs/RUN-ICPERF-4ec9b9/results.jsonl,in_repo_run,19,3,1,6,"S4 Weil descent, CNF-XOR",cryptominisat5,cnf_xor,5.11.15,Linux x86_64 4-CPU 15GB (cloud container),UNSAT,,7,0,median,138.673,104.4115,209.47545,92.66,260.3352,1650340,1048364.0,2244182.0,,no,,yes,
R0125,EV-ICPERF-390707,RUN-ICPERF-4ec9b9,main,b9083fb7ff,experiments/EXP-ICPERF-66fd51/runs/RUN-ICPERF-4ec9b9/results.jsonl,in_repo_run,19,3,1,6,"S4 Weil descent, CNF-XOR",cryptominisat5,cnf_xor,5.11.15,Linux x86_64 4-CPU 15GB (cloud container),censored,U,2,2,median,300.0,300.0,300.0,300.0,300.0,,,,,yes,300.0,yes,budget_stop_timeout: right-censored at timeout_s; label=U
R0126,EV-ICPERF-390707,RUN-ICPERF-4ec9b9,main,b9083fb7ff,experiments/EXP-ICPERF-66fd51/runs/RUN-ICPERF-4ec9b9/results.jsonl,in_repo_run,19,3,1,6,"S4 Weil descent, pure CNF",cryptominisat5,pure_cnf,5.11.15,Linux x86_64 4-CPU 15GB (cloud container),SAT,,5,0,median,21.3225,17.11,39.4698,0.0092,66.6694,230758,178033,472338,,no,,yes,SAT includes 1 twist-side root on n19l6-19-U (O-1)
R0127,EV-ICPERF-390707,RUN-ICPERF-4ec9b9,main,b9083fb7ff,experiments/EXP-ICPERF-66fd51/runs/RUN-ICPERF-4ec9b9/results.jsonl,in_repo_run,19,3,1,6,"S4 Weil descent, pure CNF",cryptominisat5,pure_cnf,5.11.15,Linux x86_64 4-CPU 15GB (cloud container),UNSAT,,5,0,median,197.0965,171.9609,197.3735,150.3835,220.3003,2161340,1774162,2276403,,no,,yes,
R0128,EV-ICPERF-390707,RUN-ICPERF-4ec9b9,main,b9083fb7ff,experiments/EXP-ICPERF-66fd51/runs/RUN-ICPERF-4ec9b9/results.jsonl,in_repo_run,19,3,1,6,S4 Weil descent (Trimoska ECICB-2024 shipped ANF/CNF/Magma),macaulay2_F4_ZZ2_fieldeqs,grevlex,,Linux x86_64 4-CPU 15GB,infrastructure,,3,,none,,,,,,,,,,n/a,,no,RLIMIT_AS abort + .m2 parse error (EV-ICPERF-390707 O-3/O-4): no cost information
R0129,EV-ICPERF-390707,RUN-ICPERF-4ec9b9,main,b9083fb7ff,experiments/EXP-ICPERF-66fd51/runs/RUN-ICPERF-4ec9b9/results.jsonl,in_repo_run,19,3,1,6,S4 Weil descent (Trimoska ECICB-2024 shipped ANF/CNF/Magma),macaulay2_F4_ZZ2_fieldeqs,grevlex,,Linux x86_64 4-CPU 15GB,infrastructure,,3,,none,,,,,,,,,,n/a,,no,RLIMIT_AS abort + .m2 parse error (EV-ICPERF-390707 O-3/O-4): no cost information
R0130,EV-ICPERF-390707,RUN-ICPERF-4ec9b9,main,b9083fb7ff,experiments/EXP-ICPERF-66fd51/runs/RUN-ICPERF-4ec9b9/results.jsonl,in_repo_run,19,3,1,6,"S4 Weil descent, pure CNF",minisat,pure_cnf,2.2,Linux x86_64 4-CPU 15GB (cloud container),SAT,,4,0,median,64.49155,37.813725,96.4755,0.0336,150.174,,,,,no,,yes,SAT includes 1 twist-side root on n19l6-19-U (O-1)
R0131,EV-ICPERF-390707,RUN-ICPERF-4ec9b9,main,b9083fb7ff,experiments/EXP-ICPERF-66fd51/runs/RUN-ICPERF-4ec9b9/results.jsonl,in_repo_run,19,3,1,6,"S4 Weil descent, pure CNF",minisat,pure_cnf,2.2,Linux x86_64 4-CPU 15GB (cloud container),UNSAT,,4,0,median,123.87445,105.2126,148.44195,87.1532,184.2183,,,,,no,,yes,
R0132,EV-ICPERF-390707,RUN-ICPERF-4ec9b9,main,b9083fb7ff,experiments/EXP-ICPERF-66fd51/runs/RUN-ICPERF-4ec9b9/results.jsonl,in_repo_run,19,3,1,6,"S4 Weil descent, pure CNF",minisat,pure_cnf,2.2,Linux x86_64 4-CPU 15GB (cloud container),censored,S,1,1,median,300.0,300.0,300.0,300.0,300.0,,,,,yes,300.0,yes,budget_stop_timeout: right-censored at timeout_s; label=S
R0133,EV-ICPERF-390707,RUN-ICPERF-4ec9b9,main,b9083fb7ff,experiments/EXP-ICPERF-66fd51/runs/RUN-ICPERF-4ec9b9/results.jsonl,in_repo_run,19,3,1,6,"S4 Weil descent, pure CNF",minisat,pure_cnf,2.2,Linux x86_64 4-CPU 15GB (cloud container),censored,U,1,1,median,300.0,300.0,300.0,300.0,300.0,,,,,yes,300.0,yes,budget_stop_timeout: right-censored at timeout_s; label=U
R0134,EV-ICPERF-390707,RUN-ICPERF-4ec9b9,main,b9083fb7ff,experiments/EXP-ICPERF-66fd51/runs/RUN-ICPERF-4ec9b9/results.jsonl,in_repo_run,19,3,1,6,"S4 Weil descent, ANF (WDSat)",wdsat,core_order,"WDSat (Trimoska 2024 src, rebuilt per sizing)",Linux x86_64 4-CPU 15GB (cloud container),SAT,,11,0,median,0.2658,0.0655,0.5919,0.0194,1.2192,38020,7089.0,73519.0,,no,,yes,SAT includes 1 twist-side root on n19l6-19-U (O-1)
R0135,EV-ICPERF-390707,RUN-ICPERF-4ec9b9,main,b9083fb7ff,experiments/EXP-ICPERF-66fd51/runs/RUN-ICPERF-4ec9b9/results.jsonl,in_repo_run,19,3,1,6,"S4 Weil descent, ANF (WDSat)",wdsat,core_order,"WDSat (Trimoska 2024 src, rebuilt per sizing)",Linux x86_64 4-CPU 15GB (cloud container),UNSAT,,9,0,median,2.3711,2.3214,2.3717,2.3205,2.3719,255317,255052,255958,,no,,yes,
R0136,EV-ICPERF-390707,RUN-ICPERF-4ec9b9,main,b9083fb7ff,experiments/EXP-ICPERF-66fd51/runs/RUN-ICPERF-4ec9b9/results.jsonl,in_repo_run,19,3,1,6,"S4 Weil descent, ANF (WDSat)",wdsat,default,"WDSat (Trimoska 2024 src, rebuilt per sizing)",Linux x86_64 4-CPU 15GB (cloud container),SAT,,11,0,median,0.266,0.0657,0.5921,0.0055,1.2192,38020,7089.0,73519.0,,no,,yes,SAT includes 1 twist-side root on n19l6-19-U (O-1)
R0137,EV-ICPERF-390707,RUN-ICPERF-4ec9b9,main,b9083fb7ff,experiments/EXP-ICPERF-66fd51/runs/RUN-ICPERF-4ec9b9/results.jsonl,in_repo_run,19,3,1,6,"S4 Weil descent, ANF (WDSat)",wdsat,default,"WDSat (Trimoska 2024 src, rebuilt per sizing)",Linux x86_64 4-CPU 15GB (cloud container),UNSAT,,9,0,median,2.3711,2.3708,2.4215,2.3214,2.4218,255317,255052,255958,,no,,yes,
R0138,EV-ICPERF-390707,RUN-ICPERF-4ec9b9,main,b9083fb7ff,experiments/EXP-ICPERF-66fd51/runs/RUN-ICPERF-4ec9b9/results.jsonl,in_repo_run,19,3,1,6,"S4 Weil descent, ANF (WDSat)",wdsat,default_on_null_object,"WDSat (Trimoska 2024 src, rebuilt per sizing)",Linux x86_64 4-CPU 15GB (cloud container),censored,null,6,6,median,180.0,180.0,180.0,180.0,180.0,,,,,yes,180.0,no,budget_stop_timeout: right-censored at timeout_s; label=null
R0139,EV-ICPERF-390707,RUN-ICPERF-4ec9b9,main,b9083fb7ff,experiments/EXP-ICPERF-66fd51/runs/RUN-ICPERF-4ec9b9/results.jsonl,in_repo_run,19,3,1,6,"S4 Weil descent, ANF (WDSat)",wdsat,gauss_elim,"WDSat (Trimoska 2024 src, rebuilt per sizing)",Linux x86_64 4-CPU 15GB (cloud container),SAT,,11,0,median,1.7192,0.2408,3.7009,0.0053,8.4373,22605,3030.0,46736.5,,no,,no,-x Gaussian elimination (P4: 4-7x slower); SAT includes 1 twist-side root on n19l6-19-U (O-1)
R0140,EV-ICPERF-390707,RUN-ICPERF-4ec9b9,main,b9083fb7ff,experiments/EXP-ICPERF-66fd51/runs/RUN-ICPERF-4ec9b9/results.jsonl,in_repo_run,19,3,1,6,"S4 Weil descent, ANF (WDSat)",wdsat,gauss_elim,"WDSat (Trimoska 2024 src, rebuilt per sizing)",Linux x86_64 4-CPU 15GB (cloud container),UNSAT,,9,0,median,16.5098,16.407,16.6069,16.3557,16.7569,191678,191369,191826,,no,,no,-x Gaussian elimination (P4: 4-7x slower)
R0141,EV-ICPERF-390707,RUN-ICPERF-4ec9b9,main,b9083fb7ff,experiments/EXP-ICPERF-66fd51/runs/RUN-ICPERF-4ec9b9/results.jsonl,in_repo_run,19,3,1,6,"S4 Weil descent, ANF (WDSat)",wdsat,noncore_first,"WDSat (Trimoska 2024 src, rebuilt per sizing)",Linux x86_64 4-CPU 15GB (cloud container),censored,S,5,5,median,120.0,120.0,120.0,120.0,120.0,,,,,yes,120.0,no,budget_stop_timeout: right-censored at timeout_s; label=S; deliberately bad branching order (P3b control)
R0142,EV-ICPERF-390707,RUN-ICPERF-4ec9b9,main,b9083fb7ff,experiments/EXP-ICPERF-66fd51/runs/RUN-ICPERF-4ec9b9/results.jsonl,in_repo_run,19,3,1,6,"S4 Weil descent, ANF (WDSat)",wdsat,noncore_first,"WDSat (Trimoska 2024 src, rebuilt per sizing)",Linux x86_64 4-CPU 15GB (cloud container),censored,U,5,5,median,120.0,120.0,120.0,120.0,120.0,,,,,yes,120.0,no,budget_stop_timeout: right-censored at timeout_s; label=U; deliberately bad branching order (P3b control)
R0143,EV-ICPERF-390707,RUN-ICPERF-4ec9b9,main,b9083fb7ff,experiments/EXP-ICPERF-66fd51/runs/RUN-ICPERF-4ec9b9/results.jsonl,in_repo_run,19,3,1,6,"S4 Weil descent, ANF (WDSat)",wdsat,symmetry,"WDSat (Trimoska 2024 src, rebuilt per sizing)",Linux x86_64 4-CPU 15GB (cloud container),SAT,,11,0,median,0.1155,0.0335,0.2413,0.0056,0.394,16607,3856.5,27728.0,,no,,yes,SAT includes 1 twist-side root on n19l6-19-U (O-1)
R0144,EV-ICPERF-390707,RUN-ICPERF-4ec9b9,main,b9083fb7ff,experiments/EXP-ICPERF-66fd51/runs/RUN-ICPERF-4ec9b9/results.jsonl,in_repo_run,19,3,1,6,"S4 Weil descent, ANF (WDSat)",wdsat,symmetry,"WDSat (Trimoska 2024 src, rebuilt per sizing)",Linux x86_64 4-CPU 15GB (cloud container),UNSAT,,9,0,median,0.4165,0.4164,0.4168,0.4164,0.4667,43951,43902,44050,,no,,yes,
R0145,EV-ICPERF-433fa5,RUN-ICPERF-a4a24b,main,10933c9461,experiments/EXP-ICPERF-e21835/runs/RUN-ICPERF-a4a24b/results_engine.jsonl,in_repo_run,15,3,1,5,"S4 Weil descent, Boolean ideal + field eqs","Macaulay2 F4 (ZZ/2, grevlex, field eqs)",repaired harness,1.22,Linux x86_64 4-CPU 15GB (cloud container),SAT,S,1,0,median,49.2118,49.2118,49.2118,49.2118,49.2118,,,,,no,,yes,instance n15l5-1-S; engine_cpu_s=46.5; peak RSS 6.6 GiB; threaded (cpu_s 166 > wall)
R0146,EV-ICPERF-390707,review TASK-20260915-195b0c (O-5),main,4548e89d0b,ledger/evidence/EV-ICPERF-390707.yaml,review_remeasurement,15,3,1,5,"S4 Weil descent, Boolean ideal + field eqs",Singular slimgb,same ring/options as harness std,4.3.2,Linux x86_64 4-CPU (same host class),SAT,S,1,0,single,167.4,,,,,,,,,no,,yes,"one n15l5 instance (not named in record; vdim=3, gb_size=43 => SAT side); std censored at 900 s on 4 instances"
R0147,EV-ICPERF-784b25,RUN-ICPERF-2f36fd,main,00c37fde99,experiments/EXP-ICPERF-783e9e/runs/RUN-ICPERF-2f36fd/raw-result.json,in_repo_run,8,2,1,4,"S_{m+1} Weil descent, Boolean (BRiAl), nvars=m*l",PolyBoRi groebner_basis,,Sage 10.9,Linux x86_64 4-CPU (cloud container),SAT,planted,1,0,median,0.0433,0.0433,0.0433,0.0433,0.0433,,,,,no,,yes,build_s=0.011; one target per cell; boolean degree 2
R0148,EV-ICPERF-784b25,RUN-ICPERF-2f36fd,main,00c37fde99,experiments/EXP-ICPERF-783e9e/runs/RUN-ICPERF-2f36fd/raw-result.json,in_repo_run,8,2,1,4,"S_{m+1} Weil descent, Boolean (BRiAl), nvars=m*l",PolyBoRi groebner_basis,,Sage 10.9,Linux x86_64 4-CPU (cloud container),SAT,random_target,1,0,median,0.0404,0.0404,0.0404,0.0404,0.0404,,,,,no,,yes,build_s=0.01; one target per cell; boolean degree 2
R0149,EV-ICPERF-784b25,RUN-ICPERF-2f36fd,main,00c37fde99,experiments/EXP-ICPERF-783e9e/runs/RUN-ICPERF-2f36fd/raw-result.json,in_repo_run,10,2,1,5,"S_{m+1} Weil descent, Boolean (BRiAl), nvars=m*l",PolyBoRi groebner_basis,,Sage 10.9,Linux x86_64 4-CPU (cloud container),SAT,planted,1,0,median,0.0222,0.0222,0.0222,0.0222,0.0222,,,,,no,,yes,build_s=0.011; one target per cell; boolean degree 2
R0150,EV-ICPERF-784b25,RUN-ICPERF-2f36fd,main,00c37fde99,experiments/EXP-ICPERF-783e9e/runs/RUN-ICPERF-2f36fd/raw-result.json,in_repo_run,10,2,1,5,"S_{m+1} Weil descent, Boolean (BRiAl), nvars=m*l",PolyBoRi groebner_basis,,Sage 10.9,Linux x86_64 4-CPU (cloud container),UNSAT,random_target,1,0,median,0.0154,0.0154,0.0154,0.0154,0.0154,,,,,no,,yes,build_s=0.011; one target per cell; boolean degree 2
R0151,EV-ICPERF-784b25,RUN-ICPERF-2f36fd,main,00c37fde99,experiments/EXP-ICPERF-783e9e/runs/RUN-ICPERF-2f36fd/raw-result.json,in_repo_run,12,2,1,6,"S_{m+1} Weil descent, Boolean (BRiAl), nvars=m*l",PolyBoRi groebner_basis,,Sage 10.9,Linux x86_64 4-CPU (cloud container),SAT,planted,1,0,median,0.028,0.028,0.028,0.028,0.028,,,,,no,,yes,build_s=0.013; one target per cell; boolean degree 2
R0152,EV-ICPERF-784b25,RUN-ICPERF-2f36fd,main,00c37fde99,experiments/EXP-ICPERF-783e9e/runs/RUN-ICPERF-2f36fd/raw-result.json,in_repo_run,12,2,1,6,"S_{m+1} Weil descent, Boolean (BRiAl), nvars=m*l",PolyBoRi groebner_basis,,Sage 10.9,Linux x86_64 4-CPU (cloud container),UNSAT,random_target,1,0,median,0.0263,0.0263,0.0263,0.0263,0.0263,,,,,no,,yes,build_s=0.011; one target per cell; boolean degree 2
R0153,EV-ICPERF-784b25,RUN-ICPERF-2f36fd,main,00c37fde99,experiments/EXP-ICPERF-783e9e/runs/RUN-ICPERF-2f36fd/raw-result.json,in_repo_run,14,2,1,7,"S_{m+1} Weil descent, Boolean (BRiAl), nvars=m*l",PolyBoRi groebner_basis,,Sage 10.9,Linux x86_64 4-CPU (cloud container),SAT,planted,1,0,median,0.039,0.039,0.039,0.039,0.039,,,,,no,,yes,build_s=0.011; one target per cell; boolean degree 2
R0154,EV-ICPERF-784b25,RUN-ICPERF-2f36fd,main,00c37fde99,experiments/EXP-ICPERF-783e9e/runs/RUN-ICPERF-2f36fd/raw-result.json,in_repo_run,14,2,1,7,"S_{m+1} Weil descent, Boolean (BRiAl), nvars=m*l",PolyBoRi groebner_basis,,Sage 10.9,Linux x86_64 4-CPU (cloud container),SAT,random_target,1,0,median,0.0395,0.0395,0.0395,0.0395,0.0395,,,,,no,,yes,build_s=0.012; one target per cell; boolean degree 2
R0155,EV-ICPERF-784b25,RUN-ICPERF-2f36fd,main,00c37fde99,experiments/EXP-ICPERF-783e9e/runs/RUN-ICPERF-2f36fd/raw-result.json,in_repo_run,16,2,1,8,"S_{m+1} Weil descent, Boolean (BRiAl), nvars=m*l",PolyBoRi groebner_basis,,Sage 10.9,Linux x86_64 4-CPU (cloud container),SAT,planted,1,0,median,0.0792,0.0792,0.0792,0.0792,0.0792,,,,,no,,yes,build_s=0.013; one target per cell; boolean degree 2
R0156,EV-ICPERF-784b25,RUN-ICPERF-2f36fd,main,00c37fde99,experiments/EXP-ICPERF-783e9e/runs/RUN-ICPERF-2f36fd/raw-result.json,in_repo_run,16,2,1,8,"S_{m+1} Weil descent, Boolean (BRiAl), nvars=m*l",PolyBoRi groebner_basis,,Sage 10.9,Linux x86_64 4-CPU (cloud container),UNSAT,random_target,1,0,median,0.1015,0.1015,0.1015,0.1015,0.1015,,,,,no,,yes,build_s=0.016; one target per cell; boolean degree 2
R0157,EV-ICPERF-784b25,RUN-ICPERF-2f36fd,main,00c37fde99,experiments/EXP-ICPERF-783e9e/runs/RUN-ICPERF-2f36fd/raw-result.json,in_repo_run,18,2,1,9,"S_{m+1} Weil descent, Boolean (BRiAl), nvars=m*l",PolyBoRi groebner_basis,,Sage 10.9,Linux x86_64 4-CPU (cloud container),SAT,planted,1,0,median,1.0762,1.0762,1.0762,1.0762,1.0762,,,,,no,,yes,build_s=0.02; one target per cell; boolean degree 2
R0158,EV-ICPERF-784b25,RUN-ICPERF-2f36fd,main,00c37fde99,experiments/EXP-ICPERF-783e9e/runs/RUN-ICPERF-2f36fd/raw-result.json,in_repo_run,18,2,1,9,"S_{m+1} Weil descent, Boolean (BRiAl), nvars=m*l",PolyBoRi groebner_basis,,Sage 10.9,Linux x86_64 4-CPU (cloud container),SAT,random_target,1,0,median,0.9739,0.9739,0.9739,0.9739,0.9739,,,,,no,,yes,build_s=0.014; one target per cell; boolean degree 2
R0159,EV-ICPERF-784b25,RUN-ICPERF-2f36fd,main,00c37fde99,experiments/EXP-ICPERF-783e9e/runs/RUN-ICPERF-2f36fd/raw-result.json,in_repo_run,20,2,1,10,"S_{m+1} Weil descent, Boolean (BRiAl), nvars=m*l",PolyBoRi groebner_basis,,Sage 10.9,Linux x86_64 4-CPU (cloud container),SAT,planted,1,0,median,2.4615,2.4615,2.4615,2.4615,2.4615,,,,,no,,yes,build_s=0.016; one target per cell; boolean degree 2
R0160,EV-ICPERF-784b25,RUN-ICPERF-2f36fd,main,00c37fde99,experiments/EXP-ICPERF-783e9e/runs/RUN-ICPERF-2f36fd/raw-result.json,in_repo_run,20,2,1,10,"S_{m+1} Weil descent, Boolean (BRiAl), nvars=m*l",PolyBoRi groebner_basis,,Sage 10.9,Linux x86_64 4-CPU (cloud container),UNSAT,random_target,1,0,median,2.0463,2.0463,2.0463,2.0463,2.0463,,,,,no,,yes,build_s=0.015; one target per cell; boolean degree 2
R0161,EV-ICPERF-784b25,RUN-ICPERF-2f36fd,main,00c37fde99,experiments/EXP-ICPERF-783e9e/runs/RUN-ICPERF-2f36fd/raw-result.json,in_repo_run,22,2,1,11,"S_{m+1} Weil descent, Boolean (BRiAl), nvars=m*l",PolyBoRi groebner_basis,,Sage 10.9,Linux x86_64 4-CPU (cloud container),SAT,planted,1,0,median,3.9479,3.9479,3.9479,3.9479,3.9479,,,,,no,,yes,build_s=0.017; one target per cell; boolean degree 2
R0162,EV-ICPERF-784b25,RUN-ICPERF-2f36fd,main,00c37fde99,experiments/EXP-ICPERF-783e9e/runs/RUN-ICPERF-2f36fd/raw-result.json,in_repo_run,22,2,1,11,"S_{m+1} Weil descent, Boolean (BRiAl), nvars=m*l",PolyBoRi groebner_basis,,Sage 10.9,Linux x86_64 4-CPU (cloud container),UNSAT,random_target,1,0,median,4.5652,4.5652,4.5652,4.5652,4.5652,,,,,no,,yes,build_s=0.017; one target per cell; boolean degree 2
R0163,EV-ICPERF-784b25,RUN-ICPERF-2f36fd,main,00c37fde99,experiments/EXP-ICPERF-783e9e/runs/RUN-ICPERF-2f36fd/raw-result.json,in_repo_run,24,2,1,12,"S_{m+1} Weil descent, Boolean (BRiAl), nvars=m*l",PolyBoRi groebner_basis,,Sage 10.9,Linux x86_64 4-CPU (cloud container),SAT,planted,1,0,median,7.7135,7.7135,7.7135,7.7135,7.7135,,,,,no,,yes,build_s=0.019; one target per cell; boolean degree 2
R0164,EV-ICPERF-784b25,RUN-ICPERF-2f36fd,main,00c37fde99,experiments/EXP-ICPERF-783e9e/runs/RUN-ICPERF-2f36fd/raw-result.json,in_repo_run,24,2,1,12,"S_{m+1} Weil descent, Boolean (BRiAl), nvars=m*l",PolyBoRi groebner_basis,,Sage 10.9,Linux x86_64 4-CPU (cloud container),UNSAT,random_target,1,0,median,7.642,7.642,7.642,7.642,7.642,,,,,no,,yes,build_s=0.02; one target per cell; boolean degree 2
R0165,EV-ICPERF-784b25,RUN-ICPERF-2f36fd,main,00c37fde99,experiments/EXP-ICPERF-783e9e/runs/RUN-ICPERF-2f36fd/raw-result.json,in_repo_run,26,2,1,13,"S_{m+1} Weil descent, Boolean (BRiAl), nvars=m*l",PolyBoRi groebner_basis,,Sage 10.9,Linux x86_64 4-CPU (cloud container),SAT,planted,1,0,median,16.3624,16.3624,16.3624,16.3624,16.3624,,,,,no,,yes,build_s=0.022; one target per cell; boolean degree 2
R0166,EV-ICPERF-784b25,RUN-ICPERF-2f36fd,main,00c37fde99,experiments/EXP-ICPERF-783e9e/runs/RUN-ICPERF-2f36fd/raw-result.json,in_repo_run,26,2,1,13,"S_{m+1} Weil descent, Boolean (BRiAl), nvars=m*l",PolyBoRi groebner_basis,,Sage 10.9,Linux x86_64 4-CPU (cloud container),SAT,random_target,1,0,median,16.2279,16.2279,16.2279,16.2279,16.2279,,,,,no,,yes,build_s=0.019; one target per cell; boolean degree 2
R0167,EV-ICPERF-784b25,RUN-ICPERF-2f36fd,main,00c37fde99,experiments/EXP-ICPERF-783e9e/runs/RUN-ICPERF-2f36fd/raw-result.json,in_repo_run,28,2,1,14,"S_{m+1} Weil descent, Boolean (BRiAl), nvars=m*l",PolyBoRi groebner_basis,,Sage 10.9,Linux x86_64 4-CPU (cloud container),SAT,planted,1,0,median,48.9866,48.9866,48.9866,48.9866,48.9866,,,,,no,,yes,build_s=0.023; one target per cell; boolean degree 2
R0168,EV-ICPERF-784b25,RUN-ICPERF-2f36fd,main,00c37fde99,experiments/EXP-ICPERF-783e9e/runs/RUN-ICPERF-2f36fd/raw-result.json,in_repo_run,28,2,1,14,"S_{m+1} Weil descent, Boolean (BRiAl), nvars=m*l",PolyBoRi groebner_basis,,Sage 10.9,Linux x86_64 4-CPU (cloud container),UNSAT,random_target,1,0,median,50.4586,50.4586,50.4586,50.4586,50.4586,,,,,no,,yes,build_s=0.031; one target per cell; boolean degree 2
R0169,EV-ICPERF-784b25,RUN-ICPERF-2f36fd,main,00c37fde99,experiments/EXP-ICPERF-783e9e/runs/RUN-ICPERF-2f36fd/raw-result.json,in_repo_run,30,2,1,15,"S_{m+1} Weil descent, Boolean (BRiAl), nvars=m*l",PolyBoRi groebner_basis,,Sage 10.9,Linux x86_64 4-CPU (cloud container),SAT,planted,1,0,median,112.2086,112.2086,112.2086,112.2086,112.2086,,,,,no,,yes,build_s=0.027; one target per cell; boolean degree 2
R0170,EV-ICPERF-784b25,RUN-ICPERF-2f36fd,main,00c37fde99,experiments/EXP-ICPERF-783e9e/runs/RUN-ICPERF-2f36fd/raw-result.json,in_repo_run,30,2,1,15,"S_{m+1} Weil descent, Boolean (BRiAl), nvars=m*l",PolyBoRi groebner_basis,,Sage 10.9,Linux x86_64 4-CPU (cloud container),SAT,random_target,1,0,median,115.5653,115.5653,115.5653,115.5653,115.5653,,,,,no,,yes,build_s=0.026; one target per cell; boolean degree 2
R0171,EV-ICPERF-784b25,RUN-ICPERF-2f36fd,main,00c37fde99,experiments/EXP-ICPERF-783e9e/runs/RUN-ICPERF-2f36fd/raw-result.json,in_repo_run,9,3,1,3,"S_{m+1} Weil descent, Boolean (BRiAl), nvars=m*l",PolyBoRi groebner_basis,,Sage 10.9,Linux x86_64 4-CPU (cloud container),SAT,planted,1,0,median,0.2765,0.2765,0.2765,0.2765,0.2765,,,,,no,,yes,build_s=0.02; one target per cell; boolean degree 6
R0172,EV-ICPERF-784b25,RUN-ICPERF-2f36fd,main,00c37fde99,experiments/EXP-ICPERF-783e9e/runs/RUN-ICPERF-2f36fd/raw-result.json,in_repo_run,9,3,1,3,"S_{m+1} Weil descent, Boolean (BRiAl), nvars=m*l",PolyBoRi groebner_basis,,Sage 10.9,Linux x86_64 4-CPU (cloud container),UNSAT,random_target,1,0,median,0.1651,0.1651,0.1651,0.1651,0.1651,,,,,no,,yes,build_s=0.019; one target per cell; boolean degree 6
R0173,EV-ICPERF-784b25,RUN-ICPERF-2f36fd,main,00c37fde99,experiments/EXP-ICPERF-783e9e/runs/RUN-ICPERF-2f36fd/raw-result.json,in_repo_run,12,3,1,4,"S_{m+1} Weil descent, Boolean (BRiAl), nvars=m*l",PolyBoRi groebner_basis,,Sage 10.9,Linux x86_64 4-CPU (cloud container),SAT,planted,1,0,median,2.0079,2.0079,2.0079,2.0079,2.0079,,,,,no,,yes,build_s=0.044; one target per cell; boolean degree 6
R0174,EV-ICPERF-784b25,RUN-ICPERF-2f36fd,main,00c37fde99,experiments/EXP-ICPERF-783e9e/runs/RUN-ICPERF-2f36fd/raw-result.json,in_repo_run,12,3,1,4,"S_{m+1} Weil descent, Boolean (BRiAl), nvars=m*l",PolyBoRi groebner_basis,,Sage 10.9,Linux x86_64 4-CPU (cloud container),UNSAT,random_target,1,0,median,1.5654,1.5654,1.5654,1.5654,1.5654,,,,,no,,yes,build_s=0.049; one target per cell; boolean degree 6
R0175,EV-ICPERF-784b25,RUN-ICPERF-2f36fd,main,00c37fde99,experiments/EXP-ICPERF-783e9e/runs/RUN-ICPERF-2f36fd/raw-result.json,in_repo_run,15,3,1,5,"S_{m+1} Weil descent, Boolean (BRiAl), nvars=m*l",PolyBoRi groebner_basis,,Sage 10.9,Linux x86_64 4-CPU (cloud container),censored,planted,1,1,median,180.1,180.1,180.1,180.1,180.1,,,,,yes,180.1,yes,"build_s=None; one target per cell; boolean degree None; 180 s cap, uncharacterised (not proven hard)"
R0176,EV-ICPERF-784b25,RUN-ICPERF-2f36fd,main,00c37fde99,experiments/EXP-ICPERF-783e9e/runs/RUN-ICPERF-2f36fd/raw-result.json,in_repo_run,15,3,1,5,"S_{m+1} Weil descent, Boolean (BRiAl), nvars=m*l",PolyBoRi groebner_basis,,Sage 10.9,Linux x86_64 4-CPU (cloud container),censored,random_target,1,1,median,180.1,180.1,180.1,180.1,180.1,,,,,yes,180.1,yes,"build_s=None; one target per cell; boolean degree None; 180 s cap, uncharacterised (not proven hard)"
R0177,EV-ICPERF-784b25,RUN-ICPERF-2f36fd,main,00c37fde99,experiments/EXP-ICPERF-783e9e/runs/RUN-ICPERF-2f36fd/raw-result.json,in_repo_run,8,4,1,2,"S_{m+1} Weil descent, Boolean (BRiAl)",PolyBoRi groebner_basis,,Sage 10.9,Linux x86_64 4-CPU (cloud container),not_run,,0,,none,,,,,,,,,,n/a,,no,factor base too small
R0178,EV-ICPERF-784b25,RUN-ICPERF-2f36fd,main,00c37fde99,experiments/EXP-ICPERF-783e9e/runs/RUN-ICPERF-2f36fd/raw-result.json,in_repo_run,12,4,1,3,"S_{m+1} Weil descent, Boolean (BRiAl), nvars=m*l",PolyBoRi groebner_basis,,Sage 10.9,Linux x86_64 4-CPU (cloud container),SAT,planted,1,0,median,20.2608,20.2608,20.2608,20.2608,20.2608,,,,,no,,yes,build_s=2.432; one target per cell; boolean degree 12
R0179,EV-ICPERF-784b25,RUN-ICPERF-2f36fd,main,00c37fde99,experiments/EXP-ICPERF-783e9e/runs/RUN-ICPERF-2f36fd/raw-result.json,in_repo_run,12,4,1,3,"S_{m+1} Weil descent, Boolean (BRiAl), nvars=m*l",PolyBoRi groebner_basis,,Sage 10.9,Linux x86_64 4-CPU (cloud container),UNSAT,random_target,1,0,median,10.7931,10.7931,10.7931,10.7931,10.7931,,,,,no,,yes,build_s=2.399; one target per cell; boolean degree 12
R0180,EV-ICPERF-784b25,RUN-ICPERF-2f36fd,main,00c37fde99,experiments/EXP-ICPERF-783e9e/runs/RUN-ICPERF-2f36fd/raw-result.json,in_repo_run,16,4,1,4,"S_{m+1} Weil descent, Boolean (BRiAl), nvars=m*l",PolyBoRi groebner_basis,,Sage 10.9,Linux x86_64 4-CPU (cloud container),censored,planted,1,1,median,180.2,180.2,180.2,180.2,180.2,,,,,yes,180.2,yes,"build_s=None; one target per cell; boolean degree None; 180 s cap, uncharacterised (not proven hard)"
R0181,EV-ICPERF-784b25,RUN-ICPERF-2f36fd,main,00c37fde99,experiments/EXP-ICPERF-783e9e/runs/RUN-ICPERF-2f36fd/raw-result.json,in_repo_run,16,4,1,4,"S_{m+1} Weil descent, Boolean (BRiAl), nvars=m*l",PolyBoRi groebner_basis,,Sage 10.9,Linux x86_64 4-CPU (cloud container),censored,random_target,1,1,median,180.1,180.1,180.1,180.1,180.1,,,,,yes,180.1,yes,"build_s=None; one target per cell; boolean degree None; 180 s cap, uncharacterised (not proven hard)"
R0182,EV-ICI-001,RUN-EXP-ICI-001-a,main,df595e8ac2,experiments/EXP-ICI-001/runs/RUN-EXP-ICI-001-a/raw.json,in_repo_run,10,3,3,4,"chained S_3 (t=3) Weil descent, Boolean",crossbred (guess k_fix bits + Sage GB per guess),"cost = 2^k_fix * median per-guess GB s, min over k_fix",Sage (ICI_run.sage),macOS 15.6 arm64 (Sage 10.9),SAT,planted,24,0,median,0.069024,0.045809,0.10641,0.019945,0.256247,,,,,no,,yes,primary; extrapolated FULL-enumeration cost (2^k_fix guesses) so it also prices an UNSAT attempt; 2/216 planted targets chain-inconsistent (O1)
R0183,EV-ICI-001,RUN-EXP-ICI-001-a,main,df595e8ac2,experiments/EXP-ICI-001/runs/RUN-EXP-ICI-001-a/raw.json,in_repo_run,12,3,3,4,"chained S_3 (t=3) Weil descent, Boolean",crossbred (guess k_fix bits + Sage GB per guess),"cost = 2^k_fix * median per-guess GB s, min over k_fix",Sage (ICI_run.sage),macOS 15.6 arm64 (Sage 10.9),SAT,planted,24,0,median,0.0684,0.029895,0.097299,0.020506,0.129221,,,,,no,,yes,primary; extrapolated FULL-enumeration cost (2^k_fix guesses) so it also prices an UNSAT attempt; 2/216 planted targets chain-inconsistent (O1)
R0184,EV-ICI-001,RUN-EXP-ICI-001-a,main,df595e8ac2,experiments/EXP-ICI-001/runs/RUN-EXP-ICI-001-a/raw.json,in_repo_run,14,3,3,5,"chained S_3 (t=3) Weil descent, Boolean",crossbred (guess k_fix bits + Sage GB per guess),"cost = 2^k_fix * median per-guess GB s, min over k_fix",Sage (ICI_run.sage),macOS 15.6 arm64 (Sage 10.9),SAT,planted,24,0,median,0.280303,0.226694,0.403401,0.049297,0.60095,,,,,no,,yes,primary; extrapolated FULL-enumeration cost (2^k_fix guesses) so it also prices an UNSAT attempt; 2/216 planted targets chain-inconsistent (O1)
R0185,EV-ICI-001,RUN-EXP-ICI-001-a,main,df595e8ac2,experiments/EXP-ICI-001/runs/RUN-EXP-ICI-001-a/raw.json,in_repo_run,16,3,3,6,"chained S_3 (t=3) Weil descent, Boolean",crossbred (guess k_fix bits + Sage GB per guess),"cost = 2^k_fix * median per-guess GB s, min over k_fix",Sage (ICI_run.sage),macOS 15.6 arm64 (Sage 10.9),SAT,planted,24,0,median,0.673622,0.250711,0.830233,0.134682,1.437599,,,,,no,,yes,primary; extrapolated FULL-enumeration cost (2^k_fix guesses) so it also prices an UNSAT attempt; 2/216 planted targets chain-inconsistent (O1)
R0186,EV-ICI-001,RUN-EXP-ICI-001-a,main,df595e8ac2,experiments/EXP-ICI-001/runs/RUN-EXP-ICI-001-a/raw.json,in_repo_run,18,3,3,6,"chained S_3 (t=3) Weil descent, Boolean",crossbred (guess k_fix bits + Sage GB per guess),"cost = 2^k_fix * median per-guess GB s, min over k_fix",Sage (ICI_run.sage),macOS 15.6 arm64 (Sage 10.9),SAT,planted,24,0,median,0.949982,0.578857,1.208721,0.338699,1.499969,,,,,no,,yes,primary; extrapolated FULL-enumeration cost (2^k_fix guesses) so it also prices an UNSAT attempt; 2/216 planted targets chain-inconsistent (O1)
R0187,EV-ICI-001,RUN-EXP-ICI-001-a,main,df595e8ac2,experiments/EXP-ICI-001/runs/RUN-EXP-ICI-001-a/raw.json,in_repo_run,20,3,3,7,"chained S_3 (t=3) Weil descent, Boolean",crossbred (guess k_fix bits + Sage GB per guess),"cost = 2^k_fix * median per-guess GB s, min over k_fix",Sage (ICI_run.sage),macOS 15.6 arm64 (Sage 10.9),SAT,planted,24,0,median,2.07465,1.503752,4.269783,0.709915,6.335014,,,,,no,,yes,primary; extrapolated FULL-enumeration cost (2^k_fix guesses) so it also prices an UNSAT attempt; 2/216 planted targets chain-inconsistent (O1)
R0188,EV-ICI-001,RUN-EXP-ICI-001-a,main,df595e8ac2,experiments/EXP-ICI-001/runs/RUN-EXP-ICI-001-a/raw.json,in_repo_run,22,3,3,8,"chained S_3 (t=3) Weil descent, Boolean",crossbred (guess k_fix bits + Sage GB per guess),"cost = 2^k_fix * median per-guess GB s, min over k_fix",Sage (ICI_run.sage),macOS 15.6 arm64 (Sage 10.9),SAT,planted,24,0,median,9.934998,7.032791,11.475954,4.332901,21.829025,,,,,no,,yes,primary; extrapolated FULL-enumeration cost (2^k_fix guesses) so it also prices an UNSAT attempt; 2/216 planted targets chain-inconsistent (O1)
R0189,EV-ICI-001,RUN-EXP-ICI-001-a,main,df595e8ac2,experiments/EXP-ICI-001/runs/RUN-EXP-ICI-001-a/raw.json,in_repo_run,24,3,3,8,"chained S_3 (t=3) Weil descent, Boolean",crossbred (guess k_fix bits + Sage GB per guess),"cost = 2^k_fix * median per-guess GB s, min over k_fix",Sage (ICI_run.sage),macOS 15.6 arm64 (Sage 10.9),SAT,planted,24,0,median,5.890564,4.231113,8.450386,1.952515,16.235001,,,,,no,,yes,primary; extrapolated FULL-enumeration cost (2^k_fix guesses) so it also prices an UNSAT attempt; 2/216 planted targets chain-inconsistent (O1)
R0190,EV-ICI-001,RUN-EXP-ICI-001-a,main,df595e8ac2,experiments/EXP-ICI-001/runs/RUN-EXP-ICI-001-a/raw.json,in_repo_run,26,3,3,9,"chained S_3 (t=3) Weil descent, Boolean",crossbred (guess k_fix bits + Sage GB per guess),"cost = 2^k_fix * median per-guess GB s, min over k_fix",Sage (ICI_run.sage),macOS 15.6 arm64 (Sage 10.9),SAT,planted,24,0,median,34.006531,26.349094,39.776184,9.00647,70.60495,,,,,no,,yes,primary; extrapolated FULL-enumeration cost (2^k_fix guesses) so it also prices an UNSAT attempt; 2/216 planted targets chain-inconsistent (O1)
R0191,EV-ICI-001,RUN-EXP-ICI-001-f,main,df595e8ac2,experiments/EXP-ICI-001/runs/RUN-EXP-ICI-001-f/raw.json,in_repo_run,10,3,3,4,"chained S_3 (t=3) Weil descent, Boolean",crossbred (guess k_fix bits + Sage GB per guess),"cost = 2^k_fix * median per-guess GB s, min over k_fix",Sage (ICI_run.sage),macOS 15.6 arm64 (Sage 10.9),SAT,planted,24,0,median,0.05768,0.02681,0.109365,0.018049,0.175983,,,,,no,,no,same-seed replicate; extrapolated FULL-enumeration cost (2^k_fix guesses) so it also prices an UNSAT attempt; 2/216 planted targets chain-inconsistent (O1)
R0192,EV-ICI-001,RUN-EXP-ICI-001-f,main,df595e8ac2,experiments/EXP-ICI-001/runs/RUN-EXP-ICI-001-f/raw.json,in_repo_run,12,3,3,4,"chained S_3 (t=3) Weil descent, Boolean",crossbred (guess k_fix bits + Sage GB per guess),"cost = 2^k_fix * median per-guess GB s, min over k_fix",Sage (ICI_run.sage),macOS 15.6 arm64 (Sage 10.9),SAT,planted,24,0,median,0.055572,0.042731,0.079112,0.015696,0.176764,,,,,no,,no,same-seed replicate; extrapolated FULL-enumeration cost (2^k_fix guesses) so it also prices an UNSAT attempt; 2/216 planted targets chain-inconsistent (O1)
R0193,EV-ICI-001,RUN-EXP-ICI-001-f,main,df595e8ac2,experiments/EXP-ICI-001/runs/RUN-EXP-ICI-001-f/raw.json,in_repo_run,14,3,3,5,"chained S_3 (t=3) Weil descent, Boolean",crossbred (guess k_fix bits + Sage GB per guess),"cost = 2^k_fix * median per-guess GB s, min over k_fix",Sage (ICI_run.sage),macOS 15.6 arm64 (Sage 10.9),SAT,planted,24,0,median,0.252483,0.165931,0.374029,0.051075,0.500721,,,,,no,,no,same-seed replicate; extrapolated FULL-enumeration cost (2^k_fix guesses) so it also prices an UNSAT attempt; 2/216 planted targets chain-inconsistent (O1)
R0194,EV-ICI-001,RUN-EXP-ICI-001-f,main,df595e8ac2,experiments/EXP-ICI-001/runs/RUN-EXP-ICI-001-f/raw.json,in_repo_run,16,3,3,6,"chained S_3 (t=3) Weil descent, Boolean",crossbred (guess k_fix bits + Sage GB per guess),"cost = 2^k_fix * median per-guess GB s, min over k_fix",Sage (ICI_run.sage),macOS 15.6 arm64 (Sage 10.9),SAT,planted,24,0,median,0.651564,0.254574,0.87044,0.127357,1.291542,,,,,no,,no,same-seed replicate; extrapolated FULL-enumeration cost (2^k_fix guesses) so it also prices an UNSAT attempt; 2/216 planted targets chain-inconsistent (O1)
R0195,EV-ICI-001,RUN-EXP-ICI-001-f,main,df595e8ac2,experiments/EXP-ICI-001/runs/RUN-EXP-ICI-001-f/raw.json,in_repo_run,18,3,3,6,"chained S_3 (t=3) Weil descent, Boolean",crossbred (guess k_fix bits + Sage GB per guess),"cost = 2^k_fix * median per-guess GB s, min over k_fix",Sage (ICI_run.sage),macOS 15.6 arm64 (Sage 10.9),SAT,planted,24,0,median,0.843468,0.571951,0.977709,0.302505,1.642548,,,,,no,,no,same-seed replicate; extrapolated FULL-enumeration cost (2^k_fix guesses) so it also prices an UNSAT attempt; 2/216 planted targets chain-inconsistent (O1)
R0196,EV-ICI-001,RUN-EXP-ICI-001-f,main,df595e8ac2,experiments/EXP-ICI-001/runs/RUN-EXP-ICI-001-f/raw.json,in_repo_run,20,3,3,7,"chained S_3 (t=3) Weil descent, Boolean",crossbred (guess k_fix bits + Sage GB per guess),"cost = 2^k_fix * median per-guess GB s, min over k_fix",Sage (ICI_run.sage),macOS 15.6 arm64 (Sage 10.9),SAT,planted,24,0,median,1.839478,1.287352,2.688641,0.620392,4.641235,,,,,no,,no,same-seed replicate; extrapolated FULL-enumeration cost (2^k_fix guesses) so it also prices an UNSAT attempt; 2/216 planted targets chain-inconsistent (O1)
R0197,EV-ICI-001,RUN-EXP-ICI-001-f,main,df595e8ac2,experiments/EXP-ICI-001/runs/RUN-EXP-ICI-001-f/raw.json,in_repo_run,22,3,3,8,"chained S_3 (t=3) Weil descent, Boolean",crossbred (guess k_fix bits + Sage GB per guess),"cost = 2^k_fix * median per-guess GB s, min over k_fix",Sage (ICI_run.sage),macOS 15.6 arm64 (Sage 10.9),SAT,planted,24,0,median,7.794342,4.506927,11.075146,2.630859,19.290909,,,,,no,,no,same-seed replicate; extrapolated FULL-enumeration cost (2^k_fix guesses) so it also prices an UNSAT attempt; 2/216 planted targets chain-inconsistent (O1)
R0198,EV-ICI-001,RUN-EXP-ICI-001-f,main,df595e8ac2,experiments/EXP-ICI-001/runs/RUN-EXP-ICI-001-f/raw.json,in_repo_run,24,3,3,8,"chained S_3 (t=3) Weil descent, Boolean",crossbred (guess k_fix bits + Sage GB per guess),"cost = 2^k_fix * median per-guess GB s, min over k_fix",Sage (ICI_run.sage),macOS 15.6 arm64 (Sage 10.9),SAT,planted,24,0,median,5.392982,3.996559,7.311958,1.539902,12.477356,,,,,no,,no,same-seed replicate; extrapolated FULL-enumeration cost (2^k_fix guesses) so it also prices an UNSAT attempt; 2/216 planted targets chain-inconsistent (O1)
R0199,EV-ICI-001,RUN-EXP-ICI-001-f,main,df595e8ac2,experiments/EXP-ICI-001/runs/RUN-EXP-ICI-001-f/raw.json,in_repo_run,26,3,3,9,"chained S_3 (t=3) Weil descent, Boolean",crossbred (guess k_fix bits + Sage GB per guess),"cost = 2^k_fix * median per-guess GB s, min over k_fix",Sage (ICI_run.sage),macOS 15.6 arm64 (Sage 10.9),SAT,planted,24,0,median,33.51091,22.250217,38.611954,8.723877,65.230835,,,,,no,,no,same-seed replicate; extrapolated FULL-enumeration cost (2^k_fix guesses) so it also prices an UNSAT attempt; 2/216 planted targets chain-inconsistent (O1)
R0200,EV-ICI-001,RUN-EXP-ICI-001-c,main,df595e8ac2,experiments/EXP-ICI-001/runs/RUN-EXP-ICI-001-c/raw.json,in_repo_run,8,4,4,2,"chained S_3 tree, t=4 meet-in-the-middle (two lists + quadratic junction)",MITM list-matching (combinatorial),,Sage (ICI_run.sage),macOS 15.6 arm64 (Sage 10.9),SAT,planted/random,24,0,median,0.009051,0.007626,0.011854,0.006079,0.01607,,,,2^5.0 work units,no,,yes,full enumeration: cost is target-independent (prices SAT and UNSAT alike); work=2^(2k+1) exactly
R0201,EV-ICI-001,RUN-EXP-ICI-001-c,main,df595e8ac2,experiments/EXP-ICI-001/runs/RUN-EXP-ICI-001-c/raw.json,in_repo_run,12,4,4,3,"chained S_3 tree, t=4 meet-in-the-middle (two lists + quadratic junction)",MITM list-matching (combinatorial),,Sage (ICI_run.sage),macOS 15.6 arm64 (Sage 10.9),SAT,planted/random,24,0,median,0.058392,0.049344,0.062861,0.036234,0.080687,,,,2^7.0 work units,no,,yes,full enumeration: cost is target-independent (prices SAT and UNSAT alike); work=2^(2k+1) exactly
R0202,EV-ICI-001,RUN-EXP-ICI-001-c,main,df595e8ac2,experiments/EXP-ICI-001/runs/RUN-EXP-ICI-001-c/raw.json,in_repo_run,16,4,4,4,"chained S_3 tree, t=4 meet-in-the-middle (two lists + quadratic junction)",MITM list-matching (combinatorial),,Sage (ICI_run.sage),macOS 15.6 arm64 (Sage 10.9),SAT,planted,24,0,median,0.25412,0.236276,0.289187,0.17332,0.337654,,,,2^9.0 work units,no,,yes,full enumeration: cost is target-independent (prices SAT and UNSAT alike); work=2^(2k+1) exactly
R0203,EV-ICI-001,RUN-EXP-ICI-001-c,main,df595e8ac2,experiments/EXP-ICI-001/runs/RUN-EXP-ICI-001-c/raw.json,in_repo_run,20,4,4,5,"chained S_3 tree, t=4 meet-in-the-middle (two lists + quadratic junction)",MITM list-matching (combinatorial),,Sage (ICI_run.sage),macOS 15.6 arm64 (Sage 10.9),SAT,planted,24,0,median,1.174913,1.102591,1.238923,0.982546,1.815953,,,,2^11.0 work units,no,,yes,full enumeration: cost is target-independent (prices SAT and UNSAT alike); work=2^(2k+1) exactly
R0204,EV-ICI-001,RUN-EXP-ICI-001-c,main,df595e8ac2,experiments/EXP-ICI-001/runs/RUN-EXP-ICI-001-c/raw.json,in_repo_run,24,4,4,6,"chained S_3 tree, t=4 meet-in-the-middle (two lists + quadratic junction)",MITM list-matching (combinatorial),,Sage (ICI_run.sage),macOS 15.6 arm64 (Sage 10.9),SAT,planted,24,0,median,6.278403,5.509209,6.448824,4.798185,6.673049,,,,2^13.0 work units,no,,yes,full enumeration: cost is target-independent (prices SAT and UNSAT alike); work=2^(2k+1) exactly
R0205,EV-ICI-001,RUN-EXP-ICI-001-c,main,df595e8ac2,experiments/EXP-ICI-001/runs/RUN-EXP-ICI-001-c/raw.json,in_repo_run,28,4,4,7,"chained S_3 tree, t=4 meet-in-the-middle (two lists + quadratic junction)",MITM list-matching (combinatorial),,Sage (ICI_run.sage),macOS 15.6 arm64 (Sage 10.9),SAT,planted,18,16,median,90.0,90.0,90.0,26.606282,90.0,,,,2^15.0 work units,yes,90.0,yes,full enumeration: cost is target-independent (prices SAT and UNSAT alike); work=2^(2k+1) exactly
R0206,EV-ALBIN-001 (EXP-ALBIN-007),RUN-ALBIN-007-import,main,bd8eda5ed5,experiments/EXP-ALBIN-007/runs/RUN-ALBIN-007-import/raw-result.json,in_repo_import,11,3,1,4,"S4 Weil descent, CNF + native XOR, lex symmetry breaking",CryptoMiniSat (pycryptosat),,pycryptosat (unpinned),autolab macOS (CPU-contended per result md),SAT,planted,1,0,median,0.02,0.02,0.02,0.02,0.02,,,,,no,,yes,single target; solve seconds only (descent excluded)
R0207,EV-ALBIN-001 (EXP-ALBIN-007),RUN-ALBIN-007-import,main,bd8eda5ed5,experiments/EXP-ALBIN-007/runs/RUN-ALBIN-007-import/raw-result.json,in_repo_import,13,3,1,4,"S4 Weil descent, CNF + native XOR, lex symmetry breaking",CryptoMiniSat (pycryptosat),,pycryptosat (unpinned),autolab macOS (CPU-contended per result md),SAT,planted,1,0,median,0.02,0.02,0.02,0.02,0.02,,,,,no,,yes,single target; solve seconds only (descent excluded)
R0208,EV-ALBIN-001 (EXP-ALBIN-007),RUN-ALBIN-007-import,main,bd8eda5ed5,experiments/EXP-ALBIN-007/runs/RUN-ALBIN-007-import/raw-result.json,in_repo_import,17,3,1,6,"S4 Weil descent, CNF + native XOR, lex symmetry breaking",CryptoMiniSat (pycryptosat),,pycryptosat (unpinned),autolab macOS (CPU-contended per result md),SAT,planted,1,0,median,30.3,30.3,30.3,30.3,30.3,,,,,no,,yes,single target; solve seconds only (descent excluded)
R0209,EV-ALBIN-001 (EXP-ALBIN-007),RUN-ALBIN-007-import,main,bd8eda5ed5,experiments/EXP-ALBIN-007/runs/RUN-ALBIN-007-import/raw-result.json,in_repo_import,19,3,1,6,"S4 Weil descent, CNF + native XOR, lex symmetry breaking",CryptoMiniSat (pycryptosat),,pycryptosat (unpinned),autolab macOS (CPU-contended per result md),SAT,planted,1,0,median,33.3,33.3,33.3,33.3,33.3,,,,,no,,yes,single target; solve seconds only (descent excluded)
R0210,EV-ALBIN-001 (EXP-ALBIN-007),RUN-ALBIN-007-import,main,bd8eda5ed5,experiments/EXP-ALBIN-007/runs/RUN-ALBIN-007-import/raw-result.json,in_repo_import,23,3,1,8,"S4 Weil descent, CNF + native XOR, lex symmetry breaking",CryptoMiniSat (pycryptosat),,pycryptosat (unpinned),autolab macOS (CPU-contended per result md),censored,planted,1,1,median,122.09,122.09,122.09,122.09,122.09,,,,,yes,122.09,yes,single target; solve seconds only (descent excluded); native time_limit 120 s => SOLVE_TIMEOUT (UNKNOWN)
R0211,EV-ALBIN-001 (EXP-ALBIN-007),RUN-ALBIN-007-import,main,bd8eda5ed5,experiments/EXP-ALBIN-007/runs/RUN-ALBIN-007-import/raw-result.json,in_repo_import,29,3,1,10,"S4 Weil descent, CNF + native XOR",CryptoMiniSat (pycryptosat),,,autolab macOS (CPU-contended per result md),not_reached,,1,,none,,,,,,,,,,n/a (solver never started),,no,descent 101.95 s hit outer cap before solve
R0212,EV-ALBIN-001 (EXP-ALBIN-007),RUN-ALBIN-007-import,main,bd8eda5ed5,experiments/EXP-ALBIN-007/runs/RUN-ALBIN-007-import/raw-result.json,in_repo_import,31,3,1,10,"S4 Weil descent, CNF + native XOR",CryptoMiniSat (pycryptosat),,,autolab macOS (CPU-contended per result md),not_reached,,1,,none,,,,,,,,,,n/a (solver never started),,no,descent 117.01 s hit outer cap before solve
R0213,EV-ALBIN-001 (EXP-ALBIN-004),RUN-ALBIN-004-import,main,bd8eda5ed5,experiments/EXP-ALBIN-004/runs/RUN-ALBIN-004-import/raw-result.json,in_repo_import,11,3,1,4,"S4 Weil descent, Boolean ideal (Sage)",Sage Groebner (engine unnamed),,,autolab macOS (CPU-contended per result md),SAT,planted,1,0,median,0.95,0.95,0.95,0.95,0.95,,,,,no,,yes,single target; solving degree 2
R0214,EV-ALBIN-001 (EXP-ALBIN-004),RUN-ALBIN-004-import,main,bd8eda5ed5,experiments/EXP-ALBIN-004/runs/RUN-ALBIN-004-import/raw-result.json,in_repo_import,13,3,1,4,"S4 Weil descent, Boolean ideal (Sage)",Sage Groebner (engine unnamed),,,autolab macOS (CPU-contended per result md),SAT,planted,1,0,median,1.46,1.46,1.46,1.46,1.46,,,,,no,,yes,single target; solving degree 2
R0215,EV-ALBIN-001 (EXP-ALBIN-004),RUN-ALBIN-004-import,main,bd8eda5ed5,experiments/EXP-ALBIN-004/runs/RUN-ALBIN-004-import/raw-result.json,in_repo_import,17,3,1,6,"S4 Weil descent, Boolean ideal (Sage)",Sage Groebner (engine unnamed),,,autolab macOS (CPU-contended per result md),censored,planted,1,1,median,240.0,240.0,240.0,240.0,240.0,,,,,yes,240.0,yes,single target; 240 s hard cap per cell
R0216,EV-ALBIN-001 (EXP-ALBIN-004),RUN-ALBIN-004-import,main,bd8eda5ed5,experiments/EXP-ALBIN-004/runs/RUN-ALBIN-004-import/raw-result.json,in_repo_import,19,3,1,6,"S4 Weil descent, Boolean ideal (Sage)",Sage Groebner (engine unnamed),,,autolab macOS (CPU-contended per result md),censored,planted,1,1,median,240.0,240.0,240.0,240.0,240.0,,,,,yes,240.0,yes,single target; 240 s hard cap per cell
R0217,EV-ALBIN-001 (EXP-ALBIN-004),RUN-ALBIN-004-import,main,bd8eda5ed5,experiments/EXP-ALBIN-004/runs/RUN-ALBIN-004-import/raw-result.json,in_repo_import,23,3,1,8,"S4 Weil descent, Boolean ideal (Sage)",Sage Groebner (engine unnamed),,,autolab macOS (CPU-contended per result md),censored,planted,1,1,median,240.0,240.0,240.0,240.0,240.0,,,,,yes,240.0,yes,single target; 240 s hard cap per cell
R0218,EV-ALBIN-001 (EXP-ALBIN-009),RUN-ALBIN-009-import,main,bd8eda5ed5,experiments/EXP-ALBIN-009/runs/RUN-ALBIN-009-import/raw-result.json,in_repo_import,11,3,1,4,"S_{m+1} evaluation-descent (Mobius), Boolean",msolve F4,,0.9.5,autolab macOS (CPU-contended per result md),SAT,planted,1,0,median,13.08,13.08,13.08,13.08,13.08,,,,,no,,yes,wall minus descent; single target
R0219,EV-ALBIN-001 (EXP-ALBIN-009),RUN-ALBIN-009-import,main,bd8eda5ed5,experiments/EXP-ALBIN-009/runs/RUN-ALBIN-009-import/raw-result.json,in_repo_import,11,4,1,3,"S_{m+1} evaluation-descent (Mobius), Boolean",msolve F4,,0.9.5,autolab macOS (CPU-contended per result md),SAT,planted,1,0,median,20.96,20.96,20.96,20.96,20.96,,,,,no,,yes,wall minus descent; single target
R0220,EV-ALBIN-001 (EXP-ALBIN-009),RUN-ALBIN-009-import,main,bd8eda5ed5,experiments/EXP-ALBIN-009/runs/RUN-ALBIN-009-import/raw-result.json,in_repo_import,17,4,1,4,"S_{m+1} evaluation-descent (Mobius), Boolean",msolve F4,,0.9.5,autolab macOS (CPU-contended per result md),censored,planted,1,1,median,153.16,153.16,153.16,153.16,153.16,,,,,yes,153.16,yes,wall minus descent; single target; msolve unfinished (matrix wall at degree 13)
R0221,EV-ALBIN-001 (EXP-ALBIN-010),RUN-ALBIN-010-import,main,bd8eda5ed5,experiments/EXP-ALBIN-010/runs/RUN-ALBIN-010-import/raw-result.json,in_repo_import,15,5,1,3,S_6 resultant evaluator + evaluation-descent,msolve F4,,0.9.5,autolab macOS (CPU-contended per result md),censored,planted,1,1,median,301.8,301.8,301.8,301.8,301.8,,,,,yes,301.79999999999995,no,unfinished; nvars=15 < m(m-1)=20 so degree truncated (confounded cell)
R0222,EV-SEMBIN-c6e9ad,RUN-SEMBIN-b6eb9f,main,0ca2d01d9c,experiments/EXP-SEMBIN-c2c312/runs/RUN-SEMBIN-b6eb9f/results-table.json,in_repo_run,12,6,6,2,"Semaev-2015 chained S_3 (eq.5), Boolean, B_mode=B_random",msolve F4,,msolve (pinned in run env),Linux x86_64 4-CPU 16GB (cloud container),SAT,B_random,1,0,median,86.0,86.0,86.0,86.0,86.0,,,,,no,,yes,status=completed; SAT = quotient_dimension>0
R0223,EV-SEMBIN-c6e9ad,RUN-SEMBIN-b6eb9f,main,0ca2d01d9c,experiments/EXP-SEMBIN-c2c312/runs/RUN-SEMBIN-b6eb9f/results-table.json,in_repo_run,12,6,6,2,"Semaev-2015 chained S_3 (eq.5), Boolean, B_mode=B_equals_1",msolve F4,,msolve (pinned in run env),Linux x86_64 4-CPU 16GB (cloud container),UNSAT,B_equals_1,9,0,median,7.0,6.2,19.3,0.2,24.0,,,,,no,,yes,status=completed; SAT = quotient_dimension>0
R0224,EV-SEMBIN-c6e9ad,RUN-SEMBIN-b6eb9f,main,0ca2d01d9c,experiments/EXP-SEMBIN-c2c312/runs/RUN-SEMBIN-b6eb9f/results-table.json,in_repo_run,12,6,6,2,"Semaev-2015 chained S_3 (eq.5), Boolean, B_mode=B_random",msolve F4,,msolve (pinned in run env),Linux x86_64 4-CPU 16GB (cloud container),UNSAT,B_random,4,0,median,14.7,6.3,57.35,6.3,160.1,,,,,no,,yes,status=completed; SAT = quotient_dimension>0
R0225,EV-SEMBIN-c6e9ad,RUN-SEMBIN-b6eb9f,main,0ca2d01d9c,experiments/EXP-SEMBIN-c2c312/runs/RUN-SEMBIN-b6eb9f/results-table.json,in_repo_run,12,6,6,2,"Semaev-2015 chained S_3 (eq.5), Boolean, B_mode=B_equals_1",msolve F4,,msolve (pinned in run env),Linux x86_64 4-CPU 16GB (cloud container),censored,B_equals_1,1,1,median,173.9,173.9,173.9,173.9,173.9,,,,,yes,173.9,yes,status=unreached_memory_cap; censored (cap)
R0226,EV-SEMBIN-c6e9ad,RUN-SEMBIN-b6eb9f,main,0ca2d01d9c,experiments/EXP-SEMBIN-c2c312/runs/RUN-SEMBIN-b6eb9f/results-table.json,in_repo_run,13,4,4,4,"Semaev-2015 chained S_3 (eq.5), Boolean, B_mode=B_equals_1",msolve F4,,msolve (pinned in run env),Linux x86_64 4-CPU 16GB (cloud container),SAT,B_equals_1,1,0,median,684.9,684.9,684.9,684.9,684.9,,,,,no,,yes,status=completed; SAT = quotient_dimension>0
R0227,EV-SEMBIN-c6e9ad,RUN-SEMBIN-b6eb9f,main,0ca2d01d9c,experiments/EXP-SEMBIN-c2c312/runs/RUN-SEMBIN-b6eb9f/results-table.json,in_repo_run,15,5,3,3,"Semaev-2015 chained S_3 (eq.5), Boolean, B_mode=B_equals_1",msolve F4,,msolve (pinned in run env),Linux x86_64 4-CPU 16GB (cloud container),UNSAT,B_equals_1,10,0,median,0.1,0.1,0.1,0.1,0.1,,,,,no,,no,"status=completed; SAT = quotient_dimension>0; t != m (window system), not a plain m-decomposition"
R0228,EV-SEMBIN-c6e9ad,RUN-SEMBIN-b6eb9f,main,0ca2d01d9c,experiments/EXP-SEMBIN-c2c312/runs/RUN-SEMBIN-b6eb9f/results-table.json,in_repo_run,15,5,3,3,"Semaev-2015 chained S_3 (eq.5), Boolean, B_mode=B_random",msolve F4,,msolve (pinned in run env),Linux x86_64 4-CPU 16GB (cloud container),UNSAT,B_random,10,0,median,0.1,0.1,0.1,0.1,0.1,,,,,no,,no,"status=completed; SAT = quotient_dimension>0; t != m (window system), not a plain m-decomposition"
R0229,EV-SEMBIN-c6e9ad,RUN-SEMBIN-b6eb9f,main,0ca2d01d9c,experiments/EXP-SEMBIN-c2c312/runs/RUN-SEMBIN-b6eb9f/results-table.json,in_repo_run,17,3,3,6,"Semaev-2015 chained S_3 (eq.5), Boolean, B_mode=B_equals_1",msolve F4,,msolve (pinned in run env),Linux x86_64 4-CPU 16GB (cloud container),SAT,B_equals_1,5,0,median,53.1,52.9,54.5,52.8,55.4,,,,,no,,yes,status=completed; SAT = quotient_dimension>0
R0230,EV-SEMBIN-c6e9ad,RUN-SEMBIN-b6eb9f,main,0ca2d01d9c,experiments/EXP-SEMBIN-c2c312/runs/RUN-SEMBIN-b6eb9f/results-table.json,in_repo_run,17,3,3,6,"Semaev-2015 chained S_3 (eq.5), Boolean, B_mode=B_equals_1",msolve F4,,msolve (pinned in run env),Linux x86_64 4-CPU 16GB (cloud container),UNSAT,B_equals_1,1,0,median,50.0,50.0,50.0,50.0,50.0,,,,,no,,yes,status=completed; SAT = quotient_dimension>0
R0231,EV-SEMBIN-c6e9ad,RUN-SEMBIN-b6eb9f,main,0ca2d01d9c,experiments/EXP-SEMBIN-c2c312/runs/RUN-SEMBIN-b6eb9f/results-table.json,in_repo_run,17,3,3,6,"Semaev-2015 chained S_3 (eq.5), Boolean, B_mode=B_random",msolve F4,,msolve (pinned in run env),Linux x86_64 4-CPU 16GB (cloud container),UNSAT,B_random,1,0,median,51.1,51.1,51.1,51.1,51.1,,,,,no,,yes,status=completed; SAT = quotient_dimension>0
R0232,EV-SEMBIN-c6e9ad,RUN-SEMBIN-b6eb9f,main,0ca2d01d9c,experiments/EXP-SEMBIN-c2c312/runs/RUN-SEMBIN-b6eb9f/results-table.json,in_repo_run,17,3,3,6,"Semaev-2015 chained S_3 (eq.5), Boolean, B_mode=None",msolve F4,,msolve (pinned in run env),Linux x86_64 4-CPU 16GB (cloud container),censored,None,1,1,median,3600.2,3600.2,3600.2,3600.2,3600.2,,,,,yes,3600.2,yes,status=unreached_wall_cap; censored (cap)
R0233,EV-SEMBIN-c6e9ad,RUN-SEMBIN-b6eb9f,main,0ca2d01d9c,experiments/EXP-SEMBIN-c2c312/runs/RUN-SEMBIN-b6eb9f/results-table.json,in_repo_run,17,3,3,7,"Semaev-2015 chained S_3 (eq.5), Boolean, B_mode=B_equals_1",msolve F4,,msolve (pinned in run env),Linux x86_64 4-CPU 16GB (cloud container),SAT,B_equals_1,1,0,median,825.9,825.9,825.9,825.9,825.9,,,,,no,,yes,status=completed; SAT = quotient_dimension>0
R0234,EV-SEMBIN-c6e9ad,RUN-SEMBIN-b6eb9f,main,0ca2d01d9c,experiments/EXP-SEMBIN-c2c312/runs/RUN-SEMBIN-b6eb9f/results-table.json,in_repo_run,19,3,3,7,"Semaev-2015 chained S_3 (eq.5), Boolean, B_mode=B_equals_1",msolve F4,,msolve (pinned in run env),Linux x86_64 4-CPU 16GB (cloud container),SAT,B_equals_1,1,0,median,906.1,906.1,906.1,906.1,906.1,,,,,no,,yes,status=completed; SAT = quotient_dimension>0
R0235,EV-SEMBIN-702d1d,RUN-SEMBIN-9bb990,main,cfea2ea963,experiments/EXP-SEMBIN-7e1371/runs/RUN-SEMBIN-9bb990/results-table.json,in_repo_run,12,6,6,2,"Semaev-2015 chained S_3 (eq.5), Boolean, B_mode=B_equals_1",msolve F4,,msolve (run env),Linux x86_64 4-CPU (cloud container),UNSAT,B_equals_1,1,0,median,6.807285,6.807285,6.807285,6.807285,6.807285,,,,,no,,yes,status=completed; instance ch_n12_m6_t6_k2_low_B_equ_s20260913101_d0
R0236,EV-SEMBIN-702d1d,RUN-SEMBIN-9bb990,main,cfea2ea963,experiments/EXP-SEMBIN-7e1371/runs/RUN-SEMBIN-9bb990/results-table.json,in_repo_run,13,4,4,4,"Semaev-2015 chained S_3 (eq.5), Boolean, B_mode=B_equals_1",msolve F4,,msolve (run env),Linux x86_64 4-CPU (cloud container),censored,B_equals_1,1,1,median,210.161092,210.161092,210.161092,210.161092,210.161092,,,,,yes,210.16109204292297,yes,status=unreached_memory_cap; instance ch_n13_m4_t4_k4_low_B_equ_s20260913103_d2
R0237,EV-SEMBIN-702d1d,RUN-SEMBIN-9bb990,main,cfea2ea963,experiments/EXP-SEMBIN-7e1371/runs/RUN-SEMBIN-9bb990/results-table.json,in_repo_run,17,3,3,6,"Semaev-2015 chained S_3 (eq.5), Boolean, B_mode=B_equals_1",msolve F4,,msolve (run env),Linux x86_64 4-CPU (cloud container),UNSAT,B_equals_1,1,0,median,63.32412,63.32412,63.32412,63.32412,63.32412,,,,,no,,yes,status=completed; instance ch_n17_m3_t3_k6_low_B_equ_s20260913101_d0
R0238,EV-SEMBIN-702d1d,RUN-SEMBIN-9bb990,main,cfea2ea963,experiments/EXP-SEMBIN-7e1371/runs/RUN-SEMBIN-9bb990/results-table.json,in_repo_run,17,3,3,6,"Semaev-2015 chained S_3 (eq.5), Boolean, B_mode=B_equals_1",msolve F4,,msolve (run env),Linux x86_64 4-CPU (cloud container),SAT,B_equals_1,1,0,median,58.337642,58.337642,58.337642,58.337642,58.337642,,,,,no,,yes,status=completed; instance ch_n17_m3_t3_k6_low_B_equ_s20260913101_d5
R0239,EV-SEMBIN-702d1d,RUN-SEMBIN-9bb990,main,cfea2ea963,experiments/EXP-SEMBIN-7e1371/runs/RUN-SEMBIN-9bb990/results-table.json,in_repo_run,19,3,3,7,"Semaev-2015 chained S_3 (eq.5), Boolean, B_mode=B_equals_1",msolve F4,,msolve (run env),Linux x86_64 4-CPU (cloud container),censored,B_equals_1,1,1,median,271.14406,271.14406,271.14406,271.14406,271.14406,,,,,yes,271.1440603733063,yes,status=unreached_memory_cap; instance ch_n19_m3_t3_k7_low_B_equ_s20260913105_d4
R0240,EV-CERTBIN-6c3e0a,RUN-CERTBIN-3b7e05,main,64cba9fe8c,experiments/EXP-CERTBIN-4e92d7/runs/RUN-CERTBIN-3b7e05/cell-summary.json,in_repo_run,17,2,1,9,"S_3 Weil descent (regime A, field eqs)","Macaulay matrix rank, degree D3 (M4RI)",curve,,Linux x86_64 4-CPU 16GB,MIXED,unsat 386 / sat 607,1000,0,mean (cell wall / N_targets),0.027545,,,,,,,,,no,,no,"m=2 only; capped-degree rank, not a full solve (M_4 leaves ~16% of UNSAT unrefuted; W_4 refutes all, EV-CERTBIN-4a9d2f)"
R0241,EV-CERTBIN-6c3e0a,RUN-CERTBIN-3b7e05,main,64cba9fe8c,experiments/EXP-CERTBIN-4e92d7/runs/RUN-CERTBIN-3b7e05/cell-summary.json,in_repo_run,17,2,1,9,"S_3 Weil descent (regime A, field eqs)","Macaulay matrix rank, degree D4 (M4RI)",curve,,Linux x86_64 4-CPU 16GB,MIXED,unsat 386 / sat 607,1000,0,mean (cell wall / N_targets),0.46013,,,,,,,,,no,,no,"m=2 only; capped-degree rank, not a full solve (M_4 leaves ~16% of UNSAT unrefuted; W_4 refutes all, EV-CERTBIN-4a9d2f)"
R0242,EXP-CERTBIN-3f06d1 (no EV on main),RUN-CERTBIN-6d92b5,main,4ea000546a,experiments/EXP-CERTBIN-3f06d1/runs/RUN-CERTBIN-6d92b5/cell-summary.json,in_repo_run,17,2,1,9,"S_3 Weil descent (regime A, field eqs)","Macaulay matrix rank, degree D3 (M4RI)",curve R1,,Linux x86_64 4-CPU 16GB,MIXED,unsat 379 / sat 618,1000,0,mean (cell wall / N_targets),0.012838,,,,,,,,,no,,no,"m=2 only; capped-degree rank, not a full solve (M_4 leaves ~16% of UNSAT unrefuted; W_4 refutes all, EV-CERTBIN-4a9d2f)"
R0243,EXP-CERTBIN-3f06d1 (no EV on main),RUN-CERTBIN-6d92b5,main,4ea000546a,experiments/EXP-CERTBIN-3f06d1/runs/RUN-CERTBIN-6d92b5/cell-summary.json,in_repo_run,17,2,1,9,"S_3 Weil descent (regime A, field eqs)","Macaulay matrix rank, degree D4 (M4RI)",curve R1,,Linux x86_64 4-CPU 16GB,MIXED,unsat 379 / sat 618,1000,0,mean (cell wall / N_targets),0.245238,,,,,,,,,no,,no,"m=2 only; capped-degree rank, not a full solve (M_4 leaves ~16% of UNSAT unrefuted; W_4 refutes all, EV-CERTBIN-4a9d2f)"
R0244,EXP-CERTBIN-3f06d1 (no EV on main),RUN-CERTBIN-6d92b5,main,4ea000546a,experiments/EXP-CERTBIN-3f06d1/runs/RUN-CERTBIN-6d92b5/cell-summary.json,in_repo_run,17,2,1,9,"S_3 Weil descent (regime A, field eqs)","Macaulay matrix rank, degree D3 (M4RI)",curve R2,,Linux x86_64 4-CPU 16GB,MIXED,unsat 308 / sat 687,1000,0,mean (cell wall / N_targets),0.014144,,,,,,,,,no,,no,"m=2 only; capped-degree rank, not a full solve (M_4 leaves ~16% of UNSAT unrefuted; W_4 refutes all, EV-CERTBIN-4a9d2f)"
R0245,EXP-CERTBIN-3f06d1 (no EV on main),RUN-CERTBIN-6d92b5,main,4ea000546a,experiments/EXP-CERTBIN-3f06d1/runs/RUN-CERTBIN-6d92b5/cell-summary.json,in_repo_run,17,2,1,9,"S_3 Weil descent (regime A, field eqs)","Macaulay matrix rank, degree D4 (M4RI)",curve R2,,Linux x86_64 4-CPU 16GB,MIXED,unsat 308 / sat 687,1000,0,mean (cell wall / N_targets),0.251109,,,,,,,,,no,,no,"m=2 only; capped-degree rank, not a full solve (M_4 leaves ~16% of UNSAT unrefuted; W_4 refutes all, EV-CERTBIN-4a9d2f)"
R0246,EXP-CERTBIN-3f06d1 (no EV on main),RUN-CERTBIN-6d92b5,main,4ea000546a,experiments/EXP-CERTBIN-3f06d1/runs/RUN-CERTBIN-6d92b5/cell-summary.json,in_repo_run,17,2,1,9,"S_3 Weil descent (regime A, field eqs)","Macaulay matrix rank, degree D3 (M4RI)",curve R3,,Linux x86_64 4-CPU 16GB,MIXED,unsat 409 / sat 587,1000,0,mean (cell wall / N_targets),0.013995,,,,,,,,,no,,no,"m=2 only; capped-degree rank, not a full solve (M_4 leaves ~16% of UNSAT unrefuted; W_4 refutes all, EV-CERTBIN-4a9d2f)"
R0247,EXP-CERTBIN-3f06d1 (no EV on main),RUN-CERTBIN-6d92b5,main,4ea000546a,experiments/EXP-CERTBIN-3f06d1/runs/RUN-CERTBIN-6d92b5/cell-summary.json,in_repo_run,17,2,1,9,"S_3 Weil descent (regime A, field eqs)","Macaulay matrix rank, degree D4 (M4RI)",curve R3,,Linux x86_64 4-CPU 16GB,MIXED,unsat 409 / sat 587,1000,0,mean (cell wall / N_targets),0.278976,,,,,,,,,no,,no,"m=2 only; capped-degree rank, not a full solve (M_4 leaves ~16% of UNSAT unrefuted; W_4 refutes all, EV-CERTBIN-4a9d2f)"
R0248,"KN-LIT-92b022 (ePrint 2019/313, AFRICACRYPT 2020)",,main,6afcf49e11,inputs/SATIC-TRIMOSKA-2019/paper_fulltext.md L751-794,literature_transcribed,17,3,1,6,"S4 Weil descent (Trimoska generator), Koblitz y^2+xy=x^3+x^2+1",Magma F4 (grevlex),,,Intel Xeon E5-2640 2.40GHz (authors' MatriCS platform),SAT,,10,0,mean (paper),207.22,,,,,,,,,no,,yes,"Table 2; reported, not reproduced"
R0249,"KN-LIT-92b022 (ePrint 2019/313, AFRICACRYPT 2020)",,main,6afcf49e11,inputs/SATIC-TRIMOSKA-2019/paper_fulltext.md L751-794,literature_transcribed,17,3,1,6,"S4 Weil descent (Trimoska generator), Koblitz y^2+xy=x^3+x^2+1",Magma F4 (grevlex),,,Intel Xeon E5-2640 2.40GHz (authors' MatriCS platform),UNSAT,,10,0,mean (paper),142.119,,,,,,,,,no,,yes,"Table 2; reported, not reproduced"
R0250,"KN-LIT-92b022 (ePrint 2019/313, AFRICACRYPT 2020)",,main,6afcf49e11,inputs/SATIC-TRIMOSKA-2019/paper_fulltext.md L751-794,literature_transcribed,19,3,1,6,"S4 Weil descent (Trimoska generator), Koblitz y^2+xy=x^3+x^2+1",Magma F4 (grevlex),,,Intel Xeon E5-2640 2.40GHz (authors' MatriCS platform),SAT,,10,0,mean (paper),215.187,,,,,,,,,no,,yes,"Table 2; reported, not reproduced"
R0251,"KN-LIT-92b022 (ePrint 2019/313, AFRICACRYPT 2020)",,main,6afcf49e11,inputs/SATIC-TRIMOSKA-2019/paper_fulltext.md L751-794,literature_transcribed,19,3,1,6,"S4 Weil descent (Trimoska generator), Koblitz y^2+xy=x^3+x^2+1",Magma F4 (grevlex),,,Intel Xeon E5-2640 2.40GHz (authors' MatriCS platform),UNSAT,,10,0,mean (paper),155.765,,,,,,,,,no,,yes,"Table 2; reported, not reproduced"
R0252,"KN-LIT-92b022 (ePrint 2019/313, AFRICACRYPT 2020)",,main,6afcf49e11,inputs/SATIC-TRIMOSKA-2019/paper_fulltext.md L751-794,literature_transcribed,19,3,1,7,"S4 Weil descent (Trimoska generator), Koblitz y^2+xy=x^3+x^2+1",Magma F4 (grevlex),,,Intel Xeon E5-2640 2.40GHz (authors' MatriCS platform),SAT,,10,0,mean (paper),3854.708,,,,,,,,,no,,yes,"Table 2; reported, not reproduced"
R0253,"KN-LIT-92b022 (ePrint 2019/313, AFRICACRYPT 2020)",,main,6afcf49e11,inputs/SATIC-TRIMOSKA-2019/paper_fulltext.md L751-794,literature_transcribed,19,3,1,7,"S4 Weil descent (Trimoska generator), Koblitz y^2+xy=x^3+x^2+1",Magma F4 (grevlex),,,Intel Xeon E5-2640 2.40GHz (authors' MatriCS platform),UNSAT,,10,0,mean (paper),2650.696,,,,,,,,,no,,yes,"Table 2; reported, not reproduced"
R0254,"KN-LIT-92b022 (ePrint 2019/313, AFRICACRYPT 2020)",,main,6afcf49e11,inputs/SATIC-TRIMOSKA-2019/paper_fulltext.md L751-794,literature_transcribed,23,3,1,7,"S4 Weil descent (Trimoska generator), Koblitz y^2+xy=x^3+x^2+1",Magma F4 (grevlex),,,Intel Xeon E5-2640 2.40GHz (authors' MatriCS platform),SAT,,10,0,mean (paper),3128.844,,,,,,,,,no,,yes,"Table 2; reported, not reproduced"
R0255,"KN-LIT-92b022 (ePrint 2019/313, AFRICACRYPT 2020)",,main,6afcf49e11,inputs/SATIC-TRIMOSKA-2019/paper_fulltext.md L751-794,literature_transcribed,23,3,1,7,"S4 Weil descent (Trimoska generator), Koblitz y^2+xy=x^3+x^2+1",Magma F4 (grevlex),,,Intel Xeon E5-2640 2.40GHz (authors' MatriCS platform),UNSAT,,10,0,mean (paper),2286.136,,,,,,,,,no,,yes,"Table 2; reported, not reproduced"
R0256,"KN-LIT-92b022 (ePrint 2019/313, AFRICACRYPT 2020)",,main,6afcf49e11,inputs/SATIC-TRIMOSKA-2019/paper_fulltext.md L751-794,literature_transcribed,23,3,1,8,"S4 Weil descent (Trimoska generator), Koblitz y^2+xy=x^3+x^2+1",Magma F4 (grevlex),,,Intel Xeon E5-2640 2.40GHz (authors' MatriCS platform),censored,SAT,10,10,mean (paper),,,,,,,,,,yes,,no,Table 2: >200GB memory limit
R0257,"KN-LIT-92b022 (ePrint 2019/313, AFRICACRYPT 2020)",,main,6afcf49e11,inputs/SATIC-TRIMOSKA-2019/paper_fulltext.md L751-794,literature_transcribed,23,3,1,8,"S4 Weil descent (Trimoska generator), Koblitz y^2+xy=x^3+x^2+1",Magma F4 (grevlex),,,Intel Xeon E5-2640 2.40GHz (authors' MatriCS platform),censored,UNSAT,10,10,mean (paper),,,,,,,,,,yes,,no,Table 2: >200GB memory limit
R0258,"KN-LIT-92b022 (ePrint 2019/313, AFRICACRYPT 2020)",,main,6afcf49e11,inputs/SATIC-TRIMOSKA-2019/paper_fulltext.md L751-794,literature_transcribed,26,3,1,8,"S4 Weil descent (Trimoska generator), Koblitz y^2+xy=x^3+x^2+1",Magma F4 (grevlex),,,Intel Xeon E5-2640 2.40GHz (authors' MatriCS platform),censored,SAT,10,10,mean (paper),,,,,,,,,,yes,,no,Table 2: >200GB memory limit
R0259,"KN-LIT-92b022 (ePrint 2019/313, AFRICACRYPT 2020)",,main,6afcf49e11,inputs/SATIC-TRIMOSKA-2019/paper_fulltext.md L751-794,literature_transcribed,26,3,1,8,"S4 Weil descent (Trimoska generator), Koblitz y^2+xy=x^3+x^2+1",Magma F4 (grevlex),,,Intel Xeon E5-2640 2.40GHz (authors' MatriCS platform),censored,UNSAT,10,10,mean (paper),,,,,,,,,,yes,,no,Table 2: >200GB memory limit
R0260,"KN-LIT-92b022 (ePrint 2019/313, AFRICACRYPT 2020)",,main,6afcf49e11,inputs/SATIC-TRIMOSKA-2019/paper_fulltext.md L751-794,literature_transcribed,17,3,1,6,"S4 Weil descent (Trimoska generator), Koblitz y^2+xy=x^3+x^2+1",MiniSat,CNF,,Intel Xeon E5-2640 2.40GHz (authors' MatriCS platform),SAT,,10,0,mean (paper),62.702,,,,,408189,,,,no,,yes,"Table 2; reported, not reproduced"
R0261,"KN-LIT-92b022 (ePrint 2019/313, AFRICACRYPT 2020)",,main,6afcf49e11,inputs/SATIC-TRIMOSKA-2019/paper_fulltext.md L751-794,literature_transcribed,17,3,1,6,"S4 Weil descent (Trimoska generator), Koblitz y^2+xy=x^3+x^2+1",MiniSat,CNF,,Intel Xeon E5-2640 2.40GHz (authors' MatriCS platform),UNSAT,,10,0,mean (paper),270.261,,,,,1463309,,,,no,,yes,"Table 2; reported, not reproduced"
R0262,"KN-LIT-92b022 (ePrint 2019/313, AFRICACRYPT 2020)",,main,6afcf49e11,inputs/SATIC-TRIMOSKA-2019/paper_fulltext.md L751-794,literature_transcribed,19,3,1,6,"S4 Weil descent (Trimoska generator), Koblitz y^2+xy=x^3+x^2+1",MiniSat,CNF,,Intel Xeon E5-2640 2.40GHz (authors' MatriCS platform),SAT,,10,0,mean (paper),229.055,,,,,1778377,,,,no,,yes,"Table 2; reported, not reproduced"
R0263,"KN-LIT-92b022 (ePrint 2019/313, AFRICACRYPT 2020)",,main,6afcf49e11,inputs/SATIC-TRIMOSKA-2019/paper_fulltext.md L751-794,literature_transcribed,19,3,1,6,"S4 Weil descent (Trimoska generator), Koblitz y^2+xy=x^3+x^2+1",MiniSat,CNF,,Intel Xeon E5-2640 2.40GHz (authors' MatriCS platform),UNSAT,,10,0,mean (paper),388.719,,,,,2439933,,,,no,,yes,"Table 2; reported, not reproduced"
R0264,"KN-LIT-92b022 (ePrint 2019/313, AFRICACRYPT 2020)",,main,6afcf49e11,inputs/SATIC-TRIMOSKA-2019/paper_fulltext.md L751-794,literature_transcribed,19,3,1,7,"S4 Weil descent (Trimoska generator), Koblitz y^2+xy=x^3+x^2+1",MiniSat,CNF,,Intel Xeon E5-2640 2.40GHz (authors' MatriCS platform),SAT,,10,0,mean (paper),406.918,,,,,1919565,,,,no,,yes,"Table 2; reported, not reproduced"
R0265,"KN-LIT-92b022 (ePrint 2019/313, AFRICACRYPT 2020)",,main,6afcf49e11,inputs/SATIC-TRIMOSKA-2019/paper_fulltext.md L751-794,literature_transcribed,19,3,1,7,"S4 Weil descent (Trimoska generator), Koblitz y^2+xy=x^3+x^2+1",MiniSat,CNF,,Intel Xeon E5-2640 2.40GHz (authors' MatriCS platform),UNSAT,,10,0,mean (paper),6777.431,,,,,25180492,,,,no,,yes,"Table 2; reported, not reproduced"
R0266,"KN-LIT-92b022 (ePrint 2019/313, AFRICACRYPT 2020)",,main,6afcf49e11,inputs/SATIC-TRIMOSKA-2019/paper_fulltext.md L751-794,literature_transcribed,23,3,1,7,"S4 Weil descent (Trimoska generator), Koblitz y^2+xy=x^3+x^2+1",MiniSat,CNF,,Intel Xeon E5-2640 2.40GHz (authors' MatriCS platform),SAT,,10,0,mean (paper),12945.613,,,,,61610582,,,,no,,yes,"Table 2; reported, not reproduced"
R0267,"KN-LIT-92b022 (ePrint 2019/313, AFRICACRYPT 2020)",,main,6afcf49e11,inputs/SATIC-TRIMOSKA-2019/paper_fulltext.md L751-794,literature_transcribed,23,3,1,7,"S4 Weil descent (Trimoska generator), Koblitz y^2+xy=x^3+x^2+1",MiniSat,CNF,,Intel Xeon E5-2640 2.40GHz (authors' MatriCS platform),UNSAT,,10,0,mean (paper),13260.586,,,,,59289671,,,,no,,yes,"Table 2; reported, not reproduced"
R0268,"KN-LIT-92b022 (ePrint 2019/313, AFRICACRYPT 2020)",,main,6afcf49e11,inputs/SATIC-TRIMOSKA-2019/paper_fulltext.md L751-794,literature_transcribed,23,3,1,8,"S4 Weil descent (Trimoska generator), Koblitz y^2+xy=x^3+x^2+1",MiniSat,CNF,,Intel Xeon E5-2640 2.40GHz (authors' MatriCS platform),SAT,,10,0,mean (paper),8027.974,,,,,63384411,,,,no,,yes,"Table 2; reported, not reproduced"
R0269,"KN-LIT-92b022 (ePrint 2019/313, AFRICACRYPT 2020)",,main,6afcf49e11,inputs/SATIC-TRIMOSKA-2019/paper_fulltext.md L751-794,literature_transcribed,23,3,1,8,"S4 Weil descent (Trimoska generator), Koblitz y^2+xy=x^3+x^2+1",MiniSat,CNF,,Intel Xeon E5-2640 2.40GHz (authors' MatriCS platform),censored,UNSAT,10,10,mean (paper),,,,,,,,,,yes,36000.0,no,Table 2: >10 hours timeout
R0270,"KN-LIT-92b022 (ePrint 2019/313, AFRICACRYPT 2020)",,main,6afcf49e11,inputs/SATIC-TRIMOSKA-2019/paper_fulltext.md L751-794,literature_transcribed,26,3,1,8,"S4 Weil descent (Trimoska generator), Koblitz y^2+xy=x^3+x^2+1",MiniSat,CNF,,Intel Xeon E5-2640 2.40GHz (authors' MatriCS platform),censored,SAT,10,10,mean (paper),,,,,,,,,,yes,36000.0,no,Table 2: >10 hours timeout
R0271,"KN-LIT-92b022 (ePrint 2019/313, AFRICACRYPT 2020)",,main,6afcf49e11,inputs/SATIC-TRIMOSKA-2019/paper_fulltext.md L751-794,literature_transcribed,26,3,1,8,"S4 Weil descent (Trimoska generator), Koblitz y^2+xy=x^3+x^2+1",MiniSat,CNF,,Intel Xeon E5-2640 2.40GHz (authors' MatriCS platform),censored,UNSAT,10,10,mean (paper),,,,,,,,,,yes,36000.0,no,Table 2: >10 hours timeout
R0272,"KN-LIT-92b022 (ePrint 2019/313, AFRICACRYPT 2020)",,main,6afcf49e11,inputs/SATIC-TRIMOSKA-2019/paper_fulltext.md L751-794,literature_transcribed,17,3,1,6,"S4 Weil descent (Trimoska generator), Koblitz y^2+xy=x^3+x^2+1",CryptoMiniSat,CNF-XOR + Prop.1 order,,Intel Xeon E5-2640 2.40GHz (authors' MatriCS platform),SAT,,10,0,mean (paper),15.673,,,,,61812,,,,no,,yes,"Table 2; reported, not reproduced"
R0273,"KN-LIT-92b022 (ePrint 2019/313, AFRICACRYPT 2020)",,main,6afcf49e11,inputs/SATIC-TRIMOSKA-2019/paper_fulltext.md L751-794,literature_transcribed,17,3,1,6,"S4 Weil descent (Trimoska generator), Koblitz y^2+xy=x^3+x^2+1",CryptoMiniSat,CNF-XOR + Prop.1 order,,Intel Xeon E5-2640 2.40GHz (authors' MatriCS platform),UNSAT,,10,0,mean (paper),62.396,,,,,260843,,,,no,,yes,"Table 2; reported, not reproduced"
R0274,"KN-LIT-92b022 (ePrint 2019/313, AFRICACRYPT 2020)",,main,6afcf49e11,inputs/SATIC-TRIMOSKA-2019/paper_fulltext.md L751-794,literature_transcribed,19,3,1,6,"S4 Weil descent (Trimoska generator), Koblitz y^2+xy=x^3+x^2+1",CryptoMiniSat,CNF-XOR + Prop.1 order,,Intel Xeon E5-2640 2.40GHz (authors' MatriCS platform),SAT,,10,0,mean (paper),14.128,,,,,53767,,,,no,,yes,"Table 2; reported, not reproduced"
R0275,"KN-LIT-92b022 (ePrint 2019/313, AFRICACRYPT 2020)",,main,6afcf49e11,inputs/SATIC-TRIMOSKA-2019/paper_fulltext.md L751-794,literature_transcribed,19,3,1,6,"S4 Weil descent (Trimoska generator), Koblitz y^2+xy=x^3+x^2+1",CryptoMiniSat,CNF-XOR + Prop.1 order,,Intel Xeon E5-2640 2.40GHz (authors' MatriCS platform),UNSAT,,10,0,mean (paper),64.563,,,,,259688,,,,no,,yes,"Table 2; reported, not reproduced"
R0276,"KN-LIT-92b022 (ePrint 2019/313, AFRICACRYPT 2020)",,main,6afcf49e11,inputs/SATIC-TRIMOSKA-2019/paper_fulltext.md L751-794,literature_transcribed,19,3,1,7,"S4 Weil descent (Trimoska generator), Koblitz y^2+xy=x^3+x^2+1",CryptoMiniSat,CNF-XOR + Prop.1 order,,Intel Xeon E5-2640 2.40GHz (authors' MatriCS platform),SAT,,10,0,mean (paper),176.463,,,,,484098,,,,no,,yes,"Table 2; reported, not reproduced"
R0277,"KN-LIT-92b022 (ePrint 2019/313, AFRICACRYPT 2020)",,main,6afcf49e11,inputs/SATIC-TRIMOSKA-2019/paper_fulltext.md L751-794,literature_transcribed,19,3,1,7,"S4 Weil descent (Trimoska generator), Koblitz y^2+xy=x^3+x^2+1",CryptoMiniSat,CNF-XOR + Prop.1 order,,Intel Xeon E5-2640 2.40GHz (authors' MatriCS platform),UNSAT,,10,0,mean (paper),843.367,,,,,2077747,,,,no,,yes,"Table 2; reported, not reproduced"
R0278,"KN-LIT-92b022 (ePrint 2019/313, AFRICACRYPT 2020)",,main,6afcf49e11,inputs/SATIC-TRIMOSKA-2019/paper_fulltext.md L751-794,literature_transcribed,23,3,1,7,"S4 Weil descent (Trimoska generator), Koblitz y^2+xy=x^3+x^2+1",CryptoMiniSat,CNF-XOR + Prop.1 order,,Intel Xeon E5-2640 2.40GHz (authors' MatriCS platform),SAT,,10,0,mean (paper),300.021,,,,,638152,,,,no,,yes,"Table 2; reported, not reproduced"
R0279,"KN-LIT-92b022 (ePrint 2019/313, AFRICACRYPT 2020)",,main,6afcf49e11,inputs/SATIC-TRIMOSKA-2019/paper_fulltext.md L751-794,literature_transcribed,23,3,1,7,"S4 Weil descent (Trimoska generator), Koblitz y^2+xy=x^3+x^2+1",CryptoMiniSat,CNF-XOR + Prop.1 order,,Intel Xeon E5-2640 2.40GHz (authors' MatriCS platform),UNSAT,,10,0,mean (paper),1012.412,,,,,2070190,,,,no,,yes,"Table 2; reported, not reproduced"
R0280,"KN-LIT-92b022 (ePrint 2019/313, AFRICACRYPT 2020)",,main,6afcf49e11,inputs/SATIC-TRIMOSKA-2019/paper_fulltext.md L751-794,literature_transcribed,23,3,1,8,"S4 Weil descent (Trimoska generator), Koblitz y^2+xy=x^3+x^2+1",CryptoMiniSat,CNF-XOR + Prop.1 order,,Intel Xeon E5-2640 2.40GHz (authors' MatriCS platform),SAT,,10,0,mean (paper),1700.949,,,,,2420937,,,,no,,yes,"Table 2; reported, not reproduced"
R0281,"KN-LIT-92b022 (ePrint 2019/313, AFRICACRYPT 2020)",,main,6afcf49e11,inputs/SATIC-TRIMOSKA-2019/paper_fulltext.md L751-794,literature_transcribed,23,3,1,8,"S4 Weil descent (Trimoska generator), Koblitz y^2+xy=x^3+x^2+1",CryptoMiniSat,CNF-XOR + Prop.1 order,,Intel Xeon E5-2640 2.40GHz (authors' MatriCS platform),UNSAT,,10,0,mean (paper),11959.938,,,,,16756106,,,,no,,yes,"Table 2; reported, not reproduced"
R0282,"KN-LIT-92b022 (ePrint 2019/313, AFRICACRYPT 2020)",,main,6afcf49e11,inputs/SATIC-TRIMOSKA-2019/paper_fulltext.md L751-794,literature_transcribed,26,3,1,8,"S4 Weil descent (Trimoska generator), Koblitz y^2+xy=x^3+x^2+1",CryptoMiniSat,CNF-XOR + Prop.1 order,,Intel Xeon E5-2640 2.40GHz (authors' MatriCS platform),SAT,,10,0,mean (paper),3000.831,,,,,4179236,,,,no,,yes,"Table 2; reported, not reproduced"
R0283,"KN-LIT-92b022 (ePrint 2019/313, AFRICACRYPT 2020)",,main,6afcf49e11,inputs/SATIC-TRIMOSKA-2019/paper_fulltext.md L751-794,literature_transcribed,26,3,1,8,"S4 Weil descent (Trimoska generator), Koblitz y^2+xy=x^3+x^2+1",CryptoMiniSat,CNF-XOR + Prop.1 order,,Intel Xeon E5-2640 2.40GHz (authors' MatriCS platform),UNSAT,,10,0,mean (paper),14412.193,,,,,16783213,,,,no,,yes,"Table 2; reported, not reproduced"
R0284,"KN-LIT-92b022 (ePrint 2019/313, AFRICACRYPT 2020)",,main,6afcf49e11,inputs/SATIC-TRIMOSKA-2019/paper_fulltext.md L751-794,literature_transcribed,17,3,1,6,"S4 Weil descent (Trimoska generator), Koblitz y^2+xy=x^3+x^2+1",WDSat,CNF-XOR + Prop.1 order (no symmetry breaking),,Intel Xeon E5-2640 2.40GHz (authors' MatriCS platform),SAT,,10,0,mean (paper),0.601,,,,,49117,,,,no,,yes,"Table 2; reported, not reproduced"
R0285,"KN-LIT-92b022 (ePrint 2019/313, AFRICACRYPT 2020)",,main,6afcf49e11,inputs/SATIC-TRIMOSKA-2019/paper_fulltext.md L751-794,literature_transcribed,17,3,1,6,"S4 Weil descent (Trimoska generator), Koblitz y^2+xy=x^3+x^2+1",WDSat,CNF-XOR + Prop.1 order (no symmetry breaking),,Intel Xeon E5-2640 2.40GHz (authors' MatriCS platform),UNSAT,,10,0,mean (paper),3.851,,,,,254686,,,,no,,yes,"Table 2; reported, not reproduced"
R0286,"KN-LIT-92b022 (ePrint 2019/313, AFRICACRYPT 2020)",,main,6afcf49e11,inputs/SATIC-TRIMOSKA-2019/paper_fulltext.md L751-794,literature_transcribed,19,3,1,6,"S4 Weil descent (Trimoska generator), Koblitz y^2+xy=x^3+x^2+1",WDSat,CNF-XOR + Prop.1 order (no symmetry breaking),,Intel Xeon E5-2640 2.40GHz (authors' MatriCS platform),SAT,,10,0,mean (paper),0.47,,,,,38137,,,,no,,yes,"Table 2; reported, not reproduced"
R0287,"KN-LIT-92b022 (ePrint 2019/313, AFRICACRYPT 2020)",,main,6afcf49e11,inputs/SATIC-TRIMOSKA-2019/paper_fulltext.md L751-794,literature_transcribed,19,3,1,6,"S4 Weil descent (Trimoska generator), Koblitz y^2+xy=x^3+x^2+1",WDSat,CNF-XOR + Prop.1 order (no symmetry breaking),,Intel Xeon E5-2640 2.40GHz (authors' MatriCS platform),UNSAT,,10,0,mean (paper),3.913,,,,,255491,,,,no,,yes,"Table 2; reported, not reproduced"
R0288,"KN-LIT-92b022 (ePrint 2019/313, AFRICACRYPT 2020)",,main,6afcf49e11,inputs/SATIC-TRIMOSKA-2019/paper_fulltext.md L751-794,literature_transcribed,19,3,1,7,"S4 Weil descent (Trimoska generator), Koblitz y^2+xy=x^3+x^2+1",WDSat,CNF-XOR + Prop.1 order (no symmetry breaking),,Intel Xeon E5-2640 2.40GHz (authors' MatriCS platform),SAT,,10,0,mean (paper),9.643,,,,,534867,,,,no,,yes,"Table 2; reported, not reproduced"
R0289,"KN-LIT-92b022 (ePrint 2019/313, AFRICACRYPT 2020)",,main,6afcf49e11,inputs/SATIC-TRIMOSKA-2019/paper_fulltext.md L751-794,literature_transcribed,19,3,1,7,"S4 Weil descent (Trimoska generator), Koblitz y^2+xy=x^3+x^2+1",WDSat,CNF-XOR + Prop.1 order (no symmetry breaking),,Intel Xeon E5-2640 2.40GHz (authors' MatriCS platform),UNSAT,,10,0,mean (paper),44.107,,,,,2073089,,,,no,,yes,"Table 2; reported, not reproduced"
R0290,"KN-LIT-92b022 (ePrint 2019/313, AFRICACRYPT 2020)",,main,6afcf49e11,inputs/SATIC-TRIMOSKA-2019/paper_fulltext.md L751-794,literature_transcribed,23,3,1,7,"S4 Weil descent (Trimoska generator), Koblitz y^2+xy=x^3+x^2+1",WDSat,CNF-XOR + Prop.1 order (no symmetry breaking),,Intel Xeon E5-2640 2.40GHz (authors' MatriCS platform),SAT,,10,0,mean (paper),9.303,,,,,477632,,,,no,,yes,"Table 2; reported, not reproduced"
R0291,"KN-LIT-92b022 (ePrint 2019/313, AFRICACRYPT 2020)",,main,6afcf49e11,inputs/SATIC-TRIMOSKA-2019/paper_fulltext.md L751-794,literature_transcribed,23,3,1,7,"S4 Weil descent (Trimoska generator), Koblitz y^2+xy=x^3+x^2+1",WDSat,CNF-XOR + Prop.1 order (no symmetry breaking),,Intel Xeon E5-2640 2.40GHz (authors' MatriCS platform),UNSAT,,10,0,mean (paper),47.347,,,,,2067168,,,,no,,yes,"Table 2; reported, not reproduced"
R0292,"KN-LIT-92b022 (ePrint 2019/313, AFRICACRYPT 2020)",,main,6afcf49e11,inputs/SATIC-TRIMOSKA-2019/paper_fulltext.md L751-794,literature_transcribed,23,3,1,8,"S4 Weil descent (Trimoska generator), Koblitz y^2+xy=x^3+x^2+1",WDSat,CNF-XOR + Prop.1 order (no symmetry breaking),,Intel Xeon E5-2640 2.40GHz (authors' MatriCS platform),SAT,,10,0,mean (paper),68.929,,,,,2646071,,,,no,,yes,"Table 2; reported, not reproduced"
R0293,"KN-LIT-92b022 (ePrint 2019/313, AFRICACRYPT 2020)",,main,6afcf49e11,inputs/SATIC-TRIMOSKA-2019/paper_fulltext.md L751-794,literature_transcribed,23,3,1,8,"S4 Weil descent (Trimoska generator), Koblitz y^2+xy=x^3+x^2+1",WDSat,CNF-XOR + Prop.1 order (no symmetry breaking),,Intel Xeon E5-2640 2.40GHz (authors' MatriCS platform),UNSAT,,10,0,mean (paper),525.057,,,,,16666331,,,,no,,yes,"Table 2; reported, not reproduced"
R0294,"KN-LIT-92b022 (ePrint 2019/313, AFRICACRYPT 2020)",,main,6afcf49e11,inputs/SATIC-TRIMOSKA-2019/paper_fulltext.md L751-794,literature_transcribed,26,3,1,8,"S4 Weil descent (Trimoska generator), Koblitz y^2+xy=x^3+x^2+1",WDSat,CNF-XOR + Prop.1 order (no symmetry breaking),,Intel Xeon E5-2640 2.40GHz (authors' MatriCS platform),SAT,,10,0,mean (paper),185.48,,,,,6261107,,,,no,,yes,"Table 2; reported, not reproduced"
R0295,"KN-LIT-92b022 (ePrint 2019/313, AFRICACRYPT 2020)",,main,6afcf49e11,inputs/SATIC-TRIMOSKA-2019/paper_fulltext.md L751-794,literature_transcribed,26,3,1,8,"S4 Weil descent (Trimoska generator), Koblitz y^2+xy=x^3+x^2+1",WDSat,CNF-XOR + Prop.1 order (no symmetry breaking),,Intel Xeon E5-2640 2.40GHz (authors' MatriCS platform),UNSAT,,10,0,mean (paper),533.607,,,,,16684378,,,,no,,yes,"Table 2; reported, not reproduced"
R0296,"KN-LIT-92b022 (ePrint 2019/313, AFRICACRYPT 2020)",,main,6afcf49e11,inputs/SATIC-TRIMOSKA-2019/paper_fulltext.md L821-842,literature_transcribed,17,3,1,6,"S4 Weil descent (Trimoska generator), Koblitz y^2+xy=x^3+x^2+1",WDSat,complete: Prop.1 order + m! symmetry breaking,,Intel Xeon E5-2640 2.40GHz (authors' MatriCS platform),SAT,,100,0,mean (paper),0.22,,,,,17792,,,,no,,yes,"Table 3; reported, not reproduced"
R0297,"KN-LIT-92b022 (ePrint 2019/313, AFRICACRYPT 2020)",,main,6afcf49e11,inputs/SATIC-TRIMOSKA-2019/paper_fulltext.md L821-842,literature_transcribed,17,3,1,6,"S4 Weil descent (Trimoska generator), Koblitz y^2+xy=x^3+x^2+1",WDSat,complete: Prop.1 order + m! symmetry breaking,,Intel Xeon E5-2640 2.40GHz (authors' MatriCS platform),UNSAT,,100,0,mean (paper),0.605,,,,,43875,,,,no,,yes,"Table 3; reported, not reproduced"
R0298,"KN-LIT-92b022 (ePrint 2019/313, AFRICACRYPT 2020)",,main,6afcf49e11,inputs/SATIC-TRIMOSKA-2019/paper_fulltext.md L821-842,literature_transcribed,19,3,1,6,"S4 Weil descent (Trimoska generator), Koblitz y^2+xy=x^3+x^2+1",WDSat,complete: Prop.1 order + m! symmetry breaking,,Intel Xeon E5-2640 2.40GHz (authors' MatriCS platform),SAT,,100,0,mean (paper),0.243,,,,,19166,,,,no,,yes,"Table 3; reported, not reproduced"
R0299,"KN-LIT-92b022 (ePrint 2019/313, AFRICACRYPT 2020)",,main,6afcf49e11,inputs/SATIC-TRIMOSKA-2019/paper_fulltext.md L821-842,literature_transcribed,19,3,1,6,"S4 Weil descent (Trimoska generator), Koblitz y^2+xy=x^3+x^2+1",WDSat,complete: Prop.1 order + m! symmetry breaking,,Intel Xeon E5-2640 2.40GHz (authors' MatriCS platform),UNSAT,,100,0,mean (paper),0.639,,,,,44034,,,,no,,yes,"Table 3; reported, not reproduced"
R0300,"KN-LIT-92b022 (ePrint 2019/313, AFRICACRYPT 2020)",,main,6afcf49e11,inputs/SATIC-TRIMOSKA-2019/paper_fulltext.md L821-842,literature_transcribed,19,3,1,7,"S4 Weil descent (Trimoska generator), Koblitz y^2+xy=x^3+x^2+1",WDSat,complete: Prop.1 order + m! symmetry breaking,,Intel Xeon E5-2640 2.40GHz (authors' MatriCS platform),SAT,,100,0,mean (paper),2.205,,,,,130062,,,,no,,yes,"Table 3; reported, not reproduced"
R0301,"KN-LIT-92b022 (ePrint 2019/313, AFRICACRYPT 2020)",,main,6afcf49e11,inputs/SATIC-TRIMOSKA-2019/paper_fulltext.md L821-842,literature_transcribed,19,3,1,7,"S4 Weil descent (Trimoska generator), Koblitz y^2+xy=x^3+x^2+1",WDSat,complete: Prop.1 order + m! symmetry breaking,,Intel Xeon E5-2640 2.40GHz (authors' MatriCS platform),UNSAT,,100,0,mean (paper),6.859,,,,,351353,,,,no,,yes,"Table 3; reported, not reproduced"
R0302,"KN-LIT-92b022 (ePrint 2019/313, AFRICACRYPT 2020)",,main,6afcf49e11,inputs/SATIC-TRIMOSKA-2019/paper_fulltext.md L821-842,literature_transcribed,23,3,1,7,"S4 Weil descent (Trimoska generator), Koblitz y^2+xy=x^3+x^2+1",WDSat,complete: Prop.1 order + m! symmetry breaking,,Intel Xeon E5-2640 2.40GHz (authors' MatriCS platform),SAT,,100,0,mean (paper),3.555,,,,,189940,,,,no,,yes,"Table 3; reported, not reproduced"
R0303,"KN-LIT-92b022 (ePrint 2019/313, AFRICACRYPT 2020)",,main,6afcf49e11,inputs/SATIC-TRIMOSKA-2019/paper_fulltext.md L821-842,literature_transcribed,23,3,1,7,"S4 Weil descent (Trimoska generator), Koblitz y^2+xy=x^3+x^2+1",WDSat,complete: Prop.1 order + m! symmetry breaking,,Intel Xeon E5-2640 2.40GHz (authors' MatriCS platform),UNSAT,,100,0,mean (paper),7.478,,,,,350257,,,,no,,yes,"Table 3; reported, not reproduced"
R0304,"KN-LIT-92b022 (ePrint 2019/313, AFRICACRYPT 2020)",,main,6afcf49e11,inputs/SATIC-TRIMOSKA-2019/paper_fulltext.md L821-842,literature_transcribed,23,3,1,8,"S4 Weil descent (Trimoska generator), Koblitz y^2+xy=x^3+x^2+1",WDSat,complete: Prop.1 order + m! symmetry breaking,,Intel Xeon E5-2640 2.40GHz (authors' MatriCS platform),SAT,,100,0,mean (paper),29.584,,,,,1145966,,,,no,,yes,"Table 3; reported, not reproduced"
R0305,"KN-LIT-92b022 (ePrint 2019/313, AFRICACRYPT 2020)",,main,6afcf49e11,inputs/SATIC-TRIMOSKA-2019/paper_fulltext.md L821-842,literature_transcribed,23,3,1,8,"S4 Weil descent (Trimoska generator), Koblitz y^2+xy=x^3+x^2+1",WDSat,complete: Prop.1 order + m! symmetry breaking,,Intel Xeon E5-2640 2.40GHz (authors' MatriCS platform),UNSAT,,100,0,mean (paper),81.767,,,,,2800335,,,,no,,yes,"Table 3; reported, not reproduced"
R0306,"KN-LIT-92b022 (ePrint 2019/313, AFRICACRYPT 2020)",,main,6afcf49e11,inputs/SATIC-TRIMOSKA-2019/paper_fulltext.md L821-842,literature_transcribed,26,3,1,8,"S4 Weil descent (Trimoska generator), Koblitz y^2+xy=x^3+x^2+1",WDSat,complete: Prop.1 order + m! symmetry breaking,,Intel Xeon E5-2640 2.40GHz (authors' MatriCS platform),SAT,,100,0,mean (paper),39.214,,,,,1426216,,,,no,,yes,"Table 3; reported, not reproduced"
R0307,"KN-LIT-92b022 (ePrint 2019/313, AFRICACRYPT 2020)",,main,6afcf49e11,inputs/SATIC-TRIMOSKA-2019/paper_fulltext.md L821-842,literature_transcribed,26,3,1,8,"S4 Weil descent (Trimoska generator), Koblitz y^2+xy=x^3+x^2+1",WDSat,complete: Prop.1 order + m! symmetry breaking,,Intel Xeon E5-2640 2.40GHz (authors' MatriCS platform),UNSAT,,100,0,mean (paper),85.822,,,,,2803580,,,,no,,yes,"Table 3; reported, not reproduced"
R0308,"KN-LIT-92b022 (ePrint 2019/313, AFRICACRYPT 2020)",,main,6afcf49e11,inputs/SATIC-TRIMOSKA-2019/paper_fulltext.md L821-842,literature_transcribed,37,3,1,9,"S4 Weil descent (Trimoska generator), Koblitz y^2+xy=x^3+x^2+1",WDSat,complete: Prop.1 order + m! symmetry breaking,,Intel Xeon E5-2640 2.40GHz (authors' MatriCS platform),SAT,,100,0,mean (paper),447,,,,,10557129,,,,no,,yes,"Table 3; reported, not reproduced"
R0309,"KN-LIT-92b022 (ePrint 2019/313, AFRICACRYPT 2020)",,main,6afcf49e11,inputs/SATIC-TRIMOSKA-2019/paper_fulltext.md L821-842,literature_transcribed,37,3,1,9,"S4 Weil descent (Trimoska generator), Koblitz y^2+xy=x^3+x^2+1",WDSat,complete: Prop.1 order + m! symmetry breaking,,Intel Xeon E5-2640 2.40GHz (authors' MatriCS platform),UNSAT,,100,0,mean (paper),1048,,,,,22396994,,,,no,,yes,"Table 3; reported, not reproduced"
R0310,"KN-LIT-92b022 (ePrint 2019/313, AFRICACRYPT 2020)",,main,6afcf49e11,inputs/SATIC-TRIMOSKA-2019/paper_fulltext.md L821-842,literature_transcribed,47,3,1,9,"S4 Weil descent (Trimoska generator), Koblitz y^2+xy=x^3+x^2+1",WDSat,complete: Prop.1 order + m! symmetry breaking,,Intel Xeon E5-2640 2.40GHz (authors' MatriCS platform),SAT,,100,0,mean (paper),609,,,,,12675174,,,,no,,yes,"Table 3; reported, not reproduced"
R0311,"KN-LIT-92b022 (ePrint 2019/313, AFRICACRYPT 2020)",,main,6afcf49e11,inputs/SATIC-TRIMOSKA-2019/paper_fulltext.md L821-842,literature_transcribed,47,3,1,9,"S4 Weil descent (Trimoska generator), Koblitz y^2+xy=x^3+x^2+1",WDSat,complete: Prop.1 order + m! symmetry breaking,,Intel Xeon E5-2640 2.40GHz (authors' MatriCS platform),UNSAT,,100,0,mean (paper),1167,,,,,22381494,,,,no,,yes,"Table 3; reported, not reproduced"
R0312,"KN-LIT-92b022 (ePrint 2019/313, AFRICACRYPT 2020)",,main,6afcf49e11,inputs/SATIC-TRIMOSKA-2019/paper_fulltext.md L821-842,literature_transcribed,59,3,1,9,"S4 Weil descent (Trimoska generator), Koblitz y^2+xy=x^3+x^2+1",WDSat,complete: Prop.1 order + m! symmetry breaking,,Intel Xeon E5-2640 2.40GHz (authors' MatriCS platform),SAT,,100,0,mean (paper),611,,,,,11297325,,,,no,,yes,"Table 3; reported, not reproduced"
R0313,"KN-LIT-92b022 (ePrint 2019/313, AFRICACRYPT 2020)",,main,6afcf49e11,inputs/SATIC-TRIMOSKA-2019/paper_fulltext.md L821-842,literature_transcribed,59,3,1,9,"S4 Weil descent (Trimoska generator), Koblitz y^2+xy=x^3+x^2+1",WDSat,complete: Prop.1 order + m! symmetry breaking,,Intel Xeon E5-2640 2.40GHz (authors' MatriCS platform),UNSAT,,100,0,mean (paper),1327,,,,,22390211,,,,no,,yes,"Table 3; reported, not reproduced"
R0314,"KN-LIT-92b022 (ePrint 2019/313, AFRICACRYPT 2020)",,main,6afcf49e11,inputs/SATIC-TRIMOSKA-2019/paper_fulltext.md L821-842,literature_transcribed,67,3,1,9,"S4 Weil descent (Trimoska generator), Koblitz y^2+xy=x^3+x^2+1",WDSat,complete: Prop.1 order + m! symmetry breaking,,Intel Xeon E5-2640 2.40GHz (authors' MatriCS platform),SAT,,100,0,mean (paper),677,,,,,11608420,,,,no,,yes,"Table 3; reported, not reproduced"
R0315,"KN-LIT-92b022 (ePrint 2019/313, AFRICACRYPT 2020)",,main,6afcf49e11,inputs/SATIC-TRIMOSKA-2019/paper_fulltext.md L821-842,literature_transcribed,67,3,1,9,"S4 Weil descent (Trimoska generator), Koblitz y^2+xy=x^3+x^2+1",WDSat,complete: Prop.1 order + m! symmetry breaking,,Intel Xeon E5-2640 2.40GHz (authors' MatriCS platform),UNSAT,,100,0,mean (paper),1430,,,,,22388053,,,,no,,yes,"Table 3; reported, not reproduced"
R0316,"KN-LIT-92b022 (ePrint 2019/313, AFRICACRYPT 2020)",,main,6afcf49e11,inputs/SATIC-TRIMOSKA-2019/paper_fulltext.md L821-842,literature_transcribed,47,3,1,10,"S4 Weil descent (Trimoska generator), Koblitz y^2+xy=x^3+x^2+1",WDSat,complete: Prop.1 order + m! symmetry breaking,,Intel Xeon E5-2640 2.40GHz (authors' MatriCS platform),SAT,,100,0,mean (paper),5847,,,,,95131900,,,,no,,yes,"Table 3; reported, not reproduced"
R0317,"KN-LIT-92b022 (ePrint 2019/313, AFRICACRYPT 2020)",,main,6afcf49e11,inputs/SATIC-TRIMOSKA-2019/paper_fulltext.md L821-842,literature_transcribed,47,3,1,10,"S4 Weil descent (Trimoska generator), Koblitz y^2+xy=x^3+x^2+1",WDSat,complete: Prop.1 order + m! symmetry breaking,,Intel Xeon E5-2640 2.40GHz (authors' MatriCS platform),UNSAT,,100,0,mean (paper),11963,,,,,179019409,,,,no,,yes,"Table 3; reported, not reproduced"
R0318,"KN-LIT-92b022 (ePrint 2019/313, AFRICACRYPT 2020)",,main,6afcf49e11,inputs/SATIC-TRIMOSKA-2019/paper_fulltext.md L821-842,literature_transcribed,59,3,1,10,"S4 Weil descent (Trimoska generator), Koblitz y^2+xy=x^3+x^2+1",WDSat,complete: Prop.1 order + m! symmetry breaking,,Intel Xeon E5-2640 2.40GHz (authors' MatriCS platform),SAT,,100,0,mean (paper),6849,,,,,97254458,,,,no,,yes,"Table 3; reported, not reproduced"
R0319,"KN-LIT-92b022 (ePrint 2019/313, AFRICACRYPT 2020)",,main,6afcf49e11,inputs/SATIC-TRIMOSKA-2019/paper_fulltext.md L821-842,literature_transcribed,59,3,1,10,"S4 Weil descent (Trimoska generator), Koblitz y^2+xy=x^3+x^2+1",WDSat,complete: Prop.1 order + m! symmetry breaking,,Intel Xeon E5-2640 2.40GHz (authors' MatriCS platform),UNSAT,,100,0,mean (paper),13649,,,,,179067171,,,,no,,yes,"Table 3; reported, not reproduced"
R0320,"KN-LIT-92b022 (ePrint 2019/313, AFRICACRYPT 2020)",,main,6afcf49e11,inputs/SATIC-TRIMOSKA-2019/paper_fulltext.md L821-842,literature_transcribed,67,3,1,10,"S4 Weil descent (Trimoska generator), Koblitz y^2+xy=x^3+x^2+1",WDSat,complete: Prop.1 order + m! symmetry breaking,,Intel Xeon E5-2640 2.40GHz (authors' MatriCS platform),SAT,,100,0,mean (paper),6530,,,,,88292215,,,,no,,yes,"Table 3; reported, not reproduced"
R0321,"KN-LIT-92b022 (ePrint 2019/313, AFRICACRYPT 2020)",,main,6afcf49e11,inputs/SATIC-TRIMOSKA-2019/paper_fulltext.md L821-842,literature_transcribed,67,3,1,10,"S4 Weil descent (Trimoska generator), Koblitz y^2+xy=x^3+x^2+1",WDSat,complete: Prop.1 order + m! symmetry breaking,,Intel Xeon E5-2640 2.40GHz (authors' MatriCS platform),UNSAT,,100,0,mean (paper),14555,,,,,179052277,,,,no,,yes,"Table 3; reported, not reproduced"
R0322,"KN-LIT-92b022 (ePrint 2019/313, AFRICACRYPT 2020)",,main,6afcf49e11,inputs/SATIC-TRIMOSKA-2019/paper_fulltext.md L821-842,literature_transcribed,79,3,1,10,"S4 Weil descent (Trimoska generator), Koblitz y^2+xy=x^3+x^2+1",WDSat,complete: Prop.1 order + m! symmetry breaking,,Intel Xeon E5-2640 2.40GHz (authors' MatriCS platform),SAT,,100,0,mean (paper),7221,,,,,86174432,,,,no,,yes,"Table 3; reported, not reproduced"
R0323,"KN-LIT-92b022 (ePrint 2019/313, AFRICACRYPT 2020)",,main,6afcf49e11,inputs/SATIC-TRIMOSKA-2019/paper_fulltext.md L821-842,literature_transcribed,79,3,1,10,"S4 Weil descent (Trimoska generator), Koblitz y^2+xy=x^3+x^2+1",WDSat,complete: Prop.1 order + m! symmetry breaking,,Intel Xeon E5-2640 2.40GHz (authors' MatriCS platform),UNSAT,,100,0,mean (paper),16294,,,,,179043408,,,,no,,yes,"Table 3; reported, not reproduced"
R0324,"KN-LIT-92b022 (ePrint 2019/313, AFRICACRYPT 2020)",,main,6afcf49e11,inputs/SATIC-TRIMOSKA-2019/paper_fulltext.md L821-842,literature_transcribed,59,3,1,11,"S4 Weil descent (Trimoska generator), Koblitz y^2+xy=x^3+x^2+1",WDSat,complete: Prop.1 order + m! symmetry breaking,,Intel Xeon E5-2640 2.40GHz (authors' MatriCS platform),SAT,,100,0,mean (paper),64162,,,,,727241718,,,,no,,yes,"Table 3; reported, not reproduced"
R0325,"KN-LIT-92b022 (ePrint 2019/313, AFRICACRYPT 2020)",,main,6afcf49e11,inputs/SATIC-TRIMOSKA-2019/paper_fulltext.md L821-842,literature_transcribed,59,3,1,11,"S4 Weil descent (Trimoska generator), Koblitz y^2+xy=x^3+x^2+1",WDSat,complete: Prop.1 order + m! symmetry breaking,,Intel Xeon E5-2640 2.40GHz (authors' MatriCS platform),UNSAT,,100,0,mean (paper),135801,,,,,1432191354,,,,no,,yes,"Table 3; reported, not reproduced"
R0326,"KN-LIT-92b022 (ePrint 2019/313, AFRICACRYPT 2020)",,main,6afcf49e11,inputs/SATIC-TRIMOSKA-2019/paper_fulltext.md L821-842,literature_transcribed,67,3,1,11,"S4 Weil descent (Trimoska generator), Koblitz y^2+xy=x^3+x^2+1",WDSat,complete: Prop.1 order + m! symmetry breaking,,Intel Xeon E5-2640 2.40GHz (authors' MatriCS platform),SAT,,100,0,mean (paper),70075,,,,,741222864,,,,no,,yes,"Table 3; reported, not reproduced"
R0327,"KN-LIT-92b022 (ePrint 2019/313, AFRICACRYPT 2020)",,main,6afcf49e11,inputs/SATIC-TRIMOSKA-2019/paper_fulltext.md L821-842,literature_transcribed,67,3,1,11,"S4 Weil descent (Trimoska generator), Koblitz y^2+xy=x^3+x^2+1",WDSat,complete: Prop.1 order + m! symmetry breaking,,Intel Xeon E5-2640 2.40GHz (authors' MatriCS platform),UNSAT,,100,0,mean (paper),145357,,,,,1432183842,,,,no,,yes,"Table 3; reported, not reproduced"
R0328,"KN-LIT-92b022 (ePrint 2019/313, AFRICACRYPT 2020)",,main,6afcf49e11,inputs/SATIC-TRIMOSKA-2019/paper_fulltext.md L821-842,literature_transcribed,79,3,1,11,"S4 Weil descent (Trimoska generator), Koblitz y^2+xy=x^3+x^2+1",WDSat,complete: Prop.1 order + m! symmetry breaking,,Intel Xeon E5-2640 2.40GHz (authors' MatriCS platform),SAT,,100,0,mean (paper),61370,,,,,599263451,,,,no,,yes,"Table 3; reported, not reproduced"
R0329,"KN-LIT-92b022 (ePrint 2019/313, AFRICACRYPT 2020)",,main,6afcf49e11,inputs/SATIC-TRIMOSKA-2019/paper_fulltext.md L821-842,literature_transcribed,79,3,1,11,"S4 Weil descent (Trimoska generator), Koblitz y^2+xy=x^3+x^2+1",WDSat,complete: Prop.1 order + m! symmetry breaking,,Intel Xeon E5-2640 2.40GHz (authors' MatriCS platform),UNSAT,,100,0,mean (paper),161388,,,,,1432120827,,,,no,,yes,"Table 3; reported, not reproduced"
R0330,"KN-LIT-92b022 (ePrint 2019/313, AFRICACRYPT 2020)",,main,6afcf49e11,inputs/SATIC-TRIMOSKA-2019/paper_fulltext.md L821-842,literature_transcribed,89,3,1,11,"S4 Weil descent (Trimoska generator), Koblitz y^2+xy=x^3+x^2+1",WDSat,complete: Prop.1 order + m! symmetry breaking,,Intel Xeon E5-2640 2.40GHz (authors' MatriCS platform),SAT,,100,0,mean (paper),85834,,,,,736610196,,,,no,,yes,"Table 3; reported, not reproduced"
R0331,"KN-LIT-92b022 (ePrint 2019/313, AFRICACRYPT 2020)",,main,6afcf49e11,inputs/SATIC-TRIMOSKA-2019/paper_fulltext.md L821-842,literature_transcribed,89,3,1,11,"S4 Weil descent (Trimoska generator), Koblitz y^2+xy=x^3+x^2+1",WDSat,complete: Prop.1 order + m! symmetry breaking,,Intel Xeon E5-2640 2.40GHz (authors' MatriCS platform),UNSAT,,100,0,mean (paper),175718,,,,,1432099666,,,,no,,yes,"Table 3; reported, not reproduced"
R0332,"KN-LIT-92b022 (ePrint 2019/313, AFRICACRYPT 2020)",,main,6afcf49e11,inputs/SATIC-TRIMOSKA-2019/paper_fulltext.md L915-972,literature_transcribed,17,3,1,6,"S4 Weil descent (Trimoska generator), Koblitz y^2+xy=x^3+x^2+1",CryptoMiniSat,"CNF-XOR, solver order",,Intel Xeon E5-2640 2.40GHz (authors' MatriCS platform),SAT,,10,0,mean (paper),133.983,,,,,775948,,,,no,,yes,"Table 4; reported, not reproduced"
R0333,"KN-LIT-92b022 (ePrint 2019/313, AFRICACRYPT 2020)",,main,6afcf49e11,inputs/SATIC-TRIMOSKA-2019/paper_fulltext.md L915-972,literature_transcribed,17,3,1,6,"S4 Weil descent (Trimoska generator), Koblitz y^2+xy=x^3+x^2+1",CryptoMiniSat,"CNF-XOR, solver order",,Intel Xeon E5-2640 2.40GHz (authors' MatriCS platform),UNSAT,,10,0,mean (paper),363.513,,,,,1709971,,,,no,,yes,"Table 4; reported, not reproduced"
R0334,"KN-LIT-92b022 (ePrint 2019/313, AFRICACRYPT 2020)",,main,6afcf49e11,inputs/SATIC-TRIMOSKA-2019/paper_fulltext.md L915-972,literature_transcribed,19,3,1,6,"S4 Weil descent (Trimoska generator), Koblitz y^2+xy=x^3+x^2+1",CryptoMiniSat,"CNF-XOR, solver order",,Intel Xeon E5-2640 2.40GHz (authors' MatriCS platform),SAT,,10,0,mean (paper),560.08,,,,,3396192,,,,no,,yes,"Table 4; reported, not reproduced"
R0335,"KN-LIT-92b022 (ePrint 2019/313, AFRICACRYPT 2020)",,main,6afcf49e11,inputs/SATIC-TRIMOSKA-2019/paper_fulltext.md L915-972,literature_transcribed,19,3,1,6,"S4 Weil descent (Trimoska generator), Koblitz y^2+xy=x^3+x^2+1",CryptoMiniSat,"CNF-XOR, solver order",,Intel Xeon E5-2640 2.40GHz (authors' MatriCS platform),UNSAT,,10,0,mean (paper),1172.74,,,,,5726372,,,,no,,yes,"Table 4; reported, not reproduced"
R0336,"KN-LIT-92b022 (ePrint 2019/313, AFRICACRYPT 2020)",,main,6afcf49e11,inputs/SATIC-TRIMOSKA-2019/paper_fulltext.md L915-972,literature_transcribed,19,3,1,7,"S4 Weil descent (Trimoska generator), Koblitz y^2+xy=x^3+x^2+1",CryptoMiniSat,"CNF-XOR, solver order",,Intel Xeon E5-2640 2.40GHz (authors' MatriCS platform),SAT,,10,0,mean (paper),1210.612,,,,,5713259,,,,no,,yes,"Table 4; reported, not reproduced"
R0337,"KN-LIT-92b022 (ePrint 2019/313, AFRICACRYPT 2020)",,main,6afcf49e11,inputs/SATIC-TRIMOSKA-2019/paper_fulltext.md L915-972,literature_transcribed,19,3,1,7,"S4 Weil descent (Trimoska generator), Koblitz y^2+xy=x^3+x^2+1",CryptoMiniSat,"CNF-XOR, solver order",,Intel Xeon E5-2640 2.40GHz (authors' MatriCS platform),UNSAT,,10,0,mean (paper),10258.351,,,,,26079224,,,,no,,yes,"Table 4; reported, not reproduced"
R0338,"KN-LIT-92b022 (ePrint 2019/313, AFRICACRYPT 2020)",,main,6afcf49e11,inputs/SATIC-TRIMOSKA-2019/paper_fulltext.md L915-972,literature_transcribed,23,3,1,7,"S4 Weil descent (Trimoska generator), Koblitz y^2+xy=x^3+x^2+1",CryptoMiniSat,"CNF-XOR, solver order",,Intel Xeon E5-2640 2.40GHz (authors' MatriCS platform),SAT,,10,0,mean (paper),3637.032,,,,,12159752,,,,no,,yes,"Table 4; reported, not reproduced"
R0339,"KN-LIT-92b022 (ePrint 2019/313, AFRICACRYPT 2020)",,main,6afcf49e11,inputs/SATIC-TRIMOSKA-2019/paper_fulltext.md L915-972,literature_transcribed,23,3,1,7,"S4 Weil descent (Trimoska generator), Koblitz y^2+xy=x^3+x^2+1",CryptoMiniSat,"CNF-XOR, solver order",,Intel Xeon E5-2640 2.40GHz (authors' MatriCS platform),UNSAT,,10,0,mean (paper),19857.454,,,,,47086152,,,,no,,yes,"Table 4; reported, not reproduced"
R0340,"KN-LIT-92b022 (ePrint 2019/313, AFRICACRYPT 2020)",,main,6afcf49e11,inputs/SATIC-TRIMOSKA-2019/paper_fulltext.md L915-972,literature_transcribed,23,3,1,8,"S4 Weil descent (Trimoska generator), Koblitz y^2+xy=x^3+x^2+1",CryptoMiniSat,"CNF-XOR, solver order",,Intel Xeon E5-2640 2.40GHz (authors' MatriCS platform),SAT,,10,0,mean (paper),9846.554,,,,,18509058,,,,no,,yes,"Table 4; reported, not reproduced"
R0341,"KN-LIT-92b022 (ePrint 2019/313, AFRICACRYPT 2020)",,main,6afcf49e11,inputs/SATIC-TRIMOSKA-2019/paper_fulltext.md L915-972,literature_transcribed,23,3,1,8,"S4 Weil descent (Trimoska generator), Koblitz y^2+xy=x^3+x^2+1",CryptoMiniSat,"CNF-XOR, solver order",,Intel Xeon E5-2640 2.40GHz (authors' MatriCS platform),censored,UNSAT,10,10,mean (paper),,,,,,,,,,yes,36000.0,no,Table 4: >10 hours timeout
R0342,"KN-LIT-92b022 (ePrint 2019/313, AFRICACRYPT 2020)",,main,6afcf49e11,inputs/SATIC-TRIMOSKA-2019/paper_fulltext.md L915-972,literature_transcribed,26,3,1,8,"S4 Weil descent (Trimoska generator), Koblitz y^2+xy=x^3+x^2+1",CryptoMiniSat,"CNF-XOR, solver order",,Intel Xeon E5-2640 2.40GHz (authors' MatriCS platform),SAT,,10,0,mean (paper),6905.477,,,,,13269631,,,,no,,yes,"Table 4; reported, not reproduced"
R0343,"KN-LIT-92b022 (ePrint 2019/313, AFRICACRYPT 2020)",,main,6afcf49e11,inputs/SATIC-TRIMOSKA-2019/paper_fulltext.md L915-972,literature_transcribed,26,3,1,8,"S4 Weil descent (Trimoska generator), Koblitz y^2+xy=x^3+x^2+1",CryptoMiniSat,"CNF-XOR, solver order",,Intel Xeon E5-2640 2.40GHz (authors' MatriCS platform),censored,UNSAT,10,10,mean (paper),,,,,,,,,,yes,36000.0,no,Table 4: >10 hours timeout
R0344,"KN-LIT-92b022 (ePrint 2019/313, AFRICACRYPT 2020)",,main,6afcf49e11,inputs/SATIC-TRIMOSKA-2019/paper_fulltext.md L915-972,literature_transcribed,17,3,1,6,"S4 Weil descent (Trimoska generator), Koblitz y^2+xy=x^3+x^2+1",WDSat,Prop.1 + Gaussian elimination (WDSatGE),,Intel Xeon E5-2640 2.40GHz (authors' MatriCS platform),SAT,,10,0,mean (paper),9.193,,,,,48178,,,,no,,yes,"Table 4; reported, not reproduced"
R0345,"KN-LIT-92b022 (ePrint 2019/313, AFRICACRYPT 2020)",,main,6afcf49e11,inputs/SATIC-TRIMOSKA-2019/paper_fulltext.md L915-972,literature_transcribed,17,3,1,6,"S4 Weil descent (Trimoska generator), Koblitz y^2+xy=x^3+x^2+1",WDSat,Prop.1 + Gaussian elimination (WDSatGE),,Intel Xeon E5-2640 2.40GHz (authors' MatriCS platform),UNSAT,,10,0,mean (paper),56.718,,,,,253123,,,,no,,yes,"Table 4; reported, not reproduced"
R0346,"KN-LIT-92b022 (ePrint 2019/313, AFRICACRYPT 2020)",,main,6afcf49e11,inputs/SATIC-TRIMOSKA-2019/paper_fulltext.md L915-972,literature_transcribed,19,3,1,6,"S4 Weil descent (Trimoska generator), Koblitz y^2+xy=x^3+x^2+1",WDSat,Prop.1 + Gaussian elimination (WDSatGE),,Intel Xeon E5-2640 2.40GHz (authors' MatriCS platform),SAT,,10,0,mean (paper),7.041,,,,,36835,,,,no,,yes,"Table 4; reported, not reproduced"
R0347,"KN-LIT-92b022 (ePrint 2019/313, AFRICACRYPT 2020)",,main,6afcf49e11,inputs/SATIC-TRIMOSKA-2019/paper_fulltext.md L915-972,literature_transcribed,19,3,1,6,"S4 Weil descent (Trimoska generator), Koblitz y^2+xy=x^3+x^2+1",WDSat,Prop.1 + Gaussian elimination (WDSatGE),,Intel Xeon E5-2640 2.40GHz (authors' MatriCS platform),UNSAT,,10,0,mean (paper),58.876,,,,,252799,,,,no,,yes,"Table 4; reported, not reproduced"
R0348,"KN-LIT-92b022 (ePrint 2019/313, AFRICACRYPT 2020)",,main,6afcf49e11,inputs/SATIC-TRIMOSKA-2019/paper_fulltext.md L915-972,literature_transcribed,19,3,1,7,"S4 Weil descent (Trimoska generator), Koblitz y^2+xy=x^3+x^2+1",WDSat,Prop.1 + Gaussian elimination (WDSatGE),,Intel Xeon E5-2640 2.40GHz (authors' MatriCS platform),SAT,,10,0,mean (paper),169.629,,,,,528383,,,,no,,yes,"Table 4; reported, not reproduced"
R0349,"KN-LIT-92b022 (ePrint 2019/313, AFRICACRYPT 2020)",,main,6afcf49e11,inputs/SATIC-TRIMOSKA-2019/paper_fulltext.md L915-972,literature_transcribed,19,3,1,7,"S4 Weil descent (Trimoska generator), Koblitz y^2+xy=x^3+x^2+1",WDSat,Prop.1 + Gaussian elimination (WDSatGE),,Intel Xeon E5-2640 2.40GHz (authors' MatriCS platform),UNSAT,,10,0,mean (paper),736.863,,,,,2062232,,,,no,,yes,"Table 4; reported, not reproduced"
R0350,"KN-LIT-92b022 (ePrint 2019/313, AFRICACRYPT 2020)",,main,6afcf49e11,inputs/SATIC-TRIMOSKA-2019/paper_fulltext.md L915-972,literature_transcribed,23,3,1,7,"S4 Weil descent (Trimoska generator), Koblitz y^2+xy=x^3+x^2+1",WDSat,Prop.1 + Gaussian elimination (WDSatGE),,Intel Xeon E5-2640 2.40GHz (authors' MatriCS platform),SAT,,10,0,mean (paper),159.101,,,,,473223,,,,no,,yes,"Table 4; reported, not reproduced"
R0351,"KN-LIT-92b022 (ePrint 2019/313, AFRICACRYPT 2020)",,main,6afcf49e11,inputs/SATIC-TRIMOSKA-2019/paper_fulltext.md L915-972,literature_transcribed,23,3,1,7,"S4 Weil descent (Trimoska generator), Koblitz y^2+xy=x^3+x^2+1",WDSat,Prop.1 + Gaussian elimination (WDSatGE),,Intel Xeon E5-2640 2.40GHz (authors' MatriCS platform),UNSAT,,10,0,mean (paper),779.432,,,,,2060501,,,,no,,yes,"Table 4; reported, not reproduced"
R0352,"KN-LIT-92b022 (ePrint 2019/313, AFRICACRYPT 2020)",,main,6afcf49e11,inputs/SATIC-TRIMOSKA-2019/paper_fulltext.md L915-972,literature_transcribed,23,3,1,8,"S4 Weil descent (Trimoska generator), Koblitz y^2+xy=x^3+x^2+1",WDSat,Prop.1 + Gaussian elimination (WDSatGE),,Intel Xeon E5-2640 2.40GHz (authors' MatriCS platform),SAT,,10,0,mean (paper),1290.702,,,,,2630567,,,,no,,yes,"Table 4; reported, not reproduced"
R0353,"KN-LIT-92b022 (ePrint 2019/313, AFRICACRYPT 2020)",,main,6afcf49e11,inputs/SATIC-TRIMOSKA-2019/paper_fulltext.md L915-972,literature_transcribed,23,3,1,8,"S4 Weil descent (Trimoska generator), Koblitz y^2+xy=x^3+x^2+1",WDSat,Prop.1 + Gaussian elimination (WDSatGE),,Intel Xeon E5-2640 2.40GHz (authors' MatriCS platform),UNSAT,,10,0,mean (paper),9124.361,,,,,16639322,,,,no,,yes,"Table 4; reported, not reproduced"
R0354,"KN-LIT-92b022 (ePrint 2019/313, AFRICACRYPT 2020)",,main,6afcf49e11,inputs/SATIC-TRIMOSKA-2019/paper_fulltext.md L915-972,literature_transcribed,26,3,1,8,"S4 Weil descent (Trimoska generator), Koblitz y^2+xy=x^3+x^2+1",WDSat,Prop.1 + Gaussian elimination (WDSatGE),,Intel Xeon E5-2640 2.40GHz (authors' MatriCS platform),SAT,,10,0,mean (paper),3404.765,,,,,6231289,,,,no,,yes,"Table 4; reported, not reproduced"
R0355,"KN-LIT-92b022 (ePrint 2019/313, AFRICACRYPT 2020)",,main,6afcf49e11,inputs/SATIC-TRIMOSKA-2019/paper_fulltext.md L915-972,literature_transcribed,26,3,1,8,"S4 Weil descent (Trimoska generator), Koblitz y^2+xy=x^3+x^2+1",WDSat,Prop.1 + Gaussian elimination (WDSatGE),,Intel Xeon E5-2640 2.40GHz (authors' MatriCS platform),UNSAT,,10,0,mean (paper),9623.677,,,,,16636122,,,,no,,yes,"Table 4; reported, not reproduced"
R0356,KN-LIT-102cdb (CP 2020 slides),,main,6afcf49e11,inputs/SATIC-TRIMOSKA-2019/cp2020_slide_benchmark.md,literature_transcribed,19,3,1,6,S4 Weil descent (51 vars / 52 eqs),Groebner (Magma),slide table,,Intel Xeon E5-2640 2.40GHz (authors' MatriCS platform) (assumed same platform),SAT,,,,mean (slide),229.3,,,,,,,,,no,,no,"single (l,n) cell; duplicates Table 2 family at l=6,n=19 for WDSat/MiniSat"
R0357,KN-LIT-102cdb (CP 2020 slides),,main,6afcf49e11,inputs/SATIC-TRIMOSKA-2019/cp2020_slide_benchmark.md,literature_transcribed,19,3,1,6,S4 Weil descent (51 vars / 52 eqs),Groebner (Magma),slide table,,Intel Xeon E5-2640 2.40GHz (authors' MatriCS platform) (assumed same platform),UNSAT,,,,mean (slide),229.4,,,,,,,,,no,,no,"single (l,n) cell; duplicates Table 2 family at l=6,n=19 for WDSat/MiniSat"
R0358,KN-LIT-102cdb (CP 2020 slides),,main,6afcf49e11,inputs/SATIC-TRIMOSKA-2019/cp2020_slide_benchmark.md,literature_transcribed,19,3,1,6,S4 Weil descent (51 vars / 52 eqs),MiniSat,slide table,,Intel Xeon E5-2640 2.40GHz (authors' MatriCS platform) (assumed same platform),SAT,,,,mean (slide),239.7,,,,,1840190,,,,no,,no,"single (l,n) cell; duplicates Table 2 family at l=6,n=19 for WDSat/MiniSat"
R0359,KN-LIT-102cdb (CP 2020 slides),,main,6afcf49e11,inputs/SATIC-TRIMOSKA-2019/cp2020_slide_benchmark.md,literature_transcribed,19,3,1,6,S4 Weil descent (51 vars / 52 eqs),MiniSat,slide table,,Intel Xeon E5-2640 2.40GHz (authors' MatriCS platform) (assumed same platform),UNSAT,,,,mean (slide),517.0,,,,,3433304,,,,no,,no,"single (l,n) cell; duplicates Table 2 family at l=6,n=19 for WDSat/MiniSat"
R0360,KN-LIT-102cdb (CP 2020 slides),,main,6afcf49e11,inputs/SATIC-TRIMOSKA-2019/cp2020_slide_benchmark.md,literature_transcribed,19,3,1,6,S4 Weil descent (51 vars / 52 eqs),Glucose,slide table,,Intel Xeon E5-2640 2.40GHz (authors' MatriCS platform) (assumed same platform),SAT,,,,mean (slide),189.2,,,,,1527158,,,,no,,no,"single (l,n) cell; duplicates Table 2 family at l=6,n=19 for WDSat/MiniSat"
R0361,KN-LIT-102cdb (CP 2020 slides),,main,6afcf49e11,inputs/SATIC-TRIMOSKA-2019/cp2020_slide_benchmark.md,literature_transcribed,19,3,1,6,S4 Weil descent (51 vars / 52 eqs),Glucose,slide table,,Intel Xeon E5-2640 2.40GHz (authors' MatriCS platform) (assumed same platform),UNSAT,,,,mean (slide),274.8,,,,,2056575,,,,no,,no,"single (l,n) cell; duplicates Table 2 family at l=6,n=19 for WDSat/MiniSat"
R0362,KN-LIT-102cdb (CP 2020 slides),,main,6afcf49e11,inputs/SATIC-TRIMOSKA-2019/cp2020_slide_benchmark.md,literature_transcribed,19,3,1,6,S4 Weil descent (51 vars / 52 eqs),MapleLCMDistChronoBT,slide table,,Intel Xeon E5-2640 2.40GHz (authors' MatriCS platform) (assumed same platform),SAT,,,,mean (slide),655.1,,,,,4035131,,,,no,,no,"single (l,n) cell; duplicates Table 2 family at l=6,n=19 for WDSat/MiniSat"
R0363,KN-LIT-102cdb (CP 2020 slides),,main,6afcf49e11,inputs/SATIC-TRIMOSKA-2019/cp2020_slide_benchmark.md,literature_transcribed,19,3,1,6,S4 Weil descent (51 vars / 52 eqs),MapleLCMDistChronoBT,slide table,,Intel Xeon E5-2640 2.40GHz (authors' MatriCS platform) (assumed same platform),UNSAT,,,,mean (slide),918.7,,,,,5378945,,,,no,,no,"single (l,n) cell; duplicates Table 2 family at l=6,n=19 for WDSat/MiniSat"
R0364,KN-LIT-102cdb (CP 2020 slides),,main,6afcf49e11,inputs/SATIC-TRIMOSKA-2019/cp2020_slide_benchmark.md,literature_transcribed,19,3,1,6,S4 Weil descent (51 vars / 52 eqs),CaDiCaL,slide table,,Intel Xeon E5-2640 2.40GHz (authors' MatriCS platform) (assumed same platform),SAT,,,,mean (slide),43.6,,,,,254194,,,,no,,no,"single (l,n) cell; duplicates Table 2 family at l=6,n=19 for WDSat/MiniSat"
R0365,KN-LIT-102cdb (CP 2020 slides),,main,6afcf49e11,inputs/SATIC-TRIMOSKA-2019/cp2020_slide_benchmark.md,literature_transcribed,19,3,1,6,S4 Weil descent (51 vars / 52 eqs),CaDiCaL,slide table,,Intel Xeon E5-2640 2.40GHz (authors' MatriCS platform) (assumed same platform),UNSAT,,,,mean (slide),141.3,,,,,629869,,,,no,,no,"single (l,n) cell; duplicates Table 2 family at l=6,n=19 for WDSat/MiniSat"
R0366,KN-LIT-102cdb (CP 2020 slides),,main,6afcf49e11,inputs/SATIC-TRIMOSKA-2019/cp2020_slide_benchmark.md,literature_transcribed,19,3,1,6,S4 Weil descent (51 vars / 52 eqs),CryptoMiniSat,slide table,,Intel Xeon E5-2640 2.40GHz (authors' MatriCS platform) (assumed same platform),SAT,,,,mean (slide),331.8,,,,,1791188,,,,no,,no,"single (l,n) cell; duplicates Table 2 family at l=6,n=19 for WDSat/MiniSat"
R0367,KN-LIT-102cdb (CP 2020 slides),,main,6afcf49e11,inputs/SATIC-TRIMOSKA-2019/cp2020_slide_benchmark.md,literature_transcribed,19,3,1,6,S4 Weil descent (51 vars / 52 eqs),CryptoMiniSat,slide table,,Intel Xeon E5-2640 2.40GHz (authors' MatriCS platform) (assumed same platform),UNSAT,,,,mean (slide),707.9,,,,,3416526,,,,no,,no,"single (l,n) cell; duplicates Table 2 family at l=6,n=19 for WDSat/MiniSat"
R0368,KN-LIT-102cdb (CP 2020 slides),,main,6afcf49e11,inputs/SATIC-TRIMOSKA-2019/cp2020_slide_benchmark.md,literature_transcribed,19,3,1,6,S4 Weil descent (51 vars / 52 eqs),WDSat,slide table,,Intel Xeon E5-2640 2.40GHz (authors' MatriCS platform) (assumed same platform),SAT,,,,mean (slide),0.6,,,,,48438,,,,no,,no,"single (l,n) cell; duplicates Table 2 family at l=6,n=19 for WDSat/MiniSat"
R0369,KN-LIT-102cdb (CP 2020 slides),,main,6afcf49e11,inputs/SATIC-TRIMOSKA-2019/cp2020_slide_benchmark.md,literature_transcribed,19,3,1,6,S4 Weil descent (51 vars / 52 eqs),WDSat,slide table,,Intel Xeon E5-2640 2.40GHz (authors' MatriCS platform) (assumed same platform),UNSAT,,,,mean (slide),3.8,,,,,255698,,,,no,,no,"single (l,n) cell; duplicates Table 2 family at l=6,n=19 for WDSat/MiniSat"
R0370,"EV-ICPERF-10c5fc (external, content-bound)",solver_10,aburan28/crypto,50ea716,research/nagao_relations/solver_10/summary.json,external_sha256_bound,131,3,1,6,Riemann-Roch L(4O) encoding,Riemann-Roch L(4O) oracle (quadratic-optimized),mode=first,,external session; Python ONB arithmetic; pycryptosat 5.15.0,UNSAT,uniform,4,0,mean (all_phase_seconds / attempted),43.144,,,,,,,,1961163,no,,no,UNSAT stratum = uniform target (decomposition essentially impossible at m*d<<131)
R0371,"EV-ICPERF-10c5fc (external, content-bound)",solver_10,aburan28/crypto,50ea716,research/nagao_relations/solver_10/summary.json,external_sha256_bound,131,3,1,6,Riemann-Roch L(4O) encoding,Riemann-Roch L(4O) oracle (quadratic-optimized),mode=first,,external session; Python ONB arithmetic; pycryptosat 5.15.0,SAT,known_decomposable,4,0,mean (all_phase_seconds / attempted),26.84,,,,,,,,1210362,no,,no,planted decomposable target
R0372,"EV-ICPERF-10c5fc (external, content-bound)",solver_10,aburan28/crypto,50ea716,research/nagao_relations/solver_10/summary.json,external_sha256_bound,131,3,1,6,Riemann-Roch L(4O) encoding,Riemann-Roch L(4O) oracle (quadratic-optimized),mode=enumerate,,external session; Python ONB arithmetic; pycryptosat 5.15.0,UNSAT,uniform,4,0,mean (all_phase_seconds / attempted),43.447,,,,,,,,1961163,no,,no,UNSAT stratum = uniform target (decomposition essentially impossible at m*d<<131)
R0373,"EV-ICPERF-10c5fc (external, content-bound)",solver_10,aburan28/crypto,50ea716,research/nagao_relations/solver_10/summary.json,external_sha256_bound,131,3,1,6,Riemann-Roch L(4O) encoding,Riemann-Roch L(4O) oracle (quadratic-optimized),mode=enumerate,,external session; Python ONB arithmetic; pycryptosat 5.15.0,SAT,known_decomposable,4,0,mean (all_phase_seconds / attempted),43.435,,,,,,,,1960044,no,,no,planted decomposable target
R0374,"EV-ICPERF-10c5fc (external, content-bound)",solver_10,aburan28/crypto,50ea716,research/nagao_relations/solver_10/summary.json,external_sha256_bound,131,3,1,6,Riemann-Roch L(4O) encoding,Riemann-Roch L(4O) oracle (quadratic-image),mode=first,,external session; Python ONB arithmetic; pycryptosat 5.15.0,UNSAT,uniform,4,0,mean (all_phase_seconds / attempted),32.197,,,,,,,,1620994,no,,no,UNSAT stratum = uniform target (decomposition essentially impossible at m*d<<131)
R0375,"EV-ICPERF-10c5fc (external, content-bound)",solver_10,aburan28/crypto,50ea716,research/nagao_relations/solver_10/summary.json,external_sha256_bound,131,3,1,6,Riemann-Roch L(4O) encoding,Riemann-Roch L(4O) oracle (quadratic-image),mode=first,,external session; Python ONB arithmetic; pycryptosat 5.15.0,SAT,known_decomposable,4,0,mean (all_phase_seconds / attempted),19.962,,,,,,,,1002374,no,,no,planted decomposable target
R0376,"EV-ICPERF-10c5fc (external, content-bound)",solver_10,aburan28/crypto,50ea716,research/nagao_relations/solver_10/summary.json,external_sha256_bound,131,3,1,6,Riemann-Roch L(4O) encoding,Riemann-Roch L(4O) oracle (quadratic-image),mode=enumerate,,external session; Python ONB arithmetic; pycryptosat 5.15.0,UNSAT,uniform,4,0,mean (all_phase_seconds / attempted),32.047,,,,,,,,1620994,no,,no,UNSAT stratum = uniform target (decomposition essentially impossible at m*d<<131)
R0377,"EV-ICPERF-10c5fc (external, content-bound)",solver_10,aburan28/crypto,50ea716,research/nagao_relations/solver_10/summary.json,external_sha256_bound,131,3,1,6,Riemann-Roch L(4O) encoding,Riemann-Roch L(4O) oracle (quadratic-image),mode=enumerate,,external session; Python ONB arithmetic; pycryptosat 5.15.0,SAT,known_decomposable,4,0,mean (all_phase_seconds / attempted),32.132,,,,,,,,1621028,no,,no,planted decomposable target
R0378,"EV-ICPERF-10c5fc (external, content-bound)",solver_10,aburan28/crypto,50ea716,research/nagao_relations/solver_10/summary.json,external_sha256_bound,131,3,1,6,Weil descent to F_2,Semaev S4 via SAT (pycryptosat),mode=first,,external session; Python ONB arithmetic; pycryptosat 5.15.0,censored,uniform,4,4,mean (all_phase_seconds / attempted),,,,,,,,,,yes,124.982,no,UNSAT stratum = uniform target (decomposition essentially impossible at m*d<<131); NONE resolved within the per-configuration budget: per-attempt cost >= bound
R0379,"EV-ICPERF-10c5fc (external, content-bound)",solver_10,aburan28/crypto,50ea716,research/nagao_relations/solver_10/summary.json,external_sha256_bound,131,3,1,6,Weil descent to F_2,Semaev S4 via SAT (pycryptosat),mode=first,,external session; Python ONB arithmetic; pycryptosat 5.15.0,censored,known_decomposable,4,4,mean (all_phase_seconds / attempted),,,,,,,,,,yes,122.137,no,planted decomposable target; NONE resolved within the per-configuration budget: per-attempt cost >= bound
R0380,"EV-ICPERF-10c5fc (external, content-bound)",solver_10,aburan28/crypto,50ea716,research/nagao_relations/solver_10/summary.json,external_sha256_bound,131,3,1,6,Weil descent to F_2,Semaev S4 via SAT (pycryptosat),mode=enumerate,,external session; Python ONB arithmetic; pycryptosat 5.15.0,censored,uniform,4,4,mean (all_phase_seconds / attempted),,,,,,,,,,yes,123.811,no,UNSAT stratum = uniform target (decomposition essentially impossible at m*d<<131); NONE resolved within the per-configuration budget: per-attempt cost >= bound
R0381,"EV-ICPERF-10c5fc (external, content-bound)",solver_10,aburan28/crypto,50ea716,research/nagao_relations/solver_10/summary.json,external_sha256_bound,131,3,1,6,Weil descent to F_2,Semaev S4 via SAT (pycryptosat),mode=enumerate,,external session; Python ONB arithmetic; pycryptosat 5.15.0,censored,known_decomposable,4,4,mean (all_phase_seconds / attempted),,,,,,,,,,yes,122.637,no,planted decomposable target; NONE resolved within the per-configuration budget: per-attempt cost >= bound
R0382,"EV-ICPERF-10c5fc (external, content-bound)",solver_10,aburan28/crypto,50ea716,research/nagao_relations/solver_10/summary.json,external_sha256_bound,131,3,1,6,Weil descent to F_2,chained S3 via SAT (pycryptosat),mode=first,,external session; Python ONB arithmetic; pycryptosat 5.15.0,censored,uniform,4,4,mean (all_phase_seconds / attempted),,,,,,,,,,yes,120.978,no,UNSAT stratum = uniform target (decomposition essentially impossible at m*d<<131); NONE resolved within the per-configuration budget: per-attempt cost >= bound
R0383,"EV-ICPERF-10c5fc (external, content-bound)",solver_10,aburan28/crypto,50ea716,research/nagao_relations/solver_10/summary.json,external_sha256_bound,131,3,1,6,Weil descent to F_2,chained S3 via SAT (pycryptosat),mode=first,,external session; Python ONB arithmetic; pycryptosat 5.15.0,censored,known_decomposable,4,4,mean (all_phase_seconds / attempted),,,,,,,,,,yes,254.665,no,planted decomposable target; NONE resolved within the per-configuration budget: per-attempt cost >= bound
R0384,"EV-ICPERF-10c5fc (external, content-bound)",solver_10,aburan28/crypto,50ea716,research/nagao_relations/solver_10/summary.json,external_sha256_bound,131,3,1,6,Weil descent to F_2,chained S3 via SAT (pycryptosat),mode=enumerate,,external session; Python ONB arithmetic; pycryptosat 5.15.0,censored,uniform,4,4,mean (all_phase_seconds / attempted),,,,,,,,,,yes,120.575,no,UNSAT stratum = uniform target (decomposition essentially impossible at m*d<<131); NONE resolved within the per-configuration budget: per-attempt cost >= bound
R0385,"EV-ICPERF-10c5fc (external, content-bound)",solver_10,aburan28/crypto,50ea716,research/nagao_relations/solver_10/summary.json,external_sha256_bound,131,3,1,6,Weil descent to F_2,chained S3 via SAT (pycryptosat),mode=enumerate,,external session; Python ONB arithmetic; pycryptosat 5.15.0,censored,known_decomposable,4,4,mean (all_phase_seconds / attempted),,,,,,,,,,yes,246.956,no,planted decomposable target; NONE resolved within the per-configuration budget: per-attempt cost >= bound
R0386,"EV-ICPERF-10c5fc (external, content-bound)",solver_10,aburan28/crypto,50ea716,research/nagao_relations/solver_10/summary.json,external_sha256_bound,131,3,1,7,Riemann-Roch L(4O) encoding,Riemann-Roch L(4O) oracle (quadratic-optimized),mode=first,,external session; Python ONB arithmetic; pycryptosat 5.15.0,censored,uniform,4,4,mean (all_phase_seconds / attempted),,,,,,,,,5325437,yes,120.004,no,UNSAT stratum = uniform target (decomposition essentially impossible at m*d<<131); NONE resolved within the per-configuration budget: per-attempt cost >= bound
R0387,"EV-ICPERF-10c5fc (external, content-bound)",solver_10,aburan28/crypto,50ea716,research/nagao_relations/solver_10/summary.json,external_sha256_bound,131,3,1,7,Riemann-Roch L(4O) encoding,Riemann-Roch L(4O) oracle (quadratic-optimized),mode=first,,external session; Python ONB arithmetic; pycryptosat 5.15.0,censored,known_decomposable,4,2,mean (all_phase_seconds / attempted),,,,,,,,,3778394,yes,85.47,no,planted decomposable target; NONE resolved within the per-configuration budget: per-attempt cost >= bound
R0388,"EV-ICPERF-10c5fc (external, content-bound)",solver_10,aburan28/crypto,50ea716,research/nagao_relations/solver_10/summary.json,external_sha256_bound,131,3,1,7,Riemann-Roch L(4O) encoding,Riemann-Roch L(4O) oracle (quadratic-optimized),mode=enumerate,,external session; Python ONB arithmetic; pycryptosat 5.15.0,censored,uniform,4,4,mean (all_phase_seconds / attempted),,,,,,,,,5313625,yes,120.007,no,UNSAT stratum = uniform target (decomposition essentially impossible at m*d<<131); NONE resolved within the per-configuration budget: per-attempt cost >= bound
R0389,"EV-ICPERF-10c5fc (external, content-bound)",solver_10,aburan28/crypto,50ea716,research/nagao_relations/solver_10/summary.json,external_sha256_bound,131,3,1,7,Riemann-Roch L(4O) encoding,Riemann-Roch L(4O) oracle (quadratic-optimized),mode=enumerate,,external session; Python ONB arithmetic; pycryptosat 5.15.0,censored,known_decomposable,4,4,mean (all_phase_seconds / attempted),,,,,,,,,5318723,yes,120.009,no,planted decomposable target; NONE resolved within the per-configuration budget: per-attempt cost >= bound
R0390,"EV-ICPERF-10c5fc (external, content-bound)",solver_10,aburan28/crypto,50ea716,research/nagao_relations/solver_10/summary.json,external_sha256_bound,131,3,1,7,Riemann-Roch L(4O) encoding,Riemann-Roch L(4O) oracle (quadratic-image),mode=first,,external session; Python ONB arithmetic; pycryptosat 5.15.0,censored,uniform,4,4,mean (all_phase_seconds / attempted),,,,,,,,,6133155,yes,120.005,no,UNSAT stratum = uniform target (decomposition essentially impossible at m*d<<131); NONE resolved within the per-configuration budget: per-attempt cost >= bound
R0391,"EV-ICPERF-10c5fc (external, content-bound)",solver_10,aburan28/crypto,50ea716,research/nagao_relations/solver_10/summary.json,external_sha256_bound,131,3,1,7,Riemann-Roch L(4O) encoding,Riemann-Roch L(4O) oracle (quadratic-image),mode=first,,external session; Python ONB arithmetic; pycryptosat 5.15.0,SAT,known_decomposable,4,0,mean (all_phase_seconds / attempted),65.011,,,,,,,,3319431,no,,no,planted decomposable target
R0392,"EV-ICPERF-10c5fc (external, content-bound)",solver_10,aburan28/crypto,50ea716,research/nagao_relations/solver_10/summary.json,external_sha256_bound,131,3,1,7,Riemann-Roch L(4O) encoding,Riemann-Roch L(4O) oracle (quadratic-image),mode=enumerate,,external session; Python ONB arithmetic; pycryptosat 5.15.0,censored,uniform,4,4,mean (all_phase_seconds / attempted),,,,,,,,,6160739,yes,120.005,no,UNSAT stratum = uniform target (decomposition essentially impossible at m*d<<131); NONE resolved within the per-configuration budget: per-attempt cost >= bound
R0393,"EV-ICPERF-10c5fc (external, content-bound)",solver_10,aburan28/crypto,50ea716,research/nagao_relations/solver_10/summary.json,external_sha256_bound,131,3,1,7,Riemann-Roch L(4O) encoding,Riemann-Roch L(4O) oracle (quadratic-image),mode=enumerate,,external session; Python ONB arithmetic; pycryptosat 5.15.0,censored,known_decomposable,4,4,mean (all_phase_seconds / attempted),,,,,,,,,6124762,yes,120.004,no,planted decomposable target; NONE resolved within the per-configuration budget: per-attempt cost >= bound
R0394,"EV-ICPERF-10c5fc (external, content-bound)",solver_10,aburan28/crypto,50ea716,research/nagao_relations/solver_10/summary.json,external_sha256_bound,131,3,1,7,Weil descent to F_2,Semaev S4 via SAT (pycryptosat),mode=first,,external session; Python ONB arithmetic; pycryptosat 5.15.0,censored,uniform,4,4,mean (all_phase_seconds / attempted),,,,,,,,,,yes,122.408,no,UNSAT stratum = uniform target (decomposition essentially impossible at m*d<<131); NONE resolved within the per-configuration budget: per-attempt cost >= bound
R0395,"EV-ICPERF-10c5fc (external, content-bound)",solver_10,aburan28/crypto,50ea716,research/nagao_relations/solver_10/summary.json,external_sha256_bound,131,3,1,7,Weil descent to F_2,Semaev S4 via SAT (pycryptosat),mode=first,,external session; Python ONB arithmetic; pycryptosat 5.15.0,censored,known_decomposable,4,4,mean (all_phase_seconds / attempted),,,,,,,,,,yes,128.274,no,planted decomposable target; NONE resolved within the per-configuration budget: per-attempt cost >= bound
R0396,"EV-ICPERF-10c5fc (external, content-bound)",solver_10,aburan28/crypto,50ea716,research/nagao_relations/solver_10/summary.json,external_sha256_bound,131,3,1,7,Weil descent to F_2,Semaev S4 via SAT (pycryptosat),mode=enumerate,,external session; Python ONB arithmetic; pycryptosat 5.15.0,censored,uniform,4,4,mean (all_phase_seconds / attempted),,,,,,,,,,yes,122.225,no,UNSAT stratum = uniform target (decomposition essentially impossible at m*d<<131); NONE resolved within the per-configuration budget: per-attempt cost >= bound
R0397,"EV-ICPERF-10c5fc (external, content-bound)",solver_10,aburan28/crypto,50ea716,research/nagao_relations/solver_10/summary.json,external_sha256_bound,131,3,1,7,Weil descent to F_2,Semaev S4 via SAT (pycryptosat),mode=enumerate,,external session; Python ONB arithmetic; pycryptosat 5.15.0,censored,known_decomposable,4,4,mean (all_phase_seconds / attempted),,,,,,,,,,yes,127.46,no,planted decomposable target; NONE resolved within the per-configuration budget: per-attempt cost >= bound
R0398,"EV-ICPERF-10c5fc (external, content-bound)",solver_10,aburan28/crypto,50ea716,research/nagao_relations/solver_10/summary.json,external_sha256_bound,131,3,1,7,Weil descent to F_2,chained S3 via SAT (pycryptosat),mode=first,,external session; Python ONB arithmetic; pycryptosat 5.15.0,censored,uniform,4,4,mean (all_phase_seconds / attempted),,,,,,,,,,yes,120.074,no,UNSAT stratum = uniform target (decomposition essentially impossible at m*d<<131); NONE resolved within the per-configuration budget: per-attempt cost >= bound
R0399,"EV-ICPERF-10c5fc (external, content-bound)",solver_10,aburan28/crypto,50ea716,research/nagao_relations/solver_10/summary.json,external_sha256_bound,131,3,1,7,Weil descent to F_2,chained S3 via SAT (pycryptosat),mode=first,,external session; Python ONB arithmetic; pycryptosat 5.15.0,censored,known_decomposable,4,4,mean (all_phase_seconds / attempted),,,,,,,,,,yes,120.781,no,planted decomposable target; NONE resolved within the per-configuration budget: per-attempt cost >= bound
R0400,"EV-ICPERF-10c5fc (external, content-bound)",solver_10,aburan28/crypto,50ea716,research/nagao_relations/solver_10/summary.json,external_sha256_bound,131,3,1,7,Weil descent to F_2,chained S3 via SAT (pycryptosat),mode=enumerate,,external session; Python ONB arithmetic; pycryptosat 5.15.0,censored,uniform,4,4,mean (all_phase_seconds / attempted),,,,,,,,,,yes,120.08,no,UNSAT stratum = uniform target (decomposition essentially impossible at m*d<<131); NONE resolved within the per-configuration budget: per-attempt cost >= bound
R0401,"EV-ICPERF-10c5fc (external, content-bound)",solver_10,aburan28/crypto,50ea716,research/nagao_relations/solver_10/summary.json,external_sha256_bound,131,3,1,7,Weil descent to F_2,chained S3 via SAT (pycryptosat),mode=enumerate,,external session; Python ONB arithmetic; pycryptosat 5.15.0,censored,known_decomposable,4,4,mean (all_phase_seconds / attempted),,,,,,,,,,yes,120.411,no,planted decomposable target; NONE resolved within the per-configuration budget: per-attempt cost >= bound
R0402,"EV-ICPERF-10c5fc (external, content-bound)",solver_13,aburan28/crypto,50ea716,research/nagao_relations/solver_13/summary.json,external_sha256_bound,131,3,1,4,factor base F in L(4O) / pairs over F,Riemann-Roch quadratic-image oracle,complete enumeration (budget sized to finish),,external session; Python ONB arithmetic; pycryptosat 5.15.0,MIXED,|F|=10,,,mean field ops per attempt,,,,,,,,,94341.0,no,,yes,"field ops weight add=mul=sqr, inversions expanded (solver_12 limits)"
R0403,"EV-ICPERF-10c5fc (external, content-bound)",solver_13,aburan28/crypto,50ea716,research/nagao_relations/solver_13/summary.json,external_sha256_bound,131,3,1,4,factor base F in L(4O) / pairs over F,pair enumeration (null object),complete enumeration (budget sized to finish),,external session; Python ONB arithmetic; pycryptosat 5.15.0,MIXED,|F|=10,,,mean field ops per attempt,,,,,,,,,33393.0,no,,yes,"field ops weight add=mul=sqr, inversions expanded (solver_12 limits)"
R0404,"EV-ICPERF-10c5fc (external, content-bound)",solver_13,aburan28/crypto,50ea716,research/nagao_relations/solver_13/summary.json,external_sha256_bound,131,3,1,5,factor base F in L(4O) / pairs over F,Riemann-Roch quadratic-image oracle,complete enumeration (budget sized to finish),,external session; Python ONB arithmetic; pycryptosat 5.15.0,MIXED,|F|=20,,,mean field ops per attempt,,,,,,,,,374405.0,no,,yes,"field ops weight add=mul=sqr, inversions expanded (solver_12 limits)"
R0405,"EV-ICPERF-10c5fc (external, content-bound)",solver_13,aburan28/crypto,50ea716,research/nagao_relations/solver_13/summary.json,external_sha256_bound,131,3,1,5,factor base F in L(4O) / pairs over F,pair enumeration (null object),complete enumeration (budget sized to finish),,external session; Python ONB arithmetic; pycryptosat 5.15.0,MIXED,|F|=20,,,mean field ops per attempt,,,,,,,,,118888.0,no,,yes,"field ops weight add=mul=sqr, inversions expanded (solver_12 limits)"
R0406,"EV-ICPERF-10c5fc (external, content-bound)",solver_13,aburan28/crypto,50ea716,research/nagao_relations/solver_13/summary.json,external_sha256_bound,131,3,1,6,factor base F in L(4O) / pairs over F,Riemann-Roch quadratic-image oracle,complete enumeration (budget sized to finish),,external session; Python ONB arithmetic; pycryptosat 5.15.0,MIXED,|F|=54,,,mean field ops per attempt,,,,,,,,,1621371.0,no,,yes,"field ops weight add=mul=sqr, inversions expanded (solver_12 limits)"
R0407,"EV-ICPERF-10c5fc (external, content-bound)",solver_13,aburan28/crypto,50ea716,research/nagao_relations/solver_13/summary.json,external_sha256_bound,131,3,1,6,factor base F in L(4O) / pairs over F,pair enumeration (null object),complete enumeration (budget sized to finish),,external session; Python ONB arithmetic; pycryptosat 5.15.0,MIXED,|F|=54,,,mean field ops per attempt,,,,,,,,,803975.0,no,,yes,"field ops weight add=mul=sqr, inversions expanded (solver_12 limits)"
R0408,"EV-ICPERF-10c5fc (external, content-bound)",solver_13,aburan28/crypto,50ea716,research/nagao_relations/solver_13/summary.json,external_sha256_bound,131,3,1,7,factor base F in L(4O) / pairs over F,Riemann-Roch quadratic-image oracle,complete enumeration (budget sized to finish),,external session; Python ONB arithmetic; pycryptosat 5.15.0,MIXED,|F|=132,,,mean field ops per attempt,,,,,,,,,6940278.0,no,,yes,"field ops weight add=mul=sqr, inversions expanded (solver_12 limits)"
R0409,"EV-ICPERF-10c5fc (external, content-bound)",solver_13,aburan28/crypto,50ea716,research/nagao_relations/solver_13/summary.json,external_sha256_bound,131,3,1,7,factor base F in L(4O) / pairs over F,pair enumeration (null object),complete enumeration (budget sized to finish),,external session; Python ONB arithmetic; pycryptosat 5.15.0,MIXED,|F|=132,,,mean field ops per attempt,,,,,,,,,4742528.0,no,,yes,"field ops weight add=mul=sqr, inversions expanded (solver_12 limits)"
R0410,"EV-ICPERF-10c5fc (external, content-bound)",solver_13,aburan28/crypto,50ea716,research/nagao_relations/solver_13/summary.json,external_sha256_bound,131,3,1,8,factor base F in L(4O) / pairs over F,Riemann-Roch quadratic-image oracle,complete enumeration (budget sized to finish),,external session; Python ONB arithmetic; pycryptosat 5.15.0,MIXED,|F|=256,,,mean field ops per attempt,,,,,,,,,27532131.0,no,,yes,"field ops weight add=mul=sqr, inversions expanded (solver_12 limits)"
R0411,"EV-ICPERF-10c5fc (external, content-bound)",solver_13,aburan28/crypto,50ea716,research/nagao_relations/solver_13/summary.json,external_sha256_bound,131,3,1,8,factor base F in L(4O) / pairs over F,pair enumeration (null object),complete enumeration (budget sized to finish),,external session; Python ONB arithmetic; pycryptosat 5.15.0,MIXED,|F|=256,,,mean field ops per attempt,,,,,,,,,17818134.0,no,,yes,"field ops weight add=mul=sqr, inversions expanded (solver_12 limits)"
