{
  "arms_summary": [
    {
      "cap_steps": 6710888,
      "cell": "S7-T2-P16777213",
      "claimed_hits_in_V": true,
      "completed": true,
      "expected_N_over_D": 838860.65,
      "factor2_departure": true,
      "first_j_idx0": 6,
      "first_j_idx0_match": true,
      "first_j_idx10": 6,
      "first_j_idx10_match": true,
      "identity_events": [
        {
          "first_j": 8,
          "official_walk": 62,
          "start_index": 62,
          "start_scalar": 10479145,
          "status": "identity",
          "steps": 374345
        },
        {
          "first_j": 6,
          "official_walk": 77,
          "start_index": 77,
          "start_scalar": 559641,
          "status": "identity",
          "steps": 1299101
        },
        {
          "first_j": 6,
          "official_walk": 105,
          "start_index": 105,
          "start_scalar": 8322079,
          "status": "identity",
          "steps": 562451
        },
        {
          "first_j": 13,
          "official_walk": 197,
          "start_index": 197,
          "start_scalar": 6488431,
          "status": "identity",
          "steps": 57796
        },
        {
          "first_j": 8,
          "official_walk": 208,
          "start_index": 208,
          "start_scalar": 2612675,
          "status": "identity",
          "steps": 213255
        },
        {
          "first_j": 1,
          "official_walk": 246,
          "start_index": 246,
          "start_scalar": 5888220,
          "status": "identity",
          "steps": 115046
        },
        {
          "first_j": 11,
          "official_walk": 268,
          "start_index": 268,
          "start_scalar": 14128486,
          "status": "identity",
          "steps": 471707
        },
        {
          "first_j": 6,
          "official_walk": 268,
          "start_index": 10006,
          "start_scalar": 8919314,
          "status": "identity",
          "steps": 215639
        },
        {
          "first_j": 14,
          "official_walk": 350,
          "start_index": 350,
          "start_scalar": 9101400,
          "status": "identity",
          "steps": 669475
        },
        {
          "first_j": 9,
          "official_walk": 399,
          "start_index": 399,
          "start_scalar": 11323135,
          "status": "identity",
          "steps": 784921
        },
        {
          "first_j": 5,
          "official_walk": 424,
          "start_index": 424,
          "start_scalar": 1376314,
          "status": "identity",
          "steps": 343173
        },
        {
          "first_j": 9,
          "official_walk": 516,
          "start_index": 516,
          "start_scalar": 11708633,
          "status": "identity",
          "steps": 651022
        },
        {
          "first_j": 15,
          "official_walk": 636,
          "start_index": 636,
          "start_scalar": 8753535,
          "status": "identity",
          "steps": 235623
        },
        {
          "first_j": 10,
          "official_walk": 665,
          "start_index": 665,
          "start_scalar": 6466407,
          "status": "identity",
          "steps": 220918
        },
        {
          "first_j": 8,
          "official_walk": 898,
          "start_index": 898,
          "start_scalar": 14748569,
          "status": "identity",
          "steps": 1009969
        },
        {
          "first_j": 10,
          "official_walk": 915,
          "start_index": 915,
          "start_scalar": 13255809,
          "status": "identity",
          "steps": 89458
        },
        {
          "first_j": 14,
          "official_walk": 932,
          "start_index": 932,
          "start_scalar": 8288139,
          "status": "identity",
          "steps": 303007
        },
        {
          "first_j": 2,
          "official_walk": 949,
          "start_index": 949,
          "start_scalar": 1027731,
          "status": "identity",
          "steps": 400586
        },
        {
          "first_j": 12,
          "official_walk": 980,
          "start_index": 980,
          "start_scalar": 14967824,
          "status": "identity",
          "steps": 152952
        },
        {
          "first_j": 3,
          "official_walk": 991,
          "start_index": 991,
          "start_scalar": 5520021,
          "status": "identity",
          "steps": 275665
        },
        {
          "first_j": 5,
          "official_walk": 1002,
          "start_index": 1002,
          "start_scalar": 805650,
          "status": "identity",
          "steps": 625856
        },
        {
          "first_j": 6,
          "official_walk": 1019,
          "start_index": 1019,
          "start_scalar": 6117192,
          "status": "identity",
          "steps": 38936
        },
        {
          "first_j": 10,
          "official_walk": 1023,
          "start_index": 1023,
          "start_scalar": 3795744,
          "status": "identity",
          "steps": 278221
        },
        {
          "first_j": 3,
          "official_walk": 1119,
          "start_index": 1119,
          "start_scalar": 798222,
          "status": "identity",
          "steps": 260802
        },
        {
          "first_j": 7,
          "official_walk": 1162,
          "start_index": 1162,
          "start_scalar": 7790293,
          "status": "identity",
          "steps": 506070
        },
        {
          "first_j": 8,
          "official_walk": 1181,
          "start_index": 1181,
          "start_scalar": 15589644,
          "status": "identity",
          "steps": 338467
        },
        {
          "first_j": 4,
          "official_walk": 1195,
          "start_index": 1195,
          "start_scalar": 5385823,
          "status": "identity",
          "steps": 221131
        },
        {
          "first_j": 12,
          "official_walk": 1329,
          "start_index": 1329,
          "start_scalar": 2285248,
          "status": "identity",
          "steps": 460090
        },
        {
          "first_j": 3,
          "official_walk": 1399,
          "start_index": 1399,
          "start_scalar": 1965940,
          "status": "identity",
          "steps": 591565
        },
        {
          "first_j": 3,
          "official_walk": 1400,
          "start_index": 1400,
          "start_scalar": 4064840,
          "status": "identity",
          "steps": 685114
        },
        {
          "first_j": 15,
          "official_walk": 1451,
          "start_index": 1451,
          "start_scalar": 15748298,
          "status": "identity",
          "steps": 64616
        },
        {
          "first_j": 3,
          "official_walk": 1463,
          "start_index": 1463,
          "start_scalar": 13638809,
          "status": "identity",
          "steps": 318149
        },
        {
          "first_j": 5,
          "official_walk": 1469,
          "start_index": 1469,
          "start_scalar": 7430627,
          "status": "identity",
          "steps": 304392
        },
        {
          "first_j": 10,
          "official_walk": 1476,
          "start_index": 1476,
          "start_scalar": 15278395,
          "status": "identity",
          "steps": 408024
        },
        {
          "first_j": 6,
          "official_walk": 1488,
          "start_index": 1488,
          "start_scalar": 550772,
          "status": "identity",
          "steps": 1046536
        },
        {
          "first_j": 15,
          "official_walk": 1499,
          "start_index": 1499,
          "start_scalar": 14233284,
          "status": "identity",
          "steps": 984354
        },
        {
          "first_j": 13,
          "official_walk": 1555,
          "start_index": 1555,
          "start_scalar": 6029116,
          "status": "identity",
          "steps": 297658
        },
        {
          "first_j": 15,
          "official_walk": 1621,
          "start_index": 1621,
          "start_scalar": 16324701,
          "status": "identity",
          "steps": 243829
        },
        {
          "first_j": 4,
          "official_walk": 1780,
          "start_index": 1780,
          "start_scalar": 10421670,
          "status": "identity",
          "steps": 101014
        },
        {
          "first_j": 11,
          "official_walk": 1780,
          "start_index": 10038,
          "start_scalar": 15317566,
          "status": "identity",
          "steps": 123241
        },
        {
          "first_j": 7,
          "official_walk": 1838,
          "start_index": 1838,
          "start_scalar": 2155563,
          "status": "identity",
          "steps": 65215
        },
        {
          "first_j": 11,
          "official_walk": 1850,
          "start_index": 1850,
          "start_scalar": 7485786,
          "status": "identity",
          "steps": 516170
        },
        {
          "first_j": 13,
          "official_walk": 1872,
          "start_index": 1872,
          "start_scalar": 13497354,
          "status": "identity",
          "steps": 168762
        },
        {
          "first_j": 14,
          "official_walk": 1959,
          "start_index": 1959,
          "start_scalar": 9933195,
          "status": "identity",
          "steps": 1417329
        },
        {
          "first_j": 15,
          "official_walk": 1980,
          "start_index": 1980,
          "start_scalar": 5301904,
          "status": "identity",
          "steps": 1511231
        },
        {
          "first_j": 15,
          "official_walk": 1985,
          "start_index": 1985,
          "start_scalar": 16757968,
          "status": "identity",
          "steps": 519811
        },
        {
          "first_j": 1,
          "official_walk": 2006,
          "start_index": 2006,
          "start_scalar": 1156985,
          "status": "identity",
          "steps": 209513
        },
        {
          "first_j": 7,
          "official_walk": 2024,
          "start_index": 2024,
          "start_scalar": 7198744,
          "status": "identity",
          "steps": 73315
        },
        {
          "first_j": 2,
          "official_walk": 2088,
          "start_index": 2088,
          "start_scalar": 15856203,
          "status": "identity",
          "steps": 294936
        },
        {
          "first_j": 9,
          "official_walk": 2098,
          "start_index": 2098,
          "start_scalar": 1852484,
          "status": "identity",
          "steps": 335101
        },
        {
          "first_j": 11,
          "official_walk": 2110,
          "start_index": 2110,
          "start_scalar": 13589729,
          "status": "identity",
          "steps": 8774
        },
        {
          "first_j": 9,
          "official_walk": 2190,
          "start_index": 2190,
          "start_scalar": 712684,
          "status": "identity",
          "steps": 720246
        },
        {
          "first_j": 9,
          "official_walk": 2218,
          "start_index": 2218,
          "start_scalar": 10610328,
          "status": "identity",
          "steps": 407870
        },
        {
          "first_j": 9,
          "official_walk": 2226,
          "start_index": 2226,
          "start_scalar": 15563385,
          "status": "identity",
          "steps": 496905
        },
        {
          "first_j": 10,
          "official_walk": 2405,
          "start_index": 2405,
          "start_scalar": 4790519,
          "status": "identity",
          "steps": 157667
        },
        {
          "first_j": 15,
          "official_walk": 2566,
          "start_index": 2566,
          "start_scalar": 5610128,
          "status": "identity",
          "steps": 45176
        },
        {
          "first_j": 7,
          "official_walk": 2583,
          "start_index": 2583,
          "start_scalar": 10884701,
          "status": "identity",
          "steps": 178104
        },
        {
          "first_j": 14,
          "official_walk": 2631,
          "start_index": 2631,
          "start_scalar": 15128019,
          "status": "identity",
          "steps": 894947
        },
        {
          "first_j": 11,
          "official_walk": 2655,
          "start_index": 2655,
          "start_scalar": 2594722,
          "status": "identity",
          "steps": 335917
        },
        {
          "first_j": 13,
          "official_walk": 2658,
          "start_index": 2658,
          "start_scalar": 4259830,
          "status": "identity",
          "steps": 200368
        },
        {
          "first_j": 2,
          "official_walk": 2752,
          "start_index": 2752,
          "start_scalar": 12268108,
          "status": "identity",
          "steps": 19893
        },
        {
          "first_j": 1,
          "official_walk": 2808,
          "start_index": 2808,
          "start_scalar": 7211468,
          "status": "identity",
          "steps": 107871
        },
        {
          "first_j": 8,
          "official_walk": 2833,
          "start_index": 2833,
          "start_scalar": 16509019,
          "status": "identity",
          "steps": 66040
        },
        {
          "first_j": 13,
          "official_walk": 2853,
          "start_index": 2853,
          "start_scalar": 13320752,
          "status": "identity",
          "steps": 272251
        },
        {
          "first_j": 11,
          "official_walk": 2882,
          "start_index": 2882,
          "start_scalar": 8486006,
          "status": "identity",
          "steps": 498200
        },
        {
          "first_j": 9,
          "official_walk": 2922,
          "start_index": 2922,
          "start_scalar": 1166834,
          "status": "identity",
          "steps": 125563
        },
        {
          "first_j": 4,
          "official_walk": 2975,
          "start_index": 2975,
          "start_scalar": 15336172,
          "status": "identity",
          "steps": 746867
        },
        {
          "first_j": 5,
          "official_walk": 3031,
          "start_index": 3031,
          "start_scalar": 11535958,
          "status": "identity",
          "steps": 349687
        },
        {
          "first_j": 4,
          "official_walk": 3135,
          "start_index": 3135,
          "start_scalar": 3611709,
          "status": "identity",
          "steps": 234399
        },
        {
          "first_j": 0,
          "official_walk": 3221,
          "start_index": 3221,
          "start_scalar": 820309,
          "status": "identity",
          "steps": 558525
        },
        {
          "first_j": 8,
          "official_walk": 3248,
          "start_index": 3248,
          "start_scalar": 3671272,
          "status": "identity",
          "steps": 971708
        },
        {
          "first_j": 5,
          "official_walk": 3274,
          "start_index": 3274,
          "start_scalar": 177505,
          "status": "identity",
          "steps": 560601
        },
        {
          "first_j": 3,
          "official_walk": 3274,
          "start_index": 10071,
          "start_scalar": 3596506,
          "status": "identity",
          "steps": 599158
        },
        {
          "first_j": 4,
          "official_walk": 3287,
          "start_index": 3287,
          "start_scalar": 8742126,
          "status": "identity",
          "steps": 1645244
        },
        {
          "first_j": 14,
          "official_walk": 3288,
          "start_index": 3288,
          "start_scalar": 8056318,
          "status": "identity",
          "steps": 176302
        },
        {
          "first_j": 0,
          "official_walk": 3289,
          "start_index": 3289,
          "start_scalar": 3645334,
          "status": "identity",
          "steps": 159809
        },
        {
          "first_j": 12,
          "official_walk": 3290,
          "start_index": 3290,
          "start_scalar": 16582702,
          "status": "identity",
          "steps": 579678
        },
        {
          "first_j": 7,
          "official_walk": 3293,
          "start_index": 3293,
          "start_scalar": 3693162,
          "status": "identity",
          "steps": 1454124
        },
        {
          "first_j": 11,
          "official_walk": 3295,
          "start_index": 3295,
          "start_scalar": 7751052,
          "status": "identity",
          "steps": 477916
        },
        {
          "first_j": 7,
          "official_walk": 3327,
          "start_index": 3327,
          "start_scalar": 396995,
          "status": "identity",
          "steps": 806371
        },
        {
          "first_j": 12,
          "official_walk": 3361,
          "start_index": 3361,
          "start_scalar": 8321888,
          "status": "identity",
          "steps": 292534
        },
        {
          "first_j": 14,
          "official_walk": 3361,
          "start_index": 10080,
          "start_scalar": 5219175,
          "status": "identity",
          "steps": 292957
        },
        {
          "first_j": 4,
          "official_walk": 3552,
          "start_index": 3552,
          "start_scalar": 5643323,
          "status": "identity",
          "steps": 557894
        },
        {
          "first_j": 9,
          "official_walk": 3599,
          "start_index": 3599,
          "start_scalar": 14973687,
          "status": "identity",
          "steps": 484488
        },
        {
          "first_j": 11,
          "official_walk": 3612,
          "start_index": 3612,
          "start_scalar": 14039309,
          "status": "identity",
          "steps": 935854
        },
        {
          "first_j": 11,
          "official_walk": 3621,
          "start_index": 3621,
          "start_scalar": 274300,
          "status": "identity",
          "steps": 616633
        },
        {
          "first_j": 1,
          "official_walk": 3635,
          "start_index": 3635,
          "start_scalar": 3018777,
          "status": "identity",
          "steps": 59337
        },
        {
          "first_j": 3,
          "official_walk": 3653,
          "start_index": 3653,
          "start_scalar": 6802266,
          "status": "identity",
          "steps": 33429
        },
        {
          "first_j": 15,
          "official_walk": 3773,
          "start_index": 3773,
          "start_scalar": 12870575,
          "status": "identity",
          "steps": 61313
        },
        {
          "first_j": 2,
          "official_walk": 3776,
          "start_index": 3776,
          "start_scalar": 16020281,
          "status": "identity",
          "steps": 942750
        },
        {
          "first_j": 4,
          "official_walk": 3849,
          "start_index": 3849,
          "start_scalar": 8289674,
          "status": "identity",
          "steps": 308903
        },
        {
          "first_j": 3,
          "official_walk": 3871,
          "start_index": 3871,
          "start_scalar": 11885035,
          "status": "identity",
          "steps": 345345
        },
        {
          "first_j": 0,
          "official_walk": 3875,
          "start_index": 3875,
          "start_scalar": 5396736,
          "status": "identity",
          "steps": 214179
        },
        {
          "first_j": 14,
          "official_walk": 3881,
          "start_index": 3881,
          "start_scalar": 14440465,
          "status": "identity",
          "steps": 362714
        },
        {
          "first_j": 7,
          "official_walk": 3928,
          "start_index": 3928,
          "start_scalar": 7472584,
          "status": "identity",
          "steps": 372806
        },
        {
          "first_j": 13,
          "official_walk": 3929,
          "start_index": 3929,
          "start_scalar": 1950,
          "status": "identity",
          "steps": 31976
        },
        {
          "first_j": 8,
          "official_walk": 3943,
          "start_index": 3943,
          "start_scalar": 13962203,
          "status": "identity",
          "steps": 408006
        },
        {
          "first_j": 10,
          "official_walk": 3947,
          "start_index": 3947,
          "start_scalar": 4434831,
          "status": "identity",
          "steps": 663171
        },
        {
          "first_j": 9,
          "official_walk": 3994,
          "start_index": 3994,
          "start_scalar": 9694767,
          "status": "identity",
          "steps": 591188
        },
        {
          "first_j": 12,
          "official_walk": 4017,
          "start_index": 4017,
          "start_scalar": 1452853,
          "status": "identity",
          "steps": 128570
        },
        {
          "first_j": 11,
          "official_walk": 4091,
          "start_index": 4091,
          "start_scalar": 9188641,
          "status": "identity",
          "steps": 95854
        },
        {
          "first_j": 5,
          "official_walk": 4093,
          "start_index": 4093,
          "start_scalar": 6079128,
          "status": "identity",
          "steps": 40050
        },
        {
          "first_j": 13,
          "official_walk": 4181,
          "start_index": 4181,
          "start_scalar": 14767984,
          "status": "identity",
          "steps": 462181
        },
        {
          "first_j": 7,
          "official_walk": 4198,
          "start_index": 4198,
          "start_scalar": 8064816,
          "status": "identity",
          "steps": 354676
        },
        {
          "first_j": 12,
          "official_walk": 4200,
          "start_index": 4200,
          "start_scalar": 1830195,
          "status": "identity",
          "steps": 356907
        },
        {
          "first_j": 14,
          "official_walk": 4207,
          "start_index": 4207,
          "start_scalar": 1230243,
          "status": "identity",
          "steps": 87057
        },
        {
          "first_j": 10,
          "official_walk": 4232,
          "start_index": 4232,
          "start_scalar": 13957990,
          "status": "identity",
          "steps": 186703
        },
        {
          "first_j": 15,
          "official_walk": 4252,
          "start_index": 4252,
          "start_scalar": 3692303,
          "status": "identity",
          "steps": 735969
        },
        {
          "first_j": 11,
          "official_walk": 4253,
          "start_index": 4253,
          "start_scalar": 11818518,
          "status": "identity",
          "steps": 243920
        },
        {
          "first_j": 5,
          "official_walk": 4270,
          "start_index": 4270,
          "start_scalar": 4793265,
          "status": "identity",
          "steps": 991758
        },
        {
          "first_j": 13,
          "official_walk": 4293,
          "start_index": 4293,
          "start_scalar": 15422694,
          "status": "identity",
          "steps": 432208
        },
        {
          "first_j": 2,
          "official_walk": 4293,
          "start_index": 10110,
          "start_scalar": 8472198,
          "status": "identity",
          "steps": 252872
        },
        {
          "first_j": 5,
          "official_walk": 4324,
          "start_index": 4324,
          "start_scalar": 2025302,
          "status": "identity",
          "steps": 12875
        },
        {
          "first_j": 1,
          "official_walk": 4338,
          "start_index": 4338,
          "start_scalar": 1112827,
          "status": "identity",
          "steps": 337624
        },
        {
          "first_j": 7,
          "official_walk": 4456,
          "start_index": 4456,
          "start_scalar": 9351462,
          "status": "identity",
          "steps": 61462
        },
        {
          "first_j": 15,
          "official_walk": 4492,
          "start_index": 4492,
          "start_scalar": 11965714,
          "status": "identity",
          "steps": 144363
        },
        {
          "first_j": 4,
          "official_walk": 4500,
          "start_index": 4500,
          "start_scalar": 3716155,
          "status": "identity",
          "steps": 240761
        },
        {
          "first_j": 8,
          "official_walk": 4572,
          "start_index": 4572,
          "start_scalar": 2921397,
          "status": "identity",
          "steps": 152115
        },
        {
          "first_j": 9,
          "official_walk": 4593,
          "start_index": 4593,
          "start_scalar": 14577162,
          "status": "identity",
          "steps": 128620
        },
        {
          "first_j": 6,
          "official_walk": 4631,
          "start_index": 4631,
          "start_scalar": 10807869,
          "status": "identity",
          "steps": 636744
        },
        {
          "first_j": 0,
          "official_walk": 4636,
          "start_index": 4636,
          "start_scalar": 3215353,
          "status": "identity",
          "steps": 33857
        },
        {
          "first_j": 9,
          "official_walk": 4654,
          "start_index": 4654,
          "start_scalar": 13333797,
          "status": "identity",
          "steps": 21955
        },
        {
          "first_j": 3,
          "official_walk": 4728,
          "start_index": 4728,
          "start_scalar": 8744663,
          "status": "identity",
          "steps": 809276
        },
        {
          "first_j": 10,
          "official_walk": 4764,
          "start_index": 4764,
          "start_scalar": 450722,
          "status": "identity",
          "steps": 342536
        },
        {
          "first_j": 12,
          "official_walk": 4815,
          "start_index": 4815,
          "start_scalar": 10909181,
          "status": "identity",
          "steps": 699223
        },
        {
          "first_j": 6,
          "official_walk": 4821,
          "start_index": 4821,
          "start_scalar": 1459698,
          "status": "identity",
          "steps": 1328368
        },
        {
          "first_j": 6,
          "official_walk": 4852,
          "start_index": 4852,
          "start_scalar": 8534363,
          "status": "identity",
          "steps": 271121
        },
        {
          "first_j": 0,
          "official_walk": 4854,
          "start_index": 4854,
          "start_scalar": 16587958,
          "status": "identity",
          "steps": 590440
        },
        {
          "first_j": 2,
          "official_walk": 4856,
          "start_index": 4856,
          "start_scalar": 10606065,
          "status": "identity",
          "steps": 297482
        },
        {
          "first_j": 11,
          "official_walk": 4879,
          "start_index": 4879,
          "start_scalar": 716922,
          "status": "identity",
          "steps": 160644
        },
        {
          "first_j": 2,
          "official_walk": 4911,
          "start_index": 4911,
          "start_scalar": 8321335,
          "status": "identity",
          "steps": 626705
        },
        {
          "first_j": 12,
          "official_walk": 4986,
          "start_index": 4986,
          "start_scalar": 10639883,
          "status": "identity",
          "steps": 561711
        },
        {
          "first_j": 5,
          "official_walk": 4992,
          "start_index": 4992,
          "start_scalar": 13625030,
          "status": "identity",
          "steps": 113372
        },
        {
          "first_j": 8,
          "official_walk": 4998,
          "start_index": 4998,
          "start_scalar": 2408157,
          "status": "identity",
          "steps": 273753
        },
        {
          "first_j": 7,
          "official_walk": 5084,
          "start_index": 5084,
          "start_scalar": 6012472,
          "status": "identity",
          "steps": 775558
        },
        {
          "first_j": 3,
          "official_walk": 5134,
          "start_index": 5134,
          "start_scalar": 16163075,
          "status": "identity",
          "steps": 459735
        },
        {
          "first_j": 3,
          "official_walk": 5272,
          "start_index": 5272,
          "start_scalar": 7545620,
          "status": "identity",
          "steps": 331029
        },
        {
          "first_j": 11,
          "official_walk": 5300,
          "start_index": 5300,
          "start_scalar": 10348782,
          "status": "identity",
          "steps": 390688
        },
        {
          "first_j": 3,
          "official_walk": 5305,
          "start_index": 5305,
          "start_scalar": 15311519,
          "status": "identity",
          "steps": 469213
        },
        {
          "first_j": 15,
          "official_walk": 5337,
          "start_index": 5337,
          "start_scalar": 11898509,
          "status": "identity",
          "steps": 141306
        },
        {
          "first_j": 7,
          "official_walk": 5377,
          "start_index": 5377,
          "start_scalar": 9092640,
          "status": "identity",
          "steps": 60898
        },
        {
          "first_j": 4,
          "official_walk": 5414,
          "start_index": 5414,
          "start_scalar": 13487357,
          "status": "identity",
          "steps": 1710
        },
        {
          "first_j": 7,
          "official_walk": 5447,
          "start_index": 5447,
          "start_scalar": 15004589,
          "status": "identity",
          "steps": 268162
        },
        {
          "first_j": 1,
          "official_walk": 5592,
          "start_index": 5592,
          "start_scalar": 14355157,
          "status": "identity",
          "steps": 492480
        },
        {
          "first_j": 11,
          "official_walk": 5621,
          "start_index": 5621,
          "start_scalar": 16194139,
          "status": "identity",
          "steps": 411246
        },
        {
          "first_j": 12,
          "official_walk": 5635,
          "start_index": 5635,
          "start_scalar": 5971449,
          "status": "identity",
          "steps": 26659
        },
        {
          "first_j": 9,
          "official_walk": 5649,
          "start_index": 5649,
          "start_scalar": 3453417,
          "status": "identity",
          "steps": 314917
        },
        {
          "first_j": 2,
          "official_walk": 5669,
          "start_index": 5669,
          "start_scalar": 15954192,
          "status": "identity",
          "steps": 406300
        },
        {
          "first_j": 8,
          "official_walk": 5679,
          "start_index": 5679,
          "start_scalar": 4617077,
          "status": "identity",
          "steps": 777437
        },
        {
          "first_j": 14,
          "official_walk": 5730,
          "start_index": 5730,
          "start_scalar": 5985927,
          "status": "identity",
          "steps": 36547
        },
        {
          "first_j": 5,
          "official_walk": 5763,
          "start_index": 5763,
          "start_scalar": 7045857,
          "status": "identity",
          "steps": 470939
        },
        {
          "first_j": 4,
          "official_walk": 5804,
          "start_index": 5804,
          "start_scalar": 15689423,
          "status": "identity",
          "steps": 1684525
        },
        {
          "first_j": 2,
          "official_walk": 5822,
          "start_index": 5822,
          "start_scalar": 13430629,
          "status": "identity",
          "steps": 15852
        },
        {
          "first_j": 1,
          "official_walk": 5863,
          "start_index": 5863,
          "start_scalar": 11955740,
          "status": "identity",
          "steps": 272076
        },
        {
          "first_j": 2,
          "official_walk": 5867,
          "start_index": 5867,
          "start_scalar": 3951878,
          "status": "identity",
          "steps": 141811
        },
        {
          "first_j": 14,
          "official_walk": 5907,
          "start_index": 5907,
          "start_scalar": 1829885,
          "status": "identity",
          "steps": 1202184
        },
        {
          "first_j": 7,
          "official_walk": 5921,
          "start_index": 5921,
          "start_scalar": 9000884,
          "status": "identity",
          "steps": 32033
        },
        {
          "first_j": 1,
          "official_walk": 6082,
          "start_index": 6082,
          "start_scalar": 13061892,
          "status": "identity",
          "steps": 55522
        },
        {
          "first_j": 15,
          "official_walk": 6145,
          "start_index": 6145,
          "start_scalar": 13676583,
          "status": "identity",
          "steps": 221576
        },
        {
          "first_j": 0,
          "official_walk": 6208,
          "start_index": 6208,
          "start_scalar": 6593642,
          "status": "identity",
          "steps": 192082
        },
        {
          "first_j": 8,
          "official_walk": 6274,
          "start_index": 6274,
          "start_scalar": 1784904,
          "status": "identity",
          "steps": 258084
        },
        {
          "first_j": 14,
          "official_walk": 6283,
          "start_index": 6283,
          "start_scalar": 1489769,
          "status": "identity",
          "steps": 72561
        },
        {
          "first_j": 5,
          "official_walk": 6301,
          "start_index": 6301,
          "start_scalar": 12625551,
          "status": "identity",
          "steps": 80179
        },
        {
          "first_j": 0,
          "official_walk": 6334,
          "start_index": 6334,
          "start_scalar": 6094133,
          "status": "identity",
          "steps": 125379
        },
        {
          "first_j": 1,
          "official_walk": 6365,
          "start_index": 6365,
          "start_scalar": 14606949,
          "status": "identity",
          "steps": 113178
        },
        {
          "first_j": 4,
          "official_walk": 6423,
          "start_index": 6423,
          "start_scalar": 6606788,
          "status": "identity",
          "steps": 210948
        },
        {
          "first_j": 9,
          "official_walk": 6433,
          "start_index": 6433,
          "start_scalar": 4624434,
          "status": "identity",
          "steps": 363567
        },
        {
          "first_j": 6,
          "official_walk": 6576,
          "start_index": 6576,
          "start_scalar": 6386959,
          "status": "identity",
          "steps": 270719
        },
        {
          "first_j": 8,
          "official_walk": 6631,
          "start_index": 6631,
          "start_scalar": 6210891,
          "status": "identity",
          "steps": 114308
        },
        {
          "first_j": 8,
          "official_walk": 6665,
          "start_index": 6665,
          "start_scalar": 16570395,
          "status": "identity",
          "steps": 192
        },
        {
          "first_j": 5,
          "official_walk": 6697,
          "start_index": 6697,
          "start_scalar": 3732725,
          "status": "identity",
          "steps": 814922
        },
        {
          "first_j": 2,
          "official_walk": 6708,
          "start_index": 6708,
          "start_scalar": 13454690,
          "status": "identity",
          "steps": 796275
        },
        {
          "first_j": 10,
          "official_walk": 6711,
          "start_index": 6711,
          "start_scalar": 8199166,
          "status": "identity",
          "steps": 179483
        },
        {
          "first_j": 12,
          "official_walk": 6726,
          "start_index": 6726,
          "start_scalar": 14845078,
          "status": "identity",
          "steps": 311712
        },
        {
          "first_j": 11,
          "official_walk": 6843,
          "start_index": 6843,
          "start_scalar": 7643467,
          "status": "identity",
          "steps": 1091383
        },
        {
          "first_j": 5,
          "official_walk": 6911,
          "start_index": 6911,
          "start_scalar": 2111097,
          "status": "identity",
          "steps": 280079
        },
        {
          "first_j": 1,
          "official_walk": 6936,
          "start_index": 6936,
          "start_scalar": 4218482,
          "status": "identity",
          "steps": 40281
        },
        {
          "first_j": 10,
          "official_walk": 6996,
          "start_index": 6996,
          "start_scalar": 2680152,
          "status": "identity",
          "steps": 1143602
        },
        {
          "first_j": 14,
          "official_walk": 7073,
          "start_index": 7073,
          "start_scalar": 9547323,
          "status": "identity",
          "steps": 108549
        },
        {
          "first_j": 1,
          "official_walk": 7129,
          "start_index": 7129,
          "start_scalar": 12987515,
          "status": "identity",
          "steps": 88274
        },
        {
          "first_j": 13,
          "official_walk": 7169,
          "start_index": 7169,
          "start_scalar": 8010143,
          "status": "identity",
          "steps": 78944
        },
        {
          "first_j": 1,
          "official_walk": 7180,
          "start_index": 7180,
          "start_scalar": 15141155,
          "status": "identity",
          "steps": 98190
        },
        {
          "first_j": 15,
          "official_walk": 7210,
          "start_index": 7210,
          "start_scalar": 13069979,
          "status": "identity",
          "steps": 579335
        },
        {
          "first_j": 3,
          "official_walk": 7253,
          "start_index": 7253,
          "start_scalar": 10224144,
          "status": "identity",
          "steps": 1027521
        },
        {
          "first_j": 4,
          "official_walk": 7263,
          "start_index": 7263,
          "start_scalar": 10703247,
          "status": "identity",
          "steps": 226636
        },
        {
          "first_j": 9,
          "official_walk": 7313,
          "start_index": 7313,
          "start_scalar": 14407915,
          "status": "identity",
          "steps": 70530
        },
        {
          "first_j": 7,
          "official_walk": 7418,
          "start_index": 7418,
          "start_scalar": 8627412,
          "status": "identity",
          "steps": 381203
        },
        {
          "first_j": 1,
          "official_walk": 7431,
          "start_index": 7431,
          "start_scalar": 4785214,
          "status": "identity",
          "steps": 57286
        },
        {
          "first_j": 15,
          "official_walk": 7484,
          "start_index": 7484,
          "start_scalar": 4132856,
          "status": "identity",
          "steps": 245144
        },
        {
          "first_j": 15,
          "official_walk": 7519,
          "start_index": 7519,
          "start_scalar": 16105818,
          "status": "identity",
          "steps": 509209
        },
        {
          "first_j": 15,
          "official_walk": 7525,
          "start_index": 7525,
          "start_scalar": 9170048,
          "status": "identity",
          "steps": 85904
        },
        {
          "first_j": 5,
          "official_walk": 7536,
          "start_index": 7536,
          "start_scalar": 7917761,
          "status": "identity",
          "steps": 88341
        },
        {
          "first_j": 8,
          "official_walk": 7559,
          "start_index": 7559,
          "start_scalar": 7535226,
          "status": "identity",
          "steps": 517780
        },
        {
          "first_j": 1,
          "official_walk": 7628,
          "start_index": 7628,
          "start_scalar": 13723741,
          "status": "identity",
          "steps": 41916
        },
        {
          "first_j": 11,
          "official_walk": 7680,
          "start_index": 7680,
          "start_scalar": 8430560,
          "status": "identity",
          "steps": 16137
        },
        {
          "first_j": 3,
          "official_walk": 7703,
          "start_index": 7703,
          "start_scalar": 1080985,
          "status": "identity",
          "steps": 321315
        },
        {
          "first_j": 2,
          "official_walk": 7728,
          "start_index": 7728,
          "start_scalar": 9294384,
          "status": "identity",
          "steps": 203586
        },
        {
          "first_j": 1,
          "official_walk": 7758,
          "start_index": 7758,
          "start_scalar": 2572915,
          "status": "identity",
          "steps": 120980
        },
        {
          "first_j": 15,
          "official_walk": 7761,
          "start_index": 7761,
          "start_scalar": 4279381,
          "status": "identity",
          "steps": 1510987
        },
        {
          "first_j": 6,
          "official_walk": 7761,
          "start_index": 10198,
          "start_scalar": 3446437,
          "status": "identity",
          "steps": 16829
        },
        {
          "first_j": 12,
          "official_walk": 7811,
          "start_index": 7811,
          "start_scalar": 12065961,
          "status": "identity",
          "steps": 96193
        },
        {
          "first_j": 7,
          "official_walk": 7813,
          "start_index": 7813,
          "start_scalar": 15005231,
          "status": "identity",
          "steps": 62225
        },
        {
          "first_j": 1,
          "official_walk": 7936,
          "start_index": 7936,
          "start_scalar": 8832264,
          "status": "identity",
          "steps": 179504
        },
        {
          "first_j": 11,
          "official_walk": 7968,
          "start_index": 7968,
          "start_scalar": 9077560,
          "status": "identity",
          "steps": 450713
        },
        {
          "first_j": 12,
          "official_walk": 7989,
          "start_index": 7989,
          "start_scalar": 10263819,
          "status": "identity",
          "steps": 193100
        },
        {
          "first_j": 8,
          "official_walk": 8027,
          "start_index": 8027,
          "start_scalar": 8402640,
          "status": "identity",
          "steps": 81866
        },
        {
          "first_j": 5,
          "official_walk": 8035,
          "start_index": 8035,
          "start_scalar": 12452144,
          "status": "identity",
          "steps": 209827
        },
        {
          "first_j": 1,
          "official_walk": 8045,
          "start_index": 8045,
          "start_scalar": 5356568,
          "status": "identity",
          "steps": 492719
        },
        {
          "first_j": 7,
          "official_walk": 8071,
          "start_index": 8071,
          "start_scalar": 13625312,
          "status": "identity",
          "steps": 370876
        },
        {
          "first_j": 0,
          "official_walk": 8083,
          "start_index": 8083,
          "start_scalar": 15195405,
          "status": "identity",
          "steps": 566047
        },
        {
          "first_j": 14,
          "official_walk": 8221,
          "start_index": 8221,
          "start_scalar": 1727886,
          "status": "identity",
          "steps": 196886
        },
        {
          "first_j": 12,
          "official_walk": 8225,
          "start_index": 8225,
          "start_scalar": 5230117,
          "status": "identity",
          "steps": 343551
        },
        {
          "first_j": 4,
          "official_walk": 8234,
          "start_index": 8234,
          "start_scalar": 14502128,
          "status": "identity",
          "steps": 968885
        },
        {
          "first_j": 1,
          "official_walk": 8289,
          "start_index": 8289,
          "start_scalar": 3569643,
          "status": "identity",
          "steps": 221495
        },
        {
          "first_j": 7,
          "official_walk": 8336,
          "start_index": 8336,
          "start_scalar": 889529,
          "status": "identity",
          "steps": 166741
        },
        {
          "first_j": 10,
          "official_walk": 8374,
          "start_index": 8374,
          "start_scalar": 7714412,
          "status": "identity",
          "steps": 504399
        },
        {
          "first_j": 14,
          "official_walk": 8432,
          "start_index": 8432,
          "start_scalar": 8580961,
          "status": "identity",
          "steps": 95477
        },
        {
          "first_j": 8,
          "official_walk": 8434,
          "start_index": 8434,
          "start_scalar": 15529838,
          "status": "identity",
          "steps": 92995
        },
        {
          "first_j": 15,
          "official_walk": 8444,
          "start_index": 8444,
          "start_scalar": 7046917,
          "status": "identity",
          "steps": 309645
        },
        {
          "first_j": 9,
          "official_walk": 8449,
          "start_index": 8449,
          "start_scalar": 8588574,
          "status": "identity",
          "steps": 321308
        },
        {
          "first_j": 4,
          "official_walk": 8472,
          "start_index": 8472,
          "start_scalar": 13724073,
          "status": "identity",
          "steps": 309921
        },
        {
          "first_j": 5,
          "official_walk": 8478,
          "start_index": 8478,
          "start_scalar": 9332203,
          "status": "identity",
          "steps": 329898
        },
        {
          "first_j": 10,
          "official_walk": 8536,
          "start_index": 8536,
          "start_scalar": 2848584,
          "status": "identity",
          "steps": 747238
        },
        {
          "first_j": 7,
          "official_walk": 8568,
          "start_index": 8568,
          "start_scalar": 9859212,
          "status": "identity",
          "steps": 623740
        },
        {
          "first_j": 4,
          "official_walk": 8578,
          "start_index": 8578,
          "start_scalar": 823549,
          "status": "identity",
          "steps": 1045430
        },
        {
          "first_j": 15,
          "official_walk": 8621,
          "start_index": 8621,
          "start_scalar": 11864937,
          "status": "identity",
          "steps": 330063
        },
        {
          "first_j": 1,
          "official_walk": 8639,
          "start_index": 8639,
          "start_scalar": 1699638,
          "status": "identity",
          "steps": 11220
        },
        {
          "first_j": 10,
          "official_walk": 8663,
          "start_index": 8663,
          "start_scalar": 13804528,
          "status": "identity",
          "steps": 428638
        },
        {
          "first_j": 8,
          "official_walk": 8709,
          "start_index": 8709,
          "start_scalar": 16582329,
          "status": "identity",
          "steps": 32570
        },
        {
          "first_j": 4,
          "official_walk": 8712,
          "start_index": 8712,
          "start_scalar": 3070023,
          "status": "identity",
          "steps": 20077
        },
        {
          "first_j": 11,
          "official_walk": 8749,
          "start_index": 8749,
          "start_scalar": 9055084,
          "status": "identity",
          "steps": 110723
        },
        {
          "first_j": 15,
          "official_walk": 8806,
          "start_index": 8806,
          "start_scalar": 4489655,
          "status": "identity",
          "steps": 570370
        },
        {
          "first_j": 2,
          "official_walk": 8815,
          "start_index": 8815,
          "start_scalar": 8322949,
          "status": "identity",
          "steps": 325524
        },
        {
          "first_j": 1,
          "official_walk": 8843,
          "start_index": 8843,
          "start_scalar": 16216627,
          "status": "identity",
          "steps": 112876
        },
        {
          "first_j": 15,
          "official_walk": 8958,
          "start_index": 8958,
          "start_scalar": 6002341,
          "status": "identity",
          "steps": 654158
        },
        {
          "first_j": 14,
          "official_walk": 9023,
          "start_index": 9023,
          "start_scalar": 1751920,
          "status": "identity",
          "steps": 43339
        },
        {
          "first_j": 14,
          "official_walk": 9147,
          "start_index": 9147,
          "start_scalar": 3154288,
          "status": "identity",
          "steps": 381236
        },
        {
          "first_j": 13,
          "official_walk": 9150,
          "start_index": 9150,
          "start_scalar": 3025781,
          "status": "identity",
          "steps": 249667
        },
        {
          "first_j": 2,
          "official_walk": 9155,
          "start_index": 9155,
          "start_scalar": 13311239,
          "status": "identity",
          "steps": 225243
        },
        {
          "first_j": 0,
          "official_walk": 9318,
          "start_index": 9318,
          "start_scalar": 4746969,
          "status": "identity",
          "steps": 105796
        },
        {
          "first_j": 4,
          "official_walk": 9514,
          "start_index": 9514,
          "start_scalar": 2949417,
          "status": "identity",
          "steps": 1063871
        },
        {
          "first_j": 0,
          "official_walk": 9554,
          "start_index": 9554,
          "start_scalar": 3245237,
          "status": "identity",
          "steps": 245374
        },
        {
          "first_j": 10,
          "official_walk": 9591,
          "start_index": 9591,
          "start_scalar": 5232503,
          "status": "identity",
          "steps": 201278
        },
        {
          "first_j": 7,
          "official_walk": 9594,
          "start_index": 9594,
          "start_scalar": 8058865,
          "status": "identity",
          "steps": 1054029
        },
        {
          "first_j": 6,
          "official_walk": 9610,
          "start_index": 9610,
          "start_scalar": 13254272,
          "status": "identity",
          "steps": 166329
        },
        {
          "first_j": 9,
          "official_walk": 9677,
          "start_index": 9677,
          "start_scalar": 9890377,
          "status": "identity",
          "steps": 164097
        },
        {
          "first_j": 4,
          "official_walk": 9705,
          "start_index": 9705,
          "start_scalar": 685484,
          "status": "identity",
          "steps": 998784
        },
        {
          "first_j": 7,
          "official_walk": 9773,
          "start_index": 9773,
          "start_scalar": 9034253,
          "status": "identity",
          "steps": 172616
        },
        {
          "first_j": 12,
          "official_walk": 9833,
          "start_index": 9833,
          "start_scalar": 11401801,
          "status": "identity",
          "steps": 90340
        },
        {
          "first_j": 15,
          "official_walk": 9863,
          "start_index": 9863,
          "start_scalar": 8879312,
          "status": "identity",
          "steps": 677711
        },
        {
          "first_j": 4,
          "official_walk": 9870,
          "start_index": 9870,
          "start_scalar": 16321739,
          "status": "identity",
          "steps": 241681
        },
        {
          "first_j": 15,
          "official_walk": 9925,
          "start_index": 9925,
          "start_scalar": 14704458,
          "status": "identity",
          "steps": 333463
        },
        {
          "first_j": 9,
          "official_walk": 9955,
          "start_index": 9955,
          "start_scalar": 7160932,
          "status": "identity",
          "steps": 28918
        },
        {
          "first_j": 11,
          "official_walk": 9979,
          "start_index": 9979,
          "start_scalar": 72410,
          "status": "identity",
          "steps": 120054
        },
        {
          "first_j": 12,
          "official_walk": 9992,
          "start_index": 9992,
          "start_scalar": 1876880,
          "status": "identity",
          "steps": 172536
        },
        {
          "first_j": 8,
          "official_walk": 9993,
          "start_index": 9993,
          "start_scalar": 1226581,
          "status": "identity",
          "steps": 101154
        }
      ],
      "ks_distance": 0.25874956372120905,
      "ks_within_0_10": false,
      "label": "design",
      "mean_hitting_time": 407683.5455,
      "mean_over_N_over_D": 0.48599674510897606,
      "n_capped": 0,
      "n_identity_events": 256,
      "n_uncensored": 10000,
      "n_walks_completed": 10000,
      "nested_stage11_walk0_match": true,
      "percentile_99": 1896223,
      "t_geo_99": 3863093,
      "wall_clock_seconds": 445.4162916610003
    },
    {
      "cap_steps": 6710888,
      "cell": "S7-T2-P16777213",
      "claimed_hits_in_V": true,
      "completed": true,
      "expected_N_over_D": 838860.65,
      "factor2_departure": true,
      "first_j_idx0": 5,
      "first_j_idx0_match": true,
      "first_j_idx10": 8,
      "first_j_idx10_match": true,
      "identity_events": [
        {
          "first_j": 5,
          "official_walk": 6,
          "start_index": 6,
          "start_scalar": 14742596,
          "status": "identity",
          "steps": 793448
        },
        {
          "first_j": 8,
          "official_walk": 52,
          "start_index": 52,
          "start_scalar": 8988362,
          "status": "identity",
          "steps": 756824
        },
        {
          "first_j": 15,
          "official_walk": 149,
          "start_index": 149,
          "start_scalar": 9470205,
          "status": "identity",
          "steps": 456111
        },
        {
          "first_j": 14,
          "official_walk": 171,
          "start_index": 171,
          "start_scalar": 12792571,
          "status": "identity",
          "steps": 587588
        },
        {
          "first_j": 11,
          "official_walk": 238,
          "start_index": 238,
          "start_scalar": 10202855,
          "status": "identity",
          "steps": 214718
        },
        {
          "first_j": 13,
          "official_walk": 316,
          "start_index": 316,
          "start_scalar": 2580974,
          "status": "identity",
          "steps": 437757
        },
        {
          "first_j": 10,
          "official_walk": 342,
          "start_index": 342,
          "start_scalar": 11586804,
          "status": "identity",
          "steps": 612210
        },
        {
          "first_j": 2,
          "official_walk": 418,
          "start_index": 418,
          "start_scalar": 6256976,
          "status": "identity",
          "steps": 5765
        },
        {
          "first_j": 4,
          "official_walk": 437,
          "start_index": 437,
          "start_scalar": 9824671,
          "status": "identity",
          "steps": 1293790
        },
        {
          "first_j": 8,
          "official_walk": 487,
          "start_index": 487,
          "start_scalar": 9013366,
          "status": "identity",
          "steps": 481147
        },
        {
          "first_j": 10,
          "official_walk": 489,
          "start_index": 489,
          "start_scalar": 9923933,
          "status": "identity",
          "steps": 871284
        },
        {
          "first_j": 3,
          "official_walk": 497,
          "start_index": 497,
          "start_scalar": 12467256,
          "status": "identity",
          "steps": 180965
        },
        {
          "first_j": 3,
          "official_walk": 498,
          "start_index": 498,
          "start_scalar": 5148225,
          "status": "identity",
          "steps": 346362
        },
        {
          "first_j": 13,
          "official_walk": 500,
          "start_index": 500,
          "start_scalar": 11380933,
          "status": "identity",
          "steps": 93216
        },
        {
          "first_j": 7,
          "official_walk": 562,
          "start_index": 562,
          "start_scalar": 8772896,
          "status": "identity",
          "steps": 108023
        },
        {
          "first_j": 12,
          "official_walk": 626,
          "start_index": 626,
          "start_scalar": 11272166,
          "status": "identity",
          "steps": 726910
        },
        {
          "first_j": 1,
          "official_walk": 659,
          "start_index": 659,
          "start_scalar": 1017014,
          "status": "identity",
          "steps": 87626
        },
        {
          "first_j": 15,
          "official_walk": 666,
          "start_index": 666,
          "start_scalar": 14005103,
          "status": "identity",
          "steps": 195858
        },
        {
          "first_j": 3,
          "official_walk": 717,
          "start_index": 717,
          "start_scalar": 11346159,
          "status": "identity",
          "steps": 263745
        },
        {
          "first_j": 2,
          "official_walk": 750,
          "start_index": 750,
          "start_scalar": 16568154,
          "status": "identity",
          "steps": 454683
        },
        {
          "first_j": 0,
          "official_walk": 754,
          "start_index": 754,
          "start_scalar": 10870101,
          "status": "identity",
          "steps": 938732
        },
        {
          "first_j": 10,
          "official_walk": 824,
          "start_index": 824,
          "start_scalar": 12614983,
          "status": "identity",
          "steps": 82204
        },
        {
          "first_j": 12,
          "official_walk": 829,
          "start_index": 829,
          "start_scalar": 16052878,
          "status": "identity",
          "steps": 61978
        },
        {
          "first_j": 9,
          "official_walk": 830,
          "start_index": 830,
          "start_scalar": 7304075,
          "status": "identity",
          "steps": 172870
        },
        {
          "first_j": 10,
          "official_walk": 830,
          "start_index": 10023,
          "start_scalar": 3590494,
          "status": "identity",
          "steps": 102914
        },
        {
          "first_j": 3,
          "official_walk": 901,
          "start_index": 901,
          "start_scalar": 13226570,
          "status": "identity",
          "steps": 1136172
        },
        {
          "first_j": 3,
          "official_walk": 906,
          "start_index": 906,
          "start_scalar": 12710027,
          "status": "identity",
          "steps": 539640
        },
        {
          "first_j": 13,
          "official_walk": 922,
          "start_index": 922,
          "start_scalar": 12119885,
          "status": "identity",
          "steps": 920045
        },
        {
          "first_j": 11,
          "official_walk": 964,
          "start_index": 964,
          "start_scalar": 11815607,
          "status": "identity",
          "steps": 28098
        },
        {
          "first_j": 9,
          "official_walk": 1017,
          "start_index": 1017,
          "start_scalar": 12016338,
          "status": "identity",
          "steps": 73667
        },
        {
          "first_j": 13,
          "official_walk": 1095,
          "start_index": 1095,
          "start_scalar": 267228,
          "status": "identity",
          "steps": 123391
        },
        {
          "first_j": 1,
          "official_walk": 1163,
          "start_index": 1163,
          "start_scalar": 2859670,
          "status": "identity",
          "steps": 257243
        },
        {
          "first_j": 1,
          "official_walk": 1191,
          "start_index": 1191,
          "start_scalar": 15430070,
          "status": "identity",
          "steps": 448420
        },
        {
          "first_j": 3,
          "official_walk": 1203,
          "start_index": 1203,
          "start_scalar": 16686711,
          "status": "identity",
          "steps": 30029
        },
        {
          "first_j": 3,
          "official_walk": 1230,
          "start_index": 1230,
          "start_scalar": 7242987,
          "status": "identity",
          "steps": 24114
        },
        {
          "first_j": 1,
          "official_walk": 1248,
          "start_index": 1248,
          "start_scalar": 5937268,
          "status": "identity",
          "steps": 254053
        },
        {
          "first_j": 11,
          "official_walk": 1262,
          "start_index": 1262,
          "start_scalar": 8941356,
          "status": "identity",
          "steps": 591385
        },
        {
          "first_j": 2,
          "official_walk": 1265,
          "start_index": 1265,
          "start_scalar": 4135003,
          "status": "identity",
          "steps": 662630
        },
        {
          "first_j": 6,
          "official_walk": 1318,
          "start_index": 1318,
          "start_scalar": 14270564,
          "status": "identity",
          "steps": 212082
        },
        {
          "first_j": 2,
          "official_walk": 1355,
          "start_index": 1355,
          "start_scalar": 11286260,
          "status": "identity",
          "steps": 205103
        },
        {
          "first_j": 7,
          "official_walk": 1448,
          "start_index": 1448,
          "start_scalar": 11958359,
          "status": "identity",
          "steps": 690321
        },
        {
          "first_j": 13,
          "official_walk": 1451,
          "start_index": 1451,
          "start_scalar": 15748298,
          "status": "identity",
          "steps": 286997
        },
        {
          "first_j": 13,
          "official_walk": 1479,
          "start_index": 1479,
          "start_scalar": 12370416,
          "status": "identity",
          "steps": 10589
        },
        {
          "first_j": 8,
          "official_walk": 1491,
          "start_index": 1491,
          "start_scalar": 13656656,
          "status": "identity",
          "steps": 326253
        },
        {
          "first_j": 13,
          "official_walk": 1535,
          "start_index": 1535,
          "start_scalar": 368635,
          "status": "identity",
          "steps": 946240
        },
        {
          "first_j": 4,
          "official_walk": 1628,
          "start_index": 1628,
          "start_scalar": 5322635,
          "status": "identity",
          "steps": 913134
        },
        {
          "first_j": 14,
          "official_walk": 1647,
          "start_index": 1647,
          "start_scalar": 15768424,
          "status": "identity",
          "steps": 34405
        },
        {
          "first_j": 10,
          "official_walk": 1650,
          "start_index": 1650,
          "start_scalar": 11175773,
          "status": "identity",
          "steps": 21756
        },
        {
          "first_j": 8,
          "official_walk": 1709,
          "start_index": 1709,
          "start_scalar": 2146251,
          "status": "identity",
          "steps": 92880
        },
        {
          "first_j": 4,
          "official_walk": 1742,
          "start_index": 1742,
          "start_scalar": 14356045,
          "status": "identity",
          "steps": 116058
        },
        {
          "first_j": 10,
          "official_walk": 1770,
          "start_index": 1770,
          "start_scalar": 4066479,
          "status": "identity",
          "steps": 124513
        },
        {
          "first_j": 10,
          "official_walk": 1836,
          "start_index": 1836,
          "start_scalar": 6436825,
          "status": "identity",
          "steps": 2810019
        },
        {
          "first_j": 6,
          "official_walk": 1849,
          "start_index": 1849,
          "start_scalar": 3701188,
          "status": "identity",
          "steps": 755516
        },
        {
          "first_j": 10,
          "official_walk": 1959,
          "start_index": 1959,
          "start_scalar": 9933195,
          "status": "identity",
          "steps": 175257
        },
        {
          "first_j": 5,
          "official_walk": 2025,
          "start_index": 2025,
          "start_scalar": 9603134,
          "status": "identity",
          "steps": 1317710
        },
        {
          "first_j": 1,
          "official_walk": 2063,
          "start_index": 2063,
          "start_scalar": 5377332,
          "status": "identity",
          "steps": 232849
        },
        {
          "first_j": 4,
          "official_walk": 2064,
          "start_index": 2064,
          "start_scalar": 4920155,
          "status": "identity",
          "steps": 494718
        },
        {
          "first_j": 7,
          "official_walk": 2110,
          "start_index": 2110,
          "start_scalar": 13589729,
          "status": "identity",
          "steps": 147727
        },
        {
          "first_j": 5,
          "official_walk": 2117,
          "start_index": 2117,
          "start_scalar": 14785095,
          "status": "identity",
          "steps": 87164
        },
        {
          "first_j": 14,
          "official_walk": 2137,
          "start_index": 2137,
          "start_scalar": 5110464,
          "status": "identity",
          "steps": 1685
        },
        {
          "first_j": 5,
          "official_walk": 2220,
          "start_index": 2220,
          "start_scalar": 6611753,
          "status": "identity",
          "steps": 519234
        },
        {
          "first_j": 2,
          "official_walk": 2241,
          "start_index": 2241,
          "start_scalar": 9679911,
          "status": "identity",
          "steps": 449123
        },
        {
          "first_j": 10,
          "official_walk": 2283,
          "start_index": 2283,
          "start_scalar": 13259718,
          "status": "identity",
          "steps": 239720
        },
        {
          "first_j": 14,
          "official_walk": 2367,
          "start_index": 2367,
          "start_scalar": 6184050,
          "status": "identity",
          "steps": 759487
        },
        {
          "first_j": 15,
          "official_walk": 2380,
          "start_index": 2380,
          "start_scalar": 15274261,
          "status": "identity",
          "steps": 228568
        },
        {
          "first_j": 7,
          "official_walk": 2410,
          "start_index": 2410,
          "start_scalar": 5386285,
          "status": "identity",
          "steps": 628664
        },
        {
          "first_j": 11,
          "official_walk": 2410,
          "start_index": 10065,
          "start_scalar": 3707667,
          "status": "identity",
          "steps": 408937
        },
        {
          "first_j": 0,
          "official_walk": 2436,
          "start_index": 2436,
          "start_scalar": 14231204,
          "status": "identity",
          "steps": 1140829
        },
        {
          "first_j": 15,
          "official_walk": 2446,
          "start_index": 2446,
          "start_scalar": 10050838,
          "status": "identity",
          "steps": 471745
        },
        {
          "first_j": 11,
          "official_walk": 2454,
          "start_index": 2454,
          "start_scalar": 3420549,
          "status": "identity",
          "steps": 1473920
        },
        {
          "first_j": 0,
          "official_walk": 2471,
          "start_index": 2471,
          "start_scalar": 372182,
          "status": "identity",
          "steps": 360105
        },
        {
          "first_j": 5,
          "official_walk": 2507,
          "start_index": 2507,
          "start_scalar": 12568405,
          "status": "identity",
          "steps": 58600
        },
        {
          "first_j": 5,
          "official_walk": 2515,
          "start_index": 2515,
          "start_scalar": 3144121,
          "status": "identity",
          "steps": 634867
        },
        {
          "first_j": 11,
          "official_walk": 2580,
          "start_index": 2580,
          "start_scalar": 8973127,
          "status": "identity",
          "steps": 800992
        },
        {
          "first_j": 0,
          "official_walk": 2740,
          "start_index": 2740,
          "start_scalar": 269684,
          "status": "identity",
          "steps": 540785
        },
        {
          "first_j": 3,
          "official_walk": 2784,
          "start_index": 2784,
          "start_scalar": 8862186,
          "status": "identity",
          "steps": 236295
        },
        {
          "first_j": 6,
          "official_walk": 2843,
          "start_index": 2843,
          "start_scalar": 11103160,
          "status": "identity",
          "steps": 456420
        },
        {
          "first_j": 14,
          "official_walk": 2877,
          "start_index": 2877,
          "start_scalar": 9074301,
          "status": "identity",
          "steps": 1375886
        },
        {
          "first_j": 7,
          "official_walk": 2879,
          "start_index": 2879,
          "start_scalar": 2437645,
          "status": "identity",
          "steps": 55283
        },
        {
          "first_j": 3,
          "official_walk": 2894,
          "start_index": 2894,
          "start_scalar": 16477336,
          "status": "identity",
          "steps": 245217
        },
        {
          "first_j": 1,
          "official_walk": 2905,
          "start_index": 2905,
          "start_scalar": 6832618,
          "status": "identity",
          "steps": 124447
        },
        {
          "first_j": 3,
          "official_walk": 2949,
          "start_index": 2949,
          "start_scalar": 9199176,
          "status": "identity",
          "steps": 482714
        },
        {
          "first_j": 1,
          "official_walk": 3011,
          "start_index": 3011,
          "start_scalar": 12818778,
          "status": "identity",
          "steps": 480717
        },
        {
          "first_j": 15,
          "official_walk": 3013,
          "start_index": 3013,
          "start_scalar": 16359557,
          "status": "identity",
          "steps": 441919
        },
        {
          "first_j": 4,
          "official_walk": 3081,
          "start_index": 3081,
          "start_scalar": 13576017,
          "status": "identity",
          "steps": 1379388
        },
        {
          "first_j": 10,
          "official_walk": 3142,
          "start_index": 3142,
          "start_scalar": 10032171,
          "status": "identity",
          "steps": 1916
        },
        {
          "first_j": 10,
          "official_walk": 3165,
          "start_index": 3165,
          "start_scalar": 12679481,
          "status": "identity",
          "steps": 658320
        },
        {
          "first_j": 6,
          "official_walk": 3323,
          "start_index": 3323,
          "start_scalar": 10995912,
          "status": "identity",
          "steps": 15914
        },
        {
          "first_j": 11,
          "official_walk": 3343,
          "start_index": 3343,
          "start_scalar": 4594031,
          "status": "identity",
          "steps": 4168
        },
        {
          "first_j": 14,
          "official_walk": 3411,
          "start_index": 3411,
          "start_scalar": 4616926,
          "status": "identity",
          "steps": 41941
        },
        {
          "first_j": 8,
          "official_walk": 3527,
          "start_index": 3527,
          "start_scalar": 9834859,
          "status": "identity",
          "steps": 146751
        },
        {
          "first_j": 12,
          "official_walk": 3549,
          "start_index": 3549,
          "start_scalar": 8199894,
          "status": "identity",
          "steps": 332182
        },
        {
          "first_j": 3,
          "official_walk": 3565,
          "start_index": 3565,
          "start_scalar": 13608324,
          "status": "identity",
          "steps": 296276
        },
        {
          "first_j": 10,
          "official_walk": 3567,
          "start_index": 3567,
          "start_scalar": 15762985,
          "status": "identity",
          "steps": 558519
        },
        {
          "first_j": 2,
          "official_walk": 3727,
          "start_index": 3727,
          "start_scalar": 11267995,
          "status": "identity",
          "steps": 328060
        },
        {
          "first_j": 5,
          "official_walk": 3756,
          "start_index": 3756,
          "start_scalar": 10973151,
          "status": "identity",
          "steps": 383113
        },
        {
          "first_j": 15,
          "official_walk": 3758,
          "start_index": 3758,
          "start_scalar": 12564351,
          "status": "identity",
          "steps": 369673
        },
        {
          "first_j": 12,
          "official_walk": 3763,
          "start_index": 3763,
          "start_scalar": 10989957,
          "status": "identity",
          "steps": 2931334
        },
        {
          "first_j": 6,
          "official_walk": 3803,
          "start_index": 3803,
          "start_scalar": 10132384,
          "status": "identity",
          "steps": 178416
        },
        {
          "first_j": 8,
          "official_walk": 3865,
          "start_index": 3865,
          "start_scalar": 9658485,
          "status": "identity",
          "steps": 640119
        },
        {
          "first_j": 15,
          "official_walk": 3867,
          "start_index": 3867,
          "start_scalar": 1452453,
          "status": "identity",
          "steps": 103423
        },
        {
          "first_j": 14,
          "official_walk": 3895,
          "start_index": 3895,
          "start_scalar": 2566237,
          "status": "identity",
          "steps": 85369
        },
        {
          "first_j": 5,
          "official_walk": 3947,
          "start_index": 3947,
          "start_scalar": 4434831,
          "status": "identity",
          "steps": 1209536
        },
        {
          "first_j": 4,
          "official_walk": 3967,
          "start_index": 3967,
          "start_scalar": 5036675,
          "status": "identity",
          "steps": 152893
        },
        {
          "first_j": 13,
          "official_walk": 4001,
          "start_index": 4001,
          "start_scalar": 625415,
          "status": "identity",
          "steps": 95753
        },
        {
          "first_j": 8,
          "official_walk": 4015,
          "start_index": 4015,
          "start_scalar": 12028815,
          "status": "identity",
          "steps": 1077181
        },
        {
          "first_j": 10,
          "official_walk": 4047,
          "start_index": 4047,
          "start_scalar": 7733847,
          "status": "identity",
          "steps": 345502
        },
        {
          "first_j": 8,
          "official_walk": 4065,
          "start_index": 4065,
          "start_scalar": 12743743,
          "status": "identity",
          "steps": 604643
        },
        {
          "first_j": 3,
          "official_walk": 4080,
          "start_index": 4080,
          "start_scalar": 13284911,
          "status": "identity",
          "steps": 719582
        },
        {
          "first_j": 3,
          "official_walk": 4131,
          "start_index": 4131,
          "start_scalar": 8940666,
          "status": "identity",
          "steps": 154654
        },
        {
          "first_j": 7,
          "official_walk": 4158,
          "start_index": 4158,
          "start_scalar": 13017136,
          "status": "identity",
          "steps": 1114234
        },
        {
          "first_j": 7,
          "official_walk": 4234,
          "start_index": 4234,
          "start_scalar": 14892045,
          "status": "identity",
          "steps": 346141
        },
        {
          "first_j": 11,
          "official_walk": 4239,
          "start_index": 4239,
          "start_scalar": 7509273,
          "status": "identity",
          "steps": 396576
        },
        {
          "first_j": 15,
          "official_walk": 4294,
          "start_index": 4294,
          "start_scalar": 1619308,
          "status": "identity",
          "steps": 14172
        },
        {
          "first_j": 0,
          "official_walk": 4314,
          "start_index": 4314,
          "start_scalar": 10952198,
          "status": "identity",
          "steps": 558858
        },
        {
          "first_j": 4,
          "official_walk": 4339,
          "start_index": 4339,
          "start_scalar": 5561132,
          "status": "identity",
          "steps": 113549
        },
        {
          "first_j": 3,
          "official_walk": 4370,
          "start_index": 4370,
          "start_scalar": 10441030,
          "status": "identity",
          "steps": 602744
        },
        {
          "first_j": 13,
          "official_walk": 4376,
          "start_index": 4376,
          "start_scalar": 15150604,
          "status": "identity",
          "steps": 232178
        },
        {
          "first_j": 5,
          "official_walk": 4401,
          "start_index": 4401,
          "start_scalar": 3915673,
          "status": "identity",
          "steps": 588539
        },
        {
          "first_j": 4,
          "official_walk": 4422,
          "start_index": 4422,
          "start_scalar": 3669785,
          "status": "identity",
          "steps": 172429
        },
        {
          "first_j": 2,
          "official_walk": 4422,
          "start_index": 10119,
          "start_scalar": 461078,
          "status": "identity",
          "steps": 413628
        },
        {
          "first_j": 1,
          "official_walk": 4423,
          "start_index": 4423,
          "start_scalar": 8364483,
          "status": "identity",
          "steps": 387316
        },
        {
          "first_j": 13,
          "official_walk": 4426,
          "start_index": 4426,
          "start_scalar": 10358660,
          "status": "identity",
          "steps": 840202
        },
        {
          "first_j": 15,
          "official_walk": 4437,
          "start_index": 4437,
          "start_scalar": 15206416,
          "status": "identity",
          "steps": 19902
        },
        {
          "first_j": 12,
          "official_walk": 4460,
          "start_index": 4460,
          "start_scalar": 6724243,
          "status": "identity",
          "steps": 1455
        },
        {
          "first_j": 1,
          "official_walk": 4492,
          "start_index": 4492,
          "start_scalar": 11965714,
          "status": "identity",
          "steps": 490827
        },
        {
          "first_j": 11,
          "official_walk": 4510,
          "start_index": 4510,
          "start_scalar": 8816855,
          "status": "identity",
          "steps": 262358
        },
        {
          "first_j": 8,
          "official_walk": 4543,
          "start_index": 4543,
          "start_scalar": 12450422,
          "status": "identity",
          "steps": 1295264
        },
        {
          "first_j": 1,
          "official_walk": 4596,
          "start_index": 4596,
          "start_scalar": 3566727,
          "status": "identity",
          "steps": 252056
        },
        {
          "first_j": 9,
          "official_walk": 4766,
          "start_index": 4766,
          "start_scalar": 4848096,
          "status": "identity",
          "steps": 1579450
        },
        {
          "first_j": 11,
          "official_walk": 4773,
          "start_index": 4773,
          "start_scalar": 7855609,
          "status": "identity",
          "steps": 265790
        },
        {
          "first_j": 7,
          "official_walk": 4817,
          "start_index": 4817,
          "start_scalar": 12090031,
          "status": "identity",
          "steps": 617148
        },
        {
          "first_j": 14,
          "official_walk": 4912,
          "start_index": 4912,
          "start_scalar": 10757864,
          "status": "identity",
          "steps": 164967
        },
        {
          "first_j": 0,
          "official_walk": 4968,
          "start_index": 4968,
          "start_scalar": 7765427,
          "status": "identity",
          "steps": 6265
        },
        {
          "first_j": 13,
          "official_walk": 4988,
          "start_index": 4988,
          "start_scalar": 2865122,
          "status": "identity",
          "steps": 382877
        },
        {
          "first_j": 13,
          "official_walk": 5078,
          "start_index": 5078,
          "start_scalar": 12725682,
          "status": "identity",
          "steps": 591038
        },
        {
          "first_j": 13,
          "official_walk": 5082,
          "start_index": 5082,
          "start_scalar": 4982351,
          "status": "identity",
          "steps": 10314
        },
        {
          "first_j": 0,
          "official_walk": 5144,
          "start_index": 5144,
          "start_scalar": 8677526,
          "status": "identity",
          "steps": 362995
        },
        {
          "first_j": 15,
          "official_walk": 5195,
          "start_index": 5195,
          "start_scalar": 1678482,
          "status": "identity",
          "steps": 383732
        },
        {
          "first_j": 3,
          "official_walk": 5201,
          "start_index": 5201,
          "start_scalar": 1428237,
          "status": "identity",
          "steps": 44259
        },
        {
          "first_j": 1,
          "official_walk": 5205,
          "start_index": 5205,
          "start_scalar": 346227,
          "status": "identity",
          "steps": 212948
        },
        {
          "first_j": 11,
          "official_walk": 5207,
          "start_index": 5207,
          "start_scalar": 3466967,
          "status": "identity",
          "steps": 404230
        },
        {
          "first_j": 12,
          "official_walk": 5219,
          "start_index": 5219,
          "start_scalar": 15570922,
          "status": "identity",
          "steps": 117101
        },
        {
          "first_j": 1,
          "official_walk": 5402,
          "start_index": 5402,
          "start_scalar": 6408072,
          "status": "identity",
          "steps": 22853
        },
        {
          "first_j": 0,
          "official_walk": 5435,
          "start_index": 5435,
          "start_scalar": 10587093,
          "status": "identity",
          "steps": 685118
        },
        {
          "first_j": 14,
          "official_walk": 5499,
          "start_index": 5499,
          "start_scalar": 14026573,
          "status": "identity",
          "steps": 175995
        },
        {
          "first_j": 14,
          "official_walk": 5533,
          "start_index": 5533,
          "start_scalar": 15786133,
          "status": "identity",
          "steps": 162703
        },
        {
          "first_j": 5,
          "official_walk": 5683,
          "start_index": 5683,
          "start_scalar": 9962500,
          "status": "identity",
          "steps": 142200
        },
        {
          "first_j": 4,
          "official_walk": 5684,
          "start_index": 5684,
          "start_scalar": 11704921,
          "status": "identity",
          "steps": 267020
        },
        {
          "first_j": 2,
          "official_walk": 5724,
          "start_index": 5724,
          "start_scalar": 14820975,
          "status": "identity",
          "steps": 206295
        },
        {
          "first_j": 7,
          "official_walk": 5725,
          "start_index": 5725,
          "start_scalar": 11900988,
          "status": "identity",
          "steps": 112123
        },
        {
          "first_j": 0,
          "official_walk": 5730,
          "start_index": 5730,
          "start_scalar": 5985927,
          "status": "identity",
          "steps": 957420
        },
        {
          "first_j": 15,
          "official_walk": 5772,
          "start_index": 5772,
          "start_scalar": 4326717,
          "status": "identity",
          "steps": 519324
        },
        {
          "first_j": 10,
          "official_walk": 5783,
          "start_index": 5783,
          "start_scalar": 3778128,
          "status": "identity",
          "steps": 588913
        },
        {
          "first_j": 0,
          "official_walk": 5812,
          "start_index": 5812,
          "start_scalar": 10627225,
          "status": "identity",
          "steps": 122553
        },
        {
          "first_j": 14,
          "official_walk": 5843,
          "start_index": 5843,
          "start_scalar": 4957305,
          "status": "identity",
          "steps": 283140
        },
        {
          "first_j": 11,
          "official_walk": 5844,
          "start_index": 5844,
          "start_scalar": 11565686,
          "status": "identity",
          "steps": 845100
        },
        {
          "first_j": 9,
          "official_walk": 5849,
          "start_index": 5849,
          "start_scalar": 6500164,
          "status": "identity",
          "steps": 26454
        },
        {
          "first_j": 8,
          "official_walk": 5958,
          "start_index": 5958,
          "start_scalar": 14105532,
          "status": "identity",
          "steps": 1625925
        },
        {
          "first_j": 2,
          "official_walk": 5964,
          "start_index": 5964,
          "start_scalar": 7496107,
          "status": "identity",
          "steps": 251171
        },
        {
          "first_j": 13,
          "official_walk": 5964,
          "start_index": 10159,
          "start_scalar": 4078666,
          "status": "identity",
          "steps": 294098
        },
        {
          "first_j": 3,
          "official_walk": 5976,
          "start_index": 5976,
          "start_scalar": 4339296,
          "status": "identity",
          "steps": 37612
        },
        {
          "first_j": 4,
          "official_walk": 5991,
          "start_index": 5991,
          "start_scalar": 13581007,
          "status": "identity",
          "steps": 676554
        },
        {
          "first_j": 10,
          "official_walk": 6067,
          "start_index": 6067,
          "start_scalar": 12771403,
          "status": "identity",
          "steps": 551315
        },
        {
          "first_j": 10,
          "official_walk": 6070,
          "start_index": 6070,
          "start_scalar": 10620897,
          "status": "identity",
          "steps": 530597
        },
        {
          "first_j": 8,
          "official_walk": 6132,
          "start_index": 6132,
          "start_scalar": 7305453,
          "status": "identity",
          "steps": 252966
        },
        {
          "first_j": 9,
          "official_walk": 6186,
          "start_index": 6186,
          "start_scalar": 7212572,
          "status": "identity",
          "steps": 994106
        },
        {
          "first_j": 5,
          "official_walk": 6197,
          "start_index": 6197,
          "start_scalar": 8333478,
          "status": "identity",
          "steps": 1017476
        },
        {
          "first_j": 9,
          "official_walk": 6276,
          "start_index": 6276,
          "start_scalar": 1475571,
          "status": "identity",
          "steps": 2780
        },
        {
          "first_j": 1,
          "official_walk": 6335,
          "start_index": 6335,
          "start_scalar": 9206831,
          "status": "identity",
          "steps": 247283
        },
        {
          "first_j": 1,
          "official_walk": 6355,
          "start_index": 6355,
          "start_scalar": 8522826,
          "status": "identity",
          "steps": 239504
        },
        {
          "first_j": 4,
          "official_walk": 6381,
          "start_index": 6381,
          "start_scalar": 4226559,
          "status": "identity",
          "steps": 43161
        },
        {
          "first_j": 14,
          "official_walk": 6539,
          "start_index": 6539,
          "start_scalar": 11977621,
          "status": "identity",
          "steps": 220032
        },
        {
          "first_j": 7,
          "official_walk": 6548,
          "start_index": 6548,
          "start_scalar": 12559396,
          "status": "identity",
          "steps": 12500
        },
        {
          "first_j": 6,
          "official_walk": 6577,
          "start_index": 6577,
          "start_scalar": 789327,
          "status": "identity",
          "steps": 199348
        },
        {
          "first_j": 7,
          "official_walk": 6630,
          "start_index": 6630,
          "start_scalar": 2588095,
          "status": "identity",
          "steps": 264241
        },
        {
          "first_j": 9,
          "official_walk": 6728,
          "start_index": 6728,
          "start_scalar": 4504008,
          "status": "identity",
          "steps": 397415
        },
        {
          "first_j": 0,
          "official_walk": 6753,
          "start_index": 6753,
          "start_scalar": 15834773,
          "status": "identity",
          "steps": 594978
        },
        {
          "first_j": 10,
          "official_walk": 6802,
          "start_index": 6802,
          "start_scalar": 8701920,
          "status": "identity",
          "steps": 219845
        },
        {
          "first_j": 9,
          "official_walk": 6811,
          "start_index": 6811,
          "start_scalar": 13573471,
          "status": "identity",
          "steps": 248191
        },
        {
          "first_j": 10,
          "official_walk": 6953,
          "start_index": 6953,
          "start_scalar": 7956076,
          "status": "identity",
          "steps": 662585
        },
        {
          "first_j": 10,
          "official_walk": 6959,
          "start_index": 6959,
          "start_scalar": 15799117,
          "status": "identity",
          "steps": 387332
        },
        {
          "first_j": 12,
          "official_walk": 7042,
          "start_index": 7042,
          "start_scalar": 3779648,
          "status": "identity",
          "steps": 601988
        },
        {
          "first_j": 4,
          "official_walk": 7122,
          "start_index": 7122,
          "start_scalar": 13112625,
          "status": "identity",
          "steps": 218880
        },
        {
          "first_j": 11,
          "official_walk": 7139,
          "start_index": 7139,
          "start_scalar": 3717471,
          "status": "identity",
          "steps": 246729
        },
        {
          "first_j": 4,
          "official_walk": 7150,
          "start_index": 7150,
          "start_scalar": 9198078,
          "status": "identity",
          "steps": 194656
        },
        {
          "first_j": 4,
          "official_walk": 7282,
          "start_index": 7282,
          "start_scalar": 10877951,
          "status": "identity",
          "steps": 118369
        },
        {
          "first_j": 6,
          "official_walk": 7320,
          "start_index": 7320,
          "start_scalar": 14803959,
          "status": "identity",
          "steps": 129406
        },
        {
          "first_j": 8,
          "official_walk": 7439,
          "start_index": 7439,
          "start_scalar": 12395950,
          "status": "identity",
          "steps": 156437
        },
        {
          "first_j": 12,
          "official_walk": 7445,
          "start_index": 7445,
          "start_scalar": 4481613,
          "status": "identity",
          "steps": 99105
        },
        {
          "first_j": 6,
          "official_walk": 7454,
          "start_index": 7454,
          "start_scalar": 1273748,
          "status": "identity",
          "steps": 224212
        },
        {
          "first_j": 9,
          "official_walk": 7471,
          "start_index": 7471,
          "start_scalar": 4189822,
          "status": "identity",
          "steps": 1223799
        },
        {
          "first_j": 5,
          "official_walk": 7477,
          "start_index": 7477,
          "start_scalar": 14880319,
          "status": "identity",
          "steps": 274925
        },
        {
          "first_j": 14,
          "official_walk": 7498,
          "start_index": 7498,
          "start_scalar": 14651251,
          "status": "identity",
          "steps": 423636
        },
        {
          "first_j": 15,
          "official_walk": 7526,
          "start_index": 7526,
          "start_scalar": 6817177,
          "status": "identity",
          "steps": 378873
        },
        {
          "first_j": 11,
          "official_walk": 7655,
          "start_index": 7655,
          "start_scalar": 14716267,
          "status": "identity",
          "steps": 523988
        },
        {
          "first_j": 11,
          "official_walk": 7701,
          "start_index": 7701,
          "start_scalar": 6996159,
          "status": "identity",
          "steps": 275802
        },
        {
          "first_j": 11,
          "official_walk": 7791,
          "start_index": 7791,
          "start_scalar": 14013098,
          "status": "identity",
          "steps": 145476
        },
        {
          "first_j": 4,
          "official_walk": 7875,
          "start_index": 7875,
          "start_scalar": 97188,
          "status": "identity",
          "steps": 1081011
        },
        {
          "first_j": 1,
          "official_walk": 7928,
          "start_index": 7928,
          "start_scalar": 3755517,
          "status": "identity",
          "steps": 349720
        },
        {
          "first_j": 5,
          "official_walk": 7982,
          "start_index": 7982,
          "start_scalar": 6871095,
          "status": "identity",
          "steps": 122561
        },
        {
          "first_j": 14,
          "official_walk": 7993,
          "start_index": 7993,
          "start_scalar": 9502723,
          "status": "identity",
          "steps": 641636
        },
        {
          "first_j": 14,
          "official_walk": 8020,
          "start_index": 8020,
          "start_scalar": 6614231,
          "status": "identity",
          "steps": 243707
        },
        {
          "first_j": 7,
          "official_walk": 8026,
          "start_index": 8026,
          "start_scalar": 11727065,
          "status": "identity",
          "steps": 567543
        },
        {
          "first_j": 6,
          "official_walk": 8189,
          "start_index": 8189,
          "start_scalar": 12424144,
          "status": "identity",
          "steps": 332813
        },
        {
          "first_j": 5,
          "official_walk": 8250,
          "start_index": 8250,
          "start_scalar": 12536161,
          "status": "identity",
          "steps": 397657
        },
        {
          "first_j": 1,
          "official_walk": 8267,
          "start_index": 8267,
          "start_scalar": 5916276,
          "status": "identity",
          "steps": 475196
        },
        {
          "first_j": 5,
          "official_walk": 8295,
          "start_index": 8295,
          "start_scalar": 16544857,
          "status": "identity",
          "steps": 245030
        },
        {
          "first_j": 11,
          "official_walk": 8295,
          "start_index": 10207,
          "start_scalar": 8004821,
          "status": "identity",
          "steps": 387179
        },
        {
          "first_j": 12,
          "official_walk": 8302,
          "start_index": 8302,
          "start_scalar": 13773754,
          "status": "identity",
          "steps": 629583
        },
        {
          "first_j": 11,
          "official_walk": 8314,
          "start_index": 8314,
          "start_scalar": 16659841,
          "status": "identity",
          "steps": 52981
        },
        {
          "first_j": 15,
          "official_walk": 8321,
          "start_index": 8321,
          "start_scalar": 3352798,
          "status": "identity",
          "steps": 398226
        },
        {
          "first_j": 7,
          "official_walk": 8474,
          "start_index": 8474,
          "start_scalar": 6025534,
          "status": "identity",
          "steps": 1001844
        },
        {
          "first_j": 15,
          "official_walk": 8479,
          "start_index": 8479,
          "start_scalar": 5527672,
          "status": "identity",
          "steps": 65710
        },
        {
          "first_j": 9,
          "official_walk": 8510,
          "start_index": 8510,
          "start_scalar": 579709,
          "status": "identity",
          "steps": 555956
        },
        {
          "first_j": 9,
          "official_walk": 8519,
          "start_index": 8519,
          "start_scalar": 13693129,
          "status": "identity",
          "steps": 991963
        },
        {
          "first_j": 2,
          "official_walk": 8525,
          "start_index": 8525,
          "start_scalar": 16042284,
          "status": "identity",
          "steps": 824789
        },
        {
          "first_j": 3,
          "official_walk": 8576,
          "start_index": 8576,
          "start_scalar": 14507599,
          "status": "identity",
          "steps": 280020
        },
        {
          "first_j": 8,
          "official_walk": 8597,
          "start_index": 8597,
          "start_scalar": 1629464,
          "status": "identity",
          "steps": 1907200
        },
        {
          "first_j": 1,
          "official_walk": 8649,
          "start_index": 8649,
          "start_scalar": 16522467,
          "status": "identity",
          "steps": 7192
        },
        {
          "first_j": 12,
          "official_walk": 8755,
          "start_index": 8755,
          "start_scalar": 10045104,
          "status": "identity",
          "steps": 655715
        },
        {
          "first_j": 14,
          "official_walk": 8795,
          "start_index": 8795,
          "start_scalar": 1751000,
          "status": "identity",
          "steps": 10151
        },
        {
          "first_j": 15,
          "official_walk": 8830,
          "start_index": 8830,
          "start_scalar": 3210518,
          "status": "identity",
          "steps": 114394
        },
        {
          "first_j": 2,
          "official_walk": 8834,
          "start_index": 8834,
          "start_scalar": 1036297,
          "status": "identity",
          "steps": 244821
        },
        {
          "first_j": 12,
          "official_walk": 8851,
          "start_index": 8851,
          "start_scalar": 14526161,
          "status": "identity",
          "steps": 501916
        },
        {
          "first_j": 4,
          "official_walk": 8859,
          "start_index": 8859,
          "start_scalar": 9500697,
          "status": "identity",
          "steps": 9726
        },
        {
          "first_j": 1,
          "official_walk": 8862,
          "start_index": 8862,
          "start_scalar": 1812356,
          "status": "identity",
          "steps": 925548
        },
        {
          "first_j": 11,
          "official_walk": 8896,
          "start_index": 8896,
          "start_scalar": 13394202,
          "status": "identity",
          "steps": 1097017
        },
        {
          "first_j": 4,
          "official_walk": 8914,
          "start_index": 8914,
          "start_scalar": 882949,
          "status": "identity",
          "steps": 548809
        },
        {
          "first_j": 13,
          "official_walk": 8925,
          "start_index": 8925,
          "start_scalar": 8969667,
          "status": "identity",
          "steps": 273790
        },
        {
          "first_j": 7,
          "official_walk": 8951,
          "start_index": 8951,
          "start_scalar": 2745198,
          "status": "identity",
          "steps": 818856
        },
        {
          "first_j": 13,
          "official_walk": 8986,
          "start_index": 8986,
          "start_scalar": 13455968,
          "status": "identity",
          "steps": 379319
        },
        {
          "first_j": 11,
          "official_walk": 9016,
          "start_index": 9016,
          "start_scalar": 10164325,
          "status": "identity",
          "steps": 502549
        },
        {
          "first_j": 7,
          "official_walk": 9038,
          "start_index": 9038,
          "start_scalar": 14277677,
          "status": "identity",
          "steps": 460799
        },
        {
          "first_j": 15,
          "official_walk": 9079,
          "start_index": 9079,
          "start_scalar": 9054310,
          "status": "identity",
          "steps": 424078
        },
        {
          "first_j": 12,
          "official_walk": 9278,
          "start_index": 9278,
          "start_scalar": 12066276,
          "status": "identity",
          "steps": 260278
        },
        {
          "first_j": 0,
          "official_walk": 9280,
          "start_index": 9280,
          "start_scalar": 113272,
          "status": "identity",
          "steps": 434956
        },
        {
          "first_j": 12,
          "official_walk": 9287,
          "start_index": 9287,
          "start_scalar": 7119980,
          "status": "identity",
          "steps": 125460
        },
        {
          "first_j": 0,
          "official_walk": 9303,
          "start_index": 9303,
          "start_scalar": 15522510,
          "status": "identity",
          "steps": 555794
        },
        {
          "first_j": 5,
          "official_walk": 9336,
          "start_index": 9336,
          "start_scalar": 11585859,
          "status": "identity",
          "steps": 448018
        },
        {
          "first_j": 9,
          "official_walk": 9523,
          "start_index": 9523,
          "start_scalar": 8618160,
          "status": "identity",
          "steps": 257597
        },
        {
          "first_j": 7,
          "official_walk": 9634,
          "start_index": 9634,
          "start_scalar": 15616430,
          "status": "identity",
          "steps": 127661
        },
        {
          "first_j": 7,
          "official_walk": 9646,
          "start_index": 9646,
          "start_scalar": 4160439,
          "status": "identity",
          "steps": 256123
        },
        {
          "first_j": 5,
          "official_walk": 9704,
          "start_index": 9704,
          "start_scalar": 15027187,
          "status": "identity",
          "steps": 1605
        },
        {
          "first_j": 8,
          "official_walk": 9707,
          "start_index": 9707,
          "start_scalar": 15824174,
          "status": "identity",
          "steps": 728313
        },
        {
          "first_j": 7,
          "official_walk": 9744,
          "start_index": 9744,
          "start_scalar": 16715615,
          "status": "identity",
          "steps": 706443
        },
        {
          "first_j": 5,
          "official_walk": 9835,
          "start_index": 9835,
          "start_scalar": 10531143,
          "status": "identity",
          "steps": 930749
        },
        {
          "first_j": 9,
          "official_walk": 9868,
          "start_index": 9868,
          "start_scalar": 3744301,
          "status": "identity",
          "steps": 17750
        },
        {
          "first_j": 7,
          "official_walk": 9889,
          "start_index": 9889,
          "start_scalar": 15053405,
          "status": "identity",
          "steps": 92763
        },
        {
          "first_j": 10,
          "official_walk": 9960,
          "start_index": 9960,
          "start_scalar": 9737311,
          "status": "identity",
          "steps": 350911
        }
      ],
      "ks_distance": 0.25845812499931864,
      "ks_within_0_10": false,
      "label": "NULL-3",
      "mean_hitting_time": 406852.8588,
      "mean_over_N_over_D": 0.4850064892184417,
      "n_capped": 0,
      "n_identity_events": 250,
      "n_uncensored": 10000,
      "n_walks_completed": 10000,
      "nested_stage11_walk0_match": true,
      "percentile_99": 1855533,
      "t_geo_99": 3863093,
      "wall_clock_seconds": 446.12504773100227
    },
    {
      "cap_steps": 6708184,
      "cell": "S7-T1-P16777213",
      "claimed_hits_in_V": true,
      "completed": true,
      "expected_N_over_D": 838522.55,
      "factor2_departure": true,
      "first_j_idx0": 4,
      "first_j_idx0_match": true,
      "first_j_idx10": 8,
      "first_j_idx10_match": true,
      "identity_events": [
        {
          "first_j": 5,
          "official_walk": 14,
          "start_index": 14,
          "start_scalar": 5408566,
          "status": "identity",
          "steps": 573661
        },
        {
          "first_j": 13,
          "official_walk": 31,
          "start_index": 31,
          "start_scalar": 11161215,
          "status": "identity",
          "steps": 501957
        },
        {
          "first_j": 7,
          "official_walk": 41,
          "start_index": 41,
          "start_scalar": 10978473,
          "status": "identity",
          "steps": 848882
        },
        {
          "first_j": 7,
          "official_walk": 117,
          "start_index": 117,
          "start_scalar": 4345704,
          "status": "identity",
          "steps": 21417
        },
        {
          "first_j": 3,
          "official_walk": 117,
          "start_index": 10003,
          "start_scalar": 15012994,
          "status": "identity",
          "steps": 329202
        },
        {
          "first_j": 15,
          "official_walk": 119,
          "start_index": 119,
          "start_scalar": 14137433,
          "status": "identity",
          "steps": 111664
        },
        {
          "first_j": 8,
          "official_walk": 155,
          "start_index": 155,
          "start_scalar": 12304486,
          "status": "identity",
          "steps": 229853
        },
        {
          "first_j": 0,
          "official_walk": 162,
          "start_index": 162,
          "start_scalar": 7591859,
          "status": "identity",
          "steps": 331707
        },
        {
          "first_j": 7,
          "official_walk": 170,
          "start_index": 170,
          "start_scalar": 1037417,
          "status": "identity",
          "steps": 189946
        },
        {
          "first_j": 5,
          "official_walk": 171,
          "start_index": 171,
          "start_scalar": 12792571,
          "status": "identity",
          "steps": 600743
        },
        {
          "first_j": 14,
          "official_walk": 202,
          "start_index": 202,
          "start_scalar": 8889334,
          "status": "identity",
          "steps": 131003
        },
        {
          "first_j": 10,
          "official_walk": 302,
          "start_index": 302,
          "start_scalar": 11513228,
          "status": "identity",
          "steps": 385950
        },
        {
          "first_j": 7,
          "official_walk": 303,
          "start_index": 303,
          "start_scalar": 4819815,
          "status": "identity",
          "steps": 1035554
        },
        {
          "first_j": 1,
          "official_walk": 323,
          "start_index": 323,
          "start_scalar": 4288505,
          "status": "identity",
          "steps": 235519
        },
        {
          "first_j": 11,
          "official_walk": 411,
          "start_index": 411,
          "start_scalar": 2765406,
          "status": "identity",
          "steps": 662613
        },
        {
          "first_j": 9,
          "official_walk": 440,
          "start_index": 440,
          "start_scalar": 13844038,
          "status": "identity",
          "steps": 583390
        },
        {
          "first_j": 10,
          "official_walk": 482,
          "start_index": 482,
          "start_scalar": 11112777,
          "status": "identity",
          "steps": 331282
        },
        {
          "first_j": 2,
          "official_walk": 502,
          "start_index": 502,
          "start_scalar": 10564833,
          "status": "identity",
          "steps": 494388
        },
        {
          "first_j": 7,
          "official_walk": 511,
          "start_index": 511,
          "start_scalar": 3758858,
          "status": "identity",
          "steps": 866914
        },
        {
          "first_j": 6,
          "official_walk": 543,
          "start_index": 543,
          "start_scalar": 11668652,
          "status": "identity",
          "steps": 426869
        },
        {
          "first_j": 7,
          "official_walk": 679,
          "start_index": 679,
          "start_scalar": 8191605,
          "status": "identity",
          "steps": 5612
        },
        {
          "first_j": 10,
          "official_walk": 705,
          "start_index": 705,
          "start_scalar": 9096863,
          "status": "identity",
          "steps": 31280
        },
        {
          "first_j": 13,
          "official_walk": 739,
          "start_index": 739,
          "start_scalar": 11141813,
          "status": "identity",
          "steps": 242081
        },
        {
          "first_j": 5,
          "official_walk": 754,
          "start_index": 754,
          "start_scalar": 10870101,
          "status": "identity",
          "steps": 160007
        },
        {
          "first_j": 13,
          "official_walk": 755,
          "start_index": 755,
          "start_scalar": 7474362,
          "status": "identity",
          "steps": 18527
        },
        {
          "first_j": 7,
          "official_walk": 789,
          "start_index": 789,
          "start_scalar": 9859747,
          "status": "identity",
          "steps": 353869
        },
        {
          "first_j": 9,
          "official_walk": 808,
          "start_index": 808,
          "start_scalar": 15310149,
          "status": "identity",
          "steps": 37835
        },
        {
          "first_j": 15,
          "official_walk": 811,
          "start_index": 811,
          "start_scalar": 12554359,
          "status": "identity",
          "steps": 567455
        },
        {
          "first_j": 3,
          "official_walk": 813,
          "start_index": 813,
          "start_scalar": 7184882,
          "status": "identity",
          "steps": 107041
        },
        {
          "first_j": 10,
          "official_walk": 820,
          "start_index": 820,
          "start_scalar": 1024039,
          "status": "identity",
          "steps": 413468
        },
        {
          "first_j": 4,
          "official_walk": 864,
          "start_index": 864,
          "start_scalar": 2095310,
          "status": "identity",
          "steps": 409518
        },
        {
          "first_j": 14,
          "official_walk": 881,
          "start_index": 881,
          "start_scalar": 12623061,
          "status": "identity",
          "steps": 155286
        },
        {
          "first_j": 14,
          "official_walk": 888,
          "start_index": 888,
          "start_scalar": 1635790,
          "status": "identity",
          "steps": 219897
        },
        {
          "first_j": 11,
          "official_walk": 911,
          "start_index": 911,
          "start_scalar": 5917659,
          "status": "identity",
          "steps": 50054
        },
        {
          "first_j": 15,
          "official_walk": 932,
          "start_index": 932,
          "start_scalar": 8288139,
          "status": "identity",
          "steps": 55076
        },
        {
          "first_j": 1,
          "official_walk": 932,
          "start_index": 10034,
          "start_scalar": 887704,
          "status": "identity",
          "steps": 929867
        },
        {
          "first_j": 9,
          "official_walk": 994,
          "start_index": 994,
          "start_scalar": 11456983,
          "status": "identity",
          "steps": 2341824
        },
        {
          "first_j": 12,
          "official_walk": 1026,
          "start_index": 1026,
          "start_scalar": 293880,
          "status": "identity",
          "steps": 276957
        },
        {
          "first_j": 7,
          "official_walk": 1042,
          "start_index": 1042,
          "start_scalar": 15154942,
          "status": "identity",
          "steps": 35787
        },
        {
          "first_j": 6,
          "official_walk": 1103,
          "start_index": 1103,
          "start_scalar": 14109547,
          "status": "identity",
          "steps": 707718
        },
        {
          "first_j": 4,
          "official_walk": 1108,
          "start_index": 1108,
          "start_scalar": 8715452,
          "status": "identity",
          "steps": 865469
        },
        {
          "first_j": 15,
          "official_walk": 1150,
          "start_index": 1150,
          "start_scalar": 4872403,
          "status": "identity",
          "steps": 1083724
        },
        {
          "first_j": 8,
          "official_walk": 1151,
          "start_index": 1151,
          "start_scalar": 14066241,
          "status": "identity",
          "steps": 1323177
        },
        {
          "first_j": 3,
          "official_walk": 1162,
          "start_index": 1162,
          "start_scalar": 7790293,
          "status": "identity",
          "steps": 1618986
        },
        {
          "first_j": 7,
          "official_walk": 1183,
          "start_index": 1183,
          "start_scalar": 1542755,
          "status": "identity",
          "steps": 146078
        },
        {
          "first_j": 9,
          "official_walk": 1235,
          "start_index": 1235,
          "start_scalar": 11292206,
          "status": "identity",
          "steps": 17196
        },
        {
          "first_j": 7,
          "official_walk": 1302,
          "start_index": 1302,
          "start_scalar": 1029191,
          "status": "identity",
          "steps": 292989
        },
        {
          "first_j": 2,
          "official_walk": 1322,
          "start_index": 1322,
          "start_scalar": 10748624,
          "status": "identity",
          "steps": 985231
        },
        {
          "first_j": 15,
          "official_walk": 1390,
          "start_index": 1390,
          "start_scalar": 4939706,
          "status": "identity",
          "steps": 380720
        },
        {
          "first_j": 4,
          "official_walk": 1447,
          "start_index": 1447,
          "start_scalar": 6712139,
          "status": "identity",
          "steps": 413544
        },
        {
          "first_j": 9,
          "official_walk": 1529,
          "start_index": 1529,
          "start_scalar": 13931053,
          "status": "identity",
          "steps": 62683
        },
        {
          "first_j": 9,
          "official_walk": 1551,
          "start_index": 1551,
          "start_scalar": 8869414,
          "status": "identity",
          "steps": 631038
        },
        {
          "first_j": 7,
          "official_walk": 1611,
          "start_index": 1611,
          "start_scalar": 10425458,
          "status": "identity",
          "steps": 1304888
        },
        {
          "first_j": 15,
          "official_walk": 1651,
          "start_index": 1651,
          "start_scalar": 14135191,
          "status": "identity",
          "steps": 643835
        },
        {
          "first_j": 12,
          "official_walk": 1705,
          "start_index": 1705,
          "start_scalar": 216389,
          "status": "identity",
          "steps": 67508
        },
        {
          "first_j": 14,
          "official_walk": 1803,
          "start_index": 1803,
          "start_scalar": 4453191,
          "status": "identity",
          "steps": 379196
        },
        {
          "first_j": 3,
          "official_walk": 1879,
          "start_index": 1879,
          "start_scalar": 9269438,
          "status": "identity",
          "steps": 257801
        },
        {
          "first_j": 10,
          "official_walk": 1904,
          "start_index": 1904,
          "start_scalar": 12500486,
          "status": "identity",
          "steps": 1576331
        },
        {
          "first_j": 3,
          "official_walk": 1938,
          "start_index": 1938,
          "start_scalar": 2727396,
          "status": "identity",
          "steps": 355131
        },
        {
          "first_j": 5,
          "official_walk": 1939,
          "start_index": 1939,
          "start_scalar": 12767858,
          "status": "identity",
          "steps": 1258682
        },
        {
          "first_j": 3,
          "official_walk": 1963,
          "start_index": 1963,
          "start_scalar": 9636111,
          "status": "identity",
          "steps": 46680
        },
        {
          "first_j": 9,
          "official_walk": 1967,
          "start_index": 1967,
          "start_scalar": 6592076,
          "status": "identity",
          "steps": 141608
        },
        {
          "first_j": 11,
          "official_walk": 2015,
          "start_index": 2015,
          "start_scalar": 331315,
          "status": "identity",
          "steps": 11196
        },
        {
          "first_j": 1,
          "official_walk": 2018,
          "start_index": 2018,
          "start_scalar": 14370297,
          "status": "identity",
          "steps": 630551
        },
        {
          "first_j": 14,
          "official_walk": 2019,
          "start_index": 2019,
          "start_scalar": 3397699,
          "status": "identity",
          "steps": 26755
        },
        {
          "first_j": 15,
          "official_walk": 2069,
          "start_index": 2069,
          "start_scalar": 10966475,
          "status": "identity",
          "steps": 77968
        },
        {
          "first_j": 4,
          "official_walk": 2110,
          "start_index": 2110,
          "start_scalar": 13589729,
          "status": "identity",
          "steps": 188453
        },
        {
          "first_j": 4,
          "official_walk": 2140,
          "start_index": 2140,
          "start_scalar": 2848527,
          "status": "identity",
          "steps": 1416284
        },
        {
          "first_j": 11,
          "official_walk": 2283,
          "start_index": 2283,
          "start_scalar": 13259718,
          "status": "identity",
          "steps": 432593
        },
        {
          "first_j": 5,
          "official_walk": 2311,
          "start_index": 2311,
          "start_scalar": 16373084,
          "status": "identity",
          "steps": 122255
        },
        {
          "first_j": 11,
          "official_walk": 2353,
          "start_index": 2353,
          "start_scalar": 746629,
          "status": "identity",
          "steps": 2066576
        },
        {
          "first_j": 12,
          "official_walk": 2359,
          "start_index": 2359,
          "start_scalar": 9813658,
          "status": "identity",
          "steps": 374706
        },
        {
          "first_j": 3,
          "official_walk": 2416,
          "start_index": 2416,
          "start_scalar": 4379881,
          "status": "identity",
          "steps": 1032233
        },
        {
          "first_j": 6,
          "official_walk": 2432,
          "start_index": 2432,
          "start_scalar": 9406686,
          "status": "identity",
          "steps": 1021240
        },
        {
          "first_j": 11,
          "official_walk": 2459,
          "start_index": 2459,
          "start_scalar": 3662348,
          "status": "identity",
          "steps": 1380559
        },
        {
          "first_j": 11,
          "official_walk": 2463,
          "start_index": 2463,
          "start_scalar": 11227230,
          "status": "identity",
          "steps": 211856
        },
        {
          "first_j": 6,
          "official_walk": 2484,
          "start_index": 2484,
          "start_scalar": 5364061,
          "status": "identity",
          "steps": 447950
        },
        {
          "first_j": 10,
          "official_walk": 2507,
          "start_index": 2507,
          "start_scalar": 12568405,
          "status": "identity",
          "steps": 182877
        },
        {
          "first_j": 15,
          "official_walk": 2532,
          "start_index": 2532,
          "start_scalar": 507565,
          "status": "identity",
          "steps": 267478
        },
        {
          "first_j": 6,
          "official_walk": 2576,
          "start_index": 2576,
          "start_scalar": 13029974,
          "status": "identity",
          "steps": 956282
        },
        {
          "first_j": 4,
          "official_walk": 2604,
          "start_index": 2604,
          "start_scalar": 13723905,
          "status": "identity",
          "steps": 19494
        },
        {
          "first_j": 2,
          "official_walk": 2643,
          "start_index": 2643,
          "start_scalar": 12836520,
          "status": "identity",
          "steps": 307886
        },
        {
          "first_j": 14,
          "official_walk": 2651,
          "start_index": 2651,
          "start_scalar": 7569755,
          "status": "identity",
          "steps": 530557
        },
        {
          "first_j": 15,
          "official_walk": 2658,
          "start_index": 2658,
          "start_scalar": 4259830,
          "status": "identity",
          "steps": 84247
        },
        {
          "first_j": 8,
          "official_walk": 2698,
          "start_index": 2698,
          "start_scalar": 8095973,
          "status": "identity",
          "steps": 1706991
        },
        {
          "first_j": 9,
          "official_walk": 2781,
          "start_index": 2781,
          "start_scalar": 15455854,
          "status": "identity",
          "steps": 143036
        },
        {
          "first_j": 10,
          "official_walk": 2799,
          "start_index": 2799,
          "start_scalar": 12881956,
          "status": "identity",
          "steps": 344660
        },
        {
          "first_j": 3,
          "official_walk": 2822,
          "start_index": 2822,
          "start_scalar": 6931703,
          "status": "identity",
          "steps": 412570
        },
        {
          "first_j": 3,
          "official_walk": 2850,
          "start_index": 2850,
          "start_scalar": 11976212,
          "status": "identity",
          "steps": 367479
        },
        {
          "first_j": 1,
          "official_walk": 2868,
          "start_index": 2868,
          "start_scalar": 13415645,
          "status": "identity",
          "steps": 153646
        },
        {
          "first_j": 1,
          "official_walk": 2880,
          "start_index": 2880,
          "start_scalar": 5513262,
          "status": "identity",
          "steps": 117502
        },
        {
          "first_j": 4,
          "official_walk": 2893,
          "start_index": 2893,
          "start_scalar": 10511135,
          "status": "identity",
          "steps": 639807
        },
        {
          "first_j": 2,
          "official_walk": 2900,
          "start_index": 2900,
          "start_scalar": 9280965,
          "status": "identity",
          "steps": 192708
        },
        {
          "first_j": 15,
          "official_walk": 3071,
          "start_index": 3071,
          "start_scalar": 16021586,
          "status": "identity",
          "steps": 13691
        },
        {
          "first_j": 4,
          "official_walk": 3095,
          "start_index": 3095,
          "start_scalar": 8550201,
          "status": "identity",
          "steps": 1240768
        },
        {
          "first_j": 3,
          "official_walk": 3179,
          "start_index": 3179,
          "start_scalar": 5725469,
          "status": "identity",
          "steps": 1633135
        },
        {
          "first_j": 8,
          "official_walk": 3180,
          "start_index": 3180,
          "start_scalar": 10667205,
          "status": "identity",
          "steps": 627108
        },
        {
          "first_j": 4,
          "official_walk": 3248,
          "start_index": 3248,
          "start_scalar": 3671272,
          "status": "identity",
          "steps": 508499
        },
        {
          "first_j": 12,
          "official_walk": 3268,
          "start_index": 3268,
          "start_scalar": 5840489,
          "status": "identity",
          "steps": 48138
        },
        {
          "first_j": 12,
          "official_walk": 3282,
          "start_index": 3282,
          "start_scalar": 13751530,
          "status": "identity",
          "steps": 226079
        },
        {
          "first_j": 8,
          "official_walk": 3290,
          "start_index": 3290,
          "start_scalar": 16582702,
          "status": "identity",
          "steps": 299322
        },
        {
          "first_j": 1,
          "official_walk": 3370,
          "start_index": 3370,
          "start_scalar": 4064669,
          "status": "identity",
          "steps": 42406
        },
        {
          "first_j": 15,
          "official_walk": 3407,
          "start_index": 3407,
          "start_scalar": 2241537,
          "status": "identity",
          "steps": 262036
        },
        {
          "first_j": 8,
          "official_walk": 3461,
          "start_index": 3461,
          "start_scalar": 5446498,
          "status": "identity",
          "steps": 875624
        },
        {
          "first_j": 7,
          "official_walk": 3464,
          "start_index": 3464,
          "start_scalar": 15712939,
          "status": "identity",
          "steps": 966732
        },
        {
          "first_j": 12,
          "official_walk": 3481,
          "start_index": 3481,
          "start_scalar": 5099670,
          "status": "identity",
          "steps": 523
        },
        {
          "first_j": 9,
          "official_walk": 3508,
          "start_index": 3508,
          "start_scalar": 7254530,
          "status": "identity",
          "steps": 263543
        },
        {
          "first_j": 11,
          "official_walk": 3516,
          "start_index": 3516,
          "start_scalar": 3345034,
          "status": "identity",
          "steps": 186368
        },
        {
          "first_j": 14,
          "official_walk": 3674,
          "start_index": 3674,
          "start_scalar": 14965974,
          "status": "identity",
          "steps": 1153674
        },
        {
          "first_j": 1,
          "official_walk": 3781,
          "start_index": 3781,
          "start_scalar": 6523463,
          "status": "identity",
          "steps": 119158
        },
        {
          "first_j": 8,
          "official_walk": 3793,
          "start_index": 3793,
          "start_scalar": 4310241,
          "status": "identity",
          "steps": 58035
        },
        {
          "first_j": 10,
          "official_walk": 3804,
          "start_index": 3804,
          "start_scalar": 1652912,
          "status": "identity",
          "steps": 730772
        },
        {
          "first_j": 14,
          "official_walk": 3812,
          "start_index": 3812,
          "start_scalar": 3306326,
          "status": "identity",
          "steps": 23948
        },
        {
          "first_j": 8,
          "official_walk": 3815,
          "start_index": 3815,
          "start_scalar": 4158563,
          "status": "identity",
          "steps": 114384
        },
        {
          "first_j": 11,
          "official_walk": 4075,
          "start_index": 4075,
          "start_scalar": 7463363,
          "status": "identity",
          "steps": 504288
        },
        {
          "first_j": 11,
          "official_walk": 4131,
          "start_index": 4131,
          "start_scalar": 8940666,
          "status": "identity",
          "steps": 467271
        },
        {
          "first_j": 3,
          "official_walk": 4138,
          "start_index": 4138,
          "start_scalar": 5278391,
          "status": "identity",
          "steps": 667533
        },
        {
          "first_j": 3,
          "official_walk": 4140,
          "start_index": 4140,
          "start_scalar": 6697668,
          "status": "identity",
          "steps": 676982
        },
        {
          "first_j": 7,
          "official_walk": 4251,
          "start_index": 4251,
          "start_scalar": 8034911,
          "status": "identity",
          "steps": 1299439
        },
        {
          "first_j": 10,
          "official_walk": 4269,
          "start_index": 4269,
          "start_scalar": 12609441,
          "status": "identity",
          "steps": 7436
        },
        {
          "first_j": 10,
          "official_walk": 4269,
          "start_index": 10119,
          "start_scalar": 461078,
          "status": "identity",
          "steps": 1055218
        },
        {
          "first_j": 6,
          "official_walk": 4284,
          "start_index": 4284,
          "start_scalar": 3524037,
          "status": "identity",
          "steps": 232620
        },
        {
          "first_j": 4,
          "official_walk": 4289,
          "start_index": 4289,
          "start_scalar": 7783392,
          "status": "identity",
          "steps": 1036835
        },
        {
          "first_j": 9,
          "official_walk": 4307,
          "start_index": 4307,
          "start_scalar": 7333465,
          "status": "identity",
          "steps": 101464
        },
        {
          "first_j": 5,
          "official_walk": 4377,
          "start_index": 4377,
          "start_scalar": 7671582,
          "status": "identity",
          "steps": 294070
        },
        {
          "first_j": 0,
          "official_walk": 4383,
          "start_index": 4383,
          "start_scalar": 12866084,
          "status": "identity",
          "steps": 394224
        },
        {
          "first_j": 1,
          "official_walk": 4475,
          "start_index": 4475,
          "start_scalar": 4414107,
          "status": "identity",
          "steps": 52643
        },
        {
          "first_j": 15,
          "official_walk": 4491,
          "start_index": 4491,
          "start_scalar": 9131127,
          "status": "identity",
          "steps": 909374
        },
        {
          "first_j": 1,
          "official_walk": 4493,
          "start_index": 4493,
          "start_scalar": 3362031,
          "status": "identity",
          "steps": 717979
        },
        {
          "first_j": 9,
          "official_walk": 4509,
          "start_index": 4509,
          "start_scalar": 16017011,
          "status": "identity",
          "steps": 530789
        },
        {
          "first_j": 5,
          "official_walk": 4547,
          "start_index": 4547,
          "start_scalar": 36808,
          "status": "identity",
          "steps": 581613
        },
        {
          "first_j": 9,
          "official_walk": 4703,
          "start_index": 4703,
          "start_scalar": 9631088,
          "status": "identity",
          "steps": 545281
        },
        {
          "first_j": 15,
          "official_walk": 4716,
          "start_index": 4716,
          "start_scalar": 13465313,
          "status": "identity",
          "steps": 6520
        },
        {
          "first_j": 0,
          "official_walk": 4750,
          "start_index": 4750,
          "start_scalar": 7968049,
          "status": "identity",
          "steps": 334927
        },
        {
          "first_j": 2,
          "official_walk": 4766,
          "start_index": 4766,
          "start_scalar": 4848096,
          "status": "identity",
          "steps": 640902
        },
        {
          "first_j": 0,
          "official_walk": 4780,
          "start_index": 4780,
          "start_scalar": 6655862,
          "status": "identity",
          "steps": 157398
        },
        {
          "first_j": 0,
          "official_walk": 4821,
          "start_index": 4821,
          "start_scalar": 1459698,
          "status": "identity",
          "steps": 62339
        },
        {
          "first_j": 14,
          "official_walk": 4850,
          "start_index": 4850,
          "start_scalar": 1191061,
          "status": "identity",
          "steps": 1054736
        },
        {
          "first_j": 2,
          "official_walk": 4906,
          "start_index": 4906,
          "start_scalar": 5243478,
          "status": "identity",
          "steps": 273414
        },
        {
          "first_j": 4,
          "official_walk": 5021,
          "start_index": 5021,
          "start_scalar": 5772499,
          "status": "identity",
          "steps": 318032
        },
        {
          "first_j": 6,
          "official_walk": 5028,
          "start_index": 5028,
          "start_scalar": 15859540,
          "status": "identity",
          "steps": 244715
        },
        {
          "first_j": 5,
          "official_walk": 5048,
          "start_index": 5048,
          "start_scalar": 13689371,
          "status": "identity",
          "steps": 763212
        },
        {
          "first_j": 5,
          "official_walk": 5056,
          "start_index": 5056,
          "start_scalar": 4587900,
          "status": "identity",
          "steps": 20497
        },
        {
          "first_j": 7,
          "official_walk": 5066,
          "start_index": 5066,
          "start_scalar": 4196216,
          "status": "identity",
          "steps": 37634
        },
        {
          "first_j": 4,
          "official_walk": 5092,
          "start_index": 5092,
          "start_scalar": 6241783,
          "status": "identity",
          "steps": 1312517
        },
        {
          "first_j": 14,
          "official_walk": 5095,
          "start_index": 5095,
          "start_scalar": 8393919,
          "status": "identity",
          "steps": 37347
        },
        {
          "first_j": 0,
          "official_walk": 5120,
          "start_index": 5120,
          "start_scalar": 2700814,
          "status": "identity",
          "steps": 95309
        },
        {
          "first_j": 11,
          "official_walk": 5162,
          "start_index": 5162,
          "start_scalar": 7533014,
          "status": "identity",
          "steps": 392607
        },
        {
          "first_j": 9,
          "official_walk": 5163,
          "start_index": 5163,
          "start_scalar": 7255778,
          "status": "identity",
          "steps": 934513
        },
        {
          "first_j": 11,
          "official_walk": 5205,
          "start_index": 5205,
          "start_scalar": 346227,
          "status": "identity",
          "steps": 52058
        },
        {
          "first_j": 14,
          "official_walk": 5253,
          "start_index": 5253,
          "start_scalar": 4989226,
          "status": "identity",
          "steps": 177475
        },
        {
          "first_j": 0,
          "official_walk": 5266,
          "start_index": 5266,
          "start_scalar": 2220480,
          "status": "identity",
          "steps": 354801
        },
        {
          "first_j": 11,
          "official_walk": 5271,
          "start_index": 5271,
          "start_scalar": 566169,
          "status": "identity",
          "steps": 859186
        },
        {
          "first_j": 1,
          "official_walk": 5279,
          "start_index": 5279,
          "start_scalar": 1590511,
          "status": "identity",
          "steps": 238675
        },
        {
          "first_j": 2,
          "official_walk": 5482,
          "start_index": 5482,
          "start_scalar": 2878121,
          "status": "identity",
          "steps": 161202
        },
        {
          "first_j": 4,
          "official_walk": 5496,
          "start_index": 5496,
          "start_scalar": 7992980,
          "status": "identity",
          "steps": 810493
        },
        {
          "first_j": 15,
          "official_walk": 5548,
          "start_index": 5548,
          "start_scalar": 14387578,
          "status": "identity",
          "steps": 601010
        },
        {
          "first_j": 2,
          "official_walk": 5553,
          "start_index": 5553,
          "start_scalar": 16000478,
          "status": "identity",
          "steps": 90566
        },
        {
          "first_j": 8,
          "official_walk": 5567,
          "start_index": 5567,
          "start_scalar": 1741753,
          "status": "identity",
          "steps": 243870
        },
        {
          "first_j": 15,
          "official_walk": 5609,
          "start_index": 5609,
          "start_scalar": 3269311,
          "status": "identity",
          "steps": 780547
        },
        {
          "first_j": 9,
          "official_walk": 5695,
          "start_index": 5695,
          "start_scalar": 1451866,
          "status": "identity",
          "steps": 339365
        },
        {
          "first_j": 6,
          "official_walk": 5714,
          "start_index": 5714,
          "start_scalar": 14493388,
          "status": "identity",
          "steps": 737000
        },
        {
          "first_j": 12,
          "official_walk": 5728,
          "start_index": 5728,
          "start_scalar": 212825,
          "status": "identity",
          "steps": 296715
        },
        {
          "first_j": 13,
          "official_walk": 5742,
          "start_index": 5742,
          "start_scalar": 4837668,
          "status": "identity",
          "steps": 519786
        },
        {
          "first_j": 12,
          "official_walk": 5750,
          "start_index": 5750,
          "start_scalar": 7382521,
          "status": "identity",
          "steps": 1688986
        },
        {
          "first_j": 13,
          "official_walk": 5756,
          "start_index": 5756,
          "start_scalar": 13375928,
          "status": "identity",
          "steps": 1937681
        },
        {
          "first_j": 9,
          "official_walk": 5775,
          "start_index": 5775,
          "start_scalar": 1028545,
          "status": "identity",
          "steps": 255970
        },
        {
          "first_j": 11,
          "official_walk": 5800,
          "start_index": 5800,
          "start_scalar": 1520950,
          "status": "identity",
          "steps": 88714
        },
        {
          "first_j": 11,
          "official_walk": 5818,
          "start_index": 5818,
          "start_scalar": 782278,
          "status": "identity",
          "steps": 182548
        },
        {
          "first_j": 2,
          "official_walk": 5878,
          "start_index": 5878,
          "start_scalar": 8008477,
          "status": "identity",
          "steps": 123379
        },
        {
          "first_j": 12,
          "official_walk": 5880,
          "start_index": 5880,
          "start_scalar": 12043446,
          "status": "identity",
          "steps": 272204
        },
        {
          "first_j": 9,
          "official_walk": 5923,
          "start_index": 5923,
          "start_scalar": 8306778,
          "status": "identity",
          "steps": 71730
        },
        {
          "first_j": 1,
          "official_walk": 5952,
          "start_index": 5952,
          "start_scalar": 4927864,
          "status": "identity",
          "steps": 139489
        },
        {
          "first_j": 7,
          "official_walk": 5954,
          "start_index": 5954,
          "start_scalar": 8678232,
          "status": "identity",
          "steps": 248098
        },
        {
          "first_j": 3,
          "official_walk": 6020,
          "start_index": 6020,
          "start_scalar": 6295499,
          "status": "identity",
          "steps": 109403
        },
        {
          "first_j": 1,
          "official_walk": 6064,
          "start_index": 6064,
          "start_scalar": 15750026,
          "status": "identity",
          "steps": 19555
        },
        {
          "first_j": 2,
          "official_walk": 6079,
          "start_index": 6079,
          "start_scalar": 3161759,
          "status": "identity",
          "steps": 215924
        },
        {
          "first_j": 2,
          "official_walk": 6079,
          "start_index": 10176,
          "start_scalar": 1899743,
          "status": "identity",
          "steps": 371936
        },
        {
          "first_j": 8,
          "official_walk": 6125,
          "start_index": 6125,
          "start_scalar": 12413018,
          "status": "identity",
          "steps": 942791
        },
        {
          "first_j": 1,
          "official_walk": 6213,
          "start_index": 6213,
          "start_scalar": 8812808,
          "status": "identity",
          "steps": 49169
        },
        {
          "first_j": 6,
          "official_walk": 6234,
          "start_index": 6234,
          "start_scalar": 2064133,
          "status": "identity",
          "steps": 19817
        },
        {
          "first_j": 0,
          "official_walk": 6238,
          "start_index": 6238,
          "start_scalar": 16529925,
          "status": "identity",
          "steps": 720463
        },
        {
          "first_j": 0,
          "official_walk": 6257,
          "start_index": 6257,
          "start_scalar": 10702951,
          "status": "identity",
          "steps": 886136
        },
        {
          "first_j": 5,
          "official_walk": 6294,
          "start_index": 6294,
          "start_scalar": 8980749,
          "status": "identity",
          "steps": 591868
        },
        {
          "first_j": 0,
          "official_walk": 6332,
          "start_index": 6332,
          "start_scalar": 7026478,
          "status": "identity",
          "steps": 208063
        },
        {
          "first_j": 4,
          "official_walk": 6342,
          "start_index": 6342,
          "start_scalar": 15421166,
          "status": "identity",
          "steps": 1871326
        },
        {
          "first_j": 12,
          "official_walk": 6520,
          "start_index": 6520,
          "start_scalar": 1382269,
          "status": "identity",
          "steps": 403154
        },
        {
          "first_j": 12,
          "official_walk": 6553,
          "start_index": 6553,
          "start_scalar": 13091535,
          "status": "identity",
          "steps": 78207
        },
        {
          "first_j": 13,
          "official_walk": 6593,
          "start_index": 6593,
          "start_scalar": 1360549,
          "status": "identity",
          "steps": 1107422
        },
        {
          "first_j": 2,
          "official_walk": 6642,
          "start_index": 6642,
          "start_scalar": 9371730,
          "status": "identity",
          "steps": 302082
        },
        {
          "first_j": 4,
          "official_walk": 6723,
          "start_index": 6723,
          "start_scalar": 8862112,
          "status": "identity",
          "steps": 173019
        },
        {
          "first_j": 7,
          "official_walk": 6729,
          "start_index": 6729,
          "start_scalar": 13271223,
          "status": "identity",
          "steps": 394381
        },
        {
          "first_j": 13,
          "official_walk": 6735,
          "start_index": 6735,
          "start_scalar": 2512094,
          "status": "identity",
          "steps": 436513
        },
        {
          "first_j": 10,
          "official_walk": 6792,
          "start_index": 6792,
          "start_scalar": 3586021,
          "status": "identity",
          "steps": 8705
        },
        {
          "first_j": 6,
          "official_walk": 6823,
          "start_index": 6823,
          "start_scalar": 5321235,
          "status": "identity",
          "steps": 238018
        },
        {
          "first_j": 2,
          "official_walk": 6848,
          "start_index": 6848,
          "start_scalar": 138471,
          "status": "identity",
          "steps": 236663
        },
        {
          "first_j": 4,
          "official_walk": 6952,
          "start_index": 6952,
          "start_scalar": 9851696,
          "status": "identity",
          "steps": 83829
        },
        {
          "first_j": 9,
          "official_walk": 6996,
          "start_index": 6996,
          "start_scalar": 2680152,
          "status": "identity",
          "steps": 576255
        },
        {
          "first_j": 8,
          "official_walk": 7015,
          "start_index": 7015,
          "start_scalar": 7652544,
          "status": "identity",
          "steps": 560952
        },
        {
          "first_j": 13,
          "official_walk": 7043,
          "start_index": 7043,
          "start_scalar": 14766427,
          "status": "identity",
          "steps": 1014676
        },
        {
          "first_j": 14,
          "official_walk": 7072,
          "start_index": 7072,
          "start_scalar": 655508,
          "status": "identity",
          "steps": 425291
        },
        {
          "first_j": 0,
          "official_walk": 7105,
          "start_index": 7105,
          "start_scalar": 507471,
          "status": "identity",
          "steps": 421717
        },
        {
          "first_j": 13,
          "official_walk": 7121,
          "start_index": 7121,
          "start_scalar": 10066423,
          "status": "identity",
          "steps": 211578
        },
        {
          "first_j": 4,
          "official_walk": 7146,
          "start_index": 7146,
          "start_scalar": 6840507,
          "status": "identity",
          "steps": 472979
        },
        {
          "first_j": 2,
          "official_walk": 7161,
          "start_index": 7161,
          "start_scalar": 10449214,
          "status": "identity",
          "steps": 204264
        },
        {
          "first_j": 7,
          "official_walk": 7171,
          "start_index": 7171,
          "start_scalar": 1805745,
          "status": "identity",
          "steps": 412534
        },
        {
          "first_j": 4,
          "official_walk": 7186,
          "start_index": 7186,
          "start_scalar": 6295477,
          "status": "identity",
          "steps": 819988
        },
        {
          "first_j": 7,
          "official_walk": 7319,
          "start_index": 7319,
          "start_scalar": 12946761,
          "status": "identity",
          "steps": 111239
        },
        {
          "first_j": 5,
          "official_walk": 7343,
          "start_index": 7343,
          "start_scalar": 13012169,
          "status": "identity",
          "steps": 296930
        },
        {
          "first_j": 3,
          "official_walk": 7346,
          "start_index": 7346,
          "start_scalar": 15100746,
          "status": "identity",
          "steps": 1652669
        },
        {
          "first_j": 6,
          "official_walk": 7360,
          "start_index": 7360,
          "start_scalar": 10430991,
          "status": "identity",
          "steps": 849849
        },
        {
          "first_j": 8,
          "official_walk": 7392,
          "start_index": 7392,
          "start_scalar": 7466918,
          "status": "identity",
          "steps": 584407
        },
        {
          "first_j": 11,
          "official_walk": 7455,
          "start_index": 7455,
          "start_scalar": 664999,
          "status": "identity",
          "steps": 185912
        },
        {
          "first_j": 3,
          "official_walk": 7548,
          "start_index": 7548,
          "start_scalar": 15342866,
          "status": "identity",
          "steps": 20886
        },
        {
          "first_j": 8,
          "official_walk": 7566,
          "start_index": 7566,
          "start_scalar": 12487667,
          "status": "identity",
          "steps": 748260
        },
        {
          "first_j": 3,
          "official_walk": 7577,
          "start_index": 7577,
          "start_scalar": 13890431,
          "status": "identity",
          "steps": 691673
        },
        {
          "first_j": 3,
          "official_walk": 7580,
          "start_index": 7580,
          "start_scalar": 16689537,
          "status": "identity",
          "steps": 25298
        },
        {
          "first_j": 11,
          "official_walk": 7586,
          "start_index": 7586,
          "start_scalar": 16329510,
          "status": "identity",
          "steps": 623730
        },
        {
          "first_j": 6,
          "official_walk": 7656,
          "start_index": 7656,
          "start_scalar": 3693896,
          "status": "identity",
          "steps": 965080
        },
        {
          "first_j": 1,
          "official_walk": 7690,
          "start_index": 7690,
          "start_scalar": 3270052,
          "status": "identity",
          "steps": 719373
        },
        {
          "first_j": 1,
          "official_walk": 7778,
          "start_index": 7778,
          "start_scalar": 9024407,
          "status": "identity",
          "steps": 967605
        },
        {
          "first_j": 10,
          "official_walk": 7783,
          "start_index": 7783,
          "start_scalar": 3040792,
          "status": "identity",
          "steps": 250730
        },
        {
          "first_j": 8,
          "official_walk": 7830,
          "start_index": 7830,
          "start_scalar": 4818387,
          "status": "identity",
          "steps": 408298
        },
        {
          "first_j": 10,
          "official_walk": 7843,
          "start_index": 7843,
          "start_scalar": 8509929,
          "status": "identity",
          "steps": 793764
        },
        {
          "first_j": 4,
          "official_walk": 7947,
          "start_index": 7947,
          "start_scalar": 15543960,
          "status": "identity",
          "steps": 438377
        },
        {
          "first_j": 9,
          "official_walk": 7955,
          "start_index": 7955,
          "start_scalar": 9393319,
          "status": "identity",
          "steps": 136848
        },
        {
          "first_j": 13,
          "official_walk": 8027,
          "start_index": 8027,
          "start_scalar": 8402640,
          "status": "identity",
          "steps": 70775
        },
        {
          "first_j": 7,
          "official_walk": 8038,
          "start_index": 8038,
          "start_scalar": 9386278,
          "status": "identity",
          "steps": 88874
        },
        {
          "first_j": 2,
          "official_walk": 8040,
          "start_index": 8040,
          "start_scalar": 13769115,
          "status": "identity",
          "steps": 639279
        },
        {
          "first_j": 11,
          "official_walk": 8081,
          "start_index": 8081,
          "start_scalar": 1797957,
          "status": "identity",
          "steps": 1321192
        },
        {
          "first_j": 8,
          "official_walk": 8215,
          "start_index": 8215,
          "start_scalar": 14149998,
          "status": "identity",
          "steps": 168176
        },
        {
          "first_j": 14,
          "official_walk": 8218,
          "start_index": 8218,
          "start_scalar": 12518498,
          "status": "identity",
          "steps": 290203
        },
        {
          "first_j": 3,
          "official_walk": 8232,
          "start_index": 8232,
          "start_scalar": 5786045,
          "status": "identity",
          "steps": 218840
        },
        {
          "first_j": 15,
          "official_walk": 8271,
          "start_index": 8271,
          "start_scalar": 9665736,
          "status": "identity",
          "steps": 102257
        },
        {
          "first_j": 7,
          "official_walk": 8275,
          "start_index": 8275,
          "start_scalar": 9623439,
          "status": "identity",
          "steps": 726783
        },
        {
          "first_j": 13,
          "official_walk": 8313,
          "start_index": 8313,
          "start_scalar": 12069710,
          "status": "identity",
          "steps": 1178639
        },
        {
          "first_j": 3,
          "official_walk": 8400,
          "start_index": 8400,
          "start_scalar": 189747,
          "status": "identity",
          "steps": 161910
        },
        {
          "first_j": 6,
          "official_walk": 8401,
          "start_index": 8401,
          "start_scalar": 1105188,
          "status": "identity",
          "steps": 54804
        },
        {
          "first_j": 12,
          "official_walk": 8455,
          "start_index": 8455,
          "start_scalar": 912172,
          "status": "identity",
          "steps": 531341
        },
        {
          "first_j": 15,
          "official_walk": 8498,
          "start_index": 8498,
          "start_scalar": 2158934,
          "status": "identity",
          "steps": 99048
        },
        {
          "first_j": 15,
          "official_walk": 8516,
          "start_index": 8516,
          "start_scalar": 11132388,
          "status": "identity",
          "steps": 57220
        },
        {
          "first_j": 4,
          "official_walk": 8567,
          "start_index": 8567,
          "start_scalar": 16117785,
          "status": "identity",
          "steps": 330974
        },
        {
          "first_j": 15,
          "official_walk": 8751,
          "start_index": 8751,
          "start_scalar": 3675527,
          "status": "identity",
          "steps": 22014
        },
        {
          "first_j": 4,
          "official_walk": 8785,
          "start_index": 8785,
          "start_scalar": 8251446,
          "status": "identity",
          "steps": 158003
        },
        {
          "first_j": 10,
          "official_walk": 8835,
          "start_index": 8835,
          "start_scalar": 8463771,
          "status": "identity",
          "steps": 217662
        },
        {
          "first_j": 0,
          "official_walk": 8874,
          "start_index": 8874,
          "start_scalar": 10972219,
          "status": "identity",
          "steps": 395978
        },
        {
          "first_j": 14,
          "official_walk": 8886,
          "start_index": 8886,
          "start_scalar": 2218907,
          "status": "identity",
          "steps": 1608727
        },
        {
          "first_j": 10,
          "official_walk": 8962,
          "start_index": 8962,
          "start_scalar": 7588703,
          "status": "identity",
          "steps": 247282
        },
        {
          "first_j": 1,
          "official_walk": 9018,
          "start_index": 9018,
          "start_scalar": 6066565,
          "status": "identity",
          "steps": 113881
        },
        {
          "first_j": 6,
          "official_walk": 9105,
          "start_index": 9105,
          "start_scalar": 15909525,
          "status": "identity",
          "steps": 556548
        },
        {
          "first_j": 7,
          "official_walk": 9108,
          "start_index": 9108,
          "start_scalar": 15910211,
          "status": "identity",
          "steps": 1303991
        },
        {
          "first_j": 11,
          "official_walk": 9126,
          "start_index": 9126,
          "start_scalar": 9414136,
          "status": "identity",
          "steps": 163037
        },
        {
          "first_j": 12,
          "official_walk": 9135,
          "start_index": 9135,
          "start_scalar": 1109552,
          "status": "identity",
          "steps": 324951
        },
        {
          "first_j": 15,
          "official_walk": 9291,
          "start_index": 9291,
          "start_scalar": 15802480,
          "status": "identity",
          "steps": 146468
        },
        {
          "first_j": 5,
          "official_walk": 9294,
          "start_index": 9294,
          "start_scalar": 13694982,
          "status": "identity",
          "steps": 710899
        },
        {
          "first_j": 13,
          "official_walk": 9318,
          "start_index": 9318,
          "start_scalar": 4746969,
          "status": "identity",
          "steps": 594739
        },
        {
          "first_j": 14,
          "official_walk": 9323,
          "start_index": 9323,
          "start_scalar": 15918889,
          "status": "identity",
          "steps": 72416
        },
        {
          "first_j": 5,
          "official_walk": 9377,
          "start_index": 9377,
          "start_scalar": 2459409,
          "status": "identity",
          "steps": 129069
        },
        {
          "first_j": 13,
          "official_walk": 9415,
          "start_index": 9415,
          "start_scalar": 14996055,
          "status": "identity",
          "steps": 439390
        },
        {
          "first_j": 11,
          "official_walk": 9451,
          "start_index": 9451,
          "start_scalar": 5071828,
          "status": "identity",
          "steps": 273255
        },
        {
          "first_j": 9,
          "official_walk": 9524,
          "start_index": 9524,
          "start_scalar": 9269867,
          "status": "identity",
          "steps": 621134
        },
        {
          "first_j": 15,
          "official_walk": 9542,
          "start_index": 9542,
          "start_scalar": 3419115,
          "status": "identity",
          "steps": 2286
        },
        {
          "first_j": 12,
          "official_walk": 9543,
          "start_index": 9543,
          "start_scalar": 11796352,
          "status": "identity",
          "steps": 670591
        },
        {
          "first_j": 11,
          "official_walk": 9546,
          "start_index": 9546,
          "start_scalar": 13796901,
          "status": "identity",
          "steps": 501692
        },
        {
          "first_j": 9,
          "official_walk": 9598,
          "start_index": 9598,
          "start_scalar": 7703099,
          "status": "identity",
          "steps": 244736
        },
        {
          "first_j": 13,
          "official_walk": 9617,
          "start_index": 9617,
          "start_scalar": 981484,
          "status": "identity",
          "steps": 64717
        },
        {
          "first_j": 11,
          "official_walk": 9728,
          "start_index": 9728,
          "start_scalar": 5633162,
          "status": "identity",
          "steps": 357597
        },
        {
          "first_j": 15,
          "official_walk": 9732,
          "start_index": 9732,
          "start_scalar": 4188084,
          "status": "identity",
          "steps": 126182
        },
        {
          "first_j": 0,
          "official_walk": 9773,
          "start_index": 9773,
          "start_scalar": 9034253,
          "status": "identity",
          "steps": 41046
        },
        {
          "first_j": 12,
          "official_walk": 9838,
          "start_index": 9838,
          "start_scalar": 12021845,
          "status": "identity",
          "steps": 333909
        },
        {
          "first_j": 10,
          "official_walk": 9951,
          "start_index": 9951,
          "start_scalar": 1262503,
          "status": "identity",
          "steps": 220704
        }
      ],
      "ks_distance": 0.2541440242924775,
      "ks_within_0_10": false,
      "label": "design",
      "mean_hitting_time": 415680.6934,
      "mean_over_N_over_D": 0.4957298922968738,
      "n_capped": 0,
      "n_identity_events": 271,
      "n_uncensored": 10000,
      "n_walks_completed": 10000,
      "nested_stage11_walk0_match": true,
      "percentile_99": 1924082,
      "t_geo_99": 3861536,
      "wall_clock_seconds": 458.49399913499656
    },
    {
      "cap_steps": 6708184,
      "cell": "S7-T1-P16777213",
      "claimed_hits_in_V": true,
      "completed": true,
      "expected_N_over_D": 838522.55,
      "factor2_departure": true,
      "first_j_idx0": 4,
      "first_j_idx0_match": true,
      "first_j_idx10": 6,
      "first_j_idx10_match": true,
      "identity_events": [
        {
          "first_j": 3,
          "official_walk": 51,
          "start_index": 51,
          "start_scalar": 4316284,
          "status": "identity",
          "steps": 356062
        },
        {
          "first_j": 8,
          "official_walk": 59,
          "start_index": 59,
          "start_scalar": 15947055,
          "status": "identity",
          "steps": 98201
        },
        {
          "first_j": 11,
          "official_walk": 89,
          "start_index": 89,
          "start_scalar": 11729850,
          "status": "identity",
          "steps": 45962
        },
        {
          "first_j": 10,
          "official_walk": 112,
          "start_index": 112,
          "start_scalar": 15749410,
          "status": "identity",
          "steps": 250231
        },
        {
          "first_j": 1,
          "official_walk": 124,
          "start_index": 124,
          "start_scalar": 703706,
          "status": "identity",
          "steps": 581008
        },
        {
          "first_j": 4,
          "official_walk": 145,
          "start_index": 145,
          "start_scalar": 13179811,
          "status": "identity",
          "steps": 172751
        },
        {
          "first_j": 5,
          "official_walk": 147,
          "start_index": 147,
          "start_scalar": 14024052,
          "status": "identity",
          "steps": 112037
        },
        {
          "first_j": 12,
          "official_walk": 149,
          "start_index": 149,
          "start_scalar": 9470205,
          "status": "identity",
          "steps": 28410
        },
        {
          "first_j": 15,
          "official_walk": 204,
          "start_index": 204,
          "start_scalar": 6855447,
          "status": "identity",
          "steps": 1691623
        },
        {
          "first_j": 2,
          "official_walk": 230,
          "start_index": 230,
          "start_scalar": 11389927,
          "status": "identity",
          "steps": 481777
        },
        {
          "first_j": 13,
          "official_walk": 275,
          "start_index": 275,
          "start_scalar": 11096396,
          "status": "identity",
          "steps": 49255
        },
        {
          "first_j": 15,
          "official_walk": 339,
          "start_index": 339,
          "start_scalar": 5703948,
          "status": "identity",
          "steps": 538767
        },
        {
          "first_j": 13,
          "official_walk": 442,
          "start_index": 442,
          "start_scalar": 10560420,
          "status": "identity",
          "steps": 1256127
        },
        {
          "first_j": 15,
          "official_walk": 473,
          "start_index": 473,
          "start_scalar": 2281517,
          "status": "identity",
          "steps": 731988
        },
        {
          "first_j": 14,
          "official_walk": 474,
          "start_index": 474,
          "start_scalar": 938747,
          "status": "identity",
          "steps": 14454
        },
        {
          "first_j": 3,
          "official_walk": 547,
          "start_index": 547,
          "start_scalar": 9245094,
          "status": "identity",
          "steps": 122015
        },
        {
          "first_j": 0,
          "official_walk": 580,
          "start_index": 580,
          "start_scalar": 8995136,
          "status": "identity",
          "steps": 231534
        },
        {
          "first_j": 7,
          "official_walk": 620,
          "start_index": 620,
          "start_scalar": 8986302,
          "status": "identity",
          "steps": 243741
        },
        {
          "first_j": 7,
          "official_walk": 649,
          "start_index": 649,
          "start_scalar": 16624428,
          "status": "identity",
          "steps": 191320
        },
        {
          "first_j": 3,
          "official_walk": 713,
          "start_index": 713,
          "start_scalar": 65183,
          "status": "identity",
          "steps": 1352396
        },
        {
          "first_j": 5,
          "official_walk": 768,
          "start_index": 768,
          "start_scalar": 3543757,
          "status": "identity",
          "steps": 297700
        },
        {
          "first_j": 6,
          "official_walk": 787,
          "start_index": 787,
          "start_scalar": 11853513,
          "status": "identity",
          "steps": 235169
        },
        {
          "first_j": 1,
          "official_walk": 835,
          "start_index": 835,
          "start_scalar": 11859139,
          "status": "identity",
          "steps": 750157
        },
        {
          "first_j": 1,
          "official_walk": 959,
          "start_index": 959,
          "start_scalar": 12440055,
          "status": "identity",
          "steps": 406501
        },
        {
          "first_j": 6,
          "official_walk": 984,
          "start_index": 984,
          "start_scalar": 10884802,
          "status": "identity",
          "steps": 908515
        },
        {
          "first_j": 6,
          "official_walk": 1041,
          "start_index": 1041,
          "start_scalar": 7611169,
          "status": "identity",
          "steps": 405614
        },
        {
          "first_j": 7,
          "official_walk": 1072,
          "start_index": 1072,
          "start_scalar": 7210130,
          "status": "identity",
          "steps": 187595
        },
        {
          "first_j": 3,
          "official_walk": 1121,
          "start_index": 1121,
          "start_scalar": 660065,
          "status": "identity",
          "steps": 227646
        },
        {
          "first_j": 10,
          "official_walk": 1239,
          "start_index": 1239,
          "start_scalar": 3470526,
          "status": "identity",
          "steps": 50340
        },
        {
          "first_j": 13,
          "official_walk": 1302,
          "start_index": 1302,
          "start_scalar": 1029191,
          "status": "identity",
          "steps": 161531
        },
        {
          "first_j": 15,
          "official_walk": 1320,
          "start_index": 1320,
          "start_scalar": 10560591,
          "status": "identity",
          "steps": 347483
        },
        {
          "first_j": 15,
          "official_walk": 1366,
          "start_index": 1366,
          "start_scalar": 9513197,
          "status": "identity",
          "steps": 112328
        },
        {
          "first_j": 14,
          "official_walk": 1369,
          "start_index": 1369,
          "start_scalar": 7781684,
          "status": "identity",
          "steps": 347696
        },
        {
          "first_j": 3,
          "official_walk": 1388,
          "start_index": 1388,
          "start_scalar": 820872,
          "status": "identity",
          "steps": 161221
        },
        {
          "first_j": 3,
          "official_walk": 1450,
          "start_index": 1450,
          "start_scalar": 16263481,
          "status": "identity",
          "steps": 582544
        },
        {
          "first_j": 4,
          "official_walk": 1477,
          "start_index": 1477,
          "start_scalar": 10356083,
          "status": "identity",
          "steps": 136558
        },
        {
          "first_j": 7,
          "official_walk": 1525,
          "start_index": 1525,
          "start_scalar": 3069477,
          "status": "identity",
          "steps": 324332
        },
        {
          "first_j": 5,
          "official_walk": 1531,
          "start_index": 1531,
          "start_scalar": 14584926,
          "status": "identity",
          "steps": 20260
        },
        {
          "first_j": 9,
          "official_walk": 1543,
          "start_index": 1543,
          "start_scalar": 1347195,
          "status": "identity",
          "steps": 76461
        },
        {
          "first_j": 10,
          "official_walk": 1633,
          "start_index": 1633,
          "start_scalar": 9901344,
          "status": "identity",
          "steps": 69165
        },
        {
          "first_j": 6,
          "official_walk": 1662,
          "start_index": 1662,
          "start_scalar": 3361552,
          "status": "identity",
          "steps": 1285447
        },
        {
          "first_j": 2,
          "official_walk": 1664,
          "start_index": 1664,
          "start_scalar": 7582804,
          "status": "identity",
          "steps": 92021
        },
        {
          "first_j": 9,
          "official_walk": 1719,
          "start_index": 1719,
          "start_scalar": 624550,
          "status": "identity",
          "steps": 104734
        },
        {
          "first_j": 0,
          "official_walk": 1768,
          "start_index": 1768,
          "start_scalar": 14344648,
          "status": "identity",
          "steps": 468292
        },
        {
          "first_j": 5,
          "official_walk": 1768,
          "start_index": 10043,
          "start_scalar": 1071898,
          "status": "identity",
          "steps": 382120
        },
        {
          "first_j": 12,
          "official_walk": 1859,
          "start_index": 1859,
          "start_scalar": 212214,
          "status": "identity",
          "steps": 145549
        },
        {
          "first_j": 8,
          "official_walk": 1870,
          "start_index": 1870,
          "start_scalar": 10232631,
          "status": "identity",
          "steps": 358375
        },
        {
          "first_j": 4,
          "official_walk": 1882,
          "start_index": 1882,
          "start_scalar": 371825,
          "status": "identity",
          "steps": 635799
        },
        {
          "first_j": 10,
          "official_walk": 1937,
          "start_index": 1937,
          "start_scalar": 5084973,
          "status": "identity",
          "steps": 224980
        },
        {
          "first_j": 3,
          "official_walk": 1966,
          "start_index": 1966,
          "start_scalar": 7462999,
          "status": "identity",
          "steps": 311294
        },
        {
          "first_j": 13,
          "official_walk": 1980,
          "start_index": 1980,
          "start_scalar": 5301904,
          "status": "identity",
          "steps": 231302
        },
        {
          "first_j": 12,
          "official_walk": 1989,
          "start_index": 1989,
          "start_scalar": 16001120,
          "status": "identity",
          "steps": 54219
        },
        {
          "first_j": 13,
          "official_walk": 2058,
          "start_index": 2058,
          "start_scalar": 1584198,
          "status": "identity",
          "steps": 105544
        },
        {
          "first_j": 12,
          "official_walk": 2109,
          "start_index": 2109,
          "start_scalar": 14175085,
          "status": "identity",
          "steps": 131884
        },
        {
          "first_j": 5,
          "official_walk": 2169,
          "start_index": 2169,
          "start_scalar": 10622053,
          "status": "identity",
          "steps": 550372
        },
        {
          "first_j": 15,
          "official_walk": 2183,
          "start_index": 2183,
          "start_scalar": 11165197,
          "status": "identity",
          "steps": 306411
        },
        {
          "first_j": 0,
          "official_walk": 2186,
          "start_index": 2186,
          "start_scalar": 9564337,
          "status": "identity",
          "steps": 1929
        },
        {
          "first_j": 11,
          "official_walk": 2276,
          "start_index": 2276,
          "start_scalar": 7916522,
          "status": "identity",
          "steps": 128441
        },
        {
          "first_j": 15,
          "official_walk": 2280,
          "start_index": 2280,
          "start_scalar": 7533756,
          "status": "identity",
          "steps": 51261
        },
        {
          "first_j": 6,
          "official_walk": 2297,
          "start_index": 2297,
          "start_scalar": 12706670,
          "status": "identity",
          "steps": 799585
        },
        {
          "first_j": 13,
          "official_walk": 2340,
          "start_index": 2340,
          "start_scalar": 8504033,
          "status": "identity",
          "steps": 209207
        },
        {
          "first_j": 0,
          "official_walk": 2346,
          "start_index": 2346,
          "start_scalar": 15805158,
          "status": "identity",
          "steps": 43765
        },
        {
          "first_j": 4,
          "official_walk": 2371,
          "start_index": 2371,
          "start_scalar": 12614301,
          "status": "identity",
          "steps": 2196
        },
        {
          "first_j": 7,
          "official_walk": 2371,
          "start_index": 10062,
          "start_scalar": 8197610,
          "status": "identity",
          "steps": 498608
        },
        {
          "first_j": 11,
          "official_walk": 2382,
          "start_index": 2382,
          "start_scalar": 12091901,
          "status": "identity",
          "steps": 581469
        },
        {
          "first_j": 10,
          "official_walk": 2384,
          "start_index": 2384,
          "start_scalar": 3708559,
          "status": "identity",
          "steps": 1045968
        },
        {
          "first_j": 14,
          "official_walk": 2463,
          "start_index": 2463,
          "start_scalar": 11227230,
          "status": "identity",
          "steps": 105642
        },
        {
          "first_j": 14,
          "official_walk": 2527,
          "start_index": 2527,
          "start_scalar": 7809002,
          "status": "identity",
          "steps": 8798
        },
        {
          "first_j": 5,
          "official_walk": 2620,
          "start_index": 2620,
          "start_scalar": 3950638,
          "status": "identity",
          "steps": 143828
        },
        {
          "first_j": 2,
          "official_walk": 2661,
          "start_index": 2661,
          "start_scalar": 11044835,
          "status": "identity",
          "steps": 21101
        },
        {
          "first_j": 9,
          "official_walk": 2688,
          "start_index": 2688,
          "start_scalar": 7790229,
          "status": "identity",
          "steps": 387787
        },
        {
          "first_j": 10,
          "official_walk": 2758,
          "start_index": 2758,
          "start_scalar": 13446594,
          "status": "identity",
          "steps": 357989
        },
        {
          "first_j": 13,
          "official_walk": 2763,
          "start_index": 2763,
          "start_scalar": 8416726,
          "status": "identity",
          "steps": 59002
        },
        {
          "first_j": 0,
          "official_walk": 2849,
          "start_index": 2849,
          "start_scalar": 10417873,
          "status": "identity",
          "steps": 525865
        },
        {
          "first_j": 14,
          "official_walk": 2925,
          "start_index": 2925,
          "start_scalar": 10112572,
          "status": "identity",
          "steps": 256335
        },
        {
          "first_j": 5,
          "official_walk": 2932,
          "start_index": 2932,
          "start_scalar": 1224326,
          "status": "identity",
          "steps": 605480
        },
        {
          "first_j": 2,
          "official_walk": 2960,
          "start_index": 2960,
          "start_scalar": 15393353,
          "status": "identity",
          "steps": 59178
        },
        {
          "first_j": 7,
          "official_walk": 2973,
          "start_index": 2973,
          "start_scalar": 6347030,
          "status": "identity",
          "steps": 137732
        },
        {
          "first_j": 13,
          "official_walk": 3005,
          "start_index": 3005,
          "start_scalar": 12509743,
          "status": "identity",
          "steps": 45397
        },
        {
          "first_j": 11,
          "official_walk": 3011,
          "start_index": 3011,
          "start_scalar": 12818778,
          "status": "identity",
          "steps": 1288924
        },
        {
          "first_j": 12,
          "official_walk": 3021,
          "start_index": 3021,
          "start_scalar": 8868125,
          "status": "identity",
          "steps": 143453
        },
        {
          "first_j": 13,
          "official_walk": 3023,
          "start_index": 3023,
          "start_scalar": 10403722,
          "status": "identity",
          "steps": 846113
        },
        {
          "first_j": 3,
          "official_walk": 3045,
          "start_index": 3045,
          "start_scalar": 14551458,
          "status": "identity",
          "steps": 579338
        },
        {
          "first_j": 8,
          "official_walk": 3047,
          "start_index": 3047,
          "start_scalar": 12019614,
          "status": "identity",
          "steps": 95240
        },
        {
          "first_j": 11,
          "official_walk": 3086,
          "start_index": 3086,
          "start_scalar": 6582930,
          "status": "identity",
          "steps": 289180
        },
        {
          "first_j": 2,
          "official_walk": 3101,
          "start_index": 3101,
          "start_scalar": 5584962,
          "status": "identity",
          "steps": 525235
        },
        {
          "first_j": 13,
          "official_walk": 3113,
          "start_index": 3113,
          "start_scalar": 2358042,
          "status": "identity",
          "steps": 92777
        },
        {
          "first_j": 9,
          "official_walk": 3138,
          "start_index": 3138,
          "start_scalar": 3806526,
          "status": "identity",
          "steps": 852539
        },
        {
          "first_j": 15,
          "official_walk": 3169,
          "start_index": 3169,
          "start_scalar": 1841169,
          "status": "identity",
          "steps": 346971
        },
        {
          "first_j": 15,
          "official_walk": 3169,
          "start_index": 10088,
          "start_scalar": 1433022,
          "status": "identity",
          "steps": 329437
        },
        {
          "first_j": 14,
          "official_walk": 3208,
          "start_index": 3208,
          "start_scalar": 14047777,
          "status": "identity",
          "steps": 243227
        },
        {
          "first_j": 3,
          "official_walk": 3222,
          "start_index": 3222,
          "start_scalar": 8033134,
          "status": "identity",
          "steps": 37081
        },
        {
          "first_j": 9,
          "official_walk": 3258,
          "start_index": 3258,
          "start_scalar": 13522324,
          "status": "identity",
          "steps": 657556
        },
        {
          "first_j": 4,
          "official_walk": 3278,
          "start_index": 3278,
          "start_scalar": 12244331,
          "status": "identity",
          "steps": 999299
        },
        {
          "first_j": 2,
          "official_walk": 3280,
          "start_index": 3280,
          "start_scalar": 1615149,
          "status": "identity",
          "steps": 416605
        },
        {
          "first_j": 10,
          "official_walk": 3359,
          "start_index": 3359,
          "start_scalar": 1728272,
          "status": "identity",
          "steps": 392897
        },
        {
          "first_j": 7,
          "official_walk": 3383,
          "start_index": 3383,
          "start_scalar": 5019404,
          "status": "identity",
          "steps": 123230
        },
        {
          "first_j": 4,
          "official_walk": 3514,
          "start_index": 3514,
          "start_scalar": 5817943,
          "status": "identity",
          "steps": 91253
        },
        {
          "first_j": 5,
          "official_walk": 3622,
          "start_index": 3622,
          "start_scalar": 12028843,
          "status": "identity",
          "steps": 242350
        },
        {
          "first_j": 11,
          "official_walk": 3654,
          "start_index": 3654,
          "start_scalar": 5358632,
          "status": "identity",
          "steps": 145705
        },
        {
          "first_j": 8,
          "official_walk": 3735,
          "start_index": 3735,
          "start_scalar": 5946316,
          "status": "identity",
          "steps": 472031
        },
        {
          "first_j": 14,
          "official_walk": 3737,
          "start_index": 3737,
          "start_scalar": 2330984,
          "status": "identity",
          "steps": 192277
        },
        {
          "first_j": 10,
          "official_walk": 3882,
          "start_index": 3882,
          "start_scalar": 12263326,
          "status": "identity",
          "steps": 747699
        },
        {
          "first_j": 7,
          "official_walk": 4000,
          "start_index": 4000,
          "start_scalar": 13809402,
          "status": "identity",
          "steps": 39172
        },
        {
          "first_j": 5,
          "official_walk": 4004,
          "start_index": 4004,
          "start_scalar": 9546623,
          "status": "identity",
          "steps": 155251
        },
        {
          "first_j": 13,
          "official_walk": 4043,
          "start_index": 4043,
          "start_scalar": 574255,
          "status": "identity",
          "steps": 938958
        },
        {
          "first_j": 15,
          "official_walk": 4046,
          "start_index": 4046,
          "start_scalar": 3258074,
          "status": "identity",
          "steps": 23533
        },
        {
          "first_j": 2,
          "official_walk": 4109,
          "start_index": 4109,
          "start_scalar": 12024048,
          "status": "identity",
          "steps": 159564
        },
        {
          "first_j": 6,
          "official_walk": 4123,
          "start_index": 4123,
          "start_scalar": 8959819,
          "status": "identity",
          "steps": 186644
        },
        {
          "first_j": 7,
          "official_walk": 4131,
          "start_index": 4131,
          "start_scalar": 8940666,
          "status": "identity",
          "steps": 415228
        },
        {
          "first_j": 0,
          "official_walk": 4146,
          "start_index": 4146,
          "start_scalar": 13919472,
          "status": "identity",
          "steps": 287503
        },
        {
          "first_j": 13,
          "official_walk": 4246,
          "start_index": 4246,
          "start_scalar": 2947555,
          "status": "identity",
          "steps": 960748
        },
        {
          "first_j": 9,
          "official_walk": 4323,
          "start_index": 4323,
          "start_scalar": 12436270,
          "status": "identity",
          "steps": 28194
        },
        {
          "first_j": 3,
          "official_walk": 4341,
          "start_index": 4341,
          "start_scalar": 9778368,
          "status": "identity",
          "steps": 1196237
        },
        {
          "first_j": 8,
          "official_walk": 4372,
          "start_index": 4372,
          "start_scalar": 8078807,
          "status": "identity",
          "steps": 1919298
        },
        {
          "first_j": 4,
          "official_walk": 4454,
          "start_index": 4454,
          "start_scalar": 14484672,
          "status": "identity",
          "steps": 396793
        },
        {
          "first_j": 14,
          "official_walk": 4457,
          "start_index": 4457,
          "start_scalar": 9132557,
          "status": "identity",
          "steps": 179704
        },
        {
          "first_j": 12,
          "official_walk": 4457,
          "start_index": 10116,
          "start_scalar": 9611126,
          "status": "identity",
          "steps": 438981
        },
        {
          "first_j": 0,
          "official_walk": 4510,
          "start_index": 4510,
          "start_scalar": 8816855,
          "status": "identity",
          "steps": 357752
        },
        {
          "first_j": 6,
          "official_walk": 4525,
          "start_index": 4525,
          "start_scalar": 9471651,
          "status": "identity",
          "steps": 1327111
        },
        {
          "first_j": 14,
          "official_walk": 4592,
          "start_index": 4592,
          "start_scalar": 8713999,
          "status": "identity",
          "steps": 434837
        },
        {
          "first_j": 1,
          "official_walk": 4597,
          "start_index": 4597,
          "start_scalar": 3063708,
          "status": "identity",
          "steps": 317868
        },
        {
          "first_j": 1,
          "official_walk": 4603,
          "start_index": 4603,
          "start_scalar": 12628022,
          "status": "identity",
          "steps": 406733
        },
        {
          "first_j": 12,
          "official_walk": 4637,
          "start_index": 4637,
          "start_scalar": 3559524,
          "status": "identity",
          "steps": 1008647
        },
        {
          "first_j": 11,
          "official_walk": 4647,
          "start_index": 4647,
          "start_scalar": 10500933,
          "status": "identity",
          "steps": 656584
        },
        {
          "first_j": 15,
          "official_walk": 4808,
          "start_index": 4808,
          "start_scalar": 11306117,
          "status": "identity",
          "steps": 47858
        },
        {
          "first_j": 2,
          "official_walk": 4808,
          "start_index": 10125,
          "start_scalar": 9044732,
          "status": "identity",
          "steps": 745246
        },
        {
          "first_j": 6,
          "official_walk": 4847,
          "start_index": 4847,
          "start_scalar": 2270014,
          "status": "identity",
          "steps": 173953
        },
        {
          "first_j": 4,
          "official_walk": 4854,
          "start_index": 4854,
          "start_scalar": 16587958,
          "status": "identity",
          "steps": 316697
        },
        {
          "first_j": 13,
          "official_walk": 4862,
          "start_index": 4862,
          "start_scalar": 15096480,
          "status": "identity",
          "steps": 174889
        },
        {
          "first_j": 8,
          "official_walk": 4900,
          "start_index": 4900,
          "start_scalar": 14180450,
          "status": "identity",
          "steps": 330486
        },
        {
          "first_j": 10,
          "official_walk": 4903,
          "start_index": 4903,
          "start_scalar": 15171978,
          "status": "identity",
          "steps": 407708
        },
        {
          "first_j": 8,
          "official_walk": 4915,
          "start_index": 4915,
          "start_scalar": 2927610,
          "status": "identity",
          "steps": 135796
        },
        {
          "first_j": 14,
          "official_walk": 4923,
          "start_index": 4923,
          "start_scalar": 3826829,
          "status": "identity",
          "steps": 281661
        },
        {
          "first_j": 5,
          "official_walk": 4938,
          "start_index": 4938,
          "start_scalar": 498580,
          "status": "identity",
          "steps": 303045
        },
        {
          "first_j": 15,
          "official_walk": 4964,
          "start_index": 4964,
          "start_scalar": 13450446,
          "status": "identity",
          "steps": 682719
        },
        {
          "first_j": 3,
          "official_walk": 4984,
          "start_index": 4984,
          "start_scalar": 15094401,
          "status": "identity",
          "steps": 5265
        },
        {
          "first_j": 1,
          "official_walk": 4995,
          "start_index": 4995,
          "start_scalar": 456102,
          "status": "identity",
          "steps": 498222
        },
        {
          "first_j": 8,
          "official_walk": 5004,
          "start_index": 5004,
          "start_scalar": 9532004,
          "status": "identity",
          "steps": 362940
        },
        {
          "first_j": 0,
          "official_walk": 5032,
          "start_index": 5032,
          "start_scalar": 11040459,
          "status": "identity",
          "steps": 696714
        },
        {
          "first_j": 9,
          "official_walk": 5036,
          "start_index": 5036,
          "start_scalar": 6995311,
          "status": "identity",
          "steps": 83018
        },
        {
          "first_j": 7,
          "official_walk": 5052,
          "start_index": 5052,
          "start_scalar": 10011866,
          "status": "identity",
          "steps": 40368
        },
        {
          "first_j": 4,
          "official_walk": 5064,
          "start_index": 5064,
          "start_scalar": 2666377,
          "status": "identity",
          "steps": 1239079
        },
        {
          "first_j": 14,
          "official_walk": 5087,
          "start_index": 5087,
          "start_scalar": 1784679,
          "status": "identity",
          "steps": 283389
        },
        {
          "first_j": 3,
          "official_walk": 5095,
          "start_index": 5095,
          "start_scalar": 8393919,
          "status": "identity",
          "steps": 125050
        },
        {
          "first_j": 4,
          "official_walk": 5111,
          "start_index": 5111,
          "start_scalar": 3810880,
          "status": "identity",
          "steps": 242552
        },
        {
          "first_j": 15,
          "official_walk": 5155,
          "start_index": 5155,
          "start_scalar": 3602079,
          "status": "identity",
          "steps": 2926
        },
        {
          "first_j": 15,
          "official_walk": 5174,
          "start_index": 5174,
          "start_scalar": 12584334,
          "status": "identity",
          "steps": 125463
        },
        {
          "first_j": 10,
          "official_walk": 5260,
          "start_index": 5260,
          "start_scalar": 5495547,
          "status": "identity",
          "steps": 626470
        },
        {
          "first_j": 1,
          "official_walk": 5282,
          "start_index": 5282,
          "start_scalar": 2991417,
          "status": "identity",
          "steps": 81140
        },
        {
          "first_j": 11,
          "official_walk": 5353,
          "start_index": 5353,
          "start_scalar": 16644638,
          "status": "identity",
          "steps": 365167
        },
        {
          "first_j": 6,
          "official_walk": 5354,
          "start_index": 5354,
          "start_scalar": 2294648,
          "status": "identity",
          "steps": 563335
        },
        {
          "first_j": 0,
          "official_walk": 5355,
          "start_index": 5355,
          "start_scalar": 1162523,
          "status": "identity",
          "steps": 1182988
        },
        {
          "first_j": 2,
          "official_walk": 5417,
          "start_index": 5417,
          "start_scalar": 725261,
          "status": "identity",
          "steps": 675273
        },
        {
          "first_j": 2,
          "official_walk": 5418,
          "start_index": 5418,
          "start_scalar": 513367,
          "status": "identity",
          "steps": 972427
        },
        {
          "first_j": 10,
          "official_walk": 5590,
          "start_index": 5590,
          "start_scalar": 12952839,
          "status": "identity",
          "steps": 1007677
        },
        {
          "first_j": 1,
          "official_walk": 5602,
          "start_index": 5602,
          "start_scalar": 14511972,
          "status": "identity",
          "steps": 750134
        },
        {
          "first_j": 11,
          "official_walk": 5650,
          "start_index": 5650,
          "start_scalar": 15691381,
          "status": "identity",
          "steps": 891842
        },
        {
          "first_j": 6,
          "official_walk": 5704,
          "start_index": 5704,
          "start_scalar": 14821097,
          "status": "identity",
          "steps": 152396
        },
        {
          "first_j": 4,
          "official_walk": 5708,
          "start_index": 5708,
          "start_scalar": 4504606,
          "status": "identity",
          "steps": 139358
        },
        {
          "first_j": 6,
          "official_walk": 5725,
          "start_index": 5725,
          "start_scalar": 11900988,
          "status": "identity",
          "steps": 302014
        },
        {
          "first_j": 13,
          "official_walk": 6006,
          "start_index": 6006,
          "start_scalar": 15133204,
          "status": "identity",
          "steps": 457811
        },
        {
          "first_j": 14,
          "official_walk": 6032,
          "start_index": 6032,
          "start_scalar": 2967241,
          "status": "identity",
          "steps": 337928
        },
        {
          "first_j": 15,
          "official_walk": 6106,
          "start_index": 6106,
          "start_scalar": 6462550,
          "status": "identity",
          "steps": 93256
        },
        {
          "first_j": 10,
          "official_walk": 6145,
          "start_index": 6145,
          "start_scalar": 13676583,
          "status": "identity",
          "steps": 388846
        },
        {
          "first_j": 14,
          "official_walk": 6158,
          "start_index": 6158,
          "start_scalar": 15490843,
          "status": "identity",
          "steps": 219864
        },
        {
          "first_j": 0,
          "official_walk": 6177,
          "start_index": 6177,
          "start_scalar": 11857148,
          "status": "identity",
          "steps": 199312
        },
        {
          "first_j": 3,
          "official_walk": 6217,
          "start_index": 6217,
          "start_scalar": 8987531,
          "status": "identity",
          "steps": 1449
        },
        {
          "first_j": 1,
          "official_walk": 6229,
          "start_index": 6229,
          "start_scalar": 6263699,
          "status": "identity",
          "steps": 245654
        },
        {
          "first_j": 6,
          "official_walk": 6254,
          "start_index": 6254,
          "start_scalar": 4586673,
          "status": "identity",
          "steps": 224566
        },
        {
          "first_j": 11,
          "official_walk": 6286,
          "start_index": 6286,
          "start_scalar": 5233293,
          "status": "identity",
          "steps": 845024
        },
        {
          "first_j": 14,
          "official_walk": 6366,
          "start_index": 6366,
          "start_scalar": 4447806,
          "status": "identity",
          "steps": 313106
        },
        {
          "first_j": 8,
          "official_walk": 6402,
          "start_index": 6402,
          "start_scalar": 14978661,
          "status": "identity",
          "steps": 378613
        },
        {
          "first_j": 7,
          "official_walk": 6451,
          "start_index": 6451,
          "start_scalar": 10914854,
          "status": "identity",
          "steps": 858323
        },
        {
          "first_j": 13,
          "official_walk": 6526,
          "start_index": 6526,
          "start_scalar": 13261438,
          "status": "identity",
          "steps": 149863
        },
        {
          "first_j": 11,
          "official_walk": 6535,
          "start_index": 6535,
          "start_scalar": 6256720,
          "status": "identity",
          "steps": 169148
        },
        {
          "first_j": 12,
          "official_walk": 6642,
          "start_index": 6642,
          "start_scalar": 9371730,
          "status": "identity",
          "steps": 1194128
        },
        {
          "first_j": 12,
          "official_walk": 6657,
          "start_index": 6657,
          "start_scalar": 15344636,
          "status": "identity",
          "steps": 248380
        },
        {
          "first_j": 14,
          "official_walk": 6667,
          "start_index": 6667,
          "start_scalar": 898208,
          "status": "identity",
          "steps": 214272
        },
        {
          "first_j": 2,
          "official_walk": 6730,
          "start_index": 6730,
          "start_scalar": 9672439,
          "status": "identity",
          "steps": 90646
        },
        {
          "first_j": 1,
          "official_walk": 6736,
          "start_index": 6736,
          "start_scalar": 3257006,
          "status": "identity",
          "steps": 51687
        },
        {
          "first_j": 1,
          "official_walk": 6775,
          "start_index": 6775,
          "start_scalar": 14057685,
          "status": "identity",
          "steps": 258285
        },
        {
          "first_j": 1,
          "official_walk": 6785,
          "start_index": 6785,
          "start_scalar": 16696852,
          "status": "identity",
          "steps": 989863
        },
        {
          "first_j": 12,
          "official_walk": 6789,
          "start_index": 6789,
          "start_scalar": 7830445,
          "status": "identity",
          "steps": 36953
        },
        {
          "first_j": 1,
          "official_walk": 6852,
          "start_index": 6852,
          "start_scalar": 2800393,
          "status": "identity",
          "steps": 200009
        },
        {
          "first_j": 15,
          "official_walk": 7084,
          "start_index": 7084,
          "start_scalar": 12539322,
          "status": "identity",
          "steps": 159539
        },
        {
          "first_j": 7,
          "official_walk": 7121,
          "start_index": 7121,
          "start_scalar": 10066423,
          "status": "identity",
          "steps": 1185817
        },
        {
          "first_j": 8,
          "official_walk": 7132,
          "start_index": 7132,
          "start_scalar": 5447181,
          "status": "identity",
          "steps": 7807
        },
        {
          "first_j": 3,
          "official_walk": 7195,
          "start_index": 7195,
          "start_scalar": 1963664,
          "status": "identity",
          "steps": 626913
        },
        {
          "first_j": 12,
          "official_walk": 7232,
          "start_index": 7232,
          "start_scalar": 11229577,
          "status": "identity",
          "steps": 40999
        },
        {
          "first_j": 5,
          "official_walk": 7253,
          "start_index": 7253,
          "start_scalar": 10224144,
          "status": "identity",
          "steps": 416638
        },
        {
          "first_j": 2,
          "official_walk": 7255,
          "start_index": 7255,
          "start_scalar": 7496240,
          "status": "identity",
          "steps": 800356
        },
        {
          "first_j": 4,
          "official_walk": 7273,
          "start_index": 7273,
          "start_scalar": 5773591,
          "status": "identity",
          "steps": 273285
        },
        {
          "first_j": 8,
          "official_walk": 7277,
          "start_index": 7277,
          "start_scalar": 8489474,
          "status": "identity",
          "steps": 714093
        },
        {
          "first_j": 2,
          "official_walk": 7281,
          "start_index": 7281,
          "start_scalar": 13229053,
          "status": "identity",
          "steps": 256900
        },
        {
          "first_j": 10,
          "official_walk": 7445,
          "start_index": 7445,
          "start_scalar": 4481613,
          "status": "identity",
          "steps": 176587
        },
        {
          "first_j": 11,
          "official_walk": 7447,
          "start_index": 7447,
          "start_scalar": 11110771,
          "status": "identity",
          "steps": 424644
        },
        {
          "first_j": 15,
          "official_walk": 7456,
          "start_index": 7456,
          "start_scalar": 8810262,
          "status": "identity",
          "steps": 1604532
        },
        {
          "first_j": 15,
          "official_walk": 7472,
          "start_index": 7472,
          "start_scalar": 5477454,
          "status": "identity",
          "steps": 100455
        },
        {
          "first_j": 1,
          "official_walk": 7480,
          "start_index": 7480,
          "start_scalar": 5956825,
          "status": "identity",
          "steps": 236306
        },
        {
          "first_j": 6,
          "official_walk": 7549,
          "start_index": 7549,
          "start_scalar": 12656572,
          "status": "identity",
          "steps": 275515
        },
        {
          "first_j": 0,
          "official_walk": 7611,
          "start_index": 7611,
          "start_scalar": 15761569,
          "status": "identity",
          "steps": 1413451
        },
        {
          "first_j": 10,
          "official_walk": 7611,
          "start_index": 10201,
          "start_scalar": 14233460,
          "status": "identity",
          "steps": 261331
        },
        {
          "first_j": 1,
          "official_walk": 7648,
          "start_index": 7648,
          "start_scalar": 1770583,
          "status": "identity",
          "steps": 267242
        },
        {
          "first_j": 13,
          "official_walk": 7702,
          "start_index": 7702,
          "start_scalar": 2354674,
          "status": "identity",
          "steps": 168807
        },
        {
          "first_j": 10,
          "official_walk": 7714,
          "start_index": 7714,
          "start_scalar": 546225,
          "status": "identity",
          "steps": 193235
        },
        {
          "first_j": 6,
          "official_walk": 7742,
          "start_index": 7742,
          "start_scalar": 16608666,
          "status": "identity",
          "steps": 579044
        },
        {
          "first_j": 0,
          "official_walk": 7790,
          "start_index": 7790,
          "start_scalar": 12602268,
          "status": "identity",
          "steps": 27671
        },
        {
          "first_j": 10,
          "official_walk": 7805,
          "start_index": 7805,
          "start_scalar": 1732398,
          "status": "identity",
          "steps": 34894
        },
        {
          "first_j": 4,
          "official_walk": 7834,
          "start_index": 7834,
          "start_scalar": 16622742,
          "status": "identity",
          "steps": 71971
        },
        {
          "first_j": 5,
          "official_walk": 7855,
          "start_index": 7855,
          "start_scalar": 14613936,
          "status": "identity",
          "steps": 1173773
        },
        {
          "first_j": 3,
          "official_walk": 7895,
          "start_index": 7895,
          "start_scalar": 8094686,
          "status": "identity",
          "steps": 1108767
        },
        {
          "first_j": 12,
          "official_walk": 7989,
          "start_index": 7989,
          "start_scalar": 10263819,
          "status": "identity",
          "steps": 178059
        },
        {
          "first_j": 3,
          "official_walk": 8063,
          "start_index": 8063,
          "start_scalar": 6802997,
          "status": "identity",
          "steps": 1572607
        },
        {
          "first_j": 12,
          "official_walk": 8097,
          "start_index": 8097,
          "start_scalar": 10539521,
          "status": "identity",
          "steps": 315404
        },
        {
          "first_j": 14,
          "official_walk": 8233,
          "start_index": 8233,
          "start_scalar": 4139598,
          "status": "identity",
          "steps": 114762
        },
        {
          "first_j": 13,
          "official_walk": 8236,
          "start_index": 8236,
          "start_scalar": 6860651,
          "status": "identity",
          "steps": 388357
        },
        {
          "first_j": 13,
          "official_walk": 8252,
          "start_index": 8252,
          "start_scalar": 7217297,
          "status": "identity",
          "steps": 1337444
        },
        {
          "first_j": 12,
          "official_walk": 8287,
          "start_index": 8287,
          "start_scalar": 16100283,
          "status": "identity",
          "steps": 84262
        },
        {
          "first_j": 11,
          "official_walk": 8298,
          "start_index": 8298,
          "start_scalar": 13431229,
          "status": "identity",
          "steps": 132836
        },
        {
          "first_j": 8,
          "official_walk": 8353,
          "start_index": 8353,
          "start_scalar": 9089551,
          "status": "identity",
          "steps": 199632
        },
        {
          "first_j": 2,
          "official_walk": 8378,
          "start_index": 8378,
          "start_scalar": 10487893,
          "status": "identity",
          "steps": 136355
        },
        {
          "first_j": 15,
          "official_walk": 8382,
          "start_index": 8382,
          "start_scalar": 1307932,
          "status": "identity",
          "steps": 53470
        },
        {
          "first_j": 9,
          "official_walk": 8438,
          "start_index": 8438,
          "start_scalar": 498040,
          "status": "identity",
          "steps": 592204
        },
        {
          "first_j": 14,
          "official_walk": 8531,
          "start_index": 8531,
          "start_scalar": 7227958,
          "status": "identity",
          "steps": 137453
        },
        {
          "first_j": 4,
          "official_walk": 8571,
          "start_index": 8571,
          "start_scalar": 9255917,
          "status": "identity",
          "steps": 449878
        },
        {
          "first_j": 13,
          "official_walk": 8632,
          "start_index": 8632,
          "start_scalar": 3432684,
          "status": "identity",
          "steps": 515350
        },
        {
          "first_j": 12,
          "official_walk": 8814,
          "start_index": 8814,
          "start_scalar": 12656386,
          "status": "identity",
          "steps": 1234771
        },
        {
          "first_j": 5,
          "official_walk": 8834,
          "start_index": 8834,
          "start_scalar": 1036297,
          "status": "identity",
          "steps": 47655
        },
        {
          "first_j": 0,
          "official_walk": 8919,
          "start_index": 8919,
          "start_scalar": 7141847,
          "status": "identity",
          "steps": 621592
        },
        {
          "first_j": 15,
          "official_walk": 8950,
          "start_index": 8950,
          "start_scalar": 13151978,
          "status": "identity",
          "steps": 695500
        },
        {
          "first_j": 2,
          "official_walk": 8957,
          "start_index": 8957,
          "start_scalar": 2597413,
          "status": "identity",
          "steps": 639476
        },
        {
          "first_j": 5,
          "official_walk": 8965,
          "start_index": 8965,
          "start_scalar": 3141280,
          "status": "identity",
          "steps": 141253
        },
        {
          "first_j": 1,
          "official_walk": 9090,
          "start_index": 9090,
          "start_scalar": 8120659,
          "status": "identity",
          "steps": 72762
        },
        {
          "first_j": 14,
          "official_walk": 9102,
          "start_index": 9102,
          "start_scalar": 8934063,
          "status": "identity",
          "steps": 337841
        },
        {
          "first_j": 0,
          "official_walk": 9103,
          "start_index": 9103,
          "start_scalar": 16009790,
          "status": "identity",
          "steps": 26915
        },
        {
          "first_j": 14,
          "official_walk": 9122,
          "start_index": 9122,
          "start_scalar": 108166,
          "status": "identity",
          "steps": 548514
        },
        {
          "first_j": 5,
          "official_walk": 9135,
          "start_index": 9135,
          "start_scalar": 1109552,
          "status": "identity",
          "steps": 226679
        },
        {
          "first_j": 10,
          "official_walk": 9180,
          "start_index": 9180,
          "start_scalar": 13905480,
          "status": "identity",
          "steps": 67784
        },
        {
          "first_j": 1,
          "official_walk": 9186,
          "start_index": 9186,
          "start_scalar": 1796292,
          "status": "identity",
          "steps": 688627
        },
        {
          "first_j": 11,
          "official_walk": 9198,
          "start_index": 9198,
          "start_scalar": 1889577,
          "status": "identity",
          "steps": 167457
        },
        {
          "first_j": 10,
          "official_walk": 9198,
          "start_index": 10240,
          "start_scalar": 14393630,
          "status": "identity",
          "steps": 61335
        },
        {
          "first_j": 6,
          "official_walk": 9275,
          "start_index": 9275,
          "start_scalar": 8981074,
          "status": "identity",
          "steps": 59734
        },
        {
          "first_j": 5,
          "official_walk": 9339,
          "start_index": 9339,
          "start_scalar": 7335754,
          "status": "identity",
          "steps": 772327
        },
        {
          "first_j": 0,
          "official_walk": 9349,
          "start_index": 9349,
          "start_scalar": 132299,
          "status": "identity",
          "steps": 239422
        },
        {
          "first_j": 2,
          "official_walk": 9388,
          "start_index": 9388,
          "start_scalar": 6721940,
          "status": "identity",
          "steps": 350126
        },
        {
          "first_j": 6,
          "official_walk": 9400,
          "start_index": 9400,
          "start_scalar": 14017297,
          "status": "identity",
          "steps": 674789
        },
        {
          "first_j": 5,
          "official_walk": 9411,
          "start_index": 9411,
          "start_scalar": 16233661,
          "status": "identity",
          "steps": 613437
        },
        {
          "first_j": 7,
          "official_walk": 9431,
          "start_index": 9431,
          "start_scalar": 12183795,
          "status": "identity",
          "steps": 165130
        },
        {
          "first_j": 3,
          "official_walk": 9480,
          "start_index": 9480,
          "start_scalar": 13448804,
          "status": "identity",
          "steps": 573060
        },
        {
          "first_j": 5,
          "official_walk": 9586,
          "start_index": 9586,
          "start_scalar": 15337192,
          "status": "identity",
          "steps": 340745
        },
        {
          "first_j": 0,
          "official_walk": 9624,
          "start_index": 9624,
          "start_scalar": 14449195,
          "status": "identity",
          "steps": 356749
        },
        {
          "first_j": 8,
          "official_walk": 9693,
          "start_index": 9693,
          "start_scalar": 10069571,
          "status": "identity",
          "steps": 5322
        },
        {
          "first_j": 5,
          "official_walk": 9707,
          "start_index": 9707,
          "start_scalar": 15824174,
          "status": "identity",
          "steps": 606356
        },
        {
          "first_j": 13,
          "official_walk": 9722,
          "start_index": 9722,
          "start_scalar": 12352521,
          "status": "identity",
          "steps": 1687341
        },
        {
          "first_j": 11,
          "official_walk": 9730,
          "start_index": 9730,
          "start_scalar": 4682188,
          "status": "identity",
          "steps": 568134
        },
        {
          "first_j": 14,
          "official_walk": 9756,
          "start_index": 9756,
          "start_scalar": 12519137,
          "status": "identity",
          "steps": 353112
        },
        {
          "first_j": 2,
          "official_walk": 9885,
          "start_index": 9885,
          "start_scalar": 13404022,
          "status": "identity",
          "steps": 259710
        },
        {
          "first_j": 10,
          "official_walk": 9887,
          "start_index": 9887,
          "start_scalar": 6394708,
          "status": "identity",
          "steps": 711635
        },
        {
          "first_j": 8,
          "official_walk": 9939,
          "start_index": 9939,
          "start_scalar": 5317152,
          "status": "identity",
          "steps": 73100
        },
        {
          "first_j": 9,
          "official_walk": 9963,
          "start_index": 9963,
          "start_scalar": 2917858,
          "status": "identity",
          "steps": 107597
        },
        {
          "first_j": 12,
          "official_walk": 9971,
          "start_index": 9971,
          "start_scalar": 9711226,
          "status": "identity",
          "steps": 228578
        },
        {
          "first_j": 8,
          "official_walk": 9985,
          "start_index": 9985,
          "start_scalar": 3136881,
          "status": "identity",
          "steps": 78119
        }
      ],
      "ks_distance": 0.26922950215490193,
      "ks_within_0_10": false,
      "label": "NULL-3",
      "mean_hitting_time": 405016.5065,
      "mean_over_N_over_D": 0.48301206270481334,
      "n_capped": 0,
      "n_identity_events": 263,
      "n_uncensored": 10000,
      "n_walks_completed": 10000,
      "nested_stage11_walk0_match": true,
      "percentile_99": 1859803,
      "t_geo_99": 3861536,
      "wall_clock_seconds": 443.3177263010002
    }
  ],
  "certificate": {
    "kind": "none",
    "verified": true
  },
  "extra_start_pins_match": true,
  "first_j_idx0_all_match": true,
  "first_j_idx10_all_match": true,
  "fixture_pass": true,
  "ks_is_not_a_gate": true,
  "nested_stage11_walk0_all_match": true,
  "not_an_H1_claim": true,
  "run_id": "RUN-ECDLP-420e73-S14",
  "wall_clock_seconds": 460.22151575700263
}
