p,a,b,j,trace,order,aut_order,fb_m2,fb_m3,n_targets,hits_m2,hits_m3,order,full_liftable,liftable_density_W187,liftable_density_W375,liftable_density_W750,liftable_density_W1501,liftable_density_W3003,liftable_density_W6007,two_torsion_x,sumset_m2,sumset_m3,sumset_eff_m2,sumset_eff_m3,decomp_rate_m2,decomp_rate_m3,decomp_efficiency_m2,decomp_efficiency_m3,s3_support,liftable_identity_holds
6007,4556,1035,39,8,6000,2,40,13,400,154,164,6000,3001,0.5080213903743316,0.49066666666666664,0.48,0.4943371085942705,0.5044955044955045,0.4995838188779757,3,2560,2402,0.7901234567901234,0.7332112332112332,0.385,0.41,0.7129629629629629,0.7509157509157509,13,True
6007,5040,4073,65,8,6000,2,40,13,400,161,162,6000,3000,0.4919786096256685,0.49866666666666665,0.49333333333333335,0.5089940039973351,0.5054945054945055,0.49941734642916596,1,2520,2338,0.7777777777777778,0.7136752136752137,0.4025,0.405,0.7453703703703703,0.7417582417582418,13,True
6007,5941,5963,94,8,6000,2,40,13,400,175,173,6000,3000,0.49732620320855614,0.5093333333333333,0.49733333333333335,0.48500999333777484,0.48484848484848486,0.49941734642916596,1,2462,2442,0.7598765432098765,0.7454212454212454,0.4375,0.4325,0.8101851851851852,0.7921245421245421,13,True
6007,1276,2853,113,8,6000,2,40,13,400,170,141,6000,3000,0.48663101604278075,0.4746666666666667,0.49466666666666664,0.4983344437041972,0.5001665001665002,0.49941734642916596,1,2504,2432,0.7728395061728395,0.7423687423687424,0.425,0.3525,0.7870370370370371,0.6456043956043956,13,True
6007,4706,1135,140,8,6000,2,40,13,400,174,151,6000,3001,0.48128342245989303,0.512,0.5013333333333333,0.4876748834110593,0.49517149517149517,0.4995838188779757,3,2520,2446,0.7777777777777778,0.7466422466422467,0.435,0.3775,0.8055555555555556,0.6913919413919414,13,True
6007,3794,1581,205,8,6000,2,40,13,400,153,151,6000,3000,0.5508021390374331,0.512,0.5093333333333333,0.49566955363091275,0.5031635031635031,0.49941734642916596,1,2512,2362,0.7753086419753087,0.721001221001221,0.3825,0.3775,0.7083333333333334,0.6913919413919414,13,True
6007,1300,2869,258,8,6000,2,40,13,400,167,148,6000,3000,0.5614973262032086,0.5146666666666667,0.52,0.5143237841439041,0.5008325008325009,0.49941734642916596,1,2458,2262,0.758641975308642,0.6904761904761905,0.4175,0.37,0.7731481481481481,0.6776556776556777,13,True
6007,5212,4417,287,8,6000,2,40,13,400,173,144,6000,3000,0.4919786096256685,0.4746666666666667,0.4866666666666667,0.4770153231179214,0.49184149184149184,0.49941734642916596,1,2496,2344,0.7703703703703704,0.7155067155067155,0.4325,0.36,0.8009259259259259,0.6593406593406593,13,True
6007,3542,1077,323,8,6000,2,40,13,400,159,161,6000,3001,0.5401069518716578,0.5253333333333333,0.516,0.5236508994003998,0.5078255078255078,0.4995838188779757,3,2459,2525,0.7589506172839506,0.7707570207570208,0.3975,0.4025,0.7361111111111112,0.7371794871794872,13,True
6007,4720,3433,392,8,6000,2,40,13,400,168,184,6000,3001,0.4385026737967914,0.456,0.488,0.5043304463690873,0.49716949716949715,0.4995838188779757,3,2499,2364,0.7712962962962963,0.7216117216117216,0.42,0.46,0.7777777777777778,0.8424908424908425,13,True
6007,4049,697,434,8,6000,2,40,13,400,173,163,6000,3000,0.44385026737967914,0.5093333333333333,0.5253333333333333,0.4990006662225183,0.49716949716949715,0.49941734642916596,1,2493,2504,0.7694444444444445,0.7643467643467643,0.4325,0.4075,0.8009259259259259,0.7463369963369964,13,True
6007,1680,1120,440,8,6000,2,40,13,400,161,143,6000,3000,0.5240641711229946,0.49066666666666664,0.48533333333333334,0.480346435709527,0.4935064935064935,0.49941734642916596,1,2478,2194,0.7648148148148148,0.6697191697191697,0.4025,0.3575,0.7453703703703703,0.6547619047619048,13,True
6007,461,4312,474,8,6000,2,40,13,400,174,157,6000,3000,0.49732620320855614,0.48533333333333334,0.4826666666666667,0.49633577614923385,0.5018315018315018,0.49941734642916596,1,2501,2418,0.7719135802469136,0.7380952380952381,0.435,0.3925,0.8055555555555556,0.7188644688644689,13,True
6007,876,584,492,8,6000,2,40,13,400,160,194,6000,3000,0.43315508021390375,0.4746666666666667,0.47333333333333333,0.480346435709527,0.4931734931734932,0.49941734642916596,1,2506,2463,0.7734567901234568,0.7518315018315018,0.4,0.485,0.7407407407407407,0.8882783882783882,13,True
6007,4453,2899,602,8,6000,2,40,13,400,154,167,6000,3000,0.5508021390374331,0.5146666666666667,0.5,0.48967355096602266,0.5008325008325009,0.49941734642916596,1,2448,2539,0.7555555555555555,0.775030525030525,0.385,0.4175,0.7129629629629629,0.7646520146520146,13,True
6007,5003,1333,659,8,6000,2,40,13,400,164,146,6000,3001,0.5240641711229946,0.536,0.49066666666666664,0.491672218520986,0.4901764901764902,0.4995838188779757,3,2426,2392,0.7487654320987654,0.7301587301587301,0.41,0.365,0.7592592592592593,0.6684981684981685,13,True
6007,5173,5451,715,8,6000,2,40,13,400,170,165,6000,3000,0.48663101604278075,0.5093333333333333,0.5,0.5069953364423717,0.5031635031635031,0.49941734642916596,1,2487,2409,0.7675925925925926,0.7353479853479854,0.425,0.4125,0.7870370370370371,0.7554945054945055,13,True
6007,1764,3528,736,8,6000,2,40,13,400,168,157,6000,3000,0.5561497326203209,0.5333333333333333,0.5226666666666666,0.508327781479014,0.5008325008325009,0.49941734642916596,1,2470,2376,0.7623456790123457,0.7252747252747253,0.42,0.3925,0.7777777777777778,0.7188644688644689,13,True
6007,241,482,747,8,6000,2,40,13,400,163,141,6000,3000,0.5133689839572193,0.5226666666666666,0.508,0.508327781479014,0.49916749916749914,0.49941734642916596,1,2536,2300,0.782716049382716,0.702075702075702,0.4075,0.3525,0.7546296296296297,0.6456043956043956,13,True
6007,1369,2915,761,8,6000,2,40,13,400,180,140,6000,3001,0.5187165775401069,0.488,0.484,0.49766822118587606,0.4961704961704962,0.4995838188779757,3,2470,2297,0.7623456790123457,0.7011599511599511,0.45,0.35,0.8333333333333334,0.6410256410256411,13,True
6007,4319,877,904,8,6000,2,40,13,400,182,153,6000,3001,0.45454545454545453,0.512,0.496,0.502998001332445,0.5044955044955045,0.4995838188779757,3,2469,2266,0.7620370370370371,0.6916971916971917,0.455,0.3825,0.8425925925925926,0.7005494505494505,13,True
6007,1555,3039,915,8,6000,2,40,13,400,155,145,6000,3000,0.47593582887700536,0.5173333333333333,0.49733333333333335,0.49300466355762823,0.5038295038295039,0.49941734642916596,1,2438,2178,0.7524691358024691,0.6648351648351648,0.3875,0.3625,0.7175925925925926,0.6639194139194139,13,True
6007,4842,3677,1030,8,6000,2,40,13,400,184,185,6000,3001,0.47593582887700536,0.4666666666666667,0.4653333333333333,0.49300466355762823,0.5001665001665002,0.4995838188779757,3,2478,2472,0.7648148148148148,0.7545787545787546,0.46,0.4625,0.8518518518518519,0.8470695970695971,13,True
6007,4565,3123,1069,8,6000,2,40,13,400,156,178,6000,3001,0.5080213903743316,0.4666666666666667,0.476,0.4990006662225183,0.48684648684648685,0.4995838188779757,3,2561,2315,0.7904320987654321,0.7066544566544567,0.39,0.445,0.7222222222222222,0.815018315018315,13,True
6007,553,1106,1109,8,6000,2,40,13,400,180,146,6000,3001,0.5454545454545454,0.52,0.5186666666666667,0.5243171219187208,0.5081585081585082,0.4995838188779757,3,2506,2224,0.7734567901234568,0.6788766788766789,0.45,0.365,0.8333333333333334,0.6684981684981685,13,True
6007,4796,3585,1118,8,6000,2,40,13,400,173,151,6000,3000,0.5133689839572193,0.5306666666666666,0.5306666666666666,0.508327781479014,0.5074925074925075,0.49941734642916596,1,2528,2272,0.7802469135802469,0.6935286935286935,0.4325,0.3775,0.8009259259259259,0.6913919413919414,13,True
6007,4515,3023,1194,8,6000,2,40,13,400,157,135,6000,3001,0.5133689839572193,0.496,0.48533333333333334,0.4983344437041972,0.4958374958374958,0.4995838188779757,3,2486,2120,0.7672839506172839,0.6471306471306472,0.3925,0.3375,0.7268518518518519,0.6181318681318682,13,True
6007,4485,2990,1245,8,6000,2,40,13,400,192,230,6000,3001,0.5721925133689839,0.5226666666666666,0.508,0.5063291139240507,0.49716949716949715,0.4995838188779757,3,2488,2234,0.7679012345679013,0.681929181929182,0.48,0.575,0.8888888888888888,1.053113553113553,13,True
6007,2383,4766,1255,8,6000,2,40,13,400,168,152,6000,3001,0.49732620320855614,0.5066666666666667,0.504,0.5096602265156562,0.5004995004995005,0.4995838188779757,3,2489,2317,0.7682098765432098,0.7072649572649573,0.42,0.38,0.7777777777777778,0.6959706959706959,13,True
6007,5512,5677,1299,8,6000,2,40,13,400,172,155,6000,3000,0.5508021390374331,0.528,0.536,0.5176548967355097,0.5068265068265069,0.49941734642916596,1,2510,2218,0.7746913580246914,0.6770451770451771,0.43,0.3875,0.7962962962962963,0.7097069597069597,13,True
6007,1756,3512,1466,8,6000,2,40,13,400,164,147,6000,3001,0.5026737967914439,0.512,0.49733333333333335,0.49100599600266487,0.49983349983349984,0.4995838188779757,3,2500,2430,0.7716049382716049,0.7417582417582418,0.41,0.3675,0.7592592592592593,0.6730769230769231,13,True
6007,3020,33,1484,8,6000,2,40,13,400,158,165,6000,3001,0.47593582887700536,0.49866666666666665,0.4826666666666667,0.49566955363091275,0.49517149517149517,0.4995838188779757,3,2451,2398,0.7564814814814815,0.7319902319902319,0.395,0.4125,0.7314814814814815,0.7554945054945055,13,True
6007,3304,601,1503,8,6000,2,40,13,400,165,132,6000,3000,0.5561497326203209,0.5093333333333333,0.528,0.5156562291805463,0.5074925074925075,0.49941734642916596,1,2516,2166,0.7765432098765432,0.6611721611721612,0.4125,0.33,0.7638888888888888,0.6043956043956044,13,True
6007,4651,5103,1572,8,6000,2,40,13,400,170,170,6000,3001,0.47058823529411764,0.49333333333333335,0.48533333333333334,0.4936708860759494,0.5028305028305028,0.4995838188779757,3,2501,2384,0.7719135802469136,0.7277167277167277,0.425,0.425,0.7870370370370371,0.7783882783882784,13,True
6007,405,810,1620,8,6000,2,40,13,400,166,124,6000,3001,0.5614973262032086,0.5306666666666666,0.5226666666666666,0.5123251165889408,0.5021645021645021,0.4995838188779757,3,2537,2433,0.7830246913580247,0.7426739926739927,0.415,0.31,0.7685185185185185,0.5677655677655677,13,True
6007,1364,2728,1634,8,6000,2,40,13,400,181,150,6000,3000,0.5401069518716578,0.5333333333333333,0.508,0.49100599600266487,0.5068265068265069,0.49941734642916596,1,2443,2258,0.7540123456790123,0.6892551892551892,0.4525,0.375,0.8379629629629629,0.6868131868131868,13,True
6007,2108,5410,1754,8,6000,2,40,13,400,150,164,6000,3001,0.48663101604278075,0.496,0.5133333333333333,0.5063291139240507,0.49916749916749914,0.4995838188779757,3,2518,2423,0.7771604938271605,0.7396214896214897,0.375,0.41,0.6944444444444444,0.7509157509157509,13,True
6007,1,2,1778,8,6000,2,40,13,400,177,127,6000,3001,0.5240641711229946,0.5226666666666666,0.5133333333333333,0.5109926715522984,0.5014985014985015,0.4995838188779757,3,2487,2046,0.7675925925925926,0.6245421245421245,0.4425,0.3175,0.8194444444444444,0.5815018315018315,13,True
6007,4226,815,1812,8,6000,2,40,13,400,158,167,6000,3001,0.48663101604278075,0.512,0.512,0.4996668887408394,0.49184149184149184,0.4995838188779757,3,2451,2318,0.7564814814814815,0.7075702075702076,0.395,0.4175,0.7314814814814815,0.7646520146520146,13,True
6007,5749,5835,1819,8,6000,2,40,13,400,175,151,6000,3000,0.49732620320855614,0.4826666666666667,0.492,0.4836775483011326,0.49217449217449216,0.49941734642916596,1,2558,2244,0.7895061728395062,0.684981684981685,0.4375,0.3775,0.8101851851851852,0.6913919413919414,13,True
6007,2773,3851,1830,8,6000,2,40,13,400,215,157,6000,3001,0.5508021390374331,0.536,0.5146666666666667,0.5123251165889408,0.5004995004995005,0.4995838188779757,3,2503,2282,0.7725308641975308,0.6965811965811965,0.5375,0.3925,0.9953703703703703,0.7188644688644689,13,True
6007,3403,799,1851,8,6000,2,40,13,400,165,159,6000,3000,0.4385026737967914,0.44533333333333336,0.4666666666666667,0.4876748834110593,0.5068265068265069,0.49941734642916596,1,2504,2324,0.7728395061728395,0.7094017094017094,0.4125,0.3975,0.7638888888888888,0.728021978021978,13,True
6007,2660,5778,1902,8,6000,2,40,13,400,166,143,6000,3000,0.4385026737967914,0.48,0.49066666666666664,0.4950033311125916,0.5058275058275058,0.49941734642916596,1,2538,2264,0.7833333333333333,0.6910866910866911,0.415,0.3575,0.7685185185185185,0.6547619047619048,13,True
6007,4471,4983,1990,8,6000,2,40,13,400,181,151,6000,3000,0.47058823529411764,0.504,0.5093333333333333,0.5103264490339774,0.5071595071595072,0.49941734642916596,1,2492,2403,0.7691358024691358,0.7335164835164835,0.4525,0.3775,0.8379629629629629,0.6913919413919414,13,True
6007,2161,4322,2113,8,6000,2,40,13,400,164,161,6000,3000,0.5026737967914439,0.536,0.5146666666666667,0.4990006662225183,0.5028305028305028,0.49941734642916596,1,2539,2384,0.783641975308642,0.7277167277167277,0.41,0.4025,0.7592592592592593,0.7371794871794872,13,True
6007,1516,3032,2126,8,6000,2,40,13,400,174,157,6000,3001,0.45454545454545453,0.48,0.47733333333333333,0.4830113257828115,0.48984348984348985,0.4995838188779757,3,2473,2461,0.7632716049382716,0.7512210012210012,0.435,0.3925,0.8055555555555556,0.7188644688644689,13,True
6007,905,1810,2142,8,6000,2,40,13,400,160,171,6000,3000,0.49732620320855614,0.512,0.524,0.5156562291805463,0.49683649683649683,0.49941734642916596,1,2406,2426,0.7425925925925926,0.7405372405372406,0.4,0.4275,0.7407407407407407,0.782967032967033,13,True
6007,3000,6000,2171,8,6000,2,40,13,400,162,129,6000,3000,0.5187165775401069,0.5173333333333333,0.5226666666666666,0.49633577614923385,0.4985014985014985,0.49941734642916596,1,2488,2088,0.7679012345679013,0.6373626373626373,0.405,0.3225,0.75,0.5906593406593407,13,True
6007,4951,5303,2195,8,6000,2,40,13,400,150,178,6000,3001,0.45454545454545453,0.47733333333333333,0.47733333333333333,0.48567621585609594,0.48884448884448883,0.4995838188779757,3,2399,2418,0.7404320987654321,0.7380952380952381,0.375,0.445,0.6944444444444444,0.815018315018315,13,True
6007,1787,3574,2199,8,6000,2,40,13,400,175,162,6000,3001,0.44385026737967914,0.4613333333333333,0.48133333333333334,0.5009993337774816,0.5031635031635031,0.4995838188779757,3,2557,2332,0.7891975308641975,0.7118437118437119,0.4375,0.405,0.8101851851851852,0.7417582417582418,13,True
6007,5501,1665,2216,8,6000,2,40,13,400,156,162,6000,3000,0.44919786096256686,0.4613333333333333,0.49866666666666665,0.49300466355762823,0.4988344988344988,0.49941734642916596,1,2580,2370,0.7962962962962963,0.7234432234432234,0.39,0.405,0.7222222222222222,0.7417582417582418,13,True
6007,5658,5309,2246,8,6000,2,40,13,400,179,154,6000,3001,0.5240641711229946,0.49066666666666664,0.48133333333333334,0.4756828780812791,0.49916749916749914,0.4995838188779757,3,2453,2330,0.7570987654320988,0.7112332112332113,0.4475,0.385,0.8287037037037037,0.7051282051282052,13,True
6007,2968,5936,2270,8,6000,2,40,13,400,169,163,6000,3000,0.5080213903743316,0.5306666666666666,0.5066666666666667,0.5163224516988674,0.4988344988344988,0.49941734642916596,1,2530,2392,0.7808641975308642,0.7301587301587301,0.4225,0.4075,0.7824074074074074,0.7463369963369964,13,True
6007,1640,3280,2309,8,6000,2,40,13,400,163,168,6000,3001,0.48128342245989303,0.48,0.47733333333333333,0.4810126582278481,0.4831834831834832,0.4995838188779757,3,2493,2412,0.7694444444444445,0.7362637362637363,0.4075,0.42,0.7546296296296297,0.7692307692307693,13,True
6007,3962,639,2313,8,6000,2,40,13,400,155,155,6000,3000,0.4919786096256685,0.512,0.49466666666666664,0.4890073284477015,0.49783549783549785,0.49941734642916596,1,2496,2222,0.7703703703703704,0.6782661782661783,0.3875,0.3875,0.7175925925925926,0.7097069597069597,13,True
6007,2172,4344,2346,8,6000,2,40,13,400,167,168,6000,3001,0.4385026737967914,0.488,0.5013333333333333,0.5049966688874084,0.5028305028305028,0.4995838188779757,3,2489,2433,0.7682098765432098,0.7426739926739927,0.4175,0.42,0.7731481481481481,0.7692307692307693,13,True
6007,2935,5870,2418,8,6000,2,40,13,400,163,159,6000,3000,0.47058823529411764,0.4666666666666667,0.4866666666666667,0.49700199866755496,0.5051615051615052,0.49941734642916596,1,2503,2408,0.7725308641975308,0.7350427350427351,0.4075,0.3975,0.7546296296296297,0.728021978021978,13,True
6007,525,1050,2427,8,6000,2,40,13,400,164,170,6000,3000,0.5026737967914439,0.4666666666666667,0.492,0.4983344437041972,0.49783549783549785,0.49941734642916596,1,2511,2456,0.775,0.7496947496947497,0.41,0.425,0.7592592592592593,0.7783882783882784,13,True
6007,4193,2379,2497,8,6000,2,40,13,400,172,156,6000,3000,0.45454545454545453,0.496,0.488,0.49100599600266487,0.4915084915084915,0.49941734642916596,1,2470,2231,0.7623456790123457,0.681013431013431,0.43,0.39,0.7962962962962963,0.7142857142857143,13,True
6007,1590,3180,2535,8,6000,2,40,13,400,163,158,6000,3000,0.40106951871657753,0.456,0.4786666666666667,0.5103264490339774,0.49983349983349984,0.49941734642916596,1,2534,2444,0.7820987654320988,0.746031746031746,0.4075,0.395,0.7546296296296297,0.7234432234432234,13,True
6007,5607,3738,2543,8,6000,2,40,13,400,172,163,6000,3000,0.48663101604278075,0.488,0.5,0.4943371085942705,0.5001665001665002,0.49941734642916596,1,2518,2286,0.7771604938271605,0.6978021978021978,0.43,0.4075,0.7962962962962963,0.7463369963369964,13,True
6007,2634,5268,2557,8,6000,2,40,13,400,164,123,6000,3001,0.48128342245989303,0.49066666666666664,0.49066666666666664,0.48567621585609594,0.4858474858474858,0.4995838188779757,3,2502,1978,0.7722222222222223,0.6037851037851037,0.41,0.3075,0.7592592592592593,0.5631868131868132,13,True
6007,5898,5789,2590,8,6000,2,40,13,400,175,135,6000,3001,0.4919786096256685,0.472,0.49066666666666664,0.5003331112591606,0.5078255078255078,0.4995838188779757,3,2403,2268,0.7416666666666667,0.6923076923076923,0.4375,0.3375,0.8101851851851852,0.6181318681318682,13,True
6007,2743,5486,2661,8,6000,2,40,13,400,155,165,6000,3001,0.4385026737967914,0.488,0.496,0.5223184543637575,0.5014985014985015,0.4995838188779757,3,2497,2284,0.770679012345679,0.6971916971916972,0.3875,0.4125,0.7175925925925926,0.7554945054945055,13,True
6007,1934,3868,2663,8,6000,2,40,13,400,153,148,6000,3000,0.5187165775401069,0.48,0.49066666666666664,0.5123251165889408,0.4925074925074925,0.49941734642916596,1,2592,2338,0.8,0.7136752136752137,0.3825,0.37,0.7083333333333334,0.6776556776556777,13,True
6007,1647,3294,2669,8,6000,2,40,13,400,153,163,6000,3001,0.4117647058823529,0.43733333333333335,0.472,0.49300466355762823,0.5078255078255078,0.4995838188779757,3,2480,2295,0.7654320987654321,0.7005494505494505,0.3825,0.4075,0.7083333333333334,0.7463369963369964,13,True
6007,3023,13,2699,8,6000,2,40,13,400,173,143,6000,3001,0.5454545454545454,0.5306666666666666,0.524,0.49633577614923385,0.49417249417249415,0.4995838188779757,3,2460,2034,0.7592592592592593,0.6208791208791209,0.4325,0.3575,0.8009259259259259,0.6547619047619048,13,True
6007,5900,1931,2702,8,6000,2,40,13,400,159,169,6000,3001,0.4117647058823529,0.44533333333333336,0.4866666666666667,0.4983344437041972,0.5004995004995005,0.4995838188779757,3,2471,2389,0.7626543209876543,0.7292429792429792,0.3975,0.4225,0.7361111111111112,0.7738095238095238,13,True
6007,264,176,2721,8,6000,2,40,13,400,164,153,6000,3001,0.5454545454545454,0.49866666666666665,0.49466666666666664,0.491672218520986,0.4945054945054945,0.4995838188779757,3,2540,2373,0.7839506172839507,0.7243589743589743,0.41,0.3825,0.7592592592592593,0.7005494505494505,13,True
6007,5611,5743,2750,8,6000,2,40,13,400,162,156,6000,3001,0.6256684491978609,0.56,0.5306666666666666,0.5176548967355097,0.5051615051615052,0.4995838188779757,3,2551,2461,0.7873456790123456,0.7512210012210012,0.405,0.39,0.75,0.7142857142857143,13,True
6007,1843,3231,2773,8,6000,2,40,13,400,187,129,6000,3001,0.48128342245989303,0.4826666666666667,0.48533333333333334,0.49633577614923385,0.49983349983349984,0.4995838188779757,3,2557,2340,0.7891975308641975,0.7142857142857143,0.4675,0.3225,0.8657407407407407,0.5906593406593407,13,True
6007,4893,3262,2787,8,6000,2,40,13,400,179,155,6000,3001,0.44919786096256686,0.4746666666666667,0.48533333333333334,0.4890073284477015,0.5004995004995005,0.4995838188779757,3,2555,2369,0.7885802469135802,0.7231379731379731,0.4475,0.3875,0.8287037037037037,0.7097069597069597,13,True
6007,195,130,2794,8,6000,2,40,13,400,155,180,6000,3001,0.5240641711229946,0.504,0.4826666666666667,0.5003331112591606,0.48917748917748916,0.4995838188779757,3,2507,2425,0.7737654320987655,0.7402319902319903,0.3875,0.45,0.7175925925925926,0.8241758241758241,13,True
6007,4481,985,2820,8,6000,2,40,13,400,177,169,6000,3001,0.48128342245989303,0.5066666666666667,0.5066666666666667,0.5003331112591606,0.49683649683649683,0.4995838188779757,3,2553,2196,0.787962962962963,0.6703296703296703,0.4425,0.4225,0.8194444444444444,0.7738095238095238,13,True
6007,3019,31,2821,8,6000,2,40,13,400,167,146,6000,3000,0.5187165775401069,0.488,0.49733333333333335,0.5009993337774816,0.5054945054945055,0.49941734642916596,1,2480,2254,0.7654320987654321,0.688034188034188,0.4175,0.365,0.7731481481481481,0.6684981684981685,13,True
6007,5625,3750,2867,8,6000,2,40,13,400,177,160,6000,3000,0.5668449197860963,0.5306666666666666,0.5146666666666667,0.5116588940706196,0.5004995004995005,0.49941734642916596,1,2487,2396,0.7675925925925926,0.7313797313797313,0.4425,0.4,0.8194444444444444,0.7326007326007326,13,True
6007,4804,3601,2871,8,6000,2,40,13,400,164,154,6000,3000,0.48128342245989303,0.496,0.49066666666666664,0.5003331112591606,0.4961704961704962,0.49941734642916596,1,2498,2375,0.7709876543209877,0.724969474969475,0.41,0.385,0.7592592592592593,0.7051282051282052,13,True
6007,2981,5992,2918,8,6000,2,40,13,400,155,158,6000,3000,0.49732620320855614,0.49066666666666664,0.504,0.49033977348434377,0.49716949716949715,0.49941734642916596,1,2493,2462,0.7694444444444445,0.7515262515262515,0.3875,0.395,0.7175925925925926,0.7234432234432234,13,True
6007,4752,3497,2940,8,6000,2,40,13,400,164,163,6000,3001,0.45454545454545453,0.45066666666666666,0.4826666666666667,0.49233844103930713,0.4995004995004995,0.4995838188779757,3,2546,2287,0.7858024691358024,0.6981074481074481,0.41,0.4075,0.7592592592592593,0.7463369963369964,13,True
6007,163,326,3000,8,6000,2,40,13,400,162,139,6000,3001,0.5133689839572193,0.5146666666666667,0.496,0.480346435709527,0.4935064935064935,0.4995838188779757,3,2483,2243,0.766358024691358,0.6846764346764347,0.405,0.3475,0.75,0.6364468864468864,13,True
6007,4877,3747,3012,8,6000,2,40,13,400,164,163,6000,3000,0.48128342245989303,0.464,0.4746666666666667,0.4836775483011326,0.5048285048285048,0.49941734642916596,1,2504,2430,0.7728395061728395,0.7417582417582418,0.41,0.4075,0.7592592592592593,0.7463369963369964,13,True
6007,1977,1318,3036,8,6000,2,40,13,400,182,165,6000,3000,0.5561497326203209,0.5093333333333333,0.49866666666666665,0.49100599600266487,0.49983349983349984,0.49941734642916596,1,2521,2358,0.7780864197530865,0.7197802197802198,0.455,0.4125,0.8425925925925926,0.7554945054945055,13,True
6007,1377,2754,3081,8,6000,2,40,13,400,161,155,6000,3001,0.5401069518716578,0.528,0.48533333333333334,0.4943371085942705,0.5044955044955045,0.4995838188779757,3,2458,2333,0.758641975308642,0.7121489621489622,0.4025,0.3875,0.7453703703703703,0.7097069597069597,13,True
6007,1344,2688,3153,8,6000,2,40,13,400,149,149,6000,3000,0.5026737967914439,0.5173333333333333,0.5173333333333333,0.502998001332445,0.5004995004995005,0.49941734642916596,1,2524,2396,0.7790123456790123,0.7313797313797313,0.3725,0.3725,0.6898148148148148,0.6822344322344323,13,True
6007,260,520,3198,8,6000,2,40,13,400,163,160,6000,3001,0.5828877005347594,0.5066666666666667,0.5133333333333333,0.5076615589606929,0.5044955044955045,0.4995838188779757,3,2485,2352,0.7669753086419753,0.717948717948718,0.4075,0.4,0.7546296296296297,0.7326007326007326,13,True
6007,1441,2963,3222,8,6000,2,40,13,400,167,146,6000,3000,0.4919786096256685,0.4826666666666667,0.4866666666666667,0.4776815456362425,0.4825174825174825,0.49941734642916596,1,2409,2279,0.7435185185185185,0.6956654456654456,0.4175,0.365,0.7731481481481481,0.6684981684981685,13,True
6007,1295,4868,3316,8,6000,2,40,13,400,161,152,6000,3000,0.47058823529411764,0.512,0.5093333333333333,0.5023317788141239,0.4958374958374958,0.49941734642916596,1,2504,2308,0.7728395061728395,0.7045177045177046,0.4025,0.38,0.7453703703703703,0.6959706959706959,13,True
6007,4466,2925,3330,8,6000,2,40,13,400,168,155,6000,3001,0.5454545454545454,0.512,0.5186666666666667,0.5076615589606929,0.49716949716949715,0.4995838188779757,3,2460,2341,0.7592592592592593,0.7145909645909646,0.42,0.3875,0.7777777777777778,0.7097069597069597,13,True
6007,1884,3768,3335,8,6000,2,40,13,400,169,158,6000,3001,0.5240641711229946,0.4693333333333333,0.504,0.49700199866755496,0.5018315018315018,0.4995838188779757,3,2572,2360,0.7938271604938272,0.7203907203907204,0.4225,0.395,0.7824074074074074,0.7234432234432234,13,True
6007,2347,4694,3348,8,6000,2,40,13,400,174,179,6000,3000,0.48663101604278075,0.4693333333333333,0.47333333333333333,0.48567621585609594,0.5104895104895105,0.49941734642916596,1,2548,2476,0.7864197530864198,0.7557997557997558,0.435,0.4475,0.8055555555555556,0.8195970695970696,13,True
6007,2226,4452,3459,8,6000,2,40,13,400,167,126,6000,3001,0.5080213903743316,0.5013333333333333,0.49866666666666665,0.5023317788141239,0.5051615051615052,0.4995838188779757,3,2521,2112,0.7780864197530865,0.6446886446886447,0.4175,0.315,0.7731481481481481,0.5769230769230769,13,True
6007,5598,5189,3517,8,6000,2,40,13,400,164,143,6000,3000,0.49732620320855614,0.5146666666666667,0.516,0.4936708860759494,0.4988344988344988,0.49941734642916596,1,2490,2366,0.7685185185185185,0.7222222222222222,0.41,0.3575,0.7592592592592593,0.6547619047619048,13,True
6007,114,76,3532,8,6000,2,40,13,400,161,168,6000,3000,0.5401069518716578,0.52,0.49466666666666664,0.49633577614923385,0.49217449217449216,0.49941734642916596,1,2488,2500,0.7679012345679013,0.7631257631257631,0.4025,0.42,0.7453703703703703,0.7692307692307693,13,True
6007,2503,5006,3628,8,6000,2,40,13,400,172,153,6000,3001,0.49732620320855614,0.5253333333333333,0.5133333333333333,0.5129913391072618,0.5008325008325009,0.4995838188779757,3,2462,2301,0.7598765432098765,0.7023809523809523,0.43,0.3825,0.7962962962962963,0.7005494505494505,13,True
6007,2753,5506,3630,8,6000,2,40,13,400,183,148,6000,3000,0.46524064171123,0.4693333333333333,0.5,0.502998001332445,0.49417249417249415,0.49941734642916596,1,2540,2276,0.7839506172839507,0.6947496947496947,0.4575,0.37,0.8472222222222222,0.6776556776556777,13,True
6007,4075,2143,3635,8,6000,2,40,13,400,166,152,6000,3000,0.5133689839572193,0.49066666666666664,0.5053333333333333,0.47968021319120585,0.4915084915084915,0.49941734642916596,1,2536,2217,0.782716049382716,0.6767399267399268,0.415,0.38,0.7685185185185185,0.6959706959706959,13,True
6007,5993,5979,3684,8,6000,2,40,13,400,167,142,6000,3000,0.4919786096256685,0.5226666666666666,0.504,0.502998001332445,0.5064935064935064,0.49941734642916596,1,2472,2265,0.762962962962963,0.6913919413919414,0.4175,0.355,0.7731481481481481,0.6501831501831502,13,True
6007,2463,1642,3699,8,6000,2,40,13,400,165,155,6000,3001,0.49732620320855614,0.504,0.5,0.49566955363091275,0.5054945054945055,0.4995838188779757,3,2420,2497,0.7469135802469136,0.7622100122100122,0.4125,0.3875,0.7638888888888888,0.7097069597069597,13,True
6007,808,1616,3744,8,6000,2,40,13,400,177,162,6000,3000,0.4919786096256685,0.5333333333333333,0.5093333333333333,0.5069953364423717,0.5024975024975025,0.49941734642916596,1,2470,2322,0.7623456790123457,0.7087912087912088,0.4425,0.405,0.8194444444444444,0.7417582417582418,13,True
6007,4275,2543,3753,8,6000,2,40,13,400,160,175,6000,3001,0.5240641711229946,0.5066666666666667,0.5106666666666667,0.519653564290473,0.5001665001665002,0.4995838188779757,3,2496,2427,0.7703703703703704,0.7408424908424909,0.4,0.4375,0.7407407407407407,0.8012820512820513,13,True
6007,4765,5179,3783,8,6000,2,40,13,400,173,149,6000,3000,0.46524064171123,0.488,0.5066666666666667,0.49633577614923385,0.5008325008325009,0.49941734642916596,1,2486,2356,0.7672839506172839,0.7191697191697192,0.4325,0.3725,0.8009259259259259,0.6822344322344323,13,True
6007,2905,3939,3858,8,6000,2,40,13,400,165,156,6000,3000,0.5347593582887701,0.5386666666666666,0.5373333333333333,0.5063291139240507,0.5001665001665002,0.49941734642916596,1,2576,2372,0.7950617283950617,0.724053724053724,0.4125,0.39,0.7638888888888888,0.7142857142857143,13,True
6007,5462,1639,4065,8,6000,2,40,13,400,166,158,6000,3000,0.5347593582887701,0.5333333333333333,0.5106666666666667,0.5069953364423717,0.4981684981684982,0.49941734642916596,1,2480,2404,0.7654320987654321,0.7338217338217338,0.415,0.395,0.7685185185185185,0.7234432234432234,13,True
6007,5284,5525,4138,8,6000,2,40,13,400,180,165,6000,3000,0.4919786096256685,0.48,0.49333333333333335,0.49633577614923385,0.4975024975024975,0.49941734642916596,1,2548,2254,0.7864197530864198,0.688034188034188,0.45,0.4125,0.8333333333333334,0.7554945054945055,13,True
6007,98,196,4142,8,6000,2,40,13,400,177,182,6000,3001,0.43315508021390375,0.4613333333333333,0.49333333333333335,0.5096602265156562,0.5054945054945055,0.4995838188779757,3,2502,2377,0.7722222222222223,0.7255799755799756,0.4425,0.455,0.8194444444444444,0.8333333333333334,13,True
6007,1387,2927,4153,8,6000,2,40,13,400,169,174,6000,3000,0.44919786096256686,0.47733333333333333,0.4746666666666667,0.5023317788141239,0.49916749916749914,0.49941734642916596,1,2570,2424,0.7932098765432098,0.73992673992674,0.4225,0.435,0.7824074074074074,0.7967032967032966,13,True
6007,3361,715,4161,8,6000,2,40,13,400,159,158,6000,3001,0.48663101604278075,0.47733333333333333,0.48933333333333334,0.4836775483011326,0.4915084915084915,0.4995838188779757,3,2447,2428,0.7552469135802469,0.7411477411477412,0.3975,0.395,0.7361111111111112,0.7234432234432234,13,True
6007,4721,1145,4265,8,6000,2,40,13,400,164,137,6000,3000,0.5187165775401069,0.488,0.496,0.5043304463690873,0.4995004995004995,0.49941734642916596,1,2524,2112,0.7790123456790123,0.6446886446886447,0.41,0.3425,0.7592592592592593,0.6272893772893773,13,True
6007,2199,4398,4411,8,6000,2,40,13,400,174,170,6000,3001,0.5187165775401069,0.496,0.5186666666666667,0.5163224516988674,0.5041625041625042,0.4995838188779757,3,2588,2389,0.7987654320987654,0.7292429792429792,0.435,0.425,0.8055555555555556,0.7783882783882784,13,True
6007,4522,5017,4431,8,6000,2,40,13,400,182,146,6000,3000,0.4117647058823529,0.4533333333333333,0.48533333333333334,0.5023317788141239,0.5018315018315018,0.49941734642916596,1,2566,2398,0.7919753086419753,0.7319902319902319,0.455,0.365,0.8425925925925926,0.6684981684981685,13,True
6007,2674,3785,4522,8,6000,2,40,13,400,163,147,6000,3001,0.43315508021390375,0.4693333333333333,0.484,0.4996668887408394,0.5024975024975025,0.4995838188779757,3,2520,2316,0.7777777777777778,0.706959706959707,0.4075,0.3675,0.7546296296296297,0.6730769230769231,13,True
6007,2817,5634,4525,8,6000,2,40,13,400,178,147,6000,3000,0.5347593582887701,0.5413333333333333,0.512,0.5023317788141239,0.5064935064935064,0.49941734642916596,1,2495,2128,0.7700617283950617,0.6495726495726496,0.445,0.3675,0.8240740740740741,0.6730769230769231,13,True
6007,3790,1573,4580,8,6000,2,40,13,400,150,167,6000,3000,0.5187165775401069,0.496,0.49066666666666664,0.4823451032644903,0.4961704961704962,0.49941734642916596,1,2488,2285,0.7679012345679013,0.6974969474969475,0.375,0.4175,0.6944444444444444,0.7646520146520146,13,True
6007,4059,2111,4601,8,6000,2,40,13,400,165,140,6000,3000,0.5454545454545454,0.52,0.5306666666666666,0.5036642238507661,0.5088245088245088,0.49941734642916596,1,2546,2268,0.7858024691358024,0.6923076923076923,0.4125,0.35,0.7638888888888888,0.6410256410256411,13,True
6007,5249,1497,4623,8,6000,2,40,13,400,160,162,6000,3001,0.5508021390374331,0.5226666666666666,0.5013333333333333,0.5043304463690873,0.5044955044955045,0.4995838188779757,3,2420,2206,0.7469135802469136,0.6733821733821734,0.4,0.405,0.7407407407407407,0.7417582417582418,13,True
6007,1860,3720,4702,8,6000,2,40,13,400,174,137,6000,3001,0.5240641711229946,0.496,0.508,0.491672218520986,0.49783549783549785,0.4995838188779757,3,2542,2287,0.7845679012345679,0.6981074481074481,0.435,0.3425,0.8055555555555556,0.6272893772893773,13,True
6007,5420,4833,4729,8,6000,2,40,13,400,155,164,6000,3001,0.5187165775401069,0.5146666666666667,0.49466666666666664,0.4996668887408394,0.5051615051615052,0.4995838188779757,3,2475,2374,0.7638888888888888,0.7246642246642246,0.3875,0.41,0.7175925925925926,0.7509157509157509,13,True
6007,5015,1341,4758,8,6000,2,40,13,400,164,174,6000,3000,0.5080213903743316,0.5146666666666667,0.52,0.5103264490339774,0.5094905094905094,0.49941734642916596,1,2510,2314,0.7746913580246914,0.7063492063492064,0.41,0.435,0.7592592592592593,0.7967032967032966,13,True
6007,4908,3272,4802,8,6000,2,40,13,400,171,149,6000,3000,0.5347593582887701,0.5226666666666666,0.49733333333333335,0.49100599600266487,0.49916749916749914,0.49941734642916596,1,2530,2134,0.7808641975308642,0.6514041514041514,0.4275,0.3725,0.7916666666666666,0.6822344322344323,13,True
6007,5056,4105,4821,8,6000,2,40,13,400,175,173,6000,3000,0.5882352941176471,0.488,0.49733333333333335,0.5209860093271153,0.5038295038295039,0.49941734642916596,1,2512,2414,0.7753086419753087,0.7368742368742369,0.4375,0.4325,0.8101851851851852,0.7921245421245421,13,True
6007,3364,721,4832,8,6000,2,40,13,400,177,133,6000,3000,0.47593582887700536,0.48533333333333334,0.5053333333333333,0.5123251165889408,0.5051615051615052,0.49941734642916596,1,2514,2117,0.7759259259259259,0.6462148962148963,0.4425,0.3325,0.8194444444444444,0.6089743589743589,13,True
6007,3601,1195,4967,8,6000,2,40,13,400,156,146,6000,3001,0.5133689839572193,0.512,0.5013333333333333,0.4890073284477015,0.4825174825174825,0.4995838188779757,3,2384,2339,0.7358024691358025,0.713980463980464,0.39,0.365,0.7222222222222222,0.6684981684981685,13,True
6007,486,324,5071,8,6000,2,40,13,400,173,162,6000,3001,0.45454545454545453,0.48,0.49333333333333335,0.49033977348434377,0.49217449217449216,0.4995838188779757,3,2459,2304,0.7589506172839506,0.7032967032967034,0.4325,0.405,0.8009259259259259,0.7417582417582418,13,True
6007,3158,309,5095,8,6000,2,40,13,400,164,157,6000,3001,0.5454545454545454,0.5013333333333333,0.5106666666666667,0.4996668887408394,0.5004995004995005,0.4995838188779757,3,2476,2455,0.7641975308641975,0.7493894993894994,0.41,0.3925,0.7592592592592593,0.7188644688644689,13,True
6007,2771,5542,5112,8,6000,2,40,13,400,164,181,6000,3001,0.5133689839572193,0.496,0.48933333333333334,0.48634243837441704,0.4885114885114885,0.4995838188779757,3,2546,2531,0.7858024691358024,0.7725885225885226,0.41,0.4525,0.7592592592592593,0.8287545787545788,13,True
6007,96,192,5158,8,6000,2,40,13,400,162,133,6000,3001,0.49732620320855614,0.47733333333333333,0.484,0.47968021319120585,0.4931734931734932,0.4995838188779757,3,2544,2321,0.7851851851851852,0.7084859584859585,0.405,0.3325,0.75,0.6089743589743589,13,True
6007,3532,4357,5171,8,6000,2,40,13,400,153,163,6000,3001,0.45989304812834225,0.49866666666666665,0.472,0.49766822118587606,0.5074925074925075,0.4995838188779757,3,2453,2550,0.7570987654320988,0.7783882783882784,0.3825,0.4075,0.7083333333333334,0.7463369963369964,13,True
6007,2299,4598,5339,8,6000,2,40,13,400,162,161,6000,3001,0.5508021390374331,0.5493333333333333,0.5386666666666666,0.5209860093271153,0.5164835164835165,0.4995838188779757,3,2546,2166,0.7858024691358024,0.6611721611721612,0.405,0.4025,0.75,0.7371794871794872,13,True
6007,5175,3450,5437,8,6000,2,40,13,400,153,164,6000,3001,0.45454545454545453,0.49866666666666665,0.5013333333333333,0.5129913391072618,0.5038295038295039,0.4995838188779757,3,2421,2377,0.7472222222222222,0.7255799755799756,0.3825,0.41,0.7083333333333334,0.7509157509157509,13,True
6007,615,1230,5529,8,6000,2,40,13,400,156,155,6000,3001,0.5240641711229946,0.49333333333333335,0.49333333333333335,0.49633577614923385,0.5084915084915085,0.4995838188779757,3,2479,2329,0.7651234567901235,0.710927960927961,0.39,0.3875,0.7222222222222222,0.7097069597069597,13,True
6007,3164,107,5554,8,6000,2,40,13,400,162,156,6000,3001,0.5454545454545454,0.504,0.5093333333333333,0.5089940039973351,0.5038295038295039,0.4995838188779757,3,2503,2430,0.7725308641975308,0.7417582417582418,0.405,0.39,0.75,0.7142857142857143,13,True
6007,1506,1004,5570,8,6000,2,40,13,400,178,170,6000,3000,0.5187165775401069,0.512,0.5053333333333333,0.5003331112591606,0.5048285048285048,0.49941734642916596,1,2540,2360,0.7839506172839507,0.7203907203907204,0.445,0.425,0.8240740740740741,0.7783882783882784,13,True
6007,1736,5162,5580,8,6000,2,40,13,400,154,165,6000,3001,0.48128342245989303,0.52,0.504,0.49233844103930713,0.5034965034965035,0.4995838188779757,3,2520,2294,0.7777777777777778,0.7002442002442002,0.385,0.4125,0.7129629629629629,0.7554945054945055,13,True
6007,4995,3330,5585,8,6000,2,40,13,400,172,144,6000,3000,0.5668449197860963,0.52,0.5186666666666667,0.5116588940706196,0.5051615051615052,0.49941734642916596,1,2458,2408,0.758641975308642,0.7350427350427351,0.43,0.36,0.7962962962962963,0.6593406593406593,13,True
6007,1027,2054,5696,8,6000,2,40,13,400,162,150,6000,3001,0.5026737967914439,0.48,0.48,0.4883411059293804,0.49983349983349984,0.4995838188779757,3,2533,2257,0.7817901234567901,0.688949938949939,0.405,0.375,0.75,0.6868131868131868,13,True
6007,49,2035,5787,8,6000,2,40,13,400,171,155,6000,3000,0.5561497326203209,0.5333333333333333,0.5253333333333333,0.49700199866755496,0.5064935064935064,0.49941734642916596,1,2508,2226,0.774074074074074,0.6794871794871795,0.4275,0.3875,0.7916666666666666,0.7097069597069597,13,True
6007,3809,537,5912,8,6000,2,40,13,400,163,142,6000,3000,0.5240641711229946,0.5093333333333333,0.488,0.48967355096602266,0.5008325008325009,0.49941734642916596,1,2454,2232,0.7574074074074074,0.6813186813186813,0.4075,0.355,0.7546296296296297,0.6501831501831502,13,True
6007,4515,3010,5915,8,6000,2,40,13,400,172,160,6000,3000,0.5133689839572193,0.5093333333333333,0.516,0.4990006662225183,0.4945054945054945,0.49941734642916596,1,2504,2394,0.7728395061728395,0.7307692307692307,0.43,0.4,0.7962962962962963,0.7326007326007326,13,True
6007,5660,1771,5934,8,6000,2,40,13,400,158,157,6000,3001,0.48663101604278075,0.48533333333333334,0.476,0.4943371085942705,0.5044955044955045,0.4995838188779757,3,2438,2333,0.7524691358024691,0.7121489621489622,0.395,0.3925,0.7314814814814815,0.7188644688644689,13,True
6007,742,1484,5948,8,6000,2,40,13,400,181,168,6000,3001,0.5561497326203209,0.5386666666666666,0.5213333333333333,0.5216522318454364,0.5051615051615052,0.4995838188779757,3,2476,2418,0.7641975308641975,0.7380952380952381,0.4525,0.42,0.8379629629629629,0.7692307692307693,13,True
6007,4962,3917,39,-8,6016,2,40,13,400,153,146,6016,3009,0.49732620320855614,0.496,0.49733333333333335,0.5076615589606929,0.5034965034965035,0.5009155984684535,3,2432,2216,0.7506172839506173,0.6764346764346765,0.3825,0.365,0.7102222222222222,0.6702808302808303,13,True
6007,560,4378,65,-8,6016,2,40,13,400,175,151,6016,3008,0.48663101604278075,0.472,0.5013333333333333,0.5023317788141239,0.4885114885114885,0.5007491260196437,1,2438,2378,0.7524691358024691,0.7258852258852259,0.4375,0.3775,0.8123456790123457,0.6932356532356532,13,True
6007,5413,4819,94,-8,6016,2,40,13,400,142,175,6016,3008,0.4919786096256685,0.5253333333333333,0.5253333333333333,0.5069953364423717,0.5028305028305028,0.5007491260196437,1,2472,2450,0.762962962962963,0.7478632478632479,0.355,0.4375,0.6591604938271605,0.8034188034188035,13,True
6007,5477,4947,113,-8,6016,2,40,13,400,156,144,6016,3008,0.48128342245989303,0.504,0.5133333333333333,0.5056628914057295,0.49716949716949715,0.5007491260196437,1,2490,2274,0.7685185185185185,0.6941391941391941,0.39,0.36,0.7241481481481482,0.661098901098901,13,True
6007,305,610,140,-8,6016,2,40,13,400,156,182,6016,3009,0.45989304812834225,0.5013333333333333,0.5026666666666667,0.4996668887408394,0.5061605061605061,0.5009155984684535,3,2557,2356,0.7891975308641975,0.7191697191697192,0.39,0.455,0.7241481481481482,0.8355555555555556,13,True
6007,1089,726,205,-8,6016,2,40,13,400,156,160,6016,3008,0.5080213903743316,0.5493333333333333,0.524,0.5303131245836109,0.5098235098235098,0.5007491260196437,1,2502,2478,0.7722222222222223,0.7564102564102564,0.39,0.4,0.7241481481481482,0.7345543345543346,13,True
6007,5693,5379,258,-8,6016,2,40,13,400,149,181,6016,3008,0.5026737967914439,0.5066666666666667,0.5026666666666667,0.5129913391072618,0.5021645021645021,0.5007491260196437,1,2512,2502,0.7753086419753087,0.7637362637362637,0.3725,0.4525,0.6916543209876543,0.8309645909645911,13,True
6007,1914,1276,287,-8,6016,2,40,13,400,180,154,6016,3008,0.5401069518716578,0.512,0.5053333333333333,0.5023317788141239,0.49683649683649683,0.5007491260196437,1,2514,2224,0.7759259259259259,0.6788766788766789,0.45,0.385,0.8355555555555556,0.707008547008547,13,True
6007,1061,4712,323,-8,6016,2,40,13,400,189,152,6016,3009,0.5080213903743316,0.48533333333333334,0.47333333333333333,0.491672218520986,0.4938394938394938,0.5009155984684535,3,2538,2229,0.7833333333333333,0.6804029304029304,0.4725,0.38,0.8773333333333333,0.6978266178266178,13,True
6007,5864,1907,392,-8,6016,2,40,13,400,179,162,6016,3009,0.48128342245989303,0.4746666666666667,0.5133333333333333,0.5009993337774816,0.5061605061605061,0.5009155984684535,3,2496,2358,0.7703703703703704,0.7197802197802198,0.4475,0.405,0.8309135802469135,0.7437362637362638,13,True
6007,399,798,434,-8,6016,2,40,13,400,176,160,6016,3008,0.5133689839572193,0.5306666666666666,0.5093333333333333,0.49566955363091275,0.5004995004995005,0.5007491260196437,1,2568,2389,0.7925925925925926,0.7292429792429792,0.44,0.4,0.8169876543209876,0.7345543345543346,13,True
6007,3106,205,440,-8,6016,2,40,13,400,165,155,6016,3008,0.47058823529411764,0.4613333333333333,0.4786666666666667,0.5089940039973351,0.5024975024975025,0.5007491260196437,1,2486,2426,0.7672839506172839,0.7405372405372406,0.4125,0.3875,0.7659259259259259,0.7115995115995117,13,True
6007,4149,2291,474,-8,6016,2,40,13,400,161,154,6016,3008,0.48128342245989303,0.47733333333333333,0.504,0.4870086608927382,0.49983349983349984,0.5007491260196437,1,2481,2389,0.7657407407407407,0.7292429792429792,0.4025,0.385,0.747358024691358,0.707008547008547,13,True
6007,1877,3754,492,-8,6016,2,40,13,400,175,140,6016,3008,0.5454545454545454,0.528,0.504,0.5149900066622252,0.5054945054945055,0.5007491260196437,1,2512,2285,0.7753086419753087,0.6974969474969475,0.4375,0.35,0.8123456790123457,0.6427350427350427,13,True
6007,3832,4557,602,-8,6016,2,40,13,400,143,163,6016,3008,0.5508021390374331,0.5466666666666666,0.5213333333333333,0.4950033311125916,0.48951048951048953,0.5007491260196437,1,2444,2278,0.754320987654321,0.6953601953601953,0.3575,0.4075,0.6638024691358024,0.7483272283272283,13,True
6007,2978,5956,659,-8,6016,2,40,13,400,154,169,6016,3009,0.5294117647058824,0.512,0.4746666666666667,0.4816788807461692,0.5054945054945055,0.5009155984684535,3,2474,2494,0.7635802469135803,0.7612942612942613,0.385,0.4225,0.7148641975308642,0.7758730158730158,13,True
6007,4508,3009,715,-8,6016,2,40,13,400,149,155,6016,3008,0.4919786096256685,0.49066666666666664,0.49733333333333335,0.5003331112591606,0.5014985014985015,0.5007491260196437,1,2480,2315,0.7654320987654321,0.7066544566544567,0.3725,0.3875,0.6916543209876543,0.7115995115995117,13,True
6007,196,2133,736,-8,6016,2,40,13,400,178,142,6016,3008,0.46524064171123,0.472,0.5133333333333333,0.5209860093271153,0.5048285048285048,0.5007491260196437,1,2523,2191,0.7787037037037037,0.6688034188034188,0.445,0.355,0.8262716049382716,0.6519169719169718,13,True
6007,3364,4245,747,-8,6016,2,40,13,400,156,158,6016,3008,0.44919786096256686,0.448,0.4653333333333333,0.49300466355762823,0.5018315018315018,0.5007491260196437,1,2474,2330,0.7635802469135803,0.7112332112332113,0.39,0.395,0.7241481481481482,0.7253724053724054,13,True
6007,307,614,761,-8,6016,2,40,13,400,172,152,6016,3009,0.5401069518716578,0.512,0.5146666666666667,0.49766822118587606,0.5131535131535132,0.5009155984684535,3,2518,2426,0.7771604938271605,0.7405372405372406,0.43,0.38,0.7984197530864198,0.6978266178266178,13,True
6007,2829,5658,904,-8,6016,2,40,13,400,171,162,6016,3009,0.5187165775401069,0.504,0.49866666666666665,0.49300466355762823,0.5044955044955045,0.5009155984684535,3,2581,2434,0.796604938271605,0.742979242979243,0.4275,0.405,0.7937777777777778,0.7437362637362638,13,True
6007,1981,3962,915,-8,6016,2,40,13,400,150,148,6016,3008,0.48663101604278075,0.49866666666666665,0.5053333333333333,0.49566955363091275,0.48717948717948717,0.5007491260196437,1,2458,2371,0.758641975308642,0.7237484737484737,0.375,0.37,0.6962962962962963,0.6794627594627595,13,True
6007,538,2361,1030,-8,6016,2,40,13,400,159,155,6016,3009,0.49732620320855614,0.47733333333333333,0.49066666666666664,0.48500999333777484,0.5054945054945055,0.5009155984684535,3,2523,2441,0.7787037037037037,0.7451159951159951,0.3975,0.3875,0.7380740740740741,0.7115995115995117,13,True
6007,3177,2118,1069,-8,6016,2,40,13,400,173,152,6016,3009,0.49732620320855614,0.5013333333333333,0.512,0.4936708860759494,0.5161505161505161,0.5009155984684535,3,2596,2224,0.8012345679012346,0.6788766788766789,0.4325,0.38,0.8030617283950617,0.6978266178266178,13,True
6007,5401,5603,1109,-8,6016,2,40,13,400,180,148,6016,3009,0.5240641711229946,0.48,0.468,0.508327781479014,0.5064935064935064,0.5009155984684535,3,2504,2202,0.7728395061728395,0.6721611721611722,0.45,0.37,0.8355555555555556,0.6794627594627595,13,True
6007,5205,3470,1118,-8,6016,2,40,13,400,164,154,6016,3008,0.46524064171123,0.4746666666666667,0.49866666666666665,0.4996668887408394,0.49517149517149517,0.5007491260196437,1,2446,2486,0.7549382716049383,0.7588522588522588,0.41,0.385,0.7612839506172839,0.707008547008547,13,True
6007,2504,5674,1194,-8,6016,2,40,13,400,169,149,6016,3009,0.5240641711229946,0.536,0.5146666666666667,0.49633577614923385,0.4945054945054945,0.5009155984684535,3,2523,2388,0.7787037037037037,0.7289377289377289,0.4225,0.3725,0.7844938271604938,0.6840537240537241,13,True
6007,4323,2639,1245,-8,6016,2,40,13,400,165,147,6016,3009,0.5026737967914439,0.496,0.5026666666666667,0.5076615589606929,0.5031635031635031,0.5009155984684535,3,2473,2352,0.7632716049382716,0.717948717948718,0.4125,0.3675,0.7659259259259259,0.6748717948717949,13,True
6007,3602,399,1255,-8,6016,2,40,13,400,179,145,6016,3009,0.44385026737967914,0.45866666666666667,0.492,0.49233844103930713,0.49783549783549785,0.5009155984684535,3,2552,2275,0.7876543209876543,0.6944444444444444,0.4475,0.3625,0.8309135802469135,0.6656898656898657,13,True
6007,1552,3104,1299,-8,6016,2,40,13,400,143,149,6016,3008,0.48663101604278075,0.4533333333333333,0.4653333333333333,0.4816788807461692,0.4835164835164835,0.5007491260196437,1,2524,2312,0.7790123456790123,0.7057387057387058,0.3575,0.3725,0.6638024691358024,0.6840537240537241,13,True
6007,1530,1020,1466,-8,6016,2,40,13,400,180,150,6016,3009,0.47058823529411764,0.47733333333333333,0.48933333333333334,0.5023317788141239,0.5034965034965035,0.5009155984684535,3,2560,2022,0.7901234567901234,0.6172161172161172,0.45,0.375,0.8355555555555556,0.6886446886446886,13,True
6007,1003,2671,1484,-8,6016,2,40,13,400,192,137,6016,3009,0.48128342245989303,0.49866666666666665,0.5053333333333333,0.48967355096602266,0.49783549783549785,0.5009155984684535,3,2563,2119,0.7910493827160494,0.6468253968253969,0.48,0.3425,0.8912592592592592,0.628962148962149,13,True
6007,1702,3137,1503,-8,6016,2,40,13,400,178,167,6016,3008,0.4385026737967914,0.48,0.49333333333333335,0.5036642238507661,0.5021645021645021,0.5007491260196437,1,2548,2480,0.7864197530864198,0.757020757020757,0.445,0.4175,0.8262716049382716,0.7666910866910867,13,True
6007,5817,5627,1572,-8,6016,2,40,13,400,179,143,6016,3009,0.48663101604278075,0.504,0.492,0.48567621585609594,0.4955044955044955,0.5009155984684535,3,2556,2239,0.7888888888888889,0.6834554334554335,0.4475,0.3575,0.8309135802469135,0.6565079365079365,13,True
6007,45,30,1620,-8,6016,2,40,13,400,183,136,6016,3009,0.5026737967914439,0.5173333333333333,0.528,0.5116588940706196,0.5018315018315018,0.5009155984684535,3,2468,2137,0.7617283950617284,0.6523199023199023,0.4575,0.34,0.8494814814814815,0.6243711843711844,13,True
6007,819,546,1634,-8,6016,2,40,13,400,187,142,6016,3008,0.42780748663101603,0.488,0.48133333333333334,0.4936708860759494,0.5021645021645021,0.5007491260196437,1,2520,2262,0.7777777777777778,0.6904761904761905,0.4675,0.355,0.8680493827160494,0.6519169719169718,13,True
6007,951,1902,1754,-8,6016,2,40,13,400,164,166,6016,3009,0.5080213903743316,0.47733333333333333,0.48133333333333334,0.49100599600266487,0.5044955044955045,0.5009155984684535,3,2554,2524,0.7882716049382716,0.7704517704517705,0.41,0.415,0.7612839506172839,0.762100122100122,13,True
6007,1335,890,1778,-8,6016,2,40,13,400,172,184,6016,3009,0.45989304812834225,0.432,0.47733333333333333,0.4950033311125916,0.4988344988344988,0.5009155984684535,3,2493,2463,0.7694444444444445,0.7518315018315018,0.43,0.46,0.7984197530864198,0.8447374847374848,13,True
6007,1992,3984,1812,-8,6016,2,40,13,400,177,171,6016,3009,0.5080213903743316,0.49866666666666665,0.5106666666666667,0.4990006662225183,0.5018315018315018,0.5009155984684535,3,2533,2456,0.7817901234567901,0.7496947496947497,0.4425,0.4275,0.8216296296296296,0.7850549450549451,13,True
6007,3685,1363,1819,-8,6016,2,40,13,400,153,160,6016,3008,0.45454545454545453,0.4746666666666667,0.48933333333333334,0.5003331112591606,0.5094905094905094,0.5007491260196437,1,2457,2268,0.7583333333333333,0.6923076923076923,0.3825,0.4,0.7102222222222222,0.7345543345543346,13,True
6007,929,1858,1830,-8,6016,2,40,13,400,167,155,6016,3009,0.45989304812834225,0.4693333333333333,0.4706666666666667,0.4870086608927382,0.5041625041625042,0.5009155984684535,3,2505,2461,0.7731481481481481,0.7512210012210012,0.4175,0.3875,0.7752098765432098,0.7115995115995117,13,True
6007,1713,1142,1851,-8,6016,2,40,13,400,172,163,6016,3008,0.5668449197860963,0.5173333333333333,0.49733333333333335,0.48634243837441704,0.49417249417249415,0.5007491260196437,1,2530,2308,0.7808641975308642,0.7045177045177046,0.43,0.4075,0.7984197530864198,0.7483272283272283,13,True
6007,5919,5831,1902,-8,6016,2,40,13,400,143,167,6016,3008,0.5133689839572193,0.5013333333333333,0.5186666666666667,0.5103264490339774,0.4985014985014985,0.5007491260196437,1,2380,2398,0.7345679012345679,0.7319902319902319,0.3575,0.4175,0.6638024691358024,0.7666910866910867,13,True
6007,4197,2387,1990,-8,6016,2,40,13,400,173,142,6016,3008,0.47593582887700536,0.488,0.5146666666666667,0.4950033311125916,0.4945054945054945,0.5007491260196437,1,2470,2437,0.7623456790123457,0.7438949938949939,0.4325,0.355,0.8030617283950617,0.6519169719169718,13,True
6007,1575,1050,2113,-8,6016,2,40,13,400,172,152,6016,3008,0.47058823529411764,0.49066666666666664,0.5093333333333333,0.5076615589606929,0.5028305028305028,0.5007491260196437,1,2574,2144,0.7944444444444444,0.6544566544566545,0.43,0.38,0.7984197530864198,0.6978266178266178,13,True
6007,5508,3672,2126,-8,6016,2,40,13,400,177,170,6016,3009,0.5240641711229946,0.5413333333333333,0.5266666666666666,0.508327781479014,0.5054945054945055,0.5009155984684535,3,2496,2455,0.7703703703703704,0.7493894993894994,0.4425,0.425,0.8216296296296296,0.7804639804639804,13,True
6007,768,512,2142,-8,6016,2,40,13,400,161,164,6016,3008,0.43315508021390375,0.48533333333333334,0.492,0.4983344437041972,0.5101565101565102,0.5007491260196437,1,2546,2436,0.7858024691358024,0.7435897435897436,0.4025,0.41,0.747358024691358,0.752918192918193,13,True
6007,4338,2892,2171,-8,6016,2,40,13,400,156,136,6016,3008,0.46524064171123,0.4693333333333333,0.49866666666666665,0.4883411059293804,0.48684648684648685,0.5007491260196437,1,2460,2396,0.7592592592592593,0.7313797313797313,0.39,0.34,0.7241481481481482,0.6243711843711844,13,True
6007,2510,5020,2195,-8,6016,2,40,13,400,160,167,6016,3009,0.5347593582887701,0.5173333333333333,0.5053333333333333,0.5009993337774816,0.5101565101565102,0.5009155984684535,3,2460,2337,0.7592592592592593,0.7133699633699634,0.4,0.4175,0.7427160493827161,0.7666910866910867,13,True
6007,866,4582,2199,-8,6016,2,40,13,400,166,156,6016,3009,0.5240641711229946,0.5413333333333333,0.5093333333333333,0.49233844103930713,0.4901764901764902,0.5009155984684535,3,2573,2222,0.7941358024691358,0.6782661782661783,0.415,0.39,0.7705679012345679,0.7161904761904763,13,True
6007,1453,2906,2216,-8,6016,2,40,13,400,172,160,6016,3008,0.5133689839572193,0.504,0.492,0.49766822118587606,0.4965034965034965,0.5007491260196437,1,2446,2550,0.7549382716049383,0.7783882783882784,0.43,0.4,0.7984197530864198,0.7345543345543346,13,True
6007,2631,1754,2246,-8,6016,2,40,13,400,146,140,6016,3009,0.5668449197860963,0.5413333333333333,0.5053333333333333,0.5043304463690873,0.5001665001665002,0.5009155984684535,3,2574,2228,0.7944444444444444,0.6800976800976801,0.365,0.35,0.6777283950617284,0.6427350427350427,13,True
6007,3667,4447,2270,-8,6016,2,40,13,400,165,154,6016,3008,0.45989304812834225,0.464,0.468,0.49633577614923385,0.5061605061605061,0.5007491260196437,1,2486,2446,0.7672839506172839,0.7466422466422467,0.4125,0.385,0.7659259259259259,0.707008547008547,13,True
6007,2852,5906,2309,-8,6016,2,40,13,400,149,156,6016,3009,0.49732620320855614,0.5146666666666667,0.5,0.4890073284477015,0.5054945054945055,0.5009155984684535,3,2434,2342,0.7512345679012346,0.7148962148962149,0.3725,0.39,0.6916543209876543,0.7161904761904763,13,True
6007,5623,5239,2313,-8,6016,2,40,13,400,165,166,6016,3008,0.5294117647058824,0.49066666666666664,0.5013333333333333,0.5009993337774816,0.5014985014985015,0.5007491260196437,1,2526,2198,0.7796296296296297,0.6709401709401709,0.4125,0.415,0.7659259259259259,0.762100122100122,13,True
6007,4246,4833,2346,-8,6016,2,40,13,400,168,136,6016,3009,0.5187165775401069,0.5013333333333333,0.48933333333333334,0.49566955363091275,0.5004995004995005,0.5009155984684535,3,2488,2238,0.7679012345679013,0.6831501831501832,0.42,0.34,0.7798518518518518,0.6243711843711844,13,True
6007,1661,5112,2418,-8,6016,2,40,13,400,170,165,6016,3008,0.5454545454545454,0.512,0.504,0.4990006662225183,0.5004995004995005,0.5007491260196437,1,2507,2376,0.7737654320987655,0.7252747252747253,0.425,0.4125,0.7891358024691357,0.7575091575091575,13,True
6007,4063,4711,2427,-8,6016,2,40,13,400,169,156,6016,3008,0.5080213903743316,0.48,0.47333333333333333,0.4890073284477015,0.5071595071595072,0.5007491260196437,1,2472,2279,0.762962962962963,0.6956654456654456,0.4225,0.39,0.7844938271604938,0.7161904761904763,13,True
6007,5138,1423,2497,-8,6016,2,40,13,400,189,160,6016,3008,0.43315508021390375,0.4666666666666667,0.476,0.5009993337774816,0.5131535131535132,0.5007491260196437,1,2543,2392,0.7848765432098765,0.7301587301587301,0.4725,0.4,0.8773333333333333,0.7345543345543346,13,True
6007,2179,3455,2535,-8,6016,2,40,13,400,187,166,6016,3008,0.48663101604278075,0.4746666666666667,0.472,0.5009993337774816,0.5014985014985015,0.5007491260196437,1,2592,2396,0.8,0.7313797313797313,0.4675,0.415,0.8680493827160494,0.762100122100122,13,True
6007,2407,4814,2543,-8,6016,2,40,13,400,164,145,6016,3008,0.4919786096256685,0.5146666666666667,0.5013333333333333,0.5056628914057295,0.49483849483849485,0.5007491260196437,1,2522,2180,0.778395061728395,0.6654456654456654,0.41,0.3625,0.7612839506172839,0.6656898656898657,13,True
6007,2295,1530,2557,-8,6016,2,40,13,400,188,146,6016,3009,0.5401069518716578,0.5093333333333333,0.5253333333333333,0.5063291139240507,0.5078255078255078,0.5009155984684535,3,2503,2282,0.7725308641975308,0.6965811965811965,0.47,0.365,0.8726913580246913,0.6702808302808303,13,True
6007,4660,5109,2590,-8,6016,2,40,13,400,161,171,6016,3009,0.5026737967914439,0.49866666666666665,0.4746666666666667,0.47301798800799466,0.4851814851814852,0.5009155984684535,3,2507,2165,0.7737654320987655,0.6608669108669109,0.4025,0.4275,0.747358024691358,0.7850549450549451,13,True
6007,3642,2428,2661,-8,6016,2,40,13,400,176,136,6016,3009,0.49732620320855614,0.48533333333333334,0.504,0.519653564290473,0.5048285048285048,0.5009155984684535,3,2512,2260,0.7753086419753087,0.6898656898656899,0.44,0.34,0.8169876543209876,0.6243711843711844,13,True
6007,4887,3258,2663,-8,6016,2,40,13,400,166,147,6016,3008,0.5294117647058824,0.496,0.5093333333333333,0.519653564290473,0.5121545121545121,0.5007491260196437,1,2404,2218,0.7419753086419754,0.6770451770451771,0.415,0.3675,0.7705679012345679,0.6748717948717949,13,True
6007,183,122,2669,-8,6016,2,40,13,400,184,170,6016,3009,0.6149732620320856,0.512,0.5066666666666667,0.5003331112591606,0.5024975024975025,0.5009155984684535,3,2532,2346,0.7814814814814814,0.7161172161172161,0.46,0.425,0.8541234567901235,0.7804639804639804,13,True
6007,3179,351,2699,-8,6016,2,40,13,400,156,171,6016,3009,0.5026737967914439,0.48533333333333334,0.5066666666666667,0.5003331112591606,0.5121545121545121,0.5009155984684535,3,2481,2268,0.7657407407407407,0.6923076923076923,0.39,0.4275,0.7241481481481482,0.7850549450549451,13,True
6007,5044,4081,2702,-8,6016,2,40,13,400,167,139,6016,3009,0.5026737967914439,0.5466666666666666,0.5253333333333333,0.5049966688874084,0.5041625041625042,0.5009155984684535,3,2552,2088,0.7876543209876543,0.6373626373626373,0.4175,0.3475,0.7752098765432098,0.6381440781440781,13,True
6007,2376,4752,2721,-8,6016,2,40,13,400,163,170,6016,3009,0.47593582887700536,0.472,0.47333333333333333,0.49700199866755496,0.5048285048285048,0.5009155984684535,3,2530,2453,0.7808641975308642,0.7487789987789988,0.4075,0.425,0.756641975308642,0.7804639804639804,13,True
6007,2443,4886,2750,-8,6016,2,40,13,400,173,178,6016,3009,0.5668449197860963,0.488,0.496,0.5049966688874084,0.5021645021645021,0.5009155984684535,3,2582,2514,0.7969135802469136,0.7673992673992674,0.4325,0.445,0.8030617283950617,0.8171916971916972,13,True
6007,4573,3139,2773,-8,6016,2,40,13,400,182,171,6016,3009,0.48128342245989303,0.48533333333333334,0.49866666666666665,0.4983344437041972,0.49916749916749914,0.5009155984684535,3,2525,2248,0.779320987654321,0.6862026862026862,0.455,0.4275,0.8448395061728395,0.7850549450549451,13,True
6007,1988,3976,2787,-8,6016,2,40,13,400,169,142,6016,3009,0.5347593582887701,0.5466666666666666,0.5133333333333333,0.5016655562958028,0.4995004995004995,0.5009155984684535,3,2514,2413,0.7759259259259259,0.7365689865689866,0.4225,0.355,0.7844938271604938,0.6519169719169718,13,True
6007,1755,3510,2794,-8,6016,2,40,13,400,160,144,6016,3009,0.5561497326203209,0.536,0.516,0.5176548967355097,0.5058275058275058,0.5009155984684535,3,2555,2343,0.7885802469135802,0.7152014652014652,0.4,0.36,0.7427160493827161,0.661098901098901,13,True
6007,4287,2567,2820,-8,6016,2,40,13,400,188,165,6016,3009,0.5401069518716578,0.5226666666666666,0.48933333333333334,0.49033977348434377,0.5101565101565102,0.5009155984684535,3,2561,2480,0.7904320987654321,0.757020757020757,0.47,0.4125,0.8726913580246913,0.7575091575091575,13,True
6007,5675,1781,2821,-8,6016,2,40,13,400,178,161,6016,3008,0.46524064171123,0.49333333333333335,0.5053333333333333,0.49766822118587606,0.5038295038295039,0.5007491260196437,1,2507,2394,0.7737654320987655,0.7307692307692307,0.445,0.4025,0.8262716049382716,0.7391452991452991,13,True
6007,2569,5138,2867,-8,6016,2,40,13,400,166,158,6016,3008,0.44919786096256686,0.49066666666666664,0.472,0.4890073284477015,0.4901764901764902,0.5007491260196437,1,2560,2327,0.7901234567901234,0.7103174603174603,0.415,0.395,0.7705679012345679,0.7253724053724054,13,True
6007,3871,4583,2871,-8,6016,2,40,13,400,153,153,6016,3008,0.5133689839572193,0.5146666666666667,0.496,0.4816788807461692,0.4938394938394938,0.5007491260196437,1,2444,2194,0.754320987654321,0.6697191697191697,0.3825,0.3825,0.7102222222222222,0.7024175824175823,13,True
6007,2801,5602,2918,-8,6016,2,40,13,400,179,165,6016,3008,0.48128342245989303,0.49333333333333335,0.5186666666666667,0.5036642238507661,0.4961704961704962,0.5007491260196437,1,2548,2502,0.7864197530864198,0.7637362637362637,0.4475,0.4125,0.8309135802469135,0.7575091575091575,13,True
6007,528,352,2940,-8,6016,2,40,13,400,168,163,6016,3009,0.5454545454545454,0.536,0.5306666666666666,0.5096602265156562,0.49783549783549785,0.5009155984684535,3,2575,2399,0.7947530864197531,0.7322954822954822,0.42,0.4075,0.7798518518518518,0.7483272283272283,13,True
6007,1353,902,3000,-8,6016,2,40,13,400,163,159,6016,3009,0.4919786096256685,0.52,0.512,0.49766822118587606,0.49517149517149517,0.5009155984684535,3,2393,2391,0.7385802469135803,0.7298534798534798,0.4075,0.3975,0.756641975308642,0.72996336996337,13,True
6007,5214,3476,3012,-8,6016,2,40,13,400,157,166,6016,3008,0.5187165775401069,0.56,0.512,0.5076615589606929,0.5014985014985015,0.5007491260196437,1,2442,2451,0.7537037037037037,0.7481684981684982,0.3925,0.415,0.7287901234567902,0.762100122100122,13,True
6007,5779,5551,3036,-8,6016,2,40,13,400,161,146,6016,3008,0.5187165775401069,0.5013333333333333,0.488,0.5049966688874084,0.5031635031635031,0.5007491260196437,1,2546,2142,0.7858024691358024,0.6538461538461539,0.4025,0.365,0.747358024691358,0.6702808302808303,13,True
6007,153,102,3081,-8,6016,2,40,13,400,151,160,6016,3009,0.49732620320855614,0.4826666666666667,0.47733333333333333,0.49766822118587606,0.5031635031635031,0.5009155984684535,3,2508,2392,0.774074074074074,0.7301587301587301,0.3775,0.4,0.7009382716049383,0.7345543345543346,13,True
6007,4154,767,3153,-8,6016,2,40,13,400,163,149,6016,3008,0.5080213903743316,0.4746666666666667,0.484,0.4876748834110593,0.5064935064935064,0.5007491260196437,1,2482,2056,0.7660493827160494,0.6275946275946276,0.4075,0.3725,0.756641975308642,0.6840537240537241,13,True
6007,4701,3134,3198,-8,6016,2,40,13,400,158,154,6016,3009,0.46524064171123,0.4746666666666667,0.496,0.5063291139240507,0.5048285048285048,0.5009155984684535,3,2553,2291,0.787962962962963,0.6993284493284493,0.395,0.385,0.7334320987654321,0.707008547008547,13,True
6007,955,1910,3222,-8,6016,2,40,13,400,164,148,6016,3008,0.5240641711229946,0.5173333333333333,0.5053333333333333,0.5043304463690873,0.5064935064935064,0.5007491260196437,1,2420,2240,0.7469135802469136,0.6837606837606838,0.41,0.37,0.7612839506172839,0.6794627594627595,13,True
6007,5648,5289,3316,-8,6016,2,40,13,400,169,156,6016,3008,0.48128342245989303,0.48533333333333334,0.48133333333333334,0.46635576282478347,0.4828504828504829,0.5007491260196437,1,2562,2395,0.7907407407407407,0.731074481074481,0.4225,0.39,0.7844938271604938,0.7161904761904763,13,True
6007,3166,4113,3330,-8,6016,2,40,13,400,176,181,6016,3009,0.5133689839572193,0.49066666666666664,0.492,0.4843437708194537,0.4958374958374958,0.5009155984684535,3,2521,2478,0.7780864197530865,0.7564102564102564,0.44,0.4525,0.8169876543209876,0.8309645909645911,13,True
6007,4214,807,3335,-8,6016,2,40,13,400,177,129,6016,3009,0.47593582887700536,0.48,0.49466666666666664,0.5009993337774816,0.5064935064935064,0.5009155984684535,3,2549,1858,0.7867283950617284,0.5671550671550671,0.4425,0.3225,0.8216296296296296,0.5922344322344323,13,True
6007,3598,4401,3348,-8,6016,2,40,13,400,156,167,6016,3008,0.47593582887700536,0.5146666666666667,0.5093333333333333,0.5063291139240507,0.5038295038295039,0.5007491260196437,1,2521,2266,0.7780864197530865,0.6916971916971917,0.39,0.4175,0.7241481481481482,0.7666910866910867,13,True
6007,4252,4837,3459,-8,6016,2,40,13,400,195,167,6016,3009,0.5454545454545454,0.5173333333333333,0.5093333333333333,0.4943371085942705,0.5061605061605061,0.5009155984684535,3,2491,2410,0.7688271604938272,0.7356532356532357,0.4875,0.4175,0.9051851851851851,0.7666910866910867,13,True
6007,622,2417,3517,-8,6016,2,40,13,400,151,182,6016,3008,0.4385026737967914,0.47733333333333333,0.48133333333333334,0.49233844103930713,0.49983349983349984,0.5007491260196437,1,2450,2498,0.7561728395061729,0.7625152625152625,0.3775,0.455,0.7009382716049383,0.8355555555555556,13,True
6007,1026,2052,3532,-8,6016,2,40,13,400,181,150,6016,3008,0.44385026737967914,0.472,0.48,0.47968021319120585,0.4961704961704962,0.5007491260196437,1,2509,2296,0.7743827160493827,0.7008547008547008,0.4525,0.375,0.8401975308641976,0.6886446886446886,13,True
6007,1613,5080,3628,-8,6016,2,40,13,400,172,156,6016,3009,0.4919786096256685,0.49333333333333335,0.49066666666666664,0.5069953364423717,0.5044955044955045,0.5009155984684535,3,2457,2432,0.7583333333333333,0.7423687423687424,0.43,0.39,0.7984197530864198,0.7161904761904763,13,True
6007,4978,5321,3630,-8,6016,2,40,13,400,161,174,6016,3008,0.5026737967914439,0.49866666666666665,0.4826666666666667,0.5096602265156562,0.5024975024975025,0.5007491260196437,1,2582,2380,0.7969135802469136,0.7264957264957265,0.4025,0.435,0.747358024691358,0.7988278388278388,13,True
6007,3790,4529,3635,-8,6016,2,40,13,400,178,166,6016,3008,0.5187165775401069,0.5226666666666666,0.516,0.5023317788141239,0.49683649683649683,0.5007491260196437,1,2564,2474,0.7913580246913581,0.7551892551892552,0.445,0.415,0.8262716049382716,0.762100122100122,13,True
6007,5338,5561,3684,-8,6016,2,40,13,400,162,157,6016,3008,0.49732620320855614,0.4613333333333333,0.49066666666666664,0.5049966688874084,0.5074925074925075,0.5007491260196437,1,2494,2350,0.769753086419753,0.7173382173382173,0.405,0.3925,0.752,0.7207814407814408,13,True
6007,4146,2285,3699,-8,6016,2,40,13,400,149,178,6016,3009,0.5401069518716578,0.5093333333333333,0.49466666666666664,0.4996668887408394,0.49983349983349984,0.5009155984684535,3,2526,2393,0.7796296296296297,0.7304639804639804,0.3725,0.445,0.6916543209876543,0.8171916971916972,13,True
6007,3427,4287,3744,-8,6016,2,40,13,400,161,154,6016,3008,0.45989304812834225,0.4666666666666667,0.472,0.47901399067288475,0.5078255078255078,0.5007491260196437,1,2614,2406,0.8067901234567901,0.7344322344322345,0.4025,0.385,0.747358024691358,0.707008547008547,13,True
6007,475,2319,3753,-8,6016,2,40,13,400,186,160,6016,3009,0.47058823529411764,0.48533333333333334,0.4826666666666667,0.5023317788141239,0.4965034965034965,0.5009155984684535,3,2476,2308,0.7641975308641975,0.7045177045177046,0.465,0.4,0.8634074074074074,0.7345543345543346,13,True
6007,836,1672,3783,-8,6016,2,40,13,400,137,133,6016,3008,0.5026737967914439,0.4693333333333333,0.49866666666666665,0.4996668887408394,0.5014985014985015,0.5007491260196437,1,2496,2346,0.7703703703703704,0.7161172161172161,0.3425,0.3325,0.6359506172839506,0.6105982905982906,13,True
6007,2117,4234,3858,-8,6016,2,40,13,400,171,168,6016,3008,0.48663101604278075,0.48,0.49333333333333335,0.4936708860759494,0.49217449217449216,0.5007491260196437,1,2547,2402,0.7861111111111111,0.7332112332112332,0.4275,0.42,0.7937777777777778,0.7712820512820512,13,True
6007,1102,2204,4065,-8,6016,2,40,13,400,174,159,6016,3008,0.49732620320855614,0.48,0.49733333333333335,0.4996668887408394,0.5051615051615052,0.5007491260196437,1,2507,2427,0.7737654320987655,0.7408424908424909,0.435,0.3975,0.8077037037037037,0.72996336996337,13,True
6007,5507,5007,4138,-8,6016,2,40,13,400,184,154,6016,3008,0.49732620320855614,0.496,0.5,0.49566955363091275,0.49683649683649683,0.5007491260196437,1,2553,2328,0.787962962962963,0.7106227106227107,0.46,0.385,0.8541234567901235,0.707008547008547,13,True
6007,4683,3122,4142,-8,6016,2,40,13,400,155,141,6016,3009,0.5240641711229946,0.5306666666666666,0.508,0.4983344437041972,0.49716949716949715,0.5009155984684535,3,2474,2228,0.7635802469135803,0.6800976800976801,0.3875,0.3525,0.7195061728395062,0.6473260073260073,13,True
6007,469,938,4153,-8,6016,2,40,13,400,184,146,6016,3008,0.5828877005347594,0.5466666666666666,0.516,0.5043304463690873,0.49983349983349984,0.5007491260196437,1,2518,2169,0.7771604938271605,0.6620879120879121,0.46,0.365,0.8541234567901235,0.6702808302808303,13,True
6007,5713,5811,4161,-8,6016,2,40,13,400,149,153,6016,3009,0.5561497326203209,0.5466666666666666,0.5306666666666666,0.5143237841439041,0.5058275058275058,0.5009155984684535,3,2532,2256,0.7814814814814814,0.6886446886446886,0.3725,0.3825,0.6916543209876543,0.7024175824175823,13,True
6007,440,880,4265,-8,6016,2,40,13,400,189,169,6016,3008,0.5080213903743316,0.49333333333333335,0.5053333333333333,0.48967355096602266,0.5034965034965035,0.5007491260196437,1,2478,2388,0.7648148148148148,0.7289377289377289,0.4725,0.4225,0.8773333333333333,0.7758730158730158,13,True
6007,4249,4835,4411,-8,6016,2,40,13,400,147,179,6016,3009,0.4919786096256685,0.472,0.476,0.4990006662225183,0.5041625041625042,0.5009155984684535,3,2424,2391,0.7481481481481481,0.7298534798534798,0.3675,0.4475,0.6823703703703704,0.8217826617826617,13,True
6007,4656,3305,4431,-8,6016,2,40,13,400,167,162,6016,3008,0.5347593582887701,0.544,0.5146666666666667,0.5096602265156562,0.5028305028305028,0.5007491260196437,1,2436,2406,0.7518518518518519,0.7344322344322345,0.4175,0.405,0.7752098765432098,0.7437362637362638,13,True
6007,38,76,4522,-8,6016,2,40,13,400,167,142,6016,3009,0.5454545454545454,0.5733333333333334,0.5186666666666667,0.5143237841439041,0.5044955044955045,0.5009155984684535,3,2480,2126,0.7654320987654321,0.648962148962149,0.4175,0.355,0.7752098765432098,0.6519169719169718,13,True
6007,313,2211,4525,-8,6016,2,40,13,400,179,155,6016,3008,0.44385026737967914,0.48,0.492,0.5016655562958028,0.5021645021645021,0.5007491260196437,1,2566,2300,0.7919753086419753,0.702075702075702,0.4475,0.3875,0.8309135802469135,0.7115995115995117,13,True
6007,1756,3173,4580,-8,6016,2,40,13,400,176,158,6016,3008,0.48663101604278075,0.5013333333333333,0.49066666666666664,0.5096602265156562,0.5051615051615052,0.5007491260196437,1,2554,2490,0.7882716049382716,0.76007326007326,0.44,0.395,0.8169876543209876,0.7253724053724054,13,True
6007,451,2303,4601,-8,6016,2,40,13,400,153,145,6016,3008,0.48663101604278075,0.504,0.5013333333333333,0.5169886742171885,0.5034965034965035,0.5007491260196437,1,2512,2272,0.7753086419753087,0.6935286935286935,0.3825,0.3625,0.7102222222222222,0.6656898656898657,13,True
6007,5192,4377,4623,-8,6016,2,40,13,400,171,147,6016,3009,0.47593582887700536,0.4693333333333333,0.468,0.4810126582278481,0.48984348984348985,0.5009155984684535,3,2572,2448,0.7938271604938272,0.7472527472527473,0.4275,0.3675,0.7937777777777778,0.6748717948717949,13,True
6007,2209,3475,4702,-8,6016,2,40,13,400,172,171,6016,3009,0.44919786096256686,0.5013333333333333,0.5,0.5056628914057295,0.5018315018315018,0.5009155984684535,3,2485,2456,0.7669753086419753,0.7496947496947497,0.43,0.4275,0.7984197530864198,0.7850549450549451,13,True
6007,3272,179,4729,-8,6016,2,40,13,400,183,171,6016,3009,0.48128342245989303,0.5093333333333333,0.492,0.5009993337774816,0.4961704961704962,0.5009155984684535,3,2530,2338,0.7808641975308642,0.7136752136752137,0.4575,0.4275,0.8494814814814815,0.7850549450549451,13,True
6007,3086,165,4758,-8,6016,2,40,13,400,179,146,6016,3008,0.5080213903743316,0.4746666666666667,0.48933333333333334,0.49300466355762823,0.48884448884448883,0.5007491260196437,1,2539,2486,0.783641975308642,0.7588522588522588,0.4475,0.365,0.8309135802469135,0.6702808302808303,13,True
6007,2123,4246,4802,-8,6016,2,40,13,400,172,157,6016,3008,0.47593582887700536,0.4666666666666667,0.472,0.4883411059293804,0.5041625041625042,0.5007491260196437,1,2582,2308,0.7969135802469136,0.7045177045177046,0.43,0.3925,0.7984197530864198,0.7207814407814408,13,True
6007,3899,597,4821,-8,6016,2,40,13,400,170,133,6016,3008,0.49732620320855614,0.488,0.48933333333333334,0.49300466355762823,0.4915084915084915,0.5007491260196437,1,2549,1900,0.7867283950617284,0.57997557997558,0.425,0.3325,0.7891358024691357,0.6105982905982906,13,True
6007,3711,2474,4832,-8,6016,2,40,13,400,157,132,6016,3008,0.4385026737967914,0.47733333333333333,0.47733333333333333,0.49566955363091275,0.4908424908424908,0.5007491260196437,1,2514,2123,0.7759259259259259,0.6480463980463981,0.3925,0.33,0.7287901234567902,0.6060073260073261,13,True
6007,1735,3159,4967,-8,6016,2,40,13,400,155,162,6016,3009,0.5561497326203209,0.5173333333333333,0.5306666666666666,0.5089940039973351,0.5118215118215118,0.5009155984684535,3,2526,2482,0.7796296296296297,0.7576312576312576,0.3875,0.405,0.7195061728395062,0.7437362637362638,13,True
6007,4374,2741,5071,-8,6016,2,40,13,400,154,166,6016,3009,0.48663101604278075,0.504,0.5013333333333333,0.5043304463690873,0.5058275058275058,0.5009155984684535,3,2534,2424,0.7820987654320988,0.73992673992674,0.385,0.415,0.7148641975308642,0.762100122100122,13,True
6007,5023,5351,5095,-8,6016,2,40,13,400,162,146,6016,3009,0.48128342245989303,0.4693333333333333,0.4826666666666667,0.49033977348434377,0.4945054945054945,0.5009155984684535,3,2446,2430,0.7549382716049383,0.7417582417582418,0.405,0.365,0.752,0.6702808302808303,13,True
6007,4980,3320,5112,-8,6016,2,40,13,400,171,166,6016,3009,0.5401069518716578,0.5253333333333333,0.5213333333333333,0.5043304463690873,0.5048285048285048,0.5009155984684535,3,2500,2392,0.7716049382716049,0.7301587301587301,0.4275,0.415,0.7937777777777778,0.762100122100122,13,True
6007,2013,1342,5158,-8,6016,2,40,13,400,172,137,6016,3009,0.5454545454545454,0.5466666666666666,0.52,0.519653564290473,0.5084915084915085,0.5009155984684535,3,2399,2082,0.7404320987654321,0.6355311355311355,0.43,0.3425,0.7984197530864198,0.628962148962149,13,True
6007,1753,3506,5171,-8,6016,2,40,13,400,167,168,6016,3009,0.5828877005347594,0.552,0.54,0.5156562291805463,0.5018315018315018,0.5009155984684535,3,2462,2482,0.7598765432098765,0.7576312576312576,0.4175,0.42,0.7752098765432098,0.7712820512820512,13,True
6007,5595,3730,5339,-8,6016,2,40,13,400,165,176,6016,3009,0.4385026737967914,0.4826666666666667,0.4786666666666667,0.49700199866755496,0.5051615051615052,0.5009155984684535,3,2433,2272,0.7509259259259259,0.6935286935286935,0.4125,0.44,0.7659259259259259,0.808009768009768,13,True
6007,4526,3045,5437,-8,6016,2,40,13,400,173,170,6016,3009,0.5347593582887701,0.5253333333333333,0.49733333333333335,0.5003331112591606,0.5071595071595072,0.5009155984684535,3,2494,2404,0.769753086419753,0.7338217338217338,0.4325,0.425,0.8030617283950617,0.7804639804639804,13,True
6007,4073,713,5529,-8,6016,2,40,13,400,164,174,6016,3009,0.4919786096256685,0.49333333333333335,0.48533333333333334,0.4983344437041972,0.4938394938394938,0.5009155984684535,3,2541,2414,0.7842592592592592,0.7368742368742369,0.41,0.435,0.7612839506172839,0.7988278388278388,13,True
6007,4448,2889,5554,-8,6016,2,40,13,400,159,171,6016,3009,0.5187165775401069,0.48533333333333334,0.49333333333333335,0.502998001332445,0.4995004995004995,0.5009155984684535,3,2515,2361,0.7762345679012346,0.7206959706959707,0.3975,0.4275,0.7380740740740741,0.7850549450549451,13,True
6007,1540,3080,5570,-8,6016,2,40,13,400,175,148,6016,3008,0.45989304812834225,0.4826666666666667,0.49466666666666664,0.491672218520986,0.5078255078255078,0.5007491260196437,1,2499,2242,0.7712962962962963,0.6843711843711844,0.4375,0.37,0.8123456790123457,0.6794627594627595,13,True
6007,3610,1213,5580,-8,6016,2,40,13,400,197,153,6016,3009,0.48128342245989303,0.4826666666666667,0.48,0.49233844103930713,0.4965034965034965,0.5009155984684535,3,2540,2248,0.7839506172839507,0.6862026862026862,0.4925,0.3825,0.9144691358024691,0.7024175824175823,13,True
6007,2906,5812,5585,-8,6016,2,40,13,400,163,170,6016,3008,0.48663101604278075,0.5013333333333333,0.5,0.5116588940706196,0.5014985014985015,0.5007491260196437,1,2572,2487,0.7938271604938272,0.7591575091575091,0.4075,0.425,0.756641975308642,0.7804639804639804,13,True
6007,1449,966,5696,-8,6016,2,40,13,400,160,146,6016,3009,0.5026737967914439,0.5173333333333333,0.49733333333333335,0.5036642238507661,0.5124875124875125,0.5009155984684535,3,2485,2177,0.7669753086419753,0.6645299145299145,0.4,0.365,0.7427160493827161,0.6702808302808303,13,True
6007,441,882,5787,-8,6016,2,40,13,400,172,156,6016,3008,0.5561497326203209,0.56,0.5186666666666667,0.5089940039973351,0.49683649683649683,0.5007491260196437,1,2486,2409,0.7672839506172839,0.7353479853479854,0.43,0.39,0.7984197530864198,0.7161904761904763,13,True
6007,4246,2485,5912,-8,6016,2,40,13,400,165,163,6016,3008,0.48663101604278075,0.4693333333333333,0.476,0.4830113257828115,0.5114885114885115,0.5007491260196437,1,2455,2470,0.7577160493827161,0.753968253968254,0.4125,0.4075,0.7659259259259259,0.7483272283272283,13,True
6007,4593,3179,5915,-8,6016,2,40,13,400,161,155,6016,3008,0.47593582887700536,0.44266666666666665,0.49733333333333335,0.5043304463690873,0.4988344988344988,0.5007491260196437,1,2488,2281,0.7679012345679013,0.6962759462759462,0.4025,0.3875,0.747358024691358,0.7115995115995117,13,True
6007,2884,5768,5934,-8,6016,2,40,13,400,183,130,6016,3009,0.4919786096256685,0.464,0.5266666666666666,0.5043304463690873,0.5081585081585082,0.5009155984684535,3,2498,2274,0.7709876543209877,0.6941391941391941,0.4575,0.325,0.8494814814814815,0.5968253968253968,13,True
6007,5422,5617,5948,-8,6016,2,40,13,400,160,160,6016,3009,0.43315508021390375,0.48,0.48,0.4876748834110593,0.4931734931734932,0.5009155984684535,3,2545,2368,0.7854938271604939,0.7228327228327228,0.4,0.4,0.7427160493827161,0.7345543345543346,13,True
6007,5881,5923,12,40,5968,2,40,13,400,180,146,5968,2984,0.5080213903743316,0.536,0.5213333333333333,0.5169886742171885,0.5064935064935064,0.4967537872482104,1,2528,2417,0.7802469135802469,0.7377899877899878,0.45,0.365,0.8288888888888889,0.664932844932845,13,True
6007,1631,3262,55,40,5968,2,40,13,400,152,131,5968,2984,0.5240641711229946,0.5013333333333333,0.504,0.5143237841439041,0.5024975024975025,0.4967537872482104,1,2433,2012,0.7509259259259259,0.6141636141636142,0.38,0.3275,0.6999506172839507,0.5966178266178266,13,True
6007,345,230,56,40,5968,2,40,13,400,179,166,5968,2985,0.5401069518716578,0.5226666666666666,0.49333333333333335,0.4830113257828115,0.5021645021645021,0.49692025969702014,3,2514,2369,0.7759259259259259,0.7231379731379731,0.4475,0.415,0.8242839506172839,0.756019536019536,13,True
6007,4769,1177,166,40,5968,2,40,13,400,157,159,5968,2984,0.5401069518716578,0.5173333333333333,0.516,0.5123251165889408,0.5011655011655012,0.4967537872482104,1,2540,2428,0.7839506172839507,0.7411477411477412,0.3925,0.3975,0.7229753086419753,0.7241391941391943,13,True
6007,3878,1749,167,40,5968,2,40,13,400,166,141,5968,2985,0.40106951871657753,0.432,0.47333333333333333,0.48500999333777484,0.4881784881784882,0.49692025969702014,3,2506,2244,0.7734567901234568,0.684981684981685,0.415,0.3525,0.7644197530864197,0.6421611721611721,13,True
6007,504,336,296,40,5968,2,40,13,400,193,121,5968,2985,0.5187165775401069,0.5226666666666666,0.5,0.5023317788141239,0.49517149517149517,0.49692025969702014,3,2466,2055,0.7611111111111111,0.6272893772893773,0.4825,0.3025,0.888753086419753,0.5510744810744811,13,True
6007,3415,4279,317,40,5968,2,40,13,400,175,155,5968,2984,0.5454545454545454,0.504,0.5066666666666667,0.5023317788141239,0.5021645021645021,0.4967537872482104,1,2541,2344,0.7842592592592592,0.7155067155067155,0.4375,0.3875,0.8058641975308642,0.7059218559218559,13,True
6007,3660,1313,381,40,5968,2,40,13,400,181,187,5968,2984,0.5508021390374331,0.5013333333333333,0.492,0.48567621585609594,0.49783549783549785,0.4967537872482104,1,2484,2454,0.7666666666666667,0.7490842490842491,0.4525,0.4675,0.8334938271604938,0.8516605616605617,13,True
6007,2663,5326,411,40,5968,2,40,13,400,169,133,5968,2985,0.4919786096256685,0.48533333333333334,0.49466666666666664,0.4810126582278481,0.49517149517149517,0.49692025969702014,3,2471,2304,0.7626543209876543,0.7032967032967034,0.4225,0.3325,0.7782345679012346,0.6057264957264957,13,True
6007,1391,4932,466,40,5968,2,40,13,400,183,167,5968,2985,0.5026737967914439,0.496,0.496,0.502998001332445,0.5028305028305028,0.49692025969702014,3,2516,2366,0.7765432098765432,0.7222222222222222,0.4575,0.4175,0.8427037037037037,0.7605738705738705,13,True
6007,4760,1171,496,40,5968,2,40,13,400,166,165,5968,2984,0.48128342245989303,0.4826666666666667,0.4826666666666667,0.491672218520986,0.5021645021645021,0.4967537872482104,1,2480,2524,0.7654320987654321,0.7704517704517705,0.415,0.4125,0.7644197530864197,0.7514652014652013,13,True
6007,1185,2370,500,40,5968,2,40,13,400,171,146,5968,2984,0.4919786096256685,0.49866666666666665,0.49466666666666664,0.491672218520986,0.5074925074925075,0.4967537872482104,1,2430,2330,0.75,0.7112332112332113,0.4275,0.365,0.7874444444444445,0.664932844932845,13,True
6007,1276,2552,512,40,5968,2,40,13,400,172,166,5968,2984,0.5080213903743316,0.49066666666666664,0.5,0.49766822118587606,0.5024975024975025,0.4967537872482104,1,2484,2400,0.7666666666666667,0.7326007326007326,0.43,0.415,0.7920493827160493,0.756019536019536,13,True
6007,3055,103,598,40,5968,2,40,13,400,164,160,5968,2985,0.5561497326203209,0.5466666666666666,0.5133333333333333,0.5103264490339774,0.5034965034965035,0.49692025969702014,3,2434,2348,0.7512345679012346,0.7167277167277167,0.41,0.4,0.7552098765432098,0.7286935286935288,13,True
6007,1225,2450,616,40,5968,2,40,13,400,166,151,5968,2985,0.4919786096256685,0.45866666666666667,0.456,0.4876748834110593,0.48784548784548787,0.49692025969702014,3,2431,2392,0.7503086419753087,0.7301587301587301,0.415,0.3775,0.7644197530864197,0.6877045177045177,13,True
6007,525,350,626,40,5968,2,40,13,400,147,143,5968,2984,0.5240641711229946,0.512,0.49733333333333335,0.508327781479014,0.5031635031635031,0.4967537872482104,1,2468,2086,0.7617283950617284,0.6367521367521367,0.3675,0.3575,0.6769259259259258,0.6512698412698412,13,True
6007,1661,3322,647,40,5968,2,40,13,400,159,155,5968,2985,0.46524064171123,0.48,0.488,0.5129913391072618,0.5038295038295039,0.49692025969702014,3,2442,2223,0.7537037037037037,0.6785714285714286,0.3975,0.3875,0.7321851851851853,0.7059218559218559,13,True
6007,5534,1687,691,40,5968,2,40,13,400,180,157,5968,2984,0.5454545454545454,0.4826666666666667,0.484,0.491672218520986,0.48684648684648685,0.4967537872482104,1,2452,2464,0.7567901234567901,0.7521367521367521,0.45,0.3925,0.8288888888888889,0.715030525030525,13,True
6007,4777,3547,853,40,5968,2,40,13,400,186,152,5968,2984,0.49732620320855614,0.496,0.49866666666666665,0.4983344437041972,0.5074925074925075,0.4967537872482104,1,2544,2287,0.7851851851851852,0.6981074481074481,0.465,0.38,0.8565185185185187,0.6922588522588523,13,True
6007,5625,5243,878,40,5968,2,40,13,400,170,180,5968,2985,0.5561497326203209,0.504,0.516,0.5023317788141239,0.48884448884448883,0.49692025969702014,3,2516,2504,0.7765432098765432,0.7643467643467643,0.425,0.45,0.7828395061728395,0.8197802197802198,13,True
6007,5673,3782,927,40,5968,2,40,13,400,162,138,5968,2984,0.40106951871657753,0.42933333333333334,0.48533333333333334,0.49300466355762823,0.4915084915084915,0.4967537872482104,1,2489,2061,0.7682098765432098,0.6291208791208791,0.405,0.345,0.746,0.6284981684981685,13,True
6007,1281,854,938,40,5968,2,40,13,400,171,147,5968,2985,0.48663101604278075,0.48,0.4786666666666667,0.4936708860759494,0.4981684981684982,0.49692025969702014,3,2450,2180,0.7561728395061729,0.6654456654456654,0.4275,0.3675,0.7874444444444445,0.6694871794871794,13,True
6007,1573,3146,978,40,5968,2,40,13,400,160,153,5968,2984,0.5614973262032086,0.5173333333333333,0.49866666666666665,0.49633577614923385,0.48717948717948717,0.4967537872482104,1,2524,2154,0.7790123456790123,0.6575091575091575,0.4,0.3825,0.7367901234567902,0.6968131868131868,13,True
6007,5613,5219,1004,40,5968,2,40,13,400,157,145,5968,2984,0.45989304812834225,0.4826666666666667,0.48133333333333334,0.4876748834110593,0.48684648684648685,0.4967537872482104,1,2495,2273,0.7700617283950617,0.6938339438339438,0.3925,0.3625,0.7229753086419753,0.6603785103785104,13,True
6007,288,576,1065,40,5968,2,40,13,400,153,153,5968,2984,0.5347593582887701,0.5066666666666667,0.512,0.5063291139240507,0.5024975024975025,0.4967537872482104,1,2444,2297,0.754320987654321,0.7011599511599511,0.3825,0.3825,0.7045555555555556,0.6968131868131868,13,True
6007,1848,3696,1088,40,5968,2,40,13,400,161,165,5968,2985,0.5294117647058824,0.5253333333333333,0.5066666666666667,0.502998001332445,0.5038295038295039,0.49692025969702014,3,2494,2261,0.769753086419753,0.6901709401709402,0.4025,0.4125,0.7413950617283952,0.7514652014652013,13,True
6007,2429,4858,1122,40,5968,2,40,13,400,177,147,5968,2984,0.49732620320855614,0.49866666666666665,0.512,0.5003331112591606,0.49983349983349984,0.4967537872482104,1,2485,2309,0.7669753086419753,0.7048229548229549,0.4425,0.3675,0.8150740740740742,0.6694871794871794,13,True
6007,2807,5876,1196,40,5968,2,40,13,400,181,144,5968,2985,0.5133689839572193,0.5306666666666666,0.5293333333333333,0.5176548967355097,0.5064935064935064,0.49692025969702014,3,2511,2290,0.775,0.699023199023199,0.4525,0.36,0.8334938271604938,0.6558241758241758,13,True
6007,48,32,1273,40,5968,2,40,13,400,156,157,5968,2984,0.5614973262032086,0.5093333333333333,0.49466666666666664,0.4810126582278481,0.49184149184149184,0.4967537872482104,1,2458,2344,0.758641975308642,0.7155067155067155,0.39,0.3925,0.7183703703703703,0.715030525030525,13,True
6007,1632,3264,1374,40,5968,2,40,13,400,191,161,5968,2984,0.5294117647058824,0.5226666666666666,0.5226666666666666,0.4996668887408394,0.4965034965034965,0.4967537872482104,1,2507,2508,0.7737654320987655,0.7655677655677655,0.4775,0.4025,0.8795432098765431,0.7332478632478634,13,True
6007,4203,2802,1384,40,5968,2,40,13,400,168,153,5968,2984,0.5240641711229946,0.52,0.49866666666666665,0.5023317788141239,0.4981684981684982,0.4967537872482104,1,2464,2344,0.7604938271604939,0.7155067155067155,0.42,0.3825,0.7736296296296297,0.6968131868131868,13,True
6007,617,1234,1469,40,5968,2,40,13,400,157,155,5968,2984,0.42780748663101603,0.42933333333333334,0.4693333333333333,0.47301798800799466,0.4938394938394938,0.4967537872482104,1,2454,2360,0.7574074074074074,0.7203907203907204,0.3925,0.3875,0.7229753086419753,0.7059218559218559,13,True
6007,792,1584,1473,40,5968,2,40,13,400,181,175,5968,2985,0.4385026737967914,0.48533333333333334,0.504,0.4990006662225183,0.4961704961704962,0.49692025969702014,3,2525,2400,0.779320987654321,0.7326007326007326,0.4525,0.4375,0.8334938271604938,0.7970085470085471,13,True
6007,4265,2523,1482,40,5968,2,40,13,400,188,153,5968,2985,0.47058823529411764,0.4746666666666667,0.49466666666666664,0.4816788807461692,0.4931734931734932,0.49692025969702014,3,2521,2449,0.7780864197530865,0.7475579975579976,0.47,0.3825,0.8657283950617284,0.6968131868131868,13,True
6007,3854,1701,1490,40,5968,2,40,13,400,150,153,5968,2984,0.48128342245989303,0.5066666666666667,0.5066666666666667,0.49700199866755496,0.4981684981684982,0.4967537872482104,1,2436,2308,0.7518518518518519,0.7045177045177046,0.375,0.3825,0.6907407407407408,0.6968131868131868,13,True
6007,60,120,1606,40,5968,2,40,13,400,163,147,5968,2985,0.48128342245989303,0.488,0.49333333333333335,0.4823451032644903,0.4908424908424908,0.49692025969702014,3,2510,2502,0.7746913580246914,0.7637362637362637,0.4075,0.3675,0.7506049382716049,0.6694871794871794,13,True
6007,758,1516,1615,40,5968,2,40,13,400,162,169,5968,2984,0.4919786096256685,0.4746666666666667,0.5,0.5016655562958028,0.5004995004995005,0.4967537872482104,1,2433,2409,0.7509259259259259,0.7353479853479854,0.405,0.4225,0.746,0.7696825396825396,13,True
6007,5538,3692,1636,40,5968,2,40,13,400,168,152,5968,2985,0.5026737967914439,0.49866666666666665,0.49733333333333335,0.502998001332445,0.5018315018315018,0.49692025969702014,3,2500,2427,0.7716049382716049,0.7408424908424909,0.42,0.38,0.7736296296296297,0.6922588522588523,13,True
6007,1994,3988,1803,40,5968,2,40,13,400,167,142,5968,2984,0.5026737967914439,0.49333333333333335,0.49466666666666664,0.4763491005996003,0.48784548784548787,0.4967537872482104,1,2527,2213,0.7799382716049382,0.6755189255189256,0.4175,0.355,0.7690246913580246,0.6467155067155067,13,True
6007,1403,2806,1855,40,5968,2,40,13,400,146,151,5968,2984,0.46524064171123,0.4693333333333333,0.48533333333333334,0.5036642238507661,0.4981684981684982,0.4967537872482104,1,2530,2336,0.7808641975308642,0.7130647130647131,0.365,0.3775,0.672320987654321,0.6877045177045177,13,True
6007,2769,5538,1866,40,5968,2,40,13,400,163,135,5968,2985,0.48128342245989303,0.48,0.5053333333333333,0.5056628914057295,0.5064935064935064,0.49692025969702014,3,2580,2330,0.7962962962962963,0.7112332112332113,0.4075,0.3375,0.7506049382716049,0.6148351648351649,13,True
6007,5692,5377,1890,40,5968,2,40,13,400,161,167,5968,2985,0.5187165775401069,0.4826666666666667,0.47733333333333333,0.4843437708194537,0.4911754911754912,0.49692025969702014,3,2458,2507,0.758641975308642,0.7652625152625152,0.4025,0.4175,0.7413950617283952,0.7605738705738705,13,True
6007,5518,5029,1907,40,5968,2,40,13,400,170,160,5968,2984,0.45989304812834225,0.45866666666666667,0.46266666666666667,0.49300466355762823,0.4961704961704962,0.4967537872482104,1,2456,2490,0.7580246913580246,0.76007326007326,0.425,0.4,0.7828395061728395,0.7286935286935288,13,True
6007,3877,1747,1913,40,5968,2,40,13,400,180,118,5968,2985,0.5187165775401069,0.5093333333333333,0.48133333333333334,0.4876748834110593,0.4851814851814852,0.49692025969702014,3,2578,1803,0.7956790123456791,0.5503663003663004,0.45,0.295,0.8288888888888889,0.5374114774114774,13,True
6007,5517,3678,1936,40,5968,2,40,13,400,160,155,5968,2985,0.46524064171123,0.4746666666666667,0.488,0.4870086608927382,0.4975024975024975,0.49692025969702014,3,2441,2333,0.7533950617283951,0.7121489621489622,0.4,0.3875,0.7367901234567902,0.7059218559218559,13,True
6007,2126,5422,1940,40,5968,2,40,13,400,162,159,5968,2984,0.5561497326203209,0.5386666666666666,0.5066666666666667,0.5089940039973351,0.5011655011655012,0.4967537872482104,1,2454,2433,0.7574074074074074,0.7426739926739927,0.405,0.3975,0.746,0.7241391941391943,13,True
6007,2694,5388,2042,40,5968,2,40,13,400,164,154,5968,2984,0.5133689839572193,0.488,0.5066666666666667,0.4950033311125916,0.4985014985014985,0.4967537872482104,1,2473,2277,0.7632716049382716,0.695054945054945,0.41,0.385,0.7552098765432098,0.7013675213675213,13,True
6007,4025,2043,2096,40,5968,2,40,13,400,191,154,5968,2984,0.46524064171123,0.4666666666666667,0.47333333333333333,0.49300466355762823,0.49517149517149517,0.4967537872482104,1,2576,2358,0.7950617283950617,0.7197802197802198,0.4775,0.385,0.8795432098765431,0.7013675213675213,13,True
6007,263,4180,2115,40,5968,2,40,13,400,161,154,5968,2985,0.44385026737967914,0.49866666666666665,0.49333333333333335,0.4823451032644903,0.4835164835164835,0.49692025969702014,3,2495,2231,0.7700617283950617,0.681013431013431,0.4025,0.385,0.7413950617283952,0.7013675213675213,13,True
6007,4982,1319,2121,40,5968,2,40,13,400,157,151,5968,2985,0.46524064171123,0.4693333333333333,0.484,0.4870086608927382,0.48484848484848486,0.49692025969702014,3,2512,2260,0.7753086419753087,0.6898656898656899,0.3925,0.3775,0.7229753086419753,0.6877045177045177,13,True
6007,212,424,2136,40,5968,2,40,13,400,174,162,5968,2985,0.4919786096256685,0.49866666666666665,0.5173333333333333,0.49033977348434377,0.4911754911754912,0.49692025969702014,3,2515,2357,0.7762345679012346,0.7194749694749695,0.435,0.405,0.8012592592592592,0.7378021978021978,13,True
6007,5402,4797,2266,40,5968,2,40,13,400,188,174,5968,2985,0.42245989304812837,0.45866666666666667,0.49733333333333335,0.49300466355762823,0.4901764901764902,0.49692025969702014,3,2487,2484,0.7675925925925926,0.7582417582417582,0.47,0.435,0.8657283950617284,0.7924542124542124,13,True
6007,3756,1505,2354,40,5968,2,40,13,400,170,140,5968,2984,0.49732620320855614,0.5013333333333333,0.49866666666666665,0.502998001332445,0.5061605061605061,0.4967537872482104,1,2502,2532,0.7722222222222223,0.7728937728937729,0.425,0.35,0.7828395061728395,0.6376068376068376,13,True
6007,716,4482,2456,40,5968,2,40,13,400,170,161,5968,2984,0.45989304812834225,0.47733333333333333,0.48133333333333334,0.4990006662225183,0.49716949716949715,0.4967537872482104,1,2474,2402,0.7635802469135803,0.7332112332112332,0.425,0.4025,0.7828395061728395,0.7332478632478634,13,True
6007,3592,1177,2472,40,5968,2,40,13,400,169,159,5968,2984,0.5882352941176471,0.5333333333333333,0.5,0.49033977348434377,0.4935064935064935,0.4967537872482104,1,2454,2223,0.7574074074074074,0.6785714285714286,0.4225,0.3975,0.7782345679012346,0.7241391941391943,13,True
6007,1170,2340,2502,40,5968,2,40,13,400,193,154,5968,2985,0.45989304812834225,0.48533333333333334,0.5093333333333333,0.4983344437041972,0.4975024975024975,0.49692025969702014,3,2520,2482,0.7777777777777778,0.7576312576312576,0.4825,0.385,0.888753086419753,0.7013675213675213,13,True
6007,2467,3647,2509,40,5968,2,40,13,400,184,170,5968,2985,0.4385026737967914,0.5066666666666667,0.49466666666666664,0.5003331112591606,0.5028305028305028,0.49692025969702014,3,2454,2406,0.7574074074074074,0.7344322344322345,0.46,0.425,0.8473086419753088,0.7742368742368743,13,True
6007,1192,2797,2538,40,5968,2,40,13,400,159,168,5968,2984,0.5294117647058824,0.5226666666666666,0.504,0.4870086608927382,0.4981684981684982,0.4967537872482104,1,2508,2416,0.774074074074074,0.7374847374847375,0.3975,0.42,0.7321851851851853,0.7651282051282051,13,True
6007,1989,3978,2563,40,5968,2,40,13,400,174,174,5968,2985,0.5240641711229946,0.5066666666666667,0.5,0.5056628914057295,0.4931734931734932,0.49692025969702014,3,2483,2536,0.766358024691358,0.7741147741147741,0.435,0.435,0.8012592592592592,0.7924542124542124,13,True
6007,1541,5032,2565,40,5968,2,40,13,400,156,183,5968,2984,0.44385026737967914,0.448,0.45066666666666666,0.4770153231179214,0.4825174825174825,0.4967537872482104,1,2448,2384,0.7555555555555555,0.7277167277167277,0.39,0.4575,0.7183703703703703,0.8334432234432235,13,True
6007,2087,5396,2651,40,5968,2,40,13,400,178,155,5968,2984,0.5026737967914439,0.504,0.4826666666666667,0.4830113257828115,0.49716949716949715,0.4967537872482104,1,2534,2446,0.7820987654320988,0.7466422466422467,0.445,0.3875,0.8196790123456791,0.7059218559218559,13,True
6007,4325,2643,2689,40,5968,2,40,13,400,164,157,5968,2985,0.5133689839572193,0.496,0.49733333333333335,0.49033977348434377,0.49983349983349984,0.49692025969702014,3,2540,2523,0.7839506172839507,0.7701465201465202,0.41,0.3925,0.7552098765432098,0.715030525030525,13,True
6007,1742,5166,2713,40,5968,2,40,13,400,155,162,5968,2984,0.45989304812834225,0.49866666666666665,0.47733333333333333,0.4710193204530313,0.4801864801864802,0.4967537872482104,1,2509,2392,0.7743827160493827,0.7301587301587301,0.3875,0.405,0.7137654320987654,0.7378021978021978,13,True
6007,4599,3066,2792,40,5968,2,40,13,400,165,176,5968,2984,0.45454545454545453,0.472,0.484,0.480346435709527,0.5011655011655012,0.4967537872482104,1,2562,2448,0.7907407407407407,0.7472527472527473,0.4125,0.44,0.7598148148148147,0.8015628815628816,13,True
6007,2610,1740,2795,40,5968,2,40,13,400,158,179,5968,2985,0.5454545454545454,0.5466666666666666,0.532,0.5169886742171885,0.5091575091575091,0.49692025969702014,3,2464,2178,0.7604938271604939,0.6648351648351648,0.395,0.4475,0.7275802469135803,0.8152258852258851,13,True
6007,742,2497,2866,40,5968,2,40,13,400,163,131,5968,2985,0.49732620320855614,0.48533333333333334,0.49333333333333335,0.4950033311125916,0.5021645021645021,0.49692025969702014,3,2505,2208,0.7731481481481481,0.673992673992674,0.4075,0.3275,0.7506049382716049,0.5966178266178266,13,True
6007,280,560,2887,40,5968,2,40,13,400,166,166,5968,2984,0.49732620320855614,0.52,0.5306666666666666,0.5149900066622252,0.5011655011655012,0.4967537872482104,1,2470,2393,0.7623456790123457,0.7304639804639804,0.415,0.415,0.7644197530864197,0.756019536019536,13,True
6007,3031,55,2911,40,5968,2,40,13,400,170,168,5968,2984,0.5240641711229946,0.5066666666666667,0.5,0.4943371085942705,0.4935064935064935,0.4967537872482104,1,2516,2342,0.7765432098765432,0.7148962148962149,0.425,0.42,0.7828395061728395,0.7651282051282051,13,True
6007,807,538,2923,40,5968,2,40,13,400,161,177,5968,2985,0.45454545454545453,0.45066666666666666,0.49866666666666665,0.4936708860759494,0.49983349983349984,0.49692025969702014,3,2451,2349,0.7564814814814815,0.717032967032967,0.4025,0.4425,0.7413950617283952,0.8061172161172162,13,True
6007,982,1964,3057,40,5968,2,40,13,400,187,190,5968,2985,0.48128342245989303,0.504,0.49066666666666664,0.4756828780812791,0.4955044955044955,0.49692025969702014,3,2521,2417,0.7780864197530865,0.7377899877899878,0.4675,0.475,0.8611234567901235,0.8653235653235652,13,True
6007,4146,2764,3121,40,5968,2,40,13,400,181,135,5968,2984,0.5133689839572193,0.5493333333333333,0.536,0.5063291139240507,0.4945054945054945,0.4967537872482104,1,2442,2262,0.7537037037037037,0.6904761904761905,0.4525,0.3375,0.8334938271604938,0.6148351648351649,13,True
6007,4940,1291,3133,40,5968,2,40,13,400,164,161,5968,2984,0.5508021390374331,0.536,0.512,0.519653564290473,0.5058275058275058,0.4967537872482104,1,2484,2308,0.7666666666666667,0.7045177045177046,0.41,0.4025,0.7552098765432098,0.7332478632478634,13,True
6007,1060,2120,3144,40,5968,2,40,13,400,174,152,5968,2985,0.5133689839572193,0.5066666666666667,0.504,0.5023317788141239,0.4988344988344988,0.49692025969702014,3,2537,2191,0.7830246913580247,0.6688034188034188,0.435,0.38,0.8012592592592592,0.6922588522588523,13,True
6007,5450,1631,3212,40,5968,2,40,13,400,169,150,5968,2985,0.5187165775401069,0.49866666666666665,0.4826666666666667,0.480346435709527,0.4935064935064935,0.49692025969702014,3,2462,2433,0.7598765432098765,0.7426739926739927,0.4225,0.375,0.7782345679012346,0.6831501831501832,13,True
6007,5230,4453,3328,40,5968,2,40,13,400,179,159,5968,2985,0.49732620320855614,0.52,0.5093333333333333,0.508327781479014,0.5061605061605061,0.49692025969702014,3,2471,2380,0.7626543209876543,0.7264957264957265,0.4475,0.3975,0.8242839506172839,0.7241391941391943,13,True
6007,4461,2915,3388,40,5968,2,40,13,400,168,177,5968,2985,0.43315508021390375,0.45866666666666667,0.4693333333333333,0.4943371085942705,0.4961704961704962,0.49692025969702014,3,2536,2473,0.782716049382716,0.7548840048840049,0.42,0.4425,0.7736296296296297,0.8061172161172162,13,True
6007,5580,3720,3667,40,5968,2,40,13,400,180,171,5968,2984,0.44385026737967914,0.456,0.4706666666666667,0.49033977348434377,0.48384948384948384,0.4967537872482104,1,2508,2438,0.774074074074074,0.7442002442002442,0.45,0.4275,0.8288888888888889,0.7787912087912089,13,True
6007,4359,2711,3706,40,5968,2,40,13,400,163,140,5968,2984,0.48663101604278075,0.504,0.47733333333333333,0.5016655562958028,0.4965034965034965,0.4967537872482104,1,2403,2046,0.7416666666666667,0.6245421245421245,0.4075,0.35,0.7506049382716049,0.6376068376068376,13,True
6007,2591,5732,3787,40,5968,2,40,13,400,179,134,5968,2984,0.5133689839572193,0.49866666666666665,0.5026666666666667,0.508327781479014,0.4988344988344988,0.4967537872482104,1,2575,2206,0.7947530864197531,0.6733821733821734,0.4475,0.335,0.8242839506172839,0.6102808302808304,13,True
6007,5851,5903,3882,40,5968,2,40,13,400,178,138,5968,2984,0.47593582887700536,0.4666666666666667,0.496,0.4890073284477015,0.48717948717948717,0.4967537872482104,1,2492,2299,0.7691358024691358,0.7017704517704517,0.445,0.345,0.8196790123456791,0.6284981684981685,13,True
6007,2573,5720,3890,40,5968,2,40,13,400,173,162,5968,2984,0.48663101604278075,0.5093333333333333,0.48533333333333334,0.4883411059293804,0.48451548451548454,0.4967537872482104,1,2570,2409,0.7932098765432098,0.7353479853479854,0.4325,0.405,0.7966543209876543,0.7378021978021978,13,True
6007,4653,3299,3936,40,5968,2,40,13,400,194,150,5968,2985,0.5080213903743316,0.5013333333333333,0.48933333333333334,0.4990006662225183,0.49983349983349984,0.49692025969702014,3,2405,2351,0.7422839506172839,0.7176434676434676,0.485,0.375,0.893358024691358,0.6831501831501832,13,True
6007,4439,2871,3988,40,5968,2,40,13,400,154,153,5968,2984,0.47593582887700536,0.4826666666666667,0.488,0.4996668887408394,0.49217449217449216,0.4967537872482104,1,2472,2118,0.762962962962963,0.6465201465201466,0.385,0.3825,0.7091604938271604,0.6968131868131868,13,True
6007,3144,2096,4057,40,5968,2,40,13,400,161,159,5968,2985,0.5401069518716578,0.5333333333333333,0.5173333333333333,0.49700199866755496,0.5008325008325009,0.49692025969702014,3,2542,2281,0.7845679012345679,0.6962759462759462,0.4025,0.3975,0.7413950617283952,0.7241391941391943,13,True
6007,1432,2864,4084,40,5968,2,40,13,400,171,189,5968,2985,0.40106951871657753,0.456,0.4693333333333333,0.49766822118587606,0.4935064935064935,0.49692025969702014,3,2498,2467,0.7709876543209877,0.753052503052503,0.4275,0.4725,0.7874444444444445,0.8607692307692306,13,True
6007,5015,4023,4092,40,5968,2,40,13,400,183,160,5968,2984,0.5561497326203209,0.49333333333333335,0.4666666666666667,0.47834776815456365,0.4901764901764902,0.4967537872482104,1,2503,2400,0.7725308641975308,0.7326007326007326,0.4575,0.4,0.8427037037037037,0.7286935286935288,13,True
6007,3729,2486,4141,40,5968,2,40,13,400,145,161,5968,2984,0.47058823529411764,0.47733333333333333,0.49733333333333335,0.49633577614923385,0.49783549783549785,0.4967537872482104,1,2402,2427,0.741358024691358,0.7408424908424909,0.3625,0.4025,0.6677160493827161,0.7332478632478634,13,True
6007,4789,3571,4173,40,5968,2,40,13,400,164,148,5968,2985,0.5133689839572193,0.5066666666666667,0.5026666666666667,0.5123251165889408,0.49716949716949715,0.49692025969702014,3,2493,2320,0.7694444444444445,0.7081807081807082,0.41,0.37,0.7552098765432098,0.674041514041514,13,True
6007,2754,5508,4219,40,5968,2,40,13,400,153,172,5968,2984,0.44385026737967914,0.472,0.516,0.5063291139240507,0.4945054945054945,0.4967537872482104,1,2466,2368,0.7611111111111111,0.7228327228327228,0.3825,0.43,0.7045555555555556,0.7833455433455433,13,True
6007,2301,4602,4247,40,5968,2,40,13,400,168,148,5968,2984,0.48128342245989303,0.472,0.488,0.5149900066622252,0.49783549783549785,0.4967537872482104,1,2504,2344,0.7728395061728395,0.7155067155067155,0.42,0.37,0.7736296296296297,0.674041514041514,13,True
6007,173,4120,4429,40,5968,2,40,13,400,177,163,5968,2985,0.5454545454545454,0.5253333333333333,0.5146666666666667,0.502998001332445,0.5004995004995005,0.49692025969702014,3,2518,2319,0.7771604938271605,0.7078754578754579,0.4425,0.4075,0.8150740740740742,0.7423565323565323,13,True
6007,5925,5843,4433,40,5968,2,40,13,400,178,161,5968,2985,0.5026737967914439,0.52,0.5253333333333333,0.5169886742171885,0.5054945054945055,0.49692025969702014,3,2423,2447,0.7478395061728395,0.746947496947497,0.445,0.4025,0.8196790123456791,0.7332478632478634,13,True
6007,2001,4002,4513,40,5968,2,40,13,400,166,149,5968,2985,0.5080213903743316,0.52,0.49466666666666664,0.49700199866755496,0.5038295038295039,0.49692025969702014,3,2486,2376,0.7672839506172839,0.7252747252747253,0.415,0.3725,0.7644197530864197,0.6785958485958485,13,True
6007,5472,3648,4538,40,5968,2,40,13,400,177,156,5968,2984,0.46524064171123,0.4826666666666667,0.5106666666666667,0.5036642238507661,0.4931734931734932,0.4967537872482104,1,2444,2382,0.754320987654321,0.7271062271062271,0.4425,0.39,0.8150740740740742,0.7104761904761905,13,True
6007,2799,1866,4556,40,5968,2,40,13,400,201,157,5968,2985,0.5561497326203209,0.5386666666666666,0.5173333333333333,0.5056628914057295,0.4905094905094905,0.49692025969702014,3,2489,2321,0.7682098765432098,0.7084859584859585,0.5025,0.3925,0.9255925925925925,0.715030525030525,13,True
6007,2222,4444,4656,40,5968,2,40,13,400,175,162,5968,2985,0.4385026737967914,0.4533333333333333,0.4746666666666667,0.5003331112591606,0.49284049284049286,0.49692025969702014,3,2480,2346,0.7654320987654321,0.7161172161172161,0.4375,0.405,0.8058641975308642,0.7378021978021978,13,True
6007,4408,4941,4667,40,5968,2,40,13,400,177,136,5968,2985,0.41711229946524064,0.472,0.49333333333333335,0.49700199866755496,0.5008325008325009,0.49692025969702014,3,2534,2084,0.7820987654320988,0.6361416361416361,0.4425,0.34,0.8150740740740742,0.6193894993894994,13,True
6007,3620,1233,4680,40,5968,2,40,13,400,141,165,5968,2985,0.48663101604278075,0.496,0.48133333333333334,0.4883411059293804,0.48784548784548787,0.49692025969702014,3,2471,2404,0.7626543209876543,0.7338217338217338,0.3525,0.4125,0.6492962962962963,0.7514652014652013,13,True
6007,2240,5498,4685,40,5968,2,40,13,400,186,158,5968,2985,0.47058823529411764,0.504,0.508,0.49566955363091275,0.4915084915084915,0.49692025969702014,3,2459,2279,0.7589506172839506,0.6956654456654456,0.465,0.395,0.8565185185185187,0.7195848595848596,13,True
6007,3791,1575,4724,40,5968,2,40,13,400,186,160,5968,2984,0.5080213903743316,0.5093333333333333,0.49333333333333335,0.4996668887408394,0.4955044955044955,0.4967537872482104,1,2586,2445,0.7981481481481482,0.7463369963369964,0.465,0.4,0.8565185185185187,0.7286935286935288,13,True
6007,4911,3815,4733,40,5968,2,40,13,400,171,144,5968,2984,0.5080213903743316,0.49066666666666664,0.48133333333333334,0.4770153231179214,0.49417249417249415,0.4967537872482104,1,2436,2367,0.7518518518518519,0.7225274725274725,0.4275,0.36,0.7874444444444445,0.6558241758241758,13,True
6007,3725,481,4743,40,5968,2,40,13,400,167,159,5968,2984,0.5187165775401069,0.5306666666666666,0.5026666666666667,0.49300466355762823,0.4935064935064935,0.4967537872482104,1,2486,2212,0.7672839506172839,0.6752136752136753,0.4175,0.3975,0.7690246913580246,0.7241391941391943,13,True
6007,5282,1519,4747,40,5968,2,40,13,400,165,177,5968,2985,0.4919786096256685,0.504,0.476,0.5023317788141239,0.4975024975024975,0.49692025969702014,3,2481,2430,0.7657407407407407,0.7417582417582418,0.4125,0.4425,0.7598148148148147,0.8061172161172162,13,True
6007,5094,3396,4757,40,5968,2,40,13,400,165,156,5968,2985,0.5240641711229946,0.49333333333333335,0.4866666666666667,0.49633577614923385,0.5031635031635031,0.49692025969702014,3,2495,2380,0.7700617283950617,0.7264957264957265,0.4125,0.39,0.7598148148148147,0.7104761904761905,13,True
6007,274,2185,4767,40,5968,2,40,13,400,147,150,5968,2984,0.4117647058823529,0.448,0.4706666666666667,0.49033977348434377,0.5001665001665002,0.4967537872482104,1,2438,2172,0.7524691358024691,0.663003663003663,0.3675,0.375,0.6769259259259258,0.6831501831501832,13,True
6007,3814,1621,4778,40,5968,2,40,13,400,155,179,5968,2984,0.49732620320855614,0.5173333333333333,0.49733333333333335,0.4936708860759494,0.5004995004995005,0.4967537872482104,1,2482,2270,0.7660493827160494,0.6929181929181929,0.3875,0.4475,0.7137654320987654,0.8152258852258851,13,True
6007,5423,1613,4880,40,5968,2,40,13,400,162,166,5968,2985,0.5508021390374331,0.56,0.5266666666666666,0.5023317788141239,0.4988344988344988,0.49692025969702014,3,2454,2383,0.7574074074074074,0.7274114774114774,0.405,0.415,0.746,0.756019536019536,13,True
6007,2163,4326,4883,40,5968,2,40,13,400,172,159,5968,2985,0.5294117647058824,0.49333333333333335,0.5053333333333333,0.5036642238507661,0.5038295038295039,0.49692025969702014,3,2500,2240,0.7716049382716049,0.6837606837606838,0.43,0.3975,0.7920493827160493,0.7241391941391943,13,True
6007,2291,4582,4885,40,5968,2,40,13,400,176,141,5968,2985,0.5080213903743316,0.5066666666666667,0.49466666666666664,0.4843437708194537,0.4935064935064935,0.49692025969702014,3,2482,2447,0.7660493827160494,0.746947496947497,0.44,0.3525,0.8104691358024692,0.6421611721611721,13,True
6007,206,4142,4951,40,5968,2,40,13,400,180,175,5968,2985,0.44919786096256686,0.5066666666666667,0.5093333333333333,0.4950033311125916,0.49217449217449216,0.49692025969702014,3,2546,2480,0.7858024691358024,0.757020757020757,0.45,0.4375,0.8288888888888889,0.7970085470085471,13,True
6007,3380,753,4962,40,5968,2,40,13,400,160,150,5968,2985,0.5508021390374331,0.528,0.5213333333333333,0.5216522318454364,0.5094905094905094,0.49692025969702014,3,2505,2403,0.7731481481481481,0.7335164835164835,0.4,0.375,0.7367901234567902,0.6831501831501832,13,True
6007,4403,933,4988,40,5968,2,40,13,400,156,138,5968,2984,0.40641711229946526,0.42933333333333334,0.48533333333333334,0.49300466355762823,0.5011655011655012,0.4967537872482104,1,2520,2290,0.7777777777777778,0.699023199023199,0.39,0.345,0.7183703703703703,0.6284981684981685,13,True
6007,2197,3467,5308,40,5968,2,40,13,400,192,139,5968,2985,0.5026737967914439,0.5226666666666666,0.5066666666666667,0.5023317788141239,0.4931734931734932,0.49692025969702014,3,2519,2212,0.7774691358024691,0.6752136752136753,0.48,0.3475,0.8841481481481481,0.6330525030525029,13,True
6007,3825,1643,5365,40,5968,2,40,13,400,164,150,5968,2984,0.5614973262032086,0.5733333333333334,0.544,0.5269820119920053,0.5058275058275058,0.4967537872482104,1,2443,2512,0.7540123456790123,0.7667887667887668,0.41,0.375,0.7552098765432098,0.6831501831501832,13,True
6007,930,620,5373,40,5968,2,40,13,400,167,133,5968,2984,0.5187165775401069,0.47733333333333333,0.49733333333333335,0.502998001332445,0.49983349983349984,0.4967537872482104,1,2443,2356,0.7540123456790123,0.7191697191697192,0.4175,0.3325,0.7690246913580246,0.6057264957264957,13,True
6007,2841,1894,5376,40,5968,2,40,13,400,187,145,5968,2984,0.48128342245989303,0.5226666666666666,0.5133333333333333,0.502998001332445,0.4925074925074925,0.4967537872482104,1,2548,2439,0.7864197530864198,0.7445054945054945,0.4675,0.3625,0.8611234567901235,0.6603785103785104,13,True
6007,4698,3132,5430,40,5968,2,40,13,400,177,172,5968,2985,0.5080213903743316,0.5066666666666667,0.52,0.5049966688874084,0.4965034965034965,0.49692025969702014,3,2552,2414,0.7876543209876543,0.7368742368742369,0.4425,0.43,0.8150740740740742,0.7833455433455433,13,True
6007,4249,2491,5482,40,5968,2,40,13,400,149,159,5968,2985,0.5347593582887701,0.4693333333333333,0.47733333333333333,0.5063291139240507,0.5011655011655012,0.49692025969702014,3,2534,2214,0.7820987654320988,0.6758241758241759,0.3725,0.3975,0.6861358024691357,0.7241391941391943,13,True
6007,4918,5281,5483,40,5968,2,40,13,400,174,172,5968,2984,0.48128342245989303,0.5226666666666666,0.49066666666666664,0.5016655562958028,0.49783549783549785,0.4967537872482104,1,2417,2442,0.7459876543209877,0.7454212454212454,0.435,0.43,0.8012592592592592,0.7833455433455433,13,True
6007,444,296,5627,40,5968,2,40,13,400,168,153,5968,2985,0.4919786096256685,0.45066666666666666,0.4706666666666667,0.48634243837441704,0.4988344988344988,0.49692025969702014,3,2490,2364,0.7685185185185185,0.7216117216117216,0.42,0.3825,0.7736296296296297,0.6968131868131868,13,True
6007,3708,1409,5725,40,5968,2,40,13,400,167,163,5968,2984,0.5187165775401069,0.4826666666666667,0.5026666666666667,0.508327781479014,0.4925074925074925,0.4967537872482104,1,2482,2337,0.7660493827160494,0.7133699633699634,0.4175,0.4075,0.7690246913580246,0.7423565323565323,13,True
6007,421,2283,5796,40,5968,2,40,13,400,167,173,5968,2985,0.45989304812834225,0.5013333333333333,0.4866666666666667,0.4816788807461692,0.4935064935064935,0.49692025969702014,3,2475,2408,0.7638888888888888,0.7350427350427351,0.4175,0.4325,0.7690246913580246,0.7878998778998778,13,True
6007,3224,441,5799,40,5968,2,40,13,400,168,168,5968,2984,0.47058823529411764,0.488,0.49866666666666665,0.4983344437041972,0.49683649683649683,0.4967537872482104,1,2490,2346,0.7685185185185185,0.7161172161172161,0.42,0.42,0.7736296296296297,0.7651282051282051,13,True
6007,5100,3400,5827,40,5968,2,40,13,400,185,182,5968,2985,0.5614973262032086,0.5626666666666666,0.5253333333333333,0.502998001332445,0.5018315018315018,0.49692025969702014,3,2535,2346,0.7824074074074074,0.7161172161172161,0.4625,0.455,0.8519135802469137,0.8288888888888889,13,True
6007,4139,757,5831,40,5968,2,40,13,400,165,166,5968,2984,0.47593582887700536,0.472,0.492,0.4983344437041972,0.5024975024975025,0.4967537872482104,1,2490,2296,0.7685185185185185,0.7008547008547008,0.4125,0.415,0.7598148148148147,0.756019536019536,13,True
6007,4650,3293,5837,40,5968,2,40,13,400,159,144,5968,2985,0.49732620320855614,0.496,0.48133333333333334,0.4890073284477015,0.4925074925074925,0.49692025969702014,3,2464,2304,0.7604938271604939,0.7032967032967034,0.3975,0.36,0.7321851851851853,0.6558241758241758,13,True
6007,407,4276,5847,40,5968,2,40,13,400,160,192,5968,2985,0.5080213903743316,0.49333333333333335,0.47733333333333333,0.4876748834110593,0.4975024975024975,0.49692025969702014,3,2454,2441,0.7574074074074074,0.7451159951159951,0.4,0.48,0.7367901234567902,0.8744322344322344,13,True
6007,1045,2699,5850,40,5968,2,40,13,400,152,121,5968,2985,0.48663101604278075,0.48533333333333334,0.48533333333333334,0.4936708860759494,0.4988344988344988,0.49692025969702014,3,2516,2312,0.7765432098765432,0.7057387057387058,0.38,0.3025,0.6999506172839507,0.5510744810744811,13,True
6007,5911,5943,5853,40,5968,2,40,13,400,156,144,5968,2984,0.5294117647058824,0.5253333333333333,0.5186666666666667,0.4996668887408394,0.49683649683649683,0.4967537872482104,1,2586,2290,0.7981481481481482,0.699023199023199,0.39,0.36,0.7183703703703703,0.6558241758241758,13,True
6007,1683,3366,5874,40,5968,2,40,13,400,188,176,5968,2985,0.48663101604278075,0.448,0.49333333333333335,0.49300466355762823,0.4981684981684982,0.49692025969702014,3,2573,2277,0.7941358024691358,0.695054945054945,0.47,0.44,0.8657283950617284,0.8015628815628816,13,True
6007,1806,1204,5939,40,5968,2,40,13,400,160,150,5968,2985,0.5133689839572193,0.5146666666666667,0.49733333333333335,0.5123251165889408,0.5018315018315018,0.49692025969702014,3,2430,2245,0.75,0.6852869352869353,0.4,0.375,0.7367901234567902,0.6831501831501832,13,True
6007,5137,5427,5995,40,5968,2,40,13,400,169,148,5968,2984,0.5935828877005348,0.5493333333333333,0.5253333333333333,0.5043304463690873,0.49417249417249415,0.4967537872482104,1,2488,2324,0.7679012345679013,0.7094017094017094,0.4225,0.37,0.7782345679012346,0.674041514041514,13,True
6007,4873,3739,12,-40,6048,2,40,13,400,173,175,6048,3024,0.47593582887700536,0.4613333333333333,0.4746666666666667,0.4756828780812791,0.49284049284049286,0.5034126852005993,1,2580,2308,0.7962962962962963,0.7045177045177046,0.4325,0.4375,0.8073333333333332,0.8076923076923077,13,True
6007,2851,3903,55,-40,6048,2,40,13,400,158,148,6048,3024,0.5026737967914439,0.496,0.48533333333333334,0.4950033311125916,0.49683649683649683,0.5034126852005993,1,2470,2366,0.7623456790123457,0.7222222222222222,0.395,0.37,0.7373333333333334,0.683076923076923,13,True
6007,3105,203,56,-40,6048,2,40,13,400,164,185,6048,3025,0.5240641711229946,0.5013333333333333,0.5053333333333333,0.49233844103930713,0.49783549783549785,0.503579157649409,3,2510,2181,0.7746913580246914,0.6657509157509157,0.41,0.4625,0.7653333333333333,0.8538461538461539,13,True
6007,872,1744,166,-40,6048,2,40,13,400,176,154,6048,3024,0.5133689839572193,0.4746666666666667,0.48533333333333334,0.5016655562958028,0.5064935064935064,0.5034126852005993,1,2608,2415,0.8049382716049382,0.7371794871794872,0.44,0.385,0.8213333333333332,0.7107692307692308,13,True
6007,5103,3402,167,-40,6048,2,40,13,400,167,155,6048,3025,0.5828877005347594,0.5253333333333333,0.528,0.5023317788141239,0.5084915084915085,0.503579157649409,3,2483,2302,0.766358024691358,0.7026862026862026,0.4175,0.3875,0.7793333333333333,0.7153846153846154,13,True
6007,4536,3065,296,-40,6048,2,40,13,400,160,136,6048,3025,0.4919786096256685,0.4666666666666667,0.4693333333333333,0.4983344437041972,0.4855144855144855,0.503579157649409,3,2535,2446,0.7824074074074074,0.7466422466422467,0.4,0.34,0.7466666666666667,0.6276923076923078,13,True
6007,700,1400,317,-40,6048,2,40,13,400,142,143,6048,3024,0.42245989304812837,0.4746666666666667,0.5,0.49033977348434377,0.5071595071595072,0.5034126852005993,1,2542,2356,0.7845679012345679,0.7191697191697192,0.355,0.3575,0.6626666666666666,0.6599999999999999,13,True
6007,2409,1606,381,-40,6048,2,40,13,400,163,169,6048,3024,0.48128342245989303,0.5093333333333333,0.5146666666666667,0.5243171219187208,0.5098235098235098,0.5034126852005993,1,2530,2451,0.7808641975308642,0.7481684981684982,0.4075,0.4225,0.7606666666666666,0.7799999999999999,13,True
6007,4968,3312,411,-40,6048,2,40,13,400,172,164,6048,3025,0.5133689839572193,0.5066666666666667,0.49866666666666665,0.4996668887408394,0.5108225108225108,0.503579157649409,3,2525,2335,0.779320987654321,0.7127594627594628,0.43,0.41,0.8026666666666666,0.7569230769230769,13,True
6007,505,1010,466,-40,6048,2,40,13,400,183,132,6048,3025,0.5614973262032086,0.5466666666666666,0.512,0.4996668887408394,0.5051615051615052,0.503579157649409,3,2581,2331,0.796604938271605,0.7115384615384616,0.4575,0.33,0.854,0.6092307692307692,13,True
6007,791,1582,496,-40,6048,2,40,13,400,158,185,6048,3024,0.5133689839572193,0.48533333333333334,0.5066666666666667,0.49766822118587606,0.5101565101565102,0.5034126852005993,1,2500,2344,0.7716049382716049,0.7155067155067155,0.395,0.4625,0.7373333333333334,0.8538461538461539,13,True
6007,2134,3425,500,-40,6048,2,40,13,400,172,145,6048,3024,0.45989304812834225,0.49333333333333335,0.49466666666666664,0.48567621585609594,0.5094905094905094,0.5034126852005993,1,2557,2250,0.7891975308641975,0.6868131868131868,0.43,0.3625,0.8026666666666666,0.6692307692307693,13,True
6007,3479,317,512,-40,6048,2,40,13,400,174,161,6048,3024,0.47058823529411764,0.4746666666666667,0.488,0.5056628914057295,0.5011655011655012,0.5034126852005993,1,2524,2458,0.7790123456790123,0.7503052503052503,0.435,0.4025,0.812,0.7430769230769231,13,True
6007,5679,3786,598,-40,6048,2,40,13,400,158,159,6048,3025,0.5187165775401069,0.488,0.476,0.491672218520986,0.5004995004995005,0.503579157649409,3,2530,2440,0.7808641975308642,0.7448107448107448,0.395,0.3975,0.7373333333333334,0.7338461538461538,13,True
6007,1471,2983,616,-40,6048,2,40,13,400,172,146,6048,3025,0.5240641711229946,0.49066666666666664,0.5053333333333333,0.49566955363091275,0.5074925074925075,0.503579157649409,3,2528,2451,0.7802469135802469,0.7481684981684982,0.43,0.365,0.8026666666666666,0.6738461538461539,13,True
6007,4725,3443,626,-40,6048,2,40,13,400,172,157,6048,3024,0.5240641711229946,0.5013333333333333,0.5026666666666667,0.5049966688874084,0.5071595071595072,0.5034126852005993,1,2446,2454,0.7549382716049383,0.7490842490842491,0.43,0.3925,0.8026666666666666,0.7246153846153847,13,True
6007,852,568,647,-40,6048,2,40,13,400,176,166,6048,3025,0.48128342245989303,0.4533333333333333,0.5013333333333333,0.5036642238507661,0.49783549783549785,0.503579157649409,3,2546,2441,0.7858024691358024,0.7451159951159951,0.44,0.415,0.8213333333333332,0.7661538461538462,13,True
6007,1750,3500,691,-40,6048,2,40,13,400,179,171,6048,3024,0.48128342245989303,0.4693333333333333,0.48,0.513657561625583,0.5028305028305028,0.5034126852005993,1,2538,2517,0.7833333333333333,0.7683150183150184,0.4475,0.4275,0.8353333333333334,0.7892307692307692,13,True
6007,3868,4581,853,-40,6048,2,40,13,400,150,147,6048,3024,0.5454545454545454,0.5093333333333333,0.5066666666666667,0.5163224516988674,0.5078255078255078,0.5034126852005993,1,2504,2390,0.7728395061728395,0.7295482295482295,0.375,0.3675,0.7,0.6784615384615384,13,True
6007,625,2419,878,-40,6048,2,40,13,400,162,155,6048,3025,0.46524064171123,0.504,0.48933333333333334,0.5063291139240507,0.5114885114885115,0.503579157649409,3,2498,2360,0.7709876543209877,0.7203907203907204,0.405,0.3875,0.756,0.7153846153846154,13,True
6007,3001,6002,927,-40,6048,2,40,13,400,155,159,6048,3024,0.5508021390374331,0.5653333333333334,0.5186666666666667,0.5076615589606929,0.5088245088245088,0.5034126852005993,1,2524,2262,0.7790123456790123,0.6904761904761905,0.3875,0.3975,0.7233333333333333,0.7338461538461538,13,True
6007,5522,5037,938,-40,6048,2,40,13,400,161,156,6048,3025,0.48128342245989303,0.5333333333333333,0.528,0.5089940039973351,0.5038295038295039,0.503579157649409,3,2463,2184,0.7601851851851852,0.6666666666666666,0.4025,0.39,0.7513333333333334,0.7200000000000001,13,True
6007,3512,339,978,-40,6048,2,40,13,400,154,167,6048,3024,0.5133689839572193,0.5333333333333333,0.5106666666666667,0.5009993337774816,0.5101565101565102,0.5034126852005993,1,2416,2411,0.745679012345679,0.735958485958486,0.385,0.4175,0.7186666666666667,0.7707692307692308,13,True
6007,2626,3753,1004,-40,6048,2,40,13,400,170,166,6048,3024,0.5187165775401069,0.52,0.496,0.491672218520986,0.5044955044955045,0.5034126852005993,1,2443,2308,0.7540123456790123,0.7045177045177046,0.425,0.415,0.7933333333333333,0.7661538461538462,13,True
6007,32,4026,1065,-40,6048,2,40,13,400,172,168,6048,3024,0.4919786096256685,0.5013333333333333,0.508,0.5003331112591606,0.5008325008325009,0.5034126852005993,1,2566,2476,0.7919753086419753,0.7557997557997558,0.43,0.42,0.8026666666666666,0.7753846153846153,13,True
6007,4210,4809,1088,-40,6048,2,40,13,400,169,141,6048,3025,0.44385026737967914,0.4826666666666667,0.496,0.49633577614923385,0.4985014985014985,0.503579157649409,3,2493,2237,0.7694444444444445,0.6828449328449329,0.4225,0.3525,0.7886666666666666,0.6507692307692308,13,True
6007,4942,5297,1122,-40,6048,2,40,13,400,164,143,6048,3024,0.47593582887700536,0.48533333333333334,0.5213333333333333,0.5156562291805463,0.5031635031635031,0.5034126852005993,1,2510,2308,0.7746913580246914,0.7045177045177046,0.41,0.3575,0.7653333333333333,0.6599999999999999,13,True
6007,1235,2470,1196,-40,6048,2,40,13,400,158,170,6048,3025,0.5240641711229946,0.488,0.516,0.5063291139240507,0.5004995004995005,0.503579157649409,3,2547,2350,0.7861111111111111,0.7173382173382173,0.395,0.425,0.7373333333333334,0.7846153846153846,13,True
6007,432,864,1273,-40,6048,2,40,13,400,162,170,6048,3024,0.48663101604278075,0.47733333333333333,0.47333333333333333,0.5009993337774816,0.5118215118215118,0.5034126852005993,1,2464,2292,0.7604938271604939,0.6996336996336996,0.405,0.425,0.756,0.7846153846153846,13,True
6007,4186,4793,1374,-40,6048,2,40,13,400,188,148,6048,3024,0.45454545454545453,0.49066666666666664,0.5093333333333333,0.4996668887408394,0.4958374958374958,0.5034126852005993,1,2478,2328,0.7648148148148148,0.7106227106227107,0.47,0.37,0.8773333333333333,0.683076923076923,13,True
6007,1785,3570,1384,-40,6048,2,40,13,400,167,151,6048,3024,0.49732620320855614,0.49866666666666665,0.496,0.5043304463690873,0.49783549783549785,0.5034126852005993,1,2522,2290,0.778395061728395,0.699023199023199,0.4175,0.3775,0.7793333333333333,0.6969230769230769,13,True
6007,736,2493,1469,-40,6048,2,40,13,400,160,149,6048,3024,0.5561497326203209,0.536,0.5186666666666667,0.5223184543637575,0.5068265068265069,0.5034126852005993,1,2525,2422,0.779320987654321,0.7393162393162394,0.4,0.3725,0.7466666666666667,0.6876923076923077,13,True
6007,88,2061,1473,-40,6048,2,40,13,400,159,153,6048,3025,0.5347593582887701,0.5013333333333333,0.5,0.5009993337774816,0.5064935064935064,0.503579157649409,3,2577,2200,0.7953703703703704,0.6715506715506715,0.3975,0.3825,0.742,0.7061538461538462,13,True
6007,5146,5433,1482,-40,6048,2,40,13,400,175,150,6048,3025,0.48663101604278075,0.472,0.49066666666666664,0.49566955363091275,0.5088245088245088,0.503579157649409,3,2545,2338,0.7854938271604939,0.7136752136752137,0.4375,0.375,0.8166666666666667,0.6923076923076923,13,True
6007,3098,63,1490,-40,6048,2,40,13,400,162,143,6048,3024,0.4919786096256685,0.488,0.49733333333333335,0.49300466355762823,0.5034965034965035,0.5034126852005993,1,2490,2190,0.7685185185185185,0.6684981684981685,0.405,0.3575,0.756,0.6599999999999999,13,True
6007,2009,5344,1606,-40,6048,2,40,13,400,160,141,6048,3025,0.5133689839572193,0.5333333333333333,0.49866666666666665,0.4870086608927382,0.49284049284049286,0.503579157649409,3,2481,2380,0.7657407407407407,0.7264957264957265,0.4,0.3525,0.7466666666666667,0.6507692307692308,13,True
6007,2754,1836,1615,-40,6048,2,40,13,400,166,154,6048,3024,0.5508021390374331,0.5226666666666666,0.5013333333333333,0.5036642238507661,0.5018315018315018,0.5034126852005993,1,2548,2264,0.7864197530864198,0.6910866910866911,0.415,0.385,0.7746666666666667,0.7107692307692308,13,True
6007,1786,3572,1636,-40,6048,2,40,13,400,161,153,6048,3025,0.5187165775401069,0.488,0.49466666666666664,0.48500999333777484,0.4938394938394938,0.503579157649409,3,2438,2387,0.7524691358024691,0.7286324786324786,0.4025,0.3825,0.7513333333333334,0.7061538461538462,13,True
6007,889,2595,1803,-40,6048,2,40,13,400,169,140,6048,3024,0.5080213903743316,0.528,0.508,0.5109926715522984,0.5091575091575091,0.5034126852005993,1,2505,2178,0.7731481481481481,0.6648351648351648,0.4225,0.35,0.7886666666666666,0.6461538461538461,13,True
6007,4828,5221,1855,-40,6048,2,40,13,400,171,134,6048,3024,0.47593582887700536,0.488,0.48533333333333334,0.4876748834110593,0.5084915084915085,0.5034126852005993,1,2548,2124,0.7864197530864198,0.6483516483516484,0.4275,0.335,0.798,0.6184615384615385,13,True
6007,2310,1540,1866,-40,6048,2,40,13,400,142,161,6048,3025,0.49732620320855614,0.48,0.48933333333333334,0.49300466355762823,0.5058275058275058,0.503579157649409,3,2490,2145,0.7685185185185185,0.6547619047619048,0.355,0.4025,0.6626666666666666,0.7430769230769231,13,True
6007,5972,1979,1890,-40,6048,2,40,13,400,168,148,6048,3025,0.5935828877005348,0.5813333333333334,0.5453333333333333,0.5203197868087941,0.5118215118215118,0.503579157649409,3,2576,2359,0.7950617283950617,0.7200854700854701,0.42,0.37,0.7839999999999999,0.683076923076923,13,True
6007,1948,3301,1907,-40,6048,2,40,13,400,167,161,6048,3024,0.5561497326203209,0.504,0.49866666666666665,0.4843437708194537,0.49517149517149517,0.5034126852005993,1,2543,2310,0.7848765432098765,0.7051282051282052,0.4175,0.4025,0.7793333333333333,0.7430769230769231,13,True
6007,3768,2512,1913,-40,6048,2,40,13,400,166,177,6048,3025,0.5133689839572193,0.5226666666666666,0.5026666666666667,0.491672218520986,0.4985014985014985,0.503579157649409,3,2499,2396,0.7712962962962963,0.7313797313797313,0.415,0.4425,0.7746666666666667,0.816923076923077,13,True
6007,1597,3194,1936,-40,6048,2,40,13,400,151,158,6048,3025,0.5080213903743316,0.48533333333333334,0.5173333333333333,0.5176548967355097,0.5071595071595072,0.503579157649409,3,2458,2350,0.758641975308642,0.7173382173382173,0.3775,0.395,0.7046666666666667,0.7292307692307692,13,True
6007,1113,2226,1940,-40,6048,2,40,13,400,162,179,6048,3024,0.45454545454545453,0.496,0.49866666666666665,0.49700199866755496,0.5084915084915085,0.5034126852005993,1,2466,2388,0.7611111111111111,0.7289377289377289,0.405,0.4475,0.756,0.8261538461538461,13,True
6007,4304,867,2042,-40,6048,2,40,13,400,161,137,6048,3024,0.47593582887700536,0.48,0.5173333333333333,0.5069953364423717,0.5081585081585082,0.5034126852005993,1,2532,2264,0.7814814814814814,0.6910866910866911,0.4025,0.3425,0.7513333333333334,0.6323076923076923,13,True
6007,3117,2078,2096,-40,6048,2,40,13,400,179,167,6048,3024,0.5187165775401069,0.5146666666666667,0.49066666666666664,0.49766822118587606,0.5134865134865135,0.5034126852005993,1,2556,2510,0.7888888888888889,0.7661782661782662,0.4475,0.4175,0.8353333333333334,0.7707692307692308,13,True
6007,2367,4734,2115,-40,6048,2,40,13,400,162,148,6048,3025,0.5133689839572193,0.5173333333333333,0.49466666666666664,0.5096602265156562,0.5104895104895105,0.503579157649409,3,2510,2466,0.7746913580246914,0.7527472527472527,0.405,0.37,0.756,0.683076923076923,13,True
6007,2789,5578,2121,-40,6048,2,40,13,400,182,166,6048,3025,0.5294117647058824,0.512,0.5053333333333333,0.5069953364423717,0.5074925074925075,0.503579157649409,3,2490,2573,0.7685185185185185,0.7854090354090354,0.455,0.415,0.8493333333333334,0.7661538461538462,13,True
6007,691,2463,2136,-40,6048,2,40,13,400,177,176,6048,3025,0.45989304812834225,0.4826666666666667,0.48533333333333334,0.49633577614923385,0.5111555111555112,0.503579157649409,3,2442,2558,0.7537037037037037,0.7808302808302808,0.4425,0.44,0.8260000000000001,0.8123076923076923,13,True
6007,3270,2180,2266,-40,6048,2,40,13,400,177,150,6048,3025,0.48128342245989303,0.4826666666666667,0.5053333333333333,0.5116588940706196,0.5081585081585082,0.503579157649409,3,2554,2373,0.7882716049382716,0.7243589743589743,0.4425,0.375,0.8260000000000001,0.6923076923076923,13,True
6007,4422,2948,2354,-40,6048,2,40,13,400,159,145,6048,3024,0.5080213903743316,0.5226666666666666,0.52,0.5043304463690873,0.4935064935064935,0.5034126852005993,1,2491,2259,0.7688271604938272,0.6895604395604396,0.3975,0.3625,0.742,0.6692307692307693,13,True
6007,437,874,2456,-40,6048,2,40,13,400,175,168,6048,3024,0.5401069518716578,0.5146666666666667,0.516,0.5123251165889408,0.5204795204795205,0.5034126852005993,1,2566,2432,0.7919753086419753,0.7423687423687424,0.4375,0.42,0.8166666666666667,0.7753846153846153,13,True
6007,1734,1156,2472,-40,6048,2,40,13,400,164,173,6048,3024,0.44385026737967914,0.48,0.48533333333333334,0.4983344437041972,0.4985014985014985,0.5034126852005993,1,2537,2494,0.7830246913580247,0.7612942612942613,0.41,0.4325,0.7653333333333333,0.7984615384615384,13,True
6007,130,2089,2502,-40,6048,2,40,13,400,191,133,6048,3025,0.47593582887700536,0.48533333333333334,0.476,0.49300466355762823,0.4851814851814852,0.503579157649409,3,2521,2321,0.7780864197530865,0.7084859584859585,0.4775,0.3325,0.8913333333333333,0.6138461538461538,13,True
6007,4182,2357,2509,-40,6048,2,40,13,400,157,156,6048,3025,0.5561497326203209,0.528,0.504,0.49300466355762823,0.4885114885114885,0.503579157649409,3,2565,2365,0.7916666666666666,0.7219169719169719,0.3925,0.39,0.7326666666666667,0.7200000000000001,13,True
6007,4721,3435,2538,-40,6048,2,40,13,400,171,154,6048,3024,0.48663101604278075,0.5066666666666667,0.47733333333333333,0.49233844103930713,0.5014985014985015,0.5034126852005993,1,2482,2387,0.7660493827160494,0.7286324786324786,0.4275,0.385,0.798,0.7107692307692308,13,True
6007,221,4152,2563,-40,6048,2,40,13,400,161,147,6048,3025,0.5080213903743316,0.512,0.5013333333333333,0.5016655562958028,0.4995004995004995,0.503579157649409,3,2561,2350,0.7904320987654321,0.7173382173382173,0.4025,0.3675,0.7513333333333334,0.6784615384615384,13,True
6007,1855,3710,2565,-40,6048,2,40,13,400,156,163,6048,3024,0.6149732620320856,0.5813333333333334,0.5413333333333333,0.5223184543637575,0.5094905094905094,0.5034126852005993,1,2522,2266,0.778395061728395,0.6916971916971917,0.39,0.4075,0.7280000000000001,0.7523076923076923,13,True
6007,762,1524,2651,-40,6048,2,40,13,400,159,165,6048,3024,0.48663101604278075,0.49066666666666664,0.4746666666666667,0.49300466355762823,0.5041625041625042,0.5034126852005993,1,2533,2534,0.7817901234567901,0.7735042735042735,0.3975,0.4125,0.742,0.7615384615384615,13,True
6007,1148,4770,2689,-40,6048,2,40,13,400,186,148,6048,3025,0.48663101604278075,0.48,0.508,0.5089940039973351,0.5061605061605061,0.503579157649409,3,2538,2096,0.7833333333333333,0.6398046398046398,0.465,0.37,0.8680000000000001,0.683076923076923,13,True
6007,3664,1321,2713,-40,6048,2,40,13,400,162,178,6048,3024,0.5240641711229946,0.5333333333333333,0.528,0.5056628914057295,0.5144855144855145,0.5034126852005993,1,2420,2446,0.7469135802469136,0.7466422466422467,0.405,0.445,0.756,0.8215384615384616,13,True
6007,5349,4691,2792,-40,6048,2,40,13,400,165,161,6048,3024,0.5721925133689839,0.544,0.5306666666666666,0.5096602265156562,0.5078255078255078,0.5034126852005993,1,2516,2386,0.7765432098765432,0.7283272283272283,0.4125,0.4025,0.7699999999999999,0.7430769230769231,13,True
6007,5469,4931,2795,-40,6048,2,40,13,400,181,143,6048,3025,0.46524064171123,0.512,0.512,0.4996668887408394,0.4905094905094905,0.503579157649409,3,2531,2406,0.7811728395061729,0.7344322344322345,0.4525,0.3575,0.8446666666666668,0.6599999999999999,13,True
6007,671,1342,2866,-40,6048,2,40,13,400,151,143,6048,3025,0.5187165775401069,0.5066666666666667,0.496,0.5103264490339774,0.5068265068265069,0.503579157649409,3,2490,2378,0.7685185185185185,0.7258852258852259,0.3775,0.3575,0.7046666666666667,0.6599999999999999,13,True
6007,1366,2913,2887,-40,6048,2,40,13,400,175,146,6048,3024,0.4919786096256685,0.49866666666666665,0.5226666666666666,0.5156562291805463,0.5038295038295039,0.5034126852005993,1,2534,2362,0.7820987654320988,0.721001221001221,0.4375,0.365,0.8166666666666667,0.6738461538461539,13,True
6007,3674,447,2911,-40,6048,2,40,13,400,184,175,6048,3024,0.5347593582887701,0.512,0.5253333333333333,0.5123251165889408,0.5014985014985015,0.5034126852005993,1,2552,2418,0.7876543209876543,0.7380952380952381,0.46,0.4375,0.8586666666666667,0.8076923076923077,13,True
6007,1256,2512,2923,-40,6048,2,40,13,400,165,143,6048,3025,0.5614973262032086,0.536,0.5053333333333333,0.5129913391072618,0.49916749916749914,0.503579157649409,3,2501,2444,0.7719135802469136,0.746031746031746,0.4125,0.3575,0.7699999999999999,0.6599999999999999,13,True
6007,1444,2965,3057,-40,6048,2,40,13,400,166,155,6048,3025,0.5026737967914439,0.496,0.496,0.4990006662225183,0.49716949716949715,0.503579157649409,3,2506,2270,0.7734567901234568,0.6929181929181929,0.415,0.3875,0.7746666666666667,0.7153846153846154,13,True
6007,1272,2544,3121,-40,6048,2,40,13,400,159,173,6048,3024,0.47593582887700536,0.504,0.5,0.4883411059293804,0.49783549783549785,0.5034126852005993,1,2525,2333,0.779320987654321,0.7121489621489622,0.3975,0.4325,0.742,0.7984615384615384,13,True
6007,2411,4822,3133,-40,6048,2,40,13,400,166,162,6048,3024,0.48128342245989303,0.488,0.504,0.4983344437041972,0.5038295038295039,0.5034126852005993,1,2482,2302,0.7660493827160494,0.7026862026862026,0.415,0.405,0.7746666666666667,0.7476923076923077,13,True
6007,3455,301,3144,-40,6048,2,40,13,400,161,164,6048,3025,0.5294117647058824,0.49866666666666665,0.5066666666666667,0.4950033311125916,0.5021645021645021,0.503579157649409,3,2529,2372,0.7805555555555556,0.724053724053724,0.4025,0.41,0.7513333333333334,0.7569230769230769,13,True
6007,994,1988,3212,-40,6048,2,40,13,400,181,162,6048,3025,0.5401069518716578,0.544,0.5053333333333333,0.49566955363091275,0.5044955044955045,0.503579157649409,3,2540,2393,0.7839506172839507,0.7304639804639804,0.4525,0.405,0.8446666666666668,0.7476923076923077,13,True
6007,1916,5282,3328,-40,6048,2,40,13,400,174,136,6048,3025,0.5454545454545454,0.5093333333333333,0.49733333333333335,0.5049966688874084,0.5004995004995005,0.503579157649409,3,2505,2193,0.7731481481481481,0.6694139194139194,0.435,0.34,0.812,0.6276923076923078,13,True
6007,2498,5670,3388,-40,6048,2,40,13,400,171,153,6048,3025,0.5508021390374331,0.5146666666666667,0.49066666666666664,0.5036642238507661,0.5098235098235098,0.503579157649409,3,2556,2300,0.7888888888888889,0.702075702075702,0.4275,0.3825,0.798,0.7061538461538462,13,True
6007,2164,4328,3667,-40,6048,2,40,13,400,173,166,6048,3024,0.49732620320855614,0.5066666666666667,0.524,0.5076615589606929,0.5121545121545121,0.5034126852005993,1,2494,2443,0.769753086419753,0.7457264957264957,0.4325,0.415,0.8073333333333332,0.7661538461538462,13,True
6007,4489,4995,3706,-40,6048,2,40,13,400,172,175,6048,3024,0.47058823529411764,0.5226666666666666,0.5213333333333333,0.5109926715522984,0.5081585081585082,0.5034126852005993,1,2485,2428,0.7669753086419753,0.7411477411477412,0.43,0.4375,0.8026666666666666,0.8076923076923077,13,True
6007,5298,4589,3787,-40,6048,2,40,13,400,175,128,6048,3024,0.45989304812834225,0.464,0.48933333333333334,0.48567621585609594,0.5034965034965035,0.5034126852005993,1,2532,2328,0.7814814814814814,0.7106227106227107,0.4375,0.32,0.8166666666666667,0.5907692307692308,13,True
6007,4603,3199,3882,-40,6048,2,40,13,400,156,126,6048,3024,0.5133689839572193,0.5146666666666667,0.49866666666666665,0.5076615589606929,0.5061605061605061,0.5034126852005993,1,2515,1890,0.7762345679012346,0.5769230769230769,0.39,0.315,0.7280000000000001,0.5815384615384616,13,True
6007,5136,4265,3890,-40,6048,2,40,13,400,154,161,6048,3024,0.5668449197860963,0.512,0.5173333333333333,0.49766822118587606,0.5044955044955045,0.5034126852005993,1,2496,2259,0.7703703703703704,0.6895604395604396,0.385,0.4025,0.7186666666666667,0.7430769230769231,13,True
6007,517,2347,3936,-40,6048,2,40,13,400,162,172,6048,3025,0.5454545454545454,0.5226666666666666,0.49866666666666665,0.5016655562958028,0.5041625041625042,0.503579157649409,3,2532,2540,0.7814814814814814,0.7753357753357754,0.405,0.43,0.756,0.7938461538461538,13,True
6007,3163,4111,3988,-40,6048,2,40,13,400,169,151,6048,3024,0.5721925133689839,0.5173333333333333,0.508,0.5163224516988674,0.5064935064935064,0.5034126852005993,1,2518,2408,0.7771604938271605,0.7350427350427351,0.4225,0.3775,0.7886666666666666,0.6969230769230769,13,True
6007,4268,2529,4057,-40,6048,2,40,13,400,168,162,6048,3025,0.47058823529411764,0.456,0.48,0.4743504330446369,0.5004995004995005,0.503579157649409,3,2519,2324,0.7774691358024691,0.7094017094017094,0.42,0.405,0.7839999999999999,0.7476923076923077,13,True
6007,1494,996,4084,-40,6048,2,40,13,400,168,149,6048,3025,0.5347593582887701,0.5333333333333333,0.5066666666666667,0.5043304463690873,0.5048285048285048,0.503579157649409,3,2557,2172,0.7891975308641975,0.663003663003663,0.42,0.3725,0.7839999999999999,0.6876923076923077,13,True
6007,3227,149,4092,-40,6048,2,40,13,400,159,169,6048,3024,0.5454545454545454,0.5386666666666666,0.5306666666666666,0.5089940039973351,0.5058275058275058,0.5034126852005993,1,2510,2506,0.7746913580246914,0.7649572649572649,0.3975,0.4225,0.742,0.7799999999999999,13,True
6007,3526,1045,4141,-40,6048,2,40,13,400,171,169,6048,3024,0.47058823529411764,0.504,0.492,0.4870086608927382,0.5038295038295039,0.5034126852005993,1,2491,2530,0.7688271604938272,0.7722832722832723,0.4275,0.4225,0.798,0.7799999999999999,13,True
6007,1867,3247,4173,-40,6048,2,40,13,400,170,141,6048,3025,0.4919786096256685,0.472,0.488,0.5003331112591606,0.5091575091575091,0.503579157649409,3,2447,2232,0.7552469135802469,0.6813186813186813,0.425,0.3525,0.7933333333333333,0.6507692307692308,13,True
6007,306,204,4219,-40,6048,2,40,13,400,174,154,6048,3024,0.5187165775401069,0.512,0.48933333333333334,0.5103264490339774,0.5104895104895105,0.5034126852005993,1,2568,2396,0.7925925925925926,0.7313797313797313,0.435,0.385,0.812,0.7107692307692308,13,True
6007,2258,5510,4247,-40,6048,2,40,13,400,179,146,6048,3024,0.5187165775401069,0.512,0.516,0.5223184543637575,0.5074925074925075,0.5034126852005993,1,2522,2476,0.778395061728395,0.7557997557997558,0.4475,0.365,0.8353333333333334,0.6738461538461539,13,True
6007,1557,3114,4429,-40,6048,2,40,13,400,170,162,6048,3025,0.4117647058823529,0.456,0.47333333333333333,0.5023317788141239,0.5051615051615052,0.503579157649409,3,2520,2345,0.7777777777777778,0.7158119658119658,0.425,0.405,0.7933333333333333,0.7476923076923077,13,True
6007,4663,5111,4433,-40,6048,2,40,13,400,169,139,6048,3025,0.5401069518716578,0.48533333333333334,0.5013333333333333,0.5089940039973351,0.4938394938394938,0.503579157649409,3,2473,2334,0.7632716049382716,0.7124542124542125,0.4225,0.3475,0.7886666666666666,0.6415384615384615,13,True
6007,4227,2818,4513,-40,6048,2,40,13,400,179,148,6048,3025,0.45454545454545453,0.48,0.484,0.4983344437041972,0.49517149517149517,0.503579157649409,3,2503,2393,0.7725308641975308,0.7304639804639804,0.4475,0.37,0.8353333333333334,0.683076923076923,13,True
6007,1192,2384,4538,-40,6048,2,40,13,400,156,164,6048,3024,0.5935828877005348,0.5386666666666666,0.5226666666666666,0.4983344437041972,0.5054945054945055,0.5034126852005993,1,2464,2255,0.7604938271604939,0.6883394383394383,0.39,0.41,0.7280000000000001,0.7569230769230769,13,True
6007,1163,2326,4556,-40,6048,2,40,13,400,190,162,6048,3025,0.49732620320855614,0.504,0.5053333333333333,0.49766822118587606,0.5114885114885115,0.503579157649409,3,2482,2188,0.7660493827160494,0.6678876678876678,0.475,0.405,0.8866666666666666,0.7476923076923077,13,True
6007,4919,1277,4656,-40,6048,2,40,13,400,154,163,6048,3025,0.5133689839572193,0.52,0.5066666666666667,0.502998001332445,0.5064935064935064,0.503579157649409,3,2499,2296,0.7712962962962963,0.7008547008547008,0.385,0.4075,0.7186666666666667,0.7523076923076923,13,True
6007,3630,1253,4667,-40,6048,2,40,13,400,171,155,6048,3025,0.47593582887700536,0.5093333333333333,0.5266666666666666,0.5109926715522984,0.5084915084915085,0.503579157649409,3,2561,2334,0.7904320987654321,0.7124542124542125,0.4275,0.3875,0.798,0.7153846153846154,13,True
6007,3072,2048,4680,-40,6048,2,40,13,400,165,173,6048,3025,0.5133689839572193,0.52,0.5213333333333333,0.5076615589606929,0.5088245088245088,0.503579157649409,3,2458,2423,0.758641975308642,0.7396214896214897,0.4125,0.4325,0.7699999999999999,0.7984615384615384,13,True
6007,2139,4278,4685,-40,6048,2,40,13,400,154,146,6048,3025,0.5080213903743316,0.536,0.5213333333333333,0.5116588940706196,0.5108225108225108,0.503579157649409,3,2491,2321,0.7688271604938272,0.7084859584859585,0.385,0.365,0.7186666666666667,0.6738461538461539,13,True
6007,3091,4063,4724,-40,6048,2,40,13,400,166,152,6048,3024,0.5454545454545454,0.5093333333333333,0.52,0.5116588940706196,0.5138195138195139,0.5034126852005993,1,2596,2363,0.8012345679012346,0.7213064713064713,0.415,0.38,0.7746666666666667,0.7015384615384616,13,True
6007,2548,3701,4733,-40,6048,2,40,13,400,166,166,6048,3024,0.5240641711229946,0.5066666666666667,0.4826666666666667,0.4823451032644903,0.49417249417249415,0.5034126852005993,1,2518,2374,0.7771604938271605,0.7246642246642246,0.415,0.415,0.7746666666666667,0.7661538461538462,13,True
6007,3490,973,4743,-40,6048,2,40,13,400,152,146,6048,3024,0.49732620320855614,0.4533333333333333,0.49333333333333335,0.5003331112591606,0.5068265068265069,0.5034126852005993,1,2542,2488,0.7845679012345679,0.7594627594627594,0.38,0.365,0.7093333333333334,0.6738461538461539,13,True
6007,5489,4971,4747,-40,6048,2,40,13,400,156,158,6048,3025,0.48663101604278075,0.5173333333333333,0.5026666666666667,0.5209860093271153,0.5061605061605061,0.503579157649409,3,2469,2289,0.7620370370370371,0.6987179487179487,0.39,0.395,0.7280000000000001,0.7292307692307692,13,True
6007,3797,1587,4757,-40,6048,2,40,13,400,155,156,6048,3025,0.46524064171123,0.48,0.49066666666666664,0.4943371085942705,0.5094905094905094,0.503579157649409,3,2491,2404,0.7688271604938272,0.7338217338217338,0.3875,0.39,0.7233333333333333,0.7200000000000001,13,True
6007,2466,4932,4767,-40,6048,2,40,13,400,162,135,6048,3024,0.48663101604278075,0.49333333333333335,0.504,0.502998001332445,0.49783549783549785,0.5034126852005993,1,2526,2258,0.7796296296296297,0.6892551892551892,0.405,0.3375,0.756,0.6230769230769231,13,True
6007,3761,505,4778,-40,6048,2,40,13,400,153,161,6048,3024,0.5401069518716578,0.5173333333333333,0.49066666666666664,0.49100599600266487,0.4985014985014985,0.5034126852005993,1,2448,2360,0.7555555555555555,0.7203907203907204,0.3825,0.4025,0.7140000000000001,0.7430769230769231,13,True
6007,751,1502,4880,-40,6048,2,40,13,400,157,163,6048,3025,0.4919786096256685,0.512,0.49866666666666665,0.49300466355762823,0.5074925074925075,0.503579157649409,3,2531,2403,0.7811728395061729,0.7335164835164835,0.3925,0.4075,0.7326666666666667,0.7523076923076923,13,True
6007,4245,2830,4883,-40,6048,2,40,13,400,179,165,6048,3025,0.4919786096256685,0.496,0.5,0.5163224516988674,0.5061605061605061,0.503579157649409,3,2508,2391,0.774074074074074,0.7298534798534798,0.4475,0.4125,0.8353333333333334,0.7615384615384615,13,True
6007,922,2617,4885,-40,6048,2,40,13,400,170,161,6048,3025,0.48128342245989303,0.5066666666666667,0.5053333333333333,0.5023317788141239,0.5044955044955045,0.503579157649409,3,2564,2458,0.7913580246913581,0.7503052503052503,0.425,0.4025,0.7933333333333333,0.7430769230769231,13,True
6007,1854,3708,4951,-40,6048,2,40,13,400,155,127,6048,3025,0.5240641711229946,0.5146666666666667,0.5133333333333333,0.5023317788141239,0.49716949716949715,0.503579157649409,3,2480,2276,0.7654320987654321,0.6947496947496947,0.3875,0.3175,0.7233333333333333,0.5861538461538461,13,True
6007,1043,4700,4962,-40,6048,2,40,13,400,173,170,6048,3025,0.44385026737967914,0.4613333333333333,0.45466666666666666,0.48500999333777484,0.5044955044955045,0.503579157649409,3,2491,2334,0.7688271604938272,0.7124542124542125,0.4325,0.425,0.8073333333333332,0.7846153846153846,13,True
6007,3585,1163,4988,-40,6048,2,40,13,400,152,148,6048,3024,0.5775401069518716,0.5653333333333334,0.548,0.519653564290473,0.5068265068265069,0.5034126852005993,1,2510,2118,0.7746913580246914,0.6465201465201466,0.38,0.37,0.7093333333333334,0.683076923076923,13,True
6007,1752,3504,5308,-40,6048,2,40,13,400,176,170,6048,3025,0.4919786096256685,0.528,0.5066666666666667,0.5016655562958028,0.5041625041625042,0.503579157649409,3,2466,2274,0.7611111111111111,0.6941391941391941,0.44,0.425,0.8213333333333332,0.7846153846153846,13,True
6007,425,4288,5365,-40,6048,2,40,13,400,168,148,6048,3024,0.44385026737967914,0.472,0.49066666666666664,0.5216522318454364,0.5028305028305028,0.5034126852005993,1,2540,2303,0.7839506172839507,0.7029914529914529,0.42,0.37,0.7839999999999999,0.683076923076923,13,True
6007,2363,4726,5373,-40,6048,2,40,13,400,163,141,6048,3024,0.48128342245989303,0.5013333333333333,0.508,0.49700199866755496,0.5034965034965035,0.5034126852005993,1,2486,2438,0.7672839506172839,0.7442002442002442,0.4075,0.3525,0.7606666666666666,0.6507692307692308,13,True
6007,1541,3082,5376,-40,6048,2,40,13,400,161,167,6048,3024,0.5294117647058824,0.5093333333333333,0.5013333333333333,0.4943371085942705,0.49983349983349984,0.5034126852005993,1,2510,2556,0.7746913580246914,0.7802197802197802,0.4025,0.4175,0.7513333333333334,0.7707692307692308,13,True
6007,233,466,5430,-40,6048,2,40,13,400,157,139,6048,3025,0.44919786096256686,0.48533333333333334,0.488,0.491672218520986,0.5014985014985015,0.503579157649409,3,2517,2326,0.7768518518518519,0.71001221001221,0.3925,0.3475,0.7326666666666667,0.6415384615384615,13,True
6007,1807,3207,5482,-40,6048,2,40,13,400,167,141,6048,3025,0.5561497326203209,0.49866666666666665,0.5026666666666667,0.524983344437042,0.5088245088245088,0.503579157649409,3,2457,2342,0.7583333333333333,0.7148962148962149,0.4175,0.3525,0.7793333333333333,0.6507692307692308,13,True
6007,2213,4426,5483,-40,6048,2,40,13,400,150,142,6048,3024,0.4919786096256685,0.5253333333333333,0.5,0.5016655562958028,0.5008325008325009,0.5034126852005993,1,2463,2190,0.7601851851851852,0.6684981684981685,0.375,0.355,0.7,0.6553846153846153,13,True
6007,3996,1985,5627,-40,6048,2,40,13,400,174,162,6048,3025,0.42780748663101603,0.4746666666666667,0.488,0.5076615589606929,0.5108225108225108,0.503579157649409,3,2409,2371,0.7435185185185185,0.7237484737484737,0.435,0.405,0.812,0.7476923076923077,13,True
6007,412,2277,5725,-40,6048,2,40,13,400,152,188,6048,3024,0.5080213903743316,0.48,0.5013333333333333,0.49766822118587606,0.49783549783549785,0.5034126852005993,1,2496,2608,0.7703703703703704,0.796092796092796,0.38,0.47,0.7093333333333334,0.8676923076923077,13,True
6007,3789,1571,5796,-40,6048,2,40,13,400,187,146,6048,3025,0.5508021390374331,0.5306666666666666,0.52,0.5089940039973351,0.5028305028305028,0.503579157649409,3,2516,2234,0.7765432098765432,0.681929181929182,0.4675,0.365,0.8726666666666667,0.6738461538461539,13,True
6007,3028,4021,5799,-40,6048,2,40,13,400,169,173,6048,3024,0.5133689839572193,0.5013333333333333,0.492,0.49300466355762823,0.4931734931734932,0.5034126852005993,1,2454,2352,0.7574074074074074,0.717948717948718,0.4225,0.4325,0.7886666666666666,0.7984615384615384,13,True
6007,3851,1695,5827,-40,6048,2,40,13,400,148,160,6048,3025,0.42780748663101603,0.4746666666666667,0.49866666666666665,0.49766822118587606,0.5004995004995005,0.503579157649409,3,2519,2305,0.7774691358024691,0.7036019536019537,0.37,0.4,0.6906666666666665,0.7384615384615385,13,True
6007,1209,2418,5831,-40,6048,2,40,13,400,163,148,6048,3024,0.5294117647058824,0.5466666666666666,0.5253333333333333,0.5176548967355097,0.5064935064935064,0.5034126852005993,1,2626,2418,0.8104938271604938,0.7380952380952381,0.4075,0.37,0.7606666666666666,0.683076923076923,13,True
6007,2519,5684,5837,-40,6048,2,40,13,400,168,163,6048,3025,0.45989304812834225,0.488,0.5066666666666667,0.5056628914057295,0.5058275058275058,0.503579157649409,3,2468,2389,0.7617283950617284,0.7292429792429792,0.42,0.4075,0.7839999999999999,0.7523076923076923,13,True
6007,3663,1319,5847,-40,6048,2,40,13,400,192,112,6048,3025,0.44385026737967914,0.488,0.48133333333333334,0.49633577614923385,0.4938394938394938,0.503579157649409,3,2432,1875,0.7506172839506173,0.5723443223443223,0.48,0.28,0.896,0.5169230769230769,13,True
6007,3398,789,5850,-40,6048,2,40,13,400,168,161,6048,3025,0.49732620320855614,0.536,0.5133333333333333,0.5096602265156562,0.5081585081585082,0.503579157649409,3,2576,2457,0.7950617283950617,0.75,0.42,0.4025,0.7839999999999999,0.7430769230769231,13,True
6007,5143,4279,5853,-40,6048,2,40,13,400,151,150,6048,3024,0.5187165775401069,0.5013333333333333,0.504,0.5089940039973351,0.4981684981684982,0.5034126852005993,1,2463,2318,0.7601851851851852,0.7075702075702076,0.3775,0.375,0.7046666666666667,0.6923076923076923,13,True
6007,187,2127,5874,-40,6048,2,40,13,400,177,138,6048,3025,0.5240641711229946,0.4746666666666667,0.476,0.49300466355762823,0.5144855144855145,0.503579157649409,3,2488,2192,0.7679012345679013,0.6691086691086691,0.4425,0.345,0.8260000000000001,0.6369230769230769,13,True
6007,4240,2473,5939,-40,6048,2,40,13,400,166,162,6048,3025,0.48128342245989303,0.488,0.504,0.5023317788141239,0.5078255078255078,0.503579157649409,3,2443,2179,0.7540123456790123,0.6651404151404151,0.415,0.405,0.7746666666666667,0.7476923076923077,13,True
6007,4184,2361,5995,-40,6048,2,40,13,400,186,171,6048,3024,0.5026737967914439,0.49866666666666665,0.492,0.5049966688874084,0.5091575091575091,0.5034126852005993,1,2470,2394,0.7623456790123457,0.7307692307692307,0.465,0.4275,0.8680000000000001,0.7892307692307692,13,True
6007,3021,2014,10,32,5976,2,40,13,400,154,151,5976,2988,0.45454545454545453,0.4666666666666667,0.4826666666666667,0.4876748834110593,0.4861804861804862,0.4974196770434493,1,2533,2454,0.7817901234567901,0.7490842490842491,0.385,0.3775,0.7101111111111111,0.6886263736263737,13,True
6007,4680,3120,26,32,5976,2,40,13,400,161,161,5976,2988,0.5668449197860963,0.5173333333333333,0.49466666666666664,0.5149900066622252,0.4995004995004995,0.4974196770434493,1,2438,2123,0.7524691358024691,0.6480463980463981,0.4025,0.4025,0.742388888888889,0.7342307692307692,13,True
6007,121,2083,136,32,5976,2,40,13,400,187,153,5976,2988,0.46524064171123,0.45866666666666667,0.5026666666666667,0.5009993337774816,0.5054945054945055,0.4974196770434493,1,2540,2518,0.7839506172839507,0.7686202686202687,0.4675,0.3825,0.8622777777777778,0.6977472527472528,13,True
6007,3984,2656,208,32,5976,2,40,13,399,170,165,5976,2989,0.44919786096256686,0.4693333333333333,0.492,0.49300466355762823,0.4885114885114885,0.49758614949225904,3,2437,2423,0.7521604938271605,0.7396214896214897,0.42606516290726815,0.41353383458646614,0.7858535226956279,0.7543584235313558,13,True
6007,1437,2874,219,32,5976,2,40,13,400,167,158,5976,2988,0.5133689839572193,0.5066666666666667,0.49333333333333335,0.4883411059293804,0.4938394938394938,0.4974196770434493,1,2533,2428,0.7817901234567901,0.7411477411477412,0.4175,0.395,0.7700555555555556,0.7205494505494505,13,True
6007,4417,4947,221,32,5976,2,40,13,400,182,142,5976,2988,0.5080213903743316,0.5173333333333333,0.5186666666666667,0.4990006662225183,0.5001665001665002,0.4974196770434493,1,2532,2205,0.7814814814814814,0.6730769230769231,0.455,0.355,0.8392222222222222,0.6475824175824176,13,True
6007,4510,5009,284,32,5976,2,40,13,400,154,136,5976,2988,0.47058823529411764,0.472,0.484,0.49300466355762823,0.4975024975024975,0.4974196770434493,1,2376,2288,0.7333333333333333,0.6984126984126984,0.385,0.34,0.7101111111111111,0.6202197802197803,13,True
6007,2860,3909,354,32,5976,2,40,13,399,178,174,5976,2989,0.41711229946524064,0.4693333333333333,0.484,0.49700199866755496,0.4955044955044955,0.49758614949225904,3,2459,2406,0.7589506172839506,0.7344322344322345,0.44611528822055135,0.43609022556390975,0.822834864940128,0.7955052466330661,13,True
6007,2702,5806,387,32,5976,2,40,13,400,193,165,5976,2988,0.48128342245989303,0.448,0.472,0.491672218520986,0.49517149517149517,0.4974196770434493,1,2535,2281,0.7824074074074074,0.6962759462759462,0.4825,0.4125,0.8899444444444444,0.7524725274725275,13,True
6007,3134,261,402,32,5976,2,40,13,400,180,161,5976,2988,0.48128342245989303,0.4746666666666667,0.4826666666666667,0.5043304463690873,0.4911754911754912,0.4974196770434493,1,2510,2284,0.7746913580246914,0.6971916971916972,0.45,0.4025,0.8300000000000001,0.7342307692307692,13,True
6007,4753,3499,547,32,5976,2,40,13,400,157,142,5976,2988,0.5401069518716578,0.5173333333333333,0.5093333333333333,0.5023317788141239,0.5054945054945055,0.4974196770434493,1,2494,2288,0.769753086419753,0.6984126984126984,0.3925,0.355,0.7239444444444444,0.6475824175824176,13,True
6007,2710,5420,607,32,5976,2,40,13,399,186,169,5976,2989,0.5080213903743316,0.49333333333333335,0.48933333333333334,0.491672218520986,0.4938394938394938,0.49758614949225904,3,2568,2292,0.7925925925925926,0.6996336996336996,0.46616541353383456,0.42355889724310775,0.8598162071846281,0.7726459004654493,13,True
6007,1565,3130,612,32,5976,2,40,13,400,162,181,5976,2988,0.49732620320855614,0.5093333333333333,0.516,0.513657561625583,0.5038295038295039,0.4974196770434493,1,2472,2498,0.762962962962963,0.7625152625152625,0.405,0.4525,0.7470000000000001,0.8254395604395603,13,True
6007,504,1008,622,32,5976,2,40,13,399,177,148,5976,2989,0.49732620320855614,0.5226666666666666,0.496,0.5076615589606929,0.49517149517149517,0.49758614949225904,3,2483,2090,0.766358024691358,0.6379731379731379,0.44360902255639095,0.37092731829573933,0.8182121971595655,0.6766366465614586,13,True
6007,888,592,630,32,5976,2,40,13,399,165,157,5976,2989,0.49732620320855614,0.48533333333333334,0.488,0.49300466355762823,0.5024975024975025,0.49758614949225904,3,2492,2309,0.7691358024691358,0.7048229548229549,0.41353383458646614,0.39348370927318294,0.7627401837928154,0.7177834696631689,13,True
6007,2043,4086,713,32,5976,2,40,13,400,177,158,5976,2988,0.45454545454545453,0.43733333333333335,0.48533333333333334,0.4816788807461692,0.49716949716949715,0.4974196770434493,1,2510,2280,0.7746913580246914,0.6959706959706959,0.4425,0.395,0.8161666666666667,0.7205494505494505,13,True
6007,827,4556,723,32,5976,2,40,13,400,161,160,5976,2988,0.49732620320855614,0.4746666666666667,0.4746666666666667,0.48634243837441704,0.48984348984348985,0.4974196770434493,1,2498,2404,0.7709876543209877,0.7338217338217338,0.4025,0.4,0.742388888888889,0.7296703296703297,13,True
6007,2652,1768,769,32,5976,2,40,13,400,161,143,5976,2988,0.4919786096256685,0.5173333333333333,0.5173333333333333,0.5269820119920053,0.5041625041625042,0.4974196770434493,1,2528,2166,0.7802469135802469,0.6611721611721612,0.4025,0.3575,0.742388888888889,0.6521428571428571,13,True
6007,1178,2356,782,32,5976,2,40,13,399,160,169,5976,2989,0.48128342245989303,0.504,0.4666666666666667,0.4876748834110593,0.49517149517149517,0.49758614949225904,3,2475,2365,0.7638888888888888,0.7219169719169719,0.40100250626566414,0.42355889724310775,0.7396268448900027,0.7726459004654493,13,True
6007,818,4550,851,32,5976,2,40,13,399,168,163,5976,2989,0.48128342245989303,0.5013333333333333,0.48533333333333334,0.4756828780812791,0.48684648684648685,0.49758614949225904,3,2498,2460,0.7709876543209877,0.7509157509157509,0.42105263157894735,0.40852130325814534,0.7766081871345029,0.7452146850643091,13,True
6007,3259,4175,883,32,5976,2,40,13,399,182,155,5976,2989,0.5668449197860963,0.5333333333333333,0.5306666666666666,0.5176548967355097,0.5078255078255078,0.49758614949225904,3,2555,2220,0.7885802469135802,0.6776556776556777,0.45614035087719296,0.38847117794486213,0.841325536062378,0.7086397311961221,13,True
6007,4032,2688,963,32,5976,2,40,13,400,164,138,5976,2988,0.5026737967914439,0.48,0.49333333333333335,0.5116588940706196,0.5021645021645021,0.4974196770434493,1,2454,1990,0.7574074074074074,0.6074481074481074,0.41,0.345,0.7562222222222221,0.6293406593406593,13,True
6007,3547,4367,1070,32,5976,2,40,13,399,161,142,5976,2989,0.5080213903743316,0.5066666666666667,0.48933333333333334,0.4943371085942705,0.5008325008325009,0.49758614949225904,3,2532,2298,0.7814814814814814,0.7014652014652014,0.40350877192982454,0.3558897243107769,0.7442495126705652,0.6492054311603183,13,True
6007,2330,5558,1131,32,5976,2,40,13,399,164,158,5976,2989,0.5080213903743316,0.488,0.488,0.4823451032644903,0.48917748917748916,0.49758614949225904,3,2448,2492,0.7555555555555555,0.7606837606837606,0.41102756892230574,0.39598997493734334,0.7581175160122527,0.7223553388966922,13,True
6007,3796,4533,1208,32,5976,2,40,13,399,158,171,5976,2989,0.48128342245989303,0.472,0.504,0.5076615589606929,0.5021645021645021,0.49758614949225904,3,2496,2510,0.7703703703703704,0.7661782661782662,0.39598997493734334,0.42857142857142855,0.7303815093288778,0.781789638932496,13,True
6007,1706,3412,1247,32,5976,2,40,13,399,159,210,5976,2989,0.47593582887700536,0.512,0.488,0.508327781479014,0.4981684981684982,0.49758614949225904,3,2489,2473,0.7682098765432098,0.7548840048840049,0.39849624060150374,0.5263157894736842,0.7350041771094402,0.9600925390399074,13,True
6007,1936,3293,1304,32,5976,2,40,13,399,175,147,5976,2989,0.42245989304812837,0.47733333333333333,0.4826666666666667,0.4770153231179214,0.4981684981684982,0.49758614949225904,3,2471,2330,0.7626543209876543,0.7112332112332113,0.43859649122807015,0.3684210526315789,0.8089668615984404,0.6720647773279352,13,True
6007,117,234,1404,32,5976,2,40,13,400,135,156,5976,2988,0.47593582887700536,0.464,0.492,0.49766822118587606,0.5024975024975025,0.4974196770434493,1,2433,2286,0.7509259259259259,0.6978021978021978,0.3375,0.39,0.6225,0.7114285714285714,13,True
6007,146,4102,1411,32,5976,2,40,13,400,164,148,5976,2988,0.42780748663101603,0.448,0.46266666666666667,0.4776815456362425,0.48984348984348985,0.4974196770434493,1,2458,2162,0.758641975308642,0.6599511599511599,0.41,0.37,0.7562222222222221,0.6749450549450549,13,True
6007,4231,4823,1426,32,5976,2,40,13,399,196,137,5976,2989,0.5240641711229946,0.496,0.5186666666666667,0.4983344437041972,0.5024975024975025,0.49758614949225904,3,2596,2330,0.8012345679012346,0.7112332112332113,0.49122807017543857,0.3433583959899749,0.9060428849902533,0.6263460849927015,13,True
6007,5781,3854,1428,32,5976,2,40,13,399,164,191,5976,2989,0.5508021390374331,0.5306666666666666,0.516,0.4983344437041972,0.4911754911754912,0.49758614949225904,3,2548,2421,0.7864197530864198,0.739010989010989,0.41102756892230574,0.47869674185463656,0.7581175160122527,0.8732270236029634,13,True
6007,602,4406,1640,32,5976,2,40,13,399,180,148,5976,2989,0.5668449197860963,0.5386666666666666,0.5333333333333333,0.5216522318454364,0.5124875124875125,0.49758614949225904,3,2525,2292,0.779320987654321,0.6996336996336996,0.45112781954887216,0.37092731829573933,0.8320802005012531,0.6766366465614586,13,True
6007,1435,2870,1655,32,5976,2,40,13,399,172,170,5976,2989,0.5187165775401069,0.5173333333333333,0.5053333333333333,0.4990006662225183,0.5068265068265069,0.49758614949225904,3,2536,2482,0.782716049382716,0.7576312576312576,0.43107769423558895,0.42606516290726815,0.795098858256753,0.7772177696989727,13,True
6007,2040,1360,1699,32,5976,2,40,13,400,170,160,5976,2988,0.5347593582887701,0.5173333333333333,0.5306666666666666,0.5156562291805463,0.5044955044955045,0.4974196770434493,1,2488,2474,0.7679012345679013,0.7551892551892552,0.425,0.4,0.7838888888888889,0.7296703296703297,13,True
6007,5195,4383,1841,32,5976,2,40,13,399,172,139,5976,2989,0.49732620320855614,0.48533333333333334,0.5026666666666667,0.5103264490339774,0.5024975024975025,0.49758614949225904,3,2543,2243,0.7848765432098765,0.6846764346764347,0.43107769423558895,0.3483709273182957,0.795098858256753,0.6354898234597481,13,True
6007,900,600,1842,32,5976,2,40,13,400,163,154,5976,2988,0.43315508021390375,0.47733333333333333,0.49333333333333335,0.48500999333777484,0.49483849483849485,0.4974196770434493,1,2498,2449,0.7709876543209877,0.7475579975579976,0.4075,0.385,0.751611111111111,0.7023076923076924,13,True
6007,1473,982,1871,32,5976,2,40,13,400,163,178,5976,2988,0.5080213903743316,0.49866666666666665,0.532,0.5129913391072618,0.5091575091575091,0.4974196770434493,1,2440,2366,0.7530864197530864,0.7222222222222222,0.4075,0.445,0.751611111111111,0.8117582417582418,13,True
6007,4603,5071,2079,32,5976,2,40,13,400,156,154,5976,2988,0.46524064171123,0.48,0.49733333333333335,0.4936708860759494,0.5021645021645021,0.4974196770434493,1,2484,2312,0.7666666666666667,0.7057387057387058,0.39,0.385,0.7193333333333333,0.7023076923076924,13,True
6007,1356,904,2122,32,5976,2,40,13,399,161,152,5976,2989,0.5187165775401069,0.4746666666666667,0.49733333333333335,0.4950033311125916,0.48951048951048953,0.49758614949225904,3,2496,2364,0.7703703703703704,0.7216117216117216,0.40350877192982454,0.38095238095238093,0.7442495126705652,0.694924123495552,13,True
6007,268,536,2140,32,5976,2,40,13,400,165,138,5976,2988,0.5026737967914439,0.49333333333333335,0.4786666666666667,0.4950033311125916,0.4831834831834832,0.4974196770434493,1,2436,2226,0.7518518518518519,0.6794871794871795,0.4125,0.345,0.7608333333333333,0.6293406593406593,13,True
6007,5525,5043,2187,32,5976,2,40,13,399,163,167,5976,2989,0.47058823529411764,0.47733333333333333,0.4746666666666667,0.48567621585609594,0.48951048951048953,0.49758614949225904,3,2458,2448,0.758641975308642,0.7472527472527473,0.40852130325814534,0.41854636591478694,0.7534948482316903,0.7635021619984025,13,True
6007,1588,3176,2231,32,5976,2,40,13,400,158,169,5976,2988,0.48128342245989303,0.528,0.5066666666666667,0.5123251165889408,0.5041625041625042,0.4974196770434493,1,2405,2375,0.7422839506172839,0.724969474969475,0.395,0.4225,0.7285555555555555,0.7707142857142858,13,True
6007,3027,47,2291,32,5976,2,40,13,399,166,166,5976,2989,0.47058823529411764,0.49333333333333335,0.5026666666666667,0.4943371085942705,0.48684648684648685,0.49758614949225904,3,2486,2438,0.7672839506172839,0.7442002442002442,0.41604010025062654,0.41604010025062654,0.7673628515733779,0.7589302927648792,13,True
6007,4423,4951,2324,32,5976,2,40,13,399,187,160,5976,2989,0.5080213903743316,0.49333333333333335,0.48933333333333334,0.46502331778814127,0.4835164835164835,0.49758614949225904,3,2543,2467,0.7848765432098765,0.753052503052503,0.46867167919799496,0.40100250626566414,0.8644388749651908,0.731499077363739,13,True
6007,1620,3240,2389,32,5976,2,40,13,400,161,153,5976,2988,0.5401069518716578,0.5173333333333333,0.5093333333333333,0.5096602265156562,0.5051615051615052,0.4974196770434493,1,2507,2388,0.7737654320987655,0.7289377289377289,0.4025,0.3825,0.742388888888889,0.6977472527472528,13,True
6007,3246,2164,2392,32,5976,2,40,13,400,173,184,5976,2988,0.4919786096256685,0.4826666666666667,0.49066666666666664,0.49566955363091275,0.4915084915084915,0.4974196770434493,1,2481,2548,0.7657407407407407,0.7777777777777778,0.4325,0.46,0.7977222222222222,0.8391208791208792,13,True
6007,2667,1778,2428,32,5976,2,40,13,400,151,127,5976,2988,0.47593582887700536,0.5066666666666667,0.5133333333333333,0.491672218520986,0.4865134865134865,0.4974196770434493,1,2394,2118,0.7388888888888889,0.6465201465201466,0.3775,0.3175,0.6962777777777778,0.5791758241758242,13,True
6007,4380,2753,2478,32,5976,2,40,13,399,167,163,5976,2989,0.48663101604278075,0.496,0.504,0.49566955363091275,0.4945054945054945,0.49758614949225904,3,2468,2187,0.7617283950617284,0.6675824175824175,0.41854636591478694,0.40852130325814534,0.7719855193539403,0.7452146850643091,13,True
6007,2645,5768,2579,32,5976,2,40,13,399,150,167,5976,2989,0.5454545454545454,0.5226666666666666,0.5186666666666667,0.5176548967355097,0.5018315018315018,0.49758614949225904,3,2540,2439,0.7839506172839507,0.7445054945054945,0.37593984962406013,0.41854636591478694,0.6934001670843775,0.7635021619984025,13,True
6007,5066,4125,2594,32,5976,2,40,13,400,167,173,5976,2988,0.46524064171123,0.45866666666666667,0.472,0.4830113257828115,0.5021645021645021,0.4974196770434493,1,2528,2450,0.7802469135802469,0.7478632478632479,0.4175,0.4325,0.7700555555555556,0.7889560439560439,13,True
6007,4768,5181,2607,32,5976,2,40,13,399,161,129,5976,2989,0.5133689839572193,0.48533333333333334,0.5026666666666667,0.5063291139240507,0.49683649683649683,0.49758614949225904,3,2449,1858,0.7558641975308642,0.5671550671550671,0.40350877192982454,0.3233082706766917,0.7442495126705652,0.5897711311245145,13,True
6007,43,2031,2660,32,5976,2,40,13,399,183,167,5976,2989,0.5187165775401069,0.49866666666666665,0.49066666666666664,0.4883411059293804,0.4865134865134865,0.49758614949225904,3,2496,2140,0.7703703703703704,0.6532356532356532,0.45864661654135336,0.41854636591478694,0.8459482038429407,0.7635021619984025,13,True
6007,4934,1287,2676,32,5976,2,40,13,400,184,167,5976,2988,0.44385026737967914,0.4693333333333333,0.4746666666666667,0.4836775483011326,0.4771894771894772,0.4974196770434493,1,2504,2427,0.7728395061728395,0.7408424908424909,0.46,0.4175,0.8484444444444444,0.7615934065934066,13,True
6007,1794,3588,2692,32,5976,2,40,13,399,175,170,5976,2989,0.5080213903743316,0.512,0.512,0.5143237841439041,0.49983349983349984,0.49758614949225904,3,2544,2212,0.7851851851851852,0.6752136752136753,0.43859649122807015,0.42606516290726815,0.8089668615984404,0.7772177696989727,13,True
6007,1213,2426,2698,32,5976,2,40,13,399,176,144,5976,2989,0.5133689839572193,0.49333333333333335,0.508,0.4990006662225183,0.5051615051615052,0.49758614949225904,3,2558,2149,0.7895061728395062,0.655982905982906,0.44110275689223055,0.3609022556390977,0.8135895293790031,0.6583491696273651,13,True
6007,3181,355,2807,32,5976,2,40,13,400,170,150,5976,2988,0.5240641711229946,0.536,0.5053333333333333,0.508327781479014,0.5008325008325009,0.4974196770434493,1,2448,2244,0.7555555555555555,0.684981684981685,0.425,0.375,0.7838888888888889,0.6840659340659341,13,True
6007,4696,3385,2831,32,5976,2,40,13,400,164,144,5976,2988,0.4919786096256685,0.49866666666666665,0.49866666666666665,0.49700199866755496,0.49983349983349984,0.4974196770434493,1,2478,2142,0.7648148148148148,0.6538461538461539,0.41,0.36,0.7562222222222221,0.6567032967032967,13,True
6007,1075,2150,2983,32,5976,2,40,13,400,180,141,5976,2988,0.5026737967914439,0.5066666666666667,0.512,0.4996668887408394,0.4861804861804862,0.4974196770434493,1,2549,2270,0.7867283950617284,0.6929181929181929,0.45,0.3525,0.8300000000000001,0.643021978021978,13,True
6007,5037,3358,3100,32,5976,2,40,13,400,162,133,5976,2988,0.46524064171123,0.44533333333333336,0.4693333333333333,0.5003331112591606,0.49483849483849485,0.4974196770434493,1,2458,2156,0.758641975308642,0.6581196581196581,0.405,0.3325,0.7470000000000001,0.6065384615384616,13,True
6007,4814,3621,3159,32,5976,2,40,13,399,155,148,5976,2989,0.43315508021390375,0.45066666666666666,0.484,0.480346435709527,0.49716949716949715,0.49758614949225904,3,2501,2217,0.7719135802469136,0.6767399267399268,0.38847117794486213,0.37092731829573933,0.7165135059871902,0.6766366465614586,13,True
6007,2137,4274,3161,32,5976,2,40,13,399,163,164,5976,2989,0.5347593582887701,0.496,0.5013333333333333,0.5016655562958028,0.4945054945054945,0.49758614949225904,3,2532,2299,0.7814814814814814,0.7017704517704517,0.40852130325814534,0.41102756892230574,0.7534948482316903,0.7497865542978324,13,True
6007,1312,2624,3205,32,5976,2,40,13,399,172,162,5976,2989,0.48663101604278075,0.5093333333333333,0.48133333333333334,0.48567621585609594,0.4938394938394938,0.49758614949225904,3,2576,2350,0.7950617283950617,0.7173382173382173,0.43107769423558895,0.40601503759398494,0.795098858256753,0.7406428158307857,13,True
6007,2436,1624,3211,32,5976,2,40,13,399,175,153,5976,2989,0.44385026737967914,0.4533333333333333,0.47733333333333333,0.4936708860759494,0.5001665001665002,0.49758614949225904,3,2476,2331,0.7641975308641975,0.7115384615384616,0.43859649122807015,0.38345864661654133,0.8089668615984404,0.6994959927290754,13,True
6007,1457,4976,3255,32,5976,2,40,13,400,181,173,5976,2988,0.5080213903743316,0.496,0.49466666666666664,0.4983344437041972,0.4995004995004995,0.4974196770434493,1,2613,2364,0.8064814814814815,0.7216117216117216,0.4525,0.4325,0.8346111111111111,0.7889560439560439,13,True
6007,3573,1139,3397,32,5976,2,40,13,400,167,174,5976,2988,0.5240641711229946,0.5333333333333333,0.5013333333333333,0.49566955363091275,0.4908424908424908,0.4974196770434493,1,2466,2511,0.7611111111111111,0.7664835164835165,0.4175,0.435,0.7700555555555556,0.7935164835164835,13,True
6007,3870,2580,3425,32,5976,2,40,13,399,143,145,5976,2989,0.48128342245989303,0.45066666666666666,0.4826666666666667,0.5016655562958028,0.5021645021645021,0.49758614949225904,3,2421,2232,0.7472222222222222,0.6813186813186813,0.3583959899749373,0.3634085213032581,0.66104149262044,0.6629210388608885,13,True
6007,1237,2474,3516,32,5976,2,40,13,400,172,168,5976,2988,0.49732620320855614,0.47733333333333333,0.4786666666666667,0.480346435709527,0.49783549783549785,0.4974196770434493,1,2536,2353,0.782716049382716,0.7182539682539683,0.43,0.42,0.7931111111111111,0.7661538461538462,13,True
6007,341,4232,3529,32,5976,2,40,13,400,166,176,5976,2988,0.5721925133689839,0.5333333333333333,0.5133333333333333,0.5003331112591606,0.4955044955044955,0.4974196770434493,1,2534,2401,0.7820987654320988,0.7329059829059829,0.415,0.44,0.7654444444444445,0.8026373626373626,13,True
6007,3994,1981,3530,32,5976,2,40,13,399,176,149,5976,2989,0.5401069518716578,0.504,0.5013333333333333,0.4876748834110593,0.5021645021645021,0.49758614949225904,3,2429,2221,0.7496913580246913,0.677960927960928,0.44110275689223055,0.37343358395989973,0.8135895293790031,0.6812085157949819,13,True
6007,2320,4640,3533,32,5976,2,40,13,400,167,176,5976,2988,0.48663101604278075,0.5066666666666667,0.5,0.5049966688874084,0.4945054945054945,0.4974196770434493,1,2472,2444,0.762962962962963,0.746031746031746,0.4175,0.44,0.7700555555555556,0.8026373626373626,13,True
6007,4563,3042,3645,32,5976,2,40,13,399,163,116,5976,2989,0.47058823529411764,0.49866666666666665,0.5133333333333333,0.5056628914057295,0.5004995004995005,0.49758614949225904,3,2435,1999,0.7515432098765432,0.6101953601953602,0.40852130325814534,0.2907268170426065,0.7534948482316903,0.5303368310887108,13,True
6007,4178,2349,3714,32,5976,2,40,13,399,179,153,5976,2989,0.5454545454545454,0.5253333333333333,0.5186666666666667,0.5076615589606929,0.4995004995004995,0.49758614949225904,3,2514,2397,0.7759259259259259,0.7316849816849816,0.44862155388471175,0.38345864661654133,0.8274575327206906,0.6994959927290754,13,True
6007,3428,849,3780,32,5976,2,40,13,400,167,137,5976,2988,0.44385026737967914,0.48,0.48,0.48500999333777484,0.4931734931734932,0.4974196770434493,1,2541,2342,0.7842592592592592,0.7148962148962149,0.4175,0.3425,0.7700555555555556,0.6247802197802198,13,True
6007,5689,5795,3804,32,5976,2,40,13,399,145,175,5976,2989,0.5026737967914439,0.5066666666666667,0.5013333333333333,0.49766822118587606,0.5051615051615052,0.49758614949225904,3,2399,2418,0.7404320987654321,0.7380952380952381,0.3634085213032581,0.43859649122807015,0.6702868281815649,0.8000771158665895,13,True
6007,4840,5229,3838,32,5976,2,40,13,399,169,162,5976,2989,0.5668449197860963,0.5653333333333334,0.5386666666666666,0.513657561625583,0.49983349983349984,0.49758614949225904,3,2463,2479,0.7601851851851852,0.7567155067155067,0.42355889724310775,0.40601503759398494,0.7812308549150654,0.7406428158307857,13,True
6007,207,414,3839,32,5976,2,40,13,400,179,154,5976,2988,0.48128342245989303,0.45866666666666667,0.484,0.491672218520986,0.4988344988344988,0.4974196770434493,1,2515,2506,0.7762345679012346,0.7649572649572649,0.4475,0.385,0.825388888888889,0.7023076923076924,13,True
6007,2065,3379,3875,32,5976,2,40,13,399,152,160,5976,2989,0.48663101604278075,0.488,0.48133333333333334,0.48567621585609594,0.4885114885114885,0.49758614949225904,3,2487,2247,0.7675925925925926,0.6858974358974359,0.38095238095238093,0.40100250626566414,0.7026455026455026,0.731499077363739,13,True
6007,2713,5426,3877,32,5976,2,40,13,400,173,152,5976,2988,0.5294117647058824,0.49866666666666665,0.504,0.4990006662225183,0.5024975024975025,0.4974196770434493,1,2558,2458,0.7895061728395062,0.7503052503052503,0.4325,0.38,0.7977222222222222,0.6931868131868132,13,True
6007,2080,4160,3884,32,5976,2,40,13,400,164,140,5976,2988,0.5133689839572193,0.5253333333333333,0.524,0.4936708860759494,0.4875124875124875,0.4974196770434493,1,2464,2148,0.7604938271604939,0.6556776556776557,0.41,0.35,0.7562222222222221,0.6384615384615384,13,True
6007,5338,4669,3934,32,5976,2,40,13,400,169,168,5976,2988,0.44385026737967914,0.448,0.46266666666666667,0.4983344437041972,0.5051615051615052,0.4974196770434493,1,2569,2444,0.7929012345679012,0.746031746031746,0.4225,0.42,0.7792777777777778,0.7661538461538462,13,True
6007,2004,4008,4012,32,5976,2,40,13,399,174,180,5976,2989,0.5080213903743316,0.47733333333333333,0.5133333333333333,0.508327781479014,0.5024975024975025,0.49758614949225904,3,2476,2454,0.7641975308641975,0.7490842490842491,0.43609022556390975,0.45112781954887216,0.8043441938178779,0.8229364620342063,13,True
6007,518,4350,4024,32,5976,2,40,13,400,163,162,5976,2988,0.44919786096256686,0.5093333333333333,0.49733333333333335,0.5016655562958028,0.4965034965034965,0.4974196770434493,1,2476,2362,0.7641975308641975,0.721001221001221,0.4075,0.405,0.751611111111111,0.7387912087912089,13,True
6007,547,2367,4034,32,5976,2,40,13,399,177,201,5976,2989,0.45454545454545453,0.4533333333333333,0.46266666666666667,0.4743504330446369,0.5018315018315018,0.49758614949225904,3,2514,2472,0.7759259259259259,0.7545787545787546,0.44360902255639095,0.5037593984962406,0.8182121971595655,0.9189457159381972,13,True
6007,5071,5383,4090,32,5976,2,40,13,399,155,145,5976,2989,0.47058823529411764,0.49866666666666665,0.48,0.4823451032644903,0.49683649683649683,0.49758614949225904,3,2397,1819,0.7398148148148148,0.5552503052503053,0.38847117794486213,0.3634085213032581,0.7165135059871902,0.6629210388608885,13,True
6007,360,720,4122,32,5976,2,40,13,400,151,148,5976,2988,0.45989304812834225,0.5013333333333333,0.5093333333333333,0.513657561625583,0.5014985014985015,0.4974196770434493,1,2462,2433,0.7598765432098765,0.7426739926739927,0.3775,0.37,0.6962777777777778,0.6749450549450549,13,True
6007,5698,5389,4194,32,5976,2,40,13,400,165,127,5976,2988,0.44385026737967914,0.456,0.47333333333333333,0.4823451032644903,0.4975024975024975,0.4974196770434493,1,2550,1940,0.7870370370370371,0.5921855921855922,0.4125,0.3175,0.7608333333333333,0.5791758241758242,13,True
6007,5743,5479,4206,32,5976,2,40,13,400,148,153,5976,2988,0.49732620320855614,0.49333333333333335,0.5066666666666667,0.5009993337774816,0.5011655011655012,0.4974196770434493,1,2506,2226,0.7734567901234568,0.6794871794871795,0.37,0.3825,0.6824444444444444,0.6977472527472528,13,True
6007,5751,3834,4289,32,5976,2,40,13,399,177,199,5976,2989,0.5347593582887701,0.5093333333333333,0.49333333333333335,0.4890073284477015,0.49716949716949715,0.49758614949225904,3,2433,2513,0.7509259259259259,0.7670940170940171,0.44360902255639095,0.49874686716791977,0.8182121971595655,0.9098019774711503,13,True
6007,2479,3655,4393,32,5976,2,40,13,400,171,157,5976,2988,0.5133689839572193,0.504,0.488,0.49233844103930713,0.4875124875124875,0.4974196770434493,1,2484,2319,0.7666666666666667,0.7078754578754579,0.4275,0.3925,0.7885,0.715989010989011,13,True
6007,5697,5387,4440,32,5976,2,40,13,400,162,162,5976,2988,0.46524064171123,0.488,0.4866666666666667,0.4943371085942705,0.5028305028305028,0.4974196770434493,1,2530,2452,0.7808641975308642,0.7484737484737485,0.405,0.405,0.7470000000000001,0.7387912087912089,13,True
6007,194,4134,4446,32,5976,2,40,13,400,158,157,5976,2988,0.45454545454545453,0.472,0.49866666666666665,0.4936708860759494,0.5001665001665002,0.4974196770434493,1,2462,2440,0.7598765432098765,0.7448107448107448,0.395,0.3925,0.7285555555555555,0.715989010989011,13,True
6007,3689,1371,4470,32,5976,2,40,13,399,174,162,5976,2989,0.5026737967914439,0.528,0.5173333333333333,0.502998001332445,0.5021645021645021,0.49758614949225904,3,2450,2306,0.7561728395061729,0.703907203907204,0.43609022556390975,0.40601503759398494,0.8043441938178779,0.7406428158307857,13,True
6007,2155,3439,4576,32,5976,2,40,13,399,171,127,5976,2989,0.44919786096256686,0.47733333333333333,0.49333333333333335,0.48967355096602266,0.5051615051615052,0.49758614949225904,3,2510,2143,0.7746913580246914,0.6541514041514042,0.42857142857142855,0.3182957393483709,0.7904761904761904,0.5806273926574678,13,True
6007,2383,3591,4611,32,5976,2,40,13,400,151,158,5976,2988,0.45454545454545453,0.4666666666666667,0.49733333333333335,0.4936708860759494,0.4885114885114885,0.4974196770434493,1,2460,2474,0.7592592592592593,0.7551892551892552,0.3775,0.395,0.6962777777777778,0.7205494505494505,13,True
6007,89,178,4640,32,5976,2,40,13,400,172,166,5976,2988,0.5133689839572193,0.49333333333333335,0.49066666666666664,0.48500999333777484,0.4938394938394938,0.4974196770434493,1,2494,2374,0.769753086419753,0.7246642246642246,0.43,0.415,0.7931111111111111,0.7570329670329671,13,True
6007,2474,4948,4654,32,5976,2,40,13,399,158,169,5976,2989,0.5026737967914439,0.504,0.508,0.49100599600266487,0.48984348984348985,0.49758614949225904,3,2478,2290,0.7648148148148148,0.699023199023199,0.39598997493734334,0.42355889724310775,0.7303815093288778,0.7726459004654493,13,True
6007,5632,5257,4762,32,5976,2,40,13,400,177,175,5976,2988,0.47058823529411764,0.464,0.48533333333333334,0.4936708860759494,0.4938394938394938,0.4974196770434493,1,2512,2477,0.7753086419753087,0.7561050061050061,0.4425,0.4375,0.8161666666666667,0.7980769230769231,13,True
6007,5494,5665,4777,32,5976,2,40,13,400,179,167,5976,2988,0.47058823529411764,0.4533333333333333,0.4653333333333333,0.47235176548967356,0.5051615051615052,0.4974196770434493,1,2516,2390,0.7765432098765432,0.7295482295482295,0.4475,0.4175,0.825388888888889,0.7615934065934066,13,True
6007,3429,2286,4793,32,5976,2,40,13,400,180,153,5976,2988,0.45989304812834225,0.4746666666666667,0.4746666666666667,0.4876748834110593,0.5004995004995005,0.4974196770434493,1,2528,2468,0.7802469135802469,0.7533577533577533,0.45,0.3825,0.8300000000000001,0.6977472527472528,13,True
6007,1931,3862,4858,32,5976,2,40,13,399,142,156,5976,2989,0.48128342245989303,0.4826666666666667,0.512,0.5089940039973351,0.4985014985014985,0.49758614949225904,3,2426,2386,0.7487654320987654,0.7283272283272283,0.3558897243107769,0.39097744360902253,0.6564188248398773,0.7132116004296455,13,True
6007,4692,3377,4861,32,5976,2,40,13,399,163,181,5976,2989,0.5294117647058824,0.5253333333333333,0.504,0.5016655562958028,0.5101565101565102,0.49758614949225904,3,2576,2429,0.7950617283950617,0.7414529914529915,0.40852130325814534,0.45363408521303256,0.7534948482316903,0.8275083312677297,13,True
6007,4595,1061,4878,32,5976,2,40,13,400,169,148,5976,2988,0.43315508021390375,0.44,0.4666666666666667,0.491672218520986,0.49483849483849485,0.4974196770434493,1,2427,2390,0.7490740740740741,0.7295482295482295,0.4225,0.37,0.7792777777777778,0.6749450549450549,13,True
6007,661,2443,4977,32,5976,2,40,13,399,171,150,5976,2989,0.44919786096256686,0.48,0.49866666666666665,0.4943371085942705,0.5034965034965035,0.49758614949225904,3,2436,2372,0.7518518518518519,0.724053724053724,0.42857142857142855,0.37593984962406013,0.7904761904761904,0.6857803850285052,13,True
6007,3484,4325,4991,32,5976,2,40,13,399,161,174,5976,2989,0.48663101604278075,0.4746666666666667,0.49066666666666664,0.4836775483011326,0.4801864801864802,0.49758614949225904,3,2474,2437,0.7635802469135803,0.7438949938949939,0.40350877192982454,0.43609022556390975,0.7442495126705652,0.7955052466330661,13,True
6007,3941,625,5114,32,5976,2,40,13,399,178,147,5976,2989,0.5187165775401069,0.5146666666666667,0.5066666666666667,0.5149900066622252,0.4965034965034965,0.49758614949225904,3,2515,2212,0.7762345679012346,0.6752136752136753,0.44611528822055135,0.3684210526315789,0.822834864940128,0.6720647773279352,13,True
6007,3477,2318,5165,32,5976,2,40,13,400,161,160,5976,2988,0.5294117647058824,0.512,0.49733333333333335,0.4870086608927382,0.48684648684648685,0.4974196770434493,1,2537,2476,0.7830246913580247,0.7557997557997558,0.4025,0.4,0.742388888888889,0.7296703296703297,13,True
6007,3652,1297,5216,32,5976,2,40,13,399,172,133,5976,2989,0.46524064171123,0.5013333333333333,0.4866666666666667,0.4936708860759494,0.5044955044955045,0.49758614949225904,3,2508,2044,0.774074074074074,0.6239316239316239,0.43107769423558895,0.3333333333333333,0.795098858256753,0.608058608058608,13,True
6007,3389,257,5240,32,5976,2,40,13,399,163,185,5976,2989,0.47593582887700536,0.488,0.48933333333333334,0.49300466355762823,0.4855144855144855,0.49758614949225904,3,2545,2327,0.7854938271604939,0.7103174603174603,0.40852130325814534,0.46365914786967416,0.7534948482316903,0.8457958082018232,13,True
6007,1278,852,5255,32,5976,2,40,13,399,176,165,5976,2989,0.5294117647058824,0.5013333333333333,0.516,0.5049966688874084,0.4905094905094905,0.49758614949225904,3,2499,2276,0.7712962962962963,0.6947496947496947,0.44110275689223055,0.41353383458646614,0.8135895293790031,0.7543584235313558,13,True
6007,1956,1304,5267,32,5976,2,40,13,399,149,167,5976,2989,0.5187165775401069,0.5386666666666666,0.5093333333333333,0.5049966688874084,0.5064935064935064,0.49758614949225904,3,2458,2387,0.758641975308642,0.7286324786324786,0.37343358395989973,0.41854636591478694,0.688777499303815,0.7635021619984025,13,True
6007,2094,4188,5317,32,5976,2,40,13,399,185,131,5976,2989,0.5080213903743316,0.5253333333333333,0.49466666666666664,0.4936708860759494,0.4958374958374958,0.49758614949225904,3,2470,2306,0.7623456790123457,0.703907203907204,0.46365914786967416,0.3283208020050125,0.8551935394040656,0.5989148695915613,13,True
6007,2096,5402,5320,32,5976,2,40,13,400,164,155,5976,2988,0.49732620320855614,0.488,0.4786666666666667,0.4883411059293804,0.48884448884448883,0.4974196770434493,1,2520,2476,0.7777777777777778,0.7557997557997558,0.41,0.3875,0.7562222222222221,0.7068681318681319,13,True
6007,446,892,5325,32,5976,2,40,13,399,186,182,5976,2989,0.5347593582887701,0.52,0.488,0.4843437708194537,0.5028305028305028,0.49758614949225904,3,2539,2134,0.783641975308642,0.6514041514041514,0.46616541353383456,0.45614035087719296,0.8598162071846281,0.8320802005012531,13,True
6007,3548,1089,5383,32,5976,2,40,13,399,175,165,5976,2989,0.44385026737967914,0.44266666666666665,0.46266666666666667,0.47834776815456365,0.4935064935064935,0.49758614949225904,3,2559,2445,0.7898148148148149,0.7463369963369964,0.43859649122807015,0.41353383458646614,0.8089668615984404,0.7543584235313558,13,True
6007,3876,2584,5434,32,5976,2,40,13,400,144,131,5976,2988,0.5240641711229946,0.5146666666666667,0.49466666666666664,0.5009993337774816,0.5014985014985015,0.4974196770434493,1,2502,2186,0.7722222222222223,0.6672771672771672,0.36,0.3275,0.664,0.5974175824175825,13,True
6007,2628,1752,5459,32,5976,2,40,13,400,163,153,5976,2988,0.44919786096256686,0.45866666666666667,0.49066666666666664,0.5183211192538307,0.49783549783549785,0.4974196770434493,1,2546,2367,0.7858024691358024,0.7225274725274725,0.4075,0.3825,0.751611111111111,0.6977472527472528,13,True
6007,750,1500,5518,32,5976,2,40,13,399,178,168,5976,2989,0.48128342245989303,0.488,0.488,0.4983344437041972,0.4908424908424908,0.49758614949225904,3,2464,2531,0.7604938271604939,0.7725885225885226,0.44611528822055135,0.42105263157894735,0.822834864940128,0.7680740312319259,13,True
6007,1792,3584,5543,32,5976,2,40,13,399,189,144,5976,2989,0.48663101604278075,0.504,0.49466666666666664,0.5043304463690873,0.4931734931734932,0.49758614949225904,3,2540,2264,0.7839506172839507,0.6910866910866911,0.47368421052631576,0.3609022556390977,0.8736842105263157,0.6583491696273651,13,True
6007,1295,2590,5555,32,5976,2,40,13,399,174,162,5976,2989,0.5454545454545454,0.512,0.49066666666666664,0.4890073284477015,0.4858474858474858,0.49758614949225904,3,2455,2309,0.7577160493827161,0.7048229548229549,0.43609022556390975,0.40601503759398494,0.8043441938178779,0.7406428158307857,13,True
6007,4479,2951,5597,32,5976,2,40,13,399,152,162,5976,2989,0.5508021390374331,0.5253333333333333,0.5133333333333333,0.49766822118587606,0.5014985014985015,0.49758614949225904,3,2412,2386,0.7444444444444445,0.7283272283272283,0.38095238095238093,0.40601503759398494,0.7026455026455026,0.7406428158307857,13,True
6007,4770,3180,5646,32,5976,2,40,13,400,162,175,5976,2988,0.4919786096256685,0.4666666666666667,0.4826666666666667,0.4810126582278481,0.4981684981684982,0.4974196770434493,1,2446,2392,0.7549382716049383,0.7301587301587301,0.405,0.4375,0.7470000000000001,0.7980769230769231,13,True
6007,1415,4948,5681,32,5976,2,40,13,400,167,146,5976,2988,0.45989304812834225,0.5146666666666667,0.49333333333333335,0.5049966688874084,0.5031635031635031,0.4974196770434493,1,2526,2258,0.7796296296296297,0.6892551892551892,0.4175,0.365,0.7700555555555556,0.6658241758241757,13,True
6007,1115,2230,5790,32,5976,2,40,13,400,164,142,5976,2988,0.47593582887700536,0.48533333333333334,0.49066666666666664,0.5009993337774816,0.5011655011655012,0.4974196770434493,1,2527,2358,0.7799382716049382,0.7197802197802198,0.41,0.355,0.7562222222222221,0.6475824175824176,13,True
6007,2358,4716,5834,32,5976,2,40,13,400,161,130,5976,2988,0.47058823529411764,0.47733333333333333,0.4786666666666667,0.475016655562958,0.49184149184149184,0.4974196770434493,1,2532,2097,0.7814814814814814,0.6401098901098901,0.4025,0.325,0.742388888888889,0.5928571428571429,13,True
6007,2677,3787,5922,32,5976,2,40,13,399,175,167,5976,2989,0.47593582887700536,0.49066666666666664,0.4666666666666667,0.4816788807461692,0.5008325008325009,0.49758614949225904,3,2533,2379,0.7817901234567901,0.7261904761904762,0.43859649122807015,0.41854636591478694,0.8089668615984404,0.7635021619984025,13,True
6007,2705,5808,5923,32,5976,2,40,13,400,150,165,5976,2988,0.47058823529411764,0.4826666666666667,0.49333333333333335,0.4890073284477015,0.48884448884448883,0.4974196770434493,1,2540,2342,0.7839506172839507,0.7148962148962149,0.375,0.4125,0.6916666666666667,0.7524725274725275,13,True
6007,3161,315,10,-32,6040,2,40,13,400,166,155,6040,3020,0.49732620320855614,0.5306666666666666,0.532,0.5203197868087941,0.5124875124875125,0.5027467954053604,1,2542,2528,0.7845679012345679,0.7716727716727717,0.415,0.3875,0.773641975308642,0.7144383394383395,13,True
6007,71,142,26,-32,6040,2,40,13,400,166,149,6040,3020,0.45989304812834225,0.464,0.476,0.4843437708194537,0.4955044955044955,0.5027467954053604,1,2568,2418,0.7925925925925926,0.7380952380952381,0.415,0.3725,0.773641975308642,0.6867826617826618,13,True
6007,1089,2178,136,-32,6040,2,40,13,400,162,151,6040,3020,0.5775401069518716,0.5306666666666666,0.504,0.502998001332445,0.4975024975024975,0.5027467954053604,1,2562,2361,0.7907407407407407,0.7206959706959707,0.405,0.3775,0.7550000000000001,0.696001221001221,13,True
6007,5821,5635,208,-32,6040,2,40,13,400,163,140,6040,3021,0.46524064171123,0.5093333333333333,0.5266666666666666,0.5169886742171885,0.5008325008325009,0.5029132678541701,3,2523,2268,0.7787037037037037,0.6923076923076923,0.4075,0.35,0.7596604938271604,0.6452991452991453,13,True
6007,2162,5446,219,-32,6040,2,40,13,400,156,162,6040,3020,0.5401069518716578,0.5093333333333333,0.5066666666666667,0.5043304463690873,0.49983349983349984,0.5027467954053604,1,2484,2393,0.7666666666666667,0.7304639804639804,0.39,0.405,0.727037037037037,0.7467032967032968,13,True
6007,3711,1415,221,-32,6040,2,40,13,400,155,158,6040,3020,0.49732620320855614,0.5066666666666667,0.4866666666666667,0.4890073284477015,0.4945054945054945,0.5027467954053604,1,2516,2408,0.7765432098765432,0.7350427350427351,0.3875,0.395,0.7223765432098765,0.7282661782661783,13,True
6007,4548,3089,284,-32,6040,2,40,13,400,158,159,6040,3020,0.5721925133689839,0.5306666666666666,0.524,0.508327781479014,0.5091575091575091,0.5027467954053604,1,2458,2397,0.758641975308642,0.7316849816849816,0.395,0.3975,0.736358024691358,0.7328754578754579,13,True
6007,1712,3424,354,-32,6040,2,40,13,400,169,147,6040,3021,0.5187165775401069,0.5013333333333333,0.512,0.508327781479014,0.5111555111555112,0.5029132678541701,3,2492,2361,0.7691358024691358,0.7206959706959707,0.4225,0.3675,0.7876234567901235,0.6775641025641025,13,True
6007,290,580,387,-32,6040,2,40,13,400,163,174,6040,3020,0.4919786096256685,0.5173333333333333,0.5493333333333333,0.5309793471019321,0.5094905094905094,0.5027467954053604,1,2475,2374,0.7638888888888888,0.7246642246642246,0.4075,0.435,0.7596604938271604,0.802014652014652,13,True
6007,3018,2012,402,-32,6040,2,40,13,400,163,158,6040,3020,0.5026737967914439,0.5066666666666667,0.504,0.5016655562958028,0.5124875124875125,0.5027467954053604,1,2470,2298,0.7623456790123457,0.7014652014652014,0.4075,0.395,0.7596604938271604,0.7282661782661783,13,True
6007,1863,1242,547,-32,6040,2,40,13,400,166,159,6040,3020,0.4919786096256685,0.49066666666666664,0.5093333333333333,0.4870086608927382,0.4935064935064935,0.5027467954053604,1,2426,2438,0.7487654320987654,0.7442002442002442,0.415,0.3975,0.773641975308642,0.7328754578754579,13,True
6007,1636,3093,607,-32,6040,2,40,13,400,158,174,6040,3021,0.5561497326203209,0.5306666666666666,0.5146666666666667,0.5063291139240507,0.5071595071595072,0.5029132678541701,3,2548,2552,0.7864197530864198,0.778998778998779,0.395,0.435,0.736358024691358,0.802014652014652,13,True
6007,4846,5233,612,-32,6040,2,40,13,400,167,153,6040,3020,0.49732620320855614,0.4613333333333333,0.48533333333333334,0.5036642238507661,0.49284049284049286,0.5027467954053604,1,2480,2419,0.7654320987654321,0.7384004884004884,0.4175,0.3825,0.7783024691358024,0.7052197802197803,13,True
6007,56,4042,622,-32,6040,2,40,13,400,174,171,6040,3021,0.4385026737967914,0.48533333333333334,0.5106666666666667,0.4990006662225183,0.5001665001665002,0.5029132678541701,3,2447,2371,0.7552469135802469,0.7237484737484737,0.435,0.4275,0.8109259259259259,0.7881868131868132,13,True
6007,1985,3970,630,-32,6040,2,40,13,400,182,151,6040,3021,0.5026737967914439,0.48533333333333334,0.492,0.4890073284477015,0.4965034965034965,0.5029132678541701,3,2589,2405,0.799074074074074,0.7341269841269841,0.455,0.3775,0.84820987654321,0.696001221001221,13,True
6007,227,4156,713,-32,6040,2,40,13,400,173,166,6040,3020,0.5401069518716578,0.504,0.49733333333333335,0.4943371085942705,0.49284049284049286,0.5027467954053604,1,2580,2330,0.7962962962962963,0.7112332112332113,0.4325,0.415,0.8062654320987654,0.7651404151404151,13,True
6007,1436,2872,723,-32,6040,2,40,13,400,171,163,6040,3020,0.45989304812834225,0.5066666666666667,0.5146666666666667,0.5023317788141239,0.5081585081585082,0.5027467954053604,1,2526,2432,0.7796296296296297,0.7423687423687424,0.4275,0.4075,0.7969444444444445,0.7513125763125762,13,True
6007,5847,5687,769,-32,6040,2,40,13,400,159,168,6040,3020,0.47058823529411764,0.48533333333333334,0.49733333333333335,0.4950033311125916,0.5038295038295039,0.5027467954053604,1,2495,2476,0.7700617283950617,0.7557997557997558,0.3975,0.42,0.7410185185185185,0.7743589743589743,13,True
6007,4803,3202,782,-32,6040,2,40,13,400,156,121,6040,3021,0.5133689839572193,0.5013333333333333,0.5093333333333333,0.4990006662225183,0.49217449217449216,0.5029132678541701,3,2508,2184,0.774074074074074,0.6666666666666666,0.39,0.3025,0.727037037037037,0.5577228327228327,13,True
6007,1355,2710,851,-32,6040,2,40,13,400,159,158,6040,3021,0.47593582887700536,0.49066666666666664,0.492,0.4990006662225183,0.4981684981684982,0.5029132678541701,3,2537,2432,0.7830246913580247,0.7423687423687424,0.3975,0.395,0.7410185185185185,0.7282661782661783,13,True
6007,5303,4599,883,-32,6040,2,40,13,400,168,174,6040,3021,0.5668449197860963,0.504,0.48933333333333334,0.5056628914057295,0.5011655011655012,0.5029132678541701,3,2529,2341,0.7805555555555556,0.7145909645909646,0.42,0.435,0.7829629629629629,0.802014652014652,13,True
6007,246,492,963,-32,6040,2,40,13,400,162,167,6040,3020,0.5935828877005348,0.5573333333333333,0.5266666666666666,0.5203197868087941,0.5084915084915085,0.5027467954053604,1,2551,2426,0.7873456790123456,0.7405372405372406,0.405,0.4175,0.7550000000000001,0.7697496947496947,13,True
6007,1888,3776,1070,-32,6040,2,40,13,400,180,179,6040,3021,0.46524064171123,0.496,0.5226666666666666,0.5069953364423717,0.5068265068265069,0.5029132678541701,3,2501,2345,0.7719135802469136,0.7158119658119658,0.45,0.4475,0.8388888888888889,0.8250610500610501,13,True
6007,2949,5898,1131,-32,6040,2,40,13,400,160,149,6040,3021,0.5240641711229946,0.48533333333333334,0.508,0.5023317788141239,0.4958374958374958,0.5029132678541701,3,2506,2360,0.7734567901234568,0.7203907203907204,0.4,0.3725,0.745679012345679,0.6867826617826618,13,True
6007,4129,2251,1208,-32,6040,2,40,13,400,194,186,6040,3021,0.5561497326203209,0.536,0.5306666666666666,0.5209860093271153,0.5041625041625042,0.5029132678541701,3,2515,2436,0.7762345679012346,0.7435897435897436,0.485,0.465,0.9041358024691358,0.8573260073260074,13,True
6007,857,4576,1247,-32,6040,2,40,13,400,169,163,6040,3021,0.5401069518716578,0.5146666666666667,0.5,0.4996668887408394,0.5044955044955045,0.5029132678541701,3,2498,2460,0.7709876543209877,0.7509157509157509,0.4225,0.4075,0.7876234567901235,0.7513125763125762,13,True
6007,5410,4813,1304,-32,6040,2,40,13,400,162,160,6040,3021,0.5187165775401069,0.536,0.528,0.5096602265156562,0.5028305028305028,0.5029132678541701,3,2494,2309,0.769753086419753,0.7048229548229549,0.405,0.4,0.7550000000000001,0.7374847374847375,13,True
6007,13,2011,1404,-32,6040,2,40,13,400,157,154,6040,3020,0.48663101604278075,0.488,0.4786666666666667,0.4816788807461692,0.4995004995004995,0.5027467954053604,1,2558,2242,0.7895061728395062,0.6843711843711844,0.3925,0.385,0.7316975308641976,0.7098290598290599,13,True
6007,1314,2628,1411,-32,6040,2,40,13,400,157,163,6040,3020,0.5614973262032086,0.5466666666666666,0.532,0.524983344437042,0.5111555111555112,0.5027467954053604,1,2474,2325,0.7635802469135803,0.7097069597069597,0.3925,0.4075,0.7316975308641976,0.7513125763125762,13,True
6007,2037,4074,1426,-32,6040,2,40,13,400,145,133,6040,3021,0.5294117647058824,0.512,0.48133333333333334,0.4876748834110593,0.4881784881784882,0.5029132678541701,3,2469,2164,0.7620370370370371,0.6605616605616605,0.3625,0.3325,0.6757716049382716,0.6130341880341881,13,True
6007,3973,1939,1428,-32,6040,2,40,13,400,158,185,6040,3021,0.47593582887700536,0.4746666666666667,0.49866666666666665,0.49100599600266487,0.5014985014985015,0.5029132678541701,3,2529,2451,0.7805555555555556,0.7481684981684982,0.395,0.4625,0.736358024691358,0.8527167277167277,13,True
6007,5418,4829,1640,-32,6040,2,40,13,400,166,124,6040,3021,0.42245989304812837,0.4266666666666667,0.4613333333333333,0.4876748834110593,0.47985347985347987,0.5029132678541701,3,2495,2108,0.7700617283950617,0.6434676434676435,0.415,0.31,0.773641975308642,0.5715506715506716,13,True
6007,5499,3666,1655,-32,6040,2,40,13,400,158,180,6040,3021,0.5240641711229946,0.5306666666666666,0.49866666666666665,0.4983344437041972,0.4908424908424908,0.5029132678541701,3,2532,2338,0.7814814814814814,0.7136752136752137,0.395,0.45,0.736358024691358,0.8296703296703297,13,True
6007,339,678,1699,-32,6040,2,40,13,400,155,125,6040,3020,0.47058823529411764,0.464,0.4706666666666667,0.4823451032644903,0.5048285048285048,0.5027467954053604,1,2508,2196,0.774074074074074,0.6703296703296703,0.3875,0.3125,0.7223765432098765,0.5761599511599511,13,True
6007,3247,4167,1841,-32,6040,2,40,13,400,159,161,6040,3021,0.48128342245989303,0.48533333333333334,0.48133333333333334,0.5063291139240507,0.5038295038295039,0.5029132678541701,3,2496,2362,0.7703703703703704,0.721001221001221,0.3975,0.4025,0.7410185185185185,0.7420940170940172,13,True
6007,2093,4186,1842,-32,6040,2,40,13,400,166,154,6040,3020,0.5668449197860963,0.56,0.532,0.5176548967355097,0.5048285048285048,0.5027467954053604,1,2482,2405,0.7660493827160494,0.7341269841269841,0.415,0.385,0.773641975308642,0.7098290598290599,13,True
6007,1243,2486,1871,-32,6040,2,40,13,400,153,161,6040,3020,0.49732620320855614,0.512,0.492,0.4990006662225183,0.4931734931734932,0.5027467954053604,1,2514,2406,0.7759259259259259,0.7344322344322345,0.3825,0.4025,0.7130555555555557,0.7420940170940172,13,True
6007,5385,4763,2079,-32,6040,2,40,13,400,167,172,6040,3020,0.48128342245989303,0.4826666666666667,0.47733333333333333,0.4943371085942705,0.49517149517149517,0.5027467954053604,1,2548,2514,0.7864197530864198,0.7673992673992674,0.4175,0.43,0.7783024691358024,0.7927960927960928,13,True
6007,190,380,2122,-32,6040,2,40,13,400,181,161,6040,3021,0.5240641711229946,0.5013333333333333,0.49466666666666664,0.49700199866755496,0.4961704961704962,0.5029132678541701,3,2521,2265,0.7780864197530865,0.6913919413919414,0.4525,0.4025,0.8435493827160494,0.7420940170940172,13,True
6007,3367,4247,2140,-32,6040,2,40,13,400,158,153,6040,3020,0.5240641711229946,0.4826666666666667,0.49466666666666664,0.5103264490339774,0.5131535131535132,0.5027467954053604,1,2466,2346,0.7611111111111111,0.7161172161172161,0.395,0.3825,0.736358024691358,0.7052197802197803,13,True
6007,5286,3524,2187,-32,6040,2,40,13,400,152,168,6040,3021,0.5508021390374331,0.5653333333333334,0.524,0.5143237841439041,0.5091575091575091,0.5029132678541701,3,2494,2410,0.769753086419753,0.7356532356532357,0.38,0.42,0.7083950617283951,0.7743589743589743,13,True
6007,5516,1675,2231,-32,6040,2,40,13,400,180,150,6040,3020,0.42245989304812837,0.496,0.5,0.5076615589606929,0.5051615051615052,0.5027467954053604,1,2517,2291,0.7768518518518519,0.6993284493284493,0.45,0.375,0.8388888888888889,0.6913919413919414,13,True
6007,4341,2894,2291,-32,6040,2,40,13,400,167,177,6040,3021,0.45454545454545453,0.48533333333333334,0.5146666666666667,0.4950033311125916,0.5071595071595072,0.5029132678541701,3,2524,2440,0.7790123456790123,0.7448107448107448,0.4175,0.4425,0.7783024691358024,0.8158424908424908,13,True
6007,3765,1523,2324,-32,6040,2,40,13,400,148,157,6040,3021,0.5240641711229946,0.49333333333333335,0.49466666666666664,0.49300466355762823,0.5088245088245088,0.5029132678541701,3,2448,2265,0.7555555555555555,0.6913919413919414,0.37,0.3925,0.6897530864197532,0.7236568986568988,13,True
6007,180,120,2389,-32,6040,2,40,13,400,194,146,6040,3020,0.5080213903743316,0.47733333333333333,0.48533333333333334,0.5116588940706196,0.5021645021645021,0.5027467954053604,1,2532,2145,0.7814814814814814,0.6547619047619048,0.485,0.365,0.9041358024691358,0.6729548229548229,13,True
6007,5186,4365,2392,-32,6040,2,40,13,400,163,155,6040,3020,0.5294117647058824,0.49866666666666665,0.49466666666666664,0.5176548967355097,0.5088245088245088,0.5027467954053604,1,2534,2476,0.7820987654320988,0.7557997557997558,0.4075,0.3875,0.7596604938271604,0.7144383394383395,13,True
6007,5982,5957,2428,-32,6040,2,40,13,400,163,146,6040,3020,0.5240641711229946,0.49866666666666665,0.488,0.49233844103930713,0.49916749916749914,0.5027467954053604,1,2528,2089,0.7802469135802469,0.6376678876678876,0.4075,0.365,0.7596604938271604,0.6729548229548229,13,True
6007,2489,5664,2478,-32,6040,2,40,13,400,178,198,6040,3021,0.49732620320855614,0.48533333333333334,0.512,0.5116588940706196,0.5078255078255078,0.5029132678541701,3,2584,2426,0.7975308641975308,0.7405372405372406,0.445,0.495,0.8295679012345679,0.9126373626373627,13,True
6007,5784,5561,2579,-32,6040,2,40,13,400,148,142,6040,3021,0.4919786096256685,0.496,0.5186666666666667,0.5143237841439041,0.5054945054945055,0.5029132678541701,3,2509,2397,0.7743827160493827,0.7316849816849816,0.37,0.355,0.6897530864197532,0.6545177045177044,13,True
6007,5235,3490,2594,-32,6040,2,40,13,400,151,146,6040,3020,0.5508021390374331,0.5653333333333334,0.5093333333333333,0.5003331112591606,0.5028305028305028,0.5027467954053604,1,2418,2320,0.7462962962962963,0.7081807081807082,0.3775,0.365,0.7037345679012346,0.6729548229548229,13,True
6007,863,1726,2607,-32,6040,2,40,13,400,159,177,6040,3021,0.5240641711229946,0.52,0.5146666666666667,0.5049966688874084,0.4981684981684982,0.5029132678541701,3,2482,2543,0.7660493827160494,0.7762515262515263,0.3975,0.4425,0.7410185185185185,0.8158424908424908,13,True
6007,387,774,2660,-32,6040,2,40,13,400,188,158,6040,3021,0.47058823529411764,0.48533333333333334,0.472,0.5049966688874084,0.5064935064935064,0.5029132678541701,3,2476,2338,0.7641975308641975,0.7136752136752137,0.47,0.395,0.8761728395061728,0.7282661782661783,13,True
6007,2357,4714,2676,-32,6040,2,40,13,400,139,143,6040,3020,0.44919786096256686,0.49333333333333335,0.492,0.4983344437041972,0.4995004995004995,0.5027467954053604,1,2444,2110,0.754320987654321,0.6440781440781441,0.3475,0.3575,0.6478086419753085,0.659126984126984,13,True
6007,4204,4805,2692,-32,6040,2,40,13,400,157,196,6040,3021,0.4919786096256685,0.48,0.49066666666666664,0.5169886742171885,0.5088245088245088,0.5029132678541701,3,2516,2460,0.7765432098765432,0.7509157509157509,0.3925,0.49,0.7316975308641976,0.9034188034188034,13,True
6007,3472,4317,2698,-32,6040,2,40,13,400,173,169,6040,3021,0.5080213903743316,0.49066666666666664,0.49466666666666664,0.5016655562958028,0.5038295038295039,0.5029132678541701,3,2497,2369,0.770679012345679,0.7231379731379731,0.4325,0.4225,0.8062654320987654,0.778968253968254,13,True
6007,5693,1793,2807,-32,6040,2,40,13,400,165,144,6040,3020,0.5614973262032086,0.5493333333333333,0.49333333333333335,0.4823451032644903,0.49284049284049286,0.5027467954053604,1,2550,2269,0.7870370370370371,0.6926129426129426,0.4125,0.36,0.7689814814814815,0.6637362637362637,13,True
6007,3859,4575,2831,-32,6040,2,40,13,400,173,139,6040,3020,0.5347593582887701,0.5173333333333333,0.488,0.48967355096602266,0.49983349983349984,0.5027467954053604,1,2484,2089,0.7666666666666667,0.6376678876678876,0.4325,0.3475,0.8062654320987654,0.6406898656898656,13,True
6007,5459,1637,2983,-32,6040,2,40,13,400,167,159,6040,3020,0.43315508021390375,0.456,0.49866666666666665,0.4890073284477015,0.4911754911754912,0.5027467954053604,1,2540,2454,0.7839506172839507,0.7490842490842491,0.4175,0.3975,0.7783024691358024,0.7328754578754579,13,True
6007,3284,561,3100,-32,6040,2,40,13,400,157,167,6040,3020,0.5133689839572193,0.5333333333333333,0.5173333333333333,0.5049966688874084,0.5048285048285048,0.5027467954053604,1,2490,2442,0.7685185185185185,0.7454212454212454,0.3925,0.4175,0.7316975308641976,0.7697496947496947,13,True
6007,5207,1469,3159,-32,6040,2,40,13,400,131,191,6040,3021,0.5187165775401069,0.5333333333333333,0.5053333333333333,0.5016655562958028,0.5064935064935064,0.5029132678541701,3,2469,2532,0.7620370370370371,0.7728937728937729,0.3275,0.4775,0.6105246913580248,0.8803724053724054,13,True
6007,5577,3718,3161,-32,6040,2,40,13,400,181,109,6040,3021,0.49732620320855614,0.47733333333333333,0.48,0.4816788807461692,0.5044955044955045,0.5029132678541701,3,2466,2322,0.7611111111111111,0.7087912087912088,0.4525,0.2725,0.8435493827160494,0.5024114774114774,13,True
6007,3483,2322,3205,-32,6040,2,40,13,400,170,173,6040,3021,0.5080213903743316,0.5253333333333333,0.5066666666666667,0.5076615589606929,0.5118215118215118,0.5029132678541701,3,2604,2427,0.8037037037037037,0.7408424908424909,0.425,0.4325,0.792283950617284,0.7974053724053725,13,True
6007,3903,1799,3211,-32,6040,2,40,13,400,175,142,6040,3021,0.4117647058823529,0.48,0.5013333333333333,0.519653564290473,0.5058275058275058,0.5029132678541701,3,2495,2321,0.7700617283950617,0.7084859584859585,0.4375,0.355,0.8155864197530864,0.6545177045177044,13,True
6007,1099,2198,3255,-32,6040,2,40,13,400,160,135,6040,3020,0.45454545454545453,0.47733333333333333,0.49333333333333335,0.5036642238507661,0.5031635031635031,0.5027467954053604,1,2426,2192,0.7487654320987654,0.6691086691086691,0.4,0.3375,0.745679012345679,0.6222527472527474,13,True
6007,397,2267,3397,-32,6040,2,40,13,400,178,167,6040,3020,0.4919786096256685,0.5146666666666667,0.5,0.5016655562958028,0.5088245088245088,0.5027467954053604,1,2596,2529,0.8012345679012346,0.771978021978022,0.445,0.4175,0.8295679012345679,0.7697496947496947,13,True
6007,4795,3583,3425,-32,6040,2,40,13,400,154,148,6040,3021,0.5187165775401069,0.5066666666666667,0.504,0.5063291139240507,0.5011655011655012,0.5029132678541701,3,2392,2268,0.7382716049382716,0.6923076923076923,0.385,0.37,0.717716049382716,0.6821733821733822,13,True
6007,5477,1649,3516,-32,6040,2,40,13,400,163,159,6040,3020,0.5347593582887701,0.5413333333333333,0.5266666666666666,0.5143237841439041,0.5058275058275058,0.5027467954053604,1,2452,2516,0.7567901234567901,0.7680097680097681,0.4075,0.3975,0.7596604938271604,0.7328754578754579,13,True
6007,3069,131,3529,-32,6040,2,40,13,400,159,141,6040,3020,0.5026737967914439,0.49333333333333335,0.4866666666666667,0.5023317788141239,0.5051615051615052,0.5027467954053604,1,2504,2343,0.7728395061728395,0.7152014652014652,0.3975,0.3525,0.7410185185185185,0.6499084249084249,13,True
6007,3781,4523,3530,-32,6040,2,40,13,400,165,186,6040,3021,0.5561497326203209,0.5173333333333333,0.508,0.5129913391072618,0.5041625041625042,0.5029132678541701,3,2473,2364,0.7632716049382716,0.7216117216117216,0.4125,0.465,0.7689814814814815,0.8573260073260074,13,True
6007,3595,4399,3533,-32,6040,2,40,13,400,164,162,6040,3020,0.4117647058823529,0.48,0.484,0.4883411059293804,0.5064935064935064,0.5027467954053604,1,2510,2394,0.7746913580246914,0.7307692307692307,0.41,0.405,0.7643209876543209,0.7467032967032968,13,True
6007,5025,4043,3645,-32,6040,2,40,13,400,182,144,6040,3021,0.4919786096256685,0.512,0.492,0.49300466355762823,0.49284049284049286,0.5029132678541701,3,2542,2252,0.7845679012345679,0.6874236874236874,0.455,0.36,0.84820987654321,0.6637362637362637,13,True
6007,3134,87,3714,-32,6040,2,40,13,400,165,153,6040,3021,0.49732620320855614,0.47733333333333333,0.4866666666666667,0.4950033311125916,0.49517149517149517,0.5029132678541701,3,2493,2325,0.7694444444444445,0.7097069597069597,0.4125,0.3825,0.7689814814814815,0.7052197802197803,13,True
6007,5053,5371,3780,-32,6040,2,40,13,400,162,142,6040,3020,0.5133689839572193,0.528,0.524,0.5156562291805463,0.5101565101565102,0.5027467954053604,1,2521,2293,0.7780864197530865,0.6999389499389499,0.405,0.355,0.7550000000000001,0.6545177045177044,13,True
6007,3145,283,3804,-32,6040,2,40,13,400,162,149,6040,3021,0.48663101604278075,0.5146666666666667,0.5213333333333333,0.5003331112591606,0.5084915084915085,0.5029132678541701,3,2470,2382,0.7623456790123457,0.7271062271062271,0.405,0.3725,0.7550000000000001,0.6867826617826618,13,True
6007,1511,3022,3838,-32,6040,2,40,13,400,163,150,6040,3021,0.47058823529411764,0.464,0.476,0.502998001332445,0.5044955044955045,0.5029132678541701,3,2500,2337,0.7716049382716049,0.7133699633699634,0.4075,0.375,0.7596604938271604,0.6913919413919414,13,True
6007,23,4020,3839,-32,6040,2,40,13,400,172,165,6040,3020,0.48128342245989303,0.49333333333333335,0.4866666666666667,0.49300466355762823,0.49517149517149517,0.5027467954053604,1,2574,2345,0.7944444444444444,0.7158119658119658,0.43,0.4125,0.8016049382716048,0.7605311355311355,13,True
6007,564,1128,3875,-32,6040,2,40,13,400,158,145,6040,3021,0.48663101604278075,0.4746666666666667,0.5106666666666667,0.5169886742171885,0.5028305028305028,0.5029132678541701,3,2460,2353,0.7592592592592593,0.7182539682539683,0.395,0.3625,0.736358024691358,0.6683455433455433,13,True
6007,5641,5763,3877,-32,6040,2,40,13,400,171,153,6040,3020,0.47058823529411764,0.48,0.48133333333333334,0.4876748834110593,0.5051615051615052,0.5027467954053604,1,2422,2432,0.7475308641975309,0.7423687423687424,0.4275,0.3825,0.7969444444444445,0.7052197802197803,13,True
6007,1566,1044,3884,-32,6040,2,40,13,400,151,169,6040,3020,0.47593582887700536,0.5093333333333333,0.532,0.5316455696202531,0.5108225108225108,0.5027467954053604,1,2506,2412,0.7734567901234568,0.7362637362637363,0.3775,0.4225,0.7037345679012346,0.778968253968254,13,True
6007,1928,5290,3934,-32,6040,2,40,13,400,171,175,6040,3020,0.5775401069518716,0.5013333333333333,0.504,0.5109926715522984,0.49983349983349984,0.5027467954053604,1,2582,2542,0.7969135802469136,0.775946275946276,0.4275,0.4375,0.7969444444444445,0.8066239316239316,13,True
6007,2225,5488,4012,-32,6040,2,40,13,400,169,135,6040,3021,0.44919786096256686,0.4826666666666667,0.48133333333333334,0.4943371085942705,0.4985014985014985,0.5029132678541701,3,2554,2507,0.7882716049382716,0.7652625152625152,0.4225,0.3375,0.7876234567901235,0.6222527472527474,13,True
6007,4662,3317,4024,-32,6040,2,40,13,400,171,185,6040,3020,0.5080213903743316,0.49866666666666665,0.4866666666666667,0.475016655562958,0.4975024975024975,0.5027467954053604,1,2500,2452,0.7716049382716049,0.7484737484737485,0.4275,0.4625,0.7969444444444445,0.8527167277167277,13,True
6007,4923,3839,4034,-32,6040,2,40,13,400,152,165,6040,3021,0.4919786096256685,0.472,0.49733333333333335,0.5123251165889408,0.5091575091575091,0.5029132678541701,3,2438,2320,0.7524691358024691,0.7081807081807082,0.38,0.4125,0.7083950617283951,0.7605311355311355,13,True
6007,3590,1173,4090,-32,6040,2,40,13,400,172,148,6040,3021,0.48128342245989303,0.48533333333333334,0.48533333333333334,0.4996668887408394,0.5108225108225108,0.5029132678541701,3,2514,2279,0.7759259259259259,0.6956654456654456,0.43,0.37,0.8016049382716048,0.6821733821733822,13,True
6007,40,2029,4122,-32,6040,2,40,13,400,178,149,6040,3020,0.5080213903743316,0.496,0.484,0.49566955363091275,0.49483849483849485,0.5027467954053604,1,2484,2122,0.7666666666666667,0.6477411477411478,0.445,0.3725,0.8295679012345679,0.6867826617826618,13,True
6007,1968,1312,4194,-32,6040,2,40,13,400,170,149,6040,3020,0.5347593582887701,0.5386666666666666,0.5186666666666667,0.4990006662225183,0.4985014985014985,0.5027467954053604,1,2480,2444,0.7654320987654321,0.746031746031746,0.425,0.3725,0.792283950617284,0.6867826617826618,13,True
6007,1973,5320,4206,-32,6040,2,40,13,400,170,133,6040,3020,0.5240641711229946,0.52,0.5106666666666667,0.49566955363091275,0.5028305028305028,0.5027467954053604,1,2455,2316,0.7577160493827161,0.706959706959707,0.425,0.3325,0.792283950617284,0.6130341880341881,13,True
6007,3703,1399,4289,-32,6040,2,40,13,400,163,170,6040,3021,0.5080213903743316,0.49066666666666664,0.49733333333333335,0.49700199866755496,0.5054945054945055,0.5029132678541701,3,2458,2448,0.758641975308642,0.7472527472527473,0.4075,0.425,0.7596604938271604,0.7835775335775336,13,True
6007,4290,2573,4393,-32,6040,2,40,13,400,168,162,6040,3020,0.5133689839572193,0.528,0.512,0.5116588940706196,0.5051615051615052,0.5027467954053604,1,2538,2150,0.7833333333333333,0.6562881562881563,0.42,0.405,0.7829629629629629,0.7467032967032968,13,True
6007,633,422,4440,-32,6040,2,40,13,400,170,162,6040,3020,0.4919786096256685,0.512,0.5146666666666667,0.5123251165889408,0.5034965034965035,0.5027467954053604,1,2422,2312,0.7475308641975309,0.7057387057387058,0.425,0.405,0.792283950617284,0.7467032967032968,13,True
6007,1746,3492,4446,-32,6040,2,40,13,400,171,172,6040,3020,0.47593582887700536,0.5066666666666667,0.5093333333333333,0.5096602265156562,0.5048285048285048,0.5027467954053604,1,2530,2388,0.7808641975308642,0.7289377289377289,0.4275,0.43,0.7969444444444445,0.7927960927960928,13,True
6007,5082,3388,4470,-32,6040,2,40,13,400,172,156,6040,3021,0.45989304812834225,0.4693333333333333,0.48933333333333334,0.4890073284477015,0.48684648684648685,0.5029132678541701,3,2487,2268,0.7675925925925926,0.6923076923076923,0.43,0.39,0.8016049382716048,0.719047619047619,13,True
6007,1374,2748,4576,-32,6040,2,40,13,400,174,141,6040,3021,0.5401069518716578,0.5626666666666666,0.536,0.5149900066622252,0.5021645021645021,0.5029132678541701,3,2503,2426,0.7725308641975308,0.7405372405372406,0.435,0.3525,0.8109259259259259,0.6499084249084249,13,True
6007,3426,845,4611,-32,6040,2,40,13,400,170,164,6040,3020,0.47593582887700536,0.5146666666666667,0.5093333333333333,0.4883411059293804,0.5001665001665002,0.5027467954053604,1,2504,2410,0.7728395061728395,0.7356532356532357,0.425,0.41,0.792283950617284,0.7559218559218558,13,True
6007,4682,1119,4640,-32,6040,2,40,13,400,163,159,6040,3020,0.5133689839572193,0.49866666666666665,0.47733333333333333,0.4810126582278481,0.48484848484848486,0.5027467954053604,1,2532,2180,0.7814814814814814,0.6654456654456654,0.4075,0.3975,0.7596604938271604,0.7328754578754579,13,True
6007,4947,3298,4654,-32,6040,2,40,13,400,148,169,6040,3021,0.44385026737967914,0.5173333333333333,0.5106666666666667,0.49233844103930713,0.5074925074925075,0.5029132678541701,3,2500,2219,0.7716049382716049,0.6773504273504274,0.37,0.4225,0.6897530864197532,0.778968253968254,13,True
6007,3963,2642,4762,-32,6040,2,40,13,400,168,164,6040,3020,0.5347593582887701,0.5413333333333333,0.5226666666666666,0.5149900066622252,0.5104895104895105,0.5027467954053604,1,2426,2448,0.7487654320987654,0.7472527472527473,0.42,0.41,0.7829629629629629,0.7559218559218558,13,True
6007,1390,2780,4777,-32,6040,2,40,13,400,186,162,6040,3020,0.47058823529411764,0.49333333333333335,0.49066666666666664,0.5023317788141239,0.4965034965034965,0.5027467954053604,1,2520,2444,0.7777777777777778,0.746031746031746,0.465,0.405,0.866851851851852,0.7467032967032968,13,True
6007,826,1652,4793,-32,6040,2,40,13,400,176,142,6040,3020,0.3850267379679144,0.44,0.48133333333333334,0.49300466355762823,0.5034965034965035,0.5027467954053604,1,2551,2408,0.7873456790123456,0.7350427350427351,0.44,0.355,0.8202469135802469,0.6545177045177044,13,True
6007,882,588,4858,-32,6040,2,40,13,400,161,161,6040,3021,0.48128342245989303,0.488,0.4826666666666667,0.5049966688874084,0.5061605061605061,0.5029132678541701,3,2474,2398,0.7635802469135803,0.7319902319902319,0.4025,0.4025,0.7503395061728396,0.7420940170940172,13,True
6007,4526,1015,4861,-32,6040,2,40,13,400,183,153,6040,3021,0.45454545454545453,0.5066666666666667,0.49333333333333335,0.47901399067288475,0.48784548784548787,0.5029132678541701,3,2508,2353,0.774074074074074,0.7182539682539683,0.4575,0.3825,0.8528703703703704,0.7052197802197803,13,True
6007,5313,4619,4878,-32,6040,2,40,13,400,180,150,6040,3020,0.5133689839572193,0.504,0.5093333333333333,0.5056628914057295,0.5061605061605061,0.5027467954053604,1,2494,2391,0.769753086419753,0.7298534798534798,0.45,0.375,0.8388888888888889,0.6913919413919414,13,True
6007,5949,5891,4977,-32,6040,2,40,13,400,159,157,6040,3021,0.5561497326203209,0.49866666666666665,0.496,0.4990006662225183,0.4938394938394938,0.5029132678541701,3,2429,2351,0.7496913580246913,0.7176434676434676,0.3975,0.3925,0.7410185185185185,0.7236568986568988,13,True
6007,1321,2642,4991,-32,6040,2,40,13,400,171,177,6040,3021,0.5240641711229946,0.512,0.5253333333333333,0.5143237841439041,0.5071595071595072,0.5029132678541701,3,2562,2462,0.7907407407407407,0.7515262515262515,0.4275,0.4425,0.7969444444444445,0.8158424908424908,13,True
6007,5434,4861,5114,-32,6040,2,40,13,400,167,171,6040,3021,0.49732620320855614,0.5013333333333333,0.5013333333333333,0.49633577614923385,0.49916749916749914,0.5029132678541701,3,2526,2443,0.7796296296296297,0.7457264957264957,0.4175,0.4275,0.7783024691358024,0.7881868131868132,13,True
6007,1258,2516,5165,-32,6040,2,40,13,400,181,154,6040,3020,0.4385026737967914,0.4826666666666667,0.488,0.5009993337774816,0.5011655011655012,0.5027467954053604,1,2482,2310,0.7660493827160494,0.7051282051282052,0.4525,0.385,0.8435493827160494,0.7098290598290599,13,True
6007,3743,493,5216,-32,6040,2,40,13,400,172,168,6040,3021,0.47058823529411764,0.49333333333333335,0.492,0.4870086608927382,0.4985014985014985,0.5029132678541701,3,2530,2465,0.7808641975308642,0.7524420024420024,0.43,0.42,0.8016049382716048,0.7743589743589743,13,True
6007,466,932,5240,-32,6040,2,40,13,400,155,148,6040,3021,0.4919786096256685,0.4826666666666667,0.4826666666666667,0.5016655562958028,0.5061605061605061,0.5029132678541701,3,2493,2158,0.7694444444444445,0.6587301587301587,0.3875,0.37,0.7223765432098765,0.6821733821733822,13,True
6007,5495,4983,5255,-32,6040,2,40,13,400,186,170,6040,3021,0.5347593582887701,0.472,0.47733333333333333,0.4990006662225183,0.49983349983349984,0.5029132678541701,3,2508,2430,0.774074074074074,0.7417582417582418,0.465,0.425,0.866851851851852,0.7835775335775336,13,True
6007,5590,5173,5267,-32,6040,2,40,13,400,152,170,6040,3021,0.46524064171123,0.45866666666666667,0.4693333333333333,0.4843437708194537,0.49517149517149517,0.5029132678541701,3,2444,2481,0.754320987654321,0.7573260073260073,0.38,0.425,0.7083950617283951,0.7835775335775336,13,True
6007,2235,1490,5317,-32,6040,2,40,13,400,166,160,6040,3021,0.5294117647058824,0.49333333333333335,0.496,0.4876748834110593,0.5028305028305028,0.5029132678541701,3,2472,2426,0.762962962962963,0.7405372405372406,0.415,0.4,0.773641975308642,0.7374847374847375,13,True
6007,843,1686,5320,-32,6040,2,40,13,400,174,179,6040,3020,0.48663101604278075,0.504,0.49066666666666664,0.5063291139240507,0.5054945054945055,0.5027467954053604,1,2506,2400,0.7734567901234568,0.7326007326007326,0.435,0.4475,0.8109259259259259,0.8250610500610501,13,True
6007,717,478,5325,-32,6040,2,40,13,400,160,138,6040,3021,0.48128342245989303,0.49333333333333335,0.4866666666666667,0.4990006662225183,0.49916749916749914,0.5029132678541701,3,2503,2176,0.7725308641975308,0.6642246642246642,0.4,0.345,0.745679012345679,0.636080586080586,13,True
6007,3064,4045,5383,-32,6040,2,40,13,400,160,173,6040,3021,0.6149732620320856,0.5546666666666666,0.504,0.5069953364423717,0.5001665001665002,0.5029132678541701,3,2463,2312,0.7601851851851852,0.7057387057387058,0.4,0.4325,0.745679012345679,0.7974053724053725,13,True
6007,4849,3691,5434,-32,6040,2,40,13,400,166,120,6040,3020,0.5240641711229946,0.512,0.4866666666666667,0.4983344437041972,0.49517149517149517,0.5027467954053604,1,2550,1971,0.7870370370370371,0.6016483516483516,0.415,0.3,0.773641975308642,0.5531135531135531,13,True
6007,5631,5255,5459,-32,6040,2,40,13,400,169,152,6040,3020,0.5240641711229946,0.5226666666666666,0.5253333333333333,0.5103264490339774,0.5094905094905094,0.5027467954053604,1,2536,2488,0.782716049382716,0.7594627594627594,0.4225,0.38,0.7876234567901235,0.7006105006105006,13,True
6007,4088,723,5518,-32,6040,2,40,13,400,179,156,6040,3021,0.5240641711229946,0.512,0.49066666666666664,0.48634243837441704,0.4995004995004995,0.5029132678541701,3,2537,2323,0.7830246913580247,0.7090964590964591,0.4475,0.39,0.8342283950617284,0.719047619047619,13,True
6007,1534,3025,5543,-32,6040,2,40,13,400,149,163,6040,3021,0.48128342245989303,0.472,0.47733333333333333,0.4823451032644903,0.49483849483849485,0.5029132678541701,3,2531,2366,0.7811728395061729,0.7222222222222222,0.3725,0.4075,0.6944135802469136,0.7513125763125762,13,True
6007,4816,5213,5555,-32,6040,2,40,13,400,161,163,6040,3021,0.4919786096256685,0.496,0.5146666666666667,0.5103264490339774,0.5058275058275058,0.5029132678541701,3,2528,2479,0.7802469135802469,0.7567155067155067,0.4025,0.4075,0.7503395061728396,0.7513125763125762,13,True
6007,2500,3669,5597,-32,6040,2,40,13,400,168,148,6040,3021,0.48663101604278075,0.5093333333333333,0.52,0.5163224516988674,0.5011655011655012,0.5029132678541701,3,2509,2176,0.7743827160493827,0.6642246642246642,0.42,0.37,0.7829629629629629,0.6821733821733822,13,True
6007,881,1762,5646,-32,6040,2,40,13,400,158,139,6040,3020,0.5187165775401069,0.504,0.504,0.5016655562958028,0.5141525141525142,0.5027467954053604,1,2499,2338,0.7712962962962963,0.7136752136752137,0.395,0.3475,0.736358024691358,0.6406898656898656,13,True
6007,721,1442,5681,-32,6040,2,40,13,400,157,173,6040,3020,0.5775401069518716,0.5306666666666666,0.512,0.5036642238507661,0.5041625041625042,0.5027467954053604,1,2519,2378,0.7774691358024691,0.7258852258852259,0.3925,0.4325,0.7316975308641976,0.7974053724053725,13,True
6007,4796,1195,5790,-32,6040,2,40,13,400,158,146,6040,3020,0.5240641711229946,0.5466666666666666,0.5333333333333333,0.5103264490339774,0.5104895104895105,0.5027467954053604,1,2492,2309,0.7691358024691358,0.7048229548229549,0.395,0.365,0.736358024691358,0.6729548229548229,13,True
6007,262,2177,5834,-32,6040,2,40,13,400,154,150,6040,3020,0.5347593582887701,0.5173333333333333,0.516,0.49766822118587606,0.49517149517149517,0.5027467954053604,1,2436,2274,0.7518518518518519,0.6941391941391941,0.385,0.375,0.717716049382716,0.6913919413919414,13,True
6007,65,130,5922,-32,6040,2,40,13,400,170,127,6040,3021,0.5133689839572193,0.52,0.508,0.508327781479014,0.5064935064935064,0.5029132678541701,3,2512,2276,0.7753086419753087,0.6947496947496947,0.425,0.3175,0.792283950617284,0.5853785103785104,13,True
6007,317,634,5923,-32,6040,2,40,13,400,164,159,6040,3020,0.5026737967914439,0.5146666666666667,0.49733333333333335,0.5096602265156562,0.5088245088245088,0.5027467954053604,1,2512,2396,0.7753086419753087,0.7313797313797313,0.41,0.3975,0.7643209876543209,0.7328754578754579,13,True
6007,669,446,4,48,5960,2,40,13,400,177,156,5960,2980,0.5508021390374331,0.4826666666666667,0.5013333333333333,0.49566955363091275,0.4995004995004995,0.49608789745297155,1,2458,2402,0.758641975308642,0.7332112332112332,0.4425,0.39,0.8139814814814815,0.7095238095238096,13,True
6007,327,654,69,48,5960,2,40,13,400,158,162,5960,2980,0.5080213903743316,0.472,0.4786666666666667,0.48500999333777484,0.4981684981684982,0.49608789745297155,1,2478,2267,0.7648148148148148,0.692002442002442,0.395,0.405,0.726604938271605,0.7368131868131869,13,True
6007,3169,331,97,48,5960,2,40,13,400,174,155,5960,2981,0.45989304812834225,0.496,0.49066666666666664,0.4823451032644903,0.48784548784548787,0.49625436990178123,3,2522,2367,0.778395061728395,0.7225274725274725,0.435,0.3875,0.8001851851851851,0.70497557997558,13,True
6007,2835,1890,126,48,5960,2,40,13,400,161,163,5960,2980,0.48663101604278075,0.5146666666666667,0.5106666666666667,0.513657561625583,0.4985014985014985,0.49608789745297155,1,2454,2507,0.7574074074074074,0.7652625152625152,0.4025,0.4075,0.7404012345679013,0.7413614163614163,13,True
6007,1315,2879,138,48,5960,2,40,13,400,170,157,5960,2981,0.5187165775401069,0.5226666666666666,0.5346666666666666,0.5103264490339774,0.5061605061605061,0.49625436990178123,3,2416,2145,0.745679012345679,0.6547619047619048,0.425,0.3925,0.7817901234567901,0.7140720390720391,13,True
6007,2815,3879,153,48,5960,2,40,13,400,160,148,5960,2981,0.45989304812834225,0.45066666666666666,0.49066666666666664,0.48967355096602266,0.4858474858474858,0.49625436990178123,3,2495,2230,0.7700617283950617,0.6807081807081807,0.4,0.37,0.7358024691358025,0.6731379731379731,13,True
6007,1823,5220,179,48,5960,2,40,13,400,167,144,5960,2980,0.4919786096256685,0.4826666666666667,0.5013333333333333,0.4836775483011326,0.49483849483849485,0.49608789745297155,1,2438,2104,0.7524691358024691,0.6422466422466423,0.4175,0.36,0.7679938271604937,0.654945054945055,13,True
6007,4609,3211,303,48,5960,2,40,13,400,164,157,5960,2981,0.47593582887700536,0.472,0.484,0.4743504330446369,0.49417249417249415,0.49625436990178123,3,2487,2291,0.7675925925925926,0.6993284493284493,0.41,0.3925,0.7541975308641975,0.7140720390720391,13,True
6007,917,1834,355,48,5960,2,40,13,400,166,141,5960,2981,0.5240641711229946,0.5226666666666666,0.528,0.5036642238507661,0.49417249417249415,0.49625436990178123,3,2504,2389,0.7728395061728395,0.7292429792429792,0.415,0.3525,0.7633950617283951,0.6413003663003664,13,True
6007,4427,949,360,48,5960,2,40,13,400,166,167,5960,2980,0.48128342245989303,0.49333333333333335,0.492,0.49100599600266487,0.4938394938394938,0.49608789745297155,1,2487,2432,0.7675925925925926,0.7423687423687424,0.415,0.4175,0.7633950617283951,0.7595543345543345,13,True
6007,5633,5259,391,48,5960,2,40,13,400,156,160,5960,2980,0.5080213903743316,0.5093333333333333,0.49466666666666664,0.5036642238507661,0.5014985014985015,0.49608789745297155,1,2520,2290,0.7777777777777778,0.699023199023199,0.39,0.4,0.7174074074074074,0.7277167277167277,13,True
6007,4024,4685,420,48,5960,2,40,13,400,185,158,5960,2981,0.45454545454545453,0.4666666666666667,0.4693333333333333,0.4890073284477015,0.5001665001665002,0.49625436990178123,3,2541,2304,0.7842592592592592,0.7032967032967034,0.4625,0.395,0.8507716049382716,0.7186202686202687,13,True
6007,87,58,469,48,5960,2,40,13,400,181,184,5960,2981,0.5187165775401069,0.5546666666666666,0.528,0.5223184543637575,0.5038295038295039,0.49625436990178123,3,2503,2532,0.7725308641975308,0.7728937728937729,0.4525,0.46,0.8323765432098765,0.8368742368742369,13,True
6007,5758,5509,477,48,5960,2,40,13,400,184,174,5960,2981,0.46524064171123,0.43733333333333335,0.4613333333333333,0.49233844103930713,0.4851814851814852,0.49625436990178123,3,2529,2458,0.7805555555555556,0.7503052503052503,0.46,0.435,0.8461728395061728,0.7913919413919414,13,True
6007,5637,5267,498,48,5960,2,40,13,400,175,163,5960,2980,0.49732620320855614,0.5093333333333333,0.49466666666666664,0.4836775483011326,0.48717948717948717,0.49608789745297155,1,2504,2513,0.7728395061728395,0.7670940170940171,0.4375,0.4075,0.8047839506172839,0.7413614163614163,13,True
6007,5210,4413,634,48,5960,2,40,13,400,160,170,5960,2980,0.5614973262032086,0.5093333333333333,0.49866666666666665,0.48967355096602266,0.4958374958374958,0.49608789745297155,1,2482,2522,0.7660493827160494,0.7698412698412699,0.4,0.425,0.7358024691358025,0.7731990231990232,13,True
6007,4683,3359,708,48,5960,2,40,13,400,155,154,5960,2981,0.5187165775401069,0.49866666666666665,0.4786666666666667,0.48500999333777484,0.49916749916749914,0.49625436990178123,3,2565,2182,0.7916666666666666,0.666056166056166,0.3875,0.385,0.7128086419753087,0.7004273504273504,13,True
6007,3425,843,740,48,5960,2,40,13,400,170,178,5960,2980,0.5828877005347594,0.5306666666666666,0.5266666666666666,0.5129913391072618,0.5064935064935064,0.49608789745297155,1,2528,2453,0.7802469135802469,0.7487789987789988,0.425,0.445,0.7817901234567901,0.8095848595848595,13,True
6007,467,934,831,48,5960,2,40,13,400,181,156,5960,2980,0.45989304812834225,0.48,0.484,0.49300466355762823,0.5024975024975025,0.49608789745297155,1,2604,2542,0.8037037037037037,0.775946275946276,0.4525,0.39,0.8323765432098765,0.7095238095238096,13,True
6007,4871,3735,833,48,5960,2,40,13,400,177,144,5960,2980,0.5294117647058824,0.5306666666666666,0.5106666666666667,0.5063291139240507,0.5018315018315018,0.49608789745297155,1,2550,2354,0.7870370370370371,0.7185592185592186,0.4425,0.36,0.8139814814814815,0.654945054945055,13,True
6007,4783,3559,954,48,5960,2,40,13,400,171,139,5960,2980,0.5240641711229946,0.48,0.4746666666666667,0.508327781479014,0.5001665001665002,0.49608789745297155,1,2460,2422,0.7592592592592593,0.7393162393162394,0.4275,0.3475,0.7863888888888889,0.6322039072039072,13,True
6007,3747,2498,1025,48,5960,2,40,13,400,193,159,5960,2981,0.47058823529411764,0.49866666666666665,0.492,0.49700199866755496,0.5001665001665002,0.49625436990178123,3,2508,2282,0.774074074074074,0.6965811965811965,0.4825,0.3975,0.8875617283950616,0.7231684981684982,13,True
6007,3632,1257,1052,48,5960,2,40,13,400,173,158,5960,2980,0.5401069518716578,0.5386666666666666,0.5186666666666667,0.508327781479014,0.4985014985014985,0.49608789745297155,1,2546,2416,0.7858024691358024,0.7374847374847375,0.4325,0.395,0.7955864197530864,0.7186202686202687,13,True
6007,330,660,1143,48,5960,2,40,13,400,186,156,5960,2981,0.4919786096256685,0.47733333333333333,0.49866666666666665,0.49100599600266487,0.48951048951048953,0.49625436990178123,3,2567,2511,0.792283950617284,0.7664835164835165,0.465,0.39,0.8553703703703704,0.7095238095238096,13,True
6007,3951,2634,1198,48,5960,2,40,13,400,165,138,5960,2980,0.5080213903743316,0.47733333333333333,0.48,0.49633577614923385,0.4975024975024975,0.49608789745297155,1,2576,2387,0.7950617283950617,0.7286324786324786,0.4125,0.345,0.7587962962962963,0.6276556776556776,13,True
6007,772,1544,1211,48,5960,2,40,13,400,172,145,5960,2981,0.48128342245989303,0.496,0.492,0.4943371085942705,0.4988344988344988,0.49625436990178123,3,2435,1962,0.7515432098765432,0.5989010989010989,0.43,0.3625,0.7909876543209877,0.6594932844932845,13,True
6007,758,4510,1216,48,5960,2,40,13,400,155,167,5960,2980,0.46524064171123,0.47733333333333333,0.48933333333333334,0.5056628914057295,0.4958374958374958,0.49608789745297155,1,2523,2450,0.7787037037037037,0.7478632478632479,0.3875,0.4175,0.7128086419753087,0.7595543345543345,13,True
6007,1310,4878,1294,48,5960,2,40,13,400,155,162,5960,2981,0.4385026737967914,0.43733333333333335,0.492,0.49766822118587606,0.49483849483849485,0.49625436990178123,3,2545,2221,0.7854938271604939,0.677960927960928,0.3875,0.405,0.7128086419753087,0.7368131868131869,13,True
6007,5246,4485,1366,48,5960,2,40,13,400,160,140,5960,2980,0.44919786096256686,0.47733333333333333,0.492,0.49233844103930713,0.5004995004995005,0.49608789745297155,1,2463,2174,0.7601851851851852,0.6636141636141636,0.4,0.35,0.7358024691358025,0.6367521367521367,13,True
6007,1697,5136,1414,48,5960,2,40,13,400,171,151,5960,2981,0.49732620320855614,0.48533333333333334,0.5133333333333333,0.5209860093271153,0.4995004995004995,0.49625436990178123,3,2511,2328,0.775,0.7106227106227107,0.4275,0.3775,0.7863888888888889,0.6867826617826618,13,True
6007,3342,677,1436,48,5960,2,40,13,400,172,187,5960,2981,0.5294117647058824,0.5093333333333333,0.5013333333333333,0.5016655562958028,0.49683649683649683,0.49625436990178123,3,2515,2288,0.7762345679012346,0.6984126984126984,0.43,0.4675,0.7909876543209877,0.8505189255189256,13,True
6007,2430,1620,1437,48,5960,2,40,13,400,153,133,5960,2980,0.48128342245989303,0.488,0.504,0.4943371085942705,0.5031635031635031,0.49608789745297155,1,2463,2204,0.7601851851851852,0.6727716727716728,0.3825,0.3325,0.7036111111111111,0.6049145299145299,13,True
6007,5132,4257,1443,48,5960,2,40,13,400,170,166,5960,2980,0.5454545454545454,0.5226666666666666,0.5106666666666667,0.49100599600266487,0.49983349983349984,0.49608789745297155,1,2509,2252,0.7743827160493827,0.6874236874236874,0.425,0.415,0.7817901234567901,0.755006105006105,13,True
6007,279,186,1454,48,5960,2,40,13,400,186,153,5960,2981,0.48663101604278075,0.49333333333333335,0.5146666666666667,0.5043304463690873,0.49916749916749914,0.49625436990178123,3,2533,2411,0.7817901234567901,0.735958485958486,0.465,0.3825,0.8553703703703704,0.6958791208791208,13,True
6007,5275,4543,1513,48,5960,2,40,13,400,186,147,5960,2981,0.46524064171123,0.4693333333333333,0.4693333333333333,0.4823451032644903,0.4925074925074925,0.49625436990178123,3,2474,2217,0.7635802469135803,0.6767399267399268,0.465,0.3675,0.8553703703703704,0.6685897435897437,13,True
6007,2781,1854,1519,48,5960,2,40,13,400,174,158,5960,2981,0.4919786096256685,0.4826666666666667,0.49066666666666664,0.49033977348434377,0.5011655011655012,0.49625436990178123,3,2536,2252,0.782716049382716,0.6874236874236874,0.435,0.395,0.8001851851851851,0.7186202686202687,13,True
6007,1334,2668,1526,48,5960,2,40,13,400,179,168,5960,2981,0.47593582887700536,0.4693333333333333,0.48533333333333334,0.4836775483011326,0.49217449217449216,0.49625436990178123,3,2508,2399,0.774074074074074,0.7322954822954822,0.4475,0.42,0.823179012345679,0.764102564102564,13,True
6007,3110,213,1581,48,5960,2,40,13,400,170,174,5960,2981,0.49732620320855614,0.49066666666666664,0.48533333333333334,0.4943371085942705,0.49983349983349984,0.49625436990178123,3,2438,2332,0.7524691358024691,0.7118437118437119,0.425,0.435,0.7817901234567901,0.7913919413919414,13,True
6007,3186,365,1663,48,5960,2,40,13,400,185,140,5960,2981,0.5561497326203209,0.5386666666666666,0.5386666666666666,0.5183211192538307,0.5021645021645021,0.49625436990178123,3,2523,2204,0.7787037037037037,0.6727716727716728,0.4625,0.35,0.8507716049382716,0.6367521367521367,13,True
6007,670,2449,1756,48,5960,2,40,13,400,176,147,5960,2980,0.48663101604278075,0.5013333333333333,0.49866666666666665,0.4870086608927382,0.4961704961704962,0.49608789745297155,1,2434,2328,0.7512345679012346,0.7106227106227107,0.44,0.3675,0.8093827160493827,0.6685897435897437,13,True
6007,4433,2859,1863,48,5960,2,40,13,400,163,179,5960,2981,0.4919786096256685,0.5093333333333333,0.48933333333333334,0.4823451032644903,0.4901764901764902,0.49625436990178123,3,2521,2379,0.7780864197530865,0.7261904761904762,0.4075,0.4475,0.7495987654320987,0.8141330891330891,13,True
6007,5012,1339,1927,48,5960,2,40,13,400,189,135,5960,2981,0.5026737967914439,0.488,0.49466666666666664,0.502998001332445,0.5041625041625042,0.49625436990178123,3,2493,2156,0.7694444444444445,0.6581196581196581,0.4725,0.3375,0.8691666666666666,0.614010989010989,13,True
6007,4157,769,2004,48,5960,2,40,13,400,166,148,5960,2981,0.41711229946524064,0.4666666666666667,0.5013333333333333,0.4936708860759494,0.5014985014985015,0.49625436990178123,3,2470,2206,0.7623456790123457,0.6733821733821734,0.415,0.37,0.7633950617283951,0.6731379731379731,13,True
6007,108,72,2006,48,5960,2,40,13,400,158,153,5960,2980,0.43315508021390375,0.43466666666666665,0.484,0.49566955363091275,0.4901764901764902,0.49608789745297155,1,2509,2406,0.7743827160493827,0.7344322344322345,0.395,0.3825,0.726604938271605,0.6958791208791208,13,True
6007,2296,3533,2021,48,5960,2,40,13,400,161,180,5960,2980,0.47593582887700536,0.49866666666666665,0.49333333333333335,0.49233844103930713,0.48917748917748916,0.49608789745297155,1,2494,2380,0.769753086419753,0.7264957264957265,0.4025,0.45,0.7404012345679013,0.8186813186813187,13,True
6007,4332,2888,2076,48,5960,2,40,13,400,175,164,5960,2980,0.48663101604278075,0.5066666666666667,0.49733333333333335,0.4996668887408394,0.4958374958374958,0.49608789745297155,1,2506,2396,0.7734567901234568,0.7313797313797313,0.4375,0.41,0.8047839506172839,0.7459096459096459,13,True
6007,89,4064,2194,48,5960,2,40,13,400,165,170,5960,2981,0.4385026737967914,0.4666666666666667,0.48133333333333334,0.48634243837441704,0.4811854811854812,0.49625436990178123,3,2473,2278,0.7632716049382716,0.6953601953601953,0.4125,0.425,0.7587962962962963,0.7731990231990232,13,True
6007,4364,907,2200,48,5960,2,40,13,400,161,134,5960,2980,0.46524064171123,0.48533333333333334,0.5053333333333333,0.5036642238507661,0.49517149517149517,0.49608789745297155,1,2474,2267,0.7635802469135803,0.692002442002442,0.4025,0.335,0.7404012345679013,0.6094627594627595,13,True
6007,5106,4205,2235,48,5960,2,40,13,400,163,156,5960,2980,0.5133689839572193,0.5146666666666667,0.516,0.49766822118587606,0.49517149517149517,0.49608789745297155,1,2526,2402,0.7796296296296297,0.7332112332112332,0.4075,0.39,0.7495987654320987,0.7095238095238096,13,True
6007,2578,3721,2245,48,5960,2,40,13,400,178,145,5960,2980,0.48663101604278075,0.4666666666666667,0.484,0.47968021319120585,0.5018315018315018,0.49608789745297155,1,2448,2338,0.7555555555555555,0.7136752136752137,0.445,0.3625,0.8185802469135802,0.6594932844932845,13,True
6007,3851,565,2294,48,5960,2,40,13,400,169,174,5960,2980,0.48663101604278075,0.49066666666666664,0.524,0.4950033311125916,0.4901764901764902,0.49608789745297155,1,2540,2523,0.7839506172839507,0.7701465201465202,0.4225,0.435,0.7771913580246913,0.7913919413919414,13,True
6007,1095,2190,2361,48,5960,2,40,13,400,174,141,5960,2981,0.47593582887700536,0.4746666666666667,0.488,0.47901399067288475,0.4911754911754912,0.49625436990178123,3,2448,2192,0.7555555555555555,0.6691086691086691,0.435,0.3525,0.8001851851851851,0.6413003663003664,13,True
6007,3109,4075,2483,48,5960,2,40,13,400,173,146,5960,2981,0.48128342245989303,0.504,0.5013333333333333,0.49300466355762823,0.49217449217449216,0.49625436990178123,3,2493,2255,0.7694444444444445,0.6883394383394383,0.4325,0.365,0.7955864197530864,0.664041514041514,13,True
6007,5174,1447,2733,48,5960,2,40,13,400,177,159,5960,2981,0.49732620320855614,0.472,0.4573333333333333,0.47301798800799466,0.4965034965034965,0.49625436990178123,3,2529,2249,0.7805555555555556,0.6865079365079365,0.4425,0.3975,0.8139814814814815,0.7231684981684982,13,True
6007,4530,3020,2840,48,5960,2,40,13,400,176,154,5960,2980,0.48663101604278075,0.5413333333333333,0.5493333333333333,0.5256495669553631,0.5008325008325009,0.49608789745297155,1,2530,2498,0.7808641975308642,0.7625152625152625,0.44,0.385,0.8093827160493827,0.7004273504273504,13,True
6007,3371,245,2930,48,5960,2,40,13,400,159,164,5960,2981,0.44919786096256686,0.5253333333333333,0.49333333333333335,0.4950033311125916,0.4988344988344988,0.49625436990178123,3,2436,2402,0.7518518518518519,0.7332112332112332,0.3975,0.41,0.7312037037037037,0.7459096459096459,13,True
6007,1754,5174,3055,48,5960,2,40,13,400,157,154,5960,2981,0.48663101604278075,0.48,0.492,0.4996668887408394,0.49716949716949715,0.49625436990178123,3,2507,2028,0.7737654320987655,0.6190476190476191,0.3925,0.385,0.7220061728395062,0.7004273504273504,13,True
6007,249,498,3126,48,5960,2,40,13,400,179,159,5960,2980,0.48128342245989303,0.48,0.4786666666666667,0.49766822118587606,0.4955044955044955,0.49608789745297155,1,2468,2360,0.7617283950617284,0.7203907203907204,0.4475,0.3975,0.823179012345679,0.7231684981684982,13,True
6007,4257,2507,3181,48,5960,2,40,13,400,171,148,5960,2980,0.47593582887700536,0.49866666666666665,0.48533333333333334,0.4876748834110593,0.4851814851814852,0.49608789745297155,1,2520,2307,0.7777777777777778,0.7042124542124543,0.4275,0.37,0.7863888888888889,0.6731379731379731,13,True
6007,3839,557,3237,48,5960,2,40,13,400,164,140,5960,2981,0.5187165775401069,0.49333333333333335,0.49466666666666664,0.47168554297135246,0.4748584748584749,0.49625436990178123,3,2539,2039,0.783641975308642,0.6224053724053724,0.41,0.35,0.7541975308641975,0.6367521367521367,13,True
6007,5880,3920,3320,48,5960,2,40,13,400,169,154,5960,2981,0.43315508021390375,0.4826666666666667,0.4826666666666667,0.4843437708194537,0.47985347985347987,0.49625436990178123,3,2484,2529,0.7666666666666667,0.771978021978022,0.4225,0.385,0.7771913580246913,0.7004273504273504,13,True
6007,5802,5597,3340,48,5960,2,40,13,400,175,172,5960,2981,0.44919786096256686,0.48,0.492,0.49233844103930713,0.4915084915084915,0.49625436990178123,3,2504,2430,0.7728395061728395,0.7417582417582418,0.4375,0.43,0.8047839506172839,0.7822954822954824,13,True
6007,4314,2876,3359,48,5960,2,40,13,400,157,156,5960,2980,0.4385026737967914,0.488,0.4866666666666667,0.4836775483011326,0.4875124875124875,0.49608789745297155,1,2522,2408,0.778395061728395,0.7350427350427351,0.3925,0.39,0.7220061728395062,0.7095238095238096,13,True
6007,1993,3986,3394,48,5960,2,40,13,400,168,145,5960,2980,0.46524064171123,0.5013333333333333,0.5173333333333333,0.508327781479014,0.5104895104895105,0.49608789745297155,1,2531,2347,0.7811728395061729,0.7164224664224664,0.42,0.3625,0.7725925925925925,0.6594932844932845,13,True
6007,4509,3011,3434,48,5960,2,40,13,400,174,173,5960,2981,0.44919786096256686,0.44533333333333336,0.4666666666666667,0.4943371085942705,0.48684648684648685,0.49625436990178123,3,2534,2326,0.7820987654320988,0.71001221001221,0.435,0.4325,0.8001851851851851,0.7868437118437118,13,True
6007,4136,755,3493,48,5960,2,40,13,400,171,166,5960,2981,0.5454545454545454,0.5226666666666666,0.5226666666666666,0.5023317788141239,0.4958374958374958,0.49625436990178123,3,2506,2431,0.7734567901234568,0.7420634920634921,0.4275,0.415,0.7863888888888889,0.755006105006105,13,True
6007,3174,341,3560,48,5960,2,40,13,400,170,164,5960,2981,0.40106951871657753,0.44266666666666665,0.4866666666666667,0.47368421052631576,0.5028305028305028,0.49625436990178123,3,2473,2460,0.7632716049382716,0.7509157509157509,0.425,0.41,0.7817901234567901,0.7459096459096459,13,True
6007,5423,4839,3602,48,5960,2,40,13,400,181,161,5960,2980,0.5401069518716578,0.5066666666666667,0.516,0.49633577614923385,0.4915084915084915,0.49608789745297155,1,2562,2295,0.7907407407407407,0.7005494505494505,0.4525,0.4025,0.8323765432098765,0.7322649572649573,13,True
6007,2203,3471,3659,48,5960,2,40,13,400,153,140,5960,2981,0.5401069518716578,0.5413333333333333,0.508,0.5023317788141239,0.4988344988344988,0.49625436990178123,3,2412,2153,0.7444444444444445,0.6572039072039072,0.3825,0.35,0.7036111111111111,0.6367521367521367,13,True
6007,3937,4627,3666,48,5960,2,40,13,400,183,172,5960,2981,0.48663101604278075,0.4613333333333333,0.45466666666666666,0.47901399067288475,0.5038295038295039,0.49625436990178123,3,2441,2329,0.7533950617283951,0.710927960927961,0.4575,0.43,0.8415740740740741,0.7822954822954824,13,True
6007,4452,2897,3677,48,5960,2,40,13,400,170,182,5960,2980,0.5401069518716578,0.5413333333333333,0.5146666666666667,0.5036642238507661,0.4958374958374958,0.49608789745297155,1,2458,2342,0.758641975308642,0.7148962148962149,0.425,0.455,0.7817901234567901,0.8277777777777778,13,True
6007,5350,5569,3775,48,5960,2,40,13,400,157,152,5960,2980,0.5347593582887701,0.5013333333333333,0.4826666666666667,0.49766822118587606,0.5001665001665002,0.49608789745297155,1,2560,2410,0.7901234567901234,0.7356532356532357,0.3925,0.38,0.7220061728395062,0.6913308913308914,13,True
6007,2266,4532,3827,48,5960,2,40,13,400,168,159,5960,2981,0.5401069518716578,0.5173333333333333,0.49333333333333335,0.4936708860759494,0.4965034965034965,0.49625436990178123,3,2467,2468,0.7614197530864197,0.7533577533577533,0.42,0.3975,0.7725925925925925,0.7231684981684982,13,True
6007,2125,3419,4029,48,5960,2,40,13,400,163,171,5960,2981,0.4117647058823529,0.43466666666666665,0.496,0.4943371085942705,0.49184149184149184,0.49625436990178123,3,2426,2305,0.7487654320987654,0.7036019536019537,0.4075,0.4275,0.7495987654320987,0.7777472527472528,13,True
6007,3776,1545,4104,48,5960,2,40,13,400,174,142,5960,2981,0.47593582887700536,0.49866666666666665,0.516,0.5023317788141239,0.5098235098235098,0.49625436990178123,3,2522,2172,0.778395061728395,0.663003663003663,0.435,0.355,0.8001851851851851,0.6458485958485958,13,True
6007,1932,1288,4184,48,5960,2,40,13,400,190,158,5960,2981,0.48128342245989303,0.5013333333333333,0.49733333333333335,0.48634243837441704,0.49184149184149184,0.49625436990178123,3,2517,2396,0.7768518518518519,0.7313797313797313,0.475,0.395,0.8737654320987654,0.7186202686202687,13,True
6007,4002,2668,4197,48,5960,2,40,13,400,181,141,5960,2981,0.5133689839572193,0.49866666666666665,0.5106666666666667,0.5063291139240507,0.5064935064935064,0.49625436990178123,3,2538,2274,0.7833333333333333,0.6941391941391941,0.4525,0.3525,0.8323765432098765,0.6413003663003664,13,True
6007,4033,2059,4214,48,5960,2,40,13,400,164,182,5960,2980,0.48128342245989303,0.4746666666666667,0.49066666666666664,0.4843437708194537,0.4901764901764902,0.49608789745297155,1,2510,2530,0.7746913580246914,0.7722832722832723,0.41,0.455,0.7541975308641975,0.8277777777777778,13,True
6007,827,1654,4290,48,5960,2,40,13,400,177,168,5960,2980,0.45989304812834225,0.47733333333333333,0.492,0.5036642238507661,0.4985014985014985,0.49608789745297155,1,2492,2457,0.7691358024691358,0.75,0.4425,0.42,0.8139814814814815,0.764102564102564,13,True
6007,2952,1968,4312,48,5960,2,40,13,400,164,137,5960,2980,0.5133689839572193,0.49333333333333335,0.512,0.4983344437041972,0.48717948717948717,0.49608789745297155,1,2542,2314,0.7845679012345679,0.7063492063492064,0.41,0.3425,0.7541975308641975,0.6231074481074481,13,True
6007,2113,3411,4360,48,5960,2,40,13,400,160,160,5960,2980,0.45989304812834225,0.496,0.512,0.508327781479014,0.5044955044955045,0.49608789745297155,1,2445,2502,0.7546296296296297,0.7637362637362637,0.4,0.4,0.7358024691358025,0.7277167277167277,13,True
6007,603,1206,4400,48,5960,2,40,13,400,181,150,5960,2980,0.5240641711229946,0.512,0.508,0.5063291139240507,0.49983349983349984,0.49608789745297155,1,2514,2430,0.7759259259259259,0.7417582417582418,0.4525,0.375,0.8323765432098765,0.6822344322344323,13,True
6007,3282,2188,4409,48,5960,2,40,13,400,182,162,5960,2980,0.5080213903743316,0.49333333333333335,0.504,0.49633577614923385,0.49284049284049286,0.49608789745297155,1,2542,2359,0.7845679012345679,0.7200854700854701,0.455,0.405,0.8369753086419753,0.7368131868131869,13,True
6007,2969,5984,4467,48,5960,2,40,13,400,166,170,5960,2980,0.5133689839572193,0.49066666666666664,0.49733333333333335,0.49100599600266487,0.48884448884448883,0.49608789745297155,1,2492,2392,0.7691358024691358,0.7301587301587301,0.415,0.425,0.7633950617283951,0.7731990231990232,13,True
6007,3255,2170,4481,48,5960,2,40,13,400,168,163,5960,2980,0.5187165775401069,0.49333333333333335,0.49466666666666664,0.5036642238507661,0.48951048951048953,0.49608789745297155,1,2466,2410,0.7611111111111111,0.7356532356532357,0.42,0.4075,0.7725925925925925,0.7413614163614163,13,True
6007,883,1766,4502,48,5960,2,40,13,400,179,143,5960,2980,0.47593582887700536,0.49066666666666664,0.504,0.48967355096602266,0.48717948717948717,0.49608789745297155,1,2495,2152,0.7700617283950617,0.6568986568986569,0.4475,0.3575,0.823179012345679,0.6503968253968253,13,True
6007,1416,944,4531,48,5960,2,40,13,400,176,153,5960,2980,0.49732620320855614,0.48,0.4826666666666667,0.4843437708194537,0.48484848484848486,0.49608789745297155,1,2524,2331,0.7790123456790123,0.7115384615384616,0.44,0.3825,0.8093827160493827,0.6958791208791208,13,True
6007,2068,4136,4725,48,5960,2,40,13,400,169,162,5960,2980,0.5080213903743316,0.48533333333333334,0.49333333333333335,0.4936708860759494,0.49217449217449216,0.49608789745297155,1,2501,2260,0.7719135802469136,0.6898656898656899,0.4225,0.405,0.7771913580246913,0.7368131868131869,13,True
6007,3274,4185,4740,48,5960,2,40,13,400,163,156,5960,2980,0.5026737967914439,0.49333333333333335,0.508,0.49566955363091275,0.5031635031635031,0.49608789745297155,1,2484,2390,0.7666666666666667,0.7295482295482295,0.4075,0.39,0.7495987654320987,0.7095238095238096,13,True
6007,756,504,4879,48,5960,2,40,13,400,176,163,5960,2981,0.5080213903743316,0.49333333333333335,0.496,0.49766822118587606,0.4905094905094905,0.49625436990178123,3,2552,2396,0.7876543209876543,0.7313797313797313,0.44,0.4075,0.8093827160493827,0.7413614163614163,13,True
6007,4931,3855,4922,48,5960,2,40,13,400,166,146,5960,2981,0.46524064171123,0.4826666666666667,0.47733333333333333,0.47834776815456365,0.48884448884448883,0.49625436990178123,3,2527,2292,0.7799382716049382,0.6996336996336996,0.415,0.365,0.7633950617283951,0.664041514041514,13,True
6007,5830,5889,5072,48,5960,2,40,13,400,153,161,5960,2980,0.5026737967914439,0.5066666666666667,0.49333333333333335,0.49033977348434377,0.4881784881784882,0.49608789745297155,1,2515,2280,0.7762345679012346,0.6959706959706959,0.3825,0.4025,0.7036111111111111,0.7322649572649573,13,True
6007,3739,1471,5078,48,5960,2,40,13,400,167,163,5960,2981,0.48128342245989303,0.472,0.49866666666666665,0.4983344437041972,0.4931734931734932,0.49625436990178123,3,2422,2283,0.7475308641975309,0.6968864468864469,0.4175,0.4075,0.7679938271604937,0.7413614163614163,13,True
6007,4322,879,5181,48,5960,2,40,13,400,195,155,5960,2981,0.5133689839572193,0.5173333333333333,0.488,0.49633577614923385,0.4915084915084915,0.49625436990178123,3,2514,2516,0.7759259259259259,0.7680097680097681,0.4875,0.3875,0.8967592592592593,0.70497557997558,13,True
6007,2299,3535,5212,48,5960,2,40,13,400,144,164,5960,2981,0.42780748663101603,0.4533333333333333,0.4866666666666667,0.4876748834110593,0.4915084915084915,0.49625436990178123,3,2485,2317,0.7669753086419753,0.7072649572649573,0.36,0.41,0.6622222222222222,0.7459096459096459,13,True
6007,1474,2985,5214,48,5960,2,40,13,400,172,163,5960,2980,0.47593582887700536,0.49866666666666665,0.49066666666666664,0.5036642238507661,0.49683649683649683,0.49608789745297155,1,2508,2436,0.774074074074074,0.7435897435897436,0.43,0.4075,0.7909876543209877,0.7413614163614163,13,True
6007,4746,3164,5237,48,5960,2,40,13,400,164,164,5960,2981,0.5508021390374331,0.5226666666666666,0.516,0.5209860093271153,0.5011655011655012,0.49625436990178123,3,2484,2380,0.7666666666666667,0.7264957264957265,0.41,0.41,0.7541975308641975,0.7459096459096459,13,True
6007,2335,4670,5345,48,5960,2,40,13,400,160,135,5960,2980,0.5026737967914439,0.512,0.5133333333333333,0.5109926715522984,0.5001665001665002,0.49608789745297155,1,2472,2287,0.762962962962963,0.6981074481074481,0.4,0.3375,0.7358024691358025,0.614010989010989,13,True
6007,4061,2115,5349,48,5960,2,40,13,400,157,149,5960,2980,0.5240641711229946,0.5253333333333333,0.5146666666666667,0.513657561625583,0.5028305028305028,0.49608789745297155,1,2501,2532,0.7719135802469136,0.7728937728937729,0.3925,0.3725,0.7220061728395062,0.6776862026862026,13,True
6007,5848,5689,5358,48,5960,2,40,13,400,181,143,5960,2981,0.4919786096256685,0.5066666666666667,0.5013333333333333,0.5176548967355097,0.5011655011655012,0.49625436990178123,3,2554,2337,0.7882716049382716,0.7133699633699634,0.4525,0.3575,0.8323765432098765,0.6503968253968253,13,True
6007,2545,3699,5366,48,5960,2,40,13,400,173,166,5960,2980,0.5187165775401069,0.49866666666666665,0.5173333333333333,0.49300466355762823,0.4908424908424908,0.49608789745297155,1,2493,2361,0.7694444444444445,0.7206959706959707,0.4325,0.415,0.7955864197530864,0.755006105006105,13,True
6007,4451,2895,5369,48,5960,2,40,13,400,176,158,5960,2981,0.5347593582887701,0.52,0.496,0.49233844103930713,0.48784548784548787,0.49625436990178123,3,2421,2259,0.7472222222222222,0.6895604395604396,0.44,0.395,0.8093827160493827,0.7186202686202687,13,True
6007,1965,3930,5468,48,5960,2,40,13,400,184,142,5960,2980,0.5026737967914439,0.4826666666666667,0.49333333333333335,0.48634243837441704,0.48784548784548787,0.49608789745297155,1,2538,2216,0.7833333333333333,0.6764346764346765,0.46,0.355,0.8461728395061728,0.6458485958485958,13,True
6007,3607,1207,5484,48,5960,2,40,13,400,155,174,5960,2981,0.5454545454545454,0.5466666666666666,0.5106666666666667,0.49566955363091275,0.48951048951048953,0.49625436990178123,3,2473,2385,0.7632716049382716,0.728021978021978,0.3875,0.435,0.7128086419753087,0.7913919413919414,13,True
6007,4427,2847,5510,48,5960,2,40,13,400,150,144,5960,2980,0.44919786096256686,0.5146666666666667,0.504,0.5089940039973351,0.5028305028305028,0.49608789745297155,1,2512,2329,0.7753086419753087,0.710927960927961,0.375,0.36,0.6898148148148148,0.654945054945055,13,True
6007,3312,617,5519,48,5960,2,40,13,400,180,147,5960,2980,0.48128342245989303,0.488,0.4786666666666667,0.4843437708194537,0.4785214785214785,0.49608789745297155,1,2523,2266,0.7787037037037037,0.6916971916971917,0.45,0.3675,0.8277777777777777,0.6685897435897437,13,True
6007,2664,5328,5568,48,5960,2,40,13,400,174,167,5960,2981,0.47058823529411764,0.464,0.4666666666666667,0.4876748834110593,0.5001665001665002,0.49625436990178123,3,2587,2395,0.7984567901234568,0.731074481074481,0.435,0.4175,0.8001851851851851,0.7595543345543345,13,True
6007,3906,1805,5620,48,5960,2,40,13,400,163,176,5960,2981,0.5080213903743316,0.5013333333333333,0.5146666666666667,0.49233844103930713,0.4885114885114885,0.49625436990178123,3,2423,2117,0.7478395061728395,0.6462148962148963,0.4075,0.44,0.7495987654320987,0.8004884004884005,13,True
6007,4756,3505,5653,48,5960,2,40,13,400,158,152,5960,2980,0.5133689839572193,0.49066666666666664,0.492,0.49766822118587606,0.5024975024975025,0.49608789745297155,1,2474,2374,0.7635802469135803,0.7246642246642246,0.395,0.38,0.726604938271605,0.6913308913308914,13,True
6007,655,1310,5676,48,5960,2,40,13,400,165,175,5960,2981,0.48128342245989303,0.472,0.49066666666666664,0.5056628914057295,0.5008325008325009,0.49625436990178123,3,2471,2454,0.7626543209876543,0.7490842490842491,0.4125,0.4375,0.7587962962962963,0.7959401709401709,13,True
6007,2425,3619,5813,48,5960,2,40,13,400,152,170,5960,2980,0.5133689839572193,0.504,0.4826666666666667,0.4890073284477015,0.5024975024975025,0.49608789745297155,1,2453,2380,0.7570987654320988,0.7264957264957265,0.38,0.425,0.6990123456790124,0.7731990231990232,13,True
6007,546,364,5953,48,5960,2,40,13,400,181,157,5960,2981,0.5347593582887701,0.5093333333333333,0.516,0.5116588940706196,0.49983349983349984,0.49625436990178123,3,2509,2257,0.7743827160493827,0.688949938949939,0.4525,0.3925,0.8323765432098765,0.7140720390720391,13,True
6007,92,184,5980,48,5960,2,40,13,400,163,135,5960,2980,0.5080213903743316,0.5013333333333333,0.492,0.4823451032644903,0.4861804861804862,0.49608789745297155,1,2469,2120,0.7620370370370371,0.6471306471306472,0.4075,0.3375,0.7495987654320987,0.614010989010989,13,True
6007,3172,4117,6006,48,5960,2,40,13,400,166,132,5960,2981,0.5026737967914439,0.47733333333333333,0.5053333333333333,0.5149900066622252,0.5034965034965035,0.49625436990178123,3,2445,2248,0.7546296296296297,0.6862026862026862,0.415,0.33,0.7633950617283951,0.6003663003663005,13,True
6007,14,28,4,-48,6056,2,40,13,400,183,177,6056,3028,0.5240641711229946,0.4666666666666667,0.49866666666666665,0.5129913391072618,0.5068265068265069,0.5040785749958382,1,2519,2386,0.7774691358024691,0.7283272283272283,0.4575,0.4425,0.8551296296296296,0.8180036630036631,13,True
6007,4041,2694,69,-48,6056,2,40,13,400,165,134,6056,3028,0.5882352941176471,0.5466666666666666,0.5013333333333333,0.5069953364423717,0.5031635031635031,0.5040785749958382,1,2547,2304,0.7861111111111111,0.7032967032967034,0.4125,0.335,0.7710185185185184,0.6192796092796093,13,True
6007,1687,3127,97,-48,6056,2,40,13,399,144,180,6056,3029,0.5026737967914439,0.512,0.492,0.49633577614923385,0.5008325008325009,0.5042450474446479,3,2513,2512,0.7756172839506172,0.7667887667887668,0.3609022556390977,0.45112781954887216,0.6745753272069062,0.8339530144041423,13,True
6007,1487,2974,126,-48,6056,2,40,13,400,170,127,6056,3028,0.48128342245989303,0.512,0.5026666666666667,0.4983344437041972,0.5048285048285048,0.5040785749958382,1,2467,1982,0.7614197530864197,0.605006105006105,0.425,0.3175,0.7943827160493826,0.586929181929182,13,True
6007,5828,5649,138,-48,6056,2,40,13,399,169,137,6056,3029,0.48663101604278075,0.5173333333333333,0.508,0.4990006662225183,0.49783549783549785,0.5042450474446479,3,2480,2272,0.7654320987654321,0.6935286935286935,0.42355889724310775,0.3433583959899749,0.7916890992914384,0.6347309054075971,13,True
6007,1307,2614,153,-48,6056,2,40,13,399,173,174,6056,3029,0.5187165775401069,0.504,0.5253333333333333,0.5036642238507661,0.5041625041625042,0.5042450474446479,3,2520,2404,0.7777777777777778,0.7338217338217338,0.43358395989974935,0.43609022556390975,0.8104273028249637,0.8061545805906707,13,True
6007,4393,2779,179,-48,6056,2,40,13,400,163,140,6056,3028,0.5133689839572193,0.5226666666666666,0.49866666666666665,0.5063291139240507,0.4955044955044955,0.5040785749958382,1,2506,2368,0.7734567901234568,0.7228327228327228,0.4075,0.35,0.7616728395061727,0.6470085470085469,13,True
6007,1847,5236,303,-48,6056,2,40,13,399,152,146,6056,3029,0.48663101604278075,0.5013333333333333,0.49733333333333335,0.5009993337774816,0.4945054945054945,0.5042450474446479,3,2452,1932,0.7567901234567901,0.5897435897435898,0.38095238095238093,0.3659147869674185,0.7120517342739564,0.6764285561278042,13,True
6007,4774,5185,355,-48,6056,2,40,13,399,178,159,6056,3029,0.45454545454545453,0.48,0.4826666666666667,0.5076615589606929,0.5078255078255078,0.5042450474446479,3,2473,2463,0.7632716049382716,0.7518315018315018,0.44611528822055135,0.39849624060150374,0.83385005724187,0.7366584960569923,13,True
6007,3801,1595,360,-48,6056,2,40,13,400,167,141,6056,3028,0.45989304812834225,0.45866666666666667,0.47733333333333333,0.4983344437041972,0.5041625041625042,0.5040785749958382,1,2374,2155,0.7327160493827161,0.6578144078144078,0.4175,0.3525,0.7803641975308643,0.6516300366300366,13,True
6007,5298,3532,391,-48,6056,2,40,13,400,160,151,6056,3028,0.5240641711229946,0.4826666666666667,0.49733333333333335,0.4990006662225183,0.49483849483849485,0.5040785749958382,1,2490,2206,0.7685185185185185,0.6733821733821734,0.4,0.3775,0.7476543209876544,0.6978449328449328,13,True
6007,174,348,420,-48,6056,2,40,13,399,160,174,6056,3029,0.5133689839572193,0.528,0.5213333333333333,0.5183211192538307,0.5118215118215118,0.5042450474446479,3,2526,2387,0.7796296296296297,0.7286324786324786,0.40100250626566414,0.43609022556390975,0.7495281413410069,0.8061545805906707,13,True
6007,783,1566,469,-48,6056,2,40,13,399,209,171,6056,3029,0.5026737967914439,0.5226666666666666,0.49333333333333335,0.480346435709527,0.4955044955044955,0.5042450474446479,3,2612,2333,0.8061728395061728,0.7121489621489622,0.5238095238095238,0.42857142857142855,0.9790711346266902,0.792255363683935,13,True
6007,3977,649,477,-48,6056,2,40,13,399,176,161,6056,3029,0.5508021390374331,0.512,0.5133333333333333,0.5169886742171885,0.5114885114885115,0.5042450474446479,3,2562,2511,0.7907407407407407,0.7664835164835165,0.44110275689223055,0.40350877192982454,0.8244809554751075,0.7459246406614827,13,True
6007,4631,1085,498,-48,6056,2,40,13,400,174,156,6056,3028,0.48663101604278075,0.52,0.52,0.519653564290473,0.5151515151515151,0.5040785749958382,1,2499,2440,0.7712962962962963,0.7448107448107448,0.435,0.39,0.8130740740740741,0.720952380952381,13,True
6007,5251,5503,634,-48,6056,2,40,13,400,162,163,6056,3028,0.5187165775401069,0.5013333333333333,0.5,0.4996668887408394,0.49983349983349984,0.5040785749958382,1,2456,2471,0.7580246913580246,0.7542735042735043,0.405,0.4075,0.7570000000000001,0.7533028083028083,13,True
6007,4525,5019,708,-48,6056,2,40,13,399,159,156,6056,3029,0.5026737967914439,0.5146666666666667,0.5013333333333333,0.5163224516988674,0.5088245088245088,0.5042450474446479,3,2509,2370,0.7743827160493827,0.7234432234432234,0.39849624060150374,0.39097744360902253,0.7448435904576255,0.7227592791502565,13,True
6007,1048,2701,740,-48,6056,2,40,13,400,165,164,6056,3028,0.49732620320855614,0.47733333333333333,0.48133333333333334,0.49766822118587606,0.5071595071595072,0.5040785749958382,1,2433,2493,0.7509259259259259,0.760989010989011,0.4125,0.41,0.7710185185185184,0.7579242979242979,13,True
6007,4724,1147,831,-48,6056,2,40,13,400,168,175,6056,3028,0.5080213903743316,0.49333333333333335,0.4786666666666667,0.48500999333777484,0.4958374958374958,0.5040785749958382,1,2442,2458,0.7537037037037037,0.7503052503052503,0.42,0.4375,0.785037037037037,0.8087606837606838,13,True
6007,3211,4143,833,-48,6056,2,40,13,400,178,163,6056,3028,0.49732620320855614,0.5013333333333333,0.492,0.49566955363091275,0.4958374958374958,0.5040785749958382,1,2542,2373,0.7845679012345679,0.7243589743589743,0.445,0.4075,0.8317654320987654,0.7533028083028083,13,True
6007,5871,3914,954,-48,6056,2,40,13,400,159,174,6056,3028,0.5240641711229946,0.4746666666666667,0.48133333333333334,0.480346435709527,0.4908424908424908,0.5040785749958382,1,2568,2558,0.7925925925925926,0.7808302808302808,0.3975,0.435,0.7429814814814816,0.8041391941391942,13,True
6007,3688,1369,1025,-48,6056,2,40,13,399,140,159,6056,3029,0.5133689839572193,0.528,0.5013333333333333,0.5016655562958028,0.5118215118215118,0.5042450474446479,3,2439,2300,0.7527777777777778,0.702075702075702,0.3508771929824561,0.39849624060150374,0.655837123673381,0.7366584960569923,13,True
6007,1071,714,1052,-48,6056,2,40,13,400,168,157,6056,3028,0.44919786096256686,0.49333333333333335,0.5053333333333333,0.5049966688874084,0.5064935064935064,0.5040785749958382,1,2524,2312,0.7790123456790123,0.7057387057387058,0.42,0.3925,0.785037037037037,0.7255738705738706,13,True
6007,2039,5364,1143,-48,6056,2,40,13,399,161,174,6056,3029,0.5454545454545454,0.5306666666666666,0.516,0.5096602265156562,0.5118215118215118,0.5042450474446479,3,2487,2542,0.7675925925925926,0.775946275946276,0.40350877192982454,0.43609022556390975,0.754212692224388,0.8061545805906707,13,True
6007,5524,5041,1198,-48,6056,2,40,13,400,156,168,6056,3028,0.46524064171123,0.472,0.492,0.5149900066622252,0.5038295038295039,0.5040785749958382,1,2450,2380,0.7561728395061729,0.7264957264957265,0.39,0.42,0.728962962962963,0.7764102564102564,13,True
6007,3423,2282,1211,-48,6056,2,40,13,399,182,142,6056,3029,0.5240641711229946,0.512,0.49866666666666665,0.5023317788141239,0.5024975024975025,0.5042450474446479,3,2442,2236,0.7537037037037037,0.6825396825396826,0.45614035087719296,0.3558897243107769,0.8525882607753952,0.6578962669188232,13,True
6007,815,1630,1216,-48,6056,2,40,13,400,179,144,6056,3028,0.49732620320855614,0.512,0.504,0.508327781479014,0.5078255078255078,0.5040785749958382,1,2557,2149,0.7891975308641975,0.655982905982906,0.4475,0.36,0.8364382716049382,0.6654945054945054,13,True
6007,5783,5559,1294,-48,6056,2,40,13,399,157,146,6056,3029,0.5187165775401069,0.488,0.508,0.5103264490339774,0.5081585081585082,0.5042450474446479,3,2485,2260,0.7669753086419753,0.6898656898656899,0.39348370927318294,0.3659147869674185,0.735474488690863,0.6764285561278042,13,True
6007,5255,1501,1366,-48,6056,2,40,13,400,165,139,6056,3028,0.5668449197860963,0.5386666666666666,0.52,0.5116588940706196,0.5061605061605061,0.5040785749958382,1,2467,2204,0.7614197530864197,0.6727716727716728,0.4125,0.3475,0.7710185185185184,0.6423870573870574,13,True
6007,3259,511,1414,-48,6056,2,40,13,399,178,168,6056,3029,0.5614973262032086,0.5253333333333333,0.5173333333333333,0.519653564290473,0.5078255078255078,0.5042450474446479,3,2522,2247,0.778395061728395,0.6858974358974359,0.44611528822055135,0.42105263157894735,0.83385005724187,0.7783561467771993,13,True
6007,4376,915,1436,-48,6056,2,40,13,399,171,154,6056,3029,0.5401069518716578,0.5386666666666666,0.512,0.519653564290473,0.5081585081585082,0.5042450474446479,3,2452,2370,0.7567901234567901,0.7234432234432234,0.42857142857142855,0.38596491228070173,0.8010582010582009,0.7134931345457661,13,True
6007,3849,1691,1437,-48,6056,2,40,13,400,176,164,6056,3028,0.48128342245989303,0.5066666666666667,0.508,0.5063291139240507,0.4981684981684982,0.5040785749958382,1,2485,2509,0.7669753086419753,0.7658730158730159,0.44,0.41,0.8224197530864197,0.7579242979242979,13,True
6007,3240,2160,1443,-48,6056,2,40,13,400,165,140,6056,3028,0.4385026737967914,0.496,0.5026666666666667,0.5063291139240507,0.5018315018315018,0.5040785749958382,1,2500,2280,0.7716049382716049,0.6959706959706959,0.4125,0.35,0.7710185185185184,0.6470085470085469,13,True
6007,2511,5022,1454,-48,6056,2,40,13,399,159,153,6056,3029,0.5133689839572193,0.49066666666666664,0.5093333333333333,0.5043304463690873,0.5024975024975025,0.5042450474446479,3,2566,2389,0.7919753086419753,0.7292429792429792,0.39849624060150374,0.38345864661654133,0.7448435904576255,0.7088600622435208,13,True
6007,1921,3283,1513,-48,6056,2,40,13,399,152,153,6056,3029,0.48663101604278075,0.5066666666666667,0.5146666666666667,0.5096602265156562,0.5068265068265069,0.5042450474446479,3,2482,2428,0.7660493827160494,0.7411477411477412,0.38095238095238093,0.38345864661654133,0.7120517342739564,0.7088600622435208,13,True
6007,1001,2002,1519,-48,6056,2,40,13,399,163,122,6056,3029,0.5133689839572193,0.49333333333333335,0.5066666666666667,0.5003331112591606,0.49716949716949715,0.5042450474446479,3,2517,2093,0.7768518518518519,0.6388888888888888,0.40852130325814534,0.3057644110275689,0.7635817939911507,0.5652348208739186,13,True
6007,2818,3881,1526,-48,6056,2,40,13,399,174,224,6056,3029,0.5240641711229946,0.49333333333333335,0.49066666666666664,0.49300466355762823,0.49683649683649683,0.5042450474446479,3,2461,2528,0.7595679012345679,0.7716727716727717,0.43609022556390975,0.5614035087719298,0.8151118537083448,1.0378081957029324,13,True
6007,1013,4680,1581,-48,6056,2,40,13,399,168,170,6056,3029,0.5347593582887701,0.5386666666666666,0.5226666666666666,0.5003331112591606,0.4965034965034965,0.5042450474446479,3,2505,2464,0.7731481481481481,0.7521367521367521,0.42105263157894735,0.42606516290726815,0.7870045484080571,0.7876222913816898,13,True
6007,354,236,1663,-48,6056,2,40,13,399,172,167,6056,3029,0.47593582887700536,0.48,0.48933333333333334,0.4890073284477015,0.5014985014985015,0.5042450474446479,3,2469,2350,0.7620370370370371,0.7173382173382173,0.43107769423558895,0.41854636591478694,0.8057427519415823,0.7737230744749541,13,True
6007,23,46,1756,-48,6056,2,40,13,400,164,150,6056,3028,0.5401069518716578,0.5013333333333333,0.5066666666666667,0.4983344437041972,0.49517149517149517,0.5040785749958382,1,2534,2457,0.7820987654320988,0.75,0.41,0.375,0.7663456790123457,0.6932234432234432,13,True
6007,1160,4778,1863,-48,6056,2,40,13,399,161,146,6056,3029,0.5187165775401069,0.528,0.5213333333333333,0.5216522318454364,0.5114885114885115,0.5042450474446479,3,2519,2348,0.7774691358024691,0.7167277167277167,0.40350877192982454,0.3659147869674185,0.754212692224388,0.6764285561278042,13,True
6007,3059,111,1927,-48,6056,2,40,13,399,147,183,6056,3029,0.5401069518716578,0.5386666666666666,0.536,0.5209860093271153,0.5081585081585082,0.5042450474446479,3,2515,2310,0.7762345679012346,0.7051282051282052,0.3684210526315789,0.45864661654135336,0.6886289798570501,0.847852231310878,13,True
6007,1371,2742,2004,-48,6056,2,40,13,399,143,173,6056,3029,0.5668449197860963,0.5226666666666666,0.49066666666666664,0.49633577614923385,0.4908424908424908,0.5042450474446479,3,2476,2409,0.7641975308641975,0.7353479853479854,0.3583959899749373,0.43358395989974935,0.6698907763235248,0.8015215082884256,13,True
6007,972,1944,2006,-48,6056,2,40,13,400,155,157,6056,3028,0.5401069518716578,0.5333333333333333,0.5226666666666666,0.5203197868087941,0.5111555111555112,0.5040785749958382,1,2446,2318,0.7549382716049383,0.7075702075702076,0.3875,0.3925,0.7242901234567902,0.7255738705738706,13,True
6007,2643,5286,2021,-48,6056,2,40,13,400,163,151,6056,3028,0.47058823529411764,0.4746666666666667,0.488,0.49700199866755496,0.5051615051615052,0.5040785749958382,1,2528,2337,0.7802469135802469,0.7133699633699634,0.4075,0.3775,0.7616728395061727,0.6978449328449328,13,True
6007,2946,5892,2076,-48,6056,2,40,13,400,155,142,6056,3028,0.47593582887700536,0.48533333333333334,0.5026666666666667,0.5169886742171885,0.49983349983349984,0.5040785749958382,1,2491,2209,0.7688271604938272,0.6742979242979243,0.3875,0.355,0.7242901234567902,0.6562515262515263,13,True
6007,801,1602,2194,-48,6056,2,40,13,399,163,155,6056,3029,0.5614973262032086,0.5333333333333333,0.512,0.5023317788141239,0.5104895104895105,0.5042450474446479,3,2461,2319,0.7595679012345679,0.7078754578754579,0.40852130325814534,0.38847117794486213,0.7635817939911507,0.7181262068480113,13,True
6007,3234,461,2200,-48,6056,2,40,13,400,155,163,6056,3028,0.4919786096256685,0.512,0.5293333333333333,0.4943371085942705,0.5028305028305028,0.5040785749958382,1,2426,2154,0.7487654320987654,0.6575091575091575,0.3875,0.4075,0.7242901234567902,0.7533028083028083,13,True
6007,4572,3048,2235,-48,6056,2,40,13,400,152,140,6056,3028,0.5080213903743316,0.49333333333333335,0.49466666666666664,0.4876748834110593,0.5021645021645021,0.5040785749958382,1,2486,2224,0.7672839506172839,0.6788766788766789,0.38,0.35,0.7102716049382717,0.6470085470085469,13,True
6007,5181,4355,2245,-48,6056,2,40,13,400,162,158,6056,3028,0.5080213903743316,0.5226666666666666,0.52,0.5063291139240507,0.4981684981684982,0.5040785749958382,1,2535,2418,0.7824074074074074,0.7380952380952381,0.405,0.395,0.7570000000000001,0.7301953601953601,13,True
6007,4624,3241,2294,-48,6056,2,40,13,400,154,172,6056,3028,0.5401069518716578,0.5226666666666666,0.5133333333333333,0.5109926715522984,0.5078255078255078,0.5040785749958382,1,2486,2394,0.7672839506172839,0.7307692307692307,0.385,0.43,0.7196172839506173,0.7948962148962149,13,True
6007,2124,1416,2361,-48,6056,2,40,13,399,160,161,6056,3029,0.5133689839572193,0.5066666666666667,0.5,0.5069953364423717,0.5054945054945055,0.5042450474446479,3,2421,2373,0.7472222222222222,0.7243589743589743,0.40100250626566414,0.40350877192982454,0.7495281413410069,0.7459246406614827,13,True
6007,3953,1899,2483,-48,6056,2,40,13,399,170,154,6056,3029,0.5454545454545454,0.5013333333333333,0.4746666666666667,0.5009993337774816,0.5108225108225108,0.5042450474446479,3,2576,2334,0.7950617283950617,0.7124542124542125,0.42606516290726815,0.38596491228070173,0.7963736501748198,0.7134931345457661,13,True
6007,4517,3027,2733,-48,6056,2,40,13,399,166,147,6056,3029,0.48663101604278075,0.48,0.49066666666666664,0.5056628914057295,0.5108225108225108,0.5042450474446479,3,2526,2245,0.7796296296296297,0.6852869352869353,0.41604010025062654,0.3684210526315789,0.7776354466412946,0.6810616284300495,13,True
6007,4728,3449,2840,-48,6056,2,40,13,400,163,170,6056,3028,0.5508021390374331,0.528,0.49333333333333335,0.4843437708194537,0.4965034965034965,0.5040785749958382,1,2407,2462,0.7429012345679012,0.7515262515262515,0.4075,0.425,0.7616728395061727,0.7856532356532355,13,True
6007,304,608,2930,-48,6056,2,40,13,399,163,144,6056,3029,0.5347593582887701,0.5466666666666666,0.5373333333333333,0.5169886742171885,0.5124875124875125,0.5042450474446479,3,2503,2273,0.7725308641975308,0.6938339438339438,0.40852130325814534,0.3609022556390977,0.7635817939911507,0.6671624115233138,13,True
6007,3772,1537,3055,-48,6056,2,40,13,399,180,179,6056,3029,0.5347593582887701,0.5413333333333333,0.5173333333333333,0.4996668887408394,0.4965034965034965,0.5042450474446479,3,2578,2527,0.7956790123456791,0.7713675213675214,0.45112781954887216,0.44862155388471175,0.8432191590086326,0.829319942101897,13,True
6007,2030,5358,3126,-48,6056,2,40,13,400,151,143,6056,3028,0.49732620320855614,0.49333333333333335,0.5053333333333333,0.5056628914057295,0.4955044955044955,0.5040785749958382,1,2496,2324,0.7703703703703704,0.7094017094017094,0.3775,0.3575,0.7055987654320988,0.6608730158730158,13,True
6007,473,4320,3181,-48,6056,2,40,13,400,184,154,6056,3028,0.5080213903743316,0.5146666666666667,0.5333333333333333,0.513657561625583,0.5151515151515151,0.5040785749958382,1,2556,2464,0.7888888888888889,0.7521367521367521,0.46,0.385,0.8598024691358025,0.7117094017094017,13,True
6007,4516,3025,3237,-48,6056,2,40,13,399,170,162,6056,3029,0.5133689839572193,0.5333333333333333,0.52,0.5063291139240507,0.5074925074925075,0.5042450474446479,3,2374,2371,0.7327160493827161,0.7237484737484737,0.42606516290726815,0.40601503759398494,0.7963736501748198,0.750557712963728,13,True
6007,4864,3721,3320,-48,6056,2,40,13,399,183,167,6056,3029,0.5133689839572193,0.5066666666666667,0.504,0.5036642238507661,0.5044955044955045,0.5042450474446479,3,2540,2478,0.7839506172839507,0.7564102564102564,0.45864661654135336,0.41854636591478694,0.8572728116587766,0.7737230744749541,13,True
6007,2647,3767,3340,-48,6056,2,40,13,399,160,166,6056,3029,0.5721925133689839,0.5333333333333333,0.532,0.5056628914057295,0.5041625041625042,0.5042450474446479,3,2503,2386,0.7725308641975308,0.7283272283272283,0.40100250626566414,0.41604010025062654,0.7495281413410069,0.769090002172709,13,True
6007,2784,5568,3359,-48,6056,2,40,13,400,155,165,6056,3028,0.5240641711229946,0.52,0.5146666666666667,0.4990006662225183,0.5074925074925075,0.5040785749958382,1,2478,2436,0.7648148148148148,0.7435897435897436,0.3875,0.4125,0.7242901234567902,0.7625457875457875,13,True
6007,5561,1705,3394,-48,6056,2,40,13,400,179,158,6056,3028,0.5187165775401069,0.52,0.488,0.4890073284477015,0.49184149184149184,0.5040785749958382,1,2557,2529,0.7891975308641975,0.771978021978022,0.4475,0.395,0.8364382716049382,0.7301953601953601,13,True
6007,501,334,3434,-48,6056,2,40,13,399,169,163,6056,3029,0.5401069518716578,0.5093333333333333,0.52,0.5096602265156562,0.5131535131535132,0.5042450474446479,3,2512,2376,0.7753086419753087,0.7252747252747253,0.42355889724310775,0.40852130325814534,0.7916890992914384,0.7551907852659732,13,True
6007,1182,2364,3493,-48,6056,2,40,13,399,167,170,6056,3029,0.47058823529411764,0.52,0.5013333333333333,0.49633577614923385,0.5074925074925075,0.5042450474446479,3,2476,2370,0.7641975308641975,0.7234432234432234,0.41854636591478694,0.42606516290726815,0.7823199975246758,0.7876222913816898,13,True
6007,2355,1570,3560,-48,6056,2,40,13,399,189,155,6056,3029,0.5401069518716578,0.5146666666666667,0.508,0.5123251165889408,0.5078255078255078,0.5042450474446479,3,2574,2428,0.7944444444444444,0.7411477411477412,0.47368421052631576,0.38847117794486213,0.8853801169590643,0.7181262068480113,13,True
6007,1270,2849,3602,-48,6056,2,40,13,400,164,147,6056,3028,0.43315508021390375,0.49066666666666664,0.4866666666666667,0.5129913391072618,0.5121545121545121,0.5040785749958382,1,2528,2218,0.7802469135802469,0.6770451770451771,0.41,0.3675,0.7663456790123457,0.6793589743589743,13,True
6007,1806,3612,3659,-48,6056,2,40,13,399,177,139,6056,3029,0.5026737967914439,0.488,0.49066666666666664,0.48500999333777484,0.48951048951048953,0.5042450474446479,3,2502,2293,0.7722222222222223,0.6999389499389499,0.44360902255639095,0.3483709273182957,0.8291655063584888,0.6439970500120875,13,True
6007,5398,4789,3666,-48,6056,2,40,13,399,159,156,6056,3029,0.45454545454545453,0.4746666666666667,0.49466666666666664,0.49700199866755496,0.5071595071595072,0.5042450474446479,3,2507,2338,0.7737654320987655,0.7136752136752137,0.39849624060150374,0.39097744360902253,0.7448435904576255,0.7227592791502565,13,True
6007,2497,3667,3677,-48,6056,2,40,13,400,163,143,6056,3028,0.41711229946524064,0.4533333333333333,0.47733333333333333,0.4776815456362425,0.4908424908424908,0.5040785749958382,1,2510,2526,0.7746913580246914,0.7710622710622711,0.4075,0.3575,0.7616728395061727,0.6608730158730158,13,True
6007,94,188,3775,-48,6056,2,40,13,400,163,166,6056,3028,0.49732620320855614,0.49866666666666665,0.496,0.5109926715522984,0.5071595071595072,0.5040785749958382,1,2537,2394,0.7830246913580247,0.7307692307692307,0.4075,0.415,0.7616728395061727,0.7671672771672771,13,True
6007,3589,4395,3827,-48,6056,2,40,13,399,169,127,6056,3029,0.48128342245989303,0.488,0.47733333333333333,0.4990006662225183,0.5121545121545121,0.5042450474446479,3,2469,2052,0.7620370370370371,0.6263736263736264,0.42355889724310775,0.3182957393483709,0.7916890992914384,0.5884001823851448,13,True
6007,1104,2208,4029,-48,6056,2,40,13,399,163,146,6056,3029,0.48128342245989303,0.49866666666666665,0.5146666666666667,0.5089940039973351,0.5014985014985015,0.5042450474446479,3,2538,2140,0.7833333333333333,0.6532356532356532,0.40852130325814534,0.3659147869674185,0.7635817939911507,0.6764285561278042,13,True
6007,1087,2727,4104,-48,6056,2,40,13,399,183,182,6056,3029,0.5561497326203209,0.5333333333333333,0.5253333333333333,0.5216522318454364,0.5031635031635031,0.5042450474446479,3,2508,2456,0.774074074074074,0.7496947496947497,0.45864661654135336,0.45614035087719296,0.8572728116587766,0.8432191590086326,13,True
6007,5374,4741,4184,-48,6056,2,40,13,399,175,137,6056,3029,0.5294117647058824,0.5226666666666666,0.5026666666666667,0.4943371085942705,0.5061605061605061,0.5042450474446479,3,2479,2168,0.7651234567901235,0.6617826617826618,0.43859649122807015,0.3433583959899749,0.8197964045917262,0.6347309054075971,13,True
6007,5983,5959,4197,-48,6056,2,40,13,399,166,169,6056,3029,0.5133689839572193,0.49866666666666665,0.49333333333333335,0.49233844103930713,0.5001665001665002,0.5042450474446479,3,2542,2402,0.7845679012345679,0.7332112332112332,0.41604010025062654,0.42355889724310775,0.7776354466412946,0.7829892190794446,13,True
6007,1783,3191,4214,-48,6056,2,40,13,400,177,169,6056,3028,0.4919786096256685,0.5013333333333333,0.5266666666666666,0.5056628914057295,0.5031635031635031,0.5040785749958382,1,2554,2316,0.7882716049382716,0.706959706959707,0.4425,0.4225,0.8270925925925926,0.781031746031746,13,True
6007,4764,3176,4290,-48,6056,2,40,13,400,147,152,6056,3028,0.5026737967914439,0.52,0.5426666666666666,0.5223184543637575,0.5081585081585082,0.5040785749958382,1,2455,2402,0.7577160493827161,0.7332112332112332,0.3675,0.38,0.6869074074074074,0.7024664224664225,13,True
6007,2540,5080,4312,-48,6056,2,40,13,400,165,144,6056,3028,0.47593582887700536,0.5093333333333333,0.496,0.4990006662225183,0.5124875124875125,0.5040785749958382,1,2514,2312,0.7759259259259259,0.7057387057387058,0.4125,0.36,0.7710185185185184,0.6654945054945054,13,True
6007,996,1992,4360,-48,6056,2,40,13,400,150,153,6056,3028,0.5614973262032086,0.528,0.52,0.49700199866755496,0.4925074925074925,0.5040785749958382,1,2494,2328,0.769753086419753,0.7106227106227107,0.375,0.3825,0.700925925925926,0.7070879120879121,13,True
6007,67,2047,4400,-48,6056,2,40,13,400,156,158,6056,3028,0.5133689839572193,0.5306666666666666,0.5213333333333333,0.5123251165889408,0.5094905094905094,0.5040785749958382,1,2580,2335,0.7962962962962963,0.7127594627594628,0.39,0.395,0.728962962962963,0.7301953601953601,13,True
6007,5510,5013,4409,-48,6056,2,40,13,400,168,164,6056,3028,0.49732620320855614,0.5066666666666667,0.492,0.4990006662225183,0.5058275058275058,0.5040785749958382,1,2518,2359,0.7771604938271605,0.7200854700854701,0.42,0.41,0.785037037037037,0.7579242979242979,13,True
6007,2693,5386,4467,-48,6056,2,40,13,400,160,172,6056,3028,0.48128342245989303,0.4693333333333333,0.4826666666666667,0.5009993337774816,0.5018315018315018,0.5040785749958382,1,2481,2346,0.7657407407407407,0.7161172161172161,0.4,0.43,0.7476543209876544,0.7948962148962149,13,True
6007,5267,4527,4481,-48,6056,2,40,13,400,156,169,6056,3028,0.43315508021390375,0.4666666666666667,0.5,0.5043304463690873,0.5041625041625042,0.5040785749958382,1,2457,2267,0.7583333333333333,0.692002442002442,0.39,0.4225,0.728962962962963,0.781031746031746,13,True
6007,1433,4960,4502,-48,6056,2,40,13,400,153,151,6056,3028,0.5240641711229946,0.49333333333333335,0.49866666666666665,0.4990006662225183,0.5111555111555112,0.5040785749958382,1,2514,2230,0.7759259259259259,0.6807081807081807,0.3825,0.3775,0.7149444444444445,0.6978449328449328,13,True
6007,730,1460,4531,-48,6056,2,40,13,400,142,166,6056,3028,0.49732620320855614,0.48,0.5026666666666667,0.5109926715522984,0.5091575091575091,0.5040785749958382,1,2538,2396,0.7833333333333333,0.7313797313797313,0.355,0.415,0.6635432098765432,0.7671672771672771,13,True
6007,3567,2378,4725,-48,6056,2,40,13,400,167,183,6056,3028,0.49732620320855614,0.5146666666666667,0.5066666666666667,0.5009993337774816,0.5134865134865135,0.5040785749958382,1,2546,2558,0.7858024691358024,0.7808302808302808,0.4175,0.4575,0.7803641975308643,0.8457326007326007,13,True
6007,5438,4869,4740,-48,6056,2,40,13,400,175,180,6056,3028,0.5347593582887701,0.5226666666666666,0.5186666666666667,0.508327781479014,0.5061605061605061,0.5040785749958382,1,2529,2498,0.7805555555555556,0.7625152625152625,0.4375,0.45,0.8177469135802469,0.8318681318681319,13,True
6007,797,1594,4879,-48,6056,2,40,13,399,202,138,6056,3029,0.49732620320855614,0.49333333333333335,0.5146666666666667,0.5056628914057295,0.5041625041625042,0.5042450474446479,3,2463,2394,0.7601851851851852,0.7307692307692307,0.506265664160401,0.3458646616541353,0.9462792784430211,0.6393639777098424,13,True
6007,5220,3480,4922,-48,6056,2,40,13,399,168,161,6056,3029,0.5080213903743316,0.544,0.532,0.5203197868087941,0.5071595071595072,0.5042450474446479,3,2562,2463,0.7907407407407407,0.7518315018315018,0.42105263157894735,0.40350877192982454,0.7870045484080571,0.7459246406614827,13,True
6007,4414,2821,5072,-48,6056,2,40,13,400,149,153,6056,3028,0.5026737967914439,0.5066666666666667,0.496,0.508327781479014,0.5011655011655012,0.5040785749958382,1,2482,2256,0.7660493827160494,0.6886446886446886,0.3725,0.3825,0.6962530864197531,0.7070879120879121,13,True
6007,5755,5839,5078,-48,6056,2,40,13,399,186,186,6056,3029,0.5240641711229946,0.5386666666666666,0.5146666666666667,0.5223184543637575,0.5108225108225108,0.5042450474446479,3,2556,2440,0.7888888888888889,0.7448107448107448,0.46616541353383456,0.46616541353383456,0.8713264643089205,0.8617514482176136,13,True
6007,2856,5712,5181,-48,6056,2,40,13,399,172,151,6056,3029,0.43315508021390375,0.4693333333333333,0.5093333333333333,0.5069953364423717,0.4995004995004995,0.5042450474446479,3,2511,2254,0.775,0.688034188034188,0.43107769423558895,0.37844611528822053,0.8057427519415823,0.6995939176390304,13,True
6007,2670,5340,5212,-48,6056,2,40,13,399,175,151,6056,3029,0.5240641711229946,0.52,0.5293333333333333,0.5069953364423717,0.5114885114885115,0.5042450474446479,3,2491,2542,0.7688271604938272,0.775946275946276,0.43859649122807015,0.37844611528822053,0.8197964045917262,0.6995939176390304,13,True
6007,1252,2504,5214,-48,6056,2,40,13,400,164,152,6056,3028,0.5080213903743316,0.49066666666666664,0.5266666666666666,0.513657561625583,0.5091575091575091,0.5040785749958382,1,2541,2353,0.7842592592592592,0.7182539682539683,0.41,0.38,0.7663456790123457,0.7024664224664225,13,True
6007,665,1330,5237,-48,6056,2,40,13,399,170,158,6056,3029,0.5401069518716578,0.544,0.5426666666666666,0.5269820119920053,0.5151515151515151,0.5042450474446479,3,2498,2337,0.7709876543209877,0.7133699633699634,0.42606516290726815,0.39598997493734334,0.7963736501748198,0.732025423754747,13,True
6007,5599,5735,5345,-48,6056,2,40,13,400,170,159,6056,3028,0.48128342245989303,0.47733333333333333,0.488,0.5143237841439041,0.5071595071595072,0.5040785749958382,1,2492,2452,0.7691358024691358,0.7484737484737485,0.425,0.3975,0.7943827160493826,0.7348168498168499,13,True
6007,3121,4083,5349,-48,6056,2,40,13,400,174,157,6056,3028,0.49732620320855614,0.5066666666666667,0.5013333333333333,0.5129913391072618,0.5088245088245088,0.5040785749958382,1,2520,2370,0.7777777777777778,0.7234432234432234,0.435,0.3925,0.8130740740740741,0.7255738705738706,13,True
6007,3987,2658,5358,-48,6056,2,40,13,399,157,159,6056,3029,0.5240641711229946,0.5146666666666667,0.5346666666666666,0.5229846768820786,0.5118215118215118,0.5042450474446479,3,2471,2195,0.7626543209876543,0.67002442002442,0.39348370927318294,0.39849624060150374,0.735474488690863,0.7366584960569923,13,True
6007,4884,3761,5366,-48,6056,2,40,13,400,163,144,6056,3028,0.48128342245989303,0.4693333333333333,0.49733333333333335,0.5003331112591606,0.5074925074925075,0.5040785749958382,1,2501,2446,0.7719135802469136,0.7466422466422467,0.4075,0.36,0.7616728395061727,0.6654945054945054,13,True
6007,1162,2777,5369,-48,6056,2,40,13,399,156,167,6056,3029,0.5668449197860963,0.5413333333333333,0.5306666666666666,0.5316455696202531,0.5194805194805194,0.5042450474446479,3,2490,2371,0.7685185185185185,0.7237484737484737,0.39097744360902253,0.41854636591478694,0.7307899378074816,0.7737230744749541,13,True
6007,4223,813,5468,-48,6056,2,40,13,400,144,143,6056,3028,0.5828877005347594,0.5546666666666666,0.5533333333333333,0.5203197868087941,0.5104895104895105,0.5040785749958382,1,2434,2394,0.7512345679012346,0.7307692307692307,0.36,0.3575,0.6728888888888889,0.6608730158730158,13,True
6007,3738,2492,5484,-48,6056,2,40,13,399,174,144,6056,3029,0.4385026737967914,0.4693333333333333,0.512,0.5109926715522984,0.5141525141525142,0.5042450474446479,3,2488,2199,0.7679012345679013,0.6712454212454212,0.43609022556390975,0.3609022556390977,0.8151118537083448,0.6671624115233138,13,True
6007,5164,5445,5510,-48,6056,2,40,13,400,174,154,6056,3028,0.48663101604278075,0.488,0.496,0.5103264490339774,0.5071595071595072,0.5040785749958382,1,2472,2378,0.762962962962963,0.7258852258852259,0.435,0.385,0.8130740740740741,0.7117094017094017,13,True
6007,368,4250,5519,-48,6056,2,40,13,400,147,155,6056,3028,0.5240641711229946,0.49333333333333335,0.5146666666666667,0.5003331112591606,0.5078255078255078,0.5040785749958382,1,2423,2390,0.7478395061728395,0.7295482295482295,0.3675,0.3875,0.6869074074074074,0.7163308913308915,13,True
6007,296,4202,5568,-48,6056,2,40,13,399,142,168,6056,3029,0.5989304812834224,0.552,0.5266666666666666,0.5009993337774816,0.5064935064935064,0.5042450474446479,3,2473,2471,0.7632716049382716,0.7542735042735043,0.3558897243107769,0.42105263157894735,0.6652062254401435,0.7783561467771993,13,True
6007,434,4294,5620,-48,6056,2,40,13,399,155,196,6056,3029,0.5026737967914439,0.488,0.5133333333333333,0.5043304463690873,0.5078255078255078,0.5042450474446479,3,2548,2556,0.7864197530864198,0.7802197802197802,0.38847117794486213,0.49122807017543857,0.7261053869241003,0.908082171240066,13,True
6007,5868,3912,5653,-48,6056,2,40,13,400,158,154,6056,3028,0.5240641711229946,0.49333333333333335,0.49333333333333335,0.49233844103930713,0.5038295038295039,0.5040785749958382,1,2520,2240,0.7777777777777778,0.6837606837606838,0.395,0.385,0.7383086419753087,0.7117094017094017,13,True
6007,3410,271,5676,-48,6056,2,40,13,399,178,159,6056,3029,0.5294117647058824,0.512,0.5066666666666667,0.513657561625583,0.5054945054945055,0.5042450474446479,3,2478,2348,0.7648148148148148,0.7167277167277167,0.44611528822055135,0.39849624060150374,0.83385005724187,0.7366584960569923,13,True
6007,3804,1601,5813,-48,6056,2,40,13,400,177,151,6056,3028,0.45454545454545453,0.472,0.4706666666666667,0.4776815456362425,0.5038295038295039,0.5040785749958382,1,2496,2383,0.7703703703703704,0.7274114774114774,0.4425,0.3775,0.8270925925925926,0.6978449328449328,13,True
6007,4914,3821,5953,-48,6056,2,40,13,399,166,136,6056,3029,0.5240641711229946,0.5093333333333333,0.5026666666666667,0.5063291139240507,0.5001665001665002,0.5042450474446479,3,2499,2150,0.7712962962962963,0.6562881562881563,0.41604010025062654,0.3408521303258145,0.7776354466412946,0.6300978331053518,13,True
6007,2680,3789,5980,-48,6056,2,40,13,400,168,172,6056,3028,0.47593582887700536,0.5093333333333333,0.496,0.5056628914057295,0.5118215118215118,0.5040785749958382,1,2558,2297,0.7895061728395062,0.7011599511599511,0.42,0.43,0.785037037037037,0.7948962148962149,13,True
6007,4520,3033,6006,-48,6056,2,40,13,399,164,158,6056,3029,0.48128342245989303,0.4746666666666667,0.49333333333333335,0.5056628914057295,0.5011655011655012,0.5042450474446479,3,2581,2288,0.796604938271605,0.6984126984126984,0.41102756892230574,0.39598997493734334,0.768266344874532,0.732025423754747,13,True
6007,4699,3391,20,22,5986,2,40,13,400,163,161,5986,2993,0.5080213903743316,0.4826666666666667,0.48933333333333334,0.49700199866755496,0.4955044955044955,0.4982520392874979,1,2456,2453,0.7580246913580246,0.7487789987789988,0.4075,0.4025,0.7528688271604937,0.7354594017094018,13,True
6007,2277,4554,206,22,5986,2,40,13,400,158,155,5986,2993,0.5080213903743316,0.5013333333333333,0.528,0.5129913391072618,0.5028305028305028,0.4982520392874979,1,2511,2241,0.775,0.6840659340659341,0.395,0.3875,0.7297746913580248,0.7080509768009768,13,True
6007,2553,5106,285,22,5986,2,40,13,400,160,156,5986,2993,0.46524064171123,0.496,0.492,0.48967355096602266,0.49783549783549785,0.4982520392874979,1,2472,2280,0.762962962962963,0.6959706959706959,0.4,0.39,0.7390123456790124,0.7126190476190476,13,True
6007,3969,2646,293,22,5986,2,40,13,400,170,177,5986,2993,0.5133689839572193,0.528,0.5093333333333333,0.4950033311125916,0.4945054945054945,0.4982520392874979,1,2504,2468,0.7728395061728395,0.7533577533577533,0.425,0.4425,0.7852006172839505,0.8085485347985347,13,True
6007,5912,5817,294,22,5986,2,40,13,400,172,172,5986,2993,0.5240641711229946,0.5253333333333333,0.5146666666666667,0.5089940039973351,0.5078255078255078,0.4982520392874979,1,2474,2572,0.7635802469135803,0.7851037851037851,0.43,0.43,0.7944382716049383,0.7857081807081807,13,True
6007,794,4534,297,22,5986,2,40,13,400,177,150,5986,2993,0.49732620320855614,0.49333333333333335,0.48133333333333334,0.5016655562958028,0.5001665001665002,0.4982520392874979,1,2560,2336,0.7901234567901234,0.7130647130647131,0.4425,0.375,0.8175324074074074,0.6852106227106227,13,True
6007,5935,5863,362,22,5986,2,40,13,400,148,142,5986,2993,0.5080213903743316,0.5093333333333333,0.49066666666666664,0.49300466355762823,0.4961704961704962,0.4982520392874979,1,2468,2228,0.7617283950617284,0.6800976800976801,0.37,0.355,0.6835864197530864,0.6486660561660561,13,True
6007,3378,749,370,22,5986,2,40,13,400,163,150,5986,2993,0.5294117647058824,0.5253333333333333,0.5053333333333333,0.5123251165889408,0.5064935064935064,0.4982520392874979,1,2457,2281,0.7583333333333333,0.6962759462759462,0.4075,0.375,0.7528688271604937,0.6852106227106227,13,True
6007,3621,2414,374,22,5986,2,40,13,400,151,153,5986,2993,0.4919786096256685,0.4746666666666667,0.4866666666666667,0.4943371085942705,0.5018315018315018,0.4982520392874979,1,2477,2232,0.7645061728395062,0.6813186813186813,0.3775,0.3825,0.697442901234568,0.6989148351648352,13,True
6007,1519,3038,470,22,5986,2,40,13,400,174,172,5986,2993,0.5080213903743316,0.5253333333333333,0.508,0.5009993337774816,0.5008325008325009,0.4982520392874979,1,2463,2348,0.7601851851851852,0.7167277167277167,0.435,0.43,0.8036759259259258,0.7857081807081807,13,True
6007,4904,1267,575,22,5986,2,40,13,400,180,154,5986,2993,0.5668449197860963,0.5466666666666666,0.5226666666666666,0.5229846768820786,0.5094905094905094,0.4982520392874979,1,2578,2343,0.7956790123456791,0.7152014652014652,0.45,0.385,0.831388888888889,0.703482905982906,13,True
6007,5936,5865,604,22,5986,2,40,13,400,173,147,5986,2993,0.5347593582887701,0.496,0.5066666666666667,0.4990006662225183,0.5058275058275058,0.4982520392874979,1,2512,2367,0.7753086419753087,0.7225274725274725,0.4325,0.3675,0.7990570987654322,0.6715064102564102,13,True
6007,3493,979,841,22,5986,2,40,13,400,170,149,5986,2993,0.5401069518716578,0.512,0.5146666666666667,0.5149900066622252,0.5068265068265069,0.4982520392874979,1,2446,2348,0.7549382716049383,0.7167277167277167,0.425,0.3725,0.7852006172839505,0.6806425518925519,13,True
6007,3766,1525,870,22,5986,2,40,13,400,180,143,5986,2993,0.5508021390374331,0.5146666666666667,0.5173333333333333,0.5063291139240507,0.5031635031635031,0.4982520392874979,1,2522,2325,0.778395061728395,0.7097069597069597,0.45,0.3575,0.831388888888889,0.653234126984127,13,True
6007,677,4456,943,22,5986,2,40,13,400,167,150,5986,2993,0.5508021390374331,0.504,0.49466666666666664,0.4830113257828115,0.48717948717948717,0.4982520392874979,1,2550,2383,0.7870370370370371,0.7274114774114774,0.4175,0.375,0.7713441358024691,0.6852106227106227,13,True
6007,193,2131,966,22,5986,2,40,13,400,170,154,5986,2993,0.45454545454545453,0.488,0.48533333333333334,0.5043304463690873,0.4981684981684982,0.4982520392874979,1,2446,2482,0.7549382716049383,0.7576312576312576,0.425,0.385,0.7852006172839505,0.703482905982906,13,True
6007,376,752,1016,22,5986,2,40,13,400,161,153,5986,2993,0.47058823529411764,0.472,0.5053333333333333,0.49700199866755496,0.5054945054945055,0.4982520392874979,1,2411,2452,0.7441358024691358,0.7484737484737485,0.4025,0.3825,0.7436311728395062,0.6989148351648352,13,True
6007,5890,5773,1045,22,5986,2,40,13,400,171,140,5986,2993,0.45989304812834225,0.5013333333333333,0.48133333333333334,0.4936708860759494,0.49716949716949715,0.4982520392874979,1,2558,2072,0.7895061728395062,0.6324786324786325,0.4275,0.35,0.7898194444444444,0.6395299145299145,13,True
6007,925,2619,1101,22,5986,2,40,13,400,166,167,5986,2993,0.5187165775401069,0.5093333333333333,0.48533333333333334,0.5043304463690873,0.4958374958374958,0.4982520392874979,1,2472,2424,0.762962962962963,0.73992673992674,0.415,0.4175,0.7667253086419753,0.7628678266178266,13,True
6007,2579,5158,1120,22,5986,2,40,13,400,167,161,5986,2993,0.48128342245989303,0.488,0.4746666666666667,0.49566955363091275,0.4961704961704962,0.4982520392874979,1,2514,2392,0.7759259259259259,0.7301587301587301,0.4175,0.4025,0.7713441358024691,0.7354594017094018,13,True
6007,5190,4373,1270,22,5986,2,40,13,400,163,186,5986,2993,0.5240641711229946,0.5386666666666666,0.5213333333333333,0.5023317788141239,0.5034965034965035,0.4982520392874979,1,2462,2484,0.7598765432098765,0.7582417582417582,0.4075,0.465,0.7528688271604937,0.8496611721611722,13,True
6007,118,2081,1288,22,5986,2,40,13,400,165,174,5986,2993,0.4919786096256685,0.4826666666666667,0.504,0.4996668887408394,0.5061605061605061,0.4982520392874979,1,2441,2320,0.7533950617283951,0.7081807081807082,0.4125,0.435,0.7621064814814814,0.7948443223443223,13,True
6007,5746,5833,1329,22,5986,2,40,13,400,170,173,5986,2993,0.48663101604278075,0.47733333333333333,0.496,0.49100599600266487,0.4908424908424908,0.4982520392874979,1,2434,2426,0.7512345679012346,0.7405372405372406,0.425,0.4325,0.7852006172839505,0.7902762515262516,13,True
6007,2656,3773,1342,22,5986,2,40,13,400,189,178,5986,2993,0.5187165775401069,0.504,0.5106666666666667,0.5009993337774816,0.4961704961704962,0.4982520392874979,1,2518,2362,0.7771604938271605,0.721001221001221,0.4725,0.445,0.8729583333333333,0.8131166056166056,13,True
6007,5465,1641,1459,22,5986,2,40,13,400,174,177,5986,2993,0.48663101604278075,0.4826666666666667,0.49066666666666664,0.48967355096602266,0.5064935064935064,0.4982520392874979,1,2513,2510,0.7756172839506172,0.7661782661782662,0.435,0.4425,0.8036759259259258,0.8085485347985347,13,True
6007,5865,3910,1506,22,5986,2,40,13,400,153,147,5986,2993,0.48663101604278075,0.45866666666666667,0.4706666666666667,0.491672218520986,0.49217449217449216,0.4982520392874979,1,2406,2236,0.7425925925925926,0.6825396825396826,0.3825,0.3675,0.7066805555555555,0.6715064102564102,13,True
6007,31,62,1545,22,5986,2,40,13,400,183,158,5986,2993,0.48663101604278075,0.48533333333333334,0.476,0.4890073284477015,0.48784548784548787,0.4982520392874979,1,2528,2432,0.7802469135802469,0.7423687423687424,0.4575,0.395,0.8452453703703704,0.7217551892551893,13,True
6007,1378,2921,1659,22,5986,2,40,13,400,144,162,5986,2993,0.5187165775401069,0.5013333333333333,0.5,0.49700199866755496,0.49517149517149517,0.4982520392874979,1,2483,2307,0.766358024691358,0.7042124542124543,0.36,0.405,0.6651111111111111,0.7400274725274727,13,True
6007,5280,4553,1726,22,5986,2,40,13,400,176,161,5986,2993,0.48663101604278075,0.52,0.524,0.5043304463690873,0.5014985014985015,0.4982520392874979,1,2512,2360,0.7753086419753087,0.7203907203907204,0.44,0.4025,0.8129135802469136,0.7354594017094018,13,True
6007,5635,5263,1811,22,5986,2,40,13,400,175,157,5986,2993,0.5187165775401069,0.528,0.5346666666666666,0.5229846768820786,0.5058275058275058,0.4982520392874979,1,2485,2450,0.7669753086419753,0.7478632478632479,0.4375,0.3925,0.8082947530864197,0.7171871184371185,13,True
6007,4039,2071,2012,22,5986,2,40,13,400,171,159,5986,2993,0.5347593582887701,0.512,0.516,0.4996668887408394,0.4965034965034965,0.4982520392874979,1,2504,2276,0.7728395061728395,0.6947496947496947,0.4275,0.3975,0.7898194444444444,0.7263232600732601,13,True
6007,1763,5180,2038,22,5986,2,40,13,400,170,161,5986,2993,0.47593582887700536,0.49333333333333335,0.49733333333333335,0.502998001332445,0.5028305028305028,0.4982520392874979,1,2408,2448,0.7432098765432099,0.7472527472527473,0.425,0.4025,0.7852006172839505,0.7354594017094018,13,True
6007,3418,4281,2176,22,5986,2,40,13,400,164,157,5986,2993,0.48128342245989303,0.4746666666666667,0.48133333333333334,0.5009993337774816,0.5031635031635031,0.4982520392874979,1,2483,2367,0.766358024691358,0.7225274725274725,0.41,0.3925,0.7574876543209876,0.7171871184371185,13,True
6007,465,310,2179,22,5986,2,40,13,400,166,163,5986,2993,0.43315508021390375,0.464,0.48933333333333334,0.49100599600266487,0.4985014985014985,0.4982520392874979,1,2520,2374,0.7777777777777778,0.7246642246642246,0.415,0.4075,0.7667253086419753,0.7445955433455432,13,True
6007,388,2261,2191,22,5986,2,40,13,400,170,127,5986,2993,0.5454545454545454,0.5333333333333333,0.5253333333333333,0.5123251165889408,0.5068265068265069,0.4982520392874979,1,2454,2057,0.7574074074074074,0.6278998778998779,0.425,0.3175,0.7852006172839505,0.580144993894994,13,True
6007,4108,4741,2263,22,5986,2,40,13,400,167,143,5986,2993,0.4919786096256685,0.5386666666666666,0.5426666666666666,0.5223184543637575,0.5091575091575091,0.4982520392874979,1,2502,2392,0.7722222222222223,0.7301587301587301,0.4175,0.3575,0.7713441358024691,0.653234126984127,13,True
6007,2945,5890,2351,22,5986,2,40,13,400,165,158,5986,2993,0.5347593582887701,0.5013333333333333,0.49333333333333335,0.4870086608927382,0.49217449217449216,0.4982520392874979,1,2542,2382,0.7845679012345679,0.7271062271062271,0.4125,0.395,0.7621064814814814,0.7217551892551893,13,True
6007,5654,1767,2395,22,5986,2,40,13,400,172,148,5986,2993,0.5187165775401069,0.48533333333333334,0.464,0.4936708860759494,0.5018315018315018,0.4982520392874979,1,2494,2445,0.769753086419753,0.7463369963369964,0.43,0.37,0.7944382716049383,0.6760744810744811,13,True
6007,2254,3505,2431,22,5986,2,40,13,400,182,163,5986,2993,0.5187165775401069,0.48533333333333334,0.4706666666666667,0.4843437708194537,0.4965034965034965,0.4982520392874979,1,2562,2501,0.7907407407407407,0.7634310134310134,0.455,0.4075,0.8406265432098766,0.7445955433455432,13,True
6007,1753,3171,2505,22,5986,2,40,13,400,182,162,5986,2993,0.44385026737967914,0.464,0.4693333333333333,0.47901399067288475,0.49417249417249415,0.4982520392874979,1,2528,2466,0.7802469135802469,0.7527472527472527,0.455,0.405,0.8406265432098766,0.7400274725274727,13,True
6007,2270,4540,2521,22,5986,2,40,13,400,176,142,5986,2993,0.5080213903743316,0.5226666666666666,0.49733333333333335,0.49700199866755496,0.5001665001665002,0.4982520392874979,1,2516,2253,0.7765432098765432,0.6877289377289377,0.44,0.355,0.8129135802469136,0.6486660561660561,13,True
6007,2713,3811,2540,22,5986,2,40,13,400,176,171,5986,2993,0.5294117647058824,0.52,0.5066666666666667,0.4983344437041972,0.48884448884448883,0.4982520392874979,1,2580,2506,0.7962962962962963,0.7649572649572649,0.44,0.4275,0.8129135802469136,0.7811401098901098,13,True
6007,705,470,2637,22,5986,2,40,13,400,158,187,5986,2993,0.5187165775401069,0.512,0.516,0.4950033311125916,0.5021645021645021,0.4982520392874979,1,2490,2561,0.7685185185185185,0.7817460317460317,0.395,0.4675,0.7297746913580248,0.8542292429792431,13,True
6007,1643,3286,2736,22,5986,2,40,13,400,142,156,5986,2993,0.5133689839572193,0.488,0.516,0.4996668887408394,0.5004995004995005,0.4982520392874979,1,2428,2412,0.7493827160493827,0.7362637362637363,0.355,0.39,0.6558734567901234,0.7126190476190476,13,True
6007,2577,5154,2762,22,5986,2,40,13,400,173,168,5986,2993,0.45454545454545453,0.47733333333333333,0.48533333333333334,0.491672218520986,0.4985014985014985,0.4982520392874979,1,2508,2264,0.774074074074074,0.6910866910866911,0.4325,0.42,0.7990570987654322,0.7674358974358974,13,True
6007,4722,3148,2791,22,5986,2,40,13,400,168,148,5986,2993,0.5026737967914439,0.5093333333333333,0.5226666666666666,0.513657561625583,0.5014985014985015,0.4982520392874979,1,2505,2238,0.7731481481481481,0.6831501831501832,0.42,0.37,0.775962962962963,0.6760744810744811,13,True
6007,5663,1773,2853,22,5986,2,40,13,400,174,161,5986,2993,0.5026737967914439,0.48533333333333334,0.496,0.4996668887408394,0.5064935064935064,0.4982520392874979,1,2534,2336,0.7820987654320988,0.7130647130647131,0.435,0.4025,0.8036759259259258,0.7354594017094018,13,True
6007,5416,4825,2961,22,5986,2,40,13,400,172,175,5986,2993,0.44919786096256686,0.4746666666666667,0.48133333333333334,0.491672218520986,0.49483849483849485,0.4982520392874979,1,2486,2368,0.7672839506172839,0.7228327228327228,0.43,0.4375,0.7944382716049383,0.7994123931623932,13,True
6007,211,2143,2995,22,5986,2,40,13,400,153,163,5986,2993,0.46524064171123,0.4826666666666667,0.48,0.49033977348434377,0.4858474858474858,0.4982520392874979,1,2506,2506,0.7734567901234568,0.7649572649572649,0.3825,0.4075,0.7066805555555555,0.7445955433455432,13,True
6007,2039,4078,3008,22,5986,2,40,13,400,163,152,5986,2993,0.5508021390374331,0.496,0.4866666666666667,0.5036642238507661,0.49916749916749914,0.4982520392874979,1,2503,2470,0.7725308641975308,0.753968253968254,0.4075,0.38,0.7528688271604937,0.6943467643467643,13,True
6007,1449,2898,3015,22,5986,2,40,13,400,162,136,5986,2993,0.48128342245989303,0.5066666666666667,0.5053333333333333,0.5003331112591606,0.49483849483849485,0.4982520392874979,1,2456,2246,0.7580246913580246,0.6855921855921856,0.405,0.34,0.7482500000000001,0.6212576312576313,13,True
6007,4414,4945,3046,22,5986,2,40,13,400,154,164,5986,2993,0.47593582887700536,0.48,0.49333333333333335,0.5129913391072618,0.5048285048285048,0.4982520392874979,1,2530,2433,0.7808641975308642,0.7426739926739927,0.385,0.41,0.7112993827160494,0.7491636141636141,13,True
6007,5583,5159,3056,22,5986,2,40,13,400,153,160,5986,2993,0.4385026737967914,0.4533333333333333,0.44133333333333336,0.47235176548967356,0.4988344988344988,0.4982520392874979,1,2448,2116,0.7555555555555555,0.645909645909646,0.3825,0.4,0.7066805555555555,0.730891330891331,13,True
6007,5620,5233,3059,22,5986,2,40,13,400,154,156,5986,2993,0.49732620320855614,0.48,0.476,0.5036642238507661,0.5068265068265069,0.4982520392874979,1,2416,2380,0.745679012345679,0.7264957264957265,0.385,0.39,0.7112993827160494,0.7126190476190476,13,True
6007,2986,5972,3140,22,5986,2,40,13,400,172,147,5986,2993,0.48128342245989303,0.4826666666666667,0.492,0.502998001332445,0.5001665001665002,0.4982520392874979,1,2484,2372,0.7666666666666667,0.724053724053724,0.43,0.3675,0.7944382716049383,0.6715064102564102,13,True
6007,4332,2657,3156,22,5986,2,40,13,400,154,177,5986,2993,0.5133689839572193,0.52,0.5026666666666667,0.5096602265156562,0.4985014985014985,0.4982520392874979,1,2509,2458,0.7743827160493827,0.7503052503052503,0.385,0.4425,0.7112993827160494,0.8085485347985347,13,True
6007,3697,1387,3264,22,5986,2,40,13,400,166,149,5986,2993,0.5187165775401069,0.52,0.5026666666666667,0.5043304463690873,0.4945054945054945,0.4982520392874979,1,2532,2382,0.7814814814814814,0.7271062271062271,0.415,0.3725,0.7667253086419753,0.6806425518925519,13,True
6007,2083,4166,3266,22,5986,2,40,13,400,168,162,5986,2993,0.4919786096256685,0.5093333333333333,0.496,0.49100599600266487,0.48884448884448883,0.4982520392874979,1,2540,2388,0.7839506172839507,0.7289377289377289,0.42,0.405,0.775962962962963,0.7400274725274727,13,True
6007,371,742,3271,22,5986,2,40,13,400,173,172,5986,2993,0.49732620320855614,0.5093333333333333,0.49466666666666664,0.5003331112591606,0.5058275058275058,0.4982520392874979,1,2530,2478,0.7808641975308642,0.7564102564102564,0.4325,0.43,0.7990570987654322,0.7857081807081807,13,True
6007,4965,3310,3294,22,5986,2,40,13,400,147,168,5986,2993,0.5347593582887701,0.504,0.5213333333333333,0.49766822118587606,0.5061605061605061,0.4982520392874979,1,2439,2352,0.7527777777777778,0.717948717948718,0.3675,0.42,0.6789675925925927,0.7674358974358974,13,True
6007,1365,910,3305,22,5986,2,40,13,400,180,154,5986,2993,0.48663101604278075,0.5146666666666667,0.5053333333333333,0.49766822118587606,0.49983349983349984,0.4982520392874979,1,2497,2319,0.770679012345679,0.7078754578754579,0.45,0.385,0.831388888888889,0.703482905982906,13,True
6007,302,4206,3326,22,5986,2,40,13,400,154,174,5986,2993,0.5187165775401069,0.5226666666666666,0.49733333333333335,0.5023317788141239,0.49683649683649683,0.4982520392874979,1,2438,2357,0.7524691358024691,0.7194749694749695,0.385,0.435,0.7112993827160494,0.7948443223443223,13,True
6007,2564,5714,3350,22,5986,2,40,13,400,166,160,5986,2993,0.5721925133689839,0.5386666666666666,0.5106666666666667,0.49233844103930713,0.49184149184149184,0.4982520392874979,1,2516,2240,0.7765432098765432,0.6837606837606838,0.415,0.4,0.7667253086419753,0.730891330891331,13,True
6007,2007,4014,3353,22,5986,2,40,13,400,167,136,5986,2993,0.5668449197860963,0.56,0.504,0.5069953364423717,0.5004995004995005,0.4982520392874979,1,2494,2279,0.769753086419753,0.6956654456654456,0.4175,0.34,0.7713441358024691,0.6212576312576313,13,True
6007,5289,4571,3482,22,5986,2,40,13,400,158,174,5986,2993,0.47058823529411764,0.49066666666666664,0.49866666666666665,0.49566955363091275,0.4861804861804862,0.4982520392874979,1,2492,2490,0.7691358024691358,0.76007326007326,0.395,0.435,0.7297746913580248,0.7948443223443223,13,True
6007,5455,5639,3510,22,5986,2,40,13,400,172,162,5986,2993,0.5133689839572193,0.5066666666666667,0.48,0.47968021319120585,0.49284049284049286,0.4982520392874979,1,2560,2610,0.7901234567901234,0.7967032967032966,0.43,0.405,0.7944382716049383,0.7400274725274727,13,True
6007,5814,3876,3589,22,5986,2,40,13,400,193,158,5986,2993,0.5294117647058824,0.5093333333333333,0.5026666666666667,0.49100599600266487,0.49417249417249415,0.4982520392874979,1,2560,2411,0.7901234567901234,0.735958485958486,0.4825,0.395,0.8914336419753086,0.7217551892551893,13,True
6007,1291,2863,3683,22,5986,2,40,13,400,173,146,5986,2993,0.5080213903743316,0.48,0.492,0.5003331112591606,0.5021645021645021,0.4982520392874979,1,2486,2486,0.7672839506172839,0.7588522588522588,0.4325,0.365,0.7990570987654322,0.6669383394383394,13,True
6007,5243,4479,3723,22,5986,2,40,13,400,178,147,5986,2993,0.5775401069518716,0.5413333333333333,0.5213333333333333,0.5183211192538307,0.5024975024975025,0.4982520392874979,1,2517,2350,0.7768518518518519,0.7173382173382173,0.445,0.3675,0.8221512345679012,0.6715064102564102,13,True
6007,4941,3875,3808,22,5986,2,40,13,400,174,154,5986,2993,0.48663101604278075,0.52,0.49333333333333335,0.49300466355762823,0.4981684981684982,0.4982520392874979,1,2622,2173,0.8092592592592592,0.6633089133089133,0.435,0.385,0.8036759259259258,0.703482905982906,13,True
6007,501,1002,3824,22,5986,2,40,13,400,170,149,5986,2993,0.46524064171123,0.496,0.49066666666666664,0.49633577614923385,0.4975024975024975,0.4982520392874979,1,2528,2332,0.7802469135802469,0.7118437118437119,0.425,0.3725,0.7852006172839505,0.6806425518925519,13,True
6007,3883,4591,3999,22,5986,2,40,13,400,171,171,5986,2993,0.5026737967914439,0.504,0.5346666666666666,0.5049966688874084,0.5064935064935064,0.4982520392874979,1,2526,2556,0.7796296296296297,0.7802197802197802,0.4275,0.4275,0.7898194444444444,0.7811401098901098,13,True
6007,3831,2554,4011,22,5986,2,40,13,400,165,168,5986,2993,0.5401069518716578,0.5253333333333333,0.5173333333333333,0.49766822118587606,0.5021645021645021,0.4982520392874979,1,2510,2402,0.7746913580246914,0.7332112332112332,0.4125,0.42,0.7621064814814814,0.7674358974358974,13,True
6007,5889,5771,4023,22,5986,2,40,13,400,169,152,5986,2993,0.5294117647058824,0.5253333333333333,0.516,0.5116588940706196,0.5011655011655012,0.4982520392874979,1,2482,2383,0.7660493827160494,0.7274114774114774,0.4225,0.38,0.7805817901234569,0.6943467643467643,13,True
6007,826,2553,4026,22,5986,2,40,13,400,193,136,5986,2993,0.5347593582887701,0.5226666666666666,0.5133333333333333,0.5076615589606929,0.49217449217449216,0.4982520392874979,1,2504,2176,0.7728395061728395,0.6642246642246642,0.4825,0.34,0.8914336419753086,0.6212576312576313,13,True
6007,2899,3935,4028,22,5986,2,40,13,400,175,163,5986,2993,0.47058823529411764,0.4826666666666667,0.49866666666666665,0.49566955363091275,0.5064935064935064,0.4982520392874979,1,2497,2465,0.770679012345679,0.7524420024420024,0.4375,0.4075,0.8082947530864197,0.7445955433455432,13,True
6007,2014,3345,4105,22,5986,2,40,13,400,175,153,5986,2993,0.5080213903743316,0.5146666666666667,0.49733333333333335,0.48500999333777484,0.4911754911754912,0.4982520392874979,1,2528,2370,0.7802469135802469,0.7234432234432234,0.4375,0.3825,0.8082947530864197,0.6989148351648352,13,True
6007,1489,2995,4108,22,5986,2,40,13,400,157,167,5986,2993,0.5187165775401069,0.504,0.5066666666666667,0.5076615589606929,0.5021645021645021,0.4982520392874979,1,2494,2428,0.769753086419753,0.7411477411477412,0.3925,0.4175,0.7251558641975309,0.7628678266178266,13,True
6007,4044,2696,4207,22,5986,2,40,13,400,163,169,5986,2993,0.47058823529411764,0.4746666666666667,0.48133333333333334,0.49233844103930713,0.49517149517149517,0.4982520392874979,1,2460,2428,0.7592592592592593,0.7411477411477412,0.4075,0.4225,0.7528688271604937,0.7720039682539682,13,True
6007,4342,4897,4225,22,5986,2,40,13,400,168,150,5986,2993,0.5294117647058824,0.49066666666666664,0.512,0.49766822118587606,0.4961704961704962,0.4982520392874979,1,2464,2364,0.7604938271604939,0.7216117216117216,0.42,0.375,0.775962962962963,0.6852106227106227,13,True
6007,936,1872,4262,22,5986,2,40,13,400,160,154,5986,2993,0.46524064171123,0.5066666666666667,0.492,0.502998001332445,0.5001665001665002,0.4982520392874979,1,2456,2390,0.7580246913580246,0.7295482295482295,0.4,0.385,0.7390123456790124,0.703482905982906,13,True
6007,1795,3199,4311,22,5986,2,40,13,400,170,149,5986,2993,0.5080213903743316,0.5173333333333333,0.5,0.48634243837441704,0.5031635031635031,0.4982520392874979,1,2498,2300,0.7709876543209877,0.702075702075702,0.425,0.3725,0.7852006172839505,0.6806425518925519,13,True
6007,5556,3704,4314,22,5986,2,40,13,400,154,161,5986,2993,0.5133689839572193,0.496,0.4826666666666667,0.49633577614923385,0.49284049284049286,0.4982520392874979,1,2520,2432,0.7777777777777778,0.7423687423687424,0.385,0.4025,0.7112993827160494,0.7354594017094018,13,True
6007,5752,5837,4323,22,5986,2,40,13,400,153,170,5986,2993,0.5026737967914439,0.5093333333333333,0.49333333333333335,0.5003331112591606,0.5021645021645021,0.4982520392874979,1,2454,2440,0.7574074074074074,0.7448107448107448,0.3825,0.425,0.7066805555555555,0.776572039072039,13,True
6007,4640,3273,4327,22,5986,2,40,13,400,177,163,5986,2993,0.5187165775401069,0.528,0.5013333333333333,0.5009993337774816,0.4988344988344988,0.4982520392874979,1,2514,2251,0.7759259259259259,0.6871184371184371,0.4425,0.4075,0.8175324074074074,0.7445955433455432,13,True
6007,5787,3858,4354,22,5986,2,40,13,400,167,175,5986,2993,0.48663101604278075,0.45866666666666667,0.4826666666666667,0.47968021319120585,0.47952047952047955,0.4982520392874979,1,2434,2482,0.7512345679012346,0.7576312576312576,0.4175,0.4375,0.7713441358024691,0.7994123931623932,13,True
6007,2791,3863,4405,22,5986,2,40,13,400,178,136,5986,2993,0.5240641711229946,0.5226666666666666,0.5093333333333333,0.49766822118587606,0.5044955044955045,0.4982520392874979,1,2452,2328,0.7567901234567901,0.7106227106227107,0.445,0.34,0.8221512345679012,0.6212576312576313,13,True
6007,960,1920,4456,22,5986,2,40,13,400,156,167,5986,2993,0.47593582887700536,0.5226666666666666,0.492,0.4823451032644903,0.4958374958374958,0.4982520392874979,1,2533,2339,0.7817901234567901,0.713980463980464,0.39,0.4175,0.720537037037037,0.7628678266178266,13,True
6007,5858,1903,4479,22,5986,2,40,13,400,148,176,5986,2993,0.5240641711229946,0.4826666666666667,0.5213333333333333,0.5003331112591606,0.49417249417249415,0.4982520392874979,1,2480,2472,0.7654320987654321,0.7545787545787546,0.37,0.44,0.6835864197530864,0.8039804639804641,13,True
6007,4367,909,4520,22,5986,2,40,13,400,162,177,5986,2993,0.4919786096256685,0.5146666666666667,0.512,0.49100599600266487,0.48884448884448883,0.4982520392874979,1,2498,2442,0.7709876543209877,0.7454212454212454,0.405,0.4425,0.7482500000000001,0.8085485347985347,13,True
6007,5488,5661,4532,22,5986,2,40,13,400,175,128,5986,2993,0.47593582887700536,0.48533333333333334,0.5106666666666667,0.5116588940706196,0.5054945054945055,0.4982520392874979,1,2514,2140,0.7759259259259259,0.6532356532356532,0.4375,0.32,0.8082947530864197,0.5847130647130647,13,True
6007,5078,1383,4536,22,5986,2,40,13,400,169,169,5986,2993,0.48128342245989303,0.4826666666666667,0.4746666666666667,0.4810126582278481,0.5004995004995005,0.4982520392874979,1,2497,2316,0.770679012345679,0.706959706959707,0.4225,0.4225,0.7805817901234569,0.7720039682539682,13,True
6007,5447,1629,4606,22,5986,2,40,13,400,159,164,5986,2993,0.49732620320855614,0.5173333333333333,0.5186666666666667,0.5223184543637575,0.5061605061605061,0.4982520392874979,1,2476,2332,0.7641975308641975,0.7118437118437119,0.3975,0.41,0.7343935185185185,0.7491636141636141,13,True
6007,5561,5115,4764,22,5986,2,40,13,400,173,160,5986,2993,0.48663101604278075,0.47733333333333333,0.4866666666666667,0.4830113257828115,0.4915084915084915,0.4982520392874979,1,2454,2334,0.7574074074074074,0.7124542124542125,0.4325,0.4,0.7990570987654322,0.730891330891331,13,True
6007,3972,2648,4805,22,5986,2,40,13,400,162,134,5986,2993,0.47593582887700536,0.5013333333333333,0.5066666666666667,0.48967355096602266,0.49184149184149184,0.4982520392874979,1,2485,2132,0.7669753086419753,0.6507936507936508,0.405,0.335,0.7482500000000001,0.6121214896214897,13,True
6007,2326,3553,4875,22,5986,2,40,13,400,156,173,5986,2993,0.49732620320855614,0.4826666666666667,0.49066666666666664,0.5043304463690873,0.5028305028305028,0.4982520392874979,1,2385,2328,0.7361111111111112,0.7106227106227107,0.39,0.4325,0.720537037037037,0.7902762515262516,13,True
6007,3823,4551,4895,22,5986,2,40,13,400,164,178,5986,2993,0.42780748663101603,0.48533333333333334,0.49733333333333335,0.49700199866755496,0.4995004995004995,0.4982520392874979,1,2446,2394,0.7549382716049383,0.7307692307692307,0.41,0.445,0.7574876543209876,0.8131166056166056,13,True
6007,2264,4528,4993,22,5986,2,40,13,400,159,159,5986,2993,0.5133689839572193,0.49333333333333335,0.5173333333333333,0.5189873417721519,0.5081585081585082,0.4982520392874979,1,2504,2355,0.7728395061728395,0.7188644688644689,0.3975,0.3975,0.7343935185185185,0.7263232600732601,13,True
6007,3267,527,5062,22,5986,2,40,13,400,186,136,5986,2993,0.5561497326203209,0.5093333333333333,0.5026666666666667,0.49633577614923385,0.49916749916749914,0.4982520392874979,1,2511,2380,0.775,0.7264957264957265,0.465,0.34,0.859101851851852,0.6212576312576313,13,True
6007,2406,4812,5116,22,5986,2,40,13,400,177,155,5986,2993,0.42780748663101603,0.43733333333333335,0.48933333333333334,0.5036642238507661,0.5024975024975025,0.4982520392874979,1,2562,2434,0.7907407407407407,0.742979242979243,0.4425,0.3875,0.8175324074074074,0.7080509768009768,13,True
6007,1551,3102,5193,22,5986,2,40,13,400,175,172,5986,2993,0.5668449197860963,0.5546666666666666,0.5053333333333333,0.49300466355762823,0.4975024975024975,0.4982520392874979,1,2510,2393,0.7746913580246914,0.7304639804639804,0.4375,0.43,0.8082947530864197,0.7857081807081807,13,True
6007,3752,1497,5200,22,5986,2,40,13,400,172,149,5986,2993,0.49732620320855614,0.488,0.4866666666666667,0.48500999333777484,0.5048285048285048,0.4982520392874979,1,2516,2370,0.7765432098765432,0.7234432234432234,0.43,0.3725,0.7944382716049383,0.6806425518925519,13,True
6007,5538,5069,5204,22,5986,2,40,13,400,166,168,5986,2993,0.4385026737967914,0.43466666666666665,0.45066666666666666,0.4876748834110593,0.5014985014985015,0.4982520392874979,1,2446,2412,0.7549382716049383,0.7362637362637363,0.415,0.42,0.7667253086419753,0.7674358974358974,13,True
6007,3339,2226,5253,22,5986,2,40,13,400,170,160,5986,2993,0.45989304812834225,0.496,0.4693333333333333,0.4830113257828115,0.49916749916749914,0.4982520392874979,1,2506,2336,0.7734567901234568,0.7130647130647131,0.425,0.4,0.7852006172839505,0.730891330891331,13,True
6007,3948,1889,5393,22,5986,2,40,13,400,182,165,5986,2993,0.48128342245989303,0.49333333333333335,0.5093333333333333,0.5069953364423717,0.5058275058275058,0.4982520392874979,1,2552,2332,0.7876543209876543,0.7118437118437119,0.455,0.4125,0.8406265432098766,0.753731684981685,13,True
6007,4092,2177,5418,22,5986,2,40,13,400,158,162,5986,2993,0.5080213903743316,0.5093333333333333,0.504,0.5023317788141239,0.49184149184149184,0.4982520392874979,1,2425,2461,0.7484567901234568,0.7512210012210012,0.395,0.405,0.7297746913580248,0.7400274725274727,13,True
6007,2893,3931,5576,22,5986,2,40,13,400,183,169,5986,2993,0.47058823529411764,0.5013333333333333,0.496,0.5003331112591606,0.5084915084915085,0.4982520392874979,1,2498,2451,0.7709876543209877,0.7481684981684982,0.4575,0.4225,0.8452453703703704,0.7720039682539682,13,True
6007,814,1628,5651,22,5986,2,40,13,400,176,145,5986,2993,0.5508021390374331,0.48533333333333334,0.484,0.5056628914057295,0.4975024975024975,0.4982520392874979,1,2474,2320,0.7635802469135803,0.7081807081807082,0.44,0.3625,0.8129135802469136,0.6623702686202685,13,True
6007,1023,2046,5734,22,5986,2,40,13,400,188,180,5986,2993,0.5026737967914439,0.5386666666666666,0.5173333333333333,0.502998001332445,0.5018315018315018,0.4982520392874979,1,2608,2477,0.8049382716049382,0.7561050061050061,0.47,0.45,0.8683395061728394,0.8222527472527473,13,True
6007,5841,5675,5737,22,5986,2,40,13,400,176,162,5986,2993,0.48128342245989303,0.5226666666666666,0.508,0.5056628914057295,0.5024975024975025,0.4982520392874979,1,2574,2483,0.7944444444444444,0.7579365079365079,0.44,0.405,0.8129135802469136,0.7400274725274727,13,True
6007,1775,3550,5749,22,5986,2,40,13,400,174,144,5986,2993,0.5080213903743316,0.536,0.5173333333333333,0.5069953364423717,0.5018315018315018,0.4982520392874979,1,2514,2380,0.7759259259259259,0.7264957264957265,0.435,0.36,0.8036759259259258,0.6578021978021978,13,True
6007,237,474,5920,22,5986,2,40,13,400,164,172,5986,2993,0.4385026737967914,0.49333333333333335,0.48533333333333334,0.49766822118587606,0.4955044955044955,0.4982520392874979,1,2520,2449,0.7777777777777778,0.7475579975579976,0.41,0.43,0.7574876543209876,0.7857081807081807,13,True
6007,1857,1238,20,-22,6030,2,40,13,400,162,148,6030,3015,0.5080213903743316,0.5066666666666667,0.49066666666666664,0.5063291139240507,0.5081585081585082,0.5019144331613118,1,2502,2371,0.7722222222222223,0.7237484737484737,0.405,0.37,0.75375,0.6810439560439561,13,True
6007,253,2171,206,-22,6030,2,40,13,400,175,169,6030,3015,0.4385026737967914,0.49066666666666664,0.484,0.5176548967355097,0.5064935064935064,0.5019144331613118,1,2596,2452,0.8012345679012346,0.7484737484737485,0.4375,0.4225,0.8142361111111112,0.7776785714285713,13,True
6007,2286,1524,285,-22,6030,2,40,13,400,166,146,6030,3015,0.47593582887700536,0.49866666666666665,0.5026666666666667,0.49566955363091275,0.5008325008325009,0.5019144331613118,1,2520,2328,0.7777777777777778,0.7106227106227107,0.415,0.365,0.772361111111111,0.6718406593406593,13,True
6007,5686,5365,293,-22,6030,2,40,13,400,157,148,6030,3015,0.5401069518716578,0.5253333333333333,0.5093333333333333,0.4943371085942705,0.5004995004995005,0.5019144331613118,1,2566,2379,0.7919753086419753,0.7261904761904762,0.3925,0.37,0.7304861111111112,0.6810439560439561,13,True
6007,5329,5555,294,-22,6030,2,40,13,400,177,154,6030,3015,0.49732620320855614,0.496,0.47333333333333333,0.5009993337774816,0.49683649683649683,0.5019144331613118,1,2530,2463,0.7808641975308642,0.7518315018315018,0.4425,0.385,0.8235416666666667,0.7086538461538462,13,True
6007,1139,2278,297,-22,6030,2,40,13,400,173,168,6030,3015,0.44385026737967914,0.48533333333333334,0.4786666666666667,0.5056628914057295,0.5054945054945055,0.5019144331613118,1,2588,2482,0.7987654320987654,0.7576312576312576,0.4325,0.42,0.8049305555555555,0.773076923076923,13,True
6007,5999,1997,362,-22,6030,2,40,13,400,150,127,6030,3015,0.5080213903743316,0.5173333333333333,0.5106666666666667,0.5056628914057295,0.49983349983349984,0.5019144331613118,1,2498,2186,0.7709876543209877,0.6672771672771672,0.375,0.3175,0.6979166666666666,0.5844093406593407,13,True
6007,4380,2920,370,-22,6030,2,40,13,400,156,155,6030,3015,0.49732620320855614,0.4693333333333333,0.48133333333333334,0.4936708860759494,0.4961704961704962,0.5019144331613118,1,2531,2359,0.7811728395061729,0.7200854700854701,0.39,0.3875,0.7258333333333334,0.7132554945054945,13,True
6007,2554,5108,374,-22,6030,2,40,13,400,169,160,6030,3015,0.45989304812834225,0.464,0.49733333333333335,0.5049966688874084,0.49783549783549785,0.5019144331613118,1,2495,2312,0.7700617283950617,0.7057387057387058,0.4225,0.4,0.7863194444444443,0.7362637362637363,13,True
6007,3506,335,470,-22,6030,2,40,13,400,184,189,6030,3015,0.44919786096256686,0.4533333333333333,0.48,0.4990006662225183,0.49716949716949715,0.5019144331613118,1,2514,2516,0.7759259259259259,0.7680097680097681,0.46,0.4725,0.8561111111111112,0.8697115384615384,13,True
6007,2087,4174,575,-22,6030,2,40,13,400,172,176,6030,3015,0.45989304812834225,0.45866666666666667,0.48,0.4830113257828115,0.4881784881784882,0.5019144331613118,1,2500,2429,0.7716049382716049,0.7414529914529915,0.43,0.44,0.8002777777777778,0.8098901098901098,13,True
6007,1327,2887,604,-22,6030,2,40,13,400,170,157,6030,3015,0.48128342245989303,0.5146666666666667,0.5053333333333333,0.49633577614923385,0.4995004995004995,0.5019144331613118,1,2534,2363,0.7820987654320988,0.7213064713064713,0.425,0.3925,0.7909722222222222,0.7224587912087912,13,True
6007,1723,3151,841,-22,6030,2,40,13,400,183,128,6030,3015,0.5240641711229946,0.4826666666666667,0.4866666666666667,0.5036642238507661,0.5034965034965035,0.5019144331613118,1,2496,2250,0.7703703703703704,0.6868131868131868,0.4575,0.32,0.8514583333333333,0.589010989010989,13,True
6007,5758,5841,870,-22,6030,2,40,13,400,170,162,6030,3015,0.5614973262032086,0.5226666666666666,0.5106666666666667,0.5016655562958028,0.5004995004995005,0.5019144331613118,1,2554,2434,0.7882716049382716,0.742979242979243,0.425,0.405,0.7909722222222222,0.745467032967033,13,True
6007,86,172,943,-22,6030,2,40,13,400,163,172,6030,3015,0.5187165775401069,0.5253333333333333,0.49733333333333335,0.5056628914057295,0.5138195138195139,0.5019144331613118,1,2543,2400,0.7848765432098765,0.7326007326007326,0.4075,0.43,0.7584027777777778,0.7914835164835166,13,True
6007,1737,3474,966,-22,6030,2,40,13,400,164,150,6030,3015,0.48128342245989303,0.5093333333333333,0.516,0.5043304463690873,0.5051615051615052,0.5019144331613118,1,2523,2450,0.7787037037037037,0.7478632478632479,0.41,0.375,0.7630555555555555,0.6902472527472527,13,True
6007,3379,4255,1016,-22,6030,2,40,13,400,159,145,6030,3015,0.5347593582887701,0.4826666666666667,0.49333333333333335,0.5116588940706196,0.5014985014985015,0.5019144331613118,1,2552,2336,0.7876543209876543,0.7130647130647131,0.3975,0.3625,0.7397916666666667,0.667239010989011,13,True
6007,5994,3996,1045,-22,6030,2,40,13,400,159,160,6030,3015,0.5133689839572193,0.4826666666666667,0.49066666666666664,0.4836775483011326,0.4938394938394938,0.5019144331613118,1,2494,2452,0.769753086419753,0.7484737484737485,0.3975,0.4,0.7397916666666667,0.7362637362637363,13,True
6007,2318,4636,1101,-22,6030,2,40,13,400,161,172,6030,3015,0.5240641711229946,0.5493333333333333,0.5253333333333333,0.5176548967355097,0.5074925074925075,0.5019144331613118,1,2448,2466,0.7555555555555555,0.7527472527472527,0.4025,0.43,0.7490972222222223,0.7914835164835166,13,True
6007,954,636,1120,-22,6030,2,40,13,400,149,164,6030,3015,0.5080213903743316,0.5093333333333333,0.5026666666666667,0.5096602265156562,0.5048285048285048,0.5019144331613118,1,2517,2316,0.7768518518518519,0.706959706959707,0.3725,0.41,0.6932638888888889,0.7546703296703295,13,True
6007,2579,5724,1270,-22,6030,2,40,13,400,164,157,6030,3015,0.47593582887700536,0.4826666666666667,0.49066666666666664,0.4890073284477015,0.5011655011655012,0.5019144331613118,1,2453,2328,0.7570987654320988,0.7106227106227107,0.41,0.3925,0.7630555555555555,0.7224587912087912,13,True
6007,1062,2124,1288,-22,6030,2,40,13,400,172,168,6030,3015,0.47058823529411764,0.5093333333333333,0.5026666666666667,0.5003331112591606,0.5021645021645021,0.5019144331613118,1,2450,2348,0.7561728395061729,0.7167277167277167,0.43,0.42,0.8002777777777778,0.773076923076923,13,True
6007,3658,1309,1329,-22,6030,2,40,13,400,149,142,6030,3015,0.48663101604278075,0.4826666666666667,0.4786666666666667,0.4890073284477015,0.4945054945054945,0.5019144331613118,1,2458,2196,0.758641975308642,0.6703296703296703,0.3725,0.355,0.6932638888888889,0.6534340659340659,13,True
6007,5883,5759,1342,-22,6030,2,40,13,400,145,163,6030,3015,0.4919786096256685,0.5066666666666667,0.5213333333333333,0.5109926715522984,0.5011655011655012,0.5019144331613118,1,2529,2528,0.7805555555555556,0.7716727716727717,0.3625,0.4075,0.6746527777777778,0.7500686813186813,13,True
6007,1129,2258,1459,-22,6030,2,40,13,400,152,173,6030,3015,0.5026737967914439,0.496,0.504,0.49033977348434377,0.4905094905094905,0.5019144331613118,1,2496,2382,0.7703703703703704,0.7271062271062271,0.38,0.4325,0.7072222222222222,0.7960851648351648,13,True
6007,4729,3451,1506,-22,6030,2,40,13,400,162,164,6030,3015,0.5561497326203209,0.544,0.5213333333333333,0.5263157894736842,0.5094905094905094,0.5019144331613118,1,2528,2229,0.7802469135802469,0.6804029304029304,0.405,0.41,0.75375,0.7546703296703295,13,True
6007,5343,3562,1545,-22,6030,2,40,13,400,164,147,6030,3015,0.5294117647058824,0.512,0.5013333333333333,0.4763491005996003,0.4855144855144855,0.5019144331613118,1,2500,2246,0.7716049382716049,0.6855921855921856,0.41,0.3675,0.7630555555555555,0.6764423076923077,13,True
6007,388,776,1659,-22,6030,2,40,13,400,188,164,6030,3015,0.48128342245989303,0.47733333333333333,0.49066666666666664,0.5036642238507661,0.5031635031635031,0.5019144331613118,1,2568,2278,0.7925925925925926,0.6953601953601953,0.47,0.41,0.8747222222222222,0.7546703296703295,13,True
6007,2589,1726,1726,-22,6030,2,40,13,400,161,155,6030,3015,0.4919786096256685,0.5013333333333333,0.484,0.5009993337774816,0.5011655011655012,0.5019144331613118,1,2476,2371,0.7641975308641975,0.7237484737484737,0.4025,0.3875,0.7490972222222223,0.7132554945054945,13,True
6007,1961,5312,1811,-22,6030,2,40,13,400,178,160,6030,3015,0.47593582887700536,0.4666666666666667,0.49733333333333335,0.5096602265156562,0.5088245088245088,0.5019144331613118,1,2516,2476,0.7765432098765432,0.7557997557997558,0.445,0.4,0.8281944444444445,0.7362637362637363,13,True
6007,3786,2524,2012,-22,6030,2,40,13,400,171,171,6030,3015,0.5614973262032086,0.5306666666666666,0.5253333333333333,0.5143237841439041,0.5014985014985015,0.5019144331613118,1,2548,2386,0.7864197530864198,0.7283272283272283,0.4275,0.4275,0.7956249999999999,0.7868818681318681,13,True
6007,3853,1699,2038,-22,6030,2,40,13,400,183,155,6030,3015,0.5080213903743316,0.512,0.528,0.513657561625583,0.5004995004995005,0.5019144331613118,1,2529,2411,0.7805555555555556,0.735958485958486,0.4575,0.3875,0.8514583333333333,0.7132554945054945,13,True
6007,727,1454,2176,-22,6030,2,40,13,400,164,159,6030,3015,0.48128342245989303,0.5013333333333333,0.49866666666666665,0.5003331112591606,0.49916749916749914,0.5019144331613118,1,2508,2442,0.774074074074074,0.7454212454212454,0.41,0.3975,0.7630555555555555,0.731662087912088,13,True
6007,4185,2363,2179,-22,6030,2,40,13,400,159,161,6030,3015,0.5133689839572193,0.5253333333333333,0.5026666666666667,0.5009993337774816,0.5011655011655012,0.5019144331613118,1,2434,2344,0.7512345679012346,0.7155067155067155,0.3975,0.4025,0.7397916666666667,0.7408653846153846,13,True
6007,3492,977,2191,-22,6030,2,40,13,400,160,141,6030,3015,0.5294117647058824,0.52,0.496,0.4996668887408394,0.5068265068265069,0.5019144331613118,1,2396,2288,0.7395061728395061,0.6984126984126984,0.4,0.3525,0.7444444444444445,0.6488324175824175,13,True
6007,930,1860,2263,-22,6030,2,40,13,400,176,147,6030,3015,0.5508021390374331,0.5546666666666666,0.536,0.5089940039973351,0.5011655011655012,0.5019144331613118,1,2599,2214,0.8021604938271605,0.6758241758241759,0.44,0.3675,0.8188888888888888,0.6764423076923077,13,True
6007,2997,1998,2351,-22,6030,2,40,13,400,170,144,6030,3015,0.47058823529411764,0.5146666666666667,0.5066666666666667,0.5189873417721519,0.5024975024975025,0.5019144331613118,1,2496,2415,0.7703703703703704,0.7371794871794872,0.425,0.36,0.7909722222222222,0.6626373626373625,13,True
6007,2830,5660,2395,-22,6030,2,40,13,400,172,143,6030,3015,0.5401069518716578,0.5146666666666667,0.512,0.5143237841439041,0.5051615051615052,0.5019144331613118,1,2514,2291,0.7759259259259259,0.6993284493284493,0.43,0.3575,0.8002777777777778,0.6580357142857143,13,True
6007,2265,4530,2431,-22,6030,2,40,13,400,174,158,6030,3015,0.5240641711229946,0.5226666666666666,0.516,0.5156562291805463,0.5154845154845155,0.5019144331613118,1,2422,2492,0.7475308641975309,0.7606837606837606,0.435,0.395,0.8095833333333334,0.7270604395604395,13,True
6007,3763,1519,2505,-22,6030,2,40,13,400,163,165,6030,3015,0.5133689839572193,0.5066666666666667,0.5013333333333333,0.49633577614923385,0.5008325008325009,0.5019144331613118,1,2550,2454,0.7870370370370371,0.7490842490842491,0.4075,0.4125,0.7584027777777778,0.759271978021978,13,True
6007,2922,1948,2521,-22,6030,2,40,13,400,172,152,6030,3015,0.46524064171123,0.5093333333333333,0.52,0.5049966688874084,0.5078255078255078,0.5019144331613118,1,2613,2215,0.8064814814814815,0.6761294261294262,0.43,0.38,0.8002777777777778,0.6994505494505495,13,True
6007,389,778,2540,-22,6030,2,40,13,400,175,135,6030,3015,0.49732620320855614,0.496,0.49333333333333335,0.4890073284477015,0.5091575091575091,0.5019144331613118,1,2526,2030,0.7796296296296297,0.6196581196581197,0.4375,0.3375,0.8142361111111112,0.6212225274725276,13,True
6007,338,676,2637,-22,6030,2,40,13,400,170,136,6030,3015,0.5347593582887701,0.5173333333333333,0.488,0.5016655562958028,0.5048285048285048,0.5019144331613118,1,2516,2358,0.7765432098765432,0.7197802197802198,0.425,0.34,0.7909722222222222,0.6258241758241759,13,True
6007,850,2569,2736,-22,6030,2,40,13,400,167,162,6030,3015,0.46524064171123,0.48,0.48,0.49700199866755496,0.5044955044955045,0.5019144331613118,1,2532,2436,0.7814814814814814,0.7435897435897436,0.4175,0.405,0.7770138888888889,0.745467032967033,13,True
6007,4291,4863,2762,-22,6030,2,40,13,400,161,176,6030,3015,0.5401069518716578,0.512,0.5,0.5156562291805463,0.5064935064935064,0.5019144331613118,1,2558,2434,0.7895061728395062,0.742979242979243,0.4025,0.44,0.7490972222222223,0.8098901098901098,13,True
6007,449,898,2791,-22,6030,2,40,13,400,162,156,6030,3015,0.5080213903743316,0.464,0.468,0.4810126582278481,0.4945054945054945,0.5019144331613118,1,2512,2456,0.7753086419753087,0.7496947496947497,0.405,0.39,0.75375,0.717857142857143,13,True
6007,2911,5822,2853,-22,6030,2,40,13,400,152,160,6030,3015,0.5401069518716578,0.5146666666666667,0.492,0.5069953364423717,0.5094905094905094,0.5019144331613118,1,2426,2432,0.7487654320987654,0.7423687423687424,0.38,0.4,0.7072222222222222,0.7362637362637363,13,True
6007,3939,2626,2961,-22,6030,2,40,13,400,164,136,6030,3015,0.5294117647058824,0.536,0.5226666666666666,0.5216522318454364,0.5111555111555112,0.5019144331613118,1,2539,2238,0.783641975308642,0.6831501831501832,0.41,0.34,0.7630555555555555,0.6258241758241759,13,True
6007,1899,3798,2995,-22,6030,2,40,13,400,172,142,6030,3015,0.5294117647058824,0.512,0.516,0.5156562291805463,0.5064935064935064,0.5019144331613118,1,2498,2278,0.7709876543209877,0.6953601953601953,0.43,0.355,0.8002777777777778,0.6534340659340659,13,True
6007,894,596,3008,-22,6030,2,40,13,400,185,130,6030,3015,0.5347593582887701,0.5173333333333333,0.5173333333333333,0.5009993337774816,0.4938394938394938,0.5019144331613118,1,2520,2364,0.7777777777777778,0.7216117216117216,0.4625,0.325,0.8607638888888889,0.5982142857142857,13,True
6007,161,4112,3015,-22,6030,2,40,13,400,156,150,6030,3015,0.5187165775401069,0.504,0.5093333333333333,0.524983344437042,0.5064935064935064,0.5019144331613118,1,2535,2373,0.7824074074074074,0.7243589743589743,0.39,0.375,0.7258333333333334,0.6902472527472527,13,True
6007,3684,1361,3046,-22,6030,2,40,13,400,162,141,6030,3015,0.5026737967914439,0.5493333333333333,0.5306666666666666,0.524983344437042,0.5084915084915085,0.5019144331613118,1,2507,2046,0.7737654320987655,0.6245421245421245,0.405,0.3525,0.75375,0.6488324175824175,13,True
6007,4625,1081,3056,-22,6030,2,40,13,400,185,175,6030,3015,0.5401069518716578,0.52,0.49866666666666665,0.49700199866755496,0.5094905094905094,0.5019144331613118,1,2522,2398,0.778395061728395,0.7319902319902319,0.4625,0.4375,0.8607638888888889,0.8052884615384616,13,True
6007,5964,3976,3059,-22,6030,2,40,13,400,142,157,6030,3015,0.5454545454545454,0.5013333333333333,0.49866666666666665,0.4890073284477015,0.48951048951048953,0.5019144331613118,1,2534,2381,0.7820987654320988,0.7268009768009768,0.355,0.3925,0.6606944444444445,0.7224587912087912,13,True
6007,3669,2446,3140,-22,6030,2,40,13,400,177,156,6030,3015,0.5935828877005348,0.5146666666666667,0.5173333333333333,0.5176548967355097,0.5041625041625042,0.5019144331613118,1,2476,2190,0.7641975308641975,0.6684981684981685,0.4425,0.39,0.8235416666666667,0.717857142857143,13,True
6007,4486,4993,3156,-22,6030,2,40,13,400,167,153,6030,3015,0.45989304812834225,0.4826666666666667,0.472,0.49766822118587606,0.4975024975024975,0.5019144331613118,1,2495,2146,0.7700617283950617,0.6550671550671551,0.4175,0.3825,0.7770138888888889,0.7040521978021977,13,True
6007,3748,4501,3264,-22,6030,2,40,13,400,156,152,6030,3015,0.5080213903743316,0.5306666666666666,0.508,0.508327781479014,0.5124875124875125,0.5019144331613118,1,2462,2349,0.7598765432098765,0.717032967032967,0.39,0.38,0.7258333333333334,0.6994505494505495,13,True
6007,5571,3714,3266,-22,6030,2,40,13,400,171,158,6030,3015,0.5347593582887701,0.49333333333333335,0.48533333333333334,0.5023317788141239,0.5081585081585082,0.5019144331613118,1,2479,2296,0.7651234567901235,0.7008547008547008,0.4275,0.395,0.7956249999999999,0.7270604395604395,13,True
6007,2711,5812,3271,-22,6030,2,40,13,400,144,162,6030,3015,0.5026737967914439,0.5066666666666667,0.48533333333333334,0.49766822118587606,0.5038295038295039,0.5019144331613118,1,2432,2301,0.7506172839506173,0.7023809523809523,0.36,0.405,0.6699999999999999,0.745467032967033,13,True
6007,2636,5272,3294,-22,6030,2,40,13,400,178,175,6030,3015,0.5294117647058824,0.5306666666666666,0.5026666666666667,0.49700199866755496,0.4975024975024975,0.5019144331613118,1,2486,2510,0.7672839506172839,0.7661782661782662,0.445,0.4375,0.8281944444444445,0.8052884615384616,13,True
6007,271,542,3305,-22,6030,2,40,13,400,168,162,6030,3015,0.49732620320855614,0.49866666666666665,0.49333333333333335,0.4890073284477015,0.4945054945054945,0.5019144331613118,1,2520,2464,0.7777777777777778,0.7521367521367521,0.42,0.405,0.7816666666666666,0.745467032967033,13,True
6007,2718,5436,3326,-22,6030,2,40,13,400,146,127,6030,3015,0.5133689839572193,0.5333333333333333,0.5186666666666667,0.5116588940706196,0.5058275058275058,0.5019144331613118,1,2536,2276,0.782716049382716,0.6947496947496947,0.365,0.3175,0.6793055555555555,0.5844093406593407,13,True
6007,5055,4103,3350,-22,6030,2,40,13,400,168,163,6030,3015,0.5026737967914439,0.464,0.48933333333333334,0.5036642238507661,0.5068265068265069,0.5019144331613118,1,2424,2254,0.7481481481481481,0.688034188034188,0.42,0.4075,0.7816666666666666,0.7500686813186813,13,True
6007,223,2151,3353,-22,6030,2,40,13,400,156,152,6030,3015,0.45454545454545453,0.49066666666666664,0.4693333333333333,0.49766822118587606,0.5068265068265069,0.5019144331613118,1,2502,2437,0.7722222222222223,0.7438949938949939,0.39,0.38,0.7258333333333334,0.6994505494505495,13,True
6007,2590,3729,3482,-22,6030,2,40,13,400,174,149,6030,3015,0.5080213903743316,0.49066666666666664,0.49866666666666665,0.49566955363091275,0.5048285048285048,0.5019144331613118,1,2540,2352,0.7839506172839507,0.717948717948718,0.435,0.3725,0.8095833333333334,0.6856456043956044,13,True
6007,1039,2078,3510,-22,6030,2,40,13,400,161,143,6030,3015,0.5347593582887701,0.49333333333333335,0.5053333333333333,0.5003331112591606,0.5128205128205128,0.5019144331613118,1,2588,2422,0.7987654320987654,0.7393162393162394,0.4025,0.3575,0.7490972222222223,0.6580357142857143,13,True
6007,4270,2533,3589,-22,6030,2,40,13,400,163,153,6030,3015,0.5133689839572193,0.504,0.4866666666666667,0.5043304463690873,0.49716949716949715,0.5019144331613118,1,2488,2418,0.7679012345679013,0.7380952380952381,0.4075,0.3825,0.7584027777777778,0.7040521978021977,13,True
6007,5612,5217,3683,-22,6030,2,40,13,400,165,172,6030,3015,0.44385026737967914,0.4613333333333333,0.4706666666666667,0.5043304463690873,0.5048285048285048,0.5019144331613118,1,2549,2455,0.7867283950617284,0.7493894993894994,0.4125,0.43,0.7677083333333333,0.7914835164835166,13,True
6007,1250,4838,3723,-22,6030,2,40,13,400,178,178,6030,3015,0.44385026737967914,0.5066666666666667,0.4826666666666667,0.49633577614923385,0.5031635031635031,0.5019144331613118,1,2576,2458,0.7950617283950617,0.7503052503052503,0.445,0.445,0.8281944444444445,0.8190934065934066,13,True
6007,549,366,3808,-22,6030,2,40,13,400,157,160,6030,3015,0.5133689839572193,0.49333333333333335,0.5026666666666667,0.5096602265156562,0.5028305028305028,0.5019144331613118,1,2448,2349,0.7555555555555555,0.717032967032967,0.3925,0.4,0.7304861111111112,0.7362637362637363,13,True
6007,2058,1372,3824,-22,6030,2,40,13,400,162,154,6030,3015,0.49732620320855614,0.512,0.4826666666666667,0.5056628914057295,0.5041625041625042,0.5019144331613118,1,2454,2252,0.7574074074074074,0.6874236874236874,0.405,0.385,0.75375,0.7086538461538462,13,True
6007,4912,3817,3999,-22,6030,2,40,13,400,166,136,6030,3015,0.5240641711229946,0.49333333333333335,0.49333333333333335,0.5016655562958028,0.49517149517149517,0.5019144331613118,1,2490,2424,0.7685185185185185,0.73992673992674,0.415,0.34,0.772361111111111,0.6258241758241759,13,True
6007,4444,2881,4011,-22,6030,2,40,13,400,170,168,6030,3015,0.5614973262032086,0.52,0.512,0.5016655562958028,0.5058275058275058,0.5019144331613118,1,2516,2410,0.7765432098765432,0.7356532356532357,0.425,0.42,0.7909722222222222,0.773076923076923,13,True
6007,4659,3106,4023,-22,6030,2,40,13,400,179,175,6030,3015,0.48128342245989303,0.49866666666666665,0.49466666666666664,0.4990006662225183,0.5034965034965035,0.5019144331613118,1,2506,2485,0.7734567901234568,0.7585470085470085,0.4475,0.4375,0.8328472222222223,0.8052884615384616,13,True
6007,1427,2854,4026,-22,6030,2,40,13,400,147,180,6030,3015,0.5240641711229946,0.49866666666666665,0.5053333333333333,0.49766822118587606,0.5011655011655012,0.5019144331613118,1,2526,2420,0.7796296296296297,0.7387057387057387,0.3675,0.45,0.6839583333333333,0.8282967032967034,13,True
6007,2063,4126,4028,-22,6030,2,40,13,400,172,165,6030,3015,0.5133689839572193,0.5066666666666667,0.488,0.49100599600266487,0.48684648684648685,0.5019144331613118,1,2462,2436,0.7598765432098765,0.7435897435897436,0.43,0.4125,0.8002777777777778,0.759271978021978,13,True
6007,105,210,4105,-22,6030,2,40,13,400,163,156,6030,3015,0.5133689839572193,0.49866666666666665,0.5093333333333333,0.4943371085942705,0.49417249417249415,0.5019144331613118,1,2508,2403,0.774074074074074,0.7335164835164835,0.4075,0.39,0.7584027777777778,0.717857142857143,13,True
6007,1387,2774,4108,-22,6030,2,40,13,400,156,173,6030,3015,0.5240641711229946,0.504,0.49866666666666665,0.4950033311125916,0.4958374958374958,0.5019144331613118,1,2516,2384,0.7765432098765432,0.7277167277167277,0.39,0.4325,0.7258333333333334,0.7960851648351648,13,True
6007,354,708,4207,-22,6030,2,40,13,400,176,150,6030,3015,0.5401069518716578,0.552,0.54,0.5156562291805463,0.5131535131535132,0.5019144331613118,1,2478,2340,0.7648148148148148,0.7142857142857143,0.44,0.375,0.8188888888888888,0.6902472527472527,13,True
6007,3036,65,4225,-22,6030,2,40,13,400,174,144,6030,3015,0.4919786096256685,0.48533333333333334,0.4786666666666667,0.4996668887408394,0.49716949716949715,0.5019144331613118,1,2552,2358,0.7876543209876543,0.7197802197802198,0.435,0.36,0.8095833333333334,0.6626373626373625,13,True
6007,104,4074,4262,-22,6030,2,40,13,400,171,177,6030,3015,0.47593582887700536,0.48,0.49866666666666665,0.4936708860759494,0.4858474858474858,0.5019144331613118,1,2511,2418,0.775,0.7380952380952381,0.4275,0.4425,0.7956249999999999,0.8144917582417582,13,True
6007,4141,2275,4311,-22,6030,2,40,13,400,175,176,6030,3015,0.5294117647058824,0.5226666666666666,0.5186666666666667,0.5069953364423717,0.5044955044955045,0.5019144331613118,1,2580,2420,0.7962962962962963,0.7387057387057387,0.4375,0.44,0.8142361111111112,0.8098901098901098,13,True
6007,1948,3896,4314,-22,6030,2,40,13,400,172,173,6030,3015,0.47058823529411764,0.504,0.5093333333333333,0.5123251165889408,0.5051615051615052,0.5019144331613118,1,2492,2416,0.7691358024691358,0.7374847374847375,0.43,0.4325,0.8002777777777778,0.7960851648351648,13,True
6007,3712,1417,4323,-22,6030,2,40,13,400,148,156,6030,3015,0.5133689839572193,0.5093333333333333,0.49466666666666664,0.5056628914057295,0.5044955044955045,0.5019144331613118,1,2422,2252,0.7475308641975309,0.6874236874236874,0.37,0.39,0.6886111111111111,0.717857142857143,13,True
6007,1183,2791,4327,-22,6030,2,40,13,400,155,163,6030,3015,0.5187165775401069,0.504,0.5226666666666666,0.5049966688874084,0.49417249417249415,0.5019144331613118,1,2476,2360,0.7641975308641975,0.7203907203907204,0.3875,0.4075,0.7211805555555556,0.7500686813186813,13,True
6007,4027,2047,4354,-22,6030,2,40,13,400,152,174,6030,3015,0.5080213903743316,0.48,0.5,0.5149900066622252,0.5001665001665002,0.5019144331613118,1,2584,2364,0.7975308641975308,0.7216117216117216,0.38,0.435,0.7072222222222222,0.8006868131868132,13,True
6007,1091,2182,4405,-22,6030,2,40,13,400,169,162,6030,3015,0.42245989304812837,0.4746666666666667,0.47733333333333333,0.4950033311125916,0.4935064935064935,0.5019144331613118,1,2428,2234,0.7493827160493827,0.681929181929182,0.4225,0.405,0.7863194444444443,0.745467032967033,13,True
6007,2109,1406,4456,-22,6030,2,40,13,400,180,168,6030,3015,0.48663101604278075,0.512,0.49733333333333335,0.49233844103930713,0.49716949716949715,0.5019144331613118,1,2522,2422,0.778395061728395,0.7393162393162394,0.45,0.42,0.8375,0.773076923076923,13,True
6007,4666,3325,4479,-22,6030,2,40,13,400,166,154,6030,3015,0.5294117647058824,0.536,0.5266666666666666,0.5056628914057295,0.5101565101565102,0.5019144331613118,1,2460,2254,0.7592592592592593,0.688034188034188,0.415,0.385,0.772361111111111,0.7086538461538462,13,True
6007,3261,515,4520,-22,6030,2,40,13,400,161,154,6030,3015,0.5187165775401069,0.512,0.508,0.4990006662225183,0.5128205128205128,0.5019144331613118,1,2496,2185,0.7703703703703704,0.6669719169719169,0.4025,0.385,0.7490972222222223,0.7086538461538462,13,True
6007,1336,2672,4532,-22,6030,2,40,13,400,166,143,6030,3015,0.45989304812834225,0.5013333333333333,0.5093333333333333,0.49700199866755496,0.5018315018315018,0.5019144331613118,1,2540,2348,0.7839506172839507,0.7167277167277167,0.415,0.3575,0.772361111111111,0.6580357142857143,13,True
6007,3653,1299,4536,-22,6030,2,40,13,400,157,148,6030,3015,0.45454545454545453,0.48,0.5093333333333333,0.5009993337774816,0.4958374958374958,0.5019144331613118,1,2389,2209,0.7373456790123457,0.6742979242979243,0.3925,0.37,0.7304861111111112,0.6810439560439561,13,True
6007,967,1934,4606,-22,6030,2,40,13,400,162,145,6030,3015,0.5187165775401069,0.496,0.48133333333333334,0.4936708860759494,0.5014985014985015,0.5019144331613118,1,2530,2298,0.7808641975308642,0.7014652014652014,0.405,0.3625,0.75375,0.667239010989011,13,True
6007,5290,5529,4764,-22,6030,2,40,13,400,166,141,6030,3015,0.4919786096256685,0.49866666666666665,0.496,0.4943371085942705,0.5104895104895105,0.5019144331613118,1,2472,2156,0.762962962962963,0.6581196581196581,0.415,0.3525,0.772361111111111,0.6488324175824175,13,True
6007,5713,5419,4805,-22,6030,2,40,13,400,170,153,6030,3015,0.5347593582887701,0.49333333333333335,0.496,0.4983344437041972,0.5068265068265069,0.5019144331613118,1,2440,2490,0.7530864197530864,0.76007326007326,0.425,0.3825,0.7909722222222222,0.7040521978021977,13,True
6007,2913,5826,4875,-22,6030,2,40,13,400,166,150,6030,3015,0.5347593582887701,0.5066666666666667,0.508,0.4996668887408394,0.4925074925074925,0.5019144331613118,1,2508,2308,0.774074074074074,0.7045177045177046,0.415,0.375,0.772361111111111,0.6902472527472527,13,True
6007,4372,2737,4895,-22,6030,2,40,13,400,156,163,6030,3015,0.6042780748663101,0.5706666666666667,0.528,0.5123251165889408,0.5031635031635031,0.5019144331613118,1,2466,2488,0.7611111111111111,0.7594627594627594,0.39,0.4075,0.7258333333333334,0.7500686813186813,13,True
6007,919,2615,4993,-22,6030,2,40,13,400,183,160,6030,3015,0.45454545454545453,0.47733333333333333,0.5106666666666667,0.5169886742171885,0.5044955044955045,0.5019144331613118,1,2466,2406,0.7611111111111111,0.7344322344322345,0.4575,0.4,0.8514583333333333,0.7362637362637363,13,True
6007,363,242,5062,-22,6030,2,40,13,400,174,144,6030,3015,0.5614973262032086,0.5066666666666667,0.5093333333333333,0.5116588940706196,0.5004995004995005,0.5019144331613118,1,2590,2301,0.7993827160493827,0.7023809523809523,0.435,0.36,0.8095833333333334,0.6626373626373625,13,True
6007,4272,2848,5116,-22,6030,2,40,13,400,163,149,6030,3015,0.5401069518716578,0.496,0.49866666666666665,0.519653564290473,0.5034965034965035,0.5019144331613118,1,2508,2396,0.774074074074074,0.7313797313797313,0.4075,0.3725,0.7584027777777778,0.6856456043956044,13,True
6007,4177,4787,5193,-22,6030,2,40,13,400,168,157,6030,3015,0.5187165775401069,0.49866666666666665,0.48933333333333334,0.480346435709527,0.4935064935064935,0.5019144331613118,1,2523,2362,0.7787037037037037,0.721001221001221,0.42,0.3925,0.7816666666666666,0.7224587912087912,13,True
6007,5089,5395,5200,-22,6030,2,40,13,400,167,173,6030,3015,0.5401069518716578,0.512,0.5106666666666667,0.49766822118587606,0.49517149517149517,0.5019144331613118,1,2496,2422,0.7703703703703704,0.7393162393162394,0.4175,0.4325,0.7770138888888889,0.7960851648351648,13,True
6007,4620,3080,5204,-22,6030,2,40,13,400,149,162,6030,3015,0.5614973262032086,0.5386666666666666,0.5106666666666667,0.5096602265156562,0.5078255078255078,0.5019144331613118,1,2578,2353,0.7956790123456791,0.7182539682539683,0.3725,0.405,0.6932638888888889,0.745467032967033,13,True
6007,16,32,5253,-22,6030,2,40,13,400,163,144,6030,3015,0.5133689839572193,0.5146666666666667,0.5053333333333333,0.5043304463690873,0.5031635031635031,0.5019144331613118,1,2583,2166,0.7972222222222223,0.6611721611721612,0.4075,0.36,0.7584027777777778,0.6626373626373625,13,True
6007,2441,5632,5393,-22,6030,2,40,13,400,162,157,6030,3015,0.5454545454545454,0.5386666666666666,0.5186666666666667,0.5123251165889408,0.5054945054945055,0.5019144331613118,1,2448,2409,0.7555555555555555,0.7353479853479854,0.405,0.3925,0.75375,0.7224587912087912,13,True
6007,2457,1638,5418,-22,6030,2,40,13,400,170,145,6030,3015,0.48663101604278075,0.4826666666666667,0.484,0.4890073284477015,0.5044955044955045,0.5019144331613118,1,2498,2260,0.7709876543209877,0.6898656898656899,0.425,0.3625,0.7909722222222222,0.667239010989011,13,True
6007,2009,4018,5576,-22,6030,2,40,13,400,167,165,6030,3015,0.5240641711229946,0.512,0.5053333333333333,0.4990006662225183,0.5021645021645021,0.5019144331613118,1,2526,2536,0.7796296296296297,0.7741147741147741,0.4175,0.4125,0.7770138888888889,0.759271978021978,13,True
6007,5430,3620,5651,-22,6030,2,40,13,400,143,122,6030,3015,0.5080213903743316,0.528,0.49733333333333335,0.5149900066622252,0.5084915084915085,0.5019144331613118,1,2454,2032,0.7574074074074074,0.6202686202686203,0.3575,0.305,0.6653472222222222,0.5614010989010989,13,True
6007,2116,3413,5734,-22,6030,2,40,13,400,166,147,6030,3015,0.46524064171123,0.448,0.49333333333333335,0.5063291139240507,0.5084915084915085,0.5019144331613118,1,2489,2341,0.7682098765432098,0.7145909645909646,0.415,0.3675,0.772361111111111,0.6764423076923077,13,True
6007,649,2435,5737,-22,6030,2,40,13,400,166,143,6030,3015,0.5026737967914439,0.472,0.5146666666666667,0.5149900066622252,0.5014985014985015,0.5019144331613118,1,2558,2290,0.7895061728395062,0.699023199023199,0.415,0.3575,0.772361111111111,0.6580357142857143,13,True
6007,2867,5916,5749,-22,6030,2,40,13,400,153,135,6030,3015,0.47593582887700536,0.48533333333333334,0.504,0.5016655562958028,0.5088245088245088,0.5019144331613118,1,2594,2250,0.8006172839506173,0.6868131868131868,0.3825,0.3375,0.7118749999999999,0.6212225274725276,13,True
6007,4031,685,5920,-22,6030,2,40,13,400,154,159,6030,3015,0.5294117647058824,0.5013333333333333,0.5253333333333333,0.5089940039973351,0.49983349983349984,0.5019144331613118,1,2432,2324,0.7506172839506173,0.7094017094017094,0.385,0.3975,0.7165277777777779,0.731662087912088,13,True
6007,4571,3135,43,68,5940,2,40,13,400,163,164,5940,2970,0.5026737967914439,0.45866666666666667,0.48133333333333334,0.4810126582278481,0.5004995004995005,0.4944231729648743,1,2498,2230,0.7709876543209877,0.6807081807081807,0.4075,0.41,0.7470833333333332,0.7434065934065933,13,True
6007,1951,3902,107,68,5940,2,40,13,400,157,166,5940,2971,0.5026737967914439,0.5013333333333333,0.496,0.4870086608927382,0.4985014985014985,0.49458964541368405,3,2498,2468,0.7709876543209877,0.7533577533577533,0.3925,0.415,0.7195833333333335,0.7524725274725275,13,True
6007,2450,5638,117,68,5940,2,40,13,400,168,166,5940,2971,0.48128342245989303,0.48533333333333334,0.48533333333333334,0.4876748834110593,0.4965034965034965,0.49458964541368405,3,2472,2497,0.762962962962963,0.7622100122100122,0.42,0.415,0.7699999999999999,0.7524725274725275,13,True
6007,3631,4423,143,68,5940,2,40,13,400,170,146,5940,2971,0.5133689839572193,0.5173333333333333,0.5146666666666667,0.49700199866755496,0.5008325008325009,0.49458964541368405,3,2382,2112,0.7351851851851852,0.6446886446886447,0.425,0.365,0.7791666666666667,0.6618131868131868,13,True
6007,4600,3193,247,68,5940,2,40,13,400,162,192,5940,2970,0.4919786096256685,0.47733333333333333,0.48,0.49300466355762823,0.4931734931734932,0.4944231729648743,1,2522,2483,0.778395061728395,0.7579365079365079,0.405,0.48,0.7425,0.8703296703296702,13,True
6007,2793,5586,280,68,5940,2,40,13,400,169,166,5940,2970,0.48128342245989303,0.4826666666666667,0.488,0.491672218520986,0.5038295038295039,0.4944231729648743,1,2540,2280,0.7839506172839507,0.6959706959706959,0.4225,0.415,0.7745833333333334,0.7524725274725275,13,True
6007,3637,1267,325,68,5940,2,40,13,400,182,142,5940,2970,0.46524064171123,0.4826666666666667,0.5013333333333333,0.5109926715522984,0.4981684981684982,0.4944231729648743,1,2468,2216,0.7617283950617284,0.6764346764346765,0.455,0.355,0.8341666666666667,0.6436813186813186,13,True
6007,5850,5693,331,68,5940,2,40,13,400,152,140,5940,2970,0.5347593582887701,0.504,0.48,0.480346435709527,0.4931734931734932,0.4944231729648743,1,2362,2028,0.7290123456790123,0.6190476190476191,0.38,0.35,0.6966666666666667,0.6346153846153846,13,True
6007,5610,3740,369,68,5940,2,40,13,400,159,178,5940,2971,0.43315508021390375,0.48,0.49466666666666664,0.4816788807461692,0.4825174825174825,0.49458964541368405,3,2478,2459,0.7648148148148148,0.7506105006105006,0.3975,0.445,0.72875,0.8068681318681319,13,True
6007,3702,1397,430,68,5940,2,40,13,400,162,161,5940,2970,0.46524064171123,0.4666666666666667,0.472,0.4996668887408394,0.5008325008325009,0.4944231729648743,1,2490,2368,0.7685185185185185,0.7228327228327228,0.405,0.4025,0.7425,0.7298076923076924,13,True
6007,1536,1024,460,68,5940,2,40,13,400,179,177,5940,2970,0.4919786096256685,0.5306666666666666,0.516,0.5143237841439041,0.5034965034965035,0.4944231729648743,1,2517,2424,0.7768518518518519,0.73992673992674,0.4475,0.4425,0.8204166666666667,0.8023351648351648,13,True
6007,2418,4836,537,68,5940,2,40,13,400,164,143,5940,2970,0.49732620320855614,0.48533333333333334,0.4866666666666667,0.4830113257828115,0.48684648684648685,0.4944231729648743,1,2528,2342,0.7802469135802469,0.7148962148962149,0.41,0.3575,0.7516666666666666,0.6482142857142856,13,True
6007,1766,3532,650,68,5940,2,40,13,400,170,171,5940,2971,0.47058823529411764,0.512,0.49066666666666664,0.4943371085942705,0.4945054945054945,0.49458964541368405,3,2505,2529,0.7731481481481481,0.771978021978022,0.425,0.4275,0.7791666666666667,0.7751373626373627,13,True
6007,2325,1550,673,68,5940,2,40,13,400,178,150,5940,2970,0.48663101604278075,0.45866666666666667,0.4666666666666667,0.5009993337774816,0.4981684981684982,0.4944231729648743,1,2495,2290,0.7700617283950617,0.699023199023199,0.445,0.375,0.8158333333333334,0.679945054945055,13,True
6007,5413,5611,822,68,5940,2,40,13,400,185,152,5940,2970,0.5508021390374331,0.5013333333333333,0.464,0.4703530979347102,0.49284049284049286,0.4944231729648743,1,2457,2360,0.7583333333333333,0.7203907203907204,0.4625,0.38,0.8479166666666667,0.689010989010989,13,True
6007,4417,2827,847,68,5940,2,40,13,400,164,180,5940,2970,0.47593582887700536,0.4826666666666667,0.4786666666666667,0.49033977348434377,0.5018315018315018,0.4944231729648743,1,2590,2194,0.7993827160493827,0.6697191697191697,0.41,0.45,0.7516666666666666,0.8159340659340659,13,True
6007,3925,1843,865,68,5940,2,40,13,400,169,159,5940,2970,0.5454545454545454,0.496,0.49866666666666665,0.49566955363091275,0.4981684981684982,0.4944231729648743,1,2596,2407,0.8012345679012346,0.7347374847374848,0.4225,0.3975,0.7745833333333334,0.7207417582417582,13,True
6007,1384,2768,1001,68,5940,2,40,13,400,166,154,5940,2970,0.5240641711229946,0.536,0.5093333333333333,0.502998001332445,0.5058275058275058,0.4944231729648743,1,2517,2302,0.7768518518518519,0.7026862026862026,0.415,0.385,0.7608333333333333,0.6980769230769232,13,True
6007,3237,467,1007,68,5940,2,40,13,400,164,150,5940,2970,0.5508021390374331,0.5173333333333333,0.5186666666666667,0.5069953364423717,0.49483849483849485,0.4944231729648743,1,2507,2334,0.7737654320987655,0.7124542124542125,0.41,0.375,0.7516666666666666,0.679945054945055,13,True
6007,3647,1287,1094,68,5940,2,40,13,400,154,148,5940,2970,0.5187165775401069,0.5013333333333333,0.472,0.47901399067288475,0.5001665001665002,0.4944231729648743,1,2508,2458,0.774074074074074,0.7503052503052503,0.385,0.37,0.7058333333333333,0.6708791208791209,13,True
6007,1035,690,1098,68,5940,2,40,13,400,172,163,5940,2970,0.43315508021390375,0.4666666666666667,0.476,0.47834776815456365,0.48684648684648685,0.4944231729648743,1,2542,2376,0.7845679012345679,0.7252747252747253,0.43,0.4075,0.7883333333333333,0.7388736263736263,13,True
6007,5833,5891,1126,68,5940,2,40,13,400,167,140,5940,2971,0.44919786096256686,0.472,0.48933333333333334,0.5103264490339774,0.49683649683649683,0.49458964541368405,3,2496,2321,0.7703703703703704,0.7084859584859585,0.4175,0.35,0.7654166666666666,0.6346153846153846,13,True
6007,144,288,1139,68,5940,2,40,13,400,181,139,5940,2970,0.49732620320855614,0.49866666666666665,0.49333333333333335,0.4996668887408394,0.49517149517149517,0.4944231729648743,1,2492,2186,0.7691358024691358,0.6672771672771672,0.4525,0.3475,0.8295833333333333,0.6300824175824175,13,True
6007,4151,2295,1274,68,5940,2,40,13,400,161,153,5940,2970,0.48128342245989303,0.49866666666666665,0.508,0.5089940039973351,0.5014985014985015,0.4944231729648743,1,2514,2294,0.7759259259259259,0.7002442002442002,0.4025,0.3825,0.7379166666666668,0.6935439560439561,13,True
6007,2228,4456,1369,68,5940,2,40,13,400,186,174,5940,2970,0.5080213903743316,0.5066666666666667,0.508,0.502998001332445,0.5018315018315018,0.4944231729648743,1,2520,2350,0.7777777777777778,0.7173382173382173,0.465,0.435,0.8525000000000001,0.7887362637362637,13,True
6007,558,1116,1371,68,5940,2,40,13,400,186,149,5940,2971,0.48663101604278075,0.45066666666666666,0.4666666666666667,0.48967355096602266,0.4931734931734932,0.49458964541368405,3,2543,2377,0.7848765432098765,0.7255799755799756,0.465,0.3725,0.8525000000000001,0.675412087912088,13,True
6007,106,2073,1460,68,5940,2,40,13,400,171,167,5940,2970,0.47593582887700536,0.49333333333333335,0.47733333333333333,0.4756828780812791,0.49483849483849485,0.4944231729648743,1,2423,2534,0.7478395061728395,0.7735042735042735,0.4275,0.4175,0.78375,0.7570054945054945,13,True
6007,2182,4364,1541,68,5940,2,40,13,400,175,162,5940,2970,0.5775401069518716,0.5253333333333333,0.496,0.4823451032644903,0.4885114885114885,0.4944231729648743,1,2540,2160,0.7839506172839507,0.6593406593406593,0.4375,0.405,0.8020833333333334,0.7343406593406594,13,True
6007,5013,3342,1612,68,5940,2,40,13,400,168,150,5940,2970,0.5347593582887701,0.49866666666666665,0.492,0.4876748834110593,0.4975024975024975,0.4944231729648743,1,2466,2323,0.7611111111111111,0.7090964590964591,0.42,0.375,0.7699999999999999,0.679945054945055,13,True
6007,621,1242,1656,68,5940,2,40,13,400,139,174,5940,2970,0.5668449197860963,0.5226666666666666,0.5226666666666666,0.5076615589606929,0.5031635031635031,0.4944231729648743,1,2454,2472,0.7574074074074074,0.7545787545787546,0.3475,0.435,0.6370833333333332,0.7887362637362637,13,True
6007,78,52,1664,68,5940,2,40,13,400,194,186,5940,2970,0.49732620320855614,0.5066666666666667,0.492,0.5189873417721519,0.49916749916749914,0.4944231729648743,1,2499,2499,0.7712962962962963,0.7628205128205128,0.485,0.465,0.8891666666666667,0.8431318681318682,13,True
6007,3181,4123,1666,68,5940,2,40,13,400,152,149,5940,2970,0.45989304812834225,0.4826666666666667,0.4826666666666667,0.49033977348434377,0.48185148185148186,0.4944231729648743,1,2510,2368,0.7746913580246914,0.7228327228327228,0.38,0.3725,0.6966666666666667,0.675412087912088,13,True
6007,321,214,1712,68,5940,2,40,13,400,178,177,5940,2970,0.5401069518716578,0.5226666666666666,0.508,0.49233844103930713,0.4855144855144855,0.4944231729648743,1,2584,2369,0.7975308641975308,0.7231379731379731,0.445,0.4425,0.8158333333333334,0.8023351648351648,13,True
6007,1048,2096,1869,68,5940,2,40,13,400,151,154,5940,2970,0.47593582887700536,0.4613333333333333,0.4706666666666667,0.49033977348434377,0.4881784881784882,0.4944231729648743,1,2372,2255,0.7320987654320987,0.6883394383394383,0.3775,0.385,0.6920833333333333,0.6980769230769232,13,True
6007,1539,1026,1935,68,5940,2,40,13,400,154,154,5940,2970,0.5668449197860963,0.5306666666666666,0.508,0.49566955363091275,0.49184149184149184,0.4944231729648743,1,2419,2220,0.7466049382716049,0.6776556776556777,0.385,0.385,0.7058333333333333,0.6980769230769232,13,True
6007,1625,5088,2020,68,5940,2,40,13,400,167,158,5940,2970,0.45454545454545453,0.44533333333333336,0.4666666666666667,0.4810126582278481,0.5018315018315018,0.4944231729648743,1,2538,2217,0.7833333333333333,0.6767399267399268,0.4175,0.395,0.7654166666666666,0.7162087912087912,13,True
6007,2070,1380,2108,68,5940,2,40,13,400,153,162,5940,2970,0.41711229946524064,0.4666666666666667,0.492,0.5009993337774816,0.49284049284049286,0.4944231729648743,1,2396,2442,0.7395061728395061,0.7454212454212454,0.3825,0.405,0.70125,0.7343406593406594,13,True
6007,209,418,2243,68,5940,2,40,13,400,163,167,5940,2971,0.42245989304812837,0.48533333333333334,0.48533333333333334,0.49300466355762823,0.4955044955044955,0.49458964541368405,3,2473,2495,0.7632716049382716,0.7615995115995116,0.4075,0.4175,0.7470833333333332,0.7570054945054945,13,True
6007,5916,3944,2333,68,5940,2,40,13,400,159,151,5940,2970,0.41711229946524064,0.44533333333333336,0.484,0.4890073284477015,0.4901764901764902,0.4944231729648743,1,2557,2412,0.7891975308641975,0.7362637362637363,0.3975,0.3775,0.72875,0.684478021978022,13,True
6007,2885,5928,2475,68,5940,2,40,13,400,174,156,5940,2970,0.47058823529411764,0.49066666666666664,0.4746666666666667,0.47368421052631576,0.5048285048285048,0.4944231729648743,1,2556,2318,0.7888888888888889,0.7075702075702076,0.435,0.39,0.7975,0.7071428571428571,13,True
6007,3491,975,2548,68,5940,2,40,13,400,175,162,5940,2970,0.5294117647058824,0.512,0.49066666666666664,0.4950033311125916,0.49983349983349984,0.4944231729648743,1,2571,2446,0.7935185185185185,0.7466422466422467,0.4375,0.405,0.8020833333333334,0.7343406593406594,13,True
6007,4969,5315,2621,68,5940,2,40,13,400,175,171,5940,2971,0.5294117647058824,0.5306666666666666,0.5333333333333333,0.5216522318454364,0.5048285048285048,0.49458964541368405,3,2437,2393,0.7521604938271605,0.7304639804639804,0.4375,0.4275,0.8020833333333334,0.7751373626373627,13,True
6007,408,816,2905,68,5940,2,40,13,400,176,146,5940,2970,0.45454545454545453,0.4693333333333333,0.488,0.4830113257828115,0.4925074925074925,0.4944231729648743,1,2498,2258,0.7709876543209877,0.6892551892551892,0.44,0.365,0.8066666666666666,0.6618131868131868,13,True
6007,4233,2822,2952,68,5940,2,40,13,400,161,174,5940,2970,0.49732620320855614,0.504,0.49333333333333335,0.48634243837441704,0.4945054945054945,0.4944231729648743,1,2448,2472,0.7555555555555555,0.7545787545787546,0.4025,0.435,0.7379166666666668,0.7887362637362637,13,True
6007,3346,685,3073,68,5940,2,40,13,400,171,160,5940,2970,0.39572192513368987,0.43466666666666665,0.452,0.4603597601598934,0.4785214785214785,0.4944231729648743,1,2554,2428,0.7882716049382716,0.7411477411477412,0.4275,0.4,0.78375,0.7252747252747253,13,True
6007,1027,2687,3076,68,5940,2,40,13,400,173,163,5940,2970,0.5401069518716578,0.5306666666666666,0.52,0.5063291139240507,0.5014985014985015,0.4944231729648743,1,2498,2368,0.7709876543209877,0.7228327228327228,0.4325,0.4075,0.7929166666666667,0.7388736263736263,13,True
6007,2110,3409,3201,68,5940,2,40,13,400,177,124,5940,2970,0.5187165775401069,0.5093333333333333,0.504,0.508327781479014,0.49284049284049286,0.4944231729648743,1,2573,2184,0.7941358024691358,0.6666666666666666,0.4425,0.31,0.8112499999999999,0.5620879120879121,13,True
6007,1741,3163,3213,68,5940,2,40,13,400,192,165,5940,2970,0.41711229946524064,0.4826666666666667,0.488,0.5049966688874084,0.4988344988344988,0.4944231729648743,1,2544,2366,0.7851851851851852,0.7222222222222222,0.48,0.4125,0.8799999999999999,0.7479395604395604,13,True
6007,2527,3687,3274,68,5940,2,40,13,400,157,178,5940,2971,0.5240641711229946,0.488,0.4826666666666667,0.47834776815456365,0.4988344988344988,0.49458964541368405,3,2460,2454,0.7592592592592593,0.7490842490842491,0.3925,0.445,0.7195833333333335,0.8068681318681319,13,True
6007,749,1498,3278,68,5940,2,40,13,400,175,162,5940,2971,0.49732620320855614,0.5013333333333333,0.5173333333333333,0.5156562291805463,0.4988344988344988,0.49458964541368405,3,2462,2436,0.7598765432098765,0.7435897435897436,0.4375,0.405,0.8020833333333334,0.7343406593406594,13,True
6007,120,80,3444,68,5940,2,40,13,400,174,158,5940,2971,0.42780748663101603,0.44,0.4653333333333333,0.49700199866755496,0.4958374958374958,0.49458964541368405,3,2504,2500,0.7728395061728395,0.7631257631257631,0.435,0.395,0.7975,0.7162087912087912,13,True
6007,970,2649,3476,68,5940,2,40,13,400,163,180,5940,2970,0.5187165775401069,0.504,0.508,0.49700199866755496,0.5011655011655012,0.4944231729648743,1,2523,2574,0.7787037037037037,0.7857142857142857,0.4075,0.45,0.7470833333333332,0.8159340659340659,13,True
6007,2580,1720,3526,68,5940,2,40,13,400,170,135,5940,2971,0.48663101604278075,0.5013333333333333,0.49333333333333335,0.4936708860759494,0.4958374958374958,0.49458964541368405,3,2476,2054,0.7641975308641975,0.626984126984127,0.425,0.3375,0.7791666666666667,0.6119505494505495,13,True
6007,5936,1955,3571,68,5940,2,40,13,400,179,189,5940,2970,0.48663101604278075,0.49066666666666664,0.5,0.4836775483011326,0.5001665001665002,0.4944231729648743,1,2537,2448,0.7830246913580247,0.7472527472527473,0.4475,0.4725,0.8204166666666667,0.8567307692307691,13,True
6007,810,1620,3610,68,5940,2,40,13,400,214,111,5940,2971,0.48128342245989303,0.49866666666666665,0.504,0.5056628914057295,0.4938394938394938,0.49458964541368405,3,2456,2171,0.7580246913580246,0.6626984126984127,0.535,0.2775,0.9808333333333333,0.5031593406593406,13,True
6007,2081,4162,3712,68,5940,2,40,13,400,145,152,5940,2971,0.5080213903743316,0.472,0.49466666666666664,0.49766822118587606,0.4875124875124875,0.49458964541368405,3,2470,2245,0.7623456790123457,0.6852869352869353,0.3625,0.38,0.6645833333333333,0.689010989010989,13,True
6007,527,4356,3781,68,5940,2,40,13,400,145,155,5940,2970,0.5080213903743316,0.52,0.512,0.5016655562958028,0.5034965034965035,0.4944231729648743,1,2502,2364,0.7722222222222223,0.7216117216117216,0.3625,0.3875,0.6645833333333333,0.7026098901098901,13,True
6007,32,64,3788,68,5940,2,40,13,400,162,141,5940,2971,0.44919786096256686,0.4533333333333333,0.492,0.49633577614923385,0.4961704961704962,0.49458964541368405,3,2498,2329,0.7709876543209877,0.710927960927961,0.405,0.3525,0.7425,0.6391483516483516,13,True
6007,3723,2482,3816,68,5940,2,40,13,400,161,159,5940,2971,0.5454545454545454,0.52,0.5053333333333333,0.47968021319120585,0.4945054945054945,0.49458964541368405,3,2528,2351,0.7802469135802469,0.7176434676434676,0.4025,0.3975,0.7379166666666668,0.7207417582417582,13,True
6007,4357,2707,3822,68,5940,2,40,13,400,165,165,5940,2971,0.45989304812834225,0.4533333333333333,0.46266666666666667,0.4710193204530313,0.4825174825174825,0.49458964541368405,3,2497,2351,0.770679012345679,0.7176434676434676,0.4125,0.4125,0.75625,0.7479395604395604,13,True
6007,2409,4818,3869,68,5940,2,40,13,400,174,163,5940,2970,0.45454545454545453,0.464,0.48,0.4810126582278481,0.49783549783549785,0.4944231729648743,1,2476,2524,0.7641975308641975,0.7704517704517705,0.435,0.4075,0.7975,0.7388736263736263,13,True
6007,5203,4399,3945,68,5940,2,40,13,400,162,162,5940,2970,0.48128342245989303,0.496,0.49866666666666665,0.49233844103930713,0.49217449217449216,0.4944231729648743,1,2538,2498,0.7833333333333333,0.7625152625152625,0.405,0.405,0.7425,0.7343406593406594,13,True
6007,1340,2680,4058,68,5940,2,40,13,400,179,166,5940,2970,0.48128342245989303,0.448,0.4786666666666667,0.4990006662225183,0.48984348984348985,0.4944231729648743,1,2516,2420,0.7765432098765432,0.7387057387057387,0.4475,0.415,0.8204166666666667,0.7524725274725275,13,True
6007,4592,1059,4063,68,5940,2,40,13,400,171,161,5940,2970,0.5294117647058824,0.5173333333333333,0.536,0.5143237841439041,0.5081585081585082,0.4944231729648743,1,2520,2399,0.7777777777777778,0.7322954822954822,0.4275,0.4025,0.78375,0.7298076923076924,13,True
6007,406,2273,4124,68,5940,2,40,13,400,162,160,5940,2970,0.5187165775401069,0.5226666666666666,0.5133333333333333,0.508327781479014,0.4961704961704962,0.4944231729648743,1,2402,2406,0.741358024691358,0.7344322344322345,0.405,0.4,0.7425,0.7252747252747253,13,True
6007,3804,2536,4155,68,5940,2,40,13,400,157,146,5940,2970,0.5187165775401069,0.5093333333333333,0.5106666666666667,0.49566955363091275,0.4911754911754912,0.4944231729648743,1,2446,2059,0.7549382716049383,0.6285103785103785,0.3925,0.365,0.7195833333333335,0.6618131868131868,13,True
6007,4759,3511,4231,68,5940,2,40,13,400,153,145,5940,2970,0.47593582887700536,0.5146666666666667,0.5173333333333333,0.5036642238507661,0.5054945054945055,0.4944231729648743,1,2522,2358,0.778395061728395,0.7197802197802198,0.3825,0.3625,0.70125,0.6572802197802198,13,True
6007,675,450,4272,68,5940,2,40,13,400,174,168,5940,2971,0.5454545454545454,0.5146666666666667,0.48133333333333334,0.4936708860759494,0.49217449217449216,0.49458964541368405,3,2452,2363,0.7567901234567901,0.7213064713064713,0.435,0.42,0.7975,0.7615384615384615,13,True
6007,5800,5593,4390,68,5940,2,40,13,400,163,158,5940,2970,0.46524064171123,0.49333333333333335,0.5053333333333333,0.4996668887408394,0.5028305028305028,0.4944231729648743,1,2485,2463,0.7669753086419753,0.7518315018315018,0.4075,0.395,0.7470833333333332,0.7162087912087912,13,True
6007,3150,293,4402,68,5940,2,40,13,400,167,161,5940,2971,0.45989304812834225,0.49866666666666665,0.4666666666666667,0.4743504330446369,0.48085248085248083,0.49458964541368405,3,2462,2361,0.7598765432098765,0.7206959706959707,0.4175,0.4025,0.7654166666666666,0.7298076923076924,13,True
6007,4191,2794,4408,68,5940,2,40,13,400,170,162,5940,2970,0.5561497326203209,0.49866666666666665,0.5066666666666667,0.5036642238507661,0.5014985014985015,0.4944231729648743,1,2472,2524,0.762962962962963,0.7704517704517705,0.425,0.405,0.7791666666666667,0.7343406593406594,13,True
6007,3448,889,4451,68,5940,2,40,13,400,177,172,5940,2971,0.5294117647058824,0.5093333333333333,0.5186666666666667,0.5009993337774816,0.49483849483849485,0.49458964541368405,3,2520,2438,0.7777777777777778,0.7442002442002442,0.4425,0.43,0.8112499999999999,0.7796703296703296,13,True
6007,2103,1402,4498,68,5940,2,40,13,400,155,147,5940,2970,0.4385026737967914,0.4666666666666667,0.46266666666666667,0.48634243837441704,0.49683649683649683,0.4944231729648743,1,2493,2232,0.7694444444444445,0.6813186813186813,0.3875,0.3675,0.7104166666666667,0.6663461538461538,13,True
6007,3661,1315,4569,68,5940,2,40,13,400,169,177,5940,2970,0.49732620320855614,0.5013333333333333,0.5146666666666667,0.5016655562958028,0.4995004995004995,0.4944231729648743,1,2476,2410,0.7641975308641975,0.7356532356532357,0.4225,0.4425,0.7745833333333334,0.8023351648351648,13,True
6007,295,2199,4573,68,5940,2,40,13,400,152,155,5940,2970,0.5026737967914439,0.4746666666666667,0.48933333333333334,0.4816788807461692,0.47918747918747917,0.4944231729648743,1,2486,2326,0.7672839506172839,0.71001221001221,0.38,0.3875,0.6966666666666667,0.7026098901098901,13,True
6007,3191,375,4577,68,5940,2,40,13,400,170,156,5940,2970,0.47058823529411764,0.472,0.47333333333333333,0.49633577614923385,0.4988344988344988,0.4944231729648743,1,2472,2392,0.762962962962963,0.7301587301587301,0.425,0.39,0.7791666666666667,0.7071428571428571,13,True
6007,1216,2813,4710,68,5940,2,40,13,400,166,163,5940,2970,0.4919786096256685,0.456,0.4826666666666667,0.48567621585609594,0.49284049284049286,0.4944231729648743,1,2501,2440,0.7719135802469136,0.7448107448107448,0.415,0.4075,0.7608333333333333,0.7388736263736263,13,True
6007,5620,5749,4745,68,5940,2,40,13,400,165,182,5940,2970,0.5187165775401069,0.5066666666666667,0.49866666666666665,0.5076615589606929,0.49483849483849485,0.4944231729648743,1,2506,2498,0.7734567901234568,0.7625152625152625,0.4125,0.455,0.75625,0.8250000000000001,13,True
6007,570,1140,4759,68,5940,2,40,13,400,163,107,5940,2971,0.48128342245989303,0.49066666666666664,0.504,0.4950033311125916,0.48917748917748916,0.49458964541368405,3,2443,2156,0.7540123456790123,0.6581196581196581,0.4075,0.2675,0.7470833333333332,0.4850274725274725,13,True
6007,5290,4573,4773,68,5940,2,40,13,400,187,155,5940,2970,0.5026737967914439,0.512,0.508,0.5023317788141239,0.4961704961704962,0.4944231729648743,1,2564,2249,0.7913580246913581,0.6865079365079365,0.4675,0.3875,0.8570833333333334,0.7026098901098901,13,True
6007,2929,3955,4783,68,5940,2,40,13,400,174,164,5940,2970,0.5026737967914439,0.504,0.484,0.4936708860759494,0.4945054945054945,0.4944231729648743,1,2538,2410,0.7833333333333333,0.7356532356532357,0.435,0.41,0.7975,0.7434065934065933,13,True
6007,4850,3693,4810,68,5940,2,40,13,400,182,142,5940,2970,0.4385026737967914,0.448,0.488,0.475016655562958,0.48917748917748916,0.4944231729648743,1,2453,2241,0.7570987654320988,0.6840659340659341,0.455,0.355,0.8341666666666667,0.6436813186813186,13,True
6007,1983,1322,4865,68,5940,2,40,13,400,158,144,5940,2970,0.49732620320855614,0.5066666666666667,0.496,0.49233844103930713,0.4955044955044955,0.4944231729648743,1,2422,2337,0.7475308641975309,0.7133699633699634,0.395,0.36,0.7241666666666667,0.6527472527472528,13,True
6007,5874,3916,4910,68,5940,2,40,13,400,176,159,5940,2970,0.5347593582887701,0.52,0.5013333333333333,0.4943371085942705,0.49483849483849485,0.4944231729648743,1,2532,2258,0.7814814814814814,0.6892551892551892,0.44,0.3975,0.8066666666666666,0.7207417582417582,13,True
6007,2324,4648,4948,68,5940,2,40,13,400,186,174,5940,2970,0.47593582887700536,0.5066666666666667,0.5053333333333333,0.5069953364423717,0.4965034965034965,0.4944231729648743,1,2487,2336,0.7675925925925926,0.7130647130647131,0.465,0.435,0.8525000000000001,0.7887362637362637,13,True
6007,2390,5598,4954,68,5940,2,40,13,400,190,157,5940,2970,0.5721925133689839,0.5306666666666666,0.49466666666666664,0.49300466355762823,0.49483849483849485,0.4944231729648743,1,2498,2362,0.7709876543209877,0.721001221001221,0.475,0.3925,0.8708333333333333,0.7116758241758243,13,True
6007,5389,5595,4989,68,5940,2,40,13,400,176,182,5940,2971,0.5989304812834224,0.544,0.5306666666666666,0.5143237841439041,0.4995004995004995,0.49458964541368405,3,2562,2344,0.7907407407407407,0.7155067155067155,0.44,0.455,0.8066666666666666,0.8250000000000001,13,True
6007,5278,4549,5029,68,5940,2,40,13,400,180,153,5940,2970,0.42780748663101603,0.4666666666666667,0.48,0.480346435709527,0.4911754911754912,0.4944231729648743,1,2521,2406,0.7780864197530865,0.7344322344322345,0.45,0.3825,0.825,0.6935439560439561,13,True
6007,474,948,5088,68,5940,2,40,13,400,175,162,5940,2970,0.5294117647058824,0.5173333333333333,0.488,0.4830113257828115,0.47885447885447885,0.4944231729648743,1,2496,2450,0.7703703703703704,0.7478632478632479,0.4375,0.405,0.8020833333333334,0.7343406593406594,13,True
6007,2999,6004,5184,68,5940,2,40,13,400,171,175,5940,2970,0.5080213903743316,0.5013333333333333,0.49866666666666665,0.5116588940706196,0.5018315018315018,0.4944231729648743,1,2475,2368,0.7638888888888888,0.7228327228327228,0.4275,0.4375,0.78375,0.7932692307692307,13,True
6007,5789,5571,5306,68,5940,2,40,13,400,142,156,5940,2970,0.49732620320855614,0.512,0.49733333333333335,0.519653564290473,0.5021645021645021,0.4944231729648743,1,2464,2346,0.7604938271604939,0.7161172161172161,0.355,0.39,0.6508333333333333,0.7071428571428571,13,True
6007,1176,784,5392,68,5940,2,40,13,400,172,181,5940,2971,0.5133689839572193,0.49066666666666664,0.496,0.491672218520986,0.49983349983349984,0.49458964541368405,3,2543,2527,0.7848765432098765,0.7713675213675214,0.43,0.4525,0.7883333333333333,0.8204670329670329,13,True
6007,5674,5341,5414,68,5940,2,40,13,400,176,127,5940,2970,0.48663101604278075,0.49066666666666664,0.52,0.5009993337774816,0.4931734931734932,0.4944231729648743,1,2458,1826,0.758641975308642,0.5573870573870574,0.44,0.3175,0.8066666666666666,0.5756868131868133,13,True
6007,2715,5430,5444,68,5940,2,40,13,400,148,162,5940,2970,0.44919786096256686,0.4666666666666667,0.488,0.49033977348434377,0.4925074925074925,0.4944231729648743,1,2501,2354,0.7719135802469136,0.7185592185592186,0.37,0.405,0.6783333333333333,0.7343406593406594,13,True
6007,3776,515,5451,68,5940,2,40,13,400,179,167,5940,2970,0.48663101604278075,0.496,0.48933333333333334,0.4883411059293804,0.4965034965034965,0.4944231729648743,1,2500,2316,0.7716049382716049,0.706959706959707,0.4475,0.4175,0.8204166666666667,0.7570054945054945,13,True
6007,1509,3018,5452,68,5940,2,40,13,400,156,161,5940,2971,0.5294117647058824,0.472,0.48933333333333334,0.48500999333777484,0.49483849483849485,0.49458964541368405,3,2409,2380,0.7435185185185185,0.7264957264957265,0.39,0.4025,0.715,0.7298076923076924,13,True
6007,3847,4567,5490,68,5940,2,40,13,400,188,152,5940,2970,0.5668449197860963,0.5493333333333333,0.516,0.5049966688874084,0.49916749916749914,0.4944231729648743,1,2501,2389,0.7719135802469136,0.7292429792429792,0.47,0.38,0.8616666666666666,0.689010989010989,13,True
6007,3860,571,5496,68,5940,2,40,13,400,177,171,5940,2971,0.5240641711229946,0.49866666666666665,0.49466666666666664,0.4883411059293804,0.48784548784548787,0.49458964541368405,3,2530,2323,0.7808641975308642,0.7090964590964591,0.4425,0.4275,0.8112499999999999,0.7751373626373627,13,True
6007,2733,1822,5520,68,5940,2,40,13,400,152,138,5940,2970,0.4919786096256685,0.5013333333333333,0.5013333333333333,0.5023317788141239,0.4981684981684982,0.4944231729648743,1,2482,2160,0.7660493827160494,0.6593406593406593,0.38,0.345,0.6966666666666667,0.6255494505494504,13,True
6007,4072,2137,5606,68,5940,2,40,13,400,166,153,5940,2970,0.49732620320855614,0.5066666666666667,0.5,0.5116588940706196,0.5018315018315018,0.4944231729648743,1,2461,2320,0.7595679012345679,0.7081807081807082,0.415,0.3825,0.7608333333333333,0.6935439560439561,13,True
6007,5838,5669,5610,68,5940,2,40,13,400,196,135,5940,2970,0.44385026737967914,0.49333333333333335,0.49066666666666664,0.5049966688874084,0.4995004995004995,0.4944231729648743,1,2560,2163,0.7901234567901234,0.6602564102564102,0.49,0.3375,0.8983333333333333,0.6119505494505495,13,True
6007,1126,2252,5621,68,5940,2,40,13,400,176,139,5940,2970,0.5080213903743316,0.52,0.5,0.4936708860759494,0.4965034965034965,0.4944231729648743,1,2508,2444,0.774074074074074,0.746031746031746,0.44,0.3475,0.8066666666666666,0.6300824175824175,13,True
6007,5959,5911,5666,68,5940,2,40,13,400,177,169,5940,2971,0.5187165775401069,0.5013333333333333,0.5053333333333333,0.4950033311125916,0.49783549783549785,0.49458964541368405,3,2540,2392,0.7839506172839507,0.7301587301587301,0.4425,0.4225,0.8112499999999999,0.7660714285714286,13,True
6007,4487,989,5810,68,5940,2,40,13,400,166,186,5940,2970,0.4919786096256685,0.52,0.516,0.48567621585609594,0.48151848151848153,0.4944231729648743,1,2510,2498,0.7746913580246914,0.7625152625152625,0.415,0.465,0.7608333333333333,0.8431318681318682,13,True
6007,4931,1285,5842,68,5940,2,40,13,400,174,147,5940,2970,0.5026737967914439,0.49066666666666664,0.5186666666666667,0.4996668887408394,0.4945054945054945,0.4944231729648743,1,2472,2312,0.762962962962963,0.7057387057387058,0.435,0.3675,0.7975,0.6663461538461538,13,True
6007,1386,924,5863,68,5940,2,40,13,400,166,172,5940,2970,0.5294117647058824,0.49866666666666665,0.512,0.5023317788141239,0.4961704961704962,0.4944231729648743,1,2544,2574,0.7851851851851852,0.7857142857142857,0.415,0.43,0.7608333333333333,0.7796703296703296,13,True
6007,2457,4914,5888,68,5940,2,40,13,400,168,156,5940,2970,0.46524064171123,0.48,0.5013333333333333,0.4936708860759494,0.5008325008325009,0.4944231729648743,1,2424,2240,0.7481481481481481,0.6837606837606838,0.42,0.39,0.7699999999999999,0.7071428571428571,13,True
6007,3438,2292,6000,68,5940,2,40,13,400,170,151,5940,2970,0.44919786096256686,0.464,0.49333333333333335,0.4996668887408394,0.4965034965034965,0.4944231729648743,1,2478,2416,0.7648148148148148,0.7374847374847375,0.425,0.3775,0.7791666666666667,0.684478021978022,13,True
6007,5180,1451,43,-68,6076,2,40,13,399,158,152,6076,3038,0.6203208556149733,0.5546666666666666,0.5213333333333333,0.5109926715522984,0.5071595071595072,0.5057432994839354,1,2464,2408,0.7604938271604939,0.7350427350427351,0.39598997493734334,0.38095238095238093,0.7426034221355858,0.7065527065527065,13,True
6007,3554,367,107,-68,6076,2,40,13,399,157,163,6076,3039,0.5133689839572193,0.5306666666666666,0.49733333333333335,0.49100599600266487,0.5024975024975025,0.5059097719327451,3,2520,2302,0.7777777777777778,0.7026862026862026,0.39348370927318294,0.40852130325814534,0.7379034004764999,0.7576848103163891,13,True
6007,4029,2051,117,-68,6076,2,40,13,399,163,164,6076,3039,0.44385026737967914,0.496,0.5013333333333333,0.5103264490339774,0.5034965034965035,0.5059097719327451,3,2392,2413,0.7382716049382716,0.7365689865689866,0.40852130325814534,0.41102756892230574,0.7661035304310158,0.762333183385815,13,True
6007,2644,5288,143,-68,6076,2,40,13,399,156,145,6076,3039,0.48663101604278075,0.52,0.5053333333333333,0.49566955363091275,0.4975024975024975,0.5059097719327451,3,2573,2370,0.7941358024691358,0.7234432234432234,0.39097744360902253,0.3634085213032581,0.7332033788174138,0.6740140950667266,13,True
6007,1846,3233,247,-68,6076,2,40,13,399,181,165,6076,3038,0.5240641711229946,0.496,0.5,0.4983344437041972,0.5021645021645021,0.5057432994839354,1,2523,2264,0.7787037037037037,0.6910866910866911,0.45363408521303256,0.41353383458646614,0.8507039202945635,0.7669815564552407,13,True
6007,4315,4879,280,-68,6076,2,40,13,399,174,144,6076,3038,0.5133689839572193,0.4746666666666667,0.47733333333333333,0.4836775483011326,0.5068265068265069,0.5057432994839354,1,2552,2413,0.7876543209876543,0.7365689865689866,0.43609022556390975,0.3609022556390977,0.8178037686809617,0.6693657219973009,13,True
6007,1739,5164,325,-68,6076,2,40,13,399,160,162,6076,3038,0.5133689839572193,0.49333333333333335,0.488,0.5076615589606929,0.5078255078255078,0.5057432994839354,1,2422,2510,0.7475308641975309,0.7661782661782662,0.40100250626566414,0.40601503759398494,0.7520034654537577,0.7530364372469636,13,True
6007,650,4438,331,-68,6076,2,40,13,399,161,165,6076,3038,0.5508021390374331,0.5466666666666666,0.508,0.5096602265156562,0.5084915084915085,0.5057432994839354,1,2518,2458,0.7771604938271605,0.7503052503052503,0.40350877192982454,0.41353383458646614,0.7567034871128439,0.7669815564552407,13,True
6007,2434,4868,369,-68,6076,2,40,13,399,170,159,6076,3039,0.5454545454545454,0.5546666666666666,0.5186666666666667,0.5016655562958028,0.5078255078255078,0.5059097719327451,3,2535,2496,0.7824074074074074,0.7619047619047619,0.42606516290726815,0.39849624060150374,0.7990036820446176,0.7390913180386864,13,True
6007,4416,2944,430,-68,6076,2,40,13,399,161,150,6076,3038,0.5080213903743316,0.496,0.492,0.49566955363091275,0.5108225108225108,0.5057432994839354,1,2500,2474,0.7716049382716049,0.7551892551892552,0.40350877192982454,0.37593984962406013,0.7567034871128439,0.6972559604138551,13,True
6007,1810,3620,460,-68,6076,2,40,13,399,163,169,6076,3038,0.49732620320855614,0.52,0.5026666666666667,0.4990006662225183,0.49417249417249415,0.5057432994839354,1,2486,2418,0.7672839506172839,0.7380952380952381,0.40852130325814534,0.42355889724310775,0.7661035304310158,0.7855750487329434,13,True
6007,2271,1514,537,-68,6076,2,40,13,399,164,161,6076,3038,0.48663101604278075,0.4826666666666667,0.49733333333333335,0.5016655562958028,0.5068265068265069,0.5057432994839354,1,2559,2444,0.7898148148148149,0.746031746031746,0.41102756892230574,0.40350877192982454,0.7708035520901018,0.7483880641775379,13,True
6007,2866,3913,650,-68,6076,2,40,13,399,156,166,6076,3039,0.47593582887700536,0.49066666666666664,0.484,0.4950033311125916,0.5121545121545121,0.5059097719327451,3,2574,2354,0.7944444444444444,0.7185592185592186,0.39097744360902253,0.41604010025062654,0.7332033788174138,0.7716299295246662,13,True
6007,2904,5808,673,-68,6076,2,40,13,399,174,169,6076,3038,0.49732620320855614,0.48533333333333334,0.5053333333333333,0.5043304463690873,0.49783549783549785,0.5057432994839354,1,2576,2514,0.7950617283950617,0.7673992673992674,0.43609022556390975,0.42355889724310775,0.8178037686809617,0.7855750487329434,13,True
6007,661,1322,822,-68,6076,2,40,13,399,158,163,6076,3038,0.5508021390374331,0.5093333333333333,0.5013333333333333,0.5183211192538307,0.5161505161505161,0.5057432994839354,1,2468,2525,0.7617283950617284,0.7707570207570208,0.39598997493734334,0.40852130325814534,0.7426034221355858,0.7576848103163891,13,True
6007,3828,2552,847,-68,6076,2,40,13,399,168,150,6076,3038,0.5080213903743316,0.5306666666666666,0.5053333333333333,0.4950033311125916,0.4985014985014985,0.5057432994839354,1,2538,2238,0.7833333333333333,0.6831501831501832,0.42105263157894735,0.37593984962406013,0.7896036387264457,0.6972559604138551,13,True
6007,1771,3183,865,-68,6076,2,40,13,399,162,165,6076,3038,0.47058823529411764,0.49866666666666665,0.488,0.5069953364423717,0.5074925074925075,0.5057432994839354,1,2494,2426,0.769753086419753,0.7405372405372406,0.40601503759398494,0.41353383458646614,0.7614035087719297,0.7669815564552407,13,True
6007,3491,325,1001,-68,6076,2,40,13,399,163,177,6076,3038,0.43315508021390375,0.4746666666666667,0.5013333333333333,0.508327781479014,0.5071595071595072,0.5057432994839354,1,2534,2428,0.7820987654320988,0.7411477411477412,0.40852130325814534,0.44360902255639095,0.7661035304310158,0.822762033288349,13,True
6007,2362,3577,1007,-68,6076,2,40,13,399,168,146,6076,3038,0.4919786096256685,0.512,0.5253333333333333,0.5216522318454364,0.5068265068265069,0.5057432994839354,1,2480,2336,0.7654320987654321,0.7130647130647131,0.42105263157894735,0.3659147869674185,0.7896036387264457,0.6786624681361523,13,True
6007,3075,2050,1094,-68,6076,2,40,13,399,161,146,6076,3038,0.5080213903743316,0.52,0.5266666666666666,0.513657561625583,0.49983349983349984,0.5057432994839354,1,2455,2412,0.7577160493827161,0.7362637362637363,0.40350877192982454,0.3659147869674185,0.7567034871128439,0.6786624681361523,13,True
6007,3308,609,1098,-68,6076,2,40,13,399,172,144,6076,3038,0.5294117647058824,0.5253333333333333,0.5026666666666667,0.5169886742171885,0.5108225108225108,0.5057432994839354,1,2539,2439,0.783641975308642,0.7445054945054945,0.43107769423558895,0.3609022556390977,0.8084037253627896,0.6693657219973009,13,True
6007,4441,2875,1126,-68,6076,2,40,13,399,154,155,6076,3039,0.5828877005347594,0.5306666666666666,0.5173333333333333,0.5203197868087941,0.5138195138195139,0.5059097719327451,3,2506,2516,0.7734567901234568,0.7680097680097681,0.38596491228070173,0.38847117794486213,0.7238033354992419,0.7204978257609836,13,True
6007,16,2013,1139,-68,6076,2,40,13,399,164,155,6076,3038,0.48663101604278075,0.5093333333333333,0.49333333333333335,0.5123251165889408,0.5051615051615052,0.5057432994839354,1,2518,2208,0.7771604938271605,0.673992673992674,0.41102756892230574,0.38847117794486213,0.7708035520901018,0.7204978257609836,13,True
6007,3131,85,1274,-68,6076,2,40,13,399,167,149,6076,3038,0.5080213903743316,0.48533333333333334,0.49333333333333335,0.5243171219187208,0.5071595071595072,0.5057432994839354,1,2483,2410,0.766358024691358,0.7356532356532357,0.41854636591478694,0.37343358395989973,0.7849036170673597,0.6926075873444294,13,True
6007,915,610,1369,-68,6076,2,40,13,399,151,141,6076,3038,0.46524064171123,0.464,0.4866666666666667,0.5156562291805463,0.5041625041625042,0.5057432994839354,1,2522,2403,0.778395061728395,0.7335164835164835,0.37844611528822053,0.3533834586466165,0.709703270521984,0.6554206027890238,13,True
6007,62,4046,1371,-68,6076,2,40,13,399,181,170,6076,3039,0.5508021390374331,0.528,0.508,0.508327781479014,0.4965034965034965,0.5059097719327451,3,2581,2366,0.796604938271605,0.7222222222222222,0.45363408521303256,0.42606516290726815,0.8507039202945635,0.790223421802369,13,True
6007,954,1908,1460,-68,6076,2,40,13,399,180,166,6076,3038,0.5026737967914439,0.5013333333333333,0.49066666666666664,0.502998001332445,0.49783549783549785,0.5057432994839354,1,2561,2519,0.7904320987654321,0.768925518925519,0.45112781954887216,0.41604010025062654,0.8460038986354775,0.7716299295246662,13,True
6007,5582,1719,1541,-68,6076,2,40,13,399,158,158,6076,3038,0.5080213903743316,0.52,0.528,0.5149900066622252,0.5021645021645021,0.5057432994839354,1,2511,2580,0.775,0.7875457875457875,0.39598997493734334,0.39598997493734334,0.7426034221355858,0.7344429449692608,13,True
6007,3068,129,1612,-68,6076,2,40,13,399,158,154,6076,3038,0.5187165775401069,0.5173333333333333,0.5,0.5243171219187208,0.5081585081585082,0.5057432994839354,1,2526,2398,0.7796296296296297,0.7319902319902319,0.39598997493734334,0.38596491228070173,0.7426034221355858,0.715849452691558,13,True
6007,69,46,1656,-68,6076,2,40,13,399,167,165,6076,3038,0.5401069518716578,0.5226666666666666,0.5306666666666666,0.5023317788141239,0.5081585081585082,0.5057432994839354,1,2528,2302,0.7802469135802469,0.7026862026862026,0.41854636591478694,0.41353383458646614,0.7849036170673597,0.7669815564552407,13,True
6007,702,1404,1664,-68,6076,2,40,13,399,148,170,6076,3038,0.5294117647058824,0.52,0.492,0.5149900066622252,0.5098235098235098,0.5057432994839354,1,2555,2512,0.7885802469135802,0.7667887667887668,0.37092731829573933,0.42606516290726815,0.695603205544726,0.790223421802369,13,True
6007,4601,3195,1666,-68,6076,2,40,13,399,172,165,6076,3038,0.5133689839572193,0.5146666666666667,0.5266666666666666,0.5276482345103265,0.5128205128205128,0.5057432994839354,1,2504,2255,0.7728395061728395,0.6883394383394383,0.43107769423558895,0.41353383458646614,0.8084037253627896,0.7669815564552407,13,True
6007,2889,5778,1712,-68,6076,2,40,13,399,151,138,6076,3038,0.46524064171123,0.504,0.49733333333333335,0.502998001332445,0.5154845154845155,0.5057432994839354,1,2502,2490,0.7722222222222223,0.76007326007326,0.37844611528822053,0.3458646616541353,0.709703270521984,0.6414754835807467,13,True
6007,5456,1635,1869,-68,6076,2,40,13,399,158,138,6076,3038,0.6042780748663101,0.5626666666666666,0.556,0.5389740173217855,0.5181485181485181,0.5057432994839354,1,2523,2094,0.7787037037037037,0.6391941391941391,0.39598997493734334,0.3458646616541353,0.7426034221355858,0.6414754835807467,13,True
6007,1837,3674,1935,-68,6076,2,40,13,399,167,156,6076,3038,0.46524064171123,0.488,0.49333333333333335,0.5089940039973351,0.5098235098235098,0.5057432994839354,1,2502,2294,0.7722222222222223,0.7002442002442002,0.41854636591478694,0.39097744360902253,0.7849036170673597,0.7251461988304093,13,True
6007,2611,5222,2020,-68,6076,2,40,13,399,156,179,6076,3038,0.5240641711229946,0.5146666666666667,0.5226666666666666,0.5176548967355097,0.5024975024975025,0.5057432994839354,1,2507,2507,0.7737654320987655,0.7652625152625152,0.39097744360902253,0.44862155388471175,0.7332033788174138,0.8320587794272004,13,True
6007,609,1218,2108,-68,6076,2,40,13,399,153,162,6076,3038,0.5989304812834224,0.568,0.5426666666666666,0.5209860093271153,0.5108225108225108,0.5057432994839354,1,2488,2308,0.7679012345679013,0.7045177045177046,0.38345864661654133,0.40601503759398494,0.7191033138401559,0.7530364372469636,13,True
6007,2693,5800,2243,-68,6076,2,40,13,399,162,168,6076,3039,0.5240641711229946,0.48533333333333334,0.512,0.4990006662225183,0.5031635031635031,0.5059097719327451,3,2502,2308,0.7722222222222223,0.7045177045177046,0.40601503759398494,0.42105263157894735,0.7614035087719297,0.7809266756635177,13,True
6007,5188,4369,2333,-68,6076,2,40,13,399,187,156,6076,3038,0.5026737967914439,0.5146666666666667,0.508,0.5223184543637575,0.5164835164835165,0.5057432994839354,1,2488,2409,0.7679012345679013,0.7353479853479854,0.46867167919799496,0.39097744360902253,0.8789040502490794,0.7251461988304093,13,True
6007,1937,3874,2475,-68,6076,2,40,13,399,165,130,6076,3038,0.4919786096256685,0.5173333333333333,0.496,0.5056628914057295,0.5144855144855145,0.5057432994839354,1,2516,2113,0.7765432098765432,0.644993894993895,0.41353383458646614,0.3258145363408521,0.7755035737491878,0.6042884990253411,13,True
6007,5060,1371,2548,-68,6076,2,40,13,399,164,157,6076,3038,0.48128342245989303,0.5093333333333333,0.512,0.5056628914057295,0.5058275058275058,0.5057432994839354,1,2486,2486,0.7672839506172839,0.7588522588522588,0.41102756892230574,0.39348370927318294,0.7708035520901018,0.7297945718998351,13,True
6007,2672,5344,2621,-68,6076,2,40,13,399,158,158,6076,3039,0.5080213903743316,0.472,0.49066666666666664,0.480346435709527,0.4885114885114885,0.5059097719327451,3,2528,2362,0.7802469135802469,0.721001221001221,0.39598997493734334,0.39598997493734334,0.7426034221355858,0.7344429449692608,13,True
6007,4050,2700,2905,-68,6076,2,40,13,399,167,173,6076,3038,0.5133689839572193,0.5066666666666667,0.5146666666666667,0.5223184543637575,0.5111555111555112,0.5057432994839354,1,2564,2410,0.7913580246913581,0.7356532356532357,0.41854636591478694,0.43358395989974935,0.7849036170673597,0.8041685410106462,13,True
6007,2055,4110,2952,-68,6076,2,40,13,399,162,157,6076,3038,0.48128342245989303,0.48,0.492,0.49300466355762823,0.4988344988344988,0.5057432994839354,1,2482,2326,0.7660493827160494,0.71001221001221,0.40601503759398494,0.39348370927318294,0.7614035087719297,0.7297945718998351,13,True
6007,3709,4475,3073,-68,6076,2,40,13,399,159,148,6076,3038,0.5240641711229946,0.56,0.5373333333333333,0.5303131245836109,0.5151515151515151,0.5057432994839354,1,2512,2332,0.7753086419753087,0.7118437118437119,0.39849624060150374,0.37092731829573933,0.7473034437946718,0.6879592142750037,13,True
6007,3236,465,3076,-68,6076,2,40,13,399,168,163,6076,3038,0.5026737967914439,0.49866666666666665,0.508,0.5049966688874084,0.5068265068265069,0.5057432994839354,1,2584,2400,0.7975308641975308,0.7326007326007326,0.42105263157894735,0.40852130325814534,0.7896036387264457,0.7576848103163891,13,True
6007,969,1938,3201,-68,6076,2,40,13,399,165,156,6076,3038,0.5187165775401069,0.5413333333333333,0.532,0.519653564290473,0.5111555111555112,0.5057432994839354,1,2509,2354,0.7743827160493827,0.7185592185592186,0.41353383458646614,0.39097744360902253,0.7755035737491878,0.7251461988304093,13,True
6007,3655,1303,3213,-68,6076,2,40,13,399,160,156,6076,3038,0.48128342245989303,0.488,0.49066666666666664,0.49566955363091275,0.5008325008325009,0.5057432994839354,1,2513,2352,0.7756172839506172,0.717948717948718,0.40100250626566414,0.39097744360902253,0.7520034654537577,0.7251461988304093,13,True
6007,4722,3437,3274,-68,6076,2,40,13,399,178,140,6076,3039,0.46524064171123,0.4613333333333333,0.45866666666666667,0.502998001332445,0.5094905094905094,0.5059097719327451,3,2484,2360,0.7666666666666667,0.7203907203907204,0.44611528822055135,0.3508771929824561,0.8366038553173056,0.650772229719598,13,True
6007,2753,5840,3278,-68,6076,2,40,13,399,158,170,6076,3039,0.48663101604278075,0.49333333333333335,0.49333333333333335,0.5023317788141239,0.4981684981684982,0.5059097719327451,3,2426,2464,0.7487654320987654,0.7521367521367521,0.39598997493734334,0.42606516290726815,0.7426034221355858,0.790223421802369,13,True
6007,1080,2160,3444,-68,6076,2,40,13,399,170,165,6076,3039,0.5347593582887701,0.5413333333333333,0.536,0.5243171219187208,0.5138195138195139,0.5059097719327451,3,2559,2352,0.7898148148148149,0.717948717948718,0.42606516290726815,0.41353383458646614,0.7990036820446176,0.7669815564552407,13,True
6007,2723,5446,3476,-68,6076,2,40,13,399,146,147,6076,3038,0.48128342245989303,0.45866666666666667,0.4706666666666667,0.49566955363091275,0.5068265068265069,0.5057432994839354,1,2417,2315,0.7459876543209877,0.7066544566544567,0.3659147869674185,0.3684210526315789,0.686203162226554,0.6833108412055781,13,True
6007,5199,4391,3526,-68,6076,2,40,13,399,171,155,6076,3039,0.5721925133689839,0.5413333333333333,0.504,0.49766822118587606,0.5178155178155178,0.5059097719327451,3,2554,2306,0.7882716049382716,0.703907203907204,0.42857142857142855,0.38847117794486213,0.8037037037037037,0.7204978257609836,13,True
6007,5368,4729,3571,-68,6076,2,40,13,399,161,178,6076,3038,0.5240641711229946,0.5013333333333333,0.49066666666666664,0.508327781479014,0.5014985014985015,0.5057432994839354,1,2574,2435,0.7944444444444444,0.7432844932844933,0.40350877192982454,0.44611528822055135,0.7567034871128439,0.8274104063577747,13,True
6007,90,60,3610,-68,6076,2,40,13,399,175,183,6076,3039,0.44385026737967914,0.4693333333333333,0.488,0.4950033311125916,0.5041625041625042,0.5059097719327451,3,2512,2442,0.7753086419753087,0.7454212454212454,0.43859649122807015,0.45864661654135336,0.8225037903400476,0.8506522717049032,13,True
6007,2901,1934,3712,-68,6076,2,40,13,399,176,162,6076,3039,0.48128342245989303,0.49333333333333335,0.4866666666666667,0.5056628914057295,0.5128205128205128,0.5059097719327451,3,2541,2334,0.7842592592592592,0.7124542124542125,0.44110275689223055,0.40601503759398494,0.8272038119991336,0.7530364372469636,13,True
6007,4743,3479,3781,-68,6076,2,40,13,399,178,144,6076,3038,0.5454545454545454,0.5066666666666667,0.508,0.5076615589606929,0.5041625041625042,0.5057432994839354,1,2508,2314,0.774074074074074,0.7063492063492064,0.44611528822055135,0.3609022556390977,0.8366038553173056,0.6693657219973009,13,True
6007,671,4452,3788,-68,6076,2,40,13,399,165,126,6076,3039,0.5240641711229946,0.49333333333333335,0.4746666666666667,0.4770153231179214,0.4925074925074925,0.5059097719327451,3,2544,2293,0.7851851851851852,0.6999389499389499,0.41353383458646614,0.3157894736842105,0.7755035737491878,0.5856950067476383,13,True
6007,3472,937,3816,-68,6076,2,40,13,399,175,154,6076,3039,0.44385026737967914,0.456,0.46,0.4950033311125916,0.5111555111555112,0.5059097719327451,3,2516,2326,0.7765432098765432,0.71001221001221,0.43859649122807015,0.38596491228070173,0.8225037903400476,0.715849452691558,13,True
6007,1819,3215,3822,-68,6076,2,40,13,399,181,141,6076,3039,0.5133689839572193,0.5226666666666666,0.5333333333333333,0.5236508994003998,0.5134865134865135,0.5059097719327451,3,2484,2109,0.7666666666666667,0.6437728937728938,0.45363408521303256,0.3533834586466165,0.8507039202945635,0.6554206027890238,13,True
6007,2270,5518,3869,-68,6076,2,40,13,399,162,155,6076,3038,0.5721925133689839,0.5226666666666666,0.49866666666666665,0.5036642238507661,0.4975024975024975,0.5057432994839354,1,2493,2308,0.7694444444444445,0.7045177045177046,0.40601503759398494,0.38847117794486213,0.7614035087719297,0.7204978257609836,13,True
6007,1913,5280,3945,-68,6076,2,40,13,399,163,184,6076,3038,0.48128342245989303,0.4826666666666667,0.5,0.5049966688874084,0.5051615051615052,0.5057432994839354,1,2488,2475,0.7679012345679013,0.7554945054945055,0.40852130325814534,0.46115288220551376,0.7661035304310158,0.855300644774329,13,True
6007,4821,3214,4058,-68,6076,2,40,13,399,155,160,6076,3038,0.5133689839572193,0.49333333333333335,0.5133333333333333,0.5003331112591606,0.5058275058275058,0.5057432994839354,1,2507,2388,0.7737654320987655,0.7289377289377289,0.38847117794486213,0.40100250626566414,0.7285033571583279,0.7437396911081121,13,True
6007,5286,4565,4063,-68,6076,2,40,13,399,163,144,6076,3038,0.5347593582887701,0.48533333333333334,0.4826666666666667,0.48500999333777484,0.4865134865134865,0.5057432994839354,1,2551,2120,0.7873456790123456,0.6471306471306472,0.40852130325814534,0.3609022556390977,0.7661035304310158,0.6693657219973009,13,True
6007,3654,1301,4124,-68,6076,2,40,13,399,150,152,6076,3038,0.46524064171123,0.5093333333333333,0.5213333333333333,0.5203197868087941,0.5108225108225108,0.5057432994839354,1,2459,2487,0.7589506172839506,0.7591575091575091,0.37593984962406013,0.38095238095238093,0.7050032488628979,0.7065527065527065,13,True
6007,4201,2395,4155,-68,6076,2,40,13,399,159,149,6076,3038,0.5347593582887701,0.5093333333333333,0.508,0.5143237841439041,0.5091575091575091,0.5057432994839354,1,2477,2344,0.7645061728395062,0.7155067155067155,0.39849624060150374,0.37343358395989973,0.7473034437946718,0.6926075873444294,13,True
6007,3866,575,4231,-68,6076,2,40,13,399,163,167,6076,3038,0.4919786096256685,0.5013333333333333,0.512,0.5096602265156562,0.5051615051615052,0.5057432994839354,1,2448,2387,0.7555555555555555,0.7286324786324786,0.40852130325814534,0.41854636591478694,0.7661035304310158,0.7762783025940919,13,True
6007,68,136,4272,-68,6076,2,40,13,399,153,158,6076,3039,0.44385026737967914,0.48533333333333334,0.4826666666666667,0.49566955363091275,0.5064935064935064,0.5059097719327451,3,2387,2238,0.7367283950617284,0.6831501831501832,0.38345864661654133,0.39598997493734334,0.7191033138401559,0.7344429449692608,13,True
6007,5984,1987,4390,-68,6076,2,40,13,399,163,169,6076,3038,0.48663101604278075,0.5013333333333333,0.48,0.49766822118587606,0.5061605061605061,0.5057432994839354,1,2504,2204,0.7728395061728395,0.6727716727716728,0.40852130325814534,0.42355889724310775,0.7661035304310158,0.7855750487329434,13,True
6007,350,4238,4402,-68,6076,2,40,13,399,171,169,6076,3039,0.5775401069518716,0.56,0.536,0.5309793471019321,0.5181485181485181,0.5059097719327451,3,2468,2427,0.7617283950617284,0.7408424908424909,0.42857142857142855,0.42355889724310775,0.8037037037037037,0.7855750487329434,13,True
6007,1677,3354,4408,-68,6076,2,40,13,399,168,145,6076,3038,0.49732620320855614,0.4826666666666667,0.5053333333333333,0.502998001332445,0.5121545121545121,0.5057432994839354,1,2486,2250,0.7672839506172839,0.6868131868131868,0.42105263157894735,0.3634085213032581,0.7896036387264457,0.6740140950667266,13,True
6007,1718,5150,4451,-68,6076,2,40,13,399,180,159,6076,3039,0.43315508021390375,0.464,0.488,0.5076615589606929,0.5078255078255078,0.5059097719327451,3,2576,2398,0.7950617283950617,0.7319902319902319,0.45112781954887216,0.39849624060150374,0.8460038986354775,0.7390913180386864,13,True
6007,906,1812,4498,-68,6076,2,40,13,399,171,154,6076,3038,0.5508021390374331,0.5386666666666666,0.52,0.5189873417721519,0.5084915084915085,0.5057432994839354,1,2536,2440,0.782716049382716,0.7448107448107448,0.42857142857142855,0.38596491228070173,0.8037037037037037,0.715849452691558,13,True
6007,3744,2496,4569,-68,6076,2,40,13,399,172,146,6076,3038,0.5508021390374331,0.5066666666666667,0.5173333333333333,0.5123251165889408,0.5004995004995005,0.5057432994839354,1,2505,2304,0.7731481481481481,0.7032967032967034,0.43107769423558895,0.3659147869674185,0.8084037253627896,0.6786624681361523,13,True
6007,2655,5310,4573,-68,6076,2,40,13,399,176,162,6076,3038,0.45989304812834225,0.48533333333333334,0.5066666666666667,0.519653564290473,0.5101565101565102,0.5057432994839354,1,2534,2401,0.7820987654320988,0.7329059829059829,0.44110275689223055,0.40601503759398494,0.8272038119991336,0.7530364372469636,13,True
6007,1022,4686,4577,-68,6076,2,40,13,399,152,144,6076,3038,0.5026737967914439,0.5093333333333333,0.496,0.4996668887408394,0.5031635031635031,0.5057432994839354,1,2550,2386,0.7870370370370371,0.7283272283272283,0.38095238095238093,0.3609022556390977,0.7144032921810699,0.6693657219973009,13,True
6007,4937,3867,4710,-68,6076,2,40,13,399,162,165,6076,3038,0.5294117647058824,0.5173333333333333,0.496,0.5076615589606929,0.5121545121545121,0.5057432994839354,1,2498,2391,0.7709876543209877,0.7298534798534798,0.40601503759398494,0.41353383458646614,0.7614035087719297,0.7669815564552407,13,True
6007,2524,5048,4745,-68,6076,2,40,13,399,169,169,6076,3038,0.5668449197860963,0.5306666666666666,0.512,0.5123251165889408,0.5108225108225108,0.5057432994839354,1,2545,2470,0.7854938271604939,0.753968253968254,0.42355889724310775,0.42355889724310775,0.7943036603855317,0.7855750487329434,13,True
6007,4068,2712,4759,-68,6076,2,40,13,399,173,147,6076,3039,0.5454545454545454,0.536,0.5293333333333333,0.508327781479014,0.5058275058275058,0.5059097719327451,3,2542,2408,0.7845679012345679,0.7350427350427351,0.43358395989974935,0.3684210526315789,0.8131037470218756,0.6833108412055781,13,True
6007,3925,4619,4773,-68,6076,2,40,13,399,161,157,6076,3038,0.45989304812834225,0.456,0.472,0.5063291139240507,0.5094905094905094,0.5057432994839354,1,2527,2372,0.7799382716049382,0.724053724053724,0.40350877192982454,0.39348370927318294,0.7567034871128439,0.7297945718998351,13,True
6007,2333,4666,4783,-68,6076,2,40,13,399,184,147,6076,3038,0.47058823529411764,0.48533333333333334,0.5026666666666667,0.5023317788141239,0.5088245088245088,0.5057432994839354,1,2522,2354,0.778395061728395,0.7185592185592186,0.46115288220551376,0.3684210526315789,0.8648039852718216,0.6833108412055781,13,True
6007,5211,3474,4810,-68,6076,2,40,13,399,178,115,6076,3038,0.49732620320855614,0.5226666666666666,0.49733333333333335,0.5129913391072618,0.5148185148185148,0.5057432994839354,1,2517,1821,0.7768518518518519,0.5558608058608059,0.44611528822055135,0.2882205513784461,0.8366038553173056,0.5345629029839556,13,True
6007,5833,5659,4865,-68,6076,2,40,13,399,171,142,6076,3038,0.49732620320855614,0.5013333333333333,0.5093333333333333,0.5163224516988674,0.5088245088245088,0.5057432994839354,1,2480,2246,0.7654320987654321,0.6855921855921856,0.42857142857142855,0.3558897243107769,0.8037037037037037,0.6600689758584495,13,True
6007,4810,3613,4910,-68,6076,2,40,13,399,157,162,6076,3038,0.48128342245989303,0.504,0.492,0.49233844103930713,0.4995004995004995,0.5057432994839354,1,2447,2248,0.7552469135802469,0.6862026862026862,0.39348370927318294,0.40601503759398494,0.7379034004764999,0.7530364372469636,13,True
6007,2928,1952,4948,-68,6076,2,40,13,399,158,158,6076,3038,0.44919786096256686,0.48533333333333334,0.49333333333333335,0.49033977348434377,0.4875124875124875,0.5057432994839354,1,2511,2380,0.775,0.7264957264957265,0.39598997493734334,0.39598997493734334,0.7426034221355858,0.7344429449692608,13,True
6007,3489,971,4954,-68,6076,2,40,13,399,153,150,6076,3038,0.47058823529411764,0.48,0.4693333333333333,0.5003331112591606,0.5021645021645021,0.5057432994839354,1,2540,2363,0.7839506172839507,0.7213064713064713,0.38345864661654133,0.37593984962406013,0.7191033138401559,0.6972559604138551,13,True
6007,445,890,4989,-68,6076,2,40,13,399,179,161,6076,3039,0.48128342245989303,0.48533333333333334,0.47333333333333333,0.4936708860759494,0.5161505161505161,0.5059097719327451,3,2449,2409,0.7558641975308642,0.7353479853479854,0.44862155388471175,0.40350877192982454,0.8413038769763915,0.7483880641775379,13,True
6007,5926,5953,5029,-68,6076,2,40,13,399,157,141,6076,3038,0.47058823529411764,0.45866666666666667,0.488,0.5003331112591606,0.5154845154845155,0.5057432994839354,1,2462,2192,0.7598765432098765,0.6691086691086691,0.39348370927318294,0.3533834586466165,0.7379034004764999,0.6554206027890238,13,True
6007,2055,1370,5088,-68,6076,2,40,13,399,170,151,6076,3038,0.47058823529411764,0.472,0.504,0.5109926715522984,0.5028305028305028,0.5057432994839354,1,2498,2316,0.7709876543209877,0.706959706959707,0.42606516290726815,0.37844611528822053,0.7990036820446176,0.7019043334832809,13,True
6007,2963,5926,5184,-68,6076,2,40,13,399,159,159,6076,3038,0.5133689839572193,0.488,0.5066666666666667,0.5103264490339774,0.49683649683649683,0.5057432994839354,1,2438,2388,0.7524691358024691,0.7289377289377289,0.39849624060150374,0.39849624060150374,0.7473034437946718,0.7390913180386864,13,True
6007,3313,4211,5306,-68,6076,2,40,13,399,173,149,6076,3038,0.5026737967914439,0.4693333333333333,0.5,0.5283144570286475,0.5088245088245088,0.5057432994839354,1,2508,2332,0.774074074074074,0.7118437118437119,0.43358395989974935,0.37343358395989973,0.8131037470218756,0.6926075873444294,13,True
6007,4577,3147,5392,-68,6076,2,40,13,399,176,159,6076,3039,0.48128342245989303,0.4746666666666667,0.5026666666666667,0.49233844103930713,0.5008325008325009,0.5059097719327451,3,2542,2390,0.7845679012345679,0.7295482295482295,0.44110275689223055,0.39849624060150374,0.8272038119991336,0.7390913180386864,13,True
6007,5970,3980,5414,-68,6076,2,40,13,399,160,175,6076,3038,0.5187165775401069,0.5173333333333333,0.54,0.5263157894736842,0.5138195138195139,0.5057432994839354,1,2506,2539,0.7734567901234568,0.775030525030525,0.40100250626566414,0.43859649122807015,0.7520034654537577,0.8134652871494976,13,True
6007,2304,1536,5444,-68,6076,2,40,13,399,174,165,6076,3038,0.5401069518716578,0.5173333333333333,0.5173333333333333,0.5149900066622252,0.5081585081585082,0.5057432994839354,1,2544,2362,0.7851851851851852,0.721001221001221,0.43609022556390975,0.41353383458646614,0.8178037686809617,0.7669815564552407,13,True
6007,3949,1891,5451,-68,6076,2,40,13,399,177,185,6076,3038,0.45454545454545453,0.504,0.5093333333333333,0.5003331112591606,0.5061605061605061,0.5057432994839354,1,2548,2369,0.7864197530864198,0.7231379731379731,0.44360902255639095,0.46365914786967416,0.8319038336582195,0.8599490178437547,13,True
6007,2170,3449,5452,-68,6076,2,40,13,399,153,174,6076,3039,0.4919786096256685,0.5066666666666667,0.5253333333333333,0.5209860093271153,0.5104895104895105,0.5059097719327451,3,2472,2470,0.762962962962963,0.753968253968254,0.38345864661654133,0.43609022556390975,0.7191033138401559,0.808816914080072,13,True
6007,4588,3169,5490,-68,6076,2,40,13,399,157,176,6076,3038,0.48663101604278075,0.504,0.49066666666666664,0.5149900066622252,0.5064935064935064,0.5057432994839354,1,2526,2424,0.7796296296296297,0.73992673992674,0.39348370927318294,0.44110275689223055,0.7379034004764999,0.8181136602189233,13,True
6007,4705,3403,5496,-68,6076,2,40,13,399,201,177,6076,3039,0.4919786096256685,0.496,0.49466666666666664,0.5089940039973351,0.5024975024975025,0.5059097719327451,3,2583,2448,0.7972222222222223,0.7472527472527473,0.5037593984962406,0.44360902255639095,0.9447043534762833,0.822762033288349,13,True
6007,569,1138,5520,-68,6076,2,40,13,399,155,159,6076,3038,0.4919786096256685,0.5226666666666666,0.5013333333333333,0.5003331112591606,0.5054945054945055,0.5057432994839354,1,2568,2348,0.7925925925925926,0.7167277167277167,0.38847117794486213,0.39849624060150374,0.7285033571583279,0.7390913180386864,13,True
6007,5792,1859,5606,-68,6076,2,40,13,399,161,145,6076,3038,0.5668449197860963,0.5466666666666666,0.5293333333333333,0.5296469020652899,0.5158175158175158,0.5057432994839354,1,2486,2388,0.7672839506172839,0.7289377289377289,0.40350877192982454,0.3634085213032581,0.7567034871128439,0.6740140950667266,13,True
6007,2651,5772,5610,-68,6076,2,40,13,399,176,158,6076,3038,0.5240641711229946,0.5173333333333333,0.5213333333333333,0.513657561625583,0.5071595071595072,0.5057432994839354,1,2460,2299,0.7592592592592593,0.7017704517704517,0.44110275689223055,0.39598997493734334,0.8272038119991336,0.7344429449692608,13,True
6007,1460,4978,5621,-68,6076,2,40,13,399,164,165,6076,3038,0.5026737967914439,0.536,0.5173333333333333,0.5236508994003998,0.5108225108225108,0.5057432994839354,1,2499,2398,0.7712962962962963,0.7319902319902319,0.41102756892230574,0.41353383458646614,0.7708035520901018,0.7669815564552407,13,True
6007,1997,5336,5666,-68,6076,2,40,13,399,173,173,6076,3039,0.48128342245989303,0.4746666666666667,0.496,0.5129913391072618,0.5111555111555112,0.5059097719327451,3,2556,2204,0.7888888888888889,0.6727716727716728,0.43358395989974935,0.43358395989974935,0.8131037470218756,0.8041685410106462,13,True
6007,4341,2675,5810,-68,6076,2,40,13,399,164,131,6076,3038,0.5240641711229946,0.49866666666666665,0.5013333333333333,0.49700199866755496,0.49783549783549785,0.5057432994839354,1,2524,2176,0.7790123456790123,0.6642246642246642,0.41102756892230574,0.3283208020050125,0.7708035520901018,0.6089368720947668,13,True
6007,2330,4660,5842,-68,6076,2,40,13,399,163,172,6076,3038,0.5721925133689839,0.5173333333333333,0.508,0.5023317788141239,0.5048285048285048,0.5057432994839354,1,2557,2420,0.7891975308641975,0.7387057387057387,0.40852130325814534,0.43107769423558895,0.7661035304310158,0.7995201679412205,13,True
6007,460,920,5863,-68,6076,2,40,13,399,162,135,6076,3038,0.5133689839572193,0.472,0.49333333333333335,0.5076615589606929,0.4988344988344988,0.5057432994839354,1,2510,2234,0.7746913580246914,0.681929181929182,0.40601503759398494,0.3383458646616541,0.7614035087719297,0.6275303643724696,13,True
6007,273,182,5888,-68,6076,2,40,13,399,169,166,6076,3038,0.45454545454545453,0.4666666666666667,0.47733333333333333,0.4876748834110593,0.5041625041625042,0.5057432994839354,1,2514,2393,0.7759259259259259,0.7304639804639804,0.42355889724310775,0.41604010025062654,0.7943036603855317,0.7716299295246662,13,True
6007,907,1814,6000,-68,6076,2,40,13,399,161,179,6076,3038,0.5347593582887701,0.5306666666666666,0.5053333333333333,0.508327781479014,0.5048285048285048,0.5057432994839354,1,2450,2550,0.7561728395061729,0.7783882783882784,0.40350877192982454,0.44862155388471175,0.7567034871128439,0.8320587794272004,13,True
