bits,delta,log_convention,C,m,k_half_split_primes_over_2,k_full_split_primes_no_half,c,ratio_half,ratio_full,sign_log_kc_half_PRIMARY,sign_log_kc_full_ALT,degree_convention_flip,log_convention_flip_bits_vs_natural,r_half_walk_length,rho_sqrt_n,phi_l_storage_coeffs_order,phi_l_full_set_storage_coeffs_order,cost__phi_l_O(l^3)_JMV_Sec4.1__typical_l_theta_m,cost_over_rho__phi_l_O(l^3)_JMV_Sec4.1__typical_l_theta_m,cheaper_than_rho__phi_l_O(l^3)_JMV_Sec4.1__typical_l_theta_m,cost__phi_l_O(l^3)_JMV_Sec4.1__best_case_l_2,cost_over_rho__phi_l_O(l^3)_JMV_Sec4.1__best_case_l_2,cheaper_than_rho__phi_l_O(l^3)_JMV_Sec4.1__best_case_l_2,cost__velu_O(l)_classical__typical_l_theta_m,cost_over_rho__velu_O(l)_classical__typical_l_theta_m,cheaper_than_rho__velu_O(l)_classical__typical_l_theta_m,cost__velu_O(l)_classical__best_case_l_2,cost_over_rho__velu_O(l)_classical__best_case_l_2,cheaper_than_rho__velu_O(l)_classical__best_case_l_2,cost__sqrt_velu_O(sqrt_l)_BDLS2020__typical_l_theta_m,cost_over_rho__sqrt_velu_O(sqrt_l)_BDLS2020__typical_l_theta_m,cheaper_than_rho__sqrt_velu_O(sqrt_l)_BDLS2020__typical_l_theta_m,cost__sqrt_velu_O(sqrt_l)_BDLS2020__best_case_l_2,cost_over_rho__sqrt_velu_O(sqrt_l)_BDLS2020__best_case_l_2,cheaper_than_rho__sqrt_velu_O(sqrt_l)_BDLS2020__best_case_l_2
64,0.25,bits,0.5,11585.2375029603946397834340287,707.906725168694351178793116027,1415.81345033738870235758623205,2965.61701506548091293443930084,0.23870470177790767409143444149,0.47740940355581534818286888298,negative,negative,False,False,,4294967296.0,134217728.0,95013632288.0625725416517338152,NA_ratio_not_positive,NA,NA,NA_ratio_not_positive,NA,NA,NA_ratio_not_positive,NA,NA,NA_ratio_not_positive,NA,NA,NA_ratio_not_positive,NA,NA,NA_ratio_not_positive,NA,NA
64,0.25,bits,1.0,11585.2375029603946397834340287,707.906725168694351178793116027,1415.81345033738870235758623205,5931.23403013096182586887860167,0.119352350888953837045717220745,0.23870470177790767409143444149,negative,negative,False,False,,4294967296.0,134217728.0,95013632288.0625725416517338152,NA_ratio_not_positive,NA,NA,NA_ratio_not_positive,NA,NA,NA_ratio_not_positive,NA,NA,NA_ratio_not_positive,NA,NA,NA_ratio_not_positive,NA,NA,NA_ratio_not_positive,NA,NA
64,0.25,bits,2.0,11585.2375029603946397834340287,707.906725168694351178793116027,1415.81345033738870235758623205,11862.4680602619236517377572033,0.0596761754444769185228586103726,0.119352350888953837045717220745,negative,negative,False,False,,4294967296.0,134217728.0,95013632288.0625725416517338152,NA_ratio_not_positive,NA,NA,NA_ratio_not_positive,NA,NA,NA_ratio_not_positive,NA,NA,NA_ratio_not_positive,NA,NA,NA_ratio_not_positive,NA,NA,NA_ratio_not_positive,NA,NA
64,0.25,bits,4.0,11585.2375029603946397834340287,707.906725168694351178793116027,1415.81345033738870235758623205,23724.9361205238473034755144067,0.0298380877222384592614293051863,0.0596761754444769185228586103726,negative,negative,False,False,,4294967296.0,134217728.0,95013632288.0625725416517338152,NA_ratio_not_positive,NA,NA,NA_ratio_not_positive,NA,NA,NA_ratio_not_positive,NA,NA,NA_ratio_not_positive,NA,NA,NA_ratio_not_positive,NA,NA,NA_ratio_not_positive,NA,NA
64,0.25,bits,8.0,11585.2375029603946397834340287,707.906725168694351178793116027,1415.81345033738870235758623205,47449.8722410476946069510288134,0.0149190438611192296307146525931,0.0298380877222384592614293051863,negative,negative,False,False,,4294967296.0,134217728.0,95013632288.0625725416517338152,NA_ratio_not_positive,NA,NA,NA_ratio_not_positive,NA,NA,NA_ratio_not_positive,NA,NA,NA_ratio_not_positive,NA,NA,NA_ratio_not_positive,NA,NA,NA_ratio_not_positive,NA,NA
64,0.25,natural,0.5,5078.81307312675304972828859778,346.240289063919598925225991022,692.480578127839197850451982043,1934.1730714445700791292962627,0.179012051287284309998203032794,0.358024102574568619996406065589,negative,negative,False,False,,4294967296.0,25794342.2317632134210213687922,8931040510.53936400445744069299,NA_ratio_not_positive,NA,NA,NA_ratio_not_positive,NA,NA,NA_ratio_not_positive,NA,NA,NA_ratio_not_positive,NA,NA,NA_ratio_not_positive,NA,NA,NA_ratio_not_positive,NA,NA
64,0.25,natural,1.0,5078.81307312675304972828859778,346.240289063919598925225991022,692.480578127839197850451982043,3868.34614288914015825859252539,0.0895060256436421549991015163972,0.179012051287284309998203032794,negative,negative,False,False,,4294967296.0,25794342.2317632134210213687922,8931040510.53936400445744069299,NA_ratio_not_positive,NA,NA,NA_ratio_not_positive,NA,NA,NA_ratio_not_positive,NA,NA,NA_ratio_not_positive,NA,NA,NA_ratio_not_positive,NA,NA,NA_ratio_not_positive,NA,NA
64,0.25,natural,2.0,5078.81307312675304972828859778,346.240289063919598925225991022,692.480578127839197850451982043,7736.69228577828031651718505078,0.0447530128218210774995507581986,0.0895060256436421549991015163972,negative,negative,False,False,,4294967296.0,25794342.2317632134210213687922,8931040510.53936400445744069299,NA_ratio_not_positive,NA,NA,NA_ratio_not_positive,NA,NA,NA_ratio_not_positive,NA,NA,NA_ratio_not_positive,NA,NA,NA_ratio_not_positive,NA,NA,NA_ratio_not_positive,NA,NA
64,0.25,natural,4.0,5078.81307312675304972828859778,346.240289063919598925225991022,692.480578127839197850451982043,15473.3845715565606330343701016,0.0223765064109105387497753790993,0.0447530128218210774995507581986,negative,negative,False,False,,4294967296.0,25794342.2317632134210213687922,8931040510.53936400445744069299,NA_ratio_not_positive,NA,NA,NA_ratio_not_positive,NA,NA,NA_ratio_not_positive,NA,NA,NA_ratio_not_positive,NA,NA,NA_ratio_not_positive,NA,NA,NA_ratio_not_positive,NA,NA
64,0.25,natural,8.0,5078.81307312675304972828859778,346.240289063919598925225991022,692.480578127839197850451982043,30946.7691431131212660687402031,0.0111882532054552693748876895496,0.0223765064109105387497753790993,negative,negative,False,False,,4294967296.0,25794342.2317632134210213687922,8931040510.53936400445744069299,NA_ratio_not_positive,NA,NA,NA_ratio_not_positive,NA,NA,NA_ratio_not_positive,NA,NA,NA_ratio_not_positive,NA,NA,NA_ratio_not_positive,NA,NA,NA_ratio_not_positive,NA,NA
64,0.5,bits,0.5,32768.0,1771.59943434977890235352729485,3543.1988686995578047070545897,5081.65821574094864184486653533,0.348626247405240881165232329169,0.697252494810481762330464658338,negative,negative,False,False,,4294967296.0,1073741824.0,1902240408036.09985260979429041,NA_ratio_not_positive,NA,NA,NA_ratio_not_positive,NA,NA,NA_ratio_not_positive,NA,NA,NA_ratio_not_positive,NA,NA,NA_ratio_not_positive,NA,NA,NA_ratio_not_positive,NA,NA
64,0.5,bits,1.0,32768.0,1771.59943434977890235352729485,3543.1988686995578047070545897,10163.3164314818972836897330707,0.174313123702620440582616164585,0.348626247405240881165232329169,negative,negative,False,False,,4294967296.0,1073741824.0,1902240408036.09985260979429041,NA_ratio_not_positive,NA,NA,NA_ratio_not_positive,NA,NA,NA_ratio_not_positive,NA,NA,NA_ratio_not_positive,NA,NA,NA_ratio_not_positive,NA,NA,NA_ratio_not_positive,NA,NA
64,0.5,bits,2.0,32768.0,1771.59943434977890235352729485,3543.1988686995578047070545897,20326.6328629637945673794661413,0.0871565618513102202913080822923,0.174313123702620440582616164585,negative,negative,False,False,,4294967296.0,1073741824.0,1902240408036.09985260979429041,NA_ratio_not_positive,NA,NA,NA_ratio_not_positive,NA,NA,NA_ratio_not_positive,NA,NA,NA_ratio_not_positive,NA,NA,NA_ratio_not_positive,NA,NA,NA_ratio_not_positive,NA,NA
64,0.5,bits,4.0,32768.0,1771.59943434977890235352729485,3543.1988686995578047070545897,40653.2657259275891347589322826,0.0435782809256551101456540411461,0.0871565618513102202913080822923,negative,negative,False,False,,4294967296.0,1073741824.0,1902240408036.09985260979429041,NA_ratio_not_positive,NA,NA,NA_ratio_not_positive,NA,NA,NA_ratio_not_positive,NA,NA,NA_ratio_not_positive,NA,NA,NA_ratio_not_positive,NA,NA,NA_ratio_not_positive,NA,NA
64,0.5,bits,8.0,32768.0,1771.59943434977890235352729485,3543.1988686995578047070545897,81306.5314518551782695178645652,0.0217891404628275550728270205731,0.0435782809256551101456540411461,negative,negative,False,False,,4294967296.0,1073741824.0,1902240408036.09985260979429041,NA_ratio_not_positive,NA,NA,NA_ratio_not_positive,NA,NA,NA_ratio_not_positive,NA,NA,NA_ratio_not_positive,NA,NA,NA_ratio_not_positive,NA,NA,NA_ratio_not_positive,NA,NA
64,0.5,natural,0.5,13107.3104996667272482449489454,788.693238805468401688742837313,1577.38647761093680337748567463,3161.48511722196165134658821064,0.249469223976136719157880398961,0.498938447952273438315760797922,negative,negative,False,False,,4294967296.0,171801588.534673631123225322495,135498751293.336172328404772862,NA_ratio_not_positive,NA,NA,NA_ratio_not_positive,NA,NA,NA_ratio_not_positive,NA,NA,NA_ratio_not_positive,NA,NA,NA_ratio_not_positive,NA,NA,NA_ratio_not_positive,NA,NA
64,0.5,natural,1.0,13107.3104996667272482449489454,788.693238805468401688742837313,1577.38647761093680337748567463,6322.97023444392330269317642127,0.12473461198806835957894019948,0.249469223976136719157880398961,negative,negative,False,False,,4294967296.0,171801588.534673631123225322495,135498751293.336172328404772862,NA_ratio_not_positive,NA,NA,NA_ratio_not_positive,NA,NA,NA_ratio_not_positive,NA,NA,NA_ratio_not_positive,NA,NA,NA_ratio_not_positive,NA,NA,NA_ratio_not_positive,NA,NA
64,0.5,natural,2.0,13107.3104996667272482449489454,788.693238805468401688742837313,1577.38647761093680337748567463,12645.9404688878466053863528425,0.0623673059940341797894700997402,0.12473461198806835957894019948,negative,negative,False,False,,4294967296.0,171801588.534673631123225322495,135498751293.336172328404772862,NA_ratio_not_positive,NA,NA,NA_ratio_not_positive,NA,NA,NA_ratio_not_positive,NA,NA,NA_ratio_not_positive,NA,NA,NA_ratio_not_positive,NA,NA,NA_ratio_not_positive,NA,NA
64,0.5,natural,4.0,13107.3104996667272482449489454,788.693238805468401688742837313,1577.38647761093680337748567463,25291.8809377756932107727056851,0.0311836529970170898947350498701,0.0623673059940341797894700997402,negative,negative,False,False,,4294967296.0,171801588.534673631123225322495,135498751293.336172328404772862,NA_ratio_not_positive,NA,NA,NA_ratio_not_positive,NA,NA,NA_ratio_not_positive,NA,NA,NA_ratio_not_positive,NA,NA,NA_ratio_not_positive,NA,NA,NA_ratio_not_positive,NA,NA
64,0.5,natural,8.0,13107.3104996667272482449489454,788.693238805468401688742837313,1577.38647761093680337748567463,50583.7618755513864215454113702,0.015591826498508544947367524935,0.0311836529970170898947350498701,negative,negative,False,False,,4294967296.0,171801588.534673631123225322495,135498751293.336172328404772862,NA_ratio_not_positive,NA,NA,NA_ratio_not_positive,NA,NA,NA_ratio_not_positive,NA,NA,NA_ratio_not_positive,NA,NA,NA_ratio_not_positive,NA,NA,NA_ratio_not_positive,NA,NA
64,1.0,bits,0.5,262144.0,11534.0739765578253329904819934,23068.1479531156506659809639867,14905.4369707610639337081595398,0.773816560975931016742652398449,1.5476331219518620334853047969,negative,positive,True,False,,4294967296.0,68719476736.0,792615528303368.487329190880653,NA_ratio_not_positive,NA,NA,NA_ratio_not_positive,NA,NA,NA_ratio_not_positive,NA,NA,NA_ratio_not_positive,NA,NA,NA_ratio_not_positive,NA,NA,NA_ratio_not_positive,NA,NA
64,1.0,bits,1.0,262144.0,11534.0739765578253329904819934,23068.1479531156506659809639867,29810.8739415221278674163190797,0.386908280487965508371326199224,0.773816560975931016742652398449,negative,negative,False,False,,4294967296.0,68719476736.0,792615528303368.487329190880653,NA_ratio_not_positive,NA,NA,NA_ratio_not_positive,NA,NA,NA_ratio_not_positive,NA,NA,NA_ratio_not_positive,NA,NA,NA_ratio_not_positive,NA,NA,NA_ratio_not_positive,NA,NA
64,1.0,bits,2.0,262144.0,11534.0739765578253329904819934,23068.1479531156506659809639867,59621.7478830442557348326381593,0.193454140243982754185663099612,0.386908280487965508371326199224,negative,negative,False,False,,4294967296.0,68719476736.0,792615528303368.487329190880653,NA_ratio_not_positive,NA,NA,NA_ratio_not_positive,NA,NA,NA_ratio_not_positive,NA,NA,NA_ratio_not_positive,NA,NA,NA_ratio_not_positive,NA,NA,NA_ratio_not_positive,NA,NA
64,1.0,bits,4.0,262144.0,11534.0739765578253329904819934,23068.1479531156506659809639867,119243.495766088511469665276319,0.0967270701219913770928315498061,0.193454140243982754185663099612,negative,negative,False,False,,4294967296.0,68719476736.0,792615528303368.487329190880653,NA_ratio_not_positive,NA,NA,NA_ratio_not_positive,NA,NA,NA_ratio_not_positive,NA,NA,NA_ratio_not_positive,NA,NA,NA_ratio_not_positive,NA,NA,NA_ratio_not_positive,NA,NA
64,1.0,bits,8.0,262144.0,11534.0739765578253329904819934,23068.1479531156506659809639867,238486.991532177022939330552637,0.048363535060995688546415774903,0.0967270701219913770928315498061,negative,negative,False,False,,4294967296.0,68719476736.0,792615528303368.487329190880653,NA_ratio_not_positive,NA,NA,NA_ratio_not_positive,NA,NA,NA_ratio_not_positive,NA,NA,NA_ratio_not_positive,NA,NA,NA_ratio_not_positive,NA,NA,NA_ratio_not_positive,NA,NA
64,1.0,natural,0.5,87300.4143709859295314191535602,4259.64143558861233465159040178,8519.28287117722466930318080357,8439.23411621946126455517836322,0.50474265518975926858487776448,1.00948531037951853716975552896,negative,positive,True,False,,4294967296.0,7621362349.34584661016599613696,32464270858908.5412514915580748,NA_ratio_not_positive,NA,NA,NA_ratio_not_positive,NA,NA,NA_ratio_not_positive,NA,NA,NA_ratio_not_positive,NA,NA,NA_ratio_not_positive,NA,NA,NA_ratio_not_positive,NA,NA
64,1.0,natural,1.0,87300.4143709859295314191535602,4259.64143558861233465159040178,8519.28287117722466930318080357,16878.4682324389225291103567264,0.25237132759487963429243888224,0.50474265518975926858487776448,negative,negative,False,False,,4294967296.0,7621362349.34584661016599613696,32464270858908.5412514915580748,NA_ratio_not_positive,NA,NA,NA_ratio_not_positive,NA,NA,NA_ratio_not_positive,NA,NA,NA_ratio_not_positive,NA,NA,NA_ratio_not_positive,NA,NA,NA_ratio_not_positive,NA,NA
64,1.0,natural,2.0,87300.4143709859295314191535602,4259.64143558861233465159040178,8519.28287117722466930318080357,33756.9364648778450582207134529,0.12618566379743981714621944112,0.25237132759487963429243888224,negative,negative,False,False,,4294967296.0,7621362349.34584661016599613696,32464270858908.5412514915580748,NA_ratio_not_positive,NA,NA,NA_ratio_not_positive,NA,NA,NA_ratio_not_positive,NA,NA,NA_ratio_not_positive,NA,NA,NA_ratio_not_positive,NA,NA,NA_ratio_not_positive,NA,NA
64,1.0,natural,4.0,87300.4143709859295314191535602,4259.64143558861233465159040178,8519.28287117722466930318080357,67513.8729297556901164414269058,0.06309283189871990857310972056,0.12618566379743981714621944112,negative,negative,False,False,,4294967296.0,7621362349.34584661016599613696,32464270858908.5412514915580748,NA_ratio_not_positive,NA,NA,NA_ratio_not_positive,NA,NA,NA_ratio_not_positive,NA,NA,NA_ratio_not_positive,NA,NA,NA_ratio_not_positive,NA,NA,NA_ratio_not_positive,NA,NA
64,1.0,natural,8.0,87300.4143709859295314191535602,4259.64143558861233465159040178,8519.28287117722466930318080357,135027.745859511380232882853812,0.03154641594935995428655486028,0.06309283189871990857310972056,negative,negative,False,False,,4294967296.0,7621362349.34584661016599613696,32464270858908.5412514915580748,NA_ratio_not_positive,NA,NA,NA_ratio_not_positive,NA,NA,NA_ratio_not_positive,NA,NA,NA_ratio_not_positive,NA,NA,NA_ratio_not_positive,NA,NA,NA_ratio_not_positive,NA,NA
64,2.0,bits,0.5,16777216.0,539110.327553035704409938548327,1078220.65510607140881987709665,127760.888320809119431784224627,4.21968205323778917870874661475,8.4393641064755783574174932295,positive,positive,False,False,8.42506910409088415553593692172,4294967296.0,281474976710656.0,151746066892464852563.460688605,39786263953019381439278.4674849,9263461444764.25401849636516647,False,67.4005528327270732442874953738,0.0000000156929140986704903757869022372,True,141349204.174259247108404009498,0.0329104261878550162325622536005,True,16.8501382081817683110718738434,0.00000000392322852466762259394672555929,True,34509.0830503562615010751976314,0.00000803477201851929107240289394543,True,11.9148469909358696218782276949,0.00000000277414149393697027626406114895,True
64,2.0,bits,1.0,16777216.0,539110.327553035704409938548327,1078220.65510607140881987709665,255521.776641618238863568449254,2.10984102661889458935437330737,4.21968205323778917870874661475,positive,positive,False,False,16.2468134482494301345336601453,4294967296.0,281474976710656.0,151746066892464852563.460688605,76723407281448913996004.4296774,17863560300657.738464885491337,False,129.974507585995441076269281162,0.0000000302620482598420793833838033402,True,272576298.532985511243980275528,0.0634641150322243364630221099425,True,32.4936268964988602690673202906,0.00000000756551206496051984584595083505,True,66546.9478840296658310498719551,0.0000154941687090391446442925073102,True,22.9764639238599349113755405208,0.00000000534962488428222362682585150953,True
64,2.0,bits,2.0,16777216.0,539110.327553035704409938548327,1078220.65510607140881987709665,511043.553283236477727136898509,1.05492051330944729467718665369,2.10984102661889458935437330737,positive,positive,False,True,226.877023973167399554541848447,4294967296.0,281474976710656.0,151746066892464852563.460688605,1071396453744098713027327.83413,249453925933711.862430751285079,False,1815.01619178533919643633478757,0.000000422591388175575806860889957187,True,3806364836.63500766648485237243,0.886238374895185154509929095494,True,453.754047946334799109083696893,0.000000105647847043893951715222489297,True,929288.290194093668575403411237,0.00021636679074589481311277565808,True,320.85256429369915487755663432,0.0000000747043090624965622270378829725,True
64,2.0,bits,4.0,16777216.0,539110.327553035704409938548327,1078220.65510607140881987709665,1022087.10656647295545427379702,0.527460256654723647338593326844,1.05492051330944729467718665369,negative,positive,True,False,,4294967296.0,281474976710656.0,151746066892464852563.460688605,NA_ratio_not_positive,NA,NA,NA_ratio_not_positive,NA,NA,NA_ratio_not_positive,NA,NA,NA_ratio_not_positive,NA,NA,NA_ratio_not_positive,NA,NA,NA_ratio_not_positive,NA,NA
64,2.0,bits,8.0,16777216.0,539110.327553035704409938548327,1078220.65510607140881987709665,2044174.21313294591090854759403,0.263730128327361823669296663422,0.527460256654723647338593326844,negative,negative,False,False,,4294967296.0,281474976710656.0,151746066892464852563.460688605,NA_ratio_not_positive,NA,NA,NA_ratio_not_positive,NA,NA,NA_ratio_not_positive,NA,NA,NA_ratio_not_positive,NA,NA,NA_ratio_not_positive,NA,NA,NA_ratio_not_positive,NA,NA
64,2.0,natural,0.5,3872770.3093096850183421569105,137486.483095530358800479611279,274972.966191060717600959222558,59940.5562463640802866747567154,2.29371383426009027313944393523,4.58742766852018054627888787046,positive,positive,False,False,14.6115163830399866810287050396,4294967296.0,14998349868670.6333694511561826,2062070375679835011.71751096639,848712326274641792456.552504185,197606237203.497856961691869466,False,116.892131064319893448229640317,0.0000000272160701137780895103303809457,True,56587046.8222292992971318869276,0.0131751985340913057553423305339,True,29.2230327660799733620574100793,0.00000000680401752844452237758259523644,True,28754.5224566650423698806210062,0.00000669493397154497037871755217346,True,20.6638046357318203706071409229,0.0000000048111669336752547814061727661,True
64,2.0,natural,1.0,3872770.3093096850183421569105,137486.483095530358800479611279,274972.966191060717600959222558,119881.112492728160573349513431,1.14685691713004513656972196762,2.29371383426009027313944393523,positive,positive,False,False,88.524489182428888060461231246,4294967296.0,14998349868670.6333694511561826,2062070375679835011.71751096639,5141959477491418038213.73205567,1197205734786.44202421739046827,False,708.195913459431104483689849968,0.000000164889710363799497597778646734,True,342835013.35251699024062941442,0.0798224968259495194630300194072,True,177.048978364857776120922462492,0.0000000412224275909498743994446616834,True,174210.488865862361137651859018,0.0000405615402538940219994755133563,True,125.192533203941274207347020745,0.00000002914865808653209223583038448,True
64,2.0,natural,2.0,3872770.3093096850183421569105,137486.483095530358800479611279,274972.966191060717600959222558,239762.224985456321146699026862,0.573428458565022568284860983808,1.14685691713004513656972196762,negative,positive,True,True,,4294967296.0,14998349868670.6333694511561826,2062070375679835011.71751096639,NA_ratio_not_positive,NA,NA,NA_ratio_not_positive,NA,NA,NA_ratio_not_positive,NA,NA,NA_ratio_not_positive,NA,NA,NA_ratio_not_positive,NA,NA,NA_ratio_not_positive,NA,NA
64,2.0,natural,4.0,3872770.3093096850183421569105,137486.483095530358800479611279,274972.966191060717600959222558,479524.449970912642293398053723,0.286714229282511284142430491904,0.573428458565022568284860983808,negative,negative,False,False,,4294967296.0,14998349868670.6333694511561826,2062070375679835011.71751096639,NA_ratio_not_positive,NA,NA,NA_ratio_not_positive,NA,NA,NA_ratio_not_positive,NA,NA,NA_ratio_not_positive,NA,NA,NA_ratio_not_positive,NA,NA,NA_ratio_not_positive,NA,NA
64,2.0,natural,8.0,3872770.3093096850183421569105,137486.483095530358800479611279,274972.966191060717600959222558,959048.899941825284586796107446,0.143357114641255642071215245952,0.286714229282511284142430491904,negative,negative,False,False,,4294967296.0,14998349868670.6333694511561826,2062070375679835011.71751096639,NA_ratio_not_positive,NA,NA,NA_ratio_not_positive,NA,NA,NA_ratio_not_positive,NA,NA,NA_ratio_not_positive,NA,NA,NA_ratio_not_positive,NA,NA,NA_ratio_not_positive,NA,NA
96,0.25,bits,0.5,28847.6389799108318192852367205,1581.92995176563797571485818242,3163.85990353127595142971636484,6640.8234965690491174806734575,0.23821291931383732777451071975,0.4764258386276746555490214395,negative,negative,False,False,,281474976710656.0,832186274.715270857428482172078,1316460393420.35438123425563711,NA_ratio_not_positive,NA,NA,NA_ratio_not_positive,NA,NA,NA_ratio_not_positive,NA,NA,NA_ratio_not_positive,NA,NA,NA_ratio_not_positive,NA,NA,NA_ratio_not_positive,NA,NA
96,0.25,bits,1.0,28847.6389799108318192852367205,1581.92995176563797571485818242,3163.85990353127595142971636484,13281.646993138098234961346915,0.119106459656918663887255359875,0.23821291931383732777451071975,negative,negative,False,False,,281474976710656.0,832186274.715270857428482172078,1316460393420.35438123425563711,NA_ratio_not_positive,NA,NA,NA_ratio_not_positive,NA,NA,NA_ratio_not_positive,NA,NA,NA_ratio_not_positive,NA,NA,NA_ratio_not_positive,NA,NA,NA_ratio_not_positive,NA,NA
96,0.25,bits,2.0,28847.6389799108318192852367205,1581.92995176563797571485818242,3163.85990353127595142971636484,26563.29398627619646992269383,0.0595532298284593319436276799375,0.119106459656918663887255359875,negative,negative,False,False,,281474976710656.0,832186274.715270857428482172078,1316460393420.35438123425563711,NA_ratio_not_positive,NA,NA,NA_ratio_not_positive,NA,NA,NA_ratio_not_positive,NA,NA,NA_ratio_not_positive,NA,NA,NA_ratio_not_positive,NA,NA,NA_ratio_not_positive,NA,NA
96,0.25,bits,4.0,28847.6389799108318192852367205,1581.92995176563797571485818242,3163.85990353127595142971636484,53126.58797255239293984538766,0.0297766149142296659718138399687,0.0595532298284593319436276799375,negative,negative,False,False,,281474976710656.0,832186274.715270857428482172078,1316460393420.35438123425563711,NA_ratio_not_positive,NA,NA,NA_ratio_not_positive,NA,NA,NA_ratio_not_positive,NA,NA,NA_ratio_not_positive,NA,NA,NA_ratio_not_positive,NA,NA,NA_ratio_not_positive,NA,NA
96,0.25,bits,8.0,28847.6389799108318192852367205,1581.92995176563797571485818242,3163.85990353127595142971636484,106253.17594510478587969077532,0.0148883074571148329859069199844,0.0297766149142296659718138399687,negative,negative,False,False,,281474976710656.0,832186274.715270857428482172078,1316460393420.35438123425563711,NA_ratio_not_positive,NA,NA,NA_ratio_not_positive,NA,NA,NA_ratio_not_positive,NA,NA,NA_ratio_not_positive,NA,NA,NA_ratio_not_positive,NA,NA,NA_ratio_not_positive,NA,NA
96,0.25,natural,0.5,12646.418853525760922020007293,764.341254153689378739774859092,1528.68250830737875747954971818,4350.57165150926741801997779312,0.175687545311092598796720030186,0.351375090622185197593440060372,negative,negative,False,False,,281474976710656.0,159931909.818811821282085390695,122242556530.105376129491922821,NA_ratio_not_positive,NA,NA,NA_ratio_not_positive,NA,NA,NA_ratio_not_positive,NA,NA,NA_ratio_not_positive,NA,NA,NA_ratio_not_positive,NA,NA,NA_ratio_not_positive,NA,NA
96,0.25,natural,1.0,12646.418853525760922020007293,764.341254153689378739774859092,1528.68250830737875747954971818,8701.14330301853483603995558624,0.087843772655546299398360015093,0.175687545311092598796720030186,negative,negative,False,False,,281474976710656.0,159931909.818811821282085390695,122242556530.105376129491922821,NA_ratio_not_positive,NA,NA,NA_ratio_not_positive,NA,NA,NA_ratio_not_positive,NA,NA,NA_ratio_not_positive,NA,NA,NA_ratio_not_positive,NA,NA,NA_ratio_not_positive,NA,NA
96,0.25,natural,2.0,12646.418853525760922020007293,764.341254153689378739774859092,1528.68250830737875747954971818,17402.2866060370696720799111725,0.0439218863277731496991800075465,0.087843772655546299398360015093,negative,negative,False,False,,281474976710656.0,159931909.818811821282085390695,122242556530.105376129491922821,NA_ratio_not_positive,NA,NA,NA_ratio_not_positive,NA,NA,NA_ratio_not_positive,NA,NA,NA_ratio_not_positive,NA,NA,NA_ratio_not_positive,NA,NA,NA_ratio_not_positive,NA,NA
96,0.25,natural,4.0,12646.418853525760922020007293,764.341254153689378739774859092,1528.68250830737875747954971818,34804.5732120741393441598223449,0.0219609431638865748495900037732,0.0439218863277731496991800075465,negative,negative,False,False,,281474976710656.0,159931909.818811821282085390695,122242556530.105376129491922821,NA_ratio_not_positive,NA,NA,NA_ratio_not_positive,NA,NA,NA_ratio_not_positive,NA,NA,NA_ratio_not_positive,NA,NA,NA_ratio_not_positive,NA,NA,NA_ratio_not_positive,NA,NA
96,0.25,natural,8.0,12646.418853525760922020007293,764.341254153689378739774859092,1528.68250830737875747954971818,69609.1464241482786883196446899,0.0109804715819432874247950018866,0.0219609431638865748495900037732,negative,negative,False,False,,281474976710656.0,159931909.818811821282085390695,122242556530.105376129491922821,NA_ratio_not_positive,NA,NA,NA_ratio_not_positive,NA,NA,NA_ratio_not_positive,NA,NA,NA_ratio_not_positive,NA,NA,NA_ratio_not_positive,NA,NA,NA_ratio_not_positive,NA,NA
96,0.5,bits,0.5,90297.98987795907741194468013,4391.18238770954036686885884118,8782.36477541908073373771768235,11920.5797668715984379952021926,0.368369867371136197291536728852,0.736739734742272394583073457705,negative,negative,False,False,,281474976710656.0,8153726976.0,35804502291203.3701418995509876,NA_ratio_not_positive,NA,NA,NA_ratio_not_positive,NA,NA,NA_ratio_not_positive,NA,NA,NA_ratio_not_positive,NA,NA,NA_ratio_not_positive,NA,NA,NA_ratio_not_positive,NA,NA
96,0.5,bits,1.0,90297.98987795907741194468013,4391.18238770954036686885884118,8782.36477541908073373771768235,23841.1595337431968759904043852,0.184184933685568098645768364426,0.368369867371136197291536728852,negative,negative,False,False,,281474976710656.0,8153726976.0,35804502291203.3701418995509876,NA_ratio_not_positive,NA,NA,NA_ratio_not_positive,NA,NA,NA_ratio_not_positive,NA,NA,NA_ratio_not_positive,NA,NA,NA_ratio_not_positive,NA,NA,NA_ratio_not_positive,NA,NA
96,0.5,bits,2.0,90297.98987795907741194468013,4391.18238770954036686885884118,8782.36477541908073373771768235,47682.3190674863937519808087704,0.0920924668427840493228841822131,0.184184933685568098645768364426,negative,negative,False,False,,281474976710656.0,8153726976.0,35804502291203.3701418995509876,NA_ratio_not_positive,NA,NA,NA_ratio_not_positive,NA,NA,NA_ratio_not_positive,NA,NA,NA_ratio_not_positive,NA,NA,NA_ratio_not_positive,NA,NA,NA_ratio_not_positive,NA,NA
96,0.5,bits,4.0,90297.98987795907741194468013,4391.18238770954036686885884118,8782.36477541908073373771768235,95364.6381349727875039616175409,0.0460462334213920246614420911065,0.0920924668427840493228841822131,negative,negative,False,False,,281474976710656.0,8153726976.0,35804502291203.3701418995509876,NA_ratio_not_positive,NA,NA,NA_ratio_not_positive,NA,NA,NA_ratio_not_positive,NA,NA,NA_ratio_not_positive,NA,NA,NA_ratio_not_positive,NA,NA,NA_ratio_not_positive,NA,NA
96,0.5,bits,8.0,90297.98987795907741194468013,4391.18238770954036686885884118,8782.36477541908073373771768235,190729.276269945575007923235082,0.0230231167106960123307210455533,0.0460462334213920246614420911065,negative,negative,False,False,,281474976710656.0,8153726976.0,35804502291203.3701418995509876,NA_ratio_not_positive,NA,NA,NA_ratio_not_positive,NA,NA,NA_ratio_not_positive,NA,NA,NA_ratio_not_positive,NA,NA,NA_ratio_not_positive,NA,NA,NA_ratio_not_positive,NA,NA
96,0.5,natural,0.5,36119.5004524588889882604419802,1932.01030770265709909232795886,3864.02061540531419818465591772,7452.19807225480745720543887096,0.25925375157374068651604843556,0.518507503147481373032096871119,negative,negative,False,False,,281474976710656.0,1304618312.9351778863419922927,2520536028208.414418480962651,NA_ratio_not_positive,NA,NA,NA_ratio_not_positive,NA,NA,NA_ratio_not_positive,NA,NA,NA_ratio_not_positive,NA,NA,NA_ratio_not_positive,NA,NA,NA_ratio_not_positive,NA,NA
96,0.5,natural,1.0,36119.5004524588889882604419802,1932.01030770265709909232795886,3864.02061540531419818465591772,14904.3961445096149144108777419,0.12962687578687034325802421778,0.25925375157374068651604843556,negative,negative,False,False,,281474976710656.0,1304618312.9351778863419922927,2520536028208.414418480962651,NA_ratio_not_positive,NA,NA,NA_ratio_not_positive,NA,NA,NA_ratio_not_positive,NA,NA,NA_ratio_not_positive,NA,NA,NA_ratio_not_positive,NA,NA,NA_ratio_not_positive,NA,NA
96,0.5,natural,2.0,36119.5004524588889882604419802,1932.01030770265709909232795886,3864.02061540531419818465591772,29808.7922890192298288217554839,0.0648134378934351716290121088899,0.12962687578687034325802421778,negative,negative,False,False,,281474976710656.0,1304618312.9351778863419922927,2520536028208.414418480962651,NA_ratio_not_positive,NA,NA,NA_ratio_not_positive,NA,NA,NA_ratio_not_positive,NA,NA,NA_ratio_not_positive,NA,NA,NA_ratio_not_positive,NA,NA,NA_ratio_not_positive,NA,NA
96,0.5,natural,4.0,36119.5004524588889882604419802,1932.01030770265709909232795886,3864.02061540531419818465591772,59617.5845780384596576435109677,0.032406718946717585814506054445,0.0648134378934351716290121088899,negative,negative,False,False,,281474976710656.0,1304618312.9351778863419922927,2520536028208.414418480962651,NA_ratio_not_positive,NA,NA,NA_ratio_not_positive,NA,NA,NA_ratio_not_positive,NA,NA,NA_ratio_not_positive,NA,NA,NA_ratio_not_positive,NA,NA,NA_ratio_not_positive,NA,NA
96,0.5,natural,8.0,36119.5004524588889882604419802,1932.01030770265709909232795886,3864.02061540531419818465591772,119235.169156076919315287021935,0.0162033594733587929072530272225,0.032406718946717585814506054445,negative,negative,False,False,,281474976710656.0,1304618312.9351778863419922927,2520536028208.414418480962651,NA_ratio_not_positive,NA,NA,NA_ratio_not_positive,NA,NA,NA_ratio_not_positive,NA,NA,NA_ratio_not_positive,NA,NA,NA_ratio_not_positive,NA,NA,NA_ratio_not_positive,NA,NA
96,1.0,bits,0.5,884736.0,35123.4903039991543091001459289,70246.9806079983086182002918578,38386.7422687678974922266224746,0.914990130136055328850094388415,1.82998026027211065770018877683,negative,positive,True,False,,281474976710656.0,782757789696.0,27493185636767265.136444464206,NA_ratio_not_positive,NA,NA,NA_ratio_not_positive,NA,NA,NA_ratio_not_positive,NA,NA,NA_ratio_not_positive,NA,NA,NA_ratio_not_positive,NA,NA,NA_ratio_not_positive,NA,NA
96,1.0,bits,1.0,884736.0,35123.4903039991543091001459289,70246.9806079983086182002918578,76773.4845375357949844532449492,0.457495065068027664425047194208,0.914990130136055328850094388415,negative,negative,False,False,,281474976710656.0,782757789696.0,27493185636767265.136444464206,NA_ratio_not_positive,NA,NA,NA_ratio_not_positive,NA,NA,NA_ratio_not_positive,NA,NA,NA_ratio_not_positive,NA,NA,NA_ratio_not_positive,NA,NA,NA_ratio_not_positive,NA,NA
96,1.0,bits,2.0,884736.0,35123.4903039991543091001459289,70246.9806079983086182002918578,153546.969075071589968906489898,0.228747532534013832212523597104,0.457495065068027664425047194208,negative,negative,False,False,,281474976710656.0,782757789696.0,27493185636767265.136444464206,NA_ratio_not_positive,NA,NA,NA_ratio_not_positive,NA,NA,NA_ratio_not_positive,NA,NA,NA_ratio_not_positive,NA,NA,NA_ratio_not_positive,NA,NA,NA_ratio_not_positive,NA,NA
96,1.0,bits,4.0,884736.0,35123.4903039991543091001459289,70246.9806079983086182002918578,307093.938150143179937812979797,0.114373766267006916106261798552,0.228747532534013832212523597104,negative,negative,False,False,,281474976710656.0,782757789696.0,27493185636767265.136444464206,NA_ratio_not_positive,NA,NA,NA_ratio_not_positive,NA,NA,NA_ratio_not_positive,NA,NA,NA_ratio_not_positive,NA,NA,NA_ratio_not_positive,NA,NA,NA_ratio_not_positive,NA,NA
96,1.0,bits,8.0,884736.0,35123.4903039991543091001459289,70246.9806079983086182002918578,614187.876300286359875625959594,0.057186883133503458053130899276,0.114373766267006916106261798552,negative,negative,False,False,,281474976710656.0,782757789696.0,27493185636767265.136444464206,NA_ratio_not_positive,NA,NA,NA_ratio_not_positive,NA,NA,NA_ratio_not_positive,NA,NA,NA_ratio_not_positive,NA,NA,NA_ratio_not_positive,NA,NA,NA_ratio_not_positive,NA,NA
96,1.0,natural,0.5,294638.898502077512168539643266,12830.1243822603852257411577959,25660.2487645207704514823155919,21853.9134410060111938025707056,0.587085897310562892085981694386,1.17417179462112578417196338877,negative,positive,True,False,,281474976710656.0,86812080510.5175340439220497475,1113809790832742.60415623002259,NA_ratio_not_positive,NA,NA,NA_ratio_not_positive,NA,NA,NA_ratio_not_positive,NA,NA,NA_ratio_not_positive,NA,NA,NA_ratio_not_positive,NA,NA,NA_ratio_not_positive,NA,NA
96,1.0,natural,1.0,294638.898502077512168539643266,12830.1243822603852257411577959,25660.2487645207704514823155919,43707.8268820120223876051414111,0.293542948655281446042990847193,0.587085897310562892085981694386,negative,negative,False,False,,281474976710656.0,86812080510.5175340439220497475,1113809790832742.60415623002259,NA_ratio_not_positive,NA,NA,NA_ratio_not_positive,NA,NA,NA_ratio_not_positive,NA,NA,NA_ratio_not_positive,NA,NA,NA_ratio_not_positive,NA,NA,NA_ratio_not_positive,NA,NA
96,1.0,natural,2.0,294638.898502077512168539643266,12830.1243822603852257411577959,25660.2487645207704514823155919,87415.6537640240447752102828223,0.146771474327640723021495423596,0.293542948655281446042990847193,negative,negative,False,False,,281474976710656.0,86812080510.5175340439220497475,1113809790832742.60415623002259,NA_ratio_not_positive,NA,NA,NA_ratio_not_positive,NA,NA,NA_ratio_not_positive,NA,NA,NA_ratio_not_positive,NA,NA,NA_ratio_not_positive,NA,NA,NA_ratio_not_positive,NA,NA
96,1.0,natural,4.0,294638.898502077512168539643266,12830.1243822603852257411577959,25660.2487645207704514823155919,174831.307528048089550420565645,0.0733857371638203615107477117982,0.146771474327640723021495423596,negative,negative,False,False,,281474976710656.0,86812080510.5175340439220497475,1113809790832742.60415623002259,NA_ratio_not_positive,NA,NA,NA_ratio_not_positive,NA,NA,NA_ratio_not_positive,NA,NA,NA_ratio_not_positive,NA,NA,NA_ratio_not_positive,NA,NA,NA_ratio_not_positive,NA,NA
96,1.0,natural,8.0,294638.898502077512168539643266,12830.1243822603852257411577959,25660.2487645207704514823155919,349662.615056096179100841131289,0.0366928685819101807553738558991,0.0733857371638203615107477117982,negative,negative,False,False,,281474976710656.0,86812080510.5175340439220497475,1113809790832742.60415623002259,NA_ratio_not_positive,NA,NA,NA_ratio_not_positive,NA,NA,NA_ratio_not_positive,NA,NA,NA_ratio_not_positive,NA,NA,NA_ratio_not_positive,NA,NA,NA_ratio_not_positive,NA,NA
96,2.0,bits,0.5,84934656.0,2470405.95539622771010518624042,4940811.91079245542021037248084,397144.242251117500155560622857,6.22042495540995441499407117708,12.4408499108199088299881423542,positive,positive,False,False,9.67003143952974700576212317902,281474976710656.0,7213895789838336.0,17821251120824399151435.9677204,5924922616685492257582093.72737,21049553626.133005428691879954,False,77.3602515162379760460969854322,2.74838823757185849835938233213e-13,True,821320793.82564386370143595004,0.0000029179176189076509604853837844,True,19.340062879059494011524246358,6.87097059392964624589845583033e-14,True,89119.0097467061484051037272179,3.16614324968278099011000844662e-10,True,13.6754896103571919698229019701,4.85850990030101285193456631719e-14,True
96,2.0,bits,1.0,84934656.0,2470405.95539622771010518624042,4940811.91079245542021037248084,794288.484502235000311121245714,3.11021247770497720749703558854,6.22042495540995441499407117708,positive,positive,False,False,15.5771504388056312735590130666,281474976710656.0,7213895789838336.0,17821251120824399151435.9677204,9544272065249877543145209.54915,33908065920.4067470936124434969,False,124.617203510445050188472104533,4.4272924352542393289579118421e-13,True,1323039913.98020534308257667051,0.00000470038199999651362433388850984,True,31.1543008776112625471180261331,1.10682310881355983223947796053e-13,True,143559.018444032697817119864421,5.1002408854128837069595144421e-10,True,22.0294174136849325321959222109,7.82642125816044133024573249133e-14,True
96,2.0,bits,2.0,84934656.0,2470405.95539622771010518624042,4940811.91079245542021037248084,1588576.96900447000062224249143,1.55510623885248860374851779427,3.11021247770497720749703558854,positive,positive,False,True,40.0305712325777047348479393298,281474976710656.0,7213895789838336.0,17821251120824399151435.9677204,24527121585684651897377493.4309,87137840359.0648954142405579791,False,320.244569860621637878783514638,1.13773726390541312226923592248e-12,True,3399982797.12248334492388093929,0.0000120791653910234350097279365574,True,80.0611424651554094696958786596,2.84434315976353280567308980621e-13,True,368921.744479436126836358608864,0.0000000013106733280190359168541597827,True,56.6117767466536541824316253006,2.01125433629036557840775946106e-13,True
96,2.0,bits,4.0,84934656.0,2470405.95539622771010518624042,4940811.91079245542021037248084,3177153.93800894000124448498286,0.777553119426244301874258897134,1.55510623885248860374851779427,negative,positive,True,False,,281474976710656.0,7213895789838336.0,17821251120824399151435.9677204,NA_ratio_not_positive,NA,NA,NA_ratio_not_positive,NA,NA,NA_ratio_not_positive,NA,NA,NA_ratio_not_positive,NA,NA,NA_ratio_not_positive,NA,NA,NA_ratio_not_positive,NA,NA
96,2.0,bits,8.0,84934656.0,2470405.95539622771010518624042,4940811.91079245542021037248084,6354307.87601788000248896996571,0.388776559713122150937129448567,0.777553119426244301874258897134,negative,negative,False,False,,281474976710656.0,7213895789838336.0,17821251120824399151435.9677204,NA_ratio_not_positive,NA,NA,NA_ratio_not_positive,NA,NA,NA_ratio_not_positive,NA,NA,NA_ratio_not_positive,NA,NA,NA_ratio_not_positive,NA,NA,NA_ratio_not_positive,NA,NA
96,2.0,natural,0.5,19605899.6908802804053571693594,623723.743302104218143858415417,1247447.48660420843628771683083,187563.416031280061416095296341,3.3254019173871595617281091076,6.65080383477431912345621821521,positive,positive,False,False,14.7098803243862465797680825076,281474976710656.0,384391302688859.474753785295757,239753982205867629954.562080726,110858620099130415690942.486672,393848936.039128772147472853761,False,117.679042595089972638144660061,4.18079944335722944395231550846e-13,True,288400438.104770230673244784156,0.00000102460418142687441428948881195,True,29.4197606487724931595361650153,1.04519986083930736098807887712e-13,True,65133.2167946719268248585907154,2.31399670250709472529346267022e-10,True,20.8029122556321727568780245258,7.39067909294710032841565255729e-14,True
96,2.0,natural,1.0,19605899.6908802804053571693594,623723.743302104218143858415417,1247447.48660420843628771683083,375126.832062560122832190592681,1.6627009586935797808640545538,3.3254019173871595617281091076,positive,positive,False,False,34.7634650540160104580184869127,281474976710656.0,384391302688859.474753785295757,239753982205867629954.562080726,261989199148250302708340.797133,930772611.511977397598872120215,False,278.107720432128083664147895301,9.8803710255924700214843843789e-13,True,681569008.756459929803270415681,0.00000242141954045557358840053444624,True,69.5269301080320209160369738253,2.47009275639811750537109609472e-13,True,153927.581731818053656384743595,5.46860625163312099262159703964e-10,True,49.1629637544725812457074798015,1.74661933820887971242923270415e-13,True
96,2.0,natural,2.0,19605899.6908802804053571693594,623723.743302104218143858415417,1247447.48660420843628771683083,750253.664125120245664381185363,0.831350479346789890432027276901,1.6627009586935797808640545538,negative,positive,True,True,,281474976710656.0,384391302688859.474753785295757,239753982205867629954.562080726,NA_ratio_not_positive,NA,NA,NA_ratio_not_positive,NA,NA,NA_ratio_not_positive,NA,NA,NA_ratio_not_positive,NA,NA,NA_ratio_not_positive,NA,NA,NA_ratio_not_positive,NA,NA
96,2.0,natural,4.0,19605899.6908802804053571693594,623723.743302104218143858415417,1247447.48660420843628771683083,1500507.32825024049132876237073,0.41567523967339494521601363845,0.831350479346789890432027276901,negative,negative,False,False,,281474976710656.0,384391302688859.474753785295757,239753982205867629954.562080726,NA_ratio_not_positive,NA,NA,NA_ratio_not_positive,NA,NA,NA_ratio_not_positive,NA,NA,NA_ratio_not_positive,NA,NA,NA_ratio_not_positive,NA,NA,NA_ratio_not_positive,NA,NA
96,2.0,natural,8.0,19605899.6908802804053571693594,623723.743302104218143858415417,1247447.48660420843628771683083,3001014.65650048098265752474145,0.207837619836697472608006819225,0.41567523967339494521601363845,negative,negative,False,False,,281474976710656.0,384391302688859.474753785295757,239753982205867629954.562080726,NA_ratio_not_positive,NA,NA,NA_ratio_not_positive,NA,NA,NA_ratio_not_positive,NA,NA,NA_ratio_not_positive,NA,NA,NA_ratio_not_positive,NA,NA,NA_ratio_not_positive,NA,NA
128,0.25,bits,0.5,55108.9874700674362920878392104,2817.77343296135858991135843149,5635.54686592271717982271686297,11858.1037191927451364680187629,0.237624286284551232674483494703,0.475248572569102465348966989406,negative,negative,False,False,,18446744073709551616.0,3037000499.97604969245138853003,8557579324722.87597791835922963,NA_ratio_not_positive,NA,NA,NA_ratio_not_positive,NA,NA,NA_ratio_not_positive,NA,NA,NA_ratio_not_positive,NA,NA,NA_ratio_not_positive,NA,NA,NA_ratio_not_positive,NA,NA
128,0.25,bits,1.0,55108.9874700674362920878392104,2817.77343296135858991135843149,5635.54686592271717982271686297,23716.2074383854902729360375258,0.118812143142275616337241747352,0.237624286284551232674483494703,negative,negative,False,False,,18446744073709551616.0,3037000499.97604969245138853003,8557579324722.87597791835922963,NA_ratio_not_positive,NA,NA,NA_ratio_not_positive,NA,NA,NA_ratio_not_positive,NA,NA,NA_ratio_not_positive,NA,NA,NA_ratio_not_positive,NA,NA,NA_ratio_not_positive,NA,NA
128,0.25,bits,2.0,55108.9874700674362920878392104,2817.77343296135858991135843149,5635.54686592271717982271686297,47432.4148767709805458720750516,0.0594060715711378081686208736758,0.118812143142275616337241747352,negative,negative,False,False,,18446744073709551616.0,3037000499.97604969245138853003,8557579324722.87597791835922963,NA_ratio_not_positive,NA,NA,NA_ratio_not_positive,NA,NA,NA_ratio_not_positive,NA,NA,NA_ratio_not_positive,NA,NA,NA_ratio_not_positive,NA,NA,NA_ratio_not_positive,NA,NA
128,0.25,bits,4.0,55108.9874700674362920878392104,2817.77343296135858991135843149,5635.54686592271717982271686297,94864.8297535419610917441501032,0.0297030357855689040843104368379,0.0594060715711378081686208736758,negative,negative,False,False,,18446744073709551616.0,3037000499.97604969245138853003,8557579324722.87597791835922963,NA_ratio_not_positive,NA,NA,NA_ratio_not_positive,NA,NA,NA_ratio_not_positive,NA,NA,NA_ratio_not_positive,NA,NA,NA_ratio_not_positive,NA,NA,NA_ratio_not_positive,NA,NA
128,0.25,bits,8.0,55108.9874700674362920878392104,2817.77343296135858991135843149,5635.54686592271717982271686297,189729.659507083922183488300206,0.0148515178927844520421552184189,0.0297030357855689040843104368379,negative,negative,False,False,,18446744073709551616.0,3037000499.97604969245138853003,8557579324722.87597791835922963,NA_ratio_not_positive,NA,NA,NA_ratio_not_positive,NA,NA,NA_ratio_not_positive,NA,NA,NA_ratio_not_positive,NA,NA,NA_ratio_not_positive,NA,NA,NA_ratio_not_positive,NA,NA
128,0.25,natural,0.5,24159.0425693246792512100742765,1351.72354167307990738338540213,2703.44708334615981476677080425,7787.2531416886782266282496564,0.173581559129841836364990368266,0.347163118259683672729980736532,negative,negative,False,False,,18446744073709551616.0,583659337.866441999463615875029,788946067311.39173766067178063,NA_ratio_not_positive,NA,NA,NA_ratio_not_positive,NA,NA,NA_ratio_not_positive,NA,NA,NA_ratio_not_positive,NA,NA,NA_ratio_not_positive,NA,NA,NA_ratio_not_positive,NA,NA
128,0.25,natural,1.0,24159.0425693246792512100742765,1351.72354167307990738338540213,2703.44708334615981476677080425,15574.5062833773564532564993128,0.0867907795649209181824951841331,0.173581559129841836364990368266,negative,negative,False,False,,18446744073709551616.0,583659337.866441999463615875029,788946067311.39173766067178063,NA_ratio_not_positive,NA,NA,NA_ratio_not_positive,NA,NA,NA_ratio_not_positive,NA,NA,NA_ratio_not_positive,NA,NA,NA_ratio_not_positive,NA,NA,NA_ratio_not_positive,NA,NA
128,0.25,natural,2.0,24159.0425693246792512100742765,1351.72354167307990738338540213,2703.44708334615981476677080425,31149.0125667547129065129986256,0.0433953897824604590912475920666,0.0867907795649209181824951841331,negative,negative,False,False,,18446744073709551616.0,583659337.866441999463615875029,788946067311.39173766067178063,NA_ratio_not_positive,NA,NA,NA_ratio_not_positive,NA,NA,NA_ratio_not_positive,NA,NA,NA_ratio_not_positive,NA,NA,NA_ratio_not_positive,NA,NA,NA_ratio_not_positive,NA,NA
128,0.25,natural,4.0,24159.0425693246792512100742765,1351.72354167307990738338540213,2703.44708334615981476677080425,62298.0251335094258130259972512,0.0216976948912302295456237960333,0.0433953897824604590912475920666,negative,negative,False,False,,18446744073709551616.0,583659337.866441999463615875029,788946067311.39173766067178063,NA_ratio_not_positive,NA,NA,NA_ratio_not_positive,NA,NA,NA_ratio_not_positive,NA,NA,NA_ratio_not_positive,NA,NA,NA_ratio_not_positive,NA,NA,NA_ratio_not_positive,NA,NA
128,0.25,natural,8.0,24159.0425693246792512100742765,1351.72354167307990738338540213,2703.44708334615981476677080425,124596.050267018851626051994502,0.0108488474456151147728118980166,0.0216976948912302295456237960333,negative,negative,False,False,,18446744073709551616.0,583659337.866441999463615875029,788946067311.39173766067178063,NA_ratio_not_positive,NA,NA,NA_ratio_not_positive,NA,NA,NA_ratio_not_positive,NA,NA,NA_ratio_not_positive,NA,NA,NA_ratio_not_positive,NA,NA,NA_ratio_not_positive,NA,NA
128,0.5,bits,0.5,185363.80004736631423653494446,8416.1072150133744299553786852,16832.2144300267488599107573704,22008.9816212406759576266564465,0.382394213410177182157227639925,0.76478842682035436431445527985,negative,negative,False,False,,18446744073709551616.0,34359738368.0,289175241984896.667034087953538,NA_ratio_not_positive,NA,NA,NA_ratio_not_positive,NA,NA,NA_ratio_not_positive,NA,NA,NA_ratio_not_positive,NA,NA,NA_ratio_not_positive,NA,NA,NA_ratio_not_positive,NA,NA
128,0.5,bits,1.0,185363.80004736631423653494446,8416.1072150133744299553786852,16832.2144300267488599107573704,44017.9632424813519152533128929,0.191197106705088591078613819962,0.382394213410177182157227639925,negative,negative,False,False,,18446744073709551616.0,34359738368.0,289175241984896.667034087953538,NA_ratio_not_positive,NA,NA,NA_ratio_not_positive,NA,NA,NA_ratio_not_positive,NA,NA,NA_ratio_not_positive,NA,NA,NA_ratio_not_positive,NA,NA,NA_ratio_not_positive,NA,NA
128,0.5,bits,2.0,185363.80004736631423653494446,8416.1072150133744299553786852,16832.2144300267488599107573704,88035.9264849627038305066257858,0.0955985533525442955393069099812,0.191197106705088591078613819962,negative,negative,False,False,,18446744073709551616.0,34359738368.0,289175241984896.667034087953538,NA_ratio_not_positive,NA,NA,NA_ratio_not_positive,NA,NA,NA_ratio_not_positive,NA,NA,NA_ratio_not_positive,NA,NA,NA_ratio_not_positive,NA,NA,NA_ratio_not_positive,NA,NA
128,0.5,bits,4.0,185363.80004736631423653494446,8416.1072150133744299553786852,16832.2144300267488599107573704,176071.852969925407661013251572,0.0477992766762721477696534549906,0.0955985533525442955393069099812,negative,negative,False,False,,18446744073709551616.0,34359738368.0,289175241984896.667034087953538,NA_ratio_not_positive,NA,NA,NA_ratio_not_positive,NA,NA,NA_ratio_not_positive,NA,NA,NA_ratio_not_positive,NA,NA,NA_ratio_not_positive,NA,NA,NA_ratio_not_positive,NA,NA
128,0.5,bits,8.0,185363.80004736631423653494446,8416.1072150133744299553786852,16832.2144300267488599107573704,352143.705939850815322026503143,0.0238996383381360738848267274953,0.0477992766762721477696534549906,negative,negative,False,False,,18446744073709551616.0,34359738368.0,289175241984896.667034087953538,NA_ratio_not_positive,NA,NA,NA_ratio_not_positive,NA,NA,NA_ratio_not_positive,NA,NA,NA_ratio_not_positive,NA,NA,NA_ratio_not_positive,NA,NA,NA_ratio_not_positive,NA,NA
128,0.5,natural,0.5,74146.1450994558192206199684623,3677.46414340218445978562777127,7354.92828680436891957125554253,13795.0099831733680175528293585,0.266579302797737463191437011244,0.533158605595474926382874022488,negative,negative,False,False,,18446744073709551616.0,5497650833.10955619594321031985,20217413811705.5398316288113332,NA_ratio_not_positive,NA,NA,NA_ratio_not_positive,NA,NA,NA_ratio_not_positive,NA,NA,NA_ratio_not_positive,NA,NA,NA_ratio_not_positive,NA,NA,NA_ratio_not_positive,NA,NA
128,0.5,natural,1.0,74146.1450994558192206199684623,3677.46414340218445978562777127,7354.92828680436891957125554253,27590.019966346736035105658717,0.133289651398868731595718505622,0.266579302797737463191437011244,negative,negative,False,False,,18446744073709551616.0,5497650833.10955619594321031985,20217413811705.5398316288113332,NA_ratio_not_positive,NA,NA,NA_ratio_not_positive,NA,NA,NA_ratio_not_positive,NA,NA,NA_ratio_not_positive,NA,NA,NA_ratio_not_positive,NA,NA,NA_ratio_not_positive,NA,NA
128,0.5,natural,2.0,74146.1450994558192206199684623,3677.46414340218445978562777127,7354.92828680436891957125554253,55180.0399326934720702113174341,0.066644825699434365797859252811,0.133289651398868731595718505622,negative,negative,False,False,,18446744073709551616.0,5497650833.10955619594321031985,20217413811705.5398316288113332,NA_ratio_not_positive,NA,NA,NA_ratio_not_positive,NA,NA,NA_ratio_not_positive,NA,NA,NA_ratio_not_positive,NA,NA,NA_ratio_not_positive,NA,NA,NA_ratio_not_positive,NA,NA
128,0.5,natural,4.0,74146.1450994558192206199684623,3677.46414340218445978562777127,7354.92828680436891957125554253,110360.079865386944140422634868,0.0333224128497171828989296264055,0.066644825699434365797859252811,negative,negative,False,False,,18446744073709551616.0,5497650833.10955619594321031985,20217413811705.5398316288113332,NA_ratio_not_positive,NA,NA,NA_ratio_not_positive,NA,NA,NA_ratio_not_positive,NA,NA,NA_ratio_not_positive,NA,NA,NA_ratio_not_positive,NA,NA,NA_ratio_not_positive,NA,NA
128,0.5,natural,8.0,74146.1450994558192206199684623,3677.46414340218445978562777127,7354.92828680436891957125554253,220720.159730773888280845269736,0.0166612064248585914494648132027,0.0333224128497171828989296264055,negative,negative,False,False,,18446744073709551616.0,5497650833.10955619594321031985,20217413811705.5398316288113332,NA_ratio_not_positive,NA,NA,NA_ratio_not_positive,NA,NA,NA_ratio_not_positive,NA,NA,NA_ratio_not_positive,NA,NA,NA_ratio_not_positive,NA,NA,NA_ratio_not_positive,NA,NA
128,1.0,bits,0.5,2097152.0,77869.4597521985326676220012129,155738.919504397065335244002426,75785.7175878403204857851700577,1.02749518287457035036079587989,2.05499036574914070072159175978,positive,positive,False,True,856.084957039208241014199631101,18446744073709551616.0,4398046511104.0,342473505784710104.992383112499,7895990053927455356620.95166831,428.04247851960412050709981555,False,6848.67965631366592811359704881,3.71267668101627722639004026582e-16,True,1795340279.82468964105941078476,9.73255915868330977234790715443e-11,True,1712.1699140784164820283992622,9.28169170254069306597510066455e-17,True,1239743.44375135920026560588438,6.72066267519942205926553461506e-14,True,1210.68695678843671900938074647,6.56314714374943560475149864752e-17,True
128,1.0,bits,1.0,2097152.0,77869.4597521985326676220012129,155738.919504397065335244002426,151571.435175680640971570340115,0.513747591437285175180397939945,1.02749518287457035036079587989,negative,positive,True,False,,18446744073709551616.0,4398046511104.0,342473505784710104.992383112499,NA_ratio_not_positive,NA,NA,NA_ratio_not_positive,NA,NA,NA_ratio_not_positive,NA,NA,NA_ratio_not_positive,NA,NA,NA_ratio_not_positive,NA,NA,NA_ratio_not_positive,NA,NA
128,1.0,bits,2.0,2097152.0,77869.4597521985326676220012129,155738.919504397065335244002426,303142.870351361281943140680231,0.256873795718642587590198969973,0.513747591437285175180397939945,negative,negative,False,False,,18446744073709551616.0,4398046511104.0,342473505784710104.992383112499,NA_ratio_not_positive,NA,NA,NA_ratio_not_positive,NA,NA,NA_ratio_not_positive,NA,NA,NA_ratio_not_positive,NA,NA,NA_ratio_not_positive,NA,NA,NA_ratio_not_positive,NA,NA
128,1.0,bits,4.0,2097152.0,77869.4597521985326676220012129,155738.919504397065335244002426,606285.740702722563886281360461,0.128436897859321293795099484986,0.256873795718642587590198969973,negative,negative,False,False,,18446744073709551616.0,4398046511104.0,342473505784710104.992383112499,NA_ratio_not_positive,NA,NA,NA_ratio_not_positive,NA,NA,NA_ratio_not_positive,NA,NA,NA_ratio_not_positive,NA,NA,NA_ratio_not_positive,NA,NA,NA_ratio_not_positive,NA,NA
128,1.0,bits,8.0,2097152.0,77869.4597521985326676220012129,155738.919504397065335244002426,1212571.48140544512777256272092,0.0642184489296606468975497424931,0.128436897859321293795099484986,negative,negative,False,False,,18446744073709551616.0,4398046511104.0,342473505784710104.992383112499,NA_ratio_not_positive,NA,NA,NA_ratio_not_positive,NA,NA,NA_ratio_not_positive,NA,NA,NA_ratio_not_positive,NA,NA,NA_ratio_not_positive,NA,NA,NA_ratio_not_positive,NA,NA
128,1.0,natural,0.5,698403.314967887436251353228481,28262.4863896545696362277655322,56524.9727793091392724555310643,43275.1950991467681928613912701,0.653087440158341530227176151141,1.30617488031668306045435230228,negative,positive,True,True,,18446744073709551616.0,487767190358.134183050623752765,13785513578816816.976260451466,NA_ratio_not_positive,NA,NA,NA_ratio_not_positive,NA,NA,NA_ratio_not_positive,NA,NA,NA_ratio_not_positive,NA,NA,NA_ratio_not_positive,NA,NA,NA_ratio_not_positive,NA,NA
128,1.0,natural,1.0,698403.314967887436251353228481,28262.4863896545696362277655322,56524.9727793091392724555310643,86550.3901982935363857227825403,0.326543720079170765113588075571,0.653087440158341530227176151141,negative,negative,False,False,,18446744073709551616.0,487767190358.134183050623752765,13785513578816816.976260451466,NA_ratio_not_positive,NA,NA,NA_ratio_not_positive,NA,NA,NA_ratio_not_positive,NA,NA,NA_ratio_not_positive,NA,NA,NA_ratio_not_positive,NA,NA,NA_ratio_not_positive,NA,NA
128,1.0,natural,2.0,698403.314967887436251353228481,28262.4863896545696362277655322,56524.9727793091392724555310643,173100.780396587072771445565081,0.163271860039585382556794037785,0.326543720079170765113588075571,negative,negative,False,False,,18446744073709551616.0,487767190358.134183050623752765,13785513578816816.976260451466,NA_ratio_not_positive,NA,NA,NA_ratio_not_positive,NA,NA,NA_ratio_not_positive,NA,NA,NA_ratio_not_positive,NA,NA,NA_ratio_not_positive,NA,NA,NA_ratio_not_positive,NA,NA
128,1.0,natural,4.0,698403.314967887436251353228481,28262.4863896545696362277655322,56524.9727793091392724555310643,346201.560793174145542891130161,0.0816359300197926912783970188926,0.163271860039585382556794037785,negative,negative,False,False,,18446744073709551616.0,487767190358.134183050623752765,13785513578816816.976260451466,NA_ratio_not_positive,NA,NA,NA_ratio_not_positive,NA,NA,NA_ratio_not_positive,NA,NA,NA_ratio_not_positive,NA,NA,NA_ratio_not_positive,NA,NA,NA_ratio_not_positive,NA,NA
128,1.0,natural,8.0,698403.314967887436251353228481,28262.4863896545696362277655322,56524.9727793091392724555310643,692403.121586348291085782260322,0.0408179650098963456391985094463,0.0816359300197926912783970188926,negative,negative,False,False,,18446744073709551616.0,487767190358.134183050623752765,13785513578816816.976260451466,NA_ratio_not_positive,NA,NA,NA_ratio_not_positive,NA,NA,NA_ratio_not_positive,NA,NA,NA_ratio_not_positive,NA,NA,NA_ratio_not_positive,NA,NA,NA_ratio_not_positive,NA,NA
128,2.0,bits,0.5,268435456.0,7315888.31440904800745088880299,14631776.628818096014901777606,897165.34909723737200986255516,8.15444814244172386097041540667,16.3088962848834477219408308133,positive,positive,False,False,11.0649164796862924958071091498,18446744073709551616.0,72057594037927936.0,527165310186508075019459.370953,214026611586754696042712251.051,11602405.8626035338400834352839,False,88.5193318374903399664568731983,4.79864259425861528615647967526e-18,True,2970215900.82650466306135943267,1.61015726621354297033498138623e-10,True,22.1298329593725849916142182996,1.19966064856465382153911991881e-18,True,181287.59160318021625130367631,9.82762003304164410604847037493e-15,True,15.6481549520979179070444089954,8.48288179722718358238723083107e-19,True
128,2.0,bits,1.0,268435456.0,7315888.31440904800745088880299,14631776.628818096014901777606,1794330.69819447474401972511032,4.07722407122086193048520770334,8.15444814244172386097041540667,positive,positive,False,False,16.5221003850449535448719070881,18446744073709551616.0,72057594037927936.0,527165310186508075019459.370953,319583899995930411841983936.612,17324677.9333488972082676048468,False,132.176803080359628358975256705,7.16531885259573117881791571447e-18,True,4435117550.93731768531650684078,2.40428204197741485329925593223e-10,True,33.0442007700899070897438141762,1.79132971314893279470447892862e-18,True,270698.092708576518879181325731,1.46745730101160574542190913832e-14,True,23.3657784434203091322825735607,1.26666138750856336542242601378e-18,True
128,2.0,bits,2.0,268435456.0,7315888.31440904800745088880299,14631776.628818096014901777606,3588661.39638894948803945022064,2.03861203561043096524260385167,4.07722407122086193048520770334,positive,positive,False,False,32.6006382091847147492866290729,18446744073709551616.0,72057594037927936.0,527165310186508075019459.370953,630588052271978047327496743.127,34184246.8108340714529479763667,False,260.805105673477717994293032583,1.41382731083248049929635853168e-17,True,8751167183.57352229195468194988,4.74401723610713303049657101988e-10,True,65.2012764183694294985732581457,3.5345682770812012482408963292e-18,True,534128.85641928236645231213073,2.89551833258492006255894227288e-14,True,46.1042646974475532651645499047,2.49931719729096925217205792204e-18,True
128,2.0,bits,4.0,268435456.0,7315888.31440904800745088880299,14631776.628818096014901777606,7177322.79277789897607890044128,1.01930601780521548262130192583,2.03861203561043096524260385167,positive,positive,False,True,1214.32930680506581311836704536,18446744073709551616.0,72057594037927936.0,527165310186508075019459.370953,23488544840182058898178291464.7,1273316567.21242869005640484295,False,9714.63445444052650494693636285,5.26631389020347599193974249646e-16,True,325969041206.381744654439639796,0.0000000176708171319488001335174637695,True,2428.65861361013162623673409071,1.31657847255086899798493562411e-16,True,19895571.3626941982821313256711,1.07854108471367188314925926327e-12,True,1717.32097487084321519830905577,9.30961565904946290651632949272e-17,True
128,2.0,bits,8.0,268435456.0,7315888.31440904800745088880299,14631776.628818096014901777606,14354645.5855557979521578008826,0.509653008902607741310650962917,1.01930601780521548262130192583,negative,positive,True,False,,18446744073709551616.0,72057594037927936.0,527165310186508075019459.370953,NA_ratio_not_positive,NA,NA,NA_ratio_not_positive,NA,NA,NA_ratio_not_positive,NA,NA,NA_ratio_not_positive,NA,NA,NA_ratio_not_positive,NA,NA,NA_ratio_not_positive,NA,NA
128,2.0,natural,0.5,61964324.948954960293474510568,1836130.91076306731499051651711,3672261.82152613462998103303422,425275.605523801421400964728177,4.31750819213237116443881370157,8.63501638426474232887762740315,positive,positive,False,False,15.8752806474190204672000384374,18446744073709551616.0,3839577566379682.14257949598274,7049967053902167322240.40546107,3776996478583998877680570.33362,204751.389377543580260495168856,False,127.002245179352163737600307499,6.88480550669951493203415073219e-18,True,983701048.692528264411495443367,5.3326540703435406266216868227e-11,True,31.7505612948380409344000768747,1.72120137667487873300853768305e-18,True,124966.116292194539346741698309,6.77442673855367548834141232264e-15,True,22.4510371980591076493591745311,1.21707316523442784027704937511e-18,True
128,2.0,natural,1.0,61964324.948954960293474510568,1836130.91076306731499051651711,3672261.82152613462998103303422,850551.211047602842801929456354,2.15875409606618558221940685079,4.31750819213237116443881370157,positive,positive,False,False,30.1747727750715482860640344499,18446744073709551616.0,3839577566379682.14257949598274,7049967053902167322240.40546107,7179086344659149848109788.46999,389179.050567023455872423826225,False,241.3981822005723862885122756,1.30862216787956104338472445659e-17,True,1869759425.49541284181195328801,1.01359861557368763536723134823e-10,True,60.3495455501430965721280688999,3.27155541969890260846181114146e-18,True,237528.03162652698240108537037,1.28764203957843079845801932405e-14,True,42.6735729000326174275848007201,2.3133390222966955771869302901e-18,True
128,2.0,natural,2.0,61964324.948954960293474510568,1836130.91076306731499051651711,3672261.82152613462998103303422,1701102.42209520568560385891271,1.07937704803309279110970342539,2.15875409606618558221940685079,positive,positive,False,False,303.995733099607122715411338704,18446744073709551616.0,3839577566379682.14257949598274,7049967053902167322240.40546107,72325701757496076049601477.1342,3920784.1486007955915210033978,False,2431.96586479685698172329070963,1.31837133701167044453569981079e-16,True,18836890388.879838857568860123,0.00000000102114987412474198715498452183,True,607.991466199214245430822677408,3.29592834252917611133924952697e-17,True,2392976.03479108626759122345453,1.297234907813121886463211349e-13,True,429.914888653015992692236041268,2.33057328130731839157259032731e-17,True
128,2.0,natural,4.0,61964324.948954960293474510568,1836130.91076306731499051651711,3672261.82152613462998103303422,3402204.84419041137120771782541,0.539688524016546395554851712697,1.07937704803309279110970342539,negative,positive,True,True,,18446744073709551616.0,3839577566379682.14257949598274,7049967053902167322240.40546107,NA_ratio_not_positive,NA,NA,NA_ratio_not_positive,NA,NA,NA_ratio_not_positive,NA,NA,NA_ratio_not_positive,NA,NA,NA_ratio_not_positive,NA,NA,NA_ratio_not_positive,NA,NA
128,2.0,natural,8.0,61964324.948954960293474510568,1836130.91076306731499051651711,3672261.82152613462998103303422,6804409.68838082274241543565083,0.269844262008273197777425856348,0.539688524016546395554851712697,negative,negative,False,False,,18446744073709551616.0,3839577566379682.14257949598274,7049967053902167322240.40546107,NA_ratio_not_positive,NA,NA,NA_ratio_not_positive,NA,NA,NA_ratio_not_positive,NA,NA,NA_ratio_not_positive,NA,NA,NA_ratio_not_positive,NA,NA,NA_ratio_not_positive,NA,NA
160,0.25,bits,0.5,91047.9057939928474227415651939,4424.03018422911838650180651305,8848.0603684582367730036130261,18664.0644780738684832643921528,0.237034660345626834029896062975,0.47406932069125366805979212595,negative,negative,False,False,,1208925819614629174706176.0,8289721149.47179631607517949312,36673976584105.7300933334772794,NA_ratio_not_positive,NA,NA,NA_ratio_not_positive,NA,NA,NA_ratio_not_positive,NA,NA,NA_ratio_not_positive,NA,NA,NA_ratio_not_positive,NA,NA,NA_ratio_not_positive,NA,NA
160,0.25,bits,1.0,91047.9057939928474227415651939,4424.03018422911838650180651305,8848.0603684582367730036130261,37328.1289561477369665287843056,0.118517330172813417014948031487,0.237034660345626834029896062975,negative,negative,False,False,,1208925819614629174706176.0,8289721149.47179631607517949312,36673976584105.7300933334772794,NA_ratio_not_positive,NA,NA,NA_ratio_not_positive,NA,NA,NA_ratio_not_positive,NA,NA,NA_ratio_not_positive,NA,NA,NA_ratio_not_positive,NA,NA,NA_ratio_not_positive,NA,NA
160,0.25,bits,2.0,91047.9057939928474227415651939,4424.03018422911838650180651305,8848.0603684582367730036130261,74656.2579122954739330575686111,0.0592586650864067085074740157437,0.118517330172813417014948031487,negative,negative,False,False,,1208925819614629174706176.0,8289721149.47179631607517949312,36673976584105.7300933334772794,NA_ratio_not_positive,NA,NA,NA_ratio_not_positive,NA,NA,NA_ratio_not_positive,NA,NA,NA_ratio_not_positive,NA,NA,NA_ratio_not_positive,NA,NA,NA_ratio_not_positive,NA,NA
160,0.25,bits,4.0,91047.9057939928474227415651939,4424.03018422911838650180651305,8848.0603684582367730036130261,149312.515824590947866115137222,0.0296293325432033542537370078719,0.0592586650864067085074740157437,negative,negative,False,False,,1208925819614629174706176.0,8289721149.47179631607517949312,36673976584105.7300933334772794,NA_ratio_not_positive,NA,NA,NA_ratio_not_positive,NA,NA,NA_ratio_not_positive,NA,NA,NA_ratio_not_positive,NA,NA,NA_ratio_not_positive,NA,NA,NA_ratio_not_positive,NA,NA
160,0.25,bits,8.0,91047.9057939928474227415651939,4424.03018422911838650180651305,8848.0603684582367730036130261,298625.031649181895732230274444,0.0148146662716016771268685039359,0.0296293325432033542537370078719,negative,negative,False,False,,1208925819614629174706176.0,8289721149.47179631607517949312,36673976584105.7300933334772794,NA_ratio_not_positive,NA,NA,NA_ratio_not_positive,NA,NA,NA_ratio_not_positive,NA,NA,NA_ratio_not_positive,NA,NA,NA_ratio_not_positive,NA,NA,NA_ratio_not_positive,NA,NA
160,0.25,natural,0.5,39914.1833828768882426342123674,2111.93342183044576054858432194,4223.86684366089152109716864388,12275.2440517113684949502804673,0.1720481819288967963436943781,0.344096363857793592687388756199,negative,negative,False,False,,1208925819614629174706176.0,1593142035.12192551416881225935,3364609909696.96835226447051577,NA_ratio_not_positive,NA,NA,NA_ratio_not_positive,NA,NA,NA_ratio_not_positive,NA,NA,NA_ratio_not_positive,NA,NA,NA_ratio_not_positive,NA,NA,NA_ratio_not_positive,NA,NA
160,0.25,natural,1.0,39914.1833828768882426342123674,2111.93342183044576054858432194,4223.86684366089152109716864388,24550.4881034227369899005609345,0.0860240909644483981718471890498,0.1720481819288967963436943781,negative,negative,False,False,,1208925819614629174706176.0,1593142035.12192551416881225935,3364609909696.96835226447051577,NA_ratio_not_positive,NA,NA,NA_ratio_not_positive,NA,NA,NA_ratio_not_positive,NA,NA,NA_ratio_not_positive,NA,NA,NA_ratio_not_positive,NA,NA,NA_ratio_not_positive,NA,NA
160,0.25,natural,2.0,39914.1833828768882426342123674,2111.93342183044576054858432194,4223.86684366089152109716864388,49100.9762068454739798011218691,0.0430120454822241990859235945249,0.0860240909644483981718471890498,negative,negative,False,False,,1208925819614629174706176.0,1593142035.12192551416881225935,3364609909696.96835226447051577,NA_ratio_not_positive,NA,NA,NA_ratio_not_positive,NA,NA,NA_ratio_not_positive,NA,NA,NA_ratio_not_positive,NA,NA,NA_ratio_not_positive,NA,NA,NA_ratio_not_positive,NA,NA
160,0.25,natural,4.0,39914.1833828768882426342123674,2111.93342183044576054858432194,4223.86684366089152109716864388,98201.9524136909479596022437381,0.0215060227411120995429617972625,0.0430120454822241990859235945249,negative,negative,False,False,,1208925819614629174706176.0,1593142035.12192551416881225935,3364609909696.96835226447051577,NA_ratio_not_positive,NA,NA,NA_ratio_not_positive,NA,NA,NA_ratio_not_positive,NA,NA,NA_ratio_not_positive,NA,NA,NA_ratio_not_positive,NA,NA,NA_ratio_not_positive,NA,NA
160,0.25,natural,8.0,39914.1833828768882426342123674,2111.93342183044576054858432194,4223.86684366089152109716864388,196403.904827381895919204487476,0.0107530113705560497714808986312,0.0215060227411120995429617972625,negative,negative,False,False,,1208925819614629174706176.0,1593142035.12192551416881225935,3364609909696.96835226447051577,NA_ratio_not_positive,NA,NA,NA_ratio_not_positive,NA,NA,NA_ratio_not_positive,NA,NA,NA_ratio_not_positive,NA,NA,NA_ratio_not_positive,NA,NA,NA_ratio_not_positive,NA,NA
160,0.5,bits,0.5,323817.23240124204359668669895,13984.202403982171286713106407,27968.4048079643425734262128141,35559.2654326776352674050158031,0.393264659261808377734243643143,0.786529318523616755468487286287,negative,negative,False,False,,1208925819614629174706176.0,104857600000.0,1466349901995800.92391364822639,NA_ratio_not_positive,NA,NA,NA_ratio_not_positive,NA,NA,NA_ratio_not_positive,NA,NA,NA_ratio_not_positive,NA,NA,NA_ratio_not_positive,NA,NA,NA_ratio_not_positive,NA,NA
160,0.5,bits,1.0,323817.23240124204359668669895,13984.202403982171286713106407,27968.4048079643425734262128141,71118.5308653552705348100316062,0.196632329630904188867121821572,0.393264659261808377734243643143,negative,negative,False,False,,1208925819614629174706176.0,104857600000.0,1466349901995800.92391364822639,NA_ratio_not_positive,NA,NA,NA_ratio_not_positive,NA,NA,NA_ratio_not_positive,NA,NA,NA_ratio_not_positive,NA,NA,NA_ratio_not_positive,NA,NA,NA_ratio_not_positive,NA,NA
160,0.5,bits,2.0,323817.23240124204359668669895,13984.202403982171286713106407,27968.4048079643425734262128141,142237.061730710541069620063212,0.0983161648154520944335609107859,0.196632329630904188867121821572,negative,negative,False,False,,1208925819614629174706176.0,104857600000.0,1466349901995800.92391364822639,NA_ratio_not_positive,NA,NA,NA_ratio_not_positive,NA,NA,NA_ratio_not_positive,NA,NA,NA_ratio_not_positive,NA,NA,NA_ratio_not_positive,NA,NA,NA_ratio_not_positive,NA,NA
160,0.5,bits,4.0,323817.23240124204359668669895,13984.202403982171286713106407,27968.4048079643425734262128141,284474.123461421082139240126425,0.0491580824077260472167804553929,0.0983161648154520944335609107859,negative,negative,False,False,,1208925819614629174706176.0,104857600000.0,1466349901995800.92391364822639,NA_ratio_not_positive,NA,NA,NA_ratio_not_positive,NA,NA,NA_ratio_not_positive,NA,NA,NA_ratio_not_positive,NA,NA,NA_ratio_not_positive,NA,NA,NA_ratio_not_positive,NA,NA
160,0.5,bits,8.0,323817.23240124204359668669895,13984.202403982171286713106407,27968.4048079643425734262128141,568948.246922842164278480252849,0.0245790412038630236083902276965,0.0491580824077260472167804553929,negative,negative,False,False,,1208925819614629174706176.0,104857600000.0,1466349901995800.92391364822639,NA_ratio_not_positive,NA,NA,NA_ratio_not_positive,NA,NA,NA_ratio_not_positive,NA,NA,NA_ratio_not_positive,NA,NA,NA_ratio_not_positive,NA,NA,NA_ratio_not_positive,NA,NA
160,0.5,natural,0.5,129527.984931207903777107010494,6081.9621164765832620806431131,12163.9242329531665241612862262,22324.8639525747940031083607333,0.272429974462403485221144326776,0.544859948924806970442288653552,negative,negative,False,False,,1208925819614629174706176.0,16777498880.3392217893774728999,102040112599451.439297861925128,NA_ratio_not_positive,NA,NA,NA_ratio_not_positive,NA,NA,NA_ratio_not_positive,NA,NA,NA_ratio_not_positive,NA,NA,NA_ratio_not_positive,NA,NA,NA_ratio_not_positive,NA,NA
160,0.5,natural,1.0,129527.984931207903777107010494,6081.9621164765832620806431131,12163.9242329531665241612862262,44649.7279051495880062167214665,0.136214987231201742610572163388,0.272429974462403485221144326776,negative,negative,False,False,,1208925819614629174706176.0,16777498880.3392217893774728999,102040112599451.439297861925128,NA_ratio_not_positive,NA,NA,NA_ratio_not_positive,NA,NA,NA_ratio_not_positive,NA,NA,NA_ratio_not_positive,NA,NA,NA_ratio_not_positive,NA,NA,NA_ratio_not_positive,NA,NA
160,0.5,natural,2.0,129527.984931207903777107010494,6081.9621164765832620806431131,12163.9242329531665241612862262,89299.4558102991760124334429331,0.068107493615600871305286081694,0.136214987231201742610572163388,negative,negative,False,False,,1208925819614629174706176.0,16777498880.3392217893774728999,102040112599451.439297861925128,NA_ratio_not_positive,NA,NA,NA_ratio_not_positive,NA,NA,NA_ratio_not_positive,NA,NA,NA_ratio_not_positive,NA,NA,NA_ratio_not_positive,NA,NA,NA_ratio_not_positive,NA,NA
160,0.5,natural,4.0,129527.984931207903777107010494,6081.9621164765832620806431131,12163.9242329531665241612862262,178598.911620598352024866885866,0.034053746807800435652643040847,0.068107493615600871305286081694,negative,negative,False,False,,1208925819614629174706176.0,16777498880.3392217893774728999,102040112599451.439297861925128,NA_ratio_not_positive,NA,NA,NA_ratio_not_positive,NA,NA,NA_ratio_not_positive,NA,NA,NA_ratio_not_positive,NA,NA,NA_ratio_not_positive,NA,NA,NA_ratio_not_positive,NA,NA
160,0.5,natural,8.0,129527.984931207903777107010494,6081.9621164765832620806431131,12163.9242329531665241612862262,357197.823241196704049733771732,0.0170268734039002178263215204235,0.034053746807800435652643040847,negative,negative,False,False,,1208925819614629174706176.0,16777498880.3392217893774728999,102040112599451.439297861925128,NA_ratio_not_positive,NA,NA,NA_ratio_not_positive,NA,NA,NA_ratio_not_positive,NA,NA,NA_ratio_not_positive,NA,NA,NA_ratio_not_positive,NA,NA,NA_ratio_not_positive,NA,NA
160,1.0,bits,0.5,4096000.0,144830.654316175210768971329165,289661.308632350421537942658331,129036.476514460564835755686954,1.12240087631302192388473871712,2.24480175262604384776947743425,positive,positive,False,True,249.117523005307759010420263043,1208925819614629174706176.0,16777216000000.0,2429855170883803804.91655808722,17119225826693191349836.8696478,0.0141606917057576856115258728461,True,1992.94018404246207208336210435,1.6485214822177874869115036966e-21,True,1020385374.22974058090668139743,8.44042998895507193298689892658e-16,True,498.235046010615518020840526087,4.1213037055444687172787592415e-22,True,504178.417763946899107947789107,4.17046612441997885635955796524e-19,True,352.305379658897745179385147115,2.91420179751974013060352959292e-22,True
160,1.0,bits,1.0,4096000.0,144830.654316175210768971329165,289661.308632350421537942658331,258072.953028921129671511373908,0.561200438156510961942369358561,1.12240087631302192388473871712,negative,positive,True,False,,1208925819614629174706176.0,16777216000000.0,2429855170883803804.91655808722,NA_ratio_not_positive,NA,NA,NA_ratio_not_positive,NA,NA,NA_ratio_not_positive,NA,NA,NA_ratio_not_positive,NA,NA,NA_ratio_not_positive,NA,NA,NA_ratio_not_positive,NA,NA
160,1.0,bits,2.0,4096000.0,144830.654316175210768971329165,289661.308632350421537942658331,516145.906057842259343022747817,0.280600219078255480971184679281,0.561200438156510961942369358561,negative,negative,False,False,,1208925819614629174706176.0,16777216000000.0,2429855170883803804.91655808722,NA_ratio_not_positive,NA,NA,NA_ratio_not_positive,NA,NA,NA_ratio_not_positive,NA,NA,NA_ratio_not_positive,NA,NA,NA_ratio_not_positive,NA,NA,NA_ratio_not_positive,NA,NA
160,1.0,bits,4.0,4096000.0,144830.654316175210768971329165,289661.308632350421537942658331,1032291.81211568451868604549563,0.14030010953912774048559233964,0.280600219078255480971184679281,negative,negative,False,False,,1208925819614629174706176.0,16777216000000.0,2429855170883803804.91655808722,NA_ratio_not_positive,NA,NA,NA_ratio_not_positive,NA,NA,NA_ratio_not_positive,NA,NA,NA_ratio_not_positive,NA,NA,NA_ratio_not_positive,NA,NA,NA_ratio_not_positive,NA,NA
160,1.0,bits,8.0,4096000.0,144830.654316175210768971329165,289661.308632350421537942658331,2064583.62423136903737209099127,0.0701500547695638702427961698202,0.14030010953912774048559233964,negative,negative,False,False,,1208925819614629174706176.0,16777216000000.0,2429855170883803804.91655808722,NA_ratio_not_positive,NA,NA,NA_ratio_not_positive,NA,NA,NA_ratio_not_positive,NA,NA,NA_ratio_not_positive,NA,NA,NA_ratio_not_positive,NA,NA,NA_ratio_not_positive,NA,NA
160,1.0,natural,0.5,1364068.97454665514892842427438,52335.9990488906665660476350274,104671.998097781333132095270055,73822.6475197523316750934213136,0.708942320646078193147107978558,1.41788464129215638629421595712,negative,positive,True,True,,1208925819614629174706176.0,1860684167320.76333256005765062,97380764811185391.6613032720451,NA_ratio_not_positive,NA,NA,NA_ratio_not_positive,NA,NA,NA_ratio_not_positive,NA,NA,NA_ratio_not_positive,NA,NA,NA_ratio_not_positive,NA,NA,NA_ratio_not_positive,NA,NA
160,1.0,natural,1.0,1364068.97454665514892842427438,52335.9990488906665660476350274,104671.998097781333132095270055,147645.295039504663350186842627,0.354471160323039096573553989279,0.708942320646078193147107978558,negative,negative,False,False,,1208925819614629174706176.0,1860684167320.76333256005765062,97380764811185391.6613032720451,NA_ratio_not_positive,NA,NA,NA_ratio_not_positive,NA,NA,NA_ratio_not_positive,NA,NA,NA_ratio_not_positive,NA,NA,NA_ratio_not_positive,NA,NA,NA_ratio_not_positive,NA,NA
160,1.0,natural,2.0,1364068.97454665514892842427438,52335.9990488906665660476350274,104671.998097781333132095270055,295290.590079009326700373685254,0.177235580161519548286776994639,0.354471160323039096573553989279,negative,negative,False,False,,1208925819614629174706176.0,1860684167320.76333256005765062,97380764811185391.6613032720451,NA_ratio_not_positive,NA,NA,NA_ratio_not_positive,NA,NA,NA_ratio_not_positive,NA,NA,NA_ratio_not_positive,NA,NA,NA_ratio_not_positive,NA,NA,NA_ratio_not_positive,NA,NA
160,1.0,natural,4.0,1364068.97454665514892842427438,52335.9990488906665660476350274,104671.998097781333132095270055,590581.180158018653400747370509,0.0886177900807597741433884973197,0.177235580161519548286776994639,negative,negative,False,False,,1208925819614629174706176.0,1860684167320.76333256005765062,97380764811185391.6613032720451,NA_ratio_not_positive,NA,NA,NA_ratio_not_positive,NA,NA,NA_ratio_not_positive,NA,NA,NA_ratio_not_positive,NA,NA,NA_ratio_not_positive,NA,NA,NA_ratio_not_positive,NA,NA
160,1.0,natural,8.0,1364068.97454665514892842427438,52335.9990488906665660476350274,104671.998097781333132095270055,1181162.36031603730680149474102,0.0443088950403798870716942486599,0.0886177900807597741433884973197,negative,negative,False,False,,1208925819614629174706176.0,1860684167320.76333256005765062,97380764811185391.6613032720451,NA_ratio_not_positive,NA,NA,NA_ratio_not_positive,NA,NA,NA_ratio_not_positive,NA,NA,NA_ratio_not_positive,NA,NA,NA_ratio_not_positive,NA,NA,NA_ratio_not_positive,NA,NA
160,2.0,bits,0.5,655360000.0,17029450.874697993406844342177,34058901.7493959868136886843541,1697158.89294907453199794282801,10.0340934166197627260478694777,20.0681868332395254520957389555,positive,positive,False,False,12.4743060498347607188658549558,1208925819614629174706176.0,429496729600000000.0,7314093457566647555922007.2213,3511205004858834517459880984.32,2904.40070671838724959312355048,False,99.7944483986780857509268396462,8.25480329558100507254358589783e-23,True,8175161212.81970878471592670382,6.76233485973995935542770556751e-15,True,24.9486120996695214377317099116,2.06370082389525126813589647446e-23,True,319342.234875769874402965886868,2.64153705458592162321394748731e-19,True,17.6413327968690682920752622822,1.45925684691659728519938362636e-23,True
160,2.0,bits,1.0,655360000.0,17029450.874697993406844342177,34058901.7493959868136886843541,3394317.78589814906399588565602,5.01704670830988136302393473887,10.0340934166197627260478694777,positive,positive,False,False,17.8353600074803885185500704105,1208925819614629174706176.0,429496729600000000.0,7314093457566647555922007.2213,5020207542731707780205539606.65,4152.61835034014389816440418608,False,142.682880059843108148400563284,1.18024512128731200225627281557e-22,True,11688581534.5023474195169741443,9.66856803358565992248338690512e-15,True,35.6707200149607770371001408211,2.95061280321828000564068203892e-23,True,456585.21619149794607488180251,3.77678438811939840722007300981e-19,True,25.2230080123854714043491810743,2.0863983218114939290510503927e-23,True
160,2.0,bits,2.0,655360000.0,17029450.874697993406844342177,34058901.7493959868136886843541,6788635.57179629812799177131204,2.50852335415494068151196736943,5.01704670830988136302393473887,positive,positive,False,False,31.2773589855752261841335309267,1208925819614629174706176.0,429496729600000000.0,7314093457566647555922007.2213,8803793892035613963626505137.5,7282.32762440462275038788349523,False,250.218871884601809473068247413,2.06976199717832479063528225403e-22,True,20497929984.7865802320337508281,1.6955490280884836684884232225e-14,True,62.5547179711504523682670618534,5.17440499294581197658820563506e-23,True,800700.390030725790313818391723,6.62323839097063933003290321288e-19,True,44.232865272612475017930274998,3.65885685911751325587794320825e-23,True
160,2.0,bits,4.0,655360000.0,17029450.874697993406844342177,34058901.7493959868136886843541,13577271.1435925962559835426241,1.25426167707747034075598368472,2.50852335415494068151196736943,positive,positive,False,True,126.974076079733168631547323276,1208925819614629174706176.0,429496729600000000.0,7314093457566647555922007.2213,35740025107399956737487590348.9,29563.4558609996849278796751228,False,1015.79260863786534905237858621,8.40243952239907370309301629812e-22,True,83213730499.613929394370853782,6.88327845674932117757379895142e-14,True,253.948152159466337263094646551,2.10060988059976842577325407453e-22,True,3250536.34764116911696761147586,2.6887806471677035849897652154e-18,True,179.568460461751839531484589059,1.48535549119956017385180318696e-22,True
160,2.0,bits,8.0,655360000.0,17029450.874697993406844342177,34058901.7493959868136886843541,27154542.2871851925119670852482,0.627130838538735170377991842358,1.25426167707747034075598368472,negative,positive,True,False,,1208925819614629174706176.0,429496729600000000.0,7314093457566647555922007.2213,NA_ratio_not_positive,NA,NA,NA_ratio_not_positive,NA,NA,NA_ratio_not_positive,NA,NA,NA_ratio_not_positive,NA,NA,NA_ratio_not_positive,NA,NA,NA_ratio_not_positive,NA,NA
160,2.0,natural,0.5,151280090.207409571028990504316,4256558.81631934236453659831015,8513117.63263868472907319662031,806389.182663989769007857223648,5.27854156259557159050577517266,10.5570831251911431810115503453,positive,positive,False,False,17.2906625513581047927068637505,1208925819614629174706176.0,22885665693161977.1872728823587,97414182073565727508925.7243691,59862790763508731155373522.9105,49.5173399328928794917022116421,False,138.325300410864838341654910004,1.14420006725440747690840868538e-22,True,2615732990.51533261785434070155,2.16368361736963576404944659142e-15,True,34.581325102716209585413727501,2.86050016813601869227102171344e-23,True,212668.183947330039749654598123,1.75914998668092429333620591676e-19,True,24.4526894825472139048757291808,2.02267906647423817256156509083e-23,True
160,2.0,natural,1.0,151280090.207409571028990504316,4256558.81631934236453659831015,8513117.63263868472907319662031,1612778.3653279795380157144473,2.63927078129778579525288758633,5.27854156259557159050577517266,positive,positive,False,False,29.6399063957702587944559076748,1208925819614629174706176.0,22885665693161977.1872728823587,97414182073565727508925.7243691,102617670638688953185656845.815,84.8833476576755709677851556875,False,237.119251166162070355647261398,1.96140447427741163187643533139e-22,True,4483927713.29130064063472263949,3.70901807252379471576918240308e-15,True,59.2798127915405175889118153496,4.90351118569352907969108832847e-23,True,364558.908418590606673456746921,3.01556061177352895681993219208e-19,True,41.9171576123673417465767054907,3.46730601102798247263323482827e-23,True
160,2.0,natural,2.0,151280090.207409571028990504316,4256558.81631934236453659831015,8513117.63263868472907319662031,3225556.73065595907603142889459,1.31963539064889289762644379316,2.63927078129778579525288758633,positive,positive,False,False,103.713862341337925262127396252,1208925819614629174706176.0,22885665693161977.1872728823587,97414182073565727508925.7243691,359072489106393549394430081.984,297.017801489966973061734955847,False,829.710898730703402097019170017,6.86320769453986352477602144335e-22,True,15689842450.756459752044577915,1.2978333489277225330290171777e-14,True,207.427724682675850524254792504,1.71580192363496588119400536084e-22,True,1275638.72632302737415429526894,1.05518362303624581184005201842e-18,True,146.673550729216295662296068345,1.21325517537520714451223105974e-22,True
160,2.0,natural,4.0,151280090.207409571028990504316,4256558.81631934236453659831015,8513117.63263868472907319662031,6451113.46131191815206285778919,0.659817695324446448813221896582,1.31963539064889289762644379316,negative,positive,True,True,,1208925819614629174706176.0,22885665693161977.1872728823587,97414182073565727508925.7243691,NA_ratio_not_positive,NA,NA,NA_ratio_not_positive,NA,NA,NA_ratio_not_positive,NA,NA,NA_ratio_not_positive,NA,NA,NA_ratio_not_positive,NA,NA,NA_ratio_not_positive,NA,NA
160,2.0,natural,8.0,151280090.207409571028990504316,4256558.81631934236453659831015,8513117.63263868472907319662031,12902226.9226238363041257155784,0.329908847662223224406610948291,0.659817695324446448813221896582,negative,negative,False,False,,1208925819614629174706176.0,22885665693161977.1872728823587,97414182073565727508925.7243691,NA_ratio_not_positive,NA,NA,NA_ratio_not_positive,NA,NA,NA_ratio_not_positive,NA,NA,NA_ratio_not_positive,NA,NA,NA_ratio_not_positive,NA,NA,NA_ratio_not_positive,NA,NA
192,0.25,bits,0.5,137223.270103759198461476351555,6408.0124548524354488019785379,12816.0249097048708976039570758,27097.4215850518654367730432593,0.236480523976767521777390000389,0.472961047953535043554780000777,negative,negative,False,False,,79228162514264337593543950336.0,18830225857.9692530216914792415,120664321825551.360542356772697,NA_ratio_not_positive,NA,NA,NA_ratio_not_positive,NA,NA,NA_ratio_not_positive,NA,NA,NA_ratio_not_positive,NA,NA,NA_ratio_not_positive,NA,NA,NA_ratio_not_positive,NA,NA
192,0.25,bits,1.0,137223.270103759198461476351555,6408.0124548524354488019785379,12816.0249097048708976039570758,54194.8431701037308735460865186,0.118240261988383760888695000194,0.236480523976767521777390000389,negative,negative,False,False,,79228162514264337593543950336.0,18830225857.9692530216914792415,120664321825551.360542356772697,NA_ratio_not_positive,NA,NA,NA_ratio_not_positive,NA,NA,NA_ratio_not_positive,NA,NA,NA_ratio_not_positive,NA,NA,NA_ratio_not_positive,NA,NA,NA_ratio_not_positive,NA,NA
192,0.25,bits,2.0,137223.270103759198461476351555,6408.0124548524354488019785379,12816.0249097048708976039570758,108389.686340207461747092173037,0.0591201309941918804443475000971,0.118240261988383760888695000194,negative,negative,False,False,,79228162514264337593543950336.0,18830225857.9692530216914792415,120664321825551.360542356772697,NA_ratio_not_positive,NA,NA,NA_ratio_not_positive,NA,NA,NA_ratio_not_positive,NA,NA,NA_ratio_not_positive,NA,NA,NA_ratio_not_positive,NA,NA,NA_ratio_not_positive,NA,NA
192,0.25,bits,4.0,137223.270103759198461476351555,6408.0124548524354488019785379,12816.0249097048708976039570758,216779.372680414923494184346074,0.0295600654970959402221737500486,0.0591201309941918804443475000971,negative,negative,False,False,,79228162514264337593543950336.0,18830225857.9692530216914792415,120664321825551.360542356772697,NA_ratio_not_positive,NA,NA,NA_ratio_not_positive,NA,NA,NA_ratio_not_positive,NA,NA,NA_ratio_not_positive,NA,NA,NA_ratio_not_positive,NA,NA,NA_ratio_not_positive,NA,NA
192,0.25,bits,8.0,137223.270103759198461476351555,6408.0124548524354488019785379,12816.0249097048708976039570758,433558.745360829846988368692149,0.0147800327485479701110868750243,0.0295600654970959402221737500486,negative,negative,False,False,,79228162514264337593543950336.0,18830225857.9692530216914792415,120664321825551.360542356772697,NA_ratio_not_positive,NA,NA,NA_ratio_not_positive,NA,NA,NA_ratio_not_positive,NA,NA,NA_ratio_not_positive,NA,NA,NA_ratio_not_positive,NA,NA,NA_ratio_not_positive,NA,NA
192,0.25,natural,0.5,60156.8451196695578947721837141,3048.02800713147187324775054233,6096.05601426294374649550108465,17840.2806849384342047809639193,0.170850899767779659502360667255,0.341701799535559319004721334509,negative,negative,False,False,,79228162514264337593543950336.0,3618846014.75191110530947621873,11030344006459.9366703122003633,NA_ratio_not_positive,NA,NA,NA_ratio_not_positive,NA,NA,NA_ratio_not_positive,NA,NA,NA_ratio_not_positive,NA,NA,NA_ratio_not_positive,NA,NA,NA_ratio_not_positive,NA,NA
192,0.25,natural,1.0,60156.8451196695578947721837141,3048.02800713147187324775054233,6096.05601426294374649550108465,35680.5613698768684095619278385,0.0854254498838898297511803336273,0.170850899767779659502360667255,negative,negative,False,False,,79228162514264337593543950336.0,3618846014.75191110530947621873,11030344006459.9366703122003633,NA_ratio_not_positive,NA,NA,NA_ratio_not_positive,NA,NA,NA_ratio_not_positive,NA,NA,NA_ratio_not_positive,NA,NA,NA_ratio_not_positive,NA,NA,NA_ratio_not_positive,NA,NA
192,0.25,natural,2.0,60156.8451196695578947721837141,3048.02800713147187324775054233,6096.05601426294374649550108465,71361.122739753736819123855677,0.0427127249419449148755901668136,0.0854254498838898297511803336273,negative,negative,False,False,,79228162514264337593543950336.0,3618846014.75191110530947621873,11030344006459.9366703122003633,NA_ratio_not_positive,NA,NA,NA_ratio_not_positive,NA,NA,NA_ratio_not_positive,NA,NA,NA_ratio_not_positive,NA,NA,NA_ratio_not_positive,NA,NA,NA_ratio_not_positive,NA,NA
192,0.25,natural,4.0,60156.8451196695578947721837141,3048.02800713147187324775054233,6096.05601426294374649550108465,142722.245479507473638247711354,0.0213563624709724574377950834068,0.0427127249419449148755901668136,negative,negative,False,False,,79228162514264337593543950336.0,3618846014.75191110530947621873,11030344006459.9366703122003633,NA_ratio_not_positive,NA,NA,NA_ratio_not_positive,NA,NA,NA_ratio_not_positive,NA,NA,NA_ratio_not_positive,NA,NA,NA_ratio_not_positive,NA,NA,NA_ratio_not_positive,NA,NA
192,0.25,natural,8.0,60156.8451196695578947721837141,3048.02800713147187324775054233,6096.05601426294374649550108465,285444.490959014947276495422708,0.0106781812354862287188975417034,0.0213563624709724574377950834068,negative,negative,False,False,,79228162514264337593543950336.0,3618846014.75191110530947621873,11030344006459.9366703122003633,NA_ratio_not_positive,NA,NA,NA_ratio_not_positive,NA,NA,NA_ratio_not_positive,NA,NA,NA_ratio_not_positive,NA,NA,NA_ratio_not_positive,NA,NA,NA_ratio_not_positive,NA,NA
192,0.5,bits,0.5,510802.567761752740388766255466,21213.8948242702581178699630779,42427.7896485405162357399261558,52750.3015312814215310849988184,0.402156844765905657148453537143,0.804313689531811314296907074285,negative,negative,False,False,,79228162514264337593543950336.0,260919263232.0,5535113807829733.86016509777946,NA_ratio_not_positive,NA,NA,NA_ratio_not_positive,NA,NA,NA_ratio_not_positive,NA,NA,NA_ratio_not_positive,NA,NA,NA_ratio_not_positive,NA,NA,NA_ratio_not_positive,NA,NA
192,0.5,bits,1.0,510802.567761752740388766255466,21213.8948242702581178699630779,42427.7896485405162357399261558,105500.603062562843062169997637,0.201078422382952828574226768571,0.402156844765905657148453537143,negative,negative,False,False,,79228162514264337593543950336.0,260919263232.0,5535113807829733.86016509777946,NA_ratio_not_positive,NA,NA,NA_ratio_not_positive,NA,NA,NA_ratio_not_positive,NA,NA,NA_ratio_not_positive,NA,NA,NA_ratio_not_positive,NA,NA,NA_ratio_not_positive,NA,NA
192,0.5,bits,2.0,510802.567761752740388766255466,21213.8948242702581178699630779,42427.7896485405162357399261558,211001.206125125686124339995274,0.100539211191476414287113384286,0.201078422382952828574226768571,negative,negative,False,False,,79228162514264337593543950336.0,260919263232.0,5535113807829733.86016509777946,NA_ratio_not_positive,NA,NA,NA_ratio_not_positive,NA,NA,NA_ratio_not_positive,NA,NA,NA_ratio_not_positive,NA,NA,NA_ratio_not_positive,NA,NA,NA_ratio_not_positive,NA,NA
192,0.5,bits,4.0,510802.567761752740388766255466,21213.8948242702581178699630779,42427.7896485405162357399261558,422002.412250251372248679990547,0.0502696055957382071435566921428,0.100539211191476414287113384286,negative,negative,False,False,,79228162514264337593543950336.0,260919263232.0,5535113807829733.86016509777946,NA_ratio_not_positive,NA,NA,NA_ratio_not_positive,NA,NA,NA_ratio_not_positive,NA,NA,NA_ratio_not_positive,NA,NA,NA_ratio_not_positive,NA,NA,NA_ratio_not_positive,NA,NA
192,0.5,bits,8.0,510802.567761752740388766255466,21213.8948242702581178699630779,42427.7896485405162357399261558,844004.824500502744497359981095,0.0251348027978691035717783460714,0.0502696055957382071435566921428,negative,negative,False,False,,79228162514264337593543950336.0,260919263232.0,5535113807829733.86016509777946,NA_ratio_not_positive,NA,NA,NA_ratio_not_positive,NA,NA,NA_ratio_not_positive,NA,NA,NA_ratio_not_positive,NA,NA,NA_ratio_not_positive,NA,NA,NA_ratio_not_positive,NA,NA
192,0.5,natural,0.5,204322.749624034015354612571914,9194.42173286257526480549915226,18388.8434657251505296109983045,33155.2713468685295896579275051,0.277314024568554041621945605049,0.554628049137108083243891210099,negative,negative,False,False,,79228162514264337593543950336.0,41747786013.9256923629437533664,383846751025334.648071001745455,NA_ratio_not_positive,NA,NA,NA_ratio_not_positive,NA,NA,NA_ratio_not_positive,NA,NA,NA_ratio_not_positive,NA,NA,NA_ratio_not_positive,NA,NA,NA_ratio_not_positive,NA,NA
192,0.5,natural,1.0,204322.749624034015354612571914,9194.42173286257526480549915226,18388.8434657251505296109983045,66310.5426937370591793158550101,0.138657012284277020810972802525,0.277314024568554041621945605049,negative,negative,False,False,,79228162514264337593543950336.0,41747786013.9256923629437533664,383846751025334.648071001745455,NA_ratio_not_positive,NA,NA,NA_ratio_not_positive,NA,NA,NA_ratio_not_positive,NA,NA,NA_ratio_not_positive,NA,NA,NA_ratio_not_positive,NA,NA,NA_ratio_not_positive,NA,NA
192,0.5,natural,2.0,204322.749624034015354612571914,9194.42173286257526480549915226,18388.8434657251505296109983045,132621.08538747411835863171002,0.0693285061421385104054864012624,0.138657012284277020810972802525,negative,negative,False,False,,79228162514264337593543950336.0,41747786013.9256923629437533664,383846751025334.648071001745455,NA_ratio_not_positive,NA,NA,NA_ratio_not_positive,NA,NA,NA_ratio_not_positive,NA,NA,NA_ratio_not_positive,NA,NA,NA_ratio_not_positive,NA,NA,NA_ratio_not_positive,NA,NA
192,0.5,natural,4.0,204322.749624034015354612571914,9194.42173286257526480549915226,18388.8434657251505296109983045,265242.17077494823671726342004,0.0346642530710692552027432006312,0.0693285061421385104054864012624,negative,negative,False,False,,79228162514264337593543950336.0,41747786013.9256923629437533664,383846751025334.648071001745455,NA_ratio_not_positive,NA,NA,NA_ratio_not_positive,NA,NA,NA_ratio_not_positive,NA,NA,NA_ratio_not_positive,NA,NA,NA_ratio_not_positive,NA,NA,NA_ratio_not_positive,NA,NA
192,0.5,natural,8.0,204322.749624034015354612571914,9194.42173286257526480549915226,18388.8434657251505296109983045,530484.341549896473434526840081,0.0173321265355346276013716003156,0.0346642530710692552027432006312,negative,negative,False,False,,79228162514264337593543950336.0,41747786013.9256923629437533664,383846751025334.648071001745455,NA_ratio_not_positive,NA,NA,NA_ratio_not_positive,NA,NA,NA_ratio_not_positive,NA,NA,NA_ratio_not_positive,NA,NA,NA_ratio_not_positive,NA,NA,NA_ratio_not_positive,NA,NA
192,1.0,bits,0.5,7077888.0,240882.858267374431663816405638,481765.716534748863327632811275,199855.547352731239948369475931,1.20528482425475446580166360931,2.41056964850950893160332721862,positive,positive,False,True,183.759305045576955183334501231,79228162514264337593543950336.0,50096498540544.0,12067387757633590420.3771600267,65156897686089208176337.9093688,0.00000082239566864065891624558684901,True,1470.07444036461564146667600985,1.85549480602928484969468442514e-26,True,1300627780.07042858416866106625,1.64162305270712536077947631956e-20,True,367.518610091153910366669002461,4.63873701507321212423671106284e-27,True,488878.775351020390073409928488,6.17051765226792989367307287036e-24,True,259.874901407709645018681787128,3.28008239949931241100766282196e-27,True
192,1.0,bits,1.0,7077888.0,240882.858267374431663816405638,481765.716534748863327632811275,399711.094705462479896738951862,0.602642412127377232900831804655,1.20528482425475446580166360931,negative,positive,True,False,,79228162514264337593543950336.0,50096498540544.0,12067387757633590420.3771600267,NA_ratio_not_positive,NA,NA,NA_ratio_not_positive,NA,NA,NA_ratio_not_positive,NA,NA,NA_ratio_not_positive,NA,NA,NA_ratio_not_positive,NA,NA,NA_ratio_not_positive,NA,NA
192,1.0,bits,2.0,7077888.0,240882.858267374431663816405638,481765.716534748863327632811275,799422.189410924959793477903724,0.301321206063688616450415902327,0.602642412127377232900831804655,negative,negative,False,False,,79228162514264337593543950336.0,50096498540544.0,12067387757633590420.3771600267,NA_ratio_not_positive,NA,NA,NA_ratio_not_positive,NA,NA,NA_ratio_not_positive,NA,NA,NA_ratio_not_positive,NA,NA,NA_ratio_not_positive,NA,NA,NA_ratio_not_positive,NA,NA
192,1.0,bits,4.0,7077888.0,240882.858267374431663816405638,481765.716534748863327632811275,1598844.37882184991958695580745,0.150660603031844308225207951164,0.301321206063688616450415902327,negative,negative,False,False,,79228162514264337593543950336.0,50096498540544.0,12067387757633590420.3771600267,NA_ratio_not_positive,NA,NA,NA_ratio_not_positive,NA,NA,NA_ratio_not_positive,NA,NA,NA_ratio_not_positive,NA,NA,NA_ratio_not_positive,NA,NA,NA_ratio_not_positive,NA,NA
192,1.0,bits,8.0,7077888.0,240882.858267374431663816405638,481765.716534748863327632811275,3197688.7576436998391739116149,0.0753303015159221541126039755819,0.150660603031844308225207951164,negative,negative,False,False,,79228162514264337593543950336.0,50096498540544.0,12067387757633590420.3771600267,NA_ratio_not_positive,NA,NA,NA_ratio_not_positive,NA,NA,NA_ratio_not_positive,NA,NA,NA_ratio_not_positive,NA,NA,NA_ratio_not_positive,NA,NA,NA_ratio_not_positive,NA,NA
192,1.0,natural,0.5,2357111.18801662009734831714612,86762.6821419375969769823949774,173525.364283875193953964789955,114489.160445843019294769903181,0.757824424636069191196052955609,1.51564884927213838239210591122,negative,positive,True,True,,79228162514264337593543950336.0,5555973152673.12217881101118384,482051132634517027.706378794445,NA_ratio_not_positive,NA,NA,NA_ratio_not_positive,NA,NA,NA_ratio_not_positive,NA,NA,NA_ratio_not_positive,NA,NA,NA_ratio_not_positive,NA,NA,NA_ratio_not_positive,NA,NA
192,1.0,natural,1.0,2357111.18801662009734831714612,86762.6821419375969769823949774,173525.364283875193953964789955,228978.320891686038589539806363,0.378912212318034595598026477805,0.757824424636069191196052955609,negative,negative,False,False,,79228162514264337593543950336.0,5555973152673.12217881101118384,482051132634517027.706378794445,NA_ratio_not_positive,NA,NA,NA_ratio_not_positive,NA,NA,NA_ratio_not_positive,NA,NA,NA_ratio_not_positive,NA,NA,NA_ratio_not_positive,NA,NA,NA_ratio_not_positive,NA,NA
192,1.0,natural,2.0,2357111.18801662009734831714612,86762.6821419375969769823949774,173525.364283875193953964789955,457956.641783372077179079612726,0.189456106159017297799013238902,0.378912212318034595598026477805,negative,negative,False,False,,79228162514264337593543950336.0,5555973152673.12217881101118384,482051132634517027.706378794445,NA_ratio_not_positive,NA,NA,NA_ratio_not_positive,NA,NA,NA_ratio_not_positive,NA,NA,NA_ratio_not_positive,NA,NA,NA_ratio_not_positive,NA,NA,NA_ratio_not_positive,NA,NA
192,1.0,natural,4.0,2357111.18801662009734831714612,86762.6821419375969769823949774,173525.364283875193953964789955,915913.283566744154358159225451,0.0947280530795086488995066194511,0.189456106159017297799013238902,negative,negative,False,False,,79228162514264337593543950336.0,5555973152673.12217881101118384,482051132634517027.706378794445,NA_ratio_not_positive,NA,NA,NA_ratio_not_positive,NA,NA,NA_ratio_not_positive,NA,NA,NA_ratio_not_positive,NA,NA,NA_ratio_not_positive,NA,NA,NA_ratio_not_positive,NA,NA
192,1.0,natural,8.0,2357111.18801662009734831714612,86762.6821419375969769823949774,173525.364283875193953964789955,1831826.5671334883087163184509,0.0473640265397543244497533097256,0.0947280530795086488995066194511,negative,negative,False,False,,79228162514264337593543950336.0,5555973152673.12217881101118384,482051132634517027.706378794445,NA_ratio_not_positive,NA,NA,NA_ratio_not_positive,NA,NA,NA_ratio_not_positive,NA,NA,NA_ratio_not_positive,NA,NA,NA_ratio_not_positive,NA,NA,NA_ratio_not_positive,NA,NA
192,2.0,bits,0.5,1358954496.0,34018592.4870042526850220426085,68037184.974008505370044085217,2866185.8522125611949400847377,11.8689415973299474218531977194,23.7378831946598948437063954387,positive,positive,False,False,13.868967290587087702377113884,79228162514264337593543950336.0,1846757322198614016.0,62824084766265862763713959.3535,34806380884091271885307660871.3,0.439318290107064990737378345705,True,110.951738324696701619016911072,1.40040781969064108624645663707e-27,True,18847295454.4202613126916888001,2.37886312850269254159618251377e-19,True,27.737934581174175404754227768,3.50101954922660271561614159268e-28,True,511265.610200202401060429926219,6.45307923313447412542367218362e-24,True,19.6136816384570973988957482209,2.47559466432480061559237111269e-28,True
192,2.0,bits,1.0,1358954496.0,34018592.4870042526850220426085,68037184.974008505370044085217,5732371.7044251223898801694754,5.93447079866497371092659885969,11.8689415973299474218531977194,positive,positive,False,False,19.2673023676549070066428277535,79228162514264337593543950336.0,1846757322198614016.0,62824084766265862763713959.3535,48354361991516529625847038696.7,0.610317852352195467622117461212,True,154.138418941239256053142622028,1.94550036312514482568194374255e-27,True,26183387178.3160808531391726417,3.3048080817981852143895171437e-19,True,38.5346047353098140132856555069,4.86375090781286206420485935639e-28,True,710269.834481230491892881202304,8.96486567328066735674239676569e-24,True,27.2480803186808147417802113301,3.43919124891670133577176222756e-28,True
192,2.0,bits,2.0,1358954496.0,34018592.4870042526850220426085,68037184.974008505370044085217,11464743.4088502447797603389508,2.96723539933248685546329942984,5.93447079866497371092659885969,positive,positive,False,False,31.5463568219115204533539349654,79228162514264337593543950336.0,1846757322198614016.0,62824084766265862763713959.3535,79170603552733834847276043459.8,0.999273503768055459335498127457,True,252.370854575292163626831479723,3.18536801266664488065690372377e-27,True,42870063435.5569320342812882005,5.41096272778490251225510343608e-19,True,63.0927136438230409067078699308,7.96342003166661220164225930943e-28,True,1162924.89788294628999243945856,1.46781758023678996100670123591e-23,True,44.6132856610082805271600879434,5.63098830582825251175008101631e-28,True
192,2.0,bits,4.0,1358954496.0,34018592.4870042526850220426085,68037184.974008505370044085217,22929486.8177004895595206779016,1.48361769966624342773164971492,2.96723539933248685546329942984,positive,positive,False,True,86.9764786564549279603949081614,79228162514264337593543950336.0,1846757322198614016.0,62824084766265862763713959.3535,218281316888552200064258121988.0,2.75509755573660512984992446829,False,695.811829251639423683159265291,8.78237999179098203376188297086e-27,True,118197076716.437463773134770381,1.49185684692809976587949183208e-18,True,173.952957312909855920789816323,2.19559499794774550844047074271e-27,True,3206300.90919155446433199789446,4.04692070021728452115747567297e-23,True,123.003315723412591512252567065,1.55252011178811474413457847938e-27,True
192,2.0,bits,8.0,1358954496.0,34018592.4870042526850220426085,68037184.974008505370044085217,45858973.6354009791190413558032,0.741808849833121713865824857461,1.48361769966624342773164971492,negative,positive,True,False,,79228162514264337593543950336.0,1846757322198614016.0,62824084766265862763713959.3535,NA_ratio_not_positive,NA,NA,NA_ratio_not_positive,NA,NA,NA_ratio_not_positive,NA,NA,NA_ratio_not_positive,NA,NA,NA_ratio_not_positive,NA,NA,NA_ratio_not_positive,NA,NA
192,2.0,natural,0.5,313694395.05408448648571470975,8477091.85587127595092611426453,16954183.7117425519018522285291,1364084.70267111506268217210883,6.21449081517566755760135581816,12.4289816303513351152027116363,positive,positive,False,False,18.7810442923408302803277428645,79228162514264337593543950336.0,98404173488348025.5369690357139,834181217661819174515930.962674,579749007593908828412983750.358,0.00731746123090422665157350078962,True,150.248354338726642242621942916,1.89640084498584376959470514293e-27,True,5891508327.76982302480180871937,7.43612894809861138424581560701e-20,True,37.5620885846816605606554857289,4.74100211246460942398676285732e-28,True,332638.961717565346666969624336,4.19849395923673745996522194238e-24,True,26.5604075537582095455773353076,3.35239474334347215347699046383e-28,True
192,2.0,natural,1.0,313694395.05408448648571470975,8477091.85587127595092611426453,16954183.7117425519018522285291,2728169.40534223012536434421767,3.10724540758783377880067790908,6.21449081517566755760135581816,positive,positive,False,False,30.2634536576735963393659585913,79228162514264337593543950336.0,98404173488348025.5369690357139,834181217661819174515930.962674,934197638389878883229666637.261,0.011791231914809140885389830806,True,242.107629261388770714927668731,3.05582789728083634352045301802e-27,True,9493475787.39123926151112008706,1.19824510453363373060977008885e-19,True,60.5269073153471926787319171826,7.63956974320209085880113254506e-28,True,536008.735509003738155220531287,6.76538138080004132609300666171e-24,True,42.7989866069316500317622686685,5.40199157076576992271833869489e-28,True
192,2.0,natural,2.0,313694395.05408448648571470975,8477091.85587127595092611426453,16954183.7117425519018522285291,5456338.81068446025072868843533,1.55362270379391688940033895454,3.10724540758783377880067790908,positive,positive,False,False,77.8747353810951778850926432311,79228162514264337593543950336.0,98404173488348025.5369690357139,834181217661819174515930.962674,2403902565324340699303011659.3,0.0303415160599179498972275991915,True,622.997883048761423080741145849,7.86333878356191971585364860922e-27,True,24428868005.3695613373789675428,3.08335662851847123809429150118e-19,True,155.749470762190355770185286462,1.9658346958904799289634121523e-27,True,1379272.13833161183168278701478,1.74088618814463348015480959285e-23,True,110.131506942160717175328794625,1.39005504415595278701408279439e-27,True
192,2.0,natural,4.0,313694395.05408448648571470975,8477091.85587127595092611426453,16954183.7117425519018522285291,10912677.6213689205014573768707,0.77681135189695844470016947727,1.55362270379391688940033895454,negative,positive,True,True,,79228162514264337593543950336.0,98404173488348025.5369690357139,834181217661819174515930.962674,NA_ratio_not_positive,NA,NA,NA_ratio_not_positive,NA,NA,NA_ratio_not_positive,NA,NA,NA_ratio_not_positive,NA,NA,NA_ratio_not_positive,NA,NA,NA_ratio_not_positive,NA,NA
192,2.0,natural,8.0,313694395.05408448648571470975,8477091.85587127595092611426453,16954183.7117425519018522285291,21825355.2427378410029147537413,0.388405675948479222350084738635,0.77681135189695844470016947727,negative,negative,False,False,,79228162514264337593543950336.0,98404173488348025.5369690357139,834181217661819174515930.962674,NA_ratio_not_positive,NA,NA,NA_ratio_not_positive,NA,NA,NA_ratio_not_positive,NA,NA,NA_ratio_not_positive,NA,NA,NA_ratio_not_positive,NA,NA,NA_ratio_not_positive,NA,NA
224,0.25,bits,0.5,194114.528446701150488525270903,8776.12164322485633335929614169,17552.2432864497126667185922834,37191.3658486688418849084620341,0.235972017777856695729791670129,0.471944035555713391459583340257,negative,negative,False,False,,5.19229685853482762853049632922e+33,37680450154.0851501678160226027,330688214123722.0591136505902,NA_ratio_not_positive,NA,NA,NA_ratio_not_positive,NA,NA,NA_ratio_not_positive,NA,NA,NA_ratio_not_positive,NA,NA,NA_ratio_not_positive,NA,NA,NA_ratio_not_positive,NA,NA
224,0.25,bits,1.0,194114.528446701150488525270903,8776.12164322485633335929614169,17552.2432864497126667185922834,74382.7316973376837698169240682,0.117986008888928347864895835064,0.235972017777856695729791670129,negative,negative,False,False,,5.19229685853482762853049632922e+33,37680450154.0851501678160226027,330688214123722.0591136505902,NA_ratio_not_positive,NA,NA,NA_ratio_not_positive,NA,NA,NA_ratio_not_positive,NA,NA,NA_ratio_not_positive,NA,NA,NA_ratio_not_positive,NA,NA,NA_ratio_not_positive,NA,NA
224,0.25,bits,2.0,194114.528446701150488525270903,8776.12164322485633335929614169,17552.2432864497126667185922834,148765.463394675367539633848136,0.0589930044444641739324479175322,0.117986008888928347864895835064,negative,negative,False,False,,5.19229685853482762853049632922e+33,37680450154.0851501678160226027,330688214123722.0591136505902,NA_ratio_not_positive,NA,NA,NA_ratio_not_positive,NA,NA,NA_ratio_not_positive,NA,NA,NA_ratio_not_positive,NA,NA,NA_ratio_not_positive,NA,NA,NA_ratio_not_positive,NA,NA
224,0.25,bits,4.0,194114.528446701150488525270903,8776.12164322485633335929614169,17552.2432864497126667185922834,297530.926789350735079267696273,0.0294965022222320869662239587661,0.0589930044444641739324479175322,negative,negative,False,False,,5.19229685853482762853049632922e+33,37680450154.0851501678160226027,330688214123722.0591136505902,NA_ratio_not_positive,NA,NA,NA_ratio_not_positive,NA,NA,NA_ratio_not_positive,NA,NA,NA_ratio_not_positive,NA,NA,NA_ratio_not_positive,NA,NA,NA_ratio_not_positive,NA,NA
224,0.25,bits,8.0,194114.528446701150488525270903,8776.12164322485633335929614169,17552.2432864497126667185922834,595061.853578701470158535392545,0.014748251111116043483111979383,0.0294965022222320869662239587661,negative,negative,False,False,,5.19229685853482762853049632922e+33,37680450154.0851501678160226027,330688214123722.0591136505902,NA_ratio_not_positive,NA,NA,NA_ratio_not_positive,NA,NA,NA_ratio_not_positive,NA,NA,NA_ratio_not_positive,NA,NA,NA_ratio_not_positive,NA,NA,NA_ratio_not_positive,NA,NA
224,0.25,natural,0.5,85097.2113870794160975657837372,4162.70684490009781881220093538,8325.41368980019563762440187077,24504.4083150998685492191414996,0.169875835864806212340368999984,0.339751671729612424680737999968,negative,negative,False,False,,5.19229685853482762853049632922e+33,7241535385.85727864065317853656,30144388918294.3648103235093024,NA_ratio_not_positive,NA,NA,NA_ratio_not_positive,NA,NA,NA_ratio_not_positive,NA,NA,NA_ratio_not_positive,NA,NA,NA_ratio_not_positive,NA,NA,NA_ratio_not_positive,NA,NA
224,0.25,natural,1.0,85097.2113870794160975657837372,4162.70684490009781881220093538,8325.41368980019563762440187077,49008.8166301997370984382829992,0.084937917932403106170184499992,0.169875835864806212340368999984,negative,negative,False,False,,5.19229685853482762853049632922e+33,7241535385.85727864065317853656,30144388918294.3648103235093024,NA_ratio_not_positive,NA,NA,NA_ratio_not_positive,NA,NA,NA_ratio_not_positive,NA,NA,NA_ratio_not_positive,NA,NA,NA_ratio_not_positive,NA,NA,NA_ratio_not_positive,NA,NA
224,0.25,natural,2.0,85097.2113870794160975657837372,4162.70684490009781881220093538,8325.41368980019563762440187077,98017.6332603994741968765659984,0.042468958966201553085092249996,0.084937917932403106170184499992,negative,negative,False,False,,5.19229685853482762853049632922e+33,7241535385.85727864065317853656,30144388918294.3648103235093024,NA_ratio_not_positive,NA,NA,NA_ratio_not_positive,NA,NA,NA_ratio_not_positive,NA,NA,NA_ratio_not_positive,NA,NA,NA_ratio_not_positive,NA,NA,NA_ratio_not_positive,NA,NA
224,0.25,natural,4.0,85097.2113870794160975657837372,4162.70684490009781881220093538,8325.41368980019563762440187077,196035.266520798948393753131997,0.021234479483100776542546124998,0.042468958966201553085092249996,negative,negative,False,False,,5.19229685853482762853049632922e+33,7241535385.85727864065317853656,30144388918294.3648103235093024,NA_ratio_not_positive,NA,NA,NA_ratio_not_positive,NA,NA,NA_ratio_not_positive,NA,NA,NA_ratio_not_positive,NA,NA,NA_ratio_not_positive,NA,NA,NA_ratio_not_positive,NA,NA
224,0.25,natural,8.0,85097.2113870794160975657837372,4162.70684490009781881220093538,8325.41368980019563762440187077,392070.533041597896787506263994,0.010617239741550388271273062499,0.021234479483100776542546124998,negative,negative,False,False,,5.19229685853482762853049632922e+33,7241535385.85727864065317853656,30144388918294.3648103235093024,NA_ratio_not_positive,NA,NA,NA_ratio_not_positive,NA,NA,NA_ratio_not_positive,NA,NA,NA_ratio_not_positive,NA,NA,NA_ratio_not_positive,NA,NA,NA_ratio_not_positive,NA,NA
224,0.5,bits,0.5,750965.604155077131852200705571,30210.2131740957660751099051877,60420.4263481915321502198103754,73737.6870847410323932682693034,0.409698410249530878568023109903,0.819396820499061757136046219806,negative,negative,False,False,,5.19229685853482762853049632922e+33,563949338624.0,17037029739221359.0472968473387,NA_ratio_not_positive,NA,NA,NA_ratio_not_positive,NA,NA,NA_ratio_not_positive,NA,NA,NA_ratio_not_positive,NA,NA,NA_ratio_not_positive,NA,NA,NA_ratio_not_positive,NA,NA
224,0.5,bits,1.0,750965.604155077131852200705571,30210.2131740957660751099051877,60420.4263481915321502198103754,147475.374169482064786536538607,0.204849205124765439284011554952,0.409698410249530878568023109903,negative,negative,False,False,,5.19229685853482762853049632922e+33,563949338624.0,17037029739221359.0472968473387,NA_ratio_not_positive,NA,NA,NA_ratio_not_positive,NA,NA,NA_ratio_not_positive,NA,NA,NA_ratio_not_positive,NA,NA,NA_ratio_not_positive,NA,NA,NA_ratio_not_positive,NA,NA
224,0.5,bits,2.0,750965.604155077131852200705571,30210.2131740957660751099051877,60420.4263481915321502198103754,294950.748338964129573073077213,0.102424602562382719642005777476,0.204849205124765439284011554952,negative,negative,False,False,,5.19229685853482762853049632922e+33,563949338624.0,17037029739221359.0472968473387,NA_ratio_not_positive,NA,NA,NA_ratio_not_positive,NA,NA,NA_ratio_not_positive,NA,NA,NA_ratio_not_positive,NA,NA,NA_ratio_not_positive,NA,NA,NA_ratio_not_positive,NA,NA
224,0.5,bits,4.0,750965.604155077131852200705571,30210.2131740957660751099051877,60420.4263481915321502198103754,589901.496677928259146146154427,0.0512123012811913598210028887379,0.102424602562382719642005777476,negative,negative,False,False,,5.19229685853482762853049632922e+33,563949338624.0,17037029739221359.0472968473387,NA_ratio_not_positive,NA,NA,NA_ratio_not_positive,NA,NA,NA_ratio_not_positive,NA,NA,NA_ratio_not_positive,NA,NA,NA_ratio_not_positive,NA,NA,NA_ratio_not_positive,NA,NA
224,0.5,bits,8.0,750965.604155077131852200705571,30210.2131740957660751099051877,60420.4263481915321502198103754,1179802.99335585651829229230885,0.0256061506405956799105014443689,0.0512123012811913598210028887379,negative,negative,False,False,,5.19229685853482762853049632922e+33,563949338624.0,17037029739221359.0472968473387,NA_ratio_not_positive,NA,NA,NA_ratio_not_positive,NA,NA,NA_ratio_not_positive,NA,NA,NA_ratio_not_positive,NA,NA,NA_ratio_not_positive,NA,NA,NA_ratio_not_positive,NA,NA
224,0.5,natural,0.5,300388.774054883109901918878128,13058.2361505091606880168513008,26116.4723010183213760337026015,46384.9079115814668976415279138,0.281519070284685353325018657056,0.563038140569370706650037314111,negative,negative,False,False,,5.19229685853482762853049632922e+33,90233415578.1956161965014998494,1178289249287110.45514658593703,NA_ratio_not_positive,NA,NA,NA_ratio_not_positive,NA,NA,NA_ratio_not_positive,NA,NA,NA_ratio_not_positive,NA,NA,NA_ratio_not_positive,NA,NA,NA_ratio_not_positive,NA,NA
224,0.5,natural,1.0,300388.774054883109901918878128,13058.2361505091606880168513008,26116.4723010183213760337026015,92769.8158231629337952830558276,0.140759535142342676662509328528,0.281519070284685353325018657056,negative,negative,False,False,,5.19229685853482762853049632922e+33,90233415578.1956161965014998494,1178289249287110.45514658593703,NA_ratio_not_positive,NA,NA,NA_ratio_not_positive,NA,NA,NA_ratio_not_positive,NA,NA,NA_ratio_not_positive,NA,NA,NA_ratio_not_positive,NA,NA,NA_ratio_not_positive,NA,NA
224,0.5,natural,2.0,300388.774054883109901918878128,13058.2361505091606880168513008,26116.4723010183213760337026015,185539.631646325867590566111655,0.0703797675711713383312546642639,0.140759535142342676662509328528,negative,negative,False,False,,5.19229685853482762853049632922e+33,90233415578.1956161965014998494,1178289249287110.45514658593703,NA_ratio_not_positive,NA,NA,NA_ratio_not_positive,NA,NA,NA_ratio_not_positive,NA,NA,NA_ratio_not_positive,NA,NA,NA_ratio_not_positive,NA,NA,NA_ratio_not_positive,NA,NA
224,0.5,natural,4.0,300388.774054883109901918878128,13058.2361505091606880168513008,26116.4723010183213760337026015,371079.263292651735181132223311,0.0351898837855856691656273321319,0.0703797675711713383312546642639,negative,negative,False,False,,5.19229685853482762853049632922e+33,90233415578.1956161965014998494,1178289249287110.45514658593703,NA_ratio_not_positive,NA,NA,NA_ratio_not_positive,NA,NA,NA_ratio_not_positive,NA,NA,NA_ratio_not_positive,NA,NA,NA_ratio_not_positive,NA,NA,NA_ratio_not_positive,NA,NA
224,0.5,natural,8.0,300388.774054883109901918878128,13058.2361505091606880168513008,26116.4723010183213760337026015,742158.526585303470362264446621,0.017594941892792834582813666066,0.0351898837855856691656273321319,negative,negative,False,False,,5.19229685853482762853049632922e+33,90233415578.1956161965014998494,1178289249287110.45514658593703,NA_ratio_not_positive,NA,NA,NA_ratio_not_positive,NA,NA,NA_ratio_not_positive,NA,NA,NA_ratio_not_positive,NA,NA,NA_ratio_not_positive,NA,NA,NA_ratio_not_positive,NA,NA
224,1.0,bits,0.5,11239424.0,370765.51230708922123088051019,741531.02461417844246176102038,289802.657043725637778323674006,1.27937237045810745750558793531,2.55874474091621491501117587062,positive,positive,False,True,161.77304061587430909500334016,5.19229685853482762853049632922e+33,126324651851776.0,46836824260838415708.7359993756,229688003819523749503708.258455,4.42363004422550591084124873081e-11,True,1294.18432492699447276002672128,2.49250834493347884008580743198e-31,True,1818235795.25103249062579882148,3.50179476403070255984407326379e-25,True,323.546081231748618190006680321,6.23127086233369710021451857995e-32,True,542348.165991535186014871593713,1.04452457316659671998672848468e-28,True,228.781628065303000892910867547,4.40617388216630285760118849226e-32,True
224,1.0,bits,1.0,11239424.0,370765.51230708922123088051019,741531.02461417844246176102038,579605.314087451275556647348011,0.639686185229053728752793967655,1.27937237045810745750558793531,negative,positive,True,False,,5.19229685853482762853049632922e+33,126324651851776.0,46836824260838415708.7359993756,NA_ratio_not_positive,NA,NA,NA_ratio_not_positive,NA,NA,NA_ratio_not_positive,NA,NA,NA_ratio_not_positive,NA,NA,NA_ratio_not_positive,NA,NA,NA_ratio_not_positive,NA,NA
224,1.0,bits,2.0,11239424.0,370765.51230708922123088051019,741531.02461417844246176102038,1159210.62817490255111329469602,0.319843092614526864376396983828,0.639686185229053728752793967655,negative,negative,False,False,,5.19229685853482762853049632922e+33,126324651851776.0,46836824260838415708.7359993756,NA_ratio_not_positive,NA,NA,NA_ratio_not_positive,NA,NA,NA_ratio_not_positive,NA,NA,NA_ratio_not_positive,NA,NA,NA_ratio_not_positive,NA,NA,NA_ratio_not_positive,NA,NA
224,1.0,bits,4.0,11239424.0,370765.51230708922123088051019,741531.02461417844246176102038,2318421.25634980510222658939204,0.159921546307263432188198491914,0.319843092614526864376396983828,negative,negative,False,False,,5.19229685853482762853049632922e+33,126324651851776.0,46836824260838415708.7359993756,NA_ratio_not_positive,NA,NA,NA_ratio_not_positive,NA,NA,NA_ratio_not_positive,NA,NA,NA_ratio_not_positive,NA,NA,NA_ratio_not_positive,NA,NA,NA_ratio_not_positive,NA,NA
224,1.0,bits,8.0,11239424.0,370765.51230708922123088051019,741531.02461417844246176102038,4636842.51269961020445317878409,0.0799607731536317160940992459569,0.159921546307263432188198491914,negative,negative,False,False,,5.19229685853482762853049632922e+33,126324651851776.0,46836824260838415708.7359993756,NA_ratio_not_positive,NA,NA,NA_ratio_not_positive,NA,NA,NA_ratio_not_positive,NA,NA,NA_ratio_not_positive,NA,NA,NA_ratio_not_positive,NA,NA,NA_ratio_not_positive,NA,NA
224,1.0,natural,0.5,3743005.26615602172865959620889,133204.523597853694361115931009,266409.047195707388722231862019,166176.521896779490262470199174,0.801584496277961905260167969082,1.60316899255592381052033593816,negative,positive,True,True,,5.19229685853482762853049632922e+33,14010088422471.7110599909262424,1866207153879149874.44052690638,NA_ratio_not_positive,NA,NA,NA_ratio_not_positive,NA,NA,NA_ratio_not_positive,NA,NA,NA_ratio_not_positive,NA,NA,NA_ratio_not_positive,NA,NA,NA_ratio_not_positive,NA,NA
224,1.0,natural,1.0,3743005.26615602172865959620889,133204.523597853694361115931009,266409.047195707388722231862019,332353.043793558980524940398349,0.400792248138980952630083984541,0.801584496277961905260167969082,negative,negative,False,False,,5.19229685853482762853049632922e+33,14010088422471.7110599909262424,1866207153879149874.44052690638,NA_ratio_not_positive,NA,NA,NA_ratio_not_positive,NA,NA,NA_ratio_not_positive,NA,NA,NA_ratio_not_positive,NA,NA,NA_ratio_not_positive,NA,NA,NA_ratio_not_positive,NA,NA
224,1.0,natural,2.0,3743005.26615602172865959620889,133204.523597853694361115931009,266409.047195707388722231862019,664706.087587117961049880796698,0.20039612406949047631504199227,0.400792248138980952630083984541,negative,negative,False,False,,5.19229685853482762853049632922e+33,14010088422471.7110599909262424,1866207153879149874.44052690638,NA_ratio_not_positive,NA,NA,NA_ratio_not_positive,NA,NA,NA_ratio_not_positive,NA,NA,NA_ratio_not_positive,NA,NA,NA_ratio_not_positive,NA,NA,NA_ratio_not_positive,NA,NA
224,1.0,natural,4.0,3743005.26615602172865959620889,133204.523597853694361115931009,266409.047195707388722231862019,1329412.1751742359220997615934,0.100198062034745238157520996135,0.20039612406949047631504199227,negative,negative,False,False,,5.19229685853482762853049632922e+33,14010088422471.7110599909262424,1866207153879149874.44052690638,NA_ratio_not_positive,NA,NA,NA_ratio_not_positive,NA,NA,NA_ratio_not_positive,NA,NA,NA_ratio_not_positive,NA,NA,NA_ratio_not_positive,NA,NA,NA_ratio_not_positive,NA,NA
224,1.0,natural,8.0,3743005.26615602172865959620889,133204.523597853694361115931009,266409.047195707388722231862019,2658824.35034847184419952318679,0.0500990310173726190787604980676,0.100198062034745238157520996135,negative,negative,False,False,,5.19229685853482762853049632922e+33,14010088422471.7110599909262424,1866207153879149874.44052690638,NA_ratio_not_positive,NA,NA,NA_ratio_not_positive,NA,NA,NA_ratio_not_positive,NA,NA,NA_ratio_not_positive,NA,NA,NA_ratio_not_positive,NA,NA,NA_ratio_not_positive,NA,NA
224,2.0,bits,0.5,2517630976.0,61130621.9445914138086430058617,122261243.889182827617286011723,4473136.38588642414976817414644,13.6661654532756650379064912495,27.332330906551330075812982499,positive,positive,False,False,15.2417341960164238230935782117,5.19229685853482762853049632922e+33,6338465731314712576.0,387474352329747832727588377.374,243226339379045464663155732133.0,0.0000468436890273795985547292968945,True,121.933873568131390584748625693,2.34836098339991536801102167959e-32,True,38373062139.8494044217647366524,7.39038294329681090785373461241e-24,True,30.4834683920328476461871564233,5.87090245849978842002755419896e-33,True,764769.255019320081747543380348,1.47289200878842691881651279744e-28,True,21.5550672140922085090439425995,4.15135494008997379849872621617e-33,True
224,2.0,bits,1.0,2517630976.0,61130621.9445914138086430058617,122261243.889182827617286011723,8946272.77177284829953634829289,6.83308272663783251895324562475,13.6661654532756650379064912495,positive,positive,False,False,20.7391311403112160151067740572,5.19229685853482762853049632922e+33,6338465731314712576.0,387474352329747832727588377.374,330953347190521394955016202081.0,0.0000637392961549410429237569029951,True,165.913049122489728120854192458,3.19536909469593372330437622603e-32,True,52213478974.1737197198600983139,1.00559502656994500537926383288e-23,True,41.4782622806224320302135481144,7.98842273673983430826094056507e-33,True,1040606.6440962555747739974951,2.00413549619328963125650476896e-28,True,29.329560530462313734174632209,5.64866788813353515759398952951e-33,True
224,2.0,bits,2.0,2517630976.0,61130621.9445914138086430058617,122261243.889182827617286011723,17892545.5435456965990726965858,3.41654136331891625947662281238,6.83308272663783251895324562475,positive,positive,False,False,32.4393867054531468310789621622,5.19229685853482762853049632922e+33,6338465731314712576.0,387474352329747832727588377.374,517665062164041730642601714674.0,0.0000996986644384807881054537554978,True,259.515093643625174648631697297,4.99807889868715337236020657982e-32,True,81670404812.0914305786006346414,1.57291478197834288293961478939e-23,True,64.8787734109062936621579243243,1.24951972467178834309005164495e-32,True,1627678.66733281709539621800545,3.13479508525658259514432156686e-28,True,45.8762206339173141700570856034,8.83543870541769348123276776816e-33,True
224,2.0,bits,4.0,2517630976.0,61130621.9445914138086430058617,122261243.889182827617286011723,35785091.0870913931981453931715,1.70827068165945812973831140619,3.41654136331891625947662281238,positive,positive,False,True,74.4301312039092984567312921311,5.19229685853482762853049632922e+33,6338465731314712576.0,387474352329747832727588377.374,1.18774990558229371607956697859e+30,0.000228752310960405157190598909549,True,595.441049631274387653850337049,1.14677774760223762486132770889e-31,True,187387603866.706222089095696778,3.60895397493862896407943293047e-23,True,148.860262407818596913462584262,2.86694436900559406215331927221e-32,True,3734606.26328735295936494931397,7.19259003296123438313024739013e-28,True,105.260100997777430729253697945,2.02723580460844316291488192027e-32,True
224,2.0,bits,8.0,2517630976.0,61130621.9445914138086430058617,122261243.889182827617286011723,71570182.1741827863962907863431,0.854135340829729064869155703094,1.70827068165945812973831140619,negative,positive,True,False,,5.19229685853482762853049632922e+33,6338465731314712576.0,387474352329747832727588377.374,NA_ratio_not_positive,NA,NA,NA_ratio_not_positive,NA,NA,NA_ratio_not_positive,NA,NA,NA_ratio_not_positive,NA,NA,NA_ratio_not_positive,NA,NA,NA_ratio_not_positive,NA,NA
224,2.0,natural,0.5,581157594.540784608064969921382,15196546.6512221457607337512425,30393093.302444291521467502485,2131460.65006541969346822314889,7.12963978516597381774293834166,14.2592795703319476354858766833,positive,positive,False,False,20.2905666421789191105296999202,5.19229685853482762853049632922e+33,337744149692430999.682989822705,5132544726978383419347920.09205,3982684721602563778795839198.08,0.000000767037176438791956437547778275,True,162.324533137431352884237599361,3.1262567907805718882557054778e-32,True,11792016901.6381856768029400277,2.27105984555853761729430611597e-24,True,40.5811332843578382210593998404,7.8156419769514297206392636945e-33,True,489148.959713081453285937649566,9.42066628777289234080363797621e-29,True,28.6951945336045385881897397659,5.52649344122859032551256931856e-33,True
224,2.0,natural,1.0,581157594.540784608064969921382,15196546.6512221457607337512425,30393093.302444291521467502485,4262921.30013083938693644629779,3.56481989258298690887146917083,7.12963978516597381774293834166,positive,positive,False,False,31.3551558473291461363130064052,5.19229685853482762853049632922e+33,337744149692430999.682989822705,5132544726978383419347920.09205,6154470810935173868659649588.94,0.00000118530796266372457510785406823,True,250.841246778633169090504051242,4.83102668458397883920966092657e-32,True,18222286948.685223560368004984,3.50948480896895863164519683646e-24,True,62.7103116946582922726260128104,1.20775667114599470980241523164e-32,True,755885.339962865711765188300735,1.45578221075780882677247744356e-28,True,44.3428866496149333448975776734,8.54012932190623917372304988526e-33,True
224,2.0,natural,2.0,581157594.540784608064969921382,15196546.6512221457607337512425,30393093.302444291521467502485,8525842.60026167877387289259557,1.78240994629149345443573458541,3.56481989258298690887146917083,positive,positive,False,False,68.9589676149301726760453973132,5.19229685853482762853049632922e+33,337744149692430999.682989822705,5132544726978383419347920.09205,13535443912471029389463314332.8,0.00000260683167416018797036084978686,True,551.671740919441381408363178505,1.06248112530898932540890787416e-31,True,40076027741.1086859046200516198,7.71836218786947727316217440893e-24,True,137.917935229860345352090794626,2.65620281327247331352226968541e-32,True,1662408.34307764380689046521389,3.20168200773240343751554672709e-28,True,97.5227072482812932690716784692,1.87821902147175073975567404536e-32,True
224,2.0,natural,4.0,581157594.540784608064969921382,15196546.6512221457607337512425,30393093.302444291521467502485,17051685.2005233575477457851911,0.891204973145746727217867292707,1.78240994629149345443573458541,negative,positive,True,True,,5.19229685853482762853049632922e+33,337744149692430999.682989822705,5132544726978383419347920.09205,NA_ratio_not_positive,NA,NA,NA_ratio_not_positive,NA,NA,NA_ratio_not_positive,NA,NA,NA_ratio_not_positive,NA,NA,NA_ratio_not_positive,NA,NA,NA_ratio_not_positive,NA,NA
224,2.0,natural,8.0,581157594.540784608064969921382,15196546.6512221457607337512425,30393093.302444291521467502485,34103370.4010467150954915703823,0.445602486572873363608933646354,0.891204973145746727217867292707,negative,negative,False,False,,5.19229685853482762853049632922e+33,337744149692430999.682989822705,5132544726978383419347920.09205,NA_ratio_not_positive,NA,NA,NA_ratio_not_positive,NA,NA,NA_ratio_not_positive,NA,NA,NA_ratio_not_positive,NA,NA,NA_ratio_not_positive,NA,NA,NA_ratio_not_positive,NA,NA
256,0.25,bits,0.5,262144.0,11534.0739765578253329904819934,23068.1479531156506659809639867,48975.0071896434957821839527737,0.23550938812310943987819855605,0.471018776246218879756397112099,negative,negative,False,False,,3.40282366920938463463374607432e+38,68719476736.0,792615528303368.487329190880653,NA_ratio_not_positive,NA,NA,NA_ratio_not_positive,NA,NA,NA_ratio_not_positive,NA,NA,NA_ratio_not_positive,NA,NA,NA_ratio_not_positive,NA,NA,NA_ratio_not_positive,NA,NA
256,0.25,bits,1.0,262144.0,11534.0739765578253329904819934,23068.1479531156506659809639867,97950.0143792869915643679055475,0.117754694061554719939099278025,0.23550938812310943987819855605,negative,negative,False,False,,3.40282366920938463463374607432e+38,68719476736.0,792615528303368.487329190880653,NA_ratio_not_positive,NA,NA,NA_ratio_not_positive,NA,NA,NA_ratio_not_positive,NA,NA,NA_ratio_not_positive,NA,NA,NA_ratio_not_positive,NA,NA,NA_ratio_not_positive,NA,NA
256,0.25,bits,2.0,262144.0,11534.0739765578253329904819934,23068.1479531156506659809639867,195900.028758573983128735811095,0.0588773470307773599695496390124,0.117754694061554719939099278025,negative,negative,False,False,,3.40282366920938463463374607432e+38,68719476736.0,792615528303368.487329190880653,NA_ratio_not_positive,NA,NA,NA_ratio_not_positive,NA,NA,NA_ratio_not_positive,NA,NA,NA_ratio_not_positive,NA,NA,NA_ratio_not_positive,NA,NA,NA_ratio_not_positive,NA,NA
256,0.25,bits,4.0,262144.0,11534.0739765578253329904819934,23068.1479531156506659809639867,391800.05751714796625747162219,0.0294386735153886799847748195062,0.0588773470307773599695496390124,negative,negative,False,False,,3.40282366920938463463374607432e+38,68719476736.0,792615528303368.487329190880653,NA_ratio_not_positive,NA,NA,NA_ratio_not_positive,NA,NA,NA_ratio_not_positive,NA,NA,NA_ratio_not_positive,NA,NA,NA_ratio_not_positive,NA,NA,NA_ratio_not_positive,NA,NA
256,0.25,bits,8.0,262144.0,11534.0739765578253329904819934,23068.1479531156506659809639867,783600.11503429593251494324438,0.0147193367576943399923874097531,0.0294386735153886799847748195062,negative,negative,False,False,,3.40282366920938463463374607432e+38,68719476736.0,792615528303368.487329190880653,NA_ratio_not_positive,NA,NA,NA_ratio_not_positive,NA,NA,NA_ratio_not_positive,NA,NA,NA_ratio_not_positive,NA,NA,NA_ratio_not_positive,NA,NA,NA_ratio_not_positive,NA,NA
256,0.25,natural,0.5,114920.421260378110709175788197,5458.39556794072884705266963629,10916.7911358814576941053392726,32286.9512373742283852190795084,0.169058872354051315354444363318,0.338117744708102630708888726637,negative,negative,False,False,,3.40282366920938463463374607432e+38,13206703222.6627652715629408216,72087410337690.9785902830270412,NA_ratio_not_positive,NA,NA,NA_ratio_not_positive,NA,NA,NA_ratio_not_positive,NA,NA,NA_ratio_not_positive,NA,NA,NA_ratio_not_positive,NA,NA,NA_ratio_not_positive,NA,NA
256,0.25,natural,1.0,114920.421260378110709175788197,5458.39556794072884705266963629,10916.7911358814576941053392726,64573.9024747484567704381590168,0.0845294361770256576772221816592,0.169058872354051315354444363318,negative,negative,False,False,,3.40282366920938463463374607432e+38,13206703222.6627652715629408216,72087410337690.9785902830270412,NA_ratio_not_positive,NA,NA,NA_ratio_not_positive,NA,NA,NA_ratio_not_positive,NA,NA,NA_ratio_not_positive,NA,NA,NA_ratio_not_positive,NA,NA,NA_ratio_not_positive,NA,NA
256,0.25,natural,2.0,114920.421260378110709175788197,5458.39556794072884705266963629,10916.7911358814576941053392726,129147.804949496913540876318034,0.0422647180885128288386110908296,0.0845294361770256576772221816592,negative,negative,False,False,,3.40282366920938463463374607432e+38,13206703222.6627652715629408216,72087410337690.9785902830270412,NA_ratio_not_positive,NA,NA,NA_ratio_not_positive,NA,NA,NA_ratio_not_positive,NA,NA,NA_ratio_not_positive,NA,NA,NA_ratio_not_positive,NA,NA,NA_ratio_not_positive,NA,NA
256,0.25,natural,4.0,114920.421260378110709175788197,5458.39556794072884705266963629,10916.7911358814576941053392726,258295.609898993827081752636067,0.0211323590442564144193055454148,0.0422647180885128288386110908296,negative,negative,False,False,,3.40282366920938463463374607432e+38,13206703222.6627652715629408216,72087410337690.9785902830270412,NA_ratio_not_positive,NA,NA,NA_ratio_not_positive,NA,NA,NA_ratio_not_positive,NA,NA,NA_ratio_not_positive,NA,NA,NA_ratio_not_positive,NA,NA,NA_ratio_not_positive,NA,NA
256,0.25,natural,8.0,114920.421260378110709175788197,5458.39556794072884705266963629,10916.7911358814576941053392726,516591.219797987654163505272134,0.0105661795221282072096527727074,0.0211323590442564144193055454148,negative,negative,False,False,,3.40282366920938463463374607432e+38,13206703222.6627652715629408216,72087410337690.9785902830270412,NA_ratio_not_positive,NA,NA,NA_ratio_not_positive,NA,NA,NA_ratio_not_positive,NA,NA,NA_ratio_not_positive,NA,NA,NA_ratio_not_positive,NA,NA,NA_ratio_not_positive,NA,NA
256,0.5,bits,0.5,1048576.0,41068.2412463377962657762454725,82136.482492675592531552490945,98659.7970921803755612111512399,0.416261156588095214912529215126,0.832522313176190429825058430252,negative,negative,False,False,,3.40282366920938463463374607432e+38,1099511627776.0,45155008782658333.3709362939796,NA_ratio_not_positive,NA,NA,NA_ratio_not_positive,NA,NA,NA_ratio_not_positive,NA,NA,NA_ratio_not_positive,NA,NA,NA_ratio_not_positive,NA,NA,NA_ratio_not_positive,NA,NA
256,0.5,bits,1.0,1048576.0,41068.2412463377962657762454725,82136.482492675592531552490945,197319.59418436075112242230248,0.208130578294047607456264607563,0.416261156588095214912529215126,negative,negative,False,False,,3.40282366920938463463374607432e+38,1099511627776.0,45155008782658333.3709362939796,NA_ratio_not_positive,NA,NA,NA_ratio_not_positive,NA,NA,NA_ratio_not_positive,NA,NA,NA_ratio_not_positive,NA,NA,NA_ratio_not_positive,NA,NA,NA_ratio_not_positive,NA,NA
256,0.5,bits,2.0,1048576.0,41068.2412463377962657762454725,82136.482492675592531552490945,394639.188368721502244844604959,0.104065289147023803728132303781,0.208130578294047607456264607563,negative,negative,False,False,,3.40282366920938463463374607432e+38,1099511627776.0,45155008782658333.3709362939796,NA_ratio_not_positive,NA,NA,NA_ratio_not_positive,NA,NA,NA_ratio_not_positive,NA,NA,NA_ratio_not_positive,NA,NA,NA_ratio_not_positive,NA,NA,NA_ratio_not_positive,NA,NA
256,0.5,bits,4.0,1048576.0,41068.2412463377962657762454725,82136.482492675592531552490945,789278.376737443004489689209919,0.0520326445735119018640661518907,0.104065289147023803728132303781,negative,negative,False,False,,3.40282366920938463463374607432e+38,1099511627776.0,45155008782658333.3709362939796,NA_ratio_not_positive,NA,NA,NA_ratio_not_positive,NA,NA,NA_ratio_not_positive,NA,NA,NA_ratio_not_positive,NA,NA,NA_ratio_not_positive,NA,NA,NA_ratio_not_positive,NA,NA
256,0.5,bits,8.0,1048576.0,41068.2412463377962657762454725,82136.482492675592531552490945,1578556.75347488600897937841984,0.0260163222867559509320330759454,0.0520326445735119018640661518907,negative,negative,False,False,,3.40282366920938463463374607432e+38,1099511627776.0,45155008782658333.3709362939796,NA_ratio_not_positive,NA,NA,NA_ratio_not_positive,NA,NA,NA_ratio_not_positive,NA,NA,NA_ratio_not_positive,NA,NA,NA_ratio_not_positive,NA,NA,NA_ratio_not_positive,NA,NA
256,0.5,natural,0.5,419433.935989335271943838366253,17712.6944841898025506148383282,35425.3889683796051012296766564,62101.4882315766410060312193368,0.285221739262336358677024481354,0.570443478524672717354048962708,negative,negative,False,False,,3.40282366920938463463374607432e+38,175924826659.505798270182730235,3116102706803875.48000272989608,NA_ratio_not_positive,NA,NA,NA_ratio_not_positive,NA,NA,NA_ratio_not_positive,NA,NA,NA_ratio_not_positive,NA,NA,NA_ratio_not_positive,NA,NA,NA_ratio_not_positive,NA,NA
256,0.5,natural,1.0,419433.935989335271943838366253,17712.6944841898025506148383282,35425.3889683796051012296766564,124202.976463153282012062438674,0.142610869631168179338512240677,0.285221739262336358677024481354,negative,negative,False,False,,3.40282366920938463463374607432e+38,175924826659.505798270182730235,3116102706803875.48000272989608,NA_ratio_not_positive,NA,NA,NA_ratio_not_positive,NA,NA,NA_ratio_not_positive,NA,NA,NA_ratio_not_positive,NA,NA,NA_ratio_not_positive,NA,NA,NA_ratio_not_positive,NA,NA
256,0.5,natural,2.0,419433.935989335271943838366253,17712.6944841898025506148383282,35425.3889683796051012296766564,248405.952926306564024124877347,0.0713054348155840896692561203385,0.142610869631168179338512240677,negative,negative,False,False,,3.40282366920938463463374607432e+38,175924826659.505798270182730235,3116102706803875.48000272989608,NA_ratio_not_positive,NA,NA,NA_ratio_not_positive,NA,NA,NA_ratio_not_positive,NA,NA,NA_ratio_not_positive,NA,NA,NA_ratio_not_positive,NA,NA,NA_ratio_not_positive,NA,NA
256,0.5,natural,4.0,419433.935989335271943838366253,17712.6944841898025506148383282,35425.3889683796051012296766564,496811.905852613128048249754694,0.0356527174077920448346280601692,0.0713054348155840896692561203385,negative,negative,False,False,,3.40282366920938463463374607432e+38,175924826659.505798270182730235,3116102706803875.48000272989608,NA_ratio_not_positive,NA,NA,NA_ratio_not_positive,NA,NA,NA_ratio_not_positive,NA,NA,NA_ratio_not_positive,NA,NA,NA_ratio_not_positive,NA,NA,NA_ratio_not_positive,NA,NA
256,0.5,natural,8.0,419433.935989335271943838366253,17712.6944841898025506148383282,35425.3889683796051012296766564,993623.811705226256096499509389,0.0178263587038960224173140300846,0.0356527174077920448346280601692,negative,negative,False,False,,3.40282366920938463463374607432e+38,175924826659.505798270182730235,3116102706803875.48000272989608,NA_ratio_not_positive,NA,NA,NA_ratio_not_positive,NA,NA,NA_ratio_not_positive,NA,NA,NA_ratio_not_positive,NA,NA,NA_ratio_not_positive,NA,NA,NA_ratio_not_positive,NA,NA
256,1.0,bits,0.5,16777216.0,539110.327553035704409938548327,1078220.65510607140881987709665,400317.450071868574219590570498,1.34670703826737952511981274939,2.69341407653475905023962549878,positive,positive,False,True,152.525623349386590364538943425,3.40282366920938463463374607432e+38,281474976710656.0,151746066892464852563.460688605,720281891483942987909555.77646,2.11671823609741724898285130419e-15,True,1220.2049867950927229163115474,3.58586017205703855329250403843e-36,True,2558955328.46730229404938859425,7.52009383154976251611448142921e-30,True,305.051246698773180729077886849,8.96465043014259638323126009609e-37,True,624744.953239087474133151512267,1.83596040809320373928576206768e-33,True,215.703805150112935361516880763,6.3389651101207300443909646105e-37,True
256,1.0,bits,1.0,16777216.0,539110.327553035704409938548327,1078220.65510607140881987709665,800634.900143737148439181140997,0.673353519133689762559906374694,1.34670703826737952511981274939,negative,positive,True,False,,3.40282366920938463463374607432e+38,281474976710656.0,151746066892464852563.460688605,NA_ratio_not_positive,NA,NA,NA_ratio_not_positive,NA,NA,NA_ratio_not_positive,NA,NA,NA_ratio_not_positive,NA,NA,NA_ratio_not_positive,NA,NA,NA_ratio_not_positive,NA,NA
256,1.0,bits,2.0,16777216.0,539110.327553035704409938548327,1078220.65510607140881987709665,1601269.80028747429687836228199,0.336676759566844881279953187347,0.673353519133689762559906374694,negative,negative,False,False,,3.40282366920938463463374607432e+38,281474976710656.0,151746066892464852563.460688605,NA_ratio_not_positive,NA,NA,NA_ratio_not_positive,NA,NA,NA_ratio_not_positive,NA,NA,NA_ratio_not_positive,NA,NA,NA_ratio_not_positive,NA,NA,NA_ratio_not_positive,NA,NA
256,1.0,bits,4.0,16777216.0,539110.327553035704409938548327,1078220.65510607140881987709665,3202539.60057494859375672456399,0.168338379783422440639976593673,0.336676759566844881279953187347,negative,negative,False,False,,3.40282366920938463463374607432e+38,281474976710656.0,151746066892464852563.460688605,NA_ratio_not_positive,NA,NA,NA_ratio_not_positive,NA,NA,NA_ratio_not_positive,NA,NA,NA_ratio_not_positive,NA,NA,NA_ratio_not_positive,NA,NA,NA_ratio_not_positive,NA,NA
256,1.0,bits,8.0,16777216.0,539110.327553035704409938548327,1078220.65510607140881987709665,6405079.20114989718751344912798,0.0841691898917112203199882968367,0.168338379783422440639976593673,negative,negative,False,False,,3.40282366920938463463374607432e+38,281474976710656.0,151746066892464852563.460688605,NA_ratio_not_positive,NA,NA,NA_ratio_not_positive,NA,NA,NA_ratio_not_positive,NA,NA,NA_ratio_not_positive,NA,NA,NA_ratio_not_positive,NA,NA,NA_ratio_not_positive,NA,NA
256,1.0,natural,0.5,5587226.51974309949001082582785,193284.045288920511889309915098,386568.090577841023778619830196,229716.840363131439813472670105,0.841401287704380971043777610469,1.68280257540876194208755522094,negative,positive,True,True,,3.40282366920938463463374607432e+38,31217100182920.587715239920177,6033767405544391671.92816630566,NA_ratio_not_positive,NA,NA,NA_ratio_not_positive,NA,NA,NA_ratio_not_positive,NA,NA,NA_ratio_not_positive,NA,NA,NA_ratio_not_positive,NA,NA,NA_ratio_not_positive,NA,NA
256,1.0,natural,1.0,5587226.51974309949001082582785,193284.045288920511889309915098,386568.090577841023778619830196,459433.680726262879626945340211,0.420700643852190485521888805234,0.841401287704380971043777610469,negative,negative,False,False,,3.40282366920938463463374607432e+38,31217100182920.587715239920177,6033767405544391671.92816630566,NA_ratio_not_positive,NA,NA,NA_ratio_not_positive,NA,NA,NA_ratio_not_positive,NA,NA,NA_ratio_not_positive,NA,NA,NA_ratio_not_positive,NA,NA,NA_ratio_not_positive,NA,NA
256,1.0,natural,2.0,5587226.51974309949001082582785,193284.045288920511889309915098,386568.090577841023778619830196,918867.361452525759253890680421,0.210350321926095242760944402617,0.420700643852190485521888805234,negative,negative,False,False,,3.40282366920938463463374607432e+38,31217100182920.587715239920177,6033767405544391671.92816630566,NA_ratio_not_positive,NA,NA,NA_ratio_not_positive,NA,NA,NA_ratio_not_positive,NA,NA,NA_ratio_not_positive,NA,NA,NA_ratio_not_positive,NA,NA,NA_ratio_not_positive,NA,NA
256,1.0,natural,4.0,5587226.51974309949001082582785,193284.045288920511889309915098,386568.090577841023778619830196,1837734.72290505151850778136084,0.105175160963047621380472201309,0.210350321926095242760944402617,negative,negative,False,False,,3.40282366920938463463374607432e+38,31217100182920.587715239920177,6033767405544391671.92816630566,NA_ratio_not_positive,NA,NA,NA_ratio_not_positive,NA,NA,NA_ratio_not_positive,NA,NA,NA_ratio_not_positive,NA,NA,NA_ratio_not_positive,NA,NA,NA_ratio_not_positive,NA,NA
256,1.0,natural,8.0,5587226.51974309949001082582785,193284.045288920511889309915098,386568.090577841023778619830196,3675469.44581010303701556272168,0.0525875804815238106902361006543,0.105175160963047621380472201309,negative,negative,False,False,,3.40282366920938463463374607432e+38,31217100182920.587715239920177,6033767405544391671.92816630566,NA_ratio_not_positive,NA,NA,NA_ratio_not_positive,NA,NA,NA_ratio_not_positive,NA,NA,NA_ratio_not_positive,NA,NA,NA_ratio_not_positive,NA,NA,NA_ratio_not_positive,NA,NA
256,2.0,bits,0.5,4294967296.0,101642040.477231014487307698481,203284080.954462028974615396963,6586783.57565060349070532002522,15.4312099843346402049793771797,30.8624199686692804099587543593,positive,positive,False,False,16.5916063866513680917702816123,3.40282366920938463463374607432e+38,18446744073709551616.0,1874964707813107582019677098.22,1.31452248717432069674048579738e+30,0.00000000386303439425569216063485518385,True,132.732851093210944734162252899,3.9006679157151338561047948795e-37,True,71260406818.7723569078112862697,2.09415514131912304552905799453e-28,True,33.1832127733027361835405632247,9.75166978928783464026198719874e-38,True,1087347.51615558405926225717575,3.19542715655383765492104796528e-33,True,23.4640747735584267157616953389,6.89547183589741889290209589637e-38,True
256,2.0,bits,1.0,4294967296.0,101642040.477231014487307698481,203284080.954462028974615396963,13173567.1513012069814106400504,7.71560499216732010248968858983,15.4312099843346402049793771797,positive,positive,False,False,22.2201167946161382401598528617,3.40282366920938463463374607432e+38,18446744073709551616.0,1874964707813107582019677098.22,1.7604590244897817729402291292e+30,0.00000000517352409535463392738249452359,True,177.760934356929105921278822894,5.22392435333654107718920489431e-37,True,95434674946.1766626153015618533,2.80457303179479905103603082816e-28,True,44.4402335892322764803197057235,1.30598108833413526929730122358e-37,True,1456217.57425196323570711611715,4.27943883025329445043339664942e-33,True,31.4239905284603268431674082881,9.23468083662454581634436175634e-38,True
256,2.0,bits,2.0,4294967296.0,101642040.477231014487307698481,203284080.954462028974615396963,26347134.3026024139628212801009,3.85780249608366005124484429491,7.71560499216732010248968858983,positive,positive,False,False,33.6280401483687075966346159105,3.40282366920938463463374607432e+38,18446744073709551616.0,1874964707813107582019677098.22,2.66428782991116179266673283962e+30,0.00000000782963823256285572346174528602,True,269.024321186949660773076927284,7.90591424472649896562415917412e-37,True,144431332665.818586877332434997,4.24445539076010669024169898504e-28,True,67.2560802967374151932692318211,1.97647856118162474140603979353e-37,True,2203847.23916349162105304618831,6.47652494927994795263931119544e-33,True,47.557230453849973739833870066,1.39758139348135740986535711024e-37,True
256,2.0,bits,4.0,4294967296.0,101642040.477231014487307698481,203284080.954462028974615396963,52694268.6052048279256425602018,1.92890124804183002562242214746,3.85780249608366005124484429491,positive,positive,False,False,69.1089170534774470790951733474,3.40282366920938463463374607432e+38,18446744073709551616.0,1874964707813107582019677098.22,5.47537251149772529084273170533e+30,0.0000000160906736397830413372943115764,True,552.871336427819576632761386779,1.62474283175617572152444936038e-36,True,296820538606.662318278284494799,8.72277165850400621247089158406e-28,True,138.217834106954894158190346695,4.06185707939043930381112340095e-37,True,4529121.9880166979717755812805,1.33098932777465915107282891602e-32,True,97.7347677779450797010927070656,2.87216668504756436092409489139e-37,True
256,2.0,bits,8.0,4294967296.0,101642040.477231014487307698481,203284080.954462028974615396963,105388537.210409655851285120404,0.964450624020915012811211073729,1.92890124804183002562242214746,negative,positive,True,False,,3.40282366920938463463374607432e+38,18446744073709551616.0,1874964707813107582019677098.22,NA_ratio_not_positive,NA,NA,NA_ratio_not_positive,NA,NA,NA_ratio_not_positive,NA,NA,NA_ratio_not_positive,NA,NA,NA_ratio_not_positive,NA,NA,NA_ratio_not_positive,NA,NA
256,2.0,natural,0.5,991429199.183279364695592169087,25217782.3085129259242578756998,50435564.6170258518485157513995,3141559.25921647352287227494645,8.02715474315210409289524351173,16.0543094863042081857904870235,positive,positive,False,False,21.79781227697201559025336055,3.40282366920938463463374607432e+38,982931856993198628.500350971581,24787361593756841681356761.8116,21242128143347874976543579139.3,6.24250040798713843359486205401e-11,True,174.3824982157761247220268844,5.12464103837306163417127795755e-37,True,21610987569.7058207479376118435,6.35089845096996714118754455123e-29,True,43.5956245539440311805067211001,1.28116025959326540854281948939e-37,True,686347.033332572336577705624936,2.01699265096518761063541888755e-33,True,30.8267617521565805774586612721,9.05917107345115547101229765855e-38,True
256,2.0,natural,1.0,991429199.183279364695592169087,25217782.3085129259242578756998,50435564.6170258518485157513995,6283118.5184329470457445498929,4.01357737157605204644762175587,8.02715474315210409289524351173,positive,positive,False,False,32.6701425839452766588685786576,3.40282366920938463463374607432e+38,982931856993198628.500350971581,24787361593756841681356761.8116,31837293872044238737953328671.1,9.35613977301425865625671307556e-11,True,261.361140671562213270948629261,7.68071360959726471040451043403e-37,True,32390133299.204418875035373446,9.51860467889891396900385744713e-29,True,65.3402851678905533177371573153,1.92017840239931617760112760851e-37,True,1028683.75762330485145782904465,3.0230298646720952119006260948e-33,True,46.2025587268782021585291834656,1.35777116942450766632031842428e-37,True
256,2.0,natural,2.0,991429199.183279364695592169087,25217782.3085129259242578756998,50435564.6170258518485157513995,12566237.0368658940914890997858,2.00678868578802602322381087793,4.01357737157605204644762175587,positive,positive,False,False,65.1813473366456694589191931063,3.40282366920938463463374607432e+38,982931856993198628.500350971581,24787361593756841681356761.8116,63519701660327845361526708028.3,1.86667626169081146388342383145e-10,True,521.450778693165355671353544851,1.5324061114642468013684415719e-36,True,64622690991.6577953483381659969,1.89909020489070167747979510625e-28,True,130.362694673291338917838386213,3.83101527866061700342110392976e-37,True,2052363.04472575463857645870185,6.03135291227888592656897149137e-33,True,92.1803454172357233028983641474,2.70893688237019329693891180113e-37,True
256,2.0,natural,4.0,991429199.183279364695592169087,25217782.3085129259242578756998,50435564.6170258518485157513995,25132474.0737317881829781995716,1.00339434289401301161190543897,2.00678868578802602322381087793,positive,positive,False,False,13398.2192573199774909577103871,3.40282366920938463463374607432e+38,982931856993198628.500350971581,24787361593756841681356761.8116,1.30566630605095535769612103878e+31,0.0000000383700841705475482028851262536,True,107185.754058559819927661683097,3.14990620961160360141366899392e-34,True,13283385788766.7372840920867661,3.90363623862208883575423075768e-26,True,26796.4385146399549819154207742,7.87476552402900900353417248479e-35,True,421869310.660855037997627728314,1.23976247866781931871762483722e-30,True,18947.9433853502892089126490543,5.56830010229494872085379582621e-35,True
256,2.0,natural,8.0,991429199.183279364695592169087,25217782.3085129259242578756998,50435564.6170258518485157513995,50264948.1474635763659563991432,0.501697171447006505805952719483,1.00339434289401301161190543897,negative,positive,True,False,,3.40282366920938463463374607432e+38,982931856993198628.500350971581,24787361593756841681356761.8116,NA_ratio_not_positive,NA,NA,NA_ratio_not_positive,NA,NA,NA_ratio_not_positive,NA,NA,NA_ratio_not_positive,NA,NA,NA_ratio_not_positive,NA,NA,NA_ratio_not_positive,NA,NA
320,0.25,bits,0.5,433099.269505255063361551155212,18239.7937325260733235417343768,36479.5874650521466470834687535,77712.7625576606600783611779725,0.234707828318323711850399310556,0.469415656636647423700798621113,negative,negative,False,False,,1.46150163733090291820368483272e+48,187574977245.985558456155655109,3421328894350048.20298416833942,NA_ratio_not_positive,NA,NA,NA_ratio_not_positive,NA,NA,NA_ratio_not_positive,NA,NA,NA_ratio_not_positive,NA,NA,NA_ratio_not_positive,NA,NA,NA_ratio_not_positive,NA,NA
320,0.25,bits,1.0,433099.269505255063361551155212,18239.7937325260733235417343768,36479.5874650521466470834687535,155425.525115321320156722355945,0.117353914159161855925199655278,0.234707828318323711850399310556,negative,negative,False,False,,1.46150163733090291820368483272e+48,187574977245.985558456155655109,3421328894350048.20298416833942,NA_ratio_not_positive,NA,NA,NA_ratio_not_positive,NA,NA,NA_ratio_not_positive,NA,NA,NA_ratio_not_positive,NA,NA,NA_ratio_not_positive,NA,NA,NA_ratio_not_positive,NA,NA
320,0.25,bits,2.0,433099.269505255063361551155212,18239.7937325260733235417343768,36479.5874650521466470834687535,310851.05023064264031344471189,0.0586769570795809279625998276391,0.117353914159161855925199655278,negative,negative,False,False,,1.46150163733090291820368483272e+48,187574977245.985558456155655109,3421328894350048.20298416833942,NA_ratio_not_positive,NA,NA,NA_ratio_not_positive,NA,NA,NA_ratio_not_positive,NA,NA,NA_ratio_not_positive,NA,NA,NA_ratio_not_positive,NA,NA,NA_ratio_not_positive,NA,NA
320,0.25,bits,4.0,433099.269505255063361551155212,18239.7937325260733235417343768,36479.5874650521466470834687535,621702.10046128528062688942378,0.0293384785397904639812999138195,0.0586769570795809279625998276391,negative,negative,False,False,,1.46150163733090291820368483272e+48,187574977245.985558456155655109,3421328894350048.20298416833942,NA_ratio_not_positive,NA,NA,NA_ratio_not_positive,NA,NA,NA_ratio_not_positive,NA,NA,NA_ratio_not_positive,NA,NA,NA_ratio_not_positive,NA,NA,NA_ratio_not_positive,NA,NA
320,0.25,bits,8.0,433099.269505255063361551155212,18239.7937325260733235417343768,36479.5874650521466470834687535,1243404.20092257056125377884756,0.0146692392698952319906499569098,0.0293384785397904639812999138195,negative,negative,False,False,,1.46150163733090291820368483272e+48,187574977245.985558456155655109,3421328894350048.20298416833942,NA_ratio_not_positive,NA,NA,NA_ratio_not_positive,NA,NA,NA_ratio_not_positive,NA,NA,NA_ratio_not_positive,NA,NA,NA_ratio_not_positive,NA,NA,NA_ratio_not_positive,NA,NA
320,0.25,natural,0.5,189864.923473762295292639153499,8601.45890540477355195824347382,17202.9178108095471039164869476,51274.5537956322025825563905504,0.167752974305502090198555753729,0.335505948611004180397111507458,negative,negative,False,False,,1.46150163733090291820368483272e+48,36048689165.6976126565311031326,310071318452458.306878798234649,NA_ratio_not_positive,NA,NA,NA_ratio_not_positive,NA,NA,NA_ratio_not_positive,NA,NA,NA_ratio_not_positive,NA,NA,NA_ratio_not_positive,NA,NA,NA_ratio_not_positive,NA,NA
320,0.25,natural,1.0,189864.923473762295292639153499,8601.45890540477355195824347382,17202.9178108095471039164869476,102549.107591264405165112781101,0.0838764871527510450992778768645,0.167752974305502090198555753729,negative,negative,False,False,,1.46150163733090291820368483272e+48,36048689165.6976126565311031326,310071318452458.306878798234649,NA_ratio_not_positive,NA,NA,NA_ratio_not_positive,NA,NA,NA_ratio_not_positive,NA,NA,NA_ratio_not_positive,NA,NA,NA_ratio_not_positive,NA,NA,NA_ratio_not_positive,NA,NA
320,0.25,natural,2.0,189864.923473762295292639153499,8601.45890540477355195824347382,17202.9178108095471039164869476,205098.215182528810330225562202,0.0419382435763755225496389384322,0.0838764871527510450992778768645,negative,negative,False,False,,1.46150163733090291820368483272e+48,36048689165.6976126565311031326,310071318452458.306878798234649,NA_ratio_not_positive,NA,NA,NA_ratio_not_positive,NA,NA,NA_ratio_not_positive,NA,NA,NA_ratio_not_positive,NA,NA,NA_ratio_not_positive,NA,NA,NA_ratio_not_positive,NA,NA
320,0.25,natural,4.0,189864.923473762295292639153499,8601.45890540477355195824347382,17202.9178108095471039164869476,410196.430365057620660451124403,0.0209691217881877612748194692161,0.0419382435763755225496389384322,negative,negative,False,False,,1.46150163733090291820368483272e+48,36048689165.6976126565311031326,310071318452458.306878798234649,NA_ratio_not_positive,NA,NA,NA_ratio_not_positive,NA,NA,NA_ratio_not_positive,NA,NA,NA_ratio_not_positive,NA,NA,NA_ratio_not_positive,NA,NA,NA_ratio_not_positive,NA,NA
320,0.25,natural,8.0,189864.923473762295292639153499,8601.45890540477355195824347382,17202.9178108095471039164869476,820392.860730115241320902248806,0.0104845608940938806374097346081,0.0209691217881877612748194692161,negative,negative,False,False,,1.46150163733090291820368483272e+48,36048689165.6976126565311031326,310071318452458.306878798234649,NA_ratio_not_positive,NA,NA,NA_ratio_not_positive,NA,NA,NA_ratio_not_positive,NA,NA,NA_ratio_not_positive,NA,NA,NA_ratio_not_positive,NA,NA,NA_ratio_not_positive,NA,NA
320,0.5,bits,0.5,1831786.88716782771929839506942,68712.5390310636121103668738954,137425.078062127224220733747791,160797.709559750269409546212158,0.427322871819458071287347977925,0.854645743638916142574695955849,negative,negative,False,False,,1.46150163733090291820368483272e+48,3355443200000.0,230561021846516986.023168176518,NA_ratio_not_positive,NA,NA,NA_ratio_not_positive,NA,NA,NA_ratio_not_positive,NA,NA,NA_ratio_not_positive,NA,NA,NA_ratio_not_positive,NA,NA,NA_ratio_not_positive,NA,NA
320,0.5,bits,1.0,1831786.88716782771929839506942,68712.5390310636121103668738954,137425.078062127224220733747791,321595.419119500538819092424316,0.213661435909729035643673988962,0.427322871819458071287347977925,negative,negative,False,False,,1.46150163733090291820368483272e+48,3355443200000.0,230561021846516986.023168176518,NA_ratio_not_positive,NA,NA,NA_ratio_not_positive,NA,NA,NA_ratio_not_positive,NA,NA,NA_ratio_not_positive,NA,NA,NA_ratio_not_positive,NA,NA,NA_ratio_not_positive,NA,NA
320,0.5,bits,2.0,1831786.88716782771929839506942,68712.5390310636121103668738954,137425.078062127224220733747791,643190.838239001077638184848631,0.106830717954864517821836994481,0.213661435909729035643673988962,negative,negative,False,False,,1.46150163733090291820368483272e+48,3355443200000.0,230561021846516986.023168176518,NA_ratio_not_positive,NA,NA,NA_ratio_not_positive,NA,NA,NA_ratio_not_positive,NA,NA,NA_ratio_not_positive,NA,NA,NA_ratio_not_positive,NA,NA,NA_ratio_not_positive,NA,NA
320,0.5,bits,4.0,1831786.88716782771929839506942,68712.5390310636121103668738954,137425.078062127224220733747791,1286381.67647800215527636969726,0.0534153589774322589109184972406,0.106830717954864517821836994481,negative,negative,False,False,,1.46150163733090291820368483272e+48,3355443200000.0,230561021846516986.023168176518,NA_ratio_not_positive,NA,NA,NA_ratio_not_positive,NA,NA,NA_ratio_not_positive,NA,NA,NA_ratio_not_positive,NA,NA,NA_ratio_not_positive,NA,NA,NA_ratio_not_positive,NA,NA
320,0.5,bits,8.0,1831786.88716782771929839506942,68712.5390310636121103668738954,137425.078062127224220733747791,2572763.35295600431055273939453,0.0267076794887161294554592486203,0.0534153589774322589109184972406,negative,negative,False,False,,1.46150163733090291820368483272e+48,3355443200000.0,230561021846516986.023168176518,NA_ratio_not_positive,NA,NA,NA_ratio_not_positive,NA,NA,NA_ratio_not_positive,NA,NA,NA_ratio_not_positive,NA,NA,NA_ratio_not_positive,NA,NA,NA_ratio_not_positive,NA,NA
320,0.5,natural,0.5,732720.931986288417689076695648,29535.3276491645133526333614432,59070.6552983290267052667228864,101305.664833499387874006381694,0.291546654352520263951808292462,0.583093308705040527903616584924,negative,negative,False,False,,1.46150163733090291820368483272e+48,536879964170.855097260079132798,15856925650057909.8369456256966,NA_ratio_not_positive,NA,NA,NA_ratio_not_positive,NA,NA,NA_ratio_not_positive,NA,NA,NA_ratio_not_positive,NA,NA,NA_ratio_not_positive,NA,NA,NA_ratio_not_positive,NA,NA
320,0.5,natural,1.0,732720.931986288417689076695648,29535.3276491645133526333614432,59070.6552983290267052667228864,202611.329666998775748012763389,0.145773327176260131975904146231,0.291546654352520263951808292462,negative,negative,False,False,,1.46150163733090291820368483272e+48,536879964170.855097260079132798,15856925650057909.8369456256966,NA_ratio_not_positive,NA,NA,NA_ratio_not_positive,NA,NA,NA_ratio_not_positive,NA,NA,NA_ratio_not_positive,NA,NA,NA_ratio_not_positive,NA,NA,NA_ratio_not_positive,NA,NA
320,0.5,natural,2.0,732720.931986288417689076695648,29535.3276491645133526333614432,59070.6552983290267052667228864,405222.659333997551496025526777,0.0728866635881300659879520731155,0.145773327176260131975904146231,negative,negative,False,False,,1.46150163733090291820368483272e+48,536879964170.855097260079132798,15856925650057909.8369456256966,NA_ratio_not_positive,NA,NA,NA_ratio_not_positive,NA,NA,NA_ratio_not_positive,NA,NA,NA_ratio_not_positive,NA,NA,NA_ratio_not_positive,NA,NA,NA_ratio_not_positive,NA,NA
320,0.5,natural,4.0,732720.931986288417689076695648,29535.3276491645133526333614432,59070.6552983290267052667228864,810445.318667995102992051053555,0.0364433317940650329939760365577,0.0728866635881300659879520731155,negative,negative,False,False,,1.46150163733090291820368483272e+48,536879964170.855097260079132798,15856925650057909.8369456256966,NA_ratio_not_positive,NA,NA,NA_ratio_not_positive,NA,NA,NA_ratio_not_positive,NA,NA,NA_ratio_not_positive,NA,NA,NA_ratio_not_positive,NA,NA,NA_ratio_not_positive,NA,NA
320,0.5,natural,8.0,732720.931986288417689076695648,29535.3276491645133526333614432,59070.6552983290267052667228864,1620890.63733599020598410210711,0.0182216658970325164969880182789,0.0364433317940650329939760365577,negative,negative,False,False,,1.46150163733090291820368483272e+48,536879964170.855097260079132798,15856925650057909.8369456256966,NA_ratio_not_positive,NA,NA,NA_ratio_not_positive,NA,NA,NA_ratio_not_positive,NA,NA,NA_ratio_not_positive,NA,NA,NA_ratio_not_positive,NA,NA,NA_ratio_not_positive,NA,NA
320,1.0,bits,0.5,32768000.0,1009284.70461026213719894187224,2018569.40922052427439788374447,688346.45829425392869843714068,1.46624522062814728770465001221,2.93249044125629457540930002442,positive,positive,False,True,147.611125215973148980904839783,1.46150163733090291820368483272e+48,1073741824000000.0,1083711199663524076314.13009676,5193604754049971090940903.54979,3.55360857722670593394822317269e-24,True,1180.88900172778519184723871826,8.07997043290630684611692952943e-46,True,4836921351.07700814580628979001,3.30955588931842328416949433525e-39,True,295.222250431946297961809679566,2.01999260822657671152923238236e-46,True,844975.386158462174173079646327,5.78155620613340983987048817878e-43,True,208.753655237582386282767790492,1.42835047122371339751167366232e-46,True
320,1.0,bits,1.0,32768000.0,1009284.70461026213719894187224,2018569.40922052427439788374447,1376692.91658850785739687428136,0.733122610314073643852325006106,1.46624522062814728770465001221,negative,positive,True,False,,1.46150163733090291820368483272e+48,1073741824000000.0,1083711199663524076314.13009676,NA_ratio_not_positive,NA,NA,NA_ratio_not_positive,NA,NA,NA_ratio_not_positive,NA,NA,NA_ratio_not_positive,NA,NA,NA_ratio_not_positive,NA,NA,NA_ratio_not_positive,NA,NA
320,1.0,bits,2.0,32768000.0,1009284.70461026213719894187224,2018569.40922052427439788374447,2753385.83317701571479374856272,0.366561305157036821926162503053,0.733122610314073643852325006106,negative,negative,False,False,,1.46150163733090291820368483272e+48,1073741824000000.0,1083711199663524076314.13009676,NA_ratio_not_positive,NA,NA,NA_ratio_not_positive,NA,NA,NA_ratio_not_positive,NA,NA,NA_ratio_not_positive,NA,NA,NA_ratio_not_positive,NA,NA,NA_ratio_not_positive,NA,NA
320,1.0,bits,4.0,32768000.0,1009284.70461026213719894187224,2018569.40922052427439788374447,5506771.66635403142958749712544,0.183280652578518410963081251526,0.366561305157036821926162503053,negative,negative,False,False,,1.46150163733090291820368483272e+48,1073741824000000.0,1083711199663524076314.13009676,NA_ratio_not_positive,NA,NA,NA_ratio_not_positive,NA,NA,NA_ratio_not_positive,NA,NA,NA_ratio_not_positive,NA,NA,NA_ratio_not_positive,NA,NA,NA_ratio_not_positive,NA,NA
320,1.0,bits,8.0,32768000.0,1009284.70461026213719894187224,2018569.40922052427439788374447,11013543.3327080628591749942509,0.0916403262892592054815406257632,0.183280652578518410963081251526,negative,negative,False,False,,1.46150163733090291820368483272e+48,1073741824000000.0,1083711199663524076314.13009676,NA_ratio_not_positive,NA,NA,NA_ratio_not_positive,NA,NA,NA_ratio_not_positive,NA,NA,NA_ratio_not_positive,NA,NA,NA_ratio_not_positive,NA,NA,NA_ratio_not_positive,NA,NA
320,1.0,natural,0.5,10912551.796373241191427394195,360689.458681031819985943478191,721378.917362063639971886956382,395416.841030702380610369031485,0.9121752572319646548768175074,1.8243505144639293097536350148,negative,positive,True,True,,1.46150163733090291820368483272e+48,119083786708528.85328384368964,42952266565586724061.2384112024,NA_ratio_not_positive,NA,NA,NA_ratio_not_positive,NA,NA,NA_ratio_not_positive,NA,NA,NA_ratio_not_positive,NA,NA,NA_ratio_not_positive,NA,NA,NA_ratio_not_positive,NA,NA
320,1.0,natural,1.0,10912551.796373241191427394195,360689.458681031819985943478191,721378.917362063639971886956382,790833.682061404761220738062969,0.4560876286159823274384087537,0.9121752572319646548768175074,negative,negative,False,False,,1.46150163733090291820368483272e+48,119083786708528.85328384368964,42952266565586724061.2384112024,NA_ratio_not_positive,NA,NA,NA_ratio_not_positive,NA,NA,NA_ratio_not_positive,NA,NA,NA_ratio_not_positive,NA,NA,NA_ratio_not_positive,NA,NA,NA_ratio_not_positive,NA,NA
320,1.0,natural,2.0,10912551.796373241191427394195,360689.458681031819985943478191,721378.917362063639971886956382,1581667.36412280952244147612594,0.22804381430799116371920437685,0.4560876286159823274384087537,negative,negative,False,False,,1.46150163733090291820368483272e+48,119083786708528.85328384368964,42952266565586724061.2384112024,NA_ratio_not_positive,NA,NA,NA_ratio_not_positive,NA,NA,NA_ratio_not_positive,NA,NA,NA_ratio_not_positive,NA,NA,NA_ratio_not_positive,NA,NA,NA_ratio_not_positive,NA,NA
320,1.0,natural,4.0,10912551.796373241191427394195,360689.458681031819985943478191,721378.917362063639971886956382,3163334.72824561904488295225188,0.114021907153995581859602188425,0.22804381430799116371920437685,negative,negative,False,False,,1.46150163733090291820368483272e+48,119083786708528.85328384368964,42952266565586724061.2384112024,NA_ratio_not_positive,NA,NA,NA_ratio_not_positive,NA,NA,NA_ratio_not_positive,NA,NA,NA_ratio_not_positive,NA,NA,NA_ratio_not_positive,NA,NA,NA_ratio_not_positive,NA,NA
320,1.0,natural,8.0,10912551.796373241191427394195,360689.458681031819985943478191,721378.917362063639971886956382,6326669.45649123808976590450375,0.0570109535769977909298010942125,0.114021907153995581859602188425,negative,negative,False,False,,1.46150163733090291820368483272e+48,119083786708528.85328384368964,42952266565586724061.2384112024,NA_ratio_not_positive,NA,NA,NA_ratio_not_positive,NA,NA,NA_ratio_not_positive,NA,NA,NA_ratio_not_positive,NA,NA,NA_ratio_not_positive,NA,NA,NA_ratio_not_positive,NA,NA
320,2.0,bits,0.5,10485760000.0,238065015.792143582285933171187,476130031.584287164571866342374,12608853.8175220469021063859895,18.8807816505346140706965798452,37.7615633010692281413931596903,positive,positive,False,False,19.2269284393022651303566442074,1.46150163733090291820368483272e+48,109951162777600000000.0,26175525303013893623151818011.9,2.21671392652085436058565174403e+31,1.51673721732476006061753875404e-17,True,153.815427514418121042853153659,1.05244786311239906005483759763e-46,True,201608957151.698119613288485564,1.37946446313868369599507673596e-37,True,38.4538568786045302607132884148,2.63111965778099765013709399406e-47,True,1968837.47218455194934852036684,1.34713326478387079687019212496e-42,True,27.1909829616382289690381195612,1.86048255213017170991844666957e-47,True
320,2.0,bits,1.0,10485760000.0,238065015.792143582285933171187,476130031.584287164571866342374,25217707.635044093804212771979,9.44039082526730703534828992258,18.8807816505346140706965798452,positive,positive,False,False,25.1632789025956520683812006367,1.46150163733090291820368483272e+48,109951162777600000000.0,26175525303013893623151818011.9,2.90112853732223083948235346918e+31,1.98503269734303946400698407884e-17,True,201.306231220765216547049605093,1.37739312826501388298746092395e-46,True,263856103385.681384632548858388,1.80537672107951899670932478224e-37,True,50.3265578051913041367624012733,3.44348282066253470746865230987e-47,True,2576719.75962579477180223494519,1.76306320417921777022394998266e-42,True,35.5862502978275429275124744196,2.43491005338985839981036795715e-47,True
320,2.0,bits,2.0,10485760000.0,238065015.792143582285933171187,476130031.584287164571866342374,50435415.270088187608425543958,4.72019541263365351767414496129,9.44039082526730703534828992258,positive,positive,False,False,36.4026729034472387280896431778,1.46150163733090291820368483272e+48,109951162777600000000.0,26175525303013893623151818011.9,4.19694244155532892288102552571e+31,2.87166454990777868229953300789e-17,True,291.221383227577909824717145423,1.99261756394215802816428443337e-46,True,381709691424.050917965453256848,2.61176369341026537067549089251e-37,True,72.8053458068944774561792863557,4.98154390985539507041071108344e-47,True,3727633.70531299724575637946141,2.55055048184596227605028407472e-42,True,51.4811537266866585841395630303,3.5224834794372972677990132014e-47,True
320,2.0,bits,4.0,10485760000.0,238065015.792143582285933171187,476130031.584287164571866342374,100870830.540176375216851087916,2.36009770631682675883707248064,4.72019541263365351767414496129,positive,positive,False,False,65.7869996436603323507337394295,1.46150163733090291820368483272e+48,109951162777600000000.0,26175525303013893623151818011.9,7.58472466127389762328161486248e+31,5.18967920906722708546667089377e-17,True,526.295997149282658805869915436,3.60106334270306685898151911452e-46,True,689826689383.50776655002981556,4.71998574454776379340425673378e-37,True,131.573999287320664701467478859,9.00265835675766714745379778629e-47,True,6736588.76351081803271513491758,4.60936107865992557949634446658e-42,True,93.0368671238984131744031253602,6.36584077276908724318522361953e-47,True
320,2.0,bits,8.0,10485760000.0,238065015.792143582285933171187,476130031.584287164571866342374,201741661.080352750433702175832,1.18004885315841337941853624032,2.36009770631682675883707248064,positive,positive,False,True,341.223213222615076218635968031,1.46150163733090291820368483272e+48,109951162777600000000.0,26175525303013893623151818011.9,3.93403580395400335572211586907e+32,2.69177652865214453895198516443e-16,True,2729.78570578092060974908774425,1.86779517453449266022879130286e-45,True,3577984720281.16826161032428814,2.44815649116585021961508133648e-36,True,682.446426445230152437271936063,4.66948793633623165057197825715e-46,True,34941257.0339957838047883231264,2.39077782340415060509285286766e-41,True,482.562495935948657283619272157,3.30182658445212711084939991331e-46,True
320,2.0,natural,0.5,2420481443.31855313646384806906,58884600.9537717754884675659797,117769201.907543550976935131959,6021898.12847660213133469865707,9.77841200523068089432578640136,19.5568240104613617886515728027,positive,positive,False,False,24.7750471817363805385587962619,1.46150163733090291820368483272e+48,5858730417449466159.94185788382,344989002727236547400780423.658,351333662145032571444232691936.0,2.40392246694066532543764758354e-19,True,198.200377453891044308470370095,1.35614201442742488903010728998e-46,True,59967541960.7345265973498560582,4.10314572553277938294995782659e-38,True,49.5500943634727610771175925237,3.39035503606856222257526822496e-47,True,1218892.3994553227489208488253,8.3400002320992932795376836714e-43,True,35.0372077328449155037567891957,2.39734303663404226732192912336e-47,True
320,2.0,natural,1.0,2420481443.31855313646384806906,58884600.9537717754884675659797,117769201.907543550976935131959,12043796.2569532042626693973141,4.88920600261534044716289320068,9.77841200523068089432578640136,positive,positive,False,False,35.5957342402831945463939940425,1.46150163733090291820368483272e+48,5858730417449466159.94185788382,344989002727236547400780423.658,504781265425769056430205981972.0,3.45385357451693387151928203668e-19,True,284.76587392226555637115195234,1.94844717685246678031966314727e-46,True,86158814189.9043082512812668916,5.89522529357227368744773202354e-38,True,71.191468480566389092787988085,4.87111794213116695079915786817e-47,True,1751252.76655363898210096684613,1.19825576778134847329474576889e-42,True,50.3399701252368526517052253435,3.44440052884040873552228253983e-47,True
320,2.0,natural,2.0,2420481443.31855313646384806906,58884600.9537717754884675659797,117769201.907543550976935131959,24087592.5139064085253387946283,2.44460300130767022358144660034,4.88920600261534044716289320068,positive,positive,False,False,63.1978813421931019003161668117,1.46150163733090291820368483272e+48,5858730417449466159.94185788382,344989002727236547400780423.658,896205885255705671877680523694.0,6.1320895055062674601154693349e-19,True,505.583050737544815202529334494,3.45933961224207823400254332024e-46,True,152969299045.826219391749034558,1.04665841719609368409133921668e-37,True,126.395762684386203800632333623,8.6483490306051955850063583006e-47,True,3109233.92656399815886511429089,2.12742418287146077859361183975e-42,True,89.3753009073750641538039638377,6.11530624560903843380309929082e-47,True
320,2.0,natural,4.0,2420481443.31855313646384806906,58884600.9537717754884675659797,117769201.907543550976935131959,48175185.0278128170506775892565,1.22230150065383511179072330017,2.44460300130767022358144660034,positive,positive,False,False,281.422464015754881216597778209,1.46150163733090291820368483272e+48,5858730417449466159.94185788382,344989002727236547400780423.658,3.99083740052051030385819415043e+30,2.73064175816378711145634957889e-18,True,2251.37971212603904973278222567,1.54045651035852893477756682687e-45,True,681177851883.117958205047323093,4.66080799695259227046065186432e-37,True,562.844928031509762433195556418,3.85114127589632233694391706718e-46,True,13845531.7525151764011585572073,9.47349725710937983245410451191e-42,True,397.991465367534862630061193747,2.72316811149370224855117865568e-46,True
320,2.0,natural,8.0,2420481443.31855313646384806906,58884600.9537717754884675659797,117769201.907543550976935131959,96350370.0556256341013551785131,0.611150750326917555895361650085,1.22230150065383511179072330017,negative,positive,True,True,,1.46150163733090291820368483272e+48,5858730417449466159.94185788382,344989002727236547400780423.658,NA_ratio_not_positive,NA,NA,NA_ratio_not_positive,NA,NA,NA_ratio_not_positive,NA,NA,NA_ratio_not_positive,NA,NA,NA_ratio_not_positive,NA,NA,NA_ratio_not_positive,NA,NA
384,0.25,bits,0.5,652747.556605322482920922314242,26561.8451929215600836388031859,53123.6903858431201672776063719,113491.155634360061299508667516,0.234043305352331946516835471225,0.468086610704663893033670942449,negative,negative,False,False,,6.27710173538668076383578942321e+57,426079372654.218679003382872104,11317454336338492.43970258725,NA_ratio_not_positive,NA,NA,NA_ratio_not_positive,NA,NA,NA_ratio_not_positive,NA,NA,NA_ratio_not_positive,NA,NA,NA_ratio_not_positive,NA,NA,NA_ratio_not_positive,NA,NA
384,0.25,bits,1.0,652747.556605322482920922314242,26561.8451929215600836388031859,53123.6903858431201672776063719,226982.311268720122599017335031,0.117021652676165973258417735612,0.234043305352331946516835471225,negative,negative,False,False,,6.27710173538668076383578942321e+57,426079372654.218679003382872104,11317454336338492.43970258725,NA_ratio_not_positive,NA,NA,NA_ratio_not_positive,NA,NA,NA_ratio_not_positive,NA,NA,NA_ratio_not_positive,NA,NA,NA_ratio_not_positive,NA,NA,NA_ratio_not_positive,NA,NA
384,0.25,bits,2.0,652747.556605322482920922314242,26561.8451929215600836388031859,53123.6903858431201672776063719,453964.622537440245198034670062,0.0585108263380829866292088678061,0.117021652676165973258417735612,negative,negative,False,False,,6.27710173538668076383578942321e+57,426079372654.218679003382872104,11317454336338492.43970258725,NA_ratio_not_positive,NA,NA,NA_ratio_not_positive,NA,NA,NA_ratio_not_positive,NA,NA,NA_ratio_not_positive,NA,NA,NA_ratio_not_positive,NA,NA,NA_ratio_not_positive,NA,NA
384,0.25,bits,4.0,652747.556605322482920922314242,26561.8451929215600836388031859,53123.6903858431201672776063719,907929.245074880490396069340125,0.0292554131690414933146044339031,0.0585108263380829866292088678061,negative,negative,False,False,,6.27710173538668076383578942321e+57,426079372654.218679003382872104,11317454336338492.43970258725,NA_ratio_not_positive,NA,NA,NA_ratio_not_positive,NA,NA,NA_ratio_not_positive,NA,NA,NA_ratio_not_positive,NA,NA,NA_ratio_not_positive,NA,NA,NA_ratio_not_positive,NA,NA
384,0.25,bits,8.0,652747.556605322482920922314242,26561.8451929215600836388031859,53123.6903858431201672776063719,1815858.49014976098079213868025,0.0146277065845207466573022169515,0.0292554131690414933146044339031,negative,negative,False,False,,6.27710173538668076383578942321e+57,426079372654.218679003382872104,11317454336338492.43970258725,NA_ratio_not_positive,NA,NA,NA_ratio_not_positive,NA,NA,NA_ratio_not_positive,NA,NA,NA_ratio_not_positive,NA,NA,NA_ratio_not_positive,NA,NA,NA_ratio_not_positive,NA,NA
384,0.25,natural,0.5,286155.792929711021945809742178,12492.930260749743962671861303,24985.860521499487925343722606,74922.8006208505295728473159811,0.166744037292074243177950713268,0.333488074584148486355901426537,negative,negative,False,False,,6.27710173538668076383578942321e+57,81885137827.2316524964277200359,1022985316267485.85122094659157,NA_ratio_not_positive,NA,NA,NA_ratio_not_positive,NA,NA,NA_ratio_not_positive,NA,NA,NA_ratio_not_positive,NA,NA,NA_ratio_not_positive,NA,NA,NA_ratio_not_positive,NA,NA
384,0.25,natural,1.0,286155.792929711021945809742178,12492.930260749743962671861303,24985.860521499487925343722606,149845.601241701059145694631962,0.0833720186460371215889753566342,0.166744037292074243177950713268,negative,negative,False,False,,6.27710173538668076383578942321e+57,81885137827.2316524964277200359,1022985316267485.85122094659157,NA_ratio_not_positive,NA,NA,NA_ratio_not_positive,NA,NA,NA_ratio_not_positive,NA,NA,NA_ratio_not_positive,NA,NA,NA_ratio_not_positive,NA,NA,NA_ratio_not_positive,NA,NA
384,0.25,natural,2.0,286155.792929711021945809742178,12492.930260749743962671861303,24985.860521499487925343722606,299691.202483402118291389263924,0.0416860093230185607944876783171,0.0833720186460371215889753566342,negative,negative,False,False,,6.27710173538668076383578942321e+57,81885137827.2316524964277200359,1022985316267485.85122094659157,NA_ratio_not_positive,NA,NA,NA_ratio_not_positive,NA,NA,NA_ratio_not_positive,NA,NA,NA_ratio_not_positive,NA,NA,NA_ratio_not_positive,NA,NA,NA_ratio_not_positive,NA,NA
384,0.25,natural,4.0,286155.792929711021945809742178,12492.930260749743962671861303,24985.860521499487925343722606,599382.404966804236582778527849,0.0208430046615092803972438391586,0.0416860093230185607944876783171,negative,negative,False,False,,6.27710173538668076383578942321e+57,81885137827.2316524964277200359,1022985316267485.85122094659157,NA_ratio_not_positive,NA,NA,NA_ratio_not_positive,NA,NA,NA_ratio_not_positive,NA,NA,NA_ratio_not_positive,NA,NA,NA_ratio_not_positive,NA,NA,NA_ratio_not_positive,NA,NA
384,0.25,natural,8.0,286155.792929711021945809742178,12492.930260749743962671861303,24985.860521499487925343722606,1198764.8099336084731655570557,0.0104215023307546401986219195793,0.0208430046615092803972438391586,negative,negative,False,False,,6.27710173538668076383578942321e+57,81885137827.2316524964277200359,1022985316267485.85122094659157,NA_ratio_not_positive,NA,NA,NA_ratio_not_positive,NA,NA,NA_ratio_not_positive,NA,NA,NA_ratio_not_positive,NA,NA,NA_ratio_not_positive,NA,NA,NA_ratio_not_positive,NA,NA
384,0.5,bits,0.5,2889535.67609469047718222976416,104776.776767546104524999469141,209553.553535092209049998938283,240047.419347311279186419599718,0.436483662488161996702253624577,0.872967324976323993404507249153,negative,negative,False,False,,6.27710173538668076383578942321e+57,8349416423424.0,874824940736379651.880144730033,NA_ratio_not_positive,NA,NA,NA_ratio_not_positive,NA,NA,NA_ratio_not_positive,NA,NA,NA_ratio_not_positive,NA,NA,NA_ratio_not_positive,NA,NA,NA_ratio_not_positive,NA,NA
384,0.5,bits,1.0,2889535.67609469047718222976416,104776.776767546104524999469141,209553.553535092209049998938283,480094.838694622558372839199436,0.218241831244080998351126812288,0.436483662488161996702253624577,negative,negative,False,False,,6.27710173538668076383578942321e+57,8349416423424.0,874824940736379651.880144730033,NA_ratio_not_positive,NA,NA,NA_ratio_not_positive,NA,NA,NA_ratio_not_positive,NA,NA,NA_ratio_not_positive,NA,NA,NA_ratio_not_positive,NA,NA,NA_ratio_not_positive,NA,NA
384,0.5,bits,2.0,2889535.67609469047718222976416,104776.776767546104524999469141,209553.553535092209049998938283,960189.677389245116745678398871,0.109120915622040499175563406144,0.218241831244080998351126812288,negative,negative,False,False,,6.27710173538668076383578942321e+57,8349416423424.0,874824940736379651.880144730033,NA_ratio_not_positive,NA,NA,NA_ratio_not_positive,NA,NA,NA_ratio_not_positive,NA,NA,NA_ratio_not_positive,NA,NA,NA_ratio_not_positive,NA,NA,NA_ratio_not_positive,NA,NA
384,0.5,bits,4.0,2889535.67609469047718222976416,104776.776767546104524999469141,209553.553535092209049998938283,1920379.35477849023349135679774,0.0545604578110202495877817030721,0.109120915622040499175563406144,negative,negative,False,False,,6.27710173538668076383578942321e+57,8349416423424.0,874824940736379651.880144730033,NA_ratio_not_positive,NA,NA,NA_ratio_not_positive,NA,NA,NA_ratio_not_positive,NA,NA,NA_ratio_not_positive,NA,NA,NA_ratio_not_positive,NA,NA,NA_ratio_not_positive,NA,NA
384,0.5,bits,8.0,2889535.67609469047718222976416,104776.776767546104524999469141,209553.553535092209049998938283,3840758.70955698046698271359549,0.027280228905510124793890851536,0.0545604578110202495877817030721,negative,negative,False,False,,6.27710173538668076383578942321e+57,8349416423424.0,874824940736379651.880144730033,NA_ratio_not_positive,NA,NA,NA_ratio_not_positive,NA,NA,NA_ratio_not_positive,NA,NA,NA_ratio_not_positive,NA,NA,NA_ratio_not_positive,NA,NA,NA_ratio_not_positive,NA,NA
384,0.5,natural,0.5,1155824.01447868444762433414337,44922.6541232443929030240088374,89845.3082464887858060480176748,151327.414125287970678644049331,0.296857343283826543034296336477,0.593714686567653086068592672953,negative,negative,False,False,,6.27710173538668076383578942321e+57,1335929152445.62215561420010772,60013483248473715.2660029833207,NA_ratio_not_positive,NA,NA,NA_ratio_not_positive,NA,NA,NA_ratio_not_positive,NA,NA,NA_ratio_not_positive,NA,NA,NA_ratio_not_positive,NA,NA,NA_ratio_not_positive,NA,NA
384,0.5,natural,1.0,1155824.01447868444762433414337,44922.6541232443929030240088374,89845.3082464887858060480176748,302654.828250575941357288098662,0.148428671641913271517148168238,0.296857343283826543034296336477,negative,negative,False,False,,6.27710173538668076383578942321e+57,1335929152445.62215561420010772,60013483248473715.2660029833207,NA_ratio_not_positive,NA,NA,NA_ratio_not_positive,NA,NA,NA_ratio_not_positive,NA,NA,NA_ratio_not_positive,NA,NA,NA_ratio_not_positive,NA,NA,NA_ratio_not_positive,NA,NA
384,0.5,natural,2.0,1155824.01447868444762433414337,44922.6541232443929030240088374,89845.3082464887858060480176748,605309.656501151882714576197325,0.0742143358209566357585740841192,0.148428671641913271517148168238,negative,negative,False,False,,6.27710173538668076383578942321e+57,1335929152445.62215561420010772,60013483248473715.2660029833207,NA_ratio_not_positive,NA,NA,NA_ratio_not_positive,NA,NA,NA_ratio_not_positive,NA,NA,NA_ratio_not_positive,NA,NA,NA_ratio_not_positive,NA,NA,NA_ratio_not_positive,NA,NA
384,0.5,natural,4.0,1155824.01447868444762433414337,44922.6541232443929030240088374,89845.3082464887858060480176748,1210619.31300230376542915239465,0.0371071679104783178792870420596,0.0742143358209566357585740841192,negative,negative,False,False,,6.27710173538668076383578942321e+57,1335929152445.62215561420010772,60013483248473715.2660029833207,NA_ratio_not_positive,NA,NA,NA_ratio_not_positive,NA,NA,NA_ratio_not_positive,NA,NA,NA_ratio_not_positive,NA,NA,NA_ratio_not_positive,NA,NA,NA_ratio_not_positive,NA,NA
384,0.5,natural,8.0,1155824.01447868444762433414337,44922.6541232443929030240088374,89845.3082464887858060480176748,2421238.6260046075308583047893,0.0185535839552391589396435210298,0.0371071679104783178792870420596,negative,negative,False,False,,6.27710173538668076383578942321e+57,1335929152445.62215561420010772,60013483248473715.2660029833207,NA_ratio_not_positive,NA,NA,NA_ratio_not_positive,NA,NA,NA_ratio_not_positive,NA,NA,NA_ratio_not_positive,NA,NA,NA_ratio_not_positive,NA,NA,NA_ratio_not_positive,NA,NA
384,1.0,bits,0.5,56623104.0,1686915.10281534678786049276956,3373830.20563069357572098553912,1073818.95255333140811968625801,1.57094927297026437149645222759,3.14189854594052874299290445518,positive,positive,False,True,149.623272591903828004333849027,6.27710173538668076383578942321e+57,3206175906594816.0,5408546559117481732069.01852202,27163152308346970899418932.6865,4.32733982232863584957395413081e-33,True,1196.98618073523062403467079221,1.90690900226662348507960048992e-55,True,8472134124.79172001108750798416,1.34968883442349071655630833524e-48,True,299.246545183807656008667698053,4.7672725056665587126990012248e-56,True,1125890.06283423697619475196059,1.79364635192563136313954282298e-52,True,211.599261346116987152989057706,3.37097071652100747476040138195e-56,True
384,1.0,bits,1.0,56623104.0,1686915.10281534678786049276956,3373830.20563069357572098553912,2147637.90510666281623937251601,0.785474636485132185748226113796,1.57094927297026437149645222759,negative,positive,True,False,,6.27710173538668076383578942321e+57,3206175906594816.0,5408546559117481732069.01852202,NA_ratio_not_positive,NA,NA,NA_ratio_not_positive,NA,NA,NA_ratio_not_positive,NA,NA,NA_ratio_not_positive,NA,NA,NA_ratio_not_positive,NA,NA,NA_ratio_not_positive,NA,NA
384,1.0,bits,2.0,56623104.0,1686915.10281534678786049276956,3373830.20563069357572098553912,4295275.81021332563247874503202,0.392737318242566092874113056898,0.785474636485132185748226113796,negative,negative,False,False,,6.27710173538668076383578942321e+57,3206175906594816.0,5408546559117481732069.01852202,NA_ratio_not_positive,NA,NA,NA_ratio_not_positive,NA,NA,NA_ratio_not_positive,NA,NA,NA_ratio_not_positive,NA,NA,NA_ratio_not_positive,NA,NA,NA_ratio_not_positive,NA,NA
384,1.0,bits,4.0,56623104.0,1686915.10281534678786049276956,3373830.20563069357572098553912,8590551.62042665126495749006404,0.196368659121283046437056528449,0.392737318242566092874113056898,negative,negative,False,False,,6.27710173538668076383578942321e+57,3206175906594816.0,5408546559117481732069.01852202,NA_ratio_not_positive,NA,NA,NA_ratio_not_positive,NA,NA,NA_ratio_not_positive,NA,NA,NA_ratio_not_positive,NA,NA,NA_ratio_not_positive,NA,NA,NA_ratio_not_positive,NA,NA
384,1.0,bits,8.0,56623104.0,1686915.10281534678786049276956,3373830.20563069357572098553912,17181103.2408533025299149801281,0.0981843295606415232185282642245,0.196368659121283046437056528449,negative,negative,False,False,,6.27710173538668076383578942321e+57,3206175906594816.0,5408546559117481732069.01852202,NA_ratio_not_positive,NA,NA,NA_ratio_not_positive,NA,NA,NA_ratio_not_positive,NA,NA,NA_ratio_not_positive,NA,NA,NA_ratio_not_positive,NA,NA,NA_ratio_not_positive,NA,NA
384,1.0,natural,0.5,18856889.504132960778786537169,601394.536699018535403414983245,1202789.07339803707080682996649,617295.188070669479656610979902,0.974241413704604160363209469918,1.94848282740920832072641893984,negative,positive,True,True,,6.27710173538668076383578942321e+57,355582281771079.819443904715766,213845241604098412052.455495565,NA_ratio_not_positive,NA,NA,NA_ratio_not_positive,NA,NA,NA_ratio_not_positive,NA,NA,NA_ratio_not_positive,NA,NA,NA_ratio_not_positive,NA,NA,NA_ratio_not_positive,NA,NA
384,1.0,natural,1.0,18856889.504132960778786537169,601394.536699018535403414983245,1202789.07339803707080682996649,1234590.3761413389593132219598,0.487120706852302080181604734959,0.974241413704604160363209469918,negative,negative,False,False,,6.27710173538668076383578942321e+57,355582281771079.819443904715766,213845241604098412052.455495565,NA_ratio_not_positive,NA,NA,NA_ratio_not_positive,NA,NA,NA_ratio_not_positive,NA,NA,NA_ratio_not_positive,NA,NA,NA_ratio_not_positive,NA,NA,NA_ratio_not_positive,NA,NA
384,1.0,natural,2.0,18856889.504132960778786537169,601394.536699018535403414983245,1202789.07339803707080682996649,2469180.75228267791862644391961,0.24356035342615104009080236748,0.487120706852302080181604734959,negative,negative,False,False,,6.27710173538668076383578942321e+57,355582281771079.819443904715766,213845241604098412052.455495565,NA_ratio_not_positive,NA,NA,NA_ratio_not_positive,NA,NA,NA_ratio_not_positive,NA,NA,NA_ratio_not_positive,NA,NA,NA_ratio_not_positive,NA,NA,NA_ratio_not_positive,NA,NA
384,1.0,natural,4.0,18856889.504132960778786537169,601394.536699018535403414983245,1202789.07339803707080682996649,4938361.50456535583725288783922,0.12178017671307552004540118374,0.24356035342615104009080236748,negative,negative,False,False,,6.27710173538668076383578942321e+57,355582281771079.819443904715766,213845241604098412052.455495565,NA_ratio_not_positive,NA,NA,NA_ratio_not_positive,NA,NA,NA_ratio_not_positive,NA,NA,NA_ratio_not_positive,NA,NA,NA_ratio_not_positive,NA,NA,NA_ratio_not_positive,NA,NA
384,1.0,natural,8.0,18856889.504132960778786537169,601394.536699018535403414983245,1202789.07339803707080682996649,9876723.00913071167450577567843,0.0608900883565377600227005918699,0.12178017671307552004540118374,negative,negative,False,False,,6.27710173538668076383578942321e+57,355582281771079.819443904715766,213845241604098412052.455495565,NA_ratio_not_positive,NA,NA,NA_ratio_not_positive,NA,NA,NA_ratio_not_positive,NA,NA,NA_ratio_not_positive,NA,NA,NA_ratio_not_positive,NA,NA,NA_ratio_not_positive,NA,NA
384,2.0,bits,0.5,21743271936.0,477790383.23133895704460405577,955580766.462677914089208111539,21481197.0532016797432122221616,22.2422606174140729174393214199,44.4845212348281458348786428399,positive,positive,False,False,21.7865823380658510519978852966,6.27710173538668076383578942321e+57,472769874482845188096.0,225884899509390619035064654822.0,2.23956566266002719208468202089e+32,3.56783394163367963432516418012e-26,True,174.292658704526808415983082373,2.77664224751950857084981458934e-56,True,473711584332.6204836988616961,7.5466609321003620401337801539e-47,True,43.5731646761317021039957705931,6.94160561879877142712453647335e-57,True,3212562.28524183813272340017429,5.11790699062795819779037825107e-52,True,30.8108802202508614074500649066,4.90845640537525169414270921201e-57,True
384,2.0,bits,1.0,21743271936.0,477790383.23133895704460405577,955580766.462677914089208111539,42962394.1064033594864244443231,11.12113030870703645871966071,22.2422606174140729174393214199,positive,positive,False,False,28.0556847591544397390685202622,6.27710173538668076383578942321e+57,472769874482845188096.0,225884899509390619035064654822.0,2.8840020547525045072443108525e+32,4.59448034511558667658989153984e-26,True,224.445478073235517912548162098,3.57562275608727683824011774225e-56,True,610022383068.985648668291719398,9.71821724076943245544614546679e-47,True,56.1113695183088794781370405244,8.93905689021819209560029435561e-57,True,4136979.05184587706616408772379,6.59058786402006866824418502251e-52,True,39.6767298880603494058839628574,6.32086774448561513370808251662e-57,True
384,2.0,bits,2.0,21743271936.0,477790383.23133895704460405577,955580766.462677914089208111539,85924788.2128067189728488886463,5.56056515435351822935983035499,11.12113030870703645871966071,positive,positive,False,False,39.3902546886752344701565675794,6.27710173538668076383578942321e+57,472769874482845188096.0,225884899509390619035064654822.0,4.04914641843828759386577346894e+32,6.45066240620497588162470386809e-26,True,315.122037509401875761252540636,5.02018368975805346133578926856e-56,True,856473019324.164642673175125376,1.36444023918851518069812659844e-46,True,78.7805093773504689403131351589,1.25504592243951336533394731714e-56,True,5808329.39537329537403140682899,9.25320257696204413993412677981e-52,True,55.7062324060549133966075368229,8.87451482457505672808229817707e-57,True
384,2.0,bits,4.0,21743271936.0,477790383.23133895704460405577,955580766.462677914089208111539,171849576.425613437945697777293,2.78028257717675911467991517749,5.56056515435351822935983035499,positive,positive,False,False,66.091321026619035046023401459,6.27710173538668076383578942321e+57,472769874482845188096.0,225884899509390619035064654822.0,6.79389960638484712694669017901e+32,1.08233065079776513836816495157e-25,True,528.730568212952280368187211672,8.42316391388519570978142448197e-56,True,1437041565691.25237367960109334,2.28933929426384870752947559541e-46,True,132.182642053238070092046802918,2.10579097847129892744535612049e-56,True,9745561.83330113643174642668553,1.55255757260731927322691216052e-51,True,93.467242550998747013234093506,1.48901908063851057941409088123e-56,True
384,2.0,bits,8.0,21743271936.0,477790383.23133895704460405577,955580766.462677914089208111539,343699152.851226875891395554585,1.39014128858837955733995758875,2.78028257717675911467991517749,positive,positive,False,True,205.163159060481379626666534986,6.27710173538668076383578942321e+57,472769874482845188096.0,225884899509390619035064654822.0,2.10898781252122956144921185486e+33,3.35981142480449556811341121647e-25,True,1641.30527248385103701333227989,2.61475015329306858583489431895e-55,True,4460918358700.86890828706062739,7.10665295346860952071338309685e-46,True,410.326318120962759253333069972,6.53687538323267146458723579738e-56,True,30252538.7824223423142297405829,4.81950748254978401741087720869e-51,True,290.144522042641304158481237105,4.62226891125523361341371141915e-56,True
384,2.0,natural,0.5,5019110320.865351783771435356,117907208.418896425316857089385,235814416.837792850633714178769,10268774.1528850596161481692753,11.4821113663084945252013915129,22.9642227326169890504027830258,positive,positive,False,False,27.6885115269334260460047731059,6.27710173538668076383578942321e+57,25191468413017094537.4640731428,2970255716551652539879819988.87,3.50090103905531378123351358668e+30,5.57725712699421778072558375088e-28,True,221.508092215467408368038184847,3.52882749958842448549517217889e-56,True,138971693974.230819460267140963,2.21394681546721678238500577329e-47,True,55.3770230538668520920095462118,8.82206874897106121373793044722e-57,True,1961611.41680072676682001429146,3.12502728089030720994325239413e-52,True,39.1574685233130259447713334078,6.23814463649135924221478651333e-57,True
384,2.0,natural,1.0,5019110320.865351783771435356,117907208.418896425316857089385,235814416.837792850633714178769,20537548.3057701192322963385507,5.74105568315424726260069575645,11.4821113663084945252013915129,positive,positive,False,False,38.670280965539535689015576772,6.27710173538668076383578942321e+57,25191468413017094537.4640731428,2970255716551652539879819988.87,4.88942233969960386483165278708e+30,7.78929917948574820921673192178e-28,True,309.362247724316285512124614176,4.92842494459362166592790480321e-56,True,194090406304.902444557218612746,3.09203856312751200332775841806e-47,True,77.340561931079071378031153544,1.2321062361484054164819762008e-56,True,2739622.33611246199611714653865,4.36447018321855560892641586139e-52,True,54.6880358022441563826018307261,8.71230674722771160483861701135e-57,True
384,2.0,natural,2.0,5019110320.865351783771435356,117907208.418896425316857089385,235814416.837792850633714178769,41075096.6115402384645926771013,2.87052784157712363130034787823,5.74105568315424726260069575645,positive,positive,False,False,64.0892469999994309120815761995,6.27710173538668076383578942321e+57,25191468413017094537.4640731428,2970255716551652539879819988.87,8.10336486294394268928466626824e+30,1.29094050161109278724397347413e-27,True,512.713975999995447296652609596,8.16800487890151016710854222276e-56,True,321671001074.185927896973271399,5.12451469857163969189132718581e-47,True,128.178493999998861824163152399,2.04200121972537754177713555569e-56,True,4540446.26006966238136117033209,7.23334820984857388212096848061e-52,True,90.6358823096783899252760650507,1.44391290965901568993899715891e-56,True
384,2.0,natural,4.0,5019110320.865351783771435356,117907208.418896425316857089385,235814416.837792850633714178769,82150193.2230804769291853542027,1.43526392078856181565017393911,2.87052784157712363130034787823,positive,positive,False,False,187.026661221907751654523594563,6.27710173538668076383578942321e+57,25191468413017094537.4640731428,2970255716551652539879819988.87,2.36474189652960217551762423714e+31,3.76725118727732364664606830276e-27,True,1496.21328977526201323618875651,2.38360528926984577834375274734e-55,True,938707445615.864861318410258695,1.49544723853044066247128139113e-46,True,374.053322443815503309047189127,5.95901322317461444585938186835e-56,True,13250030.9213858347266282207085,2.11085170831146469792149426836e-51,True,264.495640825380155198559782764,4.21365865928707538638284689033e-56,True
384,2.0,natural,8.0,5019110320.865351783771435356,117907208.418896425316857089385,235814416.837792850633714178769,164300386.446160953858370708405,0.717631960394280907825086969557,1.43526392078856181565017393911,negative,positive,True,True,,6.27710173538668076383578942321e+57,25191468413017094537.4640731428,2970255716551652539879819988.87,NA_ratio_not_positive,NA,NA,NA_ratio_not_positive,NA,NA,NA_ratio_not_positive,NA,NA,NA_ratio_not_positive,NA,NA,NA_ratio_not_positive,NA,NA,NA_ratio_not_positive,NA,NA
512,0.25,bits,0.5,1246974.03982109324525436924913,48178.3091209425591663551293164,96356.6182418851183327102586328,206761.037300385341895280814437,0.233014448708479027044724494058,0.466028897416958054089448988117,negative,negative,False,False,,1.15792089237316195423570985009e+77,1554944255987.73744253511092737,74914585030811252.3975073093132,NA_ratio_not_positive,NA,NA,NA_ratio_not_positive,NA,NA,NA_ratio_not_positive,NA,NA,NA_ratio_not_positive,NA,NA,NA_ratio_not_positive,NA,NA,NA_ratio_not_positive,NA,NA
512,0.25,bits,1.0,1246974.03982109324525436924913,48178.3091209425591663551293164,96356.6182418851183327102586328,413522.074600770683790561628875,0.116507224354239513522362247029,0.233014448708479027044724494058,negative,negative,False,False,,1.15792089237316195423570985009e+77,1554944255987.73744253511092737,74914585030811252.3975073093132,NA_ratio_not_positive,NA,NA,NA_ratio_not_positive,NA,NA,NA_ratio_not_positive,NA,NA,NA_ratio_not_positive,NA,NA,NA_ratio_not_positive,NA,NA,NA_ratio_not_positive,NA,NA
512,0.25,bits,2.0,1246974.03982109324525436924913,48178.3091209425591663551293164,96356.6182418851183327102586328,827044.14920154136758112325775,0.0582536121771197567611811235146,0.116507224354239513522362247029,negative,negative,False,False,,1.15792089237316195423570985009e+77,1554944255987.73744253511092737,74914585030811252.3975073093132,NA_ratio_not_positive,NA,NA,NA_ratio_not_positive,NA,NA,NA_ratio_not_positive,NA,NA,NA_ratio_not_positive,NA,NA,NA_ratio_not_positive,NA,NA,NA_ratio_not_positive,NA,NA
512,0.25,bits,4.0,1246974.03982109324525436924913,48178.3091209425591663551293164,96356.6182418851183327102586328,1654088.2984030827351622465155,0.0291268060885598783805905617573,0.0582536121771197567611811235146,negative,negative,False,False,,1.15792089237316195423570985009e+77,1554944255987.73744253511092737,74914585030811252.3975073093132,NA_ratio_not_positive,NA,NA,NA_ratio_not_positive,NA,NA,NA_ratio_not_positive,NA,NA,NA_ratio_not_positive,NA,NA,NA_ratio_not_positive,NA,NA,NA_ratio_not_positive,NA,NA
512,0.25,bits,8.0,1246974.03982109324525436924913,48178.3091209425591663551293164,96356.6182418851183327102586328,3308176.596806165470324493031,0.0145634030442799391902952808786,0.0291268060885598783805905617573,negative,negative,False,False,,1.15792089237316195423570985009e+77,1554944255987.73744253511092737,74914585030811252.3975073093132,NA_ratio_not_positive,NA,NA,NA_ratio_not_positive,NA,NA,NA_ratio_not_positive,NA,NA,NA_ratio_not_positive,NA,NA,NA_ratio_not_positive,NA,NA,NA_ratio_not_positive,NA,NA
512,0.25,natural,0.5,546656.730487806491916248936018,22574.2731343759244857471431802,45148.5462687518489714942863603,136593.217373314690525667770894,0.165266428073654192031719967951,0.330532856147308384063439935901,negative,negative,False,False,,1.15792089237316195423570985009e+77,298833580987.618303725371328015,6745950878938143.92069104975842,NA_ratio_not_positive,NA,NA,NA_ratio_not_positive,NA,NA,NA_ratio_not_positive,NA,NA,NA_ratio_not_positive,NA,NA,NA_ratio_not_positive,NA,NA,NA_ratio_not_positive,NA,NA
512,0.25,natural,1.0,546656.730487806491916248936018,22574.2731343759244857471431802,45148.5462687518489714942863603,273186.434746629381051335541789,0.0826332140368270960158599839753,0.165266428073654192031719967951,negative,negative,False,False,,1.15792089237316195423570985009e+77,298833580987.618303725371328015,6745950878938143.92069104975842,NA_ratio_not_positive,NA,NA,NA_ratio_not_positive,NA,NA,NA_ratio_not_positive,NA,NA,NA_ratio_not_positive,NA,NA,NA_ratio_not_positive,NA,NA,NA_ratio_not_positive,NA,NA
512,0.25,natural,2.0,546656.730487806491916248936018,22574.2731343759244857471431802,45148.5462687518489714942863603,546372.869493258762102671083577,0.0413166070184135480079299919876,0.0826332140368270960158599839753,negative,negative,False,False,,1.15792089237316195423570985009e+77,298833580987.618303725371328015,6745950878938143.92069104975842,NA_ratio_not_positive,NA,NA,NA_ratio_not_positive,NA,NA,NA_ratio_not_positive,NA,NA,NA_ratio_not_positive,NA,NA,NA_ratio_not_positive,NA,NA,NA_ratio_not_positive,NA,NA
512,0.25,natural,4.0,546656.730487806491916248936018,22574.2731343759244857471431802,45148.5462687518489714942863603,1092745.73898651752420534216715,0.0206583035092067740039649959938,0.0413166070184135480079299919876,negative,negative,False,False,,1.15792089237316195423570985009e+77,298833580987.618303725371328015,6745950878938143.92069104975842,NA_ratio_not_positive,NA,NA,NA_ratio_not_positive,NA,NA,NA_ratio_not_positive,NA,NA,NA_ratio_not_positive,NA,NA,NA_ratio_not_positive,NA,NA,NA_ratio_not_positive,NA,NA
512,0.25,natural,8.0,546656.730487806491916248936018,22574.2731343759244857471431802,45148.5462687518489714942863603,2185491.47797303504841068433431,0.0103291517546033870019824979969,0.0206583035092067740039649959938,negative,negative,False,False,,1.15792089237316195423570985009e+77,298833580987.618303725371328015,6745950878938143.92069104975842,NA_ratio_not_positive,NA,NA,NA_ratio_not_positive,NA,NA,NA_ratio_not_positive,NA,NA,NA_ratio_not_positive,NA,NA,NA_ratio_not_positive,NA,NA,NA_ratio_not_positive,NA,NA
512,0.5,bits,0.5,5931641.60151572205556911822271,204346.972957459261048333025517,408693.945914918522096666051034,452848.196947547149377947197208,0.451248286588912973011657040519,0.902496573177825946023314081038,negative,negative,False,False,,1.15792089237316195423570985009e+77,35184372088832.0,7189819931761737117.32668022713,NA_ratio_not_positive,NA,NA,NA_ratio_not_positive,NA,NA,NA_ratio_not_positive,NA,NA,NA_ratio_not_positive,NA,NA,NA_ratio_not_positive,NA,NA,NA_ratio_not_positive,NA,NA
512,0.5,bits,1.0,5931641.60151572205556911822271,204346.972957459261048333025517,408693.945914918522096666051034,905696.393895094298755894394416,0.22562414329445648650582852026,0.451248286588912973011657040519,negative,negative,False,False,,1.15792089237316195423570985009e+77,35184372088832.0,7189819931761737117.32668022713,NA_ratio_not_positive,NA,NA,NA_ratio_not_positive,NA,NA,NA_ratio_not_positive,NA,NA,NA_ratio_not_positive,NA,NA,NA_ratio_not_positive,NA,NA,NA_ratio_not_positive,NA,NA
512,0.5,bits,2.0,5931641.60151572205556911822271,204346.972957459261048333025517,408693.945914918522096666051034,1811392.78779018859751178878883,0.11281207164722824325291426013,0.22562414329445648650582852026,negative,negative,False,False,,1.15792089237316195423570985009e+77,35184372088832.0,7189819931761737117.32668022713,NA_ratio_not_positive,NA,NA,NA_ratio_not_positive,NA,NA,NA_ratio_not_positive,NA,NA,NA_ratio_not_positive,NA,NA,NA_ratio_not_positive,NA,NA,NA_ratio_not_positive,NA,NA
512,0.5,bits,4.0,5931641.60151572205556911822271,204346.972957459261048333025517,408693.945914918522096666051034,3622785.57558037719502357757766,0.0564060358236141216264571300649,0.11281207164722824325291426013,negative,negative,False,False,,1.15792089237316195423570985009e+77,35184372088832.0,7189819931761737117.32668022713,NA_ratio_not_positive,NA,NA,NA_ratio_not_positive,NA,NA,NA_ratio_not_positive,NA,NA,NA_ratio_not_positive,NA,NA,NA_ratio_not_positive,NA,NA,NA_ratio_not_positive,NA,NA
512,0.5,bits,8.0,5931641.60151572205556911822271,204346.972957459261048333025517,408693.945914918522096666051034,7245571.15116075439004715515533,0.0282030179118070608132285650324,0.0564060358236141216264571300649,negative,negative,False,False,,1.15792089237316195423570985009e+77,35184372088832.0,7189819931761737117.32668022713,NA_ratio_not_positive,NA,NA,NA_ratio_not_positive,NA,NA,NA_ratio_not_positive,NA,NA,NA_ratio_not_positive,NA,NA,NA_ratio_not_positive,NA,NA,NA_ratio_not_positive,NA,NA
512,0.5,natural,0.5,2372676.64318258621505983899079,87292.9764609453733732480176669,174585.952921890746746496035334,285701.857094866502187031625133,0.305538708598453333839443773952,0.611077417196906667678887547904,negative,negative,False,False,,1.15792089237316195423570985009e+77,5629594453104.18554464584736753,491424056079492311.374391666381,NA_ratio_not_positive,NA,NA,NA_ratio_not_positive,NA,NA,NA_ratio_not_positive,NA,NA,NA_ratio_not_positive,NA,NA,NA_ratio_not_positive,NA,NA,NA_ratio_not_positive,NA,NA
512,0.5,natural,1.0,2372676.64318258621505983899079,87292.9764609453733732480176669,174585.952921890746746496035334,571403.714189733004374063250265,0.152769354299226666919721886976,0.305538708598453333839443773952,negative,negative,False,False,,1.15792089237316195423570985009e+77,5629594453104.18554464584736753,491424056079492311.374391666381,NA_ratio_not_positive,NA,NA,NA_ratio_not_positive,NA,NA,NA_ratio_not_positive,NA,NA,NA_ratio_not_positive,NA,NA,NA_ratio_not_positive,NA,NA,NA_ratio_not_positive,NA,NA
512,0.5,natural,2.0,2372676.64318258621505983899079,87292.9764609453733732480176669,174585.952921890746746496035334,1142807.42837946600874812650053,0.076384677149613333459860943488,0.152769354299226666919721886976,negative,negative,False,False,,1.15792089237316195423570985009e+77,5629594453104.18554464584736753,491424056079492311.374391666381,NA_ratio_not_positive,NA,NA,NA_ratio_not_positive,NA,NA,NA_ratio_not_positive,NA,NA,NA_ratio_not_positive,NA,NA,NA_ratio_not_positive,NA,NA,NA_ratio_not_positive,NA,NA
512,0.5,natural,4.0,2372676.64318258621505983899079,87292.9764609453733732480176669,174585.952921890746746496035334,2285614.85675893201749625300106,0.038192338574806666729930471744,0.076384677149613333459860943488,negative,negative,False,False,,1.15792089237316195423570985009e+77,5629594453104.18554464584736753,491424056079492311.374391666381,NA_ratio_not_positive,NA,NA,NA_ratio_not_positive,NA,NA,NA_ratio_not_positive,NA,NA,NA_ratio_not_positive,NA,NA,NA_ratio_not_positive,NA,NA,NA_ratio_not_positive,NA,NA
512,0.5,natural,8.0,2372676.64318258621505983899079,87292.9764609453733732480176669,174585.952921890746746496035334,4571229.71351786403499250600212,0.019096169287403333364965235872,0.038192338574806666729930471744,negative,negative,False,False,,1.15792089237316195423570985009e+77,5629594453104.18554464584736753,491424056079492311.374391666381,NA_ratio_not_positive,NA,NA,NA_ratio_not_positive,NA,NA,NA_ratio_not_positive,NA,NA,NA_ratio_not_positive,NA,NA,NA_ratio_not_positive,NA,NA,NA_ratio_not_positive,NA,NA
512,1.0,bits,0.5,134217728.0,3802191.05287093679800767102473,7604382.10574187359601534204946,2172189.30940511858981773652987,1.7503958040895683821966651901,3.5007916081791367643933303802,positive,positive,False,False,160.335541319785158828520190525,1.15792089237316195423570985009e+77,18014398509481984.0,68494184835603939275889.5686801,387667551406753030956522770.288,3.34796231728945965726471861401e-51,True,1282.6843305582812706281615242,1.10774780816797969453328940485e-74,True,21519872073.5916854660831215744,1.85849242511607596187990155357e-67,True,320.67108263957031765704038105,2.76936952041994923633322351213e-75,True,1857525.32635543099109349546869,1.60419018137623191623474302984e-71,True,226.74869706487194715496770858,1.9582399675002831008724890501e-75,True
512,1.0,bits,1.0,134217728.0,3802191.05287093679800767102473,7604382.10574187359601534204946,4344378.61881023717963547305973,0.87519790204478419109833259505,1.7503958040895683821966651901,negative,positive,True,False,,1.15792089237316195423570985009e+77,18014398509481984.0,68494184835603939275889.5686801,NA_ratio_not_positive,NA,NA,NA_ratio_not_positive,NA,NA,NA_ratio_not_positive,NA,NA,NA_ratio_not_positive,NA,NA,NA_ratio_not_positive,NA,NA,NA_ratio_not_positive,NA,NA
512,1.0,bits,2.0,134217728.0,3802191.05287093679800767102473,7604382.10574187359601534204946,8688757.23762047435927094611946,0.437598951022392095549166297525,0.87519790204478419109833259505,negative,negative,False,False,,1.15792089237316195423570985009e+77,18014398509481984.0,68494184835603939275889.5686801,NA_ratio_not_positive,NA,NA,NA_ratio_not_positive,NA,NA,NA_ratio_not_positive,NA,NA,NA_ratio_not_positive,NA,NA,NA_ratio_not_positive,NA,NA,NA_ratio_not_positive,NA,NA
512,1.0,bits,4.0,134217728.0,3802191.05287093679800767102473,7604382.10574187359601534204946,17377514.4752409487185418922389,0.218799475511196047774583148763,0.437598951022392095549166297525,negative,negative,False,False,,1.15792089237316195423570985009e+77,18014398509481984.0,68494184835603939275889.5686801,NA_ratio_not_positive,NA,NA,NA_ratio_not_positive,NA,NA,NA_ratio_not_positive,NA,NA,NA_ratio_not_positive,NA,NA,NA_ratio_not_positive,NA,NA,NA_ratio_not_positive,NA,NA
512,1.0,bits,8.0,134217728.0,3802191.05287093679800767102473,7604382.10574187359601534204946,34755028.9504818974370837844778,0.109399737755598023887291574381,0.218799475511196047774583148763,negative,negative,False,False,,1.15792089237316195423570985009e+77,18014398509481984.0,68494184835603939275889.5686801,NA_ratio_not_positive,NA,NA,NA_ratio_not_positive,NA,NA,NA_ratio_not_positive,NA,NA,NA_ratio_not_positive,NA,NA,NA_ratio_not_positive,NA,NA,NA_ratio_not_positive,NA,NA
512,1.0,natural,0.5,44697812.1579447959200866066228,1350765.56601672827711608521228,2701531.13203345655423217042455,1249857.7041927919422941969958,1.08073548011539974857680741162,2.16147096023079949715361482325,positive,positive,False,False,1156.11112747107511779721883901,1.15792089237316195423570985009e+77,1997894411706917.61377535489133,2698686975870952928054.34800418,103242468400393593430972179.465,8.91619359149810997464053942144e-52,True,9248.88901976860094237775071212,7.9874964522083872693618086236e-74,True,51675638009.4118871425381338529,4.46279520041326220056996265627e-67,True,2312.22225494215023559443767803,1.9968741130520968173404521559e-74,True,7729345.38766694787387703884986,6.67519295884335751708209203573e-71,True,1634.98803608004453183357059253,1.41200322651501018813995257938e-74,True
512,1.0,natural,1.0,44697812.1579447959200866066228,1350765.56601672827711608521228,2701531.13203345655423217042455,2499715.40838558388458839399159,0.540367740057699874288403705812,1.08073548011539974857680741162,negative,positive,True,False,,1.15792089237316195423570985009e+77,1997894411706917.61377535489133,2698686975870952928054.34800418,NA_ratio_not_positive,NA,NA,NA_ratio_not_positive,NA,NA,NA_ratio_not_positive,NA,NA,NA_ratio_not_positive,NA,NA,NA_ratio_not_positive,NA,NA,NA_ratio_not_positive,NA,NA
512,1.0,natural,2.0,44697812.1579447959200866066228,1350765.56601672827711608521228,2701531.13203345655423217042455,4999430.81677116776917678798318,0.270183870028849937144201852906,0.540367740057699874288403705812,negative,negative,False,False,,1.15792089237316195423570985009e+77,1997894411706917.61377535489133,2698686975870952928054.34800418,NA_ratio_not_positive,NA,NA,NA_ratio_not_positive,NA,NA,NA_ratio_not_positive,NA,NA,NA_ratio_not_positive,NA,NA,NA_ratio_not_positive,NA,NA,NA_ratio_not_positive,NA,NA
512,1.0,natural,4.0,44697812.1579447959200866066228,1350765.56601672827711608521228,2701531.13203345655423217042455,9998861.63354233553835357596637,0.135091935014424968572100926453,0.270183870028849937144201852906,negative,negative,False,False,,1.15792089237316195423570985009e+77,1997894411706917.61377535489133,2698686975870952928054.34800418,NA_ratio_not_positive,NA,NA,NA_ratio_not_positive,NA,NA,NA_ratio_not_positive,NA,NA,NA_ratio_not_positive,NA,NA,NA_ratio_not_positive,NA,NA,NA_ratio_not_positive,NA,NA
512,1.0,natural,8.0,44697812.1579447959200866066228,1350765.56601672827711608521228,2701531.13203345655423217042455,19997723.2670846710767071519327,0.0675459675072124842860504632265,0.135091935014424968572100926453,negative,negative,False,False,,1.15792089237316195423570985009e+77,1997894411706917.61377535489133,2698686975870952928054.34800418,NA_ratio_not_positive,NA,NA,NA_ratio_not_positive,NA,NA,NA_ratio_not_positive,NA,NA,NA_ratio_not_positive,NA,NA,NA_ratio_not_positive,NA,NA,NA_ratio_not_positive,NA,NA
512,2.0,bits,0.5,68719476736.0,1437206029.0889978794325341568,2874412058.1779957588650683136,49968702.9876942333777644967431,28.7621239527257264282922588739,57.5242479054514528565845177477,positive,positive,False,False,26.7225284520911028794234647932,1.15792089237316195423570985009e+77,4722366482869645213696.0,6.78701358074805992509355763544e+30,8.67195628336876147068473803384e+33,7.48924761655829869449726718043e-44,True,213.780227616728823035387718346,1.846242079444526446972646052e-75,True,1836358172290.57263487512340195,1.58590987034265498719091859998e-65,True,53.4450569041822057588469295864,4.61560519861131611743161512999e-76,True,7005150.49854497007322358475475,6.04976604592382426143996658319e-71,True,37.7913621578481480085553601232,3.26372573521794313338309594385e-76,True
512,2.0,bits,1.0,68719476736.0,1437206029.0889978794325341568,2874412058.1779957588650683136,99937405.9753884667555289934861,14.3810619763628632141461294369,28.7621239527257264282922588739,positive,positive,False,False,33.6704861719884008322947655771,1.15792089237316195423570985009e+77,4722366482869645213696.0,6.78701358074805992509355763544e+30,1.09266974735097329703001326259e+34,9.43648011317546692141483783833e-44,True,269.363889375907206658358124617,2.32627195130614836436551734435e-75,True,2313818191185.76660585672318057,1.99825239049240234173475775682e-65,True,67.3409723439768016645895311543,5.81567987826537091091379336087e-76,True,8826515.92706972734778107902746,7.62272793003998696035292723396e-71,True,47.6172581961217526452379428275,4.11230667913159897258549904128e-76,True
512,2.0,bits,2.0,68719476736.0,1437206029.0889978794325341568,2874412058.1779957588650683136,199874811.950776933511057986972,7.19053098818143160707306471846,14.3810619763628632141461294369,positive,positive,False,False,45.500887827711646765942324397,1.15792089237316195423570985009e+77,4722366482869645213696.0,6.78701358074805992509355763544e+30,1.47658823080232975478584586908e+34,1.275206484767761847133040495e-43,True,364.007102621693174127538595176,3.14362669349250316570346552608e-75,True,3126797202543.77608604842319852,2.70035476787658342357457065367e-65,True,91.001775655423293531884648794,7.85906673373125791425866381519e-76,True,11927784.7387076419298111846867,1.03010359492362343733771158358e-70,True,64.3479726659666862463493161654,5.55719938121898334611081380865e-76,True
512,2.0,bits,4.0,68719476736.0,1437206029.0889978794325341568,2874412058.1779957588650683136,399749623.901553867022115973945,3.59526549409071580353653235923,7.19053098818143160707306471846,positive,positive,False,False,70.1479434878190687291723214286,1.15792089237316195423570985009e+77,4722366482869645213696.0,6.78701358074805992509355763544e+30,2.27643091627800981310530652149e+34,1.96596410970049826510272614421e-43,True,561.183547902552549833378571429,4.8464757100323613050607349292e-75,True,4820529970589.42519291154242695,4.16309093508947418137834716293e-65,True,140.295886975638137458344642857,1.2116189275080903262651837323e-75,True,18388862.4976708419529401490286,1.5880931606634041524423016216e-70,True,99.2041730530551591979315601829,8.56743959854942613506454177765e-76,True
512,2.0,bits,8.0,68719476736.0,1437206029.0889978794325341568,2874412058.1779957588650683136,799499247.803107734044231947889,1.79763274704535790176826617962,3.59526549409071580353653235923,positive,positive,False,True,153.055499935511263625569279692,1.15792089237316195423570985009e+77,4722366482869645213696.0,6.78701358074805992509355763544e+30,4.96693494685395404256695051488e+34,4.28952874032198143902058307073e-43,True,1224.44399948409010900455423754,1.05745047658185773770094949619e-74,True,10517893867135.2157809832711306,9.08343042811738570070024862858e-65,True,306.110999871022527251138559384,2.64362619145464434425237374048e-75,True,40122580.9750946646918612332556,3.46505372166343143489847130912e-70,True,216.453163804594403640843805595,1.86932600689994519122124836232e-75,True
512,2.0,natural,0.5,15862867186.9324698351294747054,353483814.151579473009305529095,706967628.30315894601861105819,23915290.9050940649305735897486,14.780661274594231457151454464,29.5613225491884629143029089279,positive,positive,False,False,33.3278523745501049698672791573,1.15792089237316195423570985009e+77,251630555390258848896.089848725,88947328476428983334133830517.6,1.33030858314128853844269374915e+32,1.14887691542970396936637279432e-45,True,266.622818996400839758938233258,2.3025996054873546827613043267e-75,True,528675295843.180258648279389768,4.56572896581612610120196517447e-66,True,66.6557047491002099397345583146,5.75649901371838670690326081675e-76,True,4197572.18090804418540884216775,3.6250940876497260672736464772e-71,True,47.1327008328571188050481563672,4.07045948849394390505662248309e-76,True
512,2.0,natural,1.0,15862867186.9324698351294747054,353483814.151579473009305529095,706967628.30315894601861105819,47830581.8101881298611471794972,7.39033063729711572857572723199,14.780661274594231457151454464,positive,positive,False,False,44.8774098225723018416727181079,1.15792089237316195423570985009e+77,251630555390258848896.089848725,88947328476428983334133830517.6,1.79131864859393026756214512142e+32,1.54701297851411759592969740241e-45,True,359.019278580578414733381744863,3.10055100435028378030420116152e-75,True,711884391709.003079935049390415,6.14795359853982876402657275371e-66,True,89.7548196451446036833454362158,7.7513775108757094507605029038e-76,True,5652214.39729753377069659972867,4.88134762445930594008966651739e-71,True,63.4662416152573023978971325792,5.48105160147711568616877985381e-76,True
512,2.0,natural,2.0,15862867186.9324698351294747054,353483814.151579473009305529095,706967628.30315894601861105819,95661163.6203762597222943589945,3.69516531864855786428786361599,7.39033063729711572857572723199,positive,positive,False,False,68.6769875495173720295921916062,1.15792089237316195423570985009e+77,251630555390258848896.089848725,88947328476428983334133830517.6,2.74129832833681546839001433112e+32,2.36743144233153720906394413686e-45,True,549.41590039613897623673753285,4.74484832267003684887982347062e-75,True,1089413932296.60889016265964815,9.40836234558176192108263580602e-66,True,137.353975099034744059184383212,1.18621208066750921221995586765e-75,True,8649720.63506128329697426329399,7.47004453588678049323508197369e-71,True,97.1239272154556581001888955242,8.38778606165399697403597393122e-76,True
512,2.0,natural,4.0,15862867186.9324698351294747054,353483814.151579473009305529095,706967628.30315894601861105819,191322327.240752519444588717989,1.847582659324278932143931808,3.69516531864855786428786361599,positive,positive,False,False,146.22212102537727547779468874,1.15792089237316195423570985009e+77,251630555390258848896.089848725,88947328476428983334133830517.6,5.836575980327010395174707698e+32,5.04056539507196590239668982293e-45,True,1169.77696820301820382235750992,1.0102391069268619815490741222e-74,True,2319502085617.12557353160748457,2.00316109752826021531789801268e-65,True,292.444242050754550955589377479,2.52559776731715495387268530549e-75,True,18416365.4036762188338651132388,1.59046835798357769225853031253e-70,True,206.789306673048638527156848136,1.78586730781956445663643299554e-75,True
512,2.0,natural,8.0,15862867186.9324698351294747054,353483814.151579473009305529095,706967628.30315894601861105819,382644654.481505038889177435978,0.923791329662139466071965903998,1.847582659324278932143931808,negative,positive,True,True,,1.15792089237316195423570985009e+77,251630555390258848896.089848725,88947328476428983334133830517.6,NA_ratio_not_positive,NA,NA,NA_ratio_not_positive,NA,NA,NA_ratio_not_positive,NA,NA,NA_ratio_not_positive,NA,NA,NA_ratio_not_positive,NA,NA,NA_ratio_not_positive,NA,NA
