c BreakID not compiled in, disabling
c CryptoMiniSat version 5.11.15
c CMS Copyright (C) 2009-2020 Authors of CryptoMiniSat, see AUTHORS file
c CMS SHA revision 
c Using VMTF code by Armin Biere from CaDiCaL
c Using Yalsat by Armin Biere, see Balint et al. Improving implementation of SLS solvers [...], SAT'14
c Using WalkSAT by Henry Kautz, see Kautz and Selman Pushing the envelope: planning, propositional logic, and stochastic search, AAAI'96,
c CMS is MIT licensed
c Using code from 'When Boolean Satisfiability Meets Gauss-E. in a Simplex Way'
c       by C.-S. Han and J.-H. Roland Jiang in CAV 2012. Fixes by M. Soos
c Using CCAnr from 'CCAnr: A Conf. Checking Based Local Search Solver [...]'
c       by Shaowei Cai, Chuan Luo, and Kaile Su, SAT 2015
c CMS compilation env CMAKE_CXX_COMPILER = /usr/bin/c++ | COMPILE_DEFINES =  -DRDB0_ONLY_FEATURES -DBOOST_TEST_DYN_LINK -DUSE_ZLIB -DYALSAT_FPU | STATICCOMPILE = OFF | ONLY_SIMPLE = OFF | Boost_FOUND = TRUE | STATS = OFF | SQLITE3_FOUND =  | ZLIB_FOUND = TRUE | VALGRIND_FOUND =  | ENABLE_TESTING = OFF | SLOW_DEBUG = OFF | ENABLE_ASSERTIONS = ON | PYTHON_EXECUTABLE =  | PYTHON_LIBRARY =  | PYTHON_INCLUDE_DIRS =  | MY_TARGETS =  | LARGEMEM = OFF | LIMITMEM = OFF | BREAKID_LIBRARIES =  | BREAKID-VER = . | BOSPHORUS_LIBRARIES =  | BOSPH-VER = . | compilation date time = Mar 31 2024 17:57:30
c CMS compiled with gcc version 13.2.0
c Executed with command line: cryptominisat5 --verb 1 /workspace/inputs/TRIMOSKA-ECICB-2024/upstream/benchmarks/Xn17l6-19-U.dimacs
c Reading file '/workspace/inputs/TRIMOSKA-ECICB-2024/upstream/benchmarks/Xn17l6-19-U.dimacs'
c -- header says num vars:            767
c -- header says num clauses:        2414
c -- clauses added: 2364
c -- xor clauses added: 50
c -- vars added 767
c Parsing time: 0.00 s
c [find&init matx] performing matrix init
c [gauss] XOR-encoding clauses are not detached, so no need to reattach them.
c [xor-rem-unconnected] left with 48 xors from 48 non-empty xors T: 0.00
c [xor-together] xored together: 0 orig xors: 48 new xors: 48 T: 0.00
c [xor-rem-unconnected] left with 48 xors from 48 non-empty xors T: 0.00
c [xor-clean-equiv] removed equivalent xors: 0 left with: 48
c [matrix] unused xors from cleaning: 0
c [matrix] Good   matrix  0     48 x  765  density:0.1106  xorlen avg: 84.58
c [matrix] Using 1 matrices recovered from 0 xors T: 0.00 T-out: N
c [branch] adjusting to: vsid (from: vsid) var_decay:0.95 descr: VSIDS
c rst  geom  stb   vs     1   111    2711 16572  1652    3.97    3.79     8    32    64     7  143.36  134.44
c rst  geom  stb   vs     2   233    2711 16572  1652    3.97    3.79     9    37   180     7  115.21  111.81
c  res  pol bran  nres  conf freevar  IrrL  IrrB l/longC  l/allC RedL0 RedL1 RedL2  RedB l/longC  l/allC
c rst  geom  stb   vs     3   367    2711 16572  1652    3.97    3.79    14    38   308     7   93.96   92.21
c rst  geom  stb   vs     4   514    2711 16572  1652    3.97    3.79    14    38   455     7   84.47   83.35
c rst  geom  stb   vs     5   675    2711 16572  1652    3.97    3.79    14    38   615     8   76.11   75.23
c rst  geom  stb   vs     6   852    2711 16572  1652    3.97    3.79    14    38   791     9   70.94   70.21
c rst  geom  stb   vs     7  1046    2711 16572  1652    3.97    3.79    14    38   985     9   69.35   68.77
c rst  geom  stb   vs     8  1259    2711 16572  1652    3.97    3.79    14    38  1198     9   70.30   69.82
c rst  geom  stb   vs     9  1493    2711 16572  1652    3.97    3.79    15    38  1427    13   74.24   73.61
c rst  geom  stb   vs    10  1751    2711 16572  1652    3.97    3.79    15    38  1685    13   72.29   71.76
c rst  geom  stb   vs    11  2034    2711 16572  1652    3.97    3.79    15    38  1968    13   70.43   69.99
c rst  geom  stb   vs    12  2344    2711 16572  1652    3.97    3.79    15    38  2278    13   67.65   67.28
c rst  geom  stb   vs    13  2684    2711 16572  1652    3.97    3.79    15    38  2617    14   67.28   66.94
c rst  geom  stb   vs    14  3058    2711 16572  1652    3.97    3.79    15    38  2990    15   65.10   64.79
c rst  geom  stb   vs    15  3471    2711 16572  1652    3.97    3.79    17    38  3401    15   65.69   65.42
c rst  geom  stb   vs    16  3923    2711 16572  1652    3.97    3.79    17    38  3852    16   63.60   63.35
c rst  geom  stb   vs    17  4417    2711 16572  1652    3.97    3.79    17    38  4344    18   62.79   62.54
c rst  geom  stb   vs    18  4961    2711 16572  1652    3.97    3.79    17    38  4888    18   60.64   60.43
c rst  geom  stb   vs    19  5559    2711 16572  1652    3.97    3.79    17    38  5486    18   58.66   58.48
c [branch] adjusting to: vmtf (from: vsid) var_decay:0.95 descr: VMTF
c [distill-long-red0] cls tried: 17/17 T: 0.00 T-out: N T-r: 100.00%
c [distill-long-red1] cls tried: 38/38 T: 0.00 T-out: N T-r: 98.75%
c rst  luby ibes  vmt    20  5660    2711 16572  1652    3.97    3.79    28    72  5541    19   58.46   58.27
c rst  luby ibes  vmt    21  5762    2711 16572  1652    3.97    3.79    28    72  5643    19   58.11   57.92
c rst  luby ibes  vmt    22  5964    2711 16572  1652    3.97    3.79    28    72  5845    19   57.38   57.21
c rst  luby ibes  vmt    23  6066    2711 16572  1652    3.97    3.79    28    72  5947    19   57.11   56.93
c rst  luby ibes  vmt    24  6168    2711 16572  1652    3.97    3.79    28    72  6049    19   57.12   56.95
c rst  luby ibes  vmt    25  6370    2711 16572  1652    3.97    3.79    28    72  6251    19   56.48   56.32
c rst  luby ibes  vmt    26  6772    2711 16572  1652    3.97    3.79    28    72  6653    19   55.50   55.35
c rst  luby ibes  vmt    27  6874    2711 16572  1652    3.97    3.79    28    72  6755    19   55.30   55.15
c rst  luby ibes  vmt    28  6976    2711 16572  1652    3.97    3.79    28    72  6857    19   54.85   54.70
c rst  luby ibes  vmt    29  7178    2711 16572  1652    3.97    3.79    28    72  7059    19   54.09   53.95
c rst  luby ibes  vmt    30  7280    2711 16572  1652    3.97    3.79    36    83  7142    19   53.70   53.56
c rst  luby ibes  vmt    31  7382    2711 16572  1652    3.97    3.79    36    83  7244    19   53.36   53.23
c rst  luby ibes  vmt    32  7584    2711 16572  1652    3.97    3.79    36    83  7446    19   52.52   52.39
c rst  luby ibes  vmt    33  7986    2711 16572  1652    3.97    3.79    36    83  7848    19   50.90   50.79
c rst  luby ibes  vmt    34  8788    2711 16572  1652    3.97    3.79    36    83  8650    19   48.09   47.99
c rst  luby ibes  vmt    35  8890    2711 16572  1652    3.97    3.79    36    83  8752    19   47.77   47.67
c rst  luby ibes  vmt    36  8992    2711 16572  1652    3.97    3.79    36    83  8854    19   47.45   47.36
c rst  luby ibes  vmt    37  9194    2711 16572  1652    3.97    3.79    36    83  9056    19   46.84   46.74
c rst  luby ibes  vmt    38  9296    2711 16572  1652    3.97    3.79    36    83  9158    19   46.52   46.43
c rst  luby ibes  vmt    39  9398    2711 16572  1652    3.97    3.79    36    83  9260    19   46.22   46.13
c rst  luby ibes  vmt    40  9600    2711 16572  1652    3.97    3.79    36    83  9462    19   45.63   45.54
c rst  luby ibes  vmt    41 10002    2711 16572  1652    3.97    3.79    68    51  9864    19   44.54   44.46
c rst  luby ibes  vmt    42 10104    2711 16572  1652    3.97    3.79    68    51  9966    19   44.26   44.18
c rst  luby ibes  vmt    43 10206    2711 16572  1652    3.97    3.79    68    51 10068    19   43.99   43.91
c rst  luby ibes  vmt    44 10408    2711 16572  1652    3.97    3.79    68    51 10270    19   43.49   43.42
c rst  luby ibes  vmt    45 10510    2711 16572  1652    3.97    3.79    68    51 10372    19   43.26   43.19
c rst  luby ibes  vmt    46 10612    2711 16572  1652    3.97    3.79    68    51 10474    19   43.03   42.96
c rst  luby ibes  vmt    47 10814    2711 16572  1652    3.97    3.79    68    51 10676    19   42.58   42.51
c rst  luby  svd  vmt    48 11215    2711 16572  1652    3.97    3.79    71    59 11066    19   43.40   43.33
c rst  luby  svd  vmt    49 12016    2711 16572  1652    3.97    3.79    72    60 11865    19   43.49   43.43
c [branch] adjusting to: vsid (from: vmtf) var_decay:0.95 descr: VSIDS
c [distill-bin] useful: 4/1652/1652 lits-rem: 0 cl-rem: 4 0-depth-assigns: 0 T: 0.00 T-out: N
c rst  geom  svd   vs    50 12127    2711 16572  1648    3.97    3.79    73    60 11975    19   43.41   43.35
c rst  geom  svd   vs    51 12249    2711 16572  1648    3.97    3.79    73    60 12097    19   43.30   43.23
c rst  geom  svd   vs    52 12383    2711 16572  1648    3.97    3.79    73    60 12231    19   43.17   43.10
c rst  geom  svd   vs    53 12530    2711 16572  1648    3.97    3.79    73    60 12378    19   43.25   43.19
c rst  geom  svd   vs    54 12692    2711 16572  1648    3.97    3.79    73    60 12540    19   43.23   43.17
c rst  geom  svd   vs    55 12870    2711 16572  1648    3.97    3.79    73    60 12718    19   43.16   43.10
c rst  geom  svd   vs    56 13064    2711 16572  1648    3.97    3.79    73    60 12912    19   42.94   42.88
c rst  geom  svd   vs    57 13278    2711 16572  1648    3.97    3.79    73    60 13126    19   42.68   42.62
c rst  geom  svd   vs    58 13512    2711 16572  1648    3.97    3.79    73    60 13360    19   42.44   42.39
c rst  geom  svd   vs    59 13769    2711 16572  1648    3.97    3.79    73    60 13617    19   42.20   42.15
c rst  geom  svd   vs    60 14051    2711 16572  1648    3.97    3.79    73    60 13899    19   42.09   42.03
c rst  geom  svd   vs    61 14361    2711 16572  1648    3.97    3.79    73    60 14209    19   42.01   41.95
c rst  geom  svd   vs    62 14702    2711 16572  1648    3.97    3.79    73    60 14549    20   41.64   41.59
c rst  geom  svd   vs    63 15076    2711 16572  1648    3.97    3.79    73    75 14538    20   39.81   39.76
c rst  geom  svd   vs    64 15486    2711 16572  1648    3.97    3.79    73    75 14948    20   39.50   39.45
c rst  geom  svd   vs    65 15936    2711 16572  1648    3.97    3.79    73    75 15398    20   39.28   39.24
c rst  geom  svd   vs    66 16430    2711 16572  1648    3.97    3.79    73    75 15892    20   39.06   39.01
c rst  geom best   vs    67 16973    2711 16572  1648    3.97    3.79    75    78 16430    20   40.29   40.24
c rst  geom best   vs    68 17571    2711 16572  1648    3.97    3.79    75    78 17028    20   41.06   41.02
c rst  geom best   vs    69 18227    2711 16572  1648    3.97    3.79    75    80 17682    20   41.91   41.87
c [branch] adjusting to: vmtf (from: vsid) var_decay:0.95 descr: VMTF
c rst  luby best  vmt    70 18328    2711 16572  1648    3.97    3.79    75    80 17783    20   41.95   41.91
c rst  luby best  vmt    71 18430    2711 16572  1648    3.97    3.79    75    80 17885    20   41.95   41.91
c rst  luby best  vmt    72 18632    2711 16572  1648    3.97    3.79    80    80 18082    20   41.92   41.88
c rst  luby best  vmt    73 18733    2711 16572  1648    3.97    3.79    80    80 18183    20   41.96   41.92
c rst  luby best  vmt    74 18834    2711 16572  1648    3.97    3.79    80    80 18284    20   42.00   41.96
c rst  luby best  vmt    75 19036    2711 16572  1648    3.97    3.79    80    80 18486    20   42.15   42.10
c rst  luby best  vmt    76 19438    2711 16572  1648    3.97    3.79    80    83 18885    20   42.24   42.20
c rst  luby best  vmt    77 19540    2711 16572  1648    3.97    3.79    81    83 18986    20   42.34   42.29
c rst  luby best  vmt    78 19641    2711 16572  1648    3.97    3.79    82    83 19086    20   42.30   42.26
c rst  luby best  vmt    79 19842    2711 16572  1648    3.97    3.79    87    88 19276    21   42.73   42.68
c rst  luby best  vmt    80 19943    2711 16572  1648    3.97    3.79    89    88 19375    21   42.82   42.78
c rst  luby best  vmt    81   20K    2711 16572  1648    3.97    3.79   103    75 19476    21   42.81   42.77
c [full-probe]  bin_only: 1 set: 0 repl: 0 T: 0.00 T-out: N T-r: 99.84%
c rst  luby best  vmt    82   20K    2711 16572  1648    3.97    3.79   111    89 19656    28   42.87   42.82
c rst  luby best  vmt    83   20K    2711 16572  1648    3.97    3.79   114   101   20K    28   43.07   43.02
c [distill-long-red0] cls tried: 82/82 T: 0.01 T-out: N T-r: 99.79%
c [distill-long-red1] cls tried: 79/79 T: 0.00 T-out: N T-r: 14.72%
c rst  luby best  vmt    84   21K    2711 16572  1648    3.97    3.79   123   111   20K    40   43.78   43.70
c rst  luby best  vmt    85   21K    2711 16572  1648    3.97    3.79   123   120   20K    40   44.12   44.04
c rst  luby best  vmt    86   21K    2711 16572  1648    3.97    3.79   126   121   21K    40   44.38   44.30
c rst  luby  stb  vmt    87   21K    2711 16572  1648    3.97    3.79   129   150   21K    40   44.60   44.52
c rst  luby  stb  vmt    88   21K    2711 16572  1648    3.97    3.79   132   151   21K    40   44.83   44.75
c rst  luby  stb  vmt    89   22K    2711 16572  1648    3.97    3.79   133   151   21K    40   44.93   44.85
c rst  luby  stb  vmt    90   22K    2711 16572  1648    3.97    3.79   138   153   21K    41   45.17   45.09
c rst  luby  stb  vmt    91   22K    2711 16572  1648    3.97    3.79   142   156   21K    41   46.26   46.18
c rst  luby  stb  vmt    92   22K    2711 16572  1648    3.97    3.79   142   161   22K    41   46.26   46.18
c rst  luby  stb  vmt    93   22K    2711 16572  1648    3.97    3.79   143   167   22K    41   46.31   46.23
c rst  luby  stb  vmt    94   23K    2711 16572  1648    3.97    3.79   148   167   22K    41   46.52   46.44
c rst  luby  stb  vmt    95   23K    2711 16572  1648    3.97    3.79   148   167   22K    41   46.57   46.49
c rst  luby  stb  vmt    96   23K    2711 16572  1648    3.97    3.79   148   170   22K    41   46.68   46.60
c rst  luby  stb  vmt    97   23K    2711 16572  1648    3.97    3.79   153   177   22K    41   47.03   46.95
c rst  luby  stb  vmt    98   23K    2711 16572  1648    3.97    3.79   159   181   23K    41   47.45   47.37
c rst  luby  stb  vmt    99   24K    2711 16572  1648    3.97    3.79   166   193   23K    41   47.94   47.86
c rst  luby  stb  vmt   100   26K    2711 16572  1648    3.97    3.79   174   196   25K    44   48.54   48.46
c [branch] adjusting to: vsid (from: vmtf) var_decay:0.95 descr: VSIDS
c [distill] watch-based irred--  cl tried     1427 cl-sh     0 cl-rem    5 lit-rem      0 T: 0.00 T-out: N
c [distill] watch-based   red--  cl tried      341 cl-sh    12 cl-rem    7 lit-rem     16 T: 0.00 T-out: N
c rst  geom  stb   vs   101   26K    2711 16567  1653    3.97    3.79   166   196   25K    40   48.59   48.52
c rst  geom  stb   vs   102   26K    2711 16567  1653    3.97    3.79   166   196   25K    40   48.58   48.51
c rst  geom  stb   vs   103   26K    2711 16567  1653    3.97    3.79   166   196   25K    40   48.61   48.54
c rst  geom  stb   vs   104   26K    2711 16567  1653    3.97    3.79   168   196   26K    40   48.68   48.61
c rst  geom  stb   vs   105   26K    2711 16567  1653    3.97    3.79   168   196   26K    40   48.75   48.68
c rst  geom ibes   vs   106   27K    2711 16567  1653    3.97    3.79   168   196   26K    40   48.68   48.61
c rst  geom ibes   vs   107   27K    2711 16567  1653    3.97    3.79   168   196   26K    40   48.47   48.40
c rst  geom ibes   vs   108   27K    2711 16567  1653    3.97    3.79   168   196   26K    40   48.26   48.19
c rst  geom ibes   vs   109   27K    2711 16567  1653    3.97    3.79   168   196   26K    40   48.05   47.98
c rst  geom ibes   vs   110   28K    2711 16567  1653    3.97    3.79   168   196   27K    40   47.85   47.78
c rst  geom ibes   vs   111   28K    2711 16567  1653    3.97    3.79   168   196   27K    40   47.58   47.51
c rst  geom ibes   vs   112   28K    2711 16567  1653    3.97    3.79   168   196   27K    40   47.27   47.20
c rst  geom ibes   vs   113   28K    2711 16567  1653    3.97    3.79   168   196   28K    40   46.92   46.86
c rst  geom ibes   vs   114   29K    2711 16567  1653    3.97    3.79   168   196   28K    40   46.72   46.66
c rst  geom ibes   vs   115   29K    2711 16567  1653    3.97    3.79   168   196   28K    40   46.41   46.35
c rst  geom ibes   vs   116   30K    2711 16567  1653    3.97    3.79   256   231   22K    40   44.16   44.09
c rst  geom ibes   vs   117   30K    2711 16567  1653    3.97    3.79   256   231   23K    40   43.67   43.60
c rst  geom ibes   vs   118   31K    2711 16567  1653    3.97    3.79   256   231   23K    40   43.30   43.24
c rst  geom ibes   vs   119   31K    2711 16567  1653    3.97    3.79   256   231   24K    40   42.74   42.67
c rst  geom ibes   vs   120   32K    2711 16567  1653    3.97    3.79   256   231   25K    40   42.60   42.53
c [distill-bin] useful: 0/1653/1653 lits-rem: 0 cl-rem: 0 0-depth-assigns: 0 T: 0.00 T-out: N
c rst  geom  svd   vs   121   33K    2711 16567  1653    3.97    3.79   259   233   25K    40   42.53   42.46
c rst  geom  svd   vs   122   34K    2711 16567  1653    3.97    3.79   259   233   26K    40   42.21   42.15
c [branch] adjusting to: vmtf (from: vsid) var_decay:0.95 descr: VMTF
c rst  luby  svd  vmt   123   34K    2711 16567  1653    3.97    3.79   260   233   26K    40   42.30   42.24
c rst  luby  svd  vmt   124   34K    2711 16567  1653    3.97    3.79   261   235   26K    40   42.44   42.38
c rst  luby  svd  vmt   125   34K    2711 16567  1653    3.97    3.79   264   239   27K    40   42.55   42.49
c rst  luby  svd  vmt   126   34K    2711 16567  1653    3.97    3.79   264   246   27K    40   42.65   42.59
c rst  luby  svd  vmt   127   34K    2711 16567  1653    3.97    3.79   265   247   27K    40   42.75   42.70
c rst  luby  svd  vmt   128   34K    2711 16567  1653    3.97    3.79   265   247   27K    40   43.13   43.08
c rst  luby  svd  vmt   129   35K    2711 16567  1653    3.97    3.79   270   258   27K    40   43.40   43.34
c rst  luby  svd  vmt   130   35K    2711 16567  1653    3.97    3.79   271   264   27K    40   43.40   43.34
c rst  luby  svd  vmt   131   35K    2711 16567  1653    3.97    3.79   273   268   28K    40   43.40   43.34
c rst  luby  svd  vmt   132   35K    2711 16567  1653    3.97    3.79   275   272   28K    40   43.61   43.55
c rst  luby  svd  vmt   133   35K    2711 16567  1653    3.97    3.79   276   276   28K    40   43.60   43.54
c [distill-long-red0] cls tried: 154/154 T: 0.00 T-out: N T-r: 99.83%
c [distill-long-red1] cls tried: 72/204 T: 0.01 T-out: Y T-r: -2.53%
c rst  luby  svd  vmt   134   35K    2711 16567  1653    3.97    3.79   272   280   28K    44   43.62   43.56
c rst  luby  svd  vmt   135   36K    2711 16567  1653    3.97    3.79   275   287   28K    44   43.99   43.93
c rst  luby  svd  vmt   136   36K    2711 16567  1653    3.97    3.79   279   291   29K    44   44.09   44.02
c rst  luby  svd  vmt   137   37K    2711 16567  1653    3.97    3.79   285   305   29K    44   44.72   44.65
c rst  luby  svd  vmt   138   37K    2711 16567  1653    3.97    3.79   285   307   29K    45   44.74   44.67
c rst  luby  svd  vmt   139   37K    2711 16567  1653    3.97    3.79   289   311   29K    45   44.83   44.76
c rst  luby  svd  vmt   140   37K    2711 16567  1653    3.97    3.79   292   314   30K    46   44.82   44.76
c rst  luby  svd  vmt   141   37K    2711 16567  1653    3.97    3.79   298   317   30K    46   44.84   44.78
c rst  luby  svd  vmt   142   37K    2711 16567  1653    3.97    3.79   299   318   30K    46   44.96   44.90
c rst  luby  svd  vmt   143   38K    2711 16567  1653    3.97    3.79   300   324   30K    46   45.08   45.02
c rst  geom best  vmt   144   38K    2711 16567  1653    3.97    3.79   301   324   30K    46   45.17   45.11
c rst  geom best  vmt   145   38K    2711 16567  1653    3.97    3.79   302   329   30K    46   45.17   45.11
c rst  geom best  vmt   146   38K    2711 16567  1653    3.97    3.79   302   333   30K    46   45.36   45.30
c rst  geom best  vmt   147   38K    2711 16567  1653    3.97    3.79   302   335   31K    46   45.35   45.29
c rst  geom best  vmt   148   38K    2711 16567  1653    3.97    3.79   304   335   31K    46   45.44   45.38
c rst  geom best  vmt   149   38K    2711 16567  1653    3.97    3.79   309   337   31K    46   45.66   45.60
c rst  geom best  vmt   150   39K    2711 16567  1653    3.97    3.79   311   337   31K    47   45.72   45.66
c rst  geom best  vmt   151   39K    2711 16567  1653    3.97    3.79   311   344   31K    47   45.83   45.76
c rst  geom best  vmt   152   39K    2711 16567  1653    3.97    3.79   314   357   32K    47   46.22   46.16
c rst  geom best  vmt   153   39K    2711 16567  1653    3.97    3.79   315   362   32K    47   46.23   46.17
c rst  geom best  vmt   154   40K    2711 16567  1653    3.97    3.79   384   298   32K    47   46.44   46.38
c [full-probe]  bin_only: 0 set: 0 repl: 0 T: 0.00 T-out: N T-r: 97.78%
c [impl-str] lit bin: 0 set-var: 0 T: 0.00 T-out: N T-r: 99.95% w-visit: 5422
c [impl-sub] bin: 24 T: 0.00 T-out: N w-visit: 5422
c rst  geom best  vmt   155   40K    2711 16567  1653    3.97    3.79   385   307   32K    39   46.74   46.69
c rst  geom best  vmt   156   40K    2711 16567  1653    3.97    3.79   386   322   33K    39   47.03   46.98
c rst  geom best  vmt   157   41K    2711 16567  1653    3.97    3.79   388   332   33K    39   46.86   46.81
c rst  geom best  vmt   158   41K    2711 16567  1653    3.97    3.79   392   346   33K    40   47.06   47.01
c rst  geom best  vmt   159   41K    2711 16567  1653    3.97    3.79   395   348   34K    40   47.80   47.75
c rst  geom best  vmt   160   42K    2711 16567  1653    3.97    3.79   397   351   34K    40   47.97   47.92
c [branch] adjusting to: vsid (from: vmtf) var_decay:0.95 descr: VSIDS
c rst  geom best   vs   161   42K    2711 16567  1653    3.97    3.79   397   351   34K    40   47.88   47.83
c rst  geom best   vs   162   42K    2711 16567  1653    3.97    3.79   397   351   35K    40   47.80   47.75
c rst  geom best   vs   163   42K    2711 16567  1653    3.97    3.79   400   355   35K    41   47.71   47.66
c rst  geom best   vs   164   42K    2711 16567  1653    3.97    3.79   400   355   35K    41   47.61   47.56
c rst  geom best   vs   165   43K    2711 16567  1653    3.97    3.79   400   355   35K    41   47.50   47.44
c rst  geom best   vs   166   43K    2711 16567  1653    3.97    3.79   400   355   35K    41   47.39   47.34
c rst  geom best   vs   167   43K    2711 16567  1653    3.97    3.79   400   356   35K    41   47.29   47.24
c rst  geom  stb   vs   168   43K    2711 16567  1653    3.97    3.79   400   356   36K    41   47.17   47.12
c rst  geom  stb   vs   169   43K    2711 16567  1653    3.97    3.79   400   356   36K    41   47.06   47.01
c rst  geom  stb   vs   170   44K    2711 16567  1653    3.97    3.79   400   356   36K    41   46.92   46.87
c [ccnr] tries: 0 steps: 262143 best found: 12
c [ccnr] tries: 0 steps: 524287 best found: 12
c [ccnr] tries: 0 steps: 786431 best found: 12
c [ccnr] saving best assignment phase to stable_polar
c [ccnr] bumping based on clause weights
c [ccnr] Bumped vars: 102 bump type: 6
c [ccnr] time: 0.42
c rst  geom  stb   vs   171   44K    2711 16567  1653    3.97    3.79   400   356   36K    41   46.87   46.82
c rst  geom  stb   vs   172   44K    2711 16567  1653    3.97    3.79   400   356   37K    41   46.76   46.71
c rst  geom  stb   vs   173   45K    2711 16567  1653    3.97    3.79   428   665   30K    41   50.33   50.26
c rst  geom  stb   vs   174   45K    2711 16567  1653    3.97    3.79   428   665   30K    41   50.01   49.95
c rst  geom  stb   vs   175   45K    2711 16567  1653    3.97    3.79   428   665   31K    41   49.86   49.80
c rst  geom  stb   vs   176   46K    2711 16567  1653    3.97    3.79   428   665   31K    41   49.55   49.49
c rst  geom  stb   vs   177   46K    2711 16567  1653    3.97    3.79   429   669   32K    41   49.23   49.17
c rst  geom  stb   vs   178   47K    2711 16567  1653    3.97    3.79   429   669   32K    41   48.78   48.72
c rst  geom  stb   vs   179   48K    2711 16567  1653    3.97    3.79   429   669   33K    41   48.39   48.34
c rst  geom  stb   vs   180   48K    2711 16567  1653    3.97    3.79   429   669   33K    41   47.95   47.90
c rst  geom  stb   vs   181   49K    2711 16567  1653    3.97    3.79   429   670   34K    41   47.52   47.46
c rst  geom ibes   vs   182   50K    2711 16567  1653    3.97    3.79   466   633   35K    41   47.00   46.95
c [gauss] XOR-encoding clauses are not detached, so no need to reattach them.
c [g 0] truth-find prop checks  : 739K
c [g 0] -> of which prop        : 44.42 %
c [g 0] -> of which confl       :  3.59 %
c [g 0] elim called             : 117K
c [g 0] ---> which lead to prop :  9.26 %
c [g 0] ---> which lead to confl:  0.56 %
c [g 0] size: 48    x 765  
c [scc] new: 10 BP 0M T: 0.00
c [vrep] vars 8 lits 30163 rem-bin-cls 45 rem-long-cls 20 BP 0M T: 0.03
c [scc] new: 0 BP 0M T: 0.00
c [vrep] vars 0 lits 0 rem-bin-cls 0 rem-long-cls 0 BP 0M T: 0.00
c [intree] Set 0 vars hyper-added: 765 trans-irred: 0 trans-red: 10 T: 0.01 T-out: N T-r: -0.90%
c [find&init matx] performing matrix init
c [gauss] XOR-encoding clauses are not detached, so no need to reattach them.
c [xor-rem-unconnected] left with 48 xors from 48 non-empty xors T: 0.00
c [xor-together] xored together: 0 orig xors: 48 new xors: 48 T: 0.00
c [xor-rem-unconnected] left with 48 xors from 48 non-empty xors T: 0.00
c [xor-clean-equiv] removed equivalent xors: 0 left with: 48
c [matrix] unused xors from cleaning: 0
c [matrix] Good   matrix 0 48      x759    density:0.1100  xorlen avg: 83.46
c [matrix] Using 1 matrices recovered from 0 xors T: 0.00 T-out: N
c rst  geom ibes vs   183   51  K 2703    16566  1638 3.97    3.79      466   633   36K   786 46.15   45.24  
c [distill-long-red0] cls tried: 189/189 T: 0.01 T-out: N T-r: 99.54%
c [distill-long-red1] cls tried: 22/494 T: 0.01 T-out: Y T-r: -5.34%
c rst  geom ibes vs   184   52  K 2703    16566  1638 3.97    3.79      463   633   37K   789 45.29   44.42  
c [distill] watch-based irred--  cl tried 1420     cl-sh 0     cl-rem 0    lit-rem 0      T: 0.00 T-out: N
c [distill] watch-based red  --  cl tried 926      cl-sh 18    cl-rem 0    lit-rem 25     T: 0.00 T-out: N
c rst  geom ibes vs   185   53  K 2703    16566  1638 3.97    3.79      463   633   38K   789 44.57   43.74  
c [branch] adjusting to: vmtf (from: vsid) var_decay:0.95 descr: VMTF
c [distill-bin] useful: 0/1471/1638 lits-rem: 0 cl-rem: 0 0-depth-assigns: 0 T: 0.01 T-out: Y
c rst  luby ibes vmt  186   53  K 2703    16566  1638 3.97    3.79      463   640   38K   789 44.64   43.81  
c rst  luby ibes vmt  187   53  K 2703    16566  1638 3.97    3.79      463   641   38K   789 44.86   44.03  
c rst  luby ibes vmt  188   53  K 2703    16566  1638 3.97    3.79      466   646   38K   789 44.92   44.09  
c rst  luby ibes vmt  189   53  K 2703    16566  1638 3.97    3.79      467   653   38K   789 44.91   44.08  
c rst  luby ibes vmt  190   53  K 2703    16566  1638 3.97    3.79      467   671   38K   789 44.90   44.07  
c rst  luby ibes vmt  191   53  K 2703    16566  1638 3.97    3.79      467   671   39K   789 45.64   44.80  
c rst  luby ibes vmt  192   54  K 2703    16566  1638 3.97    3.79      470   682   39K   789 45.77   44.94  
c rst  luby ibes vmt  193   54  K 2703    16566  1638 3.97    3.79      470   682   39K   789 45.95   45.11  
c rst  luby ibes vmt  194   54  K 2703    16566  1638 3.97    3.79      470   685   39K   789 46.00   45.16  
c rst  luby ibes vmt  195   54  K 2703    16566  1638 3.97    3.79      471   685   39K   789 46.10   45.27  
c rst  luby ibes vmt  196   54  K 2703    16566  1638 3.97    3.79      471   686   40K   789 46.19   45.36  
c rst  luby ibes vmt  197   54  K 2703    16566  1638 3.97    3.79      471   687   40K   789 46.29   45.46  
c rst  luby ibes vmt  198   55  K 2703    16566  1638 3.97    3.79      473   691   40K   789 46.38   45.56  
c rst  luby svd  vmt  199   55  K 2703    16566  1638 3.97    3.79      474   693   40K   789 46.60   45.78  
c rst  luby svd  vmt  200   56  K 2703    16566  1638 3.97    3.79      476   694   41K   789 46.72   45.90  
c recursive minimization cost OK: 280Kcost/(% lits removed)
c [gauss] XOR-encoding clauses are not detached, so no need to reattach them.
c [g 0] truth-find prop checks  : 103K
c [g 0] -> of which prop        : 45.06 %
c [g 0] -> of which confl       :  2.90 %
c [g 0] elim called             : 15584
c [g 0] ---> which lead to prop :  0.62 %
c [g 0] ---> which lead to confl:  0.04 %
c [g 0] size: 48    x 759  
c --> Executing strategy token: scc-vrepl
c [scc] new: 2 BP 0M T: 0.00
c [vrep] vars 2 lits 9348 rem-bin-cls 8 rem-long-cls 13 BP 0M T: 0.01
c --> Executing strategy token: sub-impl
c [impl-sub] bin: 9 T: 0.00 T-out: N w-visit: 5422
c --> Executing strategy token: breakid
c --> Executing OCC strategy token(s): 'occ-backw-sub-str,occ-clean-implicit,occ-bve,occ-bva,occ-ternary-res,occ-xor,'
c [occ] mem usage for occur 1      MB
c [occ] Linked in IRRED BIN by default: 1636
c [occ] Linked in RED   BIN by default: 778
c [occ] mem usage for occur 0      MB
c Mem for watch alloc      : 4           MB (18.26     %)
c Mem for watch array      : 0           MB (0.81      %)
c --> Executing OCC strategy token: occ-backw-sub-str
c [occ-backw-sub-str-long-w-bins] subs: 0 str: 1 tried: 2414 0-depth ass: 0 T: 0.00 T-out: N T-r: 99.39%
c [occ-backw-sub-long-w-long] rem cl: 36 tried: 58997/58997 (100.0%) T: 0.01 T-out: N T-r: 96.98%
c [occ-backw-sub-str-long-w-long] sub: 0 str: 1 tried: 176991/58997 (300.0)  T: 0.04 T-out: N T-r: 89.27%
c --> Executing OCC strategy token: occ-clean-implicit
c --> Executing OCC strategy token: occ-bve
c [occ-empty-res] Empty resolvent elimed: 0 T: 0.00 T-out: N
c [occ-bve] iter v-elim 12
c cl_inc_rate=1.0, var_dec_rate=1.0 (grow=0)
c Reduced to 2689 vars, 18192 cls (grow=0)
c [occ-bve] iter v-elim 289
c cl_inc_rate=1.1, var_dec_rate=1.1 (grow=8)
c Reduced to 2400 vars, 19477 cls (grow=8)
c x n vars       : 2400
c #try to eliminate:  5636
c #var-elim        :   301
c #T-o: N
c #T-r: 99.99%
c #T  : 0.05
c [occur] 0.02 is overhead
c [occur] link-in T: 0.02 cleanup T: 0.00
c --> Executing OCC strategy token: occ-bva
c --> Executing OCC strategy token: occ-ternary-res
c [occ-ternary-res] Ternary res-tri: 56 res-bin: 0 sub: 7 str: 0 T: 0.00 T-out: N T-r: 99.39%
c --> Executing OCC strategy token: occ-xor
c [occ-xor] sort occur list T: 0.00
c [xor-clean-equiv] removed equivalent xors: 0 left with: 1828
c [occ-xor] found   1828 avg sz 4.0 min sz  4 max sz  5 T: 0.00 T-out: N T-r: 99.98%
c --> Executing strategy token: card-find
c --> Executing strategy token: cl-consolidate
c [mem] consolidate  old-sz: 11164K new-sz: 4706K new bits offs: 20 T: 0.00
c --> Executing strategy token: scc-vrepl
c [scc] new: 0 BP 0M T: 0.00
c --> Executing strategy token: renumber
c --> Executing strategy token: bosphorus
c --> Executing strategy token: louvain-comms
c [consolidate] mini T: 0.00
c global_timeout_multiplier: 3.3000
c [branch] rebuilding order heap for all branchings. Current branching: vmtf
c [find&init matx] performing matrix init
c [gauss] XOR-encoding clauses are not detached, so no need to reattach them.
c [xor-rem-unconnected] left with 1828 xors from 1828 non-empty xors T: 0.00
c [xor-together] xored together: 1780 orig xors: 1828 new xors: 48 T: 0.00
c [xor-rem-unconnected] left with 48 xors from 48 non-empty xors T: 0.00
c [xor-clean-equiv] removed equivalent xors: 0 left with: 48
c [matrix] unused xors from cleaning: 0
c [matrix] Good   matrix  0     48 x  460  density:0.1704  xorlen avg: 78.40
c [matrix] Using 1 matrices recovered from 0 xors T: 0.00 T-out: N
c rst  luby  svd  vmt   201   56K    2400 18603   874    4.11    4.02   100   145   25K   107   31.24   31.12
c rst  luby  svd  vmt   202   56K    2400 18603   874    4.11    4.02   101   145   25K   107   31.23   31.11
c rst  luby  svd  vmt   203   56K    2400 18603   874    4.11    4.02   101   148   25K   107   31.21   31.09
c rst  luby  svd  vmt   204   56K    2400 18603   874    4.11    4.02   102   150   25K   107   31.14   31.02
c rst  luby  svd  vmt   205   56K    2400 18603   874    4.11    4.02   103   153   25K   107   31.10   30.98
c rst  luby  svd  vmt   206   56K    2400 18603   874    4.11    4.02   103   165   25K   107   31.06   30.94
c rst  luby  svd  vmt   207   57K    2400 18603   874    4.11    4.02   103   168   26K   107   30.97   30.85
c rst  luby  svd  vmt   208   57K    2400 18603   874    4.11    4.02   107   172   26K   107   30.75   30.64
c rst  luby  svd  vmt   209   57K    2400 18603   874    4.11    4.02   107   172   26K   107   30.69   30.58
c rst  luby  svd  vmt   210   57K    2400 18603   874    4.11    4.02   107   172   26K   107   30.63   30.52
c rst  luby  svd  vmt   211   57K    2400 18603   874    4.11    4.02   107   173   26K   107   30.58   30.47
c rst  luby  svd  vmt   212   58K    2400 18603   874    4.11    4.02   108   180   26K   107   30.54   30.42
c rst  luby  svd  vmt   213   58K    2400 18603   874    4.11    4.02   108   185   27K   107   30.49   30.38
c rst  luby  svd  vmt   214   58K    2400 18603   874    4.11    4.02   108   186   27K   107   30.39   30.28
c rst  luby  svd  vmt   215   58K    2400 18603   874    4.11    4.02   108   187   27K   107   30.22   30.12
c rst  luby  svd  vmt   216   59K    2400 18603   874    4.11    4.02   110   200   28K   107   30.01   29.91
c rst  luby  svd  vmt   217   61K    2400 18603   874    4.11    4.02   145   282   25K   107   26.42   26.32
c [full-probe]  bin_only: 1 set: 0 repl: 0 T: 0.00 T-out: N T-r: 99.81%
c rst  geom best  vmt   218   61K    2400 18603   874    4.11    4.02   145   282   25K   107   26.38   26.28
c rst  geom best  vmt   219   61K    2400 18603   874    4.11    4.02   145   285   25K   107   26.38   26.28
c rst  geom best  vmt   220   61K    2400 18603   874    4.11    4.02   145   291   25K   107   26.35   26.25
c rst  geom best  vmt   221   61K    2400 18603   874    4.11    4.02   145   293   25K   107   26.32   26.22
c rst  geom best  vmt   222   61K    2400 18603   874    4.11    4.02   145   294   26K   107   26.25   26.15
c rst  geom best  vmt   223   61K    2400 18603   874    4.11    4.02   146   297   26K   107   26.23   26.13
c rst  geom best  vmt   224   62K    2400 18603   874    4.11    4.02   146   298   26K   107   26.18   26.08
c rst  geom best  vmt   225   62K    2400 18603   874    4.11    4.02   146   300   26K   107   26.17   26.07
c rst  geom best  vmt   226   62K    2400 18603   874    4.11    4.02   146   300   26K   107   26.11   26.01
c rst  geom best  vmt   227   62K    2400 18603   874    4.11    4.02   149   310   27K   107   26.19   26.10
c rst  geom best  vmt   228   63K    2400 18603   874    4.11    4.02   150   316   27K   107   26.19   26.10
c [branch] adjusting to: vsid (from: vmtf) var_decay:0.95 descr: VSIDS
c rst  geom best   vs   229   63K    2400 18603   874    4.11    4.02   150   316   27K   107   26.17   26.07
c rst  geom best   vs   230   63K    2400 18603   874    4.11    4.02   150   316   27K   107   26.17   26.08
c rst  geom best   vs   231   63K    2400 18603   874    4.11    4.02   150   316   27K   107   26.15   26.06
c rst  geom best   vs   232   63K    2400 18603   874    4.11    4.02   150   316   27K   107   26.15   26.06
c rst  geom best   vs   233   63K    2400 18603   874    4.11    4.02   150   316   28K   107   26.16   26.07
c rst  geom best   vs   234   64K    2400 18603   874    4.11    4.02   150   316   28K   107   26.16   26.07
c rst  geom best   vs   235   64K    2400 18603   874    4.11    4.02   150   316   28K   107   26.16   26.07
c rst  geom best   vs   236   64K    2400 18603   874    4.11    4.02   150   316   28K   107   26.11   26.02
c rst  geom best   vs   237   64K    2400 18603   874    4.11    4.02   150   316   28K   107   26.09   26.00
c rst  geom best   vs   238   64K    2400 18603   874    4.11    4.02   150   316   29K   107   26.03   25.94
c rst  geom best   vs   239   65K    2400 18603   874    4.11    4.02   150   316   29K   107   25.98   25.90
c rst  geom best   vs   240   65K    2400 18603   874    4.11    4.02   150   316   29K   107   26.02   25.94
c rst  geom best   vs   241   65K    2400 18603   874    4.11    4.02   150   316   30K   107   25.97   25.89
c rst  geom best   vs   242   66K    2400 18603   874    4.11    4.02   150   316   30K   107   25.90   25.82
c [distill-long-red0] cls tried: 57/57 T: 0.00 T-out: N T-r: 99.91%
c [distill-long-red1] cls tried: 110/221 T: 0.00 T-out: Y T-r: -0.38%
c rst  geom best   vs   243   66K    2400 18603   874    4.11    4.02   150   316   30K   107   25.83   25.75
c rst  geom best   vs   244   67K    2400 18603   874    4.11    4.02   150   316   31K   107   25.83   25.75
c rst  geom  stb   vs   245   67K    2400 18603   874    4.11    4.02   150   316   31K   107   25.88   25.80
c rst  geom  stb   vs   246   68K    2400 18603   874    4.11    4.02   150   316   32K   107   25.81   25.74
c rst  geom  stb   vs   247   68K    2400 18603   874    4.11    4.02   150   316   32K   107   25.74   25.67
c rst  geom  stb   vs   248   69K    2400 18603   874    4.11    4.02   150   316   33K   107   25.72   25.64
c rst  geom  stb   vs   249   70K    2400 18603   874    4.11    4.02   206   260   34K   107   25.82   25.75
c rst  geom  stb   vs   250   70K    2400 18603   874    4.11    4.02   207   260   35K   107   25.88   25.80
c rst  geom  stb   vs   251   71K    2400 18603   874    4.11    4.02   207   260   35K   107   25.97   25.90
c rst  geom  stb   vs   252   72K    2400 18603   874    4.11    4.02   207   263   36K   107   25.91   25.84
c rst  geom  stb   vs   253   73K    2400 18603   874    4.11    4.02   208   263   37K   107   25.86   25.79
c [distill-bin] useful: 2/874/874 lits-rem: 0 cl-rem: 2 0-depth-assigns: 0 T: 0.00 T-out: N
c rst  geom ibes   vs   254   74K    2400 18603   872    4.11    4.02   208   263   39K   107   25.98   25.91
c [branch] adjusting to: vmtf (from: vsid) var_decay:0.95 descr: VMTF
c rst  luby ibes  vmt   255   75K    2400 18603   872    4.11    4.02   209   314   32K   107   24.24   24.17
c rst  luby ibes  vmt   256   75K    2400 18603   872    4.11    4.02   209   316   32K   107   24.24   24.17
c rst  luby ibes  vmt   257   75K    2400 18603   872    4.11    4.02   209   316   32K   107   24.18   24.11
c rst  luby ibes  vmt   258   75K    2400 18603   872    4.11    4.02   209   316   32K   107   24.18   24.11
c rst  luby ibes  vmt   259   75K    2400 18603   872    4.11    4.02   210   317   32K   107   24.18   24.11
c rst  luby ibes  vmt   260   75K    2400 18603   872    4.11    4.02   210   319   32K   107   24.14   24.07
c rst  luby ibes  vmt   261   76K    2400 18603   872    4.11    4.02   210   326   33K   107   24.09   24.02
c rst  luby ibes  vmt   262   76K    2400 18603   872    4.11    4.02   210   328   33K   107   24.07   24.00
c rst  luby ibes  vmt   263   76K    2400 18603   872    4.11    4.02   210   328   33K   107   24.05   23.98
c rst  luby ibes  vmt   264   76K    2400 18603   872    4.11    4.02   210   334   33K   107   24.05   23.98
c rst  luby ibes  vmt   265   76K    2400 18603   872    4.11    4.02   211   339   33K   107   24.04   23.97
c rst  luby ibes  vmt   266   76K    2400 18603   872    4.11    4.02   211   339   33K   107   24.01   23.94
c rst  luby ibes  vmt   267   76K    2400 18603   872    4.11    4.02   211   339   33K   107   23.95   23.88
c rst  luby ibes  vmt   268   77K    2400 18603   872    4.11    4.02   211   342   34K   107   23.85   23.78
c [distill] watch-based irred--  cl tried     7630 cl-sh   139 cl-rem  152 lit-rem    145 T: 0.00 T-out: N
c [distill] watch-based   red--  cl tried      422 cl-sh     4 cl-rem    0 lit-rem      4 T: 0.00 T-out: N
c rst  luby ibes  vmt   269   78K    2400 18451   882    4.11    4.01   213   352   35K    97   23.71   23.65
c rst  luby ibes  vmt   270   78K    2400 18451   882    4.11    4.01   213   353   35K    97   23.69   23.63
c rst  luby ibes  vmt   271   78K    2400 18451   882    4.11    4.01   213   353   35K    97   23.66   23.60
c rst  luby ibes  vmt   272   78K    2400 18451   882    4.11    4.01   213   354   35K    97   23.63   23.57
c rst  luby ibes  vmt   273   78K    2400 18451   882    4.11    4.01   213   355   35K    97   23.62   23.57
c rst  luby ibes  vmt   274   78K    2400 18451   882    4.11    4.01   213   357   35K    97   23.60   23.54
c rst  luby ibes  vmt   275   78K    2400 18451   882    4.11    4.01   213   357   35K    97   23.57   23.51
c rst  luby ibes  vmt   276   79K    2400 18451   882    4.11    4.01   213   360   36K    97   23.54   23.49
c rst  luby ibes  vmt   277   79K    2400 18451   882    4.11    4.01   213   363   36K    97   23.53   23.47
c rst  luby ibes  vmt   278   79K    2400 18451   882    4.11    4.01   213   363   36K    97   23.51   23.46
c rst  luby  svd  vmt   279   79K    2400 18451   882    4.11    4.01   213   365   36K    97   23.48   23.42
c rst  luby  svd  vmt   280   79K    2400 18451   882    4.11    4.01   213   366   36K    97   23.47   23.41
c rst  luby  svd  vmt   281   79K    2400 18451   882    4.11    4.01   213   369   36K    97   23.46   23.40
c rst  luby  svd  vmt   282   80K    2400 18451   882    4.11    4.01   266   286   37K    97   23.44   23.38
c rst  luby  svd  vmt   283   80K    2400 18451   882    4.11    4.01   267   297   37K    97   23.46   23.40
c rst  luby  svd  vmt   284   81K    2400 18451   882    4.11    4.01   268   308   38K    97   23.39   23.33
c [distill-long-red0] cls tried: 97/97 T: 0.00 T-out: N T-r: 99.80%
c [distill-long-red1] cls tried: 86/157 T: 0.00 T-out: Y T-r: -1.39%
c [full-probe]  bin_only: 0 set: 0 repl: 0 T: 0.00 T-out: N T-r: 97.98%
c rst  luby  svd  vmt   285   82K    2400 18451   882    4.11    4.01   269   318   39K    97   23.25   23.20
c rst  luby  svd  vmt   286   83K    2400 18451   882    4.11    4.01   269   320   40K    97   23.23   23.18
c rst  luby  svd  vmt   287   83K    2400 18451   882    4.11    4.01   269   320   40K    97   23.22   23.17
c rst  luby  svd  vmt   288   83K    2400 18451   882    4.11    4.01   270   321   40K    97   23.19   23.14
c rst  luby  svd  vmt   289   83K    2400 18451   882    4.11    4.01   270   321   40K    97   23.19   23.14
c rst  luby  svd  vmt   290   83K    2400 18451   882    4.11    4.01   270   324   40K    97   23.18   23.13
c rst  luby  svd  vmt   291   83K    2400 18451   882    4.11    4.01   270   326   40K    97   23.16   23.11
c rst  luby  svd  vmt   292   84K    2400 18451   882    4.11    4.01   270   327   41K    97   23.08   23.03
c rst  luby  svd  vmt   293   84K    2400 18451   882    4.11    4.01   270   328   41K    97   23.09   23.04
c rst  luby  svd  vmt   294   84K    2400 18451   882    4.11    4.01   271   338   41K    97   23.10   23.05
c rst  luby  svd  vmt   295   84K    2400 18451   882    4.11    4.01   272   343   41K    97   23.09   23.04
c rst  luby  svd  vmt   296   84K    2400 18451   882    4.11    4.01   272   349   41K    97   23.09   23.04
c rst  luby  svd  vmt   297   84K    2400 18451   882    4.11    4.01   273   352   41K    97   23.08   23.03
c rst  luby  svd  vmt   298   85K    2400 18451   882    4.11    4.01   273   359   41K    97   23.14   23.09
c rst  luby  svd  vmt   299   85K    2400 18451   882    4.11    4.01   273   361   42K    97   23.07   23.02
c rst  luby  svd  vmt   300   86K    2400 18451   882    4.11    4.01   273   361   43K    97   22.94   22.89
c rst  geom best  vmt   301   86K    2400 18451   882    4.11    4.01   273   362   43K    97   22.93   22.88
c rst  geom best  vmt   302   86K    2400 18451   882    4.11    4.01   273   362   43K    97   22.94   22.90
c rst  geom best  vmt   303   86K    2400 18451   882    4.11    4.01   273   363   43K    97   22.93   22.89
c rst  geom best  vmt   304   86K    2400 18451   882    4.11    4.01   273   366   43K    97   22.92   22.87
c rst  geom best  vmt   305   86K    2400 18451   882    4.11    4.01   273   368   43K    97   22.90   22.86
c rst  geom best  vmt   306   87K    2400 18451   882    4.11    4.01   273   371   43K    97   22.88   22.83
c rst  geom best  vmt   307   87K    2400 18451   882    4.11    4.01   273   374   44K    97   22.88   22.84
c rst  geom best  vmt   308   87K    2400 18451   882    4.11    4.01   273   380   44K    97   22.88   22.84
c rst  geom best  vmt   309   87K    2400 18451   882    4.11    4.01   273   385   44K    97   22.84   22.80
c [branch] adjusting to: vsid (from: vmtf) var_decay:0.95 descr: VSIDS
c rst  geom best   vs   310   87K    2400 18451   882    4.11    4.01   273   385   44K    97   22.85   22.80
c rst  geom best   vs   311   87K    2400 18451   882    4.11    4.01   273   385   44K    97   22.87   22.82
c rst  geom best   vs   312   88K    2400 18451   882    4.11    4.01   273   385   44K    97   22.88   22.84
c rst  geom best   vs   313   88K    2400 18451   882    4.11    4.01   273   385   45K    97   22.88   22.83
c [ccnr] tries: 0 steps: 262143 best found: 12
c [ccnr] tries: 0 steps: 524287 best found: 8
c [ccnr] saving best assignment phase to stable_polar
c [ccnr] bumping based on var unsat frequency: conflict_ct
c [ccnr] Bumped vars: 2711 bump type: 6
c [ccnr] time: 0.36
c rst  geom best   vs   314   88K    2400 18451   882    4.11    4.01   273   385   45K    97   22.90   22.86
c rst  geom best   vs   315   88K    2400 18451   882    4.11    4.01   273   385   45K    97   22.92   22.87
c rst  geom best   vs   316   88K    2400 18451   882    4.11    4.01   273   385   45K    97   22.90   22.85
c rst  geom best   vs   317   88K    2400 18451   882    4.11    4.01   273   385   45K    97   22.90   22.85
c rst  geom best   vs   318   89K    2400 18451   882    4.11    4.01   273   385   46K    97   22.91   22.87
c rst  geom best   vs   319   89K    2400 18451   882    4.11    4.01   273   385   46K    97   22.94   22.90
c rst  geom best   vs   320   89K    2400 18451   882    4.11    4.01   273   385   46K    97   22.92   22.88
c rst  geom best   vs   321   90K    2400 18451   882    4.11    4.01   404   542   35K    97   21.57   21.52
c rst  geom best   vs   322   90K    2400 18451   882    4.11    4.01   404   542   35K    97   21.72   21.66
c rst  geom best   vs   323   90K    2400 18451   882    4.11    4.01   404   542   35K    97   21.78   21.73
c rst  geom best   vs   324   91K    2400 18451   882    4.11    4.01   404   542   36K    97   21.84   21.78
c rst  geom best   vs   325   91K    2400 18451   882    4.11    4.01   404   543   36K    97   21.98   21.92
c rst  geom best   vs   326   92K    2400 18451   882    4.11    4.01   404   543   37K    97   22.13   22.07
c rst  geom  stb   vs   327   92K    2400 18451   882    4.11    4.01   404   543   37K    97   22.32   22.27
c rst  geom  stb   vs   328   93K    2400 18451   882    4.11    4.01   404   543   38K    97   22.44   22.39
c rst  geom  stb   vs   329   93K    2400 18451   882    4.11    4.01   404   543   39K    97   22.53   22.48
c [distill-bin] useful: 0/882/882 lits-rem: 0 cl-rem: 0 0-depth-assigns: 0 T: 0.00 T-out: N
c rst  geom  stb   vs   330   94K    2400 18451   882    4.11    4.01   404   543   39K    97   22.54   22.49
c rst  geom  stb   vs   331   95K    2400 18451   882    4.11    4.01   404   543   40K    97   22.59   22.54
c rst  geom  stb   vs   332   96K    2400 18451   882    4.11    4.01   404   543   41K    97   22.65   22.60
c rst  geom  stb   vs   333   97K    2400 18451   882    4.11    4.01   404   543   42K    97   22.66   22.61
c [distill-long-red0] cls tried: 113/113 T: 0.01 T-out: N T-r: 99.57%
c [distill-long-red1] cls tried: 37/328 T: 0.01 T-out: Y T-r: -3.04%
c rst  geom  stb   vs   334   98K    2400 18451   882    4.11    4.01   404   543   43K    97   22.83   22.78
c rst  geom ibes   vs   335   99K    2400 18451   882    4.11    4.01   404   543   44K    97   22.76   22.72
c rst  geom ibes   vs   336  100K    2400 18451   882    4.11    4.01   405   542   45K    97   22.68   22.64
c [impl-str] lit bin: 0 set-var: 0 T: 0.00 T-out: N T-r: 99.95% w-visit: 5422
c [impl-sub] bin: 0 T: 0.00 T-out: N w-visit: 5422
c rst  geom ibes   vs   337  102K    2400 18451   882    4.11    4.01   405   542   47K    97   22.57   22.53
c [branch] adjusting to: vmtf (from: vsid) var_decay:0.95 descr: VMTF
c [full-probe]  bin_only: 1 set: 0 repl: 0 T: 0.00 T-out: N T-r: 99.82%
c rst  luby ibes  vmt   338  102K    2400 18451   882    4.11    4.01   417   561   47K   102   22.60   22.56
c rst  luby ibes  vmt   339  102K    2400 18451   882    4.11    4.01   417   561   47K   102   22.67   22.63
c [distill] watch-based irred--  cl tried     7478 cl-sh     0 cl-rem    0 lit-rem      0 T: 0.01 T-out: N
c [distill] watch-based   red--  cl tried      834 cl-sh     3 cl-rem    0 lit-rem      3 T: 0.00 T-out: N
c rst  luby ibes  vmt   340  102K    2400 18451   882    4.11    4.01   417   561   47K   102   22.74   22.70
c rst  luby ibes  vmt   341  102K    2400 18451   882    4.11    4.01   417   561   47K   102   22.75   22.71
c rst  luby ibes  vmt   342  102K    2400 18451   882    4.11    4.01   417   561   47K   102   22.75   22.70
c rst  luby ibes  vmt   343  102K    2400 18451   882    4.11    4.01   417   561   48K   102   22.78   22.74
c rst  luby ibes  vmt   344  103K    2400 18451   882    4.11    4.01   417   561   48K   102   22.76   22.71
c rst  luby ibes  vmt   345  103K    2400 18451   882    4.11    4.01   417   561   48K   102   22.75   22.70
c rst  luby ibes  vmt   346  103K    2400 18451   882    4.11    4.01   417   561   48K   102   22.73   22.69
c rst  luby ibes  vmt   347  103K    2400 18451   882    4.11    4.01   417   561   48K   102   22.71   22.67
c rst  luby ibes  vmt   348  103K    2400 18451   882    4.11    4.01   417   561   48K   102   22.69   22.65
c rst  luby ibes  vmt   349  103K    2400 18451   882    4.11    4.01   417   561   49K   102   22.68   22.64
c rst  luby ibes  vmt   350  104K    2400 18451   882    4.11    4.01   417   561   49K   102   22.68   22.63
c rst  luby ibes  vmt   351  104K    2400 18451   882    4.11    4.01   417   561   49K   102   22.75   22.71
c rst  luby  svd  vmt   352  105K    2400 18451   882    4.11    4.01   418   561   37K   102   23.17   23.12
c rst  luby  svd  vmt   353  105K    2400 18451   882    4.11    4.01   418   561   37K   102   23.17   23.12
c rst  luby  svd  vmt   354  105K    2400 18451   882    4.11    4.01   418   561   37K   102   23.17   23.12
c rst  luby  svd  vmt   355  105K    2400 18451   882    4.11    4.01   418   561   37K   102   23.17   23.12
c rst  luby  svd  vmt   356  105K    2400 18451   882    4.11    4.01   418   561   37K   102   23.16   23.11
c rst  luby  svd  vmt   357  106K    2400 18451   882    4.11    4.01   418   561   37K   102   23.15   23.09
c rst  luby  svd  vmt   358  106K    2400 18451   882    4.11    4.01   418   561   38K   102   23.12   23.07
c rst  luby  svd  vmt   359  106K    2400 18451   882    4.11    4.01   418   561   38K   102   23.06   23.01
c rst  luby  svd  vmt   360  106K    2400 18451   882    4.11    4.01   418   561   38K   102   23.05   23.00
c rst  luby  svd  vmt   361  106K    2400 18451   882    4.11    4.01   418   561   38K   102   23.04   22.98
c rst  luby  svd  vmt   362  107K    2400 18451   882    4.11    4.01   418   561   38K   102   23.01   22.95
c rst  luby  svd  vmt   363  107K    2400 18451   882    4.11    4.01   418   561   38K   102   22.99   22.94
c rst  luby  svd  vmt   364  107K    2400 18451   882    4.11    4.01   418   561   39K   102   22.97   22.92
c rst  luby  svd  vmt   365  107K    2400 18451   882    4.11    4.01   418   561   39K   102   22.94   22.89
c rst  luby  svd  vmt   366  107K    2400 18451   882    4.11    4.01   418   561   39K   102   22.89   22.84
c rst  luby  svd  vmt   367  108K    2400 18451   882    4.11    4.01   418   561   40K   102   22.77   22.72
c rst  luby  svd  vmt   368  110K    2400 18451   882    4.11    4.01   420   557   42K   102   22.54   22.49
c rst  luby  svd  vmt   369  110K    2400 18451   882    4.11    4.01   420   557   42K   102   22.53   22.48
c rst  luby  svd  vmt   370  110K    2400 18451   882    4.11    4.01   420   557   42K   102   22.51   22.47
c rst  luby  svd  vmt   371  110K    2400 18451   882    4.11    4.01   420   557   42K   102   22.50   22.45
c rst  luby  svd  vmt   372  110K    2400 18451   882    4.11    4.01   420   557   42K   102   22.48   22.43
c rst  geom best  vmt   373  110K    2400 18451   882    4.11    4.01   421   557   42K   102   22.49   22.45
c rst  geom best  vmt   374  110K    2400 18451   882    4.11    4.01   421   557   42K   102   22.50   22.45
c rst  geom best  vmt   375  111K    2400 18451   882    4.11    4.01   421   557   42K   102   22.52   22.47
c rst  geom best  vmt   376  111K    2400 18451   882    4.11    4.01   421   557   43K   102   22.53   22.48
c rst  geom best  vmt   377  111K    2400 18451   882    4.11    4.01   421   557   43K   102   22.55   22.50
c rst  geom best  vmt   378  111K    2400 18451   882    4.11    4.01   421   557   43K   102   22.54   22.49
c rst  geom best  vmt   379  111K    2400 18451   882    4.11    4.01   421   557   43K   102   22.53   22.48
c rst  geom best  vmt   380  111K    2400 18451   882    4.11    4.01   421   557   43K   102   22.51   22.46
c rst  geom best  vmt   381  112K    2400 18451   882    4.11    4.01   421   557   44K   102   22.48   22.43
c rst  geom best  vmt   382  112K    2400 18451   882    4.11    4.01   421   557   44K   102   22.47   22.42
c [distill-long-red0] cls tried: 19/19 T: 0.00 T-out: N T-r: 99.97%
c [distill-long-red1] cls tried: 57/306 T: 0.01 T-out: Y T-r: -1.62%
c rst  geom best  vmt   383  112K    2400 18451   882    4.11    4.01   421   557   44K   102   22.54   22.50
c rst  geom best  vmt   384  113K    2400 18451   882    4.11    4.01   421   557   44K   102   22.55   22.50
c rst  geom best  vmt   385  113K    2400 18451   882    4.11    4.01   421   557   45K   102   22.55   22.50
c rst  geom best  vmt   386  113K    2400 18451   882    4.11    4.01   421   557   45K   102   22.55   22.50
c rst  geom best  vmt   387  114K    2400 18451   882    4.11    4.01   421   557   46K   102   22.64   22.59
c [distill-bin] useful: 0/882/882 lits-rem: 0 cl-rem: 0 0-depth-assigns: 0 T: 0.01 T-out: N
c rst  geom best  vmt   388  114K    2400 18451   882    4.11    4.01   421   557   46K   102   22.59   22.55
c rst  geom best  vmt   389  115K    2400 18451   882    4.11    4.01   421   557   46K   102   22.59   22.54
c rst  geom best  vmt   390  115K    2400 18451   882    4.11    4.01   421   557   47K   102   22.61   22.56
c [gauss] XOR-encoding clauses are not detached, so no need to reattach them.
c [g 0] truth-find prop checks  : 1669K
c [g 0] -> of which prop        : 46.54 %
c [g 0] -> of which confl       :  1.52 %
c [g 0] elim called             : 219K
c [g 0] ---> which lead to prop : 34.23 %
c [g 0] ---> which lead to confl:  1.52 %
c [g 0] size: 48    x 460  
c [scc] new: 0 BP 0M T: 0.00
c [vrep] vars 0 lits 0 rem-bin-cls 0 rem-long-cls 0 BP 0M T: 0.00
c [intree] Set 0 vars hyper-added: 12 trans-irred: 0 trans-red: 0 T: 0.00 T-out: N T-r: -1.44%
c [find&init matx] performing matrix init
c [gauss] XOR-encoding clauses are not detached, so no need to reattach them.
c [xor-rem-unconnected] left with 1828 xors from 1828 non-empty xors T: 0.00
c [xor-together] xored together: 1780 orig xors: 1828 new xors: 48 T: 0.00
c [xor-rem-unconnected] left with 48 xors from 48 non-empty xors T: 0.00
c [xor-clean-equiv] removed equivalent xors: 0 left with: 48
c [matrix] unused xors from cleaning: 0
c [matrix] Good   matrix 0 48      x460    density:0.1704  xorlen avg: 78.40
c [matrix] Using 1 matrices recovered from 0 xors T: 0.00 T-out: N
c rst  geom best vmt  391   116 K 2400    18451   882 4.11    4.01      421   557   48K   114 22.61   22.56  
c rst  geom best vmt  392   116 K 2400    18451   882 4.11    4.01      421   557   48K   114 22.66   22.62  
c rst  geom stb  vmt  393   117 K 2400    18451   882 4.11    4.01      421   557   49K   114 22.64   22.60  
c [branch] adjusting to: vsid (from: vmtf) var_decay:0.95 descr: VSIDS
c rst  geom stb  vs   394   117 K 2400    18451   882 4.11    4.01      421   557   49K   114 22.67   22.62  
c rst  geom stb  vs   395   117 K 2400    18451   882 4.11    4.01      421   557   49K   114 22.69   22.64  
c rst  geom stb  vs   396   118 K 2400    18451   882 4.11    4.01      423   569   49K   114 22.68   22.64  
c rst  geom stb  vs   397   118 K 2400    18451   882 4.11    4.01      423   570   49K   114 22.71   22.66  
c rst  geom stb  vs   398   118 K 2400    18451   882 4.11    4.01      423   570   50K   114 22.72   22.68  
c rst  geom stb  vs   399   118 K 2400    18451   882 4.11    4.01      423   570   50K   114 22.70   22.66  
c rst  geom stb  vs   400   118 K 2400    18451   882 4.11    4.01      423   570   50K   114 22.71   22.66  
c rst  geom stb  vs   401   118 K 2400    18451   882 4.11    4.01      423   570   50K   114 22.74   22.69  
c rst  geom stb  vs   402   119 K 2400    18451   882 4.11    4.01      423   570   50K   114 22.75   22.71  
c rst  geom stb  vs   403   119 K 2400    18451   882 4.11    4.01      423   570   51K   114 22.74   22.69  
c rst  geom stb  vs   404   119 K 2400    18451   882 4.11    4.01      423   570   51K   114 22.72   22.67  
c rst  geom stb  vs   405   120 K 2400    18451   882 4.11    4.01      429   579   37K   114 22.52   22.46  
c rst  geom stb  vs   406   120 K 2400    18451   882 4.11    4.01      429   579   38K   114 22.56   22.50  
c rst  geom stb  vs   407   120 K 2400    18451   882 4.11    4.01      429   579   38K   114 22.54   22.48  
c rst  geom stb  vs   408   121 K 2400    18451   882 4.11    4.01      429   579   38K   114 22.52   22.46  
c rst  geom stb  vs   409   121 K 2400    18451   882 4.11    4.01      429   579   39K   114 22.49   22.44  
c rst  geom stb  vs   410   122 K 2400    18451   882 4.11    4.01      429   579   39K   114 22.46   22.41  
c rst  geom stb  vs   411   122 K 2400    18451   882 4.11    4.01      429   579   40K   114 22.58   22.52  
c [full-probe]  bin_only: 0 set: 0 repl: 0 T: 0.00 T-out: N T-r: 98.00%
c rst  geom stb  vs   412   123 K 2400    18451   882 4.11    4.01      429   579   40K   114 22.67   22.62  
c rst  geom ibes vs   413   123 K 2400    18451   882 4.11    4.01      429   579   41K   114 22.63   22.57  
c rst  geom ibes vs   414   124 K 2400    18451   882 4.11    4.01      429   579   42K   114 22.67   22.61  
c rst  geom ibes vs   415   125 K 2400    18451   882 4.11    4.01      429   579   43K   114 22.77   22.71  
c rst  geom ibes vs   416   126 K 2400    18451   882 4.11    4.01      429   579   43K   114 22.68   22.63  
c rst  geom ibes vs   417   127 K 2400    18451   882 4.11    4.01      429   579   44K   114 22.70   22.65  
c rst  geom ibes vs   418   128 K 2400    18451   882 4.11    4.01      429   579   45K   114 22.59   22.54  
c [distill-long-red0] cls tried: 8/8 T: 0.00 T-out: N T-r: 99.98%
c [distill-long-red1] cls tried: 102/272 T: 0.00 T-out: Y T-r: -0.32%
c [distill] watch-based irred--  cl tried 7478     cl-sh 0     cl-rem 0    lit-rem 0      T: 0.00 T-out: N
c [distill] watch-based red  --  cl tried 858      cl-sh 1     cl-rem 0    lit-rem 1      T: 0.00 T-out: N
c rst  geom ibes vs   419   129 K 2400    18451   882 4.11    4.01      429   579   47K   114 22.48   22.43  
c rst  geom ibes vs   420   130 K 2400    18451   882 4.11    4.01      429   561   48K   114 22.31   22.26  
c rst  geom svd  vs   421   132 K 2400    18451   882 4.11    4.01      429   561   49K   114 22.59   22.54  
c rst  geom svd  vs   422   133 K 2400    18451   882 4.11    4.01      430   561   51K   114 22.79   22.74  
c [ccnr] tries: 0 steps: 262143 best found: 13
c [ccnr] tries: 0 steps: 524287 best found: 11
c [ccnr] saving best assignment phase to stable_polar
c [ccnr] bumping based on var unsat frequency: conflict_ct
c [ccnr] Bumped vars: 2711 bump type: 6
c [ccnr] time: 0.38
c rst  geom svd  vs   423   134 K 2400    18451   882 4.11    4.01      430   561   52K   114 22.87   22.83  
c recursive minimization cost OK: 319Kcost/(% lits removed)
c [gauss] XOR-encoding clauses are not detached, so no need to reattach them.
c [g 0] truth-find prop checks  : 347K
c [g 0] -> of which prop        : 81.70 %
c [g 0] -> of which confl       :  2.21 %
c [g 0] elim called             : 8013
c [g 0] ---> which lead to prop : 69.36 %
c [g 0] ---> which lead to confl:  1.75 %
c [g 0] size: 48    x 460  
c --> Executing strategy token: scc-vrepl
c [scc] new: 0 BP 0M T: 0.00
c --> Executing strategy token: sub-impl
c [impl-sub] bin: 5 T: 0.00 T-out: N w-visit: 5422
c --> Executing strategy token: breakid
c --> Executing OCC strategy token(s): 'occ-backw-sub-str,occ-clean-implicit,occ-bve,occ-bva,occ-ternary-res,occ-xor,'
c [occ] mem usage for occur 1      MB
c [occ] Linked in IRRED BIN by default: 882
c [occ] Linked in RED   BIN by default: 109
c [occ] mem usage for occur 0      MB
c Mem for watch alloc      : 7           MB (23.13     %)
c Mem for watch array      : 0           MB (0.39      %)
c --> Executing OCC strategy token: occ-backw-sub-str
c [occ-backw-sub-str-long-w-bins] subs: 0 str: 0 tried: 4850 0-depth ass: 0 T: 0.00 T-out: N T-r: 99.69%
c [occ-backw-sub-long-w-long] rem cl: 630 tried: 71507/71507 (100.0%) T: 0.01 T-out: N T-r: 94.66%
c [occ-backw-sub-str-long-w-long] sub: 3 str: 134 tried: 214521/71507 (300.0)  T: 0.05 T-out: N T-r: 86.91%
c --> Executing OCC strategy token: occ-clean-implicit
c --> Executing OCC strategy token: occ-bve
c [occ-empty-res] Empty resolvent elimed: 0 T: 0.00 T-out: N
c [occ-bve] iter v-elim 0
c cl_inc_rate=1.0, var_dec_rate=1.0 (grow=0)
c Reduced to 2400 vars, 18776 cls (grow=0)
c [occ-bve] iter v-elim 7
c cl_inc_rate=1.0, var_dec_rate=1.0 (grow=8)
c Reduced to 2393 vars, 18754 cls (grow=8)
c [occ-bve] iter v-elim 926
c cl_inc_rate=1.8, var_dec_rate=1.6 (grow=16)
c Reduced to 1467 vars, 33379 cls (grow=16)
c x n vars       : 1467
c #try to eliminate:  8599
c #var-elim        :   933
c #T-o: N
c #T-r: 99.83%
c #T  : 0.19
c [occur] 0.02 is overhead
c [occur] link-in T: 0.02 cleanup T: 0.00
c --> Executing OCC strategy token: occ-bva
c --> Executing OCC strategy token: occ-ternary-res
c [occ-ternary-res] Ternary res-tri: 0 res-bin: 0 sub: 0 str: 0 T: 0.00 T-out: N T-r: 99.55%
c --> Executing OCC strategy token: occ-xor
c [occ-xor] sort occur list T: 0.00
c [xor-clean-equiv] removed equivalent xors: 0 left with: 928
c [occ-xor] found    928 avg sz 5.9 min sz  4 max sz  6 T: 0.00 T-out: N T-r: 99.97%
c --> Executing strategy token: card-find
c --> Executing strategy token: cl-consolidate
c Not consolidating memory.
c --> Executing strategy token: scc-vrepl
c [scc] new: 0 BP 0M T: 0.00
c --> Executing strategy token: renumber
c [gauss] XOR-encoding clauses are not detached, so no need to reattach them.
c [renumber] T: 0.01
c --> Executing strategy token: bosphorus
c --> Executing strategy token: louvain-comms
c [consolidate] mini T: 0.00
c global_timeout_multiplier: 3.6300
c [branch] rebuilding order heap for all branchings. Current branching: vsid
c [find&init matx] performing matrix init
c [gauss] XOR-encoding clauses are not detached, so no need to reattach them.
c [xor-rem-unconnected] left with 928 xors from 928 non-empty xors T: 0.00
c [xor-together] xored together: 880 orig xors: 928 new xors: 48 T: 0.00
c [xor-rem-unconnected] left with 48 xors from 48 non-empty xors T: 0.00
c [xor-clean-equiv] removed equivalent xors: 0 left with: 48
c [matrix] unused xors from cleaning: 0
c [matrix] Good   matrix  0     48 x  458  density:0.1711  xorlen avg: 78.35
c [matrix] Using 1 matrices recovered from 0 xors T: 0.00 T-out: N
c [distill-bin] useful: 0/786/786 lits-rem: 0 cl-rem: 0 0-depth-assigns: 0 T: 0.01 T-out: N
c rst  geom  svd   vs   424  135K    1467   32K   786    5.84    5.75   243   431   38K    98   22.69   22.64
c [branch] adjusting to: vmtf (from: vsid) var_decay:0.95 descr: VMTF
c rst  luby  svd  vmt   425  135K    1467   32K   786    5.84    5.75   254   466   38K   101   22.66   22.60
c rst  luby  svd  vmt   426  135K    1467   32K   786    5.84    5.75   255   486   38K   101   22.68   22.62
c rst  luby  svd  vmt   427  135K    1467   32K   786    5.84    5.75   255   486   38K   101   22.75   22.69
c rst  luby  svd  vmt   428  135K    1467   32K   786    5.84    5.75   255   486   38K   101   22.77   22.71
c rst  luby  svd  vmt   429  135K    1467   32K   786    5.84    5.75   255   486   38K   101   22.77   22.71
c rst  luby  svd  vmt   430  136K    1467   32K   786    5.84    5.75   255   486   39K   101   22.80   22.74
c rst  luby  svd  vmt   431  136K    1467   32K   786    5.84    5.75   255   486   39K   101   22.81   22.76
c rst  luby  svd  vmt   432  136K    1467   32K   786    5.84    5.75   255   486   39K   101   22.82   22.77
c rst  luby  svd  vmt   433  136K    1467   32K   786    5.84    5.75   255   486   39K   101   22.82   22.77
c rst  luby  svd  vmt   434  136K    1467   32K   786    5.84    5.75   255   486   39K   101   22.85   22.80
c rst  luby  svd  vmt   435  137K    1467   32K   786    5.84    5.75   255   486   39K   101   22.86   22.80
c rst  geom best  vmt   436  137K    1467   32K   786    5.84    5.75   255   486   40K   101   22.84   22.79
c rst  geom best  vmt   437  137K    1467   32K   786    5.84    5.75   255   486   40K   101   22.82   22.77
c rst  geom best  vmt   438  137K    1467   32K   786    5.84    5.75   255   486   40K   101   22.83   22.78
c rst  geom best  vmt   439  137K    1467   32K   786    5.84    5.75   255   486   40K   101   22.83   22.77
c rst  geom best  vmt   440  137K    1467   32K   786    5.84    5.75   255   486   40K   101   22.82   22.77
c rst  geom best  vmt   441  137K    1467   32K   786    5.84    5.75   255   486   40K   101   22.79   22.74
c rst  geom best  vmt   442  138K    1467   32K   786    5.84    5.75   255   486   41K   101   22.76   22.71
c rst  geom best  vmt   443  138K    1467   32K   786    5.84    5.75   255   486   41K   101   22.73   22.68
c rst  geom best  vmt   444  138K    1467   32K   786    5.84    5.75   261   503   41K   101   22.71   22.66
c rst  geom best  vmt   445  138K    1467   32K   786    5.84    5.75   261   503   41K   101   22.66   22.62
c rst  geom best  vmt   446  139K    1467   32K   786    5.84    5.75   261   503   41K   101   22.65   22.60
c rst  geom best  vmt   447  139K    1467   32K   786    5.84    5.75   261   503   42K   101   22.73   22.68
c rst  geom best  vmt   448  139K    1467   32K   786    5.84    5.75   261   503   42K   101   22.78   22.74
c rst  geom best  vmt   449  140K    1467   32K   786    5.84    5.75   285   459   43K   101   22.74   22.70
c rst  geom best  vmt   450  140K    1467   32K   786    5.84    5.75   285   459   43K   101   22.82   22.77
c rst  geom best  vmt   451  141K    1467   32K   786    5.84    5.75   285   459   43K   101   22.83   22.79
c rst  geom best  vmt   452  141K    1467   32K   786    5.84    5.75   285   459   44K   101   22.82   22.78
c rst  geom best  vmt   453  142K    1467   32K   786    5.84    5.75   290   467   44K   101   22.79   22.75
c rst  geom best  vmt   454  142K    1467   32K   786    5.84    5.75   290   467   45K   101   22.80   22.76
c [full-probe]  bin_only: 1 set: 0 repl: 0 T: 0.00 T-out: N T-r: 99.65%
c rst  geom best  vmt   455  143K    1467   32K   786    5.84    5.75   290   467   46K   101   22.79   22.75
c [distill-long-red0] cls tried: 49/49 T: 0.00 T-out: N T-r: 99.95%
c [distill-long-red1] cls tried: 166/166 T: 0.00 T-out: N T-r: 17.87%
c rst  geom best  vmt   456  144K    1467   32K   786    5.84    5.75   292   478   46K   102   22.81   22.77
c rst  geom  stb  vmt   457  144K    1467   32K   786    5.84    5.75   292   481   47K   102   22.70   22.65
c rst  geom  stb  vmt   458  145K    1467   32K   786    5.84    5.75   293   490   48K   102   22.65   22.60
c rst  geom  stb  vmt   459  146K    1467   32K   786    5.84    5.75   294   520   49K   102   22.79   22.74
c rst  geom  stb  vmt   460  147K    1467   32K   786    5.84    5.75   294   533   50K   102   22.68   22.64
c rst  geom  stb  vmt   461  148K    1467   32K   786    5.84    5.75   298   553   51K   102   22.68   22.64
c rst  geom  stb  vmt   462  150K    1467   32K   786    5.84    5.75   386   601   37K   102   23.37   23.32
c rst  geom  stb  vmt   463  151K    1467   32K   786    5.84    5.75   389   620   39K   102   23.52   23.47
c rst  geom ibes  vmt   464  153K    1467   32K   786    5.84    5.75   391   651   40K   102   23.54   23.49
c rst  geom ibes  vmt   465  154K    1467   32K   786    5.84    5.75   395   675   42K   102   23.28   23.23
c [branch] adjusting to: vsid (from: vmtf) var_decay:0.95 descr: VSIDS
c [distill-bin] useful: 0/786/786 lits-rem: 0 cl-rem: 0 0-depth-assigns: 0 T: 0.00 T-out: N
c [distill] watch-based irred--  cl tried     7009 cl-sh     0 cl-rem    1 lit-rem      0 T: 0.00 T-out: N
c [distill] watch-based   red--  cl tried      788 cl-sh     7 cl-rem    2 lit-rem     53 T: 0.00 T-out: N
c rst  geom ibes   vs   466  154K    1467   32K   787    5.84    5.75   393   675   42K   101   23.27   23.22
c rst  geom ibes   vs   467  154K    1467   32K   787    5.84    5.75   393   675   42K   101   23.25   23.20
c rst  geom ibes   vs   468  155K    1467   32K   787    5.84    5.75   394   675   42K   101   23.24   23.19
c rst  geom ibes   vs   469  155K    1467   32K   787    5.84    5.75   394   675   42K   101   23.24   23.19
c rst  geom ibes   vs   470  155K    1467   32K   787    5.84    5.75   394   675   43K   101   23.24   23.19
c rst  geom ibes   vs   471  155K    1467   32K   787    5.84    5.75   394   675   43K   101   23.24   23.19
c rst  geom ibes   vs   472  155K    1467   32K   787    5.84    5.75   394   675   43K   101   23.22   23.17
c rst  geom ibes   vs   473  156K    1467   32K   787    5.84    5.75   394   675   43K   101   23.21   23.16
c rst  geom ibes   vs   474  156K    1467   32K   787    5.84    5.75   394   675   43K   101   23.16   23.11
c rst  geom ibes   vs   475  156K    1467   32K   787    5.84    5.75   394   675   44K   101   23.12   23.07
c rst  geom ibes   vs   476  156K    1467   32K   787    5.84    5.75   394   675   44K   101   23.08   23.03
c rst  geom ibes   vs   477  157K    1467   32K   787    5.84    5.75   394   675   44K   101   23.04   22.99
c rst  geom ibes   vs   478  157K    1467   32K   787    5.84    5.75   394   675   45K   101   23.01   22.97
c rst  geom ibes   vs   479  157K    1467   32K   787    5.84    5.75   394   676   45K   101   22.94   22.90
c rst  geom ibes   vs   480  158K    1467   32K   787    5.84    5.75   394   676   45K   101   22.88   22.83
c rst  geom  svd   vs   481  158K    1467   32K   787    5.84    5.75   394   676   46K   101   22.87   22.83
c [distill-long-red0] cls tried: 67/67 T: 0.00 T-out: N T-r: 99.84%
c [distill-long-red1] cls tried: 42/269 T: 0.01 T-out: Y T-r: -2.01%
c rst  geom  svd   vs   482  159K    1467   32K   787    5.84    5.75   394   676   46K   101   22.87   22.83
c rst  geom  svd   vs   483  159K    1467   32K   787    5.84    5.75   394   676   47K   101   22.92   22.88
c rst  geom  svd   vs   484  160K    1467   32K   787    5.84    5.75   454   480   48K   101   23.03   22.98
c rst  geom  svd   vs   485  160K    1467   32K   787    5.84    5.75   455   480   48K   101   23.20   23.16
c [impl-str] lit bin: 0 set-var: 0 T: 0.00 T-out: N T-r: 99.95% w-visit: 2934
c [impl-sub] bin: 3 T: 0.00 T-out: N w-visit: 2934
c rst  geom  svd   vs   486  161K    1467   32K   787    5.84    5.75   455   480   49K    98   23.30   23.26
c rst  geom  svd   vs   487  162K    1467   32K   787    5.84    5.75   455   480   50K    98   23.28   23.24
c rst  geom  svd   vs   488  163K    1467   32K   787    5.84    5.75   455   480   51K    98   23.20   23.16
c [full-probe]  bin_only: 0 set: 2 repl: 0 T: 0.01 T-out: N T-r: 97.42%
c rst  geom  svd   vs   489  164K    1465   32K   787    5.84    5.75   455   480   52K    98   23.07   23.03
c rst  geom  svd   vs   490  165K    1465   32K   787    5.84    5.75   458   604   38K    98   22.74   22.69
c rst  geom best   vs   491  166K    1465   32K   787    5.84    5.75   458   604   39K    98   22.73   22.68
c rst  geom best   vs   492  167K    1465   32K   787    5.84    5.75   458   604   40K    98   22.83   22.78
c rst  geom best   vs   493  169K    1465   32K   787    5.84    5.75   458   604   42K    98   22.82   22.77
c rst  geom best   vs   494  170K    1465   32K   787    5.84    5.75   458   610   43K    98   22.92   22.87
c rst  geom best   vs   495  172K    1465   32K   787    5.84    5.75   458   610   45K    98   22.81   22.76
c rst  geom  stb   vs   496  174K    1465   32K   787    5.84    5.75   458   615   47K    98   23.86   23.81
c [distill-long-red0] cls tried: 51/51 T: 0.00 T-out: N T-r: 99.90%
c [distill-long-red1] cls tried: 57/309 T: 0.01 T-out: Y T-r: -1.47%
c rst  geom  stb   vs   497  176K    1465   32K   787    5.84    5.75   458   626   49K    98   24.57   24.52
c [branch] adjusting to: vmtf (from: vsid) var_decay:0.95 descr: VMTF
c [distill-bin] useful: 0/787/787 lits-rem: 0 cl-rem: 0 0-depth-assigns: 0 T: 0.00 T-out: N
c rst  luby  stb  vmt   498  176K    1465   32K   783    5.84    5.75   458   626   49K    98   24.55   24.50
c rst  luby  stb  vmt   499  176K    1465   32K   783    5.84    5.75   458   626   49K    98   24.53   24.48
c rst  luby  stb  vmt   500  176K    1465   32K   783    5.84    5.75   458   628   49K    98   24.50   24.45
c rst  luby  stb  vmt   501  176K    1465   32K   783    5.84    5.75   458   629   49K    98   24.48   24.44
c rst  luby  stb  vmt   502  176K    1465   32K   783    5.84    5.75   458   633   49K    98   24.49   24.45
c rst  luby  stb  vmt   503  177K    1465   32K   783    5.84    5.75   458   636   50K    98   24.50   24.45
c rst  luby  stb  vmt   504  177K    1465   32K   783    5.84    5.75   458   639   50K    98   24.42   24.38
c rst  luby  stb  vmt   505  177K    1465   32K   783    5.84    5.75   458   639   50K    98   24.42   24.37
c [ccnr] saving best assignment phase to stable_polar
c [ccnr] bumping based on clause weights
c [ccnr] Bumped vars: 101 bump type: 6
c [ccnr] time: 0.26
c rst  luby  stb  vmt   506  177K    1465   32K   783    5.84    5.75   458   639   50K    98   24.41   24.36
c rst  luby  stb  vmt   507  177K    1465   32K   783    5.84    5.75   458   639   50K    98   24.37   24.33
c rst  luby  stb  vmt   508  178K    1465   32K   783    5.84    5.75   458   640   50K    98   24.36   24.32
c rst  luby  stb  vmt   509  178K    1465   32K   783    5.84    5.75   458   640   51K    98   24.35   24.31
c rst  luby  stb  vmt   510  178K    1465   32K   783    5.84    5.75   458   645   51K    98   24.36   24.32
c rst  luby  stb  vmt   511  178K    1465   32K   783    5.84    5.75   459   657   51K    98   24.34   24.30
c rst  luby  stb  vmt   512  179K    1465   32K   783    5.84    5.75   459   668   52K    98   24.36   24.32
c rst  luby ibes  vmt   513  179K    1465   32K   783    5.84    5.75   459   669   52K    98   24.36   24.32
c rst  luby ibes  vmt   514  179K    1465   32K   783    5.84    5.75   459   669   52K    98   24.34   24.30
c [distill] watch-based irred--  cl tried     7006 cl-sh     0 cl-rem    0 lit-rem      0 T: 0.01 T-out: N
c [distill] watch-based   red--  cl tried      915 cl-sh     0 cl-rem    3 lit-rem      0 T: 0.00 T-out: N
c rst  luby ibes  vmt   515  179K    1465   32K   784    5.83    5.74   457   671   52K    97   24.30   24.26
c rst  luby ibes  vmt   516  180K    1465   32K   784    5.83    5.74   538   716   35K    97   24.25   24.19
c rst  luby ibes  vmt   517  180K    1465   32K   784    5.83    5.74   538   718   35K    97   24.26   24.20
c rst  luby ibes  vmt   518  180K    1465   32K   784    5.83    5.74   538   719   36K    97   24.23   24.18
c rst  luby ibes  vmt   519  180K    1465   32K   784    5.83    5.74   538   726   36K    97   24.19   24.13
c [gauss] XOR-encoding clauses are not detached, so no need to reattach them.
c [g 0] truth-find prop checks  : 1297K
c [g 0] -> of which prop        : 40.85 %
c [g 0] -> of which confl       :  1.55 %
c [g 0] elim called             : 187K
c [g 0] ---> which lead to prop : 37.32 %
c [g 0] ---> which lead to confl:  1.55 %
c [g 0] size: 48    x 458  
c [scc] new: 0 BP 0M T: 0.00
c [vrep] vars 0 lits 0 rem-bin-cls 0 rem-long-cls 0 BP 0M T: 0.00
c [intree] Set 0 vars hyper-added: 7 trans-irred: 0 trans-red: 0 T: 0.00 T-out: N T-r: -1.08%
c [find&init matx] performing matrix init
c [gauss] XOR-encoding clauses are not detached, so no need to reattach them.
c [xor-rem-unconnected] left with 928 xors from 928 non-empty xors T: 0.00
c [xor-together] xored together: 880 orig xors: 928 new xors: 48 T: 0.00
c [xor-rem-unconnected] left with 48 xors from 48 non-empty xors T: 0.00
c [xor-clean-equiv] removed equivalent xors: 0 left with: 48
c [matrix] unused xors from cleaning: 0
c [matrix] Good   matrix 0 48      x456    density:0.1709  xorlen avg: 77.92
c [matrix] Using 1 matrices recovered from 0 xors T: 0.00 T-out: N
c rst  luby ibes vmt  520   180 K 1465      32K   784 5.83    5.74      538   729   36K   104 24.16   24.10  
c rst  luby ibes vmt  521   180 K 1465      32K   784 5.83    5.74      539   731   36K   104 24.16   24.10  
c rst  luby ibes vmt  522   181 K 1465      32K   784 5.83    5.74      539   731   36K   104 24.13   24.07  
c rst  luby ibes vmt  523   181 K 1465      32K   784 5.83    5.74      539   731   37K   104 24.11   24.05  
c rst  luby ibes vmt  524   181 K 1465      32K   784 5.83    5.74      539   731   37K   104 24.09   24.03  
c rst  luby ibes vmt  525   181 K 1465      32K   784 5.83    5.74      539   731   37K   104 24.16   24.10  
c rst  luby ibes vmt  526   182 K 1465      32K   784 5.83    5.74      539   731   37K   104 24.13   24.07  
c rst  luby ibes vmt  527   182 K 1465      32K   784 5.83    5.74      539   731   38K   104 23.99   23.94  
c rst  luby ibes vmt  528   184 K 1465      32K   784 5.83    5.74      539   731   40K   104 23.78   23.72  
c [full-probe]  bin_only: 1 set: 0 repl: 0 T: 0.00 T-out: N T-r: 99.82%
c rst  luby ibes vmt  529   184 K 1465      32K   784 5.83    5.74      539   731   40K   104 23.77   23.72  
c rst  luby ibes vmt  530   184 K 1465      32K   784 5.83    5.74      539   731   40K   104 23.76   23.70  
c rst  luby ibes vmt  531   184 K 1465      32K   784 5.83    5.74      539   735   40K   104 23.75   23.70  
c rst  luby ibes vmt  532   184 K 1465      32K   784 5.83    5.74      539   735   40K   104 23.74   23.69  
c rst  luby ibes vmt  533   185 K 1465      32K   784 5.83    5.74      539   735   40K   104 23.73   23.68  
c rst  luby ibes vmt  534   185 K 1465      32K   784 5.83    5.74      539   735   40K   104 23.73   23.67  
c rst  luby ibes vmt  535   185 K 1465      32K   784 5.83    5.74      539   735   41K   104 23.66   23.61  
c rst  luby ibes vmt  536   185 K 1465      32K   784 5.83    5.74      539   735   41K   104 23.68   23.62  
c rst  luby ibes vmt  537   185 K 1465      32K   784 5.83    5.74      539   735   41K   104 23.66   23.61  
c rst  luby ibes vmt  538   186 K 1465      32K   784 5.83    5.74      539   735   41K   104 23.62   23.57  
c rst  luby ibes vmt  539   186 K 1465      32K   784 5.83    5.74      539   735   41K   104 23.62   23.56  
c rst  luby ibes vmt  540   186 K 1465      32K   784 5.83    5.74      539   735   41K   104 23.60   23.55  
c rst  luby ibes vmt  541   186 K 1465      32K   784 5.83    5.74      539   735   42K   104 23.57   23.52  
c rst  luby svd  vmt  542   186 K 1465      32K   784 5.83    5.74      539   735   42K   104 23.60   23.55  
c rst  luby svd  vmt  543   187 K 1465      32K   784 5.83    5.74      539   735   43K   104 23.60   23.55  
c rst  luby svd  vmt  544   187 K 1465      32K   784 5.83    5.74      540   742   43K   104 23.62   23.57  
c rst  luby svd  vmt  545   187 K 1465      32K   784 5.83    5.74      540   742   43K   104 23.62   23.57  
c rst  luby svd  vmt  546   188 K 1465      32K   784 5.83    5.74      540   742   43K   104 23.58   23.53  
c rst  luby svd  vmt  547   188 K 1465      32K   784 5.83    5.74      541   747   43K   104 23.57   23.52  
c rst  luby svd  vmt  548   188 K 1465      32K   784 5.83    5.74      541   747   43K   104 23.56   23.51  
c rst  luby svd  vmt  549   188 K 1465      32K   784 5.83    5.74      541   747   44K   104 23.55   23.50  
c rst  luby svd  vmt  550   188 K 1465      32K   784 5.83    5.74      541   747   44K   104 23.56   23.51  
c rst  luby svd  vmt  551   188 K 1465      32K   784 5.83    5.74      541   747   44K   104 23.56   23.51  
c rst  luby svd  vmt  552   189 K 1465      32K   784 5.83    5.74      541   747   44K   104 23.56   23.51  
c rst  luby svd  vmt  553   189 K 1465      32K   784 5.83    5.74      541   747   44K   104 23.56   23.51  
c rst  luby svd  vmt  554   189 K 1465      32K   784 5.83    5.74      541   747   45K   104 23.56   23.51  
c [distill-long-red0] cls tried: 71/71 T: 0.00 T-out: N T-r: 99.81%
c [distill-long-red1] cls tried: 48/387 T: 0.01 T-out: Y T-r: -2.24%
c rst  luby svd  vmt  555   189 K 1465      32K   784 5.83    5.74      541   747   45K   104 23.56   23.51  
c rst  luby svd  vmt  556   189 K 1465      32K   784 5.83    5.74      541   747   45K   104 23.60   23.55  
c rst  luby svd  vmt  557   190 K 1465      32K   784 5.83    5.74      567   710   45K   104 23.63   23.58  
c rst  luby svd  vmt  558   190 K 1465      32K   784 5.83    5.74      567   710   46K   104 23.65   23.60  
c rst  luby svd  vmt  559   192 K 1465      32K   784 5.83    5.74      570   729   48K   104 23.72   23.68  
c rst  luby svd  vmt  560   195 K 1465      32K   784 5.83    5.74      577   785   37K   104 25.19   25.12  
c rst  geom best vmt  561   195 K 1465      32K   784 5.83    5.74      577   785   37K   104 25.18   25.12  
c rst  geom best vmt  562   195 K 1465      32K   784 5.83    5.74      577   785   37K   104 25.18   25.12  
c rst  geom best vmt  563   196 K 1465      32K   784 5.83    5.74      577   785   38K   104 25.17   25.11  
c rst  geom best vmt  564   196 K 1465      32K   784 5.83    5.74      577   785   38K   104 25.14   25.07  
c rst  geom best vmt  565   196 K 1465      32K   784 5.83    5.74      577   785   38K   104 25.09   25.03  
c rst  geom best vmt  566   196 K 1465      32K   784 5.83    5.74      577   785   38K   104 25.05   24.99  
c [distill-bin] useful: 1/784/784 lits-rem: 0 cl-rem: 1 0-depth-assigns: 0 T: 0.01 T-out: N
c rst  geom best vmt  567   196 K 1465      32K   783 5.83    5.74      577   785   38K   104 24.99   24.93  
c rst  geom best vmt  568   196 K 1465      32K   783 5.83    5.74      577   785   38K   104 24.94   24.89  
c rst  geom best vmt  569   197 K 1465      32K   783 5.83    5.74      577   785   39K   104 24.92   24.86  
c rst  geom best vmt  570   197 K 1465      32K   783 5.83    5.74      577   785   39K   104 24.92   24.86  
c rst  geom best vmt  571   197 K 1465      32K   783 5.83    5.74      577   785   39K   104 24.89   24.83  
c rst  geom best vmt  572   198 K 1465      32K   783 5.83    5.74      577   785   40K   104 24.84   24.78  
c [branch] adjusting to: vsid (from: vmtf) var_decay:0.95 descr: VSIDS
c rst  geom best vs   573   198 K 1465      32K   783 5.83    5.74      577   785   40K   104 24.87   24.81  
c rst  geom best vs   574   198 K 1465      32K   783 5.83    5.74      577   785   40K   104 24.85   24.80  
c rst  geom best vs   575   198 K 1465      32K   783 5.83    5.74      577   785   40K   104 24.84   24.78  
c rst  geom best vs   576   198 K 1465      32K   783 5.83    5.74      577   785   40K   104 24.84   24.78  
c rst  geom best vs   577   198 K 1465      32K   783 5.83    5.74      577   785   40K   104 24.85   24.79  
c rst  geom best vs   578   198 K 1465      32K   783 5.83    5.74      577   785   40K   104 24.82   24.76  
c rst  geom best vs   579   199 K 1465      32K   783 5.83    5.74      577   785   41K   104 24.79   24.73  
c rst  geom best vs   580   199 K 1465      32K   783 5.83    5.74      577   785   41K   104 24.76   24.71  
c rst  geom best vs   581   199 K 1465      32K   783 5.83    5.74      577   785   41K   104 24.75   24.69  
c rst  geom best vs   582   199 K 1465      32K   783 5.83    5.74      577   785   41K   104 24.72   24.67  
c rst  geom best vs   583   200 K 1465      32K   783 5.83    5.74      584   778   42K   104 24.71   24.65  
c rst  geom best vs   584   200 K 1465      32K   783 5.83    5.74      584   778   42K   104 24.68   24.63  
c rst  geom best vs   585   200 K 1465      32K   783 5.83    5.74      584   778   42K   104 24.66   24.61  
c rst  geom best vs   586   201 K 1465      32K   783 5.83    5.74      584   778   43K   104 24.61   24.56  
c rst  geom best vs   587   201 K 1465      32K   783 5.83    5.74      584   778   43K   104 24.55   24.50  
c rst  geom best vs   588   201 K 1465      32K   783 5.83    5.74      584   778   43K   104 24.54   24.49  
c rst  geom best vs   589   202 K 1465      32K   783 5.83    5.74      584   780   44K   104 24.61   24.56  
c rst  geom best vs   590   202 K 1465      32K   783 5.83    5.74      584   780   44K   104 24.66   24.61  
c rst  geom stb  vs   591   203 K 1465      32K   783 5.83    5.74      584   780   45K   104 24.62   24.57  
c rst  geom stb  vs   592   204 K 1465      32K   783 5.83    5.74      584   780   46K   104 24.58   24.53  
c rst  geom stb  vs   593   204 K 1465      32K   783 5.83    5.74      584   780   46K   104 24.50   24.45  
c [distill-long-red0] cls tried: 34/34 T: 0.00 T-out: N T-r: 99.94%
c [distill-long-red1] cls tried: 40/384 T: 0.01 T-out: Y T-r: -1.03%
c [full-probe]  bin_only: 0 set: 0 repl: 0 T: 0.00 T-out: N T-r: 97.59%
c [distill] watch-based irred--  cl tried 7006     cl-sh 0     cl-rem 0    lit-rem 0      T: 0.01 T-out: N
c [distill] watch-based red  --  cl tried 1168     cl-sh 1     cl-rem 0    lit-rem 1      T: 0.00 T-out: N
c rst  geom stb  vs   594   205 K 1465      32K   783 5.83    5.74      584   780   47K   104 24.41   24.36  
c rst  geom stb  vs   595   206 K 1465      32K   783 5.83    5.74      584   780   48K   104 24.33   24.28  
c rst  geom stb  vs   596   207 K 1465      32K   783 5.83    5.74      584   780   49K   104 24.22   24.17  
c rst  geom stb  vs   597   208 K 1465      32K   783 5.83    5.74      584   781   50K   104 24.25   24.20  
c rst  geom stb  vs   598   209 K 1465      32K   783 5.83    5.74      584   781   51K   105 24.24   24.20  
c rst  geom stb  vs   599   211 K 1465      32K   783 5.83    5.74      586   741   38K   105 24.67   24.61  
c rst  geom ibes vs   600   212 K 1465      32K   783 5.83    5.74      586   742   40K   105 24.43   24.37  
c rst  geom ibes vs   601   214 K 1465      32K   783 5.83    5.74      586   742   41K   105 24.04   23.99  
c rst  geom ibes vs   602   215 K 1465      32K   783 5.83    5.74      586   742   43K   105 23.75   23.70  
c rst  geom ibes vs   603   217 K 1465      32K   783 5.83    5.74      586   742   45K   105 23.65   23.61  
c [distill-bin] useful: 0/783/783 lits-rem: 0 cl-rem: 0 0-depth-assigns: 0 T: 0.01 T-out: N
c rst  geom ibes vs   604   219 K 1465      32K   783 5.83    5.74      586   743   47K   105 23.66   23.61  
c rst  geom svd  vs   605   221 K 1465      32K   783 5.83    5.74      589   656   49K   105 23.39   23.35  
c [distill-long-red0] cls tried: 6/6 T: 0.00 T-out: N T-r: 99.97%
c [distill-long-red1] cls tried: 94/321 T: 0.01 T-out: Y T-r: -0.69%
c [impl-str] lit bin: 0 set-var: 0 T: 0.00 T-out: N T-r: 99.95% w-visit: 2934
c [impl-sub] bin: 0 T: 0.00 T-out: N w-visit: 2934
c [ccnr] saving best assignment phase to stable_polar
c [ccnr] bumping based on var unsat frequency: conflict_ct
c [ccnr] Bumped vars: 1467 bump type: 6
c [ccnr] time: 0.28
c rst  geom svd  vs   606   224 K 1465      32K   783 5.83    5.74      589   656   52K   105 23.15   23.11  
c [branch] adjusting to: vmtf (from: vsid) var_decay:0.95 descr: VMTF
c rst  luby svd  vmt  607   224 K 1465      32K   783 5.83    5.74      602   671   52K   105 23.15   23.11  
c rst  luby svd  vmt  608   224 K 1465      32K   783 5.83    5.74      602   671   52K   105 23.15   23.11  
c rst  luby svd  vmt  609   224 K 1465      32K   783 5.83    5.74      602   671   52K   105 23.17   23.13  
c rst  luby svd  vmt  610   224 K 1465      32K   783 5.83    5.74      602   671   52K   105 23.18   23.13  
c rst  luby svd  vmt  611   224 K 1465      32K   783 5.83    5.74      602   671   52K   105 23.17   23.13  
c [full-probe]  bin_only: 1 set: 0 repl: 0 T: 0.00 T-out: N T-r: 99.78%
c rst  luby svd  vmt  612   225 K 1465      32K   783 5.83    5.74      606   680   38K   105 21.68   21.63  
c rst  luby svd  vmt  613   225 K 1465      32K   783 5.83    5.74      606   680   38K   105 21.65   21.60  
c rst  luby svd  vmt  614   225 K 1465      32K   783 5.83    5.74      606   680   38K   105 21.64   21.59  
c rst  luby svd  vmt  615   225 K 1465      32K   783 5.83    5.74      606   680   39K   105 21.63   21.58  
c rst  luby svd  vmt  616   225 K 1465      32K   783 5.83    5.74      606   680   39K   105 21.65   21.60  
c rst  luby svd  vmt  617   226 K 1465      32K   783 5.83    5.74      606   680   39K   105 21.68   21.63  
c rst  luby svd  vmt  618   226 K 1465      32K   783 5.83    5.74      606   680   39K   105 21.67   21.62  
c rst  luby svd  vmt  619   226 K 1465      32K   783 5.83    5.74      606   680   39K   105 21.69   21.64  
c rst  luby svd  vmt  620   226 K 1465      32K   783 5.83    5.74      606   680   40K   105 21.70   21.65  
c rst  luby svd  vmt  621   227 K 1465      32K   783 5.83    5.74      606   680   40K   105 21.66   21.61  
c rst  geom best vmt  622   227 K 1465      32K   783 5.83    5.74      606   680   40K   105 21.68   21.63  
c rst  geom best vmt  623   227 K 1465      32K   783 5.83    5.74      606   680   41K   105 21.66   21.61  
c rst  geom best vmt  624   227 K 1465      32K   783 5.83    5.74      606   680   41K   105 21.65   21.60  
c rst  geom best vmt  625   228 K 1465      32K   783 5.83    5.74      606   683   41K   105 21.64   21.59  
c rst  geom best vmt  626   228 K 1465      32K   783 5.83    5.74      606   683   41K   105 21.62   21.57  
c rst  geom best vmt  627   228 K 1465      32K   783 5.83    5.74      606   683   41K   105 21.60   21.55  
c rst  geom best vmt  628   228 K 1465      32K   783 5.83    5.74      606   683   41K   105 21.58   21.54  
c rst  geom best vmt  629   228 K 1465      32K   783 5.83    5.74      606   683   42K   105 21.60   21.56  
c rst  geom best vmt  630   229 K 1465      32K   783 5.83    5.74      606   683   42K   105 21.63   21.58  
c rst  geom best vmt  631   229 K 1465      32K   783 5.83    5.74      606   683   42K   105 21.60   21.55  
c rst  geom best vmt  632   229 K 1465      32K   783 5.83    5.74      606   683   42K   105 21.56   21.51  
c rst  geom best vmt  633   229 K 1465      32K   783 5.83    5.74      606   683   43K   105 21.54   21.49  
c rst  geom best vmt  634   230 K 1465      32K   783 5.83    5.74      610   573   43K   105 21.50   21.46  
c [distill] watch-based irred--  cl tried 7006     cl-sh 0     cl-rem 0    lit-rem 0      T: 0.00 T-out: N
c [distill] watch-based red  --  cl tried 1220     cl-sh 2     cl-rem 0    lit-rem 2      T: 0.00 T-out: N
c rst  geom best vmt  635   230 K 1465      32K   783 5.83    5.74      610   573   44K   105 21.47   21.43  
c rst  geom best vmt  636   231 K 1465      32K   783 5.83    5.74      610   573   44K   105 21.49   21.45  
c rst  geom best vmt  637   231 K 1465      32K   783 5.83    5.74      610   573   44K   105 21.51   21.46  
c rst  geom best vmt  638   231 K 1465      32K   783 5.83    5.74      610   573   45K   105 21.58   21.53  
c rst  geom best vmt  639   232 K 1465      32K   783 5.83    5.74      610   573   45K   105 21.62   21.58  
c rst  geom best vmt  640   233 K 1465      32K   783 5.83    5.74      610   573   46K   105 21.67   21.63  
c rst  geom best vmt  641   233 K 1465      32K   783 5.83    5.74      610   573   47K   105 21.75   21.71  
c rst  geom best vmt  642   234 K 1465      32K   783 5.83    5.74      610   573   47K   105 21.85   21.81  
c rst  geom best vmt  643   235 K 1465      32K   783 5.83    5.74      610   573   48K   105 21.86   21.82  
c rst  geom stb  vmt  644   236 K 1465      32K   783 5.83    5.74      610   573   49K   105 22.16   22.12  
c rst  geom stb  vmt  645   237 K 1465      32K   783 5.83    5.74      610   574   50K   105 22.25   22.21  
c [distill-long-red0] cls tried: 21/21 T: 0.00 T-out: N T-r: 99.93%
c [distill-long-red1] cls tried: 120/232 T: 0.01 T-out: Y T-r: -0.53%
c rst  geom stb  vmt  646   238 K 1465      32K   783 5.83    5.74      610   574   51K   105 22.32   22.28  
c [distill-bin] useful: 0/783/783 lits-rem: 0 cl-rem: 0 0-depth-assigns: 0 T: 0.01 T-out: N
c rst  geom stb  vmt  647   239 K 1465      32K   783 5.83    5.74      610   574   52K   105 22.51   22.47  
c rst  geom stb  vmt  648   240 K 1465      32K   783 5.83    5.74      612   578   39K   105 21.88   21.82  
c rst  geom stb  vmt  649   242 K 1465      32K   783 5.83    5.74      612   579   40K   105 22.40   22.35  
c rst  geom stb  vmt  650   243 K 1465      32K   783 5.83    5.74      613   585   42K   105 22.80   22.75  
c rst  geom ibes vmt  651   244 K 1465      32K   783 5.83    5.74      613   585   42K   105 22.74   22.69  
c recursive minimization cost OK: 433Kcost/(% lits removed)
c [gauss] XOR-encoding clauses are not detached, so no need to reattach them.
c [g 0] truth-find prop checks  : 1118K
c [g 0] -> of which prop        : 76.24 %
c [g 0] -> of which confl       :  2.32 %
c [g 0] elim called             : 32K
c [g 0] ---> which lead to prop : 60.75 %
c [g 0] ---> which lead to confl:  1.30 %
c [g 0] size: 48    x 456  
c --> Executing strategy token: scc-vrepl
c [scc] new: 0 BP 0M T: 0.00
c --> Executing strategy token: sub-impl
c [impl-sub] bin: 0 T: 0.00 T-out: N w-visit: 2934
c --> Executing strategy token: breakid
c --> Executing OCC strategy token(s): 'occ-backw-sub-str,occ-clean-implicit,occ-bve,occ-bva,occ-ternary-res,occ-xor,'
c [occ] mem usage for occur 2      MB
c [occ] Linked in IRRED BIN by default: 783
c [occ] Linked in RED   BIN by default: 105
c [occ] mem usage for occur 0      MB
c Mem for watch alloc      : 10          MB (22.65     %)
c Mem for watch array      : 0           MB (0.15      %)
c --> Executing OCC strategy token: occ-backw-sub-str
c [occ-backw-sub-str-long-w-bins] subs: 0 str: 1 tried: 7806 0-depth ass: 0 T: 0.00 T-out: N T-r: 99.00%
c [occ-backw-sub-long-w-long] rem cl: 51 tried: 76067/76067 (100.0%) T: 0.02 T-out: N T-r: 88.26%
c [occ-backw-sub-str-long-w-long] sub: 0 str: 20 tried: 228201/76067 (300.0)  T: 0.14 T-out: N T-r: 67.62%
c --> Executing OCC strategy token: occ-clean-implicit
c --> Executing OCC strategy token: occ-bve
c [occ-empty-res] Empty resolvent elimed: 0 T: 0.00 T-out: N
c [occ-bve] iter v-elim 0
c cl_inc_rate=1.0, var_dec_rate=1.0 (grow=0)
c Reduced to 1465 vars, 33036 cls (grow=0)
c [occ-bve] iter v-elim 0
c cl_inc_rate=1.0, var_dec_rate=1.0 (grow=8)
c Reduced to 1465 vars, 33036 cls (grow=8)
c [occ-bve] iter v-elim 0
c cl_inc_rate=1.0, var_dec_rate=1.0 (grow=16)
c Reduced to 1465 vars, 33036 cls (grow=16)
c x n vars       : 1465
c #try to eliminate:  4395
c #var-elim        :     0
c #T-o: N
c #T-r: 99.98%
c #T  : 0.18
c [occur] 0.02 is overhead
c [occur] link-in T: 0.02 cleanup T: 0.00
c --> Executing OCC strategy token: occ-bva
c --> Executing OCC strategy token: occ-ternary-res
c [occ-ternary-res] Ternary res-tri: 0 res-bin: 0 sub: 0 str: 0 T: 0.00 T-out: N T-r: 99.79%
c --> Executing OCC strategy token: occ-xor
c [occ-xor] sort occur list T: 0.00
c [xor-clean-equiv] removed equivalent xors: 0 left with: 923
c [occ-xor] found    923 avg sz 5.9 min sz  4 max sz  6 T: 0.01 T-out: N T-r: 99.97%
c --> Executing strategy token: card-find
c --> Executing strategy token: cl-consolidate
c Not consolidating memory.
c --> Executing strategy token: scc-vrepl
c [scc] new: 0 BP 0M T: 0.00
c --> Executing strategy token: renumber
c --> Executing strategy token: bosphorus
c --> Executing strategy token: louvain-comms
c [consolidate] mini T: 0.00
c global_timeout_multiplier: 3.9930
c [branch] rebuilding order heap for all branchings. Current branching: vmtf
c [find&init matx] performing matrix init
c [gauss] XOR-encoding clauses are not detached, so no need to reattach them.
c [xor-rem-unconnected] left with 923 xors from 923 non-empty xors T: 0.00
c [xor-together] xored together: 870 orig xors: 923 new xors: 53 T: 0.00
c [xor-rem-unconnected] left with 53 xors from 53 non-empty xors T: 0.00
c [xor-clean-equiv] removed equivalent xors: 0 left with: 53
c [matrix] unused xors from cleaning: 0
c [matrix] Good   matrix  0     53 x  466  density:0.1510  xorlen avg: 70.38
c [matrix] Using 1 matrices recovered from 0 xors T: 0.00 T-out: N
c rst  geom ibes  vmt   652  245K    1465   32K   783    5.83    5.74   575   579   43K   105   22.86   22.81
c [full-probe]  bin_only: 0 set: 0 repl: 0 T: 0.01 T-out: N T-r: 95.68%
c rst  geom ibes  vmt   653  247K    1465   32K   783    5.83    5.74   575   579   45K   105   22.75   22.71
c [gauss] XOR-encoding clauses are not detached, so no need to reattach them.
c [g 0] truth-find prop checks  : 60K
c [g 0] -> of which prop        : 79.35 %
c [g 0] -> of which confl       :  2.49 %
c [g 0] elim called             : 1533
c [g 0] ---> which lead to prop : 58.97 %
c [g 0] ---> which lead to confl:  0.91 %
c [g 0] size: 53    x 466  
c [scc] new: 0 BP 0M T: 0.00
c [vrep] vars 0 lits 0 rem-bin-cls 0 rem-long-cls 0 BP 0M T: 0.00
c [intree] Set 0 vars hyper-added: 0 trans-irred: 0 trans-red: 1 T: 0.01 T-out: N T-r: 0.13%
c [find&init matx] performing matrix init
c [gauss] XOR-encoding clauses are not detached, so no need to reattach them.
c [xor-rem-unconnected] left with 923 xors from 923 non-empty xors T: 0.00
c [xor-together] xored together: 870 orig xors: 923 new xors: 53 T: 0.00
c [xor-rem-unconnected] left with 53 xors from 53 non-empty xors T: 0.00
c [xor-clean-equiv] removed equivalent xors: 0 left with: 53
c [matrix] unused xors from cleaning: 0
c [matrix] Good   matrix 0 53      x466    density:0.1510  xorlen avg: 70.38
c [matrix] Using 1 matrices recovered from 0 xors T: 0.00 T-out: N
c rst  geom ibes vmt  654   249 K 1465      32K   783 5.83    5.74      575   579   47K   104 22.76   22.72  
c rst  geom ibes vmt  655   251 K 1465      32K   783 5.83    5.74      575   375   50K   104 22.76   22.72  
c [branch] adjusting to: vsid (from: vmtf) var_decay:0.95 descr: VSIDS
c rst  geom svd  vs   656   251 K 1465      32K   783 5.83    5.74      575   375   50K   104 22.76   22.71  
c rst  geom svd  vs   657   251 K 1465      32K   783 5.83    5.74      575   375   50K   104 22.77   22.73  
c rst  geom svd  vs   658   251 K 1465      32K   783 5.83    5.74      575   375   50K   104 22.76   22.72  
c rst  geom svd  vs   659   251 K 1465      32K   783 5.83    5.74      575   375   50K   104 22.76   22.71  
c rst  geom svd  vs   660   252 K 1465      32K   783 5.83    5.74      575   375   50K   104 22.77   22.73  
c rst  geom svd  vs   661   252 K 1465      32K   783 5.83    5.74      575   375   50K   104 22.80   22.75  
c [distill-long-red0] cls tried: 7/7 T: 0.00 T-out: N T-r: 99.98%
c [distill-long-red1] cls tried: 86/86 T: 0.01 T-out: N T-r: 14.91%
c rst  geom svd  vs   662   252 K 1465      32K   783 5.83    5.74      575   375   51K   104 22.78   22.74  
c rst  geom svd  vs   663   252 K 1465      32K   783 5.83    5.74      575   375   51K   104 22.77   22.73  
c rst  geom svd  vs   664   252 K 1465      32K   783 5.83    5.74      575   375   51K   104 22.77   22.73  
c rst  geom svd  vs   665   253 K 1465      32K   783 5.83    5.74      575   375   51K   104 22.78   22.74  
c rst  geom svd  vs   666   253 K 1465      32K   783 5.83    5.74      575   375   52K   104 22.81   22.76  
c rst  geom svd  vs   667   253 K 1465      32K   783 5.83    5.74      575   375   52K   104 22.80   22.76  
c rst  geom svd  vs   668   254 K 1465      32K   783 5.83    5.74      575   375   52K   104 22.84   22.80  
c rst  geom svd  vs   669   254 K 1465      32K   783 5.83    5.74      576   385   53K   104 22.87   22.83  
c rst  geom svd  vs   670   254 K 1465      32K   783 5.83    5.74      579   451   53K   104 22.88   22.84  
c rst  geom svd  vs   671   255 K 1465      32K   783 5.83    5.74      586   489   38K   104 23.65   23.59  
c [distill] watch-based irred--  cl tried 7324     cl-sh 0     cl-rem 0    lit-rem 0      T: 0.00 T-out: N
c [distill] watch-based red  --  cl tried 1172     cl-sh 2     cl-rem 0    lit-rem 2      T: 0.00 T-out: N
c rst  geom svd  vs   672   255 K 1465      32K   783 5.83    5.74      586   490   39K   104 23.62   23.56  
c rst  geom svd  vs   673   256 K 1465      32K   783 5.83    5.74      586   491   39K   104 23.53   23.47  
c rst  geom svd  vs   674   256 K 1465      32K   783 5.83    5.74      588   495   40K   104 23.41   23.36  
c rst  geom svd  vs   675   257 K 1465      32K   783 5.83    5.74      589   505   40K   104 23.40   23.34  
c rst  geom svd  vs   676   258 K 1465      32K   783 5.83    5.74      590   510   41K   104 23.46   23.41  
c [distill-bin] useful: 0/783/783 lits-rem: 0 cl-rem: 0 0-depth-assigns: 0 T: 0.00 T-out: N
c rst  geom svd  vs   677   259 K 1465      32K   783 5.83    5.74      592   529   42K   104 23.50   23.45  
c rst  geom best vs   678   260 K 1465      32K   783 5.83    5.74      660   313   43K   104 23.49   23.44  
c rst  geom best vs   679   260 K 1465      32K   783 5.83    5.74      661   320   44K   104 23.44   23.39  
c rst  geom best vs   680   262 K 1465      32K   783 5.83    5.74      661   325   45K   104 23.47   23.42  
c rst  geom best vs   681   263 K 1465      32K   783 5.83    5.74      665   365   46K   104 23.31   23.27  
c rst  geom best vs   682   264 K 1465      32K   783 5.83    5.74      665   386   47K   104 23.25   23.21  
c rst  geom best vs   683   265 K 1465      32K   783 5.83    5.74      666   391   49K   104 23.49   23.44  
c [full-probe]  bin_only: 1 set: 0 repl: 0 T: 0.00 T-out: N T-r: 99.73%
c [ccnr] saving best assignment phase to stable_polar
c [ccnr] bumping based on var unsat frequency: conflict_ct
c [ccnr] Bumped vars: 1467 bump type: 6
c [ccnr] time: 0.27
c rst  geom best vs   684   267 K 1465      32K   783 5.83    5.74      667   403   50K   104 23.37   23.33  
c [distill-long-red0] cls tried: 61/61 T: 0.00 T-out: N T-r: 99.89%
c [distill-long-red1] cls tried: 48/204 T: 0.01 T-out: Y T-r: -3.62%
c rst  geom stb  vs   685   269 K 1465      32K   783 5.83    5.74      668   415   52K   104 23.19   23.14  
c rst  geom stb  vs   686   270 K 1465      32K   783 5.83    5.74      816   662   38K   104 24.15   24.09  
c rst  geom stb  vs   687   273 K 1465      32K   783 5.83    5.74      817   677   40K   104 24.00   23.95  
c rst  geom stb  vs   688   275 K 1465      32K   783 5.83    5.74      818   696   43K   104 24.02   23.97  
c rst  geom ibes vs   689   277 K 1465      32K   783 5.83    5.74      819   730   45K   104 23.74   23.69  
c rst  geom ibes vs   690   280 K 1465      32K   783 5.83    5.74      929   662   48K   104 23.47   23.43  
c [distill-bin] useful: 0/783/783 lits-rem: 0 cl-rem: 0 0-depth-assigns: 0 T: 0.00 T-out: N
c [distill] watch-based irred--  cl tried 7324     cl-sh 0     cl-rem 0    lit-rem 0      T: 0.01 T-out: N
c [distill] watch-based red  --  cl tried 1858     cl-sh 10    cl-rem 0    lit-rem 15     T: 0.00 T-out: N
c rst  geom ibes vs   691   283 K 1465      32K   783 5.83    5.74      932   689   51K   104 23.15   23.11  
c [branch] adjusting to: vmtf (from: vsid) var_decay:0.95 descr: VMTF
c [distill-long-red0] cls tried: 202/202 T: 0.02 T-out: N T-r: 99.30%
c [distill-long-red1] cls tried: 36/431 T: 0.01 T-out: Y T-r: -3.37%
c [impl-str] lit bin: 0 set-var: 0 T: 0.00 T-out: N T-r: 99.95% w-visit: 2934
c [impl-sub] bin: 0 T: 0.00 T-out: N w-visit: 2934
c rst  luby svd  vmt  692   283 K 1465      32K   783 5.83    5.74      935   705   51K   104 23.14   23.10  
c rst  luby svd  vmt  693   283 K 1465      32K   783 5.83    5.74      935   705   51K   104 23.15   23.11  
c rst  luby svd  vmt  694   283 K 1465      32K   783 5.83    5.74      935   707   51K   104 23.23   23.19  
c rst  luby svd  vmt  695   283 K 1465      32K   783 5.83    5.74      935   707   51K   104 23.26   23.22  
c rst  luby svd  vmt  696   284 K 1465      32K   783 5.83    5.74      935   709   51K   104 23.29   23.25  
c rst  luby svd  vmt  697   284 K 1465      32K   783 5.83    5.74      935   709   52K   104 23.33   23.29  
c rst  luby svd  vmt  698   284 K 1465      32K   783 5.83    5.74      935   712   52K   104 23.46   23.42  
c rst  luby svd  vmt  699   284 K 1465      32K   783 5.83    5.74      935   713   52K   104 23.50   23.46  
c rst  luby svd  vmt  700   284 K 1465      32K   783 5.83    5.74      935   713   52K   104 23.55   23.51  
c rst  luby svd  vmt  701   285 K 1465      32K   783 5.83    5.74      985  1094   37K   104 21.87   21.82  
c rst  luby svd  vmt  702   285 K 1465      32K   783 5.83    5.74      985  1094   37K   104 21.93   21.88  
c rst  luby svd  vmt  703   285 K 1465      32K   783 5.83    5.74      985  1099   37K   104 21.99   21.93  
c rst  luby svd  vmt  704   285 K 1465      32K   783 5.83    5.74      985  1099   37K   104 22.07   22.01  
c rst  luby svd  vmt  705   285 K 1465      32K   783 5.83    5.74      985  1099   38K   104 22.17   22.11  
c [full-probe]  bin_only: 0 set: 0 repl: 0 T: 0.00 T-out: N T-r: 98.50%
c rst  luby svd  vmt  706   286 K 1465      32K   783 5.83    5.74      985  1099   38K   104 22.20   22.15  
c rst  luby svd  vmt  707   286 K 1465      32K   783 5.83    5.74      985  1099   38K   104 22.22   22.16  
c rst  luby svd  vmt  708   286 K 1465      32K   783 5.83    5.74      985  1099   39K   104 22.21   22.16  
c rst  luby svd  vmt  709   287 K 1465      32K   783 5.83    5.74      985  1099   39K   104 22.23   22.18  
c rst  luby svd  vmt  710   287 K 1465      32K   783 5.83    5.74      985  1099   39K   104 22.24   22.19  
c rst  luby svd  vmt  711   287 K 1465      32K   783 5.83    5.74      985  1099   39K   104 22.27   22.22  
c rst  luby svd  vmt  712   287 K 1465      32K   783 5.83    5.74      985  1099   39K   104 22.31   22.26  
c rst  luby svd  vmt  713   287 K 1465      32K   783 5.83    5.74      985  1099   40K   104 22.41   22.36  
c rst  luby svd  vmt  714   288 K 1465      32K   783 5.83    5.74      985  1099   40K   104 22.44   22.39  
c rst  luby svd  vmt  715   288 K 1465      32K   783 5.83    5.74      985  1099   40K   104 22.47   22.42  
c rst  luby svd  vmt  716   288 K 1465      32K   783 5.83    5.74      985  1099   40K   104 22.46   22.41  
c rst  luby svd  vmt  717   288 K 1465      32K   783 5.83    5.74      985  1099   40K   104 22.49   22.44  
c rst  luby svd  vmt  718   288 K 1465      32K   783 5.83    5.74      985  1099   40K   104 22.49   22.44  
c rst  luby svd  vmt  719   288 K 1465      32K   783 5.83    5.74      985  1100   40K   104 22.51   22.46  
c rst  luby svd  vmt  720   289 K 1465      32K   783 5.83    5.74      985  1113   41K   104 22.57   22.52  
c rst  luby svd  vmt  721   289 K 1465      32K   783 5.83    5.74      985  1113   42K   104 22.74   22.69  
c rst  luby svd  vmt  722   291 K 1465      32K   783 5.83    5.74     1033  1060   43K   104 22.99   22.94  
c rst  geom best vmt  723   291 K 1465      32K   783 5.83    5.74     1033  1060   43K   104 22.99   22.94  
c rst  geom best vmt  724   291 K 1465      32K   783 5.83    5.74     1036  1072   43K   104 22.98   22.93  
c rst  geom best vmt  725   291 K 1465      32K   783 5.83    5.74     1036  1076   44K   104 22.98   22.93  
c rst  geom best vmt  726   292 K 1465      32K   783 5.83    5.74     1036  1077   44K   104 22.96   22.91  
c rst  geom best vmt  727   292 K 1465      32K   783 5.83    5.74     1036  1078   44K   104 22.95   22.90  
c rst  geom best vmt  728   292 K 1465      32K   783 5.83    5.74     1036  1079   44K   104 22.94   22.90  
c rst  geom best vmt  729   292 K 1465      32K   783 5.83    5.74     1036  1081   44K   104 22.94   22.89  
c rst  geom best vmt  730   292 K 1465      32K   783 5.83    5.74     1037  1084   44K   104 22.92   22.87  
c rst  geom best vmt  731   293 K 1465      32K   783 5.83    5.74     1037  1087   45K   104 22.91   22.87  
c rst  geom best vmt  732   293 K 1465      32K   783 5.83    5.74     1037  1088   45K   104 22.89   22.84  
c rst  geom best vmt  733   293 K 1465      32K   783 5.83    5.74     1037  1091   45K   104 22.88   22.83  
c rst  geom best vmt  734   293 K 1465      32K   783 5.83    5.74     1037  1093   46K   104 22.87   22.83  
c rst  geom best vmt  735   294 K 1465      32K   783 5.83    5.74     1037  1096   46K   104 22.85   22.80  
c rst  geom best vmt  736   294 K 1465      32K   783 5.83    5.74     1037  1098   46K   104 22.83   22.79  
c rst  geom best vmt  737   295 K 1465      32K   783 5.83    5.74     1037  1101   47K   104 22.78   22.73  
c rst  geom best vmt  738   295 K 1465      32K   783 5.83    5.74     1038  1105   47K   104 22.77   22.72  
c rst  geom best vmt  739   295 K 1465      32K   783 5.83    5.74     1038  1111   48K   104 22.75   22.71  
c rst  geom best vmt  740   296 K 1465      32K   783 5.83    5.74     1038  1114   48K   104 22.69   22.65  
c rst  geom best vmt  741   297 K 1465      32K   783 5.83    5.74     1039  1126   49K   104 22.65   22.60  
c rst  geom best vmt  742   297 K 1465      32K   783 5.83    5.74     1039  1127   49K   104 22.54   22.50  
c rst  geom best vmt  743   298 K 1465      32K   783 5.83    5.74     1039  1127   50K   104 22.51   22.47  
c rst  geom best vmt  744   299 K 1465      32K   783 5.83    5.74     1040  1136   51K   104 22.46   22.42  
c [distill-long-red0] cls tried: 86/86 T: 0.01 T-out: N T-r: 99.71%
c [distill-long-red1] cls tried: 24/815 T: 0.01 T-out: Y T-r: -8.45%
c rst  geom best vmt  745   300 K 1465      32K   783 5.83    5.74     1165  1282   37K   104 21.99   21.94  
c rst  geom stb  vmt  746   301 K 1465      32K   783 5.83    5.74     1165  1295   38K   104 22.03   21.98  
c [distill-bin] useful: 0/783/783 lits-rem: 0 cl-rem: 0 0-depth-assigns: 0 T: 0.00 T-out: N
c rst  geom stb  vmt  747   302 K 1465      32K   783 5.83    5.74     1166  1304   39K   104 22.10   22.05  
c rst  geom stb  vmt  748   303 K 1465      32K   783 5.83    5.74     1167  1318   40K   104 22.13   22.08  
c rst  geom stb  vmt  749   304 K 1465      32K   783 5.83    5.74     1168  1338   42K   104 22.23   22.19  
c rst  geom stb  vmt  750   305 K 1465      32K   783 5.83    5.74     1168  1371   43K   104 22.16   22.12  
c [full-probe]  bin_only: 1 set: 0 repl: 0 T: 0.00 T-out: N T-r: 99.82%
c [distill] watch-based irred--  cl tried 7324     cl-sh 0     cl-rem 0    lit-rem 0      T: 0.01 T-out: N
c [distill] watch-based red  --  cl tried 2336     cl-sh 17    cl-rem 0    lit-rem 44     T: 0.01 T-out: N
c rst  geom stb  vmt  751   307 K 1465      32K   783 5.83    5.74     1168  1388   45K   104 22.09   22.05  
c rst  geom stb  vmt  752   309 K 1465      32K   783 5.83    5.74     1169  1402   46K   104 22.16   22.12  
c rst  geom ibes vmt  753   311 K 1465      32K   783 5.83    5.74     1294  1303   48K   104 21.92   21.88  
c [ccnr] saving best assignment phase to stable_polar
c [ccnr] bumping based on clause weights
c [ccnr] Bumped vars: 104 bump type: 6
c [ccnr] time: 0.27
c rst  geom ibes vmt  754   313 K 1465      32K   783 5.83    5.74     1294  1320   50K   104 21.83   21.79  
c [gauss] XOR-encoding clauses are not detached, so no need to reattach them.
c [g 0] truth-find prop checks  : 2795K
c [g 0] -> of which prop        : 25.37 %
c [g 0] -> of which confl       :  1.11 %
c [g 0] elim called             : 529K
c [g 0] ---> which lead to prop : 31.23 %
c [g 0] ---> which lead to confl:  1.48 %
c [g 0] size: 53    x 466  
c [scc] new: 0 BP 0M T: 0.00
c [vrep] vars 0 lits 0 rem-bin-cls 0 rem-long-cls 0 BP 0M T: 0.00
c [intree] Set 0 vars hyper-added: 0 trans-irred: 0 trans-red: 0 T: 0.00 T-out: N T-r: -1.23%
c [find&init matx] performing matrix init
c [gauss] XOR-encoding clauses are not detached, so no need to reattach them.
c [xor-rem-unconnected] left with 923 xors from 923 non-empty xors T: 0.00
c [xor-together] xored together: 870 orig xors: 923 new xors: 53 T: 0.00
c [xor-rem-unconnected] left with 53 xors from 53 non-empty xors T: 0.00
c [xor-clean-equiv] removed equivalent xors: 0 left with: 53
c [matrix] unused xors from cleaning: 0
c [matrix] Good   matrix 0 53      x466    density:0.1510  xorlen avg: 70.38
c [matrix] Using 1 matrices recovered from 0 xors T: 0.00 T-out: N
c [g  <0] Disabling GJ-elim in this round.  Usefulness was: 18.3822%  over 83287 calls
c rst  geom ibes vmt  755   315 K 1465      32K   783 5.83    5.74     1343  1838   38K   104 21.42   21.37  
c [branch] adjusting to: vsid (from: vmtf) var_decay:0.95 descr: VSIDS
c [distill-long-red0] cls tried: 258/258 T: 0.03 T-out: N T-r: 98.70%
c [distill-long-red1] cls tried: 28/1502 T: 0.01 T-out: Y T-r: -2.37%
c rst  geom ibes vs   756   315 K 1465      32K   783 5.83    5.74     1343  1839   38K   104 21.37   21.32  
c rst  geom ibes vs   757   315 K 1465      32K   783 5.83    5.74     1343  1839   38K   104 21.35   21.30  
c rst  geom ibes vs   758   315 K 1465      32K   783 5.83    5.74     1343  1843   38K   104 21.34   21.29  
c rst  geom ibes vs   759   315 K 1465      32K   783 5.83    5.74     1343  1844   38K   104 21.35   21.31  
c rst  geom ibes vs   760   316 K 1465      32K   783 5.83    5.74     1343  1844   38K   104 21.32   21.27  
c rst  geom ibes vs   761   316 K 1465      32K   783 5.83    5.74     1343  1844   38K   104 21.28   21.23  
c rst  geom ibes vs   762   316 K 1465      32K   783 5.83    5.74     1343  1848   39K   104 21.28   21.23  
c rst  geom ibes vs   763   316 K 1465      32K   783 5.83    5.74     1343  1849   39K   104 21.27   21.22  
c rst  geom ibes vs   764   316 K 1465      32K   783 5.83    5.74     1343  1852   39K   104 21.30   21.25  
c rst  geom ibes vs   765   317 K 1465      32K   783 5.83    5.74     1343  1852   39K   104 21.24   21.20  
c rst  geom ibes vs   766   317 K 1465      32K   783 5.83    5.74     1343  1852   40K   104 21.22   21.18  
c rst  geom svd  vs   767   317 K 1465      32K   783 5.83    5.74     1343  1853   40K   104 21.19   21.14  
c rst  geom svd  vs   768   318 K 1465      32K   783 5.83    5.74     1343  1853   40K   104 21.28   21.23  
c rst  geom svd  vs   769   318 K 1465      32K   783 5.83    5.74     1343  1856   41K   104 21.25   21.21  
c rst  geom svd  vs   770   318 K 1465      32K   783 5.83    5.74     1343  1857   41K   104 21.22   21.17  
c rst  geom svd  vs   771   319 K 1465      32K   783 5.83    5.74     1343  1863   41K   104 21.23   21.19  
c rst  geom svd  vs   772   319 K 1465      32K   783 5.83    5.74     1343  1864   42K   104 21.22   21.17  
c rst  geom svd  vs   773   320 K 1465      32K   783 5.83    5.74     1414  1784   42K   104 21.26   21.21  
c rst  geom svd  vs   774   320 K 1465      32K   783 5.83    5.74     1414  1785   43K   104 21.27   21.23  
c rst  geom svd  vs   775   321 K 1465      32K   783 5.83    5.74     1414  1792   44K   104 21.27   21.23  
c [distill-bin] useful: 0/783/783 lits-rem: 0 cl-rem: 0 0-depth-assigns: 0 T: 0.00 T-out: N
c rst  geom svd  vs   776   322 K 1465      32K   783 5.83    5.74     1414  1796   44K   104 21.25   21.21  
c rst  geom svd  vs   777   323 K 1465      32K   783 5.83    5.74     1414  1800   45K   104 21.21   21.17  
c rst  geom svd  vs   778   324 K 1465      32K   783 5.83    5.74     1414  1807   46K   104 21.21   21.17  
c rst  geom svd  vs   779   324 K 1465      32K   783 5.83    5.74     1414  1812   47K   104 21.13   21.09  
c rst  geom svd  vs   780   326 K 1465      32K   783 5.83    5.74     1414  1816   48K   104 21.00   20.96  
c [full-probe]  bin_only: 0 set: 0 repl: 0 T: 0.00 T-out: N T-r: 98.19%
c rst  geom best vs   781   327 K 1465      32K   783 5.83    5.74     1414  1818   49K   104 20.95   20.91  
c rst  geom best vs   782   328 K 1465      32K   783 5.83    5.74     1414  1818   51K   104 20.88   20.85  
c rst  geom best vs   783   329 K 1465      32K   783 5.83    5.74     1414  1819   52K   104 20.80   20.77  
c rst  geom best vs   784   331 K 1465      32K   783 5.83    5.74     1487  2009   39K   104 18.93   18.89  
c [distill-long-red0] cls tried: 124/124 T: 0.02 T-out: N T-r: 99.25%
c [distill-long-red1] cls tried: 23/1692 T: 0.01 T-out: Y T-r: -5.40%
c [distill] watch-based irred--  cl tried 6932     cl-sh 0     cl-rem 0    lit-rem 0      T: 0.02 T-out: Y
c [distill] watch-based red  --  cl tried 2974     cl-sh 3     cl-rem 0    lit-rem 4      T: 0.01 T-out: N
c rst  geom best vs   785   333 K 1465      32K   783 5.83    5.74     1487  2021   40K   104 18.91   18.87  
c rst  geom best vs   786   334 K 1465      32K   783 5.83    5.74     1487  2033   42K   104 18.91   18.87  
c rst  geom stb  vs   787   337 K 1465      32K   783 5.83    5.74     1487  2042   44K   104 18.90   18.86  
c rst  geom stb  vs   788   339 K 1465      32K   783 5.83    5.74     1487  2054   47K   104 18.97   18.93  
c rst  geom stb  vs   789   341 K 1465      32K   783 5.83    5.74     1578  1940   49K   104 18.87   18.84  
c [distill-bin] useful: 0/783/783 lits-rem: 0 cl-rem: 0 0-depth-assigns: 0 T: 0.00 T-out: N
c rst  geom stb  vs   790   344 K 1465      32K   783 5.83    5.74     1578  1975   52K   104 19.11   19.08  
c [impl-str] lit bin: 0 set-var: 0 T: 0.00 T-out: N T-r: 99.95% w-visit: 2934
c [impl-sub] bin: 0 T: 0.00 T-out: N w-visit: 2934
c rst  geom ibes vs   791   347 K 1465      32K   783 5.83    5.74     1608  2488   40K   104 18.53   18.49  
c [distill-long-red0] cls tried: 104/104 T: 0.02 T-out: N T-r: 99.28%
c [distill-long-red1] cls tried: 27/2176 T: 0.01 T-out: Y T-r: -7.71%
c [full-probe]  bin_only: 1 set: 0 repl: 0 T: 0.00 T-out: N T-r: 99.82%
c rst  geom ibes vs   792   350 K 1465      32K   783 5.83    5.74     1858  2235   43K   104 18.51   18.48  
c rst  geom ibes vs   793   354 K 1465      32K   783 5.83    5.74     1858  2247   47K   104 18.19   18.16  
c [branch] adjusting to: vmtf (from: vsid) var_decay:0.95 descr: VMTF
c rst  luby svd  vmt  794   354 K 1465      32K   783 5.83    5.74     1858  2247   47K   104 18.20   18.17  
c rst  luby svd  vmt  795   354 K 1465      32K   783 5.83    5.74     1858  2247   47K   104 18.19   18.16  
c rst  luby svd  vmt  796   354 K 1465      32K   783 5.83    5.74     1858  2253   47K   104 18.23   18.20  
c rst  luby svd  vmt  797   354 K 1465      32K   783 5.83    5.74     1859  2254   47K   104 18.25   18.22  
c rst  luby svd  vmt  798   354 K 1465      32K   783 5.83    5.74     1859  2257   48K   104 18.25   18.22  
c rst  luby svd  vmt  799   355 K 1465      32K   783 5.83    5.74     1859  2260   48K   104 18.29   18.26  
c [ccnr] saving best assignment phase to stable_polar
c [ccnr] bumping based on var unsat frequency: conflict_ct
c [ccnr] Bumped vars: 1467 bump type: 6
c [ccnr] time: 0.27
c rst  luby svd  vmt  800   355 K 1465      32K   783 5.83    5.74     1887  2338   48K   106 18.36   18.33  
c rst  luby svd  vmt  801   355 K 1465      32K   783 5.83    5.74     1888  2345   48K   106 18.38   18.35  
c rst  luby svd  vmt  802   355 K 1465      32K   783 5.83    5.74     1888  2358   48K   106 18.42   18.39  
c rst  luby svd  vmt  803   355 K 1465      32K   783 5.83    5.74     1888  2369   48K   106 18.56   18.53  
c rst  luby svd  vmt  804   356 K 1465      32K   783 5.83    5.74     1888  2375   49K   106 18.60   18.57  
c rst  luby svd  vmt  805   356 K 1465      32K   783 5.83    5.74     1889  2384   49K   106 18.63   18.59  
c rst  luby svd  vmt  806   356 K 1465      32K   783 5.83    5.74     1891  2404   49K   106 18.69   18.66  
c [distill] watch-based irred--  cl tried 6136     cl-sh 0     cl-rem 0    lit-rem 0      T: 0.02 T-out: Y
c [distill] watch-based red  --  cl tried 3317     cl-sh 9     cl-rem 0    lit-rem 38     T: 0.01 T-out: Y
c rst  luby svd  vmt  807   356 K 1465      32K   783 5.83    5.74     1893  2436   49K   106 18.81   18.77  
c rst  luby svd  vmt  808   357 K 1465      32K   783 5.83    5.74     1898  2486   50K   106 19.02   18.99  
c rst  luby svd  vmt  809   357 K 1465      32K   783 5.83    5.74     1899  2499   50K   106 19.04   19.01  
c rst  luby svd  vmt  810   357 K 1465      32K   783 5.83    5.74     1901  2510   50K   106 19.08   19.04  
c rst  luby svd  vmt  811   358 K 1465      32K   783 5.83    5.74     1901  2529   50K   106 19.13   19.10  
c rst  luby svd  vmt  812   358 K 1465      32K   783 5.83    5.74     1901  2533   50K   106 19.16   19.12  
c rst  luby svd  vmt  813   358 K 1465      32K   783 5.83    5.74     1901  2542   50K   106 19.18   19.15  
c rst  luby svd  vmt  814   358 K 1465      32K   783 5.83    5.74     1901  2558   51K   106 19.25   19.22  
c rst  luby svd  vmt  815   358 K 1465      32K   783 5.83    5.74     1910  2582   51K   106 19.35   19.32  
c rst  luby svd  vmt  816   358 K 1465      32K   783 5.83    5.74     1910  2589   51K   106 19.37   19.34  
c rst  luby svd  vmt  817   359 K 1465      32K   783 5.83    5.74     1910  2591   51K   106 19.41   19.38  
c rst  luby svd  vmt  818   359 K 1465      32K   783 5.83    5.74     1911  2603   51K   106 19.44   19.41  
c rst  luby svd  vmt  819   359 K 1465      32K   783 5.83    5.74     1911  2608   52K   106 19.47   19.44  
c rst  luby svd  vmt  820   359 K 1465      32K   783 5.83    5.74     1913  2615   52K   106 19.49   19.46  
c rst  luby svd  vmt  821   359 K 1465      32K   783 5.83    5.74     1916  2625   52K   106 19.54   19.51  
c rst  luby svd  vmt  822   360 K 1465      32K   783 5.83    5.74     2265  3162   36K   106 19.62   19.58  
c rst  luby svd  vmt  823   360 K 1465      32K   783 5.83    5.74     2271  3190   37K   106 19.86   19.82  
c rst  luby svd  vmt  824   362 K 1465      32K   783 5.83    5.74     2280  3247   39K   106 20.41   20.36  
c [distill-bin] useful: 0/783/783 lits-rem: 0 cl-rem: 0 0-depth-assigns: 0 T: 0.00 T-out: N
c rst  luby svd  vmt  825   362 K 1465      32K   783 5.83    5.74     2280  3248   39K   106 20.43   20.39  
c [distill-long-red0] cls tried: 648/648 T: 0.06 T-out: N T-r: 97.17%
c [distill-long-red1] cls tried: 23/2955 T: 0.01 T-out: Y T-r: -4.24%
c rst  luby svd  vmt  826   362 K 1465      32K   783 5.83    5.74     2280  3253   39K   106 20.42   20.38  
c rst  luby svd  vmt  827   362 K 1465      32K   783 5.83    5.74     2281  3257   39K   106 20.45   20.41  
c rst  luby svd  vmt  828   362 K 1465      32K   783 5.83    5.74     2281  3260   39K   106 20.48   20.43  
c rst  luby svd  vmt  829   363 K 1465      32K   783 5.83    5.74     2281  3263   39K   106 20.53   20.48  
c rst  geom best vmt  830   363 K 1465      32K   783 5.83    5.74     2281  3267   39K   106 20.60   20.55  
c rst  geom best vmt  831   363 K 1465      32K   783 5.83    5.74     2282  3270   40K   106 20.64   20.60  
c rst  geom best vmt  832   363 K 1465      32K   783 5.83    5.74     2286  3303   40K   106 20.65   20.61  
c rst  geom best vmt  833   363 K 1465      32K   783 5.83    5.74     2286  3303   40K   106 20.67   20.62  
c rst  geom best vmt  834   363 K 1465      32K   783 5.83    5.74     2286  3306   40K   106 20.66   20.62  
c rst  geom best vmt  835   363 K 1465      32K   783 5.83    5.74     2286  3306   40K   106 20.64   20.60  
c rst  geom best vmt  836   364 K 1465      32K   783 5.83    5.74     2286  3307   40K   106 20.62   20.58  
c rst  geom best vmt  837   364 K 1465      32K   783 5.83    5.74     2286  3310   41K   106 20.64   20.60  
c rst  geom best vmt  838   364 K 1465      32K   783 5.83    5.74     2286  3310   41K   106 20.60   20.56  
c rst  geom best vmt  839   364 K 1465      32K   783 5.83    5.74     2286  3314   41K   106 20.61   20.57  
c rst  geom best vmt  840   365 K 1465      32K   783 5.83    5.74     2286  3318   41K   106 20.58   20.54  
c rst  geom best vmt  841   365 K 1465      32K   783 5.83    5.74     2286  3320   42K   106 20.55   20.51  
c rst  geom best vmt  842   365 K 1465      32K   783 5.83    5.74     2287  3326   42K   106 20.51   20.47  
c rst  geom best vmt  843   366 K 1465      32K   783 5.83    5.74     2287  3326   42K   106 20.48   20.44  
c rst  geom best vmt  844   366 K 1465      32K   783 5.83    5.74     2287  3328   43K   106 20.49   20.45  
c rst  geom best vmt  845   366 K 1465      32K   783 5.83    5.74     2287  3332   43K   106 20.49   20.45  
c rst  geom best vmt  846   367 K 1465      32K   783 5.83    5.74     2287  3333   44K   106 20.40   20.36  
c rst  geom best vmt  847   367 K 1465      32K   783 5.83    5.74     2287  3333   44K   106 20.34   20.30  
c [full-probe]  bin_only: 0 set: 0 repl: 0 T: 0.00 T-out: N T-r: 97.74%
c rst  geom best vmt  848   368 K 1465      32K   783 5.83    5.74     2287  3333   45K   106 20.25   20.21  
c rst  geom best vmt  849   369 K 1465      32K   783 5.83    5.74     2287  3335   46K   106 20.18   20.15  
c rst  geom best vmt  850   369 K 1465      32K   783 5.83    5.74     2287  3340   46K   106 20.13   20.09  
c rst  geom best vmt  851   370 K 1465      32K   783 5.83    5.74     2657  2901   47K   106 20.10   20.07  
c rst  geom best vmt  852   371 K 1465      32K   783 5.83    5.74     2657  2903   48K   106 20.10   20.07  
c rst  geom best vmt  853   372 K 1465      32K   783 5.83    5.74     2658  2908   49K   106 20.06   20.02  
c rst  geom stb  vmt  854   373 K 1465      32K   783 5.83    5.74     2658  2918   50K   106 20.00   19.97  
c rst  geom stb  vmt  855   374 K 1465      32K   783 5.83    5.74     2658  2922   51K   106 19.97   19.94  
c rst  geom stb  vmt  856   376 K 1465      32K   783 5.83    5.74     2964  3380   38K   106 20.34   20.30  
c rst  geom stb  vmt  857   377 K 1465      32K   783 5.83    5.74     2968  3400   39K   106 20.41   20.37  
c rst  geom stb  vmt  858   379 K 1465      32K   783 5.83    5.74     2968  3414   41K   106 20.54   20.50  
c [distill-long-red0] cls tried: 675/675 T: 0.04 T-out: N T-r: 98.40%
c [distill-long-red1] cls tried: 37/3129 T: 0.01 T-out: Y T-r: -0.88%
c [gauss] XOR-encoding clauses are not detached, so no need to reattach them.
c [g 0] truth-find prop checks  : 58K
c [g 0] -> of which prop        : 21.26 %
c [g 0] -> of which confl       :  0.99 %
c [g 0] elim called             : 12432
c [g 0] ---> which lead to prop : 17.91 %
c [g 0] ---> which lead to confl:  0.90 %
c [g 0] size: 53    x 466  
c [scc] new: 0 BP 0M T: 0.00
c [vrep] vars 0 lits 0 rem-bin-cls 0 rem-long-cls 0 BP 0M T: 0.00
c [intree] Set 0 vars hyper-added: 0 trans-irred: 0 trans-red: 0 T: 0.00 T-out: N T-r: -2.89%
c [find&init matx] performing matrix init
c [gauss] XOR-encoding clauses are not detached, so no need to reattach them.
c [xor-rem-unconnected] left with 923 xors from 923 non-empty xors T: 0.00
c [xor-together] xored together: 870 orig xors: 923 new xors: 53 T: 0.00
c [xor-rem-unconnected] left with 53 xors from 53 non-empty xors T: 0.00
c [xor-clean-equiv] removed equivalent xors: 0 left with: 53
c [matrix] unused xors from cleaning: 0
c [matrix] Good   matrix 0 53      x466    density:0.1510  xorlen avg: 70.38
c [matrix] Using 1 matrices recovered from 0 xors T: 0.00 T-out: N
c [g  <0] Disabling GJ-elim in this round.  Usefulness was: 18.4717%  over 72056 calls
c rst  geom stb  vmt  859   380 K 1465      32K   783 5.83    5.74     3176  3042   43K   106 20.44   20.40  
c rst  geom stb  vmt  860   382 K 1465      32K   783 5.83    5.74     3176  3053   45K   106 20.36   20.32  
c [distill-bin] useful: 0/783/783 lits-rem: 0 cl-rem: 0 0-depth-assigns: 0 T: 0.00 T-out: N
c [distill] watch-based irred--  cl tried 7063     cl-sh 0     cl-rem 0    lit-rem 0      T: 0.01 T-out: Y
c [distill] watch-based red  --  cl tried 5733     cl-sh 103   cl-rem 0    lit-rem 186    T: 0.01 T-out: Y
c rst  geom ibes vmt  861   384 K 1465      32K   783 5.83    5.74     3176  3079   47K   106 20.34   20.30  
c rst  geom ibes vmt  862   386 K 1465      32K   783 5.83    5.74     3176  3102   49K   106 20.23   20.20  
c rst  geom ibes vmt  863   389 K 1465      32K   783 5.83    5.74     3176  3123   51K   106 20.02   19.99  
c [full-probe]  bin_only: 1 set: 0 repl: 0 T: 0.00 T-out: N T-r: 99.69%
c rst  geom ibes vmt  864   392 K 1465      32K   783 5.83    5.74     3391  3458   40K   106 19.61   19.57  
c rst  geom svd  vmt  865   395 K 1465      32K   783 5.83    5.74     3391  3478   43K   106 19.45   19.41  
c [branch] adjusting to: vsid (from: vmtf) var_decay:0.95 descr: VSIDS
c [distill-long-red0] cls tried: 499/499 T: 0.06 T-out: N T-r: 97.58%
c [distill-long-red1] cls tried: 22/3212 T: 0.01 T-out: Y T-r: -5.46%
c rst  geom svd  vs   866   395 K 1465      32K   783 5.83    5.74     3391  3478   43K   106 19.42   19.38  
c rst  geom svd  vs   867   395 K 1465      32K   783 5.83    5.74     3391  3479   43K   106 19.42   19.39  
c rst  geom svd  vs   868   395 K 1465      32K   783 5.83    5.74     3392  3481   43K   106 19.42   19.38  
c rst  geom svd  vs   869   395 K 1465      32K   783 5.83    5.74     3392  3481   43K   106 19.41   19.37  
c rst  geom svd  vs   870   395 K 1465      32K   783 5.83    5.74     3392  3481   43K   106 19.41   19.37  
c rst  geom svd  vs   871   395 K 1465      32K   783 5.83    5.74     3392  3481   43K   106 19.43   19.39  
c rst  geom svd  vs   872   396 K 1465      32K   783 5.83    5.74     3393  3482   44K   106 19.50   19.46  
c rst  geom svd  vs   873   396 K 1465      32K   783 5.83    5.74     3393  3487   44K   106 19.52   19.48  
c rst  geom svd  vs   874   396 K 1465      32K   783 5.83    5.74     3393  3491   44K   106 19.52   19.49  
c rst  geom svd  vs   875   396 K 1465      32K   783 5.83    5.74     3393  3491   44K   106 19.54   19.51  
c rst  geom svd  vs   876   397 K 1465      32K   783 5.83    5.74     3393  3494   45K   106 19.56   19.53  
c rst  geom svd  vs   877   397 K 1465      32K   783 5.83    5.74     3393  3494   45K   106 19.54   19.50  
c rst  geom svd  vs   878   397 K 1465      32K   783 5.83    5.74     3393  3495   45K   106 19.52   19.48  
c rst  geom svd  vs   879   397 K 1465      32K   783 5.83    5.74     3393  3495   45K   106 19.52   19.48  
c recursive minimization cost OK: 603Kcost/(% lits removed)
c [gauss] XOR-encoding clauses are not detached, so no need to reattach them.
c [g 0] truth-find prop checks  : 51K
c [g 0] -> of which prop        : 18.81 %
c [g 0] -> of which confl       :  0.95 %
c [g 0] elim called             : 10839
c [g 0] ---> which lead to prop : 27.19 %
c [g 0] ---> which lead to confl:  1.70 %
c [g 0] size: 53    x 466  
c --> Executing strategy token: scc-vrepl
c [scc] new: 0 BP 0M T: 0.00
c --> Executing strategy token: sub-impl
c [impl-sub] bin: 2 T: 0.00 T-out: N w-visit: 2934
c --> Executing strategy token: breakid
c --> Executing OCC strategy token(s): 'occ-backw-sub-str,occ-clean-implicit,occ-bve,occ-bva,occ-ternary-res,occ-xor,'
c [occ] mem usage for occur 2      MB
c [occ] Linked in IRRED BIN by default: 783
c [occ] Linked in RED   BIN by default: 104
c [occ] mem usage for occur 0      MB
c Mem for watch alloc      : 12          MB (28.02     %)
c Mem for watch array      : 0           MB (0.15      %)
c --> Executing OCC strategy token: occ-backw-sub-str
c [occ-backw-sub-str-long-w-bins] subs: 0 str: 47 tried: 8693 0-depth ass: 0 T: 0.00 T-out: N T-r: 99.02%
c [occ-backw-sub-long-w-long] rem cl: 293 tried: 84933/84933 (100.0%) T: 0.03 T-out: N T-r: 71.51%
c [occ-backw-sub-str-long-w-long] sub: 5 str: 87 tried: 254799/84933 (300.0)  T: 0.20 T-out: N T-r: 49.32%
c --> Executing OCC strategy token: occ-clean-implicit
c --> Executing OCC strategy token: occ-bve
c [occ-empty-res] Empty resolvent elimed: 0 T: 0.00 T-out: N
c [occ-bve] iter v-elim 0
c cl_inc_rate=1.0, var_dec_rate=1.0 (grow=0)
c Reduced to 1465 vars, 33032 cls (grow=0)
c [occ-bve] iter v-elim 0
c cl_inc_rate=1.0, var_dec_rate=1.0 (grow=8)
c Reduced to 1465 vars, 33032 cls (grow=8)
c [occ-bve] iter v-elim 0
c cl_inc_rate=1.0, var_dec_rate=1.0 (grow=16)
c Reduced to 1465 vars, 33032 cls (grow=16)
c x n vars       : 1465
c #try to eliminate:  4395
c #var-elim        :     0
c #T-o: N
c #T-r: 99.99%
c #T  : 0.20
c [occur] 0.02 is overhead
c [occur] link-in T: 0.02 cleanup T: 0.00
c --> Executing OCC strategy token: occ-bva
c --> Executing OCC strategy token: occ-ternary-res
c [occ-ternary-res] Ternary res-tri: 0 res-bin: 0 sub: 0 str: 0 T: 0.00 T-out: N T-r: 99.79%
c --> Executing OCC strategy token: occ-xor
c [occ-xor] sort occur list T: 0.00
c [xor-clean-equiv] removed equivalent xors: 0 left with: 911
c [occ-xor] found    911 avg sz 5.9 min sz  4 max sz  6 T: 0.00 T-out: N T-r: 99.97%
c --> Executing strategy token: card-find
c --> Executing strategy token: cl-consolidate
c Not consolidating memory.
c --> Executing strategy token: scc-vrepl
c [scc] new: 0 BP 0M T: 0.00
c --> Executing strategy token: renumber
c --> Executing strategy token: bosphorus
c --> Executing strategy token: louvain-comms
c [consolidate] mini T: 0.00
c global_timeout_multiplier: 4.3923
c [branch] rebuilding order heap for all branchings. Current branching: vsid
c [find&init matx] performing matrix init
c [gauss] XOR-encoding clauses are not detached, so no need to reattach them.
c [xor-rem-unconnected] left with 911 xors from 911 non-empty xors T: 0.00
c [xor-together] xored together: 853 orig xors: 911 new xors: 58 T: 0.00
c [xor-rem-unconnected] left with 58 xors from 58 non-empty xors T: 0.00
c [xor-clean-equiv] removed equivalent xors: 0 left with: 58
c [matrix] unused xors from cleaning: 0
c [matrix] Good   matrix  0     58 x  481  density:0.1323  xorlen avg: 63.66
c [matrix] Using 1 matrices recovered from 0 xors T: 0.00 T-out: N
c rst  geom  svd   vs   880  398K    1465   32K   783    5.83    5.74  3245  3705   45K   104   19.57   19.53
c rst  geom  svd   vs   881  398K    1465   32K   783    5.83    5.74  3245  3710   46K   104   19.59   19.56
c [g  <0] Disabling GJ-elim in this round.  Usefulness was: 17.3549%  over 78658 calls
c rst  geom  svd   vs   882  399K    1465   32K   783    5.83    5.74  3247  3710   46K   104   19.59   19.55
c rst  geom  svd   vs   883  399K    1465   32K   783    5.83    5.74  3247  3716   47K   104   19.58   19.55
c [ccnr] saving best assignment phase to stable_polar
c [ccnr] bumping based on var unsat frequency: conflict_ct
c [ccnr] Bumped vars: 1467 bump type: 6
c [ccnr] time: 0.27
c rst  geom  svd   vs   884  400K    1465   32K   783    5.83    5.74  3266  3671   47K   104   19.58   19.54
c rst  geom  svd   vs   885  400K    1465   32K   783    5.83    5.74  3266  3676   48K   104   19.63   19.60
c rst  geom  svd   vs   886  401K    1465   32K   783    5.83    5.74  3266  3677   48K   104   19.61   19.58
c rst  geom best   vs   887  402K    1465   32K   783    5.83    5.74  3266  3683   49K   104   19.60   19.56
c rst  geom best   vs   888  402K    1465   32K   783    5.83    5.74  3266  3689   50K   104   19.55   19.52
c [distill-bin] useful: 0/783/783 lits-rem: 0 cl-rem: 0 0-depth-assigns: 0 T: 0.00 T-out: N
c rst  geom best   vs   889  403K    1465   32K   783    5.83    5.74  3266  3690   51K   104   19.45   19.42
c rst  geom best   vs   890  404K    1465   32K   783    5.83    5.74  3266  3694   52K   104   19.40   19.37
c [impl-str] lit bin: 0 set-var: 0 T: 0.00 T-out: N T-r: 99.95% w-visit: 2934
c [impl-sub] bin: 0 T: 0.00 T-out: N w-visit: 2934
c rst  geom best   vs   891  405K    1465   32K   783    5.83    5.74  3287  3927   38K   104   16.78   16.74
c rst  geom best   vs   892  406K    1465   32K   783    5.83    5.74  3287  3932   39K   104   16.83   16.79
c rst  geom best   vs   893  408K    1465   32K   783    5.83    5.74  3288  3949   41K   104   16.83   16.79
c [distill] watch-based irred--  cl tried     7697 cl-sh     0 cl-rem    0 lit-rem      0 T: 0.02 T-out: Y
c [distill] watch-based   red--  cl tried     5755 cl-sh    14 cl-rem    0 lit-rem     22 T: 0.01 T-out: Y
c rst  geom best   vs   894  409K    1465   32K   783    5.83    5.74  3288  3965   42K   104   16.95   16.92
c [full-probe]  bin_only: 0 set: 0 repl: 0 T: 0.00 T-out: N T-r: 98.43%
c rst  geom best   vs   895  411K    1465   32K   783    5.83    5.74  3377  3880   43K   104   16.96   16.93
c [distill-long-red0] cls tried: 269/269 T: 0.04 T-out: N T-r: 98.37%
c [distill-long-red1] cls tried: 27/3610 T: 0.01 T-out: Y T-r: -8.53%
c rst  geom  stb   vs   896  412K    1465   32K   783    5.83    5.74  3377  3883   45K   104   16.84   16.81
c rst  geom  stb   vs   897  414K    1465   32K   783    5.83    5.74  3377  3890   47K   104   16.83   16.81
c rst  geom  stb   vs   898  416K    1465   32K   783    5.83    5.74  3379  3916   49K   104   16.86   16.83
c rst  geom  stb   vs   899  418K    1465   32K   783    5.83    5.74  3379  3927   51K   104   16.82   16.80
c rst  geom  stb   vs   900  421K    1465   32K   783    5.83    5.74  3516  4244   39K   104   16.02   15.99
c rst  geom ibes   vs   901  424K    1465   32K   783    5.83    5.74  3516  4272   42K   104   15.77   15.74
c [distill-bin] useful: 0/783/783 lits-rem: 0 cl-rem: 0 0-depth-assigns: 0 T: 0.00 T-out: N
c rst  geom ibes   vs   902  427K    1465   32K   783    5.83    5.74  3517  4327   45K   104   16.32   16.29
c [distill-long-red0] cls tried: 138/138 T: 0.02 T-out: N T-r: 98.99%
c [distill-long-red1] cls tried: 24/4061 T: 0.01 T-out: Y T-r: -10.65%
c rst  geom ibes   vs   903  430K    1465   32K   783    5.83    5.74  3625  4092   48K   104   16.31   16.29
c [full-probe]  bin_only: 1 set: 0 repl: 0 T: 0.00 T-out: N T-r: 99.79%
c rst  geom ibes   vs   904  434K    1465   32K   783    5.83    5.74  3625  4134   52K   104   16.15   16.12
c [distill] watch-based irred--  cl tried     7066 cl-sh     0 cl-rem    0 lit-rem      0 T: 0.02 T-out: Y
c [distill] watch-based   red--  cl tried     5562 cl-sh     5 cl-rem    0 lit-rem      9 T: 0.02 T-out: Y
c rst  geom  svd   vs   905  438K    1465   32K   783    5.83    5.74  3649  4901   41K   104   15.67   15.64
c [branch] adjusting to: vmtf (from: vsid) var_decay:0.95 descr: VMTF
c rst  luby  svd  vmt   906  438K    1465   32K   783    5.83    5.74  3664  4920   41K   106   15.66   15.64
c rst  luby  svd  vmt   907  438K    1465   32K   783    5.83    5.74  3664  4933   41K   106   15.70   15.68
c rst  luby  svd  vmt   908  438K    1465   32K   783    5.83    5.74  3664  4939   41K   106   15.82   15.79
c rst  luby  svd  vmt   909  438K    1465   32K   783    5.83    5.74  3664  4943   41K   106   15.87   15.84
c rst  luby  svd  vmt   910  438K    1465   32K   783    5.83    5.74  3664  4947   41K   106   15.92   15.89
c rst  luby  svd  vmt   911  438K    1465   32K   783    5.83    5.74  3664  4947   42K   106   16.04   16.01
c rst  luby  svd  vmt   912  439K    1465   32K   783    5.83    5.74  3665  4958   42K   106   16.21   16.18
c rst  luby  svd  vmt   913  439K    1465   32K   783    5.83    5.74  3665  4963   42K   106   16.25   16.22
c rst  luby  svd  vmt   914  439K    1465   32K   783    5.83    5.74  3665  4968   42K   106   16.30   16.27
c rst  luby  svd  vmt   915  439K    1465   32K   783    5.83    5.74  3665  4975   42K   106   16.37   16.34
c rst  luby  svd  vmt   916  439K    1465   32K   783    5.83    5.74  3665  4982   42K   106   16.40   16.37
c rst  luby  svd  vmt   917  439K    1465   32K   783    5.83    5.74  3665  4985   43K   106   16.43   16.40
c rst  luby  svd  vmt   918  440K    1465   32K   783    5.83    5.74  3824  4728   43K   106   16.52   16.50
c rst  luby  svd  vmt   919  440K    1465   32K   783    5.83    5.74  3826  4743   43K   106   16.66   16.63
c rst  luby  svd  vmt   920  441K    1465   32K   783    5.83    5.74  3832  4767   44K   106   16.91   16.88
c rst  luby  svd  vmt   921  441K    1465   32K   783    5.83    5.74  3834  4768   44K   106   16.94   16.91
c rst  luby  svd  vmt   922  441K    1465   32K   783    5.83    5.74  3834  4772   44K   106   16.98   16.95
c rst  luby  svd  vmt   923  441K    1465   32K   783    5.83    5.74  3836  4781   44K   106   17.07   17.04
c rst  luby  svd  vmt   924  441K    1465   32K   783    5.83    5.74  3836  4786   45K   106   17.08   17.05
c rst  luby  svd  vmt   925  441K    1465   32K   783    5.83    5.74  3836  4789   45K   106   17.11   17.08
c rst  luby  svd  vmt   926  442K    1465   32K   783    5.83    5.74  3839  4802   45K   106   17.15   17.12
c rst  luby  svd  vmt   927  442K    1465   32K   783    5.83    5.74  3839  4812   45K   106   17.33   17.30
c [distill-long-red0] cls tried: 321/321 T: 0.05 T-out: N T-r: 97.90%
c [distill-long-red1] cls tried: 22/4557 T: 0.01 T-out: Y T-r: -4.88%
c rst  luby  svd  vmt   928  442K    1465   32K   783    5.83    5.74  3839  4816   45K   106   17.34   17.31
c rst  luby  svd  vmt   929  442K    1465   32K   783    5.83    5.74  3839  4823   45K   106   17.38   17.35
c rst  luby  svd  vmt   930  442K    1465   32K   783    5.83    5.74  3840  4830   46K   106   17.48   17.45
c rst  luby  svd  vmt   931  443K    1465   32K   783    5.83    5.74  3840  4831   46K   106   17.52   17.49
c rst  luby  svd  vmt   932  443K    1465   32K   783    5.83    5.74  3840  4833   46K   106   17.56   17.53
c rst  luby  svd  vmt   933  443K    1465   32K   783    5.83    5.74  3840  4837   46K   106   17.63   17.60
c rst  luby  svd  vmt   934  443K    1465   32K   783    5.83    5.74  3841  4845   46K   106   17.74   17.71
c [ccnr] saving best assignment phase to stable_polar
c [ccnr] bumping based on clause weights
c [ccnr] Bumped vars: 101 bump type: 6
c [ccnr] time: 0.26
c rst  geom best  vmt   935  443K    1465   32K   783    5.83    5.74  3841  4845   46K   106   17.75   17.72
c rst  geom best  vmt   936  443K    1465   32K   783    5.83    5.74  3841  4846   47K   106   17.74   17.71
c rst  geom best  vmt   937  444K    1465   32K   783    5.83    5.74  3843  4871   47K   106   17.73   17.71
c [gauss] XOR-encoding clauses are not detached, so no need to reattach them.
c [g 0] truth-find prop checks  : 55K
c [g 0] -> of which prop        : 19.40 %
c [g 0] -> of which confl       :  0.99 %
c [g 0] elim called             : 10756
c [g 0] ---> which lead to prop : 20.12 %
c [g 0] ---> which lead to confl:  0.89 %
c [g 0] size: 58    x 481  
c [scc] new: 0 BP 0M T: 0.00
c [vrep] vars 0 lits 0 rem-bin-cls 0 rem-long-cls 0 BP 0M T: 0.00
c [intree] Set 0 vars hyper-added: 0 trans-irred: 0 trans-red: 0 T: 0.01 T-out: N T-r: -1.64%
c [find&init matx] performing matrix init
c [gauss] XOR-encoding clauses are not detached, so no need to reattach them.
c [xor-rem-unconnected] left with 911 xors from 911 non-empty xors T: 0.00
c [xor-together] xored together: 853 orig xors: 911 new xors: 58 T: 0.00
c [xor-rem-unconnected] left with 58 xors from 58 non-empty xors T: 0.00
c [xor-clean-equiv] removed equivalent xors: 0 left with: 58
c [matrix] unused xors from cleaning: 0
c [matrix] Good   matrix 0 58      x481    density:0.1323  xorlen avg: 63.66
c [matrix] Using 1 matrices recovered from 0 xors T: 0.00 T-out: N
c rst  geom best vmt  938   444 K 1465      32K   783 5.83    5.74     3843  4878   47K   106 17.74   17.71  
c [distill-bin] useful: 0/783/783 lits-rem: 0 cl-rem: 0 0-depth-assigns: 0 T: 0.00 T-out: N
c rst  geom best vmt  939   444 K 1465      32K   783 5.83    5.74     3843  4885   47K   106 17.77   17.74  
c rst  geom best vmt  940   444 K 1465      32K   783 5.83    5.74     3843  4886   47K   106 17.76   17.73  
c rst  geom best vmt  941   444 K 1465      32K   783 5.83    5.74     3843  4889   47K   106 17.75   17.72  
c rst  geom best vmt  942   444 K 1465      32K   783 5.83    5.74     3843  4892   48K   106 17.76   17.73  
c [g  <0] Disabling GJ-elim in this round.  Usefulness was: 17.5899%  over 80859 calls
c rst  geom best vmt  943   445 K 1465      32K   783 5.83    5.74     3843  4894   48K   106 17.74   17.71  
c rst  geom best vmt  944   445 K 1465      32K   783 5.83    5.74     3843  4896   48K   106 17.74   17.71  
c rst  geom best vmt  945   445 K 1465      32K   783 5.83    5.74     3843  4897   48K   106 17.71   17.69  
c rst  geom best vmt  946   446 K 1465      32K   783 5.83    5.74     3843  4899   49K   106 17.68   17.65  
c rst  geom best vmt  947   446 K 1465      32K   783 5.83    5.74     3843  4901   49K   106 17.68   17.65  
c rst  geom best vmt  948   446 K 1465      32K   783 5.83    5.74     3844  4904   49K   106 17.67   17.64  
c rst  geom best vmt  949   447 K 1465      32K   783 5.83    5.74     3844  4907   50K   106 17.66   17.63  
c rst  geom best vmt  950   447 K 1465      32K   783 5.83    5.74     3845  4923   50K   106 17.70   17.67  
c rst  geom best vmt  951   448 K 1465      32K   783 5.83    5.74     3845  4942   51K   106 17.68   17.66  
c rst  geom best vmt  952   448 K 1465      32K   783 5.83    5.74     3845  4956   51K   106 17.65   17.62  
c rst  geom best vmt  953   449 K 1465      32K   783 5.83    5.74     3845  4962   52K   106 17.62   17.59  
c rst  geom best vmt  954   449 K 1465      32K   783 5.83    5.74     3846  4966   53K   106 17.57   17.54  
c rst  geom best vmt  955   450 K 1465      32K   783 5.83    5.74     4390  5291   37K   106 17.35   17.31  
c [full-probe]  bin_only: 0 set: 0 repl: 0 T: 0.00 T-out: N T-r: 98.18%
c rst  geom best vmt  956   451 K 1465      32K   783 5.83    5.74     4390  5317   38K   106 17.26   17.23  
c rst  geom best vmt  957   452 K 1465      32K   783 5.83    5.74     4390  5350   39K   106 17.18   17.14  
c rst  geom best vmt  958   453 K 1465      32K   783 5.83    5.74     4390  5364   40K   106 17.10   17.07  
c rst  geom stb  vmt  959   454 K 1465      32K   783 5.83    5.74     4390  5378   41K   106 17.11   17.08  
c rst  geom stb  vmt  960   455 K 1465      32K   783 5.83    5.74     4390  5378   42K   106 17.02   16.99  
c rst  geom stb  vmt  961   456 K 1465      32K   783 5.83    5.74     4390  5387   44K   106 16.96   16.93  
c rst  geom stb  vmt  962   458 K 1465      32K   783 5.83    5.74     4390  5392   45K   106 16.87   16.84  
c [distill-long-red0] cls tried: 545/545 T: 0.07 T-out: N T-r: 97.68%
c [distill-long-red1] cls tried: 25/5131 T: 0.02 T-out: Y T-r: -9.73%
c rst  geom stb  vmt  963   459 K 1465      32K   783 5.83    5.74     4391  5407   46K   106 16.75   16.72  
c [distill] watch-based irred--  cl tried 7518     cl-sh 0     cl-rem 0    lit-rem 0      T: 0.01 T-out: Y
c [distill] watch-based red  --  cl tried 6716     cl-sh 20    cl-rem 0    lit-rem 40     T: 0.02 T-out: Y
c rst  geom stb  vmt  964   461 K 1465      32K   783 5.83    5.74     4575  5118   48K   106 16.76   16.73  
c rst  geom stb  vmt  965   463 K 1465      32K   783 5.83    5.74     4575  5160   50K   106 16.74   16.71  
c rst  geom ibes vmt  966   465 K 1465      32K   783 5.83    5.74     4686  6290   37K   106 16.79   16.76  
c [distill-bin] useful: 0/783/783 lits-rem: 0 cl-rem: 0 0-depth-assigns: 0 T: 0.00 T-out: N
c [impl-str] lit bin: 0 set-var: 0 T: 0.00 T-out: N T-r: 99.96% w-visit: 2934
c [impl-sub] bin: 2 T: 0.00 T-out: N w-visit: 2934
c rst  geom ibes vmt  967   467 K 1465      32K   783 5.83    5.74     4686  6327   39K   104 16.56   16.53  
c rst  geom ibes vmt  968   470 K 1465      32K   783 5.83    5.74     4896  5987   42K   104 16.48   16.45  
c rst  geom ibes vmt  969   472 K 1465      32K   783 5.83    5.74     4896  6067   45K   104 16.22   16.19  
c [full-probe]  bin_only: 1 set: 0 repl: 0 T: 0.00 T-out: N T-r: 99.77%
c rst  geom ibes vmt  970   475 K 1465      32K   783 5.83    5.74     4897  6157   47K   104 16.09   16.07  
c [distill-long-red0] cls tried: 522/522 T: 0.09 T-out: N T-r: 96.24%
c [distill-long-red1] cls tried: 18/5920 T: 0.01 T-out: Y T-r: -5.05%
c rst  geom svd  vmt  971   479 K 1465      32K   783 5.83    5.74     4897  6201   51K   104 16.12   16.09  
c rst  geom svd  vmt  972   482 K 1465      32K   783 5.83    5.74     5094  7047   39K   104 15.10   15.08  
c rst  geom svd  vmt  973   486 K 1465      32K   783 5.83    5.74     5098  7251   43K   104 15.19   15.16  
c [distill-bin] useful: 0/783/783 lits-rem: 0 cl-rem: 0 0-depth-assigns: 0 T: 0.00 T-out: N
c [distill] watch-based irred--  cl tried 7603     cl-sh 0     cl-rem 0    lit-rem 0      T: 0.01 T-out: Y
c [distill] watch-based red  --  cl tried 6975     cl-sh 24    cl-rem 0    lit-rem 43     T: 0.02 T-out: Y
c rst  geom best vmt  974   491 K 1465      32K   783 5.83    5.74     5602  6462   48K   104 15.30   15.28  
c [branch] adjusting to: vsid (from: vmtf) var_decay:0.95 descr: VSIDS
c [distill-long-red0] cls tried: 705/705 T: 0.15 T-out: N T-r: 93.37%
c [distill-long-red1] cls tried: 22/6266 T: 0.01 T-out: Y T-r: -9.29%
c [ccnr] saving best assignment phase to stable_polar
c [ccnr] bumping based on var unsat frequency: conflict_ct
c [ccnr] Bumped vars: 1467 bump type: 6
c [ccnr] time: 0.26
c rst  geom best vs   975   491 K 1465      32K   783 5.83    5.74     5602  6462   48K   104 15.27   15.25  
c rst  geom best vs   976   491 K 1465      32K   783 5.83    5.74     5602  6463   48K   104 15.28   15.25  
c rst  geom best vs   977   491 K 1465      32K   783 5.83    5.74     5602  6464   48K   104 15.28   15.26  
c rst  geom best vs   978   491 K 1465      32K   783 5.83    5.74     5602  6466   48K   104 15.30   15.28  
c rst  geom best vs   979   491 K 1465      32K   783 5.83    5.74     5602  6467   49K   104 15.30   15.28  
c rst  geom best vs   980   491 K 1465      32K   783 5.83    5.74     5602  6468   49K   104 15.30   15.28  
c rst  geom best vs   981   492 K 1465      32K   783 5.83    5.74     5602  6469   49K   104 15.30   15.28  
c rst  geom best vs   982   492 K 1465      32K   783 5.83    5.74     5602  6470   49K   104 15.30   15.28  
c rst  geom best vs   983   492 K 1465      32K   783 5.83    5.74     5602  6471   49K   104 15.30   15.28  
c rst  geom best vs   984   492 K 1465      32K   783 5.83    5.74     5602  6471   50K   104 15.31   15.29  
c [full-probe]  bin_only: 0 set: 0 repl: 0 T: 0.00 T-out: N T-r: 97.93%
c rst  geom best vs   985   493 K 1465      32K   783 5.83    5.74     5602  6479   50K   104 15.30   15.28  
c rst  geom best vs   986   493 K 1465      32K   783 5.83    5.74     5602  6485   50K   104 15.28   15.26  
c rst  geom best vs   987   493 K 1465      32K   783 5.83    5.74     5602  6488   51K   104 15.28   15.26  
c rst  geom best vs   988   494 K 1465      32K   783 5.83    5.74     5602  6499   51K   104 15.28   15.26  
c rst  geom best vs   989   494 K 1465      32K   783 5.83    5.74     5603  6527   51K   104 15.26   15.24  
c rst  geom best vs   990   495 K 1465      32K   783 5.83    5.74     5603  6535   52K   104 15.28   15.25  
c rst  geom best vs   991   495 K 1465      32K   783 5.83    5.74     5748  7978   37K   104 14.25   14.23  
c rst  geom best vs   992   496 K 1465      32K   783 5.83    5.74     5748  7989   38K   104 14.27   14.24  
c rst  geom best vs   993   496 K 1465      32K   783 5.83    5.74     5748  8006   38K   104 14.23   14.21  
c rst  geom stb  vs   994   497 K 1465      32K   783 5.83    5.74     5748  8010   39K   104 14.23   14.21  
c rst  geom stb  vs   995   498 K 1465      32K   783 5.83    5.74     5748  8013   40K   104 14.23   14.20  
c rst  geom stb  vs   996   498 K 1465      32K   783 5.83    5.74     5748  8023   40K   104 14.29   14.27  
c rst  geom stb  vs   997   499 K 1465      32K   783 5.83    5.74     5748  8029   41K   104 14.32   14.29  
c rst  geom stb  vs   998   500 K 1465      32K   783 5.83    5.74     5962  7518   42K   104 14.34   14.32  
c rst  geom stb  vs   999   501 K 1465      32K   783 5.83    5.74     5962  7537   43K   104 14.39   14.37  
c rst  geom stb  vs   1000  502 K 1465      32K   783 5.83    5.74     5962  7539   45K   104 14.45   14.43  
c rst  geom stb  vs   1001  504 K 1465      32K   783 5.83    5.74     5962  7547   46K   104 14.51   14.49  
c rst  geom stb  vs   1002  505 K 1465      32K   783 5.83    5.74     5962  7562   47K   104 14.53   14.51  
c rst  geom stb  vs   1003  507 K 1465      32K   783 5.83    5.74     5962  7592   49K   104 14.53   14.51  
c [distill-long-red0] cls tried: 352/352 T: 0.09 T-out: N T-r: 96.06%
c [distill-long-red1] cls tried: 18/7396 T: 0.01 T-out: Y T-r: -9.69%
c [distill-bin] useful: 0/783/783 lits-rem: 0 cl-rem: 0 0-depth-assigns: 0 T: 0.00 T-out: N
c rst  geom ibes vs   1004  508 K 1465      32K   783 5.83    5.74     5966  7954   50K   104 14.41   14.39  
c rst  geom ibes vs   1005  510 K 1465      32K   783 5.83    5.74     6249  8752   37K   104 14.08   14.05  
c [gauss] XOR-encoding clauses are not detached, so no need to reattach them.
c [g 0] truth-find prop checks  : 57K
c [g 0] -> of which prop        : 19.30 %
c [g 0] -> of which confl       :  0.93 %
c [g 0] elim called             : 11127
c [g 0] ---> which lead to prop : 22.32 %
c [g 0] ---> which lead to confl:  0.85 %
c [g 0] size: 58    x 481  
c [scc] new: 0 BP 0M T: 0.00
c [vrep] vars 0 lits 0 rem-bin-cls 0 rem-long-cls 0 BP 0M T: 0.00
c [intree] Set 0 vars hyper-added: 0 trans-irred: 0 trans-red: 0 T: 0.00 T-out: N T-r: -5.25%
c [find&init matx] performing matrix init
c [gauss] XOR-encoding clauses are not detached, so no need to reattach them.
c [xor-rem-unconnected] left with 911 xors from 911 non-empty xors T: 0.00
c [xor-together] xored together: 853 orig xors: 911 new xors: 58 T: 0.00
c [xor-rem-unconnected] left with 58 xors from 58 non-empty xors T: 0.00
c [xor-clean-equiv] removed equivalent xors: 0 left with: 58
c [matrix] unused xors from cleaning: 0
c [matrix] Good   matrix 0 58      x481    density:0.1323  xorlen avg: 63.66
c [matrix] Using 1 matrices recovered from 0 xors T: 0.00 T-out: N
c [g  <0] Disabling GJ-elim in this round.  Usefulness was: 17.9671%  over 83959 calls
c rst  geom ibes vs   1006  512 K 1465      32K   783 5.83    5.74     6249  8907   39K   104 13.95   13.93  
c [distill] watch-based irred--  cl tried 7567     cl-sh 0     cl-rem 0    lit-rem 0      T: 0.01 T-out: Y
c [distill] watch-based red  --  cl tried 5629     cl-sh 8     cl-rem 0    lit-rem 13     T: 0.02 T-out: Y
c rst  geom ibes vs   1007  514 K 1465      32K   783 5.83    5.74     6251  9130   41K   104 13.92   13.90  
c [full-probe]  bin_only: 1 set: 0 repl: 0 T: 0.01 T-out: N T-r: 99.78%
c rst  geom ibes vs   1008  517 K 1465      32K   783 5.83    5.74     6251  9224   44K   104 13.98   13.96  
c rst  geom svd  vs   1009  520 K 1465      32K   783 5.83    5.74     6479  8760   47K   104 13.89   13.87  
c rst  geom svd  vs   1010  523 K 1465      32K   783 5.83    5.74     6482  8893   49K   104 13.94   13.92  
c [distill-long-red0] cls tried: 522/522 T: 0.13 T-out: N T-r: 94.19%
c [distill-long-red1] cls tried: 18/8715 T: 0.01 T-out: Y T-r: -10.12%
c rst  geom svd  vs   1011  526 K 1465      32K   783 5.83    5.74     6545 10960   37K   104 13.29   13.27  
c [impl-str] lit bin: 0 set-var: 0 T: 0.00 T-out: N T-r: 99.96% w-visit: 2934
c [impl-sub] bin: 0 T: 0.00 T-out: N w-visit: 2934
c rst  geom svd  vs   1012  530 K 1465      32K   783 5.83    5.74     6793 10362   41K   104 13.46   13.44  
c [distill-bin] useful: 0/783/783 lits-rem: 0 cl-rem: 0 0-depth-assigns: 0 T: 0.00 T-out: N
c rst  geom best vs   1013  534 K 1465      32K   783 5.83    5.74     6794 10727   45K   104 13.37   13.35  
c rst  geom best vs   1014  538 K 1465      32K   783 5.83    5.74     6798 11288   48K   104 13.33   13.31  
c [distill-long-red0] cls tried: 313/313 T: 0.08 T-out: N T-r: 96.53%
c [distill-long-red1] cls tried: 18/11100 T: 0.01 T-out: Y T-r: -14.11%
c [full-probe]  bin_only: 0 set: 0 repl: 0 T: 0.00 T-out: N T-r: 98.04%
c [distill] watch-based irred--  cl tried 6556     cl-sh 0     cl-rem 0    lit-rem 0      T: 0.02 T-out: Y
c [distill] watch-based red  --  cl tried 4009     cl-sh 4     cl-rem 0    lit-rem 10     T: 0.02 T-out: Y
c [ccnr] saving best assignment phase to stable_polar
c [ccnr] bumping based on var unsat frequency: conflict_ct
c [ccnr] Bumped vars: 1467 bump type: 6
c [ccnr] time: 0.26
c rst  geom best vs   1015  543 K 1464      32K   783 5.83    5.74     7309 13672   37K   116 12.53   12.51  
c [branch] adjusting to: vmtf (from: vsid) var_decay:0.95 descr: VMTF
c rst  luby stb  vmt  1016  543 K 1464      32K   783 5.83    5.74     7315 13678   37K   117 12.56   12.54  
c rst  luby stb  vmt  1017  543 K 1464      32K   783 5.83    5.74     7315 13686   37K   117 12.62   12.60  
c rst  luby stb  vmt  1018  543 K 1464      32K   783 5.83    5.74     7315 13703   37K   117 12.70   12.68  
c rst  luby stb  vmt  1019  543 K 1464      32K   783 5.83    5.74     7315 13708   37K   117 12.75   12.73  
c rst  luby stb  vmt  1020  543 K 1464      32K   783 5.83    5.74     7316 13713   37K   118 12.80   12.78  
c rst  luby stb  vmt  1021  544 K 1464      32K   783 5.83    5.74     7317 13718   37K   118 12.89   12.87  
c rst  luby stb  vmt  1022  544 K 1464      32K   783 5.83    5.74     7317 13723   38K   118 13.08   13.06  
c rst  luby stb  vmt  1023  544 K 1464      32K   783 5.83    5.74     7317 13723   38K   118 13.11   13.09  
c rst  luby stb  vmt  1024  544 K 1464      32K   783 5.83    5.74     7317 13726   38K   118 13.15   13.13  
c rst  luby stb  vmt  1025  544 K 1464      32K   783 5.83    5.74     7317 13728   38K   118 13.22   13.20  
c rst  luby stb  vmt  1026  544 K 1464      32K   783 5.83    5.74     7317 13729   38K   118 13.26   13.24  
c rst  luby stb  vmt  1027  545 K 1464      32K   783 5.83    5.74     7317 13732   38K   118 13.30   13.27  
c rst  luby stb  vmt  1028  545 K 1464      32K   783 5.83    5.74     7317 13735   38K   118 13.38   13.36  
c rst  luby stb  vmt  1029  545 K 1464      32K   783 5.83    5.74     7318 13757   39K   118 13.49   13.47  
c rst  luby stb  vmt  1030  546 K 1464      32K   783 5.83    5.74     7319 13790   40K   118 13.74   13.72  
c rst  luby stb  vmt  1031  546 K 1464      32K   783 5.83    5.74     7319 13791   40K   118 13.78   13.76  
c rst  luby stb  vmt  1032  546 K 1464      32K   783 5.83    5.74     7319 13792   40K   118 13.81   13.79  
c rst  luby stb  vmt  1033  546 K 1464      32K   783 5.83    5.74     7320 13799   40K   118 13.87   13.85  
c rst  luby stb  vmt  1034  547 K 1464      32K   783 5.83    5.74     7321 13801   40K   118 13.92   13.90  
c rst  luby stb  vmt  1035  547 K 1464      32K   783 5.83    5.74     7321 13801   40K   118 13.95   13.92  
c rst  luby stb  vmt  1036  547 K 1464      32K   783 5.83    5.74     7322 13809   40K   118 14.01   13.98  
c rst  luby stb  vmt  1037  547 K 1464      32K   783 5.83    5.74     7322 13816   41K   118 14.17   14.15  
c rst  luby stb  vmt  1038  547 K 1464      32K   783 5.83    5.74     7322 13823   41K   118 14.20   14.18  
c rst  luby stb  vmt  1039  547 K 1464      32K   783 5.83    5.74     7322 13829   41K   118 14.24   14.22  
c rst  luby stb  vmt  1040  548 K 1464      32K   783 5.83    5.74     7322 13833   41K   118 14.31   14.29  
c rst  luby stb  vmt  1041  548 K 1464      32K   783 5.83    5.74     7323 13837   41K   118 14.35   14.33  
c rst  luby stb  vmt  1042  548 K 1464      32K   783 5.83    5.74     7323 13841   41K   118 14.39   14.36  
c rst  luby stb  vmt  1043  548 K 1464      32K   783 5.83    5.74     7323 13843   42K   118 14.46   14.44  
c rst  luby stb  vmt  1044  548 K 1464      32K   783 5.83    5.74     7324 13859   42K   118 14.59   14.57  
c rst  luby stb  vmt  1045  549 K 1464      32K   783 5.83    5.74     7325 13878   43K   118 14.88   14.85  
c rst  luby stb  vmt  1046  551 K 1464      32K   783 5.83    5.74     7693 12781   45K   118 15.49   15.46  
c [distill-bin] useful: 0/783/783 lits-rem: 0 cl-rem: 0 0-depth-assigns: 0 T: 0.00 T-out: N
c rst  luby stb  vmt  1047  551 K 1464      32K   783 5.83    5.74     7693 12782   45K   118 15.52   15.50  
c rst  luby stb  vmt  1048  551 K 1464      32K   783 5.83    5.74     7693 12784   45K   118 15.55   15.53  
c rst  luby stb  vmt  1049  551 K 1464      32K   783 5.83    5.74     7693 12785   46K   118 15.62   15.60  
c rst  luby stb  vmt  1050  551 K 1464      32K   783 5.83    5.74     7693 12786   46K   118 15.66   15.63  
c rst  luby stb  vmt  1051  551 K 1464      32K   783 5.83    5.74     7693 12789   46K   118 15.69   15.66  
c rst  luby stb  vmt  1052  552 K 1464      32K   783 5.83    5.74     7694 12794   46K   118 15.73   15.71  
c rst  luby stb  vmt  1053  552 K 1464      32K   783 5.83    5.74     7696 12801   46K   118 15.85   15.82  
c rst  luby stb  vmt  1054  552 K 1464      32K   783 5.83    5.74     7696 12802   46K   118 15.88   15.86  
c rst  luby stb  vmt  1055  552 K 1464      32K   783 5.83    5.74     7696 12804   46K   118 15.91   15.88  
c rst  luby stb  vmt  1056  552 K 1464      32K   783 5.83    5.74     7696 12810   47K   118 15.98   15.96  
c rst  luby stb  vmt  1057  553 K 1464      32K   783 5.83    5.74     7696 12813   47K   118 16.01   15.98  
c rst  luby stb  vmt  1058  553 K 1464      32K   783 5.83    5.74     7696 12815   47K   118 16.06   16.04  
c rst  luby stb  vmt  1059  553 K 1464      32K   783 5.83    5.74     7696 12816   47K   118 16.11   16.08  
c rst  luby stb  vmt  1060  553 K 1464      32K   783 5.83    5.74     7696 12829   47K   118 16.24   16.21  
c [distill-long-red0] cls tried: 578/578 T: 0.07 T-out: N T-r: 96.99%
c [distill-long-red1] cls tried: 25/8784 T: 0.01 T-out: Y T-r: -9.48%
c rst  luby stb  vmt  1061  554 K 1464      32K   783 5.83    5.74     7608 12837   48K   207 16.47   16.43  
c rst  luby ibes vmt  1062  554 K 1464      32K   783 5.83    5.74     7608 12838   48K   207 16.54   16.49  
c rst  luby ibes vmt  1063  554 K 1464      32K   783 5.83    5.74     7608 12842   48K   207 16.56   16.52  
c rst  luby ibes vmt  1064  554 K 1464      32K   783 5.83    5.74     7608 12847   49K   207 16.61   16.57  
c rst  luby ibes vmt  1065  555 K 1464      32K   783 5.83    5.74     7675 13816   35K   207 17.12   17.06  
c rst  luby ibes vmt  1066  555 K 1464      32K   783 5.83    5.74     7675 13819   35K   207 17.15   17.09  
c rst  luby ibes vmt  1067  555 K 1464      32K   783 5.83    5.74     7675 13831   35K   207 17.18   17.13  
c rst  luby ibes vmt  1068  555 K 1464      32K   783 5.83    5.74     7676 13836   36K   207 17.29   17.24  
c rst  luby ibes vmt  1069  555 K 1464      32K   783 5.83    5.74     7677 13838   36K   207 17.32   17.26  
c rst  luby ibes vmt  1070  555 K 1464      32K   783 5.83    5.74     7677 13839   36K   207 17.34   17.28  
c rst  luby ibes vmt  1071  556 K 1464      32K   783 5.83    5.74     7677 13843   36K   207 17.41   17.36  
c rst  luby ibes vmt  1072  556 K 1464      32K   783 5.83    5.74     7678 13846   36K   207 17.46   17.40  
c rst  luby ibes vmt  1073  556 K 1464      32K   783 5.83    5.74     7678 13849   36K   207 17.48   17.42  
c rst  luby ibes vmt  1074  556 K 1464      32K   783 5.83    5.74     7680 13853   37K   207 17.58   17.53  
c rst  luby ibes vmt  1075  556 K 1464      32K   783 5.83    5.74     7680 13862   37K   207 17.71   17.65  
c rst  luby ibes vmt  1076  557 K 1464      32K   783 5.83    5.74     7682 13885   38K   207 17.84   17.79  
c rst  luby ibes vmt  1077  559 K 1464      32K   783 5.83    5.74     7686 13900   39K   207 18.28   18.22  
c [full-probe]  bin_only: 1 set: 0 repl: 0 T: 0.00 T-out: N T-r: 99.80%
c rst  luby ibes vmt  1078  562 K 1464      32K   783 5.83    5.74     7867 12963   43K   207 19.40   19.34  
c rst  luby ibes vmt  1079  562 K 1464      32K   783 5.83    5.74     7867 12965   43K   207 19.41   19.36  
c rst  luby ibes vmt  1080  562 K 1464      32K   783 5.83    5.74     7867 12969   44K   207 19.44   19.38  
c rst  luby ibes vmt  1081  562 K 1464      32K   783 5.83    5.74     7867 12970   44K   207 19.49   19.43  
c rst  luby ibes vmt  1082  563 K 1464      32K   783 5.83    5.74     7867 12970   44K   207 19.51   19.45  
c rst  luby ibes vmt  1083  563 K 1464      32K   783 5.83    5.74     7867 12971   44K   207 19.53   19.47  
c rst  luby ibes vmt  1084  563 K 1464      32K   783 5.83    5.74     7869 12979   44K   207 19.59   19.53  
c rst  luby ibes vmt  1085  563 K 1464      32K   783 5.83    5.74     7871 12989   45K   207 19.66   19.61  
c [distill] watch-based irred--  cl tried 7404     cl-sh 28    cl-rem 46   lit-rem 28     T: 0.01 T-out: N
c [distill] watch-based red  --  cl tried 8585     cl-sh 209   cl-rem 180  lit-rem 329    T: 0.02 T-out: Y
c rst  luby ibes vmt  1086  563 K 1464      31K   784 5.83    5.74     6058  9059   40K   195 21.14   21.07  
c rst  luby ibes vmt  1087  563 K 1464      31K   784 5.83    5.74     6058  9060   40K   195 21.16   21.10  
c rst  luby ibes vmt  1088  564 K 1464      31K   784 5.83    5.74     6059  9065   40K   195 21.19   21.13  
c rst  luby ibes vmt  1089  564 K 1464      31K   784 5.83    5.74     6059  9066   41K   195 21.22   21.15  
c rst  luby ibes vmt  1090  564 K 1464      31K   784 5.83    5.74     6059  9067   41K   195 21.23   21.17  
c rst  luby ibes vmt  1091  564 K 1464      31K   784 5.83    5.74     6059  9071   41K   195 21.27   21.20  
c rst  luby ibes vmt  1092  564 K 1464      31K   784 5.83    5.74     6059  9081   41K   195 21.32   21.26  
c rst  luby ibes vmt  1093  565 K 1464      31K   784 5.83    5.74     6060  9093   42K   195 21.56   21.49  
c rst  luby svd  vmt  1094  565 K 1464      31K   784 5.83    5.74     6060  9096   42K   195 21.59   21.52  
c rst  luby svd  vmt  1095  566 K 1464      31K   784 5.83    5.74     6060  9099   42K   195 21.62   21.55  
c rst  luby svd  vmt  1096  566 K 1464      31K   784 5.83    5.74     6062  9164   42K   195 21.60   21.53  
c rst  luby svd  vmt  1097  566 K 1464      31K   784 5.83    5.74     6062  9166   42K   195 21.59   21.52  
c rst  luby svd  vmt  1098  566 K 1464      31K   784 5.83    5.74     6062  9166   43K   195 21.57   21.51  
c rst  luby svd  vmt  1099  566 K 1464      31K   784 5.83    5.74     6062  9168   43K   195 21.54   21.48  
c rst  luby svd  vmt  1100  567 K 1464      31K   784 5.83    5.74     6064  9171   43K   195 21.49   21.42  
c rst  luby svd  vmt  1101  567 K 1464      31K   784 5.83    5.74     6064  9172   43K   195 21.47   21.41  
c rst  luby svd  vmt  1102  567 K 1464      31K   784 5.83    5.74     6064  9172   43K   195 21.47   21.40  
c rst  luby svd  vmt  1103  567 K 1464      31K   784 5.83    5.74     6064  9173   44K   195 21.45   21.38  
c rst  luby svd  vmt  1104  567 K 1464      31K   784 5.83    5.74     6064  9173   44K   195 21.44   21.37  
c rst  luby svd  vmt  1105  567 K 1464      31K   784 5.83    5.74     6064  9175   44K   195 21.42   21.36  
c rst  luby svd  vmt  1106  567 K 1464      31K   784 5.83    5.74     6064  9177   44K   195 21.43   21.37  
c rst  luby svd  vmt  1107  568 K 1464      31K   784 5.83    5.74     6064  9180   44K   195 21.41   21.35  
c rst  luby svd  vmt  1108  569 K 1464      31K   784 5.83    5.74     6065  9182   45K   195 21.30   21.23  
c [distill-long-red0] cls tried: 405/405 T: 0.04 T-out: N T-r: 98.61%
c [distill-long-red1] cls tried: 29/9037 T: 0.01 T-out: Y T-r: -7.97%
c rst  luby svd  vmt  1109  570 K 1464      31K   784 5.83    5.74     6781  9123   35K   196 22.48   22.40  
c rst  luby svd  vmt  1110  570 K 1464      31K   784 5.83    5.74     6782  9126   35K   196 22.46   22.38  
c rst  luby svd  vmt  1111  570 K 1464      31K   784 5.83    5.74     6782  9126   35K   196 22.44   22.36  
c rst  luby svd  vmt  1112  571 K 1464      31K   784 5.83    5.74     6782  9126   36K   196 22.40   22.33  
c rst  luby svd  vmt  1113  571 K 1464      31K   784 5.83    5.74     6782  9126   36K   196 22.39   22.31  
c rst  luby svd  vmt  1114  571 K 1464      31K   784 5.83    5.74     6782  9127   36K   196 22.39   22.31  
c rst  luby svd  vmt  1115  571 K 1464      31K   784 5.83    5.74     6782  9129   36K   196 22.36   22.28  
c [distill-bin] useful: 0/784/784 lits-rem: 0 cl-rem: 0 0-depth-assigns: 0 T: 0.00 T-out: N
c rst  luby svd  vmt  1116  571 K 1464      31K   784 5.83    5.74     6782  9133   36K   196 22.36   22.29  
c rst  luby svd  vmt  1117  571 K 1464      31K   784 5.83    5.74     6782  9133   37K   196 22.34   22.27  
c rst  luby svd  vmt  1118  572 K 1464      31K   784 5.83    5.74     6782  9133   37K   196 22.32   22.25  
c rst  luby svd  vmt  1119  572 K 1464      31K   784 5.83    5.74     6782  9134   37K   196 22.29   22.21  
c rst  luby svd  vmt  1120  572 K 1464      31K   784 5.83    5.74     6782  9134   37K   196 22.27   22.20  
c rst  luby svd  vmt  1121  572 K 1464      31K   784 5.83    5.74     6782  9134   37K   196 22.26   22.18  
c rst  luby svd  vmt  1122  572 K 1464      31K   784 5.83    5.74     6782  9143   37K   196 22.23   22.15  
c rst  luby svd  vmt  1123  573 K 1464      31K   784 5.83    5.74     6784  9271   38K   196 22.14   22.06  
c rst  luby svd  vmt  1124  573 K 1464      31K   784 5.83    5.74     6785  9278   38K   196 21.99   21.92  
c rst  luby svd  vmt  1125  573 K 1464      31K   784 5.83    5.74     6785  9278   38K   196 21.98   21.91  
c rst  luby svd  vmt  1126  574 K 1464      31K   784 5.83    5.74     6785  9278   39K   196 21.97   21.90  
c rst  luby svd  vmt  1127  574 K 1464      31K   784 5.83    5.74     6785  9285   39K   196 21.94   21.87  
c rst  luby svd  vmt  1128  574 K 1464      31K   784 5.83    5.74     6785  9285   39K   196 21.92   21.85  
c rst  luby svd  vmt  1129  574 K 1464      31K   784 5.83    5.74     6785  9287   39K   196 21.91   21.84  
c rst  luby svd  vmt  1130  574 K 1464      31K   784 5.83    5.74     6785  9288   39K   196 21.87   21.80  
c rst  luby svd  vmt  1131  575 K 1464      31K   784 5.83    5.74     6785  9309   40K   196 21.82   21.75  
c rst  luby svd  vmt  1132  575 K 1464      31K   784 5.83    5.74     6786  9317   40K   196 21.80   21.73  
c rst  luby svd  vmt  1133  575 K 1464      31K   784 5.83    5.74     6786  9317   40K   196 21.78   21.71  
c rst  luby svd  vmt  1134  575 K 1464      31K   784 5.83    5.74     6786  9324   40K   196 21.77   21.71  
c rst  luby svd  vmt  1135  575 K 1464      31K   784 5.83    5.74     6786  9326   40K   196 21.76   21.69  
c rst  luby svd  vmt  1136  575 K 1464      31K   784 5.83    5.74     6786  9326   40K   196 21.74   21.67  
c [gauss] XOR-encoding clauses are not detached, so no need to reattach them.
c [g 0] truth-find prop checks  : 60K
c [g 0] -> of which prop        : 19.88 %
c [g 0] -> of which confl       :  1.01 %
c [g 0] elim called             : 11335
c [g 0] ---> which lead to prop : 21.31 %
c [g 0] ---> which lead to confl:  0.82 %
c [g 0] size: 58    x 481  
c [scc] new: 0 BP 0M T: 0.00
c [vrep] vars 0 lits 0 rem-bin-cls 0 rem-long-cls 0 BP 0M T: 0.00
c [intree] Set 0 vars hyper-added: 6 trans-irred: 0 trans-red: 0 T: 0.01 T-out: N T-r: -4.07%
c [find&init matx] performing matrix init
c [gauss] XOR-encoding clauses are not detached, so no need to reattach them.
c [xor-rem-unconnected] left with 911 xors from 911 non-empty xors T: 0.00
c [xor-together] xored together: 853 orig xors: 911 new xors: 58 T: 0.00
c [xor-rem-unconnected] left with 58 xors from 58 non-empty xors T: 0.00
c [xor-clean-equiv] removed equivalent xors: 0 left with: 58
c [matrix] unused xors from cleaning: 0
c [matrix] Good   matrix 0 58      x480    density:0.1326  xorlen avg: 63.64
c [matrix] Using 1 matrices recovered from 0 xors T: 0.00 T-out: N
c rst  luby svd  vmt  1137  575 K 1464      31K   784 5.83    5.74     6786  9329   40K   202 21.71   21.64  
c rst  luby svd  vmt  1138  576 K 1464      31K   784 5.83    5.74     6786  9351   41K   202 21.64   21.57  
c [g  <0] Disabling GJ-elim in this round.  Usefulness was: 17.9901%  over 84102 calls
c rst  luby svd  vmt  1139  577 K 1464      31K   784 5.83    5.74     6786  9381   42K   202 21.51   21.44  
c rst  geom best vmt  1140  577 K 1464      31K   784 5.83    5.74     6786  9382   42K   202 21.49   21.42  
c rst  geom best vmt  1141  577 K 1464      31K   784 5.83    5.74     6786  9386   42K   202 21.47   21.40  
c rst  geom best vmt  1142  577 K 1464      31K   784 5.83    5.74     6786  9386   42K   202 21.45   21.38  
c rst  geom best vmt  1143  577 K 1464      31K   784 5.83    5.74     6786  9390   42K   202 21.43   21.36  
c rst  geom best vmt  1144  577 K 1464      31K   784 5.83    5.74     6786  9399   42K   202 21.41   21.35  
c rst  geom best vmt  1145  577 K 1464      31K   784 5.83    5.74     6786  9407   42K   202 21.39   21.32  
c rst  geom best vmt  1146  578 K 1464      31K   784 5.83    5.74     6786  9453   43K   202 21.35   21.28  
c rst  geom best vmt  1147  578 K 1464      31K   784 5.83    5.74     6786  9462   43K   202 21.32   21.25  
c rst  geom best vmt  1148  578 K 1464      31K   784 5.83    5.74     6786  9478   43K   202 21.29   21.23  
c rst  geom best vmt  1149  578 K 1464      31K   784 5.83    5.74     6786  9511   43K   202 21.26   21.19  
c rst  geom best vmt  1150  579 K 1464      31K   784 5.83    5.74     6786  9526   43K   202 21.22   21.16  
c rst  geom best vmt  1151  579 K 1464      31K   784 5.83    5.74     6789  9599   44K   203 21.17   21.10  
c [full-probe]  bin_only: 0 set: 0 repl: 0 T: 0.01 T-out: N T-r: 97.19%
c rst  geom best vmt  1152  579 K 1464      31K   784 5.83    5.74     6789  9606   44K   203 21.13   21.06  
c rst  geom best vmt  1153  580 K 1464      31K   784 5.83    5.74     7273  8061   45K   203 21.07   21.01  
c rst  geom best vmt  1154  580 K 1464      31K   784 5.83    5.74     7273  8076   46K   203 21.02   20.96  
c rst  geom best vmt  1155  580 K 1464      31K   784 5.83    5.74     7278  8262   46K   204 20.94   20.88  
c rst  geom best vmt  1156  581 K 1464      31K   784 5.83    5.74     7278  8266   47K   204 20.87   20.81  
c rst  geom best vmt  1157  582 K 1464      31K   784 5.83    5.74     7278  8363   47K   204 20.77   20.71  
c rst  geom best vmt  1158  582 K 1464      31K   784 5.83    5.74     7279  8518   48K   204 20.66   20.60  
c [ccnr] saving best assignment phase to stable_polar
c [ccnr] bumping based on clause weights
c [ccnr] Bumped vars: 104 bump type: 6
c [ccnr] time: 0.27
c rst  geom best vmt  1159  583 K 1464      31K   784 5.83    5.74     7281  8684   48K   204 20.56   20.50  
c rst  geom best vmt  1160  584 K 1464      31K   784 5.83    5.74     7283  8907   49K   204 20.44   20.38  
c rst  geom best vmt  1161  584 K 1464      31K   784 5.83    5.74     7284  9150   49K   204 20.30   20.24  
c [distill-long-red0] cls tried: 1217/1217 T: 0.10 T-out: N T-r: 96.02%
c [distill-long-red1] cls tried: 42/9019 T: 0.01 T-out: Y T-r: -3.53%
c rst  geom best vmt  1162  585 K 1463      31K   784 5.83    5.74     7708 12079   34K   335 19.80   19.69  
c rst  geom best vmt  1163  586 K 1463      31K   784 5.83    5.74     7720 12471   35K   336 19.63   19.52  
c [impl-str] lit bin: 0 set-var: 0 T: 0.00 T-out: N T-r: 99.95% w-visit: 2934
c [impl-sub] bin: 205 T: 0.00 T-out: N w-visit: 2934
c rst  geom best vmt  1164  587 K 1430      31K   784 5.83    5.74     7812 13150   35K   158 19.44   19.39  
c rst  geom best vmt  1165  587 K 163       21K  1097 5.64    5.46     2205   259   641   161 9.50    9.13   
c ------- FINAL TOTAL SEARCH STATS ---------
c UIP search time          : 83.22       (98.47     % time)
c All times are for this thread only except if explicitly specified
c restarts                 : 1165        (504.53    confls per restart)
c blocked restarts         : 0           (0.00      per normal restart)
c time                     : 83.22       
c decisions                : 629003      (0.00      % random)
c propagations             : 37M         (450K      props/s)
c decisions/conflicts      : 1.07        
c conflicts                : 587783      
c LEARNT stats
c units learnt             : 14          (0.00      % of conflicts)
c bins learnt              : 122         (0.02      % of conflicts)
c long learnt              : 589448      (100.28    % of conflicts)
c red which0               : 895         (0.15      % of confl)
c SEAMLESS HYPERBIN&TRANS-RED stats
c advProp called           : 0           
c hyper-bin add bin        : 0           (0.00      bin/call)
c trans-red rem irred bin  : 0           (0.00      bin/call)
c trans-red rem red bin    : 0           (0.00      bin/call)
c CONFL LITS stats
c orig                     : 94937691    (161.52    lit/confl)
c recurs-min effective     : 562208      (95.65     % attempt successful)
c recurs-min lits          : 81279719    (85.61     % less overall)
c permDiff call%           : 2.21        (0.00      % attempt successful)
c permDiff lits-rem        : 0           (0.00      less lits/cl on attempts)
c further-min call%        : 0.04        (19.46     % attempt successful)
c bintri-min lits          : 199         (0.00      % less overall)
c final avg                : 23.24       
c all-threads sum CPU time : 83.22        s
c PROP stats
c Mbogo-props              : 145.60      (1.75      / sec)
c MHyper-props             : 0.05        (0.00      / sec)
c Mprops                   : 37.49       (0.45      / sec)
c -------- OccSimplifier STATS ----------
c time                     : 1.02        (0.00      % var-elim)
c called                   : 4           (0.26      s per call)
c 0-depth assigns          : 0           (0.00      % vars)
c -------- OccSimplifier STATS END ----------
c -------- SubsumeStrengthen STATS ----------
c cl-subs                  : 2548         Clauses
c cl-str rem lit           : 670          Lits
c cl-sub T                 : 0.12         s
c cl-str T                 : 0.78         s
c -------- SubsumeStrengthen STATS END ----------
c ----- SCC STATS --------
c time                     : 0.00        (0.00      per call)
c called                   : 18          (0.67      new found per call)
c found                    : 12          (60.00     % of all found)
c bogoprops                : 722710      % of all found
c ----- SCC STATS END --------
c --------- VAR REPLACE STATS ----------
c time                     : 0.08        (0.01      per call)
c trees' crown             : 10          (0.37      % of vars)
c 0-depth assigns          : 0           (0.00      % vars)
c lits replaced            : 39511       
c bin cls removed          : 53          
c long cls removed         : 33          
c long lits removed        : 4498        
c bogoprops                : 2779175     
c --------- VAR REPLACE STATS END ----------
c vrep replace time        : 0.08        (0.09      % time)
c vrep tree roots          : 6           
c vrep trees' crown        : 10          (1.67      leafs/tree)
c -------- DISTILL-BIN STATS --------
c time                     : 0.14        (0.00      per call)
c timed out                : 1           (3.57      % of calls)
c distill/checked/potential: 0          /24652/24819
c lits-rem                 : 0           
c 0-depth-assigns          : 0           (0.00      % of vars)
c -------- DISTILL STATS END --------
c -------- STRENGTHEN STATS --------
c --> watch-based on irred cls
c time                     : 0.20        (0.00      s/call)
c shrinked/tried/total     : 167        /146974/1273676
c subsumed/tried/total     : 204        /146974/1273676
c lits-rem                 : 173         (0.03      % of lits tried)
c called                   : 44          (119731.82 % ran out of time)
c --> watch-based on red cls
c time                     : 0.19        (0.00      s/call)
c shrinked/tried/total     : 476        /68093/97142
c subsumed/tried/total     : 192        /68093/97142
c lits-rem                 : 860         (0.16      % of lits tried)
c called                   : 44          (66020.45  % ran out of time)
c -------- STRENGTHEN STATS END --------
c -------- IMPLICIT SUB  STATS --------
c time                     : 0.01        (0.00      per call)
c timed out                : 0           (0.00      % of calls)
c rem bins                 : 250         
c -------- IMPLICIT SUB STATS END --------
c Mem used                 : 53          MB
c Mem for longclauses      : 1           MB (3.68      %)
c Mem for watch alloc      : 15          MB (28.76     %)
c Mem for watch array      : 0           MB (0.13      %)
c Mem for assings&vardata  : 0           MB (0.14      %)
c Mem for search&solve     : 0           MB (0.34      %)
c Mem for renumberer       : 0           MB (0.05      %)
c Mem for occsimplifier    : 1           MB (2.25      %)
c Mem for varReplacer&SCC  : 0           MB (0.11      %)
c Mem for impl subsume     : 0           MB (0.00      %)
c Mem for 3 distills       : 0           MB (0.00      %)
c Accounted for mem (rss)  : 35.46       %
c Accounted for mem (vm)   : 31.78       %
c restarts                 : 1165        (504.53    confls per restart)
c blocked restarts         : 0           (0.00      per normal restart)
c time                     : 83.22       
c decisions                : 629003      (0.00      % random)
c propagations             : 37M         (450K      props/s)
c decisions/conflicts      : 1.07        
c conflicts                : 587783      
c conf lits non-minim      : 94937691    (161.52    lit/confl)
c conf lits final          : 23.24       
c red which0               : 895         (0.15      % of confl)
c props/decision           : 0.00        
c props/conflict           : 0.00        
c 0-depth assigns          : 1304        (88.89     % vars)
c 0-depth assigns by CNF   : 0           (0.00      % vars)
c reduceDB time            : 0.10        (0.12      % time)
c OccSimplifier time       : 1.02        (1.21      % time)
c [occur] 0.11 is overhead
c [occur] link-in T: 0.08 cleanup T: 0.02
c [occ-substr] long subBySub: 2429 subByStr: 119 lits-rem-str: 670 T: 0.90
c SCC time                 : 0.00        (0.00      % time)
c [scc] new: 12 BP 0M  T: 0.00
c vrep replace time        : 0.08        (0.09      % time)
c vrep tree roots          : 6           
c vrep trees' crown        : 10          (1.67      leafs/tree)
c distill long time        : 1.59        (1.88      % time)
c distill bin time         : 0.14        (0.16      % time)
c strength cache-irred time: 0.20        (0.24      % time)
c strength cache-red time  : 0.19        (0.22      % time)
c avg cls in red 0         : 2317.91     
c avg cls in red 1         : 3151.48     
c avg cls in red 2         : 41948.97    
c Conflicts in UIP         : 587783      (6954.71   confl/time_this_thread)
c Max Memory (rss) used    : 56996 kB    
c Total time (this thread) : 84.52       
s UNSATISFIABLE
c [g 0] truth-find prop checks  : 58K
c [g 0] -> of which prop        : 20.76 %
c [g 0] -> of which confl       :  0.90 %
c [g 0] elim called             : 10604
c [g 0] ---> which lead to prop : 21.44 %
c [g 0] ---> which lead to confl:  0.75 %
c [g 0] size: 58    x 480  
