c BreakID not compiled in, disabling
c CryptoMiniSat version 5.11.15
c CMS Copyright (C) 2009-2020 Authors of CryptoMiniSat, see AUTHORS file
c CMS SHA revision 
c Using VMTF code by Armin Biere from CaDiCaL
c Using Yalsat by Armin Biere, see Balint et al. Improving implementation of SLS solvers [...], SAT'14
c Using WalkSAT by Henry Kautz, see Kautz and Selman Pushing the envelope: planning, propositional logic, and stochastic search, AAAI'96,
c CMS is MIT licensed
c Using code from 'When Boolean Satisfiability Meets Gauss-E. in a Simplex Way'
c       by C.-S. Han and J.-H. Roland Jiang in CAV 2012. Fixes by M. Soos
c Using CCAnr from 'CCAnr: A Conf. Checking Based Local Search Solver [...]'
c       by Shaowei Cai, Chuan Luo, and Kaile Su, SAT 2015
c CMS compilation env CMAKE_CXX_COMPILER = /usr/bin/c++ | COMPILE_DEFINES =  -DRDB0_ONLY_FEATURES -DBOOST_TEST_DYN_LINK -DUSE_ZLIB -DYALSAT_FPU | STATICCOMPILE = OFF | ONLY_SIMPLE = OFF | Boost_FOUND = TRUE | STATS = OFF | SQLITE3_FOUND =  | ZLIB_FOUND = TRUE | VALGRIND_FOUND =  | ENABLE_TESTING = OFF | SLOW_DEBUG = OFF | ENABLE_ASSERTIONS = ON | PYTHON_EXECUTABLE =  | PYTHON_LIBRARY =  | PYTHON_INCLUDE_DIRS =  | MY_TARGETS =  | LARGEMEM = OFF | LIMITMEM = OFF | BREAKID_LIBRARIES =  | BREAKID-VER = . | BOSPHORUS_LIBRARIES =  | BOSPH-VER = . | compilation date time = Mar 31 2024 17:57:30
c CMS compiled with gcc version 13.2.0
c Executed with command line: cryptominisat5 --verb 1 /workspace/inputs/TRIMOSKA-ECICB-2024/upstream/benchmarks/Xn19l6-20-U.dimacs
c Reading file '/workspace/inputs/TRIMOSKA-ECICB-2024/upstream/benchmarks/Xn19l6-20-U.dimacs'
c -- header says num vars:            767
c -- header says num clauses:        2416
c -- clauses added: 2364
c -- xor clauses added: 52
c -- vars added 767
c Parsing time: 0.00 s
c [find&init matx] performing matrix init
c [gauss] XOR-encoding clauses are not detached, so no need to reattach them.
c [xor-rem-unconnected] left with 50 xors from 50 non-empty xors T: 0.00
c [xor-together] xored together: 0 orig xors: 50 new xors: 50 T: 0.00
c [xor-rem-unconnected] left with 50 xors from 50 non-empty xors T: 0.00
c [xor-clean-equiv] removed equivalent xors: 0 left with: 50
c [matrix] unused xors from cleaning: 0
c [matrix] Good   matrix  0     50 x  765  density:0.1096  xorlen avg: 83.82
c [matrix] Using 1 matrices recovered from 0 xors T: 0.00 T-out: N
c [branch] adjusting to: vsid (from: vsid) var_decay:0.95 descr: VSIDS
c rst  geom  stb   vs     1   112    2773 17080  1652    3.97    3.79     0    19    79    14  135.24  118.59
c rst  geom  stb   vs     2   235    2773 17080  1652    3.97    3.79     1    24   196    14  105.39   99.23
c  res  pol bran  nres  conf freevar  IrrL  IrrB l/longC  l/allC RedL0 RedL1 RedL2  RedB l/longC  l/allC
c rst  geom  stb   vs     3   369    2773 17080  1652    3.97    3.79     2    31   322    14   91.59   88.19
c rst  geom  stb   vs     4   516    2773 17080  1652    3.97    3.79     2    31   468    15   79.97   77.70
c rst  geom  stb   vs     5   678    2773 17080  1652    3.97    3.79     3    31   628    16   70.13   68.52
c rst  geom  stb   vs     6   856    2773 17080  1652    3.97    3.79     3    31   806    16   65.15   63.97
c rst  geom  stb   vs     7  1051    2773 17080  1652    3.97    3.79     3    31  1000    17   59.95   59.01
c rst  geom  stb   vs     8  1264    2773 17080  1652    3.97    3.79     3    31  1213    17   56.17   55.44
c rst  geom  stb   vs     9  1499    2773 17080  1652    3.97    3.79     3    31  1448    17   54.98   54.38
c rst  geom  stb   vs    10  1756    2773 17080  1652    3.97    3.79     3    31  1703    19   53.82   53.26
c rst  geom  stb   vs    11  2039    2773 17080  1652    3.97    3.79     3    31  1986    19   52.83   52.36
c rst  geom  stb   vs    12  2351    2773 17080  1652    3.97    3.79     3    31  2298    19   53.01   52.60
c rst  geom  stb   vs    13  2692    2773 17080  1652    3.97    3.79     3    31  2639    19   51.80   51.45
c rst  geom  stb   vs    14  3066    2773 17080  1652    3.97    3.79     3    31  3013    19   50.34   50.04
c rst  geom  stb   vs    15  3477    2773 17080  1652    3.97    3.79     3    31  3424    19   50.58   50.31
c rst  geom  stb   vs    16  3927    2773 17080  1652    3.97    3.79     3    31  3874    19   49.78   49.55
c rst  geom  stb   vs    17  4421    2773 17080  1652    3.97    3.79     3    31  4368    19   48.12   47.92
c rst  geom  stb   vs    18  4964    2773 17080  1652    3.97    3.79     3    31  4911    19   47.40   47.22
c rst  geom  stb   vs    19  5562    2773 17080  1652    3.97    3.79     3    31  5509    19   46.36   46.21
c [branch] adjusting to: vmtf (from: vsid) var_decay:0.95 descr: VMTF
c [distill-long-red0] cls tried: 3/3 T: 0.00 T-out: N T-r: 100.00%
c [distill-long-red1] cls tried: 31/31 T: 0.00 T-out: N T-r: 97.87%
c rst  luby ibes  vmt    20  5663    2773 17080  1652    3.97    3.79    19    62  5562    20   46.40   46.24
c rst  luby ibes  vmt    21  5765    2773 17080  1652    3.97    3.79    23    67  5654    21   46.07   45.91
c rst  luby ibes  vmt    22  5966    2773 17080  1652    3.97    3.79    24    68  5852    22   45.46   45.30
c rst  luby ibes  vmt    23  6068    2773 17080  1652    3.97    3.79    25    71  5950    22   45.26   45.11
c rst  luby ibes  vmt    24  6170    2773 17080  1652    3.97    3.79    25    71  6052    22   44.81   44.66
c rst  luby ibes  vmt    25  6372    2773 17080  1652    3.97    3.79    25    71  6254    22   43.91   43.77
c rst  luby ibes  vmt    26  6774    2773 17080  1652    3.97    3.79    25    71  6656    22   42.29   42.16
c rst  luby ibes  vmt    27  6876    2773 17080  1652    3.97    3.79    25    71  6758    22   42.03   41.90
c rst  luby ibes  vmt    28  6978    2773 17080  1652    3.97    3.79    25    71  6860    22   41.71   41.59
c rst  luby ibes  vmt    29  7180    2773 17080  1652    3.97    3.79    25    71  7062    22   41.06   40.94
c rst  luby ibes  vmt    30  7282    2773 17080  1652    3.97    3.79    25    71  7164    22   40.75   40.63
c rst  luby ibes  vmt    31  7384    2773 17080  1652    3.97    3.79    25    71  7266    22   40.43   40.31
c rst  luby ibes  vmt    32  7585    2773 17080  1652    3.97    3.79    25    71  7467    22   39.92   39.81
c rst  luby ibes  vmt    33  7986    2773 17080  1652    3.97    3.79    25    71  7868    22   39.00   38.89
c rst  luby ibes  vmt    34  8788    2773 17080  1652    3.97    3.79    27    71  8668    22   37.48   37.39
c rst  luby ibes  vmt    35  8890    2773 17080  1652    3.97    3.79    27    71  8770    22   37.35   37.26
c rst  luby ibes  vmt    36  8992    2773 17080  1652    3.97    3.79    27    71  8872    22   37.13   37.04
c rst  luby ibes  vmt    37  9194    2773 17080  1652    3.97    3.79    27    71  9074    22   36.69   36.60
c rst  luby ibes  vmt    38  9296    2773 17080  1652    3.97    3.79    27    71  9176    22   36.44   36.36
c rst  luby ibes  vmt    39  9398    2773 17080  1652    3.97    3.79    27    71  9278    22   36.26   36.18
c rst  luby ibes  vmt    40  9599    2773 17080  1652    3.97    3.79    27    71  9479    22   35.95   35.87
c rst  luby ibes  vmt    41 10001    2773 17080  1652    3.97    3.79    63    35  9881    22   35.21   35.14
c rst  luby ibes  vmt    42 10103    2773 17080  1652    3.97    3.79    63    35  9983    22   35.03   34.96
c rst  luby ibes  vmt    43 10204    2773 17080  1652    3.97    3.79    63    35 10084    22   34.89   34.82
c rst  luby ibes  vmt    44 10405    2773 17080  1652    3.97    3.79    63    35 10285    22   34.52   34.45
c rst  luby ibes  vmt    45 10508    2773 17080  1652    3.97    3.79    63    35 10388    22   34.37   34.30
c rst  luby ibes  vmt    46 10609    2773 17080  1652    3.97    3.79    63    35 10489    22   34.26   34.19
c rst  luby ibes  vmt    47 10810    2773 17080  1652    3.97    3.79    63    35 10690    22   33.94   33.88
c rst  luby  svd  vmt    48 11212    2773 17080  1652    3.97    3.79    66    36 11088    22   35.26   35.20
c rst  luby  svd  vmt    49 12013    2773 17080  1652    3.97    3.79    66    36 11889    22   36.48   36.42
c [branch] adjusting to: vsid (from: vmtf) var_decay:0.95 descr: VSIDS
c [distill-bin] useful: 4/1652/1652 lits-rem: 0 cl-rem: 4 0-depth-assigns: 0 T: 0.00 T-out: N
c rst  geom  svd   vs    50 12124    2773 17080  1648    3.97    3.79    67    36 11999    22   36.57   36.50
c rst  geom  svd   vs    51 12246    2773 17080  1648    3.97    3.79    67    36 12121    22   36.62   36.55
c rst  geom  svd   vs    52 12380    2773 17080  1648    3.97    3.79    67    36 12255    22   36.70   36.63
c rst  geom  svd   vs    53 12528    2773 17080  1648    3.97    3.79    67    36 12403    22   36.77   36.71
c rst  geom  svd   vs    54 12689    2773 17080  1648    3.97    3.79    67    36 12564    22   36.88   36.82
c rst  geom  svd   vs    55 12867    2773 17080  1648    3.97    3.79    67    36 12742    22   36.91   36.85
c rst  geom  svd   vs    56 13061    2773 17080  1648    3.97    3.79    68    36 12935    22   37.00   36.94
c rst  geom  svd   vs    57 13275    2773 17080  1648    3.97    3.79    68    36 13149    22   37.05   36.99
c rst  geom  svd   vs    58 13509    2773 17080  1648    3.97    3.79    68    36 13383    22   37.05   36.99
c rst  geom  svd   vs    59 13766    2773 17080  1648    3.97    3.79    68    36 13640    22   37.03   36.97
c rst  geom  svd   vs    60 14049    2773 17080  1648    3.97    3.79    68    36 13923    22   36.94   36.88
c rst  geom  svd   vs    61 14359    2773 17080  1648    3.97    3.79    68    36 14233    22   36.80   36.75
c rst  geom  svd   vs    62 14699    2773 17080  1648    3.97    3.79    68    36 14573    22   36.39   36.34
c rst  geom  svd   vs    63 15072    2773 17080  1648    3.97    3.79    68    42 14244    23   34.33   34.28
c rst  geom  svd   vs    64 15482    2773 17080  1648    3.97    3.79    68    42 14654    23   33.90   33.85
c rst  geom  svd   vs    65 15933    2773 17080  1648    3.97    3.79    68    42 15105    23   33.72   33.67
c rst  geom  svd   vs    66 16427    2773 17080  1648    3.97    3.79    72    44 15592    24   33.95   33.90
c rst  geom best   vs    67 16970    2773 17080  1648    3.97    3.79    74    47 16126    28   35.00   34.94
c rst  geom best   vs    68 17567    2773 17080  1648    3.97    3.79    76    51 16715    30   35.46   35.40
c rst  geom best   vs    69 18223    2773 17080  1648    3.97    3.79    77    54 17367    30   36.07   36.01
c [branch] adjusting to: vmtf (from: vsid) var_decay:0.95 descr: VMTF
c rst  luby best  vmt    70 18324    2773 17080  1648    3.97    3.79    77    55 17467    30   36.16   36.11
c rst  luby best  vmt    71 18427    2773 17080  1648    3.97    3.79    77    55 17570    30   36.21   36.15
c rst  luby best  vmt    72 18629    2773 17080  1648    3.97    3.79    77    55 17772    30   36.24   36.18
c rst  luby best  vmt    73 18731    2773 17080  1648    3.97    3.79    77    55 17874    30   36.25   36.20
c rst  luby best  vmt    74 18832    2773 17080  1648    3.97    3.79    77    55 17975    30   36.26   36.21
c rst  luby best  vmt    75 19033    2773 17080  1648    3.97    3.79    77    55 18176    30   36.45   36.39
c rst  luby best  vmt    76 19435    2773 17080  1648    3.97    3.79    77    55 18578    30   36.33   36.28
c rst  luby best  vmt    77 19536    2773 17080  1648    3.97    3.79    77    55 18679    30   36.38   36.32
c rst  luby best  vmt    78 19638    2773 17080  1648    3.97    3.79    77    55 18781    30   36.42   36.37
c rst  luby best  vmt    79 19840    2773 17080  1648    3.97    3.79    77    55 18983    30   36.45   36.40
c rst  luby best  vmt    80 19941    2773 17080  1648    3.97    3.79    77    56 19083    30   36.50   36.44
c rst  luby best  vmt    81   20K    2773 17080  1648    3.97    3.79    87    46 19184    30   36.51   36.46
c [full-probe]  bin_only: 1 set: 0 repl: 0 T: 0.00 T-out: N T-r: 99.83%
c rst  luby best  vmt    82   20K    2773 17080  1648    3.97    3.79    87    46 19385    34   36.66   36.60
c rst  luby best  vmt    83   20K    2773 17080  1648    3.97    3.79    87    46 19785    35   36.90   36.84
c [distill-long-red0] cls tried: 69/69 T: 0.00 T-out: N T-r: 99.86%
c [distill-long-red1] cls tried: 30/30 T: 0.00 T-out: N T-r: 78.93%
c rst  luby best  vmt    84   21K    2773 17080  1648    3.97    3.79    81    46   20K    43   37.62   37.55
c rst  luby best  vmt    85   21K    2773 17080  1648    3.97    3.79    82    46   20K    43   37.62   37.54
c rst  luby best  vmt    86   21K    2773 17080  1648    3.97    3.79    82    46   20K    43   37.59   37.52
c rst  luby  stb  vmt    87   21K    2773 17080  1648    3.97    3.79    83    46   20K    44   37.70   37.62
c rst  luby  stb  vmt    88   21K    2773 17080  1648    3.97    3.79    83    46   21K    44   37.73   37.65
c rst  luby  stb  vmt    89   22K    2773 17080  1648    3.97    3.79    83    46   21K    44   37.82   37.74
c rst  luby  stb  vmt    90   22K    2773 17080  1648    3.97    3.79    85    50   21K    44   37.76   37.69
c rst  luby  stb  vmt    91   22K    2773 17080  1648    3.97    3.79    85    50   21K    44   37.69   37.62
c rst  luby  stb  vmt    92   22K    2773 17080  1648    3.97    3.79    85    50   21K    44   37.63   37.56
c rst  luby  stb  vmt    93   22K    2773 17080  1648    3.97    3.79    85    50   21K    44   37.64   37.57
c rst  luby  stb  vmt    94   23K    2773 17080  1648    3.97    3.79    85    50   22K    44   37.71   37.64
c rst  luby  stb  vmt    95   23K    2773 17080  1648    3.97    3.79    85    50   22K    44   37.70   37.63
c rst  luby  stb  vmt    96   23K    2773 17080  1648    3.97    3.79    85    50   22K    44   37.72   37.65
c rst  luby  stb  vmt    97   23K    2773 17080  1648    3.97    3.79    85    50   22K    44   37.72   37.65
c rst  luby  stb  vmt    98   23K    2773 17080  1648    3.97    3.79    88    56   22K    44   37.83   37.76
c rst  luby  stb  vmt    99   24K    2773 17080  1648    3.97    3.79    90    59   23K    44   37.93   37.87
c rst  luby  stb  vmt   100   26K    2773 17080  1648    3.97    3.79    91    68   25K    44   37.71   37.65
c [branch] adjusting to: vsid (from: vmtf) var_decay:0.95 descr: VSIDS
c [distill] watch-based irred--  cl tried     1427 cl-sh     0 cl-rem    5 lit-rem      0 T: 0.00 T-out: N
c [distill] watch-based   red--  cl tried      180 cl-sh    15 cl-rem    2 lit-rem     60 T: 0.00 T-out: N
c rst  geom  stb   vs   101   26K    2773 17075  1653    3.97    3.79    89    68   25K    39   37.70   37.65
c rst  geom  stb   vs   102   26K    2773 17075  1653    3.97    3.79    89    68   25K    39   37.69   37.64
c rst  geom  stb   vs   103   26K    2773 17075  1653    3.97    3.79    89    68   25K    39   37.64   37.58
c rst  geom  stb   vs   104   26K    2773 17075  1653    3.97    3.79    89    68   25K    39   37.59   37.54
c rst  geom  stb   vs   105   26K    2773 17075  1653    3.97    3.79    89    68   26K    39   37.57   37.52
c rst  geom ibes   vs   106   27K    2773 17075  1653    3.97    3.79    89    68   26K    39   37.44   37.39
c rst  geom ibes   vs   107   27K    2773 17075  1653    3.97    3.79    89    68   26K    39   37.32   37.27
c rst  geom ibes   vs   108   27K    2773 17075  1653    3.97    3.79    89    68   26K    39   37.19   37.14
c rst  geom ibes   vs   109   27K    2773 17075  1653    3.97    3.79    89    68   26K    39   37.07   37.02
c rst  geom ibes   vs   110   28K    2773 17075  1653    3.97    3.79    89    68   27K    39   36.89   36.84
c rst  geom ibes   vs   111   28K    2773 17075  1653    3.97    3.79    89    68   27K    39   36.67   36.62
c rst  geom ibes   vs   112   28K    2773 17075  1653    3.97    3.79    89    68   27K    39   36.48   36.43
c rst  geom ibes   vs   113   28K    2773 17075  1653    3.97    3.79    89    68   28K    39   36.28   36.23
c rst  geom ibes   vs   114   29K    2773 17075  1653    3.97    3.79    89    68   28K    39   36.00   35.96
c rst  geom ibes   vs   115   29K    2773 17075  1653    3.97    3.79    89    68   28K    39   35.73   35.68
c rst  geom ibes   vs   116   30K    2773 17075  1653    3.97    3.79   103    60   22K    39   35.14   35.09
c rst  geom ibes   vs   117   30K    2773 17075  1653    3.97    3.79   103    60   22K    39   34.80   34.74
c rst  geom ibes   vs   118   31K    2773 17075  1653    3.97    3.79   103    60   23K    39   34.38   34.33
c rst  geom ibes   vs   119   31K    2773 17075  1653    3.97    3.79   103    60   23K    39   33.95   33.90
c rst  geom ibes   vs   120   32K    2773 17075  1653    3.97    3.79   103    60   24K    39   33.54   33.49
c [distill-bin] useful: 0/1653/1653 lits-rem: 0 cl-rem: 0 0-depth-assigns: 0 T: 0.01 T-out: N
c rst  geom  svd   vs   121   33K    2773 17075  1653    3.97    3.79   103    60   25K    39   33.41   33.37
c rst  geom  svd   vs   122   34K    2773 17075  1653    3.97    3.79   103    60   26K    39   33.32   33.28
c [branch] adjusting to: vmtf (from: vsid) var_decay:0.95 descr: VMTF
c rst  luby  svd  vmt   123   34K    2773 17075  1653    3.97    3.79   103    60   26K    39   33.31   33.27
c rst  luby  svd  vmt   124   34K    2773 17075  1653    3.97    3.79   103    60   26K    39   33.32   33.27
c rst  luby  svd  vmt   125   34K    2773 17075  1653    3.97    3.79   103    60   26K    39   33.39   33.35
c rst  luby  svd  vmt   126   34K    2773 17075  1653    3.97    3.79   103    60   26K    39   33.38   33.34
c rst  luby  svd  vmt   127   34K    2773 17075  1653    3.97    3.79   103    61   26K    39   33.39   33.34
c rst  luby  svd  vmt   128   34K    2773 17075  1653    3.97    3.79   103    61   26K    39   33.41   33.36
c rst  luby  svd  vmt   129   35K    2773 17075  1653    3.97    3.79   103    61   27K    39   33.54   33.49
c rst  luby  svd  vmt   130   35K    2773 17075  1653    3.97    3.79   103    61   27K    39   33.54   33.50
c rst  luby  svd  vmt   131   35K    2773 17075  1653    3.97    3.79   103    61   27K    39   33.52   33.47
c rst  luby  svd  vmt   132   35K    2773 17075  1653    3.97    3.79   103    61   27K    39   33.52   33.48
c rst  luby  svd  vmt   133   35K    2773 17075  1653    3.97    3.79   103    61   27K    39   33.50   33.46
c [distill-long-red0] cls tried: 37/37 T: 0.00 T-out: N T-r: 99.89%
c [distill-long-red1] cls tried: 16/16 T: 0.00 T-out: N T-r: 94.52%
c rst  luby  svd  vmt   134   35K    2773 17075  1653    3.97    3.79   103    61   27K    39   33.48   33.44
c rst  luby  svd  vmt   135   36K    2773 17075  1653    3.97    3.79   103    61   28K    39   33.47   33.43
c rst  luby  svd  vmt   136   36K    2773 17075  1653    3.97    3.79   103    61   28K    39   33.41   33.37
c rst  luby  svd  vmt   137   37K    2773 17075  1653    3.97    3.79   103    61   29K    39   33.31   33.26
c rst  luby  svd  vmt   138   37K    2773 17075  1653    3.97    3.79   103    61   29K    39   33.30   33.26
c rst  luby  svd  vmt   139   37K    2773 17075  1653    3.97    3.79   103    61   29K    39   33.31   33.26
c rst  luby  svd  vmt   140   37K    2773 17075  1653    3.97    3.79   103    61   29K    39   33.35   33.31
c rst  luby  svd  vmt   141   37K    2773 17075  1653    3.97    3.79   103    61   29K    39   33.31   33.27
c rst  luby  svd  vmt   142   37K    2773 17075  1653    3.97    3.79   103    61   29K    39   33.28   33.24
c rst  luby  svd  vmt   143   38K    2773 17075  1653    3.97    3.79   103    61   30K    39   33.26   33.22
c rst  geom best  vmt   144   38K    2773 17075  1653    3.97    3.79   103    61   30K    39   33.22   33.18
c rst  geom best  vmt   145   38K    2773 17075  1653    3.97    3.79   103    61   30K    39   33.22   33.18
c rst  geom best  vmt   146   38K    2773 17075  1653    3.97    3.79   103    61   30K    39   33.24   33.20
c rst  geom best  vmt   147   38K    2773 17075  1653    3.97    3.79   103    61   30K    39   33.19   33.15
c rst  geom best  vmt   148   38K    2773 17075  1653    3.97    3.79   103    61   30K    39   33.14   33.10
c rst  geom best  vmt   149   38K    2773 17075  1653    3.97    3.79   103    61   31K    39   33.16   33.12
c rst  geom best  vmt   150   39K    2773 17075  1653    3.97    3.79   103    61   31K    39   33.10   33.06
c rst  geom best  vmt   151   39K    2773 17075  1653    3.97    3.79   103    61   31K    39   33.03   32.99
c rst  geom best  vmt   152   39K    2773 17075  1653    3.97    3.79   103    61   31K    39   33.01   32.97
c rst  geom best  vmt   153   39K    2773 17075  1653    3.97    3.79   103    61   31K    39   32.94   32.90
c rst  geom best  vmt   154   40K    2773 17075  1653    3.97    3.79   104    60   32K    39   32.88   32.85
c [full-probe]  bin_only: 0 set: 0 repl: 0 T: 0.00 T-out: N T-r: 98.08%
c [impl-str] lit bin: 0 set-var: 0 T: 0.00 T-out: N T-r: 99.95% w-visit: 5546
c [impl-sub] bin: 23 T: 0.00 T-out: N w-visit: 5546
c rst  geom best  vmt   155   40K    2773 17075  1653    3.97    3.79   104    60   32K    22   32.79   32.77
c rst  geom best  vmt   156   40K    2773 17075  1653    3.97    3.79   104    60   32K    22   32.70   32.68
c rst  geom best  vmt   157   41K    2773 17075  1653    3.97    3.79   104    60   33K    22   32.52   32.50
c rst  geom best  vmt   158   41K    2773 17075  1653    3.97    3.79   104    60   33K    22   32.38   32.36
c rst  geom best  vmt   159   41K    2773 17075  1653    3.97    3.79   104    60   34K    23   32.31   32.29
c rst  geom best  vmt   160   42K    2773 17075  1653    3.97    3.79   104    60   34K    23   32.34   32.32
c [branch] adjusting to: vsid (from: vmtf) var_decay:0.95 descr: VSIDS
c rst  geom best   vs   161   42K    2773 17075  1653    3.97    3.79   104    60   34K    23   32.32   32.30
c rst  geom best   vs   162   42K    2773 17075  1653    3.97    3.79   104    60   34K    23   32.28   32.26
c rst  geom best   vs   163   42K    2773 17075  1653    3.97    3.79   104    60   34K    23   32.26   32.24
c rst  geom best   vs   164   42K    2773 17075  1653    3.97    3.79   104    60   35K    23   32.22   32.20
c rst  geom best   vs   165   43K    2773 17075  1653    3.97    3.79   104    60   35K    23   32.16   32.14
c rst  geom best   vs   166   43K    2773 17075  1653    3.97    3.79   104    60   35K    23   32.10   32.08
c rst  geom best   vs   167   43K    2773 17075  1653    3.97    3.79   104    60   35K    23   32.03   32.01
c rst  geom  stb   vs   168   43K    2773 17075  1653    3.97    3.79   104    60   35K    23   31.95   31.93
c rst  geom  stb   vs   169   43K    2773 17075  1653    3.97    3.79   104    60   36K    23   31.89   31.87
c rst  geom  stb   vs   170   44K    2773 17075  1653    3.97    3.79   104    60   36K    23   31.79   31.77
c [ccnr] tries: 0 steps: 262143 best found: 14
c [ccnr] tries: 0 steps: 524287 best found: 14
c [ccnr] tries: 0 steps: 786431 best found: 14
c [ccnr] saving best assignment phase to stable_polar
c [ccnr] bumping based on clause weights
c [ccnr] Bumped vars: 102 bump type: 6
c [ccnr] time: 0.39
c rst  geom  stb   vs   171   44K    2773 17075  1653    3.97    3.79   104    60   36K    23   31.78   31.76
c rst  geom  stb   vs   172   44K    2773 17075  1653    3.97    3.79   104    60   36K    23   31.69   31.67
c rst  geom  stb   vs   173   45K    2773 17075  1653    3.97    3.79   104    60   30K    23   31.29   31.27
c rst  geom  stb   vs   174   45K    2773 17075  1653    3.97    3.79   104    60   30K    23   31.33   31.31
c rst  geom  stb   vs   175   45K    2773 17075  1653    3.97    3.79   104    60   31K    23   31.23   31.21
c rst  geom  stb   vs   176   46K    2773 17075  1653    3.97    3.79   105    70   31K    23   31.14   31.12
c rst  geom  stb   vs   177   46K    2773 17075  1653    3.97    3.79   105    70   32K    23   31.02   31.00
c rst  geom  stb   vs   178   47K    2773 17075  1653    3.97    3.79   105    70   32K    23   30.98   30.96
c rst  geom  stb   vs   179   48K    2773 17075  1653    3.97    3.79   105    70   33K    23   31.00   30.98
c rst  geom  stb   vs   180   48K    2773 17075  1653    3.97    3.79   105    70   34K    23   30.73   30.71
c rst  geom  stb   vs   181   49K    2773 17075  1653    3.97    3.79   105    70   34K    23   30.54   30.52
c rst  geom ibes   vs   182   50K    2773 17075  1653    3.97    3.79   106    69   35K    23   30.27   30.25
c [gauss] XOR-encoding clauses are not detached, so no need to reattach them.
c [g 0] truth-find prop checks  : 464K
c [g 0] -> of which prop        : 57.73 %
c [g 0] -> of which confl       :  5.12 %
c [g 0] elim called             : 48K
c [g 0] ---> which lead to prop : 27.41 %
c [g 0] ---> which lead to confl:  1.63 %
c [g 0] size: 50    x 765  
c [scc] new: 7 BP 0M T: 0.00
c [vrep] vars 7 lits 33965 rem-bin-cls 34 rem-long-cls 0 BP 0M T: 0.02
c [scc] new: 0 BP 0M T: 0.00
c [vrep] vars 0 lits 0 rem-bin-cls 0 rem-long-cls 0 BP 0M T: 0.00
c [intree] Set 0 vars hyper-added: 753 trans-irred: 0 trans-red: 3 T: 0.01 T-out: N T-r: -0.65%
c [find&init matx] performing matrix init
c [gauss] XOR-encoding clauses are not detached, so no need to reattach them.
c [xor-rem-unconnected] left with 50 xors from 50 non-empty xors T: 0.00
c [xor-together] xored together: 0 orig xors: 50 new xors: 50 T: 0.00
c [xor-rem-unconnected] left with 50 xors from 50 non-empty xors T: 0.00
c [xor-clean-equiv] removed equivalent xors: 0 left with: 50
c [matrix] unused xors from cleaning: 0
c [matrix] Good   matrix 0 50      x760    density:0.1091  xorlen avg: 82.94
c [matrix] Using 1 matrices recovered from 0 xors T: 0.00 T-out: N
c rst  geom ibes vs   183   51  K 2766    17075  1639 3.97    3.79      106    69   36K   767 29.85   29.28  
c [distill-long-red0] cls tried: 2/2 T: 0.00 T-out: N T-r: 99.99%
c [distill-long-red1] cls tried: 9/9 T: 0.00 T-out: N T-r: 95.86%
c rst  geom ibes vs   184   52  K 2766    17075  1639 3.97    3.79      106    69   37K   767 29.72   29.17  
c [distill] watch-based irred--  cl tried 1422     cl-sh 0     cl-rem 0    lit-rem 0      T: 0.00 T-out: N
c [distill] watch-based red  --  cl tried 211      cl-sh 1     cl-rem 1    lit-rem 1      T: 0.00 T-out: N
c rst  geom ibes vs   185   53  K 2766    17075  1639 3.97    3.79      105    69   38K   767 29.46   28.93  
c [branch] adjusting to: vmtf (from: vsid) var_decay:0.95 descr: VMTF
c [distill-bin] useful: 0/1409/1639 lits-rem: 0 cl-rem: 0 0-depth-assigns: 0 T: 0.01 T-out: Y
c rst  luby ibes vmt  186   53  K 2766    17075  1639 3.97    3.79      105    86   38K   767 29.60   29.06  
c rst  luby ibes vmt  187   53  K 2766    17075  1639 3.97    3.79      106    89   38K   767 29.58   29.05  
c rst  luby ibes vmt  188   53  K 2766    17075  1639 3.97    3.79      108   109   38K   767 29.56   29.03  
c rst  luby ibes vmt  189   53  K 2766    17075  1639 3.97    3.79      109   110   39K   767 29.60   29.07  
c rst  luby ibes vmt  190   53  K 2766    17075  1639 3.97    3.79      109   111   39K   767 29.58   29.05  
c rst  luby ibes vmt  191   53  K 2766    17075  1639 3.97    3.79      109   117   39K   767 29.65   29.12  
c rst  luby ibes vmt  192   54  K 2766    17075  1639 3.97    3.79      114   122   39K   767 29.84   29.31  
c rst  luby ibes vmt  193   54  K 2766    17075  1639 3.97    3.79      114   124   39K   767 29.86   29.34  
c rst  luby ibes vmt  194   54  K 2766    17075  1639 3.97    3.79      114   124   39K   767 29.89   29.37  
c rst  luby ibes vmt  195   54  K 2766    17075  1639 3.97    3.79      116   126   40K   767 29.92   29.40  
c rst  luby ibes vmt  196   54  K 2766    17075  1639 3.97    3.79      116   126   40K   767 29.89   29.37  
c rst  luby ibes vmt  197   54  K 2766    17075  1639 3.97    3.79      117   127   40K   767 29.89   29.37  
c rst  luby ibes vmt  198   55  K 2766    17075  1639 3.97    3.79      118   127   40K   767 29.90   29.39  
c rst  luby svd  vmt  199   55  K 2766    17075  1639 3.97    3.79      119   131   40K   767 30.79   30.26  
c rst  luby svd  vmt  200   56  K 2766    17075  1639 3.97    3.79      121   134   41K   767 31.06   30.54  
c recursive minimization cost OK: 246Kcost/(% lits removed)
c [gauss] XOR-encoding clauses are not detached, so no need to reattach them.
c [g 0] truth-find prop checks  : 105K
c [g 0] -> of which prop        : 44.06 %
c [g 0] -> of which confl       :  3.43 %
c [g 0] elim called             : 17660
c [g 0] ---> which lead to prop :  1.22 %
c [g 0] ---> which lead to confl:  0.10 %
c [g 0] size: 50    x 760  
c --> Executing strategy token: scc-vrepl
c [scc] new: 1 BP 0M T: 0.00
c --> Executing strategy token: sub-impl
c [impl-sub] bin: 1 T: 0.00 T-out: N w-visit: 5546
c --> Executing strategy token: breakid
c --> Executing OCC strategy token(s): 'occ-backw-sub-str,occ-clean-implicit,occ-bve,occ-bva,occ-ternary-res,occ-xor,'
c [occ] mem usage for occur 1      MB
c [occ] Linked in IRRED BIN by default: 1639
c [occ] Linked in RED   BIN by default: 766
c [occ] mem usage for occur 0      MB
c Mem for watch alloc      : 3           MB (19.36     %)
c Mem for watch array      : 0           MB (0.94      %)
c --> Executing OCC strategy token: occ-backw-sub-str
c [occ-backw-sub-str-long-w-bins] subs: 0 str: 0 tried: 2405 0-depth ass: 0 T: 0.00 T-out: N T-r: 99.45%
c [occ-backw-sub-long-w-long] rem cl: 13 tried: 58785/58785 (100.0%) T: 0.00 T-out: N T-r: 96.26%
c [occ-backw-sub-str-long-w-long] sub: 0 str: 1 tried: 176355/58785 (300.0)  T: 0.04 T-out: N T-r: 88.95%
c --> Executing OCC strategy token: occ-clean-implicit
c --> Executing OCC strategy token: occ-bve
c [occ-empty-res] Empty resolvent elimed: 0 T: 0.00 T-out: N
c [occ-bve] iter v-elim 9
c cl_inc_rate=1.0, var_dec_rate=1.0 (grow=0)
c Reduced to 2757 vars, 18709 cls (grow=0)
c [occ-bve] iter v-elim 293
c cl_inc_rate=1.1, var_dec_rate=1.1 (grow=8)
c Reduced to 2464 vars, 19997 cls (grow=8)
c x n vars       : 2464
c #try to eliminate:  5768
c #var-elim        :   302
c #T-o: N
c #T-r: 99.99%
c #T  : 0.05
c [occur] 0.02 is overhead
c [occur] link-in T: 0.02 cleanup T: 0.00
c --> Executing OCC strategy token: occ-bva
c --> Executing OCC strategy token: occ-ternary-res
c [occ-ternary-res] Ternary res-tri: 56 res-bin: 0 sub: 0 str: 0 T: 0.00 T-out: N T-r: 99.39%
c --> Executing OCC strategy token: occ-xor
c [occ-xor] sort occur list T: 0.00
c [xor-clean-equiv] removed equivalent xors: 0 left with: 1890
c [occ-xor] found   1890 avg sz 4.0 min sz  4 max sz  5 T: 0.00 T-out: N T-r: 99.98%
c --> Executing strategy token: card-find
c --> Executing strategy token: cl-consolidate
c [mem] consolidate  old-sz: 8449K new-sz: 6482K new bits offs: 20 T: 0.00
c --> Executing strategy token: scc-vrepl
c [scc] new: 1 BP 0M T: 0.00
c --> Executing strategy token: renumber
c --> Executing strategy token: bosphorus
c --> Executing strategy token: louvain-comms
c [consolidate] mini T: 0.00
c global_timeout_multiplier: 3.3000
c [branch] rebuilding order heap for all branchings. Current branching: vmtf
c [find&init matx] performing matrix init
c [gauss] XOR-encoding clauses are not detached, so no need to reattach them.
c [xor-rem-unconnected] left with 1890 xors from 1890 non-empty xors T: 0.00
c [xor-together] xored together: 1845 orig xors: 1890 new xors: 45 T: 0.00
c [xor-rem-unconnected] left with 45 xors from 45 non-empty xors T: 0.00
c [xor-clean-equiv] removed equivalent xors: 0 left with: 45
c [matrix] unused xors from cleaning: 0
c [matrix] Good   matrix  0     45 x  459  density:0.1879  xorlen avg: 86.27
c [matrix] Using 1 matrices recovered from 0 xors T: 0.00 T-out: N
c rst  luby  svd  vmt   201   56K    2464 19120   877    4.11    4.02    71   104   38K    95   29.34   29.28
c rst  luby  svd  vmt   202   56K    2464 19120   877    4.11    4.02    71   107   38K    95   29.31   29.25
c rst  luby  svd  vmt   203   56K    2464 19120   877    4.11    4.02    72   110   38K    95   29.29   29.22
c rst  luby  svd  vmt   204   56K    2464 19120   877    4.11    4.02    72   110   39K    95   29.22   29.16
c rst  luby  svd  vmt   205   56K    2464 19120   877    4.11    4.02    72   117   39K    95   29.19   29.13
c rst  luby  svd  vmt   206   56K    2464 19120   877    4.11    4.02    72   117   39K    95   29.16   29.09
c [g  <0] Disabling GJ-elim in this round.  Usefulness was: 17.8137%  over 57484 calls
c rst  luby  svd  vmt   207   57K    2464 19120   877    4.11    4.02    72   120   39K    95   29.13   29.07
c rst  luby  svd  vmt   208   57K    2464 19120   877    4.11    4.02    74   129   39K    95   29.09   29.02
c rst  luby  svd  vmt   209   57K    2464 19120   877    4.11    4.02    74   132   40K    95   29.08   29.01
c rst  luby  svd  vmt   210   57K    2464 19120   877    4.11    4.02    74   135   40K    95   29.07   29.00
c rst  luby  svd  vmt   211   57K    2464 19120   877    4.11    4.02    75   138   40K    95   29.07   29.01
c rst  luby  svd  vmt   212   58K    2464 19120   877    4.11    4.02    75   141   40K    95   29.08   29.02
c rst  luby  svd  vmt   213   58K    2464 19120   877    4.11    4.02    75   144   40K    95   29.06   29.00
c rst  luby  svd  vmt   214   58K    2464 19120   877    4.11    4.02    75   145   40K    95   29.01   28.95
c rst  luby  svd  vmt   215   58K    2464 19120   877    4.11    4.02    75   147   41K    95   28.96   28.90
c rst  luby  svd  vmt   216   59K    2464 19120   877    4.11    4.02    77   156   41K    95   28.76   28.70
c rst  luby  svd  vmt   217   61K    2464 19120   877    4.11    4.02   131   233   31K    95   23.57   23.51
c [full-probe]  bin_only: 1 set: 0 repl: 0 T: 0.00 T-out: N T-r: 99.80%
c rst  geom best  vmt   218   61K    2464 19120   877    4.11    4.02   133   238   31K    97   23.54   23.47
c rst  geom best  vmt   219   61K    2464 19120   877    4.11    4.02   133   240   31K    97   23.52   23.45
c rst  geom best  vmt   220   61K    2464 19120   877    4.11    4.02   133   240   31K    97   23.50   23.44
c rst  geom best  vmt   221   61K    2464 19120   877    4.11    4.02   134   241   32K    97   23.49   23.43
c rst  geom best  vmt   222   61K    2464 19120   877    4.11    4.02   134   242   32K    97   23.45   23.38
c rst  geom best  vmt   223   61K    2464 19120   877    4.11    4.02   134   242   32K    97   23.42   23.35
c rst  geom best  vmt   224   62K    2464 19120   877    4.11    4.02   134   242   32K    97   23.37   23.30
c rst  geom best  vmt   225   62K    2464 19120   877    4.11    4.02   134   242   32K    97   23.30   23.24
c rst  geom best  vmt   226   62K    2464 19120   877    4.11    4.02   134   242   32K    97   23.23   23.17
c rst  geom best  vmt   227   62K    2464 19120   877    4.11    4.02   134   247   33K    97   23.21   23.15
c rst  geom best  vmt   228   63K    2464 19120   877    4.11    4.02   134   248   33K    97   23.22   23.16
c [branch] adjusting to: vsid (from: vmtf) var_decay:0.95 descr: VSIDS
c rst  geom best   vs   229   63K    2464 19120   877    4.11    4.02   139   269   33K    97   23.26   23.20
c rst  geom best   vs   230   63K    2464 19120   877    4.11    4.02   141   285   33K    97   23.32   23.26
c rst  geom best   vs   231   63K    2464 19120   877    4.11    4.02   145   300   33K    97   23.39   23.33
c rst  geom best   vs   232   63K    2464 19120   877    4.11    4.02   150   318   33K    97   23.47   23.41
c rst  geom best   vs   233   63K    2464 19120   877    4.11    4.02   160   332   34K    97   23.52   23.46
c rst  geom best   vs   234   64K    2464 19120   877    4.11    4.02   160   338   34K    97   23.65   23.59
c rst  geom best   vs   235   64K    2464 19120   877    4.11    4.02   163   356   34K    97   23.72   23.66
c rst  geom best   vs   236   64K    2464 19120   877    4.11    4.02   164   379   34K    97   23.79   23.73
c rst  geom best   vs   237   64K    2464 19120   877    4.11    4.02   165   392   34K    97   23.90   23.84
c rst  geom best   vs   238   64K    2464 19120   877    4.11    4.02   169   404   35K    97   24.05   23.99
c rst  geom best   vs   239   65K    2464 19120   877    4.11    4.02   175   420   35K    97   24.17   24.11
c rst  geom best   vs   240   65K    2464 19120   877    4.11    4.02   181   451   35K    97   24.23   24.17
c rst  geom best   vs   241   65K    2464 19120   877    4.11    4.02   184   465   35K    97   24.31   24.25
c rst  geom best   vs   242   66K    2464 19120   877    4.11    4.02   185   482   36K    97   24.44   24.38
c [distill-long-red0] cls tried: 112/112 T: 0.00 T-out: N T-r: 99.86%
c [distill-long-red1] cls tried: 131/400 T: 0.01 T-out: Y T-r: -0.90%
c rst  geom best   vs   243   66K    2464 19120   877    4.11    4.02   185   487   36K    97   24.57   24.51
c rst  geom best   vs   244   67K    2464 19120   877    4.11    4.02   190   497   37K    97   24.69   24.64
c rst  geom  stb   vs   245   67K    2464 19120   877    4.11    4.02   194   523   37K    97   24.89   24.84
c rst  geom  stb   vs   246   68K    2464 19120   877    4.11    4.02   200   540   38K    97   25.09   25.04
c rst  geom  stb   vs   247   68K    2464 19120   877    4.11    4.02   207   575   38K    97   25.39   25.33
c rst  geom  stb   vs   248   69K    2464 19120   877    4.11    4.02   208   585   39K    97   25.57   25.51
c rst  geom  stb   vs   249   70K    2464 19120   877    4.11    4.02   468   349   40K    97   25.69   25.64
c rst  geom  stb   vs   250   70K    2464 19120   877    4.11    4.02   468   354   40K    97   25.94   25.88
c rst  geom  stb   vs   251   71K    2464 19120   877    4.11    4.02   476   381   41K    97   26.18   26.12
c rst  geom  stb   vs   252   72K    2464 19120   877    4.11    4.02   476   388   42K    97   26.30   26.24
c rst  geom  stb   vs   253   73K    2464 19120   877    4.11    4.02   476   399   43K    97   26.57   26.52
c [distill-bin] useful: 0/877/877 lits-rem: 0 cl-rem: 0 0-depth-assigns: 0 T: 0.01 T-out: N
c rst  geom ibes   vs   254   74K    2464 19120   877    4.11    4.02   483   413   44K    97   26.81   26.76
c [branch] adjusting to: vmtf (from: vsid) var_decay:0.95 descr: VMTF
c rst  luby ibes  vmt   255   75K    2464 19120   877    4.11    4.02   518   770   33K    97   27.34   27.27
c rst  luby ibes  vmt   256   75K    2464 19120   877    4.11    4.02   518   770   33K    97   27.31   27.24
c rst  luby ibes  vmt   257   75K    2464 19120   877    4.11    4.02   518   772   33K    97   27.24   27.17
c rst  luby ibes  vmt   258   75K    2464 19120   877    4.11    4.02   518   773   33K    97   27.22   27.15
c rst  luby ibes  vmt   259   75K    2464 19120   877    4.11    4.02   518   774   33K    97   27.21   27.14
c rst  luby ibes  vmt   260   75K    2464 19120   877    4.11    4.02   518   777   34K    97   27.17   27.11
c rst  luby ibes  vmt   261   76K    2464 19120   877    4.11    4.02   518   780   34K    97   27.14   27.07
c rst  luby ibes  vmt   262   76K    2464 19120   877    4.11    4.02   518   783   34K    97   27.23   27.16
c rst  luby ibes  vmt   263   76K    2464 19120   877    4.11    4.02   519   789   34K    97   27.24   27.17
c rst  luby ibes  vmt   264   76K    2464 19120   877    4.11    4.02   519   795   34K    97   27.35   27.28
c rst  luby ibes  vmt   265   76K    2464 19120   877    4.11    4.02   522   797   34K    97   27.35   27.29
c rst  luby ibes  vmt   266   76K    2464 19120   877    4.11    4.02   522   804   35K    97   27.36   27.29
c rst  luby ibes  vmt   267   76K    2464 19120   877    4.11    4.02   523   815   35K    97   27.36   27.30
c rst  luby ibes  vmt   268   77K    2464 19120   877    4.11    4.02   528   862   35K    97   27.40   27.34
c [distill] watch-based irred--  cl tried     7656 cl-sh   139 cl-rem  152 lit-rem    145 T: 0.00 T-out: N
c [distill] watch-based   red--  cl tried     1055 cl-sh   137 cl-rem    1 lit-rem    220 T: 0.00 T-out: N
c rst  luby ibes  vmt   269   78K    2464 18968   887    4.10    4.01   530   893   36K    87   27.70   27.64
c rst  luby ibes  vmt   270   78K    2464 18968   887    4.10    4.01   533   897   36K    87   27.72   27.66
c rst  luby ibes  vmt   271   78K    2464 18968   887    4.10    4.01   533   906   36K    87   27.74   27.68
c rst  luby ibes  vmt   272   78K    2464 18968   887    4.10    4.01   534   913   36K    87   27.74   27.68
c rst  luby ibes  vmt   273   78K    2464 18968   887    4.10    4.01   536   915   36K    87   27.73   27.67
c rst  luby ibes  vmt   274   78K    2464 18968   887    4.10    4.01   537   923   36K    87   27.74   27.68
c rst  luby ibes  vmt   275   78K    2464 18968   887    4.10    4.01   540   938   37K    87   27.74   27.68
c rst  luby ibes  vmt   276   79K    2464 18968   887    4.10    4.01   543   954   37K    87   27.92   27.87
c rst  luby ibes  vmt   277   79K    2464 18968   887    4.10    4.01   544   955   37K    87   27.92   27.87
c rst  luby ibes  vmt   278   79K    2464 18968   887    4.10    4.01   545   957   37K    87   27.96   27.90
c rst  luby  svd  vmt   279   79K    2464 18968   887    4.10    4.01   546   966   37K    87   28.04   27.98
c rst  luby  svd  vmt   280   79K    2464 18968   887    4.10    4.01   546   978   38K    87   28.04   27.98
c rst  luby  svd  vmt   281   79K    2464 18968   887    4.10    4.01   546   989   38K    87   28.07   28.01
c rst  luby  svd  vmt   282   80K    2464 18968   887    4.10    4.01   826   706   38K    87   28.12   28.06
c rst  luby  svd  vmt   283   80K    2464 18968   887    4.10    4.01   833   738   38K    87   28.18   28.13
c rst  luby  svd  vmt   284   81K    2464 18968   887    4.10    4.01   837   769   39K    87   28.45   28.40
c [distill-long-red0] cls tried: 650/650 T: 0.02 T-out: N T-r: 99.14%
c [distill-long-red1] cls tried: 72/588 T: 0.01 T-out: Y T-r: -3.20%
c [full-probe]  bin_only: 0 set: 0 repl: 0 T: 0.00 T-out: N T-r: 97.30%
c rst  luby  svd  vmt   285   82K    2464 18968   887    4.10    4.01   842   818   40K    89   28.63   28.57
c rst  luby  svd  vmt   286   83K    2464 18968   887    4.10    4.01   842   821   41K    89   28.64   28.58
c rst  luby  svd  vmt   287   83K    2464 18968   887    4.10    4.01   844   823   41K    89   28.65   28.59
c rst  luby  svd  vmt   288   83K    2464 18968   887    4.10    4.01   846   829   41K    89   28.65   28.59
c rst  luby  svd  vmt   289   83K    2464 18968   887    4.10    4.01   848   832   41K    89   28.63   28.58
c rst  luby  svd  vmt   290   83K    2464 18968   887    4.10    4.01   848   834   41K    89   28.63   28.58
c rst  luby  svd  vmt   291   83K    2464 18968   887    4.10    4.01   848   844   41K    89   28.63   28.58
c rst  luby  svd  vmt   292   84K    2464 18968   887    4.10    4.01   853   852   42K    89   28.62   28.56
c rst  luby  svd  vmt   293   84K    2464 18968   887    4.10    4.01   856   857   42K    89   28.62   28.57
c rst  luby  svd  vmt   294   84K    2464 18968   887    4.10    4.01   856   863   42K    89   28.62   28.57
c rst  luby  svd  vmt   295   84K    2464 18968   887    4.10    4.01   856   873   42K    89   28.64   28.59
c rst  luby  svd  vmt   296   84K    2464 18968   887    4.10    4.01   856   876   42K    89   28.67   28.62
c rst  luby  svd  vmt   297   84K    2464 18968   887    4.10    4.01   856   882   42K    89   28.68   28.63
c rst  luby  svd  vmt   298   85K    2464 18968   887    4.10    4.01   856   885   42K    89   28.80   28.75
c rst  luby  svd  vmt   299   85K    2464 18968   887    4.10    4.01   857   906   43K    89   28.85   28.80
c rst  luby  svd  vmt   300   86K    2464 18968   887    4.10    4.01   859   933   44K    89   28.93   28.88
c rst  geom best  vmt   301   86K    2464 18968   887    4.10    4.01   861   938   44K    89   28.95   28.89
c rst  geom best  vmt   302   86K    2464 18968   887    4.10    4.01   863   945   44K    89   28.96   28.91
c rst  geom best  vmt   303   86K    2464 18968   887    4.10    4.01   863   952   44K    89   28.99   28.94
c rst  geom best  vmt   304   86K    2464 18968   887    4.10    4.01   867   964   44K    89   29.00   28.94
c rst  geom best  vmt   305   86K    2464 18968   887    4.10    4.01   869   966   44K    89   29.01   28.96
c rst  geom best  vmt   306   87K    2464 18968   887    4.10    4.01   869   973   44K    89   29.05   29.00
c rst  geom best  vmt   307   87K    2464 18968   887    4.10    4.01   869   980   45K    89   29.11   29.06
c rst  geom best  vmt   308   87K    2464 18968   887    4.10    4.01   870   989   45K    89   29.13   29.08
c rst  geom best  vmt   309   87K    2464 18968   887    4.10    4.01   871  1003   45K    89   29.13   29.08
c [branch] adjusting to: vsid (from: vmtf) var_decay:0.95 descr: VSIDS
c rst  geom best   vs   310   87K    2464 18968   887    4.10    4.01   871  1009   45K    89   29.18   29.13
c rst  geom best   vs   311   87K    2464 18968   887    4.10    4.01   872  1011   45K    89   29.21   29.16
c rst  geom best   vs   312   88K    2464 18968   887    4.10    4.01   872  1021   45K    89   29.25   29.20
c rst  geom best   vs   313   88K    2464 18968   887    4.10    4.01   874  1029   45K    89   29.25   29.20
c [ccnr] tries: 0 steps: 262143 best found: 16
c [ccnr] tries: 0 steps: 524287 best found: 14
c [ccnr] saving best assignment phase to stable_polar
c [ccnr] bumping based on var unsat frequency: conflict_ct
c [ccnr] Bumped vars: 2773 bump type: 6
c [ccnr] time: 0.37
c rst  geom best   vs   314   88K    2464 18968   887    4.10    4.01   876  1031   46K    89   29.30   29.25
c rst  geom best   vs   315   88K    2464 18968   887    4.10    4.01   877  1037   46K    89   29.30   29.25
c rst  geom best   vs   316   88K    2464 18968   887    4.10    4.01   880  1040   46K    89   29.37   29.32
c rst  geom best   vs   317   88K    2464 18968   887    4.10    4.01   881  1046   46K    89   29.40   29.35
c rst  geom best   vs   318   89K    2464 18968   887    4.10    4.01   882  1057   46K    89   29.47   29.42
c rst  geom best   vs   319   89K    2464 18968   887    4.10    4.01   882  1068   47K    89   29.55   29.50
c rst  geom best   vs   320   89K    2464 18968   887    4.10    4.01   883  1073   47K    89   29.56   29.51
c rst  geom best   vs   321   90K    2464 18968   887    4.10    4.01  1257  1384   34K    89   31.43   31.36
c rst  geom best   vs   322   90K    2464 18968   887    4.10    4.01  1258  1394   34K    89   31.55   31.48
c rst  geom best   vs   323   90K    2464 18968   887    4.10    4.01  1258  1399   35K    89   31.61   31.54
c rst  geom best   vs   324   91K    2464 18968   887    4.10    4.01  1262  1412   35K    89   31.64   31.57
c rst  geom best   vs   325   91K    2464 18968   887    4.10    4.01  1265  1420   35K    89   31.75   31.69
c rst  geom best   vs   326   92K    2464 18968   887    4.10    4.01  1265  1426   36K    89   31.89   31.82
c rst  geom  stb   vs   327   92K    2464 18968   887    4.10    4.01  1271  1439   36K    89   31.95   31.88
c rst  geom  stb   vs   328   93K    2464 18968   887    4.10    4.01  1276  1450   37K    89   31.92   31.85
c rst  geom  stb   vs   329   93K    2464 18968   887    4.10    4.01  1280  1462   38K    89   31.97   31.90
c [distill-bin] useful: 0/887/887 lits-rem: 0 cl-rem: 0 0-depth-assigns: 0 T: 0.01 T-out: N
c rst  geom  stb   vs   330   94K    2464 18968   887    4.10    4.01  1282  1477   38K    89   32.04   31.98
c rst  geom  stb   vs   331   95K    2464 18968   887    4.10    4.01  1283  1493   39K    89   32.09   32.02
c rst  geom  stb   vs   332   96K    2464 18968   887    4.10    4.01  1283  1499   40K    89   32.10   32.04
c rst  geom  stb   vs   333   97K    2464 18968   887    4.10    4.01  1289  1512   41K    89   32.24   32.18
c [distill-long-red0] cls tried: 452/452 T: 0.02 T-out: N T-r: 99.26%
c [distill-long-red1] cls tried: 43/1260 T: 0.01 T-out: Y T-r: -3.54%
c rst  geom  stb   vs   334   98K    2464 18968   887    4.10    4.01  1292  1520   42K    89   32.28   32.22
c rst  geom ibes   vs   335   99K    2464 18968   887    4.10    4.01  1292  1525   43K    89   32.34   32.28
c rst  geom ibes   vs   336  100K    2464 18968   887    4.10    4.01  1463  1369   44K    89   32.28   32.22
c [impl-str] lit bin: 0 set-var: 0 T: 0.00 T-out: N T-r: 99.95% w-visit: 5546
c [impl-sub] bin: 4 T: 0.00 T-out: N w-visit: 5546
c rst  geom ibes   vs   337  102K    2464 18968   887    4.10    4.01  1468  1387   46K    85   32.30   32.25
c [branch] adjusting to: vmtf (from: vsid) var_decay:0.95 descr: VMTF
c [full-probe]  bin_only: 1 set: 0 repl: 0 T: 0.00 T-out: N T-r: 99.71%
c rst  luby ibes  vmt   338  102K    2464 18968   887    4.10    4.01  1488  1437   46K    88   32.31   32.26
c rst  luby ibes  vmt   339  102K    2464 18968   887    4.10    4.01  1489  1441   46K    88   32.33   32.27
c [distill] watch-based irred--  cl tried     7504 cl-sh     0 cl-rem    0 lit-rem      0 T: 0.01 T-out: N
c [distill] watch-based   red--  cl tried     2978 cl-sh   224 cl-rem    0 lit-rem    398 T: 0.00 T-out: N
c rst  luby ibes  vmt   340  102K    2464 18968   887    4.10    4.01  1490  1443   46K    88   32.31   32.26
c rst  luby ibes  vmt   341  102K    2464 18968   887    4.10    4.01  1491  1445   46K    88   32.30   32.24
c rst  luby ibes  vmt   342  102K    2464 18968   887    4.10    4.01  1492  1446   46K    88   32.28   32.23
c rst  luby ibes  vmt   343  102K    2464 18968   887    4.10    4.01  1494  1451   47K    88   32.26   32.21
c rst  luby ibes  vmt   344  103K    2464 18968   887    4.10    4.01  1495  1462   47K    88   32.24   32.19
c rst  luby ibes  vmt   345  103K    2464 18968   887    4.10    4.01  1496  1462   47K    88   32.24   32.18
c rst  luby ibes  vmt   346  103K    2464 18968   887    4.10    4.01  1499  1462   47K    88   32.23   32.18
c rst  luby ibes  vmt   347  103K    2464 18968   887    4.10    4.01  1499  1464   47K    88   32.23   32.18
c rst  luby ibes  vmt   348  103K    2464 18968   887    4.10    4.01  1499  1465   47K    88   32.22   32.17
c rst  luby ibes  vmt   349  103K    2464 18968   887    4.10    4.01  1499  1467   48K    88   32.23   32.18
c rst  luby ibes  vmt   350  104K    2464 18968   887    4.10    4.01  1499  1468   48K    88   32.23   32.18
c rst  luby ibes  vmt   351  104K    2464 18968   887    4.10    4.01  1501  1485   48K    88   32.21   32.16
c rst  luby  svd  vmt   352  105K    2464 18968   887    4.10    4.01  1509  1894   36K    88   34.33   34.26
c rst  luby  svd  vmt   353  105K    2464 18968   887    4.10    4.01  1509  1897   36K    88   34.34   34.27
c rst  luby  svd  vmt   354  105K    2464 18968   887    4.10    4.01  1510  1902   36K    88   34.34   34.27
c rst  luby  svd  vmt   355  105K    2464 18968   887    4.10    4.01  1510  1911   36K    88   34.34   34.27
c rst  luby  svd  vmt   356  105K    2464 18968   887    4.10    4.01  1511  1915   36K    88   34.33   34.26
c rst  luby  svd  vmt   357  105K    2464 18968   887    4.10    4.01  1513  1916   36K    88   34.32   34.25
c rst  luby  svd  vmt   358  106K    2464 18968   887    4.10    4.01  1515  1918   37K    88   34.33   34.26
c rst  luby  svd  vmt   359  106K    2464 18968   887    4.10    4.01  1516  1923   37K    88   34.28   34.21
c rst  luby  svd  vmt   360  106K    2464 18968   887    4.10    4.01  1516  1925   37K    88   34.28   34.21
c rst  luby  svd  vmt   361  106K    2464 18968   887    4.10    4.01  1516  1928   37K    88   34.28   34.21
c rst  luby  svd  vmt   362  107K    2464 18968   887    4.10    4.01  1516  1928   37K    88   34.26   34.20
c rst  luby  svd  vmt   363  107K    2464 18968   887    4.10    4.01  1517  1932   38K    88   34.25   34.18
c rst  luby  svd  vmt   364  107K    2464 18968   887    4.10    4.01  1518  1933   38K    88   34.23   34.16
c rst  luby  svd  vmt   365  107K    2464 18968   887    4.10    4.01  1518  1935   38K    88   34.17   34.11
c rst  luby  svd  vmt   366  107K    2464 18968   887    4.10    4.01  1518  1939   38K    88   34.11   34.04
c rst  luby  svd  vmt   367  108K    2464 18968   887    4.10    4.01  1518  1941   39K    88   34.01   33.95
c rst  luby  svd  vmt   368  110K    2464 18968   887    4.10    4.01  1686  1790   41K    88   33.69   33.63
c rst  luby  svd  vmt   369  110K    2464 18968   887    4.10    4.01  1687  1792   41K    88   33.68   33.61
c rst  luby  svd  vmt   370  110K    2464 18968   887    4.10    4.01  1688  1792   41K    88   33.65   33.59
c rst  luby  svd  vmt   371  110K    2464 18968   887    4.10    4.01  1688  1792   41K    88   33.59   33.53
c rst  luby  svd  vmt   372  110K    2464 18968   887    4.10    4.01  1688  1793   41K    88   33.57   33.51
c rst  geom best  vmt   373  110K    2464 18968   887    4.10    4.01  1688  1803   41K    88   33.59   33.52
c rst  geom best  vmt   374  110K    2464 18968   887    4.10    4.01  1688  1806   41K    88   33.63   33.57
c rst  geom best  vmt   375  111K    2464 18968   887    4.10    4.01  1688  1812   41K    88   33.66   33.60
c rst  geom best  vmt   376  111K    2464 18968   887    4.10    4.01  1688  1815   42K    88   33.69   33.63
c rst  geom best  vmt   377  111K    2464 18968   887    4.10    4.01  1689  1817   42K    88   33.69   33.63
c rst  geom best  vmt   378  111K    2464 18968   887    4.10    4.01  1689  1823   42K    88   33.69   33.63
c rst  geom best  vmt   379  111K    2464 18968   887    4.10    4.01  1689  1825   42K    88   33.70   33.64
c rst  geom best  vmt   380  111K    2464 18968   887    4.10    4.01  1690  1830   42K    88   33.70   33.64
c rst  geom best  vmt   381  112K    2464 18968   887    4.10    4.01  1690  1837   43K    88   33.73   33.67
c rst  geom best  vmt   382  112K    2464 18968   887    4.10    4.01  1691  1840   43K    88   33.73   33.67
c [distill-long-red0] cls tried: 546/546 T: 0.02 T-out: N T-r: 99.09%
c [distill-long-red1] cls tried: 66/1550 T: 0.01 T-out: Y T-r: -3.59%
c rst  geom best  vmt   383  112K    2464 18968   887    4.10    4.01  1691  1849   43K    90   33.82   33.76
c rst  geom best  vmt   384  113K    2464 18968   887    4.10    4.01  1692  1858   43K    90   33.84   33.78
c rst  geom best  vmt   385  113K    2464 18968   887    4.10    4.01  1694  1871   44K    90   33.88   33.82
c rst  geom best  vmt   386  113K    2464 18968   887    4.10    4.01  1694  1876   44K    90   33.87   33.81
c rst  geom best  vmt   387  114K    2464 18968   887    4.10    4.01  1694  1881   45K    90   33.92   33.86
c [distill-bin] useful: 0/887/887 lits-rem: 0 cl-rem: 0 0-depth-assigns: 0 T: 0.01 T-out: N
c rst  geom best  vmt   388  114K    2464 18968   887    4.10    4.01  1694  1890   45K    90   33.89   33.84
c rst  geom best  vmt   389  115K    2464 18968   887    4.10    4.01  1694  1901   45K    90   33.93   33.87
c rst  geom best  vmt   390  115K    2464 18968   887    4.10    4.01  1695  1905   46K    90   34.07   34.01
c [gauss] XOR-encoding clauses are not detached, so no need to reattach them.
c [g 0] truth-find prop checks  : 41K
c [g 0] -> of which prop        : 15.76 %
c [g 0] -> of which confl       :  1.13 %
c [g 0] elim called             : 9492
c [g 0] ---> which lead to prop : 31.85 %
c [g 0] ---> which lead to confl:  1.38 %
c [g 0] size: 45    x 459  
c [scc] new: 1 BP 0M T: 0.00
c [vrep] vars 1 lits 732 rem-bin-cls 6 rem-long-cls 0 BP 0M T: 0.01
c [scc] new: 0 BP 0M T: 0.00
c [vrep] vars 0 lits 0 rem-bin-cls 0 rem-long-cls 0 BP 0M T: 0.00
c [intree] Set 0 vars hyper-added: 3 trans-irred: 0 trans-red: 1 T: 0.01 T-out: N T-r: -2.13%
c [find&init matx] performing matrix init
c [gauss] XOR-encoding clauses are not detached, so no need to reattach them.
c [xor-rem-unconnected] left with 1890 xors from 1890 non-empty xors T: 0.00
c [xor-together] xored together: 1842 orig xors: 1890 new xors: 48 T: 0.00
c [xor-rem-unconnected] left with 48 xors from 48 non-empty xors T: 0.00
c [xor-clean-equiv] removed equivalent xors: 0 left with: 48
c [matrix] unused xors from cleaning: 0
c [matrix] Good   matrix 0 48      x461    density:0.1757  xorlen avg: 81.00
c [matrix] Using 1 matrices recovered from 0 xors T: 0.00 T-out: N
c rst  geom best vmt  391   116 K 2463    18968   887 4.10    4.01     1695  1908   47K    88 34.12   34.06  
c rst  geom best vmt  392   116 K 2463    18968   887 4.10    4.01     1695  1908   47K    88 34.06   34.01  
c rst  geom stb  vmt  393   117 K 2463    18968   887 4.10    4.01     1695  1908   48K    88 34.08   34.02  
c [branch] adjusting to: vsid (from: vmtf) var_decay:0.95 descr: VSIDS
c rst  geom stb  vs   394   117 K 2463    18968   887 4.10    4.01     1695  1908   48K    88 34.11   34.06  
c rst  geom stb  vs   395   117 K 2463    18968   887 4.10    4.01     1695  1909   48K    88 34.11   34.06  
c rst  geom stb  vs   396   118 K 2463    18968   887 4.10    4.01     1695  1909   48K    88 34.15   34.10  
c rst  geom stb  vs   397   118 K 2463    18968   887 4.10    4.01     1695  1909   48K    88 34.18   34.12  
c rst  geom stb  vs   398   118 K 2463    18968   887 4.10    4.01     1695  1909   49K    88 34.17   34.11  
c rst  geom stb  vs   399   118 K 2463    18968   887 4.10    4.01     1695  1909   49K    88 34.15   34.10  
c rst  geom stb  vs   400   118 K 2463    18968   887 4.10    4.01     1695  1909   49K    88 34.15   34.10  
c rst  geom stb  vs   401   118 K 2463    18968   887 4.10    4.01     1695  1909   49K    88 34.13   34.08  
c rst  geom stb  vs   402   119 K 2463    18968   887 4.10    4.01     1695  1909   49K    88 34.08   34.02  
c rst  geom stb  vs   403   119 K 2463    18968   887 4.10    4.01     1695  1909   50K    88 34.05   34.00  
c rst  geom stb  vs   404   119 K 2463    18968   887 4.10    4.01     1695  1909   50K    88 34.01   33.96  
c rst  geom stb  vs   405   120 K 2463    18968   887 4.10    4.01     1792  2224   37K    88 32.33   32.26  
c rst  geom stb  vs   406   120 K 2463    18968   887 4.10    4.01     1792  2224   37K    88 32.26   32.20  
c rst  geom stb  vs   407   120 K 2463    18968   887 4.10    4.01     1792  2224   37K    88 32.22   32.16  
c rst  geom stb  vs   408   121 K 2463    18968   887 4.10    4.01     1792  2224   38K    88 32.25   32.18  
c rst  geom stb  vs   409   121 K 2463    18968   887 4.10    4.01     1792  2224   38K    88 32.20   32.14  
c rst  geom stb  vs   410   122 K 2463    18968   887 4.10    4.01     1792  2224   39K    88 32.18   32.12  
c rst  geom stb  vs   411   122 K 2463    18968   887 4.10    4.01     1792  2224   39K    88 32.15   32.09  
c [full-probe]  bin_only: 0 set: 0 repl: 0 T: 0.01 T-out: N T-r: 94.85%
c rst  geom stb  vs   412   123 K 2463    18968   887 4.10    4.01     1792  2225   40K    90 32.11   32.05  
c rst  geom ibes vs   413   123 K 2463    18968   887 4.10    4.01     1792  2225   40K    90 32.00   31.94  
c rst  geom ibes vs   414   124 K 2463    18968   887 4.10    4.01     1792  2225   41K    90 31.77   31.71  
c rst  geom ibes vs   415   125 K 2463    18968   887 4.10    4.01     1792  2225   42K    90 31.56   31.50  
c rst  geom ibes vs   416   126 K 2463    18968   887 4.10    4.01     1792  2226   43K    90 31.27   31.21  
c rst  geom ibes vs   417   127 K 2463    18968   887 4.10    4.01     1792  2227   44K    90 31.03   30.97  
c rst  geom ibes vs   418   128 K 2463    18968   887 4.10    4.01     1792  2227   45K    90 30.69   30.63  
c [distill-long-red0] cls tried: 101/101 T: 0.01 T-out: N T-r: 99.78%
c [distill-long-red1] cls tried: 37/1873 T: 0.01 T-out: Y T-r: -1.67%
c [distill] watch-based irred--  cl tried 7504     cl-sh 0     cl-rem 0    lit-rem 0      T: 0.00 T-out: N
c [distill] watch-based red  --  cl tried 3580     cl-sh 51    cl-rem 2    lit-rem 100    T: 0.00 T-out: N
c rst  geom ibes vs   419   129 K 2463    18968   887 4.10    4.01     1789  2229   46K    91 30.48   30.43  
c rst  geom ibes vs   420   130 K 2463    18968   887 4.10    4.01     1800  2142   47K    91 30.25   30.20  
c rst  geom svd  vs   421   132 K 2463    18968   887 4.10    4.01     1800  2142   49K    91 29.95   29.90  
c rst  geom svd  vs   422   133 K 2463    18968   887 4.10    4.01     1800  2145   50K    91 30.02   29.97  
c [ccnr] tries: 0 steps: 262143 best found: 14
c [ccnr] tries: 0 steps: 524287 best found: 14
c [ccnr] tries: 0 steps: 786431 best found: 10
c [ccnr] saving best assignment phase to stable_polar
c [ccnr] bumping based on var unsat frequency: conflict_ct
c [ccnr] Bumped vars: 2773 bump type: 6
c [ccnr] time: 0.38
c rst  geom svd  vs   423   134 K 2463    18968   887 4.10    4.01     1800  2145   51K    91 29.90   29.86  
c recursive minimization cost OK: 398Kcost/(% lits removed)
c [gauss] XOR-encoding clauses are not detached, so no need to reattach them.
c [g 0] truth-find prop checks  : 307K
c [g 0] -> of which prop        : 74.37 %
c [g 0] -> of which confl       :  2.60 %
c [g 0] elim called             : 11883
c [g 0] ---> which lead to prop : 73.69 %
c [g 0] ---> which lead to confl:  2.02 %
c [g 0] size: 48    x 461  
c --> Executing strategy token: scc-vrepl
c [scc] new: 1 BP 0M T: 0.00
c --> Executing strategy token: sub-impl
c [impl-sub] bin: 6 T: 0.00 T-out: N w-visit: 5546
c --> Executing strategy token: breakid
c --> Executing OCC strategy token(s): 'occ-backw-sub-str,occ-clean-implicit,occ-bve,occ-bva,occ-ternary-res,occ-xor,'
c [occ] mem usage for occur 1      MB
c [occ] Linked in IRRED BIN by default: 886
c [occ] Linked in RED   BIN by default: 86
c [occ] mem usage for occur 0      MB
c Mem for watch alloc      : 8           MB (21.33     %)
c Mem for watch array      : 0           MB (0.32      %)
c --> Executing OCC strategy token: occ-backw-sub-str
c [occ-backw-sub-str-long-w-bins] subs: 0 str: 2 tried: 4762 0-depth ass: 0 T: 0.00 T-out: N T-r: 99.64%
c [occ-backw-sub-long-w-long] rem cl: 809 tried: 74472/74472 (100.0%) T: 0.01 T-out: N T-r: 95.82%
c [occ-backw-sub-str-long-w-long] sub: 3 str: 153 tried: 223416/74472 (300.0)  T: 0.06 T-out: N T-r: 87.69%
c --> Executing OCC strategy token: occ-clean-implicit
c --> Executing OCC strategy token: occ-bve
c [occ-empty-res] Empty resolvent elimed: 0 T: 0.00 T-out: N
c [occ-bve] iter v-elim 0
c cl_inc_rate=1.0, var_dec_rate=1.0 (grow=0)
c Reduced to 2463 vars, 19295 cls (grow=0)
c [occ-bve] iter v-elim 7
c cl_inc_rate=1.0, var_dec_rate=1.0 (grow=8)
c Reduced to 2456 vars, 19271 cls (grow=8)
c [occ-bve] iter v-elim 956
c cl_inc_rate=1.8, var_dec_rate=1.6 (grow=16)
c Reduced to 1500 vars, 34375 cls (grow=16)
c x n vars       : 1500
c #try to eliminate:  8820
c #var-elim        :   963
c #T-o: N
c #T-r: 99.82%
c #T  : 0.20
c [occur] 0.03 is overhead
c [occur] link-in T: 0.03 cleanup T: 0.00
c --> Executing OCC strategy token: occ-bva
c --> Executing OCC strategy token: occ-ternary-res
c [occ-ternary-res] Ternary res-tri: 0 res-bin: 0 sub: 0 str: 0 T: 0.00 T-out: N T-r: 99.55%
c --> Executing OCC strategy token: occ-xor
c [occ-xor] sort occur list T: 0.00
c [xor-clean-equiv] removed equivalent xors: 0 left with: 956
c [occ-xor] found    956 avg sz 5.9 min sz  4 max sz  6 T: 0.01 T-out: N T-r: 99.97%
c --> Executing strategy token: card-find
c --> Executing strategy token: cl-consolidate
c [mem] consolidate  old-sz: 10642K new-sz: 5269K new bits offs: 20 T: 0.00
c --> Executing strategy token: scc-vrepl
c [scc] new: 1 BP 0M T: 0.00
c [vrep] vars 1 lits 2126 rem-bin-cls 4 rem-long-cls 0 BP 0M T: 0.00
c --> Executing strategy token: renumber
c [gauss] XOR-encoding clauses are not detached, so no need to reattach them.
c [renumber] T: 0.00
c --> Executing strategy token: bosphorus
c --> Executing strategy token: louvain-comms
c [consolidate] mini T: 0.00
c global_timeout_multiplier: 3.6300
c [branch] rebuilding order heap for all branchings. Current branching: vsid
c [find&init matx] performing matrix init
c [gauss] XOR-encoding clauses are not detached, so no need to reattach them.
c [xor-rem-unconnected] left with 956 xors from 956 non-empty xors T: 0.00
c [xor-together] xored together: 904 orig xors: 956 new xors: 52 T: 0.00
c [xor-rem-unconnected] left with 52 xors from 52 non-empty xors T: 0.00
c [xor-clean-equiv] removed equivalent xors: 0 left with: 52
c [matrix] unused xors from cleaning: 0
c [matrix] Good   matrix  0     52 x  469  density:0.1588  xorlen avg: 74.50
c [matrix] Using 1 matrices recovered from 0 xors T: 0.00 T-out: N
c [distill-bin] useful: 4/790/790 lits-rem: 0 cl-rem: 3 0-depth-assigns: 1 T: 0.01 T-out: N
c rst  geom  svd   vs   424  135K    1498   33K   785    5.84    5.76   466   581   26K    82   24.66   24.59
c [branch] adjusting to: vmtf (from: vsid) var_decay:0.95 descr: VMTF
c rst  luby  svd  vmt   425  135K    1498   33K   785    5.84    5.76   480   597   26K    83   24.64   24.57
c rst  luby  svd  vmt   426  135K    1498   33K   785    5.84    5.76   480   604   26K    83   24.75   24.68
c rst  luby  svd  vmt   427  135K    1498   33K   785    5.84    5.76   480   607   26K    83   24.83   24.77
c rst  luby  svd  vmt   428  135K    1498   33K   785    5.84    5.76   480   607   26K    83   24.87   24.80
c rst  luby  svd  vmt   429  135K    1498   33K   785    5.84    5.76   480   607   26K    83   24.87   24.80
c rst  luby  svd  vmt   430  136K    1498   33K   785    5.84    5.76   480   607   26K    83   24.91   24.84
c rst  luby  svd  vmt   431  136K    1498   33K   785    5.84    5.76   480   607   27K    83   24.98   24.91
c rst  luby  svd  vmt   432  136K    1498   33K   785    5.84    5.76   480   607   27K    83   25.01   24.94
c rst  luby  svd  vmt   433  136K    1498   33K   785    5.84    5.76   480   607   27K    83   25.04   24.98
c rst  luby  svd  vmt   434  136K    1498   33K   785    5.84    5.76   480   607   27K    83   25.10   25.03
c rst  luby  svd  vmt   435  137K    1498   33K   785    5.84    5.76   480   607   27K    83   25.13   25.06
c rst  geom best  vmt   436  137K    1498   33K   785    5.84    5.76   480   607   27K    83   25.15   25.09
c rst  geom best  vmt   437  137K    1498   33K   785    5.84    5.76   480   607   27K    83   25.17   25.10
c rst  geom best  vmt   438  137K    1498   33K   785    5.84    5.76   480   607   28K    83   25.22   25.15
c rst  geom best  vmt   439  137K    1498   33K   785    5.84    5.76   480   607   28K    83   25.25   25.18
c rst  geom best  vmt   440  137K    1498   33K   785    5.84    5.76   480   607   28K    83   25.34   25.28
c rst  geom best  vmt   441  137K    1498   33K   785    5.84    5.76   480   607   28K    83   25.42   25.36
c rst  geom best  vmt   442  138K    1498   33K   785    5.84    5.76   480   607   28K    83   25.41   25.34
c rst  geom best  vmt   443  138K    1498   33K   785    5.84    5.76   480   607   28K    83   25.41   25.34
c rst  geom best  vmt   444  138K    1498   33K   785    5.84    5.76   480   607   29K    83   25.45   25.39
c rst  geom best  vmt   445  138K    1498   33K   785    5.84    5.76   480   607   29K    83   25.47   25.41
c rst  geom best  vmt   446  139K    1498   33K   785    5.84    5.76   480   607   29K    83   25.43   25.37
c rst  geom best  vmt   447  139K    1498   33K   785    5.84    5.76   480   607   30K    83   25.53   25.46
c rst  geom best  vmt   448  139K    1498   33K   785    5.84    5.76   480   607   30K    83   25.46   25.40
c rst  geom best  vmt   449  140K    1498   33K   785    5.84    5.76   489   527   30K    83   25.53   25.47
c rst  geom best  vmt   450  140K    1498   33K   785    5.84    5.76   489   527   31K    83   25.44   25.38
c rst  geom best  vmt   451  140K    1498   33K   785    5.84    5.76   489   527   31K    83   25.34   25.28
c rst  geom best  vmt   452  141K    1498   33K   785    5.84    5.76   489   527   32K    83   25.26   25.20
c rst  geom best  vmt   453  142K    1498   33K   785    5.84    5.76   489   527   32K    83   25.27   25.21
c rst  geom best  vmt   454  142K    1498   33K   785    5.84    5.76   489   527   33K    83   25.46   25.40
c [full-probe]  bin_only: 1 set: 0 repl: 0 T: 0.00 T-out: N T-r: 99.72%
c rst  geom best  vmt   455  143K    1498   33K   785    5.84    5.76   489   528   34K    83   25.61   25.55
c [distill-long-red0] cls tried: 35/35 T: 0.00 T-out: N T-r: 99.95%
c [distill-long-red1] cls tried: 55/441 T: 0.01 T-out: Y T-r: -2.96%
c rst  geom best  vmt   456  144K    1498   33K   785    5.84    5.76   489   530   34K    83   25.73   25.68
c rst  geom  stb  vmt   457  144K    1498   33K   785    5.84    5.76   489   530   35K    83   25.74   25.69
c rst  geom  stb  vmt   458  145K    1498   33K   785    5.84    5.76   489   530   36K    83   25.78   25.73
c rst  geom  stb  vmt   459  146K    1498   33K   785    5.84    5.76   489   530   37K    83   25.68   25.63
c rst  geom  stb  vmt   460  147K    1498   33K   785    5.84    5.76   489   530   38K    83   25.51   25.46
c rst  geom  stb  vmt   461  148K    1498   33K   785    5.84    5.76   489   530   39K    83   25.30   25.25
c rst  geom  stb  vmt   462  150K    1498   33K   785    5.84    5.76   491   475   32K    83   24.94   24.88
c rst  geom  stb  vmt   463  151K    1498   33K   785    5.84    5.76   491   475   33K    83   24.81   24.76
c rst  geom ibes  vmt   464  153K    1498   33K   785    5.84    5.76   491   476   35K    83   24.87   24.82
c rst  geom ibes  vmt   465  154K    1498   33K   785    5.84    5.76   491   476   37K    83   25.25   25.20
c [branch] adjusting to: vsid (from: vmtf) var_decay:0.95 descr: VSIDS
c [distill-bin] useful: 0/785/785 lits-rem: 0 cl-rem: 0 0-depth-assigns: 0 T: 0.01 T-out: N
c [distill] watch-based irred--  cl tried     7376 cl-sh     0 cl-rem    0 lit-rem      0 T: 0.00 T-out: N
c [distill] watch-based   red--  cl tried      980 cl-sh     4 cl-rem    2 lit-rem      8 T: 0.00 T-out: N
c rst  geom ibes   vs   466  154K    1498   33K   786    5.84    5.75   489   476   37K    82   25.29   25.24
c rst  geom ibes   vs   467  154K    1498   33K   786    5.84    5.75   489   476   37K    82   25.26   25.21
c rst  geom ibes   vs   468  155K    1498   33K   786    5.84    5.75   489   476   37K    82   25.25   25.20
c rst  geom ibes   vs   469  155K    1498   33K   786    5.84    5.75   489   478   37K    82   25.28   25.23
c rst  geom ibes   vs   470  155K    1498   33K   786    5.84    5.75   489   478   37K    82   25.29   25.24
c rst  geom ibes   vs   471  155K    1498   33K   786    5.84    5.75   489   478   37K    82   25.30   25.25
c rst  geom ibes   vs   472  155K    1498   33K   786    5.84    5.75   489   478   38K    82   25.33   25.28
c rst  geom ibes   vs   473  156K    1498   33K   786    5.84    5.75   489   478   38K    82   25.33   25.28
c rst  geom ibes   vs   474  156K    1498   33K   786    5.84    5.75   489   479   38K    82   25.30   25.25
c rst  geom ibes   vs   475  156K    1498   33K   786    5.84    5.75   489   479   38K    82   25.27   25.22
c rst  geom ibes   vs   476  156K    1498   33K   786    5.84    5.75   489   479   39K    82   25.22   25.17
c rst  geom ibes   vs   477  157K    1498   33K   786    5.84    5.75   489   479   39K    82   25.23   25.18
c rst  geom ibes   vs   478  157K    1498   33K   786    5.84    5.75   489   481   39K    82   25.16   25.11
c rst  geom ibes   vs   479  157K    1498   33K   786    5.84    5.75   489   481   40K    82   25.10   25.05
c rst  geom ibes   vs   480  158K    1498   33K   786    5.84    5.75   489   481   40K    82   25.11   25.06
c rst  geom  svd   vs   481  158K    1498   33K   786    5.84    5.75   489   481   41K    82   25.10   25.06
c [distill-long-red0] cls tried: 5/5 T: 0.00 T-out: N T-r: 99.97%
c [distill-long-red1] cls tried: 62/364 T: 0.01 T-out: Y T-r: -2.24%
c rst  geom  svd   vs   482  159K    1498   33K   786    5.84    5.75   489   481   41K    82   25.05   25.00
c rst  geom  svd   vs   483  159K    1498   33K   786    5.84    5.75   489   481   42K    82   25.01   24.97
c rst  geom  svd   vs   484  160K    1498   33K   786    5.84    5.75   497   453   42K    82   25.04   25.00
c rst  geom  svd   vs   485  160K    1498   33K   786    5.84    5.75   497   455   43K    82   25.07   25.02
c [impl-str] lit bin: 0 set-var: 0 T: 0.00 T-out: N T-r: 99.95% w-visit: 2998
c [impl-sub] bin: 1 T: 0.00 T-out: N w-visit: 2998
c rst  geom  svd   vs   486  161K    1498   33K   786    5.84    5.75   498   455   44K    81   25.12   25.08
c rst  geom  svd   vs   487  162K    1498   33K   786    5.84    5.75   498   456   44K    81   25.13   25.09
c rst  geom  svd   vs   488  163K    1498   33K   786    5.84    5.75   498   456   45K    81   25.27   25.23
c [full-probe]  bin_only: 0 set: 0 repl: 0 T: 0.01 T-out: N T-r: 97.45%
c rst  geom  svd   vs   489  164K    1498   33K   786    5.84    5.75   498   458   46K    81   25.35   25.31
c rst  geom  svd   vs   490  165K    1498   33K   786    5.84    5.75   498   478   35K    81   25.86   25.80
c rst  geom best   vs   491  166K    1498   33K   786    5.84    5.75   498   478   37K    81   25.75   25.70
c rst  geom best   vs   492  167K    1498   33K   786    5.84    5.75   498   479   38K    81   25.71   25.66
c rst  geom best   vs   493  169K    1498   33K   786    5.84    5.75   498   482   39K    81   25.83   25.78
c rst  geom best   vs   494  170K    1498   33K   786    5.84    5.75   502   467   41K    81   26.08   26.03
c rst  geom best   vs   495  172K    1498   33K   786    5.84    5.75   502   468   42K    81   26.07   26.02
c rst  geom  stb   vs   496  174K    1498   33K   786    5.84    5.75   502   468   44K    81   26.49   26.44
c [distill-long-red0] cls tried: 13/13 T: 0.00 T-out: N T-r: 99.97%
c [distill-long-red1] cls tried: 59/300 T: 0.01 T-out: Y T-r: -2.14%
c rst  geom  stb   vs   497  176K    1498   33K   786    5.84    5.75   503   470   46K    81   26.74   26.70
c [branch] adjusting to: vmtf (from: vsid) var_decay:0.95 descr: VMTF
c [distill-bin] useful: 1/786/786 lits-rem: 0 cl-rem: 1 0-depth-assigns: 0 T: 0.01 T-out: N
c rst  luby  stb  vmt   498  176K    1498   33K   785    5.84    5.75   503   470   46K    81   26.75   26.71
c rst  luby  stb  vmt   499  176K    1498   33K   785    5.84    5.75   503   470   47K    81   26.74   26.70
c rst  luby  stb  vmt   500  176K    1498   33K   785    5.84    5.75   508   472   47K    81   26.78   26.73
c rst  luby  stb  vmt   501  176K    1498   33K   785    5.84    5.75   508   472   47K    81   26.83   26.78
c rst  luby  stb  vmt   502  176K    1498   33K   785    5.84    5.75   508   472   47K    81   26.85   26.81
c rst  luby  stb  vmt   503  177K    1498   33K   785    5.84    5.75   508   472   47K    81   26.83   26.79
c rst  luby  stb  vmt   504  177K    1498   33K   785    5.84    5.75   508   472   48K    81   26.82   26.78
c rst  luby  stb  vmt   505  177K    1498   33K   785    5.84    5.75   508   472   48K    81   26.82   26.78
c [ccnr] saving best assignment phase to stable_polar
c [ccnr] bumping based on clause weights
c [ccnr] Bumped vars: 103 bump type: 6
c [ccnr] time: 0.29
c rst  luby  stb  vmt   506  177K    1498   33K   785    5.84    5.75   508   474   48K    81   26.82   26.78
c rst  luby  stb  vmt   507  177K    1498   33K   785    5.84    5.75   508   474   48K    81   26.77   26.73
c rst  luby  stb  vmt   508  178K    1498   33K   785    5.84    5.75   508   474   48K    81   26.75   26.71
c rst  luby  stb  vmt   509  178K    1498   33K   785    5.84    5.75   508   475   48K    81   26.73   26.69
c rst  luby  stb  vmt   510  178K    1498   33K   785    5.84    5.75   508   478   48K    81   26.72   26.68
c rst  luby  stb  vmt   511  178K    1498   33K   785    5.84    5.75   508   478   49K    81   26.80   26.76
c rst  luby  stb  vmt   512  179K    1498   33K   785    5.84    5.75   508   478   50K    81   27.07   27.03
c rst  luby ibes  vmt   513  179K    1498   33K   785    5.84    5.75   508   478   50K    81   27.05   27.01
c rst  luby ibes  vmt   514  179K    1498   33K   785    5.84    5.75   508   478   50K    81   27.03   26.99
c [distill] watch-based irred--  cl tried     7376 cl-sh     0 cl-rem    0 lit-rem      0 T: 0.00 T-out: N
c [distill] watch-based   red--  cl tried     1016 cl-sh     2 cl-rem    0 lit-rem      2 T: 0.00 T-out: N
c rst  luby ibes  vmt   515  179K    1498   33K   785    5.84    5.75   507   478   50K    82   26.99   26.95
c rst  luby ibes  vmt   516  180K    1498   33K   785    5.84    5.75   526   437   36K    82   26.82   26.77
c rst  luby ibes  vmt   517  180K    1498   33K   785    5.84    5.75   526   437   36K    82   26.79   26.74
c rst  luby ibes  vmt   518  180K    1498   33K   785    5.84    5.75   526   437   36K    82   26.74   26.68
c rst  luby ibes  vmt   519  180K    1498   33K   785    5.84    5.75   526   437   37K    82   26.62   26.57
c [gauss] XOR-encoding clauses are not detached, so no need to reattach them.
c [g 0] truth-find prop checks  : 888K
c [g 0] -> of which prop        : 73.06 %
c [g 0] -> of which confl       :  2.63 %
c [g 0] elim called             : 23K
c [g 0] ---> which lead to prop : 80.05 %
c [g 0] ---> which lead to confl:  1.86 %
c [g 0] size: 52    x 469  
c [scc] new: 0 BP 0M T: 0.00
c [vrep] vars 0 lits 0 rem-bin-cls 0 rem-long-cls 0 BP 0M T: 0.00
c [intree] Set 0 vars hyper-added: 7 trans-irred: 0 trans-red: 1 T: 0.00 T-out: N T-r: -1.21%
c [find&init matx] performing matrix init
c [gauss] XOR-encoding clauses are not detached, so no need to reattach them.
c [xor-rem-unconnected] left with 956 xors from 956 non-empty xors T: 0.00
c [xor-together] xored together: 904 orig xors: 956 new xors: 52 T: 0.00
c [xor-rem-unconnected] left with 52 xors from 52 non-empty xors T: 0.00
c [xor-clean-equiv] removed equivalent xors: 0 left with: 52
c [matrix] unused xors from cleaning: 0
c [matrix] Good   matrix 0 52      x468    density:0.1589  xorlen avg: 74.37
c [matrix] Using 1 matrices recovered from 0 xors T: 0.00 T-out: N
c rst  luby ibes vmt  520   180 K 1498      33K   785 5.84    5.75      526   437   37K    88 26.60   26.54  
c rst  luby ibes vmt  521   180 K 1498      33K   785 5.84    5.75      526   437   37K    88 26.57   26.51  
c rst  luby ibes vmt  522   181 K 1498      33K   785 5.84    5.75      526   437   37K    88 26.51   26.45  
c rst  luby ibes vmt  523   181 K 1498      33K   785 5.84    5.75      526   437   37K    88 26.48   26.42  
c rst  luby ibes vmt  524   181 K 1498      33K   785 5.84    5.75      526   437   37K    88 26.45   26.39  
c rst  luby ibes vmt  525   181 K 1498      33K   785 5.84    5.75      526   437   38K    88 26.39   26.34  
c rst  luby ibes vmt  526   182 K 1498      33K   785 5.84    5.75      526   437   38K    88 26.28   26.22  
c rst  luby ibes vmt  527   182 K 1498      33K   785 5.84    5.75      526   437   39K    88 26.06   26.01  
c rst  luby ibes vmt  528   184 K 1498      33K   785 5.84    5.75      526   437   40K    88 25.61   25.56  
c [full-probe]  bin_only: 1 set: 0 repl: 0 T: 0.00 T-out: N T-r: 99.82%
c rst  luby ibes vmt  529   184 K 1498      33K   785 5.84    5.75      526   437   41K    88 25.59   25.54  
c rst  luby ibes vmt  530   184 K 1498      33K   785 5.84    5.75      526   437   41K    88 25.56   25.51  
c rst  luby ibes vmt  531   184 K 1498      33K   785 5.84    5.75      526   437   41K    88 25.51   25.46  
c rst  luby ibes vmt  532   184 K 1498      33K   785 5.84    5.75      526   437   41K    88 25.48   25.43  
c rst  luby ibes vmt  533   185 K 1498      33K   785 5.84    5.75      526   437   41K    88 25.45   25.40  
c rst  luby ibes vmt  534   185 K 1498      33K   785 5.84    5.75      526   437   41K    88 25.40   25.35  
c rst  luby ibes vmt  535   185 K 1498      33K   785 5.84    5.75      526   437   42K    88 25.30   25.25  
c rst  luby ibes vmt  536   185 K 1498      33K   785 5.84    5.75      526   437   42K    88 25.27   25.23  
c rst  luby ibes vmt  537   185 K 1498      33K   785 5.84    5.75      526   437   42K    88 25.25   25.20  
c rst  luby ibes vmt  538   186 K 1498      33K   785 5.84    5.75      526   437   42K    88 25.20   25.16  
c rst  luby ibes vmt  539   186 K 1498      33K   785 5.84    5.75      526   437   42K    88 25.18   25.14  
c rst  luby ibes vmt  540   186 K 1498      33K   785 5.84    5.75      526   437   42K    88 25.17   25.12  
c rst  luby ibes vmt  541   186 K 1498      33K   785 5.84    5.75      526   437   42K    88 25.18   25.14  
c rst  luby svd  vmt  542   186 K 1498      33K   785 5.84    5.75      527   439   43K    88 25.27   25.22  
c rst  luby svd  vmt  543   187 K 1498      33K   785 5.84    5.75      527   440   44K    88 25.43   25.39  
c rst  luby svd  vmt  544   187 K 1498      33K   785 5.84    5.75      527   440   44K    88 25.42   25.38  
c rst  luby svd  vmt  545   187 K 1498      33K   785 5.84    5.75      527   440   44K    88 25.41   25.37  
c rst  luby svd  vmt  546   188 K 1498      33K   785 5.84    5.75      527   440   44K    88 25.39   25.35  
c rst  luby svd  vmt  547   188 K 1498      33K   785 5.84    5.75      527   440   44K    88 25.38   25.34  
c rst  luby svd  vmt  548   188 K 1498      33K   785 5.84    5.75      527   440   44K    88 25.37   25.32  
c rst  luby svd  vmt  549   188 K 1498      33K   785 5.84    5.75      527   440   44K    88 25.34   25.30  
c rst  luby svd  vmt  550   188 K 1498      33K   785 5.84    5.75      527   440   45K    88 25.28   25.24  
c rst  luby svd  vmt  551   188 K 1498      33K   785 5.84    5.75      527   440   45K    88 25.26   25.22  
c rst  luby svd  vmt  552   189 K 1498      33K   785 5.84    5.75      527   440   45K    88 25.25   25.20  
c rst  luby svd  vmt  553   189 K 1498      33K   785 5.84    5.75      527   440   45K    88 25.21   25.17  
c rst  luby svd  vmt  554   189 K 1498      33K   785 5.84    5.75      527   440   45K    88 25.20   25.15  
c [distill-long-red0] cls tried: 25/25 T: 0.00 T-out: N T-r: 99.96%
c [distill-long-red1] cls tried: 68/239 T: 0.01 T-out: Y T-r: -1.36%
c rst  luby svd  vmt  555   189 K 1498      33K   785 5.84    5.75      527   441   45K    88 25.18   25.13  
c rst  luby svd  vmt  556   189 K 1498      33K   785 5.84    5.75      527   441   46K    88 25.15   25.10  
c rst  luby svd  vmt  557   190 K 1498      33K   785 5.84    5.75      528   280   46K    88 25.08   25.04  
c rst  luby svd  vmt  558   190 K 1498      33K   785 5.84    5.75      528   280   47K    88 24.96   24.92  
c rst  luby svd  vmt  559   192 K 1498      33K   785 5.84    5.75      528   280   49K    88 24.99   24.95  
c rst  luby svd  vmt  560   195 K 1498      33K   785 5.84    5.75      528   281   38K    88 24.72   24.67  
c rst  geom best vmt  561   195 K 1498      33K   785 5.84    5.75      528   281   38K    88 24.71   24.66  
c rst  geom best vmt  562   195 K 1498      33K   785 5.84    5.75      528   281   38K    88 24.71   24.66  
c rst  geom best vmt  563   196 K 1498      33K   785 5.84    5.75      528   281   38K    88 24.70   24.65  
c rst  geom best vmt  564   196 K 1498      33K   785 5.84    5.75      528   281   39K    88 24.68   24.63  
c rst  geom best vmt  565   196 K 1498      33K   785 5.84    5.75      528   281   39K    88 24.66   24.61  
c rst  geom best vmt  566   196 K 1498      33K   785 5.84    5.75      528   281   39K    88 24.64   24.59  
c [distill-bin] useful: 0/785/785 lits-rem: 0 cl-rem: 0 0-depth-assigns: 0 T: 0.01 T-out: N
c rst  geom best vmt  567   196 K 1498      33K   785 5.84    5.75      528   281   39K    88 24.61   24.56  
c rst  geom best vmt  568   196 K 1498      33K   785 5.84    5.75      528   281   39K    88 24.58   24.53  
c rst  geom best vmt  569   197 K 1498      33K   785 5.84    5.75      528   281   40K    88 24.55   24.50  
c rst  geom best vmt  570   197 K 1498      33K   785 5.84    5.75      528   281   40K    88 24.52   24.47  
c rst  geom best vmt  571   197 K 1498      33K   785 5.84    5.75      528   281   40K    88 24.47   24.43  
c rst  geom best vmt  572   198 K 1498      33K   785 5.84    5.75      528   281   40K    88 24.44   24.40  
c [branch] adjusting to: vsid (from: vmtf) var_decay:0.95 descr: VSIDS
c rst  geom best vs   573   198 K 1498      33K   785 5.84    5.75      528   281   41K    88 24.43   24.38  
c rst  geom best vs   574   198 K 1498      33K   785 5.84    5.75      528   281   41K    88 24.41   24.37  
c rst  geom best vs   575   198 K 1498      33K   785 5.84    5.75      528   281   41K    88 24.44   24.39  
c rst  geom best vs   576   198 K 1498      33K   785 5.84    5.75      528   281   41K    88 24.44   24.39  
c rst  geom best vs   577   198 K 1498      33K   785 5.84    5.75      528   281   41K    88 24.46   24.41  
c rst  geom best vs   578   198 K 1498      33K   785 5.84    5.75      528   281   41K    88 24.46   24.41  
c rst  geom best vs   579   199 K 1498      33K   785 5.84    5.75      528   282   42K    88 24.45   24.41  
c rst  geom best vs   580   199 K 1498      33K   785 5.84    5.75      528   282   42K    88 24.44   24.40  
c rst  geom best vs   581   199 K 1498      33K   785 5.84    5.75      528   282   42K    88 24.42   24.38  
c rst  geom best vs   582   199 K 1498      33K   785 5.84    5.75      528   282   42K    88 24.40   24.35  
c rst  geom best vs   583   200 K 1498      33K   785 5.84    5.75      529   270   43K    88 24.42   24.37  
c rst  geom best vs   584   200 K 1498      33K   785 5.84    5.75      529   270   43K    88 24.43   24.38  
c rst  geom best vs   585   200 K 1498      33K   785 5.84    5.75      529   270   43K    88 24.43   24.38  
c rst  geom best vs   586   201 K 1498      33K   785 5.84    5.75      529   270   44K    88 24.40   24.36  
c rst  geom best vs   587   201 K 1498      33K   785 5.84    5.75      529   270   44K    88 24.44   24.40  
c rst  geom best vs   588   201 K 1498      33K   785 5.84    5.75      529   270   44K    88 24.47   24.43  
c rst  geom best vs   589   202 K 1498      33K   785 5.84    5.75      529   270   45K    88 24.46   24.41  
c rst  geom best vs   590   202 K 1498      33K   785 5.84    5.75      529   270   45K    88 24.55   24.51  
c rst  geom stb  vs   591   203 K 1498      33K   785 5.84    5.75      529   270   46K    88 24.69   24.65  
c rst  geom stb  vs   592   204 K 1498      33K   785 5.84    5.75      529   270   47K    88 24.75   24.71  
c rst  geom stb  vs   593   204 K 1498      33K   785 5.84    5.75      530   272   47K    88 24.89   24.84  
c [distill-long-red0] cls tried: 3/3 T: 0.00 T-out: N T-r: 99.99%
c [distill-long-red1] cls tried: 97/97 T: 0.01 T-out: N T-r: 31.88%
c [full-probe]  bin_only: 0 set: 0 repl: 0 T: 0.00 T-out: N T-r: 97.90%
c [distill] watch-based irred--  cl tried 7376     cl-sh 0     cl-rem 0    lit-rem 0      T: 0.00 T-out: N
c [distill] watch-based red  --  cl tried 1060     cl-sh 3     cl-rem 0    lit-rem 3      T: 0.00 T-out: N
c rst  geom stb  vs   594   205 K 1498      33K   785 5.84    5.75      530   272   48K    88 25.18   25.14  
c rst  geom stb  vs   595   206 K 1498      33K   785 5.84    5.75      530   272   49K    88 25.37   25.33  
c rst  geom stb  vs   596   207 K 1498      33K   785 5.84    5.75      530   272   50K    88 25.45   25.41  
c rst  geom stb  vs   597   208 K 1498      33K   785 5.84    5.75      530   272   51K    88 25.74   25.70  
c rst  geom stb  vs   598   209 K 1498      33K   785 5.84    5.75      530   272   52K    88 25.93   25.89  
c rst  geom stb  vs   599   211 K 1498      33K   785 5.84    5.75      539   202   38K    88 25.60   25.55  
c rst  geom ibes vs   600   212 K 1498      33K   785 5.84    5.75      539   202   39K    88 25.86   25.81  
c rst  geom ibes vs   601   214 K 1498      33K   785 5.84    5.75      539   202   41K    88 25.65   25.60  
c rst  geom ibes vs   602   215 K 1498      33K   785 5.84    5.75      539   203   42K    88 25.55   25.50  
c rst  geom ibes vs   603   217 K 1498      33K   785 5.84    5.75      539   209   44K    88 25.68   25.63  
c [distill-bin] useful: 0/785/785 lits-rem: 0 cl-rem: 0 0-depth-assigns: 0 T: 0.01 T-out: N
c rst  geom ibes vs   604   219 K 1498      33K   785 5.84    5.75      539   212   46K    88 25.88   25.84  
c rst  geom svd  vs   605   221 K 1498      33K   785 5.84    5.75      553   196   49K    88 27.07   27.02  
c [distill-long-red0] cls tried: 10/10 T: 0.00 T-out: N T-r: 99.97%
c [distill-long-red1] cls tried: 11/11 T: 0.00 T-out: N T-r: 90.33%
c [impl-str] lit bin: 0 set-var: 0 T: 0.00 T-out: N T-r: 99.95% w-visit: 2998
c [impl-sub] bin: 0 T: 0.00 T-out: N w-visit: 2998
c [ccnr] saving best assignment phase to stable_polar
c [ccnr] bumping based on var unsat frequency: conflict_ct
c [ccnr] Bumped vars: 1499 bump type: 6
c [ccnr] time: 0.27
c rst  geom svd  vs   606   224 K 1498      33K   785 5.84    5.75      556   197   51K    88 27.28   27.24  
c [branch] adjusting to: vmtf (from: vsid) var_decay:0.95 descr: VMTF
c rst  luby svd  vmt  607   224 K 1498      33K   785 5.84    5.75      564   211   51K    88 27.26   27.22  
c rst  luby svd  vmt  608   224 K 1498      33K   785 5.84    5.75      565   217   51K    88 27.25   27.21  
c rst  luby svd  vmt  609   224 K 1498      33K   785 5.84    5.75      565   217   51K    88 27.35   27.31  
c rst  luby svd  vmt  610   224 K 1498      33K   785 5.84    5.75      565   217   52K    88 27.35   27.31  
c rst  luby svd  vmt  611   224 K 1498      33K   785 5.84    5.75      565   217   52K    88 27.35   27.31  
c [full-probe]  bin_only: 1 set: 0 repl: 0 T: 0.00 T-out: N T-r: 99.78%
c rst  luby svd  vmt  612   225 K 1498      33K   785 5.84    5.75      568   250   38K    88 28.29   28.23  
c rst  luby svd  vmt  613   225 K 1498      33K   785 5.84    5.75      568   250   38K    88 28.24   28.18  
c rst  luby svd  vmt  614   225 K 1498      33K   785 5.84    5.75      568   250   38K    88 28.23   28.18  
c rst  luby svd  vmt  615   225 K 1498      33K   785 5.84    5.75      568   250   38K    88 28.24   28.18  
c rst  luby svd  vmt  616   225 K 1498      33K   785 5.84    5.75      568   250   38K    88 28.26   28.20  
c rst  luby svd  vmt  617   226 K 1498      33K   785 5.84    5.75      568   250   38K    88 28.26   28.20  
c rst  luby svd  vmt  618   226 K 1498      33K   785 5.84    5.75      568   250   39K    88 28.26   28.21  
c rst  luby svd  vmt  619   226 K 1498      33K   785 5.84    5.75      568   250   39K    88 28.22   28.17  
c rst  luby svd  vmt  620   226 K 1498      33K   785 5.84    5.75      568   250   39K    88 28.23   28.17  
c rst  luby svd  vmt  621   227 K 1498      33K   785 5.84    5.75      568   250   40K    88 28.35   28.29  
c rst  geom best vmt  622   227 K 1498      33K   785 5.84    5.75      568   250   40K    88 28.38   28.32  
c rst  geom best vmt  623   227 K 1498      33K   785 5.84    5.75      568   250   40K    88 28.39   28.33  
c rst  geom best vmt  624   227 K 1498      33K   785 5.84    5.75      568   251   40K    88 28.39   28.33  
c rst  geom best vmt  625   228 K 1498      33K   785 5.84    5.75      568   251   41K    88 28.39   28.34  
c rst  geom best vmt  626   228 K 1498      33K   785 5.84    5.75      568   251   41K    88 28.38   28.33  
c rst  geom best vmt  627   228 K 1498      33K   785 5.84    5.75      568   251   41K    88 28.38   28.32  
c rst  geom best vmt  628   228 K 1498      33K   785 5.84    5.75      568   251   41K    88 28.40   28.34  
c rst  geom best vmt  629   228 K 1498      33K   785 5.84    5.75      568   251   41K    88 28.40   28.34  
c rst  geom best vmt  630   229 K 1498      33K   785 5.84    5.75      568   251   41K    88 28.41   28.35  
c rst  geom best vmt  631   229 K 1498      33K   785 5.84    5.75      568   251   42K    88 28.34   28.29  
c rst  geom best vmt  632   229 K 1498      33K   785 5.84    5.75      568   251   42K    88 28.26   28.21  
c rst  geom best vmt  633   229 K 1498      33K   785 5.84    5.75      568   251   42K    88 28.17   28.12  
c rst  geom best vmt  634   230 K 1498      33K   785 5.84    5.75      582   217   43K    88 28.06   28.01  
c [distill] watch-based irred--  cl tried 7376     cl-sh 0     cl-rem 0    lit-rem 0      T: 0.00 T-out: N
c [distill] watch-based red  --  cl tried 1164     cl-sh 6     cl-rem 0    lit-rem 7      T: 0.00 T-out: N
c rst  geom best vmt  635   230 K 1498      33K   785 5.84    5.75      582   217   43K    88 27.95   27.90  
c rst  geom best vmt  636   231 K 1498      33K   785 5.84    5.75      582   217   43K    88 27.82   27.77  
c rst  geom best vmt  637   231 K 1498      33K   785 5.84    5.75      582   217   44K    88 27.70   27.65  
c rst  geom best vmt  638   231 K 1498      33K   785 5.84    5.75      582   217   44K    88 27.76   27.71  
c rst  geom best vmt  639   232 K 1498      33K   785 5.84    5.75      582   217   45K    88 27.83   27.78  
c rst  geom best vmt  640   233 K 1498      33K   785 5.84    5.75      582   217   46K    88 27.80   27.75  
c rst  geom best vmt  641   233 K 1498      33K   785 5.84    5.75      582   219   46K    88 27.82   27.77  
c rst  geom best vmt  642   234 K 1498      33K   785 5.84    5.75      582   219   47K    88 27.82   27.77  
c rst  geom best vmt  643   235 K 1498      33K   785 5.84    5.75      582   219   48K    88 27.85   27.81  
c rst  geom stb  vmt  644   236 K 1498      33K   785 5.84    5.75      582   219   49K    88 28.00   27.95  
c rst  geom stb  vmt  645   237 K 1498      33K   785 5.84    5.75      582   219   50K    88 28.02   27.97  
c [distill-long-red0] cls tried: 23/23 T: 0.00 T-out: N T-r: 99.97%
c [distill-long-red1] cls tried: 47/47 T: 0.01 T-out: N T-r: 39.24%
c rst  geom stb  vmt  646   238 K 1498      33K   785 5.84    5.75      582   219   51K    88 28.31   28.26  
c [distill-bin] useful: 0/785/785 lits-rem: 0 cl-rem: 0 0-depth-assigns: 0 T: 0.00 T-out: N
c rst  geom stb  vmt  647   239 K 1498      33K   785 5.84    5.75      582   219   52K    88 28.54   28.49  
c rst  geom stb  vmt  648   240 K 1498      33K   785 5.84    5.75      585   218   37K    88 31.61   31.55  
c rst  geom stb  vmt  649   242 K 1498      33K   785 5.84    5.75      585   218   39K    88 31.47   31.41  
c rst  geom stb  vmt  650   243 K 1498      33K   785 5.84    5.75      586   220   40K    88 31.81   31.74  
c rst  geom ibes vmt  651   244 K 1498      33K   785 5.84    5.75      586   220   41K    88 31.70   31.64  
c recursive minimization cost OK: 517Kcost/(% lits removed)
c [gauss] XOR-encoding clauses are not detached, so no need to reattach them.
c [g 0] truth-find prop checks  : 1181K
c [g 0] -> of which prop        : 78.54 %
c [g 0] -> of which confl       :  2.71 %
c [g 0] elim called             : 20K
c [g 0] ---> which lead to prop : 90.96 %
c [g 0] ---> which lead to confl:  2.18 %
c [g 0] size: 52    x 468  
c --> Executing strategy token: scc-vrepl
c [scc] new: 0 BP 0M T: 0.00
c --> Executing strategy token: sub-impl
c [impl-sub] bin: 0 T: 0.00 T-out: N w-visit: 2998
c --> Executing strategy token: breakid
c --> Executing OCC strategy token(s): 'occ-backw-sub-str,occ-clean-implicit,occ-bve,occ-bva,occ-ternary-res,occ-xor,'
c [occ] mem usage for occur 3      MB
c [occ] Linked in IRRED BIN by default: 785
c [occ] Linked in RED   BIN by default: 88
c [occ] mem usage for occur 0      MB
c Mem for watch alloc      : 11          MB (26.27     %)
c Mem for watch array      : 0           MB (0.16      %)
c --> Executing OCC strategy token: occ-backw-sub-str
c [occ-backw-sub-str-long-w-bins] subs: 0 str: 1 tried: 7720 0-depth ass: 0 T: 0.00 T-out: N T-r: 98.99%
c [occ-backw-sub-long-w-long] rem cl: 23 tried: 75587/75587 (100.0%) T: 0.02 T-out: N T-r: 88.40%
c [occ-backw-sub-str-long-w-long] sub: 0 str: 1 tried: 226761/75587 (300.0)  T: 0.15 T-out: N T-r: 67.24%
c --> Executing OCC strategy token: occ-clean-implicit
c --> Executing OCC strategy token: occ-bve
c [occ-empty-res] Empty resolvent elimed: 0 T: 0.00 T-out: N
c [occ-bve] iter v-elim 0
c cl_inc_rate=1.0, var_dec_rate=1.0 (grow=0)
c Reduced to 1498 vars, 34256 cls (grow=0)
c [occ-bve] iter v-elim 0
c cl_inc_rate=1.0, var_dec_rate=1.0 (grow=8)
c Reduced to 1498 vars, 34256 cls (grow=8)
c [occ-bve] iter v-elim 0
c cl_inc_rate=1.0, var_dec_rate=1.0 (grow=16)
c Reduced to 1498 vars, 34256 cls (grow=16)
c x n vars       : 1498
c #try to eliminate:  4494
c #var-elim        :     0
c #T-o: N
c #T-r: 99.98%
c #T  : 0.16
c [occur] 0.02 is overhead
c [occur] link-in T: 0.02 cleanup T: 0.00
c --> Executing OCC strategy token: occ-bva
c --> Executing OCC strategy token: occ-ternary-res
c [occ-ternary-res] Ternary res-tri: 0 res-bin: 0 sub: 0 str: 0 T: 0.00 T-out: N T-r: 99.79%
c --> Executing OCC strategy token: occ-xor
c [occ-xor] sort occur list T: 0.00
c [xor-clean-equiv] removed equivalent xors: 0 left with: 947
c [occ-xor] found    947 avg sz 5.9 min sz  4 max sz  6 T: 0.00 T-out: N T-r: 99.97%
c --> Executing strategy token: card-find
c --> Executing strategy token: cl-consolidate
c Not consolidating memory.
c --> Executing strategy token: scc-vrepl
c [scc] new: 0 BP 0M T: 0.00
c --> Executing strategy token: renumber
c --> Executing strategy token: bosphorus
c --> Executing strategy token: louvain-comms
c [consolidate] mini T: 0.00
c global_timeout_multiplier: 3.9930
c [branch] rebuilding order heap for all branchings. Current branching: vmtf
c [find&init matx] performing matrix init
c [gauss] XOR-encoding clauses are not detached, so no need to reattach them.
c [xor-rem-unconnected] left with 947 xors from 947 non-empty xors T: 0.00
c [xor-together] xored together: 893 orig xors: 947 new xors: 54 T: 0.00
c [xor-rem-unconnected] left with 54 xors from 54 non-empty xors T: 0.00
c [xor-clean-equiv] removed equivalent xors: 0 left with: 54
c [matrix] unused xors from cleaning: 0
c [matrix] Good   matrix  0     54 x  476  density:0.1493  xorlen avg: 71.06
c [matrix] Using 1 matrices recovered from 0 xors T: 0.00 T-out: N
c rst  geom ibes  vmt   652  245K    1498   33K   785    5.84    5.75   567   224   42K    88   31.93   31.87
c [full-probe]  bin_only: 0 set: 0 repl: 0 T: 0.01 T-out: N T-r: 95.92%
c rst  geom ibes  vmt   653  247K    1498   33K   785    5.84    5.75   567   225   44K    88   31.51   31.45
c [gauss] XOR-encoding clauses are not detached, so no need to reattach them.
c [g 0] truth-find prop checks  : 72K
c [g 0] -> of which prop        : 71.20 %
c [g 0] -> of which confl       :  2.05 %
c [g 0] elim called             : 1648
c [g 0] ---> which lead to prop : 88.41 %
c [g 0] ---> which lead to confl:  1.94 %
c [g 0] size: 54    x 476  
c [scc] new: 0 BP 0M T: 0.00
c [vrep] vars 0 lits 0 rem-bin-cls 0 rem-long-cls 0 BP 0M T: 0.00
c [intree] Set 0 vars hyper-added: 2 trans-irred: 0 trans-red: 0 T: 0.01 T-out: N T-r: 0.17%
c [find&init matx] performing matrix init
c [gauss] XOR-encoding clauses are not detached, so no need to reattach them.
c [xor-rem-unconnected] left with 947 xors from 947 non-empty xors T: 0.00
c [xor-together] xored together: 893 orig xors: 947 new xors: 54 T: 0.00
c [xor-rem-unconnected] left with 54 xors from 54 non-empty xors T: 0.00
c [xor-clean-equiv] removed equivalent xors: 0 left with: 54
c [matrix] unused xors from cleaning: 0
c [matrix] Good   matrix 0 54      x476    density:0.1493  xorlen avg: 71.06
c [matrix] Using 1 matrices recovered from 0 xors T: 0.00 T-out: N
c rst  geom ibes vmt  654   249 K 1498      33K   785 5.84    5.75      569   233   46K    90 31.82   31.76  
c rst  geom ibes vmt  655   251 K 1498      33K   785 5.84    5.75      576   198   48K    90 31.82   31.77  
c [branch] adjusting to: vsid (from: vmtf) var_decay:0.95 descr: VSIDS
c rst  geom svd  vs   656   251 K 1498      33K   785 5.84    5.75      576   198   48K    90 31.85   31.79  
c rst  geom svd  vs   657   251 K 1498      33K   785 5.84    5.75      576   198   48K    90 31.87   31.81  
c rst  geom svd  vs   658   251 K 1498      33K   785 5.84    5.75      576   198   48K    90 31.92   31.87  
c rst  geom svd  vs   659   251 K 1498      33K   785 5.84    5.75      576   198   49K    90 31.94   31.89  
c rst  geom svd  vs   660   252 K 1498      33K   785 5.84    5.75      576   198   49K    90 31.96   31.91  
c rst  geom svd  vs   661   252 K 1498      33K   785 5.84    5.75      576   198   49K    90 31.97   31.91  
c [distill-long-red0] cls tried: 10/10 T: 0.00 T-out: N T-r: 99.97%
c [distill-long-red1] cls tried: 17/17 T: 0.00 T-out: N T-r: 57.17%
c rst  geom svd  vs   662   252 K 1498      33K   785 5.84    5.75      576   198   49K    90 31.95   31.90  
c rst  geom svd  vs   663   252 K 1498      33K   785 5.84    5.75      576   198   49K    90 31.93   31.88  
c rst  geom svd  vs   664   252 K 1498      33K   785 5.84    5.75      576   198   50K    90 31.91   31.85  
c rst  geom svd  vs   665   253 K 1498      33K   785 5.84    5.75      577   198   50K    90 31.90   31.85  
c rst  geom svd  vs   666   253 K 1498      33K   785 5.84    5.75      577   198   50K    90 31.90   31.85  
c rst  geom svd  vs   667   253 K 1498      33K   785 5.84    5.75      577   198   50K    90 31.88   31.83  
c rst  geom svd  vs   668   254 K 1498      33K   785 5.84    5.75      577   198   51K    90 31.90   31.84  
c rst  geom svd  vs   669   254 K 1498      33K   785 5.84    5.75      579   198   51K    90 31.86   31.81  
c rst  geom svd  vs   670   254 K 1498      33K   785 5.84    5.75      579   198   52K    90 31.83   31.78  
c rst  geom svd  vs   671   255 K 1498      33K   785 5.84    5.75      586   227   36K    90 31.74   31.67  
c [distill] watch-based irred--  cl tried 7904     cl-sh 0     cl-rem 0    lit-rem 0      T: 0.00 T-out: N
c [distill] watch-based red  --  cl tried 1172     cl-sh 3     cl-rem 0    lit-rem 4      T: 0.00 T-out: N
c rst  geom svd  vs   672   255 K 1498      33K   785 5.84    5.75      586   227   37K    90 31.74   31.67  
c rst  geom svd  vs   673   256 K 1498      33K   785 5.84    5.75      586   227   38K    90 31.66   31.59  
c rst  geom svd  vs   674   256 K 1498      33K   785 5.84    5.75      586   227   38K    90 31.54   31.48  
c rst  geom svd  vs   675   257 K 1498      33K   785 5.84    5.75      586   227   39K    90 31.52   31.45  
c rst  geom svd  vs   676   258 K 1498      33K   785 5.84    5.75      586   227   40K    90 31.41   31.34  
c [distill-bin] useful: 0/785/785 lits-rem: 0 cl-rem: 0 0-depth-assigns: 0 T: 0.01 T-out: N
c rst  geom svd  vs   677   259 K 1498      33K   785 5.84    5.75      586   227   40K    90 31.40   31.33  
c rst  geom best vs   678   260 K 1498      33K   785 5.84    5.75      592   221   41K    90 31.23   31.17  
c rst  geom best vs   679   260 K 1498      33K   785 5.84    5.75      592   221   42K    90 31.21   31.15  
c rst  geom best vs   680   262 K 1498      33K   785 5.84    5.75      592   221   43K    90 31.49   31.43  
c rst  geom best vs   681   263 K 1498      33K   785 5.84    5.75      592   221   44K    90 31.56   31.50  
c rst  geom best vs   682   264 K 1498      33K   785 5.84    5.75      592   222   46K    90 31.62   31.57  
c rst  geom best vs   683   265 K 1498      33K   785 5.84    5.75      592   222   47K    90 31.51   31.45  
c [full-probe]  bin_only: 1 set: 0 repl: 0 T: 0.00 T-out: N T-r: 99.77%
c [ccnr] saving best assignment phase to stable_polar
c [ccnr] bumping based on var unsat frequency: conflict_ct
c [ccnr] Bumped vars: 1499 bump type: 6
c [ccnr] time: 0.31
c rst  geom best vs   684   267 K 1498      33K   785 5.84    5.75      593   222   49K    90 31.15   31.10  
c [distill-long-red0] cls tried: 8/8 T: 0.00 T-out: N T-r: 99.98%
c [distill-long-red1] cls tried: 29/29 T: 0.00 T-out: N T-r: 58.06%
c rst  geom stb  vs   685   269 K 1498      33K   785 5.84    5.75      592   222   50K    91 31.24   31.19  
c rst  geom stb  vs   686   270 K 1498      33K   785 5.84    5.75      596   232   38K    91 31.47   31.40  
c rst  geom stb  vs   687   273 K 1498      33K   785 5.84    5.75      596   232   40K    91 31.83   31.76  
c rst  geom stb  vs   688   275 K 1498      33K   785 5.84    5.75      597   233   42K    91 32.07   32.00  
c rst  geom ibes vs   689   277 K 1498      33K   785 5.84    5.75      597   233   45K    91 32.49   32.43  
c rst  geom ibes vs   690   280 K 1498      33K   785 5.84    5.75      600   232   47K    91 32.50   32.45  
c [distill-bin] useful: 0/785/785 lits-rem: 0 cl-rem: 0 0-depth-assigns: 0 T: 0.01 T-out: N
c [distill] watch-based irred--  cl tried 7904     cl-sh 1     cl-rem 0    lit-rem 1      T: 0.00 T-out: N
c [distill] watch-based red  --  cl tried 1198     cl-sh 7     cl-rem 2    lit-rem 7      T: 0.00 T-out: N
c rst  geom ibes vs   691   283 K 1498      33K   786 5.84    5.75      598   233   50K    91 32.51   32.46  
c [branch] adjusting to: vmtf (from: vsid) var_decay:0.95 descr: VMTF
c [distill-long-red0] cls tried: 7/7 T: 0.00 T-out: N T-r: 99.95%
c [distill-long-red1] cls tried: 16/16 T: 0.00 T-out: N T-r: 59.87%
c [impl-str] lit bin: 0 set-var: 0 T: 0.00 T-out: N T-r: 99.95% w-visit: 2998
c [impl-sub] bin: 0 T: 0.00 T-out: N w-visit: 2998
c rst  luby svd  vmt  692   283 K 1498      33K   786 5.84    5.75      606   249   50K    91 32.49   32.43  
c rst  luby svd  vmt  693   283 K 1498      33K   786 5.84    5.75      606   251   50K    91 32.51   32.45  
c rst  luby svd  vmt  694   283 K 1498      33K   786 5.84    5.75      606   251   51K    91 32.51   32.45  
c rst  luby svd  vmt  695   284 K 1498      33K   786 5.84    5.75      606   252   51K    91 32.53   32.48  
c rst  luby svd  vmt  696   284 K 1498      33K   786 5.84    5.75      606   253   51K    91 32.53   32.47  
c rst  luby svd  vmt  697   284 K 1498      33K   786 5.84    5.75      606   255   51K    91 32.58   32.53  
c rst  luby svd  vmt  698   284 K 1498      33K   786 5.84    5.75      606   255   51K    91 32.58   32.53  
c rst  luby svd  vmt  699   284 K 1498      33K   786 5.84    5.75      606   255   52K    91 32.57   32.51  
c rst  luby svd  vmt  700   284 K 1498      33K   786 5.84    5.75      606   255   52K    91 32.57   32.51  
c rst  luby svd  vmt  701   285 K 1498      33K   786 5.84    5.75      607   270   37K    91 32.42   32.35  
c rst  luby svd  vmt  702   285 K 1498      33K   786 5.84    5.75      607   271   38K    91 32.46   32.39  
c rst  luby svd  vmt  703   285 K 1498      33K   786 5.84    5.75      607   271   38K    91 32.46   32.39  
c rst  luby svd  vmt  704   285 K 1498      33K   786 5.84    5.75      607   271   38K    91 32.53   32.46  
c rst  luby svd  vmt  705   285 K 1498      33K   786 5.84    5.75      607   271   38K    91 32.58   32.51  
c [full-probe]  bin_only: 0 set: 0 repl: 0 T: 0.01 T-out: N T-r: 97.88%
c rst  luby svd  vmt  706   286 K 1498      33K   786 5.84    5.75      607   271   39K    93 32.65   32.58  
c rst  luby svd  vmt  707   286 K 1498      33K   786 5.84    5.75      607   271   39K    93 32.65   32.58  
c rst  luby svd  vmt  708   286 K 1498      33K   786 5.84    5.75      607   271   39K    93 32.64   32.57  
c rst  luby svd  vmt  709   287 K 1498      33K   786 5.84    5.75      607   271   39K    93 32.62   32.55  
c rst  luby svd  vmt  710   287 K 1498      33K   786 5.84    5.75      607   271   40K    93 32.60   32.53  
c rst  luby svd  vmt  711   287 K 1498      33K   786 5.84    5.75      607   271   40K    93 32.58   32.52  
c rst  luby svd  vmt  712   287 K 1498      33K   786 5.84    5.75      607   271   40K    93 32.57   32.50  
c rst  luby svd  vmt  713   287 K 1498      33K   786 5.84    5.75      607   271   40K    93 32.55   32.49  
c rst  luby svd  vmt  714   288 K 1498      33K   786 5.84    5.75      607   271   40K    93 32.55   32.48  
c rst  luby svd  vmt  715   288 K 1498      33K   786 5.84    5.75      607   271   41K    93 32.54   32.47  
c rst  luby svd  vmt  716   288 K 1498      33K   786 5.84    5.75      607   271   41K    93 32.53   32.46  
c rst  luby svd  vmt  717   288 K 1498      33K   786 5.84    5.75      607   271   41K    93 32.52   32.45  
c rst  luby svd  vmt  718   288 K 1498      33K   786 5.84    5.75      607   271   41K    93 32.51   32.44  
c rst  luby svd  vmt  719   288 K 1498      33K   786 5.84    5.75      607   271   41K    93 32.49   32.43  
c rst  luby svd  vmt  720   289 K 1498      33K   786 5.84    5.75      607   271   42K    93 32.46   32.39  
c rst  luby svd  vmt  721   289 K 1498      33K   786 5.84    5.75      607   271   42K    93 32.50   32.43  
c rst  luby svd  vmt  722   291 K 1498      33K   786 5.84    5.75      623   241   44K    93 32.62   32.56  
c rst  geom best vmt  723   291 K 1498      33K   786 5.84    5.75      623   241   44K    93 32.62   32.56  
c rst  geom best vmt  724   291 K 1498      33K   786 5.84    5.75      623   241   44K    93 32.65   32.59  
c rst  geom best vmt  725   291 K 1498      33K   786 5.84    5.75      623   241   44K    93 32.63   32.57  
c rst  geom best vmt  726   292 K 1498      33K   786 5.84    5.75      623   241   44K    93 32.68   32.61  
c rst  geom best vmt  727   292 K 1498      33K   786 5.84    5.75      623   241   45K    93 32.67   32.60  
c rst  geom best vmt  728   292 K 1498      33K   786 5.84    5.75      623   243   45K    93 32.66   32.60  
c rst  geom best vmt  729   292 K 1498      33K   786 5.84    5.75      623   243   45K    93 32.71   32.65  
c rst  geom best vmt  730   292 K 1498      33K   786 5.84    5.75      623   243   45K    93 32.69   32.63  
c rst  geom best vmt  731   293 K 1498      33K   786 5.84    5.75      623   243   45K    93 32.66   32.60  
c rst  geom best vmt  732   293 K 1498      33K   786 5.84    5.75      623   243   46K    93 32.59   32.53  
c rst  geom best vmt  733   293 K 1498      33K   786 5.84    5.75      623   243   46K    93 32.62   32.56  
c rst  geom best vmt  734   293 K 1498      33K   786 5.84    5.75      623   243   46K    93 32.60   32.55  
c rst  geom best vmt  735   294 K 1498      33K   786 5.84    5.75      623   243   47K    93 32.62   32.56  
c rst  geom best vmt  736   294 K 1498      33K   786 5.84    5.75      623   243   47K    93 32.61   32.55  
c rst  geom best vmt  737   295 K 1498      33K   786 5.84    5.75      623   243   47K    93 32.56   32.50  
c rst  geom best vmt  738   295 K 1498      33K   786 5.84    5.75      623   243   48K    93 32.59   32.54  
c rst  geom best vmt  739   295 K 1498      33K   786 5.84    5.75      623   243   48K    93 32.61   32.55  
c rst  geom best vmt  740   296 K 1498      33K   786 5.84    5.75      623   244   49K    93 32.73   32.68  
c rst  geom best vmt  741   297 K 1498      33K   786 5.84    5.75      623   244   49K    93 32.72   32.67  
c rst  geom best vmt  742   297 K 1498      33K   786 5.84    5.75      623   245   50K    93 33.02   32.96  
c rst  geom best vmt  743   298 K 1498      33K   786 5.84    5.75      623   247   51K    93 32.99   32.93  
c rst  geom best vmt  744   299 K 1498      33K   786 5.84    5.75      623   247   52K    93 32.97   32.91  
c [distill-long-red0] cls tried: 18/18 T: 0.00 T-out: N T-r: 99.95%
c [distill-long-red1] cls tried: 34/34 T: 0.00 T-out: N T-r: 43.00%
c rst  geom best vmt  745   300 K 1498      33K   786 5.84    5.75      633   236   37K    93 33.44   33.37  
c rst  geom stb  vmt  746   301 K 1498      33K   786 5.84    5.75      633   237   38K    93 33.35   33.27  
c [distill-bin] useful: 0/786/786 lits-rem: 0 cl-rem: 0 0-depth-assigns: 0 T: 0.01 T-out: N
c rst  geom stb  vmt  747   302 K 1498      33K   786 5.84    5.75      633   237   39K    93 33.56   33.49  
c rst  geom stb  vmt  748   303 K 1498      33K   786 5.84    5.75      633   241   40K    93 33.84   33.77  
c rst  geom stb  vmt  749   304 K 1498      33K   786 5.84    5.75      634   241   42K    93 33.83   33.76  
c rst  geom stb  vmt  750   306 K 1498      33K   786 5.84    5.75      634   241   43K    93 33.92   33.85  
c [full-probe]  bin_only: 1 set: 0 repl: 0 T: 0.00 T-out: N T-r: 99.79%
c [distill] watch-based irred--  cl tried 7902     cl-sh 0     cl-rem 0    lit-rem 0      T: 0.00 T-out: N
c [distill] watch-based red  --  cl tried 1268     cl-sh 6     cl-rem 0    lit-rem 10     T: 0.00 T-out: N
c rst  geom stb  vmt  751   307 K 1498      33K   786 5.84    5.75      634   241   45K    95 33.74   33.68  
c rst  geom stb  vmt  752   309 K 1498      33K   786 5.84    5.75      634   244   46K    95 33.74   33.68  
c rst  geom ibes vmt  753   311 K 1498      33K   786 5.84    5.75      638   242   48K    95 33.72   33.66  
c [ccnr] saving best assignment phase to stable_polar
c [ccnr] bumping based on clause weights
c [ccnr] Bumped vars: 104 bump type: 6
c [ccnr] time: 0.28
c rst  geom ibes vmt  754   313 K 1498      33K   786 5.84    5.75      641   261   50K    95 33.12   33.06  
c [gauss] XOR-encoding clauses are not detached, so no need to reattach them.
c [g 0] truth-find prop checks  : 1507K
c [g 0] -> of which prop        : 66.49 %
c [g 0] -> of which confl       :  2.40 %
c [g 0] elim called             : 56K
c [g 0] ---> which lead to prop : 87.45 %
c [g 0] ---> which lead to confl:  2.22 %
c [g 0] size: 54    x 476  
c [scc] new: 1 BP 0M T: 0.00
c [vrep] vars 1 lits 13559 rem-bin-cls 8 rem-long-cls 0 BP 0M T: 0.02
c [scc] new: 0 BP 0M T: 0.00
c [vrep] vars 0 lits 0 rem-bin-cls 0 rem-long-cls 0 BP 0M T: 0.01
c [intree] Set 0 vars hyper-added: 22 trans-irred: 0 trans-red: 0 T: 0.00 T-out: N T-r: -1.22%
c [find&init matx] performing matrix init
c [gauss] XOR-encoding clauses are not detached, so no need to reattach them.
c [xor-rem-unconnected] left with 947 xors from 947 non-empty xors T: 0.00
c [xor-together] xored together: 893 orig xors: 947 new xors: 54 T: 0.00
c [xor-rem-unconnected] left with 54 xors from 54 non-empty xors T: 0.00
c [xor-clean-equiv] removed equivalent xors: 0 left with: 54
c [matrix] unused xors from cleaning: 0
c [matrix] Good   matrix 0 54      x475    density:0.1496  xorlen avg: 71.06
c [matrix] Using 1 matrices recovered from 0 xors T: 0.00 T-out: N
c [g  <0] Disabling GJ-elim in this round.  Usefulness was: 17.4683%  over 65244 calls
c rst  geom ibes vmt  755   315 K 1497      33K   784 5.84    5.75      660   364   38K   113 32.13   32.04  
c [branch] adjusting to: vsid (from: vmtf) var_decay:0.95 descr: VSIDS
c [distill-long-red0] cls tried: 20/20 T: 0.00 T-out: N T-r: 99.96%
c [distill-long-red1] cls tried: 107/146 T: 0.01 T-out: Y T-r: -0.35%
c rst  geom ibes vs   756   315 K 1497      33K   784 5.84    5.75      660   368   38K   113 32.15   32.06  
c rst  geom ibes vs   757   315 K 1497      33K   784 5.84    5.75      660   368   38K   113 32.16   32.08  
c rst  geom ibes vs   758   315 K 1497      33K   784 5.84    5.75      661   376   38K   113 32.18   32.09  
c rst  geom ibes vs   759   315 K 1497      33K   784 5.84    5.75      664   382   38K   113 32.16   32.08  
c rst  geom ibes vs   760   316 K 1497      33K   784 5.84    5.75      664   388   38K   113 32.21   32.12  
c rst  geom ibes vs   761   316 K 1497      33K   784 5.84    5.75      665   397   39K   113 32.20   32.11  
c rst  geom ibes vs   762   316 K 1497      33K   784 5.84    5.75      665   398   39K   113 32.19   32.11  
c rst  geom ibes vs   763   316 K 1497      33K   784 5.84    5.75      670   404   39K   113 32.21   32.12  
c rst  geom ibes vs   764   316 K 1497      33K   784 5.84    5.75      673   410   39K   113 32.20   32.12  
c rst  geom ibes vs   765   317 K 1497      33K   784 5.84    5.75      673   418   39K   113 32.26   32.18  
c rst  geom ibes vs   766   317 K 1497      33K   784 5.84    5.75      673   422   40K   113 32.31   32.23  
c rst  geom svd  vs   767   317 K 1497      33K   784 5.84    5.75      673   429   40K   113 32.46   32.38  
c rst  geom svd  vs   768   318 K 1497      33K   784 5.84    5.75      673   443   40K   113 32.47   32.39  
c rst  geom svd  vs   769   318 K 1497      33K   784 5.84    5.75      674   452   41K   113 32.62   32.54  
c rst  geom svd  vs   770   318 K 1497      33K   784 5.84    5.75      677   459   41K   113 32.69   32.61  
c rst  geom svd  vs   771   319 K 1497      33K   784 5.84    5.75      679   472   42K   113 32.71   32.63  
c rst  geom svd  vs   772   319 K 1497      33K   784 5.84    5.75      682   486   42K   113 32.66   32.58  
c rst  geom svd  vs   773   320 K 1497      33K   784 5.84    5.75      830   352   43K   113 32.58   32.51  
c rst  geom svd  vs   774   320 K 1497      33K   784 5.84    5.75      830   373   43K   113 32.47   32.39  
c rst  geom svd  vs   775   321 K 1497      33K   784 5.84    5.75      833   395   44K   113 32.36   32.29  
c [distill-bin] useful: 0/784/784 lits-rem: 0 cl-rem: 0 0-depth-assigns: 0 T: 0.01 T-out: N
c rst  geom svd  vs   776   322 K 1497      33K   784 5.84    5.75      833   410   44K   113 32.29   32.21  
c rst  geom svd  vs   777   323 K 1497      33K   784 5.84    5.75      833   417   45K   113 32.19   32.12  
c rst  geom svd  vs   778   324 K 1497      33K   784 5.84    5.75      836   426   46K   113 32.10   32.03  
c rst  geom svd  vs   779   324 K 1497      33K   784 5.84    5.75      841   442   47K   113 31.97   31.90  
c rst  geom svd  vs   780   326 K 1497      33K   784 5.84    5.75      846   462   48K   113 31.89   31.82  
c [full-probe]  bin_only: 0 set: 0 repl: 0 T: 0.01 T-out: N T-r: 97.06%
c rst  geom best vs   781   327 K 1497      33K   784 5.84    5.75      847   478   49K   113 32.44   32.37  
c rst  geom best vs   782   328 K 1497      33K   784 5.84    5.75      848   503   50K   113 32.46   32.40  
c rst  geom best vs   783   329 K 1497      33K   784 5.84    5.75      848   528   52K   113 32.62   32.56  
c rst  geom best vs   784   331 K 1497      33K   784 5.84    5.75     1045   627   38K   113 32.17   32.09  
c [distill-long-red0] cls tried: 327/327 T: 0.02 T-out: N T-r: 99.46%
c [distill-long-red1] cls tried: 62/359 T: 0.01 T-out: Y T-r: -3.50%
c [distill] watch-based irred--  cl tried 7902     cl-sh 0     cl-rem 0    lit-rem 0      T: 0.00 T-out: N
c [distill] watch-based red  --  cl tried 2090     cl-sh 80    cl-rem 0    lit-rem 118    T: 0.00 T-out: N
c rst  geom best vs   785   333 K 1497      33K   784 5.84    5.75     1046   639   40K   113 32.55   32.47  
c rst  geom best vs   786   334 K 1497      33K   784 5.84    5.75     1047   667   42K   113 32.99   32.91  
c rst  geom stb  vs   787   337 K 1497      33K   784 5.84    5.75     1049   707   44K   113 33.28   33.20  
c rst  geom stb  vs   788   339 K 1497      33K   784 5.84    5.75     1054   743   46K   113 33.34   33.27  
c rst  geom stb  vs   789   341 K 1497      33K   784 5.84    5.75     1167   669   48K   113 33.70   33.63  
c [distill-bin] useful: 0/784/784 lits-rem: 0 cl-rem: 0 0-depth-assigns: 0 T: 0.01 T-out: N
c rst  geom stb  vs   790   344 K 1497      33K   784 5.84    5.75     1171   694   51K   113 34.00   33.93  
c [impl-str] lit bin: 0 set-var: 0 T: 0.00 T-out: N T-r: 99.95% w-visit: 2998
c [impl-sub] bin: 4 T: 0.00 T-out: N w-visit: 2998
c rst  geom ibes vs   791   347 K 1497      33K   784 5.84    5.75     1196  1040   39K   109 34.11   34.03  
c [distill-long-red0] cls tried: 229/229 T: 0.01 T-out: N T-r: 99.57%
c [distill-long-red1] cls tried: 63/716 T: 0.01 T-out: Y T-r: -0.67%
c [full-probe]  bin_only: 1 set: 0 repl: 0 T: 0.00 T-out: N T-r: 99.75%
c rst  geom ibes vs   792   350 K 1497      33K   784 5.84    5.75     1352   924   43K   109 33.87   33.79  
c rst  geom ibes vs   793   354 K 1497      33K   784 5.84    5.75     1356   942   46K   109 34.54   34.47  
c [branch] adjusting to: vmtf (from: vsid) var_decay:0.95 descr: VMTF
c rst  luby svd  vmt  794   354 K 1497      33K   784 5.84    5.75     1356   943   46K   109 34.51   34.44  
c rst  luby svd  vmt  795   354 K 1497      33K   784 5.84    5.75     1357   944   47K   109 34.49   34.42  
c rst  luby svd  vmt  796   354 K 1497      33K   784 5.84    5.75     1357   947   47K   109 34.42   34.35  
c rst  luby svd  vmt  797   354 K 1497      33K   784 5.84    5.75     1357   947   47K   109 34.38   34.31  
c rst  luby svd  vmt  798   355 K 1497      33K   784 5.84    5.75     1357   947   47K   109 34.34   34.27  
c rst  luby svd  vmt  799   355 K 1497      33K   784 5.84    5.75     1357   947   47K   109 34.27   34.20  
c [ccnr] saving best assignment phase to stable_polar
c [ccnr] bumping based on var unsat frequency: conflict_ct
c [ccnr] Bumped vars: 1499 bump type: 6
c [ccnr] time: 0.28
c rst  luby svd  vmt  800   355 K 1497      33K   784 5.84    5.75     1364  1018   47K   110 34.23   34.16  
c rst  luby svd  vmt  801   355 K 1497      33K   784 5.84    5.75     1364  1020   48K   110 34.27   34.20  
c rst  luby svd  vmt  802   355 K 1497      33K   784 5.84    5.75     1364  1021   48K   110 34.28   34.21  
c rst  luby svd  vmt  803   356 K 1497      33K   784 5.84    5.75     1365  1029   48K   110 34.25   34.18  
c rst  luby svd  vmt  804   356 K 1497      33K   784 5.84    5.75     1365  1030   48K   110 34.25   34.18  
c rst  luby svd  vmt  805   356 K 1497      33K   784 5.84    5.75     1366  1039   48K   110 34.25   34.18  
c rst  luby svd  vmt  806   356 K 1497      33K   784 5.84    5.75     1366  1043   48K   110 34.26   34.19  
c [distill] watch-based irred--  cl tried 7902     cl-sh 0     cl-rem 0    lit-rem 0      T: 0.00 T-out: N
c [distill] watch-based red  --  cl tried 2732     cl-sh 149   cl-rem 0    lit-rem 258    T: 0.00 T-out: N
c rst  luby svd  vmt  807   356 K 1497      33K   784 5.84    5.75     1366  1055   49K   110 34.22   34.15  
c rst  luby svd  vmt  808   357 K 1497      33K   784 5.84    5.75     1368  1060   49K   110 34.14   34.07  
c rst  luby svd  vmt  809   357 K 1497      33K   784 5.84    5.75     1369  1061   50K   110 34.14   34.07  
c rst  luby svd  vmt  810   357 K 1497      33K   784 5.84    5.75     1369  1063   50K   110 34.14   34.07  
c rst  luby svd  vmt  811   358 K 1497      33K   784 5.84    5.75     1370  1075   50K   110 34.12   34.06  
c rst  luby svd  vmt  812   358 K 1497      33K   784 5.84    5.75     1371  1075   50K   110 34.12   34.06  
c rst  luby svd  vmt  813   358 K 1497      33K   784 5.84    5.75     1372  1076   50K   110 34.11   34.05  
c rst  luby svd  vmt  814   358 K 1497      33K   784 5.84    5.75     1372  1082   50K   110 34.10   34.03  
c rst  luby svd  vmt  815   358 K 1497      33K   784 5.84    5.75     1372  1091   51K   110 34.04   33.97  
c rst  luby svd  vmt  816   358 K 1497      33K   784 5.84    5.75     1372  1092   51K   110 34.03   33.96  
c rst  luby svd  vmt  817   359 K 1497      33K   784 5.84    5.75     1372  1095   51K   110 34.02   33.95  
c rst  luby svd  vmt  818   359 K 1497      33K   784 5.84    5.75     1372  1097   51K   110 34.01   33.94  
c rst  luby svd  vmt  819   359 K 1497      33K   784 5.84    5.75     1372  1099   51K   110 34.01   33.94  
c rst  luby svd  vmt  820   359 K 1497      33K   784 5.84    5.75     1372  1101   51K   110 33.99   33.93  
c rst  luby svd  vmt  821   359 K 1497      33K   784 5.84    5.75     1372  1104   51K   110 33.96   33.89  
c rst  luby svd  vmt  822   360 K 1497      33K   784 5.84    5.75     1656  1230   37K   110 35.11   35.02  
c rst  luby svd  vmt  823   360 K 1497      33K   784 5.84    5.75     1658  1240   38K   110 35.15   35.06  
c rst  luby svd  vmt  824   362 K 1497      33K   784 5.84    5.75     1662  1266   39K   110 34.87   34.79  
c [distill-bin] useful: 0/784/784 lits-rem: 0 cl-rem: 0 0-depth-assigns: 0 T: 0.01 T-out: N
c rst  luby svd  vmt  825   362 K 1497      33K   784 5.84    5.75     1662  1267   40K   110 34.85   34.77  
c [distill-long-red0] cls tried: 501/501 T: 0.04 T-out: N T-r: 98.49%
c [distill-long-red1] cls tried: 70/907 T: 0.01 T-out: Y T-r: -1.95%
c rst  luby svd  vmt  826   362 K 1497      33K   784 5.84    5.75     1662  1268   40K   110 34.82   34.73  
c rst  luby svd  vmt  827   362 K 1497      33K   784 5.84    5.75     1664  1270   40K   110 34.80   34.72  
c rst  luby svd  vmt  828   362 K 1497      33K   784 5.84    5.75     1665  1274   40K   110 34.79   34.71  
c rst  luby svd  vmt  829   363 K 1497      33K   784 5.84    5.75     1665  1280   40K   110 34.79   34.71  
c rst  geom best vmt  830   363 K 1497      33K   784 5.84    5.75     1665  1282   40K   110 34.79   34.71  
c rst  geom best vmt  831   363 K 1497      33K   784 5.84    5.75     1665  1282   40K   110 34.82   34.74  
c rst  geom best vmt  832   363 K 1497      33K   784 5.84    5.75     1666  1287   40K   110 34.81   34.73  
c rst  geom best vmt  833   363 K 1497      33K   784 5.84    5.75     1666  1293   41K   110 34.81   34.73  
c rst  geom best vmt  834   363 K 1497      33K   784 5.84    5.75     1666  1296   41K   110 34.82   34.73  
c rst  geom best vmt  835   363 K 1497      33K   784 5.84    5.75     1666  1306   41K   110 34.79   34.70  
c rst  geom best vmt  836   364 K 1497      33K   784 5.84    5.75     1666  1307   41K   110 34.79   34.71  
c rst  geom best vmt  837   364 K 1497      33K   784 5.84    5.75     1666  1310   41K   110 34.80   34.72  
c rst  geom best vmt  838   364 K 1497      33K   784 5.84    5.75     1667  1318   42K   110 34.78   34.70  
c rst  geom best vmt  839   364 K 1497      33K   784 5.84    5.75     1667  1322   42K   110 34.78   34.70  
c rst  geom best vmt  840   365 K 1497      33K   784 5.84    5.75     1667  1332   42K   110 34.78   34.70  
c rst  geom best vmt  841   365 K 1497      33K   784 5.84    5.75     1667  1338   42K   110 34.78   34.70  
c rst  geom best vmt  842   365 K 1497      33K   784 5.84    5.75     1668  1344   43K   110 34.80   34.72  
c rst  geom best vmt  843   366 K 1497      33K   784 5.84    5.75     1668  1353   43K   110 34.77   34.70  
c rst  geom best vmt  844   366 K 1497      33K   784 5.84    5.75     1668  1360   43K   110 34.85   34.77  
c rst  geom best vmt  845   366 K 1497      33K   784 5.84    5.75     1670  1370   44K   110 34.85   34.77  
c rst  geom best vmt  846   367 K 1497      33K   784 5.84    5.75     1670  1381   44K   110 34.88   34.80  
c [full-probe]  bin_only: 0 set: 0 repl: 0 T: 0.01 T-out: N T-r: 95.03%
c rst  geom best vmt  847   368 K 1497      33K   784 5.84    5.75     1670  1384   45K   110 34.89   34.82  
c rst  geom best vmt  848   368 K 1497      33K   784 5.84    5.75     1671  1392   46K   110 34.92   34.84  
c rst  geom best vmt  849   369 K 1497      33K   784 5.84    5.75     1671  1396   46K   110 34.97   34.90  
c rst  geom best vmt  850   369 K 1497      33K   784 5.84    5.75     1671  1405   47K   110 34.97   34.90  
c rst  geom best vmt  851   370 K 1497      33K   784 5.84    5.75     1807  1288   48K   110 35.05   34.98  
c rst  geom best vmt  852   371 K 1497      33K   784 5.84    5.75     1808  1310   49K   110 34.97   34.90  
c rst  geom best vmt  853   372 K 1497      33K   784 5.84    5.75     1812  1359   49K   110 34.99   34.92  
c rst  geom stb  vmt  854   373 K 1497      33K   784 5.84    5.75     1813  1386   50K   110 35.08   35.01  
c rst  geom stb  vmt  855   374 K 1497      33K   784 5.84    5.75     1819  1414   52K   110 35.10   35.04  
c rst  geom stb  vmt  856   376 K 1497      33K   784 5.84    5.75     1850  1923   38K   110 34.00   33.91  
c rst  geom stb  vmt  857   377 K 1497      33K   784 5.84    5.75     1857  1969   39K   110 34.13   34.05  
c rst  geom stb  vmt  858   379 K 1497      33K   784 5.84    5.75     1858  1997   41K   110 34.18   34.10  
c [distill-long-red0] cls tried: 194/194 T: 0.02 T-out: N T-r: 99.47%
c [distill-long-red1] cls tried: 34/1568 T: 0.01 T-out: Y T-r: -3.65%
c [gauss] XOR-encoding clauses are not detached, so no need to reattach them.
c [g 0] truth-find prop checks  : 50K
c [g 0] -> of which prop        : 15.83 %
c [g 0] -> of which confl       :  1.07 %
c [g 0] elim called             : 7967
c [g 0] ---> which lead to prop : 35.90 %
c [g 0] ---> which lead to confl:  0.92 %
c [g 0] size: 54    x 475  
c [scc] new: 0 BP 0M T: 0.00
c [vrep] vars 0 lits 0 rem-bin-cls 0 rem-long-cls 0 BP 0M T: 0.00
c [intree] Set 0 vars hyper-added: 0 trans-irred: 0 trans-red: 0 T: 0.01 T-out: N T-r: -2.36%
c [find&init matx] performing matrix init
c [gauss] XOR-encoding clauses are not detached, so no need to reattach them.
c [xor-rem-unconnected] left with 947 xors from 947 non-empty xors T: 0.00
c [xor-together] xored together: 893 orig xors: 947 new xors: 54 T: 0.00
c [xor-rem-unconnected] left with 54 xors from 54 non-empty xors T: 0.00
c [xor-clean-equiv] removed equivalent xors: 0 left with: 54
c [matrix] unused xors from cleaning: 0
c [matrix] Good   matrix 0 54      x475    density:0.1496  xorlen avg: 71.06
c [matrix] Using 1 matrices recovered from 0 xors T: 0.00 T-out: N
c rst  geom stb  vmt  859   380 K 1497      33K   784 5.84    5.75     2018  1865   42K   110 34.74   34.66  
c rst  geom stb  vmt  860   382 K 1497      33K   784 5.84    5.75     2018  1868   44K   110 34.85   34.78  
c [distill-bin] useful: 0/784/784 lits-rem: 0 cl-rem: 0 0-depth-assigns: 0 T: 0.01 T-out: N
c [distill] watch-based irred--  cl tried 7902     cl-sh 0     cl-rem 0    lit-rem 0      T: 0.00 T-out: N
c [distill] watch-based red  --  cl tried 4036     cl-sh 159   cl-rem 0    lit-rem 257    T: 0.01 T-out: N
c rst  geom ibes vmt  861   384 K 1497      33K   784 5.84    5.75     2018  1868   46K   110 34.64   34.57  
c rst  geom ibes vmt  862   386 K 1497      33K   784 5.84    5.75     2018  1870   49K   110 34.58   34.51  
c rst  geom ibes vmt  863   389 K 1497      33K   784 5.84    5.75     2018  1875   51K   110 34.48   34.42  
c [full-probe]  bin_only: 1 set: 0 repl: 0 T: 0.01 T-out: N T-r: 99.66%
c rst  geom ibes vmt  864   392 K 1497      33K   784 5.84    5.75     2065  2027   39K   110 32.83   32.75  
c rst  geom svd  vmt  865   395 K 1497      33K   784 5.84    5.75     2065  2038   42K   110 32.93   32.86  
c [branch] adjusting to: vsid (from: vmtf) var_decay:0.95 descr: VSIDS
c [distill-long-red0] cls tried: 289/289 T: 0.02 T-out: N T-r: 99.37%
c [distill-long-red1] cls tried: 45/1638 T: 0.01 T-out: Y T-r: -3.64%
c rst  geom svd  vs   866   395 K 1497      33K   784 5.84    5.75     2065  2038   42K   110 32.97   32.89  
c rst  geom svd  vs   867   395 K 1497      33K   784 5.84    5.75     2065  2038   42K   110 32.97   32.90  
c rst  geom svd  vs   868   395 K 1497      33K   784 5.84    5.75     2065  2038   42K   110 33.01   32.94  
c rst  geom svd  vs   869   395 K 1497      33K   784 5.84    5.75     2065  2038   42K   110 33.01   32.94  
c rst  geom svd  vs   870   395 K 1497      33K   784 5.84    5.75     2065  2038   43K   110 33.02   32.95  
c rst  geom svd  vs   871   395 K 1497      33K   784 5.84    5.75     2065  2038   43K   110 33.01   32.93  
c rst  geom svd  vs   872   396 K 1497      33K   784 5.84    5.75     2065  2039   43K   110 33.00   32.93  
c rst  geom svd  vs   873   396 K 1497      33K   784 5.84    5.75     2065  2040   43K   110 32.96   32.89  
c rst  geom svd  vs   874   396 K 1497      33K   784 5.84    5.75     2065  2041   43K   110 32.97   32.90  
c rst  geom svd  vs   875   396 K 1497      33K   784 5.84    5.75     2065  2045   44K   110 32.98   32.91  
c rst  geom svd  vs   876   397 K 1497      33K   784 5.84    5.75     2066  2045   44K   110 33.07   33.00  
c rst  geom svd  vs   877   397 K 1497      33K   784 5.84    5.75     2066  2045   44K   110 33.13   33.06  
c rst  geom svd  vs   878   397 K 1497      33K   784 5.84    5.75     2067  2046   45K   110 33.15   33.08  
c rst  geom svd  vs   879   397 K 1497      33K   784 5.84    5.75     2067  2046   45K   110 33.16   33.09  
c recursive minimization cost OK: 777Kcost/(% lits removed)
c [gauss] XOR-encoding clauses are not detached, so no need to reattach them.
c [g 0] truth-find prop checks  : 450K
c [g 0] -> of which prop        : 64.11 %
c [g 0] -> of which confl       :  2.00 %
c [g 0] elim called             : 23K
c [g 0] ---> which lead to prop : 94.92 %
c [g 0] ---> which lead to confl:  3.16 %
c [g 0] size: 54    x 475  
c --> Executing strategy token: scc-vrepl
c [scc] new: 0 BP 0M T: 0.00
c --> Executing strategy token: sub-impl
c [impl-sub] bin: 1 T: 0.00 T-out: N w-visit: 2998
c --> Executing strategy token: breakid
c --> Executing OCC strategy token(s): 'occ-backw-sub-str,occ-clean-implicit,occ-bve,occ-bva,occ-ternary-res,occ-xor,'
c [occ] mem usage for occur 3      MB
c [occ] Linked in IRRED BIN by default: 784
c [occ] Linked in RED   BIN by default: 109
c [occ] mem usage for occur 0      MB
c Mem for watch alloc      : 13          MB (24.88     %)
c Mem for watch array      : 0           MB (0.12      %)
c --> Executing OCC strategy token: occ-backw-sub-str
c [occ-backw-sub-str-long-w-bins] subs: 0 str: 13 tried: 8613 0-depth ass: 0 T: 0.00 T-out: N T-r: 99.05%
c [occ-backw-sub-long-w-long] rem cl: 177 tried: 82689/82689 (100.0%) T: 0.02 T-out: N T-r: 89.32%
c [occ-backw-sub-str-long-w-long] sub: 0 str: 3 tried: 248067/82689 (300.0)  T: 0.17 T-out: N T-r: 69.21%
c --> Executing OCC strategy token: occ-clean-implicit
c --> Executing OCC strategy token: occ-bve
c [occ-empty-res] Empty resolvent elimed: 0 T: 0.00 T-out: N
c [occ-bve] iter v-elim 0
c cl_inc_rate=1.0, var_dec_rate=1.0 (grow=0)
c Reduced to 1497 vars, 34252 cls (grow=0)
c [occ-bve] iter v-elim 0
c cl_inc_rate=1.0, var_dec_rate=1.0 (grow=8)
c Reduced to 1497 vars, 34252 cls (grow=8)
c [occ-bve] iter v-elim 0
c cl_inc_rate=1.0, var_dec_rate=1.0 (grow=16)
c Reduced to 1497 vars, 34252 cls (grow=16)
c x n vars       : 1497
c #try to eliminate:  4491
c #var-elim        :     0
c #T-o: N
c #T-r: 99.98%
c #T  : 0.18
c [occur] 0.04 is overhead
c [occur] link-in T: 0.04 cleanup T: 0.00
c --> Executing OCC strategy token: occ-bva
c --> Executing OCC strategy token: occ-ternary-res
c [occ-ternary-res] Ternary res-tri: 0 res-bin: 0 sub: 0 str: 0 T: 0.00 T-out: N T-r: 99.79%
c --> Executing OCC strategy token: occ-xor
c [occ-xor] sort occur list T: 0.00
c [xor-clean-equiv] removed equivalent xors: 0 left with: 935
c [occ-xor] found    935 avg sz 5.9 min sz  4 max sz  6 T: 0.00 T-out: N T-r: 99.97%
c --> Executing strategy token: card-find
c --> Executing strategy token: cl-consolidate
c Not consolidating memory.
c --> Executing strategy token: scc-vrepl
c [scc] new: 0 BP 0M T: 0.00
c --> Executing strategy token: renumber
c --> Executing strategy token: bosphorus
c --> Executing strategy token: louvain-comms
c [consolidate] mini T: 0.00
c global_timeout_multiplier: 4.3923
c [branch] rebuilding order heap for all branchings. Current branching: vsid
c [find&init matx] performing matrix init
c [gauss] XOR-encoding clauses are not detached, so no need to reattach them.
c [xor-rem-unconnected] left with 935 xors from 935 non-empty xors T: 0.00
c [xor-together] xored together: 875 orig xors: 935 new xors: 60 T: 0.00
c [xor-rem-unconnected] left with 60 xors from 60 non-empty xors T: 0.00
c [xor-clean-equiv] removed equivalent xors: 0 left with: 60
c [matrix] unused xors from cleaning: 0
c [matrix] Good   matrix  0     60 x  493  density:0.1285  xorlen avg: 63.35
c [matrix] Using 1 matrices recovered from 0 xors T: 0.00 T-out: N
c rst  geom  svd   vs   880  398K    1497   33K   784    5.84    5.75  1922  2115   45K   109   33.31   33.24
c rst  geom  svd   vs   881  398K    1497   33K   784    5.84    5.75  1922  2115   45K   109   33.35   33.28
c rst  geom  svd   vs   882  399K    1497   33K   784    5.84    5.75  1923  2116   46K   109   33.35   33.28
c rst  geom  svd   vs   883  399K    1497   33K   784    5.84    5.75  1923  2117   46K   109   33.36   33.29
c [ccnr] saving best assignment phase to stable_polar
c [ccnr] bumping based on var unsat frequency: conflict_ct
c [ccnr] Bumped vars: 1499 bump type: 6
c [ccnr] time: 0.28
c rst  geom  svd   vs   884  400K    1497   33K   784    5.84    5.75  1932  2100   47K   109   33.37   33.30
c rst  geom  svd   vs   885  400K    1497   33K   784    5.84    5.75  1932  2102   47K   109   33.40   33.33
c rst  geom  svd   vs   886  401K    1497   33K   784    5.84    5.75  1932  2104   48K   109   33.33   33.27
c rst  geom best   vs   887  402K    1497   33K   784    5.84    5.75  1933  2105   49K   109   33.33   33.26
c rst  geom best   vs   888  402K    1497   33K   784    5.84    5.75  1936  2110   50K   109   33.47   33.40
c [distill-bin] useful: 0/784/784 lits-rem: 0 cl-rem: 0 0-depth-assigns: 0 T: 0.01 T-out: N
c rst  geom best   vs   889  403K    1497   33K   784    5.84    5.75  1937  2116   50K   109   33.52   33.46
c rst  geom best   vs   890  404K    1497   33K   784    5.84    5.75  1937  2116   51K   109   33.65   33.59
c [impl-str] lit bin: 0 set-var: 0 T: 0.00 T-out: N T-r: 99.95% w-visit: 2998
c [impl-sub] bin: 0 T: 0.00 T-out: N w-visit: 2998
c rst  geom best   vs   891  405K    1497   33K   784    5.84    5.75  1938  2206   38K   109   33.61   33.53
c rst  geom best   vs   892  406K    1497   33K   784    5.84    5.75  1939  2207   39K   109   33.68   33.61
c rst  geom best   vs   893  408K    1497   33K   784    5.84    5.75  1939  2215   41K   109   33.76   33.68
c [distill] watch-based irred--  cl tried     8656 cl-sh    14 cl-rem   10 lit-rem     16 T: 0.01 T-out: N
c [distill] watch-based   red--  cl tried     3878 cl-sh    11 cl-rem    0 lit-rem     25 T: 0.00 T-out: N
c rst  geom best   vs   894  409K    1497   33K   786    5.84    5.75  1940  2230   42K   107   34.09   34.02
c [full-probe]  bin_only: 0 set: 0 repl: 0 T: 0.01 T-out: N T-r: 96.00%
c rst  geom best   vs   895  411K    1497   33K   786    5.84    5.75  1990  2152   44K   107   34.26   34.19
c [distill-long-red0] cls tried: 96/96 T: 0.01 T-out: N T-r: 99.78%
c [distill-long-red1] cls tried: 39/1726 T: 0.01 T-out: Y T-r: -1.77%
c rst  geom  stb   vs   896  412K    1497   33K   786    5.84    5.75  1991  2158   45K   107   34.70   34.63
c rst  geom  stb   vs   897  414K    1497   33K   786    5.84    5.75  1993  2169   47K   107   35.09   35.02
c rst  geom  stb   vs   898  416K    1497   33K   786    5.84    5.75  1993  2174   49K   107   35.23   35.16
c rst  geom  stb   vs   899  418K    1497   33K   786    5.84    5.75  1993  2175   52K   107   35.65   35.58
c rst  geom  stb   vs   900  421K    1497   33K   786    5.84    5.75  2031  2187   37K   107   35.39   35.30
c rst  geom ibes   vs   901  424K    1497   33K   786    5.84    5.75  2037  2221   39K   107   35.85   35.77
c [distill-bin] useful: 2/786/786 lits-rem: 0 cl-rem: 2 0-depth-assigns: 0 T: 0.01 T-out: N
c rst  geom ibes   vs   902  427K    1497   33K   784    5.84    5.75  2039  2227   42K   107   35.73   35.65
c [distill-long-red0] cls tried: 49/49 T: 0.00 T-out: N T-r: 99.86%
c [distill-long-red1] cls tried: 59/1778 T: 0.01 T-out: Y T-r: -1.19%
c rst  geom ibes   vs   903  430K    1497   33K   784    5.84    5.75  2133  1988   46K   107   35.99   35.92
c [full-probe]  bin_only: 1 set: 0 repl: 0 T: 0.01 T-out: N T-r: 99.79%
c rst  geom ibes   vs   904  434K    1497   33K   784    5.84    5.75  2133  1998   49K   107   36.11   36.04
c [distill] watch-based irred--  cl tried     8646 cl-sh     0 cl-rem    0 lit-rem      0 T: 0.01 T-out: N
c [distill] watch-based   red--  cl tried     4266 cl-sh    51 cl-rem    0 lit-rem     88 T: 0.00 T-out: N
c rst  geom  svd   vs   905  438K    1497   33K   784    5.84    5.75  2137  2184   40K   107   36.81   36.73
c [branch] adjusting to: vmtf (from: vsid) var_decay:0.95 descr: VMTF
c rst  luby  svd  vmt   906  438K    1497   33K   784    5.84    5.75  2141  2196   40K   108   36.81   36.73
c rst  luby  svd  vmt   907  438K    1497   33K   784    5.84    5.75  2141  2196   40K   108   36.82   36.74
c rst  luby  svd  vmt   908  438K    1497   33K   784    5.84    5.75  2141  2199   40K   108   36.78   36.70
c rst  luby  svd  vmt   909  438K    1497   33K   784    5.84    5.75  2141  2199   40K   108   36.80   36.71
c rst  luby  svd  vmt   910  438K    1497   33K   784    5.84    5.75  2141  2199   40K   108   36.78   36.70
c rst  luby  svd  vmt   911  438K    1497   33K   784    5.84    5.75  2141  2199   40K   108   36.76   36.68
c rst  luby  svd  vmt   912  439K    1497   33K   784    5.84    5.75  2141  2204   41K   108   36.75   36.67
c rst  luby  svd  vmt   913  439K    1497   33K   784    5.84    5.75  2141  2204   41K   108   36.75   36.67
c rst  luby  svd  vmt   914  439K    1497   33K   784    5.84    5.75  2141  2204   41K   108   36.73   36.65
c rst  luby  svd  vmt   915  439K    1497   33K   784    5.84    5.75  2141  2206   41K   108   36.73   36.65
c rst  luby  svd  vmt   916  439K    1497   33K   784    5.84    5.75  2141  2208   41K   109   36.74   36.66
c rst  luby  svd  vmt   917  439K    1497   33K   784    5.84    5.75  2141  2208   41K   109   36.77   36.69
c rst  luby  svd  vmt   918  440K    1497   33K   784    5.84    5.75  2169  2003   42K   109   36.82   36.74
c rst  luby  svd  vmt   919  440K    1497   33K   784    5.84    5.75  2169  2003   42K   109   36.76   36.68
c rst  luby  svd  vmt   920  441K    1497   33K   784    5.84    5.75  2169  2005   43K   109   36.84   36.76
c rst  luby  svd  vmt   921  441K    1497   33K   784    5.84    5.75  2169  2005   43K   109   36.84   36.76
c rst  luby  svd  vmt   922  441K    1497   33K   784    5.84    5.75  2169  2005   43K   109   36.86   36.78
c rst  luby  svd  vmt   923  441K    1497   33K   784    5.84    5.75  2169  2006   43K   109   36.87   36.79
c rst  luby  svd  vmt   924  441K    1497   33K   784    5.84    5.75  2169  2006   43K   109   36.87   36.79
c rst  luby  svd  vmt   925  441K    1497   33K   784    5.84    5.75  2169  2006   43K   109   36.89   36.81
c rst  luby  svd  vmt   926  442K    1497   33K   784    5.84    5.75  2169  2007   44K   109   36.90   36.82
c rst  luby  svd  vmt   927  442K    1497   33K   784    5.84    5.75  2169  2007   44K   109   36.93   36.86
c [distill-long-red0] cls tried: 138/138 T: 0.01 T-out: N T-r: 99.68%
c [distill-long-red1] cls tried: 59/1628 T: 0.01 T-out: Y T-r: -1.93%
c rst  luby  svd  vmt   928  442K    1497   33K   784    5.84    5.75  2169  2008   44K   109   36.92   36.85
c rst  luby  svd  vmt   929  442K    1497   33K   784    5.84    5.75  2169  2012   44K   109   36.94   36.87
c rst  luby  svd  vmt   930  442K    1497   33K   784    5.84    5.75  2169  2013   44K   109   36.94   36.87
c rst  luby  svd  vmt   931  443K    1497   33K   784    5.84    5.75  2169  2013   45K   109   36.97   36.89
c rst  luby  svd  vmt   932  443K    1497   33K   784    5.84    5.75  2169  2013   45K   109   36.98   36.90
c rst  luby  svd  vmt   933  443K    1497   33K   784    5.84    5.75  2169  2014   45K   109   36.98   36.90
c rst  luby  svd  vmt   934  443K    1497   33K   784    5.84    5.75  2169  2014   45K   109   36.97   36.89
c [ccnr] saving best assignment phase to stable_polar
c [ccnr] bumping based on clause weights
c [ccnr] Bumped vars: 102 bump type: 6
c [ccnr] time: 0.30
c rst  geom best  vmt   935  443K    1497   33K   784    5.84    5.75  2169  2014   45K   109   36.94   36.87
c rst  geom best  vmt   936  443K    1497   33K   784    5.84    5.75  2169  2015   46K   109   36.93   36.85
c rst  geom best  vmt   937  444K    1497   33K   784    5.84    5.75  2171  2021   46K   109   36.89   36.82
c [gauss] XOR-encoding clauses are not detached, so no need to reattach them.
c [g 0] truth-find prop checks  : 1137K
c [g 0] -> of which prop        : 62.07 %
c [g 0] -> of which confl       :  2.02 %
c [g 0] elim called             : 60K
c [g 0] ---> which lead to prop : 86.15 %
c [g 0] ---> which lead to confl:  3.62 %
c [g 0] size: 60    x 493  
c [scc] new: 0 BP 0M T: 0.00
c [vrep] vars 0 lits 0 rem-bin-cls 0 rem-long-cls 0 BP 0M T: 0.00
c [intree] Set 0 vars hyper-added: 1 trans-irred: 0 trans-red: 0 T: 0.01 T-out: N T-r: -0.93%
c [find&init matx] performing matrix init
c [gauss] XOR-encoding clauses are not detached, so no need to reattach them.
c [xor-rem-unconnected] left with 935 xors from 935 non-empty xors T: 0.00
c [xor-together] xored together: 875 orig xors: 935 new xors: 60 T: 0.00
c [xor-rem-unconnected] left with 60 xors from 60 non-empty xors T: 0.00
c [xor-clean-equiv] removed equivalent xors: 0 left with: 60
c [matrix] unused xors from cleaning: 0
c [matrix] Good   matrix 0 60      x493    density:0.1285  xorlen avg: 63.35
c [matrix] Using 1 matrices recovered from 0 xors T: 0.00 T-out: N
c rst  geom best vmt  938   444 K 1497      33K   784 5.84    5.75     2173  2028   46K   110 36.91   36.84  
c [distill-bin] useful: 0/784/784 lits-rem: 0 cl-rem: 0 0-depth-assigns: 0 T: 0.01 T-out: N
c rst  geom best vmt  939   444 K 1497      33K   784 5.84    5.75     2173  2031   46K   110 36.89   36.81  
c rst  geom best vmt  940   444 K 1497      33K   784 5.84    5.75     2173  2032   46K   110 36.87   36.80  
c rst  geom best vmt  941   444 K 1497      33K   784 5.84    5.75     2173  2038   46K   110 36.95   36.88  
c rst  geom best vmt  942   445 K 1497      33K   784 5.84    5.75     2173  2040   47K   110 36.99   36.91  
c rst  geom best vmt  943   445 K 1497      33K   784 5.84    5.75     2173  2040   47K   110 36.97   36.90  
c rst  geom best vmt  944   445 K 1497      33K   784 5.84    5.75     2173  2040   47K   110 36.97   36.90  
c rst  geom best vmt  945   445 K 1497      33K   784 5.84    5.75     2173  2044   47K   110 36.96   36.88  
c rst  geom best vmt  946   446 K 1497      33K   784 5.84    5.75     2173  2044   48K   110 37.04   36.97  
c rst  geom best vmt  947   446 K 1497      33K   784 5.84    5.75     2173  2045   48K   110 37.06   36.99  
c rst  geom best vmt  948   446 K 1497      33K   784 5.84    5.75     2173  2046   48K   110 37.05   36.98  
c rst  geom best vmt  949   447 K 1497      33K   784 5.84    5.75     2173  2046   49K   110 37.00   36.93  
c rst  geom best vmt  950   447 K 1497      33K   784 5.84    5.75     2173  2048   49K   110 36.95   36.88  
c rst  geom best vmt  951   448 K 1497      33K   784 5.84    5.75     2173  2053   50K   110 36.94   36.87  
c rst  geom best vmt  952   448 K 1497      33K   784 5.84    5.75     2173  2053   50K   110 36.90   36.83  
c rst  geom best vmt  953   449 K 1497      33K   784 5.84    5.75     2173  2058   51K   110 37.05   36.98  
c rst  geom best vmt  954   449 K 1497      33K   784 5.84    5.75     2173  2064   51K   110 36.91   36.85  
c rst  geom best vmt  955   450 K 1497      33K   784 5.84    5.75     2231  1837   38K   110 36.35   36.27  
c [full-probe]  bin_only: 0 set: 0 repl: 0 T: 0.00 T-out: N T-r: 97.62%
c rst  geom best vmt  956   451 K 1497      33K   784 5.84    5.75     2231  1839   39K   110 36.26   36.18  
c rst  geom best vmt  957   452 K 1497      33K   784 5.84    5.75     2231  1847   40K   110 36.27   36.18  
c rst  geom best vmt  958   453 K 1497      33K   784 5.84    5.75     2231  1847   41K   110 36.29   36.21  
c rst  geom stb  vmt  959   454 K 1497      33K   784 5.84    5.75     2231  1847   42K   110 36.16   36.08  
c rst  geom stb  vmt  960   455 K 1497      33K   784 5.84    5.75     2231  1853   43K   110 35.89   35.81  
c rst  geom stb  vmt  961   456 K 1497      33K   784 5.84    5.75     2231  1869   44K   110 35.92   35.84  
c rst  geom stb  vmt  962   458 K 1497      33K   784 5.84    5.75     2231  1877   45K   110 36.02   35.95  
c [distill-long-red0] cls tried: 59/59 T: 0.00 T-out: N T-r: 99.86%
c [distill-long-red1] cls tried: 73/1478 T: 0.01 T-out: Y T-r: -2.10%
c rst  geom stb  vmt  963   459 K 1497      33K   784 5.84    5.75     2231  1879   47K   110 36.34   36.27  
c [distill] watch-based irred--  cl tried 8646     cl-sh 0     cl-rem 0    lit-rem 0      T: 0.00 T-out: N
c [distill] watch-based red  --  cl tried 4462     cl-sh 6     cl-rem 0    lit-rem 8      T: 0.00 T-out: N
c rst  geom stb  vmt  964   461 K 1497      33K   784 5.84    5.75     2272  1761   49K   110 36.54   36.47  
c rst  geom stb  vmt  965   463 K 1497      33K   784 5.84    5.75     2272  1761   51K   110 36.50   36.43  
c rst  geom ibes vmt  966   465 K 1497      33K   784 5.84    5.75     2279  1856   38K   110 34.07   33.99  
c [distill-bin] useful: 0/784/784 lits-rem: 0 cl-rem: 0 0-depth-assigns: 0 T: 0.01 T-out: N
c [impl-str] lit bin: 0 set-var: 0 T: 0.00 T-out: N T-r: 99.96% w-visit: 2998
c [impl-sub] bin: 1 T: 0.00 T-out: N w-visit: 2998
c rst  geom ibes vmt  967   467 K 1497      33K   784 5.84    5.75     2281  1869   40K   109 34.44   34.36  
c rst  geom ibes vmt  968   470 K 1497      33K   784 5.84    5.75     2324  1712   43K   109 34.71   34.64  
c rst  geom ibes vmt  969   472 K 1497      33K   784 5.84    5.75     2324  1719   46K   109 34.58   34.50  
c [full-probe]  bin_only: 1 set: 0 repl: 0 T: 0.00 T-out: N T-r: 99.82%
c rst  geom ibes vmt  970   475 K 1497      33K   784 5.84    5.75     2324  1730   49K   109 35.03   34.96  
c [distill-long-red0] cls tried: 93/93 T: 0.01 T-out: N T-r: 99.75%
c [distill-long-red1] cls tried: 60/1328 T: 0.01 T-out: Y T-r: -1.32%
c rst  geom svd  vmt  971   479 K 1497      33K   784 5.84    5.75     2326  1742   52K   109 35.46   35.40  
c rst  geom svd  vmt  972   482 K 1497      33K   784 5.84    5.75     2366  1833   41K   109 35.26   35.19  
c rst  geom svd  vmt  973   486 K 1497      33K   784 5.84    5.75     2367  1871   45K   109 35.77   35.69  
c [branch] adjusting to: vsid (from: vmtf) var_decay:0.95 descr: VSIDS
c [distill-bin] useful: 0/784/784 lits-rem: 0 cl-rem: 0 0-depth-assigns: 0 T: 0.01 T-out: N
c [distill] watch-based irred--  cl tried 8646     cl-sh 0     cl-rem 0    lit-rem 0      T: 0.00 T-out: N
c [distill] watch-based red  --  cl tried 4734     cl-sh 35    cl-rem 0    lit-rem 60     T: 0.00 T-out: N
c rst  geom best vs   974   486 K 1497      33K   784 5.84    5.75     2367  1871   45K   109 35.79   35.72  
c rst  geom best vs   975   486 K 1497      33K   784 5.84    5.75     2367  1871   45K   109 35.82   35.75  
c rst  geom best vs   976   487 K 1497      33K   784 5.84    5.75     2367  1871   45K   109 35.87   35.80  
c rst  geom best vs   977   487 K 1497      33K   784 5.84    5.75     2367  1871   45K   109 35.88   35.81  
c rst  geom best vs   978   487 K 1497      33K   784 5.84    5.75     2367  1871   45K   109 35.88   35.81  
c rst  geom best vs   979   487 K 1497      33K   784 5.84    5.75     2367  1871   46K   109 35.89   35.81  
c rst  geom best vs   980   487 K 1497      33K   784 5.84    5.75     2367  1872   46K   109 35.89   35.81  
c [ccnr] saving best assignment phase to stable_polar
c [ccnr] bumping based on var unsat frequency: conflict_ct
c [ccnr] Bumped vars: 1499 bump type: 6
c [ccnr] time: 0.32
c rst  geom best vs   981   488 K 1497      33K   784 5.84    5.75     2367  1873   46K   109 35.92   35.85  
c rst  geom best vs   982   488 K 1497      33K   784 5.84    5.75     2367  1876   46K   109 35.94   35.87  
c rst  geom best vs   983   488 K 1497      33K   784 5.84    5.75     2368  1877   47K   109 35.98   35.91  
c rst  geom best vs   984   488 K 1497      33K   784 5.84    5.75     2368  1878   47K   109 35.97   35.90  
c rst  geom best vs   985   489 K 1497      33K   784 5.84    5.75     2368  1878   47K   109 35.94   35.87  
c rst  geom best vs   986   489 K 1497      33K   784 5.84    5.75     2368  1880   48K   109 35.97   35.90  
c rst  geom best vs   987   490 K 1497      33K   784 5.84    5.75     2415  1788   48K   109 36.03   35.96  
c rst  geom best vs   988   490 K 1497      33K   784 5.84    5.75     2415  1790   49K   109 36.07   36.00  
c rst  geom best vs   989   491 K 1497      33K   784 5.84    5.75     2416  1790   49K   109 36.17   36.10  
c [distill-long-red0] cls tried: 107/107 T: 0.01 T-out: N T-r: 99.78%
c [distill-long-red1] cls tried: 60/1347 T: 0.01 T-out: Y T-r: -4.18%
c rst  geom best vs   990   491 K 1497      33K   784 5.84    5.75     2416  1791   50K   109 36.24   36.17  
c rst  geom best vs   991   492 K 1497      33K   784 5.84    5.75     2417  1793   50K   109 36.19   36.12  
c rst  geom best vs   992   492 K 1497      33K   784 5.84    5.75     2417  1794   51K   109 36.29   36.23  
c [full-probe]  bin_only: 0 set: 0 repl: 0 T: 0.01 T-out: N T-r: 97.28%
c rst  geom best vs   993   493 K 1497      33K   784 5.84    5.75     2417  1796   52K   109 36.30   36.23  
c rst  geom best vs   994   494 K 1497      33K   784 5.84    5.75     2418  1800   52K   109 36.33   36.27  
c rst  geom best vs   995   495 K 1497      33K   784 5.84    5.75     2427  1950   38K   109 36.52   36.43  
c rst  geom best vs   996   496 K 1497      33K   784 5.84    5.75     2427  1951   39K   109 36.43   36.34  
c rst  geom best vs   997   497 K 1497      33K   784 5.84    5.75     2427  1954   40K   109 36.63   36.55  
c rst  geom stb  vs   998   498 K 1497      33K   784 5.84    5.75     2428  1965   41K   109 36.70   36.62  
c rst  geom stb  vs   999   499 K 1497      33K   784 5.84    5.75     2428  1972   43K   109 36.89   36.81  
c rst  geom stb  vs   1000  501 K 1497      33K   784 5.84    5.75     2469  1824   44K   109 36.94   36.86  
c rst  geom stb  vs   1001  502 K 1497      33K   784 5.84    5.75     2470  1825   46K   109 37.07   37.00  
c rst  geom stb  vs   1002  504 K 1497      33K   784 5.84    5.75     2470  1827   47K   109 37.26   37.18  
c rst  geom stb  vs   1003  506 K 1497      33K   784 5.84    5.75     2470  1829   49K   109 37.29   37.22  
c [distill-long-red0] cls tried: 53/53 T: 0.00 T-out: N T-r: 99.87%
c [distill-long-red1] cls tried: 45/1370 T: 0.01 T-out: Y T-r: -1.80%
c rst  geom stb  vs   1004  508 K 1497      33K   784 5.84    5.75     2471  1832   51K   109 37.36   37.29  
c [distill-bin] useful: 0/784/784 lits-rem: 0 cl-rem: 0 0-depth-assigns: 0 T: 0.01 T-out: N
c rst  geom ibes vs   1005  510 K 1497      33K   784 5.84    5.75     2502  1840   39K   109 37.30   37.21  
c [gauss] XOR-encoding clauses are not detached, so no need to reattach them.
c [g 0] truth-find prop checks  : 1660K
c [g 0] -> of which prop        : 58.83 %
c [g 0] -> of which confl       :  1.90 %
c [g 0] elim called             : 106K
c [g 0] ---> which lead to prop : 77.16 %
c [g 0] ---> which lead to confl:  3.43 %
c [g 0] size: 60    x 493  
c [scc] new: 0 BP 0M T: 0.00
c [vrep] vars 0 lits 0 rem-bin-cls 0 rem-long-cls 0 BP 0M T: 0.00
c [intree] Set 0 vars hyper-added: 0 trans-irred: 0 trans-red: 0 T: 0.01 T-out: N T-r: -1.55%
c [find&init matx] performing matrix init
c [gauss] XOR-encoding clauses are not detached, so no need to reattach them.
c [xor-rem-unconnected] left with 935 xors from 935 non-empty xors T: 0.00
c [xor-together] xored together: 875 orig xors: 935 new xors: 60 T: 0.00
c [xor-rem-unconnected] left with 60 xors from 60 non-empty xors T: 0.00
c [xor-clean-equiv] removed equivalent xors: 0 left with: 60
c [matrix] unused xors from cleaning: 0
c [matrix] Good   matrix 0 60      x493    density:0.1285  xorlen avg: 63.35
c [matrix] Using 1 matrices recovered from 0 xors T: 0.00 T-out: N
c rst  geom ibes vs   1006  512 K 1497      33K   784 5.84    5.75     2502  1846   41K   109 37.25   37.16  
c [full-probe]  bin_only: 1 set: 0 repl: 0 T: 0.00 T-out: N T-r: 99.80%
c [distill] watch-based irred--  cl tried 8646     cl-sh 0     cl-rem 0    lit-rem 0      T: 0.01 T-out: N
c [distill] watch-based red  --  cl tried 5004     cl-sh 28    cl-rem 0    lit-rem 45     T: 0.00 T-out: N
c rst  geom ibes vs   1007  515 K 1497      33K   784 5.84    5.75     2502  1849   44K   109 36.68   36.60  
c rst  geom ibes vs   1008  518 K 1497      33K   784 5.84    5.75     2503  1851   47K   109 36.61   36.54  
c rst  geom svd  vs   1009  521 K 1497      33K   784 5.84    5.75     2531  1705   50K   109 36.71   36.64  
c [distill-long-red0] cls tried: 73/73 T: 0.00 T-out: N T-r: 99.82%
c [distill-long-red1] cls tried: 48/1255 T: 0.01 T-out: Y T-r: -2.06%
c rst  geom svd  vs   1010  525 K 1497      33K   784 5.84    5.75     2535  1811   39K   109 35.16   35.07  
c [impl-str] lit bin: 0 set-var: 0 T: 0.00 T-out: N T-r: 99.96% w-visit: 2998
c [impl-sub] bin: 0 T: 0.00 T-out: N w-visit: 2998
c rst  geom svd  vs   1011  529 K 1497      33K   784 5.84    5.75     2535  1822   43K   109 35.38   35.30  
c [distill-bin] useful: 0/784/784 lits-rem: 0 cl-rem: 0 0-depth-assigns: 0 T: 0.01 T-out: N
c rst  geom best vs   1012  533 K 1497      33K   784 5.84    5.75     2551  1784   47K   109 36.04   35.97  
c [full-probe]  bin_only: 0 set: 0 repl: 0 T: 0.01 T-out: N T-r: 97.17%
c [ccnr] saving best assignment phase to stable_polar
c [ccnr] bumping based on var unsat frequency: conflict_ct
c [ccnr] Bumped vars: 1499 bump type: 6
c [ccnr] time: 0.27
c rst  geom best vs   1013  538 K 1497      33K   784 5.84    5.75     2551  1788   52K   109 36.08   36.02  
c [distill-long-red0] cls tried: 20/20 T: 0.00 T-out: N T-r: 99.95%
c [distill-long-red1] cls tried: 49/1303 T: 0.01 T-out: Y T-r: -2.89%
c [distill] watch-based irred--  cl tried 8646     cl-sh 0     cl-rem 0    lit-rem 0      T: 0.01 T-out: N
c [distill] watch-based red  --  cl tried 5102     cl-sh 12    cl-rem 0    lit-rem 14     T: 0.00 T-out: N
c rst  geom best vs   1014  544 K 1497      33K   784 5.84    5.75     2564  1755   42K   109 34.77   34.69  
c [branch] adjusting to: vmtf (from: vsid) var_decay:0.95 descr: VMTF
c rst  luby stb  vmt  1015  544 K 1497      33K   784 5.84    5.75     2566  1765   42K   111 34.79   34.72  
c rst  luby stb  vmt  1016  544 K 1497      33K   784 5.84    5.75     2566  1768   42K   111 34.80   34.73  
c rst  luby stb  vmt  1017  544 K 1497      33K   784 5.84    5.75     2566  1772   43K   111 34.89   34.81  
c rst  luby stb  vmt  1018  544 K 1497      33K   784 5.84    5.75     2566  1773   43K   111 34.94   34.86  
c rst  luby stb  vmt  1019  544 K 1497      33K   784 5.84    5.75     2566  1775   43K   111 34.98   34.90  
c rst  luby stb  vmt  1020  544 K 1497      33K   784 5.84    5.75     2566  1777   43K   111 34.99   34.92  
c rst  luby stb  vmt  1021  545 K 1497      33K   784 5.84    5.75     2566  1779   43K   111 34.99   34.92  
c rst  luby stb  vmt  1022  545 K 1497      33K   784 5.84    5.75     2566  1779   44K   111 35.00   34.92  
c rst  luby stb  vmt  1023  545 K 1497      33K   784 5.84    5.75     2566  1781   44K   111 35.01   34.93  
c rst  luby stb  vmt  1024  545 K 1497      33K   784 5.84    5.75     2566  1782   44K   111 35.07   34.99  
c rst  luby stb  vmt  1025  545 K 1497      33K   784 5.84    5.75     2566  1783   44K   111 35.08   35.01  
c rst  luby stb  vmt  1026  545 K 1497      33K   784 5.84    5.75     2566  1783   44K   111 35.08   35.01  
c rst  luby stb  vmt  1027  546 K 1497      33K   784 5.84    5.75     2566  1784   44K   111 35.08   35.01  
c rst  luby stb  vmt  1028  546 K 1497      33K   784 5.84    5.75     2566  1785   45K   111 35.11   35.04  
c rst  luby stb  vmt  1029  547 K 1497      33K   784 5.84    5.75     2566  1788   45K   111 35.21   35.14  
c rst  luby stb  vmt  1030  547 K 1497      33K   784 5.84    5.75     2566  1788   46K   111 35.21   35.14  
c rst  luby stb  vmt  1031  547 K 1497      33K   784 5.84    5.75     2566  1788   46K   111 35.20   35.13  
c rst  luby stb  vmt  1032  547 K 1497      33K   784 5.84    5.75     2566  1788   46K   111 35.19   35.12  
c rst  luby stb  vmt  1033  547 K 1497      33K   784 5.84    5.75     2566  1789   46K   111 35.19   35.12  
c rst  luby stb  vmt  1034  547 K 1497      33K   784 5.84    5.75     2566  1789   46K   111 35.19   35.12  
c rst  luby stb  vmt  1035  548 K 1497      33K   784 5.84    5.75     2567  1790   46K   111 35.21   35.14  
c rst  luby stb  vmt  1036  548 K 1497      33K   784 5.84    5.75     2567  1790   47K   111 35.21   35.13  
c rst  luby stb  vmt  1037  548 K 1497      33K   784 5.84    5.75     2567  1790   47K   111 35.22   35.15  
c rst  luby stb  vmt  1038  548 K 1497      33K   784 5.84    5.75     2567  1790   47K   111 35.23   35.16  
c rst  luby stb  vmt  1039  548 K 1497      33K   784 5.84    5.75     2567  1793   47K   111 35.28   35.21  
c rst  luby stb  vmt  1040  549 K 1497      33K   784 5.84    5.75     2567  1793   47K   111 35.30   35.23  
c rst  luby stb  vmt  1041  549 K 1497      33K   784 5.84    5.75     2567  1795   47K   111 35.31   35.24  
c rst  luby stb  vmt  1042  549 K 1497      33K   784 5.84    5.75     2567  1795   47K   111 35.35   35.27  
c rst  luby stb  vmt  1043  549 K 1497      33K   784 5.84    5.75     2567  1797   48K   111 35.40   35.33  
c [distill-bin] useful: 0/784/784 lits-rem: 0 cl-rem: 0 0-depth-assigns: 0 T: 0.01 T-out: N
c rst  luby stb  vmt  1044  550 K 1497      33K   784 5.84    5.75     2608  1661   49K   111 35.59   35.52  
c rst  luby stb  vmt  1045  552 K 1497      33K   784 5.84    5.75     2609  1675   50K   111 35.71   35.65  
c rst  luby stb  vmt  1046  552 K 1497      33K   784 5.84    5.75     2609  1675   50K   111 35.72   35.65  
c rst  luby stb  vmt  1047  552 K 1497      33K   784 5.84    5.75     2609  1675   51K   111 35.72   35.65  
c rst  luby stb  vmt  1048  552 K 1497      33K   784 5.84    5.75     2609  1678   51K   111 35.74   35.68  
c rst  luby stb  vmt  1049  552 K 1497      33K   784 5.84    5.75     2609  1679   51K   111 35.77   35.70  
c rst  luby stb  vmt  1050  552 K 1497      33K   784 5.84    5.75     2609  1679   51K   111 35.81   35.74  
c rst  luby stb  vmt  1051  552 K 1497      33K   784 5.84    5.75     2609  1683   51K   111 35.84   35.77  
c rst  luby stb  vmt  1052  553 K 1497      33K   784 5.84    5.75     2609  1683   52K   111 35.97   35.91  
c rst  luby stb  vmt  1053  553 K 1497      33K   784 5.84    5.75     2609  1683   52K   111 35.99   35.92  
c rst  luby stb  vmt  1054  553 K 1497      33K   784 5.84    5.75     2609  1683   52K   111 36.00   35.93  
c rst  luby stb  vmt  1055  553 K 1497      33K   784 5.84    5.75     2609  1684   52K   111 36.06   35.99  
c rst  luby stb  vmt  1056  553 K 1497      33K   784 5.84    5.75     2609  1685   52K   111 36.07   36.00  
c [distill-long-red0] cls tried: 69/69 T: 0.01 T-out: N T-r: 99.83%
c [distill-long-red1] cls tried: 52/1222 T: 0.01 T-out: Y T-r: -1.60%
c rst  luby stb  vmt  1057  553 K 1497      33K   784 5.84    5.75     2609  1685   52K   111 36.08   36.02  
c [full-probe]  bin_only: 1 set: 0 repl: 0 T: 0.00 T-out: N T-r: 99.73%
c rst  luby stb  vmt  1058  554 K 1497      33K   784 5.84    5.75     2609  1687   52K   111 36.11   36.04  
c rst  luby stb  vmt  1059  554 K 1497      33K   784 5.84    5.75     2609  1692   53K   111 36.17   36.10  
c rst  luby stb  vmt  1060  555 K 1497      33K   784 5.84    5.75     2618  1816   36K   111 36.39   36.30  
c rst  luby ibes vmt  1061  555 K 1497      33K   784 5.84    5.75     2618  1816   37K   111 36.39   36.30  
c rst  luby ibes vmt  1062  555 K 1497      33K   784 5.84    5.75     2618  1816   37K   111 36.40   36.31  
c rst  luby ibes vmt  1063  555 K 1497      33K   784 5.84    5.75     2618  1816   37K   111 36.36   36.26  
c rst  luby ibes vmt  1064  555 K 1497      33K   784 5.84    5.75     2618  1816   37K   111 36.34   36.25  
c rst  luby ibes vmt  1065  555 K 1497      33K   784 5.84    5.75     2618  1816   37K   111 36.34   36.25  
c rst  luby ibes vmt  1066  556 K 1497      33K   784 5.84    5.75     2618  1818   37K   111 36.39   36.30  
c rst  luby ibes vmt  1067  556 K 1497      33K   784 5.84    5.75     2618  1819   38K   111 36.42   36.33  
c rst  luby ibes vmt  1068  556 K 1497      33K   784 5.84    5.75     2618  1819   38K   111 36.43   36.34  
c rst  luby ibes vmt  1069  556 K 1497      33K   784 5.84    5.75     2618  1820   38K   111 36.43   36.34  
c rst  luby ibes vmt  1070  557 K 1497      33K   784 5.84    5.75     2618  1820   38K   111 36.37   36.28  
c rst  luby ibes vmt  1071  557 K 1497      33K   784 5.84    5.75     2618  1820   38K   111 36.34   36.25  
c rst  luby ibes vmt  1072  557 K 1497      33K   784 5.84    5.75     2618  1820   38K   111 36.37   36.28  
c rst  luby ibes vmt  1073  557 K 1497      33K   784 5.84    5.75     2618  1820   38K   111 36.36   36.27  
c rst  luby ibes vmt  1074  557 K 1497      33K   784 5.84    5.75     2618  1820   39K   111 36.38   36.29  
c rst  luby ibes vmt  1075  558 K 1497      33K   784 5.84    5.75     2618  1826   40K   111 36.50   36.42  
c rst  luby ibes vmt  1076  560 K 1497      33K   784 5.84    5.75     2677  1647   41K   111 36.52   36.44  
c rst  luby ibes vmt  1077  563 K 1497      33K   784 5.84    5.75     2677  1659   45K   111 36.54   36.46  
c rst  luby ibes vmt  1078  563 K 1497      33K   784 5.84    5.75     2677  1660   45K   111 36.53   36.45  
c rst  luby ibes vmt  1079  563 K 1497      33K   784 5.84    5.75     2677  1660   45K   111 36.52   36.44  
c rst  luby ibes vmt  1080  563 K 1497      33K   784 5.84    5.75     2677  1662   45K   111 36.51   36.43  
c [distill] watch-based irred--  cl tried 8646     cl-sh 0     cl-rem 0    lit-rem 0      T: 0.01 T-out: N
c [distill] watch-based red  --  cl tried 5354     cl-sh 24    cl-rem 0    lit-rem 47     T: 0.00 T-out: N
c rst  luby ibes vmt  1081  563 K 1497      33K   784 5.84    5.75     2677  1662   45K   111 36.52   36.44  
c rst  luby ibes vmt  1082  564 K 1497      33K   784 5.84    5.75     2677  1664   45K   111 36.52   36.44  
c rst  luby ibes vmt  1083  564 K 1497      33K   784 5.84    5.75     2677  1664   45K   111 36.51   36.44  
c rst  luby ibes vmt  1084  564 K 1497      33K   784 5.84    5.75     2677  1666   46K   111 36.51   36.43  
c rst  luby ibes vmt  1085  564 K 1497      33K   784 5.84    5.75     2677  1666   46K   111 36.50   36.42  
c rst  luby ibes vmt  1086  564 K 1497      33K   784 5.84    5.75     2677  1666   46K   111 36.49   36.41  
c rst  luby ibes vmt  1087  565 K 1497      33K   784 5.84    5.75     2677  1666   46K   111 36.45   36.37  
c rst  luby ibes vmt  1088  565 K 1497      33K   784 5.84    5.75     2677  1666   46K   111 36.44   36.36  
c rst  luby ibes vmt  1089  565 K 1497      33K   784 5.84    5.75     2677  1666   46K   111 36.46   36.39  
c rst  luby ibes vmt  1090  565 K 1497      33K   784 5.84    5.75     2677  1666   47K   111 36.44   36.37  
c rst  luby ibes vmt  1091  565 K 1497      33K   784 5.84    5.75     2677  1666   47K   111 36.41   36.33  
c rst  luby ibes vmt  1092  566 K 1497      33K   784 5.84    5.75     2677  1669   48K   111 36.50   36.43  
c rst  luby svd  vmt  1093  566 K 1497      33K   784 5.84    5.75     2677  1672   48K   111 36.54   36.47  
c rst  luby svd  vmt  1094  566 K 1497      33K   784 5.84    5.75     2677  1672   48K   111 36.53   36.46  
c rst  luby svd  vmt  1095  567 K 1497      33K   784 5.84    5.75     2677  1672   48K   111 36.52   36.45  
c rst  luby svd  vmt  1096  567 K 1497      33K   784 5.84    5.75     2677  1674   48K   111 36.54   36.47  
c rst  luby svd  vmt  1097  567 K 1497      33K   784 5.84    5.75     2677  1675   48K   111 36.54   36.47  
c rst  luby svd  vmt  1098  567 K 1497      33K   784 5.84    5.75     2677  1675   49K   111 36.58   36.51  
c rst  luby svd  vmt  1099  567 K 1497      33K   784 5.84    5.75     2677  1678   49K   111 36.60   36.53  
c rst  luby svd  vmt  1100  567 K 1497      33K   784 5.84    5.75     2677  1679   49K   111 36.59   36.52  
c rst  luby svd  vmt  1101  568 K 1497      33K   784 5.84    5.75     2677  1679   49K   111 36.58   36.51  
c rst  luby svd  vmt  1102  568 K 1497      33K   784 5.84    5.75     2677  1680   49K   111 36.57   36.50  
c rst  luby svd  vmt  1103  568 K 1497      33K   784 5.84    5.75     2677  1681   50K   111 36.58   36.51  
c rst  luby svd  vmt  1104  568 K 1497      33K   784 5.84    5.75     2677  1683   50K   111 36.60   36.53  
c rst  luby svd  vmt  1105  568 K 1497      33K   784 5.84    5.75     2677  1683   50K   111 36.61   36.54  
c rst  luby svd  vmt  1106  569 K 1497      33K   784 5.84    5.75     2677  1683   50K   111 36.61   36.54  
c [distill-long-red0] cls tried: 65/65 T: 0.00 T-out: N T-r: 99.83%
c [distill-long-red1] cls tried: 54/1199 T: 0.01 T-out: Y T-r: -1.41%
c rst  luby svd  vmt  1107  569 K 1497      33K   784 5.84    5.75     2678  1691   51K   111 36.55   36.48  
c [distill-bin] useful: 0/784/784 lits-rem: 0 cl-rem: 0 0-depth-assigns: 0 T: 0.01 T-out: N
c rst  luby svd  vmt  1108  571 K 1497      33K   784 5.84    5.75     2737  1716   38K   111 35.29   35.21  
c rst  luby svd  vmt  1109  571 K 1497      33K   784 5.84    5.75     2737  1716   38K   111 35.32   35.23  
c rst  luby svd  vmt  1110  571 K 1497      33K   784 5.84    5.75     2737  1716   38K   111 35.36   35.28  
c rst  luby svd  vmt  1111  571 K 1497      33K   784 5.84    5.75     2737  1718   39K   111 35.38   35.30  
c rst  luby svd  vmt  1112  571 K 1497      33K   784 5.84    5.75     2737  1718   39K   111 35.38   35.30  
c rst  luby svd  vmt  1113  572 K 1497      33K   784 5.84    5.75     2737  1718   39K   111 35.37   35.28  
c rst  luby svd  vmt  1114  572 K 1497      33K   784 5.84    5.75     2737  1720   39K   111 35.36   35.27  
c rst  luby svd  vmt  1115  572 K 1497      33K   784 5.84    5.75     2737  1721   39K   111 35.38   35.30  
c rst  luby svd  vmt  1116  572 K 1497      33K   784 5.84    5.75     2737  1722   40K   111 35.38   35.30  
c rst  luby svd  vmt  1117  572 K 1497      33K   784 5.84    5.75     2737  1728   40K   111 35.38   35.30  
c rst  luby svd  vmt  1118  573 K 1497      33K   784 5.84    5.75     2737  1731   40K   111 35.39   35.31  
c rst  luby svd  vmt  1119  573 K 1497      33K   784 5.84    5.75     2737  1731   40K   111 35.40   35.32  
c rst  luby svd  vmt  1120  573 K 1497      33K   784 5.84    5.75     2737  1731   40K   111 35.42   35.34  
c rst  luby svd  vmt  1121  573 K 1497      33K   784 5.84    5.75     2737  1731   40K   111 35.44   35.35  
c rst  luby svd  vmt  1122  573 K 1497      33K   784 5.84    5.75     2737  1731   41K   111 35.47   35.39  
c rst  luby svd  vmt  1123  574 K 1497      33K   784 5.84    5.75     2737  1731   41K   111 35.49   35.41  
c [full-probe]  bin_only: 0 set: 0 repl: 0 T: 0.01 T-out: N T-r: 97.40%
c rst  luby svd  vmt  1124  574 K 1497      33K   784 5.84    5.75     2737  1732   42K   111 35.49   35.41  
c rst  luby svd  vmt  1125  574 K 1497      33K   784 5.84    5.75     2737  1732   42K   111 35.49   35.41  
c rst  luby svd  vmt  1126  575 K 1497      33K   784 5.84    5.75     2737  1732   42K   111 35.49   35.41  
c rst  luby svd  vmt  1127  575 K 1497      33K   784 5.84    5.75     2738  1732   42K   111 35.51   35.43  
c rst  luby svd  vmt  1128  575 K 1497      33K   784 5.84    5.75     2739  1732   42K   111 35.52   35.44  
c rst  luby svd  vmt  1129  575 K 1497      33K   784 5.84    5.75     2739  1732   42K   111 35.56   35.48  
c [gauss] XOR-encoding clauses are not detached, so no need to reattach them.
c [g 0] truth-find prop checks  : 1612K
c [g 0] -> of which prop        : 59.16 %
c [g 0] -> of which confl       :  1.86 %
c [g 0] elim called             : 102K
c [g 0] ---> which lead to prop : 81.41 %
c [g 0] ---> which lead to confl:  2.95 %
c [g 0] size: 60    x 493  
c [scc] new: 0 BP 0M T: 0.00
c [vrep] vars 0 lits 0 rem-bin-cls 0 rem-long-cls 0 BP 0M T: 0.01
c [intree] Set 0 vars hyper-added: 0 trans-irred: 0 trans-red: 0 T: 0.01 T-out: N T-r: -1.33%
c [find&init matx] performing matrix init
c [gauss] XOR-encoding clauses are not detached, so no need to reattach them.
c [xor-rem-unconnected] left with 935 xors from 935 non-empty xors T: 0.00
c [xor-together] xored together: 875 orig xors: 935 new xors: 60 T: 0.00
c [xor-rem-unconnected] left with 60 xors from 60 non-empty xors T: 0.00
c [xor-clean-equiv] removed equivalent xors: 0 left with: 60
c [matrix] unused xors from cleaning: 0
c [matrix] Good   matrix 0 60      x493    density:0.1285  xorlen avg: 63.35
c [matrix] Using 1 matrices recovered from 0 xors T: 0.00 T-out: N
c rst  luby svd  vmt  1130  575 K 1497      33K   784 5.84    5.75     2740  1733   43K   111 35.56   35.49  
c rst  luby svd  vmt  1131  575 K 1497      33K   784 5.84    5.75     2740  1736   43K   111 35.57   35.49  
c rst  luby svd  vmt  1132  576 K 1497      33K   784 5.84    5.75     2740  1736   43K   111 35.57   35.49  
c rst  luby svd  vmt  1133  576 K 1497      33K   784 5.84    5.75     2740  1736   43K   111 35.60   35.52  
c rst  luby svd  vmt  1134  576 K 1497      33K   784 5.84    5.75     2740  1736   43K   111 35.62   35.55  
c rst  luby svd  vmt  1135  576 K 1497      33K   784 5.84    5.75     2740  1736   43K   111 35.65   35.57  
c rst  luby svd  vmt  1136  576 K 1497      33K   784 5.84    5.75     2740  1736   43K   111 35.63   35.55  
c rst  luby svd  vmt  1137  577 K 1497      33K   784 5.84    5.75     2740  1736   44K   111 35.67   35.60  
c rst  luby svd  vmt  1138  577 K 1497      33K   784 5.84    5.75     2740  1736   45K   111 35.81   35.74  
c rst  geom best vmt  1139  578 K 1497      33K   784 5.84    5.75     2740  1736   45K   111 35.80   35.73  
c [ccnr] saving best assignment phase to stable_polar
c [ccnr] bumping based on clause weights
c [ccnr] Bumped vars: 102 bump type: 6
c [ccnr] time: 0.28
c rst  geom best vmt  1140  578 K 1497      33K   784 5.84    5.75     2740  1737   45K   111 35.77   35.70  
c rst  geom best vmt  1141  578 K 1497      33K   784 5.84    5.75     2740  1737   45K   111 35.72   35.65  
c rst  geom best vmt  1142  578 K 1497      33K   784 5.84    5.75     2740  1738   45K   111 35.69   35.61  
c rst  geom best vmt  1143  578 K 1497      33K   784 5.84    5.75     2740  1740   45K   111 35.72   35.64  
c rst  geom best vmt  1144  578 K 1497      33K   784 5.84    5.75     2740  1744   45K   111 35.67   35.60  
c rst  geom best vmt  1145  578 K 1497      33K   784 5.84    5.75     2740  1745   46K   111 35.59   35.52  
c rst  geom best vmt  1146  579 K 1497      33K   784 5.84    5.75     2741  1747   46K   111 35.56   35.49  
c rst  geom best vmt  1147  579 K 1497      33K   784 5.84    5.75     2741  1749   46K   111 35.47   35.40  
c rst  geom best vmt  1148  579 K 1497      33K   784 5.84    5.75     2741  1752   46K   111 35.40   35.33  
c rst  geom best vmt  1149  579 K 1497      33K   784 5.84    5.75     2742  1763   47K   111 35.34   35.27  
c rst  geom best vmt  1150  580 K 1497      33K   784 5.84    5.75     2767  1682   47K   111 35.36   35.28  
c rst  geom best vmt  1151  580 K 1497      33K   784 5.84    5.75     2767  1687   47K   111 35.23   35.16  
c rst  geom best vmt  1152  580 K 1497      33K   784 5.84    5.75     2767  1701   48K   111 35.15   35.08  
c rst  geom best vmt  1153  581 K 1497      33K   784 5.84    5.75     2767  1707   48K   111 35.03   34.96  
c rst  geom best vmt  1154  581 K 1497      33K   784 5.84    5.75     2767  1708   49K   111 34.88   34.82  
c rst  geom best vmt  1155  582 K 1497      33K   784 5.84    5.75     2768  1710   49K   111 34.72   34.65  
c rst  geom best vmt  1156  582 K 1497      33K   784 5.84    5.75     2768  1712   50K   111 34.52   34.46  
c rst  geom best vmt  1157  583 K 1497      33K   784 5.84    5.75     2768  1717   50K   111 34.34   34.28  
c rst  geom best vmt  1158  584 K 1497      33K   784 5.84    5.75     2768  1731   51K   111 34.15   34.08  
c [distill-long-red0] cls tried: 86/86 T: 0.00 T-out: N T-r: 99.83%
c [distill-long-red1] cls tried: 69/1235 T: 0.01 T-out: Y T-r: -2.14%
c rst  geom best vmt  1159  584 K 1497      33K   784 5.84    5.75     2768  1740   52K   111 33.92   33.85  
c rst  geom best vmt  1160  585 K 1497      33K   784 5.84    5.75     2785  1920   38K   111 32.54   32.46  
c [impl-str] lit bin: 0 set-var: 0 T: 0.00 T-out: N T-r: 99.96% w-visit: 2998
c [impl-sub] bin: 2 T: 0.00 T-out: N w-visit: 2998
c rst  geom best vmt  1161  586 K 1497      33K   784 5.84    5.75     2787  1929   38K   109 32.24   32.16  
c rst  geom best vmt  1162  587 K 1497      33K   784 5.84    5.75     2787  1933   39K   109 31.89   31.82  
c rst  geom best vmt  1163  588 K 1497      33K   784 5.84    5.75     2787  1955   40K   109 31.73   31.66  
c rst  geom best vmt  1164  589 K 1497      33K   784 5.84    5.75     2787  1964   42K   109 31.34   31.27  
c [distill] watch-based irred--  cl tried 8646     cl-sh 0     cl-rem 0    lit-rem 0      T: 0.01 T-out: N
c [distill] watch-based red  --  cl tried 5574     cl-sh 8     cl-rem 0    lit-rem 19     T: 0.00 T-out: N
c rst  geom stb  vmt  1165  590 K 1497      33K   784 5.84    5.75     2889  1802   43K   109 31.50   31.43  
c [distill-bin] useful: 0/784/784 lits-rem: 0 cl-rem: 0 0-depth-assigns: 0 T: 0.00 T-out: N
c rst  geom stb  vmt  1166  592 K 1497      33K   784 5.84    5.75     2889  1805   44K   109 31.60   31.54  
c rst  geom stb  vmt  1167  593 K 1497      33K   784 5.84    5.75     2889  1808   46K   109 31.45   31.39  
c rst  geom stb  vmt  1168  595 K 1497      33K   784 5.84    5.75     2890  1811   48K   109 31.64   31.58  
c [full-probe]  bin_only: 1 set: 0 repl: 0 T: 0.00 T-out: N T-r: 99.81%
c rst  geom stb  vmt  1169  597 K 1497      33K   784 5.84    5.75     2890  1815   49K   109 31.71   31.65  
c rst  geom stb  vmt  1170  599 K 1497      33K   784 5.84    5.75     2890  1818   51K   109 31.59   31.53  
c [distill-long-red0] cls tried: 117/117 T: 0.01 T-out: N T-r: 99.69%
c [distill-long-red1] cls tried: 56/1289 T: 0.01 T-out: Y T-r: -0.98%
c rst  geom stb  vmt  1171  601 K 1497      33K   784 5.84    5.75     2910  1910   39K   109 28.81   28.74  
c [branch] adjusting to: vsid (from: vmtf) var_decay:0.95 descr: VSIDS
c rst  geom ibes vs   1172  601 K 1497      33K   784 5.84    5.75     2910  1910   39K   109 28.84   28.77  
c rst  geom ibes vs   1173  601 K 1497      33K   784 5.84    5.75     2910  1912   39K   109 28.89   28.83  
c rst  geom ibes vs   1174  602 K 1497      33K   784 5.84    5.75     2910  1912   40K   109 28.89   28.82  
c rst  geom ibes vs   1175  602 K 1497      33K   784 5.84    5.75     2910  1912   40K   109 28.88   28.82  
c rst  geom ibes vs   1176  602 K 1497      33K   784 5.84    5.75     2910  1912   40K   109 28.90   28.84  
c rst  geom ibes vs   1177  602 K 1497      33K   784 5.84    5.75     2910  1912   40K   109 28.92   28.86  
c rst  geom ibes vs   1178  602 K 1497      33K   784 5.84    5.75     2910  1912   40K   109 28.99   28.92  
c rst  geom ibes vs   1179  603 K 1497      33K   784 5.84    5.75     2910  1913   40K   109 28.98   28.92  
c rst  geom ibes vs   1180  603 K 1497      33K   784 5.84    5.75     2910  1914   41K   109 29.06   29.00  
c rst  geom ibes vs   1181  603 K 1497      33K   784 5.84    5.75     2910  1915   41K   109 29.10   29.04  
c rst  geom ibes vs   1182  603 K 1497      33K   784 5.84    5.75     2910  1915   41K   109 29.16   29.10  
c rst  geom ibes vs   1183  604 K 1497      33K   784 5.84    5.75     2910  1916   42K   109 29.24   29.18  
c rst  geom ibes vs   1184  604 K 1497      33K   784 5.84    5.75     2910  1916   42K   109 29.29   29.23  
c rst  geom ibes vs   1185  604 K 1497      33K   784 5.84    5.75     2910  1916   42K   109 29.28   29.22  
c rst  geom ibes vs   1186  605 K 1497      33K   784 5.84    5.75     2910  1918   43K   109 29.31   29.25  
c rst  geom ibes vs   1187  605 K 1497      33K   784 5.84    5.75     2910  1918   43K   109 29.32   29.26  
c rst  geom ibes vs   1188  606 K 1497      33K   784 5.84    5.75     2910  1919   44K   109 29.38   29.32  
c rst  geom ibes vs   1189  606 K 1497      33K   784 5.84    5.75     2910  1919   44K   109 29.52   29.46  
c rst  geom ibes vs   1190  607 K 1497      33K   784 5.84    5.75     2910  1920   45K   110 29.55   29.49  
c rst  geom ibes vs   1191  607 K 1497      33K   784 5.84    5.75     2910  1922   45K   110 29.56   29.50  
c rst  geom ibes vs   1192  608 K 1497      33K   784 5.84    5.75     2910  1922   46K   110 29.67   29.61  
c rst  geom ibes vs   1193  609 K 1497      33K   784 5.84    5.75     2910  1922   47K   110 29.80   29.74  
c rst  geom ibes vs   1194  610 K 1497      33K   784 5.84    5.75     2946  1866   48K   110 29.84   29.78  
c rst  geom ibes vs   1195  611 K 1497      33K   784 5.84    5.75     2946  1866   49K   110 29.87   29.82  
c [distill-bin] useful: 0/784/784 lits-rem: 0 cl-rem: 0 0-depth-assigns: 0 T: 0.01 T-out: N
c rst  geom ibes vs   1196  612 K 1497      33K   784 5.84    5.75     2946  1868   50K   110 29.99   29.94  
c rst  geom ibes vs   1197  612 K 1497      33K   784 5.84    5.75     2946  1869   50K   110 29.98   29.93  
c recursive minimization cost OK: 1464Kcost/(% lits removed)
c [gauss] XOR-encoding clauses are not detached, so no need to reattach them.
c [g 0] truth-find prop checks  : 1292K
c [g 0] -> of which prop        : 42.02 %
c [g 0] -> of which confl       :  1.54 %
c [g 0] elim called             : 109K
c [g 0] ---> which lead to prop : 47.29 %
c [g 0] ---> which lead to confl:  1.32 %
c [g 0] size: 60    x 493  
c --> Executing strategy token: scc-vrepl
c [scc] new: 0 BP 0M T: 0.00
c --> Executing strategy token: sub-impl
c [impl-sub] bin: 0 T: 0.00 T-out: N w-visit: 2998
c --> Executing strategy token: breakid
c --> Executing OCC strategy token(s): 'occ-backw-sub-str,occ-clean-implicit,occ-bve,occ-bva,occ-ternary-res,occ-xor,'
c [occ] mem usage for occur 3      MB
c [occ] Linked in IRRED BIN by default: 784
c [occ] Linked in RED   BIN by default: 110
c [occ] mem usage for occur 0      MB
c Mem for watch alloc      : 15          MB (27.38     %)
c Mem for watch array      : 0           MB (0.12      %)
c --> Executing OCC strategy token: occ-backw-sub-str
c [occ-backw-sub-str-long-w-bins] subs: 2 str: 28 tried: 9507 0-depth ass: 0 T: 0.00 T-out: N T-r: 99.15%
c [occ-backw-sub-long-w-long] rem cl: 74 tried: 89192/89192 (100.0%) T: 0.03 T-out: N T-r: 86.83%
c [occ-backw-sub-str-long-w-long] sub: 0 str: 11 tried: 267576/89192 (300.0)  T: 0.18 T-out: N T-r: 67.27%
c --> Executing OCC strategy token: occ-clean-implicit
c --> Executing OCC strategy token: occ-bve
c [occ-empty-res] Empty resolvent elimed: 0 T: 0.00 T-out: N
c [occ-bve] iter v-elim 0
c cl_inc_rate=1.0, var_dec_rate=1.0 (grow=0)
c Reduced to 1497 vars, 34242 cls (grow=0)
c [occ-bve] iter v-elim 0
c cl_inc_rate=1.0, var_dec_rate=1.0 (grow=8)
c Reduced to 1497 vars, 34242 cls (grow=8)
c [occ-bve] iter v-elim 0
c cl_inc_rate=1.0, var_dec_rate=1.0 (grow=16)
c Reduced to 1497 vars, 34242 cls (grow=16)
c x n vars       : 1497
c #try to eliminate:  4491
c #var-elim        :     0
c #T-o: N
c #T-r: 99.99%
c #T  : 0.22
c [occur] 0.03 is overhead
c [occur] link-in T: 0.03 cleanup T: 0.00
c --> Executing OCC strategy token: occ-bva
c --> Executing OCC strategy token: occ-ternary-res
c [occ-ternary-res] Ternary res-tri: 0 res-bin: 0 sub: 0 str: 0 T: 0.00 T-out: N T-r: 99.80%
c --> Executing OCC strategy token: occ-xor
c [occ-xor] sort occur list T: 0.00
c [xor-clean-equiv] removed equivalent xors: 0 left with: 919
c [occ-xor] found    919 avg sz 5.9 min sz  4 max sz  6 T: 0.01 T-out: N T-r: 99.98%
c --> Executing strategy token: card-find
c --> Executing strategy token: cl-consolidate
c Not consolidating memory.
c --> Executing strategy token: scc-vrepl
c [scc] new: 0 BP 0M T: 0.00
c --> Executing strategy token: renumber
c --> Executing strategy token: bosphorus
c --> Executing strategy token: louvain-comms
c [consolidate] mini T: 0.00
c global_timeout_multiplier: 4.8315
c [branch] rebuilding order heap for all branchings. Current branching: vsid
c [find&init matx] performing matrix init
c [gauss] XOR-encoding clauses are not detached, so no need to reattach them.
c [xor-rem-unconnected] left with 919 xors from 919 non-empty xors T: 0.00
c [xor-together] xored together: 851 orig xors: 919 new xors: 68 T: 0.00
c [xor-rem-unconnected] left with 68 xors from 68 non-empty xors T: 0.00
c [xor-clean-equiv] removed equivalent xors: 0 left with: 68
c [matrix] unused xors from cleaning: 0
c [matrix] Good   matrix  0     68 x  511  density:0.1080  xorlen avg: 55.19
c [matrix] Using 1 matrices recovered from 0 xors T: 0.00 T-out: N
c rst  geom  svd   vs  1198  613K    1497   33K   785    5.84    5.75  2887  1975   51K   109   30.08   30.03
c rst  geom  svd   vs  1199  614K    1497   33K   785    5.84    5.75  2888  1984   52K   109   30.51   30.46
c [distill-long-red0] cls tried: 63/63 T: 0.01 T-out: N T-r: 99.76%
c [distill-long-red1] cls tried: 27/1426 T: 0.01 T-out: Y T-r: -4.66%
c [distill] watch-based irred--  cl tried     9668 cl-sh     0 cl-rem    0 lit-rem      0 T: 0.01 T-out: N
c [distill] watch-based   red--  cl tried     5775 cl-sh     3 cl-rem    1 lit-rem      5 T: 0.00 T-out: N
c rst  geom  svd   vs  1200  616K    1497   33K   785    5.84    5.75  2888  2004   39K   109   28.45   28.39
c [full-probe]  bin_only: 0 set: 1 repl: 0 T: 0.01 T-out: N T-r: 97.13%
c rst  geom  svd   vs  1201  617K    1496   33K   785    5.84    5.75  2889  2018   40K   109   28.88   28.82
c rst  geom  svd   vs  1202  619K    1496   33K   785    5.84    5.75  2889  2022   42K   109   29.54   29.48
c rst  geom  svd   vs  1203  621K    1496   33K   785    5.84    5.75  2914  1977   44K   109   29.88   29.82
c rst  geom  svd   vs  1204  623K    1496   33K   785    5.84    5.75  2914  1995   46K   109   30.17   30.11
c [ccnr] saving best assignment phase to stable_polar
c [ccnr] bumping based on var unsat frequency: conflict_ct
c [ccnr] Bumped vars: 1499 bump type: 6
c [ccnr] time: 0.28
c rst  geom  svd   vs  1205  625K    1496   33K   785    5.84    5.75  2915  2003   48K   109   30.38   30.32
c rst  geom best   vs  1206  628K    1496   33K   785    5.84    5.75  2915  2009   51K   109   30.55   30.49
c rst  geom best   vs  1207  630K    1496   33K   785    5.84    5.75  2944  2005   39K   109   32.79   32.71
c [distill-long-red0] cls tried: 58/58 T: 0.00 T-out: N T-r: 99.87%
c [distill-long-red1] cls tried: 67/1453 T: 0.01 T-out: Y T-r: -2.32%
c rst  geom best   vs  1208  633K    1496   33K   785    5.84    5.75  2944  2007   42K   109   32.55   32.48
c [distill-bin] useful: 0/785/785 lits-rem: 0 cl-rem: 0 0-depth-assigns: 0 T: 0.01 T-out: N
c rst  geom best   vs  1209  637K    1496   33K   783    5.84    5.75  2944  2014   45K   109   33.49   33.43
c [full-probe]  bin_only: 1 set: 0 repl: 0 T: 0.00 T-out: N T-r: 99.73%
c rst  geom  stb   vs  1210  640K    1496   33K   783    5.84    5.75  2958  1847   49K   109   34.26   34.20
c [distill] watch-based irred--  cl tried     9668 cl-sh     0 cl-rem    0 lit-rem      0 T: 0.01 T-out: N
c [distill] watch-based   red--  cl tried     5916 cl-sh    10 cl-rem    0 lit-rem     15 T: 0.00 T-out: N
c [gauss] XOR-encoding clauses are not detached, so no need to reattach them.
c [g 0] truth-find prop checks  : 806K
c [g 0] -> of which prop        : 62.62 %
c [g 0] -> of which confl       :  1.57 %
c [g 0] elim called             : 38K
c [g 0] ---> which lead to prop : 92.70 %
c [g 0] ---> which lead to confl:  3.56 %
c [g 0] size: 68    x 511  
c [scc] new: 0 BP 0M T: 0.00
c [vrep] vars 0 lits 0 rem-bin-cls 0 rem-long-cls 0 BP 0M T: 0.01
c [intree] Set 0 vars hyper-added: 2 trans-irred: 0 trans-red: 0 T: 0.01 T-out: N T-r: -0.32%
c [find&init matx] performing matrix init
c [gauss] XOR-encoding clauses are not detached, so no need to reattach them.
c [xor-rem-unconnected] left with 919 xors from 919 non-empty xors T: 0.00
c [xor-together] xored together: 851 orig xors: 919 new xors: 68 T: 0.00
c [xor-rem-unconnected] left with 68 xors from 68 non-empty xors T: 0.00
c [xor-clean-equiv] removed equivalent xors: 0 left with: 68
c [matrix] unused xors from cleaning: 0
c [matrix] Good   matrix 0 68      x510    density:0.1080  xorlen avg: 55.07
c [matrix] Using 1 matrices recovered from 0 xors T: 0.00 T-out: N
c rst  geom stb  vs   1211  644 K 1496      33K   783 5.84    5.75     2958  1858   53K   110 34.36   34.30  
c rst  geom stb  vs   1212  649 K 1496      33K   783 5.84    5.75     2960  1914   42K   110 33.98   33.91  
c [distill-long-red0] cls tried: 22/22 T: 0.00 T-out: N T-r: 99.95%
c [distill-long-red1] cls tried: 75/1360 T: 0.01 T-out: Y T-r: -2.17%
c [impl-str] lit bin: 0 set-var: 0 T: 0.00 T-out: N T-r: 99.96% w-visit: 2998
c [impl-sub] bin: 0 T: 0.00 T-out: N w-visit: 2998
c rst  geom ibes vs   1213  653 K 1496      33K   783 5.84    5.75     2982  1833   47K   110 34.58   34.51  
c [distill-bin] useful: 0/783/783 lits-rem: 0 cl-rem: 0 0-depth-assigns: 0 T: 0.01 T-out: N
c rst  geom ibes vs   1214  659 K 1496      33K   783 5.84    5.75     2984  1840   52K   110 34.11   34.05  
c [full-probe]  bin_only: 0 set: 0 repl: 0 T: 0.01 T-out: N T-r: 97.31%
c rst  geom ibes vs   1215  665 K 1496      33K   783 5.84    5.75     3017  1629   44K   110 33.29   33.22  
c [distill-long-red0] cls tried: 52/52 T: 0.00 T-out: N T-r: 99.90%
c [distill-long-red1] cls tried: 79/1068 T: 0.01 T-out: Y T-r: -1.78%
c rst  geom svd  vs   1216  671 K 1496      33K   783 5.84    5.75     3040  1557   50K   110 34.37   34.30  
c [branch] adjusting to: vmtf (from: vsid) var_decay:0.95 descr: VMTF
c [distill] watch-based irred--  cl tried 9668     cl-sh 0     cl-rem 0    lit-rem 0      T: 0.01 T-out: N
c [distill] watch-based red  --  cl tried 6079     cl-sh 18    cl-rem 1    lit-rem 28     T: 0.00 T-out: N
c [ccnr] saving best assignment phase to stable_polar
c [ccnr] bumping based on var unsat frequency: conflict_ct
c [ccnr] Bumped vars: 1499 bump type: 6
c [ccnr] time: 0.28
c rst  luby svd  vmt  1217  671 K 1496      33K   783 5.84    5.75     3039  1563   50K   110 34.38   34.32  
c rst  luby svd  vmt  1218  671 K 1496      33K   783 5.84    5.75     3039  1567   50K   110 34.41   34.34  
c rst  luby svd  vmt  1219  671 K 1496      33K   783 5.84    5.75     3039  1567   50K   110 34.49   34.43  
c rst  luby svd  vmt  1220  672 K 1496      33K   783 5.84    5.75     3039  1567   50K   110 34.50   34.44  
c rst  luby svd  vmt  1221  672 K 1496      33K   783 5.84    5.75     3039  1567   51K   110 34.50   34.44  
c rst  luby svd  vmt  1222  672 K 1496      33K   783 5.84    5.75     3039  1568   51K   110 34.52   34.46  
c rst  luby svd  vmt  1223  672 K 1496      33K   783 5.84    5.75     3039  1570   51K   110 34.60   34.53  
c rst  luby svd  vmt  1224  672 K 1496      33K   783 5.84    5.75     3039  1570   51K   110 34.61   34.55  
c rst  luby svd  vmt  1225  672 K 1496      33K   783 5.84    5.75     3040  1572   51K   110 34.62   34.55  
c rst  luby svd  vmt  1226  673 K 1496      33K   783 5.84    5.75     3040  1572   52K   110 34.69   34.62  
c rst  luby svd  vmt  1227  673 K 1496      33K   783 5.84    5.75     3040  1573   52K   110 34.71   34.65  
c rst  luby svd  vmt  1228  673 K 1496      33K   783 5.84    5.75     3040  1573   52K   110 34.73   34.67  
c rst  luby svd  vmt  1229  673 K 1496      33K   783 5.84    5.75     3040  1574   52K   110 34.77   34.70  
c rst  luby svd  vmt  1230  673 K 1496      33K   783 5.84    5.75     3041  1583   52K   110 34.82   34.76  
c rst  luby svd  vmt  1231  674 K 1496      33K   783 5.84    5.75     3041  1588   53K   110 34.93   34.87  
c [distill-bin] useful: 0/783/783 lits-rem: 0 cl-rem: 0 0-depth-assigns: 0 T: 0.01 T-out: N
c rst  luby svd  vmt  1232  674 K 1496      33K   783 5.84    5.75     3041  1588   53K   110 34.93   34.87  
c rst  luby svd  vmt  1233  674 K 1496      33K   783 5.84    5.75     3041  1588   53K   110 34.95   34.89  
c rst  luby svd  vmt  1234  675 K 1496      33K   783 5.84    5.75     3046  1660   38K   110 34.14   34.06  
c rst  luby svd  vmt  1235  675 K 1496      33K   783 5.84    5.75     3046  1661   38K   110 34.18   34.09  
c rst  luby svd  vmt  1236  675 K 1496      33K   783 5.84    5.75     3046  1661   38K   110 34.18   34.10  
c rst  luby svd  vmt  1237  675 K 1496      33K   783 5.84    5.75     3046  1662   38K   110 34.16   34.08  
c rst  luby svd  vmt  1238  675 K 1496      33K   783 5.84    5.75     3046  1662   38K   110 34.13   34.05  
c rst  luby svd  vmt  1239  676 K 1496      33K   783 5.84    5.75     3046  1662   39K   110 34.13   34.04  
c rst  luby svd  vmt  1240  676 K 1496      33K   783 5.84    5.75     3046  1662   39K   110 34.12   34.04  
c rst  luby svd  vmt  1241  676 K 1496      33K   783 5.84    5.75     3046  1662   39K   110 34.17   34.09  
c rst  luby svd  vmt  1242  676 K 1496      33K   783 5.84    5.75     3046  1662   39K   110 34.18   34.10  
c rst  luby svd  vmt  1243  676 K 1496      33K   783 5.84    5.75     3046  1662   39K   110 34.19   34.11  
c rst  luby svd  vmt  1244  676 K 1496      33K   783 5.84    5.75     3046  1662   39K   110 34.30   34.22  
c rst  luby svd  vmt  1245  677 K 1496      33K   783 5.84    5.75     3046  1665   40K   110 34.40   34.32  
c rst  geom best vmt  1246  677 K 1496      33K   783 5.84    5.75     3046  1665   40K   110 34.41   34.33  
c rst  geom best vmt  1247  677 K 1496      33K   783 5.84    5.75     3046  1666   40K   110 34.42   34.35  
c rst  geom best vmt  1248  677 K 1496      33K   783 5.84    5.75     3046  1666   40K   110 34.42   34.35  
c rst  geom best vmt  1249  677 K 1496      33K   783 5.84    5.75     3046  1666   40K   110 34.46   34.38  
c rst  geom best vmt  1250  677 K 1496      33K   783 5.84    5.75     3046  1666   40K   110 34.48   34.40  
c rst  geom best vmt  1251  678 K 1496      33K   783 5.84    5.75     3046  1667   41K   110 34.55   34.47  
c rst  geom best vmt  1252  678 K 1496      33K   783 5.84    5.75     3046  1667   41K   110 34.55   34.47  
c rst  geom best vmt  1253  678 K 1496      33K   783 5.84    5.75     3046  1667   41K   110 34.66   34.58  
c rst  geom best vmt  1254  678 K 1496      33K   783 5.84    5.75     3046  1668   41K   110 34.68   34.60  
c rst  geom best vmt  1255  678 K 1496      33K   783 5.84    5.75     3046  1669   41K   110 34.65   34.58  
c rst  geom best vmt  1256  679 K 1496      33K   783 5.84    5.75     3047  1669   42K   110 34.71   34.64  
c rst  geom best vmt  1257  679 K 1496      33K   783 5.84    5.75     3047  1669   42K   110 34.73   34.66  
c [full-probe]  bin_only: 1 set: 0 repl: 0 T: 0.00 T-out: N T-r: 99.77%
c rst  geom best vmt  1258  679 K 1496      33K   783 5.84    5.75     3047  1669   42K   110 34.77   34.69  
c rst  geom best vmt  1259  680 K 1496      33K   783 5.84    5.75     3080  1519   43K   110 34.77   34.69  
c [distill-long-red0] cls tried: 69/69 T: 0.00 T-out: N T-r: 99.87%
c [distill-long-red1] cls tried: 68/954 T: 0.01 T-out: Y T-r: -1.87%
c rst  geom best vmt  1260  680 K 1496      33K   783 5.84    5.75     3080  1519   43K   110 34.74   34.66  
c rst  geom best vmt  1261  681 K 1496      33K   783 5.84    5.75     3080  1520   44K   110 34.81   34.74  
c rst  geom best vmt  1262  681 K 1496      33K   783 5.84    5.75     3080  1520   44K   110 34.83   34.76  
c rst  geom best vmt  1263  682 K 1496      33K   783 5.84    5.75     3080  1522   45K   110 34.82   34.75  
c rst  geom best vmt  1264  682 K 1496      33K   783 5.84    5.75     3080  1522   45K   110 34.90   34.83  
c rst  geom best vmt  1265  683 K 1496      33K   783 5.84    5.75     3080  1523   46K   110 34.96   34.89  
c rst  geom best vmt  1266  684 K 1496      33K   783 5.84    5.75     3080  1526   47K   110 35.04   34.97  
c rst  geom best vmt  1267  684 K 1496      33K   783 5.84    5.75     3080  1527   48K   110 35.27   35.20  
c rst  geom best vmt  1268  685 K 1496      33K   783 5.84    5.75     3086  1541   48K   110 35.30   35.23  
c rst  geom best vmt  1269  686 K 1496      33K   783 5.84    5.75     3086  1542   49K   110 35.27   35.20  
c rst  geom best vmt  1270  687 K 1496      33K   783 5.84    5.75     3086  1554   50K   110 35.31   35.24  
c rst  geom best vmt  1271  688 K 1496      33K   783 5.84    5.75     3086  1558   52K   110 35.20   35.14  
c rst  geom best vmt  1272  690 K 1496      33K   783 5.84    5.75     3117  1519   37K   110 34.69   34.60  
c rst  geom stb  vmt  1273  691 K 1496      33K   783 5.84    5.75     3117  1522   39K   110 34.84   34.76  
c rst  geom stb  vmt  1274  693 K 1496      33K   783 5.84    5.75     3117  1532   40K   110 35.18   35.10  
c rst  geom stb  vmt  1275  694 K 1496      33K   783 5.84    5.75     3118  1548   42K   110 35.50   35.42  
c [distill-bin] useful: 0/783/783 lits-rem: 0 cl-rem: 0 0-depth-assigns: 0 T: 0.01 T-out: N
c rst  geom stb  vmt  1276  696 K 1496      33K   783 5.84    5.75     3118  1560   44K   110 35.72   35.64  
c [distill-long-red0] cls tried: 36/36 T: 0.00 T-out: N T-r: 99.94%
c [distill-long-red1] cls tried: 74/989 T: 0.01 T-out: Y T-r: -1.80%
c [distill] watch-based irred--  cl tried 9668     cl-sh 0     cl-rem 0    lit-rem 0      T: 0.00 T-out: N
c [distill] watch-based red  --  cl tried 6236     cl-sh 10    cl-rem 0    lit-rem 20     T: 0.00 T-out: N
c rst  geom stb  vmt  1277  698 K 1496      33K   783 5.84    5.75     3119  1579   46K   110 35.99   35.92  
c rst  geom stb  vmt  1278  701 K 1496      33K   783 5.84    5.75     3170  1483   48K   110 36.01   35.94  
c [full-probe]  bin_only: 0 set: 0 repl: 0 T: 0.01 T-out: N T-r: 97.49%
c rst  geom stb  vmt  1279  703 K 1496      33K   783 5.84    5.75     3170  1497   51K   110 36.26   36.19  
c rst  geom ibes vmt  1280  706 K 1496      33K   783 5.84    5.75     3178  1655   38K   110 36.49   36.40  
c [gauss] XOR-encoding clauses are not detached, so no need to reattach them.
c [g 0] truth-find prop checks  : 1814K
c [g 0] -> of which prop        : 58.04 %
c [g 0] -> of which confl       :  1.59 %
c [g 0] elim called             : 116K
c [g 0] ---> which lead to prop : 81.51 %
c [g 0] ---> which lead to confl:  2.64 %
c [g 0] size: 68    x 510  
c [scc] new: 0 BP 0M T: 0.00
c [vrep] vars 0 lits 0 rem-bin-cls 0 rem-long-cls 0 BP 0M T: 0.01
c [intree] Set 0 vars hyper-added: 0 trans-irred: 0 trans-red: 1 T: 0.00 T-out: N T-r: -1.09%
c [find&init matx] performing matrix init
c [gauss] XOR-encoding clauses are not detached, so no need to reattach them.
c [xor-rem-unconnected] left with 919 xors from 919 non-empty xors T: 0.00
c [xor-together] xored together: 851 orig xors: 919 new xors: 68 T: 0.00
c [xor-rem-unconnected] left with 68 xors from 68 non-empty xors T: 0.00
c [xor-clean-equiv] removed equivalent xors: 0 left with: 68
c [matrix] unused xors from cleaning: 0
c [matrix] Good   matrix 0 68      x510    density:0.1080  xorlen avg: 55.07
c [matrix] Using 1 matrices recovered from 0 xors T: 0.00 T-out: N
c rst  geom ibes vmt  1281  709 K 1496      33K   783 5.84    5.75     3178  1659   41K   109 36.51   36.43  
c [impl-str] lit bin: 0 set-var: 0 T: 0.00 T-out: N T-r: 99.96% w-visit: 2998
c [impl-sub] bin: 0 T: 0.00 T-out: N w-visit: 2998
c rst  geom ibes vmt  1282  712 K 1496      33K   783 5.84    5.75     3212  1606   45K   109 36.62   36.55  
c [distill-long-red0] cls tried: 103/103 T: 0.01 T-out: N T-r: 99.76%
c [distill-long-red1] cls tried: 70/990 T: 0.01 T-out: Y T-r: -3.09%
c rst  geom ibes vmt  1283  716 K 1496      33K   783 5.84    5.75     3212  1611   48K   109 35.74   35.67  
c [distill-bin] useful: 0/783/783 lits-rem: 0 cl-rem: 0 0-depth-assigns: 0 T: 0.01 T-out: N
c [ccnr] saving best assignment phase to stable_polar
c [ccnr] bumping based on clause weights
c [ccnr] Bumped vars: 104 bump type: 6
c [ccnr] time: 0.28
c rst  geom svd  vmt  1284  720 K 1496      33K   783 5.84    5.75     3313  1836   37K   109 33.66   33.58  
c rst  geom svd  vmt  1285  724 K 1496      33K   783 5.84    5.75     3326  1913   42K   109 32.82   32.75  
c [full-probe]  bin_only: 1 set: 0 repl: 0 T: 0.00 T-out: N T-r: 99.82%
c [distill] watch-based irred--  cl tried 9668     cl-sh 0     cl-rem 0    lit-rem 0      T: 0.01 T-out: N
c [distill] watch-based red  --  cl tried 6651     cl-sh 14    cl-rem 1    lit-rem 23     T: 0.00 T-out: N
c rst  geom svd  vmt  1286  729 K 1496      33K   783 5.84    5.75     3329  1980   47K   109 31.25   31.19  
c [distill-long-red0] cls tried: 110/110 T: 0.00 T-out: N T-r: 99.83%
c [distill-long-red1] cls tried: 59/1317 T: 0.02 T-out: Y T-r: -0.51%
c rst  geom best vmt  1287  734 K 1496      33K   783 5.84    5.75     3434  1885   52K   109 30.47   30.41  
c rst  geom best vmt  1288  740 K 1496      33K   783 5.84    5.75     3575  2251   42K   109 25.78   25.73  
c [branch] adjusting to: vsid (from: vmtf) var_decay:0.95 descr: VSIDS
c [distill-bin] useful: 0/783/783 lits-rem: 0 cl-rem: 0 0-depth-assigns: 0 T: 0.00 T-out: N
c rst  geom best vs   1289  740 K 1496      33K   783 5.84    5.75     3575  2251   43K   109 25.79   25.74  
c rst  geom best vs   1290  740 K 1496      33K   783 5.84    5.75     3575  2251   43K   109 25.82   25.77  
c rst  geom best vs   1291  740 K 1496      33K   783 5.84    5.75     3575  2251   43K   109 25.82   25.76  
c rst  geom best vs   1292  741 K 1496      33K   783 5.84    5.75     3575  2251   43K   109 25.85   25.80  
c rst  geom best vs   1293  741 K 1496      33K   783 5.84    5.75     3575  2251   43K   109 25.90   25.85  
c rst  geom best vs   1294  741 K 1496      33K   783 5.84    5.75     3575  2253   43K   109 25.94   25.89  
c rst  geom best vs   1295  741 K 1496      33K   783 5.84    5.75     3575  2254   43K   109 25.98   25.92  
c rst  geom best vs   1296  741 K 1496      33K   783 5.84    5.75     3575  2254   44K   109 26.03   25.98  
c rst  geom stb  vs   1297  741 K 1496      33K   783 5.84    5.75     3575  2254   44K   109 26.13   26.08  
c rst  geom stb  vs   1298  742 K 1496      33K   783 5.84    5.75     3575  2258   44K   109 26.22   26.17  
c rst  geom stb  vs   1299  742 K 1496      33K   783 5.84    5.75     3575  2259   44K   109 26.33   26.27  
c rst  geom stb  vs   1300  742 K 1496      33K   783 5.84    5.75     3575  2259   45K   109 26.38   26.33  
c rst  geom stb  vs   1301  743 K 1496      33K   783 5.84    5.75     3575  2260   45K   109 26.44   26.38  
c rst  geom stb  vs   1302  743 K 1496      33K   783 5.84    5.75     3575  2261   45K   109 26.47   26.41  
c rst  geom stb  vs   1303  743 K 1496      33K   783 5.84    5.75     3576  2261   46K   109 26.57   26.52  
c rst  geom stb  vs   1304  744 K 1496      33K   783 5.84    5.75     3576  2262   46K   109 26.66   26.61  
c [distill-long-red0] cls tried: 230/230 T: 0.02 T-out: N T-r: 99.30%
c [distill-long-red1] cls tried: 39/1626 T: 0.02 T-out: Y T-r: -4.33%
c rst  geom stb  vs   1305  744 K 1496      33K   783 5.84    5.75     3576  2265   47K   109 26.74   26.69  
c [full-probe]  bin_only: 0 set: 0 repl: 0 T: 0.00 T-out: N T-r: 98.06%
c rst  geom stb  vs   1306  745 K 1496      33K   783 5.84    5.75     3576  2275   47K   109 26.87   26.82  
c rst  geom stb  vs   1307  746 K 1496      33K   783 5.84    5.75     3578  2279   48K   109 27.03   26.98  
c rst  geom stb  vs   1308  746 K 1496      33K   783 5.84    5.75     3578  2283   49K   109 27.26   27.21  
c rst  geom stb  vs   1309  747 K 1496      33K   783 5.84    5.75     3579  2286   49K   109 27.42   27.37  
c rst  geom stb  vs   1310  748 K 1496      33K   783 5.84    5.75     3579  2292   50K   109 27.63   27.58  
c rst  geom stb  vs   1311  749 K 1496      33K   783 5.84    5.75     3579  2300   51K   109 27.93   27.88  
c rst  geom stb  vs   1312  750 K 1496      33K   783 5.84    5.75     3619  2384   37K   109 24.59   24.54  
c [distill] watch-based irred--  cl tried 9668     cl-sh 0     cl-rem 0    lit-rem 0      T: 0.01 T-out: N
c [distill] watch-based red  --  cl tried 7238     cl-sh 24    cl-rem 0    lit-rem 37     T: 0.01 T-out: N
c rst  geom stb  vs   1313  751 K 1496      33K   783 5.84    5.75     3619  2388   38K   109 25.09   25.04  
c rst  geom stb  vs   1314  752 K 1496      33K   783 5.84    5.75     3623  2400   39K   109 25.63   25.57  
c rst  geom stb  vs   1315  753 K 1496      33K   783 5.84    5.75     3624  2407   40K   109 26.30   26.25  
c rst  geom stb  vs   1316  754 K 1496      33K   783 5.84    5.75     3624  2407   42K   109 26.67   26.61  
c rst  geom ibes vs   1317  756 K 1496      33K   783 5.84    5.75     3624  2413   43K   109 26.63   26.58  
c rst  geom ibes vs   1318  758 K 1496      33K   783 5.84    5.75     3624  2415   45K   109 26.85   26.80  
c rst  geom ibes vs   1319  760 K 1496      33K   783 5.84    5.75     3678  2292   47K   109 27.42   27.36  
c [distill-long-red0] cls tried: 111/111 T: 0.01 T-out: N T-r: 99.77%
c [distill-long-red1] cls tried: 45/1683 T: 0.02 T-out: Y T-r: -2.15%
c rst  geom ibes vs   1320  762 K 1496      33K   783 5.84    5.75     3679  2305   49K   109 27.56   27.51  
c [distill-bin] useful: 0/783/783 lits-rem: 0 cl-rem: 0 0-depth-assigns: 0 T: 0.00 T-out: N
c [ccnr] saving best assignment phase to stable_polar
c [ccnr] bumping based on var unsat frequency: conflict_ct
c [ccnr] Bumped vars: 1499 bump type: 6
c [ccnr] time: 0.27
c rst  geom ibes vs   1321  764 K 1496      33K   783 5.84    5.75     3679  2311   51K   109 27.71   27.67  
c rst  geom ibes vs   1322  766 K 1496      33K   783 5.84    5.75     3683  2428   39K   109 28.51   28.44  
c [full-probe]  bin_only: 1 set: 0 repl: 0 T: 0.00 T-out: N T-r: 99.83%
c rst  geom ibes vs   1323  769 K 1496      33K   783 5.84    5.75     3684  2438   42K   109 29.04   28.98  
c [impl-str] lit bin: 0 set-var: 0 T: 0.00 T-out: N T-r: 99.96% w-visit: 2998
c [impl-sub] bin: 0 T: 0.00 T-out: N w-visit: 2998
c rst  geom svd  vs   1324  772 K 1496      33K   783 5.84    5.75     3725  2316   45K   109 30.46   30.40  
c [gauss] XOR-encoding clauses are not detached, so no need to reattach them.
c [g 0] truth-find prop checks  : 2518K
c [g 0] -> of which prop        : 42.42 %
c [g 0] -> of which confl       :  1.44 %
c [g 0] elim called             : 189K
c [g 0] ---> which lead to prop : 51.14 %
c [g 0] ---> which lead to confl:  1.60 %
c [g 0] size: 68    x 510  
c [scc] new: 0 BP 0M T: 0.00
c [vrep] vars 0 lits 0 rem-bin-cls 0 rem-long-cls 0 BP 0M T: 0.00
c [intree] Set 0 vars hyper-added: 0 trans-irred: 0 trans-red: 0 T: 0.01 T-out: N T-r: -1.18%
c [find&init matx] performing matrix init
c [gauss] XOR-encoding clauses are not detached, so no need to reattach them.
c [xor-rem-unconnected] left with 919 xors from 919 non-empty xors T: 0.00
c [xor-together] xored together: 851 orig xors: 919 new xors: 68 T: 0.00
c [xor-rem-unconnected] left with 68 xors from 68 non-empty xors T: 0.00
c [xor-clean-equiv] removed equivalent xors: 0 left with: 68
c [matrix] unused xors from cleaning: 0
c [matrix] Good   matrix 0 68      x510    density:0.1080  xorlen avg: 55.07
c [matrix] Using 1 matrices recovered from 0 xors T: 0.00 T-out: N
c rst  geom svd  vs   1325  775 K 1496      33K   783 5.84    5.75     3725  2318   48K   109 31.77   31.71  
c [distill-long-red0] cls tried: 41/41 T: 0.00 T-out: N T-r: 99.92%
c [distill-long-red1] cls tried: 63/1708 T: 0.01 T-out: Y T-r: -1.84%
c [distill] watch-based irred--  cl tried 9668     cl-sh 0     cl-rem 0    lit-rem 0      T: 0.00 T-out: N
c [distill] watch-based red  --  cl tried 7450     cl-sh 9     cl-rem 0    lit-rem 10     T: 0.01 T-out: N
c rst  geom svd  vs   1326  779 K 1496      33K   783 5.84    5.75     3725  2327   52K   109 33.06   33.00  
c rst  geom svd  vs   1327  783 K 1496      33K   783 5.84    5.75     3741  2287   33K   109 37.02   36.92  
c [distill-bin] useful: 0/783/783 lits-rem: 0 cl-rem: 0 0-depth-assigns: 0 T: 0.01 T-out: N
c rst  geom best vs   1328  787 K 1496      33K   783 5.84    5.75     3741  2301   38K   109 37.33   37.24  
c [full-probe]  bin_only: 0 set: 0 repl: 0 T: 0.01 T-out: N T-r: 97.73%
c rst  geom best vs   1329  792 K 1496      33K   783 5.84    5.75     3764  2070   43K   109 37.42   37.35  
c [distill-long-red0] cls tried: 46/46 T: 0.00 T-out: N T-r: 99.91%
c [distill-long-red1] cls tried: 105/1537 T: 0.01 T-out: Y T-r: -1.81%
c rst  geom best vs   1330  797 K 1496      33K   783 5.84    5.75     3770  2154   38K   109 38.06   37.97  
c rst  geom stb  vs   1331  803 K 1496      33K   783 5.84    5.75     3786  1858   44K   109 38.49   38.41  
c [distill-bin] useful: 0/783/783 lits-rem: 0 cl-rem: 0 0-depth-assigns: 0 T: 0.01 T-out: N
c [distill] watch-based irred--  cl tried 9668     cl-sh 0     cl-rem 0    lit-rem 0      T: 0.01 T-out: N
c [distill] watch-based red  --  cl tried 7572     cl-sh 11    cl-rem 0    lit-rem 17     T: 0.00 T-out: N
c rst  geom stb  vs   1332  810 K 1496      33K   783 5.84    5.75     3804  1506   37K   109 37.64   37.55  
c [distill-long-red0] cls tried: 43/43 T: 0.00 T-out: N T-r: 99.90%
c [distill-long-red1] cls tried: 83/1026 T: 0.01 T-out: Y T-r: -0.90%
c [full-probe]  bin_only: 1 set: 0 repl: 0 T: 0.00 T-out: N T-r: 99.86%
c [ccnr] saving best assignment phase to stable_polar
c [ccnr] bumping based on var unsat frequency: conflict_ct
c [ccnr] Bumped vars: 1499 bump type: 6
c [ccnr] time: 0.27
c rst  geom stb  vs   1333  817 K 1496      33K   783 5.84    5.75     3804  1520   45K   109 38.71   38.63  
c rst  geom ibes vs   1334  825 K 1496      33K   783 5.84    5.75     3829  1447   38K   109 36.54   36.45  
c [branch] adjusting to: vmtf (from: vsid) var_decay:0.95 descr: VMTF
c [distill-bin] useful: 0/783/783 lits-rem: 0 cl-rem: 0 0-depth-assigns: 0 T: 0.01 T-out: N
c rst  luby ibes vmt  1335  825 K 1496      33K   783 5.84    5.75     3836  1467   38K   109 36.50   36.42  
c rst  luby ibes vmt  1336  825 K 1496      33K   783 5.84    5.75     3836  1468   38K   109 36.51   36.42  
c [distill-long-red0] cls tried: 31/31 T: 0.00 T-out: N T-r: 99.94%
c [distill-long-red1] cls tried: 94/939 T: 0.01 T-out: Y T-r: -1.93%
c rst  luby ibes vmt  1337  825 K 1496      33K   783 5.84    5.75     3836  1468   39K   109 36.50   36.42  
c rst  luby ibes vmt  1338  825 K 1496      33K   783 5.84    5.75     3836  1468   39K   109 36.49   36.40  
c rst  luby ibes vmt  1339  825 K 1496      33K   783 5.84    5.75     3836  1468   39K   109 36.49   36.40  
c rst  luby ibes vmt  1340  825 K 1496      33K   783 5.84    5.75     3836  1468   39K   109 36.48   36.40  
c rst  luby ibes vmt  1341  826 K 1496      33K   783 5.84    5.75     3836  1468   39K   109 36.49   36.41  
c rst  luby ibes vmt  1342  826 K 1496      33K   783 5.84    5.75     3836  1469   40K   109 36.47   36.39  
c rst  luby ibes vmt  1343  826 K 1496      33K   783 5.84    5.75     3836  1469   40K   109 36.47   36.39  
c rst  luby ibes vmt  1344  826 K 1496      33K   783 5.84    5.75     3836  1469   40K   109 36.42   36.34  
c rst  luby ibes vmt  1345  826 K 1496      33K   783 5.84    5.75     3836  1469   40K   109 36.43   36.35  
c rst  luby ibes vmt  1346  826 K 1496      33K   783 5.84    5.75     3836  1470   40K   109 36.43   36.35  
c rst  luby ibes vmt  1347  827 K 1496      33K   783 5.84    5.75     3836  1470   40K   109 36.43   36.35  
c rst  luby ibes vmt  1348  827 K 1496      33K   783 5.84    5.75     3836  1472   41K   109 36.39   36.31  
c rst  luby ibes vmt  1349  828 K 1496      33K   783 5.84    5.75     3836  1472   41K   109 36.48   36.40  
c rst  luby ibes vmt  1350  828 K 1496      33K   783 5.84    5.75     3836  1472   42K   109 36.46   36.38  
c rst  luby ibes vmt  1351  828 K 1496      33K   783 5.84    5.75     3836  1472   42K   109 36.47   36.39  
c rst  luby ibes vmt  1352  828 K 1496      33K   783 5.84    5.75     3836  1472   42K   109 36.46   36.38  
c rst  luby ibes vmt  1353  828 K 1496      33K   783 5.84    5.75     3836  1472   42K   109 36.46   36.38  
c rst  luby ibes vmt  1354  828 K 1496      33K   783 5.84    5.75     3836  1472   42K   109 36.45   36.37  
c [distill] watch-based irred--  cl tried 9668     cl-sh 0     cl-rem 0    lit-rem 0      T: 0.01 T-out: N
c [distill] watch-based red  --  cl tried 7672     cl-sh 1     cl-rem 0    lit-rem 2      T: 0.00 T-out: N
c rst  luby ibes vmt  1355  829 K 1496      33K   783 5.84    5.75     3836  1473   42K   109 36.43   36.35  
c rst  luby ibes vmt  1356  829 K 1496      33K   783 5.84    5.75     3836  1473   43K   109 36.37   36.30  
c rst  luby ibes vmt  1357  829 K 1496      33K   783 5.84    5.75     3836  1475   43K   109 36.39   36.31  
c [impl-str] lit bin: 0 set-var: 0 T: 0.00 T-out: N T-r: 99.96% w-visit: 2998
c [impl-sub] bin: 0 T: 0.00 T-out: N w-visit: 2998
c rst  luby ibes vmt  1358  829 K 1496      33K   783 5.84    5.75     3836  1475   43K   109 36.37   36.30  
c rst  luby ibes vmt  1359  829 K 1496      33K   783 5.84    5.75     3836  1475   43K   109 36.39   36.31  
c rst  luby ibes vmt  1360  830 K 1496      33K   783 5.84    5.75     3836  1475   43K   109 36.37   36.29  
c rst  luby ibes vmt  1361  830 K 1496      33K   783 5.84    5.75     3882  1373   43K   109 36.38   36.30  
c rst  luby ibes vmt  1362  830 K 1496      33K   783 5.84    5.75     3882  1374   43K   109 36.36   36.28  
c [full-probe]  bin_only: 0 set: 0 repl: 0 T: 0.00 T-out: N T-r: 97.74%
c rst  luby ibes vmt  1363  830 K 1496      33K   783 5.84    5.75     3883  1374   44K   109 36.34   36.27  
c rst  luby svd  vmt  1364  831 K 1496      33K   783 5.84    5.75     3884  1453   45K   109 36.24   36.16  
c rst  luby svd  vmt  1365  833 K 1496      33K   783 5.84    5.75     3884  1454   46K   109 35.54   35.47  
c rst  luby svd  vmt  1366  833 K 1496      33K   783 5.84    5.75     3884  1454   46K   109 35.52   35.45  
c rst  luby svd  vmt  1367  833 K 1496      33K   783 5.84    5.75     3884  1457   46K   109 35.50   35.43  
c rst  luby svd  vmt  1368  833 K 1496      33K   783 5.84    5.75     3887  1494   47K   109 35.44   35.37  
c rst  luby svd  vmt  1369  833 K 1496      33K   783 5.84    5.75     3887  1494   47K   109 35.41   35.34  
c rst  luby svd  vmt  1370  833 K 1496      33K   783 5.84    5.75     3887  1497   47K   109 35.37   35.30  
c rst  luby svd  vmt  1371  833 K 1496      33K   783 5.84    5.75     3887  1497   47K   109 35.32   35.25  
c rst  luby svd  vmt  1372  834 K 1496      33K   783 5.84    5.75     3887  1502   47K   109 35.25   35.18  
c rst  luby svd  vmt  1373  834 K 1496      33K   783 5.84    5.75     3887  1502   47K   109 35.22   35.15  
c rst  luby svd  vmt  1374  834 K 1496      33K   783 5.84    5.75     3887  1502   48K   109 35.19   35.12  
c rst  luby svd  vmt  1375  834 K 1496      33K   783 5.84    5.75     3887  1503   48K   109 35.12   35.05  
c rst  luby svd  vmt  1376  834 K 1496      33K   783 5.84    5.75     3887  1503   48K   109 35.08   35.02  
c rst  luby svd  vmt  1377  834 K 1496      33K   783 5.84    5.75     3887  1503   48K   109 35.06   35.00  
c rst  luby svd  vmt  1378  835 K 1496      33K   783 5.84    5.75     3887  1509   48K   109 35.02   34.95  
c rst  luby svd  vmt  1379  835 K 1496      33K   783 5.84    5.75     3887  1509   49K   109 35.18   35.11  
c rst  luby svd  vmt  1380  836 K 1496      33K   783 5.84    5.75     3887  1509   49K   109 35.22   35.16  
c rst  luby svd  vmt  1381  836 K 1496      33K   783 5.84    5.75     3887  1509   49K   109 35.21   35.15  
c rst  luby svd  vmt  1382  836 K 1496      33K   783 5.84    5.75     3887  1509   50K   109 35.21   35.15  
c rst  luby svd  vmt  1383  836 K 1496      33K   783 5.84    5.75     3887  1509   50K   109 35.21   35.15  
c rst  luby svd  vmt  1384  836 K 1496      33K   783 5.84    5.75     3887  1509   50K   109 35.23   35.16  
c rst  luby svd  vmt  1385  836 K 1496      33K   783 5.84    5.75     3887  1509   50K   109 35.25   35.18  
c rst  luby svd  vmt  1386  837 K 1496      33K   783 5.84    5.75     3888  1512   50K   109 35.30   35.23  
c rst  luby svd  vmt  1387  837 K 1496      33K   783 5.84    5.75     3888  1515   51K   109 35.31   35.25  
c rst  luby svd  vmt  1388  837 K 1496      33K   783 5.84    5.75     3888  1517   51K   109 35.33   35.27  
c [gauss] XOR-encoding clauses are not detached, so no need to reattach them.
c [g 0] truth-find prop checks  : 1952K
c [g 0] -> of which prop        : 54.22 %
c [g 0] -> of which confl       :  1.59 %
c [g 0] elim called             : 125K
c [g 0] ---> which lead to prop : 72.09 %
c [g 0] ---> which lead to confl:  2.87 %
c [g 0] size: 68    x 510  
c [scc] new: 0 BP 0M T: 0.00
c [vrep] vars 0 lits 0 rem-bin-cls 0 rem-long-cls 0 BP 0M T: 0.01
c [intree] Set 0 vars hyper-added: 2 trans-irred: 0 trans-red: 0 T: 0.01 T-out: N T-r: -0.94%
c [find&init matx] performing matrix init
c [gauss] XOR-encoding clauses are not detached, so no need to reattach them.
c [xor-rem-unconnected] left with 919 xors from 919 non-empty xors T: 0.00
c [xor-together] xored together: 851 orig xors: 919 new xors: 68 T: 0.00
c [xor-rem-unconnected] left with 68 xors from 68 non-empty xors T: 0.00
c [xor-clean-equiv] removed equivalent xors: 0 left with: 68
c [matrix] unused xors from cleaning: 0
c [matrix] Good   matrix 0 68      x510    density:0.1080  xorlen avg: 55.07
c [matrix] Using 1 matrices recovered from 0 xors T: 0.00 T-out: N
c rst  luby svd  vmt  1389  837 K 1496      33K   783 5.84    5.75     3888  1518   51K   111 35.34   35.27  
c rst  luby svd  vmt  1390  837 K 1496      33K   783 5.84    5.75     3888  1519   51K   111 35.36   35.29  
c rst  luby svd  vmt  1391  838 K 1496      33K   783 5.84    5.75     3888  1519   51K   111 35.36   35.30  
c rst  luby svd  vmt  1392  838 K 1496      33K   783 5.84    5.75     3888  1519   51K   111 35.36   35.30  
c rst  luby svd  vmt  1393  838 K 1496      33K   783 5.84    5.75     3888  1519   51K   111 35.35   35.29  
c rst  luby svd  vmt  1394  838 K 1496      33K   783 5.84    5.75     3888  1519   52K   111 35.41   35.35  
c rst  luby svd  vmt  1395  839 K 1496      33K   783 5.84    5.75     3888  1527   53K   111 35.63   35.57  
c rst  luby svd  vmt  1396  841 K 1496      33K   783 5.84    5.75     4020  1643   38K   111 33.49   33.41  
c [distill-long-red0] cls tried: 177/177 T: 0.02 T-out: N T-r: 99.65%
c [distill-long-red1] cls tried: 96/1086 T: 0.01 T-out: Y T-r: -2.24%
c rst  luby svd  vmt  1397  844 K 1496      33K   783 5.84    5.75     4020  1660   41K   111 33.98   33.90  
c rst  geom best vmt  1398  844 K 1496      33K   783 5.84    5.75     4020  1660   41K   111 33.97   33.90  
c rst  geom best vmt  1399  844 K 1496      33K   783 5.84    5.75     4020  1660   41K   111 33.96   33.88  
c rst  geom best vmt  1400  844 K 1496      33K   783 5.84    5.75     4020  1660   42K   111 33.96   33.89  
c rst  geom best vmt  1401  844 K 1496      33K   783 5.84    5.75     4020  1660   42K   111 33.96   33.89  
c rst  geom best vmt  1402  845 K 1496      33K   783 5.84    5.75     4021  1663   42K   111 33.96   33.89  
c rst  geom best vmt  1403  845 K 1496      33K   783 5.84    5.75     4021  1663   42K   111 33.98   33.91  
c [distill-bin] useful: 0/783/783 lits-rem: 0 cl-rem: 0 0-depth-assigns: 0 T: 0.00 T-out: N
c rst  geom best vmt  1404  845 K 1496      33K   783 5.84    5.75     4021  1665   42K   111 33.99   33.91  
c rst  geom best vmt  1405  845 K 1496      33K   783 5.84    5.75     4021  1665   42K   111 34.11   34.03  
c rst  geom best vmt  1406  845 K 1496      33K   783 5.84    5.75     4021  1665   43K   111 34.13   34.05  
c rst  geom best vmt  1407  846 K 1496      33K   783 5.84    5.75     4021  1666   43K   111 34.19   34.11  
c rst  geom best vmt  1408  846 K 1496      33K   783 5.84    5.75     4021  1668   43K   111 34.22   34.15  
c rst  geom best vmt  1409  846 K 1496      33K   783 5.84    5.75     4021  1669   43K   111 34.21   34.14  
c rst  geom best vmt  1410  847 K 1496      33K   783 5.84    5.75     4021  1671   44K   111 34.21   34.14  
c rst  geom best vmt  1411  847 K 1496      33K   783 5.84    5.75     4021  1672   44K   111 34.36   34.29  
c rst  geom best vmt  1412  847 K 1496      33K   783 5.84    5.75     4021  1673   45K   111 34.31   34.24  
c rst  geom best vmt  1413  848 K 1496      33K   783 5.84    5.75     4021  1675   45K   111 34.45   34.38  
c rst  geom best vmt  1414  848 K 1496      33K   783 5.84    5.75     4021  1678   46K   111 34.46   34.39  
c rst  geom best vmt  1415  849 K 1496      33K   783 5.84    5.75     4021  1681   46K   111 34.52   34.45  
c rst  geom best vmt  1416  849 K 1496      33K   783 5.84    5.75     4021  1682   47K   111 34.57   34.50  
c rst  geom best vmt  1417  850 K 1496      33K   783 5.84    5.75     4053  1633   47K   111 34.65   34.58  
c [full-probe]  bin_only: 1 set: 0 repl: 0 T: 0.01 T-out: N T-r: 99.71%
c rst  geom best vmt  1418  851 K 1496      33K   783 5.84    5.75     4053  1636   48K   111 34.78   34.71  
c rst  geom best vmt  1419  852 K 1496      33K   783 5.84    5.75     4053  1641   49K   111 34.93   34.86  
c rst  geom best vmt  1420  852 K 1496      33K   783 5.84    5.75     4053  1645   50K   111 35.08   35.01  
c rst  geom best vmt  1421  853 K 1496      33K   783 5.84    5.75     4053  1649   51K   111 35.27   35.20  
c [distill] watch-based irred--  cl tried 9668     cl-sh 0     cl-rem 0    lit-rem 0      T: 0.00 T-out: N
c [distill] watch-based red  --  cl tried 8106     cl-sh 13    cl-rem 0    lit-rem 19     T: 0.01 T-out: N
c rst  geom best vmt  1422  854 K 1496      33K   783 5.84    5.75     4053  1656   52K   111 35.39   35.33  
c [ccnr] saving best assignment phase to stable_polar
c [ccnr] bumping based on clause weights
c [ccnr] Bumped vars: 106 bump type: 6
c [ccnr] time: 0.28
c rst  geom best vmt  1423  856 K 1496      33K   783 5.84    5.75     4055  1751   38K   111 33.71   33.63  
c rst  geom best vmt  1424  857 K 1496      33K   783 5.84    5.75     4055  1761   40K   111 33.36   33.28  
c [distill-long-red0] cls tried: 39/39 T: 0.00 T-out: N T-r: 99.91%
c [distill-long-red1] cls tried: 103/1116 T: 0.01 T-out: Y T-r: -0.57%
c rst  geom best vmt  1425  858 K 1496      33K   783 5.84    5.75     4056  1784   41K   111 32.99   32.92  
c rst  geom stb  vmt  1426  860 K 1496      33K   783 5.84    5.75     4101  1702   43K   111 32.40   32.34  
c rst  geom stb  vmt  1427  862 K 1496      33K   783 5.84    5.75     4101  1707   44K   111 31.76   31.69  
c rst  geom stb  vmt  1428  863 K 1496      33K   783 5.84    5.75     4101  1720   46K   111 31.64   31.57  
c rst  geom stb  vmt  1429  865 K 1496      33K   783 5.84    5.75     4103  1777   48K   111 31.60   31.54  
c [distill-bin] useful: 0/783/783 lits-rem: 0 cl-rem: 0 0-depth-assigns: 0 T: 0.01 T-out: N
c rst  geom stb  vmt  1430  868 K 1496      33K   783 5.84    5.75     4105  1818   50K   111 31.19   31.14  
c rst  geom stb  vmt  1431  870 K 1496      33K   783 5.84    5.75     4235  2075   38K   111 28.45   28.38  
c [full-probe]  bin_only: 0 set: 0 repl: 0 T: 0.00 T-out: N T-r: 98.40%
c rst  geom stb  vmt  1432  873 K 1496      33K   783 5.84    5.75     4237  2120   41K   111 27.75   27.69  
c [distill-long-red0] cls tried: 165/165 T: 0.01 T-out: N T-r: 99.59%
c [distill-long-red1] cls tried: 36/1428 T: 0.02 T-out: Y T-r: -5.63%
c rst  geom ibes vmt  1433  876 K 1496      33K   783 5.84    5.75     4237  2145   44K   111 27.21   27.15  
c rst  geom ibes vmt  1434  879 K 1496      33K   783 5.84    5.75     4238  2165   47K   111 26.82   26.77  
c [distill] watch-based irred--  cl tried 9668     cl-sh 0     cl-rem 0    lit-rem 0      T: 0.01 T-out: N
c [distill] watch-based red  --  cl tried 8476     cl-sh 8     cl-rem 0    lit-rem 17     T: 0.00 T-out: N
c rst  geom ibes vmt  1435  883 K 1496      33K   783 5.84    5.75     4332  2021   51K   111 26.10   26.05  
c rst  geom ibes vmt  1436  887 K 1496      33K   783 5.84    5.75     4369  2438   40K   111 21.72   21.67  
c [distill-bin] useful: 0/783/783 lits-rem: 0 cl-rem: 0 0-depth-assigns: 0 T: 0.00 T-out: N
c rst  geom svd  vmt  1437  891 K 1496      33K   783 5.84    5.75     4466  2365   44K   111 21.61   21.56  
c [distill-long-red0] cls tried: 215/215 T: 0.02 T-out: N T-r: 99.12%
c [distill-long-red1] cls tried: 28/1696 T: 0.02 T-out: Y T-r: -1.96%
c [full-probe]  bin_only: 1 set: 0 repl: 0 T: 0.00 T-out: N T-r: 99.75%
c [impl-str] lit bin: 0 set-var: 0 T: 0.00 T-out: N T-r: 99.96% w-visit: 2998
c [impl-sub] bin: 0 T: 0.00 T-out: N w-visit: 2998
c rst  geom svd  vmt  1438  896 K 1496      33K   783 5.84    5.75     4467  2433   49K   111 21.13   21.09  
c rst  geom svd  vmt  1439  901 K 1496      33K   783 5.84    5.75     4631  2650   39K   111 17.25   17.22  
c [ccnr] saving best assignment phase to stable_polar
c [ccnr] bumping based on var unsat frequency: conflict_ct
c [ccnr] Bumped vars: 1499 bump type: 6
c [ccnr] time: 0.28
c rst  geom best vmt  1440  907 K 1496      33K   783 5.84    5.75     4636  2706   45K   111 20.06   20.02  
c [branch] adjusting to: vsid (from: vmtf) var_decay:0.95 descr: VSIDS
c [distill-long-red0] cls tried: 168/168 T: 0.02 T-out: N T-r: 99.12%
c [distill-long-red1] cls tried: 21/2169 T: 0.02 T-out: Y T-r: -10.15%
c [distill-bin] useful: 0/783/783 lits-rem: 0 cl-rem: 0 0-depth-assigns: 0 T: 0.00 T-out: N
c [distill] watch-based irred--  cl tried 9668     cl-sh 0     cl-rem 0    lit-rem 0      T: 0.01 T-out: N
c [distill] watch-based red  --  cl tried 9272     cl-sh 13    cl-rem 0    lit-rem 25     T: 0.01 T-out: N
c [gauss] XOR-encoding clauses are not detached, so no need to reattach them.
c [g 0] truth-find prop checks  : 3196K
c [g 0] -> of which prop        : 34.47 %
c [g 0] -> of which confl       :  1.42 %
c [g 0] elim called             : 242K
c [g 0] ---> which lead to prop : 34.02 %
c [g 0] ---> which lead to confl:  0.79 %
c [g 0] size: 68    x 510  
c [scc] new: 0 BP 0M T: 0.00
c [vrep] vars 0 lits 0 rem-bin-cls 0 rem-long-cls 0 BP 0M T: 0.00
c [intree] Set 0 vars hyper-added: 0 trans-irred: 0 trans-red: 0 T: 0.00 T-out: N T-r: -1.46%
c [find&init matx] performing matrix init
c [gauss] XOR-encoding clauses are not detached, so no need to reattach them.
c [xor-rem-unconnected] left with 919 xors from 919 non-empty xors T: 0.00
c [xor-together] xored together: 851 orig xors: 919 new xors: 68 T: 0.00
c [xor-rem-unconnected] left with 68 xors from 68 non-empty xors T: 0.00
c [xor-clean-equiv] removed equivalent xors: 0 left with: 68
c [matrix] unused xors from cleaning: 0
c [matrix] Good   matrix 0 68      x510    density:0.1080  xorlen avg: 55.07
c [matrix] Using 1 matrices recovered from 0 xors T: 0.00 T-out: N
c rst  geom best vs   1441  907 K 1496      33K   783 5.84    5.75     4636  2706   45K   111 20.09   20.05  
c rst  geom best vs   1442  907 K 1496      33K   783 5.84    5.75     4636  2706   45K   111 20.12   20.08  
c rst  geom best vs   1443  908 K 1496      33K   783 5.84    5.75     4636  2706   45K   111 20.14   20.10  
c rst  geom best vs   1444  908 K 1496      33K   783 5.84    5.75     4636  2708   46K   111 20.20   20.16  
c rst  geom best vs   1445  908 K 1496      33K   783 5.84    5.75     4636  2708   46K   111 20.25   20.21  
c rst  geom best vs   1446  908 K 1496      33K   783 5.84    5.75     4636  2708   46K   111 20.33   20.30  
c rst  geom best vs   1447  908 K 1496      33K   783 5.84    5.75     4636  2709   46K   111 20.41   20.37  
c rst  geom best vs   1448  908 K 1496      33K   783 5.84    5.75     4636  2709   46K   111 20.48   20.44  
c rst  geom best vs   1449  909 K 1496      33K   783 5.84    5.75     4636  2709   47K   111 20.61   20.58  
c rst  geom best vs   1450  909 K 1496      33K   783 5.84    5.75     4636  2709   47K   111 20.72   20.69  
c rst  geom best vs   1451  909 K 1496      33K   783 5.84    5.75     4636  2710   47K   111 20.79   20.75  
c rst  geom best vs   1452  910 K 1496      33K   783 5.84    5.75     4688  2415   48K   111 20.88   20.84  
c rst  geom best vs   1453  910 K 1496      33K   783 5.84    5.75     4688  2415   48K   111 20.92   20.88  
c rst  geom best vs   1454  910 K 1496      33K   783 5.84    5.75     4688  2415   48K   111 21.02   20.98  
c rst  geom best vs   1455  911 K 1496      33K   783 5.84    5.75     4688  2415   49K   111 21.15   21.11  
c rst  geom best vs   1456  911 K 1496      33K   783 5.84    5.75     4688  2417   49K   111 21.26   21.22  
c rst  geom best vs   1457  912 K 1496      33K   783 5.84    5.75     4688  2418   50K   111 21.39   21.36  
c [full-probe]  bin_only: 0 set: 0 repl: 0 T: 0.01 T-out: N T-r: 98.24%
c rst  geom best vs   1458  912 K 1496      33K   783 5.84    5.75     4688  2419   50K   111 21.59   21.55  
c rst  geom best vs   1459  913 K 1496      33K   783 5.84    5.75     4689  2421   51K   111 21.79   21.75  
c rst  geom best vs   1460  913 K 1496      33K   783 5.84    5.75     4689  2424   52K   111 22.16   22.13  
c rst  geom best vs   1461  914 K 1496      33K   783 5.84    5.75     4689  2425   52K   111 22.20   22.16  
c recursive minimization cost OK: 1944Kcost/(% lits removed)
c [gauss] XOR-encoding clauses are not detached, so no need to reattach them.
c [g 0] truth-find prop checks  : 187K
c [g 0] -> of which prop        : 59.63 %
c [g 0] -> of which confl       :  1.57 %
c [g 0] elim called             : 9242
c [g 0] ---> which lead to prop : 91.88 %
c [g 0] ---> which lead to confl:  3.54 %
c [g 0] size: 68    x 510  
c --> Executing strategy token: scc-vrepl
c [scc] new: 0 BP 0M T: 0.00
c --> Executing strategy token: sub-impl
c [impl-sub] bin: 0 T: 0.00 T-out: N w-visit: 2998
c --> Executing strategy token: breakid
c --> Executing OCC strategy token(s): 'occ-backw-sub-str,occ-clean-implicit,occ-bve,occ-bva,occ-ternary-res,occ-xor,'
c [occ] mem usage for occur 3      MB
c [occ] Linked in IRRED BIN by default: 783
c [occ] Linked in RED   BIN by default: 111
c [occ] mem usage for occur 0      MB
c Mem for watch alloc      : 18          MB (31.48     %)
c Mem for watch array      : 0           MB (0.12      %)
c --> Executing OCC strategy token: occ-backw-sub-str
c [occ-backw-sub-str-long-w-bins] subs: 0 str: 8 tried: 10401 0-depth ass: 0 T: 0.00 T-out: N T-r: 99.19%
c [occ-backw-sub-long-w-long] rem cl: 96 tried: 92691/92691 (100.0%) T: 0.04 T-out: N T-r: 77.76%
c [occ-backw-sub-str-long-w-long] sub: 3 str: 44 tried: 278073/92691 (300.0)  T: 0.20 T-out: N T-r: 58.30%
c --> Executing OCC strategy token: occ-clean-implicit
c --> Executing OCC strategy token: occ-bve
c [occ-empty-res] Empty resolvent elimed: 0 T: 0.00 T-out: N
c [occ-bve] iter v-elim 0
c cl_inc_rate=1.0, var_dec_rate=1.0 (grow=0)
c Reduced to 1496 vars, 34111 cls (grow=0)
c [occ-bve] iter v-elim 0
c cl_inc_rate=1.0, var_dec_rate=1.0 (grow=8)
c Reduced to 1496 vars, 34111 cls (grow=8)
c [occ-bve] iter v-elim 0
c cl_inc_rate=1.0, var_dec_rate=1.0 (grow=16)
c Reduced to 1496 vars, 34111 cls (grow=16)
c x n vars       : 1496
c #try to eliminate:  4488
c #var-elim        :     0
c #T-o: N
c #T-r: 99.99%
c #T  : 0.22
c [occur] 0.02 is overhead
c [occur] link-in T: 0.02 cleanup T: 0.00
c --> Executing OCC strategy token: occ-bva
c --> Executing OCC strategy token: occ-ternary-res
c [occ-ternary-res] Ternary res-tri: 0 res-bin: 0 sub: 0 str: 0 T: 0.00 T-out: N T-r: 99.81%
c --> Executing OCC strategy token: occ-xor
c [occ-xor] sort occur list T: 0.00
c [xor-clean-equiv] removed equivalent xors: 0 left with: 901
c [occ-xor] found    901 avg sz 5.9 min sz  4 max sz  6 T: 0.01 T-out: N T-r: 99.98%
c --> Executing strategy token: card-find
c --> Executing strategy token: cl-consolidate
c Not consolidating memory.
c --> Executing strategy token: scc-vrepl
c [scc] new: 0 BP 0M T: 0.00
c --> Executing strategy token: renumber
c --> Executing strategy token: bosphorus
c --> Executing strategy token: louvain-comms
c [consolidate] mini T: 0.00
c global_timeout_multiplier: 5.3147
c [branch] rebuilding order heap for all branchings. Current branching: vsid
c [find&init matx] performing matrix init
c [gauss] XOR-encoding clauses are not detached, so no need to reattach them.
c [xor-rem-unconnected] left with 901 xors from 901 non-empty xors T: 0.00
c [xor-together] xored together: 820 orig xors: 901 new xors: 81 T: 0.00
c [xor-rem-unconnected] left with 81 xors from 81 non-empty xors T: 0.00
c [xor-clean-equiv] removed equivalent xors: 0 left with: 81
c [matrix] unused xors from cleaning: 0
c [matrix] Good   matrix  0     81 x  536  density:0.0852  xorlen avg: 45.67
c [matrix] Using 1 matrices recovered from 0 xors T: 0.00 T-out: N
c rst  geom best   vs  1462  914K    1496   33K   783    5.84    5.75  4613  2517   52K   111   22.45   22.41
c rst  geom best   vs  1463  915K    1496   33K   783    5.84    5.75  4614  2529   38K   111   23.01   22.96
c rst  geom best   vs  1464  916K    1496   33K   783    5.84    5.75  4615  2534   39K   111   23.28   23.23
c rst  geom  stb   vs  1465  917K    1496   33K   783    5.84    5.75  4615  2536   40K   111   23.77   23.72
c rst  geom  stb   vs  1466  918K    1496   33K   783    5.84    5.75  4615  2540   41K   111   24.30   24.25
c rst  geom  stb   vs  1467  919K    1496   33K   783    5.84    5.75  4615  2541   42K   111   24.89   24.84
c rst  geom  stb   vs  1468  920K    1496   33K   783    5.84    5.75  4636  2328   44K   111   25.39   25.34
c rst  geom  stb   vs  1469  922K    1496   33K   783    5.84    5.75  4636  2334   45K   111   25.58   25.53
c rst  geom  stb   vs  1470  923K    1496   33K   783    5.84    5.75  4637  2341   47K   111   26.09   26.04
c [distill-long-red0] cls tried: 100/100 T: 0.01 T-out: N T-r: 99.69%
c [distill-long-red1] cls tried: 26/1984 T: 0.01 T-out: Y T-r: -2.56%
c rst  geom  stb   vs  1471  925K    1496   33K   783    5.84    5.75  4637  2345   49K   111   26.40   26.35
c rst  geom  stb   vs  1472  927K    1496   33K   783    5.84    5.75  4637  2354   50K   111   26.82   26.78
c rst  geom  stb   vs  1473  929K    1496   33K   783    5.84    5.75  4637  2360   52K   111   27.10   27.06
c [distill-bin] useful: 0/783/783 lits-rem: 0 cl-rem: 0 0-depth-assigns: 0 T: 0.01 T-out: N
c rst  geom  stb   vs  1474  931K    1496   33K   783    5.84    5.75  4658  2320   40K   111   31.20   31.14
c rst  geom ibes   vs  1475  934K    1496   33K   783    5.84    5.75  4658  2324   42K   111   31.24   31.17
c [full-probe]  bin_only: 1 set: 0 repl: 0 T: 0.00 T-out: N T-r: 99.84%
c [distill] watch-based irred--  cl tried    10818 cl-sh     0 cl-rem    0 lit-rem      0 T: 0.01 T-out: N
c [distill] watch-based   red--  cl tried     9316 cl-sh     8 cl-rem    0 lit-rem     13 T: 0.01 T-out: N
c rst  geom ibes   vs  1476  936K    1496   33K   783    5.84    5.75  4658  2332   45K   111   31.48   31.42
c rst  geom ibes   vs  1477  939K    1496   33K   783    5.84    5.75  4659  2335   48K   111   31.91   31.85
c [distill-long-red0] cls tried: 24/24 T: 0.00 T-out: N T-r: 99.94%
c [distill-long-red1] cls tried: 53/1982 T: 0.01 T-out: Y T-r: -1.63%
c rst  geom ibes   vs  1478  943K    1496   33K   783    5.84    5.75  4678  2098   51K   111   32.12   32.06
c rst  geom ibes   vs  1479  946K    1496   33K   783    5.84    5.75  4686  2226   40K   111   34.64   34.56
c [ccnr] saving best assignment phase to stable_polar
c [ccnr] bumping based on var unsat frequency: conflict_ct
c [ccnr] Bumped vars: 1499 bump type: 6
c [ccnr] time: 0.28
c rst  geom  svd   vs  1480  950K    1496   33K   783    5.84    5.75  4706  2064   44K   111   35.10   35.03
c [distill-bin] useful: 0/783/783 lits-rem: 0 cl-rem: 0 0-depth-assigns: 0 T: 0.01 T-out: N
c rst  geom  svd   vs  1481  955K    1496   33K   783    5.84    5.75  4706  2080   49K   111   35.18   35.11
c [distill-long-red0] cls tried: 46/46 T: 0.01 T-out: N T-r: 99.88%
c [distill-long-red1] cls tried: 70/1769 T: 0.01 T-out: Y T-r: -1.44%
c [full-probe]  bin_only: 0 set: 0 repl: 0 T: 0.01 T-out: N T-r: 97.35%
c [impl-str] lit bin: 0 set-var: 0 T: 0.00 T-out: N T-r: 99.96% w-visit: 2998
c [impl-sub] bin: 0 T: 0.00 T-out: N w-visit: 2998
c rst  geom  svd   vs  1482  959K    1496   33K   783    5.84    5.75  4707  2096   53K   111   35.02   34.96
c [distill] watch-based irred--  cl tried    10818 cl-sh     0 cl-rem    0 lit-rem      0 T: 0.00 T-out: N
c [distill] watch-based   red--  cl tried     9414 cl-sh     5 cl-rem    0 lit-rem      8 T: 0.01 T-out: N
c rst  geom  svd   vs  1483  965K    1496   33K   783    5.84    5.75  4755  1834   44K   111   33.29   33.23
c rst  geom best   vs  1484  971K    1496   33K   783    5.84    5.75  4765  1050   50K   111   33.86   33.80
c [distill-long-red0] cls tried: 62/62 T: 0.01 T-out: N T-r: 99.83%
c [distill-long-red1] cls tried: 66/812 T: 0.01 T-out: Y T-r: -1.01%
c [distill-bin] useful: 0/783/783 lits-rem: 0 cl-rem: 0 0-depth-assigns: 0 T: 0.01 T-out: N
c rst  geom best   vs  1485  977K    1496   33K   783    5.84    5.75  4769  1129   42K   111   32.83   32.76
c [full-probe]  bin_only: 1 set: 0 repl: 0 T: 0.00 T-out: N T-r: 99.75%
c [gauss] XOR-encoding clauses are not detached, so no need to reattach them.
c [g 0] truth-find prop checks  : 2179K
c [g 0] -> of which prop        : 56.58 %
c [g 0] -> of which confl       :  1.25 %
c [g 0] elim called             : 138K
c [g 0] ---> which lead to prop : 83.11 %
c [g 0] ---> which lead to confl:  2.83 %
c [g 0] size: 81    x 536  
c [scc] new: 0 BP 0M T: 0.00
c [vrep] vars 0 lits 0 rem-bin-cls 0 rem-long-cls 0 BP 0M T: 0.01
c [intree] Set 0 vars hyper-added: 0 trans-irred: 0 trans-red: 0 T: 0.01 T-out: N T-r: -0.83%
c [find&init matx] performing matrix init
c [gauss] XOR-encoding clauses are not detached, so no need to reattach them.
c [xor-rem-unconnected] left with 901 xors from 901 non-empty xors T: 0.00
c [xor-together] xored together: 820 orig xors: 901 new xors: 81 T: 0.00
c [xor-rem-unconnected] left with 81 xors from 81 non-empty xors T: 0.00
c [xor-clean-equiv] removed equivalent xors: 0 left with: 81
c [matrix] unused xors from cleaning: 0
c [matrix] Good   matrix 0 81      x536    density:0.0852  xorlen avg: 45.67
c [matrix] Using 1 matrices recovered from 0 xors T: 0.00 T-out: N
c rst  geom best vs   1486  984 K 1496      33K   783 5.84    5.75     4792   856   49K   111 32.54   32.48  
c rst  geom stb  vs   1487  992 K 1496      33K   783 5.84    5.75     4806   882   41K   111 30.51   30.44  
c [distill-long-red0] cls tried: 40/40 T: 0.00 T-out: N T-r: 99.92%
c [distill-long-red1] cls tried: 77/647 T: 0.01 T-out: Y T-r: -2.59%
c [distill-bin] useful: 0/783/783 lits-rem: 0 cl-rem: 0 0-depth-assigns: 0 T: 0.00 T-out: N
c [distill] watch-based irred--  cl tried 10818    cl-sh 0     cl-rem 0    lit-rem 0      T: 0.01 T-out: N
c [distill] watch-based red  --  cl tried 9612     cl-sh 12    cl-rem 0    lit-rem 19     T: 0.00 T-out: N
c [ccnr] saving best assignment phase to stable_polar
c [ccnr] bumping based on clause weights
c [ccnr] Bumped vars: 103 bump type: 6
c [ccnr] time: 0.30
c rst  geom stb  vs   1488  1000K 1496      33K   783 5.84    5.75     4824   862   50K   111 31.91   31.85  
c [branch] adjusting to: vmtf (from: vsid) var_decay:0.95 descr: VMTF
c [full-probe]  bin_only: 0 set: 0 repl: 0 T: 0.01 T-out: N T-r: 97.13%
c rst  luby ibes vmt  1489  1000K 1496      33K   783 5.84    5.75     4824   862   50K   111 31.89   31.83  
c rst  luby ibes vmt  1490  1001K 1496      33K   783 5.84    5.75     4824   862   50K   111 31.87   31.81  
c rst  luby ibes vmt  1491  1001K 1496      33K   783 5.84    5.75     4824   864   50K   111 31.81   31.75  
c rst  luby ibes vmt  1492  1001K 1496      33K   783 5.84    5.75     4824   864   50K   111 31.79   31.73  
c rst  luby ibes vmt  1493  1001K 1496      33K   783 5.84    5.75     4824   864   51K   111 31.76   31.70  
c rst  luby ibes vmt  1494  1001K 1496      33K   783 5.84    5.75     4824   866   51K   111 31.70   31.64  
c rst  luby ibes vmt  1495  1002K 1496      33K   783 5.84    5.75     4824   869   51K   111 31.61   31.55  
c rst  luby ibes vmt  1496  1002K 1496      33K   783 5.84    5.75     4824   869   51K   111 31.59   31.53  
c rst  luby ibes vmt  1497  1002K 1496      33K   783 5.84    5.75     4824   872   51K   111 31.58   31.53  
c rst  luby ibes vmt  1498  1002K 1496      33K   783 5.84    5.75     4824   875   52K   111 31.55   31.49  
c rst  luby ibes vmt  1499  1002K 1496      33K   783 5.84    5.75     4824   877   52K   111 31.57   31.52  
c rst  luby ibes vmt  1500  1002K 1496      33K   783 5.84    5.75     4824   877   52K   111 31.58   31.53  
c rst  luby ibes vmt  1501  1002K 1496      33K   783 5.84    5.75     4824   877   52K   111 31.58   31.53  
c rst  luby ibes vmt  1502  1003K 1496      33K   783 5.84    5.75     4824   878   52K   111 31.60   31.54  
c rst  luby ibes vmt  1503  1004K 1496      33K   783 5.84    5.75     4824   883   53K   111 31.66   31.60  
c rst  luby ibes vmt  1504  1004K 1496      33K   783 5.84    5.75     4824   884   53K   111 31.66   31.61  
c rst  luby ibes vmt  1505  1004K 1496      33K   783 5.84    5.75     4824   884   53K   111 31.67   31.61  
c rst  luby ibes vmt  1506  1004K 1496      33K   783 5.84    5.75     4824   886   54K   111 31.69   31.64  
c rst  luby ibes vmt  1507  1004K 1496      33K   783 5.84    5.75     4824   887   54K   111 31.70   31.64  
c rst  luby ibes vmt  1508  1004K 1496      33K   783 5.84    5.75     4824   888   54K   111 31.70   31.65  
c rst  luby ibes vmt  1509  1004K 1496      33K   783 5.84    5.75     4824   889   54K   111 31.69   31.64  
c rst  luby ibes vmt  1510  1005K 1496      33K   783 5.84    5.75     4847  1028   39K   111 30.81   30.74  
c rst  luby ibes vmt  1511  1005K 1496      33K   783 5.84    5.75     4847  1028   39K   111 30.82   30.75  
c rst  luby ibes vmt  1512  1005K 1496      33K   783 5.84    5.75     4847  1028   39K   111 30.84   30.76  
c rst  luby ibes vmt  1513  1005K 1496      33K   783 5.84    5.75     4847  1028   39K   111 30.86   30.79  
c rst  luby ibes vmt  1514  1005K 1496      33K   783 5.84    5.75     4847  1028   39K   111 30.85   30.78  
c rst  luby ibes vmt  1515  1005K 1496      33K   783 5.84    5.75     4847  1028   39K   111 30.84   30.77  
c rst  luby ibes vmt  1516  1006K 1496      33K   783 5.84    5.75     4847  1030   39K   111 30.88   30.81  
c rst  luby ibes vmt  1517  1006K 1496      33K   783 5.84    5.75     4847  1031   40K   111 30.89   30.82  
c rst  luby ibes vmt  1518  1007K 1496      33K   783 5.84    5.75     4847  1032   41K   111 31.03   30.96  
c rst  luby ibes vmt  1519  1008K 1496      33K   783 5.84    5.75     4847  1034   42K   111 31.01   30.94  
c [distill-long-red0] cls tried: 53/53 T: 0.00 T-out: N T-r: 99.89%
c [distill-long-red1] cls tried: 78/720 T: 0.02 T-out: Y T-r: -0.74%
c rst  luby ibes vmt  1520  1008K 1496      33K   783 5.84    5.75     4847  1035   42K   111 31.02   30.95  
c rst  luby ibes vmt  1521  1009K 1496      33K   783 5.84    5.75     4847  1035   42K   111 31.04   30.97  
c rst  luby ibes vmt  1522  1009K 1496      33K   783 5.84    5.75     4847  1035   43K   111 31.04   30.97  
c rst  luby ibes vmt  1523  1009K 1496      33K   783 5.84    5.75     4847  1035   43K   111 31.06   30.99  
c rst  luby ibes vmt  1524  1009K 1496      33K   783 5.84    5.75     4847  1035   43K   111 31.08   31.01  
c rst  luby ibes vmt  1525  1009K 1496      33K   783 5.84    5.75     4847  1035   43K   111 31.08   31.01  
c rst  luby ibes vmt  1526  1010K 1496      33K   783 5.84    5.75     4886   968   43K   111 31.13   31.07  
c rst  luby ibes vmt  1527  1010K 1496      33K   783 5.84    5.75     4886   968   44K   111 31.13   31.07  
c rst  luby ibes vmt  1528  1010K 1496      33K   783 5.84    5.75     4886   968   44K   111 31.15   31.09  
c rst  luby ibes vmt  1529  1010K 1496      33K   783 5.84    5.75     4886   968   44K   111 31.14   31.08  
c rst  luby ibes vmt  1530  1010K 1496      33K   783 5.84    5.75     4886   968   44K   111 31.15   31.08  
c rst  luby ibes vmt  1531  1010K 1496      33K   783 5.84    5.75     4886   968   44K   111 31.16   31.10  
c rst  luby ibes vmt  1532  1010K 1496      33K   783 5.84    5.75     4886   969   44K   111 31.17   31.11  
c rst  luby ibes vmt  1533  1011K 1496      33K   783 5.84    5.75     4886   969   45K   111 31.20   31.13  
c rst  luby ibes vmt  1534  1012K 1496      33K   783 5.84    5.75     4886   974   45K   111 31.17   31.11  
c rst  luby ibes vmt  1535  1012K 1496      33K   783 5.84    5.75     4886   975   46K   111 31.20   31.14  
c rst  luby ibes vmt  1536  1012K 1496      33K   783 5.84    5.75     4886   975   46K   111 31.21   31.14  
c [distill-bin] useful: 0/783/783 lits-rem: 0 cl-rem: 0 0-depth-assigns: 0 T: 0.01 T-out: N
c rst  luby ibes vmt  1537  1012K 1496      33K   783 5.84    5.75     4886   976   46K   111 31.25   31.19  
c rst  luby ibes vmt  1538  1012K 1496      33K   783 5.84    5.75     4886   976   46K   111 31.27   31.21  
c rst  luby ibes vmt  1539  1012K 1496      33K   783 5.84    5.75     4886   976   46K   111 31.28   31.22  
c rst  luby ibes vmt  1540  1012K 1496      33K   783 5.84    5.75     4886   979   46K   111 31.32   31.26  
c rst  luby ibes vmt  1541  1013K 1496      33K   783 5.84    5.75     4886   981   47K   111 31.34   31.27  
c rst  luby ibes vmt  1542  1013K 1496      33K   783 5.84    5.75     4886   981   47K   111 31.32   31.25  
c rst  luby ibes vmt  1543  1013K 1496      33K   783 5.84    5.75     4886   981   47K   111 31.30   31.24  
c rst  luby ibes vmt  1544  1013K 1496      33K   783 5.84    5.75     4886   981   47K   111 31.34   31.27  
c rst  luby ibes vmt  1545  1013K 1496      33K   783 5.84    5.75     4886   981   47K   111 31.33   31.27  
c rst  luby ibes vmt  1546  1013K 1496      33K   783 5.84    5.75     4886   982   47K   111 31.34   31.28  
c rst  luby ibes vmt  1547  1014K 1496      33K   783 5.84    5.75     4886   982   47K   111 31.33   31.27  
c rst  luby ibes vmt  1548  1014K 1496      33K   783 5.84    5.75     4886   982   48K   111 31.36   31.30  
c rst  luby ibes vmt  1549  1015K 1496      33K   783 5.84    5.75     4886   984   49K   111 31.49   31.43  
c [impl-str] lit bin: 0 set-var: 0 T: 0.00 T-out: N T-r: 99.96% w-visit: 2998
c [impl-sub] bin: 0 T: 0.00 T-out: N w-visit: 2998
c rst  luby ibes vmt  1550  1016K 1496      33K   783 5.84    5.75     4887   987   50K   111 31.56   31.50  
c rst  luby svd  vmt  1551  1020K 1496      33K   783 5.84    5.75     4928  1089   38K   111 31.58   31.51  
c [distill] watch-based irred--  cl tried 10818    cl-sh 0     cl-rem 0    lit-rem 0      T: 0.00 T-out: N
c [distill] watch-based red  --  cl tried 9856     cl-sh 17    cl-rem 0    lit-rem 27     T: 0.01 T-out: N
c rst  luby svd  vmt  1552  1020K 1496      33K   783 5.84    5.75     4928  1089   38K   111 31.60   31.53  
c rst  luby svd  vmt  1553  1020K 1496      33K   783 5.84    5.75     4928  1090   38K   111 31.62   31.55  
c rst  luby svd  vmt  1554  1020K 1496      33K   783 5.84    5.75     4928  1090   39K   111 31.70   31.63  
c rst  luby svd  vmt  1555  1020K 1496      33K   783 5.84    5.75     4928  1091   39K   111 31.72   31.65  
c rst  luby svd  vmt  1556  1020K 1496      33K   783 5.84    5.75     4928  1091   39K   111 31.76   31.69  
c rst  luby svd  vmt  1557  1020K 1496      33K   783 5.84    5.75     4928  1091   39K   111 31.79   31.72  
c [full-probe]  bin_only: 1 set: 0 repl: 0 T: 0.00 T-out: N T-r: 99.83%
c rst  luby svd  vmt  1558  1021K 1496      33K   783 5.84    5.75     4928  1091   39K   111 31.90   31.83  
c rst  luby svd  vmt  1559  1021K 1496      33K   783 5.84    5.75     4928  1091   39K   111 31.91   31.84  
c rst  luby svd  vmt  1560  1021K 1496      33K   783 5.84    5.75     4928  1091   40K   111 31.92   31.85  
c rst  luby svd  vmt  1561  1021K 1496      33K   783 5.84    5.75     4928  1096   40K   111 31.95   31.87  
c rst  luby svd  vmt  1562  1021K 1496      33K   783 5.84    5.75     4928  1096   40K   111 31.96   31.89  
c rst  luby svd  vmt  1563  1021K 1496      33K   783 5.84    5.75     4928  1097   40K   111 31.97   31.90  
c rst  luby svd  vmt  1564  1022K 1496      33K   783 5.84    5.75     4928  1097   40K   111 31.98   31.91  
c rst  luby svd  vmt  1565  1022K 1496      33K   783 5.84    5.75     4928  1098   41K   111 32.04   31.97  
c rst  luby svd  vmt  1566  1023K 1496      33K   783 5.84    5.75     4928  1100   41K   111 32.24   32.17  
c rst  luby svd  vmt  1567  1023K 1496      33K   783 5.84    5.75     4928  1101   41K   111 32.26   32.19  
c rst  luby svd  vmt  1568  1023K 1496      33K   783 5.84    5.75     4928  1102   42K   111 32.30   32.23  
c rst  luby svd  vmt  1569  1023K 1496      33K   783 5.84    5.75     4928  1103   42K   111 32.34   32.27  
c rst  luby svd  vmt  1570  1023K 1496      33K   783 5.84    5.75     4928  1105   42K   111 32.36   32.29  
c rst  luby svd  vmt  1571  1023K 1496      33K   783 5.84    5.75     4928  1106   42K   111 32.38   32.31  
c [distill-long-red0] cls tried: 74/74 T: 0.00 T-out: N T-r: 99.86%
c [distill-long-red1] cls tried: 78/746 T: 0.01 T-out: Y T-r: -0.55%
c rst  luby svd  vmt  1572  1024K 1496      33K   783 5.84    5.75     4928  1107   42K   111 32.41   32.34  
c rst  luby svd  vmt  1573  1024K 1496      33K   783 5.84    5.75     4928  1110   43K   111 32.55   32.48  
c rst  luby svd  vmt  1574  1024K 1496      33K   783 5.84    5.75     4928  1110   43K   111 32.56   32.49  
c rst  luby svd  vmt  1575  1024K 1496      33K   783 5.84    5.75     4928  1110   43K   111 32.58   32.51  
c rst  luby svd  vmt  1576  1024K 1496      33K   783 5.84    5.75     4928  1110   43K   111 32.64   32.57  
c rst  luby svd  vmt  1577  1025K 1496      33K   783 5.84    5.75     4928  1111   43K   111 32.66   32.59  
c rst  luby svd  vmt  1578  1025K 1496      33K   783 5.84    5.75     4928  1113   43K   111 32.66   32.59  
c rst  luby svd  vmt  1579  1025K 1496      33K   783 5.84    5.75     4928  1114   43K   111 32.70   32.63  
c rst  luby svd  vmt  1580  1025K 1496      33K   783 5.84    5.75     4928  1119   44K   111 32.75   32.69  
c rst  luby svd  vmt  1581  1026K 1496      33K   783 5.84    5.75     4929  1122   45K   111 32.80   32.73  
c rst  luby svd  vmt  1582  1028K 1496      33K   783 5.84    5.75     4929  1127   46K   111 33.01   32.95  
c rst  luby svd  vmt  1583  1028K 1496      33K   783 5.84    5.75     4929  1129   46K   111 33.04   32.98  
c rst  luby svd  vmt  1584  1028K 1496      33K   783 5.84    5.75     4929  1129   46K   111 33.06   32.99  
c rst  luby svd  vmt  1585  1028K 1496      33K   783 5.84    5.75     4929  1129   47K   111 33.08   33.02  
c rst  luby svd  vmt  1586  1028K 1496      33K   783 5.84    5.75     4929  1131   47K   111 33.09   33.02  
c rst  luby svd  vmt  1587  1028K 1496      33K   783 5.84    5.75     4929  1132   47K   111 33.09   33.03  
c rst  luby svd  vmt  1588  1028K 1496      33K   783 5.84    5.75     4929  1132   47K   111 33.09   33.03  
c rst  luby svd  vmt  1589  1029K 1496      33K   783 5.84    5.75     4929  1133   47K   111 33.14   33.08  
c rst  luby svd  vmt  1590  1029K 1496      33K   783 5.84    5.75     4929  1133   47K   111 33.15   33.08  
c rst  luby svd  vmt  1591  1029K 1496      33K   783 5.84    5.75     4929  1134   48K   111 33.16   33.10  
c rst  luby svd  vmt  1592  1029K 1496      33K   783 5.84    5.75     4929  1134   48K   111 33.21   33.14  
c rst  luby svd  vmt  1593  1029K 1496      33K   783 5.84    5.75     4929  1134   48K   111 33.23   33.17  
c rst  luby svd  vmt  1594  1029K 1496      33K   783 5.84    5.75     4929  1134   48K   111 33.24   33.18  
c rst  luby svd  vmt  1595  1030K 1496      33K   783 5.84    5.75     4956  1060   48K   111 33.27   33.21  
c rst  luby svd  vmt  1596  1030K 1496      33K   783 5.84    5.75     4956  1060   49K   111 33.31   33.24  
c rst  luby svd  vmt  1597  1031K 1496      33K   783 5.84    5.75     4956  1076   49K   111 33.51   33.45  
c rst  luby svd  vmt  1598  1031K 1496      33K   783 5.84    5.75     4956  1076   49K   111 33.53   33.46  
c rst  luby svd  vmt  1599  1031K 1496      33K   783 5.84    5.75     4956  1077   50K   111 33.54   33.48  
c rst  luby svd  vmt  1600  1031K 1496      33K   783 5.84    5.75     4956  1078   50K   111 33.53   33.47  
c rst  luby svd  vmt  1601  1031K 1496      33K   783 5.84    5.75     4956  1079   50K   111 33.55   33.49  
c rst  luby svd  vmt  1602  1032K 1496      33K   783 5.84    5.75     4956  1080   50K   111 33.55   33.49  
c rst  luby svd  vmt  1603  1032K 1496      33K   783 5.84    5.75     4956  1081   50K   111 33.55   33.49  
c rst  geom best vmt  1604  1032K 1496      33K   783 5.84    5.75     4956  1082   50K   111 33.57   33.50  
c [distill-bin] useful: 0/783/783 lits-rem: 0 cl-rem: 0 0-depth-assigns: 0 T: 0.01 T-out: N
c rst  geom best vmt  1605  1032K 1496      33K   783 5.84    5.75     4956  1082   50K   111 33.60   33.54  
c rst  geom best vmt  1606  1032K 1496      33K   783 5.84    5.75     4956  1087   51K   111 33.60   33.54  
c rst  geom best vmt  1607  1032K 1496      33K   783 5.84    5.75     4956  1087   51K   111 33.61   33.55  
c rst  geom best vmt  1608  1032K 1496      33K   783 5.84    5.75     4956  1087   51K   111 33.65   33.59  
c rst  geom best vmt  1609  1033K 1496      33K   783 5.84    5.75     4956  1087   51K   111 33.64   33.58  
c rst  geom best vmt  1610  1033K 1496      33K   783 5.84    5.75     4956  1087   51K   111 33.67   33.61  
c rst  geom best vmt  1611  1033K 1496      33K   783 5.84    5.75     4956  1090   51K   111 33.67   33.60  
c rst  geom best vmt  1612  1033K 1496      33K   783 5.84    5.75     4956  1090   52K   111 33.71   33.65  
c rst  geom best vmt  1613  1033K 1496      33K   783 5.84    5.75     4956  1092   52K   111 33.74   33.68  
c rst  geom best vmt  1614  1034K 1496      33K   783 5.84    5.75     4956  1095   52K   111 33.78   33.72  
c rst  geom best vmt  1615  1034K 1496      33K   783 5.84    5.75     4956  1095   53K   111 33.78   33.72  
c rst  geom best vmt  1616  1034K 1496      33K   783 5.84    5.75     4956  1097   53K   111 33.89   33.83  
c rst  geom best vmt  1617  1035K 1496      33K   783 5.84    5.75     4965  1252   37K   111 33.39   33.31  
c rst  geom best vmt  1618  1035K 1496      33K   783 5.84    5.75     4965  1252   38K   111 33.38   33.30  
c rst  geom best vmt  1619  1036K 1496      33K   783 5.84    5.75     4965  1254   38K   111 33.47   33.39  
c rst  geom best vmt  1620  1036K 1496      33K   783 5.84    5.75     4965  1254   39K   111 33.54   33.46  
c [ccnr] saving best assignment phase to stable_polar
c [ccnr] bumping based on var unsat frequency: conflict_ct
c [ccnr] Bumped vars: 1499 bump type: 6
c [ccnr] time: 0.29
c rst  geom best vmt  1621  1037K 1496      33K   783 5.84    5.75     4972  1278   39K   111 33.79   33.71  
c rst  geom best vmt  1622  1037K 1496      33K   783 5.84    5.75     4974  1298   40K   111 33.93   33.85  
c rst  geom best vmt  1623  1038K 1496      33K   783 5.84    5.75     4974  1304   41K   111 34.02   33.94  
c rst  geom best vmt  1624  1039K 1496      33K   783 5.84    5.75     4974  1306   41K   111 34.24   34.17  
c [distill-long-red0] cls tried: 43/43 T: 0.00 T-out: N T-r: 99.91%
c [distill-long-red1] cls tried: 86/884 T: 0.01 T-out: Y T-r: -1.75%
c rst  geom best vmt  1625  1039K 1496      33K   783 5.84    5.75     4974  1308   42K   111 34.24   34.16  
c rst  geom best vmt  1626  1040K 1496      33K   783 5.84    5.75     5026  1248   43K   111 34.42   34.35  
c rst  geom best vmt  1627  1041K 1496      33K   783 5.84    5.75     5027  1257   44K   111 34.43   34.36  
c [full-probe]  bin_only: 0 set: 0 repl: 0 T: 0.01 T-out: N T-r: 97.77%
c rst  geom best vmt  1628  1042K 1496      33K   783 5.84    5.75     5027  1272   45K   111 34.57   34.50  
c [gauss] XOR-encoding clauses are not detached, so no need to reattach them.
c [g 0] truth-find prop checks  : 2121K
c [g 0] -> of which prop        : 56.45 %
c [g 0] -> of which confl       :  1.37 %
c [g 0] elim called             : 123K
c [g 0] ---> which lead to prop : 76.06 %
c [g 0] ---> which lead to confl:  2.28 %
c [g 0] size: 81    x 536  
c [scc] new: 0 BP 0M T: 0.00
c [vrep] vars 0 lits 0 rem-bin-cls 0 rem-long-cls 0 BP 0M T: 0.01
c [intree] Set 0 vars hyper-added: 0 trans-irred: 0 trans-red: 0 T: 0.00 T-out: N T-r: -1.00%
c [find&init matx] performing matrix init
c [gauss] XOR-encoding clauses are not detached, so no need to reattach them.
c [xor-rem-unconnected] left with 901 xors from 901 non-empty xors T: 0.00
c [xor-together] xored together: 820 orig xors: 901 new xors: 81 T: 0.00
c [xor-rem-unconnected] left with 81 xors from 81 non-empty xors T: 0.00
c [xor-clean-equiv] removed equivalent xors: 0 left with: 81
c [matrix] unused xors from cleaning: 0
c [matrix] Good   matrix 0 81      x536    density:0.0852  xorlen avg: 45.67
c [matrix] Using 1 matrices recovered from 0 xors T: 0.00 T-out: N
c rst  geom best vmt  1629  1043K 1496      33K   783 5.84    5.75     5027  1325   46K   111 34.40   34.34  
c rst  geom best vmt  1630  1045K 1496      33K   783 5.84    5.75     5027  1335   47K   111 34.06   33.99  
c [distill] watch-based irred--  cl tried 10818    cl-sh 0     cl-rem 0    lit-rem 0      T: 0.01 T-out: N
c [distill] watch-based red  --  cl tried 10054    cl-sh 13    cl-rem 0    lit-rem 22     T: 0.01 T-out: N
c rst  geom best vmt  1631  1046K 1496      33K   783 5.84    5.75     5028  1356   49K   111 33.70   33.63  
c rst  geom best vmt  1632  1048K 1496      33K   783 5.84    5.75     5028  1372   50K   111 33.25   33.19  
c rst  geom stb  vmt  1633  1049K 1496      33K   783 5.84    5.75     5030  1380   52K   111 32.79   32.74  
c rst  geom stb  vmt  1634  1051K 1496      33K   783 5.84    5.75     5131  1700   39K   111 31.85   31.78  
c rst  geom stb  vmt  1635  1053K 1496      33K   783 5.84    5.75     5133  1733   41K   111 31.55   31.48  
c [distill-bin] useful: 0/783/783 lits-rem: 0 cl-rem: 0 0-depth-assigns: 0 T: 0.00 T-out: N
c rst  geom stb  vmt  1636  1056K 1496      33K   783 5.84    5.75     5133  1758   43K   111 31.04   30.98  
c [distill-long-red0] cls tried: 145/145 T: 0.01 T-out: N T-r: 99.77%
c [distill-long-red1] cls tried: 64/1275 T: 0.02 T-out: Y T-r: -2.05%
c rst  geom stb  vmt  1637  1058K 1496      33K   783 5.84    5.75     5133  1770   45K   111 30.42   30.36  
c rst  geom stb  vmt  1638  1061K 1496      33K   783 5.84    5.75     5213  1728   48K   111 29.98   29.93  
c rst  geom stb  vmt  1639  1064K 1496      33K   783 5.84    5.75     5214  1786   51K   111 29.50   29.45  
c [full-probe]  bin_only: 1 set: 0 repl: 0 T: 0.00 T-out: N T-r: 99.80%
c rst  geom ibes vmt  1640  1067K 1496      33K   783 5.84    5.75     5257  2262   39K   111 25.55   25.49  
c rst  geom ibes vmt  1641  1071K 1496      33K   783 5.84    5.75     5337  2169   43K   111 24.74   24.69  
c [distill-long-red0] cls tried: 193/193 T: 0.02 T-out: N T-r: 99.36%
c [distill-long-red1] cls tried: 35/1650 T: 0.02 T-out: Y T-r: -4.81%
c [distill] watch-based irred--  cl tried 10818    cl-sh 0     cl-rem 0    lit-rem 0      T: 0.01 T-out: N
c [distill] watch-based red  --  cl tried 10674    cl-sh 11    cl-rem 0    lit-rem 83     T: 0.01 T-out: N
c rst  geom ibes vmt  1642  1075K 1496      33K   783 5.84    5.75     5337  2219   47K   111 24.06   24.02  
c [distill-bin] useful: 0/783/783 lits-rem: 0 cl-rem: 0 0-depth-assigns: 0 T: 0.00 T-out: N
c rst  geom ibes vmt  1643  1079K 1496      33K   783 5.84    5.75     5338  2279   51K   111 23.22   23.18  
c [impl-str] lit bin: 0 set-var: 0 T: 0.00 T-out: N T-r: 99.96% w-visit: 2998
c [impl-sub] bin: 0 T: 0.00 T-out: N w-visit: 2998
c rst  geom ibes vmt  1644  1084K 1496      33K   783 5.84    5.75     5431  2848   41K   111 17.16   17.13  
c [full-probe]  bin_only: 0 set: 0 repl: 0 T: 0.00 T-out: N T-r: 98.46%
c [ccnr] saving best assignment phase to stable_polar
c [ccnr] bumping based on var unsat frequency: conflict_ct
c [ccnr] Bumped vars: 1499 bump type: 6
c [ccnr] time: 0.28
c rst  geom svd  vmt  1645  1089K 1496      33K   783 5.84    5.75     5436  2919   46K   111 19.88   19.85  
c [distill-long-red0] cls tried: 104/104 T: 0.02 T-out: N T-r: 99.58%
c [distill-long-red1] cls tried: 23/2406 T: 0.02 T-out: Y T-r: -9.53%
c rst  geom svd  vmt  1646  1095K 1496      33K   783 5.84    5.75     5541  2976   38K   111 21.47   21.42  
c [distill-bin] useful: 0/783/783 lits-rem: 0 cl-rem: 0 0-depth-assigns: 0 T: 0.00 T-out: N
c rst  geom svd  vmt  1647  1101K 1496      33K   783 5.84    5.75     5570  2791   44K   111 23.84   23.80  
c [distill] watch-based irred--  cl tried 10818    cl-sh 0     cl-rem 0    lit-rem 0      T: 0.02 T-out: N
c [distill] watch-based red  --  cl tried 11140    cl-sh 17    cl-rem 0    lit-rem 31     T: 0.01 T-out: N
c rst  geom best vmt  1648  1109K 1496      33K   783 5.84    5.75     5571  2835   51K   111 26.07   26.02  
c [branch] adjusting to: vsid (from: vmtf) var_decay:0.95 descr: VSIDS
c [distill-long-red0] cls tried: 134/134 T: 0.02 T-out: N T-r: 99.68%
c [distill-long-red1] cls tried: 23/2466 T: 0.01 T-out: Y T-r: -4.45%
c [full-probe]  bin_only: 1 set: 0 repl: 0 T: 0.01 T-out: N T-r: 99.74%
c [gauss] XOR-encoding clauses are not detached, so no need to reattach them.
c [g 0] truth-find prop checks  : 3012K
c [g 0] -> of which prop        : 35.18 %
c [g 0] -> of which confl       :  1.32 %
c [g 0] elim called             : 225K
c [g 0] ---> which lead to prop : 39.63 %
c [g 0] ---> which lead to confl:  0.71 %
c [g 0] size: 81    x 536  
c [scc] new: 0 BP 0M T: 0.00
c [vrep] vars 0 lits 0 rem-bin-cls 0 rem-long-cls 0 BP 0M T: 0.00
c [intree] Set 0 vars hyper-added: 0 trans-irred: 0 trans-red: 0 T: 0.00 T-out: N T-r: -0.87%
c [find&init matx] performing matrix init
c [gauss] XOR-encoding clauses are not detached, so no need to reattach them.
c [xor-rem-unconnected] left with 901 xors from 901 non-empty xors T: 0.00
c [xor-together] xored together: 820 orig xors: 901 new xors: 81 T: 0.00
c [xor-rem-unconnected] left with 81 xors from 81 non-empty xors T: 0.00
c [xor-clean-equiv] removed equivalent xors: 0 left with: 81
c [matrix] unused xors from cleaning: 0
c [matrix] Good   matrix 0 81      x536    density:0.0852  xorlen avg: 45.67
c [matrix] Using 1 matrices recovered from 0 xors T: 0.00 T-out: N
c rst  geom best vs   1649  1109K 1496      33K   783 5.84    5.75     5571  2836   51K   111 26.08   26.03  
c rst  geom best vs   1650  1109K 1496      33K   783 5.84    5.75     5571  2836   51K   111 26.09   26.05  
c rst  geom best vs   1651  1109K 1496      33K   783 5.84    5.75     5571  2836   52K   111 26.11   26.06  
c rst  geom best vs   1652  1109K 1496      33K   783 5.84    5.75     5571  2836   52K   111 26.13   26.08  
c rst  geom best vs   1653  1109K 1496      33K   783 5.84    5.75     5571  2836   52K   111 26.14   26.09  
c rst  geom best vs   1654  1109K 1496      33K   783 5.84    5.75     5571  2836   52K   111 26.21   26.17  
c rst  geom best vs   1655  1110K 1496      33K   783 5.84    5.75     5620  2665   38K   111 28.67   28.61  
c rst  geom best vs   1656  1110K 1496      33K   783 5.84    5.75     5620  2666   38K   111 28.70   28.63  
c rst  geom best vs   1657  1110K 1496      33K   783 5.84    5.75     5620  2666   38K   111 28.81   28.75  
c rst  geom best vs   1658  1110K 1496      33K   783 5.84    5.75     5620  2666   39K   111 28.84   28.77  
c rst  geom best vs   1659  1111K 1496      33K   783 5.84    5.75     5620  2669   39K   111 28.88   28.82  
c rst  geom best vs   1660  1111K 1496      33K   783 5.84    5.75     5620  2669   39K   111 28.92   28.86  
c rst  geom best vs   1661  1111K 1496      33K   783 5.84    5.75     5620  2672   39K   111 29.03   28.96  
c rst  geom best vs   1662  1112K 1496      33K   783 5.84    5.75     5620  2676   40K   111 29.04   28.97  
c rst  geom best vs   1663  1112K 1496      33K   783 5.84    5.75     5620  2677   40K   111 29.15   29.09  
c rst  geom best vs   1664  1112K 1496      33K   783 5.84    5.75     5620  2681   41K   111 29.21   29.15  
c rst  geom best vs   1665  1113K 1496      33K   783 5.84    5.75     5620  2681   41K   111 29.29   29.22  
c rst  geom best vs   1666  1113K 1496      33K   783 5.84    5.75     5620  2681   42K   111 29.37   29.31  
c rst  geom best vs   1667  1114K 1496      33K   783 5.84    5.75     5620  2681   42K   111 29.39   29.33  
c rst  geom best vs   1668  1115K 1496      33K   783 5.84    5.75     5620  2681   43K   111 29.47   29.41  
c rst  geom best vs   1669  1115K 1496      33K   783 5.84    5.75     5620  2684   44K   111 29.67   29.61  
c [distill-bin] useful: 0/783/783 lits-rem: 0 cl-rem: 0 0-depth-assigns: 0 T: 0.01 T-out: N
c rst  geom best vs   1670  1116K 1496      33K   783 5.84    5.75     5620  2688   45K   111 29.72   29.66  
c rst  geom best vs   1671  1117K 1496      33K   783 5.84    5.75     5620  2690   45K   111 29.86   29.80  
c rst  geom best vs   1672  1118K 1496      33K   783 5.84    5.75     5621  2694   46K   111 30.18   30.12  
c rst  geom stb  vs   1673  1119K 1496      33K   783 5.84    5.75     5621  2703   47K   111 30.24   30.18  
c rst  geom stb  vs   1674  1120K 1496      33K   783 5.84    5.75     5646  2386   49K   111 30.50   30.44  
c rst  geom stb  vs   1675  1122K 1496      33K   783 5.84    5.75     5646  2392   50K   111 30.82   30.77  
c rst  geom stb  vs   1676  1123K 1496      33K   783 5.84    5.75     5646  2395   52K   111 31.05   31.00  
c rst  geom stb  vs   1677  1125K 1496      33K   783 5.84    5.75     5646  2396   53K   111 31.29   31.23  
c [distill-long-red0] cls tried: 72/72 T: 0.00 T-out: N T-r: 99.85%
c [distill-long-red1] cls tried: 27/2177 T: 0.02 T-out: Y T-r: -3.72%
c rst  geom stb  vs   1678  1126K 1496      33K   783 5.84    5.75     5653  2494   40K   111 35.07   34.99  
c rst  geom stb  vs   1679  1128K 1496      33K   783 5.84    5.75     5653  2499   42K   111 35.30   35.23  
c [distill] watch-based irred--  cl tried 10818    cl-sh 0     cl-rem 0    lit-rem 0      T: 0.00 T-out: N
c [distill] watch-based red  --  cl tried 11306    cl-sh 3     cl-rem 0    lit-rem 4      T: 0.01 T-out: N
c [ccnr] saving best assignment phase to stable_polar
c [ccnr] bumping based on clause weights
c [ccnr] Bumped vars: 102 bump type: 6
c [ccnr] time: 0.28
c rst  geom stb  vs   1680  1130K 1496      33K   783 5.84    5.75     5673  2350   44K   111 35.98   35.91  
c [full-probe]  bin_only: 0 set: 0 repl: 0 T: 0.01 T-out: N T-r: 97.76%
c rst  geom stb  vs   1681  1132K 1496      33K   783 5.84    5.75     5674  2363   46K   111 36.39   36.32  
c rst  geom stb  vs   1682  1135K 1496      33K   783 5.84    5.75     5674  2365   49K   111 37.13   37.06  
c rst  geom ibes vs   1683  1138K 1496      33K   783 5.84    5.75     5674  2372   52K   111 36.75   36.69  
c [distill-bin] useful: 0/783/783 lits-rem: 0 cl-rem: 0 0-depth-assigns: 0 T: 0.01 T-out: N
c rst  geom ibes vs   1684  1141K 1496      33K   783 5.84    5.75     5706  2117   39K   111 35.36   35.29  
c [distill-long-red0] cls tried: 61/61 T: 0.01 T-out: N T-r: 99.87%
c [distill-long-red1] cls tried: 43/1921 T: 0.02 T-out: Y T-r: -1.34%
c [impl-str] lit bin: 0 set-var: 0 T: 0.00 T-out: N T-r: 99.97% w-visit: 2998
c [impl-sub] bin: 0 T: 0.00 T-out: N w-visit: 2998
c rst  geom ibes vs   1685  1144K 1496      33K   783 5.84    5.75     5707  2130   42K   111 35.00   34.93  
c rst  geom ibes vs   1686  1148K 1496      33K   783 5.84    5.75     5708  2136   46K   111 35.22   35.15  
c rst  geom ibes vs   1687  1152K 1496      33K   783 5.84    5.75     5738  1425   51K   111 35.44   35.38  
c [full-probe]  bin_only: 1 set: 0 repl: 0 T: 0.00 T-out: N T-r: 99.80%
c rst  geom svd  vs   1688  1156K 1496      33K   783 5.84    5.75     5747  1606   41K   111 35.03   34.96  
c [distill-long-red0] cls tried: 36/36 T: 0.00 T-out: N T-r: 99.92%
c [distill-long-red1] cls tried: 76/1404 T: 0.01 T-out: Y T-r: -2.00%
c [distill] watch-based irred--  cl tried 10818    cl-sh 0     cl-rem 0    lit-rem 0      T: 0.00 T-out: N
c [distill] watch-based red  --  cl tried 11494    cl-sh 11    cl-rem 0    lit-rem 15     T: 0.01 T-out: N
c rst  geom svd  vs   1689  1161K 1496      33K   783 5.84    5.75     5764  1058   46K   111 36.69   36.62  
c [distill-bin] useful: 0/783/783 lits-rem: 0 cl-rem: 0 0-depth-assigns: 0 T: 0.01 T-out: N
c rst  geom svd  vs   1690  1166K 1496      33K   783 5.84    5.75     5765  1073   51K   111 37.18   37.12  
c rst  geom svd  vs   1691  1172K 1496      33K   783 5.84    5.75     5794  1191   41K   111 36.10   36.02  
c [distill-long-red0] cls tried: 53/53 T: 0.01 T-out: N T-r: 99.89%
c [distill-long-red1] cls tried: 70/1001 T: 0.01 T-out: Y T-r: -3.79%
c [full-probe]  bin_only: 0 set: 0 repl: 0 T: 0.01 T-out: N T-r: 98.06%
c rst  geom best vs   1692  1178K 1496      33K   783 5.84    5.75     5794  1224   48K   111 36.17   36.10  
c [gauss] XOR-encoding clauses are not detached, so no need to reattach them.
c [g 0] truth-find prop checks  : 2382K
c [g 0] -> of which prop        : 58.81 %
c [g 0] -> of which confl       :  1.31 %
c [g 0] elim called             : 126K
c [g 0] ---> which lead to prop : 85.87 %
c [g 0] ---> which lead to confl:  3.30 %
c [g 0] size: 81    x 536  
c [scc] new: 0 BP 0M T: 0.00
c [vrep] vars 0 lits 0 rem-bin-cls 0 rem-long-cls 0 BP 0M T: 0.00
c [intree] Set 0 vars hyper-added: 0 trans-irred: 0 trans-red: 0 T: 0.01 T-out: N T-r: -0.88%
c [find&init matx] performing matrix init
c [gauss] XOR-encoding clauses are not detached, so no need to reattach them.
c [xor-rem-unconnected] left with 901 xors from 901 non-empty xors T: 0.00
c [xor-together] xored together: 820 orig xors: 901 new xors: 81 T: 0.00
c [xor-rem-unconnected] left with 81 xors from 81 non-empty xors T: 0.00
c [xor-clean-equiv] removed equivalent xors: 0 left with: 81
c [matrix] unused xors from cleaning: 0
c [matrix] Good   matrix 0 81      x536    density:0.0852  xorlen avg: 45.67
c [matrix] Using 1 matrices recovered from 0 xors T: 0.00 T-out: N
c [ccnr] saving best assignment phase to stable_polar
c [ccnr] bumping based on var unsat frequency: conflict_ct
c [ccnr] Bumped vars: 1499 bump type: 6
c [ccnr] time: 0.28
c rst  geom best vs   1693  1185K 1496      33K   783 5.84    5.75     5823  1284   39K   111 35.88   35.80  
c [distill-bin] useful: 0/783/783 lits-rem: 0 cl-rem: 0 0-depth-assigns: 0 T: 0.01 T-out: N
c [distill] watch-based irred--  cl tried 10818    cl-sh 0     cl-rem 0    lit-rem 0      T: 0.01 T-out: N
c [distill] watch-based red  --  cl tried 11646    cl-sh 6     cl-rem 0    lit-rem 8      T: 0.01 T-out: N
c rst  geom best vs   1694  1193K 1496      33K   783 5.84    5.75     5843  1224   47K   111 36.66   36.59  
c [distill-long-red0] cls tried: 50/50 T: 0.00 T-out: N T-r: 99.89%
c [distill-long-red1] cls tried: 59/982 T: 0.01 T-out: Y T-r: -2.69%
c [full-probe]  bin_only: 1 set: 0 repl: 0 T: 0.00 T-out: N T-r: 99.85%
c rst  geom stb  vs   1695  1202K 1496      33K   783 5.84    5.75     5857  1220   40K   111 35.95   35.87  
c [impl-str] lit bin: 0 set-var: 0 T: 0.00 T-out: N T-r: 99.97% w-visit: 2998
c [impl-sub] bin: 0 T: 0.00 T-out: N w-visit: 2998
c rst  geom stb  vs   1696  1211K 1496      33K   783 5.84    5.75     5863  1200   50K   111 37.11   37.04  
c [distill-long-red0] cls tried: 18/18 T: 0.00 T-out: N T-r: 99.94%
c [distill-long-red1] cls tried: 73/914 T: 0.02 T-out: Y T-r: -1.28%
c [distill-bin] useful: 0/783/783 lits-rem: 0 cl-rem: 0 0-depth-assigns: 0 T: 0.01 T-out: N
c [distill] watch-based irred--  cl tried 10818    cl-sh 0     cl-rem 0    lit-rem 0      T: 0.00 T-out: N
c [distill] watch-based red  --  cl tried 11726    cl-sh 4     cl-rem 0    lit-rem 4      T: 0.01 T-out: N
c rst  geom ibes vs   1697  1221K 1496      33K   783 5.84    5.75     5880  1186   45K   111 36.10   36.03  
c [full-probe]  bin_only: 0 set: 0 repl: 0 T: 0.01 T-out: N T-r: 97.02%
c rst  geom ibes vs   1698  1233K 1496      33K   783 5.84    5.75     5897  1160   42K   111 34.75   34.67  
c [branch] adjusting to: vmtf (from: vsid) var_decay:0.95 descr: VMTF
c [distill-long-red0] cls tried: 38/38 T: 0.00 T-out: N T-r: 99.89%
c [distill-long-red1] cls tried: 69/888 T: 0.01 T-out: Y T-r: -1.55%
c [distill-bin] useful: 0/783/783 lits-rem: 0 cl-rem: 0 0-depth-assigns: 0 T: 0.01 T-out: N
c [ccnr] saving best assignment phase to stable_polar
c [ccnr] bumping based on var unsat frequency: conflict_ct
c [ccnr] Bumped vars: 1499 bump type: 6
c [ccnr] time: 0.28
c rst  luby svd  vmt  1699  1233K 1496      33K   783 5.84    5.75     5897  1164   42K   111 34.74   34.67  
c rst  luby svd  vmt  1700  1233K 1496      33K   783 5.84    5.75     5897  1166   42K   111 34.76   34.69  
c rst  luby svd  vmt  1701  1233K 1496      33K   783 5.84    5.75     5897  1166   42K   111 34.79   34.72  
c rst  luby svd  vmt  1702  1233K 1496      33K   783 5.84    5.75     5897  1166   42K   111 34.80   34.73  
c rst  luby svd  vmt  1703  1233K 1496      33K   783 5.84    5.75     5897  1167   42K   111 34.82   34.75  
c rst  luby svd  vmt  1704  1234K 1496      33K   783 5.84    5.75     5897  1167   42K   111 34.86   34.78  
c rst  luby svd  vmt  1705  1234K 1496      33K   783 5.84    5.75     5897  1169   43K   111 34.94   34.87  
c rst  luby svd  vmt  1706  1234K 1496      33K   783 5.84    5.75     5897  1169   43K   111 34.97   34.90  
c rst  luby svd  vmt  1707  1234K 1496      33K   783 5.84    5.75     5897  1169   43K   111 34.98   34.91  
c rst  luby svd  vmt  1708  1234K 1496      33K   783 5.84    5.75     5897  1170   43K   111 35.02   34.95  
c rst  luby svd  vmt  1709  1234K 1496      33K   783 5.84    5.75     5897  1170   43K   111 35.01   34.94  
c rst  luby svd  vmt  1710  1235K 1496      33K   783 5.84    5.75     5897  1170   43K   111 35.02   34.95  
c rst  luby svd  vmt  1711  1235K 1496      33K   783 5.84    5.75     5897  1172   44K   111 35.04   34.97  
c rst  luby svd  vmt  1712  1235K 1496      33K   783 5.84    5.75     5897  1173   44K   111 35.09   35.02  
c rst  luby svd  vmt  1713  1236K 1496      33K   783 5.84    5.75     5897  1178   45K   111 35.20   35.13  
c rst  luby svd  vmt  1714  1236K 1496      33K   783 5.84    5.75     5897  1178   45K   111 35.23   35.16  
c [distill] watch-based irred--  cl tried 10818    cl-sh 0     cl-rem 0    lit-rem 0      T: 0.01 T-out: N
c [distill] watch-based red  --  cl tried 11794    cl-sh 1     cl-rem 0    lit-rem 2      T: 0.01 T-out: N
c rst  luby svd  vmt  1715  1236K 1496      33K   783 5.84    5.75     5897  1179   45K   111 35.22   35.15  
c rst  luby svd  vmt  1716  1236K 1496      33K   783 5.84    5.75     5897  1179   45K   111 35.27   35.20  
c rst  luby svd  vmt  1717  1236K 1496      33K   783 5.84    5.75     5897  1180   45K   111 35.28   35.21  
c rst  luby svd  vmt  1718  1237K 1496      33K   783 5.84    5.75     5897  1180   45K   111 35.28   35.21  
c rst  luby svd  vmt  1719  1237K 1496      33K   783 5.84    5.75     5897  1180   46K   111 35.34   35.27  
c rst  luby svd  vmt  1720  1237K 1496      33K   783 5.84    5.75     5897  1180   46K   111 35.34   35.27  
c rst  luby svd  vmt  1721  1237K 1496      33K   783 5.84    5.75     5897  1180   46K   111 35.36   35.29  
c rst  luby svd  vmt  1722  1237K 1496      33K   783 5.84    5.75     5897  1180   46K   111 35.37   35.30  
c rst  luby svd  vmt  1723  1238K 1496      33K   783 5.84    5.75     5898  1182   46K   111 35.41   35.34  
c rst  luby svd  vmt  1724  1238K 1496      33K   783 5.84    5.75     5898  1182   46K   111 35.44   35.37  
c rst  luby svd  vmt  1725  1238K 1496      33K   783 5.84    5.75     5898  1182   47K   111 35.47   35.40  
c rst  luby svd  vmt  1726  1238K 1496      33K   783 5.84    5.75     5898  1186   47K   111 35.49   35.43  
c rst  luby svd  vmt  1727  1238K 1496      33K   783 5.84    5.75     5898  1188   47K   111 35.64   35.57  
c rst  luby svd  vmt  1728  1239K 1496      33K   783 5.84    5.75     5898  1196   48K   111 35.77   35.71  
c rst  luby svd  vmt  1729  1241K 1496      33K   783 5.84    5.75     5929  1068   50K   111 35.86   35.79  
c rst  luby svd  vmt  1730  1241K 1496      33K   783 5.84    5.75     5929  1068   50K   111 35.86   35.80  
c rst  luby svd  vmt  1731  1241K 1496      33K   783 5.84    5.75     5929  1068   50K   111 35.87   35.81  
c rst  luby svd  vmt  1732  1241K 1496      33K   783 5.84    5.75     5929  1069   50K   111 35.90   35.83  
c rst  luby svd  vmt  1733  1241K 1496      33K   783 5.84    5.75     5929  1069   50K   111 35.91   35.85  
c rst  luby svd  vmt  1734  1241K 1496      33K   783 5.84    5.75     5929  1071   50K   111 35.95   35.88  
c [full-probe]  bin_only: 1 set: 0 repl: 0 T: 0.01 T-out: N T-r: 99.70%
c rst  luby svd  vmt  1735  1242K 1496      33K   783 5.84    5.75     5929  1072   50K   111 35.99   35.92  
c rst  luby svd  vmt  1736  1242K 1496      33K   783 5.84    5.75     5929  1073   51K   111 36.07   36.01  
c rst  luby svd  vmt  1737  1242K 1496      33K   783 5.84    5.75     5929  1073   51K   111 36.09   36.02  
c rst  luby svd  vmt  1738  1242K 1496      33K   783 5.84    5.75     5929  1073   51K   111 36.12   36.05  
c rst  luby svd  vmt  1739  1242K 1496      33K   783 5.84    5.75     5929  1074   51K   111 36.15   36.09  
c rst  luby svd  vmt  1740  1243K 1496      33K   783 5.84    5.75     5929  1074   51K   111 36.16   36.10  
c rst  luby svd  vmt  1741  1243K 1496      33K   783 5.84    5.75     5929  1075   51K   111 36.18   36.11  
c rst  luby svd  vmt  1742  1243K 1496      33K   783 5.84    5.75     5929  1077   52K   111 36.21   36.14  
c rst  luby svd  vmt  1743  1243K 1496      33K   783 5.84    5.75     5929  1083   52K   111 36.26   36.19  
c rst  luby svd  vmt  1744  1244K 1496      33K   783 5.84    5.75     5930  1095   53K   111 36.47   36.41  
c [gauss] XOR-encoding clauses are not detached, so no need to reattach them.
c [g 0] truth-find prop checks  : 2216K
c [g 0] -> of which prop        : 55.63 %
c [g 0] -> of which confl       :  1.24 %
c [g 0] elim called             : 127K
c [g 0] ---> which lead to prop : 80.81 %
c [g 0] ---> which lead to confl:  2.77 %
c [g 0] size: 81    x 536  
c [scc] new: 0 BP 0M T: 0.00
c [vrep] vars 0 lits 0 rem-bin-cls 0 rem-long-cls 0 BP 0M T: 0.01
c [intree] Set 0 vars hyper-added: 0 trans-irred: 0 trans-red: 0 T: 0.01 T-out: N T-r: -0.66%
c [find&init matx] performing matrix init
c [gauss] XOR-encoding clauses are not detached, so no need to reattach them.
c [xor-rem-unconnected] left with 901 xors from 901 non-empty xors T: 0.00
c [xor-together] xored together: 820 orig xors: 901 new xors: 81 T: 0.00
c [xor-rem-unconnected] left with 81 xors from 81 non-empty xors T: 0.00
c [xor-clean-equiv] removed equivalent xors: 0 left with: 81
c [matrix] unused xors from cleaning: 0
c [matrix] Good   matrix 0 81      x536    density:0.0852  xorlen avg: 45.67
c [matrix] Using 1 matrices recovered from 0 xors T: 0.00 T-out: N
c rst  luby svd  vmt  1745  1244K 1496      33K   783 5.84    5.75     5930  1101   53K   111 36.49   36.42  
c rst  luby svd  vmt  1746  1244K 1496      33K   783 5.84    5.75     5930  1103   53K   111 36.49   36.43  
c rst  luby svd  vmt  1747  1244K 1496      33K   783 5.84    5.75     5930  1104   53K   111 36.51   36.45  
c rst  luby svd  vmt  1748  1245K 1496      33K   783 5.84    5.75     5930  1104   53K   111 36.52   36.46  
c rst  luby svd  vmt  1749  1245K 1496      33K   783 5.84    5.75     5935  1274   37K   111 34.09   34.01  
c rst  luby svd  vmt  1750  1245K 1496      33K   783 5.84    5.75     5935  1275   37K   111 34.09   34.01  
c rst  luby svd  vmt  1751  1245K 1496      33K   783 5.84    5.75     5936  1283   38K   111 34.16   34.08  
c rst  luby svd  vmt  1752  1245K 1496      33K   783 5.84    5.75     5936  1283   38K   111 34.19   34.11  
c rst  luby svd  vmt  1753  1245K 1496      33K   783 5.84    5.75     5936  1284   38K   111 34.22   34.14  
c rst  luby svd  vmt  1754  1246K 1496      33K   783 5.84    5.75     5936  1286   38K   111 34.24   34.16  
c rst  luby svd  vmt  1755  1246K 1496      33K   783 5.84    5.75     5936  1287   38K   111 34.24   34.16  
c rst  luby svd  vmt  1756  1246K 1496      33K   783 5.84    5.75     5936  1287   38K   111 34.24   34.16  
c rst  luby svd  vmt  1757  1246K 1496      33K   783 5.84    5.75     5936  1287   39K   111 34.30   34.22  
c rst  luby svd  vmt  1758  1246K 1496      33K   783 5.84    5.75     5936  1287   39K   111 34.32   34.25  
c rst  luby svd  vmt  1759  1247K 1496      33K   783 5.84    5.75     5936  1292   40K   111 34.32   34.25  
c rst  luby svd  vmt  1760  1249K 1496      33K   783 5.84    5.75     5936  1293   41K   111 34.38   34.31  
c [distill-long-red0] cls tried: 39/39 T: 0.00 T-out: N T-r: 99.91%
c [distill-long-red1] cls tried: 69/980 T: 0.02 T-out: Y T-r: -2.32%
c rst  luby svd  vmt  1761  1252K 1496      33K   783 5.84    5.75     5980  1187   45K   111 34.23   34.17  
c rst  geom best vmt  1762  1252K 1496      33K   783 5.84    5.75     5980  1187   45K   111 34.26   34.19  
c rst  geom best vmt  1763  1252K 1496      33K   783 5.84    5.75     5980  1187   45K   111 34.26   34.20  
c rst  geom best vmt  1764  1252K 1496      33K   783 5.84    5.75     5980  1189   45K   111 34.28   34.21  
c rst  geom best vmt  1765  1253K 1496      33K   783 5.84    5.75     5980  1189   45K   111 34.33   34.26  
c rst  geom best vmt  1766  1253K 1496      33K   783 5.84    5.75     5980  1190   45K   111 34.35   34.28  
c rst  geom best vmt  1767  1253K 1496      33K   783 5.84    5.75     5980  1190   45K   111 34.37   34.30  
c [distill-bin] useful: 0/783/783 lits-rem: 0 cl-rem: 0 0-depth-assigns: 0 T: 0.01 T-out: N
c rst  geom best vmt  1768  1253K 1496      33K   783 5.84    5.75     5980  1190   46K   111 34.38   34.32  
c rst  geom best vmt  1769  1253K 1496      33K   783 5.84    5.75     5980  1190   46K   111 34.40   34.34  
c rst  geom best vmt  1770  1254K 1496      33K   783 5.84    5.75     5980  1193   46K   111 34.49   34.42  
c rst  geom best vmt  1771  1254K 1496      33K   783 5.84    5.75     5980  1193   46K   111 34.54   34.47  
c rst  geom best vmt  1772  1254K 1496      33K   783 5.84    5.75     5980  1196   47K   111 34.55   34.48  
c rst  geom best vmt  1773  1254K 1496      33K   783 5.84    5.75     5980  1197   47K   111 34.58   34.51  
c rst  geom best vmt  1774  1255K 1496      33K   783 5.84    5.75     5980  1198   47K   111 34.64   34.57  
c rst  geom best vmt  1775  1255K 1496      33K   783 5.84    5.75     5980  1200   48K   111 34.65   34.59  
c rst  geom best vmt  1776  1256K 1496      33K   783 5.84    5.75     5980  1200   48K   111 34.63   34.57  
c rst  geom best vmt  1777  1256K 1496      33K   783 5.84    5.75     5980  1200   49K   111 34.58   34.51  
c rst  geom best vmt  1778  1256K 1496      33K   783 5.84    5.75     5980  1203   49K   111 34.67   34.61  
c rst  geom best vmt  1779  1257K 1496      33K   783 5.84    5.75     5980  1203   50K   111 34.69   34.63  
c rst  geom best vmt  1780  1258K 1496      33K   783 5.84    5.75     5980  1205   50K   111 34.69   34.63  
c rst  geom best vmt  1781  1258K 1496      33K   783 5.84    5.75     5980  1206   51K   111 34.73   34.67  
c rst  geom best vmt  1782  1259K 1496      33K   783 5.84    5.75     5980  1207   52K   111 34.83   34.77  
c rst  geom best vmt  1783  1260K 1496      33K   783 5.84    5.75     6008  1321   38K   111 33.49   33.41  
c rst  geom best vmt  1784  1261K 1496      33K   783 5.84    5.75     6008  1330   38K   111 33.57   33.50  
c rst  geom best vmt  1785  1262K 1496      33K   783 5.84    5.75     6008  1331   39K   111 33.76   33.69  
c [full-probe]  bin_only: 0 set: 0 repl: 0 T: 0.01 T-out: N T-r: 97.89%
c [distill] watch-based irred--  cl tried 10818    cl-sh 0     cl-rem 0    lit-rem 0      T: 0.00 T-out: N
c [distill] watch-based red  --  cl tried 12016    cl-sh 13    cl-rem 0    lit-rem 24     T: 0.01 T-out: N
c rst  geom best vmt  1786  1263K 1496      33K   783 5.84    5.75     6008  1342   41K   111 33.81   33.74  
c [impl-str] lit bin: 0 set-var: 0 T: 0.00 T-out: N T-r: 99.97% w-visit: 2998
c [impl-sub] bin: 0 T: 0.00 T-out: N w-visit: 2998
c rst  geom best vmt  1787  1264K 1496      33K   783 5.84    5.75     6009  1348   42K   111 33.97   33.90  
c rst  geom best vmt  1788  1265K 1496      33K   783 5.84    5.75     6009  1355   43K   111 34.00   33.93  
c [distill-long-red0] cls tried: 72/72 T: 0.00 T-out: N T-r: 99.86%
c [distill-long-red1] cls tried: 70/1016 T: 0.02 T-out: Y T-r: -2.14%
c rst  geom best vmt  1789  1266K 1496      33K   783 5.84    5.75     6009  1364   44K   111 34.22   34.16  
c rst  geom best vmt  1790  1268K 1496      33K   783 5.84    5.75     6009  1372   46K   111 34.36   34.29  
c rst  geom best vmt  1791  1270K 1496      33K   783 5.84    5.75     6045  1329   48K   111 34.47   34.41  
c rst  geom stb  vmt  1792  1272K 1496      33K   783 5.84    5.75     6045  1329   49K   111 34.47   34.41  
c rst  geom stb  vmt  1793  1274K 1496      33K   783 5.84    5.75     6045  1341   51K   111 34.42   34.36  
c [distill-bin] useful: 0/783/783 lits-rem: 0 cl-rem: 0 0-depth-assigns: 0 T: 0.01 T-out: N
c rst  geom stb  vmt  1794  1276K 1496      33K   783 5.84    5.75     6053  1525   39K   111 33.66   33.59  
c rst  geom stb  vmt  1795  1278K 1496      33K   783 5.84    5.75     6053  1531   41K   111 33.72   33.65  
c [ccnr] saving best assignment phase to stable_polar
c [ccnr] bumping based on clause weights
c [ccnr] Bumped vars: 102 bump type: 6
c [ccnr] time: 0.28
c rst  geom stb  vmt  1796  1281K 1496      33K   783 5.84    5.75     6092  1527   44K   111 33.30   33.23  
c [distill-long-red0] cls tried: 78/78 T: 0.00 T-out: N T-r: 99.85%
c [distill-long-red1] cls tried: 87/1137 T: 0.02 T-out: Y T-r: -0.62%
c rst  geom stb  vmt  1797  1284K 1496      33K   783 5.84    5.75     6093  1545   47K   111 32.47   32.41  
c [full-probe]  bin_only: 1 set: 0 repl: 0 T: 0.00 T-out: N T-r: 99.78%
c rst  geom stb  vmt  1798  1287K 1496      33K   783 5.84    5.75     6096  1594   50K   111 31.55   31.50  
c [distill] watch-based irred--  cl tried 10818    cl-sh 0     cl-rem 0    lit-rem 0      T: 0.01 T-out: N
c [distill] watch-based red  --  cl tried 12192    cl-sh 11    cl-rem 0    lit-rem 13     T: 0.01 T-out: N
c rst  geom stb  vmt  1799  1291K 1496      33K   783 5.84    5.75     6211  1784   39K   111 27.89   27.83  
c rst  geom ibes vmt  1800  1295K 1496      33K   783 5.84    5.75     6211  1813   43K   111 27.06   27.01  
c [distill-bin] useful: 0/783/783 lits-rem: 0 cl-rem: 0 0-depth-assigns: 0 T: 0.01 T-out: N
c rst  geom ibes vmt  1801  1299K 1496      33K   783 5.84    5.75     6213  1863   47K   111 26.53   26.48  
c [distill-long-red0] cls tried: 112/112 T: 0.01 T-out: N T-r: 99.76%
c [distill-long-red1] cls tried: 37/1414 T: 0.02 T-out: Y T-r: -3.27%
c rst  geom ibes vmt  1802  1304K 1496      33K   783 5.84    5.75     6285  1774   52K   111 25.42   25.38  
c [full-probe]  bin_only: 0 set: 0 repl: 0 T: 0.01 T-out: N T-r: 98.18%
c rst  geom ibes vmt  1803  1310K 1496      33K   783 5.84    5.75     6310  2247   42K   111 20.64   20.60  
c [gauss] XOR-encoding clauses are not detached, so no need to reattach them.
c [g 0] truth-find prop checks  : 2862K
c [g 0] -> of which prop        : 39.53 %
c [g 0] -> of which confl       :  1.28 %
c [g 0] elim called             : 209K
c [g 0] ---> which lead to prop : 46.46 %
c [g 0] ---> which lead to confl:  1.02 %
c [g 0] size: 81    x 536  
c [scc] new: 0 BP 0M T: 0.00
c [vrep] vars 0 lits 0 rem-bin-cls 0 rem-long-cls 0 BP 0M T: 0.00
c [intree] Set 0 vars hyper-added: 0 trans-irred: 0 trans-red: 0 T: 0.01 T-out: N T-r: -0.99%
c [find&init matx] performing matrix init
c [gauss] XOR-encoding clauses are not detached, so no need to reattach them.
c [xor-rem-unconnected] left with 901 xors from 901 non-empty xors T: 0.00
c [xor-together] xored together: 820 orig xors: 901 new xors: 81 T: 0.00
c [xor-rem-unconnected] left with 81 xors from 81 non-empty xors T: 0.00
c [xor-clean-equiv] removed equivalent xors: 0 left with: 81
c [matrix] unused xors from cleaning: 0
c [matrix] Good   matrix 0 81      x536    density:0.0852  xorlen avg: 45.67
c [matrix] Using 1 matrices recovered from 0 xors T: 0.00 T-out: N
c rst  geom svd  vmt  1804  1314K 1496      33K   783 5.84    5.75     6357  2147   47K   111 20.21   20.18  
c recursive minimization cost OK: 2624Kcost/(% lits removed)
c [gauss] XOR-encoding clauses are not detached, so no need to reattach them.
c [g 0] truth-find prop checks  : 240K
c [g 0] -> of which prop        : 28.96 %
c [g 0] -> of which confl       :  1.36 %
c [g 0] elim called             : 20K
c [g 0] ---> which lead to prop : 24.54 %
c [g 0] ---> which lead to confl:  0.37 %
c [g 0] size: 81    x 536  
c --> Executing strategy token: scc-vrepl
c [scc] new: 0 BP 0M T: 0.00
c --> Executing strategy token: sub-impl
c [impl-sub] bin: 0 T: 0.00 T-out: N w-visit: 2998
c --> Executing strategy token: breakid
c --> Executing OCC strategy token(s): 'occ-backw-sub-str,occ-clean-implicit,occ-bve,occ-bva,occ-ternary-res,occ-xor,'
c [occ] mem usage for occur 3      MB
c [occ] Linked in IRRED BIN by default: 783
c [occ] Linked in RED   BIN by default: 111
c [occ] mem usage for occur 0      MB
c Mem for watch alloc      : 21          MB (31.12     %)
c Mem for watch array      : 0           MB (0.10      %)
c --> Executing OCC strategy token: occ-backw-sub-str
c [occ-backw-sub-str-long-w-bins] subs: 0 str: 30 tried: 11295 0-depth ass: 0 T: 0.00 T-out: N T-r: 99.22%
c [occ-backw-sub-long-w-long] rem cl: 61 tried: 88852/88852 (100.0%) T: 0.03 T-out: N T-r: 80.24%
c [occ-backw-sub-str-long-w-long] sub: 4 str: 41 tried: 266556/88852 (300.0)  T: 0.20 T-out: N T-r: 62.23%
c --> Executing OCC strategy token: occ-clean-implicit
c --> Executing OCC strategy token: occ-bve
c [occ-empty-res] Empty resolvent elimed: 0 T: 0.00 T-out: N
c [occ-bve] iter v-elim 0
c cl_inc_rate=1.0, var_dec_rate=1.0 (grow=0)
c Reduced to 1496 vars, 34110 cls (grow=0)
c [occ-bve] iter v-elim 0
c cl_inc_rate=1.0, var_dec_rate=1.0 (grow=8)
c Reduced to 1496 vars, 34110 cls (grow=8)
c [occ-bve] iter v-elim 0
c cl_inc_rate=1.0, var_dec_rate=1.0 (grow=16)
c Reduced to 1496 vars, 34110 cls (grow=16)
c x n vars       : 1496
c #try to eliminate:  4488
c #var-elim        :     0
c #T-o: N
c #T-r: 99.99%
c #T  : 0.24
c [occur] 0.02 is overhead
c [occur] link-in T: 0.02 cleanup T: 0.00
c --> Executing OCC strategy token: occ-bva
c --> Executing OCC strategy token: occ-ternary-res
c [occ-ternary-res] Ternary res-tri: 0 res-bin: 0 sub: 0 str: 0 T: 0.00 T-out: N T-r: 99.83%
c --> Executing OCC strategy token: occ-xor
c [occ-xor] sort occur list T: 0.00
c [xor-clean-equiv] removed equivalent xors: 0 left with: 888
c [occ-xor] found    888 avg sz 5.9 min sz  4 max sz  6 T: 0.01 T-out: N T-r: 99.98%
c --> Executing strategy token: card-find
c --> Executing strategy token: cl-consolidate
c Not consolidating memory.
c --> Executing strategy token: scc-vrepl
c [scc] new: 0 BP 0M T: 0.00
c --> Executing strategy token: renumber
c --> Executing strategy token: bosphorus
c --> Executing strategy token: louvain-comms
c [consolidate] mini T: 0.00
c global_timeout_multiplier: 5.8462
c [branch] rebuilding order heap for all branchings. Current branching: vmtf
c [find&init matx] performing matrix init
c [gauss] XOR-encoding clauses are not detached, so no need to reattach them.
c [xor-rem-unconnected] left with 888 xors from 888 non-empty xors T: 0.00
c [xor-together] xored together: 800 orig xors: 888 new xors: 88 T: 0.00
c [xor-rem-unconnected] left with 88 xors from 88 non-empty xors T: 0.00
c [xor-clean-equiv] removed equivalent xors: 0 left with: 88
c [matrix] unused xors from cleaning: 0
c [matrix] Good   matrix  0     88 x  551  density:0.0755  xorlen avg: 41.60
c [matrix] Using 1 matrices recovered from 0 xors T: 0.00 T-out: N
c [distill] watch-based irred--  cl tried    11632 cl-sh    29 cl-rem   16 lit-rem     29 T: 0.01 T-out: N
c [distill] watch-based   red--  cl tried    12714 cl-sh     4 cl-rem    0 lit-rem      7 T: 0.02 T-out: N
c rst  geom  svd  vmt  1805 1315K    1496   33K   784    5.83    5.75  6357  2421   48K   110   20.13   20.09
c [distill-long-red0] cls tried: 179/179 T: 0.02 T-out: N T-r: 99.24%
c [distill-long-red1] cls tried: 27/2008 T: 0.02 T-out: Y T-r: -6.39%
c [distill-bin] useful: 1/784/784 lits-rem: 0 cl-rem: 1 0-depth-assigns: 0 T: 0.00 T-out: N
c rst  geom  svd  vmt  1806 1322K    1496   33K   783    5.83    5.75  6462  2419   39K   110   15.58   15.55
c rst  geom  svd  vmt  1807 1329K    1496   33K   783    5.83    5.75  6462  2529   46K   110   16.41   16.39
c [full-probe]  bin_only: 1 set: 0 repl: 0 T: 0.01 T-out: N T-r: 99.78%
c [impl-str] lit bin: 0 set-var: 0 T: 0.00 T-out: N T-r: 99.97% w-visit: 2998
c [impl-sub] bin: 0 T: 0.00 T-out: N w-visit: 2998
c [ccnr] saving best assignment phase to stable_polar
c [ccnr] bumping based on var unsat frequency: conflict_ct
c [ccnr] Bumped vars: 1499 bump type: 6
c [ccnr] time: 0.29
c rst  geom best  vmt  1808 1337K    1496   33K   783    5.83    5.75  6666  2863   39K   110   20.52   20.48
c [distill-long-red0] cls tried: 293/293 T: 0.03 T-out: N T-r: 99.05%
c [distill-long-red1] cls tried: 28/2522 T: 0.02 T-out: Y T-r: -6.97%
c [distill-bin] useful: 0/783/783 lits-rem: 0 cl-rem: 0 0-depth-assigns: 0 T: 0.00 T-out: N
c rst  geom best  vmt  1809 1345K    1496   33K   783    5.83    5.75  6751  2476   48K   110   23.06   23.02
c [distill] watch-based irred--  cl tried    11616 cl-sh     0 cl-rem    0 lit-rem      0 T: 0.01 T-out: N
c [distill] watch-based   red--  cl tried    13502 cl-sh    26 cl-rem    0 lit-rem     36 T: 0.02 T-out: N
c rst  geom best  vmt  1810 1355K    1496   33K   783    5.83    5.75  6784  2418   43K   110   28.15   28.09
c [branch] adjusting to: vsid (from: vmtf) var_decay:0.95 descr: VSIDS
c [distill-long-red0] cls tried: 117/117 T: 0.01 T-out: N T-r: 99.83%
c [distill-long-red1] cls tried: 37/2201 T: 0.02 T-out: Y T-r: -3.65%
c [full-probe]  bin_only: 0 set: 0 repl: 0 T: 0.01 T-out: N T-r: 98.38%
c rst  geom  stb   vs  1811 1355K    1496   33K   783    5.83    5.75  6784  2418   43K   110   28.19   28.13
c rst  geom  stb   vs  1812 1355K    1496   33K   783    5.83    5.75  6784  2418   43K   110   28.20   28.14
c rst  geom  stb   vs  1813 1355K    1496   33K   783    5.83    5.75  6784  2418   43K   110   28.22   28.16
c rst  geom  stb   vs  1814 1355K    1496   33K   783    5.83    5.75  6784  2419   44K   110   28.24   28.19
c rst  geom  stb   vs  1815 1355K    1496   33K   783    5.83    5.75  6784  2419   44K   110   28.28   28.22
c rst  geom  stb   vs  1816 1355K    1496   33K   783    5.83    5.75  6784  2420   44K   110   28.29   28.24
c rst  geom  stb   vs  1817 1356K    1496   33K   783    5.83    5.75  6784  2420   44K   110   28.33   28.28
c rst  geom  stb   vs  1818 1356K    1496   33K   783    5.83    5.75  6784  2420   44K   110   28.35   28.30
c rst  geom  stb   vs  1819 1356K    1496   33K   783    5.83    5.75  6784  2420   45K   110   28.38   28.33
c rst  geom  stb   vs  1820 1356K    1496   33K   783    5.83    5.75  6784  2420   45K   110   28.45   28.40
c rst  geom  stb   vs  1821 1357K    1496   33K   783    5.83    5.75  6784  2420   45K   110   28.48   28.42
c rst  geom  stb   vs  1822 1357K    1496   33K   783    5.83    5.75  6784  2421   45K   110   28.54   28.49
c [distill-bin] useful: 0/783/783 lits-rem: 0 cl-rem: 0 0-depth-assigns: 0 T: 0.00 T-out: N
c rst  geom  stb   vs  1823 1357K    1496   33K   783    5.83    5.75  6784  2422   46K   110   28.62   28.57
c rst  geom  stb   vs  1824 1358K    1496   33K   783    5.83    5.75  6784  2423   46K   110   28.68   28.62
c rst  geom  stb   vs  1825 1358K    1496   33K   783    5.83    5.75  6784  2425   47K   110   28.71   28.66
c rst  geom  stb   vs  1826 1358K    1496   33K   783    5.83    5.75  6784  2425   47K   110   28.79   28.74
c rst  geom  stb   vs  1827 1359K    1496   33K   783    5.83    5.75  6784  2426   47K   110   28.86   28.81
c rst  geom  stb   vs  1828 1360K    1496   33K   783    5.83    5.75  6784  2427   48K   110   28.90   28.85
c rst  geom  stb   vs  1829 1360K    1496   33K   783    5.83    5.75  6808  2306   49K   110   28.99   28.94
c rst  geom  stb   vs  1830 1361K    1496   33K   783    5.83    5.75  6808  2308   49K   110   29.06   29.01
c rst  geom  stb   vs  1831 1361K    1496   33K   783    5.83    5.75  6809  2311   50K   110   29.16   29.11
c rst  geom  stb   vs  1832 1362K    1496   33K   783    5.83    5.75  6809  2311   51K   110   29.30   29.25
c rst  geom  stb   vs  1833 1363K    1496   33K   783    5.83    5.75  6809  2311   52K   110   29.42   29.37
c rst  geom  stb   vs  1834 1364K    1496   33K   783    5.83    5.75  6809  2312   53K   110   29.55   29.50
c rst  geom  stb   vs  1835 1365K    1496   33K   783    5.83    5.75  6819  2458   39K   110   33.09   33.02
c rst  geom  stb   vs  1836 1366K    1496   33K   783    5.83    5.75  6819  2465   40K   110   33.35   33.28
c rst  geom  stb   vs  1837 1368K    1496   33K   783    5.83    5.75  6819  2468   41K   110   33.52   33.46
c rst  geom  stb   vs  1838 1369K    1496   33K   783    5.83    5.75  6819  2469   43K   110   33.61   33.54
c rst  geom  stb   vs  1839 1371K    1496   33K   783    5.83    5.75  6841  2249   44K   110   33.68   33.61
c [distill-long-red0] cls tried: 52/52 T: 0.01 T-out: N T-r: 99.87%
c [distill-long-red1] cls tried: 45/2041 T: 0.02 T-out: Y T-r: -1.97%
c [distill] watch-based irred--  cl tried    11616 cl-sh     0 cl-rem    0 lit-rem      0 T: 0.01 T-out: N
c [distill] watch-based   red--  cl tried    13682 cl-sh     9 cl-rem    0 lit-rem     21 T: 0.01 T-out: N
c rst  geom  stb   vs  1840 1372K    1496   33K   783    5.83    5.75  6841  2255   46K   110   33.72   33.65
c rst  geom  stb   vs  1841 1374K    1496   33K   783    5.83    5.75  6841  2261   48K   110   34.24   34.18
c [ccnr] saving best assignment phase to stable_polar
c [ccnr] bumping based on var unsat frequency: conflict_ct
c [ccnr] Bumped vars: 1499 bump type: 6
c [ccnr] time: 0.28
c rst  geom ibes   vs  1842 1376K    1496   33K   783    5.83    5.75  6841  2262   50K   110   34.40   34.34
c [full-probe]  bin_only: 1 set: 0 repl: 0 T: 0.01 T-out: N T-r: 99.79%
c [gauss] XOR-encoding clauses are not detached, so no need to reattach them.
c [g 0] truth-find prop checks  : 2361K
c [g 0] -> of which prop        : 44.84 %
c [g 0] -> of which confl       :  1.26 %
c [g 0] elim called             : 163K
c [g 0] ---> which lead to prop : 58.31 %
c [g 0] ---> which lead to confl:  1.53 %
c [g 0] size: 88    x 551  
c [scc] new: 0 BP 0M T: 0.00
c [vrep] vars 0 lits 0 rem-bin-cls 0 rem-long-cls 0 BP 0M T: 0.00
c [intree] Set 0 vars hyper-added: 0 trans-irred: 0 trans-red: 0 T: 0.01 T-out: N T-r: -0.81%
c [find&init matx] performing matrix init
c [gauss] XOR-encoding clauses are not detached, so no need to reattach them.
c [xor-rem-unconnected] left with 888 xors from 888 non-empty xors T: 0.00
c [xor-together] xored together: 800 orig xors: 888 new xors: 88 T: 0.00
c [xor-rem-unconnected] left with 88 xors from 88 non-empty xors T: 0.00
c [xor-clean-equiv] removed equivalent xors: 0 left with: 88
c [matrix] unused xors from cleaning: 0
c [matrix] Good   matrix 0 88      x551    density:0.0755  xorlen avg: 41.60
c [matrix] Using 1 matrices recovered from 0 xors T: 0.00 T-out: N
c rst  geom ibes vs   1843  1378K 1496      33K   783 5.83    5.75     6841  2267   52K   110 34.33   34.27  
c [distill-bin] useful: 0/783/783 lits-rem: 0 cl-rem: 0 0-depth-assigns: 0 T: 0.01 T-out: N
c rst  geom ibes vs   1844  1381K 1496      33K   783 5.83    5.75     6864  1973   40K   110 33.10   33.03  
c rst  geom ibes vs   1845  1384K 1496      33K   783 5.83    5.75     6865  1978   43K   110 33.09   33.03  
c rst  geom ibes vs   1846  1387K 1496      33K   783 5.83    5.75     6865  1987   46K   110 33.35   33.29  
c [distill-long-red0] cls tried: 33/33 T: 0.00 T-out: N T-r: 99.92%
c [distill-long-red1] cls tried: 64/1753 T: 0.02 T-out: Y T-r: -2.54%
c rst  geom ibes vs   1847  1390K 1496      33K   783 5.83    5.75     6896  1681   50K   110 32.99   32.93  
c [impl-str] lit bin: 0 set-var: 0 T: 0.00 T-out: N T-r: 99.97% w-visit: 2998
c [impl-sub] bin: 0 T: 0.00 T-out: N w-visit: 2998
c rst  geom ibes vs   1848  1394K 1496      33K   783 5.83    5.75     6897  1695   53K   110 33.02   32.97  
c rst  geom svd  vs   1849  1398K 1496      33K   783 5.83    5.75     6909  1897   42K   110 30.87   30.81  
c [full-probe]  bin_only: 0 set: 0 repl: 0 T: 0.01 T-out: N T-r: 97.80%
c [distill] watch-based irred--  cl tried 11616    cl-sh 0     cl-rem 0    lit-rem 0      T: 0.00 T-out: N
c [distill] watch-based red  --  cl tried 13818    cl-sh 16    cl-rem 0    lit-rem 26     T: 0.01 T-out: N
c rst  geom svd  vs   1850  1402K 1496      33K   783 5.83    5.75     6940  1141   47K   110 31.33   31.27  
c [distill-long-red0] cls tried: 74/74 T: 0.01 T-out: N T-r: 99.82%
c [distill-long-red1] cls tried: 62/906 T: 0.02 T-out: Y T-r: -2.92%
c [distill-bin] useful: 0/783/783 lits-rem: 0 cl-rem: 0 0-depth-assigns: 0 T: 0.00 T-out: N
c rst  geom svd  vs   1851  1407K 1496      33K   783 5.83    5.75     6940  1147   52K   110 31.74   31.68  
c rst  geom svd  vs   1852  1412K 1496      33K   783 5.83    5.75     6961  1126   42K   110 30.29   30.22  
c rst  geom svd  vs   1853  1418K 1496      33K   783 5.83    5.75     6961  1130   48K   110 30.16   30.11  
c [distill-long-red0] cls tried: 20/20 T: 0.00 T-out: N T-r: 99.94%
c [distill-long-red1] cls tried: 63/921 T: 0.02 T-out: Y T-r: -1.51%
c [full-probe]  bin_only: 1 set: 0 repl: 0 T: 0.00 T-out: N T-r: 99.83%
c rst  geom best vs   1854  1424K 1496      33K   783 5.83    5.75     6975  1109   54K   110 31.02   30.97  
c [distill-bin] useful: 0/783/783 lits-rem: 0 cl-rem: 0 0-depth-assigns: 0 T: 0.01 T-out: N
c [distill] watch-based irred--  cl tried 11616    cl-sh 0     cl-rem 0    lit-rem 0      T: 0.00 T-out: N
c [distill] watch-based red  --  cl tried 13950    cl-sh 5     cl-rem 0    lit-rem 8      T: 0.01 T-out: N
c [ccnr] saving best assignment phase to stable_polar
c [ccnr] bumping based on clause weights
c [ccnr] Bumped vars: 101 bump type: 6
c [ccnr] time: 0.27
c rst  geom best vs   1855  1431K 1496      33K   783 5.83    5.75     6997  1190   46K   110 30.51   30.45  
c rst  geom best vs   1856  1439K 1496      33K   783 5.83    5.75     7000  1225   53K   110 31.22   31.17  
c [distill-long-red0] cls tried: 40/40 T: 0.01 T-out: N T-r: 99.88%
c [distill-long-red1] cls tried: 66/972 T: 0.02 T-out: Y T-r: -2.14%
c [full-probe]  bin_only: 0 set: 0 repl: 0 T: 0.01 T-out: N T-r: 97.53%
c rst  geom stb  vs   1857  1448K 1496      33K   783 5.83    5.75     7072  1408   46K   110 33.58   33.52  
c [distill-bin] useful: 0/783/783 lits-rem: 0 cl-rem: 0 0-depth-assigns: 0 T: 0.01 T-out: N
c [gauss] XOR-encoding clauses are not detached, so no need to reattach them.
c [g 0] truth-find prop checks  : 2650K
c [g 0] -> of which prop        : 53.96 %
c [g 0] -> of which confl       :  1.09 %
c [g 0] elim called             : 156K
c [g 0] ---> which lead to prop : 71.63 %
c [g 0] ---> which lead to confl:  2.75 %
c [g 0] size: 88    x 551  
c [scc] new: 0 BP 0M T: 0.00
c [vrep] vars 0 lits 0 rem-bin-cls 0 rem-long-cls 0 BP 0M T: 0.01
c [intree] Set 0 vars hyper-added: 0 trans-irred: 0 trans-red: 0 T: 0.01 T-out: N T-r: -1.04%
c [find&init matx] performing matrix init
c [gauss] XOR-encoding clauses are not detached, so no need to reattach them.
c [xor-rem-unconnected] left with 888 xors from 888 non-empty xors T: 0.00
c [xor-together] xored together: 800 orig xors: 888 new xors: 88 T: 0.00
c [xor-rem-unconnected] left with 88 xors from 88 non-empty xors T: 0.00
c [xor-clean-equiv] removed equivalent xors: 0 left with: 88
c [matrix] unused xors from cleaning: 0
c [matrix] Good   matrix 0 88      x551    density:0.0755  xorlen avg: 41.60
c [matrix] Using 1 matrices recovered from 0 xors T: 0.00 T-out: N
c rst  geom stb  vs   1858  1457K 1496      33K   783 5.83    5.75     7097  1448   40K   110 35.66   35.59  
c [distill-long-red0] cls tried: 87/87 T: 0.01 T-out: N T-r: 99.83%
c [distill-long-red1] cls tried: 73/1160 T: 0.02 T-out: Y T-r: -0.29%
c [distill] watch-based irred--  cl tried 11616    cl-sh 0     cl-rem 0    lit-rem 0      T: 0.00 T-out: N
c [distill] watch-based red  --  cl tried 14194    cl-sh 11    cl-rem 0    lit-rem 15     T: 0.01 T-out: N
c [impl-str] lit bin: 0 set-var: 0 T: 0.00 T-out: N T-r: 99.97% w-visit: 2998
c [impl-sub] bin: 0 T: 0.00 T-out: N w-visit: 2998
c rst  geom stb  vs   1859  1467K 1496      33K   783 5.83    5.75     7115  1367   50K   110 36.86   36.79  
c [full-probe]  bin_only: 1 set: 0 repl: 0 T: 0.01 T-out: N T-r: 99.75%
c rst  geom ibes vs   1860  1479K 1496      33K   783 5.83    5.75     7138  1352   47K   110 36.51   36.45  
c [distill-long-red0] cls tried: 48/48 T: 0.01 T-out: N T-r: 99.87%
c [distill-long-red1] cls tried: 60/1056 T: 0.02 T-out: Y T-r: -3.20%
c [distill-bin] useful: 0/783/783 lits-rem: 0 cl-rem: 0 0-depth-assigns: 0 T: 0.01 T-out: N
c [ccnr] saving best assignment phase to stable_polar
c [ccnr] bumping based on var unsat frequency: conflict_ct
c [ccnr] Bumped vars: 1499 bump type: 6
c [ccnr] time: 0.27
c rst  geom ibes vs   1861  1491K 1496      33K   783 5.83    5.75     7172  1299   45K   110 35.11   35.04  
c [branch] adjusting to: vmtf (from: vsid) var_decay:0.95 descr: VMTF
c [full-probe]  bin_only: 0 set: 0 repl: 0 T: 0.01 T-out: N T-r: 97.24%
c [distill] watch-based irred--  cl tried 11616    cl-sh 0     cl-rem 0    lit-rem 0      T: 0.00 T-out: N
c [distill] watch-based red  --  cl tried 14344    cl-sh 14    cl-rem 0    lit-rem 25     T: 0.01 T-out: N
c rst  luby svd  vmt  1862  1491K 1496      33K   783 5.83    5.75     7174  1307   45K   110 35.13   35.06  
c rst  luby svd  vmt  1863  1491K 1496      33K   783 5.83    5.75     7174  1309   45K   110 35.13   35.06  
c rst  luby svd  vmt  1864  1492K 1496      33K   783 5.83    5.75     7174  1309   45K   110 35.18   35.12  
c rst  luby svd  vmt  1865  1492K 1496      33K   783 5.83    5.75     7174  1311   45K   110 35.20   35.14  
c rst  luby svd  vmt  1866  1492K 1496      33K   783 5.83    5.75     7174  1311   46K   110 35.21   35.15  
c rst  luby svd  vmt  1867  1492K 1496      33K   783 5.83    5.75     7176  1311   46K   110 35.25   35.18  
c rst  luby svd  vmt  1868  1492K 1496      33K   783 5.83    5.75     7176  1312   46K   110 35.32   35.26  
c rst  luby svd  vmt  1869  1493K 1496      33K   783 5.83    5.75     7176  1312   46K   110 35.35   35.29  
c rst  luby svd  vmt  1870  1493K 1496      33K   783 5.83    5.75     7176  1312   46K   110 35.37   35.30  
c rst  luby svd  vmt  1871  1493K 1496      33K   783 5.83    5.75     7176  1312   47K   110 35.40   35.33  
c rst  luby svd  vmt  1872  1493K 1496      33K   783 5.83    5.75     7176  1312   47K   110 35.41   35.35  
c rst  luby svd  vmt  1873  1493K 1496      33K   783 5.83    5.75     7176  1312   47K   110 35.44   35.37  
c rst  luby svd  vmt  1874  1493K 1496      33K   783 5.83    5.75     7176  1312   47K   110 35.45   35.38  
c rst  luby svd  vmt  1875  1494K 1496      33K   783 5.83    5.75     7176  1312   47K   110 35.53   35.46  
c rst  luby svd  vmt  1876  1494K 1496      33K   783 5.83    5.75     7176  1316   48K   110 35.66   35.59  
c [distill-long-red0] cls tried: 40/40 T: 0.00 T-out: N T-r: 99.88%
c [distill-long-red1] cls tried: 51/1010 T: 0.02 T-out: Y T-r: -2.78%
c rst  luby svd  vmt  1877  1495K 1496      33K   783 5.83    5.75     7176  1318   48K   110 35.68   35.61  
c rst  luby svd  vmt  1878  1495K 1496      33K   783 5.83    5.75     7176  1319   48K   110 35.68   35.61  
c rst  luby svd  vmt  1879  1495K 1496      33K   783 5.83    5.75     7176  1319   49K   110 35.74   35.68  
c rst  luby svd  vmt  1880  1495K 1496      33K   783 5.83    5.75     7176  1319   49K   110 35.77   35.70  
c rst  luby svd  vmt  1881  1495K 1496      33K   783 5.83    5.75     7176  1319   49K   110 35.80   35.73  
c rst  luby svd  vmt  1882  1495K 1496      33K   783 5.83    5.75     7176  1320   49K   110 35.78   35.71  
c rst  luby svd  vmt  1883  1496K 1496      33K   783 5.83    5.75     7177  1320   49K   110 35.84   35.78  
c rst  luby svd  vmt  1884  1496K 1496      33K   783 5.83    5.75     7178  1321   49K   110 35.83   35.77  
c rst  luby svd  vmt  1885  1496K 1496      33K   783 5.83    5.75     7178  1321   50K   110 35.83   35.77  
c rst  luby svd  vmt  1886  1496K 1496      33K   783 5.83    5.75     7178  1321   50K   110 35.83   35.77  
c rst  luby svd  vmt  1887  1496K 1496      33K   783 5.83    5.75     7178  1321   50K   110 35.82   35.76  
c rst  luby svd  vmt  1888  1496K 1496      33K   783 5.83    5.75     7178  1322   50K   110 35.83   35.77  
c rst  luby svd  vmt  1889  1497K 1496      33K   783 5.83    5.75     7178  1322   50K   110 35.87   35.81  
c rst  luby svd  vmt  1890  1497K 1496      33K   783 5.83    5.75     7179  1325   51K   110 35.94   35.88  
c rst  luby svd  vmt  1891  1498K 1496      33K   783 5.83    5.75     7180  1332   51K   110 36.02   35.96  
c rst  luby svd  vmt  1892  1499K 1496      33K   783 5.83    5.75     7181  1348   53K   110 36.32   36.26  
c [distill-bin] useful: 0/783/783 lits-rem: 0 cl-rem: 0 0-depth-assigns: 0 T: 0.01 T-out: N
c rst  luby svd  vmt  1893  1499K 1496      33K   783 5.83    5.75     7181  1349   53K   110 36.34   36.28  
c rst  luby svd  vmt  1894  1500K 1496      33K   783 5.83    5.75     7181  1349   53K   110 36.35   36.29  
c rst  luby svd  vmt  1895  1500K 1496      33K   783 5.83    5.75     7233  1415   38K   110 33.75   33.67  
c rst  luby svd  vmt  1896  1500K 1496      33K   783 5.83    5.75     7233  1417   38K   110 33.76   33.68  
c rst  luby svd  vmt  1897  1500K 1496      33K   783 5.83    5.75     7233  1418   38K   110 33.79   33.71  
c rst  luby svd  vmt  1898  1500K 1496      33K   783 5.83    5.75     7233  1420   38K   110 33.82   33.75  
c rst  luby svd  vmt  1899  1501K 1496      33K   783 5.83    5.75     7233  1425   39K   110 33.86   33.79  
c rst  luby svd  vmt  1900  1501K 1496      33K   783 5.83    5.75     7233  1425   39K   110 33.89   33.81  
c rst  luby svd  vmt  1901  1501K 1496      33K   783 5.83    5.75     7233  1425   39K   110 33.91   33.84  
c rst  luby svd  vmt  1902  1501K 1496      33K   783 5.83    5.75     7233  1427   39K   110 33.94   33.87  
c rst  luby svd  vmt  1903  1501K 1496      33K   783 5.83    5.75     7233  1428   39K   110 33.96   33.88  
c rst  luby svd  vmt  1904  1501K 1496      33K   783 5.83    5.75     7233  1428   39K   110 33.95   33.88  
c rst  luby svd  vmt  1905  1501K 1496      33K   783 5.83    5.75     7233  1429   39K   110 33.98   33.91  
c rst  luby svd  vmt  1906  1502K 1496      33K   783 5.83    5.75     7233  1430   40K   110 34.08   34.01  
c rst  luby svd  vmt  1907  1503K 1496      33K   783 5.83    5.75     7233  1433   41K   110 34.24   34.17  
c rst  luby svd  vmt  1908  1503K 1496      33K   783 5.83    5.75     7233  1433   41K   110 34.25   34.18  
c rst  luby svd  vmt  1909  1503K 1496      33K   783 5.83    5.75     7233  1434   41K   110 34.25   34.18  
c rst  luby svd  vmt  1910  1503K 1496      33K   783 5.83    5.75     7233  1434   41K   110 34.24   34.17  
c rst  luby svd  vmt  1911  1503K 1496      33K   783 5.83    5.75     7233  1434   41K   110 34.25   34.18  
c rst  luby svd  vmt  1912  1503K 1496      33K   783 5.83    5.75     7233  1434   41K   110 34.25   34.18  
c rst  luby svd  vmt  1913  1503K 1496      33K   783 5.83    5.75     7233  1435   41K   110 34.29   34.22  
c rst  luby svd  vmt  1914  1504K 1496      33K   783 5.83    5.75     7233  1437   42K   110 34.32   34.26  
c rst  luby svd  vmt  1915  1504K 1496      33K   783 5.83    5.75     7233  1437   42K   110 34.35   34.28  
c rst  luby svd  vmt  1916  1504K 1496      33K   783 5.83    5.75     7233  1437   42K   110 34.35   34.28  
c rst  luby svd  vmt  1917  1504K 1496      33K   783 5.83    5.75     7233  1437   42K   110 34.37   34.30  
c rst  luby svd  vmt  1918  1504K 1496      33K   783 5.83    5.75     7233  1437   42K   110 34.39   34.32  
c rst  luby svd  vmt  1919  1504K 1496      33K   783 5.83    5.75     7233  1437   42K   110 34.40   34.33  
c rst  luby svd  vmt  1920  1505K 1496      33K   783 5.83    5.75     7233  1437   43K   110 34.45   34.39  
c rst  luby svd  vmt  1921  1505K 1496      33K   783 5.83    5.75     7233  1439   43K   110 34.46   34.39  
c rst  luby svd  vmt  1922  1506K 1496      33K   783 5.83    5.75     7233  1443   44K   110 34.56   34.49  
c rst  luby svd  vmt  1923  1507K 1496      33K   783 5.83    5.75     7233  1446   45K   110 34.81   34.75  
c rst  luby svd  vmt  1924  1511K 1496      33K   783 5.83    5.75     7255  1282   49K   110 35.15   35.09  
c [distill-long-red0] cls tried: 75/75 T: 0.01 T-out: N T-r: 99.78%
c [distill-long-red1] cls tried: 54/996 T: 0.02 T-out: Y T-r: -1.24%
c rst  luby svd  vmt  1925  1511K 1496      33K   783 5.83    5.75     7255  1283   49K   110 35.18   35.11  
c rst  luby svd  vmt  1926  1511K 1496      33K   783 5.83    5.75     7255  1283   49K   110 35.19   35.13  
c rst  luby svd  vmt  1927  1511K 1496      33K   783 5.83    5.75     7255  1284   49K   110 35.23   35.17  
c rst  luby svd  vmt  1928  1511K 1496      33K   783 5.83    5.75     7255  1284   49K   110 35.24   35.17  
c rst  luby svd  vmt  1929  1511K 1496      33K   783 5.83    5.75     7255  1284   49K   110 35.25   35.18  
c rst  luby svd  vmt  1930  1511K 1496      33K   783 5.83    5.75     7255  1284   49K   110 35.30   35.24  
c [full-probe]  bin_only: 1 set: 0 repl: 0 T: 0.00 T-out: N T-r: 99.76%
c rst  geom best vmt  1931  1511K 1496      33K   783 5.83    5.75     7255  1285   50K   110 35.32   35.25  
c rst  geom best vmt  1932  1512K 1496      33K   783 5.83    5.75     7255  1285   50K   110 35.33   35.27  
c rst  geom best vmt  1933  1512K 1496      33K   783 5.83    5.75     7255  1287   50K   110 35.36   35.30  
c rst  geom best vmt  1934  1512K 1496      33K   783 5.83    5.75     7255  1292   50K   110 35.39   35.33  
c rst  geom best vmt  1935  1512K 1496      33K   783 5.83    5.75     7255  1293   50K   110 35.41   35.35  
c rst  geom best vmt  1936  1512K 1496      33K   783 5.83    5.75     7255  1293   50K   110 35.44   35.38  
c rst  geom best vmt  1937  1512K 1496      33K   783 5.83    5.75     7255  1293   51K   110 35.45   35.39  
c rst  geom best vmt  1938  1513K 1496      33K   783 5.83    5.75     7255  1295   51K   110 35.47   35.41  
c rst  geom best vmt  1939  1513K 1496      33K   783 5.83    5.75     7255  1295   51K   110 35.52   35.46  
c [gauss] XOR-encoding clauses are not detached, so no need to reattach them.
c [g 0] truth-find prop checks  : 2381K
c [g 0] -> of which prop        : 50.76 %
c [g 0] -> of which confl       :  1.12 %
c [g 0] elim called             : 179K
c [g 0] ---> which lead to prop : 66.61 %
c [g 0] ---> which lead to confl:  2.57 %
c [g 0] size: 88    x 551  
c [scc] new: 0 BP 0M T: 0.00
c [vrep] vars 0 lits 0 rem-bin-cls 0 rem-long-cls 0 BP 0M T: 0.01
c [intree] Set 0 vars hyper-added: 0 trans-irred: 0 trans-red: 0 T: 0.01 T-out: N T-r: -0.69%
c [find&init matx] performing matrix init
c [gauss] XOR-encoding clauses are not detached, so no need to reattach them.
c [xor-rem-unconnected] left with 888 xors from 888 non-empty xors T: 0.00
c [xor-together] xored together: 800 orig xors: 888 new xors: 88 T: 0.00
c [xor-rem-unconnected] left with 88 xors from 88 non-empty xors T: 0.00
c [xor-clean-equiv] removed equivalent xors: 0 left with: 88
c [matrix] unused xors from cleaning: 0
c [matrix] Good   matrix 0 88      x551    density:0.0755  xorlen avg: 41.60
c [matrix] Using 1 matrices recovered from 0 xors T: 0.00 T-out: N
c rst  geom best vmt  1940  1513K 1496      33K   783 5.83    5.75     7255  1295   51K   110 35.56   35.50  
c rst  geom best vmt  1941  1513K 1496      33K   783 5.83    5.75     7255  1297   52K   110 35.57   35.51  
c rst  geom best vmt  1942  1514K 1496      33K   783 5.83    5.75     7255  1298   52K   110 35.62   35.56  
c rst  geom best vmt  1943  1514K 1496      33K   783 5.83    5.75     7255  1302   52K   110 35.62   35.56  
c rst  geom best vmt  1944  1514K 1496      33K   783 5.83    5.75     7255  1303   53K   110 35.65   35.59  
c rst  geom best vmt  1945  1515K 1496      33K   783 5.83    5.75     7259  1472   38K   110 34.34   34.26  
c rst  geom best vmt  1946  1515K 1496      33K   783 5.83    5.75     7259  1479   38K   110 34.43   34.35  
c rst  geom best vmt  1947  1516K 1496      33K   783 5.83    5.75     7259  1482   39K   110 34.47   34.39  
c rst  geom best vmt  1948  1516K 1496      33K   783 5.83    5.75     7260  1484   39K   110 34.48   34.41  
c [distill] watch-based irred--  cl tried 11616    cl-sh 0     cl-rem 0    lit-rem 0      T: 0.01 T-out: N
c [distill] watch-based red  --  cl tried 14520    cl-sh 10    cl-rem 0    lit-rem 17     T: 0.01 T-out: N
c rst  geom best vmt  1949  1517K 1496      33K   783 5.83    5.75     7261  1485   40K   110 34.55   34.47  
c rst  geom best vmt  1950  1518K 1496      33K   783 5.83    5.75     7261  1487   41K   110 34.58   34.50  
c [impl-str] lit bin: 0 set-var: 0 T: 0.00 T-out: N T-r: 99.97% w-visit: 2998
c [impl-sub] bin: 0 T: 0.00 T-out: N w-visit: 2998
c rst  geom best vmt  1951  1518K 1496      33K   783 5.83    5.75     7263  1495   41K   110 34.62   34.55  
c rst  geom best vmt  1952  1519K 1496      33K   783 5.83    5.75     7263  1498   42K   110 34.68   34.61  
c rst  geom best vmt  1953  1520K 1496      33K   783 5.83    5.75     7310  1450   43K   110 34.78   34.71  
c [distill-bin] useful: 0/783/783 lits-rem: 0 cl-rem: 0 0-depth-assigns: 0 T: 0.01 T-out: N
c rst  geom best vmt  1954  1521K 1496      33K   783 5.83    5.75     7310  1451   44K   110 34.91   34.84  
c rst  geom best vmt  1955  1522K 1496      33K   783 5.83    5.75     7310  1456   45K   110 34.99   34.92  
c rst  geom best vmt  1956  1523K 1496      33K   783 5.83    5.75     7310  1463   46K   110 35.00   34.94  
c [ccnr] saving best assignment phase to stable_polar
c [ccnr] bumping based on var unsat frequency: conflict_ct
c [ccnr] Bumped vars: 1499 bump type: 6
c [ccnr] time: 0.28
c rst  geom best vmt  1957  1524K 1496      33K   783 5.83    5.75     7312  1490   47K   110 35.32   35.25  
c rst  geom best vmt  1958  1526K 1496      33K   783 5.83    5.75     7312  1490   49K   110 35.33   35.26  
c [distill-long-red0] cls tried: 64/64 T: 0.01 T-out: N T-r: 99.85%
c [distill-long-red1] cls tried: 66/1151 T: 0.02 T-out: Y T-r: -1.94%
c rst  geom best vmt  1959  1527K 1496      33K   783 5.83    5.75     7312  1490   50K   110 35.24   35.18  
c rst  geom best vmt  1960  1529K 1496      33K   783 5.83    5.75     7312  1504   52K   110 35.53   35.47  
c rst  geom best vmt  1961  1531K 1496      33K   783 5.83    5.75     7346  1600   39K   110 34.94   34.87  
c rst  geom best vmt  1962  1533K 1496      33K   783 5.83    5.75     7346  1614   41K   110 35.10   35.03  
c [full-probe]  bin_only: 0 set: 0 repl: 0 T: 0.01 T-out: N T-r: 97.86%
c rst  geom stb  vmt  1963  1535K 1496      33K   783 5.83    5.75     7346  1625   43K   110 35.17   35.10  
c rst  geom stb  vmt  1964  1538K 1496      33K   783 5.83    5.75     7346  1654   46K   110 35.73   35.67  
c rst  geom stb  vmt  1965  1540K 1496      33K   783 5.83    5.75     7378  1618   48K   110 35.93   35.87  
c [distill-bin] useful: 0/783/783 lits-rem: 0 cl-rem: 0 0-depth-assigns: 0 T: 0.01 T-out: N
c rst  geom stb  vmt  1966  1543K 1496      33K   783 5.83    5.75     7379  1628   51K   110 36.54   36.48  
c [distill-long-red0] cls tried: 62/62 T: 0.01 T-out: N T-r: 99.86%
c [distill-long-red1] cls tried: 69/1243 T: 0.02 T-out: Y T-r: -0.76%
c [distill] watch-based irred--  cl tried 11616    cl-sh 0     cl-rem 0    lit-rem 0      T: 0.00 T-out: N
c [distill] watch-based red  --  cl tried 14758    cl-sh 7     cl-rem 0    lit-rem 8      T: 0.01 T-out: N
c rst  geom stb  vmt  1967  1547K 1496      33K   783 5.83    5.75     7389  1854   40K   110 34.94   34.86  
c rst  geom stb  vmt  1968  1550K 1496      33K   783 5.83    5.75     7442  1786   43K   110 35.50   35.43  
c rst  geom stb  vmt  1969  1554K 1496      33K   783 5.83    5.75     7442  1805   47K   110 35.76   35.70  
c [full-probe]  bin_only: 1 set: 0 repl: 0 T: 0.00 T-out: N T-r: 99.78%
c rst  geom ibes vmt  1970  1559K 1496      33K   783 5.83    5.75     7442  1837   52K   110 36.26   36.20  
c [distill-long-red0] cls tried: 68/68 T: 0.01 T-out: N T-r: 99.84%
c [distill-long-red1] cls tried: 69/1407 T: 0.02 T-out: Y T-r: -1.50%
c rst  geom ibes vmt  1971  1564K 1496      33K   783 5.83    5.75     7486  2102   42K   110 34.85   34.78  
c [distill-bin] useful: 0/783/783 lits-rem: 0 cl-rem: 0 0-depth-assigns: 0 T: 0.01 T-out: N
c rst  geom ibes vmt  1972  1569K 1496      33K   783 5.83    5.75     7486  2122   47K   110 35.19   35.13  
c [distill] watch-based irred--  cl tried 11616    cl-sh 0     cl-rem 0    lit-rem 0      T: 0.01 T-out: N
c [distill] watch-based red  --  cl tried 14972    cl-sh 11    cl-rem 0    lit-rem 25     T: 0.01 T-out: N
c [ccnr] saving best assignment phase to stable_polar
c [ccnr] bumping based on clause weights
c [ccnr] Bumped vars: 102 bump type: 6
c [ccnr] time: 0.27
c rst  geom ibes vmt  1973  1575K 1496      33K   783 5.83    5.75     7551  2548   38K   110 31.88   31.81  
c [distill-long-red0] cls tried: 103/103 T: 0.01 T-out: N T-r: 99.84%
c [distill-long-red1] cls tried: 55/2114 T: 0.02 T-out: Y T-r: -3.31%
c [full-probe]  bin_only: 0 set: 0 repl: 0 T: 0.01 T-out: N T-r: 98.42%
c rst  geom ibes vmt  1974  1581K 1496      33K   783 5.83    5.75     7626  2483   44K   110 30.17   30.12  
c [impl-str] lit bin: 0 set-var: 0 T: 0.00 T-out: N T-r: 99.97% w-visit: 2998
c [impl-sub] bin: 0 T: 0.00 T-out: N w-visit: 2998
c [gauss] XOR-encoding clauses are not detached, so no need to reattach them.
c [g 0] truth-find prop checks  : 2591K
c [g 0] -> of which prop        : 44.82 %
c [g 0] -> of which confl       :  1.27 %
c [g 0] elim called             : 176K
c [g 0] ---> which lead to prop : 61.20 %
c [g 0] ---> which lead to confl:  1.93 %
c [g 0] size: 88    x 551  
c [scc] new: 0 BP 0M T: 0.00
c [vrep] vars 0 lits 0 rem-bin-cls 0 rem-long-cls 0 BP 0M T: 0.00
c [intree] Set 0 vars hyper-added: 1 trans-irred: 0 trans-red: 0 T: 0.01 T-out: N T-r: -0.94%
c [find&init matx] performing matrix init
c [gauss] XOR-encoding clauses are not detached, so no need to reattach them.
c [xor-rem-unconnected] left with 888 xors from 888 non-empty xors T: 0.00
c [xor-together] xored together: 800 orig xors: 888 new xors: 88 T: 0.00
c [xor-rem-unconnected] left with 88 xors from 88 non-empty xors T: 0.00
c [xor-clean-equiv] removed equivalent xors: 0 left with: 88
c [matrix] unused xors from cleaning: 0
c [matrix] Good   matrix 0 88      x551    density:0.0755  xorlen avg: 41.60
c [matrix] Using 1 matrices recovered from 0 xors T: 0.00 T-out: N
c rst  geom svd  vmt  1975  1588K 1496      33K   783 5.83    5.75     7630  2577   51K   111 28.51   28.46  
c [distill-bin] useful: 0/783/783 lits-rem: 0 cl-rem: 0 0-depth-assigns: 0 T: 0.00 T-out: N
c rst  geom svd  vmt  1976  1596K 1496      33K   783 5.83    5.75     7731  2992   44K   111 23.00   22.96  
c [distill-long-red0] cls tried: 157/157 T: 0.01 T-out: N T-r: 99.65%
c [distill-long-red1] cls tried: 34/2606 T: 0.03 T-out: Y T-r: -5.00%
c [full-probe]  bin_only: 1 set: 0 repl: 0 T: 0.00 T-out: N T-r: 99.79%
c [distill] watch-based irred--  cl tried 11616    cl-sh 0     cl-rem 0    lit-rem 0      T: 0.02 T-out: N
c [distill] watch-based red  --  cl tried 15462    cl-sh 13    cl-rem 0    lit-rem 29     T: 0.03 T-out: N
c rst  geom svd  vmt  1977  1604K 1496      33K   783 5.83    5.75     7848  2901   52K   111 22.73   22.69  
c res  pol  bran nres  conf  freevar IrrL  IrrB  l/longC l/allC  RedL0 RedL1 RedL2 RedB  l/longC l/allC 
c rst  geom best vmt  1978  1614K 1496      33K   783 5.83    5.75     7991  3517   46K   111 17.52   17.49  
c [distill-long-red0] cls tried: 267/267 T: 0.04 T-out: N T-r: 98.90%
c [distill-long-red1] cls tried: 31/3184 T: 0.02 T-out: Y T-r: -6.08%
c [distill-bin] useful: 0/783/783 lits-rem: 0 cl-rem: 0 0-depth-assigns: 0 T: 0.00 T-out: N
c [ccnr] saving best assignment phase to stable_polar
c [ccnr] bumping based on var unsat frequency: conflict_ct
c [ccnr] Bumped vars: 1499 bump type: 6
c [ccnr] time: 0.29
c rst  geom best vmt  1979  1624K 1496      33K   783 5.83    5.75     8188  5235   40K   111 19.11   19.08  
c [full-probe]  bin_only: 0 set: 0 repl: 0 T: 0.01 T-out: N T-r: 98.52%
c [distill] watch-based irred--  cl tried 11616    cl-sh 0     cl-rem 0    lit-rem 0      T: 0.02 T-out: N
c [distill] watch-based red  --  cl tried 16376    cl-sh 22    cl-rem 0    lit-rem 32     T: 0.02 T-out: N
c rst  geom best vmt  1980  1636K 1496      33K   783 5.83    5.75     8691  6187   36K   111 18.56   18.53  
c [distill-long-red0] cls tried: 684/684 T: 0.13 T-out: N T-r: 96.60%
c [distill-long-red1] cls tried: 30/5932 T: 0.02 T-out: Y T-r: -8.42%
c [distill-bin] useful: 0/783/783 lits-rem: 0 cl-rem: 0 0-depth-assigns: 0 T: 0.00 T-out: N
c rst  geom stb  vmt  1981  1648K 1496      33K   783 5.83    5.75     8787  5807   49K   111 18.10   18.08  
c [branch] adjusting to: vsid (from: vmtf) var_decay:0.95 descr: VSIDS
c [full-probe]  bin_only: 1 set: 0 repl: 0 T: 0.00 T-out: N T-r: 99.75%
c [impl-str] lit bin: 0 set-var: 0 T: 0.00 T-out: N T-r: 99.96% w-visit: 2998
c [impl-sub] bin: 0 T: 0.00 T-out: N w-visit: 2998
c [gauss] XOR-encoding clauses are not detached, so no need to reattach them.
c [g 0] truth-find prop checks  : 3340K
c [g 0] -> of which prop        : 28.09 %
c [g 0] -> of which confl       :  1.27 %
c [g 0] elim called             : 265K
c [g 0] ---> which lead to prop : 31.50 %
c [g 0] ---> which lead to confl:  0.45 %
c [g 0] size: 88    x 551  
c [scc] new: 0 BP 0M T: 0.00
c [vrep] vars 0 lits 0 rem-bin-cls 0 rem-long-cls 0 BP 0M T: 0.00
c [intree] Set 0 vars hyper-added: 0 trans-irred: 0 trans-red: 0 T: 0.01 T-out: N T-r: -1.31%
c [find&init matx] performing matrix init
c [gauss] XOR-encoding clauses are not detached, so no need to reattach them.
c [xor-rem-unconnected] left with 888 xors from 888 non-empty xors T: 0.00
c [xor-together] xored together: 800 orig xors: 888 new xors: 88 T: 0.00
c [xor-rem-unconnected] left with 88 xors from 88 non-empty xors T: 0.00
c [xor-clean-equiv] removed equivalent xors: 0 left with: 88
c [matrix] unused xors from cleaning: 0
c [matrix] Good   matrix 0 88      x551    density:0.0755  xorlen avg: 41.60
c [matrix] Using 1 matrices recovered from 0 xors T: 0.00 T-out: N
c rst  geom stb  vs   1982  1648K 1496      33K   783 5.83    5.75     8787  5807   49K   111 18.19   18.16  
c rst  geom stb  vs   1983  1648K 1496      33K   783 5.83    5.75     8787  5807   49K   111 18.25   18.22  
c rst  geom stb  vs   1984  1648K 1496      33K   783 5.83    5.75     8788  5808   49K   111 18.29   18.27  
c rst  geom stb  vs   1985  1649K 1496      33K   783 5.83    5.75     8788  5809   49K   111 18.36   18.33  
c rst  geom stb  vs   1986  1649K 1496      33K   783 5.83    5.75     8788  5809   50K   111 18.43   18.40  
c rst  geom stb  vs   1987  1649K 1496      33K   783 5.83    5.75     8788  5809   50K   111 18.47   18.44  
c rst  geom stb  vs   1988  1649K 1496      33K   783 5.83    5.75     8788  5809   50K   111 18.55   18.52  
c rst  geom stb  vs   1989  1649K 1496      33K   783 5.83    5.75     8788  5811   50K   111 18.63   18.60  
c [distill] watch-based irred--  cl tried 11616    cl-sh 0     cl-rem 0    lit-rem 0      T: 0.02 T-out: N
c [distill] watch-based red  --  cl tried 13492    cl-sh 3     cl-rem 0    lit-rem 4      T: 0.03 T-out: Y
c rst  geom stb  vs   1990  1650K 1496      33K   783 5.83    5.75     8898  5976   36K   111 18.62   18.58  
c rst  geom stb  vs   1991  1650K 1496      33K   783 5.83    5.75     8898  5976   36K   111 18.78   18.74  
c rst  geom stb  vs   1992  1650K 1496      33K   783 5.83    5.75     8898  5976   36K   111 18.91   18.88  
c rst  geom stb  vs   1993  1650K 1496      33K   783 5.83    5.75     8898  5976   37K   111 19.08   19.04  
c rst  geom stb  vs   1994  1651K 1496      33K   783 5.83    5.75     8898  5976   37K   111 19.24   19.21  
c [distill-long-red0] cls tried: 203/203 T: 0.02 T-out: N T-r: 99.26%
c [distill-long-red1] cls tried: 29/5816 T: 0.02 T-out: Y T-r: -6.10%
c rst  geom stb  vs   1995  1651K 1496      33K   783 5.83    5.75     8898  5976   37K   111 19.34   19.30  
c rst  geom stb  vs   1996  1652K 1496      33K   783 5.83    5.75     8899  5976   38K   111 19.49   19.45  
c rst  geom stb  vs   1997  1652K 1496      33K   783 5.83    5.75     8899  5978   38K   111 19.65   19.61  
c rst  geom stb  vs   1998  1653K 1496      33K   783 5.83    5.75     8899  5978   39K   111 19.88   19.84  
c rst  geom stb  vs   1999  1653K 1496      33K   783 5.83    5.75     8899  5980   39K   111 20.09   20.06  
c rst  geom stb  vs   2000  1654K 1496      33K   783 5.83    5.75     8899  5981   40K   111 20.38   20.35  
c rst  geom stb  vs   2001  1654K 1496      33K   783 5.83    5.75     8899  5982   41K   111 20.77   20.74  
c rst  geom stb  vs   2002  1655K 1496      33K   783 5.83    5.75     8899  5982   41K   111 21.00   20.96  
c rst  geom stb  vs   2003  1656K 1496      33K   783 5.83    5.75     8899  5982   42K   111 21.31   21.28  
c [distill-bin] useful: 0/783/783 lits-rem: 0 cl-rem: 0 0-depth-assigns: 0 T: 0.00 T-out: N
c rst  geom stb  vs   2004  1657K 1496      33K   783 5.83    5.75     8899  5984   43K   111 21.61   21.57  
c rst  geom stb  vs   2005  1658K 1496      33K   783 5.83    5.75     8900  5988   44K   111 22.03   21.99  
c rst  geom ibes vs   2006  1659K 1496      33K   783 5.83    5.75     8900  5989   45K   111 22.27   22.23  
c [ccnr] saving best assignment phase to stable_polar
c [ccnr] bumping based on var unsat frequency: conflict_ct
c [ccnr] Bumped vars: 1499 bump type: 6
c [ccnr] time: 0.29
c rst  geom ibes vs   2007  1660K 1496      33K   783 5.83    5.75     8905  5742   46K   111 22.47   22.43  
c rst  geom ibes vs   2008  1661K 1496      33K   783 5.83    5.75     8905  5747   48K   111 22.65   22.61  
c rst  geom ibes vs   2009  1663K 1496      33K   783 5.83    5.75     8906  5760   49K   111 22.78   22.74  
c rst  geom ibes vs   2010  1664K 1496      33K   783 5.83    5.75     8906  5764   51K   111 23.03   22.99  
c rst  geom ibes vs   2011  1666K 1496      33K   783 5.83    5.75     8936  5904   37K   111 22.00   21.96  
c [distill-long-red0] cls tried: 36/36 T: 0.00 T-out: N T-r: 99.94%
c [distill-long-red1] cls tried: 28/5735 T: 0.02 T-out: Y T-r: -4.01%
c rst  geom ibes vs   2012  1668K 1496      33K   783 5.83    5.75     8936  5905   39K   111 22.37   22.32  
c rst  geom ibes vs   2013  1670K 1496      33K   783 5.83    5.75     8950  5700   42K   111 22.92   22.88  
c [full-probe]  bin_only: 0 set: 0 repl: 0 T: 0.01 T-out: N T-r: 98.19%
c rst  geom ibes vs   2014  1672K 1496      33K   783 5.83    5.75     8951  5708   44K   111 23.72   23.67  
c rst  geom ibes vs   2015  1674K 1496      33K   783 5.83    5.75     8951  5713   46K   111 24.19   24.15  
c [distill] watch-based irred--  cl tried 11616    cl-sh 0     cl-rem 0    lit-rem 0      T: 0.01 T-out: N
c [distill] watch-based red  --  cl tried 16464    cl-sh 9     cl-rem 0    lit-rem 29     T: 0.02 T-out: Y
c rst  geom ibes vs   2016  1677K 1496      33K   783 5.83    5.75     8951  5724   49K   111 24.71   24.67  
c [distill-bin] useful: 0/783/783 lits-rem: 0 cl-rem: 0 0-depth-assigns: 0 T: 0.01 T-out: N
c rst  geom ibes vs   2017  1680K 1496      33K   783 5.83    5.75     9005  5493   39K   111 27.71   27.66  
c rst  geom svd  vs   2018  1683K 1496      33K   783 5.83    5.75     9005  5499   42K   111 29.16   29.11  
c [distill-long-red0] cls tried: 74/74 T: 0.01 T-out: N T-r: 99.82%
c [distill-long-red1] cls tried: 35/5355 T: 0.02 T-out: Y T-r: -4.95%
c rst  geom svd  vs   2019  1687K 1496      33K   783 5.83    5.75     9005  5502   45K   111 29.62   29.57  
c rst  geom svd  vs   2020  1691K 1496      33K   783 5.83    5.75     9012  4931   50K   111 29.93   29.88  
c [full-probe]  bin_only: 1 set: 0 repl: 0 T: 0.01 T-out: N T-r: 99.79%
c rst  geom svd  vs   2021  1695K 1496      33K   783 5.83    5.75     9021  5087   40K   111 29.10   29.04  
c rst  geom svd  vs   2022  1700K 1496      33K   783 5.83    5.75     9041  2878   47K   111 29.51   29.46  
c [distill-long-red0] cls tried: 35/35 T: 0.01 T-out: N T-r: 99.89%
c [distill-long-red1] cls tried: 51/2741 T: 0.02 T-out: Y T-r: -1.83%
c [distill-bin] useful: 0/783/783 lits-rem: 0 cl-rem: 0 0-depth-assigns: 0 T: 0.01 T-out: N
c [distill] watch-based irred--  cl tried 11616    cl-sh 0     cl-rem 0    lit-rem 0      T: 0.01 T-out: N
c [distill] watch-based red  --  cl tried 18082    cl-sh 7     cl-rem 0    lit-rem 8      T: 0.02 T-out: N
c rst  geom svd  vs   2023  1706K 1496      33K   783 5.83    5.75     9041  2898   52K   111 29.66   29.61  
c [ccnr] saving best assignment phase to stable_polar
c [ccnr] bumping based on clause weights
c [ccnr] Bumped vars: 104 bump type: 6
c [ccnr] time: 0.29
c rst  geom best vs   2024  1711K 1496      33K   783 5.83    5.75     9065  1922   45K   111 29.73   29.68  
c [full-probe]  bin_only: 0 set: 0 repl: 0 T: 0.01 T-out: N T-r: 97.53%
c [impl-str] lit bin: 0 set-var: 0 T: 0.00 T-out: N T-r: 99.97% w-visit: 2998
c [impl-sub] bin: 0 T: 0.00 T-out: N w-visit: 2998
c rst  geom best vs   2025  1714K 1496      33K   783 5.83    5.75     9065  1929   47K   111 30.18   30.13  
c recursive minimization cost OK: 2563Kcost/(% lits removed)
c [gauss] XOR-encoding clauses are not detached, so no need to reattach them.
c [g 0] truth-find prop checks  : 2597K
c [g 0] -> of which prop        : 51.91 %
c [g 0] -> of which confl       :  0.98 %
c [g 0] elim called             : 174K
c [g 0] ---> which lead to prop : 70.20 %
c [g 0] ---> which lead to confl:  2.59 %
c [g 0] size: 88    x 551  
c --> Executing strategy token: scc-vrepl
c [scc] new: 0 BP 0M T: 0.00
c --> Executing strategy token: sub-impl
c [impl-sub] bin: 0 T: 0.00 T-out: N w-visit: 2998
c --> Executing strategy token: breakid
c --> Executing OCC strategy token(s): 'occ-backw-sub-str,occ-clean-implicit,occ-bve,occ-bva,occ-ternary-res,occ-xor,'
c [occ] mem usage for occur 3      MB
c [occ] Linked in IRRED BIN by default: 783
c [occ] Linked in RED   BIN by default: 111
c [occ] mem usage for occur 1      MB
c Mem for watch alloc      : 24          MB (34.05     %)
c Mem for watch array      : 0           MB (0.10      %)
c --> Executing OCC strategy token: occ-backw-sub-str
c [occ-backw-sub-str-long-w-bins] subs: 0 str: 9 tried: 12189 0-depth ass: 0 T: 0.00 T-out: N T-r: 99.23%
c [occ-backw-sub-long-w-long] rem cl: 181 tried: 91583/91583 (100.0%) T: 0.04 T-out: N T-r: 88.70%
c [occ-backw-sub-str-long-w-long] sub: 3 str: 197 tried: 274749/91583 (300.0)  T: 0.23 T-out: N T-r: 73.36%
c --> Executing OCC strategy token: occ-clean-implicit
c --> Executing OCC strategy token: occ-bve
c [occ-empty-res] Empty resolvent elimed: 0 T: 0.00 T-out: N
c [occ-bve] iter v-elim 0
c cl_inc_rate=1.0, var_dec_rate=1.0 (grow=0)
c Reduced to 1496 vars, 34092 cls (grow=0)
c [occ-bve] iter v-elim 0
c cl_inc_rate=1.0, var_dec_rate=1.0 (grow=8)
c Reduced to 1496 vars, 34092 cls (grow=8)
c [occ-bve] iter v-elim 0
c cl_inc_rate=1.0, var_dec_rate=1.0 (grow=16)
c Reduced to 1496 vars, 34092 cls (grow=16)
c x n vars       : 1496
c #try to eliminate:  4488
c #var-elim        :     0
c #T-o: N
c #T-r: 99.99%
c #T  : 0.30
c [occur] 0.04 is overhead
c [occur] link-in T: 0.04 cleanup T: 0.00
c --> Executing OCC strategy token: occ-bva
c --> Executing OCC strategy token: occ-ternary-res
c [occ-ternary-res] Ternary res-tri: 0 res-bin: 0 sub: 0 str: 0 T: 0.00 T-out: N T-r: 99.84%
c --> Executing OCC strategy token: occ-xor
c [occ-xor] sort occur list T: 0.00
c [xor-clean-equiv] removed equivalent xors: 0 left with: 881
c [occ-xor] found    881 avg sz 5.9 min sz  4 max sz  6 T: 0.01 T-out: N T-r: 99.98%
c --> Executing strategy token: card-find
c --> Executing strategy token: cl-consolidate
c Not consolidating memory.
c --> Executing strategy token: scc-vrepl
c [scc] new: 0 BP 0M T: 0.00
c --> Executing strategy token: renumber
c --> Executing strategy token: bosphorus
c --> Executing strategy token: louvain-comms
c [consolidate] mini T: 0.00
c global_timeout_multiplier: 6.4308
c [branch] rebuilding order heap for all branchings. Current branching: vsid
c [find&init matx] performing matrix init
c [gauss] XOR-encoding clauses are not detached, so no need to reattach them.
c [xor-rem-unconnected] left with 881 xors from 881 non-empty xors T: 0.00
c [xor-together] xored together: 790 orig xors: 881 new xors: 91 T: 0.00
c [xor-rem-unconnected] left with 91 xors from 91 non-empty xors T: 0.00
c [xor-clean-equiv] removed equivalent xors: 0 left with: 91
c [matrix] unused xors from cleaning: 0
c [matrix] Good   matrix  0     91 x  557  density:0.0718  xorlen avg: 39.99
c [matrix] Using 1 matrices recovered from 0 xors T: 0.00 T-out: N
c [gauss] XOR-encoding clauses are not detached, so no need to reattach them.
c [g 0] truth-find prop checks  : 0
c [g 0] -> of which prop        :  0.00 %
c [g 0] -> of which confl       :  0.00 %
c [g 0] elim called             : 0
c [g 0] ---> which lead to prop :  0.00 %
c [g 0] ---> which lead to confl:  0.00 %
c [g 0] size: 91    x 557  
c [scc] new: 0 BP 0M T: 0.00
c [vrep] vars 0 lits 0 rem-bin-cls 0 rem-long-cls 0 BP 0M T: 0.01
c [intree] Set 0 vars hyper-added: 0 trans-irred: 0 trans-red: 0 T: 0.02 T-out: N T-r: 0.24%
c [find&init matx] performing matrix init
c [gauss] XOR-encoding clauses are not detached, so no need to reattach them.
c [xor-rem-unconnected] left with 881 xors from 881 non-empty xors T: 0.00
c [xor-together] xored together: 790 orig xors: 881 new xors: 91 T: 0.00
c [xor-rem-unconnected] left with 91 xors from 91 non-empty xors T: 0.00
c [xor-clean-equiv] removed equivalent xors: 0 left with: 91
c [matrix] unused xors from cleaning: 0
c [matrix] Good   matrix 0 91      x557    density:0.0718  xorlen avg: 39.99
c [matrix] Using 1 matrices recovered from 0 xors T: 0.00 T-out: N
c rst  geom best vs   2026  1718K 1496      33K   783 5.83    5.75     8888  1966   51K   111 31.08   31.02  
c [distill-long-red0] cls tried: 31/31 T: 0.00 T-out: N T-r: 99.91%
c [distill-long-red1] cls tried: 42/1846 T: 0.02 T-out: Y T-r: -5.76%
c rst  geom best vs   2027  1725K 1496      33K   783 5.83    5.75     8907   960   43K   111 29.10   29.05  
c [distill-bin] useful: 0/783/783 lits-rem: 0 cl-rem: 0 0-depth-assigns: 0 T: 0.01 T-out: N
c rst  geom best vs   2028  1733K 1496      33K   783 5.83    5.75     8916   951   51K   111 30.65   30.59  
c [full-probe]  bin_only: 1 set: 0 repl: 0 T: 0.01 T-out: N T-r: 99.75%
c [distill] watch-based irred--  cl tried 12060    cl-sh 0     cl-rem 0    lit-rem 0      T: 0.01 T-out: N
c [distill] watch-based red  --  cl tried 17832    cl-sh 4     cl-rem 0    lit-rem 12     T: 0.02 T-out: N
c rst  geom stb  vs   2029  1741K 1496      33K   783 5.83    5.75     8948  1111   42K   111 32.32   32.25  
c [distill-long-red0] cls tried: 59/59 T: 0.01 T-out: N T-r: 99.87%
c [distill-long-red1] cls tried: 71/1015 T: 0.02 T-out: Y T-r: -2.21%
c rst  geom stb  vs   2030  1751K 1496      33K   783 5.83    5.75     8962  1067   51K   111 32.87   32.81  
c [distill-bin] useful: 0/783/783 lits-rem: 0 cl-rem: 0 0-depth-assigns: 0 T: 0.01 T-out: N
c [ccnr] saving best assignment phase to stable_polar
c [ccnr] bumping based on var unsat frequency: conflict_ct
c [ccnr] Bumped vars: 1499 bump type: 6
c [ccnr] time: 0.33
c rst  geom stb  vs   2031  1761K 1496      33K   783 5.83    5.75     8973  1162   45K   111 33.58   33.52  
c [distill-long-red0] cls tried: 24/24 T: 0.00 T-out: N T-r: 99.96%
c [distill-long-red1] cls tried: 65/1009 T: 0.02 T-out: Y T-r: -4.08%
c [full-probe]  bin_only: 0 set: 0 repl: 0 T: 0.01 T-out: N T-r: 98.01%
c [distill] watch-based irred--  cl tried 12060    cl-sh 0     cl-rem 0    lit-rem 0      T: 0.01 T-out: N
c [distill] watch-based red  --  cl tried 17946    cl-sh 4     cl-rem 0    lit-rem 6      T: 0.01 T-out: N
c rst  geom ibes vs   2032  1772K 1496      33K   783 5.83    5.75     8986  1198   41K   111 33.36   33.29  
c [distill-bin] useful: 0/783/783 lits-rem: 0 cl-rem: 0 0-depth-assigns: 0 T: 0.01 T-out: N
c [impl-str] lit bin: 0 set-var: 0 T: 0.00 T-out: N T-r: 99.97% w-visit: 2998
c [impl-sub] bin: 0 T: 0.00 T-out: N w-visit: 2998
c rst  geom ibes vs   2033  1785K 1496      33K   783 5.83    5.75     9009  1203   39K   111 32.38   32.32  
c [distill-long-red0] cls tried: 39/39 T: 0.00 T-out: N T-r: 99.91%
c [distill-long-red1] cls tried: 84/1012 T: 0.02 T-out: Y T-r: -1.49%
c [full-probe]  bin_only: 1 set: 0 repl: 0 T: 0.00 T-out: N T-r: 99.86%
c [gauss] XOR-encoding clauses are not detached, so no need to reattach them.
c [g 0] truth-find prop checks  : 2702K
c [g 0] -> of which prop        : 53.50 %
c [g 0] -> of which confl       :  1.06 %
c [g 0] elim called             : 163K
c [g 0] ---> which lead to prop : 68.33 %
c [g 0] ---> which lead to confl:  2.80 %
c [g 0] size: 91    x 557  
c [scc] new: 0 BP 0M T: 0.00
c [vrep] vars 0 lits 0 rem-bin-cls 0 rem-long-cls 0 BP 0M T: 0.01
c [intree] Set 0 vars hyper-added: 0 trans-irred: 0 trans-red: 0 T: 0.00 T-out: N T-r: -0.86%
c [find&init matx] performing matrix init
c [gauss] XOR-encoding clauses are not detached, so no need to reattach them.
c [xor-rem-unconnected] left with 881 xors from 881 non-empty xors T: 0.00
c [xor-together] xored together: 790 orig xors: 881 new xors: 91 T: 0.00
c [xor-rem-unconnected] left with 91 xors from 91 non-empty xors T: 0.00
c [xor-clean-equiv] removed equivalent xors: 0 left with: 91
c [matrix] unused xors from cleaning: 0
c [matrix] Good   matrix 0 91      x557    density:0.0718  xorlen avg: 39.99
c [matrix] Using 1 matrices recovered from 0 xors T: 0.00 T-out: N
c rst  geom svd  vs   2034  1799K 1496      33K   783 5.83    5.75     9016  1209   52K   111 34.20   34.15  
c [distill-bin] useful: 0/783/783 lits-rem: 0 cl-rem: 0 0-depth-assigns: 0 T: 0.01 T-out: N
c [distill] watch-based irred--  cl tried 12060    cl-sh 0     cl-rem 0    lit-rem 0      T: 0.00 T-out: N
c [distill] watch-based red  --  cl tried 18032    cl-sh 5     cl-rem 0    lit-rem 8      T: 0.02 T-out: N
c [ccnr] saving best assignment phase to stable_polar
c [ccnr] bumping based on var unsat frequency: conflict_ct
c [ccnr] Bumped vars: 1499 bump type: 6
c [ccnr] time: 0.29
c rst  geom svd  vs   2035  1814K 1496      33K   783 5.83    5.75     9044  1078   52K   111 34.61   34.55  
c [distill-long-red0] cls tried: 39/39 T: 0.01 T-out: N T-r: 99.91%
c [distill-long-red1] cls tried: 69/860 T: 0.01 T-out: Y T-r: -0.31%
c [full-probe]  bin_only: 0 set: 0 repl: 0 T: 0.01 T-out: N T-r: 97.47%
c rst  geom best vs   2036  1830K 1496      33K   783 5.83    5.75     9076  1103   39K   111 33.44   33.37  
c [branch] adjusting to: vmtf (from: vsid) var_decay:0.95 descr: VMTF
c [distill-long-red0] cls tried: 31/31 T: 0.00 T-out: N T-r: 99.92%
c [distill-long-red1] cls tried: 84/866 T: 0.02 T-out: Y T-r: -1.51%
c [distill-bin] useful: 0/783/783 lits-rem: 0 cl-rem: 0 0-depth-assigns: 0 T: 0.01 T-out: N
c [distill] watch-based irred--  cl tried 12060    cl-sh 0     cl-rem 0    lit-rem 0      T: 0.01 T-out: N
c [distill] watch-based red  --  cl tried 18152    cl-sh 1     cl-rem 0    lit-rem 3      T: 0.01 T-out: N
c rst  luby best vmt  2037  1830K 1496      33K   783 5.83    5.75     9077  1111   39K   111 33.48   33.41  
c rst  luby best vmt  2038  1831K 1496      33K   783 5.83    5.75     9077  1112   39K   111 33.50   33.43  
c rst  luby best vmt  2039  1831K 1496      33K   783 5.83    5.75     9077  1118   40K   111 33.55   33.48  
c rst  luby best vmt  2040  1831K 1496      33K   783 5.83    5.75     9077  1119   40K   111 33.58   33.52  
c rst  luby best vmt  2041  1831K 1496      33K   783 5.83    5.75     9077  1119   40K   111 33.60   33.53  
c rst  luby best vmt  2042  1831K 1496      33K   783 5.83    5.75     9077  1120   40K   111 33.65   33.58  
c rst  luby best vmt  2043  1832K 1496      33K   783 5.83    5.75     9077  1121   40K   111 33.68   33.61  
c rst  luby best vmt  2044  1832K 1496      33K   783 5.83    5.75     9077  1122   40K   111 33.67   33.60  
c rst  luby best vmt  2045  1832K 1496      33K   783 5.83    5.75     9077  1124   41K   111 33.69   33.62  
c rst  luby best vmt  2046  1832K 1496      33K   783 5.83    5.75     9077  1124   41K   111 33.72   33.65  
c rst  luby best vmt  2047  1832K 1496      33K   783 5.83    5.75     9077  1125   41K   111 33.73   33.66  
c rst  luby best vmt  2048  1832K 1496      33K   783 5.83    5.75     9077  1125   41K   111 33.74   33.67  
c rst  luby best vmt  2049  1832K 1496      33K   783 5.83    5.75     9077  1125   41K   111 33.78   33.72  
c [impl-str] lit bin: 0 set-var: 0 T: 0.00 T-out: N T-r: 99.97% w-visit: 2998
c [impl-sub] bin: 0 T: 0.00 T-out: N w-visit: 2998
c rst  luby best vmt  2050  1833K 1496      33K   783 5.83    5.75     9077  1126   42K   111 33.85   33.78  
c rst  luby best vmt  2051  1834K 1496      33K   783 5.83    5.75     9077  1134   42K   111 33.93   33.87  
c rst  luby best vmt  2052  1834K 1496      33K   783 5.83    5.75     9077  1134   42K   111 33.92   33.86  
c rst  luby best vmt  2053  1834K 1496      33K   783 5.83    5.75     9077  1136   43K   111 33.94   33.87  
c [full-probe]  bin_only: 1 set: 0 repl: 0 T: 0.01 T-out: N T-r: 99.81%
c rst  luby best vmt  2054  1834K 1496      33K   783 5.83    5.75     9077  1137   43K   111 33.98   33.91  
c rst  luby best vmt  2055  1834K 1496      33K   783 5.83    5.75     9077  1137   43K   111 34.00   33.93  
c rst  luby best vmt  2056  1834K 1496      33K   783 5.83    5.75     9077  1137   43K   111 34.03   33.96  
c rst  luby best vmt  2057  1834K 1496      33K   783 5.83    5.75     9077  1137   43K   111 34.04   33.97  
c rst  luby best vmt  2058  1835K 1496      33K   783 5.83    5.75     9077  1138   44K   111 34.09   34.02  
c rst  luby best vmt  2059  1835K 1496      33K   783 5.83    5.75     9077  1141   44K   111 34.10   34.03  
c rst  luby best vmt  2060  1835K 1496      33K   783 5.83    5.75     9077  1142   44K   111 34.13   34.06  
c rst  luby best vmt  2061  1835K 1496      33K   783 5.83    5.75     9077  1142   44K   111 34.15   34.09  
c rst  luby best vmt  2062  1835K 1496      33K   783 5.83    5.75     9077  1142   44K   111 34.17   34.10  
c rst  luby best vmt  2063  1835K 1496      33K   783 5.83    5.75     9077  1142   44K   111 34.17   34.11  
c rst  luby best vmt  2064  1836K 1496      33K   783 5.83    5.75     9077  1142   44K   111 34.19   34.13  
c rst  luby best vmt  2065  1836K 1496      33K   783 5.83    5.75     9077  1144   45K   111 34.19   34.12  
c rst  luby best vmt  2066  1837K 1496      33K   783 5.83    5.75     9077  1147   46K   111 34.27   34.21  
c rst  luby best vmt  2067  1838K 1496      33K   783 5.83    5.75     9077  1157   47K   111 34.26   34.20  
c rst  luby stb  vmt  2068  1839K 1496      33K   783 5.83    5.75     9077  1157   47K   111 34.27   34.21  
c rst  luby stb  vmt  2069  1839K 1496      33K   783 5.83    5.75     9077  1158   47K   111 34.27   34.21  
c rst  luby stb  vmt  2070  1839K 1496      33K   783 5.83    5.75     9077  1159   48K   111 34.27   34.20  
c rst  luby stb  vmt  2071  1839K 1496      33K   783 5.83    5.75     9077  1162   48K   111 34.27   34.21  
c rst  luby stb  vmt  2072  1839K 1496      33K   783 5.83    5.75     9077  1162   48K   111 34.29   34.22  
c rst  luby stb  vmt  2073  1839K 1496      33K   783 5.83    5.75     9077  1164   48K   111 34.33   34.27  
c rst  luby stb  vmt  2074  1840K 1496      33K   783 5.83    5.75     9100  1123   48K   111 34.37   34.30  
c rst  luby stb  vmt  2075  1840K 1496      33K   783 5.83    5.75     9100  1123   48K   111 34.37   34.31  
c rst  luby stb  vmt  2076  1840K 1496      33K   783 5.83    5.75     9100  1124   49K   111 34.38   34.32  
c rst  luby stb  vmt  2077  1840K 1496      33K   783 5.83    5.75     9100  1125   49K   111 34.42   34.36  
c rst  luby stb  vmt  2078  1840K 1496      33K   783 5.83    5.75     9100  1125   49K   111 34.43   34.36  
c rst  luby stb  vmt  2079  1840K 1496      33K   783 5.83    5.75     9100  1126   49K   111 34.43   34.37  
c rst  luby stb  vmt  2080  1840K 1496      33K   783 5.83    5.75     9100  1131   49K   111 34.48   34.42  
c rst  luby stb  vmt  2081  1841K 1496      33K   783 5.83    5.75     9101  1148   50K   111 34.53   34.47  
c rst  luby stb  vmt  2082  1842K 1496      33K   783 5.83    5.75     9101  1154   50K   111 34.79   34.73  
c rst  luby stb  vmt  2083  1842K 1496      33K   783 5.83    5.75     9101  1155   50K   111 34.81   34.75  
c rst  luby stb  vmt  2084  1842K 1496      33K   783 5.83    5.75     9101  1156   51K   111 34.84   34.78  
c rst  luby stb  vmt  2085  1842K 1496      33K   783 5.83    5.75     9101  1157   51K   111 34.87   34.81  
c rst  luby stb  vmt  2086  1842K 1496      33K   783 5.83    5.75     9101  1158   51K   111 34.86   34.80  
c rst  luby stb  vmt  2087  1842K 1496      33K   783 5.83    5.75     9101  1158   51K   111 34.85   34.79  
c rst  luby stb  vmt  2088  1842K 1496      33K   783 5.83    5.75     9101  1159   51K   111 34.86   34.80  
c rst  luby stb  vmt  2089  1843K 1496      33K   783 5.83    5.75     9101  1163   52K   111 34.90   34.85  
c [ccnr] saving best assignment phase to stable_polar
c [ccnr] bumping based on clause weights
c [ccnr] Bumped vars: 103 bump type: 6
c [ccnr] time: 0.29
c rst  luby stb  vmt  2090  1843K 1496      33K   783 5.83    5.75     9101  1163   52K   111 34.89   34.83  
c rst  luby stb  vmt  2091  1843K 1496      33K   783 5.83    5.75     9101  1164   52K   111 34.88   34.82  
c rst  luby stb  vmt  2092  1843K 1496      33K   783 5.83    5.75     9101  1167   52K   111 34.83   34.78  
c rst  luby stb  vmt  2093  1843K 1496      33K   783 5.83    5.75     9101  1167   52K   111 34.82   34.76  
c rst  luby stb  vmt  2094  1843K 1496      33K   783 5.83    5.75     9101  1167   52K   111 34.80   34.74  
c rst  luby stb  vmt  2095  1844K 1496      33K   783 5.83    5.75     9101  1167   52K   111 34.78   34.72  
c rst  luby stb  vmt  2096  1844K 1496      33K   783 5.83    5.75     9101  1167   53K   111 34.72   34.66  
c rst  luby stb  vmt  2097  1845K 1496      33K   783 5.83    5.75     9119  1357   38K   111 32.11   32.04  
c rst  luby stb  vmt  2098  1846K 1496      33K   783 5.83    5.75     9119  1371   40K   111 31.70   31.63  
c [distill-long-red0] cls tried: 40/40 T: 0.00 T-out: N T-r: 99.94%
c [distill-long-red1] cls tried: 101/1059 T: 0.02 T-out: Y T-r: -0.40%
c rst  luby stb  vmt  2099  1850K 1496      33K   783 5.83    5.75     9189  1272   43K   111 30.94   30.88  
c rst  luby stb  vmt  2100  1850K 1496      33K   783 5.83    5.75     9189  1272   43K   111 30.93   30.87  
c rst  luby stb  vmt  2101  1850K 1496      33K   783 5.83    5.75     9190  1276   43K   111 30.91   30.85  
c [gauss] XOR-encoding clauses are not detached, so no need to reattach them.
c [g 0] truth-find prop checks  : 2829K
c [g 0] -> of which prop        : 47.91 %
c [g 0] -> of which confl       :  0.94 %
c [g 0] elim called             : 195K
c [g 0] ---> which lead to prop : 62.05 %
c [g 0] ---> which lead to confl:  2.20 %
c [g 0] size: 91    x 557  
c [scc] new: 0 BP 0M T: 0.00
c [vrep] vars 0 lits 0 rem-bin-cls 0 rem-long-cls 0 BP 0M T: 0.01
c [intree] Set 0 vars hyper-added: 0 trans-irred: 0 trans-red: 0 T: 0.00 T-out: N T-r: -0.49%
c [find&init matx] performing matrix init
c [gauss] XOR-encoding clauses are not detached, so no need to reattach them.
c [xor-rem-unconnected] left with 881 xors from 881 non-empty xors T: 0.00
c [xor-together] xored together: 790 orig xors: 881 new xors: 91 T: 0.00
c [xor-rem-unconnected] left with 91 xors from 91 non-empty xors T: 0.00
c [xor-clean-equiv] removed equivalent xors: 0 left with: 91
c [matrix] unused xors from cleaning: 0
c [matrix] Good   matrix 0 91      x557    density:0.0718  xorlen avg: 39.99
c [matrix] Using 1 matrices recovered from 0 xors T: 0.00 T-out: N
c rst  luby stb  vmt  2102  1850K 1496      33K   783 5.83    5.75     9190  1281   43K   111 30.87   30.81  
c rst  luby stb  vmt  2103  1850K 1496      33K   783 5.83    5.75     9190  1282   43K   111 30.85   30.80  
c rst  luby stb  vmt  2104  1850K 1496      33K   783 5.83    5.75     9190  1282   43K   111 30.83   30.77  
c rst  luby stb  vmt  2105  1850K 1496      33K   783 5.83    5.75     9190  1285   44K   111 30.80   30.74  
c [distill-bin] useful: 0/783/783 lits-rem: 0 cl-rem: 0 0-depth-assigns: 0 T: 0.00 T-out: N
c rst  luby stb  vmt  2106  1851K 1496      33K   783 5.83    5.75     9191  1309   44K   111 30.70   30.65  
c rst  luby stb  vmt  2107  1851K 1496      33K   783 5.83    5.75     9192  1312   44K   111 30.69   30.63  
c rst  luby stb  vmt  2108  1851K 1496      33K   783 5.83    5.75     9192  1312   44K   111 30.68   30.62  
c rst  luby stb  vmt  2109  1851K 1496      33K   783 5.83    5.75     9195  1319   44K   111 30.64   30.58  
c rst  luby stb  vmt  2110  1851K 1496      33K   783 5.83    5.75     9195  1320   44K   111 30.63   30.57  
c rst  luby stb  vmt  2111  1851K 1496      33K   783 5.83    5.75     9196  1322   45K   111 30.61   30.55  
c rst  luby stb  vmt  2112  1852K 1496      33K   783 5.83    5.75     9196  1327   45K   111 30.58   30.53  
c rst  luby stb  vmt  2113  1852K 1496      33K   783 5.83    5.75     9196  1331   45K   111 30.48   30.42  
c rst  luby stb  vmt  2114  1853K 1496      33K   783 5.83    5.75     9197  1340   46K   111 30.33   30.27  
c rst  luby stb  vmt  2115  1853K 1496      33K   783 5.83    5.75     9197  1341   46K   111 30.32   30.27  
c rst  luby stb  vmt  2116  1853K 1496      33K   783 5.83    5.75     9197  1341   46K   111 30.30   30.24  
c rst  luby stb  vmt  2117  1853K 1496      33K   783 5.83    5.75     9197  1342   46K   111 30.27   30.22  
c rst  luby stb  vmt  2118  1853K 1496      33K   783 5.83    5.75     9197  1342   46K   111 30.25   30.19  
c rst  luby stb  vmt  2119  1853K 1496      33K   783 5.83    5.75     9197  1342   47K   111 30.23   30.18  
c rst  luby stb  vmt  2120  1854K 1496      33K   783 5.83    5.75     9197  1344   47K   111 30.20   30.15  
c rst  luby stb  vmt  2121  1854K 1496      33K   783 5.83    5.75     9197  1345   47K   111 30.17   30.11  
c [full-probe]  bin_only: 0 set: 0 repl: 0 T: 0.01 T-out: N T-r: 97.94%
c rst  luby stb  vmt  2122  1854K 1496      33K   783 5.83    5.75     9197  1348   47K   111 30.17   30.11  
c rst  luby stb  vmt  2123  1854K 1496      33K   783 5.83    5.75     9197  1350   47K   111 30.15   30.09  
c rst  luby stb  vmt  2124  1854K 1496      33K   783 5.83    5.75     9197  1350   48K   111 30.09   30.04  
c rst  luby stb  vmt  2125  1855K 1496      33K   783 5.83    5.75     9197  1350   48K   111 30.08   30.02  
c rst  luby stb  vmt  2126  1855K 1496      33K   783 5.83    5.75     9197  1350   48K   111 30.06   30.00  
c rst  luby stb  vmt  2127  1855K 1496      33K   783 5.83    5.75     9197  1353   48K   111 30.04   29.99  
c rst  luby stb  vmt  2128  1855K 1496      33K   783 5.83    5.75     9197  1359   48K   111 29.95   29.90  
c rst  luby stb  vmt  2129  1856K 1496      33K   783 5.83    5.75     9197  1367   49K   111 29.81   29.76  
c [distill] watch-based irred--  cl tried 12060    cl-sh 0     cl-rem 0    lit-rem 0      T: 0.01 T-out: N
c [distill] watch-based red  --  cl tried 18394    cl-sh 9     cl-rem 0    lit-rem 14     T: 0.02 T-out: N
c rst  luby stb  vmt  2130  1858K 1496      33K   783 5.83    5.75     9200  1390   51K   111 29.58   29.53  
c rst  luby stb  vmt  2131  1858K 1496      33K   783 5.83    5.75     9200  1391   51K   111 29.57   29.52  
c rst  luby stb  vmt  2132  1858K 1496      33K   783 5.83    5.75     9200  1394   51K   111 29.56   29.51  
c rst  luby stb  vmt  2133  1858K 1496      33K   783 5.83    5.75     9200  1401   51K   111 29.54   29.49  
c rst  luby stb  vmt  2134  1858K 1496      33K   783 5.83    5.75     9201  1409   51K   111 29.52   29.47  
c rst  luby stb  vmt  2135  1858K 1496      33K   783 5.83    5.75     9201  1413   51K   111 29.51   29.47  
c rst  luby stb  vmt  2136  1859K 1496      33K   783 5.83    5.75     9202  1417   51K   111 29.50   29.45  
c rst  luby stb  vmt  2137  1859K 1496      33K   783 5.83    5.75     9202  1424   52K   111 29.40   29.35  
c rst  luby stb  vmt  2138  1859K 1496      33K   783 5.83    5.75     9202  1426   52K   111 29.38   29.34  
c rst  luby stb  vmt  2139  1859K 1496      33K   783 5.83    5.75     9202  1428   52K   111 29.36   29.31  
c rst  luby stb  vmt  2140  1859K 1496      33K   783 5.83    5.75     9202  1428   52K   111 29.34   29.30  
c rst  luby stb  vmt  2141  1859K 1496      33K   783 5.83    5.75     9202  1428   52K   111 29.33   29.28  
c rst  luby stb  vmt  2142  1860K 1496      33K   783 5.83    5.75     9202  1429   52K   111 29.30   29.25  
c rst  luby stb  vmt  2143  1860K 1496      33K   783 5.83    5.75     9291  1709   37K   111 25.67   25.62  
c rst  luby stb  vmt  2144  1860K 1496      33K   783 5.83    5.75     9293  1731   38K   111 25.61   25.55  
c rst  luby stb  vmt  2145  1861K 1496      33K   783 5.83    5.75     9293  1737   39K   111 25.51   25.46  
c rst  luby stb  vmt  2146  1861K 1496      33K   783 5.83    5.75     9293  1737   39K   111 25.51   25.46  
c rst  luby stb  vmt  2147  1861K 1496      33K   783 5.83    5.75     9293  1739   39K   111 25.50   25.44  
c rst  luby stb  vmt  2148  1861K 1496      33K   783 5.83    5.75     9293  1742   39K   111 25.46   25.41  
c rst  luby stb  vmt  2149  1861K 1496      33K   783 5.83    5.75     9293  1742   39K   111 25.44   25.39  
c rst  luby stb  vmt  2150  1862K 1496      33K   783 5.83    5.75     9293  1742   39K   111 25.42   25.37  
c [distill-long-red0] cls tried: 157/157 T: 0.01 T-out: N T-r: 99.71%
c [distill-long-red1] cls tried: 53/1404 T: 0.01 T-out: Y T-r: -1.47%
c rst  luby stb  vmt  2151  1862K 1496      33K   783 5.83    5.75     9293  1743   39K   111 25.38   25.33  
c rst  luby stb  vmt  2152  1862K 1496      33K   783 5.83    5.75     9293  1746   40K   111 25.31   25.25  
c rst  luby ibes vmt  2153  1862K 1496      33K   783 5.83    5.75     9293  1746   40K   111 25.31   25.26  
c rst  luby ibes vmt  2154  1862K 1496      33K   783 5.83    5.75     9293  1746   40K   111 25.29   25.24  
c rst  luby ibes vmt  2155  1863K 1496      33K   783 5.83    5.75     9293  1749   40K   111 25.30   25.25  
c rst  luby ibes vmt  2156  1863K 1496      33K   783 5.83    5.75     9293  1749   40K   111 25.31   25.26  
c rst  luby ibes vmt  2157  1863K 1496      33K   783 5.83    5.75     9293  1749   40K   111 25.33   25.28  
c rst  luby ibes vmt  2158  1863K 1496      33K   783 5.83    5.75     9293  1750   41K   111 25.35   25.31  
c rst  luby ibes vmt  2159  1863K 1496      33K   783 5.83    5.75     9293  1750   41K   111 25.39   25.34  
c rst  luby ibes vmt  2160  1864K 1496      33K   783 5.83    5.75     9293  1752   42K   111 25.52   25.47  
c rst  luby ibes vmt  2161  1866K 1496      33K   783 5.83    5.75     9293  1757   43K   111 25.75   25.70  
c rst  luby ibes vmt  2162  1869K 1496      33K   783 5.83    5.75     9293  1768   47K   111 26.66   26.61  
c rst  luby ibes vmt  2163  1875K 1496      33K   783 5.83    5.75     9373  1984   38K   111 23.96   23.91  
c [full-probe]  bin_only: 1 set: 0 repl: 0 T: 0.00 T-out: N T-r: 99.87%
c [distill-bin] useful: 0/783/783 lits-rem: 0 cl-rem: 0 0-depth-assigns: 0 T: 0.01 T-out: N
c rst  luby ibes vmt  2164  1875K 1496      33K   783 5.83    5.75     9373  1984   38K   111 23.99   23.94  
c rst  luby ibes vmt  2165  1876K 1496      33K   783 5.83    5.75     9373  1985   39K   111 24.02   23.98  
c rst  luby ibes vmt  2166  1876K 1496      33K   783 5.83    5.75     9373  1985   39K   111 24.06   24.02  
c rst  luby ibes vmt  2167  1876K 1496      33K   783 5.83    5.75     9373  1985   39K   111 24.07   24.03  
c rst  luby ibes vmt  2168  1876K 1496      33K   783 5.83    5.75     9373  1985   39K   111 24.10   24.05  
c rst  luby ibes vmt  2169  1876K 1496      33K   783 5.83    5.75     9373  1985   39K   111 24.14   24.09  
c rst  luby ibes vmt  2170  1877K 1496      33K   783 5.83    5.75     9373  1986   40K   111 24.26   24.21  
c [distill-long-red0] cls tried: 74/74 T: 0.01 T-out: N T-r: 99.83%
c [distill-long-red1] cls tried: 81/1604 T: 0.01 T-out: Y T-r: -1.37%
c rst  luby ibes vmt  2171  1877K 1496      33K   783 5.83    5.75     9373  1986   40K   111 24.27   24.22  
c rst  luby ibes vmt  2172  1877K 1496      33K   783 5.83    5.75     9373  1986   40K   111 24.30   24.25  
c rst  luby ibes vmt  2173  1877K 1496      33K   783 5.83    5.75     9373  1987   40K   111 24.38   24.34  
c rst  luby ibes vmt  2174  1877K 1496      33K   783 5.83    5.75     9374  1989   40K   111 24.41   24.36  
c rst  luby ibes vmt  2175  1877K 1496      33K   783 5.83    5.75     9374  1990   40K   111 24.43   24.38  
c rst  luby ibes vmt  2176  1877K 1496      33K   783 5.83    5.75     9374  1990   40K   111 24.47   24.43  
c rst  luby ibes vmt  2177  1878K 1496      33K   783 5.83    5.75     9374  1994   41K   111 24.60   24.55  
c rst  luby ibes vmt  2178  1879K 1496      33K   783 5.83    5.75     9374  2000   42K   111 24.79   24.74  
c rst  luby ibes vmt  2179  1879K 1496      33K   783 5.83    5.75     9374  2000   42K   111 24.81   24.77  
c rst  luby ibes vmt  2180  1879K 1496      33K   783 5.83    5.75     9374  2001   42K   111 24.84   24.79  
c rst  luby ibes vmt  2181  1879K 1496      33K   783 5.83    5.75     9374  2001   42K   111 24.87   24.82  
c rst  luby ibes vmt  2182  1879K 1496      33K   783 5.83    5.75     9374  2003   42K   111 24.87   24.82  
c rst  luby ibes vmt  2183  1879K 1496      33K   783 5.83    5.75     9374  2003   42K   111 24.90   24.86  
c rst  luby ibes vmt  2184  1879K 1496      33K   783 5.83    5.75     9375  2005   42K   111 24.94   24.90  
c rst  luby ibes vmt  2185  1880K 1496      33K   783 5.83    5.75     9412  1943   43K   111 25.00   24.95  
c rst  luby ibes vmt  2186  1880K 1496      33K   783 5.83    5.75     9412  1943   43K   111 25.00   24.96  
c rst  luby ibes vmt  2187  1880K 1496      33K   783 5.83    5.75     9412  1943   43K   111 25.02   24.97  
c rst  luby ibes vmt  2188  1880K 1496      33K   783 5.83    5.75     9412  1943   43K   111 25.03   24.99  
c rst  luby ibes vmt  2189  1880K 1496      33K   783 5.83    5.75     9412  1944   43K   111 25.06   25.01  
c rst  luby ibes vmt  2190  1880K 1496      33K   783 5.83    5.75     9412  1944   43K   111 25.08   25.03  
c rst  luby ibes vmt  2191  1881K 1496      33K   783 5.83    5.75     9412  1945   44K   111 25.08   25.04  
c rst  luby ibes vmt  2192  1881K 1496      33K   783 5.83    5.75     9412  1945   44K   111 25.15   25.10  
c rst  luby ibes vmt  2193  1882K 1496      33K   783 5.83    5.75     9412  1952   45K   111 25.28   25.24  
c [distill] watch-based irred--  cl tried 12060    cl-sh 0     cl-rem 0    lit-rem 0      T: 0.02 T-out: N
c [distill] watch-based red  --  cl tried 18824    cl-sh 9     cl-rem 0    lit-rem 22     T: 0.02 T-out: N
c rst  luby ibes vmt  2194  1883K 1496      33K   783 5.83    5.75     9412  1958   46K   111 25.56   25.52  
c rst  luby ibes vmt  2195  1883K 1496      33K   783 5.83    5.75     9412  1958   46K   111 25.57   25.52  
c rst  luby ibes vmt  2196  1884K 1496      33K   783 5.83    5.75     9412  1958   47K   111 25.59   25.54  
c rst  luby ibes vmt  2197  1884K 1496      33K   783 5.83    5.75     9412  1960   47K   111 25.61   25.57  
c rst  luby ibes vmt  2198  1884K 1496      33K   783 5.83    5.75     9412  1960   47K   111 25.64   25.59  
c rst  luby ibes vmt  2199  1884K 1496      33K   783 5.83    5.75     9412  1960   47K   111 25.64   25.60  
c rst  luby ibes vmt  2200  1884K 1496      33K   783 5.83    5.75     9412  1961   47K   111 25.70   25.65  
c rst  luby ibes vmt  2201  1885K 1496      33K   783 5.83    5.75     9412  1962   48K   111 25.78   25.74  
c rst  luby ibes vmt  2202  1885K 1496      33K   783 5.83    5.75     9412  1962   48K   111 25.80   25.76  
c rst  luby ibes vmt  2203  1885K 1496      33K   783 5.83    5.75     9412  1962   48K   111 25.82   25.77  
c rst  luby ibes vmt  2204  1885K 1496      33K   783 5.83    5.75     9412  1962   48K   111 25.84   25.80  
c rst  luby ibes vmt  2205  1885K 1496      33K   783 5.83    5.75     9412  1963   48K   111 25.85   25.80  
c rst  luby ibes vmt  2206  1885K 1496      33K   783 5.83    5.75     9412  1963   48K   111 25.86   25.81  
c rst  luby ibes vmt  2207  1885K 1496      33K   783 5.83    5.75     9413  1964   48K   111 25.92   25.88  
c rst  luby ibes vmt  2208  1886K 1496      33K   783 5.83    5.75     9413  1965   49K   111 25.99   25.94  
c rst  luby svd  vmt  2209  1887K 1496      33K   783 5.83    5.75     9413  1967   50K   111 26.19   26.15  
c rst  luby svd  vmt  2210  1887K 1496      33K   783 5.83    5.75     9413  1967   50K   111 26.21   26.17  
c rst  luby svd  vmt  2211  1887K 1496      33K   783 5.83    5.75     9413  1967   50K   111 26.24   26.20  
c rst  luby svd  vmt  2212  1887K 1496      33K   783 5.83    5.75     9413  1967   50K   111 26.31   26.26  
c [ccnr] saving best assignment phase to stable_polar
c [ccnr] bumping based on var unsat frequency: conflict_ct
c [ccnr] Bumped vars: 1499 bump type: 6
c [ccnr] time: 0.27
c rst  luby svd  vmt  2213  1887K 1496      33K   783 5.83    5.75     9414  1986   50K   111 26.33   26.29  
c rst  luby svd  vmt  2214  1887K 1496      33K   783 5.83    5.75     9414  1987   50K   111 26.39   26.35  
c rst  luby svd  vmt  2215  1887K 1496      33K   783 5.83    5.75     9414  1988   50K   111 26.45   26.41  
c rst  luby svd  vmt  2216  1888K 1496      33K   783 5.83    5.75     9414  1992   51K   111 26.54   26.50  
c rst  luby svd  vmt  2217  1888K 1496      33K   783 5.83    5.75     9414  1994   51K   111 26.58   26.54  
c rst  luby svd  vmt  2218  1888K 1496      33K   783 5.83    5.75     9414  1994   51K   111 26.61   26.57  
c rst  luby svd  vmt  2219  1888K 1496      33K   783 5.83    5.75     9414  1995   51K   111 26.67   26.63  
c rst  luby svd  vmt  2220  1888K 1496      33K   783 5.83    5.75     9414  1995   51K   111 26.69   26.65  
c rst  luby svd  vmt  2221  1888K 1496      33K   783 5.83    5.75     9414  1995   51K   111 26.72   26.68  
c rst  luby svd  vmt  2222  1889K 1496      33K   783 5.83    5.75     9414  1996   52K   111 26.75   26.71  
c rst  luby svd  vmt  2223  1889K 1496      33K   783 5.83    5.75     9414  1996   52K   111 26.82   26.78  
c rst  luby svd  vmt  2224  1890K 1496      33K   783 5.83    5.75     9451  2129   38K   111 25.82   25.77  
c rst  luby svd  vmt  2225  1891K 1496      33K   783 5.83    5.75     9451  2154   39K   111 26.36   26.31  
c rst  luby svd  vmt  2226  1895K 1496      33K   783 5.83    5.75     9451  2165   43K   111 27.49   27.44  
c [distill-long-red0] cls tried: 77/77 T: 0.01 T-out: N T-r: 99.84%
c [distill-long-red1] cls tried: 77/1723 T: 0.02 T-out: Y T-r: -2.11%
c [impl-str] lit bin: 0 set-var: 0 T: 0.00 T-out: N T-r: 99.97% w-visit: 2998
c [impl-sub] bin: 0 T: 0.00 T-out: N w-visit: 2998
c rst  luby svd  vmt  2227  1895K 1496      33K   783 5.83    5.75     9451  2165   43K   111 27.50   27.45  
c rst  luby svd  vmt  2228  1895K 1496      33K   783 5.83    5.75     9451  2165   43K   111 27.53   27.47  
c rst  luby svd  vmt  2229  1895K 1496      33K   783 5.83    5.75     9451  2165   43K   111 27.61   27.56  
c rst  luby svd  vmt  2230  1895K 1496      33K   783 5.83    5.75     9451  2165   43K   111 27.64   27.59  
c rst  luby svd  vmt  2231  1895K 1496      33K   783 5.83    5.75     9451  2167   43K   111 27.67   27.62  
c rst  luby svd  vmt  2232  1895K 1496      33K   783 5.83    5.75     9451  2169   43K   111 27.74   27.69  
c [full-probe]  bin_only: 0 set: 0 repl: 0 T: 0.01 T-out: N T-r: 98.12%
c [distill-bin] useful: 0/783/783 lits-rem: 0 cl-rem: 0 0-depth-assigns: 0 T: 0.00 T-out: N
c rst  luby svd  vmt  2233  1896K 1496      33K   783 5.83    5.75     9451  2171   44K   111 27.81   27.76  
c rst  luby svd  vmt  2234  1896K 1496      33K   783 5.83    5.75     9451  2171   44K   111 27.83   27.78  
c rst  luby svd  vmt  2235  1896K 1496      33K   783 5.83    5.75     9451  2172   44K   111 27.85   27.80  
c rst  luby svd  vmt  2236  1896K 1496      33K   783 5.83    5.75     9451  2172   44K   111 27.89   27.84  
c rst  luby svd  vmt  2237  1896K 1496      33K   783 5.83    5.75     9451  2172   44K   111 27.91   27.86  
c rst  luby svd  vmt  2238  1896K 1496      33K   783 5.83    5.75     9451  2172   44K   111 27.94   27.89  
c rst  luby svd  vmt  2239  1897K 1496      33K   783 5.83    5.75     9451  2172   45K   111 28.03   27.98  
c rst  luby svd  vmt  2240  1897K 1496      33K   783 5.83    5.75     9451  2172   45K   111 28.16   28.11  
c rst  luby svd  vmt  2241  1898K 1496      33K   783 5.83    5.75     9452  2173   46K   111 28.38   28.32  
c rst  luby svd  vmt  2242  1898K 1496      33K   783 5.83    5.75     9452  2173   46K   111 28.41   28.36  
c rst  luby svd  vmt  2243  1898K 1496      33K   783 5.83    5.75     9452  2174   46K   111 28.44   28.39  
c rst  luby svd  vmt  2244  1898K 1496      33K   783 5.83    5.75     9452  2176   46K   111 28.47   28.42  
c rst  luby svd  vmt  2245  1898K 1496      33K   783 5.83    5.75     9452  2176   46K   111 28.51   28.46  
c rst  luby svd  vmt  2246  1898K 1496      33K   783 5.83    5.75     9452  2176   46K   111 28.53   28.48  
c rst  luby svd  vmt  2247  1899K 1496      33K   783 5.83    5.75     9452  2176   47K   111 28.55   28.50  
c rst  luby svd  vmt  2248  1899K 1496      33K   783 5.83    5.75     9452  2176   47K   111 28.57   28.52  
c rst  luby svd  vmt  2249  1899K 1496      33K   783 5.83    5.75     9452  2176   47K   111 28.59   28.54  
c rst  luby svd  vmt  2250  1899K 1496      33K   783 5.83    5.75     9452  2176   47K   111 28.62   28.57  
c rst  luby svd  vmt  2251  1899K 1496      33K   783 5.83    5.75     9452  2177   47K   111 28.68   28.63  
c rst  luby svd  vmt  2252  1900K 1496      33K   783 5.83    5.75     9453  2177   48K   111 28.70   28.65  
c rst  luby svd  vmt  2253  1900K 1496      33K   783 5.83    5.75     9487  2115   48K   111 28.71   28.66  
c rst  luby svd  vmt  2254  1900K 1496      33K   783 5.83    5.75     9487  2115   48K   111 28.73   28.68  
c rst  luby svd  vmt  2255  1900K 1496      33K   783 5.83    5.75     9487  2117   48K   111 28.79   28.74  
c rst  luby svd  vmt  2256  1901K 1496      33K   783 5.83    5.75     9487  2124   49K   111 28.91   28.86  
c rst  luby svd  vmt  2257  1903K 1496      33K   783 5.83    5.75     9487  2131   51K   111 29.20   29.15  
c rst  luby svd  vmt  2258  1903K 1496      33K   783 5.83    5.75     9487  2134   51K   111 29.21   29.17  
c rst  luby svd  vmt  2259  1903K 1496      33K   783 5.83    5.75     9487  2137   51K   111 29.24   29.19  
c rst  luby svd  vmt  2260  1903K 1496      33K   783 5.83    5.75     9487  2137   51K   111 29.26   29.21  
c rst  luby svd  vmt  2261  1903K 1496      33K   783 5.83    5.75     9487  2139   51K   111 29.31   29.26  
c rst  luby svd  vmt  2262  1903K 1496      33K   783 5.83    5.75     9487  2143   51K   111 29.33   29.28  
c rst  luby svd  vmt  2263  1903K 1496      33K   783 5.83    5.75     9487  2143   51K   111 29.38   29.33  
c rst  luby svd  vmt  2264  1904K 1496      33K   783 5.83    5.75     9487  2146   52K   111 29.47   29.42  
c rst  luby svd  vmt  2265  1904K 1496      33K   783 5.83    5.75     9488  2148   52K   111 29.48   29.43  
c rst  luby svd  vmt  2266  1904K 1496      33K   783 5.83    5.75     9488  2149   52K   111 29.49   29.44  
c rst  luby svd  vmt  2267  1904K 1496      33K   783 5.83    5.75     9488  2149   52K   111 29.53   29.48  
c rst  luby svd  vmt  2268  1904K 1496      33K   783 5.83    5.75     9488  2150   52K   111 29.59   29.54  
c rst  luby svd  vmt  2269  1905K 1496      33K   783 5.83    5.75     9488  2154   52K   111 29.62   29.57  
c rst  luby svd  vmt  2270  1905K 1496      33K   783 5.83    5.75     9493  2382   37K   111 31.29   31.22  
c rst  luby svd  vmt  2271  1905K 1496      33K   783 5.83    5.75     9493  2383   38K   111 31.36   31.30  
c rst  luby svd  vmt  2272  1906K 1496      33K   783 5.83    5.75     9493  2386   39K   111 31.52   31.46  
c rst  luby svd  vmt  2273  1906K 1496      33K   783 5.83    5.75     9493  2386   39K   111 31.54   31.47  
c rst  luby svd  vmt  2274  1906K 1496      33K   783 5.83    5.75     9493  2386   39K   111 31.56   31.50  
c rst  luby svd  vmt  2275  1906K 1496      33K   783 5.83    5.75     9493  2386   39K   111 31.59   31.53  
c rst  luby svd  vmt  2276  1906K 1496      33K   783 5.83    5.75     9493  2386   39K   111 31.60   31.54  
c rst  luby svd  vmt  2277  1907K 1496      33K   783 5.83    5.75     9493  2387   39K   111 31.61   31.55  
c rst  luby svd  vmt  2278  1907K 1496      33K   783 5.83    5.75     9493  2388   39K   111 31.64   31.57  
c rst  luby svd  vmt  2279  1907K 1496      33K   783 5.83    5.75     9493  2390   40K   111 31.85   31.78  
c [distill] watch-based irred--  cl tried 12060    cl-sh 0     cl-rem 0    lit-rem 0      T: 0.00 T-out: N
c [distill] watch-based red  --  cl tried 18986    cl-sh 13    cl-rem 0    lit-rem 18     T: 0.02 T-out: N
c rst  luby svd  vmt  2280  1907K 1496      33K   783 5.83    5.75     9494  2391   40K   111 31.86   31.80  
c rst  luby svd  vmt  2281  1907K 1496      33K   783 5.83    5.75     9494  2391   40K   111 31.87   31.81  
c rst  luby svd  vmt  2282  1908K 1496      33K   783 5.83    5.75     9494  2392   40K   111 31.91   31.84  
c rst  luby svd  vmt  2283  1908K 1496      33K   783 5.83    5.75     9494  2393   40K   111 31.92   31.85  
c rst  luby svd  vmt  2284  1908K 1496      33K   783 5.83    5.75     9494  2393   40K   111 31.94   31.88  
c rst  luby svd  vmt  2285  1908K 1496      33K   783 5.83    5.75     9494  2394   41K   111 32.03   31.97  
c rst  luby svd  vmt  2286  1908K 1496      33K   783 5.83    5.75     9494  2394   41K   111 32.11   32.04  
c rst  luby svd  vmt  2287  1909K 1496      33K   783 5.83    5.75     9495  2396   42K   111 32.31   32.24  
c rst  luby svd  vmt  2288  1911K 1496      33K   783 5.83    5.75     9534  2280   43K   111 32.63   32.57  
c [distill-long-red0] cls tried: 81/81 T: 0.01 T-out: N T-r: 99.85%
c [distill-long-red1] cls tried: 84/1807 T: 0.02 T-out: Y T-r: -3.45%
c rst  geom best vmt  2289  1911K 1496      33K   783 5.83    5.75     9534  2280   44K   111 32.66   32.60  
c rst  geom best vmt  2290  1911K 1496      33K   783 5.83    5.75     9534  2280   44K   111 32.69   32.63  
c rst  geom best vmt  2291  1911K 1496      33K   783 5.83    5.75     9535  2281   44K   111 32.70   32.64  
c rst  geom best vmt  2292  1911K 1496      33K   783 5.83    5.75     9535  2281   44K   111 32.72   32.66  
c rst  geom best vmt  2293  1911K 1496      33K   783 5.83    5.75     9535  2282   44K   111 32.73   32.67  
c rst  geom best vmt  2294  1912K 1496      33K   783 5.83    5.75     9535  2282   44K   111 32.74   32.68  
c rst  geom best vmt  2295  1912K 1496      33K   783 5.83    5.75     9535  2286   45K   111 32.77   32.71  
c rst  geom best vmt  2296  1912K 1496      33K   783 5.83    5.75     9535  2286   45K   111 32.80   32.74  
c rst  geom best vmt  2297  1912K 1496      33K   783 5.83    5.75     9535  2289   45K   111 32.80   32.74  
c rst  geom best vmt  2298  1912K 1496      33K   783 5.83    5.75     9535  2290   45K   111 32.88   32.82  
c rst  geom best vmt  2299  1913K 1496      33K   783 5.83    5.75     9535  2291   46K   111 32.91   32.85  
c rst  geom best vmt  2300  1913K 1496      33K   783 5.83    5.75     9536  2293   46K   111 32.96   32.90  
c rst  geom best vmt  2301  1913K 1496      33K   783 5.83    5.75     9545  2394   46K   111 32.90   32.84  
c rst  geom best vmt  2302  1914K 1496      33K   783 5.83    5.75     9545  2399   46K   111 32.87   32.81  
c rst  geom best vmt  2303  1914K 1496      33K   783 5.83    5.75     9545  2404   47K   111 32.82   32.76  
c rst  geom best vmt  2304  1915K 1496      33K   783 5.83    5.75     9545  2409   47K   111 32.76   32.70  
c rst  geom best vmt  2305  1915K 1496      33K   783 5.83    5.75     9545  2415   48K   111 32.66   32.60  
c [gauss] XOR-encoding clauses are not detached, so no need to reattach them.
c [g 0] truth-find prop checks  : 2592K
c [g 0] -> of which prop        : 41.60 %
c [g 0] -> of which confl       :  1.12 %
c [g 0] elim called             : 203K
c [g 0] ---> which lead to prop : 54.22 %
c [g 0] ---> which lead to confl:  1.59 %
c [g 0] size: 91    x 557  
c [scc] new: 0 BP 0M T: 0.00
c [vrep] vars 0 lits 0 rem-bin-cls 0 rem-long-cls 0 BP 0M T: 0.00
c [intree] Set 0 vars hyper-added: 0 trans-irred: 0 trans-red: 0 T: 0.01 T-out: N T-r: -0.66%
c [find&init matx] performing matrix init
c [gauss] XOR-encoding clauses are not detached, so no need to reattach them.
c [xor-rem-unconnected] left with 881 xors from 881 non-empty xors T: 0.00
c [xor-together] xored together: 790 orig xors: 881 new xors: 91 T: 0.00
c [xor-rem-unconnected] left with 91 xors from 91 non-empty xors T: 0.00
c [xor-clean-equiv] removed equivalent xors: 0 left with: 91
c [matrix] unused xors from cleaning: 0
c [matrix] Good   matrix 0 91      x557    density:0.0718  xorlen avg: 39.99
c [matrix] Using 1 matrices recovered from 0 xors T: 0.00 T-out: N
c rst  geom best vmt  2306  1916K 1496      33K   783 5.83    5.75     9545  2418   48K   111 32.54   32.48  
c [full-probe]  bin_only: 1 set: 0 repl: 0 T: 0.00 T-out: N T-r: 99.82%
c [distill-bin] useful: 0/783/783 lits-rem: 0 cl-rem: 0 0-depth-assigns: 0 T: 0.01 T-out: N
c rst  geom best vmt  2307  1916K 1496      33K   783 5.83    5.75     9547  2430   49K   111 32.46   32.40  
c rst  geom best vmt  2308  1917K 1496      33K   783 5.83    5.75     9548  2456   50K   111 32.29   32.23  
c rst  geom best vmt  2309  1918K 1496      33K   783 5.83    5.75     9548  2461   50K   111 32.14   32.09  
c rst  geom best vmt  2310  1918K 1496      33K   783 5.83    5.75     9548  2468   51K   111 31.98   31.93  
c rst  geom best vmt  2311  1919K 1496      33K   783 5.83    5.75     9548  2500   52K   111 31.87   31.82  
c rst  geom best vmt  2312  1920K 1496      33K   783 5.83    5.75     9675  2620   38K   111 30.83   30.76  
c rst  geom best vmt  2313  1921K 1496      33K   783 5.83    5.75     9677  2663   39K   111 30.63   30.57  
c rst  geom best vmt  2314  1923K 1496      33K   783 5.83    5.75     9678  2673   40K   111 30.40   30.34  
c rst  geom best vmt  2315  1924K 1496      33K   783 5.83    5.75     9679  2687   41K   111 30.12   30.07  
c rst  geom best vmt  2316  1925K 1496      33K   783 5.83    5.75     9680  2699   43K   111 29.83   29.78  
c rst  geom best vmt  2317  1927K 1496      33K   783 5.83    5.75     9680  2714   44K   111 29.43   29.37  
c [distill-long-red0] cls tried: 139/139 T: 0.01 T-out: N T-r: 99.71%
c [distill-long-red1] cls tried: 34/2187 T: 0.02 T-out: Y T-r: -6.02%
c rst  geom best vmt  2318  1928K 1496      33K   783 5.83    5.75     9680  2731   46K   111 29.13   29.07  
c rst  geom best vmt  2319  1930K 1496      33K   783 5.83    5.75     9817  2457   48K   111 28.72   28.67  
c rst  geom best vmt  2320  1932K 1496      33K   783 5.83    5.75     9817  2471   50K   111 28.31   28.26  
c [distill] watch-based irred--  cl tried 12060    cl-sh 0     cl-rem 0    lit-rem 0      T: 0.01 T-out: N
c [distill] watch-based red  --  cl tried 19634    cl-sh 11    cl-rem 0    lit-rem 25     T: 0.02 T-out: N
c [ccnr] saving best assignment phase to stable_polar
c [ccnr] bumping based on var unsat frequency: conflict_ct
c [ccnr] Bumped vars: 1499 bump type: 6
c [ccnr] time: 0.27
c rst  geom best vmt  2321  1935K 1496      33K   783 5.83    5.75     9857  3054   37K   111 25.64   25.59  
c rst  geom best vmt  2322  1937K 1496      33K   783 5.83    5.75     9857  3056   40K   111 26.12   26.07  
c [full-probe]  bin_only: 0 set: 0 repl: 0 T: 0.00 T-out: N T-r: 98.35%
c [distill-bin] useful: 0/783/783 lits-rem: 0 cl-rem: 0 0-depth-assigns: 0 T: 0.00 T-out: N
c rst  geom stb  vmt  2323  1940K 1496      33K   783 5.83    5.75     9953  2803   43K   111 26.67   26.62  
c rst  geom stb  vmt  2324  1943K 1496      33K   783 5.83    5.75     9953  2816   46K   111 27.62   27.57  
c [distill-long-red0] cls tried: 275/275 T: 0.03 T-out: N T-r: 99.36%
c [distill-long-red1] cls tried: 40/2345 T: 0.02 T-out: Y T-r: -2.09%
c rst  geom stb  vmt  2325  1946K 1496      33K   783 5.83    5.75     9955  2829   49K   111 28.21   28.16  
c rst  geom stb  vmt  2326  1950K 1496      33K   783 5.83    5.75     9978  2866   38K   111 25.26   25.21  
c rst  geom stb  vmt  2327  1954K 1496      33K   783 5.83    5.75     9978  2887   42K   111 26.40   26.36  
c rst  geom stb  vmt  2328  1958K 1496      33K   783 5.83    5.75     9978  2909   46K   111 28.03   27.98  
c [distill-long-red0] cls tried: 25/25 T: 0.00 T-out: N T-r: 99.95%
c [distill-long-red1] cls tried: 65/2432 T: 0.02 T-out: Y T-r: -2.71%
c [full-probe]  bin_only: 1 set: 0 repl: 0 T: 0.00 T-out: N T-r: 99.83%
c [distill-bin] useful: 0/783/783 lits-rem: 0 cl-rem: 0 0-depth-assigns: 0 T: 0.01 T-out: N
c [distill] watch-based irred--  cl tried 12060    cl-sh 0     cl-rem 0    lit-rem 0      T: 0.01 T-out: N
c [distill] watch-based red  --  cl tried 19956    cl-sh 4     cl-rem 0    lit-rem 5      T: 0.02 T-out: N
c [impl-str] lit bin: 0 set-var: 0 T: 0.00 T-out: N T-r: 99.97% w-visit: 2998
c [impl-sub] bin: 0 T: 0.00 T-out: N w-visit: 2998
c rst  geom stb  vmt  2329  1963K 1496      33K   783 5.83    5.75    10019  2689   51K   111 29.29   29.24  
c rst  geom ibes vmt  2330  1968K 1496      33K   783 5.83    5.75    10023  2911   42K   111 31.95   31.89  
c rst  geom ibes vmt  2331  1974K 1496      33K   783 5.83    5.75    10047  2761   47K   111 31.98   31.93  
c [distill-long-red0] cls tried: 70/70 T: 0.01 T-out: N T-r: 99.83%
c [distill-long-red1] cls tried: 63/2320 T: 0.02 T-out: Y T-r: -1.22%
c rst  geom ibes vmt  2332  1980K 1496      33K   783 5.83    5.75    10087  2810   39K   111 33.27   33.21  
c [full-probe]  bin_only: 0 set: 0 repl: 0 T: 0.01 T-out: N T-r: 97.99%
c [distill-bin] useful: 0/783/783 lits-rem: 0 cl-rem: 0 0-depth-assigns: 0 T: 0.01 T-out: N
c [gauss] XOR-encoding clauses are not detached, so no need to reattach them.
c [g 0] truth-find prop checks  : 2697K
c [g 0] -> of which prop        : 40.43 %
c [g 0] -> of which confl       :  1.12 %
c [g 0] elim called             : 208K
c [g 0] ---> which lead to prop : 52.75 %
c [g 0] ---> which lead to confl:  1.65 %
c [g 0] size: 91    x 557  
c [scc] new: 0 BP 0M T: 0.00
c [vrep] vars 0 lits 0 rem-bin-cls 0 rem-long-cls 0 BP 0M T: 0.00
c [intree] Set 0 vars hyper-added: 0 trans-irred: 0 trans-red: 0 T: 0.01 T-out: N T-r: -0.79%
c [find&init matx] performing matrix init
c [gauss] XOR-encoding clauses are not detached, so no need to reattach them.
c [xor-rem-unconnected] left with 881 xors from 881 non-empty xors T: 0.00
c [xor-together] xored together: 790 orig xors: 881 new xors: 91 T: 0.00
c [xor-rem-unconnected] left with 91 xors from 91 non-empty xors T: 0.00
c [xor-clean-equiv] removed equivalent xors: 0 left with: 91
c [matrix] unused xors from cleaning: 0
c [matrix] Good   matrix 0 91      x557    density:0.0718  xorlen avg: 39.99
c [matrix] Using 1 matrices recovered from 0 xors T: 0.00 T-out: N
c [ccnr] saving best assignment phase to stable_polar
c [ccnr] bumping based on clause weights
c [ccnr] Bumped vars: 105 bump type: 6
c [ccnr] time: 0.28
c rst  geom ibes vmt  2333  1988K 1496      33K   783 5.83    5.75    10090  3074   46K   111 31.99   31.94  
c [distill] watch-based irred--  cl tried 12060    cl-sh 0     cl-rem 0    lit-rem 0      T: 0.01 T-out: N
c [distill] watch-based red  --  cl tried 20180    cl-sh 18    cl-rem 0    lit-rem 28     T: 0.02 T-out: N
c rst  geom ibes vmt  2334  1995K 1496      33K   783 5.83    5.75    10286  4028   38K   111 27.01   26.96  
c [distill-long-red0] cls tried: 241/241 T: 0.02 T-out: N T-r: 99.57%
c [distill-long-red1] cls tried: 52/3646 T: 0.02 T-out: Y T-r: -2.29%
c rst  geom svd  vmt  2335  2004K 1496      33K   783 5.83    5.75    10411  3782   46K   111 25.43   25.39  
c [branch] adjusting to: vsid (from: vmtf) var_decay:0.95 descr: VSIDS
c [full-probe]  bin_only: 1 set: 0 repl: 0 T: 0.00 T-out: N T-r: 99.82%
c [distill-bin] useful: 0/783/783 lits-rem: 0 cl-rem: 0 0-depth-assigns: 0 T: 0.01 T-out: N
c rst  geom svd  vs   2336  2004K 1496      33K   783 5.83    5.75    10411  3782   46K   111 25.46   25.42  
c rst  geom svd  vs   2337  2004K 1496      33K   783 5.83    5.75    10411  3782   46K   111 25.51   25.46  
c rst  geom svd  vs   2338  2004K 1496      33K   783 5.83    5.75    10411  3782   47K   111 25.56   25.52  
c rst  geom svd  vs   2339  2004K 1496      33K   783 5.83    5.75    10411  3782   47K   111 25.59   25.55  
c rst  geom svd  vs   2340  2005K 1496      33K   783 5.83    5.75    10411  3784   47K   111 25.64   25.59  
c rst  geom svd  vs   2341  2005K 1496      33K   783 5.83    5.75    10411  3784   47K   111 25.66   25.62  
c rst  geom svd  vs   2342  2005K 1496      33K   783 5.83    5.75    10411  3786   47K   111 25.71   25.66  
c rst  geom svd  vs   2343  2005K 1496      33K   783 5.83    5.75    10411  3786   47K   111 25.74   25.70  
c rst  geom svd  vs   2344  2005K 1496      33K   783 5.83    5.75    10411  3788   48K   111 25.79   25.75  
c rst  geom svd  vs   2345  2006K 1496      33K   783 5.83    5.75    10411  3789   48K   111 25.84   25.80  
c rst  geom svd  vs   2346  2006K 1496      33K   783 5.83    5.75    10411  3789   48K   111 25.89   25.85  
c rst  geom svd  vs   2347  2006K 1496      33K   783 5.83    5.75    10411  3791   49K   111 25.94   25.90  
c rst  geom svd  vs   2348  2007K 1496      33K   783 5.83    5.75    10411  3794   49K   111 25.97   25.93  
c rst  geom svd  vs   2349  2007K 1496      33K   783 5.83    5.75    10411  3794   49K   111 25.98   25.94  
c rst  geom svd  vs   2350  2007K 1496      33K   783 5.83    5.75    10411  3796   50K   111 26.03   25.98  
c rst  geom svd  vs   2351  2008K 1496      33K   783 5.83    5.75    10411  3796   50K   111 26.11   26.07  
c rst  geom svd  vs   2352  2008K 1496      33K   783 5.83    5.75    10411  3796   51K   111 26.21   26.17  
c rst  geom svd  vs   2353  2009K 1496      33K   783 5.83    5.75    10411  3796   51K   111 26.34   26.30  
c rst  geom svd  vs   2354  2009K 1496      33K   783 5.83    5.75    10411  3799   52K   111 26.43   26.39  
c rst  geom svd  vs   2355  2010K 1496      33K   783 5.83    5.75    10481  3995   38K   111 22.30   22.25  
c rst  geom svd  vs   2356  2011K 1496      33K   783 5.83    5.75    10481  3996   38K   111 22.39   22.35  
c [distill-long-red0] cls tried: 192/192 T: 0.02 T-out: N T-r: 99.47%
c [distill-long-red1] cls tried: 42/3686 T: 0.02 T-out: Y T-r: -5.29%
c rst  geom svd  vs   2357  2012K 1496      33K   783 5.83    5.75    10481  3998   39K   111 22.55   22.51  
c rst  geom svd  vs   2358  2012K 1496      33K   783 5.83    5.75    10481  3998   40K   111 22.71   22.67  
c rst  geom svd  vs   2359  2013K 1496      33K   783 5.83    5.75    10482  4001   41K   111 22.83   22.79  
c [distill] watch-based irred--  cl tried 12060    cl-sh 0     cl-rem 0    lit-rem 0      T: 0.01 T-out: N
c [distill] watch-based red  --  cl tried 18587    cl-sh 8     cl-rem 0    lit-rem 29     T: 0.02 T-out: Y
c rst  geom svd  vs   2360  2014K 1496      33K   783 5.83    5.75    10482  4003   42K   111 22.91   22.87  
c rst  geom svd  vs   2361  2016K 1496      33K   783 5.83    5.75    10482  4003   43K   111 23.01   22.97  
c rst  geom svd  vs   2362  2017K 1496      33K   783 5.83    5.75    10482  4005   44K   111 23.25   23.21  
c rst  geom svd  vs   2363  2018K 1496      33K   783 5.83    5.75    10482  4007   46K   111 23.44   23.40  
c [impl-str] lit bin: 0 set-var: 0 T: 0.00 T-out: N T-r: 99.97% w-visit: 2998
c [impl-sub] bin: 0 T: 0.00 T-out: N w-visit: 2998
c rst  geom svd  vs   2364  2020K 1496      33K   783 5.83    5.75    10510  3917   47K   111 23.54   23.50  
c rst  geom svd  vs   2365  2022K 1496      33K   783 5.83    5.75    10510  3918   49K   111 23.83   23.79  
c rst  geom best vs   2366  2023K 1496      33K   783 5.83    5.75    10510  3924   51K   111 24.19   24.15  
c rst  geom best vs   2367  2025K 1496      33K   783 5.83    5.75    10513  4039   39K   111 22.33   22.29  
c [full-probe]  bin_only: 0 set: 0 repl: 0 T: 0.01 T-out: N T-r: 97.75%
c [distill-bin] useful: 0/783/783 lits-rem: 0 cl-rem: 0 0-depth-assigns: 0 T: 0.00 T-out: N
c [ccnr] saving best assignment phase to stable_polar
c [ccnr] bumping based on var unsat frequency: conflict_ct
c [ccnr] Bumped vars: 1499 bump type: 6
c [ccnr] time: 0.27
c rst  geom best vs   2368  2028K 1496      33K   783 5.83    5.75    10513  4042   41K   111 23.18   23.14  
c [distill-long-red0] cls tried: 39/39 T: 0.00 T-out: N T-r: 99.87%
c [distill-long-red1] cls tried: 35/3700 T: 0.02 T-out: Y T-r: -3.17%
c rst  geom best vs   2369  2030K 1496      33K   783 5.83    5.75    10522  3932   44K   111 23.93   23.89  
c rst  geom best vs   2370  2033K 1496      33K   783 5.83    5.75    10522  3936   46K   111 24.85   24.81  
c rst  geom best vs   2371  2036K 1496      33K   783 5.83    5.75    10522  3938   49K   111 25.19   25.15  
c rst  geom best vs   2372  2039K 1496      33K   783 5.83    5.75    10522  3941   53K   111 25.86   25.82  
c [distill] watch-based irred--  cl tried 12060    cl-sh 0     cl-rem 0    lit-rem 0      T: 0.01 T-out: N
c [distill] watch-based red  --  cl tried 18624    cl-sh 9     cl-rem 0    lit-rem 37     T: 0.03 T-out: Y
c rst  geom best vs   2373  2043K 1496      33K   783 5.83    5.75    10536  3909   42K   111 28.86   28.81  
c [distill-long-red0] cls tried: 29/29 T: 0.01 T-out: N T-r: 99.88%
c [distill-long-red1] cls tried: 45/3560 T: 0.02 T-out: Y T-r: -4.53%
c rst  geom best vs   2374  2047K 1496      33K   783 5.83    5.75    10536  3911   46K   111 30.03   29.97  
c [full-probe]  bin_only: 1 set: 0 repl: 0 T: 0.00 T-out: N T-r: 99.75%
c [distill-bin] useful: 0/783/783 lits-rem: 0 cl-rem: 0 0-depth-assigns: 0 T: 0.01 T-out: N
c [gauss] XOR-encoding clauses are not detached, so no need to reattach them.
c [g 0] truth-find prop checks  : 2902K
c [g 0] -> of which prop        : 41.94 %
c [g 0] -> of which confl       :  1.14 %
c [g 0] elim called             : 215K
c [g 0] ---> which lead to prop : 48.81 %
c [g 0] ---> which lead to confl:  1.46 %
c [g 0] size: 91    x 557  
c [scc] new: 0 BP 0M T: 0.00
c [vrep] vars 0 lits 0 rem-bin-cls 0 rem-long-cls 0 BP 0M T: 0.01
c [intree] Set 0 vars hyper-added: 0 trans-irred: 0 trans-red: 0 T: 0.01 T-out: N T-r: -0.69%
c [find&init matx] performing matrix init
c [gauss] XOR-encoding clauses are not detached, so no need to reattach them.
c [xor-rem-unconnected] left with 881 xors from 881 non-empty xors T: 0.00
c [xor-together] xored together: 790 orig xors: 881 new xors: 91 T: 0.00
c [xor-rem-unconnected] left with 91 xors from 91 non-empty xors T: 0.00
c [xor-clean-equiv] removed equivalent xors: 0 left with: 91
c [matrix] unused xors from cleaning: 0
c [matrix] Good   matrix 0 91      x557    density:0.0718  xorlen avg: 39.99
c [matrix] Using 1 matrices recovered from 0 xors T: 0.00 T-out: N
c rst  geom stb  vs   2375  2051K 1496      33K   783 5.83    5.75    10545  3760   50K   111 31.16   31.11  
c rst  geom stb  vs   2376  2056K 1496      33K   783 5.83    5.75    10549  3830   40K   111 31.96   31.90  
c rst  geom stb  vs   2377  2061K 1496      33K   783 5.83    5.75    10563  2855   46K   111 32.37   32.31  
c [distill-long-red0] cls tried: 27/27 T: 0.00 T-out: N T-r: 99.95%
c [distill-long-red1] cls tried: 47/2521 T: 0.02 T-out: Y T-r: -2.87%
c rst  geom stb  vs   2378  2067K 1496      33K   783 5.83    5.75    10563  2868   52K   111 32.76   32.71  
c [full-probe]  bin_only: 0 set: 0 repl: 0 T: 0.01 T-out: N T-r: 97.21%
c [distill-bin] useful: 0/783/783 lits-rem: 0 cl-rem: 0 0-depth-assigns: 0 T: 0.01 T-out: N
c [distill] watch-based irred--  cl tried 12060    cl-sh 0     cl-rem 0    lit-rem 0      T: 0.01 T-out: N
c [distill] watch-based red  --  cl tried 21126    cl-sh 1     cl-rem 0    lit-rem 1      T: 0.02 T-out: N
c rst  geom stb  vs   2379  2074K 1496      33K   783 5.83    5.75    10590  1885   45K   111 32.07   32.02  
c [ccnr] saving best assignment phase to stable_polar
c [ccnr] bumping based on var unsat frequency: conflict_ct
c [ccnr] Bumped vars: 1499 bump type: 6
c [ccnr] time: 0.27
c rst  geom ibes vs   2380  2081K 1496      33K   783 5.83    5.75    10604  1335   52K   111 32.68   32.62  
c [distill-long-red0] cls tried: 41/41 T: 0.01 T-out: N T-r: 99.87%
c [distill-long-red1] cls tried: 55/1144 T: 0.02 T-out: Y T-r: -3.40%
c [impl-str] lit bin: 0 set-var: 0 T: 0.00 T-out: N T-r: 99.97% w-visit: 2998
c [impl-sub] bin: 0 T: 0.00 T-out: N w-visit: 2998
c rst  geom ibes vs   2381  2088K 1496      33K   783 5.83    5.75    10606  1456   45K   111 30.65   30.59  
c [full-probe]  bin_only: 1 set: 0 repl: 0 T: 0.00 T-out: N T-r: 99.83%
c [distill-bin] useful: 0/783/783 lits-rem: 0 cl-rem: 0 0-depth-assigns: 0 T: 0.01 T-out: N
c rst  geom ibes vs   2382  2097K 1496      33K   783 5.83    5.75    10624  1305   53K   111 31.41   31.36  
c [distill-long-red0] cls tried: 20/20 T: 0.00 T-out: N T-r: 99.94%
c [distill-long-red1] cls tried: 54/1080 T: 0.02 T-out: Y T-r: -2.42%
c [distill] watch-based irred--  cl tried 12060    cl-sh 0     cl-rem 0    lit-rem 0      T: 0.01 T-out: N
c [distill] watch-based red  --  cl tried 21248    cl-sh 11    cl-rem 0    lit-rem 11     T: 0.02 T-out: N
c rst  geom ibes vs   2383  2106K 1496      33K   783 5.83    5.75    10636  1397   46K   111 29.07   29.02  
c rst  geom svd  vs   2384  2114K 1496      33K   783 5.83    5.75    10663  1287   54K   111 29.33   29.28  
c recursive minimization cost OK: 2715Kcost/(% lits removed)
c [gauss] XOR-encoding clauses are not detached, so no need to reattach them.
c [g 0] truth-find prop checks  : 2586K
c [g 0] -> of which prop        : 49.15 %
c [g 0] -> of which confl       :  0.97 %
c [g 0] elim called             : 186K
c [g 0] ---> which lead to prop : 61.15 %
c [g 0] ---> which lead to confl:  2.17 %
c [g 0] size: 91    x 557  
c --> Executing strategy token: scc-vrepl
c [scc] new: 0 BP 0M T: 0.00
c --> Executing strategy token: sub-impl
c [impl-sub] bin: 0 T: 0.00 T-out: N w-visit: 2998
c --> Executing strategy token: breakid
c --> Executing OCC strategy token(s): 'occ-backw-sub-str,occ-clean-implicit,occ-bve,occ-bva,occ-ternary-res,occ-xor,'
c [occ] mem usage for occur 3      MB
c [occ] Linked in IRRED BIN by default: 783
c [occ] Linked in RED   BIN by default: 111
c [occ] mem usage for occur 1      MB
c Mem for watch alloc      : 25          MB (36.34     %)
c Mem for watch array      : 0           MB (0.10      %)
c --> Executing OCC strategy token: occ-backw-sub-str
c [occ-backw-sub-str-long-w-bins] subs: 0 str: 16 tried: 13083 0-depth ass: 0 T: 0.00 T-out: N T-r: 99.27%
c [occ-backw-sub-long-w-long] rem cl: 120 tried: 99446/99446 (100.0%) T: 0.03 T-out: N T-r: 88.11%
c [occ-backw-sub-str-long-w-long] sub: 2 str: 132 tried: 298338/99446 (300.0)  T: 0.22 T-out: N T-r: 73.38%
c --> Executing OCC strategy token: occ-clean-implicit
c --> Executing OCC strategy token: occ-bve
c [occ-empty-res] Empty resolvent elimed: 0 T: 0.00 T-out: N
c [occ-bve] iter v-elim 0
c cl_inc_rate=1.0, var_dec_rate=1.0 (grow=0)
c Reduced to 1496 vars, 34090 cls (grow=0)
c [occ-bve] iter v-elim 0
c cl_inc_rate=1.0, var_dec_rate=1.0 (grow=8)
c Reduced to 1496 vars, 34090 cls (grow=8)
c [occ-bve] iter v-elim 0
c cl_inc_rate=1.0, var_dec_rate=1.0 (grow=16)
c Reduced to 1496 vars, 34090 cls (grow=16)
c x n vars       : 1496
c #try to eliminate:  4488
c #var-elim        :     0
c #T-o: N
c #T-r: 99.99%
c #T  : 0.30
c [occur] 0.04 is overhead
c [occur] link-in T: 0.04 cleanup T: 0.00
c --> Executing OCC strategy token: occ-bva
c --> Executing OCC strategy token: occ-ternary-res
c [occ-ternary-res] Ternary res-tri: 0 res-bin: 0 sub: 0 str: 0 T: 0.00 T-out: N T-r: 99.85%
c --> Executing OCC strategy token: occ-xor
c [occ-xor] sort occur list T: 0.00
c [xor-clean-equiv] removed equivalent xors: 0 left with: 876
c [occ-xor] found    876 avg sz 5.9 min sz  4 max sz  6 T: 0.01 T-out: N T-r: 99.98%
c --> Executing strategy token: card-find
c --> Executing strategy token: cl-consolidate
c Not consolidating memory.
c --> Executing strategy token: scc-vrepl
c [scc] new: 0 BP 0M T: 0.00
c --> Executing strategy token: renumber
c --> Executing strategy token: bosphorus
c --> Executing strategy token: louvain-comms
c [consolidate] mini T: 0.00
c global_timeout_multiplier: 7.0738
c [branch] rebuilding order heap for all branchings. Current branching: vsid
c [find&init matx] performing matrix init
c [gauss] XOR-encoding clauses are not detached, so no need to reattach them.
c [xor-rem-unconnected] left with 876 xors from 876 non-empty xors T: 0.00
c [xor-together] xored together: 785 orig xors: 876 new xors: 91 T: 0.00
c [xor-rem-unconnected] left with 91 xors from 91 non-empty xors T: 0.00
c [xor-clean-equiv] removed equivalent xors: 0 left with: 91
c [matrix] unused xors from cleaning: 0
c [matrix] Good   matrix  0     91 x  558  density:0.0713  xorlen avg: 39.77
c [matrix] Using 1 matrices recovered from 0 xors T: 0.00 T-out: N
c [distill-long-red0] cls tried: 51/51 T: 0.01 T-out: N T-r: 99.83%
c [distill-long-red1] cls tried: 46/1206 T: 0.02 T-out: Y T-r: -4.11%
c [full-probe]  bin_only: 0 set: 0 repl: 0 T: 0.02 T-out: N T-r: 95.41%
c [distill-bin] useful: 0/783/783 lits-rem: 0 cl-rem: 0 0-depth-assigns: 0 T: 0.01 T-out: N
c [gauss] XOR-encoding clauses are not detached, so no need to reattach them.
c [g 0] truth-find prop checks  : 0
c [g 0] -> of which prop        :  0.00 %
c [g 0] -> of which confl       :  0.00 %
c [g 0] elim called             : 0
c [g 0] ---> which lead to prop :  0.00 %
c [g 0] ---> which lead to confl:  0.00 %
c [g 0] size: 91    x 558  
c [scc] new: 0 BP 0M T: 0.00
c [vrep] vars 0 lits 0 rem-bin-cls 0 rem-long-cls 0 BP 0M T: 0.01
c [intree] Set 0 vars hyper-added: 2 trans-irred: 0 trans-red: 0 T: 0.01 T-out: N T-r: -0.14%
c [find&init matx] performing matrix init
c [gauss] XOR-encoding clauses are not detached, so no need to reattach them.
c [xor-rem-unconnected] left with 876 xors from 876 non-empty xors T: 0.00
c [xor-together] xored together: 785 orig xors: 876 new xors: 91 T: 0.00
c [xor-rem-unconnected] left with 91 xors from 91 non-empty xors T: 0.00
c [xor-clean-equiv] removed equivalent xors: 0 left with: 91
c [matrix] unused xors from cleaning: 0
c [matrix] Good   matrix 0 91      x558    density:0.0713  xorlen avg: 39.77
c [matrix] Using 1 matrices recovered from 0 xors T: 0.00 T-out: N
c rst  geom svd  vs   2385  2117K 1496      33K   783 5.83    5.75    10549  1467   41K   113 27.58   27.53  
c rst  geom svd  vs   2386  2128K 1496      33K   783 5.83    5.75    10566  1425   52K   113 27.92   27.88  
c [distill] watch-based irred--  cl tried 12378    cl-sh 0     cl-rem 0    lit-rem 0      T: 0.01 T-out: N
c [distill] watch-based red  --  cl tried 20942    cl-sh 2     cl-rem 0    lit-rem 3      T: 0.02 T-out: Y
c [ccnr] saving best assignment phase to stable_polar
c [ccnr] bumping based on clause weights
c [ccnr] Bumped vars: 103 bump type: 6
c [ccnr] time: 0.28
c rst  geom svd  vs   2387  2141K 1496      33K   783 5.83    5.75    10612  1473   50K   113 26.10   26.06  
c [distill-long-red0] cls tried: 59/59 T: 0.01 T-out: N T-r: 99.77%
c [distill-long-red1] cls tried: 40/1203 T: 0.02 T-out: Y T-r: -5.05%
c [full-probe]  bin_only: 1 set: 0 repl: 0 T: 0.01 T-out: N T-r: 99.73%
c [distill-bin] useful: 0/783/783 lits-rem: 0 cl-rem: 0 0-depth-assigns: 0 T: 0.01 T-out: N
c rst  geom best vs   2388  2154K 1496      33K   783 5.83    5.75    10625  1593   48K   113 26.79   26.74  
c [distill] watch-based irred--  cl tried 12378    cl-sh 0     cl-rem 0    lit-rem 0      T: 0.01 T-out: N
c [distill] watch-based red  --  cl tried 21250    cl-sh 5     cl-rem 0    lit-rem 6      T: 0.02 T-out: N
c [impl-str] lit bin: 0 set-var: 0 T: 0.00 T-out: N T-r: 99.97% w-visit: 2998
c [impl-sub] bin: 0 T: 0.00 T-out: N w-visit: 2998
c rst  geom best vs   2389  2169K 1496      33K   783 5.83    5.75    10635  1660   48K   113 27.86   27.81  
c [distill-long-red0] cls tried: 21/21 T: 0.00 T-out: N T-r: 99.93%
c [distill-long-red1] cls tried: 43/1359 T: 0.02 T-out: Y T-r: -2.36%
c [full-probe]  bin_only: 0 set: 0 repl: 0 T: 0.01 T-out: N T-r: 96.55%
c [distill-bin] useful: 0/783/783 lits-rem: 0 cl-rem: 0 0-depth-assigns: 0 T: 0.01 T-out: N
c rst  geom stb  vs   2390  2186K 1496      33K   783 5.83    5.75    10656  1631   50K   113 31.25   31.20  
c [distill-long-red0] cls tried: 21/21 T: 0.00 T-out: N T-r: 99.94%
c [distill-long-red1] cls tried: 58/1314 T: 0.02 T-out: Y T-r: -1.92%
c [distill] watch-based irred--  cl tried 12378    cl-sh 0     cl-rem 0    lit-rem 0      T: 0.01 T-out: N
c [distill] watch-based red  --  cl tried 21312    cl-sh 2     cl-rem 0    lit-rem 2      T: 0.02 T-out: N
c [gauss] XOR-encoding clauses are not detached, so no need to reattach them.
c [g 0] truth-find prop checks  : 2565K
c [g 0] -> of which prop        : 49.41 %
c [g 0] -> of which confl       :  0.95 %
c [g 0] elim called             : 191K
c [g 0] ---> which lead to prop : 59.62 %
c [g 0] ---> which lead to confl:  2.15 %
c [g 0] size: 91    x 558  
c [scc] new: 0 BP 0M T: 0.00
c [vrep] vars 0 lits 0 rem-bin-cls 0 rem-long-cls 0 BP 0M T: 0.00
c [intree] Set 0 vars hyper-added: 0 trans-irred: 0 trans-red: 0 T: 0.01 T-out: N T-r: -0.56%
c [find&init matx] performing matrix init
c [gauss] XOR-encoding clauses are not detached, so no need to reattach them.
c [xor-rem-unconnected] left with 876 xors from 876 non-empty xors T: 0.00
c [xor-together] xored together: 785 orig xors: 876 new xors: 91 T: 0.00
c [xor-rem-unconnected] left with 91 xors from 91 non-empty xors T: 0.00
c [xor-clean-equiv] removed equivalent xors: 0 left with: 91
c [matrix] unused xors from cleaning: 0
c [matrix] Good   matrix 0 91      x558    density:0.0713  xorlen avg: 39.77
c [matrix] Using 1 matrices recovered from 0 xors T: 0.00 T-out: N
c [ccnr] saving best assignment phase to stable_polar
c [ccnr] bumping based on var unsat frequency: conflict_ct
c [ccnr] Bumped vars: 1499 bump type: 6
c [ccnr] time: 0.27
c rst  geom stb  vs   2391  2204K 1496      33K   783 5.83    5.75    10675  1485   53K   113 35.42   35.37  
c [distill-long-red0] cls tried: 20/20 T: 0.00 T-out: N T-r: 99.96%
c [distill-long-red1] cls tried: 67/1162 T: 0.02 T-out: Y T-r: -2.12%
c [full-probe]  bin_only: 1 set: 0 repl: 0 T: 0.01 T-out: N T-r: 99.79%
c [distill-bin] useful: 0/783/783 lits-rem: 0 cl-rem: 0 0-depth-assigns: 0 T: 0.01 T-out: N
c rst  geom ibes vs   2392  2225K 1496      33K   783 5.83    5.75    10735  1501   43K   113 33.48   33.41  
c [branch] adjusting to: vmtf (from: vsid) var_decay:0.95 descr: VMTF
c [distill-long-red0] cls tried: 57/57 T: 0.01 T-out: N T-r: 99.90%
c [distill-long-red1] cls tried: 83/1199 T: 0.02 T-out: Y T-r: -1.32%
c [full-probe]  bin_only: 0 set: 0 repl: 0 T: 0.01 T-out: N T-r: 98.04%
c [distill-bin] useful: 0/783/783 lits-rem: 0 cl-rem: 0 0-depth-assigns: 0 T: 0.01 T-out: N
c [distill] watch-based irred--  cl tried 12378    cl-sh 0     cl-rem 0    lit-rem 0      T: 0.00 T-out: N
c [distill] watch-based red  --  cl tried 21470    cl-sh 5     cl-rem 0    lit-rem 6      T: 0.02 T-out: N
c [impl-str] lit bin: 0 set-var: 0 T: 0.00 T-out: N T-r: 99.97% w-visit: 2998
c [impl-sub] bin: 0 T: 0.00 T-out: N w-visit: 2998
c rst  luby ibes vmt  2393  2225K 1496      33K   783 5.83    5.75    10740  1522   43K   114 33.45   33.39  
c rst  luby ibes vmt  2394  2225K 1496      33K   783 5.83    5.75    10740  1525   43K   114 33.45   33.39  
c rst  luby ibes vmt  2395  2225K 1496      33K   783 5.83    5.75    10740  1527   44K   114 33.42   33.36  
c rst  luby ibes vmt  2396  2225K 1496      33K   783 5.83    5.75    10740  1528   44K   114 33.41   33.34  
c rst  luby ibes vmt  2397  2225K 1496      33K   783 5.83    5.75    10740  1530   44K   114 33.41   33.34  
c rst  luby ibes vmt  2398  2225K 1496      33K   783 5.83    5.75    10740  1531   44K   114 33.42   33.36  
c rst  luby ibes vmt  2399  2226K 1496      33K   783 5.83    5.75    10740  1532   44K   114 33.43   33.37  
c rst  luby ibes vmt  2400  2226K 1496      33K   783 5.83    5.75    10740  1532   45K   114 33.44   33.38  
c rst  luby ibes vmt  2401  2226K 1496      33K   783 5.83    5.75    10740  1532   45K   114 33.45   33.39  
c rst  luby ibes vmt  2402  2226K 1496      33K   783 5.83    5.75    10740  1532   45K   114 33.43   33.36  
c rst  luby ibes vmt  2403  2226K 1496      33K   783 5.83    5.75    10740  1532   45K   114 33.42   33.36  
c rst  luby ibes vmt  2404  2226K 1496      33K   783 5.83    5.75    10740  1532   45K   114 33.42   33.35  
c rst  luby ibes vmt  2405  2227K 1496      33K   783 5.83    5.75    10740  1532   45K   114 33.43   33.37  
c rst  luby ibes vmt  2406  2227K 1496      33K   783 5.83    5.75    10740  1532   46K   114 33.39   33.33  
c rst  luby ibes vmt  2407  2228K 1496      33K   783 5.83    5.75    10741  1534   46K   114 33.33   33.27  
c rst  luby ibes vmt  2408  2228K 1496      33K   783 5.83    5.75    10741  1534   47K   114 33.34   33.28  
c rst  luby ibes vmt  2409  2228K 1496      33K   783 5.83    5.75    10741  1534   47K   114 33.35   33.29  
c rst  luby ibes vmt  2410  2228K 1496      33K   783 5.83    5.75    10741  1534   47K   114 33.35   33.29  
c rst  luby ibes vmt  2411  2228K 1496      33K   783 5.83    5.75    10741  1534   47K   114 33.34   33.28  
c rst  luby ibes vmt  2412  2228K 1496      33K   783 5.83    5.75    10741  1534   47K   114 33.34   33.28  
c rst  luby ibes vmt  2413  2229K 1496      33K   783 5.83    5.75    10741  1534   47K   114 33.35   33.29  
c rst  luby ibes vmt  2414  2229K 1496      33K   783 5.83    5.75    10741  1536   48K   114 33.34   33.28  
c rst  luby ibes vmt  2415  2229K 1496      33K   783 5.83    5.75    10741  1537   48K   114 33.35   33.29  
c rst  luby ibes vmt  2416  2229K 1496      33K   783 5.83    5.75    10741  1537   48K   114 33.34   33.29  
c rst  luby ibes vmt  2417  2229K 1496      33K   783 5.83    5.75    10741  1538   48K   114 33.35   33.29  
c rst  luby ibes vmt  2418  2229K 1496      33K   783 5.83    5.75    10741  1540   48K   114 33.36   33.30  
c rst  luby ibes vmt  2419  2230K 1496      33K   783 5.83    5.75    10741  1540   48K   114 33.36   33.30  
c rst  luby ibes vmt  2420  2230K 1496      33K   783 5.83    5.75    10770  1391   49K   114 33.36   33.30  
c rst  luby ibes vmt  2421  2230K 1496      33K   783 5.83    5.75    10770  1391   49K   114 33.35   33.30  
c [ccnr] saving best assignment phase to stable_polar
c [ccnr] bumping based on var unsat frequency: conflict_ct
c [ccnr] Bumped vars: 1499 bump type: 6
c [ccnr] time: 0.28
c rst  luby ibes vmt  2422  2231K 1496      33K   783 5.83    5.75    10775  1448   50K   114 33.61   33.56  
c rst  luby ibes vmt  2423  2233K 1496      33K   783 5.83    5.75    10775  1455   51K   114 33.78   33.72  
c rst  luby svd  vmt  2424  2233K 1496      33K   783 5.83    5.75    10775  1456   51K   114 33.79   33.73  
c rst  luby svd  vmt  2425  2233K 1496      33K   783 5.83    5.75    10775  1457   52K   114 33.80   33.74  
c rst  luby svd  vmt  2426  2233K 1496      33K   783 5.83    5.75    10775  1461   52K   114 33.82   33.76  
c rst  luby svd  vmt  2427  2233K 1496      33K   783 5.83    5.75    10775  1462   52K   114 33.83   33.78  
c rst  luby svd  vmt  2428  2233K 1496      33K   783 5.83    5.75    10775  1462   52K   114 33.84   33.78  
c rst  luby svd  vmt  2429  2233K 1496      33K   783 5.83    5.75    10775  1462   52K   114 33.84   33.79  
c rst  luby svd  vmt  2430  2234K 1496      33K   783 5.83    5.75    10775  1462   53K   114 33.83   33.77  
c rst  luby svd  vmt  2431  2234K 1496      33K   783 5.83    5.75    10775  1463   53K   114 33.85   33.79  
c rst  luby svd  vmt  2432  2234K 1496      33K   783 5.83    5.75    10775  1463   53K   114 33.85   33.79  
c rst  luby svd  vmt  2433  2234K 1496      33K   783 5.83    5.75    10775  1463   53K   114 33.84   33.78  
c rst  luby svd  vmt  2434  2234K 1496      33K   783 5.83    5.75    10775  1463   53K   114 33.85   33.80  
c rst  luby svd  vmt  2435  2234K 1496      33K   783 5.83    5.75    10775  1464   53K   114 33.86   33.81  
c rst  luby svd  vmt  2436  2235K 1496      33K   783 5.83    5.75    10789  1644   38K   114 30.61   30.54  
c rst  luby svd  vmt  2437  2235K 1496      33K   783 5.83    5.75    10789  1646   38K   114 30.62   30.56  
c rst  luby svd  vmt  2438  2236K 1496      33K   783 5.83    5.75    10789  1654   39K   114 30.73   30.67  
c rst  luby svd  vmt  2439  2236K 1496      33K   783 5.83    5.75    10789  1654   39K   114 30.75   30.69  
c rst  luby svd  vmt  2440  2236K 1496      33K   783 5.83    5.75    10789  1655   39K   114 30.78   30.72  
c rst  luby svd  vmt  2441  2236K 1496      33K   783 5.83    5.75    10789  1657   40K   114 30.84   30.77  
c rst  luby svd  vmt  2442  2236K 1496      33K   783 5.83    5.75    10789  1657   40K   114 30.87   30.81  
c rst  luby svd  vmt  2443  2236K 1496      33K   783 5.83    5.75    10789  1657   40K   114 30.90   30.84  
c rst  luby svd  vmt  2444  2237K 1496      33K   783 5.83    5.75    10789  1657   40K   114 30.94   30.87  
c rst  luby svd  vmt  2445  2237K 1496      33K   783 5.83    5.75    10789  1660   40K   114 31.09   31.03  
c rst  luby svd  vmt  2446  2237K 1496      33K   783 5.83    5.75    10789  1660   41K   114 31.13   31.07  
c rst  luby svd  vmt  2447  2237K 1496      33K   783 5.83    5.75    10789  1660   41K   114 31.19   31.13  
c rst  luby svd  vmt  2448  2237K 1496      33K   783 5.83    5.75    10789  1661   41K   114 31.21   31.15  
c rst  luby svd  vmt  2449  2238K 1496      33K   783 5.83    5.75    10789  1661   41K   114 31.25   31.19  
c rst  luby svd  vmt  2450  2238K 1496      33K   783 5.83    5.75    10789  1661   41K   114 31.26   31.20  
c rst  luby svd  vmt  2451  2238K 1496      33K   783 5.83    5.75    10789  1662   41K   114 31.32   31.26  
c rst  luby svd  vmt  2452  2238K 1496      33K   783 5.83    5.75    10789  1662   42K   114 31.44   31.37  
c rst  luby svd  vmt  2453  2239K 1496      33K   783 5.83    5.75    10789  1664   42K   114 31.65   31.59  
c rst  luby svd  vmt  2454  2241K 1496      33K   783 5.83    5.75    10838  1518   44K   114 31.78   31.72  
c [distill-long-red0] cls tried: 103/103 T: 0.01 T-out: N T-r: 99.79%
c [distill-long-red1] cls tried: 61/1176 T: 0.02 T-out: Y T-r: -1.61%
c rst  luby svd  vmt  2455  2244K 1496      33K   783 5.83    5.75    10839  1534   47K   114 31.78   31.72  
c rst  luby svd  vmt  2456  2244K 1496      33K   783 5.83    5.75    10839  1534   47K   114 31.80   31.74  
c rst  luby svd  vmt  2457  2244K 1496      33K   783 5.83    5.75    10839  1534   48K   114 31.82   31.77  
c rst  luby svd  vmt  2458  2244K 1496      33K   783 5.83    5.75    10839  1535   48K   114 31.85   31.80  
c rst  luby svd  vmt  2459  2244K 1496      33K   783 5.83    5.75    10839  1536   48K   114 31.86   31.80  
c rst  luby svd  vmt  2460  2244K 1496      33K   783 5.83    5.75    10839  1538   48K   114 31.89   31.84  
c rst  luby svd  vmt  2461  2245K 1496      33K   783 5.83    5.75    10839  1539   48K   114 31.95   31.90  
c [full-probe]  bin_only: 1 set: 0 repl: 0 T: 0.00 T-out: N T-r: 99.84%
c [distill-bin] useful: 0/783/783 lits-rem: 0 cl-rem: 0 0-depth-assigns: 0 T: 0.01 T-out: N
c rst  luby svd  vmt  2462  2245K 1496      33K   783 5.83    5.75    10839  1541   49K   114 31.96   31.91  
c rst  luby svd  vmt  2463  2245K 1496      33K   783 5.83    5.75    10839  1542   49K   114 31.97   31.91  
c rst  luby svd  vmt  2464  2245K 1496      33K   783 5.83    5.75    10839  1542   49K   114 31.99   31.93  
c rst  luby svd  vmt  2465  2245K 1496      33K   783 5.83    5.75    10839  1542   49K   114 32.03   31.98  
c rst  luby svd  vmt  2466  2246K 1496      33K   783 5.83    5.75    10839  1542   49K   114 32.05   32.00  
c rst  luby svd  vmt  2467  2246K 1496      33K   783 5.83    5.75    10839  1542   49K   114 32.06   32.01  
c rst  luby svd  vmt  2468  2246K 1496      33K   783 5.83    5.75    10839  1545   49K   114 32.09   32.04  
c rst  luby svd  vmt  2469  2246K 1496      33K   783 5.83    5.75    10841  1548   50K   114 32.14   32.08  
c rst  luby svd  vmt  2470  2247K 1496      33K   783 5.83    5.75    10841  1551   51K   114 32.41   32.35  
c rst  luby svd  vmt  2471  2247K 1496      33K   783 5.83    5.75    10841  1551   51K   114 32.42   32.37  
c rst  luby svd  vmt  2472  2247K 1496      33K   783 5.83    5.75    10841  1551   51K   114 32.42   32.37  
c rst  luby svd  vmt  2473  2247K 1496      33K   783 5.83    5.75    10841  1551   51K   114 32.46   32.40  
c rst  luby svd  vmt  2474  2248K 1496      33K   783 5.83    5.75    10841  1551   51K   114 32.45   32.40  
c rst  luby svd  vmt  2475  2248K 1496      33K   783 5.83    5.75    10841  1551   51K   114 32.46   32.40  
c rst  luby svd  vmt  2476  2248K 1496      33K   783 5.83    5.75    10842  1553   51K   114 32.47   32.42  
c rst  luby svd  vmt  2477  2248K 1496      33K   783 5.83    5.75    10842  1554   52K   114 32.50   32.44  
c rst  luby svd  vmt  2478  2248K 1496      33K   783 5.83    5.75    10842  1554   52K   114 32.50   32.45  
c rst  luby svd  vmt  2479  2248K 1496      33K   783 5.83    5.75    10842  1554   52K   114 32.51   32.46  
c rst  luby svd  vmt  2480  2249K 1496      33K   783 5.83    5.75    10842  1554   52K   114 32.52   32.47  
c rst  luby svd  vmt  2481  2249K 1496      33K   783 5.83    5.75    10842  1554   52K   114 32.53   32.48  
c rst  luby svd  vmt  2482  2249K 1496      33K   783 5.83    5.75    10842  1554   52K   114 32.55   32.49  
c rst  luby svd  vmt  2483  2249K 1496      33K   783 5.83    5.75    10842  1557   53K   114 32.55   32.49  
c rst  luby svd  vmt  2484  2249K 1496      33K   783 5.83    5.75    10842  1557   53K   114 32.61   32.55  
c rst  luby svd  vmt  2485  2250K 1496      33K   783 5.83    5.75    10886  1727   38K   114 29.81   29.75  
c [distill] watch-based irred--  cl tried 12378    cl-sh 0     cl-rem 0    lit-rem 0      T: 0.00 T-out: N
c [distill] watch-based red  --  cl tried 21772    cl-sh 18    cl-rem 0    lit-rem 34     T: 0.02 T-out: N
c rst  luby svd  vmt  2486  2252K 1496      33K   783 5.83    5.75    10886  1740   39K   114 30.26   30.20  
c [gauss] XOR-encoding clauses are not detached, so no need to reattach them.
c [g 0] truth-find prop checks  : 2439K
c [g 0] -> of which prop        : 49.10 %
c [g 0] -> of which confl       :  1.07 %
c [g 0] elim called             : 184K
c [g 0] ---> which lead to prop : 62.89 %
c [g 0] ---> which lead to confl:  2.52 %
c [g 0] size: 91    x 558  
c [scc] new: 0 BP 0M T: 0.00
c [vrep] vars 0 lits 0 rem-bin-cls 0 rem-long-cls 0 BP 0M T: 0.00
c [intree] Set 0 vars hyper-added: 0 trans-irred: 0 trans-red: 0 T: 0.01 T-out: N T-r: -0.66%
c [find&init matx] performing matrix init
c [gauss] XOR-encoding clauses are not detached, so no need to reattach them.
c [xor-rem-unconnected] left with 876 xors from 876 non-empty xors T: 0.00
c [xor-together] xored together: 785 orig xors: 876 new xors: 91 T: 0.00
c [xor-rem-unconnected] left with 91 xors from 91 non-empty xors T: 0.00
c [xor-clean-equiv] removed equivalent xors: 0 left with: 91
c [matrix] unused xors from cleaning: 0
c [matrix] Good   matrix 0 91      x558    density:0.0713  xorlen avg: 39.77
c [matrix] Using 1 matrices recovered from 0 xors T: 0.00 T-out: N
c rst  luby svd  vmt  2487  2252K 1496      33K   783 5.83    5.75    10886  1740   40K   114 30.28   30.22  
c rst  luby svd  vmt  2488  2252K 1496      33K   783 5.83    5.75    10886  1740   40K   114 30.27   30.21  
c rst  luby svd  vmt  2489  2252K 1496      33K   783 5.83    5.75    10886  1740   40K   114 30.28   30.22  
c rst  luby svd  vmt  2490  2252K 1496      33K   783 5.83    5.75    10886  1740   40K   114 30.30   30.24  
c rst  luby svd  vmt  2491  2252K 1496      33K   783 5.83    5.75    10886  1740   40K   114 30.30   30.24  
c rst  luby svd  vmt  2492  2253K 1496      33K   783 5.83    5.75    10886  1740   40K   114 30.34   30.28  
c rst  luby svd  vmt  2493  2253K 1496      33K   783 5.83    5.75    10886  1740   41K   114 30.42   30.36  
c rst  luby svd  vmt  2494  2253K 1496      33K   783 5.83    5.75    10886  1740   41K   114 30.45   30.39  
c rst  luby svd  vmt  2495  2253K 1496      33K   783 5.83    5.75    10886  1741   41K   114 30.48   30.42  
c rst  luby svd  vmt  2496  2253K 1496      33K   783 5.83    5.75    10887  1742   41K   114 30.50   30.44  
c rst  luby svd  vmt  2497  2254K 1496      33K   783 5.83    5.75    10887  1744   41K   114 30.53   30.47  
c rst  luby svd  vmt  2498  2254K 1496      33K   783 5.83    5.75    10887  1744   41K   114 30.56   30.50  
c rst  luby svd  vmt  2499  2254K 1496      33K   783 5.83    5.75    10887  1744   42K   114 30.57   30.51  
c rst  luby svd  vmt  2500  2254K 1496      33K   783 5.83    5.75    10887  1744   42K   114 30.57   30.51  
c rst  luby svd  vmt  2501  2255K 1496      33K   783 5.83    5.75    10887  1750   43K   114 31.00   30.94  
c rst  luby svd  vmt  2502  2255K 1496      33K   783 5.83    5.75    10887  1751   43K   114 31.01   30.95  
c rst  luby svd  vmt  2503  2255K 1496      33K   783 5.83    5.75    10887  1751   43K   114 31.04   30.98  
c rst  luby svd  vmt  2504  2256K 1496      33K   783 5.83    5.75    10887  1751   43K   114 31.08   31.03  
c rst  luby svd  vmt  2505  2256K 1496      33K   783 5.83    5.75    10887  1751   43K   114 31.11   31.05  
c rst  luby svd  vmt  2506  2256K 1496      33K   783 5.83    5.75    10887  1752   43K   114 31.13   31.07  
c [distill-long-red0] cls tried: 53/53 T: 0.00 T-out: N T-r: 99.88%
c [distill-long-red1] cls tried: 77/1350 T: 0.02 T-out: Y T-r: -1.08%
c rst  luby svd  vmt  2507  2256K 1496      33K   783 5.83    5.75    10887  1752   44K   114 31.14   31.08  
c rst  luby svd  vmt  2508  2256K 1496      33K   783 5.83    5.75    10887  1755   44K   114 31.18   31.12  
c rst  luby svd  vmt  2509  2256K 1496      33K   783 5.83    5.75    10887  1755   44K   114 31.19   31.13  
c rst  luby svd  vmt  2510  2257K 1496      33K   783 5.83    5.75    10887  1755   44K   114 31.21   31.15  
c rst  luby svd  vmt  2511  2257K 1496      33K   783 5.83    5.75    10887  1755   44K   114 31.23   31.17  
c rst  luby svd  vmt  2512  2257K 1496      33K   783 5.83    5.75    10887  1755   44K   114 31.25   31.20  
c rst  luby svd  vmt  2513  2257K 1496      33K   783 5.83    5.75    10887  1755   45K   114 31.26   31.20  
c rst  luby svd  vmt  2514  2257K 1496      33K   783 5.83    5.75    10887  1756   45K   114 31.26   31.21  
c rst  luby svd  vmt  2515  2258K 1496      33K   783 5.83    5.75    10887  1759   45K   114 31.26   31.20  
c rst  luby svd  vmt  2516  2258K 1496      33K   783 5.83    5.75    10887  1760   46K   114 31.33   31.27  
c rst  luby svd  vmt  2517  2260K 1496      33K   783 5.83    5.75    10912  1727   48K   114 31.79   31.74  
c rst  luby svd  vmt  2518  2263K 1496      33K   783 5.83    5.75    10912  1736   51K   114 32.31   32.26  
c rst  geom best vmt  2519  2263K 1496      33K   783 5.83    5.75    10912  1736   51K   114 32.34   32.29  
c rst  geom best vmt  2520  2263K 1496      33K   783 5.83    5.75    10912  1736   51K   114 32.35   32.29  
c rst  geom best vmt  2521  2264K 1496      33K   783 5.83    5.75    10912  1736   51K   114 32.37   32.31  
c rst  geom best vmt  2522  2264K 1496      33K   783 5.83    5.75    10912  1737   51K   114 32.39   32.34  
c rst  geom best vmt  2523  2264K 1496      33K   783 5.83    5.75    10912  1737   51K   114 32.42   32.37  
c rst  geom best vmt  2524  2264K 1496      33K   783 5.83    5.75    10912  1740   52K   114 32.47   32.41  
c rst  geom best vmt  2525  2264K 1496      33K   783 5.83    5.75    10912  1742   52K   114 32.51   32.46  
c rst  geom best vmt  2526  2264K 1496      33K   783 5.83    5.75    10912  1745   52K   114 32.53   32.48  
c rst  geom best vmt  2527  2265K 1496      33K   783 5.83    5.75    10914  1898   36K   114 31.83   31.76  
c rst  geom best vmt  2528  2265K 1496      33K   783 5.83    5.75    10914  1898   36K   114 31.81   31.74  
c [full-probe]  bin_only: 0 set: 0 repl: 0 T: 0.01 T-out: N T-r: 97.98%
c [distill-bin] useful: 0/783/783 lits-rem: 0 cl-rem: 0 0-depth-assigns: 0 T: 0.01 T-out: N
c rst  geom best vmt  2529  2265K 1496      33K   783 5.83    5.75    10914  1898   36K   114 31.81   31.74  
c rst  geom best vmt  2530  2265K 1496      33K   783 5.83    5.75    10914  1898   37K   114 31.84   31.77  
c rst  geom best vmt  2531  2266K 1496      33K   783 5.83    5.75    10914  1901   37K   114 31.93   31.87  
c rst  geom best vmt  2532  2266K 1496      33K   783 5.83    5.75    10914  1902   37K   114 32.03   31.96  
c rst  geom best vmt  2533  2267K 1496      33K   783 5.83    5.75    10914  1905   38K   114 32.06   32.00  
c rst  geom best vmt  2534  2267K 1496      33K   783 5.83    5.75    10914  1905   38K   114 32.11   32.05  
c rst  geom best vmt  2535  2268K 1496      33K   783 5.83    5.75    10914  1905   39K   114 32.20   32.13  
c rst  geom best vmt  2536  2268K 1496      33K   783 5.83    5.75    10914  1905   39K   114 32.20   32.14  
c rst  geom best vmt  2537  2269K 1496      33K   783 5.83    5.75    10914  1905   40K   114 32.32   32.25  
c rst  geom best vmt  2538  2269K 1496      33K   783 5.83    5.75    10914  1909   40K   114 32.39   32.33  
c rst  geom best vmt  2539  2270K 1496      33K   783 5.83    5.75    10942  1875   41K   114 32.41   32.35  
c rst  geom best vmt  2540  2271K 1496      33K   783 5.83    5.75    10942  1879   42K   114 32.53   32.46  
c [distill-long-red0] cls tried: 53/53 T: 0.01 T-out: N T-r: 99.89%
c [distill-long-red1] cls tried: 86/1408 T: 0.02 T-out: Y T-r: -1.01%
c rst  geom best vmt  2541  2272K 1496      33K   783 5.83    5.75    10942  1886   43K   114 32.58   32.52  
c rst  geom best vmt  2542  2273K 1496      33K   783 5.83    5.75    10942  1889   44K   114 32.72   32.66  
c rst  geom best vmt  2543  2274K 1496      33K   783 5.83    5.75    10944  1890   45K   114 32.80   32.74  
c rst  geom best vmt  2544  2275K 1496      33K   783 5.83    5.75    10944  1898   46K   114 32.98   32.92  
c [ccnr] saving best assignment phase to stable_polar
c [ccnr] bumping based on clause weights
c [ccnr] Bumped vars: 103 bump type: 6
c [ccnr] time: 0.28
c rst  geom best vmt  2545  2276K 1496      33K   783 5.83    5.75    10946  1919   47K   114 33.07   33.02  
c [distill] watch-based irred--  cl tried 12378    cl-sh 0     cl-rem 0    lit-rem 0      T: 0.00 T-out: N
c [distill] watch-based red  --  cl tried 21892    cl-sh 4     cl-rem 0    lit-rem 4      T: 0.02 T-out: N
c rst  geom best vmt  2546  2278K 1496      33K   783 5.83    5.75    10946  1935   49K   114 32.85   32.79  
c rst  geom best vmt  2547  2279K 1496      33K   783 5.83    5.75    10946  1954   50K   114 32.50   32.45  
c rst  geom best vmt  2548  2281K 1496      33K   783 5.83    5.75    11005  2123   38K   114 30.43   30.37  
c rst  geom best vmt  2549  2283K 1496      33K   783 5.83    5.75    11005  2143   40K   114 29.93   29.87  
c rst  geom best vmt  2550  2285K 1496      33K   783 5.83    5.75    11005  2170   42K   114 29.50   29.44  
c [impl-str] lit bin: 0 set-var: 0 T: 0.00 T-out: N T-r: 99.97% w-visit: 2998
c [impl-sub] bin: 1 T: 0.00 T-out: N w-visit: 2998
c rst  geom best vmt  2551  2287K 1496      33K   783 5.83    5.75    11006  2206   44K   113 29.20   29.15  
c [distill-long-red0] cls tried: 63/63 T: 0.01 T-out: N T-r: 99.89%
c [distill-long-red1] cls tried: 77/1658 T: 0.02 T-out: Y T-r: -2.03%
c [full-probe]  bin_only: 1 set: 0 repl: 0 T: 0.00 T-out: N T-r: 99.89%
c [distill-bin] useful: 0/783/783 lits-rem: 0 cl-rem: 0 0-depth-assigns: 0 T: 0.01 T-out: N
c rst  geom best vmt  2552  2289K 1496      33K   783 5.83    5.75    11006  2240   47K   113 28.69   28.64  
c rst  geom best vmt  2553  2292K 1496      33K   783 5.83    5.75    11070  2159   49K   113 28.42   28.37  
c rst  geom stb  vmt  2554  2295K 1496      33K   783 5.83    5.75    11096  2705   37K   113 24.07   24.02  
c rst  geom stb  vmt  2555  2299K 1496      33K   783 5.83    5.75    11097  2731   41K   113 23.49   23.44  
c rst  geom stb  vmt  2556  2302K 1496      33K   783 5.83    5.75    11145  2646   44K   113 22.98   22.94  
c [distill-long-red0] cls tried: 121/121 T: 0.02 T-out: N T-r: 99.67%
c [distill-long-red1] cls tried: 42/2118 T: 0.02 T-out: Y T-r: -6.05%
c [distill] watch-based irred--  cl tried 12378    cl-sh 0     cl-rem 0    lit-rem 0      T: 0.01 T-out: N
c [distill] watch-based red  --  cl tried 19876    cl-sh 4     cl-rem 0    lit-rem 8      T: 0.03 T-out: Y
c rst  geom stb  vmt  2557  2306K 1496      33K   783 5.83    5.75    11145  2762   48K   113 22.47   22.43  
c rst  geom stb  vmt  2558  2311K 1496      33K   783 5.83    5.75    11228  3483   38K   113 16.97   16.94  
c [full-probe]  bin_only: 0 set: 0 repl: 0 T: 0.01 T-out: N T-r: 98.69%
c [distill-bin] useful: 0/783/783 lits-rem: 0 cl-rem: 0 0-depth-assigns: 0 T: 0.00 T-out: N
c rst  geom stb  vmt  2559  2315K 1496      33K   783 5.83    5.75    11228  3590   42K   113 16.99   16.96  
c rst  geom stb  vmt  2560  2321K 1496      33K   783 5.83    5.75    11333  3412   48K   113 16.92   16.89  
c [distill-long-red0] cls tried: 188/188 T: 0.03 T-out: N T-r: 99.13%
c [distill-long-red1] cls tried: 35/2990 T: 0.02 T-out: Y T-r: -7.71%
c [gauss] XOR-encoding clauses are not detached, so no need to reattach them.
c [g 0] truth-find prop checks  : 3471K
c [g 0] -> of which prop        : 31.73 %
c [g 0] -> of which confl       :  1.18 %
c [g 0] elim called             : 287K
c [g 0] ---> which lead to prop : 36.67 %
c [g 0] ---> which lead to confl:  0.75 %
c [g 0] size: 91    x 558  
c [scc] new: 0 BP 0M T: 0.00
c [vrep] vars 0 lits 0 rem-bin-cls 0 rem-long-cls 0 BP 0M T: 0.00
c [intree] Set 0 vars hyper-added: 0 trans-irred: 0 trans-red: 0 T: 0.00 T-out: N T-r: -0.77%
c [find&init matx] performing matrix init
c [gauss] XOR-encoding clauses are not detached, so no need to reattach them.
c [xor-rem-unconnected] left with 876 xors from 876 non-empty xors T: 0.00
c [xor-together] xored together: 785 orig xors: 876 new xors: 91 T: 0.00
c [xor-rem-unconnected] left with 91 xors from 91 non-empty xors T: 0.00
c [xor-clean-equiv] removed equivalent xors: 0 left with: 91
c [matrix] unused xors from cleaning: 0
c [matrix] Good   matrix 0 91      x558    density:0.0713  xorlen avg: 39.77
c [matrix] Using 1 matrices recovered from 0 xors T: 0.00 T-out: N
c [ccnr] saving best assignment phase to stable_polar
c [ccnr] bumping based on var unsat frequency: conflict_ct
c [ccnr] Bumped vars: 1499 bump type: 6
c [ccnr] time: 0.28
c rst  geom ibes vmt  2561  2326K 1496      33K   783 5.83    5.75    11408  4503   38K   113 18.60   18.56  
c rst  geom ibes vmt  2562  2333K 1496      33K   783 5.83    5.75    11618  4061   45K   113 21.44   21.41  
c [full-probe]  bin_only: 1 set: 0 repl: 0 T: 0.00 T-out: N T-r: 99.88%
c [distill-bin] useful: 0/783/783 lits-rem: 0 cl-rem: 0 0-depth-assigns: 0 T: 0.00 T-out: N
c [distill] watch-based irred--  cl tried 12378    cl-sh 0     cl-rem 0    lit-rem 0      T: 0.02 T-out: N
c [distill] watch-based red  --  cl tried 18816    cl-sh 41    cl-rem 0    lit-rem 118    T: 0.03 T-out: Y
c rst  geom ibes vmt  2563  2340K 1496      33K   783 5.83    5.75    11651  3990   38K   113 25.34   25.29  
c [distill-long-red0] cls tried: 309/309 T: 0.02 T-out: N T-r: 99.55%
c [distill-long-red1] cls tried: 50/3654 T: 0.02 T-out: Y T-r: -2.98%
c rst  geom ibes vmt  2564  2348K 1496      33K   783 5.83    5.75    11652  4033   46K   113 27.00   26.95  
c [impl-str] lit bin: 0 set-var: 0 T: 0.00 T-out: N T-r: 99.97% w-visit: 2998
c [impl-sub] bin: 0 T: 0.00 T-out: N w-visit: 2998
c rst  geom ibes vmt  2565  2356K 1496      33K   783 5.83    5.75    11695  4025   40K   113 31.18   31.12  
c [distill-long-red0] cls tried: 42/42 T: 0.00 T-out: N T-r: 99.93%
c [distill-long-red1] cls tried: 47/3686 T: 0.02 T-out: Y T-r: -2.32%
c [full-probe]  bin_only: 0 set: 0 repl: 0 T: 0.01 T-out: N T-r: 98.17%
c [distill-bin] useful: 0/783/783 lits-rem: 0 cl-rem: 0 0-depth-assigns: 0 T: 0.00 T-out: N
c rst  geom svd  vmt  2566  2366K 1496      33K   783 5.83    5.75    11718  3798   49K   113 33.34   33.29  
c [distill] watch-based irred--  cl tried 12378    cl-sh 0     cl-rem 0    lit-rem 0      T: 0.01 T-out: N
c [distill] watch-based red  --  cl tried 23436    cl-sh 18    cl-rem 0    lit-rem 24     T: 0.02 T-out: N
c [ccnr] saving best assignment phase to stable_polar
c [ccnr] bumping based on var unsat frequency: conflict_ct
c [ccnr] Bumped vars: 1499 bump type: 6
c [ccnr] time: 0.28
c rst  geom svd  vmt  2567  2376K 1496      33K   783 5.83    5.75    11983  4198   44K   113 33.56   33.51  
c [distill-long-red0] cls tried: 292/292 T: 0.04 T-out: N T-r: 99.27%
c [distill-long-red1] cls tried: 33/3859 T: 0.02 T-out: Y T-r: -2.12%
c rst  geom svd  vmt  2568  2387K 1496      33K   783 5.83    5.75    12183  3577   41K   113 31.54   31.49  
c [full-probe]  bin_only: 1 set: 0 repl: 0 T: 0.01 T-out: N T-r: 99.84%
c [distill-bin] useful: 0/783/783 lits-rem: 0 cl-rem: 0 0-depth-assigns: 0 T: 0.00 T-out: N
c [gauss] XOR-encoding clauses are not detached, so no need to reattach them.
c [g 0] truth-find prop checks  : 2310K
c [g 0] -> of which prop        : 46.84 %
c [g 0] -> of which confl       :  1.11 %
c [g 0] elim called             : 179K
c [g 0] ---> which lead to prop : 61.25 %
c [g 0] ---> which lead to confl:  2.26 %
c [g 0] size: 91    x 558  
c [scc] new: 0 BP 0M T: 0.00
c [vrep] vars 0 lits 0 rem-bin-cls 0 rem-long-cls 0 BP 0M T: 0.01
c [intree] Set 0 vars hyper-added: 1 trans-irred: 0 trans-red: 0 T: 0.01 T-out: N T-r: -0.57%
c [find&init matx] performing matrix init
c [gauss] XOR-encoding clauses are not detached, so no need to reattach them.
c [xor-rem-unconnected] left with 876 xors from 876 non-empty xors T: 0.00
c [xor-together] xored together: 785 orig xors: 876 new xors: 91 T: 0.00
c [xor-rem-unconnected] left with 91 xors from 91 non-empty xors T: 0.00
c [xor-clean-equiv] removed equivalent xors: 0 left with: 91
c [matrix] unused xors from cleaning: 0
c [matrix] Good   matrix 0 91      x558    density:0.0713  xorlen avg: 39.77
c [matrix] Using 1 matrices recovered from 0 xors T: 0.00 T-out: N
c rst  geom best vmt  2569  2400K 1496      33K   783 5.83    5.75    12567  4332   38K   114 26.56   26.51  
c [distill-long-red0] cls tried: 563/563 T: 0.06 T-out: N T-r: 98.78%
c [distill-long-red1] cls tried: 52/4112 T: 0.02 T-out: Y T-r: -4.14%
c [distill] watch-based irred--  cl tried 12378    cl-sh 0     cl-rem 0    lit-rem 0      T: 0.01 T-out: N
c [distill] watch-based red  --  cl tried 22462    cl-sh 37    cl-rem 0    lit-rem 92     T: 0.02 T-out: Y
c rst  geom best vmt  2570  2414K 1496      33K   783 5.83    5.75    12679  4980   51K   114 24.40   24.36  
c [full-probe]  bin_only: 0 set: 0 repl: 0 T: 0.01 T-out: N T-r: 98.20%
c [distill-bin] useful: 0/783/783 lits-rem: 0 cl-rem: 0 0-depth-assigns: 0 T: 0.00 T-out: N
c [impl-str] lit bin: 0 set-var: 0 T: 0.00 T-out: N T-r: 99.97% w-visit: 2998
c [impl-sub] bin: 2 T: 0.00 T-out: N w-visit: 2998
c [ccnr] saving best assignment phase to stable_polar
c [ccnr] bumping based on clause weights
c [ccnr] Bumped vars: 103 bump type: 6
c [ccnr] time: 0.29
c rst  geom best vmt  2571  2429K 1496      33K   783 5.83    5.75    13051  7685   49K   114 18.42   18.40  
c [distill-long-red0] cls tried: 520/520 T: 0.10 T-out: N T-r: 97.61%
c [distill-long-red1] cls tried: 35/7457 T: 0.02 T-out: Y T-r: -4.01%
c [distill] watch-based irred--  cl tried 12378    cl-sh 0     cl-rem 0    lit-rem 0      T: 0.02 T-out: N
c [distill] watch-based red  --  cl tried 16601    cl-sh 6     cl-rem 0    lit-rem 9      T: 0.03 T-out: Y
c rst  geom stb  vmt  2572  2445K 1496      33K   783 5.83    5.75    13646 11930   34K   115 14.84   14.82  
c [branch] adjusting to: vsid (from: vmtf) var_decay:0.95 descr: VSIDS
c [distill-long-red0] cls tried: 597/597 T: 0.08 T-out: N T-r: 97.89%
c [distill-long-red1] cls tried: 42/11713 T: 0.02 T-out: Y T-r: -5.59%
c [full-probe]  bin_only: 1 set: 0 repl: 0 T: 0.01 T-out: N T-r: 99.81%
c [distill-bin] useful: 0/783/783 lits-rem: 0 cl-rem: 0 0-depth-assigns: 0 T: 0.00 T-out: N
c rst  geom stb  vs   2573  2445K 1496      33K   783 5.83    5.75    13574 11930   34K   189 14.87   14.83  
c rst  geom stb  vs   2574  2446K 1496      33K   783 5.83    5.75    13574 11930   34K   189 15.03   14.99  
c rst  geom stb  vs   2575  2446K 1496      33K   783 5.83    5.75    13574 11931   35K   189 15.20   15.16  
c rst  geom stb  vs   2576  2446K 1496      33K   783 5.83    5.75    13575 11932   35K   189 15.32   15.28  
c rst  geom stb  vs   2577  2446K 1496      33K   783 5.83    5.75    13575 11933   35K   189 15.46   15.42  
c rst  geom stb  vs   2578  2446K 1496      33K   783 5.83    5.75    13576 11934   35K   189 15.59   15.55  
c rst  geom stb  vs   2579  2446K 1496      33K   783 5.83    5.75    13577 11934   35K   189 15.73   15.69  
c rst  geom stb  vs   2580  2447K 1496      33K   783 5.83    5.75    13577 11934   35K   189 15.92   15.88  
c rst  geom stb  vs   2581  2447K 1496      33K   783 5.83    5.75    13577 11935   36K   189 16.19   16.15  
c rst  geom stb  vs   2582  2447K 1496      33K   783 5.83    5.75    13578 11936   36K   189 16.36   16.32  
c rst  geom stb  vs   2583  2447K 1496      33K   783 5.83    5.75    13578 11938   36K   189 16.54   16.49  
c rst  geom stb  vs   2584  2448K 1496      33K   783 5.83    5.75    13578 11940   37K   189 16.75   16.71  
c rst  geom stb  vs   2585  2448K 1496      33K   783 5.83    5.75    13578 11940   37K   189 16.95   16.91  
c rst  geom stb  vs   2586  2448K 1496      33K   783 5.83    5.75    13578 11940   37K   189 17.36   17.31  
c rst  geom stb  vs   2587  2449K 1496      33K   783 5.83    5.75    13578 11941   38K   189 17.65   17.61  
c rst  geom stb  vs   2588  2449K 1496      33K   783 5.83    5.75    13578 11941   38K   189 17.84   17.79  
c rst  geom stb  vs   2589  2450K 1496      33K   783 5.83    5.75    13699 11293   39K   189 18.25   18.20  
c rst  geom stb  vs   2590  2450K 1496      33K   783 5.83    5.75    13699 11296   40K   189 18.73   18.69  
c rst  geom stb  vs   2591  2451K 1496      33K   783 5.83    5.75    13699 11299   40K   189 19.21   19.16  
c rst  geom stb  vs   2592  2452K 1496      33K   783 5.83    5.75    13699 11303   41K   189 19.69   19.64  
c rst  geom stb  vs   2593  2452K 1496      33K   783 5.83    5.75    13700 11304   42K   189 20.14   20.09  
c rst  geom stb  vs   2594  2453K 1496      33K   783 5.83    5.75    13700 11308   42K   189 20.76   20.70  
c [gauss] XOR-encoding clauses are not detached, so no need to reattach them.
c [g 0] truth-find prop checks  : 3419K
c [g 0] -> of which prop        : 28.94 %
c [g 0] -> of which confl       :  1.22 %
c [g 0] elim called             : 280K
c [g 0] ---> which lead to prop : 39.38 %
c [g 0] ---> which lead to confl:  0.47 %
c [g 0] size: 91    x 558  
c [scc] new: 1 BP 0M T: 0.00
c [vrep] vars 1 lits 881 rem-bin-cls 6 rem-long-cls 0 BP 0M T: 0.01
c [scc] new: 0 BP 0M T: 0.00
c [vrep] vars 0 lits 0 rem-bin-cls 0 rem-long-cls 0 BP 0M T: 0.00
c [intree] Set 0 vars hyper-added: 1 trans-irred: 1 trans-red: 0 T: 0.01 T-out: N T-r: -1.23%
c [find&init matx] performing matrix init
c [gauss] XOR-encoding clauses are not detached, so no need to reattach them.
c [xor-rem-unconnected] left with 876 xors from 876 non-empty xors T: 0.00
c [xor-together] xored together: 783 orig xors: 876 new xors: 93 T: 0.00
c [xor-rem-unconnected] left with 93 xors from 93 non-empty xors T: 0.00
c [xor-clean-equiv] removed equivalent xors: 0 left with: 93
c [matrix] unused xors from cleaning: 0
c [matrix] Good   matrix 0 93      x559    density:0.0697  xorlen avg: 38.96
c [matrix] Using 1 matrices recovered from 0 xors T: 0.00 T-out: N
c rst  geom stb  vs   2595  2454K 1495      33K   782 5.83    5.75    13700 11312   43K   186 21.52   21.46  
c [distill] watch-based irred--  cl tried 12311    cl-sh 44    cl-rem 67   lit-rem 44     T: 0.02 T-out: N
c [distill] watch-based red  --  cl tried 15272    cl-sh 139   cl-rem 341  lit-rem 206    T: 0.03 T-out: Y
c rst  geom stb  vs   2596  2455K 1495      33K   783 5.83    5.74    13359 11318   44K   185 22.75   22.70  
c rst  geom stb  vs   2597  2456K 1495      33K   783 5.83    5.74    13360 11323   45K   185 23.75   23.69  
c rst  geom stb  vs   2598  2457K 1495      33K   783 5.83    5.74    13361 11333   46K   185 24.93   24.87  
c rst  geom stb  vs   2599  2458K 1495      33K   783 5.83    5.74    13361 11333   48K   185 25.54   25.48  
c [ccnr] saving best assignment phase to stable_polar
c [ccnr] bumping based on var unsat frequency: conflict_ct
c [ccnr] Bumped vars: 1499 bump type: 6
c [ccnr] time: 0.28
c rst  geom ibes vs   2600  2460K 1495      33K   783 5.83    5.74    13394 10858   25K   185 29.33   29.23  
c rst  geom ibes vs   2601  2461K 1495      33K   783 5.83    5.74    13394 10859   26K   185 29.54   29.44  
c [distill-long-red0] cls tried: 261/261 T: 0.04 T-out: N T-r: 99.33%
c [distill-long-red1] cls tried: 37/10692 T: 0.02 T-out: Y T-r: -2.85%
c rst  geom ibes vs   2602  2463K 1495      33K   783 5.83    5.74    13393 10859   28K   186 29.51   29.41  
c rst  geom ibes vs   2603  2465K 1495      33K   783 5.83    5.74    13393 10861   30K   186 29.79   29.70  
c rst  geom ibes vs   2604  2467K 1495      33K   783 5.83    5.74    13393 10861   32K   186 29.93   29.84  
c [full-probe]  bin_only: 0 set: 0 repl: 0 T: 0.01 T-out: N T-r: 98.50%
c [distill-bin] useful: 1/783/783 lits-rem: 0 cl-rem: 1 0-depth-assigns: 0 T: 0.01 T-out: N
c rst  geom ibes vs   2605  2469K 1495      33K   782 5.83    5.74    13393 10865   34K   186 30.01   29.92  
c rst  geom ibes vs   2606  2472K 1495      33K   782 5.83    5.74    13397  9352   38K   186 30.05   29.97  
c rst  geom ibes vs   2607  2474K 1495      33K   782 5.83    5.74    13397  9354   41K   186 30.42   30.34  
c [impl-str] lit bin: 0 set-var: 0 T: 0.00 T-out: N T-r: 99.97% w-visit: 2998
c [impl-sub] bin: 73 T: 0.00 T-out: N w-visit: 2998
c rst  geom ibes vs   2608  2477K 1495      33K   782 5.83    5.74    13411  9424   38K   113 31.67   31.61  
c [distill-long-red0] cls tried: 18/18 T: 0.00 T-out: N T-r: 99.97%
c [distill-long-red1] cls tried: 35/9268 T: 0.02 T-out: Y T-r: -5.28%
c rst  geom ibes vs   2609  2481K 1495      33K   782 5.83    5.74    13414  7911   42K   113 31.37   31.32  
c [distill] watch-based irred--  cl tried 12244    cl-sh 0     cl-rem 0    lit-rem 0      T: 0.01 T-out: N
c [distill] watch-based red  --  cl tried 23550    cl-sh 146   cl-rem 58   lit-rem 147    T: 0.03 T-out: Y
c rst  geom ibes vs   2610  2484K 1495      33K   782 5.83    5.74    13356  7913   46K   113 31.41   31.36  
c rst  geom ibes vs   2611  2488K 1495      33K   782 5.83    5.74    13356  7923   50K   113 31.29   31.24  
c [full-probe]  bin_only: 1 set: 0 repl: 0 T: 0.01 T-out: N T-r: 99.77%
c [distill-bin] useful: 0/782/782 lits-rem: 0 cl-rem: 0 0-depth-assigns: 0 T: 0.01 T-out: N
c rst  geom svd  vs   2612  2493K 1495      33K   782 5.83    5.74    13371  6421   44K   113 27.90   27.85  
c [distill-long-red0] cls tried: 163/163 T: 0.02 T-out: N T-r: 99.69%
c [distill-long-red1] cls tried: 41/6295 T: 0.02 T-out: Y T-r: -0.77%
c rst  geom svd  vs   2613  2498K 1495      33K   782 5.83    5.74    13371  6439   48K   114 28.59   28.55  
c rst  geom svd  vs   2614  2503K 1495      33K   782 5.83    5.74    13381  4044   56K   114 29.59   29.55  
c [ccnr] saving best assignment phase to stable_polar
c [ccnr] bumping based on var unsat frequency: conflict_ct
c [ccnr] Bumped vars: 1499 bump type: 6
c [ccnr] time: 0.28
c rst  geom svd  vs   2615  2509K 1495      33K   782 5.83    5.74    13386  4136   48K   114 26.46   26.42  
c [distill-long-red0] cls tried: 15/15 T: 0.00 T-out: N T-r: 99.97%
c [distill-long-red1] cls tried: 52/4009 T: 0.02 T-out: Y T-r: -2.44%
c [full-probe]  bin_only: 0 set: 0 repl: 0 T: 0.01 T-out: N T-r: 97.35%
c [distill-bin] useful: 0/782/782 lits-rem: 0 cl-rem: 0 0-depth-assigns: 0 T: 0.01 T-out: N
c [distill] watch-based irred--  cl tried 12244    cl-sh 0     cl-rem 0    lit-rem 0      T: 0.01 T-out: N
c [distill] watch-based red  --  cl tried 24329    cl-sh 39    cl-rem 0    lit-rem 40     T: 0.03 T-out: Y
c rst  geom svd  vs   2616  2514K 1495      33K   782 5.83    5.74    13393  2211   55K   115 27.12   27.08  
c recursive minimization cost OK: 2674Kcost/(% lits removed)
c [gauss] XOR-encoding clauses are not detached, so no need to reattach them.
c [g 0] truth-find prop checks  : 2172K
c [g 0] -> of which prop        : 53.01 %
c [g 0] -> of which confl       :  1.06 %
c [g 0] elim called             : 120K
c [g 0] ---> which lead to prop : 80.42 %
c [g 0] ---> which lead to confl:  2.32 %
c [g 0] size: 93    x 559  
c --> Executing strategy token: scc-vrepl
c [scc] new: 0 BP 0M T: 0.00
c --> Executing strategy token: sub-impl
c [impl-sub] bin: 2 T: 0.00 T-out: N w-visit: 2998
c --> Executing strategy token: breakid
c --> Executing OCC strategy token(s): 'occ-backw-sub-str,occ-clean-implicit,occ-bve,occ-bva,occ-ternary-res,occ-xor,'
c [occ] mem usage for occur 3      MB
c [occ] Linked in IRRED BIN by default: 782
c [occ] Linked in RED   BIN by default: 113
c [occ] mem usage for occur 1      MB
c Mem for watch alloc      : 27          MB (36.65     %)
c Mem for watch array      : 0           MB (0.09      %)
c --> Executing OCC strategy token: occ-backw-sub-str
c [occ-backw-sub-str-long-w-bins] subs: 0 str: 28 tried: 13978 0-depth ass: 0 T: 0.00 T-out: N T-r: 99.27%
c [occ-backw-sub-long-w-long] rem cl: 453 tried: 104173/104173 (100.0%) T: 0.04 T-out: N T-r: 85.29%
c [occ-backw-sub-str-long-w-long] sub: 15 str: 303 tried: 312519/104173 (300.0)  T: 0.25 T-out: N T-r: 70.75%
c --> Executing OCC strategy token: occ-clean-implicit
c --> Executing OCC strategy token: occ-bve
c [occ-empty-res] Empty resolvent elimed: 0 T: 0.00 T-out: N
c [occ-bve] iter v-elim 0
c cl_inc_rate=1.0, var_dec_rate=1.0 (grow=0)
c Reduced to 1495 vars, 33978 cls (grow=0)
c [occ-bve] iter v-elim 0
c cl_inc_rate=1.0, var_dec_rate=1.0 (grow=8)
c Reduced to 1495 vars, 33978 cls (grow=8)
c [occ-bve] iter v-elim 0
c cl_inc_rate=1.0, var_dec_rate=1.0 (grow=16)
c Reduced to 1495 vars, 33978 cls (grow=16)
c x n vars       : 1495
c #try to eliminate:  4485
c #var-elim        :     0
c #T-o: N
c #T-r: 99.99%
c #T  : 0.33
c [occur] 0.04 is overhead
c [occur] link-in T: 0.04 cleanup T: 0.00
c --> Executing OCC strategy token: occ-bva
c --> Executing OCC strategy token: occ-ternary-res
c [occ-ternary-res] Ternary res-tri: 0 res-bin: 0 sub: 0 str: 0 T: 0.00 T-out: N T-r: 99.85%
c --> Executing OCC strategy token: occ-xor
c [occ-xor] sort occur list T: 0.00
c [xor-clean-equiv] removed equivalent xors: 0 left with: 870
c [occ-xor] found    870 avg sz 5.9 min sz  4 max sz  6 T: 0.01 T-out: N T-r: 99.98%
c --> Executing strategy token: card-find
c --> Executing strategy token: cl-consolidate
c Not consolidating memory.
c --> Executing strategy token: scc-vrepl
c [scc] new: 0 BP 0M T: 0.00
c --> Executing strategy token: renumber
c --> Executing strategy token: bosphorus
c --> Executing strategy token: louvain-comms
c [consolidate] mini T: 0.00
c global_timeout_multiplier: 7.7812
c [branch] rebuilding order heap for all branchings. Current branching: vsid
c [find&init matx] performing matrix init
c [gauss] XOR-encoding clauses are not detached, so no need to reattach them.
c [xor-rem-unconnected] left with 870 xors from 870 non-empty xors T: 0.00
c [xor-together] xored together: 777 orig xors: 870 new xors: 93 T: 0.00
c [xor-rem-unconnected] left with 93 xors from 93 non-empty xors T: 0.00
c [xor-clean-equiv] removed equivalent xors: 0 left with: 93
c [matrix] unused xors from cleaning: 0
c [matrix] Good   matrix  0     93 x  560  density:0.0691  xorlen avg: 38.70
c [matrix] Using 1 matrices recovered from 0 xors T: 0.00 T-out: N
c rst  geom  svd   vs  2617 2515K    1495   33K   782    5.83    5.74 12974  2271   56K   113   27.50   27.46
c rst  geom  svd   vs  2618 2522K    1495   33K   782    5.83    5.74 12993   667   47K   113   28.83   28.78
c [gauss] XOR-encoding clauses are not detached, so no need to reattach them.
c [g 0] truth-find prop checks  : 332K
c [g 0] -> of which prop        : 49.17 %
c [g 0] -> of which confl       :  0.98 %
c [g 0] elim called             : 20K
c [g 0] ---> which lead to prop : 92.21 %
c [g 0] ---> which lead to confl:  2.35 %
c [g 0] size: 93    x 560  
c [scc] new: 0 BP 0M T: 0.00
c [vrep] vars 0 lits 0 rem-bin-cls 0 rem-long-cls 0 BP 0M T: 0.01
c [intree] Set 0 vars hyper-added: 0 trans-irred: 0 trans-red: 0 T: 0.01 T-out: N T-r: 0.14%
c [find&init matx] performing matrix init
c [gauss] XOR-encoding clauses are not detached, so no need to reattach them.
c [xor-rem-unconnected] left with 870 xors from 870 non-empty xors T: 0.00
c [xor-together] xored together: 777 orig xors: 870 new xors: 93 T: 0.00
c [xor-rem-unconnected] left with 93 xors from 93 non-empty xors T: 0.00
c [xor-clean-equiv] removed equivalent xors: 0 left with: 93
c [matrix] unused xors from cleaning: 0
c [matrix] Good   matrix 0 93      x560    density:0.0691  xorlen avg: 38.70
c [matrix] Using 1 matrices recovered from 0 xors T: 0.00 T-out: N
c rst  geom best vs   2619  2530K 1495      33K   782 5.83    5.74    13013   653   55K   113 30.14   30.09  
c [distill-long-red0] cls tried: 88/88 T: 0.01 T-out: N T-r: 99.74%
c [distill-long-red1] cls tried: 72/599 T: 0.02 T-out: Y T-r: -0.50%
c [full-probe]  bin_only: 1 set: 0 repl: 0 T: 0.01 T-out: N T-r: 99.80%
c [distill-bin] useful: 0/782/782 lits-rem: 0 cl-rem: 0 0-depth-assigns: 0 T: 0.01 T-out: N
c rst  geom best vs   2620  2538K 1495      33K   782 5.83    5.74    13015   774   46K   113 29.67   29.62  
c [distill] watch-based irred--  cl tried 12540    cl-sh 0     cl-rem 0    lit-rem 0      T: 0.01 T-out: N
c [distill] watch-based red  --  cl tried 25954    cl-sh 6     cl-rem 0    lit-rem 7      T: 0.03 T-out: Y
c [impl-str] lit bin: 0 set-var: 0 T: 0.00 T-out: N T-r: 99.97% w-visit: 2998
c [impl-sub] bin: 0 T: 0.00 T-out: N w-visit: 2998
c rst  geom best vs   2621  2548K 1495      33K   782 5.83    5.74    13031   756   56K   113 30.55   30.50  
c [distill-long-red0] cls tried: 24/24 T: 0.00 T-out: N T-r: 99.96%
c [distill-long-red1] cls tried: 79/637 T: 0.02 T-out: Y T-r: -1.80%
c [ccnr] saving best assignment phase to stable_polar
c [ccnr] bumping based on clause weights
c [ccnr] Bumped vars: 104 bump type: 6
c [ccnr] time: 0.28
c rst  geom best vs   2622  2558K 1495      33K   782 5.83    5.74    13051   878   49K   113 31.93   31.88  
c [full-probe]  bin_only: 0 set: 0 repl: 0 T: 0.01 T-out: N T-r: 98.21%
c [distill-bin] useful: 0/782/782 lits-rem: 0 cl-rem: 0 0-depth-assigns: 0 T: 0.01 T-out: N
c rst  geom stb  vs   2623  2570K 1495      33K   782 5.83    5.74    13056   981   44K   113 31.31   31.25  
c [distill-long-red0] cls tried: 23/23 T: 0.00 T-out: N T-r: 99.95%
c [distill-long-red1] cls tried: 90/806 T: 0.02 T-out: Y T-r: -1.51%
c [distill] watch-based irred--  cl tried 12540    cl-sh 0     cl-rem 0    lit-rem 0      T: 0.00 T-out: N
c [distill] watch-based red  --  cl tried 26112    cl-sh 3     cl-rem 0    lit-rem 5      T: 0.02 T-out: N
c rst  geom stb  vs   2624  2582K 1495      33K   782 5.83    5.74    13078   997   41K   113 31.16   31.10  
c [full-probe]  bin_only: 1 set: 0 repl: 0 T: 0.01 T-out: N T-r: 99.82%
c [distill-bin] useful: 0/782/782 lits-rem: 0 cl-rem: 0 0-depth-assigns: 0 T: 0.01 T-out: N
c rst  geom stb  vs   2625  2596K 1495      33K   782 5.83    5.74    13089  1052   40K   113 31.03   30.97  
c [distill-long-red0] cls tried: 34/34 T: 0.00 T-out: N T-r: 99.94%
c [distill-long-red1] cls tried: 103/832 T: 0.02 T-out: Y T-r: -2.14%
c [distill] watch-based irred--  cl tried 12540    cl-sh 0     cl-rem 0    lit-rem 0      T: 0.00 T-out: N
c [distill] watch-based red  --  cl tried 26178    cl-sh 2     cl-rem 0    lit-rem 2      T: 0.02 T-out: N
c [gauss] XOR-encoding clauses are not detached, so no need to reattach them.
c [g 0] truth-find prop checks  : 3231K
c [g 0] -> of which prop        : 50.87 %
c [g 0] -> of which confl       :  0.86 %
c [g 0] elim called             : 228K
c [g 0] ---> which lead to prop : 74.55 %
c [g 0] ---> which lead to confl:  2.62 %
c [g 0] size: 93    x 560  
c [scc] new: 0 BP 0M T: 0.00
c [vrep] vars 0 lits 0 rem-bin-cls 0 rem-long-cls 0 BP 0M T: 0.01
c [intree] Set 0 vars hyper-added: 0 trans-irred: 0 trans-red: 0 T: 0.00 T-out: N T-r: -0.65%
c [find&init matx] performing matrix init
c [gauss] XOR-encoding clauses are not detached, so no need to reattach them.
c [xor-rem-unconnected] left with 870 xors from 870 non-empty xors T: 0.00
c [xor-together] xored together: 777 orig xors: 870 new xors: 93 T: 0.00
c [xor-rem-unconnected] left with 93 xors from 93 non-empty xors T: 0.00
c [xor-clean-equiv] removed equivalent xors: 0 left with: 93
c [matrix] unused xors from cleaning: 0
c [matrix] Good   matrix 0 93      x560    density:0.0691  xorlen avg: 38.70
c [matrix] Using 1 matrices recovered from 0 xors T: 0.00 T-out: N
c [ccnr] saving best assignment phase to stable_polar
c [ccnr] bumping based on var unsat frequency: conflict_ct
c [ccnr] Bumped vars: 1499 bump type: 6
c [ccnr] time: 0.28
c rst  geom ibes vs   2626  2611K 1495      33K   782 5.83    5.74    13115  1049   40K   113 30.60   30.54  
c [distill-long-red0] cls tried: 26/26 T: 0.00 T-out: N T-r: 99.94%
c [distill-long-red1] cls tried: 100/767 T: 0.02 T-out: Y T-r: -2.78%
c [full-probe]  bin_only: 0 set: 0 repl: 0 T: 0.01 T-out: N T-r: 98.06%
c [distill-bin] useful: 0/782/782 lits-rem: 0 cl-rem: 0 0-depth-assigns: 0 T: 0.01 T-out: N
c [impl-str] lit bin: 0 set-var: 0 T: 0.00 T-out: N T-r: 99.97% w-visit: 2998
c [impl-sub] bin: 0 T: 0.00 T-out: N w-visit: 2998
c rst  geom ibes vs   2627  2628K 1495      33K   782 5.83    5.74    13137  1069   41K   113 29.56   29.51  
c [distill-long-red0] cls tried: 22/22 T: 0.00 T-out: N T-r: 99.96%
c [distill-long-red1] cls tried: 126/731 T: 0.02 T-out: Y T-r: -0.91%
c [distill] watch-based irred--  cl tried 12540    cl-sh 0     cl-rem 0    lit-rem 0      T: 0.01 T-out: N
c [distill] watch-based red  --  cl tried 26274    cl-sh 6     cl-rem 0    lit-rem 10     T: 0.02 T-out: N
c rst  geom svd  vs   2628  2646K 1495      33K   782 5.83    5.74    13152   993   45K   113 31.16   31.10  
c [distill-long-red0] cls tried: 20/20 T: 0.00 T-out: N T-r: 99.95%
c [distill-long-red1] cls tried: 120/599 T: 0.02 T-out: Y T-r: -1.08%
c [full-probe]  bin_only: 1 set: 0 repl: 0 T: 0.00 T-out: N T-r: 99.87%
c [distill-bin] useful: 0/782/782 lits-rem: 0 cl-rem: 0 0-depth-assigns: 0 T: 0.01 T-out: N
c [ccnr] saving best assignment phase to stable_polar
c [ccnr] bumping based on var unsat frequency: conflict_ct
c [ccnr] Bumped vars: 1499 bump type: 6
c [ccnr] time: 0.27
c rst  geom svd  vs   2629  2666K 1495      33K   782 5.83    5.74    13181  1058   50K   113 31.28   31.23  
c [distill-long-red0] cls tried: 28/28 T: 0.00 T-out: N T-r: 99.95%
c [distill-long-red1] cls tried: 91/589 T: 0.02 T-out: Y T-r: -0.85%
c [full-probe]  bin_only: 0 set: 0 repl: 0 T: 0.01 T-out: N T-r: 97.76%
c [distill-bin] useful: 0/782/782 lits-rem: 0 cl-rem: 0 0-depth-assigns: 0 T: 0.01 T-out: N
c [distill] watch-based irred--  cl tried 12540    cl-sh 0     cl-rem 0    lit-rem 0      T: 0.01 T-out: N
c [distill] watch-based red  --  cl tried 26362    cl-sh 5     cl-rem 0    lit-rem 9      T: 0.02 T-out: N
c [gauss] XOR-encoding clauses are not detached, so no need to reattach them.
c [g 0] truth-find prop checks  : 2775K
c [g 0] -> of which prop        : 53.69 %
c [g 0] -> of which confl       :  0.94 %
c [g 0] elim called             : 177K
c [g 0] ---> which lead to prop : 72.88 %
c [g 0] ---> which lead to confl:  2.48 %
c [g 0] size: 93    x 560  
c [scc] new: 0 BP 0M T: 0.00
c [vrep] vars 0 lits 0 rem-bin-cls 0 rem-long-cls 0 BP 0M T: 0.01
c [intree] Set 0 vars hyper-added: 0 trans-irred: 0 trans-red: 0 T: 0.01 T-out: N T-r: -0.52%
c [find&init matx] performing matrix init
c [gauss] XOR-encoding clauses are not detached, so no need to reattach them.
c [xor-rem-unconnected] left with 870 xors from 870 non-empty xors T: 0.00
c [xor-together] xored together: 777 orig xors: 870 new xors: 93 T: 0.00
c [xor-rem-unconnected] left with 93 xors from 93 non-empty xors T: 0.00
c [xor-clean-equiv] removed equivalent xors: 0 left with: 93
c [matrix] unused xors from cleaning: 0
c [matrix] Good   matrix 0 93      x560    density:0.0691  xorlen avg: 38.70
c [matrix] Using 1 matrices recovered from 0 xors T: 0.00 T-out: N
c rst  geom best vs   2630  2688K 1495      33K   782 5.83    5.74    13202  1057   42K   113 33.18   33.12  
c [branch] adjusting to: vmtf (from: vsid) var_decay:0.95 descr: VMTF
c [distill-long-red0] cls tried: 24/24 T: 0.00 T-out: N T-r: 99.96%
c [distill-long-red1] cls tried: 101/634 T: 0.02 T-out: Y T-r: -0.94%
c [full-probe]  bin_only: 1 set: 0 repl: 0 T: 0.01 T-out: N T-r: 99.84%
c [distill-bin] useful: 0/782/782 lits-rem: 0 cl-rem: 0 0-depth-assigns: 0 T: 0.01 T-out: N
c [impl-str] lit bin: 0 set-var: 0 T: 0.00 T-out: N T-r: 99.97% w-visit: 2998
c [impl-sub] bin: 0 T: 0.00 T-out: N w-visit: 2998
c rst  luby best vmt  2631  2688K 1495      33K   782 5.83    5.74    13204  1073   42K   113 33.16   33.10  
c rst  luby best vmt  2632  2688K 1495      33K   782 5.83    5.74    13204  1075   42K   113 33.15   33.09  
c rst  luby best vmt  2633  2689K 1495      33K   782 5.83    5.74    13204  1084   42K   113 33.16   33.10  
c rst  luby best vmt  2634  2689K 1495      33K   782 5.83    5.74    13204  1084   42K   113 33.17   33.11  
c rst  luby best vmt  2635  2689K 1495      33K   782 5.83    5.74    13204  1084   43K   113 33.19   33.12  
c rst  luby best vmt  2636  2689K 1495      33K   782 5.83    5.74    13204  1084   43K   113 33.21   33.15  
c rst  luby best vmt  2637  2689K 1495      33K   782 5.83    5.74    13204  1085   43K   113 33.30   33.24  
c rst  luby best vmt  2638  2690K 1495      33K   782 5.83    5.74    13204  1085   43K   113 33.32   33.26  
c rst  luby best vmt  2639  2690K 1495      33K   782 5.83    5.74    13204  1087   43K   113 33.33   33.27  
c rst  luby best vmt  2640  2690K 1495      33K   782 5.83    5.74    13218   995   44K   113 33.33   33.27  
c rst  luby best vmt  2641  2690K 1495      33K   782 5.83    5.74    13218   995   44K   113 33.33   33.27  
c rst  luby best vmt  2642  2690K 1495      33K   782 5.83    5.74    13218   995   44K   113 33.34   33.28  
c [ccnr] saving best assignment phase to stable_polar
c [ccnr] bumping based on clause weights
c [ccnr] Bumped vars: 104 bump type: 6
c [ccnr] time: 0.28
c rst  luby best vmt  2643  2690K 1495      33K   782 5.83    5.74    13218   996   44K   113 33.32   33.26  
c rst  luby best vmt  2644  2691K 1495      33K   782 5.83    5.74    13218  1002   44K   113 33.20   33.14  
c rst  luby best vmt  2645  2691K 1495      33K   782 5.83    5.74    13218  1011   45K   113 32.99   32.93  
c [distill] watch-based irred--  cl tried 12540    cl-sh 0     cl-rem 0    lit-rem 0      T: 0.01 T-out: N
c [distill] watch-based red  --  cl tried 22769    cl-sh 4     cl-rem 0    lit-rem 5      T: 0.03 T-out: Y
c rst  luby best vmt  2646  2692K 1495      33K   782 5.83    5.74    13218  1011   45K   113 32.95   32.90  
c rst  luby best vmt  2647  2692K 1495      33K   782 5.83    5.74    13218  1013   45K   113 32.95   32.89  
c rst  luby best vmt  2648  2692K 1495      33K   782 5.83    5.74    13218  1017   46K   113 32.90   32.84  
c rst  luby best vmt  2649  2692K 1495      33K   782 5.83    5.74    13218  1019   46K   113 32.88   32.82  
c rst  luby best vmt  2650  2692K 1495      33K   782 5.83    5.74    13218  1020   46K   113 32.87   32.81  
c rst  luby best vmt  2651  2692K 1495      33K   782 5.83    5.74    13218  1024   46K   113 32.83   32.77  
c rst  luby best vmt  2652  2693K 1495      33K   782 5.83    5.74    13218  1027   46K   113 32.73   32.67  
c rst  luby best vmt  2653  2693K 1495      33K   782 5.83    5.74    13218  1029   47K   113 32.72   32.66  
c rst  luby best vmt  2654  2693K 1495      33K   782 5.83    5.74    13218  1030   47K   113 32.70   32.65  
c rst  luby best vmt  2655  2693K 1495      33K   782 5.83    5.74    13218  1030   47K   113 32.66   32.61  
c rst  luby best vmt  2656  2693K 1495      33K   782 5.83    5.74    13218  1030   47K   113 32.63   32.57  
c rst  luby best vmt  2657  2693K 1495      33K   782 5.83    5.74    13218  1030   47K   113 32.60   32.54  
c rst  luby best vmt  2658  2693K 1495      33K   782 5.83    5.74    13218  1032   47K   113 32.57   32.51  
c rst  luby best vmt  2659  2694K 1495      33K   782 5.83    5.74    13224  1085   48K   113 32.46   32.40  
c rst  luby best vmt  2660  2695K 1495      33K   782 5.83    5.74    13224  1099   48K   113 32.31   32.25  
c rst  luby best vmt  2661  2696K 1495      33K   782 5.83    5.74    13224  1133   50K   113 31.86   31.81  
c rst  luby best vmt  2662  2696K 1495      33K   782 5.83    5.74    13224  1133   50K   113 31.85   31.80  
c rst  luby best vmt  2663  2696K 1495      33K   782 5.83    5.74    13224  1142   50K   113 31.82   31.77  
c rst  luby best vmt  2664  2697K 1495      33K   782 5.83    5.74    13224  1143   50K   113 31.81   31.76  
c rst  luby best vmt  2665  2697K 1495      33K   782 5.83    5.74    13224  1143   50K   113 31.79   31.74  
c rst  luby best vmt  2666  2697K 1495      33K   782 5.83    5.74    13224  1144   51K   113 31.77   31.72  
c rst  luby best vmt  2667  2697K 1495      33K   782 5.83    5.74    13224  1148   51K   113 31.73   31.68  
c rst  luby best vmt  2668  2697K 1495      33K   782 5.83    5.74    13226  1156   51K   113 31.66   31.61  
c rst  luby best vmt  2669  2698K 1495      33K   782 5.83    5.74    13226  1158   51K   113 31.64   31.59  
c rst  luby best vmt  2670  2698K 1495      33K   782 5.83    5.74    13226  1161   51K   113 31.63   31.58  
c rst  luby best vmt  2671  2698K 1495      33K   782 5.83    5.74    13226  1168   52K   113 31.59   31.54  
c rst  luby stb  vmt  2672  2698K 1495      33K   782 5.83    5.74    13226  1173   52K   113 31.57   31.52  
c rst  luby stb  vmt  2673  2698K 1495      33K   782 5.83    5.74    13226  1173   52K   113 31.57   31.52  
c rst  luby stb  vmt  2674  2698K 1495      33K   782 5.83    5.74    13227  1181   52K   113 31.54   31.49  
c rst  luby stb  vmt  2675  2699K 1495      33K   782 5.83    5.74    13227  1181   52K   113 31.48   31.43  
c rst  luby stb  vmt  2676  2699K 1495      33K   782 5.83    5.74    13227  1187   53K   113 31.36   31.31  
c rst  luby stb  vmt  2677  2700K 1495      33K   782 5.83    5.74    13227  1188   53K   113 31.33   31.29  
c rst  luby stb  vmt  2678  2700K 1495      33K   782 5.83    5.74    13293  1426   38K   113 29.99   29.93  
c rst  luby stb  vmt  2679  2700K 1495      33K   782 5.83    5.74    13293  1427   38K   113 29.96   29.90  
c rst  luby stb  vmt  2680  2700K 1495      33K   782 5.83    5.74    13293  1427   38K   113 29.94   29.88  
c rst  luby stb  vmt  2681  2700K 1495      33K   782 5.83    5.74    13293  1428   38K   113 29.92   29.86  
c rst  luby stb  vmt  2682  2700K 1495      33K   782 5.83    5.74    13293  1430   38K   113 29.89   29.83  
c rst  luby stb  vmt  2683  2701K 1495      33K   782 5.83    5.74    13293  1432   39K   113 29.77   29.71  
c rst  luby stb  vmt  2684  2701K 1495      33K   782 5.83    5.74    13293  1434   39K   113 29.77   29.72  
c rst  luby stb  vmt  2685  2701K 1495      33K   782 5.83    5.74    13293  1436   39K   113 29.75   29.69  
c rst  luby stb  vmt  2686  2701K 1495      33K   782 5.83    5.74    13293  1437   39K   113 29.71   29.65  
c rst  luby stb  vmt  2687  2701K 1495      33K   782 5.83    5.74    13293  1437   39K   113 29.69   29.63  
c rst  luby stb  vmt  2688  2701K 1495      33K   782 5.83    5.74    13293  1438   39K   113 29.66   29.60  
c rst  luby stb  vmt  2689  2702K 1495      33K   782 5.83    5.74    13293  1439   39K   113 29.63   29.58  
c rst  luby stb  vmt  2690  2702K 1495      33K   782 5.83    5.74    13293  1450   40K   113 29.58   29.52  
c rst  luby stb  vmt  2691  2703K 1495      33K   782 5.83    5.74    13293  1453   41K   113 29.40   29.35  
c rst  luby stb  vmt  2692  2704K 1495      33K   782 5.83    5.74    13293  1488   42K   113 29.12   29.06  
c [distill-long-red0] cls tried: 83/83 T: 0.01 T-out: N T-r: 99.84%
c [distill-long-red1] cls tried: 47/1107 T: 0.02 T-out: Y T-r: -1.59%
c rst  luby stb  vmt  2693  2708K 1495      33K   782 5.83    5.74    13294  1598   45K   113 28.52   28.47  
c rst  luby stb  vmt  2694  2708K 1495      33K   782 5.83    5.74    13294  1598   45K   113 28.51   28.47  
c rst  luby stb  vmt  2695  2708K 1495      33K   782 5.83    5.74    13294  1598   46K   113 28.50   28.45  
c rst  luby stb  vmt  2696  2708K 1495      33K   782 5.83    5.74    13294  1605   46K   113 28.47   28.42  
c rst  luby stb  vmt  2697  2708K 1495      33K   782 5.83    5.74    13294  1605   46K   113 28.45   28.41  
c rst  luby stb  vmt  2698  2708K 1495      33K   782 5.83    5.74    13294  1605   46K   113 28.43   28.38  
c rst  luby stb  vmt  2699  2708K 1495      33K   782 5.83    5.74    13294  1606   46K   113 28.40   28.35  
c [full-probe]  bin_only: 0 set: 0 repl: 0 T: 0.01 T-out: N T-r: 97.93%
c [distill-bin] useful: 0/782/782 lits-rem: 0 cl-rem: 0 0-depth-assigns: 0 T: 0.01 T-out: N
c rst  luby stb  vmt  2700  2709K 1495      33K   782 5.83    5.74    13296  1629   47K   113 28.34   28.29  
c rst  luby stb  vmt  2701  2709K 1495      33K   782 5.83    5.74    13296  1638   47K   113 28.33   28.28  
c rst  luby stb  vmt  2702  2709K 1495      33K   782 5.83    5.74    13296  1640   47K   113 28.32   28.28  
c rst  luby stb  vmt  2703  2709K 1495      33K   782 5.83    5.74    13296  1644   47K   113 28.28   28.23  
c rst  luby stb  vmt  2704  2709K 1495      33K   782 5.83    5.74    13296  1645   47K   113 28.26   28.22  
c rst  luby stb  vmt  2705  2709K 1495      33K   782 5.83    5.74    13297  1649   47K   113 28.26   28.21  
c rst  luby stb  vmt  2706  2710K 1495      33K   782 5.83    5.74    13297  1650   47K   113 28.25   28.20  
c rst  luby stb  vmt  2707  2710K 1495      33K   782 5.83    5.74    13375  1544   48K   113 28.23   28.18  
c rst  luby stb  vmt  2708  2711K 1495      33K   782 5.83    5.74    13375  1562   49K   113 28.05   28.01  
c rst  luby stb  vmt  2709  2711K 1495      33K   782 5.83    5.74    13375  1564   49K   113 28.04   27.99  
c rst  luby stb  vmt  2710  2711K 1495      33K   782 5.83    5.74    13375  1567   49K   113 28.02   27.98  
c rst  luby stb  vmt  2711  2711K 1495      33K   782 5.83    5.74    13375  1570   49K   113 28.01   27.97  
c rst  luby stb  vmt  2712  2711K 1495      33K   782 5.83    5.74    13375  1570   49K   113 28.00   27.95  
c rst  luby stb  vmt  2713  2711K 1495      33K   782 5.83    5.74    13375  1570   49K   113 27.99   27.95  
c rst  luby stb  vmt  2714  2712K 1495      33K   782 5.83    5.74    13375  1576   49K   113 27.97   27.93  
c rst  luby stb  vmt  2715  2712K 1495      33K   782 5.83    5.74    13375  1579   50K   113 27.89   27.84  
c rst  luby stb  vmt  2716  2712K 1495      33K   782 5.83    5.74    13375  1591   50K   113 27.87   27.82  
c rst  luby stb  vmt  2717  2712K 1495      33K   782 5.83    5.74    13375  1591   50K   113 27.85   27.80  
c rst  luby stb  vmt  2718  2712K 1495      33K   782 5.83    5.74    13375  1595   50K   113 27.83   27.78  
c rst  luby stb  vmt  2719  2712K 1495      33K   782 5.83    5.74    13375  1602   50K   113 27.80   27.76  
c rst  luby stb  vmt  2720  2713K 1495      33K   782 5.83    5.74    13375  1606   50K   113 27.78   27.74  
c rst  luby stb  vmt  2721  2713K 1495      33K   782 5.83    5.74    13375  1608   51K   113 27.74   27.70  
c rst  luby stb  vmt  2722  2713K 1495      33K   782 5.83    5.74    13375  1616   51K   113 27.67   27.63  
c rst  luby stb  vmt  2723  2714K 1495      33K   782 5.83    5.74    13376  1674   52K   113 27.57   27.53  
c rst  luby stb  vmt  2724  2716K 1495      33K   782 5.83    5.74    13417  3209   37K   113 22.66   22.62  
c rst  luby stb  vmt  2725  2716K 1495      33K   782 5.83    5.74    13417  3221   37K   113 22.64   22.60  
c rst  luby stb  vmt  2726  2716K 1495      33K   782 5.83    5.74    13417  3222   37K   113 22.62   22.58  
c rst  luby stb  vmt  2727  2716K 1495      33K   782 5.83    5.74    13417  3229   38K   113 22.62   22.58  
c rst  luby stb  vmt  2728  2716K 1495      33K   782 5.83    5.74    13417  3238   38K   113 22.61   22.57  
c rst  luby stb  vmt  2729  2716K 1495      33K   782 5.83    5.74    13417  3238   38K   113 22.59   22.55  
c rst  luby stb  vmt  2730  2716K 1495      33K   782 5.83    5.74    13417  3239   38K   113 22.56   22.51  
c rst  luby stb  vmt  2731  2717K 1495      33K   782 5.83    5.74    13417  3243   38K   113 22.46   22.42  
c [distill] watch-based irred--  cl tried 12540    cl-sh 0     cl-rem 0    lit-rem 0      T: 0.01 T-out: N
c [distill] watch-based red  --  cl tried 22437    cl-sh 8     cl-rem 0    lit-rem 65     T: 0.03 T-out: Y
c rst  luby stb  vmt  2732  2717K 1495      33K   782 5.83    5.74    13417  3246   39K   113 22.46   22.42  
c rst  luby stb  vmt  2733  2717K 1495      33K   782 5.83    5.74    13417  3247   39K   113 22.46   22.42  
c rst  luby stb  vmt  2734  2717K 1495      33K   782 5.83    5.74    13417  3250   39K   113 22.43   22.39  
c rst  luby stb  vmt  2735  2717K 1495      33K   782 5.83    5.74    13417  3262   39K   113 22.42   22.37  
c rst  luby stb  vmt  2736  2717K 1495      33K   782 5.83    5.74    13417  3264   39K   113 22.47   22.43  
c rst  luby stb  vmt  2737  2718K 1495      33K   782 5.83    5.74    13417  3264   39K   113 22.68   22.63  
c rst  luby stb  vmt  2738  2718K 1495      33K   782 5.83    5.74    13417  3265   40K   113 23.13   23.09  
c rst  luby stb  vmt  2739  2719K 1495      33K   782 5.83    5.74    13420  3268   40K   113 23.72   23.68  
c rst  luby stb  vmt  2740  2719K 1495      33K   782 5.83    5.74    13420  3268   41K   113 23.78   23.74  
c rst  luby stb  vmt  2741  2719K 1495      33K   782 5.83    5.74    13420  3268   41K   113 23.89   23.85  
c rst  luby stb  vmt  2742  2719K 1495      33K   782 5.83    5.74    13421  3269   41K   113 24.13   24.08  
c rst  luby stb  vmt  2743  2719K 1495      33K   782 5.83    5.74    13421  3269   41K   113 24.19   24.15  
c rst  luby stb  vmt  2744  2719K 1495      33K   782 5.83    5.74    13421  3269   41K   113 24.33   24.29  
c [distill-long-red0] cls tried: 125/125 T: 0.02 T-out: N T-r: 99.52%
c [distill-long-red1] cls tried: 39/2860 T: 0.02 T-out: Y T-r: -2.78%
c rst  luby stb  vmt  2745  2720K 1495      33K   782 5.83    5.74    13421  3270   41K   113 24.44   24.40  
c rst  luby stb  vmt  2746  2720K 1495      33K   782 5.83    5.74    13518  3086   42K   113 24.71   24.66  
c rst  luby stb  vmt  2747  2720K 1495      33K   782 5.83    5.74    13518  3086   42K   113 24.76   24.72  
c rst  luby stb  vmt  2748  2720K 1495      33K   782 5.83    5.74    13518  3086   42K   113 24.82   24.78  
c rst  luby stb  vmt  2749  2720K 1495      33K   782 5.83    5.74    13518  3086   42K   113 25.03   24.99  
c rst  luby stb  vmt  2750  2721K 1495      33K   782 5.83    5.74    13518  3087   42K   113 25.13   25.08  
c rst  luby stb  vmt  2751  2721K 1495      33K   782 5.83    5.74    13519  3087   42K   113 25.18   25.14  
c rst  luby stb  vmt  2752  2721K 1495      33K   782 5.83    5.74    13519  3090   43K   113 25.37   25.32  
c rst  luby stb  vmt  2753  2721K 1495      33K   782 5.83    5.74    13519  3091   43K   113 25.74   25.70  
c rst  luby stb  vmt  2754  2722K 1495      33K   782 5.83    5.74    13520  3094   44K   113 26.42   26.37  
c rst  luby stb  vmt  2755  2724K 1495      33K   782 5.83    5.74    13522  3103   45K   113 28.37   28.32  
c rst  luby stb  vmt  2756  2727K 1495      33K   782 5.83    5.74    13523  3111   49K   113 31.90   31.85  
c rst  luby stb  vmt  2757  2733K 1495      33K   782 5.83    5.74    13586  4012   28K   113 32.47   32.40  
c [full-probe]  bin_only: 1 set: 0 repl: 0 T: 0.00 T-out: N T-r: 99.87%
c [distill-bin] useful: 0/782/782 lits-rem: 0 cl-rem: 0 0-depth-assigns: 0 T: 0.00 T-out: N
c [gauss] XOR-encoding clauses are not detached, so no need to reattach them.
c [g 0] truth-find prop checks  : 3052K
c [g 0] -> of which prop        : 40.32 %
c [g 0] -> of which confl       :  1.07 %
c [g 0] elim called             : 208K
c [g 0] ---> which lead to prop : 56.73 %
c [g 0] ---> which lead to confl:  1.43 %
c [g 0] size: 93    x 560  
c [scc] new: 0 BP 0M T: 0.00
c [vrep] vars 0 lits 0 rem-bin-cls 0 rem-long-cls 0 BP 0M T: 0.00
c [intree] Set 0 vars hyper-added: 0 trans-irred: 0 trans-red: 0 T: 0.01 T-out: N T-r: -0.54%
c [find&init matx] performing matrix init
c [gauss] XOR-encoding clauses are not detached, so no need to reattach them.
c [xor-rem-unconnected] left with 870 xors from 870 non-empty xors T: 0.00
c [xor-together] xored together: 777 orig xors: 870 new xors: 93 T: 0.00
c [xor-rem-unconnected] left with 93 xors from 93 non-empty xors T: 0.00
c [xor-clean-equiv] removed equivalent xors: 0 left with: 93
c [matrix] unused xors from cleaning: 0
c [matrix] Good   matrix 0 93      x560    density:0.0691  xorlen avg: 38.70
c [matrix] Using 1 matrices recovered from 0 xors T: 0.00 T-out: N
c rst  luby ibes vmt  2758  2733K 1495      33K   782 5.83    5.74    13586  4014   28K   113 32.44   32.37  
c rst  luby ibes vmt  2759  2733K 1495      33K   782 5.83    5.74    13586  4014   28K   113 32.40   32.33  
c rst  luby ibes vmt  2760  2734K 1495      33K   782 5.83    5.74    13586  4016   28K   113 32.32   32.25  
c rst  luby ibes vmt  2761  2734K 1495      33K   782 5.83    5.74    13586  4019   28K   113 32.28   32.20  
c rst  luby ibes vmt  2762  2734K 1495      33K   782 5.83    5.74    13586  4021   29K   113 32.23   32.16  
c rst  luby ibes vmt  2763  2734K 1495      33K   782 5.83    5.74    13586  4024   29K   113 32.15   32.08  
c rst  luby ibes vmt  2764  2734K 1495      33K   782 5.83    5.74    13586  4034   29K   113 32.04   31.97  
c [distill-long-red0] cls tried: 163/163 T: 0.02 T-out: N T-r: 99.58%
c [distill-long-red1] cls tried: 37/3707 T: 0.02 T-out: Y T-r: -4.95%
c [ccnr] saving best assignment phase to stable_polar
c [ccnr] bumping based on var unsat frequency: conflict_ct
c [ccnr] Bumped vars: 1499 bump type: 6
c [ccnr] time: 0.27
c rst  luby ibes vmt  2765  2735K 1495      33K   782 5.83    5.74    13589  4040   29K   113 32.00   31.93  
c rst  luby ibes vmt  2766  2735K 1495      33K   782 5.83    5.74    13589  4043   29K   113 32.01   31.94  
c rst  luby ibes vmt  2767  2735K 1495      33K   782 5.83    5.74    13589  4044   30K   113 32.00   31.93  
c rst  luby ibes vmt  2768  2735K 1495      33K   782 5.83    5.74    13589  4044   30K   113 32.00   31.93  
c rst  luby ibes vmt  2769  2735K 1495      33K   782 5.83    5.74    13589  4045   30K   113 32.02   31.95  
c rst  luby ibes vmt  2770  2735K 1495      33K   782 5.83    5.74    13590  4047   30K   113 32.08   32.01  
c rst  luby ibes vmt  2771  2736K 1495      33K   782 5.83    5.74    13590  4048   30K   113 32.06   31.99  
c rst  luby ibes vmt  2772  2736K 1495      33K   782 5.83    5.74    13590  4048   31K   113 32.14   32.07  
c rst  luby ibes vmt  2773  2737K 1495      33K   782 5.83    5.74    13590  4048   31K   113 32.14   32.07  
c rst  luby ibes vmt  2774  2737K 1495      33K   782 5.83    5.74    13590  4050   31K   113 32.15   32.08  
c rst  luby ibes vmt  2775  2737K 1495      33K   782 5.83    5.74    13591  4050   32K   113 32.14   32.08  
c rst  luby ibes vmt  2776  2737K 1495      33K   782 5.83    5.74    13591  4050   32K   113 32.14   32.07  
c rst  luby ibes vmt  2777  2737K 1495      33K   782 5.83    5.74    13591  4050   32K   113 32.13   32.07  
c rst  luby ibes vmt  2778  2737K 1495      33K   782 5.83    5.74    13591  4050   32K   113 32.16   32.09  
c rst  luby ibes vmt  2779  2738K 1495      33K   782 5.83    5.74    13591  4051   32K   113 32.18   32.11  
c rst  luby ibes vmt  2780  2738K 1495      33K   782 5.83    5.74    13591  4051   32K   113 32.18   32.12  
c rst  luby ibes vmt  2781  2738K 1495      33K   782 5.83    5.74    13591  4051   33K   113 32.20   32.13  
c rst  luby ibes vmt  2782  2738K 1495      33K   782 5.83    5.74    13591  4051   33K   113 32.23   32.16  
c rst  luby ibes vmt  2783  2738K 1495      33K   782 5.83    5.74    13591  4051   33K   113 32.25   32.18  
c rst  luby ibes vmt  2784  2738K 1495      33K   782 5.83    5.74    13591  4052   33K   113 32.25   32.19  
c rst  luby ibes vmt  2785  2738K 1495      33K   782 5.83    5.74    13591  4052   33K   113 32.28   32.21  
c rst  luby ibes vmt  2786  2739K 1495      33K   782 5.83    5.74    13592  4056   34K   113 32.30   32.23  
c rst  luby ibes vmt  2787  2740K 1495      33K   782 5.83    5.74    14021  3526   34K   113 32.41   32.34  
c rst  luby ibes vmt  2788  2741K 1495      33K   782 5.83    5.74    14022  3613   36K   113 31.83   31.77  
c rst  luby ibes vmt  2789  2741K 1495      33K   782 5.83    5.74    14022  3613   36K   113 31.79   31.73  
c rst  luby ibes vmt  2790  2741K 1495      33K   782 5.83    5.74    14022  3615   36K   113 31.76   31.69  
c rst  luby ibes vmt  2791  2742K 1495      33K   782 5.83    5.74    14022  3619   36K   113 31.69   31.62  
c rst  luby ibes vmt  2792  2742K 1495      33K   782 5.83    5.74    14022  3621   37K   113 31.65   31.59  
c rst  luby ibes vmt  2793  2742K 1495      33K   782 5.83    5.74    14022  3621   37K   113 31.62   31.56  
c [distill] watch-based irred--  cl tried 12540    cl-sh 0     cl-rem 0    lit-rem 0      T: 0.02 T-out: N
c [distill] watch-based red  --  cl tried 24655    cl-sh 30    cl-rem 0    lit-rem 33     T: 0.03 T-out: Y
c rst  luby ibes vmt  2794  2742K 1495      33K   782 5.83    5.74    14022  3622   37K   113 31.55   31.49  
c rst  luby ibes vmt  2795  2742K 1495      33K   782 5.83    5.74    14024  3641   37K   113 31.41   31.35  
c rst  luby ibes vmt  2796  2743K 1495      33K   782 5.83    5.74    14025  3643   37K   113 31.38   31.32  
c rst  luby ibes vmt  2797  2743K 1495      33K   782 5.83    5.74    14025  3645   37K   113 31.35   31.29  
c rst  luby ibes vmt  2798  2743K 1495      33K   782 5.83    5.74    14025  3647   38K   113 31.27   31.21  
c rst  luby ibes vmt  2799  2743K 1495      33K   782 5.83    5.74    14025  3649   38K   113 31.25   31.19  
c rst  luby ibes vmt  2800  2743K 1495      33K   782 5.83    5.74    14026  3660   38K   113 31.21   31.15  
c rst  luby ibes vmt  2801  2743K 1495      33K   782 5.83    5.74    14026  3678   38K   113 31.14   31.08  
c rst  luby ibes vmt  2802  2744K 1495      33K   782 5.83    5.74    14026  3702   38K   113 31.00   30.94  
c rst  luby ibes vmt  2803  2744K 1495      33K   782 5.83    5.74    14026  3716   39K   113 30.74   30.68  
c rst  luby ibes vmt  2804  2745K 1495      33K   782 5.83    5.74    14026  3728   39K   113 30.70   30.64  
c rst  luby ibes vmt  2805  2745K 1495      33K   782 5.83    5.74    14150  4891   30K   113 32.52   32.45  
c rst  luby ibes vmt  2806  2745K 1495      33K   782 5.83    5.74    14150  4907   30K   113 32.43   32.36  
c rst  luby ibes vmt  2807  2745K 1495      33K   782 5.83    5.74    14150  4910   30K   113 32.40   32.33  
c rst  luby ibes vmt  2808  2745K 1495      33K   782 5.83    5.74    14150  4921   30K   113 32.36   32.29  
c rst  luby ibes vmt  2809  2745K 1495      33K   782 5.83    5.74    14150  4925   30K   113 32.28   32.21  
c rst  luby ibes vmt  2810  2746K 1495      33K   782 5.83    5.74    14150  4939   31K   113 32.15   32.08  
c rst  luby ibes vmt  2811  2746K 1495      33K   782 5.83    5.74    14150  4941   31K   113 32.10   32.04  
c rst  luby ibes vmt  2812  2746K 1495      33K   782 5.83    5.74    14150  4944   31K   113 32.07   32.00  
c rst  luby ibes vmt  2813  2746K 1495      33K   782 5.83    5.74    14150  4967   31K   113 31.98   31.92  
c rst  luby ibes vmt  2814  2746K 1495      33K   782 5.83    5.74    14150  4975   31K   113 31.94   31.88  
c rst  luby ibes vmt  2815  2746K 1495      33K   782 5.83    5.74    14150  4986   31K   113 31.90   31.83  
c rst  luby ibes vmt  2816  2746K 1495      33K   782 5.83    5.74    14150  5009   32K   113 31.84   31.77  
c rst  luby ibes vmt  2817  2747K 1495      33K   782 5.83    5.74    14150  5033   32K   113 31.69   31.62  
c rst  luby ibes vmt  2818  2748K 1495      33K   782 5.83    5.74    14150  5131   33K   113 31.37   31.31  
c rst  luby ibes vmt  2819  2749K 1495      33K   782 5.83    5.74    14150  5226   34K   113 30.93   30.87  
c [impl-str] lit bin: 0 set-var: 0 T: 0.00 T-out: N T-r: 99.97% w-visit: 2998
c [impl-sub] bin: 0 T: 0.00 T-out: N w-visit: 2998
c rst  luby ibes vmt  2820  2753K 1495      33K   782 5.83    5.74    14372  5486   37K   113 29.77   29.72  
c [distill-long-red0] cls tried: 786/786 T: 0.14 T-out: N T-r: 97.25%
c [distill-long-red1] cls tried: 36/5205 T: 0.03 T-out: Y T-r: -3.98%
c rst  luby ibes vmt  2821  2753K 1495      33K   782 5.83    5.74    14372  5516   37K   113 29.68   29.63  
c rst  luby ibes vmt  2822  2753K 1495      33K   782 5.83    5.74    14372  5524   37K   113 29.65   29.60  
c rst  luby ibes vmt  2823  2753K 1495      33K   782 5.83    5.74    14372  5540   37K   113 29.59   29.53  
c rst  luby ibes vmt  2824  2753K 1495      33K   782 5.83    5.74    14372  5548   37K   113 29.55   29.50  
c rst  luby ibes vmt  2825  2753K 1495      33K   782 5.83    5.74    14372  5561   38K   113 29.53   29.47  
c rst  luby ibes vmt  2826  2753K 1495      33K   782 5.83    5.74    14373  5575   38K   113 29.46   29.40  
c [full-probe]  bin_only: 0 set: 0 repl: 0 T: 0.01 T-out: N T-r: 98.61%
c [distill-bin] useful: 0/782/782 lits-rem: 0 cl-rem: 0 0-depth-assigns: 0 T: 0.00 T-out: N
c rst  luby ibes vmt  2827  2754K 1495      33K   782 5.83    5.74    14373  5648   38K   113 29.33   29.28  
c rst  luby ibes vmt  2828  2754K 1495      33K   782 5.83    5.74    14373  5654   38K   113 29.30   29.24  
c rst  luby ibes vmt  2829  2754K 1495      33K   782 5.83    5.74    14373  5657   38K   113 29.26   29.21  
c rst  luby ibes vmt  2830  2754K 1495      33K   782 5.83    5.74    14373  5661   38K   113 29.20   29.15  
c rst  luby ibes vmt  2831  2754K 1495      33K   782 5.83    5.74    14373  5694   39K   113 29.17   29.12  
c rst  luby ibes vmt  2832  2754K 1495      33K   782 5.83    5.74    14373  5696   39K   113 29.14   29.09  
c rst  luby ibes vmt  2833  2755K 1495      33K   782 5.83    5.74    14373  5750   39K   113 29.08   29.02  
c rst  luby ibes vmt  2834  2755K 1495      33K   782 5.83    5.74    14374  5879   39K   113 28.95   28.90  
c rst  luby ibes vmt  2835  2756K 1495      33K   782 5.83    5.74    14374  5898   40K   113 28.79   28.74  
c rst  luby ibes vmt  2836  2756K 1495      33K   782 5.83    5.74    14374  5898   40K   113 28.81   28.76  
c rst  luby ibes vmt  2837  2756K 1495      33K   782 5.83    5.74    14376  5926   40K   113 28.78   28.73  
c rst  luby ibes vmt  2838  2756K 1495      33K   782 5.83    5.74    14376  5975   40K   113 28.72   28.67  
c rst  luby ibes vmt  2839  2756K 1495      33K   782 5.83    5.74    14376  6002   40K   113 28.69   28.64  
c rst  luby ibes vmt  2840  2756K 1495      33K   782 5.83    5.74    14376  6026   40K   113 28.66   28.61  
c rst  luby ibes vmt  2841  2757K 1495      33K   782 5.83    5.74    14376  6043   40K   113 28.60   28.55  
c rst  luby ibes vmt  2842  2757K 1495      33K   782 5.83    5.74    14376  6095   41K   113 28.48   28.43  
c rst  luby ibes vmt  2843  2757K 1495      33K   782 5.83    5.74    14377  6101   41K   113 28.45   28.40  
c rst  luby ibes vmt  2844  2757K 1495      33K   782 5.83    5.74    14377  6107   41K   113 28.42   28.37  
c rst  luby ibes vmt  2845  2757K 1495      33K   782 5.83    5.74    14377  6153   41K   113 28.36   28.31  
c rst  luby ibes vmt  2846  2757K 1495      33K   782 5.83    5.74    14377  6176   41K   113 28.33   28.28  
c rst  luby ibes vmt  2847  2758K 1495      33K   782 5.83    5.74    14377  6177   41K   113 28.30   28.25  
c rst  luby ibes vmt  2848  2758K 1495      33K   782 5.83    5.74    14377  6187   42K   113 28.24   28.20  
c rst  luby ibes vmt  2849  2758K 1495      33K   782 5.83    5.74    14377  6240   42K   113 28.12   28.07  
c rst  luby ibes vmt  2850  2759K 1495      33K   782 5.83    5.74    14379  6497   42K   113 27.91   27.86  
c rst  luby ibes vmt  2851  2761K 1495      33K   782 5.83    5.74    14867  9513   30K   114 21.56   21.52  
c rst  luby ibes vmt  2852  2761K 1495      33K   782 5.83    5.74    14867  9514   30K   114 21.54   21.50  
c rst  luby ibes vmt  2853  2761K 1495      33K   782 5.83    5.74    14867  9518   30K   114 21.53   21.48  
c rst  luby ibes vmt  2854  2761K 1495      33K   782 5.83    5.74    14868  9577   30K   114 21.50   21.46  
c rst  luby ibes vmt  2855  2761K 1495      33K   782 5.83    5.74    14868  9577   30K   114 21.48   21.44  
c rst  luby ibes vmt  2856  2761K 1495      33K   782 5.83    5.74    14868  9580   30K   114 21.47   21.43  
c rst  luby ibes vmt  2857  2761K 1495      33K   782 5.83    5.74    14868  9604   30K   114 21.44   21.40  
c rst  luby ibes vmt  2858  2762K 1495      33K   782 5.83    5.74    14868  9633   31K   114 21.40   21.36  
c rst  luby ibes vmt  2859  2762K 1495      33K   782 5.83    5.74    14868  9657   31K   114 21.37   21.34  
c rst  luby ibes vmt  2860  2762K 1495      33K   782 5.83    5.74    14868  9668   31K   114 21.36   21.32  
c rst  luby ibes vmt  2861  2762K 1495      33K   782 5.83    5.74    14868  9680   31K   114 21.32   21.28  
c rst  luby ibes vmt  2862  2762K 1495      33K   782 5.83    5.74    14868  9717   31K   114 21.30   21.26  
c rst  luby ibes vmt  2863  2762K 1495      33K   782 5.83    5.74    14868  9719   31K   114 21.28   21.24  
c rst  luby ibes vmt  2864  2763K 1495      33K   782 5.83    5.74    14868  9728   31K   114 21.23   21.19  
c rst  luby ibes vmt  2865  2763K 1495      33K   782 5.83    5.74    14869  9821   32K   114 21.17   21.13  
c rst  luby ibes vmt  2866  2764K 1495      33K   782 5.83    5.74    14869  9961   33K   114 21.06   21.02  
c rst  luby ibes vmt  2867  2764K 1495      33K   782 5.83    5.74    14869  9993   33K   114 21.04   21.01  
c rst  luby ibes vmt  2868  2764K 1495      33K   782 5.83    5.74    14870 10040   33K   114 21.03   20.99  
c rst  luby ibes vmt  2869  2764K 1495      33K   782 5.83    5.74    14871 10094   33K   114 20.98   20.95  
c rst  luby ibes vmt  2870  2764K 1495      33K   782 5.83    5.74    14871 10109   33K   114 20.97   20.94  
c rst  luby ibes vmt  2871  2764K 1495      33K   782 5.83    5.74    14871 10112   33K   114 20.95   20.92  
c rst  luby ibes vmt  2872  2765K 1495      33K   782 5.83    5.74    14871 10149   33K   114 20.91   20.88  
c rst  luby ibes vmt  2873  2765K 1495      33K   782 5.83    5.74    14874 10278   33K   114 20.83   20.79  
c rst  luby ibes vmt  2874  2765K 1495      33K   782 5.83    5.74    14874 10318   33K   114 20.81   20.77  
c rst  luby ibes vmt  2875  2765K 1495      33K   782 5.83    5.74    14875 10364   34K   114 20.79   20.76  
c rst  luby ibes vmt  2876  2765K 1495      33K   782 5.83    5.74    14876 10424   34K   114 20.76   20.72  
c rst  luby ibes vmt  2877  2765K 1495      33K   782 5.83    5.74    14876 10447   34K   114 20.74   20.71  
c rst  luby ibes vmt  2878  2766K 1495      33K   782 5.83    5.74    14877 10503   34K   114 20.72   20.68  
c rst  luby ibes vmt  2879  2766K 1495      33K   782 5.83    5.74    14877 10518   34K   114 20.68   20.65  
c rst  luby svd  vmt  2880  2766K 1495      33K   782 5.83    5.74    14877 10549   34K   114 20.65   20.61  
c rst  luby svd  vmt  2881  2767K 1495      33K   782 5.83    5.74    14877 10557   35K   114 20.55   20.51  
c [distill] watch-based irred--  cl tried 12494    cl-sh 92    cl-rem 46   lit-rem 92     T: 0.01 T-out: N
c [distill] watch-based red  --  cl tried 22620    cl-sh 324   cl-rem 302  lit-rem 591    T: 0.04 T-out: Y
c rst  luby svd  vmt  2882  2769K 1495      33K   783 5.83    5.74    14575 10662   37K   113 20.48   20.45  
c [distill-long-red0] cls tried: 675/675 T: 0.10 T-out: N T-r: 97.58%
c [distill-long-red1] cls tried: 49/10403 T: 0.02 T-out: Y T-r: -5.40%
c rst  luby svd  vmt  2883  2772K 1495      33K   783 5.83    5.74    14937 10755   40K   114 20.06   20.03  
c rst  luby svd  vmt  2884  2778K 1490      33K   783 5.83    5.74    15123 15407   31K   135 12.81   12.79  
c [full-probe]  bin_only: 1 set: 0 repl: 0 T: 0.00 T-out: N T-r: 99.83%
c [distill-bin] useful: 2/783/783 lits-rem: 0 cl-rem: 2 0-depth-assigns: 0 T: 0.01 T-out: N
c rst  luby svd  vmt  2885  2779K 1137      21K  1143 5.67    5.48     6380   353   523   264 6.62    6.46   
c ------- FINAL TOTAL SEARCH STATS ---------
c UIP search time          : 259.79      (98.20     % time)
c All times are for this thread only except if explicitly specified
c restarts                 : 2885        (963.35    confls per restart)
c blocked restarts         : 0           (0.00      per normal restart)
c time                     : 259.79      
c decisions                : 2914988     (0.00      % random)
c propagations             : 96M         (370K      props/s)
c decisions/conflicts      : 1.05        
c conflicts                : 2779270     
c LEARNT stats
c units learnt             : 10          (0.00      % of conflicts)
c bins learnt              : 96          (0.00      % of conflicts)
c long learnt              : 2783097     (100.14    % of conflicts)
c red which0               : 1524        (0.05      % of confl)
c SEAMLESS HYPERBIN&TRANS-RED stats
c advProp called           : 0           
c hyper-bin add bin        : 0           (0.00      bin/call)
c trans-red rem irred bin  : 0           (0.00      bin/call)
c trans-red rem red bin    : 0           (0.00      bin/call)
c CONFL LITS stats
c orig                     : 606764819   (218.32    lit/confl)
c recurs-min effective     : 2673687     (96.20     % attempt successful)
c recurs-min lits          : 510160956   (84.08     % less overall)
c permDiff call%           : 1.07        (0.00      % attempt successful)
c permDiff lits-rem        : 0           (0.00      less lits/cl on attempts)
c further-min call%        : 0.02        (27.01     % attempt successful)
c bintri-min lits          : 343         (0.00      % less overall)
c final avg                : 34.76       
c all-threads sum CPU time : 259.79       s
c PROP stats
c Mbogo-props              : 428.11      (1.65      / sec)
c MHyper-props             : 0.08        (0.00      / sec)
c Mprops                   : 96.17       (0.37      / sec)
c -------- OccSimplifier STATS ----------
c time                     : 9.26        (0.00      % var-elim)
c called                   : 10          (0.93      s per call)
c 0-depth assigns          : 0           (0.00      % vars)
c -------- OccSimplifier STATS END ----------
c -------- SubsumeStrengthen STATS ----------
c cl-subs                  : 11651        Clauses
c cl-str rem lit           : 3808         Lits
c cl-sub T                 : 1.16         s
c cl-str T                 : 7.64         s
c -------- SubsumeStrengthen STATS END ----------
c ----- SCC STATS --------
c time                     : 0.02        (0.00      per call)
c called                   : 65          (0.22      new found per call)
c found                    : 14          (50.00     % of all found)
c bogoprops                : 2955042     % of all found
c ----- SCC STATS END --------
c --------- VAR REPLACE STATS ----------
c time                     : 0.29        (0.01      per call)
c trees' crown             : 11          (0.40      % of vars)
c 0-depth assigns          : 0           (0.00      % vars)
c lits replaced            : 51263       
c bin cls removed          : 58          
c long cls removed         : 0           
c long lits removed        : 1547        
c bogoprops                : 12311216    
c --------- VAR REPLACE STATS END ----------
c vrep replace time        : 0.29        (0.11      % time)
c vrep tree roots          : 6           
c vrep trees' crown        : 11          (1.83      leafs/tree)
c -------- DISTILL-BIN STATS --------
c time                     : 0.94        (0.01      per call)
c timed out                : 1           (0.80      % of calls)
c distill/checked/potential: 1          /100575/100805
c lits-rem                 : 0           
c 0-depth-assigns          : 1           (0.04      % of vars)
c -------- DISTILL STATS END --------
c -------- STRENGTHEN STATS --------
c --> watch-based on irred cls
c time                     : 0.74        (0.00      s/call)
c shrinked/tried/total     : 319        /1067946/6582100
c subsumed/tried/total     : 296        /1067946/6582100
c lits-rem                 : 327         (0.01      % of lits tried)
c called                   : 202         (0.00      % ran out of time)
c --> watch-based on red cls
c time                     : 1.30        (0.01      s/call)
c shrinked/tried/total     : 2416       /1305969/1371324
c subsumed/tried/total     : 714        /1305969/1371324
c lits-rem                 : 4185        (0.04      % of lits tried)
c called                   : 202         (32353.96  % ran out of time)
c -------- STRENGTHEN STATS END --------
c -------- IMPLICIT SUB  STATS --------
c time                     : 0.08        (0.00      per call)
c timed out                : 0           (0.00      % of calls)
c rem bins                 : 121         
c -------- IMPLICIT SUB STATS END --------
c Mem used                 : 75          MB
c Mem for longclauses      : 2           MB (2.91      %)
c Mem for watch alloc      : 29          MB (38.78     %)
c Mem for watch array      : 0           MB (0.09      %)
c Mem for assings&vardata  : 0           MB (0.10      %)
c Mem for search&solve     : 0           MB (0.24      %)
c Mem for renumberer       : 0           MB (0.03      %)
c Mem for occsimplifier    : 1           MB (1.61      %)
c Mem for varReplacer&SCC  : 0           MB (0.08      %)
c Mem for impl subsume     : 0           MB (0.00      %)
c Mem for 3 distills       : 0           MB (0.00      %)
c Accounted for mem (rss)  : 43.85       %
c Accounted for mem (vm)   : 40.18       %
c restarts                 : 2885        (963.35    confls per restart)
c blocked restarts         : 0           (0.00      per normal restart)
c time                     : 259.79      
c decisions                : 2914988     (0.00      % random)
c propagations             : 96M         (370K      props/s)
c decisions/conflicts      : 1.05        
c conflicts                : 2779270     
c conf lits non-minim      : 606764819   (218.32    lit/confl)
c conf lits final          : 34.76       
c red which0               : 1524        (0.05      % of confl)
c props/decision           : 0.00        
c props/conflict           : 0.00        
c 0-depth assigns          : 360         (24.02     % vars)
c 0-depth assigns by CNF   : 0           (0.00      % vars)
c reduceDB time            : 0.74        (0.28      % time)
c OccSimplifier time       : 9.26        (3.50      % time)
c [occur] 0.39 is overhead
c [occur] link-in T: 0.31 cleanup T: 0.08
c [occ-substr] long subBySub: 11238 subByStr: 413 lits-rem-str: 3808 T: 8.80
c SCC time                 : 0.02        (0.01      % time)
c [scc] new: 14 BP 2M  T: 0.02
c vrep replace time        : 0.29        (0.11      % time)
c vrep tree roots          : 6           
c vrep trees' crown        : 11          (1.83      leafs/tree)
c distill long time        : 4.36        (1.65      % time)
c distill bin time         : 0.94        (0.36      % time)
c strength cache-irred time: 0.74        (0.28      % time)
c strength cache-red time  : 1.30        (0.49      % time)
c avg cls in red 0         : 6916.00     
c avg cls in red 1         : 2165.00     
c avg cls in red 2         : 44832.77    
c Conflicts in UIP         : 2779270     (10505.69  confl/time_this_thread)
c Max Memory (rss) used    : 77584 kB    
c Total time (this thread) : 264.55      
s UNSATISFIABLE
c [g 0] truth-find prop checks  : 2500K
c [g 0] -> of which prop        : 28.35 %
c [g 0] -> of which confl       :  1.16 %
c [g 0] elim called             : 205K
c [g 0] ---> which lead to prop : 38.51 %
c [g 0] ---> which lead to confl:  0.52 %
c [g 0] size: 93    x 560  
