c BreakID not compiled in, disabling
c CryptoMiniSat version 5.11.15
c CMS Copyright (C) 2009-2020 Authors of CryptoMiniSat, see AUTHORS file
c CMS SHA revision 
c Using VMTF code by Armin Biere from CaDiCaL
c Using Yalsat by Armin Biere, see Balint et al. Improving implementation of SLS solvers [...], SAT'14
c Using WalkSAT by Henry Kautz, see Kautz and Selman Pushing the envelope: planning, propositional logic, and stochastic search, AAAI'96,
c CMS is MIT licensed
c Using code from 'When Boolean Satisfiability Meets Gauss-E. in a Simplex Way'
c       by C.-S. Han and J.-H. Roland Jiang in CAV 2012. Fixes by M. Soos
c Using CCAnr from 'CCAnr: A Conf. Checking Based Local Search Solver [...]'
c       by Shaowei Cai, Chuan Luo, and Kaile Su, SAT 2015
c CMS compilation env CMAKE_CXX_COMPILER = /usr/bin/c++ | COMPILE_DEFINES =  -DRDB0_ONLY_FEATURES -DBOOST_TEST_DYN_LINK -DUSE_ZLIB -DYALSAT_FPU | STATICCOMPILE = OFF | ONLY_SIMPLE = OFF | Boost_FOUND = TRUE | STATS = OFF | SQLITE3_FOUND =  | ZLIB_FOUND = TRUE | VALGRIND_FOUND =  | ENABLE_TESTING = OFF | SLOW_DEBUG = OFF | ENABLE_ASSERTIONS = ON | PYTHON_EXECUTABLE =  | PYTHON_LIBRARY =  | PYTHON_INCLUDE_DIRS =  | MY_TARGETS =  | LARGEMEM = OFF | LIMITMEM = OFF | BREAKID_LIBRARIES =  | BREAKID-VER = . | BOSPHORUS_LIBRARIES =  | BOSPH-VER = . | compilation date time = Mar 31 2024 17:57:30
c CMS compiled with gcc version 13.2.0
c Executed with command line: cryptominisat5 --verb 1 /workspace/inputs/TRIMOSKA-ECICB-2024/upstream/benchmarks/Xn19l6-9-S.dimacs
c Reading file '/workspace/inputs/TRIMOSKA-ECICB-2024/upstream/benchmarks/Xn19l6-9-S.dimacs'
c -- header says num vars:            767
c -- header says num clauses:        2416
c -- clauses added: 2364
c -- xor clauses added: 52
c -- vars added 767
c Parsing time: 0.00 s
c [find&init matx] performing matrix init
c [gauss] XOR-encoding clauses are not detached, so no need to reattach them.
c [xor-rem-unconnected] left with 50 xors from 50 non-empty xors T: 0.00
c [xor-together] xored together: 0 orig xors: 50 new xors: 50 T: 0.00
c [xor-rem-unconnected] left with 50 xors from 50 non-empty xors T: 0.00
c [xor-clean-equiv] removed equivalent xors: 0 left with: 50
c [matrix] unused xors from cleaning: 0
c [matrix] Good   matrix  0     50 x  765  density:0.1087  xorlen avg: 83.18
c [matrix] Using 1 matrices recovered from 0 xors T: 0.00 T-out: N
c [branch] adjusting to: vsid (from: vsid) var_decay:0.95 descr: VSIDS
c rst  geom  stb   vs     1   113    2754 16952  1652    3.97    3.79     6    19    85     3  111.39  108.49
c rst  geom  stb   vs     2   236    2754 16952  1652    3.97    3.79     9    36   188     3   93.81   92.64
c  res  pol bran  nres  conf freevar  IrrL  IrrB l/longC  l/allC RedL0 RedL1 RedL2  RedB l/longC  l/allC
c rst  geom  stb   vs     3   372    2754 16952  1652    3.97    3.79     9    37   323     3   84.00   83.34
c rst  geom  stb   vs     4   519    2754 16952  1652    3.97    3.79     9    37   467     6   80.92   80.01
c rst  geom  stb   vs     5   680    2754 16952  1652    3.97    3.79     9    37   628     6   76.87   76.21
c rst  geom  stb   vs     6   857    2754 16952  1652    3.97    3.79     9    37   805     6   80.07   79.52
c rst  geom  stb   vs     7  1052    2754 16952  1652    3.97    3.79     9    37  1000     6   82.52   82.06
c rst  geom  stb   vs     8  1265    2754 16952  1652    3.97    3.79     9    37  1212     7   83.20   82.75
c rst  geom  stb   vs     9  1500    2754 16952  1652    3.97    3.79     9    37  1447     7   81.09   80.72
c rst  geom  stb   vs    10  1757    2754 16952  1652    3.97    3.79     9    37  1704     7   77.13   76.83
c rst  geom  stb   vs    11  2040    2754 16952  1652    3.97    3.79     9    37  1986     8   74.02   73.74
c rst  geom  stb   vs    12  2350    2754 16952  1652    3.97    3.79    14    38  2290     8   71.33   71.10
c rst  geom  stb   vs    13  2690    2754 16952  1652    3.97    3.79    14    38  2630     8   66.89   66.70
c rst  geom  stb   vs    14  3064    2754 16952  1652    3.97    3.79    15    41  3000     8   63.57   63.41
c rst  geom  stb   vs    15  3475    2754 16952  1652    3.97    3.79    15    41  3411     8   61.22   61.09
c rst  geom  stb   vs    16  3925    2754 16952  1652    3.97    3.79    15    41  3860     9   59.41   59.28
c rst  geom  stb   vs    17  4419    2754 16952  1652    3.97    3.79    15    41  4354     9   58.37   58.26
c rst  geom  stb   vs    18  4962    2754 16952  1652    3.97    3.79    16    41  4896     9   57.09   56.99
c rst  geom  stb   vs    19  5559    2754 16952  1652    3.97    3.79    16    41  5493     9   55.74   55.66
c [branch] adjusting to: vmtf (from: vsid) var_decay:0.95 descr: VMTF
c [distill-long-red0] cls tried: 16/16 T: 0.00 T-out: N T-r: 100.00%
c [distill-long-red1] cls tried: 41/41 T: 0.00 T-out: N T-r: 97.02%
c rst  luby ibes  vmt    20  5660    2754 16952  1652    3.97    3.79    28    57  5565    10   55.54   55.44
c rst  luby ibes  vmt    21  5762    2754 16952  1652    3.97    3.79    28    57  5667    10   55.04   54.94
c rst  luby ibes  vmt    22  5964    2754 16952  1652    3.97    3.79    28    57  5869    10   53.90   53.82
c rst  luby ibes  vmt    23  6066    2754 16952  1652    3.97    3.79    28    57  5971    10   53.39   53.31
c rst  luby ibes  vmt    24  6168    2754 16952  1652    3.97    3.79    28    57  6073    10   52.95   52.86
c rst  luby ibes  vmt    25  6369    2754 16952  1652    3.97    3.79    29    57  6273    10   52.03   51.96
c rst  luby ibes  vmt    26  6771    2754 16952  1652    3.97    3.79    29    57  6675    10   50.26   50.19
c rst  luby ibes  vmt    27  6873    2754 16952  1652    3.97    3.79    29    57  6777    10   49.84   49.77
c rst  luby ibes  vmt    28  6975    2754 16952  1652    3.97    3.79    29    57  6879    10   49.42   49.35
c rst  luby ibes  vmt    29  7177    2754 16952  1652    3.97    3.79    29    57  7081    10   48.62   48.55
c rst  luby ibes  vmt    30  7279    2754 16952  1652    3.97    3.79    29    57  7183    10   48.25   48.19
c rst  luby ibes  vmt    31  7381    2754 16952  1652    3.97    3.79    29    57  7285    10   47.88   47.82
c rst  luby ibes  vmt    32  7583    2754 16952  1652    3.97    3.79    29    57  7487    10   47.18   47.12
c rst  luby ibes  vmt    33  7985    2754 16952  1652    3.97    3.79    29    57  7889    10   45.85   45.80
c rst  luby ibes  vmt    34  8787    2754 16952  1652    3.97    3.79    29    57  8691    10   43.59   43.54
c rst  luby ibes  vmt    35  8889    2754 16952  1652    3.97    3.79    29    57  8793    10   43.33   43.28
c rst  luby ibes  vmt    36  8991    2754 16952  1652    3.97    3.79    29    57  8895    10   43.07   43.02
c rst  luby ibes  vmt    37  9193    2754 16952  1652    3.97    3.79    29    57  9097    10   42.56   42.52
c rst  luby ibes  vmt    38  9295    2754 16952  1652    3.97    3.79    29    57  9199    10   42.32   42.28
c rst  luby ibes  vmt    39  9397    2754 16952  1652    3.97    3.79    29    57  9301    10   42.09   42.05
c rst  luby ibes  vmt    40  9599    2754 16952  1652    3.97    3.79    29    57  9503    10   41.64   41.60
c rst  luby ibes  vmt    41 10001    2754 16952  1652    3.97    3.79    55    31  9905    10   40.76   40.72
c rst  luby ibes  vmt    42 10103    2754 16952  1652    3.97    3.79    55    31 10007    10   40.55   40.51
c rst  luby ibes  vmt    43 10205    2754 16952  1652    3.97    3.79    55    31 10109    10   40.33   40.29
c rst  luby ibes  vmt    44 10407    2754 16952  1652    3.97    3.79    55    31 10311    10   39.96   39.92
c rst  luby ibes  vmt    45 10509    2754 16952  1652    3.97    3.79    63    75 10361    10   39.71   39.67
c rst  luby ibes  vmt    46 10611    2754 16952  1652    3.97    3.79    63    77 10461    10   40.53   40.50
c rst  luby ibes  vmt    47 10812    2754 16952  1652    3.97    3.79    63    78 10679    10   40.62   40.58
c rst  luby  svd  vmt    48 11213    2754 16952  1652    3.97    3.79    73    85 11057    16   42.93   42.87
c rst  luby  svd  vmt    49 12014    2754 16952  1652    3.97    3.79   106   104 11802    20   45.47   45.39
c [branch] adjusting to: vsid (from: vmtf) var_decay:0.95 descr: VSIDS
c [distill-bin] useful: 4/1652/1652 lits-rem: 0 cl-rem: 4 0-depth-assigns: 0 T: 0.00 T-out: N
c rst  geom  svd   vs    50 12125    2754 16952  1648    3.97    3.79   106   104 11913    20   45.53   45.46
c rst  geom  svd   vs    51 12247    2754 16952  1648    3.97    3.79   106   104 12035    20   45.54   45.47
c rst  geom  svd   vs    52 12381    2754 16952  1648    3.97    3.79   106   104 12169    20   45.50   45.43
c rst  geom  svd   vs    53 12529    2754 16952  1648    3.97    3.79   106   104 12317    20   45.38   45.31
c rst  geom  svd   vs    54 12691    2754 16952  1648    3.97    3.79   106   104 12479    20   45.25   45.18
c rst  geom  svd   vs    55 12869    2754 16952  1648    3.97    3.79   106   104 12657    20   45.08   45.02
c rst  geom  svd   vs    56 13064    2754 16952  1648    3.97    3.79   106   104 12852    20   44.87   44.81
c rst  geom  svd   vs    57 13278    2754 16952  1648    3.97    3.79   106   104 13066    20   44.62   44.55
c rst  geom  svd   vs    58 13512    2754 16952  1648    3.97    3.79   106   104 13300    20   44.40   44.34
c rst  geom  svd   vs    59 13770    2754 16952  1648    3.97    3.79   106   104 13558    20   44.42   44.36
c rst  geom  svd   vs    60 14052    2754 16952  1648    3.97    3.79   106   104 13838    22   44.39   44.32
c rst  geom  svd   vs    61 14362    2754 16952  1648    3.97    3.79   106   104 14148    22   44.19   44.12
c rst  geom  svd   vs    62 14703    2754 16952  1648    3.97    3.79   106   104 14489    22   44.22   44.16
c rst  geom  svd   vs    63 15076    2754 16952  1648    3.97    3.79   107   138 14827    22   44.06   44.00
c rst  geom  svd   vs    64 15487    2754 16952  1648    3.97    3.79   107   138 15238    22   43.67   43.61
c rst  geom  svd   vs    65 15937    2754 16952  1648    3.97    3.79   107   138 15688    22   43.26   43.20
c rst  geom  svd   vs    66 16431    2754 16952  1648    3.97    3.79   107   138 16182    22   42.84   42.79
c rst  geom best   vs    67 16974    2754 16952  1648    3.97    3.79   107   138 16725    22   44.13   44.08
c rst  geom best   vs    68 17572    2754 16952  1648    3.97    3.79   107   138 17323    22   44.69   44.64
c rst  geom best   vs    69 18228    2754 16952  1648    3.97    3.79   107   138 17979    22   44.65   44.60
c [branch] adjusting to: vmtf (from: vsid) var_decay:0.95 descr: VMTF
c rst  luby best  vmt    70 18329    2754 16952  1648    3.97    3.79   107   140 18075    25   45.10   45.04
c rst  luby best  vmt    71 18431    2754 16952  1648    3.97    3.79   110   142 18163    34   45.63   45.55
c rst  luby best  vmt    72 18632    2754 16952  1648    3.97    3.79   119   143 18353    35   45.92   45.84
c rst  luby best  vmt    73 18733    2754 16952  1648    3.97    3.79   119   144 18453    35   46.23   46.15
c rst  luby best  vmt    74 18835    2754 16952  1648    3.97    3.79   120   147 18551    35   46.47   46.39
c rst  luby best  vmt    75 19036    2754 16952  1648    3.97    3.79   122   148 18748    36   46.80   46.71
c rst  luby best  vmt    76 19438    2754 16952  1648    3.97    3.79   124   151 19132    49   47.15   47.04
c rst  luby best  vmt    77 19540    2754 16952  1648    3.97    3.79   125   151 19233    49   47.19   47.07
c rst  luby best  vmt    78 19641    2754 16952  1648    3.97    3.79   125   151 19334    49   47.31   47.20
c rst  luby best  vmt    79 19844    2754 16952  1648    3.97    3.79   127   151 19535    49   47.63   47.52
c rst  luby best  vmt    80 19947    2754 16952  1648    3.97    3.79   128   151 19635    51   47.72   47.61
c rst  luby best  vmt    81   20K    2754 16952  1648    3.97    3.79   177   104 19736    51   47.85   47.74
c [full-probe]  bin_only: 1 set: 0 repl: 0 T: 0.00 T-out: N T-r: 99.83%
c rst  luby best  vmt    82   20K    2754 16952  1648    3.97    3.79   180   110 19930    57   47.84   47.71
c rst  luby best  vmt    83   20K    2754 16952  1648    3.97    3.79   181   111   20K    57   48.50   48.37
c [distill-long-red0] cls tried: 142/142 T: 0.00 T-out: N T-r: 99.93%
c [distill-long-red1] cls tried: 93/93 T: 0.00 T-out: N T-r: 63.24%
c rst  luby best  vmt    84   21K    2754 16952  1648    3.97    3.79   179   139   21K    63   49.23   49.09
c rst  luby best  vmt    85   21K    2754 16952  1648    3.97    3.79   180   141   21K    64   49.25   49.11
c rst  luby best  vmt    86   21K    2754 16952  1648    3.97    3.79   180   144   21K    64   49.31   49.17
c rst  luby  stb  vmt    87   21K    2754 16952  1648    3.97    3.79   180   146   21K    65   49.63   49.49
c rst  luby  stb  vmt    88   21K    2754 16952  1648    3.97    3.79   182   148   21K    65   49.74   49.60
c rst  luby  stb  vmt    89   22K    2754 16952  1648    3.97    3.79   186   153   21K    66   49.83   49.69
c rst  luby  stb  vmt    90   22K    2754 16952  1648    3.97    3.79   193   161   21K    66   50.02   49.88
c rst  luby  stb  vmt    91   22K    2754 16952  1648    3.97    3.79   199   170   22K    66   50.26   50.12
c rst  luby  stb  vmt    92   22K    2754 16952  1648    3.97    3.79   199   172   22K    67   50.52   50.38
c rst  luby  stb  vmt    93   22K    2754 16952  1648    3.97    3.79   200   175   22K    71   50.59   50.44
c rst  luby  stb  vmt    94   23K    2754 16952  1648    3.97    3.79   204   177   22K    74   50.66   50.51
c rst  luby  stb  vmt    95   23K    2754 16952  1648    3.97    3.79   205   177   22K    74   50.76   50.60
c rst  luby  stb  vmt    96   23K    2754 16952  1648    3.97    3.79   205   179   22K    74   50.85   50.69
c rst  luby  stb  vmt    97   23K    2754 16952  1648    3.97    3.79   205   179   23K    75   51.28   51.12
c rst  luby  stb  vmt    98   23K    2754 16952  1648    3.97    3.79   215   190   23K    77   51.58   51.42
c rst  luby  stb  vmt    99   24K    2754 16952  1648    3.97    3.79   222   197   24K    77   51.98   51.82
c rst  luby  stb  vmt   100   26K    2754 16952  1648    3.97    3.79   236   217   25K    83   53.13   52.97
c [branch] adjusting to: vsid (from: vmtf) var_decay:0.95 descr: VSIDS
c [distill] watch-based irred--  cl tried     1428 cl-sh     0 cl-rem    4 lit-rem      0 T: 0.00 T-out: N
c [distill] watch-based   red--  cl tried      472 cl-sh     9 cl-rem    0 lit-rem     11 T: 0.00 T-out: N
c rst  geom  stb   vs   101   26K    2754 16948  1652    3.97    3.79   236   217   25K    80   53.26   53.11
c rst  geom  stb   vs   102   26K    2754 16948  1652    3.97    3.79   236   217   26K    80   53.21   53.05
c rst  geom  stb   vs   103   26K    2754 16948  1652    3.97    3.79   236   217   26K    80   53.20   53.04
c rst  geom  stb   vs   104   26K    2754 16948  1652    3.97    3.79   236   217   26K    80   53.23   53.08
c rst  geom  stb   vs   105   26K    2754 16948  1652    3.97    3.79   237   218   26K    81   53.31   53.15
c rst  geom ibes   vs   106   27K    2754 16948  1652    3.97    3.79   237   218   26K    81   53.18   53.03
c rst  geom ibes   vs   107   27K    2754 16948  1652    3.97    3.79   237   218   26K    81   52.96   52.80
c rst  geom ibes   vs   108   27K    2754 16948  1652    3.97    3.79   237   218   27K    81   52.69   52.54
c rst  geom ibes   vs   109   27K    2754 16948  1652    3.97    3.79   237   218   27K    81   52.51   52.36
c rst  geom ibes   vs   110   28K    2754 16948  1652    3.97    3.79   237   218   27K    81   52.22   52.08
c rst  geom ibes   vs   111   28K    2754 16948  1652    3.97    3.79   237   218   27K    81   51.89   51.75
c rst  geom ibes   vs   112   28K    2754 16948  1652    3.97    3.79   237   218   28K    81   51.61   51.47
c rst  geom ibes   vs   113   28K    2754 16948  1652    3.97    3.79   239   218   28K    81   51.45   51.31
c rst  geom ibes   vs   114   29K    2754 16948  1652    3.97    3.79   239   218   28K    81   51.08   50.94
c rst  geom ibes   vs   115   29K    2754 16948  1652    3.97    3.79   239   218   29K    81   50.71   50.58
c rst  geom ibes   vs   116   30K    2754 16948  1652    3.97    3.79   316   356   24K    81   49.03   48.88
c rst  geom ibes   vs   117   30K    2754 16948  1652    3.97    3.79   317   356   24K    81   48.57   48.42
c rst  geom ibes   vs   118   31K    2754 16948  1652    3.97    3.79   317   356   25K    81   48.18   48.04
c rst  geom ibes   vs   119   31K    2754 16948  1652    3.97    3.79   317   356   25K    81   47.77   47.63
c rst  geom ibes   vs   120   32K    2754 16948  1652    3.97    3.79   317   356   26K    81   47.02   46.89
c [distill-bin] useful: 0/1652/1652 lits-rem: 0 cl-rem: 0 0-depth-assigns: 0 T: 0.01 T-out: N
c rst  geom  svd   vs   121   33K    2754 16948  1652    3.97    3.79   318   357   27K    81   46.62   46.49
c rst  geom  svd   vs   122   34K    2754 16948  1652    3.97    3.79   318   357   27K    81   46.17   46.04
c [branch] adjusting to: vmtf (from: vsid) var_decay:0.95 descr: VMTF
c rst  luby  svd  vmt   123   34K    2754 16948  1652    3.97    3.79   319   357   27K    84   46.29   46.16
c rst  luby  svd  vmt   124   34K    2754 16948  1652    3.97    3.79   319   360   28K    84   46.29   46.16
c rst  luby  svd  vmt   125   34K    2754 16948  1652    3.97    3.79   322   367   28K    84   46.44   46.31
c rst  luby  svd  vmt   126   34K    2754 16948  1652    3.97    3.79   323   375   28K    84   46.50   46.37
c rst  luby  svd  vmt   127   34K    2754 16948  1652    3.97    3.79   325   380   28K    84   46.57   46.44
c rst  luby  svd  vmt   128   34K    2754 16948  1652    3.97    3.79   329   391   28K    84   46.73   46.60
c rst  luby  svd  vmt   129   35K    2754 16948  1652    3.97    3.79   336   397   29K    85   47.22   47.10
c rst  luby  svd  vmt   130   35K    2754 16948  1652    3.97    3.79   337   397   29K    85   47.25   47.12
c rst  luby  svd  vmt   131   35K    2754 16948  1652    3.97    3.79   337   397   29K    85   47.36   47.24
c rst  luby  svd  vmt   132   35K    2754 16948  1652    3.97    3.79   337   399   29K    85   47.56   47.43
c rst  luby  svd  vmt   133   35K    2754 16948  1652    3.97    3.79   337   403   29K    85   47.56   47.44
c [distill-long-red0] cls tried: 150/150 T: 0.00 T-out: N T-r: 99.85%
c [distill-long-red1] cls tried: 75/308 T: 0.01 T-out: Y T-r: -0.54%
c rst  luby  svd  vmt   134   35K    2754 16948  1652    3.97    3.79   335   405   29K    87   47.65   47.52
c rst  luby  svd  vmt   135   36K    2754 16948  1652    3.97    3.79   335   426   29K    87   47.74   47.61
c rst  luby  svd  vmt   136   36K    2754 16948  1652    3.97    3.79   337   432   30K    87   47.87   47.74
c rst  luby  svd  vmt   137   37K    2754 16948  1652    3.97    3.79   342   441   31K    87   48.10   47.98
c rst  luby  svd  vmt   138   37K    2754 16948  1652    3.97    3.79   343   441   31K    87   48.16   48.03
c rst  luby  svd  vmt   139   37K    2754 16948  1652    3.97    3.79   344   441   31K    87   48.28   48.16
c rst  luby  svd  vmt   140   37K    2754 16948  1652    3.97    3.79   346   444   31K    87   48.23   48.11
c rst  luby  svd  vmt   141   37K    2754 16948  1652    3.97    3.79   346   445   31K    87   48.26   48.13
c rst  luby  svd  vmt   142   37K    2754 16948  1652    3.97    3.79   346   449   31K    87   48.23   48.11
c rst  luby  svd  vmt   143   38K    2754 16948  1652    3.97    3.79   349   463   31K    87   48.22   48.10
c rst  geom best  vmt   144   38K    2754 16948  1652    3.97    3.79   349   466   31K    87   48.27   48.15
c rst  geom best  vmt   145   38K    2754 16948  1652    3.97    3.79   349   471   32K    87   48.29   48.17
c rst  geom best  vmt   146   38K    2754 16948  1652    3.97    3.79   349   481   32K    87   48.36   48.24
c rst  geom best  vmt   147   38K    2754 16948  1652    3.97    3.79   351   482   32K    87   48.39   48.27
c rst  geom best  vmt   148   38K    2754 16948  1652    3.97    3.79   353   482   32K    87   48.33   48.21
c rst  geom best  vmt   149   38K    2754 16948  1652    3.97    3.79   354   483   32K    87   48.45   48.33
c rst  geom best  vmt   150   39K    2754 16948  1652    3.97    3.79   354   488   32K    87   48.39   48.27
c rst  geom best  vmt   151   39K    2754 16948  1652    3.97    3.79   355   498   33K    87   48.37   48.25
c rst  geom best  vmt   152   39K    2754 16948  1652    3.97    3.79   359   501   33K    87   48.42   48.30
c rst  geom best  vmt   153   39K    2754 16948  1652    3.97    3.79   359   511   33K    88   48.63   48.51
c rst  geom best  vmt   154   40K    2754 16948  1652    3.97    3.79   449   425   33K    88   48.76   48.64
c [full-probe]  bin_only: 0 set: 0 repl: 0 T: 0.00 T-out: N T-r: 97.63%
c [impl-str] lit bin: 0 set-var: 0 T: 0.00 T-out: N T-r: 99.95% w-visit: 5508
c [impl-sub] bin: 14 T: 0.00 T-out: N w-visit: 5508
c rst  geom best  vmt   155   40K    2754 16948  1652    3.97    3.79   450   426   34K    87   48.87   48.75
c rst  geom best  vmt   156   40K    2754 16948  1652    3.97    3.79   453   431   34K    87   48.99   48.87
c rst  geom best  vmt   157   41K    2754 16948  1652    3.97    3.79   455   431   34K    87   49.08   48.97
c rst  geom best  vmt   158   41K    2754 16948  1652    3.97    3.79   456   446   35K    87   49.01   48.90
c rst  geom best  vmt   159   41K    2754 16948  1652    3.97    3.79   457   458   35K    87   49.07   48.96
c rst  geom best  vmt   160   42K    2754 16948  1652    3.97    3.79   463   459   36K    87   49.11   49.00
c [branch] adjusting to: vsid (from: vmtf) var_decay:0.95 descr: VSIDS
c rst  geom best   vs   161   42K    2754 16948  1652    3.97    3.79   463   459   36K    87   49.12   49.01
c rst  geom best   vs   162   42K    2754 16948  1652    3.97    3.79   464   460   36K    87   49.08   48.97
c rst  geom best   vs   163   42K    2754 16948  1652    3.97    3.79   464   460   36K    87   48.99   48.88
c rst  geom best   vs   164   42K    2754 16948  1652    3.97    3.79   464   460   36K    87   48.89   48.78
c rst  geom best   vs   165   43K    2754 16948  1652    3.97    3.79   464   460   36K    87   48.81   48.70
c rst  geom best   vs   166   43K    2754 16948  1652    3.97    3.79   464   460   36K    87   48.76   48.65
c rst  geom best   vs   167   43K    2754 16948  1652    3.97    3.79   464   461   37K    87   48.59   48.49
c rst  geom  stb   vs   168   43K    2754 16948  1652    3.97    3.79   464   461   37K    87   48.46   48.36
c rst  geom  stb   vs   169   43K    2754 16948  1652    3.97    3.79   464   461   37K    87   48.26   48.15
c rst  geom  stb   vs   170   44K    2754 16948  1652    3.97    3.79   464   461   37K    87   48.08   47.97
c [ccnr] tries: 0 steps: 262143 best found: 14
c [ccnr] tries: 0 steps: 524287 best found: 13
c [ccnr] tries: 0 steps: 786431 best found: 13
c [ccnr] saving best assignment phase to stable_polar
c [ccnr] bumping based on clause weights
c [ccnr] Bumped vars: 102 bump type: 6
c [ccnr] time: 0.39
c rst  geom  stb   vs   171   44K    2754 16948  1652    3.97    3.79   464   461   38K    87   47.91   47.81
c rst  geom  stb   vs   172   44K    2754 16948  1652    3.97    3.79   464   461   38K    87   47.77   47.67
c rst  geom  stb   vs   173   45K    2754 16948  1652    3.97    3.79   479   864   31K    87   49.90   49.77
c rst  geom  stb   vs   174   45K    2754 16948  1652    3.97    3.79   479   864   31K    87   49.62   49.49
c rst  geom  stb   vs   175   45K    2754 16948  1652    3.97    3.79   479   864   31K    87   49.31   49.19
c rst  geom  stb   vs   176   46K    2754 16948  1652    3.97    3.79   479   864   32K    87   49.00   48.88
c rst  geom  stb   vs   177   46K    2754 16948  1652    3.97    3.79   479   864   32K    87   48.64   48.52
c rst  geom  stb   vs   178   47K    2754 16948  1652    3.97    3.79   479   864   33K    87   48.26   48.14
c rst  geom  stb   vs   179   48K    2754 16948  1652    3.97    3.79   479   864   33K    87   47.95   47.84
c rst  geom  stb   vs   180   48K    2754 16948  1652    3.97    3.79   479   864   34K    87   47.70   47.59
c rst  geom  stb   vs   181   49K    2754 16948  1652    3.97    3.79   479   867   35K    87   47.28   47.17
c rst  geom ibes   vs   182   50K    2754 16948  1652    3.97    3.79   499   847   36K    87   46.81   46.71
c [gauss] XOR-encoding clauses are not detached, so no need to reattach them.
c [g 0] truth-find prop checks  : 811K
c [g 0] -> of which prop        : 39.46 %
c [g 0] -> of which confl       :  3.33 %
c [g 0] elim called             : 149K
c [g 0] ---> which lead to prop : 10.15 %
c [g 0] ---> which lead to confl:  0.78 %
c [g 0] size: 50    x 765  
c [scc] new: 6 BP 0M T: 0.00
c [vrep] vars 6 lits 13286 rem-bin-cls 32 rem-long-cls 0 BP 0M T: 0.02
c [scc] new: 0 BP 0M T: 0.00
c [vrep] vars 0 lits 0 rem-bin-cls 0 rem-long-cls 0 BP 0M T: 0.00
c [intree] Set 0 vars hyper-added: 690 trans-irred: 0 trans-red: 4 T: 0.00 T-out: N T-r: -0.75%
c [find&init matx] performing matrix init
c [gauss] XOR-encoding clauses are not detached, so no need to reattach them.
c [xor-rem-unconnected] left with 50 xors from 50 non-empty xors T: 0.00
c [xor-together] xored together: 0 orig xors: 50 new xors: 50 T: 0.00
c [xor-rem-unconnected] left with 50 xors from 50 non-empty xors T: 0.00
c [xor-clean-equiv] removed equivalent xors: 0 left with: 50
c [matrix] unused xors from cleaning: 0
c [matrix] Good   matrix 0 50      x761    density:0.1083  xorlen avg: 82.38
c [matrix] Using 1 matrices recovered from 0 xors T: 0.00 T-out: N
c rst  geom ibes vs   183   51  K 2748    16948  1640 3.97    3.79      499   848   37K   765 46.34   45.47  
c [distill-long-red0] cls tried: 145/145 T: 0.01 T-out: N T-r: 99.61%
c [distill-long-red1] cls tried: 27/697 T: 0.01 T-out: Y T-r: -3.75%
c rst  geom ibes vs   184   52  K 2748    16948  1640 3.97    3.79      499   848   37K   765 45.93   45.09  
c [distill] watch-based irred--  cl tried 1424     cl-sh 0     cl-rem 0    lit-rem 0      T: 0.00 T-out: N
c [distill] watch-based red  --  cl tried 998      cl-sh 24    cl-rem 0    lit-rem 36     T: 0.00 T-out: N
c rst  geom ibes vs   185   53  K 2748    16948  1640 3.97    3.79      499   848   39K   767 45.36   44.55  
c [branch] adjusting to: vmtf (from: vsid) var_decay:0.95 descr: VMTF
c [distill-bin] useful: 0/1640/1640 lits-rem: 0 cl-rem: 0 0-depth-assigns: 0 T: 0.01 T-out: N
c rst  luby ibes vmt  186   53  K 2748    16948  1640 3.97    3.79      499   852   39K   767 45.37   44.56  
c rst  luby ibes vmt  187   53  K 2748    16948  1640 3.97    3.79      499   854   39K   767 45.37   44.56  
c rst  luby ibes vmt  188   53  K 2748    16948  1640 3.97    3.79      500   857   39K   767 45.40   44.60  
c rst  luby ibes vmt  189   53  K 2748    16948  1640 3.97    3.79      501   858   39K   767 45.45   44.65  
c rst  luby ibes vmt  190   53  K 2748    16948  1640 3.97    3.79      502   863   39K   767 45.55   44.75  
c rst  luby ibes vmt  191   53  K 2748    16948  1640 3.97    3.79      503   871   39K   767 45.67   44.87  
c rst  luby ibes vmt  192   54  K 2748    16948  1640 3.97    3.79      504   873   40K   767 45.92   45.12  
c rst  luby ibes vmt  193   54  K 2748    16948  1640 3.97    3.79      506   874   40K   767 45.99   45.20  
c rst  luby ibes vmt  194   54  K 2748    16948  1640 3.97    3.79      506   878   40K   767 46.00   45.21  
c rst  luby ibes vmt  195   54  K 2748    16948  1640 3.97    3.79      509   885   40K   767 46.04   45.25  
c rst  luby ibes vmt  196   54  K 2748    16948  1640 3.97    3.79      509   885   40K   767 46.09   45.30  
c rst  luby ibes vmt  197   54  K 2748    16948  1640 3.97    3.79      509   886   40K   767 46.09   45.30  
c rst  luby ibes vmt  198   55  K 2748    16948  1640 3.97    3.79      511   889   41K   767 46.12   45.34  
c rst  luby svd  vmt  199   55  K 2748    16948  1640 3.97    3.79      512   889   41K   767 46.36   45.58  
c rst  luby svd  vmt  200   56  K 2748    16948  1640 3.97    3.79      513   895   41K   767 46.49   45.72  
c recursive minimization cost OK: 292Kcost/(% lits removed)
c [gauss] XOR-encoding clauses are not detached, so no need to reattach them.
c [g 0] truth-find prop checks  : 111K
c [g 0] -> of which prop        : 38.18 %
c [g 0] -> of which confl       :  3.30 %
c [g 0] elim called             : 20K
c [g 0] ---> which lead to prop :  4.31 %
c [g 0] ---> which lead to confl:  0.40 %
c [g 0] size: 50    x 761  
c --> Executing strategy token: scc-vrepl
c [scc] new: 1 BP 0M T: 0.00
c --> Executing strategy token: sub-impl
c [impl-sub] bin: 0 T: 0.00 T-out: N w-visit: 5508
c --> Executing strategy token: breakid
c --> Executing OCC strategy token(s): 'occ-backw-sub-str,occ-clean-implicit,occ-bve,occ-bva,occ-ternary-res,occ-xor,'
c [occ] mem usage for occur 1      MB
c [occ] Linked in IRRED BIN by default: 1640
c [occ] Linked in RED   BIN by default: 767
c [occ] mem usage for occur 0      MB
c Mem for watch alloc      : 3           MB (18.41     %)
c Mem for watch array      : 0           MB (0.88      %)
c --> Executing OCC strategy token: occ-backw-sub-str
c [occ-backw-sub-str-long-w-bins] subs: 2 str: 3 tried: 2409 0-depth ass: 0 T: 0.00 T-out: N T-r: 99.42%
c [occ-backw-sub-long-w-long] rem cl: 34 tried: 60302/60302 (100.0%) T: 0.01 T-out: N T-r: 97.07%
c [occ-backw-sub-str-long-w-long] sub: 0 str: 0 tried: 180906/60302 (300.0)  T: 0.04 T-out: N T-r: 89.23%
c [occ-backw-sub-str-w-added-long]  sub: 0 str: 0 0-depth ass: 0 T: 0.00 T-out: N T-r: 100.00%
c --> Executing OCC strategy token: occ-clean-implicit
c --> Executing OCC strategy token: occ-bve
c [occ-empty-res] Empty resolvent elimed: 0 T: 0.00 T-out: N
c [occ-bve] iter v-elim 11
c cl_inc_rate=1.0, var_dec_rate=1.0 (grow=0)
c Reduced to 2737 vars, 18579 cls (grow=0)
c [occ-bve] iter v-elim 287
c cl_inc_rate=1.1, var_dec_rate=1.1 (grow=8)
c Reduced to 2450 vars, 19843 cls (grow=8)
c x n vars       : 2450
c #try to eliminate:  5759
c #var-elim        :   298
c #T-o: N
c #T-r: 99.99%
c #T  : 0.05
c [occur] 0.03 is overhead
c [occur] link-in T: 0.03 cleanup T: 0.00
c --> Executing OCC strategy token: occ-bva
c --> Executing OCC strategy token: occ-ternary-res
c [occ-ternary-res] Ternary res-tri: 56 res-bin: 0 sub: 3 str: 0 T: 0.00 T-out: N T-r: 99.38%
c --> Executing OCC strategy token: occ-xor
c [occ-xor] sort occur list T: 0.00
c [xor-clean-equiv] removed equivalent xors: 0 left with: 1878
c [occ-xor] found   1878 avg sz 4.0 min sz  4 max sz  5 T: 0.00 T-out: N T-r: 99.98%
c --> Executing strategy token: card-find
c --> Executing strategy token: cl-consolidate
c [mem] consolidate  old-sz: 10312K new-sz: 3923K new bits offs: 19 T: 0.00
c --> Executing strategy token: scc-vrepl
c [scc] new: 1 BP 0M T: 0.00
c --> Executing strategy token: renumber
c --> Executing strategy token: bosphorus
c --> Executing strategy token: louvain-comms
c [consolidate] mini T: 0.00
c global_timeout_multiplier: 3.3000
c [branch] rebuilding order heap for all branchings. Current branching: vmtf
c [find&init matx] performing matrix init
c [gauss] XOR-encoding clauses are not detached, so no need to reattach them.
c [xor-rem-unconnected] left with 1878 xors from 1878 non-empty xors T: 0.00
c [xor-together] xored together: 1834 orig xors: 1878 new xors: 44 T: 0.00
c [xor-rem-unconnected] left with 44 xors from 44 non-empty xors T: 0.00
c [xor-clean-equiv] removed equivalent xors: 0 left with: 44
c [matrix] unused xors from cleaning: 0
c [matrix] Good   matrix  0     44 x  456  density:0.1919  xorlen avg: 87.50
c [matrix] Using 1 matrices recovered from 0 xors T: 0.00 T-out: N
c rst  luby  svd  vmt   201   56K    2450 18967   876    4.11    4.01    87   126   21K    88   29.36   29.25
c rst  luby  svd  vmt   202   56K    2450 18967   876    4.11    4.01    87   127   21K    88   29.32   29.21
c rst  luby  svd  vmt   203   56K    2450 18967   876    4.11    4.01    87   130   21K    88   29.27   29.16
c rst  luby  svd  vmt   204   56K    2450 18967   876    4.11    4.01    87   133   21K    88   29.18   29.08
c rst  luby  svd  vmt   205   56K    2450 18967   876    4.11    4.01    87   135   21K    88   29.13   29.02
c rst  luby  svd  vmt   206   56K    2450 18967   876    4.11    4.01    87   135   21K    88   29.06   28.96
c rst  luby  svd  vmt   207   57K    2450 18967   876    4.11    4.01    87   135   22K    88   29.02   28.91
c rst  luby  svd  vmt   208   57K    2450 18967   876    4.11    4.01    91   155   22K    88   28.92   28.82
c rst  luby  svd  vmt   209   57K    2450 18967   876    4.11    4.01    92   156   22K    88   28.93   28.83
c rst  luby  svd  vmt   210   57K    2450 18967   876    4.11    4.01    92   158   22K    88   28.96   28.85
c rst  luby  svd  vmt   211   57K    2450 18967   876    4.11    4.01    92   160   22K    88   29.01   28.91
c rst  luby  svd  vmt   212   58K    2450 18967   876    4.11    4.01    92   162   22K    88   28.96   28.86
c [g  <0] Disabling GJ-elim in this round.  Usefulness was: 19.7030%  over 98254 calls
c rst  luby  svd  vmt   213   58K    2450 18967   876    4.11    4.01    92   162   22K    88   28.95   28.85
c rst  luby  svd  vmt   214   58K    2450 18967   876    4.11    4.01    96   165   23K    88   29.17   29.07
c rst  luby  svd  vmt   215   58K    2450 18967   876    4.11    4.01    98   191   23K    88   29.19   29.09
c rst  luby  svd  vmt   216   59K    2450 18967   876    4.11    4.01    99   203   24K    88   29.19   29.09
c rst  luby  svd  vmt   217   61K    2450 18967   876    4.11    4.01   176   269   23K    88   28.27   28.17
c [full-probe]  bin_only: 1 set: 0 repl: 0 T: 0.00 T-out: N T-r: 99.81%
c rst  geom best  vmt   218   61K    2450 18967   876    4.11    4.01   176   269   23K    90   28.26   28.16
c rst  geom best  vmt   219   61K    2450 18967   876    4.11    4.01   176   271   23K    90   28.20   28.10
c rst  geom best  vmt   220   61K    2450 18967   876    4.11    4.01   176   271   23K    90   28.18   28.08
c rst  geom best  vmt   221   61K    2450 18967   876    4.11    4.01   176   274   24K    90   28.15   28.05
c rst  geom best  vmt   222   61K    2450 18967   876    4.11    4.01   176   275   24K    90   28.08   27.98
c rst  geom best  vmt   223   61K    2450 18967   876    4.11    4.01   176   277   24K    90   28.12   28.03
c rst  geom best  vmt   224   62K    2450 18967   876    4.11    4.01   176   278   24K    90   28.05   27.96
c rst  geom best  vmt   225   62K    2450 18967   876    4.11    4.01   176   284   24K    90   28.00   27.91
c rst  geom best  vmt   226   62K    2450 18967   876    4.11    4.01   176   287   25K    90   27.92   27.83
c rst  geom best  vmt   227   62K    2450 18967   876    4.11    4.01   176   288   25K    90   27.86   27.77
c rst  geom best  vmt   228   63K    2450 18967   876    4.11    4.01   177   291   25K    90   27.82   27.73
c [branch] adjusting to: vsid (from: vmtf) var_decay:0.95 descr: VSIDS
c rst  geom best   vs   229   63K    2450 18967   876    4.11    4.01   179   295   25K    90   27.88   27.79
c rst  geom best   vs   230   63K    2450 18967   876    4.11    4.01   181   303   25K    90   27.93   27.84
c rst  geom best   vs   231   63K    2450 18967   876    4.11    4.01   189   321   25K    90   28.02   27.94
c rst  geom best   vs   232   63K    2450 18967   876    4.11    4.01   190   325   26K    90   28.21   28.12
c rst  geom best   vs   233   63K    2450 18967   876    4.11    4.01   192   331   26K    90   28.26   28.17
c rst  geom best   vs   234   64K    2450 18967   876    4.11    4.01   195   339   26K    90   28.34   28.25
c rst  geom best   vs   235   64K    2450 18967   876    4.11    4.01   196   351   26K    90   28.38   28.29
c rst  geom best   vs   236   64K    2450 18967   876    4.11    4.01   197   359   26K    90   28.48   28.40
c rst  geom best   vs   237   64K    2450 18967   876    4.11    4.01   199   367   26K    90   28.56   28.47
c rst  geom best   vs   238   64K    2450 18967   876    4.11    4.01   200   372   27K    90   28.72   28.64
c rst  geom best   vs   239   65K    2450 18967   876    4.11    4.01   201   375   27K    90   28.90   28.82
c rst  geom best   vs   240   65K    2450 18967   876    4.11    4.01   204   382   27K    90   28.91   28.83
c rst  geom best   vs   241   65K    2450 18967   876    4.11    4.01   209   390   28K    90   29.04   28.95
c rst  geom best   vs   242   66K    2450 18967   876    4.11    4.01   211   400   28K    90   29.20   29.12
c [distill-long-red0] cls tried: 123/123 T: 0.00 T-out: N T-r: 99.87%
c [distill-long-red1] cls tried: 161/330 T: 0.01 T-out: Y T-r: -0.88%
c rst  geom best   vs   243   66K    2450 18967   876    4.11    4.01   211   409   28K    91   29.51   29.43
c rst  geom best   vs   244   67K    2450 18967   876    4.11    4.01   212   426   29K    91   29.65   29.56
c rst  geom  stb   vs   245   67K    2450 18967   876    4.11    4.01   219   448   29K    91   29.95   29.87
c rst  geom  stb   vs   246   68K    2450 18967   876    4.11    4.01   230   493   30K    91   30.04   29.96
c rst  geom  stb   vs   247   68K    2450 18967   876    4.11    4.01   242   532   30K    91   30.14   30.06
c rst  geom  stb   vs   248   69K    2450 18967   876    4.11    4.01   256   558   31K    91   30.19   30.11
c rst  geom  stb   vs   249   70K    2450 18967   876    4.11    4.01   497   336   32K    91   30.48   30.40
c rst  geom  stb   vs   250   70K    2450 18967   876    4.11    4.01   501   363   32K    91   30.42   30.35
c rst  geom  stb   vs   251   71K    2450 18967   876    4.11    4.01   508   382   33K    91   30.46   30.38
c rst  geom  stb   vs   252   72K    2450 18967   876    4.11    4.01   509   400   34K    91   30.47   30.40
c rst  geom  stb   vs   253   73K    2450 18967   876    4.11    4.01   511   409   35K    91   30.52   30.45
c [distill-bin] useful: 0/876/876 lits-rem: 0 cl-rem: 0 0-depth-assigns: 0 T: 0.01 T-out: N
c rst  geom ibes   vs   254   74K    2450 18967   876    4.11    4.01   524   461   36K    91   30.92   30.85
c [branch] adjusting to: vmtf (from: vsid) var_decay:0.95 descr: VMTF
c rst  luby ibes  vmt   255   75K    2450 18967   876    4.11    4.01   551   728   29K    91   30.32   30.23
c rst  luby ibes  vmt   256   75K    2450 18967   876    4.11    4.01   551   728   29K    91   30.27   30.18
c rst  luby ibes  vmt   257   75K    2450 18967   876    4.11    4.01   551   730   29K    91   30.21   30.13
c rst  luby ibes  vmt   258   75K    2450 18967   876    4.11    4.01   551   740   29K    91   30.16   30.08
c rst  luby ibes  vmt   259   75K    2450 18967   876    4.11    4.01   551   740   29K    91   30.17   30.09
c rst  luby ibes  vmt   260   75K    2450 18967   876    4.11    4.01   551   740   29K    91   30.14   30.06
c rst  luby ibes  vmt   261   76K    2450 18967   876    4.11    4.01   551   755   30K    91   30.01   29.92
c rst  luby ibes  vmt   262   76K    2450 18967   876    4.11    4.01   551   757   30K    91   29.98   29.90
c rst  luby ibes  vmt   263   76K    2450 18967   876    4.11    4.01   551   757   30K    91   29.97   29.89
c rst  luby ibes  vmt   264   76K    2450 18967   876    4.11    4.01   551   758   30K    91   29.94   29.86
c rst  luby ibes  vmt   265   76K    2450 18967   876    4.11    4.01   551   759   30K    91   29.92   29.84
c rst  luby ibes  vmt   266   76K    2450 18967   876    4.11    4.01   551   759   30K    91   29.89   29.81
c rst  luby ibes  vmt   267   76K    2450 18967   876    4.11    4.01   551   761   30K    91   29.85   29.77
c rst  luby ibes  vmt   268   77K    2450 18967   876    4.11    4.01   552   769   31K    91   29.82   29.75
c [distill] watch-based irred--  cl tried     7638 cl-sh   139 cl-rem  152 lit-rem    145 T: 0.00 T-out: N
c [distill] watch-based   red--  cl tried     1103 cl-sh   147 cl-rem    1 lit-rem    310 T: 0.00 T-out: N
c rst  luby ibes  vmt   269   78K    2450 18815   886    4.10    4.01   551   784   32K    81   29.61   29.54
c rst  luby ibes  vmt   270   78K    2450 18815   886    4.10    4.01   551   789   32K    81   29.57   29.51
c rst  luby ibes  vmt   271   78K    2450 18815   886    4.10    4.01   551   789   32K    81   29.59   29.53
c rst  luby ibes  vmt   272   78K    2450 18815   886    4.10    4.01   553   801   32K    81   29.65   29.59
c rst  luby ibes  vmt   273   78K    2450 18815   886    4.10    4.01   555   821   32K    81   29.65   29.58
c rst  luby ibes  vmt   274   78K    2450 18815   886    4.10    4.01   555   821   32K    81   29.74   29.68
c rst  luby ibes  vmt   275   78K    2450 18815   886    4.10    4.01   557   830   32K    81   29.83   29.76
c rst  luby ibes  vmt   276   79K    2450 18815   886    4.10    4.01   565   842   33K    81   30.18   30.11
c rst  luby ibes  vmt   277   79K    2450 18815   886    4.10    4.01   566   846   33K    81   30.20   30.13
c rst  luby ibes  vmt   278   79K    2450 18815   886    4.10    4.01   566   852   33K    81   30.19   30.13
c rst  luby  svd  vmt   279   79K    2450 18815   886    4.10    4.01   567   865   33K    81   30.22   30.15
c rst  luby  svd  vmt   280   79K    2450 18815   886    4.10    4.01   567   868   33K    81   30.27   30.20
c rst  luby  svd  vmt   281   79K    2450 18815   886    4.10    4.01   568   872   33K    81   30.32   30.25
c rst  luby  svd  vmt   282   80K    2450 18815   886    4.10    4.01   870   590   33K    81   30.35   30.28
c rst  luby  svd  vmt   283   80K    2450 18815   886    4.10    4.01   871   617   34K    81   30.40   30.33
c rst  luby  svd  vmt   284   81K    2450 18815   886    4.10    4.01   873   663   35K    81   30.52   30.46
c [distill-long-red0] cls tried: 645/645 T: 0.02 T-out: N T-r: 99.24%
c [distill-long-red1] cls tried: 68/470 T: 0.00 T-out: Y T-r: -2.32%
c [full-probe]  bin_only: 0 set: 0 repl: 0 T: 0.01 T-out: N T-r: 97.33%
c rst  luby  svd  vmt   285   82K    2450 18815   886    4.10    4.01   878   731   36K    87   30.82   30.76
c rst  luby  svd  vmt   286   83K    2450 18815   886    4.10    4.01   879   732   36K    87   30.85   30.79
c rst  luby  svd  vmt   287   83K    2450 18815   886    4.10    4.01   880   741   36K    87   30.86   30.79
c rst  luby  svd  vmt   288   83K    2450 18815   886    4.10    4.01   881   754   37K    87   30.88   30.82
c rst  luby  svd  vmt   289   83K    2450 18815   886    4.10    4.01   881   758   37K    87   30.89   30.82
c rst  luby  svd  vmt   290   83K    2450 18815   886    4.10    4.01   881   759   37K    87   30.94   30.88
c rst  luby  svd  vmt   291   83K    2450 18815   886    4.10    4.01   883   767   37K    87   30.98   30.92
c rst  luby  svd  vmt   292   84K    2450 18815   886    4.10    4.01   883   784   37K    87   30.99   30.93
c rst  luby  svd  vmt   293   84K    2450 18815   886    4.10    4.01   884   793   37K    87   30.98   30.92
c rst  luby  svd  vmt   294   84K    2450 18815   886    4.10    4.01   884   796   37K    87   30.97   30.91
c rst  luby  svd  vmt   295   84K    2450 18815   886    4.10    4.01   884   801   38K    87   31.00   30.94
c rst  luby  svd  vmt   296   84K    2450 18815   886    4.10    4.01   885   802   38K    87   31.00   30.93
c rst  luby  svd  vmt   297   84K    2450 18815   886    4.10    4.01   887   804   38K    87   31.01   30.95
c rst  luby  svd  vmt   298   85K    2450 18815   886    4.10    4.01   892   809   38K    87   31.03   30.97
c rst  luby  svd  vmt   299   85K    2450 18815   886    4.10    4.01   895   814   38K    87   31.05   30.99
c rst  luby  svd  vmt   300   86K    2450 18815   886    4.10    4.01   904   831   39K    87   31.04   30.98
c rst  geom best  vmt   301   86K    2450 18815   886    4.10    4.01   904   834   39K    87   31.04   30.98
c rst  geom best  vmt   302   86K    2450 18815   886    4.10    4.01   906   842   39K    87   31.03   30.97
c rst  geom best  vmt   303   86K    2450 18815   886    4.10    4.01   907   850   40K    87   31.09   31.02
c rst  geom best  vmt   304   86K    2450 18815   886    4.10    4.01   907   856   40K    87   31.13   31.07
c rst  geom best  vmt   305   86K    2450 18815   886    4.10    4.01   911   872   40K    87   31.15   31.09
c rst  geom best  vmt   306   87K    2450 18815   886    4.10    4.01   913   884   40K    87   31.15   31.09
c rst  geom best  vmt   307   87K    2450 18815   886    4.10    4.01   913   893   40K    87   31.13   31.07
c rst  geom best  vmt   308   87K    2450 18815   886    4.10    4.01   915   902   40K    87   31.13   31.07
c rst  geom best  vmt   309   87K    2450 18815   886    4.10    4.01   918   929   41K    87   31.13   31.07
c [branch] adjusting to: vsid (from: vmtf) var_decay:0.95 descr: VSIDS
c rst  geom best   vs   310   87K    2450 18815   886    4.10    4.01   919   939   41K    87   31.13   31.07
c rst  geom best   vs   311   87K    2450 18815   886    4.10    4.01   920   940   41K    87   31.17   31.11
c rst  geom best   vs   312   88K    2450 18815   886    4.10    4.01   920   942   41K    87   31.21   31.15
c rst  geom best   vs   313   88K    2450 18815   886    4.10    4.01   920   947   41K    87   31.20   31.14
c [ccnr] tries: 0 steps: 262143 best found: 7
c [ccnr] tries: 0 steps: 524287 best found: 7
c [ccnr] saving best assignment phase to stable_polar
c [ccnr] bumping based on var unsat frequency: conflict_ct
c [ccnr] Bumped vars: 2754 bump type: 6
c [ccnr] time: 0.37
c rst  geom best   vs   314   88K    2450 18815   886    4.10    4.01   922   954   41K    87   31.23   31.17
c rst  geom best   vs   315   88K    2450 18815   886    4.10    4.01   925   956   41K    87   31.30   31.24
c rst  geom best   vs   316   88K    2450 18815   886    4.10    4.01   925   968   42K    87   31.28   31.23
c rst  geom best   vs   317   88K    2450 18815   886    4.10    4.01   926   971   42K    87   31.35   31.29
c rst  geom best   vs   318   89K    2450 18815   886    4.10    4.01   927   982   42K    87   31.34   31.28
c rst  geom best   vs   319   89K    2450 18815   886    4.10    4.01   929   989   42K    87   31.37   31.31
c rst  geom best   vs   320   89K    2450 18815   886    4.10    4.01   933  1009   43K    87   31.35   31.30
c rst  geom best   vs   321   90K    2450 18815   886    4.10    4.01  1276  1241   32K    87   32.91   32.84
c rst  geom best   vs   322   90K    2450 18815   886    4.10    4.01  1276  1248   32K    87   32.88   32.80
c rst  geom best   vs   323   90K    2450 18815   886    4.10    4.01  1277  1254   32K    87   32.92   32.85
c rst  geom best   vs   324   91K    2450 18815   886    4.10    4.01  1279  1262   33K    87   32.88   32.80
c rst  geom best   vs   325   91K    2450 18815   886    4.10    4.01  1280  1273   33K    87   32.92   32.85
c rst  geom best   vs   326   92K    2450 18815   886    4.10    4.01  1285  1285   34K    87   32.91   32.84
c rst  geom  stb   vs   327   92K    2450 18815   886    4.10    4.01  1286  1299   34K    87   33.01   32.94
c rst  geom  stb   vs   328   93K    2450 18815   886    4.10    4.01  1288  1308   35K    87   33.14   33.07
c rst  geom  stb   vs   329   93K    2450 18815   886    4.10    4.01  1288  1319   36K    87   33.12   33.05
c [distill-bin] useful: 0/886/886 lits-rem: 0 cl-rem: 0 0-depth-assigns: 0 T: 0.00 T-out: N
c rst  geom  stb   vs   330   94K    2450 18815   886    4.10    4.01  1290  1328   36K    87   33.05   32.99
c rst  geom  stb   vs   331   95K    2450 18815   886    4.10    4.01  1290  1338   37K    87   33.08   33.02
c rst  geom  stb   vs   332   96K    2450 18815   886    4.10    4.01  1292  1342   38K    87   33.08   33.02
c rst  geom  stb   vs   333   97K    2450 18815   886    4.10    4.01  1294  1346   39K    87   33.03   32.96
c [distill-long-red0] cls tried: 420/420 T: 0.01 T-out: N T-r: 99.51%
c [distill-long-red1] cls tried: 65/1086 T: 0.01 T-out: Y T-r: -2.44%
c rst  geom  stb   vs   334   98K    2450 18815   886    4.10    4.01  1301  1351   40K    87   33.04   32.97
c rst  geom ibes   vs   335   99K    2450 18815   886    4.10    4.01  1301  1371   41K    87   33.31   33.24
c rst  geom ibes   vs   336  100K    2450 18815   886    4.10    4.01  1450  1239   42K    87   33.21   33.15
c [impl-str] lit bin: 0 set-var: 0 T: 0.00 T-out: N T-r: 99.95% w-visit: 5508
c [impl-sub] bin: 7 T: 0.00 T-out: N w-visit: 5508
c rst  geom ibes   vs   337  102K    2450 18815   886    4.10    4.01  1451  1244   44K    80   33.07   33.01
c [branch] adjusting to: vmtf (from: vsid) var_decay:0.95 descr: VMTF
c [full-probe]  bin_only: 1 set: 0 repl: 0 T: 0.01 T-out: N T-r: 99.60%
c rst  luby ibes  vmt   338  102K    2450 18815   886    4.10    4.01  1457  1256   44K    86   33.05   33.00
c rst  luby ibes  vmt   339  102K    2450 18815   886    4.10    4.01  1458  1259   44K    86   33.05   32.99
c rst  luby ibes  vmt   340  102K    2450 18815   886    4.10    4.01  1458  1261   44K    86   33.07   33.01
c [distill] watch-based irred--  cl tried     7486 cl-sh     0 cl-rem    0 lit-rem      0 T: 0.00 T-out: N
c [distill] watch-based   red--  cl tried     2916 cl-sh   236 cl-rem    0 lit-rem    415 T: 0.01 T-out: N
c rst  luby ibes  vmt   341  102K    2450 18815   886    4.10    4.01  1459  1263   44K    86   33.06   33.01
c rst  luby ibes  vmt   342  102K    2450 18815   886    4.10    4.01  1459  1263   44K    86   33.07   33.01
c rst  luby ibes  vmt   343  102K    2450 18815   886    4.10    4.01  1461  1266   44K    86   33.06   33.00
c rst  luby ibes  vmt   344  103K    2450 18815   886    4.10    4.01  1461  1271   45K    86   33.08   33.03
c rst  luby ibes  vmt   345  103K    2450 18815   886    4.10    4.01  1461  1275   45K    86   33.09   33.03
c rst  luby ibes  vmt   346  103K    2450 18815   886    4.10    4.01  1461  1276   45K    86   33.11   33.05
c rst  luby ibes  vmt   347  103K    2450 18815   886    4.10    4.01  1461  1287   45K    86   33.10   33.05
c rst  luby ibes  vmt   348  103K    2450 18815   886    4.10    4.01  1461  1287   45K    86   33.09   33.04
c rst  luby ibes  vmt   349  103K    2450 18815   886    4.10    4.01  1461  1288   45K    86   33.09   33.04
c rst  luby ibes  vmt   350  104K    2450 18815   886    4.10    4.01  1461  1290   46K    86   33.09   33.03
c rst  luby ibes  vmt   351  104K    2450 18815   886    4.10    4.01  1464  1302   46K    86   33.11   33.05
c rst  luby  svd  vmt   352  105K    2450 18815   886    4.10    4.01  1484  1704   35K    86   33.25   33.18
c rst  luby  svd  vmt   353  105K    2450 18815   886    4.10    4.01  1484  1709   35K    86   33.26   33.19
c rst  luby  svd  vmt   354  105K    2450 18815   886    4.10    4.01  1484  1712   35K    86   33.30   33.23
c rst  luby  svd  vmt   355  105K    2450 18815   886    4.10    4.01  1485  1719   35K    86   33.33   33.26
c rst  luby  svd  vmt   356  105K    2450 18815   886    4.10    4.01  1486  1725   35K    86   33.31   33.24
c rst  luby  svd  vmt   357  105K    2450 18815   886    4.10    4.01  1486  1728   36K    86   33.31   33.24
c rst  luby  svd  vmt   358  106K    2450 18815   886    4.10    4.01  1488  1731   36K    86   33.31   33.24
c rst  luby  svd  vmt   359  106K    2450 18815   886    4.10    4.01  1489  1737   36K    86   33.31   33.25
c rst  luby  svd  vmt   360  106K    2450 18815   886    4.10    4.01  1490  1737   36K    86   33.31   33.24
c rst  luby  svd  vmt   361  106K    2450 18815   886    4.10    4.01  1492  1739   36K    86   33.31   33.24
c rst  luby  svd  vmt   362  106K    2450 18815   886    4.10    4.01  1493  1741   36K    86   33.31   33.24
c rst  luby  svd  vmt   363  107K    2450 18815   886    4.10    4.01  1494  1742   37K    86   33.32   33.25
c rst  luby  svd  vmt   364  107K    2450 18815   886    4.10    4.01  1496  1743   37K    86   33.33   33.26
c rst  luby  svd  vmt   365  107K    2450 18815   886    4.10    4.01  1498  1748   37K    86   33.30   33.23
c rst  luby  svd  vmt   366  107K    2450 18815   886    4.10    4.01  1499  1752   37K    86   33.27   33.21
c rst  luby  svd  vmt   367  108K    2450 18815   886    4.10    4.01  1504  1769   38K    86   33.13   33.06
c rst  luby  svd  vmt   368  110K    2450 18815   886    4.10    4.01  1661  1622   40K    86   32.95   32.89
c rst  luby  svd  vmt   369  110K    2450 18815   886    4.10    4.01  1662  1624   40K    86   32.94   32.88
c rst  luby  svd  vmt   370  110K    2450 18815   886    4.10    4.01  1662  1624   40K    86   32.93   32.86
c rst  luby  svd  vmt   371  110K    2450 18815   886    4.10    4.01  1664  1628   40K    86   32.90   32.84
c rst  luby  svd  vmt   372  110K    2450 18815   886    4.10    4.01  1664  1628   40K    86   32.89   32.83
c rst  geom best  vmt   373  110K    2450 18815   886    4.10    4.01  1664  1628   40K    86   32.89   32.83
c rst  geom best  vmt   374  110K    2450 18815   886    4.10    4.01  1664  1628   40K    86   32.88   32.82
c rst  geom best  vmt   375  111K    2450 18815   886    4.10    4.01  1664  1634   41K    86   32.88   32.82
c rst  geom best  vmt   376  111K    2450 18815   886    4.10    4.01  1666  1639   41K    86   32.86   32.80
c rst  geom best  vmt   377  111K    2450 18815   886    4.10    4.01  1668  1640   41K    86   32.86   32.80
c rst  geom best  vmt   378  111K    2450 18815   886    4.10    4.01  1670  1646   41K    86   32.85   32.79
c rst  geom best  vmt   379  111K    2450 18815   886    4.10    4.01  1670  1649   41K    86   32.83   32.77
c rst  geom best  vmt   380  111K    2450 18815   886    4.10    4.01  1670  1658   41K    86   32.87   32.81
c rst  geom best  vmt   381  112K    2450 18815   886    4.10    4.01  1672  1673   42K    86   32.85   32.79
c rst  geom best  vmt   382  112K    2450 18815   886    4.10    4.01  1672  1685   42K    86   32.84   32.78
c [distill-long-red0] cls tried: 539/539 T: 0.02 T-out: N T-r: 99.14%
c [distill-long-red1] cls tried: 43/1368 T: 0.01 T-out: Y T-r: -3.38%
c rst  geom best  vmt   383  112K    2450 18815   886    4.10    4.01  1672  1687   42K    86   32.85   32.79
c rst  geom best  vmt   384  113K    2450 18815   886    4.10    4.01  1672  1691   42K    86   32.82   32.76
c rst  geom best  vmt   385  113K    2450 18815   886    4.10    4.01  1672  1698   43K    86   32.89   32.83
c rst  geom best  vmt   386  113K    2450 18815   886    4.10    4.01  1672  1702   43K    86   32.90   32.85
c rst  geom best  vmt   387  114K    2450 18815   886    4.10    4.01  1674  1710   44K    86   32.98   32.93
c [distill-bin] useful: 0/886/886 lits-rem: 0 cl-rem: 0 0-depth-assigns: 0 T: 0.01 T-out: N
c rst  geom best  vmt   388  114K    2450 18815   886    4.10    4.01  1677  1726   44K    86   32.95   32.89
c rst  geom best  vmt   389  115K    2450 18815   886    4.10    4.01  1679  1739   44K    86   32.93   32.88
c rst  geom best  vmt   390  115K    2450 18815   886    4.10    4.01  1679  1748   45K    86   32.98   32.93
c [gauss] XOR-encoding clauses are not detached, so no need to reattach them.
c [g 0] truth-find prop checks  : 69K
c [g 0] -> of which prop        : 18.97 %
c [g 0] -> of which confl       :  1.05 %
c [g 0] elim called             : 17599
c [g 0] ---> which lead to prop : 29.31 %
c [g 0] ---> which lead to confl:  1.88 %
c [g 0] size: 44    x 456  
c [scc] new: 3 BP 0M T: 0.00
c [vrep] vars 3 lits 5583 rem-bin-cls 20 rem-long-cls 0 BP 0M T: 0.01
c [scc] new: 0 BP 0M T: 0.00
c [vrep] vars 0 lits 0 rem-bin-cls 0 rem-long-cls 0 BP 0M T: 0.00
c [intree] Set 0 vars hyper-added: 43 trans-irred: 0 trans-red: 2 T: 0.01 T-out: N T-r: -2.05%
c [find&init matx] performing matrix init
c [gauss] XOR-encoding clauses are not detached, so no need to reattach them.
c [xor-rem-unconnected] left with 1878 xors from 1878 non-empty xors T: 0.00
c [xor-together] xored together: 1827 orig xors: 1878 new xors: 51 T: 0.00
c [xor-rem-unconnected] left with 51 xors from 51 non-empty xors T: 0.00
c [xor-clean-equiv] removed equivalent xors: 0 left with: 51
c [matrix] unused xors from cleaning: 0
c [matrix] Good   matrix 0 51      x460    density:0.1647  xorlen avg: 75.76
c [matrix] Using 1 matrices recovered from 0 xors T: 0.00 T-out: N
c rst  geom best vmt  391   116 K 2447    18815   886 4.10    4.01     1679  1748   46K   113 33.18   33.11  
c rst  geom best vmt  392   116 K 2447    18815   886 4.10    4.01     1679  1748   46K   113 33.09   33.02  
c rst  geom stb  vmt  393   117 K 2447    18815   886 4.10    4.01     1679  1748   47K   113 33.12   33.05  
c [branch] adjusting to: vsid (from: vmtf) var_decay:0.95 descr: VSIDS
c rst  geom stb  vs   394   117 K 2447    18815   886 4.10    4.01     1679  1748   47K   113 33.13   33.06  
c rst  geom stb  vs   395   117 K 2447    18815   886 4.10    4.01     1679  1748   47K   113 33.11   33.04  
c rst  geom stb  vs   396   118 K 2447    18815   886 4.10    4.01     1679  1748   47K   113 33.08   33.01  
c rst  geom stb  vs   397   118 K 2447    18815   886 4.10    4.01     1679  1748   47K   113 33.06   32.99  
c rst  geom stb  vs   398   118 K 2447    18815   886 4.10    4.01     1679  1748   48K   113 33.03   32.96  
c rst  geom stb  vs   399   118 K 2447    18815   886 4.10    4.01     1679  1748   48K   113 33.00   32.93  
c rst  geom stb  vs   400   118 K 2447    18815   886 4.10    4.01     1679  1748   48K   113 32.97   32.90  
c rst  geom stb  vs   401   118 K 2447    18815   886 4.10    4.01     1679  1748   48K   113 32.96   32.90  
c rst  geom stb  vs   402   119 K 2447    18815   886 4.10    4.01     1679  1748   48K   113 32.95   32.88  
c rst  geom stb  vs   403   119 K 2447    18815   886 4.10    4.01     1679  1748   49K   113 32.94   32.87  
c rst  geom stb  vs   404   119 K 2447    18815   886 4.10    4.01     1679  1748   49K   113 32.94   32.87  
c rst  geom stb  vs   405   120 K 2447    18815   886 4.10    4.01     1679  1748   49K   113 32.91   32.85  
c rst  geom stb  vs   406   120 K 2447    18815   886 4.10    4.01     1787  2077   36K   113 31.87   31.79  
c rst  geom stb  vs   407   120 K 2447    18815   886 4.10    4.01     1787  2077   37K   113 31.78   31.70  
c rst  geom stb  vs   408   121 K 2447    18815   886 4.10    4.01     1787  2077   37K   113 31.74   31.66  
c rst  geom stb  vs   409   121 K 2447    18815   886 4.10    4.01     1787  2077   37K   113 31.67   31.59  
c rst  geom stb  vs   410   122 K 2447    18815   886 4.10    4.01     1787  2077   38K   113 31.51   31.43  
c rst  geom stb  vs   411   122 K 2447    18815   886 4.10    4.01     1787  2077   38K   113 31.35   31.27  
c [full-probe]  bin_only: 0 set: 0 repl: 0 T: 0.01 T-out: N T-r: 96.03%
c rst  geom stb  vs   412   123 K 2447    18815   886 4.10    4.01     1787  2077   39K   113 31.17   31.09  
c rst  geom ibes vs   413   123 K 2447    18815   886 4.10    4.01     1788  2077   40K   113 31.10   31.02  
c rst  geom ibes vs   414   124 K 2447    18815   886 4.10    4.01     1788  2077   40K   113 30.92   30.85  
c rst  geom ibes vs   415   125 K 2447    18815   886 4.10    4.01     1788  2077   41K   113 30.76   30.69  
c rst  geom ibes vs   416   126 K 2447    18815   886 4.10    4.01     1788  2077   42K   113 30.66   30.59  
c rst  geom ibes vs   417   127 K 2447    18815   886 4.10    4.01     1788  2077   43K   113 30.78   30.71  
c rst  geom ibes vs   418   128 K 2447    18815   886 4.10    4.01     1788  2077   44K   113 30.86   30.79  
c [distill-long-red0] cls tried: 114/114 T: 0.01 T-out: N T-r: 99.73%
c [distill-long-red1] cls tried: 46/1719 T: 0.01 T-out: Y T-r: -4.64%
c [distill] watch-based irred--  cl tried 7486     cl-sh 0     cl-rem 0    lit-rem 0      T: 0.00 T-out: N
c [distill] watch-based red  --  cl tried 3575     cl-sh 57    cl-rem 1    lit-rem 116    T: 0.00 T-out: N
c rst  geom ibes vs   419   129 K 2447    18815   886 4.10    4.01     1788  2077   45K   113 30.76   30.70  
c rst  geom ibes vs   420   130 K 2447    18815   886 4.10    4.01     1791  2006   47K   113 30.50   30.43  
c rst  geom svd  vs   421   132 K 2447    18815   886 4.10    4.01     1791  2006   48K   113 30.17   30.11  
c rst  geom svd  vs   422   133 K 2447    18815   886 4.10    4.01     1791  2006   50K   113 30.07   30.01  
c [ccnr] tries: 0 steps: 262143 best found: 9
c [ccnr] tries: 0 steps: 524287 best found: 9
c [ccnr] saving best assignment phase to stable_polar
c [ccnr] bumping based on var unsat frequency: conflict_ct
c [ccnr] Bumped vars: 2754 bump type: 6
c [ccnr] time: 0.36
c rst  geom svd  vs   423   134 K 2447    18815   886 4.10    4.01     1791  2006   50K   113 29.99   29.93  
c recursive minimization cost OK: 373Kcost/(% lits removed)
c [gauss] XOR-encoding clauses are not detached, so no need to reattach them.
c [g 0] truth-find prop checks  : 355K
c [g 0] -> of which prop        : 76.38 %
c [g 0] -> of which confl       :  2.65 %
c [g 0] elim called             : 10294
c [g 0] ---> which lead to prop : 82.73 %
c [g 0] ---> which lead to confl:  1.92 %
c [g 0] size: 51    x 460  
c --> Executing strategy token: scc-vrepl
c [scc] new: 0 BP 0M T: 0.00
c --> Executing strategy token: sub-impl
c [impl-sub] bin: 3 T: 0.00 T-out: N w-visit: 5508
c --> Executing strategy token: breakid
c --> Executing OCC strategy token(s): 'occ-backw-sub-str,occ-clean-implicit,occ-bve,occ-bva,occ-ternary-res,occ-xor,'
c [occ] mem usage for occur 1      MB
c [occ] Linked in IRRED BIN by default: 883
c [occ] Linked in RED   BIN by default: 113
c [occ] mem usage for occur 0      MB
c Mem for watch alloc      : 7           MB (21.19     %)
c Mem for watch array      : 0           MB (0.35      %)
c --> Executing OCC strategy token: occ-backw-sub-str
c [occ-backw-sub-str-long-w-bins] subs: 0 str: 2 tried: 4976 0-depth ass: 0 T: 0.00 T-out: N T-r: 99.68%
c [occ-backw-sub-long-w-long] rem cl: 848 tried: 73465/73465 (100.0%) T: 0.01 T-out: N T-r: 96.27%
c [occ-backw-sub-str-long-w-long] sub: 0 str: 132 tried: 220395/73465 (300.0)  T: 0.05 T-out: N T-r: 88.41%
c --> Executing OCC strategy token: occ-clean-implicit
c --> Executing OCC strategy token: occ-bve
c [occ-empty-res] Empty resolvent elimed: 0 T: 0.00 T-out: N
c [occ-bve] iter v-elim 0
c cl_inc_rate=1.0, var_dec_rate=1.0 (grow=0)
c Reduced to 2447 vars, 19138 cls (grow=0)
c [occ-bve] iter v-elim 7
c cl_inc_rate=1.0, var_dec_rate=1.0 (grow=8)
c Reduced to 2440 vars, 19114 cls (grow=8)
c [occ-bve] iter v-elim 951
c cl_inc_rate=1.8, var_dec_rate=1.6 (grow=16)
c Reduced to 1489 vars, 34175 cls (grow=16)
c x n vars       : 1489
c #try to eliminate:  8759
c #var-elim        :   958
c #T-o: N
c #T-r: 99.82%
c #T  : 0.20
c [occur] 0.03 is overhead
c [occur] link-in T: 0.03 cleanup T: 0.00
c --> Executing OCC strategy token: occ-bva
c --> Executing OCC strategy token: occ-ternary-res
c [occ-ternary-res] Ternary res-tri: 0 res-bin: 0 sub: 0 str: 0 T: 0.00 T-out: N T-r: 99.54%
c --> Executing OCC strategy token: occ-xor
c [occ-xor] sort occur list T: 0.00
c [xor-clean-equiv] removed equivalent xors: 0 left with: 941
c [occ-xor] found    941 avg sz 6.0 min sz  4 max sz  6 T: 0.00 T-out: N T-r: 99.97%
c --> Executing strategy token: card-find
c --> Executing strategy token: cl-consolidate
c [mem] consolidate  old-sz: 10519K new-sz: 5521K new bits offs: 20 T: 0.00
c --> Executing strategy token: scc-vrepl
c [scc] new: 0 BP 0M T: 0.00
c --> Executing strategy token: renumber
c [gauss] XOR-encoding clauses are not detached, so no need to reattach them.
c [renumber] T: 0.00
c --> Executing strategy token: bosphorus
c --> Executing strategy token: louvain-comms
c [consolidate] mini T: 0.00
c global_timeout_multiplier: 3.6300
c [branch] rebuilding order heap for all branchings. Current branching: vsid
c [find&init matx] performing matrix init
c [gauss] XOR-encoding clauses are not detached, so no need to reattach them.
c [xor-rem-unconnected] left with 941 xors from 941 non-empty xors T: 0.00
c [xor-together] xored together: 884 orig xors: 941 new xors: 57 T: 0.00
c [xor-rem-unconnected] left with 57 xors from 57 non-empty xors T: 0.00
c [xor-clean-equiv] removed equivalent xors: 0 left with: 57
c [matrix] unused xors from cleaning: 0
c [matrix] Good   matrix  0     57 x  477  density:0.1409  xorlen avg: 67.23
c [matrix] Using 1 matrices recovered from 0 xors T: 0.00 T-out: N
c [distill-bin] useful: 2/787/787 lits-rem: 0 cl-rem: 2 0-depth-assigns: 0 T: 0.00 T-out: N
c rst  geom  svd   vs   424  135K    1489   33K   785    5.85    5.76   471   579   27K    97   25.75   25.67
c [branch] adjusting to: vmtf (from: vsid) var_decay:0.95 descr: VMTF
c rst  luby  svd  vmt   425  135K    1489   33K   785    5.85    5.76   477   594   27K    97   25.71   25.63
c rst  luby  svd  vmt   426  135K    1489   33K   785    5.85    5.76   477   594   28K    97   25.74   25.66
c rst  luby  svd  vmt   427  135K    1489   33K   785    5.85    5.76   477   594   28K    97   25.82   25.74
c rst  luby  svd  vmt   428  135K    1489   33K   785    5.85    5.76   477   594   28K    97   25.87   25.80
c rst  luby  svd  vmt   429  135K    1489   33K   785    5.85    5.76   477   595   28K    97   25.92   25.84
c rst  luby  svd  vmt   430  136K    1489   33K   785    5.85    5.76   477   595   28K    97   26.01   25.93
c rst  luby  svd  vmt   431  136K    1489   33K   785    5.85    5.76   479   598   29K    97   26.09   26.01
c rst  luby  svd  vmt   432  136K    1489   33K   785    5.85    5.76   479   598   29K    97   26.13   26.05
c rst  luby  svd  vmt   433  136K    1489   33K   785    5.85    5.76   479   599   29K    97   26.20   26.13
c rst  luby  svd  vmt   434  136K    1489   33K   785    5.85    5.76   479   599   29K    97   26.26   26.18
c rst  luby  svd  vmt   435  137K    1489   33K   785    5.85    5.76   479   599   29K    97   26.26   26.18
c rst  geom best  vmt   436  137K    1489   33K   785    5.85    5.76   479   599   29K    97   26.27   26.20
c rst  geom best  vmt   437  137K    1489   33K   785    5.85    5.76   479   601   29K    97   26.31   26.23
c rst  geom best  vmt   438  137K    1489   33K   785    5.85    5.76   481   601   29K    97   26.33   26.26
c rst  geom best  vmt   439  137K    1489   33K   785    5.85    5.76   481   601   30K    97   26.37   26.30
c rst  geom best  vmt   440  137K    1489   33K   785    5.85    5.76   481   602   30K    97   26.37   26.29
c rst  geom best  vmt   441  137K    1489   33K   785    5.85    5.76   481   602   30K    97   26.38   26.31
c rst  geom best  vmt   442  138K    1489   33K   785    5.85    5.76   481   602   30K    97   26.41   26.33
c rst  geom best  vmt   443  138K    1489   33K   785    5.85    5.76   481   602   30K    97   26.46   26.39
c rst  geom best  vmt   444  138K    1489   33K   785    5.85    5.76   481   609   31K    97   26.65   26.57
c rst  geom best  vmt   445  138K    1489   33K   785    5.85    5.76   483   609   31K    97   26.79   26.71
c rst  geom best  vmt   446  139K    1489   33K   785    5.85    5.76   483   609   31K    97   26.91   26.84
c rst  geom best  vmt   447  139K    1489   33K   785    5.85    5.76   483   613   31K    97   27.05   26.98
c rst  geom best  vmt   448  139K    1489   33K   785    5.85    5.76   483   613   32K    97   27.09   27.01
c rst  geom best  vmt   449  140K    1489   33K   785    5.85    5.76   506   506   32K    97   27.18   27.10
c rst  geom best  vmt   450  140K    1489   33K   785    5.85    5.76   506   511   33K    97   27.18   27.10
c rst  geom best  vmt   451  140K    1489   33K   785    5.85    5.76   506   511   33K    97   27.28   27.21
c rst  geom best  vmt   452  141K    1489   33K   785    5.85    5.76   506   513   34K    97   27.55   27.48
c rst  geom best  vmt   453  142K    1489   33K   785    5.85    5.76   506   513   34K    97   27.55   27.48
c rst  geom best  vmt   454  142K    1489   33K   785    5.85    5.76   506   514   35K    97   27.59   27.52
c [full-probe]  bin_only: 1 set: 0 repl: 0 T: 0.00 T-out: N T-r: 99.74%
c rst  geom best  vmt   455  143K    1489   33K   785    5.85    5.76   506   514   35K    97   27.62   27.56
c [distill-long-red0] cls tried: 49/49 T: 0.00 T-out: N T-r: 99.89%
c [distill-long-red1] cls tried: 61/406 T: 0.01 T-out: Y T-r: -2.50%
c rst  geom best  vmt   456  143K    1489   33K   785    5.85    5.76   506   514   36K    97   27.75   27.68
c rst  geom  stb  vmt   457  144K    1489   33K   785    5.85    5.76   506   514   37K    97   27.86   27.79
c rst  geom  stb  vmt   458  145K    1489   33K   785    5.85    5.76   506   514   38K    97   28.03   27.96
c rst  geom  stb  vmt   459  146K    1489   33K   785    5.85    5.76   506   515   39K    97   28.06   27.99
c rst  geom  stb  vmt   460  147K    1489   33K   785    5.85    5.76   506   515   40K    97   28.44   28.38
c rst  geom  stb  vmt   461  148K    1489   33K   785    5.85    5.76   507   515   41K    97   28.55   28.49
c rst  geom  stb  vmt   462  150K    1489   33K   785    5.85    5.76   525   401   33K    97   28.98   28.91
c rst  geom  stb  vmt   463  151K    1489   33K   785    5.85    5.76   525   410   35K    97   29.27   29.19
c rst  geom ibes  vmt   464  153K    1489   33K   785    5.85    5.76   525   410   36K    97   29.30   29.23
c rst  geom ibes  vmt   465  154K    1489   33K   785    5.85    5.76   525   411   38K    97   29.20   29.14
c [branch] adjusting to: vsid (from: vmtf) var_decay:0.95 descr: VSIDS
c [distill-bin] useful: 0/785/785 lits-rem: 0 cl-rem: 0 0-depth-assigns: 0 T: 0.01 T-out: N
c [distill] watch-based irred--  cl tried     7706 cl-sh     0 cl-rem    0 lit-rem      0 T: 0.00 T-out: N
c [distill] watch-based   red--  cl tried     1050 cl-sh     5 cl-rem    0 lit-rem      6 T: 0.00 T-out: N
c rst  geom ibes   vs   466  154K    1489   33K   785    5.85    5.76   525   411   38K    99   29.22   29.15
c rst  geom ibes   vs   467  154K    1489   33K   785    5.85    5.76   525   411   38K    99   29.27   29.20
c rst  geom ibes   vs   468  155K    1489   33K   785    5.85    5.76   525   411   38K    99   29.31   29.24
c rst  geom ibes   vs   469  155K    1489   33K   785    5.85    5.76   525   411   38K    99   29.34   29.27
c rst  geom ibes   vs   470  155K    1489   33K   785    5.85    5.76   525   412   39K    99   29.40   29.34
c rst  geom ibes   vs   471  155K    1489   33K   785    5.85    5.76   526   417   39K    99   29.44   29.37
c rst  geom ibes   vs   472  155K    1489   33K   785    5.85    5.76   526   418   39K    99   29.45   29.38
c rst  geom ibes   vs   473  156K    1489   33K   785    5.85    5.76   526   420   39K    99   29.47   29.41
c rst  geom ibes   vs   474  156K    1488   33K   785    5.85    5.76   526   420   39K    99   29.48   29.41
c rst  geom ibes   vs   475  156K    1488   33K   785    5.85    5.76   526   420   40K    99   29.47   29.40
c rst  geom ibes   vs   476  156K    1488   33K   785    5.85    5.76   526   421   40K    99   29.51   29.44
c rst  geom ibes   vs   477  157K    1488   33K   785    5.85    5.76   527   421   40K    99   29.55   29.48
c rst  geom ibes   vs   478  157K    1488   33K   785    5.85    5.76   527   423   41K    99   29.54   29.48
c rst  geom ibes   vs   479  157K    1488   33K   785    5.85    5.76   527   423   41K   100   29.53   29.47
c rst  geom ibes   vs   480  158K    1488   33K   785    5.85    5.76   527   423   41K   100   29.55   29.48
c rst  geom  svd   vs   481  158K    1488   33K   785    5.85    5.76   527   423   42K   100   29.57   29.50
c [distill-long-red0] cls tried: 23/23 T: 0.00 T-out: N T-r: 99.94%
c [distill-long-red1] cls tried: 81/299 T: 0.01 T-out: Y T-r: -1.87%
c rst  geom  svd   vs   482  159K    1488   33K   785    5.85    5.76   527   423   42K   100   29.65   29.59
c rst  geom  svd   vs   483  159K    1488   33K   785    5.85    5.76   527   423   43K   100   29.73   29.67
c rst  geom  svd   vs   484  160K    1488   33K   785    5.85    5.76   548   386   43K   100   29.72   29.66
c rst  geom  svd   vs   485  160K    1488   33K   785    5.85    5.76   548   386   44K   100   29.85   29.79
c [impl-str] lit bin: 0 set-var: 0 T: 0.00 T-out: N T-r: 99.95% w-visit: 2978
c [impl-sub] bin: 1 T: 0.00 T-out: N w-visit: 2978
c rst  geom  svd   vs   486  161K    1488   33K   785    5.85    5.76   548   386   45K    99   29.90   29.84
c rst  geom  svd   vs   487  162K    1488   33K   785    5.85    5.76   548   386   46K    99   30.01   29.96
c rst  geom  svd   vs   488  163K    1488   33K   785    5.85    5.76   548   386   46K    99   30.08   30.03
c [full-probe]  bin_only: 0 set: 0 repl: 0 T: 0.00 T-out: N T-r: 97.57%
c rst  geom  svd   vs   489  164K    1488   33K   785    5.85    5.76   549   386   47K    99   30.13   30.07
c rst  geom  svd   vs   490  165K    1488   33K   785    5.85    5.76   549   400   36K    99   31.45   31.37
c rst  geom best   vs   491  166K    1488   33K   785    5.85    5.76   549   403   37K    99   31.35   31.28
c rst  geom best   vs   492  167K    1488   33K   785    5.85    5.76   552   414   38K    99   31.99   31.92
c rst  geom best   vs   493  169K    1488   33K   785    5.85    5.76   552   417   40K    99   32.22   32.15
c rst  geom best   vs   494  170K    1488   33K   785    5.85    5.76   560   403   41K    99   32.39   32.32
c rst  geom best   vs   495  172K    1488   33K   785    5.85    5.76   561   407   43K    99   32.53   32.46
c rst  geom  stb   vs   496  174K    1488   33K   785    5.85    5.76   561   409   45K    99   32.54   32.47
c [distill-long-red0] cls tried: 34/34 T: 0.00 T-out: N T-r: 99.94%
c [distill-long-red1] cls tried: 121/217 T: 0.01 T-out: Y T-r: -1.04%
c rst  geom  stb   vs   497  176K    1488   33K   785    5.85    5.76   563   419   47K   100   32.95   32.89
c [branch] adjusting to: vmtf (from: vsid) var_decay:0.95 descr: VMTF
c [distill-bin] useful: 0/785/785 lits-rem: 0 cl-rem: 0 0-depth-assigns: 0 T: 0.01 T-out: N
c rst  luby  stb  vmt   498  176K    1488   33K   783    5.85    5.76   563   419   47K   100   32.95   32.88
c rst  luby  stb  vmt   499  176K    1488   33K   783    5.85    5.76   563   419   47K   100   32.94   32.87
c rst  luby  stb  vmt   500  176K    1488   33K   783    5.85    5.76   563   419   47K   100   32.95   32.88
c rst  luby  stb  vmt   501  176K    1488   33K   783    5.85    5.76   563   419   48K   100   32.97   32.91
c rst  luby  stb  vmt   502  176K    1488   33K   783    5.85    5.76   563   420   48K   100   32.96   32.90
c rst  luby  stb  vmt   503  177K    1488   33K   783    5.85    5.76   563   420   48K   100   33.00   32.94
c rst  luby  stb  vmt   504  177K    1488   33K   783    5.85    5.76   563   420   48K   100   33.00   32.94
c rst  luby  stb  vmt   505  177K    1488   33K   783    5.85    5.76   563   421   48K   100   33.02   32.95
c [ccnr] saving best assignment phase to stable_polar
c [ccnr] bumping based on clause weights
c [ccnr] Bumped vars: 101 bump type: 6
c [ccnr] time: 0.27
c rst  luby  stb  vmt   506  177K    1488   33K   783    5.85    5.76   564   425   48K   100   33.00   32.94
c rst  luby  stb  vmt   507  177K    1488   33K   783    5.85    5.76   564   431   49K   100   32.95   32.89
c rst  luby  stb  vmt   508  178K    1488   33K   783    5.85    5.76   564   431   49K   100   32.91   32.85
c rst  luby  stb  vmt   509  178K    1488   33K   783    5.85    5.76   564   431   49K   100   32.88   32.82
c rst  luby  stb  vmt   510  178K    1488   33K   783    5.85    5.76   564   431   49K   100   32.81   32.74
c rst  luby  stb  vmt   511  178K    1488   33K   783    5.85    5.76   564   435   49K   100   32.69   32.63
c rst  luby  stb  vmt   512  179K    1488   33K   783    5.85    5.76   566   435   50K   100   32.40   32.34
c rst  luby ibes  vmt   513  179K    1488   33K   783    5.85    5.76   566   437   50K   100   32.39   32.33
c rst  luby ibes  vmt   514  179K    1488   33K   783    5.85    5.76   566   438   50K   100   32.37   32.31
c [distill] watch-based irred--  cl tried     7704 cl-sh     0 cl-rem    0 lit-rem      0 T: 0.00 T-out: N
c [distill] watch-based   red--  cl tried     1132 cl-sh     5 cl-rem    0 lit-rem      6 T: 0.00 T-out: N
c rst  luby ibes  vmt   515  179K    1488   33K   784    5.84    5.75   566   439   51K   100   32.27   32.22
c rst  luby ibes  vmt   516  180K    1488   33K   784    5.84    5.75   615   399   37K   100   32.95   32.87
c rst  luby ibes  vmt   517  180K    1488   33K   784    5.84    5.75   615   399   37K   100   32.93   32.85
c rst  luby ibes  vmt   518  180K    1488   33K   784    5.84    5.75   615   405   37K   100   32.89   32.81
c rst  luby ibes  vmt   519  180K    1488   33K   784    5.84    5.75   615   418   38K   100   32.77   32.69
c [gauss] XOR-encoding clauses are not detached, so no need to reattach them.
c [g 0] truth-find prop checks  : 1187K
c [g 0] -> of which prop        : 65.69 %
c [g 0] -> of which confl       :  2.18 %
c [g 0] elim called             : 51K
c [g 0] ---> which lead to prop : 72.61 %
c [g 0] ---> which lead to confl:  2.10 %
c [g 0] size: 57    x 477  
c [scc] new: 0 BP 0M T: 0.00
c [vrep] vars 0 lits 0 rem-bin-cls 0 rem-long-cls 0 BP 0M T: 0.00
c [intree] Set 0 vars hyper-added: 1 trans-irred: 0 trans-red: 1 T: 0.00 T-out: N T-r: -1.11%
c [find&init matx] performing matrix init
c [gauss] XOR-encoding clauses are not detached, so no need to reattach them.
c [xor-rem-unconnected] left with 941 xors from 941 non-empty xors T: 0.00
c [xor-together] xored together: 884 orig xors: 941 new xors: 57 T: 0.00
c [xor-rem-unconnected] left with 57 xors from 57 non-empty xors T: 0.00
c [xor-clean-equiv] removed equivalent xors: 0 left with: 57
c [matrix] unused xors from cleaning: 0
c [matrix] Good   matrix 0 57      x476    density:0.1409  xorlen avg: 67.09
c [matrix] Using 1 matrices recovered from 0 xors T: 0.00 T-out: N
c rst  luby ibes vmt  520   180 K 1488      33K   784 5.84    5.75      615   422   38K   100 32.72   32.65  
c rst  luby ibes vmt  521   180 K 1488      33K   784 5.84    5.75      615   425   38K   100 32.68   32.60  
c rst  luby ibes vmt  522   181 K 1488      33K   784 5.84    5.75      616   425   38K   100 32.62   32.54  
c rst  luby ibes vmt  523   181 K 1488      33K   784 5.84    5.75      616   426   38K   100 32.58   32.50  
c rst  luby ibes vmt  524   181 K 1488      33K   784 5.84    5.75      616   428   38K   100 32.54   32.46  
c rst  luby ibes vmt  525   181 K 1488      33K   784 5.84    5.75      616   429   38K   100 32.47   32.39  
c rst  luby ibes vmt  526   181 K 1488      33K   784 5.84    5.75      617   434   39K   100 32.33   32.25  
c rst  luby ibes vmt  527   182 K 1488      33K   784 5.84    5.75      617   444   40K   100 32.11   32.04  
c rst  luby ibes vmt  528   184 K 1488      33K   784 5.84    5.75      617   464   41K   100 31.56   31.49  
c [full-probe]  bin_only: 1 set: 0 repl: 0 T: 0.00 T-out: N T-r: 99.84%
c rst  luby ibes vmt  529   184 K 1488      33K   784 5.84    5.75      617   465   41K   102 31.52   31.45  
c rst  luby ibes vmt  530   184 K 1488      33K   784 5.84    5.75      617   465   41K   102 31.50   31.43  
c rst  luby ibes vmt  531   184 K 1488      33K   784 5.84    5.75      618   465   42K   102 31.46   31.39  
c rst  luby ibes vmt  532   184 K 1488      33K   784 5.84    5.75      618   468   42K   102 31.45   31.38  
c rst  luby ibes vmt  533   185 K 1488      33K   784 5.84    5.75      618   468   42K   102 31.42   31.35  
c rst  luby ibes vmt  534   185 K 1488      33K   784 5.84    5.75      618   476   42K   102 31.37   31.30  
c rst  luby ibes vmt  535   185 K 1488      33K   784 5.84    5.75      619   477   42K   102 31.23   31.16  
c rst  luby ibes vmt  536   185 K 1488      33K   784 5.84    5.75      620   483   42K   102 31.19   31.13  
c rst  luby ibes vmt  537   185 K 1488      33K   784 5.84    5.75      620   485   43K   102 31.17   31.10  
c rst  luby ibes vmt  538   186 K 1488      33K   784 5.84    5.75      620   485   43K   102 31.10   31.03  
c rst  luby ibes vmt  539   186 K 1488      33K   784 5.84    5.75      620   486   43K   102 31.07   31.01  
c rst  luby ibes vmt  540   186 K 1488      33K   784 5.84    5.75      620   488   43K   102 31.05   30.99  
c rst  luby ibes vmt  541   186 K 1488      33K   784 5.84    5.75      620   493   43K   102 31.01   30.94  
c rst  luby svd  vmt  542   186 K 1488      33K   784 5.84    5.75      620   499   44K   102 30.92   30.85  
c rst  luby svd  vmt  543   187 K 1488      33K   784 5.84    5.75      621   504   44K   102 30.68   30.62  
c rst  luby svd  vmt  544   187 K 1488      33K   784 5.84    5.75      621   504   44K   102 30.66   30.59  
c rst  luby svd  vmt  545   187 K 1488      33K   784 5.84    5.75      621   504   45K   102 30.65   30.58  
c rst  luby svd  vmt  546   188 K 1488      33K   784 5.84    5.75      621   506   45K   102 30.60   30.54  
c rst  luby svd  vmt  547   188 K 1488      33K   784 5.84    5.75      621   507   45K   102 30.60   30.53  
c rst  luby svd  vmt  548   188 K 1488      33K   784 5.84    5.75      622   528   45K   102 30.57   30.51  
c rst  luby svd  vmt  549   188 K 1488      33K   784 5.84    5.75      622   528   45K   102 30.51   30.45  
c rst  luby svd  vmt  550   188 K 1488      33K   784 5.84    5.75      622   533   46K   102 30.44   30.38  
c rst  luby svd  vmt  551   188 K 1488      33K   784 5.84    5.75      622   536   46K   102 30.43   30.37  
c rst  luby svd  vmt  552   189 K 1488      33K   784 5.84    5.75      622   537   46K   102 30.41   30.35  
c rst  luby svd  vmt  553   189 K 1488      33K   784 5.84    5.75      622   541   46K   102 30.42   30.36  
c rst  luby svd  vmt  554   189 K 1488      33K   784 5.84    5.75      624   543   46K   102 30.40   30.34  
c [distill-long-red0] cls tried: 57/57 T: 0.00 T-out: N T-r: 99.88%
c [distill-long-red1] cls tried: 71/288 T: 0.01 T-out: Y T-r: -1.35%
c rst  luby svd  vmt  555   189 K 1488      33K   784 5.84    5.75      624   544   46K   102 30.37   30.31  
c rst  luby svd  vmt  556   189 K 1488      33K   784 5.84    5.75      624   546   46K   102 30.31   30.25  
c rst  luby svd  vmt  557   190 K 1488      33K   784 5.84    5.75      713   373   47K   102 30.22   30.16  
c rst  luby svd  vmt  558   190 K 1488      33K   784 5.84    5.75      714   378   48K   102 30.04   29.98  
c rst  luby svd  vmt  559   192 K 1488      33K   784 5.84    5.75      715   404   49K   102 29.66   29.60  
c rst  luby svd  vmt  560   195 K 1488      33K   784 5.84    5.75      765   851   37K   102 28.07   28.01  
c rst  geom best vmt  561   195 K 1488      33K   784 5.84    5.75      766   854   38K   102 28.05   27.98  
c rst  geom best vmt  562   195 K 1488      33K   784 5.84    5.75      766   854   38K   102 28.01   27.94  
c rst  geom best vmt  563   196 K 1488      33K   784 5.84    5.75      766   854   38K   102 27.96   27.89  
c rst  geom best vmt  564   196 K 1488      33K   784 5.84    5.75      766   854   38K   102 27.91   27.85  
c rst  geom best vmt  565   196 K 1488      33K   784 5.84    5.75      766   854   38K   102 27.86   27.80  
c rst  geom best vmt  566   196 K 1488      33K   784 5.84    5.75      766   862   38K   102 27.85   27.78  
c [distill-bin] useful: 0/784/784 lits-rem: 0 cl-rem: 0 0-depth-assigns: 0 T: 0.00 T-out: N
c rst  geom best vmt  567   196 K 1488      33K   784 5.84    5.75      766   865   38K   102 27.91   27.84  
c rst  geom best vmt  568   196 K 1488      33K   784 5.84    5.75      766   868   39K   102 27.86   27.79  
c rst  geom best vmt  569   197 K 1488      33K   784 5.84    5.75      766   868   39K   102 27.79   27.73  
c rst  geom best vmt  570   197 K 1488      33K   784 5.84    5.75      766   868   39K   102 27.71   27.65  
c rst  geom best vmt  571   197 K 1488      33K   784 5.84    5.75      768   874   39K   102 27.66   27.60  
c rst  geom best vmt  572   198 K 1488      33K   784 5.84    5.75      768   879   40K   102 27.62   27.56  
c [branch] adjusting to: vsid (from: vmtf) var_decay:0.95 descr: VSIDS
c rst  geom best vs   573   198 K 1488      33K   784 5.84    5.75      768   880   40K   102 27.66   27.60  
c rst  geom best vs   574   198 K 1488      33K   784 5.84    5.75      768   881   40K   102 27.71   27.64  
c rst  geom best vs   575   198 K 1488      33K   784 5.84    5.75      768   883   40K   102 27.79   27.73  
c rst  geom best vs   576   198 K 1488      33K   784 5.84    5.75      768   884   40K   102 27.86   27.80  
c rst  geom best vs   577   198 K 1488      33K   784 5.84    5.75      769   884   40K   102 27.90   27.84  
c rst  geom best vs   578   198 K 1488      33K   784 5.84    5.75      769   884   41K   102 27.93   27.87  
c rst  geom best vs   579   199 K 1488      33K   784 5.84    5.75      769   887   41K   102 27.99   27.93  
c rst  geom best vs   580   199 K 1488      33K   784 5.84    5.75      769   887   41K   102 28.11   28.05  
c rst  geom best vs   581   199 K 1488      33K   784 5.84    5.75      769   888   41K   102 28.15   28.09  
c rst  geom best vs   582   199 K 1488      33K   784 5.84    5.75      769   891   42K   102 28.20   28.13  
c rst  geom best vs   583   200 K 1488      33K   784 5.84    5.75      869   787   42K   102 28.26   28.20  
c rst  geom best vs   584   200 K 1488      33K   784 5.84    5.75      869   787   42K   102 28.20   28.14  
c rst  geom best vs   585   200 K 1488      33K   784 5.84    5.75      869   789   42K   102 28.27   28.21  
c rst  geom best vs   586   201 K 1488      33K   784 5.84    5.75      869   789   43K   102 28.37   28.31  
c rst  geom best vs   587   201 K 1488      33K   784 5.84    5.75      869   789   43K   102 28.31   28.25  
c rst  geom best vs   588   201 K 1488      33K   784 5.84    5.75      869   789   44K   102 28.40   28.34  
c rst  geom best vs   589   202 K 1488      33K   784 5.84    5.75      869   789   44K   102 28.39   28.33  
c rst  geom best vs   590   202 K 1488      33K   784 5.84    5.75      869   789   45K   102 28.46   28.41  
c rst  geom stb  vs   591   203 K 1488      33K   784 5.84    5.75      869   797   45K   102 28.49   28.44  
c rst  geom stb  vs   592   204 K 1488      33K   784 5.84    5.75      869   805   46K   102 28.66   28.60  
c rst  geom stb  vs   593   204 K 1488      33K   784 5.84    5.75      872   806   47K   102 28.86   28.80  
c [distill-long-red0] cls tried: 222/222 T: 0.01 T-out: N T-r: 99.29%
c [distill-long-red1] cls tried: 28/555 T: 0.01 T-out: Y T-r: -4.57%
c [full-probe]  bin_only: 0 set: 0 repl: 0 T: 0.00 T-out: N T-r: 97.83%
c [distill] watch-based irred--  cl tried 7704     cl-sh 0     cl-rem 0    lit-rem 0      T: 0.01 T-out: N
c [distill] watch-based red  --  cl tried 1744     cl-sh 11    cl-rem 0    lit-rem 27     T: 0.00 T-out: N
c rst  geom stb  vs   594   205 K 1488      33K   784 5.84    5.75      872   814   47K   104 28.99   28.94  
c rst  geom stb  vs   595   206 K 1488      33K   784 5.84    5.75      875   824   48K   104 29.23   29.17  
c rst  geom stb  vs   596   207 K 1488      33K   784 5.84    5.75      875   826   49K   104 29.47   29.42  
c rst  geom stb  vs   597   208 K 1488      33K   784 5.84    5.75      876   834   50K   104 29.70   29.65  
c rst  geom stb  vs   598   209 K 1488      33K   784 5.84    5.75      877   840   51K   104 30.05   30.00  
c rst  geom stb  vs   599   211 K 1488      33K   784 5.84    5.75      923   911   38K   104 28.28   28.21  
c rst  geom ibes vs   600   212 K 1488      33K   784 5.84    5.75      923   917   40K   104 28.38   28.31  
c rst  geom ibes vs   601   213 K 1488      33K   784 5.84    5.75      923   923   41K   104 28.76   28.69  
c rst  geom ibes vs   602   215 K 1488      33K   784 5.84    5.75      923   923   43K   104 28.59   28.53  
c rst  geom ibes vs   603   217 K 1488      33K   784 5.84    5.75      923   923   45K   104 28.89   28.83  
c [distill-bin] useful: 0/784/784 lits-rem: 0 cl-rem: 0 0-depth-assigns: 0 T: 0.00 T-out: N
c rst  geom ibes vs   604   219 K 1488      33K   784 5.84    5.75      924   930   47K   104 28.84   28.79  
c rst  geom svd  vs   605   221 K 1488      33K   784 5.84    5.75      940   928   49K   104 28.82   28.77  
c [distill-long-red0] cls tried: 71/71 T: 0.00 T-out: N T-r: 99.85%
c [distill-long-red1] cls tried: 40/685 T: 0.01 T-out: Y T-r: -2.90%
c [impl-str] lit bin: 0 set-var: 0 T: 0.00 T-out: N T-r: 99.95% w-visit: 2978
c [impl-sub] bin: 5 T: 0.00 T-out: N w-visit: 2978
c [ccnr] saving best assignment phase to stable_polar
c [ccnr] bumping based on var unsat frequency: conflict_ct
c [ccnr] Bumped vars: 1489 bump type: 6
c [ccnr] time: 0.27
c rst  geom svd  vs   606   224 K 1488      33K   784 5.84    5.75      940   928   51K    99 29.03   28.98  
c [branch] adjusting to: vmtf (from: vsid) var_decay:0.95 descr: VMTF
c rst  luby svd  vmt  607   224 K 1488      33K   784 5.84    5.75      952   946   52K   101 29.00   28.95  
c rst  luby svd  vmt  608   224 K 1488      33K   784 5.84    5.75      952   955   52K   101 29.01   28.96  
c rst  luby svd  vmt  609   224 K 1488      33K   784 5.84    5.75      953   957   52K   101 29.03   28.98  
c rst  luby svd  vmt  610   224 K 1488      33K   784 5.84    5.75      953   957   52K   101 29.06   29.01  
c rst  luby svd  vmt  611   224 K 1488      33K   784 5.84    5.75      953   957   52K   101 29.07   29.02  
c [full-probe]  bin_only: 1 set: 0 repl: 0 T: 0.00 T-out: N T-r: 99.81%
c rst  luby svd  vmt  612   225 K 1488      33K   784 5.84    5.75      954   994   38K   103 30.12   30.05  
c rst  luby svd  vmt  613   225 K 1488      33K   784 5.84    5.75      954   994   38K   103 30.23   30.16  
c rst  luby svd  vmt  614   225 K 1488      33K   784 5.84    5.75      957   999   38K   103 30.26   30.19  
c rst  luby svd  vmt  615   225 K 1488      33K   784 5.84    5.75      957   999   38K   103 30.28   30.21  
c rst  luby svd  vmt  616   225 K 1488      33K   784 5.84    5.75      957  1000   38K   103 30.32   30.25  
c rst  luby svd  vmt  617   226 K 1488      33K   784 5.84    5.75      957  1000   38K   103 30.35   30.28  
c rst  luby svd  vmt  618   226 K 1488      33K   784 5.84    5.75      957  1000   39K   103 30.38   30.31  
c rst  luby svd  vmt  619   226 K 1488      33K   784 5.84    5.75      957  1000   39K   103 30.44   30.37  
c rst  luby svd  vmt  620   226 K 1488      33K   784 5.84    5.75      958  1000   39K   103 30.49   30.42  
c rst  luby svd  vmt  621   227 K 1488      33K   784 5.84    5.75      958  1000   40K   103 30.63   30.56  
c rst  geom best vmt  622   227 K 1488      33K   784 5.84    5.75      958  1000   40K   103 30.62   30.56  
c rst  geom best vmt  623   227 K 1488      33K   784 5.84    5.75      958  1008   40K   103 30.64   30.57  
c rst  geom best vmt  624   227 K 1488      33K   784 5.84    5.75      958  1010   40K   103 30.65   30.58  
c rst  geom best vmt  625   228 K 1488      33K   784 5.84    5.75      958  1010   40K   103 30.66   30.59  
c rst  geom best vmt  626   228 K 1488      33K   784 5.84    5.75      958  1010   41K   103 30.66   30.60  
c rst  geom best vmt  627   228 K 1488      33K   784 5.84    5.75      959  1010   41K   103 30.72   30.65  
c rst  geom best vmt  628   228 K 1488      33K   784 5.84    5.75      959  1010   41K   103 30.70   30.64  
c rst  geom best vmt  629   228 K 1488      33K   784 5.84    5.75      959  1010   41K   103 30.67   30.61  
c rst  geom best vmt  630   229 K 1488      33K   784 5.84    5.75      959  1010   41K   103 30.65   30.58  
c rst  geom best vmt  631   229 K 1488      33K   784 5.84    5.75      959  1012   42K   103 30.66   30.59  
c rst  geom best vmt  632   229 K 1488      33K   784 5.84    5.75      959  1012   42K   103 30.63   30.56  
c rst  geom best vmt  633   229 K 1488      33K   784 5.84    5.75      959  1013   42K   103 30.68   30.61  
c rst  geom best vmt  634   230 K 1488      33K   784 5.84    5.75      993   972   43K   103 30.66   30.60  
c [distill] watch-based irred--  cl tried 7704     cl-sh 0     cl-rem 0    lit-rem 0      T: 0.00 T-out: N
c [distill] watch-based red  --  cl tried 1986     cl-sh 15    cl-rem 0    lit-rem 21     T: 0.00 T-out: N
c rst  geom best vmt  635   230 K 1488      33K   784 5.84    5.75      993   972   43K   103 30.69   30.62  
c rst  geom best vmt  636   231 K 1488      33K   784 5.84    5.75      993   975   43K   103 30.74   30.68  
c rst  geom best vmt  637   231 K 1488      33K   784 5.84    5.75      993   975   44K   103 30.78   30.72  
c rst  geom best vmt  638   231 K 1488      33K   784 5.84    5.75      993   975   44K   103 30.84   30.77  
c rst  geom best vmt  639   232 K 1488      33K   784 5.84    5.75      993   975   45K   103 30.96   30.90  
c rst  geom best vmt  640   233 K 1488      33K   784 5.84    5.75      993   975   46K   103 31.00   30.94  
c rst  geom best vmt  641   233 K 1488      33K   784 5.84    5.75      993   976   46K   103 31.07   31.01  
c rst  geom best vmt  642   234 K 1488      33K   784 5.84    5.75      993   976   47K   103 31.17   31.11  
c rst  geom best vmt  643   235 K 1488      33K   784 5.84    5.75      993   980   48K   103 31.15   31.09  
c rst  geom stb  vmt  644   236 K 1488      33K   784 5.84    5.75      993   986   49K   103 31.23   31.18  
c rst  geom stb  vmt  645   237 K 1488      33K   784 5.84    5.75      993   991   49K   103 31.23   31.17  
c [distill-long-red0] cls tried: 59/59 T: 0.00 T-out: N T-r: 99.90%
c [distill-long-red1] cls tried: 71/717 T: 0.01 T-out: Y T-r: -2.24%
c rst  geom stb  vmt  646   238 K 1488      33K   784 5.84    5.75      993   996   51K   103 31.60   31.54  
c [distill-bin] useful: 0/784/784 lits-rem: 0 cl-rem: 0 0-depth-assigns: 0 T: 0.00 T-out: N
c rst  geom stb  vmt  647   239 K 1488      33K   784 5.84    5.75      993   999   52K   103 31.95   31.89  
c rst  geom stb  vmt  648   240 K 1488      33K   784 5.84    5.75     1025   995   37K   103 34.64   34.55  
c rst  geom stb  vmt  649   242 K 1488      33K   784 5.84    5.75     1025   995   39K   103 34.60   34.52  
c rst  geom stb  vmt  650   243 K 1488      33K   784 5.84    5.75     1027   996   40K   103 34.29   34.21  
c rst  geom ibes vmt  651   244 K 1488      33K   784 5.84    5.75     1030  1006   41K   103 34.38   34.31  
c recursive minimization cost OK: 539Kcost/(% lits removed)
c [gauss] XOR-encoding clauses are not detached, so no need to reattach them.
c [g 0] truth-find prop checks  : 1985K
c [g 0] -> of which prop        : 46.71 %
c [g 0] -> of which confl       :  1.70 %
c [g 0] elim called             : 179K
c [g 0] ---> which lead to prop : 49.99 %
c [g 0] ---> which lead to confl:  1.38 %
c [g 0] size: 57    x 476  
c --> Executing strategy token: scc-vrepl
c [scc] new: 1 BP 0M T: 0.00
c [vrep] vars 1 lits 4475 rem-bin-cls 6 rem-long-cls 0 BP 0M T: 0.01
c --> Executing strategy token: sub-impl
c [impl-sub] bin: 3 T: 0.00 T-out: N w-visit: 2978
c --> Executing strategy token: breakid
c --> Executing OCC strategy token(s): 'occ-backw-sub-str,occ-clean-implicit,occ-bve,occ-bva,occ-ternary-res,occ-xor,'
c [occ] mem usage for occur 3      MB
c [occ] Linked in IRRED BIN by default: 783
c [occ] Linked in RED   BIN by default: 97
c [occ] mem usage for occur 0      MB
c Mem for watch alloc      : 10          MB (23.28     %)
c Mem for watch array      : 0           MB (0.16      %)
c --> Executing OCC strategy token: occ-backw-sub-str
c [occ-backw-sub-str-long-w-bins] subs: 0 str: 13 tried: 7899 0-depth ass: 0 T: 0.00 T-out: N T-r: 99.04%
c [occ-backw-sub-long-w-long] rem cl: 33 tried: 76538/76538 (100.0%) T: 0.02 T-out: N T-r: 89.02%
c [occ-backw-sub-str-long-w-long] sub: 3 str: 10 tried: 229614/76538 (300.0)  T: 0.15 T-out: N T-r: 67.96%
c --> Executing OCC strategy token: occ-clean-implicit
c --> Executing OCC strategy token: occ-bve
c [occ-empty-res] Empty resolvent elimed: 0 T: 0.00 T-out: N
c [occ-bve] iter v-elim 0
c cl_inc_rate=1.0, var_dec_rate=1.0 (grow=0)
c Reduced to 1487 vars, 34042 cls (grow=0)
c [occ-bve] iter v-elim 0
c cl_inc_rate=1.0, var_dec_rate=1.0 (grow=8)
c Reduced to 1487 vars, 34042 cls (grow=8)
c [occ-bve] iter v-elim 0
c cl_inc_rate=1.0, var_dec_rate=1.0 (grow=16)
c Reduced to 1487 vars, 34042 cls (grow=16)
c x n vars       : 1487
c #try to eliminate:  4461
c #var-elim        :     0
c #T-o: N
c #T-r: 99.98%
c #T  : 0.20
c [occur] 0.03 is overhead
c [occur] link-in T: 0.03 cleanup T: 0.00
c --> Executing OCC strategy token: occ-bva
c --> Executing OCC strategy token: occ-ternary-res
c [occ-ternary-res] Ternary res-tri: 0 res-bin: 0 sub: 0 str: 0 T: 0.00 T-out: N T-r: 99.79%
c --> Executing OCC strategy token: occ-xor
c [occ-xor] sort occur list T: 0.00
c [xor-clean-equiv] removed equivalent xors: 0 left with: 931
c [occ-xor] found    931 avg sz 5.9 min sz  4 max sz  6 T: 0.01 T-out: N T-r: 99.97%
c --> Executing strategy token: card-find
c --> Executing strategy token: cl-consolidate
c Not consolidating memory.
c --> Executing strategy token: scc-vrepl
c [scc] new: 0 BP 0M T: 0.00
c --> Executing strategy token: renumber
c --> Executing strategy token: bosphorus
c --> Executing strategy token: louvain-comms
c [consolidate] mini T: 0.00
c global_timeout_multiplier: 3.9930
c [branch] rebuilding order heap for all branchings. Current branching: vmtf
c [find&init matx] performing matrix init
c [gauss] XOR-encoding clauses are not detached, so no need to reattach them.
c [xor-rem-unconnected] left with 931 xors from 931 non-empty xors T: 0.00
c [xor-together] xored together: 868 orig xors: 931 new xors: 63 T: 0.00
c [xor-rem-unconnected] left with 63 xors from 63 non-empty xors T: 0.00
c [xor-clean-equiv] removed equivalent xors: 0 left with: 63
c [matrix] unused xors from cleaning: 0
c [matrix] Good   matrix  0     63 x  484  density:0.1246  xorlen avg: 60.29
c [matrix] Using 1 matrices recovered from 0 xors T: 0.00 T-out: N
c rst  geom ibes  vmt   652  245K    1487   33K   783    5.84    5.75  1008  1000   42K    97   34.51   34.44
c [full-probe]  bin_only: 0 set: 0 repl: 0 T: 0.01 T-out: N T-r: 95.98%
c rst  geom ibes  vmt   653  247K    1487   33K   783    5.84    5.75  1010  1010   44K    97   34.67   34.60
c [gauss] XOR-encoding clauses are not detached, so no need to reattach them.
c [g 0] truth-find prop checks  : 69K
c [g 0] -> of which prop        : 66.01 %
c [g 0] -> of which confl       :  1.96 %
c [g 0] elim called             : 2741
c [g 0] ---> which lead to prop : 116.23 %
c [g 0] ---> which lead to confl:  2.74 %
c [g 0] size: 63    x 484  
c [scc] new: 0 BP 0M T: 0.00
c [vrep] vars 0 lits 0 rem-bin-cls 0 rem-long-cls 0 BP 0M T: 0.00
c [intree] Set 0 vars hyper-added: 2 trans-irred: 0 trans-red: 0 T: 0.01 T-out: N T-r: 0.19%
c [find&init matx] performing matrix init
c [gauss] XOR-encoding clauses are not detached, so no need to reattach them.
c [xor-rem-unconnected] left with 931 xors from 931 non-empty xors T: 0.00
c [xor-together] xored together: 868 orig xors: 931 new xors: 63 T: 0.00
c [xor-rem-unconnected] left with 63 xors from 63 non-empty xors T: 0.00
c [xor-clean-equiv] removed equivalent xors: 0 left with: 63
c [matrix] unused xors from cleaning: 0
c [matrix] Good   matrix 0 63      x484    density:0.1246  xorlen avg: 60.29
c [matrix] Using 1 matrices recovered from 0 xors T: 0.00 T-out: N
c rst  geom ibes vmt  654   249 K 1487      33K   783 5.84    5.75     1010  1023   46K    99 34.64   34.57  
c rst  geom ibes vmt  655   251 K 1487      33K   783 5.84    5.75     1030   993   48K    99 34.71   34.65  
c [branch] adjusting to: vsid (from: vmtf) var_decay:0.95 descr: VSIDS
c rst  geom svd  vs   656   251 K 1487      33K   783 5.84    5.75     1030   993   48K    99 34.73   34.66  
c rst  geom svd  vs   657   251 K 1487      33K   783 5.84    5.75     1030   993   48K    99 34.72   34.66  
c rst  geom svd  vs   658   251 K 1487      33K   783 5.84    5.75     1030   993   48K    99 34.73   34.67  
c rst  geom svd  vs   659   251 K 1487      33K   783 5.84    5.75     1030   993   48K    99 34.72   34.66  
c rst  geom svd  vs   660   252 K 1487      33K   783 5.84    5.75     1030   993   49K    99 34.72   34.66  
c rst  geom svd  vs   661   252 K 1487      33K   783 5.84    5.75     1030   993   49K    99 34.71   34.64  
c [distill-long-red0] cls tried: 64/64 T: 0.00 T-out: N T-r: 99.81%
c [distill-long-red1] cls tried: 74/675 T: 0.01 T-out: Y T-r: -1.22%
c rst  geom svd  vs   662   252 K 1487      33K   783 5.84    5.75     1030   993   49K    99 34.71   34.65  
c rst  geom svd  vs   663   252 K 1487      33K   783 5.84    5.75     1030   993   49K    99 34.74   34.68  
c rst  geom svd  vs   664   252 K 1487      33K   783 5.84    5.75     1030   993   49K    99 34.75   34.69  
c rst  geom svd  vs   665   253 K 1487      33K   783 5.84    5.75     1030   993   50K    99 34.71   34.65  
c rst  geom svd  vs   666   253 K 1487      33K   783 5.84    5.75     1030   993   50K    99 34.74   34.68  
c rst  geom svd  vs   667   253 K 1487      33K   783 5.84    5.75     1030   994   50K    99 34.85   34.79  
c rst  geom svd  vs   668   254 K 1487      33K   783 5.84    5.75     1030   994   51K    99 34.88   34.82  
c rst  geom svd  vs   669   254 K 1487      33K   783 5.84    5.75     1030   994   51K    99 34.92   34.86  
c rst  geom svd  vs   670   254 K 1487      33K   783 5.84    5.75     1030   995   51K    99 35.07   35.01  
c rst  geom svd  vs   671   255 K 1487      33K   783 5.84    5.75     1035  1059   37K    99 34.51   34.42  
c [distill] watch-based irred--  cl tried 8296     cl-sh 0     cl-rem 0    lit-rem 0      T: 0.00 T-out: N
c [distill] watch-based red  --  cl tried 2070     cl-sh 6     cl-rem 0    lit-rem 9      T: 0.00 T-out: N
c rst  geom svd  vs   672   255 K 1487      33K   783 5.84    5.75     1035  1060   37K    99 34.67   34.59  
c rst  geom svd  vs   673   256 K 1487      33K   783 5.84    5.75     1035  1066   38K    99 34.76   34.68  
c rst  geom svd  vs   674   256 K 1487      33K   783 5.84    5.75     1035  1069   38K    99 34.81   34.73  
c rst  geom svd  vs   675   257 K 1487      33K   783 5.84    5.75     1035  1070   39K    99 34.99   34.91  
c rst  geom svd  vs   676   258 K 1487      33K   783 5.84    5.75     1035  1072   40K    99 34.97   34.89  
c [distill-bin] useful: 0/783/783 lits-rem: 0 cl-rem: 0 0-depth-assigns: 0 T: 0.00 T-out: N
c rst  geom svd  vs   677   259 K 1487      33K   783 5.84    5.75     1035  1072   40K    99 35.09   35.02  
c rst  geom best vs   678   260 K 1487      33K   783 5.84    5.75     1073   869   41K    99 35.29   35.22  
c rst  geom best vs   679   260 K 1487      33K   783 5.84    5.75     1073   870   42K    99 35.13   35.06  
c rst  geom best vs   680   262 K 1487      33K   783 5.84    5.75     1073   870   43K    99 35.34   35.27  
c rst  geom best vs   681   263 K 1487      33K   783 5.84    5.75     1073   870   45K    99 35.33   35.26  
c rst  geom best vs   682   264 K 1487      33K   783 5.84    5.75     1073   870   46K    99 35.19   35.13  
c rst  geom best vs   683   265 K 1487      33K   783 5.84    5.75     1073   875   47K    99 35.24   35.17  
c [full-probe]  bin_only: 1 set: 0 repl: 0 T: 0.00 T-out: N T-r: 99.77%
c [ccnr] saving best assignment phase to stable_polar
c [ccnr] bumping based on var unsat frequency: conflict_ct
c [ccnr] Bumped vars: 1489 bump type: 6
c [ccnr] time: 0.27
c rst  geom best vs   684   267 K 1487      33K   783 5.84    5.75     1073   880   49K    99 35.23   35.17  
c [distill-long-red0] cls tried: 45/45 T: 0.00 T-out: N T-r: 99.88%
c [distill-long-red1] cls tried: 79/550 T: 0.01 T-out: Y T-r: -0.98%
c rst  geom stb  vs   685   269 K 1487      33K   783 5.84    5.75     1073   891   50K    99 35.43   35.37  
c rst  geom stb  vs   686   270 K 1487      33K   783 5.84    5.75     1105   459   38K    99 36.63   36.54  
c rst  geom stb  vs   687   273 K 1487      33K   783 5.84    5.75     1106   485   40K    99 36.95   36.87  
c rst  geom stb  vs   688   275 K 1487      33K   783 5.84    5.75     1106   491   42K    99 37.79   37.71  
c rst  geom ibes vs   689   277 K 1487      33K   783 5.84    5.75     1106   498   44K    99 38.20   38.12  
c rst  geom ibes vs   690   280 K 1487      33K   783 5.84    5.75     1140   456   47K    99 38.08   38.00  
c [distill-bin] useful: 0/783/783 lits-rem: 0 cl-rem: 0 0-depth-assigns: 0 T: 0.00 T-out: N
c [distill] watch-based irred--  cl tried 8296     cl-sh 0     cl-rem 0    lit-rem 0      T: 0.00 T-out: N
c [distill] watch-based red  --  cl tried 2280     cl-sh 16    cl-rem 0    lit-rem 24     T: 0.00 T-out: N
c rst  geom ibes vs   691   283 K 1487      33K   783 5.84    5.75     1142   477   50K    99 38.25   38.18  
c [branch] adjusting to: vmtf (from: vsid) var_decay:0.95 descr: VMTF
c [distill-long-red0] cls tried: 66/66 T: 0.00 T-out: N T-r: 99.84%
c [distill-long-red1] cls tried: 85/272 T: 0.01 T-out: Y T-r: -2.88%
c [impl-str] lit bin: 0 set-var: 0 T: 0.00 T-out: N T-r: 99.95% w-visit: 2978
c [impl-sub] bin: 0 T: 0.00 T-out: N w-visit: 2978
c rst  luby svd  vmt  692   283 K 1487      33K   783 5.84    5.75     1146   502   50K    99 38.22   38.16  
c rst  luby svd  vmt  693   283 K 1487      33K   783 5.84    5.75     1146   502   50K    99 38.20   38.13  
c rst  luby svd  vmt  694   283 K 1487      33K   783 5.84    5.75     1146   502   51K    99 38.15   38.08  
c rst  luby svd  vmt  695   283 K 1487      33K   783 5.84    5.75     1146   502   51K    99 38.12   38.05  
c rst  luby svd  vmt  696   284 K 1487      33K   783 5.84    5.75     1146   502   51K    99 38.11   38.04  
c rst  luby svd  vmt  697   284 K 1487      33K   783 5.84    5.75     1146   502   51K    99 38.11   38.04  
c rst  luby svd  vmt  698   284 K 1487      33K   783 5.84    5.75     1146   502   51K    99 38.17   38.10  
c rst  luby svd  vmt  699   284 K 1487      33K   783 5.84    5.75     1146   502   51K    99 38.15   38.08  
c rst  luby svd  vmt  700   284 K 1487      33K   783 5.84    5.75     1146   502   52K    99 38.12   38.06  
c rst  luby svd  vmt  701   285 K 1487      33K   783 5.84    5.75     1151   620   36K    99 38.45   38.36  
c rst  luby svd  vmt  702   285 K 1487      33K   783 5.84    5.75     1151   620   36K    99 38.42   38.32  
c rst  luby svd  vmt  703   285 K 1487      33K   783 5.84    5.75     1151   620   36K    99 38.43   38.34  
c rst  luby svd  vmt  704   285 K 1487      33K   783 5.84    5.75     1151   620   37K    99 38.37   38.28  
c rst  luby svd  vmt  705   285 K 1487      33K   783 5.84    5.75     1151   620   37K    99 38.39   38.30  
c [full-probe]  bin_only: 0 set: 0 repl: 0 T: 0.00 T-out: N T-r: 98.19%
c rst  luby svd  vmt  706   286 K 1487      33K   783 5.84    5.75     1151   620   38K    99 38.18   38.09  
c rst  luby svd  vmt  707   286 K 1487      33K   783 5.84    5.75     1151   620   38K    99 38.17   38.08  
c rst  luby svd  vmt  708   286 K 1487      33K   783 5.84    5.75     1151   620   38K    99 38.14   38.05  
c rst  luby svd  vmt  709   287 K 1487      33K   783 5.84    5.75     1151   620   38K    99 38.14   38.05  
c rst  luby svd  vmt  710   287 K 1487      33K   783 5.84    5.75     1151   621   38K    99 38.13   38.04  
c rst  luby svd  vmt  711   287 K 1487      33K   783 5.84    5.75     1151   621   38K    99 38.11   38.02  
c rst  luby svd  vmt  712   287 K 1487      33K   783 5.84    5.75     1151   622   39K    99 38.14   38.06  
c rst  luby svd  vmt  713   287 K 1487      33K   783 5.84    5.75     1151   624   39K    99 38.15   38.06  
c rst  luby svd  vmt  714   288 K 1487      33K   783 5.84    5.75     1151   625   39K    99 38.15   38.06  
c rst  luby svd  vmt  715   288 K 1487      33K   783 5.84    5.75     1151   625   39K    99 38.17   38.08  
c rst  luby svd  vmt  716   288 K 1487      33K   783 5.84    5.75     1151   625   39K    99 38.18   38.09  
c rst  luby svd  vmt  717   288 K 1487      33K   783 5.84    5.75     1151   625   40K    99 38.18   38.10  
c rst  luby svd  vmt  718   288 K 1487      33K   783 5.84    5.75     1151   627   40K    99 38.22   38.13  
c rst  luby svd  vmt  719   288 K 1487      33K   783 5.84    5.75     1151   627   40K    99 38.31   38.23  
c rst  luby svd  vmt  720   289 K 1487      33K   783 5.84    5.75     1151   627   40K    99 38.29   38.20  
c rst  luby svd  vmt  721   289 K 1487      33K   783 5.84    5.75     1152   634   41K    99 38.35   38.26  
c rst  luby svd  vmt  722   291 K 1487      33K   783 5.84    5.75     1212   564   43K    99 38.30   38.22  
c rst  geom best vmt  723   291 K 1487      33K   783 5.84    5.75     1212   569   43K    99 38.31   38.23  
c rst  geom best vmt  724   291 K 1487      33K   783 5.84    5.75     1212   569   43K    99 38.29   38.21  
c rst  geom best vmt  725   291 K 1487      33K   783 5.84    5.75     1212   571   43K    99 38.29   38.21  
c rst  geom best vmt  726   292 K 1487      33K   783 5.84    5.75     1212   571   43K    99 38.31   38.23  
c rst  geom best vmt  727   292 K 1487      33K   783 5.84    5.75     1213   571   43K    99 38.30   38.22  
c rst  geom best vmt  728   292 K 1487      33K   783 5.84    5.75     1213   571   43K    99 38.24   38.16  
c rst  geom best vmt  729   292 K 1487      33K   783 5.84    5.75     1213   571   44K    99 38.27   38.19  
c rst  geom best vmt  730   292 K 1487      33K   783 5.84    5.75     1213   571   44K    99 38.24   38.17  
c rst  geom best vmt  731   293 K 1487      33K   783 5.84    5.75     1213   571   44K    99 38.25   38.17  
c rst  geom best vmt  732   293 K 1487      33K   783 5.84    5.75     1213   574   44K    99 38.23   38.15  
c rst  geom best vmt  733   293 K 1487      33K   783 5.84    5.75     1213   574   45K    99 38.24   38.17  
c rst  geom best vmt  734   293 K 1487      33K   783 5.84    5.75     1213   574   45K    99 38.26   38.19  
c rst  geom best vmt  735   294 K 1487      33K   783 5.84    5.75     1213   574   45K    99 38.27   38.20  
c rst  geom best vmt  736   294 K 1487      33K   783 5.84    5.75     1213   574   46K    99 38.24   38.17  
c rst  geom best vmt  737   295 K 1487      33K   783 5.84    5.75     1213   578   46K    99 38.21   38.14  
c rst  geom best vmt  738   295 K 1487      33K   783 5.84    5.75     1213   584   47K    99 38.30   38.22  
c rst  geom best vmt  739   295 K 1487      33K   783 5.84    5.75     1216   614   47K    99 38.36   38.29  
c rst  geom best vmt  740   296 K 1487      33K   783 5.84    5.75     1216   614   48K    99 38.39   38.32  
c rst  geom best vmt  741   297 K 1487      33K   783 5.84    5.75     1216   615   48K    99 38.35   38.28  
c rst  geom best vmt  742   297 K 1487      33K   783 5.84    5.75     1216   615   49K    99 38.34   38.27  
c rst  geom best vmt  743   298 K 1487      33K   783 5.84    5.75     1216   617   50K    99 38.24   38.17  
c rst  geom best vmt  744   299 K 1487      33K   783 5.84    5.75     1217   618   50K    99 38.32   38.25  
c [distill-long-red0] cls tried: 67/67 T: 0.00 T-out: N T-r: 99.88%
c [distill-long-red1] cls tried: 82/340 T: 0.01 T-out: Y T-r: -1.80%
c rst  geom best vmt  745   300 K 1487      33K   783 5.84    5.75     1281   612   37K    99 37.78   37.69  
c rst  geom stb  vmt  746   301 K 1487      33K   783 5.84    5.75     1281   613   38K    99 37.91   37.82  
c [distill-bin] useful: 0/783/783 lits-rem: 0 cl-rem: 0 0-depth-assigns: 0 T: 0.00 T-out: N
c rst  geom stb  vmt  747   302 K 1487      33K   783 5.84    5.75     1281   613   39K    99 38.02   37.94  
c rst  geom stb  vmt  748   303 K 1487      33K   783 5.84    5.75     1281   613   40K    99 38.05   37.96  
c rst  geom stb  vmt  749   304 K 1487      33K   783 5.84    5.75     1281   613   41K    99 37.90   37.82  
c rst  geom stb  vmt  750   305 K 1487      33K   783 5.84    5.75     1281   620   43K    99 38.06   37.98  
c [full-probe]  bin_only: 1 set: 0 repl: 0 T: 0.00 T-out: N T-r: 99.82%
c [distill] watch-based irred--  cl tried 8296     cl-sh 0     cl-rem 0    lit-rem 0      T: 0.00 T-out: N
c [distill] watch-based red  --  cl tried 2562     cl-sh 26    cl-rem 0    lit-rem 40     T: 0.00 T-out: N
c rst  geom stb  vmt  751   307 K 1487      33K   783 5.84    5.75     1281   625   44K    99 37.81   37.74  
c rst  geom stb  vmt  752   309 K 1487      33K   783 5.84    5.75     1281   634   46K    99 38.03   37.96  
c rst  geom ibes vmt  753   311 K 1487      33K   783 5.84    5.75     1323   584   48K    99 37.93   37.86  
c [ccnr] saving best assignment phase to stable_polar
c [ccnr] bumping based on clause weights
c [ccnr] Bumped vars: 102 bump type: 6
c [ccnr] time: 0.28
c rst  geom ibes vmt  754   313 K 1487      33K   783 5.84    5.75     1323   592   50K    99 37.36   37.29  
c [gauss] XOR-encoding clauses are not detached, so no need to reattach them.
c [g 0] truth-find prop checks  : 1853K
c [g 0] -> of which prop        : 60.41 %
c [g 0] -> of which confl       :  1.91 %
c [g 0] elim called             : 86K
c [g 0] ---> which lead to prop : 97.64 %
c [g 0] ---> which lead to confl:  2.64 %
c [g 0] size: 63    x 484  
c [scc] new: 0 BP 0M T: 0.00
c [vrep] vars 0 lits 0 rem-bin-cls 0 rem-long-cls 0 BP 0M T: 0.00
c [intree] Set 0 vars hyper-added: 3 trans-irred: 0 trans-red: 0 T: 0.00 T-out: N T-r: -1.48%
c [find&init matx] performing matrix init
c [gauss] XOR-encoding clauses are not detached, so no need to reattach them.
c [xor-rem-unconnected] left with 931 xors from 931 non-empty xors T: 0.00
c [xor-together] xored together: 868 orig xors: 931 new xors: 63 T: 0.00
c [xor-rem-unconnected] left with 63 xors from 63 non-empty xors T: 0.00
c [xor-clean-equiv] removed equivalent xors: 0 left with: 63
c [matrix] unused xors from cleaning: 0
c [matrix] Good   matrix 0 63      x484    density:0.1246  xorlen avg: 60.29
c [matrix] Using 1 matrices recovered from 0 xors T: 0.00 T-out: N
c rst  geom ibes vmt  755   315 K 1487      33K   783 5.84    5.75     1362   830   37K   102 34.58   34.50  
c [branch] adjusting to: vsid (from: vmtf) var_decay:0.95 descr: VSIDS
c [distill-long-red0] cls tried: 143/143 T: 0.00 T-out: N T-r: 99.82%
c [distill-long-red1] cls tried: 95/499 T: 0.01 T-out: Y T-r: -1.02%
c rst  geom ibes vs   756   315 K 1487      33K   783 5.84    5.75     1362   831   37K   102 34.63   34.55  
c rst  geom ibes vs   757   315 K 1487      33K   783 5.84    5.75     1362   831   37K   102 34.60   34.52  
c rst  geom ibes vs   758   315 K 1487      33K   783 5.84    5.75     1362   833   37K   102 34.65   34.57  
c rst  geom ibes vs   759   315 K 1487      33K   783 5.84    5.75     1362   834   38K   102 34.71   34.63  
c rst  geom ibes vs   760   316 K 1487      33K   783 5.84    5.75     1362   834   38K   102 34.77   34.69  
c rst  geom ibes vs   761   316 K 1487      33K   783 5.84    5.75     1362   835   38K   102 34.79   34.70  
c rst  geom ibes vs   762   316 K 1487      33K   783 5.84    5.75     1362   836   38K   102 34.84   34.76  
c rst  geom ibes vs   763   316 K 1487      33K   783 5.84    5.75     1362   836   38K   102 34.84   34.76  
c rst  geom ibes vs   764   316 K 1487      33K   783 5.84    5.75     1362   836   39K   102 34.78   34.70  
c rst  geom ibes vs   765   317 K 1487      33K   783 5.84    5.75     1362   836   39K   102 34.78   34.70  
c rst  geom ibes vs   766   317 K 1487      33K   783 5.84    5.75     1363   836   39K   102 34.83   34.75  
c rst  geom svd  vs   767   317 K 1487      33K   783 5.84    5.75     1365   843   39K   102 34.84   34.76  
c rst  geom svd  vs   768   318 K 1487      33K   783 5.84    5.75     1366   846   40K   102 34.82   34.75  
c rst  geom svd  vs   769   318 K 1487      33K   783 5.84    5.75     1367   847   40K   102 34.83   34.75  
c rst  geom svd  vs   770   318 K 1487      33K   783 5.84    5.75     1367   847   41K   102 34.84   34.76  
c rst  geom svd  vs   771   319 K 1487      33K   783 5.84    5.75     1367   850   41K   102 34.95   34.87  
c rst  geom svd  vs   772   319 K 1487      33K   783 5.84    5.75     1367   853   41K   102 35.07   34.99  
c rst  geom svd  vs   773   320 K 1487      33K   783 5.84    5.75     1417   798   42K   102 35.14   35.06  
c rst  geom svd  vs   774   320 K 1487      33K   783 5.84    5.75     1417   802   43K   102 35.12   35.05  
c rst  geom svd  vs   775   321 K 1487      33K   783 5.84    5.75     1417   802   43K   102 34.96   34.89  
c [distill-bin] useful: 0/783/783 lits-rem: 0 cl-rem: 0 0-depth-assigns: 0 T: 0.01 T-out: N
c rst  geom svd  vs   776   322 K 1487      33K   783 5.84    5.75     1417   805   44K   102 34.89   34.82  
c rst  geom svd  vs   777   323 K 1487      33K   783 5.84    5.75     1417   809   45K   102 35.01   34.94  
c rst  geom svd  vs   778   324 K 1487      33K   783 5.84    5.75     1417   811   46K   102 34.95   34.88  
c rst  geom svd  vs   779   324 K 1487      33K   783 5.84    5.75     1417   814   47K   102 35.07   35.00  
c rst  geom svd  vs   780   326 K 1487      33K   783 5.84    5.75     1417   815   48K   102 35.28   35.21  
c [full-probe]  bin_only: 0 set: 0 repl: 0 T: 0.01 T-out: N T-r: 97.72%
c rst  geom best vs   781   327 K 1487      33K   783 5.84    5.75     1417   816   49K   102 35.21   35.14  
c rst  geom best vs   782   328 K 1487      33K   783 5.84    5.75     1418   821   50K   102 35.51   35.44  
c rst  geom best vs   783   329 K 1487      33K   783 5.84    5.75     1418   831   51K   102 35.64   35.58  
c rst  geom best vs   784   331 K 1487      33K   783 5.84    5.75     1463   919   39K   102 35.37   35.29  
c [distill-long-red0] cls tried: 86/86 T: 0.01 T-out: N T-r: 99.81%
c [distill-long-red1] cls tried: 105/521 T: 0.01 T-out: Y T-r: -1.45%
c [distill] watch-based irred--  cl tried 8296     cl-sh 0     cl-rem 0    lit-rem 0      T: 0.01 T-out: N
c [distill] watch-based red  --  cl tried 2926     cl-sh 17    cl-rem 0    lit-rem 31     T: 0.00 T-out: N
c rst  geom best vs   785   333 K 1487      33K   783 5.84    5.75     1463   924   40K   102 35.51   35.43  
c rst  geom best vs   786   334 K 1487      33K   783 5.84    5.75     1463   931   42K   102 35.46   35.39  
c rst  geom stb  vs   787   337 K 1487      33K   783 5.84    5.75     1463   933   44K   102 35.75   35.68  
c rst  geom stb  vs   788   339 K 1487      33K   783 5.84    5.75     1464   933   46K   102 35.72   35.65  
c rst  geom stb  vs   789   341 K 1487      33K   783 5.84    5.75     1480   917   49K   102 35.46   35.39  
c [distill-bin] useful: 0/783/783 lits-rem: 0 cl-rem: 0 0-depth-assigns: 0 T: 0.00 T-out: N
c rst  geom stb  vs   790   344 K 1487      33K   783 5.84    5.75     1482   926   52K   102 35.80   35.74  
c [impl-str] lit bin: 0 set-var: 0 T: 0.00 T-out: N T-r: 99.95% w-visit: 2978
c [impl-sub] bin: 0 T: 0.00 T-out: N w-visit: 2978
c rst  geom ibes vs   791   347 K 1487      33K   783 5.84    5.75     1485   991   38K   102 34.69   34.61  
c [distill-long-red0] cls tried: 37/37 T: 0.00 T-out: N T-r: 99.93%
c [distill-long-red1] cls tried: 83/489 T: 0.01 T-out: Y T-r: -1.38%
c [full-probe]  bin_only: 1 set: 0 repl: 0 T: 0.00 T-out: N T-r: 99.87%
c rst  geom ibes vs   792   350 K 1487      33K   783 5.84    5.75     1526   944   42K   102 34.60   34.53  
c rst  geom ibes vs   793   354 K 1487      33K   783 5.84    5.75     1526   948   45K   102 35.13   35.06  
c [branch] adjusting to: vmtf (from: vsid) var_decay:0.95 descr: VMTF
c rst  luby svd  vmt  794   354 K 1487      33K   783 5.84    5.75     1526   949   45K   102 35.12   35.05  
c rst  luby svd  vmt  795   354 K 1487      33K   783 5.84    5.75     1526   949   45K   102 35.08   35.01  
c rst  luby svd  vmt  796   354 K 1487      33K   783 5.84    5.75     1527   970   46K   102 35.02   34.95  
c rst  luby svd  vmt  797   354 K 1487      33K   783 5.84    5.75     1528   973   46K   102 34.99   34.92  
c rst  luby svd  vmt  798   354 K 1487      33K   783 5.84    5.75     1532   980   46K   102 34.96   34.89  
c rst  luby svd  vmt  799   355 K 1487      33K   783 5.84    5.75     1532   983   46K   102 34.91   34.84  
c [ccnr] saving best assignment phase to stable_polar
c [ccnr] bumping based on var unsat frequency: conflict_ct
c [ccnr] Bumped vars: 1489 bump type: 6
c [ccnr] time: 0.27
c rst  luby svd  vmt  800   355 K 1487      33K   783 5.84    5.75     1543  1004   46K   103 34.98   34.92  
c rst  luby svd  vmt  801   355 K 1487      33K   783 5.84    5.75     1543  1004   46K   103 34.99   34.92  
c rst  luby svd  vmt  802   355 K 1487      33K   783 5.84    5.75     1543  1006   47K   103 35.01   34.94  
c rst  luby svd  vmt  803   356 K 1487      33K   783 5.84    5.75     1543  1006   47K   103 35.12   35.05  
c rst  luby svd  vmt  804   356 K 1487      33K   783 5.84    5.75     1543  1006   47K   103 35.13   35.06  
c rst  luby svd  vmt  805   356 K 1487      33K   783 5.84    5.75     1543  1008   47K   103 35.19   35.12  
c rst  luby svd  vmt  806   356 K 1487      33K   783 5.84    5.75     1543  1014   47K   103 35.20   35.13  
c [distill] watch-based irred--  cl tried 8296     cl-sh 0     cl-rem 0    lit-rem 0      T: 0.01 T-out: N
c [distill] watch-based red  --  cl tried 3086     cl-sh 9     cl-rem 0    lit-rem 23     T: 0.00 T-out: N
c rst  luby svd  vmt  807   356 K 1487      33K   783 5.84    5.75     1543  1017   47K   103 35.28   35.21  
c rst  luby svd  vmt  808   357 K 1487      33K   783 5.84    5.75     1543  1018   48K   103 35.24   35.18  
c rst  luby svd  vmt  809   357 K 1487      33K   783 5.84    5.75     1543  1018   48K   103 35.25   35.18  
c rst  luby svd  vmt  810   357 K 1487      33K   783 5.84    5.75     1543  1018   49K   103 35.24   35.18  
c rst  luby svd  vmt  811   358 K 1487      33K   783 5.84    5.75     1543  1018   49K   103 35.25   35.18  
c rst  luby svd  vmt  812   358 K 1487      33K   783 5.84    5.75     1543  1018   49K   103 35.23   35.17  
c rst  luby svd  vmt  813   358 K 1487      33K   783 5.84    5.75     1543  1018   49K   103 35.26   35.20  
c rst  luby svd  vmt  814   358 K 1487      33K   783 5.84    5.75     1543  1018   49K   103 35.28   35.22  
c rst  luby svd  vmt  815   358 K 1487      33K   783 5.84    5.75     1543  1020   50K   103 35.30   35.24  
c rst  luby svd  vmt  816   358 K 1487      33K   783 5.84    5.75     1543  1025   50K   103 35.33   35.26  
c rst  luby svd  vmt  817   359 K 1487      33K   783 5.84    5.75     1543  1025   50K   103 35.34   35.27  
c rst  luby svd  vmt  818   359 K 1487      33K   783 5.84    5.75     1543  1027   50K   104 35.34   35.28  
c rst  luby svd  vmt  819   359 K 1487      33K   783 5.84    5.75     1543  1027   50K   104 35.35   35.28  
c rst  luby svd  vmt  820   359 K 1487      33K   783 5.84    5.75     1543  1027   50K   104 35.34   35.28  
c rst  luby svd  vmt  821   359 K 1487      33K   783 5.84    5.75     1543  1028   50K   104 35.37   35.30  
c rst  luby svd  vmt  822   360 K 1487      33K   783 5.84    5.75     1598  1057   36K   104 36.23   36.14  
c rst  luby svd  vmt  823   360 K 1487      33K   783 5.84    5.75     1598  1062   37K   104 36.28   36.19  
c rst  luby svd  vmt  824   362 K 1487      33K   783 5.84    5.75     1598  1064   39K   104 36.15   36.07  
c [distill-bin] useful: 0/783/783 lits-rem: 0 cl-rem: 0 0-depth-assigns: 0 T: 0.01 T-out: N
c rst  luby svd  vmt  825   362 K 1487      33K   783 5.84    5.75     1598  1065   39K   104 36.18   36.09  
c [distill-long-red0] cls tried: 104/104 T: 0.00 T-out: N T-r: 99.85%
c [distill-long-red1] cls tried: 102/511 T: 0.01 T-out: Y T-r: -2.60%
c rst  luby svd  vmt  826   362 K 1487      33K   783 5.84    5.75     1596  1065   39K   106 36.16   36.08  
c rst  luby svd  vmt  827   362 K 1487      33K   783 5.84    5.75     1596  1065   39K   106 36.15   36.06  
c rst  luby svd  vmt  828   362 K 1487      33K   783 5.84    5.75     1596  1065   39K   106 36.14   36.05  
c rst  luby svd  vmt  829   363 K 1487      33K   783 5.84    5.75     1596  1065   39K   106 36.13   36.04  
c rst  geom best vmt  830   363 K 1487      33K   783 5.84    5.75     1596  1065   40K   106 36.11   36.02  
c rst  geom best vmt  831   363 K 1487      33K   783 5.84    5.75     1596  1068   40K   106 36.14   36.05  
c rst  geom best vmt  832   363 K 1487      33K   783 5.84    5.75     1596  1068   40K   106 36.12   36.03  
c rst  geom best vmt  833   363 K 1487      33K   783 5.84    5.75     1598  1069   40K   106 36.10   36.02  
c rst  geom best vmt  834   363 K 1487      33K   783 5.84    5.75     1598  1072   40K   106 36.12   36.03  
c rst  geom best vmt  835   363 K 1487      33K   783 5.84    5.75     1598  1073   40K   106 36.12   36.04  
c rst  geom best vmt  836   364 K 1487      33K   783 5.84    5.75     1598  1073   40K   106 36.12   36.04  
c rst  geom best vmt  837   364 K 1487      33K   783 5.84    5.75     1598  1075   41K   106 36.10   36.02  
c rst  geom best vmt  838   364 K 1487      33K   783 5.84    5.75     1598  1075   41K   106 36.12   36.04  
c rst  geom best vmt  839   364 K 1486      33K   783 5.84    5.75     1598  1075   41K   106 36.15   36.07  
c rst  geom best vmt  840   365 K 1486      33K   783 5.84    5.75     1598  1075   41K   106 36.20   36.12  
c rst  geom best vmt  841   365 K 1486      33K   783 5.84    5.75     1598  1075   42K   106 36.22   36.14  
c rst  geom best vmt  842   365 K 1486      33K   783 5.84    5.75     1598  1075   42K   106 36.27   36.19  
c rst  geom best vmt  843   366 K 1486      33K   783 5.84    5.75     1598  1075   42K   106 36.18   36.10  
c rst  geom best vmt  844   366 K 1486      33K   783 5.84    5.75     1598  1075   43K   106 36.07   35.99  
c rst  geom best vmt  845   366 K 1486      33K   783 5.84    5.75     1598  1075   43K   106 35.91   35.83  
c rst  geom best vmt  846   367 K 1486      33K   783 5.84    5.75     1598  1075   44K   106 35.83   35.75  
c rst  geom best vmt  847   368 K 1486      33K   783 5.84    5.75     1599  1076   44K   106 35.81   35.74  
c [full-probe]  bin_only: 0 set: 0 repl: 0 T: 0.01 T-out: N T-r: 97.66%
c rst  geom best vmt  848   368 K 1486      33K   783 5.84    5.75     1599  1079   45K   106 35.79   35.72  
c rst  geom best vmt  849   369 K 1486      33K   783 5.84    5.75     1599  1079   46K   106 35.59   35.52  
c rst  geom best vmt  850   369 K 1486      33K   783 5.84    5.75     1599  1079   46K   106 35.32   35.25  
c rst  geom best vmt  851   370 K 1486      33K   783 5.84    5.75     1622  1020   47K   106 35.02   34.95  
c rst  geom best vmt  852   371 K 1486      33K   783 5.84    5.75     1622  1020   48K   106 34.69   34.62  
c rst  geom best vmt  853   372 K 1486      33K   783 5.84    5.75     1622  1020   49K   106 34.48   34.41  
c rst  geom stb  vmt  854   373 K 1486      33K   783 5.84    5.75     1623  1021   50K   106 34.65   34.59  
c rst  geom stb  vmt  855   374 K 1486      33K   783 5.84    5.75     1624  1026   51K   106 34.87   34.80  
c rst  geom stb  vmt  856   376 K 1486      33K   783 5.84    5.75     1627  1070   38K   106 32.98   32.91  
c rst  geom stb  vmt  857   377 K 1486      33K   783 5.84    5.75     1627  1072   39K   107 33.14   33.06  
c rst  geom stb  vmt  858   379 K 1486      33K   783 5.84    5.75     1628  1074   41K   107 33.57   33.49  
c [distill-long-red0] cls tried: 28/28 T: 0.00 T-out: N T-r: 99.95%
c [distill-long-red1] cls tried: 96/441 T: 0.01 T-out: Y T-r: -1.12%
c [gauss] XOR-encoding clauses are not detached, so no need to reattach them.
c [g 0] truth-find prop checks  : 1913K
c [g 0] -> of which prop        : 58.72 %
c [g 0] -> of which confl       :  1.83 %
c [g 0] elim called             : 99K
c [g 0] ---> which lead to prop : 85.94 %
c [g 0] ---> which lead to confl:  2.76 %
c [g 0] size: 63    x 484  
c [scc] new: 0 BP 0M T: 0.00
c [vrep] vars 0 lits 0 rem-bin-cls 0 rem-long-cls 0 BP 0M T: 0.01
c [intree] Set 0 vars hyper-added: 3 trans-irred: 0 trans-red: 0 T: 0.00 T-out: N T-r: -1.51%
c [find&init matx] performing matrix init
c [gauss] XOR-encoding clauses are not detached, so no need to reattach them.
c [xor-rem-unconnected] left with 931 xors from 931 non-empty xors T: 0.00
c [xor-together] xored together: 868 orig xors: 931 new xors: 63 T: 0.00
c [xor-rem-unconnected] left with 63 xors from 63 non-empty xors T: 0.00
c [xor-clean-equiv] removed equivalent xors: 0 left with: 63
c [matrix] unused xors from cleaning: 0
c [matrix] Good   matrix 0 63      x483    density:0.1247  xorlen avg: 60.21
c [matrix] Using 1 matrices recovered from 0 xors T: 0.00 T-out: N
c rst  geom stb  vmt  859   380 K 1486      33K   782 5.84    5.75     1641  1042   43K   106 33.47   33.40  
c rst  geom stb  vmt  860   382 K 1486      33K   782 5.84    5.75     1641  1043   45K   106 33.24   33.17  
c [distill-bin] useful: 0/782/782 lits-rem: 0 cl-rem: 0 0-depth-assigns: 0 T: 0.01 T-out: N
c [distill] watch-based irred--  cl tried 8262     cl-sh 0     cl-rem 0    lit-rem 0      T: 0.00 T-out: N
c [distill] watch-based red  --  cl tried 3276     cl-sh 12    cl-rem 6    lit-rem 16     T: 0.00 T-out: N
c rst  geom ibes vmt  861   384 K 1486      33K   782 5.84    5.75     1635  1058   47K   106 33.38   33.32  
c rst  geom ibes vmt  862   386 K 1486      33K   782 5.84    5.75     1635  1075   49K   106 33.29   33.23  
c rst  geom ibes vmt  863   389 K 1486      33K   782 5.84    5.75     1635  1081   51K   106 33.37   33.31  
c [full-probe]  bin_only: 1 set: 0 repl: 0 T: 0.00 T-out: N T-r: 99.76%
c rst  geom ibes vmt  864   392 K 1486      33K   782 5.84    5.75     1686   886   40K   106 32.52   32.44  
c rst  geom svd  vmt  865   395 K 1486      33K   782 5.84    5.75     1686   889   43K   106 32.92   32.85  
c [branch] adjusting to: vsid (from: vmtf) var_decay:0.95 descr: VSIDS
c [distill-long-red0] cls tried: 63/63 T: 0.00 T-out: N T-r: 99.88%
c [distill-long-red1] cls tried: 57/309 T: 0.01 T-out: Y T-r: -2.33%
c rst  geom svd  vs   866   395 K 1486      33K   782 5.84    5.75     1686   889   43K   106 32.98   32.91  
c rst  geom svd  vs   867   395 K 1486      33K   782 5.84    5.75     1686   889   43K   106 32.98   32.91  
c rst  geom svd  vs   868   395 K 1486      33K   782 5.84    5.75     1686   889   43K   106 33.02   32.95  
c rst  geom svd  vs   869   395 K 1486      33K   782 5.84    5.75     1686   890   43K   106 33.04   32.97  
c rst  geom svd  vs   870   395 K 1486      33K   782 5.84    5.75     1686   890   43K   106 33.08   33.01  
c rst  geom svd  vs   871   395 K 1486      33K   782 5.84    5.75     1686   891   43K   106 33.10   33.03  
c rst  geom svd  vs   872   396 K 1486      33K   782 5.84    5.75     1686   895   44K   106 33.13   33.06  
c rst  geom svd  vs   873   396 K 1486      33K   782 5.84    5.75     1686   895   44K   106 33.18   33.11  
c rst  geom svd  vs   874   396 K 1486      33K   782 5.84    5.75     1686   895   44K   106 33.21   33.14  
c rst  geom svd  vs   875   396 K 1486      33K   782 5.84    5.75     1686   900   44K   106 33.28   33.21  
c rst  geom svd  vs   876   397 K 1486      33K   782 5.84    5.75     1686   900   45K   106 33.32   33.25  
c rst  geom svd  vs   877   397 K 1486      33K   782 5.84    5.75     1686   904   45K   106 33.37   33.30  
c rst  geom svd  vs   878   397 K 1486      33K   782 5.84    5.75     1686   905   45K   106 33.43   33.37  
c rst  geom svd  vs   879   397 K 1486      33K   782 5.84    5.75     1686   905   45K   106 33.44   33.38  
c recursive minimization cost OK: 861Kcost/(% lits removed)
c [gauss] XOR-encoding clauses are not detached, so no need to reattach them.
c [g 0] truth-find prop checks  : 511K
c [g 0] -> of which prop        : 64.50 %
c [g 0] -> of which confl       :  1.93 %
c [g 0] elim called             : 22K
c [g 0] ---> which lead to prop : 114.47 %
c [g 0] ---> which lead to confl:  3.36 %
c [g 0] size: 63    x 483  
c --> Executing strategy token: scc-vrepl
c [scc] new: 0 BP 0M T: 0.00
c --> Executing strategy token: sub-impl
c [impl-sub] bin: 4 T: 0.00 T-out: N w-visit: 2978
c --> Executing strategy token: breakid
c --> Executing OCC strategy token(s): 'occ-backw-sub-str,occ-clean-implicit,occ-bve,occ-bva,occ-ternary-res,occ-xor,'
c [occ] mem usage for occur 3      MB
c [occ] Linked in IRRED BIN by default: 782
c [occ] Linked in RED   BIN by default: 102
c [occ] mem usage for occur 0      MB
c Mem for watch alloc      : 12          MB (23.14     %)
c Mem for watch array      : 0           MB (0.13      %)
c --> Executing OCC strategy token: occ-backw-sub-str
c [occ-backw-sub-str-long-w-bins] subs: 0 str: 8 tried: 8783 0-depth ass: 0 T: 0.00 T-out: N T-r: 99.13%
c [occ-backw-sub-long-w-long] rem cl: 67 tried: 81523/81523 (100.0%) T: 0.02 T-out: N T-r: 89.35%
c [occ-backw-sub-str-long-w-long] sub: 0 str: 10 tried: 244569/81523 (300.0)  T: 0.16 T-out: N T-r: 69.80%
c --> Executing OCC strategy token: occ-clean-implicit
c --> Executing OCC strategy token: occ-bve
c [occ-empty-res] Empty resolvent elimed: 0 T: 0.00 T-out: N
c [occ-bve] iter v-elim 0
c cl_inc_rate=1.0, var_dec_rate=1.0 (grow=0)
c Reduced to 1486 vars, 33944 cls (grow=0)
c [occ-bve] iter v-elim 0
c cl_inc_rate=1.0, var_dec_rate=1.0 (grow=8)
c Reduced to 1486 vars, 33944 cls (grow=8)
c [occ-bve] iter v-elim 0
c cl_inc_rate=1.0, var_dec_rate=1.0 (grow=16)
c Reduced to 1486 vars, 33944 cls (grow=16)
c x n vars       : 1486
c #try to eliminate:  4458
c #var-elim        :     0
c #T-o: N
c #T-r: 99.98%
c #T  : 0.23
c [occur] 0.03 is overhead
c [occur] link-in T: 0.03 cleanup T: 0.00
c --> Executing OCC strategy token: occ-bva
c --> Executing OCC strategy token: occ-ternary-res
c [occ-ternary-res] Ternary res-tri: 0 res-bin: 0 sub: 0 str: 0 T: 0.00 T-out: N T-r: 99.79%
c --> Executing OCC strategy token: occ-xor
c [occ-xor] sort occur list T: 0.00
c [xor-clean-equiv] removed equivalent xors: 0 left with: 922
c [occ-xor] found    922 avg sz 5.9 min sz  4 max sz  6 T: 0.01 T-out: N T-r: 99.97%
c --> Executing strategy token: card-find
c --> Executing strategy token: cl-consolidate
c Not consolidating memory.
c --> Executing strategy token: scc-vrepl
c [scc] new: 0 BP 0M T: 0.00
c --> Executing strategy token: renumber
c --> Executing strategy token: bosphorus
c --> Executing strategy token: louvain-comms
c [consolidate] mini T: 0.00
c global_timeout_multiplier: 4.3923
c [branch] rebuilding order heap for all branchings. Current branching: vsid
c [find&init matx] performing matrix init
c [gauss] XOR-encoding clauses are not detached, so no need to reattach them.
c [xor-rem-unconnected] left with 922 xors from 922 non-empty xors T: 0.00
c [xor-together] xored together: 853 orig xors: 922 new xors: 69 T: 0.00
c [xor-rem-unconnected] left with 69 xors from 69 non-empty xors T: 0.00
c [xor-clean-equiv] removed equivalent xors: 0 left with: 69
c [matrix] unused xors from cleaning: 0
c [matrix] Good   matrix  0     69 x  495  density:0.1103  xorlen avg: 54.62
c [matrix] Using 1 matrices recovered from 0 xors T: 0.00 T-out: N
c rst  geom  svd   vs   880  398K    1486   33K   782    5.84    5.75  1645   906   46K   102   33.53   33.47
c rst  geom  svd   vs   881  398K    1486   33K   782    5.84    5.75  1645   907   46K   102   33.54   33.47
c rst  geom  svd   vs   882  399K    1486   33K   782    5.84    5.75  1645   909   46K   102   33.57   33.51
c rst  geom  svd   vs   883  399K    1486   33K   782    5.84    5.75  1646   914   47K   102   33.69   33.62
c [ccnr] saving best assignment phase to stable_polar
c [ccnr] bumping based on var unsat frequency: conflict_ct
c [ccnr] Bumped vars: 1489 bump type: 6
c [ccnr] time: 0.27
c rst  geom  svd   vs   884  400K    1486   33K   782    5.84    5.75  1674   859   48K   102   33.78   33.71
c rst  geom  svd   vs   885  400K    1486   33K   782    5.84    5.75  1675   866   48K   102   33.90   33.84
c rst  geom  svd   vs   886  401K    1486   33K   782    5.84    5.75  1675   869   49K   102   33.91   33.85
c rst  geom best   vs   887  402K    1486   33K   782    5.84    5.75  1675   870   49K   102   34.04   33.98
c rst  geom best   vs   888  402K    1486   33K   782    5.84    5.75  1675   878   50K   102   34.15   34.09
c [distill-bin] useful: 0/782/782 lits-rem: 0 cl-rem: 0 0-depth-assigns: 0 T: 0.01 T-out: N
c rst  geom best   vs   889  403K    1486   33K   782    5.84    5.75  1675   886   51K   102   34.21   34.15
c rst  geom best   vs   890  404K    1486   33K   782    5.84    5.75  1675   891   52K   102   34.19   34.13
c [impl-str] lit bin: 0 set-var: 0 T: 0.00 T-out: N T-r: 99.96% w-visit: 2978
c [impl-sub] bin: 0 T: 0.00 T-out: N w-visit: 2978
c rst  geom best   vs   891  405K    1486   33K   782    5.84    5.75  1677   953   38K   102   33.46   33.38
c rst  geom best   vs   892  406K    1486   33K   782    5.84    5.75  1677   955   39K   102   33.13   33.05
c rst  geom best   vs   893  408K    1486   33K   782    5.84    5.75  1677   955   41K   102   32.88   32.81
c [distill] watch-based irred--  cl tried     8838 cl-sh     0 cl-rem    0 lit-rem      0 T: 0.00 T-out: N
c [distill] watch-based   red--  cl tried     3354 cl-sh     9 cl-rem    0 lit-rem     15 T: 0.00 T-out: N
c rst  geom best   vs   894  409K    1486   33K   782    5.84    5.75  1677   955   42K   102   32.70   32.64
c [full-probe]  bin_only: 0 set: 0 repl: 0 T: 0.01 T-out: N T-r: 97.57%
c rst  geom best   vs   895  411K    1486   33K   782    5.84    5.75  1705   907   43K   102   32.59   32.52
c [distill-long-red0] cls tried: 74/74 T: 0.00 T-out: N T-r: 99.86%
c [distill-long-red1] cls tried: 75/320 T: 0.01 T-out: Y T-r: -1.08%
c rst  geom  stb   vs   896  412K    1486   33K   782    5.84    5.75  1705   908   45K   102   32.62   32.55
c rst  geom  stb   vs   897  414K    1486   33K   782    5.84    5.75  1706   910   47K   102   32.61   32.54
c rst  geom  stb   vs   898  416K    1486   33K   782    5.84    5.75  1706   917   49K   102   32.53   32.47
c rst  geom  stb   vs   899  418K    1486   33K   782    5.84    5.75  1706   927   51K   102   32.56   32.50
c rst  geom  stb   vs   900  421K    1486   33K   782    5.84    5.75  1731   903   39K   102   32.93   32.86
c rst  geom ibes   vs   901  424K    1486   33K   782    5.84    5.75  1731   906   42K   102   33.44   33.37
c [distill-bin] useful: 0/782/782 lits-rem: 0 cl-rem: 0 0-depth-assigns: 0 T: 0.01 T-out: N
c rst  geom ibes   vs   902  427K    1486   33K   782    5.84    5.75  1731   908   45K   102   33.66   33.59
c [distill-long-red0] cls tried: 22/22 T: 0.00 T-out: N T-r: 99.94%
c [distill-long-red1] cls tried: 80/283 T: 0.01 T-out: Y T-r: -2.58%
c rst  geom ibes   vs   903  430K    1486   33K   782    5.84    5.75  1742   804   48K   102   33.82   33.76
c [full-probe]  bin_only: 1 set: 0 repl: 0 T: 0.00 T-out: N T-r: 99.76%
c rst  geom ibes   vs   904  434K    1486   33K   782    5.84    5.75  1742   806   52K   102   34.09   34.03
c [distill] watch-based irred--  cl tried     8838 cl-sh     0 cl-rem    0 lit-rem      0 T: 0.00 T-out: N
c [distill] watch-based   red--  cl tried     3484 cl-sh     7 cl-rem    0 lit-rem     13 T: 0.00 T-out: N
c rst  geom  svd   vs   905  438K    1486   33K   782    5.84    5.75  1743   836   41K   102   34.49   34.41
c [branch] adjusting to: vmtf (from: vsid) var_decay:0.95 descr: VMTF
c rst  luby  svd  vmt   906  438K    1486   33K   782    5.84    5.75  1746   848   41K   102   34.49   34.41
c rst  luby  svd  vmt   907  438K    1486   33K   782    5.84    5.75  1746   848   41K   102   34.49   34.41
c rst  luby  svd  vmt   908  438K    1486   33K   782    5.84    5.75  1746   848   42K   102   34.52   34.44
c rst  luby  svd  vmt   909  438K    1486   33K   782    5.84    5.75  1746   848   42K   102   34.55   34.47
c rst  luby  svd  vmt   910  438K    1486   33K   782    5.84    5.75  1746   851   42K   102   34.55   34.48
c rst  luby  svd  vmt   911  438K    1486   33K   782    5.84    5.75  1746   852   42K   102   34.60   34.53
c rst  luby  svd  vmt   912  439K    1486   33K   782    5.84    5.75  1746   853   42K   102   34.55   34.47
c rst  luby  svd  vmt   913  439K    1486   33K   782    5.84    5.75  1746   853   42K   102   34.56   34.49
c rst  luby  svd  vmt   914  439K    1486   33K   782    5.84    5.75  1746   855   43K   102   34.61   34.54
c rst  luby  svd  vmt   915  439K    1486   33K   782    5.84    5.75  1746   855   43K   102   34.68   34.61
c rst  luby  svd  vmt   916  439K    1486   33K   782    5.84    5.75  1746   855   43K   102   34.71   34.64
c rst  luby  svd  vmt   917  439K    1486   33K   782    5.84    5.75  1746   856   43K   102   34.73   34.66
c rst  luby  svd  vmt   918  440K    1486   33K   782    5.84    5.75  1773   806   43K   102   34.68   34.61
c rst  luby  svd  vmt   919  440K    1486   33K   782    5.84    5.75  1773   807   44K   102   34.68   34.61
c rst  luby  svd  vmt   920  441K    1486   33K   782    5.84    5.75  1773   814   44K   102   34.79   34.72
c rst  luby  svd  vmt   921  441K    1486   33K   782    5.84    5.75  1773   814   44K   102   34.78   34.71
c rst  luby  svd  vmt   922  441K    1486   33K   782    5.84    5.75  1773   814   45K   102   34.78   34.71
c rst  luby  svd  vmt   923  441K    1486   33K   782    5.84    5.75  1773   814   45K   102   34.86   34.79
c rst  luby  svd  vmt   924  441K    1486   33K   782    5.84    5.75  1773   814   45K   102   34.88   34.81
c rst  luby  svd  vmt   925  441K    1486   33K   782    5.84    5.75  1773   814   45K   102   34.90   34.83
c rst  luby  svd  vmt   926  442K    1486   33K   782    5.84    5.75  1773   814   45K   102   34.92   34.85
c rst  luby  svd  vmt   927  442K    1486   33K   782    5.84    5.75  1773   816   46K   102   34.96   34.89
c [distill-long-red0] cls tried: 36/36 T: 0.00 T-out: N T-r: 99.93%
c [distill-long-red1] cls tried: 79/187 T: 0.01 T-out: Y T-r: -1.07%
c rst  luby  svd  vmt   928  442K    1486   33K   782    5.84    5.75  1773   816   46K   102   34.96   34.89
c rst  luby  svd  vmt   929  442K    1486   33K   782    5.84    5.75  1773   816   46K   102   34.95   34.89
c rst  luby  svd  vmt   930  442K    1486   33K   782    5.84    5.75  1773   816   46K   102   34.97   34.91
c rst  luby  svd  vmt   931  443K    1486   33K   782    5.84    5.75  1773   816   46K   102   35.00   34.93
c rst  luby  svd  vmt   932  443K    1486   33K   782    5.84    5.75  1773   817   46K   102   35.02   34.95
c rst  luby  svd  vmt   933  443K    1486   33K   782    5.84    5.75  1773   820   46K   102   35.06   34.99
c rst  luby  svd  vmt   934  443K    1486   33K   782    5.84    5.75  1773   821   47K   102   35.23   35.16
c [ccnr] saving best assignment phase to stable_polar
c [ccnr] bumping based on clause weights
c [ccnr] Bumped vars: 101 bump type: 6
c [ccnr] time: 0.27
c rst  geom best  vmt   935  443K    1486   33K   782    5.84    5.75  1773   823   47K   102   35.22   35.15
c rst  geom best  vmt   936  443K    1486   33K   782    5.84    5.75  1773   825   47K   102   35.17   35.10
c rst  geom best  vmt   937  444K    1486   33K   782    5.84    5.75  1773   825   47K   102   35.12   35.05
c [gauss] XOR-encoding clauses are not detached, so no need to reattach them.
c [g 0] truth-find prop checks  : 1356K
c [g 0] -> of which prop        : 60.41 %
c [g 0] -> of which confl       :  1.79 %
c [g 0] elim called             : 56K
c [g 0] ---> which lead to prop : 113.49 %
c [g 0] ---> which lead to confl:  3.71 %
c [g 0] size: 69    x 495  
c [scc] new: 0 BP 0M T: 0.00
c [vrep] vars 0 lits 0 rem-bin-cls 0 rem-long-cls 0 BP 0M T: 0.00
c [intree] Set 0 vars hyper-added: 0 trans-irred: 0 trans-red: 0 T: 0.01 T-out: N T-r: -0.75%
c [find&init matx] performing matrix init
c [gauss] XOR-encoding clauses are not detached, so no need to reattach them.
c [xor-rem-unconnected] left with 922 xors from 922 non-empty xors T: 0.00
c [xor-together] xored together: 853 orig xors: 922 new xors: 69 T: 0.00
c [xor-rem-unconnected] left with 69 xors from 69 non-empty xors T: 0.00
c [xor-clean-equiv] removed equivalent xors: 0 left with: 69
c [matrix] unused xors from cleaning: 0
c [matrix] Good   matrix 0 69      x495    density:0.1103  xorlen avg: 54.62
c [matrix] Using 1 matrices recovered from 0 xors T: 0.00 T-out: N
c rst  geom best vmt  938   444 K 1486      33K   782 5.84    5.75     1773   826   47K   102 35.07   35.00  
c [distill-bin] useful: 0/782/782 lits-rem: 0 cl-rem: 0 0-depth-assigns: 0 T: 0.00 T-out: N
c rst  geom best vmt  939   444 K 1486      33K   782 5.84    5.75     1773   827   47K   102 35.03   34.96  
c rst  geom best vmt  940   444 K 1486      33K   782 5.84    5.75     1773   829   48K   102 34.98   34.92  
c rst  geom best vmt  941   444 K 1486      33K   782 5.84    5.75     1774   832   48K   102 34.92   34.86  
c rst  geom best vmt  942   444 K 1486      33K   782 5.84    5.75     1774   837   48K   102 34.87   34.81  
c rst  geom best vmt  943   445 K 1486      33K   782 5.84    5.75     1775   841   48K   102 34.82   34.76  
c rst  geom best vmt  944   445 K 1486      33K   782 5.84    5.75     1775   845   49K   102 34.76   34.69  
c rst  geom best vmt  945   445 K 1486      33K   782 5.84    5.75     1775   845   49K   102 34.66   34.60  
c rst  geom best vmt  946   446 K 1486      33K   782 5.84    5.75     1775   846   49K   102 34.55   34.48  
c rst  geom best vmt  947   446 K 1486      33K   782 5.84    5.75     1775   852   49K   102 34.50   34.43  
c rst  geom best vmt  948   446 K 1486      33K   782 5.84    5.75     1775   859   50K   102 34.38   34.32  
c rst  geom best vmt  949   447 K 1486      33K   782 5.84    5.75     1775   871   50K   102 34.31   34.24  
c rst  geom best vmt  950   447 K 1486      33K   782 5.84    5.75     1779   877   51K   102 34.26   34.19  
c rst  geom best vmt  951   448 K 1486      33K   782 5.84    5.75     1779   890   51K   102 34.27   34.21  
c rst  geom best vmt  952   448 K 1486      33K   782 5.84    5.75     1779   900   52K   102 34.10   34.04  
c rst  geom best vmt  953   449 K 1486      33K   782 5.84    5.75     1779   906   52K   102 33.93   33.87  
c rst  geom best vmt  954   449 K 1486      33K   782 5.84    5.75     1779   908   53K   102 33.71   33.65  
c rst  geom best vmt  955   450 K 1486      33K   782 5.84    5.75     1850  1003   37K   102 33.13   33.05  
c [full-probe]  bin_only: 0 set: 0 repl: 0 T: 0.01 T-out: N T-r: 98.15%
c rst  geom best vmt  956   451 K 1486      33K   782 5.84    5.75     1851  1010   37K   102 32.80   32.73  
c rst  geom best vmt  957   452 K 1486      33K   782 5.84    5.75     1851  1013   38K   102 32.40   32.33  
c rst  geom best vmt  958   453 K 1486      33K   782 5.84    5.75     1851  1022   39K   102 32.52   32.45  
c rst  geom stb  vmt  959   454 K 1486      33K   782 5.84    5.75     1851  1025   40K   102 32.54   32.46  
c rst  geom stb  vmt  960   455 K 1486      33K   782 5.84    5.75     1851  1026   41K   102 32.66   32.59  
c rst  geom stb  vmt  961   456 K 1486      33K   782 5.84    5.75     1851  1031   43K   102 33.07   33.00  
c rst  geom stb  vmt  962   458 K 1486      33K   782 5.84    5.75     1851  1036   44K   102 33.41   33.35  
c [distill-long-red0] cls tried: 67/67 T: 0.01 T-out: N T-r: 99.85%
c [distill-long-red1] cls tried: 58/334 T: 0.01 T-out: Y T-r: -1.66%
c rst  geom stb  vmt  963   459 K 1486      33K   782 5.84    5.75     1851  1040   46K   102 33.38   33.32  
c [distill] watch-based irred--  cl tried 8838     cl-sh 0     cl-rem 0    lit-rem 0      T: 0.01 T-out: N
c [distill] watch-based red  --  cl tried 3702     cl-sh 9     cl-rem 0    lit-rem 12     T: 0.00 T-out: N
c rst  geom stb  vmt  964   461 K 1486      33K   782 5.84    5.75     1884   961   47K   102 33.74   33.68  
c rst  geom stb  vmt  965   463 K 1486      33K   782 5.84    5.75     1884   962   49K   102 34.08   34.01  
c rst  geom ibes vmt  966   465 K 1486      33K   782 5.84    5.75     1895  1076   37K   102 33.39   33.31  
c [distill-bin] useful: 0/782/782 lits-rem: 0 cl-rem: 0 0-depth-assigns: 0 T: 0.01 T-out: N
c [impl-str] lit bin: 0 set-var: 0 T: 0.00 T-out: N T-r: 99.96% w-visit: 2978
c [impl-sub] bin: 0 T: 0.00 T-out: N w-visit: 2978
c rst  geom ibes vmt  967   467 K 1486      33K   782 5.84    5.75     1899  1108   39K   102 33.39   33.32  
c rst  geom ibes vmt  968   470 K 1486      33K   782 5.84    5.75     1936  1040   42K   102 34.25   34.18  
c rst  geom ibes vmt  969   472 K 1486      33K   782 5.84    5.75     1936  1056   44K   102 34.98   34.91  
c [full-probe]  bin_only: 1 set: 0 repl: 0 T: 0.00 T-out: N T-r: 99.80%
c rst  geom ibes vmt  970   475 K 1486      33K   782 5.84    5.75     1936  1067   47K   102 35.93   35.86  
c [distill-long-red0] cls tried: 82/82 T: 0.01 T-out: N T-r: 99.82%
c [distill-long-red1] cls tried: 68/404 T: 0.01 T-out: Y T-r: -1.71%
c rst  geom svd  vmt  971   479 K 1486      33K   782 5.84    5.75     1936  1097   51K   102 36.47   36.40  
c rst  geom svd  vmt  972   482 K 1486      33K   782 5.84    5.75     1980  1135   40K   102 36.65   36.57  
c rst  geom svd  vmt  973   486 K 1486      33K   782 5.84    5.75     1983  1162   44K   102 37.49   37.41  
c [branch] adjusting to: vsid (from: vmtf) var_decay:0.95 descr: VSIDS
c [distill-bin] useful: 0/782/782 lits-rem: 0 cl-rem: 0 0-depth-assigns: 0 T: 0.00 T-out: N
c [distill] watch-based irred--  cl tried 8838     cl-sh 0     cl-rem 0    lit-rem 0      T: 0.01 T-out: N
c [distill] watch-based red  --  cl tried 3966     cl-sh 13    cl-rem 0    lit-rem 26     T: 0.00 T-out: N
c rst  geom best vs   974   486 K 1486      33K   782 5.84    5.75     1983  1162   44K   102 37.50   37.42  
c rst  geom best vs   975   486 K 1486      33K   782 5.84    5.75     1983  1162   44K   102 37.48   37.40  
c rst  geom best vs   976   487 K 1486      33K   782 5.84    5.75     1983  1162   44K   102 37.43   37.35  
c rst  geom best vs   977   487 K 1486      33K   782 5.84    5.75     1983  1162   44K   102 37.39   37.31  
c rst  geom best vs   978   487 K 1486      33K   782 5.84    5.75     1983  1162   44K   102 37.38   37.31  
c rst  geom best vs   979   487 K 1486      33K   782 5.84    5.75     1983  1164   45K   102 37.38   37.30  
c rst  geom best vs   980   487 K 1486      33K   782 5.84    5.75     1983  1164   45K   102 37.35   37.28  
c [ccnr] saving best assignment phase to stable_polar
c [ccnr] bumping based on var unsat frequency: conflict_ct
c [ccnr] Bumped vars: 1489 bump type: 6
c [ccnr] time: 0.28
c rst  geom best vs   981   488 K 1486      33K   782 5.84    5.75     1983  1166   45K   102 37.35   37.27  
c rst  geom best vs   982   488 K 1486      33K   782 5.84    5.75     1983  1166   45K   102 37.36   37.29  
c rst  geom best vs   983   488 K 1486      33K   782 5.84    5.75     1983  1167   46K   102 37.41   37.34  
c rst  geom best vs   984   488 K 1486      33K   782 5.84    5.75     1983  1168   46K   102 37.38   37.31  
c rst  geom best vs   985   489 K 1486      33K   782 5.84    5.75     1983  1168   46K   102 37.35   37.28  
c rst  geom best vs   986   489 K 1486      33K   782 5.84    5.75     1983  1169   47K   102 37.31   37.24  
c rst  geom best vs   987   490 K 1486      33K   782 5.84    5.75     2041  1067   47K   102 37.35   37.27  
c rst  geom best vs   988   490 K 1486      33K   782 5.84    5.75     2041  1070   48K   102 37.43   37.36  
c rst  geom best vs   989   491 K 1486      33K   782 5.84    5.75     2042  1076   48K   102 37.46   37.39  
c [distill-long-red0] cls tried: 100/100 T: 0.01 T-out: N T-r: 99.80%
c [distill-long-red1] cls tried: 79/461 T: 0.01 T-out: Y T-r: -1.75%
c rst  geom best vs   990   491 K 1486      33K   782 5.84    5.75     2043  1076   49K   102 37.39   37.32  
c rst  geom best vs   991   492 K 1486      33K   782 5.84    5.75     2043  1076   49K   102 37.46   37.39  
c rst  geom best vs   992   492 K 1486      33K   782 5.84    5.75     2043  1079   50K   102 37.46   37.39  
c [full-probe]  bin_only: 0 set: 0 repl: 0 T: 0.01 T-out: N T-r: 97.58%
c rst  geom best vs   993   493 K 1486      33K   782 5.84    5.75     2043  1088   51K   102 37.64   37.57  
c rst  geom best vs   994   494 K 1486      33K   782 5.84    5.75     2043  1092   51K   102 37.57   37.50  
c rst  geom best vs   995   495 K 1486      33K   782 5.84    5.75     2049  1228   38K   102 40.46   40.37  
c rst  geom best vs   996   496 K 1486      33K   782 5.84    5.75     2049  1237   39K   102 40.34   40.24  
c rst  geom best vs   997   497 K 1486      33K   782 5.84    5.75     2049  1251   40K   102 40.40   40.31  
c rst  geom stb  vs   998   498 K 1486      33K   782 5.84    5.75     2050  1257   41K   102 40.27   40.18  
c rst  geom stb  vs   999   499 K 1486      33K   782 5.84    5.75     2051  1264   42K   102 40.07   39.98  
c rst  geom stb  vs   1000  501 K 1486      33K   782 5.84    5.75     2099  1204   43K   102 40.30   40.21  
c rst  geom stb  vs   1001  502 K 1486      33K   782 5.84    5.75     2099  1213   45K   102 40.25   40.17  
c rst  geom stb  vs   1002  504 K 1486      33K   782 5.84    5.75     2099  1213   47K   102 40.22   40.15  
c rst  geom stb  vs   1003  506 K 1486      33K   782 5.84    5.75     2099  1214   49K   102 40.21   40.14  
c [distill-long-red0] cls tried: 54/54 T: 0.00 T-out: N T-r: 99.87%
c [distill-long-red1] cls tried: 61/527 T: 0.01 T-out: Y T-r: -2.29%
c rst  geom stb  vs   1004  508 K 1486      33K   782 5.84    5.75     2099  1229   51K   102 40.43   40.36  
c [distill-bin] useful: 0/782/782 lits-rem: 0 cl-rem: 0 0-depth-assigns: 0 T: 0.01 T-out: N
c rst  geom ibes vs   1005  510 K 1486      33K   782 5.84    5.75     2140  1276   38K   102 39.72   39.63  
c [gauss] XOR-encoding clauses are not detached, so no need to reattach them.
c [g 0] truth-find prop checks  : 2266K
c [g 0] -> of which prop        : 47.33 %
c [g 0] -> of which confl       :  1.63 %
c [g 0] elim called             : 171K
c [g 0] ---> which lead to prop : 68.99 %
c [g 0] ---> which lead to confl:  2.56 %
c [g 0] size: 69    x 495  
c [scc] new: 0 BP 0M T: 0.00
c [vrep] vars 0 lits 0 rem-bin-cls 0 rem-long-cls 0 BP 0M T: 0.00
c [intree] Set 0 vars hyper-added: 0 trans-irred: 0 trans-red: 0 T: 0.01 T-out: N T-r: -1.47%
c [find&init matx] performing matrix init
c [gauss] XOR-encoding clauses are not detached, so no need to reattach them.
c [xor-rem-unconnected] left with 922 xors from 922 non-empty xors T: 0.00
c [xor-together] xored together: 853 orig xors: 922 new xors: 69 T: 0.00
c [xor-rem-unconnected] left with 69 xors from 69 non-empty xors T: 0.00
c [xor-clean-equiv] removed equivalent xors: 0 left with: 69
c [matrix] unused xors from cleaning: 0
c [matrix] Good   matrix 0 69      x495    density:0.1103  xorlen avg: 54.62
c [matrix] Using 1 matrices recovered from 0 xors T: 0.00 T-out: N
c rst  geom ibes vs   1006  512 K 1486      33K   782 5.84    5.75     2142  1287   41K   102 39.83   39.74  
c [full-probe]  bin_only: 1 set: 0 repl: 0 T: 0.00 T-out: N T-r: 99.76%
c [distill] watch-based irred--  cl tried 8838     cl-sh 0     cl-rem 0    lit-rem 0      T: 0.00 T-out: N
c [distill] watch-based red  --  cl tried 4284     cl-sh 21    cl-rem 0    lit-rem 32     T: 0.00 T-out: N
c rst  geom ibes vs   1007  515 K 1486      33K   782 5.84    5.75     2142  1293   43K   102 39.82   39.74  
c rst  geom ibes vs   1008  518 K 1486      33K   782 5.84    5.75     2142  1302   46K   102 40.43   40.35  
c rst  geom svd  vs   1009  521 K 1486      33K   782 5.84    5.75     2164  1204   50K   102 40.47   40.40  
c [distill-long-red0] cls tried: 67/67 T: 0.01 T-out: N T-r: 99.83%
c [distill-long-red1] cls tried: 54/529 T: 0.01 T-out: Y T-r: -1.15%
c rst  geom svd  vs   1010  525 K 1486      33K   782 5.84    5.75     2171  1369   38K   102 37.78   37.69  
c [impl-str] lit bin: 0 set-var: 0 T: 0.00 T-out: N T-r: 99.96% w-visit: 2978
c [impl-sub] bin: 0 T: 0.00 T-out: N w-visit: 2978
c rst  geom svd  vs   1011  529 K 1486      33K   782 5.84    5.75     2173  1388   42K   102 37.68   37.60  
c [distill-bin] useful: 0/782/782 lits-rem: 0 cl-rem: 0 0-depth-assigns: 0 T: 0.01 T-out: N
c rst  geom best vs   1012  533 K 1486      33K   782 5.84    5.75     2229  1188   47K   102 38.27   38.19  
c [full-probe]  bin_only: 0 set: 0 repl: 0 T: 0.01 T-out: N T-r: 97.48%
c [ccnr] saving best assignment phase to stable_polar
c [ccnr] bumping based on var unsat frequency: conflict_ct
c [ccnr] Bumped vars: 1489 bump type: 6
c [ccnr] time: 0.28
c rst  geom best vs   1013  538 K 1486      33K   782 5.84    5.75     2229  1194   52K   102 38.92   38.85  
c [distill-long-red0] cls tried: 53/53 T: 0.00 T-out: N T-r: 99.86%
c [distill-long-red1] cls tried: 71/518 T: 0.01 T-out: Y T-r: -1.92%
c [distill] watch-based irred--  cl tried 8838     cl-sh 0     cl-rem 0    lit-rem 0      T: 0.00 T-out: N
c [distill] watch-based red  --  cl tried 4458     cl-sh 9     cl-rem 0    lit-rem 12     T: 0.00 T-out: N
c rst  geom best vs   1014  544 K 1486      33K   782 5.84    5.75     2250  1224   42K   102 38.79   38.70  
c [branch] adjusting to: vmtf (from: vsid) var_decay:0.95 descr: VMTF
c rst  luby stb  vmt  1015  544 K 1486      33K   782 5.84    5.75     2254  1227   42K   104 38.79   38.71  
c rst  luby stb  vmt  1016  544 K 1486      33K   782 5.84    5.75     2254  1227   42K   104 38.77   38.69  
c rst  luby stb  vmt  1017  544 K 1486      33K   782 5.84    5.75     2254  1227   43K   104 38.77   38.69  
c rst  luby stb  vmt  1018  544 K 1486      33K   782 5.84    5.75     2254  1227   43K   104 38.77   38.69  
c rst  luby stb  vmt  1019  544 K 1486      33K   782 5.84    5.75     2254  1227   43K   104 38.77   38.68  
c rst  luby stb  vmt  1020  544 K 1486      33K   782 5.84    5.75     2254  1228   43K   104 38.77   38.69  
c rst  luby stb  vmt  1021  545 K 1486      33K   782 5.84    5.75     2254  1229   43K   104 38.83   38.75  
c rst  luby stb  vmt  1022  545 K 1486      33K   782 5.84    5.75     2254  1229   43K   104 38.84   38.75  
c rst  luby stb  vmt  1023  545 K 1486      33K   782 5.84    5.75     2254  1229   44K   104 38.86   38.78  
c rst  luby stb  vmt  1024  545 K 1486      33K   782 5.84    5.75     2254  1230   44K   104 38.90   38.82  
c rst  luby stb  vmt  1025  545 K 1486      33K   782 5.84    5.75     2254  1230   44K   104 38.87   38.79  
c rst  luby stb  vmt  1026  545 K 1486      33K   782 5.84    5.75     2254  1230   44K   104 38.84   38.76  
c rst  luby stb  vmt  1027  546 K 1486      33K   782 5.84    5.75     2254  1230   44K   104 38.80   38.72  
c rst  luby stb  vmt  1028  546 K 1486      33K   782 5.84    5.75     2254  1230   45K   104 38.79   38.71  
c rst  luby stb  vmt  1029  547 K 1486      33K   782 5.84    5.75     2254  1230   45K   104 38.82   38.75  
c rst  luby stb  vmt  1030  547 K 1486      33K   782 5.84    5.75     2254  1230   45K   104 38.83   38.75  
c rst  luby stb  vmt  1031  547 K 1486      33K   782 5.84    5.75     2254  1230   46K   104 38.83   38.75  
c rst  luby stb  vmt  1032  547 K 1486      33K   782 5.84    5.75     2254  1230   46K   104 38.83   38.75  
c rst  luby stb  vmt  1033  547 K 1486      33K   782 5.84    5.75     2254  1230   46K   104 38.81   38.73  
c rst  luby stb  vmt  1034  547 K 1486      33K   782 5.84    5.75     2254  1231   46K   104 38.79   38.71  
c rst  luby stb  vmt  1035  548 K 1486      33K   782 5.84    5.75     2254  1231   46K   104 38.74   38.66  
c rst  luby stb  vmt  1036  548 K 1486      33K   782 5.84    5.75     2254  1232   47K   104 38.71   38.63  
c rst  luby stb  vmt  1037  548 K 1486      33K   782 5.84    5.75     2254  1232   47K   104 38.68   38.60  
c rst  luby stb  vmt  1038  548 K 1486      33K   782 5.84    5.75     2254  1232   47K   104 38.65   38.57  
c rst  luby stb  vmt  1039  548 K 1486      33K   782 5.84    5.75     2254  1232   47K   104 38.59   38.51  
c rst  luby stb  vmt  1040  549 K 1486      33K   782 5.84    5.75     2254  1232   47K   104 38.55   38.48  
c rst  luby stb  vmt  1041  549 K 1486      33K   782 5.84    5.75     2254  1232   47K   104 38.51   38.44  
c rst  luby stb  vmt  1042  549 K 1486      33K   782 5.84    5.75     2254  1232   47K   104 38.45   38.38  
c rst  luby stb  vmt  1043  549 K 1486      33K   782 5.84    5.75     2254  1232   48K   104 38.38   38.31  
c [distill-bin] useful: 0/782/782 lits-rem: 0 cl-rem: 0 0-depth-assigns: 0 T: 0.01 T-out: N
c rst  luby stb  vmt  1044  550 K 1486      33K   782 5.84    5.75     2262  1189   49K   104 38.38   38.31  
c rst  luby stb  vmt  1045  552 K 1486      33K   782 5.84    5.75     2262  1191   50K   104 38.59   38.52  
c rst  luby stb  vmt  1046  552 K 1486      33K   782 5.84    5.75     2262  1191   50K   104 38.59   38.52  
c rst  luby stb  vmt  1047  552 K 1486      33K   782 5.84    5.75     2262  1191   50K   104 38.61   38.54  
c rst  luby stb  vmt  1048  552 K 1486      33K   782 5.84    5.75     2262  1192   51K   104 38.62   38.55  
c rst  luby stb  vmt  1049  552 K 1486      33K   782 5.84    5.75     2262  1192   51K   104 38.62   38.56  
c rst  luby stb  vmt  1050  552 K 1486      33K   782 5.84    5.75     2262  1192   51K   104 38.62   38.55  
c rst  luby stb  vmt  1051  552 K 1486      33K   782 5.84    5.75     2262  1192   51K   104 38.63   38.56  
c rst  luby stb  vmt  1052  553 K 1486      33K   782 5.84    5.75     2262  1195   51K   104 38.66   38.60  
c rst  luby stb  vmt  1053  553 K 1486      33K   782 5.84    5.75     2262  1197   52K   104 38.65   38.58  
c rst  luby stb  vmt  1054  553 K 1486      33K   782 5.84    5.75     2262  1197   52K   104 38.65   38.58  
c rst  luby stb  vmt  1055  553 K 1486      33K   782 5.84    5.75     2262  1201   52K   104 38.68   38.61  
c rst  luby stb  vmt  1056  553 K 1486      33K   782 5.84    5.75     2262  1205   52K   104 38.67   38.60  
c [distill-long-red0] cls tried: 41/41 T: 0.00 T-out: N T-r: 99.89%
c [distill-long-red1] cls tried: 50/506 T: 0.01 T-out: Y T-r: -2.72%
c rst  luby stb  vmt  1057  553 K 1486      33K   782 5.84    5.75     2262  1206   52K   104 38.70   38.63  
c [full-probe]  bin_only: 1 set: 0 repl: 0 T: 0.00 T-out: N T-r: 99.77%
c rst  luby stb  vmt  1058  554 K 1486      33K   782 5.84    5.75     2262  1206   52K   104 38.68   38.62  
c rst  luby stb  vmt  1059  554 K 1486      33K   782 5.84    5.75     2262  1208   53K   104 38.70   38.63  
c rst  luby stb  vmt  1060  555 K 1486      33K   782 5.84    5.75     2262  1235   36K   104 37.22   37.13  
c rst  luby ibes vmt  1061  555 K 1486      33K   782 5.84    5.75     2263  1236   36K   104 37.21   37.11  
c rst  luby ibes vmt  1062  555 K 1486      33K   782 5.84    5.75     2263  1236   36K   104 37.21   37.11  
c rst  luby ibes vmt  1063  555 K 1486      33K   782 5.84    5.75     2263  1236   36K   104 37.20   37.11  
c rst  luby ibes vmt  1064  555 K 1486      33K   782 5.84    5.75     2263  1236   36K   104 37.20   37.11  
c rst  luby ibes vmt  1065  555 K 1486      33K   782 5.84    5.75     2263  1236   36K   104 37.21   37.12  
c rst  luby ibes vmt  1066  556 K 1486      33K   782 5.84    5.75     2263  1238   36K   104 37.19   37.10  
c rst  luby ibes vmt  1067  556 K 1486      33K   782 5.84    5.75     2263  1238   37K   104 37.26   37.18  
c rst  luby ibes vmt  1068  556 K 1486      33K   782 5.84    5.75     2263  1239   37K   104 37.27   37.18  
c rst  luby ibes vmt  1069  556 K 1486      33K   782 5.84    5.75     2263  1239   37K   104 37.26   37.17  
c rst  luby ibes vmt  1070  556 K 1486      33K   782 5.84    5.75     2264  1242   37K   104 37.27   37.18  
c rst  luby ibes vmt  1071  557 K 1486      33K   782 5.84    5.75     2264  1242   37K   104 37.29   37.20  
c rst  luby ibes vmt  1072  557 K 1486      33K   782 5.84    5.75     2264  1243   37K   104 37.31   37.22  
c rst  luby ibes vmt  1073  557 K 1486      33K   782 5.84    5.75     2264  1244   38K   104 37.36   37.27  
c rst  luby ibes vmt  1074  557 K 1486      33K   782 5.84    5.75     2264  1244   38K   104 37.31   37.22  
c rst  luby ibes vmt  1075  558 K 1486      33K   782 5.84    5.75     2264  1246   39K   104 37.35   37.26  
c rst  luby ibes vmt  1076  560 K 1486      33K   782 5.84    5.75     2303  1149   41K   104 37.28   37.19  
c rst  luby ibes vmt  1077  563 K 1486      33K   782 5.84    5.75     2304  1150   44K   104 37.56   37.48  
c rst  luby ibes vmt  1078  563 K 1486      33K   782 5.84    5.75     2304  1150   44K   104 37.58   37.50  
c rst  luby ibes vmt  1079  563 K 1486      33K   782 5.84    5.75     2304  1154   44K   104 37.57   37.49  
c rst  luby ibes vmt  1080  563 K 1486      33K   782 5.84    5.75     2304  1154   44K   104 37.58   37.51  
c [distill] watch-based irred--  cl tried 8838     cl-sh 0     cl-rem 0    lit-rem 0      T: 0.01 T-out: N
c [distill] watch-based red  --  cl tried 4608     cl-sh 11    cl-rem 0    lit-rem 15     T: 0.00 T-out: N
c rst  luby ibes vmt  1081  563 K 1486      33K   782 5.84    5.75     2304  1154   44K   104 37.61   37.53  
c rst  luby ibes vmt  1082  563 K 1486      33K   782 5.84    5.75     2304  1154   44K   104 37.63   37.55  
c rst  luby ibes vmt  1083  564 K 1486      33K   782 5.84    5.75     2304  1156   45K   104 37.65   37.57  
c rst  luby ibes vmt  1084  564 K 1486      33K   782 5.84    5.75     2305  1157   45K   104 37.59   37.51  
c rst  luby ibes vmt  1085  564 K 1486      33K   782 5.84    5.75     2305  1157   45K   104 37.57   37.50  
c rst  luby ibes vmt  1086  564 K 1486      33K   782 5.84    5.75     2305  1157   45K   104 37.56   37.49  
c rst  luby ibes vmt  1087  565 K 1486      33K   782 5.84    5.75     2305  1158   45K   104 37.58   37.51  
c rst  luby ibes vmt  1088  565 K 1486      33K   782 5.84    5.75     2305  1159   45K   104 37.63   37.56  
c rst  luby ibes vmt  1089  565 K 1486      33K   782 5.84    5.75     2305  1160   46K   104 37.63   37.56  
c rst  luby ibes vmt  1090  565 K 1486      33K   782 5.84    5.75     2305  1161   46K   104 37.64   37.57  
c rst  luby ibes vmt  1091  565 K 1486      33K   782 5.84    5.75     2305  1163   46K   104 37.68   37.61  
c rst  luby ibes vmt  1092  566 K 1486      33K   782 5.84    5.75     2305  1164   47K   104 37.61   37.54  
c rst  luby svd  vmt  1093  566 K 1486      33K   782 5.84    5.75     2305  1164   47K   104 37.63   37.56  
c rst  luby svd  vmt  1094  566 K 1486      33K   782 5.84    5.75     2305  1164   47K   104 37.63   37.56  
c rst  luby svd  vmt  1095  567 K 1486      33K   782 5.84    5.75     2306  1165   47K   104 37.64   37.57  
c rst  luby svd  vmt  1096  567 K 1486      33K   782 5.84    5.75     2306  1168   47K   104 37.64   37.56  
c rst  luby svd  vmt  1097  567 K 1486      33K   782 5.84    5.75     2306  1168   48K   104 37.66   37.58  
c rst  luby svd  vmt  1098  567 K 1486      33K   782 5.84    5.75     2307  1168   48K   104 37.73   37.65  
c rst  luby svd  vmt  1099  567 K 1486      33K   782 5.84    5.75     2307  1171   48K   104 37.72   37.65  
c rst  luby svd  vmt  1100  567 K 1486      33K   782 5.84    5.75     2307  1174   48K   104 37.74   37.67  
c rst  luby svd  vmt  1101  568 K 1486      33K   782 5.84    5.75     2307  1174   48K   104 37.75   37.68  
c rst  luby svd  vmt  1102  568 K 1486      33K   782 5.84    5.75     2307  1174   49K   104 37.76   37.69  
c rst  luby svd  vmt  1103  568 K 1486      33K   782 5.84    5.75     2307  1174   49K   104 37.76   37.69  
c rst  luby svd  vmt  1104  568 K 1486      33K   782 5.84    5.75     2307  1175   49K   104 37.78   37.71  
c rst  luby svd  vmt  1105  568 K 1486      33K   782 5.84    5.75     2307  1176   49K   104 37.80   37.73  
c rst  luby svd  vmt  1106  569 K 1486      33K   782 5.84    5.75     2307  1181   49K   104 37.81   37.74  
c [distill-long-red0] cls tried: 43/43 T: 0.01 T-out: N T-r: 99.85%
c [distill-long-red1] cls tried: 69/480 T: 0.01 T-out: Y T-r: -2.97%
c rst  luby svd  vmt  1107  569 K 1486      33K   782 5.84    5.75     2307  1182   50K   104 37.83   37.76  
c [distill-bin] useful: 0/782/782 lits-rem: 0 cl-rem: 0 0-depth-assigns: 0 T: 0.01 T-out: N
c rst  luby svd  vmt  1108  571 K 1486      33K   782 5.84    5.75     2352  1187   38K   104 37.09   37.00  
c rst  luby svd  vmt  1109  571 K 1486      33K   782 5.84    5.75     2352  1188   38K   104 37.13   37.04  
c rst  luby svd  vmt  1110  571 K 1486      33K   782 5.84    5.75     2352  1188   38K   104 37.14   37.05  
c rst  luby svd  vmt  1111  571 K 1486      33K   782 5.84    5.75     2352  1189   38K   104 37.14   37.05  
c rst  luby svd  vmt  1112  571 K 1486      33K   782 5.84    5.75     2352  1189   38K   104 37.14   37.05  
c rst  luby svd  vmt  1113  572 K 1486      33K   782 5.84    5.75     2352  1190   39K   104 37.16   37.08  
c rst  luby svd  vmt  1114  572 K 1486      33K   782 5.84    5.75     2352  1192   39K   104 37.20   37.11  
c rst  luby svd  vmt  1115  572 K 1486      33K   782 5.84    5.75     2352  1196   39K   104 37.22   37.14  
c rst  luby svd  vmt  1116  572 K 1486      33K   782 5.84    5.75     2352  1196   39K   104 37.25   37.17  
c rst  luby svd  vmt  1117  572 K 1486      33K   782 5.84    5.75     2352  1196   39K   104 37.25   37.17  
c rst  luby svd  vmt  1118  573 K 1486      33K   782 5.84    5.75     2352  1198   40K   104 37.24   37.16  
c rst  luby svd  vmt  1119  573 K 1486      33K   782 5.84    5.75     2352  1198   40K   104 37.23   37.15  
c rst  luby svd  vmt  1120  573 K 1486      33K   782 5.84    5.75     2352  1199   40K   104 37.26   37.17  
c rst  luby svd  vmt  1121  573 K 1486      33K   782 5.84    5.75     2352  1199   40K   104 37.25   37.17  
c rst  luby svd  vmt  1122  573 K 1486      33K   782 5.84    5.75     2352  1199   40K   104 37.29   37.21  
c rst  luby svd  vmt  1123  574 K 1486      33K   782 5.84    5.75     2352  1208   41K   104 37.48   37.40  
c [full-probe]  bin_only: 0 set: 0 repl: 0 T: 0.01 T-out: N T-r: 97.98%
c rst  luby svd  vmt  1124  574 K 1486      33K   782 5.84    5.75     2352  1208   41K   104 37.50   37.42  
c rst  luby svd  vmt  1125  574 K 1486      33K   782 5.84    5.75     2352  1208   41K   104 37.50   37.42  
c rst  luby svd  vmt  1126  575 K 1486      33K   782 5.84    5.75     2353  1211   42K   104 37.55   37.47  
c rst  luby svd  vmt  1127  575 K 1486      33K   782 5.84    5.75     2353  1211   42K   104 37.53   37.45  
c rst  luby svd  vmt  1128  575 K 1486      33K   782 5.84    5.75     2353  1211   42K   104 37.57   37.49  
c rst  luby svd  vmt  1129  575 K 1486      33K   782 5.84    5.75     2353  1212   42K   104 37.53   37.45  
c [gauss] XOR-encoding clauses are not detached, so no need to reattach them.
c [g 0] truth-find prop checks  : 1891K
c [g 0] -> of which prop        : 55.78 %
c [g 0] -> of which confl       :  1.77 %
c [g 0] elim called             : 104K
c [g 0] ---> which lead to prop : 104.71 %
c [g 0] ---> which lead to confl:  3.21 %
c [g 0] size: 69    x 495  
c [scc] new: 0 BP 0M T: 0.00
c [vrep] vars 0 lits 0 rem-bin-cls 0 rem-long-cls 0 BP 0M T: 0.00
c [intree] Set 0 vars hyper-added: 0 trans-irred: 0 trans-red: 0 T: 0.00 T-out: N T-r: -1.28%
c [find&init matx] performing matrix init
c [gauss] XOR-encoding clauses are not detached, so no need to reattach them.
c [xor-rem-unconnected] left with 922 xors from 922 non-empty xors T: 0.00
c [xor-together] xored together: 853 orig xors: 922 new xors: 69 T: 0.00
c [xor-rem-unconnected] left with 69 xors from 69 non-empty xors T: 0.00
c [xor-clean-equiv] removed equivalent xors: 0 left with: 69
c [matrix] unused xors from cleaning: 0
c [matrix] Good   matrix 0 69      x495    density:0.1103  xorlen avg: 54.62
c [matrix] Using 1 matrices recovered from 0 xors T: 0.00 T-out: N
c rst  luby svd  vmt  1130  575 K 1486      33K   782 5.84    5.75     2353  1214   42K   104 37.42   37.34  
c rst  luby svd  vmt  1131  575 K 1486      33K   782 5.84    5.75     2353  1214   42K   104 37.38   37.30  
c rst  luby svd  vmt  1132  576 K 1486      33K   782 5.84    5.75     2353  1214   43K   104 37.38   37.30  
c rst  luby svd  vmt  1133  576 K 1486      33K   782 5.84    5.75     2353  1216   43K   104 37.35   37.27  
c rst  luby svd  vmt  1134  576 K 1486      33K   782 5.84    5.75     2353  1216   43K   104 37.33   37.26  
c rst  luby svd  vmt  1135  576 K 1486      33K   782 5.84    5.75     2353  1218   43K   104 37.34   37.26  
c rst  luby svd  vmt  1136  576 K 1486      33K   782 5.84    5.75     2353  1219   43K   104 37.32   37.24  
c rst  luby svd  vmt  1137  577 K 1486      33K   782 5.84    5.75     2353  1221   44K   104 37.42   37.34  
c rst  luby svd  vmt  1138  577 K 1486      33K   782 5.84    5.75     2354  1230   44K   104 37.34   37.27  
c rst  geom best vmt  1139  577 K 1486      33K   782 5.84    5.75     2354  1230   44K   104 37.36   37.28  
c [ccnr] saving best assignment phase to stable_polar
c [ccnr] bumping based on clause weights
c [ccnr] Bumped vars: 104 bump type: 6
c [ccnr] time: 0.28
c rst  geom best vmt  1140  578 K 1486      33K   782 5.84    5.75     2354  1230   45K   104 37.34   37.27  
c rst  geom best vmt  1141  578 K 1486      33K   782 5.84    5.75     2354  1230   45K   104 37.32   37.25  
c rst  geom best vmt  1142  578 K 1486      33K   782 5.84    5.75     2354  1238   45K   104 37.29   37.21  
c rst  geom best vmt  1143  578 K 1486      33K   782 5.84    5.75     2354  1241   45K   104 37.26   37.19  
c rst  geom best vmt  1144  578 K 1486      33K   782 5.84    5.75     2354  1241   45K   104 37.30   37.22  
c rst  geom best vmt  1145  578 K 1486      33K   782 5.84    5.75     2354  1241   45K   104 37.29   37.21  
c rst  geom best vmt  1146  579 K 1486      33K   782 5.84    5.75     2354  1241   46K   104 37.27   37.20  
c rst  geom best vmt  1147  579 K 1486      33K   782 5.84    5.75     2354  1241   46K   104 37.27   37.20  
c rst  geom best vmt  1148  579 K 1486      33K   782 5.84    5.75     2355  1243   46K   104 37.26   37.19  
c rst  geom best vmt  1149  579 K 1486      33K   782 5.84    5.75     2355  1243   46K   104 37.23   37.15  
c rst  geom best vmt  1150  580 K 1486      33K   782 5.84    5.75     2415  1135   47K   104 37.18   37.11  
c rst  geom best vmt  1151  580 K 1486      33K   782 5.84    5.75     2415  1138   47K   104 37.26   37.18  
c rst  geom best vmt  1152  580 K 1486      33K   782 5.84    5.75     2415  1138   47K   104 37.31   37.24  
c rst  geom best vmt  1153  581 K 1486      33K   782 5.84    5.75     2415  1140   48K   104 37.32   37.25  
c rst  geom best vmt  1154  581 K 1486      33K   782 5.84    5.75     2415  1140   48K   104 37.20   37.13  
c rst  geom best vmt  1155  582 K 1486      33K   782 5.84    5.75     2415  1146   49K   104 37.35   37.28  
c rst  geom best vmt  1156  582 K 1486      33K   782 5.84    5.75     2415  1148   49K   104 37.26   37.19  
c rst  geom best vmt  1157  583 K 1486      33K   782 5.84    5.75     2415  1149   50K   104 37.20   37.13  
c rst  geom best vmt  1158  584 K 1486      33K   782 5.84    5.75     2415  1149   51K   104 37.23   37.16  
c [distill-long-red0] cls tried: 91/91 T: 0.00 T-out: N T-r: 99.80%
c [distill-long-red1] cls tried: 71/468 T: 0.01 T-out: Y T-r: -1.92%
c rst  geom best vmt  1159  584 K 1486      33K   782 5.84    5.75     2415  1153   51K   104 37.14   37.08  
c rst  geom best vmt  1160  585 K 1486      33K   782 5.84    5.75     2425  1334   37K   104 35.82   35.74  
c [impl-str] lit bin: 0 set-var: 0 T: 0.00 T-out: N T-r: 99.96% w-visit: 2978
c [impl-sub] bin: 2 T: 0.00 T-out: N w-visit: 2978
c rst  geom best vmt  1161  586 K 1486      33K   782 5.84    5.75     2426  1343   38K   102 35.94   35.86  
c rst  geom best vmt  1162  587 K 1486      33K   782 5.84    5.75     2426  1345   39K   102 35.86   35.78  
c rst  geom best vmt  1163  588 K 1486      33K   782 5.84    5.75     2426  1347   40K   102 35.86   35.78  
c rst  geom best vmt  1164  589 K 1486      33K   782 5.84    5.75     2426  1351   41K   102 35.70   35.62  
c [distill] watch-based irred--  cl tried 8838     cl-sh 0     cl-rem 0    lit-rem 0      T: 0.00 T-out: N
c [distill] watch-based red  --  cl tried 4852     cl-sh 14    cl-rem 0    lit-rem 28     T: 0.00 T-out: N
c rst  geom stb  vmt  1165  590 K 1486      33K   782 5.84    5.75     2474  1282   43K   102 36.38   36.30  
c [distill-bin] useful: 0/782/782 lits-rem: 0 cl-rem: 0 0-depth-assigns: 0 T: 0.00 T-out: N
c rst  geom stb  vmt  1166  592 K 1486      33K   782 5.84    5.75     2474  1287   44K   102 36.54   36.47  
c rst  geom stb  vmt  1167  593 K 1486      33K   782 5.84    5.75     2474  1294   46K   102 36.82   36.75  
c rst  geom stb  vmt  1168  595 K 1486      33K   782 5.84    5.75     2474  1310   47K   102 36.95   36.89  
c [full-probe]  bin_only: 1 set: 0 repl: 0 T: 0.00 T-out: N T-r: 99.80%
c rst  geom stb  vmt  1169  597 K 1486      33K   782 5.84    5.75     2474  1316   49K   102 37.31   37.25  
c rst  geom stb  vmt  1170  599 K 1486      33K   782 5.84    5.75     2474  1325   51K   102 37.44   37.38  
c [distill-long-red0] cls tried: 58/58 T: 0.00 T-out: N T-r: 99.87%
c [distill-long-red1] cls tried: 61/593 T: 0.01 T-out: Y T-r: -1.94%
c rst  geom stb  vmt  1171  601 K 1486      33K   782 5.84    5.75     2521  1377   38K   102 36.38   36.30  
c [branch] adjusting to: vsid (from: vmtf) var_decay:0.95 descr: VSIDS
c rst  geom ibes vs   1172  601 K 1486      33K   782 5.84    5.75     2521  1377   38K   102 36.38   36.29  
c rst  geom ibes vs   1173  601 K 1486      33K   782 5.84    5.75     2521  1377   39K   102 36.38   36.30  
c rst  geom ibes vs   1174  602 K 1486      33K   782 5.84    5.75     2521  1377   39K   102 36.37   36.29  
c rst  geom ibes vs   1175  602 K 1486      33K   782 5.84    5.75     2521  1378   39K   102 36.37   36.29  
c rst  geom ibes vs   1176  602 K 1486      33K   782 5.84    5.75     2521  1378   39K   102 36.40   36.32  
c rst  geom ibes vs   1177  602 K 1486      33K   782 5.84    5.75     2521  1378   39K   102 36.40   36.32  
c rst  geom ibes vs   1178  602 K 1486      33K   782 5.84    5.75     2521  1379   39K   102 36.36   36.28  
c rst  geom ibes vs   1179  603 K 1486      33K   782 5.84    5.75     2521  1380   40K   102 36.34   36.26  
c rst  geom ibes vs   1180  603 K 1486      33K   782 5.84    5.75     2521  1380   40K   102 36.38   36.30  
c rst  geom ibes vs   1181  603 K 1486      33K   782 5.84    5.75     2521  1381   40K   102 36.33   36.25  
c rst  geom ibes vs   1182  603 K 1486      33K   782 5.84    5.75     2521  1381   40K   102 36.27   36.19  
c rst  geom ibes vs   1183  604 K 1486      33K   782 5.84    5.75     2521  1381   41K   102 36.34   36.27  
c rst  geom ibes vs   1184  604 K 1486      33K   782 5.84    5.75     2521  1382   41K   102 36.35   36.27  
c rst  geom ibes vs   1185  604 K 1486      33K   782 5.84    5.75     2521  1383   41K   102 36.41   36.33  
c rst  geom ibes vs   1186  605 K 1486      33K   782 5.84    5.75     2521  1384   42K   102 36.43   36.36  
c rst  geom ibes vs   1187  605 K 1486      33K   782 5.84    5.75     2521  1386   42K   102 36.54   36.46  
c rst  geom ibes vs   1188  606 K 1486      33K   782 5.84    5.75     2521  1386   43K   102 36.53   36.45  
c rst  geom ibes vs   1189  606 K 1486      33K   782 5.84    5.75     2521  1387   43K   102 36.50   36.42  
c rst  geom ibes vs   1190  607 K 1486      33K   782 5.84    5.75     2521  1387   44K   102 36.47   36.40  
c rst  geom ibes vs   1191  607 K 1486      33K   782 5.84    5.75     2521  1387   45K   102 36.37   36.29  
c rst  geom ibes vs   1192  608 K 1486      33K   782 5.84    5.75     2521  1387   45K   102 36.34   36.27  
c rst  geom ibes vs   1193  609 K 1486      33K   782 5.84    5.75     2521  1387   46K   102 36.29   36.22  
c rst  geom ibes vs   1194  610 K 1486      33K   782 5.84    5.75     2544  1341   47K   102 36.26   36.19  
c rst  geom ibes vs   1195  611 K 1486      33K   782 5.84    5.75     2544  1344   48K   102 36.31   36.24  
c [distill-bin] useful: 0/782/782 lits-rem: 0 cl-rem: 0 0-depth-assigns: 0 T: 0.01 T-out: N
c rst  geom ibes vs   1196  612 K 1486      33K   782 5.84    5.75     2544  1345   49K   102 36.33   36.26  
c rst  geom ibes vs   1197  612 K 1486      33K   782 5.84    5.75     2544  1345   50K   102 36.35   36.28  
c recursive minimization cost OK: 1237Kcost/(% lits removed)
c [gauss] XOR-encoding clauses are not detached, so no need to reattach them.
c [g 0] truth-find prop checks  : 1151K
c [g 0] -> of which prop        : 53.39 %
c [g 0] -> of which confl       :  1.64 %
c [g 0] elim called             : 72K
c [g 0] ---> which lead to prop : 95.26 %
c [g 0] ---> which lead to confl:  3.20 %
c [g 0] size: 69    x 495  
c --> Executing strategy token: scc-vrepl
c [scc] new: 0 BP 0M T: 0.00
c --> Executing strategy token: sub-impl
c [impl-sub] bin: 0 T: 0.00 T-out: N w-visit: 2978
c --> Executing strategy token: breakid
c --> Executing OCC strategy token(s): 'occ-backw-sub-str,occ-clean-implicit,occ-bve,occ-bva,occ-ternary-res,occ-xor,'
c [occ] mem usage for occur 3      MB
c [occ] Linked in IRRED BIN by default: 782
c [occ] Linked in RED   BIN by default: 102
c [occ] mem usage for occur 0      MB
c Mem for watch alloc      : 14          MB (23.91     %)
c Mem for watch array      : 0           MB (0.11      %)
c --> Executing OCC strategy token: occ-backw-sub-str
c [occ-backw-sub-str-long-w-bins] subs: 0 str: 22 tried: 9667 0-depth ass: 0 T: 0.00 T-out: N T-r: 99.20%
c [occ-backw-sub-long-w-long] rem cl: 61 tried: 87150/87150 (100.0%) T: 0.02 T-out: N T-r: 89.34%
c [occ-backw-sub-str-long-w-long] sub: 1 str: 19 tried: 261450/87150 (300.0)  T: 0.16 T-out: N T-r: 71.00%
c --> Executing OCC strategy token: occ-clean-implicit
c --> Executing OCC strategy token: occ-bve
c [occ-empty-res] Empty resolvent elimed: 0 T: 0.00 T-out: N
c [occ-bve] iter v-elim 0
c cl_inc_rate=1.0, var_dec_rate=1.0 (grow=0)
c Reduced to 1486 vars, 33941 cls (grow=0)
c [occ-bve] iter v-elim 0
c cl_inc_rate=1.0, var_dec_rate=1.0 (grow=8)
c Reduced to 1486 vars, 33941 cls (grow=8)
c [occ-bve] iter v-elim 0
c cl_inc_rate=1.0, var_dec_rate=1.0 (grow=16)
c Reduced to 1486 vars, 33941 cls (grow=16)
c x n vars       : 1486
c #try to eliminate:  4458
c #var-elim        :     0
c #T-o: N
c #T-r: 99.99%
c #T  : 0.24
c [occur] 0.04 is overhead
c [occur] link-in T: 0.04 cleanup T: 0.00
c --> Executing OCC strategy token: occ-bva
c --> Executing OCC strategy token: occ-ternary-res
c [occ-ternary-res] Ternary res-tri: 0 res-bin: 0 sub: 0 str: 0 T: 0.00 T-out: N T-r: 99.80%
c --> Executing OCC strategy token: occ-xor
c [occ-xor] sort occur list T: 0.00
c [xor-clean-equiv] removed equivalent xors: 0 left with: 909
c [occ-xor] found    909 avg sz 5.9 min sz  4 max sz  6 T: 0.01 T-out: N T-r: 99.98%
c --> Executing strategy token: card-find
c --> Executing strategy token: cl-consolidate
c Not consolidating memory.
c --> Executing strategy token: scc-vrepl
c [scc] new: 0 BP 0M T: 0.00
c --> Executing strategy token: renumber
c --> Executing strategy token: bosphorus
c --> Executing strategy token: louvain-comms
c [consolidate] mini T: 0.00
c global_timeout_multiplier: 4.8315
c [branch] rebuilding order heap for all branchings. Current branching: vsid
c [find&init matx] performing matrix init
c [gauss] XOR-encoding clauses are not detached, so no need to reattach them.
c [xor-rem-unconnected] left with 909 xors from 909 non-empty xors T: 0.00
c [xor-together] xored together: 833 orig xors: 909 new xors: 76 T: 0.00
c [xor-rem-unconnected] left with 76 xors from 76 non-empty xors T: 0.00
c [xor-clean-equiv] removed equivalent xors: 0 left with: 76
c [matrix] unused xors from cleaning: 0
c [matrix] Good   matrix  0     76 x  510  density:0.0963  xorlen avg: 49.09
c [matrix] Using 1 matrices recovered from 0 xors T: 0.00 T-out: N
c rst  geom  svd   vs  1198  613K    1486   33K   782    5.84    5.75  2493  1399   50K   102   36.54   36.48
c rst  geom  svd   vs  1199  614K    1486   33K   782    5.84    5.75  2493  1403   51K   102   36.39   36.33
c [distill-long-red0] cls tried: 64/64 T: 0.01 T-out: N T-r: 99.76%
c [distill-long-red1] cls tried: 53/657 T: 0.01 T-out: Y T-r: -4.14%
c [distill] watch-based irred--  cl tried     9664 cl-sh     0 cl-rem    0 lit-rem      0 T: 0.01 T-out: N
c [distill] watch-based   red--  cl tried     4986 cl-sh     0 cl-rem    0 lit-rem      0 T: 0.00 T-out: N
c rst  geom  svd   vs  1200  616K    1486   33K   782    5.84    5.75  2493  1403   39K   102   34.64   34.57
c [full-probe]  bin_only: 0 set: 0 repl: 0 T: 0.01 T-out: N T-r: 96.63%
c rst  geom  svd   vs  1201  617K    1486   33K   782    5.84    5.75  2493  1403   40K   102   34.49   34.41
c rst  geom  svd   vs  1202  619K    1486   33K   782    5.84    5.75  2494  1412   42K   102   34.78   34.70
c rst  geom  svd   vs  1203  621K    1486   33K   782    5.84    5.75  2503  1400   44K   102   35.25   35.18
c rst  geom  svd   vs  1204  623K    1486   33K   782    5.84    5.75  2503  1400   46K   102   35.41   35.34
c [ccnr] saving best assignment phase to stable_polar
c [ccnr] bumping based on var unsat frequency: conflict_ct
c [ccnr] Bumped vars: 1489 bump type: 6
c [ccnr] time: 0.27
c rst  geom  svd   vs  1205  625K    1486   33K   782    5.84    5.75  2503  1400   48K   102   34.74   34.68
c rst  geom best   vs  1206  628K    1486   33K   782    5.84    5.75  2503  1411   50K   102   34.95   34.89
c rst  geom best   vs  1207  630K    1486   33K   782    5.84    5.75  2535  1437   38K   102   34.22   34.14
c [distill-long-red0] cls tried: 34/34 T: 0.00 T-out: N T-r: 99.91%
c [distill-long-red1] cls tried: 72/665 T: 0.01 T-out: Y T-r: -2.81%
c rst  geom best   vs  1208  633K    1486   33K   782    5.84    5.75  2536  1450   41K   102   34.75   34.68
c [distill-bin] useful: 0/782/782 lits-rem: 0 cl-rem: 0 0-depth-assigns: 0 T: 0.01 T-out: N
c rst  geom best   vs  1209  637K    1486   33K   782    5.84    5.75  2536  1470   45K   102   35.48   35.41
c [full-probe]  bin_only: 1 set: 0 repl: 0 T: 0.00 T-out: N T-r: 99.79%
c rst  geom  stb   vs  1210  640K    1486   33K   782    5.84    5.75  2585  1390   48K   102   36.90   36.84
c [distill] watch-based irred--  cl tried     9664 cl-sh     0 cl-rem    0 lit-rem      0 T: 0.01 T-out: N
c [distill] watch-based   red--  cl tried     5170 cl-sh    18 cl-rem    0 lit-rem     25 T: 0.00 T-out: N
c [gauss] XOR-encoding clauses are not detached, so no need to reattach them.
c [g 0] truth-find prop checks  : 803K
c [g 0] -> of which prop        : 63.63 %
c [g 0] -> of which confl       :  1.80 %
c [g 0] elim called             : 31K
c [g 0] ---> which lead to prop : 112.04 %
c [g 0] ---> which lead to confl:  3.79 %
c [g 0] size: 76    x 510  
c [scc] new: 0 BP 0M T: 0.00
c [vrep] vars 0 lits 0 rem-bin-cls 0 rem-long-cls 0 BP 0M T: 0.01
c [intree] Set 0 vars hyper-added: 0 trans-irred: 0 trans-red: 0 T: 0.00 T-out: N T-r: -0.33%
c [find&init matx] performing matrix init
c [gauss] XOR-encoding clauses are not detached, so no need to reattach them.
c [xor-rem-unconnected] left with 909 xors from 909 non-empty xors T: 0.00
c [xor-together] xored together: 833 orig xors: 909 new xors: 76 T: 0.00
c [xor-rem-unconnected] left with 76 xors from 76 non-empty xors T: 0.00
c [xor-clean-equiv] removed equivalent xors: 0 left with: 76
c [matrix] unused xors from cleaning: 0
c [matrix] Good   matrix 0 76      x510    density:0.0963  xorlen avg: 49.09
c [matrix] Using 1 matrices recovered from 0 xors T: 0.00 T-out: N
c rst  geom stb  vs   1211  644 K 1486      33K   782 5.84    5.75     2585  1391   52K   102 36.59   36.53  
c rst  geom stb  vs   1212  649 K 1486      33K   782 5.84    5.75     2590  1484   42K   102 36.39   36.31  
c [distill-long-red0] cls tried: 51/51 T: 0.00 T-out: N T-r: 99.88%
c [distill-long-red1] cls tried: 74/674 T: 0.01 T-out: Y T-r: -0.95%
c [impl-str] lit bin: 0 set-var: 0 T: 0.00 T-out: N T-r: 99.96% w-visit: 2978
c [impl-sub] bin: 0 T: 0.00 T-out: N w-visit: 2978
c rst  geom ibes vs   1213  653 K 1486      33K   782 5.84    5.75     2615  1356   47K   102 36.26   36.19  
c [distill-bin] useful: 0/782/782 lits-rem: 0 cl-rem: 0 0-depth-assigns: 0 T: 0.01 T-out: N
c rst  geom ibes vs   1214  659 K 1486      33K   782 5.84    5.75     2615  1365   52K   102 36.36   36.30  
c [full-probe]  bin_only: 0 set: 0 repl: 0 T: 0.01 T-out: N T-r: 97.42%
c rst  geom ibes vs   1215  665 K 1486      33K   782 5.84    5.75     2635  1349   43K   102 36.95   36.88  
c [distill-long-red0] cls tried: 38/38 T: 0.00 T-out: N T-r: 99.91%
c [distill-long-red1] cls tried: 87/561 T: 0.01 T-out: Y T-r: -2.70%
c rst  geom svd  vs   1216  671 K 1486      33K   782 5.84    5.75     2676  1200   50K   102 36.92   36.86  
c [branch] adjusting to: vmtf (from: vsid) var_decay:0.95 descr: VMTF
c [distill] watch-based irred--  cl tried 9664     cl-sh 0     cl-rem 0    lit-rem 0      T: 0.00 T-out: N
c [distill] watch-based red  --  cl tried 5352     cl-sh 15    cl-rem 0    lit-rem 23     T: 0.01 T-out: N
c [ccnr] saving best assignment phase to stable_polar
c [ccnr] bumping based on var unsat frequency: conflict_ct
c [ccnr] Bumped vars: 1489 bump type: 6
c [ccnr] time: 0.29
c rst  luby svd  vmt  1217  671 K 1486      33K   782 5.84    5.75     2686  1219   50K   105 36.88   36.81  
c rst  luby svd  vmt  1218  671 K 1486      33K   782 5.84    5.75     2686  1223   50K   105 36.90   36.84  
c rst  luby svd  vmt  1219  671 K 1486      33K   782 5.84    5.75     2686  1223   50K   105 36.92   36.85  
c rst  luby svd  vmt  1220  671 K 1486      33K   782 5.84    5.75     2686  1225   50K   105 36.93   36.86  
c rst  luby svd  vmt  1221  672 K 1486      33K   782 5.84    5.75     2686  1226   50K   105 36.95   36.88  
c rst  luby svd  vmt  1222  672 K 1486      33K   782 5.84    5.75     2686  1227   50K   105 37.01   36.94  
c rst  luby svd  vmt  1223  672 K 1486      33K   782 5.84    5.75     2688  1228   51K   105 37.14   37.08  
c rst  luby svd  vmt  1224  672 K 1486      33K   782 5.84    5.75     2688  1229   51K   105 37.17   37.11  
c rst  luby svd  vmt  1225  672 K 1486      33K   782 5.84    5.75     2689  1229   51K   105 37.19   37.12  
c rst  luby svd  vmt  1226  673 K 1486      33K   782 5.84    5.75     2689  1229   51K   105 37.19   37.12  
c rst  luby svd  vmt  1227  673 K 1486      33K   782 5.84    5.75     2689  1229   51K   105 37.20   37.13  
c rst  luby svd  vmt  1228  673 K 1486      33K   782 5.84    5.75     2689  1230   51K   105 37.19   37.13  
c rst  luby svd  vmt  1229  673 K 1486      33K   782 5.84    5.75     2689  1231   52K   105 37.21   37.14  
c rst  luby svd  vmt  1230  673 K 1486      33K   782 5.84    5.75     2689  1232   52K   105 37.27   37.20  
c rst  luby svd  vmt  1231  674 K 1486      33K   782 5.84    5.75     2689  1232   53K   105 37.23   37.17  
c [distill-bin] useful: 0/782/782 lits-rem: 0 cl-rem: 0 0-depth-assigns: 0 T: 0.01 T-out: N
c rst  luby svd  vmt  1232  674 K 1486      33K   782 5.84    5.75     2689  1232   53K   105 37.23   37.17  
c rst  luby svd  vmt  1233  674 K 1486      33K   782 5.84    5.75     2689  1232   53K   105 37.25   37.19  
c rst  luby svd  vmt  1234  675 K 1486      33K   782 5.84    5.75     2694  1340   38K   105 36.66   36.58  
c rst  luby svd  vmt  1235  675 K 1486      33K   782 5.84    5.75     2694  1341   38K   105 36.69   36.60  
c rst  luby svd  vmt  1236  675 K 1486      33K   782 5.84    5.75     2694  1341   38K   105 36.71   36.62  
c rst  luby svd  vmt  1237  675 K 1486      33K   782 5.84    5.75     2694  1347   38K   105 36.74   36.66  
c rst  luby svd  vmt  1238  675 K 1486      33K   782 5.84    5.75     2694  1351   39K   105 36.87   36.79  
c rst  luby svd  vmt  1239  676 K 1486      33K   782 5.84    5.75     2694  1352   39K   105 36.91   36.82  
c rst  luby svd  vmt  1240  676 K 1486      33K   782 5.84    5.75     2694  1352   39K   105 36.94   36.85  
c rst  luby svd  vmt  1241  676 K 1486      33K   782 5.84    5.75     2694  1353   39K   105 37.01   36.93  
c rst  luby svd  vmt  1242  676 K 1486      33K   782 5.84    5.75     2694  1353   39K   105 37.09   37.00  
c rst  luby svd  vmt  1243  676 K 1486      33K   782 5.84    5.75     2694  1353   39K   105 37.08   36.99  
c rst  luby svd  vmt  1244  676 K 1486      33K   782 5.84    5.75     2694  1353   39K   105 37.10   37.02  
c rst  luby svd  vmt  1245  677 K 1486      33K   782 5.84    5.75     2694  1362   40K   105 37.11   37.03  
c rst  geom best vmt  1246  677 K 1486      33K   782 5.84    5.75     2694  1362   40K   105 37.13   37.05  
c rst  geom best vmt  1247  677 K 1486      33K   782 5.84    5.75     2694  1362   40K   105 37.14   37.06  
c rst  geom best vmt  1248  677 K 1486      33K   782 5.84    5.75     2694  1362   40K   105 37.16   37.08  
c rst  geom best vmt  1249  677 K 1486      33K   782 5.84    5.75     2694  1362   40K   105 37.12   37.04  
c rst  geom best vmt  1250  677 K 1486      33K   782 5.84    5.75     2694  1362   40K   105 37.16   37.08  
c rst  geom best vmt  1251  677 K 1486      33K   782 5.84    5.75     2694  1362   41K   105 37.13   37.05  
c rst  geom best vmt  1252  678 K 1486      33K   782 5.84    5.75     2694  1364   41K   105 37.11   37.03  
c rst  geom best vmt  1253  678 K 1486      33K   782 5.84    5.75     2694  1364   41K   105 37.11   37.03  
c rst  geom best vmt  1254  678 K 1486      33K   782 5.84    5.75     2694  1364   41K   105 37.18   37.10  
c rst  geom best vmt  1255  678 K 1486      33K   782 5.84    5.75     2694  1364   42K   105 37.19   37.11  
c rst  geom best vmt  1256  679 K 1486      33K   782 5.84    5.75     2694  1364   42K   105 37.16   37.08  
c rst  geom best vmt  1257  679 K 1486      33K   782 5.84    5.75     2695  1365   42K   105 37.13   37.06  
c [full-probe]  bin_only: 1 set: 0 repl: 0 T: 0.00 T-out: N T-r: 99.82%
c rst  geom best vmt  1258  679 K 1486      33K   782 5.84    5.75     2695  1366   42K   105 37.15   37.08  
c rst  geom best vmt  1259  680 K 1486      33K   782 5.84    5.75     2732  1269   43K   105 37.17   37.09  
c [distill-long-red0] cls tried: 89/89 T: 0.00 T-out: N T-r: 99.84%
c [distill-long-red1] cls tried: 76/528 T: 0.01 T-out: Y T-r: -1.02%
c rst  geom best vmt  1260  680 K 1486      33K   782 5.84    5.75     2733  1271   43K   105 37.19   37.12  
c rst  geom best vmt  1261  681 K 1486      33K   782 5.84    5.75     2733  1277   44K   105 37.25   37.18  
c rst  geom best vmt  1262  681 K 1486      33K   782 5.84    5.75     2733  1281   44K   105 37.28   37.20  
c rst  geom best vmt  1263  682 K 1486      33K   782 5.84    5.75     2734  1282   45K   105 37.40   37.32  
c rst  geom best vmt  1264  682 K 1486      33K   782 5.84    5.75     2734  1282   45K   105 37.41   37.34  
c rst  geom best vmt  1265  683 K 1486      33K   782 5.84    5.75     2734  1282   46K   105 37.20   37.13  
c rst  geom best vmt  1266  684 K 1486      33K   782 5.84    5.75     2734  1284   47K   105 37.17   37.09  
c rst  geom best vmt  1267  684 K 1486      33K   782 5.84    5.75     2734  1285   48K   105 37.22   37.15  
c rst  geom best vmt  1268  685 K 1486      33K   782 5.84    5.75     2734  1289   48K   105 37.17   37.10  
c rst  geom best vmt  1269  686 K 1486      33K   782 5.84    5.75     2734  1295   49K   105 37.18   37.11  
c rst  geom best vmt  1270  687 K 1486      33K   782 5.84    5.75     2734  1299   50K   105 37.14   37.07  
c rst  geom best vmt  1271  688 K 1486      33K   782 5.84    5.75     2734  1299   52K   105 37.09   37.03  
c rst  geom best vmt  1272  690 K 1486      33K   782 5.84    5.75     2786  1355   38K   105 35.74   35.66  
c rst  geom stb  vmt  1273  691 K 1486      33K   782 5.84    5.75     2786  1364   39K   105 35.81   35.73  
c rst  geom stb  vmt  1274  693 K 1486      33K   782 5.84    5.75     2786  1382   41K   105 36.07   35.99  
c rst  geom stb  vmt  1275  694 K 1486      33K   782 5.84    5.75     2788  1397   42K   105 36.02   35.95  
c [distill-bin] useful: 0/782/782 lits-rem: 0 cl-rem: 0 0-depth-assigns: 0 T: 0.01 T-out: N
c rst  geom stb  vmt  1276  696 K 1486      33K   782 5.84    5.75     2788  1411   44K   105 36.52   36.44  
c [distill-long-red0] cls tried: 47/47 T: 0.00 T-out: N T-r: 99.90%
c [distill-long-red1] cls tried: 60/616 T: 0.01 T-out: Y T-r: -2.93%
c [distill] watch-based irred--  cl tried 9664     cl-sh 0     cl-rem 0    lit-rem 0      T: 0.00 T-out: N
c [distill] watch-based red  --  cl tried 5576     cl-sh 13    cl-rem 0    lit-rem 19     T: 0.00 T-out: N
c rst  geom stb  vmt  1277  698 K 1486      33K   782 5.84    5.75     2788  1432   46K   105 37.17   37.09  
c rst  geom stb  vmt  1278  701 K 1486      33K   782 5.84    5.75     2833  1361   48K   105 37.23   37.16  
c [full-probe]  bin_only: 0 set: 0 repl: 0 T: 0.01 T-out: N T-r: 97.70%
c rst  geom stb  vmt  1279  703 K 1486      33K   782 5.84    5.75     2833  1386   51K   105 37.47   37.40  
c rst  geom ibes vmt  1280  706 K 1486      33K   782 5.84    5.75     2839  1562   39K   105 37.02   36.94  
c [gauss] XOR-encoding clauses are not detached, so no need to reattach them.
c [g 0] truth-find prop checks  : 2091K
c [g 0] -> of which prop        : 53.79 %
c [g 0] -> of which confl       :  1.63 %
c [g 0] elim called             : 112K
c [g 0] ---> which lead to prop : 101.37 %
c [g 0] ---> which lead to confl:  3.30 %
c [g 0] size: 76    x 510  
c [scc] new: 0 BP 0M T: 0.00
c [vrep] vars 0 lits 0 rem-bin-cls 0 rem-long-cls 0 BP 0M T: 0.00
c [intree] Set 0 vars hyper-added: 0 trans-irred: 0 trans-red: 0 T: 0.01 T-out: N T-r: -1.21%
c [find&init matx] performing matrix init
c [gauss] XOR-encoding clauses are not detached, so no need to reattach them.
c [xor-rem-unconnected] left with 909 xors from 909 non-empty xors T: 0.00
c [xor-together] xored together: 833 orig xors: 909 new xors: 76 T: 0.00
c [xor-rem-unconnected] left with 76 xors from 76 non-empty xors T: 0.00
c [xor-clean-equiv] removed equivalent xors: 0 left with: 76
c [matrix] unused xors from cleaning: 0
c [matrix] Good   matrix 0 76      x510    density:0.0963  xorlen avg: 49.09
c [matrix] Using 1 matrices recovered from 0 xors T: 0.00 T-out: N
c rst  geom ibes vmt  1281  709 K 1486      33K   782 5.84    5.75     2839  1573   42K   105 36.93   36.85  
c [impl-str] lit bin: 0 set-var: 0 T: 0.00 T-out: N T-r: 99.96% w-visit: 2978
c [impl-sub] bin: 3 T: 0.00 T-out: N w-visit: 2978
c rst  geom ibes vmt  1282  712 K 1486      33K   782 5.84    5.75     2894  1508   45K   102 37.56   37.48  
c [distill-long-red0] cls tried: 110/110 T: 0.01 T-out: N T-r: 99.76%
c [distill-long-red1] cls tried: 82/713 T: 0.01 T-out: Y T-r: -2.92%
c rst  geom ibes vmt  1283  716 K 1486      33K   782 5.84    5.75     2896  1526   48K   102 37.82   37.75  
c [distill-bin] useful: 0/782/782 lits-rem: 0 cl-rem: 0 0-depth-assigns: 0 T: 0.01 T-out: N
c [ccnr] saving best assignment phase to stable_polar
c [ccnr] bumping based on clause weights
c [ccnr] Bumped vars: 105 bump type: 6
c [ccnr] time: 0.30
c rst  geom svd  vmt  1284  720 K 1486      33K   782 5.84    5.75     2960  1888   37K   102 35.55   35.47  
c rst  geom svd  vmt  1285  724 K 1486      33K   782 5.84    5.75     2963  1953   42K   102 34.14   34.07  
c [full-probe]  bin_only: 1 set: 0 repl: 0 T: 0.00 T-out: N T-r: 99.84%
c [distill] watch-based irred--  cl tried 9664     cl-sh 0     cl-rem 0    lit-rem 0      T: 0.00 T-out: N
c [distill] watch-based red  --  cl tried 5926     cl-sh 18    cl-rem 0    lit-rem 31     T: 0.00 T-out: N
c rst  geom svd  vmt  1286  729 K 1486      33K   782 5.84    5.75     2969  2026   46K   102 32.49   32.43  
c [distill-long-red0] cls tried: 75/75 T: 0.00 T-out: N T-r: 99.88%
c [distill-long-red1] cls tried: 49/1173 T: 0.02 T-out: Y T-r: -1.82%
c rst  geom best vmt  1287  734 K 1486      33K   782 5.84    5.75     3060  1960   52K   102 30.80   30.75  
c rst  geom best vmt  1288  740 K 1486      33K   782 5.84    5.75     3167  2293   42K   102 26.64   26.59  
c [branch] adjusting to: vsid (from: vmtf) var_decay:0.95 descr: VSIDS
c [distill-bin] useful: 0/782/782 lits-rem: 0 cl-rem: 0 0-depth-assigns: 0 T: 0.00 T-out: N
c rst  geom best vs   1289  740 K 1486      33K   782 5.84    5.75     3167  2293   43K   102 26.68   26.63  
c rst  geom best vs   1290  740 K 1486      33K   782 5.84    5.75     3167  2293   43K   102 26.71   26.66  
c rst  geom best vs   1291  740 K 1486      33K   782 5.84    5.75     3167  2293   43K   102 26.73   26.68  
c rst  geom best vs   1292  740 K 1486      33K   782 5.84    5.75     3167  2293   43K   102 26.74   26.69  
c rst  geom best vs   1293  741 K 1486      33K   782 5.84    5.75     3167  2293   43K   102 26.74   26.69  
c rst  geom best vs   1294  741 K 1486      33K   782 5.84    5.75     3167  2293   43K   102 26.76   26.71  
c rst  geom best vs   1295  741 K 1486      33K   782 5.84    5.75     3167  2293   44K   102 26.77   26.72  
c rst  geom best vs   1296  741 K 1486      33K   782 5.84    5.75     3167  2293   44K   102 26.81   26.76  
c rst  geom stb  vs   1297  741 K 1486      33K   782 5.84    5.75     3167  2293   44K   102 26.88   26.83  
c rst  geom stb  vs   1298  742 K 1486      33K   782 5.84    5.75     3167  2294   44K   102 26.95   26.90  
c rst  geom stb  vs   1299  742 K 1486      33K   782 5.84    5.75     3167  2294   45K   102 27.10   27.05  
c rst  geom stb  vs   1300  742 K 1486      33K   782 5.84    5.75     3167  2295   45K   102 27.19   27.14  
c rst  geom stb  vs   1301  743 K 1486      33K   782 5.84    5.75     3167  2298   45K   102 27.31   27.26  
c rst  geom stb  vs   1302  743 K 1486      33K   782 5.84    5.75     3167  2303   46K   102 27.48   27.43  
c rst  geom stb  vs   1303  743 K 1486      33K   782 5.84    5.75     3167  2305   46K   102 27.59   27.54  
c rst  geom stb  vs   1304  744 K 1486      33K   782 5.84    5.75     3167  2306   46K   102 27.77   27.72  
c [distill-long-red0] cls tried: 188/188 T: 0.02 T-out: N T-r: 99.42%
c [distill-long-red1] cls tried: 35/1467 T: 0.01 T-out: Y T-r: -2.70%
c rst  geom stb  vs   1305  744 K 1486      33K   782 5.84    5.75     3167  2306   47K   102 27.93   27.88  
c [full-probe]  bin_only: 0 set: 0 repl: 0 T: 0.00 T-out: N T-r: 97.96%
c rst  geom stb  vs   1306  745 K 1486      33K   782 5.84    5.75     3167  2307   47K   102 28.15   28.10  
c rst  geom stb  vs   1307  746 K 1486      33K   782 5.84    5.75     3167  2308   48K   102 28.39   28.34  
c rst  geom stb  vs   1308  746 K 1486      33K   782 5.84    5.75     3167  2310   49K   102 28.57   28.52  
c rst  geom stb  vs   1309  747 K 1486      33K   782 5.84    5.75     3167  2310   49K   102 28.72   28.67  
c rst  geom stb  vs   1310  748 K 1486      33K   782 5.84    5.75     3167  2311   50K   102 28.87   28.82  
c rst  geom stb  vs   1311  749 K 1486      33K   782 5.84    5.75     3167  2311   51K   102 28.86   28.82  
c rst  geom stb  vs   1312  750 K 1486      33K   782 5.84    5.75     3174  2577   37K   102 24.27   24.22  
c [distill] watch-based irred--  cl tried 9664     cl-sh 0     cl-rem 0    lit-rem 0      T: 0.01 T-out: N
c [distill] watch-based red  --  cl tried 6348     cl-sh 3     cl-rem 0    lit-rem 6      T: 0.01 T-out: N
c rst  geom stb  vs   1313  751 K 1486      33K   782 5.84    5.75     3207  2451   38K   102 24.56   24.51  
c rst  geom stb  vs   1314  752 K 1486      33K   782 5.84    5.75     3207  2454   39K   102 25.03   24.97  
c rst  geom stb  vs   1315  753 K 1486      33K   782 5.84    5.75     3207  2456   40K   102 25.31   25.26  
c rst  geom stb  vs   1316  754 K 1486      33K   782 5.84    5.75     3207  2460   42K   102 26.00   25.95  
c rst  geom ibes vs   1317  756 K 1486      33K   782 5.84    5.75     3208  2460   43K   102 26.58   26.53  
c rst  geom ibes vs   1318  758 K 1486      33K   782 5.84    5.75     3208  2460   45K   102 26.52   26.47  
c rst  geom ibes vs   1319  760 K 1486      33K   782 5.84    5.75     3208  2461   47K   102 26.82   26.78  
c [distill-long-red0] cls tried: 40/40 T: 0.00 T-out: N T-r: 99.92%
c [distill-long-red1] cls tried: 34/1638 T: 0.01 T-out: Y T-r: -3.08%
c rst  geom ibes vs   1320  762 K 1486      33K   782 5.84    5.75     3226  2332   49K   102 27.00   26.95  
c [distill-bin] useful: 0/782/782 lits-rem: 0 cl-rem: 0 0-depth-assigns: 0 T: 0.00 T-out: N
c [ccnr] saving best assignment phase to stable_polar
c [ccnr] bumping based on var unsat frequency: conflict_ct
c [ccnr] Bumped vars: 1489 bump type: 6
c [ccnr] time: 0.27
c rst  geom ibes vs   1321  764 K 1486      33K   782 5.84    5.75     3226  2337   51K   102 27.41   27.36  
c rst  geom ibes vs   1322  766 K 1486      33K   782 5.84    5.75     3230  2377   40K   102 28.13   28.07  
c [full-probe]  bin_only: 1 set: 0 repl: 0 T: 0.00 T-out: N T-r: 99.81%
c rst  geom ibes vs   1323  769 K 1486      33K   782 5.84    5.75     3232  2382   42K   102 29.18   29.13  
c [impl-str] lit bin: 0 set-var: 0 T: 0.00 T-out: N T-r: 99.96% w-visit: 2978
c [impl-sub] bin: 0 T: 0.00 T-out: N w-visit: 2978
c rst  geom svd  vs   1324  772 K 1486      33K   782 5.84    5.75     3244  2254   45K   102 30.06   30.01  
c [gauss] XOR-encoding clauses are not detached, so no need to reattach them.
c [g 0] truth-find prop checks  : 2811K
c [g 0] -> of which prop        : 39.26 %
c [g 0] -> of which confl       :  1.35 %
c [g 0] elim called             : 241K
c [g 0] ---> which lead to prop : 46.29 %
c [g 0] ---> which lead to confl:  1.40 %
c [g 0] size: 76    x 510  
c [scc] new: 0 BP 0M T: 0.00
c [vrep] vars 0 lits 0 rem-bin-cls 0 rem-long-cls 0 BP 0M T: 0.01
c [intree] Set 0 vars hyper-added: 0 trans-irred: 0 trans-red: 0 T: 0.00 T-out: N T-r: -0.97%
c [find&init matx] performing matrix init
c [gauss] XOR-encoding clauses are not detached, so no need to reattach them.
c [xor-rem-unconnected] left with 909 xors from 909 non-empty xors T: 0.00
c [xor-together] xored together: 833 orig xors: 909 new xors: 76 T: 0.00
c [xor-rem-unconnected] left with 76 xors from 76 non-empty xors T: 0.00
c [xor-clean-equiv] removed equivalent xors: 0 left with: 76
c [matrix] unused xors from cleaning: 0
c [matrix] Good   matrix 0 76      x510    density:0.0963  xorlen avg: 49.09
c [matrix] Using 1 matrices recovered from 0 xors T: 0.00 T-out: N
c rst  geom svd  vs   1325  775 K 1486      33K   782 5.84    5.75     3245  2263   49K   102 30.75   30.70  
c [distill-long-red0] cls tried: 31/31 T: 0.00 T-out: N T-r: 99.93%
c [distill-long-red1] cls tried: 59/1551 T: 0.01 T-out: Y T-r: -1.78%
c [distill] watch-based irred--  cl tried 9664     cl-sh 0     cl-rem 0    lit-rem 0      T: 0.01 T-out: N
c [distill] watch-based red  --  cl tried 6490     cl-sh 11    cl-rem 0    lit-rem 15     T: 0.00 T-out: N
c rst  geom svd  vs   1326  779 K 1486      33K   782 5.84    5.75     3245  2268   52K   102 30.99   30.94  
c rst  geom svd  vs   1327  783 K 1486      33K   782 5.84    5.75     3281  2229   41K   102 36.48   36.41  
c [distill-bin] useful: 0/782/782 lits-rem: 0 cl-rem: 0 0-depth-assigns: 0 T: 0.01 T-out: N
c rst  geom best vs   1328  787 K 1486      33K   782 5.84    5.75     3283  2240   46K   102 36.72   36.65  
c [full-probe]  bin_only: 0 set: 0 repl: 0 T: 0.01 T-out: N T-r: 97.26%
c rst  geom best vs   1329  792 K 1486      33K   782 5.84    5.75     3332  1871   51K   102 36.29   36.23  
c [distill-long-red0] cls tried: 86/86 T: 0.01 T-out: N T-r: 99.76%
c [distill-long-red1] cls tried: 73/1313 T: 0.01 T-out: Y T-r: -0.70%
c rst  geom best vs   1330  797 K 1486      33K   782 5.84    5.75     3347  2021   41K   102 34.30   34.23  
c rst  geom stb  vs   1331  803 K 1486      33K   782 5.84    5.75     3384  1770   47K   102 34.88   34.82  
c [distill-bin] useful: 0/782/782 lits-rem: 0 cl-rem: 0 0-depth-assigns: 0 T: 0.01 T-out: N
c [distill] watch-based irred--  cl tried 9664     cl-sh 0     cl-rem 0    lit-rem 0      T: 0.01 T-out: N
c [distill] watch-based red  --  cl tried 6768     cl-sh 21    cl-rem 0    lit-rem 43     T: 0.00 T-out: N
c rst  geom stb  vs   1332  810 K 1486      33K   782 5.84    5.75     3393  1369   39K   102 35.06   34.98  
c [distill-long-red0] cls tried: 58/58 T: 0.01 T-out: N T-r: 99.87%
c [distill-long-red1] cls tried: 66/797 T: 0.01 T-out: Y T-r: -1.91%
c [full-probe]  bin_only: 1 set: 0 repl: 0 T: 0.00 T-out: N T-r: 99.82%
c [ccnr] saving best assignment phase to stable_polar
c [ccnr] bumping based on var unsat frequency: conflict_ct
c [ccnr] Bumped vars: 1489 bump type: 6
c [ccnr] time: 0.32
c rst  geom stb  vs   1333  817 K 1486      33K   782 5.84    5.75     3394  1393   46K   102 36.56   36.50  
c rst  geom ibes vs   1334  825 K 1486      33K   782 5.84    5.75     3425  1338   39K   102 35.77   35.70  
c [branch] adjusting to: vmtf (from: vsid) var_decay:0.95 descr: VMTF
c [distill-bin] useful: 0/782/782 lits-rem: 0 cl-rem: 0 0-depth-assigns: 0 T: 0.01 T-out: N
c rst  luby ibes vmt  1335  825 K 1486      33K   782 5.84    5.75     3426  1343   39K   103 35.80   35.72  
c rst  luby ibes vmt  1336  825 K 1486      33K   782 5.84    5.75     3426  1343   39K   103 35.76   35.69  
c [distill-long-red0] cls tried: 31/31 T: 0.00 T-out: N T-r: 99.93%
c [distill-long-red1] cls tried: 84/730 T: 0.01 T-out: Y T-r: -2.46%
c rst  luby ibes vmt  1337  825 K 1486      33K   782 5.84    5.75     3426  1343   39K   103 35.72   35.64  
c rst  luby ibes vmt  1338  825 K 1486      33K   782 5.84    5.75     3426  1343   39K   103 35.72   35.64  
c rst  luby ibes vmt  1339  825 K 1486      33K   782 5.84    5.75     3426  1343   40K   103 35.69   35.62  
c rst  luby ibes vmt  1340  825 K 1486      33K   782 5.84    5.75     3426  1343   40K   103 35.76   35.68  
c rst  luby ibes vmt  1341  826 K 1486      33K   782 5.84    5.75     3426  1343   40K   103 35.76   35.68  
c rst  luby ibes vmt  1342  826 K 1486      33K   782 5.84    5.75     3426  1343   40K   103 35.75   35.67  
c rst  luby ibes vmt  1343  826 K 1486      33K   782 5.84    5.75     3426  1343   40K   103 35.77   35.69  
c rst  luby ibes vmt  1344  826 K 1486      33K   782 5.84    5.75     3426  1343   41K   103 35.74   35.67  
c rst  luby ibes vmt  1345  826 K 1486      33K   782 5.84    5.75     3426  1344   41K   103 35.76   35.69  
c rst  luby ibes vmt  1346  826 K 1486      33K   782 5.84    5.75     3426  1344   41K   103 35.76   35.68  
c rst  luby ibes vmt  1347  827 K 1486      33K   782 5.84    5.75     3426  1347   41K   103 35.80   35.73  
c rst  luby ibes vmt  1348  827 K 1486      33K   782 5.84    5.75     3426  1347   41K   103 35.89   35.81  
c rst  luby ibes vmt  1349  828 K 1486      33K   782 5.84    5.75     3426  1348   42K   103 35.88   35.80  
c rst  luby ibes vmt  1350  828 K 1486      33K   782 5.84    5.75     3426  1348   42K   103 35.88   35.81  
c rst  luby ibes vmt  1351  828 K 1486      33K   782 5.84    5.75     3427  1349   42K   103 35.88   35.81  
c rst  luby ibes vmt  1352  828 K 1486      33K   782 5.84    5.75     3427  1349   43K   103 35.95   35.88  
c rst  luby ibes vmt  1353  828 K 1486      33K   782 5.84    5.75     3427  1349   43K   103 35.98   35.90  
c rst  luby ibes vmt  1354  828 K 1486      33K   782 5.84    5.75     3427  1349   43K   103 35.97   35.90  
c [distill] watch-based irred--  cl tried 9664     cl-sh 0     cl-rem 0    lit-rem 0      T: 0.01 T-out: N
c [distill] watch-based red  --  cl tried 6854     cl-sh 2     cl-rem 0    lit-rem 2      T: 0.00 T-out: N
c rst  luby ibes vmt  1355  829 K 1486      33K   782 5.84    5.75     3427  1351   43K   103 35.99   35.92  
c rst  luby ibes vmt  1356  829 K 1486      33K   782 5.84    5.75     3427  1352   43K   103 36.00   35.93  
c rst  luby ibes vmt  1357  829 K 1486      33K   782 5.84    5.75     3427  1352   43K   103 36.04   35.96  
c [impl-str] lit bin: 0 set-var: 0 T: 0.00 T-out: N T-r: 99.96% w-visit: 2978
c [impl-sub] bin: 1 T: 0.00 T-out: N w-visit: 2978
c rst  luby ibes vmt  1358  829 K 1486      33K   782 5.84    5.75     3427  1353   44K   102 36.05   35.98  
c rst  luby ibes vmt  1359  829 K 1486      33K   782 5.84    5.75     3427  1360   44K   102 36.04   35.97  
c rst  luby ibes vmt  1360  829 K 1486      33K   782 5.84    5.75     3427  1360   44K   102 36.05   35.97  
c rst  luby ibes vmt  1361  830 K 1486      33K   782 5.84    5.75     3457  1299   44K   102 36.05   35.98  
c rst  luby ibes vmt  1362  830 K 1486      33K   782 5.84    5.75     3457  1299   44K   102 36.11   36.04  
c [full-probe]  bin_only: 0 set: 0 repl: 0 T: 0.01 T-out: N T-r: 97.80%
c rst  luby ibes vmt  1363  830 K 1486      33K   782 5.84    5.75     3457  1300   45K   102 36.21   36.14  
c rst  luby svd  vmt  1364  831 K 1486      33K   782 5.84    5.75     3457  1303   45K   102 36.25   36.19  
c rst  luby svd  vmt  1365  833 K 1486      33K   782 5.84    5.75     3459  1321   47K   102 36.57   36.50  
c rst  luby svd  vmt  1366  833 K 1486      33K   782 5.84    5.75     3459  1321   47K   102 36.62   36.55  
c rst  luby svd  vmt  1367  833 K 1486      33K   782 5.84    5.75     3459  1323   47K   102 36.63   36.57  
c rst  luby svd  vmt  1368  833 K 1486      33K   782 5.84    5.75     3459  1327   47K   102 36.66   36.59  
c rst  luby svd  vmt  1369  833 K 1486      33K   782 5.84    5.75     3459  1327   47K   102 36.66   36.59  
c rst  luby svd  vmt  1370  833 K 1486      33K   782 5.84    5.75     3459  1328   48K   102 36.67   36.60  
c rst  luby svd  vmt  1371  833 K 1486      33K   782 5.84    5.75     3459  1328   48K   102 36.66   36.60  
c rst  luby svd  vmt  1372  834 K 1486      33K   782 5.84    5.75     3459  1330   48K   102 36.66   36.59  
c rst  luby svd  vmt  1373  834 K 1486      33K   782 5.84    5.75     3459  1331   48K   102 36.67   36.60  
c rst  luby svd  vmt  1374  834 K 1486      33K   782 5.84    5.75     3459  1331   48K   102 36.68   36.62  
c rst  luby svd  vmt  1375  834 K 1486      33K   782 5.84    5.75     3459  1331   49K   102 36.73   36.67  
c rst  luby svd  vmt  1376  834 K 1486      33K   782 5.84    5.75     3459  1331   49K   102 36.72   36.66  
c rst  luby svd  vmt  1377  834 K 1486      33K   782 5.84    5.75     3459  1331   49K   102 36.75   36.68  
c rst  luby svd  vmt  1378  835 K 1486      33K   782 5.84    5.75     3459  1331   49K   102 36.72   36.66  
c rst  luby svd  vmt  1379  835 K 1486      33K   782 5.84    5.75     3459  1331   49K   102 36.72   36.65  
c rst  luby svd  vmt  1380  836 K 1486      33K   782 5.84    5.75     3459  1331   50K   102 36.80   36.74  
c rst  luby svd  vmt  1381  836 K 1486      33K   782 5.84    5.75     3459  1331   50K   102 36.81   36.74  
c rst  luby svd  vmt  1382  836 K 1486      33K   782 5.84    5.75     3459  1331   50K   102 36.82   36.75  
c rst  luby svd  vmt  1383  836 K 1486      33K   782 5.84    5.75     3459  1331   51K   102 36.85   36.79  
c rst  luby svd  vmt  1384  836 K 1486      33K   782 5.84    5.75     3459  1332   51K   102 36.88   36.81  
c rst  luby svd  vmt  1385  836 K 1486      33K   782 5.84    5.75     3459  1332   51K   102 36.89   36.82  
c rst  luby svd  vmt  1386  837 K 1486      33K   782 5.84    5.75     3459  1334   51K   102 36.94   36.88  
c rst  luby svd  vmt  1387  837 K 1486      33K   782 5.84    5.75     3459  1337   51K   102 37.01   36.95  
c rst  luby svd  vmt  1388  837 K 1486      33K   782 5.84    5.75     3459  1338   52K   102 37.04   36.98  
c [gauss] XOR-encoding clauses are not detached, so no need to reattach them.
c [g 0] truth-find prop checks  : 2127K
c [g 0] -> of which prop        : 54.42 %
c [g 0] -> of which confl       :  1.54 %
c [g 0] elim called             : 110K
c [g 0] ---> which lead to prop : 101.64 %
c [g 0] ---> which lead to confl:  3.63 %
c [g 0] size: 76    x 510  
c [scc] new: 0 BP 0M T: 0.00
c [vrep] vars 0 lits 0 rem-bin-cls 0 rem-long-cls 0 BP 0M T: 0.01
c [intree] Set 0 vars hyper-added: 0 trans-irred: 0 trans-red: 0 T: 0.01 T-out: N T-r: -1.04%
c [find&init matx] performing matrix init
c [gauss] XOR-encoding clauses are not detached, so no need to reattach them.
c [xor-rem-unconnected] left with 909 xors from 909 non-empty xors T: 0.00
c [xor-together] xored together: 833 orig xors: 909 new xors: 76 T: 0.00
c [xor-rem-unconnected] left with 76 xors from 76 non-empty xors T: 0.00
c [xor-clean-equiv] removed equivalent xors: 0 left with: 76
c [matrix] unused xors from cleaning: 0
c [matrix] Good   matrix 0 76      x510    density:0.0963  xorlen avg: 49.09
c [matrix] Using 1 matrices recovered from 0 xors T: 0.00 T-out: N
c rst  luby svd  vmt  1389  837 K 1486      33K   782 5.84    5.75     3459  1339   52K   102 37.06   37.00  
c rst  luby svd  vmt  1390  837 K 1486      33K   782 5.84    5.75     3459  1340   52K   102 37.11   37.05  
c rst  luby svd  vmt  1391  838 K 1486      33K   782 5.84    5.75     3459  1340   52K   102 37.12   37.06  
c rst  luby svd  vmt  1392  838 K 1486      33K   782 5.84    5.75     3459  1340   52K   102 37.14   37.07  
c rst  luby svd  vmt  1393  838 K 1486      33K   782 5.84    5.75     3459  1340   52K   102 37.13   37.06  
c rst  luby svd  vmt  1394  838 K 1486      33K   782 5.84    5.75     3459  1341   53K   102 37.14   37.08  
c rst  luby svd  vmt  1395  839 K 1486      33K   782 5.84    5.75     3461  1345   53K   102 37.27   37.21  
c rst  luby svd  vmt  1396  841 K 1486      33K   782 5.84    5.75     3507  1428   38K   102 38.25   38.17  
c [distill-long-red0] cls tried: 78/78 T: 0.01 T-out: N T-r: 99.83%
c [distill-long-red1] cls tried: 77/766 T: 0.01 T-out: Y T-r: -2.05%
c rst  luby svd  vmt  1397  844 K 1486      33K   782 5.84    5.75     3507  1441   41K   102 38.13   38.05  
c rst  geom best vmt  1398  844 K 1486      33K   782 5.84    5.75     3507  1441   41K   102 38.19   38.11  
c rst  geom best vmt  1399  844 K 1486      33K   782 5.84    5.75     3507  1442   41K   102 38.17   38.09  
c rst  geom best vmt  1400  844 K 1486      33K   782 5.84    5.75     3507  1442   41K   102 38.15   38.07  
c rst  geom best vmt  1401  844 K 1486      33K   782 5.84    5.75     3507  1442   41K   102 38.15   38.07  
c rst  geom best vmt  1402  845 K 1486      33K   782 5.84    5.75     3507  1442   41K   102 38.13   38.05  
c rst  geom best vmt  1403  845 K 1486      33K   782 5.84    5.75     3508  1445   42K   102 38.14   38.06  
c [distill-bin] useful: 0/782/782 lits-rem: 0 cl-rem: 0 0-depth-assigns: 0 T: 0.01 T-out: N
c rst  geom best vmt  1404  845 K 1486      33K   782 5.84    5.75     3508  1445   42K   102 38.16   38.08  
c rst  geom best vmt  1405  845 K 1486      33K   782 5.84    5.75     3508  1445   42K   102 38.19   38.11  
c rst  geom best vmt  1406  845 K 1486      33K   782 5.84    5.75     3508  1445   42K   102 38.21   38.13  
c rst  geom best vmt  1407  846 K 1486      33K   782 5.84    5.75     3508  1445   43K   102 38.25   38.17  
c rst  geom best vmt  1408  846 K 1486      33K   782 5.84    5.75     3508  1445   43K   102 38.20   38.12  
c rst  geom best vmt  1409  846 K 1486      33K   782 5.84    5.75     3508  1446   43K   102 38.20   38.12  
c rst  geom best vmt  1410  847 K 1486      33K   782 5.84    5.75     3508  1446   43K   102 38.19   38.12  
c rst  geom best vmt  1411  847 K 1486      33K   782 5.84    5.75     3508  1446   44K   102 38.09   38.01  
c rst  geom best vmt  1412  847 K 1486      33K   782 5.84    5.75     3508  1447   44K   102 38.07   38.00  
c rst  geom best vmt  1413  848 K 1486      33K   782 5.84    5.75     3508  1448   45K   102 38.08   38.00  
c rst  geom best vmt  1414  848 K 1486      33K   782 5.84    5.75     3508  1448   45K   102 38.15   38.08  
c rst  geom best vmt  1415  849 K 1486      33K   782 5.84    5.75     3508  1448   46K   102 38.16   38.09  
c rst  geom best vmt  1416  849 K 1486      33K   782 5.84    5.75     3508  1448   46K   102 38.01   37.94  
c rst  geom best vmt  1417  850 K 1486      33K   782 5.84    5.75     3544  1376   47K   102 38.13   38.06  
c [full-probe]  bin_only: 1 set: 0 repl: 0 T: 0.00 T-out: N T-r: 99.81%
c rst  geom best vmt  1418  851 K 1486      33K   782 5.84    5.75     3545  1384   48K   102 38.08   38.01  
c rst  geom best vmt  1419  852 K 1486      33K   782 5.84    5.75     3545  1386   49K   102 38.22   38.16  
c rst  geom best vmt  1420  852 K 1486      33K   782 5.84    5.75     3545  1386   49K   102 38.20   38.14  
c rst  geom best vmt  1421  853 K 1486      33K   782 5.84    5.75     3545  1388   50K   102 38.07   38.01  
c [distill] watch-based irred--  cl tried 9664     cl-sh 0     cl-rem 0    lit-rem 0      T: 0.00 T-out: N
c [distill] watch-based red  --  cl tried 7090     cl-sh 18    cl-rem 0    lit-rem 29     T: 0.00 T-out: N
c rst  geom best vmt  1422  854 K 1486      33K   782 5.84    5.75     3545  1391   51K   102 38.13   38.07  
c [ccnr] saving best assignment phase to stable_polar
c [ccnr] bumping based on clause weights
c [ccnr] Bumped vars: 103 bump type: 6
c [ccnr] time: 0.28
c rst  geom best vmt  1423  856 K 1486      33K   782 5.84    5.75     3558  1562   38K   102 35.84   35.76  
c rst  geom best vmt  1424  857 K 1486      33K   782 5.84    5.75     3560  1587   39K   102 35.57   35.50  
c [distill-long-red0] cls tried: 58/58 T: 0.00 T-out: N T-r: 99.91%
c [distill-long-red1] cls tried: 97/869 T: 0.01 T-out: Y T-r: -0.91%
c rst  geom best vmt  1425  858 K 1486      33K   782 5.84    5.75     3561  1602   41K   102 35.04   34.97  
c rst  geom stb  vmt  1426  860 K 1486      33K   782 5.84    5.75     3600  1525   42K   102 34.41   34.34  
c rst  geom stb  vmt  1427  862 K 1486      33K   782 5.84    5.75     3603  1544   44K   102 33.89   33.83  
c rst  geom stb  vmt  1428  863 K 1486      33K   782 5.84    5.75     3605  1581   46K   102 33.51   33.45  
c rst  geom stb  vmt  1429  865 K 1486      33K   782 5.84    5.75     3606  1618   48K   102 33.26   33.20  
c [distill-bin] useful: 0/782/782 lits-rem: 0 cl-rem: 0 0-depth-assigns: 0 T: 0.00 T-out: N
c rst  geom stb  vmt  1430  868 K 1486      33K   782 5.84    5.75     3607  1676   50K   102 33.04   32.99  
c rst  geom stb  vmt  1431  870 K 1486      33K   782 5.84    5.75     3754  2022   37K   102 30.54   30.47  
c [full-probe]  bin_only: 0 set: 0 repl: 0 T: 0.00 T-out: N T-r: 98.37%
c rst  geom stb  vmt  1432  873 K 1486      33K   782 5.84    5.75     3756  2070   40K   102 30.12   30.05  
c [distill-long-red0] cls tried: 185/185 T: 0.01 T-out: N T-r: 99.60%
c [distill-long-red1] cls tried: 65/1316 T: 0.01 T-out: Y T-r: -1.40%
c rst  geom ibes vmt  1433  876 K 1486      33K   782 5.84    5.75     3759  2093   43K   102 29.63   29.57  
c rst  geom ibes vmt  1434  879 K 1486      33K   782 5.84    5.75     3765  2185   46K   102 29.30   29.24  
c [distill] watch-based irred--  cl tried 9664     cl-sh 0     cl-rem 0    lit-rem 0      T: 0.01 T-out: N
c [distill] watch-based red  --  cl tried 7530     cl-sh 2     cl-rem 0    lit-rem 3      T: 0.01 T-out: N
c rst  geom ibes vmt  1435  883 K 1486      33K   782 5.84    5.75     3926  2051   50K   102 28.93   28.88  
c rst  geom ibes vmt  1436  887 K 1486      33K   782 5.84    5.75     3953  2577   39K   102 23.87   23.82  
c ------- FINAL TOTAL SEARCH STATS ---------
c UIP search time          : 65.55       (97.26     % time)
c All times are for this thread only except if explicitly specified
c restarts                 : 1436        (617.87    confls per restart)
c blocked restarts         : 0           (0.00      per normal restart)
c time                     : 65.55       
c decisions                : 940902      (0.00      % random)
c propagations             : 39M         (602K      props/s)
c decisions/conflicts      : 1.06        
c conflicts                : 887258      
c LEARNT stats
c units learnt             : 2           (0.00      % of conflicts)
c bins learnt              : 96          (0.01      % of conflicts)
c long learnt              : 887354      (100.01    % of conflicts)
c red which0               : 803         (0.09      % of confl)
c SEAMLESS HYPERBIN&TRANS-RED stats
c advProp called           : 0           
c hyper-bin add bin        : 0           (0.00      bin/call)
c trans-red rem irred bin  : 0           (0.00      bin/call)
c trans-red rem red bin    : 0           (0.00      bin/call)
c CONFL LITS stats
c orig                     : 206609155   (232.86    lit/confl)
c recurs-min effective     : 861176      (97.06     % attempt successful)
c recurs-min lits          : 174052285   (84.24     % less overall)
c permDiff call%           : 0.76        (0.00      % attempt successful)
c permDiff lits-rem        : 0           (0.00      less lits/cl on attempts)
c further-min call%        : 0.00        (25.00     % attempt successful)
c bintri-min lits          : 6           (0.00      % less overall)
c final avg                : 36.69       
c all-threads sum CPU time : 65.55        s
c PROP stats
c Mbogo-props              : 150.22      (2.29      / sec)
c MHyper-props             : 0.05        (0.00      / sec)
c Mprops                   : 39.48       (0.60      / sec)
c -------- OccSimplifier STATS ----------
c time                     : 1.75        (0.00      % var-elim)
c called                   : 5           (0.35      s per call)
c 0-depth assigns          : 0           (0.00      % vars)
c -------- OccSimplifier STATS END ----------
c -------- SubsumeStrengthen STATS ----------
c cl-subs                  : 4016         Clauses
c cl-str rem lit           : 809          Lits
c cl-sub T                 : 0.19         s
c cl-str T                 : 1.33         s
c -------- SubsumeStrengthen STATS END ----------
c ----- SCC STATS --------
c time                     : 0.01        (0.00      per call)
c called                   : 25          (0.48      new found per call)
c found                    : 12          (50.00     % of all found)
c bogoprops                : 1006090     % of all found
c ----- SCC STATS END --------
c --------- VAR REPLACE STATS ----------
c time                     : 0.10        (0.01      per call)
c trees' crown             : 10          (0.36      % of vars)
c 0-depth assigns          : 0           (0.00      % vars)
c lits replaced            : 23344       
c bin cls removed          : 58          
c long cls removed         : 0           
c long lits removed        : 2007        
c bogoprops                : 3900893     
c --------- VAR REPLACE STATS END ----------
c vrep replace time        : 0.10        (0.15      % time)
c vrep tree roots          : 4           
c vrep trees' crown        : 10          (2.50      leafs/tree)
c -------- DISTILL-BIN STATS --------
c time                     : 0.27        (0.01      per call)
c timed out                : 0           (0.00      % of calls)
c distill/checked/potential: 0          /35767/35767
c lits-rem                 : 0           
c 0-depth-assigns          : 0           (0.00      % of vars)
c -------- DISTILL STATS END --------
c -------- STRENGTHEN STATS --------
c --> watch-based on irred cls
c time                     : 0.15        (0.00      s/call)
c shrinked/tried/total     : 139        /283030/2106172
c subsumed/tried/total     : 156        /283030/2106172
c lits-rem                 : 145         (0.01      % of lits tried)
c called                   : 68          (0.00      % ran out of time)
c --> watch-based on red cls
c time                     : 0.08        (0.00      s/call)
c shrinked/tried/total     : 809        /131974/131974
c subsumed/tried/total     : 8          /131974/131974
c lits-rem                 : 1440        (0.17      % of lits tried)
c called                   : 68          (0.00      % ran out of time)
c -------- STRENGTHEN STATS END --------
c -------- IMPLICIT SUB  STATS --------
c time                     : 0.02        (0.00      per call)
c timed out                : 0           (0.00      % of calls)
c rem bins                 : 43          
c -------- IMPLICIT SUB STATS END --------
c Mem used                 : 60          MB
c Mem for longclauses      : 10          MB (17.57     %)
c Mem for watch alloc      : 16          MB (27.14     %)
c Mem for watch array      : 0           MB (0.11      %)
c Mem for assings&vardata  : 0           MB (0.12      %)
c Mem for search&solve     : 0           MB (0.30      %)
c Mem for renumberer       : 0           MB (0.04      %)
c Mem for occsimplifier    : 1           MB (2.01      %)
c Mem for varReplacer&SCC  : 0           MB (0.10      %)
c Mem for impl subsume     : 0           MB (0.00      %)
c Mem for 3 distills       : 0           MB (0.00      %)
c Accounted for mem (rss)  : 47.40       %
c Accounted for mem (vm)   : 42.47       %
c restarts                 : 1436        (617.87    confls per restart)
c blocked restarts         : 0           (0.00      per normal restart)
c time                     : 65.55       
c decisions                : 940902      (0.00      % random)
c propagations             : 39M         (602K      props/s)
c decisions/conflicts      : 1.06        
c conflicts                : 887258      
c conf lits non-minim      : 206609155   (232.86    lit/confl)
c conf lits final          : 36.69       
c red which0               : 803         (0.09      % of confl)
c props/decision           : 0.00        
c props/conflict           : 0.00        
c 0-depth assigns          : 2           (0.13      % vars)
c 0-depth assigns by CNF   : 0           (0.00      % vars)
c reduceDB time            : 0.20        (0.30      % time)
c OccSimplifier time       : 1.75        (2.59      % time)
c [occur] 0.20 is overhead
c [occur] link-in T: 0.16 cleanup T: 0.04
c [occ-substr] long subBySub: 3856 subByStr: 160 lits-rem-str: 809 T: 1.52
c SCC time                 : 0.01        (0.01      % time)
c [scc] new: 12 BP 1M  T: 0.01
c vrep replace time        : 0.10        (0.15      % time)
c vrep tree roots          : 4           
c vrep trees' crown        : 10          (2.50      leafs/tree)
c distill long time        : 0.86        (1.27      % time)
c distill bin time         : 0.27        (0.40      % time)
c strength cache-irred time: 0.15        (0.22      % time)
c strength cache-red time  : 0.08        (0.12      % time)
c avg cls in red 0         : 1900.28     
c avg cls in red 1         : 1153.95     
c avg cls in red 2         : 42810.05    
c Conflicts in UIP         : 887258      (13164.50  confl/time_this_thread)
c Max Memory (rss) used    : 64956 kB    
c Total time (this thread) : 67.40       
s SATISFIABLE
v 1 -2 -3 -4 -5 6 -7 -8 9 10 11 -12 -13 -14 15 16 17 18 -19 -20 21 22 23 -24 -25 
v -26 -27 -28 -29 -30 -31 -32 -33 -34 -35 -36 -37 -38 -39 -40 -41 -42 -43 -44 
v -45 -46 -47 -48 -49 -50 51 52 53 -54 -55 -56 57 58 59 60 -61 -62 -63 -64 -65 
v -66 -67 -68 -69 -70 -71 -72 -73 -74 -75 -76 -77 -78 -79 -80 -81 -82 -83 -84 
v -85 -86 87 88 89 90 -91 -92 -93 -94 -95 -96 -97 -98 -99 -100 -101 -102 -103 
v -104 105 106 107 108 -109 -110 111 112 113 114 -115 -116 117 118 119 120 -121 
v -122 -123 -124 -125 -126 -127 -128 -129 -130 -131 -132 -133 -134 -135 -136 
v -137 -138 -139 -140 141 142 143 144 -145 -146 147 148 149 150 -151 -152 153 
v 154 155 156 -157 -158 -159 -160 -161 -162 -163 -164 -165 -166 -167 -168 -169 
v -170 -171 -172 -173 -174 -175 -176 -177 -178 -179 -180 -181 -182 -183 -184 
v -185 -186 -187 -188 -189 -190 -191 -192 -193 -194 -195 -196 -197 -198 -199 
v -200 -201 -202 -203 -204 -205 -206 -207 -208 -209 -210 -211 -212 -213 -214 
v -215 -216 -217 -218 -219 -220 -221 -222 -223 -224 -225 -226 -227 -228 -229 
v -230 -231 -232 -233 -234 -235 -236 -237 -238 -239 -240 -241 -242 -243 -244 
v -245 -246 -247 -248 -249 -250 -251 -252 -253 -254 -255 -256 -257 -258 -259 
v -260 -261 -262 -263 -264 -265 -266 -267 -268 -269 -270 -271 -272 -273 -274 
v -275 -276 -277 -278 -279 -280 -281 -282 -283 -284 -285 -286 -287 -288 -289 
v -290 -291 -292 -293 -294 -295 -296 -297 -298 -299 -300 -301 -302 -303 -304 
v -305 -306 -307 -308 -309 -310 -311 -312 -313 -314 -315 -316 -317 -318 -319 
v -320 321 322 323 324 -325 -326 327 328 329 330 -331 -332 333 334 335 336 -337 
v -338 -339 -340 -341 -342 343 -344 -345 -346 -347 -348 -349 -350 -351 -352 353 
v 354 355 356 -357 358 359 -360 -361 -362 -363 364 -365 366 367 -368 -369 -370 
v 371 372 -373 374 -375 -376 -377 -378 -379 380 -381 382 383 -384 -385 -386 387 
v 388 -389 390 -391 -392 -393 -394 -395 -396 -397 -398 -399 -400 -401 -402 -403 
v -404 -405 -406 -407 -408 -409 -410 -411 -412 -413 -414 -415 -416 -417 -418 
v -419 -420 -421 -422 -423 -424 -425 -426 -427 -428 -429 -430 -431 -432 -433 
v -434 -435 -436 -437 -438 -439 -440 -441 -442 -443 -444 -445 -446 -447 -448 
v -449 -450 -451 -452 -453 -454 -455 -456 -457 -458 -459 -460 -461 -462 -463 
v -464 -465 -466 -467 -468 -469 -470 -471 -472 -473 -474 -475 -476 -477 -478 
v -479 -480 -481 -482 -483 -484 -485 -486 -487 -488 -489 -490 -491 -492 -493 
v -494 -495 -496 -497 -498 -499 -500 -501 -502 -503 -504 -505 -506 -507 -508 
v -509 -510 -511 -512 -513 -514 -515 -516 -517 -518 -519 -520 -521 -522 -523 
v -524 -525 -526 -527 -528 -529 -530 -531 -532 -533 -534 -535 -536 -537 -538 
v -539 540 -541 542 543 -544 -545 -546 547 548 -549 550 -551 -552 -553 -554 
v -555 556 -557 558 559 -560 -561 -562 563 564 -565 566 -567 -568 -569 -570 
v -571 572 -573 574 575 -576 -577 -578 579 580 -581 582 -583 -584 -585 -586 
v -587 588 -589 590 591 -592 -593 -594 595 596 -597 598 -599 -600 -601 -602 
v -603 -604 -605 -606 -607 -608 -609 -610 -611 -612 -613 -614 -615 -616 -617 
v -618 -619 620 -621 622 623 -624 -625 -626 627 628 -629 630 -631 -632 -633 
v -634 -635 636 -637 638 639 -640 -641 -642 643 644 -645 646 -647 -648 -649 
v -650 -651 -652 -653 -654 -655 -656 -657 -658 -659 -660 -661 -662 -663 -664 
v -665 -666 -667 -668 -669 -670 -671 -672 -673 -674 -675 -676 -677 -678 -679 
v -680 -681 -682 -683 -684 -685 -686 -687 -688 -689 -690 -691 -692 -693 -694 
v -695 -696 -697 -698 -699 -700 -701 -702 703 704 -705 -706 -707 708 709 -710 
v 711 -712 -713 -714 -715 -716 -717 -718 -719 -720 -721 -722 723 -724 -725 -726 
v 727 728 -729 730 -731 -732 -733 -734 735 736 -737 738 -739 -740 -741 -742 
v -743 -744 -745 -746 -747 -748 -749 -750 -751 -752 -753 -754 -755 -756 -757 
v 758 -759 760 -761 -762 763 -764 -765 -766 -767 0
c [g 0] truth-find prop checks  : 2367K
c [g 0] -> of which prop        : 30.51 %
c [g 0] -> of which confl       :  1.15 %
c [g 0] elim called             : 266K
c [g 0] ---> which lead to prop : 43.71 %
c [g 0] ---> which lead to confl:  1.14 %
c [g 0] size: 76    x 510  
