c BreakID not compiled in, disabling
c CryptoMiniSat version 5.11.15
c CMS Copyright (C) 2009-2020 Authors of CryptoMiniSat, see AUTHORS file
c CMS SHA revision 
c Using VMTF code by Armin Biere from CaDiCaL
c Using Yalsat by Armin Biere, see Balint et al. Improving implementation of SLS solvers [...], SAT'14
c Using WalkSAT by Henry Kautz, see Kautz and Selman Pushing the envelope: planning, propositional logic, and stochastic search, AAAI'96,
c CMS is MIT licensed
c Using code from 'When Boolean Satisfiability Meets Gauss-E. in a Simplex Way'
c       by C.-S. Han and J.-H. Roland Jiang in CAV 2012. Fixes by M. Soos
c Using CCAnr from 'CCAnr: A Conf. Checking Based Local Search Solver [...]'
c       by Shaowei Cai, Chuan Luo, and Kaile Su, SAT 2015
c CMS compilation env CMAKE_CXX_COMPILER = /usr/bin/c++ | COMPILE_DEFINES =  -DRDB0_ONLY_FEATURES -DBOOST_TEST_DYN_LINK -DUSE_ZLIB -DYALSAT_FPU | STATICCOMPILE = OFF | ONLY_SIMPLE = OFF | Boost_FOUND = TRUE | STATS = OFF | SQLITE3_FOUND =  | ZLIB_FOUND = TRUE | VALGRIND_FOUND =  | ENABLE_TESTING = OFF | SLOW_DEBUG = OFF | ENABLE_ASSERTIONS = ON | PYTHON_EXECUTABLE =  | PYTHON_LIBRARY =  | PYTHON_INCLUDE_DIRS =  | MY_TARGETS =  | LARGEMEM = OFF | LIMITMEM = OFF | BREAKID_LIBRARIES =  | BREAKID-VER = . | BOSPHORUS_LIBRARIES =  | BOSPH-VER = . | compilation date time = Mar 31 2024 17:57:30
c CMS compiled with gcc version 13.2.0
c Executed with command line: cryptominisat5 --verb 1 /workspace/inputs/TRIMOSKA-ECICB-2024/upstream/benchmarks/Xn17l6-12-U.dimacs
c Reading file '/workspace/inputs/TRIMOSKA-ECICB-2024/upstream/benchmarks/Xn17l6-12-U.dimacs'
c -- header says num vars:            767
c -- header says num clauses:        2414
c -- clauses added: 2364
c -- xor clauses added: 50
c -- vars added 767
c Parsing time: 0.00 s
c [find&init matx] performing matrix init
c [gauss] XOR-encoding clauses are not detached, so no need to reattach them.
c [xor-rem-unconnected] left with 48 xors from 48 non-empty xors T: 0.00
c [xor-together] xored together: 0 orig xors: 48 new xors: 48 T: 0.00
c [xor-rem-unconnected] left with 48 xors from 48 non-empty xors T: 0.00
c [xor-clean-equiv] removed equivalent xors: 0 left with: 48
c [matrix] unused xors from cleaning: 0
c [matrix] Good   matrix  0     48 x  765  density:0.1106  xorlen avg: 84.65
c [matrix] Using 1 matrices recovered from 0 xors T: 0.00 T-out: N
c [branch] adjusting to: vsid (from: vsid) var_decay:0.95 descr: VSIDS
c rst  geom  stb   vs     1   114    2709 16584  1652    3.97    3.79     3    34    71     6  117.73  111.64
c rst  geom  stb   vs     2   238    2709 16584  1652    3.97    3.79     3    36   193     6   99.62   97.16
c  res  pol bran  nres  conf freevar  IrrL  IrrB l/longC  l/allC RedL0 RedL1 RedL2  RedB l/longC  l/allC
c rst  geom  stb   vs     3   372    2709 16584  1652    3.97    3.79     3    36   327     6   89.72   88.31
c rst  geom  stb   vs     4   519    2709 16584  1652    3.97    3.79     3    40   470     6   79.58   78.68
c rst  geom  stb   vs     5   680    2709 16584  1652    3.97    3.79     4    40   629     7   72.21   71.48
c rst  geom  stb   vs     6   857    2709 16584  1652    3.97    3.79     5    40   805     7   65.31   64.79
c rst  geom  stb   vs     7  1051    2709 16584  1652    3.97    3.79     7    40   993    11   73.09   72.35
c rst  geom  stb   vs     8  1265    2709 16584  1652    3.97    3.79     7    40  1206    12   74.80   74.11
c rst  geom  stb   vs     9  1499    2709 16584  1652    3.97    3.79     8    40  1439    12   75.09   74.50
c rst  geom  stb   vs    10  1756    2709 16584  1652    3.97    3.79     8    40  1696    12   72.65   72.16
c rst  geom  stb   vs    11  2038    2709 16584  1652    3.97    3.79     8    40  1978    12   71.16   70.75
c rst  geom  stb   vs    12  2348    2709 16584  1652    3.97    3.79    11    42  2283    12   69.04   68.70
c rst  geom  stb   vs    13  2689    2709 16584  1652    3.97    3.79    12    42  2623    12   67.33   67.04
c rst  geom  stb   vs    14  3063    2709 16584  1652    3.97    3.79    12    44  2995    12   68.22   67.96
c rst  geom  stb   vs    15  3473    2709 16584  1652    3.97    3.79    12    45  3404    12   67.72   67.49
c rst  geom  stb   vs    16  3923    2709 16584  1652    3.97    3.79    13    51  3847    12   65.53   65.33
c rst  geom  stb   vs    17  4417    2709 16584  1652    3.97    3.79    14    51  4340    12   61.50   61.34
c rst  geom  stb   vs    18  4960    2709 16584  1652    3.97    3.79    16    51  4880    13   61.17   61.01
c rst  geom  stb   vs    19  5557    2709 16584  1652    3.97    3.79    17    51  5476    13   59.31   59.18
c [branch] adjusting to: vmtf (from: vsid) var_decay:0.95 descr: VMTF
c [distill-long-red0] cls tried: 17/17 T: 0.00 T-out: N T-r: 99.99%
c [distill-long-red1] cls tried: 51/51 T: 0.00 T-out: N T-r: 95.74%
c rst  luby ibes  vmt    20  5659    2709 16584  1652    3.97    3.79    23    67  5554    15   59.24   59.09
c rst  luby ibes  vmt    21  5760    2709 16584  1652    3.97    3.79    23    67  5655    15   58.73   58.58
c rst  luby ibes  vmt    22  5962    2709 16584  1652    3.97    3.79    23    67  5857    15   57.66   57.52
c rst  luby ibes  vmt    23  6064    2709 16584  1652    3.97    3.79    23    67  5959    15   57.06   56.92
c rst  luby ibes  vmt    24  6166    2709 16584  1652    3.97    3.79    23    67  6061    15   56.62   56.49
c rst  luby ibes  vmt    25  6368    2709 16584  1652    3.97    3.79    23    67  6263    15   55.55   55.43
c rst  luby ibes  vmt    26  6770    2709 16584  1652    3.97    3.79    23    67  6665    15   53.45   53.33
c rst  luby ibes  vmt    27  6872    2709 16584  1652    3.97    3.79    23    67  6767    15   52.93   52.82
c rst  luby ibes  vmt    28  6974    2709 16584  1652    3.97    3.79    23    67  6869    15   52.42   52.31
c rst  luby ibes  vmt    29  7176    2709 16584  1652    3.97    3.79    23    67  7071    15   51.43   51.33
c rst  luby ibes  vmt    30  7278    2709 16584  1652    3.97    3.79    23    67  7173    15   50.94   50.84
c rst  luby ibes  vmt    31  7380    2709 16584  1652    3.97    3.79    23    67  7275    15   50.49   50.39
c rst  luby ibes  vmt    32  7582    2709 16584  1652    3.97    3.79    23    67  7477    15   49.61   49.52
c rst  luby ibes  vmt    33  7984    2709 16584  1652    3.97    3.79    23    67  7879    15   48.18   48.09
c rst  luby ibes  vmt    34  8786    2709 16584  1652    3.97    3.79    23    67  8681    15   45.81   45.73
c rst  luby ibes  vmt    35  8888    2709 16584  1652    3.97    3.79    23    67  8783    15   45.58   45.51
c rst  luby ibes  vmt    36  8990    2709 16584  1652    3.97    3.79    23    67  8885    15   45.38   45.31
c rst  luby ibes  vmt    37  9192    2709 16584  1652    3.97    3.79    23    67  9087    15   44.86   44.79
c rst  luby ibes  vmt    38  9294    2709 16584  1652    3.97    3.79    23    67  9189    15   44.63   44.56
c rst  luby ibes  vmt    39  9396    2709 16584  1652    3.97    3.79    23    67  9291    15   44.41   44.34
c rst  luby ibes  vmt    40  9598    2709 16584  1652    3.97    3.79    23    67  9493    15   44.02   43.96
c rst  luby ibes  vmt    41 10000    2709 16584  1652    3.97    3.79    59    31  9895    15   43.46   43.40
c rst  luby ibes  vmt    42 10102    2709 16584  1652    3.97    3.79    59    31  9997    15   43.31   43.25
c rst  luby ibes  vmt    43 10203    2709 16584  1652    3.97    3.79    59    31 10098    15   43.10   43.04
c rst  luby ibes  vmt    44 10405    2709 16584  1652    3.97    3.79    59    31 10300    15   42.67   42.61
c rst  luby ibes  vmt    45 10506    2709 16584  1652    3.97    3.79    59    31 10401    15   42.57   42.51
c rst  luby ibes  vmt    46 10608    2709 16584  1652    3.97    3.79    59    31 10503    15   42.36   42.30
c rst  luby ibes  vmt    47 10810    2709 16584  1652    3.97    3.79    59    31 10705    15   41.96   41.90
c rst  luby  svd  vmt    48 11212    2709 16584  1652    3.97    3.79    59    32 11106    15   43.26   43.20
c rst  luby  svd  vmt    49 12013    2709 16584  1652    3.97    3.79    59    32 11907    15   42.77   42.72
c [branch] adjusting to: vsid (from: vmtf) var_decay:0.95 descr: VSIDS
c [distill-bin] useful: 4/1652/1652 lits-rem: 0 cl-rem: 4 0-depth-assigns: 0 T: 0.00 T-out: N
c rst  geom  svd   vs    50 12124    2709 16584  1648    3.97    3.79    59    32 12017    16   42.75   42.70
c rst  geom  svd   vs    51 12247    2709 16584  1648    3.97    3.79    59    32 12140    16   42.77   42.72
c rst  geom  svd   vs    52 12382    2709 16584  1648    3.97    3.79    59    32 12275    16   42.66   42.60
c rst  geom  svd   vs    53 12531    2709 16584  1648    3.97    3.79    59    32 12424    16   42.45   42.40
c rst  geom  svd   vs    54 12692    2709 16584  1648    3.97    3.79    59    32 12585    16   42.36   42.31
c rst  geom  svd   vs    55 12870    2709 16584  1648    3.97    3.79    59    32 12763    16   42.17   42.12
c rst  geom  svd   vs    56 13064    2709 16584  1648    3.97    3.79    59    32 12957    16   42.00   41.95
c rst  geom  svd   vs    57 13278    2709 16584  1648    3.97    3.79    59    32 13171    16   41.82   41.77
c rst  geom  svd   vs    58 13512    2709 16584  1648    3.97    3.79    59    32 13405    16   41.83   41.79
c rst  geom  svd   vs    59 13770    2709 16584  1648    3.97    3.79    59    32 13663    16   41.90   41.85
c rst  geom  svd   vs    60 14052    2709 16584  1648    3.97    3.79    59    32 13945    16   41.58   41.54
c rst  geom  svd   vs    61 14362    2709 16584  1648    3.97    3.79    59    32 14255    16   41.28   41.24
c rst  geom  svd   vs    62 14703    2709 16584  1648    3.97    3.79    59    32 14596    16   41.19   41.14
c rst  geom  svd   vs    63 15077    2709 16584  1648    3.97    3.79    62    46 14953    16   41.16   41.12
c rst  geom  svd   vs    64 15487    2709 16584  1648    3.97    3.79    62    46 15363    16   41.05   41.01
c rst  geom  svd   vs    65 15938    2709 16584  1648    3.97    3.79    62    46 15813    17   40.98   40.94
c rst  geom  svd   vs    66 16432    2709 16584  1648    3.97    3.79    62    46 16307    17   40.74   40.70
c rst  geom best   vs    67 16975    2709 16584  1648    3.97    3.79    64    51 16843    17   41.58   41.54
c rst  geom best   vs    68 17572    2709 16584  1648    3.97    3.79    64    51 17440    17   41.44   41.41
c rst  geom best   vs    69 18228    2709 16584  1648    3.97    3.79    64    52 18094    18   41.45   41.41
c [branch] adjusting to: vmtf (from: vsid) var_decay:0.95 descr: VMTF
c rst  luby best  vmt    70 18329    2709 16584  1648    3.97    3.79    65    53 18193    18   41.49   41.45
c rst  luby best  vmt    71 18430    2709 16584  1648    3.97    3.79    65    53 18294    18   41.59   41.55
c rst  luby best  vmt    72 18631    2709 16584  1648    3.97    3.79    65    53 18495    18   41.76   41.72
c rst  luby best  vmt    73 18733    2709 16584  1648    3.97    3.79    66    53 18596    18   41.84   41.80
c rst  luby best  vmt    74 18835    2709 16584  1648    3.97    3.79    66    53 18698    18   41.86   41.82
c rst  luby best  vmt    75 19038    2709 16584  1648    3.97    3.79    66    53 18901    18   41.84   41.81
c rst  luby best  vmt    76 19440    2709 16584  1648    3.97    3.79    66    53 19303    18   41.81   41.77
c rst  luby best  vmt    77 19542    2709 16584  1648    3.97    3.79    66    53 19405    18   41.75   41.72
c rst  luby best  vmt    78 19644    2709 16584  1648    3.97    3.79    66    53 19507    18   41.73   41.69
c rst  luby best  vmt    79 19846    2709 16584  1648    3.97    3.79    67    55 19706    18   41.72   41.69
c rst  luby best  vmt    80 19948    2709 16584  1648    3.97    3.79    68    56 19806    18   41.82   41.79
c rst  luby best  vmt    81   20K    2709 16584  1648    3.97    3.79    78    48 19906    19   41.82   41.78
c [full-probe]  bin_only: 1 set: 0 repl: 0 T: 0.00 T-out: N T-r: 99.83%
c rst  luby best  vmt    82   20K    2709 16584  1648    3.97    3.79    79    52   20K    25   41.86   41.81
c rst  luby best  vmt    83   20K    2709 16584  1648    3.97    3.79    79    52   20K    25   41.87   41.83
c [distill-long-red0] cls tried: 32/32 T: 0.00 T-out: N T-r: 99.98%
c [distill-long-red1] cls tried: 31/31 T: 0.00 T-out: N T-r: 85.86%
c rst  luby best  vmt    84   21K    2709 16584  1648    3.97    3.79    79    55   21K    25   41.76   41.71
c rst  luby best  vmt    85   21K    2709 16584  1648    3.97    3.79    79    55   21K    25   41.72   41.67
c rst  luby best  vmt    86   21K    2709 16584  1648    3.97    3.79    79    55   21K    25   41.72   41.68
c rst  luby  stb  vmt    87   21K    2709 16584  1648    3.97    3.79    80    55   21K    25   41.76   41.72
c rst  luby  stb  vmt    88   21K    2709 16584  1648    3.97    3.79    80    55   21K    25   41.72   41.67
c rst  luby  stb  vmt    89   22K    2709 16584  1648    3.97    3.79    80    55   21K    25   41.73   41.69
c rst  luby  stb  vmt    90   22K    2709 16584  1648    3.97    3.79    80    55   22K    25   41.77   41.72
c rst  luby  stb  vmt    91   22K    2709 16584  1648    3.97    3.79    80    55   22K    25   41.51   41.47
c rst  luby  stb  vmt    92   22K    2709 16584  1648    3.97    3.79    80    55   22K    25   41.58   41.54
c rst  luby  stb  vmt    93   22K    2709 16584  1648    3.97    3.79    87    76   22K    27   41.56   41.51
c rst  luby  stb  vmt    94   23K    2709 16584  1648    3.97    3.79    87    77   22K    29   42.05   42.00
c rst  luby  stb  vmt    95   23K    2709 16584  1648    3.97    3.79    89    81   22K    29   42.19   42.14
c rst  luby  stb  vmt    96   23K    2709 16584  1648    3.97    3.79    91    85   23K    29   42.35   42.30
c rst  luby  stb  vmt    97   23K    2709 16584  1648    3.97    3.79    96    87   23K    30   42.62   42.56
c rst  luby  stb  vmt    98   23K    2709 16584  1648    3.97    3.79   102    88   23K    30   42.80   42.75
c rst  luby  stb  vmt    99   24K    2709 16584  1648    3.97    3.79   110    89   24K    31   43.23   43.18
c rst  luby  stb  vmt   100   26K    2709 16584  1648    3.97    3.79   123    90   26K    32   44.55   44.50
c [branch] adjusting to: vsid (from: vmtf) var_decay:0.95 descr: VSIDS
c [distill] watch-based irred--  cl tried     1429 cl-sh     0 cl-rem    3 lit-rem      0 T: 0.00 T-out: N
c [distill] watch-based   red--  cl tried      246 cl-sh     2 cl-rem    0 lit-rem      4 T: 0.00 T-out: N
c rst  geom  stb   vs   101   26K    2709 16581  1651    3.97    3.79   124    92   26K    29   44.64   44.59
c rst  geom  stb   vs   102   26K    2709 16581  1651    3.97    3.79   124    92   26K    29   44.58   44.53
c rst  geom  stb   vs   103   26K    2709 16581  1651    3.97    3.79   124    92   26K    29   44.63   44.58
c rst  geom  stb   vs   104   26K    2709 16581  1651    3.97    3.79   124    92   26K    29   44.59   44.54
c rst  geom  stb   vs   105   26K    2709 16581  1651    3.97    3.79   125    92   26K    29   44.63   44.58
c rst  geom ibes   vs   106   27K    2709 16581  1651    3.97    3.79   125    92   26K    29   44.62   44.57
c rst  geom ibes   vs   107   27K    2709 16581  1651    3.97    3.79   125    92   27K    29   44.48   44.44
c rst  geom ibes   vs   108   27K    2709 16581  1651    3.97    3.79   125    92   27K    29   44.33   44.28
c rst  geom ibes   vs   109   27K    2709 16581  1651    3.97    3.79   125    92   27K    29   44.20   44.15
c rst  geom ibes   vs   110   28K    2709 16581  1651    3.97    3.79   125    92   27K    29   44.06   44.01
c rst  geom ibes   vs   111   28K    2709 16581  1651    3.97    3.79   125    92   28K    29   43.84   43.80
c rst  geom ibes   vs   112   28K    2709 16581  1651    3.97    3.79   125    92   28K    29   43.60   43.56
c rst  geom ibes   vs   113   28K    2709 16581  1651    3.97    3.79   125    92   28K    29   43.35   43.31
c rst  geom ibes   vs   114   29K    2709 16581  1651    3.97    3.79   125    92   29K    29   43.13   43.09
c rst  geom ibes   vs   115   29K    2709 16581  1651    3.97    3.79   125    92   29K    29   42.81   42.77
c rst  geom ibes   vs   116   30K    2709 16581  1651    3.97    3.79   170   109   22K    29   39.67   39.62
c rst  geom ibes   vs   117   30K    2709 16581  1651    3.97    3.79   170   109   23K    29   39.28   39.23
c rst  geom ibes   vs   118   31K    2709 16581  1651    3.97    3.79   170   109   24K    29   38.84   38.79
c rst  geom ibes   vs   119   31K    2709 16581  1651    3.97    3.79   170   109   24K    29   38.42   38.37
c rst  geom ibes   vs   120   32K    2709 16581  1651    3.97    3.79   170   109   25K    29   37.98   37.93
c [distill-bin] useful: 0/1651/1651 lits-rem: 0 cl-rem: 0 0-depth-assigns: 0 T: 0.01 T-out: N
c rst  geom  svd   vs   121   33K    2709 16581  1651    3.97    3.79   170   109   26K    29   38.04   38.00
c rst  geom  svd   vs   122   34K    2709 16581  1651    3.97    3.79   170   109   26K    30   37.85   37.81
c [branch] adjusting to: vmtf (from: vsid) var_decay:0.95 descr: VMTF
c rst  luby  svd  vmt   123   34K    2709 16581  1651    3.97    3.79   171   109   26K    31   38.01   37.97
c rst  luby  svd  vmt   124   34K    2709 16581  1651    3.97    3.79   171   118   26K    32   38.13   38.09
c rst  luby  svd  vmt   125   34K    2709 16581  1651    3.97    3.79   180   141   27K    32   38.40   38.36
c rst  luby  svd  vmt   126   34K    2709 16581  1651    3.97    3.79   180   141   27K    32   38.72   38.67
c rst  luby  svd  vmt   127   34K    2709 16581  1651    3.97    3.79   180   142   27K    32   38.73   38.69
c rst  luby  svd  vmt   128   34K    2709 16581  1651    3.97    3.79   185   158   27K    32   38.77   38.72
c rst  luby  svd  vmt   129   35K    2709 16581  1651    3.97    3.79   187   176   27K    33   38.85   38.81
c rst  luby  svd  vmt   130   35K    2709 16581  1651    3.97    3.79   191   182   28K    33   38.89   38.85
c rst  luby  svd  vmt   131   35K    2709 16581  1651    3.97    3.79   191   182   28K    33   38.91   38.86
c rst  luby  svd  vmt   132   35K    2709 16581  1651    3.97    3.79   192   197   28K    33   39.26   39.22
c rst  luby  svd  vmt   133   35K    2709 16581  1651    3.97    3.79   197   197   28K    33   39.44   39.39
c [distill-long-red0] cls tried: 112/112 T: 0.00 T-out: N T-r: 99.91%
c [distill-long-red1] cls tried: 84/153 T: 0.01 T-out: Y T-r: -0.44%
c rst  luby  svd  vmt   134   35K    2709 16581  1651    3.97    3.79   194   200   28K    37   39.47   39.42
c rst  luby  svd  vmt   135   36K    2709 16581  1651    3.97    3.79   196   203   28K    37   39.60   39.55
c rst  luby  svd  vmt   136   36K    2709 16581  1651    3.97    3.79   198   215   29K    39   39.59   39.54
c rst  luby  svd  vmt   137   37K    2709 16581  1651    3.97    3.79   200   224   29K    41   40.36   40.31
c rst  luby  svd  vmt   138   37K    2709 16581  1651    3.97    3.79   201   224   29K    41   40.40   40.35
c rst  luby  svd  vmt   139   37K    2709 16581  1651    3.97    3.79   201   224   30K    42   40.48   40.42
c rst  luby  svd  vmt   140   37K    2709 16581  1651    3.97    3.79   202   230   30K    42   40.49   40.44
c rst  luby  svd  vmt   141   37K    2709 16581  1651    3.97    3.79   202   232   30K    43   40.55   40.49
c rst  luby  svd  vmt   142   37K    2709 16581  1651    3.97    3.79   202   232   30K    44   40.67   40.62
c rst  luby  svd  vmt   143   38K    2709 16581  1651    3.97    3.79   202   232   30K    44   41.17   41.11
c rst  geom best  vmt   144   38K    2709 16581  1651    3.97    3.79   203   234   30K    44   41.16   41.10
c rst  geom best  vmt   145   38K    2709 16581  1651    3.97    3.79   203   251   30K    44   41.11   41.06
c rst  geom best  vmt   146   38K    2709 16581  1651    3.97    3.79   203   253   31K    44   41.24   41.19
c rst  geom best  vmt   147   38K    2709 16581  1651    3.97    3.79   203   256   31K    44   41.28   41.23
c rst  geom best  vmt   148   38K    2709 16581  1651    3.97    3.79   206   282   31K    44   41.31   41.26
c rst  geom best  vmt   149   38K    2709 16581  1651    3.97    3.79   207   289   31K    44   41.35   41.30
c rst  geom best  vmt   150   39K    2709 16581  1651    3.97    3.79   208   302   31K    44   41.32   41.27
c rst  geom best  vmt   151   39K    2709 16581  1651    3.97    3.79   209   302   31K    44   41.34   41.29
c rst  geom best  vmt   152   39K    2709 16581  1651    3.97    3.79   209   307   32K    44   41.43   41.37
c rst  geom best  vmt   153   39K    2709 16581  1651    3.97    3.79   209   314   32K    44   41.47   41.41
c rst  geom best  vmt   154   40K    2709 16581  1651    3.97    3.79   288   240   32K    44   41.61   41.55
c [full-probe]  bin_only: 0 set: 0 repl: 0 T: 0.00 T-out: N T-r: 97.91%
c [impl-str] lit bin: 0 set-var: 0 T: 0.00 T-out: N T-r: 99.95% w-visit: 5418
c [impl-sub] bin: 19 T: 0.00 T-out: N w-visit: 5418
c rst  geom best  vmt   155   40K    2709 16581  1651    3.97    3.79   288   246   32K    31   41.54   41.51
c rst  geom best  vmt   156   40K    2709 16581  1651    3.97    3.79   290   251   33K    31   41.60   41.57
c rst  geom best  vmt   157   41K    2709 16581  1651    3.97    3.79   293   259   33K    31   41.70   41.67
c rst  geom best  vmt   158   41K    2709 16581  1651    3.97    3.79   293   265   34K    31   41.81   41.77
c rst  geom best  vmt   159   41K    2709 16581  1651    3.97    3.79   295   290   34K    31   42.04   42.00
c rst  geom best  vmt   160   42K    2709 16581  1651    3.97    3.79   298   308   34K    31   42.12   42.09
c [branch] adjusting to: vsid (from: vmtf) var_decay:0.95 descr: VSIDS
c rst  geom best   vs   161   42K    2709 16581  1651    3.97    3.79   298   308   35K    31   42.12   42.08
c rst  geom best   vs   162   42K    2709 16581  1651    3.97    3.79   299   308   35K    31   42.04   42.01
c rst  geom best   vs   163   42K    2709 16581  1651    3.97    3.79   299   308   35K    31   41.95   41.92
c rst  geom best   vs   164   42K    2709 16581  1651    3.97    3.79   299   308   35K    31   41.88   41.85
c rst  geom best   vs   165   43K    2709 16581  1651    3.97    3.79   299   308   35K    31   41.83   41.79
c rst  geom best   vs   166   43K    2709 16581  1651    3.97    3.79   299   308   35K    31   41.73   41.70
c rst  geom best   vs   167   43K    2709 16581  1651    3.97    3.79   299   308   35K    31   41.62   41.59
c rst  geom  stb   vs   168   43K    2709 16581  1651    3.97    3.79   299   308   36K    31   41.55   41.51
c rst  geom  stb   vs   169   43K    2709 16581  1651    3.97    3.79   299   308   36K    31   41.47   41.44
c rst  geom  stb   vs   170   44K    2709 16581  1651    3.97    3.79   299   309   36K    31   41.39   41.36
c [ccnr] tries: 0 steps: 262143 best found: 12
c [ccnr] tries: 0 steps: 524287 best found: 9
c [ccnr] tries: 0 steps: 786431 best found: 9
c [ccnr] saving best assignment phase to stable_polar
c [ccnr] bumping based on clause weights
c [ccnr] Bumped vars: 102 bump type: 6
c [ccnr] time: 0.38
c rst  geom  stb   vs   171   44K    2709 16581  1651    3.97    3.79   299   309   36K    31   41.34   41.30
c rst  geom  stb   vs   172   44K    2709 16581  1651    3.97    3.79   299   309   37K    31   41.22   41.19
c rst  geom  stb   vs   173   45K    2709 16581  1651    3.97    3.79   336   751   30K    31   43.27   43.23
c rst  geom  stb   vs   174   45K    2709 16581  1651    3.97    3.79   336   754   30K    31   43.14   43.10
c rst  geom  stb   vs   175   45K    2709 16581  1651    3.97    3.79   336   754   31K    31   43.03   42.99
c rst  geom  stb   vs   176   46K    2709 16581  1651    3.97    3.79   336   755   31K    31   43.00   42.96
c rst  geom  stb   vs   177   46K    2709 16581  1651    3.97    3.79   336   755   32K    31   43.00   42.96
c rst  geom  stb   vs   178   47K    2709 16581  1651    3.97    3.79   338   759   32K    31   42.95   42.91
c rst  geom  stb   vs   179   48K    2709 16581  1651    3.97    3.79   342   764   33K    31   42.90   42.87
c rst  geom  stb   vs   180   48K    2709 16581  1651    3.97    3.79   344   766   33K    31   42.94   42.91
c rst  geom  stb   vs   181   49K    2709 16581  1651    3.97    3.79   344   766   34K    31   42.79   42.75
c rst  geom ibes   vs   182   50K    2709 16581  1651    3.97    3.79   371   739   35K    31   42.58   42.54
c [gauss] XOR-encoding clauses are not detached, so no need to reattach them.
c [g 0] truth-find prop checks  : 681K
c [g 0] -> of which prop        : 46.22 %
c [g 0] -> of which confl       :  3.99 %
c [g 0] elim called             : 98K
c [g 0] ---> which lead to prop : 12.06 %
c [g 0] ---> which lead to confl:  0.75 %
c [g 0] size: 48    x 765  
c [scc] new: 5 BP 0M T: 0.00
c [vrep] vars 5 lits 15276 rem-bin-cls 24 rem-long-cls 0 BP 0M T: 0.02
c [scc] new: 0 BP 0M T: 0.00
c [vrep] vars 0 lits 0 rem-bin-cls 0 rem-long-cls 0 BP 0M T: 0.00
c [intree] Set 0 vars hyper-added: 733 trans-irred: 0 trans-red: 2 T: 0.00 T-out: N T-r: -0.83%
c [find&init matx] performing matrix init
c [gauss] XOR-encoding clauses are not detached, so no need to reattach them.
c [xor-rem-unconnected] left with 48 xors from 48 non-empty xors T: 0.00
c [xor-together] xored together: 0 orig xors: 48 new xors: 48 T: 0.00
c [xor-rem-unconnected] left with 48 xors from 48 non-empty xors T: 0.00
c [xor-clean-equiv] removed equivalent xors: 0 left with: 48
c [matrix] unused xors from cleaning: 0
c [matrix] Good   matrix 0 48      x762    density:0.1103  xorlen avg: 84.06
c [matrix] Using 1 matrices recovered from 0 xors T: 0.00 T-out: N
c rst  geom ibes vs   183   51  K 2704    16581  1641 3.97    3.79      371   739   36K   758 42.11   41.31  
c [distill-long-red0] cls tried: 165/165 T: 0.01 T-out: N T-r: 99.63%
c [distill-long-red1] cls tried: 24/624 T: 0.01 T-out: Y T-r: -2.98%
c rst  geom ibes vs   184   52  K 2704    16581  1641 3.97    3.79      369   739   37K   760 41.63   40.86  
c [distill] watch-based irred--  cl tried 1425     cl-sh 0     cl-rem 1    lit-rem 0      T: 0.00 T-out: N
c [distill] watch-based red  --  cl tried 737      cl-sh 23    cl-rem 1    lit-rem 39     T: 0.00 T-out: N
c rst  geom ibes vs   185   53  K 2704    16580  1642 3.97    3.79      368   739   38K   760 41.16   40.42  
c [branch] adjusting to: vmtf (from: vsid) var_decay:0.95 descr: VMTF
c [distill-bin] useful: 0/1517/1642 lits-rem: 0 cl-rem: 0 0-depth-assigns: 0 T: 0.01 T-out: Y
c rst  luby ibes vmt  186   53  K 2704    16580  1642 3.97    3.79      373   759   38K   760 41.16   40.42  
c rst  luby ibes vmt  187   53  K 2704    16580  1642 3.97    3.79      373   759   38K   760 41.16   40.42  
c rst  luby ibes vmt  188   53  K 2704    16580  1642 3.97    3.79      373   759   38K   760 41.10   40.36  
c rst  luby ibes vmt  189   53  K 2704    16580  1642 3.97    3.79      373   759   38K   760 41.08   40.35  
c rst  luby ibes vmt  190   53  K 2704    16580  1642 3.97    3.79      373   759   38K   760 41.03   40.30  
c rst  luby ibes vmt  191   53  K 2704    16580  1642 3.97    3.79      373   759   39K   760 40.93   40.21  
c rst  luby ibes vmt  192   54  K 2704    16580  1642 3.97    3.79      373   759   39K   760 40.71   40.00  
c rst  luby ibes vmt  193   54  K 2704    16580  1642 3.97    3.79      373   759   39K   760 40.67   39.96  
c rst  luby ibes vmt  194   54  K 2704    16580  1642 3.97    3.79      373   759   39K   760 40.64   39.93  
c rst  luby ibes vmt  195   54  K 2704    16580  1642 3.97    3.79      373   759   39K   760 40.55   39.85  
c rst  luby ibes vmt  196   54  K 2704    16580  1642 3.97    3.79      373   759   39K   760 40.53   39.83  
c rst  luby ibes vmt  197   54  K 2704    16580  1642 3.97    3.79      373   759   40K   760 40.49   39.79  
c rst  luby ibes vmt  198   55  K 2704    16580  1642 3.97    3.79      373   759   40K   760 40.41   39.72  
c rst  luby svd  vmt  199   55  K 2704    16580  1642 3.97    3.79      373   759   40K   760 40.29   39.61  
c rst  luby svd  vmt  200   56  K 2704    16580  1642 3.97    3.79      373   759   41K   760 40.13   39.46  
c recursive minimization cost OK: 262Kcost/(% lits removed)
c [gauss] XOR-encoding clauses are not detached, so no need to reattach them.
c [g 0] truth-find prop checks  : 46K
c [g 0] -> of which prop        : 71.99 %
c [g 0] -> of which confl       :  4.47 %
c [g 0] elim called             : 3062
c [g 0] ---> which lead to prop : 12.93 %
c [g 0] ---> which lead to confl:  0.72 %
c [g 0] size: 48    x 762  
c --> Executing strategy token: scc-vrepl
c [scc] new: 1 BP 0M T: 0.00
c --> Executing strategy token: sub-impl
c [impl-sub] bin: 2 T: 0.00 T-out: N w-visit: 5418
c --> Executing strategy token: breakid
c --> Executing OCC strategy token(s): 'occ-backw-sub-str,occ-clean-implicit,occ-bve,occ-bva,occ-ternary-res,occ-xor,'
c [occ] mem usage for occur 1      MB
c [occ] Linked in IRRED BIN by default: 1642
c [occ] Linked in RED   BIN by default: 758
c [occ] mem usage for occur 0      MB
c Mem for watch alloc      : 3           MB (16.22     %)
c Mem for watch array      : 0           MB (0.86      %)
c --> Executing OCC strategy token: occ-backw-sub-str
c [occ-backw-sub-str-long-w-bins] subs: 4 str: 3 tried: 2401 0-depth ass: 0 T: 0.00 T-out: N T-r: 99.42%
c [occ-backw-sub-long-w-long] rem cl: 21 tried: 58896/58896 (100.0%) T: 0.01 T-out: N T-r: 96.53%
c [occ-backw-sub-str-long-w-long] sub: 1 str: 4 tried: 176688/58896 (300.0)  T: 0.04 T-out: N T-r: 88.96%
c [occ-backw-sub-str-w-added-long]  sub: 0 str: 0 0-depth ass: 0 T: 0.00 T-out: N T-r: 100.00%
c --> Executing OCC strategy token: occ-clean-implicit
c --> Executing OCC strategy token: occ-bve
c [occ-empty-res] Empty resolvent elimed: 0 T: 0.00 T-out: N
c [occ-bve] iter v-elim 10
c cl_inc_rate=1.0, var_dec_rate=1.0 (grow=0)
c Reduced to 2694 vars, 18215 cls (grow=0)
c [occ-bve] iter v-elim 285
c cl_inc_rate=1.1, var_dec_rate=1.1 (grow=8)
c Reduced to 2409 vars, 19471 cls (grow=8)
c x n vars       : 2409
c #try to eliminate:  5654
c #var-elim        :   295
c #T-o: N
c #T-r: 99.99%
c #T  : 0.05
c [occur] 0.02 is overhead
c [occur] link-in T: 0.02 cleanup T: 0.00
c --> Executing OCC strategy token: occ-bva
c --> Executing OCC strategy token: occ-ternary-res
c [occ-ternary-res] Ternary res-tri: 56 res-bin: 0 sub: 2 str: 0 T: 0.00 T-out: N T-r: 99.40%
c --> Executing OCC strategy token: occ-xor
c [occ-xor] sort occur list T: 0.00
c [xor-clean-equiv] removed equivalent xors: 0 left with: 1832
c [occ-xor] found   1832 avg sz 4.0 min sz  4 max sz  5 T: 0.00 T-out: N T-r: 99.98%
c --> Executing strategy token: card-find
c --> Executing strategy token: cl-consolidate
c [mem] consolidate  old-sz: 10055K new-sz: 5396K new bits offs: 20 T: 0.00
c --> Executing strategy token: scc-vrepl
c [scc] new: 1 BP 0M T: 0.00
c --> Executing strategy token: renumber
c --> Executing strategy token: bosphorus
c --> Executing strategy token: louvain-comms
c [consolidate] mini T: 0.00
c global_timeout_multiplier: 3.3000
c [branch] rebuilding order heap for all branchings. Current branching: vmtf
c [find&init matx] performing matrix init
c [gauss] XOR-encoding clauses are not detached, so no need to reattach them.
c [xor-rem-unconnected] left with 1832 xors from 1832 non-empty xors T: 0.00
c [xor-together] xored together: 1794 orig xors: 1832 new xors: 38 T: 0.00
c [xor-rem-unconnected] left with 38 xors from 38 non-empty xors T: 0.00
c [xor-clean-equiv] removed equivalent xors: 0 left with: 38
c [matrix] unused xors from cleaning: 0
c [matrix] Good   matrix  0     38 x  452  density:0.2180  xorlen avg: 98.53
c [matrix] Using 1 matrices recovered from 0 xors T: 0.00 T-out: N
c rst  luby  svd  vmt   201   56K    2409 18592   879    4.11    4.01   107   138   29K    79   32.29   32.21
c rst  luby  svd  vmt   202   56K    2409 18592   879    4.11    4.01   107   138   29K    79   32.31   32.23
c rst  luby  svd  vmt   203   56K    2409 18592   879    4.11    4.01   107   138   29K    79   32.32   32.24
c rst  luby  svd  vmt   204   56K    2409 18592   879    4.11    4.01   107   138   29K    79   32.25   32.17
c rst  luby  svd  vmt   205   56K    2409 18592   879    4.11    4.01   107   138   29K    79   32.23   32.15
c rst  luby  svd  vmt   206   56K    2409 18592   879    4.11    4.01   107   138   29K    79   32.21   32.13
c rst  luby  svd  vmt   207   57K    2409 18592   879    4.11    4.01   107   138   29K    79   32.21   32.13
c rst  luby  svd  vmt   208   57K    2409 18592   879    4.11    4.01   107   138   30K    79   32.20   32.12
c rst  luby  svd  vmt   209   57K    2409 18592   879    4.11    4.01   107   138   30K    79   32.20   32.12
c rst  luby  svd  vmt   210   57K    2409 18592   879    4.11    4.01   107   138   30K    79   32.20   32.13
c rst  luby  svd  vmt   211   57K    2409 18592   879    4.11    4.01   107   138   30K    79   32.22   32.14
c rst  luby  svd  vmt   212   58K    2409 18592   879    4.11    4.01   107   138   30K    79   32.21   32.13
c rst  luby  svd  vmt   213   58K    2409 18592   879    4.11    4.01   107   138   30K    79   32.19   32.11
c rst  luby  svd  vmt   214   58K    2409 18592   879    4.11    4.01   107   138   31K    79   32.15   32.07
c rst  luby  svd  vmt   215   58K    2409 18592   879    4.11    4.01   107   138   31K    79   32.11   32.04
c rst  luby  svd  vmt   216   59K    2409 18592   879    4.11    4.01   107   138   32K    79   32.06   31.99
c rst  luby  svd  vmt   217   61K    2409 18592   879    4.11    4.01   108   137   27K    79   29.33   29.25
c [full-probe]  bin_only: 1 set: 0 repl: 0 T: 0.00 T-out: N T-r: 99.83%
c rst  geom best  vmt   218   61K    2409 18592   879    4.11    4.01   108   137   27K    79   29.32   29.24
c rst  geom best  vmt   219   61K    2409 18592   879    4.11    4.01   108   137   27K    79   29.32   29.24
c rst  geom best  vmt   220   61K    2409 18592   879    4.11    4.01   108   137   27K    79   29.29   29.22
c rst  geom best  vmt   221   61K    2409 18592   879    4.11    4.01   108   137   27K    79   29.27   29.20
c rst  geom best  vmt   222   61K    2409 18592   879    4.11    4.01   108   137   28K    79   29.27   29.19
c rst  geom best  vmt   223   61K    2409 18592   879    4.11    4.01   108   137   28K    79   29.29   29.22
c rst  geom best  vmt   224   62K    2409 18592   879    4.11    4.01   108   137   28K    79   29.27   29.19
c rst  geom best  vmt   225   62K    2409 18592   879    4.11    4.01   108   137   28K    79   29.21   29.14
c rst  geom best  vmt   226   62K    2409 18592   879    4.11    4.01   108   137   28K    79   29.22   29.14
c rst  geom best  vmt   227   62K    2409 18592   879    4.11    4.01   108   137   29K    79   29.17   29.10
c [branch] adjusting to: vsid (from: vmtf) var_decay:0.95 descr: VSIDS
c rst  geom best   vs   228   63K    2409 18592   879    4.11    4.01   108   137   29K    79   29.16   29.08
c rst  geom best   vs   229   63K    2409 18592   879    4.11    4.01   108   137   29K    79   29.15   29.08
c rst  geom best   vs   230   63K    2409 18592   879    4.11    4.01   108   137   29K    79   29.15   29.08
c rst  geom best   vs   231   63K    2409 18592   879    4.11    4.01   108   137   29K    79   29.11   29.04
c rst  geom best   vs   232   63K    2409 18592   879    4.11    4.01   108   137   29K    79   29.09   29.02
c rst  geom best   vs   233   63K    2409 18592   879    4.11    4.01   108   137   30K    79   29.05   28.98
c rst  geom best   vs   234   63K    2409 18592   879    4.11    4.01   108   137   30K    79   29.07   29.00
c rst  geom best   vs   235   64K    2409 18592   879    4.11    4.01   108   137   30K    79   29.03   28.96
c rst  geom best   vs   236   64K    2409 18592   879    4.11    4.01   108   137   30K    79   29.00   28.93
c rst  geom best   vs   237   64K    2409 18592   879    4.11    4.01   108   137   30K    79   28.93   28.87
c rst  geom best   vs   238   64K    2409 18592   879    4.11    4.01   108   137   31K    79   28.84   28.77
c rst  geom best   vs   239   65K    2409 18592   879    4.11    4.01   108   137   31K    79   28.76   28.70
c rst  geom best   vs   240   65K    2409 18592   879    4.11    4.01   108   137   31K    79   28.72   28.65
c rst  geom best   vs   241   65K    2409 18592   879    4.11    4.01   108   137   32K    79   28.60   28.54
c rst  geom best   vs   242   66K    2409 18592   879    4.11    4.01   108   137   32K    79   28.50   28.43
c [distill-long-red0] cls tried: 12/12 T: 0.00 T-out: N T-r: 99.98%
c [distill-long-red1] cls tried: 53/53 T: 0.00 T-out: N T-r: 70.59%
c rst  geom best   vs   243   66K    2409 18592   879    4.11    4.01   108   137   33K    79   28.43   28.36
c rst  geom  stb   vs   244   67K    2409 18592   879    4.11    4.01   108   138   33K    79   28.60   28.54
c rst  geom  stb   vs   245   67K    2409 18592   879    4.11    4.01   108   138   34K    79   28.55   28.49
c rst  geom  stb   vs   246   68K    2409 18592   879    4.11    4.01   108   138   34K    79   28.39   28.33
c rst  geom  stb   vs   247   69K    2409 18592   879    4.11    4.01   108   138   35K    79   28.27   28.21
c rst  geom  stb   vs   248   69K    2409 18592   879    4.11    4.01   108   138   36K    79   28.29   28.24
c rst  geom  stb   vs   249   70K    2409 18592   879    4.11    4.01   111   135   36K    79   28.20   28.14
c rst  geom  stb   vs   250   71K    2409 18592   879    4.11    4.01   111   135   37K    79   28.03   27.97
c rst  geom  stb   vs   251   72K    2409 18592   879    4.11    4.01   111   135   38K    79   27.94   27.89
c rst  geom  stb   vs   252   73K    2409 18592   879    4.11    4.01   111   135   39K    79   27.94   27.89
c [distill-bin] useful: 0/879/879 lits-rem: 0 cl-rem: 0 0-depth-assigns: 0 T: 0.00 T-out: N
c rst  geom ibes   vs   253   74K    2409 18592   879    4.11    4.01   111   135   40K    79   27.77   27.72
c rst  geom ibes   vs   254   75K    2409 18592   879    4.11    4.01   111   135   33K    79   27.16   27.10
c [branch] adjusting to: vmtf (from: vsid) var_decay:0.95 descr: VMTF
c rst  luby ibes  vmt   255   76K    2409 18592   879    4.11    4.01   111   135   33K    79   27.15   27.09
c rst  luby ibes  vmt   256   76K    2409 18592   879    4.11    4.01   111   135   34K    79   27.11   27.06
c rst  luby ibes  vmt   257   76K    2409 18592   879    4.11    4.01   111   135   34K    79   27.04   26.98
c rst  luby ibes  vmt   258   76K    2409 18592   879    4.11    4.01   111   135   34K    79   27.01   26.95
c rst  luby ibes  vmt   259   76K    2409 18592   879    4.11    4.01   111   135   34K    79   26.97   26.91
c rst  luby ibes  vmt   260   76K    2409 18592   879    4.11    4.01   111   135   34K    79   26.90   26.84
c rst  luby ibes  vmt   261   77K    2409 18592   879    4.11    4.01   111   135   35K    79   26.79   26.74
c [distill] watch-based irred--  cl tried     7656 cl-sh   139 cl-rem  152 lit-rem    145 T: 0.00 T-out: N
c [distill] watch-based   red--  cl tried      222 cl-sh     2 cl-rem    0 lit-rem      2 T: 0.00 T-out: N
c rst  luby ibes  vmt   262   77K    2409 18440   889    4.10    4.00   111   135   35K    69   26.79   26.74
c rst  luby ibes  vmt   263   77K    2409 18440   889    4.10    4.00   111   135   35K    69   26.78   26.73
c rst  luby ibes  vmt   264   77K    2409 18440   889    4.10    4.00   111   135   35K    69   26.73   26.69
c rst  luby ibes  vmt   265   77K    2409 18440   889    4.10    4.00   111   135   35K    69   26.71   26.67
c rst  luby ibes  vmt   266   77K    2409 18440   889    4.10    4.00   111   135   35K    69   26.69   26.64
c rst  luby ibes  vmt   267   77K    2409 18440   889    4.10    4.00   111   135   35K    69   26.65   26.60
c rst  luby ibes  vmt   268   78K    2409 18440   889    4.10    4.00   111   135   36K    69   26.61   26.56
c rst  luby ibes  vmt   269   79K    2409 18440   889    4.10    4.00   111   135   37K    69   26.49   26.44
c rst  luby ibes  vmt   270   79K    2409 18440   889    4.10    4.00   111   135   37K    69   26.47   26.42
c rst  luby ibes  vmt   271   79K    2409 18440   889    4.10    4.00   111   135   37K    69   26.44   26.40
c rst  luby  svd  vmt   272   79K    2409 18440   889    4.10    4.00   111   135   37K    69   26.47   26.43
c rst  luby  svd  vmt   273   79K    2409 18440   889    4.10    4.00   111   135   37K    69   26.47   26.42
c rst  luby  svd  vmt   274   79K    2409 18440   889    4.10    4.00   111   135   37K    69   26.46   26.41
c rst  luby  svd  vmt   275   79K    2409 18440   889    4.10    4.00   111   135   37K    69   26.49   26.44
c rst  luby  svd  vmt   276   80K    2409 18440   889    4.10    4.00   111   118   38K    69   26.43   26.39
c rst  luby  svd  vmt   277   80K    2409 18440   889    4.10    4.00   111   118   38K    69   26.42   26.37
c rst  luby  svd  vmt   278   80K    2409 18440   889    4.10    4.00   111   118   38K    69   26.40   26.36
c rst  luby  svd  vmt   279   80K    2409 18440   889    4.10    4.00   111   118   38K    69   26.37   26.33
c rst  luby  svd  vmt   280   80K    2409 18440   889    4.10    4.00   111   118   38K    69   26.38   26.34
c rst  luby  svd  vmt   281   80K    2409 18440   889    4.10    4.00   111   118   38K    69   26.41   26.37
c rst  luby  svd  vmt   282   81K    2409 18440   889    4.10    4.00   111   118   39K    69   26.44   26.39
c [full-probe]  bin_only: 0 set: 0 repl: 0 T: 0.00 T-out: N T-r: 97.94%
c rst  luby  svd  vmt   283   81K    2409 18440   889    4.10    4.00   111   118   39K    69   26.41   26.37
c [distill-long-red0] cls tried: 3/3 T: 0.00 T-out: N T-r: 99.99%
c [distill-long-red1] cls tried: 0/0 T: 0.00 T-out: N T-r: 100.00%
c rst  luby  svd  vmt   284   82K    2409 18440   889    4.10    4.00   111   118   40K    69   26.33   26.29
c rst  luby  svd  vmt   285   84K    2409 18440   889    4.10    4.00   111   118   41K    69   26.25   26.21
c rst  luby  svd  vmt   286   84K    2409 18440   889    4.10    4.00   111   118   42K    69   26.27   26.23
c rst  luby  svd  vmt   287   84K    2409 18440   889    4.10    4.00   111   118   42K    69   26.27   26.23
c rst  luby  svd  vmt   288   84K    2409 18440   889    4.10    4.00   111   118   42K    69   26.28   26.24
c rst  luby  svd  vmt   289   84K    2409 18440   889    4.10    4.00   111   118   42K    69   26.29   26.25
c rst  luby  svd  vmt   290   84K    2409 18440   889    4.10    4.00   111   118   42K    69   26.29   26.25
c rst  luby  svd  vmt   291   84K    2409 18440   889    4.10    4.00   111   118   42K    69   26.30   26.26
c rst  luby  svd  vmt   292   85K    2409 18440   889    4.10    4.00   111   118   43K    69   26.29   26.25
c rst  luby  svd  vmt   293   85K    2409 18440   889    4.10    4.00   111   118   43K    69   26.29   26.25
c rst  geom best  vmt   294   85K    2409 18440   889    4.10    4.00   111   118   43K    69   26.27   26.23
c rst  geom best  vmt   295   85K    2409 18440   889    4.10    4.00   111   118   43K    69   26.26   26.22
c rst  geom best  vmt   296   85K    2409 18440   889    4.10    4.00   111   118   43K    69   26.26   26.22
c rst  geom best  vmt   297   85K    2409 18440   889    4.10    4.00   111   118   43K    69   26.27   26.23
c rst  geom best  vmt   298   85K    2409 18440   889    4.10    4.00   111   118   43K    69   26.28   26.24
c rst  geom best  vmt   299   86K    2409 18440   889    4.10    4.00   111   118   44K    69   26.28   26.24
c rst  geom best  vmt   300   86K    2409 18440   889    4.10    4.00   111   118   44K    69   26.27   26.23
c rst  geom best  vmt   301   86K    2409 18440   889    4.10    4.00   111   118   44K    69   26.30   26.26
c rst  geom best  vmt   302   86K    2409 18440   889    4.10    4.00   111   118   44K    69   26.29   26.25
c rst  geom best  vmt   303   87K    2409 18440   889    4.10    4.00   111   118   45K    69   26.28   26.24
c rst  geom best  vmt   304   87K    2409 18440   889    4.10    4.00   111   118   45K    69   26.28   26.24
c rst  geom best  vmt   305   87K    2409 18440   889    4.10    4.00   111   118   45K    69   26.27   26.23
c [branch] adjusting to: vsid (from: vmtf) var_decay:0.95 descr: VSIDS
c rst  geom best   vs   306   87K    2409 18440   889    4.10    4.00   111   118   45K    69   26.27   26.23
c rst  geom best   vs   307   87K    2409 18440   889    4.10    4.00   111   118   45K    69   26.27   26.23
c rst  geom best   vs   308   88K    2409 18440   889    4.10    4.00   111   118   46K    69   26.27   26.24
c rst  geom best   vs   309   88K    2409 18440   889    4.10    4.00   111   118   46K    69   26.27   26.23
c rst  geom best   vs   310   88K    2409 18440   889    4.10    4.00   111   118   46K    69   26.26   26.22
c [ccnr] tries: 0 steps: 262143 best found: 13
c [ccnr] tries: 0 steps: 524287 best found: 6
c [ccnr] tries: 0 steps: 786431 best found: 5
c [ccnr] saving best assignment phase to stable_polar
c [ccnr] bumping based on var unsat frequency: conflict_ct
c [ccnr] Bumped vars: 2709 bump type: 6
c [ccnr] time: 0.36
c rst  geom best   vs   311   88K    2409 18440   889    4.10    4.00   111   118   46K    70   26.25   26.21
c rst  geom best   vs   312   88K    2409 18440   889    4.10    4.00   111   118   46K    70   26.28   26.24
c rst  geom best   vs   313   88K    2409 18440   889    4.10    4.00   111   118   46K    70   26.25   26.22
c rst  geom best   vs   314   89K    2409 18440   889    4.10    4.00   111   118   47K    70   26.22   26.19
c rst  geom best   vs   315   89K    2409 18440   889    4.10    4.00   111   118   47K    70   26.20   26.17
c rst  geom best   vs   316   89K    2409 18440   889    4.10    4.00   111   118   47K    70   26.20   26.17
c rst  geom best   vs   317   90K    2409 18440   889    4.10    4.00   111   116   35K    70   24.65   24.61
c rst  geom best   vs   318   90K    2409 18440   889    4.10    4.00   111   116   36K    70   24.61   24.56
c rst  geom best   vs   319   90K    2409 18440   889    4.10    4.00   111   116   36K    70   24.56   24.52
c rst  geom best   vs   320   91K    2409 18440   889    4.10    4.00   111   116   37K    70   24.54   24.50
c rst  geom best   vs   321   91K    2409 18440   889    4.10    4.00   111   116   37K    70   24.48   24.44
c rst  geom  stb   vs   322   92K    2409 18440   889    4.10    4.00   111   116   38K    70   24.52   24.48
c rst  geom  stb   vs   323   92K    2409 18440   889    4.10    4.00   111   116   38K    70   24.71   24.66
c rst  geom  stb   vs   324   93K    2409 18440   889    4.10    4.00   112   116   39K    71   24.82   24.78
c rst  geom  stb   vs   325   93K    2409 18440   889    4.10    4.00   112   116   39K    71   24.82   24.78
c [distill-bin] useful: 0/889/889 lits-rem: 0 cl-rem: 0 0-depth-assigns: 0 T: 0.00 T-out: N
c rst  geom  stb   vs   326   94K    2409 18440   889    4.10    4.00   112   116   40K    71   25.00   24.96
c rst  geom  stb   vs   327   95K    2409 18440   889    4.10    4.00   112   116   41K    71   24.99   24.96
c rst  geom  stb   vs   328   96K    2409 18440   889    4.10    4.00   112   116   42K    71   25.12   25.08
c rst  geom  stb   vs   329   97K    2409 18440   889    4.10    4.00   112   116   43K    71   25.16   25.12
c [distill-long-red0] cls tried: 1/1 T: 0.00 T-out: N T-r: 100.00%
c [distill-long-red1] cls tried: 0/0 T: 0.00 T-out: N T-r: 100.00%
c rst  geom  stb   vs   330   98K    2409 18440   889    4.10    4.00   112   116   44K    71   25.29   25.26
c rst  geom ibes   vs   331   99K    2409 18440   889    4.10    4.00   112   116   45K    71   25.28   25.25
c rst  geom ibes   vs   332  100K    2409 18440   889    4.10    4.00   112   108   46K    71   25.07   25.03
c [impl-str] lit bin: 0 set-var: 0 T: 0.00 T-out: N T-r: 99.95% w-visit: 5418
c [impl-sub] bin: 1 T: 0.00 T-out: N w-visit: 5418
c rst  geom ibes   vs   333  102K    2409 18440   889    4.10    4.00   112   108   48K    70   25.00   24.97
c [branch] adjusting to: vmtf (from: vsid) var_decay:0.95 descr: VMTF
c [full-probe]  bin_only: 1 set: 0 repl: 0 T: 0.00 T-out: N T-r: 99.75%
c rst  luby ibes  vmt   334  102K    2409 18440   889    4.10    4.00   117   118   48K    71   25.03   24.99
c [distill] watch-based irred--  cl tried     7504 cl-sh     1 cl-rem    0 lit-rem      1 T: 0.00 T-out: N
c [distill] watch-based   red--  cl tried      230 cl-sh     0 cl-rem    7 lit-rem      0 T: 0.00 T-out: N
c rst  luby ibes  vmt   335  102K    2409 18439   890    4.10    4.00   110   118   48K    71   25.03   25.00
c rst  luby ibes  vmt   336  102K    2409 18439   890    4.10    4.00   110   118   48K    71   25.06   25.02
c rst  luby ibes  vmt   337  102K    2409 18439   890    4.10    4.00   110   118   48K    71   25.04   25.01
c rst  luby ibes  vmt   338  102K    2409 18439   890    4.10    4.00   110   118   48K    71   25.03   25.00
c rst  luby ibes  vmt   339  102K    2409 18439   890    4.10    4.00   110   118   48K    71   25.01   24.98
c rst  luby ibes  vmt   340  103K    2409 18439   890    4.10    4.00   110   118   49K    71   24.95   24.92
c rst  luby ibes  vmt   341  103K    2409 18439   890    4.10    4.00   110   118   49K    71   24.94   24.91
c rst  luby ibes  vmt   342  103K    2409 18439   890    4.10    4.00   110   118   49K    71   24.93   24.90
c rst  luby ibes  vmt   343  103K    2409 18439   890    4.10    4.00   110   118   49K    71   24.94   24.91
c rst  luby ibes  vmt   344  103K    2409 18439   890    4.10    4.00   110   118   49K    71   24.94   24.91
c rst  luby ibes  vmt   345  103K    2409 18439   890    4.10    4.00   110   118   49K    71   24.93   24.90
c rst  luby ibes  vmt   346  104K    2409 18439   890    4.10    4.00   110   118   50K    71   24.92   24.89
c rst  luby ibes  vmt   347  104K    2409 18439   890    4.10    4.00   110   118   50K    71   24.91   24.88
c rst  luby  svd  vmt   348  105K    2409 18439   890    4.10    4.00   110   123   37K    71   24.44   24.40
c rst  luby  svd  vmt   349  105K    2409 18439   890    4.10    4.00   110   123   37K    71   24.46   24.42
c rst  luby  svd  vmt   350  105K    2409 18439   890    4.10    4.00   110   123   37K    71   24.46   24.42
c rst  luby  svd  vmt   351  105K    2409 18439   890    4.10    4.00   110   123   37K    71   24.46   24.42
c rst  luby  svd  vmt   352  105K    2409 18439   890    4.10    4.00   110   123   38K    71   24.46   24.42
c rst  luby  svd  vmt   353  105K    2409 18439   890    4.10    4.00   110   123   38K    71   24.45   24.41
c rst  luby  svd  vmt   354  106K    2409 18439   890    4.10    4.00   110   123   38K    71   24.44   24.40
c rst  luby  svd  vmt   355  106K    2409 18439   890    4.10    4.00   110   123   38K    71   24.43   24.39
c rst  luby  svd  vmt   356  106K    2409 18439   890    4.10    4.00   110   123   38K    71   24.45   24.41
c rst  luby  svd  vmt   357  106K    2409 18439   890    4.10    4.00   110   123   38K    71   24.48   24.43
c rst  luby  svd  vmt   358  106K    2409 18439   890    4.10    4.00   110   123   39K    71   24.52   24.48
c rst  luby  svd  vmt   359  107K    2409 18439   890    4.10    4.00   110   123   39K    71   24.52   24.48
c rst  luby  svd  vmt   360  107K    2409 18439   890    4.10    4.00   110   123   39K    71   24.53   24.48
c rst  luby  svd  vmt   361  107K    2409 18439   890    4.10    4.00   110   123   39K    71   24.55   24.51
c rst  luby  svd  vmt   362  107K    2409 18439   890    4.10    4.00   110   123   39K    71   24.73   24.69
c rst  luby  svd  vmt   363  108K    2409 18439   890    4.10    4.00   110   123   40K    71   25.04   25.00
c rst  luby  svd  vmt   364  110K    2409 18439   890    4.10    4.00   112   109   42K    71   25.37   25.33
c rst  luby  svd  vmt   365  110K    2409 18439   890    4.10    4.00   112   109   42K    71   25.38   25.34
c rst  luby  svd  vmt   366  110K    2409 18439   890    4.10    4.00   112   109   42K    71   25.39   25.35
c rst  luby  svd  vmt   367  110K    2409 18439   890    4.10    4.00   112   109   42K    71   25.46   25.42
c rst  luby  svd  vmt   368  110K    2409 18439   890    4.10    4.00   112   109   42K    71   25.47   25.43
c rst  geom best  vmt   369  110K    2409 18439   890    4.10    4.00   112   109   42K    71   25.48   25.44
c rst  geom best  vmt   370  110K    2409 18439   890    4.10    4.00   112   109   43K    71   25.47   25.44
c rst  geom best  vmt   371  111K    2409 18439   890    4.10    4.00   112   109   43K    71   25.48   25.44
c rst  geom best  vmt   372  111K    2409 18439   890    4.10    4.00   112   109   43K    71   25.48   25.44
c rst  geom best  vmt   373  111K    2409 18439   890    4.10    4.00   112   109   43K    71   25.49   25.46
c rst  geom best  vmt   374  111K    2409 18439   890    4.10    4.00   112   109   43K    71   25.50   25.46
c rst  geom best  vmt   375  111K    2409 18439   890    4.10    4.00   112   109   43K    71   25.52   25.48
c rst  geom best  vmt   376  111K    2409 18439   890    4.10    4.00   112   109   44K    71   25.53   25.49
c rst  geom best  vmt   377  112K    2409 18439   890    4.10    4.00   112   109   44K    71   25.51   25.48
c rst  geom best  vmt   378  112K    2409 18439   890    4.10    4.00   112   109   44K    71   25.49   25.46
c [distill-long-red0] cls tried: 7/7 T: 0.00 T-out: N T-r: 99.99%
c [distill-long-red1] cls tried: 13/13 T: 0.00 T-out: N T-r: 96.29%
c rst  geom best  vmt   379  112K    2409 18439   890    4.10    4.00   112   109   44K    71   25.47   25.44
c rst  geom best  vmt   380  113K    2409 18439   890    4.10    4.00   112   109   45K    71   25.46   25.42
c rst  geom best  vmt   381  113K    2409 18439   890    4.10    4.00   112   109   45K    71   25.43   25.39
c rst  geom best  vmt   382  113K    2409 18439   890    4.10    4.00   112   109   45K    71   25.47   25.43
c rst  geom best  vmt   383  114K    2409 18439   890    4.10    4.00   123   205   46K    71   25.42   25.39
c [distill-bin] useful: 0/890/890 lits-rem: 0 cl-rem: 0 0-depth-assigns: 0 T: 0.00 T-out: N
c rst  geom best  vmt   384  114K    2409 18439   890    4.10    4.00   123   210   46K    71   25.48   25.44
c rst  geom best  vmt   385  115K    2409 18439   890    4.10    4.00   124   222   47K    71   25.42   25.39
c rst  geom best  vmt   386  115K    2409 18439   890    4.10    4.00   127   228   47K    71   25.36   25.32
c [gauss] XOR-encoding clauses are not detached, so no need to reattach them.
c [g 0] truth-find prop checks  : 811K
c [g 0] -> of which prop        : 73.83 %
c [g 0] -> of which confl       :  3.19 %
c [g 0] elim called             : 40K
c [g 0] ---> which lead to prop : 41.04 %
c [g 0] ---> which lead to confl:  1.24 %
c [g 0] size: 38    x 452  
c [scc] new: 2 BP 0M T: 0.00
c [vrep] vars 2 lits 5723 rem-bin-cls 8 rem-long-cls 2 BP 0M T: 0.01
c [scc] new: 0 BP 0M T: 0.00
c [vrep] vars 0 lits 0 rem-bin-cls 0 rem-long-cls 0 BP 0M T: 0.00
c [intree] Set 0 vars hyper-added: 56 trans-irred: 0 trans-red: 0 T: 0.00 T-out: N T-r: -0.88%
c [find&init matx] performing matrix init
c [gauss] XOR-encoding clauses are not detached, so no need to reattach them.
c [xor-rem-unconnected] left with 1832 xors from 1832 non-empty xors T: 0.00
c [xor-together] xored together: 1786 orig xors: 1832 new xors: 46 T: 0.00
c [xor-rem-unconnected] left with 46 xors from 46 non-empty xors T: 0.00
c [xor-clean-equiv] removed equivalent xors: 0 left with: 46
c [matrix] unused xors from cleaning: 0
c [matrix] Good   matrix 0 46      x458    density:0.1785  xorlen avg: 81.74
c [matrix] Using 1 matrices recovered from 0 xors T: 0.00 T-out: N
c rst  geom best vmt  387   116 K 2407    18439   886 4.10    4.00      128   237   48K   127 25.27   25.21  
c rst  geom best vmt  388   116 K 2407    18439   886 4.10    4.00      132   247   48K   127 25.26   25.20  
c rst  geom stb  vmt  389   117 K 2407    18439   886 4.10    4.00      133   260   49K   127 25.25   25.19  
c [branch] adjusting to: vsid (from: vmtf) var_decay:0.95 descr: VSIDS
c rst  geom stb  vs   390   117 K 2407    18439   886 4.10    4.00      133   260   49K   127 25.26   25.21  
c rst  geom stb  vs   391   117 K 2407    18439   886 4.10    4.00      133   260   49K   127 25.28   25.23  
c rst  geom stb  vs   392   117 K 2407    18439   886 4.10    4.00      133   260   49K   127 25.30   25.24  
c rst  geom stb  vs   393   118 K 2407    18439   886 4.10    4.00      133   260   50K   127 25.31   25.25  
c rst  geom stb  vs   394   118 K 2407    18439   886 4.10    4.00      133   260   50K   127 25.33   25.28  
c rst  geom stb  vs   395   118 K 2407    18439   886 4.10    4.00      133   260   50K   127 25.36   25.31  
c rst  geom stb  vs   396   118 K 2407    18439   886 4.10    4.00      133   260   50K   127 25.38   25.33  
c rst  geom stb  vs   397   118 K 2407    18439   886 4.10    4.00      133   261   50K   127 25.43   25.37  
c rst  geom stb  vs   398   119 K 2407    18439   886 4.10    4.00      133   261   51K   127 25.47   25.41  
c rst  geom stb  vs   399   119 K 2407    18439   886 4.10    4.00      133   261   51K   127 25.51   25.45  
c rst  geom stb  vs   400   119 K 2407    18439   886 4.10    4.00      133   261   51K   127 25.53   25.48  
c rst  geom stb  vs   401   119 K 2407    18439   886 4.10    4.00      133   261   51K   127 25.63   25.57  
c rst  geom stb  vs   402   120 K 2407    18439   886 4.10    4.00      210   307   36K   127 26.99   26.91  
c rst  geom stb  vs   403   120 K 2407    18439   886 4.10    4.00      210   307   36K   127 26.99   26.91  
c rst  geom stb  vs   404   121 K 2407    18439   886 4.10    4.00      210   307   37K   127 26.97   26.89  
c rst  geom stb  vs   405   121 K 2407    18439   886 4.10    4.00      210   307   37K   127 27.02   26.94  
c rst  geom stb  vs   406   122 K 2407    18439   886 4.10    4.00      210   307   38K   127 27.11   27.03  
c rst  geom stb  vs   407   122 K 2407    18439   886 4.10    4.00      210   307   38K   127 27.26   27.17  
c [full-probe]  bin_only: 0 set: 0 repl: 0 T: 0.00 T-out: N T-r: 98.16%
c rst  geom stb  vs   408   123 K 2407    18439   886 4.10    4.00      210   308   39K   129 27.47   27.39  
c rst  geom ibes vs   409   123 K 2407    18439   886 4.10    4.00      210   308   39K   129 27.49   27.41  
c rst  geom ibes vs   410   124 K 2407    18439   886 4.10    4.00      210   308   40K   129 27.37   27.29  
c rst  geom ibes vs   411   125 K 2407    18439   886 4.10    4.00      210   308   41K   129 27.26   27.19  
c rst  geom ibes vs   412   126 K 2407    18439   886 4.10    4.00      210   308   42K   129 27.16   27.08  
c rst  geom ibes vs   413   127 K 2407    18439   886 4.10    4.00      210   308   43K   129 27.12   27.04  
c rst  geom ibes vs   414   128 K 2407    18439   886 4.10    4.00      210   308   44K   129 26.97   26.89  
c [distill-long-red0] cls tried: 83/83 T: 0.00 T-out: N T-r: 99.86%
c [distill-long-red1] cls tried: 98/213 T: 0.01 T-out: Y T-r: -0.74%
c [distill] watch-based irred--  cl tried 7502     cl-sh 0     cl-rem 0    lit-rem 0      T: 0.00 T-out: N
c [distill] watch-based red  --  cl tried 420      cl-sh 1     cl-rem 0    lit-rem 7      T: 0.00 T-out: N
c rst  geom ibes vs   415   129 K 2407    18439   886 4.10    4.00      210   308   45K   129 26.78   26.72  
c rst  geom ibes vs   416   130 K 2407    18439   886 4.10    4.00      211   287   46K   129 26.55   26.49  
c rst  geom svd  vs   417   132 K 2407    18439   886 4.10    4.00      214   320   48K   129 26.88   26.81  
c rst  geom svd  vs   418   133 K 2407    18439   886 4.10    4.00      218   337   49K   129 26.94   26.87  
c [ccnr] tries: 0 steps: 262143 best found: 13
c [ccnr] tries: 0 steps: 524287 best found: 9
c [ccnr] tries: 0 steps: 786431 best found: 9
c [ccnr] saving best assignment phase to stable_polar
c [ccnr] bumping based on var unsat frequency: conflict_ct
c [ccnr] Bumped vars: 2709 bump type: 6
c [ccnr] time: 0.37
c rst  geom svd  vs   419   134 K 2407    18439   886 4.10    4.00      218   339   50K   129 26.93   26.87  
c recursive minimization cost OK: 333Kcost/(% lits removed)
c [gauss] XOR-encoding clauses are not detached, so no need to reattach them.
c [g 0] truth-find prop checks  : 389K
c [g 0] -> of which prop        : 64.14 %
c [g 0] -> of which confl       :  2.13 %
c [g 0] elim called             : 30K
c [g 0] ---> which lead to prop : 37.86 %
c [g 0] ---> which lead to confl:  1.58 %
c [g 0] size: 46    x 458  
c --> Executing strategy token: scc-vrepl
c [scc] new: 1 BP 0M T: 0.00
c --> Executing strategy token: sub-impl
c [impl-sub] bin: 5 T: 0.00 T-out: N w-visit: 5418
c --> Executing strategy token: breakid
c --> Executing OCC strategy token(s): 'occ-backw-sub-str,occ-clean-implicit,occ-bve,occ-bva,occ-ternary-res,occ-xor,'
c [occ] mem usage for occur 1      MB
c [occ] Linked in IRRED BIN by default: 886
c [occ] Linked in RED   BIN by default: 124
c [occ] mem usage for occur 0      MB
c Mem for watch alloc      : 6           MB (20.37     %)
c Mem for watch array      : 0           MB (0.36      %)
c --> Executing OCC strategy token: occ-backw-sub-str
c [occ-backw-sub-str-long-w-bins] subs: 0 str: 0 tried: 4894 0-depth ass: 0 T: 0.00 T-out: N T-r: 99.70%
c [occ-backw-sub-long-w-long] rem cl: 606 tried: 69342/69342 (100.0%) T: 0.01 T-out: N T-r: 95.31%
c [occ-backw-sub-str-long-w-long] sub: 2 str: 143 tried: 208026/69342 (300.0)  T: 0.04 T-out: N T-r: 87.63%
c --> Executing OCC strategy token: occ-clean-implicit
c --> Executing OCC strategy token: occ-bve
c [occ-empty-res] Empty resolvent elimed: 0 T: 0.00 T-out: N
c [occ-bve] iter v-elim 0
c cl_inc_rate=1.0, var_dec_rate=1.0 (grow=0)
c Reduced to 2407 vars, 18764 cls (grow=0)
c [occ-bve] iter v-elim 7
c cl_inc_rate=1.0, var_dec_rate=1.0 (grow=8)
c Reduced to 2400 vars, 18742 cls (grow=8)
c [occ-bve] iter v-elim 933
c cl_inc_rate=1.8, var_dec_rate=1.6 (grow=16)
c Reduced to 1467 vars, 33478 cls (grow=16)
c x n vars       : 1467
c #try to eliminate:  8624
c #var-elim        :   940
c #T-o: N
c #T-r: 99.83%
c #T  : 0.19
c [occur] 0.02 is overhead
c [occur] link-in T: 0.02 cleanup T: 0.00
c --> Executing OCC strategy token: occ-bva
c --> Executing OCC strategy token: occ-ternary-res
c [occ-ternary-res] Ternary res-tri: 0 res-bin: 0 sub: 0 str: 0 T: 0.00 T-out: N T-r: 99.56%
c --> Executing OCC strategy token: occ-xor
c [occ-xor] sort occur list T: 0.00
c [xor-clean-equiv] removed equivalent xors: 0 left with: 925
c [occ-xor] found    925 avg sz 6.0 min sz  4 max sz  6 T: 0.00 T-out: N T-r: 99.97%
c --> Executing strategy token: card-find
c --> Executing strategy token: cl-consolidate
c Not consolidating memory.
c --> Executing strategy token: scc-vrepl
c [scc] new: 1 BP 0M T: 0.00
c [vrep] vars 1 lits 2148 rem-bin-cls 4 rem-long-cls 7 BP 0M T: 0.00
c --> Executing strategy token: renumber
c [gauss] XOR-encoding clauses are not detached, so no need to reattach them.
c [renumber] T: 0.01
c --> Executing strategy token: bosphorus
c --> Executing strategy token: louvain-comms
c [consolidate] mini T: 0.00
c global_timeout_multiplier: 3.6300
c [branch] rebuilding order heap for all branchings. Current branching: vsid
c [find&init matx] performing matrix init
c [gauss] XOR-encoding clauses are not detached, so no need to reattach them.
c [xor-rem-unconnected] left with 925 xors from 925 non-empty xors T: 0.00
c [xor-together] xored together: 877 orig xors: 925 new xors: 48 T: 0.00
c [xor-rem-unconnected] left with 48 xors from 48 non-empty xors T: 0.00
c [xor-clean-equiv] removed equivalent xors: 0 left with: 48
c [matrix] unused xors from cleaning: 0
c [matrix] Good   matrix  0     48 x  457  density:0.1715  xorlen avg: 78.38
c [matrix] Using 1 matrices recovered from 0 xors T: 0.00 T-out: N
c [distill-bin] useful: 2/790/790 lits-rem: 0 cl-rem: 2 0-depth-assigns: 0 T: 0.01 T-out: N
c rst  geom  svd   vs   420  135K    1466   32K   788    5.85    5.76   132   242   35K   104   27.22   27.15
c [branch] adjusting to: vmtf (from: vsid) var_decay:0.95 descr: VMTF
c rst  luby  svd  vmt   421  135K    1466   32K   788    5.85    5.76   141   255   35K   106   27.19   27.12
c rst  luby  svd  vmt   422  135K    1466   32K   788    5.85    5.76   141   260   35K   106   27.32   27.24
c rst  luby  svd  vmt   423  135K    1466   32K   788    5.85    5.76   141   260   35K   106   27.33   27.25
c rst  luby  svd  vmt   424  135K    1466   32K   788    5.85    5.76   141   260   35K   106   27.37   27.29
c rst  luby  svd  vmt   425  135K    1466   32K   788    5.85    5.76   141   260   35K   106   27.42   27.35
c rst  luby  svd  vmt   426  136K    1466   32K   788    5.85    5.76   141   260   35K   106   27.49   27.42
c rst  luby  svd  vmt   427  136K    1466   32K   788    5.85    5.76   141   260   36K   106   27.59   27.52
c rst  luby  svd  vmt   428  136K    1466   32K   788    5.85    5.76   141   260   36K   106   27.60   27.52
c rst  luby  svd  vmt   429  136K    1466   32K   788    5.85    5.76   141   260   36K   106   27.59   27.52
c rst  luby  svd  vmt   430  136K    1466   32K   788    5.85    5.76   141   264   36K   106   27.72   27.65
c rst  luby  svd  vmt   431  137K    1466   32K   788    5.85    5.76   141   264   36K   106   27.77   27.69
c rst  geom best  vmt   432  137K    1466   32K   788    5.85    5.76   141   264   36K   106   27.77   27.70
c rst  geom best  vmt   433  137K    1466   32K   788    5.85    5.76   141   264   37K   106   27.75   27.68
c rst  geom best  vmt   434  137K    1466   32K   788    5.85    5.76   141   264   37K   106   27.75   27.67
c rst  geom best  vmt   435  137K    1466   32K   788    5.85    5.76   141   264   37K   106   27.75   27.67
c rst  geom best  vmt   436  137K    1466   32K   788    5.85    5.76   141   264   37K   106   27.76   27.69
c rst  geom best  vmt   437  137K    1466   32K   788    5.85    5.76   142   264   37K   106   27.78   27.70
c rst  geom best  vmt   438  138K    1466   32K   788    5.85    5.76   142   265   37K   106   27.74   27.67
c rst  geom best  vmt   439  138K    1466   32K   788    5.85    5.76   142   265   38K   106   27.73   27.66
c rst  geom best  vmt   440  138K    1466   32K   788    5.85    5.76   142   265   38K   106   27.69   27.62
c rst  geom best  vmt   441  138K    1466   32K   788    5.85    5.76   142   265   38K   106   27.68   27.61
c rst  geom best  vmt   442  139K    1466   32K   788    5.85    5.76   142   265   38K   106   27.62   27.55
c rst  geom best  vmt   443  139K    1466   32K   788    5.85    5.76   142   265   39K   106   27.57   27.50
c rst  geom best  vmt   444  139K    1466   32K   788    5.85    5.76   142   265   39K   106   27.58   27.51
c rst  geom best  vmt   445  140K    1466   32K   788    5.85    5.76   158   249   39K   106   27.60   27.53
c rst  geom best  vmt   446  140K    1466   32K   788    5.85    5.76   159   277   40K   106   27.56   27.49
c rst  geom best  vmt   447  140K    1466   32K   788    5.85    5.76   159   282   40K   106   27.45   27.38
c rst  geom best  vmt   448  141K    1466   32K   788    5.85    5.76   160   288   41K   106   27.31   27.25
c rst  geom best  vmt   449  141K    1466   32K   788    5.85    5.76   160   292   41K   106   27.23   27.17
c rst  geom best  vmt   450  142K    1466   32K   788    5.85    5.76   160   313   42K   106   27.17   27.11
c [full-probe]  bin_only: 1 set: 1 repl: 0 T: 0.00 T-out: N T-r: 99.75%
c rst  geom best  vmt   451  143K    1465   32K   788    5.85    5.76   160   315   43K   106   27.12   27.05
c [distill-long-red0] cls tried: 50/50 T: 0.00 T-out: N T-r: 99.91%
c [distill-long-red1] cls tried: 73/207 T: 0.01 T-out: Y T-r: -1.83%
c rst  geom best  vmt   452  143K    1465   32K   788    5.85    5.76   160   319   43K   106   26.96   26.90
c rst  geom  stb  vmt   453  144K    1465   32K   788    5.85    5.76   162   333   44K   106   26.83   26.77
c rst  geom  stb  vmt   454  145K    1465   32K   788    5.85    5.76   162   340   45K   106   26.68   26.62
c rst  geom  stb  vmt   455  146K    1465   32K   788    5.85    5.76   163   353   46K   106   26.62   26.56
c rst  geom  stb  vmt   456  147K    1465   32K   788    5.85    5.76   164   372   47K   106   26.77   26.72
c rst  geom  stb  vmt   457  148K    1465   32K   788    5.85    5.76   168   417   48K   106   26.73   26.68
c rst  geom  stb  vmt   458  150K    1465   32K   788    5.85    5.76   319   570   35K   106   26.77   26.70
c rst  geom  stb  vmt   459  151K    1465   32K   788    5.85    5.76   322   657   37K   106   27.02   26.96
c rst  geom ibes  vmt   460  153K    1465   32K   788    5.85    5.76   327   677   38K   106   26.76   26.70
c rst  geom ibes  vmt   461  154K    1465   32K   788    5.85    5.76   330   749   40K   106   26.49   26.43
c [branch] adjusting to: vsid (from: vmtf) var_decay:0.95 descr: VSIDS
c [distill-bin] useful: 0/788/788 lits-rem: 0 cl-rem: 0 0-depth-assigns: 0 T: 0.00 T-out: N
c [distill] watch-based irred--  cl tried     7022 cl-sh     0 cl-rem    0 lit-rem      0 T: 0.01 T-out: N
c [distill] watch-based   red--  cl tried      659 cl-sh    10 cl-rem    1 lit-rem     10 T: 0.00 T-out: N
c rst  geom ibes   vs   462  154K    1465   32K   787    5.84    5.75   329   749   40K   104   26.46   26.40
c rst  geom ibes   vs   463  154K    1465   32K   787    5.84    5.75   330   749   40K   104   26.46   26.40
c rst  geom ibes   vs   464  155K    1465   32K   787    5.84    5.75   330   749   40K   104   26.44   26.38
c rst  geom ibes   vs   465  155K    1465   32K   787    5.84    5.75   330   749   40K   104   26.44   26.38
c rst  geom ibes   vs   466  155K    1465   32K   787    5.84    5.75   330   749   40K   104   26.43   26.37
c rst  geom ibes   vs   467  155K    1465   32K   787    5.84    5.75   330   749   41K   104   26.38   26.32
c rst  geom ibes   vs   468  155K    1465   32K   787    5.84    5.75   330   749   41K   104   26.33   26.27
c rst  geom ibes   vs   469  155K    1465   32K   787    5.84    5.75   330   749   41K   104   26.27   26.21
c rst  geom ibes   vs   470  156K    1465   32K   787    5.84    5.75   330   749   41K   104   26.20   26.14
c rst  geom ibes   vs   471  156K    1465   32K   787    5.84    5.75   330   749   42K   104   26.16   26.11
c rst  geom ibes   vs   472  156K    1465   32K   787    5.84    5.75   330   749   42K   104   26.11   26.05
c rst  geom ibes   vs   473  157K    1465   32K   787    5.84    5.75   330   749   42K   104   26.07   26.01
c rst  geom ibes   vs   474  157K    1465   32K   787    5.84    5.75   330   749   42K   104   26.08   26.02
c rst  geom ibes   vs   475  157K    1465   32K   787    5.84    5.75   330   749   43K   104   26.10   26.04
c rst  geom ibes   vs   476  158K    1465   32K   787    5.84    5.75   330   749   43K   104   26.09   26.03
c rst  geom  svd   vs   477  158K    1465   32K   787    5.84    5.75   330   749   44K   104   26.06   26.00
c [distill-long-red0] cls tried: 161/161 T: 0.01 T-out: N T-r: 99.54%
c [distill-long-red1] cls tried: 32/577 T: 0.01 T-out: Y T-r: -4.67%
c rst  geom  svd   vs   478  159K    1465   32K   787    5.84    5.75   332   749   44K   104   26.08   26.02
c rst  geom  svd   vs   479  159K    1465   32K   787    5.84    5.75   332   749   45K   104   26.14   26.09
c rst  geom  svd   vs   480  160K    1465   32K   787    5.84    5.75   459   622   45K   104   26.18   26.13
c rst  geom  svd   vs   481  160K    1465   32K   787    5.84    5.75   459   622   46K   104   26.23   26.18
c [impl-str] lit bin: 0 set-var: 0 T: 0.00 T-out: N T-r: 99.95% w-visit: 2932
c [impl-sub] bin: 2 T: 0.00 T-out: N w-visit: 2932
c rst  geom  svd   vs   482  161K    1465   32K   787    5.84    5.75   462   626   47K   102   26.35   26.30
c rst  geom  svd   vs   483  162K    1465   32K   787    5.84    5.75   462   627   48K   102   26.58   26.53
c rst  geom  svd   vs   484  163K    1465   32K   787    5.84    5.75   462   627   48K   102   26.64   26.59
c [full-probe]  bin_only: 0 set: 0 repl: 0 T: 0.00 T-out: N T-r: 97.56%
c rst  geom  svd   vs   485  164K    1465   32K   787    5.84    5.75   462   632   49K   104   26.77   26.72
c rst  geom  svd   vs   486  165K    1465   32K   787    5.84    5.75   475   822   36K   104   26.73   26.66
c rst  geom best   vs   487  166K    1465   32K   787    5.84    5.75   475   822   37K   104   26.76   26.70
c rst  geom best   vs   488  167K    1465   32K   787    5.84    5.75   475   822   38K   104   26.57   26.51
c rst  geom best   vs   489  169K    1465   32K   787    5.84    5.75   475   822   39K   104   26.34   26.27
c rst  geom best   vs   490  170K    1465   32K   787    5.84    5.75   480   817   41K   104   26.28   26.22
c rst  geom best   vs   491  172K    1465   32K   787    5.84    5.75   480   818   43K   104   26.56   26.51
c rst  geom  stb   vs   492  174K    1465   32K   787    5.84    5.75   480   820   45K   104   26.79   26.74
c [distill-long-red0] cls tried: 146/146 T: 0.01 T-out: N T-r: 99.61%
c [distill-long-red1] cls tried: 44/620 T: 0.01 T-out: Y T-r: -2.11%
c rst  geom  stb   vs   493  176K    1465   32K   787    5.84    5.75   480   820   47K   104   26.92   26.86
c [branch] adjusting to: vmtf (from: vsid) var_decay:0.95 descr: VMTF
c [distill-bin] useful: 1/787/787 lits-rem: 0 cl-rem: 1 0-depth-assigns: 0 T: 0.00 T-out: N
c rst  luby  stb  vmt   494  176K    1465   32K   786    5.84    5.75   480   820   47K   104   26.89   26.84
c rst  luby  stb  vmt   495  176K    1465   32K   786    5.84    5.75   480   820   47K   104   26.87   26.82
c rst  luby  stb  vmt   496  176K    1465   32K   786    5.84    5.75   480   821   47K   104   26.82   26.77
c rst  luby  stb  vmt   497  176K    1465   32K   786    5.84    5.75   480   823   47K   104   26.80   26.75
c rst  luby  stb  vmt   498  176K    1465   32K   786    5.84    5.75   480   826   47K   104   26.79   26.74
c rst  luby  stb  vmt   499  177K    1465   32K   786    5.84    5.75   480   829   47K   104   26.75   26.70
c rst  luby  stb  vmt   500  177K    1465   32K   786    5.84    5.75   480   840   48K   104   26.71   26.65
c rst  luby  stb  vmt   501  177K    1465   32K   786    5.84    5.75   480   840   48K   104   26.69   26.64
c [ccnr] saving best assignment phase to stable_polar
c [ccnr] bumping based on clause weights
c [ccnr] Bumped vars: 104 bump type: 6
c [ccnr] time: 0.26
c rst  luby  stb  vmt   502  177K    1465   32K   786    5.84    5.75   481   840   48K   104   26.68   26.63
c rst  luby  stb  vmt   503  177K    1465   32K   786    5.84    5.75   481   841   48K   104   26.66   26.60
c rst  luby  stb  vmt   504  178K    1465   32K   786    5.84    5.75   481   849   48K   104   26.64   26.59
c rst  luby  stb  vmt   505  178K    1465   32K   786    5.84    5.75   481   849   48K   104   26.62   26.57
c rst  luby  stb  vmt   506  178K    1465   32K   786    5.84    5.75   481   850   49K   104   26.58   26.53
c rst  luby  stb  vmt   507  178K    1465   32K   786    5.84    5.75   481   854   49K   104   26.52   26.47
c rst  luby  stb  vmt   508  179K    1465   32K   786    5.84    5.75   482   862   50K   104   26.43   26.38
c rst  luby ibes  vmt   509  179K    1465   32K   786    5.84    5.75   483   869   50K   104   26.41   26.37
c rst  luby ibes  vmt   510  179K    1465   32K   786    5.84    5.75   485   869   50K   104   26.41   26.36
c [distill] watch-based irred--  cl tried     7022 cl-sh     0 cl-rem    0 lit-rem      0 T: 0.01 T-out: N
c [distill] watch-based   red--  cl tried      970 cl-sh     0 cl-rem    0 lit-rem      0 T: 0.00 T-out: N
c rst  luby ibes  vmt   511  179K    1465   32K   786    5.84    5.75   485   870   50K   104   26.36   26.31
c rst  luby ibes  vmt   512  180K    1465   32K   786    5.84    5.75   548   923   37K   104   25.64   25.58
c rst  luby ibes  vmt   513  180K    1465   32K   786    5.84    5.75   548   927   37K   104   25.66   25.59
c rst  luby ibes  vmt   514  180K    1465   32K   786    5.84    5.75   548   930   37K   104   25.64   25.58
c rst  luby ibes  vmt   515  180K    1465   32K   786    5.84    5.75   549   940   37K   104   25.59   25.53
c [gauss] XOR-encoding clauses are not detached, so no need to reattach them.
c [g 0] truth-find prop checks  : 1391K
c [g 0] -> of which prop        : 37.61 %
c [g 0] -> of which confl       :  1.52 %
c [g 0] elim called             : 206K
c [g 0] ---> which lead to prop : 33.02 %
c [g 0] ---> which lead to confl:  1.49 %
c [g 0] size: 48    x 457  
c [scc] new: 1 BP 0M T: 0.00
c [vrep] vars 1 lits 1606 rem-bin-cls 5 rem-long-cls 0 BP 0M T: 0.00
c [scc] new: 0 BP 0M T: 0.00
c [vrep] vars 0 lits 0 rem-bin-cls 0 rem-long-cls 0 BP 0M T: 0.00
c [intree] Set 1 vars hyper-added: 6 trans-irred: 0 trans-red: 0 T: 0.00 T-out: N T-r: -1.49%
c [find&init matx] performing matrix init
c [gauss] XOR-encoding clauses are not detached, so no need to reattach them.
c [xor-rem-unconnected] left with 925 xors from 925 non-empty xors T: 0.00
c [xor-together] xored together: 876 orig xors: 925 new xors: 49 T: 0.00
c [xor-rem-unconnected] left with 49 xors from 49 non-empty xors T: 0.00
c [xor-clean-equiv] removed equivalent xors: 0 left with: 49
c [matrix] unused xors from cleaning: 0
c [matrix] Good   matrix 0 49      x455    density:0.1680  xorlen avg: 76.45
c [matrix] Using 1 matrices recovered from 0 xors T: 0.00 T-out: N
c rst  luby ibes vmt  516   180 K 1463      32K   786 5.84    5.75      549   941   37K   107 25.56   25.50  
c rst  luby ibes vmt  517   180 K 1463      32K   786 5.84    5.75      549   943   38K   107 25.57   25.51  
c rst  luby ibes vmt  518   181 K 1463      32K   786 5.84    5.75      552   970   38K   107 25.52   25.46  
c rst  luby ibes vmt  519   181 K 1463      32K   786 5.84    5.75      552   972   38K   107 25.52   25.46  
c rst  luby ibes vmt  520   181 K 1463      32K   786 5.84    5.75      552   974   38K   107 25.59   25.53  
c rst  luby ibes vmt  521   181 K 1463      32K   786 5.84    5.75      552   974   38K   107 25.60   25.54  
c rst  luby ibes vmt  522   181 K 1463      32K   786 5.84    5.75      552   974   38K   107 25.71   25.65  
c rst  luby ibes vmt  523   182 K 1463      32K   786 5.84    5.75      552   974   39K   107 25.61   25.55  
c rst  luby ibes vmt  524   184 K 1463      32K   786 5.84    5.75      552   974   41K   107 25.51   25.45  
c [full-probe]  bin_only: 1 set: 0 repl: 0 T: 0.00 T-out: N T-r: 99.83%
c rst  luby ibes vmt  525   184 K 1463      32K   786 5.84    5.75      552   974   41K   107 25.51   25.45  
c rst  luby ibes vmt  526   184 K 1463      32K   786 5.84    5.75      552   974   41K   107 25.52   25.46  
c rst  luby ibes vmt  527   184 K 1463      32K   786 5.84    5.75      552   974   41K   107 25.48   25.42  
c rst  luby ibes vmt  528   184 K 1463      32K   786 5.84    5.75      552   974   41K   107 25.46   25.41  
c rst  luby ibes vmt  529   184 K 1463      32K   786 5.84    5.75      552   974   41K   107 25.44   25.39  
c rst  luby ibes vmt  530   185 K 1463      32K   786 5.84    5.75      552   974   42K   107 25.42   25.36  
c rst  luby ibes vmt  531   185 K 1463      32K   786 5.84    5.75      552   974   42K   107 25.37   25.31  
c rst  luby ibes vmt  532   185 K 1463      32K   786 5.84    5.75      552   974   42K   107 25.36   25.30  
c rst  luby ibes vmt  533   185 K 1463      32K   786 5.84    5.75      552   974   42K   107 25.35   25.29  
c rst  luby ibes vmt  534   185 K 1463      32K   786 5.84    5.75      552   974   43K   107 25.32   25.27  
c rst  luby ibes vmt  535   186 K 1463      32K   786 5.84    5.75      552   974   43K   107 25.31   25.25  
c rst  luby ibes vmt  536   186 K 1463      32K   786 5.84    5.75      552   974   43K   107 25.30   25.24  
c rst  luby ibes vmt  537   186 K 1463      32K   786 5.84    5.75      552   974   43K   107 25.27   25.22  
c rst  luby svd  vmt  538   186 K 1463      32K   786 5.84    5.75      552   974   43K   107 25.37   25.31  
c rst  luby svd  vmt  539   187 K 1463      32K   786 5.84    5.75      552   974   44K   107 25.55   25.50  
c rst  luby svd  vmt  540   187 K 1463      32K   786 5.84    5.75      552   974   44K   107 25.55   25.50  
c rst  luby svd  vmt  541   187 K 1463      32K   786 5.84    5.75      552   974   44K   107 25.54   25.49  
c rst  luby svd  vmt  542   188 K 1463      32K   786 5.84    5.75      552   974   45K   107 25.53   25.48  
c rst  luby svd  vmt  543   188 K 1463      32K   786 5.84    5.75      552   974   45K   107 25.53   25.48  
c rst  luby svd  vmt  544   188 K 1463      32K   786 5.84    5.75      552   974   45K   107 25.53   25.48  
c rst  luby svd  vmt  545   188 K 1463      32K   786 5.84    5.75      552   974   45K   107 25.54   25.49  
c rst  luby svd  vmt  546   188 K 1463      32K   786 5.84    5.75      552   974   45K   107 25.59   25.54  
c rst  luby svd  vmt  547   188 K 1463      32K   786 5.84    5.75      552   974   45K   107 25.59   25.53  
c rst  luby svd  vmt  548   189 K 1463      32K   786 5.84    5.75      552   974   46K   107 25.59   25.54  
c rst  luby svd  vmt  549   189 K 1463      32K   786 5.84    5.75      552   974   46K   107 25.58   25.52  
c rst  luby svd  vmt  550   189 K 1463      32K   786 5.84    5.75      552   974   46K   107 25.57   25.52  
c [distill-long-red0] cls tried: 72/72 T: 0.00 T-out: N T-r: 99.78%
c [distill-long-red1] cls tried: 47/730 T: 0.01 T-out: Y T-r: -4.77%
c rst  luby svd  vmt  551   189 K 1463      32K   786 5.84    5.75      552   974   46K   107 25.58   25.52  
c rst  luby svd  vmt  552   189 K 1463      32K   786 5.84    5.75      552   974   46K   107 25.58   25.53  
c rst  luby svd  vmt  553   190 K 1463      32K   786 5.84    5.75      583   892   47K   107 25.68   25.62  
c rst  luby svd  vmt  554   190 K 1463      32K   786 5.84    5.75      583   892   47K   107 25.70   25.65  
c rst  luby svd  vmt  555   192 K 1463      32K   786 5.84    5.75      583   892   49K   107 25.74   25.69  
c rst  luby svd  vmt  556   195 K 1463      32K   786 5.84    5.75      585   948   37K   107 27.21   27.14  
c rst  geom best vmt  557   195 K 1463      32K   786 5.84    5.75      585   948   37K   107 27.19   27.12  
c rst  geom best vmt  558   195 K 1463      32K   786 5.84    5.75      585   948   37K   107 27.19   27.12  
c rst  geom best vmt  559   195 K 1463      32K   786 5.84    5.75      585   948   38K   107 27.18   27.11  
c rst  geom best vmt  560   196 K 1463      32K   786 5.84    5.75      585   948   38K   107 27.19   27.12  
c rst  geom best vmt  561   196 K 1463      32K   786 5.84    5.75      585   948   38K   107 27.19   27.12  
c rst  geom best vmt  562   196 K 1463      32K   786 5.84    5.75      585   948   38K   107 27.20   27.13  
c [distill-bin] useful: 2/786/786 lits-rem: 0 cl-rem: 2 0-depth-assigns: 0 T: 0.00 T-out: N
c rst  geom best vmt  563   196 K 1463      32K   782 5.84    5.75      585   948   38K   107 27.17   27.10  
c rst  geom best vmt  564   196 K 1463      32K   782 5.84    5.75      585   948   38K   107 27.18   27.12  
c rst  geom best vmt  565   197 K 1463      32K   782 5.84    5.75      585   948   39K   107 27.16   27.09  
c rst  geom best vmt  566   197 K 1463      32K   782 5.84    5.75      585   948   39K   107 27.22   27.16  
c rst  geom best vmt  567   197 K 1463      32K   782 5.84    5.75      585   948   39K   107 27.21   27.15  
c rst  geom best vmt  568   197 K 1463      32K   782 5.84    5.75      585   948   40K   107 27.16   27.10  
c [branch] adjusting to: vsid (from: vmtf) var_decay:0.95 descr: VSIDS
c rst  geom best vs   569   198 K 1463      32K   782 5.84    5.75      585   948   40K   107 27.17   27.11  
c rst  geom best vs   570   198 K 1463      32K   782 5.84    5.75      585   948   40K   107 27.16   27.10  
c rst  geom best vs   571   198 K 1463      32K   782 5.84    5.75      585   948   40K   107 27.19   27.12  
c rst  geom best vs   572   198 K 1463      32K   782 5.84    5.75      585   948   40K   107 27.18   27.12  
c rst  geom best vs   573   198 K 1463      32K   782 5.84    5.75      585   948   40K   107 27.17   27.10  
c rst  geom best vs   574   198 K 1463      32K   782 5.84    5.75      585   948   40K   107 27.15   27.09  
c rst  geom best vs   575   199 K 1463      32K   782 5.84    5.75      585   948   41K   107 27.13   27.07  
c rst  geom best vs   576   199 K 1463      32K   782 5.84    5.75      585   948   41K   107 27.08   27.02  
c rst  geom best vs   577   199 K 1463      32K   782 5.84    5.75      585   948   41K   107 27.03   26.97  
c rst  geom best vs   578   199 K 1463      32K   782 5.84    5.75      585   948   41K   107 26.98   26.92  
c rst  geom best vs   579   200 K 1463      32K   782 5.84    5.75      585   948   42K   107 27.00   26.94  
c rst  geom best vs   580   200 K 1463      32K   782 5.84    5.75      585   948   42K   107 26.97   26.91  
c rst  geom best vs   581   200 K 1463      32K   782 5.84    5.75      585   948   42K   107 27.02   26.96  
c rst  geom best vs   582   201 K 1463      32K   782 5.84    5.75      585   948   43K   107 27.01   26.95  
c rst  geom best vs   583   201 K 1463      32K   782 5.84    5.75      585   948   43K   107 27.02   26.96  
c rst  geom best vs   584   201 K 1463      32K   782 5.84    5.75      585   948   44K   107 26.97   26.91  
c rst  geom best vs   585   202 K 1463      32K   782 5.84    5.75      585   948   44K   107 27.01   26.96  
c rst  geom best vs   586   202 K 1463      32K   782 5.84    5.75      585   948   45K   107 27.05   26.99  
c rst  geom stb  vs   587   203 K 1463      32K   782 5.84    5.75      585   948   45K   107 27.08   27.02  
c rst  geom stb  vs   588   204 K 1463      32K   782 5.84    5.75      585   948   46K   107 27.03   26.98  
c rst  geom stb  vs   589   204 K 1463      32K   782 5.84    5.75      585   948   47K   107 26.95   26.90  
c [distill-long-red0] cls tried: 32/32 T: 0.00 T-out: N T-r: 99.95%
c [distill-long-red1] cls tried: 75/705 T: 0.01 T-out: Y T-r: -0.48%
c [full-probe]  bin_only: 0 set: 0 repl: 0 T: 0.00 T-out: N T-r: 97.66%
c [distill] watch-based irred--  cl tried 7020     cl-sh 0     cl-rem 0    lit-rem 0      T: 0.00 T-out: N
c [distill] watch-based red  --  cl tried 1168     cl-sh 4     cl-rem 2    lit-rem 4      T: 0.00 T-out: N
c rst  geom stb  vs   590   205 K 1463      32K   783 5.84    5.75      583   948   47K   107 27.00   26.94  
c rst  geom stb  vs   591   206 K 1463      32K   783 5.84    5.75      583   953   48K   107 27.08   27.02  
c rst  geom stb  vs   592   207 K 1463      32K   783 5.84    5.75      583   956   49K   107 27.26   27.21  
c rst  geom stb  vs   593   208 K 1463      32K   783 5.84    5.75      588   959   50K   107 27.52   27.47  
c rst  geom stb  vs   594   209 K 1463      32K   783 5.84    5.75      591   965   51K   107 27.84   27.79  
c rst  geom stb  vs   595   211 K 1463      32K   783 5.84    5.75      604   935   37K   107 27.54   27.47  
c rst  geom ibes vs   596   212 K 1463      32K   783 5.84    5.75      604   935   39K   107 27.46   27.39  
c rst  geom ibes vs   597   213 K 1463      32K   783 5.84    5.75      604   935   40K   107 27.38   27.32  
c rst  geom ibes vs   598   215 K 1463      32K   783 5.84    5.75      604   935   42K   107 27.15   27.09  
c rst  geom ibes vs   599   217 K 1463      32K   783 5.84    5.75      604   935   44K   107 26.80   26.74  
c [distill-bin] useful: 0/783/783 lits-rem: 0 cl-rem: 0 0-depth-assigns: 0 T: 0.00 T-out: N
c rst  geom ibes vs   600   219 K 1463      32K   783 5.84    5.75      604   935   46K   107 26.49   26.44  
c rst  geom svd  vs   601   221 K 1463      32K   783 5.84    5.75      604   745   48K   107 26.45   26.40  
c [distill-long-red0] cls tried: 24/24 T: 0.00 T-out: N T-r: 99.94%
c [distill-long-red1] cls tried: 76/514 T: 0.01 T-out: Y T-r: -1.18%
c [impl-str] lit bin: 0 set-var: 0 T: 0.00 T-out: N T-r: 99.95% w-visit: 2932
c [impl-sub] bin: 0 T: 0.00 T-out: N w-visit: 2932
c [ccnr] saving best assignment phase to stable_polar
c [ccnr] bumping based on var unsat frequency: conflict_ct
c [ccnr] Bumped vars: 1466 bump type: 6
c [ccnr] time: 0.27
c rst  geom svd  vs   602   224 K 1463      32K   783 5.84    5.75      604   745   51K   107 26.23   26.18  
c [branch] adjusting to: vmtf (from: vsid) var_decay:0.95 descr: VMTF
c rst  luby svd  vmt  603   224 K 1463      32K   783 5.84    5.75      610   756   51K   107 26.26   26.22  
c rst  luby svd  vmt  604   224 K 1463      32K   783 5.84    5.75      610   756   51K   107 26.29   26.24  
c rst  luby svd  vmt  605   224 K 1463      32K   783 5.84    5.75      610   756   51K   107 26.33   26.28  
c rst  luby svd  vmt  606   224 K 1463      32K   783 5.84    5.75      610   756   51K   107 26.37   26.32  
c rst  luby svd  vmt  607   224 K 1463      32K   783 5.84    5.75      610   756   51K   107 26.40   26.35  
c [full-probe]  bin_only: 1 set: 0 repl: 0 T: 0.00 T-out: N T-r: 99.73%
c rst  luby svd  vmt  608   225 K 1463      32K   783 5.84    5.75      611   761   38K   107 27.08   27.02  
c rst  luby svd  vmt  609   225 K 1463      32K   783 5.84    5.75      611   761   38K   107 27.10   27.03  
c rst  luby svd  vmt  610   225 K 1463      32K   783 5.84    5.75      611   761   38K   107 27.07   27.00  
c rst  luby svd  vmt  611   225 K 1463      32K   783 5.84    5.75      611   761   38K   107 27.04   26.98  
c rst  luby svd  vmt  612   225 K 1463      32K   783 5.84    5.75      611   761   38K   107 26.98   26.92  
c rst  luby svd  vmt  613   226 K 1463      32K   783 5.84    5.75      611   761   39K   107 26.96   26.90  
c rst  luby svd  vmt  614   226 K 1463      32K   783 5.84    5.75      611   761   39K   107 26.94   26.88  
c rst  luby svd  vmt  615   226 K 1463      32K   783 5.84    5.75      611   761   39K   107 26.91   26.84  
c rst  luby svd  vmt  616   226 K 1463      32K   783 5.84    5.75      611   761   39K   107 26.86   26.80  
c rst  luby svd  vmt  617   227 K 1463      32K   783 5.84    5.75      611   761   40K   107 26.78   26.72  
c rst  geom best vmt  618   227 K 1463      32K   783 5.84    5.75      611   761   40K   107 26.80   26.73  
c rst  geom best vmt  619   227 K 1463      32K   783 5.84    5.75      611   761   40K   107 26.78   26.72  
c rst  geom best vmt  620   227 K 1463      32K   783 5.84    5.75      611   761   40K   107 26.80   26.73  
c rst  geom best vmt  621   228 K 1463      32K   783 5.84    5.75      611   761   41K   107 26.80   26.73  
c rst  geom best vmt  622   228 K 1463      32K   783 5.84    5.75      611   761   41K   107 26.83   26.77  
c rst  geom best vmt  623   228 K 1463      32K   783 5.84    5.75      611   761   41K   107 26.84   26.78  
c rst  geom best vmt  624   228 K 1463      32K   783 5.84    5.75      611   761   41K   107 26.87   26.81  
c rst  geom best vmt  625   228 K 1463      32K   783 5.84    5.75      611   761   41K   107 26.85   26.79  
c rst  geom best vmt  626   229 K 1463      32K   783 5.84    5.75      611   761   42K   107 26.83   26.77  
c rst  geom best vmt  627   229 K 1463      32K   783 5.84    5.75      611   761   42K   107 26.79   26.73  
c rst  geom best vmt  628   229 K 1463      32K   783 5.84    5.75      613   843   42K   107 26.73   26.67  
c rst  geom best vmt  629   229 K 1463      32K   783 5.84    5.75      614   844   42K   107 26.73   26.67  
c rst  geom best vmt  630   230 K 1463      32K   783 5.84    5.75      667   593   43K   107 26.68   26.62  
c [distill] watch-based irred--  cl tried 7020     cl-sh 0     cl-rem 0    lit-rem 0      T: 0.00 T-out: N
c [distill] watch-based red  --  cl tried 1334     cl-sh 7     cl-rem 0    lit-rem 8      T: 0.00 T-out: N
c rst  geom best vmt  631   230 K 1463      32K   783 5.84    5.75      667   595   43K   107 26.62   26.56  
c rst  geom best vmt  632   231 K 1463      32K   783 5.84    5.75      667   597   44K   107 26.58   26.52  
c rst  geom best vmt  633   231 K 1463      32K   783 5.84    5.75      668   604   44K   107 26.49   26.44  
c rst  geom best vmt  634   231 K 1463      32K   783 5.84    5.75      670   610   45K   107 26.43   26.38  
c rst  geom best vmt  635   232 K 1463      32K   783 5.84    5.75      671   618   45K   107 26.35   26.29  
c rst  geom best vmt  636   233 K 1463      32K   783 5.84    5.75      671   626   46K   107 26.29   26.23  
c rst  geom best vmt  637   233 K 1463      32K   783 5.84    5.75      671   628   46K   107 26.15   26.10  
c rst  geom best vmt  638   234 K 1463      32K   783 5.84    5.75      672   628   47K   107 26.00   25.95  
c rst  geom best vmt  639   235 K 1463      32K   783 5.84    5.75      672   639   48K   107 25.87   25.82  
c rst  geom stb  vmt  640   236 K 1463      32K   783 5.84    5.75      672   640   49K   107 25.80   25.75  
c rst  geom stb  vmt  641   237 K 1463      32K   783 5.84    5.75      672   643   50K   107 25.62   25.57  
c [distill-long-red0] cls tried: 66/66 T: 0.00 T-out: N T-r: 99.86%
c [distill-long-red1] cls tried: 52/449 T: 0.01 T-out: Y T-r: -3.03%
c rst  geom stb  vmt  642   238 K 1463      32K   783 5.84    5.75      672   646   51K   107 25.44   25.39  
c [distill-bin] useful: 0/783/783 lits-rem: 0 cl-rem: 0 0-depth-assigns: 0 T: 0.00 T-out: N
c rst  geom stb  vmt  643   239 K 1463      32K   783 5.84    5.75      672   660   52K   107 25.23   25.18  
c rst  geom stb  vmt  644   240 K 1463      32K   783 5.84    5.75      809   793   38K   107 23.66   23.60  
c rst  geom stb  vmt  645   241 K 1463      32K   783 5.84    5.75      809   796   40K   107 23.30   23.24  
c rst  geom stb  vmt  646   243 K 1463      32K   783 5.84    5.75      809   808   41K   107 22.99   22.94  
c rst  geom ibes vmt  647   244 K 1463      32K   783 5.84    5.75      810   814   42K   107 22.95   22.90  
c recursive minimization cost OK: 437Kcost/(% lits removed)
c [gauss] XOR-encoding clauses are not detached, so no need to reattach them.
c [g 0] truth-find prop checks  : 1758K
c [g 0] -> of which prop        : 47.01 %
c [g 0] -> of which confl       :  1.64 %
c [g 0] elim called             : 209K
c [g 0] ---> which lead to prop : 34.94 %
c [g 0] ---> which lead to confl:  1.49 %
c [g 0] size: 49    x 455  
c --> Executing strategy token: scc-vrepl
c [scc] new: 0 BP 0M T: 0.00
c --> Executing strategy token: sub-impl
c [impl-sub] bin: 0 T: 0.00 T-out: N w-visit: 2932
c --> Executing strategy token: breakid
c --> Executing OCC strategy token(s): 'occ-backw-sub-str,occ-clean-implicit,occ-bve,occ-bva,occ-ternary-res,occ-xor,'
c [occ] mem usage for occur 2      MB
c [occ] Linked in IRRED BIN by default: 783
c [occ] Linked in RED   BIN by default: 107
c [occ] mem usage for occur 0      MB
c Mem for watch alloc      : 10          MB (24.93     %)
c Mem for watch array      : 0           MB (0.16      %)
c --> Executing OCC strategy token: occ-backw-sub-str
c [occ-backw-sub-str-long-w-bins] subs: 0 str: 6 tried: 7916 0-depth ass: 0 T: 0.00 T-out: N T-r: 99.03%
c [occ-backw-sub-long-w-long] rem cl: 43 tried: 76182/76182 (100.0%) T: 0.02 T-out: N T-r: 84.34%
c [occ-backw-sub-str-long-w-long] sub: 3 str: 33 tried: 228546/76182 (300.0)  T: 0.14 T-out: N T-r: 62.92%
c --> Executing OCC strategy token: occ-clean-implicit
c --> Executing OCC strategy token: occ-bve
c [occ-empty-res] Empty resolvent elimed: 0 T: 0.00 T-out: N
c [occ-bve] iter v-elim 0
c cl_inc_rate=1.0, var_dec_rate=1.0 (grow=0)
c Reduced to 1463 vars, 33180 cls (grow=0)
c [occ-bve] iter v-elim 0
c cl_inc_rate=1.0, var_dec_rate=1.0 (grow=8)
c Reduced to 1463 vars, 33180 cls (grow=8)
c [occ-bve] iter v-elim 0
c cl_inc_rate=1.0, var_dec_rate=1.0 (grow=16)
c Reduced to 1463 vars, 33180 cls (grow=16)
c x n vars       : 1463
c #try to eliminate:  4389
c #var-elim        :     0
c #T-o: N
c #T-r: 99.98%
c #T  : 0.18
c [occur] 0.02 is overhead
c [occur] link-in T: 0.02 cleanup T: 0.00
c --> Executing OCC strategy token: occ-bva
c --> Executing OCC strategy token: occ-ternary-res
c [occ-ternary-res] Ternary res-tri: 0 res-bin: 0 sub: 0 str: 0 T: 0.00 T-out: N T-r: 99.79%
c --> Executing OCC strategy token: occ-xor
c [occ-xor] sort occur list T: 0.00
c [xor-clean-equiv] removed equivalent xors: 0 left with: 922
c [occ-xor] found    922 avg sz 5.9 min sz  4 max sz  6 T: 0.00 T-out: N T-r: 99.97%
c --> Executing strategy token: card-find
c --> Executing strategy token: cl-consolidate
c Not consolidating memory.
c --> Executing strategy token: scc-vrepl
c [scc] new: 0 BP 0M T: 0.00
c --> Executing strategy token: renumber
c --> Executing strategy token: bosphorus
c --> Executing strategy token: louvain-comms
c [consolidate] mini T: 0.00
c global_timeout_multiplier: 3.9930
c [branch] rebuilding order heap for all branchings. Current branching: vmtf
c [find&init matx] performing matrix init
c [gauss] XOR-encoding clauses are not detached, so no need to reattach them.
c [xor-rem-unconnected] left with 922 xors from 922 non-empty xors T: 0.00
c [xor-together] xored together: 870 orig xors: 922 new xors: 52 T: 0.00
c [xor-rem-unconnected] left with 52 xors from 52 non-empty xors T: 0.00
c [xor-clean-equiv] removed equivalent xors: 0 left with: 52
c [matrix] unused xors from cleaning: 0
c [matrix] Good   matrix  0     52 x  463  density:0.1553  xorlen avg: 71.92
c [matrix] Using 1 matrices recovered from 0 xors T: 0.00 T-out: N
c [g  <0] Disabling GJ-elim in this round.  Usefulness was: 17.4446%  over 75479 calls
c rst  geom ibes  vmt   648  245K    1463   32K   783    5.84    5.75   799   869   43K   109   22.90   22.85
c [full-probe]  bin_only: 0 set: 0 repl: 0 T: 0.01 T-out: N T-r: 97.65%
c rst  geom ibes  vmt   649  247K    1463   32K   783    5.84    5.75   801   876   44K   109   22.75   22.70
c [gauss] XOR-encoding clauses are not detached, so no need to reattach them.
c [g 0] truth-find prop checks  : 53K
c [g 0] -> of which prop        : 16.00 %
c [g 0] -> of which confl       :  0.88 %
c [g 0] elim called             : 13001
c [g 0] ---> which lead to prop : 29.87 %
c [g 0] ---> which lead to confl:  1.79 %
c [g 0] size: 52    x 463  
c [scc] new: 0 BP 0M T: 0.00
c [vrep] vars 0 lits 0 rem-bin-cls 0 rem-long-cls 0 BP 0M T: 0.01
c [intree] Set 0 vars hyper-added: 2 trans-irred: 0 trans-red: 6 T: 0.00 T-out: N T-r: 0.14%
c [find&init matx] performing matrix init
c [gauss] XOR-encoding clauses are not detached, so no need to reattach them.
c [xor-rem-unconnected] left with 922 xors from 922 non-empty xors T: 0.00
c [xor-together] xored together: 870 orig xors: 922 new xors: 52 T: 0.00
c [xor-rem-unconnected] left with 52 xors from 52 non-empty xors T: 0.00
c [xor-clean-equiv] removed equivalent xors: 0 left with: 52
c [matrix] unused xors from cleaning: 0
c [matrix] Good   matrix 0 52      x463    density:0.1553  xorlen avg: 71.92
c [matrix] Using 1 matrices recovered from 0 xors T: 0.00 T-out: N
c [g  <0] Disabling GJ-elim in this round.  Usefulness was: 18.8183%  over 69884 calls
c rst  geom ibes vmt  650   249 K 1463      32K   783 5.84    5.75      802   903   47K   105 22.55   22.50  
c rst  geom ibes vmt  651   251 K 1463      32K   783 5.84    5.75      871   803   49K   105 22.47   22.42  
c [branch] adjusting to: vsid (from: vmtf) var_decay:0.95 descr: VSIDS
c rst  geom svd  vs   652   251 K 1463      32K   783 5.84    5.75      871   817   49K   105 22.49   22.45  
c rst  geom svd  vs   653   251 K 1463      32K   783 5.84    5.75      872   826   49K   105 22.61   22.56  
c rst  geom svd  vs   654   251 K 1463      32K   783 5.84    5.75      872   832   49K   105 22.64   22.60  
c rst  geom svd  vs   655   251 K 1463      32K   783 5.84    5.75      873   832   49K   105 22.66   22.62  
c rst  geom svd  vs   656   252 K 1463      32K   783 5.84    5.75      874   839   49K   105 22.67   22.63  
c rst  geom svd  vs   657   252 K 1463      32K   783 5.84    5.75      875   843   50K   105 22.68   22.64  
c [distill-long-red0] cls tried: 229/229 T: 0.02 T-out: N T-r: 99.00%
c [distill-long-red1] cls tried: 29/635 T: 0.01 T-out: Y T-r: -4.91%
c rst  geom svd  vs   658   252 K 1463      32K   783 5.84    5.75      877   847   50K   105 22.70   22.66  
c rst  geom svd  vs   659   252 K 1463      32K   783 5.84    5.75      877   850   50K   105 22.75   22.71  
c rst  geom svd  vs   660   252 K 1463      32K   783 5.84    5.75      879   859   50K   105 22.79   22.75  
c rst  geom svd  vs   661   253 K 1463      32K   783 5.84    5.75      879   861   50K   105 22.83   22.79  
c rst  geom svd  vs   662   253 K 1463      32K   783 5.84    5.75      879   866   51K   105 22.88   22.84  
c rst  geom svd  vs   663   253 K 1463      32K   783 5.84    5.75      879   877   51K   105 22.90   22.86  
c rst  geom svd  vs   664   254 K 1463      32K   783 5.84    5.75      879   880   51K   105 22.95   22.90  
c rst  geom svd  vs   665   254 K 1463      32K   783 5.84    5.75      879   884   52K   105 23.03   22.99  
c rst  geom svd  vs   666   254 K 1463      32K   783 5.84    5.75      879   886   52K   105 23.09   23.04  
c rst  geom svd  vs   667   255 K 1463      32K   783 5.84    5.75      907  1175   38K   105 20.96   20.91  
c [distill] watch-based irred--  cl tried 7210     cl-sh 0     cl-rem 0    lit-rem 0      T: 0.01 T-out: N
c [distill] watch-based red  --  cl tried 1814     cl-sh 9     cl-rem 0    lit-rem 18     T: 0.00 T-out: N
c rst  geom svd  vs   668   255 K 1463      32K   783 5.84    5.75      907  1185   38K   105 21.11   21.06  
c rst  geom svd  vs   669   256 K 1463      32K   783 5.84    5.75      907  1195   39K   105 21.22   21.17  
c rst  geom svd  vs   670   256 K 1463      32K   783 5.84    5.75      907  1206   39K   105 21.34   21.30  
c rst  geom svd  vs   671   257 K 1463      32K   783 5.84    5.75      908  1212   40K   105 21.43   21.38  
c rst  geom svd  vs   672   258 K 1463      32K   783 5.84    5.75      908  1223   41K   105 21.60   21.56  
c [distill-bin] useful: 0/783/783 lits-rem: 0 cl-rem: 0 0-depth-assigns: 0 T: 0.00 T-out: N
c rst  geom svd  vs   673   259 K 1463      32K   783 5.84    5.75      908  1235   41K   105 21.73   21.69  
c rst  geom best vs   674   259 K 1463      32K   783 5.84    5.75      909  1255   42K   105 22.23   22.18  
c rst  geom best vs   675   260 K 1463      32K   783 5.84    5.75     1027  1127   43K   105 22.31   22.26  
c rst  geom best vs   676   262 K 1463      32K   783 5.84    5.75     1028  1162   44K   105 22.31   22.26  
c rst  geom best vs   677   263 K 1463      32K   783 5.84    5.75     1029  1188   45K   105 22.42   22.38  
c rst  geom best vs   678   264 K 1463      32K   783 5.84    5.75     1035  1221   47K   105 22.67   22.62  
c rst  geom best vs   679   265 K 1463      32K   783 5.84    5.75     1037  1246   48K   105 23.10   23.06  
c [full-probe]  bin_only: 1 set: 0 repl: 0 T: 0.00 T-out: N T-r: 99.80%
c [ccnr] saving best assignment phase to stable_polar
c [ccnr] bumping based on var unsat frequency: conflict_ct
c [ccnr] Bumped vars: 1466 bump type: 6
c [ccnr] time: 0.27
c rst  geom best vs   680   267 K 1463      32K   783 5.84    5.75     1054  1274   49K   105 23.67   23.63  
c [distill-long-red0] cls tried: 175/175 T: 0.01 T-out: N T-r: 99.67%
c [distill-long-red1] cls tried: 30/1050 T: 0.01 T-out: Y T-r: -6.38%
c rst  geom stb  vs   681   269 K 1463      32K   783 5.84    5.75     1054  1287   51K   105 24.31   24.27  
c rst  geom stb  vs   682   270 K 1463      32K   783 5.84    5.75     1236  1414   38K   105 25.11   25.05  
c rst  geom stb  vs   683   273 K 1463      32K   783 5.84    5.75     1236  1454   40K   105 25.51   25.45  
c rst  geom stb  vs   684   275 K 1463      32K   783 5.84    5.75     1239  1476   42K   105 26.27   26.21  
c rst  geom ibes vs   685   277 K 1463      32K   783 5.84    5.75     1239  1510   44K   105 26.80   26.75  
c rst  geom ibes vs   686   280 K 1463      32K   783 5.84    5.75     1332  1423   47K   105 26.96   26.91  
c [distill-bin] useful: 0/783/783 lits-rem: 0 cl-rem: 0 0-depth-assigns: 0 T: 0.01 T-out: N
c [distill] watch-based irred--  cl tried 7210     cl-sh 0     cl-rem 0    lit-rem 0      T: 0.01 T-out: N
c [distill] watch-based red  --  cl tried 2664     cl-sh 208   cl-rem 0    lit-rem 415    T: 0.00 T-out: N
c rst  geom ibes vs   687   283 K 1463      32K   783 5.84    5.75     1332  1432   50K   105 27.33   27.28  
c [branch] adjusting to: vmtf (from: vsid) var_decay:0.95 descr: VMTF
c [distill-long-red0] cls tried: 310/310 T: 0.01 T-out: N T-r: 99.59%
c [distill-long-red1] cls tried: 50/1179 T: 0.01 T-out: Y T-r: -5.48%
c [impl-str] lit bin: 0 set-var: 0 T: 0.00 T-out: N T-r: 99.95% w-visit: 2932
c [impl-sub] bin: 0 T: 0.00 T-out: N w-visit: 2932
c rst  luby svd  vmt  688   283 K 1463      32K   783 5.84    5.75     1339  1467   50K   105 27.35   27.30  
c rst  luby svd  vmt  689   283 K 1463      32K   783 5.84    5.75     1339  1468   50K   105 27.43   27.38  
c rst  luby svd  vmt  690   283 K 1463      32K   783 5.84    5.75     1342  1482   50K   105 27.45   27.40  
c rst  luby svd  vmt  691   283 K 1463      32K   783 5.84    5.75     1344  1493   50K   105 27.45   27.40  
c rst  luby svd  vmt  692   284 K 1463      32K   783 5.84    5.75     1344  1499   50K   105 27.47   27.42  
c rst  luby svd  vmt  693   284 K 1463      32K   783 5.84    5.75     1345  1508   51K   105 27.54   27.49  
c rst  luby svd  vmt  694   284 K 1463      32K   783 5.84    5.75     1345  1516   51K   105 27.69   27.64  
c rst  luby svd  vmt  695   284 K 1463      32K   783 5.84    5.75     1346  1524   51K   105 27.71   27.66  
c rst  luby svd  vmt  696   284 K 1463      32K   783 5.84    5.75     1346  1525   51K   105 27.72   27.67  
c rst  luby svd  vmt  697   285 K 1463      32K   783 5.84    5.75     1383  1825   37K   105 31.31   31.24  
c rst  luby svd  vmt  698   285 K 1463      32K   783 5.84    5.75     1383  1832   37K   105 31.30   31.23  
c rst  luby svd  vmt  699   285 K 1463      32K   783 5.84    5.75     1383  1835   37K   105 31.30   31.23  
c rst  luby svd  vmt  700   285 K 1463      32K   783 5.84    5.75     1383  1842   37K   105 31.29   31.22  
c rst  luby svd  vmt  701   285 K 1463      32K   783 5.84    5.75     1385  1852   38K   105 31.25   31.17  
c [full-probe]  bin_only: 0 set: 0 repl: 0 T: 0.00 T-out: N T-r: 97.60%
c rst  luby svd  vmt  702   286 K 1463      32K   783 5.84    5.75     1386  1877   38K   105 31.28   31.21  
c rst  luby svd  vmt  703   286 K 1463      32K   783 5.84    5.75     1386  1881   38K   105 31.30   31.23  
c rst  luby svd  vmt  704   286 K 1463      32K   783 5.84    5.75     1388  1884   39K   105 31.31   31.24  
c rst  luby svd  vmt  705   287 K 1463      32K   783 5.84    5.75     1388  1888   39K   105 31.38   31.31  
c rst  luby svd  vmt  706   287 K 1463      32K   783 5.84    5.75     1390  1893   39K   105 31.40   31.33  
c rst  luby svd  vmt  707   287 K 1463      32K   783 5.84    5.75     1390  1901   39K   105 31.42   31.35  
c rst  luby svd  vmt  708   287 K 1463      32K   783 5.84    5.75     1390  1912   39K   105 31.47   31.40  
c rst  luby svd  vmt  709   287 K 1463      32K   783 5.84    5.75     1390  1922   40K   105 31.45   31.38  
c rst  luby svd  vmt  710   288 K 1463      32K   783 5.84    5.75     1390  1923   40K   105 31.44   31.37  
c rst  luby svd  vmt  711   288 K 1463      32K   783 5.84    5.75     1390  1924   40K   105 31.43   31.36  
c rst  luby svd  vmt  712   288 K 1463      32K   783 5.84    5.75     1390  1941   40K   105 31.52   31.45  
c rst  luby svd  vmt  713   288 K 1463      32K   783 5.84    5.75     1390  1943   40K   105 31.52   31.45  
c rst  luby svd  vmt  714   288 K 1463      32K   783 5.84    5.75     1392  1945   40K   105 31.51   31.44  
c rst  luby svd  vmt  715   288 K 1463      32K   783 5.84    5.75     1394  1953   40K   105 31.52   31.45  
c rst  luby svd  vmt  716   289 K 1463      32K   783 5.84    5.75     1397  1974   41K   105 31.53   31.46  
c rst  luby svd  vmt  717   289 K 1463      32K   783 5.84    5.75     1398  1992   42K   105 31.72   31.65  
c rst  luby svd  vmt  718   291 K 1463      32K   783 5.84    5.75     1681  1749   43K   105 31.86   31.79  
c rst  geom best vmt  719   291 K 1463      32K   783 5.84    5.75     1681  1758   43K   105 31.87   31.80  
c rst  geom best vmt  720   291 K 1463      32K   783 5.84    5.75     1681  1762   43K   105 31.87   31.80  
c rst  geom best vmt  721   291 K 1463      32K   783 5.84    5.75     1682  1765   43K   105 31.87   31.81  
c rst  geom best vmt  722   292 K 1463      32K   783 5.84    5.75     1682  1769   44K   105 31.94   31.88  
c rst  geom best vmt  723   292 K 1463      32K   783 5.84    5.75     1684  1775   44K   105 31.93   31.86  
c rst  geom best vmt  724   292 K 1463      32K   783 5.84    5.75     1685  1779   44K   105 31.93   31.87  
c rst  geom best vmt  725   292 K 1463      32K   783 5.84    5.75     1685  1792   44K   105 31.94   31.88  
c rst  geom best vmt  726   292 K 1463      32K   783 5.84    5.75     1685  1798   44K   105 31.98   31.92  
c rst  geom best vmt  727   293 K 1463      32K   783 5.84    5.75     1689  1811   44K   105 31.98   31.92  
c rst  geom best vmt  728   293 K 1463      32K   783 5.84    5.75     1690  1816   45K   105 32.03   31.97  
c rst  geom best vmt  729   293 K 1463      32K   783 5.84    5.75     1690  1825   45K   105 32.03   31.97  
c rst  geom best vmt  730   293 K 1463      32K   783 5.84    5.75     1690  1834   45K   105 32.02   31.96  
c rst  geom best vmt  731   294 K 1463      32K   783 5.84    5.75     1690  1845   46K   105 32.09   32.02  
c rst  geom best vmt  732   294 K 1463      32K   783 5.84    5.75     1691  1857   46K   105 32.11   32.05  
c rst  geom best vmt  733   294 K 1463      32K   783 5.84    5.75     1691  1866   46K   105 32.11   32.05  
c rst  geom best vmt  734   295 K 1463      32K   783 5.84    5.75     1691  1872   47K   105 32.16   32.09  
c rst  geom best vmt  735   295 K 1463      32K   783 5.84    5.75     1691  1886   47K   105 32.23   32.17  
c rst  geom best vmt  736   296 K 1463      32K   783 5.84    5.75     1694  1908   48K   105 32.31   32.25  
c rst  geom best vmt  737   297 K 1463      32K   783 5.84    5.75     1695  1914   48K   105 32.37   32.31  
c rst  geom best vmt  738   297 K 1463      32K   783 5.84    5.75     1698  1948   49K   105 32.38   32.32  
c rst  geom best vmt  739   298 K 1463      32K   783 5.84    5.75     1699  1970   50K   105 32.40   32.34  
c rst  geom best vmt  740   299 K 1463      32K   783 5.84    5.75     1702  2008   51K   105 32.49   32.43  
c [distill-long-red0] cls tried: 368/368 T: 0.02 T-out: N T-r: 99.09%
c [distill-long-red1] cls tried: 52/1709 T: 0.01 T-out: Y T-r: -2.90%
c rst  geom best vmt  741   300 K 1463      32K   783 5.84    5.75     1972  2309   36K   105 34.09   34.01  
c rst  geom stb  vmt  742   301 K 1463      32K   783 5.84    5.75     1972  2331   37K   105 34.10   34.02  
c [distill-bin] useful: 0/783/783 lits-rem: 0 cl-rem: 0 0-depth-assigns: 0 T: 0.01 T-out: N
c rst  geom stb  vmt  743   302 K 1463      32K   783 5.84    5.75     1974  2352   38K   105 34.10   34.02  
c rst  geom stb  vmt  744   303 K 1463      32K   783 5.84    5.75     1976  2377   39K   105 34.20   34.12  
c rst  geom stb  vmt  745   304 K 1463      32K   783 5.84    5.75     1976  2397   40K   105 34.13   34.06  
c rst  geom stb  vmt  746   305 K 1463      32K   783 5.84    5.75     1976  2422   42K   105 34.23   34.16  
c [full-probe]  bin_only: 1 set: 0 repl: 0 T: 0.00 T-out: N T-r: 99.68%
c [distill] watch-based irred--  cl tried 7210     cl-sh 0     cl-rem 0    lit-rem 0      T: 0.00 T-out: N
c [distill] watch-based red  --  cl tried 3952     cl-sh 223   cl-rem 0    lit-rem 419    T: 0.00 T-out: N
c rst  geom stb  vmt  747   307 K 1463      32K   783 5.84    5.75     1979  2442   43K   105 34.25   34.18  
c rst  geom stb  vmt  748   309 K 1463      32K   783 5.84    5.75     1982  2461   45K   105 34.32   34.26  
c rst  geom ibes vmt  749   311 K 1463      32K   783 5.84    5.75     2210  2093   47K   105 34.28   34.22  
c [ccnr] saving best assignment phase to stable_polar
c [ccnr] bumping based on clause weights
c [ccnr] Bumped vars: 104 bump type: 6
c [ccnr] time: 0.27
c rst  geom ibes vmt  750   313 K 1463      32K   783 5.84    5.75     2220  2177   49K   105 34.31   34.24  
c [gauss] XOR-encoding clauses are not detached, so no need to reattach them.
c [g 0] truth-find prop checks  : 50K
c [g 0] -> of which prop        : 17.23 %
c [g 0] -> of which confl       :  1.01 %
c [g 0] elim called             : 10833
c [g 0] ---> which lead to prop : 34.73 %
c [g 0] ---> which lead to confl:  1.62 %
c [g 0] size: 52    x 463  
c [scc] new: 0 BP 0M T: 0.00
c [vrep] vars 0 lits 0 rem-bin-cls 0 rem-long-cls 0 BP 0M T: 0.00
c [intree] Set 0 vars hyper-added: 2 trans-irred: 0 trans-red: 0 T: 0.01 T-out: N T-r: -1.79%
c [find&init matx] performing matrix init
c [gauss] XOR-encoding clauses are not detached, so no need to reattach them.
c [xor-rem-unconnected] left with 922 xors from 922 non-empty xors T: 0.00
c [xor-together] xored together: 870 orig xors: 922 new xors: 52 T: 0.00
c [xor-rem-unconnected] left with 52 xors from 52 non-empty xors T: 0.00
c [xor-clean-equiv] removed equivalent xors: 0 left with: 52
c [matrix] unused xors from cleaning: 0
c [matrix] Good   matrix 0 52      x463    density:0.1553  xorlen avg: 71.92
c [matrix] Using 1 matrices recovered from 0 xors T: 0.00 T-out: N
c [g  <0] Disabling GJ-elim in this round.  Usefulness was: 17.6896%  over 71285 calls
c rst  geom ibes vmt  751   315 K 1463      32K   783 5.84    5.75     2303  2658   37K   107 32.29   32.21  
c [branch] adjusting to: vsid (from: vmtf) var_decay:0.95 descr: VSIDS
c [distill-long-red0] cls tried: 671/671 T: 0.03 T-out: N T-r: 98.74%
c [distill-long-red1] cls tried: 54/2408 T: 0.01 T-out: Y T-r: -3.14%
c rst  geom ibes vs   752   315 K 1463      32K   783 5.84    5.75     2303  2659   37K   107 32.27   32.19  
c rst  geom ibes vs   753   315 K 1463      32K   783 5.84    5.75     2303  2659   37K   107 32.25   32.17  
c rst  geom ibes vs   754   315 K 1463      32K   783 5.84    5.75     2303  2659   37K   107 32.23   32.16  
c rst  geom ibes vs   755   315 K 1463      32K   783 5.84    5.75     2303  2661   38K   107 32.21   32.14  
c rst  geom ibes vs   756   316 K 1463      32K   783 5.84    5.75     2303  2662   38K   107 32.19   32.12  
c rst  geom ibes vs   757   316 K 1463      32K   783 5.84    5.75     2303  2663   38K   107 32.15   32.08  
c rst  geom ibes vs   758   316 K 1463      32K   783 5.84    5.75     2303  2664   38K   107 32.16   32.09  
c rst  geom ibes vs   759   316 K 1463      32K   783 5.84    5.75     2303  2664   38K   107 32.12   32.05  
c rst  geom ibes vs   760   316 K 1463      32K   783 5.84    5.75     2303  2664   39K   107 32.10   32.02  
c rst  geom ibes vs   761   317 K 1463      32K   783 5.84    5.75     2303  2667   39K   107 32.06   31.99  
c rst  geom ibes vs   762   317 K 1463      32K   783 5.84    5.75     2303  2668   39K   107 32.03   31.96  
c rst  geom svd  vs   763   317 K 1463      32K   783 5.84    5.75     2303  2672   39K   107 32.06   31.99  
c rst  geom svd  vs   764   318 K 1463      32K   783 5.84    5.75     2303  2676   40K   107 32.14   32.07  
c rst  geom svd  vs   765   318 K 1463      32K   783 5.84    5.75     2305  2682   40K   107 32.11   32.03  
c rst  geom svd  vs   766   318 K 1463      32K   783 5.84    5.75     2305  2685   41K   107 32.06   32.00  
c rst  geom svd  vs   767   319 K 1463      32K   783 5.84    5.75     2306  2689   41K   107 31.98   31.91  
c rst  geom svd  vs   768   319 K 1463      32K   783 5.84    5.75     2307  2694   41K   107 31.91   31.84  
c rst  geom svd  vs   769   320 K 1463      32K   783 5.84    5.75     2581  2169   42K   107 31.82   31.76  
c rst  geom svd  vs   770   320 K 1463      32K   783 5.84    5.75     2584  2175   43K   107 31.72   31.65  
c rst  geom svd  vs   771   321 K 1463      32K   783 5.84    5.75     2586  2178   44K   107 31.60   31.53  
c [distill-bin] useful: 0/783/783 lits-rem: 0 cl-rem: 0 0-depth-assigns: 0 T: 0.01 T-out: N
c rst  geom svd  vs   772   322 K 1463      32K   783 5.84    5.75     2586  2183   44K   107 31.46   31.40  
c rst  geom svd  vs   773   323 K 1463      32K   783 5.84    5.75     2586  2187   45K   107 31.33   31.27  
c rst  geom svd  vs   774   323 K 1463      32K   783 5.84    5.75     2586  2200   46K   107 31.25   31.18  
c rst  geom svd  vs   775   324 K 1463      32K   783 5.84    5.75     2590  2213   47K   107 31.15   31.09  
c rst  geom svd  vs   776   326 K 1463      32K   783 5.84    5.75     2593  2223   48K   107 31.02   30.96  
c [full-probe]  bin_only: 0 set: 0 repl: 0 T: 0.01 T-out: N T-r: 95.44%
c rst  geom best vs   777   327 K 1463      32K   783 5.84    5.75     2594  2231   49K   107 31.06   31.00  
c rst  geom best vs   778   328 K 1463      32K   783 5.84    5.75     2599  2245   50K   107 31.02   30.96  
c rst  geom best vs   779   329 K 1463      32K   783 5.84    5.75     2604  2259   52K   107 30.92   30.87  
c rst  geom best vs   780   331 K 1463      32K   783 5.84    5.75     2748  2339   39K   107 28.82   28.76  
c [distill-long-red0] cls tried: 441/441 T: 0.04 T-out: N T-r: 98.60%
c [distill-long-red1] cls tried: 39/2119 T: 0.01 T-out: Y T-r: -5.37%
c [distill] watch-based irred--  cl tried 7210     cl-sh 0     cl-rem 0    lit-rem 0      T: 0.01 T-out: N
c [distill] watch-based red  --  cl tried 5496     cl-sh 140   cl-rem 0    lit-rem 206    T: 0.00 T-out: N
c rst  geom best vs   781   333 K 1463      32K   783 5.84    5.75     2749  2351   41K   107 28.71   28.65  
c rst  geom best vs   782   334 K 1463      32K   783 5.84    5.75     2753  2363   43K   107 28.72   28.66  
c rst  geom stb  vs   783   336 K 1463      32K   783 5.84    5.75     2755  2384   45K   107 29.15   29.10  
c rst  geom stb  vs   784   339 K 1463      32K   783 5.84    5.75     2756  2389   47K   107 29.38   29.33  
c rst  geom stb  vs   785   341 K 1463      32K   783 5.84    5.75     2848  2600   49K   107 28.98   28.92  
c [distill-bin] useful: 0/783/783 lits-rem: 0 cl-rem: 0 0-depth-assigns: 0 T: 0.01 T-out: N
c rst  geom stb  vs   786   344 K 1463      32K   783 5.84    5.75     2848  2623   52K   107 28.39   28.34  
c [impl-str] lit bin: 0 set-var: 0 T: 0.00 T-out: N T-r: 99.95% w-visit: 2932
c [impl-sub] bin: 0 T: 0.00 T-out: N w-visit: 2932
c rst  geom ibes vs   787   347 K 1463      32K   783 5.84    5.75     3130  3134   40K   107 24.35   24.30  
c [distill-long-red0] cls tried: 515/515 T: 0.05 T-out: N T-r: 98.09%
c [distill-long-red1] cls tried: 33/2874 T: 0.01 T-out: Y T-r: -2.09%
c [full-probe]  bin_only: 1 set: 0 repl: 0 T: 0.01 T-out: N T-r: 99.66%
c rst  geom ibes vs   788   350 K 1463      32K   783 5.84    5.75     3848  2432   43K   107 24.10   24.05  
c rst  geom ibes vs   789   354 K 1463      32K   783 5.84    5.75     3850  2469   47K   107 23.66   23.62  
c [branch] adjusting to: vmtf (from: vsid) var_decay:0.95 descr: VMTF
c rst  luby svd  vmt  790   354 K 1463      32K   783 5.84    5.75     3850  2469   47K   107 23.67   23.63  
c rst  luby svd  vmt  791   354 K 1463      32K   783 5.84    5.75     3850  2471   47K   107 23.69   23.65  
c rst  luby svd  vmt  792   354 K 1463      32K   783 5.84    5.75     3850  2478   47K   107 23.68   23.64  
c rst  luby svd  vmt  793   354 K 1463      32K   783 5.84    5.75     3850  2478   47K   107 23.68   23.64  
c rst  luby svd  vmt  794   354 K 1463      32K   783 5.84    5.75     3850  2480   47K   107 23.71   23.66  
c rst  luby svd  vmt  795   355 K 1463      32K   783 5.84    5.75     3850  2484   47K   107 23.70   23.66  
c [ccnr] saving best assignment phase to stable_polar
c [ccnr] bumping based on var unsat frequency: conflict_ct
c [ccnr] Bumped vars: 1466 bump type: 6
c [ccnr] time: 0.27
c rst  luby svd  vmt  796   355 K 1463      32K   783 5.84    5.75     3857  2521   48K   107 23.87   23.83  
c rst  luby svd  vmt  797   355 K 1463      32K   783 5.84    5.75     3857  2521   48K   107 23.90   23.86  
c rst  luby svd  vmt  798   355 K 1463      32K   783 5.84    5.75     3859  2526   48K   107 23.93   23.89  
c rst  luby svd  vmt  799   355 K 1463      32K   783 5.84    5.75     3859  2532   48K   107 23.96   23.91  
c rst  luby svd  vmt  800   356 K 1463      32K   783 5.84    5.75     3859  2535   48K   107 23.98   23.94  
c rst  luby svd  vmt  801   356 K 1463      32K   783 5.84    5.75     3859  2538   48K   107 23.99   23.95  
c rst  luby svd  vmt  802   356 K 1463      32K   783 5.84    5.75     3860  2549   48K   107 24.03   23.99  
c [distill] watch-based irred--  cl tried 7210     cl-sh 0     cl-rem 0    lit-rem 0      T: 0.01 T-out: N
c [distill] watch-based red  --  cl tried 7720     cl-sh 143   cl-rem 0    lit-rem 230    T: 0.01 T-out: N
c rst  luby svd  vmt  803   356 K 1463      32K   783 5.84    5.75     3860  2552   49K   107 24.10   24.05  
c rst  luby svd  vmt  804   357 K 1463      32K   783 5.84    5.75     3860  2566   50K   107 24.30   24.26  
c rst  luby svd  vmt  805   357 K 1463      32K   783 5.84    5.75     3860  2568   50K   107 24.32   24.28  
c rst  luby svd  vmt  806   357 K 1463      32K   783 5.84    5.75     3860  2569   50K   107 24.33   24.28  
c rst  luby svd  vmt  807   358 K 1463      32K   783 5.84    5.75     3860  2570   50K   107 24.35   24.31  
c rst  luby svd  vmt  808   358 K 1463      32K   783 5.84    5.75     3860  2571   50K   107 24.36   24.32  
c rst  luby svd  vmt  809   358 K 1463      32K   783 5.84    5.75     3860  2574   50K   107 24.37   24.33  
c rst  luby svd  vmt  810   358 K 1463      32K   783 5.84    5.75     3860  2575   50K   107 24.41   24.37  
c rst  luby svd  vmt  811   358 K 1463      32K   783 5.84    5.75     3860  2580   51K   107 24.44   24.40  
c rst  luby svd  vmt  812   358 K 1463      32K   783 5.84    5.75     3860  2586   51K   107 24.45   24.41  
c rst  luby svd  vmt  813   359 K 1463      32K   783 5.84    5.75     3860  2588   51K   107 24.47   24.43  
c rst  luby svd  vmt  814   359 K 1463      32K   783 5.84    5.75     3860  2589   51K   107 24.48   24.44  
c rst  luby svd  vmt  815   359 K 1463      32K   783 5.84    5.75     3860  2593   51K   107 24.50   24.46  
c rst  luby svd  vmt  816   359 K 1463      32K   783 5.84    5.75     3860  2595   51K   107 24.51   24.47  
c rst  luby svd  vmt  817   359 K 1463      32K   783 5.84    5.75     3860  2601   52K   107 24.57   24.53  
c rst  luby svd  vmt  818   360 K 1463      32K   783 5.84    5.75     4088  3144   37K   107 23.25   23.20  
c rst  luby svd  vmt  819   360 K 1463      32K   783 5.84    5.75     4361  2814   38K   107 23.31   23.26  
c rst  luby svd  vmt  820   362 K 1463      32K   783 5.84    5.75     4362  2842   39K   107 23.57   23.52  
c [distill-bin] useful: 0/783/783 lits-rem: 0 cl-rem: 0 0-depth-assigns: 0 T: 0.00 T-out: N
c rst  luby svd  vmt  821   362 K 1463      32K   783 5.84    5.75     4362  2842   40K   107 23.58   23.53  
c [distill-long-red0] cls tried: 1234/1234 T: 0.13 T-out: N T-r: 95.03%
c [distill-long-red1] cls tried: 27/2616 T: 0.01 T-out: Y T-r: -5.83%
c rst  luby svd  vmt  822   362 K 1463      32K   783 5.84    5.75     4362  2843   40K   107 23.57   23.52  
c rst  luby svd  vmt  823   362 K 1463      32K   783 5.84    5.75     4362  2844   40K   107 23.63   23.58  
c rst  luby svd  vmt  824   362 K 1463      32K   783 5.84    5.75     4362  2844   40K   107 23.63   23.58  
c rst  luby svd  vmt  825   363 K 1463      32K   783 5.84    5.75     4362  2846   40K   107 23.64   23.59  
c rst  geom best vmt  826   363 K 1463      32K   783 5.84    5.75     4362  2847   40K   107 23.70   23.65  
c rst  geom best vmt  827   363 K 1463      32K   783 5.84    5.75     4362  2851   40K   107 23.72   23.67  
c rst  geom best vmt  828   363 K 1463      32K   783 5.84    5.75     4364  2852   40K   107 23.73   23.68  
c rst  geom best vmt  829   363 K 1463      32K   783 5.84    5.75     4364  2858   41K   107 23.76   23.71  
c rst  geom best vmt  830   363 K 1463      32K   783 5.84    5.75     4364  2859   41K   107 23.79   23.74  
c rst  geom best vmt  831   363 K 1463      32K   783 5.84    5.75     4364  2863   41K   107 23.82   23.77  
c rst  geom best vmt  832   364 K 1463      32K   783 5.84    5.75     4364  2864   41K   107 23.85   23.80  
c rst  geom best vmt  833   364 K 1463      32K   783 5.84    5.75     4365  2865   41K   107 23.87   23.82  
c rst  geom best vmt  834   364 K 1463      32K   783 5.84    5.75     4365  2866   42K   107 23.89   23.84  
c rst  geom best vmt  835   364 K 1463      32K   783 5.84    5.75     4365  2872   42K   107 23.91   23.87  
c rst  geom best vmt  836   365 K 1463      32K   783 5.84    5.75     4367  2878   42K   107 23.99   23.94  
c rst  geom best vmt  837   365 K 1463      32K   783 5.84    5.75     4367  2881   42K   107 24.04   24.00  
c rst  geom best vmt  838   365 K 1463      32K   783 5.84    5.75     4367  2881   43K   107 24.11   24.06  
c rst  geom best vmt  839   366 K 1463      32K   783 5.84    5.75     4367  2882   43K   107 24.14   24.10  
c rst  geom best vmt  840   366 K 1463      32K   783 5.84    5.75     4368  2886   43K   107 24.20   24.16  
c rst  geom best vmt  841   366 K 1463      32K   783 5.84    5.75     4372  2889   44K   107 24.24   24.20  
c rst  geom best vmt  842   367 K 1463      32K   783 5.84    5.75     4372  2894   44K   107 24.38   24.33  
c [full-probe]  bin_only: 0 set: 0 repl: 0 T: 0.01 T-out: N T-r: 95.22%
c rst  geom best vmt  843   367 K 1463      32K   783 5.84    5.75     4372  2900   45K   107 24.47   24.42  
c rst  geom best vmt  844   368 K 1463      32K   783 5.84    5.75     4372  2905   46K   107 24.60   24.55  
c rst  geom best vmt  845   369 K 1463      32K   783 5.84    5.75     4372  2905   46K   107 24.66   24.61  
c rst  geom best vmt  846   369 K 1463      32K   783 5.84    5.75     4373  2914   47K   107 24.72   24.67  
c rst  geom best vmt  847   370 K 1463      32K   783 5.84    5.75     4497  2728   48K   107 24.78   24.74  
c rst  geom best vmt  848   371 K 1463      32K   783 5.84    5.75     4498  2760   49K   107 24.93   24.88  
c rst  geom best vmt  849   372 K 1463      32K   783 5.84    5.75     4498  2766   50K   107 25.02   24.98  
c rst  geom stb  vmt  850   373 K 1463      32K   783 5.84    5.75     4501  2795   51K   107 25.21   25.17  
c rst  geom stb  vmt  851   374 K 1463      32K   783 5.84    5.75     4502  2805   52K   107 25.31   25.27  
c rst  geom stb  vmt  852   376 K 1463      32K   783 5.84    5.75     4516  3168   38K   107 24.24   24.19  
c rst  geom stb  vmt  853   377 K 1463      32K   783 5.84    5.75     4523  3205   40K   107 24.68   24.62  
c rst  geom stb  vmt  854   379 K 1463      32K   783 5.84    5.75     4543  3421   41K   107 24.76   24.71  
c [distill-long-red0] cls tried: 178/178 T: 0.01 T-out: N T-r: 99.49%
c [distill-long-red1] cls tried: 28/3181 T: 0.01 T-out: Y T-r: -5.51%
c [gauss] XOR-encoding clauses are not detached, so no need to reattach them.
c [g 0] truth-find prop checks  : 50K
c [g 0] -> of which prop        : 16.05 %
c [g 0] -> of which confl       :  0.94 %
c [g 0] elim called             : 11897
c [g 0] ---> which lead to prop : 32.24 %
c [g 0] ---> which lead to confl:  1.43 %
c [g 0] size: 52    x 463  
c [scc] new: 0 BP 0M T: 0.00
c [vrep] vars 0 lits 0 rem-bin-cls 0 rem-long-cls 0 BP 0M T: 0.00
c [intree] Set 0 vars hyper-added: 2 trans-irred: 0 trans-red: 0 T: 0.01 T-out: N T-r: -4.40%
c [find&init matx] performing matrix init
c [gauss] XOR-encoding clauses are not detached, so no need to reattach them.
c [xor-rem-unconnected] left with 922 xors from 922 non-empty xors T: 0.00
c [xor-together] xored together: 870 orig xors: 922 new xors: 52 T: 0.00
c [xor-rem-unconnected] left with 52 xors from 52 non-empty xors T: 0.00
c [xor-clean-equiv] removed equivalent xors: 0 left with: 52
c [matrix] unused xors from cleaning: 0
c [matrix] Good   matrix 0 52      x463    density:0.1553  xorlen avg: 71.92
c [matrix] Using 1 matrices recovered from 0 xors T: 0.00 T-out: N
c [g  <0] Disabling GJ-elim in this round.  Usefulness was: 16.8972%  over 85683 calls
c rst  geom stb  vmt  855   380 K 1463      32K   783 5.84    5.75     4753  3148   43K   109 24.54   24.49  
c rst  geom stb  vmt  856   382 K 1463      32K   783 5.84    5.75     4754  3168   45K   109 24.29   24.25  
c [distill-bin] useful: 0/783/783 lits-rem: 0 cl-rem: 0 0-depth-assigns: 0 T: 0.01 T-out: N
c [distill] watch-based irred--  cl tried 7210     cl-sh 0     cl-rem 0    lit-rem 0      T: 0.01 T-out: N
c [distill] watch-based red  --  cl tried 9508     cl-sh 99    cl-rem 0    lit-rem 151    T: 0.01 T-out: N
c rst  geom ibes vmt  857   384 K 1463      32K   783 5.84    5.75     4755  3203   47K   109 24.04   23.99  
c rst  geom ibes vmt  858   386 K 1463      32K   783 5.84    5.75     4755  3223   49K   109 23.67   23.63  
c rst  geom ibes vmt  859   389 K 1463      32K   783 5.84    5.75     4755  3253   51K   109 23.27   23.23  
c [full-probe]  bin_only: 1 set: 0 repl: 0 T: 0.01 T-out: N T-r: 99.63%
c rst  geom ibes vmt  860   392 K 1463      32K   783 5.84    5.75     5749  3275   39K   109 23.50   23.45  
c rst  geom svd  vmt  861   395 K 1463      32K   783 5.84    5.75     5750  3308   42K   109 23.22   23.18  
c [branch] adjusting to: vsid (from: vmtf) var_decay:0.95 descr: VSIDS
c [distill-long-red0] cls tried: 1242/1242 T: 0.11 T-out: N T-r: 95.60%
c [distill-long-red1] cls tried: 27/3067 T: 0.01 T-out: Y T-r: -4.98%
c rst  geom svd  vs   862   395 K 1463      32K   783 5.84    5.75     5750  3311   42K   109 23.18   23.14  
c rst  geom svd  vs   863   395 K 1463      32K   783 5.84    5.75     5750  3312   42K   109 23.19   23.14  
c rst  geom svd  vs   864   395 K 1463      32K   783 5.84    5.75     5750  3313   42K   109 23.20   23.16  
c rst  geom svd  vs   865   395 K 1463      32K   783 5.84    5.75     5750  3315   42K   109 23.20   23.15  
c rst  geom svd  vs   866   395 K 1463      32K   783 5.84    5.75     5750  3316   42K   109 23.19   23.15  
c rst  geom svd  vs   867   395 K 1463      32K   783 5.84    5.75     5750  3316   42K   109 23.20   23.16  
c rst  geom svd  vs   868   396 K 1463      32K   783 5.84    5.75     5750  3317   43K   109 23.21   23.17  
c rst  geom svd  vs   869   396 K 1463      32K   783 5.84    5.75     5751  3321   43K   109 23.20   23.16  
c rst  geom svd  vs   870   396 K 1463      32K   783 5.84    5.75     5753  3329   43K   109 23.20   23.16  
c rst  geom svd  vs   871   396 K 1463      32K   783 5.84    5.75     5753  3335   43K   109 23.19   23.15  
c rst  geom svd  vs   872   397 K 1463      32K   783 5.84    5.75     5753  3335   44K   109 23.17   23.13  
c rst  geom svd  vs   873   397 K 1463      32K   783 5.84    5.75     5753  3341   44K   109 23.20   23.16  
c rst  geom svd  vs   874   397 K 1463      32K   783 5.84    5.75     5753  3342   44K   109 23.20   23.16  
c rst  geom svd  vs   875   397 K 1463      32K   783 5.84    5.75     5753  3342   44K   109 23.21   23.16  
c recursive minimization cost OK: 716Kcost/(% lits removed)
c [gauss] XOR-encoding clauses are not detached, so no need to reattach them.
c [g 0] truth-find prop checks  : 61K
c [g 0] -> of which prop        : 18.21 %
c [g 0] -> of which confl       :  0.92 %
c [g 0] elim called             : 13122
c [g 0] ---> which lead to prop : 19.65 %
c [g 0] ---> which lead to confl:  0.94 %
c [g 0] size: 52    x 463  
c --> Executing strategy token: scc-vrepl
c [scc] new: 0 BP 0M T: 0.00
c --> Executing strategy token: sub-impl
c [impl-sub] bin: 0 T: 0.00 T-out: N w-visit: 2932
c --> Executing strategy token: breakid
c --> Executing OCC strategy token(s): 'occ-backw-sub-str,occ-clean-implicit,occ-bve,occ-bva,occ-ternary-res,occ-xor,'
c [occ] mem usage for occur 2      MB
c [occ] Linked in IRRED BIN by default: 783
c [occ] Linked in RED   BIN by default: 109
c [occ] mem usage for occur 0      MB
c Mem for watch alloc      : 13          MB (25.50     %)
c Mem for watch array      : 0           MB (0.12      %)
c --> Executing OCC strategy token: occ-backw-sub-str
c [occ-backw-sub-str-long-w-bins] subs: 0 str: 67 tried: 8808 0-depth ass: 0 T: 0.00 T-out: N T-r: 98.99%
c [occ-backw-sub-long-w-long] rem cl: 504 tried: 86188/86188 (100.0%) T: 0.03 T-out: N T-r: 80.74%
c [occ-backw-sub-str-long-w-long] sub: 3 str: 69 tried: 258564/86188 (300.0)  T: 0.19 T-out: N T-r: 58.19%
c --> Executing OCC strategy token: occ-clean-implicit
c --> Executing OCC strategy token: occ-bve
c [occ-empty-res] Empty resolvent elimed: 0 T: 0.00 T-out: N
c [occ-bve] iter v-elim 0
c cl_inc_rate=1.0, var_dec_rate=1.0 (grow=0)
c Reduced to 1463 vars, 33180 cls (grow=0)
c [occ-bve] iter v-elim 0
c cl_inc_rate=1.0, var_dec_rate=1.0 (grow=8)
c Reduced to 1463 vars, 33180 cls (grow=8)
c [occ-bve] iter v-elim 0
c cl_inc_rate=1.0, var_dec_rate=1.0 (grow=16)
c Reduced to 1463 vars, 33180 cls (grow=16)
c x n vars       : 1463
c #try to eliminate:  4389
c #var-elim        :     0
c #T-o: N
c #T-r: 99.99%
c #T  : 0.25
c [occur] 0.02 is overhead
c [occur] link-in T: 0.02 cleanup T: 0.00
c --> Executing OCC strategy token: occ-bva
c --> Executing OCC strategy token: occ-ternary-res
c [occ-ternary-res] Ternary res-tri: 0 res-bin: 0 sub: 0 str: 0 T: 0.00 T-out: N T-r: 99.78%
c --> Executing OCC strategy token: occ-xor
c [occ-xor] sort occur list T: 0.00
c [xor-clean-equiv] removed equivalent xors: 0 left with: 899
c [occ-xor] found    899 avg sz 5.9 min sz  4 max sz  6 T: 0.01 T-out: N T-r: 99.97%
c --> Executing strategy token: card-find
c --> Executing strategy token: cl-consolidate
c Not consolidating memory.
c --> Executing strategy token: scc-vrepl
c [scc] new: 0 BP 0M T: 0.00
c --> Executing strategy token: renumber
c --> Executing strategy token: bosphorus
c --> Executing strategy token: louvain-comms
c [consolidate] mini T: 0.00
c global_timeout_multiplier: 4.3923
c [branch] rebuilding order heap for all branchings. Current branching: vsid
c [find&init matx] performing matrix init
c [gauss] XOR-encoding clauses are not detached, so no need to reattach them.
c [xor-rem-unconnected] left with 899 xors from 899 non-empty xors T: 0.00
c [xor-together] xored together: 835 orig xors: 899 new xors: 64 T: 0.00
c [xor-rem-unconnected] left with 64 xors from 64 non-empty xors T: 0.00
c [xor-clean-equiv] removed equivalent xors: 0 left with: 64
c [matrix] unused xors from cleaning: 0
c [matrix] Good   matrix  0     64 x  496  density:0.1157  xorlen avg: 57.38
c [matrix] Using 1 matrices recovered from 0 xors T: 0.00 T-out: N
c rst  geom  svd   vs   876  398K    1463   32K   783    5.84    5.75  5529  3388   44K   109   23.33   23.29
c rst  geom  svd   vs   877  398K    1463   32K   783    5.84    5.75  5529  3392   45K   109   23.38   23.34
c rst  geom  svd   vs   878  399K    1463   32K   783    5.84    5.75  5530  3400   45K   109   23.37   23.32
c rst  geom  svd   vs   879  399K    1463   32K   783    5.84    5.75  5530  3405   46K   109   23.31   23.27
c [ccnr] saving best assignment phase to stable_polar
c [ccnr] bumping based on var unsat frequency: conflict_ct
c [ccnr] Bumped vars: 1466 bump type: 6
c [ccnr] time: 0.26
c rst  geom  svd   vs   880  400K    1463   32K   783    5.84    5.75  5562  3337   46K   109   23.23   23.19
c rst  geom  svd   vs   881  400K    1463   32K   783    5.84    5.75  5562  3338   47K   109   23.17   23.13
c rst  geom  svd   vs   882  401K    1463   32K   783    5.84    5.75  5562  3347   47K   109   23.14   23.10
c rst  geom best   vs   883  402K    1463   32K   783    5.84    5.75  5562  3366   48K   109   23.21   23.17
c rst  geom best   vs   884  402K    1463   32K   783    5.84    5.75  5562  3372   49K   109   23.25   23.21
c [distill-bin] useful: 0/783/783 lits-rem: 0 cl-rem: 0 0-depth-assigns: 0 T: 0.01 T-out: N
c rst  geom best   vs   885  403K    1463   32K   783    5.84    5.75  5563  3388   50K   109   23.29   23.25
c rst  geom best   vs   886  404K    1463   32K   783    5.84    5.75  5563  3399   51K   109   23.23   23.19
c [impl-str] lit bin: 0 set-var: 0 T: 0.00 T-out: N T-r: 99.95% w-visit: 2932
c [impl-sub] bin: 0 T: 0.00 T-out: N w-visit: 2932
c rst  geom best   vs   887  405K    1463   32K   783    5.84    5.75  5574  3597   37K   109   20.74   20.70
c rst  geom best   vs   888  406K    1463   32K   783    5.84    5.75  5574  3611   39K   109   20.70   20.66
c rst  geom best   vs   889  408K    1463   32K   783    5.84    5.75  5574  3622   40K   109   20.67   20.62
c [distill] watch-based irred--  cl tried     8674 cl-sh    15 cl-rem    8 lit-rem     15 T: 0.01 T-out: N
c [distill] watch-based   red--  cl tried    10308 cl-sh    49 cl-rem    0 lit-rem     98 T: 0.02 T-out: Y
c rst  geom best   vs   890  409K    1463   32K   784    5.84    5.75  5577  3633   41K   108   20.55   20.51
c [full-probe]  bin_only: 0 set: 0 repl: 0 T: 0.00 T-out: N T-r: 97.54%
c rst  geom best   vs   891  411K    1463   32K   784    5.84    5.75  5670  3510   43K   108   20.58   20.54
c [distill-long-red0] cls tried: 422/422 T: 0.04 T-out: N T-r: 98.29%
c [distill-long-red1] cls tried: 40/3264 T: 0.01 T-out: Y T-r: -7.59%
c rst  geom  stb   vs   892  412K    1463   32K   784    5.84    5.75  5671  3526   45K   108   20.40   20.36
c rst  geom  stb   vs   893  414K    1463   32K   784    5.84    5.75  5671  3546   46K   108   20.32   20.28
c rst  geom  stb   vs   894  416K    1463   32K   784    5.84    5.75  5671  3558   48K   108   20.14   20.11
c rst  geom  stb   vs   895  418K    1463   32K   784    5.84    5.75  5671  3571   51K   108   19.95   19.92
c rst  geom  stb   vs   896  421K    1463   32K   784    5.84    5.75  5799  3529   39K   108   16.46   16.43
c rst  geom ibes   vs   897  424K    1463   32K   784    5.84    5.75  5800  3571   42K   108   16.31   16.28
c [distill-bin] useful: 1/784/784 lits-rem: 0 cl-rem: 1 0-depth-assigns: 0 T: 0.00 T-out: N
c rst  geom ibes   vs   898  427K    1463   32K   783    5.84    5.75  5801  3619   45K   108   16.30   16.27
c [distill-long-red0] cls tried: 129/129 T: 0.02 T-out: N T-r: 99.10%
c [distill-long-red1] cls tried: 24/3381 T: 0.01 T-out: Y T-r: -4.63%
c rst  geom ibes   vs   899  430K    1463   32K   783    5.84    5.75  5883  3364   48K   108   16.52   16.49
c [full-probe]  bin_only: 1 set: 0 repl: 0 T: 0.01 T-out: N T-r: 99.77%
c rst  geom ibes   vs   900  434K    1463   32K   783    5.84    5.75  5885  3394   52K   108   16.52   16.50
c [distill] watch-based irred--  cl tried     7728 cl-sh     0 cl-rem    0 lit-rem      0 T: 0.02 T-out: Y
c [distill] watch-based   red--  cl tried     9647 cl-sh     2 cl-rem    0 lit-rem      2 T: 0.02 T-out: Y
c rst  geom  svd   vs   901  438K    1463   32K   783    5.84    5.75  5901  3972   41K   108   16.23   16.20
c [branch] adjusting to: vmtf (from: vsid) var_decay:0.95 descr: VMTF
c rst  luby  svd  vmt   902  438K    1463   32K   783    5.84    5.75  5912  3989   41K   108   16.24   16.21
c rst  luby  svd  vmt   903  438K    1463   32K   783    5.84    5.75  5912  3990   41K   108   16.29   16.26
c rst  luby  svd  vmt   904  438K    1463   32K   783    5.84    5.75  5913  3991   41K   108   16.39   16.36
c rst  luby  svd  vmt   905  438K    1463   32K   783    5.84    5.75  5913  3996   41K   108   16.46   16.43
c rst  luby  svd  vmt   906  438K    1463   32K   783    5.84    5.75  5913  3998   42K   108   16.51   16.48
c rst  luby  svd  vmt   907  438K    1463   32K   783    5.84    5.75  5913  3999   42K   108   16.65   16.62
c rst  luby  svd  vmt   908  439K    1463   32K   783    5.84    5.75  5913  4005   42K   108   16.83   16.80
c rst  luby  svd  vmt   909  439K    1463   32K   783    5.84    5.75  5913  4005   42K   108   16.87   16.84
c rst  luby  svd  vmt   910  439K    1463   32K   783    5.84    5.75  5913  4005   42K   108   16.93   16.90
c rst  luby  svd  vmt   911  439K    1463   32K   783    5.84    5.75  5913  4005   43K   108   16.99   16.96
c rst  luby  svd  vmt   912  439K    1463   32K   783    5.84    5.75  5913  4005   43K   108   17.06   17.03
c rst  luby  svd  vmt   913  439K    1463   32K   783    5.84    5.75  5913  4007   43K   108   17.09   17.06
c rst  luby  svd  vmt   914  440K    1463   32K   783    5.84    5.75  6008  3454   43K   108   17.18   17.15
c rst  luby  svd  vmt   915  440K    1463   32K   783    5.84    5.75  6008  3456   44K   108   17.35   17.32
c rst  luby  svd  vmt   916  441K    1463   32K   783    5.84    5.75  6008  3459   45K   108   17.69   17.66
c rst  luby  svd  vmt   917  441K    1463   32K   783    5.84    5.75  6008  3459   45K   108   17.73   17.70
c rst  luby  svd  vmt   918  441K    1463   32K   783    5.84    5.75  6008  3459   45K   108   17.79   17.76
c rst  luby  svd  vmt   919  441K    1463   32K   783    5.84    5.75  6008  3460   45K   108   17.94   17.91
c rst  luby  svd  vmt   920  441K    1463   32K   783    5.84    5.75  6008  3462   45K   108   18.01   17.98
c rst  luby  svd  vmt   921  441K    1463   32K   783    5.84    5.75  6008  3466   45K   108   18.05   18.02
c rst  luby  svd  vmt   922  442K    1463   32K   783    5.84    5.75  6008  3466   45K   108   18.10   18.07
c rst  luby  svd  vmt   923  442K    1463   32K   783    5.84    5.75  6008  3468   46K   108   18.27   18.24
c [distill-long-red0] cls tried: 209/209 T: 0.03 T-out: N T-r: 98.71%
c [distill-long-red1] cls tried: 25/3271 T: 0.01 T-out: Y T-r: -3.21%
c rst  luby  svd  vmt   924  442K    1463   32K   783    5.84    5.75  6008  3468   46K   108   18.31   18.28
c rst  luby  svd  vmt   925  442K    1463   32K   783    5.84    5.75  6008  3470   46K   108   18.34   18.31
c rst  luby  svd  vmt   926  442K    1463   32K   783    5.84    5.75  6008  3470   46K   108   18.43   18.39
c rst  luby  svd  vmt   927  443K    1463   32K   783    5.84    5.75  6008  3470   46K   108   18.47   18.43
c rst  luby  svd  vmt   928  443K    1463   32K   783    5.84    5.75  6008  3473   46K   108   18.51   18.48
c rst  luby  svd  vmt   929  443K    1463   32K   783    5.84    5.75  6008  3475   47K   108   18.57   18.54
c rst  luby  svd  vmt   930  443K    1463   32K   783    5.84    5.75  6009  3479   47K   108   18.77   18.74
c [ccnr] saving best assignment phase to stable_polar
c [ccnr] bumping based on clause weights
c [ccnr] Bumped vars: 102 bump type: 6
c [ccnr] time: 0.29
c rst  geom best  vmt   931  443K    1463   32K   783    5.84    5.75  6009  3481   47K   108   18.79   18.76
c rst  geom best  vmt   932  443K    1463   32K   783    5.84    5.75  6009  3482   47K   108   18.80   18.77
c rst  geom best  vmt   933  444K    1463   32K   783    5.84    5.75  6009  3484   47K   108   18.82   18.79
c [gauss] XOR-encoding clauses are not detached, so no need to reattach them.
c [g 0] truth-find prop checks  : 2557K
c [g 0] -> of which prop        : 32.17 %
c [g 0] -> of which confl       :  1.22 %
c [g 0] elim called             : 202K
c [g 0] ---> which lead to prop : 38.85 %
c [g 0] ---> which lead to confl:  0.75 %
c [g 0] size: 64    x 496  
c [scc] new: 0 BP 0M T: 0.00
c [vrep] vars 0 lits 0 rem-bin-cls 0 rem-long-cls 0 BP 0M T: 0.00
c [intree] Set 0 vars hyper-added: 0 trans-irred: 0 trans-red: 0 T: 0.00 T-out: N T-r: -1.53%
c [find&init matx] performing matrix init
c [gauss] XOR-encoding clauses are not detached, so no need to reattach them.
c [xor-rem-unconnected] left with 899 xors from 899 non-empty xors T: 0.00
c [xor-together] xored together: 835 orig xors: 899 new xors: 64 T: 0.00
c [xor-rem-unconnected] left with 64 xors from 64 non-empty xors T: 0.00
c [xor-clean-equiv] removed equivalent xors: 0 left with: 64
c [matrix] unused xors from cleaning: 0
c [matrix] Good   matrix 0 64      x496    density:0.1157  xorlen avg: 57.38
c [matrix] Using 1 matrices recovered from 0 xors T: 0.00 T-out: N
c rst  geom best vmt  934   444 K 1463      32K   783 5.84    5.75     6009  3489   47K   108 18.83   18.80  
c [distill-bin] useful: 0/783/783 lits-rem: 0 cl-rem: 0 0-depth-assigns: 0 T: 0.00 T-out: N
c rst  geom best vmt  935   444 K 1463      32K   783 5.84    5.75     6009  3491   48K   108 18.85   18.82  
c rst  geom best vmt  936   444 K 1463      32K   783 5.84    5.75     6009  3493   48K   108 18.89   18.86  
c rst  geom best vmt  937   444 K 1463      32K   783 5.84    5.75     6009  3496   48K   108 19.01   18.98  
c rst  geom best vmt  938   444 K 1463      32K   783 5.84    5.75     6009  3501   48K   108 19.03   19.00  
c rst  geom best vmt  939   445 K 1463      32K   783 5.84    5.75     6010  3503   48K   108 19.07   19.04  
c rst  geom best vmt  940   445 K 1463      32K   783 5.84    5.75     6010  3506   49K   108 19.07   19.04  
c rst  geom best vmt  941   445 K 1463      32K   783 5.84    5.75     6010  3509   49K   108 19.08   19.05  
c rst  geom best vmt  942   446 K 1463      32K   783 5.84    5.75     6011  3519   49K   108 19.11   19.08  
c rst  geom best vmt  943   446 K 1463      32K   783 5.84    5.75     6011  3525   50K   108 19.11   19.08  
c rst  geom best vmt  944   446 K 1463      32K   783 5.84    5.75     6012  3529   50K   108 19.18   19.15  
c rst  geom best vmt  945   447 K 1463      32K   783 5.84    5.75     6014  3607   50K   108 19.16   19.13  
c rst  geom best vmt  946   447 K 1463      32K   783 5.84    5.75     6014  3612   51K   108 19.19   19.16  
c rst  geom best vmt  947   448 K 1463      32K   783 5.84    5.75     6015  3626   51K   108 19.35   19.32  
c rst  geom best vmt  948   448 K 1463      32K   783 5.84    5.75     6016  3628   52K   108 19.41   19.38  
c rst  geom best vmt  949   449 K 1463      32K   783 5.84    5.75     6017  3640   52K   108 19.48   19.45  
c rst  geom best vmt  950   449 K 1463      32K   783 5.84    5.75     6017  3643   53K   108 19.50   19.47  
c rst  geom best vmt  951   450 K 1463      32K   783 5.84    5.75     6214  3480   38K   108 19.07   19.03  
c [full-probe]  bin_only: 0 set: 0 repl: 0 T: 0.00 T-out: N T-r: 98.36%
c rst  geom best vmt  952   451 K 1463      32K   783 5.84    5.75     6214  3484   39K   108 19.05   19.01  
c rst  geom best vmt  953   452 K 1463      32K   783 5.84    5.75     6215  3491   40K   108 19.14   19.10  
c rst  geom best vmt  954   453 K 1463      32K   783 5.84    5.75     6216  3500   41K   108 19.12   19.09  
c rst  geom stb  vmt  955   454 K 1463      32K   783 5.84    5.75     6216  3507   42K   108 19.10   19.07  
c rst  geom stb  vmt  956   455 K 1463      32K   783 5.84    5.75     6217  3520   43K   108 19.10   19.06  
c rst  geom stb  vmt  957   456 K 1463      32K   783 5.84    5.75     6217  3526   45K   108 19.17   19.14  
c rst  geom stb  vmt  958   458 K 1463      32K   783 5.84    5.75     6217  3549   46K   108 19.43   19.40  
c [distill-long-red0] cls tried: 203/203 T: 0.04 T-out: N T-r: 98.59%
c [distill-long-red1] cls tried: 22/3348 T: 0.01 T-out: Y T-r: -12.08%
c rst  geom stb  vmt  959   459 K 1463      32K   783 5.84    5.75     6221  3596   47K   108 19.71   19.67  
c [distill] watch-based irred--  cl tried 8454     cl-sh 0     cl-rem 0    lit-rem 0      T: 0.02 T-out: Y
c [distill] watch-based red  --  cl tried 10187    cl-sh 5     cl-rem 0    lit-rem 7      T: 0.02 T-out: Y
c rst  geom stb  vmt  960   461 K 1463      32K   783 5.84    5.75     6379  3244   49K   108 19.86   19.83  
c rst  geom stb  vmt  961   463 K 1463      32K   783 5.84    5.75     6381  3260   51K   108 19.84   19.81  
c rst  geom ibes vmt  962   465 K 1463      32K   783 5.84    5.75     6402  3925   38K   108 21.05   21.01  
c [distill-bin] useful: 0/783/783 lits-rem: 0 cl-rem: 0 0-depth-assigns: 0 T: 0.00 T-out: N
c [impl-str] lit bin: 0 set-var: 0 T: 0.00 T-out: N T-r: 99.96% w-visit: 2932
c [impl-sub] bin: 0 T: 0.00 T-out: N w-visit: 2932
c rst  geom ibes vmt  963   467 K 1463      32K   783 5.84    5.75     6403  3948   40K   108 20.79   20.75  
c rst  geom ibes vmt  964   470 K 1463      32K   783 5.84    5.75     6546  3685   43K   108 20.51   20.47  
c rst  geom ibes vmt  965   472 K 1463      32K   783 5.84    5.75     6547  3721   46K   108 20.29   20.26  
c [full-probe]  bin_only: 1 set: 0 repl: 0 T: 0.00 T-out: N T-r: 99.82%
c rst  geom ibes vmt  966   475 K 1463      32K   783 5.84    5.75     6549  3807   49K   108 20.11   20.08  
c [distill-long-red0] cls tried: 335/335 T: 0.06 T-out: N T-r: 97.66%
c [distill-long-red1] cls tried: 19/3644 T: 0.02 T-out: Y T-r: -8.06%
c rst  geom svd  vmt  967   479 K 1463      32K   783 5.84    5.75     6550  3813   52K   108 19.78   19.75  
c rst  geom svd  vmt  968   482 K 1463      32K   783 5.84    5.75     6711  4336   40K   108 18.66   18.62  
c rst  geom svd  vmt  969   486 K 1463      32K   783 5.84    5.75     6711  4380   44K   108 18.42   18.38  
c [distill-bin] useful: 0/783/783 lits-rem: 0 cl-rem: 0 0-depth-assigns: 0 T: 0.00 T-out: N
c [distill] watch-based irred--  cl tried 8614     cl-sh 0     cl-rem 0    lit-rem 0      T: 0.02 T-out: Y
c [distill] watch-based red  --  cl tried 10384    cl-sh 5     cl-rem 0    lit-rem 9      T: 0.02 T-out: Y
c rst  geom best vmt  970   491 K 1463      32K   783 5.84    5.75     6837  4185   49K   108 18.29   18.27  
c [branch] adjusting to: vsid (from: vmtf) var_decay:0.95 descr: VSIDS
c [distill-long-red0] cls tried: 291/291 T: 0.06 T-out: N T-r: 97.60%
c [distill-long-red1] cls tried: 19/4038 T: 0.01 T-out: Y T-r: -3.40%
c [ccnr] saving best assignment phase to stable_polar
c [ccnr] bumping based on var unsat frequency: conflict_ct
c [ccnr] Bumped vars: 1466 bump type: 6
c [ccnr] time: 0.27
c rst  geom best vs   971   491 K 1463      32K   783 5.84    5.75     6837  4185   49K   108 18.27   18.24  
c rst  geom best vs   972   491 K 1463      32K   783 5.84    5.75     6837  4185   49K   108 18.27   18.24  
c rst  geom best vs   973   491 K 1463      32K   783 5.84    5.75     6837  4185   49K   108 18.26   18.23  
c rst  geom best vs   974   491 K 1463      32K   783 5.84    5.75     6837  4186   49K   108 18.26   18.23  
c rst  geom best vs   975   491 K 1463      32K   783 5.84    5.75     6837  4186   49K   108 18.25   18.22  
c rst  geom best vs   976   491 K 1463      32K   783 5.84    5.75     6837  4186   49K   108 18.25   18.22  
c rst  geom best vs   977   492 K 1463      32K   783 5.84    5.75     6837  4189   50K   108 18.24   18.21  
c rst  geom best vs   978   492 K 1463      32K   783 5.84    5.75     6837  4189   50K   108 18.24   18.21  
c rst  geom best vs   979   492 K 1463      32K   783 5.84    5.75     6837  4193   50K   108 18.27   18.24  
c rst  geom best vs   980   492 K 1463      32K   783 5.84    5.75     6837  4194   50K   108 18.29   18.27  
c [full-probe]  bin_only: 0 set: 0 repl: 0 T: 0.00 T-out: N T-r: 98.20%
c rst  geom best vs   981   493 K 1463      32K   783 5.84    5.75     6837  4196   51K   108 18.31   18.28  
c rst  geom best vs   982   493 K 1463      32K   783 5.84    5.75     6837  4198   51K   108 18.29   18.26  
c rst  geom best vs   983   493 K 1463      32K   783 5.84    5.75     6837  4199   51K   108 18.28   18.26  
c rst  geom best vs   984   494 K 1463      32K   783 5.84    5.75     6837  4199   52K   108 18.26   18.24  
c rst  geom best vs   985   494 K 1463      32K   783 5.84    5.75     6837  4200   52K   108 18.25   18.22  
c rst  geom best vs   986   495 K 1463      32K   783 5.84    5.75     6837  4203   53K   108 18.23   18.21  
c rst  geom best vs   987   495 K 1463      32K   783 5.84    5.75     6863  4704   38K   108 15.85   15.82  
c rst  geom best vs   988   496 K 1463      32K   783 5.84    5.75     6863  4707   39K   108 15.89   15.86  
c rst  geom best vs   989   496 K 1463      32K   783 5.84    5.75     6864  4711   39K   108 15.89   15.86  
c rst  geom stb  vs   990   497 K 1463      32K   783 5.84    5.75     6865  4724   40K   108 15.94   15.91  
c rst  geom stb  vs   991   498 K 1463      32K   783 5.84    5.75     6865  4727   41K   108 16.05   16.02  
c rst  geom stb  vs   992   498 K 1463      32K   783 5.84    5.75     6866  4729   41K   108 16.09   16.06  
c rst  geom stb  vs   993   499 K 1463      32K   783 5.84    5.75     6866  4733   42K   108 16.09   16.06  
c rst  geom stb  vs   994   500 K 1463      32K   783 5.84    5.75     7033  4340   43K   108 16.04   16.02  
c rst  geom stb  vs   995   501 K 1463      32K   783 5.84    5.75     7033  4346   44K   108 16.08   16.05  
c rst  geom stb  vs   996   502 K 1463      32K   783 5.84    5.75     7033  4353   46K   108 16.11   16.08  
c rst  geom stb  vs   997   504 K 1463      32K   783 5.84    5.75     7034  4359   47K   108 16.22   16.19  
c rst  geom stb  vs   998   505 K 1463      32K   783 5.84    5.75     7035  4370   48K   108 16.26   16.23  
c rst  geom stb  vs   999   507 K 1463      32K   783 5.84    5.75     7036  4380   50K   108 16.34   16.31  
c [distill-long-red0] cls tried: 197/197 T: 0.04 T-out: N T-r: 98.22%
c [distill-long-red1] cls tried: 16/4227 T: 0.01 T-out: Y T-r: -11.20%
c [distill-bin] useful: 0/783/783 lits-rem: 0 cl-rem: 0 0-depth-assigns: 0 T: 0.00 T-out: N
c rst  geom ibes vs   1000  508 K 1463      32K   783 5.84    5.75     7036  4399   51K   108 16.32   16.29  
c rst  geom ibes vs   1001  510 K 1463      32K   783 5.84    5.75     7171  4683   39K   108 15.11   15.08  
c [gauss] XOR-encoding clauses are not detached, so no need to reattach them.
c [g 0] truth-find prop checks  : 3937K
c [g 0] -> of which prop        : 29.30 %
c [g 0] -> of which confl       :  1.12 %
c [g 0] elim called             : 332K
c [g 0] ---> which lead to prop : 38.93 %
c [g 0] ---> which lead to confl:  0.70 %
c [g 0] size: 64    x 496  
c [scc] new: 0 BP 0M T: 0.00
c [vrep] vars 0 lits 0 rem-bin-cls 0 rem-long-cls 0 BP 0M T: 0.00
c [intree] Set 0 vars hyper-added: 0 trans-irred: 0 trans-red: 0 T: 0.00 T-out: N T-r: -2.90%
c [find&init matx] performing matrix init
c [gauss] XOR-encoding clauses are not detached, so no need to reattach them.
c [xor-rem-unconnected] left with 899 xors from 899 non-empty xors T: 0.00
c [xor-together] xored together: 835 orig xors: 899 new xors: 64 T: 0.00
c [xor-rem-unconnected] left with 64 xors from 64 non-empty xors T: 0.00
c [xor-clean-equiv] removed equivalent xors: 0 left with: 64
c [matrix] unused xors from cleaning: 0
c [matrix] Good   matrix 0 64      x496    density:0.1157  xorlen avg: 57.38
c [matrix] Using 1 matrices recovered from 0 xors T: 0.00 T-out: N
c rst  geom ibes vs   1002  512 K 1463      32K   783 5.84    5.75     7171  4721   41K   108 15.22   15.19  
c [distill] watch-based irred--  cl tried 8336     cl-sh 0     cl-rem 0    lit-rem 0      T: 0.01 T-out: Y
c [distill] watch-based red  --  cl tried 10208    cl-sh 4     cl-rem 0    lit-rem 8      T: 0.02 T-out: Y
c rst  geom ibes vs   1003  514 K 1463      32K   783 5.84    5.75     7171  4762   43K   108 15.29   15.26  
c [full-probe]  bin_only: 1 set: 0 repl: 0 T: 0.00 T-out: N T-r: 99.79%
c rst  geom ibes vs   1004  517 K 1463      32K   783 5.84    5.75     7171  4819   45K   108 15.35   15.33  
c rst  geom svd  vs   1005  520 K 1463      32K   783 5.84    5.75     7360  4445   48K   108 15.52   15.50  
c rst  geom svd  vs   1006  523 K 1463      32K   783 5.84    5.75     7361  4467   51K   108 15.63   15.61  
c [distill-long-red0] cls tried: 325/325 T: 0.08 T-out: N T-r: 96.80%
c [distill-long-red1] cls tried: 18/4319 T: 0.01 T-out: Y T-r: -9.98%
c rst  geom svd  vs   1007  526 K 1463      32K   783 5.84    5.75     7380  5304   39K   108 15.44   15.41  
c [impl-str] lit bin: 0 set-var: 0 T: 0.00 T-out: N T-r: 99.96% w-visit: 2932
c [impl-sub] bin: 0 T: 0.00 T-out: N w-visit: 2932
c rst  geom svd  vs   1008  530 K 1463      32K   783 5.84    5.75     7466  5075   43K   108 15.67   15.64  
c [distill-bin] useful: 0/783/783 lits-rem: 0 cl-rem: 0 0-depth-assigns: 0 T: 0.00 T-out: N
c rst  geom best vs   1009  534 K 1463      32K   783 5.84    5.75     7466  5148   47K   108 15.96   15.94  
c rst  geom best vs   1010  538 K 1463      32K   783 5.84    5.75     7468  5284   51K   108 16.07   16.05  
c [distill-long-red0] cls tried: 107/107 T: 0.03 T-out: N T-r: 98.99%
c [distill-long-red1] cls tried: 21/5133 T: 0.01 T-out: Y T-r: -8.27%
c [full-probe]  bin_only: 0 set: 0 repl: 0 T: 0.00 T-out: N T-r: 98.05%
c [distill] watch-based irred--  cl tried 7351     cl-sh 0     cl-rem 0    lit-rem 0      T: 0.02 T-out: Y
c [distill] watch-based red  --  cl tried 7828     cl-sh 2     cl-rem 0    lit-rem 7      T: 0.02 T-out: Y
c [ccnr] saving best assignment phase to stable_polar
c [ccnr] bumping based on var unsat frequency: conflict_ct
c [ccnr] Bumped vars: 1466 bump type: 6
c [ccnr] time: 0.27
c rst  geom best vs   1011  543 K 1463      32K   783 5.84    5.75     7591  5737   41K   108 15.23   15.20  
c [branch] adjusting to: vmtf (from: vsid) var_decay:0.95 descr: VMTF
c rst  luby stb  vmt  1012  543 K 1463      32K   783 5.84    5.75     7600  5757   41K   108 15.26   15.23  
c rst  luby stb  vmt  1013  543 K 1463      32K   783 5.84    5.75     7600  5761   41K   108 15.33   15.30  
c rst  luby stb  vmt  1014  543 K 1463      32K   783 5.84    5.75     7600  5761   41K   108 15.45   15.42  
c rst  luby stb  vmt  1015  543 K 1463      32K   783 5.84    5.75     7600  5761   41K   108 15.50   15.48  
c rst  luby stb  vmt  1016  543 K 1463      32K   783 5.84    5.75     7600  5761   41K   108 15.56   15.53  
c rst  luby stb  vmt  1017  544 K 1463      32K   783 5.84    5.75     7600  5762   42K   108 15.66   15.63  
c rst  luby stb  vmt  1018  544 K 1463      32K   783 5.84    5.75     7600  5762   42K   108 15.83   15.80  
c rst  luby stb  vmt  1019  544 K 1463      32K   783 5.84    5.75     7600  5762   42K   108 15.88   15.85  
c rst  luby stb  vmt  1020  544 K 1463      32K   783 5.84    5.75     7600  5762   42K   108 15.93   15.90  
c rst  luby stb  vmt  1021  544 K 1463      32K   783 5.84    5.75     7601  5763   42K   108 16.03   16.00  
c rst  luby stb  vmt  1022  545 K 1463      32K   783 5.84    5.75     7601  5765   42K   108 16.07   16.05  
c rst  luby stb  vmt  1023  545 K 1463      32K   783 5.84    5.75     7601  5765   43K   108 16.13   16.11  
c rst  luby stb  vmt  1024  545 K 1463      32K   783 5.84    5.75     7601  5765   43K   108 16.22   16.19  
c rst  luby stb  vmt  1025  545 K 1463      32K   783 5.84    5.75     7601  5769   43K   108 16.48   16.45  
c rst  luby stb  vmt  1026  546 K 1463      32K   783 5.84    5.75     7602  5778   44K   108 17.02   16.99  
c rst  luby stb  vmt  1027  546 K 1463      32K   783 5.84    5.75     7602  5778   44K   108 17.09   17.06  
c rst  luby stb  vmt  1028  546 K 1463      32K   783 5.84    5.75     7602  5781   44K   108 17.14   17.11  
c rst  luby stb  vmt  1029  546 K 1463      32K   783 5.84    5.75     7602  5787   44K   108 17.23   17.20  
c rst  luby stb  vmt  1030  547 K 1463      32K   783 5.84    5.75     7602  5790   44K   108 17.29   17.26  
c rst  luby stb  vmt  1031  547 K 1463      32K   783 5.84    5.75     7602  5791   45K   108 17.33   17.31  
c rst  luby stb  vmt  1032  547 K 1463      32K   783 5.84    5.75     7602  5792   45K   108 17.41   17.38  
c rst  luby stb  vmt  1033  547 K 1463      32K   783 5.84    5.75     7602  5798   45K   108 17.62   17.59  
c rst  luby stb  vmt  1034  547 K 1463      32K   783 5.84    5.75     7602  5801   45K   108 17.69   17.66  
c rst  luby stb  vmt  1035  547 K 1463      32K   783 5.84    5.75     7602  5801   45K   108 17.75   17.72  
c rst  luby stb  vmt  1036  548 K 1463      32K   783 5.84    5.75     7602  5805   46K   108 17.84   17.81  
c rst  luby stb  vmt  1037  548 K 1463      32K   783 5.84    5.75     7602  5805   46K   108 17.87   17.84  
c rst  luby stb  vmt  1038  548 K 1463      32K   783 5.84    5.75     7602  5805   46K   108 17.91   17.88  
c rst  luby stb  vmt  1039  548 K 1463      32K   783 5.84    5.75     7602  5807   46K   108 18.00   17.97  
c rst  luby stb  vmt  1040  548 K 1463      32K   783 5.84    5.75     7602  5808   46K   108 18.18   18.16  
c rst  luby stb  vmt  1041  549 K 1463      32K   783 5.84    5.75     7602  5815   47K   108 18.52   18.50  
c rst  luby stb  vmt  1042  551 K 1463      32K   783 5.84    5.75     7710  5420   49K   108 19.06   19.03  
c [distill-bin] useful: 0/783/783 lits-rem: 0 cl-rem: 0 0-depth-assigns: 0 T: 0.00 T-out: N
c rst  luby stb  vmt  1043  551 K 1463      32K   783 5.84    5.75     7710  5420   49K   108 19.11   19.08  
c rst  luby stb  vmt  1044  551 K 1463      32K   783 5.84    5.75     7710  5421   49K   108 19.18   19.15  
c rst  luby stb  vmt  1045  551 K 1463      32K   783 5.84    5.75     7711  5424   49K   108 19.28   19.25  
c rst  luby stb  vmt  1046  551 K 1463      32K   783 5.84    5.75     7711  5426   50K   108 19.31   19.28  
c rst  luby stb  vmt  1047  551 K 1463      32K   783 5.84    5.75     7711  5427   50K   108 19.37   19.34  
c rst  luby stb  vmt  1048  552 K 1463      32K   783 5.84    5.75     7711  5430   50K   108 19.42   19.39  
c rst  luby stb  vmt  1049  552 K 1463      32K   783 5.84    5.75     7711  5430   50K   108 19.66   19.63  
c rst  luby stb  vmt  1050  552 K 1463      32K   783 5.84    5.75     7711  5430   50K   108 19.72   19.69  
c rst  luby stb  vmt  1051  552 K 1463      32K   783 5.84    5.75     7712  5431   50K   108 19.78   19.75  
c rst  luby stb  vmt  1052  552 K 1463      32K   783 5.84    5.75     7712  5433   51K   108 19.87   19.84  
c rst  luby stb  vmt  1053  553 K 1463      32K   783 5.84    5.75     7712  5434   51K   108 19.91   19.88  
c rst  luby stb  vmt  1054  553 K 1463      32K   783 5.84    5.75     7712  5434   51K   108 19.97   19.94  
c rst  luby stb  vmt  1055  553 K 1463      32K   783 5.84    5.75     7712  5435   51K   108 20.05   20.02  
c rst  luby stb  vmt  1056  553 K 1463      32K   783 5.84    5.75     7712  5435   51K   108 20.23   20.20  
c [distill-long-red0] cls tried: 244/244 T: 0.04 T-out: N T-r: 98.35%
c [distill-long-red1] cls tried: 20/5292 T: 0.01 T-out: Y T-r: -8.07%
c rst  luby stb  vmt  1057  554 K 1463      32K   783 5.84    5.75     7712  5436   52K   108 20.47   20.44  
c rst  luby ibes vmt  1058  554 K 1463      32K   783 5.84    5.75     7712  5436   52K   108 20.50   20.47  
c rst  luby ibes vmt  1059  554 K 1463      32K   783 5.84    5.75     7712  5436   52K   108 20.52   20.49  
c rst  luby ibes vmt  1060  554 K 1463      32K   783 5.84    5.75     7712  5436   53K   108 20.56   20.53  
c rst  luby ibes vmt  1061  555 K 1463      32K   783 5.84    5.75     7731  5727   36K   108 21.45   21.41  
c rst  luby ibes vmt  1062  555 K 1463      32K   783 5.84    5.75     7731  5731   36K   108 21.45   21.41  
c rst  luby ibes vmt  1063  555 K 1463      32K   783 5.84    5.75     7731  5732   37K   108 21.46   21.42  
c rst  luby ibes vmt  1064  555 K 1463      32K   783 5.84    5.75     7731  5732   37K   108 21.63   21.59  
c rst  luby ibes vmt  1065  555 K 1463      32K   783 5.84    5.75     7731  5734   37K   108 21.66   21.62  
c rst  luby ibes vmt  1066  555 K 1463      32K   783 5.84    5.75     7732  5736   37K   108 21.70   21.66  
c rst  luby ibes vmt  1067  556 K 1463      32K   783 5.84    5.75     7732  5736   37K   108 21.73   21.69  
c rst  luby ibes vmt  1068  556 K 1463      32K   783 5.84    5.75     7732  5737   38K   108 21.74   21.70  
c rst  luby ibes vmt  1069  556 K 1463      32K   783 5.84    5.75     7732  5737   38K   108 21.77   21.73  
c rst  luby ibes vmt  1070  556 K 1463      32K   783 5.84    5.75     7733  5737   38K   108 21.87   21.83  
c rst  luby ibes vmt  1071  556 K 1463      32K   783 5.84    5.75     7733  5738   38K   108 21.97   21.93  
c rst  luby ibes vmt  1072  557 K 1463      32K   783 5.84    5.75     7733  5741   39K   108 22.28   22.24  
c rst  luby ibes vmt  1073  559 K 1463      32K   783 5.84    5.75     7735  5748   41K   108 22.75   22.71  
c [full-probe]  bin_only: 1 set: 0 repl: 0 T: 0.00 T-out: N T-r: 99.84%
c rst  luby ibes vmt  1074  562 K 1463      32K   783 5.84    5.75     7759  5522   44K   108 23.16   23.12  
c rst  luby ibes vmt  1075  562 K 1463      32K   783 5.84    5.75     7759  5522   44K   108 23.19   23.15  
c rst  luby ibes vmt  1076  562 K 1463      32K   783 5.84    5.75     7759  5522   44K   108 23.20   23.16  
c rst  luby ibes vmt  1077  562 K 1463      32K   783 5.84    5.75     7759  5522   44K   108 23.23   23.19  
c rst  luby ibes vmt  1078  563 K 1463      32K   783 5.84    5.75     7759  5522   45K   108 23.27   23.23  
c rst  luby ibes vmt  1079  563 K 1463      32K   783 5.84    5.75     7759  5524   45K   108 23.28   23.24  
c rst  luby ibes vmt  1080  563 K 1463      32K   783 5.84    5.75     7759  5524   45K   108 23.32   23.28  
c rst  luby ibes vmt  1081  563 K 1463      32K   783 5.84    5.75     7759  5524   45K   108 23.32   23.28  
c [distill] watch-based irred--  cl tried 8666     cl-sh 0     cl-rem 0    lit-rem 0      T: 0.02 T-out: N
c [distill] watch-based red  --  cl tried 11344    cl-sh 7     cl-rem 0    lit-rem 11     T: 0.02 T-out: Y
c rst  luby ibes vmt  1082  563 K 1463      32K   783 5.84    5.75     7759  5524   45K   108 23.34   23.30  
c rst  luby ibes vmt  1083  563 K 1463      32K   783 5.84    5.75     7759  5524   45K   108 23.39   23.35  
c rst  luby ibes vmt  1084  564 K 1463      32K   783 5.84    5.75     7759  5525   46K   108 23.40   23.36  
c rst  luby ibes vmt  1085  564 K 1463      32K   783 5.84    5.75     7759  5525   46K   108 23.42   23.39  
c rst  luby ibes vmt  1086  564 K 1463      32K   783 5.84    5.75     7759  5525   46K   108 23.43   23.39  
c rst  luby ibes vmt  1087  564 K 1463      32K   783 5.84    5.75     7759  5525   46K   108 23.46   23.42  
c rst  luby ibes vmt  1088  564 K 1463      32K   783 5.84    5.75     7759  5525   46K   108 23.56   23.52  
c rst  luby ibes vmt  1089  565 K 1463      32K   783 5.84    5.75     7761  5526   47K   108 23.64   23.61  
c rst  luby svd  vmt  1090  565 K 1463      32K   783 5.84    5.75     7761  5526   47K   108 23.69   23.66  
c rst  luby svd  vmt  1091  566 K 1463      32K   783 5.84    5.75     7761  5527   47K   108 23.73   23.69  
c rst  luby svd  vmt  1092  566 K 1463      32K   783 5.84    5.75     7761  5528   48K   108 23.79   23.75  
c rst  luby svd  vmt  1093  566 K 1463      32K   783 5.84    5.75     7761  5528   48K   108 23.82   23.78  
c rst  luby svd  vmt  1094  566 K 1463      32K   783 5.84    5.75     7761  5530   48K   108 23.84   23.80  
c rst  luby svd  vmt  1095  566 K 1463      32K   783 5.84    5.75     7761  5536   48K   108 23.90   23.86  
c rst  luby svd  vmt  1096  567 K 1463      32K   783 5.84    5.75     7761  5542   48K   108 24.02   23.98  
c rst  luby svd  vmt  1097  567 K 1463      32K   783 5.84    5.75     7761  5542   49K   108 24.06   24.02  
c rst  luby svd  vmt  1098  567 K 1463      32K   783 5.84    5.75     7761  5542   49K   108 24.10   24.06  
c rst  luby svd  vmt  1099  567 K 1463      32K   783 5.84    5.75     7761  5543   49K   108 24.18   24.14  
c rst  luby svd  vmt  1100  567 K 1463      32K   783 5.84    5.75     7761  5548   49K   108 24.20   24.17  
c rst  luby svd  vmt  1101  567 K 1463      32K   783 5.84    5.75     7761  5549   49K   108 24.24   24.20  
c rst  luby svd  vmt  1102  567 K 1463      32K   783 5.84    5.75     7761  5549   49K   108 24.29   24.25  
c rst  luby svd  vmt  1103  568 K 1463      32K   783 5.84    5.75     7761  5556   50K   108 24.40   24.36  
c rst  luby svd  vmt  1104  569 K 1463      32K   783 5.84    5.75     7764  5652   50K   108 24.40   24.37  
c [distill-long-red0] cls tried: 54/54 T: 0.01 T-out: N T-r: 99.81%
c [distill-long-red1] cls tried: 19/5501 T: 0.01 T-out: Y T-r: -5.55%
c rst  luby svd  vmt  1105  570 K 1463      32K   783 5.84    5.75     7920  5459   38K   108 25.95   25.90  
c rst  luby svd  vmt  1106  570 K 1463      32K   783 5.84    5.75     7920  5463   38K   108 25.95   25.90  
c rst  luby svd  vmt  1107  570 K 1463      32K   783 5.84    5.75     7920  5464   38K   108 25.95   25.90  
c rst  luby svd  vmt  1108  571 K 1463      32K   783 5.84    5.75     7920  5464   38K   108 25.93   25.88  
c rst  luby svd  vmt  1109  571 K 1463      32K   783 5.84    5.75     7920  5465   38K   108 25.93   25.88  
c rst  luby svd  vmt  1110  571 K 1463      32K   783 5.84    5.75     7920  5465   38K   108 25.99   25.94  
c rst  luby svd  vmt  1111  571 K 1463      32K   783 5.84    5.75     7920  5465   38K   108 25.98   25.93  
c [distill-bin] useful: 0/783/783 lits-rem: 0 cl-rem: 0 0-depth-assigns: 0 T: 0.00 T-out: N
c rst  luby svd  vmt  1112  571 K 1463      32K   783 5.84    5.75     7920  5469   39K   108 25.93   25.88  
c rst  luby svd  vmt  1113  571 K 1463      32K   783 5.84    5.75     7920  5469   39K   108 25.91   25.86  
c rst  luby svd  vmt  1114  572 K 1463      32K   783 5.84    5.75     7920  5470   39K   108 25.91   25.86  
c rst  luby svd  vmt  1115  572 K 1463      32K   783 5.84    5.75     7920  5470   39K   108 25.89   25.85  
c rst  luby svd  vmt  1116  572 K 1463      32K   783 5.84    5.75     7920  5470   39K   108 25.88   25.84  
c rst  luby svd  vmt  1117  572 K 1463      32K   783 5.84    5.75     7920  5471   39K   108 25.87   25.82  
c rst  luby svd  vmt  1118  572 K 1463      32K   783 5.84    5.75     7920  5474   40K   108 25.85   25.81  
c rst  luby svd  vmt  1119  573 K 1463      32K   783 5.84    5.75     7920  5482   40K   108 25.85   25.81  
c rst  luby svd  vmt  1120  573 K 1463      32K   783 5.84    5.75     7920  5487   41K   108 26.08   26.04  
c rst  luby svd  vmt  1121  573 K 1463      32K   783 5.84    5.75     7920  5487   41K   108 26.11   26.07  
c rst  luby svd  vmt  1122  574 K 1463      32K   783 5.84    5.75     7920  5487   41K   108 26.17   26.12  
c rst  luby svd  vmt  1123  574 K 1463      32K   783 5.84    5.75     7921  5490   41K   108 26.25   26.20  
c rst  luby svd  vmt  1124  574 K 1463      32K   783 5.84    5.75     7921  5490   41K   108 26.28   26.23  
c rst  luby svd  vmt  1125  574 K 1463      32K   783 5.84    5.75     7921  5491   41K   108 26.32   26.28  
c rst  luby svd  vmt  1126  574 K 1463      32K   783 5.84    5.75     7921  5493   42K   108 26.43   26.38  
c rst  luby svd  vmt  1127  575 K 1463      32K   783 5.84    5.75     7921  5496   42K   108 26.59   26.54  
c rst  luby svd  vmt  1128  575 K 1463      32K   783 5.84    5.75     7921  5497   42K   108 26.63   26.58  
c rst  luby svd  vmt  1129  575 K 1463      32K   783 5.84    5.75     7921  5497   42K   108 26.68   26.63  
c rst  luby svd  vmt  1130  575 K 1463      32K   783 5.84    5.75     7921  5499   42K   108 26.73   26.68  
c rst  luby svd  vmt  1131  575 K 1463      32K   783 5.84    5.75     7921  5499   42K   108 26.73   26.69  
c rst  luby svd  vmt  1132  575 K 1463      32K   783 5.84    5.75     7921  5499   43K   108 26.75   26.70  
c [gauss] XOR-encoding clauses are not detached, so no need to reattach them.
c [g 0] truth-find prop checks  : 2953K
c [g 0] -> of which prop        : 38.13 %
c [g 0] -> of which confl       :  1.32 %
c [g 0] elim called             : 223K
c [g 0] ---> which lead to prop : 47.37 %
c [g 0] ---> which lead to confl:  0.99 %
c [g 0] size: 64    x 496  
c [scc] new: 0 BP 0M T: 0.00
c [vrep] vars 0 lits 0 rem-bin-cls 0 rem-long-cls 0 BP 0M T: 0.00
c [intree] Set 0 vars hyper-added: 1 trans-irred: 0 trans-red: 0 T: 0.00 T-out: N T-r: -2.14%
c [find&init matx] performing matrix init
c [gauss] XOR-encoding clauses are not detached, so no need to reattach them.
c [xor-rem-unconnected] left with 899 xors from 899 non-empty xors T: 0.00
c [xor-together] xored together: 835 orig xors: 899 new xors: 64 T: 0.00
c [xor-rem-unconnected] left with 64 xors from 64 non-empty xors T: 0.00
c [xor-clean-equiv] removed equivalent xors: 0 left with: 64
c [matrix] unused xors from cleaning: 0
c [matrix] Good   matrix 0 64      x496    density:0.1157  xorlen avg: 57.38
c [matrix] Using 1 matrices recovered from 0 xors T: 0.00 T-out: N
c rst  luby svd  vmt  1133  575 K 1463      32K   783 5.84    5.75     7921  5500   43K   109 26.80   26.75  
c rst  luby svd  vmt  1134  576 K 1463      32K   783 5.84    5.75     7921  5503   43K   109 26.90   26.86  
c rst  luby svd  vmt  1135  577 K 1463      32K   783 5.84    5.75     7921  5509   44K   109 27.05   27.00  
c rst  geom best vmt  1136  577 K 1463      32K   783 5.84    5.75     7921  5511   44K   109 27.06   27.02  
c rst  geom best vmt  1137  577 K 1463      32K   783 5.84    5.75     7921  5511   44K   109 27.08   27.04  
c rst  geom best vmt  1138  577 K 1463      32K   783 5.84    5.75     7921  5512   44K   109 27.11   27.06  
c rst  geom best vmt  1139  577 K 1463      32K   783 5.84    5.75     7922  5515   44K   109 27.17   27.12  
c rst  geom best vmt  1140  577 K 1463      32K   783 5.84    5.75     7922  5515   45K   109 27.20   27.15  
c rst  geom best vmt  1141  577 K 1463      32K   783 5.84    5.75     7922  5516   45K   109 27.23   27.18  
c rst  geom best vmt  1142  578 K 1463      32K   783 5.84    5.75     7922  5516   45K   109 27.28   27.23  
c rst  geom best vmt  1143  578 K 1463      32K   783 5.84    5.75     7922  5519   45K   109 27.32   27.27  
c rst  geom best vmt  1144  578 K 1463      32K   783 5.84    5.75     7922  5522   45K   109 27.36   27.31  
c rst  geom best vmt  1145  578 K 1463      32K   783 5.84    5.75     7922  5526   46K   109 27.37   27.33  
c rst  geom best vmt  1146  579 K 1463      32K   783 5.84    5.75     7922  5526   46K   109 27.45   27.40  
c rst  geom best vmt  1147  579 K 1463      32K   783 5.84    5.75     7922  5527   46K   109 27.51   27.46  
c [full-probe]  bin_only: 0 set: 0 repl: 0 T: 0.00 T-out: N T-r: 97.71%
c rst  geom best vmt  1148  579 K 1463      32K   783 5.84    5.75     7922  5530   47K   111 27.58   27.53  
c rst  geom best vmt  1149  580 K 1463      32K   783 5.84    5.75     8097  5053   47K   111 27.53   27.48  
c rst  geom best vmt  1150  580 K 1463      32K   783 5.84    5.75     8097  5055   48K   111 27.49   27.44  
c rst  geom best vmt  1151  581 K 1463      32K   783 5.84    5.75     8099  5075   48K   111 27.49   27.44  
c rst  geom best vmt  1152  581 K 1463      32K   783 5.84    5.75     8099  5077   49K   111 27.42   27.37  
c rst  geom best vmt  1153  582 K 1463      32K   783 5.84    5.75     8099  5090   49K   111 27.36   27.32  
c rst  geom best vmt  1154  582 K 1463      32K   783 5.84    5.75     8100  5094   50K   111 27.32   27.27  
c [ccnr] saving best assignment phase to stable_polar
c [ccnr] bumping based on clause weights
c [ccnr] Bumped vars: 101 bump type: 6
c [ccnr] time: 0.27
c rst  geom best vmt  1155  583 K 1463      32K   783 5.84    5.75     8100  5114   50K   111 27.32   27.28  
c rst  geom best vmt  1156  584 K 1463      32K   783 5.84    5.75     8101  5126   51K   111 27.22   27.17  
c rst  geom best vmt  1157  584 K 1463      32K   783 5.84    5.75     8101  5140   52K   111 27.19   27.15  
c [distill-long-red0] cls tried: 336/336 T: 0.04 T-out: N T-r: 98.35%
c [distill-long-red1] cls tried: 21/4995 T: 0.02 T-out: Y T-r: -7.08%
c rst  geom best vmt  1158  585 K 1463      32K   783 5.84    5.75     8152  5552   38K   111 27.92   27.87  
c rst  geom best vmt  1159  586 K 1463      32K   783 5.84    5.75     8152  5567   39K   111 27.76   27.71  
c [impl-str] lit bin: 0 set-var: 0 T: 0.00 T-out: N T-r: 99.96% w-visit: 2932
c [impl-sub] bin: 2 T: 0.00 T-out: N w-visit: 2932
c rst  geom best vmt  1160  587 K 1463      32K   783 5.84    5.75     8153  5578   40K   109 27.64   27.58  
c rst  geom best vmt  1161  588 K 1463      32K   783 5.84    5.75     8153  5604   41K   109 27.53   27.48  
c [distill] watch-based irred--  cl tried 8666     cl-sh 0     cl-rem 0    lit-rem 0      T: 0.01 T-out: N
c [distill] watch-based red  --  cl tried 13376    cl-sh 4     cl-rem 0    lit-rem 10     T: 0.02 T-out: Y
c rst  geom stb  vmt  1162  590 K 1463      32K   783 5.84    5.75     8395  4671   43K   109 27.48   27.43  
c rst  geom stb  vmt  1163  591 K 1463      32K   783 5.84    5.75     8395  4681   45K   109 27.27   27.22  
c [distill-bin] useful: 0/783/783 lits-rem: 0 cl-rem: 0 0-depth-assigns: 0 T: 0.00 T-out: N
c rst  geom stb  vmt  1164  593 K 1463      32K   783 5.84    5.75     8395  4705   46K   109 27.15   27.11  
c rst  geom stb  vmt  1165  594 K 1463      32K   783 5.84    5.75     8396  4725   48K   109 26.85   26.81  
c rst  geom stb  vmt  1166  596 K 1463      32K   783 5.84    5.75     8396  4744   50K   109 26.62   26.58  
c rst  geom stb  vmt  1167  598 K 1463      32K   783 5.84    5.75     8396  4751   52K   109 26.21   26.17  
c rst  geom stb  vmt  1168  600 K 1463      32K   783 5.84    5.75     8547  4859   39K   109 22.27   22.23  
c [branch] adjusting to: vsid (from: vmtf) var_decay:0.95 descr: VSIDS
c [distill-long-red0] cls tried: 447/447 T: 0.06 T-out: N T-r: 97.59%
c [distill-long-red1] cls tried: 22/4727 T: 0.01 T-out: Y T-r: -4.71%
c [full-probe]  bin_only: 1 set: 0 repl: 0 T: 0.00 T-out: N T-r: 99.82%
c rst  geom ibes vs   1169  601 K 1463      32K   783 5.84    5.75     8547  4859   40K   111 22.23   22.19  
c rst  geom ibes vs   1170  601 K 1463      32K   783 5.84    5.75     8547  4861   40K   111 22.23   22.18  
c rst  geom ibes vs   1171  601 K 1463      32K   783 5.84    5.75     8547  4862   40K   111 22.23   22.19  
c rst  geom ibes vs   1172  601 K 1463      32K   783 5.84    5.75     8547  4863   40K   111 22.20   22.16  
c rst  geom ibes vs   1173  601 K 1463      32K   783 5.84    5.75     8547  4870   40K   111 22.18   22.14  
c rst  geom ibes vs   1174  601 K 1463      32K   783 5.84    5.75     8547  4870   40K   111 22.15   22.11  
c rst  geom ibes vs   1175  601 K 1463      32K   783 5.84    5.75     8547  4871   40K   111 22.12   22.08  
c rst  geom ibes vs   1176  602 K 1463      32K   783 5.84    5.75     8547  4875   41K   111 22.10   22.06  
c rst  geom ibes vs   1177  602 K 1463      32K   783 5.84    5.75     8548  4894   41K   111 22.09   22.05  
c rst  geom ibes vs   1178  602 K 1463      32K   783 5.84    5.75     8548  4899   41K   111 22.05   22.01  
c rst  geom ibes vs   1179  602 K 1463      32K   783 5.84    5.75     8548  4910   41K   111 22.01   21.97  
c rst  geom ibes vs   1180  603 K 1463      32K   783 5.84    5.75     8549  4911   42K   111 21.98   21.94  
c rst  geom ibes vs   1181  603 K 1463      32K   783 5.84    5.75     8549  4925   42K   111 21.92   21.88  
c rst  geom ibes vs   1182  604 K 1463      32K   783 5.84    5.75     8549  4926   42K   111 21.84   21.80  
c rst  geom ibes vs   1183  604 K 1463      32K   783 5.84    5.75     8550  4935   43K   111 21.84   21.80  
c rst  geom ibes vs   1184  604 K 1463      32K   783 5.84    5.75     8550  4938   43K   111 21.79   21.75  
c rst  geom ibes vs   1185  605 K 1463      32K   783 5.84    5.75     8550  4944   44K   111 21.71   21.67  
c rst  geom ibes vs   1186  605 K 1463      32K   783 5.84    5.75     8550  4972   44K   111 21.65   21.61  
c rst  geom ibes vs   1187  606 K 1463      32K   783 5.84    5.75     8551  4984   45K   111 21.58   21.55  
c rst  geom ibes vs   1188  607 K 1463      32K   783 5.84    5.75     8552  4994   46K   111 21.51   21.47  
c rst  geom ibes vs   1189  607 K 1463      32K   783 5.84    5.75     8552  5020   46K   111 21.39   21.36  
c rst  geom ibes vs   1190  608 K 1463      32K   783 5.84    5.75     8552  5050   47K   111 21.36   21.33  
c rst  geom ibes vs   1191  609 K 1463      32K   783 5.84    5.75     8552  5056   48K   111 21.27   21.23  
c rst  geom ibes vs   1192  610 K 1463      32K   783 5.84    5.75     8779  3990   50K   111 21.13   21.10  
c rst  geom ibes vs   1193  611 K 1463      32K   783 5.84    5.75     8779  4022   51K   111 21.01   20.98  
c [distill-bin] useful: 0/783/783 lits-rem: 0 cl-rem: 0 0-depth-assigns: 0 T: 0.00 T-out: N
c rst  geom ibes vs   1194  612 K 1463      32K   783 5.84    5.75     8779  4085   52K   111 20.84   20.81  
c rst  geom svd  vs   1195  612 K 1463      32K   783 5.84    5.75     8779  4086   52K   111 20.83   20.80  
c recursive minimization cost OK: 931Kcost/(% lits removed)
c [gauss] XOR-encoding clauses are not detached, so no need to reattach them.
c [g 0] truth-find prop checks  : 2045K
c [g 0] -> of which prop        : 31.35 %
c [g 0] -> of which confl       :  1.11 %
c [g 0] elim called             : 170K
c [g 0] ---> which lead to prop : 44.55 %
c [g 0] ---> which lead to confl:  0.79 %
c [g 0] size: 64    x 496  
c --> Executing strategy token: scc-vrepl
c [scc] new: 1 BP 0M T: 0.00
c [vrep] vars 1 lits 1160 rem-bin-cls 6 rem-long-cls 1 BP 0M T: 0.01
c --> Executing strategy token: sub-impl
c [impl-sub] bin: 1 T: 0.00 T-out: N w-visit: 2932
c --> Executing strategy token: breakid
c --> Executing OCC strategy token(s): 'occ-backw-sub-str,occ-clean-implicit,occ-bve,occ-bva,occ-ternary-res,occ-xor,'
c [occ] mem usage for occur 2      MB
c [occ] Linked in IRRED BIN by default: 782
c [occ] Linked in RED   BIN by default: 107
c [occ] mem usage for occur 1      MB
c Mem for watch alloc      : 16          MB (27.61     %)
c Mem for watch array      : 0           MB (0.11      %)
c --> Executing OCC strategy token: occ-backw-sub-str
c [occ-backw-sub-str-long-w-bins] subs: 0 str: 18 tried: 9697 0-depth ass: 0 T: 0.00 T-out: N T-r: 99.01%
c [occ-backw-sub-long-w-long] rem cl: 388 tried: 97842/97842 (100.0%) T: 0.04 T-out: N T-r: 63.74%
c [occ-backw-sub-str-long-w-long] sub: 13 str: 376 tried: 293526/97842 (300.0)  T: 0.26 T-out: N T-r: 36.79%
c --> Executing OCC strategy token: occ-clean-implicit
c --> Executing OCC strategy token: occ-bve
c [occ-empty-res] Empty resolvent elimed: 0 T: 0.00 T-out: N
c [occ-bve] iter v-elim 0
c cl_inc_rate=1.0, var_dec_rate=1.0 (grow=0)
c Reduced to 1462 vars, 33168 cls (grow=0)
c [occ-bve] iter v-elim 0
c cl_inc_rate=1.0, var_dec_rate=1.0 (grow=8)
c Reduced to 1462 vars, 33168 cls (grow=8)
c [occ-bve] iter v-elim 0
c cl_inc_rate=1.0, var_dec_rate=1.0 (grow=16)
c Reduced to 1462 vars, 33168 cls (grow=16)
c x n vars       : 1462
c #try to eliminate:  4386
c #var-elim        :     0
c #T-o: N
c #T-r: 99.99%
c #T  : 0.27
c [occur] 0.02 is overhead
c [occur] link-in T: 0.02 cleanup T: 0.00
c --> Executing OCC strategy token: occ-bva
c --> Executing OCC strategy token: occ-ternary-res
c [occ-ternary-res] Ternary res-tri: 0 res-bin: 0 sub: 0 str: 0 T: 0.00 T-out: N T-r: 99.77%
c --> Executing OCC strategy token: occ-xor
c [occ-xor] sort occur list T: 0.00
c [xor-clean-equiv] removed equivalent xors: 0 left with: 895
c [occ-xor] found    895 avg sz 5.9 min sz  4 max sz  6 T: 0.01 T-out: N T-r: 99.97%
c --> Executing strategy token: card-find
c --> Executing strategy token: cl-consolidate
c Not consolidating memory.
c --> Executing strategy token: scc-vrepl
c [scc] new: 0 BP 0M T: 0.00
c --> Executing strategy token: renumber
c --> Executing strategy token: bosphorus
c --> Executing strategy token: louvain-comms
c [consolidate] mini T: 0.00
c global_timeout_multiplier: 4.8315
c [branch] rebuilding order heap for all branchings. Current branching: vsid
c [find&init matx] performing matrix init
c [gauss] XOR-encoding clauses are not detached, so no need to reattach them.
c [xor-rem-unconnected] left with 895 xors from 895 non-empty xors T: 0.00
c [xor-together] xored together: 827 orig xors: 895 new xors: 68 T: 0.00
c [xor-rem-unconnected] left with 68 xors from 68 non-empty xors T: 0.00
c [xor-clean-equiv] removed equivalent xors: 0 left with: 68
c [matrix] unused xors from cleaning: 0
c [matrix] Good   matrix  0     68 x  499  density:0.1080  xorlen avg: 53.91
c [matrix] Using 1 matrices recovered from 0 xors T: 0.00 T-out: N
c rst  geom  svd   vs  1196  613K    1462   32K   782    5.84    5.74  8471  5280   52K   107   20.87   20.84
c [distill] watch-based irred--  cl tried     8759 cl-sh     0 cl-rem    0 lit-rem      0 T: 0.02 T-out: Y
c [distill] watch-based   red--  cl tried     8377 cl-sh     2 cl-rem    0 lit-rem      3 T: 0.02 T-out: Y
c rst  geom  svd   vs  1197  615K    1462   32K   782    5.84    5.74  8472  5322   38K   107   17.01   16.98
c rst  geom  svd   vs  1198  616K    1462   32K   782    5.84    5.74  8472  5329   40K   107   17.07   17.04
c [distill-long-red0] cls tried: 309/309 T: 0.06 T-out: N T-r: 97.36%
c [distill-long-red1] cls tried: 17/5238 T: 0.01 T-out: Y T-r: -7.17%
c rst  geom  svd   vs  1199  618K    1462   32K   782    5.84    5.74  8473  5342   41K   107   17.04   17.01
c rst  geom  svd   vs  1200  620K    1462   32K   782    5.84    5.74  8521  4998   44K   107   17.08   17.06
c rst  geom  svd   vs  1201  622K    1462   32K   782    5.84    5.74  8522  5089   46K   107   17.04   17.02
c [full-probe]  bin_only: 0 set: 0 repl: 0 T: 0.00 T-out: N T-r: 98.48%
c rst  geom  svd   vs  1202  624K    1462   32K   782    5.84    5.74  8522  5110   48K   107   17.04   17.01
c rst  geom best   vs  1203  627K    1462   32K   782    5.84    5.74  8525  5160   50K   107   17.11   17.09
c [ccnr] saving best assignment phase to stable_polar
c [ccnr] bumping based on var unsat frequency: conflict_ct
c [ccnr] Bumped vars: 1466 bump type: 6
c [ccnr] time: 0.26
c rst  geom best   vs  1204  630K    1462   32K   782    5.84    5.74  8525  5217   53K   107   17.18   17.15
c rst  geom best   vs  1205  633K    1462   32K   782    5.84    5.74  8793  6058   41K   107   14.98   14.96
c [distill-long-red0] cls tried: 316/316 T: 0.07 T-out: N T-r: 97.22%
c [distill-long-red1] cls tried: 25/5952 T: 0.02 T-out: Y T-r: -11.58%
c [distill-bin] useful: 1/782/782 lits-rem: 0 cl-rem: 1 0-depth-assigns: 0 T: 0.00 T-out: N
c rst  geom best   vs  1206  636K    1462   32K   781    5.84    5.74  8793  6224   44K   107   14.99   14.97
c rst  geom  stb   vs  1207  639K    1462   32K   781    5.84    5.74  8795  6291   47K   107   15.06   15.03
c [distill] watch-based irred--  cl tried     8038 cl-sh     0 cl-rem    0 lit-rem      0 T: 0.02 T-out: Y
c [distill] watch-based   red--  cl tried     7414 cl-sh     3 cl-rem    0 lit-rem      7 T: 0.02 T-out: Y
c rst  geom  stb   vs  1208  643K    1462   32K   781    5.84    5.74  8905  6087   51K   107   15.16   15.14
c [full-probe]  bin_only: 1 set: 0 repl: 0 T: 0.00 T-out: N T-r: 99.80%
c [gauss] XOR-encoding clauses are not detached, so no need to reattach them.
c [g 0] truth-find prop checks  : 2036K
c [g 0] -> of which prop        : 28.83 %
c [g 0] -> of which confl       :  1.00 %
c [g 0] elim called             : 164K
c [g 0] ---> which lead to prop : 45.11 %
c [g 0] ---> which lead to confl:  0.64 %
c [g 0] size: 68    x 499  
c [scc] new: 0 BP 0M T: 0.00
c [vrep] vars 0 lits 0 rem-bin-cls 0 rem-long-cls 0 BP 0M T: 0.00
c [intree] Set 0 vars hyper-added: 0 trans-irred: 0 trans-red: 0 T: 0.00 T-out: N T-r: -1.45%
c [find&init matx] performing matrix init
c [gauss] XOR-encoding clauses are not detached, so no need to reattach them.
c [xor-rem-unconnected] left with 895 xors from 895 non-empty xors T: 0.00
c [xor-together] xored together: 827 orig xors: 895 new xors: 68 T: 0.00
c [xor-rem-unconnected] left with 68 xors from 68 non-empty xors T: 0.00
c [xor-clean-equiv] removed equivalent xors: 0 left with: 68
c [matrix] unused xors from cleaning: 0
c [matrix] Good   matrix 0 68      x499    density:0.1080  xorlen avg: 53.91
c [matrix] Using 1 matrices recovered from 0 xors T: 0.00 T-out: N
c rst  geom stb  vs   1209  648 K 1462      32K   781 5.84    5.74     8934  7454   40K   107 14.84   14.81  
c [distill-long-red0] cls tried: 143/143 T: 0.03 T-out: N T-r: 98.74%
c [distill-long-red1] cls tried: 23/7323 T: 0.02 T-out: Y T-r: -5.42%
c [impl-str] lit bin: 0 set-var: 0 T: 0.00 T-out: N T-r: 99.96% w-visit: 2932
c [impl-sub] bin: 0 T: 0.00 T-out: N w-visit: 2932
c rst  geom ibes vs   1210  653 K 1462      32K   781 5.84    5.74     9094  7544   44K   107 14.77   14.75  
c [distill-bin] useful: 0/781/781 lits-rem: 0 cl-rem: 0 0-depth-assigns: 0 T: 0.00 T-out: N
c rst  geom ibes vs   1211  658 K 1462      32K   781 5.84    5.74     9097  8325   49K   107 14.59   14.57  
c rst  geom ibes vs   1212  664 K 1462      32K   781 5.84    5.74     9429 11326   37K   107 13.85   13.83  
c [distill-long-red0] cls tried: 494/494 T: 0.10 T-out: N T-r: 95.74%
c [distill-long-red1] cls tried: 20/11193 T: 0.01 T-out: Y T-r: -7.56%
c [full-probe]  bin_only: 0 set: 0 repl: 0 T: 0.00 T-out: N T-r: 98.46%
c rst  geom svd  vs   1213  670 K 1462      32K   781 5.84    5.74     9661 11134   43K   107 13.89   13.87  
c [branch] adjusting to: vmtf (from: vsid) var_decay:0.95 descr: VMTF
c [distill] watch-based irred--  cl tried 8027     cl-sh 0     cl-rem 0    lit-rem 0      T: 0.02 T-out: Y
c [distill] watch-based red  --  cl tried 6795     cl-sh 3     cl-rem 0    lit-rem 60     T: 0.02 T-out: Y
c rst  luby svd  vmt  1214  670 K 1462      32K   781 5.84    5.74     9677 11150   44K   107 13.89   13.87  
c rst  luby svd  vmt  1215  670 K 1462      32K   781 5.84    5.74     9677 11151   44K   107 13.92   13.90  
c rst  luby svd  vmt  1216  671 K 1462      32K   781 5.84    5.74     9678 11157   44K   107 14.03   14.01  
c rst  luby svd  vmt  1217  671 K 1462      32K   781 5.84    5.74     9678 11157   44K   107 14.07   14.05  
c rst  luby svd  vmt  1218  671 K 1462      32K   781 5.84    5.74     9678 11157   44K   107 14.10   14.08  
c [ccnr] saving best assignment phase to stable_polar
c [ccnr] bumping based on var unsat frequency: conflict_ct
c [ccnr] Bumped vars: 1466 bump type: 6
c [ccnr] time: 0.28
c rst  luby svd  vmt  1219  671 K 1462      32K   781 5.84    5.74     9681 11160   44K   107 14.18   14.16  
c rst  luby svd  vmt  1220  671 K 1462      32K   781 5.84    5.74     9681 11161   45K   107 14.36   14.34  
c rst  luby svd  vmt  1221  672 K 1462      32K   781 5.84    5.74     9681 11163   45K   107 14.43   14.41  
c rst  luby svd  vmt  1222  672 K 1462      32K   781 5.84    5.74     9681 11163   45K   107 14.48   14.46  
c rst  luby svd  vmt  1223  672 K 1462      32K   781 5.84    5.74     9681 11165   45K   107 14.63   14.61  
c rst  luby svd  vmt  1224  672 K 1462      32K   781 5.84    5.74     9681 11166   45K   107 14.69   14.67  
c rst  luby svd  vmt  1225  672 K 1462      32K   781 5.84    5.74     9681 11167   45K   107 14.74   14.72  
c rst  luby svd  vmt  1226  672 K 1462      32K   781 5.84    5.74     9681 11167   45K   107 14.83   14.81  
c rst  luby svd  vmt  1227  673 K 1462      32K   781 5.84    5.74     9681 11168   46K   107 15.03   15.01  
c rst  luby svd  vmt  1228  673 K 1462      32K   781 5.84    5.74     9694 11294   46K   107 15.11   15.09  
c [distill-bin] useful: 0/781/781 lits-rem: 0 cl-rem: 0 0-depth-assigns: 0 T: 0.00 T-out: N
c rst  luby svd  vmt  1229  674 K 1462      32K   781 5.84    5.74     9694 11294   47K   107 15.11   15.09  
c rst  luby svd  vmt  1230  674 K 1462      32K   781 5.84    5.74     9694 11294   47K   107 15.12   15.10  
c rst  luby svd  vmt  1231  674 K 1462      32K   781 5.84    5.74     9694 11296   47K   107 15.12   15.10  
c rst  luby svd  vmt  1232  674 K 1462      32K   781 5.84    5.74     9694 11297   47K   107 15.12   15.10  
c rst  luby svd  vmt  1233  674 K 1462      32K   781 5.84    5.74     9694 11299   47K   107 15.12   15.10  
c rst  luby svd  vmt  1234  674 K 1462      32K   781 5.84    5.74     9694 11300   47K   107 15.12   15.10  
c rst  luby svd  vmt  1235  675 K 1462      32K   781 5.84    5.74     9779 13136   32K   107 14.45   14.43  
c rst  luby svd  vmt  1236  675 K 1462      32K   781 5.84    5.74     9779 13140   33K   107 14.45   14.43  
c rst  luby svd  vmt  1237  675 K 1462      32K   781 5.84    5.74     9779 13144   33K   107 14.47   14.45  
c rst  luby svd  vmt  1238  675 K 1462      32K   781 5.84    5.74     9779 13144   33K   107 14.48   14.45  
c rst  luby svd  vmt  1239  675 K 1462      32K   781 5.84    5.74     9779 13148   33K   107 14.50   14.47  
c rst  luby svd  vmt  1240  675 K 1462      32K   781 5.84    5.74     9779 13149   33K   107 14.50   14.48  
c rst  luby svd  vmt  1241  675 K 1462      32K   781 5.84    5.74     9779 13161   33K   107 14.49   14.47  
c rst  luby svd  vmt  1242  676 K 1462      32K   781 5.84    5.74     9779 13167   34K   107 14.51   14.49  
c rst  geom best vmt  1243  676 K 1462      32K   781 5.84    5.74     9779 13169   34K   107 14.51   14.49  
c rst  geom best vmt  1244  676 K 1462      32K   781 5.84    5.74     9779 13169   34K   107 14.51   14.49  
c rst  geom best vmt  1245  676 K 1462      32K   781 5.84    5.74     9779 13169   34K   107 14.51   14.49  
c rst  geom best vmt  1246  676 K 1462      32K   781 5.84    5.74     9779 13170   34K   107 14.52   14.50  
c rst  geom best vmt  1247  677 K 1462      32K   781 5.84    5.74     9779 13171   34K   107 14.54   14.52  
c rst  geom best vmt  1248  677 K 1462      32K   781 5.84    5.74     9779 13172   35K   107 14.59   14.56  
c rst  geom best vmt  1249  677 K 1462      32K   781 5.84    5.74     9779 13173   35K   107 14.60   14.57  
c rst  geom best vmt  1250  677 K 1462      32K   781 5.84    5.74     9780 13176   35K   107 14.60   14.57  
c rst  geom best vmt  1251  677 K 1462      32K   781 5.84    5.74     9780 13176   35K   107 14.60   14.58  
c rst  geom best vmt  1252  678 K 1462      32K   781 5.84    5.74     9780 13187   35K   107 14.59   14.57  
c rst  geom best vmt  1253  678 K 1462      32K   781 5.84    5.74     9780 13190   36K   107 14.59   14.57  
c rst  geom best vmt  1254  678 K 1462      32K   781 5.84    5.74     9780 13192   36K   107 14.59   14.57  
c rst  geom best vmt  1255  679 K 1462      32K   781 5.84    5.74     9780 13197   36K   107 14.61   14.59  
c rst  geom best vmt  1256  679 K 1462      32K   781 5.84    5.74     9780 13200   37K   107 14.60   14.58  
c [distill-long-red0] cls tried: 351/351 T: 0.06 T-out: N T-r: 97.59%
c [distill-long-red1] cls tried: 34/13052 T: 0.01 T-out: Y T-r: -2.09%
c rst  geom best vmt  1257  679 K 1462      32K   781 5.84    5.74     9762 13204   37K   126 14.58   14.56  
c rst  geom best vmt  1258  680 K 1462      32K   781 5.84    5.74    10114 12285   38K   126 14.59   14.56  
c rst  geom best vmt  1259  680 K 1462      32K   781 5.84    5.74    10114 12300   39K   126 14.64   14.62  
c rst  geom best vmt  1260  681 K 1462      32K   781 5.84    5.74    10116 12384   39K   126 14.69   14.67  
c rst  geom best vmt  1261  681 K 1462      32K   781 5.84    5.74    10116 12409   40K   126 14.67   14.64  
c rst  geom best vmt  1262  682 K 1462      32K   781 5.84    5.74    10117 12429   40K   126 14.65   14.63  
c rst  geom best vmt  1263  683 K 1462      32K   781 5.84    5.74    10117 12456   41K   126 14.71   14.69  
c rst  geom best vmt  1264  684 K 1462      32K   781 5.84    5.74    10118 12620   42K   126 14.67   14.64  
c rst  geom best vmt  1265  684 K 1462      32K   781 5.84    5.74    10118 12701   42K   126 14.61   14.58  
c [full-probe]  bin_only: 1 set: 0 repl: 0 T: 0.00 T-out: N T-r: 99.82%
c rst  geom best vmt  1266  685 K 1462      32K   781 5.84    5.74    10118 12924   43K   126 14.57   14.55  
c rst  geom best vmt  1267  686 K 1462      32K   781 5.84    5.74    10119 13113   44K   126 14.57   14.54  
c rst  geom best vmt  1268  688 K 1462      32K   781 5.84    5.74    10120 13323   45K   126 14.56   14.54  
c rst  geom best vmt  1269  689 K 1462      32K   781 5.84    5.74    10127 13786   46K   126 14.51   14.49  
c rst  geom stb  vmt  1270  690 K 1462      32K   781 5.84    5.74    10625 15510   33K   126 14.03   14.01  
c rst  geom stb  vmt  1271  692 K 1462      32K   781 5.84    5.74    10631 15918   34K   126 14.06   14.03  
c rst  geom stb  vmt  1272  694 K 1462      32K   781 5.84    5.74    10635 16181   36K   127 14.09   14.07  
c [distill-bin] useful: 0/781/781 lits-rem: 0 cl-rem: 0 0-depth-assigns: 0 T: 0.00 T-out: N
c rst  geom stb  vmt  1273  695 K 1451      32K   781 5.84    5.74    10691 16964   37K   143 14.00   13.97  
c [distill-long-red0] cls tried: 65/65 T: 0.00 T-out: N T-r: 99.94%
c [distill-long-red1] cls tried: 164/425 T: 0.02 T-out: Y T-r: -0.07%
c [distill] watch-based irred--  cl tried 4583     cl-sh 35    cl-rem 326  lit-rem 35     T: 0.00 T-out: N
c [distill] watch-based red  --  cl tried 10788    cl-sh 118   cl-rem 158  lit-rem 152    T: 0.00 T-out: N
c rst  geom stb  vmt  1274  696 K 790       22K   970 5.60    5.45     3539   387  1470   109 16.32   16.03  
c ------- FINAL TOTAL SEARCH STATS ---------
c UIP search time          : 69.11       (97.22     % time)
c All times are for this thread only except if explicitly specified
c restarts                 : 1274        (546.71    confls per restart)
c blocked restarts         : 0           (0.00      per normal restart)
c time                     : 69.11       
c decisions                : 746267      (0.00      % random)
c propagations             : 55M         (801K      props/s)
c decisions/conflicts      : 1.07        
c conflicts                : 696505      
c LEARNT stats
c units learnt             : 10          (0.00      % of conflicts)
c bins learnt              : 93          (0.01      % of conflicts)
c long learnt              : 698258      (100.25    % of conflicts)
c red which0               : 835         (0.12      % of confl)
c SEAMLESS HYPERBIN&TRANS-RED stats
c advProp called           : 0           
c hyper-bin add bin        : 0           (0.00      bin/call)
c trans-red rem irred bin  : 0           (0.00      bin/call)
c trans-red rem red bin    : 0           (0.00      bin/call)
c CONFL LITS stats
c orig                     : 121002954   (173.73    lit/confl)
c recurs-min effective     : 661368      (94.96     % attempt successful)
c recurs-min lits          : 103308163   (85.38     % less overall)
c permDiff call%           : 2.11        (0.00      % attempt successful)
c permDiff lits-rem        : 0           (0.00      less lits/cl on attempts)
c further-min call%        : 0.02        (29.06     % attempt successful)
c bintri-min lits          : 95          (0.00      % less overall)
c final avg                : 25.41       
c all-threads sum CPU time : 69.11        s
c PROP stats
c Mbogo-props              : 283.85      (4.11      / sec)
c MHyper-props             : 0.06        (0.00      / sec)
c Mprops                   : 55.38       (0.80      / sec)
c -------- OccSimplifier STATS ----------
c time                     : 1.87        (0.00      % var-elim)
c called                   : 5           (0.37      s per call)
c 0-depth assigns          : 0           (0.00      % vars)
c -------- OccSimplifier STATS END ----------
c -------- SubsumeStrengthen STATS ----------
c cl-subs                  : 4255         Clauses
c cl-str rem lit           : 1502         Lits
c cl-sub T                 : 0.23         s
c cl-str T                 : 1.46         s
c -------- SubsumeStrengthen STATS END ----------
c ----- SCC STATS --------
c time                     : 0.01        (0.00      per call)
c called                   : 23          (0.57      new found per call)
c found                    : 13          (50.00     % of all found)
c bogoprops                : 957338      % of all found
c ----- SCC STATS END --------
c --------- VAR REPLACE STATS ----------
c time                     : 0.09        (0.01      per call)
c trees' crown             : 10          (0.37      % of vars)
c 0-depth assigns          : 0           (0.00      % vars)
c lits replaced            : 25913       
c bin cls removed          : 47          
c long cls removed         : 10          
c long lits removed        : 2888        
c bogoprops                : 3824604     
c --------- VAR REPLACE STATS END ----------
c vrep replace time        : 0.09        (0.12      % time)
c vrep tree roots          : 5           
c vrep trees' crown        : 10          (2.00      leafs/tree)
c -------- DISTILL-BIN STATS --------
c time                     : 0.16        (0.00      per call)
c timed out                : 1           (2.94      % of calls)
c distill/checked/potential: 0          /29415/29540
c lits-rem                 : 0           
c 0-depth-assigns          : 0           (0.00      % of vars)
c -------- DISTILL STATS END --------
c -------- STRENGTHEN STATS --------
c --> watch-based on irred cls
c time                     : 0.25        (0.00      s/call)
c shrinked/tried/total     : 190        /192756/1598695
c subsumed/tried/total     : 490        /192756/1598695
c lits-rem                 : 196         (0.02      % of lits tried)
c called                   : 54          (63355.56  % ran out of time)
c --> watch-based on red cls
c time                     : 0.23        (0.00      s/call)
c shrinked/tried/total     : 1075       /153796/211666
c subsumed/tried/total     : 169        /153796/211666
c lits-rem                 : 1887        (0.16      % of lits tried)
c called                   : 54          (107166.67 % ran out of time)
c -------- STRENGTHEN STATS END --------
c -------- IMPLICIT SUB  STATS --------
c time                     : 0.01        (0.00      per call)
c timed out                : 0           (0.00      % of calls)
c rem bins                 : 32          
c -------- IMPLICIT SUB STATS END --------
c Mem used                 : 58          MB
c Mem for longclauses      : 2           MB (3.91      %)
c Mem for watch alloc      : 16          MB (28.59     %)
c Mem for watch array      : 0           MB (0.11      %)
c Mem for assings&vardata  : 0           MB (0.12      %)
c Mem for search&solve     : 0           MB (0.31      %)
c Mem for renumberer       : 0           MB (0.04      %)
c Mem for occsimplifier    : 1           MB (2.05      %)
c Mem for varReplacer&SCC  : 0           MB (0.10      %)
c Mem for impl subsume     : 0           MB (0.00      %)
c Mem for 3 distills       : 0           MB (0.00      %)
c Accounted for mem (rss)  : 35.24       %
c Accounted for mem (vm)   : 32.49       %
c restarts                 : 1274        (546.71    confls per restart)
c blocked restarts         : 0           (0.00      per normal restart)
c time                     : 69.11       
c decisions                : 746267      (0.00      % random)
c propagations             : 55M         (801K      props/s)
c decisions/conflicts      : 1.07        
c conflicts                : 696505      
c conf lits non-minim      : 121002954   (173.73    lit/confl)
c conf lits final          : 25.41       
c red which0               : 835         (0.12      % of confl)
c props/decision           : 0.00        
c props/conflict           : 0.00        
c 0-depth assigns          : 674         (45.98     % vars)
c 0-depth assigns by CNF   : 0           (0.00      % vars)
c reduceDB time            : 0.15        (0.21      % time)
c OccSimplifier time       : 1.87        (2.63      % time)
c [occur] 0.15 is overhead
c [occur] link-in T: 0.12 cleanup T: 0.03
c [occ-substr] long subBySub: 4054 subByStr: 201 lits-rem-str: 1502 T: 1.69
c SCC time                 : 0.01        (0.01      % time)
c [scc] new: 13 BP 0M  T: 0.01
c vrep replace time        : 0.09        (0.12      % time)
c vrep tree roots          : 5           
c vrep trees' crown        : 10          (2.00      leafs/tree)
c distill long time        : 1.79        (2.52      % time)
c distill bin time         : 0.16        (0.23      % time)
c strength cache-irred time: 0.25        (0.35      % time)
c strength cache-red time  : 0.23        (0.33      % time)
c avg cls in red 0         : 3967.30     
c avg cls in red 1         : 3106.20     
c avg cls in red 2         : 42438.59    
c Conflicts in UIP         : 696505      (9797.90   confl/time_this_thread)
c Max Memory (rss) used    : 60444 kB    
c Total time (this thread) : 71.09       
s UNSATISFIABLE
c [g 0] truth-find prop checks  : 3414K
c [g 0] -> of which prop        : 30.97 %
c [g 0] -> of which confl       :  1.05 %
c [g 0] elim called             : 262K
c [g 0] ---> which lead to prop : 36.98 %
c [g 0] ---> which lead to confl:  0.58 %
c [g 0] size: 68    x 499  
