c BreakID not compiled in, disabling
c CryptoMiniSat version 5.11.15
c CMS Copyright (C) 2009-2020 Authors of CryptoMiniSat, see AUTHORS file
c CMS SHA revision 
c Using VMTF code by Armin Biere from CaDiCaL
c Using Yalsat by Armin Biere, see Balint et al. Improving implementation of SLS solvers [...], SAT'14
c Using WalkSAT by Henry Kautz, see Kautz and Selman Pushing the envelope: planning, propositional logic, and stochastic search, AAAI'96,
c CMS is MIT licensed
c Using code from 'When Boolean Satisfiability Meets Gauss-E. in a Simplex Way'
c       by C.-S. Han and J.-H. Roland Jiang in CAV 2012. Fixes by M. Soos
c Using CCAnr from 'CCAnr: A Conf. Checking Based Local Search Solver [...]'
c       by Shaowei Cai, Chuan Luo, and Kaile Su, SAT 2015
c CMS compilation env CMAKE_CXX_COMPILER = /usr/bin/c++ | COMPILE_DEFINES =  -DRDB0_ONLY_FEATURES -DBOOST_TEST_DYN_LINK -DUSE_ZLIB -DYALSAT_FPU | STATICCOMPILE = OFF | ONLY_SIMPLE = OFF | Boost_FOUND = TRUE | STATS = OFF | SQLITE3_FOUND =  | ZLIB_FOUND = TRUE | VALGRIND_FOUND =  | ENABLE_TESTING = OFF | SLOW_DEBUG = OFF | ENABLE_ASSERTIONS = ON | PYTHON_EXECUTABLE =  | PYTHON_LIBRARY =  | PYTHON_INCLUDE_DIRS =  | MY_TARGETS =  | LARGEMEM = OFF | LIMITMEM = OFF | BREAKID_LIBRARIES =  | BREAKID-VER = . | BOSPHORUS_LIBRARIES =  | BOSPH-VER = . | compilation date time = Mar 31 2024 17:57:30
c CMS compiled with gcc version 13.2.0
c Executed with command line: cryptominisat5 --verb 1 /workspace/experiments/EXP-ICPERF-66fd51/runs/RUN-ICPERF-305ca3/pure_cnf/n19l6-11-U.dimacs
c Reading file '/workspace/experiments/EXP-ICPERF-66fd51/runs/RUN-ICPERF-305ca3/pure_cnf/n19l6-11-U.dimacs'
c -- header says num vars:           4888
c -- header says num clauses:       19052
c -- clauses added: 19052
c -- xor clauses added: 0
c -- vars added 4888
c Parsing time: 0.00 s
c [branch] adjusting to: vsid (from: vsid) var_decay:0.95 descr: VSIDS
c rst  geom  stb   vs     1   112    4888 17400  1652    3.01    2.92     6     9    94     3  113.96  110.96
c rst  geom  stb   vs     2   235    4888 17400  1652    3.01    2.92     7    10   215     3  107.52  106.17
c  res  pol bran  nres  conf freevar  IrrL  IrrB l/longC  l/allC RedL0 RedL1 RedL2  RedB l/longC  l/allC
c rst  geom  stb   vs     3   369    4888 17400  1652    3.01    2.92    10    12   344     3  102.30  101.49
c rst  geom  stb   vs     4   516    4888 17400  1652    3.01    2.92    10    13   490     3   98.88   98.32
c rst  geom  stb   vs     5   677    4888 17400  1652    3.01    2.92    16    14   644     3  102.09  101.65
c rst  geom  stb   vs     6   855    4888 17400  1652    3.01    2.92    16    15   815     9  100.24   99.20
c rst  geom  stb   vs     7  1049    4888 17400  1652    3.01    2.92    18    17  1005     9   96.79   95.98
c rst  geom  stb   vs     8  1262    4888 17400  1652    3.01    2.92    20    17  1216     9   93.98   93.32
c rst  geom  stb   vs     9  1496    4888 17400  1652    3.01    2.92    21    22  1444     9   92.06   91.52
c rst  geom  stb   vs    10  1754    4888 17400  1652    3.01    2.92    21    24  1700     9   88.45   88.00
c rst  geom  stb   vs    11  2038    4888 17400  1652    3.01    2.92    27    32  1970     9   83.87   83.51
c rst  geom  stb   vs    12  2351    4888 17400  1652    3.01    2.92    28    32  2282     9   83.93   83.61
c rst  geom  stb   vs    13  2691    4888 17400  1652    3.01    2.92    33    40  2609     9   83.46   83.19
c rst  geom  stb   vs    14  3064    4888 17400  1652    3.01    2.92    43    42  2970     9   82.05   81.81
c rst  geom  stb   vs    15  3475    4888 17400  1652    3.01    2.92    46    44  3376     9   81.95   81.74
c rst  geom  stb   vs    16  3926    4888 17400  1652    3.01    2.92    49    58  3810     9   81.99   81.81
c rst  geom  stb   vs    17  4421    4888 17400  1652    3.01    2.92    50    59  4303     9   80.58   80.42
c rst  geom  stb   vs    18  4965    4888 17400  1652    3.01    2.92    59    87  4810     9   83.35   83.20
c rst  geom  stb   vs    19  5563    4888 17400  1652    3.01    2.92    60    91  5403     9   82.52   82.39
c [branch] adjusting to: vmtf (from: vsid) var_decay:0.95 descr: VMTF
c [distill-long-red0] cls tried: 60/60 T: 0.00 T-out: N T-r: 99.99%
c [distill-long-red1] cls tried: 91/91 T: 0.00 T-out: N T-r: 86.04%
c rst  luby ibes  vmt    20  5664    4888 17400  1652    3.01    2.92    60    99  5495    10   82.26   82.12
c rst  luby ibes  vmt    21  5765    4888 17400  1652    3.01    2.92    68   115  5572    10   81.27   81.13
c rst  luby ibes  vmt    22  5967    4888 17400  1652    3.01    2.92    71   131  5755    10   80.12   79.98
c rst  luby ibes  vmt    23  6069    4888 17400  1652    3.01    2.92    74   141  5844    10   79.55   79.43
c rst  luby ibes  vmt    24  6170    4888 17400  1652    3.01    2.92    74   145  5941    10   79.10   78.98
c rst  luby ibes  vmt    25  6371    4888 17400  1652    3.01    2.92    80   160  6120    11   78.16   78.03
c rst  luby ibes  vmt    26  6774    4888 17400  1652    3.01    2.92   100   211  6452    11   75.84   75.72
c rst  luby ibes  vmt    27  6875    4888 17400  1652    3.01    2.92   101   225  6538    11   75.26   75.14
c rst  luby ibes  vmt    28  6976    4888 17400  1652    3.01    2.92   112   240  6613    11   74.53   74.41
c rst  luby ibes  vmt    29  7177    4888 17400  1652    3.01    2.92   120   263  6783    11   73.14   73.03
c rst  luby ibes  vmt    30  7278    4888 17400  1652    3.01    2.92   123   277  6867    11   72.61   72.50
c rst  luby ibes  vmt    31  7379    4888 17400  1652    3.01    2.92   127   288  6953    11   72.07   71.97
c rst  luby ibes  vmt    32  7580    4888 17400  1652    3.01    2.92   128   303  7137    12   71.92   71.81
c rst  luby ibes  vmt    33  7981    4888 17400  1652    3.01    2.92   135   340  7494    12   70.48   70.37
c rst  luby ibes  vmt    34  8783    4888 17400  1652    3.01    2.92   143   399  8228    13   68.06   67.96
c rst  luby ibes  vmt    35  8885    4888 17400  1652    3.01    2.92   145   404  8323    13   67.65   67.55
c rst  luby ibes  vmt    36  8988    4888 17400  1652    3.01    2.92   154   418  8403    13   67.30   67.21
c rst  luby ibes  vmt    37  9189    4888 17400  1652    3.01    2.92   161   442  8573    13   66.41   66.32
c rst  luby ibes  vmt    38  9290    4888 17400  1652    3.01    2.92   161   455  8661    13   66.14   66.05
c rst  luby ibes  vmt    39  9391    4888 17400  1652    3.01    2.92   163   459  8756    13   65.98   65.89
c rst  luby ibes  vmt    40  9593    4888 17400  1652    3.01    2.92   171   478  8931    13   65.30   65.21
c rst  luby ibes  vmt    41  9994    4888 17400  1652    3.01    2.92   174   516  9291    13   64.35   64.26
c rst  luby ibes  vmt    42 10096    4888 17400  1652    3.01    2.92   494   206  9383    13   64.11   64.03
c rst  luby ibes  vmt    43 10198    4888 17400  1652    3.01    2.92   498   209  9478    13   63.80   63.72
c rst  luby ibes  vmt    44 10399    4888 17400  1652    3.01    2.92   506   224  9656    13   63.19   63.12
c rst  luby ibes  vmt    45 10500    4888 17400  1652    3.01    2.92   509   235  9743    13   62.91   62.83
c rst  luby ibes  vmt    46 10601    4888 17400  1652    3.01    2.92   511   246  9831    13   62.64   62.57
c rst  luby ibes  vmt    47 10802    4888 17400  1652    3.01    2.92   516   261 10012    13   62.14   62.06
c rst  luby  svd  vmt    48 11204    4888 17400  1652    3.01    2.92   516   264 10411    13   62.14   62.07
c rst  luby  svd  vmt    49 12005    4888 17400  1652    3.01    2.92   523   305 11164    13   61.81   61.75
c [branch] adjusting to: vsid (from: vmtf) var_decay:0.95 descr: VSIDS
c [distill-bin] useful: 4/1652/1652 lits-rem: 0 cl-rem: 4 0-depth-assigns: 0 T: 0.00 T-out: N
c rst  geom  svd   vs    50 12116    4888 17400  1648    3.01    2.92   524   305 11274    13   61.72   61.65
c rst  geom  svd   vs    51 12238    4888 17400  1648    3.01    2.92   524   306 11394    14   61.62   61.55
c rst  geom  svd   vs    52 12372    4888 17400  1648    3.01    2.92   525   308 11525    14   61.59   61.52
c rst  geom  svd   vs    53 12520    4888 17400  1648    3.01    2.92   525   314 11667    14   61.53   61.46
c rst  geom  svd   vs    54 12682    4888 17400  1648    3.01    2.92   526   318 11824    14   61.26   61.20
c rst  geom  svd   vs    55 12860    4888 17400  1648    3.01    2.92   527   325 11994    14   61.02   60.95
c rst  geom  svd   vs    56 13054    4888 17400  1648    3.01    2.92   528   336 12176    14   60.82   60.75
c rst  geom  svd   vs    57 13267    4888 17400  1648    3.01    2.92   532   350 12371    14   60.64   60.58
c rst  geom  svd   vs    58 13502    4888 17400  1648    3.01    2.92   535   358 12595    14   60.38   60.32
c rst  geom  svd   vs    59 13759    4888 17400  1648    3.01    2.92   535   360 12850    14   60.16   60.11
c rst  geom  svd   vs    60 14042    4888 17400  1648    3.01    2.92   537   370 13121    14   59.88   59.83
c rst  geom  svd   vs    61 14352    4888 17400  1648    3.01    2.92   544   389 13405    14   59.59   59.53
c rst  geom  svd   vs    62 14693    4888 17400  1648    3.01    2.92   548   403 13728    14   59.09   59.04
c rst  geom  svd   vs    63 15066    4888 17400  1648    3.01    2.92   603   772 11370    14   53.02   52.96
c rst  geom  svd   vs    64 15477    4888 17400  1648    3.01    2.92   605   785 11766    14   52.39   52.33
c rst  geom  svd   vs    65 15928    4888 17400  1648    3.01    2.92   608   792 12207    14   51.62   51.57
c rst  geom  svd   vs    66 16422    4888 17400  1648    3.01    2.92   609   795 12697    14   50.85   50.80
c rst  geom best   vs    67 16966    4888 17400  1648    3.01    2.92   610   797 13238    14   50.86   50.81
c rst  geom best   vs    68 17563    4888 17400  1648    3.01    2.92   613   805 13824    14   51.52   51.47
c rst  geom best   vs    69 18219    4888 17400  1648    3.01    2.92   618   811 14469    14   52.34   52.29
c [branch] adjusting to: vmtf (from: vsid) var_decay:0.95 descr: VMTF
c rst  luby best  vmt    70 18320    4888 17400  1648    3.01    2.92   618   812 14569    14   52.40   52.35
c rst  luby best  vmt    71 18421    4888 17400  1648    3.01    2.92   620   813 14667    14   52.47   52.42
c rst  luby best  vmt    72 18624    4888 17400  1648    3.01    2.92   622   822 14859    14   52.69   52.65
c rst  luby best  vmt    73 18726    4888 17400  1648    3.01    2.92   622   824 14959    14   52.90   52.85
c rst  luby best  vmt    74 18827    4888 17400  1648    3.01    2.92   622   826 15058    14   53.10   53.06
c rst  luby best  vmt    75 19028    4888 17400  1648    3.01    2.92   625   827 15255    14   53.14   53.10
c rst  luby best  vmt    76 19429    4888 17400  1648    3.01    2.92   628   837 15643    14   53.66   53.62
c rst  luby best  vmt    77 19530    4888 17400  1648    3.01    2.92   629   838 15742    14   53.73   53.68
c rst  luby best  vmt    78 19632    4888 17400  1648    3.01    2.92   632   842 15837    14   53.74   53.70
c rst  luby best  vmt    79 19834    4888 17400  1648    3.01    2.92   632   847 16034    14   53.79   53.75
c rst  luby best  vmt    80 19936    4888 17400  1648    3.01    2.92   632   849 16134    14   53.87   53.83
c rst  luby best  vmt    81   20K    4888 17400  1648    3.01    2.92   870   617 16229    14   53.91   53.87
c [full-probe]  bin_only: 1 set: 0 repl: 0 T: 0.00 T-out: N T-r: 99.73%
c rst  luby best  vmt    82   20K    4888 17400  1648    3.01    2.92   870   618 16429    14   53.84   53.80
c rst  luby best  vmt    83   20K    4888 17400  1648    3.01    2.92   870   625 16823    14   54.07   54.03
c [distill-long-red0] cls tried: 739/739 T: 0.01 T-out: N T-r: 99.59%
c [distill-long-red1] cls tried: 145/606 T: 0.01 T-out: Y T-r: -1.05%
c rst  luby best  vmt    84   21K    4888 17400  1648    3.01    2.92   872   637 17610    15   54.49   54.45
c rst  luby best  vmt    85   21K    4888 17400  1648    3.01    2.92   872   637 17712    15   54.49   54.44
c rst  luby best  vmt    86   21K    4888 17400  1648    3.01    2.92   872   641 17809    15   54.49   54.45
c rst  luby  stb  vmt    87   21K    4888 17400  1648    3.01    2.92   872   641 18010    15   54.48   54.44
c rst  luby  stb  vmt    88   21K    4888 17400  1648    3.01    2.92   872   642 18111    15   54.55   54.51
c rst  luby  stb  vmt    89   22K    4888 17400  1648    3.01    2.92   872   643 18211    15   54.58   54.54
c rst  luby  stb  vmt    90   22K    4888 17400  1648    3.01    2.92   872   657 18398    15   54.38   54.34
c rst  luby  stb  vmt    91   22K    4888 17400  1648    3.01    2.92   873   665 18791    15   54.09   54.05
c rst  luby  stb  vmt    92   22K    4888 17400  1648    3.01    2.92   874   672 18885    15   54.05   54.01
c rst  luby  stb  vmt    93   22K    4888 17400  1648    3.01    2.92   874   674 18985    15   54.00   53.97
c rst  luby  stb  vmt    94   23K    4888 17400  1648    3.01    2.92   876   689 19170    15   53.83   53.80
c rst  luby  stb  vmt    95   23K    4888 17400  1648    3.01    2.92   876   690 19270    15   53.75   53.71
c rst  luby  stb  vmt    96   23K    4888 17400  1648    3.01    2.92   876   692 19369    15   53.74   53.70
c rst  luby  stb  vmt    97   23K    4888 17400  1648    3.01    2.92   877   697 19564    15   53.60   53.56
c rst  luby  stb  vmt    98   23K    4888 17400  1648    3.01    2.92   879   713 19948    15   53.46   53.42
c rst  luby  stb  vmt    99   24K    4888 17400  1648    3.01    2.92   886   761   20K    16   53.29   53.25
c rst  luby  stb  vmt   100   26K    4888 17400  1648    3.01    2.92   891   780   22K    16   53.30   53.27
c [branch] adjusting to: vsid (from: vmtf) var_decay:0.95 descr: VSIDS
c [distill] watch-based irred--  cl tried    34797 cl-sh     0 cl-rem    3 lit-rem      0 T: 0.00 T-out: N
c [distill] watch-based   red--  cl tried     1782 cl-sh   126 cl-rem    0 lit-rem    187 T: 0.00 T-out: N
c rst  geom  stb   vs   101   26K    4888 17397  1651    3.01    2.92   893   786   22K    13   53.25   53.22
c rst  geom  stb   vs   102   26K    4888 17397  1651    3.01    2.92   894   790   22K    13   53.16   53.13
c rst  geom  stb   vs   103   26K    4888 17397  1651    3.01    2.92   894   793   22K    13   53.09   53.06
c rst  geom  stb   vs   104   26K    4888 17397  1651    3.01    2.92   895   800   22K    13   53.04   53.01
c rst  geom  stb   vs   105   26K    4888 17397  1651    3.01    2.92   896   801   22K    13   52.97   52.94
c rst  geom ibes   vs   106   27K    4888 17397  1651    3.01    2.92   899   813   23K    13   52.88   52.85
c rst  geom ibes   vs   107   27K    4888 17397  1651    3.01    2.92   905   822   23K    13   52.77   52.74
c rst  geom ibes   vs   108   27K    4888 17397  1651    3.01    2.92   906   831   23K    13   52.68   52.66
c rst  geom ibes   vs   109   27K    4888 17397  1651    3.01    2.92   906   833   23K    13   52.55   52.52
c rst  geom ibes   vs   110   28K    4888 17397  1651    3.01    2.92   907   856   23K    13   52.41   52.38
c rst  geom ibes   vs   111   28K    4888 17397  1651    3.01    2.92   908   870   24K    13   52.26   52.24
c rst  geom ibes   vs   112   28K    4888 17397  1651    3.01    2.92   917   875   24K    13   52.14   52.11
c rst  geom ibes   vs   113   28K    4888 17397  1651    3.01    2.92   917   887   24K    13   52.12   52.10
c rst  geom ibes   vs   114   29K    4888 17397  1651    3.01    2.92   922   905   25K    13   51.89   51.87
c rst  geom ibes   vs   115   29K    4888 17397  1651    3.01    2.92   925   917   25K    13   51.81   51.79
c rst  geom ibes   vs   116   30K    4888 17397  1651    3.01    2.92  1154  1188   20K    13   47.42   47.39
c rst  geom ibes   vs   117   30K    4888 17397  1651    3.01    2.92  1160  1198   20K    13   47.45   47.42
c rst  geom ibes   vs   118   31K    4888 17397  1651    3.01    2.92  1162  1215   21K    13   47.26   47.24
c rst  geom ibes   vs   119   31K    4888 17397  1651    3.01    2.92  1163  1224   21K    13   47.19   47.17
c rst  geom ibes   vs   120   32K    4888 17397  1651    3.01    2.92  1168  1236   22K    13   46.93   46.91
c [distill-bin] useful: 0/1651/1651 lits-rem: 0 cl-rem: 0 0-depth-assigns: 0 T: 0.00 T-out: N
c rst  geom  svd   vs   121   33K    4888 17397  1651    3.01    2.92  1169  1241   23K    13   46.80   46.78
c rst  geom  svd   vs   122   33K    4888 17397  1651    3.01    2.92  1174  1256   23K    13   46.40   46.37
c [branch] adjusting to: vmtf (from: vsid) var_decay:0.95 descr: VMTF
c rst  luby  svd  vmt   123   34K    4888 17397  1651    3.01    2.92  1176  1259   24K    13   46.39   46.36
c rst  luby  svd  vmt   124   34K    4888 17397  1651    3.01    2.92  1176  1261   24K    13   46.37   46.35
c rst  luby  svd  vmt   125   34K    4888 17397  1651    3.01    2.92  1177  1267   24K    13   46.35   46.32
c rst  luby  svd  vmt   126   34K    4888 17397  1651    3.01    2.92  1177  1274   24K    13   46.30   46.28
c rst  luby  svd  vmt   127   34K    4888 17397  1651    3.01    2.92  1177  1281   24K    13   46.26   46.24
c rst  luby  svd  vmt   128   34K    4888 17397  1651    3.01    2.92  1180  1297   24K    13   46.25   46.23
c rst  luby  svd  vmt   129   35K    4888 17397  1651    3.01    2.92  1183  1313   25K    13   46.17   46.15
c rst  luby  svd  vmt   130   35K    4888 17397  1651    3.01    2.92  1183  1314   25K    13   46.15   46.13
c rst  luby  svd  vmt   131   35K    4888 17397  1651    3.01    2.92  1183  1322   25K    13   46.10   46.08
c rst  luby  svd  vmt   132   35K    4888 17397  1651    3.01    2.92  1183  1324   25K    13   46.15   46.13
c rst  luby  svd  vmt   133   35K    4888 17397  1651    3.01    2.92  1183  1325   25K    13   46.12   46.10
c [distill-long-red0] cls tried: 421/421 T: 0.01 T-out: N T-r: 99.63%
c [distill-long-red1] cls tried: 89/1175 T: 0.01 T-out: Y T-r: -1.52%
c rst  luby  svd  vmt   134   35K    4888 17397  1651    3.01    2.92  1183  1325   25K    13   46.13   46.11
c rst  luby  svd  vmt   135   36K    4888 17397  1651    3.01    2.92  1184  1331   25K    13   46.05   46.03
c rst  luby  svd  vmt   136   36K    4888 17397  1651    3.01    2.92  1187  1336   26K    13   45.99   45.97
c rst  luby  svd  vmt   137   37K    4888 17397  1651    3.01    2.92  1188  1348   27K    13   45.81   45.79
c rst  luby  svd  vmt   138   37K    4888 17397  1651    3.01    2.92  1188  1351   27K    13   45.79   45.77
c rst  luby  svd  vmt   139   37K    4888 17397  1651    3.01    2.92  1189  1353   27K    13   45.77   45.75
c rst  luby  svd  vmt   140   37K    4888 17397  1651    3.01    2.92  1190  1360   27K    13   45.70   45.68
c rst  luby  svd  vmt   141   37K    4888 17397  1651    3.01    2.92  1190  1364   27K    13   45.69   45.67
c rst  luby  svd  vmt   142   37K    4888 17397  1651    3.01    2.92  1191  1366   27K    13   45.66   45.64
c rst  luby  svd  vmt   143   38K    4888 17397  1651    3.01    2.92  1191  1367   27K    13   45.59   45.57
c rst  geom best  vmt   144   38K    4888 17397  1651    3.01    2.92  1194  1374   27K    13   45.57   45.55
c rst  geom best  vmt   145   38K    4888 17397  1651    3.01    2.92  1196  1382   28K    13   45.52   45.50
c rst  geom best  vmt   146   38K    4888 17397  1651    3.01    2.92  1198  1389   28K    13   45.51   45.49
c rst  geom best  vmt   147   38K    4888 17397  1651    3.01    2.92  1200  1393   28K    13   45.49   45.48
c rst  geom best  vmt   148   38K    4888 17397  1651    3.01    2.92  1202  1401   28K    13   45.47   45.45
c rst  geom best  vmt   149   38K    4888 17397  1651    3.01    2.92  1205  1412   28K    13   45.44   45.43
c rst  geom best  vmt   150   39K    4888 17397  1651    3.01    2.92  1207  1418   28K    13   45.42   45.40
c rst  geom best  vmt   151   39K    4888 17397  1651    3.01    2.92  1208  1430   29K    13   45.40   45.39
c rst  geom best  vmt   152   39K    4888 17397  1651    3.01    2.92  1208  1439   29K    13   45.40   45.38
c rst  geom best  vmt   153   39K    4888 17397  1651    3.01    2.92  1208  1464   29K    13   45.34   45.33
c rst  geom best  vmt   154   40K    4888 17397  1651    3.01    2.92  1428  1263   29K    13   45.35   45.33
c [full-probe]  bin_only: 0 set: 0 repl: 0 T: 0.01 T-out: N T-r: 96.56%
c [impl-str] lit bin: 0 set-var: 0 T: 0.00 T-out: N T-r: 99.95% w-visit: 9776
c [impl-sub] bin: 6 T: 0.00 T-out: N w-visit: 9776
c rst  geom best  vmt   155   40K    4888 17397  1651    3.01    2.92  1430  1277   30K     7   45.25   45.25
c rst  geom best  vmt   156   40K    4888 17397  1651    3.01    2.92  1432  1294   30K     7   45.16   45.16
c rst  geom best  vmt   157   41K    4888 17397  1651    3.01    2.92  1432  1305   30K     7   45.11   45.10
c rst  geom best  vmt   158   41K    4888 17397  1651    3.01    2.92  1432  1324   31K     7   45.10   45.09
c rst  geom best  vmt   159   41K    4888 17397  1651    3.01    2.92  1443  1351   31K     7   44.98   44.97
c rst  geom best  vmt   160   42K    4888 17397  1651    3.01    2.92  1450  1383   32K     7   44.87   44.86
c [branch] adjusting to: vsid (from: vmtf) var_decay:0.95 descr: VSIDS
c rst  geom best   vs   161   42K    4888 17397  1651    3.01    2.92  1450  1387   32K     7   44.94   44.93
c rst  geom best   vs   162   42K    4888 17397  1651    3.01    2.92  1451  1388   32K     7   44.91   44.91
c rst  geom best   vs   163   42K    4888 17397  1651    3.01    2.92  1451  1397   32K     7   44.90   44.89
c rst  geom best   vs   164   42K    4888 17397  1651    3.01    2.92  1452  1399   32K     7   44.91   44.90
c rst  geom best   vs   165   43K    4888 17397  1651    3.01    2.92  1452  1404   32K     7   44.90   44.89
c rst  geom best   vs   166   43K    4888 17397  1651    3.01    2.92  1454  1415   32K     7   44.88   44.87
c rst  geom best   vs   167   43K    4888 17397  1651    3.01    2.92  1454  1420   33K     7   44.91   44.90
c rst  geom  stb   vs   168   43K    4888 17397  1651    3.01    2.92  1458  1436   33K     7   44.93   44.92
c rst  geom  stb   vs   169   43K    4888 17397  1651    3.01    2.92  1460  1445   33K     7   44.87   44.86
c rst  geom  stb   vs   170   44K    4888 17397  1651    3.01    2.92  1461  1451   33K     7   44.81   44.80
c [ccnr] tries: 0 steps: 262143 best found: 11
c [ccnr] tries: 0 steps: 524287 best found: 11
c [ccnr] tries: 0 steps: 786431 best found: 11
c [ccnr] tries: 1 steps: 262143 best found: 11
c [ccnr] saving best assignment phase to stable_polar
c [ccnr] bumping based on clause weights
c [ccnr] Bumped vars: 101 bump type: 6
c [ccnr] time: 0.46
c rst  geom  stb   vs   171   44K    4888 17397  1651    3.01    2.92  1461  1459   33K     7   44.86   44.85
c rst  geom  stb   vs   172   44K    4888 17397  1651    3.01    2.92  1461  1470   34K     7   44.83   44.82
c rst  geom  stb   vs   173   45K    4888 17397  1651    3.01    2.92  1486  2073   28K     7   43.71   43.70
c rst  geom  stb   vs   174   45K    4888 17397  1651    3.01    2.92  1487  2076   28K     7   43.59   43.58
c rst  geom  stb   vs   175   45K    4888 17397  1651    3.01    2.92  1487  2080   29K     7   43.54   43.53
c rst  geom  stb   vs   176   46K    4888 17397  1651    3.01    2.92  1490  2093   29K     7   43.58   43.57
c rst  geom  stb   vs   177   46K    4888 17397  1651    3.01    2.92  1491  2101   30K     7   43.53   43.52
c rst  geom  stb   vs   178   47K    4888 17397  1651    3.01    2.92  1493  2105   30K     7   43.40   43.39
c rst  geom  stb   vs   179   48K    4888 17397  1651    3.01    2.92  1497  2114   31K     7   43.52   43.51
c rst  geom  stb   vs   180   48K    4888 17397  1651    3.01    2.92  1501  2125   31K     7   43.48   43.47
c rst  geom  stb   vs   181   49K    4888 17397  1651    3.01    2.92  1503  2128   32K     7   43.47   43.46
c rst  geom ibes   vs   182   50K    4888 17397  1651    3.01    2.92  1719  1923   33K     7   43.55   43.55
c [gauss] XOR-encoding clauses are not detached, so no need to reattach them.
c [scc] new: 5 BP 0M T: 0.00
c [vrep] vars 5 lits 26903 rem-bin-cls 20 rem-long-cls 0 BP 0M T: 0.02
c [scc] new: 0 BP 0M T: 0.00
c [vrep] vars 0 lits 0 rem-bin-cls 0 rem-long-cls 0 BP 0M T: 0.00
c [intree] Set 0 vars hyper-added: 804 trans-irred: 0 trans-red: 12 T: 0.01 T-out: N T-r: -0.80%
c [find&init matx] performing matrix init
c [gauss] XOR-encoding clauses are not detached, so no need to reattach them.
c [matrix] unused xors from cleaning: 0
c rst  geom ibes   vs   183   51K    4883 17397  1641    3.01    2.93  1727  1939   34K   799   43.48   42.63
c [distill-long-red0] cls tried: 524/524 T: 0.02 T-out: N T-r: 99.16%
c [distill-long-red1] cls tried: 62/1720 T: 0.01 T-out: Y T-r: -2.28%
c rst  geom ibes   vs   184   52K    4883 17397  1641    3.01    2.93  1733  1962   35K   799   43.34   42.51
c [distill] watch-based irred--  cl tried    34793 cl-sh     0 cl-rem    1 lit-rem      0 T: 0.00 T-out: N
c [distill] watch-based   red--  cl tried     3466 cl-sh   142 cl-rem    0 lit-rem    274 T: 0.00 T-out: N
c rst  geom ibes   vs   185   53K    4883 17396  1642    3.01    2.93  1735  1969   36K   798   43.20   42.40
c [branch] adjusting to: vmtf (from: vsid) var_decay:0.95 descr: VMTF
c [distill-bin] useful: 0/1642/1642 lits-rem: 0 cl-rem: 0 0-depth-assigns: 0 T: 0.00 T-out: N
c rst  luby ibes  vmt   186   53K    4883 17396  1642    3.01    2.93  1735  1973   36K   798   43.20   42.40
c rst  luby ibes  vmt   187   53K    4883 17396  1642    3.01    2.93  1738  1979   36K   798   43.17   42.36
c rst  luby ibes  vmt   188   53K    4883 17396  1642    3.01    2.93  1739  1982   36K   798   43.10   42.30
c rst  luby ibes  vmt   189   53K    4883 17396  1642    3.01    2.93  1740  1987   36K   798   43.08   42.28
c rst  luby ibes  vmt   190   53K    4883 17396  1642    3.01    2.93  1741  1994   36K   798   43.05   42.25
c rst  luby ibes  vmt   191   53K    4883 17396  1642    3.01    2.93  1743  1999   36K   798   43.01   42.22
c rst  luby ibes  vmt   192   54K    4883 17396  1642    3.01    2.93  1745  2008   37K   798   42.90   42.12
c rst  luby ibes  vmt   193   54K    4883 17396  1642    3.01    2.93  1745  2010   37K   798   42.88   42.10
c rst  luby ibes  vmt   194   54K    4883 17396  1642    3.01    2.93  1746  2011   37K   798   42.86   42.08
c rst  luby ibes  vmt   195   54K    4883 17396  1642    3.01    2.93  1751  2018   37K   798   42.81   42.04
c rst  luby ibes  vmt   196   54K    4883 17396  1642    3.01    2.93  1753  2019   37K   798   42.79   42.02
c rst  luby ibes  vmt   197   54K    4883 17396  1642    3.01    2.93  1753  2021   37K   798   42.76   42.00
c rst  luby ibes  vmt   198   55K    4883 17396  1642    3.01    2.93  1753  2030   38K   798   42.69   41.93
c rst  luby  svd  vmt   199   55K    4883 17396  1642    3.01    2.93  1757  2059   38K   798   42.60   41.85
c rst  luby  svd  vmt   200   56K    4883 17396  1642    3.01    2.93  1759  2067   39K   798   42.55   41.81
c recursive minimization cost OK: 396Kcost/(% lits removed)
c [gauss] XOR-encoding clauses are not detached, so no need to reattach them.
c --> Executing strategy token: scc-vrepl
c [scc] new: 1 BP 0M T: 0.00
c --> Executing strategy token: sub-impl
c [impl-sub] bin: 0 T: 0.00 T-out: N w-visit: 9776
c --> Executing strategy token: breakid
c --> Executing OCC strategy token(s): 'occ-backw-sub-str,occ-clean-implicit,occ-bve,occ-bva,occ-ternary-res,occ-xor,'
c [occ] mem usage for occur      1 MB
c [occ] Linked in IRRED BIN by default: 1642
c [occ] Linked in RED   BIN by default: 798
c [occ] mem usage for occur      0 MB
c Mem for watch alloc      : 3           MB (14.95     %)
c Mem for watch array      : 0           MB (1.12      %)
c --> Executing OCC strategy token: occ-backw-sub-str
c [occ-backw-sub-str-long-w-bins] subs: 0 str: 2 tried: 2440 0-depth ass: 0 T: 0.00 T-out: N T-r: 99.56%
c [occ-backw-sub-long-w-long] rem cl: 209 tried: 60257/60257 (100.0%) T: 0.01 T-out: N T-r: 98.12%
c [occ-backw-sub-str-long-w-long] sub: 0 str: 0 tried: 180771/60257 (300.0)  T: 0.03 T-out: N T-r: 91.85%
c --> Executing OCC strategy token: occ-clean-implicit
c --> Executing OCC strategy token: occ-bve
c [occ-empty-res] Empty resolvent elimed: 0 T: 0.00 T-out: N
c [occ-bve] iter v-elim 2224
c cl_inc_rate=1.0, var_dec_rate=1.8 (grow=0)
c Reduced to 2659 vars, 18891 cls (grow=0)
c [occ-bve] iter v-elim 102
c cl_inc_rate=1.0, var_dec_rate=1.0 (grow=8)
c Reduced to 2557 vars, 19307 cls (grow=8)
c x n vars       : 2557
c #try to eliminate: 10476
c #var-elim        :  2326
c #T-o: N
c #T-r: 99.98%
c #T  : 0.06
c [occur] 0.02 is overhead
c [occur] link-in T: 0.02 cleanup T: 0.00
c --> Executing OCC strategy token: occ-bva
c --> Executing OCC strategy token: occ-ternary-res
c [occ-ternary-res] Ternary res-tri: 274 res-bin: 0 sub: 6 str: 0 T: 0.00 T-out: N T-r: 99.11%
c --> Executing OCC strategy token: occ-xor
c [occ-xor] sort occur list T: 0.00
c [xor-clean-equiv] removed equivalent xors: 0 left with: 1910
c [occ-xor] found   1910 avg sz 4.0 min sz  4 max sz  5 T: 0.00 T-out: N T-r: 99.98%
c --> Executing strategy token: card-find
c --> Executing strategy token: cl-consolidate
c [mem] consolidate  old-sz: 11404K new-sz: 2522K new bits offs: 19 T: 0.00
c --> Executing strategy token: scc-vrepl
c [scc] new: 0 BP 0M T: 0.00
c --> Executing strategy token: renumber
c [gauss] XOR-encoding clauses are not detached, so no need to reattach them.
c [renumber] T: 0.00
c --> Executing strategy token: bosphorus
c --> Executing strategy token: louvain-comms
c [consolidate] mini T: 0.00
c global_timeout_multiplier: 3.3000
c [branch] rebuilding order heap for all branchings. Current branching: vmtf
c [find&init matx] performing matrix init
c [gauss] XOR-encoding clauses are not detached, so no need to reattach them.
c [xor-rem-unconnected] left with 1910 xors from 1910 non-empty xors T: 0.00
c [xor-together] xored together: 1866 orig xors: 1910 new xors: 44 T: 0.00
c [xor-rem-unconnected] left with 44 xors from 44 non-empty xors T: 0.00
c [xor-clean-equiv] removed equivalent xors: 0 left with: 44
c [matrix] unused xors from cleaning: 0
c [matrix] Good   matrix  0     44 x  461  density:0.1950  xorlen avg: 89.91
c [matrix] Using 1 matrices recovered from 0 xors T: 0.00 T-out: N
c rst  luby  svd  vmt   201   56K    2557 18495   812    4.00    3.92   379   776 10590    69   31.05   30.88
c rst  luby  svd  vmt   202   56K    2557 18495   812    4.00    3.92   379   777 10691    69   31.11   30.94
c rst  luby  svd  vmt   203   56K    2557 18495   812    4.00    3.92   379   777 10793    69   31.24   31.08
c rst  luby  svd  vmt   204   56K    2557 18495   812    4.00    3.92   379   777 10994    69   31.47   31.31
c rst  luby  svd  vmt   205   56K    2557 18495   812    4.00    3.92   379   777 11096    69   31.57   31.41
c rst  luby  svd  vmt   206   56K    2557 18495   812    4.00    3.92   379   777 11198    69   31.57   31.41
c rst  luby  svd  vmt   207   57K    2557 18495   812    4.00    3.92   379   777 11400    69   31.65   31.48
c rst  luby  svd  vmt   208   57K    2557 18495   812    4.00    3.92   379   777 11802    69   31.68   31.52
c rst  luby  svd  vmt   209   57K    2557 18495   812    4.00    3.92   379   777 11904    69   31.65   31.50
c rst  luby  svd  vmt   210   57K    2557 18495   812    4.00    3.92   379   777 12006    69   31.63   31.47
c rst  luby  svd  vmt   211   57K    2557 18495   812    4.00    3.92   379   777 12208    69   31.61   31.46
c rst  luby  svd  vmt   212   58K    2557 18495   812    4.00    3.92   379   777 12309    69   31.59   31.44
c rst  luby  svd  vmt   213   58K    2557 18495   812    4.00    3.92   379   777 12411    69   31.68   31.53
c rst  luby  svd  vmt   214   58K    2557 18495   812    4.00    3.92   379   777 12613    69   31.63   31.48
c rst  luby  svd  vmt   215   58K    2557 18495   812    4.00    3.92   379   777 13015    69   31.47   31.33
c rst  luby  svd  vmt   216   59K    2557 18495   812    4.00    3.92   379   777 13817    69   31.08   30.95
c rst  luby  svd  vmt   217   61K    2557 18495   812    4.00    3.92   379   777 13948    69   29.30   29.18
c [full-probe]  bin_only: 1 set: 0 repl: 0 T: 0.00 T-out: N T-r: 99.85%
c rst  geom best  vmt   218   61K    2557 18495   812    4.00    3.92   379   777 14060    69   29.27   29.15
c rst  geom best  vmt   219   61K    2557 18495   812    4.00    3.92   379   777 14182    69   29.23   29.11
c rst  geom best  vmt   220   61K    2557 18495   812    4.00    3.92   379   777 14316    69   29.16   29.04
c rst  geom best  vmt   221   61K    2557 18495   812    4.00    3.92   379   777 14464    69   29.07   28.96
c rst  geom best  vmt   222   61K    2557 18495   812    4.00    3.92   379   777 14626    69   28.98   28.86
c rst  geom best  vmt   223   61K    2557 18495   812    4.00    3.92   379   777 14804    69   28.88   28.76
c rst  geom best  vmt   224   62K    2557 18495   812    4.00    3.92   379   777 14998    69   28.76   28.65
c rst  geom best  vmt   225   62K    2557 18495   812    4.00    3.92   379   777 15212    69   28.64   28.53
c rst  geom best  vmt   226   62K    2557 18495   812    4.00    3.92   379   777 15446    69   28.52   28.41
c rst  geom best  vmt   227   62K    2557 18495   812    4.00    3.92   379   777 15704    69   28.37   28.26
c rst  geom best  vmt   228   63K    2557 18495   812    4.00    3.92   379   777 15986    69   28.21   28.10
c [branch] adjusting to: vsid (from: vmtf) var_decay:0.95 descr: VSIDS
c rst  geom best   vs   229   63K    2557 18495   812    4.00    3.92   379   777 16098    69   28.42   28.31
c rst  geom best   vs   230   63K    2557 18495   812    4.00    3.92   379   777 16220    69   28.49   28.38
c rst  geom best   vs   231   63K    2557 18495   812    4.00    3.92   379   777 16354    69   28.45   28.35
c rst  geom best   vs   232   63K    2557 18495   812    4.00    3.92   379   777 16502    69   28.52   28.42
c rst  geom best   vs   233   63K    2557 18495   812    4.00    3.92   379   777 16664    69   28.44   28.33
c rst  geom best   vs   234   64K    2557 18495   812    4.00    3.92   379   777 16842    69   28.36   28.26
c rst  geom best   vs   235   64K    2557 18495   812    4.00    3.92   379   777 17036    69   28.26   28.16
c rst  geom best   vs   236   64K    2557 18495   812    4.00    3.92   379   777 17250    69   28.14   28.05
c rst  geom best   vs   237   64K    2557 18495   812    4.00    3.92   379   777 17484    69   28.00   27.91
c rst  geom best   vs   238   64K    2557 18495   812    4.00    3.92   379   777 17742    69   27.97   27.88
c rst  geom best   vs   239   65K    2557 18495   812    4.00    3.92   379   777 18024    69   27.95   27.86
c rst  geom best   vs   240   65K    2557 18495   812    4.00    3.92   379   777 18335    69   28.19   28.10
c rst  geom best   vs   241   65K    2557 18495   812    4.00    3.92   379   777 18675    69   28.31   28.22
c rst  geom best   vs   242   66K    2557 18495   812    4.00    3.92   379   777 19049    69   28.33   28.24
c [distill-long-red0] cls tried: 69/69 T: 0.00 T-out: N T-r: 99.94%
c [distill-long-red1] cls tried: 164/444 T: 0.00 T-out: Y T-r: -0.72%
c rst  geom best   vs   243   66K    2557 18495   812    4.00    3.92   379   777 19459    69   28.37   28.28
c rst  geom best   vs   244   67K    2557 18495   812    4.00    3.92   379   777 19909    69   28.35   28.26
c rst  geom  stb   vs   245   67K    2557 18495   812    4.00    3.92   379   777   20K    69   28.44   28.36
c rst  geom  stb   vs   246   68K    2557 18495   812    4.00    3.92   379   777   20K    69   28.60   28.52
c rst  geom  stb   vs   247   68K    2557 18495   812    4.00    3.92   379   777   21K    69   28.68   28.59
c rst  geom  stb   vs   248   69K    2557 18495   812    4.00    3.92   379   777   22K    69   28.92   28.84
c rst  geom  stb   vs   249   70K    2557 18495   812    4.00    3.92   381   777   22K    69   29.41   29.34
c rst  geom  stb   vs   250   70K    2557 18495   812    4.00    3.92   381   777   23K    69   30.14   30.06
c rst  geom  stb   vs   251   71K    2557 18495   812    4.00    3.92   383   777   24K    69   30.48   30.40
c rst  geom  stb   vs   252   72K    2557 18495   812    4.00    3.92   383   777   25K    69   30.58   30.51
c rst  geom  stb   vs   253   73K    2557 18495   812    4.00    3.92   384   777   26K    70   30.54   30.47
c [distill-bin] useful: 0/812/812 lits-rem: 0 cl-rem: 0 0-depth-assigns: 0 T: 0.00 T-out: N
c rst  geom ibes   vs   254   74K    2557 18495   812    4.00    3.92   384   783   27K    70   30.31   30.24
c [branch] adjusting to: vmtf (from: vsid) var_decay:0.95 descr: VMTF
c rst  luby ibes  vmt   255   75K    2557 18495   812    4.00    3.92   384   784   25K    70   29.63   29.55
c rst  luby ibes  vmt   256   75K    2557 18495   812    4.00    3.92   384   784   25K    70   29.63   29.56
c rst  luby ibes  vmt   257   75K    2557 18495   812    4.00    3.92   384   784   25K    71   29.61   29.54
c rst  luby ibes  vmt   258   75K    2557 18495   812    4.00    3.92   384   784   25K    71   29.58   29.51
c rst  luby ibes  vmt   259   75K    2557 18495   812    4.00    3.92   384   784   25K    71   29.55   29.48
c rst  luby ibes  vmt   260   75K    2557 18495   812    4.00    3.92   384   784   26K    71   29.55   29.48
c rst  luby ibes  vmt   261   76K    2557 18495   812    4.00    3.92   384   784   26K    71   29.60   29.53
c rst  luby ibes  vmt   262   76K    2557 18495   812    4.00    3.92   384   784   26K    71   29.58   29.51
c rst  luby ibes  vmt   263   76K    2557 18495   812    4.00    3.92   384   784   26K    71   29.55   29.48
c rst  luby ibes  vmt   264   76K    2557 18495   812    4.00    3.92   384   784   26K    71   29.52   29.45
c rst  luby ibes  vmt   265   76K    2557 18495   812    4.00    3.92   384   784   27K    71   29.49   29.43
c rst  luby ibes  vmt   266   76K    2557 18495   812    4.00    3.92   384   784   27K    71   29.47   29.40
c rst  luby ibes  vmt   267   76K    2557 18495   812    4.00    3.92   384   784   27K    71   29.41   29.34
c rst  luby ibes  vmt   268   77K    2557 18495   812    4.00    3.92   384   784   27K    71   29.29   29.22
c [distill] watch-based irred--  cl tried     5661 cl-sh     0 cl-rem    1 lit-rem      0 T: 0.00 T-out: N
c [distill] watch-based   red--  cl tried      765 cl-sh     6 cl-rem    3 lit-rem     15 T: 0.00 T-out: N
c rst  luby ibes  vmt   269   78K    2557 18494   813    4.00    3.92   381   784   28K    70   29.07   29.00
c rst  luby ibes  vmt   270   78K    2557 18494   813    4.00    3.92   381   784   28K    70   29.07   29.00
c rst  luby ibes  vmt   271   78K    2557 18494   813    4.00    3.92   381   784   28K    70   29.06   28.99
c rst  luby ibes  vmt   272   78K    2557 18494   813    4.00    3.92   381   784   28K    70   29.01   28.95
c rst  luby ibes  vmt   273   78K    2557 18494   813    4.00    3.92   381   784   29K    70   28.99   28.93
c rst  luby ibes  vmt   274   78K    2557 18494   813    4.00    3.92   381   784   29K    70   28.96   28.90
c rst  luby ibes  vmt   275   78K    2557 18494   813    4.00    3.92   381   784   29K    70   28.92   28.85
c rst  luby ibes  vmt   276   79K    2557 18494   813    4.00    3.92   381   784   29K    70   28.87   28.81
c rst  luby ibes  vmt   277   79K    2557 18494   813    4.00    3.92   381   784   29K    70   28.88   28.82
c rst  luby ibes  vmt   278   79K    2557 18494   813    4.00    3.92   381   784   29K    70   28.90   28.84
c rst  luby  svd  vmt   279   79K    2557 18494   813    4.00    3.92   381   784   30K    70   29.00   28.94
c rst  luby  svd  vmt   280   79K    2557 18494   813    4.00    3.92   381   784   30K    70   29.01   28.95
c rst  luby  svd  vmt   281   79K    2557 18494   813    4.00    3.92   381   784   30K    70   29.02   28.97
c rst  luby  svd  vmt   282   80K    2557 18494   813    4.00    3.92   385   766   30K    70   29.06   29.00
c rst  luby  svd  vmt   283   80K    2557 18494   813    4.00    3.92   385   766   31K    70   29.05   28.99
c rst  luby  svd  vmt   284   81K    2557 18494   813    4.00    3.92   385   766   31K    70   29.27   29.21
c [distill-long-red0] cls tried: 12/12 T: 0.00 T-out: N T-r: 99.98%
c [distill-long-red1] cls tried: 113/277 T: 0.01 T-out: Y T-r: -2.35%
c [full-probe]  bin_only: 0 set: 0 repl: 0 T: 0.00 T-out: N T-r: 98.13%
c rst  luby  svd  vmt   285   82K    2557 18494   813    4.00    3.92   385   766   33K    72   29.03   28.98
c rst  luby  svd  vmt   286   83K    2557 18494   813    4.00    3.92   385   766   33K    72   29.01   28.96
c rst  luby  svd  vmt   287   83K    2557 18494   813    4.00    3.92   385   766   33K    72   29.00   28.94
c rst  luby  svd  vmt   288   83K    2557 18494   813    4.00    3.92   385   766   33K    72   28.96   28.91
c rst  luby  svd  vmt   289   83K    2557 18494   813    4.00    3.92   385   766   33K    72   28.94   28.89
c rst  luby  svd  vmt   290   83K    2557 18494   813    4.00    3.92   385   766   34K    72   28.92   28.87
c rst  luby  svd  vmt   291   83K    2557 18494   813    4.00    3.92   385   766   34K    72   28.89   28.83
c rst  luby  svd  vmt   292   84K    2557 18494   813    4.00    3.92   385   766   34K    72   28.81   28.76
c rst  luby  svd  vmt   293   84K    2557 18494   813    4.00    3.92   385   766   34K    72   28.79   28.74
c rst  luby  svd  vmt   294   84K    2557 18494   813    4.00    3.92   385   766   34K    72   28.77   28.72
c rst  luby  svd  vmt   295   84K    2557 18494   813    4.00    3.92   385   766   35K    72   28.73   28.68
c rst  luby  svd  vmt   296   84K    2557 18494   813    4.00    3.92   385   766   35K    72   28.71   28.66
c rst  luby  svd  vmt   297   84K    2557 18494   813    4.00    3.92   385   766   35K    72   28.70   28.65
c rst  luby  svd  vmt   298   85K    2557 18494   813    4.00    3.92   385   766   35K    72   28.67   28.62
c rst  luby  svd  vmt   299   85K    2557 18494   813    4.00    3.92   385   766   35K    72   28.65   28.60
c rst  luby  svd  vmt   300   86K    2557 18494   813    4.00    3.92   385   766   36K    72   28.69   28.64
c rst  geom best  vmt   301   86K    2557 18494   813    4.00    3.92   385   766   36K    72   28.68   28.63
c rst  geom best  vmt   302   86K    2557 18494   813    4.00    3.92   385   766   36K    72   28.69   28.64
c rst  geom best  vmt   303   86K    2557 18494   813    4.00    3.92   385   766   37K    72   28.72   28.67
c rst  geom best  vmt   304   86K    2557 18494   813    4.00    3.92   385   766   37K    72   28.77   28.72
c rst  geom best  vmt   305   86K    2557 18494   813    4.00    3.92   385   766   37K    72   28.81   28.76
c rst  geom best  vmt   306   87K    2557 18494   813    4.00    3.92   385   766   37K    72   28.87   28.82
c rst  geom best  vmt   307   87K    2557 18494   813    4.00    3.92   385   766   37K    72   28.84   28.79
c rst  geom best  vmt   308   87K    2557 18494   813    4.00    3.92   385   766   37K    72   28.80   28.75
c rst  geom best  vmt   309   87K    2557 18494   813    4.00    3.92   385   766   38K    72   28.75   28.70
c [branch] adjusting to: vsid (from: vmtf) var_decay:0.95 descr: VSIDS
c rst  geom best   vs   310   87K    2557 18494   813    4.00    3.92   385   766   38K    72   28.73   28.68
c rst  geom best   vs   311   87K    2557 18494   813    4.00    3.92   385   766   38K    72   28.74   28.69
c rst  geom best   vs   312   88K    2557 18494   813    4.00    3.92   385   766   38K    72   28.73   28.68
c rst  geom best   vs   313   88K    2557 18494   813    4.00    3.92   385   766   38K    72   28.73   28.68
c [ccnr] tries: 0 steps: 262143 best found: 13
c [ccnr] tries: 0 steps: 524287 best found: 13
c [ccnr] tries: 0 steps: 786431 best found: 13
c [ccnr] saving best assignment phase to stable_polar
c [ccnr] bumping based on var unsat frequency: conflict_ct
c [ccnr] Bumped vars: 2557 bump type: 6
c [ccnr] time: 0.39
c rst  geom best   vs   314   88K    2557 18494   813    4.00    3.92   385   766   38K    72   28.72   28.67
c rst  geom best   vs   315   88K    2557 18494   813    4.00    3.92   385   766   38K    72   28.73   28.68
c rst  geom best   vs   316   88K    2557 18494   813    4.00    3.92   385   766   39K    72   28.74   28.70
c rst  geom best   vs   317   88K    2557 18494   813    4.00    3.92   385   766   39K    72   28.75   28.70
c rst  geom best   vs   318   89K    2557 18494   813    4.00    3.92   385   766   39K    72   28.75   28.70
c rst  geom best   vs   319   89K    2557 18494   813    4.00    3.92   385   766   39K    72   28.78   28.73
c rst  geom best   vs   320   89K    2557 18494   813    4.00    3.92   385   766   40K    72   28.79   28.74
c rst  geom best   vs   321   90K    2557 18494   813    4.00    3.92   385   759   32K    72   28.23   28.17
c rst  geom best   vs   322   90K    2557 18494   813    4.00    3.92   385   759   32K    72   28.16   28.10
c rst  geom best   vs   323   90K    2557 18494   813    4.00    3.92   385   759   32K    72   28.34   28.29
c rst  geom best   vs   324   91K    2557 18494   813    4.00    3.92   385   759   33K    72   28.31   28.25
c rst  geom best   vs   325   91K    2557 18494   813    4.00    3.92   385   759   33K    72   28.21   28.15
c rst  geom best   vs   326   92K    2557 18494   813    4.00    3.92   385   759   34K    72   28.16   28.11
c rst  geom  stb   vs   327   92K    2557 18494   813    4.00    3.92   386   759   34K    72   28.21   28.15
c rst  geom  stb   vs   328   93K    2557 18494   813    4.00    3.92   386   759   35K    72   28.15   28.10
c rst  geom  stb   vs   329   93K    2557 18494   813    4.00    3.92   386   759   36K    72   28.18   28.13
c [distill-bin] useful: 0/813/813 lits-rem: 0 cl-rem: 0 0-depth-assigns: 0 T: 0.00 T-out: N
c rst  geom  stb   vs   330   94K    2557 18494   813    4.00    3.92   386   759   36K    72   28.29   28.24
c rst  geom  stb   vs   331   95K    2557 18494   813    4.00    3.92   386   759   37K    72   28.31   28.26
c rst  geom  stb   vs   332   96K    2557 18494   813    4.00    3.92   386   759   38K    72   28.69   28.64
c rst  geom  stb   vs   333   97K    2557 18494   813    4.00    3.92   386   759   39K    72   28.76   28.71
c [distill-long-red0] cls tried: 1/1 T: 0.00 T-out: N T-r: 100.00%
c [distill-long-red1] cls tried: 146/163 T: 0.00 T-out: Y T-r: -1.46%
c rst  geom  stb   vs   334   98K    2557 18494   813    4.00    3.92   386   759   40K    72   28.54   28.50
c rst  geom ibes   vs   335   99K    2557 18494   813    4.00    3.92   386   759   41K    72   28.68   28.64
c rst  geom ibes   vs   336  100K    2557 18494   813    4.00    3.92   386   709   42K    72   28.61   28.57
c [impl-str] lit bin: 0 set-var: 0 T: 0.00 T-out: N T-r: 99.96% w-visit: 5114
c [impl-sub] bin: 4 T: 0.00 T-out: N w-visit: 5114
c rst  geom ibes   vs   337  102K    2557 18494   813    4.00    3.92   386   709   44K    68   28.54   28.50
c [branch] adjusting to: vmtf (from: vsid) var_decay:0.95 descr: VMTF
c [full-probe]  bin_only: 1 set: 0 repl: 0 T: 0.00 T-out: N T-r: 99.81%
c rst  luby ibes  vmt   338  102K    2557 18494   813    4.00    3.92   393   742   44K    68   28.55   28.51
c rst  luby ibes  vmt   339  102K    2557 18494   813    4.00    3.92   393   742   44K    68   28.58   28.55
c [distill] watch-based irred--  cl tried     5660 cl-sh     0 cl-rem    0 lit-rem      0 T: 0.00 T-out: N
c [distill] watch-based   red--  cl tried      786 cl-sh     0 cl-rem    0 lit-rem      0 T: 0.00 T-out: N
c rst  luby ibes  vmt   340  102K    2557 18494   813    4.00    3.92   393   742   44K    68   28.55   28.51
c rst  luby ibes  vmt   341  102K    2557 18494   813    4.00    3.92   393   742   44K    68   28.53   28.49
c rst  luby ibes  vmt   342  102K    2557 18494   813    4.00    3.92   393   742   44K    68   28.51   28.47
c rst  luby ibes  vmt   343  102K    2557 18494   813    4.00    3.92   393   742   45K    68   28.47   28.43
c rst  luby ibes  vmt   344  103K    2557 18494   813    4.00    3.92   393   742   45K    68   28.38   28.34
c rst  luby ibes  vmt   345  103K    2557 18494   813    4.00    3.92   393   742   45K    68   28.36   28.32
c rst  luby ibes  vmt   346  103K    2557 18494   813    4.00    3.92   393   742   45K    68   28.34   28.30
c rst  luby ibes  vmt   347  103K    2557 18494   813    4.00    3.92   393   742   45K    68   28.29   28.26
c rst  luby ibes  vmt   348  103K    2557 18494   813    4.00    3.92   393   742   45K    68   28.27   28.23
c rst  luby ibes  vmt   349  103K    2557 18494   813    4.00    3.92   393   742   46K    68   28.25   28.21
c rst  luby ibes  vmt   350  104K    2557 18494   813    4.00    3.92   393   742   46K    68   28.21   28.17
c rst  luby ibes  vmt   351  104K    2557 18494   813    4.00    3.92   393   742   46K    68   28.19   28.15
c rst  luby  svd  vmt   352  105K    2557 18494   813    4.00    3.92   393   743   35K    68   28.62   28.57
c rst  luby  svd  vmt   353  105K    2557 18494   813    4.00    3.92   393   743   36K    68   28.63   28.58
c rst  luby  svd  vmt   354  105K    2557 18494   813    4.00    3.92   393   743   36K    68   28.65   28.60
c rst  luby  svd  vmt   355  105K    2557 18494   813    4.00    3.92   393   743   36K    68   28.62   28.58
c rst  luby  svd  vmt   356  105K    2557 18494   813    4.00    3.92   393   743   36K    68   28.64   28.59
c rst  luby  svd  vmt   357  106K    2557 18494   813    4.00    3.92   393   743   36K    68   28.63   28.58
c rst  luby  svd  vmt   358  106K    2557 18494   813    4.00    3.92   393   743   36K    68   28.67   28.62
c rst  luby  svd  vmt   359  106K    2557 18494   813    4.00    3.92   393   743   37K    68   28.68   28.63
c rst  luby  svd  vmt   360  106K    2557 18494   813    4.00    3.92   393   743   37K    68   28.68   28.63
c rst  luby  svd  vmt   361  106K    2557 18494   813    4.00    3.92   393   743   37K    68   28.68   28.63
c rst  luby  svd  vmt   362  107K    2557 18494   813    4.00    3.92   393   743   37K    68   28.67   28.62
c rst  luby  svd  vmt   363  107K    2557 18494   813    4.00    3.92   393   743   37K    68   28.66   28.62
c rst  luby  svd  vmt   364  107K    2557 18494   813    4.00    3.92   393   743   37K    68   28.66   28.61
c rst  luby  svd  vmt   365  107K    2557 18494   813    4.00    3.92   393   743   37K    68   28.64   28.60
c rst  luby  svd  vmt   366  107K    2557 18494   813    4.00    3.92   393   743   38K    68   28.61   28.57
c rst  luby  svd  vmt   367  108K    2557 18494   813    4.00    3.92   393   743   39K    68   28.54   28.50
c rst  luby  svd  vmt   368  110K    2557 18494   813    4.00    3.92   400   664   40K    68   28.70   28.66
c rst  luby  svd  vmt   369  110K    2557 18494   813    4.00    3.92   400   664   40K    68   28.75   28.71
c rst  luby  svd  vmt   370  110K    2557 18494   813    4.00    3.92   400   664   41K    68   28.77   28.72
c rst  luby  svd  vmt   371  110K    2557 18494   813    4.00    3.92   400   664   41K    68   28.77   28.73
c rst  luby  svd  vmt   372  110K    2557 18494   813    4.00    3.92   400   664   41K    68   28.77   28.72
c rst  geom best  vmt   373  110K    2557 18494   813    4.00    3.92   400   664   41K    68   28.79   28.75
c rst  geom best  vmt   374  110K    2557 18494   813    4.00    3.92   400   664   41K    68   28.83   28.78
c rst  geom best  vmt   375  111K    2557 18494   813    4.00    3.92   400   664   41K    68   28.84   28.80
c rst  geom best  vmt   376  111K    2557 18494   813    4.00    3.92   400   664   41K    68   28.83   28.79
c rst  geom best  vmt   377  111K    2557 18494   813    4.00    3.92   400   664   42K    68   28.81   28.77
c rst  geom best  vmt   378  111K    2557 18494   813    4.00    3.92   400   664   42K    68   28.81   28.76
c rst  geom best  vmt   379  111K    2557 18494   813    4.00    3.92   400   664   42K    68   28.82   28.78
c rst  geom best  vmt   380  111K    2557 18494   813    4.00    3.92   400   664   42K    68   28.78   28.74
c rst  geom best  vmt   381  112K    2557 18494   813    4.00    3.92   400   664   42K    68   28.72   28.68
c rst  geom best  vmt   382  112K    2557 18494   813    4.00    3.92   400   664   43K    68   28.76   28.72
c [distill-long-red0] cls tried: 13/13 T: 0.00 T-out: N T-r: 99.98%
c [distill-long-red1] cls tried: 41/41 T: 0.00 T-out: N T-r: 75.77%
c rst  geom best  vmt   383  112K    2557 18494   813    4.00    3.92   400   665   43K    68   28.85   28.81
c rst  geom best  vmt   384  113K    2557 18494   813    4.00    3.92   400   665   43K    68   28.83   28.78
c rst  geom best  vmt   385  113K    2557 18494   813    4.00    3.92   400   665   44K    68   28.77   28.73
c rst  geom best  vmt   386  113K    2557 18494   813    4.00    3.92   400   665   44K    68   28.71   28.67
c rst  geom best  vmt   387  114K    2557 18494   813    4.00    3.92   400   665   44K    68   28.64   28.60
c [distill-bin] useful: 0/813/813 lits-rem: 0 cl-rem: 0 0-depth-assigns: 0 T: 0.00 T-out: N
c rst  geom best  vmt   388  114K    2557 18494   813    4.00    3.92   400   665   45K    68   28.55   28.52
c rst  geom best  vmt   389  115K    2557 18494   813    4.00    3.92   400   665   45K    68   28.46   28.42
c rst  geom best  vmt   390  115K    2557 18494   813    4.00    3.92   400   665   46K    68   28.37   28.33
c [gauss] XOR-encoding clauses are not detached, so no need to reattach them.
c [g 0] truth-find prop checks  : 977K
c [g 0] -> of which prop        : 83.13 %
c [g 0] -> of which confl       :  2.82 %
c [g 0] elim called             : 16062
c [g 0] ---> which lead to prop : 77.05 %
c [g 0] ---> which lead to confl:  1.76 %
c [g 0] size: 44    x 461  
c [scc] new: 1 BP 0M T: 0.00
c [vrep] vars 1 lits 7346 rem-bin-cls 4 rem-long-cls 14 BP 0M T: 0.00
c [scc] new: 0 BP 0M T: 0.00
c [vrep] vars 0 lits 0 rem-bin-cls 0 rem-long-cls 0 BP 0M T: 0.00
c [intree] Set 0 vars hyper-added: 25 trans-irred: 0 trans-red: 0 T: 0.00 T-out: N T-r: -1.15%
c [find&init matx] performing matrix init
c [gauss] XOR-encoding clauses are not detached, so no need to reattach them.
c [xor-rem-unconnected] left with 1910 xors from 1910 non-empty xors T: 0.00
c [xor-together] xored together: 1866 orig xors: 1910 new xors: 44 T: 0.00
c [xor-rem-unconnected] left with 44 xors from 44 non-empty xors T: 0.00
c [xor-clean-equiv] removed equivalent xors: 0 left with: 44
c [matrix] unused xors from cleaning: 0
c [matrix] Good   matrix 0 44      x460    density:0.1955  xorlen avg: 89.91
c [matrix] Using 1 matrices recovered from 0 xors T: 0.00 T-out: N
c rst  geom best vmt  391   116 K 2556    18494   811 4.00    3.92      400   665   46K    93 28.26   28.21  
c rst  geom best vmt  392   116 K 2556    18494   811 4.00    3.92      400   665   47K    93 28.26   28.21  
c rst  geom stb  vmt  393   117 K 2556    18494   811 4.00    3.92      400   667   48K    93 28.24   28.19  
c [branch] adjusting to: vsid (from: vmtf) var_decay:0.95 descr: VSIDS
c rst  geom stb  vs   394   117 K 2556    18494   811 4.00    3.92      400   667   48K    93 28.23   28.18  
c rst  geom stb  vs   395   117 K 2556    18494   811 4.00    3.92      400   667   48K    93 28.23   28.18  
c rst  geom stb  vs   396   118 K 2556    18494   811 4.00    3.92      400   667   48K    93 28.25   28.20  
c rst  geom stb  vs   397   118 K 2556    18494   811 4.00    3.92      400   667   48K    93 28.26   28.21  
c rst  geom stb  vs   398   118 K 2556    18494   811 4.00    3.92      400   667   48K    93 28.34   28.29  
c rst  geom stb  vs   399   118 K 2556    18494   811 4.00    3.92      400   668   49K    93 28.36   28.31  
c rst  geom stb  vs   400   118 K 2556    18494   811 4.00    3.92      400   668   49K    93 28.36   28.31  
c rst  geom stb  vs   401   118 K 2556    18494   811 4.00    3.92      400   668   49K    93 28.39   28.34  
c rst  geom stb  vs   402   119 K 2556    18494   811 4.00    3.92      400   668   49K    93 28.42   28.37  
c rst  geom stb  vs   403   119 K 2556    18494   811 4.00    3.92      400   668   50K    93 28.44   28.39  
c rst  geom stb  vs   404   119 K 2556    18494   811 4.00    3.92      400   668   50K    93 28.45   28.40  
c rst  geom stb  vs   405   120 K 2556    18494   811 4.00    3.92      404   561   36K    93 27.76   27.70  
c rst  geom stb  vs   406   120 K 2556    18494   811 4.00    3.92      404   561   37K    93 27.82   27.75  
c rst  geom stb  vs   407   120 K 2556    18494   811 4.00    3.92      404   561   37K    93 27.93   27.87  
c rst  geom stb  vs   408   121 K 2556    18494   811 4.00    3.92      404   561   38K    93 27.95   27.89  
c rst  geom stb  vs   409   121 K 2556    18494   811 4.00    3.92      404   561   38K    93 28.10   28.04  
c rst  geom stb  vs   410   122 K 2556    18494   811 4.00    3.92      404   561   39K    93 28.14   28.08  
c rst  geom stb  vs   411   122 K 2556    18494   811 4.00    3.92      404   561   39K    93 28.05   27.99  
c [full-probe]  bin_only: 0 set: 0 repl: 0 T: 0.00 T-out: N T-r: 98.22%
c rst  geom stb  vs   412   123 K 2556    18494   811 4.00    3.92      404   561   40K    93 28.03   27.97  
c rst  geom ibes vs   413   123 K 2556    18494   811 4.00    3.92      404   561   40K    93 27.89   27.83  
c rst  geom ibes vs   414   124 K 2556    18494   811 4.00    3.92      405   564   41K    93 27.74   27.68  
c rst  geom ibes vs   415   125 K 2556    18494   811 4.00    3.92      405   564   42K    93 27.59   27.53  
c rst  geom ibes vs   416   126 K 2556    18494   811 4.00    3.92      405   564   43K    93 27.50   27.45  
c rst  geom ibes vs   417   127 K 2556    18494   811 4.00    3.92      405   564   44K    93 27.35   27.29  
c rst  geom ibes vs   418   128 K 2556    18494   811 4.00    3.92      405   564   45K    93 27.21   27.16  
c [distill-long-red0] cls tried: 5/5 T: 0.00 T-out: N T-r: 100.00%
c [distill-long-red1] cls tried: 8/8 T: 0.00 T-out: N T-r: 80.66%
c [distill] watch-based irred--  cl tried 5660     cl-sh 0     cl-rem 0    lit-rem 0      T: 0.00 T-out: N
c [distill] watch-based red  --  cl tried 810      cl-sh 0     cl-rem 0    lit-rem 0      T: 0.00 T-out: N
c rst  geom ibes vs   419   129 K 2556    18494   811 4.00    3.92      405   564   46K    93 26.99   26.94  
c rst  geom ibes vs   420   130 K 2556    18494   811 4.00    3.92      407   334   47K    93 26.83   26.78  
c rst  geom svd  vs   421   132 K 2556    18494   811 4.00    3.92      407   334   49K    93 26.90   26.86  
c rst  geom svd  vs   422   133 K 2556    18494   811 4.00    3.92      407   334   50K    93 27.20   27.16  
c [ccnr] tries: 0 steps: 262143 best found: 8
c [ccnr] tries: 0 steps: 524287 best found: 8
c [ccnr] tries: 0 steps: 786431 best found: 8
c [ccnr] saving best assignment phase to stable_polar
c [ccnr] bumping based on var unsat frequency: conflict_ct
c [ccnr] Bumped vars: 2557 bump type: 6
c [ccnr] time: 0.40
c rst  geom svd  vs   423   134 K 2556    18494   811 4.00    3.92      407   334   51K    93 27.35   27.30  
c recursive minimization cost OK: 387Kcost/(% lits removed)
c [gauss] XOR-encoding clauses are not detached, so no need to reattach them.
c [g 0] truth-find prop checks  : 298K
c [g 0] -> of which prop        : 82.72 %
c [g 0] -> of which confl       :  2.83 %
c [g 0] elim called             : 4599
c [g 0] ---> which lead to prop : 81.26 %
c [g 0] ---> which lead to confl:  1.98 %
c [g 0] size: 44    x 460  
c --> Executing strategy token: scc-vrepl
c [scc] new: 0 BP 0M T: 0.00
c --> Executing strategy token: sub-impl
c [impl-sub] bin: 2 T: 0.00 T-out: N w-visit: 5114
c --> Executing strategy token: breakid
c --> Executing OCC strategy token(s): 'occ-backw-sub-str,occ-clean-implicit,occ-bve,occ-bva,occ-ternary-res,occ-xor,'
c [occ] mem usage for occur 1      MB
c [occ] Linked in IRRED BIN by default: 811
c [occ] Linked in RED   BIN by default: 91
c [occ] mem usage for occur 0      MB
c Mem for watch alloc      : 6           MB (21.31     %)
c Mem for watch array      : 0           MB (0.37      %)
c --> Executing OCC strategy token: occ-backw-sub-str
c [occ-backw-sub-str-long-w-bins] subs: 0 str: 0 tried: 5970 0-depth ass: 0 T: 0.00 T-out: N T-r: 99.72%
c [occ-backw-sub-long-w-long] rem cl: 16 tried: 70776/70776 (100.0%) T: 0.01 T-out: N T-r: 95.95%
c [occ-backw-sub-str-long-w-long] sub: 0 str: 0 tried: 212328/70776 (300.0)  T: 0.04 T-out: N T-r: 88.26%
c --> Executing OCC strategy token: occ-clean-implicit
c --> Executing OCC strategy token: occ-bve
c [occ-empty-res] Empty resolvent elimed: 0 T: 0.00 T-out: N
c [occ-bve] iter v-elim 0
c cl_inc_rate=1.0, var_dec_rate=1.0 (grow=0)
c Reduced to 2556 vars, 19305 cls (grow=0)
c [occ-bve] iter v-elim 0
c cl_inc_rate=1.0, var_dec_rate=1.0 (grow=8)
c Reduced to 2556 vars, 19305 cls (grow=8)
c [occ-bve] iter v-elim 1007
c cl_inc_rate=1.8, var_dec_rate=1.7 (grow=16)
c Reduced to 1549 vars, 34532 cls (grow=16)
c x n vars       : 1549
c #try to eliminate:  9137
c #var-elim        :  1007
c #T-o: N
c #T-r: 99.91%
c #T  : 0.18
c [occur] 0.02 is overhead
c [occur] link-in T: 0.02 cleanup T: 0.00
c --> Executing OCC strategy token: occ-bva
c --> Executing OCC strategy token: occ-ternary-res
c [occ-ternary-res] Ternary res-tri: 46 res-bin: 0 sub: 2 str: 0 T: 0.00 T-out: N T-r: 99.55%
c --> Executing OCC strategy token: occ-xor
c [occ-xor] sort occur list T: 0.00
c [xor-clean-equiv] removed equivalent xors: 0 left with: 999
c [occ-xor] found    999 avg sz 5.9 min sz  4 max sz  6 T: 0.00 T-out: N T-r: 99.97%
c --> Executing strategy token: card-find
c --> Executing strategy token: cl-consolidate
c [mem] consolidate  old-sz: 9644K new-sz: 7232K new bits offs: 20 T: 0.00
c --> Executing strategy token: scc-vrepl
c [scc] new: 0 BP 0M T: 0.00
c --> Executing strategy token: renumber
c [gauss] XOR-encoding clauses are not detached, so no need to reattach them.
c [renumber] T: 0.00
c --> Executing strategy token: bosphorus
c --> Executing strategy token: louvain-comms
c [consolidate] mini T: 0.00
c global_timeout_multiplier: 3.6300
c [branch] rebuilding order heap for all branchings. Current branching: vsid
c [find&init matx] performing matrix init
c [gauss] XOR-encoding clauses are not detached, so no need to reattach them.
c [xor-rem-unconnected] left with 999 xors from 999 non-empty xors T: 0.00
c [xor-together] xored together: 953 orig xors: 999 new xors: 46 T: 0.00
c [xor-rem-unconnected] left with 46 xors from 46 non-empty xors T: 0.00
c [xor-clean-equiv] removed equivalent xors: 0 left with: 46
c [matrix] unused xors from cleaning: 0
c [matrix] Good   matrix  0     46 x  461  density:0.1866  xorlen avg: 86.04
c [matrix] Using 1 matrices recovered from 0 xors T: 0.00 T-out: N
c [distill-bin] useful: 0/797/797 lits-rem: 0 cl-rem: 0 0-depth-assigns: 0 T: 0.01 T-out: N
c rst  geom  svd   vs   424  135K    1549   33K   797    5.81    5.72    87   196   30K    85   26.07   26.01
c [branch] adjusting to: vmtf (from: vsid) var_decay:0.95 descr: VMTF
c rst  luby  svd  vmt   425  135K    1549   33K   797    5.81    5.72    97   212   30K    85   26.11   26.04
c rst  luby  svd  vmt   426  135K    1549   33K   797    5.81    5.72    97   212   30K    85   26.17   26.10
c rst  luby  svd  vmt   427  135K    1549   33K   797    5.81    5.72    97   212   31K    85   26.18   26.11
c rst  luby  svd  vmt   428  135K    1549   33K   797    5.81    5.72    97   212   31K    85   26.21   26.15
c rst  luby  svd  vmt   429  135K    1549   33K   797    5.81    5.72    97   212   31K    85   26.21   26.14
c rst  luby  svd  vmt   430  136K    1549   33K   797    5.81    5.72    97   212   31K    85   26.21   26.14
c rst  luby  svd  vmt   431  136K    1549   33K   797    5.81    5.72    97   212   31K    85   26.46   26.39
c rst  luby  svd  vmt   432  136K    1549   33K   797    5.81    5.72    97   212   31K    85   26.49   26.43
c rst  luby  svd  vmt   433  136K    1549   33K   797    5.81    5.72    97   212   32K    85   26.50   26.43
c rst  luby  svd  vmt   434  136K    1549   33K   797    5.81    5.72    97   212   32K    85   26.48   26.42
c rst  luby  svd  vmt   435  137K    1549   33K   797    5.81    5.72    97   212   32K    85   26.47   26.41
c rst  geom best  vmt   436  137K    1549   33K   797    5.81    5.72    97   213   32K    85   26.46   26.40
c rst  geom best  vmt   437  137K    1549   33K   797    5.81    5.72    97   213   32K    85   26.48   26.42
c rst  geom best  vmt   438  137K    1549   33K   797    5.81    5.72    97   213   32K    85   26.52   26.45
c rst  geom best  vmt   439  137K    1549   33K   797    5.81    5.72    97   213   32K    85   26.53   26.47
c rst  geom best  vmt   440  137K    1549   33K   797    5.81    5.72    97   213   33K    85   26.53   26.47
c rst  geom best  vmt   441  137K    1549   33K   797    5.81    5.72    97   213   33K    85   26.63   26.56
c rst  geom best  vmt   442  138K    1549   33K   797    5.81    5.72    97   213   33K    85   26.64   26.57
c rst  geom best  vmt   443  138K    1549   33K   797    5.81    5.72    97   213   33K    85   26.63   26.57
c rst  geom best  vmt   444  138K    1549   33K   797    5.81    5.72    97   213   33K    85   26.63   26.57
c rst  geom best  vmt   445  138K    1549   33K   797    5.81    5.72    97   213   34K    85   26.64   26.58
c rst  geom best  vmt   446  139K    1549   33K   797    5.81    5.72    97   213   34K    85   26.63   26.57
c rst  geom best  vmt   447  139K    1549   33K   797    5.81    5.72    97   213   34K    85   26.62   26.56
c rst  geom best  vmt   448  139K    1549   33K   797    5.81    5.72    99   248   35K    85   26.56   26.50
c rst  geom best  vmt   449  140K    1549   33K   797    5.81    5.72   111   245   35K    85   26.56   26.50
c rst  geom best  vmt   450  140K    1549   33K   797    5.81    5.72   112   256   35K    85   26.47   26.41
c rst  geom best  vmt   451  140K    1549   33K   797    5.81    5.72   112   269   36K    85   26.46   26.40
c rst  geom best  vmt   452  141K    1549   33K   797    5.81    5.72   116   278   36K    85   26.34   26.28
c rst  geom best  vmt   453  142K    1549   33K   797    5.81    5.72   116   294   37K    85   26.29   26.23
c rst  geom best  vmt   454  142K    1549   33K   797    5.81    5.72   119   304   37K    85   26.23   26.18
c [full-probe]  bin_only: 1 set: 0 repl: 0 T: 0.00 T-out: N T-r: 99.82%
c rst  geom best  vmt   455  143K    1549   33K   797    5.81    5.72   125   336   38K    85   26.33   26.27
c [distill-long-red0] cls tried: 37/37 T: 0.00 T-out: N T-r: 99.97%
c [distill-long-red1] cls tried: 145/145 T: 0.00 T-out: N T-r: 28.12%
c rst  geom best  vmt   456  144K    1549   33K   797    5.81    5.72   125   349   39K    86   26.20   26.15
c rst  geom  stb  vmt   457  144K    1549   33K   797    5.81    5.72   127   366   39K    86   26.09   26.04
c rst  geom  stb  vmt   458  145K    1549   33K   797    5.81    5.72   128   372   40K    86   25.89   25.85
c rst  geom  stb  vmt   459  146K    1549   33K   797    5.81    5.72   128   388   41K    86   25.88   25.83
c rst  geom  stb  vmt   460  147K    1549   33K   797    5.81    5.72   128   396   42K    86   25.82   25.77
c rst  geom  stb  vmt   461  148K    1549   33K   797    5.81    5.72   129   402   43K    86   25.54   25.50
c rst  geom  stb  vmt   462  150K    1549   33K   797    5.81    5.72   272   532   34K    86   25.21   25.16
c rst  geom  stb  vmt   463  151K    1549   33K   797    5.81    5.72   272   555   35K    86   24.95   24.90
c rst  geom ibes  vmt   464  153K    1549   33K   797    5.81    5.72   274   577   37K    86   24.83   24.78
c rst  geom ibes  vmt   465  154K    1549   33K   797    5.81    5.72   274   622   38K    86   24.89   24.84
c [branch] adjusting to: vsid (from: vmtf) var_decay:0.95 descr: VSIDS
c [distill-bin] useful: 0/797/797 lits-rem: 0 cl-rem: 0 0-depth-assigns: 0 T: 0.00 T-out: N
c [distill] watch-based irred--  cl tried     7038 cl-sh     0 cl-rem    0 lit-rem      0 T: 0.00 T-out: N
c [distill] watch-based   red--  cl tried      548 cl-sh     5 cl-rem    0 lit-rem      7 T: 0.00 T-out: N
c rst  geom ibes   vs   466  154K    1549   33K   797    5.81    5.72   274   622   38K    86   24.90   24.85
c rst  geom ibes   vs   467  154K    1549   33K   797    5.81    5.72   274   622   38K    86   24.91   24.86
c rst  geom ibes   vs   468  155K    1549   33K   797    5.81    5.72   274   622   39K    86   24.89   24.84
c rst  geom ibes   vs   469  155K    1549   33K   797    5.81    5.72   274   622   39K    86   24.88   24.83
c rst  geom ibes   vs   470  155K    1549   33K   797    5.81    5.72   276   622   39K    86   24.85   24.80
c rst  geom ibes   vs   471  155K    1549   33K   797    5.81    5.72   276   622   39K    86   24.93   24.88
c rst  geom ibes   vs   472  155K    1549   33K   797    5.81    5.72   277   624   39K    86   24.90   24.85
c rst  geom ibes   vs   473  156K    1549   33K   797    5.81    5.72   277   624   39K    86   24.87   24.82
c rst  geom ibes   vs   474  156K    1549   33K   797    5.81    5.72   279   624   40K    86   24.85   24.80
c rst  geom ibes   vs   475  156K    1549   33K   797    5.81    5.72   279   624   40K    86   24.95   24.90
c rst  geom ibes   vs   476  156K    1549   33K   797    5.81    5.72   279   624   40K    86   24.92   24.87
c rst  geom ibes   vs   477  157K    1549   33K   797    5.81    5.72   279   625   40K    86   24.91   24.86
c rst  geom ibes   vs   478  157K    1549   33K   797    5.81    5.72   279   625   41K    86   24.91   24.86
c rst  geom ibes   vs   479  157K    1549   33K   797    5.81    5.72   279   625   41K    86   24.87   24.82
c rst  geom ibes   vs   480  158K    1549   33K   797    5.81    5.72   279   625   42K    86   25.00   24.95
c rst  geom  svd   vs   481  158K    1549   33K   797    5.81    5.72   279   625   42K    86   25.00   24.95
c [distill-long-red0] cls tried: 82/82 T: 0.00 T-out: N T-r: 99.80%
c [distill-long-red1] cls tried: 43/366 T: 0.01 T-out: Y T-r: -2.38%
c rst  geom  svd   vs   482  159K    1549   33K   797    5.81    5.72   279   625   43K    86   25.15   25.11
c rst  geom  svd   vs   483  159K    1549   33K   797    5.81    5.72   279   625   43K    86   25.27   25.22
c rst  geom  svd   vs   484  160K    1549   33K   797    5.81    5.72   334   571   44K    86   25.44   25.39
c rst  geom  svd   vs   485  160K    1549   33K   797    5.81    5.72   339   573   44K    86   25.47   25.43
c [impl-str] lit bin: 0 set-var: 0 T: 0.00 T-out: N T-r: 99.95% w-visit: 3098
c [impl-sub] bin: 0 T: 0.00 T-out: N w-visit: 3098
c rst  geom  svd   vs   486  161K    1549   33K   797    5.81    5.72   339   577   45K    86   25.61   25.57
c rst  geom  svd   vs   487  162K    1549   33K   797    5.81    5.72   339   577   46K    86   25.76   25.72
c rst  geom  svd   vs   488  163K    1549   33K   797    5.81    5.72   339   577   47K    86   25.96   25.92
c [full-probe]  bin_only: 0 set: 0 repl: 0 T: 0.00 T-out: N T-r: 97.92%
c rst  geom  svd   vs   489  164K    1549   33K   797    5.81    5.72   339   577   48K    88   25.91   25.87
c rst  geom  svd   vs   490  165K    1549   33K   797    5.81    5.72   344   742   36K    88   26.30   26.25
c rst  geom best   vs   491  166K    1549   33K   797    5.81    5.72   344   744   37K    88   26.58   26.52
c rst  geom best   vs   492  167K    1549   33K   797    5.81    5.72   344   745   38K    88   26.46   26.41
c rst  geom best   vs   493  169K    1549   33K   797    5.81    5.72   344   745   40K    88   26.42   26.37
c rst  geom best   vs   494  170K    1549   33K   797    5.81    5.72   352   737   41K    88   26.21   26.16
c rst  geom best   vs   495  172K    1549   33K   797    5.81    5.72   352   737   43K    88   26.10   26.05
c rst  geom  stb   vs   496  174K    1549   33K   797    5.81    5.72   356   747   45K    89   27.86   27.81
c [distill-long-red0] cls tried: 67/67 T: 0.00 T-out: N T-r: 99.86%
c [distill-long-red1] cls tried: 42/453 T: 0.01 T-out: Y T-r: -2.76%
c rst  geom  stb   vs   497  176K    1549   33K   797    5.81    5.72   356   747   47K    89   29.74   29.69
c [branch] adjusting to: vmtf (from: vsid) var_decay:0.95 descr: VMTF
c [distill-bin] useful: 0/797/797 lits-rem: 0 cl-rem: 0 0-depth-assigns: 0 T: 0.00 T-out: N
c rst  luby  stb  vmt   498  176K    1549   33K   797    5.81    5.72   357   752   47K    89   29.72   29.67
c rst  luby  stb  vmt   499  176K    1549   33K   797    5.81    5.72   358   752   47K    89   29.73   29.67
c rst  luby  stb  vmt   500  176K    1549   33K   797    5.81    5.72   358   754   47K    89   29.68   29.63
c rst  luby  stb  vmt   501  176K    1549   33K   797    5.81    5.72   358   758   47K    89   29.66   29.61
c rst  luby  stb  vmt   502  176K    1549   33K   797    5.81    5.72   358   766   47K    89   29.64   29.59
c rst  luby  stb  vmt   503  177K    1549   33K   797    5.81    5.72   358   767   47K    89   29.60   29.55
c rst  luby  stb  vmt   504  177K    1549   33K   797    5.81    5.72   360   782   48K    89   29.58   29.53
c rst  luby  stb  vmt   505  177K    1549   33K   797    5.81    5.72   360   785   48K    89   29.59   29.54
c [ccnr] saving best assignment phase to stable_polar
c [ccnr] bumping based on clause weights
c [ccnr] Bumped vars: 102 bump type: 6
c [ccnr] time: 0.27
c rst  luby  stb  vmt   506  177K    1549   33K   797    5.81    5.72   360   787   48K    89   29.58   29.54
c rst  luby  stb  vmt   507  177K    1549   33K   797    5.81    5.72   360   791   48K    89   29.56   29.51
c rst  luby  stb  vmt   508  178K    1549   33K   797    5.81    5.72   360   792   48K    89   29.53   29.48
c rst  luby  stb  vmt   509  178K    1549   33K   797    5.81    5.72   360   792   48K    89   29.52   29.47
c rst  luby  stb  vmt   510  178K    1549   33K   797    5.81    5.72   360   792   49K    89   29.47   29.42
c rst  luby  stb  vmt   511  178K    1549   33K   797    5.81    5.72   360   794   49K    89   29.35   29.31
c rst  luby  stb  vmt   512  179K    1549   33K   797    5.81    5.72   361   810   50K    89   29.19   29.14
c rst  luby ibes  vmt   513  179K    1549   33K   797    5.81    5.72   361   811   50K    89   29.17   29.13
c rst  luby ibes  vmt   514  179K    1549   33K   797    5.81    5.72   361   811   50K    89   29.16   29.11
c [distill] watch-based irred--  cl tried     7038 cl-sh     0 cl-rem    0 lit-rem      0 T: 0.01 T-out: N
c [distill] watch-based   red--  cl tried      722 cl-sh     1 cl-rem    0 lit-rem      1 T: 0.00 T-out: N
c rst  luby ibes  vmt   515  179K    1549   33K   797    5.81    5.72   361   818   50K    89   29.16   29.12
c rst  luby ibes  vmt   516  180K    1549   33K   797    5.81    5.72   444   868   33K    89   30.15   30.07
c rst  luby ibes  vmt   517  180K    1549   33K   797    5.81    5.72   445   872   33K    89   30.12   30.04
c rst  luby ibes  vmt   518  180K    1549   33K   797    5.81    5.72   445   873   33K    89   30.07   30.00
c rst  luby ibes  vmt   519  180K    1549   33K   797    5.81    5.72   446   882   34K    89   29.98   29.90
c [gauss] XOR-encoding clauses are not detached, so no need to reattach them.
c [g 0] truth-find prop checks  : 1280K
c [g 0] -> of which prop        : 32.52 %
c [g 0] -> of which confl       :  1.77 %
c [g 0] elim called             : 220K
c [g 0] ---> which lead to prop : 39.14 %
c [g 0] ---> which lead to confl:  1.67 %
c [g 0] size: 46    x 461  
c [scc] new: 1 BP 0M T: 0.00
c [vrep] vars 1 lits 1862 rem-bin-cls 5 rem-long-cls 0 BP 0M T: 0.00
c [scc] new: 0 BP 0M T: 0.00
c [vrep] vars 0 lits 0 rem-bin-cls 0 rem-long-cls 0 BP 0M T: 0.00
c [intree] Set 0 vars hyper-added: 5 trans-irred: 0 trans-red: 3 T: 0.00 T-out: N T-r: -0.97%
c [find&init matx] performing matrix init
c [gauss] XOR-encoding clauses are not detached, so no need to reattach them.
c [xor-rem-unconnected] left with 999 xors from 999 non-empty xors T: 0.00
c [xor-together] xored together: 949 orig xors: 999 new xors: 50 T: 0.00
c [xor-rem-unconnected] left with 50 xors from 50 non-empty xors T: 0.00
c [xor-clean-equiv] removed equivalent xors: 0 left with: 50
c [matrix] unused xors from cleaning: 0
c [matrix] Good   matrix 0 50      x464    density:0.1709  xorlen avg: 79.32
c [matrix] Using 1 matrices recovered from 0 xors T: 0.00 T-out: N
c rst  luby ibes vmt  520   180 K 1548      33K   797 5.81    5.72      446   882   34K    88 29.95   29.88  
c rst  luby ibes vmt  521   181 K 1548      33K   797 5.81    5.72      446   885   34K    88 29.92   29.85  
c rst  luby ibes vmt  522   181 K 1548      33K   797 5.81    5.72      446   885   34K    88 29.87   29.80  
c rst  luby ibes vmt  523   181 K 1548      33K   797 5.81    5.72      446   885   34K    88 29.84   29.77  
c rst  luby ibes vmt  524   181 K 1548      33K   797 5.81    5.72      446   887   34K    88 29.80   29.73  
c rst  luby ibes vmt  525   181 K 1548      33K   797 5.81    5.72      446   891   34K    88 29.73   29.67  
c [g  <0] Disabling GJ-elim in this round.  Usefulness was: 16.9520%  over 71254 calls
c rst  luby ibes vmt  526   182 K 1548      33K   797 5.81    5.72      447   894   35K    88 29.62   29.55  
c rst  luby ibes vmt  527   182 K 1548      33K   797 5.81    5.72      448   906   35K    88 29.53   29.46  
c rst  luby ibes vmt  528   184 K 1548      33K   797 5.81    5.72      450   949   37K    88 29.17   29.10  
c [full-probe]  bin_only: 1 set: 0 repl: 0 T: 0.00 T-out: N T-r: 99.80%
c rst  luby ibes vmt  529   184 K 1548      33K   797 5.81    5.72      450   949   37K    90 29.16   29.10  
c rst  luby ibes vmt  530   184 K 1548      33K   797 5.81    5.72      450   950   37K    90 29.16   29.09  
c rst  luby ibes vmt  531   184 K 1548      33K   797 5.81    5.72      450   951   37K    90 29.12   29.06  
c rst  luby ibes vmt  532   184 K 1548      33K   797 5.81    5.72      450   958   38K    90 29.10   29.04  
c rst  luby ibes vmt  533   185 K 1548      33K   797 5.81    5.72      454   963   38K    90 29.06   29.00  
c rst  luby ibes vmt  534   185 K 1548      33K   797 5.81    5.72      454   966   38K    90 29.04   28.98  
c rst  luby ibes vmt  535   185 K 1548      33K   797 5.81    5.72      454   974   38K    90 29.03   28.97  
c rst  luby ibes vmt  536   185 K 1548      33K   797 5.81    5.72      454   977   38K    90 29.02   28.96  
c rst  luby ibes vmt  537   185 K 1548      33K   797 5.81    5.72      454   978   38K    90 29.01   28.95  
c rst  luby ibes vmt  538   186 K 1548      33K   797 5.81    5.72      454   982   39K    90 29.01   28.95  
c rst  luby ibes vmt  539   186 K 1548      33K   797 5.81    5.72      454   987   39K    90 29.00   28.94  
c rst  luby ibes vmt  540   186 K 1548      33K   797 5.81    5.72      454   996   39K    90 29.01   28.95  
c rst  luby ibes vmt  541   186 K 1548      33K   797 5.81    5.72      454   999   39K    90 28.96   28.91  
c rst  luby svd  vmt  542   186 K 1548      33K   797 5.81    5.72      454  1003   39K    90 28.83   28.78  
c rst  luby svd  vmt  543   187 K 1548      33K   797 5.81    5.72      454  1010   40K    90 28.69   28.63  
c rst  luby svd  vmt  544   187 K 1548      33K   797 5.81    5.72      454  1013   40K    90 28.69   28.64  
c rst  luby svd  vmt  545   187 K 1548      33K   797 5.81    5.72      454  1016   40K    90 28.69   28.63  
c rst  luby svd  vmt  546   188 K 1548      33K   797 5.81    5.72      454  1018   41K    90 28.67   28.61  
c rst  luby svd  vmt  547   188 K 1548      33K   797 5.81    5.72      454  1019   41K    90 28.65   28.60  
c rst  luby svd  vmt  548   188 K 1548      33K   797 5.81    5.72      454  1019   41K    90 28.63   28.57  
c rst  luby svd  vmt  549   188 K 1548      33K   797 5.81    5.72      455  1027   41K    90 28.59   28.54  
c rst  luby svd  vmt  550   188 K 1548      33K   797 5.81    5.72      455  1037   41K    90 28.63   28.57  
c rst  luby svd  vmt  551   188 K 1548      33K   797 5.81    5.72      455  1037   41K    90 28.63   28.57  
c rst  luby svd  vmt  552   189 K 1548      33K   797 5.81    5.72      455  1040   42K    90 28.61   28.55  
c rst  luby svd  vmt  553   189 K 1548      33K   797 5.81    5.72      455  1040   42K    90 28.58   28.53  
c rst  luby svd  vmt  554   189 K 1548      33K   797 5.81    5.72      455  1042   42K    90 28.57   28.52  
c [distill-long-red0] cls tried: 91/91 T: 0.01 T-out: N T-r: 99.66%
c [distill-long-red1] cls tried: 46/726 T: 0.01 T-out: Y T-r: -4.21%
c rst  luby svd  vmt  555   189 K 1548      33K   797 5.81    5.72      455  1043   42K    90 28.55   28.49  
c rst  luby svd  vmt  556   189 K 1548      33K   797 5.81    5.72      455  1054   42K    90 28.52   28.47  
c rst  luby svd  vmt  557   190 K 1548      33K   797 5.81    5.72      637   877   43K    90 28.61   28.56  
c rst  luby svd  vmt  558   190 K 1548      33K   797 5.81    5.72      637   878   43K    90 28.47   28.42  
c rst  luby svd  vmt  559   192 K 1548      33K   797 5.81    5.72      639   907   45K    90 28.25   28.20  
c rst  luby svd  vmt  560   195 K 1548      33K   797 5.81    5.72      686  1374   36K    90 28.93   28.87  
c rst  geom best vmt  561   195 K 1548      33K   797 5.81    5.72      686  1374   36K    90 28.89   28.83  
c rst  geom best vmt  562   195 K 1548      33K   797 5.81    5.72      686  1374   36K    90 28.87   28.81  
c rst  geom best vmt  563   196 K 1548      33K   797 5.81    5.72      686  1378   36K    90 28.88   28.81  
c rst  geom best vmt  564   196 K 1548      33K   797 5.81    5.72      686  1381   36K    90 28.90   28.84  
c rst  geom best vmt  565   196 K 1548      33K   797 5.81    5.72      686  1384   36K    90 28.89   28.83  
c rst  geom best vmt  566   196 K 1548      33K   797 5.81    5.72      687  1385   37K    90 28.90   28.84  
c [distill-bin] useful: 2/797/797 lits-rem: 0 cl-rem: 2 0-depth-assigns: 0 T: 0.00 T-out: N
c rst  geom best vmt  567   196 K 1548      33K   795 5.81    5.72      687  1385   37K    90 28.86   28.80  
c rst  geom best vmt  568   196 K 1548      33K   795 5.81    5.72      687  1387   37K    90 28.85   28.79  
c rst  geom best vmt  569   197 K 1548      33K   795 5.81    5.72      688  1397   37K    90 28.87   28.81  
c rst  geom best vmt  570   197 K 1548      33K   795 5.81    5.72      688  1401   37K    90 28.80   28.74  
c rst  geom best vmt  571   197 K 1548      33K   795 5.81    5.72      688  1404   38K    90 28.91   28.85  
c rst  geom best vmt  572   198 K 1548      33K   795 5.81    5.72      688  1416   38K    90 28.81   28.75  
c [branch] adjusting to: vsid (from: vmtf) var_decay:0.95 descr: VSIDS
c rst  geom best vs   573   198 K 1548      33K   795 5.81    5.72      688  1421   38K    90 28.91   28.85  
c rst  geom best vs   574   198 K 1548      33K   795 5.81    5.72      689  1433   38K    90 28.94   28.88  
c rst  geom best vs   575   198 K 1548      33K   795 5.81    5.72      689  1440   38K    90 29.07   29.01  
c rst  geom best vs   576   198 K 1548      33K   795 5.81    5.72      690  1444   39K    90 29.15   29.09  
c rst  geom best vs   577   198 K 1548      33K   795 5.81    5.72      690  1452   39K    90 29.23   29.17  
c rst  geom best vs   578   198 K 1548      33K   795 5.81    5.72      691  1464   39K    90 29.32   29.26  
c rst  geom best vs   579   199 K 1548      33K   795 5.81    5.72      691  1483   39K    90 29.34   29.28  
c rst  geom best vs   580   199 K 1548      33K   795 5.81    5.72      695  1487   39K    90 29.49   29.43  
c rst  geom best vs   581   199 K 1548      33K   795 5.81    5.72      696  1499   39K    90 29.54   29.48  
c rst  geom best vs   582   199 K 1548      33K   795 5.81    5.72      697  1507   40K    91 29.70   29.64  
c rst  geom best vs   583   200 K 1548      33K   795 5.81    5.72      826  1393   40K    91 29.74   29.69  
c rst  geom best vs   584   200 K 1548      33K   795 5.81    5.72      826  1404   40K    91 29.88   29.82  
c rst  geom best vs   585   200 K 1548      33K   795 5.81    5.72      827  1424   41K    91 29.96   29.91  
c rst  geom best vs   586   201 K 1548      33K   795 5.81    5.72      830  1441   41K    91 30.09   30.04  
c rst  geom best vs   587   201 K 1548      33K   795 5.81    5.72      833  1450   41K    91 30.27   30.21  
c rst  geom best vs   588   201 K 1548      33K   795 5.81    5.72      836  1463   42K    91 30.31   30.25  
c rst  geom best vs   589   202 K 1548      33K   795 5.81    5.72      837  1473   42K    91 30.72   30.66  
c rst  geom best vs   590   202 K 1548      33K   795 5.81    5.72      839  1496   43K    91 30.77   30.71  
c rst  geom stb  vs   591   203 K 1548      33K   795 5.81    5.72      845  1530   43K    91 31.02   30.96  
c rst  geom stb  vs   592   204 K 1548      33K   795 5.81    5.72      848  1544   44K    91 31.14   31.08  
c rst  geom stb  vs   593   204 K 1548      33K   795 5.81    5.72      849  1554   45K    91 31.34   31.28  
c [distill-long-red0] cls tried: 369/369 T: 0.03 T-out: N T-r: 98.79%
c [distill-long-red1] cls tried: 32/1214 T: 0.01 T-out: Y T-r: -1.08%
c [full-probe]  bin_only: 0 set: 0 repl: 0 T: 0.01 T-out: N T-r: 97.73%
c [distill] watch-based irred--  cl tried 7037     cl-sh 0     cl-rem 1    lit-rem 0      T: 0.00 T-out: N
c [distill] watch-based red  --  cl tried 1695     cl-sh 35    cl-rem 1    lit-rem 67     T: 0.01 T-out: N
c rst  geom stb  vs   594   205 K 1548      33K   796 5.81    5.72      849  1565   45K    95 31.30   31.24  
c rst  geom stb  vs   595   206 K 1548      33K   796 5.81    5.72      849  1569   46K    95 31.33   31.27  
c rst  geom stb  vs   596   207 K 1548      33K   796 5.81    5.72      850  1577   47K    95 31.32   31.26  
c rst  geom stb  vs   597   208 K 1548      33K   796 5.81    5.72      852  1585   48K    95 31.33   31.27  
c rst  geom stb  vs   598   209 K 1548      33K   796 5.81    5.72      853  1610   49K    95 31.29   31.24  
c rst  geom stb  vs   599   211 K 1548      33K   796 5.81    5.72     1059  1792   37K    95 32.25   32.17  
c rst  geom ibes vs   600   212 K 1548      33K   796 5.81    5.72     1060  1818   38K    95 32.60   32.53  
c rst  geom ibes vs   601   214 K 1548      33K   796 5.81    5.72     1069  1860   40K    95 32.67   32.61  
c rst  geom ibes vs   602   215 K 1548      33K   796 5.81    5.72     1074  1909   41K    95 33.29   33.22  
c rst  geom ibes vs   603   217 K 1548      33K   796 5.81    5.72     1080  1934   43K    95 33.66   33.60  
c [distill-bin] useful: 0/796/796 lits-rem: 0 cl-rem: 0 0-depth-assigns: 0 T: 0.00 T-out: N
c rst  geom ibes vs   604   219 K 1548      33K   796 5.81    5.72     1084  1988   45K    95 33.48   33.41  
c rst  geom svd  vs   605   221 K 1548      33K   796 5.81    5.72     1265  1835   47K    95 33.72   33.66  
c [distill-long-red0] cls tried: 452/452 T: 0.02 T-out: N T-r: 99.34%
c [distill-long-red1] cls tried: 53/1496 T: 0.01 T-out: Y T-r: -5.75%
c [impl-str] lit bin: 0 set-var: 0 T: 0.00 T-out: N T-r: 99.95% w-visit: 3098
c [impl-sub] bin: 6 T: 0.00 T-out: N w-visit: 3098
c [ccnr] saving best assignment phase to stable_polar
c [ccnr] bumping based on var unsat frequency: conflict_ct
c [ccnr] Bumped vars: 1549 bump type: 6
c [ccnr] time: 0.28
c rst  geom svd  vs   606   224 K 1548      33K   796 5.81    5.72     1271  1868   50K    89 33.65   33.59  
c [branch] adjusting to: vmtf (from: vsid) var_decay:0.95 descr: VMTF
c rst  luby svd  vmt  607   224 K 1548      33K   796 5.81    5.72     1278  1893   50K    91 33.63   33.58  
c rst  luby svd  vmt  608   224 K 1548      33K   796 5.81    5.72     1278  1895   50K    91 33.64   33.59  
c rst  luby svd  vmt  609   224 K 1548      33K   796 5.81    5.72     1278  1917   50K    91 33.62   33.57  
c rst  luby svd  vmt  610   224 K 1548      33K   796 5.81    5.72     1279  1917   50K    91 33.65   33.60  
c rst  luby svd  vmt  611   224 K 1548      33K   796 5.81    5.72     1280  1923   50K    91 33.66   33.60  
c [full-probe]  bin_only: 1 set: 0 repl: 0 T: 0.00 T-out: N T-r: 99.75%
c rst  luby svd  vmt  612   225 K 1548      33K   796 5.81    5.72     1354  2300   36K    93 33.11   33.03  
c rst  luby svd  vmt  613   225 K 1548      33K   796 5.81    5.72     1355  2314   37K    93 33.08   33.01  
c rst  luby svd  vmt  614   225 K 1548      33K   796 5.81    5.72     1355  2315   37K    93 33.09   33.02  
c rst  luby svd  vmt  615   225 K 1548      33K   796 5.81    5.72     1358  2322   37K    93 33.09   33.02  
c rst  luby svd  vmt  616   225 K 1548      33K   796 5.81    5.72     1358  2325   37K    93 33.12   33.05  
c rst  luby svd  vmt  617   226 K 1548      33K   796 5.81    5.72     1358  2328   37K    93 33.13   33.06  
c rst  luby svd  vmt  618   226 K 1548      33K   796 5.81    5.72     1358  2331   37K    93 33.13   33.06  
c rst  luby svd  vmt  619   226 K 1548      33K   796 5.81    5.72     1358  2336   37K    93 33.13   33.06  
c rst  luby svd  vmt  620   226 K 1548      33K   796 5.81    5.72     1361  2350   38K    93 33.18   33.11  
c rst  luby svd  vmt  621   227 K 1548      33K   796 5.81    5.72     1363  2381   38K    93 33.45   33.38  
c rst  geom best vmt  622   227 K 1548      33K   796 5.81    5.72     1363  2384   39K    93 33.45   33.39  
c rst  geom best vmt  623   227 K 1548      33K   796 5.81    5.72     1365  2390   39K    93 33.47   33.40  
c rst  geom best vmt  624   227 K 1548      33K   796 5.81    5.72     1365  2398   39K    93 33.47   33.41  
c rst  geom best vmt  625   228 K 1548      33K   796 5.81    5.72     1365  2404   39K    93 33.47   33.40  
c rst  geom best vmt  626   228 K 1548      33K   796 5.81    5.72     1365  2411   39K    93 33.48   33.41  
c rst  geom best vmt  627   228 K 1548      33K   796 5.81    5.72     1365  2419   39K    93 33.58   33.51  
c rst  geom best vmt  628   228 K 1548      33K   796 5.81    5.72     1365  2426   39K    93 33.60   33.53  
c rst  geom best vmt  629   228 K 1548      33K   796 5.81    5.72     1366  2429   40K    93 33.71   33.64  
c rst  geom best vmt  630   229 K 1548      33K   796 5.81    5.72     1366  2432   40K    93 33.75   33.68  
c rst  geom best vmt  631   229 K 1548      33K   796 5.81    5.72     1366  2439   40K    93 33.76   33.69  
c rst  geom best vmt  632   229 K 1548      33K   796 5.81    5.72     1366  2441   40K    93 33.78   33.71  
c rst  geom best vmt  633   229 K 1548      33K   796 5.81    5.72     1366  2443   41K    93 33.82   33.76  
c rst  geom best vmt  634   230 K 1548      33K   796 5.81    5.72     1553  2205   41K    93 34.00   33.94  
c [distill] watch-based irred--  cl tried 7036     cl-sh 0     cl-rem 0    lit-rem 0      T: 0.00 T-out: N
c [distill] watch-based red  --  cl tried 3106     cl-sh 256   cl-rem 0    lit-rem 504    T: 0.01 T-out: N
c rst  geom best vmt  635   230 K 1548      33K   796 5.81    5.72     1553  2213   42K    93 34.00   33.94  
c rst  geom best vmt  636   231 K 1548      33K   796 5.81    5.72     1553  2221   42K    93 33.99   33.93  
c rst  geom best vmt  637   231 K 1548      33K   796 5.81    5.72     1553  2229   42K    93 34.09   34.03  
c rst  geom best vmt  638   231 K 1548      33K   796 5.81    5.72     1553  2249   43K    93 34.11   34.05  
c rst  geom best vmt  639   232 K 1548      33K   796 5.81    5.72     1553  2260   43K    93 34.14   34.07  
c rst  geom best vmt  640   233 K 1548      33K   796 5.81    5.72     1554  2279   44K    93 34.18   34.12  
c rst  geom best vmt  641   233 K 1548      33K   796 5.81    5.72     1556  2283   45K    93 34.23   34.17  
c rst  geom best vmt  642   234 K 1548      33K   796 5.81    5.72     1558  2294   45K    93 34.30   34.24  
c rst  geom best vmt  643   235 K 1548      33K   796 5.81    5.72     1558  2316   46K    93 34.37   34.31  
c rst  geom stb  vmt  644   236 K 1548      33K   796 5.81    5.72     1559  2336   47K    93 34.34   34.28  
c rst  geom stb  vmt  645   237 K 1548      33K   796 5.81    5.72     1561  2356   48K    93 34.26   34.20  
c [distill-long-red0] cls tried: 399/399 T: 0.02 T-out: N T-r: 99.22%
c [distill-long-red1] cls tried: 47/1997 T: 0.01 T-out: Y T-r: -6.85%
c rst  geom stb  vmt  646   238 K 1548      33K   796 5.81    5.72     1567  2375   49K    93 34.14   34.09  
c [distill-bin] useful: 0/796/796 lits-rem: 0 cl-rem: 0 0-depth-assigns: 0 T: 0.01 T-out: N
c rst  geom stb  vmt  647   239 K 1548      33K   796 5.81    5.72     1568  2388   50K    93 34.09   34.03  
c rst  geom stb  vmt  648   240 K 1548      33K   796 5.81    5.72     1828  2724   37K    93 35.21   35.14  
c rst  geom stb  vmt  649   242 K 1548      33K   796 5.81    5.72     1832  2747   38K    93 35.02   34.95  
c rst  geom stb  vmt  650   243 K 1548      33K   796 5.81    5.72     1834  2769   40K    93 35.28   35.21  
c rst  geom ibes vmt  651   244 K 1548      33K   796 5.81    5.72     1835  2774   40K    93 35.27   35.20  
c recursive minimization cost OK: 521Kcost/(% lits removed)
c [gauss] XOR-encoding clauses are not detached, so no need to reattach them.
c [g 0] truth-find prop checks  : 52K
c [g 0] -> of which prop        : 11.78 %
c [g 0] -> of which confl       :  0.80 %
c [g 0] elim called             : 12907
c [g 0] ---> which lead to prop : 40.95 %
c [g 0] ---> which lead to confl:  1.77 %
c [g 0] size: 50    x 464  
c --> Executing strategy token: scc-vrepl
c [scc] new: 2 BP 0M T: 0.00
c [vrep] vars 2 lits 23044 rem-bin-cls 10 rem-long-cls 0 BP 0M T: 0.02
c --> Executing strategy token: sub-impl
c [impl-sub] bin: 5 T: 0.00 T-out: N w-visit: 3098
c --> Executing strategy token: breakid
c --> Executing OCC strategy token(s): 'occ-backw-sub-str,occ-clean-implicit,occ-bve,occ-bva,occ-ternary-res,occ-xor,'
c [occ] mem usage for occur 3      MB
c [occ] Linked in IRRED BIN by default: 793
c [occ] Linked in RED   BIN by default: 85
c [occ] mem usage for occur 0      MB
c Mem for watch alloc      : 10          MB (22.11     %)
c Mem for watch array      : 0           MB (0.15      %)
c --> Executing OCC strategy token: occ-backw-sub-str
c [occ-backw-sub-str-long-w-bins] subs: 0 str: 316 tried: 8582 0-depth ass: 0 T: 0.00 T-out: N T-r: 99.10%
c [occ-backw-sub-long-w-long] rem cl: 340 tried: 79013/79013 (100.0%) T: 0.02 T-out: N T-r: 88.07%
c [occ-backw-sub-str-long-w-long] sub: 1 str: 32 tried: 237039/79013 (300.0)  T: 0.16 T-out: N T-r: 66.64%
c --> Executing OCC strategy token: occ-clean-implicit
c --> Executing OCC strategy token: occ-bve
c [occ-empty-res] Empty resolvent elimed: 0 T: 0.00 T-out: N
c [occ-bve] iter v-elim 0
c cl_inc_rate=1.0, var_dec_rate=1.0 (grow=0)
c Reduced to 1546 vars, 34527 cls (grow=0)
c [occ-bve] iter v-elim 0
c cl_inc_rate=1.0, var_dec_rate=1.0 (grow=8)
c Reduced to 1546 vars, 34527 cls (grow=8)
c [occ-bve] iter v-elim 0
c cl_inc_rate=1.0, var_dec_rate=1.0 (grow=16)
c Reduced to 1546 vars, 34527 cls (grow=16)
c x n vars       : 1546
c #try to eliminate:  4638
c #var-elim        :     0
c #T-o: N
c #T-r: 99.99%
c #T  : 0.18
c [occur] 0.02 is overhead
c [occur] link-in T: 0.02 cleanup T: 0.00
c --> Executing OCC strategy token: occ-bva
c --> Executing OCC strategy token: occ-ternary-res
c [occ-ternary-res] Ternary res-tri: 46 res-bin: 0 sub: 2 str: 0 T: 0.00 T-out: N T-r: 99.68%
c --> Executing OCC strategy token: occ-xor
c [occ-xor] sort occur list T: 0.00
c [xor-clean-equiv] removed equivalent xors: 0 left with: 980
c [occ-xor] found    980 avg sz 5.9 min sz  4 max sz  6 T: 0.00 T-out: N T-r: 99.97%
c --> Executing strategy token: card-find
c --> Executing strategy token: cl-consolidate
c Not consolidating memory.
c --> Executing strategy token: scc-vrepl
c [scc] new: 0 BP 0M T: 0.00
c --> Executing strategy token: renumber
c --> Executing strategy token: bosphorus
c --> Executing strategy token: louvain-comms
c [consolidate] mini T: 0.00
c global_timeout_multiplier: 3.9930
c [branch] rebuilding order heap for all branchings. Current branching: vmtf
c [find&init matx] performing matrix init
c [gauss] XOR-encoding clauses are not detached, so no need to reattach them.
c [xor-rem-unconnected] left with 980 xors from 980 non-empty xors T: 0.00
c [xor-together] xored together: 921 orig xors: 980 new xors: 59 T: 0.00
c [xor-rem-unconnected] left with 59 xors from 59 non-empty xors T: 0.00
c [xor-clean-equiv] removed equivalent xors: 0 left with: 59
c [matrix] unused xors from cleaning: 0
c [matrix] Good   matrix  0     59 x  486  density:0.1363  xorlen avg: 66.25
c [matrix] Using 1 matrices recovered from 0 xors T: 0.00 T-out: N
c rst  geom ibes  vmt   652  245K    1546   33K   793    5.81    5.73  1714  2757   41K    86   35.65   35.59
c [full-probe]  bin_only: 0 set: 1 repl: 0 T: 0.02 T-out: N T-r: 92.83%
c rst  geom ibes  vmt   653  247K    1545   33K   793    5.81    5.73  1716  2772   43K    86   35.57   35.51
c [gauss] XOR-encoding clauses are not detached, so no need to reattach them.
c [g 0] truth-find prop checks  : 69K
c [g 0] -> of which prop        : 54.49 %
c [g 0] -> of which confl       :  1.54 %
c [g 0] elim called             : 6203
c [g 0] ---> which lead to prop : 75.80 %
c [g 0] ---> which lead to confl:  2.11 %
c [g 0] size: 59    x 486  
c [scc] new: 0 BP 0M T: 0.00
c [vrep] vars 0 lits 0 rem-bin-cls 0 rem-long-cls 0 BP 0M T: 0.00
c [intree] Set 0 vars hyper-added: 17 trans-irred: 0 trans-red: 0 T: 0.01 T-out: N T-r: 0.20%
c [find&init matx] performing matrix init
c [gauss] XOR-encoding clauses are not detached, so no need to reattach them.
c [xor-rem-unconnected] left with 980 xors from 980 non-empty xors T: 0.00
c [xor-together] xored together: 921 orig xors: 980 new xors: 59 T: 0.00
c [xor-rem-unconnected] left with 59 xors from 59 non-empty xors T: 0.00
c [xor-clean-equiv] removed equivalent xors: 0 left with: 59
c [matrix] unused xors from cleaning: 0
c [matrix] Good   matrix 0 59      x485    density:0.1362  xorlen avg: 66.07
c [matrix] Using 1 matrices recovered from 0 xors T: 0.00 T-out: N
c rst  geom ibes vmt  654   249 K 1545      33K   792 5.81    5.72     1717  2778   44K   103 35.41   35.34  
c rst  geom ibes vmt  655   251 K 1545      33K   792 5.81    5.72     1762  2685   46K   103 35.20   35.13  
c [branch] adjusting to: vsid (from: vmtf) var_decay:0.95 descr: VSIDS
c rst  geom svd  vs   656   251 K 1545      33K   792 5.81    5.72     1762  2685   46K   103 35.23   35.16  
c rst  geom svd  vs   657   251 K 1545      33K   792 5.81    5.72     1763  2685   46K   103 35.22   35.15  
c rst  geom svd  vs   658   251 K 1545      33K   792 5.81    5.72     1763  2686   46K   103 35.19   35.12  
c rst  geom svd  vs   659   251 K 1545      33K   792 5.81    5.72     1763  2688   46K   103 35.16   35.10  
c rst  geom svd  vs   660   252 K 1545      33K   792 5.81    5.72     1763  2688   47K   103 35.15   35.08  
c rst  geom svd  vs   661   252 K 1545      33K   792 5.81    5.72     1763  2688   47K   103 35.15   35.08  
c [distill-long-red0] cls tried: 389/389 T: 0.04 T-out: N T-r: 98.66%
c [distill-long-red1] cls tried: 28/2387 T: 0.01 T-out: Y T-r: -7.89%
c rst  geom svd  vs   662   252 K 1545      33K   792 5.81    5.72     1759  2688   47K   107 35.13   35.06  
c rst  geom svd  vs   663   252 K 1545      33K   792 5.81    5.72     1759  2689   47K   107 35.12   35.05  
c rst  geom svd  vs   664   252 K 1545      33K   792 5.81    5.72     1759  2689   47K   107 35.08   35.01  
c rst  geom svd  vs   665   253 K 1545      33K   792 5.81    5.72     1759  2689   48K   107 35.08   35.01  
c rst  geom svd  vs   666   253 K 1545      33K   792 5.81    5.72     1759  2691   48K   107 35.13   35.06  
c rst  geom svd  vs   667   253 K 1545      33K   792 5.81    5.72     1759  2691   48K   107 35.11   35.04  
c rst  geom svd  vs   668   254 K 1545      33K   792 5.81    5.72     1759  2692   49K   107 35.18   35.11  
c rst  geom svd  vs   669   254 K 1545      33K   792 5.81    5.72     1759  2692   49K   107 35.19   35.12  
c rst  geom svd  vs   670   254 K 1545      33K   792 5.81    5.72     1759  2692   49K   107 35.20   35.13  
c rst  geom svd  vs   671   255 K 1545      33K   792 5.81    5.72     1764  2831   36K   107 33.42   33.33  
c [distill] watch-based irred--  cl tried 8218     cl-sh 0     cl-rem 0    lit-rem 0      T: 0.01 T-out: N
c [distill] watch-based red  --  cl tried 3523     cl-sh 30    cl-rem 5    lit-rem 48     T: 0.00 T-out: N
c rst  geom svd  vs   672   255 K 1545      33K   792 5.81    5.72     1759  2831   37K   107 33.43   33.35  
c rst  geom svd  vs   673   256 K 1545      33K   792 5.81    5.72     1759  2831   37K   107 33.45   33.37  
c rst  geom svd  vs   674   256 K 1545      33K   792 5.81    5.72     1759  2833   38K   107 33.65   33.57  
c rst  geom svd  vs   675   257 K 1545      33K   792 5.81    5.72     1759  2833   38K   107 33.81   33.74  
c rst  geom svd  vs   676   258 K 1545      33K   792 5.81    5.72     1759  2833   39K   107 33.99   33.91  
c [distill-bin] useful: 0/792/792 lits-rem: 0 cl-rem: 0 0-depth-assigns: 0 T: 0.01 T-out: N
c rst  geom svd  vs   677   259 K 1545      33K   792 5.81    5.72     1759  2833   40K   107 34.08   34.00  
c rst  geom best vs   678   260 K 1545      33K   792 5.81    5.72     1776  2240   41K   107 34.01   33.93  
c rst  geom best vs   679   261 K 1545      33K   792 5.81    5.72     1776  2241   42K   107 33.71   33.63  
c rst  geom best vs   680   262 K 1545      33K   792 5.81    5.72     1776  2241   43K   107 33.69   33.62  
c rst  geom best vs   681   263 K 1545      33K   792 5.81    5.72     1776  2241   45K   107 33.73   33.66  
c rst  geom best vs   682   264 K 1545      33K   792 5.81    5.72     1776  2241   46K   107 33.59   33.53  
c rst  geom best vs   683   265 K 1545      33K   792 5.81    5.72     1776  2241   47K   107 33.52   33.46  
c [full-probe]  bin_only: 1 set: 0 repl: 0 T: 0.00 T-out: N T-r: 99.66%
c [ccnr] tries: 0 steps: 262143 best found: 11
c [ccnr] saving best assignment phase to stable_polar
c [ccnr] bumping based on var unsat frequency: conflict_ct
c [ccnr] Bumped vars: 1549 bump type: 6
c [ccnr] time: 0.28
c rst  geom best vs   684   267 K 1545      33K   792 5.81    5.72     1776  2243   49K   107 33.47   33.41  
c [distill-long-red0] cls tried: 50/50 T: 0.00 T-out: N T-r: 99.85%
c [distill-long-red1] cls tried: 45/2020 T: 0.01 T-out: Y T-r: -4.43%
c rst  geom stb  vs   685   269 K 1545      33K   792 5.81    5.72     1776  2245   51K   107 33.47   33.41  
c rst  geom stb  vs   686   270 K 1545      33K   792 5.81    5.72     1808  1751   37K   107 32.10   32.02  
c rst  geom stb  vs   687   273 K 1545      33K   792 5.81    5.72     1808  1751   39K   107 32.50   32.43  
c rst  geom stb  vs   688   275 K 1545      33K   792 5.81    5.72     1808  1753   41K   107 32.79   32.72  
c rst  geom ibes vs   689   277 K 1545      33K   792 5.81    5.72     1808  1755   44K   107 33.08   33.01  
c rst  geom ibes vs   690   280 K 1545      33K   792 5.81    5.72     1826  1716   47K   107 33.02   32.95  
c [distill-bin] useful: 0/792/792 lits-rem: 0 cl-rem: 0 0-depth-assigns: 0 T: 0.01 T-out: N
c [distill] watch-based irred--  cl tried 8218     cl-sh 0     cl-rem 0    lit-rem 0      T: 0.00 T-out: N
c [distill] watch-based red  --  cl tried 3652     cl-sh 16    cl-rem 0    lit-rem 24     T: 0.00 T-out: N
c rst  geom ibes vs   691   283 K 1545      33K   792 5.81    5.72     1826  1716   49K   107 33.26   33.19  
c [branch] adjusting to: vmtf (from: vsid) var_decay:0.95 descr: VMTF
c [distill-long-red0] cls tried: 52/52 T: 0.00 T-out: N T-r: 99.87%
c [distill-long-red1] cls tried: 53/1510 T: 0.01 T-out: Y T-r: -1.53%
c [impl-str] lit bin: 0 set-var: 0 T: 0.00 T-out: N T-r: 99.95% w-visit: 3098
c [impl-sub] bin: 1 T: 0.00 T-out: N w-visit: 3098
c rst  luby svd  vmt  692   283 K 1545      33K   792 5.81    5.72     1830  1734   50K   106 33.24   33.18  
c rst  luby svd  vmt  693   283 K 1545      33K   792 5.81    5.72     1830  1734   50K   106 33.26   33.20  
c rst  luby svd  vmt  694   283 K 1545      33K   792 5.81    5.72     1830  1736   50K   106 33.22   33.16  
c rst  luby svd  vmt  695   284 K 1545      33K   792 5.81    5.72     1830  1736   50K   106 33.22   33.16  
c rst  luby svd  vmt  696   284 K 1545      33K   792 5.81    5.72     1830  1736   50K   106 33.20   33.14  
c rst  luby svd  vmt  697   284 K 1545      33K   792 5.81    5.72     1830  1736   50K   106 33.16   33.10  
c rst  luby svd  vmt  698   284 K 1545      33K   792 5.81    5.72     1830  1736   51K   106 33.08   33.02  
c rst  luby svd  vmt  699   284 K 1545      33K   792 5.81    5.72     1830  1737   51K   106 33.07   33.01  
c rst  luby svd  vmt  700   284 K 1545      33K   792 5.81    5.72     1830  1737   51K   106 33.10   33.04  
c rst  luby svd  vmt  701   285 K 1545      33K   792 5.81    5.72     1830  1775   38K   106 32.65   32.57  
c rst  luby svd  vmt  702   285 K 1545      33K   792 5.81    5.72     1830  1775   38K   106 32.62   32.55  
c rst  luby svd  vmt  703   285 K 1545      33K   792 5.81    5.72     1830  1775   38K   106 32.61   32.53  
c rst  luby svd  vmt  704   285 K 1545      33K   792 5.81    5.72     1830  1775   38K   106 32.59   32.51  
c rst  luby svd  vmt  705   285 K 1545      33K   792 5.81    5.72     1830  1775   38K   106 32.58   32.51  
c [full-probe]  bin_only: 0 set: 0 repl: 0 T: 0.01 T-out: N T-r: 98.04%
c rst  luby svd  vmt  706   286 K 1545      33K   792 5.81    5.72     1830  1775   39K   106 32.52   32.45  
c rst  luby svd  vmt  707   286 K 1545      33K   792 5.81    5.72     1830  1775   39K   106 32.51   32.44  
c rst  luby svd  vmt  708   286 K 1545      33K   792 5.81    5.72     1830  1775   40K   106 32.50   32.43  
c rst  luby svd  vmt  709   287 K 1545      33K   792 5.81    5.72     1830  1775   40K   106 32.48   32.41  
c rst  luby svd  vmt  710   287 K 1545      33K   792 5.81    5.72     1830  1775   40K   106 32.50   32.43  
c rst  luby svd  vmt  711   287 K 1545      33K   792 5.81    5.72     1830  1775   40K   106 32.50   32.43  
c rst  luby svd  vmt  712   287 K 1545      33K   792 5.81    5.72     1830  1775   40K   106 32.45   32.38  
c rst  luby svd  vmt  713   287 K 1545      33K   792 5.81    5.72     1830  1775   41K   106 32.36   32.29  
c rst  luby svd  vmt  714   288 K 1545      33K   792 5.81    5.72     1830  1775   41K   106 32.33   32.26  
c rst  luby svd  vmt  715   288 K 1545      33K   792 5.81    5.72     1830  1775   41K   106 32.31   32.23  
c rst  luby svd  vmt  716   288 K 1545      33K   792 5.81    5.72     1830  1775   41K   106 32.31   32.24  
c rst  luby svd  vmt  717   288 K 1545      33K   792 5.81    5.72     1830  1775   41K   106 32.30   32.23  
c rst  luby svd  vmt  718   288 K 1545      33K   792 5.81    5.72     1830  1775   41K   106 32.30   32.22  
c rst  luby svd  vmt  719   288 K 1545      33K   792 5.81    5.72     1830  1775   41K   106 32.27   32.20  
c rst  luby svd  vmt  720   289 K 1545      33K   792 5.81    5.72     1830  1775   42K   106 32.22   32.15  
c rst  luby svd  vmt  721   289 K 1545      33K   792 5.81    5.72     1830  1780   43K   106 32.22   32.16  
c rst  luby svd  vmt  722   291 K 1545      33K   792 5.81    5.72     1834  1695   44K   106 32.16   32.10  
c rst  geom best vmt  723   291 K 1545      33K   792 5.81    5.72     1834  1695   44K   106 32.19   32.13  
c rst  geom best vmt  724   291 K 1545      33K   792 5.81    5.72     1834  1695   44K   106 32.20   32.13  
c rst  geom best vmt  725   291 K 1545      33K   792 5.81    5.72     1834  1695   45K   106 32.24   32.18  
c rst  geom best vmt  726   292 K 1545      33K   792 5.81    5.72     1834  1695   45K   106 32.27   32.20  
c rst  geom best vmt  727   292 K 1545      33K   792 5.81    5.72     1834  1695   45K   106 32.28   32.22  
c rst  geom best vmt  728   292 K 1545      33K   792 5.81    5.72     1834  1696   45K   106 32.32   32.25  
c rst  geom best vmt  729   292 K 1545      33K   792 5.81    5.72     1834  1696   45K   106 32.37   32.31  
c rst  geom best vmt  730   292 K 1545      33K   792 5.81    5.72     1834  1696   45K   106 32.39   32.33  
c rst  geom best vmt  731   293 K 1545      33K   792 5.81    5.72     1834  1696   46K   106 32.41   32.35  
c rst  geom best vmt  732   293 K 1545      33K   792 5.81    5.72     1834  1697   46K   106 32.42   32.35  
c rst  geom best vmt  733   293 K 1545      33K   792 5.81    5.72     1834  1698   46K   106 32.49   32.42  
c rst  geom best vmt  734   293 K 1545      33K   792 5.81    5.72     1834  1698   47K   106 32.58   32.52  
c rst  geom best vmt  735   294 K 1545      33K   792 5.81    5.72     1834  1699   47K   106 32.58   32.52  
c rst  geom best vmt  736   294 K 1545      33K   792 5.81    5.72     1835  1701   47K   106 32.58   32.51  
c rst  geom best vmt  737   295 K 1545      33K   792 5.81    5.72     1835  1703   48K   106 32.60   32.54  
c rst  geom best vmt  738   295 K 1545      33K   792 5.81    5.72     1835  1706   48K   106 32.68   32.62  
c rst  geom best vmt  739   295 K 1545      33K   792 5.81    5.72     1835  1707   49K   106 32.81   32.75  
c rst  geom best vmt  740   296 K 1545      33K   792 5.81    5.72     1835  1708   49K   106 32.77   32.71  
c rst  geom best vmt  741   297 K 1545      33K   792 5.81    5.72     1835  1711   50K   106 32.71   32.65  
c rst  geom best vmt  742   297 K 1545      33K   792 5.81    5.72     1835  1711   50K   106 32.72   32.66  
c rst  geom best vmt  743   298 K 1545      33K   792 5.81    5.72     1835  1711   51K   106 32.69   32.63  
c rst  geom best vmt  744   299 K 1545      33K   792 5.81    5.72     1835  1711   52K   106 32.65   32.60  
c [distill-long-red0] cls tried: 9/9 T: 0.00 T-out: N T-r: 99.98%
c [distill-long-red1] cls tried: 55/1466 T: 0.01 T-out: Y T-r: -3.07%
c rst  geom best vmt  745   300 K 1545      33K   792 5.81    5.72     1853  1539   38K   107 32.21   32.13  
c rst  geom stb  vmt  746   301 K 1545      33K   792 5.81    5.72     1854  1541   39K   107 32.39   32.32  
c [distill-bin] useful: 0/792/792 lits-rem: 0 cl-rem: 0 0-depth-assigns: 0 T: 0.00 T-out: N
c rst  geom stb  vmt  747   302 K 1545      33K   792 5.81    5.72     1855  1551   40K   107 32.60   32.53  
c rst  geom stb  vmt  748   303 K 1545      33K   792 5.81    5.72     1855  1551   41K   107 32.51   32.43  
c rst  geom stb  vmt  749   304 K 1545      33K   792 5.81    5.72     1855  1552   43K   107 32.83   32.76  
c rst  geom stb  vmt  750   306 K 1545      33K   792 5.81    5.72     1855  1552   44K   107 32.73   32.66  
c [full-probe]  bin_only: 1 set: 0 repl: 0 T: 0.00 T-out: N T-r: 99.83%
c [distill] watch-based irred--  cl tried 8218     cl-sh 0     cl-rem 0    lit-rem 0      T: 0.00 T-out: N
c [distill] watch-based red  --  cl tried 3710     cl-sh 5     cl-rem 0    lit-rem 7      T: 0.00 T-out: N
c rst  geom stb  vmt  751   307 K 1545      33K   792 5.81    5.72     1855  1554   45K   107 32.86   32.80  
c rst  geom stb  vmt  752   309 K 1545      33K   792 5.81    5.72     1855  1557   47K   107 33.03   32.97  
c rst  geom ibes vmt  753   311 K 1545      33K   792 5.81    5.72     1878  1266   49K   107 33.06   32.99  
c [ccnr] tries: 0 steps: 262143 best found: 10
c [ccnr] saving best assignment phase to stable_polar
c [ccnr] bumping based on clause weights
c [ccnr] Bumped vars: 103 bump type: 6
c [ccnr] time: 0.27
c rst  geom ibes vmt  754   313 K 1545      33K   792 5.81    5.72     1896  1340   51K   107 32.87   32.81  
c [gauss] XOR-encoding clauses are not detached, so no need to reattach them.
c [g 0] truth-find prop checks  : 1460K
c [g 0] -> of which prop        : 67.99 %
c [g 0] -> of which confl       :  2.33 %
c [g 0] elim called             : 50K
c [g 0] ---> which lead to prop : 71.07 %
c [g 0] ---> which lead to confl:  1.90 %
c [g 0] size: 59    x 485  
c [scc] new: 0 BP 0M T: 0.00
c [vrep] vars 0 lits 0 rem-bin-cls 0 rem-long-cls 0 BP 0M T: 0.00
c [intree] Set 0 vars hyper-added: 0 trans-irred: 0 trans-red: 5 T: 0.01 T-out: N T-r: -1.95%
c [find&init matx] performing matrix init
c [gauss] XOR-encoding clauses are not detached, so no need to reattach them.
c [xor-rem-unconnected] left with 980 xors from 980 non-empty xors T: 0.00
c [xor-together] xored together: 921 orig xors: 980 new xors: 59 T: 0.00
c [xor-rem-unconnected] left with 59 xors from 59 non-empty xors T: 0.00
c [xor-clean-equiv] removed equivalent xors: 0 left with: 59
c [matrix] unused xors from cleaning: 0
c [matrix] Good   matrix 0 59      x485    density:0.1362  xorlen avg: 66.07
c [matrix] Using 1 matrices recovered from 0 xors T: 0.00 T-out: N
c rst  geom ibes vmt  755   315 K 1545      33K   792 5.81    5.72     1930  1506   38K   102 31.11   31.04  
c [branch] adjusting to: vsid (from: vmtf) var_decay:0.95 descr: VSIDS
c [distill-long-red0] cls tried: 92/92 T: 0.00 T-out: N T-r: 99.89%
c [distill-long-red1] cls tried: 90/1286 T: 0.01 T-out: Y T-r: -0.20%
c rst  geom ibes vs   756   315 K 1545      33K   792 5.81    5.72     1930  1506   39K   102 31.14   31.07  
c rst  geom ibes vs   757   315 K 1545      33K   792 5.81    5.72     1930  1508   39K   102 31.15   31.08  
c rst  geom ibes vs   758   315 K 1545      33K   792 5.81    5.72     1930  1508   39K   102 31.19   31.12  
c rst  geom ibes vs   759   315 K 1545      33K   792 5.81    5.72     1930  1511   39K   102 31.21   31.14  
c rst  geom ibes vs   760   316 K 1545      33K   792 5.81    5.72     1930  1511   39K   102 31.27   31.20  
c rst  geom ibes vs   761   316 K 1545      33K   792 5.81    5.72     1930  1511   39K   102 31.33   31.26  
c rst  geom ibes vs   762   316 K 1545      33K   792 5.81    5.72     1930  1511   40K   102 31.35   31.28  
c rst  geom ibes vs   763   316 K 1545      33K   792 5.81    5.72     1930  1511   40K   102 31.32   31.26  
c rst  geom ibes vs   764   316 K 1545      33K   792 5.81    5.72     1930  1511   40K   102 31.39   31.32  
c rst  geom ibes vs   765   317 K 1545      33K   792 5.81    5.72     1930  1513   40K   102 31.39   31.32  
c rst  geom ibes vs   766   317 K 1545      33K   792 5.81    5.72     1930  1514   41K   102 31.40   31.33  
c rst  geom svd  vs   767   317 K 1545      33K   792 5.81    5.72     1930  1514   41K   102 31.47   31.41  
c rst  geom svd  vs   768   318 K 1545      33K   792 5.81    5.72     1930  1514   41K   102 31.50   31.44  
c rst  geom svd  vs   769   318 K 1545      33K   792 5.81    5.72     1930  1515   42K   102 31.54   31.48  
c rst  geom svd  vs   770   318 K 1545      33K   792 5.81    5.72     1930  1516   42K   102 31.56   31.50  
c rst  geom svd  vs   771   319 K 1545      33K   792 5.81    5.72     1931  1517   42K   102 31.63   31.56  
c rst  geom svd  vs   772   319 K 1545      33K   792 5.81    5.72     1931  1517   43K   102 31.55   31.48  
c rst  geom svd  vs   773   320 K 1545      33K   792 5.81    5.72     1996  1111   44K   102 31.50   31.44  
c rst  geom svd  vs   774   320 K 1545      33K   792 5.81    5.72     1996  1111   44K   102 31.50   31.43  
c rst  geom svd  vs   775   321 K 1545      33K   792 5.81    5.72     1996  1112   45K   102 31.65   31.59  
c [distill-bin] useful: 0/792/792 lits-rem: 0 cl-rem: 0 0-depth-assigns: 0 T: 0.00 T-out: N
c rst  geom svd  vs   776   322 K 1545      33K   792 5.81    5.72     1996  1112   46K   102 31.75   31.68  
c rst  geom svd  vs   777   323 K 1545      33K   792 5.81    5.72     1996  1112   47K   102 32.04   31.97  
c rst  geom svd  vs   778   324 K 1545      33K   792 5.81    5.72     1996  1113   47K   102 32.25   32.19  
c rst  geom svd  vs   779   324 K 1545      33K   792 5.81    5.72     1996  1117   48K   102 32.39   32.33  
c rst  geom svd  vs   780   326 K 1545      33K   792 5.81    5.72     1996  1121   49K   102 32.50   32.44  
c [full-probe]  bin_only: 0 set: 0 repl: 0 T: 0.01 T-out: N T-r: 97.78%
c rst  geom best vs   781   327 K 1545      33K   792 5.81    5.72     1996  1123   51K   102 33.04   32.98  
c rst  geom best vs   782   328 K 1545      33K   792 5.81    5.72     1996  1131   52K   102 33.02   32.96  
c rst  geom best vs   783   329 K 1545      33K   792 5.81    5.72     1996  1131   53K   102 32.99   32.94  
c rst  geom best vs   784   331 K 1545      33K   792 5.81    5.72     2014  1137   40K   102 33.65   33.57  
c [distill-long-red0] cls tried: 80/80 T: 0.00 T-out: N T-r: 99.88%
c [distill-long-red1] cls tried: 79/919 T: 0.01 T-out: Y T-r: -1.84%
c [distill] watch-based irred--  cl tried 8218     cl-sh 0     cl-rem 0    lit-rem 0      T: 0.00 T-out: N
c [distill] watch-based red  --  cl tried 4028     cl-sh 12    cl-rem 0    lit-rem 18     T: 0.00 T-out: N
c rst  geom best vs   785   333 K 1545      33K   792 5.81    5.72     2014  1139   42K   102 33.61   33.54  
c rst  geom best vs   786   334 K 1545      33K   792 5.81    5.72     2014  1145   43K   102 33.98   33.91  
c rst  geom stb  vs   787   337 K 1545      33K   792 5.81    5.72     2015  1152   45K   102 34.52   34.45  
c rst  geom stb  vs   788   339 K 1545      33K   792 5.81    5.72     2017  1160   48K   102 35.05   34.98  
c rst  geom stb  vs   789   341 K 1545      33K   792 5.81    5.72     2037  1097   50K   102 35.10   35.03  
c [distill-bin] useful: 0/792/792 lits-rem: 0 cl-rem: 0 0-depth-assigns: 0 T: 0.01 T-out: N
c rst  geom stb  vs   790   344 K 1545      33K   792 5.81    5.72     2038  1101   53K   102 35.14   35.08  
c [impl-str] lit bin: 0 set-var: 0 T: 0.00 T-out: N T-r: 99.95% w-visit: 3098
c [impl-sub] bin: 0 T: 0.00 T-out: N w-visit: 3098
c rst  geom ibes vs   791   347 K 1545      33K   792 5.81    5.72     2048  1158   40K   102 34.68   34.60  
c [distill-long-red0] cls tried: 46/46 T: 0.00 T-out: N T-r: 99.91%
c [distill-long-red1] cls tried: 77/874 T: 0.01 T-out: Y T-r: -3.06%
c [full-probe]  bin_only: 1 set: 0 repl: 0 T: 0.00 T-out: N T-r: 99.86%
c rst  geom ibes vs   792   350 K 1545      33K   792 5.81    5.72     2065  1114   44K   102 35.00   34.93  
c rst  geom ibes vs   793   354 K 1545      33K   792 5.81    5.72     2065  1120   47K   102 35.50   35.44  
c [branch] adjusting to: vmtf (from: vsid) var_decay:0.95 descr: VMTF
c rst  luby svd  vmt  794   354 K 1545      33K   792 5.81    5.72     2065  1121   47K   102 35.48   35.41  
c rst  luby svd  vmt  795   354 K 1545      33K   792 5.81    5.72     2065  1122   48K   102 35.45   35.38  
c rst  luby svd  vmt  796   354 K 1545      33K   792 5.81    5.72     2065  1124   48K   102 35.38   35.31  
c rst  luby svd  vmt  797   354 K 1545      33K   792 5.81    5.72     2065  1124   48K   102 35.34   35.28  
c rst  luby svd  vmt  798   355 K 1545      33K   792 5.81    5.72     2065  1125   48K   102 35.31   35.24  
c rst  luby svd  vmt  799   355 K 1545      33K   792 5.81    5.72     2065  1130   48K   102 35.26   35.20  
c [ccnr] saving best assignment phase to stable_polar
c [ccnr] bumping based on var unsat frequency: conflict_ct
c [ccnr] Bumped vars: 1549 bump type: 6
c [ccnr] time: 0.27
c rst  luby svd  vmt  800   355 K 1545      33K   792 5.81    5.72     2070  1137   49K   102 35.28   35.21  
c rst  luby svd  vmt  801   355 K 1545      33K   792 5.81    5.72     2070  1137   49K   102 35.28   35.21  
c rst  luby svd  vmt  802   355 K 1545      33K   792 5.81    5.72     2070  1137   49K   102 35.27   35.21  
c rst  luby svd  vmt  803   356 K 1545      33K   792 5.81    5.72     2070  1137   49K   102 35.29   35.23  
c rst  luby svd  vmt  804   356 K 1545      33K   792 5.81    5.72     2070  1137   49K   102 35.32   35.26  
c rst  luby svd  vmt  805   356 K 1545      33K   792 5.81    5.72     2070  1137   49K   102 35.33   35.26  
c rst  luby svd  vmt  806   356 K 1545      33K   792 5.81    5.72     2070  1138   49K   102 35.35   35.29  
c [distill] watch-based irred--  cl tried 8218     cl-sh 0     cl-rem 0    lit-rem 0      T: 0.00 T-out: N
c [distill] watch-based red  --  cl tried 4140     cl-sh 7     cl-rem 0    lit-rem 9      T: 0.00 T-out: N
c rst  luby svd  vmt  807   356 K 1545      33K   792 5.81    5.72     2070  1138   50K   102 35.36   35.30  
c rst  luby svd  vmt  808   357 K 1545      33K   792 5.81    5.72     2070  1141   51K   102 35.44   35.37  
c rst  luby svd  vmt  809   357 K 1545      33K   792 5.81    5.72     2070  1144   51K   102 35.45   35.38  
c rst  luby svd  vmt  810   357 K 1545      33K   792 5.81    5.72     2070  1144   51K   102 35.44   35.38  
c rst  luby svd  vmt  811   358 K 1545      33K   792 5.81    5.72     2070  1146   51K   102 35.43   35.37  
c rst  luby svd  vmt  812   358 K 1545      33K   792 5.81    5.72     2070  1146   51K   102 35.43   35.37  
c rst  luby svd  vmt  813   358 K 1545      33K   792 5.81    5.72     2070  1146   51K   102 35.42   35.36  
c rst  luby svd  vmt  814   358 K 1545      33K   792 5.81    5.72     2070  1146   51K   102 35.39   35.33  
c rst  luby svd  vmt  815   358 K 1545      33K   792 5.81    5.72     2070  1146   52K   102 35.38   35.32  
c rst  luby svd  vmt  816   358 K 1545      33K   792 5.81    5.72     2070  1147   52K   102 35.39   35.33  
c rst  luby svd  vmt  817   359 K 1545      33K   792 5.81    5.72     2070  1147   52K   102 35.37   35.31  
c rst  luby svd  vmt  818   359 K 1545      33K   792 5.81    5.72     2070  1148   52K   102 35.40   35.34  
c rst  luby svd  vmt  819   359 K 1545      33K   792 5.81    5.72     2070  1148   52K   102 35.41   35.35  
c rst  luby svd  vmt  820   359 K 1545      33K   792 5.81    5.72     2070  1148   52K   102 35.45   35.39  
c rst  luby svd  vmt  821   359 K 1545      33K   792 5.81    5.72     2070  1150   53K   102 35.46   35.40  
c rst  luby svd  vmt  822   360 K 1545      33K   792 5.81    5.72     2108  1159   37K   102 36.65   36.56  
c rst  luby svd  vmt  823   360 K 1545      33K   792 5.81    5.72     2108  1159   38K   102 36.49   36.41  
c rst  luby svd  vmt  824   362 K 1545      33K   792 5.81    5.72     2108  1166   40K   102 36.77   36.68  
c [distill-bin] useful: 0/792/792 lits-rem: 0 cl-rem: 0 0-depth-assigns: 0 T: 0.00 T-out: N
c rst  luby svd  vmt  825   362 K 1545      33K   792 5.81    5.72     2108  1166   40K   102 36.76   36.68  
c [distill-long-red0] cls tried: 62/62 T: 0.00 T-out: N T-r: 99.91%
c [distill-long-red1] cls tried: 90/821 T: 0.01 T-out: Y T-r: -1.42%
c rst  luby svd  vmt  826   362 K 1545      33K   792 5.81    5.72     2108  1166   40K   102 36.73   36.65  
c rst  luby svd  vmt  827   362 K 1545      33K   792 5.81    5.72     2108  1166   40K   102 36.72   36.64  
c rst  luby svd  vmt  828   362 K 1545      33K   792 5.81    5.72     2108  1166   40K   102 36.70   36.62  
c rst  luby svd  vmt  829   363 K 1545      33K   792 5.81    5.72     2108  1166   40K   102 36.67   36.59  
c rst  geom best vmt  830   363 K 1545      33K   792 5.81    5.72     2108  1168   40K   102 36.66   36.58  
c rst  geom best vmt  831   363 K 1545      33K   792 5.81    5.72     2108  1169   40K   102 36.73   36.65  
c rst  geom best vmt  832   363 K 1545      33K   792 5.81    5.72     2108  1170   41K   102 36.74   36.66  
c rst  geom best vmt  833   363 K 1545      33K   792 5.81    5.72     2108  1170   41K   102 36.75   36.67  
c rst  geom best vmt  834   363 K 1545      33K   792 5.81    5.72     2108  1170   41K   102 36.77   36.69  
c rst  geom best vmt  835   363 K 1545      33K   792 5.81    5.72     2108  1170   41K   102 36.84   36.76  
c rst  geom best vmt  836   364 K 1545      33K   792 5.81    5.72     2108  1173   41K   102 36.86   36.78  
c rst  geom best vmt  837   364 K 1545      33K   792 5.81    5.72     2108  1173   42K   102 36.93   36.85  
c rst  geom best vmt  838   364 K 1545      33K   792 5.81    5.72     2108  1173   42K   102 36.93   36.85  
c rst  geom best vmt  839   364 K 1545      33K   792 5.81    5.72     2108  1173   42K   102 36.98   36.90  
c rst  geom best vmt  840   365 K 1545      33K   792 5.81    5.72     2108  1173   42K   102 37.04   36.96  
c rst  geom best vmt  841   365 K 1545      33K   792 5.81    5.72     2108  1173   43K   102 37.05   36.98  
c rst  geom best vmt  842   365 K 1545      33K   792 5.81    5.72     2108  1173   43K   102 37.08   37.01  
c rst  geom best vmt  843   366 K 1545      33K   792 5.81    5.72     2108  1174   43K   102 37.15   37.07  
c rst  geom best vmt  844   366 K 1545      33K   792 5.81    5.72     2108  1174   44K   102 37.25   37.18  
c rst  geom best vmt  845   366 K 1545      33K   792 5.81    5.72     2108  1174   44K   102 37.23   37.16  
c rst  geom best vmt  846   367 K 1545      33K   792 5.81    5.72     2108  1174   45K   102 37.30   37.23  
c [full-probe]  bin_only: 0 set: 0 repl: 0 T: 0.00 T-out: N T-r: 97.76%
c rst  geom best vmt  847   368 K 1545      33K   792 5.81    5.72     2108  1174   45K   102 37.25   37.18  
c rst  geom best vmt  848   368 K 1545      33K   792 5.81    5.72     2108  1174   46K   102 37.19   37.12  
c rst  geom best vmt  849   369 K 1545      33K   792 5.81    5.72     2108  1174   46K   102 37.08   37.00  
c rst  geom best vmt  850   370 K 1545      33K   792 5.81    5.72     2108  1174   47K   102 36.94   36.87  
c rst  geom best vmt  851   370 K 1545      33K   792 5.81    5.72     2118  1103   48K   102 36.76   36.69  
c rst  geom best vmt  852   371 K 1545      33K   792 5.81    5.72     2118  1103   49K   102 36.91   36.84  
c rst  geom best vmt  853   372 K 1545      33K   792 5.81    5.72     2118  1103   50K   102 36.81   36.74  
c rst  geom stb  vmt  854   373 K 1545      33K   792 5.81    5.72     2119  1105   51K   102 36.90   36.84  
c rst  geom stb  vmt  855   374 K 1545      33K   792 5.81    5.72     2119  1105   52K   102 36.85   36.79  
c rst  geom stb  vmt  856   376 K 1545      33K   792 5.81    5.72     2129  1127   39K   102 35.26   35.18  
c rst  geom stb  vmt  857   377 K 1545      33K   792 5.81    5.72     2129  1129   40K   102 34.90   34.82  
c rst  geom stb  vmt  858   379 K 1545      33K   792 5.81    5.72     2129  1133   42K   102 34.74   34.67  
c [distill-long-red0] cls tried: 19/19 T: 0.00 T-out: N T-r: 99.95%
c [distill-long-red1] cls tried: 78/719 T: 0.01 T-out: Y T-r: -1.76%
c [gauss] XOR-encoding clauses are not detached, so no need to reattach them.
c [g 0] truth-find prop checks  : 1616K
c [g 0] -> of which prop        : 61.66 %
c [g 0] -> of which confl       :  2.17 %
c [g 0] elim called             : 73K
c [g 0] ---> which lead to prop : 75.39 %
c [g 0] ---> which lead to confl:  2.24 %
c [g 0] size: 59    x 485  
c [scc] new: 0 BP 0M T: 0.00
c [vrep] vars 0 lits 0 rem-bin-cls 0 rem-long-cls 0 BP 0M T: 0.00
c [intree] Set 0 vars hyper-added: 0 trans-irred: 0 trans-red: 0 T: 0.00 T-out: N T-r: -1.45%
c [find&init matx] performing matrix init
c [gauss] XOR-encoding clauses are not detached, so no need to reattach them.
c [xor-rem-unconnected] left with 980 xors from 980 non-empty xors T: 0.00
c [xor-together] xored together: 921 orig xors: 980 new xors: 59 T: 0.00
c [xor-rem-unconnected] left with 59 xors from 59 non-empty xors T: 0.00
c [xor-clean-equiv] removed equivalent xors: 0 left with: 59
c [matrix] unused xors from cleaning: 0
c [matrix] Good   matrix 0 59      x485    density:0.1362  xorlen avg: 66.07
c [matrix] Using 1 matrices recovered from 0 xors T: 0.00 T-out: N
c rst  geom stb  vmt  859   380 K 1545      33K   792 5.81    5.72     2141  1074   43K   102 34.58   34.51  
c rst  geom stb  vmt  860   382 K 1545      33K   792 5.81    5.72     2141  1079   45K   102 34.79   34.72  
c [distill-bin] useful: 0/792/792 lits-rem: 0 cl-rem: 0 0-depth-assigns: 0 T: 0.00 T-out: N
c [distill] watch-based irred--  cl tried 8218     cl-sh 0     cl-rem 0    lit-rem 0      T: 0.00 T-out: N
c [distill] watch-based red  --  cl tried 4282     cl-sh 7     cl-rem 0    lit-rem 12     T: 0.00 T-out: N
c rst  geom ibes vmt  861   384 K 1545      33K   792 5.81    5.72     2143  1081   47K   102 34.94   34.88  
c rst  geom ibes vmt  862   386 K 1545      33K   792 5.81    5.72     2143  1084   50K   102 34.84   34.78  
c rst  geom ibes vmt  863   389 K 1545      33K   792 5.81    5.72     2143  1084   52K   102 34.66   34.60  
c [full-probe]  bin_only: 1 set: 0 repl: 0 T: 0.00 T-out: N T-r: 99.81%
c rst  geom ibes vmt  864   392 K 1545      33K   792 5.81    5.72     2159   851   40K   102 33.21   33.14  
c rst  geom svd  vmt  865   395 K 1545      33K   792 5.81    5.72     2159   858   43K   102 34.07   34.00  
c [branch] adjusting to: vsid (from: vmtf) var_decay:0.95 descr: VSIDS
c [distill-long-red0] cls tried: 33/33 T: 0.00 T-out: N T-r: 99.92%
c [distill-long-red1] cls tried: 83/501 T: 0.01 T-out: Y T-r: -2.35%
c rst  geom svd  vs   866   395 K 1545      33K   792 5.81    5.72     2159   860   43K   102 34.12   34.05  
c rst  geom svd  vs   867   395 K 1545      33K   792 5.81    5.72     2159   860   43K   102 34.11   34.05  
c rst  geom svd  vs   868   395 K 1545      33K   792 5.81    5.72     2159   860   44K   102 34.13   34.06  
c rst  geom svd  vs   869   395 K 1545      33K   792 5.81    5.72     2159   860   44K   102 34.15   34.08  
c rst  geom svd  vs   870   395 K 1545      33K   792 5.81    5.72     2159   860   44K   102 34.15   34.08  
c rst  geom svd  vs   871   395 K 1545      33K   792 5.81    5.72     2159   860   44K   102 34.14   34.07  
c rst  geom svd  vs   872   396 K 1545      33K   792 5.81    5.72     2159   860   44K   102 34.16   34.09  
c rst  geom svd  vs   873   396 K 1545      33K   792 5.81    5.72     2159   860   45K   102 34.16   34.10  
c rst  geom svd  vs   874   396 K 1545      33K   792 5.81    5.72     2159   860   45K   102 34.14   34.07  
c rst  geom svd  vs   875   396 K 1545      33K   792 5.81    5.72     2159   860   45K   102 34.07   34.00  
c rst  geom svd  vs   876   397 K 1545      33K   792 5.81    5.72     2159   862   45K   102 34.02   33.95  
c rst  geom svd  vs   877   397 K 1545      33K   792 5.81    5.72     2159   862   46K   102 34.00   33.93  
c rst  geom svd  vs   878   397 K 1545      33K   792 5.81    5.72     2159   862   46K   102 33.99   33.92  
c rst  geom svd  vs   879   397 K 1545      33K   792 5.81    5.72     2159   862   46K   102 33.99   33.92  
c recursive minimization cost OK: 954Kcost/(% lits removed)
c [gauss] XOR-encoding clauses are not detached, so no need to reattach them.
c [g 0] truth-find prop checks  : 400K
c [g 0] -> of which prop        : 69.81 %
c [g 0] -> of which confl       :  2.36 %
c [g 0] elim called             : 12739
c [g 0] ---> which lead to prop : 98.30 %
c [g 0] ---> which lead to confl:  3.39 %
c [g 0] size: 59    x 485  
c --> Executing strategy token: scc-vrepl
c [scc] new: 0 BP 0M T: 0.00
c --> Executing strategy token: sub-impl
c [impl-sub] bin: 0 T: 0.00 T-out: N w-visit: 3098
c --> Executing strategy token: breakid
c --> Executing OCC strategy token(s): 'occ-backw-sub-str,occ-clean-implicit,occ-bve,occ-bva,occ-ternary-res,occ-xor,'
c [occ] mem usage for occur 3      MB
c [occ] Linked in IRRED BIN by default: 792
c [occ] Linked in RED   BIN by default: 102
c [occ] mem usage for occur 0      MB
c Mem for watch alloc      : 12          MB (26.17     %)
c Mem for watch array      : 0           MB (0.14      %)
c --> Executing OCC strategy token: occ-backw-sub-str
c [occ-backw-sub-str-long-w-bins] subs: 0 str: 2 tried: 9476 0-depth ass: 0 T: 0.00 T-out: N T-r: 99.18%
c [occ-backw-sub-long-w-long] rem cl: 49 tried: 83016/83016 (100.0%) T: 0.02 T-out: N T-r: 89.71%
c [occ-backw-sub-str-long-w-long] sub: 0 str: 4 tried: 249048/83016 (300.0)  T: 0.15 T-out: N T-r: 69.99%
c --> Executing OCC strategy token: occ-clean-implicit
c --> Executing OCC strategy token: occ-bve
c [occ-empty-res] Empty resolvent elimed: 0 T: 0.00 T-out: N
c [occ-bve] iter v-elim 0
c cl_inc_rate=1.0, var_dec_rate=1.0 (grow=0)
c Reduced to 1545 vars, 34354 cls (grow=0)
c [occ-bve] iter v-elim 0
c cl_inc_rate=1.0, var_dec_rate=1.0 (grow=8)
c Reduced to 1545 vars, 34354 cls (grow=8)
c [occ-bve] iter v-elim 1
c cl_inc_rate=1.0, var_dec_rate=1.0 (grow=16)
c Reduced to 1544 vars, 34370 cls (grow=16)
c x n vars       : 1544
c #try to eliminate:  4641
c #var-elim        :     1
c #T-o: N
c #T-r: 99.99%
c #T  : 0.20
c [occur] 0.03 is overhead
c [occur] link-in T: 0.03 cleanup T: 0.00
c --> Executing OCC strategy token: occ-bva
c --> Executing OCC strategy token: occ-ternary-res
c [occ-ternary-res] Ternary res-tri: 0 res-bin: 0 sub: 0 str: 0 T: 0.00 T-out: N T-r: 99.79%
c --> Executing OCC strategy token: occ-xor
c [occ-xor] sort occur list T: 0.00
c [xor-clean-equiv] removed equivalent xors: 0 left with: 971
c [occ-xor] found    971 avg sz 5.9 min sz  4 max sz  6 T: 0.01 T-out: N T-r: 99.97%
c --> Executing strategy token: card-find
c --> Executing strategy token: cl-consolidate
c Not consolidating memory.
c --> Executing strategy token: scc-vrepl
c [scc] new: 0 BP 0M T: 0.00
c --> Executing strategy token: renumber
c --> Executing strategy token: bosphorus
c --> Executing strategy token: louvain-comms
c [consolidate] mini T: 0.00
c global_timeout_multiplier: 4.3923
c [branch] rebuilding order heap for all branchings. Current branching: vsid
c [find&init matx] performing matrix init
c [gauss] XOR-encoding clauses are not detached, so no need to reattach them.
c [xor-rem-unconnected] left with 971 xors from 971 non-empty xors T: 0.00
c [xor-together] xored together: 906 orig xors: 971 new xors: 65 T: 0.00
c [xor-rem-unconnected] left with 65 xors from 65 non-empty xors T: 0.00
c [xor-clean-equiv] removed equivalent xors: 0 left with: 65
c [matrix] unused xors from cleaning: 0
c [matrix] Good   matrix  0     65 x  498  density:0.1198  xorlen avg: 59.66
c [matrix] Using 1 matrices recovered from 0 xors T: 0.00 T-out: N
c rst  geom  svd   vs   880  398K    1544   33K   792    5.81    5.72  2121   865   46K   102   34.10   34.03
c rst  geom  svd   vs   881  398K    1544   33K   792    5.81    5.72  2123   865   47K   102   34.18   34.11
c rst  geom  svd   vs   882  399K    1544   33K   792    5.81    5.72  2123   866   47K   102   34.28   34.22
c rst  geom  svd   vs   883  399K    1544   33K   792    5.81    5.72  2123   866   48K   102   34.29   34.22
c [ccnr] tries: 0 steps: 262143 best found: 9
c [ccnr] saving best assignment phase to stable_polar
c [ccnr] bumping based on var unsat frequency: conflict_ct
c [ccnr] Bumped vars: 1549 bump type: 6
c [ccnr] time: 0.27
c rst  geom  svd   vs   884  400K    1544   33K   792    5.81    5.72  2128   789   48K   102   34.28   34.22
c rst  geom  svd   vs   885  400K    1544   33K   792    5.81    5.72  2128   789   49K   102   34.29   34.23
c rst  geom  svd   vs   886  401K    1544   33K   792    5.81    5.72  2128   792   50K   102   34.39   34.32
c rst  geom best   vs   887  402K    1544   33K   792    5.81    5.72  2128   792   50K   102   34.36   34.30
c rst  geom best   vs   888  402K    1544   33K   792    5.81    5.72  2128   792   51K   102   34.23   34.17
c [distill-bin] useful: 0/792/792 lits-rem: 0 cl-rem: 0 0-depth-assigns: 0 T: 0.01 T-out: N
c rst  geom best   vs   889  403K    1544   33K   792    5.81    5.72  2128   793   52K   102   34.34   34.28
c rst  geom best   vs   890  404K    1544   33K   792    5.81    5.72  2128   793   53K   102   34.45   34.40
c [impl-str] lit bin: 0 set-var: 0 T: 0.00 T-out: N T-r: 99.95% w-visit: 3098
c [impl-sub] bin: 0 T: 0.00 T-out: N w-visit: 3098
c rst  geom best   vs   891  405K    1544   33K   792    5.81    5.72  2133   821   39K   102   32.74   32.66
c rst  geom best   vs   892  406K    1544   33K   792    5.81    5.72  2133   822   40K   102   33.08   33.01
c rst  geom best   vs   893  408K    1544   33K   792    5.81    5.72  2133   822   41K   102   33.20   33.13
c [distill] watch-based irred--  cl tried     8724 cl-sh     0 cl-rem    0 lit-rem      0 T: 0.01 T-out: N
c [distill] watch-based   red--  cl tried     4266 cl-sh     8 cl-rem    0 lit-rem     10 T: 0.00 T-out: N
c rst  geom best   vs   894  409K    1544   33K   792    5.81    5.72  2131   822   43K   104   33.20   33.13
c [full-probe]  bin_only: 0 set: 0 repl: 0 T: 0.00 T-out: N T-r: 97.35%
c rst  geom best   vs   895  411K    1544   33K   792    5.81    5.72  2143   759   44K   104   33.46   33.40
c [distill-long-red0] cls tried: 30/30 T: 0.00 T-out: N T-r: 99.93%
c [distill-long-red1] cls tried: 77/399 T: 0.01 T-out: Y T-r: -3.62%
c rst  geom  stb   vs   896  412K    1544   33K   792    5.81    5.72  2143   761   46K   104   33.30   33.23
c rst  geom  stb   vs   897  414K    1544   33K   792    5.81    5.72  2143   766   48K   104   33.30   33.24
c rst  geom  stb   vs   898  416K    1544   33K   792    5.81    5.72  2143   769   50K   104   33.33   33.27
c rst  geom  stb   vs   899  418K    1544   33K   792    5.81    5.72  2143   770   52K   104   33.23   33.18
c rst  geom  stb   vs   900  421K    1544   33K   792    5.81    5.72  2173   799   40K   104   33.46   33.38
c rst  geom ibes   vs   901  424K    1544   33K   792    5.81    5.72  2173   802   42K   104   33.58   33.51
c [distill-bin] useful: 0/792/792 lits-rem: 0 cl-rem: 0 0-depth-assigns: 0 T: 0.01 T-out: N
c rst  geom ibes   vs   902  427K    1544   33K   792    5.81    5.72  2173   806   45K   104   34.02   33.95
c [distill-long-red0] cls tried: 25/25 T: 0.00 T-out: N T-r: 99.93%
c [distill-long-red1] cls tried: 78/378 T: 0.01 T-out: Y T-r: -0.79%
c rst  geom ibes   vs   903  430K    1544   33K   792    5.81    5.72  2184   711   49K   104   34.06   34.00
c [full-probe]  bin_only: 1 set: 0 repl: 0 T: 0.00 T-out: N T-r: 99.81%
c rst  geom ibes   vs   904  434K    1544   33K   792    5.81    5.72  2185   726   52K   104   34.12   34.06
c [distill] watch-based irred--  cl tried     8724 cl-sh     0 cl-rem    0 lit-rem      0 T: 0.00 T-out: N
c [distill] watch-based   red--  cl tried     4369 cl-sh     4 cl-rem    1 lit-rem      6 T: 0.00 T-out: N
c rst  geom  svd   vs   905  438K    1544   33K   792    5.81    5.72  2191   837   41K   104   33.70   33.63
c [branch] adjusting to: vmtf (from: vsid) var_decay:0.95 descr: VMTF
c rst  luby  svd  vmt   906  438K    1544   33K   792    5.81    5.72  2194   845   41K   105   33.69   33.62
c rst  luby  svd  vmt   907  438K    1544   33K   792    5.81    5.72  2195   845   41K   105   33.71   33.64
c rst  luby  svd  vmt   908  438K    1544   33K   792    5.81    5.72  2195   846   42K   105   33.76   33.68
c rst  luby  svd  vmt   909  438K    1544   33K   792    5.81    5.72  2195   846   42K   105   33.77   33.70
c rst  luby  svd  vmt   910  438K    1544   33K   792    5.81    5.72  2195   846   42K   105   33.79   33.72
c rst  luby  svd  vmt   911  438K    1544   33K   792    5.81    5.72  2195   846   42K   105   33.85   33.78
c rst  luby  svd  vmt   912  439K    1544   33K   792    5.81    5.72  2195   846   42K   105   33.95   33.88
c rst  luby  svd  vmt   913  439K    1544   33K   792    5.81    5.72  2195   847   42K   105   33.93   33.86
c rst  luby  svd  vmt   914  439K    1544   33K   792    5.81    5.72  2195   847   43K   105   33.95   33.87
c rst  luby  svd  vmt   915  439K    1544   33K   792    5.81    5.72  2195   847   43K   105   33.98   33.91
c rst  luby  svd  vmt   916  439K    1544   33K   792    5.81    5.72  2195   847   43K   105   33.99   33.92
c rst  luby  svd  vmt   917  439K    1544   33K   792    5.81    5.72  2195   847   43K   105   34.03   33.96
c rst  luby  svd  vmt   918  440K    1544   33K   792    5.81    5.72  2234   786   43K   105   34.09   34.02
c rst  luby  svd  vmt   919  440K    1544   33K   792    5.81    5.72  2234   790   44K   105   34.13   34.06
c rst  luby  svd  vmt   920  441K    1544   33K   792    5.81    5.72  2234   797   44K   105   34.21   34.14
c rst  luby  svd  vmt   921  441K    1544   33K   792    5.81    5.72  2234   797   44K   105   34.24   34.17
c rst  luby  svd  vmt   922  441K    1544   33K   792    5.81    5.72  2234   797   45K   105   34.25   34.18
c rst  luby  svd  vmt   923  441K    1544   33K   792    5.81    5.72  2234   797   45K   105   34.25   34.18
c rst  luby  svd  vmt   924  441K    1544   33K   792    5.81    5.72  2235   800   45K   105   34.26   34.19
c rst  luby  svd  vmt   925  441K    1544   33K   792    5.81    5.72  2235   800   45K   105   34.29   34.22
c rst  luby  svd  vmt   926  442K    1544   33K   792    5.81    5.72  2235   800   45K   105   34.29   34.22
c rst  luby  svd  vmt   927  442K    1544   33K   792    5.81    5.72  2235   800   46K   105   34.38   34.32
c [distill-long-red0] cls tried: 56/56 T: 0.00 T-out: N T-r: 99.88%
c [distill-long-red1] cls tried: 86/346 T: 0.01 T-out: Y T-r: -1.55%
c rst  luby  svd  vmt   928  442K    1544   33K   792    5.81    5.72  2235   800   46K   105   34.39   34.32
c rst  luby  svd  vmt   929  442K    1544   33K   792    5.81    5.72  2235   801   46K   105   34.41   34.34
c rst  luby  svd  vmt   930  442K    1544   33K   792    5.81    5.72  2235   801   46K   105   34.42   34.35
c rst  luby  svd  vmt   931  443K    1544   33K   792    5.81    5.72  2235   801   46K   105   34.43   34.36
c rst  luby  svd  vmt   932  443K    1544   33K   792    5.81    5.72  2235   801   46K   105   34.43   34.37
c rst  luby  svd  vmt   933  443K    1544   33K   792    5.81    5.72  2235   805   46K   105   34.44   34.37
c rst  luby  svd  vmt   934  443K    1544   33K   792    5.81    5.72  2235   805   47K   105   34.43   34.37
c [ccnr] tries: 0 steps: 262143 best found: 11
c [ccnr] saving best assignment phase to stable_polar
c [ccnr] bumping based on clause weights
c [ccnr] Bumped vars: 102 bump type: 6
c [ccnr] time: 0.28
c rst  geom best  vmt   935  443K    1544   33K   792    5.81    5.72  2235   805   47K   105   34.40   34.33
c rst  geom best  vmt   936  443K    1544   33K   792    5.81    5.72  2235   808   47K   105   34.38   34.32
c rst  geom best  vmt   937  444K    1544   33K   792    5.81    5.72  2235   809   47K   105   34.37   34.30
c [gauss] XOR-encoding clauses are not detached, so no need to reattach them.
c [g 0] truth-find prop checks  : 1260K
c [g 0] -> of which prop        : 65.48 %
c [g 0] -> of which confl       :  1.58 %
c [g 0] elim called             : 49K
c [g 0] ---> which lead to prop : 97.77 %
c [g 0] ---> which lead to confl:  2.30 %
c [g 0] size: 65    x 498  
c [scc] new: 0 BP 0M T: 0.00
c [vrep] vars 0 lits 0 rem-bin-cls 0 rem-long-cls 0 BP 0M T: 0.00
c [intree] Set 0 vars hyper-added: 2 trans-irred: 0 trans-red: 2 T: 0.01 T-out: N T-r: -0.74%
c [find&init matx] performing matrix init
c [gauss] XOR-encoding clauses are not detached, so no need to reattach them.
c [xor-rem-unconnected] left with 971 xors from 971 non-empty xors T: 0.00
c [xor-together] xored together: 906 orig xors: 971 new xors: 65 T: 0.00
c [xor-rem-unconnected] left with 65 xors from 65 non-empty xors T: 0.00
c [xor-clean-equiv] removed equivalent xors: 0 left with: 65
c [matrix] unused xors from cleaning: 0
c [matrix] Good   matrix 0 65      x498    density:0.1198  xorlen avg: 59.66
c [matrix] Using 1 matrices recovered from 0 xors T: 0.00 T-out: N
c rst  geom best vmt  938   444 K 1544      33K   792 5.81    5.72     2235   819   47K   105 34.32   34.26  
c [distill-bin] useful: 0/792/792 lits-rem: 0 cl-rem: 0 0-depth-assigns: 0 T: 0.00 T-out: N
c rst  geom best vmt  939   444 K 1544      33K   792 5.81    5.72     2235   820   47K   105 34.30   34.23  
c rst  geom best vmt  940   444 K 1544      33K   792 5.81    5.72     2235   828   48K   105 34.25   34.18  
c rst  geom best vmt  941   444 K 1544      33K   792 5.81    5.72     2235   830   48K   105 34.22   34.15  
c rst  geom best vmt  942   445 K 1544      33K   792 5.81    5.72     2235   830   48K   105 34.16   34.09  
c rst  geom best vmt  943   445 K 1544      33K   792 5.81    5.72     2235   830   48K   105 34.10   34.03  
c rst  geom best vmt  944   445 K 1544      33K   792 5.81    5.72     2235   831   49K   105 34.01   33.95  
c rst  geom best vmt  945   445 K 1544      33K   792 5.81    5.72     2235   832   49K   105 33.91   33.84  
c rst  geom best vmt  946   446 K 1544      33K   792 5.81    5.72     2235   836   49K   105 33.84   33.78  
c rst  geom best vmt  947   446 K 1544      33K   792 5.81    5.72     2236   848   49K   105 33.91   33.85  
c rst  geom best vmt  948   446 K 1544      33K   792 5.81    5.72     2241   882   50K   105 33.80   33.74  
c rst  geom best vmt  949   447 K 1544      33K   792 5.81    5.72     2241   894   50K   105 33.77   33.71  
c rst  geom best vmt  950   447 K 1544      33K   792 5.81    5.72     2241   894   51K   105 33.63   33.57  
c rst  geom best vmt  951   448 K 1544      33K   792 5.81    5.72     2243   902   51K   105 33.52   33.46  
c [g  <0] Disabling GJ-elim in this round.  Usefulness was: 19.7948%  over 241861 calls
c rst  geom best vmt  952   448 K 1544      33K   792 5.81    5.72     2246   913   52K   105 33.53   33.47  
c rst  geom best vmt  953   449 K 1544      33K   792 5.81    5.72     2250   924   52K   105 33.38   33.32  
c rst  geom best vmt  954   449 K 1544      33K   792 5.81    5.72     2250   929   53K   105 33.23   33.18  
c rst  geom best vmt  955   450 K 1544      33K   792 5.81    5.72     2486   993   37K   105 31.82   31.74  
c [full-probe]  bin_only: 0 set: 0 repl: 0 T: 0.00 T-out: N T-r: 98.29%
c rst  geom best vmt  956   451 K 1544      33K   792 5.81    5.72     2486  1001   38K   105 31.50   31.42  
c rst  geom best vmt  957   452 K 1544      33K   792 5.81    5.72     2487  1023   39K   105 31.20   31.12  
c rst  geom best vmt  958   453 K 1544      33K   792 5.81    5.72     2487  1032   40K   105 30.86   30.79  
c rst  geom stb  vmt  959   454 K 1544      33K   792 5.81    5.72     2487  1037   41K   105 30.49   30.42  
c rst  geom stb  vmt  960   455 K 1544      33K   792 5.81    5.72     2487  1042   42K   105 30.12   30.06  
c rst  geom stb  vmt  961   456 K 1544      33K   792 5.81    5.72     2487  1046   43K   105 29.81   29.75  
c rst  geom stb  vmt  962   458 K 1544      33K   792 5.81    5.72     2487  1058   45K   105 29.54   29.48  
c [distill-long-red0] cls tried: 196/196 T: 0.01 T-out: N T-r: 99.65%
c [distill-long-red1] cls tried: 57/557 T: 0.01 T-out: Y T-r: -2.32%
c rst  geom stb  vmt  963   459 K 1544      33K   792 5.81    5.72     2487  1065   46K   105 29.06   29.00  
c [distill] watch-based irred--  cl tried 8724     cl-sh 0     cl-rem 0    lit-rem 0      T: 0.01 T-out: N
c [distill] watch-based red  --  cl tried 4974     cl-sh 8     cl-rem 0    lit-rem 13     T: 0.00 T-out: N
c rst  geom stb  vmt  964   461 K 1544      33K   792 5.81    5.72     2885   657   48K   105 28.65   28.60  
c rst  geom stb  vmt  965   463 K 1544      33K   792 5.81    5.72     2885   678   50K   105 28.28   28.23  
c rst  geom ibes vmt  966   465 K 1544      33K   792 5.81    5.72     3055   964   37K   105 25.58   25.52  
c [distill-bin] useful: 0/792/792 lits-rem: 0 cl-rem: 0 0-depth-assigns: 0 T: 0.00 T-out: N
c [impl-str] lit bin: 0 set-var: 0 T: 0.00 T-out: N T-r: 99.96% w-visit: 3098
c [impl-sub] bin: 1 T: 0.00 T-out: N w-visit: 3098
c rst  geom ibes vmt  967   467 K 1544      33K   792 5.81    5.72     3055   995   40K   104 25.37   25.32  
c rst  geom ibes vmt  968   470 K 1544      33K   792 5.81    5.72     3175   879   42K   104 24.95   24.90  
c rst  geom ibes vmt  969   472 K 1544      33K   792 5.81    5.72     3175   902   45K   104 24.49   24.44  
c [full-probe]  bin_only: 1 set: 0 repl: 0 T: 0.00 T-out: N T-r: 99.83%
c rst  geom ibes vmt  970   475 K 1544      33K   792 5.81    5.72     3177   942   48K   104 24.05   24.01  
c [distill-long-red0] cls tried: 426/426 T: 0.03 T-out: N T-r: 98.81%
c [distill-long-red1] cls tried: 33/633 T: 0.01 T-out: Y T-r: -6.39%
c rst  geom svd  vmt  971   479 K 1544      33K   792 5.81    5.72     3177   963   51K   104 23.59   23.55  
c rst  geom svd  vmt  972   482 K 1544      33K   792 5.81    5.72     3318  1392   40K   104 18.98   18.94  
c rst  geom svd  vmt  973   486 K 1544      33K   792 5.81    5.72     3327  1631   44K   104 18.84   18.80  
c [branch] adjusting to: vsid (from: vmtf) var_decay:0.95 descr: VSIDS
c [distill-bin] useful: 0/792/792 lits-rem: 0 cl-rem: 0 0-depth-assigns: 0 T: 0.00 T-out: N
c [distill] watch-based irred--  cl tried 8724     cl-sh 0     cl-rem 0    lit-rem 0      T: 0.01 T-out: N
c [distill] watch-based red  --  cl tried 6654     cl-sh 23    cl-rem 0    lit-rem 34     T: 0.01 T-out: N
c rst  geom best vs   974   486 K 1544      33K   792 5.81    5.72     3327  1633   44K   104 18.92   18.89  
c rst  geom best vs   975   486 K 1544      33K   792 5.81    5.72     3327  1634   44K   104 18.99   18.95  
c rst  geom best vs   976   487 K 1544      33K   792 5.81    5.72     3328  1635   44K   104 19.06   19.03  
c rst  geom best vs   977   487 K 1544      33K   792 5.81    5.72     3328  1638   44K   104 19.16   19.12  
c rst  geom best vs   978   487 K 1544      33K   792 5.81    5.72     3328  1642   44K   104 19.24   19.21  
c rst  geom best vs   979   487 K 1544      33K   792 5.81    5.72     3328  1644   45K   104 19.35   19.32  
c rst  geom best vs   980   487 K 1544      33K   792 5.81    5.72     3328  1649   45K   104 19.41   19.38  
c [ccnr] tries: 0 steps: 262143 best found: 10
c [ccnr] saving best assignment phase to stable_polar
c [ccnr] bumping based on var unsat frequency: conflict_ct
c [ccnr] Bumped vars: 1549 bump type: 6
c [ccnr] time: 0.27
c rst  geom best vs   981   488 K 1544      33K   792 5.81    5.72     3328  1659   45K   104 19.55   19.51  
c rst  geom best vs   982   488 K 1544      33K   792 5.81    5.72     3328  1664   45K   104 19.68   19.64  
c rst  geom best vs   983   488 K 1544      33K   792 5.81    5.72     3328  1667   45K   104 19.75   19.72  
c rst  geom best vs   984   488 K 1544      33K   792 5.81    5.72     3328  1668   46K   104 19.91   19.87  
c rst  geom best vs   985   489 K 1544      33K   792 5.81    5.72     3328  1672   46K   104 20.11   20.07  
c rst  geom best vs   986   489 K 1544      33K   792 5.81    5.72     3328  1678   47K   104 20.21   20.18  
c rst  geom best vs   987   490 K 1544      33K   792 5.81    5.72     3605  1371   47K   104 20.38   20.34  
c rst  geom best vs   988   490 K 1544      33K   792 5.81    5.72     3605  1375   47K   104 20.55   20.51  
c rst  geom best vs   989   491 K 1544      33K   792 5.81    5.72     3605  1376   48K   104 20.79   20.75  
c [distill-long-red0] cls tried: 407/407 T: 0.06 T-out: N T-r: 97.49%
c [distill-long-red1] cls tried: 21/1095 T: 0.01 T-out: Y T-r: -13.46%
c rst  geom best vs   990   491 K 1544      33K   792 5.81    5.72     3605  1377   48K   104 20.94   20.90  
c rst  geom best vs   991   492 K 1544      33K   792 5.81    5.72     3606  1396   49K   104 21.14   21.10  
c rst  geom best vs   992   492 K 1544      33K   792 5.81    5.72     3606  1401   50K   104 21.39   21.35  
c [full-probe]  bin_only: 0 set: 0 repl: 0 T: 0.00 T-out: N T-r: 97.77%
c rst  geom best vs   993   493 K 1544      33K   792 5.81    5.72     3606  1408   50K   106 21.54   21.50  
c rst  geom best vs   994   494 K 1544      33K   792 5.81    5.72     3606  1412   51K   106 21.70   21.66  
c rst  geom best vs   995   495 K 1544      33K   792 5.81    5.72     3688  2202   37K   106 21.41   21.37  
c rst  geom best vs   996   496 K 1544      33K   792 5.81    5.72     3688  2213   38K   106 21.69   21.65  
c rst  geom best vs   997   497 K 1544      33K   792 5.81    5.72     3688  2220   39K   106 22.28   22.24  
c rst  geom stb  vs   998   498 K 1544      33K   792 5.81    5.72     3691  2238   40K   106 22.76   22.71  
c rst  geom stb  vs   999   499 K 1544      33K   792 5.81    5.72     3693  2255   41K   106 23.03   22.98  
c rst  geom stb  vs   1000  501 K 1544      33K   792 5.81    5.72     3762  2199   43K   106 23.42   23.37  
c rst  geom stb  vs   1001  502 K 1544      33K   792 5.81    5.72     3762  2213   44K   106 23.81   23.77  
c rst  geom stb  vs   1002  504 K 1544      33K   792 5.81    5.72     3762  2224   46K   106 24.18   24.13  
c rst  geom stb  vs   1003  506 K 1544      33K   792 5.81    5.72     3762  2240   48K   106 24.41   24.37  
c [distill-long-red0] cls tried: 155/155 T: 0.02 T-out: N T-r: 99.34%
c [distill-long-red1] cls tried: 27/1942 T: 0.01 T-out: Y T-r: -5.76%
c rst  geom stb  vs   1004  508 K 1544      33K   792 5.81    5.72     3762  2247   50K   106 24.76   24.72  
c [distill-bin] useful: 0/792/792 lits-rem: 0 cl-rem: 0 0-depth-assigns: 0 T: 0.01 T-out: N
c rst  geom ibes vs   1005  510 K 1544      33K   792 5.81    5.72     3831  2396   38K   106 27.87   27.81  
c [gauss] XOR-encoding clauses are not detached, so no need to reattach them.
c [g 0] truth-find prop checks  : 190K
c [g 0] -> of which prop        : 21.16 %
c [g 0] -> of which confl       :  1.25 %
c [g 0] elim called             : 23K
c [g 0] ---> which lead to prop : 21.97 %
c [g 0] ---> which lead to confl:  0.40 %
c [g 0] size: 65    x 498  
c [scc] new: 1 BP 0M T: 0.00
c [vrep] vars 1 lits 1186 rem-bin-cls 6 rem-long-cls 0 BP 0M T: 0.00
c [scc] new: 0 BP 0M T: 0.00
c [vrep] vars 0 lits 0 rem-bin-cls 0 rem-long-cls 0 BP 0M T: 0.00
c [intree] Set 0 vars hyper-added: 5 trans-irred: 0 trans-red: 1 T: 0.01 T-out: N T-r: -2.24%
c [find&init matx] performing matrix init
c [gauss] XOR-encoding clauses are not detached, so no need to reattach them.
c [xor-rem-unconnected] left with 971 xors from 971 non-empty xors T: 0.00
c [xor-together] xored together: 906 orig xors: 971 new xors: 65 T: 0.00
c [xor-rem-unconnected] left with 65 xors from 65 non-empty xors T: 0.00
c [xor-clean-equiv] removed equivalent xors: 0 left with: 65
c [matrix] unused xors from cleaning: 0
c [matrix] Good   matrix 0 65      x497    density:0.1200  xorlen avg: 59.66
c [matrix] Using 1 matrices recovered from 0 xors T: 0.00 T-out: N
c rst  geom ibes vs   1006  512 K 1543      33K   792 5.81    5.72     3832  2402   40K   106 28.23   28.17  
c [full-probe]  bin_only: 1 set: 0 repl: 0 T: 0.00 T-out: N T-r: 99.80%
c [distill] watch-based irred--  cl tried 8724     cl-sh 0     cl-rem 0    lit-rem 0      T: 0.01 T-out: N
c [distill] watch-based red  --  cl tried 7663     cl-sh 61    cl-rem 1    lit-rem 110    T: 0.01 T-out: N
c rst  geom ibes vs   1007  515 K 1543      33K   792 5.81    5.72     3831  2414   43K   106 28.55   28.49  
c rst  geom ibes vs   1008  518 K 1543      33K   792 5.81    5.72     3831  2416   46K   106 28.72   28.67  
c rst  geom svd  vs   1009  521 K 1543      33K   792 5.81    5.72     3845  2369   49K   106 29.04   28.99  
c [distill-long-red0] cls tried: 110/110 T: 0.00 T-out: N T-r: 99.82%
c [distill-long-red1] cls tried: 42/2121 T: 0.01 T-out: Y T-r: -6.02%
c rst  geom svd  vs   1010  525 K 1543      33K   792 5.81    5.72     3848  2486   38K   106 33.69   33.62  
c [impl-str] lit bin: 0 set-var: 0 T: 0.00 T-out: N T-r: 99.96% w-visit: 3098
c [impl-sub] bin: 1 T: 0.00 T-out: N w-visit: 3098
c rst  geom svd  vs   1011  529 K 1543      33K   791 5.81    5.72     3848  2486   42K   106 34.10   34.03  
c [distill-bin] useful: 1/791/791 lits-rem: 0 cl-rem: 1 0-depth-assigns: 0 T: 0.01 T-out: N
c rst  geom best vs   1012  533 K 1543      33K   790 5.81    5.72     3862  2395   46K   106 34.28   34.21  
c [full-probe]  bin_only: 0 set: 0 repl: 0 T: 0.01 T-out: N T-r: 96.52%
c [ccnr] tries: 0 steps: 262143 best found: 11
c [ccnr] saving best assignment phase to stable_polar
c [ccnr] bumping based on var unsat frequency: conflict_ct
c [ccnr] Bumped vars: 1549 bump type: 6
c [ccnr] time: 0.28
c rst  geom best vs   1013  538 K 1543      33K   790 5.81    5.72     3862  2408   51K   106 34.75   34.69  
c [distill-long-red0] cls tried: 17/17 T: 0.00 T-out: N T-r: 99.97%
c [distill-long-red1] cls tried: 52/2133 T: 0.01 T-out: Y T-r: -3.68%
c [distill] watch-based irred--  cl tried 8724     cl-sh 0     cl-rem 0    lit-rem 0      T: 0.00 T-out: N
c [distill] watch-based red  --  cl tried 7724     cl-sh 5     cl-rem 0    lit-rem 7      T: 0.00 T-out: N
c rst  geom best vs   1014  544 K 1543      33K   790 5.81    5.72     3874  2302   42K   106 32.77   32.70  
c [branch] adjusting to: vmtf (from: vsid) var_decay:0.95 descr: VMTF
c rst  luby stb  vmt  1015  544 K 1543      33K   790 5.81    5.72     3879  2309   42K   108 32.82   32.75  
c rst  luby stb  vmt  1016  544 K 1543      33K   790 5.81    5.72     3880  2314   42K   108 32.88   32.82  
c rst  luby stb  vmt  1017  544 K 1543      33K   790 5.81    5.72     3880  2316   42K   108 32.92   32.85  
c rst  luby stb  vmt  1018  544 K 1543      33K   790 5.81    5.72     3880  2316   43K   108 32.93   32.86  
c rst  luby stb  vmt  1019  544 K 1543      33K   790 5.81    5.72     3880  2316   43K   108 32.94   32.88  
c rst  luby stb  vmt  1020  544 K 1543      33K   790 5.81    5.72     3881  2316   43K   108 32.97   32.90  
c rst  luby stb  vmt  1021  545 K 1543      33K   790 5.81    5.72     3881  2318   43K   108 33.01   32.94  
c rst  luby stb  vmt  1022  545 K 1543      33K   790 5.81    5.72     3881  2319   43K   108 33.03   32.96  
c rst  luby stb  vmt  1023  545 K 1543      33K   790 5.81    5.72     3881  2320   43K   108 33.04   32.98  
c rst  luby stb  vmt  1024  545 K 1543      33K   790 5.81    5.72     3881  2320   44K   108 33.09   33.02  
c rst  luby stb  vmt  1025  545 K 1543      33K   790 5.81    5.72     3881  2320   44K   108 33.13   33.06  
c rst  luby stb  vmt  1026  545 K 1543      33K   790 5.81    5.72     3881  2321   44K   108 33.13   33.06  
c rst  luby stb  vmt  1027  546 K 1543      33K   790 5.81    5.72     3881  2322   44K   108 33.16   33.09  
c rst  luby stb  vmt  1028  546 K 1543      33K   790 5.81    5.72     3881  2323   44K   108 33.25   33.18  
c rst  luby stb  vmt  1029  547 K 1543      33K   790 5.81    5.72     3881  2326   45K   108 33.37   33.31  
c rst  luby stb  vmt  1030  547 K 1543      33K   790 5.81    5.72     3881  2326   45K   108 33.38   33.32  
c rst  luby stb  vmt  1031  547 K 1543      33K   790 5.81    5.72     3881  2327   45K   108 33.39   33.32  
c rst  luby stb  vmt  1032  547 K 1543      33K   790 5.81    5.72     3881  2328   46K   108 33.45   33.39  
c rst  luby stb  vmt  1033  547 K 1543      33K   790 5.81    5.72     3881  2328   46K   108 33.46   33.40  
c rst  luby stb  vmt  1034  547 K 1543      33K   790 5.81    5.72     3881  2329   46K   108 33.47   33.41  
c rst  luby stb  vmt  1035  548 K 1543      33K   790 5.81    5.72     3882  2334   46K   108 33.49   33.43  
c rst  luby stb  vmt  1036  548 K 1543      33K   790 5.81    5.72     3882  2336   46K   108 33.54   33.48  
c rst  luby stb  vmt  1037  548 K 1543      33K   790 5.81    5.72     3882  2336   47K   108 33.57   33.50  
c rst  luby stb  vmt  1038  548 K 1543      33K   790 5.81    5.72     3882  2336   47K   108 33.57   33.51  
c rst  luby stb  vmt  1039  548 K 1543      33K   790 5.81    5.72     3882  2337   47K   108 33.63   33.57  
c rst  luby stb  vmt  1040  549 K 1543      33K   790 5.81    5.72     3882  2338   47K   108 33.67   33.60  
c rst  luby stb  vmt  1041  549 K 1543      33K   790 5.81    5.72     3882  2339   47K   108 33.70   33.64  
c rst  luby stb  vmt  1042  549 K 1543      33K   790 5.81    5.72     3882  2342   47K   108 33.81   33.74  
c rst  luby stb  vmt  1043  549 K 1543      33K   790 5.81    5.72     3882  2342   48K   108 33.87   33.81  
c [distill-bin] useful: 0/790/790 lits-rem: 0 cl-rem: 0 0-depth-assigns: 0 T: 0.01 T-out: N
c rst  luby stb  vmt  1044  550 K 1543      33K   790 5.81    5.72     3905  1977   49K   108 34.09   34.02  
c rst  luby stb  vmt  1045  552 K 1543      33K   790 5.81    5.72     3905  1982   50K   108 34.29   34.23  
c rst  luby stb  vmt  1046  552 K 1543      33K   790 5.81    5.72     3905  1982   50K   108 34.31   34.25  
c rst  luby stb  vmt  1047  552 K 1543      33K   790 5.81    5.72     3905  1982   51K   108 34.31   34.25  
c rst  luby stb  vmt  1048  552 K 1543      33K   790 5.81    5.72     3905  1983   51K   108 34.33   34.27  
c rst  luby stb  vmt  1049  552 K 1543      33K   790 5.81    5.72     3905  1983   51K   108 34.34   34.28  
c rst  luby stb  vmt  1050  552 K 1543      33K   790 5.81    5.72     3905  1983   51K   108 34.35   34.29  
c rst  luby stb  vmt  1051  552 K 1543      33K   790 5.81    5.72     3905  1984   51K   108 34.38   34.32  
c rst  luby stb  vmt  1052  553 K 1543      33K   790 5.81    5.72     3905  1992   52K   108 34.41   34.34  
c rst  luby stb  vmt  1053  553 K 1543      33K   790 5.81    5.72     3906  1993   52K   108 34.40   34.34  
c rst  luby stb  vmt  1054  553 K 1543      33K   790 5.81    5.72     3906  1993   52K   108 34.46   34.40  
c rst  luby stb  vmt  1055  553 K 1543      33K   790 5.81    5.72     3906  1995   52K   108 34.48   34.42  
c rst  luby stb  vmt  1056  553 K 1543      33K   790 5.81    5.72     3906  1995   52K   108 34.50   34.44  
c [distill-long-red0] cls tried: 49/49 T: 0.00 T-out: N T-r: 99.90%
c [distill-long-red1] cls tried: 67/1718 T: 0.01 T-out: Y T-r: -1.07%
c rst  luby stb  vmt  1057  553 K 1543      33K   790 5.81    5.72     3906  1995   52K   108 34.53   34.47  
c [full-probe]  bin_only: 1 set: 0 repl: 0 T: 0.00 T-out: N T-r: 99.76%
c rst  luby stb  vmt  1058  554 K 1543      33K   790 5.81    5.72     3906  1999   52K   108 34.55   34.49  
c rst  luby stb  vmt  1059  554 K 1543      33K   790 5.81    5.72     3906  2000   53K   108 34.59   34.53  
c rst  luby stb  vmt  1060  555 K 1543      33K   790 5.81    5.72     3909  2078   38K   108 34.28   34.20  
c rst  luby ibes vmt  1061  555 K 1543      33K   790 5.81    5.72     3909  2078   38K   108 34.29   34.22  
c rst  luby ibes vmt  1062  555 K 1543      33K   790 5.81    5.72     3909  2078   39K   108 34.31   34.23  
c rst  luby ibes vmt  1063  555 K 1543      33K   790 5.81    5.72     3909  2078   39K   108 34.31   34.23  
c rst  luby ibes vmt  1064  555 K 1543      33K   790 5.81    5.72     3909  2078   39K   108 34.31   34.24  
c rst  luby ibes vmt  1065  556 K 1543      33K   790 5.81    5.72     3909  2078   39K   108 34.30   34.22  
c rst  luby ibes vmt  1066  556 K 1543      33K   790 5.81    5.72     3909  2078   39K   108 34.37   34.29  
c rst  luby ibes vmt  1067  556 K 1543      33K   790 5.81    5.72     3909  2078   40K   108 34.39   34.32  
c rst  luby ibes vmt  1068  556 K 1543      33K   790 5.81    5.72     3909  2079   40K   108 34.41   34.33  
c rst  luby ibes vmt  1069  556 K 1543      33K   790 5.81    5.72     3909  2079   40K   108 34.42   34.35  
c rst  luby ibes vmt  1070  557 K 1543      33K   790 5.81    5.72     3909  2079   40K   108 34.40   34.33  
c rst  luby ibes vmt  1071  557 K 1543      33K   790 5.81    5.72     3909  2082   40K   108 34.41   34.33  
c rst  luby ibes vmt  1072  557 K 1543      33K   790 5.81    5.72     3909  2084   40K   108 34.40   34.32  
c rst  luby ibes vmt  1073  557 K 1543      33K   790 5.81    5.72     3909  2084   40K   108 34.39   34.31  
c rst  luby ibes vmt  1074  557 K 1543      33K   790 5.81    5.72     3909  2085   41K   108 34.41   34.34  
c rst  luby ibes vmt  1075  558 K 1543      33K   790 5.81    5.72     3909  2091   42K   108 34.42   34.35  
c rst  luby ibes vmt  1076  560 K 1543      33K   790 5.81    5.72     3944   926   44K   108 34.53   34.46  
c rst  luby ibes vmt  1077  563 K 1543      33K   790 5.81    5.72     3957  1059   47K   109 34.13   34.07  
c rst  luby ibes vmt  1078  563 K 1543      33K   790 5.81    5.72     3957  1060   47K   109 34.16   34.09  
c rst  luby ibes vmt  1079  563 K 1543      33K   790 5.81    5.72     3957  1060   48K   109 34.14   34.07  
c rst  luby ibes vmt  1080  563 K 1543      33K   790 5.81    5.72     3957  1062   48K   109 34.10   34.04  
c [distill] watch-based irred--  cl tried 8723     cl-sh 0     cl-rem 1    lit-rem 0      T: 0.01 T-out: N
c [distill] watch-based red  --  cl tried 7907     cl-sh 17    cl-rem 7    lit-rem 38     T: 0.00 T-out: N
c rst  luby ibes vmt  1081  563 K 1543      33K   791 5.81    5.72     3950  1067   48K   108 34.09   34.02  
c rst  luby ibes vmt  1082  564 K 1543      33K   791 5.81    5.72     3950  1069   48K   108 34.09   34.03  
c rst  luby ibes vmt  1083  564 K 1543      33K   791 5.81    5.72     3950  1069   48K   108 34.06   34.00  
c rst  luby ibes vmt  1084  564 K 1543      33K   791 5.81    5.72     3952  1071   49K   108 33.96   33.89  
c rst  luby ibes vmt  1085  564 K 1543      33K   791 5.81    5.72     3952  1073   49K   108 33.94   33.88  
c rst  luby ibes vmt  1086  564 K 1543      33K   791 5.81    5.72     3952  1074   49K   108 33.93   33.87  
c rst  luby ibes vmt  1087  565 K 1543      33K   791 5.81    5.72     3954  1080   49K   108 33.87   33.81  
c rst  luby ibes vmt  1088  565 K 1543      33K   791 5.81    5.72     3956  1080   49K   108 33.85   33.78  
c rst  luby ibes vmt  1089  565 K 1543      33K   791 5.81    5.72     3956  1083   49K   108 33.82   33.75  
c rst  luby ibes vmt  1090  565 K 1543      33K   791 5.81    5.72     3956  1085   49K   108 33.79   33.72  
c rst  luby ibes vmt  1091  565 K 1543      33K   791 5.81    5.72     3957  1092   50K   108 33.67   33.61  
c rst  luby ibes vmt  1092  566 K 1543      33K   791 5.81    5.72     3957  1102   50K   108 33.41   33.34  
c rst  luby svd  vmt  1093  566 K 1543      33K   791 5.81    5.72     3957  1103   51K   108 33.38   33.32  
c rst  luby svd  vmt  1094  566 K 1543      33K   791 5.81    5.72     3957  1103   51K   108 33.35   33.29  
c rst  luby svd  vmt  1095  567 K 1543      33K   791 5.81    5.72     3957  1107   51K   108 33.30   33.24  
c rst  luby svd  vmt  1096  567 K 1543      33K   791 5.81    5.72     3957  1107   51K   108 33.29   33.23  
c rst  luby svd  vmt  1097  567 K 1543      33K   791 5.81    5.72     3958  1109   51K   108 33.26   33.20  
c rst  luby svd  vmt  1098  567 K 1543      33K   791 5.81    5.72     3958  1115   51K   108 33.21   33.15  
c rst  luby svd  vmt  1099  567 K 1543      33K   791 5.81    5.72     3958  1118   52K   108 33.09   33.03  
c rst  luby svd  vmt  1100  567 K 1543      33K   791 5.81    5.72     3958  1118   52K   108 33.07   33.02  
c rst  luby svd  vmt  1101  568 K 1543      33K   791 5.81    5.72     3958  1118   52K   108 33.06   33.00  
c rst  luby svd  vmt  1102  568 K 1543      33K   791 5.81    5.72     3958  1118   52K   108 33.00   32.94  
c rst  luby svd  vmt  1103  568 K 1543      33K   791 5.81    5.72     3958  1121   52K   108 32.97   32.91  
c rst  luby svd  vmt  1104  568 K 1543      33K   791 5.81    5.72     3958  1121   52K   108 32.95   32.89  
c rst  luby svd  vmt  1105  568 K 1543      33K   791 5.81    5.72     3958  1124   52K   108 32.94   32.88  
c rst  luby svd  vmt  1106  569 K 1543      33K   791 5.81    5.72     3958  1131   53K   108 32.83   32.77  
c [distill-long-red0] cls tried: 63/63 T: 0.00 T-out: N T-r: 99.91%
c [distill-long-red1] cls tried: 71/936 T: 0.01 T-out: Y T-r: -2.12%
c rst  luby svd  vmt  1107  569 K 1543      33K   791 5.81    5.72     3958  1136   54K   108 32.69   32.64  
c [distill-bin] useful: 1/791/791 lits-rem: 0 cl-rem: 0 0-depth-assigns: 1 T: 0.01 T-out: N
c rst  luby svd  vmt  1108  571 K 1542      33K   789 5.81    5.72     4146  1344   40K   108 31.12   31.06  
c rst  luby svd  vmt  1109  571 K 1542      33K   789 5.81    5.72     4146  1344   40K   108 31.10   31.03  
c rst  luby svd  vmt  1110  571 K 1542      33K   789 5.81    5.72     4146  1346   40K   108 31.08   31.01  
c rst  luby svd  vmt  1111  571 K 1542      33K   789 5.81    5.72     4146  1346   41K   108 31.02   30.95  
c rst  luby svd  vmt  1112  571 K 1542      33K   789 5.81    5.72     4146  1348   41K   108 30.99   30.93  
c rst  luby svd  vmt  1113  572 K 1542      33K   789 5.81    5.72     4147  1352   41K   108 30.97   30.91  
c rst  luby svd  vmt  1114  572 K 1542      33K   789 5.81    5.72     4147  1353   41K   108 30.93   30.87  
c rst  luby svd  vmt  1115  572 K 1542      33K   789 5.81    5.72     4147  1361   41K   108 30.98   30.92  
c rst  luby svd  vmt  1116  572 K 1542      33K   789 5.81    5.72     4147  1361   42K   108 31.02   30.95  
c rst  luby svd  vmt  1117  572 K 1542      33K   789 5.81    5.72     4147  1390   42K   108 31.02   30.95  
c rst  luby svd  vmt  1118  573 K 1542      33K   789 5.81    5.72     4147  1390   42K   108 30.98   30.91  
c rst  luby svd  vmt  1119  573 K 1542      33K   789 5.81    5.72     4147  1391   42K   108 30.95   30.88  
c rst  luby svd  vmt  1120  573 K 1542      33K   789 5.81    5.72     4147  1391   42K   108 30.93   30.87  
c rst  luby svd  vmt  1121  573 K 1542      33K   789 5.81    5.72     4147  1392   42K   108 30.88   30.82  
c rst  luby svd  vmt  1122  573 K 1542      33K   789 5.81    5.72     4147  1393   43K   108 30.77   30.71  
c rst  luby svd  vmt  1123  574 K 1542      33K   789 5.81    5.72     4147  1396   43K   108 30.59   30.52  
c [full-probe]  bin_only: 0 set: 0 repl: 0 T: 0.00 T-out: N T-r: 98.11%
c rst  luby svd  vmt  1124  574 K 1542      33K   789 5.81    5.72     4147  1396   44K   108 30.56   30.50  
c rst  luby svd  vmt  1125  574 K 1542      33K   789 5.81    5.72     4147  1396   44K   108 30.54   30.47  
c rst  luby svd  vmt  1126  575 K 1542      33K   789 5.81    5.72     4147  1402   44K   108 30.49   30.42  
c rst  luby svd  vmt  1127  575 K 1542      33K   789 5.81    5.72     4147  1403   44K   108 30.47   30.40  
c rst  luby svd  vmt  1128  575 K 1542      33K   789 5.81    5.72     4147  1405   44K   108 30.46   30.40  
c rst  luby svd  vmt  1129  575 K 1542      33K   789 5.81    5.72     4147  1407   44K   108 30.42   30.36  
c [gauss] XOR-encoding clauses are not detached, so no need to reattach them.
c [g 0] truth-find prop checks  : 1953K
c [g 0] -> of which prop        : 51.34 %
c [g 0] -> of which confl       :  1.65 %
c [g 0] elim called             : 133K
c [g 0] ---> which lead to prop : 61.16 %
c [g 0] ---> which lead to confl:  1.58 %
c [g 0] size: 65    x 497  
c [scc] new: 0 BP 0M T: 0.00
c [vrep] vars 0 lits 0 rem-bin-cls 0 rem-long-cls 0 BP 0M T: 0.01
c [intree] Set 0 vars hyper-added: 0 trans-irred: 0 trans-red: 1 T: 0.00 T-out: N T-r: -1.19%
c [find&init matx] performing matrix init
c [gauss] XOR-encoding clauses are not detached, so no need to reattach them.
c [xor-rem-unconnected] left with 971 xors from 971 non-empty xors T: 0.00
c [xor-together] xored together: 906 orig xors: 971 new xors: 65 T: 0.00
c [xor-rem-unconnected] left with 65 xors from 65 non-empty xors T: 0.00
c [xor-clean-equiv] removed equivalent xors: 0 left with: 65
c [matrix] unused xors from cleaning: 0
c [matrix] Good   matrix 0 65      x496    density:0.1200  xorlen avg: 59.54
c [matrix] Using 1 matrices recovered from 0 xors T: 0.00 T-out: N
c rst  luby svd  vmt  1130  575 K 1542      33K   789 5.80    5.72     4147  1408   45K   104 30.25   30.19  
c rst  luby svd  vmt  1131  576 K 1542      33K   789 5.80    5.72     4147  1410   45K   104 30.24   30.18  
c rst  luby svd  vmt  1132  576 K 1542      33K   789 5.80    5.72     4147  1410   45K   104 30.23   30.17  
c rst  luby svd  vmt  1133  576 K 1542      33K   789 5.80    5.72     4147  1412   45K   104 30.18   30.12  
c rst  luby svd  vmt  1134  576 K 1542      33K   789 5.80    5.72     4147  1412   45K   104 30.17   30.11  
c rst  luby svd  vmt  1135  576 K 1542      33K   789 5.80    5.72     4147  1412   45K   104 30.16   30.11  
c [g  <0] Disabling GJ-elim in this round.  Usefulness was: 19.8399%  over 68836 calls
c rst  luby svd  vmt  1136  576 K 1542      33K   789 5.80    5.72     4147  1414   45K   104 30.15   30.09  
c rst  luby svd  vmt  1137  577 K 1542      33K   789 5.80    5.72     4147  1417   46K   104 30.10   30.04  
c rst  luby svd  vmt  1138  577 K 1542      33K   789 5.80    5.72     4147  1423   47K   104 29.97   29.91  
c rst  geom best vmt  1139  578 K 1542      33K   789 5.80    5.72     4147  1423   47K   104 29.94   29.89  
c [ccnr] saving best assignment phase to stable_polar
c [ccnr] bumping based on clause weights
c [ccnr] Bumped vars: 101 bump type: 6
c [ccnr] time: 0.27
c rst  geom best vmt  1140  578 K 1542      33K   789 5.80    5.72     4147  1424   47K   104 29.93   29.87  
c rst  geom best vmt  1141  578 K 1542      33K   789 5.80    5.72     4147  1424   47K   104 29.91   29.85  
c rst  geom best vmt  1142  578 K 1542      33K   789 5.80    5.72     4148  1431   47K   104 29.87   29.82  
c rst  geom best vmt  1143  578 K 1542      33K   789 5.80    5.72     4148  1433   47K   104 29.86   29.80  
c rst  geom best vmt  1144  578 K 1542      33K   789 5.80    5.72     4148  1436   47K   104 29.81   29.76  
c rst  geom best vmt  1145  578 K 1542      33K   789 5.80    5.72     4148  1437   48K   104 29.79   29.73  
c rst  geom best vmt  1146  579 K 1542      33K   789 5.80    5.72     4148  1440   48K   104 29.76   29.70  
c rst  geom best vmt  1147  579 K 1542      33K   789 5.80    5.72     4148  1441   48K   104 29.71   29.66  
c rst  geom best vmt  1148  579 K 1542      33K   789 5.80    5.72     4148  1446   48K   104 29.66   29.61  
c rst  geom best vmt  1149  579 K 1542      33K   789 5.80    5.72     4148  1449   49K   104 29.60   29.55  
c rst  geom best vmt  1150  580 K 1542      33K   789 5.80    5.72     4392  1041   49K   104 29.52   29.47  
c rst  geom best vmt  1151  580 K 1542      33K   789 5.80    5.72     4392  1042   49K   104 29.46   29.41  
c rst  geom best vmt  1152  580 K 1542      33K   789 5.80    5.72     4392  1044   50K   104 29.39   29.34  
c rst  geom best vmt  1153  581 K 1542      33K   789 5.80    5.72     4392  1047   50K   104 29.32   29.27  
c rst  geom best vmt  1154  581 K 1542      33K   789 5.80    5.72     4392  1051   51K   104 29.24   29.19  
c rst  geom best vmt  1155  582 K 1542      33K   789 5.80    5.72     4392  1054   51K   104 29.13   29.08  
c rst  geom best vmt  1156  582 K 1542      33K   789 5.80    5.72     4392  1058   52K   104 29.02   28.97  
c rst  geom best vmt  1157  583 K 1542      33K   789 5.80    5.72     4392  1065   52K   104 28.93   28.88  
c rst  geom best vmt  1158  584 K 1542      33K   789 5.80    5.72     4392  1074   53K   104 28.88   28.83  
c [distill-long-red0] cls tried: 421/421 T: 0.03 T-out: N T-r: 98.76%
c [distill-long-red1] cls tried: 46/855 T: 0.01 T-out: Y T-r: -3.35%
c rst  geom best vmt  1159  584 K 1542      33K   789 5.80    5.72     4392  1087   54K   104 28.76   28.72  
c rst  geom best vmt  1160  585 K 1542      33K   789 5.80    5.72     4571  1667   38K   104 25.42   25.36  
c [impl-str] lit bin: 0 set-var: 0 T: 0.00 T-out: N T-r: 99.96% w-visit: 3098
c [impl-sub] bin: 2 T: 0.00 T-out: N w-visit: 3098
c rst  geom best vmt  1161  586 K 1542      33K   789 5.80    5.72     4571  1672   39K   102 25.20   25.15  
c rst  geom best vmt  1162  587 K 1542      33K   789 5.80    5.72     4571  1679   40K   102 25.04   24.99  
c rst  geom best vmt  1163  588 K 1542      33K   789 5.80    5.72     4572  1699   41K   102 25.02   24.97  
c rst  geom best vmt  1164  589 K 1542      33K   789 5.80    5.72     4573  1714   42K   102 25.04   24.99  
c [distill] watch-based irred--  cl tried 8690     cl-sh 0     cl-rem 0    lit-rem 0      T: 0.01 T-out: N
c [distill] watch-based red  --  cl tried 9146     cl-sh 25    cl-rem 0    lit-rem 48     T: 0.01 T-out: N
c rst  geom stb  vmt  1165  590 K 1542      33K   789 5.80    5.72     4801  1440   44K   102 24.87   24.83  
c [distill-bin] useful: 0/789/789 lits-rem: 0 cl-rem: 0 0-depth-assigns: 0 T: 0.00 T-out: N
c rst  geom stb  vmt  1166  592 K 1542      33K   789 5.80    5.72     4801  1457   45K   102 24.68   24.64  
c rst  geom stb  vmt  1167  593 K 1542      33K   789 5.80    5.72     4802  1486   47K   102 24.52   24.48  
c rst  geom stb  vmt  1168  595 K 1542      33K   789 5.80    5.72     4802  1495   48K   102 24.24   24.20  
c [full-probe]  bin_only: 1 set: 0 repl: 0 T: 0.00 T-out: N T-r: 99.78%
c rst  geom stb  vmt  1169  597 K 1542      33K   789 5.80    5.72     4802  1524   50K   102 24.02   23.98  
c rst  geom stb  vmt  1170  599 K 1542      33K   789 5.80    5.72     4802  1545   52K   102 23.84   23.81  
c [distill-long-red0] cls tried: 402/402 T: 0.04 T-out: N T-r: 98.38%
c [distill-long-red1] cls tried: 19/1307 T: 0.02 T-out: Y T-r: -5.81%
c rst  geom stb  vmt  1171  601 K 1542      33K   789 5.80    5.72     5162  1950   40K   102 18.69   18.65  
c [branch] adjusting to: vsid (from: vmtf) var_decay:0.95 descr: VSIDS
c rst  geom ibes vs   1172  601 K 1542      33K   789 5.80    5.72     5162  1951   40K   102 18.74   18.70  
c rst  geom ibes vs   1173  602 K 1542      33K   789 5.80    5.72     5162  1953   40K   102 18.83   18.80  
c rst  geom ibes vs   1174  602 K 1542      33K   789 5.80    5.72     5162  1957   40K   102 18.86   18.83  
c rst  geom ibes vs   1175  602 K 1542      33K   789 5.80    5.72     5163  1963   40K   102 18.88   18.85  
c rst  geom ibes vs   1176  602 K 1542      33K   789 5.80    5.72     5163  1965   40K   102 18.93   18.90  
c rst  geom ibes vs   1177  602 K 1542      33K   789 5.80    5.72     5163  1965   40K   102 19.02   18.98  
c rst  geom ibes vs   1178  602 K 1542      33K   789 5.80    5.72     5163  1965   41K   102 19.04   19.00  
c rst  geom ibes vs   1179  603 K 1542      33K   789 5.80    5.72     5163  1967   41K   102 19.07   19.04  
c rst  geom ibes vs   1180  603 K 1542      33K   789 5.80    5.72     5163  1969   41K   102 19.14   19.10  
c rst  geom ibes vs   1181  603 K 1542      33K   789 5.80    5.72     5163  1970   41K   102 19.24   19.21  
c rst  geom ibes vs   1182  603 K 1542      33K   789 5.80    5.72     5164  1972   42K   102 19.31   19.28  
c rst  geom ibes vs   1183  604 K 1542      33K   789 5.80    5.72     5165  1981   42K   102 19.52   19.49  
c rst  geom ibes vs   1184  604 K 1542      33K   789 5.80    5.72     5165  1984   42K   102 19.56   19.52  
c rst  geom ibes vs   1185  604 K 1542      33K   789 5.80    5.72     5165  1992   43K   102 19.66   19.62  
c rst  geom ibes vs   1186  605 K 1542      33K   789 5.80    5.72     5165  1995   43K   102 19.79   19.75  
c rst  geom ibes vs   1187  605 K 1542      33K   789 5.80    5.72     5165  1999   43K   102 19.88   19.84  
c rst  geom ibes vs   1188  606 K 1542      33K   789 5.80    5.72     5165  2003   44K   102 20.03   19.99  
c rst  geom ibes vs   1189  606 K 1542      33K   789 5.80    5.72     5165  2006   44K   102 20.19   20.15  
c rst  geom ibes vs   1190  607 K 1542      33K   789 5.80    5.72     5166  2007   45K   102 20.29   20.26  
c rst  geom ibes vs   1191  607 K 1542      33K   789 5.80    5.72     5166  2017   46K   102 20.56   20.52  
c rst  geom ibes vs   1192  608 K 1542      33K   789 5.80    5.72     5166  2019   46K   102 20.66   20.63  
c rst  geom ibes vs   1193  609 K 1542      33K   789 5.80    5.72     5166  2024   47K   102 20.98   20.94  
c rst  geom ibes vs   1194  610 K 1542      33K   789 5.80    5.72     5230  1952   48K   102 21.11   21.08  
c rst  geom ibes vs   1195  611 K 1542      33K   789 5.80    5.72     5230  1965   49K   102 21.30   21.26  
c [distill-bin] useful: 0/789/789 lits-rem: 0 cl-rem: 0 0-depth-assigns: 0 T: 0.00 T-out: N
c rst  geom ibes vs   1196  612 K 1542      33K   789 5.80    5.72     5231  1977   50K   102 21.43   21.40  
c rst  geom ibes vs   1197  612 K 1542      33K   789 5.80    5.72     5231  1984   51K   102 21.67   21.64  
c recursive minimization cost OK: 1023Kcost/(% lits removed)
c [gauss] XOR-encoding clauses are not detached, so no need to reattach them.
c [g 0] truth-find prop checks  : 53K
c [g 0] -> of which prop        : 20.66 %
c [g 0] -> of which confl       :  1.22 %
c [g 0] elim called             : 7123
c [g 0] ---> which lead to prop : 25.79 %
c [g 0] ---> which lead to confl:  0.60 %
c [g 0] size: 65    x 496  
c --> Executing strategy token: scc-vrepl
c [scc] new: 0 BP 0M T: 0.00
c --> Executing strategy token: sub-impl
c [impl-sub] bin: 0 T: 0.00 T-out: N w-visit: 3098
c --> Executing strategy token: breakid
c --> Executing OCC strategy token(s): 'occ-backw-sub-str,occ-clean-implicit,occ-bve,occ-bva,occ-ternary-res,occ-xor,'
c [occ] mem usage for occur 3      MB
c [occ] Linked in IRRED BIN by default: 789
c [occ] Linked in RED   BIN by default: 102
c [occ] mem usage for occur 0      MB
c Mem for watch alloc      : 15          MB (33.86     %)
c Mem for watch array      : 0           MB (0.15      %)
c --> Executing OCC strategy token: occ-backw-sub-str
c [occ-backw-sub-str-long-w-bins] subs: 0 str: 133 tried: 10379 0-depth ass: 0 T: 0.00 T-out: N T-r: 99.16%
c [occ-backw-sub-long-w-long] rem cl: 206 tried: 91806/91806 (100.0%) T: 0.03 T-out: N T-r: 77.30%
c [occ-backw-sub-str-long-w-long] sub: 1 str: 94 tried: 275418/91806 (300.0)  T: 0.20 T-out: N T-r: 55.40%
c --> Executing OCC strategy token: occ-clean-implicit
c --> Executing OCC strategy token: occ-bve
c [occ-empty-res] Empty resolvent elimed: 0 T: 0.00 T-out: N
c [occ-bve] iter v-elim 0
c cl_inc_rate=1.0, var_dec_rate=1.0 (grow=0)
c Reduced to 1542 vars, 34222 cls (grow=0)
c [occ-bve] iter v-elim 0
c cl_inc_rate=1.0, var_dec_rate=1.0 (grow=8)
c Reduced to 1542 vars, 34222 cls (grow=8)
c [occ-bve] iter v-elim 0
c cl_inc_rate=1.0, var_dec_rate=1.0 (grow=16)
c Reduced to 1542 vars, 34222 cls (grow=16)
c x n vars       : 1542
c #try to eliminate:  4626
c #var-elim        :     0
c #T-o: N
c #T-r: 99.99%
c #T  : 0.26
c [occur] 0.02 is overhead
c [occur] link-in T: 0.02 cleanup T: 0.00
c --> Executing OCC strategy token: occ-bva
c --> Executing OCC strategy token: occ-ternary-res
c [occ-ternary-res] Ternary res-tri: 0 res-bin: 0 sub: 0 str: 0 T: 0.00 T-out: N T-r: 99.79%
c --> Executing OCC strategy token: occ-xor
c [occ-xor] sort occur list T: 0.00
c [xor-clean-equiv] removed equivalent xors: 0 left with: 962
c [occ-xor] found    962 avg sz 5.8 min sz  4 max sz  6 T: 0.01 T-out: N T-r: 99.97%
c --> Executing strategy token: card-find
c --> Executing strategy token: cl-consolidate
c Not consolidating memory.
c --> Executing strategy token: scc-vrepl
c [scc] new: 0 BP 0M T: 0.00
c --> Executing strategy token: renumber
c --> Executing strategy token: bosphorus
c --> Executing strategy token: louvain-comms
c [consolidate] mini T: 0.00
c global_timeout_multiplier: 4.8315
c [branch] rebuilding order heap for all branchings. Current branching: vsid
c [find&init matx] performing matrix init
c [gauss] XOR-encoding clauses are not detached, so no need to reattach them.
c [xor-rem-unconnected] left with 962 xors from 962 non-empty xors T: 0.00
c [xor-together] xored together: 893 orig xors: 962 new xors: 69 T: 0.00
c [xor-rem-unconnected] left with 69 xors from 69 non-empty xors T: 0.00
c [xor-clean-equiv] removed equivalent xors: 0 left with: 69
c [matrix] unused xors from cleaning: 0
c [matrix] Good   matrix  0     69 x  507  density:0.1098  xorlen avg: 55.67
c [matrix] Using 1 matrices recovered from 0 xors T: 0.00 T-out: N
c rst  geom  svd   vs  1198  613K    1542   33K   789    5.80    5.71  5058  2190   51K   102   21.94   21.91
c rst  geom  svd   vs  1199  614K    1542   33K   789    5.80    5.71  5059  2193   52K   102   22.14   22.10
c [distill-long-red0] cls tried: 404/404 T: 0.06 T-out: N T-r: 97.96%
c [distill-long-red1] cls tried: 20/1951 T: 0.01 T-out: Y T-r: -7.99%
c [distill] watch-based irred--  cl tried     9298 cl-sh     0 cl-rem    0 lit-rem      0 T: 0.02 T-out: N
c [distill] watch-based   red--  cl tried     8975 cl-sh    12 cl-rem    0 lit-rem     28 T: 0.02 T-out: Y
c rst  geom  svd   vs  1200  616K    1542   33K   789    5.80    5.71  5059  2204   39K   102   22.34   22.30
c [full-probe]  bin_only: 0 set: 0 repl: 0 T: 0.01 T-out: N T-r: 97.24%
c rst  geom  svd   vs  1201  617K    1542   33K   789    5.80    5.71  5059  2209   40K   102   22.76   22.71
c rst  geom  svd   vs  1202  619K    1542   33K   789    5.80    5.71  5059  2215   42K   102   23.14   23.10
c rst  geom  svd   vs  1203  621K    1542   33K   789    5.80    5.71  5076  2190   44K   102   23.72   23.68
c rst  geom  svd   vs  1204  623K    1542   33K   789    5.80    5.71  5077  2198   46K   102   24.32   24.28
c [ccnr] saving best assignment phase to stable_polar
c [ccnr] bumping based on var unsat frequency: conflict_ct
c [ccnr] Bumped vars: 1549 bump type: 6
c [ccnr] time: 0.27
c rst  geom  svd   vs  1205  625K    1542   33K   789    5.80    5.71  5078  2204   48K   102   24.78   24.74
c rst  geom best   vs  1206  628K    1542   33K   789    5.80    5.71  5078  2208   51K   102   25.78   25.74
c rst  geom best   vs  1207  630K    1542   33K   789    5.80    5.71  5102  2299   38K   102   28.54   28.49
c [distill-long-red0] cls tried: 55/55 T: 0.00 T-out: N T-r: 99.88%
c [distill-long-red1] cls tried: 39/2054 T: 0.02 T-out: Y T-r: -3.99%
c rst  geom best   vs  1208  633K    1542   33K   789    5.80    5.71  5103  2310   41K   102   29.09   29.03
c [distill-bin] useful: 0/789/789 lits-rem: 0 cl-rem: 0 0-depth-assigns: 0 T: 0.01 T-out: N
c rst  geom best   vs  1209  637K    1542   33K   789    5.80    5.71  5103  2317   45K   102   30.19   30.13
c [full-probe]  bin_only: 1 set: 0 repl: 0 T: 0.01 T-out: N T-r: 99.76%
c rst  geom  stb   vs  1210  640K    1542   33K   789    5.80    5.71  5117  2192   48K   102   30.83   30.78
c [distill] watch-based irred--  cl tried     9298 cl-sh     0 cl-rem    0 lit-rem      0 T: 0.01 T-out: N
c [distill] watch-based   red--  cl tried    10234 cl-sh    15 cl-rem    0 lit-rem     21 T: 0.01 T-out: N
c [gauss] XOR-encoding clauses are not detached, so no need to reattach them.
c [g 0] truth-find prop checks  : 792K
c [g 0] -> of which prop        : 63.02 %
c [g 0] -> of which confl       :  1.59 %
c [g 0] elim called             : 40K
c [g 0] ---> which lead to prop : 101.96 %
c [g 0] ---> which lead to confl:  3.01 %
c [g 0] size: 69    x 507  
c [scc] new: 0 BP 0M T: 0.00
c [vrep] vars 0 lits 0 rem-bin-cls 0 rem-long-cls 0 BP 0M T: 0.01
c [intree] Set 0 vars hyper-added: 0 trans-irred: 0 trans-red: 0 T: 0.00 T-out: N T-r: -0.75%
c [find&init matx] performing matrix init
c [gauss] XOR-encoding clauses are not detached, so no need to reattach them.
c [xor-rem-unconnected] left with 962 xors from 962 non-empty xors T: 0.00
c [xor-together] xored together: 893 orig xors: 962 new xors: 69 T: 0.00
c [xor-rem-unconnected] left with 69 xors from 69 non-empty xors T: 0.00
c [xor-clean-equiv] removed equivalent xors: 0 left with: 69
c [matrix] unused xors from cleaning: 0
c [matrix] Good   matrix 0 69      x507    density:0.1098  xorlen avg: 55.67
c [matrix] Using 1 matrices recovered from 0 xors T: 0.00 T-out: N
c rst  geom stb  vs   1211  644 K 1542      33K   789 5.80    5.71     5119  2197   52K   102 31.78   31.73  
c rst  geom stb  vs   1212  649 K 1542      33K   789 5.80    5.71     5123  2316   41K   102 35.27   35.20  
c [distill-long-red0] cls tried: 32/32 T: 0.00 T-out: N T-r: 99.92%
c [distill-long-red1] cls tried: 52/2066 T: 0.01 T-out: Y T-r: -3.54%
c [impl-str] lit bin: 0 set-var: 0 T: 0.00 T-out: N T-r: 99.96% w-visit: 3098
c [impl-sub] bin: 0 T: 0.00 T-out: N w-visit: 3098
c rst  geom ibes vs   1213  653 K 1542      33K   789 5.80    5.71     5156  2061   46K   102 35.33   35.27  
c [distill-bin] useful: 0/789/789 lits-rem: 0 cl-rem: 0 0-depth-assigns: 0 T: 0.01 T-out: N
c rst  geom ibes vs   1214  659 K 1542      33K   789 5.80    5.71     5158  2078   52K   102 35.34   35.29  
c [full-probe]  bin_only: 0 set: 0 repl: 0 T: 0.01 T-out: N T-r: 97.22%
c rst  geom ibes vs   1215  665 K 1542      33K   789 5.80    5.71     5200  1670   43K   102 34.84   34.78  
c [distill-long-red0] cls tried: 76/76 T: 0.01 T-out: N T-r: 99.84%
c [distill-long-red1] cls tried: 62/1458 T: 0.01 T-out: Y T-r: -3.66%
c rst  geom svd  vs   1216  671 K 1542      33K   789 5.80    5.71     5232  1045   50K   102 34.83   34.77  
c [branch] adjusting to: vmtf (from: vsid) var_decay:0.95 descr: VMTF
c [distill] watch-based irred--  cl tried 9298     cl-sh 0     cl-rem 0    lit-rem 0      T: 0.00 T-out: N
c [distill] watch-based red  --  cl tried 10464    cl-sh 22    cl-rem 0    lit-rem 49     T: 0.01 T-out: N
c [ccnr] tries: 0 steps: 262143 best found: 10
c [ccnr] saving best assignment phase to stable_polar
c [ccnr] bumping based on var unsat frequency: conflict_ct
c [ccnr] Bumped vars: 1549 bump type: 6
c [ccnr] time: 0.28
c rst  luby svd  vmt  1217  671 K 1542      33K   789 5.80    5.71     5233  1057   51K   102 34.83   34.77  
c rst  luby svd  vmt  1218  671 K 1542      33K   789 5.80    5.71     5233  1057   51K   102 34.83   34.77  
c rst  luby svd  vmt  1219  671 K 1542      33K   789 5.80    5.71     5233  1058   51K   102 34.82   34.76  
c rst  luby svd  vmt  1220  672 K 1542      33K   789 5.80    5.71     5233  1058   51K   102 34.83   34.77  
c rst  luby svd  vmt  1221  672 K 1542      33K   789 5.80    5.71     5233  1058   51K   102 34.83   34.77  
c rst  luby svd  vmt  1222  672 K 1542      33K   789 5.80    5.71     5233  1060   51K   102 34.86   34.80  
c rst  luby svd  vmt  1223  672 K 1542      33K   789 5.80    5.71     5233  1062   52K   102 34.84   34.79  
c rst  luby svd  vmt  1224  672 K 1542      33K   789 5.80    5.71     5233  1066   52K   102 34.83   34.77  
c rst  luby svd  vmt  1225  672 K 1542      33K   789 5.80    5.71     5233  1068   52K   102 34.83   34.77  
c rst  luby svd  vmt  1226  673 K 1542      33K   789 5.80    5.71     5233  1073   52K   102 34.87   34.81  
c rst  luby svd  vmt  1227  673 K 1542      33K   789 5.80    5.71     5233  1073   52K   102 34.88   34.82  
c rst  luby svd  vmt  1228  673 K 1542      33K   789 5.80    5.71     5234  1074   52K   102 34.89   34.83  
c rst  luby svd  vmt  1229  673 K 1542      33K   789 5.80    5.71     5234  1075   52K   102 34.91   34.85  
c rst  luby svd  vmt  1230  673 K 1542      33K   789 5.80    5.71     5235  1077   53K   102 34.92   34.86  
c rst  luby svd  vmt  1231  674 K 1542      33K   789 5.80    5.71     5235  1080   54K   102 34.87   34.81  
c [distill-bin] useful: 0/789/789 lits-rem: 0 cl-rem: 0 0-depth-assigns: 0 T: 0.01 T-out: N
c rst  luby svd  vmt  1232  674 K 1542      33K   789 5.80    5.71     5235  1080   54K   102 34.86   34.81  
c rst  luby svd  vmt  1233  674 K 1542      33K   789 5.80    5.71     5235  1080   54K   102 34.86   34.81  
c rst  luby svd  vmt  1234  675 K 1542      33K   789 5.80    5.71     5243  1219   39K   102 32.64   32.57  
c rst  luby svd  vmt  1235  675 K 1542      33K   789 5.80    5.71     5243  1219   40K   102 32.64   32.57  
c rst  luby svd  vmt  1236  675 K 1542      33K   789 5.80    5.71     5243  1220   40K   102 32.64   32.58  
c rst  luby svd  vmt  1237  675 K 1542      33K   789 5.80    5.71     5243  1223   40K   102 32.64   32.58  
c rst  luby svd  vmt  1238  675 K 1542      33K   789 5.80    5.71     5243  1225   40K   102 32.74   32.67  
c rst  luby svd  vmt  1239  676 K 1542      33K   789 5.80    5.71     5243  1225   40K   102 32.74   32.68  
c rst  luby svd  vmt  1240  676 K 1542      33K   789 5.80    5.71     5243  1226   41K   102 32.77   32.71  
c rst  luby svd  vmt  1241  676 K 1542      33K   789 5.80    5.71     5244  1226   41K   102 32.82   32.75  
c rst  luby svd  vmt  1242  676 K 1542      33K   789 5.80    5.71     5244  1228   41K   102 32.83   32.77  
c rst  luby svd  vmt  1243  676 K 1542      33K   789 5.80    5.71     5244  1228   41K   102 32.85   32.78  
c rst  luby svd  vmt  1244  676 K 1542      33K   789 5.80    5.71     5244  1228   41K   102 32.89   32.82  
c rst  luby svd  vmt  1245  677 K 1542      33K   789 5.80    5.71     5244  1231   42K   102 32.98   32.91  
c rst  geom best vmt  1246  677 K 1542      33K   789 5.80    5.71     5244  1232   42K   102 33.03   32.96  
c rst  geom best vmt  1247  677 K 1542      33K   789 5.80    5.71     5244  1232   42K   102 33.03   32.97  
c rst  geom best vmt  1248  677 K 1542      33K   789 5.80    5.71     5244  1235   42K   102 33.04   32.98  
c rst  geom best vmt  1249  677 K 1542      33K   789 5.80    5.71     5244  1235   42K   102 33.04   32.97  
c rst  geom best vmt  1250  677 K 1542      33K   789 5.80    5.71     5244  1235   42K   102 33.08   33.02  
c rst  geom best vmt  1251  678 K 1542      33K   789 5.80    5.71     5244  1236   42K   102 33.11   33.05  
c rst  geom best vmt  1252  678 K 1542      33K   789 5.80    5.71     5244  1236   43K   102 33.18   33.11  
c rst  geom best vmt  1253  678 K 1542      33K   789 5.80    5.71     5244  1236   43K   102 33.21   33.14  
c rst  geom best vmt  1254  678 K 1542      33K   789 5.80    5.71     5245  1238   43K   102 33.26   33.19  
c rst  geom best vmt  1255  678 K 1542      33K   789 5.80    5.71     5245  1239   43K   102 33.27   33.21  
c rst  geom best vmt  1256  679 K 1542      33K   789 5.80    5.71     5245  1239   44K   102 33.32   33.26  
c rst  geom best vmt  1257  679 K 1542      33K   789 5.80    5.71     5245  1239   44K   102 33.35   33.29  
c [full-probe]  bin_only: 1 set: 0 repl: 0 T: 0.00 T-out: N T-r: 99.78%
c rst  geom best vmt  1258  679 K 1542      33K   789 5.80    5.71     5246  1239   44K   102 33.39   33.33  
c rst  geom best vmt  1259  680 K 1542      33K   789 5.80    5.71     5287   992   45K   102 33.46   33.40  
c [distill-long-red0] cls tried: 99/99 T: 0.01 T-out: N T-r: 99.78%
c [distill-long-red1] cls tried: 75/828 T: 0.02 T-out: Y T-r: -2.63%
c rst  geom best vmt  1260  680 K 1542      33K   789 5.80    5.71     5287   998   45K   102 33.48   33.42  
c rst  geom best vmt  1261  681 K 1542      33K   789 5.80    5.71     5288   998   46K   102 33.49   33.43  
c rst  geom best vmt  1262  681 K 1542      33K   789 5.80    5.71     5288   999   46K   102 33.57   33.51  
c rst  geom best vmt  1263  682 K 1542      33K   789 5.80    5.71     5288   999   47K   102 33.72   33.66  
c rst  geom best vmt  1264  682 K 1542      33K   789 5.80    5.71     5288   999   47K   102 33.84   33.78  
c rst  geom best vmt  1265  683 K 1542      33K   789 5.80    5.71     5288  1004   48K   102 33.94   33.88  
c rst  geom best vmt  1266  684 K 1542      33K   789 5.80    5.71     5288  1005   49K   102 34.06   34.00  
c rst  geom best vmt  1267  684 K 1542      33K   789 5.80    5.71     5289  1011   49K   102 34.15   34.09  
c rst  geom best vmt  1268  685 K 1542      33K   789 5.80    5.71     5289  1013   50K   102 34.43   34.37  
c rst  geom best vmt  1269  686 K 1542      33K   789 5.80    5.71     5289  1020   51K   102 34.42   34.36  
c rst  geom best vmt  1270  687 K 1542      33K   789 5.80    5.71     5289  1027   52K   102 34.66   34.60  
c rst  geom best vmt  1271  688 K 1542      33K   789 5.80    5.71     5290  1033   53K   102 34.83   34.77  
c rst  geom best vmt  1272  690 K 1542      33K   789 5.80    5.71     5319  1034   39K   102 32.57   32.50  
c rst  geom stb  vmt  1273  691 K 1542      33K   789 5.80    5.71     5319  1039   40K   102 32.74   32.67  
c rst  geom stb  vmt  1274  693 K 1542      33K   789 5.80    5.71     5320  1047   42K   102 33.00   32.94  
c rst  geom stb  vmt  1275  694 K 1542      33K   789 5.80    5.71     5320  1055   43K   102 33.03   32.97  
c [distill-bin] useful: 0/789/789 lits-rem: 0 cl-rem: 0 0-depth-assigns: 0 T: 0.01 T-out: N
c rst  geom stb  vmt  1276  696 K 1542      33K   789 5.80    5.71     5320  1070   45K   102 33.28   33.22  
c [distill-long-red0] cls tried: 33/33 T: 0.00 T-out: N T-r: 99.94%
c [distill-long-red1] cls tried: 85/841 T: 0.01 T-out: Y T-r: -0.78%
c [distill] watch-based irred--  cl tried 9298     cl-sh 0     cl-rem 0    lit-rem 0      T: 0.01 T-out: N
c [distill] watch-based red  --  cl tried 10640    cl-sh 10    cl-rem 0    lit-rem 16     T: 0.00 T-out: N
c rst  geom stb  vmt  1277  698 K 1542      33K   789 5.80    5.71     5322  1078   47K   102 33.57   33.52  
c rst  geom stb  vmt  1278  701 K 1542      33K   789 5.80    5.71     5355  1027   50K   102 33.61   33.55  
c [full-probe]  bin_only: 0 set: 0 repl: 0 T: 0.01 T-out: N T-r: 97.79%
c rst  geom stb  vmt  1279  703 K 1542      33K   789 5.80    5.71     5355  1039   52K   102 33.85   33.79  
c rst  geom ibes vmt  1280  706 K 1542      33K   789 5.80    5.71     5359  1176   39K   102 33.92   33.85  
c [gauss] XOR-encoding clauses are not detached, so no need to reattach them.
c [g 0] truth-find prop checks  : 1870K
c [g 0] -> of which prop        : 61.59 %
c [g 0] -> of which confl       :  1.57 %
c [g 0] elim called             : 99K
c [g 0] ---> which lead to prop : 96.36 %
c [g 0] ---> which lead to confl:  3.15 %
c [g 0] size: 69    x 507  
c [scc] new: 0 BP 0M T: 0.00
c [vrep] vars 0 lits 0 rem-bin-cls 0 rem-long-cls 0 BP 0M T: 0.00
c [intree] Set 0 vars hyper-added: 0 trans-irred: 0 trans-red: 0 T: 0.01 T-out: N T-r: -1.26%
c [find&init matx] performing matrix init
c [gauss] XOR-encoding clauses are not detached, so no need to reattach them.
c [xor-rem-unconnected] left with 962 xors from 962 non-empty xors T: 0.00
c [xor-together] xored together: 893 orig xors: 962 new xors: 69 T: 0.00
c [xor-rem-unconnected] left with 69 xors from 69 non-empty xors T: 0.00
c [xor-clean-equiv] removed equivalent xors: 0 left with: 69
c [matrix] unused xors from cleaning: 0
c [matrix] Good   matrix 0 69      x507    density:0.1098  xorlen avg: 55.67
c [matrix] Using 1 matrices recovered from 0 xors T: 0.00 T-out: N
c rst  geom ibes vmt  1281  709 K 1542      33K   789 5.80    5.71     5359  1201   42K   102 33.93   33.86  
c [impl-str] lit bin: 0 set-var: 0 T: 0.00 T-out: N T-r: 99.96% w-visit: 3098
c [impl-sub] bin: 0 T: 0.00 T-out: N w-visit: 3098
c rst  geom ibes vmt  1282  712 K 1542      33K   789 5.80    5.71     5408  1155   46K   102 34.03   33.97  
c [distill-long-red0] cls tried: 96/96 T: 0.01 T-out: N T-r: 99.78%
c [distill-long-red1] cls tried: 74/856 T: 0.01 T-out: Y T-r: -0.80%
c rst  geom ibes vmt  1283  716 K 1542      33K   789 5.80    5.71     5410  1176   49K   102 34.10   34.05  
c [distill-bin] useful: 0/789/789 lits-rem: 0 cl-rem: 0 0-depth-assigns: 0 T: 0.01 T-out: N
c [ccnr] tries: 0 steps: 262143 best found: 8
c [ccnr] saving best assignment phase to stable_polar
c [ccnr] bumping based on clause weights
c [ccnr] Bumped vars: 102 bump type: 6
c [ccnr] time: 0.27
c rst  geom svd  vmt  1284  720 K 1542      33K   789 5.80    5.71     5560  1488   38K   102 32.29   32.23  
c rst  geom svd  vmt  1285  724 K 1542      33K   789 5.80    5.71     5561  1545   42K   102 31.06   31.00  
c [full-probe]  bin_only: 1 set: 0 repl: 0 T: 0.00 T-out: N T-r: 99.82%
c [distill] watch-based irred--  cl tried 9298     cl-sh 0     cl-rem 0    lit-rem 0      T: 0.01 T-out: N
c [distill] watch-based red  --  cl tried 11122    cl-sh 20    cl-rem 0    lit-rem 31     T: 0.01 T-out: N
c rst  geom svd  vmt  1286  729 K 1542      33K   789 5.80    5.71     5563  1617   47K   102 29.88   29.83  
c [distill-long-red0] cls tried: 162/162 T: 0.01 T-out: N T-r: 99.67%
c [distill-long-red1] cls tried: 42/1258 T: 0.02 T-out: Y T-r: -1.99%
c rst  geom best vmt  1287  734 K 1542      33K   789 5.80    5.71     5633  1527   52K   102 31.37   31.32  
c rst  geom best vmt  1288  740 K 1542      33K   789 5.80    5.71     5694  1901   43K   102 29.51   29.45  
c [branch] adjusting to: vsid (from: vmtf) var_decay:0.95 descr: VSIDS
c [distill-bin] useful: 0/789/789 lits-rem: 0 cl-rem: 0 0-depth-assigns: 0 T: 0.00 T-out: N
c rst  geom best vs   1289  740 K 1542      33K   789 5.80    5.71     5694  1901   43K   102 29.53   29.48  
c rst  geom best vs   1290  740 K 1542      33K   789 5.80    5.71     5694  1903   43K   102 29.55   29.49  
c rst  geom best vs   1291  740 K 1542      33K   789 5.80    5.71     5694  1903   43K   102 29.56   29.50  
c rst  geom best vs   1292  741 K 1542      33K   789 5.80    5.71     5694  1903   43K   102 29.58   29.52  
c rst  geom best vs   1293  741 K 1542      33K   789 5.80    5.71     5694  1903   44K   102 29.65   29.60  
c rst  geom best vs   1294  741 K 1542      33K   789 5.80    5.71     5694  1903   44K   102 29.66   29.61  
c rst  geom best vs   1295  741 K 1542      33K   789 5.80    5.71     5694  1904   44K   102 29.70   29.64  
c rst  geom best vs   1296  741 K 1542      33K   789 5.80    5.71     5694  1904   44K   102 29.69   29.64  
c rst  geom stb  vs   1297  742 K 1542      33K   789 5.80    5.71     5694  1904   44K   102 29.74   29.69  
c rst  geom stb  vs   1298  742 K 1542      33K   789 5.80    5.71     5694  1905   45K   102 29.82   29.76  
c rst  geom stb  vs   1299  742 K 1542      33K   789 5.80    5.71     5694  1905   45K   102 29.86   29.81  
c rst  geom stb  vs   1300  742 K 1542      33K   789 5.80    5.71     5694  1906   45K   102 29.95   29.90  
c rst  geom stb  vs   1301  743 K 1542      33K   789 5.80    5.71     5694  1906   46K   102 30.01   29.95  
c rst  geom stb  vs   1302  743 K 1542      33K   789 5.80    5.71     5695  1906   46K   102 30.10   30.05  
c rst  geom stb  vs   1303  743 K 1542      33K   789 5.80    5.71     5695  1907   46K   102 30.13   30.08  
c rst  geom stb  vs   1304  744 K 1542      33K   789 5.80    5.71     5696  1907   47K   102 30.13   30.08  
c [distill-long-red0] cls tried: 131/131 T: 0.01 T-out: N T-r: 99.69%
c [distill-long-red1] cls tried: 37/1540 T: 0.01 T-out: Y T-r: -1.75%
c rst  geom stb  vs   1305  744 K 1542      33K   789 5.80    5.71     5696  1907   47K   102 30.13   30.08  
c [full-probe]  bin_only: 0 set: 0 repl: 0 T: 0.01 T-out: N T-r: 98.12%
c rst  geom stb  vs   1306  745 K 1542      33K   789 5.80    5.71     5696  1912   48K   102 30.21   30.16  
c rst  geom stb  vs   1307  746 K 1542      33K   789 5.80    5.71     5696  1912   48K   102 30.33   30.28  
c rst  geom stb  vs   1308  746 K 1542      33K   789 5.80    5.71     5696  1912   49K   102 30.37   30.32  
c rst  geom stb  vs   1309  747 K 1542      33K   789 5.80    5.71     5696  1912   50K   102 30.47   30.42  
c rst  geom stb  vs   1310  748 K 1542      33K   789 5.80    5.71     5696  1915   51K   102 30.62   30.57  
c rst  geom stb  vs   1311  749 K 1542      33K   789 5.80    5.71     5697  1924   51K   102 30.73   30.68  
c rst  geom stb  vs   1312  750 K 1542      33K   789 5.80    5.71     5717  1883   37K   102 29.09   29.03  
c [distill] watch-based irred--  cl tried 9298     cl-sh 0     cl-rem 0    lit-rem 0      T: 0.01 T-out: N
c [distill] watch-based red  --  cl tried 11434    cl-sh 7     cl-rem 0    lit-rem 11     T: 0.01 T-out: N
c rst  geom stb  vs   1313  751 K 1542      33K   789 5.80    5.71     5717  1885   38K   102 29.24   29.18  
c rst  geom stb  vs   1314  752 K 1542      33K   789 5.80    5.71     5717  1888   39K   102 29.80   29.74  
c rst  geom stb  vs   1315  753 K 1542      33K   789 5.80    5.71     5717  1892   40K   102 30.04   29.98  
c rst  geom stb  vs   1316  754 K 1542      33K   789 5.80    5.71     5717  1899   42K   102 30.29   30.23  
c rst  geom ibes vs   1317  756 K 1542      33K   789 5.80    5.71     5717  1901   43K   102 30.82   30.77  
c rst  geom ibes vs   1318  758 K 1542      33K   789 5.80    5.71     5717  1902   45K   102 30.90   30.84  
c rst  geom ibes vs   1319  760 K 1542      33K   789 5.80    5.71     5735  1841   47K   102 31.04   30.99  
c [distill-long-red0] cls tried: 39/39 T: 0.00 T-out: N T-r: 99.92%
c [distill-long-red1] cls tried: 57/1490 T: 0.01 T-out: Y T-r: -2.04%
c rst  geom ibes vs   1320  762 K 1542      33K   789 5.80    5.71     5735  1843   49K   102 31.31   31.26  
c [distill-bin] useful: 0/789/789 lits-rem: 0 cl-rem: 0 0-depth-assigns: 0 T: 0.00 T-out: N
c [ccnr] tries: 0 steps: 262143 best found: 9
c [ccnr] saving best assignment phase to stable_polar
c [ccnr] bumping based on var unsat frequency: conflict_ct
c [ccnr] Bumped vars: 1549 bump type: 6
c [ccnr] time: 0.28
c rst  geom ibes vs   1321  764 K 1542      33K   789 5.80    5.71     5735  1863   51K   102 31.34   31.29  
c rst  geom ibes vs   1322  766 K 1542      33K   789 5.80    5.71     5738  1959   39K   102 33.78   33.71  
c [full-probe]  bin_only: 1 set: 0 repl: 0 T: 0.00 T-out: N T-r: 99.83%
c rst  geom ibes vs   1323  769 K 1542      33K   789 5.80    5.71     5738  1964   42K   102 33.71   33.65  
c [impl-str] lit bin: 0 set-var: 0 T: 0.00 T-out: N T-r: 99.96% w-visit: 3098
c [impl-sub] bin: 0 T: 0.00 T-out: N w-visit: 3098
c rst  geom svd  vs   1324  772 K 1542      33K   789 5.80    5.71     5771  1860   45K   102 33.84   33.78  
c [gauss] XOR-encoding clauses are not detached, so no need to reattach them.
c [g 0] truth-find prop checks  : 2288K
c [g 0] -> of which prop        : 46.91 %
c [g 0] -> of which confl       :  1.49 %
c [g 0] elim called             : 173K
c [g 0] ---> which lead to prop : 61.67 %
c [g 0] ---> which lead to confl:  1.90 %
c [g 0] size: 69    x 507  
c [scc] new: 0 BP 0M T: 0.00
c [vrep] vars 0 lits 0 rem-bin-cls 0 rem-long-cls 0 BP 0M T: 0.01
c [intree] Set 0 vars hyper-added: 0 trans-irred: 0 trans-red: 0 T: 0.00 T-out: N T-r: -1.05%
c [find&init matx] performing matrix init
c [gauss] XOR-encoding clauses are not detached, so no need to reattach them.
c [xor-rem-unconnected] left with 962 xors from 962 non-empty xors T: 0.00
c [xor-together] xored together: 893 orig xors: 962 new xors: 69 T: 0.00
c [xor-rem-unconnected] left with 69 xors from 69 non-empty xors T: 0.00
c [xor-clean-equiv] removed equivalent xors: 0 left with: 69
c [matrix] unused xors from cleaning: 0
c [matrix] Good   matrix 0 69      x507    density:0.1098  xorlen avg: 55.67
c [matrix] Using 1 matrices recovered from 0 xors T: 0.00 T-out: N
c rst  geom svd  vs   1325  775 K 1542      33K   789 5.80    5.71     5772  1866   48K   102 34.52   34.46  
c [distill-long-red0] cls tried: 36/36 T: 0.00 T-out: N T-r: 99.91%
c [distill-long-red1] cls tried: 93/1483 T: 0.01 T-out: Y T-r: -1.64%
c [distill] watch-based irred--  cl tried 9298     cl-sh 0     cl-rem 0    lit-rem 0      T: 0.00 T-out: N
c [distill] watch-based red  --  cl tried 11544    cl-sh 4     cl-rem 0    lit-rem 5      T: 0.01 T-out: N
c rst  geom svd  vs   1326  779 K 1542      33K   789 5.80    5.71     5772  1891   52K   102 35.13   35.08  
c rst  geom svd  vs   1327  783 K 1542      33K   789 5.80    5.71     5800  1865   41K   102 34.34   34.27  
c [distill-bin] useful: 0/789/789 lits-rem: 0 cl-rem: 0 0-depth-assigns: 0 T: 0.01 T-out: N
c rst  geom best vs   1328  787 K 1542      33K   789 5.80    5.71     5802  1878   45K   102 34.18   34.11  
c [full-probe]  bin_only: 0 set: 0 repl: 0 T: 0.01 T-out: N T-r: 97.84%
c rst  geom best vs   1329  792 K 1542      33K   789 5.80    5.71     5825  1546   50K   102 34.28   34.23  
c [distill-long-red0] cls tried: 56/56 T: 0.00 T-out: N T-r: 99.90%
c [distill-long-red1] cls tried: 96/1205 T: 0.01 T-out: Y T-r: -0.20%
c rst  geom best vs   1330  798 K 1542      33K   789 5.80    5.71     5825  1639   41K   102 33.54   33.47  
c rst  geom stb  vs   1331  803 K 1542      33K   789 5.80    5.71     5838  1139   47K   102 33.62   33.56  
c [distill-bin] useful: 0/789/789 lits-rem: 0 cl-rem: 0 0-depth-assigns: 0 T: 0.01 T-out: N
c [distill] watch-based irred--  cl tried 9298     cl-sh 0     cl-rem 0    lit-rem 0      T: 0.00 T-out: N
c [distill] watch-based red  --  cl tried 11676    cl-sh 12    cl-rem 0    lit-rem 22     T: 0.01 T-out: N
c rst  geom stb  vs   1332  810 K 1542      33K   789 5.80    5.71     5865  1121   39K   102 33.78   33.72  
c [distill-long-red0] cls tried: 49/49 T: 0.00 T-out: N T-r: 99.92%
c [distill-long-red1] cls tried: 93/850 T: 0.01 T-out: Y T-r: -2.38%
c [full-probe]  bin_only: 1 set: 0 repl: 0 T: 0.00 T-out: N T-r: 99.85%
c [ccnr] tries: 0 steps: 262143 best found: 13
c [ccnr] saving best assignment phase to stable_polar
c [ccnr] bumping based on var unsat frequency: conflict_ct
c [ccnr] Bumped vars: 1549 bump type: 6
c [ccnr] time: 0.28
c rst  geom stb  vs   1333  817 K 1542      33K   789 5.80    5.71     5865  1141   46K   102 35.15   35.08  
c rst  geom ibes vs   1334  825 K 1542      33K   789 5.80    5.71     5887  1110   39K   102 34.14   34.07  
c [branch] adjusting to: vmtf (from: vsid) var_decay:0.95 descr: VMTF
c [distill-bin] useful: 0/789/789 lits-rem: 0 cl-rem: 0 0-depth-assigns: 0 T: 0.01 T-out: N
c rst  luby ibes vmt  1335  825 K 1542      33K   789 5.80    5.71     5892  1124   39K   102 34.14   34.07  
c rst  luby ibes vmt  1336  825 K 1542      33K   789 5.80    5.71     5894  1126   39K   102 34.14   34.07  
c [distill-long-red0] cls tried: 29/29 T: 0.00 T-out: N T-r: 99.95%
c [distill-long-red1] cls tried: 119/780 T: 0.01 T-out: Y T-r: -1.26%
c rst  luby ibes vmt  1337  825 K 1542      33K   789 5.80    5.71     5894  1128   39K   102 34.13   34.06  
c rst  luby ibes vmt  1338  825 K 1542      33K   789 5.80    5.71     5894  1128   39K   102 34.13   34.06  
c rst  luby ibes vmt  1339  825 K 1542      33K   789 5.80    5.71     5894  1130   39K   102 34.13   34.06  
c rst  luby ibes vmt  1340  825 K 1542      33K   789 5.80    5.71     5894  1132   39K   102 34.12   34.05  
c rst  luby ibes vmt  1341  826 K 1542      33K   789 5.80    5.71     5894  1136   40K   102 34.12   34.05  
c rst  luby ibes vmt  1342  826 K 1542      33K   789 5.80    5.71     5894  1136   40K   102 34.13   34.06  
c rst  luby ibes vmt  1343  826 K 1542      33K   789 5.80    5.71     5894  1136   40K   102 34.15   34.08  
c rst  luby ibes vmt  1344  826 K 1542      33K   789 5.80    5.71     5894  1136   40K   102 34.16   34.09  
c rst  luby ibes vmt  1345  826 K 1542      33K   789 5.80    5.71     5894  1136   40K   102 34.15   34.08  
c rst  luby ibes vmt  1346  826 K 1542      33K   789 5.80    5.71     5894  1137   40K   102 34.14   34.07  
c rst  luby ibes vmt  1347  827 K 1542      33K   789 5.80    5.71     5894  1138   40K   102 34.14   34.07  
c rst  luby ibes vmt  1348  827 K 1542      33K   789 5.80    5.71     5894  1138   41K   102 34.19   34.12  
c rst  luby ibes vmt  1349  828 K 1542      33K   789 5.80    5.71     5894  1141   42K   102 34.22   34.15  
c rst  luby ibes vmt  1350  828 K 1542      33K   789 5.80    5.71     5894  1144   42K   102 34.25   34.18  
c rst  luby ibes vmt  1351  828 K 1542      33K   789 5.80    5.71     5894  1144   42K   102 34.27   34.21  
c rst  luby ibes vmt  1352  828 K 1542      33K   789 5.80    5.71     5894  1145   42K   102 34.28   34.22  
c rst  luby ibes vmt  1353  828 K 1542      33K   789 5.80    5.71     5894  1145   42K   102 34.27   34.21  
c rst  luby ibes vmt  1354  828 K 1542      33K   789 5.80    5.71     5894  1145   42K   102 34.29   34.22  
c [distill] watch-based irred--  cl tried 9298     cl-sh 0     cl-rem 0    lit-rem 0      T: 0.00 T-out: N
c [distill] watch-based red  --  cl tried 11788    cl-sh 3     cl-rem 0    lit-rem 7      T: 0.01 T-out: N
c rst  luby ibes vmt  1355  829 K 1542      33K   789 5.80    5.71     5894  1146   43K   102 34.30   34.23  
c rst  luby ibes vmt  1356  829 K 1542      33K   789 5.80    5.71     5895  1147   43K   102 34.29   34.22  
c rst  luby ibes vmt  1357  829 K 1542      33K   789 5.80    5.71     5895  1148   43K   102 34.30   34.24  
c [impl-str] lit bin: 0 set-var: 0 T: 0.00 T-out: N T-r: 99.96% w-visit: 3098
c [impl-sub] bin: 0 T: 0.00 T-out: N w-visit: 3098
c rst  luby ibes vmt  1358  829 K 1542      33K   789 5.80    5.71     5895  1149   43K   102 34.33   34.26  
c rst  luby ibes vmt  1359  829 K 1542      33K   789 5.80    5.71     5895  1150   43K   102 34.38   34.31  
c rst  luby ibes vmt  1360  830 K 1542      33K   789 5.80    5.71     5895  1151   43K   102 34.39   34.32  
c rst  luby ibes vmt  1361  830 K 1542      33K   789 5.80    5.71     5922  1089   44K   102 34.37   34.31  
c rst  luby ibes vmt  1362  830 K 1542      33K   789 5.80    5.71     5922  1091   44K   102 34.40   34.33  
c [full-probe]  bin_only: 0 set: 0 repl: 0 T: 0.01 T-out: N T-r: 97.66%
c rst  luby ibes vmt  1363  830 K 1542      33K   789 5.80    5.71     5922  1091   44K   102 34.38   34.31  
c rst  luby svd  vmt  1364  831 K 1542      33K   789 5.80    5.71     5922  1091   45K   102 34.37   34.30  
c rst  luby svd  vmt  1365  833 K 1542      33K   789 5.80    5.71     5922  1097   47K   102 34.57   34.50  
c rst  luby svd  vmt  1366  833 K 1542      33K   789 5.80    5.71     5922  1099   47K   102 34.56   34.50  
c rst  luby svd  vmt  1367  833 K 1542      33K   789 5.80    5.71     5922  1099   47K   102 34.56   34.50  
c rst  luby svd  vmt  1368  833 K 1542      33K   789 5.80    5.71     5922  1099   47K   102 34.56   34.50  
c rst  luby svd  vmt  1369  833 K 1542      33K   789 5.80    5.71     5922  1100   47K   102 34.58   34.52  
c rst  luby svd  vmt  1370  833 K 1542      33K   789 5.80    5.71     5922  1101   47K   102 34.60   34.54  
c rst  luby svd  vmt  1371  833 K 1542      33K   789 5.80    5.71     5922  1103   47K   102 34.68   34.62  
c rst  luby svd  vmt  1372  834 K 1542      33K   789 5.80    5.71     5923  1103   48K   102 34.71   34.65  
c rst  luby svd  vmt  1373  834 K 1542      33K   789 5.80    5.71     5923  1103   48K   102 34.74   34.68  
c rst  luby svd  vmt  1374  834 K 1542      33K   789 5.80    5.71     5923  1103   48K   102 34.75   34.69  
c rst  luby svd  vmt  1375  834 K 1542      33K   789 5.80    5.71     5923  1103   48K   102 34.75   34.69  
c rst  luby svd  vmt  1376  834 K 1542      33K   789 5.80    5.71     5923  1103   48K   102 34.77   34.71  
c rst  luby svd  vmt  1377  834 K 1542      33K   789 5.80    5.71     5923  1103   48K   102 34.79   34.73  
c rst  luby svd  vmt  1378  835 K 1542      33K   789 5.80    5.71     5923  1105   49K   102 34.86   34.80  
c rst  luby svd  vmt  1379  835 K 1542      33K   789 5.80    5.71     5923  1106   49K   102 34.94   34.88  
c rst  luby svd  vmt  1380  836 K 1542      33K   789 5.80    5.71     5923  1115   50K   102 35.06   35.00  
c rst  luby svd  vmt  1381  836 K 1542      33K   789 5.80    5.71     5923  1116   50K   102 35.06   35.00  
c rst  luby svd  vmt  1382  836 K 1542      33K   789 5.80    5.71     5923  1116   50K   102 35.07   35.01  
c rst  luby svd  vmt  1383  836 K 1542      33K   789 5.80    5.71     5923  1118   50K   102 35.11   35.05  
c rst  luby svd  vmt  1384  836 K 1542      33K   789 5.80    5.71     5923  1118   50K   102 35.15   35.09  
c rst  luby svd  vmt  1385  836 K 1542      33K   789 5.80    5.71     5923  1120   50K   102 35.15   35.09  
c rst  luby svd  vmt  1386  837 K 1542      33K   789 5.80    5.71     5923  1121   51K   102 35.18   35.12  
c rst  luby svd  vmt  1387  837 K 1542      33K   789 5.80    5.71     5923  1122   51K   102 35.28   35.22  
c [gauss] XOR-encoding clauses are not detached, so no need to reattach them.
c [g 0] truth-find prop checks  : 1864K
c [g 0] -> of which prop        : 60.15 %
c [g 0] -> of which confl       :  1.66 %
c [g 0] elim called             : 101K
c [g 0] ---> which lead to prop : 98.56 %
c [g 0] ---> which lead to confl:  3.05 %
c [g 0] size: 69    x 507  
c [scc] new: 0 BP 0M T: 0.00
c [vrep] vars 0 lits 0 rem-bin-cls 0 rem-long-cls 0 BP 0M T: 0.01
c [intree] Set 0 vars hyper-added: 0 trans-irred: 0 trans-red: 0 T: 0.01 T-out: N T-r: -0.98%
c [find&init matx] performing matrix init
c [gauss] XOR-encoding clauses are not detached, so no need to reattach them.
c [xor-rem-unconnected] left with 962 xors from 962 non-empty xors T: 0.00
c [xor-together] xored together: 893 orig xors: 962 new xors: 69 T: 0.00
c [xor-rem-unconnected] left with 69 xors from 69 non-empty xors T: 0.00
c [xor-clean-equiv] removed equivalent xors: 0 left with: 69
c [matrix] unused xors from cleaning: 0
c [matrix] Good   matrix 0 69      x507    density:0.1098  xorlen avg: 55.67
c [matrix] Using 1 matrices recovered from 0 xors T: 0.00 T-out: N
c rst  luby svd  vmt  1388  837 K 1542      33K   789 5.80    5.71     5923  1122   51K   102 35.29   35.23  
c rst  luby svd  vmt  1389  837 K 1542      33K   789 5.80    5.71     5923  1122   51K   102 35.30   35.24  
c rst  luby svd  vmt  1390  837 K 1542      33K   789 5.80    5.71     5923  1122   51K   102 35.34   35.28  
c rst  luby svd  vmt  1391  838 K 1542      33K   789 5.80    5.71     5923  1122   51K   102 35.33   35.27  
c rst  luby svd  vmt  1392  838 K 1542      33K   789 5.80    5.71     5923  1122   52K   102 35.33   35.28  
c rst  luby svd  vmt  1393  838 K 1542      33K   789 5.80    5.71     5923  1124   52K   102 35.36   35.30  
c rst  luby svd  vmt  1394  838 K 1542      33K   789 5.80    5.71     5923  1125   52K   102 35.38   35.32  
c rst  luby svd  vmt  1395  839 K 1542      33K   789 5.80    5.71     5923  1125   53K   102 35.32   35.26  
c rst  luby svd  vmt  1396  841 K 1542      33K   789 5.80    5.71     5950  1118   38K   102 34.94   34.87  
c [distill-long-red0] cls tried: 58/58 T: 0.00 T-out: N T-r: 99.90%
c [distill-long-red1] cls tried: 90/705 T: 0.01 T-out: Y T-r: -2.92%
c rst  luby svd  vmt  1397  844 K 1542      33K   789 5.80    5.71     5952  1125   41K   102 35.28   35.21  
c rst  geom best vmt  1398  844 K 1542      33K   789 5.80    5.71     5952  1126   41K   102 35.29   35.22  
c rst  geom best vmt  1399  844 K 1542      33K   789 5.80    5.71     5952  1126   41K   102 35.31   35.24  
c rst  geom best vmt  1400  844 K 1542      33K   789 5.80    5.71     5952  1126   41K   102 35.33   35.26  
c rst  geom best vmt  1401  844 K 1542      33K   789 5.80    5.71     5952  1126   42K   102 35.33   35.26  
c rst  geom best vmt  1402  845 K 1542      33K   789 5.80    5.71     5952  1126   42K   102 35.36   35.29  
c rst  geom best vmt  1403  845 K 1542      33K   789 5.80    5.71     5952  1126   42K   102 35.38   35.31  
c [distill-bin] useful: 0/789/789 lits-rem: 0 cl-rem: 0 0-depth-assigns: 0 T: 0.01 T-out: N
c rst  geom best vmt  1404  845 K 1542      33K   789 5.80    5.71     5952  1128   42K   102 35.39   35.32  
c rst  geom best vmt  1405  845 K 1542      33K   789 5.80    5.71     5952  1130   42K   102 35.42   35.35  
c rst  geom best vmt  1406  845 K 1542      33K   789 5.80    5.71     5952  1130   42K   102 35.43   35.36  
c rst  geom best vmt  1407  846 K 1542      33K   789 5.80    5.71     5952  1131   43K   102 35.41   35.35  
c rst  geom best vmt  1408  846 K 1542      33K   789 5.80    5.71     5952  1131   43K   102 35.42   35.35  
c rst  geom best vmt  1409  846 K 1542      33K   789 5.80    5.71     5952  1133   43K   102 35.44   35.38  
c rst  geom best vmt  1410  847 K 1542      33K   789 5.80    5.71     5952  1133   44K   102 35.43   35.36  
c rst  geom best vmt  1411  847 K 1542      33K   789 5.80    5.71     5952  1138   44K   102 35.44   35.37  
c rst  geom best vmt  1412  847 K 1542      33K   789 5.80    5.71     5952  1142   44K   102 35.47   35.40  
c rst  geom best vmt  1413  848 K 1542      33K   789 5.80    5.71     5952  1143   45K   102 35.45   35.38  
c rst  geom best vmt  1414  848 K 1542      33K   789 5.80    5.71     5952  1144   45K   102 35.50   35.44  
c rst  geom best vmt  1415  849 K 1542      33K   789 5.80    5.71     5952  1147   46K   102 35.47   35.40  
c rst  geom best vmt  1416  849 K 1542      33K   789 5.80    5.71     5952  1147   47K   102 35.48   35.41  
c rst  geom best vmt  1417  850 K 1542      33K   789 5.80    5.71     5985  1089   47K   102 35.49   35.42  
c [full-probe]  bin_only: 1 set: 0 repl: 0 T: 0.00 T-out: N T-r: 99.81%
c rst  geom best vmt  1418  851 K 1542      33K   789 5.80    5.71     5985  1093   48K   102 35.49   35.43  
c rst  geom best vmt  1419  852 K 1542      33K   789 5.80    5.71     5985  1100   49K   102 35.52   35.46  
c rst  geom best vmt  1420  853 K 1542      33K   789 5.80    5.71     5985  1103   50K   102 35.62   35.56  
c rst  geom best vmt  1421  853 K 1542      33K   789 5.80    5.71     5985  1103   51K   102 35.66   35.60  
c [distill] watch-based irred--  cl tried 9298     cl-sh 0     cl-rem 0    lit-rem 0      T: 0.00 T-out: N
c [distill] watch-based red  --  cl tried 11970    cl-sh 9     cl-rem 0    lit-rem 19     T: 0.01 T-out: N
c rst  geom best vmt  1422  855 K 1542      33K   789 5.80    5.71     5985  1106   52K   102 35.59   35.54  
c [ccnr] tries: 0 steps: 262143 best found: 10
c [ccnr] saving best assignment phase to stable_polar
c [ccnr] bumping based on clause weights
c [ccnr] Bumped vars: 104 bump type: 6
c [ccnr] time: 0.28
c rst  geom best vmt  1423  856 K 1542      33K   789 5.80    5.71     5993  1272   38K   102 33.49   33.42  
c rst  geom best vmt  1424  857 K 1542      33K   789 5.80    5.71     5993  1283   39K   102 33.00   32.93  
c [distill-long-red0] cls tried: 43/43 T: 0.00 T-out: N T-r: 99.94%
c [distill-long-red1] cls tried: 132/797 T: 0.01 T-out: Y T-r: -0.90%
c rst  geom best vmt  1425  858 K 1542      33K   789 5.80    5.71     5993  1288   41K   102 32.43   32.36  
c rst  geom stb  vmt  1426  860 K 1542      33K   789 5.80    5.71     6029  1204   42K   102 31.87   31.81  
c rst  geom stb  vmt  1427  862 K 1542      33K   789 5.80    5.71     6029  1230   44K   102 31.38   31.32  
c rst  geom stb  vmt  1428  863 K 1542      33K   789 5.80    5.71     6029  1240   46K   102 30.94   30.88  
c rst  geom stb  vmt  1429  866 K 1542      33K   789 5.80    5.71     6030  1257   48K   102 30.44   30.39  
c [distill-bin] useful: 0/789/789 lits-rem: 0 cl-rem: 0 0-depth-assigns: 0 T: 0.00 T-out: N
c rst  geom stb  vmt  1430  868 K 1542      33K   789 5.80    5.71     6032  1272   50K   102 29.93   29.88  
c rst  geom stb  vmt  1431  870 K 1542      33K   789 5.80    5.71     6090  1483   38K   102 26.76   26.71  
c [full-probe]  bin_only: 0 set: 0 repl: 0 T: 0.00 T-out: N T-r: 98.44%
c rst  geom stb  vmt  1432  873 K 1542      33K   789 5.80    5.71     6092  1529   41K   102 26.53   26.48  
c [distill-long-red0] cls tried: 90/90 T: 0.01 T-out: N T-r: 99.75%
c [distill-long-red1] cls tried: 37/969 T: 0.02 T-out: Y T-r: -5.61%
c rst  geom ibes vmt  1433  876 K 1542      33K   789 5.80    5.71     6092  1613   44K   102 26.18   26.13  
c rst  geom ibes vmt  1434  879 K 1542      33K   789 5.80    5.71     6093  1657   47K   102 25.70   25.65  
c [distill] watch-based irred--  cl tried 9298     cl-sh 0     cl-rem 0    lit-rem 0      T: 0.01 T-out: N
c [distill] watch-based red  --  cl tried 12186    cl-sh 4     cl-rem 0    lit-rem 8      T: 0.02 T-out: N
c rst  geom ibes vmt  1435  883 K 1542      33K   789 5.80    5.71     6214  1572   50K   102 25.33   25.29  
c rst  geom ibes vmt  1436  887 K 1542      33K   789 5.80    5.71     6247  2302   39K   102 20.32   20.28  
c [distill-bin] useful: 0/789/789 lits-rem: 0 cl-rem: 0 0-depth-assigns: 0 T: 0.00 T-out: N
c rst  geom svd  vmt  1437  891 K 1542      33K   789 5.80    5.71     6362  2187   44K   102 20.07   20.03  
c [distill-long-red0] cls tried: 267/267 T: 0.03 T-out: N T-r: 98.83%
c [distill-long-red1] cls tried: 23/1645 T: 0.02 T-out: Y T-r: -9.47%
c [full-probe]  bin_only: 1 set: 0 repl: 0 T: 0.00 T-out: N T-r: 99.78%
c [impl-str] lit bin: 0 set-var: 0 T: 0.00 T-out: N T-r: 99.96% w-visit: 3098
c [impl-sub] bin: 0 T: 0.00 T-out: N w-visit: 3098
c rst  geom svd  vmt  1438  896 K 1542      33K   789 5.80    5.71     6363  2214   48K   102 19.78   19.75  
c rst  geom svd  vmt  1439  901 K 1542      33K   789 5.80    5.71     6519  2785   39K   102 17.70   17.66  
c [ccnr] saving best assignment phase to stable_polar
c [ccnr] bumping based on var unsat frequency: conflict_ct
c [ccnr] Bumped vars: 1549 bump type: 6
c [ccnr] time: 0.28
c rst  geom best vmt  1440  907 K 1542      33K   789 5.80    5.71     6522  2837   45K   102 21.32   21.28  
c [branch] adjusting to: vsid (from: vmtf) var_decay:0.95 descr: VSIDS
c [distill-long-red0] cls tried: 160/160 T: 0.03 T-out: N T-r: 98.94%
c [distill-long-red1] cls tried: 22/2347 T: 0.01 T-out: Y T-r: -10.08%
c [distill-bin] useful: 0/789/789 lits-rem: 0 cl-rem: 0 0-depth-assigns: 0 T: 0.00 T-out: N
c [distill] watch-based irred--  cl tried 9298     cl-sh 0     cl-rem 0    lit-rem 0      T: 0.01 T-out: N
c [distill] watch-based red  --  cl tried 11000    cl-sh 3     cl-rem 0    lit-rem 14     T: 0.02 T-out: Y
c [gauss] XOR-encoding clauses are not detached, so no need to reattach them.
c [g 0] truth-find prop checks  : 3110K
c [g 0] -> of which prop        : 30.89 %
c [g 0] -> of which confl       :  1.33 %
c [g 0] elim called             : 321K
c [g 0] ---> which lead to prop : 32.98 %
c [g 0] ---> which lead to confl:  0.75 %
c [g 0] size: 69    x 507  
c [scc] new: 0 BP 0M T: 0.00
c [vrep] vars 0 lits 0 rem-bin-cls 0 rem-long-cls 0 BP 0M T: 0.00
c [intree] Set 0 vars hyper-added: 0 trans-irred: 0 trans-red: 0 T: 0.01 T-out: N T-r: -1.42%
c [find&init matx] performing matrix init
c [gauss] XOR-encoding clauses are not detached, so no need to reattach them.
c [xor-rem-unconnected] left with 962 xors from 962 non-empty xors T: 0.00
c [xor-together] xored together: 893 orig xors: 962 new xors: 69 T: 0.00
c [xor-rem-unconnected] left with 69 xors from 69 non-empty xors T: 0.00
c [xor-clean-equiv] removed equivalent xors: 0 left with: 69
c [matrix] unused xors from cleaning: 0
c [matrix] Good   matrix 0 69      x507    density:0.1098  xorlen avg: 55.67
c [matrix] Using 1 matrices recovered from 0 xors T: 0.00 T-out: N
c rst  geom best vs   1441  907 K 1542      33K   789 5.80    5.71     6522  2837   45K   102 21.32   21.28  
c rst  geom best vs   1442  907 K 1542      33K   789 5.80    5.71     6522  2837   45K   102 21.35   21.31  
c rst  geom best vs   1443  908 K 1542      33K   789 5.80    5.71     6522  2837   45K   102 21.39   21.35  
c rst  geom best vs   1444  908 K 1542      33K   789 5.80    5.71     6522  2837   45K   102 21.43   21.40  
c rst  geom best vs   1445  908 K 1542      33K   789 5.80    5.71     6522  2837   45K   102 21.46   21.42  
c rst  geom best vs   1446  908 K 1542      33K   789 5.80    5.71     6522  2837   45K   102 21.54   21.50  
c rst  geom best vs   1447  908 K 1542      33K   789 5.80    5.71     6522  2837   46K   102 21.59   21.55  
c rst  geom best vs   1448  908 K 1542      33K   789 5.80    5.71     6522  2837   46K   102 21.64   21.60  
c rst  geom best vs   1449  909 K 1542      33K   789 5.80    5.71     6522  2837   46K   102 21.70   21.66  
c rst  geom best vs   1450  909 K 1542      33K   789 5.80    5.71     6522  2837   46K   102 21.76   21.73  
c rst  geom best vs   1451  909 K 1542      33K   789 5.80    5.71     6522  2840   47K   102 21.88   21.85  
c rst  geom best vs   1452  910 K 1542      33K   789 5.80    5.71     6601  2663   47K   102 21.98   21.94  
c rst  geom best vs   1453  910 K 1542      33K   789 5.80    5.71     6601  2663   47K   102 22.03   21.99  
c rst  geom best vs   1454  910 K 1542      33K   789 5.80    5.71     6601  2667   48K   102 22.13   22.10  
c rst  geom best vs   1455  911 K 1542      33K   789 5.80    5.71     6601  2668   48K   102 22.23   22.19  
c rst  geom best vs   1456  911 K 1542      33K   789 5.80    5.71     6601  2673   49K   102 22.32   22.28  
c rst  geom best vs   1457  912 K 1542      33K   789 5.80    5.71     6601  2673   49K   102 22.42   22.38  
c [full-probe]  bin_only: 0 set: 0 repl: 0 T: 0.00 T-out: N T-r: 98.25%
c rst  geom best vs   1458  912 K 1542      33K   789 5.80    5.71     6601  2673   50K   102 22.59   22.55  
c rst  geom best vs   1459  913 K 1542      33K   789 5.80    5.71     6601  2675   50K   102 22.63   22.59  
c rst  geom best vs   1460  913 K 1542      33K   789 5.80    5.71     6601  2676   51K   102 22.73   22.70  
c rst  geom best vs   1461  914 K 1542      33K   789 5.80    5.71     6601  2676   51K   102 22.76   22.72  
c recursive minimization cost OK: 1662Kcost/(% lits removed)
c [gauss] XOR-encoding clauses are not detached, so no need to reattach them.
c [g 0] truth-find prop checks  : 197K
c [g 0] -> of which prop        : 60.27 %
c [g 0] -> of which confl       :  1.45 %
c [g 0] elim called             : 11166
c [g 0] ---> which lead to prop : 103.11 %
c [g 0] ---> which lead to confl:  2.94 %
c [g 0] size: 69    x 507  
c --> Executing strategy token: scc-vrepl
c [scc] new: 0 BP 0M T: 0.00
c --> Executing strategy token: sub-impl
c [impl-sub] bin: 0 T: 0.00 T-out: N w-visit: 3098
c --> Executing strategy token: breakid
c --> Executing OCC strategy token(s): 'occ-backw-sub-str,occ-clean-implicit,occ-bve,occ-bva,occ-ternary-res,occ-xor,'
c [occ] mem usage for occur 3      MB
c [occ] Linked in IRRED BIN by default: 789
c [occ] Linked in RED   BIN by default: 102
c [occ] mem usage for occur 0      MB
c Mem for watch alloc      : 18          MB (29.63     %)
c Mem for watch array      : 0           MB (0.11      %)
c --> Executing OCC strategy token: occ-backw-sub-str
c [occ-backw-sub-str-long-w-bins] subs: 0 str: 12 tried: 11270 0-depth ass: 0 T: 0.00 T-out: N T-r: 99.20%
c [occ-backw-sub-long-w-long] rem cl: 118 tried: 94297/94297 (100.0%) T: 0.04 T-out: N T-r: 75.55%
c [occ-backw-sub-str-long-w-long] sub: 2 str: 42 tried: 282891/94297 (300.0)  T: 0.22 T-out: N T-r: 54.25%
c --> Executing OCC strategy token: occ-clean-implicit
c --> Executing OCC strategy token: occ-bve
c [occ-empty-res] Empty resolvent elimed: 0 T: 0.00 T-out: N
c [occ-bve] iter v-elim 0
c cl_inc_rate=1.0, var_dec_rate=1.0 (grow=0)
c Reduced to 1542 vars, 34222 cls (grow=0)
c [occ-bve] iter v-elim 0
c cl_inc_rate=1.0, var_dec_rate=1.0 (grow=8)
c Reduced to 1542 vars, 34222 cls (grow=8)
c [occ-bve] iter v-elim 0
c cl_inc_rate=1.0, var_dec_rate=1.0 (grow=16)
c Reduced to 1542 vars, 34222 cls (grow=16)
c x n vars       : 1542
c #try to eliminate:  4626
c #var-elim        :     0
c #T-o: N
c #T-r: 99.99%
c #T  : 0.27
c [occur] 0.02 is overhead
c [occur] link-in T: 0.02 cleanup T: 0.00
c --> Executing OCC strategy token: occ-bva
c --> Executing OCC strategy token: occ-ternary-res
c [occ-ternary-res] Ternary res-tri: 0 res-bin: 0 sub: 0 str: 0 T: 0.00 T-out: N T-r: 99.80%
c --> Executing OCC strategy token: occ-xor
c [occ-xor] sort occur list T: 0.00
c [xor-clean-equiv] removed equivalent xors: 0 left with: 952
c [occ-xor] found    952 avg sz 5.9 min sz  4 max sz  6 T: 0.01 T-out: N T-r: 99.97%
c --> Executing strategy token: card-find
c --> Executing strategy token: cl-consolidate
c Not consolidating memory.
c --> Executing strategy token: scc-vrepl
c [scc] new: 0 BP 0M T: 0.00
c --> Executing strategy token: renumber
c --> Executing strategy token: bosphorus
c --> Executing strategy token: louvain-comms
c [consolidate] mini T: 0.00
c global_timeout_multiplier: 5.3147
c [branch] rebuilding order heap for all branchings. Current branching: vsid
c [find&init matx] performing matrix init
c [gauss] XOR-encoding clauses are not detached, so no need to reattach them.
c [xor-rem-unconnected] left with 952 xors from 952 non-empty xors T: 0.00
c [xor-together] xored together: 878 orig xors: 952 new xors: 74 T: 0.00
c [xor-rem-unconnected] left with 74 xors from 74 non-empty xors T: 0.00
c [xor-clean-equiv] removed equivalent xors: 0 left with: 74
c [matrix] unused xors from cleaning: 0
c [matrix] Good   matrix  0     74 x  516  density:0.0999  xorlen avg: 51.54
c [matrix] Using 1 matrices recovered from 0 xors T: 0.00 T-out: N
c rst  geom best   vs  1462  914K    1542   33K   789    5.80    5.71  6504  2925   51K   102   22.85   22.82
c rst  geom best   vs  1463  915K    1542   33K   789    5.80    5.71  6504  2926   38K   102   24.04   24.00
c rst  geom best   vs  1464  916K    1542   33K   789    5.80    5.71  6504  2927   39K   102   24.36   24.31
c rst  geom  stb   vs  1465  917K    1542   33K   789    5.80    5.71  6504  2927   40K   102   24.82   24.77
c rst  geom  stb   vs  1466  918K    1542   33K   789    5.80    5.71  6504  2929   41K   102   25.03   24.99
c rst  geom  stb   vs  1467  919K    1542   33K   789    5.80    5.71  6504  2930   42K   102   25.35   25.30
c rst  geom  stb   vs  1468  920K    1542   33K   789    5.80    5.71  6512  2755   43K   102   25.68   25.63
c rst  geom  stb   vs  1469  922K    1542   33K   789    5.80    5.71  6512  2761   45K   102   25.90   25.86
c rst  geom  stb   vs  1470  923K    1542   33K   789    5.80    5.71  6513  2764   46K   102   25.97   25.93
c [distill-long-red0] cls tried: 110/110 T: 0.02 T-out: N T-r: 99.50%
c [distill-long-red1] cls tried: 19/2364 T: 0.01 T-out: Y T-r: -6.29%
c rst  geom  stb   vs  1471  925K    1542   33K   789    5.80    5.71  6513  2771   48K   102   26.25   26.20
c rst  geom  stb   vs  1472  927K    1542   33K   789    5.80    5.71  6513  2774   50K   102   26.42   26.38
c rst  geom  stb   vs  1473  929K    1542   33K   789    5.80    5.71  6513  2779   52K   102   26.66   26.61
c [distill-bin] useful: 0/789/789 lits-rem: 0 cl-rem: 0 0-depth-assigns: 0 T: 0.01 T-out: N
c rst  geom  stb   vs  1474  931K    1542   33K   789    5.80    5.71  6557  2741   39K   102   28.98   28.92
c rst  geom ibes   vs  1475  934K    1542   33K   789    5.80    5.71  6557  2748   41K   102   29.54   29.49
c [full-probe]  bin_only: 1 set: 0 repl: 0 T: 0.00 T-out: N T-r: 99.75%
c [distill] watch-based irred--  cl tried     9850 cl-sh    16 cl-rem    8 lit-rem     16 T: 0.01 T-out: N
c [distill] watch-based   red--  cl tried    13114 cl-sh     7 cl-rem    0 lit-rem     16 T: 0.02 T-out: N
c rst  geom ibes   vs  1476  936K    1542   33K   790    5.80    5.71  6558  2754   44K   101   29.84   29.79
c rst  geom ibes   vs  1477  939K    1542   33K   790    5.80    5.71  6558  2763   47K   101   30.15   30.10
c [distill-long-red0] cls tried: 43/43 T: 0.00 T-out: N T-r: 99.90%
c [distill-long-red1] cls tried: 24/2382 T: 0.02 T-out: Y T-r: -4.12%
c rst  geom ibes   vs  1478  943K    1542   33K   790    5.80    5.71  6579  2678   50K   101   30.14   30.09
c rst  geom ibes   vs  1479  946K    1542   33K   790    5.80    5.71  6590  2776   39K   101   29.97   29.91
c [ccnr] saving best assignment phase to stable_polar
c [ccnr] bumping based on var unsat frequency: conflict_ct
c [ccnr] Bumped vars: 1549 bump type: 6
c [ccnr] time: 0.28
c rst  geom  svd   vs  1480  950K    1542   33K   790    5.80    5.71  6607  2524   44K   101   30.55   30.49
c [distill-bin] useful: 2/790/790 lits-rem: 0 cl-rem: 2 0-depth-assigns: 0 T: 0.01 T-out: N
c rst  geom  svd   vs  1481  955K    1542   33K   788    5.80    5.71  6607  2530   48K   101   31.17   31.12
c [distill-long-red0] cls tried: 46/46 T: 0.00 T-out: N T-r: 99.88%
c [distill-long-red1] cls tried: 54/2179 T: 0.02 T-out: Y T-r: -1.86%
c [full-probe]  bin_only: 0 set: 0 repl: 0 T: 0.01 T-out: N T-r: 97.51%
c [impl-str] lit bin: 0 set-var: 0 T: 0.00 T-out: N T-r: 99.96% w-visit: 3098
c [impl-sub] bin: 0 T: 0.00 T-out: N w-visit: 3098
c rst  geom  svd   vs  1482  959K    1542   33K   788    5.80    5.71  6607  2547   53K   101   31.17   31.12
c [distill] watch-based irred--  cl tried     9842 cl-sh     0 cl-rem    0 lit-rem      0 T: 0.01 T-out: N
c [distill] watch-based   red--  cl tried    13214 cl-sh     9 cl-rem    0 lit-rem     13 T: 0.01 T-out: N
c rst  geom  svd   vs  1483  965K    1542   33K   788    5.80    5.71  6649  2131   44K   101   30.53   30.47
c rst  geom best   vs  1484  971K    1542   33K   788    5.80    5.71  6654  1476   50K   101   31.65   31.60
c [distill-long-red0] cls tried: 52/52 T: 0.00 T-out: N T-r: 99.88%
c [distill-long-red1] cls tried: 66/1160 T: 0.02 T-out: Y T-r: -1.34%
c [distill-bin] useful: 0/788/788 lits-rem: 0 cl-rem: 0 0-depth-assigns: 0 T: 0.01 T-out: N
c rst  geom best   vs  1485  977K    1542   33K   788    5.80    5.71  6659  1575   42K   101   31.56   31.50
c [full-probe]  bin_only: 1 set: 0 repl: 0 T: 0.00 T-out: N T-r: 99.83%
c [gauss] XOR-encoding clauses are not detached, so no need to reattach them.
c [g 0] truth-find prop checks  : 1976K
c [g 0] -> of which prop        : 59.20 %
c [g 0] -> of which confl       :  1.31 %
c [g 0] elim called             : 124K
c [g 0] ---> which lead to prop : 95.27 %
c [g 0] ---> which lead to confl:  2.55 %
c [g 0] size: 74    x 516  
c [scc] new: 0 BP 0M T: 0.00
c [vrep] vars 0 lits 0 rem-bin-cls 0 rem-long-cls 0 BP 0M T: 0.01
c [intree] Set 0 vars hyper-added: 0 trans-irred: 0 trans-red: 0 T: 0.00 T-out: N T-r: -0.87%
c [find&init matx] performing matrix init
c [gauss] XOR-encoding clauses are not detached, so no need to reattach them.
c [xor-rem-unconnected] left with 952 xors from 952 non-empty xors T: 0.00
c [xor-together] xored together: 878 orig xors: 952 new xors: 74 T: 0.00
c [xor-rem-unconnected] left with 74 xors from 74 non-empty xors T: 0.00
c [xor-clean-equiv] removed equivalent xors: 0 left with: 74
c [matrix] unused xors from cleaning: 0
c [matrix] Good   matrix 0 74      x516    density:0.0999  xorlen avg: 51.54
c [matrix] Using 1 matrices recovered from 0 xors T: 0.00 T-out: N
c rst  geom best vs   1486  984 K 1542      33K   788 5.80    5.71     6680  1008   50K   101 32.71   32.66  
c rst  geom stb  vs   1487  992 K 1542      33K   788 5.80    5.71     6696  1082   42K   101 33.25   33.18  
c [distill-long-red0] cls tried: 41/41 T: 0.00 T-out: N T-r: 99.90%
c [distill-long-red1] cls tried: 70/774 T: 0.02 T-out: Y T-r: -2.87%
c [distill-bin] useful: 0/788/788 lits-rem: 0 cl-rem: 0 0-depth-assigns: 0 T: 0.00 T-out: N
c [distill] watch-based irred--  cl tried 9842     cl-sh 0     cl-rem 0    lit-rem 0      T: 0.00 T-out: N
c [distill] watch-based red  --  cl tried 13392    cl-sh 8     cl-rem 0    lit-rem 8      T: 0.01 T-out: N
c [ccnr] tries: 0 steps: 262143 best found: 11
c [ccnr] saving best assignment phase to stable_polar
c [ccnr] bumping based on clause weights
c [ccnr] Bumped vars: 102 bump type: 6
c [ccnr] time: 0.28
c rst  geom stb  vs   1488  1000K 1542      33K   788 5.80    5.71     6714  1030   50K   101 34.20   34.14  
c [branch] adjusting to: vmtf (from: vsid) var_decay:0.95 descr: VMTF
c [full-probe]  bin_only: 0 set: 0 repl: 0 T: 0.01 T-out: N T-r: 97.58%
c rst  luby ibes vmt  1489  1000K 1542      33K   788 5.80    5.71     6714  1030   50K   101 34.19   34.13  
c rst  luby ibes vmt  1490  1001K 1542      33K   788 5.80    5.71     6714  1031   51K   101 34.17   34.11  
c rst  luby ibes vmt  1491  1001K 1542      33K   788 5.80    5.71     6714  1031   51K   101 34.10   34.04  
c rst  luby ibes vmt  1492  1001K 1542      33K   788 5.80    5.71     6714  1034   51K   101 34.09   34.03  
c rst  luby ibes vmt  1493  1001K 1542      33K   788 5.80    5.71     6714  1040   51K   101 34.07   34.01  
c rst  luby ibes vmt  1494  1001K 1542      33K   788 5.80    5.71     6714  1042   51K   101 34.03   33.97  
c rst  luby ibes vmt  1495  1002K 1542      33K   788 5.80    5.71     6714  1045   52K   101 33.90   33.85  
c rst  luby ibes vmt  1496  1002K 1542      33K   788 5.80    5.71     6714  1045   52K   101 33.87   33.82  
c rst  luby ibes vmt  1497  1002K 1542      33K   788 5.80    5.71     6714  1055   52K   101 33.84   33.79  
c rst  luby ibes vmt  1498  1002K 1542      33K   788 5.80    5.71     6714  1056   52K   101 33.81   33.76  
c rst  luby ibes vmt  1499  1002K 1542      33K   788 5.80    5.71     6714  1057   52K   101 33.78   33.73  
c rst  luby ibes vmt  1500  1002K 1542      33K   788 5.80    5.71     6714  1061   52K   101 33.76   33.71  
c rst  luby ibes vmt  1501  1002K 1542      33K   788 5.80    5.71     6714  1064   52K   101 33.71   33.65  
c rst  luby ibes vmt  1502  1003K 1542      33K   788 5.80    5.71     6714  1073   53K   101 33.60   33.55  
c rst  luby ibes vmt  1503  1004K 1542      33K   788 5.80    5.71     6714  1084   54K   101 33.43   33.38  
c rst  luby ibes vmt  1504  1004K 1542      33K   788 5.80    5.71     6714  1084   54K   101 33.42   33.37  
c rst  luby ibes vmt  1505  1004K 1542      33K   788 5.80    5.71     6714  1084   54K   101 33.40   33.35  
c rst  luby ibes vmt  1506  1004K 1542      33K   788 5.80    5.71     6714  1091   54K   101 33.35   33.30  
c rst  luby ibes vmt  1507  1004K 1542      33K   788 5.80    5.71     6714  1091   54K   101 33.32   33.27  
c rst  luby ibes vmt  1508  1004K 1542      33K   788 5.80    5.71     6714  1092   54K   101 33.29   33.24  
c rst  luby ibes vmt  1509  1004K 1542      33K   788 5.80    5.71     6714  1092   54K   101 33.25   33.20  
c rst  luby ibes vmt  1510  1005K 1542      33K   788 5.80    5.71     6768  1386   39K   101 31.70   31.64  
c rst  luby ibes vmt  1511  1005K 1542      33K   788 5.80    5.71     6770  1399   39K   101 31.67   31.61  
c rst  luby ibes vmt  1512  1005K 1542      33K   788 5.80    5.71     6770  1399   39K   101 31.65   31.59  
c rst  luby ibes vmt  1513  1005K 1542      33K   788 5.80    5.71     6770  1406   39K   101 31.63   31.57  
c rst  luby ibes vmt  1514  1005K 1542      33K   788 5.80    5.71     6770  1406   39K   101 31.60   31.54  
c rst  luby ibes vmt  1515  1005K 1542      33K   788 5.80    5.71     6770  1407   39K   101 31.58   31.52  
c rst  luby ibes vmt  1516  1006K 1542      33K   788 5.80    5.71     6770  1414   40K   101 31.56   31.49  
c rst  luby ibes vmt  1517  1006K 1542      33K   788 5.80    5.71     6770  1418   40K   101 31.43   31.37  
c rst  luby ibes vmt  1518  1007K 1542      33K   788 5.80    5.71     6770  1430   41K   101 31.16   31.10  
c rst  luby ibes vmt  1519  1008K 1542      33K   788 5.80    5.71     6771  1462   42K   101 30.68   30.62  
c [distill-long-red0] cls tried: 79/79 T: 0.01 T-out: N T-r: 99.83%
c [distill-long-red1] cls tried: 68/1095 T: 0.01 T-out: Y T-r: -1.40%
c rst  luby ibes vmt  1520  1008K 1542      33K   788 5.80    5.71     6771  1465   42K   101 30.64   30.58  
c rst  luby ibes vmt  1521  1009K 1542      33K   788 5.80    5.71     6771  1468   42K   101 30.62   30.57  
c rst  luby ibes vmt  1522  1009K 1542      33K   788 5.80    5.71     6771  1471   43K   101 30.60   30.54  
c rst  luby ibes vmt  1523  1009K 1542      33K   788 5.80    5.71     6771  1471   43K   101 30.57   30.52  
c rst  luby ibes vmt  1524  1009K 1542      33K   788 5.80    5.71     6771  1473   43K   101 30.55   30.50  
c rst  luby ibes vmt  1525  1009K 1542      33K   788 5.80    5.71     6771  1481   43K   101 30.51   30.45  
c rst  luby ibes vmt  1526  1010K 1542      33K   788 5.80    5.71     6840  1364   44K   101 30.46   30.40  
c rst  luby ibes vmt  1527  1010K 1542      33K   788 5.80    5.71     6840  1366   44K   101 30.45   30.39  
c rst  luby ibes vmt  1528  1010K 1542      33K   788 5.80    5.71     6840  1368   44K   101 30.44   30.38  
c rst  luby ibes vmt  1529  1010K 1542      33K   788 5.80    5.71     6840  1374   44K   101 30.39   30.34  
c rst  luby ibes vmt  1530  1010K 1542      33K   788 5.80    5.71     6840  1380   44K   101 30.37   30.32  
c rst  luby ibes vmt  1531  1010K 1542      33K   788 5.80    5.71     6840  1380   44K   101 30.35   30.30  
c rst  luby ibes vmt  1532  1010K 1542      33K   788 5.80    5.71     6840  1383   44K   101 30.30   30.25  
c rst  luby ibes vmt  1533  1011K 1542      33K   788 5.80    5.71     6840  1389   45K   101 30.19   30.14  
c rst  luby ibes vmt  1534  1012K 1542      33K   788 5.80    5.71     6840  1393   46K   101 29.98   29.93  
c rst  luby ibes vmt  1535  1012K 1542      33K   788 5.80    5.71     6840  1394   46K   101 29.96   29.91  
c rst  luby ibes vmt  1536  1012K 1542      33K   788 5.80    5.71     6840  1394   46K   101 29.93   29.88  
c [distill-bin] useful: 0/788/788 lits-rem: 0 cl-rem: 0 0-depth-assigns: 0 T: 0.00 T-out: N
c rst  luby ibes vmt  1537  1012K 1542      33K   788 5.80    5.71     6840  1396   46K   101 29.88   29.83  
c rst  luby ibes vmt  1538  1012K 1542      33K   788 5.80    5.71     6840  1401   46K   101 29.85   29.80  
c rst  luby ibes vmt  1539  1012K 1542      33K   788 5.80    5.71     6840  1402   46K   101 29.83   29.78  
c rst  luby ibes vmt  1540  1012K 1542      33K   788 5.80    5.71     6840  1407   46K   101 29.79   29.74  
c rst  luby ibes vmt  1541  1013K 1542      33K   788 5.80    5.71     6840  1415   47K   101 29.69   29.64  
c rst  luby ibes vmt  1542  1013K 1542      33K   788 5.80    5.71     6840  1416   47K   101 29.67   29.62  
c rst  luby ibes vmt  1543  1013K 1542      33K   788 5.80    5.71     6840  1416   47K   101 29.67   29.62  
c rst  luby ibes vmt  1544  1013K 1542      33K   788 5.80    5.71     6840  1420   47K   101 29.67   29.62  
c rst  luby ibes vmt  1545  1013K 1542      33K   788 5.80    5.71     6840  1423   47K   101 29.65   29.60  
c rst  luby ibes vmt  1546  1013K 1542      33K   788 5.80    5.71     6840  1425   47K   101 29.63   29.58  
c rst  luby ibes vmt  1547  1014K 1542      33K   788 5.80    5.71     6840  1426   47K   101 29.57   29.52  
c rst  luby ibes vmt  1548  1014K 1542      33K   788 5.80    5.71     6840  1433   48K   101 29.46   29.41  
c rst  luby ibes vmt  1549  1015K 1542      33K   788 5.80    5.71     6840  1447   49K   101 29.31   29.26  
c [impl-str] lit bin: 0 set-var: 0 T: 0.00 T-out: N T-r: 99.96% w-visit: 3098
c [impl-sub] bin: 0 T: 0.00 T-out: N w-visit: 3098
c rst  luby ibes vmt  1550  1016K 1542      33K   788 5.80    5.71     6842  1468   50K   101 29.09   29.04  
c rst  luby svd  vmt  1551  1020K 1542      33K   788 5.80    5.71     7025  2067   38K   101 25.28   25.23  
c [distill] watch-based irred--  cl tried 9842     cl-sh 0     cl-rem 0    lit-rem 0      T: 0.01 T-out: N
c [distill] watch-based red  --  cl tried 14018    cl-sh 7     cl-rem 0    lit-rem 21     T: 0.02 T-out: Y
c rst  luby svd  vmt  1552  1020K 1542      33K   788 5.80    5.71     7025  2068   38K   101 25.27   25.22  
c rst  luby svd  vmt  1553  1020K 1542      33K   788 5.80    5.71     7025  2069   38K   101 25.26   25.21  
c rst  luby svd  vmt  1554  1020K 1542      33K   788 5.80    5.71     7026  2069   38K   101 25.25   25.20  
c rst  luby svd  vmt  1555  1020K 1542      33K   788 5.80    5.71     7026  2075   38K   101 25.24   25.19  
c rst  luby svd  vmt  1556  1020K 1542      33K   788 5.80    5.71     7026  2077   38K   101 25.25   25.20  
c rst  luby svd  vmt  1557  1020K 1542      33K   788 5.80    5.71     7026  2079   38K   101 25.24   25.19  
c [full-probe]  bin_only: 1 set: 0 repl: 0 T: 0.01 T-out: N T-r: 99.77%
c rst  luby svd  vmt  1558  1021K 1542      33K   788 5.80    5.71     7026  2081   39K   101 25.25   25.20  
c rst  luby svd  vmt  1559  1021K 1542      33K   788 5.80    5.71     7026  2081   39K   101 25.25   25.20  
c rst  luby svd  vmt  1560  1021K 1542      33K   788 5.80    5.71     7026  2081   39K   101 25.23   25.19  
c rst  luby svd  vmt  1561  1021K 1542      33K   788 5.80    5.71     7026  2083   39K   101 25.22   25.17  
c rst  luby svd  vmt  1562  1021K 1542      33K   788 5.80    5.71     7026  2090   39K   101 25.20   25.16  
c rst  luby svd  vmt  1563  1021K 1542      33K   788 5.80    5.71     7026  2090   39K   101 25.18   25.14  
c rst  luby svd  vmt  1564  1022K 1542      33K   788 5.80    5.71     7026  2090   40K   101 25.18   25.14  
c rst  luby svd  vmt  1565  1022K 1542      33K   788 5.80    5.71     7026  2094   40K   101 25.16   25.12  
c rst  luby svd  vmt  1566  1023K 1542      33K   788 5.80    5.71     7027  2097   41K   101 25.00   24.95  
c rst  luby svd  vmt  1567  1023K 1542      33K   788 5.80    5.71     7027  2099   41K   101 24.99   24.94  
c rst  luby svd  vmt  1568  1023K 1542      33K   788 5.80    5.71     7027  2099   41K   101 24.97   24.93  
c rst  luby svd  vmt  1569  1023K 1542      33K   788 5.80    5.71     7027  2100   41K   101 24.96   24.91  
c rst  luby svd  vmt  1570  1023K 1542      33K   788 5.80    5.71     7027  2101   41K   101 24.94   24.90  
c rst  luby svd  vmt  1571  1023K 1542      33K   788 5.80    5.71     7027  2101   41K   101 24.93   24.88  
c [distill-long-red0] cls tried: 253/253 T: 0.02 T-out: N T-r: 99.07%
c [distill-long-red1] cls tried: 30/1698 T: 0.02 T-out: Y T-r: -4.03%
c rst  luby svd  vmt  1572  1024K 1542      33K   788 5.80    5.71     7025  2102   42K   103 24.86   24.81  
c rst  luby svd  vmt  1573  1024K 1542      33K   788 5.80    5.71     7025  2103   42K   103 24.79   24.75  
c rst  luby svd  vmt  1574  1024K 1542      33K   788 5.80    5.71     7025  2103   42K   103 24.78   24.73  
c rst  luby svd  vmt  1575  1024K 1542      33K   788 5.80    5.71     7025  2103   42K   103 24.77   24.72  
c rst  luby svd  vmt  1576  1024K 1542      33K   788 5.80    5.71     7025  2106   42K   103 24.74   24.70  
c rst  luby svd  vmt  1577  1025K 1542      33K   788 5.80    5.71     7025  2106   42K   103 24.73   24.69  
c rst  luby svd  vmt  1578  1025K 1542      33K   788 5.80    5.71     7025  2107   43K   103 24.72   24.68  
c rst  luby svd  vmt  1579  1025K 1542      33K   788 5.80    5.71     7025  2108   43K   103 24.70   24.66  
c rst  luby svd  vmt  1580  1025K 1542      33K   788 5.80    5.71     7025  2110   43K   103 24.65   24.61  
c rst  luby svd  vmt  1581  1026K 1542      33K   788 5.80    5.71     7025  2117   44K   103 24.59   24.55  
c rst  luby svd  vmt  1582  1028K 1542      33K   788 5.80    5.71     7025  2140   46K   103 24.49   24.45  
c rst  luby svd  vmt  1583  1028K 1542      33K   788 5.80    5.71     7025  2141   46K   103 24.50   24.45  
c rst  luby svd  vmt  1584  1028K 1542      33K   788 5.80    5.71     7025  2141   46K   103 24.49   24.45  
c rst  luby svd  vmt  1585  1028K 1542      33K   788 5.80    5.71     7025  2143   46K   103 24.47   24.43  
c rst  luby svd  vmt  1586  1028K 1542      33K   788 5.80    5.71     7025  2143   46K   103 24.46   24.42  
c rst  luby svd  vmt  1587  1028K 1542      33K   788 5.80    5.71     7025  2143   46K   103 24.45   24.41  
c rst  luby svd  vmt  1588  1028K 1542      33K   788 5.80    5.71     7025  2144   46K   103 24.44   24.40  
c rst  luby svd  vmt  1589  1029K 1542      33K   788 5.80    5.71     7025  2148   47K   103 24.40   24.35  
c rst  luby svd  vmt  1590  1029K 1542      33K   788 5.80    5.71     7025  2149   47K   103 24.38   24.34  
c rst  luby svd  vmt  1591  1029K 1542      33K   788 5.80    5.71     7025  2149   47K   103 24.38   24.34  
c rst  luby svd  vmt  1592  1029K 1542      33K   788 5.80    5.71     7025  2149   47K   103 24.35   24.31  
c rst  luby svd  vmt  1593  1029K 1542      33K   788 5.80    5.71     7025  2149   47K   103 24.33   24.29  
c rst  luby svd  vmt  1594  1030K 1542      33K   788 5.80    5.71     7025  2149   47K   103 24.32   24.28  
c rst  luby svd  vmt  1595  1030K 1542      33K   788 5.80    5.71     7116  1964   48K   103 24.29   24.25  
c rst  luby svd  vmt  1596  1030K 1542      33K   788 5.80    5.71     7116  1969   48K   103 24.27   24.23  
c rst  luby svd  vmt  1597  1031K 1542      33K   788 5.80    5.71     7117  1978   49K   103 24.25   24.21  
c rst  luby svd  vmt  1598  1031K 1542      33K   788 5.80    5.71     7117  1978   49K   103 24.24   24.20  
c rst  luby svd  vmt  1599  1031K 1542      33K   788 5.80    5.71     7117  1978   49K   103 24.22   24.18  
c rst  luby svd  vmt  1600  1031K 1542      33K   788 5.80    5.71     7117  1978   49K   103 24.20   24.16  
c rst  luby svd  vmt  1601  1031K 1542      33K   788 5.80    5.71     7117  1978   49K   103 24.18   24.15  
c rst  luby svd  vmt  1602  1032K 1542      33K   788 5.80    5.71     7117  1978   49K   103 24.17   24.13  
c rst  luby svd  vmt  1603  1032K 1542      33K   788 5.80    5.71     7117  1981   50K   103 24.16   24.12  
c rst  geom best vmt  1604  1032K 1542      33K   788 5.80    5.71     7117  1981   50K   103 24.15   24.11  
c [distill-bin] useful: 0/788/788 lits-rem: 0 cl-rem: 0 0-depth-assigns: 0 T: 0.01 T-out: N
c rst  geom best vmt  1605  1032K 1542      33K   788 5.80    5.71     7117  1981   50K   103 24.13   24.09  
c rst  geom best vmt  1606  1032K 1542      33K   788 5.80    5.71     7117  1982   50K   103 24.12   24.08  
c rst  geom best vmt  1607  1032K 1542      33K   788 5.80    5.71     7117  1982   50K   103 24.09   24.06  
c rst  geom best vmt  1608  1032K 1542      33K   788 5.80    5.71     7117  1982   50K   103 24.07   24.03  
c rst  geom best vmt  1609  1033K 1542      33K   788 5.80    5.71     7118  1982   51K   103 24.05   24.01  
c rst  geom best vmt  1610  1033K 1542      33K   788 5.80    5.71     7118  1982   51K   103 24.02   23.99  
c rst  geom best vmt  1611  1033K 1542      33K   788 5.80    5.71     7118  1983   51K   103 23.99   23.95  
c rst  geom best vmt  1612  1033K 1542      33K   788 5.80    5.71     7118  1983   51K   103 23.95   23.92  
c rst  geom best vmt  1613  1033K 1542      33K   788 5.80    5.71     7118  1985   51K   103 23.96   23.92  
c rst  geom best vmt  1614  1034K 1542      33K   788 5.80    5.71     7118  1985   52K   103 23.94   23.90  
c rst  geom best vmt  1615  1034K 1542      33K   788 5.80    5.71     7118  1987   52K   103 23.89   23.85  
c rst  geom best vmt  1616  1034K 1542      33K   788 5.80    5.71     7118  1990   52K   103 23.86   23.82  
c rst  geom best vmt  1617  1035K 1542      33K   788 5.80    5.71     7176  2680   38K   103 18.97   18.93  
c rst  geom best vmt  1618  1035K 1542      33K   788 5.80    5.71     7176  2680   38K   103 18.94   18.90  
c rst  geom best vmt  1619  1036K 1542      33K   788 5.80    5.71     7176  2683   39K   103 18.90   18.87  
c rst  geom best vmt  1620  1036K 1542      33K   788 5.80    5.71     7176  2683   39K   103 18.85   18.81  
c [ccnr] tries: 0 steps: 262143 best found: 10
c [ccnr] saving best assignment phase to stable_polar
c [ccnr] bumping based on var unsat frequency: conflict_ct
c [ccnr] Bumped vars: 1549 bump type: 6
c [ccnr] time: 0.28
c rst  geom best vmt  1621  1037K 1542      33K   788 5.80    5.71     7176  2701   40K   103 19.09   19.05  
c rst  geom best vmt  1622  1037K 1542      33K   788 5.80    5.71     7176  2702   40K   103 19.23   19.19  
c rst  geom best vmt  1623  1038K 1542      33K   788 5.80    5.71     7176  2703   41K   103 19.54   19.50  
c rst  geom best vmt  1624  1039K 1542      33K   788 5.80    5.71     7176  2703   42K   103 19.94   19.90  
c [distill-long-red0] cls tried: 148/148 T: 0.03 T-out: N T-r: 99.13%
c [distill-long-red1] cls tried: 28/2291 T: 0.02 T-out: Y T-r: -4.78%
c rst  geom best vmt  1625  1039K 1542      33K   788 5.80    5.71     7176  2704   42K   103 20.07   20.03  
c rst  geom best vmt  1626  1040K 1542      33K   788 5.80    5.71     7229  2582   43K   103 20.27   20.24  
c rst  geom best vmt  1627  1041K 1542      33K   788 5.80    5.71     7229  2584   44K   103 20.51   20.48  
c [full-probe]  bin_only: 0 set: 0 repl: 0 T: 0.01 T-out: N T-r: 98.32%
c rst  geom best vmt  1628  1042K 1542      33K   788 5.80    5.71     7229  2588   45K   103 20.71   20.68  
c [gauss] XOR-encoding clauses are not detached, so no need to reattach them.
c [g 0] truth-find prop checks  : 2668K
c [g 0] -> of which prop        : 33.71 %
c [g 0] -> of which confl       :  1.32 %
c [g 0] elim called             : 270K
c [g 0] ---> which lead to prop : 41.50 %
c [g 0] ---> which lead to confl:  0.96 %
c [g 0] size: 74    x 516  
c [scc] new: 0 BP 0M T: 0.00
c [vrep] vars 0 lits 0 rem-bin-cls 0 rem-long-cls 0 BP 0M T: 0.00
c [intree] Set 0 vars hyper-added: 5 trans-irred: 0 trans-red: 0 T: 0.00 T-out: N T-r: -1.15%
c [find&init matx] performing matrix init
c [gauss] XOR-encoding clauses are not detached, so no need to reattach them.
c [xor-rem-unconnected] left with 952 xors from 952 non-empty xors T: 0.00
c [xor-together] xored together: 878 orig xors: 952 new xors: 74 T: 0.00
c [xor-rem-unconnected] left with 74 xors from 74 non-empty xors T: 0.00
c [xor-clean-equiv] removed equivalent xors: 0 left with: 74
c [matrix] unused xors from cleaning: 0
c [matrix] Good   matrix 0 74      x516    density:0.0999  xorlen avg: 51.54
c [matrix] Using 1 matrices recovered from 0 xors T: 0.00 T-out: N
c rst  geom best vmt  1629  1043K 1542      33K   788 5.80    5.71     7229  2592   46K   108 21.09   21.05  
c rst  geom best vmt  1630  1045K 1542      33K   788 5.80    5.71     7229  2599   48K   108 21.71   21.68  
c [distill] watch-based irred--  cl tried 9842     cl-sh 0     cl-rem 0    lit-rem 0      T: 0.02 T-out: N
c [distill] watch-based red  --  cl tried 11501    cl-sh 7     cl-rem 2    lit-rem 9      T: 0.02 T-out: Y
c rst  geom best vmt  1631  1046K 1542      33K   788 5.80    5.71     7227  2601   49K   108 22.22   22.19  
c rst  geom best vmt  1632  1048K 1542      33K   788 5.80    5.71     7227  2601   51K   108 22.33   22.30  
c rst  geom stb  vmt  1633  1049K 1542      33K   788 5.80    5.71     7227  2603   52K   108 22.75   22.72  
c rst  geom stb  vmt  1634  1051K 1542      33K   788 5.80    5.71     7251  2630   39K   108 22.28   22.23  
c rst  geom stb  vmt  1635  1053K 1542      33K   788 5.80    5.71     7251  2635   42K   108 22.88   22.83  
c [distill-bin] useful: 0/788/788 lits-rem: 0 cl-rem: 0 0-depth-assigns: 0 T: 0.00 T-out: N
c rst  geom stb  vmt  1636  1056K 1542      33K   788 5.80    5.71     7251  2638   44K   108 23.60   23.56  
c [distill-long-red0] cls tried: 76/76 T: 0.01 T-out: N T-r: 99.70%
c [distill-long-red1] cls tried: 23/2238 T: 0.02 T-out: Y T-r: -7.02%
c rst  geom stb  vmt  1637  1058K 1542      33K   788 5.80    5.71     7251  2640   46K   108 24.00   23.96  
c rst  geom stb  vmt  1638  1061K 1542      33K   788 5.80    5.71     7261  2572   49K   108 24.63   24.58  
c rst  geom stb  vmt  1639  1064K 1542      33K   788 5.80    5.71     7261  2584   52K   108 25.17   25.13  
c [full-probe]  bin_only: 1 set: 0 repl: 0 T: 0.00 T-out: N T-r: 99.85%
c rst  geom ibes vmt  1640  1067K 1542      33K   788 5.80    5.71     7263  2680   40K   108 27.39   27.33  
c rst  geom ibes vmt  1641  1071K 1542      33K   788 5.80    5.71     7281  2529   44K   108 27.62   27.57  
c [distill-long-red0] cls tried: 27/27 T: 0.00 T-out: N T-r: 99.94%
c [distill-long-red1] cls tried: 42/2163 T: 0.02 T-out: Y T-r: -3.23%
c [distill] watch-based irred--  cl tried 9842     cl-sh 0     cl-rem 0    lit-rem 0      T: 0.01 T-out: N
c [distill] watch-based red  --  cl tried 14562    cl-sh 8     cl-rem 0    lit-rem 8      T: 0.01 T-out: N
c rst  geom ibes vmt  1642  1075K 1542      33K   788 5.80    5.71     7281  2549   48K   108 28.32   28.27  
c [distill-bin] useful: 0/788/788 lits-rem: 0 cl-rem: 0 0-depth-assigns: 0 T: 0.01 T-out: N
c rst  geom ibes vmt  1643  1079K 1542      33K   788 5.80    5.71     7282  2565   53K   108 28.88   28.83  
c [impl-str] lit bin: 0 set-var: 0 T: 0.00 T-out: N T-r: 99.96% w-visit: 3098
c [impl-sub] bin: 1 T: 0.00 T-out: N w-visit: 3098
c rst  geom ibes vmt  1644  1084K 1542      33K   788 5.80    5.71     7321  2543   42K   107 31.18   31.12  
c [full-probe]  bin_only: 0 set: 0 repl: 0 T: 0.01 T-out: N T-r: 97.91%
c [ccnr] tries: 0 steps: 262143 best found: 12
c [ccnr] saving best assignment phase to stable_polar
c [ccnr] bumping based on var unsat frequency: conflict_ct
c [ccnr] Bumped vars: 1549 bump type: 6
c [ccnr] time: 0.28
c rst  geom svd  vmt  1645  1089K 1542      33K   788 5.80    5.71     7328  2751   48K   107 31.66   31.60  
c [distill-long-red0] cls tried: 55/55 T: 0.00 T-out: N T-r: 99.88%
c [distill-long-red1] cls tried: 77/2382 T: 0.02 T-out: Y T-r: -3.38%
c rst  geom svd  vmt  1646  1095K 1542      33K   788 5.80    5.71     7401  2724   39K   107 30.21   30.14  
c [distill-bin] useful: 0/788/788 lits-rem: 0 cl-rem: 0 0-depth-assigns: 0 T: 0.01 T-out: N
c rst  geom svd  vmt  1647  1101K 1542      33K   788 5.80    5.71     7710  2617   45K   107 28.36   28.31  
c [distill] watch-based irred--  cl tried 9842     cl-sh 0     cl-rem 0    lit-rem 0      T: 0.01 T-out: N
c [distill] watch-based red  --  cl tried 15420    cl-sh 43    cl-rem 0    lit-rem 60     T: 0.01 T-out: N
c rst  geom best vmt  1648  1109K 1542      33K   788 5.80    5.71     7713  2697   52K   107 26.82   26.78  
c [branch] adjusting to: vsid (from: vmtf) var_decay:0.95 descr: VSIDS
c [distill-long-red0] cls tried: 379/379 T: 0.04 T-out: N T-r: 99.02%
c [distill-long-red1] cls tried: 60/2359 T: 0.01 T-out: Y T-r: -3.99%
c [full-probe]  bin_only: 1 set: 0 repl: 0 T: 0.00 T-out: N T-r: 99.84%
c [gauss] XOR-encoding clauses are not detached, so no need to reattach them.
c [g 0] truth-find prop checks  : 2194K
c [g 0] -> of which prop        : 49.25 %
c [g 0] -> of which confl       :  1.41 %
c [g 0] elim called             : 155K
c [g 0] ---> which lead to prop : 59.28 %
c [g 0] ---> which lead to confl:  1.56 %
c [g 0] size: 74    x 516  
c [scc] new: 0 BP 0M T: 0.00
c [vrep] vars 0 lits 0 rem-bin-cls 0 rem-long-cls 0 BP 0M T: 0.01
c [intree] Set 0 vars hyper-added: 4 trans-irred: 0 trans-red: 0 T: 0.00 T-out: N T-r: -0.95%
c [find&init matx] performing matrix init
c [gauss] XOR-encoding clauses are not detached, so no need to reattach them.
c [xor-rem-unconnected] left with 952 xors from 952 non-empty xors T: 0.00
c [xor-together] xored together: 878 orig xors: 952 new xors: 74 T: 0.00
c [xor-rem-unconnected] left with 74 xors from 74 non-empty xors T: 0.00
c [xor-clean-equiv] removed equivalent xors: 0 left with: 74
c [matrix] unused xors from cleaning: 0
c [matrix] Good   matrix 0 74      x516    density:0.0999  xorlen avg: 51.54
c [matrix] Using 1 matrices recovered from 0 xors T: 0.00 T-out: N
c rst  geom best vs   1649  1109K 1542      33K   788 5.80    5.71     7713  2697   52K   111 26.78   26.74  
c rst  geom best vs   1650  1109K 1542      33K   788 5.80    5.71     7713  2697   52K   111 26.80   26.75  
c rst  geom best vs   1651  1109K 1542      33K   788 5.80    5.71     7713  2698   52K   111 26.83   26.79  
c rst  geom best vs   1652  1109K 1542      33K   788 5.80    5.71     7713  2698   52K   111 26.85   26.81  
c rst  geom best vs   1653  1109K 1542      33K   788 5.80    5.71     7713  2699   52K   111 26.90   26.86  
c rst  geom best vs   1654  1109K 1542      33K   788 5.80    5.71     7713  2699   53K   111 26.94   26.90  
c rst  geom best vs   1655  1110K 1542      33K   788 5.80    5.71     7895  3576   37K   111 24.74   24.68  
c rst  geom best vs   1656  1110K 1542      33K   788 5.80    5.71     7895  3576   37K   111 24.79   24.74  
c rst  geom best vs   1657  1110K 1542      33K   788 5.80    5.71     7895  3576   37K   111 24.88   24.82  
c rst  geom best vs   1658  1110K 1542      33K   788 5.80    5.71     7895  3576   37K   111 25.03   24.97  
c rst  geom best vs   1659  1111K 1542      33K   788 5.80    5.71     7895  3576   38K   111 25.08   25.03  
c rst  geom best vs   1660  1111K 1542      33K   788 5.80    5.71     7895  3577   38K   111 25.11   25.06  
c rst  geom best vs   1661  1111K 1542      33K   788 5.80    5.71     7895  3578   38K   111 25.19   25.14  
c rst  geom best vs   1662  1112K 1542      33K   788 5.80    5.71     7895  3579   39K   111 25.21   25.16  
c rst  geom best vs   1663  1112K 1542      33K   788 5.80    5.71     7895  3579   39K   111 25.25   25.20  
c rst  geom best vs   1664  1112K 1542      33K   788 5.80    5.71     7895  3579   40K   111 25.44   25.39  
c rst  geom best vs   1665  1113K 1542      33K   788 5.80    5.71     7896  3581   40K   111 25.51   25.46  
c rst  geom best vs   1666  1113K 1542      33K   788 5.80    5.71     7896  3581   41K   111 25.61   25.56  
c rst  geom best vs   1667  1114K 1542      33K   788 5.80    5.71     7896  3583   41K   111 25.72   25.67  
c rst  geom best vs   1668  1115K 1542      33K   788 5.80    5.71     7896  3585   42K   111 25.89   25.85  
c rst  geom best vs   1669  1115K 1542      33K   788 5.80    5.71     7896  3585   43K   111 26.05   26.00  
c [distill-bin] useful: 0/788/788 lits-rem: 0 cl-rem: 0 0-depth-assigns: 0 T: 0.00 T-out: N
c rst  geom best vs   1670  1116K 1542      33K   788 5.80    5.71     7896  3586   43K   111 26.31   26.26  
c rst  geom best vs   1671  1117K 1542      33K   788 5.80    5.71     7896  3587   44K   111 26.35   26.30  
c rst  geom best vs   1672  1118K 1542      33K   788 5.80    5.71     7896  3587   45K   111 26.49   26.44  
c rst  geom stb  vs   1673  1119K 1542      33K   788 5.80    5.71     7896  3590   46K   111 26.63   26.59  
c rst  geom stb  vs   1674  1120K 1542      33K   788 5.80    5.71     7909  3542   47K   111 26.95   26.91  
c rst  geom stb  vs   1675  1122K 1542      33K   788 5.80    5.71     7909  3543   49K   111 27.13   27.08  
c rst  geom stb  vs   1676  1123K 1542      33K   788 5.80    5.71     7909  3548   50K   111 27.23   27.19  
c rst  geom stb  vs   1677  1125K 1542      33K   788 5.80    5.71     7909  3551   52K   111 27.54   27.49  
c [distill-long-red0] cls tried: 195/195 T: 0.02 T-out: N T-r: 99.42%
c [distill-long-red1] cls tried: 40/3177 T: 0.02 T-out: Y T-r: -2.77%
c rst  geom stb  vs   1678  1126K 1542      33K   788 5.80    5.71     7911  3605   39K   111 24.94   24.89  
c rst  geom stb  vs   1679  1128K 1542      33K   788 5.80    5.71     7911  3612   41K   111 25.69   25.64  
c [distill] watch-based irred--  cl tried 9842     cl-sh 0     cl-rem 0    lit-rem 0      T: 0.01 T-out: N
c [distill] watch-based red  --  cl tried 15819    cl-sh 5     cl-rem 3    lit-rem 5      T: 0.02 T-out: N
c [ccnr] tries: 0 steps: 262143 best found: 15
c [ccnr] saving best assignment phase to stable_polar
c [ccnr] bumping based on clause weights
c [ccnr] Bumped vars: 101 bump type: 6
c [ccnr] time: 0.28
c rst  geom stb  vs   1680  1130K 1542      33K   788 5.80    5.71     7928  3565   43K   111 26.41   26.36  
c [full-probe]  bin_only: 0 set: 0 repl: 0 T: 0.01 T-out: N T-r: 97.94%
c rst  geom stb  vs   1681  1132K 1542      33K   788 5.80    5.71     7928  3568   45K   111 27.15   27.10  
c rst  geom stb  vs   1682  1135K 1542      33K   788 5.80    5.71     7928  3576   48K   111 27.91   27.86  
c rst  geom ibes vs   1683  1138K 1542      33K   788 5.80    5.71     7928  3582   50K   111 28.38   28.34  
c [distill-bin] useful: 0/788/788 lits-rem: 0 cl-rem: 0 0-depth-assigns: 0 T: 0.01 T-out: N
c rst  geom ibes vs   1684  1141K 1542      33K   788 5.80    5.71     7939  3565   38K   111 28.68   28.62  
c [distill-long-red0] cls tried: 37/37 T: 0.00 T-out: N T-r: 99.93%
c [distill-long-red1] cls tried: 74/3182 T: 0.02 T-out: Y T-r: -3.98%
c [impl-str] lit bin: 0 set-var: 0 T: 0.00 T-out: N T-r: 99.96% w-visit: 3098
c [impl-sub] bin: 3 T: 0.00 T-out: N w-visit: 3098
c rst  geom ibes vs   1685  1144K 1542      33K   788 5.80    5.71     7941  3568   41K   112 28.98   28.92  
c rst  geom ibes vs   1686  1148K 1542      33K   788 5.80    5.71     7942  3575   45K   112 29.34   29.29  
c rst  geom ibes vs   1687  1152K 1542      33K   788 5.80    5.71     7961  3450   49K   112 29.52   29.47  
c [full-probe]  bin_only: 1 set: 0 repl: 0 T: 0.00 T-out: N T-r: 99.79%
c rst  geom svd  vs   1688  1156K 1542      33K   788 5.80    5.71     7963  3533   39K   112 30.92   30.86  
c [distill-long-red0] cls tried: 23/23 T: 0.00 T-out: N T-r: 99.96%
c [distill-long-red1] cls tried: 105/3096 T: 0.01 T-out: Y T-r: -1.62%
c [distill] watch-based irred--  cl tried 9842     cl-sh 0     cl-rem 0    lit-rem 0      T: 0.01 T-out: N
c [distill] watch-based red  --  cl tried 15926    cl-sh 6     cl-rem 0    lit-rem 6      T: 0.01 T-out: N
c rst  geom svd  vs   1689  1161K 1542      33K   788 5.80    5.71     7976  3066   44K   125 31.50   31.44  
c [distill-bin] useful: 0/788/788 lits-rem: 0 cl-rem: 0 0-depth-assigns: 0 T: 0.00 T-out: N
c rst  geom svd  vs   1690  1166K 1542      33K   788 5.80    5.71     7976  3071   50K   125 32.25   32.19  
c rst  geom svd  vs   1691  1172K 1542      33K   788 5.80    5.71     7991  1959   42K   125 31.22   31.15  
c [distill-long-red0] cls tried: 33/33 T: 0.00 T-out: N T-r: 99.92%
c [distill-long-red1] cls tried: 58/1742 T: 0.01 T-out: Y T-r: -1.39%
c [full-probe]  bin_only: 0 set: 0 repl: 0 T: 0.01 T-out: N T-r: 97.88%
c rst  geom best vs   1692  1178K 1542      33K   788 5.80    5.71     7991  1968   48K   125 31.41   31.34  
c [gauss] XOR-encoding clauses are not detached, so no need to reattach them.
c [g 0] truth-find prop checks  : 2123K
c [g 0] -> of which prop        : 58.70 %
c [g 0] -> of which confl       :  1.51 %
c [g 0] elim called             : 109K
c [g 0] ---> which lead to prop : 106.51 %
c [g 0] ---> which lead to confl:  3.03 %
c [g 0] size: 74    x 516  
c [scc] new: 0 BP 0M T: 0.00
c [vrep] vars 0 lits 0 rem-bin-cls 0 rem-long-cls 0 BP 0M T: 0.00
c [intree] Set 0 vars hyper-added: 1 trans-irred: 0 trans-red: 1 T: 0.01 T-out: N T-r: -0.88%
c [find&init matx] performing matrix init
c [gauss] XOR-encoding clauses are not detached, so no need to reattach them.
c [xor-rem-unconnected] left with 952 xors from 952 non-empty xors T: 0.00
c [xor-together] xored together: 878 orig xors: 952 new xors: 74 T: 0.00
c [xor-rem-unconnected] left with 74 xors from 74 non-empty xors T: 0.00
c [xor-clean-equiv] removed equivalent xors: 0 left with: 74
c [matrix] unused xors from cleaning: 0
c [matrix] Good   matrix 0 74      x516    density:0.0999  xorlen avg: 51.54
c [matrix] Using 1 matrices recovered from 0 xors T: 0.00 T-out: N
c [ccnr] tries: 0 steps: 262143 best found: 10
c [ccnr] saving best assignment phase to stable_polar
c [ccnr] bumping based on var unsat frequency: conflict_ct
c [ccnr] Bumped vars: 1549 bump type: 6
c [ccnr] time: 0.27
c rst  geom best vs   1693  1185K 1542      33K   788 5.80    5.71     8026  1078   42K   125 30.31   30.24  
c [distill-bin] useful: 0/788/788 lits-rem: 0 cl-rem: 0 0-depth-assigns: 0 T: 0.01 T-out: N
c [distill] watch-based irred--  cl tried 9842     cl-sh 0     cl-rem 0    lit-rem 0      T: 0.01 T-out: N
c [distill] watch-based red  --  cl tried 16052    cl-sh 8     cl-rem 0    lit-rem 14     T: 0.01 T-out: N
c rst  geom best vs   1694  1193K 1542      33K   788 5.80    5.71     8041  1008   50K   125 31.73   31.67  
c [distill-long-red0] cls tried: 52/52 T: 0.00 T-out: N T-r: 99.88%
c [distill-long-red1] cls tried: 67/811 T: 0.02 T-out: Y T-r: -3.03%
c [full-probe]  bin_only: 1 set: 0 repl: 0 T: 0.00 T-out: N T-r: 99.80%
c rst  geom stb  vs   1695  1202K 1542      33K   788 5.80    5.71     8049  1004   41K   125 31.85   31.78  
c [impl-str] lit bin: 0 set-var: 0 T: 0.00 T-out: N T-r: 99.96% w-visit: 3098
c [impl-sub] bin: 13 T: 0.00 T-out: N w-visit: 3098
c rst  geom stb  vs   1696  1211K 1542      33K   788 5.80    5.71     8065   929   51K   112 31.68   31.63  
c [distill-long-red0] cls tried: 23/23 T: 0.00 T-out: N T-r: 99.95%
c [distill-long-red1] cls tried: 67/687 T: 0.01 T-out: Y T-r: -4.31%
c [distill-bin] useful: 0/788/788 lits-rem: 0 cl-rem: 0 0-depth-assigns: 0 T: 0.01 T-out: N
c [distill] watch-based irred--  cl tried 9842     cl-sh 0     cl-rem 0    lit-rem 0      T: 0.01 T-out: N
c [distill] watch-based red  --  cl tried 16130    cl-sh 4     cl-rem 0    lit-rem 5      T: 0.01 T-out: N
c rst  geom ibes vs   1697  1221K 1542      33K   788 5.80    5.71     8223  1757   45K   112 28.84   28.79  
c [full-probe]  bin_only: 0 set: 0 repl: 0 T: 0.01 T-out: N T-r: 97.32%
c rst  geom ibes vs   1698  1233K 1542      33K   788 5.80    5.71     8396  3631   39K   112 23.05   23.01  
c [branch] adjusting to: vmtf (from: vsid) var_decay:0.95 descr: VMTF
c [distill-long-red0] cls tried: 333/333 T: 0.03 T-out: N T-r: 99.06%
c [distill-long-red1] cls tried: 30/3340 T: 0.02 T-out: Y T-r: -4.27%
c [distill-bin] useful: 0/788/788 lits-rem: 0 cl-rem: 0 0-depth-assigns: 0 T: 0.00 T-out: N
c [ccnr] saving best assignment phase to stable_polar
c [ccnr] bumping based on var unsat frequency: conflict_ct
c [ccnr] Bumped vars: 1549 bump type: 6
c [ccnr] time: 0.27
c rst  luby svd  vmt  1699  1233K 1542      33K   788 5.80    5.71     8396  3642   39K   113 23.03   22.98  
c rst  luby svd  vmt  1700  1233K 1542      33K   788 5.80    5.71     8396  3643   39K   113 23.05   23.01  
c rst  luby svd  vmt  1701  1233K 1542      33K   788 5.80    5.71     8396  3644   39K   113 23.10   23.06  
c rst  luby svd  vmt  1702  1233K 1542      33K   788 5.80    5.71     8396  3644   39K   113 23.13   23.09  
c rst  luby svd  vmt  1703  1233K 1542      33K   788 5.80    5.71     8396  3644   39K   113 23.17   23.12  
c rst  luby svd  vmt  1704  1234K 1542      33K   788 5.80    5.71     8396  3644   40K   113 23.22   23.17  
c rst  luby svd  vmt  1705  1234K 1542      33K   788 5.80    5.71     8396  3644   40K   113 23.31   23.26  
c rst  luby svd  vmt  1706  1234K 1542      33K   788 5.80    5.71     8396  3645   40K   113 23.34   23.30  
c rst  luby svd  vmt  1707  1234K 1542      33K   788 5.80    5.71     8396  3647   40K   113 23.38   23.33  
c rst  luby svd  vmt  1708  1234K 1542      33K   788 5.80    5.71     8396  3647   40K   113 23.43   23.39  
c rst  luby svd  vmt  1709  1234K 1542      33K   788 5.80    5.71     8396  3648   40K   113 23.45   23.40  
c rst  luby svd  vmt  1710  1235K 1542      33K   788 5.80    5.71     8396  3649   41K   113 23.49   23.44  
c rst  luby svd  vmt  1711  1235K 1542      33K   788 5.80    5.71     8396  3649   41K   113 23.53   23.48  
c rst  luby svd  vmt  1712  1235K 1542      33K   788 5.80    5.71     8396  3651   41K   113 23.64   23.59  
c rst  luby svd  vmt  1713  1236K 1542      33K   788 5.80    5.71     8396  3651   42K   113 23.94   23.90  
c rst  luby svd  vmt  1714  1236K 1542      33K   788 5.80    5.71     8396  3651   42K   113 23.97   23.92  
c [distill] watch-based irred--  cl tried 9842     cl-sh 0     cl-rem 0    lit-rem 0      T: 0.01 T-out: N
c [distill] watch-based red  --  cl tried 13813    cl-sh 2     cl-rem 0    lit-rem 2      T: 0.02 T-out: Y
c rst  luby svd  vmt  1715  1236K 1542      33K   788 5.80    5.71     8396  3651   42K   113 24.00   23.96  
c rst  luby svd  vmt  1716  1236K 1542      33K   788 5.80    5.71     8397  3654   42K   113 24.07   24.03  
c rst  luby svd  vmt  1717  1236K 1542      33K   788 5.80    5.71     8397  3655   42K   113 24.09   24.05  
c rst  luby svd  vmt  1718  1237K 1542      33K   788 5.80    5.71     8397  3655   43K   113 24.12   24.08  
c rst  luby svd  vmt  1719  1237K 1542      33K   788 5.80    5.71     8397  3655   43K   113 24.13   24.08  
c rst  luby svd  vmt  1720  1237K 1542      33K   788 5.80    5.71     8397  3656   43K   113 24.24   24.20  
c rst  luby svd  vmt  1721  1237K 1542      33K   788 5.80    5.71     8397  3656   43K   113 24.24   24.20  
c rst  luby svd  vmt  1722  1237K 1542      33K   788 5.80    5.71     8397  3658   43K   113 24.26   24.22  
c rst  luby svd  vmt  1723  1238K 1542      33K   788 5.80    5.71     8398  3665   44K   113 24.32   24.27  
c rst  luby svd  vmt  1724  1238K 1542      33K   788 5.80    5.71     8398  3665   44K   113 24.33   24.29  
c rst  luby svd  vmt  1725  1238K 1542      33K   788 5.80    5.71     8398  3666   44K   113 24.36   24.32  
c rst  luby svd  vmt  1726  1238K 1542      33K   788 5.80    5.71     8398  3666   44K   113 24.41   24.37  
c rst  luby svd  vmt  1727  1238K 1542      33K   788 5.80    5.71     8398  3666   44K   113 24.49   24.44  
c rst  luby svd  vmt  1728  1239K 1542      33K   788 5.80    5.71     8398  3667   45K   113 24.67   24.63  
c rst  luby svd  vmt  1729  1241K 1542      33K   788 5.80    5.71     8435  3597   47K   113 25.06   25.01  
c rst  luby svd  vmt  1730  1241K 1542      33K   788 5.80    5.71     8435  3597   47K   113 25.07   25.03  
c rst  luby svd  vmt  1731  1241K 1542      33K   788 5.80    5.71     8436  3597   47K   113 25.09   25.04  
c rst  luby svd  vmt  1732  1241K 1542      33K   788 5.80    5.71     8436  3599   47K   113 25.11   25.07  
c rst  luby svd  vmt  1733  1241K 1542      33K   788 5.80    5.71     8436  3599   47K   113 25.13   25.09  
c rst  luby svd  vmt  1734  1241K 1542      33K   788 5.80    5.71     8436  3599   47K   113 25.15   25.11  
c [full-probe]  bin_only: 1 set: 0 repl: 0 T: 0.00 T-out: N T-r: 99.82%
c rst  luby svd  vmt  1735  1242K 1542      33K   788 5.80    5.71     8436  3599   48K   113 25.22   25.18  
c rst  luby svd  vmt  1736  1242K 1542      33K   788 5.80    5.71     8436  3599   48K   113 25.30   25.26  
c rst  luby svd  vmt  1737  1242K 1542      33K   788 5.80    5.71     8436  3601   48K   113 25.33   25.28  
c rst  luby svd  vmt  1738  1242K 1542      33K   788 5.80    5.71     8436  3601   48K   113 25.34   25.30  
c rst  luby svd  vmt  1739  1242K 1542      33K   788 5.80    5.71     8436  3601   48K   113 25.36   25.32  
c rst  luby svd  vmt  1740  1243K 1542      33K   788 5.80    5.71     8436  3601   49K   113 25.37   25.33  
c rst  luby svd  vmt  1741  1243K 1542      33K   788 5.80    5.71     8436  3601   49K   113 25.40   25.36  
c rst  luby svd  vmt  1742  1243K 1542      33K   788 5.80    5.71     8436  3602   49K   113 25.42   25.38  
c rst  luby svd  vmt  1743  1243K 1542      33K   788 5.80    5.71     8436  3602   49K   113 25.52   25.48  
c rst  luby svd  vmt  1744  1244K 1542      33K   788 5.80    5.71     8437  3604   50K   113 25.90   25.86  
c [gauss] XOR-encoding clauses are not detached, so no need to reattach them.
c [g 0] truth-find prop checks  : 2378K
c [g 0] -> of which prop        : 43.78 %
c [g 0] -> of which confl       :  1.33 %
c [g 0] elim called             : 200K
c [g 0] ---> which lead to prop : 51.55 %
c [g 0] ---> which lead to confl:  1.39 %
c [g 0] size: 74    x 516  
c [scc] new: 0 BP 0M T: 0.00
c [vrep] vars 0 lits 0 rem-bin-cls 0 rem-long-cls 0 BP 0M T: 0.00
c [intree] Set 0 vars hyper-added: 0 trans-irred: 0 trans-red: 0 T: 0.01 T-out: N T-r: -0.92%
c [find&init matx] performing matrix init
c [gauss] XOR-encoding clauses are not detached, so no need to reattach them.
c [xor-rem-unconnected] left with 952 xors from 952 non-empty xors T: 0.00
c [xor-together] xored together: 878 orig xors: 952 new xors: 74 T: 0.00
c [xor-rem-unconnected] left with 74 xors from 74 non-empty xors T: 0.00
c [xor-clean-equiv] removed equivalent xors: 0 left with: 74
c [matrix] unused xors from cleaning: 0
c [matrix] Good   matrix 0 74      x516    density:0.0999  xorlen avg: 51.54
c [matrix] Using 1 matrices recovered from 0 xors T: 0.00 T-out: N
c rst  luby svd  vmt  1745  1244K 1542      33K   788 5.80    5.71     8437  3604   50K   113 25.93   25.89  
c rst  luby svd  vmt  1746  1244K 1542      33K   788 5.80    5.71     8437  3604   50K   113 25.96   25.92  
c rst  luby svd  vmt  1747  1244K 1542      33K   788 5.80    5.71     8437  3605   50K   113 25.98   25.94  
c rst  luby svd  vmt  1748  1245K 1542      33K   788 5.80    5.71     8437  3605   51K   113 26.00   25.96  
c rst  luby svd  vmt  1749  1245K 1542      33K   788 5.80    5.71     8446  4103   36K   113 22.72   22.67  
c rst  luby svd  vmt  1750  1245K 1542      33K   788 5.80    5.71     8446  4103   36K   113 22.76   22.71  
c rst  luby svd  vmt  1751  1245K 1542      33K   788 5.80    5.71     8446  4105   37K   113 22.90   22.85  
c rst  luby svd  vmt  1752  1245K 1542      33K   788 5.80    5.71     8446  4105   37K   113 22.93   22.88  
c rst  luby svd  vmt  1753  1245K 1542      33K   788 5.80    5.71     8446  4105   37K   113 22.98   22.93  
c rst  luby svd  vmt  1754  1246K 1542      33K   788 5.80    5.71     8446  4105   37K   113 23.02   22.97  
c rst  luby svd  vmt  1755  1246K 1542      33K   788 5.80    5.71     8446  4105   37K   113 23.07   23.02  
c rst  luby svd  vmt  1756  1246K 1542      33K   788 5.80    5.71     8446  4105   37K   113 23.11   23.06  
c rst  luby svd  vmt  1757  1246K 1542      33K   788 5.80    5.71     8446  4105   37K   113 23.18   23.13  
c rst  luby svd  vmt  1758  1246K 1542      33K   788 5.80    5.71     8446  4107   38K   113 23.24   23.19  
c rst  luby svd  vmt  1759  1247K 1542      33K   788 5.80    5.71     8446  4111   39K   113 23.48   23.43  
c rst  luby svd  vmt  1760  1249K 1542      33K   788 5.80    5.71     8446  4117   40K   113 23.78   23.73  
c [distill-long-red0] cls tried: 50/50 T: 0.00 T-out: N T-r: 99.88%
c [distill-long-red1] cls tried: 33/3806 T: 0.01 T-out: Y T-r: -2.69%
c rst  luby svd  vmt  1761  1252K 1542      33K   788 5.80    5.71     8477  4041   43K   113 24.24   24.20  
c rst  geom best vmt  1762  1252K 1542      33K   788 5.80    5.71     8477  4041   43K   113 24.26   24.22  
c rst  geom best vmt  1763  1252K 1542      33K   788 5.80    5.71     8477  4041   44K   113 24.28   24.24  
c rst  geom best vmt  1764  1252K 1542      33K   788 5.80    5.71     8477  4041   44K   113 24.34   24.29  
c rst  geom best vmt  1765  1253K 1542      33K   788 5.80    5.71     8477  4042   44K   113 24.38   24.33  
c rst  geom best vmt  1766  1253K 1542      33K   788 5.80    5.71     8477  4044   44K   113 24.40   24.35  
c rst  geom best vmt  1767  1253K 1542      33K   788 5.80    5.71     8477  4044   44K   113 24.40   24.35  
c [distill-bin] useful: 0/788/788 lits-rem: 0 cl-rem: 0 0-depth-assigns: 0 T: 0.00 T-out: N
c rst  geom best vmt  1768  1253K 1542      33K   788 5.80    5.71     8477  4045   44K   113 24.46   24.41  
c rst  geom best vmt  1769  1253K 1542      33K   788 5.80    5.71     8477  4045   45K   113 24.50   24.45  
c rst  geom best vmt  1770  1254K 1542      33K   788 5.80    5.71     8477  4046   45K   113 24.60   24.55  
c rst  geom best vmt  1771  1254K 1542      33K   788 5.80    5.71     8477  4047   45K   113 24.66   24.61  
c rst  geom best vmt  1772  1254K 1542      33K   788 5.80    5.71     8477  4047   45K   113 24.74   24.69  
c rst  geom best vmt  1773  1254K 1542      33K   788 5.80    5.71     8477  4048   46K   113 24.80   24.75  
c rst  geom best vmt  1774  1255K 1542      33K   788 5.80    5.71     8477  4050   46K   113 24.85   24.81  
c rst  geom best vmt  1775  1255K 1542      33K   788 5.80    5.71     8477  4050   46K   113 24.92   24.87  
c rst  geom best vmt  1776  1256K 1542      33K   788 5.80    5.71     8484  4133   47K   113 24.88   24.84  
c rst  geom best vmt  1777  1256K 1542      33K   788 5.80    5.71     8485  4139   47K   113 24.85   24.81  
c rst  geom best vmt  1778  1256K 1542      33K   788 5.80    5.71     8485  4139   48K   113 24.79   24.74  
c rst  geom best vmt  1779  1257K 1542      33K   788 5.80    5.71     8485  4149   48K   113 24.70   24.66  
c rst  geom best vmt  1780  1258K 1542      33K   788 5.80    5.71     8485  4152   49K   113 24.62   24.58  
c rst  geom best vmt  1781  1258K 1542      33K   788 5.80    5.71     8485  4160   49K   113 24.52   24.48  
c rst  geom best vmt  1782  1259K 1542      33K   788 5.80    5.71     8485  4164   50K   113 24.39   24.35  
c rst  geom best vmt  1783  1260K 1542      33K   788 5.80    5.71     8575  4240   37K   113 23.41   23.36  
c rst  geom best vmt  1784  1261K 1542      33K   788 5.80    5.71     8575  4245   38K   113 23.25   23.21  
c rst  geom best vmt  1785  1262K 1542      33K   788 5.80    5.71     8576  4256   39K   113 23.12   23.07  
c [full-probe]  bin_only: 0 set: 0 repl: 0 T: 0.00 T-out: N T-r: 98.40%
c [distill] watch-based irred--  cl tried 9842     cl-sh 0     cl-rem 0    lit-rem 0      T: 0.01 T-out: N
c [distill] watch-based red  --  cl tried 15023    cl-sh 21    cl-rem 0    lit-rem 36     T: 0.02 T-out: Y
c rst  geom best vmt  1786  1263K 1542      33K   788 5.80    5.71     8576  4269   40K   113 22.98   22.93  
c [impl-str] lit bin: 0 set-var: 0 T: 0.00 T-out: N T-r: 99.96% w-visit: 3098
c [impl-sub] bin: 1 T: 0.00 T-out: N w-visit: 3098
c rst  geom best vmt  1787  1264K 1542      33K   788 5.80    5.71     8576  4281   41K   112 22.86   22.82  
c rst  geom best vmt  1788  1265K 1542      33K   788 5.80    5.71     8577  4287   42K   112 22.75   22.71  
c [distill-long-red0] cls tried: 134/134 T: 0.02 T-out: N T-r: 99.56%
c [distill-long-red1] cls tried: 45/3989 T: 0.01 T-out: Y T-r: -3.72%
c rst  geom best vmt  1789  1266K 1542      33K   788 5.80    5.71     8577  4315   44K   112 22.61   22.57  
c rst  geom best vmt  1790  1268K 1542      33K   788 5.80    5.71     8578  4332   45K   112 22.38   22.34  
c rst  geom best vmt  1791  1270K 1542      33K   788 5.80    5.71     8653  4250   47K   112 22.17   22.13  
c rst  geom stb  vmt  1792  1272K 1542      33K   788 5.80    5.71     8653  4259   49K   112 21.95   21.91  
c rst  geom stb  vmt  1793  1274K 1542      33K   788 5.80    5.71     8653  4264   51K   112 22.74   22.70  
c [distill-bin] useful: 0/788/788 lits-rem: 0 cl-rem: 0 0-depth-assigns: 0 T: 0.00 T-out: N
c rst  geom stb  vmt  1794  1276K 1542      33K   788 5.80    5.71     8675  4615   38K   112 23.98   23.94  
c rst  geom stb  vmt  1795  1278K 1542      33K   788 5.80    5.71     8675  4629   41K   112 24.83   24.78  
c [ccnr] tries: 0 steps: 262143 best found: 12
c [ccnr] saving best assignment phase to stable_polar
c [ccnr] bumping based on clause weights
c [ccnr] Bumped vars: 106 bump type: 6
c [ccnr] time: 0.28
c rst  geom stb  vmt  1796  1281K 1542      33K   788 5.80    5.71     8766  4550   44K   112 24.88   24.84  
c [distill-long-red0] cls tried: 182/182 T: 0.01 T-out: N T-r: 99.50%
c [distill-long-red1] cls tried: 37/4228 T: 0.02 T-out: Y T-r: -2.68%
c rst  geom stb  vmt  1797  1284K 1542      33K   788 5.80    5.71     8767  4599   47K   112 24.56   24.51  
c [full-probe]  bin_only: 1 set: 0 repl: 0 T: 0.00 T-out: N T-r: 99.78%
c rst  geom stb  vmt  1798  1287K 1542      33K   788 5.80    5.71     8769  4642   50K   112 24.10   24.06  
c [distill] watch-based irred--  cl tried 9842     cl-sh 0     cl-rem 0    lit-rem 0      T: 0.01 T-out: N
c [distill] watch-based red  --  cl tried 13778    cl-sh 5     cl-rem 0    lit-rem 6      T: 0.02 T-out: Y
c rst  geom stb  vmt  1799  1291K 1542      33K   788 5.80    5.71     8914  3969   40K   112 19.79   19.75  
c rst  geom ibes vmt  1800  1295K 1542      33K   788 5.80    5.71     8916  4019   44K   112 19.60   19.56  
c [distill-bin] useful: 0/788/788 lits-rem: 0 cl-rem: 0 0-depth-assigns: 0 T: 0.00 T-out: N
c rst  geom ibes vmt  1801  1299K 1542      33K   788 5.80    5.71     8917  4133   48K   112 19.51   19.47  
c [distill-long-red0] cls tried: 155/155 T: 0.03 T-out: N T-r: 99.10%
c [distill-long-red1] cls tried: 22/3824 T: 0.01 T-out: Y T-r: -5.82%
c rst  geom ibes vmt  1802  1304K 1542      33K   788 5.80    5.71     9003  3482   54K   112 19.11   19.08  
c [full-probe]  bin_only: 0 set: 0 repl: 0 T: 0.00 T-out: N T-r: 98.36%
c rst  geom ibes vmt  1803  1310K 1542      33K   788 5.80    5.71     9033  5086   44K   112 17.68   17.65  
c [gauss] XOR-encoding clauses are not detached, so no need to reattach them.
c [g 0] truth-find prop checks  : 3100K
c [g 0] -> of which prop        : 27.74 %
c [g 0] -> of which confl       :  1.33 %
c [g 0] elim called             : 349K
c [g 0] ---> which lead to prop : 32.08 %
c [g 0] ---> which lead to confl:  0.69 %
c [g 0] size: 74    x 516  
c [scc] new: 0 BP 0M T: 0.00
c [vrep] vars 0 lits 0 rem-bin-cls 0 rem-long-cls 0 BP 0M T: 0.00
c [intree] Set 0 vars hyper-added: 0 trans-irred: 0 trans-red: 0 T: 0.00 T-out: N T-r: -1.03%
c [find&init matx] performing matrix init
c [gauss] XOR-encoding clauses are not detached, so no need to reattach them.
c [xor-rem-unconnected] left with 952 xors from 952 non-empty xors T: 0.00
c [xor-together] xored together: 878 orig xors: 952 new xors: 74 T: 0.00
c [xor-rem-unconnected] left with 74 xors from 74 non-empty xors T: 0.00
c [xor-clean-equiv] removed equivalent xors: 0 left with: 74
c [matrix] unused xors from cleaning: 0
c [matrix] Good   matrix 0 74      x516    density:0.0999  xorlen avg: 51.54
c [matrix] Using 1 matrices recovered from 0 xors T: 0.00 T-out: N
c rst  geom svd  vmt  1804  1314K 1542      33K   788 5.80    5.71     9139  4629   48K   112 17.49   17.46  
c recursive minimization cost OK: 2091Kcost/(% lits removed)
c [gauss] XOR-encoding clauses are not detached, so no need to reattach them.
c [g 0] truth-find prop checks  : 213K
c [g 0] -> of which prop        : 21.78 %
c [g 0] -> of which confl       :  1.35 %
c [g 0] elim called             : 25K
c [g 0] ---> which lead to prop : 23.60 %
c [g 0] ---> which lead to confl:  0.37 %
c [g 0] size: 74    x 516  
c --> Executing strategy token: scc-vrepl
c [scc] new: 0 BP 0M T: 0.00
c --> Executing strategy token: sub-impl
c [impl-sub] bin: 0 T: 0.00 T-out: N w-visit: 3098
c --> Executing strategy token: breakid
c --> Executing OCC strategy token(s): 'occ-backw-sub-str,occ-clean-implicit,occ-bve,occ-bva,occ-ternary-res,occ-xor,'
c [occ] mem usage for occur 3      MB
c [occ] Linked in IRRED BIN by default: 788
c [occ] Linked in RED   BIN by default: 112
c [occ] mem usage for occur 1      MB
c Mem for watch alloc      : 20          MB (32.63     %)
c Mem for watch array      : 0           MB (0.11      %)
c --> Executing OCC strategy token: occ-backw-sub-str
c [occ-backw-sub-str-long-w-bins] subs: 0 str: 13 tried: 12170 0-depth ass: 0 T: 0.00 T-out: N T-r: 99.24%
c [occ-backw-sub-long-w-long] rem cl: 399 tried: 95737/95737 (100.0%) T: 0.05 T-out: N T-r: 63.38%
c [occ-backw-sub-str-long-w-long] sub: 12 str: 344 tried: 287211/95737 (300.0)  T: 0.28 T-out: N T-r: 41.59%
c --> Executing OCC strategy token: occ-clean-implicit
c --> Executing OCC strategy token: occ-bve
c [occ-empty-res] Empty resolvent elimed: 0 T: 0.00 T-out: N
c [occ-bve] iter v-elim 0
c cl_inc_rate=1.0, var_dec_rate=1.0 (grow=0)
c Reduced to 1542 vars, 34212 cls (grow=0)
c [occ-bve] iter v-elim 0
c cl_inc_rate=1.0, var_dec_rate=1.0 (grow=8)
c Reduced to 1542 vars, 34212 cls (grow=8)
c [occ-bve] iter v-elim 0
c cl_inc_rate=1.0, var_dec_rate=1.0 (grow=16)
c Reduced to 1542 vars, 34212 cls (grow=16)
c x n vars       : 1542
c #try to eliminate:  4626
c #var-elim        :     0
c #T-o: N
c #T-r: 99.99%
c #T  : 0.28
c [occur] 0.02 is overhead
c [occur] link-in T: 0.02 cleanup T: 0.00
c --> Executing OCC strategy token: occ-bva
c --> Executing OCC strategy token: occ-ternary-res
c [occ-ternary-res] Ternary res-tri: 0 res-bin: 0 sub: 0 str: 0 T: 0.00 T-out: N T-r: 99.82%
c --> Executing OCC strategy token: occ-xor
c [occ-xor] sort occur list T: 0.00
c [xor-clean-equiv] removed equivalent xors: 0 left with: 947
c [occ-xor] found    947 avg sz 5.9 min sz  4 max sz  6 T: 0.01 T-out: N T-r: 99.98%
c --> Executing strategy token: card-find
c --> Executing strategy token: cl-consolidate
c Not consolidating memory.
c --> Executing strategy token: scc-vrepl
c [scc] new: 0 BP 0M T: 0.00
c --> Executing strategy token: renumber
c --> Executing strategy token: bosphorus
c --> Executing strategy token: louvain-comms
c [consolidate] mini T: 0.00
c global_timeout_multiplier: 5.8462
c [branch] rebuilding order heap for all branchings. Current branching: vmtf
c [find&init matx] performing matrix init
c [gauss] XOR-encoding clauses are not detached, so no need to reattach them.
c [xor-rem-unconnected] left with 947 xors from 947 non-empty xors T: 0.00
c [xor-together] xored together: 872 orig xors: 947 new xors: 75 T: 0.00
c [xor-rem-unconnected] left with 75 xors from 75 non-empty xors T: 0.00
c [xor-clean-equiv] removed equivalent xors: 0 left with: 75
c [matrix] unused xors from cleaning: 0
c [matrix] Good   matrix  0     75 x  518  density:0.0977  xorlen avg: 50.61
c [matrix] Using 1 matrices recovered from 0 xors T: 0.00 T-out: N
c [distill] watch-based irred--  cl tried    10160 cl-sh     0 cl-rem    0 lit-rem      0 T: 0.02 T-out: N
c [distill] watch-based   red--  cl tried    10994 cl-sh     1 cl-rem    0 lit-rem      2 T: 0.02 T-out: Y
c [g  <0] Disabling GJ-elim in this round.  Usefulness was: 19.9127%  over 72381 calls
c rst  geom  svd  vmt  1805 1315K    1542   33K   788    5.80    5.71  8843  5916   48K   112   17.44   17.41
c [distill-long-red0] cls tried: 311/311 T: 0.07 T-out: N T-r: 97.75%
c [distill-long-red1] cls tried: 23/5671 T: 0.01 T-out: Y T-r: -4.31%
c [distill-bin] useful: 0/788/788 lits-rem: 0 cl-rem: 0 0-depth-assigns: 0 T: 0.01 T-out: N
c rst  geom  svd  vmt  1806 1322K    1542   33K   788    5.80    5.71  9423  6368   38K   112   13.34   13.31
c rst  geom  svd  vmt  1807 1329K    1542   33K   788    5.80    5.71  9425  6494   45K   112   13.51   13.48
c [full-probe]  bin_only: 1 set: 0 repl: 0 T: 0.00 T-out: N T-r: 99.82%
c [impl-str] lit bin: 0 set-var: 0 T: 0.00 T-out: N T-r: 99.96% w-visit: 3098
c [impl-sub] bin: 0 T: 0.00 T-out: N w-visit: 3098
c [ccnr] tries: 0 steps: 262143 best found: 12
c [ccnr] saving best assignment phase to stable_polar
c [ccnr] bumping based on var unsat frequency: conflict_ct
c [ccnr] Bumped vars: 1549 bump type: 6
c [ccnr] time: 0.28
c rst  geom best  vmt  1808 1337K    1542   33K   788    5.80    5.71  9806  7175   38K   112   16.01   15.98
c [distill-long-red0] cls tried: 862/862 T: 0.08 T-out: N T-r: 97.65%
c [distill-long-red1] cls tried: 24/7008 T: 0.01 T-out: Y T-r: -4.92%
c [distill-bin] useful: 0/788/788 lits-rem: 0 cl-rem: 0 0-depth-assigns: 0 T: 0.01 T-out: N
c rst  geom best  vmt  1809 1345K    1542   33K   788    5.80    5.71 10160  7008   46K   112   15.96   15.94
c [distill] watch-based irred--  cl tried    10160 cl-sh     0 cl-rem    0 lit-rem      0 T: 0.02 T-out: N
c [distill] watch-based   red--  cl tried    10097 cl-sh    22 cl-rem    0 lit-rem     28 T: 0.02 T-out: Y
c rst  geom best  vmt  1810 1355K    1542   33K   788    5.80    5.71 10548  8826   40K   112   15.76   15.73
c [branch] adjusting to: vsid (from: vmtf) var_decay:0.95 descr: VSIDS
c [distill-long-red0] cls tried: 741/741 T: 0.11 T-out: N T-r: 96.59%
c [distill-long-red1] cls tried: 30/8659 T: 0.01 T-out: Y T-r: -9.03%
c [full-probe]  bin_only: 0 set: 0 repl: 0 T: 0.01 T-out: N T-r: 98.16%
c rst  geom  stb   vs  1811 1355K    1542   33K   788    5.80    5.71 10548  8826   40K   112   15.72   15.70
c rst  geom  stb   vs  1812 1355K    1542   33K   788    5.80    5.71 10548  8826   40K   112   15.73   15.71
c rst  geom  stb   vs  1813 1355K    1542   33K   788    5.80    5.71 10548  8826   40K   112   15.73   15.70
c rst  geom  stb   vs  1814 1355K    1542   33K   788    5.80    5.71 10548  8826   40K   112   15.72   15.70
c rst  geom  stb   vs  1815 1355K    1542   33K   788    5.80    5.71 10548  8826   40K   112   15.72   15.70
c rst  geom  stb   vs  1816 1355K    1542   33K   788    5.80    5.71 10548  8826   41K   112   15.73   15.70
c rst  geom  stb   vs  1817 1356K    1542   33K   788    5.80    5.71 10548  8827   41K   112   15.72   15.69
c rst  geom  stb   vs  1818 1356K    1542   33K   788    5.80    5.71 10548  8828   41K   112   15.71   15.68
c rst  geom  stb   vs  1819 1356K    1542   33K   788    5.80    5.71 10548  8828   41K   112   15.75   15.72
c rst  geom  stb   vs  1820 1356K    1542   33K   788    5.80    5.71 10548  8828   41K   112   15.73   15.71
c rst  geom  stb   vs  1821 1357K    1542   33K   788    5.80    5.71 10548  8829   42K   112   15.73   15.71
c rst  geom  stb   vs  1822 1357K    1542   33K   788    5.80    5.71 10548  8830   42K   112   15.73   15.70
c [distill-bin] useful: 0/788/788 lits-rem: 0 cl-rem: 0 0-depth-assigns: 0 T: 0.00 T-out: N
c rst  geom  stb   vs  1823 1357K    1542   33K   788    5.80    5.71 10548  8831   42K   112   15.71   15.68
c rst  geom  stb   vs  1824 1358K    1542   33K   788    5.80    5.71 10548  8831   43K   112   15.69   15.67
c rst  geom  stb   vs  1825 1358K    1542   33K   788    5.80    5.71 10548  8833   43K   112   15.68   15.66
c rst  geom  stb   vs  1826 1358K    1542   33K   788    5.80    5.71 10548  8839   44K   112   15.67   15.65
c rst  geom  stb   vs  1827 1359K    1542   33K   788    5.80    5.71 10548  8840   44K   112   15.64   15.62
c rst  geom  stb   vs  1828 1360K    1542   33K   788    5.80    5.71 10548  8842   45K   112   15.62   15.59
c rst  geom  stb   vs  1829 1360K    1542   33K   788    5.80    5.71 10735  8381   46K   112   15.59   15.57
c rst  geom  stb   vs  1830 1361K    1542   33K   788    5.80    5.71 10735  8388   46K   112   15.57   15.55
c rst  geom  stb   vs  1831 1361K    1542   33K   788    5.80    5.71 10735  8392   47K   112   15.55   15.53
c rst  geom  stb   vs  1832 1362K    1542   33K   788    5.80    5.71 10735  8412   48K   112   15.51   15.48
c rst  geom  stb   vs  1833 1363K    1542   33K   788    5.80    5.71 10735  8437   49K   112   15.50   15.48
c rst  geom  stb   vs  1834 1364K    1542   33K   788    5.80    5.71 10735  8450   49K   112   15.46   15.44
c rst  geom  stb   vs  1835 1365K    1542   33K   788    5.80    5.71 10843  9498   36K   112   15.51   15.49
c rst  geom  stb   vs  1836 1366K    1542   33K   788    5.80    5.71 10843  9522   37K   112   15.49   15.46
c rst  geom  stb   vs  1837 1368K    1542   33K   788    5.80    5.71 10844  9553   39K   112   15.41   15.39
c rst  geom  stb   vs  1838 1369K    1542   33K   788    5.80    5.71 10844  9578   40K   112   15.36   15.34
c rst  geom  stb   vs  1839 1371K    1542   33K   788    5.80    5.71 11004  8973   42K   112   15.35   15.33
c [distill-long-red0] cls tried: 444/444 T: 0.07 T-out: N T-r: 97.85%
c [distill-long-red1] cls tried: 26/8832 T: 0.02 T-out: Y T-r: -9.42%
c [distill] watch-based irred--  cl tried    10160 cl-sh     0 cl-rem    0 lit-rem      0 T: 0.02 T-out: N
c [distill] watch-based   red--  cl tried    10367 cl-sh    12 cl-rem    0 lit-rem     23 T: 0.02 T-out: Y
c rst  geom  stb   vs  1840 1372K    1542   33K   788    5.80    5.71 11004  9046   44K   112   15.27   15.25
c rst  geom  stb   vs  1841 1374K    1542   33K   788    5.80    5.71 11005  9061   46K   112   15.27   15.24
c [ccnr] tries: 0 steps: 262143 best found: 11
c [ccnr] saving best assignment phase to stable_polar
c [ccnr] bumping based on var unsat frequency: conflict_ct
c [ccnr] Bumped vars: 1549 bump type: 6
c [ccnr] time: 0.28
c rst  geom ibes   vs  1842 1376K    1542   33K   788    5.80    5.71 11005  9174   48K   112   15.23   15.21
c [full-probe]  bin_only: 1 set: 0 repl: 0 T: 0.00 T-out: N T-r: 99.83%
c [gauss] XOR-encoding clauses are not detached, so no need to reattach them.
c [g 0] truth-find prop checks  : 56K
c [g 0] -> of which prop        : 21.37 %
c [g 0] -> of which confl       :  1.34 %
c [g 0] elim called             : 6974
c [g 0] ---> which lead to prop : 22.77 %
c [g 0] ---> which lead to confl:  0.53 %
c [g 0] size: 75    x 518  
c [scc] new: 0 BP 0M T: 0.00
c [vrep] vars 0 lits 0 rem-bin-cls 0 rem-long-cls 0 BP 0M T: 0.00
c [intree] Set 0 vars hyper-added: 2 trans-irred: 0 trans-red: 0 T: 0.01 T-out: N T-r: -2.41%
c [find&init matx] performing matrix init
c [gauss] XOR-encoding clauses are not detached, so no need to reattach them.
c [xor-rem-unconnected] left with 947 xors from 947 non-empty xors T: 0.00
c [xor-together] xored together: 872 orig xors: 947 new xors: 75 T: 0.00
c [xor-rem-unconnected] left with 75 xors from 75 non-empty xors T: 0.00
c [xor-clean-equiv] removed equivalent xors: 0 left with: 75
c [matrix] unused xors from cleaning: 0
c [matrix] Good   matrix 0 75      x518    density:0.0977  xorlen avg: 50.61
c [matrix] Using 1 matrices recovered from 0 xors T: 0.00 T-out: N
c [g  <0] Disabling GJ-elim in this round.  Usefulness was: 17.7055%  over 84098 calls
c rst  geom ibes vs   1843  1378K 1542      33K   788 5.80    5.71    11005  9314   50K   114 15.15   15.12  
c [distill-bin] useful: 0/788/788 lits-rem: 0 cl-rem: 0 0-depth-assigns: 0 T: 0.00 T-out: N
c rst  geom ibes vs   1844  1381K 1542      33K   788 5.80    5.71    11250  9262   38K   114 12.20   12.18  
c rst  geom ibes vs   1845  1384K 1542      33K   788 5.80    5.71    11250  9542   41K   114 12.20   12.18  
c rst  geom ibes vs   1846  1387K 1542      33K   788 5.80    5.71    11251  9946   44K   114 12.20   12.18  
c [distill-long-red0] cls tried: 259/259 T: 0.05 T-out: N T-r: 98.35%
c [distill-long-red1] cls tried: 28/9792 T: 0.01 T-out: Y T-r: -8.40%
c rst  geom ibes vs   1847  1390K 1542      33K   788 5.80    5.71    11559  8695   48K   114 12.15   12.13  
c [impl-str] lit bin: 0 set-var: 0 T: 0.00 T-out: N T-r: 99.96% w-visit: 3098
c [impl-sub] bin: 0 T: 0.00 T-out: N w-visit: 3098
c rst  geom ibes vs   1848  1394K 1542      33K   788 5.80    5.71    11576  9592   51K   115 12.12   12.11  
c rst  geom svd  vs   1849  1398K 1542      33K   788 5.80    5.71    11619 12971   38K   115 11.64   11.62  
c [full-probe]  bin_only: 0 set: 0 repl: 0 T: 0.01 T-out: N T-r: 98.68%
c [distill] watch-based irred--  cl tried 10122    cl-sh 76    cl-rem 39   lit-rem 76     T: 0.02 T-out: N
c [distill] watch-based red  --  cl tried 9402     cl-sh 176   cl-rem 228  lit-rem 185    T: 0.03 T-out: Y
c rst  geom svd  vs   1850  1402K 1542      33K   790 5.80    5.71    11752 12682   43K   114 11.72   11.71  
c [distill-long-red0] cls tried: 870/870 T: 0.17 T-out: N T-r: 94.32%
c [distill-long-red1] cls tried: 30/12533 T: 0.01 T-out: Y T-r: -7.47%
c [distill-bin] useful: 0/790/790 lits-rem: 0 cl-rem: 0 0-depth-assigns: 0 T: 0.00 T-out: N
c rst  geom svd  vs   1851  1407K 1542      33K   790 5.80    5.71    11678 13118   47K   191 11.74   11.72  
c rst  geom svd  vs   1852  1412K 1542      33K   790 5.80    5.71    12049 15847   35K   196 11.48   11.45  
c rst  geom svd  vs   1853  1417K 328      5461  1613 4.65    4.05      910     4    10   219 4.64    4.14   
c ------- FINAL TOTAL SEARCH STATS ---------
c UIP search time          : 144.84      (97.91     % time)
c All times are for this thread only except if explicitly specified
c restarts                 : 1853        (764.97    confls per restart)
c blocked restarts         : 0           (0.00      per normal restart)
c time                     : 144.84      
c decisions                : 1488311     (0.00      % random)
c propagations             : 106M        (733K      props/s)
c decisions/conflicts      : 1.05        
c conflicts                : 1417498     
c LEARNT stats
c units learnt             : 13          (0.00      % of conflicts)
c bins learnt              : 81          (0.01      % of conflicts)
c long learnt              : 1419451     (100.14    % of conflicts)
c red which0               : 1300        (0.09      % of confl)
c SEAMLESS HYPERBIN&TRANS-RED stats
c advProp called           : 0           
c hyper-bin add bin        : 0           (0.00      bin/call)
c trans-red rem irred bin  : 0           (0.00      bin/call)
c trans-red rem red bin    : 0           (0.00      bin/call)
c CONFL LITS stats
c orig                     : 291295917   (205.50    lit/confl)
c recurs-min effective     : 1360966     (96.01     % attempt successful)
c recurs-min lits          : 246140032   (84.50     % less overall)
c permDiff call%           : 1.54        (0.00      % attempt successful)
c permDiff lits-rem        : 0           (0.00      less lits/cl on attempts)
c further-min call%        : 0.01        (28.29     % attempt successful)
c bintri-min lits          : 115         (0.00      % less overall)
c final avg                : 31.86       
c all-threads sum CPU time : 144.84       s
c PROP stats
c Mbogo-props              : 258.56      (1.79      / sec)
c MHyper-props             : 0.06        (0.00      / sec)
c Mprops                   : 106.17      (0.73      / sec)
c -------- OccSimplifier STATS ----------
c time                     : 4.02        (0.00      % var-elim)
c called                   : 7           (0.57      s per call)
c 0-depth assigns          : 0           (0.00      % vars)
c -------- OccSimplifier STATS END ----------
c -------- SubsumeStrengthen STATS ----------
c cl-subs                  : 5382         Clauses
c cl-str rem lit           : 3672         Lits
c cl-sub T                 : 0.52         s
c cl-str T                 : 3.22         s
c -------- SubsumeStrengthen STATS END ----------
c ----- SCC STATS --------
c time                     : 0.01        (0.00      per call)
c called                   : 39          (0.28      new found per call)
c found                    : 11          (50.00     % of all found)
c bogoprops                : 1700528     % of all found
c ----- SCC STATS END --------
c --------- VAR REPLACE STATS ----------
c time                     : 0.16        (0.01      per call)
c trees' crown             : 10          (0.20      % of vars)
c 0-depth assigns          : 0           (0.00      % vars)
c lits replaced            : 60341       
c bin cls removed          : 45          
c long cls removed         : 14          
c long lits removed        : 563         
c bogoprops                : 7048982     
c --------- VAR REPLACE STATS END ----------
c vrep replace time        : 0.16        (0.11      % time)
c vrep tree roots          : 6           
c vrep trees' crown        : 10          (1.67      leafs/tree)
c -------- DISTILL-BIN STATS --------
c time                     : 0.39        (0.01      per call)
c timed out                : 0           (0.00      % of calls)
c distill/checked/potential: 1          /55584/55584
c lits-rem                 : 0           
c 0-depth-assigns          : 1           (0.02      % of vars)
c -------- DISTILL STATS END --------
c -------- STRENGTHEN STATS --------
c --> watch-based on irred cls
c time                     : 0.37        (0.00      s/call)
c shrinked/tried/total     : 92         /523759/3395823
c subsumed/tried/total     : 54         /523759/3395823
c lits-rem                 : 92          (0.00      % of lits tried)
c called                   : 106         (0.00      % ran out of time)
c --> watch-based on red cls
c time                     : 0.50        (0.00      s/call)
c shrinked/tried/total     : 1271       /465373/522628
c subsumed/tried/total     : 251        /465373/522628
c lits-rem                 : 2117        (0.06      % of lits tried)
c called                   : 106         (54014.15  % ran out of time)
c -------- STRENGTHEN STATS END --------
c -------- IMPLICIT SUB  STATS --------
c time                     : 0.02        (0.00      per call)
c timed out                : 0           (0.00      % of calls)
c rem bins                 : 46          
c -------- IMPLICIT SUB STATS END --------
c Mem used                 : 63          MB
c Mem for longclauses      : 9           MB (15.08     %)
c Mem for watch alloc      : 21          MB (34.09     %)
c Mem for watch array      : 0           MB (0.11      %)
c Mem for assings&vardata  : 0           MB (0.18      %)
c Mem for search&solve     : 0           MB (0.41      %)
c Mem for renumberer       : 0           MB (0.09      %)
c Mem for occsimplifier    : 2           MB (3.50      %)
c Mem for varReplacer&SCC  : 0           MB (0.16      %)
c Mem for impl subsume     : 0           MB (0.00      %)
c Mem for 3 distills       : 0           MB (0.00      %)
c Accounted for mem (rss)  : 53.62       %
c Accounted for mem (vm)   : 44.67       %
c restarts                 : 1853        (764.97    confls per restart)
c blocked restarts         : 0           (0.00      per normal restart)
c time                     : 144.84      
c decisions                : 1488311     (0.00      % random)
c propagations             : 106M        (733K      props/s)
c decisions/conflicts      : 1.05        
c conflicts                : 1417498     
c conf lits non-minim      : 291295917   (205.50    lit/confl)
c conf lits final          : 31.86       
c red which0               : 1300        (0.09      % of confl)
c props/decision           : 0.00        
c props/conflict           : 0.00        
c 0-depth assigns          : 1216        (78.50     % vars)
c 0-depth assigns by CNF   : 0           (0.00      % vars)
c reduceDB time            : 0.32        (0.22      % time)
c OccSimplifier time       : 4.02        (2.72      % time)
c [occur] 0.23 is overhead
c [occur] link-in T: 0.17 cleanup T: 0.06
c [occ-substr] long subBySub: 4708 subByStr: 674 lits-rem-str: 3672 T: 3.74
c SCC time                 : 0.01        (0.01      % time)
c [scc] new: 11 BP 1M  T: 0.01
c vrep replace time        : 0.16        (0.11      % time)
c vrep tree roots          : 6           
c vrep trees' crown        : 10          (1.67      leafs/tree)
c distill long time        : 2.40        (1.62      % time)
c distill bin time         : 0.39        (0.26      % time)
c strength cache-irred time: 0.37        (0.25      % time)
c strength cache-red time  : 0.50        (0.34      % time)
c avg cls in red 0         : 4984.54     
c avg cls in red 1         : 2351.78     
c avg cls in red 2         : 43666.03    
c Conflicts in UIP         : 1417498     (9582.46   confl/time_this_thread)
c Max Memory (rss) used    : 65100 kB    
c Total time (this thread) : 147.93      
s UNSATISFIABLE
c [g 0] truth-find prop checks  : 65K
c [g 0] -> of which prop        : 18.98 %
c [g 0] -> of which confl       :  1.21 %
c [g 0] elim called             : 8685
c [g 0] ---> which lead to prop : 18.17 %
c [g 0] ---> which lead to confl:  0.35 %
c [g 0] size: 75    x 518  
