A,B,t,Z,j,order3_count,anomaly_count,disc
0,1,0,1,0,3,0,27
0,2,0,1,0,3,0,7
0,3,0,1,0,3,0,41
0,4,0,1,0,3,0,28
0,5,0,1,0,3,0,69
0,6,0,1,0,3,0,63
0,7,0,1,0,3,0,10
0,8,0,1,0,3,0,11
0,9,0,1,0,3,0,66
0,10,0,1,0,3,0,74
0,11,0,1,0,3,0,35
0,12,0,1,0,3,0,50
0,13,0,1,0,3,0,18
0,14,0,1,0,3,0,40
0,15,0,1,0,3,0,15
0,16,0,1,0,3,0,44
0,17,0,1,0,3,0,26
0,18,0,1,0,3,0,62
0,19,0,1,0,3,0,51
0,20,0,1,0,3,0,94
0,21,0,1,0,3,0,90
0,22,0,1,0,3,0,39
0,23,0,1,0,3,0,42
0,24,0,1,0,3,0,99
0,25,0,1,0,3,0,8
0,26,0,1,0,3,0,72
0,27,0,1,0,3,0,89
0,28,0,1,0,3,0,59
0,29,0,1,0,3,0,83
0,30,0,1,0,3,0,60
0,31,0,1,0,3,0,91
0,32,0,1,0,3,0,75
0,33,0,1,0,3,0,12
0,34,0,1,0,3,0,3
0,35,0,1,0,3,0,48
0,36,0,1,0,3,0,46
0,37,0,1,0,3,0,98
0,38,0,1,0,3,0,2
0,39,0,1,0,3,0,61
0,40,0,1,0,3,0,73
0,41,0,1,0,3,0,38
0,42,0,1,0,3,0,57
0,43,0,1,0,3,0,29
0,44,0,1,0,3,0,55
0,45,0,1,0,3,0,34
0,46,0,1,0,3,0,67
0,47,0,1,0,3,0,53
0,48,0,1,0,3,0,93
0,49,0,1,0,3,0,86
0,50,0,1,0,3,0,32
0,51,0,1,0,3,0,32
0,52,0,1,0,3,0,86
0,53,0,1,0,3,0,93
0,54,0,1,0,3,0,53
0,55,0,1,0,3,0,67
0,56,0,1,0,3,0,34
0,57,0,1,0,3,0,55
0,58,0,1,0,3,0,29
0,59,0,1,0,3,0,57
0,60,0,1,0,3,0,38
0,61,0,1,0,3,0,73
0,62,0,1,0,3,0,61
0,63,0,1,0,3,0,2
0,64,0,1,0,3,0,98
0,65,0,1,0,3,0,46
0,66,0,1,0,3,0,48
0,67,0,1,0,3,0,3
0,68,0,1,0,3,0,12
0,69,0,1,0,3,0,75
0,70,0,1,0,3,0,91
0,71,0,1,0,3,0,60
0,72,0,1,0,3,0,83
0,73,0,1,0,3,0,59
0,74,0,1,0,3,0,89
0,75,0,1,0,3,0,72
0,76,0,1,0,3,0,8
0,77,0,1,0,3,0,99
0,78,0,1,0,3,0,42
0,79,0,1,0,3,0,39
0,80,0,1,0,3,0,90
0,81,0,1,0,3,0,94
0,82,0,1,0,3,0,51
0,83,0,1,0,3,0,62
0,84,0,1,0,3,0,26
0,85,0,1,0,3,0,44
0,86,0,1,0,3,0,15
0,87,0,1,0,3,0,40
0,88,0,1,0,3,0,18
0,89,0,1,0,3,0,50
0,90,0,1,0,3,0,35
0,91,0,1,0,3,0,74
0,92,0,1,0,3,0,66
0,93,0,1,0,3,0,11
0,94,0,1,0,3,0,10
0,95,0,1,0,3,0,63
0,96,0,1,0,3,0,69
0,97,0,1,0,3,0,28
0,98,0,1,0,3,0,41
0,99,0,1,0,3,0,7
0,100,0,1,0,3,0,27
1,0,2,3,11,1,0,4
1,1,-3,0,34,3,0,31
1,2,2,1,4,1,0,11
1,3,15,0,93,3,0,45
1,4,4,1,14,1,0,32
1,5,-10,1,85,1,0,73
1,6,-10,1,70,1,0,67
1,7,-13,0,32,1,0,14
1,8,2,1,77,1,0,15
1,9,-17,0,67,1,0,70
1,10,-2,3,42,1,0,78
1,11,-12,1,84,3,0,39
1,12,6,3,27,3,0,54
1,13,3,0,2,3,0,22
1,14,-18,1,1,3,0,44
1,15,6,3,98,3,0,19
1,16,-18,1,43,3,0,48
1,17,11,0,89,1,0,30
1,18,6,1,68,3,0,66
1,19,0,1,21,3,0,55
1,20,4,1,19,1,0,98
1,21,-2,1,37,1,0,94
1,22,15,0,48,3,0,43
1,23,12,1,80,3,0,46
1,24,-6,1,22,3,0,2
1,25,-14,1,71,1,0,12
1,26,15,0,75,3,0,76
1,27,6,1,45,3,0,93
1,28,10,1,52,1,0,63
1,29,-2,3,69,1,0,87
1,30,18,3,7,3,0,64
1,31,6,3,60,3,0,95
1,32,1,0,99,1,0,79
1,33,-6,3,28,3,0,16
1,34,0,1,64,3,0,7
1,35,-19,0,63,1,0,52
1,36,16,1,13,1,0,50
1,37,-15,0,44,3,0,1
1,38,10,3,41,1,0,6
1,39,3,0,10,3,0,65
1,40,3,0,15,3,0,77
1,41,12,1,78,3,0,42
1,42,8,1,9,1,0,61
1,43,-9,0,35,3,0,33
1,44,10,1,23,1,0,59
1,45,10,1,49,1,0,38
1,46,-7,0,12,1,0,71
1,47,-14,1,100,1,0,57
1,48,-3,0,90,3,0,97
1,49,-8,1,97,1,0,90
1,50,-7,0,91,1,0,36
1,51,-7,0,91,1,0,36
1,52,-8,1,97,1,0,90
1,53,-3,0,90,3,0,97
1,54,-14,1,100,1,0,57
1,55,-7,0,12,1,0,71
1,56,10,1,49,1,0,38
1,57,10,1,23,1,0,59
1,58,-9,0,35,3,0,33
1,59,8,1,9,1,0,61
1,60,12,1,78,3,0,42
1,61,3,0,15,3,0,77
1,62,3,0,10,3,0,65
1,63,10,3,41,1,0,6
1,64,-15,0,44,3,0,1
1,65,16,1,13,1,0,50
1,66,-19,0,63,1,0,52
1,67,0,1,64,3,0,7
1,68,-6,3,28,3,0,16
1,69,1,0,99,1,0,79
1,70,6,3,60,3,0,95
1,71,18,3,7,3,0,64
1,72,-2,3,69,1,0,87
1,73,10,1,52,1,0,63
1,74,6,1,45,3,0,93
1,75,15,0,75,3,0,76
1,76,-14,1,71,1,0,12
1,77,-6,1,22,3,0,2
1,78,12,1,80,3,0,46
1,79,15,0,48,3,0,43
1,80,-2,1,37,1,0,94
1,81,4,1,19,1,0,98
1,82,0,1,21,3,0,55
1,83,6,1,68,3,0,66
1,84,11,0,89,1,0,30
1,85,-18,1,43,3,0,48
1,86,6,3,98,3,0,19
1,87,-18,1,1,3,0,44
1,88,3,0,2,3,0,22
1,89,6,3,27,3,0,54
1,90,-12,1,84,3,0,39
1,91,-2,3,42,1,0,78
1,92,-17,0,67,1,0,70
1,93,2,1,77,1,0,15
1,94,-13,0,32,1,0,14
1,95,-10,1,70,1,0,67
1,96,-10,1,85,1,0,73
1,97,4,1,14,1,0,32
1,98,15,0,93,3,0,45
1,99,2,1,4,1,0,11
1,100,-3,0,34,3,0,31
2,0,20,1,11,1,0,32
2,1,10,1,83,1,0,59
2,2,0,1,66,3,0,39
2,3,6,1,74,3,0,73
2,4,-18,1,53,3,0,60
2,6,9,0,76,3,0,95
2,7,-4,1,18,1,0,42
2,8,10,3,81,1,0,43
2,9,-14,1,51,1,0,98
2,10,-6,3,30,3,0,5
2,11,-8,1,55,1,0,67
2,12,-10,3,24,1,0,82
2,13,0,1,3,3,0,50
2,14,-16,1,61,1,0,72
2,15,7,0,87,1,0,47
2,16,-9,0,95,3,0,76
2,17,-3,0,20,3,0,58
2,18,-2,1,94,1,0,94
2,19,0,1,59,3,0,83
2,20,14,3,6,1,0,25
2,21,-5,0,36,1,0,21
2,22,17,0,96,1,0,71
2,23,-12,1,73,3,0,74
2,24,-13,0,5,1,0,30
2,25,-12,1,29,3,0,40
2,26,2,1,50,1,0,3
2,27,11,0,58,1,0,20
2,28,12,1,86,3,0,91
2,29,-14,3,54,1,0,14
2,30,5,0,17,1,0,92
2,31,-1,0,16,1,0,22
2,32,15,0,25,3,0,6
2,33,-12,1,8,3,0,44
2,34,-6,1,62,3,0,35
2,35,-6,3,65,3,0,80
2,36,5,0,33,1,0,78
2,37,14,1,40,1,0,29
2,38,4,1,46,1,0,34
2,39,0,1,57,3,0,93
2,40,10,3,88,1,0,4
2,41,-9,0,31,3,0,70
2,42,-18,1,38,3,0,89
2,43,12,1,72,3,0,61
2,44,-7,0,47,1,0,87
2,45,-6,1,39,3,0,66
2,46,8,1,26,1,0,99
2,47,18,3,79,3,0,85
2,48,-3,0,82,3,0,24
2,49,11,0,92,1,0,17
2,50,3,0,56,3,0,64
2,51,3,0,56,3,0,64
2,52,11,0,92,1,0,17
2,53,-3,0,82,3,0,24
2,54,18,3,79,3,0,85
2,55,8,1,26,1,0,99
2,56,-6,1,39,3,0,66
2,57,-7,0,47,1,0,87
2,58,12,1,72,3,0,61
2,59,-18,1,38,3,0,89
2,60,-9,0,31,3,0,70
2,61,10,3,88,1,0,4
2,62,0,1,57,3,0,93
2,63,4,1,46,1,0,34
2,64,14,1,40,1,0,29
2,65,5,0,33,1,0,78
2,66,-6,3,65,3,0,80
2,67,-6,1,62,3,0,35
2,68,-12,1,8,3,0,44
2,69,15,0,25,3,0,6
2,70,-1,0,16,1,0,22
2,71,5,0,17,1,0,92
2,72,-14,3,54,1,0,14
2,73,12,1,86,3,0,91
2,74,11,0,58,1,0,20
2,75,2,1,50,1,0,3
2,76,-12,1,29,3,0,40
2,77,-13,0,5,1,0,30
2,78,-12,1,73,3,0,74
2,79,17,0,96,1,0,71
2,80,-5,0,36,1,0,21
2,81,14,3,6,1,0,25
2,82,0,1,59,3,0,83
2,83,-2,1,94,1,0,94
2,84,-3,0,20,3,0,58
2,85,-9,0,95,3,0,76
2,86,7,0,87,1,0,47
2,87,-16,1,61,1,0,72
2,88,0,1,3,3,0,50
2,89,-10,3,24,1,0,82
2,90,-8,1,55,1,0,67
2,91,-6,3,30,3,0,5
2,92,-14,1,51,1,0,98
2,93,10,3,81,1,0,43
2,94,-4,1,18,1,0,42
2,95,9,0,76,3,0,95
2,97,-18,1,53,3,0,60
2,98,6,1,74,3,0,73
2,99,0,1,66,3,0,39
2,100,10,1,83,1,0,59
3,0,20,1,11,1,0,7
3,1,-12,1,29,3,0,34
3,2,3,0,56,3,0,14
3,3,2,1,50,1,0,48
3,4,10,1,83,1,0,35
3,5,-13,0,5,1,0,76
3,6,11,0,92,1,0,70
3,7,11,0,58,1,0,17
3,8,0,1,66,3,0,18
3,9,-12,1,73,3,0,73
3,10,-3,0,82,3,0,81
3,11,12,1,86,3,0,42
3,12,6,1,74,3,0,57
3,13,17,0,96,1,0,25
3,14,18,3,79,3,0,47
3,15,-14,3,54,1,0,22
3,16,-18,1,53,3,0,51
3,17,-5,0,36,1,0,33
3,18,8,1,26,1,0,69
3,19,5,0,17,1,0,58
3,21,14,3,6,1,0,97
3,22,-6,1,39,3,0,46
3,23,-1,0,16,1,0,49
3,24,9,0,76,3,0,5
3,25,0,1,59,3,0,15
3,26,-7,0,47,1,0,79
3,27,15,0,25,3,0,96
3,28,-4,1,18,1,0,66
3,29,-2,1,94,1,0,90
3,30,12,1,72,3,0,67
3,31,-12,1,8,3,0,98
3,32,10,3,81,1,0,82
3,33,-3,0,20,3,0,19
3,34,-18,1,38,3,0,10
3,35,-6,1,62,3,0,55
3,36,-14,1,51,1,0,53
3,37,-9,0,95,3,0,4
3,38,-9,0,31,3,0,9
3,39,-6,3,65,3,0,68
3,40,-6,3,30,3,0,80
3,41,7,0,87,1,0,45
3,42,10,3,88,1,0,64
3,43,5,0,33,1,0,36
3,44,-8,1,55,1,0,62
3,45,-16,1,61,1,0,41
3,46,0,1,57,3,0,74
3,47,14,1,40,1,0,60
3,48,-10,3,24,1,0,100
3,49,0,1,3,3,0,93
3,50,4,1,46,1,0,39
3,51,4,1,46,1,0,39
3,52,0,1,3,3,0,93
3,53,-10,3,24,1,0,100
3,54,14,1,40,1,0,60
3,55,0,1,57,3,0,74
3,56,-16,1,61,1,0,41
3,57,-8,1,55,1,0,62
3,58,5,0,33,1,0,36
3,59,10,3,88,1,0,64
3,60,7,0,87,1,0,45
3,61,-6,3,30,3,0,80
3,62,-6,3,65,3,0,68
3,63,-9,0,31,3,0,9
3,64,-9,0,95,3,0,4
3,65,-14,1,51,1,0,53
3,66,-6,1,62,3,0,55
3,67,-18,1,38,3,0,10
3,68,-3,0,20,3,0,19
3,69,10,3,81,1,0,82
3,70,-12,1,8,3,0,98
3,71,12,1,72,3,0,67
3,72,-2,1,94,1,0,90
3,73,-4,1,18,1,0,66
3,74,15,0,25,3,0,96
3,75,-7,0,47,1,0,79
3,76,0,1,59,3,0,15
3,77,9,0,76,3,0,5
3,78,-1,0,16,1,0,49
3,79,-6,1,39,3,0,46
3,80,14,3,6,1,0,97
3,82,5,0,17,1,0,58
3,83,8,1,26,1,0,69
3,84,-5,0,36,1,0,33
3,85,-18,1,53,3,0,51
3,86,-14,3,54,1,0,22
3,87,18,3,79,3,0,47
3,88,17,0,96,1,0,25
3,89,6,1,74,3,0,57
3,90,12,1,86,3,0,42
3,91,-3,0,82,3,0,81
3,92,-12,1,73,3,0,73
3,93,0,1,66,3,0,18
3,94,11,0,58,1,0,17
3,95,11,0,92,1,0,70
3,96,-13,0,5,1,0,76
3,97,10,1,83,1,0,35
3,98,2,1,50,1,0,48
3,99,3,0,56,3,0,14
3,100,-12,1,29,3,0,34
4,0,-2,3,11,1,0,54
4,1,-10,3,41,1,0,81
4,2,14,1,71,1,0,61
4,3,-3,0,2,3,0,95
4,4,7,0,91,1,0,82
4,5,-6,3,27,3,0,22
4,6,-15,0,75,3,0,16
4,7,15,0,44,3,0,64
4,8,3,0,34,3,0,65
4,9,-3,0,10,3,0,19
4,10,6,1,22,3,0,27
4,11,18,1,1,3,0,89
4,12,8,1,97,1,0,3
4,13,12,1,84,3,0,72
4,14,-6,1,45,3,0,94
4,15,-16,1,13,1,0,69
4,16,-2,1,4,1,0,98
4,17,-3,0,15,3,0,80
4,18,-12,1,80,3,0,15
4,19,-6,3,98,3,0,4
4,20,3,0,90,3,0,47
4,21,2,3,42,1,0,43
4,22,-10,1,52,1,0,93
4,23,19,0,63,1,0,96
4,24,-15,0,93,3,0,52
4,25,-12,1,78,3,0,62
4,26,-15,0,48,3,0,25
4,27,18,1,43,3,0,42
4,28,14,1,100,1,0,12
4,29,17,0,67,1,0,36
4,30,2,3,69,1,0,13
4,31,0,1,64,3,0,44
4,32,-4,1,14,1,0,28
4,33,-8,1,9,1,0,66
4,34,2,1,37,1,0,57
4,35,-11,0,89,1,0,1
4,36,7,0,12,1,0,100
4,37,-2,1,77,1,0,51
4,38,-18,3,7,3,0,56
4,39,6,3,28,3,0,14
4,40,10,1,85,1,0,26
4,41,9,0,35,3,0,92
4,42,-4,1,19,1,0,10
4,43,-6,1,68,3,0,83
4,44,-10,1,49,1,0,8
4,45,13,0,32,1,0,88
4,46,-6,3,60,3,0,20
4,47,-1,0,99,1,0,6
4,48,10,1,70,1,0,46
4,49,-10,1,23,1,0,39
4,50,0,1,21,3,0,86
4,51,0,1,21,3,0,86
4,52,-10,1,23,1,0,39
4,53,10,1,70,1,0,46
4,54,-1,0,99,1,0,6
4,55,-6,3,60,3,0,20
4,56,13,0,32,1,0,88
4,57,-10,1,49,1,0,8
4,58,-6,1,68,3,0,83
4,59,-4,1,19,1,0,10
4,60,9,0,35,3,0,92
4,61,10,1,85,1,0,26
4,62,6,3,28,3,0,14
4,63,-18,3,7,3,0,56
4,64,-2,1,77,1,0,51
4,65,7,0,12,1,0,100
4,66,-11,0,89,1,0,1
4,67,2,1,37,1,0,57
4,68,-8,1,9,1,0,66
4,69,-4,1,14,1,0,28
4,70,0,1,64,3,0,44
4,71,2,3,69,1,0,13
4,72,17,0,67,1,0,36
4,73,14,1,100,1,0,12
4,74,18,1,43,3,0,42
4,75,-15,0,48,3,0,25
4,76,-12,1,78,3,0,62
4,77,-15,0,93,3,0,52
4,78,19,0,63,1,0,96
4,79,-10,1,52,1,0,93
4,80,2,3,42,1,0,43
4,81,3,0,90,3,0,47
4,82,-6,3,98,3,0,4
4,83,-12,1,80,3,0,15
4,84,-3,0,15,3,0,80
4,85,-2,1,4,1,0,98
4,86,-16,1,13,1,0,69
4,87,-6,1,45,3,0,94
4,88,12,1,84,3,0,72
4,89,8,1,97,1,0,3
4,90,18,1,1,3,0,89
4,91,6,1,22,3,0,27
4,92,-3,0,10,3,0,19
4,93,3,0,34,3,0,65
4,94,15,0,44,3,0,64
4,95,-15,0,75,3,0,16
4,96,-6,3,27,3,0,22
4,97,7,0,91,1,0,82
4,98,-3,0,2,3,0,95
4,99,14,1,71,1,0,61
4,100,-10,3,41,1,0,81
5,0,2,3,11,1,0,96
5,1,15,0,48,3,0,22
5,2,10,1,23,1,0,2
5,3,-19,0,63,1,0,36
5,4,3,0,2,3,0,23
5,5,-17,0,67,1,0,64
5,6,6,3,60,3,0,58
5,7,-3,0,90,3,0,5
5,8,15,0,75,3,0,6
5,9,4,1,14,1,0,61
5,10,6,1,68,3,0,69
5,11,3,0,15,3,0,30
5,12,3,0,10,3,0,45
5,13,11,0,89,1,0,13
5,14,-10,1,85,1,0,35
5,15,6,1,45,3,0,10
5,16,-8,1,97,1,0,39
5,17,18,3,7,3,0,21
5,18,2,1,77,1,0,57
5,19,-18,1,1,3,0,46
5,20,16,1,13,1,0,89
5,21,-9,0,35,3,0,85
5,22,-2,1,37,1,0,34
5,23,-3,0,34,3,0,37
5,24,12,1,80,3,0,94
5,25,10,1,49,1,0,3
5,26,0,1,64,3,0,67
5,27,6,3,27,3,0,84
5,28,-2,3,42,1,0,54
5,29,1,0,99,1,0,78
5,30,-14,1,100,1,0,55
5,31,-14,1,71,1,0,86
5,32,15,0,93,3,0,70
5,33,0,1,21,3,0,7
5,34,12,1,78,3,0,99
5,35,10,3,41,1,0,43
5,36,-18,1,43,3,0,41
5,37,-10,1,70,1,0,93
5,38,10,1,52,1,0,98
5,39,-7,0,91,1,0,56
5,40,-2,3,69,1,0,68
5,41,-13,0,32,1,0,33
5,42,6,3,98,3,0,52
5,43,-15,0,44,3,0,24
5,44,8,1,9,1,0,50
5,45,4,1,19,1,0,29
5,46,2,1,4,1,0,62
5,47,-6,1,22,3,0,48
5,48,-7,0,12,1,0,88
5,49,-6,3,28,3,0,81
5,50,-12,1,84,3,0,27
5,51,-12,1,84,3,0,27
5,52,-6,3,28,3,0,81
5,53,-7,0,12,1,0,88
5,54,-6,1,22,3,0,48
5,55,2,1,4,1,0,62
5,56,4,1,19,1,0,29
5,57,8,1,9,1,0,50
5,58,-15,0,44,3,0,24
5,59,6,3,98,3,0,52
5,60,-13,0,32,1,0,33
5,61,-2,3,69,1,0,68
5,62,-7,0,91,1,0,56
5,63,10,1,52,1,0,98
5,64,-10,1,70,1,0,93
5,65,-18,1,43,3,0,41
5,66,10,3,41,1,0,43
5,67,12,1,78,3,0,99
5,68,0,1,21,3,0,7
5,69,15,0,93,3,0,70
5,70,-14,1,71,1,0,86
5,71,-14,1,100,1,0,55
5,72,1,0,99,1,0,78
5,73,-2,3,42,1,0,54
5,74,6,3,27,3,0,84
5,75,0,1,64,3,0,67
5,76,10,1,49,1,0,3
5,77,12,1,80,3,0,94
5,78,-3,0,34,3,0,37
5,79,-2,1,37,1,0,34
5,80,-9,0,35,3,0,85
5,81,16,1,13,1,0,89
5,82,-18,1,1,3,0,46
5,83,2,1,77,1,0,57
5,84,18,3,7,3,0,21
5,85,-8,1,97,1,0,39
5,86,6,1,45,3,0,10
5,87,-10,1,85,1,0,35
5,88,11,0,89,1,0,13
5,89,3,0,10,3,0,45
5,90,3,0,15,3,0,30
5,91,6,1,68,3,0,69
5,92,4,1,14,1,0,61
5,93,15,0,75,3,0,6
5,94,-3,0,90,3,0,5
5,95,6,3,60,3,0,58
5,96,-17,0,67,1,0,64
5,97,3,0,2,3,0,23
5,98,-19,0,63,1,0,36
5,99,10,1,23,1,0,2
5,100,15,0,48,3,0,22
6,0,-2,3,11,1,0,56
6,1,-12,1,78,3,0,83
6,2,0,1,21,3,0,63
6,3,-15,0,48,3,0,97
6,4,-10,3,41,1,0,84
6,5,-15,0,93,3,0,24
6,6,-10,1,23,1,0,18
6,7,18,1,43,3,0,66
6,8,14,1,71,1,0,67
6,9,19,0,63,1,0,21
6,10,10,1,70,1,0,29
6,11,14,1,100,1,0,91
6,12,-3,0,2,3,0,5
6,13,-10,1,52,1,0,74
6,14,-1,0,99,1,0,96
6,15,17,0,67,1,0,71
6,16,7,0,91,1,0,100
6,17,2,3,42,1,0,82
6,18,-6,3,60,3,0,17
6,19,2,3,69,1,0,6
6,20,-6,3,27,3,0,49
6,21,3,0,90,3,0,45
6,22,13,0,32,1,0,95
6,23,0,1,64,3,0,98
6,24,-15,0,75,3,0,54
6,25,-6,3,98,3,0,64
6,26,-10,1,49,1,0,27
6,27,-4,1,14,1,0,44
6,28,15,0,44,3,0,14
6,29,-12,1,80,3,0,38
6,30,-6,1,68,3,0,15
6,31,-8,1,9,1,0,46
6,32,3,0,34,3,0,30
6,33,-3,0,15,3,0,68
6,34,-4,1,19,1,0,59
6,35,2,1,37,1,0,3
6,36,-3,0,10,3,0,1
6,37,-2,1,4,1,0,53
6,38,9,0,35,3,0,58
6,39,-11,0,89,1,0,16
6,40,6,1,22,3,0,28
6,41,-16,1,13,1,0,94
6,42,10,1,85,1,0,12
6,43,7,0,12,1,0,85
6,44,18,1,1,3,0,10
6,45,-6,1,45,3,0,90
6,46,6,3,28,3,0,22
6,47,-2,1,77,1,0,8
6,48,8,1,97,1,0,48
6,49,12,1,84,3,0,41
6,50,-18,3,7,3,0,88
6,51,-18,3,7,3,0,88
6,52,12,1,84,3,0,41
6,53,8,1,97,1,0,48
6,54,-2,1,77,1,0,8
6,55,6,3,28,3,0,22
6,56,-6,1,45,3,0,90
6,57,18,1,1,3,0,10
6,58,7,0,12,1,0,85
6,59,10,1,85,1,0,12
6,60,-16,1,13,1,0,94
6,61,6,1,22,3,0,28
6,62,-11,0,89,1,0,16
6,63,9,0,35,3,0,58
6,64,-2,1,4,1,0,53
6,65,-3,0,10,3,0,1
6,66,2,1,37,1,0,3
6,67,-4,1,19,1,0,59
6,68,-3,0,15,3,0,68
6,69,3,0,34,3,0,30
6,70,-8,1,9,1,0,46
6,71,-6,1,68,3,0,15
6,72,-12,1,80,3,0,38
6,73,15,0,44,3,0,14
6,74,-4,1,14,1,0,44
6,75,-10,1,49,1,0,27
6,76,-6,3,98,3,0,64
6,77,-15,0,75,3,0,54
6,78,0,1,64,3,0,98
6,79,13,0,32,1,0,95
6,80,3,0,90,3,0,45
6,81,-6,3,27,3,0,49
6,82,2,3,69,1,0,6
6,83,-6,3,60,3,0,17
6,84,2,3,42,1,0,82
6,85,7,0,91,1,0,100
6,86,17,0,67,1,0,71
6,87,-1,0,99,1,0,96
6,88,-10,1,52,1,0,74
6,89,-3,0,2,3,0,5
6,90,14,1,100,1,0,91
6,91,10,1,70,1,0,29
6,92,19,0,63,1,0,21
6,93,14,1,71,1,0,67
6,94,18,1,43,3,0,66
6,95,-10,1,23,1,0,18
6,96,-15,0,93,3,0,24
6,97,-10,3,41,1,0,84
6,98,-15,0,48,3,0,97
6,99,0,1,21,3,0,63
6,100,-12,1,78,3,0,83
7,0,20,1,11,1,0,59
7,1,-14,1,51,1,0,86
7,2,-2,1,94,1,0,66
7,3,11,0,58,1,0,100
7,4,5,0,33,1,0,87
7,5,-6,1,39,3,0,27
7,6,18,3,79,3,0,21
7,7,4,1,46,1,0,69
7,8,-14,3,54,1,0,70
7,9,14,3,6,1,0,24
7,10,-8,1,55,1,0,32
7,11,0,1,66,3,0,94
7,12,-4,1,18,1,0,8
7,13,-9,0,95,3,0,77
7,14,-12,1,29,3,0,99
7,15,-6,1,62,3,0,74
7,16,12,1,72,3,0,2
7,17,11,0,92,1,0,85
7,18,10,3,88,1,0,20
7,19,-1,0,16,1,0,9
7,20,17,0,96,1,0,52
7,21,0,1,3,3,0,48
7,22,-18,1,53,3,0,98
7,24,-16,1,61,1,0,57
7,25,-12,1,73,3,0,67
7,26,15,0,25,3,0,30
7,27,-9,0,31,3,0,47
7,28,3,0,56,3,0,17
7,29,-18,1,38,3,0,41
7,30,-12,1,8,3,0,18
7,31,-13,0,5,1,0,49
7,32,7,0,87,1,0,33
7,33,9,0,76,3,0,71
7,34,6,1,74,3,0,62
7,35,-10,3,24,1,0,6
7,36,-5,0,36,1,0,4
7,37,5,0,17,1,0,56
7,38,0,1,57,3,0,61
7,39,-3,0,82,3,0,19
7,40,-7,0,47,1,0,31
7,41,-6,3,65,3,0,97
7,42,2,1,50,1,0,15
7,43,-3,0,20,3,0,88
7,44,10,3,81,1,0,13
7,45,10,1,83,1,0,93
7,46,-6,3,30,3,0,25
7,47,0,1,59,3,0,11
7,48,12,1,86,3,0,51
7,49,14,1,40,1,0,44
7,50,8,1,26,1,0,91
7,51,8,1,26,1,0,91
7,52,14,1,40,1,0,44
7,53,12,1,86,3,0,51
7,54,0,1,59,3,0,11
7,55,-6,3,30,3,0,25
7,56,10,1,83,1,0,93
7,57,10,3,81,1,0,13
7,58,-3,0,20,3,0,88
7,59,2,1,50,1,0,15
7,60,-6,3,65,3,0,97
7,61,-7,0,47,1,0,31
7,62,-3,0,82,3,0,19
7,63,0,1,57,3,0,61
7,64,5,0,17,1,0,56
7,65,-5,0,36,1,0,4
7,66,-10,3,24,1,0,6
7,67,6,1,74,3,0,62
7,68,9,0,76,3,0,71
7,69,7,0,87,1,0,33
7,70,-13,0,5,1,0,49
7,71,-12,1,8,3,0,18
7,72,-18,1,38,3,0,41
7,73,3,0,56,3,0,17
7,74,-9,0,31,3,0,47
7,75,15,0,25,3,0,30
7,76,-12,1,73,3,0,67
7,77,-16,1,61,1,0,57
7,79,-18,1,53,3,0,98
7,80,0,1,3,3,0,48
7,81,17,0,96,1,0,52
7,82,-1,0,16,1,0,9
7,83,10,3,88,1,0,20
7,84,11,0,92,1,0,85
7,85,12,1,72,3,0,2
7,86,-6,1,62,3,0,74
7,87,-12,1,29,3,0,99
7,88,-9,0,95,3,0,77
7,89,-4,1,18,1,0,8
7,90,0,1,66,3,0,94
7,91,-8,1,55,1,0,32
7,92,14,3,6,1,0,24
7,93,-14,3,54,1,0,70
7,94,4,1,46,1,0,69
7,95,18,3,79,3,0,21
7,96,-6,1,39,3,0,27
7,97,5,0,33,1,0,87
7,98,11,0,58,1,0,100
7,99,-2,1,94,1,0,66
7,100,-14,1,51,1,0,86
8,0,-20,1,11,1,0,28
8,1,-4,1,46,1,0,55
8,2,12,1,29,3,0,35
8,3,0,1,3,3,0,69
8,4,-3,0,56,3,0,56
8,5,10,3,24,1,0,97
8,6,-2,1,50,1,0,91
8,7,-14,1,40,1,0,38
8,8,-10,1,83,1,0,39
8,9,0,1,57,3,0,94
8,10,13,0,5,1,0,1
8,11,16,1,61,1,0,63
8,12,-11,0,92,1,0,78
8,13,8,1,55,1,0,46
8,14,-11,0,58,1,0,68
8,15,-5,0,33,1,0,43
8,16,0,1,66,3,0,72
8,17,-10,3,88,1,0,54
8,18,12,1,73,3,0,90
8,19,-7,0,87,1,0,79
8,20,3,0,82,3,0,21
8,21,6,3,30,3,0,17
8,22,-12,1,86,3,0,67
8,23,6,3,65,3,0,70
8,24,-6,1,74,3,0,26
8,25,9,0,31,3,0,36
8,26,-17,0,96,1,0,100
8,27,9,0,95,3,0,16
8,28,-18,3,79,3,0,87
8,29,14,1,51,1,0,10
8,30,14,3,54,1,0,88
8,31,6,1,62,3,0,18
8,32,18,1,53,3,0,2
8,33,18,1,38,3,0,40
8,34,5,0,36,1,0,31
8,35,3,0,20,3,0,76
8,36,-8,1,26,1,0,74
8,37,-10,3,81,1,0,25
8,38,-5,0,17,1,0,30
8,39,12,1,8,3,0,89
8,41,-12,1,72,3,0,66
8,42,-14,3,6,1,0,85
8,43,2,1,94,1,0,57
8,44,6,1,39,3,0,83
8,45,4,1,18,1,0,62
8,46,1,0,16,1,0,95
8,47,-15,0,25,3,0,81
8,48,-9,0,76,3,0,20
8,49,7,0,47,1,0,13
8,50,0,1,59,3,0,60
8,51,0,1,59,3,0,60
8,52,7,0,47,1,0,13
8,53,-9,0,76,3,0,20
8,54,-15,0,25,3,0,81
8,55,1,0,16,1,0,95
8,56,4,1,18,1,0,62
8,57,6,1,39,3,0,83
8,58,2,1,94,1,0,57
8,59,-14,3,6,1,0,85
8,60,-12,1,72,3,0,66
8,62,12,1,8,3,0,89
8,63,-5,0,17,1,0,30
8,64,-10,3,81,1,0,25
8,65,-8,1,26,1,0,74
8,66,3,0,20,3,0,76
8,67,5,0,36,1,0,31
8,68,18,1,38,3,0,40
8,69,18,1,53,3,0,2
8,70,6,1,62,3,0,18
8,71,14,3,54,1,0,88
8,72,14,1,51,1,0,10
8,73,-18,3,79,3,0,87
8,74,9,0,95,3,0,16
8,75,-17,0,96,1,0,100
8,76,9,0,31,3,0,36
8,77,-6,1,74,3,0,26
8,78,6,3,65,3,0,70
8,79,-12,1,86,3,0,67
8,80,6,3,30,3,0,17
8,81,3,0,82,3,0,21
8,82,-7,0,87,1,0,79
8,83,12,1,73,3,0,90
8,84,-10,3,88,1,0,54
8,85,0,1,66,3,0,72
8,86,-5,0,33,1,0,43
8,87,-11,0,58,1,0,68
8,88,8,1,55,1,0,46
8,89,-11,0,92,1,0,78
8,90,16,1,61,1,0,63
8,91,13,0,5,1,0,1
8,92,0,1,57,3,0,94
8,93,-10,1,83,1,0,39
8,94,-14,1,40,1,0,38
8,95,-2,1,50,1,0,91
8,96,10,3,24,1,0,97
8,97,-3,0,56,3,0,56
8,98,0,1,3,3,0,69
8,99,12,1,29,3,0,35
8,100,-4,1,46,1,0,55
9,0,-2,3,11,1,0,88
9,1,-6,3,98,3,0,14
9,2,-18,3,7,3,0,95
9,3,-10,1,49,1,0,28
9,4,-12,1,78,3,0,15
9,5,-15,0,75,3,0,56
9,6,12,1,84,3,0,50
9,7,-4,1,14,1,0,98
9,8,0,1,21,3,0,99
9,9,0,1,64,3,0,53
9,10,8,1,97,1,0,61
9,11,15,0,44,3,0,22
9,12,-15,0,48,3,0,37
9,13,13,0,32,1,0,5
9,14,-2,1,77,1,0,27
9,15,-12,1,80,3,0,2
9,16,-10,3,41,1,0,31
9,17,3,0,90,3,0,13
9,18,6,3,28,3,0,49
9,19,-6,1,68,3,0,38
9,20,-15,0,93,3,0,81
9,21,-6,3,27,3,0,77
9,22,-6,1,45,3,0,26
9,23,-8,1,9,1,0,29
9,24,-10,1,23,1,0,86
9,25,2,3,69,1,0,96
9,26,18,1,1,3,0,59
9,27,3,0,34,3,0,76
9,28,18,1,43,3,0,46
9,29,-6,3,60,3,0,70
9,30,7,0,12,1,0,47
9,31,-3,0,15,3,0,78
9,32,14,1,71,1,0,62
9,33,2,3,42,1,0,100
9,34,10,1,85,1,0,91
9,35,-4,1,19,1,0,35
9,36,19,0,63,1,0,33
9,37,7,0,91,1,0,85
9,38,-16,1,13,1,0,90
9,39,2,1,37,1,0,48
9,40,10,1,70,1,0,60
9,41,17,0,67,1,0,25
9,42,6,1,22,3,0,44
9,43,-3,0,10,3,0,16
9,44,14,1,100,1,0,42
9,45,-1,0,99,1,0,21
9,46,-11,0,89,1,0,54
9,47,-2,1,4,1,0,40
9,48,-3,0,2,3,0,80
9,49,-10,1,52,1,0,73
9,50,9,0,35,3,0,19
9,51,9,0,35,3,0,19
9,52,-10,1,52,1,0,73
9,53,-3,0,2,3,0,80
9,54,-2,1,4,1,0,40
9,55,-11,0,89,1,0,54
9,56,-1,0,99,1,0,21
9,57,14,1,100,1,0,42
9,58,-3,0,10,3,0,16
9,59,6,1,22,3,0,44
9,60,17,0,67,1,0,25
9,61,10,1,70,1,0,60
9,62,2,1,37,1,0,48
9,63,-16,1,13,1,0,90
9,64,7,0,91,1,0,85
9,65,19,0,63,1,0,33
9,66,-4,1,19,1,0,35
9,67,10,1,85,1,0,91
9,68,2,3,42,1,0,100
9,69,14,1,71,1,0,62
9,70,-3,0,15,3,0,78
9,71,7,0,12,1,0,47
9,72,-6,3,60,3,0,70
9,73,18,1,43,3,0,46
9,74,3,0,34,3,0,76
9,75,18,1,1,3,0,59
9,76,2,3,69,1,0,96
9,77,-10,1,23,1,0,86
9,78,-8,1,9,1,0,29
9,79,-6,1,45,3,0,26
9,80,-6,3,27,3,0,77
9,81,-15,0,93,3,0,81
9,82,-6,1,68,3,0,38
9,83,6,3,28,3,0,49
9,84,3,0,90,3,0,13
9,85,-10,3,41,1,0,31
9,86,-12,1,80,3,0,2
9,87,-2,1,77,1,0,27
9,88,13,0,32,1,0,5
9,89,-15,0,48,3,0,37
9,90,15,0,44,3,0,22
9,91,8,1,97,1,0,61
9,92,0,1,64,3,0,53
9,93,0,1,21,3,0,99
9,94,-4,1,14,1,0,98
9,95,12,1,84,3,0,50
9,96,-15,0,75,3,0,56
9,97,-12,1,78,3,0,15
9,98,-10,1,49,1,0,28
9,99,-18,3,7,3,0,95
9,100,-6,3,98,3,0,14
10,0,20,1,11,1,0,61
10,1,17,0,96,1,0,88
10,2,-7,0,47,1,0,68
10,3,-6,3,65,3,0,1
10,4,0,1,3,3,0,89
10,5,-14,1,51,1,0,29
10,6,-1,0,16,1,0,23
10,7,-3,0,82,3,0,71
10,8,2,1,50,1,0,72
10,9,-18,1,53,3,0,26
10,10,-2,1,94,1,0,34
10,11,10,3,88,1,0,96
10,12,0,1,57,3,0,10
10,13,-3,0,20,3,0,79
10,15,11,0,58,1,0,76
10,16,11,0,92,1,0,4
10,17,5,0,17,1,0,87
10,18,10,3,81,1,0,22
10,19,-16,1,61,1,0,11
10,20,5,0,33,1,0,54
10,21,12,1,72,3,0,50
10,22,-5,0,36,1,0,100
10,23,10,1,83,1,0,2
10,24,-12,1,73,3,0,59
10,25,-6,1,39,3,0,69
10,26,-6,1,62,3,0,32
10,27,-10,3,24,1,0,49
10,28,-6,3,30,3,0,19
10,29,15,0,25,3,0,43
10,30,18,3,79,3,0,20
10,31,-12,1,29,3,0,51
10,32,6,1,74,3,0,35
10,33,0,1,59,3,0,73
10,34,-9,0,31,3,0,64
10,35,4,1,46,1,0,8
10,36,-9,0,95,3,0,6
10,37,9,0,76,3,0,58
10,38,12,1,86,3,0,63
10,39,3,0,56,3,0,21
10,40,-14,3,54,1,0,33
10,41,-4,1,18,1,0,99
10,42,7,0,87,1,0,17
10,43,14,1,40,1,0,90
10,44,-18,1,38,3,0,15
10,45,14,3,6,1,0,95
10,46,0,1,66,3,0,27
10,47,-13,0,5,1,0,13
10,48,8,1,26,1,0,53
10,49,-12,1,8,3,0,46
10,50,-8,1,55,1,0,93
10,51,-8,1,55,1,0,93
10,52,-12,1,8,3,0,46
10,53,8,1,26,1,0,53
10,54,-13,0,5,1,0,13
10,55,0,1,66,3,0,27
10,56,14,3,6,1,0,95
10,57,-18,1,38,3,0,15
10,58,14,1,40,1,0,90
10,59,7,0,87,1,0,17
10,60,-4,1,18,1,0,99
10,61,-14,3,54,1,0,33
10,62,3,0,56,3,0,21
10,63,12,1,86,3,0,63
10,64,9,0,76,3,0,58
10,65,-9,0,95,3,0,6
10,66,4,1,46,1,0,8
10,67,-9,0,31,3,0,64
10,68,0,1,59,3,0,73
10,69,6,1,74,3,0,35
10,70,-12,1,29,3,0,51
10,71,18,3,79,3,0,20
10,72,15,0,25,3,0,43
10,73,-6,3,30,3,0,19
10,74,-10,3,24,1,0,49
10,75,-6,1,62,3,0,32
10,76,-6,1,39,3,0,69
10,77,-12,1,73,3,0,59
10,78,10,1,83,1,0,2
10,79,-5,0,36,1,0,100
10,80,12,1,72,3,0,50
10,81,5,0,33,1,0,54
10,82,-16,1,61,1,0,11
10,83,10,3,81,1,0,22
10,84,5,0,17,1,0,87
10,85,11,0,92,1,0,4
10,86,11,0,58,1,0,76
10,88,-3,0,20,3,0,79
10,89,0,1,57,3,0,10
10,90,10,3,88,1,0,96
10,91,-2,1,94,1,0,34
10,92,-18,1,53,3,0,26
10,93,2,1,50,1,0,72
10,94,-3,0,82,3,0,71
10,95,-1,0,16,1,0,23
10,96,-14,1,51,1,0,29
10,97,0,1,3,3,0,89
10,98,-6,3,65,3,0,1
10,99,-7,0,47,1,0,68
10,100,17,0,96,1,0,88
11,0,20,1,11,1,0,72
11,1,-12,1,8,3,0,99
11,2,-6,3,65,3,0,79
11,3,0,1,66,3,0,12
11,4,-1,0,16,1,0,100
11,5,14,1,40,1,0,40
11,6,-18,1,53,3,0,34
11,7,-14,3,54,1,0,82
11,8,0,1,57,3,0,83
11,9,9,0,76,3,0,37
11,10,11,0,58,1,0,45
11,11,-9,0,31,3,0,6
11,12,10,3,81,1,0,21
11,13,-12,1,29,3,0,90
11,14,12,1,72,3,0,11
11,15,-6,3,30,3,0,87
11,16,-12,1,73,3,0,15
11,17,-6,1,39,3,0,98
11,18,-10,3,24,1,0,33
11,19,-5,0,36,1,0,22
11,20,18,3,79,3,0,65
11,21,-16,1,61,1,0,61
11,22,0,1,59,3,0,10
11,23,11,0,92,1,0,13
11,24,-9,0,95,3,0,70
11,25,-3,0,20,3,0,80
11,26,3,0,56,3,0,43
11,27,-2,1,94,1,0,60
11,28,7,0,87,1,0,30
11,29,-3,0,82,3,0,54
11,30,14,3,6,1,0,31
11,31,0,1,3,3,0,62
11,32,8,1,26,1,0,46
11,33,17,0,96,1,0,84
11,34,-8,1,55,1,0,75
11,35,-7,0,47,1,0,19
11,36,-13,0,5,1,0,17
11,37,-14,1,51,1,0,69
11,38,-18,1,38,3,0,74
11,39,2,1,50,1,0,32
11,40,-4,1,18,1,0,44
11,41,10,3,88,1,0,9
11,42,12,1,86,3,0,28
11,44,4,1,46,1,0,26
11,45,5,0,17,1,0,5
11,46,6,1,74,3,0,38
11,47,5,0,33,1,0,24
11,48,15,0,25,3,0,64
11,49,10,1,83,1,0,57
11,50,-6,1,62,3,0,3
11,51,-6,1,62,3,0,3
11,52,10,1,83,1,0,57
11,53,15,0,25,3,0,64
11,54,5,0,33,1,0,24
11,55,6,1,74,3,0,38
11,56,5,0,17,1,0,5
11,57,4,1,46,1,0,26
11,59,12,1,86,3,0,28
11,60,10,3,88,1,0,9
11,61,-4,1,18,1,0,44
11,62,2,1,50,1,0,32
11,63,-18,1,38,3,0,74
11,64,-14,1,51,1,0,69
11,65,-13,0,5,1,0,17
11,66,-7,0,47,1,0,19
11,67,-8,1,55,1,0,75
11,68,17,0,96,1,0,84
11,69,8,1,26,1,0,46
11,70,0,1,3,3,0,62
11,71,14,3,6,1,0,31
11,72,-3,0,82,3,0,54
11,73,7,0,87,1,0,30
11,74,-2,1,94,1,0,60
11,75,3,0,56,3,0,43
11,76,-3,0,20,3,0,80
11,77,-9,0,95,3,0,70
11,78,11,0,92,1,0,13
11,79,0,1,59,3,0,10
11,80,-16,1,61,1,0,61
11,81,18,3,79,3,0,65
11,82,-5,0,36,1,0,22
11,83,-10,3,24,1,0,33
11,84,-6,1,39,3,0,98
11,85,-12,1,73,3,0,15
11,86,-6,3,30,3,0,87
11,87,12,1,72,3,0,11
11,88,-12,1,29,3,0,90
11,89,10,3,81,1,0,21
11,90,-9,0,31,3,0,6
11,91,11,0,58,1,0,45
11,92,9,0,76,3,0,37
11,93,0,1,57,3,0,83
11,94,-14,3,54,1,0,82
11,95,-18,1,53,3,0,34
11,96,14,1,40,1,0,40
11,97,-1,0,16,1,0,100
11,98,0,1,66,3,0,12
11,99,-6,3,65,3,0,79
11,100,-12,1,8,3,0,99
12,0,-20,1,11,1,0,44
12,1,9,0,31,3,0,71
12,2,0,1,59,3,0,51
12,3,-17,0,96,1,0,85
12,4,-4,1,46,1,0,72
12,5,-6,1,74,3,0,12
12,6,7,0,47,1,0,6
12,7,9,0,95,3,0,54
12,8,12,1,29,3,0,55
12,9,6,3,65,3,0,9
12,10,-9,0,76,3,0,17
12,11,-18,3,79,3,0,79
12,12,0,1,3,3,0,94
12,13,-12,1,86,3,0,62
12,14,-15,0,25,3,0,84
12,15,14,1,51,1,0,59
12,16,-3,0,56,3,0,88
12,17,6,3,30,3,0,70
12,18,1,0,16,1,0,5
12,19,14,3,54,1,0,95
12,20,10,3,24,1,0,37
12,21,3,0,82,3,0,33
12,22,4,1,18,1,0,83
12,23,6,1,62,3,0,86
12,24,-2,1,50,1,0,42
12,25,-7,0,87,1,0,52
12,26,6,1,39,3,0,15
12,27,18,1,53,3,0,32
12,28,-14,1,40,1,0,2
12,29,12,1,73,3,0,26
12,30,2,1,94,1,0,3
12,31,18,1,38,3,0,34
12,32,-10,1,83,1,0,18
12,33,-10,3,88,1,0,56
12,34,-14,3,6,1,0,47
12,35,5,0,36,1,0,92
12,36,0,1,57,3,0,90
12,37,0,1,66,3,0,41
12,38,-12,1,72,3,0,46
12,39,3,0,20,3,0,4
12,40,13,0,5,1,0,16
12,41,-5,0,33,1,0,82
12,43,-8,1,26,1,0,73
12,44,16,1,61,1,0,99
12,45,-11,0,58,1,0,78
12,46,12,1,8,3,0,10
12,47,-10,3,81,1,0,97
12,48,-11,0,92,1,0,36
12,49,8,1,55,1,0,29
12,50,-5,0,17,1,0,76
12,51,-5,0,17,1,0,76
12,52,8,1,55,1,0,29
12,53,-11,0,92,1,0,36
12,54,-10,3,81,1,0,97
12,55,12,1,8,3,0,10
12,56,-11,0,58,1,0,78
12,57,16,1,61,1,0,99
12,58,-8,1,26,1,0,73
12,60,-5,0,33,1,0,82
12,61,13,0,5,1,0,16
12,62,3,0,20,3,0,4
12,63,-12,1,72,3,0,46
12,64,0,1,66,3,0,41
12,65,0,1,57,3,0,90
12,66,5,0,36,1,0,92
12,67,-14,3,6,1,0,47
12,68,-10,3,88,1,0,56
12,69,-10,1,83,1,0,18
12,70,18,1,38,3,0,34
12,71,2,1,94,1,0,3
12,72,12,1,73,3,0,26
12,73,-14,1,40,1,0,2
12,74,18,1,53,3,0,32
12,75,6,1,39,3,0,15
12,76,-7,0,87,1,0,52
12,77,-2,1,50,1,0,42
12,78,6,1,62,3,0,86
12,79,4,1,18,1,0,83
12,80,3,0,82,3,0,33
12,81,10,3,24,1,0,37
12,82,14,3,54,1,0,95
12,83,1,0,16,1,0,5
12,84,6,3,30,3,0,70
12,85,-3,0,56,3,0,88
12,86,14,1,51,1,0,59
12,87,-15,0,25,3,0,84
12,88,-12,1,86,3,0,62
12,89,0,1,3,3,0,94
12,90,-18,3,79,3,0,79
12,91,-9,0,76,3,0,17
12,92,6,3,65,3,0,9
12,93,12,1,29,3,0,55
12,94,9,0,95,3,0,54
12,95,7,0,47,1,0,6
12,96,-6,1,74,3,0,12
12,97,-4,1,46,1,0,72
12,98,-17,0,96,1,0,85
12,99,0,1,59,3,0,51
12,100,9,0,31,3,0,71
13,0,-2,3,11,1,0,1
13,1,-2,1,4,1,0,28
13,2,-4,1,14,1,0,8
13,3,10,1,70,1,0,42
13,4,-2,1,77,1,0,29
13,5,2,3,42,1,0,70
13,6,-6,3,27,3,0,64
13,7,18,1,1,3,0,11
13,8,18,1,43,3,0,12
13,9,-6,1,68,3,0,67
13,10,-4,1,19,1,0,75
13,11,-15,0,48,3,0,36
13,12,6,1,22,3,0,51
13,13,-15,0,75,3,0,19
13,14,-10,1,52,1,0,41
13,15,-18,3,7,3,0,16
13,16,-1,0,99,1,0,45
13,17,0,1,64,3,0,27
13,18,-16,1,13,1,0,63
13,19,-10,3,41,1,0,52
13,20,-3,0,15,3,0,95
13,21,-8,1,9,1,0,91
13,22,-10,1,23,1,0,40
13,23,7,0,12,1,0,43
13,24,3,0,90,3,0,100
13,25,7,0,91,1,0,9
13,26,8,1,97,1,0,73
13,27,14,1,100,1,0,90
13,28,-10,1,49,1,0,60
13,29,9,0,35,3,0,84
13,30,-12,1,78,3,0,61
13,31,-3,0,10,3,0,92
13,32,15,0,44,3,0,76
13,33,19,0,63,1,0,13
13,34,6,3,28,3,0,4
13,35,-6,3,60,3,0,49
13,36,2,3,69,1,0,47
13,37,-6,1,45,3,0,99
13,38,14,1,71,1,0,3
13,39,-12,1,80,3,0,62
13,40,2,1,37,1,0,74
13,41,0,1,21,3,0,39
13,42,-11,0,89,1,0,58
13,43,-6,3,98,3,0,30
13,44,-3,0,2,3,0,56
13,45,12,1,84,3,0,35
13,46,17,0,67,1,0,68
13,47,13,0,32,1,0,54
13,48,10,1,85,1,0,94
13,49,-15,0,93,3,0,87
13,50,3,0,34,3,0,33
13,51,3,0,34,3,0,33
13,52,-15,0,93,3,0,87
13,53,10,1,85,1,0,94
13,54,13,0,32,1,0,54
13,55,17,0,67,1,0,68
13,56,12,1,84,3,0,35
13,57,-3,0,2,3,0,56
13,58,-6,3,98,3,0,30
13,59,-11,0,89,1,0,58
13,60,0,1,21,3,0,39
13,61,2,1,37,1,0,74
13,62,-12,1,80,3,0,62
13,63,14,1,71,1,0,3
13,64,-6,1,45,3,0,99
13,65,2,3,69,1,0,47
13,66,-6,3,60,3,0,49
13,67,6,3,28,3,0,4
13,68,19,0,63,1,0,13
13,69,15,0,44,3,0,76
13,70,-3,0,10,3,0,92
13,71,-12,1,78,3,0,61
13,72,9,0,35,3,0,84
13,73,-10,1,49,1,0,60
13,74,14,1,100,1,0,90
13,75,8,1,97,1,0,73
13,76,7,0,91,1,0,9
13,77,3,0,90,3,0,100
13,78,7,0,12,1,0,43
13,79,-10,1,23,1,0,40
13,80,-8,1,9,1,0,91
13,81,-3,0,15,3,0,95
13,82,-10,3,41,1,0,52
13,83,-16,1,13,1,0,63
13,84,0,1,64,3,0,27
13,85,-1,0,99,1,0,45
13,86,-18,3,7,3,0,16
13,87,-10,1,52,1,0,41
13,88,-15,0,75,3,0,19
13,89,6,1,22,3,0,51
13,90,-15,0,48,3,0,36
13,91,-4,1,19,1,0,75
13,92,-6,1,68,3,0,67
13,93,18,1,43,3,0,12
13,94,18,1,1,3,0,11
13,95,-6,3,27,3,0,64
13,96,2,3,42,1,0,70
13,97,-2,1,77,1,0,29
13,98,10,1,70,1,0,42
13,99,-4,1,14,1,0,8
13,100,-2,1,4,1,0,28
14,0,-2,3,11,1,0,68
14,1,-3,0,10,3,0,95
14,2,-12,1,80,3,0,75
14,3,18,1,43,3,0,8
14,4,7,0,12,1,0,96
14,5,13,0,32,1,0,36
14,6,-1,0,99,1,0,30
14,7,-18,3,7,3,0,78
14,8,17,0,67,1,0,79
14,9,3,0,90,3,0,33
14,10,18,1,1,3,0,41
14,11,14,1,71,1,0,2
14,12,15,0,44,3,0,17
14,13,-2,1,4,1,0,86
14,14,-12,1,78,3,0,7
14,15,2,1,37,1,0,83
14,16,-6,1,68,3,0,11
14,17,-10,1,23,1,0,94
14,18,10,1,85,1,0,29
14,19,0,1,64,3,0,18
14,20,-10,1,52,1,0,61
14,21,12,1,84,3,0,57
14,22,7,0,91,1,0,6
14,23,-6,3,27,3,0,9
14,24,-6,1,45,3,0,66
14,25,19,0,63,1,0,76
14,26,-4,1,14,1,0,39
14,27,9,0,35,3,0,56
14,28,0,1,21,3,0,26
14,29,-4,1,19,1,0,50
14,30,-8,1,9,1,0,27
14,31,-15,0,93,3,0,58
14,32,-16,1,13,1,0,42
14,33,-15,0,75,3,0,80
14,34,-3,0,2,3,0,71
14,35,8,1,97,1,0,15
14,36,2,3,42,1,0,13
14,37,2,3,69,1,0,65
14,38,6,3,28,3,0,70
14,39,10,1,70,1,0,28
14,40,-10,1,49,1,0,40
14,41,-11,0,89,1,0,5
14,42,-15,0,48,3,0,24
14,43,-3,0,15,3,0,97
14,44,3,0,34,3,0,22
14,45,-10,3,41,1,0,1
14,46,6,1,22,3,0,34
14,47,-6,3,98,3,0,20
14,48,14,1,100,1,0,60
14,49,-2,1,77,1,0,53
14,50,-6,3,60,3,0,100
14,51,-6,3,60,3,0,100
14,52,-2,1,77,1,0,53
14,53,14,1,100,1,0,60
14,54,-6,3,98,3,0,20
14,55,6,1,22,3,0,34
14,56,-10,3,41,1,0,1
14,57,3,0,34,3,0,22
14,58,-3,0,15,3,0,97
14,59,-15,0,48,3,0,24
14,60,-11,0,89,1,0,5
14,61,-10,1,49,1,0,40
14,62,10,1,70,1,0,28
14,63,6,3,28,3,0,70
14,64,2,3,69,1,0,65
14,65,2,3,42,1,0,13
14,66,8,1,97,1,0,15
14,67,-3,0,2,3,0,71
14,68,-15,0,75,3,0,80
14,69,-16,1,13,1,0,42
14,70,-15,0,93,3,0,58
14,71,-8,1,9,1,0,27
14,72,-4,1,19,1,0,50
14,73,0,1,21,3,0,26
14,74,9,0,35,3,0,56
14,75,-4,1,14,1,0,39
14,76,19,0,63,1,0,76
14,77,-6,1,45,3,0,66
14,78,-6,3,27,3,0,9
14,79,7,0,91,1,0,6
14,80,12,1,84,3,0,57
14,81,-10,1,52,1,0,61
14,82,0,1,64,3,0,18
14,83,10,1,85,1,0,29
14,84,-10,1,23,1,0,94
14,85,-6,1,68,3,0,11
14,86,2,1,37,1,0,83
14,87,-12,1,78,3,0,7
14,88,-2,1,4,1,0,86
14,89,15,0,44,3,0,17
14,90,14,1,71,1,0,2
14,91,18,1,1,3,0,41
14,92,3,0,90,3,0,33
14,93,17,0,67,1,0,79
14,94,-18,3,7,3,0,78
14,95,-1,0,99,1,0,30
14,96,13,0,32,1,0,36
14,97,7,0,12,1,0,96
14,98,18,1,43,3,0,8
14,99,-12,1,80,3,0,75
14,100,-3,0,10,3,0,95
15,0,20,1,11,1,0,67
15,1,-6,1,39,3,0,94
15,2,-8,1,55,1,0,74
15,3,-6,1,62,3,0,7
15,4,17,0,96,1,0,95
15,5,-12,1,73,3,0,35
15,6,-12,1,8,3,0,29
15,7,-10,3,24,1,0,77
15,8,-7,0,47,1,0,78
15,9,10,1,83,1,0,32
15,10,8,1,26,1,0,40
15,11,-6,3,30,3,0,1
15,12,-6,3,65,3,0,16
15,13,-5,0,36,1,0,85
15,14,-13,0,5,1,0,6
15,15,15,0,25,3,0,82
15,16,0,1,3,3,0,10
15,17,12,1,72,3,0,93
15,18,0,1,66,3,0,28
15,19,18,3,79,3,0,17
15,20,-14,1,51,1,0,60
15,21,5,0,33,1,0,56
15,22,14,3,6,1,0,5
15,23,-12,1,29,3,0,8
15,24,-1,0,16,1,0,65
15,25,-16,1,61,1,0,75
15,26,-18,1,38,3,0,38
15,27,6,1,74,3,0,55
15,28,-3,0,82,3,0,25
15,29,10,3,81,1,0,49
15,30,14,1,40,1,0,26
15,31,0,1,59,3,0,57
15,32,2,1,50,1,0,41
15,33,5,0,17,1,0,79
15,34,7,0,87,1,0,70
15,35,-9,0,31,3,0,14
15,36,-18,1,53,3,0,12
15,37,11,0,92,1,0,64
15,38,-4,1,18,1,0,69
15,39,4,1,46,1,0,27
15,40,-2,1,94,1,0,39
15,41,11,0,58,1,0,4
15,42,-14,3,54,1,0,23
15,43,-9,0,95,3,0,96
15,44,10,3,88,1,0,21
15,46,3,0,56,3,0,33
15,47,9,0,76,3,0,19
15,48,0,1,57,3,0,59
15,49,-3,0,20,3,0,52
15,50,12,1,86,3,0,99
15,51,12,1,86,3,0,99
15,52,-3,0,20,3,0,52
15,53,0,1,57,3,0,59
15,54,9,0,76,3,0,19
15,55,3,0,56,3,0,33
15,57,10,3,88,1,0,21
15,58,-9,0,95,3,0,96
15,59,-14,3,54,1,0,23
15,60,11,0,58,1,0,4
15,61,-2,1,94,1,0,39
15,62,4,1,46,1,0,27
15,63,-4,1,18,1,0,69
15,64,11,0,92,1,0,64
15,65,-18,1,53,3,0,12
15,66,-9,0,31,3,0,14
15,67,7,0,87,1,0,70
15,68,5,0,17,1,0,79
15,69,2,1,50,1,0,41
15,70,0,1,59,3,0,57
15,71,14,1,40,1,0,26
15,72,10,3,81,1,0,49
15,73,-3,0,82,3,0,25
15,74,6,1,74,3,0,55
15,75,-18,1,38,3,0,38
15,76,-16,1,61,1,0,75
15,77,-1,0,16,1,0,65
15,78,-12,1,29,3,0,8
15,79,14,3,6,1,0,5
15,80,5,0,33,1,0,56
15,81,-14,1,51,1,0,60
15,82,18,3,79,3,0,17
15,83,0,1,66,3,0,28
15,84,12,1,72,3,0,93
15,85,0,1,3,3,0,10
15,86,15,0,25,3,0,82
15,87,-13,0,5,1,0,6
15,88,-5,0,36,1,0,85
15,89,-6,3,65,3,0,16
15,90,-6,3,30,3,0,1
15,91,8,1,26,1,0,40
15,92,10,1,83,1,0,32
15,93,-7,0,47,1,0,78
15,94,-10,3,24,1,0,77
15,95,-12,1,8,3,0,29
15,96,-12,1,73,3,0,35
15,97,17,0,96,1,0,95
15,98,-6,1,62,3,0,7
15,99,-8,1,55,1,0,74
15,100,-6,1,39,3,0,94
16,0,2,3,11,1,0,22
16,1,18,3,7,3,0,49
16,2,12,1,78,3,0,29
16,3,-12,1,84,3,0,63
16,4,0,1,21,3,0,50
16,5,-8,1,97,1,0,91
16,6,15,0,48,3,0,85
16,7,2,1,77,1,0,32
16,8,10,3,41,1,0,33
16,9,-6,3,28,3,0,88
16,10,15,0,93,3,0,96
16,11,6,1,45,3,0,57
16,12,10,1,23,1,0,72
16,13,-18,1,1,3,0,40
16,14,-18,1,43,3,0,62
16,15,-7,0,12,1,0,37
16,16,-14,1,71,1,0,66
16,17,-10,1,85,1,0,48
16,18,-19,0,63,1,0,84
16,19,16,1,13,1,0,73
16,20,-10,1,70,1,0,15
16,21,-6,1,22,3,0,11
16,22,-14,1,100,1,0,61
16,23,11,0,89,1,0,64
16,24,3,0,2,3,0,20
16,25,-9,0,35,3,0,30
16,26,10,1,52,1,0,94
16,27,2,1,4,1,0,10
16,28,1,0,99,1,0,81
16,29,3,0,10,3,0,4
16,30,-17,0,67,1,0,82
16,31,-2,1,37,1,0,12
16,32,-7,0,91,1,0,97
16,33,4,1,19,1,0,34
16,34,-2,3,42,1,0,25
16,35,3,0,15,3,0,70
16,36,6,3,60,3,0,68
16,37,-3,0,34,3,0,19
16,38,-2,3,69,1,0,24
16,39,8,1,9,1,0,83
16,40,6,3,27,3,0,95
16,41,6,1,68,3,0,60
16,42,-3,0,90,3,0,79
16,43,12,1,80,3,0,51
16,44,-13,0,32,1,0,77
16,45,-15,0,44,3,0,56
16,46,0,1,64,3,0,89
16,47,4,1,14,1,0,75
16,48,15,0,75,3,0,14
16,49,10,1,49,1,0,7
16,50,6,3,98,3,0,54
16,51,6,3,98,3,0,54
16,52,10,1,49,1,0,7
16,53,15,0,75,3,0,14
16,54,4,1,14,1,0,75
16,55,0,1,64,3,0,89
16,56,-15,0,44,3,0,56
16,57,-13,0,32,1,0,77
16,58,12,1,80,3,0,51
16,59,-3,0,90,3,0,79
16,60,6,1,68,3,0,60
16,61,6,3,27,3,0,95
16,62,8,1,9,1,0,83
16,63,-2,3,69,1,0,24
16,64,-3,0,34,3,0,19
16,65,6,3,60,3,0,68
16,66,3,0,15,3,0,70
16,67,-2,3,42,1,0,25
16,68,4,1,19,1,0,34
16,69,-7,0,91,1,0,97
16,70,-2,1,37,1,0,12
16,71,-17,0,67,1,0,82
16,72,3,0,10,3,0,4
16,73,1,0,99,1,0,81
16,74,2,1,4,1,0,10
16,75,10,1,52,1,0,94
16,76,-9,0,35,3,0,30
16,77,3,0,2,3,0,20
16,78,11,0,89,1,0,64
16,79,-14,1,100,1,0,61
16,80,-6,1,22,3,0,11
16,81,-10,1,70,1,0,15
16,82,16,1,13,1,0,73
16,83,-19,0,63,1,0,84
16,84,-10,1,85,1,0,48
16,85,-14,1,71,1,0,66
16,86,-7,0,12,1,0,37
16,87,-18,1,43,3,0,62
16,88,-18,1,1,3,0,40
16,89,10,1,23,1,0,72
16,90,6,1,45,3,0,57
16,91,15,0,93,3,0,96
16,92,-6,3,28,3,0,88
16,93,10,3,41,1,0,33
16,94,2,1,77,1,0,32
16,95,15,0,48,3,0,85
16,96,-8,1,97,1,0,91
16,97,0,1,21,3,0,50
16,98,-12,1,84,3,0,63
16,99,12,1,78,3,0,29
16,100,18,3,7,3,0,49
17,0,-2,3,11,1,0,58
17,1,-1,0,99,1,0,85
17,2,15,0,44,3,0,65
17,3,10,1,85,1,0,99
17,4,-6,1,45,3,0,86
17,5,-8,1,9,1,0,26
17,6,2,3,42,1,0,20
17,7,-15,0,48,3,0,68
17,8,14,1,100,1,0,69
17,9,-6,3,98,3,0,23
17,10,-11,0,89,1,0,31
17,11,8,1,97,1,0,93
17,12,-4,1,19,1,0,7
17,13,-6,3,27,3,0,76
17,14,-10,1,23,1,0,98
17,15,14,1,71,1,0,73
17,16,13,0,32,1,0,1
17,17,-3,0,10,3,0,84
17,18,-18,3,7,3,0,19
17,19,-2,1,4,1,0,8
17,20,0,1,64,3,0,51
17,21,19,0,63,1,0,47
17,22,-15,0,93,3,0,97
17,23,2,3,69,1,0,100
17,24,-3,0,15,3,0,56
17,25,-2,1,77,1,0,66
17,26,6,1,22,3,0,29
17,27,-10,1,49,1,0,46
17,28,-3,0,2,3,0,16
17,29,0,1,21,3,0,40
17,30,7,0,91,1,0,17
17,31,-6,1,68,3,0,48
17,32,18,1,1,3,0,32
17,33,7,0,12,1,0,70
17,34,-12,1,80,3,0,61
17,35,17,0,67,1,0,5
17,36,-12,1,78,3,0,3
17,37,-10,1,52,1,0,55
17,38,-4,1,14,1,0,60
17,39,-16,1,13,1,0,18
17,40,6,3,28,3,0,30
17,41,3,0,34,3,0,96
17,42,-6,3,60,3,0,14
17,43,-10,3,41,1,0,87
17,44,10,1,70,1,0,12
17,45,-15,0,75,3,0,92
17,46,9,0,35,3,0,24
17,47,12,1,84,3,0,10
17,48,2,1,37,1,0,50
17,49,3,0,90,3,0,43
17,50,18,1,43,3,0,90
17,51,18,1,43,3,0,90
17,52,3,0,90,3,0,43
17,53,2,1,37,1,0,50
17,54,12,1,84,3,0,10
17,55,9,0,35,3,0,24
17,56,-15,0,75,3,0,92
17,57,10,1,70,1,0,12
17,58,-10,3,41,1,0,87
17,59,-6,3,60,3,0,14
17,60,3,0,34,3,0,96
17,61,6,3,28,3,0,30
17,62,-16,1,13,1,0,18
17,63,-4,1,14,1,0,60
17,64,-10,1,52,1,0,55
17,65,-12,1,78,3,0,3
17,66,17,0,67,1,0,5
17,67,-12,1,80,3,0,61
17,68,7,0,12,1,0,70
17,69,18,1,1,3,0,32
17,70,-6,1,68,3,0,48
17,71,7,0,91,1,0,17
17,72,0,1,21,3,0,40
17,73,-3,0,2,3,0,16
17,74,-10,1,49,1,0,46
17,75,6,1,22,3,0,29
17,76,-2,1,77,1,0,66
17,77,-3,0,15,3,0,56
17,78,2,3,69,1,0,100
17,79,-15,0,93,3,0,97
17,80,19,0,63,1,0,47
17,81,0,1,64,3,0,51
17,82,-2,1,4,1,0,8
17,83,-18,3,7,3,0,19
17,84,-3,0,10,3,0,84
17,85,13,0,32,1,0,1
17,86,14,1,71,1,0,73
17,87,-10,1,23,1,0,98
17,88,-6,3,27,3,0,76
17,89,-4,1,19,1,0,7
17,90,8,1,97,1,0,93
17,91,-11,0,89,1,0,31
17,92,-6,3,98,3,0,23
17,93,14,1,100,1,0,69
17,94,-15,0,48,3,0,68
17,95,2,3,42,1,0,20
17,96,-8,1,9,1,0,26
17,97,-6,1,45,3,0,86
17,98,10,1,85,1,0,99
17,99,15,0,44,3,0,65
17,100,-1,0,99,1,0,85
18,0,-20,1,11,1,0,98
18,1,-7,0,87,1,0,24
18,2,-5,0,17,1,0,4
18,3,6,1,39,3,0,38
18,4,9,0,31,3,0,25
18,5,-2,1,50,1,0,66
18,6,8,1,55,1,0,60
18,7,18,1,53,3,0,7
18,8,0,1,59,3,0,8
18,9,6,1,62,3,0,63
18,10,-11,0,92,1,0,71
18,11,-14,1,40,1,0,32
18,12,-17,0,96,1,0,47
18,13,4,1,18,1,0,15
18,14,-10,3,81,1,0,37
18,15,12,1,73,3,0,12
18,16,-4,1,46,1,0,41
18,17,3,0,82,3,0,23
18,18,12,1,8,3,0,59
18,19,2,1,94,1,0,48
18,20,-6,1,74,3,0,91
18,21,10,3,24,1,0,87
18,22,-11,0,58,1,0,36
18,23,18,1,38,3,0,39
18,24,7,0,47,1,0,96
18,25,14,3,54,1,0,5
18,26,16,1,61,1,0,69
18,27,-10,1,83,1,0,86
18,28,9,0,95,3,0,56
18,29,1,0,16,1,0,80
18,30,-8,1,26,1,0,57
18,31,-10,3,88,1,0,88
18,32,12,1,29,3,0,72
18,33,6,3,30,3,0,9
18,35,-14,3,6,1,0,45
18,36,6,3,65,3,0,43
18,37,-3,0,56,3,0,95
18,38,-5,0,33,1,0,100
18,39,5,0,36,1,0,58
18,40,-9,0,76,3,0,70
18,41,14,1,51,1,0,35
18,42,13,0,5,1,0,54
18,43,0,1,57,3,0,26
18,44,-18,3,79,3,0,52
18,45,-15,0,25,3,0,31
18,46,3,0,20,3,0,64
18,47,0,1,66,3,0,50
18,48,0,1,3,3,0,90
18,49,-12,1,86,3,0,83
18,50,-12,1,72,3,0,29
18,51,-12,1,72,3,0,29
18,52,-12,1,86,3,0,83
18,53,0,1,3,3,0,90
18,54,0,1,66,3,0,50
18,55,3,0,20,3,0,64
18,56,-15,0,25,3,0,31
18,57,-18,3,79,3,0,52
18,58,0,1,57,3,0,26
18,59,13,0,5,1,0,54
18,60,14,1,51,1,0,35
18,61,-9,0,76,3,0,70
18,62,5,0,36,1,0,58
18,63,-5,0,33,1,0,100
18,64,-3,0,56,3,0,95
18,65,6,3,65,3,0,43
18,66,-14,3,6,1,0,45
18,68,6,3,30,3,0,9
18,69,12,1,29,3,0,72
18,70,-10,3,88,1,0,88
18,71,-8,1,26,1,0,57
18,72,1,0,16,1,0,80
18,73,9,0,95,3,0,56
18,74,-10,1,83,1,0,86
18,75,16,1,61,1,0,69
18,76,14,3,54,1,0,5
18,77,7,0,47,1,0,96
18,78,18,1,38,3,0,39
18,79,-11,0,58,1,0,36
18,80,10,3,24,1,0,87
18,81,-6,1,74,3,0,91
18,82,2,1,94,1,0,48
18,83,12,1,8,3,0,59
18,84,3,0,82,3,0,23
18,85,-4,1,46,1,0,41
18,86,12,1,73,3,0,12
18,87,-10,3,81,1,0,37
18,88,4,1,18,1,0,15
18,89,-17,0,96,1,0,47
18,90,-14,1,40,1,0,32
18,91,-11,0,92,1,0,71
18,92,6,1,62,3,0,63
18,93,0,1,59,3,0,8
18,94,18,1,53,3,0,7
18,95,8,1,55,1,0,60
18,96,-2,1,50,1,0,66
18,97,9,0,31,3,0,25
18,98,6,1,39,3,0,38
18,99,-5,0,17,1,0,4
18,100,-7,0,87,1,0,24
19,0,2,3,11,1,0,65
19,1,-15,0,44,3,0,92
19,2,6,1,45,3,0,72
19,3,-2,3,42,1,0,5
19,4,-14,1,100,1,0,93
19,5,11,0,89,1,0,33
19,6,4,1,19,1,0,27
19,7,10,1,23,1,0,75
19,8,-13,0,32,1,0,76
19,9,18,3,7,3,0,30
19,10,0,1,64,3,0,38
19,11,15,0,93,3,0,100
19,12,3,0,15,3,0,14
19,13,-6,1,22,3,0,83
19,14,3,0,2,3,0,4
19,15,-7,0,91,1,0,80
19,16,-18,1,1,3,0,8
19,17,12,1,80,3,0,91
19,18,12,1,78,3,0,26
19,19,4,1,14,1,0,15
19,20,-6,3,28,3,0,58
19,21,6,3,60,3,0,54
19,22,-10,1,70,1,0,3
19,23,-9,0,35,3,0,6
19,24,-2,1,37,1,0,63
19,25,-18,1,43,3,0,73
19,26,-3,0,90,3,0,36
19,27,-12,1,84,3,0,53
19,28,15,0,75,3,0,23
19,29,10,3,41,1,0,47
19,30,-3,0,34,3,0,24
19,31,16,1,13,1,0,55
19,32,10,1,52,1,0,39
19,33,-17,0,67,1,0,77
19,34,-7,0,12,1,0,68
19,35,6,1,68,3,0,12
19,36,0,1,21,3,0,10
19,37,10,1,49,1,0,62
19,38,2,1,77,1,0,67
19,39,-2,3,69,1,0,25
19,40,-19,0,63,1,0,37
19,41,2,1,4,1,0,2
19,42,3,0,10,3,0,21
19,43,-14,1,71,1,0,94
19,44,6,3,27,3,0,19
19,45,-8,1,97,1,0,99
19,46,6,3,98,3,0,31
19,47,15,0,48,3,0,17
19,48,8,1,9,1,0,57
19,49,-10,1,85,1,0,50
19,50,1,0,99,1,0,97
19,51,1,0,99,1,0,97
19,52,-10,1,85,1,0,50
19,53,8,1,9,1,0,57
19,54,15,0,48,3,0,17
19,55,6,3,98,3,0,31
19,56,-8,1,97,1,0,99
19,57,6,3,27,3,0,19
19,58,-14,1,71,1,0,94
19,59,3,0,10,3,0,21
19,60,2,1,4,1,0,2
19,61,-19,0,63,1,0,37
19,62,-2,3,69,1,0,25
19,63,2,1,77,1,0,67
19,64,10,1,49,1,0,62
19,65,0,1,21,3,0,10
19,66,6,1,68,3,0,12
19,67,-7,0,12,1,0,68
19,68,-17,0,67,1,0,77
19,69,10,1,52,1,0,39
19,70,16,1,13,1,0,55
19,71,-3,0,34,3,0,24
19,72,10,3,41,1,0,47
19,73,15,0,75,3,0,23
19,74,-12,1,84,3,0,53
19,75,-3,0,90,3,0,36
19,76,-18,1,43,3,0,73
19,77,-2,1,37,1,0,63
19,78,-9,0,35,3,0,6
19,79,-10,1,70,1,0,3
19,80,6,3,60,3,0,54
19,81,-6,3,28,3,0,58
19,82,4,1,14,1,0,15
19,83,12,1,78,3,0,26
19,84,12,1,80,3,0,91
19,85,-18,1,1,3,0,8
19,86,-7,0,91,1,0,80
19,87,3,0,2,3,0,4
19,88,-6,1,22,3,0,83
19,89,3,0,15,3,0,14
19,90,15,0,93,3,0,100
19,91,0,1,64,3,0,38
19,92,18,3,7,3,0,30
19,93,-13,0,32,1,0,76
19,94,10,1,23,1,0,75
19,95,4,1,19,1,0,27
19,96,11,0,89,1,0,33
19,97,-14,1,100,1,0,93
19,98,-2,3,42,1,0,5
19,99,6,1,45,3,0,72
19,100,-15,0,44,3,0,92
20,0,-2,3,11,1,0,84
20,1,-10,1,52,1,0,10
20,2,-10,1,49,1,0,91
20,3,-11,0,89,1,0,24
20,4,12,1,84,3,0,11
20,5,-3,0,10,3,0,52
20,6,0,1,64,3,0,46
20,7,10,1,70,1,0,94
20,8,-15,0,48,3,0,95
20,9,7,0,91,1,0,49
20,10,-12,1,80,3,0,57
20,11,10,1,85,1,0,18
20,12,6,3,28,3,0,33
20,13,-3,0,15,3,0,1
20,14,-6,3,27,3,0,23
20,15,18,1,43,3,0,99
20,16,-10,1,23,1,0,27
20,17,2,3,69,1,0,9
20,18,3,0,34,3,0,45
20,19,-6,1,45,3,0,34
20,20,7,0,12,1,0,77
20,21,-6,1,68,3,0,73
20,22,2,3,42,1,0,22
20,23,-10,3,41,1,0,25
20,24,19,0,63,1,0,82
20,25,13,0,32,1,0,92
20,26,2,1,37,1,0,55
20,27,8,1,97,1,0,72
20,28,6,1,22,3,0,42
20,29,-4,1,14,1,0,66
20,30,-1,0,99,1,0,43
20,31,-12,1,78,3,0,74
20,32,-3,0,2,3,0,58
20,33,-6,3,98,3,0,96
20,34,9,0,35,3,0,87
20,35,-18,3,7,3,0,31
20,36,-2,1,4,1,0,29
20,37,-15,0,75,3,0,81
20,38,14,1,100,1,0,86
20,39,0,1,21,3,0,44
20,40,17,0,67,1,0,56
20,41,15,0,44,3,0,21
20,42,-16,1,13,1,0,40
20,43,-2,1,77,1,0,12
20,44,-4,1,19,1,0,38
20,45,3,0,90,3,0,17
20,46,14,1,71,1,0,50
20,47,-15,0,93,3,0,36
20,48,-6,3,60,3,0,76
20,49,-8,1,9,1,0,69
20,50,18,1,1,3,0,15
20,51,18,1,1,3,0,15
20,52,-8,1,9,1,0,69
20,53,-6,3,60,3,0,76
20,54,-15,0,93,3,0,36
20,55,14,1,71,1,0,50
20,56,3,0,90,3,0,17
20,57,-4,1,19,1,0,38
20,58,-2,1,77,1,0,12
20,59,-16,1,13,1,0,40
20,60,15,0,44,3,0,21
20,61,17,0,67,1,0,56
20,62,0,1,21,3,0,44
20,63,14,1,100,1,0,86
20,64,-15,0,75,3,0,81
20,65,-2,1,4,1,0,29
20,66,-18,3,7,3,0,31
20,67,9,0,35,3,0,87
20,68,-6,3,98,3,0,96
20,69,-3,0,2,3,0,58
20,70,-12,1,78,3,0,74
20,71,-1,0,99,1,0,43
20,72,-4,1,14,1,0,66
20,73,6,1,22,3,0,42
20,74,8,1,97,1,0,72
20,75,2,1,37,1,0,55
20,76,13,0,32,1,0,92
20,77,19,0,63,1,0,82
20,78,-10,3,41,1,0,25
20,79,2,3,42,1,0,22
20,80,-6,1,68,3,0,73
20,81,7,0,12,1,0,77
20,82,-6,1,45,3,0,34
20,83,3,0,34,3,0,45
20,84,2,3,69,1,0,9
20,85,-10,1,23,1,0,27
20,86,18,1,43,3,0,99
20,87,-6,3,27,3,0,23
20,88,-3,0,15,3,0,1
20,89,6,3,28,3,0,33
20,90,10,1,85,1,0,18
20,91,-12,1,80,3,0,57
20,92,7,0,91,1,0,49
20,93,-15,0,48,3,0,95
20,94,10,1,70,1,0,94
20,95,0,1,64,3,0,46
20,96,-3,0,10,3,0,52
20,97,12,1,84,3,0,11
20,98,-11,0,89,1,0,24
20,99,-10,1,49,1,0,91
20,100,-10,1,52,1,0,10
21,0,-2,3,11,1,0,78
21,1,19,0,63,1,0,4
21,2,-6,3,60,3,0,85
21,3,-4,1,14,1,0,18
21,4,-3,0,10,3,0,5
21,5,-6,1,45,3,0,46
21,6,-2,1,77,1,0,40
21,7,9,0,35,3,0,88
21,8,-12,1,80,3,0,89
21,9,-6,3,27,3,0,43
21,10,14,1,100,1,0,51
21,11,0,1,21,3,0,12
21,12,18,1,43,3,0,27
21,13,7,0,91,1,0,96
21,14,-6,3,98,3,0,17
21,15,-4,1,19,1,0,93
21,16,7,0,12,1,0,21
21,17,12,1,84,3,0,3
21,18,6,1,22,3,0,39
21,19,-8,1,9,1,0,28
21,20,13,0,32,1,0,71
21,21,-10,1,52,1,0,67
21,22,-10,3,41,1,0,16
21,23,-15,0,93,3,0,19
21,24,-1,0,99,1,0,76
21,25,0,1,64,3,0,86
21,26,3,0,34,3,0,49
21,27,-16,1,13,1,0,66
21,28,-18,3,7,3,0,36
21,29,10,1,85,1,0,60
21,30,-3,0,15,3,0,37
21,31,-15,0,75,3,0,68
21,32,17,0,67,1,0,52
21,33,-10,1,23,1,0,90
21,34,-15,0,48,3,0,81
21,35,-3,0,2,3,0,25
21,36,3,0,90,3,0,23
21,37,-6,1,68,3,0,75
21,38,-11,0,89,1,0,80
21,39,8,1,97,1,0,38
21,40,18,1,1,3,0,50
21,41,2,1,37,1,0,15
21,42,-10,1,49,1,0,34
21,43,2,3,42,1,0,6
21,44,14,1,71,1,0,32
21,45,-12,1,78,3,0,11
21,46,10,1,70,1,0,44
21,47,2,3,69,1,0,30
21,48,15,0,44,3,0,70
21,49,-2,1,4,1,0,63
21,50,6,3,28,3,0,9
21,51,6,3,28,3,0,9
21,52,-2,1,4,1,0,63
21,53,15,0,44,3,0,70
21,54,2,3,69,1,0,30
21,55,10,1,70,1,0,44
21,56,-12,1,78,3,0,11
21,57,14,1,71,1,0,32
21,58,2,3,42,1,0,6
21,59,-10,1,49,1,0,34
21,60,2,1,37,1,0,15
21,61,18,1,1,3,0,50
21,62,8,1,97,1,0,38
21,63,-11,0,89,1,0,80
21,64,-6,1,68,3,0,75
21,65,3,0,90,3,0,23
21,66,-3,0,2,3,0,25
21,67,-15,0,48,3,0,81
21,68,-10,1,23,1,0,90
21,69,17,0,67,1,0,52
21,70,-15,0,75,3,0,68
21,71,-3,0,15,3,0,37
21,72,10,1,85,1,0,60
21,73,-18,3,7,3,0,36
21,74,-16,1,13,1,0,66
21,75,3,0,34,3,0,49
21,76,0,1,64,3,0,86
21,77,-1,0,99,1,0,76
21,78,-15,0,93,3,0,19
21,79,-10,3,41,1,0,16
21,80,-10,1,52,1,0,67
21,81,13,0,32,1,0,71
21,82,-8,1,9,1,0,28
21,83,6,1,22,3,0,39
21,84,12,1,84,3,0,3
21,85,7,0,12,1,0,21
21,86,-4,1,19,1,0,93
21,87,-6,3,98,3,0,17
21,88,7,0,91,1,0,96
21,89,18,1,43,3,0,27
21,90,0,1,21,3,0,12
21,91,14,1,100,1,0,51
21,92,-6,3,27,3,0,43
21,93,-12,1,80,3,0,89
21,94,9,0,35,3,0,88
21,95,-2,1,77,1,0,40
21,96,-6,1,45,3,0,46
21,97,-3,0,10,3,0,5
21,98,-4,1,14,1,0,18
21,99,-6,3,60,3,0,85
21,100,19,0,63,1,0,4
22,0,-2,3,11,1,0,71
22,1,-8,1,9,1,0,98
22,2,-11,0,89,1,0,78
22,3,14,1,71,1,0,11
22,4,0,1,64,3,0,99
22,5,-2,1,77,1,0,39
22,6,7,0,91,1,0,33
22,7,17,0,67,1,0,81
22,8,6,3,28,3,0,82
22,9,-15,0,75,3,0,36
22,10,18,1,43,3,0,44
22,11,9,0,35,3,0,5
22,12,3,0,34,3,0,20
22,13,-12,1,78,3,0,89
22,14,-6,1,68,3,0,10
22,15,6,1,22,3,0,86
22,16,19,0,63,1,0,14
22,17,13,0,32,1,0,97
22,18,8,1,97,1,0,32
22,19,2,3,42,1,0,21
22,20,-1,0,99,1,0,64
22,21,-6,1,45,3,0,60
22,22,-6,3,98,3,0,9
22,23,-10,1,23,1,0,12
22,24,-2,1,4,1,0,69
22,25,-3,0,15,3,0,79
22,26,0,1,21,3,0,42
22,27,-12,1,80,3,0,59
22,28,-16,1,13,1,0,29
22,29,10,1,70,1,0,53
22,30,3,0,90,3,0,30
22,31,12,1,84,3,0,61
22,32,-6,3,60,3,0,45
22,33,-10,1,52,1,0,83
22,34,18,1,1,3,0,74
22,35,-10,1,49,1,0,18
22,36,-15,0,93,3,0,16
22,37,-3,0,10,3,0,68
22,38,-4,1,19,1,0,73
22,39,-15,0,48,3,0,31
22,40,15,0,44,3,0,43
22,41,10,1,85,1,0,8
22,42,14,1,100,1,0,27
22,43,-6,3,27,3,0,100
22,44,-18,3,7,3,0,25
22,45,2,3,69,1,0,4
22,46,-3,0,2,3,0,37
22,47,7,0,12,1,0,23
22,48,-4,1,14,1,0,63
22,49,-10,3,41,1,0,56
22,50,2,1,37,1,0,2
22,51,2,1,37,1,0,2
22,52,-10,3,41,1,0,56
22,53,-4,1,14,1,0,63
22,54,7,0,12,1,0,23
22,55,-3,0,2,3,0,37
22,56,2,3,69,1,0,4
22,57,-18,3,7,3,0,25
22,58,-6,3,27,3,0,100
22,59,14,1,100,1,0,27
22,60,10,1,85,1,0,8
22,61,15,0,44,3,0,43
22,62,-15,0,48,3,0,31
22,63,-4,1,19,1,0,73
22,64,-3,0,10,3,0,68
22,65,-15,0,93,3,0,16
22,66,-10,1,49,1,0,18
22,67,18,1,1,3,0,74
22,68,-10,1,52,1,0,83
22,69,-6,3,60,3,0,45
22,70,12,1,84,3,0,61
22,71,3,0,90,3,0,30
22,72,10,1,70,1,0,53
22,73,-16,1,13,1,0,29
22,74,-12,1,80,3,0,59
22,75,0,1,21,3,0,42
22,76,-3,0,15,3,0,79
22,77,-2,1,4,1,0,69
22,78,-10,1,23,1,0,12
22,79,-6,3,98,3,0,9
22,80,-6,1,45,3,0,60
22,81,-1,0,99,1,0,64
22,82,2,3,42,1,0,21
22,83,8,1,97,1,0,32
22,84,13,0,32,1,0,97
22,85,19,0,63,1,0,14
22,86,6,1,22,3,0,86
22,87,-6,1,68,3,0,10
22,88,-12,1,78,3,0,89
22,89,3,0,34,3,0,20
22,90,9,0,35,3,0,5
22,91,18,1,43,3,0,44
22,92,-15,0,75,3,0,36
22,93,6,3,28,3,0,82
22,94,17,0,67,1,0,81
22,95,7,0,91,1,0,33
22,96,-2,1,77,1,0,39
22,97,0,1,64,3,0,99
22,98,14,1,71,1,0,11
22,99,-11,0,89,1,0,78
22,100,-8,1,9,1,0,98
23,0,-2,3,11,1,0,87
23,1,-6,3,27,3,0,13
23,2,6,1,22,3,0,94
23,3,-16,1,13,1,0,27
23,4,3,0,90,3,0,14
23,5,-12,1,78,3,0,55
23,6,2,3,69,1,0,49
23,7,-11,0,89,1,0,97
23,8,10,1,85,1,0,98
23,9,13,0,32,1,0,52
23,10,0,1,21,3,0,60
23,11,-6,3,60,3,0,21
23,12,9,0,35,3,0,36
23,13,7,0,12,1,0,4
23,14,0,1,64,3,0,26
23,15,-15,0,48,3,0,1
23,16,2,3,42,1,0,30
23,17,-2,1,4,1,0,12
23,18,18,1,1,3,0,48
23,19,-15,0,75,3,0,37
23,20,-10,3,41,1,0,80
23,21,7,0,91,1,0,76
23,22,-3,0,10,3,0,25
23,23,-6,1,45,3,0,28
23,24,-6,3,98,3,0,85
23,25,-15,0,93,3,0,95
23,26,17,0,67,1,0,58
23,27,2,1,37,1,0,75
23,28,6,3,28,3,0,45
23,29,-10,1,49,1,0,69
23,30,-10,1,23,1,0,46
23,31,-1,0,99,1,0,77
23,32,-4,1,19,1,0,61
23,33,-2,1,77,1,0,99
23,34,-4,1,14,1,0,90
23,35,18,1,43,3,0,34
23,36,-10,1,52,1,0,32
23,37,-3,0,15,3,0,84
23,38,8,1,97,1,0,89
23,39,15,0,44,3,0,47
23,40,14,1,71,1,0,59
23,41,-3,0,2,3,0,24
23,42,3,0,34,3,0,43
23,43,12,1,84,3,0,15
23,44,-12,1,80,3,0,41
23,45,19,0,63,1,0,20
23,46,14,1,100,1,0,53
23,47,-8,1,9,1,0,39
23,48,-18,3,7,3,0,79
23,49,-6,1,68,3,0,72
23,50,10,1,70,1,0,18
23,51,10,1,70,1,0,18
23,52,-6,1,68,3,0,72
23,53,-18,3,7,3,0,79
23,54,-8,1,9,1,0,39
23,55,14,1,100,1,0,53
23,56,19,0,63,1,0,20
23,57,-12,1,80,3,0,41
23,58,12,1,84,3,0,15
23,59,3,0,34,3,0,43
23,60,-3,0,2,3,0,24
23,61,14,1,71,1,0,59
23,62,15,0,44,3,0,47
23,63,8,1,97,1,0,89
23,64,-3,0,15,3,0,84
23,65,-10,1,52,1,0,32
23,66,18,1,43,3,0,34
23,67,-4,1,14,1,0,90
23,68,-2,1,77,1,0,99
23,69,-4,1,19,1,0,61
23,70,-1,0,99,1,0,77
23,71,-10,1,23,1,0,46
23,72,-10,1,49,1,0,69
23,73,6,3,28,3,0,45
23,74,2,1,37,1,0,75
23,75,17,0,67,1,0,58
23,76,-15,0,93,3,0,95
23,77,-6,3,98,3,0,85
23,78,-6,1,45,3,0,28
23,79,-3,0,10,3,0,25
23,80,7,0,91,1,0,76
23,81,-10,3,41,1,0,80
23,82,-15,0,75,3,0,37
23,83,18,1,1,3,0,48
23,84,-2,1,4,1,0,12
23,85,2,3,42,1,0,30
23,86,-15,0,48,3,0,1
23,87,0,1,64,3,0,26
23,88,7,0,12,1,0,4
23,89,9,0,35,3,0,36
23,90,-6,3,60,3,0,21
23,91,0,1,21,3,0,60
23,92,13,0,32,1,0,52
23,93,10,1,85,1,0,98
23,94,-11,0,89,1,0,97
23,95,2,3,69,1,0,49
23,96,-12,1,78,3,0,55
23,97,3,0,90,3,0,14
23,98,-16,1,13,1,0,27
23,99,6,1,22,3,0,94
23,100,-6,3,27,3,0,13
24,0,2,3,11,1,0,49
24,1,-9,0,35,3,0,76
24,2,6,3,98,3,0,56
24,3,10,1,52,1,0,90
24,4,18,3,7,3,0,77
24,5,3,0,2,3,0,17
24,6,10,1,49,1,0,11
24,7,2,1,4,1,0,59
24,8,12,1,78,3,0,60
24,9,11,0,89,1,0,14
24,10,15,0,75,3,0,22
24,11,1,0,99,1,0,84
24,12,-12,1,84,3,0,99
24,13,-14,1,100,1,0,67
24,14,4,1,14,1,0,89
24,15,3,0,10,3,0,64
24,16,0,1,21,3,0,93
24,17,-6,1,22,3,0,75
24,18,0,1,64,3,0,10
24,19,-17,0,67,1,0,100
24,20,-8,1,97,1,0,42
24,21,-10,1,70,1,0,38
24,22,-15,0,44,3,0,88
24,23,-2,1,37,1,0,91
24,24,15,0,48,3,0,47
24,25,16,1,13,1,0,57
24,26,-13,0,32,1,0,20
24,27,-7,0,91,1,0,37
24,28,2,1,77,1,0,7
24,29,-19,0,63,1,0,31
24,30,12,1,80,3,0,8
24,31,4,1,19,1,0,39
24,32,10,3,41,1,0,23
24,33,-10,1,85,1,0,61
24,34,-3,0,90,3,0,52
24,35,-2,3,42,1,0,97
24,36,-6,3,28,3,0,95
24,37,-14,1,71,1,0,46
24,38,6,1,68,3,0,51
24,39,3,0,15,3,0,9
24,40,15,0,93,3,0,21
24,41,-7,0,12,1,0,87
24,42,6,3,27,3,0,5
24,43,6,3,60,3,0,78
24,44,6,1,45,3,0,3
24,45,-18,1,43,3,0,83
24,46,8,1,9,1,0,15
24,47,-3,0,34,3,0,1
24,48,10,1,23,1,0,41
24,49,-18,1,1,3,0,34
24,50,-2,3,69,1,0,81
24,51,-2,3,69,1,0,81
24,52,-18,1,1,3,0,34
24,53,10,1,23,1,0,41
24,54,-3,0,34,3,0,1
24,55,8,1,9,1,0,15
24,56,-18,1,43,3,0,83
24,57,6,1,45,3,0,3
24,58,6,3,60,3,0,78
24,59,6,3,27,3,0,5
24,60,-7,0,12,1,0,87
24,61,15,0,93,3,0,21
24,62,3,0,15,3,0,9
24,63,6,1,68,3,0,51
24,64,-14,1,71,1,0,46
24,65,-6,3,28,3,0,95
24,66,-2,3,42,1,0,97
24,67,-3,0,90,3,0,52
24,68,-10,1,85,1,0,61
24,69,10,3,41,1,0,23
24,70,4,1,19,1,0,39
24,71,12,1,80,3,0,8
24,72,-19,0,63,1,0,31
24,73,2,1,77,1,0,7
24,74,-7,0,91,1,0,37
24,75,-13,0,32,1,0,20
24,76,16,1,13,1,0,57
24,77,15,0,48,3,0,47
24,78,-2,1,37,1,0,91
24,79,-15,0,44,3,0,88
24,80,-10,1,70,1,0,38
24,81,-8,1,97,1,0,42
24,82,-17,0,67,1,0,100
24,83,0,1,64,3,0,10
24,84,-6,1,22,3,0,75
24,85,0,1,21,3,0,93
24,86,3,0,10,3,0,64
24,87,4,1,14,1,0,89
24,88,-14,1,100,1,0,67
24,89,-12,1,84,3,0,99
24,90,1,0,99,1,0,84
24,91,15,0,75,3,0,22
24,92,11,0,89,1,0,14
24,93,12,1,78,3,0,60
24,94,2,1,4,1,0,59
24,95,10,1,49,1,0,11
24,96,3,0,2,3,0,17
24,97,18,3,7,3,0,77
24,98,10,1,52,1,0,90
24,99,6,3,98,3,0,56
24,100,-9,0,35,3,0,76
25,0,2,3,11,1,0,82
25,1,-2,1,37,1,0,8
25,2,8,1,9,1,0,89
25,3,10,3,41,1,0,22
25,4,11,0,89,1,0,9
25,5,4,1,14,1,0,50
25,6,-14,1,71,1,0,44
25,7,-7,0,12,1,0,92
25,8,0,1,64,3,0,93
25,9,3,0,2,3,0,47
25,10,2,1,77,1,0,55
25,11,-2,3,69,1,0,16
25,12,-7,0,91,1,0,31
25,13,18,3,7,3,0,100
25,14,-17,0,67,1,0,21
25,15,6,3,27,3,0,97
25,16,-6,3,28,3,0,25
25,17,-14,1,100,1,0,7
25,18,15,0,75,3,0,43
25,19,-10,1,85,1,0,32
25,20,-18,1,43,3,0,75
25,21,-15,0,44,3,0,71
25,22,-9,0,35,3,0,20
25,23,15,0,48,3,0,23
25,24,-3,0,34,3,0,80
25,25,4,1,19,1,0,90
25,26,12,1,78,3,0,53
25,27,3,0,10,3,0,70
25,28,6,1,68,3,0,40
25,29,15,0,93,3,0,64
25,30,-6,1,22,3,0,41
25,31,10,1,49,1,0,72
25,32,-19,0,63,1,0,56
25,33,-18,1,1,3,0,94
25,34,-13,0,32,1,0,85
25,35,10,1,52,1,0,29
25,36,-8,1,97,1,0,27
25,37,6,3,60,3,0,79
25,38,-2,3,42,1,0,84
25,39,-12,1,84,3,0,42
25,40,1,0,99,1,0,54
25,41,-3,0,90,3,0,19
25,42,6,1,45,3,0,38
25,43,-10,1,70,1,0,10
25,44,6,3,98,3,0,36
25,45,16,1,13,1,0,15
25,46,10,1,23,1,0,48
25,47,12,1,80,3,0,34
25,48,2,1,4,1,0,74
25,49,0,1,21,3,0,67
25,50,3,0,15,3,0,13
25,51,3,0,15,3,0,13
25,52,0,1,21,3,0,67
25,53,2,1,4,1,0,74
25,54,12,1,80,3,0,34
25,55,10,1,23,1,0,48
25,56,16,1,13,1,0,15
25,57,6,3,98,3,0,36
25,58,-10,1,70,1,0,10
25,59,6,1,45,3,0,38
25,60,-3,0,90,3,0,19
25,61,1,0,99,1,0,54
25,62,-12,1,84,3,0,42
25,63,-2,3,42,1,0,84
25,64,6,3,60,3,0,79
25,65,-8,1,97,1,0,27
25,66,10,1,52,1,0,29
25,67,-13,0,32,1,0,85
25,68,-18,1,1,3,0,94
25,69,-19,0,63,1,0,56
25,70,10,1,49,1,0,72
25,71,-6,1,22,3,0,41
25,72,15,0,93,3,0,64
25,73,6,1,68,3,0,40
25,74,3,0,10,3,0,70
25,75,12,1,78,3,0,53
25,76,4,1,19,1,0,90
25,77,-3,0,34,3,0,80
25,78,15,0,48,3,0,23
25,79,-9,0,35,3,0,20
25,80,-15,0,44,3,0,71
25,81,-18,1,43,3,0,75
25,82,-10,1,85,1,0,32
25,83,15,0,75,3,0,43
25,84,-14,1,100,1,0,7
25,85,-6,3,28,3,0,25
25,86,6,3,27,3,0,97
25,87,-17,0,67,1,0,21
25,88,18,3,7,3,0,100
25,89,-7,0,91,1,0,31
25,90,-2,3,69,1,0,16
25,91,2,1,77,1,0,55
25,92,3,0,2,3,0,47
25,93,0,1,64,3,0,93
25,94,-7,0,12,1,0,92
25,95,-14,1,71,1,0,44
25,96,4,1,14,1,0,50
25,97,11,0,89,1,0,9
25,98,10,3,41,1,0,22
25,99,8,1,9,1,0,89
25,100,-2,1,37,1,0,8
26,0,-20,1,11,1,0,8
26,1,0,1,66,3,0,35
26,2,18,1,53,3,0,15
26,3,-9,0,76,3,0,49
26,4,-10,3,81,1,0,36
26,5,6,3,30,3,0,77
26,6,10,3,24,1,0,71
26,7,16,1,61,1,0,18
26,8,9,0,95,3,0,19
26,9,2,1,94,1,0,74
26,10,-14,3,6,1,0,82
26,11,-17,0,96,1,0,43
26,12,13,0,5,1,0,58
26,13,-2,1,50,1,0,26
26,14,-12,1,86,3,0,48
26,15,-5,0,17,1,0,23
26,16,-15,0,25,3,0,52
26,17,6,1,62,3,0,34
26,18,-5,0,33,1,0,70
26,19,-4,1,46,1,0,59
26,20,-10,3,88,1,0,1
26,21,18,1,38,3,0,98
26,22,7,0,47,1,0,47
26,23,-8,1,26,1,0,50
26,24,3,0,82,3,0,6
26,25,-3,0,56,3,0,16
26,26,-11,0,92,1,0,80
26,27,-18,3,79,3,0,97
26,28,6,1,39,3,0,67
26,29,-12,1,72,3,0,91
26,30,9,0,31,3,0,68
26,31,0,1,57,3,0,99
26,32,-14,1,40,1,0,83
26,33,6,3,65,3,0,20
26,34,12,1,8,3,0,11
26,35,1,0,16,1,0,56
26,36,14,3,54,1,0,54
26,37,-11,0,58,1,0,5
26,38,12,1,29,3,0,10
26,39,12,1,73,3,0,69
26,40,5,0,36,1,0,81
26,41,0,1,59,3,0,46
26,42,3,0,20,3,0,65
26,43,-7,0,87,1,0,37
26,44,0,1,3,3,0,63
26,45,8,1,55,1,0,42
26,46,14,1,51,1,0,75
26,47,4,1,18,1,0,61
26,49,-6,1,74,3,0,94
26,50,-10,1,83,1,0,40
26,51,-10,1,83,1,0,40
26,52,-6,1,74,3,0,94
26,54,4,1,18,1,0,61
26,55,14,1,51,1,0,75
26,56,8,1,55,1,0,42
26,57,0,1,3,3,0,63
26,58,-7,0,87,1,0,37
26,59,3,0,20,3,0,65
26,60,0,1,59,3,0,46
26,61,5,0,36,1,0,81
26,62,12,1,73,3,0,69
26,63,12,1,29,3,0,10
26,64,-11,0,58,1,0,5
26,65,14,3,54,1,0,54
26,66,1,0,16,1,0,56
26,67,12,1,8,3,0,11
26,68,6,3,65,3,0,20
26,69,-14,1,40,1,0,83
26,70,0,1,57,3,0,99
26,71,9,0,31,3,0,68
26,72,-12,1,72,3,0,91
26,73,6,1,39,3,0,67
26,74,-18,3,79,3,0,97
26,75,-11,0,92,1,0,80
26,76,-3,0,56,3,0,16
26,77,3,0,82,3,0,6
26,78,-8,1,26,1,0,50
26,79,7,0,47,1,0,47
26,80,18,1,38,3,0,98
26,81,-10,3,88,1,0,1
26,82,-4,1,46,1,0,59
26,83,-5,0,33,1,0,70
26,84,6,1,62,3,0,34
26,85,-15,0,25,3,0,52
26,86,-5,0,17,1,0,23
26,87,-12,1,86,3,0,48
26,88,-2,1,50,1,0,26
26,89,13,0,5,1,0,58
26,90,-17,0,96,1,0,43
26,91,-14,3,6,1,0,82
26,92,2,1,94,1,0,74
26,93,9,0,95,3,0,19
26,94,16,1,61,1,0,18
26,95,10,3,24,1,0,71
26,96,6,3,30,3,0,77
26,97,-10,3,81,1,0,36
26,98,-9,0,76,3,0,49
26,99,18,1,53,3,0,15
26,100,0,1,66,3,0,35
27,0,-20,1,11,1,0,53
27,1,14,3,54,1,0,80
27,2,-12,1,72,3,0,60
27,3,16,1,61,1,0,94
27,4,-7,0,87,1,0,81
27,5,7,0,47,1,0,21
27,6,-12,1,86,3,0,15
27,7,-10,1,83,1,0,63
27,8,-5,0,17,1,0,64
27,9,18,1,38,3,0,18
27,10,0,1,3,3,0,26
27,11,9,0,95,3,0,88
27,12,6,1,39,3,0,2
27,13,-11,0,58,1,0,71
27,14,0,1,66,3,0,93
27,15,1,0,16,1,0,68
27,16,9,0,31,3,0,97
27,17,10,3,24,1,0,79
27,18,3,0,20,3,0,14
27,19,-8,1,26,1,0,3
27,20,-2,1,50,1,0,46
27,21,-6,1,74,3,0,42
27,22,-15,0,25,3,0,92
27,23,-10,3,88,1,0,95
27,24,8,1,55,1,0,51
27,25,2,1,94,1,0,61
27,26,-18,3,79,3,0,24
27,27,12,1,29,3,0,41
27,28,18,1,53,3,0,11
27,29,12,1,8,3,0,35
27,30,0,1,57,3,0,12
27,31,6,3,30,3,0,43
27,32,0,1,59,3,0,27
27,33,3,0,82,3,0,65
27,34,13,0,5,1,0,56
27,36,6,1,62,3,0,99
27,37,-4,1,46,1,0,50
27,38,14,1,51,1,0,55
27,39,-14,3,6,1,0,13
27,40,-11,0,92,1,0,25
27,41,12,1,73,3,0,91
27,42,-9,0,76,3,0,9
27,43,6,3,65,3,0,82
27,44,-14,1,40,1,0,7
27,45,-10,3,81,1,0,87
27,46,5,0,36,1,0,19
27,47,-3,0,56,3,0,5
27,48,-17,0,96,1,0,45
27,49,4,1,18,1,0,38
27,50,-5,0,33,1,0,85
27,51,-5,0,33,1,0,85
27,52,4,1,18,1,0,38
27,53,-17,0,96,1,0,45
27,54,-3,0,56,3,0,5
27,55,5,0,36,1,0,19
27,56,-10,3,81,1,0,87
27,57,-14,1,40,1,0,7
27,58,6,3,65,3,0,82
27,59,-9,0,76,3,0,9
27,60,12,1,73,3,0,91
27,61,-11,0,92,1,0,25
27,62,-14,3,6,1,0,13
27,63,14,1,51,1,0,55
27,64,-4,1,46,1,0,50
27,65,6,1,62,3,0,99
27,67,13,0,5,1,0,56
27,68,3,0,82,3,0,65
27,69,0,1,59,3,0,27
27,70,6,3,30,3,0,43
27,71,0,1,57,3,0,12
27,72,12,1,8,3,0,35
27,73,18,1,53,3,0,11
27,74,12,1,29,3,0,41
27,75,-18,3,79,3,0,24
27,76,2,1,94,1,0,61
27,77,8,1,55,1,0,51
27,78,-10,3,88,1,0,95
27,79,-15,0,25,3,0,92
27,80,-6,1,74,3,0,42
27,81,-2,1,50,1,0,46
27,82,-8,1,26,1,0,3
27,83,3,0,20,3,0,14
27,84,10,3,24,1,0,79
27,85,9,0,31,3,0,97
27,86,1,0,16,1,0,68
27,87,0,1,66,3,0,93
27,88,-11,0,58,1,0,71
27,89,6,1,39,3,0,2
27,90,9,0,95,3,0,88
27,91,0,1,3,3,0,26
27,92,18,1,38,3,0,18
27,93,-5,0,17,1,0,64
27,94,-10,1,83,1,0,63
27,95,-12,1,86,3,0,15
27,96,7,0,47,1,0,21
27,97,-7,0,87,1,0,81
27,98,16,1,61,1,0,94
27,99,-12,1,72,3,0,60
27,100,14,3,54,1,0,80
28,0,-20,1,11,1,0,39
28,1,0,1,57,3,0,66
28,2,12,1,73,3,0,46
28,3,9,0,95,3,0,80
28,4,-8,1,26,1,0,67
28,5,4,1,18,1,0,7
28,6,-15,0,25,3,0,1
28,7,-5,0,17,1,0,49
28,8,14,1,51,1,0,50
28,9,3,0,82,3,0,4
28,10,16,1,61,1,0,12
28,11,12,1,29,3,0,74
28,12,-14,1,40,1,0,89
28,13,0,1,66,3,0,57
28,14,9,0,31,3,0,79
28,15,5,0,36,1,0,54
28,16,2,1,94,1,0,83
28,17,7,0,47,1,0,65
28,19,6,1,62,3,0,90
28,20,-12,1,86,3,0,32
28,21,8,1,55,1,0,28
28,22,-3,0,56,3,0,78
28,23,10,3,24,1,0,81
28,24,-11,0,58,1,0,37
28,25,6,3,65,3,0,47
28,26,18,1,53,3,0,10
28,27,-12,1,72,3,0,27
28,28,0,1,59,3,0,98
28,29,-14,3,6,1,0,21
28,30,18,1,38,3,0,99
28,31,-6,1,74,3,0,29
28,32,-5,0,33,1,0,13
28,33,-2,1,50,1,0,51
28,34,0,1,3,3,0,42
28,35,-11,0,92,1,0,87
28,36,6,3,30,3,0,85
28,37,14,3,54,1,0,36
28,38,12,1,8,3,0,41
28,39,-9,0,76,3,0,100
28,40,6,1,39,3,0,11
28,41,3,0,20,3,0,77
28,42,-17,0,96,1,0,96
28,43,-10,3,88,1,0,68
28,44,-10,1,83,1,0,94
28,45,-4,1,46,1,0,73
28,46,13,0,5,1,0,5
28,47,-7,0,87,1,0,92
28,48,-18,3,79,3,0,31
28,49,-10,3,81,1,0,24
28,50,1,0,16,1,0,71
28,51,1,0,16,1,0,71
28,52,-10,3,81,1,0,24
28,53,-18,3,79,3,0,31
28,54,-7,0,87,1,0,92
28,55,13,0,5,1,0,5
28,56,-4,1,46,1,0,73
28,57,-10,1,83,1,0,94
28,58,-10,3,88,1,0,68
28,59,-17,0,96,1,0,96
28,60,3,0,20,3,0,77
28,61,6,1,39,3,0,11
28,62,-9,0,76,3,0,100
28,63,12,1,8,3,0,41
28,64,14,3,54,1,0,36
28,65,6,3,30,3,0,85
28,66,-11,0,92,1,0,87
28,67,0,1,3,3,0,42
28,68,-2,1,50,1,0,51
28,69,-5,0,33,1,0,13
28,70,-6,1,74,3,0,29
28,71,18,1,38,3,0,99
28,72,-14,3,6,1,0,21
28,73,0,1,59,3,0,98
28,74,-12,1,72,3,0,27
28,75,18,1,53,3,0,10
28,76,6,3,65,3,0,47
28,77,-11,0,58,1,0,37
28,78,10,3,24,1,0,81
28,79,-3,0,56,3,0,78
28,80,8,1,55,1,0,28
28,81,-12,1,86,3,0,32
28,82,6,1,62,3,0,90
28,84,7,0,47,1,0,65
28,85,2,1,94,1,0,83
28,86,5,0,36,1,0,54
28,87,9,0,31,3,0,79
28,88,0,1,66,3,0,57
28,89,-14,1,40,1,0,89
28,90,12,1,29,3,0,74
28,91,16,1,61,1,0,12
28,92,3,0,82,3,0,4
28,93,14,1,51,1,0,50
28,94,-5,0,17,1,0,49
28,95,-15,0,25,3,0,1
28,96,4,1,18,1,0,7
28,97,-8,1,26,1,0,67
28,98,9,0,95,3,0,80
28,99,12,1,73,3,0,46
28,100,0,1,57,3,0,66
29,0,-20,1,11,1,0,91
29,1,7,0,47,1,0,17
29,2,0,1,3,3,0,98
29,3,1,0,16,1,0,31
29,4,-2,1,50,1,0,18
29,5,2,1,94,1,0,59
29,6,0,1,57,3,0,53
29,8,-11,0,92,1,0,1
29,9,-10,3,81,1,0,56
29,10,-5,0,33,1,0,64
29,11,5,0,36,1,0,25
29,12,12,1,73,3,0,40
29,13,6,1,62,3,0,8
29,14,6,3,30,3,0,30
29,15,-18,3,79,3,0,5
29,16,-6,1,74,3,0,34
29,17,9,0,31,3,0,16
29,18,9,0,95,3,0,52
29,19,-12,1,86,3,0,41
29,20,14,3,54,1,0,84
29,21,-7,0,87,1,0,80
29,22,18,1,38,3,0,29
29,23,0,1,66,3,0,32
29,24,-8,1,26,1,0,89
29,25,8,1,55,1,0,99
29,26,12,1,8,3,0,62
29,27,13,0,5,1,0,79
29,28,-14,3,6,1,0,49
29,29,-14,1,40,1,0,73
29,30,4,1,18,1,0,50
29,31,-3,0,56,3,0,81
29,32,-9,0,76,3,0,65
29,33,-4,1,46,1,0,2
29,34,0,1,59,3,0,94
29,35,12,1,29,3,0,38
29,36,-15,0,25,3,0,36
29,37,10,3,24,1,0,88
29,38,6,1,39,3,0,93
29,39,-10,1,83,1,0,51
29,40,-12,1,72,3,0,63
29,41,16,1,61,1,0,28
29,42,-5,0,17,1,0,47
29,43,-11,0,58,1,0,19
29,44,3,0,20,3,0,45
29,45,-10,3,88,1,0,24
29,46,18,1,53,3,0,57
29,47,3,0,82,3,0,43
29,48,14,1,51,1,0,83
29,49,6,3,65,3,0,76
29,50,-17,0,96,1,0,22
29,51,-17,0,96,1,0,22
29,52,6,3,65,3,0,76
29,53,14,1,51,1,0,83
29,54,3,0,82,3,0,43
29,55,18,1,53,3,0,57
29,56,-10,3,88,1,0,24
29,57,3,0,20,3,0,45
29,58,-11,0,58,1,0,19
29,59,-5,0,17,1,0,47
29,60,16,1,61,1,0,28
29,61,-12,1,72,3,0,63
29,62,-10,1,83,1,0,51
29,63,6,1,39,3,0,93
29,64,10,3,24,1,0,88
29,65,-15,0,25,3,0,36
29,66,12,1,29,3,0,38
29,67,0,1,59,3,0,94
29,68,-4,1,46,1,0,2
29,69,-9,0,76,3,0,65
29,70,-3,0,56,3,0,81
29,71,4,1,18,1,0,50
29,72,-14,1,40,1,0,73
29,73,-14,3,6,1,0,49
29,74,13,0,5,1,0,79
29,75,12,1,8,3,0,62
29,76,8,1,55,1,0,99
29,77,-8,1,26,1,0,89
29,78,0,1,66,3,0,32
29,79,18,1,38,3,0,29
29,80,-7,0,87,1,0,80
29,81,14,3,54,1,0,84
29,82,-12,1,86,3,0,41
29,83,9,0,95,3,0,52
29,84,9,0,31,3,0,16
29,85,-6,1,74,3,0,34
29,86,-18,3,79,3,0,5
29,87,6,3,30,3,0,30
29,88,6,1,62,3,0,8
29,89,12,1,73,3,0,40
29,90,5,0,36,1,0,25
29,91,-5,0,33,1,0,64
29,92,-10,3,81,1,0,56
29,93,-11,0,92,1,0,1
29,95,0,1,57,3,0,53
29,96,2,1,94,1,0,59
29,97,-2,1,50,1,0,18
29,98,1,0,16,1,0,31
29,99,0,1,3,3,0,98
29,100,7,0,47,1,0,17
30,0,-2,3,11,1,0,31
30,1,13,0,32,1,0,58
30,2,18,1,1,3,0,38
30,3,2,1,37,1,0,72
30,4,-10,1,52,1,0,59
30,5,19,0,63,1,0,100
30,6,-8,1,9,1,0,94
30,7,8,1,97,1,0,41
30,8,-10,1,49,1,0,42
30,9,-10,3,41,1,0,97
30,10,-6,3,60,3,0,4
30,11,6,1,22,3,0,66
30,12,-11,0,89,1,0,81
30,13,2,3,42,1,0,49
30,14,-15,0,93,3,0,71
30,15,-4,1,14,1,0,46
30,16,12,1,84,3,0,75
30,17,-6,1,68,3,0,57
30,18,14,1,71,1,0,93
30,19,-1,0,99,1,0,82
30,20,-3,0,10,3,0,24
30,21,7,0,12,1,0,20
30,22,3,0,90,3,0,70
30,23,-12,1,78,3,0,73
30,24,0,1,64,3,0,29
30,25,-6,1,45,3,0,39
30,26,-4,1,19,1,0,2
30,27,-3,0,2,3,0,19
30,28,10,1,70,1,0,90
30,29,3,0,34,3,0,13
30,30,-2,1,77,1,0,91
30,31,-6,3,98,3,0,21
30,32,-15,0,48,3,0,5
30,33,2,3,69,1,0,43
30,34,-16,1,13,1,0,34
30,35,9,0,35,3,0,79
30,36,7,0,91,1,0,77
30,37,-10,1,23,1,0,28
30,38,15,0,44,3,0,33
30,39,-18,3,7,3,0,92
30,40,-12,1,80,3,0,3
30,41,18,1,43,3,0,69
30,42,17,0,67,1,0,88
30,43,-2,1,4,1,0,60
30,44,10,1,85,1,0,86
30,45,-6,3,27,3,0,65
30,46,0,1,21,3,0,98
30,47,-15,0,75,3,0,84
30,48,6,3,28,3,0,23
30,49,-3,0,15,3,0,16
30,50,14,1,100,1,0,63
30,51,14,1,100,1,0,63
30,52,-3,0,15,3,0,16
30,53,6,3,28,3,0,23
30,54,-15,0,75,3,0,84
30,55,0,1,21,3,0,98
30,56,-6,3,27,3,0,65
30,57,10,1,85,1,0,86
30,58,-2,1,4,1,0,60
30,59,17,0,67,1,0,88
30,60,18,1,43,3,0,69
30,61,-12,1,80,3,0,3
30,62,-18,3,7,3,0,92
30,63,15,0,44,3,0,33
30,64,-10,1,23,1,0,28
30,65,7,0,91,1,0,77
30,66,9,0,35,3,0,79
30,67,-16,1,13,1,0,34
30,68,2,3,69,1,0,43
30,69,-15,0,48,3,0,5
30,70,-6,3,98,3,0,21
30,71,-2,1,77,1,0,91
30,72,3,0,34,3,0,13
30,73,10,1,70,1,0,90
30,74,-3,0,2,3,0,19
30,75,-4,1,19,1,0,2
30,76,-6,1,45,3,0,39
30,77,0,1,64,3,0,29
30,78,-12,1,78,3,0,73
30,79,3,0,90,3,0,70
30,80,7,0,12,1,0,20
30,81,-3,0,10,3,0,24
30,82,-1,0,99,1,0,82
30,83,14,1,71,1,0,93
30,84,-6,1,68,3,0,57
30,85,12,1,84,3,0,75
30,86,-4,1,14,1,0,46
30,87,-15,0,93,3,0,71
30,88,2,3,42,1,0,49
30,89,-11,0,89,1,0,81
30,90,6,1,22,3,0,66
30,91,-6,3,60,3,0,4
30,92,-10,3,41,1,0,97
30,93,-10,1,49,1,0,42
30,94,8,1,97,1,0,41
30,95,-8,1,9,1,0,94
30,96,19,0,63,1,0,100
30,97,-10,1,52,1,0,59
30,98,2,1,37,1,0,72
30,99,18,1,1,3,0,38
30,100,13,0,32,1,0,58
31,0,2,3,11,1,0,85
31,1,-10,1,85,1,0,11
31,2,-2,3,42,1,0,92
31,3,6,3,98,3,0,25
31,4,4,1,19,1,0,12
31,5,-14,1,71,1,0,53
31,6,18,3,7,3,0,47
31,7,-19,0,63,1,0,95
31,8,3,0,15,3,0,96
31,9,10,1,49,1,0,50
31,10,-7,0,91,1,0,58
31,11,-7,0,12,1,0,19
31,12,12,1,78,3,0,34
31,13,16,1,13,1,0,2
31,14,6,3,60,3,0,24
31,15,15,0,75,3,0,100
31,16,-2,1,37,1,0,28
31,17,-18,1,43,3,0,10
31,18,-12,1,84,3,0,46
31,19,-10,1,70,1,0,35
31,20,-3,0,34,3,0,78
31,21,4,1,14,1,0,74
31,22,-17,0,67,1,0,23
31,23,-18,1,1,3,0,26
31,24,0,1,21,3,0,83
31,25,-6,1,22,3,0,93
31,26,-2,3,69,1,0,56
31,27,0,1,64,3,0,73
31,28,3,0,10,3,0,43
31,29,10,1,23,1,0,67
31,30,-8,1,97,1,0,44
31,31,-14,1,100,1,0,75
31,32,8,1,9,1,0,59
31,33,-15,0,44,3,0,97
31,34,1,0,99,1,0,88
31,35,6,1,45,3,0,32
31,36,15,0,48,3,0,30
31,37,11,0,89,1,0,82
31,38,6,3,27,3,0,87
31,39,-13,0,32,1,0,45
31,40,2,1,4,1,0,57
31,41,15,0,93,3,0,22
31,42,2,1,77,1,0,41
31,43,3,0,2,3,0,13
31,44,6,1,68,3,0,39
31,45,12,1,80,3,0,18
31,46,10,1,52,1,0,51
31,47,-6,3,28,3,0,37
31,48,10,3,41,1,0,77
31,49,-9,0,35,3,0,70
31,50,-3,0,90,3,0,16
31,51,-3,0,90,3,0,16
31,52,-9,0,35,3,0,70
31,53,10,3,41,1,0,77
31,54,-6,3,28,3,0,37
31,55,10,1,52,1,0,51
31,56,12,1,80,3,0,18
31,57,6,1,68,3,0,39
31,58,3,0,2,3,0,13
31,59,2,1,77,1,0,41
31,60,15,0,93,3,0,22
31,61,2,1,4,1,0,57
31,62,-13,0,32,1,0,45
31,63,6,3,27,3,0,87
31,64,11,0,89,1,0,82
31,65,15,0,48,3,0,30
31,66,6,1,45,3,0,32
31,67,1,0,99,1,0,88
31,68,-15,0,44,3,0,97
31,69,8,1,9,1,0,59
31,70,-14,1,100,1,0,75
31,71,-8,1,97,1,0,44
31,72,10,1,23,1,0,67
31,73,3,0,10,3,0,43
31,74,0,1,64,3,0,73
31,75,-2,3,69,1,0,56
31,76,-6,1,22,3,0,93
31,77,0,1,21,3,0,83
31,78,-18,1,1,3,0,26
31,79,-17,0,67,1,0,23
31,80,4,1,14,1,0,74
31,81,-3,0,34,3,0,78
31,82,-10,1,70,1,0,35
31,83,-12,1,84,3,0,46
31,84,-18,1,43,3,0,10
31,85,-2,1,37,1,0,28
31,86,15,0,75,3,0,100
31,87,6,3,60,3,0,24
31,88,16,1,13,1,0,2
31,89,12,1,78,3,0,34
31,90,-7,0,12,1,0,19
31,91,-7,0,91,1,0,58
31,92,10,1,49,1,0,50
31,93,3,0,15,3,0,96
31,94,-19,0,63,1,0,95
31,95,18,3,7,3,0,47
31,96,-14,1,71,1,0,53
31,97,4,1,19,1,0,12
31,98,6,3,98,3,0,25
31,99,-2,3,42,1,0,92
31,100,-10,1,85,1,0,11
32,0,20,1,11,1,0,75
32,1,5,0,17,1,0,1
32,2,-9,0,31,3,0,82
32,3,-8,1,55,1,0,15
32,4,0,1,59,3,0,2
32,5,11,0,92,1,0,43
32,6,17,0,96,1,0,37
32,7,10,3,81,1,0,85
32,8,4,1,46,1,0,86
32,9,-12,1,8,3,0,40
32,10,6,1,74,3,0,48
32,11,11,0,58,1,0,9
32,12,-7,0,47,1,0,24
32,13,-16,1,61,1,0,93
32,14,-9,0,95,3,0,14
32,15,8,1,26,1,0,90
32,16,-12,1,29,3,0,18
32,18,-6,3,65,3,0,36
32,19,5,0,33,1,0,25
32,20,9,0,76,3,0,68
32,21,-13,0,5,1,0,64
32,22,18,3,79,3,0,13
32,23,-3,0,20,3,0,16
32,24,0,1,3,3,0,73
32,25,12,1,72,3,0,83
32,26,12,1,86,3,0,46
32,27,0,1,66,3,0,63
32,28,15,0,25,3,0,33
32,29,0,1,57,3,0,57
32,30,-14,1,51,1,0,34
32,31,-5,0,36,1,0,65
32,32,3,0,56,3,0,49
32,33,14,3,6,1,0,87
32,34,-6,3,30,3,0,78
32,35,10,3,88,1,0,22
32,36,-1,0,16,1,0,20
32,37,10,1,83,1,0,72
32,38,-14,3,54,1,0,77
32,39,-18,1,38,3,0,35
32,40,-10,3,24,1,0,47
32,41,-2,1,94,1,0,12
32,42,-3,0,82,3,0,31
32,43,-12,1,73,3,0,3
32,44,-4,1,18,1,0,29
32,45,14,1,40,1,0,8
32,46,-6,1,62,3,0,41
32,47,-18,1,53,3,0,27
32,48,2,1,50,1,0,67
32,49,-6,1,39,3,0,60
32,50,7,0,87,1,0,6
32,51,7,0,87,1,0,6
32,52,-6,1,39,3,0,60
32,53,2,1,50,1,0,67
32,54,-18,1,53,3,0,27
32,55,-6,1,62,3,0,41
32,56,14,1,40,1,0,8
32,57,-4,1,18,1,0,29
32,58,-12,1,73,3,0,3
32,59,-3,0,82,3,0,31
32,60,-2,1,94,1,0,12
32,61,-10,3,24,1,0,47
32,62,-18,1,38,3,0,35
32,63,-14,3,54,1,0,77
32,64,10,1,83,1,0,72
32,65,-1,0,16,1,0,20
32,66,10,3,88,1,0,22
32,67,-6,3,30,3,0,78
32,68,14,3,6,1,0,87
32,69,3,0,56,3,0,49
32,70,-5,0,36,1,0,65
32,71,-14,1,51,1,0,34
32,72,0,1,57,3,0,57
32,73,15,0,25,3,0,33
32,74,0,1,66,3,0,63
32,75,12,1,86,3,0,46
32,76,12,1,72,3,0,83
32,77,0,1,3,3,0,73
32,78,-3,0,20,3,0,16
32,79,18,3,79,3,0,13
32,80,-13,0,5,1,0,64
32,81,9,0,76,3,0,68
32,82,5,0,33,1,0,25
32,83,-6,3,65,3,0,36
32,85,-12,1,29,3,0,18
32,86,8,1,26,1,0,90
32,87,-9,0,95,3,0,14
32,88,-16,1,61,1,0,93
32,89,-7,0,47,1,0,24
32,90,11,0,58,1,0,9
32,91,6,1,74,3,0,48
32,92,-12,1,8,3,0,40
32,93,4,1,46,1,0,86
32,94,10,3,81,1,0,85
32,95,17,0,96,1,0,37
32,96,11,0,92,1,0,43
32,97,0,1,59,3,0,2
32,98,-8,1,55,1,0,15
32,99,-9,0,31,3,0,82
32,100,5,0,17,1,0,1
33,0,-2,3,11,1,0,25
33,1,-3,0,15,3,0,52
33,2,2,1,37,1,0,32
33,3,0,1,21,3,0,66
33,4,-8,1,9,1,0,53
33,5,-2,1,4,1,0,94
33,6,-10,3,41,1,0,88
33,7,-12,1,80,3,0,35
33,8,-11,0,89,1,0,36
33,9,-10,1,23,1,0,91
33,10,-4,1,14,1,0,99
33,11,-16,1,13,1,0,60
33,12,14,1,71,1,0,75
33,13,-6,3,98,3,0,43
33,14,7,0,12,1,0,65
33,15,10,1,70,1,0,40
33,16,0,1,64,3,0,69
33,17,-6,1,45,3,0,51
33,18,-3,0,2,3,0,87
33,19,3,0,90,3,0,76
33,20,-2,1,77,1,0,18
33,21,-1,0,99,1,0,14
33,22,2,3,69,1,0,64
33,23,12,1,84,3,0,67
33,24,7,0,91,1,0,23
33,25,2,3,42,1,0,33
33,26,-18,3,7,3,0,97
33,27,-6,3,60,3,0,13
33,28,17,0,67,1,0,84
33,29,8,1,97,1,0,7
33,30,-6,3,27,3,0,85
33,31,-10,1,52,1,0,15
33,32,6,3,28,3,0,100
33,33,13,0,32,1,0,37
33,34,14,1,100,1,0,28
33,35,18,1,1,3,0,73
33,36,-15,0,75,3,0,71
33,37,19,0,63,1,0,22
33,38,10,1,85,1,0,27
33,39,-10,1,49,1,0,86
33,40,18,1,43,3,0,98
33,41,6,1,22,3,0,63
33,42,15,0,44,3,0,82
33,43,-15,0,93,3,0,54
33,44,9,0,35,3,0,80
33,45,-6,1,68,3,0,59
33,46,-15,0,48,3,0,92
33,47,-3,0,10,3,0,78
33,48,3,0,34,3,0,17
33,49,-12,1,78,3,0,10
33,50,-4,1,19,1,0,57
33,51,-4,1,19,1,0,57
33,52,-12,1,78,3,0,10
33,53,3,0,34,3,0,17
33,54,-3,0,10,3,0,78
33,55,-15,0,48,3,0,92
33,56,-6,1,68,3,0,59
33,57,9,0,35,3,0,80
33,58,-15,0,93,3,0,54
33,59,15,0,44,3,0,82
33,60,6,1,22,3,0,63
33,61,18,1,43,3,0,98
33,62,-10,1,49,1,0,86
33,63,10,1,85,1,0,27
33,64,19,0,63,1,0,22
33,65,-15,0,75,3,0,71
33,66,18,1,1,3,0,73
33,67,14,1,100,1,0,28
33,68,13,0,32,1,0,37
33,69,6,3,28,3,0,100
33,70,-10,1,52,1,0,15
33,71,-6,3,27,3,0,85
33,72,8,1,97,1,0,7
33,73,17,0,67,1,0,84
33,74,-6,3,60,3,0,13
33,75,-18,3,7,3,0,97
33,76,2,3,42,1,0,33
33,77,7,0,91,1,0,23
33,78,12,1,84,3,0,67
33,79,2,3,69,1,0,64
33,80,-1,0,99,1,0,14
33,81,-2,1,77,1,0,18
33,82,3,0,90,3,0,76
33,83,-3,0,2,3,0,87
33,84,-6,1,45,3,0,51
33,85,0,1,64,3,0,69
33,86,10,1,70,1,0,40
33,87,7,0,12,1,0,65
33,88,-6,3,98,3,0,43
33,89,14,1,71,1,0,75
33,90,-16,1,13,1,0,60
33,91,-4,1,14,1,0,99
33,92,-10,1,23,1,0,91
33,93,-11,0,89,1,0,36
33,94,-12,1,80,3,0,35
33,95,-10,3,41,1,0,88
33,96,-2,1,4,1,0,94
33,97,-8,1,9,1,0,53
33,98,0,1,21,3,0,66
33,99,2,1,37,1,0,32
33,100,-3,0,15,3,0,52
34,0,-20,1,11,1,0,60
34,1,-15,0,25,3,0,87
34,2,-14,1,40,1,0,67
34,4,-11,0,58,1,0,88
34,5,18,1,38,3,0,28
34,6,6,3,30,3,0,22
34,7,-17,0,96,1,0,70
34,8,-18,3,79,3,0,71
34,9,-7,0,87,1,0,25
34,10,3,0,20,3,0,33
34,11,-11,0,92,1,0,95
34,12,-14,3,6,1,0,9
34,13,10,3,24,1,0,78
34,14,7,0,47,1,0,100
34,15,12,1,29,3,0,75
34,16,4,1,18,1,0,3
34,17,0,1,57,3,0,86
34,18,-5,0,17,1,0,21
34,19,0,1,66,3,0,10
34,20,6,1,62,3,0,53
34,21,6,3,65,3,0,49
34,22,-6,1,74,3,0,99
34,23,14,3,54,1,0,1
34,24,-10,3,88,1,0,58
34,25,-10,3,81,1,0,68
34,26,13,0,5,1,0,31
34,27,6,1,39,3,0,48
34,28,0,1,3,3,0,18
34,29,0,1,59,3,0,42
34,30,-3,0,56,3,0,19
34,31,2,1,94,1,0,50
34,32,16,1,61,1,0,34
34,33,-8,1,26,1,0,72
34,34,12,1,73,3,0,63
34,35,14,1,51,1,0,7
34,36,9,0,31,3,0,5
34,37,-12,1,86,3,0,57
34,38,18,1,53,3,0,62
34,39,-5,0,33,1,0,20
34,40,12,1,8,3,0,32
34,41,-10,1,83,1,0,98
34,42,1,0,16,1,0,16
34,43,-4,1,46,1,0,89
34,44,-9,0,76,3,0,14
34,45,-2,1,50,1,0,94
34,46,-12,1,72,3,0,26
34,47,8,1,55,1,0,12
34,48,5,0,36,1,0,52
34,49,3,0,82,3,0,45
34,50,9,0,95,3,0,92
34,51,9,0,95,3,0,92
34,52,3,0,82,3,0,45
34,53,5,0,36,1,0,52
34,54,8,1,55,1,0,12
34,55,-12,1,72,3,0,26
34,56,-2,1,50,1,0,94
34,57,-9,0,76,3,0,14
34,58,-4,1,46,1,0,89
34,59,1,0,16,1,0,16
34,60,-10,1,83,1,0,98
34,61,12,1,8,3,0,32
34,62,-5,0,33,1,0,20
34,63,18,1,53,3,0,62
34,64,-12,1,86,3,0,57
34,65,9,0,31,3,0,5
34,66,14,1,51,1,0,7
34,67,12,1,73,3,0,63
34,68,-8,1,26,1,0,72
34,69,16,1,61,1,0,34
34,70,2,1,94,1,0,50
34,71,-3,0,56,3,0,19
34,72,0,1,59,3,0,42
34,73,0,1,3,3,0,18
34,74,6,1,39,3,0,48
34,75,13,0,5,1,0,31
34,76,-10,3,81,1,0,68
34,77,-10,3,88,1,0,58
34,78,14,3,54,1,0,1
34,79,-6,1,74,3,0,99
34,80,6,3,65,3,0,49
34,81,6,1,62,3,0,53
34,82,0,1,66,3,0,10
34,83,-5,0,17,1,0,21
34,84,0,1,57,3,0,86
34,85,4,1,18,1,0,3
34,86,12,1,29,3,0,75
34,87,7,0,47,1,0,100
34,88,10,3,24,1,0,78
34,89,-14,3,6,1,0,9
34,90,-11,0,92,1,0,95
34,91,3,0,20,3,0,33
34,92,-7,0,87,1,0,25
34,93,-18,3,79,3,0,71
34,94,-17,0,96,1,0,70
34,95,6,3,30,3,0,22
34,96,18,1,38,3,0,28
34,97,-11,0,58,1,0,88
34,99,-14,1,40,1,0,67
34,100,-15,0,25,3,0,87
35,0,20,1,11,1,0,2
35,1,-18,1,53,3,0,29
35,2,10,3,81,1,0,9
35,3,-10,3,24,1,0,43
35,4,-9,0,95,3,0,30
35,5,14,3,6,1,0,71
35,6,-13,0,5,1,0,65
35,7,12,1,86,3,0,12
35,8,15,0,25,3,0,13
35,9,5,0,33,1,0,68
35,10,10,3,88,1,0,76
35,11,-7,0,47,1,0,37
35,12,-3,0,82,3,0,52
35,13,11,0,92,1,0,20
35,14,-6,1,39,3,0,42
35,15,-9,0,31,3,0,17
35,16,14,1,40,1,0,46
35,17,-12,1,8,3,0,28
35,18,-14,3,54,1,0,64
35,19,-12,1,29,3,0,53
35,20,-5,0,36,1,0,96
35,21,-3,0,20,3,0,92
35,22,0,1,3,3,0,41
35,23,-14,1,51,1,0,44
35,25,10,1,83,1,0,10
35,26,6,1,74,3,0,74
35,27,-4,1,18,1,0,91
35,28,-8,1,55,1,0,61
35,29,7,0,87,1,0,85
35,30,0,1,59,3,0,62
35,31,-12,1,73,3,0,93
35,32,11,0,58,1,0,77
35,33,-1,0,16,1,0,14
35,34,-6,3,65,3,0,5
35,35,0,1,57,3,0,50
35,36,12,1,72,3,0,48
35,37,18,3,79,3,0,100
35,38,3,0,56,3,0,4
35,39,8,1,26,1,0,63
35,40,-18,1,38,3,0,75
35,41,4,1,46,1,0,40
35,42,-6,1,62,3,0,59
35,43,5,0,17,1,0,31
35,44,2,1,50,1,0,57
35,45,17,0,96,1,0,36
35,46,-2,1,94,1,0,69
35,47,-16,1,61,1,0,55
35,48,-6,3,30,3,0,95
35,49,9,0,76,3,0,88
35,50,0,1,66,3,0,34
35,51,0,1,66,3,0,34
35,52,9,0,76,3,0,88
35,53,-6,3,30,3,0,95
35,54,-16,1,61,1,0,55
35,55,-2,1,94,1,0,69
35,56,17,0,96,1,0,36
35,57,2,1,50,1,0,57
35,58,5,0,17,1,0,31
35,59,-6,1,62,3,0,59
35,60,4,1,46,1,0,40
35,61,-18,1,38,3,0,75
35,62,8,1,26,1,0,63
35,63,3,0,56,3,0,4
35,64,18,3,79,3,0,100
35,65,12,1,72,3,0,48
35,66,0,1,57,3,0,50
35,67,-6,3,65,3,0,5
35,68,-1,0,16,1,0,14
35,69,11,0,58,1,0,77
35,70,-12,1,73,3,0,93
35,71,0,1,59,3,0,62
35,72,7,0,87,1,0,85
35,73,-8,1,55,1,0,61
35,74,-4,1,18,1,0,91
35,75,6,1,74,3,0,74
35,76,10,1,83,1,0,10
35,78,-14,1,51,1,0,44
35,79,0,1,3,3,0,41
35,80,-3,0,20,3,0,92
35,81,-5,0,36,1,0,96
35,82,-12,1,29,3,0,53
35,83,-14,3,54,1,0,64
35,84,-12,1,8,3,0,28
35,85,14,1,40,1,0,46
35,86,-9,0,31,3,0,17
35,87,-6,1,39,3,0,42
35,88,11,0,92,1,0,20
35,89,-3,0,82,3,0,52
35,90,-7,0,47,1,0,37
35,91,10,3,88,1,0,76
35,92,5,0,33,1,0,68
35,93,15,0,25,3,0,13
35,94,12,1,86,3,0,12
35,95,-13,0,5,1,0,65
35,96,14,3,6,1,0,71
35,97,-9,0,95,3,0,30
35,98,-10,3,24,1,0,43
35,99,10,3,81,1,0,9
35,100,-18,1,53,3,0,29
36,0,2,3,11,1,0,77
36,1,16,1,13,1,0,3
36,2,-2,3,69,1,0,84
36,3,-13,0,32,1,0,17
36,4,-9,0,35,3,0,4
36,5,15,0,48,3,0,45
36,6,-18,1,1,3,0,39
36,7,-7,0,91,1,0,87
36,8,6,3,98,3,0,88
36,9,-2,1,37,1,0,42
36,10,10,1,23,1,0,50
36,11,2,1,77,1,0,11
36,12,10,1,52,1,0,26
36,13,-15,0,44,3,0,95
36,14,-3,0,34,3,0,16
36,15,-19,0,63,1,0,92
36,16,18,3,7,3,0,20
36,17,-10,1,70,1,0,2
36,18,8,1,9,1,0,38
36,19,12,1,80,3,0,27
36,20,3,0,2,3,0,70
36,21,-8,1,97,1,0,66
36,22,-18,1,43,3,0,15
36,23,4,1,19,1,0,18
36,24,10,1,49,1,0,75
36,25,-17,0,67,1,0,85
36,26,6,1,45,3,0,48
36,27,10,3,41,1,0,65
36,28,2,1,4,1,0,35
36,29,0,1,64,3,0,59
36,30,6,3,60,3,0,36
36,31,-10,1,85,1,0,67
36,32,12,1,78,3,0,51
36,33,-6,1,22,3,0,89
36,34,6,3,27,3,0,80
36,35,-3,0,90,3,0,24
36,36,11,0,89,1,0,22
36,37,0,1,21,3,0,74
36,38,-7,0,12,1,0,79
36,39,-2,3,42,1,0,37
36,40,15,0,75,3,0,49
36,41,3,0,10,3,0,14
36,42,15,0,93,3,0,33
36,43,-6,3,28,3,0,5
36,44,1,0,99,1,0,31
36,45,4,1,14,1,0,10
36,46,3,0,15,3,0,43
36,47,-14,1,71,1,0,29
36,48,-12,1,84,3,0,69
36,49,-14,1,100,1,0,62
36,50,6,1,68,3,0,8
36,51,6,1,68,3,0,8
36,52,-14,1,100,1,0,62
36,53,-12,1,84,3,0,69
36,54,-14,1,71,1,0,29
36,55,3,0,15,3,0,43
36,56,4,1,14,1,0,10
36,57,1,0,99,1,0,31
36,58,-6,3,28,3,0,5
36,59,15,0,93,3,0,33
36,60,3,0,10,3,0,14
36,61,15,0,75,3,0,49
36,62,-2,3,42,1,0,37
36,63,-7,0,12,1,0,79
36,64,0,1,21,3,0,74
36,65,11,0,89,1,0,22
36,66,-3,0,90,3,0,24
36,67,6,3,27,3,0,80
36,68,-6,1,22,3,0,89
36,69,12,1,78,3,0,51
36,70,-10,1,85,1,0,67
36,71,6,3,60,3,0,36
36,72,0,1,64,3,0,59
36,73,2,1,4,1,0,35
36,74,10,3,41,1,0,65
36,75,6,1,45,3,0,48
36,76,-17,0,67,1,0,85
36,77,10,1,49,1,0,75
36,78,4,1,19,1,0,18
36,79,-18,1,43,3,0,15
36,80,-8,1,97,1,0,66
36,81,3,0,2,3,0,70
36,82,12,1,80,3,0,27
36,83,8,1,9,1,0,38
36,84,-10,1,70,1,0,2
36,85,18,3,7,3,0,20
36,86,-19,0,63,1,0,92
36,87,-3,0,34,3,0,16
36,88,-15,0,44,3,0,95
36,89,10,1,52,1,0,26
36,90,2,1,77,1,0,11
36,91,10,1,23,1,0,50
36,92,-2,1,37,1,0,42
36,93,6,3,98,3,0,88
36,94,-7,0,91,1,0,87
36,95,-18,1,1,3,0,39
36,96,15,0,48,3,0,45
36,97,-9,0,35,3,0,4
36,98,-13,0,32,1,0,17
36,99,-2,3,69,1,0,84
36,100,16,1,13,1,0,3
37,0,2,3,11,1,0,6
37,1,3,0,2,3,0,33
37,2,15,0,75,3,0,13
37,3,3,0,10,3,0,47
37,4,-8,1,97,1,0,34
37,5,16,1,13,1,0,75
37,6,12,1,80,3,0,69
37,7,-2,3,42,1,0,16
37,8,15,0,93,3,0,17
37,9,-18,1,43,3,0,72
37,10,-2,3,69,1,0,80
37,11,8,1,9,1,0,41
37,12,-7,0,12,1,0,56
37,13,-6,3,28,3,0,24
37,14,4,1,19,1,0,46
37,15,-13,0,32,1,0,21
37,16,-10,1,70,1,0,50
37,17,0,1,21,3,0,32
37,18,1,0,99,1,0,68
37,19,10,1,49,1,0,57
37,20,-9,0,35,3,0,100
37,21,18,3,7,3,0,96
37,22,11,0,89,1,0,45
37,23,4,1,14,1,0,48
37,24,-17,0,67,1,0,4
37,25,15,0,48,3,0,14
37,26,-19,0,63,1,0,78
37,27,-3,0,90,3,0,95
37,28,3,0,15,3,0,65
37,29,6,1,45,3,0,89
37,30,-18,1,1,3,0,66
37,31,-3,0,34,3,0,97
37,32,6,3,27,3,0,81
37,33,-14,1,71,1,0,18
37,34,10,3,41,1,0,9
37,35,-7,0,91,1,0,54
37,36,-15,0,44,3,0,52
37,37,-6,1,22,3,0,3
37,38,-12,1,84,3,0,8
37,39,2,1,4,1,0,67
37,40,6,3,98,3,0,79
37,41,10,1,52,1,0,44
37,42,12,1,78,3,0,63
37,43,-14,1,100,1,0,35
37,44,0,1,64,3,0,61
37,45,-2,1,37,1,0,40
37,46,2,1,77,1,0,73
37,47,-10,1,85,1,0,59
37,48,6,1,68,3,0,99
37,49,6,3,60,3,0,92
37,50,10,1,23,1,0,38
37,51,10,1,23,1,0,38
37,52,6,3,60,3,0,92
37,53,6,1,68,3,0,99
37,54,-10,1,85,1,0,59
37,55,2,1,77,1,0,73
37,56,-2,1,37,1,0,40
37,57,0,1,64,3,0,61
37,58,-14,1,100,1,0,35
37,59,12,1,78,3,0,63
37,60,10,1,52,1,0,44
37,61,6,3,98,3,0,79
37,62,2,1,4,1,0,67
37,63,-12,1,84,3,0,8
37,64,-6,1,22,3,0,3
37,65,-15,0,44,3,0,52
37,66,-7,0,91,1,0,54
37,67,10,3,41,1,0,9
37,68,-14,1,71,1,0,18
37,69,6,3,27,3,0,81
37,70,-3,0,34,3,0,97
37,71,-18,1,1,3,0,66
37,72,6,1,45,3,0,89
37,73,3,0,15,3,0,65
37,74,-3,0,90,3,0,95
37,75,-19,0,63,1,0,78
37,76,15,0,48,3,0,14
37,77,-17,0,67,1,0,4
37,78,4,1,14,1,0,48
37,79,11,0,89,1,0,45
37,80,18,3,7,3,0,96
37,81,-9,0,35,3,0,100
37,82,10,1,49,1,0,57
37,83,1,0,99,1,0,68
37,84,0,1,21,3,0,32
37,85,-10,1,70,1,0,50
37,86,-13,0,32,1,0,21
37,87,4,1,19,1,0,46
37,88,-6,3,28,3,0,24
37,89,-7,0,12,1,0,56
37,90,8,1,9,1,0,41
37,91,-2,3,69,1,0,80
37,92,-18,1,43,3,0,72
37,93,15,0,93,3,0,17
37,94,-2,3,42,1,0,16
37,95,12,1,80,3,0,69
37,96,16,1,13,1,0,75
37,97,-8,1,97,1,0,34
37,98,3,0,10,3,0,47
37,99,15,0,75,3,0,13
37,100,3,0,2,3,0,33
38,0,20,1,11,1,0,15
38,1,14,1,40,1,0,42
38,2,11,0,58,1,0,22
38,3,-6,3,30,3,0,56
38,4,18,3,79,3,0,43
38,5,-3,0,20,3,0,84
38,6,14,3,6,1,0,78
38,7,-7,0,47,1,0,25
38,8,-4,1,18,1,0,26
38,9,5,0,17,1,0,81
38,10,-6,1,62,3,0,89
38,11,6,1,74,3,0,50
38,12,10,3,88,1,0,65
38,13,-13,0,5,1,0,33
38,14,0,1,3,3,0,55
38,15,3,0,56,3,0,30
38,16,-16,1,61,1,0,59
38,17,-12,1,73,3,0,41
38,18,-9,0,31,3,0,77
38,19,-18,1,53,3,0,66
38,20,-12,1,8,3,0,8
38,21,-1,0,16,1,0,4
38,22,9,0,76,3,0,54
38,23,12,1,72,3,0,57
38,24,-5,0,36,1,0,13
38,25,-9,0,95,3,0,23
38,26,-3,0,82,3,0,87
38,27,-8,1,55,1,0,3
38,28,2,1,50,1,0,74
38,29,4,1,46,1,0,98
38,30,10,1,83,1,0,75
38,31,5,0,33,1,0,5
38,32,12,1,86,3,0,90
38,33,-14,1,51,1,0,27
38,34,8,1,26,1,0,18
38,35,-2,1,94,1,0,63
38,36,0,1,59,3,0,61
38,37,-6,1,39,3,0,12
38,38,10,3,81,1,0,17
38,39,-14,3,54,1,0,76
38,40,-6,3,65,3,0,88
38,41,0,1,66,3,0,53
38,42,0,1,57,3,0,72
38,43,-12,1,29,3,0,44
38,44,-10,3,24,1,0,70
38,45,11,0,92,1,0,49
38,46,7,0,87,1,0,82
38,47,17,0,96,1,0,68
38,48,-18,1,38,3,0,7
38,50,15,0,25,3,0,47
38,51,15,0,25,3,0,47
38,53,-18,1,38,3,0,7
38,54,17,0,96,1,0,68
38,55,7,0,87,1,0,82
38,56,11,0,92,1,0,49
38,57,-10,3,24,1,0,70
38,58,-12,1,29,3,0,44
38,59,0,1,57,3,0,72
38,60,0,1,66,3,0,53
38,61,-6,3,65,3,0,88
38,62,-14,3,54,1,0,76
38,63,10,3,81,1,0,17
38,64,-6,1,39,3,0,12
38,65,0,1,59,3,0,61
38,66,-2,1,94,1,0,63
38,67,8,1,26,1,0,18
38,68,-14,1,51,1,0,27
38,69,12,1,86,3,0,90
38,70,5,0,33,1,0,5
38,71,10,1,83,1,0,75
38,72,4,1,46,1,0,98
38,73,2,1,50,1,0,74
38,74,-8,1,55,1,0,3
38,75,-3,0,82,3,0,87
38,76,-9,0,95,3,0,23
38,77,-5,0,36,1,0,13
38,78,12,1,72,3,0,57
38,79,9,0,76,3,0,54
38,80,-1,0,16,1,0,4
38,81,-12,1,8,3,0,8
38,82,-18,1,53,3,0,66
38,83,-9,0,31,3,0,77
38,84,-12,1,73,3,0,41
38,85,-16,1,61,1,0,59
38,86,3,0,56,3,0,30
38,87,0,1,3,3,0,55
38,88,-13,0,5,1,0,33
38,89,10,3,88,1,0,65
38,90,6,1,74,3,0,50
38,91,-6,1,62,3,0,89
38,92,5,0,17,1,0,81
38,93,-4,1,18,1,0,26
38,94,-7,0,47,1,0,25
38,95,14,3,6,1,0,78
38,96,-3,0,20,3,0,84
38,97,18,3,79,3,0,43
38,98,-6,3,30,3,0,56
38,99,11,0,58,1,0,22
38,100,14,1,40,1,0,42
39,0,-20,1,11,1,0,27
39,1,-3,0,56,3,0,54
39,2,-10,1,83,1,0,34
39,3,-11,0,92,1,0,68
39,4,0,1,66,3,0,55
39,5,3,0,82,3,0,96
39,6,-6,1,74,3,0,90
39,7,-18,3,79,3,0,37
39,8,18,1,53,3,0,38
39,9,-8,1,26,1,0,93
39,11,6,1,39,3,0,62
39,12,-9,0,76,3,0,77
39,13,7,0,47,1,0,45
39,14,4,1,18,1,0,67
39,15,-12,1,72,3,0,42
39,16,-10,3,81,1,0,71
39,17,18,1,38,3,0,53
39,18,14,1,51,1,0,89
39,19,9,0,31,3,0,78
39,20,6,3,30,3,0,20
39,21,-10,3,88,1,0,16
39,22,8,1,55,1,0,66
39,23,0,1,57,3,0,69
39,24,10,3,24,1,0,25
39,25,-4,1,46,1,0,35
39,26,0,1,3,3,0,99
39,27,-14,1,40,1,0,15
39,28,16,1,61,1,0,86
39,29,-5,0,33,1,0,9
39,30,-7,0,87,1,0,87
39,31,6,3,65,3,0,17
39,32,9,0,95,3,0,1
39,33,6,1,62,3,0,39
39,34,3,0,20,3,0,30
39,35,12,1,8,3,0,75
39,36,2,1,94,1,0,73
39,37,-15,0,25,3,0,24
39,38,0,1,59,3,0,29
39,39,1,0,16,1,0,88
39,40,-14,3,6,1,0,100
39,41,-5,0,17,1,0,65
39,42,5,0,36,1,0,84
39,43,14,3,54,1,0,56
39,44,-17,0,96,1,0,82
39,45,-12,1,86,3,0,61
39,46,12,1,73,3,0,94
39,47,-11,0,58,1,0,80
39,48,13,0,5,1,0,19
39,49,-2,1,50,1,0,12
39,50,12,1,29,3,0,59
39,51,12,1,29,3,0,59
39,52,-2,1,50,1,0,12
39,53,13,0,5,1,0,19
39,54,-11,0,58,1,0,80
39,55,12,1,73,3,0,94
39,56,-12,1,86,3,0,61
39,57,-17,0,96,1,0,82
39,58,14,3,54,1,0,56
39,59,5,0,36,1,0,84
39,60,-5,0,17,1,0,65
39,61,-14,3,6,1,0,100
39,62,1,0,16,1,0,88
39,63,0,1,59,3,0,29
39,64,-15,0,25,3,0,24
39,65,2,1,94,1,0,73
39,66,12,1,8,3,0,75
39,67,3,0,20,3,0,30
39,68,6,1,62,3,0,39
39,69,9,0,95,3,0,1
39,70,6,3,65,3,0,17
39,71,-7,0,87,1,0,87
39,72,-5,0,33,1,0,9
39,73,16,1,61,1,0,86
39,74,-14,1,40,1,0,15
39,75,0,1,3,3,0,99
39,76,-4,1,46,1,0,35
39,77,10,3,24,1,0,25
39,78,0,1,57,3,0,69
39,79,8,1,55,1,0,66
39,80,-10,3,88,1,0,16
39,81,6,3,30,3,0,20
39,82,9,0,31,3,0,78
39,83,14,1,51,1,0,89
39,84,18,1,38,3,0,53
39,85,-10,3,81,1,0,71
39,86,-12,1,72,3,0,42
39,87,4,1,18,1,0,67
39,88,7,0,47,1,0,45
39,89,-9,0,76,3,0,77
39,90,6,1,39,3,0,62
39,92,-8,1,26,1,0,93
39,93,18,1,53,3,0,38
39,94,-18,3,79,3,0,37
39,95,-6,1,74,3,0,90
39,96,3,0,82,3,0,96
39,97,0,1,66,3,0,55
39,98,-11,0,92,1,0,68
39,99,-10,1,83,1,0,34
39,100,-3,0,56,3,0,54
40,0,-20,1,11,1,0,66
40,1,-12,1,86,3,0,93
40,2,6,1,39,3,0,73
40,3,3,0,20,3,0,6
40,4,8,1,55,1,0,94
40,5,0,1,57,3,0,34
40,6,6,1,62,3,0,28
40,7,-9,0,76,3,0,76
40,8,-17,0,96,1,0,77
40,9,-3,0,56,3,0,31
40,10,12,1,73,3,0,39
40,12,12,1,8,3,0,15
40,13,-10,3,88,1,0,84
40,14,10,3,24,1,0,5
40,15,9,0,95,3,0,81
40,16,7,0,47,1,0,9
40,17,14,3,54,1,0,92
40,18,-10,1,83,1,0,27
40,19,-11,0,58,1,0,16
40,20,-8,1,26,1,0,59
40,21,2,1,94,1,0,55
40,22,6,3,30,3,0,4
40,23,-4,1,46,1,0,7
40,24,6,3,65,3,0,64
40,25,4,1,18,1,0,74
40,26,5,0,36,1,0,37
40,27,-11,0,92,1,0,54
40,28,13,0,5,1,0,24
40,29,18,1,53,3,0,48
40,30,-15,0,25,3,0,25
40,31,9,0,31,3,0,56
40,32,0,1,3,3,0,40
40,33,-7,0,87,1,0,78
40,34,-12,1,72,3,0,69
40,35,-5,0,17,1,0,13
40,36,0,1,66,3,0,11
40,37,-2,1,50,1,0,63
40,38,-18,3,79,3,0,68
40,39,0,1,59,3,0,26
40,40,14,1,51,1,0,38
40,41,-14,1,40,1,0,3
40,42,-5,0,33,1,0,22
40,43,-10,3,81,1,0,95
40,44,-14,3,6,1,0,20
40,45,3,0,82,3,0,100
40,46,12,1,29,3,0,32
40,47,-6,1,74,3,0,18
40,48,1,0,16,1,0,58
40,49,18,1,38,3,0,51
40,50,16,1,61,1,0,98
40,51,16,1,61,1,0,98
40,52,18,1,38,3,0,51
40,53,1,0,16,1,0,58
40,54,-6,1,74,3,0,18
40,55,12,1,29,3,0,32
40,56,3,0,82,3,0,100
40,57,-14,3,6,1,0,20
40,58,-10,3,81,1,0,95
40,59,-5,0,33,1,0,22
40,60,-14,1,40,1,0,3
40,61,14,1,51,1,0,38
40,62,0,1,59,3,0,26
40,63,-18,3,79,3,0,68
40,64,-2,1,50,1,0,63
40,65,0,1,66,3,0,11
40,66,-5,0,17,1,0,13
40,67,-12,1,72,3,0,69
40,68,-7,0,87,1,0,78
40,69,0,1,3,3,0,40
40,70,9,0,31,3,0,56
40,71,-15,0,25,3,0,25
40,72,18,1,53,3,0,48
40,73,13,0,5,1,0,24
40,74,-11,0,92,1,0,54
40,75,5,0,36,1,0,37
40,76,4,1,18,1,0,74
40,77,6,3,65,3,0,64
40,78,-4,1,46,1,0,7
40,79,6,3,30,3,0,4
40,80,2,1,94,1,0,55
40,81,-8,1,26,1,0,59
40,82,-11,0,58,1,0,16
40,83,-10,1,83,1,0,27
40,84,14,3,54,1,0,92
40,85,7,0,47,1,0,9
40,86,9,0,95,3,0,81
40,87,10,3,24,1,0,5
40,88,-10,3,88,1,0,84
40,89,12,1,8,3,0,15
40,91,12,1,73,3,0,39
40,92,-3,0,56,3,0,31
40,93,-17,0,96,1,0,77
40,94,-9,0,76,3,0,76
40,95,6,1,62,3,0,28
40,96,0,1,57,3,0,34
40,97,8,1,55,1,0,94
40,98,3,0,20,3,0,6
40,99,6,1,39,3,0,73
40,100,-12,1,86,3,0,93
41,0,20,1,11,1,0,55
41,1,-1,0,16,1,0,82
41,2,0,1,57,3,0,62
41,3,10,3,81,1,0,96
41,4,-12,1,73,3,0,83
41,5,18,3,79,3,0,23
41,6,-9,0,95,3,0,17
41,7,7,0,87,1,0,65
41,8,8,1,26,1,0,66
41,9,-13,0,5,1,0,20
41,10,-4,1,18,1,0,28
41,11,4,1,46,1,0,90
41,12,15,0,25,3,0,4
41,13,10,1,83,1,0,73
41,14,5,0,17,1,0,95
41,15,10,3,88,1,0,70
41,16,-14,1,51,1,0,99
41,17,17,0,96,1,0,81
41,18,-3,0,82,3,0,16
41,19,-3,0,20,3,0,5
41,20,-16,1,61,1,0,48
41,21,-6,1,39,3,0,44
41,22,-12,1,29,3,0,94
41,23,9,0,76,3,0,97
41,24,14,1,40,1,0,53
41,25,-12,1,8,3,0,63
41,26,0,1,66,3,0,26
41,27,-14,3,54,1,0,43
41,28,-9,0,31,3,0,13
41,29,-6,3,30,3,0,37
41,30,-5,0,36,1,0,14
41,31,11,0,92,1,0,45
41,32,-2,1,94,1,0,29
41,33,0,1,3,3,0,67
41,34,-7,0,47,1,0,58
41,35,2,1,50,1,0,2
41,37,5,0,33,1,0,52
41,38,-6,1,62,3,0,57
41,39,6,1,74,3,0,15
41,40,12,1,86,3,0,27
41,41,-18,1,38,3,0,93
41,42,-8,1,55,1,0,11
41,43,14,3,6,1,0,84
41,44,3,0,56,3,0,9
41,45,0,1,59,3,0,89
41,46,-10,3,24,1,0,21
41,47,12,1,72,3,0,7
41,48,11,0,58,1,0,47
41,49,-18,1,53,3,0,40
41,50,-6,3,65,3,0,87
41,51,-6,3,65,3,0,87
41,52,-18,1,53,3,0,40
41,53,11,0,58,1,0,47
41,54,12,1,72,3,0,7
41,55,-10,3,24,1,0,21
41,56,0,1,59,3,0,89
41,57,3,0,56,3,0,9
41,58,14,3,6,1,0,84
41,59,-8,1,55,1,0,11
41,60,-18,1,38,3,0,93
41,61,12,1,86,3,0,27
41,62,6,1,74,3,0,15
41,63,-6,1,62,3,0,57
41,64,5,0,33,1,0,52
41,66,2,1,50,1,0,2
41,67,-7,0,47,1,0,58
41,68,0,1,3,3,0,67
41,69,-2,1,94,1,0,29
41,70,11,0,92,1,0,45
41,71,-5,0,36,1,0,14
41,72,-6,3,30,3,0,37
41,73,-9,0,31,3,0,13
41,74,-14,3,54,1,0,43
41,75,0,1,66,3,0,26
41,76,-12,1,8,3,0,63
41,77,14,1,40,1,0,53
41,78,9,0,76,3,0,97
41,79,-12,1,29,3,0,94
41,80,-6,1,39,3,0,44
41,81,-16,1,61,1,0,48
41,82,-3,0,20,3,0,5
41,83,-3,0,82,3,0,16
41,84,17,0,96,1,0,81
41,85,-14,1,51,1,0,99
41,86,10,3,88,1,0,70
41,87,5,0,17,1,0,95
41,88,10,1,83,1,0,73
41,89,15,0,25,3,0,4
41,90,4,1,46,1,0,90
41,91,-4,1,18,1,0,28
41,92,-13,0,5,1,0,20
41,93,8,1,26,1,0,66
41,94,7,0,87,1,0,65
41,95,-9,0,95,3,0,17
41,96,18,3,79,3,0,23
41,97,-12,1,73,3,0,83
41,98,10,3,81,1,0,96
41,99,0,1,57,3,0,62
41,100,-1,0,16,1,0,82
42,0,-20,1,11,1,0,18
42,1,6,3,65,3,0,45
42,2,1,0,16,1,0,25
42,3,18,1,53,3,0,59
42,4,0,1,57,3,0,46
42,5,-11,0,58,1,0,87
42,6,-10,3,81,1,0,81
42,7,-12,1,72,3,0,28
42,8,12,1,73,3,0,29
42,9,10,3,24,1,0,84
42,10,-18,3,79,3,0,92
42,11,0,1,59,3,0,53
42,12,9,0,95,3,0,68
42,13,-3,0,56,3,0,36
42,14,-7,0,87,1,0,58
42,15,-14,3,6,1,0,33
42,16,-8,1,26,1,0,62
42,17,8,1,55,1,0,44
42,18,13,0,5,1,0,80
42,19,18,1,38,3,0,69
42,20,4,1,18,1,0,11
42,21,-12,1,86,3,0,7
42,22,-4,1,46,1,0,57
42,23,-6,1,74,3,0,60
42,24,-15,0,25,3,0,16
42,25,6,1,62,3,0,26
42,26,-10,1,83,1,0,90
42,27,-5,0,33,1,0,6
42,28,-5,0,17,1,0,77
42,30,-10,3,88,1,0,78
42,31,-2,1,50,1,0,8
42,32,14,1,51,1,0,93
42,33,7,0,47,1,0,30
42,34,-17,0,96,1,0,21
42,35,0,1,3,3,0,66
42,36,3,0,82,3,0,64
42,37,2,1,94,1,0,15
42,38,3,0,20,3,0,20
42,39,-11,0,92,1,0,79
42,40,16,1,61,1,0,91
42,41,5,0,36,1,0,56
42,42,6,1,39,3,0,75
42,43,6,3,30,3,0,47
42,44,12,1,29,3,0,73
42,45,9,0,31,3,0,52
42,46,-9,0,76,3,0,85
42,47,14,3,54,1,0,71
42,48,-14,1,40,1,0,10
42,49,0,1,66,3,0,3
42,50,12,1,8,3,0,50
42,51,12,1,8,3,0,50
42,52,0,1,66,3,0,3
42,53,-14,1,40,1,0,10
42,54,14,3,54,1,0,71
42,55,-9,0,76,3,0,85
42,56,9,0,31,3,0,52
42,57,12,1,29,3,0,73
42,58,6,3,30,3,0,47
42,59,6,1,39,3,0,75
42,60,5,0,36,1,0,56
42,61,16,1,61,1,0,91
42,62,-11,0,92,1,0,79
42,63,3,0,20,3,0,20
42,64,2,1,94,1,0,15
42,65,3,0,82,3,0,64
42,66,0,1,3,3,0,66
42,67,-17,0,96,1,0,21
42,68,7,0,47,1,0,30
42,69,14,1,51,1,0,93
42,70,-2,1,50,1,0,8
42,71,-10,3,88,1,0,78
42,73,-5,0,17,1,0,77
42,74,-5,0,33,1,0,6
42,75,-10,1,83,1,0,90
42,76,6,1,62,3,0,26
42,77,-15,0,25,3,0,16
42,78,-6,1,74,3,0,60
42,79,-4,1,46,1,0,57
42,80,-12,1,86,3,0,7
42,81,4,1,18,1,0,11
42,82,18,1,38,3,0,69
42,83,13,0,5,1,0,80
42,84,8,1,55,1,0,44
42,85,-8,1,26,1,0,62
42,86,-14,3,6,1,0,33
42,87,-7,0,87,1,0,58
42,88,-3,0,56,3,0,36
42,89,9,0,95,3,0,68
42,90,0,1,59,3,0,53
42,91,-18,3,79,3,0,92
42,92,10,3,24,1,0,84
42,93,12,1,73,3,0,29
42,94,-12,1,72,3,0,28
42,95,-10,3,81,1,0,81
42,96,-11,0,58,1,0,87
42,97,0,1,57,3,0,46
42,98,18,1,53,3,0,59
42,99,1,0,16,1,0,25
42,100,6,3,65,3,0,45
43,0,-2,3,11,1,0,80
43,1,7,0,12,1,0,6
43,2,17,0,67,1,0,87
43,3,15,0,44,3,0,20
43,4,-6,1,68,3,0,7
43,5,-10,1,52,1,0,48
43,6,-6,1,45,3,0,42
43,7,0,1,21,3,0,90
43,8,-16,1,13,1,0,91
43,9,2,3,42,1,0,45
43,10,-10,1,49,1,0,53
43,11,3,0,34,3,0,14
43,12,14,1,100,1,0,29
43,13,-2,1,77,1,0,98
43,14,-10,3,41,1,0,19
43,15,-11,0,89,1,0,95
43,16,2,3,69,1,0,23
43,17,-15,0,75,3,0,5
43,18,-4,1,19,1,0,41
43,19,19,0,63,1,0,30
43,20,12,1,84,3,0,73
43,21,-10,1,23,1,0,69
43,22,-2,1,4,1,0,18
43,23,3,0,90,3,0,21
43,24,13,0,32,1,0,78
43,25,-3,0,10,3,0,88
43,26,18,1,43,3,0,51
43,27,-18,3,7,3,0,68
43,28,14,1,71,1,0,38
43,29,2,1,37,1,0,62
43,30,0,1,64,3,0,39
43,31,-6,3,27,3,0,70
43,32,9,0,35,3,0,54
43,33,-15,0,93,3,0,92
43,34,8,1,97,1,0,83
43,35,10,1,70,1,0,27
43,36,-3,0,15,3,0,25
43,37,-6,3,98,3,0,77
43,38,-6,3,60,3,0,82
43,39,6,1,22,3,0,40
43,40,-15,0,48,3,0,52
43,41,6,3,28,3,0,17
43,42,-3,0,2,3,0,36
43,43,-8,1,9,1,0,8
43,44,-4,1,14,1,0,34
43,45,7,0,91,1,0,13
43,46,10,1,85,1,0,46
43,47,-12,1,78,3,0,32
43,48,18,1,1,3,0,72
43,49,-1,0,99,1,0,65
43,50,-12,1,80,3,0,11
43,51,-12,1,80,3,0,11
43,52,-1,0,99,1,0,65
43,53,18,1,1,3,0,72
43,54,-12,1,78,3,0,32
43,55,10,1,85,1,0,46
43,56,7,0,91,1,0,13
43,57,-4,1,14,1,0,34
43,58,-8,1,9,1,0,8
43,59,-3,0,2,3,0,36
43,60,6,3,28,3,0,17
43,61,-15,0,48,3,0,52
43,62,6,1,22,3,0,40
43,63,-6,3,60,3,0,82
43,64,-6,3,98,3,0,77
43,65,-3,0,15,3,0,25
43,66,10,1,70,1,0,27
43,67,8,1,97,1,0,83
43,68,-15,0,93,3,0,92
43,69,9,0,35,3,0,54
43,70,-6,3,27,3,0,70
43,71,0,1,64,3,0,39
43,72,2,1,37,1,0,62
43,73,14,1,71,1,0,38
43,74,-18,3,7,3,0,68
43,75,18,1,43,3,0,51
43,76,-3,0,10,3,0,88
43,77,13,0,32,1,0,78
43,78,3,0,90,3,0,21
43,79,-2,1,4,1,0,18
43,80,-10,1,23,1,0,69
43,81,12,1,84,3,0,73
43,82,19,0,63,1,0,30
43,83,-4,1,19,1,0,41
43,84,-15,0,75,3,0,5
43,85,2,3,69,1,0,23
43,86,-11,0,89,1,0,95
43,87,-10,3,41,1,0,19
43,88,-2,1,77,1,0,98
43,89,14,1,100,1,0,29
43,90,3,0,34,3,0,14
43,91,-10,1,49,1,0,53
43,92,2,3,42,1,0,45
43,93,-16,1,13,1,0,91
43,94,0,1,21,3,0,90
43,95,-6,1,45,3,0,42
43,96,-10,1,52,1,0,48
43,97,-6,1,68,3,0,7
43,98,15,0,44,3,0,20
43,99,17,0,67,1,0,87
43,100,7,0,12,1,0,6
44,0,-20,1,11,1,0,63
44,1,18,1,38,3,0,90
44,2,3,0,20,3,0,70
44,3,12,1,29,3,0,3
44,4,6,1,62,3,0,91
44,5,-10,3,81,1,0,31
44,6,-3,0,56,3,0,25
44,7,14,1,51,1,0,73
44,8,12,1,8,3,0,74
44,9,-2,1,50,1,0,28
44,10,9,0,95,3,0,36
44,11,-12,1,72,3,0,98
44,12,-10,1,83,1,0,12
44,13,9,0,31,3,0,81
44,14,2,1,94,1,0,2
44,15,13,0,5,1,0,78
44,16,6,3,65,3,0,6
44,17,4,1,18,1,0,89
44,18,-11,0,92,1,0,24
44,19,6,3,30,3,0,13
44,20,-15,0,25,3,0,56
44,21,-11,0,58,1,0,52
44,22,-7,0,87,1,0,1
44,23,7,0,47,1,0,4
44,24,0,1,66,3,0,61
44,25,-10,3,88,1,0,71
44,26,0,1,59,3,0,34
44,27,12,1,73,3,0,51
44,28,-5,0,33,1,0,21
44,29,-9,0,76,3,0,45
44,30,3,0,82,3,0,22
44,31,8,1,55,1,0,53
44,32,1,0,16,1,0,37
44,33,-12,1,86,3,0,75
44,34,16,1,61,1,0,66
44,35,6,1,39,3,0,10
44,36,-6,1,74,3,0,8
44,37,0,1,57,3,0,60
44,38,-14,3,6,1,0,65
44,39,-17,0,96,1,0,23
44,40,-14,1,40,1,0,35
44,42,-18,3,79,3,0,19
44,43,10,3,24,1,0,92
44,44,-5,0,17,1,0,17
44,45,14,3,54,1,0,97
44,46,0,1,3,3,0,29
44,47,-8,1,26,1,0,15
44,48,18,1,53,3,0,55
44,49,-4,1,46,1,0,48
44,50,5,0,36,1,0,95
44,51,5,0,36,1,0,95
44,52,-4,1,46,1,0,48
44,53,18,1,53,3,0,55
44,54,-8,1,26,1,0,15
44,55,0,1,3,3,0,29
44,56,14,3,54,1,0,97
44,57,-5,0,17,1,0,17
44,58,10,3,24,1,0,92
44,59,-18,3,79,3,0,19
44,61,-14,1,40,1,0,35
44,62,-17,0,96,1,0,23
44,63,-14,3,6,1,0,65
44,64,0,1,57,3,0,60
44,65,-6,1,74,3,0,8
44,66,6,1,39,3,0,10
44,67,16,1,61,1,0,66
44,68,-12,1,86,3,0,75
44,69,1,0,16,1,0,37
44,70,8,1,55,1,0,53
44,71,3,0,82,3,0,22
44,72,-9,0,76,3,0,45
44,73,-5,0,33,1,0,21
44,74,12,1,73,3,0,51
44,75,0,1,59,3,0,34
44,76,-10,3,88,1,0,71
44,77,0,1,66,3,0,61
44,78,7,0,47,1,0,4
44,79,-7,0,87,1,0,1
44,80,-11,0,58,1,0,52
44,81,-15,0,25,3,0,56
44,82,6,3,30,3,0,13
44,83,-11,0,92,1,0,24
44,84,4,1,18,1,0,89
44,85,6,3,65,3,0,6
44,86,13,0,5,1,0,78
44,87,2,1,94,1,0,2
44,88,9,0,31,3,0,81
44,89,-10,1,83,1,0,12
44,90,-12,1,72,3,0,98
44,91,9,0,95,3,0,36
44,92,-2,1,50,1,0,28
44,93,12,1,8,3,0,74
44,94,14,1,51,1,0,73
44,95,-3,0,56,3,0,25
44,96,-10,3,81,1,0,31
44,97,6,1,62,3,0,91
44,98,12,1,29,3,0,3
44,99,3,0,20,3,0,70
44,100,18,1,38,3,0,90
45,0,-2,3,11,1,0,92
45,1,-6,1,45,3,0,18
45,2,14,1,100,1,0,99
45,3,-4,1,19,1,0,32
45,4,13,0,32,1,0,19
45,5,0,1,64,3,0,60
45,6,-3,0,15,3,0,54
45,7,-3,0,2,3,0,1
45,8,18,1,1,3,0,2
45,9,-12,1,78,3,0,57
45,10,6,3,28,3,0,65
45,11,10,1,70,1,0,26
45,12,2,1,37,1,0,41
45,13,3,0,90,3,0,9
45,14,-15,0,75,3,0,31
45,15,3,0,34,3,0,6
45,16,-10,1,52,1,0,35
45,17,7,0,12,1,0,17
45,18,0,1,21,3,0,53
45,19,-2,1,77,1,0,42
45,20,19,0,63,1,0,85
45,21,-3,0,10,3,0,81
45,22,-6,3,27,3,0,30
45,23,-6,3,98,3,0,33
45,24,-8,1,9,1,0,90
45,25,-1,0,99,1,0,100
45,26,10,1,85,1,0,63
45,27,-15,0,48,3,0,80
45,28,8,1,97,1,0,50
45,29,14,1,71,1,0,74
45,30,-2,1,4,1,0,51
45,31,2,3,69,1,0,82
45,32,-10,1,49,1,0,66
45,33,-6,1,68,3,0,3
45,34,17,0,67,1,0,95
45,35,-16,1,13,1,0,39
45,36,-10,3,41,1,0,37
45,37,12,1,84,3,0,89
45,38,18,1,43,3,0,94
45,39,9,0,35,3,0,52
45,40,-6,3,60,3,0,64
45,41,-4,1,14,1,0,29
45,42,-12,1,80,3,0,48
45,43,7,0,91,1,0,20
45,44,6,1,22,3,0,46
45,45,-15,0,93,3,0,25
45,46,-18,3,7,3,0,58
45,47,-10,1,23,1,0,44
45,48,-11,0,89,1,0,84
45,49,2,3,42,1,0,77
45,50,15,0,44,3,0,23
45,51,15,0,44,3,0,23
45,52,2,3,42,1,0,77
45,53,-11,0,89,1,0,84
45,54,-10,1,23,1,0,44
45,55,-18,3,7,3,0,58
45,56,-15,0,93,3,0,25
45,57,6,1,22,3,0,46
45,58,7,0,91,1,0,20
45,59,-12,1,80,3,0,48
45,60,-4,1,14,1,0,29
45,61,-6,3,60,3,0,64
45,62,9,0,35,3,0,52
45,63,18,1,43,3,0,94
45,64,12,1,84,3,0,89
45,65,-10,3,41,1,0,37
45,66,-16,1,13,1,0,39
45,67,17,0,67,1,0,95
45,68,-6,1,68,3,0,3
45,69,-10,1,49,1,0,66
45,70,2,3,69,1,0,82
45,71,-2,1,4,1,0,51
45,72,14,1,71,1,0,74
45,73,8,1,97,1,0,50
45,74,-15,0,48,3,0,80
45,75,10,1,85,1,0,63
45,76,-1,0,99,1,0,100
45,77,-8,1,9,1,0,90
45,78,-6,3,98,3,0,33
45,79,-6,3,27,3,0,30
45,80,-3,0,10,3,0,81
45,81,19,0,63,1,0,85
45,82,-2,1,77,1,0,42
45,83,0,1,21,3,0,53
45,84,7,0,12,1,0,17
45,85,-10,1,52,1,0,35
45,86,3,0,34,3,0,6
45,87,-15,0,75,3,0,31
45,88,3,0,90,3,0,9
45,89,2,1,37,1,0,41
45,90,10,1,70,1,0,26
45,91,6,3,28,3,0,65
45,92,-12,1,78,3,0,57
45,93,18,1,1,3,0,2
45,94,-3,0,2,3,0,1
45,95,-3,0,15,3,0,54
45,96,0,1,64,3,0,60
45,97,13,0,32,1,0,19
45,98,-4,1,19,1,0,32
45,99,14,1,100,1,0,99
45,100,-6,1,45,3,0,18
46,0,-20,1,11,1,0,90
46,1,10,3,24,1,0,16
46,2,13,0,5,1,0,97
46,3,-5,0,33,1,0,30
46,4,3,0,82,3,0,17
46,5,9,0,31,3,0,58
46,6,14,3,54,1,0,52
46,7,3,0,20,3,0,100
46,9,4,1,18,1,0,55
46,10,0,1,59,3,0,63
46,11,1,0,16,1,0,24
46,12,-12,1,72,3,0,39
46,13,-8,1,26,1,0,7
46,14,6,1,62,3,0,29
46,15,-17,0,96,1,0,4
46,16,6,3,30,3,0,33
46,17,0,1,66,3,0,15
46,18,16,1,61,1,0,51
46,19,-2,1,50,1,0,40
46,20,-4,1,46,1,0,83
46,21,-3,0,56,3,0,79
46,22,0,1,57,3,0,28
46,23,-11,0,58,1,0,31
46,24,-7,0,87,1,0,88
46,25,-6,1,74,3,0,98
46,26,14,1,51,1,0,61
46,27,5,0,36,1,0,78
46,28,12,1,8,3,0,48
46,29,6,1,39,3,0,72
46,30,7,0,47,1,0,49
46,31,-15,0,25,3,0,80
46,32,-14,3,6,1,0,64
46,33,-10,3,81,1,0,1
46,34,18,1,53,3,0,93
46,35,9,0,95,3,0,37
46,36,-12,1,86,3,0,35
46,37,-10,3,88,1,0,87
46,38,-11,0,92,1,0,92
46,39,-14,1,40,1,0,50
46,40,12,1,29,3,0,62
46,41,0,1,3,3,0,27
46,42,-10,1,83,1,0,46
46,43,8,1,55,1,0,18
46,44,12,1,73,3,0,44
46,45,6,3,65,3,0,23
46,46,-18,3,79,3,0,56
46,47,18,1,38,3,0,42
46,48,-5,0,17,1,0,82
46,49,2,1,94,1,0,75
46,50,-9,0,76,3,0,21
46,51,-9,0,76,3,0,21
46,52,2,1,94,1,0,75
46,53,-5,0,17,1,0,82
46,54,18,1,38,3,0,42
46,55,-18,3,79,3,0,56
46,56,6,3,65,3,0,23
46,57,12,1,73,3,0,44
46,58,8,1,55,1,0,18
46,59,-10,1,83,1,0,46
46,60,0,1,3,3,0,27
46,61,12,1,29,3,0,62
46,62,-14,1,40,1,0,50
46,63,-11,0,92,1,0,92
46,64,-10,3,88,1,0,87
46,65,-12,1,86,3,0,35
46,66,9,0,95,3,0,37
46,67,18,1,53,3,0,93
46,68,-10,3,81,1,0,1
46,69,-14,3,6,1,0,64
46,70,-15,0,25,3,0,80
46,71,7,0,47,1,0,49
46,72,6,1,39,3,0,72
46,73,12,1,8,3,0,48
46,74,5,0,36,1,0,78
46,75,14,1,51,1,0,61
46,76,-6,1,74,3,0,98
46,77,-7,0,87,1,0,88
46,78,-11,0,58,1,0,31
46,79,0,1,57,3,0,28
46,80,-3,0,56,3,0,79
46,81,-4,1,46,1,0,83
46,82,-2,1,50,1,0,40
46,83,16,1,61,1,0,51
46,84,0,1,66,3,0,15
46,85,6,3,30,3,0,33
46,86,-17,0,96,1,0,4
46,87,6,1,62,3,0,29
46,88,-8,1,26,1,0,7
46,89,-12,1,72,3,0,39
46,90,1,0,16,1,0,24
46,91,0,1,59,3,0,63
46,92,4,1,18,1,0,55
46,94,3,0,20,3,0,100
46,95,14,3,54,1,0,52
46,96,9,0,31,3,0,58
46,97,3,0,82,3,0,17
46,98,-5,0,33,1,0,30
46,99,13,0,5,1,0,97
46,100,10,3,24,1,0,16
47,0,-2,3,11,1,0,81
47,1,12,1,84,3,0,7
47,2,-15,0,48,3,0,88
47,3,6,3,28,3,0,21
47,4,-10,1,23,1,0,8
47,5,7,0,12,1,0,49
47,6,19,0,63,1,0,43
47,7,6,1,22,3,0,91
47,8,-3,0,2,3,0,92
47,9,-2,1,4,1,0,46
47,10,17,0,67,1,0,54
47,11,-4,1,19,1,0,15
47,12,-6,3,60,3,0,30
47,13,-8,1,9,1,0,99
47,14,3,0,90,3,0,20
47,15,15,0,44,3,0,96
47,16,-15,0,75,3,0,24
47,17,-6,3,98,3,0,6
47,18,-4,1,14,1,0,42
47,19,13,0,32,1,0,31
47,20,-6,1,68,3,0,74
47,21,2,3,69,1,0,70
47,22,-3,0,15,3,0,19
47,23,7,0,91,1,0,22
47,24,-3,0,10,3,0,79
47,25,-10,1,52,1,0,89
47,26,-11,0,89,1,0,52
47,27,10,1,70,1,0,69
47,28,10,1,85,1,0,39
47,29,18,1,43,3,0,63
47,30,-6,1,45,3,0,40
47,31,-10,3,41,1,0,71
47,32,8,1,97,1,0,55
47,33,-12,1,78,3,0,93
47,34,-18,3,7,3,0,84
47,35,0,1,21,3,0,28
47,36,-2,1,77,1,0,26
47,37,-15,0,93,3,0,78
47,38,18,1,1,3,0,83
47,39,14,1,71,1,0,41
47,40,-16,1,13,1,0,53
47,41,14,1,100,1,0,18
47,42,9,0,35,3,0,37
47,43,-1,0,99,1,0,9
47,44,2,1,37,1,0,35
47,45,2,3,42,1,0,14
47,46,3,0,34,3,0,47
47,47,-6,3,27,3,0,33
47,48,-12,1,80,3,0,73
47,49,0,1,64,3,0,66
47,50,-10,1,49,1,0,12
47,51,-10,1,49,1,0,12
47,52,0,1,64,3,0,66
47,53,-12,1,80,3,0,73
47,54,-6,3,27,3,0,33
47,55,3,0,34,3,0,47
47,56,2,3,42,1,0,14
47,57,2,1,37,1,0,35
47,58,-1,0,99,1,0,9
47,59,9,0,35,3,0,37
47,60,14,1,100,1,0,18
47,61,-16,1,13,1,0,53
47,62,14,1,71,1,0,41
47,63,18,1,1,3,0,83
47,64,-15,0,93,3,0,78
47,65,-2,1,77,1,0,26
47,66,0,1,21,3,0,28
47,67,-18,3,7,3,0,84
47,68,-12,1,78,3,0,93
47,69,8,1,97,1,0,55
47,70,-10,3,41,1,0,71
47,71,-6,1,45,3,0,40
47,72,18,1,43,3,0,63
47,73,10,1,85,1,0,39
47,74,10,1,70,1,0,69
47,75,-11,0,89,1,0,52
47,76,-10,1,52,1,0,89
47,77,-3,0,10,3,0,79
47,78,7,0,91,1,0,22
47,79,-3,0,15,3,0,19
47,80,2,3,69,1,0,70
47,81,-6,1,68,3,0,74
47,82,13,0,32,1,0,31
47,83,-4,1,14,1,0,42
47,84,-6,3,98,3,0,6
47,85,-15,0,75,3,0,24
47,86,15,0,44,3,0,96
47,87,3,0,90,3,0,20
47,88,-8,1,9,1,0,99
47,89,-6,3,60,3,0,30
47,90,-4,1,19,1,0,15
47,91,17,0,67,1,0,54
47,92,-2,1,4,1,0,46
47,93,-3,0,2,3,0,92
47,94,6,1,22,3,0,91
47,95,19,0,63,1,0,43
47,96,7,0,12,1,0,49
47,97,-10,1,23,1,0,8
47,98,6,3,28,3,0,21
47,99,-15,0,48,3,0,88
47,100,12,1,84,3,0,7
48,0,20,1,11,1,0,89
48,1,12,1,72,3,0,15
48,2,7,0,87,1,0,96
48,3,12,1,86,3,0,29
48,4,5,0,17,1,0,16
48,5,0,1,3,3,0,57
48,6,-6,1,39,3,0,51
48,7,0,1,66,3,0,99
48,8,-9,0,31,3,0,100
48,9,-3,0,20,3,0,54
48,10,2,1,50,1,0,62
48,11,15,0,25,3,0,23
48,12,-8,1,55,1,0,38
48,13,18,3,79,3,0,6
48,14,-18,1,53,3,0,28
48,15,0,1,57,3,0,3
48,16,0,1,59,3,0,32
48,17,-13,0,5,1,0,14
48,18,-6,1,62,3,0,50
48,19,-14,1,51,1,0,39
48,20,11,0,92,1,0,82
48,21,9,0,76,3,0,78
48,22,14,1,40,1,0,27
48,23,-5,0,36,1,0,30
48,24,17,0,96,1,0,87
48,25,5,0,33,1,0,97
48,26,-4,1,18,1,0,60
48,27,3,0,56,3,0,77
48,28,10,3,81,1,0,47
48,29,-6,3,65,3,0,71
48,30,-12,1,73,3,0,48
48,31,14,3,6,1,0,79
48,32,4,1,46,1,0,63
48,34,-3,0,82,3,0,92
48,35,-6,3,30,3,0,36
48,36,-12,1,8,3,0,34
48,37,-12,1,29,3,0,86
48,38,-2,1,94,1,0,91
48,39,10,3,88,1,0,49
48,40,6,1,74,3,0,61
48,41,8,1,26,1,0,26
48,42,-10,3,24,1,0,45
48,43,-1,0,16,1,0,17
48,44,11,0,58,1,0,43
48,45,-9,0,95,3,0,22
48,46,-18,1,38,3,0,55
48,47,10,1,83,1,0,41
48,48,-7,0,47,1,0,81
48,49,-16,1,61,1,0,74
48,50,-14,3,54,1,0,20
48,51,-14,3,54,1,0,20
48,52,-16,1,61,1,0,74
48,53,-7,0,47,1,0,81
48,54,10,1,83,1,0,41
48,55,-18,1,38,3,0,55
48,56,-9,0,95,3,0,22
48,57,11,0,58,1,0,43
48,58,-1,0,16,1,0,17
48,59,-10,3,24,1,0,45
48,60,8,1,26,1,0,26
48,61,6,1,74,3,0,61
48,62,10,3,88,1,0,49
48,63,-2,1,94,1,0,91
48,64,-12,1,29,3,0,86
48,65,-12,1,8,3,0,34
48,66,-6,3,30,3,0,36
48,67,-3,0,82,3,0,92
48,69,4,1,46,1,0,63
48,70,14,3,6,1,0,79
48,71,-12,1,73,3,0,48
48,72,-6,3,65,3,0,71
48,73,10,3,81,1,0,47
48,74,3,0,56,3,0,77
48,75,-4,1,18,1,0,60
48,76,5,0,33,1,0,97
48,77,17,0,96,1,0,87
48,78,-5,0,36,1,0,30
48,79,14,1,40,1,0,27
48,80,9,0,76,3,0,78
48,81,11,0,92,1,0,82
48,82,-14,1,51,1,0,39
48,83,-6,1,62,3,0,50
48,84,-13,0,5,1,0,14
48,85,0,1,59,3,0,32
48,86,0,1,57,3,0,3
48,87,-18,1,53,3,0,28
48,88,18,3,79,3,0,6
48,89,-8,1,55,1,0,38
48,90,15,0,25,3,0,23
48,91,2,1,50,1,0,62
48,92,-3,0,20,3,0,54
48,93,-9,0,31,3,0,100
48,94,0,1,66,3,0,99
48,95,-6,1,39,3,0,51
48,96,0,1,3,3,0,57
48,97,5,0,17,1,0,16
48,98,12,1,86,3,0,29
48,99,7,0,87,1,0,96
48,100,12,1,72,3,0,15
49,0,-2,3,11,1,0,37
49,1,3,0,90,3,0,64
49,2,10,1,85,1,0,44
49,3,9,0,35,3,0,78
49,4,2,3,42,1,0,65
49,5,-10,3,41,1,0,5
49,6,-6,3,98,3,0,100
49,7,6,3,28,3,0,47
49,8,-4,1,19,1,0,48
49,9,-10,1,52,1,0,2
49,10,14,1,71,1,0,10
49,11,-12,1,80,3,0,72
49,12,-18,3,7,3,0,87
49,13,-6,1,68,3,0,55
49,14,19,0,63,1,0,77
49,15,-3,0,2,3,0,52
49,16,-3,0,15,3,0,81
49,17,-2,1,77,1,0,63
49,18,-10,1,49,1,0,99
49,19,-15,0,93,3,0,88
49,20,7,0,91,1,0,30
49,21,-2,1,4,1,0,26
49,22,7,0,12,1,0,76
49,23,13,0,32,1,0,79
49,24,-12,1,78,3,0,35
49,25,-6,3,27,3,0,45
49,26,-16,1,13,1,0,8
49,27,-11,0,89,1,0,25
49,28,-6,3,60,3,0,96
49,29,-15,0,48,3,0,19
49,30,-15,0,75,3,0,97
49,31,-6,1,45,3,0,27
49,32,2,1,37,1,0,11
49,33,-1,0,99,1,0,49
49,34,18,1,43,3,0,40
49,35,15,0,44,3,0,85
49,36,12,1,84,3,0,83
49,37,-8,1,9,1,0,34
49,38,10,1,70,1,0,39
49,39,14,1,100,1,0,98
49,40,3,0,34,3,0,9
49,41,8,1,97,1,0,75
49,42,-4,1,14,1,0,94
49,43,-10,1,23,1,0,66
49,44,17,0,67,1,0,92
49,45,-3,0,10,3,0,71
49,46,18,1,1,3,0,3
49,47,0,1,64,3,0,90
49,48,0,1,21,3,0,29
49,49,2,3,69,1,0,22
49,50,6,1,22,3,0,69
49,51,6,1,22,3,0,69
49,52,2,3,69,1,0,22
49,53,0,1,21,3,0,29
49,54,0,1,64,3,0,90
49,55,18,1,1,3,0,3
49,56,-3,0,10,3,0,71
49,57,17,0,67,1,0,92
49,58,-10,1,23,1,0,66
49,59,-4,1,14,1,0,94
49,60,8,1,97,1,0,75
49,61,3,0,34,3,0,9
49,62,14,1,100,1,0,98
49,63,10,1,70,1,0,39
49,64,-8,1,9,1,0,34
49,65,12,1,84,3,0,83
49,66,15,0,44,3,0,85
49,67,18,1,43,3,0,40
49,68,-1,0,99,1,0,49
49,69,2,1,37,1,0,11
49,70,-6,1,45,3,0,27
49,71,-15,0,75,3,0,97
49,72,-15,0,48,3,0,19
49,73,-6,3,60,3,0,96
49,74,-11,0,89,1,0,25
49,75,-16,1,13,1,0,8
49,76,-6,3,27,3,0,45
49,77,-12,1,78,3,0,35
49,78,13,0,32,1,0,79
49,79,7,0,12,1,0,76
49,80,-2,1,4,1,0,26
49,81,7,0,91,1,0,30
49,82,-15,0,93,3,0,88
49,83,-10,1,49,1,0,99
49,84,-2,1,77,1,0,63
49,85,-3,0,15,3,0,81
49,86,-3,0,2,3,0,52
49,87,19,0,63,1,0,77
49,88,-6,1,68,3,0,55
49,89,-18,3,7,3,0,87
49,90,-12,1,80,3,0,72
49,91,14,1,71,1,0,10
49,92,-10,1,52,1,0,2
49,93,-4,1,19,1,0,48
49,94,6,3,28,3,0,47
49,95,-6,3,98,3,0,100
49,96,-10,3,41,1,0,5
49,97,2,3,42,1,0,65
49,98,9,0,35,3,0,78
49,99,10,1,85,1,0,44
49,100,3,0,90,3,0,64
50,0,20,1,11,1,0,50
50,1,-5,0,36,1,0,77
50,2,-18,1,38,3,0,57
50,3,4,1,46,1,0,91
50,4,-3,0,20,3,0,78
50,5,-18,1,53,3,0,18
50,6,-12,1,29,3,0,12
50,7,8,1,26,1,0,60
50,8,-6,1,62,3,0,61
50,9,0,1,3,3,0,15
50,10,10,3,81,1,0,23
50,11,-14,3,54,1,0,85
50,12,3,0,56,3,0,100
50,13,5,0,17,1,0,68
50,14,-14,1,51,1,0,90
50,15,-10,3,24,1,0,65
50,16,-12,1,8,3,0,94
50,17,18,3,79,3,0,76
50,18,2,1,50,1,0,11
50,20,-9,0,95,3,0,43
50,21,14,1,40,1,0,39
50,22,12,1,72,3,0,89
50,23,17,0,96,1,0,92
50,24,10,1,83,1,0,48
50,25,14,3,6,1,0,58
50,26,-9,0,31,3,0,21
50,27,0,1,57,3,0,38
50,28,-2,1,94,1,0,8
50,29,6,1,74,3,0,32
50,30,-13,0,5,1,0,9
50,31,-6,1,39,3,0,40
50,32,-6,3,65,3,0,24
50,33,-16,1,61,1,0,62
50,34,-4,1,18,1,0,53
50,35,12,1,86,3,0,98
50,36,11,0,92,1,0,96
50,37,-1,0,16,1,0,47
50,38,-6,3,30,3,0,52
50,39,-8,1,55,1,0,10
50,40,15,0,25,3,0,22
50,41,-3,0,82,3,0,88
50,42,11,0,58,1,0,6
50,43,9,0,76,3,0,79
50,44,7,0,87,1,0,4
50,45,5,0,33,1,0,84
50,46,-7,0,47,1,0,16
50,47,-12,1,73,3,0,2
50,48,0,1,66,3,0,42
50,49,0,1,59,3,0,35
50,50,10,3,88,1,0,82
50,51,10,3,88,1,0,82
50,52,0,1,59,3,0,35
50,53,0,1,66,3,0,42
50,54,-12,1,73,3,0,2
50,55,-7,0,47,1,0,16
50,56,5,0,33,1,0,84
50,57,7,0,87,1,0,4
50,58,9,0,76,3,0,79
50,59,11,0,58,1,0,6
50,60,-3,0,82,3,0,88
50,61,15,0,25,3,0,22
50,62,-8,1,55,1,0,10
50,63,-6,3,30,3,0,52
50,64,-1,0,16,1,0,47
50,65,11,0,92,1,0,96
50,66,12,1,86,3,0,98
50,67,-4,1,18,1,0,53
50,68,-16,1,61,1,0,62
50,69,-6,3,65,3,0,24
50,70,-6,1,39,3,0,40
50,71,-13,0,5,1,0,9
50,72,6,1,74,3,0,32
50,73,-2,1,94,1,0,8
50,74,0,1,57,3,0,38
50,75,-9,0,31,3,0,21
50,76,14,3,6,1,0,58
50,77,10,1,83,1,0,48
50,78,17,0,96,1,0,92
50,79,12,1,72,3,0,89
50,80,14,1,40,1,0,39
50,81,-9,0,95,3,0,43
50,83,2,1,50,1,0,11
50,84,18,3,79,3,0,76
50,85,-12,1,8,3,0,94
50,86,-10,3,24,1,0,65
50,87,-14,1,51,1,0,90
50,88,5,0,17,1,0,68
50,89,3,0,56,3,0,100
50,90,-14,3,54,1,0,85
50,91,10,3,81,1,0,23
50,92,0,1,3,3,0,15
50,93,-6,1,62,3,0,61
50,94,8,1,26,1,0,60
50,95,-12,1,29,3,0,12
50,96,-18,1,53,3,0,18
50,97,-3,0,20,3,0,78
50,98,4,1,46,1,0,91
50,99,-18,1,38,3,0,57
50,100,-5,0,36,1,0,77
51,0,-20,1,11,1,0,51
51,1,-10,3,81,1,0,78
51,2,9,0,95,3,0,58
51,3,13,0,5,1,0,92
51,4,-15,0,25,3,0,79
51,5,-10,3,88,1,0,19
51,6,3,0,82,3,0,13
51,7,6,1,39,3,0,61
51,8,-14,1,40,1,0,62
51,9,14,3,54,1,0,16
51,10,5,0,36,1,0,24
51,11,0,1,3,3,0,86
51,13,-6,1,74,3,0,69
51,14,8,1,55,1,0,91
51,15,0,1,59,3,0,66
51,16,-11,0,58,1,0,95
51,17,6,3,65,3,0,77
51,18,-12,1,72,3,0,12
51,19,-3,0,56,3,0,1
51,20,18,1,38,3,0,44
51,21,6,1,62,3,0,40
51,22,-2,1,50,1,0,90
51,23,2,1,94,1,0,93
51,24,6,3,30,3,0,49
51,25,0,1,66,3,0,59
51,26,-9,0,76,3,0,22
51,27,16,1,61,1,0,39
51,28,-17,0,96,1,0,9
51,29,-5,0,17,1,0,33
51,30,-4,1,46,1,0,10
51,31,-8,1,26,1,0,41
51,32,-18,3,79,3,0,25
51,33,0,1,57,3,0,63
51,34,1,0,16,1,0,54
51,35,12,1,73,3,0,99
51,36,-7,0,87,1,0,97
51,37,4,1,18,1,0,48
51,38,-10,1,83,1,0,53
51,39,14,1,51,1,0,11
51,40,3,0,20,3,0,23
51,41,12,1,29,3,0,89
51,42,12,1,8,3,0,7
51,43,9,0,31,3,0,80
51,44,-11,0,92,1,0,5
51,45,7,0,47,1,0,85
51,46,-5,0,33,1,0,17
51,47,-12,1,86,3,0,3
51,48,-14,3,6,1,0,43
51,49,10,3,24,1,0,36
51,50,18,1,53,3,0,83
51,51,18,1,53,3,0,83
51,52,10,3,24,1,0,36
51,53,-14,3,6,1,0,43
51,54,-12,1,86,3,0,3
51,55,-5,0,33,1,0,17
51,56,7,0,47,1,0,85
51,57,-11,0,92,1,0,5
51,58,9,0,31,3,0,80
51,59,12,1,8,3,0,7
51,60,12,1,29,3,0,89
51,61,3,0,20,3,0,23
51,62,14,1,51,1,0,11
51,63,-10,1,83,1,0,53
51,64,4,1,18,1,0,48
51,65,-7,0,87,1,0,97
51,66,12,1,73,3,0,99
51,67,1,0,16,1,0,54
51,68,0,1,57,3,0,63
51,69,-18,3,79,3,0,25
51,70,-8,1,26,1,0,41
51,71,-4,1,46,1,0,10
51,72,-5,0,17,1,0,33
51,73,-17,0,96,1,0,9
51,74,16,1,61,1,0,39
51,75,-9,0,76,3,0,22
51,76,0,1,66,3,0,59
51,77,6,3,30,3,0,49
51,78,2,1,94,1,0,93
51,79,-2,1,50,1,0,90
51,80,6,1,62,3,0,40
51,81,18,1,38,3,0,44
51,82,-3,0,56,3,0,1
51,83,-12,1,72,3,0,12
51,84,6,3,65,3,0,77
51,85,-11,0,58,1,0,95
51,86,0,1,59,3,0,66
51,87,8,1,55,1,0,91
51,88,-6,1,74,3,0,69
51,90,0,1,3,3,0,86
51,91,5,0,36,1,0,24
51,92,14,3,54,1,0,16
51,93,-14,1,40,1,0,62
51,94,6,1,39,3,0,61
51,95,3,0,82,3,0,13
51,96,-10,3,88,1,0,19
51,97,-15,0,25,3,0,79
51,98,13,0,5,1,0,92
51,99,9,0,95,3,0,58
51,100,-10,3,81,1,0,78
52,0,2,3,11,1,0,64
52,1,-14,1,71,1,0,91
52,2,-7,0,91,1,0,71
52,3,15,0,75,3,0,4
52,4,-3,0,34,3,0,92
52,5,-6,1,22,3,0,32
52,6,-8,1,97,1,0,26
52,7,6,1,45,3,0,74
52,8,2,1,4,1,0,75
52,9,12,1,80,3,0,29
52,10,-3,0,90,3,0,37
52,11,10,1,52,1,0,99
52,12,15,0,93,3,0,13
52,13,15,0,48,3,0,82
52,14,-14,1,100,1,0,3
52,15,-2,3,69,1,0,79
52,16,4,1,14,1,0,7
52,17,-2,1,37,1,0,90
52,18,-7,0,12,1,0,25
52,19,18,3,7,3,0,14
52,20,-10,1,85,1,0,57
52,21,4,1,19,1,0,53
52,22,10,1,49,1,0,2
52,23,6,3,60,3,0,5
52,24,-10,1,70,1,0,62
52,25,0,1,21,3,0,72
52,26,10,1,23,1,0,35
52,27,1,0,99,1,0,52
52,28,-13,0,32,1,0,22
52,29,6,1,68,3,0,46
52,30,-9,0,35,3,0,23
52,31,-6,3,28,3,0,54
52,32,2,1,77,1,0,38
52,33,11,0,89,1,0,76
52,34,8,1,9,1,0,67
52,35,0,1,64,3,0,11
52,36,-17,0,67,1,0,9
52,37,-18,1,43,3,0,61
52,38,12,1,78,3,0,66
52,39,-19,0,63,1,0,24
52,40,-2,3,42,1,0,36
52,41,6,3,98,3,0,1
52,42,3,0,15,3,0,20
52,43,16,1,13,1,0,93
52,44,-12,1,84,3,0,18
52,45,-18,1,1,3,0,98
52,46,3,0,10,3,0,30
52,47,-15,0,44,3,0,16
52,48,6,3,27,3,0,56
52,49,3,0,2,3,0,49
52,50,10,3,41,1,0,96
52,51,10,3,41,1,0,96
52,52,3,0,2,3,0,49
52,53,6,3,27,3,0,56
52,54,-15,0,44,3,0,16
52,55,3,0,10,3,0,30
52,56,-18,1,1,3,0,98
52,57,-12,1,84,3,0,18
52,58,16,1,13,1,0,93
52,59,3,0,15,3,0,20
52,60,6,3,98,3,0,1
52,61,-2,3,42,1,0,36
52,62,-19,0,63,1,0,24
52,63,12,1,78,3,0,66
52,64,-18,1,43,3,0,61
52,65,-17,0,67,1,0,9
52,66,0,1,64,3,0,11
52,67,8,1,9,1,0,67
52,68,11,0,89,1,0,76
52,69,2,1,77,1,0,38
52,70,-6,3,28,3,0,54
52,71,-9,0,35,3,0,23
52,72,6,1,68,3,0,46
52,73,-13,0,32,1,0,22
52,74,1,0,99,1,0,52
52,75,10,1,23,1,0,35
52,76,0,1,21,3,0,72
52,77,-10,1,70,1,0,62
52,78,6,3,60,3,0,5
52,79,10,1,49,1,0,2
52,80,4,1,19,1,0,53
52,81,-10,1,85,1,0,57
52,82,18,3,7,3,0,14
52,83,-7,0,12,1,0,25
52,84,-2,1,37,1,0,90
52,85,4,1,14,1,0,7
52,86,-2,3,69,1,0,79
52,87,-14,1,100,1,0,3
52,88,15,0,48,3,0,82
52,89,15,0,93,3,0,13
52,90,10,1,52,1,0,99
52,91,-3,0,90,3,0,37
52,92,12,1,80,3,0,29
52,93,2,1,4,1,0,75
52,94,6,1,45,3,0,74
52,95,-8,1,97,1,0,26
52,96,-6,1,22,3,0,32
52,97,-3,0,34,3,0,92
52,98,15,0,75,3,0,4
52,99,-7,0,91,1,0,71
52,100,-14,1,71,1,0,91
53,0,-20,1,11,1,0,12
53,1,-2,1,50,1,0,39
53,2,-11,0,92,1,0,19
53,3,12,1,73,3,0,53
53,4,-6,1,74,3,0,40
53,5,14,3,54,1,0,81
53,6,-8,1,26,1,0,75
53,7,-14,3,6,1,0,22
53,8,-9,0,76,3,0,23
53,9,-15,0,25,3,0,78
53,10,-12,1,72,3,0,86
53,11,3,0,20,3,0,47
53,12,14,1,51,1,0,62
53,13,6,3,65,3,0,30
53,14,-10,3,88,1,0,52
53,15,16,1,61,1,0,27
53,16,10,3,24,1,0,56
53,17,-4,1,46,1,0,38
53,18,-14,1,40,1,0,74
53,19,8,1,55,1,0,63
53,20,-7,0,87,1,0,5
53,21,9,0,31,3,0,1
53,22,6,1,62,3,0,51
53,23,-10,3,81,1,0,54
53,24,2,1,94,1,0,10
53,25,7,0,47,1,0,20
53,26,1,0,16,1,0,84
53,28,5,0,36,1,0,71
53,29,-18,3,79,3,0,95
53,30,-12,1,86,3,0,72
53,31,0,1,66,3,0,2
53,32,13,0,5,1,0,87
53,33,-3,0,56,3,0,24
53,34,12,1,29,3,0,15
53,35,-10,1,83,1,0,60
53,36,-11,0,58,1,0,58
53,37,3,0,82,3,0,9
53,38,-17,0,96,1,0,14
53,39,18,1,53,3,0,73
53,40,-5,0,17,1,0,85
53,41,6,1,39,3,0,50
53,42,0,1,59,3,0,69
53,43,4,1,18,1,0,41
53,44,12,1,8,3,0,67
53,45,18,1,38,3,0,46
53,46,9,0,95,3,0,79
53,47,6,3,30,3,0,65
53,48,-5,0,33,1,0,4
53,49,0,1,57,3,0,98
53,50,0,1,3,3,0,44
53,51,0,1,3,3,0,44
53,52,0,1,57,3,0,98
53,53,-5,0,33,1,0,4
53,54,6,3,30,3,0,65
53,55,9,0,95,3,0,79
53,56,18,1,38,3,0,46
53,57,12,1,8,3,0,67
53,58,4,1,18,1,0,41
53,59,0,1,59,3,0,69
53,60,6,1,39,3,0,50
53,61,-5,0,17,1,0,85
53,62,18,1,53,3,0,73
53,63,-17,0,96,1,0,14
53,64,3,0,82,3,0,9
53,65,-11,0,58,1,0,58
53,66,-10,1,83,1,0,60
53,67,12,1,29,3,0,15
53,68,-3,0,56,3,0,24
53,69,13,0,5,1,0,87
53,70,0,1,66,3,0,2
53,71,-12,1,86,3,0,72
53,72,-18,3,79,3,0,95
53,73,5,0,36,1,0,71
53,75,1,0,16,1,0,84
53,76,7,0,47,1,0,20
53,77,2,1,94,1,0,10
53,78,-10,3,81,1,0,54
53,79,6,1,62,3,0,51
53,80,9,0,31,3,0,1
53,81,-7,0,87,1,0,5
53,82,8,1,55,1,0,63
53,83,-14,1,40,1,0,74
53,84,-4,1,46,1,0,38
53,85,10,3,24,1,0,56
53,86,16,1,61,1,0,27
53,87,-10,3,88,1,0,52
53,88,6,3,65,3,0,30
53,89,14,1,51,1,0,62
53,90,3,0,20,3,0,47
53,91,-12,1,72,3,0,86
53,92,-15,0,25,3,0,78
53,93,-9,0,76,3,0,23
53,94,-14,3,6,1,0,22
53,95,-8,1,26,1,0,75
53,96,14,3,54,1,0,81
53,97,-6,1,74,3,0,40
53,98,12,1,73,3,0,53
53,99,-11,0,92,1,0,19
53,100,-2,1,50,1,0,39
54,0,2,3,11,1,0,20
54,1,-17,0,67,1,0,47
54,2,6,1,68,3,0,27
54,3,6,1,45,3,0,61
54,4,16,1,13,1,0,48
54,5,10,1,49,1,0,89
54,6,-14,1,100,1,0,83
54,7,10,3,41,1,0,30
54,8,-2,3,69,1,0,31
54,9,4,1,19,1,0,86
54,10,-12,1,84,3,0,94
54,11,2,1,4,1,0,55
54,12,-13,0,32,1,0,70
54,13,-18,1,43,3,0,38
54,14,-14,1,71,1,0,60
54,15,0,1,64,3,0,35
54,16,-9,0,35,3,0,64
54,17,-8,1,97,1,0,46
54,18,3,0,15,3,0,82
54,19,6,3,60,3,0,71
54,20,15,0,48,3,0,13
54,21,3,0,2,3,0,9
54,22,4,1,14,1,0,59
54,23,-10,1,85,1,0,62
54,24,-18,1,1,3,0,18
54,25,12,1,80,3,0,28
54,26,1,0,99,1,0,92
54,27,12,1,78,3,0,8
54,28,-7,0,91,1,0,79
54,29,8,1,9,1,0,2
54,30,-6,3,28,3,0,80
54,31,-6,1,22,3,0,10
54,32,6,3,98,3,0,95
54,33,-10,1,70,1,0,32
54,34,15,0,93,3,0,23
54,35,6,3,27,3,0,68
54,36,-2,1,37,1,0,66
54,37,18,3,7,3,0,17
54,38,3,0,10,3,0,22
54,39,-3,0,90,3,0,81
54,40,10,1,23,1,0,93
54,41,-19,0,63,1,0,58
54,42,15,0,75,3,0,77
54,43,11,0,89,1,0,49
54,44,2,1,77,1,0,75
54,45,-3,0,34,3,0,54
54,46,-2,3,42,1,0,87
54,47,0,1,21,3,0,73
54,48,10,1,52,1,0,12
54,49,-15,0,44,3,0,5
54,50,-7,0,12,1,0,52
54,51,-7,0,12,1,0,52
54,52,-15,0,44,3,0,5
54,53,10,1,52,1,0,12
54,54,0,1,21,3,0,73
54,55,-2,3,42,1,0,87
54,56,-3,0,34,3,0,54
54,57,2,1,77,1,0,75
54,58,11,0,89,1,0,49
54,59,15,0,75,3,0,77
54,60,-19,0,63,1,0,58
54,61,10,1,23,1,0,93
54,62,-3,0,90,3,0,81
54,63,3,0,10,3,0,22
54,64,18,3,7,3,0,17
54,65,-2,1,37,1,0,66
54,66,6,3,27,3,0,68
54,67,15,0,93,3,0,23
54,68,-10,1,70,1,0,32
54,69,6,3,98,3,0,95
54,70,-6,1,22,3,0,10
54,71,-6,3,28,3,0,80
54,72,8,1,9,1,0,2
54,73,-7,0,91,1,0,79
54,74,12,1,78,3,0,8
54,75,1,0,99,1,0,92
54,76,12,1,80,3,0,28
54,77,-18,1,1,3,0,18
54,78,-10,1,85,1,0,62
54,79,4,1,14,1,0,59
54,80,3,0,2,3,0,9
54,81,15,0,48,3,0,13
54,82,6,3,60,3,0,71
54,83,3,0,15,3,0,82
54,84,-8,1,97,1,0,46
54,85,-9,0,35,3,0,64
54,86,0,1,64,3,0,35
54,87,-14,1,71,1,0,60
54,88,-18,1,43,3,0,38
54,89,-13,0,32,1,0,70
54,90,2,1,4,1,0,55
54,91,-12,1,84,3,0,94
54,92,4,1,19,1,0,86
54,93,-2,3,69,1,0,31
54,94,10,3,41,1,0,30
54,95,-14,1,100,1,0,83
54,96,10,1,49,1,0,89
54,97,16,1,13,1,0,48
54,98,6,1,45,3,0,61
54,99,6,1,68,3,0,27
54,100,-17,0,67,1,0,47
55,0,20,1,11,1,0,11
55,1,0,1,59,3,0,38
55,2,4,1,46,1,0,18
55,3,-7,0,47,1,0,52
55,4,-12,1,29,3,0,39
55,5,9,0,76,3,0,80
55,6,0,1,3,3,0,74
55,7,15,0,25,3,0,21
55,8,3,0,56,3,0,22
55,9,-1,0,16,1,0,77
55,10,-10,3,24,1,0,85
55,11,-4,1,18,1,0,46
55,12,2,1,50,1,0,61
55,13,-6,1,39,3,0,29
55,14,14,1,40,1,0,51
55,15,-2,1,94,1,0,26
55,16,10,1,83,1,0,55
55,17,14,3,6,1,0,37
55,18,0,1,57,3,0,73
55,19,12,1,72,3,0,62
55,20,-13,0,5,1,0,4
55,22,-16,1,61,1,0,50
55,23,-12,1,8,3,0,53
55,24,11,0,92,1,0,9
55,25,5,0,17,1,0,19
55,26,-8,1,55,1,0,83
55,27,10,3,81,1,0,100
55,28,11,0,58,1,0,70
55,29,8,1,26,1,0,94
55,30,5,0,33,1,0,71
55,31,-3,0,20,3,0,1
55,32,0,1,66,3,0,86
55,33,-5,0,36,1,0,23
55,34,10,3,88,1,0,14
55,35,-18,1,38,3,0,59
55,36,-12,1,73,3,0,57
55,37,-18,1,53,3,0,8
55,38,7,0,87,1,0,13
55,39,-6,1,62,3,0,72
55,40,-3,0,82,3,0,84
55,41,-14,3,54,1,0,49
55,42,-6,3,30,3,0,68
55,43,-14,1,51,1,0,40
55,44,12,1,86,3,0,66
55,45,18,3,79,3,0,45
55,46,-6,3,65,3,0,78
55,47,-9,0,95,3,0,64
55,48,6,1,74,3,0,3
55,49,17,0,96,1,0,97
55,50,-9,0,31,3,0,43
55,51,-9,0,31,3,0,43
55,52,17,0,96,1,0,97
55,53,6,1,74,3,0,3
55,54,-9,0,95,3,0,64
55,55,-6,3,65,3,0,78
55,56,18,3,79,3,0,45
55,57,12,1,86,3,0,66
55,58,-14,1,51,1,0,40
55,59,-6,3,30,3,0,68
55,60,-14,3,54,1,0,49
55,61,-3,0,82,3,0,84
55,62,-6,1,62,3,0,72
55,63,7,0,87,1,0,13
55,64,-18,1,53,3,0,8
55,65,-12,1,73,3,0,57
55,66,-18,1,38,3,0,59
55,67,10,3,88,1,0,14
55,68,-5,0,36,1,0,23
55,69,0,1,66,3,0,86
55,70,-3,0,20,3,0,1
55,71,5,0,33,1,0,71
55,72,8,1,26,1,0,94
55,73,11,0,58,1,0,70
55,74,10,3,81,1,0,100
55,75,-8,1,55,1,0,83
55,76,5,0,17,1,0,19
55,77,11,0,92,1,0,9
55,78,-12,1,8,3,0,53
55,79,-16,1,61,1,0,50
55,81,-13,0,5,1,0,4
55,82,12,1,72,3,0,62
55,83,0,1,57,3,0,73
55,84,14,3,6,1,0,37
55,85,10,1,83,1,0,55
55,86,-2,1,94,1,0,26
55,87,14,1,40,1,0,51
55,88,-6,1,39,3,0,29
55,89,2,1,50,1,0,61
55,90,-4,1,18,1,0,46
55,91,-10,3,24,1,0,85
55,92,-1,0,16,1,0,77
55,93,3,0,56,3,0,22
55,94,15,0,25,3,0,21
55,95,0,1,3,3,0,74
55,96,9,0,76,3,0,80
55,97,-12,1,29,3,0,39
55,98,-7,0,47,1,0,52
55,99,4,1,46,1,0,18
55,100,0,1,59,3,0,38
56,0,2,3,11,1,0,9
56,1,-6,3,28,3,0,36
56,2,-19,0,63,1,0,16
56,3,2,1,4,1,0,50
56,4,6,3,60,3,0,37
56,5,-15,0,44,3,0,78
56,6,4,1,14,1,0,72
56,7,-2,3,69,1,0,19
56,8,3,0,10,3,0,20
56,9,-10,1,70,1,0,75
56,10,6,1,45,3,0,83
56,11,12,1,78,3,0,44
56,12,2,1,77,1,0,59
56,13,-14,1,71,1,0,27
56,14,-9,0,35,3,0,49
56,15,-2,3,42,1,0,24
56,16,12,1,80,3,0,53
56,17,10,1,49,1,0,35
56,18,6,3,27,3,0,71
56,19,-2,1,37,1,0,60
56,20,-14,1,100,1,0,2
56,21,-18,1,1,3,0,99
56,22,0,1,21,3,0,48
56,23,-8,1,97,1,0,51
56,24,-18,1,43,3,0,7
56,25,11,0,89,1,0,17
56,26,-7,0,91,1,0,81
56,27,6,1,68,3,0,98
56,28,6,3,98,3,0,68
56,29,-3,0,90,3,0,92
56,30,4,1,19,1,0,69
56,31,3,0,2,3,0,100
56,32,-7,0,12,1,0,84
56,33,15,0,48,3,0,21
56,34,-12,1,84,3,0,12
56,35,10,1,23,1,0,57
56,36,-6,1,22,3,0,55
56,37,-17,0,67,1,0,6
56,38,8,1,9,1,0,11
56,39,15,0,75,3,0,70
56,40,-13,0,32,1,0,82
56,41,3,0,15,3,0,47
56,42,10,1,52,1,0,66
56,43,-10,1,85,1,0,38
56,44,10,3,41,1,0,64
56,45,18,3,7,3,0,43
56,46,15,0,93,3,0,76
56,47,16,1,13,1,0,62
56,48,1,0,99,1,0,1
56,49,-3,0,34,3,0,95
56,50,0,1,64,3,0,41
56,51,0,1,64,3,0,41
56,52,-3,0,34,3,0,95
56,53,1,0,99,1,0,1
56,54,16,1,13,1,0,62
56,55,15,0,93,3,0,76
56,56,18,3,7,3,0,43
56,57,10,3,41,1,0,64
56,58,-10,1,85,1,0,38
56,59,10,1,52,1,0,66
56,60,3,0,15,3,0,47
56,61,-13,0,32,1,0,82
56,62,15,0,75,3,0,70
56,63,8,1,9,1,0,11
56,64,-17,0,67,1,0,6
56,65,-6,1,22,3,0,55
56,66,10,1,23,1,0,57
56,67,-12,1,84,3,0,12
56,68,15,0,48,3,0,21
56,69,-7,0,12,1,0,84
56,70,3,0,2,3,0,100
56,71,4,1,19,1,0,69
56,72,-3,0,90,3,0,92
56,73,6,3,98,3,0,68
56,74,6,1,68,3,0,98
56,75,-7,0,91,1,0,81
56,76,11,0,89,1,0,17
56,77,-18,1,43,3,0,7
56,78,-8,1,97,1,0,51
56,79,0,1,21,3,0,48
56,80,-18,1,1,3,0,99
56,81,-14,1,100,1,0,2
56,82,-2,1,37,1,0,60
56,83,6,3,27,3,0,71
56,84,10,1,49,1,0,35
56,85,12,1,80,3,0,53
56,86,-2,3,42,1,0,24
56,87,-9,0,35,3,0,49
56,88,-14,1,71,1,0,27
56,89,2,1,77,1,0,59
56,90,12,1,78,3,0,44
56,91,6,1,45,3,0,83
56,92,-10,1,70,1,0,75
56,93,3,0,10,3,0,20
56,94,-2,3,69,1,0,19
56,95,4,1,14,1,0,72
56,96,-15,0,44,3,0,78
56,97,6,3,60,3,0,37
56,98,2,1,4,1,0,50
56,99,-19,0,63,1,0,16
56,100,-6,3,28,3,0,36
57,0,20,1,11,1,0,38
57,1,-9,0,95,3,0,65
57,2,15,0,25,3,0,45
57,3,-3,0,82,3,0,79
57,4,14,1,40,1,0,66
57,5,-5,0,36,1,0,6
57,7,-8,1,55,1,0,48
57,8,11,0,58,1,0,49
57,9,12,1,72,3,0,3
57,10,-18,1,38,3,0,11
57,11,2,1,50,1,0,73
57,12,-6,3,30,3,0,88
57,13,9,0,76,3,0,56
57,14,17,0,96,1,0,78
57,15,4,1,46,1,0,53
57,16,18,3,79,3,0,82
57,17,-1,0,16,1,0,64
57,18,7,0,87,1,0,100
57,19,10,1,83,1,0,89
57,20,-3,0,20,3,0,31
57,21,-12,1,8,3,0,27
57,22,11,0,92,1,0,77
57,23,5,0,33,1,0,80
57,24,14,3,6,1,0,36
57,25,-18,1,53,3,0,46
57,26,-10,3,24,1,0,9
57,27,12,1,86,3,0,26
57,28,-7,0,47,1,0,97
57,29,-9,0,31,3,0,20
57,30,-12,1,29,3,0,98
57,31,-14,1,51,1,0,28
57,32,-4,1,18,1,0,12
57,33,-12,1,73,3,0,50
57,34,0,1,57,3,0,41
57,35,8,1,26,1,0,86
57,36,5,0,17,1,0,84
57,37,-16,1,61,1,0,35
57,38,0,1,66,3,0,40
57,39,-2,1,94,1,0,99
57,40,-6,1,62,3,0,10
57,41,3,0,56,3,0,76
57,42,-6,3,65,3,0,95
57,43,0,1,59,3,0,67
57,44,6,1,74,3,0,93
57,45,0,1,3,3,0,72
57,46,-14,3,54,1,0,4
57,47,-6,1,39,3,0,91
57,48,10,3,88,1,0,30
57,49,-13,0,5,1,0,23
57,50,10,3,81,1,0,70
57,51,10,3,81,1,0,70
57,52,-13,0,5,1,0,23
57,53,10,3,88,1,0,30
57,54,-6,1,39,3,0,91
57,55,-14,3,54,1,0,4
57,56,0,1,3,3,0,72
57,57,6,1,74,3,0,93
57,58,0,1,59,3,0,67
57,59,-6,3,65,3,0,95
57,60,3,0,56,3,0,76
57,61,-6,1,62,3,0,10
57,62,-2,1,94,1,0,99
57,63,0,1,66,3,0,40
57,64,-16,1,61,1,0,35
57,65,5,0,17,1,0,84
57,66,8,1,26,1,0,86
57,67,0,1,57,3,0,41
57,68,-12,1,73,3,0,50
57,69,-4,1,18,1,0,12
57,70,-14,1,51,1,0,28
57,71,-12,1,29,3,0,98
57,72,-9,0,31,3,0,20
57,73,-7,0,47,1,0,97
57,74,12,1,86,3,0,26
57,75,-10,3,24,1,0,9
57,76,-18,1,53,3,0,46
57,77,14,3,6,1,0,36
57,78,5,0,33,1,0,80
57,79,11,0,92,1,0,77
57,80,-12,1,8,3,0,27
57,81,-3,0,20,3,0,31
57,82,10,1,83,1,0,89
57,83,7,0,87,1,0,100
57,84,-1,0,16,1,0,64
57,85,18,3,79,3,0,82
57,86,4,1,46,1,0,53
57,87,17,0,96,1,0,78
57,88,9,0,76,3,0,56
57,89,-6,3,30,3,0,88
57,90,2,1,50,1,0,73
57,91,-18,1,38,3,0,11
57,92,12,1,72,3,0,3
57,93,11,0,58,1,0,49
57,94,-8,1,55,1,0,48
57,96,-5,0,36,1,0,6
57,97,14,1,40,1,0,66
57,98,-3,0,82,3,0,79
57,99,15,0,25,3,0,45
57,100,-9,0,95,3,0,65
58,0,2,3,11,1,0,21
58,1,10,1,49,1,0,48
58,2,-12,1,84,3,0,28
58,3,0,1,64,3,0,62
58,4,15,0,48,3,0,49
58,5,12,1,80,3,0,90
58,6,-6,3,28,3,0,84
58,7,6,3,27,3,0,31
58,8,10,1,23,1,0,32
58,9,-3,0,34,3,0,87
58,10,-7,0,12,1,0,95
58,11,-2,3,42,1,0,56
58,12,-19,0,63,1,0,71
58,13,-2,1,37,1,0,39
58,14,-6,1,22,3,0,61
58,15,1,0,99,1,0,36
58,16,3,0,2,3,0,65
58,17,-9,0,35,3,0,47
58,18,2,1,4,1,0,83
58,19,-14,1,100,1,0,72
58,20,-17,0,67,1,0,14
58,21,16,1,13,1,0,10
58,22,4,1,19,1,0,60
58,23,-14,1,71,1,0,63
58,24,6,3,60,3,0,19
58,25,-18,1,1,3,0,29
58,26,8,1,9,1,0,93
58,27,15,0,93,3,0,9
58,28,-3,0,90,3,0,80
58,29,2,1,77,1,0,3
58,30,-15,0,44,3,0,81
58,31,0,1,21,3,0,11
58,32,15,0,75,3,0,96
58,33,18,3,7,3,0,33
58,34,6,3,98,3,0,24
58,35,12,1,78,3,0,69
58,36,4,1,14,1,0,67
58,37,-8,1,97,1,0,18
58,38,-13,0,32,1,0,23
58,39,10,3,41,1,0,82
58,40,6,1,68,3,0,94
58,41,6,1,45,3,0,59
58,42,-2,3,69,1,0,78
58,43,-18,1,43,3,0,50
58,44,3,0,15,3,0,76
58,45,-10,1,85,1,0,55
58,46,-7,0,91,1,0,88
58,47,-10,1,70,1,0,74
58,48,3,0,10,3,0,13
58,49,11,0,89,1,0,6
58,50,10,1,52,1,0,53
58,51,10,1,52,1,0,53
58,52,11,0,89,1,0,6
58,53,3,0,10,3,0,13
58,54,-10,1,70,1,0,74
58,55,-7,0,91,1,0,88
58,56,-10,1,85,1,0,55
58,57,3,0,15,3,0,76
58,58,-18,1,43,3,0,50
58,59,-2,3,69,1,0,78
58,60,6,1,45,3,0,59
58,61,6,1,68,3,0,94
58,62,10,3,41,1,0,82
58,63,-13,0,32,1,0,23
58,64,-8,1,97,1,0,18
58,65,4,1,14,1,0,67
58,66,12,1,78,3,0,69
58,67,6,3,98,3,0,24
58,68,18,3,7,3,0,33
58,69,15,0,75,3,0,96
58,70,0,1,21,3,0,11
58,71,-15,0,44,3,0,81
58,72,2,1,77,1,0,3
58,73,-3,0,90,3,0,80
58,74,15,0,93,3,0,9
58,75,8,1,9,1,0,93
58,76,-18,1,1,3,0,29
58,77,6,3,60,3,0,19
58,78,-14,1,71,1,0,63
58,79,4,1,19,1,0,60
58,80,16,1,13,1,0,10
58,81,-17,0,67,1,0,14
58,82,-14,1,100,1,0,72
58,83,2,1,4,1,0,83
58,84,-9,0,35,3,0,47
58,85,3,0,2,3,0,65
58,86,1,0,99,1,0,36
58,87,-6,1,22,3,0,61
58,88,-2,1,37,1,0,39
58,89,-19,0,63,1,0,71
58,90,-2,3,42,1,0,56
58,91,-7,0,12,1,0,95
58,92,-3,0,34,3,0,87
58,93,10,1,23,1,0,32
58,94,6,3,27,3,0,31
58,95,-6,3,28,3,0,84
58,96,12,1,80,3,0,90
58,97,15,0,48,3,0,49
58,98,0,1,64,3,0,62
58,99,-12,1,84,3,0,28
58,100,10,1,49,1,0,48
59,0,20,1,11,1,0,83
59,1,18,3,79,3,0,9
59,2,-4,1,18,1,0,90
59,3,10,3,88,1,0,23
59,4,-16,1,61,1,0,10
59,5,-12,1,8,3,0,51
59,6,-5,0,36,1,0,45
59,7,2,1,50,1,0,93
59,8,12,1,86,3,0,94
59,9,0,1,59,3,0,48
59,10,-6,3,65,3,0,56
59,11,-10,3,24,1,0,17
59,12,-18,1,38,3,0,32
59,14,11,0,92,1,0,22
59,15,0,1,66,3,0,98
59,16,-6,1,39,3,0,26
59,17,-14,1,51,1,0,8
59,18,4,1,46,1,0,44
59,19,-9,0,95,3,0,33
59,20,-1,0,16,1,0,76
59,21,-12,1,73,3,0,72
59,22,-13,0,5,1,0,21
59,23,5,0,17,1,0,24
59,24,-3,0,20,3,0,81
59,25,14,1,40,1,0,91
59,26,-6,3,30,3,0,54
59,27,-7,0,47,1,0,71
59,28,6,1,74,3,0,41
59,29,3,0,56,3,0,65
59,30,-18,1,53,3,0,42
59,31,12,1,72,3,0,73
59,32,-8,1,55,1,0,57
59,33,5,0,33,1,0,95
59,34,-2,1,94,1,0,86
59,35,-14,3,54,1,0,30
59,36,-12,1,29,3,0,28
59,37,17,0,96,1,0,80
59,38,15,0,25,3,0,85
59,39,7,0,87,1,0,43
59,40,0,1,57,3,0,55
59,41,10,3,81,1,0,20
59,42,8,1,26,1,0,39
59,43,10,1,83,1,0,11
59,44,-3,0,82,3,0,37
59,45,9,0,76,3,0,16
59,46,-9,0,31,3,0,49
59,47,0,1,3,3,0,35
59,48,-6,1,62,3,0,75
59,49,14,3,6,1,0,68
59,50,11,0,58,1,0,14
59,51,11,0,58,1,0,14
59,52,14,3,6,1,0,68
59,53,-6,1,62,3,0,75
59,54,0,1,3,3,0,35
59,55,-9,0,31,3,0,49
59,56,9,0,76,3,0,16
59,57,-3,0,82,3,0,37
59,58,10,1,83,1,0,11
59,59,8,1,26,1,0,39
59,60,10,3,81,1,0,20
59,61,0,1,57,3,0,55
59,62,7,0,87,1,0,43
59,63,15,0,25,3,0,85
59,64,17,0,96,1,0,80
59,65,-12,1,29,3,0,28
59,66,-14,3,54,1,0,30
59,67,-2,1,94,1,0,86
59,68,5,0,33,1,0,95
59,69,-8,1,55,1,0,57
59,70,12,1,72,3,0,73
59,71,-18,1,53,3,0,42
59,72,3,0,56,3,0,65
59,73,6,1,74,3,0,41
59,74,-7,0,47,1,0,71
59,75,-6,3,30,3,0,54
59,76,14,1,40,1,0,91
59,77,-3,0,20,3,0,81
59,78,5,0,17,1,0,24
59,79,-13,0,5,1,0,21
59,80,-12,1,73,3,0,72
59,81,-1,0,16,1,0,76
59,82,-9,0,95,3,0,33
59,83,4,1,46,1,0,44
59,84,-14,1,51,1,0,8
59,85,-6,1,39,3,0,26
59,86,0,1,66,3,0,98
59,87,11,0,92,1,0,22
59,89,-18,1,38,3,0,32
59,90,-10,3,24,1,0,17
59,91,-6,3,65,3,0,56
59,92,0,1,59,3,0,48
59,93,12,1,86,3,0,94
59,94,2,1,50,1,0,93
59,95,-5,0,36,1,0,45
59,96,-12,1,8,3,0,51
59,97,-16,1,61,1,0,10
59,98,10,3,88,1,0,23
59,99,-4,1,18,1,0,90
59,100,18,3,79,3,0,9
60,0,-20,1,11,1,0,46
60,1,4,1,18,1,0,73
60,2,16,1,61,1,0,53
60,3,5,0,36,1,0,87
60,4,-12,1,86,3,0,74
60,5,6,3,65,3,0,14
60,6,18,1,38,3,0,8
60,7,-11,0,92,1,0,56
60,8,6,1,39,3,0,57
60,9,-4,1,46,1,0,11
60,10,1,0,16,1,0,19
60,11,13,0,5,1,0,81
60,12,3,0,20,3,0,96
60,13,6,3,30,3,0,64
60,14,-6,1,74,3,0,86
60,15,18,1,53,3,0,61
60,16,8,1,55,1,0,90
60,17,2,1,94,1,0,72
60,18,12,1,29,3,0,7
60,19,-15,0,25,3,0,97
60,20,0,1,57,3,0,39
60,21,-8,1,26,1,0,35
60,22,3,0,82,3,0,85
60,23,9,0,31,3,0,88
60,24,6,1,62,3,0,44
60,25,-11,0,58,1,0,54
60,26,-14,3,6,1,0,17
60,27,0,1,3,3,0,34
60,28,-9,0,76,3,0,4
60,29,-10,1,83,1,0,28
60,30,-10,3,81,1,0,5
60,31,-7,0,87,1,0,36
60,32,-17,0,96,1,0,20
60,33,14,3,54,1,0,58
60,34,-5,0,33,1,0,49
60,35,-12,1,72,3,0,94
60,36,-3,0,56,3,0,92
60,37,7,0,47,1,0,43
60,38,-14,1,40,1,0,48
60,39,-5,0,17,1,0,6
60,40,12,1,73,3,0,18
60,41,9,0,95,3,0,84
60,42,14,1,51,1,0,2
60,43,0,1,66,3,0,75
60,45,10,3,24,1,0,80
60,46,0,1,59,3,0,12
60,47,-2,1,50,1,0,99
60,48,12,1,8,3,0,38
60,49,-10,3,88,1,0,31
60,50,-18,3,79,3,0,78
60,51,-18,3,79,3,0,78
60,52,-10,3,88,1,0,31
60,53,12,1,8,3,0,38
60,54,-2,1,50,1,0,99
60,55,0,1,59,3,0,12
60,56,10,3,24,1,0,80
60,58,0,1,66,3,0,75
60,59,14,1,51,1,0,2
60,60,9,0,95,3,0,84
60,61,12,1,73,3,0,18
60,62,-5,0,17,1,0,6
60,63,-14,1,40,1,0,48
60,64,7,0,47,1,0,43
60,65,-3,0,56,3,0,92
60,66,-12,1,72,3,0,94
60,67,-5,0,33,1,0,49
60,68,14,3,54,1,0,58
60,69,-17,0,96,1,0,20
60,70,-7,0,87,1,0,36
60,71,-10,3,81,1,0,5
60,72,-10,1,83,1,0,28
60,73,-9,0,76,3,0,4
60,74,0,1,3,3,0,34
60,75,-14,3,6,1,0,17
60,76,-11,0,58,1,0,54
60,77,6,1,62,3,0,44
60,78,9,0,31,3,0,88
60,79,3,0,82,3,0,85
60,80,-8,1,26,1,0,35
60,81,0,1,57,3,0,39
60,82,-15,0,25,3,0,97
60,83,12,1,29,3,0,7
60,84,2,1,94,1,0,72
60,85,8,1,55,1,0,90
60,86,18,1,53,3,0,61
60,87,-6,1,74,3,0,86
60,88,6,3,30,3,0,64
60,89,3,0,20,3,0,96
60,90,13,0,5,1,0,81
60,91,1,0,16,1,0,19
60,92,-4,1,46,1,0,11
60,93,6,1,39,3,0,57
60,94,-11,0,92,1,0,56
60,95,18,1,38,3,0,8
60,96,6,3,65,3,0,14
60,97,-12,1,86,3,0,74
60,98,5,0,36,1,0,87
60,99,16,1,61,1,0,53
60,100,4,1,18,1,0,73
61,0,20,1,11,1,0,35
61,1,-12,1,73,3,0,62
61,2,8,1,26,1,0,42
61,3,15,0,25,3,0,76
61,4,-14,1,51,1,0,63
61,5,-16,1,61,1,0,3
61,6,14,1,40,1,0,98
61,7,-9,0,31,3,0,45
61,8,-2,1,94,1,0,46
61,10,12,1,86,3,0,8
61,11,3,0,56,3,0,70
61,12,11,0,58,1,0,85
61,13,-18,1,53,3,0,53
61,14,0,1,59,3,0,75
61,15,-18,1,38,3,0,50
61,16,5,0,33,1,0,79
61,17,0,1,3,3,0,61
61,18,-6,3,30,3,0,97
61,19,-12,1,8,3,0,86
61,20,-6,1,39,3,0,28
61,21,17,0,96,1,0,24
61,22,10,1,83,1,0,74
61,23,-13,0,5,1,0,77
61,24,18,3,79,3,0,33
61,25,-1,0,16,1,0,43
61,26,10,3,81,1,0,6
61,27,7,0,87,1,0,23
61,28,4,1,46,1,0,94
61,29,10,3,88,1,0,17
61,30,-3,0,20,3,0,95
61,31,9,0,76,3,0,25
61,32,-14,3,54,1,0,9
61,33,11,0,92,1,0,47
61,34,2,1,50,1,0,38
61,35,6,1,74,3,0,83
61,36,14,3,6,1,0,81
61,37,12,1,72,3,0,32
61,38,-6,3,65,3,0,37
61,39,-10,3,24,1,0,96
61,40,-8,1,55,1,0,7
61,41,-6,1,62,3,0,73
61,42,-7,0,47,1,0,92
61,43,-5,0,36,1,0,64
61,44,0,1,66,3,0,90
61,45,-12,1,29,3,0,69
61,46,-3,0,82,3,0,1
61,47,5,0,17,1,0,88
61,48,-4,1,18,1,0,27
61,49,-9,0,95,3,0,20
61,50,0,1,57,3,0,67
61,51,0,1,57,3,0,67
61,52,-9,0,95,3,0,20
61,53,-4,1,18,1,0,27
61,54,5,0,17,1,0,88
61,55,-3,0,82,3,0,1
61,56,-12,1,29,3,0,69
61,57,0,1,66,3,0,90
61,58,-5,0,36,1,0,64
61,59,-7,0,47,1,0,92
61,60,-6,1,62,3,0,73
61,61,-8,1,55,1,0,7
61,62,-10,3,24,1,0,96
61,63,-6,3,65,3,0,37
61,64,12,1,72,3,0,32
61,65,14,3,6,1,0,81
61,66,6,1,74,3,0,83
61,67,2,1,50,1,0,38
61,68,11,0,92,1,0,47
61,69,-14,3,54,1,0,9
61,70,9,0,76,3,0,25
61,71,-3,0,20,3,0,95
61,72,10,3,88,1,0,17
61,73,4,1,46,1,0,94
61,74,7,0,87,1,0,23
61,75,10,3,81,1,0,6
61,76,-1,0,16,1,0,43
61,77,18,3,79,3,0,33
61,78,-13,0,5,1,0,77
61,79,10,1,83,1,0,74
61,80,17,0,96,1,0,24
61,81,-6,1,39,3,0,28
61,82,-12,1,8,3,0,86
61,83,-6,3,30,3,0,97
61,84,0,1,3,3,0,61
61,85,5,0,33,1,0,79
61,86,-18,1,38,3,0,50
61,87,0,1,59,3,0,75
61,88,-18,1,53,3,0,53
61,89,11,0,58,1,0,85
61,90,3,0,56,3,0,70
61,91,12,1,86,3,0,8
61,93,-2,1,94,1,0,46
61,94,-9,0,31,3,0,45
61,95,14,1,40,1,0,98
61,96,-16,1,61,1,0,3
61,97,-14,1,51,1,0,63
61,98,15,0,25,3,0,76
61,99,8,1,26,1,0,42
61,100,-12,1,73,3,0,62
62,0,20,1,11,1,0,74
62,2,-6,3,30,3,0,81
62,3,7,0,87,1,0,14
62,4,14,3,6,1,0,1
62,5,-12,1,29,3,0,42
62,6,5,0,17,1,0,36
62,7,-6,3,65,3,0,84
62,8,10,3,88,1,0,85
62,9,-6,1,39,3,0,39
62,10,3,0,56,3,0,47
62,11,8,1,26,1,0,8
62,12,-9,0,31,3,0,23
62,13,5,0,33,1,0,92
62,14,-1,0,16,1,0,13
62,15,2,1,50,1,0,89
62,16,-5,0,36,1,0,17
62,17,-9,0,95,3,0,100
62,18,-8,1,55,1,0,35
62,19,9,0,76,3,0,24
62,20,10,1,83,1,0,67
62,21,-18,1,53,3,0,63
62,22,-14,1,51,1,0,12
62,23,-16,1,61,1,0,15
62,24,0,1,59,3,0,72
62,25,-13,0,5,1,0,82
62,26,-14,3,54,1,0,45
62,27,-6,1,62,3,0,62
62,28,0,1,57,3,0,32
62,29,-7,0,47,1,0,56
62,30,11,0,92,1,0,33
62,31,18,3,79,3,0,64
62,32,-18,1,38,3,0,48
62,33,14,1,40,1,0,86
62,34,15,0,25,3,0,77
62,35,11,0,58,1,0,21
62,36,17,0,96,1,0,19
62,37,-3,0,20,3,0,71
62,38,-10,3,24,1,0,76
62,39,-4,1,18,1,0,34
62,40,0,1,66,3,0,46
62,41,6,1,74,3,0,11
62,42,10,3,81,1,0,30
62,43,0,1,3,3,0,2
62,44,-2,1,94,1,0,28
62,45,-12,1,73,3,0,7
62,46,12,1,86,3,0,40
62,47,-12,1,8,3,0,26
62,48,4,1,46,1,0,66
62,49,12,1,72,3,0,59
62,50,-3,0,82,3,0,5
62,51,-3,0,82,3,0,5
62,52,12,1,72,3,0,59
62,53,4,1,46,1,0,66
62,54,-12,1,8,3,0,26
62,55,12,1,86,3,0,40
62,56,-12,1,73,3,0,7
62,57,-2,1,94,1,0,28
62,58,0,1,3,3,0,2
62,59,10,3,81,1,0,30
62,60,6,1,74,3,0,11
62,61,0,1,66,3,0,46
62,62,-4,1,18,1,0,34
62,63,-10,3,24,1,0,76
62,64,-3,0,20,3,0,71
62,65,17,0,96,1,0,19
62,66,11,0,58,1,0,21
62,67,15,0,25,3,0,77
62,68,14,1,40,1,0,86
62,69,-18,1,38,3,0,48
62,70,18,3,79,3,0,64
62,71,11,0,92,1,0,33
62,72,-7,0,47,1,0,56
62,73,0,1,57,3,0,32
62,74,-6,1,62,3,0,62
62,75,-14,3,54,1,0,45
62,76,-13,0,5,1,0,82
62,77,0,1,59,3,0,72
62,78,-16,1,61,1,0,15
62,79,-14,1,51,1,0,12
62,80,-18,1,53,3,0,63
62,81,10,1,83,1,0,67
62,82,9,0,76,3,0,24
62,83,-8,1,55,1,0,35
62,84,-9,0,95,3,0,100
62,85,-5,0,36,1,0,17
62,86,2,1,50,1,0,89
62,87,-1,0,16,1,0,13
62,88,5,0,33,1,0,92
62,89,-9,0,31,3,0,23
62,90,8,1,26,1,0,8
62,91,3,0,56,3,0,47
62,92,-6,1,39,3,0,39
62,93,10,3,88,1,0,85
62,94,-6,3,65,3,0,84
62,95,5,0,17,1,0,36
62,96,-12,1,29,3,0,42
62,97,14,3,6,1,0,1
62,98,7,0,87,1,0,14
62,99,-6,3,30,3,0,81
63,0,-20,1,11,1,0,86
63,1,6,1,62,3,0,12
63,2,12,1,8,3,0,93
63,3,-10,1,83,1,0,26
63,4,6,3,65,3,0,13
63,5,-15,0,25,3,0,54
63,6,0,1,66,3,0,48
63,7,-5,0,33,1,0,96
63,8,1,0,16,1,0,97
63,9,-6,1,74,3,0,51
63,10,-14,1,40,1,0,59
63,11,-5,0,17,1,0,20
63,12,18,1,53,3,0,35
63,13,-4,1,46,1,0,3
63,14,14,3,54,1,0,25
63,16,0,1,57,3,0,29
63,17,-12,1,86,3,0,11
63,18,-9,0,76,3,0,47
63,19,-10,3,88,1,0,36
63,20,-11,0,58,1,0,79
63,21,4,1,18,1,0,75
63,22,9,0,31,3,0,24
63,23,-2,1,50,1,0,27
63,24,-10,3,81,1,0,84
63,25,18,1,38,3,0,94
63,26,12,1,29,3,0,57
63,27,14,1,51,1,0,74
63,28,-12,1,72,3,0,44
63,29,13,0,5,1,0,68
63,30,6,3,30,3,0,45
63,31,7,0,47,1,0,76
63,32,12,1,73,3,0,60
63,33,8,1,55,1,0,98
63,34,6,1,39,3,0,89
63,35,-17,0,96,1,0,33
63,36,10,3,24,1,0,31
63,37,-8,1,26,1,0,83
63,38,5,0,36,1,0,88
63,39,0,1,3,3,0,46
63,40,-18,3,79,3,0,58
63,41,-14,3,6,1,0,23
63,42,16,1,61,1,0,42
63,43,3,0,82,3,0,14
63,44,0,1,59,3,0,40
63,45,-7,0,87,1,0,19
63,46,-11,0,92,1,0,52
63,47,2,1,94,1,0,38
63,48,9,0,95,3,0,78
63,49,-3,0,56,3,0,71
63,50,3,0,20,3,0,17
63,51,3,0,20,3,0,17
63,52,-3,0,56,3,0,71
63,53,9,0,95,3,0,78
63,54,2,1,94,1,0,38
63,55,-11,0,92,1,0,52
63,56,-7,0,87,1,0,19
63,57,0,1,59,3,0,40
63,58,3,0,82,3,0,14
63,59,16,1,61,1,0,42
63,60,-14,3,6,1,0,23
63,61,-18,3,79,3,0,58
63,62,0,1,3,3,0,46
63,63,5,0,36,1,0,88
63,64,-8,1,26,1,0,83
63,65,10,3,24,1,0,31
63,66,-17,0,96,1,0,33
63,67,6,1,39,3,0,89
63,68,8,1,55,1,0,98
63,69,12,1,73,3,0,60
63,70,7,0,47,1,0,76
63,71,6,3,30,3,0,45
63,72,13,0,5,1,0,68
63,73,-12,1,72,3,0,44
63,74,14,1,51,1,0,74
63,75,12,1,29,3,0,57
63,76,18,1,38,3,0,94
63,77,-10,3,81,1,0,84
63,78,-2,1,50,1,0,27
63,79,9,0,31,3,0,24
63,80,4,1,18,1,0,75
63,81,-11,0,58,1,0,79
63,82,-10,3,88,1,0,36
63,83,-9,0,76,3,0,47
63,84,-12,1,86,3,0,11
63,85,0,1,57,3,0,29
63,87,14,3,54,1,0,25
63,88,-4,1,46,1,0,3
63,89,18,1,53,3,0,35
63,90,-5,0,17,1,0,20
63,91,-14,1,40,1,0,59
63,92,-6,1,74,3,0,51
63,93,1,0,16,1,0,97
63,94,-5,0,33,1,0,96
63,95,0,1,66,3,0,48
63,96,-15,0,25,3,0,54
63,97,6,3,65,3,0,13
63,98,-10,1,83,1,0,26
63,99,12,1,8,3,0,93
63,100,6,1,62,3,0,12
64,0,-2,3,11,1,0,95
64,1,2,3,69,1,0,21
64,2,9,0,35,3,0,1
64,3,18,1,1,3,0,35
64,4,-6,3,98,3,0,22
64,5,-10,1,23,1,0,63
64,6,-10,1,52,1,0,57
64,7,3,0,34,3,0,4
64,8,-18,3,7,3,0,5
64,9,-8,1,9,1,0,60
64,10,-3,0,2,3,0,68
64,11,18,1,43,3,0,29
64,12,-10,1,49,1,0,44
64,13,-6,1,45,3,0,12
64,14,-2,1,4,1,0,34
64,15,-6,3,60,3,0,9
64,16,-12,1,78,3,0,38
64,17,-6,3,27,3,0,20
64,18,-11,0,89,1,0,56
64,19,7,0,12,1,0,45
64,20,-15,0,75,3,0,88
64,21,-15,0,93,3,0,84
64,22,-1,0,99,1,0,33
64,23,-3,0,15,3,0,36
64,24,12,1,84,3,0,93
64,25,-6,1,68,3,0,2
64,26,14,1,100,1,0,66
64,27,14,1,71,1,0,83
64,28,-4,1,14,1,0,53
64,29,6,3,28,3,0,77
64,30,-3,0,10,3,0,54
64,31,2,3,42,1,0,85
64,32,0,1,21,3,0,69
64,33,3,0,90,3,0,6
64,34,6,1,22,3,0,98
64,35,10,1,85,1,0,42
64,36,0,1,64,3,0,40
64,37,-10,3,41,1,0,92
64,38,17,0,67,1,0,97
64,39,-4,1,19,1,0,55
64,40,8,1,97,1,0,67
64,41,-12,1,80,3,0,32
64,42,10,1,70,1,0,51
64,43,19,0,63,1,0,23
64,44,15,0,44,3,0,49
64,45,-2,1,77,1,0,28
64,46,2,1,37,1,0,61
64,47,7,0,91,1,0,47
64,48,-15,0,48,3,0,87
64,49,13,0,32,1,0,80
64,50,-16,1,13,1,0,26
64,51,-16,1,13,1,0,26
64,52,13,0,32,1,0,80
64,53,-15,0,48,3,0,87
64,54,7,0,91,1,0,47
64,55,2,1,37,1,0,61
64,56,-2,1,77,1,0,28
64,57,15,0,44,3,0,49
64,58,19,0,63,1,0,23
64,59,10,1,70,1,0,51
64,60,-12,1,80,3,0,32
64,61,8,1,97,1,0,67
64,62,-4,1,19,1,0,55
64,63,17,0,67,1,0,97
64,64,-10,3,41,1,0,92
64,65,0,1,64,3,0,40
64,66,10,1,85,1,0,42
64,67,6,1,22,3,0,98
64,68,3,0,90,3,0,6
64,69,0,1,21,3,0,69
64,70,2,3,42,1,0,85
64,71,-3,0,10,3,0,54
64,72,6,3,28,3,0,77
64,73,-4,1,14,1,0,53
64,74,14,1,71,1,0,83
64,75,14,1,100,1,0,66
64,76,-6,1,68,3,0,2
64,77,12,1,84,3,0,93
64,78,-3,0,15,3,0,36
64,79,-1,0,99,1,0,33
64,80,-15,0,93,3,0,84
64,81,-15,0,75,3,0,88
64,82,7,0,12,1,0,45
64,83,-11,0,89,1,0,56
64,84,-6,3,27,3,0,20
64,85,-12,1,78,3,0,38
64,86,-6,3,60,3,0,9
64,87,-2,1,4,1,0,34
64,88,-6,1,45,3,0,12
64,89,-10,1,49,1,0,44
64,90,18,1,43,3,0,29
64,91,-3,0,2,3,0,68
64,92,-8,1,9,1,0,60
64,93,-18,3,7,3,0,5
64,94,3,0,34,3,0,4
64,95,-10,1,52,1,0,57
64,96,-10,1,23,1,0,63
64,97,-6,3,98,3,0,22
64,98,18,1,1,3,0,35
64,99,9,0,35,3,0,1
64,100,2,3,69,1,0,21
65,0,-2,3,11,1,0,24
65,1,-10,1,23,1,0,51
65,2,-3,0,2,3,0,31
65,3,-6,3,60,3,0,65
65,4,-15,0,75,3,0,52
65,5,-6,1,68,3,0,93
65,6,-3,0,10,3,0,87
65,7,10,1,85,1,0,34
65,8,8,1,97,1,0,35
65,9,-2,1,77,1,0,90
65,10,-16,1,13,1,0,98
65,11,2,1,37,1,0,59
65,12,-12,1,80,3,0,74
65,13,0,1,64,3,0,42
65,14,2,3,42,1,0,64
65,15,14,1,100,1,0,39
65,16,-15,0,93,3,0,68
65,17,-12,1,78,3,0,50
65,18,18,1,43,3,0,86
65,19,-10,1,52,1,0,75
65,20,2,3,69,1,0,17
65,21,-6,3,98,3,0,13
65,22,-8,1,9,1,0,63
65,23,-2,1,4,1,0,66
65,24,7,0,12,1,0,22
65,25,12,1,84,3,0,32
65,26,6,3,28,3,0,96
65,27,6,1,22,3,0,12
65,28,-4,1,19,1,0,83
65,29,15,0,44,3,0,6
65,30,13,0,32,1,0,84
65,31,7,0,91,1,0,14
65,32,10,1,70,1,0,99
65,33,-10,3,41,1,0,36
65,34,0,1,21,3,0,27
65,35,14,1,71,1,0,72
65,36,-1,0,99,1,0,70
65,37,-6,3,27,3,0,21
65,38,-10,1,49,1,0,26
65,39,3,0,34,3,0,85
65,40,9,0,35,3,0,97
65,41,18,1,1,3,0,62
65,42,-18,3,7,3,0,81
65,43,-6,1,45,3,0,53
65,44,-11,0,89,1,0,79
65,45,-3,0,15,3,0,58
65,46,-4,1,14,1,0,91
65,47,3,0,90,3,0,77
65,48,17,0,67,1,0,16
65,49,19,0,63,1,0,9
65,50,-15,0,48,3,0,56
65,51,-15,0,48,3,0,56
65,52,19,0,63,1,0,9
65,53,17,0,67,1,0,16
65,54,3,0,90,3,0,77
65,55,-4,1,14,1,0,91
65,56,-3,0,15,3,0,58
65,57,-11,0,89,1,0,79
65,58,-6,1,45,3,0,53
65,59,-18,3,7,3,0,81
65,60,18,1,1,3,0,62
65,61,9,0,35,3,0,97
65,62,3,0,34,3,0,85
65,63,-10,1,49,1,0,26
65,64,-6,3,27,3,0,21
65,65,-1,0,99,1,0,70
65,66,14,1,71,1,0,72
65,67,0,1,21,3,0,27
65,68,-10,3,41,1,0,36
65,69,10,1,70,1,0,99
65,70,7,0,91,1,0,14
65,71,13,0,32,1,0,84
65,72,15,0,44,3,0,6
65,73,-4,1,19,1,0,83
65,74,6,1,22,3,0,12
65,75,6,3,28,3,0,96
65,76,12,1,84,3,0,32
65,77,7,0,12,1,0,22
65,78,-2,1,4,1,0,66
65,79,-8,1,9,1,0,63
65,80,-6,3,98,3,0,13
65,81,2,3,69,1,0,17
65,82,-10,1,52,1,0,75
65,83,18,1,43,3,0,86
65,84,-12,1,78,3,0,50
65,85,-15,0,93,3,0,68
65,86,14,1,100,1,0,39
65,87,2,3,42,1,0,64
65,88,0,1,64,3,0,42
65,89,-12,1,80,3,0,74
65,90,2,1,37,1,0,59
65,91,-16,1,13,1,0,98
65,92,-2,1,77,1,0,90
65,93,8,1,97,1,0,35
65,94,10,1,85,1,0,34
65,95,-3,0,10,3,0,87
65,96,-6,1,68,3,0,93
65,97,-15,0,75,3,0,52
65,98,-6,3,60,3,0,65
65,99,-3,0,2,3,0,31
65,100,-10,1,23,1,0,51
66,0,-20,1,11,1,0,99
66,1,-10,3,88,1,0,25
66,2,5,0,36,1,0,5
66,3,0,1,59,3,0,39
66,4,18,1,38,3,0,26
66,5,0,1,66,3,0,67
66,6,-4,1,46,1,0,61
66,7,12,1,73,3,0,8
66,8,3,0,20,3,0,9
66,9,7,0,47,1,0,64
66,10,18,1,53,3,0,72
66,11,-5,0,33,1,0,33
66,12,12,1,29,3,0,48
66,13,-7,0,87,1,0,16
66,14,-8,1,26,1,0,38
66,15,-9,0,76,3,0,13
66,16,6,1,62,3,0,42
66,17,-11,0,58,1,0,24
66,18,0,1,3,3,0,60
66,19,3,0,82,3,0,49
66,20,-10,3,81,1,0,92
66,21,-15,0,25,3,0,88
66,22,14,3,54,1,0,37
66,23,8,1,55,1,0,40
66,24,-3,0,56,3,0,97
66,25,6,3,30,3,0,6
66,26,-5,0,17,1,0,70
66,27,1,0,16,1,0,87
66,28,14,1,51,1,0,57
66,29,-11,0,92,1,0,81
66,30,10,3,24,1,0,58
66,31,-12,1,86,3,0,89
66,32,12,1,8,3,0,73
66,33,4,1,18,1,0,10
66,34,-18,3,79,3,0,1
66,35,16,1,61,1,0,46
66,36,-2,1,50,1,0,44
66,37,6,3,65,3,0,96
66,39,6,1,39,3,0,59
66,40,9,0,95,3,0,71
66,41,13,0,5,1,0,36
66,42,-14,1,40,1,0,55
66,43,-6,1,74,3,0,27
66,44,-12,1,72,3,0,53
66,45,2,1,94,1,0,32
66,46,-17,0,96,1,0,65
66,47,0,1,57,3,0,51
66,48,-10,1,83,1,0,91
66,49,9,0,31,3,0,84
66,50,-14,3,6,1,0,30
66,51,-14,3,6,1,0,30
66,52,9,0,31,3,0,84
66,53,-10,1,83,1,0,91
66,54,0,1,57,3,0,51
66,55,-17,0,96,1,0,65
66,56,2,1,94,1,0,32
66,57,-12,1,72,3,0,53
66,58,-6,1,74,3,0,27
66,59,-14,1,40,1,0,55
66,60,13,0,5,1,0,36
66,61,9,0,95,3,0,71
66,62,6,1,39,3,0,59
66,64,6,3,65,3,0,96
66,65,-2,1,50,1,0,44
66,66,16,1,61,1,0,46
66,67,-18,3,79,3,0,1
66,68,4,1,18,1,0,10
66,69,12,1,8,3,0,73
66,70,-12,1,86,3,0,89
66,71,10,3,24,1,0,58
66,72,-11,0,92,1,0,81
66,73,14,1,51,1,0,57
66,74,1,0,16,1,0,87
66,75,-5,0,17,1,0,70
66,76,6,3,30,3,0,6
66,77,-3,0,56,3,0,97
66,78,8,1,55,1,0,40
66,79,14,3,54,1,0,37
66,80,-15,0,25,3,0,88
66,81,-10,3,81,1,0,92
66,82,3,0,82,3,0,49
66,83,0,1,3,3,0,60
66,84,-11,0,58,1,0,24
66,85,6,1,62,3,0,42
66,86,-9,0,76,3,0,13
66,87,-8,1,26,1,0,38
66,88,-7,0,87,1,0,16
66,89,12,1,29,3,0,48
66,90,-5,0,33,1,0,33
66,91,18,1,53,3,0,72
66,92,7,0,47,1,0,64
66,93,3,0,20,3,0,9
66,94,12,1,73,3,0,8
66,95,-4,1,46,1,0,61
66,96,0,1,66,3,0,67
66,97,18,1,38,3,0,26
66,98,0,1,59,3,0,39
66,99,5,0,36,1,0,5
66,100,-10,3,88,1,0,25
67,0,20,1,11,1,0,41
67,1,-3,0,20,3,0,68
67,2,-6,1,62,3,0,48
67,3,3,0,56,3,0,82
67,4,-12,1,8,3,0,69
67,5,-9,0,95,3,0,9
67,6,10,1,83,1,0,3
67,7,-2,1,94,1,0,51
67,8,-6,3,65,3,0,52
67,9,11,0,92,1,0,6
67,10,15,0,25,3,0,14
67,11,7,0,87,1,0,76
67,12,0,1,66,3,0,91
67,13,0,1,59,3,0,59
67,14,5,0,33,1,0,81
67,15,-3,0,82,3,0,56
67,16,-1,0,16,1,0,85
67,17,-16,1,61,1,0,67
67,18,6,1,74,3,0,2
67,19,14,3,6,1,0,92
67,20,14,1,40,1,0,34
67,21,18,3,79,3,0,30
67,22,5,0,17,1,0,80
67,23,0,1,3,3,0,83
67,24,-18,1,53,3,0,39
67,25,-5,0,36,1,0,49
67,26,4,1,46,1,0,12
67,27,8,1,26,1,0,29
67,28,-14,3,54,1,0,100
67,29,-10,3,24,1,0,23
67,31,17,0,96,1,0,31
67,32,0,1,57,3,0,15
67,33,-6,1,39,3,0,53
67,34,12,1,86,3,0,44
67,35,-8,1,55,1,0,89
67,36,9,0,76,3,0,87
67,37,-12,1,73,3,0,38
67,38,10,3,88,1,0,43
67,39,-7,0,47,1,0,1
67,40,11,0,58,1,0,13
67,41,-6,3,30,3,0,79
67,42,-4,1,18,1,0,98
67,43,-13,0,5,1,0,70
67,44,-9,0,31,3,0,96
67,45,12,1,72,3,0,75
67,46,2,1,50,1,0,7
67,47,-14,1,51,1,0,94
67,48,10,3,81,1,0,33
67,49,-12,1,29,3,0,26
67,50,-18,1,38,3,0,73
67,51,-18,1,38,3,0,73
67,52,-12,1,29,3,0,26
67,53,10,3,81,1,0,33
67,54,-14,1,51,1,0,94
67,55,2,1,50,1,0,7
67,56,12,1,72,3,0,75
67,57,-9,0,31,3,0,96
67,58,-13,0,5,1,0,70
67,59,-4,1,18,1,0,98
67,60,-6,3,30,3,0,79
67,61,11,0,58,1,0,13
67,62,-7,0,47,1,0,1
67,63,10,3,88,1,0,43
67,64,-12,1,73,3,0,38
67,65,9,0,76,3,0,87
67,66,-8,1,55,1,0,89
67,67,12,1,86,3,0,44
67,68,-6,1,39,3,0,53
67,69,0,1,57,3,0,15
67,70,17,0,96,1,0,31
67,72,-10,3,24,1,0,23
67,73,-14,3,54,1,0,100
67,74,8,1,26,1,0,29
67,75,4,1,46,1,0,12
67,76,-5,0,36,1,0,49
67,77,-18,1,53,3,0,39
67,78,0,1,3,3,0,83
67,79,5,0,17,1,0,80
67,80,18,3,79,3,0,30
67,81,14,1,40,1,0,34
67,82,14,3,6,1,0,92
67,83,6,1,74,3,0,2
67,84,-16,1,61,1,0,67
67,85,-1,0,16,1,0,85
67,86,-3,0,82,3,0,56
67,87,5,0,33,1,0,81
67,88,0,1,59,3,0,59
67,89,0,1,66,3,0,91
67,90,7,0,87,1,0,76
67,91,15,0,25,3,0,14
67,92,11,0,92,1,0,6
67,93,-6,3,65,3,0,52
67,94,-2,1,94,1,0,51
67,95,10,1,83,1,0,3
67,96,-9,0,95,3,0,9
67,97,-12,1,8,3,0,69
67,98,3,0,56,3,0,82
67,99,-6,1,62,3,0,48
67,100,-3,0,20,3,0,68
68,0,2,3,11,1,0,76
68,1,4,1,14,1,0,2
68,2,2,1,77,1,0,83
68,3,6,3,27,3,0,16
68,4,-18,1,43,3,0,3
68,5,4,1,19,1,0,44
68,6,-6,1,22,3,0,38
68,7,10,1,52,1,0,86
68,8,1,0,99,1,0,87
68,9,16,1,13,1,0,41
68,10,3,0,15,3,0,49
68,11,10,1,23,1,0,10
68,12,-3,0,90,3,0,25
68,13,-8,1,97,1,0,94
68,14,10,1,49,1,0,15
68,15,12,1,78,3,0,91
68,16,-15,0,44,3,0,19
68,17,-6,3,28,3,0,1
68,18,-2,3,69,1,0,37
68,19,-14,1,71,1,0,26
68,20,-2,1,37,1,0,69
68,21,11,0,89,1,0,65
68,22,3,0,2,3,0,14
68,23,-17,0,67,1,0,17
68,24,-10,1,85,1,0,74
68,25,-3,0,34,3,0,84
68,26,15,0,93,3,0,47
68,27,-13,0,32,1,0,64
68,28,-12,1,84,3,0,34
68,29,6,3,98,3,0,58
68,30,0,1,21,3,0,35
68,31,12,1,80,3,0,66
68,32,6,1,45,3,0,50
68,33,6,3,60,3,0,88
68,34,-19,0,63,1,0,79
68,35,3,0,10,3,0,23
68,36,-9,0,35,3,0,21
68,37,-14,1,100,1,0,73
68,38,-7,0,91,1,0,78
68,39,-7,0,12,1,0,36
68,40,8,1,9,1,0,48
68,41,10,3,41,1,0,13
68,42,0,1,64,3,0,32
68,43,18,3,7,3,0,4
68,44,15,0,75,3,0,30
68,45,15,0,48,3,0,9
68,46,6,1,68,3,0,42
68,47,-18,1,1,3,0,28
68,48,-2,3,42,1,0,68
68,49,-10,1,70,1,0,61
68,50,2,1,4,1,0,7
68,51,2,1,4,1,0,7
68,52,-10,1,70,1,0,61
68,53,-2,3,42,1,0,68
68,54,-18,1,1,3,0,28
68,55,6,1,68,3,0,42
68,56,15,0,48,3,0,9
68,57,15,0,75,3,0,30
68,58,18,3,7,3,0,4
68,59,0,1,64,3,0,32
68,60,10,3,41,1,0,13
68,61,8,1,9,1,0,48
68,62,-7,0,12,1,0,36
68,63,-7,0,91,1,0,78
68,64,-14,1,100,1,0,73
68,65,-9,0,35,3,0,21
68,66,3,0,10,3,0,23
68,67,-19,0,63,1,0,79
68,68,6,3,60,3,0,88
68,69,6,1,45,3,0,50
68,70,12,1,80,3,0,66
68,71,0,1,21,3,0,35
68,72,6,3,98,3,0,58
68,73,-12,1,84,3,0,34
68,74,-13,0,32,1,0,64
68,75,15,0,93,3,0,47
68,76,-3,0,34,3,0,84
68,77,-10,1,85,1,0,74
68,78,-17,0,67,1,0,17
68,79,3,0,2,3,0,14
68,80,11,0,89,1,0,65
68,81,-2,1,37,1,0,69
68,82,-14,1,71,1,0,26
68,83,-2,3,69,1,0,37
68,84,-6,3,28,3,0,1
68,85,-15,0,44,3,0,19
68,86,12,1,78,3,0,91
68,87,10,1,49,1,0,15
68,88,-8,1,97,1,0,94
68,89,-3,0,90,3,0,25
68,90,10,1,23,1,0,10
68,91,3,0,15,3,0,49
68,92,16,1,13,1,0,41
68,93,1,0,99,1,0,87
68,94,10,1,52,1,0,86
68,95,-6,1,22,3,0,38
68,96,4,1,19,1,0,44
68,97,-18,1,43,3,0,3
68,98,6,3,27,3,0,16
68,99,2,1,77,1,0,83
68,100,4,1,14,1,0,2
69,0,-20,1,11,1,0,26
69,1,-6,1,74,3,0,53
69,2,-9,0,76,3,0,33
69,3,14,1,51,1,0,67
69,4,10,3,24,1,0,54
69,5,-7,0,87,1,0,95
69,6,2,1,94,1,0,89
69,7,5,0,36,1,0,36
69,8,13,0,5,1,0,37
69,9,-11,0,58,1,0,92
69,10,-5,0,17,1,0,100
69,11,12,1,8,3,0,61
69,12,-5,0,33,1,0,76
69,13,0,1,57,3,0,44
69,14,18,1,38,3,0,66
69,15,6,1,39,3,0,41
69,16,3,0,82,3,0,70
69,17,-3,0,56,3,0,52
69,18,-18,3,79,3,0,88
69,19,7,0,47,1,0,77
69,20,9,0,31,3,0,19
69,21,-4,1,46,1,0,15
69,22,6,3,65,3,0,65
69,23,-15,0,25,3,0,68
69,24,14,3,54,1,0,24
69,25,-2,1,50,1,0,34
69,26,12,1,73,3,0,98
69,27,-14,3,6,1,0,14
69,28,3,0,20,3,0,85
69,29,16,1,61,1,0,8
69,30,8,1,55,1,0,86
69,31,-10,3,81,1,0,16
69,33,0,1,66,3,0,38
69,34,-10,1,83,1,0,29
69,35,18,1,53,3,0,74
69,36,4,1,18,1,0,72
69,37,6,3,30,3,0,23
69,38,0,1,3,3,0,28
69,39,9,0,95,3,0,87
69,40,0,1,59,3,0,99
69,41,-17,0,96,1,0,64
69,42,12,1,29,3,0,83
69,43,-12,1,86,3,0,55
69,44,1,0,16,1,0,81
69,45,6,1,62,3,0,60
69,46,-14,1,40,1,0,93
69,47,-10,3,88,1,0,79
69,48,-12,1,72,3,0,18
69,49,-8,1,26,1,0,11
69,50,-11,0,92,1,0,58
69,51,-11,0,92,1,0,58
69,52,-8,1,26,1,0,11
69,53,-12,1,72,3,0,18
69,54,-10,3,88,1,0,79
69,55,-14,1,40,1,0,93
69,56,6,1,62,3,0,60
69,57,1,0,16,1,0,81
69,58,-12,1,86,3,0,55
69,59,12,1,29,3,0,83
69,60,-17,0,96,1,0,64
69,61,0,1,59,3,0,99
69,62,9,0,95,3,0,87
69,63,0,1,3,3,0,28
69,64,6,3,30,3,0,23
69,65,4,1,18,1,0,72
69,66,18,1,53,3,0,74
69,67,-10,1,83,1,0,29
69,68,0,1,66,3,0,38
69,70,-10,3,81,1,0,16
69,71,8,1,55,1,0,86
69,72,16,1,61,1,0,8
69,73,3,0,20,3,0,85
69,74,-14,3,6,1,0,14
69,75,12,1,73,3,0,98
69,76,-2,1,50,1,0,34
69,77,14,3,54,1,0,24
69,78,-15,0,25,3,0,68
69,79,6,3,65,3,0,65
69,80,-4,1,46,1,0,15
69,81,9,0,31,3,0,19
69,82,7,0,47,1,0,77
69,83,-18,3,79,3,0,88
69,84,-3,0,56,3,0,52
69,85,3,0,82,3,0,70
69,86,6,1,39,3,0,41
69,87,18,1,38,3,0,66
69,88,0,1,57,3,0,44
69,89,-5,0,33,1,0,76
69,90,12,1,8,3,0,61
69,91,-5,0,17,1,0,100
69,92,-11,0,58,1,0,92
69,93,13,0,5,1,0,37
69,94,5,0,36,1,0,36
69,95,2,1,94,1,0,89
69,96,-7,0,87,1,0,95
69,97,10,3,24,1,0,54
69,98,14,1,51,1,0,67
69,99,-9,0,76,3,0,33
69,100,-6,1,74,3,0,53
70,0,-2,3,11,1,0,16
70,1,7,0,91,1,0,43
70,2,3,0,34,3,0,23
70,3,8,1,97,1,0,57
70,4,-2,1,4,1,0,44
70,5,3,0,90,3,0,85
70,6,-15,0,93,3,0,79
70,7,14,1,100,1,0,26
70,8,-4,1,14,1,0,27
70,9,7,0,12,1,0,82
70,10,10,1,85,1,0,90
70,11,-10,1,49,1,0,51
70,12,10,1,70,1,0,66
70,13,-10,1,23,1,0,34
70,14,13,0,32,1,0,56
70,15,9,0,35,3,0,31
70,16,-2,1,77,1,0,60
70,17,-8,1,9,1,0,42
70,18,17,0,67,1,0,78
70,19,-12,1,78,3,0,67
70,20,2,3,42,1,0,9
70,21,-3,0,15,3,0,5
70,22,12,1,84,3,0,55
70,23,-3,0,10,3,0,58
70,24,-6,3,27,3,0,14
70,25,-10,3,41,1,0,24
70,26,-3,0,2,3,0,88
70,27,15,0,44,3,0,4
70,28,18,1,1,3,0,75
70,29,-16,1,13,1,0,99
70,30,-6,3,98,3,0,76
70,31,19,0,63,1,0,6
70,32,18,1,43,3,0,91
70,33,0,1,64,3,0,28
70,34,-11,0,89,1,0,19
70,35,6,3,28,3,0,64
70,36,-6,1,68,3,0,62
70,37,-1,0,99,1,0,13
70,38,0,1,21,3,0,18
70,39,-6,3,60,3,0,77
70,40,-4,1,19,1,0,89
70,41,-18,3,7,3,0,54
70,42,2,1,37,1,0,73
70,43,2,3,69,1,0,45
70,44,-15,0,48,3,0,71
70,45,-10,1,52,1,0,50
70,46,-12,1,80,3,0,83
70,47,-6,1,45,3,0,69
70,48,6,1,22,3,0,8
70,49,-15,0,75,3,0,1
70,50,14,1,71,1,0,48
70,51,14,1,71,1,0,48
70,52,-15,0,75,3,0,1
70,53,6,1,22,3,0,8
70,54,-6,1,45,3,0,69
70,55,-12,1,80,3,0,83
70,56,-10,1,52,1,0,50
70,57,-15,0,48,3,0,71
70,58,2,3,69,1,0,45
70,59,2,1,37,1,0,73
70,60,-18,3,7,3,0,54
70,61,-4,1,19,1,0,89
70,62,-6,3,60,3,0,77
70,63,0,1,21,3,0,18
70,64,-1,0,99,1,0,13
70,65,-6,1,68,3,0,62
70,66,6,3,28,3,0,64
70,67,-11,0,89,1,0,19
70,68,0,1,64,3,0,28
70,69,18,1,43,3,0,91
70,70,19,0,63,1,0,6
70,71,-6,3,98,3,0,76
70,72,-16,1,13,1,0,99
70,73,18,1,1,3,0,75
70,74,15,0,44,3,0,4
70,75,-3,0,2,3,0,88
70,76,-10,3,41,1,0,24
70,77,-6,3,27,3,0,14
70,78,-3,0,10,3,0,58
70,79,12,1,84,3,0,55
70,80,-3,0,15,3,0,5
70,81,2,3,42,1,0,9
70,82,-12,1,78,3,0,67
70,83,17,0,67,1,0,78
70,84,-8,1,9,1,0,42
70,85,-2,1,77,1,0,60
70,86,9,0,35,3,0,31
70,87,13,0,32,1,0,56
70,88,-10,1,23,1,0,34
70,89,10,1,70,1,0,66
70,90,-10,1,49,1,0,51
70,91,10,1,85,1,0,90
70,92,7,0,12,1,0,82
70,93,-4,1,14,1,0,27
70,94,14,1,100,1,0,26
70,95,-15,0,93,3,0,79
70,96,3,0,90,3,0,85
70,97,-2,1,4,1,0,44
70,98,8,1,97,1,0,57
70,99,3,0,34,3,0,23
70,100,7,0,91,1,0,43
71,0,2,3,11,1,0,70
71,1,6,3,60,3,0,97
71,2,3,0,10,3,0,77
71,3,2,1,77,1,0,10
71,4,12,1,80,3,0,98
71,5,-14,1,100,1,0,38
71,6,-18,1,43,3,0,32
71,7,6,3,98,3,0,80
71,8,-7,0,12,1,0,81
71,9,-6,1,22,3,0,35
71,10,-13,0,32,1,0,43
71,11,10,3,41,1,0,4
71,12,1,0,99,1,0,19
71,13,-3,0,34,3,0,88
71,14,18,3,7,3,0,9
71,15,3,0,15,3,0,85
71,16,-17,0,67,1,0,13
71,17,15,0,48,3,0,96
71,18,-3,0,90,3,0,31
71,19,11,0,89,1,0,20
71,20,-18,1,1,3,0,63
71,21,10,1,49,1,0,59
71,22,-14,1,71,1,0,8
71,23,-10,1,70,1,0,11
71,24,-15,0,44,3,0,68
71,25,-6,3,28,3,0,78
71,26,2,1,4,1,0,41
71,27,-2,3,69,1,0,58
71,28,12,1,78,3,0,28
71,29,-2,3,42,1,0,52
71,30,-2,1,37,1,0,29
71,31,-8,1,97,1,0,60
71,32,6,1,68,3,0,44
71,33,3,0,2,3,0,82
71,34,10,1,23,1,0,73
71,35,15,0,75,3,0,17
71,36,-10,1,85,1,0,15
71,37,16,1,13,1,0,67
71,38,0,1,64,3,0,72
71,39,15,0,93,3,0,30
71,40,10,1,52,1,0,42
71,41,8,1,9,1,0,7
71,42,-12,1,84,3,0,26
71,43,4,1,19,1,0,99
71,44,-7,0,91,1,0,24
71,45,0,1,21,3,0,3
71,46,6,3,27,3,0,36
71,47,-9,0,35,3,0,22
71,48,6,1,45,3,0,62
71,49,4,1,14,1,0,55
71,50,-19,0,63,1,0,1
71,51,-19,0,63,1,0,1
71,52,4,1,14,1,0,55
71,53,6,1,45,3,0,62
71,54,-9,0,35,3,0,22
71,55,6,3,27,3,0,36
71,56,0,1,21,3,0,3
71,57,-7,0,91,1,0,24
71,58,4,1,19,1,0,99
71,59,-12,1,84,3,0,26
71,60,8,1,9,1,0,7
71,61,10,1,52,1,0,42
71,62,15,0,93,3,0,30
71,63,0,1,64,3,0,72
71,64,16,1,13,1,0,67
71,65,-10,1,85,1,0,15
71,66,15,0,75,3,0,17
71,67,10,1,23,1,0,73
71,68,3,0,2,3,0,82
71,69,6,1,68,3,0,44
71,70,-8,1,97,1,0,60
71,71,-2,1,37,1,0,29
71,72,-2,3,42,1,0,52
71,73,12,1,78,3,0,28
71,74,-2,3,69,1,0,58
71,75,2,1,4,1,0,41
71,76,-6,3,28,3,0,78
71,77,-15,0,44,3,0,68
71,78,-10,1,70,1,0,11
71,79,-14,1,71,1,0,8
71,80,10,1,49,1,0,59
71,81,-18,1,1,3,0,63
71,82,11,0,89,1,0,20
71,83,-3,0,90,3,0,31
71,84,15,0,48,3,0,96
71,85,-17,0,67,1,0,13
71,86,3,0,15,3,0,85
71,87,18,3,7,3,0,9
71,88,-3,0,34,3,0,88
71,89,1,0,99,1,0,19
71,90,10,3,41,1,0,4
71,91,-13,0,32,1,0,43
71,92,-6,1,22,3,0,35
71,93,-7,0,12,1,0,81
71,94,6,3,98,3,0,80
71,95,-18,1,43,3,0,32
71,96,-14,1,100,1,0,38
71,97,12,1,80,3,0,98
71,98,2,1,77,1,0,10
71,99,3,0,10,3,0,77
71,100,6,3,60,3,0,97
72,0,20,1,11,1,0,10
72,1,5,0,33,1,0,37
72,2,-14,3,54,1,0,17
72,3,-4,1,18,1,0,51
72,4,12,1,72,3,0,38
72,5,17,0,96,1,0,79
72,6,-16,1,61,1,0,73
72,7,3,0,56,3,0,20
72,8,7,0,87,1,0,21
72,9,-5,0,36,1,0,76
72,10,-7,0,47,1,0,84
72,11,10,3,81,1,0,45
72,12,12,1,86,3,0,60
72,13,14,1,40,1,0,28
72,14,10,1,83,1,0,50
72,15,-6,3,65,3,0,25
72,16,5,0,17,1,0,54
72,17,9,0,76,3,0,36
72,18,-18,1,38,3,0,72
72,19,-12,1,73,3,0,61
72,20,0,1,3,3,0,3
72,21,11,0,92,1,0,100
72,22,-9,0,95,3,0,49
72,23,14,3,6,1,0,52
72,24,-6,1,39,3,0,8
72,25,-14,1,51,1,0,18
72,26,11,0,58,1,0,82
72,27,4,1,46,1,0,99
72,28,0,1,66,3,0,69
72,29,-6,1,62,3,0,93
72,30,-1,0,16,1,0,70
72,32,-9,0,31,3,0,85
72,33,-13,0,5,1,0,22
72,34,-10,3,24,1,0,13
72,35,-3,0,82,3,0,58
72,36,-3,0,20,3,0,56
72,37,0,1,59,3,0,7
72,38,8,1,26,1,0,12
72,39,-6,3,30,3,0,71
72,40,2,1,50,1,0,83
72,41,0,1,57,3,0,48
72,42,6,1,74,3,0,67
72,43,-12,1,8,3,0,39
72,44,15,0,25,3,0,65
72,45,-18,1,53,3,0,44
72,46,10,3,88,1,0,77
72,47,-12,1,29,3,0,63
72,48,-8,1,55,1,0,2
72,49,18,3,79,3,0,96
72,50,-2,1,94,1,0,42
72,51,-2,1,94,1,0,42
72,52,18,3,79,3,0,96
72,53,-8,1,55,1,0,2
72,54,-12,1,29,3,0,63
72,55,10,3,88,1,0,77
72,56,-18,1,53,3,0,44
72,57,15,0,25,3,0,65
72,58,-12,1,8,3,0,39
72,59,6,1,74,3,0,67
72,60,0,1,57,3,0,48
72,61,2,1,50,1,0,83
72,62,-6,3,30,3,0,71
72,63,8,1,26,1,0,12
72,64,0,1,59,3,0,7
72,65,-3,0,20,3,0,56
72,66,-3,0,82,3,0,58
72,67,-10,3,24,1,0,13
72,68,-13,0,5,1,0,22
72,69,-9,0,31,3,0,85
72,71,-1,0,16,1,0,70
72,72,-6,1,62,3,0,93
72,73,0,1,66,3,0,69
72,74,4,1,46,1,0,99
72,75,11,0,58,1,0,82
72,76,-14,1,51,1,0,18
72,77,-6,1,39,3,0,8
72,78,14,3,6,1,0,52
72,79,-9,0,95,3,0,49
72,80,11,0,92,1,0,100
72,81,0,1,3,3,0,3
72,82,-12,1,73,3,0,61
72,83,-18,1,38,3,0,72
72,84,9,0,76,3,0,36
72,85,5,0,17,1,0,54
72,86,-6,3,65,3,0,25
72,87,10,1,83,1,0,50
72,88,14,1,40,1,0,28
72,89,12,1,86,3,0,60
72,90,10,3,81,1,0,45
72,91,-7,0,47,1,0,84
72,92,-5,0,36,1,0,76
72,93,7,0,87,1,0,21
72,94,3,0,56,3,0,20
72,95,-16,1,61,1,0,73
72,96,17,0,96,1,0,79
72,97,12,1,72,3,0,38
72,98,-4,1,18,1,0,51
72,99,-14,3,54,1,0,17
72,100,5,0,33,1,0,37
73,0,20,1,11,1,0,62
73,1,-16,1,61,1,0,89
73,2,12,1,86,3,0,69
73,3,-18,1,38,3,0,2
73,4,-6,1,39,3,0,90
73,5,-1,0,16,1,0,30
73,6,-3,0,20,3,0,24
73,7,6,1,74,3,0,72
73,8,-8,1,55,1,0,73
73,9,-12,1,29,3,0,27
73,10,0,1,57,3,0,35
73,11,-3,0,82,3,0,97
73,12,-6,1,62,3,0,11
73,13,14,3,6,1,0,80
73,14,9,0,76,3,0,1
73,15,10,3,81,1,0,77
73,16,17,0,96,1,0,5
73,17,5,0,33,1,0,88
73,18,3,0,56,3,0,23
73,19,14,1,40,1,0,12
73,20,-12,1,73,3,0,55
73,21,-14,1,51,1,0,51
73,23,0,1,59,3,0,3
73,24,-12,1,8,3,0,60
73,25,18,3,79,3,0,70
73,26,10,3,88,1,0,33
73,27,2,1,50,1,0,50
73,28,-10,3,24,1,0,20
73,29,0,1,66,3,0,44
73,30,-9,0,95,3,0,21
73,31,5,0,17,1,0,52
73,32,-7,0,47,1,0,36
73,33,12,1,72,3,0,74
73,34,-14,3,54,1,0,65
73,35,7,0,87,1,0,9
73,36,10,1,83,1,0,7
73,37,0,1,3,3,0,59
73,38,11,0,58,1,0,64
73,39,-9,0,31,3,0,22
73,40,8,1,26,1,0,34
73,41,15,0,25,3,0,100
73,42,-2,1,94,1,0,18
73,43,-18,1,53,3,0,91
73,44,-6,3,30,3,0,16
73,45,-13,0,5,1,0,96
73,46,4,1,46,1,0,28
73,47,11,0,92,1,0,14
73,48,-6,3,65,3,0,54
73,49,-5,0,36,1,0,47
73,50,-4,1,18,1,0,94
73,51,-4,1,18,1,0,94
73,52,-5,0,36,1,0,47
73,53,-6,3,65,3,0,54
73,54,11,0,92,1,0,14
73,55,4,1,46,1,0,28
73,56,-13,0,5,1,0,96
73,57,-6,3,30,3,0,16
73,58,-18,1,53,3,0,91
73,59,-2,1,94,1,0,18
73,60,15,0,25,3,0,100
73,61,8,1,26,1,0,34
73,62,-9,0,31,3,0,22
73,63,11,0,58,1,0,64
73,64,0,1,3,3,0,59
73,65,10,1,83,1,0,7
73,66,7,0,87,1,0,9
73,67,-14,3,54,1,0,65
73,68,12,1,72,3,0,74
73,69,-7,0,47,1,0,36
73,70,5,0,17,1,0,52
73,71,-9,0,95,3,0,21
73,72,0,1,66,3,0,44
73,73,-10,3,24,1,0,20
73,74,2,1,50,1,0,50
73,75,10,3,88,1,0,33
73,76,18,3,79,3,0,70
73,77,-12,1,8,3,0,60
73,78,0,1,59,3,0,3
73,80,-14,1,51,1,0,51
73,81,-12,1,73,3,0,55
73,82,14,1,40,1,0,12
73,83,3,0,56,3,0,23
73,84,5,0,33,1,0,88
73,85,17,0,96,1,0,5
73,86,10,3,81,1,0,77
73,87,9,0,76,3,0,1
73,88,14,3,6,1,0,80
73,89,-6,1,62,3,0,11
73,90,-3,0,82,3,0,97
73,91,0,1,57,3,0,35
73,92,-12,1,29,3,0,27
73,93,-8,1,55,1,0,73
73,94,6,1,74,3,0,72
73,95,-3,0,20,3,0,24
73,96,-1,0,16,1,0,30
73,97,-6,1,39,3,0,90
73,98,-18,1,38,3,0,2
73,99,12,1,86,3,0,69
73,100,-16,1,61,1,0,89
74,0,20,1,11,1,0,48
74,1,0,1,3,3,0,75
74,2,2,1,50,1,0,55
74,3,0,1,57,3,0,89
74,4,11,0,92,1,0,76
74,5,5,0,33,1,0,16
74,6,-12,1,73,3,0,10
74,7,-6,3,30,3,0,58
74,8,6,1,74,3,0,59
74,9,-9,0,95,3,0,13
74,10,-14,3,54,1,0,21
74,11,-18,1,38,3,0,83
74,12,8,1,26,1,0,98
74,13,-12,1,8,3,0,66
74,14,14,3,6,1,0,88
74,15,-4,1,18,1,0,63
74,16,9,0,76,3,0,92
74,17,0,1,59,3,0,74
74,18,15,0,25,3,0,9
74,19,-6,1,39,3,0,99
74,20,12,1,72,3,0,41
74,21,5,0,17,1,0,37
74,22,-3,0,20,3,0,87
74,23,-18,1,53,3,0,90
74,24,-14,1,51,1,0,46
74,25,17,0,96,1,0,56
74,26,-6,3,65,3,0,19
74,27,-3,0,82,3,0,36
74,28,10,3,88,1,0,6
74,29,11,0,58,1,0,30
74,30,-16,1,61,1,0,7
74,31,10,1,83,1,0,38
74,32,-10,3,24,1,0,22
74,33,-12,1,29,3,0,60
74,34,4,1,46,1,0,51
74,35,3,0,56,3,0,96
74,36,14,1,40,1,0,94
74,37,-13,0,5,1,0,45
74,38,-8,1,55,1,0,50
74,39,0,1,66,3,0,8
74,40,7,0,87,1,0,20
74,41,12,1,86,3,0,86
74,42,-9,0,31,3,0,4
74,43,18,3,79,3,0,77
74,44,-6,1,62,3,0,2
74,45,-5,0,36,1,0,82
74,46,10,3,81,1,0,14
74,48,-2,1,94,1,0,40
74,49,-1,0,16,1,0,33
74,50,-7,0,47,1,0,80
74,51,-7,0,47,1,0,80
74,52,-1,0,16,1,0,33
74,53,-2,1,94,1,0,40
74,55,10,3,81,1,0,14
74,56,-5,0,36,1,0,82
74,57,-6,1,62,3,0,2
74,58,18,3,79,3,0,77
74,59,-9,0,31,3,0,4
74,60,12,1,86,3,0,86
74,61,7,0,87,1,0,20
74,62,0,1,66,3,0,8
74,63,-8,1,55,1,0,50
74,64,-13,0,5,1,0,45
74,65,14,1,40,1,0,94
74,66,3,0,56,3,0,96
74,67,4,1,46,1,0,51
74,68,-12,1,29,3,0,60
74,69,-10,3,24,1,0,22
74,70,10,1,83,1,0,38
74,71,-16,1,61,1,0,7
74,72,11,0,58,1,0,30
74,73,10,3,88,1,0,6
74,74,-3,0,82,3,0,36
74,75,-6,3,65,3,0,19
74,76,17,0,96,1,0,56
74,77,-14,1,51,1,0,46
74,78,-18,1,53,3,0,90
74,79,-3,0,20,3,0,87
74,80,5,0,17,1,0,37
74,81,12,1,72,3,0,41
74,82,-6,1,39,3,0,99
74,83,15,0,25,3,0,9
74,84,0,1,59,3,0,74
74,85,9,0,76,3,0,92
74,86,-4,1,18,1,0,63
74,87,14,3,6,1,0,88
74,88,-12,1,8,3,0,66
74,89,8,1,26,1,0,98
74,90,-18,1,38,3,0,83
74,91,-14,3,54,1,0,21
74,92,-9,0,95,3,0,13
74,93,6,1,74,3,0,59
74,94,-6,3,30,3,0,58
74,95,-12,1,73,3,0,10
74,96,5,0,33,1,0,16
74,97,11,0,92,1,0,76
74,98,0,1,57,3,0,89
74,99,2,1,50,1,0,55
74,100,0,1,3,3,0,75
75,0,20,1,11,1,0,93
75,1,14,3,6,1,0,19
75,2,10,3,88,1,0,100
75,3,-9,0,31,3,0,33
75,4,-5,0,36,1,0,20
75,5,10,1,83,1,0,61
75,6,0,1,59,3,0,55
75,7,0,1,57,3,0,2
75,8,-18,1,38,3,0,3
75,9,17,0,96,1,0,58
75,10,0,1,66,3,0,66
75,11,-2,1,94,1,0,27
75,12,4,1,46,1,0,42
75,13,12,1,72,3,0,10
75,14,-12,1,73,3,0,32
75,15,6,1,74,3,0,7
75,16,-3,0,20,3,0,36
75,17,14,1,40,1,0,18
75,18,-7,0,47,1,0,54
75,19,-13,0,5,1,0,43
75,20,-18,1,53,3,0,86
75,21,-9,0,95,3,0,82
75,22,5,0,33,1,0,31
75,23,-6,1,39,3,0,34
75,24,-12,1,29,3,0,91
75,26,7,0,87,1,0,64
75,27,-6,3,65,3,0,81
75,28,8,1,26,1,0,51
75,29,2,1,50,1,0,75
75,30,9,0,76,3,0,52
75,31,-16,1,61,1,0,83
75,32,-6,1,62,3,0,67
75,33,18,3,79,3,0,4
75,34,11,0,58,1,0,96
75,35,-4,1,18,1,0,40
75,36,0,1,3,3,0,38
75,37,-12,1,8,3,0,90
75,38,-3,0,82,3,0,95
75,39,12,1,86,3,0,53
75,40,10,3,81,1,0,65
75,41,-10,3,24,1,0,30
75,42,15,0,25,3,0,49
75,43,11,0,92,1,0,21
75,44,-14,3,54,1,0,47
75,45,-14,1,51,1,0,26
75,46,-8,1,55,1,0,59
75,47,-1,0,16,1,0,45
75,48,3,0,56,3,0,85
75,49,5,0,17,1,0,78
75,50,-6,3,30,3,0,24
75,51,-6,3,30,3,0,24
75,52,5,0,17,1,0,78
75,53,3,0,56,3,0,85
75,54,-1,0,16,1,0,45
75,55,-8,1,55,1,0,59
75,56,-14,1,51,1,0,26
75,57,-14,3,54,1,0,47
75,58,11,0,92,1,0,21
75,59,15,0,25,3,0,49
75,60,-10,3,24,1,0,30
75,61,10,3,81,1,0,65
75,62,12,1,86,3,0,53
75,63,-3,0,82,3,0,95
75,64,-12,1,8,3,0,90
75,65,0,1,3,3,0,38
75,66,-4,1,18,1,0,40
75,67,11,0,58,1,0,96
75,68,18,3,79,3,0,4
75,69,-6,1,62,3,0,67
75,70,-16,1,61,1,0,83
75,71,9,0,76,3,0,52
75,72,2,1,50,1,0,75
75,73,8,1,26,1,0,51
75,74,-6,3,65,3,0,81
75,75,7,0,87,1,0,64
75,77,-12,1,29,3,0,91
75,78,-6,1,39,3,0,34
75,79,5,0,33,1,0,31
75,80,-9,0,95,3,0,82
75,81,-18,1,53,3,0,86
75,82,-13,0,5,1,0,43
75,83,-7,0,47,1,0,54
75,84,14,1,40,1,0,18
75,85,-3,0,20,3,0,36
75,86,6,1,74,3,0,7
75,87,-12,1,73,3,0,32
75,88,12,1,72,3,0,10
75,89,4,1,46,1,0,42
75,90,-2,1,94,1,0,27
75,91,0,1,66,3,0,66
75,92,17,0,96,1,0,58
75,93,-18,1,38,3,0,3
75,94,0,1,57,3,0,2
75,95,0,1,59,3,0,55
75,96,10,1,83,1,0,61
75,97,-5,0,36,1,0,20
75,98,-9,0,31,3,0,33
75,99,10,3,88,1,0,100
75,100,14,3,6,1,0,19
76,0,-2,3,11,1,0,19
76,1,-2,1,77,1,0,46
76,2,18,1,43,3,0,26
76,3,6,1,22,3,0,60
76,4,-1,0,99,1,0,47
76,5,-3,0,15,3,0,88
76,6,3,0,90,3,0,82
76,7,-10,1,49,1,0,29
76,8,15,0,44,3,0,30
76,9,2,3,69,1,0,85
76,10,2,1,37,1,0,93
76,11,-3,0,2,3,0,54
76,12,10,1,85,1,0,69
76,13,-15,0,93,3,0,37
76,14,12,1,84,3,0,59
76,15,0,1,21,3,0,34
76,16,-6,1,45,3,0,63
76,17,19,0,63,1,0,45
76,18,9,0,35,3,0,81
76,19,7,0,91,1,0,70
76,20,-8,1,9,1,0,12
76,21,0,1,64,3,0,8
76,22,-15,0,75,3,0,58
76,23,-6,1,68,3,0,61
76,24,2,3,42,1,0,17
76,25,-2,1,4,1,0,27
76,26,10,1,70,1,0,91
76,27,18,1,1,3,0,7
76,28,-15,0,48,3,0,78
76,29,-18,3,7,3,0,1
76,30,-10,3,41,1,0,79
76,31,7,0,12,1,0,9
76,32,14,1,100,1,0,94
76,33,-3,0,10,3,0,31
76,34,-6,3,60,3,0,22
76,35,-12,1,80,3,0,67
76,36,-6,3,98,3,0,65
76,37,13,0,32,1,0,16
76,38,3,0,34,3,0,21
76,39,17,0,67,1,0,80
76,40,-11,0,89,1,0,92
76,41,14,1,71,1,0,57
76,42,6,3,28,3,0,76
76,43,-12,1,78,3,0,48
76,44,8,1,97,1,0,74
76,45,-10,1,23,1,0,53
76,46,-16,1,13,1,0,86
76,47,-10,1,52,1,0,72
76,48,-4,1,19,1,0,11
76,49,-6,3,27,3,0,4
76,50,-4,1,14,1,0,51
76,51,-4,1,14,1,0,51
76,52,-6,3,27,3,0,4
76,53,-4,1,19,1,0,11
76,54,-10,1,52,1,0,72
76,55,-16,1,13,1,0,86
76,56,-10,1,23,1,0,53
76,57,8,1,97,1,0,74
76,58,-12,1,78,3,0,48
76,59,6,3,28,3,0,76
76,60,14,1,71,1,0,57
76,61,-11,0,89,1,0,92
76,62,17,0,67,1,0,80
76,63,3,0,34,3,0,21
76,64,13,0,32,1,0,16
76,65,-6,3,98,3,0,65
76,66,-12,1,80,3,0,67
76,67,-6,3,60,3,0,22
76,68,-3,0,10,3,0,31
76,69,14,1,100,1,0,94
76,70,7,0,12,1,0,9
76,71,-10,3,41,1,0,79
76,72,-18,3,7,3,0,1
76,73,-15,0,48,3,0,78
76,74,18,1,1,3,0,7
76,75,10,1,70,1,0,91
76,76,-2,1,4,1,0,27
76,77,2,3,42,1,0,17
76,78,-6,1,68,3,0,61
76,79,-15,0,75,3,0,58
76,80,0,1,64,3,0,8
76,81,-8,1,9,1,0,12
76,82,7,0,91,1,0,70
76,83,9,0,35,3,0,81
76,84,19,0,63,1,0,45
76,85,-6,1,45,3,0,63
76,86,0,1,21,3,0,34
76,87,12,1,84,3,0,59
76,88,-15,0,93,3,0,37
76,89,10,1,85,1,0,69
76,90,-3,0,2,3,0,54
76,91,2,1,37,1,0,93
76,92,2,3,69,1,0,85
76,93,15,0,44,3,0,30
76,94,-10,1,49,1,0,29
76,95,3,0,90,3,0,82
76,96,-3,0,15,3,0,88
76,97,-1,0,99,1,0,47
76,98,6,1,22,3,0,60
76,99,18,1,43,3,0,26
76,100,-2,1,77,1,0,46
77,0,-2,3,11,1,0,52
77,1,-15,0,75,3,0,79
77,2,8,1,97,1,0,59
77,3,-12,1,80,3,0,93
77,4,-15,0,93,3,0,80
77,5,2,3,69,1,0,20
77,6,7,0,12,1,0,14
77,7,-4,1,19,1,0,62
77,8,10,1,70,1,0,63
77,9,-1,0,99,1,0,17
77,10,9,0,35,3,0,25
77,11,-11,0,89,1,0,87
77,12,17,0,67,1,0,1
77,13,19,0,63,1,0,70
77,14,-3,0,15,3,0,92
77,15,18,1,1,3,0,67
77,16,-6,3,27,3,0,96
77,17,-10,3,41,1,0,78
77,18,15,0,44,3,0,13
77,19,12,1,84,3,0,2
77,20,-6,3,98,3,0,45
77,21,-12,1,78,3,0,41
77,22,0,1,64,3,0,91
77,23,-2,1,77,1,0,94
77,24,-6,1,68,3,0,50
77,25,-10,1,23,1,0,60
77,26,-6,3,60,3,0,23
77,27,10,1,85,1,0,40
77,28,2,1,37,1,0,10
77,29,14,1,100,1,0,34
77,30,-10,1,52,1,0,11
77,31,-2,1,4,1,0,42
77,32,6,1,22,3,0,26
77,33,7,0,91,1,0,64
77,34,14,1,71,1,0,55
77,35,3,0,34,3,0,100
77,36,-6,1,45,3,0,98
77,37,3,0,90,3,0,49
77,38,-15,0,48,3,0,54
77,39,-4,1,14,1,0,12
77,40,-18,3,7,3,0,24
77,41,-10,1,49,1,0,90
77,42,0,1,21,3,0,8
77,43,13,0,32,1,0,81
77,44,6,3,28,3,0,6
77,45,-8,1,9,1,0,86
77,46,18,1,43,3,0,18
77,47,2,3,42,1,0,4
77,48,-16,1,13,1,0,44
77,49,-3,0,10,3,0,37
77,50,-3,0,2,3,0,84
77,51,-3,0,2,3,0,84
77,52,-3,0,10,3,0,37
77,53,-16,1,13,1,0,44
77,54,2,3,42,1,0,4
77,55,18,1,43,3,0,18
77,56,-8,1,9,1,0,86
77,57,6,3,28,3,0,6
77,58,13,0,32,1,0,81
77,59,0,1,21,3,0,8
77,60,-10,1,49,1,0,90
77,61,-18,3,7,3,0,24
77,62,-4,1,14,1,0,12
77,63,-15,0,48,3,0,54
77,64,3,0,90,3,0,49
77,65,-6,1,45,3,0,98
77,66,3,0,34,3,0,100
77,67,14,1,71,1,0,55
77,68,7,0,91,1,0,64
77,69,6,1,22,3,0,26
77,70,-2,1,4,1,0,42
77,71,-10,1,52,1,0,11
77,72,14,1,100,1,0,34
77,73,2,1,37,1,0,10
77,74,10,1,85,1,0,40
77,75,-6,3,60,3,0,23
77,76,-10,1,23,1,0,60
77,77,-6,1,68,3,0,50
77,78,-2,1,77,1,0,94
77,79,0,1,64,3,0,91
77,80,-12,1,78,3,0,41
77,81,-6,3,98,3,0,45
77,82,12,1,84,3,0,2
77,83,15,0,44,3,0,13
77,84,-10,3,41,1,0,78
77,85,-6,3,27,3,0,96
77,86,18,1,1,3,0,67
77,87,-3,0,15,3,0,92
77,88,19,0,63,1,0,70
77,89,17,0,67,1,0,1
77,90,-11,0,89,1,0,87
77,91,9,0,35,3,0,25
77,92,-1,0,99,1,0,17
77,93,10,1,70,1,0,63
77,94,-4,1,19,1,0,62
77,95,7,0,12,1,0,14
77,96,2,3,69,1,0,20
77,97,-15,0,93,3,0,80
77,98,-12,1,80,3,0,93
77,99,8,1,97,1,0,59
77,100,-15,0,75,3,0,79
78,0,2,3,11,1,0,14
78,1,0,1,21,3,0,41
78,2,10,3,41,1,0,21
78,3,10,1,23,1,0,55
78,4,-14,1,71,1,0,42
78,5,-10,1,70,1,0,83
78,6,3,0,2,3,0,77
78,7,1,0,99,1,0,24
78,8,-7,0,91,1,0,25
78,9,6,3,60,3,0,80
78,10,6,3,27,3,0,88
78,11,-13,0,32,1,0,49
78,12,15,0,75,3,0,64
78,13,10,1,49,1,0,32
78,14,-15,0,44,3,0,54
78,15,6,1,68,3,0,29
78,16,-3,0,34,3,0,58
78,17,4,1,19,1,0,40
78,18,3,0,10,3,0,76
78,19,-9,0,35,3,0,65
78,20,-6,1,22,3,0,7
78,21,-10,1,85,1,0,3
78,22,-18,1,1,3,0,53
78,23,-6,3,28,3,0,56
78,24,-8,1,97,1,0,12
78,25,18,3,7,3,0,22
78,26,-12,1,84,3,0,86
78,27,2,1,77,1,0,2
78,28,6,1,45,3,0,73
78,29,-7,0,12,1,0,97
78,30,16,1,13,1,0,74
78,31,11,0,89,1,0,4
78,32,2,1,4,1,0,89
78,33,-2,1,37,1,0,26
78,34,3,0,15,3,0,17
78,35,8,1,9,1,0,62
78,36,12,1,80,3,0,60
78,37,4,1,14,1,0,11
78,38,6,3,98,3,0,16
78,39,0,1,64,3,0,75
78,40,-3,0,90,3,0,87
78,41,-2,3,69,1,0,52
78,42,-2,3,42,1,0,71
78,43,-17,0,67,1,0,43
78,44,10,1,52,1,0,69
78,45,-14,1,100,1,0,48
78,46,-19,0,63,1,0,81
78,47,-18,1,43,3,0,67
78,48,15,0,93,3,0,6
78,49,15,0,48,3,0,100
78,50,12,1,78,3,0,46
78,51,12,1,78,3,0,46
78,52,15,0,48,3,0,100
78,53,15,0,93,3,0,6
78,54,-18,1,43,3,0,67
78,55,-19,0,63,1,0,81
78,56,-14,1,100,1,0,48
78,57,10,1,52,1,0,69
78,58,-17,0,67,1,0,43
78,59,-2,3,42,1,0,71
78,60,-2,3,69,1,0,52
78,61,-3,0,90,3,0,87
78,62,0,1,64,3,0,75
78,63,6,3,98,3,0,16
78,64,4,1,14,1,0,11
78,65,12,1,80,3,0,60
78,66,8,1,9,1,0,62
78,67,3,0,15,3,0,17
78,68,-2,1,37,1,0,26
78,69,2,1,4,1,0,89
78,70,11,0,89,1,0,4
78,71,16,1,13,1,0,74
78,72,-7,0,12,1,0,97
78,73,6,1,45,3,0,73
78,74,2,1,77,1,0,2
78,75,-12,1,84,3,0,86
78,76,18,3,7,3,0,22
78,77,-8,1,97,1,0,12
78,78,-6,3,28,3,0,56
78,79,-18,1,1,3,0,53
78,80,-10,1,85,1,0,3
78,81,-6,1,22,3,0,7
78,82,-9,0,35,3,0,65
78,83,3,0,10,3,0,76
78,84,4,1,19,1,0,40
78,85,-3,0,34,3,0,58
78,86,6,1,68,3,0,29
78,87,-15,0,44,3,0,54
78,88,10,1,49,1,0,32
78,89,15,0,75,3,0,64
78,90,-13,0,32,1,0,49
78,91,6,3,27,3,0,88
78,92,6,3,60,3,0,80
78,93,-7,0,91,1,0,25
78,94,1,0,99,1,0,24
78,95,3,0,2,3,0,77
78,96,-10,1,70,1,0,83
78,97,-14,1,71,1,0,42
78,98,10,1,23,1,0,55
78,99,10,3,41,1,0,21
78,100,0,1,21,3,0,41
79,0,2,3,11,1,0,30
79,1,-18,1,43,3,0,57
79,2,1,0,99,1,0,37
79,3,-3,0,90,3,0,71
79,4,-15,0,44,3,0,58
79,5,-2,1,37,1,0,99
79,6,-10,1,85,1,0,93
79,7,-12,1,84,3,0,40
79,8,6,1,45,3,0,41
79,9,-9,0,35,3,0,96
79,10,8,1,9,1,0,3
79,11,15,0,75,3,0,65
79,12,-2,3,42,1,0,80
79,13,-10,1,70,1,0,48
79,14,15,0,48,3,0,70
79,15,10,3,41,1,0,45
79,16,-14,1,100,1,0,74
79,17,6,3,60,3,0,56
79,18,6,3,98,3,0,92
79,19,-3,0,34,3,0,81
79,20,11,0,89,1,0,23
79,21,-6,3,28,3,0,19
79,22,-8,1,97,1,0,69
79,23,16,1,13,1,0,72
79,24,4,1,19,1,0,28
79,25,4,1,14,1,0,38
79,26,6,3,27,3,0,1
79,27,10,1,52,1,0,18
79,28,10,1,23,1,0,89
79,29,12,1,78,3,0,12
79,30,-14,1,71,1,0,90
79,31,-17,0,67,1,0,20
79,32,-13,0,32,1,0,4
79,33,12,1,80,3,0,42
79,34,3,0,10,3,0,33
79,35,-7,0,12,1,0,78
79,36,18,3,7,3,0,76
79,37,-18,1,1,3,0,27
79,38,2,1,4,1,0,32
79,39,6,1,68,3,0,91
79,40,0,1,64,3,0,2
79,41,-7,0,91,1,0,68
79,42,-19,0,63,1,0,87
79,43,0,1,21,3,0,59
79,44,15,0,93,3,0,85
79,45,3,0,2,3,0,64
79,46,-2,3,69,1,0,97
79,47,10,1,49,1,0,83
79,48,3,0,15,3,0,22
79,49,-6,1,22,3,0,15
79,50,2,1,77,1,0,62
79,51,2,1,77,1,0,62
79,52,-6,1,22,3,0,15
79,53,3,0,15,3,0,22
79,54,10,1,49,1,0,83
79,55,-2,3,69,1,0,97
79,56,3,0,2,3,0,64
79,57,15,0,93,3,0,85
79,58,0,1,21,3,0,59
79,59,-19,0,63,1,0,87
79,60,-7,0,91,1,0,68
79,61,0,1,64,3,0,2
79,62,6,1,68,3,0,91
79,63,2,1,4,1,0,32
79,64,-18,1,1,3,0,27
79,65,18,3,7,3,0,76
79,66,-7,0,12,1,0,78
79,67,3,0,10,3,0,33
79,68,12,1,80,3,0,42
79,69,-13,0,32,1,0,4
79,70,-17,0,67,1,0,20
79,71,-14,1,71,1,0,90
79,72,12,1,78,3,0,12
79,73,10,1,23,1,0,89
79,74,10,1,52,1,0,18
79,75,6,3,27,3,0,1
79,76,4,1,14,1,0,38
79,77,4,1,19,1,0,28
79,78,16,1,13,1,0,72
79,79,-8,1,97,1,0,69
79,80,-6,3,28,3,0,19
79,81,11,0,89,1,0,23
79,82,-3,0,34,3,0,81
79,83,6,3,98,3,0,92
79,84,6,3,60,3,0,56
79,85,-14,1,100,1,0,74
79,86,10,3,41,1,0,45
79,87,15,0,48,3,0,70
79,88,-10,1,70,1,0,48
79,89,-2,3,42,1,0,80
79,90,15,0,75,3,0,65
79,91,8,1,9,1,0,3
79,92,-9,0,35,3,0,96
79,93,6,1,45,3,0,41
79,94,-12,1,84,3,0,40
79,95,-10,1,85,1,0,93
79,96,-2,1,37,1,0,99
79,97,-15,0,44,3,0,58
79,98,-3,0,90,3,0,71
79,99,1,0,99,1,0,37
79,100,-18,1,43,3,0,57
80,0,2,3,11,1,0,23
80,1,-14,1,100,1,0,50
80,2,-13,0,32,1,0,30
80,3,3,0,15,3,0,64
80,4,-18,1,1,3,0,51
80,5,-6,3,28,3,0,92
80,6,-2,1,37,1,0,86
80,7,15,0,75,3,0,33
80,8,10,1,52,1,0,34
80,9,0,1,21,3,0,89
80,10,-19,0,63,1,0,97
80,11,6,3,27,3,0,58
80,12,8,1,9,1,0,73
80,13,-10,1,85,1,0,41
80,14,-8,1,97,1,0,63
80,15,2,1,4,1,0,38
80,16,10,1,49,1,0,67
80,17,-17,0,67,1,0,49
80,18,10,3,41,1,0,85
80,19,-18,1,43,3,0,74
80,20,6,3,60,3,0,16
80,21,12,1,80,3,0,12
80,22,-6,1,22,3,0,62
80,23,18,3,7,3,0,65
80,24,11,0,89,1,0,21
80,25,-15,0,44,3,0,31
80,26,-2,3,42,1,0,95
80,27,10,1,23,1,0,11
80,28,15,0,93,3,0,82
80,29,-7,0,91,1,0,5
80,30,4,1,14,1,0,83
80,31,-9,0,35,3,0,13
80,32,-12,1,84,3,0,98
80,33,16,1,13,1,0,35
80,34,6,1,68,3,0,26
80,35,-2,3,69,1,0,71
80,36,-14,1,71,1,0,69
80,37,15,0,48,3,0,20
80,38,1,0,99,1,0,25
80,39,6,3,98,3,0,84
80,40,3,0,10,3,0,96
80,41,2,1,77,1,0,61
80,42,-7,0,12,1,0,80
80,43,-3,0,34,3,0,52
80,44,-3,0,90,3,0,78
80,45,-10,1,70,1,0,57
80,46,12,1,78,3,0,90
80,47,3,0,2,3,0,76
80,48,0,1,64,3,0,15
80,49,4,1,19,1,0,8
80,50,6,1,45,3,0,55
80,51,6,1,45,3,0,55
80,52,4,1,19,1,0,8
80,53,0,1,64,3,0,15
80,54,3,0,2,3,0,76
80,55,12,1,78,3,0,90
80,56,-10,1,70,1,0,57
80,57,-3,0,90,3,0,78
80,58,-3,0,34,3,0,52
80,59,-7,0,12,1,0,80
80,60,2,1,77,1,0,61
80,61,3,0,10,3,0,96
80,62,6,3,98,3,0,84
80,63,1,0,99,1,0,25
80,64,15,0,48,3,0,20
80,65,-14,1,71,1,0,69
80,66,-2,3,69,1,0,71
80,67,6,1,68,3,0,26
80,68,16,1,13,1,0,35
80,69,-12,1,84,3,0,98
80,70,-9,0,35,3,0,13
80,71,4,1,14,1,0,83
80,72,-7,0,91,1,0,5
80,73,15,0,93,3,0,82
80,74,10,1,23,1,0,11
80,75,-2,3,42,1,0,95
80,76,-15,0,44,3,0,31
80,77,11,0,89,1,0,21
80,78,18,3,7,3,0,65
80,79,-6,1,22,3,0,62
80,80,12,1,80,3,0,12
80,81,6,3,60,3,0,16
80,82,-18,1,43,3,0,74
80,83,10,3,41,1,0,85
80,84,-17,0,67,1,0,49
80,85,10,1,49,1,0,67
80,86,2,1,4,1,0,38
80,87,-8,1,97,1,0,63
80,88,-10,1,85,1,0,41
80,89,8,1,9,1,0,73
80,90,6,3,27,3,0,58
80,91,-19,0,63,1,0,97
80,92,0,1,21,3,0,89
80,93,10,1,52,1,0,34
80,94,15,0,75,3,0,33
80,95,-2,1,37,1,0,86
80,96,-6,3,28,3,0,92
80,97,-18,1,1,3,0,51
80,98,3,0,15,3,0,64
80,99,-13,0,32,1,0,30
80,100,-14,1,100,1,0,50
81,0,2,3,11,1,0,17
81,1,12,1,80,3,0,44
81,2,-7,0,12,1,0,24
81,3,1,0,99,1,0,58
81,4,-17,0,67,1,0,45
81,5,-18,1,1,3,0,86
81,6,-15,0,44,3,0,80
81,7,12,1,78,3,0,27
81,8,6,1,68,3,0,28
81,9,-10,1,85,1,0,83
81,10,10,1,52,1,0,91
81,11,-7,0,91,1,0,52
81,12,6,1,45,3,0,67
81,13,4,1,14,1,0,35
81,14,0,1,21,3,0,57
81,15,8,1,9,1,0,32
81,16,16,1,13,1,0,61
81,17,3,0,2,3,0,43
81,18,-2,3,42,1,0,79
81,19,-6,3,28,3,0,68
81,20,10,1,49,1,0,10
81,21,15,0,48,3,0,6
81,22,-3,0,34,3,0,56
81,23,-6,1,22,3,0,59
81,24,-14,1,100,1,0,15
81,25,6,3,60,3,0,25
81,26,2,1,77,1,0,89
81,27,6,3,98,3,0,5
81,28,10,3,41,1,0,76
81,29,3,0,15,3,0,100
81,30,11,0,89,1,0,77
81,31,-10,1,70,1,0,7
81,32,-2,3,69,1,0,92
81,33,-8,1,97,1,0,29
81,34,15,0,75,3,0,20
81,35,15,0,93,3,0,65
81,36,4,1,19,1,0,63
81,37,-9,0,35,3,0,14
81,38,-19,0,63,1,0,19
81,39,6,3,27,3,0,78
81,40,-12,1,84,3,0,90
81,41,0,1,64,3,0,55
81,42,10,1,23,1,0,74
81,43,-2,1,37,1,0,46
81,44,2,1,4,1,0,72
81,45,-14,1,71,1,0,51
81,46,-3,0,90,3,0,84
81,47,18,3,7,3,0,70
81,48,-13,0,32,1,0,9
81,49,-18,1,43,3,0,2
81,50,3,0,10,3,0,49
81,51,3,0,10,3,0,49
81,52,-18,1,43,3,0,2
81,53,-13,0,32,1,0,9
81,54,18,3,7,3,0,70
81,55,-3,0,90,3,0,84
81,56,-14,1,71,1,0,51
81,57,2,1,4,1,0,72
81,58,-2,1,37,1,0,46
81,59,10,1,23,1,0,74
81,60,0,1,64,3,0,55
81,61,-12,1,84,3,0,90
81,62,6,3,27,3,0,78
81,63,-19,0,63,1,0,19
81,64,-9,0,35,3,0,14
81,65,4,1,19,1,0,63
81,66,15,0,93,3,0,65
81,67,15,0,75,3,0,20
81,68,-8,1,97,1,0,29
81,69,-2,3,69,1,0,92
81,70,-10,1,70,1,0,7
81,71,11,0,89,1,0,77
81,72,3,0,15,3,0,100
81,73,10,3,41,1,0,76
81,74,6,3,98,3,0,5
81,75,2,1,77,1,0,89
81,76,6,3,60,3,0,25
81,77,-14,1,100,1,0,15
81,78,-6,1,22,3,0,59
81,79,-3,0,34,3,0,56
81,80,15,0,48,3,0,6
81,81,10,1,49,1,0,10
81,82,-6,3,28,3,0,68
81,83,-2,3,42,1,0,79
81,84,3,0,2,3,0,43
81,85,16,1,13,1,0,61
81,86,8,1,9,1,0,32
81,87,0,1,21,3,0,57
81,88,4,1,14,1,0,35
81,89,6,1,45,3,0,67
81,90,-7,0,91,1,0,52
81,91,10,1,52,1,0,91
81,92,-10,1,85,1,0,83
81,93,6,1,68,3,0,28
81,94,12,1,78,3,0,27
81,95,-15,0,44,3,0,80
81,96,-18,1,1,3,0,86
81,97,-17,0,67,1,0,45
81,98,1,0,99,1,0,58
81,99,-7,0,12,1,0,24
81,100,12,1,80,3,0,44
82,0,-2,3,11,1,0,36
82,1,0,1,64,3,0,63
82,2,6,3,28,3,0,43
82,3,3,0,34,3,0,77
82,4,19,0,63,1,0,64
82,5,-1,0,99,1,0,4
82,6,-2,1,4,1,0,99
82,7,-16,1,13,1,0,46
82,8,-6,3,60,3,0,47
82,9,-15,0,93,3,0,1
82,10,15,0,44,3,0,9
82,11,-18,3,7,3,0,71
82,12,-4,1,14,1,0,86
82,13,-10,3,41,1,0,54
82,14,2,3,69,1,0,76
82,15,10,1,85,1,0,51
82,16,-3,0,10,3,0,80
82,17,-10,1,52,1,0,62
82,18,10,1,70,1,0,98
82,19,-3,0,15,3,0,87
82,20,-6,1,45,3,0,29
82,21,13,0,32,1,0,25
82,22,-12,1,78,3,0,75
82,23,-15,0,75,3,0,78
82,24,-2,1,77,1,0,34
82,25,-8,1,9,1,0,44
82,26,14,1,71,1,0,7
82,27,17,0,67,1,0,24
82,28,9,0,35,3,0,95
82,29,6,1,22,3,0,18
82,30,2,3,42,1,0,96
82,31,-10,1,23,1,0,26
82,32,-12,1,80,3,0,10
82,33,12,1,84,3,0,48
82,34,-10,1,49,1,0,39
82,35,-15,0,48,3,0,84
82,36,-6,3,27,3,0,82
82,37,7,0,12,1,0,33
82,38,2,1,37,1,0,38
82,39,-3,0,2,3,0,97
82,40,14,1,100,1,0,8
82,41,-4,1,19,1,0,74
82,42,18,1,1,3,0,93
82,43,3,0,90,3,0,65
82,44,0,1,21,3,0,91
82,45,-6,3,98,3,0,70
82,46,8,1,97,1,0,2
82,47,-6,1,68,3,0,89
82,48,18,1,43,3,0,28
82,49,7,0,91,1,0,21
82,50,-11,0,89,1,0,68
82,51,-11,0,89,1,0,68
82,52,7,0,91,1,0,21
82,53,18,1,43,3,0,28
82,54,-6,1,68,3,0,89
82,55,8,1,97,1,0,2
82,56,-6,3,98,3,0,70
82,57,0,1,21,3,0,91
82,58,3,0,90,3,0,65
82,59,18,1,1,3,0,93
82,60,-4,1,19,1,0,74
82,61,14,1,100,1,0,8
82,62,-3,0,2,3,0,97
82,63,2,1,37,1,0,38
82,64,7,0,12,1,0,33
82,65,-6,3,27,3,0,82
82,66,-15,0,48,3,0,84
82,67,-10,1,49,1,0,39
82,68,12,1,84,3,0,48
82,69,-12,1,80,3,0,10
82,70,-10,1,23,1,0,26
82,71,2,3,42,1,0,96
82,72,6,1,22,3,0,18
82,73,9,0,35,3,0,95
82,74,17,0,67,1,0,24
82,75,14,1,71,1,0,7
82,76,-8,1,9,1,0,44
82,77,-2,1,77,1,0,34
82,78,-15,0,75,3,0,78
82,79,-12,1,78,3,0,75
82,80,13,0,32,1,0,25
82,81,-6,1,45,3,0,29
82,82,-3,0,15,3,0,87
82,83,10,1,70,1,0,98
82,84,-10,1,52,1,0,62
82,85,-3,0,10,3,0,80
82,86,10,1,85,1,0,51
82,87,2,3,69,1,0,76
82,88,-10,3,41,1,0,54
82,89,-4,1,14,1,0,86
82,90,-18,3,7,3,0,71
82,91,15,0,44,3,0,9
82,92,-15,0,93,3,0,1
82,93,-6,3,60,3,0,47
82,94,-16,1,13,1,0,46
82,95,-2,1,4,1,0,99
82,96,-1,0,99,1,0,4
82,97,19,0,63,1,0,64
82,98,3,0,34,3,0,77
82,99,6,3,28,3,0,43
82,100,0,1,64,3,0,63
83,0,20,1,11,1,0,3
83,1,11,0,92,1,0,30
83,2,6,1,74,3,0,10
83,3,8,1,26,1,0,44
83,4,9,0,76,3,0,31
83,5,12,1,72,3,0,72
83,6,-14,1,51,1,0,66
83,7,10,3,88,1,0,13
83,8,-10,3,24,1,0,14
83,9,14,1,40,1,0,69
83,10,7,0,87,1,0,77
83,11,-6,1,62,3,0,38
83,12,-2,1,94,1,0,53
83,13,-1,0,16,1,0,21
83,14,-5,0,36,1,0,43
83,15,12,1,86,3,0,18
83,16,-13,0,5,1,0,47
83,17,-12,1,29,3,0,29
83,18,11,0,58,1,0,65
83,19,17,0,96,1,0,54
83,20,5,0,17,1,0,97
83,21,0,1,59,3,0,93
83,22,-12,1,8,3,0,42
83,23,-9,0,95,3,0,45
83,24,5,0,33,1,0,1
83,25,0,1,3,3,0,11
83,26,0,1,57,3,0,75
83,27,-6,3,30,3,0,92
83,28,-18,1,38,3,0,62
83,29,-4,1,18,1,0,86
83,30,-6,1,39,3,0,63
83,31,-18,1,53,3,0,94
83,32,-3,0,82,3,0,78
83,33,10,1,83,1,0,15
83,34,3,0,56,3,0,6
83,35,0,1,66,3,0,51
83,36,18,3,79,3,0,49
83,38,-7,0,47,1,0,5
83,39,10,3,81,1,0,64
83,40,-9,0,31,3,0,76
83,41,-8,1,55,1,0,41
83,42,4,1,46,1,0,60
83,43,-16,1,61,1,0,32
83,44,-6,3,65,3,0,58
83,45,-3,0,20,3,0,37
83,46,15,0,25,3,0,70
83,47,14,3,6,1,0,56
83,48,-14,3,54,1,0,96
83,49,-12,1,73,3,0,89
83,50,2,1,50,1,0,35
83,51,2,1,50,1,0,35
83,52,-12,1,73,3,0,89
83,53,-14,3,54,1,0,96
83,54,14,3,6,1,0,56
83,55,15,0,25,3,0,70
83,56,-3,0,20,3,0,37
83,57,-6,3,65,3,0,58
83,58,-16,1,61,1,0,32
83,59,4,1,46,1,0,60
83,60,-8,1,55,1,0,41
83,61,-9,0,31,3,0,76
83,62,10,3,81,1,0,64
83,63,-7,0,47,1,0,5
83,65,18,3,79,3,0,49
83,66,0,1,66,3,0,51
83,67,3,0,56,3,0,6
83,68,10,1,83,1,0,15
83,69,-3,0,82,3,0,78
83,70,-18,1,53,3,0,94
83,71,-6,1,39,3,0,63
83,72,-4,1,18,1,0,86
83,73,-18,1,38,3,0,62
83,74,-6,3,30,3,0,92
83,75,0,1,57,3,0,75
83,76,0,1,3,3,0,11
83,77,5,0,33,1,0,1
83,78,-9,0,95,3,0,45
83,79,-12,1,8,3,0,42
83,80,0,1,59,3,0,93
83,81,5,0,17,1,0,97
83,82,17,0,96,1,0,54
83,83,11,0,58,1,0,65
83,84,-12,1,29,3,0,29
83,85,-13,0,5,1,0,47
83,86,12,1,86,3,0,18
83,87,-5,0,36,1,0,43
83,88,-1,0,16,1,0,21
83,89,-2,1,94,1,0,53
83,90,-6,1,62,3,0,38
83,91,7,0,87,1,0,77
83,92,14,1,40,1,0,69
83,93,-10,3,24,1,0,14
83,94,10,3,88,1,0,13
83,95,-14,1,51,1,0,66
83,96,12,1,72,3,0,72
83,97,9,0,76,3,0,31
83,98,8,1,26,1,0,44
83,99,6,1,74,3,0,10
83,100,11,0,92,1,0,30
84,0,2,3,11,1,0,43
84,1,11,0,89,1,0,70
84,2,0,1,64,3,0,50
84,3,-7,0,91,1,0,84
84,4,-6,3,28,3,0,71
84,5,-18,1,43,3,0,11
84,6,-3,0,34,3,0,5
84,7,6,1,68,3,0,53
84,8,-19,0,63,1,0,54
84,9,-8,1,97,1,0,8
84,10,1,0,99,1,0,16
84,11,6,3,98,3,0,78
84,12,2,1,4,1,0,93
84,13,0,1,21,3,0,61
84,14,16,1,13,1,0,83
84,15,-3,0,90,3,0,58
84,16,6,3,60,3,0,87
84,17,-18,1,1,3,0,69
84,18,15,0,93,3,0,4
84,19,4,1,19,1,0,94
84,20,-15,0,44,3,0,36
84,21,-14,1,100,1,0,32
84,22,18,3,7,3,0,82
84,23,3,0,2,3,0,85
84,24,4,1,14,1,0,41
84,25,-2,1,37,1,0,51
84,26,10,3,41,1,0,14
84,27,-7,0,12,1,0,31
84,28,-2,3,69,1,0,1
84,29,6,3,27,3,0,25
84,30,-10,1,85,1,0,2
84,31,15,0,48,3,0,33
84,32,3,0,10,3,0,17
84,33,10,1,49,1,0,55
84,34,10,1,52,1,0,46
84,35,-12,1,84,3,0,91
84,36,-10,1,70,1,0,89
84,37,12,1,80,3,0,40
84,38,3,0,15,3,0,45
84,39,10,1,23,1,0,3
84,40,6,1,45,3,0,15
84,41,-2,3,42,1,0,81
84,42,-13,0,32,1,0,100
84,43,-6,1,22,3,0,72
84,44,12,1,78,3,0,98
84,45,-9,0,35,3,0,77
84,46,15,0,75,3,0,9
84,47,-17,0,67,1,0,96
84,48,2,1,77,1,0,35
84,49,-14,1,71,1,0,28
84,50,8,1,9,1,0,75
84,51,8,1,9,1,0,75
84,52,-14,1,71,1,0,28
84,53,2,1,77,1,0,35
84,54,-17,0,67,1,0,96
84,55,15,0,75,3,0,9
84,56,-9,0,35,3,0,77
84,57,12,1,78,3,0,98
84,58,-6,1,22,3,0,72
84,59,-13,0,32,1,0,100
84,60,-2,3,42,1,0,81
84,61,6,1,45,3,0,15
84,62,10,1,23,1,0,3
84,63,3,0,15,3,0,45
84,64,12,1,80,3,0,40
84,65,-10,1,70,1,0,89
84,66,-12,1,84,3,0,91
84,67,10,1,52,1,0,46
84,68,10,1,49,1,0,55
84,69,3,0,10,3,0,17
84,70,15,0,48,3,0,33
84,71,-10,1,85,1,0,2
84,72,6,3,27,3,0,25
84,73,-2,3,69,1,0,1
84,74,-7,0,12,1,0,31
84,75,10,3,41,1,0,14
84,76,-2,1,37,1,0,51
84,77,4,1,14,1,0,41
84,78,3,0,2,3,0,85
84,79,18,3,7,3,0,82
84,80,-14,1,100,1,0,32
84,81,-15,0,44,3,0,36
84,82,4,1,19,1,0,94
84,83,15,0,93,3,0,4
84,84,-18,1,1,3,0,69
84,85,6,3,60,3,0,87
84,86,-3,0,90,3,0,58
84,87,16,1,13,1,0,83
84,88,0,1,21,3,0,61
84,89,2,1,4,1,0,93
84,90,6,3,98,3,0,78
84,91,1,0,99,1,0,16
84,92,-8,1,97,1,0,8
84,93,-19,0,63,1,0,54
84,94,6,1,68,3,0,53
84,95,-3,0,34,3,0,5
84,96,-18,1,43,3,0,11
84,97,-6,3,28,3,0,71
84,98,-7,0,91,1,0,84
84,99,0,1,64,3,0,50
84,100,11,0,89,1,0,70
85,0,-2,3,11,1,0,79
85,1,-15,0,93,3,0,5
85,2,10,1,70,1,0,86
85,3,17,0,67,1,0,19
85,4,-6,3,27,3,0,6
85,5,-6,3,98,3,0,47
85,6,-6,1,68,3,0,41
85,7,2,1,37,1,0,89
85,8,6,1,22,3,0,90
85,9,-6,1,45,3,0,44
85,10,-18,3,7,3,0,52
85,11,6,3,28,3,0,13
85,12,-16,1,13,1,0,28
85,13,-3,0,10,3,0,97
85,14,-8,1,9,1,0,18
85,15,-10,1,49,1,0,94
85,16,3,0,90,3,0,22
85,17,7,0,91,1,0,4
85,18,14,1,100,1,0,40
85,19,-10,1,23,1,0,29
85,20,-12,1,78,3,0,72
85,21,-10,3,41,1,0,68
85,22,19,0,63,1,0,17
85,23,-1,0,99,1,0,20
85,24,2,3,69,1,0,77
85,25,-15,0,75,3,0,87
85,26,-12,1,80,3,0,50
85,27,-4,1,19,1,0,67
85,28,-11,0,89,1,0,37
85,29,18,1,1,3,0,61
85,30,12,1,84,3,0,38
85,31,-2,1,77,1,0,69
85,32,10,1,85,1,0,53
85,33,-2,1,4,1,0,91
85,34,3,0,34,3,0,82
85,35,-4,1,14,1,0,26
85,36,13,0,32,1,0,24
85,37,2,3,42,1,0,76
85,38,-3,0,2,3,0,81
85,39,18,1,43,3,0,39
85,40,0,1,21,3,0,51
85,41,-15,0,48,3,0,16
85,42,14,1,71,1,0,35
85,43,-10,1,52,1,0,7
85,44,-6,3,60,3,0,33
85,45,0,1,64,3,0,12
85,46,15,0,44,3,0,45
85,47,-3,0,15,3,0,31
85,48,9,0,35,3,0,71
85,49,7,0,12,1,0,64
85,50,8,1,97,1,0,10
85,51,8,1,97,1,0,10
85,52,7,0,12,1,0,64
85,53,9,0,35,3,0,71
85,54,-3,0,15,3,0,31
85,55,15,0,44,3,0,45
85,56,0,1,64,3,0,12
85,57,-6,3,60,3,0,33
85,58,-10,1,52,1,0,7
85,59,14,1,71,1,0,35
85,60,-15,0,48,3,0,16
85,61,0,1,21,3,0,51
85,62,18,1,43,3,0,39
85,63,-3,0,2,3,0,81
85,64,2,3,42,1,0,76
85,65,13,0,32,1,0,24
85,66,-4,1,14,1,0,26
85,67,3,0,34,3,0,82
85,68,-2,1,4,1,0,91
85,69,10,1,85,1,0,53
85,70,-2,1,77,1,0,69
85,71,12,1,84,3,0,38
85,72,18,1,1,3,0,61
85,73,-11,0,89,1,0,37
85,74,-4,1,19,1,0,67
85,75,-12,1,80,3,0,50
85,76,-15,0,75,3,0,87
85,77,2,3,69,1,0,77
85,78,-1,0,99,1,0,20
85,79,19,0,63,1,0,17
85,80,-10,3,41,1,0,68
85,81,-12,1,78,3,0,72
85,82,-10,1,23,1,0,29
85,83,14,1,100,1,0,40
85,84,7,0,91,1,0,4
85,85,3,0,90,3,0,22
85,86,-10,1,49,1,0,94
85,87,-8,1,9,1,0,18
85,88,-3,0,10,3,0,97
85,89,-16,1,13,1,0,28
85,90,6,3,28,3,0,13
85,91,-18,3,7,3,0,52
85,92,-6,1,45,3,0,44
85,93,6,1,22,3,0,90
85,94,2,1,37,1,0,89
85,95,-6,1,68,3,0,41
85,96,-6,3,98,3,0,47
85,97,-6,3,27,3,0,6
85,98,17,0,67,1,0,19
85,99,10,1,70,1,0,86
85,100,-15,0,93,3,0,5
86,0,-20,1,11,1,0,34
86,1,-8,1,26,1,0,61
86,2,14,1,51,1,0,41
86,3,-14,1,40,1,0,75
86,4,2,1,94,1,0,62
86,5,-12,1,86,3,0,2
86,6,-11,0,58,1,0,97
86,7,0,1,59,3,0,44
86,8,-5,0,33,1,0,45
86,9,6,3,30,3,0,100
86,10,6,1,39,3,0,7
86,11,-10,1,83,1,0,69
86,12,-18,3,79,3,0,84
86,13,-10,3,81,1,0,52
86,14,-4,1,46,1,0,74
86,15,3,0,20,3,0,49
86,16,14,3,54,1,0,78
86,17,-2,1,50,1,0,60
86,18,-14,3,6,1,0,96
86,19,6,3,65,3,0,85
86,20,8,1,55,1,0,27
86,21,7,0,47,1,0,23
86,22,0,1,66,3,0,73
86,23,3,0,82,3,0,76
86,24,4,1,18,1,0,32
86,25,0,1,57,3,0,42
86,26,9,0,95,3,0,5
86,27,-5,0,17,1,0,22
86,28,12,1,29,3,0,93
86,29,5,0,36,1,0,16
86,30,6,1,62,3,0,94
86,31,10,3,24,1,0,24
86,32,-12,1,72,3,0,8
86,33,-6,1,74,3,0,46
86,34,-11,0,92,1,0,37
86,35,-9,0,76,3,0,82
86,36,-10,3,88,1,0,80
86,37,-7,0,87,1,0,31
86,38,1,0,16,1,0,36
86,39,13,0,5,1,0,95
86,40,-17,0,96,1,0,6
86,41,12,1,8,3,0,72
86,42,0,1,3,3,0,91
86,43,18,1,38,3,0,63
86,44,18,1,53,3,0,89
86,45,-3,0,56,3,0,68
86,47,9,0,31,3,0,87
86,48,16,1,61,1,0,26
86,49,-15,0,25,3,0,19
86,50,12,1,73,3,0,66
86,51,12,1,73,3,0,66
86,52,-15,0,25,3,0,19
86,53,16,1,61,1,0,26
86,54,9,0,31,3,0,87
86,56,-3,0,56,3,0,68
86,57,18,1,53,3,0,89
86,58,18,1,38,3,0,63
86,59,0,1,3,3,0,91
86,60,12,1,8,3,0,72
86,61,-17,0,96,1,0,6
86,62,13,0,5,1,0,95
86,63,1,0,16,1,0,36
86,64,-7,0,87,1,0,31
86,65,-10,3,88,1,0,80
86,66,-9,0,76,3,0,82
86,67,-11,0,92,1,0,37
86,68,-6,1,74,3,0,46
86,69,-12,1,72,3,0,8
86,70,10,3,24,1,0,24
86,71,6,1,62,3,0,94
86,72,5,0,36,1,0,16
86,73,12,1,29,3,0,93
86,74,-5,0,17,1,0,22
86,75,9,0,95,3,0,5
86,76,0,1,57,3,0,42
86,77,4,1,18,1,0,32
86,78,3,0,82,3,0,76
86,79,0,1,66,3,0,73
86,80,7,0,47,1,0,23
86,81,8,1,55,1,0,27
86,82,6,3,65,3,0,85
86,83,-14,3,6,1,0,96
86,84,-2,1,50,1,0,60
86,85,14,3,54,1,0,78
86,86,3,0,20,3,0,49
86,87,-4,1,46,1,0,74
86,88,-10,3,81,1,0,52
86,89,-18,3,79,3,0,84
86,90,-10,1,83,1,0,69
86,91,6,1,39,3,0,7
86,92,6,3,30,3,0,100
86,93,-5,0,33,1,0,45
86,94,0,1,59,3,0,44
86,95,-11,0,58,1,0,97
86,96,-12,1,86,3,0,2
86,97,2,1,94,1,0,62
86,98,-14,1,40,1,0,75
86,99,14,1,51,1,0,41
86,100,-8,1,26,1,0,61
87,0,2,3,11,1,0,33
87,1,-18,1,1,3,0,60
87,2,10,1,52,1,0,40
87,3,8,1,9,1,0,74
87,4,10,1,49,1,0,61
87,5,6,3,60,3,0,1
87,6,11,0,89,1,0,96
87,7,15,0,93,3,0,43
87,8,-12,1,84,3,0,44
87,9,-14,1,71,1,0,99
87,10,3,0,10,3,0,6
87,11,-3,0,90,3,0,68
87,12,0,1,64,3,0,83
87,13,4,1,19,1,0,51
87,14,-10,1,70,1,0,73
87,15,2,1,77,1,0,48
87,16,15,0,48,3,0,77
87,17,16,1,13,1,0,59
87,18,-7,0,91,1,0,95
87,19,-15,0,44,3,0,84
87,20,12,1,80,3,0,26
87,21,-17,0,67,1,0,22
87,22,-10,1,85,1,0,72
87,23,0,1,21,3,0,75
87,24,-6,3,28,3,0,31
87,25,-14,1,100,1,0,41
87,26,3,0,15,3,0,4
87,27,15,0,75,3,0,21
87,28,6,3,27,3,0,92
87,29,2,1,4,1,0,15
87,30,-18,1,43,3,0,93
87,31,18,3,7,3,0,23
87,32,10,1,23,1,0,7
87,33,-9,0,35,3,0,45
87,34,-2,3,69,1,0,36
87,35,6,3,98,3,0,81
87,36,-3,0,34,3,0,79
87,37,3,0,2,3,0,30
87,38,6,1,45,3,0,35
87,39,12,1,78,3,0,94
87,40,-7,0,12,1,0,5
87,41,1,0,99,1,0,71
87,42,6,1,68,3,0,90
87,43,4,1,14,1,0,62
87,44,-2,3,42,1,0,88
87,45,-6,1,22,3,0,67
87,46,10,3,41,1,0,100
87,47,-8,1,97,1,0,86
87,48,-19,0,63,1,0,25
87,49,-2,1,37,1,0,18
87,50,-13,0,32,1,0,65
87,51,-13,0,32,1,0,65
87,52,-2,1,37,1,0,18
87,53,-19,0,63,1,0,25
87,54,-8,1,97,1,0,86
87,55,10,3,41,1,0,100
87,56,-6,1,22,3,0,67
87,57,-2,3,42,1,0,88
87,58,4,1,14,1,0,62
87,59,6,1,68,3,0,90
87,60,1,0,99,1,0,71
87,61,-7,0,12,1,0,5
87,62,12,1,78,3,0,94
87,63,6,1,45,3,0,35
87,64,3,0,2,3,0,30
87,65,-3,0,34,3,0,79
87,66,6,3,98,3,0,81
87,67,-2,3,69,1,0,36
87,68,-9,0,35,3,0,45
87,69,10,1,23,1,0,7
87,70,18,3,7,3,0,23
87,71,-18,1,43,3,0,93
87,72,2,1,4,1,0,15
87,73,6,3,27,3,0,92
87,74,15,0,75,3,0,21
87,75,3,0,15,3,0,4
87,76,-14,1,100,1,0,41
87,77,-6,3,28,3,0,31
87,78,0,1,21,3,0,75
87,79,-10,1,85,1,0,72
87,80,-17,0,67,1,0,22
87,81,12,1,80,3,0,26
87,82,-15,0,44,3,0,84
87,83,-7,0,91,1,0,95
87,84,16,1,13,1,0,59
87,85,15,0,48,3,0,77
87,86,2,1,77,1,0,48
87,87,-10,1,70,1,0,73
87,88,4,1,19,1,0,51
87,89,0,1,64,3,0,83
87,90,-3,0,90,3,0,68
87,91,3,0,10,3,0,6
87,92,-14,1,71,1,0,99
87,93,-12,1,84,3,0,44
87,94,15,0,93,3,0,43
87,95,11,0,89,1,0,96
87,96,6,3,60,3,0,1
87,97,10,1,49,1,0,61
87,98,8,1,9,1,0,74
87,99,10,1,52,1,0,40
87,100,-18,1,1,3,0,60
88,0,2,3,11,1,0,100
88,1,4,1,19,1,0,26
88,2,3,0,15,3,0,6
88,3,12,1,78,3,0,40
88,4,-2,1,37,1,0,27
88,5,-3,0,34,3,0,68
88,6,0,1,21,3,0,62
88,7,3,0,10,3,0,9
88,8,8,1,9,1,0,10
88,9,15,0,48,3,0,65
88,10,2,1,4,1,0,73
88,11,6,1,68,3,0,34
88,12,10,3,41,1,0,49
88,13,-9,0,35,3,0,17
88,14,12,1,80,3,0,39
88,15,15,0,93,3,0,14
88,16,11,0,89,1,0,43
88,17,-15,0,44,3,0,25
88,18,10,1,23,1,0,61
88,19,-6,1,22,3,0,50
88,20,4,1,14,1,0,93
88,21,-18,1,43,3,0,89
88,22,16,1,13,1,0,38
88,23,10,1,49,1,0,41
88,24,-14,1,71,1,0,98
88,25,-10,1,85,1,0,7
88,26,6,3,98,3,0,71
88,27,-19,0,63,1,0,88
88,28,-7,0,12,1,0,58
88,29,15,0,75,3,0,82
88,30,-10,1,70,1,0,59
88,31,-18,1,1,3,0,90
88,32,0,1,64,3,0,74
88,33,-14,1,100,1,0,11
88,34,6,1,45,3,0,2
88,35,-13,0,32,1,0,47
88,36,3,0,2,3,0,45
88,37,-6,3,28,3,0,97
88,38,-3,0,90,3,0,1
88,39,10,1,52,1,0,60
88,40,2,1,77,1,0,72
88,41,6,3,27,3,0,37
88,42,1,0,99,1,0,56
88,43,-8,1,97,1,0,28
88,44,-2,3,69,1,0,54
88,45,-17,0,67,1,0,33
88,46,-12,1,84,3,0,66
88,47,6,3,60,3,0,52
88,48,-7,0,91,1,0,92
88,49,18,3,7,3,0,85
88,50,-2,3,42,1,0,31
88,51,-2,3,42,1,0,31
88,52,18,3,7,3,0,85
88,53,-7,0,91,1,0,92
88,54,6,3,60,3,0,52
88,55,-12,1,84,3,0,66
88,56,-17,0,67,1,0,33
88,57,-2,3,69,1,0,54
88,58,-8,1,97,1,0,28
88,59,1,0,99,1,0,56
88,60,6,3,27,3,0,37
88,61,2,1,77,1,0,72
88,62,10,1,52,1,0,60
88,63,-3,0,90,3,0,1
88,64,-6,3,28,3,0,97
88,65,3,0,2,3,0,45
88,66,-13,0,32,1,0,47
88,67,6,1,45,3,0,2
88,68,-14,1,100,1,0,11
88,69,0,1,64,3,0,74
88,70,-18,1,1,3,0,90
88,71,-10,1,70,1,0,59
88,72,15,0,75,3,0,82
88,73,-7,0,12,1,0,58
88,74,-19,0,63,1,0,88
88,75,6,3,98,3,0,71
88,76,-10,1,85,1,0,7
88,77,-14,1,71,1,0,98
88,78,10,1,49,1,0,41
88,79,16,1,13,1,0,38
88,80,-18,1,43,3,0,89
88,81,4,1,14,1,0,93
88,82,-6,1,22,3,0,50
88,83,10,1,23,1,0,61
88,84,-15,0,44,3,0,25
88,85,11,0,89,1,0,43
88,86,15,0,93,3,0,14
88,87,12,1,80,3,0,39
88,88,-9,0,35,3,0,17
88,89,10,3,41,1,0,49
88,90,6,1,68,3,0,34
88,91,2,1,4,1,0,73
88,92,15,0,48,3,0,65
88,93,8,1,9,1,0,10
88,94,3,0,10,3,0,9
88,95,0,1,21,3,0,62
88,96,-3,0,34,3,0,68
88,97,-2,1,37,1,0,27
88,98,12,1,78,3,0,40
88,99,3,0,15,3,0,6
88,100,4,1,19,1,0,26
89,0,20,1,11,1,0,57
89,1,9,0,76,3,0,84
89,2,-10,3,24,1,0,64
89,3,-2,1,94,1,0,98
89,4,-13,0,5,1,0,85
89,5,5,0,17,1,0,25
89,6,5,0,33,1,0,19
89,7,-18,1,38,3,0,67
89,8,-3,0,82,3,0,68
89,9,18,3,79,3,0,22
89,10,-9,0,31,3,0,30
89,11,-6,3,65,3,0,92
89,12,-14,3,54,1,0,6
89,13,-12,1,73,3,0,75
89,14,-3,0,20,3,0,97
89,15,-8,1,55,1,0,72
89,17,10,1,83,1,0,83
89,18,-4,1,18,1,0,18
89,19,0,1,3,3,0,7
89,20,0,1,59,3,0,50
89,21,-12,1,29,3,0,46
89,22,-1,0,16,1,0,96
89,23,14,1,40,1,0,99
89,24,12,1,72,3,0,55
89,25,11,0,92,1,0,65
89,26,8,1,26,1,0,28
89,27,10,3,88,1,0,45
89,28,-6,1,62,3,0,15
89,29,12,1,86,3,0,39
89,30,17,0,96,1,0,16
89,31,-9,0,95,3,0,47
89,32,-6,3,30,3,0,31
89,33,-18,1,53,3,0,69
89,34,0,1,66,3,0,60
89,35,10,3,81,1,0,4
89,36,-16,1,61,1,0,2
89,37,14,3,6,1,0,54
89,38,2,1,50,1,0,59
89,39,15,0,25,3,0,17
89,40,4,1,46,1,0,29
89,41,-7,0,47,1,0,95
89,42,3,0,56,3,0,13
89,43,-6,1,39,3,0,86
89,44,0,1,57,3,0,11
89,45,-12,1,8,3,0,91
89,46,11,0,58,1,0,23
89,47,-5,0,36,1,0,9
89,48,7,0,87,1,0,49
89,49,-14,1,51,1,0,42
89,50,6,1,74,3,0,89
89,51,6,1,74,3,0,89
89,52,-14,1,51,1,0,42
89,53,7,0,87,1,0,49
89,54,-5,0,36,1,0,9
89,55,11,0,58,1,0,23
89,56,-12,1,8,3,0,91
89,57,0,1,57,3,0,11
89,58,-6,1,39,3,0,86
89,59,3,0,56,3,0,13
89,60,-7,0,47,1,0,95
89,61,4,1,46,1,0,29
89,62,15,0,25,3,0,17
89,63,2,1,50,1,0,59
89,64,14,3,6,1,0,54
89,65,-16,1,61,1,0,2
89,66,10,3,81,1,0,4
89,67,0,1,66,3,0,60
89,68,-18,1,53,3,0,69
89,69,-6,3,30,3,0,31
89,70,-9,0,95,3,0,47
89,71,17,0,96,1,0,16
89,72,12,1,86,3,0,39
89,73,-6,1,62,3,0,15
89,74,10,3,88,1,0,45
89,75,8,1,26,1,0,28
89,76,11,0,92,1,0,65
89,77,12,1,72,3,0,55
89,78,14,1,40,1,0,99
89,79,-1,0,16,1,0,96
89,80,-12,1,29,3,0,46
89,81,0,1,59,3,0,50
89,82,0,1,3,3,0,7
89,83,-4,1,18,1,0,18
89,84,10,1,83,1,0,83
89,86,-8,1,55,1,0,72
89,87,-3,0,20,3,0,97
89,88,-12,1,73,3,0,75
89,89,-14,3,54,1,0,6
89,90,-6,3,65,3,0,92
89,91,-9,0,31,3,0,30
89,92,18,3,79,3,0,22
89,93,-3,0,82,3,0,68
89,94,-18,1,38,3,0,67
89,95,5,0,33,1,0,19
89,96,5,0,17,1,0,25
89,97,-13,0,5,1,0,85
89,98,-2,1,94,1,0,98
89,99,-10,3,24,1,0,64
89,100,9,0,76,3,0,84
90,0,-20,1,11,1,0,29
90,1,-11,0,58,1,0,56
90,2,-18,3,79,3,0,36
90,3,-14,3,6,1,0,70
90,4,4,1,18,1,0,57
90,5,6,1,62,3,0,98
90,6,-10,3,88,1,0,92
90,7,0,1,3,3,0,39
90,8,16,1,61,1,0,40
90,9,9,0,31,3,0,95
90,10,12,1,8,3,0,2
90,11,-9,0,76,3,0,64
90,12,5,0,36,1,0,79
90,13,3,0,82,3,0,47
90,14,-2,1,50,1,0,69
90,15,-10,1,83,1,0,44
90,16,-12,1,86,3,0,73
90,17,-8,1,26,1,0,55
90,18,0,1,59,3,0,91
90,19,-10,3,81,1,0,80
90,20,6,3,65,3,0,22
90,21,0,1,57,3,0,18
90,22,10,3,24,1,0,68
90,23,-7,0,87,1,0,71
90,24,18,1,38,3,0,27
90,25,-15,0,25,3,0,37
90,27,-17,0,96,1,0,17
90,28,-11,0,92,1,0,88
90,29,12,1,29,3,0,11
90,30,0,1,66,3,0,89
90,31,14,3,54,1,0,19
90,32,6,1,39,3,0,3
90,33,2,1,94,1,0,41
90,34,14,1,51,1,0,32
90,35,-5,0,33,1,0,77
90,36,-4,1,46,1,0,75
90,37,8,1,55,1,0,26
90,38,9,0,95,3,0,31
90,39,-12,1,72,3,0,90
90,40,1,0,16,1,0,1
90,41,18,1,53,3,0,67
90,42,12,1,73,3,0,86
90,43,-3,0,56,3,0,58
90,44,13,0,5,1,0,84
90,45,-6,1,74,3,0,63
90,46,-5,0,17,1,0,96
90,47,7,0,47,1,0,82
90,48,3,0,20,3,0,21
90,49,6,3,30,3,0,14
90,50,-14,1,40,1,0,61
90,51,-14,1,40,1,0,61
90,52,6,3,30,3,0,14
90,53,3,0,20,3,0,21
90,54,7,0,47,1,0,82
90,55,-5,0,17,1,0,96
90,56,-6,1,74,3,0,63
90,57,13,0,5,1,0,84
90,58,-3,0,56,3,0,58
90,59,12,1,73,3,0,86
90,60,18,1,53,3,0,67
90,61,1,0,16,1,0,1
90,62,-12,1,72,3,0,90
90,63,9,0,95,3,0,31
90,64,8,1,55,1,0,26
90,65,-4,1,46,1,0,75
90,66,-5,0,33,1,0,77
90,67,14,1,51,1,0,32
90,68,2,1,94,1,0,41
90,69,6,1,39,3,0,3
90,70,14,3,54,1,0,19
90,71,0,1,66,3,0,89
90,72,12,1,29,3,0,11
90,73,-11,0,92,1,0,88
90,74,-17,0,96,1,0,17
90,76,-15,0,25,3,0,37
90,77,18,1,38,3,0,27
90,78,-7,0,87,1,0,71
90,79,10,3,24,1,0,68
90,80,0,1,57,3,0,18
90,81,6,3,65,3,0,22
90,82,-10,3,81,1,0,80
90,83,0,1,59,3,0,91
90,84,-8,1,26,1,0,55
90,85,-12,1,86,3,0,73
90,86,-10,1,83,1,0,44
90,87,-2,1,50,1,0,69
90,88,3,0,82,3,0,47
90,89,5,0,36,1,0,79
90,90,-9,0,76,3,0,64
90,91,12,1,8,3,0,2
90,92,9,0,31,3,0,95
90,93,16,1,61,1,0,40
90,94,0,1,3,3,0,39
90,95,-10,3,88,1,0,92
90,96,6,1,62,3,0,98
90,97,4,1,18,1,0,57
90,98,-14,3,6,1,0,70
90,99,-18,3,79,3,0,36
90,100,-11,0,58,1,0,56
91,0,-20,1,11,1,0,40
91,1,2,1,94,1,0,67
91,2,-5,0,33,1,0,47
91,3,-18,3,79,3,0,81
91,4,14,3,54,1,0,68
91,5,8,1,55,1,0,8
91,6,4,1,18,1,0,2
91,7,12,1,29,3,0,50
91,8,-12,1,72,3,0,51
91,9,-10,3,88,1,0,5
91,10,-17,0,96,1,0,13
91,11,18,1,53,3,0,75
91,12,16,1,61,1,0,90
91,13,-15,0,25,3,0,58
91,14,-3,0,56,3,0,80
91,15,12,1,8,3,0,55
91,16,-7,0,87,1,0,84
91,17,-6,1,74,3,0,66
91,18,5,0,36,1,0,1
91,19,0,1,57,3,0,91
91,20,7,0,47,1,0,33
91,21,-2,1,50,1,0,29
91,22,-10,3,81,1,0,79
91,23,6,3,30,3,0,82
91,24,-12,1,86,3,0,38
91,25,-8,1,26,1,0,48
91,26,-14,1,40,1,0,11
91,27,0,1,59,3,0,28
91,28,-10,1,83,1,0,99
91,29,3,0,20,3,0,22
91,30,6,3,65,3,0,100
91,31,3,0,82,3,0,30
91,32,-5,0,17,1,0,14
91,33,10,3,24,1,0,52
91,34,-9,0,76,3,0,43
91,35,13,0,5,1,0,88
91,36,18,1,38,3,0,86
91,37,9,0,31,3,0,37
91,38,12,1,73,3,0,42
91,40,0,1,3,3,0,12
91,41,1,0,16,1,0,78
91,42,-11,0,92,1,0,97
91,43,6,1,62,3,0,69
91,44,9,0,95,3,0,95
91,45,0,1,66,3,0,74
91,46,-14,3,6,1,0,6
91,47,-4,1,46,1,0,93
91,48,6,1,39,3,0,32
91,49,-11,0,58,1,0,25
91,50,14,1,51,1,0,72
91,51,14,1,51,1,0,72
91,52,-11,0,58,1,0,25
91,53,6,1,39,3,0,32
91,54,-4,1,46,1,0,93
91,55,-14,3,6,1,0,6
91,56,0,1,66,3,0,74
91,57,9,0,95,3,0,95
91,58,6,1,62,3,0,69
91,59,-11,0,92,1,0,97
91,60,1,0,16,1,0,78
91,61,0,1,3,3,0,12
91,63,12,1,73,3,0,42
91,64,9,0,31,3,0,37
91,65,18,1,38,3,0,86
91,66,13,0,5,1,0,88
91,67,-9,0,76,3,0,43
91,68,10,3,24,1,0,52
91,69,-5,0,17,1,0,14
91,70,3,0,82,3,0,30
91,71,6,3,65,3,0,100
91,72,3,0,20,3,0,22
91,73,-10,1,83,1,0,99
91,74,0,1,59,3,0,28
91,75,-14,1,40,1,0,11
91,76,-8,1,26,1,0,48
91,77,-12,1,86,3,0,38
91,78,6,3,30,3,0,82
91,79,-10,3,81,1,0,79
91,80,-2,1,50,1,0,29
91,81,7,0,47,1,0,33
91,82,0,1,57,3,0,91
91,83,5,0,36,1,0,1
91,84,-6,1,74,3,0,66
91,85,-7,0,87,1,0,84
91,86,12,1,8,3,0,55
91,87,-3,0,56,3,0,80
91,88,-15,0,25,3,0,58
91,89,16,1,61,1,0,90
91,90,18,1,53,3,0,75
91,91,-17,0,96,1,0,13
91,92,-10,3,88,1,0,5
91,93,-12,1,72,3,0,51
91,94,12,1,29,3,0,50
91,95,4,1,18,1,0,2
91,96,8,1,55,1,0,8
91,97,14,3,54,1,0,68
91,98,-18,3,79,3,0,81
91,99,-5,0,33,1,0,47
91,100,2,1,94,1,0,67
92,0,2,3,11,1,0,13
92,1,-8,1,97,1,0,40
92,2,15,0,93,3,0,20
92,3,-7,0,12,1,0,54
92,4,-10,1,70,1,0,41
92,5,-9,0,35,3,0,82
92,6,-17,0,67,1,0,76
92,7,3,0,15,3,0,23
92,8,6,3,27,3,0,24
92,9,-15,0,44,3,0,79
92,10,6,3,98,3,0,87
92,11,0,1,64,3,0,48
92,12,6,1,68,3,0,63
92,13,6,3,60,3,0,31
92,14,-2,1,37,1,0,53
92,15,10,1,52,1,0,28
92,16,-6,1,22,3,0,57
92,17,-14,1,71,1,0,39
92,18,6,1,45,3,0,75
92,19,15,0,48,3,0,64
92,20,18,3,7,3,0,6
92,21,0,1,21,3,0,2
92,22,-6,3,28,3,0,52
92,23,-18,1,43,3,0,55
92,24,16,1,13,1,0,11
92,25,3,0,2,3,0,21
92,26,3,0,10,3,0,85
92,27,-2,3,42,1,0,1
92,28,8,1,9,1,0,72
92,29,-13,0,32,1,0,96
92,30,10,1,49,1,0,73
92,31,4,1,14,1,0,3
92,32,-3,0,90,3,0,88
92,33,-3,0,34,3,0,25
92,34,-7,0,91,1,0,16
92,35,2,1,4,1,0,61
92,36,-14,1,100,1,0,59
92,37,-10,1,85,1,0,10
92,38,10,1,23,1,0,15
92,39,2,1,77,1,0,74
92,40,12,1,78,3,0,86
92,41,-12,1,84,3,0,51
92,42,10,3,41,1,0,70
92,43,-18,1,1,3,0,42
92,44,-19,0,63,1,0,68
92,45,11,0,89,1,0,47
92,46,1,0,99,1,0,80
92,47,4,1,19,1,0,66
92,48,-2,3,69,1,0,5
92,49,12,1,80,3,0,99
92,50,15,0,75,3,0,45
92,51,15,0,75,3,0,45
92,52,12,1,80,3,0,99
92,53,-2,3,69,1,0,5
92,54,4,1,19,1,0,66
92,55,1,0,99,1,0,80
92,56,11,0,89,1,0,47
92,57,-19,0,63,1,0,68
92,58,-18,1,1,3,0,42
92,59,10,3,41,1,0,70
92,60,-12,1,84,3,0,51
92,61,12,1,78,3,0,86
92,62,2,1,77,1,0,74
92,63,10,1,23,1,0,15
92,64,-10,1,85,1,0,10
92,65,-14,1,100,1,0,59
92,66,2,1,4,1,0,61
92,67,-7,0,91,1,0,16
92,68,-3,0,34,3,0,25
92,69,-3,0,90,3,0,88
92,70,4,1,14,1,0,3
92,71,10,1,49,1,0,73
92,72,-13,0,32,1,0,96
92,73,8,1,9,1,0,72
92,74,-2,3,42,1,0,1
92,75,3,0,10,3,0,85
92,76,3,0,2,3,0,21
92,77,16,1,13,1,0,11
92,78,-18,1,43,3,0,55
92,79,-6,3,28,3,0,52
92,80,0,1,21,3,0,2
92,81,18,3,7,3,0,6
92,82,15,0,48,3,0,64
92,83,6,1,45,3,0,75
92,84,-14,1,71,1,0,39
92,85,-6,1,22,3,0,57
92,86,10,1,52,1,0,28
92,87,-2,1,37,1,0,53
92,88,6,3,60,3,0,31
92,89,6,1,68,3,0,63
92,90,0,1,64,3,0,48
92,91,6,3,98,3,0,87
92,92,-15,0,44,3,0,79
92,93,6,3,27,3,0,24
92,94,3,0,15,3,0,23
92,95,-17,0,67,1,0,76
92,96,-9,0,35,3,0,82
92,97,-10,1,70,1,0,41
92,98,-7,0,12,1,0,54
92,99,15,0,93,3,0,20
92,100,-8,1,97,1,0,40
93,0,20,1,11,1,0,73
93,1,-13,0,5,1,0,100
93,2,-3,0,82,3,0,80
93,3,-14,3,54,1,0,13
93,5,0,1,59,3,0,41
93,6,12,1,72,3,0,35
93,7,-6,1,62,3,0,83
93,8,-6,3,30,3,0,84
93,9,-16,1,61,1,0,38
93,10,4,1,46,1,0,46
93,11,0,1,57,3,0,7
93,12,7,0,87,1,0,22
93,13,-14,1,51,1,0,91
93,14,-12,1,8,3,0,12
93,15,-7,0,47,1,0,88
93,16,14,3,6,1,0,16
93,17,-18,1,53,3,0,99
93,18,12,1,86,3,0,34
93,19,11,0,92,1,0,23
93,20,-12,1,29,3,0,66
93,21,10,1,83,1,0,62
93,22,-12,1,73,3,0,11
93,23,18,3,79,3,0,14
93,24,5,0,17,1,0,71
93,25,9,0,76,3,0,81
93,26,-2,1,94,1,0,44
93,27,-18,1,38,3,0,61
93,28,-6,3,65,3,0,31
93,29,-8,1,55,1,0,55
93,30,0,1,3,3,0,32
93,31,14,1,40,1,0,63
93,32,10,3,88,1,0,47
93,33,-9,0,95,3,0,85
93,34,10,3,81,1,0,76
93,35,15,0,25,3,0,20
93,36,-6,1,39,3,0,18
93,37,-5,0,36,1,0,70
93,38,6,1,74,3,0,75
93,39,11,0,58,1,0,33
93,40,3,0,56,3,0,45
93,41,2,1,50,1,0,10
93,42,0,1,66,3,0,29
93,43,17,0,96,1,0,1
93,44,8,1,26,1,0,27
93,45,-1,0,16,1,0,6
93,46,-4,1,18,1,0,39
93,47,-3,0,20,3,0,25
93,48,-9,0,31,3,0,65
93,49,5,0,33,1,0,58
93,50,-10,3,24,1,0,4
93,51,-10,3,24,1,0,4
93,52,5,0,33,1,0,58
93,53,-9,0,31,3,0,65
93,54,-3,0,20,3,0,25
93,55,-4,1,18,1,0,39
93,56,-1,0,16,1,0,6
93,57,8,1,26,1,0,27
93,58,17,0,96,1,0,1
93,59,0,1,66,3,0,29
93,60,2,1,50,1,0,10
93,61,3,0,56,3,0,45
93,62,11,0,58,1,0,33
93,63,6,1,74,3,0,75
93,64,-5,0,36,1,0,70
93,65,-6,1,39,3,0,18
93,66,15,0,25,3,0,20
93,67,10,3,81,1,0,76
93,68,-9,0,95,3,0,85
93,69,10,3,88,1,0,47
93,70,14,1,40,1,0,63
93,71,0,1,3,3,0,32
93,72,-8,1,55,1,0,55
93,73,-6,3,65,3,0,31
93,74,-18,1,38,3,0,61
93,75,-2,1,94,1,0,44
93,76,9,0,76,3,0,81
93,77,5,0,17,1,0,71
93,78,18,3,79,3,0,14
93,79,-12,1,73,3,0,11
93,80,10,1,83,1,0,62
93,81,-12,1,29,3,0,66
93,82,11,0,92,1,0,23
93,83,12,1,86,3,0,34
93,84,-18,1,53,3,0,99
93,85,14,3,6,1,0,16
93,86,-7,0,47,1,0,88
93,87,-12,1,8,3,0,12
93,88,-14,1,51,1,0,91
93,89,7,0,87,1,0,22
93,90,0,1,57,3,0,7
93,91,4,1,46,1,0,46
93,92,-16,1,61,1,0,38
93,93,-6,3,30,3,0,84
93,94,-6,1,62,3,0,83
93,95,12,1,72,3,0,35
93,96,0,1,59,3,0,41
93,98,-14,3,54,1,0,13
93,99,-3,0,82,3,0,80
93,100,-13,0,5,1,0,100
94,0,-20,1,11,1,0,42
94,1,8,1,55,1,0,69
94,2,-17,0,96,1,0,49
94,3,12,1,8,3,0,83
94,4,7,0,47,1,0,70
94,5,-8,1,26,1,0,10
94,6,6,3,65,3,0,4
94,7,13,0,5,1,0,52
94,8,0,1,3,3,0,53
94,9,0,1,66,3,0,7
94,10,14,1,51,1,0,15
94,11,-14,3,6,1,0,77
94,12,1,0,16,1,0,92
94,13,18,1,38,3,0,60
94,14,3,0,82,3,0,82
94,15,-14,1,40,1,0,57
94,16,-2,1,50,1,0,86
94,17,-7,0,87,1,0,68
94,18,18,1,53,3,0,3
94,19,4,1,18,1,0,93
94,20,2,1,94,1,0,35
94,21,14,3,54,1,0,31
94,22,-10,3,88,1,0,81
94,23,-3,0,56,3,0,84
94,24,0,1,57,3,0,40
94,25,-12,1,86,3,0,50
94,26,3,0,20,3,0,13
94,27,-9,0,76,3,0,30
94,29,9,0,95,3,0,24
94,30,-11,0,58,1,0,1
94,31,-4,1,46,1,0,32
94,32,-11,0,92,1,0,16
94,33,9,0,31,3,0,54
94,34,-5,0,17,1,0,45
94,35,0,1,59,3,0,90
94,36,-10,3,81,1,0,88
94,37,-6,1,74,3,0,39
94,38,16,1,61,1,0,44
94,39,12,1,29,3,0,2
94,40,-5,0,33,1,0,14
94,41,-18,3,79,3,0,80
94,42,-12,1,72,3,0,99
94,43,-15,0,25,3,0,71
94,44,5,0,36,1,0,97
94,45,6,3,30,3,0,76
94,46,-10,1,83,1,0,8
94,47,10,3,24,1,0,95
94,48,12,1,73,3,0,34
94,49,6,1,62,3,0,27
94,50,6,1,39,3,0,74
94,51,6,1,39,3,0,74
94,52,6,1,62,3,0,27
94,53,12,1,73,3,0,34
94,54,10,3,24,1,0,95
94,55,-10,1,83,1,0,8
94,56,6,3,30,3,0,76
94,57,5,0,36,1,0,97
94,58,-15,0,25,3,0,71
94,59,-12,1,72,3,0,99
94,60,-18,3,79,3,0,80
94,61,-5,0,33,1,0,14
94,62,12,1,29,3,0,2
94,63,16,1,61,1,0,44
94,64,-6,1,74,3,0,39
94,65,-10,3,81,1,0,88
94,66,0,1,59,3,0,90
94,67,-5,0,17,1,0,45
94,68,9,0,31,3,0,54
94,69,-11,0,92,1,0,16
94,70,-4,1,46,1,0,32
94,71,-11,0,58,1,0,1
94,72,9,0,95,3,0,24
94,74,-9,0,76,3,0,30
94,75,3,0,20,3,0,13
94,76,-12,1,86,3,0,50
94,77,0,1,57,3,0,40
94,78,-3,0,56,3,0,84
94,79,-10,3,88,1,0,81
94,80,14,3,54,1,0,31
94,81,2,1,94,1,0,35
94,82,4,1,18,1,0,93
94,83,18,1,53,3,0,3
94,84,-7,0,87,1,0,68
94,85,-2,1,50,1,0,86
94,86,-14,1,40,1,0,57
94,87,3,0,82,3,0,82
94,88,18,1,38,3,0,60
94,89,1,0,16,1,0,92
94,90,-14,3,6,1,0,77
94,91,14,1,51,1,0,15
94,92,0,1,66,3,0,7
94,93,0,1,3,3,0,53
94,94,13,0,5,1,0,52
94,95,6,3,65,3,0,4
94,96,-8,1,26,1,0,10
94,97,7,0,47,1,0,70
94,98,12,1,8,3,0,83
94,99,-17,0,96,1,0,49
94,100,8,1,55,1,0,69
95,0,2,3,11,1,0,45
95,1,-10,1,70,1,0,72
95,2,6,3,27,3,0,52
95,3,6,1,68,3,0,86
95,4,-6,1,22,3,0,73
95,5,18,3,7,3,0,13
95,6,16,1,13,1,0,7
95,7,8,1,9,1,0,55
95,8,-3,0,90,3,0,56
95,9,-14,1,100,1,0,10
95,10,12,1,78,3,0,18
95,11,-19,0,63,1,0,80
95,12,-2,3,69,1,0,95
95,13,12,1,80,3,0,63
95,14,11,0,89,1,0,85
95,15,-12,1,84,3,0,60
95,16,-10,1,85,1,0,89
95,17,-3,0,34,3,0,71
95,18,-13,0,32,1,0,6
95,19,3,0,2,3,0,96
95,20,0,1,21,3,0,38
95,21,-14,1,71,1,0,34
95,22,6,3,60,3,0,84
95,23,-15,0,44,3,0,87
95,24,-9,0,35,3,0,43
95,25,-8,1,97,1,0,53
95,26,-7,0,12,1,0,16
95,27,3,0,15,3,0,33
95,28,0,1,64,3,0,3
95,29,10,1,52,1,0,27
95,30,15,0,48,3,0,4
95,31,-18,1,43,3,0,35
95,32,-2,3,42,1,0,19
95,33,4,1,14,1,0,57
95,34,2,1,4,1,0,48
95,35,2,1,77,1,0,93
95,36,-18,1,1,3,0,91
95,37,4,1,19,1,0,42
95,38,15,0,75,3,0,47
95,39,1,0,99,1,0,5
95,40,10,3,41,1,0,17
95,41,10,1,23,1,0,83
95,42,-7,0,91,1,0,1
95,43,10,1,49,1,0,74
95,44,3,0,10,3,0,100
95,45,-6,3,28,3,0,79
95,46,6,1,45,3,0,11
95,47,-2,1,37,1,0,98
95,48,6,3,98,3,0,37
95,49,-17,0,67,1,0,30
95,50,15,0,93,3,0,77
95,51,15,0,93,3,0,77
95,52,-17,0,67,1,0,30
95,53,6,3,98,3,0,37
95,54,-2,1,37,1,0,98
95,55,6,1,45,3,0,11
95,56,-6,3,28,3,0,79
95,57,3,0,10,3,0,100
95,58,10,1,49,1,0,74
95,59,-7,0,91,1,0,1
95,60,10,1,23,1,0,83
95,61,10,3,41,1,0,17
95,62,1,0,99,1,0,5
95,63,15,0,75,3,0,47
95,64,4,1,19,1,0,42
95,65,-18,1,1,3,0,91
95,66,2,1,77,1,0,93
95,67,2,1,4,1,0,48
95,68,4,1,14,1,0,57
95,69,-2,3,42,1,0,19
95,70,-18,1,43,3,0,35
95,71,15,0,48,3,0,4
95,72,10,1,52,1,0,27
95,73,0,1,64,3,0,3
95,74,3,0,15,3,0,33
95,75,-7,0,12,1,0,16
95,76,-8,1,97,1,0,53
95,77,-9,0,35,3,0,43
95,78,-15,0,44,3,0,87
95,79,6,3,60,3,0,84
95,80,-14,1,71,1,0,34
95,81,0,1,21,3,0,38
95,82,3,0,2,3,0,96
95,83,-13,0,32,1,0,6
95,84,-3,0,34,3,0,71
95,85,-10,1,85,1,0,89
95,86,-12,1,84,3,0,60
95,87,11,0,89,1,0,85
95,88,12,1,80,3,0,63
95,89,-2,3,69,1,0,95
95,90,-19,0,63,1,0,80
95,91,12,1,78,3,0,18
95,92,-14,1,100,1,0,10
95,93,-3,0,90,3,0,56
95,94,8,1,9,1,0,55
95,95,16,1,13,1,0,7
95,96,18,3,7,3,0,13
95,97,-6,1,22,3,0,73
95,98,6,1,68,3,0,86
95,99,6,3,27,3,0,52
95,100,-10,1,70,1,0,72
96,0,-2,3,11,1,0,5
96,1,-6,1,68,3,0,32
96,2,-16,1,13,1,0,12
96,3,14,1,100,1,0,46
96,4,2,3,69,1,0,33
96,5,12,1,84,3,0,74
96,6,13,0,32,1,0,68
96,7,14,1,71,1,0,15
96,8,9,0,35,3,0,16
96,9,-3,0,15,3,0,71
96,10,-15,0,48,3,0,79
96,11,-4,1,14,1,0,40
96,12,18,1,1,3,0,55
96,13,-1,0,99,1,0,23
96,14,7,0,91,1,0,45
96,15,6,3,28,3,0,20
96,16,-6,3,98,3,0,49
96,17,-15,0,93,3,0,31
96,18,2,1,37,1,0,67
96,19,-3,0,10,3,0,56
96,20,-10,1,23,1,0,99
96,21,-15,0,75,3,0,95
96,22,-2,1,77,1,0,44
96,23,2,3,42,1,0,47
96,24,-10,1,52,1,0,3
96,25,7,0,12,1,0,13
96,26,15,0,44,3,0,77
96,27,0,1,21,3,0,94
96,28,3,0,34,3,0,64
96,29,-11,0,89,1,0,88
96,30,19,0,63,1,0,65
96,31,3,0,90,3,0,96
96,32,-18,3,7,3,0,80
96,33,-6,3,27,3,0,17
96,34,10,1,70,1,0,8
96,35,6,1,22,3,0,53
96,36,-8,1,9,1,0,51
96,37,-12,1,78,3,0,2
96,38,-12,1,80,3,0,7
96,39,10,1,85,1,0,66
96,40,-3,0,2,3,0,78
96,41,-6,3,60,3,0,43
96,42,8,1,97,1,0,62
96,43,0,1,64,3,0,34
96,44,18,1,43,3,0,60
96,45,-2,1,4,1,0,39
96,46,-4,1,19,1,0,72
96,47,-10,3,41,1,0,58
96,48,-10,1,49,1,0,98
96,49,-6,1,45,3,0,91
96,50,17,0,67,1,0,37
96,51,17,0,67,1,0,37
96,52,-6,1,45,3,0,91
96,53,-10,1,49,1,0,98
96,54,-10,3,41,1,0,58
96,55,-4,1,19,1,0,72
96,56,-2,1,4,1,0,39
96,57,18,1,43,3,0,60
96,58,0,1,64,3,0,34
96,59,8,1,97,1,0,62
96,60,-6,3,60,3,0,43
96,61,-3,0,2,3,0,78
96,62,10,1,85,1,0,66
96,63,-12,1,80,3,0,7
96,64,-12,1,78,3,0,2
96,65,-8,1,9,1,0,51
96,66,6,1,22,3,0,53
96,67,10,1,70,1,0,8
96,68,-6,3,27,3,0,17
96,69,-18,3,7,3,0,80
96,70,3,0,90,3,0,96
96,71,19,0,63,1,0,65
96,72,-11,0,89,1,0,88
96,73,3,0,34,3,0,64
96,74,0,1,21,3,0,94
96,75,15,0,44,3,0,77
96,76,7,0,12,1,0,13
96,77,-10,1,52,1,0,3
96,78,2,3,42,1,0,47
96,79,-2,1,77,1,0,44
96,80,-15,0,75,3,0,95
96,81,-10,1,23,1,0,99
96,82,-3,0,10,3,0,56
96,83,2,1,37,1,0,67
96,84,-15,0,93,3,0,31
96,85,-6,3,98,3,0,49
96,86,6,3,28,3,0,20
96,87,7,0,91,1,0,45
96,88,-1,0,99,1,0,23
96,89,18,1,1,3,0,55
96,90,-4,1,14,1,0,40
96,91,-15,0,48,3,0,79
96,92,-3,0,15,3,0,71
96,93,9,0,35,3,0,16
96,94,14,1,71,1,0,15
96,95,13,0,32,1,0,68
96,96,12,1,84,3,0,74
96,97,2,3,69,1,0,33
96,98,14,1,100,1,0,46
96,99,-16,1,13,1,0,12
96,100,-6,1,68,3,0,32
97,0,2,3,11,1,0,47
97,1,-6,1,22,3,0,74
97,2,-3,0,90,3,0,54
97,3,-2,3,69,1,0,88
97,4,-10,1,85,1,0,75
97,5,0,1,21,3,0,15
97,6,-9,0,35,3,0,9
97,7,0,1,64,3,0,57
97,8,-2,3,42,1,0,58
97,9,-18,1,1,3,0,12
97,10,10,3,41,1,0,20
97,11,3,0,10,3,0,82
97,12,6,3,98,3,0,97
97,13,-17,0,67,1,0,65
97,14,-6,3,28,3,0,87
97,15,10,1,23,1,0,62
97,16,4,1,19,1,0,91
97,17,4,1,14,1,0,73
97,18,10,1,52,1,0,8
97,19,-8,1,97,1,0,98
97,20,-14,1,71,1,0,40
97,21,-3,0,34,3,0,36
97,22,12,1,80,3,0,86
97,23,-14,1,100,1,0,89
97,24,18,3,7,3,0,45
97,25,-10,1,70,1,0,55
97,26,6,1,68,3,0,18
97,27,8,1,9,1,0,35
97,28,-19,0,63,1,0,5
97,29,-12,1,84,3,0,29
97,30,3,0,2,3,0,6
97,31,-15,0,44,3,0,37
97,32,3,0,15,3,0,21
97,33,-18,1,43,3,0,59
97,34,2,1,77,1,0,50
97,35,1,0,99,1,0,95
97,36,10,1,49,1,0,93
97,37,-2,1,37,1,0,44
97,38,15,0,93,3,0,49
97,39,6,1,45,3,0,7
97,40,-7,0,91,1,0,19
97,41,15,0,75,3,0,85
97,42,2,1,4,1,0,3
97,43,15,0,48,3,0,76
97,44,-7,0,12,1,0,1
97,45,6,3,60,3,0,81
97,46,-13,0,32,1,0,13
97,47,11,0,89,1,0,100
97,48,12,1,78,3,0,39
97,49,16,1,13,1,0,32
97,50,6,3,27,3,0,79
97,51,6,3,27,3,0,79
97,52,16,1,13,1,0,32
97,53,12,1,78,3,0,39
97,54,11,0,89,1,0,100
97,55,-13,0,32,1,0,13
97,56,6,3,60,3,0,81
97,57,-7,0,12,1,0,1
97,58,15,0,48,3,0,76
97,59,2,1,4,1,0,3
97,60,15,0,75,3,0,85
97,61,-7,0,91,1,0,19
97,62,6,1,45,3,0,7
97,63,15,0,93,3,0,49
97,64,-2,1,37,1,0,44
97,65,10,1,49,1,0,93
97,66,1,0,99,1,0,95
97,67,2,1,77,1,0,50
97,68,-18,1,43,3,0,59
97,69,3,0,15,3,0,21
97,70,-15,0,44,3,0,37
97,71,3,0,2,3,0,6
97,72,-12,1,84,3,0,29
97,73,-19,0,63,1,0,5
97,74,8,1,9,1,0,35
97,75,6,1,68,3,0,18
97,76,-10,1,70,1,0,55
97,77,18,3,7,3,0,45
97,78,-14,1,100,1,0,89
97,79,12,1,80,3,0,86
97,80,-3,0,34,3,0,36
97,81,-14,1,71,1,0,40
97,82,-8,1,97,1,0,98
97,83,10,1,52,1,0,8
97,84,4,1,14,1,0,73
97,85,4,1,19,1,0,91
97,86,10,1,23,1,0,62
97,87,-6,3,28,3,0,87
97,88,-17,0,67,1,0,65
97,89,6,3,98,3,0,97
97,90,3,0,10,3,0,82
97,91,10,3,41,1,0,20
97,92,-18,1,1,3,0,12
97,93,-2,3,42,1,0,58
97,94,0,1,64,3,0,57
97,95,-9,0,35,3,0,9
97,96,0,1,21,3,0,15
97,97,-10,1,85,1,0,75
97,98,-2,3,69,1,0,88
97,99,-3,0,90,3,0,54
97,100,-6,1,22,3,0,74
98,0,-20,1,11,1,0,94
98,1,3,0,82,3,0,20
98,3,-12,1,72,3,0,34
98,4,6,3,30,3,0,21
98,5,-4,1,46,1,0,62
98,6,-7,0,87,1,0,56
98,7,12,1,8,3,0,3
98,8,-14,3,6,1,0,4
98,9,-12,1,86,3,0,59
98,10,12,1,29,3,0,67
98,11,12,1,73,3,0,28
98,12,-5,0,17,1,0,43
98,13,2,1,94,1,0,11
98,14,6,3,65,3,0,33
98,15,0,1,3,3,0,8
98,16,-10,3,88,1,0,37
98,17,-10,3,81,1,0,19
98,18,6,1,39,3,0,55
98,19,-6,1,74,3,0,44
98,20,-3,0,56,3,0,87
98,21,0,1,66,3,0,83
98,22,-8,1,26,1,0,32
98,23,4,1,18,1,0,35
98,24,9,0,31,3,0,92
98,25,10,3,24,1,0,1
98,26,-5,0,33,1,0,65
98,27,3,0,20,3,0,82
98,28,1,0,16,1,0,52
98,29,-17,0,96,1,0,76
98,30,-2,1,50,1,0,53
98,31,-11,0,58,1,0,84
98,32,5,0,36,1,0,68
98,33,-15,0,25,3,0,5
98,34,9,0,95,3,0,97
98,35,-14,1,40,1,0,41
98,36,8,1,55,1,0,39
98,37,18,1,38,3,0,91
98,38,-9,0,76,3,0,96
98,39,-18,3,79,3,0,54
98,40,-10,1,83,1,0,66
98,41,-11,0,92,1,0,31
98,42,18,1,53,3,0,50
98,43,7,0,47,1,0,22
98,44,14,1,51,1,0,48
98,45,0,1,57,3,0,27
98,46,16,1,61,1,0,60
98,47,6,1,62,3,0,46
98,48,0,1,59,3,0,86
98,49,14,3,54,1,0,79
98,50,13,0,5,1,0,25
98,51,13,0,5,1,0,25
98,52,14,3,54,1,0,79
98,53,0,1,59,3,0,86
98,54,6,1,62,3,0,46
98,55,16,1,61,1,0,60
98,56,0,1,57,3,0,27
98,57,14,1,51,1,0,48
98,58,7,0,47,1,0,22
98,59,18,1,53,3,0,50
98,60,-11,0,92,1,0,31
98,61,-10,1,83,1,0,66
98,62,-18,3,79,3,0,54
98,63,-9,0,76,3,0,96
98,64,18,1,38,3,0,91
98,65,8,1,55,1,0,39
98,66,-14,1,40,1,0,41
98,67,9,0,95,3,0,97
98,68,-15,0,25,3,0,5
98,69,5,0,36,1,0,68
98,70,-11,0,58,1,0,84
98,71,-2,1,50,1,0,53
98,72,-17,0,96,1,0,76
98,73,1,0,16,1,0,52
98,74,3,0,20,3,0,82
98,75,-5,0,33,1,0,65
98,76,10,3,24,1,0,1
98,77,9,0,31,3,0,92
98,78,4,1,18,1,0,35
98,79,-8,1,26,1,0,32
98,80,0,1,66,3,0,83
98,81,-3,0,56,3,0,87
98,82,-6,1,74,3,0,44
98,83,6,1,39,3,0,55
98,84,-10,3,81,1,0,19
98,85,-10,3,88,1,0,37
98,86,0,1,3,3,0,8
98,87,6,3,65,3,0,33
98,88,2,1,94,1,0,11
98,89,-5,0,17,1,0,43
98,90,12,1,73,3,0,28
98,91,12,1,29,3,0,67
98,92,-12,1,86,3,0,59
98,93,-14,3,6,1,0,4
98,94,12,1,8,3,0,3
98,95,-7,0,87,1,0,56
98,96,-4,1,46,1,0,62
98,97,6,3,30,3,0,21
98,98,-12,1,72,3,0,34
98,100,3,0,82,3,0,20
99,0,-20,1,11,1,0,69
99,1,6,3,30,3,0,96
99,2,-14,3,6,1,0,76
99,3,-5,0,17,1,0,9
99,4,-10,3,88,1,0,97
99,5,-3,0,56,3,0,37
99,6,9,0,31,3,0,31
99,7,1,0,16,1,0,79
99,8,5,0,36,1,0,80
99,9,8,1,55,1,0,34
99,10,-10,1,83,1,0,42
99,11,14,1,51,1,0,3
99,12,0,1,59,3,0,18
99,13,14,3,54,1,0,87
99,14,0,1,57,3,0,8
99,15,-11,0,92,1,0,84
99,16,18,1,38,3,0,12
99,17,-15,0,25,3,0,95
99,18,-17,0,96,1,0,30
99,19,10,3,24,1,0,19
99,20,0,1,66,3,0,62
99,21,-10,3,81,1,0,58
99,22,2,1,94,1,0,7
99,23,-12,1,86,3,0,10
99,24,-4,1,46,1,0,67
99,25,3,0,82,3,0,77
99,26,-12,1,72,3,0,40
99,27,12,1,8,3,0,57
99,28,12,1,73,3,0,27
99,29,0,1,3,3,0,51
99,30,-6,1,74,3,0,28
99,31,4,1,18,1,0,59
99,32,3,0,20,3,0,43
99,33,-11,0,58,1,0,81
99,34,-14,1,40,1,0,72
99,35,-18,3,79,3,0,16
99,36,7,0,47,1,0,14
99,37,6,1,62,3,0,66
99,38,13,0,5,1,0,71
99,39,16,1,61,1,0,29
99,40,18,1,53,3,0,41
99,41,-9,0,76,3,0,6
99,42,9,0,95,3,0,25
99,43,-2,1,50,1,0,98
99,44,-5,0,33,1,0,23
99,45,-8,1,26,1,0,2
99,46,6,1,39,3,0,35
99,47,6,3,65,3,0,21
99,48,12,1,29,3,0,61
99,49,-7,0,87,1,0,54
99,52,-7,0,87,1,0,54
99,53,12,1,29,3,0,61
99,54,6,3,65,3,0,21
99,55,6,1,39,3,0,35
99,56,-8,1,26,1,0,2
99,57,-5,0,33,1,0,23
99,58,-2,1,50,1,0,98
99,59,9,0,95,3,0,25
99,60,-9,0,76,3,0,6
99,61,18,1,53,3,0,41
99,62,16,1,61,1,0,29
99,63,13,0,5,1,0,71
99,64,6,1,62,3,0,66
99,65,7,0,47,1,0,14
99,66,-18,3,79,3,0,16
99,67,-14,1,40,1,0,72
99,68,-11,0,58,1,0,81
99,69,3,0,20,3,0,43
99,70,4,1,18,1,0,59
99,71,-6,1,74,3,0,28
99,72,0,1,3,3,0,51
99,73,12,1,73,3,0,27
99,74,12,1,8,3,0,57
99,75,-12,1,72,3,0,40
99,76,3,0,82,3,0,77
99,77,-4,1,46,1,0,67
99,78,-12,1,86,3,0,10
99,79,2,1,94,1,0,7
99,80,-10,3,81,1,0,58
99,81,0,1,66,3,0,62
99,82,10,3,24,1,0,19
99,83,-17,0,96,1,0,30
99,84,-15,0,25,3,0,95
99,85,18,1,38,3,0,12
99,86,-11,0,92,1,0,84
99,87,0,1,57,3,0,8
99,88,14,3,54,1,0,87
99,89,0,1,59,3,0,18
99,90,14,1,51,1,0,3
99,91,-10,1,83,1,0,42
99,92,8,1,55,1,0,34
99,93,5,0,36,1,0,80
99,94,1,0,16,1,0,79
99,95,9,0,31,3,0,31
99,96,-3,0,56,3,0,37
99,97,-10,3,88,1,0,97
99,98,-5,0,17,1,0,9
99,99,-14,3,6,1,0,76
99,100,6,3,30,3,0,96
100,0,-2,3,11,1,0,97
100,1,2,3,42,1,0,23
100,2,-4,1,19,1,0,3
100,3,-18,3,7,3,0,37
100,4,-3,0,15,3,0,24
100,5,7,0,91,1,0,65
100,6,-12,1,78,3,0,59
100,7,-6,3,60,3,0,6
100,8,2,1,37,1,0,7
100,9,12,1,84,3,0,62
100,10,3,0,34,3,0,70
100,11,17,0,67,1,0,31
100,12,0,1,21,3,0,46
100,13,2,3,69,1,0,14
100,14,-3,0,10,3,0,36
100,15,8,1,97,1,0,11
100,16,-8,1,9,1,0,40
100,17,-1,0,99,1,0,22
100,18,-15,0,48,3,0,58
100,19,-6,3,27,3,0,47
100,20,-2,1,4,1,0,90
100,21,-2,1,77,1,0,86
100,22,-6,1,68,3,0,35
100,23,-10,1,52,1,0,38
100,24,-10,3,41,1,0,95
100,25,3,0,90,3,0,4
100,26,9,0,35,3,0,68
100,27,6,3,28,3,0,85
100,28,-12,1,80,3,0,55
100,29,-3,0,2,3,0,79
100,30,-15,0,93,3,0,56
100,31,13,0,32,1,0,87
100,32,-11,0,89,1,0,71
100,33,-6,1,45,3,0,8
100,34,15,0,44,3,0,100
100,35,14,1,100,1,0,44
100,36,-10,1,23,1,0,42
100,37,0,1,64,3,0,94
100,38,6,1,22,3,0,99
100,39,18,1,1,3,0,57
100,40,-4,1,14,1,0,69
100,41,10,1,70,1,0,34
100,42,18,1,43,3,0,53
100,43,-15,0,75,3,0,25
100,44,-16,1,13,1,0,51
100,45,7,0,12,1,0,30
100,46,-10,1,49,1,0,63
100,47,19,0,63,1,0,49
100,48,14,1,71,1,0,89
100,49,-6,3,98,3,0,82
100,50,10,1,85,1,0,28
100,51,10,1,85,1,0,28
100,52,-6,3,98,3,0,82
100,53,14,1,71,1,0,89
100,54,19,0,63,1,0,49
100,55,-10,1,49,1,0,63
100,56,7,0,12,1,0,30
100,57,-16,1,13,1,0,51
100,58,-15,0,75,3,0,25
100,59,18,1,43,3,0,53
100,60,10,1,70,1,0,34
100,61,-4,1,14,1,0,69
100,62,18,1,1,3,0,57
100,63,6,1,22,3,0,99
100,64,0,1,64,3,0,94
100,65,-10,1,23,1,0,42
100,66,14,1,100,1,0,44
100,67,15,0,44,3,0,100
100,68,-6,1,45,3,0,8
100,69,-11,0,89,1,0,71
100,70,13,0,32,1,0,87
100,71,-15,0,93,3,0,56
100,72,-3,0,2,3,0,79
100,73,-12,1,80,3,0,55
100,74,6,3,28,3,0,85
100,75,9,0,35,3,0,68
100,76,3,0,90,3,0,4
100,77,-10,3,41,1,0,95
100,78,-10,1,52,1,0,38
100,79,-6,1,68,3,0,35
100,80,-2,1,77,1,0,86
100,81,-2,1,4,1,0,90
100,82,-6,3,27,3,0,47
100,83,-15,0,48,3,0,58
100,84,-1,0,99,1,0,22
100,85,-8,1,9,1,0,40
100,86,8,1,97,1,0,11
100,87,-3,0,10,3,0,36
100,88,2,3,69,1,0,14
100,89,0,1,21,3,0,46
100,90,17,0,67,1,0,31
100,91,3,0,34,3,0,70
100,92,12,1,84,3,0,62
100,93,2,1,37,1,0,7
100,94,-6,3,60,3,0,6
100,95,-12,1,78,3,0,59
100,96,7,0,91,1,0,65
100,97,-3,0,15,3,0,24
100,98,-18,3,7,3,0,37
100,99,-4,1,19,1,0,3
100,100,2,3,42,1,0,23
