e1,e2,D,chi_D,stratum,char1,char2
0,0,0,0,double_root,,
0,1,97,1,A2_sigma_i,-1,1
0,2,93,-1,B1_block_swap,1,
0,3,89,-1,B1_block_swap,1,
0,4,85,1,A1_identity,1,1
0,5,81,1,A1_identity,1,1
0,6,77,1,A3_sigma1sigma2,-1,-1
0,7,73,-1,B1_block_swap,1,
0,8,69,-1,B3_four_cycle,-1,
0,9,65,1,A3_sigma1sigma2,-1,-1
0,10,61,-1,B1_block_swap,1,
0,11,57,-1,B3_four_cycle,-1,
0,12,53,-1,B3_four_cycle,-1,
0,13,49,1,A2_sigma_i,-1,1
0,14,45,1,A1_identity,1,1
0,15,41,-1,B3_four_cycle,-1,
0,16,37,1,A2_sigma_i,-1,1
0,17,33,1,A2_sigma_i,1,-1
0,18,29,-1,B1_block_swap,1,
0,19,25,1,A2_sigma_i,1,-1
0,20,21,1,A3_sigma1sigma2,-1,-1
0,21,17,1,A2_sigma_i,1,-1
0,22,13,1,A2_sigma_i,1,-1
0,23,9,1,A1_identity,1,1
0,24,5,1,A1_identity,1,1
0,25,1,1,A3_sigma1sigma2,-1,-1
0,26,98,-1,B3_four_cycle,-1,
0,27,94,-1,B1_block_swap,1,
0,28,90,-1,B1_block_swap,1,
0,29,86,-1,B1_block_swap,1,
0,30,82,1,A1_identity,1,1
0,31,78,1,A1_identity,1,1
0,32,74,-1,B3_four_cycle,-1,
0,33,70,1,A3_sigma1sigma2,-1,-1
0,34,66,-1,B3_four_cycle,-1,
0,35,62,-1,B3_four_cycle,-1,
0,36,58,1,A4_ramified_A,,
0,37,54,1,A3_sigma1sigma2,-1,-1
0,38,50,-1,B1_block_swap,1,
0,39,46,-1,B3_four_cycle,-1,
0,40,42,-1,B3_four_cycle,-1,
0,41,38,-1,B3_four_cycle,-1,
0,42,34,-1,B1_block_swap,1,
0,43,30,1,A2_sigma_i,-1,1
0,44,26,-1,B1_block_swap,1,
0,45,22,1,A2_sigma_i,-1,1
0,46,18,-1,B3_four_cycle,-1,
0,47,14,1,A2_sigma_i,-1,1
0,48,10,-1,B1_block_swap,1,
0,49,6,1,A2_sigma_i,-1,1
0,50,2,-1,B1_block_swap,1,
0,51,99,-1,B1_block_swap,1,
0,52,95,1,A3_sigma1sigma2,-1,-1
0,53,91,-1,B1_block_swap,1,
0,54,87,1,A1_identity,1,1
0,55,83,-1,B3_four_cycle,-1,
0,56,79,1,A2_sigma_i,-1,1
0,57,75,-1,B3_four_cycle,-1,
0,58,71,1,A2_sigma_i,-1,1
0,59,67,-1,B1_block_swap,1,
0,60,63,-1,B3_four_cycle,-1,
0,61,59,-1,B3_four_cycle,-1,
0,62,55,-1,B1_block_swap,1,
0,63,51,-1,B1_block_swap,1,
0,64,47,1,A1_identity,1,1
0,65,43,1,A2_sigma_i,-1,1
0,66,39,-1,B3_four_cycle,-1,
0,67,35,-1,B1_block_swap,1,
0,68,31,1,A2_sigma_i,1,-1
0,69,27,-1,B3_four_cycle,-1,
0,70,23,1,A2_sigma_i,1,-1
0,71,19,1,A1_identity,1,1
0,72,15,-1,B1_block_swap,1,
0,73,11,-1,B1_block_swap,1,
0,74,7,-1,B3_four_cycle,-1,
0,75,3,-1,B1_block_swap,1,
0,76,100,1,A1_identity,1,1
0,77,96,1,A2_sigma_i,-1,1
0,78,92,1,A4_ramified_A,,
0,79,88,1,A1_identity,1,1
0,80,84,1,A1_identity,1,1
0,81,80,1,A3_sigma1sigma2,-1,-1
0,82,76,1,A2_sigma_i,-1,1
0,83,72,-1,B1_block_swap,1,
0,84,68,1,A1_identity,1,1
0,85,64,1,A1_identity,1,1
0,86,60,-1,B3_four_cycle,-1,
0,87,56,1,A2_sigma_i,1,-1
0,88,52,1,A3_sigma1sigma2,-1,-1
0,89,48,-1,B3_four_cycle,-1,
0,90,44,-1,B3_four_cycle,-1,
0,91,40,-1,B3_four_cycle,-1,
0,92,36,1,A3_sigma1sigma2,-1,-1
0,93,32,-1,B3_four_cycle,-1,
0,94,28,-1,B3_four_cycle,-1,
0,95,24,1,A2_sigma_i,1,-1
0,96,20,1,A4_ramified_A,,
0,97,16,1,A2_sigma_i,-1,1
0,98,12,-1,B1_block_swap,1,
0,99,8,-1,B1_block_swap,1,
0,100,4,1,A1_identity,1,1
1,0,1,1,A1_identity,1,1
1,1,98,-1,B1_block_swap,1,
1,2,94,-1,B1_block_swap,1,
1,3,90,-1,B3_four_cycle,-1,
1,4,86,-1,B3_four_cycle,-1,
1,5,82,1,A1_identity,1,1
1,6,78,1,A1_identity,1,1
1,7,74,-1,B1_block_swap,1,
1,8,70,1,A2_sigma_i,-1,1
1,9,66,-1,B3_four_cycle,-1,
1,10,62,-1,B3_four_cycle,-1,
1,11,58,1,A2_sigma_i,1,-1
1,12,54,1,A1_identity,1,1
1,13,50,-1,B3_four_cycle,-1,
1,14,46,-1,B1_block_swap,1,
1,15,42,-1,B3_four_cycle,-1,
1,16,38,-1,B3_four_cycle,-1,
1,17,34,-1,B1_block_swap,1,
1,18,30,1,A3_sigma1sigma2,-1,-1
1,19,26,-1,B1_block_swap,1,
1,20,22,1,A3_sigma1sigma2,-1,-1
1,21,18,-1,B1_block_swap,1,
1,22,14,1,A2_sigma_i,-1,1
1,23,10,-1,B3_four_cycle,-1,
1,24,6,1,A2_sigma_i,1,-1
1,25,2,-1,B1_block_swap,1,
1,26,99,-1,B1_block_swap,1,
1,27,95,1,A2_sigma_i,1,-1
1,28,91,-1,B3_four_cycle,-1,
1,29,87,1,A3_sigma1sigma2,-1,-1
1,30,83,-1,B3_four_cycle,-1,
1,31,79,1,A2_sigma_i,-1,1
1,32,75,-1,B1_block_swap,1,
1,33,71,1,A1_identity,1,1
1,34,67,-1,B1_block_swap,1,
1,35,63,-1,B1_block_swap,1,
1,36,59,-1,B3_four_cycle,-1,
1,37,55,-1,B1_block_swap,1,
1,38,51,-1,B1_block_swap,1,
1,39,47,1,A3_sigma1sigma2,-1,-1
1,40,43,1,A2_sigma_i,1,-1
1,41,39,-1,B1_block_swap,1,
1,42,35,-1,B1_block_swap,1,
1,43,31,1,A1_identity,1,1
1,44,27,-1,B3_four_cycle,-1,
1,45,23,1,A3_sigma1sigma2,-1,-1
1,46,19,1,A2_sigma_i,-1,1
1,47,15,-1,B1_block_swap,1,
1,48,11,-1,B3_four_cycle,-1,
1,49,7,-1,B3_four_cycle,-1,
1,50,3,-1,B3_four_cycle,-1,
1,51,100,1,A4_ramified_A,,
1,52,96,1,A1_identity,1,1
1,53,92,1,A3_sigma1sigma2,-1,-1
1,54,88,1,A1_identity,1,1
1,55,84,1,A1_identity,1,1
1,56,80,1,A3_sigma1sigma2,-1,-1
1,57,76,1,A2_sigma_i,1,-1
1,58,72,-1,B1_block_swap,1,
1,59,68,1,A2_sigma_i,1,-1
1,60,64,1,A2_sigma_i,1,-1
1,61,60,-1,B3_four_cycle,-1,
1,62,56,1,A1_identity,1,1
1,63,52,1,A4_ramified_A,,
1,64,48,-1,B3_four_cycle,-1,
1,65,44,-1,B3_four_cycle,-1,
1,66,40,-1,B1_block_swap,1,
1,67,36,1,A2_sigma_i,-1,1
1,68,32,-1,B3_four_cycle,-1,
1,69,28,-1,B1_block_swap,1,
1,70,24,1,A3_sigma1sigma2,-1,-1
1,71,20,1,A2_sigma_i,1,-1
1,72,16,1,A1_identity,1,1
1,73,12,-1,B3_four_cycle,-1,
1,74,8,-1,B3_four_cycle,-1,
1,75,4,1,A2_sigma_i,-1,1
1,76,0,0,double_root,,
1,77,97,1,A2_sigma_i,-1,1
1,78,93,-1,B3_four_cycle,-1,
1,79,89,-1,B3_four_cycle,-1,
1,80,85,1,A2_sigma_i,-1,1
1,81,81,1,A1_identity,1,1
1,82,77,1,A1_identity,1,1
1,83,73,-1,B3_four_cycle,-1,
1,84,69,-1,B3_four_cycle,-1,
1,85,65,1,A1_identity,1,1
1,86,61,-1,B1_block_swap,1,
1,87,57,-1,B1_block_swap,1,
1,88,53,-1,B3_four_cycle,-1,
1,89,49,1,A2_sigma_i,-1,1
1,90,45,1,A3_sigma1sigma2,-1,-1
1,91,41,-1,B1_block_swap,1,
1,92,37,1,A3_sigma1sigma2,-1,-1
1,93,33,1,A3_sigma1sigma2,-1,-1
1,94,29,-1,B3_four_cycle,-1,
1,95,25,1,A3_sigma1sigma2,-1,-1
1,96,21,1,A4_ramified_A,,
1,97,17,1,A1_identity,1,1
1,98,13,1,A1_identity,1,1
1,99,9,1,A1_identity,1,1
1,100,5,1,A3_sigma1sigma2,-1,-1
2,0,4,1,A1_identity,1,1
2,1,0,0,double_root,,
2,2,97,1,A3_sigma1sigma2,-1,-1
2,3,93,-1,B3_four_cycle,-1,
2,4,89,-1,B3_four_cycle,-1,
2,5,85,1,A2_sigma_i,1,-1
2,6,81,1,A4_ramified_A,,
2,7,77,1,A3_sigma1sigma2,-1,-1
2,8,73,-1,B1_block_swap,1,
2,9,69,-1,B3_four_cycle,-1,
2,10,65,1,A2_sigma_i,1,-1
2,11,61,-1,B3_four_cycle,-1,
2,12,57,-1,B1_block_swap,1,
2,13,53,-1,B3_four_cycle,-1,
2,14,49,1,A2_sigma_i,-1,1
2,15,45,1,A2_sigma_i,1,-1
2,16,41,-1,B3_four_cycle,-1,
2,17,37,1,A3_sigma1sigma2,-1,-1
2,18,33,1,A2_sigma_i,-1,1
2,19,29,-1,B3_four_cycle,-1,
2,20,25,1,A1_identity,1,1
2,21,21,1,A2_sigma_i,1,-1
2,22,17,1,A2_sigma_i,-1,1
2,23,13,1,A2_sigma_i,-1,1
2,24,9,1,A2_sigma_i,-1,1
2,25,5,1,A1_identity,1,1
2,26,1,1,A2_sigma_i,1,-1
2,27,98,-1,B3_four_cycle,-1,
2,28,94,-1,B3_four_cycle,-1,
2,29,90,-1,B3_four_cycle,-1,
2,30,86,-1,B3_four_cycle,-1,
2,31,82,1,A1_identity,1,1
2,32,78,1,A2_sigma_i,1,-1
2,33,74,-1,B1_block_swap,1,
2,34,70,1,A2_sigma_i,-1,1
2,35,66,-1,B3_four_cycle,-1,
2,36,62,-1,B3_four_cycle,-1,
2,37,58,1,A1_identity,1,1
2,38,54,1,A3_sigma1sigma2,-1,-1
2,39,50,-1,B1_block_swap,1,
2,40,46,-1,B3_four_cycle,-1,
2,41,42,-1,B1_block_swap,1,
2,42,38,-1,B1_block_swap,1,
2,43,34,-1,B3_four_cycle,-1,
2,44,30,1,A1_identity,1,1
2,45,26,-1,B3_four_cycle,-1,
2,46,22,1,A1_identity,1,1
2,47,18,-1,B1_block_swap,1,
2,48,14,1,A4_ramified_A,,
2,49,10,-1,B1_block_swap,1,
2,50,6,1,A3_sigma1sigma2,-1,-1
2,51,2,-1,B3_four_cycle,-1,
2,52,99,-1,B1_block_swap,1,
2,53,95,1,A2_sigma_i,1,-1
2,54,91,-1,B3_four_cycle,-1,
2,55,87,1,A4_ramified_A,,
2,56,83,-1,B1_block_swap,1,
2,57,79,1,A3_sigma1sigma2,-1,-1
2,58,75,-1,B1_block_swap,1,
2,59,71,1,A3_sigma1sigma2,-1,-1
2,60,67,-1,B3_four_cycle,-1,
2,61,63,-1,B3_four_cycle,-1,
2,62,59,-1,B3_four_cycle,-1,
2,63,55,-1,B3_four_cycle,-1,
2,64,51,-1,B1_block_swap,1,
2,65,47,1,A1_identity,1,1
2,66,43,1,A2_sigma_i,-1,1
2,67,39,-1,B1_block_swap,1,
2,68,35,-1,B3_four_cycle,-1,
2,69,31,1,A2_sigma_i,-1,1
2,70,27,-1,B3_four_cycle,-1,
2,71,23,1,A1_identity,1,1
2,72,19,1,A2_sigma_i,-1,1
2,73,15,-1,B1_block_swap,1,
2,74,11,-1,B3_four_cycle,-1,
2,75,7,-1,B1_block_swap,1,
2,76,3,-1,B3_four_cycle,-1,
2,77,100,1,A2_sigma_i,1,-1
2,78,96,1,A2_sigma_i,1,-1
2,79,92,1,A2_sigma_i,-1,1
2,80,88,1,A1_identity,1,1
2,81,84,1,A1_identity,1,1
2,82,80,1,A3_sigma1sigma2,-1,-1
2,83,76,1,A1_identity,1,1
2,84,72,-1,B3_four_cycle,-1,
2,85,68,1,A3_sigma1sigma2,-1,-1
2,86,64,1,A2_sigma_i,1,-1
2,87,60,-1,B1_block_swap,1,
2,88,56,1,A2_sigma_i,-1,1
2,89,52,1,A2_sigma_i,1,-1
2,90,48,-1,B1_block_swap,1,
2,91,44,-1,B1_block_swap,1,
2,92,40,-1,B1_block_swap,1,
2,93,36,1,A2_sigma_i,-1,1
2,94,32,-1,B1_block_swap,1,
2,95,28,-1,B1_block_swap,1,
2,96,24,1,A2_sigma_i,-1,1
2,97,20,1,A1_identity,1,1
2,98,16,1,A2_sigma_i,1,-1
2,99,12,-1,B3_four_cycle,-1,
2,100,8,-1,B3_four_cycle,-1,
3,0,9,1,A2_sigma_i,1,-1
3,1,5,1,A1_identity,1,1
3,2,1,1,A1_identity,1,1
3,3,98,-1,B1_block_swap,1,
3,4,94,-1,B1_block_swap,1,
3,5,90,-1,B1_block_swap,1,
3,6,86,-1,B1_block_swap,1,
3,7,82,1,A2_sigma_i,1,-1
3,8,78,1,A1_identity,1,1
3,9,74,-1,B3_four_cycle,-1,
3,10,70,1,A1_identity,1,1
3,11,66,-1,B1_block_swap,1,
3,12,62,-1,B1_block_swap,1,
3,13,58,1,A3_sigma1sigma2,-1,-1
3,14,54,1,A4_ramified_A,,
3,15,50,-1,B3_four_cycle,-1,
3,16,46,-1,B1_block_swap,1,
3,17,42,-1,B3_four_cycle,-1,
3,18,38,-1,B1_block_swap,1,
3,19,34,-1,B1_block_swap,1,
3,20,30,1,A2_sigma_i,1,-1
3,21,26,-1,B3_four_cycle,-1,
3,22,22,1,A2_sigma_i,-1,1
3,23,18,-1,B1_block_swap,1,
3,24,14,1,A3_sigma1sigma2,-1,-1
3,25,10,-1,B1_block_swap,1,
3,26,6,1,A1_identity,1,1
3,27,2,-1,B3_four_cycle,-1,
3,28,99,-1,B3_four_cycle,-1,
3,29,95,1,A2_sigma_i,-1,1
3,30,91,-1,B1_block_swap,1,
3,31,87,1,A2_sigma_i,-1,1
3,32,83,-1,B3_four_cycle,-1,
3,33,79,1,A4_ramified_A,,
3,34,75,-1,B3_four_cycle,-1,
3,35,71,1,A3_sigma1sigma2,-1,-1
3,36,67,-1,B1_block_swap,1,
3,37,63,-1,B1_block_swap,1,
3,38,59,-1,B1_block_swap,1,
3,39,55,-1,B1_block_swap,1,
3,40,51,-1,B1_block_swap,1,
3,41,47,1,A1_identity,1,1
3,42,43,1,A2_sigma_i,-1,1
3,43,39,-1,B1_block_swap,1,
3,44,35,-1,B1_block_swap,1,
3,45,31,1,A2_sigma_i,1,-1
3,46,27,-1,B3_four_cycle,-1,
3,47,23,1,A2_sigma_i,1,-1
3,48,19,1,A3_sigma1sigma2,-1,-1
3,49,15,-1,B3_four_cycle,-1,
3,50,11,-1,B3_four_cycle,-1,
3,51,7,-1,B1_block_swap,1,
3,52,3,-1,B1_block_swap,1,
3,53,100,1,A2_sigma_i,-1,1
3,54,96,1,A1_identity,1,1
3,55,92,1,A1_identity,1,1
3,56,88,1,A2_sigma_i,-1,1
3,57,84,1,A3_sigma1sigma2,-1,-1
3,58,80,1,A2_sigma_i,-1,1
3,59,76,1,A1_identity,1,1
3,60,72,-1,B3_four_cycle,-1,
3,61,68,1,A2_sigma_i,1,-1
3,62,64,1,A4_ramified_A,,
3,63,60,-1,B1_block_swap,1,
3,64,56,1,A1_identity,1,1
3,65,52,1,A2_sigma_i,1,-1
3,66,48,-1,B1_block_swap,1,
3,67,44,-1,B1_block_swap,1,
3,68,40,-1,B3_four_cycle,-1,
3,69,36,1,A1_identity,1,1
3,70,32,-1,B3_four_cycle,-1,
3,71,28,-1,B1_block_swap,1,
3,72,24,1,A3_sigma1sigma2,-1,-1
3,73,20,1,A2_sigma_i,1,-1
3,74,16,1,A2_sigma_i,-1,1
3,75,12,-1,B1_block_swap,1,
3,76,8,-1,B3_four_cycle,-1,
3,77,4,1,A2_sigma_i,-1,1
3,78,0,0,double_root,,
3,79,97,1,A2_sigma_i,1,-1
3,80,93,-1,B1_block_swap,1,
3,81,89,-1,B1_block_swap,1,
3,82,85,1,A3_sigma1sigma2,-1,-1
3,83,81,1,A3_sigma1sigma2,-1,-1
3,84,77,1,A2_sigma_i,-1,1
3,85,73,-1,B1_block_swap,1,
3,86,69,-1,B1_block_swap,1,
3,87,65,1,A2_sigma_i,-1,1
3,88,61,-1,B3_four_cycle,-1,
3,89,57,-1,B1_block_swap,1,
3,90,53,-1,B1_block_swap,1,
3,91,49,1,A2_sigma_i,-1,1
3,92,45,1,A2_sigma_i,1,-1
3,93,41,-1,B3_four_cycle,-1,
3,94,37,1,A3_sigma1sigma2,-1,-1
3,95,33,1,A2_sigma_i,1,-1
3,96,29,-1,B1_block_swap,1,
3,97,25,1,A1_identity,1,1
3,98,21,1,A1_identity,1,1
3,99,17,1,A2_sigma_i,1,-1
3,100,13,1,A2_sigma_i,-1,1
4,0,16,1,A1_identity,1,1
4,1,12,-1,B3_four_cycle,-1,
4,2,8,-1,B1_block_swap,1,
4,3,4,1,A2_sigma_i,1,-1
4,4,0,0,double_root,,
4,5,97,1,A3_sigma1sigma2,-1,-1
4,6,93,-1,B1_block_swap,1,
4,7,89,-1,B3_four_cycle,-1,
4,8,85,1,A1_identity,1,1
4,9,81,1,A2_sigma_i,-1,1
4,10,77,1,A1_identity,1,1
4,11,73,-1,B1_block_swap,1,
4,12,69,-1,B3_four_cycle,-1,
4,13,65,1,A2_sigma_i,-1,1
4,14,61,-1,B1_block_swap,1,
4,15,57,-1,B3_four_cycle,-1,
4,16,53,-1,B3_four_cycle,-1,
4,17,49,1,A4_ramified_A,,
4,18,45,1,A4_ramified_A,,
4,19,41,-1,B1_block_swap,1,
4,20,37,1,A1_identity,1,1
4,21,33,1,A1_identity,1,1
4,22,29,-1,B1_block_swap,1,
4,23,25,1,A2_sigma_i,1,-1
4,24,21,1,A3_sigma1sigma2,-1,-1
4,25,17,1,A1_identity,1,1
4,26,13,1,A3_sigma1sigma2,-1,-1
4,27,9,1,A2_sigma_i,-1,1
4,28,5,1,A2_sigma_i,-1,1
4,29,1,1,A1_identity,1,1
4,30,98,-1,B1_block_swap,1,
4,31,94,-1,B1_block_swap,1,
4,32,90,-1,B1_block_swap,1,
4,33,86,-1,B1_block_swap,1,
4,34,82,1,A2_sigma_i,-1,1
4,35,78,1,A1_identity,1,1
4,36,74,-1,B1_block_swap,1,
4,37,70,1,A3_sigma1sigma2,-1,-1
4,38,66,-1,B1_block_swap,1,
4,39,62,-1,B3_four_cycle,-1,
4,40,58,1,A2_sigma_i,-1,1
4,41,54,1,A1_identity,1,1
4,42,50,-1,B3_four_cycle,-1,
4,43,46,-1,B3_four_cycle,-1,
4,44,42,-1,B1_block_swap,1,
4,45,38,-1,B3_four_cycle,-1,
4,46,34,-1,B3_four_cycle,-1,
4,47,30,1,A1_identity,1,1
4,48,26,-1,B3_four_cycle,-1,
4,49,22,1,A2_sigma_i,-1,1
4,50,18,-1,B3_four_cycle,-1,
4,51,14,1,A2_sigma_i,-1,1
4,52,10,-1,B1_block_swap,1,
4,53,6,1,A2_sigma_i,-1,1
4,54,2,-1,B1_block_swap,1,
4,55,99,-1,B3_four_cycle,-1,
4,56,95,1,A2_sigma_i,1,-1
4,57,91,-1,B1_block_swap,1,
4,58,87,1,A1_identity,1,1
4,59,83,-1,B3_four_cycle,-1,
4,60,79,1,A2_sigma_i,-1,1
4,61,75,-1,B3_four_cycle,-1,
4,62,71,1,A3_sigma1sigma2,-1,-1
4,63,67,-1,B1_block_swap,1,
4,64,63,-1,B1_block_swap,1,
4,65,59,-1,B3_four_cycle,-1,
4,66,55,-1,B1_block_swap,1,
4,67,51,-1,B1_block_swap,1,
4,68,47,1,A3_sigma1sigma2,-1,-1
4,69,43,1,A2_sigma_i,-1,1
4,70,39,-1,B3_four_cycle,-1,
4,71,35,-1,B1_block_swap,1,
4,72,31,1,A1_identity,1,1
4,73,27,-1,B3_four_cycle,-1,
4,74,23,1,A4_ramified_A,,
4,75,19,1,A2_sigma_i,1,-1
4,76,15,-1,B1_block_swap,1,
4,77,11,-1,B3_four_cycle,-1,
4,78,7,-1,B1_block_swap,1,
4,79,3,-1,B1_block_swap,1,
4,80,100,1,A3_sigma1sigma2,-1,-1
4,81,96,1,A1_identity,1,1
4,82,92,1,A2_sigma_i,-1,1
4,83,88,1,A2_sigma_i,1,-1
4,84,84,1,A2_sigma_i,1,-1
4,85,80,1,A3_sigma1sigma2,-1,-1
4,86,76,1,A1_identity,1,1
4,87,72,-1,B3_four_cycle,-1,
4,88,68,1,A1_identity,1,1
4,89,64,1,A3_sigma1sigma2,-1,-1
4,90,60,-1,B1_block_swap,1,
4,91,56,1,A3_sigma1sigma2,-1,-1
4,92,52,1,A2_sigma_i,-1,1
4,93,48,-1,B3_four_cycle,-1,
4,94,44,-1,B1_block_swap,1,
4,95,40,-1,B1_block_swap,1,
4,96,36,1,A1_identity,1,1
4,97,32,-1,B1_block_swap,1,
4,98,28,-1,B1_block_swap,1,
4,99,24,1,A3_sigma1sigma2,-1,-1
4,100,20,1,A3_sigma1sigma2,-1,-1
5,0,25,1,A1_identity,1,1
5,1,21,1,A2_sigma_i,-1,1
5,2,17,1,A1_identity,1,1
5,3,13,1,A4_ramified_A,,
5,4,9,1,A1_identity,1,1
5,5,5,1,A1_identity,1,1
5,6,1,1,A2_sigma_i,-1,1
5,7,98,-1,B1_block_swap,1,
5,8,94,-1,B1_block_swap,1,
5,9,90,-1,B1_block_swap,1,
5,10,86,-1,B1_block_swap,1,
5,11,82,1,A1_identity,1,1
5,12,78,1,A2_sigma_i,-1,1
5,13,74,-1,B1_block_swap,1,
5,14,70,1,A3_sigma1sigma2,-1,-1
5,15,66,-1,B1_block_swap,1,
5,16,62,-1,B3_four_cycle,-1,
5,17,58,1,A3_sigma1sigma2,-1,-1
5,18,54,1,A2_sigma_i,1,-1
5,19,50,-1,B1_block_swap,1,
5,20,46,-1,B3_four_cycle,-1,
5,21,42,-1,B1_block_swap,1,
5,22,38,-1,B1_block_swap,1,
5,23,34,-1,B1_block_swap,1,
5,24,30,1,A3_sigma1sigma2,-1,-1
5,25,26,-1,B1_block_swap,1,
5,26,22,1,A2_sigma_i,1,-1
5,27,18,-1,B3_four_cycle,-1,
5,28,14,1,A1_identity,1,1
5,29,10,-1,B1_block_swap,1,
5,30,6,1,A1_identity,1,1
5,31,2,-1,B3_four_cycle,-1,
5,32,99,-1,B1_block_swap,1,
5,33,95,1,A4_ramified_A,,
5,34,91,-1,B3_four_cycle,-1,
5,35,87,1,A2_sigma_i,1,-1
5,36,83,-1,B3_four_cycle,-1,
5,37,79,1,A2_sigma_i,-1,1
5,38,75,-1,B1_block_swap,1,
5,39,71,1,A2_sigma_i,1,-1
5,40,67,-1,B3_four_cycle,-1,
5,41,63,-1,B3_four_cycle,-1,
5,42,59,-1,B3_four_cycle,-1,
5,43,55,-1,B1_block_swap,1,
5,44,51,-1,B3_four_cycle,-1,
5,45,47,1,A2_sigma_i,1,-1
5,46,43,1,A2_sigma_i,1,-1
5,47,39,-1,B1_block_swap,1,
5,48,35,-1,B3_four_cycle,-1,
5,49,31,1,A2_sigma_i,-1,1
5,50,27,-1,B1_block_swap,1,
5,51,23,1,A1_identity,1,1
5,52,19,1,A3_sigma1sigma2,-1,-1
5,53,15,-1,B3_four_cycle,-1,
5,54,11,-1,B3_four_cycle,-1,
5,55,7,-1,B3_four_cycle,-1,
5,56,3,-1,B3_four_cycle,-1,
5,57,100,1,A3_sigma1sigma2,-1,-1
5,58,96,1,A3_sigma1sigma2,-1,-1
5,59,92,1,A2_sigma_i,1,-1
5,60,88,1,A1_identity,1,1
5,61,84,1,A3_sigma1sigma2,-1,-1
5,62,80,1,A2_sigma_i,1,-1
5,63,76,1,A1_identity,1,1
5,64,72,-1,B3_four_cycle,-1,
5,65,68,1,A2_sigma_i,1,-1
5,66,64,1,A1_identity,1,1
5,67,60,-1,B3_four_cycle,-1,
5,68,56,1,A2_sigma_i,1,-1
5,69,52,1,A2_sigma_i,1,-1
5,70,48,-1,B1_block_swap,1,
5,71,44,-1,B1_block_swap,1,
5,72,40,-1,B1_block_swap,1,
5,73,36,1,A4_ramified_A,,
5,74,32,-1,B3_four_cycle,-1,
5,75,28,-1,B3_four_cycle,-1,
5,76,24,1,A3_sigma1sigma2,-1,-1
5,77,20,1,A3_sigma1sigma2,-1,-1
5,78,16,1,A2_sigma_i,-1,1
5,79,12,-1,B3_four_cycle,-1,
5,80,8,-1,B3_four_cycle,-1,
5,81,4,1,A1_identity,1,1
5,82,0,0,double_root,,
5,83,97,1,A1_identity,1,1
5,84,93,-1,B1_block_swap,1,
5,85,89,-1,B3_four_cycle,-1,
5,86,85,1,A1_identity,1,1
5,87,81,1,A3_sigma1sigma2,-1,-1
5,88,77,1,A1_identity,1,1
5,89,73,-1,B3_four_cycle,-1,
5,90,69,-1,B3_four_cycle,-1,
5,91,65,1,A2_sigma_i,1,-1
5,92,61,-1,B1_block_swap,1,
5,93,57,-1,B1_block_swap,1,
5,94,53,-1,B1_block_swap,1,
5,95,49,1,A2_sigma_i,1,-1
5,96,45,1,A3_sigma1sigma2,-1,-1
5,97,41,-1,B3_four_cycle,-1,
5,98,37,1,A3_sigma1sigma2,-1,-1
5,99,33,1,A1_identity,1,1
5,100,29,-1,B1_block_swap,1,
6,0,36,1,A2_sigma_i,1,-1
6,1,32,-1,B3_four_cycle,-1,
6,2,28,-1,B1_block_swap,1,
6,3,24,1,A1_identity,1,1
6,4,20,1,A2_sigma_i,-1,1
6,5,16,1,A1_identity,1,1
6,6,12,-1,B3_four_cycle,-1,
6,7,8,-1,B3_four_cycle,-1,
6,8,4,1,A1_identity,1,1
6,9,0,0,double_root,,
6,10,97,1,A3_sigma1sigma2,-1,-1
6,11,93,-1,B1_block_swap,1,
6,12,89,-1,B1_block_swap,1,
6,13,85,1,A2_sigma_i,-1,1
6,14,81,1,A2_sigma_i,1,-1
6,15,77,1,A2_sigma_i,1,-1
6,16,73,-1,B1_block_swap,1,
6,17,69,-1,B1_block_swap,1,
6,18,65,1,A1_identity,1,1
6,19,61,-1,B3_four_cycle,-1,
6,20,57,-1,B3_four_cycle,-1,
6,21,53,-1,B1_block_swap,1,
6,22,49,1,A2_sigma_i,-1,1
6,23,45,1,A2_sigma_i,1,-1
6,24,41,-1,B3_four_cycle,-1,
6,25,37,1,A2_sigma_i,1,-1
6,26,33,1,A2_sigma_i,-1,1
6,27,29,-1,B1_block_swap,1,
6,28,25,1,A4_ramified_A,,
6,29,21,1,A2_sigma_i,-1,1
6,30,17,1,A2_sigma_i,1,-1
6,31,13,1,A3_sigma1sigma2,-1,-1
6,32,9,1,A1_identity,1,1
6,33,5,1,A2_sigma_i,1,-1
6,34,1,1,A1_identity,1,1
6,35,98,-1,B3_four_cycle,-1,
6,36,94,-1,B3_four_cycle,-1,
6,37,90,-1,B1_block_swap,1,
6,38,86,-1,B3_four_cycle,-1,
6,39,82,1,A1_identity,1,1
6,40,78,1,A1_identity,1,1
6,41,74,-1,B3_four_cycle,-1,
6,42,70,1,A2_sigma_i,1,-1
6,43,66,-1,B3_four_cycle,-1,
6,44,62,-1,B1_block_swap,1,
6,45,58,1,A1_identity,1,1
6,46,54,1,A2_sigma_i,-1,1
6,47,50,-1,B1_block_swap,1,
6,48,46,-1,B3_four_cycle,-1,
6,49,42,-1,B1_block_swap,1,
6,50,38,-1,B3_four_cycle,-1,
6,51,34,-1,B1_block_swap,1,
6,52,30,1,A2_sigma_i,-1,1
6,53,26,-1,B3_four_cycle,-1,
6,54,22,1,A2_sigma_i,1,-1
6,55,18,-1,B3_four_cycle,-1,
6,56,14,1,A2_sigma_i,-1,1
6,57,10,-1,B1_block_swap,1,
6,58,6,1,A2_sigma_i,1,-1
6,59,2,-1,B3_four_cycle,-1,
6,60,99,-1,B1_block_swap,1,
6,61,95,1,A1_identity,1,1
6,62,91,-1,B1_block_swap,1,
6,63,87,1,A3_sigma1sigma2,-1,-1
6,64,83,-1,B3_four_cycle,-1,
6,65,79,1,A2_sigma_i,1,-1
6,66,75,-1,B1_block_swap,1,
6,67,71,1,A3_sigma1sigma2,-1,-1
6,68,67,-1,B3_four_cycle,-1,
6,69,63,-1,B3_four_cycle,-1,
6,70,59,-1,B3_four_cycle,-1,
6,71,55,-1,B3_four_cycle,-1,
6,72,51,-1,B3_four_cycle,-1,
6,73,47,1,A1_identity,1,1
6,74,43,1,A3_sigma1sigma2,-1,-1
6,75,39,-1,B3_four_cycle,-1,
6,76,35,-1,B3_four_cycle,-1,
6,77,31,1,A2_sigma_i,-1,1
6,78,27,-1,B3_four_cycle,-1,
6,79,23,1,A1_identity,1,1
6,80,19,1,A3_sigma1sigma2,-1,-1
6,81,15,-1,B3_four_cycle,-1,
6,82,11,-1,B1_block_swap,1,
6,83,7,-1,B1_block_swap,1,
6,84,3,-1,B1_block_swap,1,
6,85,100,1,A3_sigma1sigma2,-1,-1
6,86,96,1,A1_identity,1,1
6,87,92,1,A1_identity,1,1
6,88,88,1,A2_sigma_i,-1,1
6,89,84,1,A4_ramified_A,,
6,90,80,1,A3_sigma1sigma2,-1,-1
6,91,76,1,A2_sigma_i,-1,1
6,92,72,-1,B3_four_cycle,-1,
6,93,68,1,A4_ramified_A,,
6,94,64,1,A2_sigma_i,-1,1
6,95,60,-1,B1_block_swap,1,
6,96,56,1,A3_sigma1sigma2,-1,-1
6,97,52,1,A1_identity,1,1
6,98,48,-1,B1_block_swap,1,
6,99,44,-1,B3_four_cycle,-1,
6,100,40,-1,B3_four_cycle,-1,
7,0,49,1,A2_sigma_i,1,-1
7,1,45,1,A2_sigma_i,-1,1
7,2,41,-1,B1_block_swap,1,
7,3,37,1,A3_sigma1sigma2,-1,-1
7,4,33,1,A2_sigma_i,1,-1
7,5,29,-1,B3_four_cycle,-1,
7,6,25,1,A2_sigma_i,-1,1
7,7,21,1,A2_sigma_i,1,-1
7,8,17,1,A3_sigma1sigma2,-1,-1
7,9,13,1,A2_sigma_i,-1,1
7,10,9,1,A1_identity,1,1
7,11,5,1,A2_sigma_i,-1,1
7,12,1,1,A2_sigma_i,1,-1
7,13,98,-1,B1_block_swap,1,
7,14,94,-1,B1_block_swap,1,
7,15,90,-1,B1_block_swap,1,
7,16,86,-1,B1_block_swap,1,
7,17,82,1,A2_sigma_i,-1,1
7,18,78,1,A1_identity,1,1
7,19,74,-1,B3_four_cycle,-1,
7,20,70,1,A2_sigma_i,1,-1
7,21,66,-1,B1_block_swap,1,
7,22,62,-1,B3_four_cycle,-1,
7,23,58,1,A2_sigma_i,-1,1
7,24,54,1,A2_sigma_i,-1,1
7,25,50,-1,B1_block_swap,1,
7,26,46,-1,B1_block_swap,1,
7,27,42,-1,B3_four_cycle,-1,
7,28,38,-1,B3_four_cycle,-1,
7,29,34,-1,B3_four_cycle,-1,
7,30,30,1,A2_sigma_i,-1,1
7,31,26,-1,B3_four_cycle,-1,
7,32,22,1,A2_sigma_i,1,-1
7,33,18,-1,B1_block_swap,1,
7,34,14,1,A2_sigma_i,1,-1
7,35,10,-1,B3_four_cycle,-1,
7,36,6,1,A3_sigma1sigma2,-1,-1
7,37,2,-1,B3_four_cycle,-1,
7,38,99,-1,B3_four_cycle,-1,
7,39,95,1,A2_sigma_i,-1,1
7,40,91,-1,B3_four_cycle,-1,
7,41,87,1,A2_sigma_i,1,-1
7,42,83,-1,B3_four_cycle,-1,
7,43,79,1,A2_sigma_i,-1,1
7,44,75,-1,B1_block_swap,1,
7,45,71,1,A2_sigma_i,-1,1
7,46,67,-1,B1_block_swap,1,
7,47,63,-1,B3_four_cycle,-1,
7,48,59,-1,B3_four_cycle,-1,
7,49,55,-1,B1_block_swap,1,
7,50,51,-1,B1_block_swap,1,
7,51,47,1,A1_identity,1,1
7,52,43,1,A4_ramified_A,,
7,53,39,-1,B1_block_swap,1,
7,54,35,-1,B3_four_cycle,-1,
7,55,31,1,A1_identity,1,1
7,56,27,-1,B1_block_swap,1,
7,57,23,1,A2_sigma_i,1,-1
7,58,19,1,A2_sigma_i,1,-1
7,59,15,-1,B1_block_swap,1,
7,60,11,-1,B3_four_cycle,-1,
7,61,7,-1,B1_block_swap,1,
7,62,3,-1,B1_block_swap,1,
7,63,100,1,A1_identity,1,1
7,64,96,1,A1_identity,1,1
7,65,92,1,A1_identity,1,1
7,66,88,1,A1_identity,1,1
7,67,84,1,A3_sigma1sigma2,-1,-1
7,68,80,1,A1_identity,1,1
7,69,76,1,A2_sigma_i,1,-1
7,70,72,-1,B3_four_cycle,-1,
7,71,68,1,A2_sigma_i,-1,1
7,72,64,1,A3_sigma1sigma2,-1,-1
7,73,60,-1,B3_four_cycle,-1,
7,74,56,1,A4_ramified_A,,
7,75,52,1,A1_identity,1,1
7,76,48,-1,B1_block_swap,1,
7,77,44,-1,B1_block_swap,1,
7,78,40,-1,B3_four_cycle,-1,
7,79,36,1,A2_sigma_i,-1,1
7,80,32,-1,B3_four_cycle,-1,
7,81,28,-1,B3_four_cycle,-1,
7,82,24,1,A3_sigma1sigma2,-1,-1
7,83,20,1,A3_sigma1sigma2,-1,-1
7,84,16,1,A4_ramified_A,,
7,85,12,-1,B3_four_cycle,-1,
7,86,8,-1,B3_four_cycle,-1,
7,87,4,1,A1_identity,1,1
7,88,0,0,double_root,,
7,89,97,1,A2_sigma_i,1,-1
7,90,93,-1,B3_four_cycle,-1,
7,91,89,-1,B1_block_swap,1,
7,92,85,1,A2_sigma_i,1,-1
7,93,81,1,A2_sigma_i,1,-1
7,94,77,1,A3_sigma1sigma2,-1,-1
7,95,73,-1,B3_four_cycle,-1,
7,96,69,-1,B1_block_swap,1,
7,97,65,1,A1_identity,1,1
7,98,61,-1,B3_four_cycle,-1,
7,99,57,-1,B3_four_cycle,-1,
7,100,53,-1,B1_block_swap,1,
8,0,64,1,A2_sigma_i,-1,1
8,1,60,-1,B1_block_swap,1,
8,2,56,1,A2_sigma_i,1,-1
8,3,52,1,A2_sigma_i,-1,1
8,4,48,-1,B3_four_cycle,-1,
8,5,44,-1,B3_four_cycle,-1,
8,6,40,-1,B3_four_cycle,-1,
8,7,36,1,A2_sigma_i,1,-1
8,8,32,-1,B1_block_swap,1,
8,9,28,-1,B1_block_swap,1,
8,10,24,1,A2_sigma_i,1,-1
8,11,20,1,A4_ramified_A,,
8,12,16,1,A2_sigma_i,1,-1
8,13,12,-1,B3_four_cycle,-1,
8,14,8,-1,B3_four_cycle,-1,
8,15,4,1,A2_sigma_i,-1,1
8,16,0,0,double_root,,
8,17,97,1,A2_sigma_i,1,-1
8,18,93,-1,B1_block_swap,1,
8,19,89,-1,B1_block_swap,1,
8,20,85,1,A2_sigma_i,1,-1
8,21,81,1,A2_sigma_i,-1,1
8,22,77,1,A2_sigma_i,1,-1
8,23,73,-1,B3_four_cycle,-1,
8,24,69,-1,B1_block_swap,1,
8,25,65,1,A2_sigma_i,-1,1
8,26,61,-1,B3_four_cycle,-1,
8,27,57,-1,B1_block_swap,1,
8,28,53,-1,B3_four_cycle,-1,
8,29,49,1,A3_sigma1sigma2,-1,-1
8,30,45,1,A2_sigma_i,1,-1
8,31,41,-1,B1_block_swap,1,
8,32,37,1,A1_identity,1,1
8,33,33,1,A2_sigma_i,1,-1
8,34,29,-1,B1_block_swap,1,
8,35,25,1,A1_identity,1,1
8,36,21,1,A2_sigma_i,-1,1
8,37,17,1,A1_identity,1,1
8,38,13,1,A2_sigma_i,1,-1
8,39,9,1,A4_ramified_A,,
8,40,5,1,A2_sigma_i,-1,1
8,41,1,1,A1_identity,1,1
8,42,98,-1,B3_four_cycle,-1,
8,43,94,-1,B3_four_cycle,-1,
8,44,90,-1,B3_four_cycle,-1,
8,45,86,-1,B3_four_cycle,-1,
8,46,82,1,A1_identity,1,1
8,47,78,1,A3_sigma1sigma2,-1,-1
8,48,74,-1,B3_four_cycle,-1,
8,49,70,1,A2_sigma_i,1,-1
8,50,66,-1,B1_block_swap,1,
8,51,62,-1,B3_four_cycle,-1,
8,52,58,1,A3_sigma1sigma2,-1,-1
8,53,54,1,A2_sigma_i,-1,1
8,54,50,-1,B3_four_cycle,-1,
8,55,46,-1,B3_four_cycle,-1,
8,56,42,-1,B3_four_cycle,-1,
8,57,38,-1,B3_four_cycle,-1,
8,58,34,-1,B1_block_swap,1,
8,59,30,1,A4_ramified_A,,
8,60,26,-1,B1_block_swap,1,
8,61,22,1,A3_sigma1sigma2,-1,-1
8,62,18,-1,B1_block_swap,1,
8,63,14,1,A1_identity,1,1
8,64,10,-1,B3_four_cycle,-1,
8,65,6,1,A2_sigma_i,1,-1
8,66,2,-1,B3_four_cycle,-1,
8,67,99,-1,B1_block_swap,1,
8,68,95,1,A3_sigma1sigma2,-1,-1
8,69,91,-1,B3_four_cycle,-1,
8,70,87,1,A1_identity,1,1
8,71,83,-1,B3_four_cycle,-1,
8,72,79,1,A2_sigma_i,1,-1
8,73,75,-1,B1_block_swap,1,
8,74,71,1,A2_sigma_i,1,-1
8,75,67,-1,B1_block_swap,1,
8,76,63,-1,B1_block_swap,1,
8,77,59,-1,B3_four_cycle,-1,
8,78,55,-1,B1_block_swap,1,
8,79,51,-1,B3_four_cycle,-1,
8,80,47,1,A1_identity,1,1
8,81,43,1,A2_sigma_i,1,-1
8,82,39,-1,B1_block_swap,1,
8,83,35,-1,B1_block_swap,1,
8,84,31,1,A2_sigma_i,1,-1
8,85,27,-1,B3_four_cycle,-1,
8,86,23,1,A3_sigma1sigma2,-1,-1
8,87,19,1,A1_identity,1,1
8,88,15,-1,B3_four_cycle,-1,
8,89,11,-1,B3_four_cycle,-1,
8,90,7,-1,B3_four_cycle,-1,
8,91,3,-1,B3_four_cycle,-1,
8,92,100,1,A2_sigma_i,1,-1
8,93,96,1,A2_sigma_i,1,-1
8,94,92,1,A2_sigma_i,-1,1
8,95,88,1,A1_identity,1,1
8,96,84,1,A2_sigma_i,1,-1
8,97,80,1,A3_sigma1sigma2,-1,-1
8,98,76,1,A1_identity,1,1
8,99,72,-1,B1_block_swap,1,
8,100,68,1,A2_sigma_i,-1,1
9,0,81,1,A2_sigma_i,1,-1
9,1,77,1,A2_sigma_i,1,-1
9,2,73,-1,B3_four_cycle,-1,
9,3,69,-1,B3_four_cycle,-1,
9,4,65,1,A2_sigma_i,-1,1
9,5,61,-1,B3_four_cycle,-1,
9,6,57,-1,B1_block_swap,1,
9,7,53,-1,B1_block_swap,1,
9,8,49,1,A2_sigma_i,1,-1
9,9,45,1,A2_sigma_i,-1,1
9,10,41,-1,B1_block_swap,1,
9,11,37,1,A2_sigma_i,1,-1
9,12,33,1,A2_sigma_i,1,-1
9,13,29,-1,B1_block_swap,1,
9,14,25,1,A2_sigma_i,-1,1
9,15,21,1,A2_sigma_i,-1,1
9,16,17,1,A1_identity,1,1
9,17,13,1,A2_sigma_i,-1,1
9,18,9,1,A3_sigma1sigma2,-1,-1
9,19,5,1,A1_identity,1,1
9,20,1,1,A1_identity,1,1
9,21,98,-1,B1_block_swap,1,
9,22,94,-1,B3_four_cycle,-1,
9,23,90,-1,B1_block_swap,1,
9,24,86,-1,B1_block_swap,1,
9,25,82,1,A2_sigma_i,1,-1
9,26,78,1,A1_identity,1,1
9,27,74,-1,B3_four_cycle,-1,
9,28,70,1,A2_sigma_i,-1,1
9,29,66,-1,B3_four_cycle,-1,
9,30,62,-1,B3_four_cycle,-1,
9,31,58,1,A2_sigma_i,-1,1
9,32,54,1,A2_sigma_i,1,-1
9,33,50,-1,B3_four_cycle,-1,
9,34,46,-1,B1_block_swap,1,
9,35,42,-1,B3_four_cycle,-1,
9,36,38,-1,B3_four_cycle,-1,
9,37,34,-1,B1_block_swap,1,
9,38,30,1,A2_sigma_i,-1,1
9,39,26,-1,B3_four_cycle,-1,
9,40,22,1,A2_sigma_i,1,-1
9,41,18,-1,B3_four_cycle,-1,
9,42,14,1,A2_sigma_i,1,-1
9,43,10,-1,B3_four_cycle,-1,
9,44,6,1,A4_ramified_A,,
9,45,2,-1,B1_block_swap,1,
9,46,99,-1,B3_four_cycle,-1,
9,47,95,1,A3_sigma1sigma2,-1,-1
9,48,91,-1,B1_block_swap,1,
9,49,87,1,A2_sigma_i,1,-1
9,50,83,-1,B1_block_swap,1,
9,51,79,1,A1_identity,1,1
9,52,75,-1,B3_four_cycle,-1,
9,53,71,1,A1_identity,1,1
9,54,67,-1,B1_block_swap,1,
9,55,63,-1,B1_block_swap,1,
9,56,59,-1,B3_four_cycle,-1,
9,57,55,-1,B3_four_cycle,-1,
9,58,51,-1,B1_block_swap,1,
9,59,47,1,A3_sigma1sigma2,-1,-1
9,60,43,1,A1_identity,1,1
9,61,39,-1,B1_block_swap,1,
9,62,35,-1,B3_four_cycle,-1,
9,63,31,1,A1_identity,1,1
9,64,27,-1,B3_four_cycle,-1,
9,65,23,1,A3_sigma1sigma2,-1,-1
9,66,19,1,A2_sigma_i,1,-1
9,67,15,-1,B3_four_cycle,-1,
9,68,11,-1,B1_block_swap,1,
9,69,7,-1,B1_block_swap,1,
9,70,3,-1,B3_four_cycle,-1,
9,71,100,1,A4_ramified_A,,
9,72,96,1,A2_sigma_i,1,-1
9,73,92,1,A3_sigma1sigma2,-1,-1
9,74,88,1,A2_sigma_i,-1,1
9,75,84,1,A1_identity,1,1
9,76,80,1,A2_sigma_i,1,-1
9,77,76,1,A2_sigma_i,-1,1
9,78,72,-1,B1_block_swap,1,
9,79,68,1,A3_sigma1sigma2,-1,-1
9,80,64,1,A2_sigma_i,1,-1
9,81,60,-1,B3_four_cycle,-1,
9,82,56,1,A3_sigma1sigma2,-1,-1
9,83,52,1,A2_sigma_i,1,-1
9,84,48,-1,B1_block_swap,1,
9,85,44,-1,B1_block_swap,1,
9,86,40,-1,B1_block_swap,1,
9,87,36,1,A2_sigma_i,1,-1
9,88,32,-1,B1_block_swap,1,
9,89,28,-1,B3_four_cycle,-1,
9,90,24,1,A2_sigma_i,-1,1
9,91,20,1,A1_identity,1,1
9,92,16,1,A1_identity,1,1
9,93,12,-1,B3_four_cycle,-1,
9,94,8,-1,B3_four_cycle,-1,
9,95,4,1,A4_ramified_A,,
9,96,0,0,double_root,,
9,97,97,1,A2_sigma_i,-1,1
9,98,93,-1,B1_block_swap,1,
9,99,89,-1,B1_block_swap,1,
9,100,85,1,A2_sigma_i,1,-1
10,0,100,1,A1_identity,1,1
10,1,96,1,A1_identity,1,1
10,2,92,1,A2_sigma_i,-1,1
10,3,88,1,A3_sigma1sigma2,-1,-1
10,4,84,1,A3_sigma1sigma2,-1,-1
10,5,80,1,A1_identity,1,1
10,6,76,1,A2_sigma_i,1,-1
10,7,72,-1,B1_block_swap,1,
10,8,68,1,A2_sigma_i,1,-1
10,9,64,1,A2_sigma_i,-1,1
10,10,60,-1,B3_four_cycle,-1,
10,11,56,1,A1_identity,1,1
10,12,52,1,A3_sigma1sigma2,-1,-1
10,13,48,-1,B1_block_swap,1,
10,14,44,-1,B3_four_cycle,-1,
10,15,40,-1,B1_block_swap,1,
10,16,36,1,A2_sigma_i,1,-1
10,17,32,-1,B3_four_cycle,-1,
10,18,28,-1,B3_four_cycle,-1,
10,19,24,1,A1_identity,1,1
10,20,20,1,A2_sigma_i,-1,1
10,21,16,1,A3_sigma1sigma2,-1,-1
10,22,12,-1,B3_four_cycle,-1,
10,23,8,-1,B1_block_swap,1,
10,24,4,1,A2_sigma_i,1,-1
10,25,0,0,double_root,,
10,26,97,1,A2_sigma_i,1,-1
10,27,93,-1,B1_block_swap,1,
10,28,89,-1,B3_four_cycle,-1,
10,29,85,1,A4_ramified_A,,
10,30,81,1,A4_ramified_A,,
10,31,77,1,A2_sigma_i,1,-1
10,32,73,-1,B3_four_cycle,-1,
10,33,69,-1,B3_four_cycle,-1,
10,34,65,1,A3_sigma1sigma2,-1,-1
10,35,61,-1,B3_four_cycle,-1,
10,36,57,-1,B3_four_cycle,-1,
10,37,53,-1,B1_block_swap,1,
10,38,49,1,A1_identity,1,1
10,39,45,1,A1_identity,1,1
10,40,41,-1,B3_four_cycle,-1,
10,41,37,1,A3_sigma1sigma2,-1,-1
10,42,33,1,A3_sigma1sigma2,-1,-1
10,43,29,-1,B3_four_cycle,-1,
10,44,25,1,A2_sigma_i,-1,1
10,45,21,1,A2_sigma_i,-1,1
10,46,17,1,A1_identity,1,1
10,47,13,1,A1_identity,1,1
10,48,9,1,A1_identity,1,1
10,49,5,1,A1_identity,1,1
10,50,1,1,A4_ramified_A,,
10,51,98,-1,B1_block_swap,1,
10,52,94,-1,B3_four_cycle,-1,
10,53,90,-1,B3_four_cycle,-1,
10,54,86,-1,B1_block_swap,1,
10,55,82,1,A2_sigma_i,-1,1
10,56,78,1,A1_identity,1,1
10,57,74,-1,B3_four_cycle,-1,
10,58,70,1,A2_sigma_i,1,-1
10,59,66,-1,B3_four_cycle,-1,
10,60,62,-1,B3_four_cycle,-1,
10,61,58,1,A1_identity,1,1
10,62,54,1,A3_sigma1sigma2,-1,-1
10,63,50,-1,B3_four_cycle,-1,
10,64,46,-1,B1_block_swap,1,
10,65,42,-1,B1_block_swap,1,
10,66,38,-1,B1_block_swap,1,
10,67,34,-1,B3_four_cycle,-1,
10,68,30,1,A2_sigma_i,-1,1
10,69,26,-1,B1_block_swap,1,
10,70,22,1,A1_identity,1,1
10,71,18,-1,B1_block_swap,1,
10,72,14,1,A2_sigma_i,-1,1
10,73,10,-1,B3_four_cycle,-1,
10,74,6,1,A2_sigma_i,1,-1
10,75,2,-1,B3_four_cycle,-1,
10,76,99,-1,B1_block_swap,1,
10,77,95,1,A3_sigma1sigma2,-1,-1
10,78,91,-1,B1_block_swap,1,
10,79,87,1,A3_sigma1sigma2,-1,-1
10,80,83,-1,B1_block_swap,1,
10,81,79,1,A2_sigma_i,1,-1
10,82,75,-1,B1_block_swap,1,
10,83,71,1,A2_sigma_i,1,-1
10,84,67,-1,B1_block_swap,1,
10,85,63,-1,B1_block_swap,1,
10,86,59,-1,B3_four_cycle,-1,
10,87,55,-1,B3_four_cycle,-1,
10,88,51,-1,B1_block_swap,1,
10,89,47,1,A2_sigma_i,1,-1
10,90,43,1,A2_sigma_i,-1,1
10,91,39,-1,B3_four_cycle,-1,
10,92,35,-1,B3_four_cycle,-1,
10,93,31,1,A2_sigma_i,-1,1
10,94,27,-1,B3_four_cycle,-1,
10,95,23,1,A2_sigma_i,-1,1
10,96,19,1,A2_sigma_i,-1,1
10,97,15,-1,B3_four_cycle,-1,
10,98,11,-1,B1_block_swap,1,
10,99,7,-1,B3_four_cycle,-1,
10,100,3,-1,B3_four_cycle,-1,
11,0,20,1,A2_sigma_i,1,-1
11,1,16,1,A2_sigma_i,1,-1
11,2,12,-1,B1_block_swap,1,
11,3,8,-1,B1_block_swap,1,
11,4,4,1,A1_identity,1,1
11,5,0,0,double_root,,
11,6,97,1,A2_sigma_i,1,-1
11,7,93,-1,B3_four_cycle,-1,
11,8,89,-1,B3_four_cycle,-1,
11,9,85,1,A3_sigma1sigma2,-1,-1
11,10,81,1,A1_identity,1,1
11,11,77,1,A2_sigma_i,-1,1
11,12,73,-1,B1_block_swap,1,
11,13,69,-1,B3_four_cycle,-1,
11,14,65,1,A4_ramified_A,,
11,15,61,-1,B1_block_swap,1,
11,16,57,-1,B3_four_cycle,-1,
11,17,53,-1,B3_four_cycle,-1,
11,18,49,1,A2_sigma_i,1,-1
11,19,45,1,A1_identity,1,1
11,20,41,-1,B3_four_cycle,-1,
11,21,37,1,A1_identity,1,1
11,22,33,1,A2_sigma_i,1,-1
11,23,29,-1,B1_block_swap,1,
11,24,25,1,A3_sigma1sigma2,-1,-1
11,25,21,1,A2_sigma_i,1,-1
11,26,17,1,A2_sigma_i,1,-1
11,27,13,1,A2_sigma_i,1,-1
11,28,9,1,A2_sigma_i,1,-1
11,29,5,1,A1_identity,1,1
11,30,1,1,A2_sigma_i,-1,1
11,31,98,-1,B1_block_swap,1,
11,32,94,-1,B1_block_swap,1,
11,33,90,-1,B1_block_swap,1,
11,34,86,-1,B3_four_cycle,-1,
11,35,82,1,A2_sigma_i,-1,1
11,36,78,1,A3_sigma1sigma2,-1,-1
11,37,74,-1,B1_block_swap,1,
11,38,70,1,A1_identity,1,1
11,39,66,-1,B1_block_swap,1,
11,40,62,-1,B3_four_cycle,-1,
11,41,58,1,A2_sigma_i,-1,1
11,42,54,1,A3_sigma1sigma2,-1,-1
11,43,50,-1,B1_block_swap,1,
11,44,46,-1,B1_block_swap,1,
11,45,42,-1,B3_four_cycle,-1,
11,46,38,-1,B3_four_cycle,-1,
11,47,34,-1,B3_four_cycle,-1,
11,48,30,1,A1_identity,1,1
11,49,26,-1,B3_four_cycle,-1,
11,50,22,1,A2_sigma_i,1,-1
11,51,18,-1,B1_block_swap,1,
11,52,14,1,A3_sigma1sigma2,-1,-1
11,53,10,-1,B1_block_swap,1,
11,54,6,1,A2_sigma_i,1,-1
11,55,2,-1,B3_four_cycle,-1,
11,56,99,-1,B3_four_cycle,-1,
11,57,95,1,A1_identity,1,1
11,58,91,-1,B3_four_cycle,-1,
11,59,87,1,A3_sigma1sigma2,-1,-1
11,60,83,-1,B1_block_swap,1,
11,61,79,1,A2_sigma_i,-1,1
11,62,75,-1,B3_four_cycle,-1,
11,63,71,1,A2_sigma_i,-1,1
11,64,67,-1,B3_four_cycle,-1,
11,65,63,-1,B1_block_swap,1,
11,66,59,-1,B3_four_cycle,-1,
11,67,55,-1,B1_block_swap,1,
11,68,51,-1,B3_four_cycle,-1,
11,69,47,1,A2_sigma_i,1,-1
11,70,43,1,A3_sigma1sigma2,-1,-1
11,71,39,-1,B1_block_swap,1,
11,72,35,-1,B1_block_swap,1,
11,73,31,1,A2_sigma_i,-1,1
11,74,27,-1,B1_block_swap,1,
11,75,23,1,A3_sigma1sigma2,-1,-1
11,76,19,1,A2_sigma_i,1,-1
11,77,15,-1,B1_block_swap,1,
11,78,11,-1,B1_block_swap,1,
11,79,7,-1,B1_block_swap,1,
11,80,3,-1,B3_four_cycle,-1,
11,81,100,1,A2_sigma_i,-1,1
11,82,96,1,A2_sigma_i,-1,1
11,83,92,1,A3_sigma1sigma2,-1,-1
11,84,88,1,A1_identity,1,1
11,85,84,1,A1_identity,1,1
11,86,80,1,A2_sigma_i,-1,1
11,87,76,1,A1_identity,1,1
11,88,72,-1,B3_four_cycle,-1,
11,89,68,1,A2_sigma_i,1,-1
11,90,64,1,A4_ramified_A,,
11,91,60,-1,B3_four_cycle,-1,
11,92,56,1,A2_sigma_i,1,-1
11,93,52,1,A2_sigma_i,1,-1
11,94,48,-1,B3_four_cycle,-1,
11,95,44,-1,B3_four_cycle,-1,
11,96,40,-1,B3_four_cycle,-1,
11,97,36,1,A1_identity,1,1
11,98,32,-1,B1_block_swap,1,
11,99,28,-1,B3_four_cycle,-1,
11,100,24,1,A1_identity,1,1
12,0,43,1,A2_sigma_i,-1,1
12,1,39,-1,B3_four_cycle,-1,
12,2,35,-1,B1_block_swap,1,
12,3,31,1,A2_sigma_i,-1,1
12,4,27,-1,B3_four_cycle,-1,
12,5,23,1,A2_sigma_i,1,-1
12,6,19,1,A1_identity,1,1
12,7,15,-1,B1_block_swap,1,
12,8,11,-1,B1_block_swap,1,
12,9,7,-1,B1_block_swap,1,
12,10,3,-1,B3_four_cycle,-1,
12,11,100,1,A2_sigma_i,1,-1
12,12,96,1,A1_identity,1,1
12,13,92,1,A2_sigma_i,-1,1
12,14,88,1,A1_identity,1,1
12,15,84,1,A1_identity,1,1
12,16,80,1,A1_identity,1,1
12,17,76,1,A2_sigma_i,-1,1
12,18,72,-1,B1_block_swap,1,
12,19,68,1,A2_sigma_i,-1,1
12,20,64,1,A1_identity,1,1
12,21,60,-1,B1_block_swap,1,
12,22,56,1,A1_identity,1,1
12,23,52,1,A3_sigma1sigma2,-1,-1
12,24,48,-1,B1_block_swap,1,
12,25,44,-1,B3_four_cycle,-1,
12,26,40,-1,B1_block_swap,1,
12,27,36,1,A3_sigma1sigma2,-1,-1
12,28,32,-1,B3_four_cycle,-1,
12,29,28,-1,B3_four_cycle,-1,
12,30,24,1,A3_sigma1sigma2,-1,-1
12,31,20,1,A3_sigma1sigma2,-1,-1
12,32,16,1,A2_sigma_i,1,-1
12,33,12,-1,B1_block_swap,1,
12,34,8,-1,B3_four_cycle,-1,
12,35,4,1,A2_sigma_i,1,-1
12,36,0,0,double_root,,
12,37,97,1,A1_identity,1,1
12,38,93,-1,B1_block_swap,1,
12,39,89,-1,B1_block_swap,1,
12,40,85,1,A2_sigma_i,1,-1
12,41,81,1,A1_identity,1,1
12,42,77,1,A2_sigma_i,1,-1
12,43,73,-1,B1_block_swap,1,
12,44,69,-1,B1_block_swap,1,
12,45,65,1,A2_sigma_i,-1,1
12,46,61,-1,B1_block_swap,1,
12,47,57,-1,B1_block_swap,1,
12,48,53,-1,B1_block_swap,1,
12,49,49,1,A4_ramified_A,,
12,50,45,1,A3_sigma1sigma2,-1,-1
12,51,41,-1,B1_block_swap,1,
12,52,37,1,A1_identity,1,1
12,53,33,1,A2_sigma_i,-1,1
12,54,29,-1,B1_block_swap,1,
12,55,25,1,A1_identity,1,1
12,56,21,1,A3_sigma1sigma2,-1,-1
12,57,17,1,A2_sigma_i,1,-1
12,58,13,1,A1_identity,1,1
12,59,9,1,A2_sigma_i,1,-1
12,60,5,1,A3_sigma1sigma2,-1,-1
12,61,1,1,A4_ramified_A,,
12,62,98,-1,B3_four_cycle,-1,
12,63,94,-1,B3_four_cycle,-1,
12,64,90,-1,B1_block_swap,1,
12,65,86,-1,B3_four_cycle,-1,
12,66,82,1,A2_sigma_i,1,-1
12,67,78,1,A2_sigma_i,-1,1
12,68,74,-1,B1_block_swap,1,
12,69,70,1,A2_sigma_i,1,-1
12,70,66,-1,B1_block_swap,1,
12,71,62,-1,B1_block_swap,1,
12,72,58,1,A3_sigma1sigma2,-1,-1
12,73,54,1,A3_sigma1sigma2,-1,-1
12,74,50,-1,B3_four_cycle,-1,
12,75,46,-1,B3_four_cycle,-1,
12,76,42,-1,B1_block_swap,1,
12,77,38,-1,B3_four_cycle,-1,
12,78,34,-1,B3_four_cycle,-1,
12,79,30,1,A2_sigma_i,-1,1
12,80,26,-1,B1_block_swap,1,
12,81,22,1,A2_sigma_i,-1,1
12,82,18,-1,B3_four_cycle,-1,
12,83,14,1,A2_sigma_i,-1,1
12,84,10,-1,B3_four_cycle,-1,
12,85,6,1,A2_sigma_i,-1,1
12,86,2,-1,B1_block_swap,1,
12,87,99,-1,B1_block_swap,1,
12,88,95,1,A2_sigma_i,1,-1
12,89,91,-1,B3_four_cycle,-1,
12,90,87,1,A2_sigma_i,-1,1
12,91,83,-1,B3_four_cycle,-1,
12,92,79,1,A2_sigma_i,-1,1
12,93,75,-1,B3_four_cycle,-1,
12,94,71,1,A1_identity,1,1
12,95,67,-1,B1_block_swap,1,
12,96,63,-1,B3_four_cycle,-1,
12,97,59,-1,B1_block_swap,1,
12,98,55,-1,B3_four_cycle,-1,
12,99,51,-1,B1_block_swap,1,
12,100,47,1,A4_ramified_A,,
13,0,68,1,A2_sigma_i,1,-1
13,1,64,1,A1_identity,1,1
13,2,60,-1,B3_four_cycle,-1,
13,3,56,1,A1_identity,1,1
13,4,52,1,A2_sigma_i,1,-1
13,5,48,-1,B1_block_swap,1,
13,6,44,-1,B1_block_swap,1,
13,7,40,-1,B1_block_swap,1,
13,8,36,1,A4_ramified_A,,
13,9,32,-1,B3_four_cycle,-1,
13,10,28,-1,B1_block_swap,1,
13,11,24,1,A1_identity,1,1
13,12,20,1,A2_sigma_i,1,-1
13,13,16,1,A1_identity,1,1
13,14,12,-1,B3_four_cycle,-1,
13,15,8,-1,B3_four_cycle,-1,
13,16,4,1,A4_ramified_A,,
13,17,0,0,double_root,,
13,18,97,1,A2_sigma_i,-1,1
13,19,93,-1,B3_four_cycle,-1,
13,20,89,-1,B3_four_cycle,-1,
13,21,85,1,A1_identity,1,1
13,22,81,1,A2_sigma_i,1,-1
13,23,77,1,A2_sigma_i,-1,1
13,24,73,-1,B1_block_swap,1,
13,25,69,-1,B3_four_cycle,-1,
13,26,65,1,A2_sigma_i,-1,1
13,27,61,-1,B3_four_cycle,-1,
13,28,57,-1,B1_block_swap,1,
13,29,53,-1,B1_block_swap,1,
13,30,49,1,A2_sigma_i,-1,1
13,31,45,1,A2_sigma_i,1,-1
13,32,41,-1,B3_four_cycle,-1,
13,33,37,1,A1_identity,1,1
13,34,33,1,A2_sigma_i,1,-1
13,35,29,-1,B1_block_swap,1,
13,36,25,1,A2_sigma_i,-1,1
13,37,21,1,A3_sigma1sigma2,-1,-1
13,38,17,1,A3_sigma1sigma2,-1,-1
13,39,13,1,A2_sigma_i,-1,1
13,40,9,1,A2_sigma_i,1,-1
13,41,5,1,A2_sigma_i,-1,1
13,42,1,1,A3_sigma1sigma2,-1,-1
13,43,98,-1,B3_four_cycle,-1,
13,44,94,-1,B1_block_swap,1,
13,45,90,-1,B1_block_swap,1,
13,46,86,-1,B1_block_swap,1,
13,47,82,1,A1_identity,1,1
13,48,78,1,A1_identity,1,1
13,49,74,-1,B3_four_cycle,-1,
13,50,70,1,A2_sigma_i,-1,1
13,51,66,-1,B1_block_swap,1,
13,52,62,-1,B3_four_cycle,-1,
13,53,58,1,A2_sigma_i,1,-1
13,54,54,1,A1_identity,1,1
13,55,50,-1,B3_four_cycle,-1,
13,56,46,-1,B3_four_cycle,-1,
13,57,42,-1,B1_block_swap,1,
13,58,38,-1,B3_four_cycle,-1,
13,59,34,-1,B1_block_swap,1,
13,60,30,1,A2_sigma_i,1,-1
13,61,26,-1,B3_four_cycle,-1,
13,62,22,1,A2_sigma_i,1,-1
13,63,18,-1,B3_four_cycle,-1,
13,64,14,1,A2_sigma_i,-1,1
13,65,10,-1,B3_four_cycle,-1,
13,66,6,1,A2_sigma_i,1,-1
13,67,2,-1,B3_four_cycle,-1,
13,68,99,-1,B3_four_cycle,-1,
13,69,95,1,A3_sigma1sigma2,-1,-1
13,70,91,-1,B1_block_swap,1,
13,71,87,1,A3_sigma1sigma2,-1,-1
13,72,83,-1,B1_block_swap,1,
13,73,79,1,A3_sigma1sigma2,-1,-1
13,74,75,-1,B1_block_swap,1,
13,75,71,1,A2_sigma_i,1,-1
13,76,67,-1,B3_four_cycle,-1,
13,77,63,-1,B3_four_cycle,-1,
13,78,59,-1,B1_block_swap,1,
13,79,55,-1,B3_four_cycle,-1,
13,80,51,-1,B3_four_cycle,-1,
13,81,47,1,A2_sigma_i,1,-1
13,82,43,1,A2_sigma_i,1,-1
13,83,39,-1,B3_four_cycle,-1,
13,84,35,-1,B1_block_swap,1,
13,85,31,1,A4_ramified_A,,
13,86,27,-1,B1_block_swap,1,
13,87,23,1,A2_sigma_i,1,-1
13,88,19,1,A1_identity,1,1
13,89,15,-1,B3_four_cycle,-1,
13,90,11,-1,B3_four_cycle,-1,
13,91,7,-1,B1_block_swap,1,
13,92,3,-1,B3_four_cycle,-1,
13,93,100,1,A2_sigma_i,1,-1
13,94,96,1,A2_sigma_i,1,-1
13,95,92,1,A2_sigma_i,1,-1
13,96,88,1,A2_sigma_i,1,-1
13,97,84,1,A1_identity,1,1
13,98,80,1,A2_sigma_i,1,-1
13,99,76,1,A3_sigma1sigma2,-1,-1
13,100,72,-1,B3_four_cycle,-1,
14,0,95,1,A2_sigma_i,1,-1
14,1,91,-1,B1_block_swap,1,
14,2,87,1,A2_sigma_i,1,-1
14,3,83,-1,B1_block_swap,1,
14,4,79,1,A2_sigma_i,-1,1
14,5,75,-1,B1_block_swap,1,
14,6,71,1,A1_identity,1,1
14,7,67,-1,B1_block_swap,1,
14,8,63,-1,B1_block_swap,1,
14,9,59,-1,B3_four_cycle,-1,
14,10,55,-1,B1_block_swap,1,
14,11,51,-1,B3_four_cycle,-1,
14,12,47,1,A2_sigma_i,1,-1
14,13,43,1,A2_sigma_i,-1,1
14,14,39,-1,B1_block_swap,1,
14,15,35,-1,B3_four_cycle,-1,
14,16,31,1,A3_sigma1sigma2,-1,-1
14,17,27,-1,B3_four_cycle,-1,
14,18,23,1,A2_sigma_i,-1,1
14,19,19,1,A3_sigma1sigma2,-1,-1
14,20,15,-1,B1_block_swap,1,
14,21,11,-1,B3_four_cycle,-1,
14,22,7,-1,B3_four_cycle,-1,
14,23,3,-1,B1_block_swap,1,
14,24,100,1,A2_sigma_i,1,-1
14,25,96,1,A3_sigma1sigma2,-1,-1
14,26,92,1,A2_sigma_i,-1,1
14,27,88,1,A2_sigma_i,-1,1
14,28,84,1,A2_sigma_i,1,-1
14,29,80,1,A1_identity,1,1
14,30,76,1,A2_sigma_i,1,-1
14,31,72,-1,B1_block_swap,1,
14,32,68,1,A3_sigma1sigma2,-1,-1
14,33,64,1,A3_sigma1sigma2,-1,-1
14,34,60,-1,B1_block_swap,1,
14,35,56,1,A2_sigma_i,-1,1
14,36,52,1,A1_identity,1,1
14,37,48,-1,B3_four_cycle,-1,
14,38,44,-1,B1_block_swap,1,
14,39,40,-1,B3_four_cycle,-1,
14,40,36,1,A1_identity,1,1
14,41,32,-1,B1_block_swap,1,
14,42,28,-1,B1_block_swap,1,
14,43,24,1,A1_identity,1,1
14,44,20,1,A1_identity,1,1
14,45,16,1,A2_sigma_i,1,-1
14,46,12,-1,B3_four_cycle,-1,
14,47,8,-1,B1_block_swap,1,
14,48,4,1,A3_sigma1sigma2,-1,-1
14,49,0,0,double_root,,
14,50,97,1,A2_sigma_i,-1,1
14,51,93,-1,B1_block_swap,1,
14,52,89,-1,B3_four_cycle,-1,
14,53,85,1,A2_sigma_i,1,-1
14,54,81,1,A2_sigma_i,1,-1
14,55,77,1,A2_sigma_i,1,-1
14,56,73,-1,B3_four_cycle,-1,
14,57,69,-1,B1_block_swap,1,
14,58,65,1,A1_identity,1,1
14,59,61,-1,B3_four_cycle,-1,
14,60,57,-1,B3_four_cycle,-1,
14,61,53,-1,B1_block_swap,1,
14,62,49,1,A1_identity,1,1
14,63,45,1,A2_sigma_i,1,-1
14,64,41,-1,B3_four_cycle,-1,
14,65,37,1,A3_sigma1sigma2,-1,-1
14,66,33,1,A2_sigma_i,-1,1
14,67,29,-1,B3_four_cycle,-1,
14,68,25,1,A4_ramified_A,,
14,69,21,1,A2_sigma_i,1,-1
14,70,17,1,A4_ramified_A,,
14,71,13,1,A2_sigma_i,-1,1
14,72,9,1,A4_ramified_A,,
14,73,5,1,A2_sigma_i,-1,1
14,74,1,1,A2_sigma_i,-1,1
14,75,98,-1,B1_block_swap,1,
14,76,94,-1,B3_four_cycle,-1,
14,77,90,-1,B3_four_cycle,-1,
14,78,86,-1,B1_block_swap,1,
14,79,82,1,A1_identity,1,1
14,80,78,1,A2_sigma_i,1,-1
14,81,74,-1,B3_four_cycle,-1,
14,82,70,1,A1_identity,1,1
14,83,66,-1,B1_block_swap,1,
14,84,62,-1,B3_four_cycle,-1,
14,85,58,1,A2_sigma_i,1,-1
14,86,54,1,A2_sigma_i,-1,1
14,87,50,-1,B3_four_cycle,-1,
14,88,46,-1,B3_four_cycle,-1,
14,89,42,-1,B1_block_swap,1,
14,90,38,-1,B3_four_cycle,-1,
14,91,34,-1,B1_block_swap,1,
14,92,30,1,A1_identity,1,1
14,93,26,-1,B1_block_swap,1,
14,94,22,1,A2_sigma_i,-1,1
14,95,18,-1,B3_four_cycle,-1,
14,96,14,1,A3_sigma1sigma2,-1,-1
14,97,10,-1,B1_block_swap,1,
14,98,6,1,A1_identity,1,1
14,99,2,-1,B1_block_swap,1,
14,100,99,-1,B1_block_swap,1,
15,0,23,1,A2_sigma_i,1,-1
15,1,19,1,A1_identity,1,1
15,2,15,-1,B3_four_cycle,-1,
15,3,11,-1,B1_block_swap,1,
15,4,7,-1,B3_four_cycle,-1,
15,5,3,-1,B3_four_cycle,-1,
15,6,100,1,A1_identity,1,1
15,7,96,1,A2_sigma_i,1,-1
15,8,92,1,A1_identity,1,1
15,9,88,1,A2_sigma_i,-1,1
15,10,84,1,A3_sigma1sigma2,-1,-1
15,11,80,1,A2_sigma_i,-1,1
15,12,76,1,A1_identity,1,1
15,13,72,-1,B3_four_cycle,-1,
15,14,68,1,A2_sigma_i,1,-1
15,15,64,1,A2_sigma_i,-1,1
15,16,60,-1,B3_four_cycle,-1,
15,17,56,1,A2_sigma_i,1,-1
15,18,52,1,A3_sigma1sigma2,-1,-1
15,19,48,-1,B1_block_swap,1,
15,20,44,-1,B3_four_cycle,-1,
15,21,40,-1,B3_four_cycle,-1,
15,22,36,1,A1_identity,1,1
15,23,32,-1,B3_four_cycle,-1,
15,24,28,-1,B1_block_swap,1,
15,25,24,1,A1_identity,1,1
15,26,20,1,A2_sigma_i,1,-1
15,27,16,1,A4_ramified_A,,
15,28,12,-1,B3_four_cycle,-1,
15,29,8,-1,B3_four_cycle,-1,
15,30,4,1,A1_identity,1,1
15,31,0,0,double_root,,
15,32,97,1,A3_sigma1sigma2,-1,-1
15,33,93,-1,B1_block_swap,1,
15,34,89,-1,B1_block_swap,1,
15,35,85,1,A1_identity,1,1
15,36,81,1,A3_sigma1sigma2,-1,-1
15,37,77,1,A2_sigma_i,-1,1
15,38,73,-1,B1_block_swap,1,
15,39,69,-1,B1_block_swap,1,
15,40,65,1,A2_sigma_i,-1,1
15,41,61,-1,B1_block_swap,1,
15,42,57,-1,B1_block_swap,1,
15,43,53,-1,B3_four_cycle,-1,
15,44,49,1,A2_sigma_i,1,-1
15,45,45,1,A2_sigma_i,1,-1
15,46,41,-1,B1_block_swap,1,
15,47,37,1,A2_sigma_i,-1,1
15,48,33,1,A2_sigma_i,1,-1
15,49,29,-1,B1_block_swap,1,
15,50,25,1,A1_identity,1,1
15,51,21,1,A1_identity,1,1
15,52,17,1,A2_sigma_i,1,-1
15,53,13,1,A2_sigma_i,-1,1
15,54,9,1,A3_sigma1sigma2,-1,-1
15,55,5,1,A4_ramified_A,,
15,56,1,1,A3_sigma1sigma2,-1,-1
15,57,98,-1,B3_four_cycle,-1,
15,58,94,-1,B3_four_cycle,-1,
15,59,90,-1,B1_block_swap,1,
15,60,86,-1,B1_block_swap,1,
15,61,82,1,A3_sigma1sigma2,-1,-1
15,62,78,1,A2_sigma_i,1,-1
15,63,74,-1,B3_four_cycle,-1,
15,64,70,1,A3_sigma1sigma2,-1,-1
15,65,66,-1,B3_four_cycle,-1,
15,66,62,-1,B3_four_cycle,-1,
15,67,58,1,A2_sigma_i,1,-1
15,68,54,1,A3_sigma1sigma2,-1,-1
15,69,50,-1,B1_block_swap,1,
15,70,46,-1,B3_four_cycle,-1,
15,71,42,-1,B1_block_swap,1,
15,72,38,-1,B1_block_swap,1,
15,73,34,-1,B3_four_cycle,-1,
15,74,30,1,A1_identity,1,1
15,75,26,-1,B1_block_swap,1,
15,76,22,1,A1_identity,1,1
15,77,18,-1,B1_block_swap,1,
15,78,14,1,A1_identity,1,1
15,79,10,-1,B1_block_swap,1,
15,80,6,1,A1_identity,1,1
15,81,2,-1,B3_four_cycle,-1,
15,82,99,-1,B3_four_cycle,-1,
15,83,95,1,A2_sigma_i,-1,1
15,84,91,-1,B3_four_cycle,-1,
15,85,87,1,A1_identity,1,1
15,86,83,-1,B1_block_swap,1,
15,87,79,1,A2_sigma_i,-1,1
15,88,75,-1,B1_block_swap,1,
15,89,71,1,A2_sigma_i,-1,1
15,90,67,-1,B3_four_cycle,-1,
15,91,63,-1,B1_block_swap,1,
15,92,59,-1,B1_block_swap,1,
15,93,55,-1,B3_four_cycle,-1,
15,94,51,-1,B3_four_cycle,-1,
15,95,47,1,A2_sigma_i,-1,1
15,96,43,1,A2_sigma_i,-1,1
15,97,39,-1,B3_four_cycle,-1,
15,98,35,-1,B1_block_swap,1,
15,99,31,1,A2_sigma_i,-1,1
15,100,27,-1,B1_block_swap,1,
16,0,54,1,A1_identity,1,1
16,1,50,-1,B1_block_swap,1,
16,2,46,-1,B3_four_cycle,-1,
16,3,42,-1,B1_block_swap,1,
16,4,38,-1,B3_four_cycle,-1,
16,5,34,-1,B3_four_cycle,-1,
16,6,30,1,A2_sigma_i,-1,1
16,7,26,-1,B1_block_swap,1,
16,8,22,1,A3_sigma1sigma2,-1,-1
16,9,18,-1,B3_four_cycle,-1,
16,10,14,1,A2_sigma_i,-1,1
16,11,10,-1,B1_block_swap,1,
16,12,6,1,A1_identity,1,1
16,13,2,-1,B1_block_swap,1,
16,14,99,-1,B3_four_cycle,-1,
16,15,95,1,A2_sigma_i,1,-1
16,16,91,-1,B3_four_cycle,-1,
16,17,87,1,A2_sigma_i,-1,1
16,18,83,-1,B3_four_cycle,-1,
16,19,79,1,A1_identity,1,1
16,20,75,-1,B1_block_swap,1,
16,21,71,1,A1_identity,1,1
16,22,67,-1,B1_block_swap,1,
16,23,63,-1,B3_four_cycle,-1,
16,24,59,-1,B1_block_swap,1,
16,25,55,-1,B1_block_swap,1,
16,26,51,-1,B1_block_swap,1,
16,27,47,1,A2_sigma_i,1,-1
16,28,43,1,A2_sigma_i,-1,1
16,29,39,-1,B3_four_cycle,-1,
16,30,35,-1,B3_four_cycle,-1,
16,31,31,1,A1_identity,1,1
16,32,27,-1,B3_four_cycle,-1,
16,33,23,1,A3_sigma1sigma2,-1,-1
16,34,19,1,A2_sigma_i,-1,1
16,35,15,-1,B3_four_cycle,-1,
16,36,11,-1,B3_four_cycle,-1,
16,37,7,-1,B3_four_cycle,-1,
16,38,3,-1,B3_four_cycle,-1,
16,39,100,1,A3_sigma1sigma2,-1,-1
16,40,96,1,A4_ramified_A,,
16,41,92,1,A3_sigma1sigma2,-1,-1
16,42,88,1,A3_sigma1sigma2,-1,-1
16,43,84,1,A2_sigma_i,1,-1
16,44,80,1,A2_sigma_i,-1,1
16,45,76,1,A1_identity,1,1
16,46,72,-1,B3_four_cycle,-1,
16,47,68,1,A1_identity,1,1
16,48,64,1,A2_sigma_i,-1,1
16,49,60,-1,B1_block_swap,1,
16,50,56,1,A2_sigma_i,1,-1
16,51,52,1,A1_identity,1,1
16,52,48,-1,B1_block_swap,1,
16,53,44,-1,B3_four_cycle,-1,
16,54,40,-1,B3_four_cycle,-1,
16,55,36,1,A2_sigma_i,1,-1
16,56,32,-1,B3_four_cycle,-1,
16,57,28,-1,B3_four_cycle,-1,
16,58,24,1,A3_sigma1sigma2,-1,-1
16,59,20,1,A2_sigma_i,1,-1
16,60,16,1,A2_sigma_i,-1,1
16,61,12,-1,B3_four_cycle,-1,
16,62,8,-1,B1_block_swap,1,
16,63,4,1,A3_sigma1sigma2,-1,-1
16,64,0,0,double_root,,
16,65,97,1,A2_sigma_i,-1,1
16,66,93,-1,B3_four_cycle,-1,
16,67,89,-1,B3_four_cycle,-1,
16,68,85,1,A1_identity,1,1
16,69,81,1,A1_identity,1,1
16,70,77,1,A1_identity,1,1
16,71,73,-1,B3_four_cycle,-1,
16,72,69,-1,B3_four_cycle,-1,
16,73,65,1,A2_sigma_i,1,-1
16,74,61,-1,B3_four_cycle,-1,
16,75,57,-1,B3_four_cycle,-1,
16,76,53,-1,B1_block_swap,1,
16,77,49,1,A2_sigma_i,1,-1
16,78,45,1,A2_sigma_i,1,-1
16,79,41,-1,B1_block_swap,1,
16,80,37,1,A2_sigma_i,-1,1
16,81,33,1,A1_identity,1,1
16,82,29,-1,B3_four_cycle,-1,
16,83,25,1,A4_ramified_A,,
16,84,21,1,A1_identity,1,1
16,85,17,1,A3_sigma1sigma2,-1,-1
16,86,13,1,A3_sigma1sigma2,-1,-1
16,87,9,1,A4_ramified_A,,
16,88,5,1,A2_sigma_i,-1,1
16,89,1,1,A2_sigma_i,1,-1
16,90,98,-1,B3_four_cycle,-1,
16,91,94,-1,B1_block_swap,1,
16,92,90,-1,B1_block_swap,1,
16,93,86,-1,B1_block_swap,1,
16,94,82,1,A3_sigma1sigma2,-1,-1
16,95,78,1,A2_sigma_i,-1,1
16,96,74,-1,B1_block_swap,1,
16,97,70,1,A1_identity,1,1
16,98,66,-1,B1_block_swap,1,
16,99,62,-1,B1_block_swap,1,
16,100,58,1,A2_sigma_i,-1,1
17,0,87,1,A1_identity,1,1
17,1,83,-1,B1_block_swap,1,
17,2,79,1,A2_sigma_i,-1,1
17,3,75,-1,B3_four_cycle,-1,
17,4,71,1,A3_sigma1sigma2,-1,-1
17,5,67,-1,B3_four_cycle,-1,
17,6,63,-1,B1_block_swap,1,
17,7,59,-1,B1_block_swap,1,
17,8,55,-1,B3_four_cycle,-1,
17,9,51,-1,B3_four_cycle,-1,
17,10,47,1,A1_identity,1,1
17,11,43,1,A1_identity,1,1
17,12,39,-1,B1_block_swap,1,
17,13,35,-1,B3_four_cycle,-1,
17,14,31,1,A3_sigma1sigma2,-1,-1
17,15,27,-1,B3_four_cycle,-1,
17,16,23,1,A1_identity,1,1
17,17,19,1,A1_identity,1,1
17,18,15,-1,B1_block_swap,1,
17,19,11,-1,B3_four_cycle,-1,
17,20,7,-1,B1_block_swap,1,
17,21,3,-1,B1_block_swap,1,
17,22,100,1,A2_sigma_i,1,-1
17,23,96,1,A3_sigma1sigma2,-1,-1
17,24,92,1,A1_identity,1,1
17,25,88,1,A4_ramified_A,,
17,26,84,1,A2_sigma_i,1,-1
17,27,80,1,A3_sigma1sigma2,-1,-1
17,28,76,1,A2_sigma_i,-1,1
17,29,72,-1,B1_block_swap,1,
17,30,68,1,A2_sigma_i,1,-1
17,31,64,1,A1_identity,1,1
17,32,60,-1,B3_four_cycle,-1,
17,33,56,1,A2_sigma_i,1,-1
17,34,52,1,A2_sigma_i,1,-1
17,35,48,-1,B3_four_cycle,-1,
17,36,44,-1,B3_four_cycle,-1,
17,37,40,-1,B3_four_cycle,-1,
17,38,36,1,A4_ramified_A,,
17,39,32,-1,B3_four_cycle,-1,
17,40,28,-1,B1_block_swap,1,
17,41,24,1,A2_sigma_i,-1,1
17,42,20,1,A3_sigma1sigma2,-1,-1
17,43,16,1,A1_identity,1,1
17,44,12,-1,B3_four_cycle,-1,
17,45,8,-1,B3_four_cycle,-1,
17,46,4,1,A4_ramified_A,,
17,47,0,0,double_root,,
17,48,97,1,A1_identity,1,1
17,49,93,-1,B1_block_swap,1,
17,50,89,-1,B3_four_cycle,-1,
17,51,85,1,A2_sigma_i,-1,1
17,52,81,1,A2_sigma_i,1,-1
17,53,77,1,A2_sigma_i,1,-1
17,54,73,-1,B1_block_swap,1,
17,55,69,-1,B1_block_swap,1,
17,56,65,1,A1_identity,1,1
17,57,61,-1,B1_block_swap,1,
17,58,57,-1,B3_four_cycle,-1,
17,59,53,-1,B3_four_cycle,-1,
17,60,49,1,A2_sigma_i,1,-1
17,61,45,1,A2_sigma_i,-1,1
17,62,41,-1,B1_block_swap,1,
17,63,37,1,A2_sigma_i,-1,1
17,64,33,1,A2_sigma_i,-1,1
17,65,29,-1,B1_block_swap,1,
17,66,25,1,A3_sigma1sigma2,-1,-1
17,67,21,1,A3_sigma1sigma2,-1,-1
17,68,17,1,A1_identity,1,1
17,69,13,1,A2_sigma_i,-1,1
17,70,9,1,A2_sigma_i,-1,1
17,71,5,1,A2_sigma_i,-1,1
17,72,1,1,A3_sigma1sigma2,-1,-1
17,73,98,-1,B3_four_cycle,-1,
17,74,94,-1,B3_four_cycle,-1,
17,75,90,-1,B1_block_swap,1,
17,76,86,-1,B1_block_swap,1,
17,77,82,1,A2_sigma_i,-1,1
17,78,78,1,A2_sigma_i,-1,1
17,79,74,-1,B3_four_cycle,-1,
17,80,70,1,A2_sigma_i,-1,1
17,81,66,-1,B3_four_cycle,-1,
17,82,62,-1,B1_block_swap,1,
17,83,58,1,A1_identity,1,1
17,84,54,1,A2_sigma_i,1,-1
17,85,50,-1,B1_block_swap,1,
17,86,46,-1,B3_four_cycle,-1,
17,87,42,-1,B1_block_swap,1,
17,88,38,-1,B3_four_cycle,-1,
17,89,34,-1,B3_four_cycle,-1,
17,90,30,1,A2_sigma_i,-1,1
17,91,26,-1,B1_block_swap,1,
17,92,22,1,A1_identity,1,1
17,93,18,-1,B3_four_cycle,-1,
17,94,14,1,A1_identity,1,1
17,95,10,-1,B3_four_cycle,-1,
17,96,6,1,A2_sigma_i,1,-1
17,97,2,-1,B3_four_cycle,-1,
17,98,99,-1,B1_block_swap,1,
17,99,95,1,A2_sigma_i,1,-1
17,100,91,-1,B1_block_swap,1,
18,0,21,1,A1_identity,1,1
18,1,17,1,A2_sigma_i,1,-1
18,2,13,1,A1_identity,1,1
18,3,9,1,A2_sigma_i,-1,1
18,4,5,1,A2_sigma_i,1,-1
18,5,1,1,A4_ramified_A,,
18,6,98,-1,B1_block_swap,1,
18,7,94,-1,B1_block_swap,1,
18,8,90,-1,B3_four_cycle,-1,
18,9,86,-1,B1_block_swap,1,
18,10,82,1,A4_ramified_A,,
18,11,78,1,A2_sigma_i,-1,1
18,12,74,-1,B1_block_swap,1,
18,13,70,1,A1_identity,1,1
18,14,66,-1,B1_block_swap,1,
18,15,62,-1,B3_four_cycle,-1,
18,16,58,1,A2_sigma_i,1,-1
18,17,54,1,A1_identity,1,1
18,18,50,-1,B3_four_cycle,-1,
18,19,46,-1,B3_four_cycle,-1,
18,20,42,-1,B3_four_cycle,-1,
18,21,38,-1,B1_block_swap,1,
18,22,34,-1,B1_block_swap,1,
18,23,30,1,A2_sigma_i,-1,1
18,24,26,-1,B1_block_swap,1,
18,25,22,1,A1_identity,1,1
18,26,18,-1,B1_block_swap,1,
18,27,14,1,A2_sigma_i,-1,1
18,28,10,-1,B1_block_swap,1,
18,29,6,1,A3_sigma1sigma2,-1,-1
18,30,2,-1,B1_block_swap,1,
18,31,99,-1,B1_block_swap,1,
18,32,95,1,A1_identity,1,1
18,33,91,-1,B1_block_swap,1,
18,34,87,1,A3_sigma1sigma2,-1,-1
18,35,83,-1,B3_four_cycle,-1,
18,36,79,1,A2_sigma_i,1,-1
18,37,75,-1,B3_four_cycle,-1,
18,38,71,1,A2_sigma_i,1,-1
18,39,67,-1,B3_four_cycle,-1,
18,40,63,-1,B3_four_cycle,-1,
18,41,59,-1,B3_four_cycle,-1,
18,42,55,-1,B3_four_cycle,-1,
18,43,51,-1,B1_block_swap,1,
18,44,47,1,A2_sigma_i,-1,1
18,45,43,1,A3_sigma1sigma2,-1,-1
18,46,39,-1,B1_block_swap,1,
18,47,35,-1,B3_four_cycle,-1,
18,48,31,1,A1_identity,1,1
18,49,27,-1,B1_block_swap,1,
18,50,23,1,A1_identity,1,1
18,51,19,1,A3_sigma1sigma2,-1,-1
18,52,15,-1,B1_block_swap,1,
18,53,11,-1,B1_block_swap,1,
18,54,7,-1,B1_block_swap,1,
18,55,3,-1,B1_block_swap,1,
18,56,100,1,A2_sigma_i,1,-1
18,57,96,1,A3_sigma1sigma2,-1,-1
18,58,92,1,A1_identity,1,1
18,59,88,1,A2_sigma_i,-1,1
18,60,84,1,A2_sigma_i,1,-1
18,61,80,1,A2_sigma_i,-1,1
18,62,76,1,A3_sigma1sigma2,-1,-1
18,63,72,-1,B3_four_cycle,-1,
18,64,68,1,A2_sigma_i,1,-1
18,65,64,1,A2_sigma_i,-1,1
18,66,60,-1,B1_block_swap,1,
18,67,56,1,A2_sigma_i,1,-1
18,68,52,1,A1_identity,1,1
18,69,48,-1,B3_four_cycle,-1,
18,70,44,-1,B3_four_cycle,-1,
18,71,40,-1,B1_block_swap,1,
18,72,36,1,A3_sigma1sigma2,-1,-1
18,73,32,-1,B3_four_cycle,-1,
18,74,28,-1,B3_four_cycle,-1,
18,75,24,1,A3_sigma1sigma2,-1,-1
18,76,20,1,A1_identity,1,1
18,77,16,1,A3_sigma1sigma2,-1,-1
18,78,12,-1,B3_four_cycle,-1,
18,79,8,-1,B3_four_cycle,-1,
18,80,4,1,A2_sigma_i,-1,1
18,81,0,0,double_root,,
18,82,97,1,A1_identity,1,1
18,83,93,-1,B1_block_swap,1,
18,84,89,-1,B1_block_swap,1,
18,85,85,1,A2_sigma_i,1,-1
18,86,81,1,A2_sigma_i,1,-1
18,87,77,1,A2_sigma_i,-1,1
18,88,73,-1,B3_four_cycle,-1,
18,89,69,-1,B1_block_swap,1,
18,90,65,1,A1_identity,1,1
18,91,61,-1,B1_block_swap,1,
18,92,57,-1,B3_four_cycle,-1,
18,93,53,-1,B3_four_cycle,-1,
18,94,49,1,A4_ramified_A,,
18,95,45,1,A2_sigma_i,1,-1
18,96,41,-1,B3_four_cycle,-1,
18,97,37,1,A2_sigma_i,1,-1
18,98,33,1,A2_sigma_i,1,-1
18,99,29,-1,B1_block_swap,1,
18,100,25,1,A2_sigma_i,-1,1
19,0,58,1,A1_identity,1,1
19,1,54,1,A2_sigma_i,-1,1
19,2,50,-1,B1_block_swap,1,
19,3,46,-1,B3_four_cycle,-1,
19,4,42,-1,B3_four_cycle,-1,
19,5,38,-1,B3_four_cycle,-1,
19,6,34,-1,B1_block_swap,1,
19,7,30,1,A3_sigma1sigma2,-1,-1
19,8,26,-1,B1_block_swap,1,
19,9,22,1,A2_sigma_i,-1,1
19,10,18,-1,B3_four_cycle,-1,
19,11,14,1,A2_sigma_i,1,-1
19,12,10,-1,B3_four_cycle,-1,
19,13,6,1,A2_sigma_i,1,-1
19,14,2,-1,B1_block_swap,1,
19,15,99,-1,B1_block_swap,1,
19,16,95,1,A1_identity,1,1
19,17,91,-1,B1_block_swap,1,
19,18,87,1,A1_identity,1,1
19,19,83,-1,B3_four_cycle,-1,
19,20,79,1,A2_sigma_i,-1,1
19,21,75,-1,B3_four_cycle,-1,
19,22,71,1,A3_sigma1sigma2,-1,-1
19,23,67,-1,B3_four_cycle,-1,
19,24,63,-1,B1_block_swap,1,
19,25,59,-1,B3_four_cycle,-1,
19,26,55,-1,B3_four_cycle,-1,
19,27,51,-1,B1_block_swap,1,
19,28,47,1,A1_identity,1,1
19,29,43,1,A2_sigma_i,-1,1
19,30,39,-1,B1_block_swap,1,
19,31,35,-1,B1_block_swap,1,
19,32,31,1,A1_identity,1,1
19,33,27,-1,B1_block_swap,1,
19,34,23,1,A1_identity,1,1
19,35,19,1,A2_sigma_i,1,-1
19,36,15,-1,B1_block_swap,1,
19,37,11,-1,B3_four_cycle,-1,
19,38,7,-1,B1_block_swap,1,
19,39,3,-1,B3_four_cycle,-1,
19,40,100,1,A1_identity,1,1
19,41,96,1,A1_identity,1,1
19,42,92,1,A2_sigma_i,-1,1
19,43,88,1,A2_sigma_i,-1,1
19,44,84,1,A1_identity,1,1
19,45,80,1,A2_sigma_i,1,-1
19,46,76,1,A3_sigma1sigma2,-1,-1
19,47,72,-1,B1_block_swap,1,
19,48,68,1,A2_sigma_i,-1,1
19,49,64,1,A4_ramified_A,,
19,50,60,-1,B1_block_swap,1,
19,51,56,1,A2_sigma_i,1,-1
19,52,52,1,A1_identity,1,1
19,53,48,-1,B3_four_cycle,-1,
19,54,44,-1,B1_block_swap,1,
19,55,40,-1,B1_block_swap,1,
19,56,36,1,A1_identity,1,1
19,57,32,-1,B3_four_cycle,-1,
19,58,28,-1,B1_block_swap,1,
19,59,24,1,A2_sigma_i,-1,1
19,60,20,1,A2_sigma_i,1,-1
19,61,16,1,A3_sigma1sigma2,-1,-1
19,62,12,-1,B1_block_swap,1,
19,63,8,-1,B3_four_cycle,-1,
19,64,4,1,A1_identity,1,1
19,65,0,0,double_root,,
19,66,97,1,A3_sigma1sigma2,-1,-1
19,67,93,-1,B3_four_cycle,-1,
19,68,89,-1,B1_block_swap,1,
19,69,85,1,A2_sigma_i,1,-1
19,70,81,1,A2_sigma_i,1,-1
19,71,77,1,A1_identity,1,1
19,72,73,-1,B3_four_cycle,-1,
19,73,69,-1,B3_four_cycle,-1,
19,74,65,1,A3_sigma1sigma2,-1,-1
19,75,61,-1,B1_block_swap,1,
19,76,57,-1,B1_block_swap,1,
19,77,53,-1,B1_block_swap,1,
19,78,49,1,A3_sigma1sigma2,-1,-1
19,79,45,1,A1_identity,1,1
19,80,41,-1,B3_four_cycle,-1,
19,81,37,1,A1_identity,1,1
19,82,33,1,A1_identity,1,1
19,83,29,-1,B1_block_swap,1,
19,84,25,1,A3_sigma1sigma2,-1,-1
19,85,21,1,A2_sigma_i,1,-1
19,86,17,1,A2_sigma_i,-1,1
19,87,13,1,A2_sigma_i,-1,1
19,88,9,1,A3_sigma1sigma2,-1,-1
19,89,5,1,A3_sigma1sigma2,-1,-1
19,90,1,1,A2_sigma_i,1,-1
19,91,98,-1,B1_block_swap,1,
19,92,94,-1,B3_four_cycle,-1,
19,93,90,-1,B3_four_cycle,-1,
19,94,86,-1,B1_block_swap,1,
19,95,82,1,A2_sigma_i,-1,1
19,96,78,1,A4_ramified_A,,
19,97,74,-1,B1_block_swap,1,
19,98,70,1,A2_sigma_i,1,-1
19,99,66,-1,B3_four_cycle,-1,
19,100,62,-1,B1_block_swap,1,
20,0,97,1,A1_identity,1,1
20,1,93,-1,B3_four_cycle,-1,
20,2,89,-1,B3_four_cycle,-1,
20,3,85,1,A3_sigma1sigma2,-1,-1
20,4,81,1,A4_ramified_A,,
20,5,77,1,A1_identity,1,1
20,6,73,-1,B3_four_cycle,-1,
20,7,69,-1,B1_block_swap,1,
20,8,65,1,A2_sigma_i,-1,1
20,9,61,-1,B1_block_swap,1,
20,10,57,-1,B1_block_swap,1,
20,11,53,-1,B3_four_cycle,-1,
20,12,49,1,A2_sigma_i,1,-1
20,13,45,1,A2_sigma_i,1,-1
20,14,41,-1,B3_four_cycle,-1,
20,15,37,1,A3_sigma1sigma2,-1,-1
20,16,33,1,A1_identity,1,1
20,17,29,-1,B3_four_cycle,-1,
20,18,25,1,A2_sigma_i,1,-1
20,19,21,1,A1_identity,1,1
20,20,17,1,A2_sigma_i,-1,1
20,21,13,1,A1_identity,1,1
20,22,9,1,A2_sigma_i,1,-1
20,23,5,1,A1_identity,1,1
20,24,1,1,A4_ramified_A,,
20,25,98,-1,B1_block_swap,1,
20,26,94,-1,B1_block_swap,1,
20,27,90,-1,B3_four_cycle,-1,
20,28,86,-1,B3_four_cycle,-1,
20,29,82,1,A3_sigma1sigma2,-1,-1
20,30,78,1,A3_sigma1sigma2,-1,-1
20,31,74,-1,B3_four_cycle,-1,
20,32,70,1,A3_sigma1sigma2,-1,-1
20,33,66,-1,B1_block_swap,1,
20,34,62,-1,B3_four_cycle,-1,
20,35,58,1,A3_sigma1sigma2,-1,-1
20,36,54,1,A1_identity,1,1
20,37,50,-1,B3_four_cycle,-1,
20,38,46,-1,B3_four_cycle,-1,
20,39,42,-1,B3_four_cycle,-1,
20,40,38,-1,B3_four_cycle,-1,
20,41,34,-1,B3_four_cycle,-1,
20,42,30,1,A2_sigma_i,-1,1
20,43,26,-1,B1_block_swap,1,
20,44,22,1,A2_sigma_i,1,-1
20,45,18,-1,B3_four_cycle,-1,
20,46,14,1,A1_identity,1,1
20,47,10,-1,B3_four_cycle,-1,
20,48,6,1,A2_sigma_i,1,-1
20,49,2,-1,B3_four_cycle,-1,
20,50,99,-1,B1_block_swap,1,
20,51,95,1,A2_sigma_i,-1,1
20,52,91,-1,B3_four_cycle,-1,
20,53,87,1,A1_identity,1,1
20,54,83,-1,B1_block_swap,1,
20,55,79,1,A1_identity,1,1
20,56,75,-1,B3_four_cycle,-1,
20,57,71,1,A2_sigma_i,1,-1
20,58,67,-1,B3_four_cycle,-1,
20,59,63,-1,B1_block_swap,1,
20,60,59,-1,B1_block_swap,1,
20,61,55,-1,B3_four_cycle,-1,
20,62,51,-1,B3_four_cycle,-1,
20,63,47,1,A2_sigma_i,1,-1
20,64,43,1,A1_identity,1,1
20,65,39,-1,B1_block_swap,1,
20,66,35,-1,B3_four_cycle,-1,
20,67,31,1,A2_sigma_i,1,-1
20,68,27,-1,B3_four_cycle,-1,
20,69,23,1,A2_sigma_i,1,-1
20,70,19,1,A2_sigma_i,1,-1
20,71,15,-1,B1_block_swap,1,
20,72,11,-1,B3_four_cycle,-1,
20,73,7,-1,B1_block_swap,1,
20,74,3,-1,B1_block_swap,1,
20,75,100,1,A2_sigma_i,1,-1
20,76,96,1,A2_sigma_i,1,-1
20,77,92,1,A1_identity,1,1
20,78,88,1,A1_identity,1,1
20,79,84,1,A2_sigma_i,1,-1
20,80,80,1,A1_identity,1,1
20,81,76,1,A4_ramified_A,,
20,82,72,-1,B1_block_swap,1,
20,83,68,1,A1_identity,1,1
20,84,64,1,A3_sigma1sigma2,-1,-1
20,85,60,-1,B3_four_cycle,-1,
20,86,56,1,A2_sigma_i,-1,1
20,87,52,1,A3_sigma1sigma2,-1,-1
20,88,48,-1,B3_four_cycle,-1,
20,89,44,-1,B3_four_cycle,-1,
20,90,40,-1,B1_block_swap,1,
20,91,36,1,A3_sigma1sigma2,-1,-1
20,92,32,-1,B3_four_cycle,-1,
20,93,28,-1,B3_four_cycle,-1,
20,94,24,1,A2_sigma_i,1,-1
20,95,20,1,A2_sigma_i,1,-1
20,96,16,1,A3_sigma1sigma2,-1,-1
20,97,12,-1,B1_block_swap,1,
20,98,8,-1,B1_block_swap,1,
20,99,4,1,A3_sigma1sigma2,-1,-1
20,100,0,0,double_root,,
21,0,37,1,A1_identity,1,1
21,1,33,1,A1_identity,1,1
21,2,29,-1,B1_block_swap,1,
21,3,25,1,A3_sigma1sigma2,-1,-1
21,4,21,1,A2_sigma_i,-1,1
21,5,17,1,A1_identity,1,1
21,6,13,1,A2_sigma_i,-1,1
21,7,9,1,A3_sigma1sigma2,-1,-1
21,8,5,1,A1_identity,1,1
21,9,1,1,A2_sigma_i,-1,1
21,10,98,-1,B1_block_swap,1,
21,11,94,-1,B1_block_swap,1,
21,12,90,-1,B1_block_swap,1,
21,13,86,-1,B3_four_cycle,-1,
21,14,82,1,A2_sigma_i,1,-1
21,15,78,1,A3_sigma1sigma2,-1,-1
21,16,74,-1,B1_block_swap,1,
21,17,70,1,A2_sigma_i,1,-1
21,18,66,-1,B3_four_cycle,-1,
21,19,62,-1,B3_four_cycle,-1,
21,20,58,1,A1_identity,1,1
21,21,54,1,A1_identity,1,1
21,22,50,-1,B3_four_cycle,-1,
21,23,46,-1,B3_four_cycle,-1,
21,24,42,-1,B1_block_swap,1,
21,25,38,-1,B3_four_cycle,-1,
21,26,34,-1,B1_block_swap,1,
21,27,30,1,A1_identity,1,1
21,28,26,-1,B1_block_swap,1,
21,29,22,1,A2_sigma_i,1,-1
21,30,18,-1,B1_block_swap,1,
21,31,14,1,A2_sigma_i,-1,1
21,32,10,-1,B1_block_swap,1,
21,33,6,1,A3_sigma1sigma2,-1,-1
21,34,2,-1,B3_four_cycle,-1,
21,35,99,-1,B1_block_swap,1,
21,36,95,1,A2_sigma_i,1,-1
21,37,91,-1,B3_four_cycle,-1,
21,38,87,1,A1_identity,1,1
21,39,83,-1,B3_four_cycle,-1,
21,40,79,1,A1_identity,1,1
21,41,75,-1,B1_block_swap,1,
21,42,71,1,A1_identity,1,1
21,43,67,-1,B3_four_cycle,-1,
21,44,63,-1,B3_four_cycle,-1,
21,45,59,-1,B1_block_swap,1,
21,46,55,-1,B3_four_cycle,-1,
21,47,51,-1,B1_block_swap,1,
21,48,47,1,A3_sigma1sigma2,-1,-1
21,49,43,1,A1_identity,1,1
21,50,39,-1,B1_block_swap,1,
21,51,35,-1,B3_four_cycle,-1,
21,52,31,1,A3_sigma1sigma2,-1,-1
21,53,27,-1,B3_four_cycle,-1,
21,54,23,1,A2_sigma_i,-1,1
21,55,19,1,A3_sigma1sigma2,-1,-1
21,56,15,-1,B1_block_swap,1,
21,57,11,-1,B1_block_swap,1,
21,58,7,-1,B3_four_cycle,-1,
21,59,3,-1,B3_four_cycle,-1,
21,60,100,1,A4_ramified_A,,
21,61,96,1,A1_identity,1,1
21,62,92,1,A2_sigma_i,1,-1
21,63,88,1,A3_sigma1sigma2,-1,-1
21,64,84,1,A2_sigma_i,-1,1
21,65,80,1,A3_sigma1sigma2,-1,-1
21,66,76,1,A4_ramified_A,,
21,67,72,-1,B3_four_cycle,-1,
21,68,68,1,A1_identity,1,1
21,69,64,1,A1_identity,1,1
21,70,60,-1,B3_four_cycle,-1,
21,71,56,1,A2_sigma_i,1,-1
21,72,52,1,A1_identity,1,1
21,73,48,-1,B1_block_swap,1,
21,74,44,-1,B1_block_swap,1,
21,75,40,-1,B3_four_cycle,-1,
21,76,36,1,A3_sigma1sigma2,-1,-1
21,77,32,-1,B1_block_swap,1,
21,78,28,-1,B1_block_swap,1,
21,79,24,1,A1_identity,1,1
21,80,20,1,A1_identity,1,1
21,81,16,1,A1_identity,1,1
21,82,12,-1,B3_four_cycle,-1,
21,83,8,-1,B1_block_swap,1,
21,84,4,1,A4_ramified_A,,
21,85,0,0,double_root,,
21,86,97,1,A3_sigma1sigma2,-1,-1
21,87,93,-1,B1_block_swap,1,
21,88,89,-1,B3_four_cycle,-1,
21,89,85,1,A2_sigma_i,1,-1
21,90,81,1,A3_sigma1sigma2,-1,-1
21,91,77,1,A2_sigma_i,1,-1
21,92,73,-1,B3_four_cycle,-1,
21,93,69,-1,B3_four_cycle,-1,
21,94,65,1,A2_sigma_i,-1,1
21,95,61,-1,B3_four_cycle,-1,
21,96,57,-1,B3_four_cycle,-1,
21,97,53,-1,B1_block_swap,1,
21,98,49,1,A3_sigma1sigma2,-1,-1
21,99,45,1,A1_identity,1,1
21,100,41,-1,B1_block_swap,1,
22,0,80,1,A1_identity,1,1
22,1,76,1,A3_sigma1sigma2,-1,-1
22,2,72,-1,B3_four_cycle,-1,
22,3,68,1,A2_sigma_i,1,-1
22,4,64,1,A3_sigma1sigma2,-1,-1
22,5,60,-1,B3_four_cycle,-1,
22,6,56,1,A1_identity,1,1
22,7,52,1,A1_identity,1,1
22,8,48,-1,B1_block_swap,1,
22,9,44,-1,B1_block_swap,1,
22,10,40,-1,B3_four_cycle,-1,
22,11,36,1,A3_sigma1sigma2,-1,-1
22,12,32,-1,B1_block_swap,1,
22,13,28,-1,B1_block_swap,1,
22,14,24,1,A2_sigma_i,-1,1
22,15,20,1,A4_ramified_A,,
22,16,16,1,A3_sigma1sigma2,-1,-1
22,17,12,-1,B3_four_cycle,-1,
22,18,8,-1,B3_four_cycle,-1,
22,19,4,1,A2_sigma_i,1,-1
22,20,0,0,double_root,,
22,21,97,1,A1_identity,1,1
22,22,93,-1,B1_block_swap,1,
22,23,89,-1,B1_block_swap,1,
22,24,85,1,A2_sigma_i,1,-1
22,25,81,1,A2_sigma_i,1,-1
22,26,77,1,A2_sigma_i,1,-1
22,27,73,-1,B3_four_cycle,-1,
22,28,69,-1,B3_four_cycle,-1,
22,29,65,1,A3_sigma1sigma2,-1,-1
22,30,61,-1,B3_four_cycle,-1,
22,31,57,-1,B3_four_cycle,-1,
22,32,53,-1,B3_four_cycle,-1,
22,33,49,1,A2_sigma_i,-1,1
22,34,45,1,A1_identity,1,1
22,35,41,-1,B3_four_cycle,-1,
22,36,37,1,A3_sigma1sigma2,-1,-1
22,37,33,1,A3_sigma1sigma2,-1,-1
22,38,29,-1,B1_block_swap,1,
22,39,25,1,A2_sigma_i,-1,1
22,40,21,1,A1_identity,1,1
22,41,17,1,A2_sigma_i,1,-1
22,42,13,1,A2_sigma_i,1,-1
22,43,9,1,A4_ramified_A,,
22,44,5,1,A1_identity,1,1
22,45,1,1,A2_sigma_i,-1,1
22,46,98,-1,B3_four_cycle,-1,
22,47,94,-1,B3_four_cycle,-1,
22,48,90,-1,B3_four_cycle,-1,
22,49,86,-1,B1_block_swap,1,
22,50,82,1,A3_sigma1sigma2,-1,-1
22,51,78,1,A4_ramified_A,,
22,52,74,-1,B1_block_swap,1,
22,53,70,1,A2_sigma_i,1,-1
22,54,66,-1,B3_four_cycle,-1,
22,55,62,-1,B1_block_swap,1,
22,56,58,1,A2_sigma_i,-1,1
22,57,54,1,A2_sigma_i,1,-1
22,58,50,-1,B1_block_swap,1,
22,59,46,-1,B1_block_swap,1,
22,60,42,-1,B1_block_swap,1,
22,61,38,-1,B3_four_cycle,-1,
22,62,34,-1,B3_four_cycle,-1,
22,63,30,1,A3_sigma1sigma2,-1,-1
22,64,26,-1,B1_block_swap,1,
22,65,22,1,A2_sigma_i,1,-1
22,66,18,-1,B1_block_swap,1,
22,67,14,1,A1_identity,1,1
22,68,10,-1,B3_four_cycle,-1,
22,69,6,1,A1_identity,1,1
22,70,2,-1,B1_block_swap,1,
22,71,99,-1,B3_four_cycle,-1,
22,72,95,1,A1_identity,1,1
22,73,91,-1,B1_block_swap,1,
22,74,87,1,A2_sigma_i,1,-1
22,75,83,-1,B1_block_swap,1,
22,76,79,1,A2_sigma_i,-1,1
22,77,75,-1,B3_four_cycle,-1,
22,78,71,1,A2_sigma_i,-1,1
22,79,67,-1,B3_four_cycle,-1,
22,80,63,-1,B3_four_cycle,-1,
22,81,59,-1,B1_block_swap,1,
22,82,55,-1,B1_block_swap,1,
22,83,51,-1,B1_block_swap,1,
22,84,47,1,A3_sigma1sigma2,-1,-1
22,85,43,1,A1_identity,1,1
22,86,39,-1,B3_four_cycle,-1,
22,87,35,-1,B1_block_swap,1,
22,88,31,1,A2_sigma_i,-1,1
22,89,27,-1,B3_four_cycle,-1,
22,90,23,1,A1_identity,1,1
22,91,19,1,A1_identity,1,1
22,92,15,-1,B3_four_cycle,-1,
22,93,11,-1,B1_block_swap,1,
22,94,7,-1,B3_four_cycle,-1,
22,95,3,-1,B3_four_cycle,-1,
22,96,100,1,A2_sigma_i,-1,1
22,97,96,1,A2_sigma_i,-1,1
22,98,92,1,A1_identity,1,1
22,99,88,1,A2_sigma_i,1,-1
22,100,84,1,A2_sigma_i,1,-1
23,0,24,1,A2_sigma_i,1,-1
23,1,20,1,A2_sigma_i,-1,1
23,2,16,1,A4_ramified_A,,
23,3,12,-1,B1_block_swap,1,
23,4,8,-1,B3_four_cycle,-1,
23,5,4,1,A1_identity,1,1
23,6,0,0,double_root,,
23,7,97,1,A2_sigma_i,1,-1
23,8,93,-1,B1_block_swap,1,
23,9,89,-1,B3_four_cycle,-1,
23,10,85,1,A2_sigma_i,-1,1
23,11,81,1,A2_sigma_i,-1,1
23,12,77,1,A3_sigma1sigma2,-1,-1
23,13,73,-1,B3_four_cycle,-1,
23,14,69,-1,B1_block_swap,1,
23,15,65,1,A3_sigma1sigma2,-1,-1
23,16,61,-1,B3_four_cycle,-1,
23,17,57,-1,B3_four_cycle,-1,
23,18,53,-1,B1_block_swap,1,
23,19,49,1,A3_sigma1sigma2,-1,-1
23,20,45,1,A3_sigma1sigma2,-1,-1
23,21,41,-1,B1_block_swap,1,
23,22,37,1,A1_identity,1,1
23,23,33,1,A2_sigma_i,1,-1
23,24,29,-1,B3_four_cycle,-1,
23,25,25,1,A3_sigma1sigma2,-1,-1
23,26,21,1,A2_sigma_i,-1,1
23,27,17,1,A2_sigma_i,1,-1
23,28,13,1,A1_identity,1,1
23,29,9,1,A2_sigma_i,1,-1
23,30,5,1,A3_sigma1sigma2,-1,-1
23,31,1,1,A3_sigma1sigma2,-1,-1
23,32,98,-1,B3_four_cycle,-1,
23,33,94,-1,B1_block_swap,1,
23,34,90,-1,B1_block_swap,1,
23,35,86,-1,B1_block_swap,1,
23,36,82,1,A4_ramified_A,,
23,37,78,1,A3_sigma1sigma2,-1,-1
23,38,74,-1,B3_four_cycle,-1,
23,39,70,1,A1_identity,1,1
23,40,66,-1,B3_four_cycle,-1,
23,41,62,-1,B3_four_cycle,-1,
23,42,58,1,A1_identity,1,1
23,43,54,1,A2_sigma_i,-1,1
23,44,50,-1,B3_four_cycle,-1,
23,45,46,-1,B3_four_cycle,-1,
23,46,42,-1,B1_block_swap,1,
23,47,38,-1,B3_four_cycle,-1,
23,48,34,-1,B1_block_swap,1,
23,49,30,1,A1_identity,1,1
23,50,26,-1,B3_four_cycle,-1,
23,51,22,1,A2_sigma_i,1,-1
23,52,18,-1,B3_four_cycle,-1,
23,53,14,1,A1_identity,1,1
23,54,10,-1,B3_four_cycle,-1,
23,55,6,1,A2_sigma_i,1,-1
23,56,2,-1,B3_four_cycle,-1,
23,57,99,-1,B3_four_cycle,-1,
23,58,95,1,A1_identity,1,1
23,59,91,-1,B1_block_swap,1,
23,60,87,1,A2_sigma_i,-1,1
23,61,83,-1,B1_block_swap,1,
23,62,79,1,A1_identity,1,1
23,63,75,-1,B3_four_cycle,-1,
23,64,71,1,A2_sigma_i,1,-1
23,65,67,-1,B1_block_swap,1,
23,66,63,-1,B1_block_swap,1,
23,67,59,-1,B1_block_swap,1,
23,68,55,-1,B3_four_cycle,-1,
23,69,51,-1,B1_block_swap,1,
23,70,47,1,A2_sigma_i,1,-1
23,71,43,1,A4_ramified_A,,
23,72,39,-1,B1_block_swap,1,
23,73,35,-1,B3_four_cycle,-1,
23,74,31,1,A2_sigma_i,-1,1
23,75,27,-1,B1_block_swap,1,
23,76,23,1,A1_identity,1,1
23,77,19,1,A1_identity,1,1
23,78,15,-1,B1_block_swap,1,
23,79,11,-1,B3_four_cycle,-1,
23,80,7,-1,B3_four_cycle,-1,
23,81,3,-1,B3_four_cycle,-1,
23,82,100,1,A1_identity,1,1
23,83,96,1,A2_sigma_i,-1,1
23,84,92,1,A2_sigma_i,-1,1
23,85,88,1,A2_sigma_i,1,-1
23,86,84,1,A1_identity,1,1
23,87,80,1,A2_sigma_i,-1,1
23,88,76,1,A2_sigma_i,1,-1
23,89,72,-1,B1_block_swap,1,
23,90,68,1,A1_identity,1,1
23,91,64,1,A3_sigma1sigma2,-1,-1
23,92,60,-1,B3_four_cycle,-1,
23,93,56,1,A3_sigma1sigma2,-1,-1
23,94,52,1,A1_identity,1,1
23,95,48,-1,B1_block_swap,1,
23,96,44,-1,B1_block_swap,1,
23,97,40,-1,B1_block_swap,1,
23,98,36,1,A1_identity,1,1
23,99,32,-1,B1_block_swap,1,
23,100,28,-1,B1_block_swap,1,
24,0,71,1,A1_identity,1,1
24,1,67,-1,B3_four_cycle,-1,
24,2,63,-1,B3_four_cycle,-1,
24,3,59,-1,B1_block_swap,1,
24,4,55,-1,B1_block_swap,1,
24,5,51,-1,B3_four_cycle,-1,
24,6,47,1,A2_sigma_i,1,-1
24,7,43,1,A2_sigma_i,1,-1
24,8,39,-1,B3_four_cycle,-1,
24,9,35,-1,B1_block_swap,1,
24,10,31,1,A2_sigma_i,-1,1
24,11,27,-1,B3_four_cycle,-1,
24,12,23,1,A2_sigma_i,1,-1
24,13,19,1,A2_sigma_i,1,-1
24,14,15,-1,B3_four_cycle,-1,
24,15,11,-1,B3_four_cycle,-1,
24,16,7,-1,B1_block_swap,1,
24,17,3,-1,B1_block_swap,1,
24,18,100,1,A2_sigma_i,-1,1
24,19,96,1,A3_sigma1sigma2,-1,-1
24,20,92,1,A2_sigma_i,-1,1
24,21,88,1,A4_ramified_A,,
24,22,84,1,A2_sigma_i,-1,1
24,23,80,1,A2_sigma_i,1,-1
24,24,76,1,A2_sigma_i,-1,1
24,25,72,-1,B1_block_swap,1,
24,26,68,1,A4_ramified_A,,
24,27,64,1,A2_sigma_i,1,-1
24,28,60,-1,B3_four_cycle,-1,
24,29,56,1,A1_identity,1,1
24,30,52,1,A2_sigma_i,1,-1
24,31,48,-1,B3_four_cycle,-1,
24,32,44,-1,B3_four_cycle,-1,
24,33,40,-1,B3_four_cycle,-1,
24,34,36,1,A3_sigma1sigma2,-1,-1
24,35,32,-1,B3_four_cycle,-1,
24,36,28,-1,B3_four_cycle,-1,
24,37,24,1,A2_sigma_i,-1,1
24,38,20,1,A2_sigma_i,1,-1
24,39,16,1,A2_sigma_i,1,-1
24,40,12,-1,B1_block_swap,1,
24,41,8,-1,B3_four_cycle,-1,
24,42,4,1,A3_sigma1sigma2,-1,-1
24,43,0,0,double_root,,
24,44,97,1,A1_identity,1,1
24,45,93,-1,B1_block_swap,1,
24,46,89,-1,B1_block_swap,1,
24,47,85,1,A3_sigma1sigma2,-1,-1
24,48,81,1,A2_sigma_i,-1,1
24,49,77,1,A2_sigma_i,1,-1
24,50,73,-1,B1_block_swap,1,
24,51,69,-1,B3_four_cycle,-1,
24,52,65,1,A1_identity,1,1
24,53,61,-1,B1_block_swap,1,
24,54,57,-1,B1_block_swap,1,
24,55,53,-1,B3_four_cycle,-1,
24,56,49,1,A2_sigma_i,1,-1
24,57,45,1,A1_identity,1,1
24,58,41,-1,B3_four_cycle,-1,
24,59,37,1,A1_identity,1,1
24,60,33,1,A2_sigma_i,1,-1
24,61,29,-1,B1_block_swap,1,
24,62,25,1,A4_ramified_A,,
24,63,21,1,A2_sigma_i,1,-1
24,64,17,1,A3_sigma1sigma2,-1,-1
24,65,13,1,A2_sigma_i,-1,1
24,66,9,1,A2_sigma_i,1,-1
24,67,5,1,A3_sigma1sigma2,-1,-1
24,68,1,1,A2_sigma_i,1,-1
24,69,98,-1,B1_block_swap,1,
24,70,94,-1,B1_block_swap,1,
24,71,90,-1,B3_four_cycle,-1,
24,72,86,-1,B3_four_cycle,-1,
24,73,82,1,A2_sigma_i,1,-1
24,74,78,1,A2_sigma_i,1,-1
24,75,74,-1,B1_block_swap,1,
24,76,70,1,A1_identity,1,1
24,77,66,-1,B1_block_swap,1,
24,78,62,-1,B3_four_cycle,-1,
24,79,58,1,A2_sigma_i,-1,1
24,80,54,1,A1_identity,1,1
24,81,50,-1,B1_block_swap,1,
24,82,46,-1,B3_four_cycle,-1,
24,83,42,-1,B1_block_swap,1,
24,84,38,-1,B3_four_cycle,-1,
24,85,34,-1,B3_four_cycle,-1,
24,86,30,1,A2_sigma_i,-1,1
24,87,26,-1,B1_block_swap,1,
24,88,22,1,A2_sigma_i,-1,1
24,89,18,-1,B1_block_swap,1,
24,90,14,1,A1_identity,1,1
24,91,10,-1,B3_four_cycle,-1,
24,92,6,1,A2_sigma_i,-1,1
24,93,2,-1,B1_block_swap,1,
24,94,99,-1,B1_block_swap,1,
24,95,95,1,A1_identity,1,1
24,96,91,-1,B1_block_swap,1,
24,97,87,1,A2_sigma_i,1,-1
24,98,83,-1,B3_four_cycle,-1,
24,99,79,1,A2_sigma_i,1,-1
24,100,75,-1,B1_block_swap,1,
25,0,19,1,A1_identity,1,1
25,1,15,-1,B1_block_swap,1,
25,2,11,-1,B1_block_swap,1,
25,3,7,-1,B1_block_swap,1,
25,4,3,-1,B3_four_cycle,-1,
25,5,100,1,A3_sigma1sigma2,-1,-1
25,6,96,1,A4_ramified_A,,
25,7,92,1,A2_sigma_i,-1,1
25,8,88,1,A3_sigma1sigma2,-1,-1
25,9,84,1,A2_sigma_i,1,-1
25,10,80,1,A1_identity,1,1
25,11,76,1,A2_sigma_i,1,-1
25,12,72,-1,B1_block_swap,1,
25,13,68,1,A2_sigma_i,-1,1
25,14,64,1,A1_identity,1,1
25,15,60,-1,B3_four_cycle,-1,
25,16,56,1,A1_identity,1,1
25,17,52,1,A2_sigma_i,1,-1
25,18,48,-1,B1_block_swap,1,
25,19,44,-1,B1_block_swap,1,
25,20,40,-1,B3_four_cycle,-1,
25,21,36,1,A4_ramified_A,,
25,22,32,-1,B3_four_cycle,-1,
25,23,28,-1,B1_block_swap,1,
25,24,24,1,A1_identity,1,1
25,25,20,1,A2_sigma_i,-1,1
25,26,16,1,A1_identity,1,1
25,27,12,-1,B3_four_cycle,-1,
25,28,8,-1,B3_four_cycle,-1,
25,29,4,1,A3_sigma1sigma2,-1,-1
25,30,0,0,double_root,,
25,31,97,1,A1_identity,1,1
25,32,93,-1,B3_four_cycle,-1,
25,33,89,-1,B1_block_swap,1,
25,34,85,1,A1_identity,1,1
25,35,81,1,A2_sigma_i,-1,1
25,36,77,1,A1_identity,1,1
25,37,73,-1,B1_block_swap,1,
25,38,69,-1,B1_block_swap,1,
25,39,65,1,A2_sigma_i,-1,1
25,40,61,-1,B1_block_swap,1,
25,41,57,-1,B1_block_swap,1,
25,42,53,-1,B3_four_cycle,-1,
25,43,49,1,A2_sigma_i,-1,1
25,44,45,1,A1_identity,1,1
25,45,41,-1,B3_four_cycle,-1,
25,46,37,1,A2_sigma_i,1,-1
25,47,33,1,A2_sigma_i,1,-1
25,48,29,-1,B3_four_cycle,-1,
25,49,25,1,A2_sigma_i,-1,1
25,50,21,1,A2_sigma_i,-1,1
25,51,17,1,A3_sigma1sigma2,-1,-1
25,52,13,1,A2_sigma_i,1,-1
25,53,9,1,A3_sigma1sigma2,-1,-1
25,54,5,1,A3_sigma1sigma2,-1,-1
25,55,1,1,A3_sigma1sigma2,-1,-1
25,56,98,-1,B3_four_cycle,-1,
25,57,94,-1,B3_four_cycle,-1,
25,58,90,-1,B1_block_swap,1,
25,59,86,-1,B1_block_swap,1,
25,60,82,1,A2_sigma_i,1,-1
25,61,78,1,A1_identity,1,1
25,62,74,-1,B3_four_cycle,-1,
25,63,70,1,A3_sigma1sigma2,-1,-1
25,64,66,-1,B3_four_cycle,-1,
25,65,62,-1,B1_block_swap,1,
25,66,58,1,A2_sigma_i,1,-1
25,67,54,1,A2_sigma_i,-1,1
25,68,50,-1,B3_four_cycle,-1,
25,69,46,-1,B1_block_swap,1,
25,70,42,-1,B3_four_cycle,-1,
25,71,38,-1,B1_block_swap,1,
25,72,34,-1,B3_four_cycle,-1,
25,73,30,1,A2_sigma_i,1,-1
25,74,26,-1,B1_block_swap,1,
25,75,22,1,A1_identity,1,1
25,76,18,-1,B3_four_cycle,-1,
25,77,14,1,A3_sigma1sigma2,-1,-1
25,78,10,-1,B1_block_swap,1,
25,79,6,1,A3_sigma1sigma2,-1,-1
25,80,2,-1,B3_four_cycle,-1,
25,81,99,-1,B1_block_swap,1,
25,82,95,1,A4_ramified_A,,
25,83,91,-1,B3_four_cycle,-1,
25,84,87,1,A1_identity,1,1
25,85,83,-1,B3_four_cycle,-1,
25,86,79,1,A1_identity,1,1
25,87,75,-1,B3_four_cycle,-1,
25,88,71,1,A2_sigma_i,1,-1
25,89,67,-1,B1_block_swap,1,
25,90,63,-1,B1_block_swap,1,
25,91,59,-1,B1_block_swap,1,
25,92,55,-1,B1_block_swap,1,
25,93,51,-1,B1_block_swap,1,
25,94,47,1,A1_identity,1,1
25,95,43,1,A1_identity,1,1
25,96,39,-1,B1_block_swap,1,
25,97,35,-1,B1_block_swap,1,
25,98,31,1,A3_sigma1sigma2,-1,-1
25,99,27,-1,B3_four_cycle,-1,
25,100,23,1,A1_identity,1,1
26,0,70,1,A1_identity,1,1
26,1,66,-1,B3_four_cycle,-1,
26,2,62,-1,B1_block_swap,1,
26,3,58,1,A1_identity,1,1
26,4,54,1,A1_identity,1,1
26,5,50,-1,B3_four_cycle,-1,
26,6,46,-1,B1_block_swap,1,
26,7,42,-1,B3_four_cycle,-1,
26,8,38,-1,B1_block_swap,1,
26,9,34,-1,B3_four_cycle,-1,
26,10,30,1,A2_sigma_i,1,-1
26,11,26,-1,B3_four_cycle,-1,
26,12,22,1,A2_sigma_i,1,-1
26,13,18,-1,B1_block_swap,1,
26,14,14,1,A2_sigma_i,-1,1
26,15,10,-1,B3_four_cycle,-1,
26,16,6,1,A1_identity,1,1
26,17,2,-1,B3_four_cycle,-1,
26,18,99,-1,B1_block_swap,1,
26,19,95,1,A2_sigma_i,-1,1
26,20,91,-1,B1_block_swap,1,
26,21,87,1,A2_sigma_i,1,-1
26,22,83,-1,B1_block_swap,1,
26,23,79,1,A2_sigma_i,-1,1
26,24,75,-1,B3_four_cycle,-1,
26,25,71,1,A1_identity,1,1
26,26,67,-1,B3_four_cycle,-1,
26,27,63,-1,B3_four_cycle,-1,
26,28,59,-1,B3_four_cycle,-1,
26,29,55,-1,B1_block_swap,1,
26,30,51,-1,B3_four_cycle,-1,
26,31,47,1,A3_sigma1sigma2,-1,-1
26,32,43,1,A2_sigma_i,1,-1
26,33,39,-1,B1_block_swap,1,
26,34,35,-1,B3_four_cycle,-1,
26,35,31,1,A2_sigma_i,1,-1
26,36,27,-1,B1_block_swap,1,
26,37,23,1,A4_ramified_A,,
26,38,19,1,A3_sigma1sigma2,-1,-1
26,39,15,-1,B3_four_cycle,-1,
26,40,11,-1,B1_block_swap,1,
26,41,7,-1,B1_block_swap,1,
26,42,3,-1,B1_block_swap,1,
26,43,100,1,A2_sigma_i,-1,1
26,44,96,1,A3_sigma1sigma2,-1,-1
26,45,92,1,A2_sigma_i,-1,1
26,46,88,1,A3_sigma1sigma2,-1,-1
26,47,84,1,A1_identity,1,1
26,48,80,1,A1_identity,1,1
26,49,76,1,A1_identity,1,1
26,50,72,-1,B3_four_cycle,-1,
26,51,68,1,A2_sigma_i,1,-1
26,52,64,1,A2_sigma_i,1,-1
26,53,60,-1,B1_block_swap,1,
26,54,56,1,A3_sigma1sigma2,-1,-1
26,55,52,1,A3_sigma1sigma2,-1,-1
26,56,48,-1,B1_block_swap,1,
26,57,44,-1,B3_four_cycle,-1,
26,58,40,-1,B3_four_cycle,-1,
26,59,36,1,A1_identity,1,1
26,60,32,-1,B3_four_cycle,-1,
26,61,28,-1,B1_block_swap,1,
26,62,24,1,A1_identity,1,1
26,63,20,1,A2_sigma_i,-1,1
26,64,16,1,A3_sigma1sigma2,-1,-1
26,65,12,-1,B1_block_swap,1,
26,66,8,-1,B3_four_cycle,-1,
26,67,4,1,A3_sigma1sigma2,-1,-1
26,68,0,0,double_root,,
26,69,97,1,A3_sigma1sigma2,-1,-1
26,70,93,-1,B3_four_cycle,-1,
26,71,89,-1,B1_block_swap,1,
26,72,85,1,A2_sigma_i,1,-1
26,73,81,1,A2_sigma_i,1,-1
26,74,77,1,A1_identity,1,1
26,75,73,-1,B3_four_cycle,-1,
26,76,69,-1,B3_four_cycle,-1,
26,77,65,1,A1_identity,1,1
26,78,61,-1,B1_block_swap,1,
26,79,57,-1,B1_block_swap,1,
26,80,53,-1,B3_four_cycle,-1,
26,81,49,1,A4_ramified_A,,
26,82,45,1,A2_sigma_i,-1,1
26,83,41,-1,B1_block_swap,1,
26,84,37,1,A1_identity,1,1
26,85,33,1,A1_identity,1,1
26,86,29,-1,B1_block_swap,1,
26,87,25,1,A2_sigma_i,-1,1
26,88,21,1,A1_identity,1,1
26,89,17,1,A3_sigma1sigma2,-1,-1
26,90,13,1,A1_identity,1,1
26,91,9,1,A2_sigma_i,-1,1
26,92,5,1,A4_ramified_A,,
26,93,1,1,A2_sigma_i,-1,1
26,94,98,-1,B1_block_swap,1,
26,95,94,-1,B3_four_cycle,-1,
26,96,90,-1,B1_block_swap,1,
26,97,86,-1,B3_four_cycle,-1,
26,98,82,1,A2_sigma_i,-1,1
26,99,78,1,A2_sigma_i,1,-1
26,100,74,-1,B1_block_swap,1,
27,0,22,1,A1_identity,1,1
27,1,18,-1,B3_four_cycle,-1,
27,2,14,1,A2_sigma_i,-1,1
27,3,10,-1,B1_block_swap,1,
27,4,6,1,A1_identity,1,1
27,5,2,-1,B1_block_swap,1,
27,6,99,-1,B3_four_cycle,-1,
27,7,95,1,A2_sigma_i,1,-1
27,8,91,-1,B1_block_swap,1,
27,9,87,1,A1_identity,1,1
27,10,83,-1,B1_block_swap,1,
27,11,79,1,A3_sigma1sigma2,-1,-1
27,12,75,-1,B3_four_cycle,-1,
27,13,71,1,A2_sigma_i,-1,1
27,14,67,-1,B1_block_swap,1,
27,15,63,-1,B3_four_cycle,-1,
27,16,59,-1,B3_four_cycle,-1,
27,17,55,-1,B3_four_cycle,-1,
27,18,51,-1,B1_block_swap,1,
27,19,47,1,A2_sigma_i,-1,1
27,20,43,1,A3_sigma1sigma2,-1,-1
27,21,39,-1,B3_four_cycle,-1,
27,22,35,-1,B1_block_swap,1,
27,23,31,1,A3_sigma1sigma2,-1,-1
27,24,27,-1,B1_block_swap,1,
27,25,23,1,A2_sigma_i,-1,1
27,26,19,1,A1_identity,1,1
27,27,15,-1,B1_block_swap,1,
27,28,11,-1,B3_four_cycle,-1,
27,29,7,-1,B1_block_swap,1,
27,30,3,-1,B1_block_swap,1,
27,31,100,1,A1_identity,1,1
27,32,96,1,A3_sigma1sigma2,-1,-1
27,33,92,1,A2_sigma_i,1,-1
27,34,88,1,A2_sigma_i,-1,1
27,35,84,1,A2_sigma_i,-1,1
27,36,80,1,A1_identity,1,1
27,37,76,1,A1_identity,1,1
27,38,72,-1,B3_four_cycle,-1,
27,39,68,1,A2_sigma_i,-1,1
27,40,64,1,A4_ramified_A,,
27,41,60,-1,B1_block_swap,1,
27,42,56,1,A2_sigma_i,-1,1
27,43,52,1,A2_sigma_i,1,-1
27,44,48,-1,B1_block_swap,1,
27,45,44,-1,B1_block_swap,1,
27,46,40,-1,B1_block_swap,1,
27,47,36,1,A1_identity,1,1
27,48,32,-1,B1_block_swap,1,
27,49,28,-1,B1_block_swap,1,
27,50,24,1,A1_identity,1,1
27,51,20,1,A2_sigma_i,-1,1
27,52,16,1,A3_sigma1sigma2,-1,-1
27,53,12,-1,B3_four_cycle,-1,
27,54,8,-1,B3_four_cycle,-1,
27,55,4,1,A1_identity,1,1
27,56,0,0,double_root,,
27,57,97,1,A1_identity,1,1
27,58,93,-1,B1_block_swap,1,
27,59,89,-1,B1_block_swap,1,
27,60,85,1,A1_identity,1,1
27,61,81,1,A2_sigma_i,-1,1
27,62,77,1,A2_sigma_i,1,-1
27,63,73,-1,B1_block_swap,1,
27,64,69,-1,B3_four_cycle,-1,
27,65,65,1,A3_sigma1sigma2,-1,-1
27,66,61,-1,B3_four_cycle,-1,
27,67,57,-1,B3_four_cycle,-1,
27,68,53,-1,B3_four_cycle,-1,
27,69,49,1,A1_identity,1,1
27,70,45,1,A2_sigma_i,1,-1
27,71,41,-1,B1_block_swap,1,
27,72,37,1,A2_sigma_i,-1,1
27,73,33,1,A1_identity,1,1
27,74,29,-1,B1_block_swap,1,
27,75,25,1,A2_sigma_i,1,-1
27,76,21,1,A1_identity,1,1
27,77,17,1,A4_ramified_A,,
27,78,13,1,A1_identity,1,1
27,79,9,1,A3_sigma1sigma2,-1,-1
27,80,5,1,A3_sigma1sigma2,-1,-1
27,81,1,1,A3_sigma1sigma2,-1,-1
27,82,98,-1,B1_block_swap,1,
27,83,94,-1,B3_four_cycle,-1,
27,84,90,-1,B1_block_swap,1,
27,85,86,-1,B1_block_swap,1,
27,86,82,1,A3_sigma1sigma2,-1,-1
27,87,78,1,A2_sigma_i,-1,1
27,88,74,-1,B1_block_swap,1,
27,89,70,1,A2_sigma_i,1,-1
27,90,66,-1,B1_block_swap,1,
27,91,62,-1,B1_block_swap,1,
27,92,58,1,A2_sigma_i,-1,1
27,93,54,1,A4_ramified_A,,
27,94,50,-1,B1_block_swap,1,
27,95,46,-1,B3_four_cycle,-1,
27,96,42,-1,B3_four_cycle,-1,
27,97,38,-1,B3_four_cycle,-1,
27,98,34,-1,B1_block_swap,1,
27,99,30,1,A2_sigma_i,-1,1
27,100,26,-1,B1_block_swap,1,
28,0,77,1,A1_identity,1,1
28,1,73,-1,B1_block_swap,1,
28,2,69,-1,B3_four_cycle,-1,
28,3,65,1,A2_sigma_i,1,-1
28,4,61,-1,B3_four_cycle,-1,
28,5,57,-1,B3_four_cycle,-1,
28,6,53,-1,B1_block_swap,1,
28,7,49,1,A2_sigma_i,1,-1
28,8,45,1,A2_sigma_i,1,-1
28,9,41,-1,B3_four_cycle,-1,
28,10,37,1,A1_identity,1,1
28,11,33,1,A3_sigma1sigma2,-1,-1
28,12,29,-1,B3_four_cycle,-1,
28,13,25,1,A2_sigma_i,1,-1
28,14,21,1,A2_sigma_i,-1,1
28,15,17,1,A3_sigma1sigma2,-1,-1
28,16,13,1,A3_sigma1sigma2,-1,-1
28,17,9,1,A2_sigma_i,1,-1
28,18,5,1,A2_sigma_i,1,-1
28,19,1,1,A2_sigma_i,1,-1
28,20,98,-1,B1_block_swap,1,
28,21,94,-1,B1_block_swap,1,
28,22,90,-1,B1_block_swap,1,
28,23,86,-1,B3_four_cycle,-1,
28,24,82,1,A2_sigma_i,-1,1
28,25,78,1,A2_sigma_i,-1,1
28,26,74,-1,B3_four_cycle,-1,
28,27,70,1,A1_identity,1,1
28,28,66,-1,B1_block_swap,1,
28,29,62,-1,B1_block_swap,1,
28,30,58,1,A1_identity,1,1
28,31,54,1,A2_sigma_i,1,-1
28,32,50,-1,B1_block_swap,1,
28,33,46,-1,B3_four_cycle,-1,
28,34,42,-1,B1_block_swap,1,
28,35,38,-1,B3_four_cycle,-1,
28,36,34,-1,B1_block_swap,1,
28,37,30,1,A1_identity,1,1
28,38,26,-1,B1_block_swap,1,
28,39,22,1,A2_sigma_i,1,-1
28,40,18,-1,B1_block_swap,1,
28,41,14,1,A3_sigma1sigma2,-1,-1
28,42,10,-1,B1_block_swap,1,
28,43,6,1,A2_sigma_i,1,-1
28,44,2,-1,B3_four_cycle,-1,
28,45,99,-1,B1_block_swap,1,
28,46,95,1,A2_sigma_i,-1,1
28,47,91,-1,B1_block_swap,1,
28,48,87,1,A4_ramified_A,,
28,49,83,-1,B3_four_cycle,-1,
28,50,79,1,A2_sigma_i,-1,1
28,51,75,-1,B1_block_swap,1,
28,52,71,1,A1_identity,1,1
28,53,67,-1,B1_block_swap,1,
28,54,63,-1,B1_block_swap,1,
28,55,59,-1,B1_block_swap,1,
28,56,55,-1,B1_block_swap,1,
28,57,51,-1,B1_block_swap,1,
28,58,47,1,A3_sigma1sigma2,-1,-1
28,59,43,1,A2_sigma_i,1,-1
28,60,39,-1,B3_four_cycle,-1,
28,61,35,-1,B3_four_cycle,-1,
28,62,31,1,A4_ramified_A,,
28,63,27,-1,B3_four_cycle,-1,
28,64,23,1,A2_sigma_i,1,-1
28,65,19,1,A1_identity,1,1
28,66,15,-1,B1_block_swap,1,
28,67,11,-1,B1_block_swap,1,
28,68,7,-1,B3_four_cycle,-1,
28,69,3,-1,B3_four_cycle,-1,
28,70,100,1,A2_sigma_i,-1,1
28,71,96,1,A2_sigma_i,1,-1
28,72,92,1,A1_identity,1,1
28,73,88,1,A3_sigma1sigma2,-1,-1
28,74,84,1,A2_sigma_i,-1,1
28,75,80,1,A2_sigma_i,-1,1
28,76,76,1,A2_sigma_i,-1,1
28,77,72,-1,B1_block_swap,1,
28,78,68,1,A3_sigma1sigma2,-1,-1
28,79,64,1,A1_identity,1,1
28,80,60,-1,B1_block_swap,1,
28,81,56,1,A1_identity,1,1
28,82,52,1,A1_identity,1,1
28,83,48,-1,B3_four_cycle,-1,
28,84,44,-1,B1_block_swap,1,
28,85,40,-1,B3_four_cycle,-1,
28,86,36,1,A2_sigma_i,-1,1
28,87,32,-1,B3_four_cycle,-1,
28,88,28,-1,B3_four_cycle,-1,
28,89,24,1,A2_sigma_i,1,-1
28,90,20,1,A2_sigma_i,1,-1
28,91,16,1,A2_sigma_i,-1,1
28,92,12,-1,B1_block_swap,1,
28,93,8,-1,B3_four_cycle,-1,
28,94,4,1,A3_sigma1sigma2,-1,-1
28,95,0,0,double_root,,
28,96,97,1,A1_identity,1,1
28,97,93,-1,B1_block_swap,1,
28,98,89,-1,B1_block_swap,1,
28,99,85,1,A2_sigma_i,-1,1
28,100,81,1,A4_ramified_A,,
29,0,33,1,A1_identity,1,1
29,1,29,-1,B1_block_swap,1,
29,2,25,1,A2_sigma_i,1,-1
29,3,21,1,A4_ramified_A,,
29,4,17,1,A2_sigma_i,-1,1
29,5,13,1,A3_sigma1sigma2,-1,-1
29,6,9,1,A2_sigma_i,-1,1
29,7,5,1,A2_sigma_i,-1,1
29,8,1,1,A3_sigma1sigma2,-1,-1
29,9,98,-1,B1_block_swap,1,
29,10,94,-1,B3_four_cycle,-1,
29,11,90,-1,B1_block_swap,1,
29,12,86,-1,B3_four_cycle,-1,
29,13,82,1,A2_sigma_i,-1,1
29,14,78,1,A2_sigma_i,-1,1
29,15,74,-1,B3_four_cycle,-1,
29,16,70,1,A1_identity,1,1
29,17,66,-1,B3_four_cycle,-1,
29,18,62,-1,B3_four_cycle,-1,
29,19,58,1,A1_identity,1,1
29,20,54,1,A1_identity,1,1
29,21,50,-1,B3_four_cycle,-1,
29,22,46,-1,B1_block_swap,1,
29,23,42,-1,B1_block_swap,1,
29,24,38,-1,B3_four_cycle,-1,
29,25,34,-1,B3_four_cycle,-1,
29,26,30,1,A1_identity,1,1
29,27,26,-1,B3_four_cycle,-1,
29,28,22,1,A1_identity,1,1
29,29,18,-1,B1_block_swap,1,
29,30,14,1,A1_identity,1,1
29,31,10,-1,B1_block_swap,1,
29,32,6,1,A2_sigma_i,-1,1
29,33,2,-1,B3_four_cycle,-1,
29,34,99,-1,B1_block_swap,1,
29,35,95,1,A3_sigma1sigma2,-1,-1
29,36,91,-1,B3_four_cycle,-1,
29,37,87,1,A3_sigma1sigma2,-1,-1
29,38,83,-1,B3_four_cycle,-1,
29,39,79,1,A2_sigma_i,-1,1
29,40,75,-1,B3_four_cycle,-1,
29,41,71,1,A1_identity,1,1
29,42,67,-1,B3_four_cycle,-1,
29,43,63,-1,B3_four_cycle,-1,
29,44,59,-1,B3_four_cycle,-1,
29,45,55,-1,B1_block_swap,1,
29,46,51,-1,B1_block_swap,1,
29,47,47,1,A4_ramified_A,,
29,48,43,1,A2_sigma_i,-1,1
29,49,39,-1,B3_four_cycle,-1,
29,50,35,-1,B3_four_cycle,-1,
29,51,31,1,A3_sigma1sigma2,-1,-1
29,52,27,-1,B3_four_cycle,-1,
29,53,23,1,A2_sigma_i,-1,1
29,54,19,1,A1_identity,1,1
29,55,15,-1,B3_four_cycle,-1,
29,56,11,-1,B1_block_swap,1,
29,57,7,-1,B1_block_swap,1,
29,58,3,-1,B1_block_swap,1,
29,59,100,1,A4_ramified_A,,
29,60,96,1,A2_sigma_i,-1,1
29,61,92,1,A2_sigma_i,-1,1
29,62,88,1,A2_sigma_i,-1,1
29,63,84,1,A2_sigma_i,1,-1
29,64,80,1,A2_sigma_i,1,-1
29,65,76,1,A3_sigma1sigma2,-1,-1
29,66,72,-1,B1_block_swap,1,
29,67,68,1,A2_sigma_i,-1,1
29,68,64,1,A1_identity,1,1
29,69,60,-1,B1_block_swap,1,
29,70,56,1,A1_identity,1,1
29,71,52,1,A2_sigma_i,-1,1
29,72,48,-1,B3_four_cycle,-1,
29,73,44,-1,B3_four_cycle,-1,
29,74,40,-1,B1_block_swap,1,
29,75,36,1,A3_sigma1sigma2,-1,-1
29,76,32,-1,B1_block_swap,1,
29,77,28,-1,B1_block_swap,1,
29,78,24,1,A2_sigma_i,-1,1
29,79,20,1,A2_sigma_i,-1,1
29,80,16,1,A1_identity,1,1
29,81,12,-1,B3_four_cycle,-1,
29,82,8,-1,B3_four_cycle,-1,
29,83,4,1,A3_sigma1sigma2,-1,-1
29,84,0,0,double_root,,
29,85,97,1,A1_identity,1,1
29,86,93,-1,B3_four_cycle,-1,
29,87,89,-1,B1_block_swap,1,
29,88,85,1,A3_sigma1sigma2,-1,-1
29,89,81,1,A1_identity,1,1
29,90,77,1,A3_sigma1sigma2,-1,-1
29,91,73,-1,B1_block_swap,1,
29,92,69,-1,B3_four_cycle,-1,
29,93,65,1,A2_sigma_i,1,-1
29,94,61,-1,B1_block_swap,1,
29,95,57,-1,B3_four_cycle,-1,
29,96,53,-1,B3_four_cycle,-1,
29,97,49,1,A2_sigma_i,-1,1
29,98,45,1,A3_sigma1sigma2,-1,-1
29,99,41,-1,B3_four_cycle,-1,
29,100,37,1,A1_identity,1,1
30,0,92,1,A2_sigma_i,1,-1
30,1,88,1,A1_identity,1,1
30,2,84,1,A2_sigma_i,1,-1
30,3,80,1,A1_identity,1,1
30,4,76,1,A3_sigma1sigma2,-1,-1
30,5,72,-1,B3_four_cycle,-1,
30,6,68,1,A2_sigma_i,1,-1
30,7,64,1,A2_sigma_i,1,-1
30,8,60,-1,B1_block_swap,1,
30,9,56,1,A2_sigma_i,1,-1
30,10,52,1,A2_sigma_i,1,-1
30,11,48,-1,B1_block_swap,1,
30,12,44,-1,B1_block_swap,1,
30,13,40,-1,B3_four_cycle,-1,
30,14,36,1,A2_sigma_i,-1,1
30,15,32,-1,B1_block_swap,1,
30,16,28,-1,B3_four_cycle,-1,
30,17,24,1,A1_identity,1,1
30,18,20,1,A4_ramified_A,,
30,19,16,1,A2_sigma_i,-1,1
30,20,12,-1,B3_four_cycle,-1,
30,21,8,-1,B3_four_cycle,-1,
30,22,4,1,A2_sigma_i,-1,1
30,23,0,0,double_root,,
30,24,97,1,A1_identity,1,1
30,25,93,-1,B3_four_cycle,-1,
30,26,89,-1,B3_four_cycle,-1,
30,27,85,1,A2_sigma_i,-1,1
30,28,81,1,A2_sigma_i,1,-1
30,29,77,1,A1_identity,1,1
30,30,73,-1,B3_four_cycle,-1,
30,31,69,-1,B3_four_cycle,-1,
30,32,65,1,A4_ramified_A,,
30,33,61,-1,B1_block_swap,1,
30,34,57,-1,B3_four_cycle,-1,
30,35,53,-1,B3_four_cycle,-1,
30,36,49,1,A2_sigma_i,-1,1
30,37,45,1,A3_sigma1sigma2,-1,-1
30,38,41,-1,B1_block_swap,1,
30,39,37,1,A2_sigma_i,1,-1
30,40,33,1,A2_sigma_i,1,-1
30,41,29,-1,B3_four_cycle,-1,
30,42,25,1,A2_sigma_i,-1,1
30,43,21,1,A2_sigma_i,1,-1
30,44,17,1,A2_sigma_i,1,-1
30,45,13,1,A2_sigma_i,-1,1
30,46,9,1,A2_sigma_i,-1,1
30,47,5,1,A2_sigma_i,1,-1
30,48,1,1,A2_sigma_i,-1,1
30,49,98,-1,B3_four_cycle,-1,
30,50,94,-1,B1_block_swap,1,
30,51,90,-1,B3_four_cycle,-1,
30,52,86,-1,B1_block_swap,1,
30,53,82,1,A2_sigma_i,-1,1
30,54,78,1,A3_sigma1sigma2,-1,-1
30,55,74,-1,B1_block_swap,1,
30,56,70,1,A1_identity,1,1
30,57,66,-1,B1_block_swap,1,
30,58,62,-1,B1_block_swap,1,
30,59,58,1,A4_ramified_A,,
30,60,54,1,A3_sigma1sigma2,-1,-1
30,61,50,-1,B1_block_swap,1,
30,62,46,-1,B1_block_swap,1,
30,63,42,-1,B1_block_swap,1,
30,64,38,-1,B1_block_swap,1,
30,65,34,-1,B1_block_swap,1,
30,66,30,1,A2_sigma_i,1,-1
30,67,26,-1,B1_block_swap,1,
30,68,22,1,A2_sigma_i,-1,1
30,69,18,-1,B1_block_swap,1,
30,70,14,1,A1_identity,1,1
30,71,10,-1,B3_four_cycle,-1,
30,72,6,1,A2_sigma_i,-1,1
30,73,2,-1,B1_block_swap,1,
30,74,99,-1,B1_block_swap,1,
30,75,95,1,A2_sigma_i,-1,1
30,76,91,-1,B3_four_cycle,-1,
30,77,87,1,A1_identity,1,1
30,78,83,-1,B1_block_swap,1,
30,79,79,1,A2_sigma_i,1,-1
30,80,75,-1,B1_block_swap,1,
30,81,71,1,A2_sigma_i,1,-1
30,82,67,-1,B3_four_cycle,-1,
30,83,63,-1,B3_four_cycle,-1,
30,84,59,-1,B3_four_cycle,-1,
30,85,55,-1,B3_four_cycle,-1,
30,86,51,-1,B3_four_cycle,-1,
30,87,47,1,A2_sigma_i,-1,1
30,88,43,1,A2_sigma_i,1,-1
30,89,39,-1,B3_four_cycle,-1,
30,90,35,-1,B3_four_cycle,-1,
30,91,31,1,A2_sigma_i,1,-1
30,92,27,-1,B1_block_swap,1,
30,93,23,1,A2_sigma_i,-1,1
30,94,19,1,A1_identity,1,1
30,95,15,-1,B3_four_cycle,-1,
30,96,11,-1,B1_block_swap,1,
30,97,7,-1,B3_four_cycle,-1,
30,98,3,-1,B1_block_swap,1,
30,99,100,1,A1_identity,1,1
30,100,96,1,A2_sigma_i,1,-1
31,0,52,1,A1_identity,1,1
31,1,48,-1,B1_block_swap,1,
31,2,44,-1,B1_block_swap,1,
31,3,40,-1,B1_block_swap,1,
31,4,36,1,A1_identity,1,1
31,5,32,-1,B1_block_swap,1,
31,6,28,-1,B3_four_cycle,-1,
31,7,24,1,A1_identity,1,1
31,8,20,1,A1_identity,1,1
31,9,16,1,A3_sigma1sigma2,-1,-1
31,10,12,-1,B3_four_cycle,-1,
31,11,8,-1,B1_block_swap,1,
31,12,4,1,A1_identity,1,1
31,13,0,0,double_root,,
31,14,97,1,A4_ramified_A,,
31,15,93,-1,B1_block_swap,1,
31,16,89,-1,B1_block_swap,1,
31,17,85,1,A4_ramified_A,,
31,18,81,1,A2_sigma_i,-1,1
31,19,77,1,A1_identity,1,1
31,20,73,-1,B3_four_cycle,-1,
31,21,69,-1,B1_block_swap,1,
31,22,65,1,A2_sigma_i,1,-1
31,23,61,-1,B3_four_cycle,-1,
31,24,57,-1,B1_block_swap,1,
31,25,53,-1,B3_four_cycle,-1,
31,26,49,1,A2_sigma_i,-1,1
31,27,45,1,A1_identity,1,1
31,28,41,-1,B1_block_swap,1,
31,29,37,1,A1_identity,1,1
31,30,33,1,A2_sigma_i,-1,1
31,31,29,-1,B1_block_swap,1,
31,32,25,1,A2_sigma_i,1,-1
31,33,21,1,A1_identity,1,1
31,34,17,1,A2_sigma_i,-1,1
31,35,13,1,A2_sigma_i,-1,1
31,36,9,1,A2_sigma_i,-1,1
31,37,5,1,A2_sigma_i,-1,1
31,38,1,1,A2_sigma_i,1,-1
31,39,98,-1,B3_four_cycle,-1,
31,40,94,-1,B1_block_swap,1,
31,41,90,-1,B3_four_cycle,-1,
31,42,86,-1,B3_four_cycle,-1,
31,43,82,1,A2_sigma_i,1,-1
31,44,78,1,A3_sigma1sigma2,-1,-1
31,45,74,-1,B3_four_cycle,-1,
31,46,70,1,A2_sigma_i,-1,1
31,47,66,-1,B1_block_swap,1,
31,48,62,-1,B3_four_cycle,-1,
31,49,58,1,A2_sigma_i,1,-1
31,50,54,1,A2_sigma_i,1,-1
31,51,50,-1,B1_block_swap,1,
31,52,46,-1,B3_four_cycle,-1,
31,53,42,-1,B3_four_cycle,-1,
31,54,38,-1,B3_four_cycle,-1,
31,55,34,-1,B1_block_swap,1,
31,56,30,1,A3_sigma1sigma2,-1,-1
31,57,26,-1,B3_four_cycle,-1,
31,58,22,1,A1_identity,1,1
31,59,18,-1,B3_four_cycle,-1,
31,60,14,1,A3_sigma1sigma2,-1,-1
31,61,10,-1,B3_four_cycle,-1,
31,62,6,1,A2_sigma_i,-1,1
31,63,2,-1,B1_block_swap,1,
31,64,99,-1,B3_four_cycle,-1,
31,65,95,1,A1_identity,1,1
31,66,91,-1,B3_four_cycle,-1,
31,67,87,1,A2_sigma_i,-1,1
31,68,83,-1,B1_block_swap,1,
31,69,79,1,A2_sigma_i,1,-1
31,70,75,-1,B1_block_swap,1,
31,71,71,1,A1_identity,1,1
31,72,67,-1,B3_four_cycle,-1,
31,73,63,-1,B3_four_cycle,-1,
31,74,59,-1,B1_block_swap,1,
31,75,55,-1,B1_block_swap,1,
31,76,51,-1,B3_four_cycle,-1,
31,77,47,1,A3_sigma1sigma2,-1,-1
31,78,43,1,A4_ramified_A,,
31,79,39,-1,B3_four_cycle,-1,
31,80,35,-1,B3_four_cycle,-1,
31,81,31,1,A1_identity,1,1
31,82,27,-1,B1_block_swap,1,
31,83,23,1,A3_sigma1sigma2,-1,-1
31,84,19,1,A2_sigma_i,1,-1
31,85,15,-1,B3_four_cycle,-1,
31,86,11,-1,B3_four_cycle,-1,
31,87,7,-1,B3_four_cycle,-1,
31,88,3,-1,B1_block_swap,1,
31,89,100,1,A2_sigma_i,1,-1
31,90,96,1,A1_identity,1,1
31,91,92,1,A2_sigma_i,-1,1
31,92,88,1,A2_sigma_i,-1,1
31,93,84,1,A2_sigma_i,1,-1
31,94,80,1,A1_identity,1,1
31,95,76,1,A3_sigma1sigma2,-1,-1
31,96,72,-1,B3_four_cycle,-1,
31,97,68,1,A2_sigma_i,-1,1
31,98,64,1,A3_sigma1sigma2,-1,-1
31,99,60,-1,B1_block_swap,1,
31,100,56,1,A3_sigma1sigma2,-1,-1
32,0,14,1,A2_sigma_i,1,-1
32,1,10,-1,B3_four_cycle,-1,
32,2,6,1,A4_ramified_A,,
32,3,2,-1,B1_block_swap,1,
32,4,99,-1,B1_block_swap,1,
32,5,95,1,A3_sigma1sigma2,-1,-1
32,6,91,-1,B1_block_swap,1,
32,7,87,1,A2_sigma_i,-1,1
32,8,83,-1,B1_block_swap,1,
32,9,79,1,A2_sigma_i,-1,1
32,10,75,-1,B3_four_cycle,-1,
32,11,71,1,A1_identity,1,1
32,12,67,-1,B3_four_cycle,-1,
32,13,63,-1,B1_block_swap,1,
32,14,59,-1,B3_four_cycle,-1,
32,15,55,-1,B3_four_cycle,-1,
32,16,51,-1,B1_block_swap,1,
32,17,47,1,A1_identity,1,1
32,18,43,1,A1_identity,1,1
32,19,39,-1,B1_block_swap,1,
32,20,35,-1,B1_block_swap,1,
32,21,31,1,A3_sigma1sigma2,-1,-1
32,22,27,-1,B1_block_swap,1,
32,23,23,1,A1_identity,1,1
32,24,19,1,A2_sigma_i,-1,1
32,25,15,-1,B3_four_cycle,-1,
32,26,11,-1,B1_block_swap,1,
32,27,7,-1,B3_four_cycle,-1,
32,28,3,-1,B1_block_swap,1,
32,29,100,1,A2_sigma_i,-1,1
32,30,96,1,A2_sigma_i,1,-1
32,31,92,1,A1_identity,1,1
32,32,88,1,A2_sigma_i,1,-1
32,33,84,1,A3_sigma1sigma2,-1,-1
32,34,80,1,A1_identity,1,1
32,35,76,1,A3_sigma1sigma2,-1,-1
32,36,72,-1,B1_block_swap,1,
32,37,68,1,A4_ramified_A,,
32,38,64,1,A2_sigma_i,1,-1
32,39,60,-1,B3_four_cycle,-1,
32,40,56,1,A3_sigma1sigma2,-1,-1
32,41,52,1,A3_sigma1sigma2,-1,-1
32,42,48,-1,B1_block_swap,1,
32,43,44,-1,B1_block_swap,1,
32,44,40,-1,B3_four_cycle,-1,
32,45,36,1,A2_sigma_i,-1,1
32,46,32,-1,B3_four_cycle,-1,
32,47,28,-1,B3_four_cycle,-1,
32,48,24,1,A1_identity,1,1
32,49,20,1,A2_sigma_i,1,-1
32,50,16,1,A2_sigma_i,-1,1
32,51,12,-1,B1_block_swap,1,
32,52,8,-1,B3_four_cycle,-1,
32,53,4,1,A2_sigma_i,-1,1
32,54,0,0,double_root,,
32,55,97,1,A2_sigma_i,-1,1
32,56,93,-1,B1_block_swap,1,
32,57,89,-1,B3_four_cycle,-1,
32,58,85,1,A2_sigma_i,-1,1
32,59,81,1,A3_sigma1sigma2,-1,-1
32,60,77,1,A2_sigma_i,-1,1
32,61,73,-1,B3_four_cycle,-1,
32,62,69,-1,B1_block_swap,1,
32,63,65,1,A2_sigma_i,1,-1
32,64,61,-1,B1_block_swap,1,
32,65,57,-1,B1_block_swap,1,
32,66,53,-1,B3_four_cycle,-1,
32,67,49,1,A2_sigma_i,1,-1
32,68,45,1,A1_identity,1,1
32,69,41,-1,B1_block_swap,1,
32,70,37,1,A4_ramified_A,,
32,71,33,1,A1_identity,1,1
32,72,29,-1,B1_block_swap,1,
32,73,25,1,A2_sigma_i,1,-1
32,74,21,1,A2_sigma_i,1,-1
32,75,17,1,A1_identity,1,1
32,76,13,1,A1_identity,1,1
32,77,9,1,A2_sigma_i,1,-1
32,78,5,1,A1_identity,1,1
32,79,1,1,A2_sigma_i,1,-1
32,80,98,-1,B3_four_cycle,-1,
32,81,94,-1,B1_block_swap,1,
32,82,90,-1,B3_four_cycle,-1,
32,83,86,-1,B3_four_cycle,-1,
32,84,82,1,A3_sigma1sigma2,-1,-1
32,85,78,1,A2_sigma_i,1,-1
32,86,74,-1,B1_block_swap,1,
32,87,70,1,A2_sigma_i,1,-1
32,88,66,-1,B3_four_cycle,-1,
32,89,62,-1,B1_block_swap,1,
32,90,58,1,A2_sigma_i,-1,1
32,91,54,1,A2_sigma_i,1,-1
32,92,50,-1,B1_block_swap,1,
32,93,46,-1,B3_four_cycle,-1,
32,94,42,-1,B3_four_cycle,-1,
32,95,38,-1,B3_four_cycle,-1,
32,96,34,-1,B3_four_cycle,-1,
32,97,30,1,A3_sigma1sigma2,-1,-1
32,98,26,-1,B1_block_swap,1,
32,99,22,1,A1_identity,1,1
32,100,18,-1,B1_block_swap,1,
33,0,79,1,A1_identity,1,1
33,1,75,-1,B1_block_swap,1,
33,2,71,1,A2_sigma_i,-1,1
33,3,67,-1,B3_four_cycle,-1,
33,4,63,-1,B3_four_cycle,-1,
33,5,59,-1,B3_four_cycle,-1,
33,6,55,-1,B3_four_cycle,-1,
33,7,51,-1,B1_block_swap,1,
33,8,47,1,A2_sigma_i,-1,1
33,9,43,1,A1_identity,1,1
33,10,39,-1,B3_four_cycle,-1,
33,11,35,-1,B3_four_cycle,-1,
33,12,31,1,A1_identity,1,1
33,13,27,-1,B1_block_swap,1,
33,14,23,1,A2_sigma_i,-1,1
33,15,19,1,A1_identity,1,1
33,16,15,-1,B3_four_cycle,-1,
33,17,11,-1,B3_four_cycle,-1,
33,18,7,-1,B3_four_cycle,-1,
33,19,3,-1,B3_four_cycle,-1,
33,20,100,1,A3_sigma1sigma2,-1,-1
33,21,96,1,A2_sigma_i,-1,1
33,22,92,1,A2_sigma_i,1,-1
33,23,88,1,A3_sigma1sigma2,-1,-1
33,24,84,1,A2_sigma_i,-1,1
33,25,80,1,A4_ramified_A,,
33,26,76,1,A2_sigma_i,1,-1
33,27,72,-1,B1_block_swap,1,
33,28,68,1,A2_sigma_i,1,-1
33,29,64,1,A2_sigma_i,-1,1
33,30,60,-1,B3_four_cycle,-1,
33,31,56,1,A3_sigma1sigma2,-1,-1
33,32,52,1,A2_sigma_i,-1,1
33,33,48,-1,B1_block_swap,1,
33,34,44,-1,B3_four_cycle,-1,
33,35,40,-1,B3_four_cycle,-1,
33,36,36,1,A3_sigma1sigma2,-1,-1
33,37,32,-1,B3_four_cycle,-1,
33,38,28,-1,B1_block_swap,1,
33,39,24,1,A1_identity,1,1
33,40,20,1,A2_sigma_i,-1,1
33,41,16,1,A1_identity,1,1
33,42,12,-1,B1_block_swap,1,
33,43,8,-1,B3_four_cycle,-1,
33,44,4,1,A3_sigma1sigma2,-1,-1
33,45,0,0,double_root,,
33,46,97,1,A1_identity,1,1
33,47,93,-1,B1_block_swap,1,
33,48,89,-1,B3_four_cycle,-1,
33,49,85,1,A3_sigma1sigma2,-1,-1
33,50,81,1,A2_sigma_i,-1,1
33,51,77,1,A1_identity,1,1
33,52,73,-1,B3_four_cycle,-1,
33,53,69,-1,B3_four_cycle,-1,
33,54,65,1,A1_identity,1,1
33,55,61,-1,B3_four_cycle,-1,
33,56,57,-1,B1_block_swap,1,
33,57,53,-1,B1_block_swap,1,
33,58,49,1,A2_sigma_i,-1,1
33,59,45,1,A2_sigma_i,1,-1
33,60,41,-1,B1_block_swap,1,
33,61,37,1,A2_sigma_i,-1,1
33,62,33,1,A1_identity,1,1
33,63,29,-1,B1_block_swap,1,
33,64,25,1,A2_sigma_i,1,-1
33,65,21,1,A3_sigma1sigma2,-1,-1
33,66,17,1,A2_sigma_i,1,-1
33,67,13,1,A2_sigma_i,1,-1
33,68,9,1,A2_sigma_i,-1,1
33,69,5,1,A1_identity,1,1
33,70,1,1,A1_identity,1,1
33,71,98,-1,B1_block_swap,1,
33,72,94,-1,B1_block_swap,1,
33,73,90,-1,B1_block_swap,1,
33,74,86,-1,B1_block_swap,1,
33,75,82,1,A2_sigma_i,1,-1
33,76,78,1,A3_sigma1sigma2,-1,-1
33,77,74,-1,B3_four_cycle,-1,
33,78,70,1,A1_identity,1,1
33,79,66,-1,B3_four_cycle,-1,
33,80,62,-1,B1_block_swap,1,
33,81,58,1,A2_sigma_i,1,-1
33,82,54,1,A1_identity,1,1
33,83,50,-1,B1_block_swap,1,
33,84,46,-1,B3_four_cycle,-1,
33,85,42,-1,B3_four_cycle,-1,
33,86,38,-1,B3_four_cycle,-1,
33,87,34,-1,B1_block_swap,1,
33,88,30,1,A4_ramified_A,,
33,89,26,-1,B3_four_cycle,-1,
33,90,22,1,A3_sigma1sigma2,-1,-1
33,91,18,-1,B1_block_swap,1,
33,92,14,1,A2_sigma_i,-1,1
33,93,10,-1,B1_block_swap,1,
33,94,6,1,A3_sigma1sigma2,-1,-1
33,95,2,-1,B1_block_swap,1,
33,96,99,-1,B3_four_cycle,-1,
33,97,95,1,A4_ramified_A,,
33,98,91,-1,B1_block_swap,1,
33,99,87,1,A2_sigma_i,-1,1
33,100,83,-1,B3_four_cycle,-1,
34,0,45,1,A2_sigma_i,-1,1
34,1,41,-1,B1_block_swap,1,
34,2,37,1,A1_identity,1,1
34,3,33,1,A2_sigma_i,-1,1
34,4,29,-1,B3_four_cycle,-1,
34,5,25,1,A2_sigma_i,-1,1
34,6,21,1,A2_sigma_i,1,-1
34,7,17,1,A1_identity,1,1
34,8,13,1,A3_sigma1sigma2,-1,-1
34,9,9,1,A2_sigma_i,-1,1
34,10,5,1,A3_sigma1sigma2,-1,-1
34,11,1,1,A2_sigma_i,-1,1
34,12,98,-1,B3_four_cycle,-1,
34,13,94,-1,B3_four_cycle,-1,
34,14,90,-1,B3_four_cycle,-1,
34,15,86,-1,B1_block_swap,1,
34,16,82,1,A3_sigma1sigma2,-1,-1
34,17,78,1,A2_sigma_i,1,-1
34,18,74,-1,B3_four_cycle,-1,
34,19,70,1,A2_sigma_i,-1,1
34,20,66,-1,B1_block_swap,1,
34,21,62,-1,B1_block_swap,1,
34,22,58,1,A2_sigma_i,1,-1
34,23,54,1,A2_sigma_i,1,-1
34,24,50,-1,B1_block_swap,1,
34,25,46,-1,B3_four_cycle,-1,
34,26,42,-1,B3_four_cycle,-1,
34,27,38,-1,B1_block_swap,1,
34,28,34,-1,B1_block_swap,1,
34,29,30,1,A3_sigma1sigma2,-1,-1
34,30,26,-1,B1_block_swap,1,
34,31,22,1,A1_identity,1,1
34,32,18,-1,B3_four_cycle,-1,
34,33,14,1,A1_identity,1,1
34,34,10,-1,B3_four_cycle,-1,
34,35,6,1,A3_sigma1sigma2,-1,-1
34,36,2,-1,B1_block_swap,1,
34,37,99,-1,B3_four_cycle,-1,
34,38,95,1,A1_identity,1,1
34,39,91,-1,B1_block_swap,1,
34,40,87,1,A2_sigma_i,1,-1
34,41,83,-1,B3_four_cycle,-1,
34,42,79,1,A2_sigma_i,-1,1
34,43,75,-1,B3_four_cycle,-1,
34,44,71,1,A1_identity,1,1
34,45,67,-1,B1_block_swap,1,
34,46,63,-1,B3_four_cycle,-1,
34,47,59,-1,B1_block_swap,1,
34,48,55,-1,B3_four_cycle,-1,
34,49,51,-1,B1_block_swap,1,
34,50,47,1,A1_identity,1,1
34,51,43,1,A3_sigma1sigma2,-1,-1
34,52,39,-1,B3_four_cycle,-1,
34,53,35,-1,B1_block_swap,1,
34,54,31,1,A1_identity,1,1
34,55,27,-1,B1_block_swap,1,
34,56,23,1,A4_ramified_A,,
34,57,19,1,A1_identity,1,1
34,58,15,-1,B1_block_swap,1,
34,59,11,-1,B3_four_cycle,-1,
34,60,7,-1,B1_block_swap,1,
34,61,3,-1,B3_four_cycle,-1,
34,62,100,1,A2_sigma_i,-1,1
34,63,96,1,A2_sigma_i,-1,1
34,64,92,1,A2_sigma_i,1,-1
34,65,88,1,A2_sigma_i,1,-1
34,66,84,1,A2_sigma_i,-1,1
34,67,80,1,A2_sigma_i,-1,1
34,68,76,1,A2_sigma_i,-1,1
34,69,72,-1,B3_four_cycle,-1,
34,70,68,1,A1_identity,1,1
34,71,64,1,A2_sigma_i,1,-1
34,72,60,-1,B1_block_swap,1,
34,73,56,1,A4_ramified_A,,
34,74,52,1,A1_identity,1,1
34,75,48,-1,B3_four_cycle,-1,
34,76,44,-1,B3_four_cycle,-1,
34,77,40,-1,B1_block_swap,1,
34,78,36,1,A2_sigma_i,-1,1
34,79,32,-1,B3_four_cycle,-1,
34,80,28,-1,B3_four_cycle,-1,
34,81,24,1,A4_ramified_A,,
34,82,20,1,A2_sigma_i,-1,1
34,83,16,1,A2_sigma_i,-1,1
34,84,12,-1,B3_four_cycle,-1,
34,85,8,-1,B1_block_swap,1,
34,86,4,1,A1_identity,1,1
34,87,0,0,double_root,,
34,88,97,1,A2_sigma_i,-1,1
34,89,93,-1,B3_four_cycle,-1,
34,90,89,-1,B3_four_cycle,-1,
34,91,85,1,A2_sigma_i,1,-1
34,92,81,1,A2_sigma_i,1,-1
34,93,77,1,A2_sigma_i,1,-1
34,94,73,-1,B3_four_cycle,-1,
34,95,69,-1,B3_four_cycle,-1,
34,96,65,1,A3_sigma1sigma2,-1,-1
34,97,61,-1,B3_four_cycle,-1,
34,98,57,-1,B3_four_cycle,-1,
34,99,53,-1,B1_block_swap,1,
34,100,49,1,A3_sigma1sigma2,-1,-1
35,0,13,1,A2_sigma_i,1,-1
35,1,9,1,A1_identity,1,1
35,2,5,1,A2_sigma_i,1,-1
35,3,1,1,A1_identity,1,1
35,4,98,-1,B1_block_swap,1,
35,5,94,-1,B1_block_swap,1,
35,6,90,-1,B1_block_swap,1,
35,7,86,-1,B3_four_cycle,-1,
35,8,82,1,A2_sigma_i,1,-1
35,9,78,1,A2_sigma_i,-1,1
35,10,74,-1,B1_block_swap,1,
35,11,70,1,A1_identity,1,1
35,12,66,-1,B1_block_swap,1,
35,13,62,-1,B3_four_cycle,-1,
35,14,58,1,A2_sigma_i,1,-1
35,15,54,1,A4_ramified_A,,
35,16,50,-1,B3_four_cycle,-1,
35,17,46,-1,B1_block_swap,1,
35,18,42,-1,B3_four_cycle,-1,
35,19,38,-1,B3_four_cycle,-1,
35,20,34,-1,B3_four_cycle,-1,
35,21,30,1,A2_sigma_i,1,-1
35,22,26,-1,B3_four_cycle,-1,
35,23,22,1,A1_identity,1,1
35,24,18,-1,B1_block_swap,1,
35,25,14,1,A1_identity,1,1
35,26,10,-1,B3_four_cycle,-1,
35,27,6,1,A2_sigma_i,1,-1
35,28,2,-1,B3_four_cycle,-1,
35,29,99,-1,B1_block_swap,1,
35,30,95,1,A1_identity,1,1
35,31,91,-1,B3_four_cycle,-1,
35,32,87,1,A2_sigma_i,-1,1
35,33,83,-1,B1_block_swap,1,
35,34,79,1,A2_sigma_i,1,-1
35,35,75,-1,B1_block_swap,1,
35,36,71,1,A4_ramified_A,,
35,37,67,-1,B1_block_swap,1,
35,38,63,-1,B3_four_cycle,-1,
35,39,59,-1,B3_four_cycle,-1,
35,40,55,-1,B3_four_cycle,-1,
35,41,51,-1,B3_four_cycle,-1,
35,42,47,1,A2_sigma_i,1,-1
35,43,43,1,A2_sigma_i,1,-1
35,44,39,-1,B1_block_swap,1,
35,45,35,-1,B1_block_swap,1,
35,46,31,1,A1_identity,1,1
35,47,27,-1,B3_four_cycle,-1,
35,48,23,1,A1_identity,1,1
35,49,19,1,A2_sigma_i,-1,1
35,50,15,-1,B1_block_swap,1,
35,51,11,-1,B1_block_swap,1,
35,52,7,-1,B1_block_swap,1,
35,53,3,-1,B3_four_cycle,-1,
35,54,100,1,A1_identity,1,1
35,55,96,1,A3_sigma1sigma2,-1,-1
35,56,92,1,A1_identity,1,1
35,57,88,1,A2_sigma_i,1,-1
35,58,84,1,A4_ramified_A,,
35,59,80,1,A2_sigma_i,1,-1
35,60,76,1,A2_sigma_i,1,-1
35,61,72,-1,B1_block_swap,1,
35,62,68,1,A2_sigma_i,-1,1
35,63,64,1,A3_sigma1sigma2,-1,-1
35,64,60,-1,B3_four_cycle,-1,
35,65,56,1,A2_sigma_i,-1,1
35,66,52,1,A1_identity,1,1
35,67,48,-1,B1_block_swap,1,
35,68,44,-1,B3_four_cycle,-1,
35,69,40,-1,B3_four_cycle,-1,
35,70,36,1,A2_sigma_i,1,-1
35,71,32,-1,B3_four_cycle,-1,
35,72,28,-1,B3_four_cycle,-1,
35,73,24,1,A2_sigma_i,-1,1
35,74,20,1,A3_sigma1sigma2,-1,-1
35,75,16,1,A3_sigma1sigma2,-1,-1
35,76,12,-1,B3_four_cycle,-1,
35,77,8,-1,B1_block_swap,1,
35,78,4,1,A1_identity,1,1
35,79,0,0,double_root,,
35,80,97,1,A2_sigma_i,-1,1
35,81,93,-1,B3_four_cycle,-1,
35,82,89,-1,B1_block_swap,1,
35,83,85,1,A3_sigma1sigma2,-1,-1
35,84,81,1,A2_sigma_i,-1,1
35,85,77,1,A2_sigma_i,-1,1
35,86,73,-1,B1_block_swap,1,
35,87,69,-1,B3_four_cycle,-1,
35,88,65,1,A2_sigma_i,-1,1
35,89,61,-1,B1_block_swap,1,
35,90,57,-1,B1_block_swap,1,
35,91,53,-1,B3_four_cycle,-1,
35,92,49,1,A2_sigma_i,-1,1
35,93,45,1,A3_sigma1sigma2,-1,-1
35,94,41,-1,B1_block_swap,1,
35,95,37,1,A2_sigma_i,-1,1
35,96,33,1,A3_sigma1sigma2,-1,-1
35,97,29,-1,B1_block_swap,1,
35,98,25,1,A2_sigma_i,1,-1
35,99,21,1,A1_identity,1,1
35,100,17,1,A2_sigma_i,-1,1
36,0,84,1,A2_sigma_i,-1,1
36,1,80,1,A2_sigma_i,-1,1
36,2,76,1,A2_sigma_i,-1,1
36,3,72,-1,B3_four_cycle,-1,
36,4,68,1,A2_sigma_i,-1,1
36,5,64,1,A2_sigma_i,1,-1
36,6,60,-1,B1_block_swap,1,
36,7,56,1,A3_sigma1sigma2,-1,-1
36,8,52,1,A1_identity,1,1
36,9,48,-1,B3_four_cycle,-1,
36,10,44,-1,B1_block_swap,1,
36,11,40,-1,B3_four_cycle,-1,
36,12,36,1,A2_sigma_i,-1,1
36,13,32,-1,B3_four_cycle,-1,
36,14,28,-1,B1_block_swap,1,
36,15,24,1,A1_identity,1,1
36,16,20,1,A1_identity,1,1
36,17,16,1,A1_identity,1,1
36,18,12,-1,B1_block_swap,1,
36,19,8,-1,B3_four_cycle,-1,
36,20,4,1,A1_identity,1,1
36,21,0,0,double_root,,
36,22,97,1,A2_sigma_i,-1,1
36,23,93,-1,B3_four_cycle,-1,
36,24,89,-1,B3_four_cycle,-1,
36,25,85,1,A2_sigma_i,1,-1
36,26,81,1,A2_sigma_i,-1,1
36,27,77,1,A2_sigma_i,-1,1
36,28,73,-1,B3_four_cycle,-1,
36,29,69,-1,B1_block_swap,1,
36,30,65,1,A2_sigma_i,-1,1
36,31,61,-1,B3_four_cycle,-1,
36,32,57,-1,B1_block_swap,1,
36,33,53,-1,B3_four_cycle,-1,
36,34,49,1,A2_sigma_i,1,-1
36,35,45,1,A2_sigma_i,-1,1
36,36,41,-1,B1_block_swap,1,
36,37,37,1,A3_sigma1sigma2,-1,-1
36,38,33,1,A1_identity,1,1
36,39,29,-1,B3_four_cycle,-1,
36,40,25,1,A3_sigma1sigma2,-1,-1
36,41,21,1,A2_sigma_i,1,-1
36,42,17,1,A2_sigma_i,-1,1
36,43,13,1,A4_ramified_A,,
36,44,9,1,A2_sigma_i,1,-1
36,45,5,1,A2_sigma_i,1,-1
36,46,1,1,A2_sigma_i,1,-1
36,47,98,-1,B3_four_cycle,-1,
36,48,94,-1,B1_block_swap,1,
36,49,90,-1,B3_four_cycle,-1,
36,50,86,-1,B1_block_swap,1,
36,51,82,1,A1_identity,1,1
36,52,78,1,A2_sigma_i,1,-1
36,53,74,-1,B1_block_swap,1,
36,54,70,1,A1_identity,1,1
36,55,66,-1,B3_four_cycle,-1,
36,56,62,-1,B1_block_swap,1,
36,57,58,1,A1_identity,1,1
36,58,54,1,A1_identity,1,1
36,59,50,-1,B1_block_swap,1,
36,60,46,-1,B1_block_swap,1,
36,61,42,-1,B3_four_cycle,-1,
36,62,38,-1,B1_block_swap,1,
36,63,34,-1,B1_block_swap,1,
36,64,30,1,A1_identity,1,1
36,65,26,-1,B1_block_swap,1,
36,66,22,1,A2_sigma_i,-1,1
36,67,18,-1,B3_four_cycle,-1,
36,68,14,1,A2_sigma_i,1,-1
36,69,10,-1,B3_four_cycle,-1,
36,70,6,1,A2_sigma_i,-1,1
36,71,2,-1,B3_four_cycle,-1,
36,72,99,-1,B1_block_swap,1,
36,73,95,1,A2_sigma_i,-1,1
36,74,91,-1,B3_four_cycle,-1,
36,75,87,1,A4_ramified_A,,
36,76,83,-1,B1_block_swap,1,
36,77,79,1,A2_sigma_i,1,-1
36,78,75,-1,B1_block_swap,1,
36,79,71,1,A3_sigma1sigma2,-1,-1
36,80,67,-1,B3_four_cycle,-1,
36,81,63,-1,B1_block_swap,1,
36,82,59,-1,B3_four_cycle,-1,
36,83,55,-1,B1_block_swap,1,
36,84,51,-1,B1_block_swap,1,
36,85,47,1,A2_sigma_i,1,-1
36,86,43,1,A2_sigma_i,1,-1
36,87,39,-1,B1_block_swap,1,
36,88,35,-1,B1_block_swap,1,
36,89,31,1,A3_sigma1sigma2,-1,-1
36,90,27,-1,B1_block_swap,1,
36,91,23,1,A2_sigma_i,1,-1
36,92,19,1,A4_ramified_A,,
36,93,15,-1,B1_block_swap,1,
36,94,11,-1,B1_block_swap,1,
36,95,7,-1,B3_four_cycle,-1,
36,96,3,-1,B3_four_cycle,-1,
36,97,100,1,A3_sigma1sigma2,-1,-1
36,98,96,1,A2_sigma_i,-1,1
36,99,92,1,A2_sigma_i,-1,1
36,100,88,1,A3_sigma1sigma2,-1,-1
37,0,56,1,A1_identity,1,1
37,1,52,1,A3_sigma1sigma2,-1,-1
37,2,48,-1,B1_block_swap,1,
37,3,44,-1,B3_four_cycle,-1,
37,4,40,-1,B1_block_swap,1,
37,5,36,1,A3_sigma1sigma2,-1,-1
37,6,32,-1,B1_block_swap,1,
37,7,28,-1,B1_block_swap,1,
37,8,24,1,A3_sigma1sigma2,-1,-1
37,9,20,1,A2_sigma_i,-1,1
37,10,16,1,A2_sigma_i,1,-1
37,11,12,-1,B1_block_swap,1,
37,12,8,-1,B3_four_cycle,-1,
37,13,4,1,A3_sigma1sigma2,-1,-1
37,14,0,0,double_root,,
37,15,97,1,A2_sigma_i,1,-1
37,16,93,-1,B1_block_swap,1,
37,17,89,-1,B3_four_cycle,-1,
37,18,85,1,A1_identity,1,1
37,19,81,1,A3_sigma1sigma2,-1,-1
37,20,77,1,A1_identity,1,1
37,21,73,-1,B1_block_swap,1,
37,22,69,-1,B3_four_cycle,-1,
37,23,65,1,A2_sigma_i,-1,1
37,24,61,-1,B3_four_cycle,-1,
37,25,57,-1,B3_four_cycle,-1,
37,26,53,-1,B1_block_swap,1,
37,27,49,1,A2_sigma_i,-1,1
37,28,45,1,A4_ramified_A,,
37,29,41,-1,B3_four_cycle,-1,
37,30,37,1,A2_sigma_i,-1,1
37,31,33,1,A1_identity,1,1
37,32,29,-1,B1_block_swap,1,
37,33,25,1,A1_identity,1,1
37,34,21,1,A4_ramified_A,,
37,35,17,1,A3_sigma1sigma2,-1,-1
37,36,13,1,A2_sigma_i,1,-1
37,37,9,1,A1_identity,1,1
37,38,5,1,A2_sigma_i,1,-1
37,39,1,1,A1_identity,1,1
37,40,98,-1,B1_block_swap,1,
37,41,94,-1,B3_four_cycle,-1,
37,42,90,-1,B3_four_cycle,-1,
37,43,86,-1,B3_four_cycle,-1,
37,44,82,1,A3_sigma1sigma2,-1,-1
37,45,78,1,A1_identity,1,1
37,46,74,-1,B1_block_swap,1,
37,47,70,1,A4_ramified_A,,
37,48,66,-1,B1_block_swap,1,
37,49,62,-1,B1_block_swap,1,
37,50,58,1,A2_sigma_i,1,-1
37,51,54,1,A1_identity,1,1
37,52,50,-1,B3_four_cycle,-1,
37,53,46,-1,B1_block_swap,1,
37,54,42,-1,B1_block_swap,1,
37,55,38,-1,B1_block_swap,1,
37,56,34,-1,B3_four_cycle,-1,
37,57,30,1,A3_sigma1sigma2,-1,-1
37,58,26,-1,B3_four_cycle,-1,
37,59,22,1,A2_sigma_i,-1,1
37,60,18,-1,B1_block_swap,1,
37,61,14,1,A2_sigma_i,1,-1
37,62,10,-1,B3_four_cycle,-1,
37,63,6,1,A1_identity,1,1
37,64,2,-1,B1_block_swap,1,
37,65,99,-1,B3_four_cycle,-1,
37,66,95,1,A3_sigma1sigma2,-1,-1
37,67,91,-1,B3_four_cycle,-1,
37,68,87,1,A1_identity,1,1
37,69,83,-1,B1_block_swap,1,
37,70,79,1,A2_sigma_i,1,-1
37,71,75,-1,B1_block_swap,1,
37,72,71,1,A1_identity,1,1
37,73,67,-1,B1_block_swap,1,
37,74,63,-1,B3_four_cycle,-1,
37,75,59,-1,B1_block_swap,1,
37,76,55,-1,B3_four_cycle,-1,
37,77,51,-1,B1_block_swap,1,
37,78,47,1,A3_sigma1sigma2,-1,-1
37,79,43,1,A1_identity,1,1
37,80,39,-1,B3_four_cycle,-1,
37,81,35,-1,B1_block_swap,1,
37,82,31,1,A3_sigma1sigma2,-1,-1
37,83,27,-1,B3_four_cycle,-1,
37,84,23,1,A2_sigma_i,-1,1
37,85,19,1,A2_sigma_i,1,-1
37,86,15,-1,B3_four_cycle,-1,
37,87,11,-1,B3_four_cycle,-1,
37,88,7,-1,B1_block_swap,1,
37,89,3,-1,B3_four_cycle,-1,
37,90,100,1,A2_sigma_i,-1,1
37,91,96,1,A2_sigma_i,-1,1
37,92,92,1,A1_identity,1,1
37,93,88,1,A1_identity,1,1
37,94,84,1,A3_sigma1sigma2,-1,-1
37,95,80,1,A2_sigma_i,-1,1
37,96,76,1,A2_sigma_i,1,-1
37,97,72,-1,B3_four_cycle,-1,
37,98,68,1,A2_sigma_i,-1,1
37,99,64,1,A1_identity,1,1
37,100,60,-1,B3_four_cycle,-1,
38,0,30,1,A1_identity,1,1
38,1,26,-1,B1_block_swap,1,
38,2,22,1,A4_ramified_A,,
38,3,18,-1,B1_block_swap,1,
38,4,14,1,A3_sigma1sigma2,-1,-1
38,5,10,-1,B3_four_cycle,-1,
38,6,6,1,A2_sigma_i,1,-1
38,7,2,-1,B1_block_swap,1,
38,8,99,-1,B3_four_cycle,-1,
38,9,95,1,A2_sigma_i,-1,1
38,10,91,-1,B1_block_swap,1,
38,11,87,1,A1_identity,1,1
38,12,83,-1,B3_four_cycle,-1,
38,13,79,1,A4_ramified_A,,
38,14,75,-1,B3_four_cycle,-1,
38,15,71,1,A2_sigma_i,1,-1
38,16,67,-1,B3_four_cycle,-1,
38,17,63,-1,B3_four_cycle,-1,
38,18,59,-1,B1_block_swap,1,
38,19,55,-1,B3_four_cycle,-1,
38,20,51,-1,B3_four_cycle,-1,
38,21,47,1,A3_sigma1sigma2,-1,-1
38,22,43,1,A2_sigma_i,1,-1
38,23,39,-1,B3_four_cycle,-1,
38,24,35,-1,B3_four_cycle,-1,
38,25,31,1,A3_sigma1sigma2,-1,-1
38,26,27,-1,B1_block_swap,1,
38,27,23,1,A2_sigma_i,-1,1
38,28,19,1,A2_sigma_i,-1,1
38,29,15,-1,B3_four_cycle,-1,
38,30,11,-1,B3_four_cycle,-1,
38,31,7,-1,B3_four_cycle,-1,
38,32,3,-1,B3_four_cycle,-1,
38,33,100,1,A2_sigma_i,-1,1
38,34,96,1,A1_identity,1,1
38,35,92,1,A2_sigma_i,1,-1
38,36,88,1,A2_sigma_i,1,-1
38,37,84,1,A1_identity,1,1
38,38,80,1,A3_sigma1sigma2,-1,-1
38,39,76,1,A1_identity,1,1
38,40,72,-1,B1_block_swap,1,
38,41,68,1,A2_sigma_i,1,-1
38,42,64,1,A3_sigma1sigma2,-1,-1
38,43,60,-1,B1_block_swap,1,
38,44,56,1,A3_sigma1sigma2,-1,-1
38,45,52,1,A2_sigma_i,-1,1
38,46,48,-1,B1_block_swap,1,
38,47,44,-1,B3_four_cycle,-1,
38,48,40,-1,B3_four_cycle,-1,
38,49,36,1,A1_identity,1,1
38,50,32,-1,B1_block_swap,1,
38,51,28,-1,B3_four_cycle,-1,
38,52,24,1,A2_sigma_i,-1,1
38,53,20,1,A2_sigma_i,-1,1
38,54,16,1,A1_identity,1,1
38,55,12,-1,B3_four_cycle,-1,
38,56,8,-1,B3_four_cycle,-1,
38,57,4,1,A1_identity,1,1
38,58,0,0,double_root,,
38,59,97,1,A2_sigma_i,-1,1
38,60,93,-1,B3_four_cycle,-1,
38,61,89,-1,B1_block_swap,1,
38,62,85,1,A1_identity,1,1
38,63,81,1,A1_identity,1,1
38,64,77,1,A1_identity,1,1
38,65,73,-1,B1_block_swap,1,
38,66,69,-1,B1_block_swap,1,
38,67,65,1,A2_sigma_i,1,-1
38,68,61,-1,B3_four_cycle,-1,
38,69,57,-1,B3_four_cycle,-1,
38,70,53,-1,B3_four_cycle,-1,
38,71,49,1,A2_sigma_i,-1,1
38,72,45,1,A2_sigma_i,-1,1
38,73,41,-1,B3_four_cycle,-1,
38,74,37,1,A1_identity,1,1
38,75,33,1,A1_identity,1,1
38,76,29,-1,B3_four_cycle,-1,
38,77,25,1,A2_sigma_i,-1,1
38,78,21,1,A1_identity,1,1
38,79,17,1,A3_sigma1sigma2,-1,-1
38,80,13,1,A2_sigma_i,1,-1
38,81,9,1,A3_sigma1sigma2,-1,-1
38,82,5,1,A3_sigma1sigma2,-1,-1
38,83,1,1,A2_sigma_i,-1,1
38,84,98,-1,B3_four_cycle,-1,
38,85,94,-1,B1_block_swap,1,
38,86,90,-1,B1_block_swap,1,
38,87,86,-1,B1_block_swap,1,
38,88,82,1,A1_identity,1,1
38,89,78,1,A3_sigma1sigma2,-1,-1
38,90,74,-1,B1_block_swap,1,
38,91,70,1,A3_sigma1sigma2,-1,-1
38,92,66,-1,B1_block_swap,1,
38,93,62,-1,B3_four_cycle,-1,
38,94,58,1,A4_ramified_A,,
38,95,54,1,A2_sigma_i,1,-1
38,96,50,-1,B3_four_cycle,-1,
38,97,46,-1,B3_four_cycle,-1,
38,98,42,-1,B1_block_swap,1,
38,99,38,-1,B3_four_cycle,-1,
38,100,34,-1,B3_four_cycle,-1,
39,0,6,1,A1_identity,1,1
39,1,2,-1,B1_block_swap,1,
39,2,99,-1,B3_four_cycle,-1,
39,3,95,1,A1_identity,1,1
39,4,91,-1,B1_block_swap,1,
39,5,87,1,A2_sigma_i,-1,1
39,6,83,-1,B3_four_cycle,-1,
39,7,79,1,A3_sigma1sigma2,-1,-1
39,8,75,-1,B1_block_swap,1,
39,9,71,1,A3_sigma1sigma2,-1,-1
39,10,67,-1,B1_block_swap,1,
39,11,63,-1,B3_four_cycle,-1,
39,12,59,-1,B1_block_swap,1,
39,13,55,-1,B1_block_swap,1,
39,14,51,-1,B1_block_swap,1,
39,15,47,1,A2_sigma_i,-1,1
39,16,43,1,A3_sigma1sigma2,-1,-1
39,17,39,-1,B3_four_cycle,-1,
39,18,35,-1,B1_block_swap,1,
39,19,31,1,A3_sigma1sigma2,-1,-1
39,20,27,-1,B3_four_cycle,-1,
39,21,23,1,A2_sigma_i,-1,1
39,22,19,1,A3_sigma1sigma2,-1,-1
39,23,15,-1,B3_four_cycle,-1,
39,24,11,-1,B3_four_cycle,-1,
39,25,7,-1,B1_block_swap,1,
39,26,3,-1,B3_four_cycle,-1,
39,27,100,1,A1_identity,1,1
39,28,96,1,A3_sigma1sigma2,-1,-1
39,29,92,1,A2_sigma_i,1,-1
39,30,88,1,A1_identity,1,1
39,31,84,1,A2_sigma_i,-1,1
39,32,80,1,A1_identity,1,1
39,33,76,1,A2_sigma_i,-1,1
39,34,72,-1,B1_block_swap,1,
39,35,68,1,A2_sigma_i,-1,1
39,36,64,1,A2_sigma_i,1,-1
39,37,60,-1,B3_four_cycle,-1,
39,38,56,1,A1_identity,1,1
39,39,52,1,A2_sigma_i,-1,1
39,40,48,-1,B1_block_swap,1,
39,41,44,-1,B3_four_cycle,-1,
39,42,40,-1,B1_block_swap,1,
39,43,36,1,A1_identity,1,1
39,44,32,-1,B3_four_cycle,-1,
39,45,28,-1,B3_four_cycle,-1,
39,46,24,1,A2_sigma_i,-1,1
39,47,20,1,A2_sigma_i,-1,1
39,48,16,1,A3_sigma1sigma2,-1,-1
39,49,12,-1,B3_four_cycle,-1,
39,50,8,-1,B1_block_swap,1,
39,51,4,1,A2_sigma_i,1,-1
39,52,0,0,double_root,,
39,53,97,1,A4_ramified_A,,
39,54,93,-1,B1_block_swap,1,
39,55,89,-1,B3_four_cycle,-1,
39,56,85,1,A3_sigma1sigma2,-1,-1
39,57,81,1,A2_sigma_i,-1,1
39,58,77,1,A4_ramified_A,,
39,59,73,-1,B3_four_cycle,-1,
39,60,69,-1,B3_four_cycle,-1,
39,61,65,1,A2_sigma_i,1,-1
39,62,61,-1,B1_block_swap,1,
39,63,57,-1,B3_four_cycle,-1,
39,64,53,-1,B1_block_swap,1,
39,65,49,1,A2_sigma_i,1,-1
39,66,45,1,A2_sigma_i,-1,1
39,67,41,-1,B3_four_cycle,-1,
39,68,37,1,A3_sigma1sigma2,-1,-1
39,69,33,1,A2_sigma_i,-1,1
39,70,29,-1,B1_block_swap,1,
39,71,25,1,A1_identity,1,1
39,72,21,1,A2_sigma_i,-1,1
39,73,17,1,A3_sigma1sigma2,-1,-1
39,74,13,1,A1_identity,1,1
39,75,9,1,A1_identity,1,1
39,76,5,1,A2_sigma_i,-1,1
39,77,1,1,A1_identity,1,1
39,78,98,-1,B1_block_swap,1,
39,79,94,-1,B3_four_cycle,-1,
39,80,90,-1,B3_four_cycle,-1,
39,81,86,-1,B1_block_swap,1,
39,82,82,1,A2_sigma_i,1,-1
39,83,78,1,A1_identity,1,1
39,84,74,-1,B1_block_swap,1,
39,85,70,1,A1_identity,1,1
39,86,66,-1,B3_four_cycle,-1,
39,87,62,-1,B3_four_cycle,-1,
39,88,58,1,A1_identity,1,1
39,89,54,1,A2_sigma_i,1,-1
39,90,50,-1,B3_four_cycle,-1,
39,91,46,-1,B1_block_swap,1,
39,92,42,-1,B3_four_cycle,-1,
39,93,38,-1,B1_block_swap,1,
39,94,34,-1,B3_four_cycle,-1,
39,95,30,1,A2_sigma_i,-1,1
39,96,26,-1,B1_block_swap,1,
39,97,22,1,A2_sigma_i,1,-1
39,98,18,-1,B3_four_cycle,-1,
39,99,14,1,A4_ramified_A,,
39,100,10,-1,B3_four_cycle,-1,
40,0,85,1,A2_sigma_i,-1,1
40,1,81,1,A2_sigma_i,-1,1
40,2,77,1,A3_sigma1sigma2,-1,-1
40,3,73,-1,B3_four_cycle,-1,
40,4,69,-1,B3_four_cycle,-1,
40,5,65,1,A3_sigma1sigma2,-1,-1
40,6,61,-1,B3_four_cycle,-1,
40,7,57,-1,B1_block_swap,1,
40,8,53,-1,B1_block_swap,1,
40,9,49,1,A1_identity,1,1
40,10,45,1,A2_sigma_i,1,-1
40,11,41,-1,B1_block_swap,1,
40,12,37,1,A4_ramified_A,,
40,13,33,1,A4_ramified_A,,
40,14,29,-1,B3_four_cycle,-1,
40,15,25,1,A2_sigma_i,1,-1
40,16,21,1,A2_sigma_i,1,-1
40,17,17,1,A2_sigma_i,1,-1
40,18,13,1,A2_sigma_i,1,-1
40,19,9,1,A2_sigma_i,1,-1
40,20,5,1,A3_sigma1sigma2,-1,-1
40,21,1,1,A3_sigma1sigma2,-1,-1
40,22,98,-1,B1_block_swap,1,
40,23,94,-1,B3_four_cycle,-1,
40,24,90,-1,B3_four_cycle,-1,
40,25,86,-1,B1_block_swap,1,
40,26,82,1,A1_identity,1,1
40,27,78,1,A1_identity,1,1
40,28,74,-1,B3_four_cycle,-1,
40,29,70,1,A2_sigma_i,1,-1
40,30,66,-1,B3_four_cycle,-1,
40,31,62,-1,B1_block_swap,1,
40,32,58,1,A1_identity,1,1
40,33,54,1,A2_sigma_i,1,-1
40,34,50,-1,B3_four_cycle,-1,
40,35,46,-1,B1_block_swap,1,
40,36,42,-1,B3_four_cycle,-1,
40,37,38,-1,B1_block_swap,1,
40,38,34,-1,B1_block_swap,1,
40,39,30,1,A1_identity,1,1
40,40,26,-1,B3_four_cycle,-1,
40,41,22,1,A1_identity,1,1
40,42,18,-1,B1_block_swap,1,
40,43,14,1,A2_sigma_i,1,-1
40,44,10,-1,B1_block_swap,1,
40,45,6,1,A3_sigma1sigma2,-1,-1
40,46,2,-1,B1_block_swap,1,
40,47,99,-1,B1_block_swap,1,
40,48,95,1,A2_sigma_i,-1,1
40,49,91,-1,B3_four_cycle,-1,
40,50,87,1,A3_sigma1sigma2,-1,-1
40,51,83,-1,B1_block_swap,1,
40,52,79,1,A2_sigma_i,1,-1
40,53,75,-1,B1_block_swap,1,
40,54,71,1,A3_sigma1sigma2,-1,-1
40,55,67,-1,B1_block_swap,1,
40,56,63,-1,B1_block_swap,1,
40,57,59,-1,B1_block_swap,1,
40,58,55,-1,B1_block_swap,1,
40,59,51,-1,B3_four_cycle,-1,
40,60,47,1,A2_sigma_i,-1,1
40,61,43,1,A2_sigma_i,1,-1
40,62,39,-1,B3_four_cycle,-1,
40,63,35,-1,B1_block_swap,1,
40,64,31,1,A2_sigma_i,1,-1
40,65,27,-1,B3_four_cycle,-1,
40,66,23,1,A1_identity,1,1
40,67,19,1,A2_sigma_i,1,-1
40,68,15,-1,B3_four_cycle,-1,
40,69,11,-1,B1_block_swap,1,
40,70,7,-1,B3_four_cycle,-1,
40,71,3,-1,B3_four_cycle,-1,
40,72,100,1,A2_sigma_i,-1,1
40,73,96,1,A2_sigma_i,1,-1
40,74,92,1,A2_sigma_i,1,-1
40,75,88,1,A3_sigma1sigma2,-1,-1
40,76,84,1,A1_identity,1,1
40,77,80,1,A2_sigma_i,-1,1
40,78,76,1,A2_sigma_i,1,-1
40,79,72,-1,B1_block_swap,1,
40,80,68,1,A2_sigma_i,-1,1
40,81,64,1,A1_identity,1,1
40,82,60,-1,B1_block_swap,1,
40,83,56,1,A1_identity,1,1
40,84,52,1,A4_ramified_A,,
40,85,48,-1,B1_block_swap,1,
40,86,44,-1,B3_four_cycle,-1,
40,87,40,-1,B3_four_cycle,-1,
40,88,36,1,A2_sigma_i,1,-1
40,89,32,-1,B1_block_swap,1,
40,90,28,-1,B1_block_swap,1,
40,91,24,1,A2_sigma_i,1,-1
40,92,20,1,A2_sigma_i,1,-1
40,93,16,1,A1_identity,1,1
40,94,12,-1,B3_four_cycle,-1,
40,95,8,-1,B1_block_swap,1,
40,96,4,1,A1_identity,1,1
40,97,0,0,double_root,,
40,98,97,1,A2_sigma_i,1,-1
40,99,93,-1,B1_block_swap,1,
40,100,89,-1,B1_block_swap,1,
41,0,65,1,A2_sigma_i,1,-1
41,1,61,-1,B1_block_swap,1,
41,2,57,-1,B1_block_swap,1,
41,3,53,-1,B3_four_cycle,-1,
41,4,49,1,A1_identity,1,1
41,5,45,1,A2_sigma_i,-1,1
41,6,41,-1,B3_four_cycle,-1,
41,7,37,1,A1_identity,1,1
41,8,33,1,A3_sigma1sigma2,-1,-1
41,9,29,-1,B3_four_cycle,-1,
41,10,25,1,A2_sigma_i,-1,1
41,11,21,1,A2_sigma_i,1,-1
41,12,17,1,A2_sigma_i,-1,1
41,13,13,1,A2_sigma_i,-1,1
41,14,9,1,A1_identity,1,1
41,15,5,1,A2_sigma_i,-1,1
41,16,1,1,A1_identity,1,1
41,17,98,-1,B3_four_cycle,-1,
41,18,94,-1,B1_block_swap,1,
41,19,90,-1,B3_four_cycle,-1,
41,20,86,-1,B1_block_swap,1,
41,21,82,1,A2_sigma_i,-1,1
41,22,78,1,A2_sigma_i,1,-1
41,23,74,-1,B1_block_swap,1,
41,24,70,1,A2_sigma_i,1,-1
41,25,66,-1,B1_block_swap,1,
41,26,62,-1,B3_four_cycle,-1,
41,27,58,1,A3_sigma1sigma2,-1,-1
41,28,54,1,A2_sigma_i,-1,1
41,29,50,-1,B1_block_swap,1,
41,30,46,-1,B3_four_cycle,-1,
41,31,42,-1,B3_four_cycle,-1,
41,32,38,-1,B3_four_cycle,-1,
41,33,34,-1,B3_four_cycle,-1,
41,34,30,1,A2_sigma_i,1,-1
41,35,26,-1,B1_block_swap,1,
41,36,22,1,A3_sigma1sigma2,-1,-1
41,37,18,-1,B3_four_cycle,-1,
41,38,14,1,A2_sigma_i,1,-1
41,39,10,-1,B1_block_swap,1,
41,40,6,1,A2_sigma_i,-1,1
41,41,2,-1,B1_block_swap,1,
41,42,99,-1,B1_block_swap,1,
41,43,95,1,A2_sigma_i,-1,1
41,44,91,-1,B3_four_cycle,-1,
41,45,87,1,A2_sigma_i,-1,1
41,46,83,-1,B3_four_cycle,-1,
41,47,79,1,A1_identity,1,1
41,48,75,-1,B1_block_swap,1,
41,49,71,1,A1_identity,1,1
41,50,67,-1,B1_block_swap,1,
41,51,63,-1,B1_block_swap,1,
41,52,59,-1,B1_block_swap,1,
41,53,55,-1,B1_block_swap,1,
41,54,51,-1,B3_four_cycle,-1,
41,55,47,1,A3_sigma1sigma2,-1,-1
41,56,43,1,A1_identity,1,1
41,57,39,-1,B3_four_cycle,-1,
41,58,35,-1,B1_block_swap,1,
41,59,31,1,A1_identity,1,1
41,60,27,-1,B3_four_cycle,-1,
41,61,23,1,A2_sigma_i,-1,1
41,62,19,1,A2_sigma_i,1,-1
41,63,15,-1,B1_block_swap,1,
41,64,11,-1,B3_four_cycle,-1,
41,65,7,-1,B3_four_cycle,-1,
41,66,3,-1,B1_block_swap,1,
41,67,100,1,A3_sigma1sigma2,-1,-1
41,68,96,1,A3_sigma1sigma2,-1,-1
41,69,92,1,A4_ramified_A,,
41,70,88,1,A2_sigma_i,-1,1
41,71,84,1,A1_identity,1,1
41,72,80,1,A4_ramified_A,,
41,73,76,1,A1_identity,1,1
41,74,72,-1,B3_four_cycle,-1,
41,75,68,1,A2_sigma_i,-1,1
41,76,64,1,A1_identity,1,1
41,77,60,-1,B1_block_swap,1,
41,78,56,1,A1_identity,1,1
41,79,52,1,A2_sigma_i,-1,1
41,80,48,-1,B3_four_cycle,-1,
41,81,44,-1,B1_block_swap,1,
41,82,40,-1,B3_four_cycle,-1,
41,83,36,1,A2_sigma_i,-1,1
41,84,32,-1,B3_four_cycle,-1,
41,85,28,-1,B1_block_swap,1,
41,86,24,1,A3_sigma1sigma2,-1,-1
41,87,20,1,A2_sigma_i,-1,1
41,88,16,1,A1_identity,1,1
41,89,12,-1,B1_block_swap,1,
41,90,8,-1,B3_four_cycle,-1,
41,91,4,1,A3_sigma1sigma2,-1,-1
41,92,0,0,double_root,,
41,93,97,1,A1_identity,1,1
41,94,93,-1,B1_block_swap,1,
41,95,89,-1,B1_block_swap,1,
41,96,85,1,A3_sigma1sigma2,-1,-1
41,97,81,1,A1_identity,1,1
41,98,77,1,A2_sigma_i,-1,1
41,99,73,-1,B3_four_cycle,-1,
41,100,69,-1,B3_four_cycle,-1,
42,0,47,1,A1_identity,1,1
42,1,43,1,A2_sigma_i,1,-1
42,2,39,-1,B3_four_cycle,-1,
42,3,35,-1,B1_block_swap,1,
42,4,31,1,A3_sigma1sigma2,-1,-1
42,5,27,-1,B3_four_cycle,-1,
42,6,23,1,A3_sigma1sigma2,-1,-1
42,7,19,1,A1_identity,1,1
42,8,15,-1,B3_four_cycle,-1,
42,9,11,-1,B3_four_cycle,-1,
42,10,7,-1,B3_four_cycle,-1,
42,11,3,-1,B1_block_swap,1,
42,12,100,1,A1_identity,1,1
42,13,96,1,A2_sigma_i,1,-1
42,14,92,1,A3_sigma1sigma2,-1,-1
42,15,88,1,A2_sigma_i,-1,1
42,16,84,1,A2_sigma_i,1,-1
42,17,80,1,A2_sigma_i,1,-1
42,18,76,1,A1_identity,1,1
42,19,72,-1,B1_block_swap,1,
42,20,68,1,A1_identity,1,1
42,21,64,1,A1_identity,1,1
42,22,60,-1,B1_block_swap,1,
42,23,56,1,A2_sigma_i,-1,1
42,24,52,1,A4_ramified_A,,
42,25,48,-1,B3_four_cycle,-1,
42,26,44,-1,B1_block_swap,1,
42,27,40,-1,B1_block_swap,1,
42,28,36,1,A1_identity,1,1
42,29,32,-1,B3_four_cycle,-1,
42,30,28,-1,B1_block_swap,1,
42,31,24,1,A4_ramified_A,,
42,32,20,1,A2_sigma_i,-1,1
42,33,16,1,A2_sigma_i,1,-1
42,34,12,-1,B1_block_swap,1,
42,35,8,-1,B3_four_cycle,-1,
42,36,4,1,A1_identity,1,1
42,37,0,0,double_root,,
42,38,97,1,A2_sigma_i,-1,1
42,39,93,-1,B3_four_cycle,-1,
42,40,89,-1,B1_block_swap,1,
42,41,85,1,A2_sigma_i,-1,1
42,42,81,1,A2_sigma_i,1,-1
42,43,77,1,A3_sigma1sigma2,-1,-1
42,44,73,-1,B3_four_cycle,-1,
42,45,69,-1,B1_block_swap,1,
42,46,65,1,A3_sigma1sigma2,-1,-1
42,47,61,-1,B3_four_cycle,-1,
42,48,57,-1,B1_block_swap,1,
42,49,53,-1,B3_four_cycle,-1,
42,50,49,1,A2_sigma_i,-1,1
42,51,45,1,A1_identity,1,1
42,52,41,-1,B1_block_swap,1,
42,53,37,1,A2_sigma_i,1,-1
42,54,33,1,A4_ramified_A,,
42,55,29,-1,B1_block_swap,1,
42,56,25,1,A1_identity,1,1
42,57,21,1,A3_sigma1sigma2,-1,-1
42,58,17,1,A1_identity,1,1
42,59,13,1,A1_identity,1,1
42,60,9,1,A2_sigma_i,-1,1
42,61,5,1,A2_sigma_i,1,-1
42,62,1,1,A3_sigma1sigma2,-1,-1
42,63,98,-1,B1_block_swap,1,
42,64,94,-1,B1_block_swap,1,
42,65,90,-1,B3_four_cycle,-1,
42,66,86,-1,B3_four_cycle,-1,
42,67,82,1,A3_sigma1sigma2,-1,-1
42,68,78,1,A2_sigma_i,-1,1
42,69,74,-1,B1_block_swap,1,
42,70,70,1,A3_sigma1sigma2,-1,-1
42,71,66,-1,B3_four_cycle,-1,
42,72,62,-1,B3_four_cycle,-1,
42,73,58,1,A2_sigma_i,1,-1
42,74,54,1,A2_sigma_i,1,-1
42,75,50,-1,B1_block_swap,1,
42,76,46,-1,B1_block_swap,1,
42,77,42,-1,B1_block_swap,1,
42,78,38,-1,B1_block_swap,1,
42,79,34,-1,B1_block_swap,1,
42,80,30,1,A2_sigma_i,1,-1
42,81,26,-1,B3_four_cycle,-1,
42,82,22,1,A3_sigma1sigma2,-1,-1
42,83,18,-1,B1_block_swap,1,
42,84,14,1,A1_identity,1,1
42,85,10,-1,B3_four_cycle,-1,
42,86,6,1,A2_sigma_i,-1,1
42,87,2,-1,B3_four_cycle,-1,
42,88,99,-1,B1_block_swap,1,
42,89,95,1,A2_sigma_i,-1,1
42,90,91,-1,B1_block_swap,1,
42,91,87,1,A1_identity,1,1
42,92,83,-1,B1_block_swap,1,
42,93,79,1,A2_sigma_i,1,-1
42,94,75,-1,B1_block_swap,1,
42,95,71,1,A2_sigma_i,1,-1
42,96,67,-1,B1_block_swap,1,
42,97,63,-1,B1_block_swap,1,
42,98,59,-1,B3_four_cycle,-1,
42,99,55,-1,B3_four_cycle,-1,
42,100,51,-1,B1_block_swap,1,
43,0,31,1,A1_identity,1,1
43,1,27,-1,B1_block_swap,1,
43,2,23,1,A2_sigma_i,-1,1
43,3,19,1,A3_sigma1sigma2,-1,-1
43,4,15,-1,B3_four_cycle,-1,
43,5,11,-1,B3_four_cycle,-1,
43,6,7,-1,B3_four_cycle,-1,
43,7,3,-1,B1_block_swap,1,
43,8,100,1,A1_identity,1,1
43,9,96,1,A1_identity,1,1
43,10,92,1,A2_sigma_i,1,-1
43,11,88,1,A3_sigma1sigma2,-1,-1
43,12,84,1,A2_sigma_i,-1,1
43,13,80,1,A1_identity,1,1
43,14,76,1,A2_sigma_i,-1,1
43,15,72,-1,B1_block_swap,1,
43,16,68,1,A2_sigma_i,-1,1
43,17,64,1,A3_sigma1sigma2,-1,-1
43,18,60,-1,B1_block_swap,1,
43,19,56,1,A3_sigma1sigma2,-1,-1
43,20,52,1,A2_sigma_i,1,-1
43,21,48,-1,B1_block_swap,1,
43,22,44,-1,B3_four_cycle,-1,
43,23,40,-1,B3_four_cycle,-1,
43,24,36,1,A1_identity,1,1
43,25,32,-1,B1_block_swap,1,
43,26,28,-1,B1_block_swap,1,
43,27,24,1,A1_identity,1,1
43,28,20,1,A1_identity,1,1
43,29,16,1,A2_sigma_i,-1,1
43,30,12,-1,B1_block_swap,1,
43,31,8,-1,B1_block_swap,1,
43,32,4,1,A2_sigma_i,-1,1
43,33,0,0,double_root,,
43,34,97,1,A3_sigma1sigma2,-1,-1
43,35,93,-1,B1_block_swap,1,
43,36,89,-1,B3_four_cycle,-1,
43,37,85,1,A2_sigma_i,-1,1
43,38,81,1,A1_identity,1,1
43,39,77,1,A4_ramified_A,,
43,40,73,-1,B1_block_swap,1,
43,41,69,-1,B3_four_cycle,-1,
43,42,65,1,A1_identity,1,1
43,43,61,-1,B3_four_cycle,-1,
43,44,57,-1,B1_block_swap,1,
43,45,53,-1,B1_block_swap,1,
43,46,49,1,A1_identity,1,1
43,47,45,1,A1_identity,1,1
43,48,41,-1,B3_four_cycle,-1,
43,49,37,1,A3_sigma1sigma2,-1,-1
43,50,33,1,A3_sigma1sigma2,-1,-1
43,51,29,-1,B3_four_cycle,-1,
43,52,25,1,A1_identity,1,1
43,53,21,1,A1_identity,1,1
43,54,17,1,A3_sigma1sigma2,-1,-1
43,55,13,1,A1_identity,1,1
43,56,9,1,A2_sigma_i,1,-1
43,57,5,1,A1_identity,1,1
43,58,1,1,A1_identity,1,1
43,59,98,-1,B3_four_cycle,-1,
43,60,94,-1,B1_block_swap,1,
43,61,90,-1,B1_block_swap,1,
43,62,86,-1,B1_block_swap,1,
43,63,82,1,A2_sigma_i,-1,1
43,64,78,1,A2_sigma_i,-1,1
43,65,74,-1,B3_four_cycle,-1,
43,66,70,1,A2_sigma_i,-1,1
43,67,66,-1,B3_four_cycle,-1,
43,68,62,-1,B1_block_swap,1,
43,69,58,1,A2_sigma_i,1,-1
43,70,54,1,A2_sigma_i,1,-1
43,71,50,-1,B3_four_cycle,-1,
43,72,46,-1,B3_four_cycle,-1,
43,73,42,-1,B3_four_cycle,-1,
43,74,38,-1,B3_four_cycle,-1,
43,75,34,-1,B1_block_swap,1,
43,76,30,1,A2_sigma_i,1,-1
43,77,26,-1,B1_block_swap,1,
43,78,22,1,A3_sigma1sigma2,-1,-1
43,79,18,-1,B1_block_swap,1,
43,80,14,1,A4_ramified_A,,
43,81,10,-1,B1_block_swap,1,
43,82,6,1,A2_sigma_i,-1,1
43,83,2,-1,B3_four_cycle,-1,
43,84,99,-1,B3_four_cycle,-1,
43,85,95,1,A2_sigma_i,1,-1
43,86,91,-1,B1_block_swap,1,
43,87,87,1,A3_sigma1sigma2,-1,-1
43,88,83,-1,B1_block_swap,1,
43,89,79,1,A1_identity,1,1
43,90,75,-1,B1_block_swap,1,
43,91,71,1,A4_ramified_A,,
43,92,67,-1,B1_block_swap,1,
43,93,63,-1,B3_four_cycle,-1,
43,94,59,-1,B1_block_swap,1,
43,95,55,-1,B3_four_cycle,-1,
43,96,51,-1,B3_four_cycle,-1,
43,97,47,1,A3_sigma1sigma2,-1,-1
43,98,43,1,A2_sigma_i,1,-1
43,99,39,-1,B1_block_swap,1,
43,100,35,-1,B3_four_cycle,-1,
44,0,17,1,A1_identity,1,1
44,1,13,1,A2_sigma_i,1,-1
44,2,9,1,A2_sigma_i,-1,1
44,3,5,1,A2_sigma_i,-1,1
44,4,1,1,A2_sigma_i,1,-1
44,5,98,-1,B1_block_swap,1,
44,6,94,-1,B3_four_cycle,-1,
44,7,90,-1,B3_four_cycle,-1,
44,8,86,-1,B1_block_swap,1,
44,9,82,1,A2_sigma_i,-1,1
44,10,78,1,A2_sigma_i,-1,1
44,11,74,-1,B3_four_cycle,-1,
44,12,70,1,A3_sigma1sigma2,-1,-1
44,13,66,-1,B3_four_cycle,-1,
44,14,62,-1,B3_four_cycle,-1,
44,15,58,1,A2_sigma_i,-1,1
44,16,54,1,A3_sigma1sigma2,-1,-1
44,17,50,-1,B1_block_swap,1,
44,18,46,-1,B3_four_cycle,-1,
44,19,42,-1,B1_block_swap,1,
44,20,38,-1,B3_four_cycle,-1,
44,21,34,-1,B1_block_swap,1,
44,22,30,1,A3_sigma1sigma2,-1,-1
44,23,26,-1,B1_block_swap,1,
44,24,22,1,A4_ramified_A,,
44,25,18,-1,B3_four_cycle,-1,
44,26,14,1,A2_sigma_i,-1,1
44,27,10,-1,B1_block_swap,1,
44,28,6,1,A2_sigma_i,-1,1
44,29,2,-1,B1_block_swap,1,
44,30,99,-1,B1_block_swap,1,
44,31,95,1,A2_sigma_i,-1,1
44,32,91,-1,B3_four_cycle,-1,
44,33,87,1,A2_sigma_i,-1,1
44,34,83,-1,B3_four_cycle,-1,
44,35,79,1,A4_ramified_A,,
44,36,75,-1,B3_four_cycle,-1,
44,37,71,1,A2_sigma_i,-1,1
44,38,67,-1,B1_block_swap,1,
44,39,63,-1,B1_block_swap,1,
44,40,59,-1,B3_four_cycle,-1,
44,41,55,-1,B1_block_swap,1,
44,42,51,-1,B3_four_cycle,-1,
44,43,47,1,A1_identity,1,1
44,44,43,1,A1_identity,1,1
44,45,39,-1,B3_four_cycle,-1,
44,46,35,-1,B3_four_cycle,-1,
44,47,31,1,A3_sigma1sigma2,-1,-1
44,48,27,-1,B3_four_cycle,-1,
44,49,23,1,A1_identity,1,1
44,50,19,1,A4_ramified_A,,
44,51,15,-1,B3_four_cycle,-1,
44,52,11,-1,B1_block_swap,1,
44,53,7,-1,B3_four_cycle,-1,
44,54,3,-1,B1_block_swap,1,
44,55,100,1,A1_identity,1,1
44,56,96,1,A2_sigma_i,-1,1
44,57,92,1,A2_sigma_i,-1,1
44,58,88,1,A1_identity,1,1
44,59,84,1,A2_sigma_i,-1,1
44,60,80,1,A2_sigma_i,-1,1
44,61,76,1,A3_sigma1sigma2,-1,-1
44,62,72,-1,B3_four_cycle,-1,
44,63,68,1,A3_sigma1sigma2,-1,-1
44,64,64,1,A1_identity,1,1
44,65,60,-1,B1_block_swap,1,
44,66,56,1,A2_sigma_i,-1,1
44,67,52,1,A2_sigma_i,-1,1
44,68,48,-1,B1_block_swap,1,
44,69,44,-1,B3_four_cycle,-1,
44,70,40,-1,B1_block_swap,1,
44,71,36,1,A1_identity,1,1
44,72,32,-1,B3_four_cycle,-1,
44,73,28,-1,B3_four_cycle,-1,
44,74,24,1,A1_identity,1,1
44,75,20,1,A1_identity,1,1
44,76,16,1,A1_identity,1,1
44,77,12,-1,B3_four_cycle,-1,
44,78,8,-1,B3_four_cycle,-1,
44,79,4,1,A2_sigma_i,1,-1
44,80,0,0,double_root,,
44,81,97,1,A3_sigma1sigma2,-1,-1
44,82,93,-1,B3_four_cycle,-1,
44,83,89,-1,B1_block_swap,1,
44,84,85,1,A1_identity,1,1
44,85,81,1,A2_sigma_i,-1,1
44,86,77,1,A3_sigma1sigma2,-1,-1
44,87,73,-1,B3_four_cycle,-1,
44,88,69,-1,B1_block_swap,1,
44,89,65,1,A2_sigma_i,1,-1
44,90,61,-1,B3_four_cycle,-1,
44,91,57,-1,B1_block_swap,1,
44,92,53,-1,B1_block_swap,1,
44,93,49,1,A2_sigma_i,1,-1
44,94,45,1,A1_identity,1,1
44,95,41,-1,B3_four_cycle,-1,
44,96,37,1,A2_sigma_i,-1,1
44,97,33,1,A3_sigma1sigma2,-1,-1
44,98,29,-1,B3_four_cycle,-1,
44,99,25,1,A2_sigma_i,1,-1
44,100,21,1,A2_sigma_i,1,-1
45,0,5,1,A2_sigma_i,1,-1
45,1,1,1,A2_sigma_i,-1,1
45,2,98,-1,B3_four_cycle,-1,
45,3,94,-1,B1_block_swap,1,
45,4,90,-1,B1_block_swap,1,
45,5,86,-1,B3_four_cycle,-1,
45,6,82,1,A1_identity,1,1
45,7,78,1,A3_sigma1sigma2,-1,-1
45,8,74,-1,B3_four_cycle,-1,
45,9,70,1,A4_ramified_A,,
45,10,66,-1,B1_block_swap,1,
45,11,62,-1,B1_block_swap,1,
45,12,58,1,A3_sigma1sigma2,-1,-1
45,13,54,1,A1_identity,1,1
45,14,50,-1,B1_block_swap,1,
45,15,46,-1,B1_block_swap,1,
45,16,42,-1,B3_four_cycle,-1,
45,17,38,-1,B3_four_cycle,-1,
45,18,34,-1,B3_four_cycle,-1,
45,19,30,1,A2_sigma_i,1,-1
45,20,26,-1,B1_block_swap,1,
45,21,22,1,A3_sigma1sigma2,-1,-1
45,22,18,-1,B3_four_cycle,-1,
45,23,14,1,A1_identity,1,1
45,24,10,-1,B3_four_cycle,-1,
45,25,6,1,A2_sigma_i,1,-1
45,26,2,-1,B1_block_swap,1,
45,27,99,-1,B1_block_swap,1,
45,28,95,1,A2_sigma_i,-1,1
45,29,91,-1,B3_four_cycle,-1,
45,30,87,1,A2_sigma_i,-1,1
45,31,83,-1,B3_four_cycle,-1,
45,32,79,1,A2_sigma_i,-1,1
45,33,75,-1,B1_block_swap,1,
45,34,71,1,A2_sigma_i,-1,1
45,35,67,-1,B1_block_swap,1,
45,36,63,-1,B3_four_cycle,-1,
45,37,59,-1,B1_block_swap,1,
45,38,55,-1,B3_four_cycle,-1,
45,39,51,-1,B1_block_swap,1,
45,40,47,1,A2_sigma_i,-1,1
45,41,43,1,A2_sigma_i,-1,1
45,42,39,-1,B1_block_swap,1,
45,43,35,-1,B3_four_cycle,-1,
45,44,31,1,A1_identity,1,1
45,45,27,-1,B3_four_cycle,-1,
45,46,23,1,A3_sigma1sigma2,-1,-1
45,47,19,1,A2_sigma_i,-1,1
45,48,15,-1,B1_block_swap,1,
45,49,11,-1,B3_four_cycle,-1,
45,50,7,-1,B3_four_cycle,-1,
45,51,3,-1,B3_four_cycle,-1,
45,52,100,1,A2_sigma_i,-1,1
45,53,96,1,A2_sigma_i,1,-1
45,54,92,1,A3_sigma1sigma2,-1,-1
45,55,88,1,A1_identity,1,1
45,56,84,1,A2_sigma_i,-1,1
45,57,80,1,A2_sigma_i,-1,1
45,58,76,1,A3_sigma1sigma2,-1,-1
45,59,72,-1,B3_four_cycle,-1,
45,60,68,1,A1_identity,1,1
45,61,64,1,A1_identity,1,1
45,62,60,-1,B3_four_cycle,-1,
45,63,56,1,A2_sigma_i,-1,1
45,64,52,1,A2_sigma_i,1,-1
45,65,48,-1,B3_four_cycle,-1,
45,66,44,-1,B1_block_swap,1,
45,67,40,-1,B1_block_swap,1,
45,68,36,1,A3_sigma1sigma2,-1,-1
45,69,32,-1,B1_block_swap,1,
45,70,28,-1,B1_block_swap,1,
45,71,24,1,A3_sigma1sigma2,-1,-1
45,72,20,1,A1_identity,1,1
45,73,16,1,A2_sigma_i,-1,1
45,74,12,-1,B1_block_swap,1,
45,75,8,-1,B1_block_swap,1,
45,76,4,1,A2_sigma_i,-1,1
45,77,0,0,double_root,,
45,78,97,1,A1_identity,1,1
45,79,93,-1,B3_four_cycle,-1,
45,80,89,-1,B3_four_cycle,-1,
45,81,85,1,A2_sigma_i,-1,1
45,82,81,1,A1_identity,1,1
45,83,77,1,A2_sigma_i,-1,1
45,84,73,-1,B3_four_cycle,-1,
45,85,69,-1,B1_block_swap,1,
45,86,65,1,A1_identity,1,1
45,87,61,-1,B1_block_swap,1,
45,88,57,-1,B3_four_cycle,-1,
45,89,53,-1,B3_four_cycle,-1,
45,90,49,1,A1_identity,1,1
45,91,45,1,A4_ramified_A,,
45,92,41,-1,B1_block_swap,1,
45,93,37,1,A2_sigma_i,-1,1
45,94,33,1,A2_sigma_i,1,-1
45,95,29,-1,B1_block_swap,1,
45,96,25,1,A1_identity,1,1
45,97,21,1,A3_sigma1sigma2,-1,-1
45,98,17,1,A2_sigma_i,1,-1
45,99,13,1,A2_sigma_i,1,-1
45,100,9,1,A1_identity,1,1
46,0,96,1,A1_identity,1,1
46,1,92,1,A2_sigma_i,-1,1
46,2,88,1,A2_sigma_i,-1,1
46,3,84,1,A2_sigma_i,-1,1
46,4,80,1,A3_sigma1sigma2,-1,-1
46,5,76,1,A3_sigma1sigma2,-1,-1
46,6,72,-1,B3_four_cycle,-1,
46,7,68,1,A1_identity,1,1
46,8,64,1,A1_identity,1,1
46,9,60,-1,B1_block_swap,1,
46,10,56,1,A2_sigma_i,-1,1
46,11,52,1,A2_sigma_i,1,-1
46,12,48,-1,B3_four_cycle,-1,
46,13,44,-1,B1_block_swap,1,
46,14,40,-1,B1_block_swap,1,
46,15,36,1,A1_identity,1,1
46,16,32,-1,B3_four_cycle,-1,
46,17,28,-1,B3_four_cycle,-1,
46,18,24,1,A3_sigma1sigma2,-1,-1
46,19,20,1,A3_sigma1sigma2,-1,-1
46,20,16,1,A1_identity,1,1
46,21,12,-1,B1_block_swap,1,
46,22,8,-1,B3_four_cycle,-1,
46,23,4,1,A1_identity,1,1
46,24,0,0,double_root,,
46,25,97,1,A2_sigma_i,-1,1
46,26,93,-1,B3_four_cycle,-1,
46,27,89,-1,B3_four_cycle,-1,
46,28,85,1,A2_sigma_i,1,-1
46,29,81,1,A1_identity,1,1
46,30,77,1,A2_sigma_i,1,-1
46,31,73,-1,B1_block_swap,1,
46,32,69,-1,B3_four_cycle,-1,
46,33,65,1,A2_sigma_i,1,-1
46,34,61,-1,B3_four_cycle,-1,
46,35,57,-1,B3_four_cycle,-1,
46,36,53,-1,B1_block_swap,1,
46,37,49,1,A2_sigma_i,-1,1
46,38,45,1,A3_sigma1sigma2,-1,-1
46,39,41,-1,B3_four_cycle,-1,
46,40,37,1,A1_identity,1,1
46,41,33,1,A2_sigma_i,-1,1
46,42,29,-1,B1_block_swap,1,
46,43,25,1,A3_sigma1sigma2,-1,-1
46,44,21,1,A3_sigma1sigma2,-1,-1
46,45,17,1,A2_sigma_i,-1,1
46,46,13,1,A4_ramified_A,,
46,47,9,1,A2_sigma_i,-1,1
46,48,5,1,A2_sigma_i,-1,1
46,49,1,1,A1_identity,1,1
46,50,98,-1,B1_block_swap,1,
46,51,94,-1,B1_block_swap,1,
46,52,90,-1,B1_block_swap,1,
46,53,86,-1,B1_block_swap,1,
46,54,82,1,A2_sigma_i,1,-1
46,55,78,1,A2_sigma_i,1,-1
46,56,74,-1,B1_block_swap,1,
46,57,70,1,A2_sigma_i,-1,1
46,58,66,-1,B1_block_swap,1,
46,59,62,-1,B3_four_cycle,-1,
46,60,58,1,A2_sigma_i,1,-1
46,61,54,1,A2_sigma_i,1,-1
46,62,50,-1,B3_four_cycle,-1,
46,63,46,-1,B3_four_cycle,-1,
46,64,42,-1,B3_four_cycle,-1,
46,65,38,-1,B1_block_swap,1,
46,66,34,-1,B1_block_swap,1,
46,67,30,1,A1_identity,1,1
46,68,26,-1,B3_four_cycle,-1,
46,69,22,1,A4_ramified_A,,
46,70,18,-1,B1_block_swap,1,
46,71,14,1,A2_sigma_i,-1,1
46,72,10,-1,B1_block_swap,1,
46,73,6,1,A2_sigma_i,-1,1
46,74,2,-1,B3_four_cycle,-1,
46,75,99,-1,B3_four_cycle,-1,
46,76,95,1,A2_sigma_i,1,-1
46,77,91,-1,B1_block_swap,1,
46,78,87,1,A2_sigma_i,1,-1
46,79,83,-1,B3_four_cycle,-1,
46,80,79,1,A2_sigma_i,1,-1
46,81,75,-1,B1_block_swap,1,
46,82,71,1,A3_sigma1sigma2,-1,-1
46,83,67,-1,B3_four_cycle,-1,
46,84,63,-1,B3_four_cycle,-1,
46,85,59,-1,B1_block_swap,1,
46,86,55,-1,B3_four_cycle,-1,
46,87,51,-1,B3_four_cycle,-1,
46,88,47,1,A1_identity,1,1
46,89,43,1,A1_identity,1,1
46,90,39,-1,B3_four_cycle,-1,
46,91,35,-1,B1_block_swap,1,
46,92,31,1,A1_identity,1,1
46,93,27,-1,B3_four_cycle,-1,
46,94,23,1,A2_sigma_i,-1,1
46,95,19,1,A4_ramified_A,,
46,96,15,-1,B1_block_swap,1,
46,97,11,-1,B3_four_cycle,-1,
46,98,7,-1,B1_block_swap,1,
46,99,3,-1,B3_four_cycle,-1,
46,100,100,1,A1_identity,1,1
47,0,88,1,A2_sigma_i,1,-1
47,1,84,1,A4_ramified_A,,
47,2,80,1,A2_sigma_i,1,-1
47,3,76,1,A2_sigma_i,1,-1
47,4,72,-1,B3_four_cycle,-1,
47,5,68,1,A2_sigma_i,1,-1
47,6,64,1,A2_sigma_i,1,-1
47,7,60,-1,B3_four_cycle,-1,
47,8,56,1,A1_identity,1,1
47,9,52,1,A2_sigma_i,1,-1
47,10,48,-1,B3_four_cycle,-1,
47,11,44,-1,B1_block_swap,1,
47,12,40,-1,B3_four_cycle,-1,
47,13,36,1,A2_sigma_i,-1,1
47,14,32,-1,B3_four_cycle,-1,
47,15,28,-1,B1_block_swap,1,
47,16,24,1,A3_sigma1sigma2,-1,-1
47,17,20,1,A1_identity,1,1
47,18,16,1,A3_sigma1sigma2,-1,-1
47,19,12,-1,B1_block_swap,1,
47,20,8,-1,B1_block_swap,1,
47,21,4,1,A1_identity,1,1
47,22,0,0,double_root,,
47,23,97,1,A2_sigma_i,-1,1
47,24,93,-1,B1_block_swap,1,
47,25,89,-1,B1_block_swap,1,
47,26,85,1,A2_sigma_i,-1,1
47,27,81,1,A1_identity,1,1
47,28,77,1,A4_ramified_A,,
47,29,73,-1,B1_block_swap,1,
47,30,69,-1,B3_four_cycle,-1,
47,31,65,1,A2_sigma_i,-1,1
47,32,61,-1,B3_four_cycle,-1,
47,33,57,-1,B3_four_cycle,-1,
47,34,53,-1,B3_four_cycle,-1,
47,35,49,1,A1_identity,1,1
47,36,45,1,A2_sigma_i,-1,1
47,37,41,-1,B1_block_swap,1,
47,38,37,1,A3_sigma1sigma2,-1,-1
47,39,33,1,A2_sigma_i,1,-1
47,40,29,-1,B3_four_cycle,-1,
47,41,25,1,A1_identity,1,1
47,42,21,1,A1_identity,1,1
47,43,17,1,A1_identity,1,1
47,44,13,1,A3_sigma1sigma2,-1,-1
47,45,9,1,A1_identity,1,1
47,46,5,1,A1_identity,1,1
47,47,1,1,A2_sigma_i,1,-1
47,48,98,-1,B3_four_cycle,-1,
47,49,94,-1,B3_four_cycle,-1,
47,50,90,-1,B1_block_swap,1,
47,51,86,-1,B1_block_swap,1,
47,52,82,1,A3_sigma1sigma2,-1,-1
47,53,78,1,A2_sigma_i,1,-1
47,54,74,-1,B3_four_cycle,-1,
47,55,70,1,A2_sigma_i,-1,1
47,56,66,-1,B1_block_swap,1,
47,57,62,-1,B3_four_cycle,-1,
47,58,58,1,A2_sigma_i,1,-1
47,59,54,1,A3_sigma1sigma2,-1,-1
47,60,50,-1,B1_block_swap,1,
47,61,46,-1,B3_four_cycle,-1,
47,62,42,-1,B3_four_cycle,-1,
47,63,38,-1,B1_block_swap,1,
47,64,34,-1,B3_four_cycle,-1,
47,65,30,1,A2_sigma_i,1,-1
47,66,26,-1,B3_four_cycle,-1,
47,67,22,1,A1_identity,1,1
47,68,18,-1,B3_four_cycle,-1,
47,69,14,1,A3_sigma1sigma2,-1,-1
47,70,10,-1,B3_four_cycle,-1,
47,71,6,1,A1_identity,1,1
47,72,2,-1,B1_block_swap,1,
47,73,99,-1,B1_block_swap,1,
47,74,95,1,A1_identity,1,1
47,75,91,-1,B3_four_cycle,-1,
47,76,87,1,A3_sigma1sigma2,-1,-1
47,77,83,-1,B3_four_cycle,-1,
47,78,79,1,A3_sigma1sigma2,-1,-1
47,79,75,-1,B3_four_cycle,-1,
47,80,71,1,A4_ramified_A,,
47,81,67,-1,B3_four_cycle,-1,
47,82,63,-1,B3_four_cycle,-1,
47,83,59,-1,B1_block_swap,1,
47,84,55,-1,B3_four_cycle,-1,
47,85,51,-1,B3_four_cycle,-1,
47,86,47,1,A1_identity,1,1
47,87,43,1,A2_sigma_i,1,-1
47,88,39,-1,B1_block_swap,1,
47,89,35,-1,B3_four_cycle,-1,
47,90,31,1,A2_sigma_i,1,-1
47,91,27,-1,B3_four_cycle,-1,
47,92,23,1,A1_identity,1,1
47,93,19,1,A3_sigma1sigma2,-1,-1
47,94,15,-1,B1_block_swap,1,
47,95,11,-1,B3_four_cycle,-1,
47,96,7,-1,B1_block_swap,1,
47,97,3,-1,B3_four_cycle,-1,
47,98,100,1,A2_sigma_i,1,-1
47,99,96,1,A2_sigma_i,1,-1
47,100,92,1,A1_identity,1,1
48,0,82,1,A2_sigma_i,1,-1
48,1,78,1,A3_sigma1sigma2,-1,-1
48,2,74,-1,B3_four_cycle,-1,
48,3,70,1,A2_sigma_i,1,-1
48,4,66,-1,B1_block_swap,1,
48,5,62,-1,B1_block_swap,1,
48,6,58,1,A1_identity,1,1
48,7,54,1,A2_sigma_i,-1,1
48,8,50,-1,B3_four_cycle,-1,
48,9,46,-1,B3_four_cycle,-1,
48,10,42,-1,B3_four_cycle,-1,
48,11,38,-1,B3_four_cycle,-1,
48,12,34,-1,B3_four_cycle,-1,
48,13,30,1,A1_identity,1,1
48,14,26,-1,B1_block_swap,1,
48,15,22,1,A2_sigma_i,-1,1
48,16,18,-1,B1_block_swap,1,
48,17,14,1,A3_sigma1sigma2,-1,-1
48,18,10,-1,B3_four_cycle,-1,
48,19,6,1,A2_sigma_i,-1,1
48,20,2,-1,B1_block_swap,1,
48,21,99,-1,B1_block_swap,1,
48,22,95,1,A1_identity,1,1
48,23,91,-1,B1_block_swap,1,
48,24,87,1,A2_sigma_i,-1,1
48,25,83,-1,B3_four_cycle,-1,
48,26,79,1,A3_sigma1sigma2,-1,-1
48,27,75,-1,B1_block_swap,1,
48,28,71,1,A3_sigma1sigma2,-1,-1
48,29,67,-1,B1_block_swap,1,
48,30,63,-1,B1_block_swap,1,
48,31,59,-1,B3_four_cycle,-1,
48,32,55,-1,B1_block_swap,1,
48,33,51,-1,B1_block_swap,1,
48,34,47,1,A3_sigma1sigma2,-1,-1
48,35,43,1,A2_sigma_i,-1,1
48,36,39,-1,B3_four_cycle,-1,
48,37,35,-1,B1_block_swap,1,
48,38,31,1,A1_identity,1,1
48,39,27,-1,B1_block_swap,1,
48,40,23,1,A2_sigma_i,1,-1
48,41,19,1,A3_sigma1sigma2,-1,-1
48,42,15,-1,B1_block_swap,1,
48,43,11,-1,B1_block_swap,1,
48,44,7,-1,B3_four_cycle,-1,
48,45,3,-1,B3_four_cycle,-1,
48,46,100,1,A1_identity,1,1
48,47,96,1,A2_sigma_i,-1,1
48,48,92,1,A2_sigma_i,-1,1
48,49,88,1,A3_sigma1sigma2,-1,-1
48,50,84,1,A2_sigma_i,1,-1
48,51,80,1,A3_sigma1sigma2,-1,-1
48,52,76,1,A1_identity,1,1
48,53,72,-1,B1_block_swap,1,
48,54,68,1,A2_sigma_i,-1,1
48,55,64,1,A1_identity,1,1
48,56,60,-1,B3_four_cycle,-1,
48,57,56,1,A4_ramified_A,,
48,58,52,1,A2_sigma_i,-1,1
48,59,48,-1,B1_block_swap,1,
48,60,44,-1,B1_block_swap,1,
48,61,40,-1,B3_four_cycle,-1,
48,62,36,1,A1_identity,1,1
48,63,32,-1,B3_four_cycle,-1,
48,64,28,-1,B3_four_cycle,-1,
48,65,24,1,A4_ramified_A,,
48,66,20,1,A1_identity,1,1
48,67,16,1,A1_identity,1,1
48,68,12,-1,B1_block_swap,1,
48,69,8,-1,B3_four_cycle,-1,
48,70,4,1,A2_sigma_i,-1,1
48,71,0,0,double_root,,
48,72,97,1,A3_sigma1sigma2,-1,-1
48,73,93,-1,B1_block_swap,1,
48,74,89,-1,B1_block_swap,1,
48,75,85,1,A1_identity,1,1
48,76,81,1,A3_sigma1sigma2,-1,-1
48,77,77,1,A1_identity,1,1
48,78,73,-1,B3_four_cycle,-1,
48,79,69,-1,B1_block_swap,1,
48,80,65,1,A1_identity,1,1
48,81,61,-1,B3_four_cycle,-1,
48,82,57,-1,B1_block_swap,1,
48,83,53,-1,B1_block_swap,1,
48,84,49,1,A2_sigma_i,-1,1
48,85,45,1,A3_sigma1sigma2,-1,-1
48,86,41,-1,B1_block_swap,1,
48,87,37,1,A3_sigma1sigma2,-1,-1
48,88,33,1,A4_ramified_A,,
48,89,29,-1,B3_four_cycle,-1,
48,90,25,1,A2_sigma_i,1,-1
48,91,21,1,A2_sigma_i,1,-1
48,92,17,1,A1_identity,1,1
48,93,13,1,A2_sigma_i,1,-1
48,94,9,1,A2_sigma_i,1,-1
48,95,5,1,A1_identity,1,1
48,96,1,1,A1_identity,1,1
48,97,98,-1,B1_block_swap,1,
48,98,94,-1,B1_block_swap,1,
48,99,90,-1,B3_four_cycle,-1,
48,100,86,-1,B1_block_swap,1,
49,0,78,1,A1_identity,1,1
49,1,74,-1,B1_block_swap,1,
49,2,70,1,A3_sigma1sigma2,-1,-1
49,3,66,-1,B3_four_cycle,-1,
49,4,62,-1,B1_block_swap,1,
49,5,58,1,A3_sigma1sigma2,-1,-1
49,6,54,1,A1_identity,1,1
49,7,50,-1,B3_four_cycle,-1,
49,8,46,-1,B1_block_swap,1,
49,9,42,-1,B3_four_cycle,-1,
49,10,38,-1,B1_block_swap,1,
49,11,34,-1,B3_four_cycle,-1,
49,12,30,1,A4_ramified_A,,
49,13,26,-1,B3_four_cycle,-1,
49,14,22,1,A2_sigma_i,1,-1
49,15,18,-1,B3_four_cycle,-1,
49,16,14,1,A2_sigma_i,1,-1
49,17,10,-1,B1_block_swap,1,
49,18,6,1,A1_identity,1,1
49,19,2,-1,B1_block_swap,1,
49,20,99,-1,B1_block_swap,1,
49,21,95,1,A3_sigma1sigma2,-1,-1
49,22,91,-1,B1_block_swap,1,
49,23,87,1,A1_identity,1,1
49,24,83,-1,B1_block_swap,1,
49,25,79,1,A3_sigma1sigma2,-1,-1
49,26,75,-1,B1_block_swap,1,
49,27,71,1,A2_sigma_i,-1,1
49,28,67,-1,B1_block_swap,1,
49,29,63,-1,B3_four_cycle,-1,
49,30,59,-1,B3_four_cycle,-1,
49,31,55,-1,B1_block_swap,1,
49,32,51,-1,B1_block_swap,1,
49,33,47,1,A1_identity,1,1
49,34,43,1,A1_identity,1,1
49,35,39,-1,B1_block_swap,1,
49,36,35,-1,B3_four_cycle,-1,
49,37,31,1,A2_sigma_i,-1,1
49,38,27,-1,B1_block_swap,1,
49,39,23,1,A2_sigma_i,1,-1
49,40,19,1,A2_sigma_i,1,-1
49,41,15,-1,B3_four_cycle,-1,
49,42,11,-1,B3_four_cycle,-1,
49,43,7,-1,B3_four_cycle,-1,
49,44,3,-1,B1_block_swap,1,
49,45,100,1,A2_sigma_i,-1,1
49,46,96,1,A2_sigma_i,-1,1
49,47,92,1,A4_ramified_A,,
49,48,88,1,A2_sigma_i,1,-1
49,49,84,1,A2_sigma_i,-1,1
49,50,80,1,A4_ramified_A,,
49,51,76,1,A2_sigma_i,-1,1
49,52,72,-1,B1_block_swap,1,
49,53,68,1,A1_identity,1,1
49,54,64,1,A3_sigma1sigma2,-1,-1
49,55,60,-1,B3_four_cycle,-1,
49,56,56,1,A2_sigma_i,1,-1
49,57,52,1,A3_sigma1sigma2,-1,-1
49,58,48,-1,B3_four_cycle,-1,
49,59,44,-1,B3_four_cycle,-1,
49,60,40,-1,B1_block_swap,1,
49,61,36,1,A2_sigma_i,-1,1
49,62,32,-1,B3_four_cycle,-1,
49,63,28,-1,B3_four_cycle,-1,
49,64,24,1,A3_sigma1sigma2,-1,-1
49,65,20,1,A2_sigma_i,1,-1
49,66,16,1,A1_identity,1,1
49,67,12,-1,B3_four_cycle,-1,
49,68,8,-1,B3_four_cycle,-1,
49,69,4,1,A2_sigma_i,1,-1
49,70,0,0,double_root,,
49,71,97,1,A2_sigma_i,1,-1
49,72,93,-1,B3_four_cycle,-1,
49,73,89,-1,B1_block_swap,1,
49,74,85,1,A1_identity,1,1
49,75,81,1,A1_identity,1,1
49,76,77,1,A1_identity,1,1
49,77,73,-1,B3_four_cycle,-1,
49,78,69,-1,B1_block_swap,1,
49,79,65,1,A2_sigma_i,1,-1
49,80,61,-1,B1_block_swap,1,
49,81,57,-1,B1_block_swap,1,
49,82,53,-1,B1_block_swap,1,
49,83,49,1,A1_identity,1,1
49,84,45,1,A3_sigma1sigma2,-1,-1
49,85,41,-1,B3_four_cycle,-1,
49,86,37,1,A3_sigma1sigma2,-1,-1
49,87,33,1,A1_identity,1,1
49,88,29,-1,B1_block_swap,1,
49,89,25,1,A1_identity,1,1
49,90,21,1,A2_sigma_i,1,-1
49,91,17,1,A1_identity,1,1
49,92,13,1,A2_sigma_i,-1,1
49,93,9,1,A2_sigma_i,-1,1
49,94,5,1,A2_sigma_i,1,-1
49,95,1,1,A1_identity,1,1
49,96,98,-1,B3_four_cycle,-1,
49,97,94,-1,B3_four_cycle,-1,
49,98,90,-1,B3_four_cycle,-1,
49,99,86,-1,B1_block_swap,1,
49,100,82,1,A3_sigma1sigma2,-1,-1
50,0,76,1,A2_sigma_i,1,-1
50,1,72,-1,B1_block_swap,1,
50,2,68,1,A2_sigma_i,1,-1
50,3,64,1,A1_identity,1,1
50,4,60,-1,B3_four_cycle,-1,
50,5,56,1,A2_sigma_i,-1,1
50,6,52,1,A4_ramified_A,,
50,7,48,-1,B1_block_swap,1,
50,8,44,-1,B3_four_cycle,-1,
50,9,40,-1,B3_four_cycle,-1,
50,10,36,1,A1_identity,1,1
50,11,32,-1,B3_four_cycle,-1,
50,12,28,-1,B1_block_swap,1,
50,13,24,1,A3_sigma1sigma2,-1,-1
50,14,20,1,A2_sigma_i,-1,1
50,15,16,1,A2_sigma_i,-1,1
50,16,12,-1,B3_four_cycle,-1,
50,17,8,-1,B3_four_cycle,-1,
50,18,4,1,A1_identity,1,1
50,19,0,0,double_root,,
50,20,97,1,A3_sigma1sigma2,-1,-1
50,21,93,-1,B3_four_cycle,-1,
50,22,89,-1,B3_four_cycle,-1,
50,23,85,1,A2_sigma_i,-1,1
50,24,81,1,A2_sigma_i,-1,1
50,25,77,1,A2_sigma_i,1,-1
50,26,73,-1,B3_four_cycle,-1,
50,27,69,-1,B1_block_swap,1,
50,28,65,1,A1_identity,1,1
50,29,61,-1,B3_four_cycle,-1,
50,30,57,-1,B3_four_cycle,-1,
50,31,53,-1,B1_block_swap,1,
50,32,49,1,A3_sigma1sigma2,-1,-1
50,33,45,1,A2_sigma_i,1,-1
50,34,41,-1,B1_block_swap,1,
50,35,37,1,A4_ramified_A,,
50,36,33,1,A2_sigma_i,-1,1
50,37,29,-1,B3_four_cycle,-1,
50,38,25,1,A1_identity,1,1
50,39,21,1,A2_sigma_i,-1,1
50,40,17,1,A3_sigma1sigma2,-1,-1
50,41,13,1,A3_sigma1sigma2,-1,-1
50,42,9,1,A1_identity,1,1
50,43,5,1,A2_sigma_i,1,-1
50,44,1,1,A2_sigma_i,-1,1
50,45,98,-1,B1_block_swap,1,
50,46,94,-1,B1_block_swap,1,
50,47,90,-1,B1_block_swap,1,
50,48,86,-1,B3_four_cycle,-1,
50,49,82,1,A1_identity,1,1
50,50,78,1,A2_sigma_i,-1,1
50,51,74,-1,B1_block_swap,1,
50,52,70,1,A2_sigma_i,1,-1
50,53,66,-1,B1_block_swap,1,
50,54,62,-1,B3_four_cycle,-1,
50,55,58,1,A3_sigma1sigma2,-1,-1
50,56,54,1,A1_identity,1,1
50,57,50,-1,B1_block_swap,1,
50,58,46,-1,B3_four_cycle,-1,
50,59,42,-1,B3_four_cycle,-1,
50,60,38,-1,B3_four_cycle,-1,
50,61,34,-1,B3_four_cycle,-1,
50,62,30,1,A2_sigma_i,-1,1
50,63,26,-1,B1_block_swap,1,
50,64,22,1,A2_sigma_i,1,-1
50,65,18,-1,B1_block_swap,1,
50,66,14,1,A3_sigma1sigma2,-1,-1
50,67,10,-1,B1_block_swap,1,
50,68,6,1,A4_ramified_A,,
50,69,2,-1,B1_block_swap,1,
50,70,99,-1,B1_block_swap,1,
50,71,95,1,A2_sigma_i,1,-1
50,72,91,-1,B3_four_cycle,-1,
50,73,87,1,A1_identity,1,1
50,74,83,-1,B3_four_cycle,-1,
50,75,79,1,A2_sigma_i,1,-1
50,76,75,-1,B1_block_swap,1,
50,77,71,1,A2_sigma_i,1,-1
50,78,67,-1,B1_block_swap,1,
50,79,63,-1,B3_four_cycle,-1,
50,80,59,-1,B1_block_swap,1,
50,81,55,-1,B1_block_swap,1,
50,82,51,-1,B1_block_swap,1,
50,83,47,1,A1_identity,1,1
50,84,43,1,A1_identity,1,1
50,85,39,-1,B3_four_cycle,-1,
50,86,35,-1,B1_block_swap,1,
50,87,31,1,A1_identity,1,1
50,88,27,-1,B3_four_cycle,-1,
50,89,23,1,A2_sigma_i,-1,1
50,90,19,1,A2_sigma_i,-1,1
50,91,15,-1,B1_block_swap,1,
50,92,11,-1,B1_block_swap,1,
50,93,7,-1,B1_block_swap,1,
50,94,3,-1,B1_block_swap,1,
50,95,100,1,A2_sigma_i,1,-1
50,96,96,1,A2_sigma_i,-1,1
50,97,92,1,A2_sigma_i,1,-1
50,98,88,1,A2_sigma_i,1,-1
50,99,84,1,A2_sigma_i,1,-1
50,100,80,1,A3_sigma1sigma2,-1,-1
51,0,76,1,A2_sigma_i,-1,1
51,1,72,-1,B1_block_swap,1,
51,2,68,1,A2_sigma_i,1,-1
51,3,64,1,A2_sigma_i,1,-1
51,4,60,-1,B3_four_cycle,-1,
51,5,56,1,A2_sigma_i,1,-1
51,6,52,1,A2_sigma_i,-1,1
51,7,48,-1,B3_four_cycle,-1,
51,8,44,-1,B1_block_swap,1,
51,9,40,-1,B1_block_swap,1,
51,10,36,1,A2_sigma_i,1,-1
51,11,32,-1,B1_block_swap,1,
51,12,28,-1,B1_block_swap,1,
51,13,24,1,A2_sigma_i,-1,1
51,14,20,1,A1_identity,1,1
51,15,16,1,A1_identity,1,1
51,16,12,-1,B1_block_swap,1,
51,17,8,-1,B3_four_cycle,-1,
51,18,4,1,A1_identity,1,1
51,19,0,0,double_root,,
51,20,97,1,A4_ramified_A,,
51,21,93,-1,B3_four_cycle,-1,
51,22,89,-1,B1_block_swap,1,
51,23,85,1,A4_ramified_A,,
51,24,81,1,A2_sigma_i,1,-1
51,25,77,1,A3_sigma1sigma2,-1,-1
51,26,73,-1,B1_block_swap,1,
51,27,69,-1,B1_block_swap,1,
51,28,65,1,A1_identity,1,1
51,29,61,-1,B1_block_swap,1,
51,30,57,-1,B1_block_swap,1,
51,31,53,-1,B3_four_cycle,-1,
51,32,49,1,A1_identity,1,1
51,33,45,1,A2_sigma_i,-1,1
51,34,41,-1,B1_block_swap,1,
51,35,37,1,A3_sigma1sigma2,-1,-1
51,36,33,1,A3_sigma1sigma2,-1,-1
51,37,29,-1,B3_four_cycle,-1,
51,38,25,1,A2_sigma_i,1,-1
51,39,21,1,A2_sigma_i,-1,1
51,40,17,1,A2_sigma_i,-1,1
51,41,13,1,A2_sigma_i,-1,1
51,42,9,1,A1_identity,1,1
51,43,5,1,A3_sigma1sigma2,-1,-1
51,44,1,1,A1_identity,1,1
51,45,98,-1,B1_block_swap,1,
51,46,94,-1,B3_four_cycle,-1,
51,47,90,-1,B3_four_cycle,-1,
51,48,86,-1,B1_block_swap,1,
51,49,82,1,A1_identity,1,1
51,50,78,1,A2_sigma_i,1,-1
51,51,74,-1,B1_block_swap,1,
51,52,70,1,A1_identity,1,1
51,53,66,-1,B1_block_swap,1,
51,54,62,-1,B1_block_swap,1,
51,55,58,1,A2_sigma_i,-1,1
51,56,54,1,A2_sigma_i,1,-1
51,57,50,-1,B3_four_cycle,-1,
51,58,46,-1,B3_four_cycle,-1,
51,59,42,-1,B1_block_swap,1,
51,60,38,-1,B3_four_cycle,-1,
51,61,34,-1,B1_block_swap,1,
51,62,30,1,A1_identity,1,1
51,63,26,-1,B1_block_swap,1,
51,64,22,1,A2_sigma_i,1,-1
51,65,18,-1,B3_four_cycle,-1,
51,66,14,1,A4_ramified_A,,
51,67,10,-1,B3_four_cycle,-1,
51,68,6,1,A3_sigma1sigma2,-1,-1
51,69,2,-1,B1_block_swap,1,
51,70,99,-1,B3_four_cycle,-1,
51,71,95,1,A1_identity,1,1
51,72,91,-1,B1_block_swap,1,
51,73,87,1,A2_sigma_i,1,-1
51,74,83,-1,B1_block_swap,1,
51,75,79,1,A2_sigma_i,-1,1
51,76,75,-1,B1_block_swap,1,
51,77,71,1,A3_sigma1sigma2,-1,-1
51,78,67,-1,B1_block_swap,1,
51,79,63,-1,B3_four_cycle,-1,
51,80,59,-1,B1_block_swap,1,
51,81,55,-1,B1_block_swap,1,
51,82,51,-1,B1_block_swap,1,
51,83,47,1,A1_identity,1,1
51,84,43,1,A3_sigma1sigma2,-1,-1
51,85,39,-1,B3_four_cycle,-1,
51,86,35,-1,B1_block_swap,1,
51,87,31,1,A2_sigma_i,1,-1
51,88,27,-1,B1_block_swap,1,
51,89,23,1,A1_identity,1,1
51,90,19,1,A2_sigma_i,1,-1
51,91,15,-1,B1_block_swap,1,
51,92,11,-1,B3_four_cycle,-1,
51,93,7,-1,B1_block_swap,1,
51,94,3,-1,B1_block_swap,1,
51,95,100,1,A2_sigma_i,-1,1
51,96,96,1,A2_sigma_i,-1,1
51,97,92,1,A2_sigma_i,1,-1
51,98,88,1,A1_identity,1,1
51,99,84,1,A3_sigma1sigma2,-1,-1
51,100,80,1,A2_sigma_i,1,-1
52,0,78,1,A1_identity,1,1
52,1,74,-1,B1_block_swap,1,
52,2,70,1,A2_sigma_i,1,-1
52,3,66,-1,B3_four_cycle,-1,
52,4,62,-1,B3_four_cycle,-1,
52,5,58,1,A4_ramified_A,,
52,6,54,1,A2_sigma_i,-1,1
52,7,50,-1,B3_four_cycle,-1,
52,8,46,-1,B3_four_cycle,-1,
52,9,42,-1,B1_block_swap,1,
52,10,38,-1,B1_block_swap,1,
52,11,34,-1,B1_block_swap,1,
52,12,30,1,A3_sigma1sigma2,-1,-1
52,13,26,-1,B3_four_cycle,-1,
52,14,22,1,A2_sigma_i,-1,1
52,15,18,-1,B1_block_swap,1,
52,16,14,1,A1_identity,1,1
52,17,10,-1,B3_four_cycle,-1,
52,18,6,1,A1_identity,1,1
52,19,2,-1,B3_four_cycle,-1,
52,20,99,-1,B1_block_swap,1,
52,21,95,1,A1_identity,1,1
52,22,91,-1,B1_block_swap,1,
52,23,87,1,A3_sigma1sigma2,-1,-1
52,24,83,-1,B3_four_cycle,-1,
52,25,79,1,A4_ramified_A,,
52,26,75,-1,B3_four_cycle,-1,
52,27,71,1,A2_sigma_i,1,-1
52,28,67,-1,B1_block_swap,1,
52,29,63,-1,B3_four_cycle,-1,
52,30,59,-1,B1_block_swap,1,
52,31,55,-1,B1_block_swap,1,
52,32,51,-1,B1_block_swap,1,
52,33,47,1,A2_sigma_i,-1,1
52,34,43,1,A2_sigma_i,-1,1
52,35,39,-1,B1_block_swap,1,
52,36,35,-1,B3_four_cycle,-1,
52,37,31,1,A2_sigma_i,1,-1
52,38,27,-1,B3_four_cycle,-1,
52,39,23,1,A1_identity,1,1
52,40,19,1,A2_sigma_i,1,-1
52,41,15,-1,B3_four_cycle,-1,
52,42,11,-1,B1_block_swap,1,
52,43,7,-1,B1_block_swap,1,
52,44,3,-1,B1_block_swap,1,
52,45,100,1,A1_identity,1,1
52,46,96,1,A2_sigma_i,1,-1
52,47,92,1,A3_sigma1sigma2,-1,-1
52,48,88,1,A1_identity,1,1
52,49,84,1,A2_sigma_i,1,-1
52,50,80,1,A2_sigma_i,-1,1
52,51,76,1,A2_sigma_i,1,-1
52,52,72,-1,B1_block_swap,1,
52,53,68,1,A2_sigma_i,-1,1
52,54,64,1,A2_sigma_i,-1,1
52,55,60,-1,B3_four_cycle,-1,
52,56,56,1,A2_sigma_i,1,-1
52,57,52,1,A2_sigma_i,-1,1
52,58,48,-1,B3_four_cycle,-1,
52,59,44,-1,B3_four_cycle,-1,
52,60,40,-1,B1_block_swap,1,
52,61,36,1,A2_sigma_i,-1,1
52,62,32,-1,B3_four_cycle,-1,
52,63,28,-1,B3_four_cycle,-1,
52,64,24,1,A2_sigma_i,1,-1
52,65,20,1,A3_sigma1sigma2,-1,-1
52,66,16,1,A1_identity,1,1
52,67,12,-1,B3_four_cycle,-1,
52,68,8,-1,B1_block_swap,1,
52,69,4,1,A1_identity,1,1
52,70,0,0,double_root,,
52,71,97,1,A2_sigma_i,1,-1
52,72,93,-1,B1_block_swap,1,
52,73,89,-1,B3_four_cycle,-1,
52,74,85,1,A2_sigma_i,1,-1
52,75,81,1,A2_sigma_i,-1,1
52,76,77,1,A3_sigma1sigma2,-1,-1
52,77,73,-1,B1_block_swap,1,
52,78,69,-1,B1_block_swap,1,
52,79,65,1,A4_ramified_A,,
52,80,61,-1,B1_block_swap,1,
52,81,57,-1,B3_four_cycle,-1,
52,82,53,-1,B1_block_swap,1,
52,83,49,1,A1_identity,1,1
52,84,45,1,A2_sigma_i,1,-1
52,85,41,-1,B3_four_cycle,-1,
52,86,37,1,A3_sigma1sigma2,-1,-1
52,87,33,1,A3_sigma1sigma2,-1,-1
52,88,29,-1,B1_block_swap,1,
52,89,25,1,A2_sigma_i,-1,1
52,90,21,1,A2_sigma_i,-1,1
52,91,17,1,A2_sigma_i,-1,1
52,92,13,1,A2_sigma_i,1,-1
52,93,9,1,A1_identity,1,1
52,94,5,1,A2_sigma_i,1,-1
52,95,1,1,A2_sigma_i,1,-1
52,96,98,-1,B3_four_cycle,-1,
52,97,94,-1,B1_block_swap,1,
52,98,90,-1,B1_block_swap,1,
52,99,86,-1,B1_block_swap,1,
52,100,82,1,A2_sigma_i,1,-1
53,0,82,1,A1_identity,1,1
53,1,78,1,A2_sigma_i,1,-1
53,2,74,-1,B3_four_cycle,-1,
53,3,70,1,A3_sigma1sigma2,-1,-1
53,4,66,-1,B1_block_swap,1,
53,5,62,-1,B1_block_swap,1,
53,6,58,1,A2_sigma_i,-1,1
53,7,54,1,A2_sigma_i,-1,1
53,8,50,-1,B1_block_swap,1,
53,9,46,-1,B1_block_swap,1,
53,10,42,-1,B3_four_cycle,-1,
53,11,38,-1,B3_four_cycle,-1,
53,12,34,-1,B3_four_cycle,-1,
53,13,30,1,A2_sigma_i,-1,1
53,14,26,-1,B1_block_swap,1,
53,15,22,1,A3_sigma1sigma2,-1,-1
53,16,18,-1,B3_four_cycle,-1,
53,17,14,1,A2_sigma_i,1,-1
53,18,10,-1,B1_block_swap,1,
53,19,6,1,A2_sigma_i,1,-1
53,20,2,-1,B1_block_swap,1,
53,21,99,-1,B1_block_swap,1,
53,22,95,1,A2_sigma_i,-1,1
53,23,91,-1,B1_block_swap,1,
53,24,87,1,A2_sigma_i,1,-1
53,25,83,-1,B1_block_swap,1,
53,26,79,1,A1_identity,1,1
53,27,75,-1,B3_four_cycle,-1,
53,28,71,1,A1_identity,1,1
53,29,67,-1,B3_four_cycle,-1,
53,30,63,-1,B1_block_swap,1,
53,31,59,-1,B1_block_swap,1,
53,32,55,-1,B3_four_cycle,-1,
53,33,51,-1,B1_block_swap,1,
53,34,47,1,A4_ramified_A,,
53,35,43,1,A2_sigma_i,1,-1
53,36,39,-1,B1_block_swap,1,
53,37,35,-1,B1_block_swap,1,
53,38,31,1,A2_sigma_i,1,-1
53,39,27,-1,B3_four_cycle,-1,
53,40,23,1,A2_sigma_i,1,-1
53,41,19,1,A2_sigma_i,1,-1
53,42,15,-1,B3_four_cycle,-1,
53,43,11,-1,B1_block_swap,1,
53,44,7,-1,B1_block_swap,1,
53,45,3,-1,B3_four_cycle,-1,
53,46,100,1,A3_sigma1sigma2,-1,-1
53,47,96,1,A1_identity,1,1
53,48,92,1,A3_sigma1sigma2,-1,-1
53,49,88,1,A3_sigma1sigma2,-1,-1
53,50,84,1,A1_identity,1,1
53,51,80,1,A3_sigma1sigma2,-1,-1
53,52,76,1,A1_identity,1,1
53,53,72,-1,B1_block_swap,1,
53,54,68,1,A1_identity,1,1
53,55,64,1,A1_identity,1,1
53,56,60,-1,B1_block_swap,1,
53,57,56,1,A3_sigma1sigma2,-1,-1
53,58,52,1,A2_sigma_i,1,-1
53,59,48,-1,B1_block_swap,1,
53,60,44,-1,B3_four_cycle,-1,
53,61,40,-1,B3_four_cycle,-1,
53,62,36,1,A1_identity,1,1
53,63,32,-1,B1_block_swap,1,
53,64,28,-1,B3_four_cycle,-1,
53,65,24,1,A2_sigma_i,-1,1
53,66,20,1,A2_sigma_i,1,-1
53,67,16,1,A2_sigma_i,1,-1
53,68,12,-1,B3_four_cycle,-1,
53,69,8,-1,B3_four_cycle,-1,
53,70,4,1,A2_sigma_i,-1,1
53,71,0,0,double_root,,
53,72,97,1,A2_sigma_i,1,-1
53,73,93,-1,B3_four_cycle,-1,
53,74,89,-1,B1_block_swap,1,
53,75,85,1,A1_identity,1,1
53,76,81,1,A1_identity,1,1
53,77,77,1,A2_sigma_i,-1,1
53,78,73,-1,B1_block_swap,1,
53,79,69,-1,B3_four_cycle,-1,
53,80,65,1,A3_sigma1sigma2,-1,-1
53,81,61,-1,B3_four_cycle,-1,
53,82,57,-1,B1_block_swap,1,
53,83,53,-1,B1_block_swap,1,
53,84,49,1,A3_sigma1sigma2,-1,-1
53,85,45,1,A4_ramified_A,,
53,86,41,-1,B1_block_swap,1,
53,87,37,1,A1_identity,1,1
53,88,33,1,A3_sigma1sigma2,-1,-1
53,89,29,-1,B1_block_swap,1,
53,90,25,1,A1_identity,1,1
53,91,21,1,A4_ramified_A,,
53,92,17,1,A2_sigma_i,-1,1
53,93,13,1,A2_sigma_i,-1,1
53,94,9,1,A1_identity,1,1
53,95,5,1,A1_identity,1,1
53,96,1,1,A1_identity,1,1
53,97,98,-1,B1_block_swap,1,
53,98,94,-1,B3_four_cycle,-1,
53,99,90,-1,B3_four_cycle,-1,
53,100,86,-1,B1_block_swap,1,
54,0,88,1,A1_identity,1,1
54,1,84,1,A3_sigma1sigma2,-1,-1
54,2,80,1,A1_identity,1,1
54,3,76,1,A1_identity,1,1
54,4,72,-1,B3_four_cycle,-1,
54,5,68,1,A2_sigma_i,-1,1
54,6,64,1,A2_sigma_i,1,-1
54,7,60,-1,B1_block_swap,1,
54,8,56,1,A1_identity,1,1
54,9,52,1,A3_sigma1sigma2,-1,-1
54,10,48,-1,B1_block_swap,1,
54,11,44,-1,B1_block_swap,1,
54,12,40,-1,B3_four_cycle,-1,
54,13,36,1,A2_sigma_i,1,-1
54,14,32,-1,B3_four_cycle,-1,
54,15,28,-1,B3_four_cycle,-1,
54,16,24,1,A2_sigma_i,-1,1
54,17,20,1,A2_sigma_i,-1,1
54,18,16,1,A1_identity,1,1
54,19,12,-1,B3_four_cycle,-1,
54,20,8,-1,B1_block_swap,1,
54,21,4,1,A1_identity,1,1
54,22,0,0,double_root,,
54,23,97,1,A1_identity,1,1
54,24,93,-1,B3_four_cycle,-1,
54,25,89,-1,B3_four_cycle,-1,
54,26,85,1,A3_sigma1sigma2,-1,-1
54,27,81,1,A2_sigma_i,1,-1
54,28,77,1,A3_sigma1sigma2,-1,-1
54,29,73,-1,B1_block_swap,1,
54,30,69,-1,B1_block_swap,1,
54,31,65,1,A2_sigma_i,1,-1
54,32,61,-1,B1_block_swap,1,
54,33,57,-1,B1_block_swap,1,
54,34,53,-1,B1_block_swap,1,
54,35,49,1,A1_identity,1,1
54,36,45,1,A1_identity,1,1
54,37,41,-1,B3_four_cycle,-1,
54,38,37,1,A2_sigma_i,1,-1
54,39,33,1,A2_sigma_i,-1,1
54,40,29,-1,B3_four_cycle,-1,
54,41,25,1,A1_identity,1,1
54,42,21,1,A2_sigma_i,-1,1
54,43,17,1,A1_identity,1,1
54,44,13,1,A4_ramified_A,,
54,45,9,1,A3_sigma1sigma2,-1,-1
54,46,5,1,A1_identity,1,1
54,47,1,1,A1_identity,1,1
54,48,98,-1,B1_block_swap,1,
54,49,94,-1,B1_block_swap,1,
54,50,90,-1,B1_block_swap,1,
54,51,86,-1,B1_block_swap,1,
54,52,82,1,A3_sigma1sigma2,-1,-1
54,53,78,1,A1_identity,1,1
54,54,74,-1,B3_four_cycle,-1,
54,55,70,1,A3_sigma1sigma2,-1,-1
54,56,66,-1,B1_block_swap,1,
54,57,62,-1,B1_block_swap,1,
54,58,58,1,A3_sigma1sigma2,-1,-1
54,59,54,1,A2_sigma_i,-1,1
54,60,50,-1,B1_block_swap,1,
54,61,46,-1,B1_block_swap,1,
54,62,42,-1,B1_block_swap,1,
54,63,38,-1,B3_four_cycle,-1,
54,64,34,-1,B1_block_swap,1,
54,65,30,1,A2_sigma_i,-1,1
54,66,26,-1,B3_four_cycle,-1,
54,67,22,1,A3_sigma1sigma2,-1,-1
54,68,18,-1,B3_four_cycle,-1,
54,69,14,1,A2_sigma_i,-1,1
54,70,10,-1,B3_four_cycle,-1,
54,71,6,1,A2_sigma_i,1,-1
54,72,2,-1,B1_block_swap,1,
54,73,99,-1,B1_block_swap,1,
54,74,95,1,A2_sigma_i,1,-1
54,75,91,-1,B3_four_cycle,-1,
54,76,87,1,A4_ramified_A,,
54,77,83,-1,B1_block_swap,1,
54,78,79,1,A2_sigma_i,1,-1
54,79,75,-1,B3_four_cycle,-1,
54,80,71,1,A2_sigma_i,1,-1
54,81,67,-1,B1_block_swap,1,
54,82,63,-1,B1_block_swap,1,
54,83,59,-1,B3_four_cycle,-1,
54,84,55,-1,B1_block_swap,1,
54,85,51,-1,B3_four_cycle,-1,
54,86,47,1,A3_sigma1sigma2,-1,-1
54,87,43,1,A1_identity,1,1
54,88,39,-1,B3_four_cycle,-1,
54,89,35,-1,B1_block_swap,1,
54,90,31,1,A4_ramified_A,,
54,91,27,-1,B3_four_cycle,-1,
54,92,23,1,A3_sigma1sigma2,-1,-1
54,93,19,1,A2_sigma_i,-1,1
54,94,15,-1,B1_block_swap,1,
54,95,11,-1,B3_four_cycle,-1,
54,96,7,-1,B1_block_swap,1,
54,97,3,-1,B1_block_swap,1,
54,98,100,1,A2_sigma_i,1,-1
54,99,96,1,A2_sigma_i,-1,1
54,100,92,1,A2_sigma_i,-1,1
55,0,96,1,A1_identity,1,1
55,1,92,1,A2_sigma_i,1,-1
55,2,88,1,A2_sigma_i,1,-1
55,3,84,1,A4_ramified_A,,
55,4,80,1,A1_identity,1,1
55,5,76,1,A1_identity,1,1
55,6,72,-1,B3_four_cycle,-1,
55,7,68,1,A2_sigma_i,1,-1
55,8,64,1,A2_sigma_i,-1,1
55,9,60,-1,B1_block_swap,1,
55,10,56,1,A2_sigma_i,1,-1
55,11,52,1,A2_sigma_i,1,-1
55,12,48,-1,B1_block_swap,1,
55,13,44,-1,B3_four_cycle,-1,
55,14,40,-1,B3_four_cycle,-1,
55,15,36,1,A1_identity,1,1
55,16,32,-1,B3_four_cycle,-1,
55,17,28,-1,B1_block_swap,1,
55,18,24,1,A1_identity,1,1
55,19,20,1,A1_identity,1,1
55,20,16,1,A2_sigma_i,-1,1
55,21,12,-1,B1_block_swap,1,
55,22,8,-1,B3_four_cycle,-1,
55,23,4,1,A2_sigma_i,1,-1
55,24,0,0,double_root,,
55,25,97,1,A3_sigma1sigma2,-1,-1
55,26,93,-1,B3_four_cycle,-1,
55,27,89,-1,B1_block_swap,1,
55,28,85,1,A3_sigma1sigma2,-1,-1
55,29,81,1,A3_sigma1sigma2,-1,-1
55,30,77,1,A3_sigma1sigma2,-1,-1
55,31,73,-1,B3_four_cycle,-1,
55,32,69,-1,B1_block_swap,1,
55,33,65,1,A3_sigma1sigma2,-1,-1
55,34,61,-1,B1_block_swap,1,
55,35,57,-1,B3_four_cycle,-1,
55,36,53,-1,B1_block_swap,1,
55,37,49,1,A1_identity,1,1
55,38,45,1,A1_identity,1,1
55,39,41,-1,B1_block_swap,1,
55,40,37,1,A1_identity,1,1
55,41,33,1,A2_sigma_i,1,-1
55,42,29,-1,B1_block_swap,1,
55,43,25,1,A2_sigma_i,-1,1
55,44,21,1,A2_sigma_i,-1,1
55,45,17,1,A4_ramified_A,,
55,46,13,1,A2_sigma_i,1,-1
55,47,9,1,A1_identity,1,1
55,48,5,1,A2_sigma_i,1,-1
55,49,1,1,A1_identity,1,1
55,50,98,-1,B3_four_cycle,-1,
55,51,94,-1,B1_block_swap,1,
55,52,90,-1,B3_four_cycle,-1,
55,53,86,-1,B3_four_cycle,-1,
55,54,82,1,A1_identity,1,1
55,55,78,1,A2_sigma_i,-1,1
55,56,74,-1,B1_block_swap,1,
55,57,70,1,A2_sigma_i,-1,1
55,58,66,-1,B1_block_swap,1,
55,59,62,-1,B3_four_cycle,-1,
55,60,58,1,A1_identity,1,1
55,61,54,1,A4_ramified_A,,
55,62,50,-1,B3_four_cycle,-1,
55,63,46,-1,B3_four_cycle,-1,
55,64,42,-1,B1_block_swap,1,
55,65,38,-1,B3_four_cycle,-1,
55,66,34,-1,B3_four_cycle,-1,
55,67,30,1,A1_identity,1,1
55,68,26,-1,B3_four_cycle,-1,
55,69,22,1,A3_sigma1sigma2,-1,-1
55,70,18,-1,B3_four_cycle,-1,
55,71,14,1,A3_sigma1sigma2,-1,-1
55,72,10,-1,B3_four_cycle,-1,
55,73,6,1,A3_sigma1sigma2,-1,-1
55,74,2,-1,B3_four_cycle,-1,
55,75,99,-1,B3_four_cycle,-1,
55,76,95,1,A3_sigma1sigma2,-1,-1
55,77,91,-1,B1_block_swap,1,
55,78,87,1,A2_sigma_i,1,-1
55,79,83,-1,B1_block_swap,1,
55,80,79,1,A2_sigma_i,-1,1
55,81,75,-1,B1_block_swap,1,
55,82,71,1,A3_sigma1sigma2,-1,-1
55,83,67,-1,B3_four_cycle,-1,
55,84,63,-1,B3_four_cycle,-1,
55,85,59,-1,B3_four_cycle,-1,
55,86,55,-1,B1_block_swap,1,
55,87,51,-1,B1_block_swap,1,
55,88,47,1,A2_sigma_i,-1,1
55,89,43,1,A2_sigma_i,1,-1
55,90,39,-1,B3_four_cycle,-1,
55,91,35,-1,B3_four_cycle,-1,
55,92,31,1,A2_sigma_i,-1,1
55,93,27,-1,B3_four_cycle,-1,
55,94,23,1,A2_sigma_i,1,-1
55,95,19,1,A3_sigma1sigma2,-1,-1
55,96,15,-1,B3_four_cycle,-1,
55,97,11,-1,B3_four_cycle,-1,
55,98,7,-1,B3_four_cycle,-1,
55,99,3,-1,B3_four_cycle,-1,
55,100,100,1,A1_identity,1,1
56,0,5,1,A4_ramified_A,,
56,1,1,1,A2_sigma_i,-1,1
56,2,98,-1,B3_four_cycle,-1,
56,3,94,-1,B1_block_swap,1,
56,4,90,-1,B1_block_swap,1,
56,5,86,-1,B3_four_cycle,-1,
56,6,82,1,A1_identity,1,1
56,7,78,1,A1_identity,1,1
56,8,74,-1,B3_four_cycle,-1,
56,9,70,1,A3_sigma1sigma2,-1,-1
56,10,66,-1,B1_block_swap,1,
56,11,62,-1,B1_block_swap,1,
56,12,58,1,A2_sigma_i,-1,1
56,13,54,1,A2_sigma_i,-1,1
56,14,50,-1,B3_four_cycle,-1,
56,15,46,-1,B1_block_swap,1,
56,16,42,-1,B1_block_swap,1,
56,17,38,-1,B1_block_swap,1,
56,18,34,-1,B1_block_swap,1,
56,19,30,1,A3_sigma1sigma2,-1,-1
56,20,26,-1,B3_four_cycle,-1,
56,21,22,1,A2_sigma_i,-1,1
56,22,18,-1,B3_four_cycle,-1,
56,23,14,1,A2_sigma_i,-1,1
56,24,10,-1,B3_four_cycle,-1,
56,25,6,1,A2_sigma_i,-1,1
56,26,2,-1,B3_four_cycle,-1,
56,27,99,-1,B3_four_cycle,-1,
56,28,95,1,A2_sigma_i,1,-1
56,29,91,-1,B1_block_swap,1,
56,30,87,1,A3_sigma1sigma2,-1,-1
56,31,83,-1,B1_block_swap,1,
56,32,79,1,A2_sigma_i,-1,1
56,33,75,-1,B1_block_swap,1,
56,34,71,1,A2_sigma_i,-1,1
56,35,67,-1,B3_four_cycle,-1,
56,36,63,-1,B1_block_swap,1,
56,37,59,-1,B3_four_cycle,-1,
56,38,55,-1,B1_block_swap,1,
56,39,51,-1,B1_block_swap,1,
56,40,47,1,A2_sigma_i,1,-1
56,41,43,1,A2_sigma_i,-1,1
56,42,39,-1,B3_four_cycle,-1,
56,43,35,-1,B3_four_cycle,-1,
56,44,31,1,A1_identity,1,1
56,45,27,-1,B3_four_cycle,-1,
56,46,23,1,A4_ramified_A,,
56,47,19,1,A3_sigma1sigma2,-1,-1
56,48,15,-1,B3_four_cycle,-1,
56,49,11,-1,B3_four_cycle,-1,
56,50,7,-1,B3_four_cycle,-1,
56,51,3,-1,B1_block_swap,1,
56,52,100,1,A2_sigma_i,-1,1
56,53,96,1,A2_sigma_i,-1,1
56,54,92,1,A2_sigma_i,-1,1
56,55,88,1,A1_identity,1,1
56,56,84,1,A1_identity,1,1
56,57,80,1,A1_identity,1,1
56,58,76,1,A2_sigma_i,-1,1
56,59,72,-1,B3_four_cycle,-1,
56,60,68,1,A3_sigma1sigma2,-1,-1
56,61,64,1,A2_sigma_i,-1,1
56,62,60,-1,B3_four_cycle,-1,
56,63,56,1,A4_ramified_A,,
56,64,52,1,A2_sigma_i,-1,1
56,65,48,-1,B3_four_cycle,-1,
56,66,44,-1,B1_block_swap,1,
56,67,40,-1,B3_four_cycle,-1,
56,68,36,1,A1_identity,1,1
56,69,32,-1,B3_four_cycle,-1,
56,70,28,-1,B3_four_cycle,-1,
56,71,24,1,A2_sigma_i,1,-1
56,72,20,1,A1_identity,1,1
56,73,16,1,A2_sigma_i,1,-1
56,74,12,-1,B3_four_cycle,-1,
56,75,8,-1,B3_four_cycle,-1,
56,76,4,1,A1_identity,1,1
56,77,0,0,double_root,,
56,78,97,1,A1_identity,1,1
56,79,93,-1,B1_block_swap,1,
56,80,89,-1,B3_four_cycle,-1,
56,81,85,1,A3_sigma1sigma2,-1,-1
56,82,81,1,A1_identity,1,1
56,83,77,1,A2_sigma_i,1,-1
56,84,73,-1,B3_four_cycle,-1,
56,85,69,-1,B3_four_cycle,-1,
56,86,65,1,A3_sigma1sigma2,-1,-1
56,87,61,-1,B3_four_cycle,-1,
56,88,57,-1,B3_four_cycle,-1,
56,89,53,-1,B1_block_swap,1,
56,90,49,1,A2_sigma_i,1,-1
56,91,45,1,A3_sigma1sigma2,-1,-1
56,92,41,-1,B1_block_swap,1,
56,93,37,1,A2_sigma_i,-1,1
56,94,33,1,A3_sigma1sigma2,-1,-1
56,95,29,-1,B3_four_cycle,-1,
56,96,25,1,A2_sigma_i,1,-1
56,97,21,1,A1_identity,1,1
56,98,17,1,A3_sigma1sigma2,-1,-1
56,99,13,1,A1_identity,1,1
56,100,9,1,A1_identity,1,1
57,0,17,1,A1_identity,1,1
57,1,13,1,A2_sigma_i,-1,1
57,2,9,1,A2_sigma_i,1,-1
57,3,5,1,A3_sigma1sigma2,-1,-1
57,4,1,1,A1_identity,1,1
57,5,98,-1,B1_block_swap,1,
57,6,94,-1,B3_four_cycle,-1,
57,7,90,-1,B3_four_cycle,-1,
57,8,86,-1,B3_four_cycle,-1,
57,9,82,1,A1_identity,1,1
57,10,78,1,A1_identity,1,1
57,11,74,-1,B3_four_cycle,-1,
57,12,70,1,A3_sigma1sigma2,-1,-1
57,13,66,-1,B3_four_cycle,-1,
57,14,62,-1,B1_block_swap,1,
57,15,58,1,A1_identity,1,1
57,16,54,1,A3_sigma1sigma2,-1,-1
57,17,50,-1,B3_four_cycle,-1,
57,18,46,-1,B3_four_cycle,-1,
57,19,42,-1,B1_block_swap,1,
57,20,38,-1,B1_block_swap,1,
57,21,34,-1,B1_block_swap,1,
57,22,30,1,A4_ramified_A,,
57,23,26,-1,B3_four_cycle,-1,
57,24,22,1,A2_sigma_i,1,-1
57,25,18,-1,B3_four_cycle,-1,
57,26,14,1,A1_identity,1,1
57,27,10,-1,B3_four_cycle,-1,
57,28,6,1,A3_sigma1sigma2,-1,-1
57,29,2,-1,B3_four_cycle,-1,
57,30,99,-1,B1_block_swap,1,
57,31,95,1,A4_ramified_A,,
57,32,91,-1,B3_four_cycle,-1,
57,33,87,1,A1_identity,1,1
57,34,83,-1,B1_block_swap,1,
57,35,79,1,A3_sigma1sigma2,-1,-1
57,36,75,-1,B1_block_swap,1,
57,37,71,1,A2_sigma_i,-1,1
57,38,67,-1,B1_block_swap,1,
57,39,63,-1,B3_four_cycle,-1,
57,40,59,-1,B3_four_cycle,-1,
57,41,55,-1,B1_block_swap,1,
57,42,51,-1,B3_four_cycle,-1,
57,43,47,1,A2_sigma_i,1,-1
57,44,43,1,A2_sigma_i,-1,1
57,45,39,-1,B3_four_cycle,-1,
57,46,35,-1,B1_block_swap,1,
57,47,31,1,A3_sigma1sigma2,-1,-1
57,48,27,-1,B1_block_swap,1,
57,49,23,1,A2_sigma_i,1,-1
57,50,19,1,A2_sigma_i,-1,1
57,51,15,-1,B3_four_cycle,-1,
57,52,11,-1,B1_block_swap,1,
57,53,7,-1,B3_four_cycle,-1,
57,54,3,-1,B1_block_swap,1,
57,55,100,1,A1_identity,1,1
57,56,96,1,A4_ramified_A,,
57,57,92,1,A3_sigma1sigma2,-1,-1
57,58,88,1,A1_identity,1,1
57,59,84,1,A1_identity,1,1
57,60,80,1,A3_sigma1sigma2,-1,-1
57,61,76,1,A2_sigma_i,1,-1
57,62,72,-1,B3_four_cycle,-1,
57,63,68,1,A2_sigma_i,1,-1
57,64,64,1,A1_identity,1,1
57,65,60,-1,B3_four_cycle,-1,
57,66,56,1,A2_sigma_i,-1,1
57,67,52,1,A2_sigma_i,1,-1
57,68,48,-1,B1_block_swap,1,
57,69,44,-1,B3_four_cycle,-1,
57,70,40,-1,B1_block_swap,1,
57,71,36,1,A3_sigma1sigma2,-1,-1
57,72,32,-1,B1_block_swap,1,
57,73,28,-1,B1_block_swap,1,
57,74,24,1,A2_sigma_i,1,-1
57,75,20,1,A3_sigma1sigma2,-1,-1
57,76,16,1,A1_identity,1,1
57,77,12,-1,B1_block_swap,1,
57,78,8,-1,B1_block_swap,1,
57,79,4,1,A1_identity,1,1
57,80,0,0,double_root,,
57,81,97,1,A1_identity,1,1
57,82,93,-1,B3_four_cycle,-1,
57,83,89,-1,B1_block_swap,1,
57,84,85,1,A2_sigma_i,-1,1
57,85,81,1,A1_identity,1,1
57,86,77,1,A2_sigma_i,-1,1
57,87,73,-1,B1_block_swap,1,
57,88,69,-1,B3_four_cycle,-1,
57,89,65,1,A2_sigma_i,-1,1
57,90,61,-1,B1_block_swap,1,
57,91,57,-1,B3_four_cycle,-1,
57,92,53,-1,B3_four_cycle,-1,
57,93,49,1,A2_sigma_i,1,-1
57,94,45,1,A2_sigma_i,1,-1
57,95,41,-1,B1_block_swap,1,
57,96,37,1,A1_identity,1,1
57,97,33,1,A2_sigma_i,1,-1
57,98,29,-1,B1_block_swap,1,
57,99,25,1,A1_identity,1,1
57,100,21,1,A3_sigma1sigma2,-1,-1
58,0,31,1,A2_sigma_i,-1,1
58,1,27,-1,B1_block_swap,1,
58,2,23,1,A3_sigma1sigma2,-1,-1
58,3,19,1,A2_sigma_i,-1,1
58,4,15,-1,B1_block_swap,1,
58,5,11,-1,B3_four_cycle,-1,
58,6,7,-1,B3_four_cycle,-1,
58,7,3,-1,B3_four_cycle,-1,
58,8,100,1,A2_sigma_i,1,-1
58,9,96,1,A2_sigma_i,1,-1
58,10,92,1,A2_sigma_i,-1,1
58,11,88,1,A4_ramified_A,,
58,12,84,1,A3_sigma1sigma2,-1,-1
58,13,80,1,A2_sigma_i,1,-1
58,14,76,1,A1_identity,1,1
58,15,72,-1,B3_four_cycle,-1,
58,16,68,1,A4_ramified_A,,
58,17,64,1,A1_identity,1,1
58,18,60,-1,B1_block_swap,1,
58,19,56,1,A2_sigma_i,-1,1
58,20,52,1,A2_sigma_i,1,-1
58,21,48,-1,B1_block_swap,1,
58,22,44,-1,B1_block_swap,1,
58,23,40,-1,B3_four_cycle,-1,
58,24,36,1,A2_sigma_i,1,-1
58,25,32,-1,B3_four_cycle,-1,
58,26,28,-1,B1_block_swap,1,
58,27,24,1,A3_sigma1sigma2,-1,-1
58,28,20,1,A2_sigma_i,1,-1
58,29,16,1,A1_identity,1,1
58,30,12,-1,B1_block_swap,1,
58,31,8,-1,B1_block_swap,1,
58,32,4,1,A2_sigma_i,1,-1
58,33,0,0,double_root,,
58,34,97,1,A1_identity,1,1
58,35,93,-1,B1_block_swap,1,
58,36,89,-1,B3_four_cycle,-1,
58,37,85,1,A2_sigma_i,1,-1
58,38,81,1,A1_identity,1,1
58,39,77,1,A2_sigma_i,1,-1
58,40,73,-1,B1_block_swap,1,
58,41,69,-1,B3_four_cycle,-1,
58,42,65,1,A1_identity,1,1
58,43,61,-1,B3_four_cycle,-1,
58,44,57,-1,B1_block_swap,1,
58,45,53,-1,B1_block_swap,1,
58,46,49,1,A2_sigma_i,-1,1
58,47,45,1,A2_sigma_i,1,-1
58,48,41,-1,B1_block_swap,1,
58,49,37,1,A2_sigma_i,1,-1
58,50,33,1,A2_sigma_i,-1,1
58,51,29,-1,B1_block_swap,1,
58,52,25,1,A2_sigma_i,-1,1
58,53,21,1,A1_identity,1,1
58,54,17,1,A3_sigma1sigma2,-1,-1
58,55,13,1,A2_sigma_i,-1,1
58,56,9,1,A1_identity,1,1
58,57,5,1,A1_identity,1,1
58,58,1,1,A2_sigma_i,1,-1
58,59,98,-1,B3_four_cycle,-1,
58,60,94,-1,B3_four_cycle,-1,
58,61,90,-1,B3_four_cycle,-1,
58,62,86,-1,B1_block_swap,1,
58,63,82,1,A1_identity,1,1
58,64,78,1,A2_sigma_i,1,-1
58,65,74,-1,B1_block_swap,1,
58,66,70,1,A1_identity,1,1
58,67,66,-1,B1_block_swap,1,
58,68,62,-1,B3_four_cycle,-1,
58,69,58,1,A2_sigma_i,1,-1
58,70,54,1,A1_identity,1,1
58,71,50,-1,B3_four_cycle,-1,
58,72,46,-1,B1_block_swap,1,
58,73,42,-1,B1_block_swap,1,
58,74,38,-1,B1_block_swap,1,
58,75,34,-1,B1_block_swap,1,
58,76,30,1,A2_sigma_i,1,-1
58,77,26,-1,B1_block_swap,1,
58,78,22,1,A3_sigma1sigma2,-1,-1
58,79,18,-1,B1_block_swap,1,
58,80,14,1,A3_sigma1sigma2,-1,-1
58,81,10,-1,B1_block_swap,1,
58,82,6,1,A4_ramified_A,,
58,83,2,-1,B1_block_swap,1,
58,84,99,-1,B1_block_swap,1,
58,85,95,1,A2_sigma_i,1,-1
58,86,91,-1,B3_four_cycle,-1,
58,87,87,1,A3_sigma1sigma2,-1,-1
58,88,83,-1,B3_four_cycle,-1,
58,89,79,1,A1_identity,1,1
58,90,75,-1,B1_block_swap,1,
58,91,71,1,A2_sigma_i,-1,1
58,92,67,-1,B3_four_cycle,-1,
58,93,63,-1,B3_four_cycle,-1,
58,94,59,-1,B1_block_swap,1,
58,95,55,-1,B1_block_swap,1,
58,96,51,-1,B1_block_swap,1,
58,97,47,1,A3_sigma1sigma2,-1,-1
58,98,43,1,A3_sigma1sigma2,-1,-1
58,99,39,-1,B3_four_cycle,-1,
58,100,35,-1,B1_block_swap,1,
59,0,47,1,A1_identity,1,1
59,1,43,1,A4_ramified_A,,
59,2,39,-1,B3_four_cycle,-1,
59,3,35,-1,B1_block_swap,1,
59,4,31,1,A3_sigma1sigma2,-1,-1
59,5,27,-1,B3_four_cycle,-1,
59,6,23,1,A1_identity,1,1
59,7,19,1,A1_identity,1,1
59,8,15,-1,B1_block_swap,1,
59,9,11,-1,B1_block_swap,1,
59,10,7,-1,B3_four_cycle,-1,
59,11,3,-1,B3_four_cycle,-1,
59,12,100,1,A2_sigma_i,1,-1
59,13,96,1,A1_identity,1,1
59,14,92,1,A1_identity,1,1
59,15,88,1,A2_sigma_i,-1,1
59,16,84,1,A3_sigma1sigma2,-1,-1
59,17,80,1,A2_sigma_i,1,-1
59,18,76,1,A1_identity,1,1
59,19,72,-1,B1_block_swap,1,
59,20,68,1,A3_sigma1sigma2,-1,-1
59,21,64,1,A2_sigma_i,1,-1
59,22,60,-1,B1_block_swap,1,
59,23,56,1,A3_sigma1sigma2,-1,-1
59,24,52,1,A3_sigma1sigma2,-1,-1
59,25,48,-1,B3_four_cycle,-1,
59,26,44,-1,B1_block_swap,1,
59,27,40,-1,B1_block_swap,1,
59,28,36,1,A1_identity,1,1
59,29,32,-1,B3_four_cycle,-1,
59,30,28,-1,B1_block_swap,1,
59,31,24,1,A2_sigma_i,1,-1
59,32,20,1,A2_sigma_i,1,-1
59,33,16,1,A2_sigma_i,1,-1
59,34,12,-1,B3_four_cycle,-1,
59,35,8,-1,B1_block_swap,1,
59,36,4,1,A2_sigma_i,-1,1
59,37,0,0,double_root,,
59,38,97,1,A3_sigma1sigma2,-1,-1
59,39,93,-1,B3_four_cycle,-1,
59,40,89,-1,B1_block_swap,1,
59,41,85,1,A4_ramified_A,,
59,42,81,1,A2_sigma_i,1,-1
59,43,77,1,A3_sigma1sigma2,-1,-1
59,44,73,-1,B3_four_cycle,-1,
59,45,69,-1,B3_four_cycle,-1,
59,46,65,1,A3_sigma1sigma2,-1,-1
59,47,61,-1,B3_four_cycle,-1,
59,48,57,-1,B3_four_cycle,-1,
59,49,53,-1,B3_four_cycle,-1,
59,50,49,1,A1_identity,1,1
59,51,45,1,A1_identity,1,1
59,52,41,-1,B3_four_cycle,-1,
59,53,37,1,A2_sigma_i,1,-1
59,54,33,1,A2_sigma_i,1,-1
59,55,29,-1,B3_four_cycle,-1,
59,56,25,1,A2_sigma_i,-1,1
59,57,21,1,A2_sigma_i,1,-1
59,58,17,1,A2_sigma_i,1,-1
59,59,13,1,A3_sigma1sigma2,-1,-1
59,60,9,1,A1_identity,1,1
59,61,5,1,A2_sigma_i,-1,1
59,62,1,1,A2_sigma_i,-1,1
59,63,98,-1,B3_four_cycle,-1,
59,64,94,-1,B1_block_swap,1,
59,65,90,-1,B3_four_cycle,-1,
59,66,86,-1,B1_block_swap,1,
59,67,82,1,A4_ramified_A,,
59,68,78,1,A1_identity,1,1
59,69,74,-1,B1_block_swap,1,
59,70,70,1,A2_sigma_i,-1,1
59,71,66,-1,B1_block_swap,1,
59,72,62,-1,B1_block_swap,1,
59,73,58,1,A1_identity,1,1
59,74,54,1,A3_sigma1sigma2,-1,-1
59,75,50,-1,B3_four_cycle,-1,
59,76,46,-1,B1_block_swap,1,
59,77,42,-1,B3_four_cycle,-1,
59,78,38,-1,B3_four_cycle,-1,
59,79,34,-1,B1_block_swap,1,
59,80,30,1,A2_sigma_i,1,-1
59,81,26,-1,B3_four_cycle,-1,
59,82,22,1,A1_identity,1,1
59,83,18,-1,B3_four_cycle,-1,
59,84,14,1,A2_sigma_i,-1,1
59,85,10,-1,B1_block_swap,1,
59,86,6,1,A1_identity,1,1
59,87,2,-1,B1_block_swap,1,
59,88,99,-1,B1_block_swap,1,
59,89,95,1,A2_sigma_i,1,-1
59,90,91,-1,B3_four_cycle,-1,
59,91,87,1,A1_identity,1,1
59,92,83,-1,B1_block_swap,1,
59,93,79,1,A2_sigma_i,-1,1
59,94,75,-1,B3_four_cycle,-1,
59,95,71,1,A3_sigma1sigma2,-1,-1
59,96,67,-1,B1_block_swap,1,
59,97,63,-1,B1_block_swap,1,
59,98,59,-1,B3_four_cycle,-1,
59,99,55,-1,B1_block_swap,1,
59,100,51,-1,B1_block_swap,1,
60,0,65,1,A4_ramified_A,,
60,1,61,-1,B3_four_cycle,-1,
60,2,57,-1,B3_four_cycle,-1,
60,3,53,-1,B3_four_cycle,-1,
60,4,49,1,A1_identity,1,1
60,5,45,1,A3_sigma1sigma2,-1,-1
60,6,41,-1,B1_block_swap,1,
60,7,37,1,A3_sigma1sigma2,-1,-1
60,8,33,1,A2_sigma_i,1,-1
60,9,29,-1,B1_block_swap,1,
60,10,25,1,A1_identity,1,1
60,11,21,1,A1_identity,1,1
60,12,17,1,A2_sigma_i,1,-1
60,13,13,1,A2_sigma_i,1,-1
60,14,9,1,A3_sigma1sigma2,-1,-1
60,15,5,1,A2_sigma_i,-1,1
60,16,1,1,A1_identity,1,1
60,17,98,-1,B1_block_swap,1,
60,18,94,-1,B1_block_swap,1,
60,19,90,-1,B3_four_cycle,-1,
60,20,86,-1,B1_block_swap,1,
60,21,82,1,A2_sigma_i,-1,1
60,22,78,1,A4_ramified_A,,
60,23,74,-1,B1_block_swap,1,
60,24,70,1,A1_identity,1,1
60,25,66,-1,B1_block_swap,1,
60,26,62,-1,B1_block_swap,1,
60,27,58,1,A3_sigma1sigma2,-1,-1
60,28,54,1,A1_identity,1,1
60,29,50,-1,B1_block_swap,1,
60,30,46,-1,B1_block_swap,1,
60,31,42,-1,B1_block_swap,1,
60,32,38,-1,B3_four_cycle,-1,
60,33,34,-1,B3_four_cycle,-1,
60,34,30,1,A2_sigma_i,-1,1
60,35,26,-1,B3_four_cycle,-1,
60,36,22,1,A2_sigma_i,-1,1
60,37,18,-1,B1_block_swap,1,
60,38,14,1,A2_sigma_i,-1,1
60,39,10,-1,B1_block_swap,1,
60,40,6,1,A1_identity,1,1
60,41,2,-1,B1_block_swap,1,
60,42,99,-1,B3_four_cycle,-1,
60,43,95,1,A2_sigma_i,-1,1
60,44,91,-1,B3_four_cycle,-1,
60,45,87,1,A2_sigma_i,-1,1
60,46,83,-1,B1_block_swap,1,
60,47,79,1,A2_sigma_i,-1,1
60,48,75,-1,B3_four_cycle,-1,
60,49,71,1,A1_identity,1,1
60,50,67,-1,B1_block_swap,1,
60,51,63,-1,B1_block_swap,1,
60,52,59,-1,B3_four_cycle,-1,
60,53,55,-1,B1_block_swap,1,
60,54,51,-1,B3_four_cycle,-1,
60,55,47,1,A3_sigma1sigma2,-1,-1
60,56,43,1,A2_sigma_i,-1,1
60,57,39,-1,B1_block_swap,1,
60,58,35,-1,B3_four_cycle,-1,
60,59,31,1,A1_identity,1,1
60,60,27,-1,B3_four_cycle,-1,
60,61,23,1,A2_sigma_i,1,-1
60,62,19,1,A3_sigma1sigma2,-1,-1
60,63,15,-1,B1_block_swap,1,
60,64,11,-1,B3_four_cycle,-1,
60,65,7,-1,B1_block_swap,1,
60,66,3,-1,B1_block_swap,1,
60,67,100,1,A2_sigma_i,1,-1
60,68,96,1,A2_sigma_i,1,-1
60,69,92,1,A3_sigma1sigma2,-1,-1
60,70,88,1,A2_sigma_i,1,-1
60,71,84,1,A3_sigma1sigma2,-1,-1
60,72,80,1,A2_sigma_i,1,-1
60,73,76,1,A1_identity,1,1
60,74,72,-1,B3_four_cycle,-1,
60,75,68,1,A2_sigma_i,1,-1
60,76,64,1,A2_sigma_i,-1,1
60,77,60,-1,B1_block_swap,1,
60,78,56,1,A3_sigma1sigma2,-1,-1
60,79,52,1,A1_identity,1,1
60,80,48,-1,B3_four_cycle,-1,
60,81,44,-1,B3_four_cycle,-1,
60,82,40,-1,B3_four_cycle,-1,
60,83,36,1,A1_identity,1,1
60,84,32,-1,B1_block_swap,1,
60,85,28,-1,B1_block_swap,1,
60,86,24,1,A2_sigma_i,1,-1
60,87,20,1,A4_ramified_A,,
60,88,16,1,A2_sigma_i,1,-1
60,89,12,-1,B3_four_cycle,-1,
60,90,8,-1,B1_block_swap,1,
60,91,4,1,A1_identity,1,1
60,92,0,0,double_root,,
60,93,97,1,A2_sigma_i,1,-1
60,94,93,-1,B3_four_cycle,-1,
60,95,89,-1,B1_block_swap,1,
60,96,85,1,A2_sigma_i,-1,1
60,97,81,1,A3_sigma1sigma2,-1,-1
60,98,77,1,A1_identity,1,1
60,99,73,-1,B1_block_swap,1,
60,100,69,-1,B1_block_swap,1,
61,0,85,1,A1_identity,1,1
61,1,81,1,A2_sigma_i,1,-1
61,2,77,1,A1_identity,1,1
61,3,73,-1,B3_four_cycle,-1,
61,4,69,-1,B3_four_cycle,-1,
61,5,65,1,A2_sigma_i,1,-1
61,6,61,-1,B1_block_swap,1,
61,7,57,-1,B3_four_cycle,-1,
61,8,53,-1,B1_block_swap,1,
61,9,49,1,A2_sigma_i,1,-1
61,10,45,1,A3_sigma1sigma2,-1,-1
61,11,41,-1,B1_block_swap,1,
61,12,37,1,A2_sigma_i,1,-1
61,13,33,1,A2_sigma_i,-1,1
61,14,29,-1,B3_four_cycle,-1,
61,15,25,1,A1_identity,1,1
61,16,21,1,A3_sigma1sigma2,-1,-1
61,17,17,1,A1_identity,1,1
61,18,13,1,A3_sigma1sigma2,-1,-1
61,19,9,1,A2_sigma_i,1,-1
61,20,5,1,A2_sigma_i,-1,1
61,21,1,1,A2_sigma_i,1,-1
61,22,98,-1,B1_block_swap,1,
61,23,94,-1,B3_four_cycle,-1,
61,24,90,-1,B3_four_cycle,-1,
61,25,86,-1,B1_block_swap,1,
61,26,82,1,A1_identity,1,1
61,27,78,1,A2_sigma_i,-1,1
61,28,74,-1,B3_four_cycle,-1,
61,29,70,1,A3_sigma1sigma2,-1,-1
61,30,66,-1,B1_block_swap,1,
61,31,62,-1,B1_block_swap,1,
61,32,58,1,A2_sigma_i,-1,1
61,33,54,1,A1_identity,1,1
61,34,50,-1,B3_four_cycle,-1,
61,35,46,-1,B1_block_swap,1,
61,36,42,-1,B3_four_cycle,-1,
61,37,38,-1,B1_block_swap,1,
61,38,34,-1,B1_block_swap,1,
61,39,30,1,A2_sigma_i,-1,1
61,40,26,-1,B1_block_swap,1,
61,41,22,1,A1_identity,1,1
61,42,18,-1,B3_four_cycle,-1,
61,43,14,1,A1_identity,1,1
61,44,10,-1,B1_block_swap,1,
61,45,6,1,A3_sigma1sigma2,-1,-1
61,46,2,-1,B1_block_swap,1,
61,47,99,-1,B1_block_swap,1,
61,48,95,1,A2_sigma_i,1,-1
61,49,91,-1,B1_block_swap,1,
61,50,87,1,A1_identity,1,1
61,51,83,-1,B3_four_cycle,-1,
61,52,79,1,A3_sigma1sigma2,-1,-1
61,53,75,-1,B3_four_cycle,-1,
61,54,71,1,A2_sigma_i,-1,1
61,55,67,-1,B1_block_swap,1,
61,56,63,-1,B1_block_swap,1,
61,57,59,-1,B1_block_swap,1,
61,58,55,-1,B3_four_cycle,-1,
61,59,51,-1,B1_block_swap,1,
61,60,47,1,A4_ramified_A,,
61,61,43,1,A2_sigma_i,-1,1
61,62,39,-1,B1_block_swap,1,
61,63,35,-1,B1_block_swap,1,
61,64,31,1,A2_sigma_i,-1,1
61,65,27,-1,B3_four_cycle,-1,
61,66,23,1,A2_sigma_i,-1,1
61,67,19,1,A1_identity,1,1
61,68,15,-1,B1_block_swap,1,
61,69,11,-1,B3_four_cycle,-1,
61,70,7,-1,B3_four_cycle,-1,
61,71,3,-1,B1_block_swap,1,
61,72,100,1,A4_ramified_A,,
61,73,96,1,A3_sigma1sigma2,-1,-1
61,74,92,1,A2_sigma_i,-1,1
61,75,88,1,A2_sigma_i,-1,1
61,76,84,1,A2_sigma_i,-1,1
61,77,80,1,A3_sigma1sigma2,-1,-1
61,78,76,1,A4_ramified_A,,
61,79,72,-1,B3_four_cycle,-1,
61,80,68,1,A1_identity,1,1
61,81,64,1,A2_sigma_i,-1,1
61,82,60,-1,B3_four_cycle,-1,
61,83,56,1,A2_sigma_i,1,-1
61,84,52,1,A2_sigma_i,1,-1
61,85,48,-1,B3_four_cycle,-1,
61,86,44,-1,B1_block_swap,1,
61,87,40,-1,B1_block_swap,1,
61,88,36,1,A1_identity,1,1
61,89,32,-1,B1_block_swap,1,
61,90,28,-1,B1_block_swap,1,
61,91,24,1,A1_identity,1,1
61,92,20,1,A2_sigma_i,1,-1
61,93,16,1,A2_sigma_i,-1,1
61,94,12,-1,B3_four_cycle,-1,
61,95,8,-1,B3_four_cycle,-1,
61,96,4,1,A2_sigma_i,1,-1
61,97,0,0,double_root,,
61,98,97,1,A3_sigma1sigma2,-1,-1
61,99,93,-1,B1_block_swap,1,
61,100,89,-1,B1_block_swap,1,
62,0,6,1,A2_sigma_i,1,-1
62,1,2,-1,B1_block_swap,1,
62,2,99,-1,B3_four_cycle,-1,
62,3,95,1,A1_identity,1,1
62,4,91,-1,B3_four_cycle,-1,
62,5,87,1,A2_sigma_i,1,-1
62,6,83,-1,B1_block_swap,1,
62,7,79,1,A2_sigma_i,1,-1
62,8,75,-1,B3_four_cycle,-1,
62,9,71,1,A1_identity,1,1
62,10,67,-1,B1_block_swap,1,
62,11,63,-1,B1_block_swap,1,
62,12,59,-1,B3_four_cycle,-1,
62,13,55,-1,B3_four_cycle,-1,
62,14,51,-1,B1_block_swap,1,
62,15,47,1,A1_identity,1,1
62,16,43,1,A1_identity,1,1
62,17,39,-1,B1_block_swap,1,
62,18,35,-1,B1_block_swap,1,
62,19,31,1,A4_ramified_A,,
62,20,27,-1,B1_block_swap,1,
62,21,23,1,A1_identity,1,1
62,22,19,1,A2_sigma_i,-1,1
62,23,15,-1,B1_block_swap,1,
62,24,11,-1,B1_block_swap,1,
62,25,7,-1,B1_block_swap,1,
62,26,3,-1,B1_block_swap,1,
62,27,100,1,A2_sigma_i,1,-1
62,28,96,1,A2_sigma_i,1,-1
62,29,92,1,A1_identity,1,1
62,30,88,1,A2_sigma_i,-1,1
62,31,84,1,A2_sigma_i,1,-1
62,32,80,1,A1_identity,1,1
62,33,76,1,A4_ramified_A,,
62,34,72,-1,B3_four_cycle,-1,
62,35,68,1,A2_sigma_i,1,-1
62,36,64,1,A2_sigma_i,-1,1
62,37,60,-1,B3_four_cycle,-1,
62,38,56,1,A1_identity,1,1
62,39,52,1,A2_sigma_i,1,-1
62,40,48,-1,B3_four_cycle,-1,
62,41,44,-1,B3_four_cycle,-1,
62,42,40,-1,B3_four_cycle,-1,
62,43,36,1,A2_sigma_i,1,-1
62,44,32,-1,B3_four_cycle,-1,
62,45,28,-1,B3_four_cycle,-1,
62,46,24,1,A3_sigma1sigma2,-1,-1
62,47,20,1,A3_sigma1sigma2,-1,-1
62,48,16,1,A1_identity,1,1
62,49,12,-1,B3_four_cycle,-1,
62,50,8,-1,B3_four_cycle,-1,
62,51,4,1,A3_sigma1sigma2,-1,-1
62,52,0,0,double_root,,
62,53,97,1,A2_sigma_i,1,-1
62,54,93,-1,B1_block_swap,1,
62,55,89,-1,B3_four_cycle,-1,
62,56,85,1,A3_sigma1sigma2,-1,-1
62,57,81,1,A4_ramified_A,,
62,58,77,1,A2_sigma_i,-1,1
62,59,73,-1,B3_four_cycle,-1,
62,60,69,-1,B3_four_cycle,-1,
62,61,65,1,A1_identity,1,1
62,62,61,-1,B3_four_cycle,-1,
62,63,57,-1,B3_four_cycle,-1,
62,64,53,-1,B3_four_cycle,-1,
62,65,49,1,A2_sigma_i,1,-1
62,66,45,1,A3_sigma1sigma2,-1,-1
62,67,41,-1,B3_four_cycle,-1,
62,68,37,1,A3_sigma1sigma2,-1,-1
62,69,33,1,A1_identity,1,1
62,70,29,-1,B3_four_cycle,-1,
62,71,25,1,A2_sigma_i,1,-1
62,72,21,1,A2_sigma_i,-1,1
62,73,17,1,A2_sigma_i,1,-1
62,74,13,1,A3_sigma1sigma2,-1,-1
62,75,9,1,A1_identity,1,1
62,76,5,1,A2_sigma_i,1,-1
62,77,1,1,A2_sigma_i,-1,1
62,78,98,-1,B3_four_cycle,-1,
62,79,94,-1,B1_block_swap,1,
62,80,90,-1,B3_four_cycle,-1,
62,81,86,-1,B1_block_swap,1,
62,82,82,1,A2_sigma_i,-1,1
62,83,78,1,A1_identity,1,1
62,84,74,-1,B1_block_swap,1,
62,85,70,1,A1_identity,1,1
62,86,66,-1,B3_four_cycle,-1,
62,87,62,-1,B1_block_swap,1,
62,88,58,1,A3_sigma1sigma2,-1,-1
62,89,54,1,A2_sigma_i,1,-1
62,90,50,-1,B3_four_cycle,-1,
62,91,46,-1,B1_block_swap,1,
62,92,42,-1,B3_four_cycle,-1,
62,93,38,-1,B1_block_swap,1,
62,94,34,-1,B1_block_swap,1,
62,95,30,1,A3_sigma1sigma2,-1,-1
62,96,26,-1,B1_block_swap,1,
62,97,22,1,A2_sigma_i,1,-1
62,98,18,-1,B3_four_cycle,-1,
62,99,14,1,A3_sigma1sigma2,-1,-1
62,100,10,-1,B3_four_cycle,-1,
63,0,30,1,A1_identity,1,1
63,1,26,-1,B3_four_cycle,-1,
63,2,22,1,A2_sigma_i,-1,1
63,3,18,-1,B1_block_swap,1,
63,4,14,1,A3_sigma1sigma2,-1,-1
63,5,10,-1,B3_four_cycle,-1,
63,6,6,1,A3_sigma1sigma2,-1,-1
63,7,2,-1,B1_block_swap,1,
63,8,99,-1,B3_four_cycle,-1,
63,9,95,1,A1_identity,1,1
63,10,91,-1,B1_block_swap,1,
63,11,87,1,A3_sigma1sigma2,-1,-1
63,12,83,-1,B3_four_cycle,-1,
63,13,79,1,A3_sigma1sigma2,-1,-1
63,14,75,-1,B1_block_swap,1,
63,15,71,1,A3_sigma1sigma2,-1,-1
63,16,67,-1,B3_four_cycle,-1,
63,17,63,-1,B1_block_swap,1,
63,18,59,-1,B3_four_cycle,-1,
63,19,55,-1,B3_four_cycle,-1,
63,20,51,-1,B1_block_swap,1,
63,21,47,1,A1_identity,1,1
63,22,43,1,A3_sigma1sigma2,-1,-1
63,23,39,-1,B3_four_cycle,-1,
63,24,35,-1,B1_block_swap,1,
63,25,31,1,A1_identity,1,1
63,26,27,-1,B1_block_swap,1,
63,27,23,1,A1_identity,1,1
63,28,19,1,A1_identity,1,1
63,29,15,-1,B1_block_swap,1,
63,30,11,-1,B1_block_swap,1,
63,31,7,-1,B1_block_swap,1,
63,32,3,-1,B1_block_swap,1,
63,33,100,1,A2_sigma_i,1,-1
63,34,96,1,A1_identity,1,1
63,35,92,1,A1_identity,1,1
63,36,88,1,A2_sigma_i,-1,1
63,37,84,1,A2_sigma_i,1,-1
63,38,80,1,A3_sigma1sigma2,-1,-1
63,39,76,1,A2_sigma_i,1,-1
63,40,72,-1,B1_block_swap,1,
63,41,68,1,A1_identity,1,1
63,42,64,1,A4_ramified_A,,
63,43,60,-1,B3_four_cycle,-1,
63,44,56,1,A3_sigma1sigma2,-1,-1
63,45,52,1,A2_sigma_i,-1,1
63,46,48,-1,B1_block_swap,1,
63,47,44,-1,B1_block_swap,1,
63,48,40,-1,B3_four_cycle,-1,
63,49,36,1,A3_sigma1sigma2,-1,-1
63,50,32,-1,B3_four_cycle,-1,
63,51,28,-1,B1_block_swap,1,
63,52,24,1,A1_identity,1,1
63,53,20,1,A1_identity,1,1
63,54,16,1,A1_identity,1,1
63,55,12,-1,B3_four_cycle,-1,
63,56,8,-1,B1_block_swap,1,
63,57,4,1,A1_identity,1,1
63,58,0,0,double_root,,
63,59,97,1,A3_sigma1sigma2,-1,-1
63,60,93,-1,B1_block_swap,1,
63,61,89,-1,B1_block_swap,1,
63,62,85,1,A2_sigma_i,1,-1
63,63,81,1,A2_sigma_i,1,-1
63,64,77,1,A2_sigma_i,1,-1
63,65,73,-1,B1_block_swap,1,
63,66,69,-1,B1_block_swap,1,
63,67,65,1,A2_sigma_i,-1,1
63,68,61,-1,B1_block_swap,1,
63,69,57,-1,B1_block_swap,1,
63,70,53,-1,B3_four_cycle,-1,
63,71,49,1,A2_sigma_i,1,-1
63,72,45,1,A2_sigma_i,-1,1
63,73,41,-1,B1_block_swap,1,
63,74,37,1,A1_identity,1,1
63,75,33,1,A1_identity,1,1
63,76,29,-1,B1_block_swap,1,
63,77,25,1,A2_sigma_i,-1,1
63,78,21,1,A2_sigma_i,-1,1
63,79,17,1,A4_ramified_A,,
63,80,13,1,A2_sigma_i,-1,1
63,81,9,1,A2_sigma_i,-1,1
63,82,5,1,A2_sigma_i,-1,1
63,83,1,1,A2_sigma_i,-1,1
63,84,98,-1,B3_four_cycle,-1,
63,85,94,-1,B1_block_swap,1,
63,86,90,-1,B3_four_cycle,-1,
63,87,86,-1,B1_block_swap,1,
63,88,82,1,A2_sigma_i,-1,1
63,89,78,1,A4_ramified_A,,
63,90,74,-1,B1_block_swap,1,
63,91,70,1,A1_identity,1,1
63,92,66,-1,B1_block_swap,1,
63,93,62,-1,B3_four_cycle,-1,
63,94,58,1,A2_sigma_i,-1,1
63,95,54,1,A2_sigma_i,-1,1
63,96,50,-1,B3_four_cycle,-1,
63,97,46,-1,B3_four_cycle,-1,
63,98,42,-1,B1_block_swap,1,
63,99,38,-1,B1_block_swap,1,
63,100,34,-1,B3_four_cycle,-1,
64,0,56,1,A2_sigma_i,1,-1
64,1,52,1,A2_sigma_i,-1,1
64,2,48,-1,B3_four_cycle,-1,
64,3,44,-1,B1_block_swap,1,
64,4,40,-1,B1_block_swap,1,
64,5,36,1,A2_sigma_i,1,-1
64,6,32,-1,B1_block_swap,1,
64,7,28,-1,B1_block_swap,1,
64,8,24,1,A3_sigma1sigma2,-1,-1
64,9,20,1,A2_sigma_i,1,-1
64,10,16,1,A3_sigma1sigma2,-1,-1
64,11,12,-1,B3_four_cycle,-1,
64,12,8,-1,B3_four_cycle,-1,
64,13,4,1,A1_identity,1,1
64,14,0,0,double_root,,
64,15,97,1,A1_identity,1,1
64,16,93,-1,B1_block_swap,1,
64,17,89,-1,B1_block_swap,1,
64,18,85,1,A2_sigma_i,1,-1
64,19,81,1,A2_sigma_i,1,-1
64,20,77,1,A1_identity,1,1
64,21,73,-1,B1_block_swap,1,
64,22,69,-1,B1_block_swap,1,
64,23,65,1,A2_sigma_i,-1,1
64,24,61,-1,B3_four_cycle,-1,
64,25,57,-1,B3_four_cycle,-1,
64,26,53,-1,B1_block_swap,1,
64,27,49,1,A4_ramified_A,,
64,28,45,1,A2_sigma_i,1,-1
64,29,41,-1,B1_block_swap,1,
64,30,37,1,A3_sigma1sigma2,-1,-1
64,31,33,1,A2_sigma_i,1,-1
64,32,29,-1,B3_four_cycle,-1,
64,33,25,1,A2_sigma_i,-1,1
64,34,21,1,A3_sigma1sigma2,-1,-1
64,35,17,1,A1_identity,1,1
64,36,13,1,A1_identity,1,1
64,37,9,1,A1_identity,1,1
64,38,5,1,A4_ramified_A,,
64,39,1,1,A2_sigma_i,1,-1
64,40,98,-1,B3_four_cycle,-1,
64,41,94,-1,B1_block_swap,1,
64,42,90,-1,B1_block_swap,1,
64,43,86,-1,B1_block_swap,1,
64,44,82,1,A4_ramified_A,,
64,45,78,1,A3_sigma1sigma2,-1,-1
64,46,74,-1,B1_block_swap,1,
64,47,70,1,A2_sigma_i,-1,1
64,48,66,-1,B3_four_cycle,-1,
64,49,62,-1,B3_four_cycle,-1,
64,50,58,1,A2_sigma_i,-1,1
64,51,54,1,A2_sigma_i,-1,1
64,52,50,-1,B3_four_cycle,-1,
64,53,46,-1,B1_block_swap,1,
64,54,42,-1,B1_block_swap,1,
64,55,38,-1,B1_block_swap,1,
64,56,34,-1,B3_four_cycle,-1,
64,57,30,1,A3_sigma1sigma2,-1,-1
64,58,26,-1,B1_block_swap,1,
64,59,22,1,A1_identity,1,1
64,60,18,-1,B1_block_swap,1,
64,61,14,1,A2_sigma_i,1,-1
64,62,10,-1,B1_block_swap,1,
64,63,6,1,A1_identity,1,1
64,64,2,-1,B3_four_cycle,-1,
64,65,99,-1,B1_block_swap,1,
64,66,95,1,A1_identity,1,1
64,67,91,-1,B1_block_swap,1,
64,68,87,1,A2_sigma_i,1,-1
64,69,83,-1,B3_four_cycle,-1,
64,70,79,1,A3_sigma1sigma2,-1,-1
64,71,75,-1,B1_block_swap,1,
64,72,71,1,A1_identity,1,1
64,73,67,-1,B3_four_cycle,-1,
64,74,63,-1,B1_block_swap,1,
64,75,59,-1,B3_four_cycle,-1,
64,76,55,-1,B1_block_swap,1,
64,77,51,-1,B1_block_swap,1,
64,78,47,1,A2_sigma_i,1,-1
64,79,43,1,A1_identity,1,1
64,80,39,-1,B1_block_swap,1,
64,81,35,-1,B1_block_swap,1,
64,82,31,1,A2_sigma_i,1,-1
64,83,27,-1,B3_four_cycle,-1,
64,84,23,1,A2_sigma_i,1,-1
64,85,19,1,A2_sigma_i,1,-1
64,86,15,-1,B3_four_cycle,-1,
64,87,11,-1,B3_four_cycle,-1,
64,88,7,-1,B3_four_cycle,-1,
64,89,3,-1,B1_block_swap,1,
64,90,100,1,A1_identity,1,1
64,91,96,1,A2_sigma_i,1,-1
64,92,92,1,A2_sigma_i,1,-1
64,93,88,1,A1_identity,1,1
64,94,84,1,A3_sigma1sigma2,-1,-1
64,95,80,1,A1_identity,1,1
64,96,76,1,A2_sigma_i,-1,1
64,97,72,-1,B1_block_swap,1,
64,98,68,1,A2_sigma_i,-1,1
64,99,64,1,A2_sigma_i,-1,1
64,100,60,-1,B1_block_swap,1,
65,0,84,1,A1_identity,1,1
65,1,80,1,A3_sigma1sigma2,-1,-1
65,2,76,1,A3_sigma1sigma2,-1,-1
65,3,72,-1,B1_block_swap,1,
65,4,68,1,A1_identity,1,1
65,5,64,1,A3_sigma1sigma2,-1,-1
65,6,60,-1,B3_four_cycle,-1,
65,7,56,1,A3_sigma1sigma2,-1,-1
65,8,52,1,A2_sigma_i,-1,1
65,9,48,-1,B3_four_cycle,-1,
65,10,44,-1,B1_block_swap,1,
65,11,40,-1,B3_four_cycle,-1,
65,12,36,1,A4_ramified_A,,
65,13,32,-1,B1_block_swap,1,
65,14,28,-1,B1_block_swap,1,
65,15,24,1,A1_identity,1,1
65,16,20,1,A1_identity,1,1
65,17,16,1,A2_sigma_i,1,-1
65,18,12,-1,B1_block_swap,1,
65,19,8,-1,B3_four_cycle,-1,
65,20,4,1,A2_sigma_i,-1,1
65,21,0,0,double_root,,
65,22,97,1,A2_sigma_i,1,-1
65,23,93,-1,B1_block_swap,1,
65,24,89,-1,B1_block_swap,1,
65,25,85,1,A1_identity,1,1
65,26,81,1,A1_identity,1,1
65,27,77,1,A1_identity,1,1
65,28,73,-1,B3_four_cycle,-1,
65,29,69,-1,B3_four_cycle,-1,
65,30,65,1,A2_sigma_i,-1,1
65,31,61,-1,B1_block_swap,1,
65,32,57,-1,B3_four_cycle,-1,
65,33,53,-1,B3_four_cycle,-1,
65,34,49,1,A2_sigma_i,1,-1
65,35,45,1,A2_sigma_i,1,-1
65,36,41,-1,B3_four_cycle,-1,
65,37,37,1,A1_identity,1,1
65,38,33,1,A2_sigma_i,-1,1
65,39,29,-1,B3_four_cycle,-1,
65,40,25,1,A3_sigma1sigma2,-1,-1
65,41,21,1,A2_sigma_i,-1,1
65,42,17,1,A1_identity,1,1
65,43,13,1,A3_sigma1sigma2,-1,-1
65,44,9,1,A2_sigma_i,1,-1
65,45,5,1,A1_identity,1,1
65,46,1,1,A2_sigma_i,1,-1
65,47,98,-1,B3_four_cycle,-1,
65,48,94,-1,B3_four_cycle,-1,
65,49,90,-1,B3_four_cycle,-1,
65,50,86,-1,B3_four_cycle,-1,
65,51,82,1,A2_sigma_i,1,-1
65,52,78,1,A2_sigma_i,-1,1
65,53,74,-1,B3_four_cycle,-1,
65,54,70,1,A2_sigma_i,1,-1
65,55,66,-1,B1_block_swap,1,
65,56,62,-1,B3_four_cycle,-1,
65,57,58,1,A2_sigma_i,1,-1
65,58,54,1,A2_sigma_i,-1,1
65,59,50,-1,B1_block_swap,1,
65,60,46,-1,B3_four_cycle,-1,
65,61,42,-1,B3_four_cycle,-1,
65,62,38,-1,B1_block_swap,1,
65,63,34,-1,B1_block_swap,1,
65,64,30,1,A2_sigma_i,-1,1
65,65,26,-1,B1_block_swap,1,
65,66,22,1,A1_identity,1,1
65,67,18,-1,B3_four_cycle,-1,
65,68,14,1,A2_sigma_i,1,-1
65,69,10,-1,B1_block_swap,1,
65,70,6,1,A2_sigma_i,1,-1
65,71,2,-1,B3_four_cycle,-1,
65,72,99,-1,B3_four_cycle,-1,
65,73,95,1,A3_sigma1sigma2,-1,-1
65,74,91,-1,B1_block_swap,1,
65,75,87,1,A2_sigma_i,1,-1
65,76,83,-1,B1_block_swap,1,
65,77,79,1,A1_identity,1,1
65,78,75,-1,B3_four_cycle,-1,
65,79,71,1,A2_sigma_i,1,-1
65,80,67,-1,B3_four_cycle,-1,
65,81,63,-1,B3_four_cycle,-1,
65,82,59,-1,B3_four_cycle,-1,
65,83,55,-1,B3_four_cycle,-1,
65,84,51,-1,B3_four_cycle,-1,
65,85,47,1,A3_sigma1sigma2,-1,-1
65,86,43,1,A1_identity,1,1
65,87,39,-1,B1_block_swap,1,
65,88,35,-1,B1_block_swap,1,
65,89,31,1,A2_sigma_i,-1,1
65,90,27,-1,B1_block_swap,1,
65,91,23,1,A2_sigma_i,1,-1
65,92,19,1,A2_sigma_i,-1,1
65,93,15,-1,B3_four_cycle,-1,
65,94,11,-1,B1_block_swap,1,
65,95,7,-1,B1_block_swap,1,
65,96,3,-1,B3_four_cycle,-1,
65,97,100,1,A2_sigma_i,1,-1
65,98,96,1,A4_ramified_A,,
65,99,92,1,A3_sigma1sigma2,-1,-1
65,100,88,1,A4_ramified_A,,
66,0,13,1,A2_sigma_i,-1,1
66,1,9,1,A3_sigma1sigma2,-1,-1
66,2,5,1,A1_identity,1,1
66,3,1,1,A1_identity,1,1
66,4,98,-1,B3_four_cycle,-1,
66,5,94,-1,B1_block_swap,1,
66,6,90,-1,B3_four_cycle,-1,
66,7,86,-1,B3_four_cycle,-1,
66,8,82,1,A2_sigma_i,-1,1
66,9,78,1,A2_sigma_i,1,-1
66,10,74,-1,B1_block_swap,1,
66,11,70,1,A1_identity,1,1
66,12,66,-1,B3_four_cycle,-1,
66,13,62,-1,B1_block_swap,1,
66,14,58,1,A2_sigma_i,-1,1
66,15,54,1,A2_sigma_i,-1,1
66,16,50,-1,B1_block_swap,1,
66,17,46,-1,B1_block_swap,1,
66,18,42,-1,B3_four_cycle,-1,
66,19,38,-1,B3_four_cycle,-1,
66,20,34,-1,B3_four_cycle,-1,
66,21,30,1,A2_sigma_i,-1,1
66,22,26,-1,B3_four_cycle,-1,
66,23,22,1,A2_sigma_i,1,-1
66,24,18,-1,B3_four_cycle,-1,
66,25,14,1,A1_identity,1,1
66,26,10,-1,B1_block_swap,1,
66,27,6,1,A2_sigma_i,1,-1
66,28,2,-1,B1_block_swap,1,
66,29,99,-1,B3_four_cycle,-1,
66,30,95,1,A2_sigma_i,1,-1
66,31,91,-1,B1_block_swap,1,
66,32,87,1,A2_sigma_i,1,-1
66,33,83,-1,B1_block_swap,1,
66,34,79,1,A1_identity,1,1
66,35,75,-1,B3_four_cycle,-1,
66,36,71,1,A2_sigma_i,-1,1
66,37,67,-1,B1_block_swap,1,
66,38,63,-1,B3_four_cycle,-1,
66,39,59,-1,B1_block_swap,1,
66,40,55,-1,B3_four_cycle,-1,
66,41,51,-1,B3_four_cycle,-1,
66,42,47,1,A2_sigma_i,1,-1
66,43,43,1,A1_identity,1,1
66,44,39,-1,B3_four_cycle,-1,
66,45,35,-1,B3_four_cycle,-1,
66,46,31,1,A2_sigma_i,-1,1
66,47,27,-1,B3_four_cycle,-1,
66,48,23,1,A3_sigma1sigma2,-1,-1
66,49,19,1,A2_sigma_i,1,-1
66,50,15,-1,B1_block_swap,1,
66,51,11,-1,B1_block_swap,1,
66,52,7,-1,B1_block_swap,1,
66,53,3,-1,B3_four_cycle,-1,
66,54,100,1,A1_identity,1,1
66,55,96,1,A4_ramified_A,,
66,56,92,1,A2_sigma_i,1,-1
66,57,88,1,A4_ramified_A,,
66,58,84,1,A3_sigma1sigma2,-1,-1
66,59,80,1,A1_identity,1,1
66,60,76,1,A3_sigma1sigma2,-1,-1
66,61,72,-1,B1_block_swap,1,
66,62,68,1,A2_sigma_i,1,-1
66,63,64,1,A1_identity,1,1
66,64,60,-1,B1_block_swap,1,
66,65,56,1,A1_identity,1,1
66,66,52,1,A3_sigma1sigma2,-1,-1
66,67,48,-1,B1_block_swap,1,
66,68,44,-1,B3_four_cycle,-1,
66,69,40,-1,B1_block_swap,1,
66,70,36,1,A3_sigma1sigma2,-1,-1
66,71,32,-1,B3_four_cycle,-1,
66,72,28,-1,B1_block_swap,1,
66,73,24,1,A2_sigma_i,-1,1
66,74,20,1,A1_identity,1,1
66,75,16,1,A2_sigma_i,1,-1
66,76,12,-1,B1_block_swap,1,
66,77,8,-1,B1_block_swap,1,
66,78,4,1,A3_sigma1sigma2,-1,-1
66,79,0,0,double_root,,
66,80,97,1,A2_sigma_i,-1,1
66,81,93,-1,B3_four_cycle,-1,
66,82,89,-1,B3_four_cycle,-1,
66,83,85,1,A2_sigma_i,1,-1
66,84,81,1,A3_sigma1sigma2,-1,-1
66,85,77,1,A2_sigma_i,-1,1
66,86,73,-1,B1_block_swap,1,
66,87,69,-1,B1_block_swap,1,
66,88,65,1,A2_sigma_i,1,-1
66,89,61,-1,B1_block_swap,1,
66,90,57,-1,B1_block_swap,1,
66,91,53,-1,B1_block_swap,1,
66,92,49,1,A2_sigma_i,1,-1
66,93,45,1,A2_sigma_i,-1,1
66,94,41,-1,B3_four_cycle,-1,
66,95,37,1,A2_sigma_i,1,-1
66,96,33,1,A2_sigma_i,-1,1
66,97,29,-1,B1_block_swap,1,
66,98,25,1,A4_ramified_A,,
66,99,21,1,A1_identity,1,1
66,100,17,1,A2_sigma_i,1,-1
67,0,45,1,A1_identity,1,1
67,1,41,-1,B3_four_cycle,-1,
67,2,37,1,A2_sigma_i,-1,1
67,3,33,1,A2_sigma_i,-1,1
67,4,29,-1,B3_four_cycle,-1,
67,5,25,1,A2_sigma_i,-1,1
67,6,21,1,A2_sigma_i,-1,1
67,7,17,1,A2_sigma_i,1,-1
67,8,13,1,A2_sigma_i,1,-1
67,9,9,1,A3_sigma1sigma2,-1,-1
67,10,5,1,A4_ramified_A,,
67,11,1,1,A2_sigma_i,-1,1
67,12,98,-1,B3_four_cycle,-1,
67,13,94,-1,B1_block_swap,1,
67,14,90,-1,B1_block_swap,1,
67,15,86,-1,B1_block_swap,1,
67,16,82,1,A4_ramified_A,,
67,17,78,1,A3_sigma1sigma2,-1,-1
67,18,74,-1,B1_block_swap,1,
67,19,70,1,A2_sigma_i,1,-1
67,20,66,-1,B1_block_swap,1,
67,21,62,-1,B1_block_swap,1,
67,22,58,1,A1_identity,1,1
67,23,54,1,A3_sigma1sigma2,-1,-1
67,24,50,-1,B1_block_swap,1,
67,25,46,-1,B3_four_cycle,-1,
67,26,42,-1,B1_block_swap,1,
67,27,38,-1,B3_four_cycle,-1,
67,28,34,-1,B3_four_cycle,-1,
67,29,30,1,A1_identity,1,1
67,30,26,-1,B3_four_cycle,-1,
67,31,22,1,A2_sigma_i,-1,1
67,32,18,-1,B3_four_cycle,-1,
67,33,14,1,A2_sigma_i,-1,1
67,34,10,-1,B3_four_cycle,-1,
67,35,6,1,A2_sigma_i,1,-1
67,36,2,-1,B3_four_cycle,-1,
67,37,99,-1,B1_block_swap,1,
67,38,95,1,A2_sigma_i,1,-1
67,39,91,-1,B1_block_swap,1,
67,40,87,1,A1_identity,1,1
67,41,83,-1,B3_four_cycle,-1,
67,42,79,1,A2_sigma_i,1,-1
67,43,75,-1,B1_block_swap,1,
67,44,71,1,A2_sigma_i,1,-1
67,45,67,-1,B3_four_cycle,-1,
67,46,63,-1,B1_block_swap,1,
67,47,59,-1,B1_block_swap,1,
67,48,55,-1,B3_four_cycle,-1,
67,49,51,-1,B1_block_swap,1,
67,50,47,1,A1_identity,1,1
67,51,43,1,A2_sigma_i,-1,1
67,52,39,-1,B3_four_cycle,-1,
67,53,35,-1,B1_block_swap,1,
67,54,31,1,A2_sigma_i,-1,1
67,55,27,-1,B1_block_swap,1,
67,56,23,1,A2_sigma_i,1,-1
67,57,19,1,A1_identity,1,1
67,58,15,-1,B1_block_swap,1,
67,59,11,-1,B1_block_swap,1,
67,60,7,-1,B1_block_swap,1,
67,61,3,-1,B3_four_cycle,-1,
67,62,100,1,A2_sigma_i,-1,1
67,63,96,1,A2_sigma_i,-1,1
67,64,92,1,A2_sigma_i,1,-1
67,65,88,1,A1_identity,1,1
67,66,84,1,A2_sigma_i,1,-1
67,67,80,1,A1_identity,1,1
67,68,76,1,A2_sigma_i,1,-1
67,69,72,-1,B1_block_swap,1,
67,70,68,1,A2_sigma_i,1,-1
67,71,64,1,A2_sigma_i,-1,1
67,72,60,-1,B1_block_swap,1,
67,73,56,1,A2_sigma_i,1,-1
67,74,52,1,A1_identity,1,1
67,75,48,-1,B1_block_swap,1,
67,76,44,-1,B3_four_cycle,-1,
67,77,40,-1,B1_block_swap,1,
67,78,36,1,A2_sigma_i,1,-1
67,79,32,-1,B1_block_swap,1,
67,80,28,-1,B3_four_cycle,-1,
67,81,24,1,A2_sigma_i,1,-1
67,82,20,1,A1_identity,1,1
67,83,16,1,A4_ramified_A,,
67,84,12,-1,B3_four_cycle,-1,
67,85,8,-1,B3_four_cycle,-1,
67,86,4,1,A2_sigma_i,1,-1
67,87,0,0,double_root,,
67,88,97,1,A2_sigma_i,1,-1
67,89,93,-1,B3_four_cycle,-1,
67,90,89,-1,B1_block_swap,1,
67,91,85,1,A3_sigma1sigma2,-1,-1
67,92,81,1,A1_identity,1,1
67,93,77,1,A3_sigma1sigma2,-1,-1
67,94,73,-1,B3_four_cycle,-1,
67,95,69,-1,B3_four_cycle,-1,
67,96,65,1,A2_sigma_i,-1,1
67,97,61,-1,B1_block_swap,1,
67,98,57,-1,B3_four_cycle,-1,
67,99,53,-1,B1_block_swap,1,
67,100,49,1,A2_sigma_i,-1,1
68,0,79,1,A2_sigma_i,-1,1
68,1,75,-1,B1_block_swap,1,
68,2,71,1,A1_identity,1,1
68,3,67,-1,B1_block_swap,1,
68,4,63,-1,B1_block_swap,1,
68,5,59,-1,B1_block_swap,1,
68,6,55,-1,B1_block_swap,1,
68,7,51,-1,B3_four_cycle,-1,
68,8,47,1,A2_sigma_i,1,-1
68,9,43,1,A2_sigma_i,-1,1
68,10,39,-1,B3_four_cycle,-1,
68,11,35,-1,B1_block_swap,1,
68,12,31,1,A1_identity,1,1
68,13,27,-1,B3_four_cycle,-1,
68,14,23,1,A2_sigma_i,1,-1
68,15,19,1,A2_sigma_i,1,-1
68,16,15,-1,B1_block_swap,1,
68,17,11,-1,B1_block_swap,1,
68,18,7,-1,B1_block_swap,1,
68,19,3,-1,B3_four_cycle,-1,
68,20,100,1,A1_identity,1,1
68,21,96,1,A2_sigma_i,1,-1
68,22,92,1,A1_identity,1,1
68,23,88,1,A2_sigma_i,1,-1
68,24,84,1,A1_identity,1,1
68,25,80,1,A3_sigma1sigma2,-1,-1
68,26,76,1,A2_sigma_i,-1,1
68,27,72,-1,B1_block_swap,1,
68,28,68,1,A2_sigma_i,1,-1
68,29,64,1,A2_sigma_i,1,-1
68,30,60,-1,B1_block_swap,1,
68,31,56,1,A2_sigma_i,1,-1
68,32,52,1,A1_identity,1,1
68,33,48,-1,B3_four_cycle,-1,
68,34,44,-1,B3_four_cycle,-1,
68,35,40,-1,B3_four_cycle,-1,
68,36,36,1,A1_identity,1,1
68,37,32,-1,B1_block_swap,1,
68,38,28,-1,B1_block_swap,1,
68,39,24,1,A1_identity,1,1
68,40,20,1,A3_sigma1sigma2,-1,-1
68,41,16,1,A3_sigma1sigma2,-1,-1
68,42,12,-1,B1_block_swap,1,
68,43,8,-1,B1_block_swap,1,
68,44,4,1,A2_sigma_i,1,-1
68,45,0,0,double_root,,
68,46,97,1,A1_identity,1,1
68,47,93,-1,B3_four_cycle,-1,
68,48,89,-1,B1_block_swap,1,
68,49,85,1,A2_sigma_i,1,-1
68,50,81,1,A1_identity,1,1
68,51,77,1,A2_sigma_i,-1,1
68,52,73,-1,B1_block_swap,1,
68,53,69,-1,B3_four_cycle,-1,
68,54,65,1,A2_sigma_i,-1,1
68,55,61,-1,B3_four_cycle,-1,
68,56,57,-1,B1_block_swap,1,
68,57,53,-1,B3_four_cycle,-1,
68,58,49,1,A2_sigma_i,1,-1
68,59,45,1,A2_sigma_i,-1,1
68,60,41,-1,B3_four_cycle,-1,
68,61,37,1,A1_identity,1,1
68,62,33,1,A3_sigma1sigma2,-1,-1
68,63,29,-1,B3_four_cycle,-1,
68,64,25,1,A3_sigma1sigma2,-1,-1
68,65,21,1,A1_identity,1,1
68,66,17,1,A4_ramified_A,,
68,67,13,1,A1_identity,1,1
68,68,9,1,A4_ramified_A,,
68,69,5,1,A3_sigma1sigma2,-1,-1
68,70,1,1,A2_sigma_i,-1,1
68,71,98,-1,B3_four_cycle,-1,
68,72,94,-1,B1_block_swap,1,
68,73,90,-1,B1_block_swap,1,
68,74,86,-1,B1_block_swap,1,
68,75,82,1,A2_sigma_i,1,-1
68,76,78,1,A4_ramified_A,,
68,77,74,-1,B3_four_cycle,-1,
68,78,70,1,A2_sigma_i,-1,1
68,79,66,-1,B1_block_swap,1,
68,80,62,-1,B3_four_cycle,-1,
68,81,58,1,A2_sigma_i,-1,1
68,82,54,1,A1_identity,1,1
68,83,50,-1,B1_block_swap,1,
68,84,46,-1,B1_block_swap,1,
68,85,42,-1,B1_block_swap,1,
68,86,38,-1,B1_block_swap,1,
68,87,34,-1,B3_four_cycle,-1,
68,88,30,1,A2_sigma_i,-1,1
68,89,26,-1,B1_block_swap,1,
68,90,22,1,A3_sigma1sigma2,-1,-1
68,91,18,-1,B3_four_cycle,-1,
68,92,14,1,A2_sigma_i,1,-1
68,93,10,-1,B3_four_cycle,-1,
68,94,6,1,A2_sigma_i,-1,1
68,95,2,-1,B1_block_swap,1,
68,96,99,-1,B3_four_cycle,-1,
68,97,95,1,A2_sigma_i,1,-1
68,98,91,-1,B3_four_cycle,-1,
68,99,87,1,A3_sigma1sigma2,-1,-1
68,100,83,-1,B1_block_swap,1,
69,0,14,1,A1_identity,1,1
69,1,10,-1,B3_four_cycle,-1,
69,2,6,1,A2_sigma_i,1,-1
69,3,2,-1,B3_four_cycle,-1,
69,4,99,-1,B1_block_swap,1,
69,5,95,1,A2_sigma_i,1,-1
69,6,91,-1,B1_block_swap,1,
69,7,87,1,A1_identity,1,1
69,8,83,-1,B3_four_cycle,-1,
69,9,79,1,A2_sigma_i,1,-1
69,10,75,-1,B3_four_cycle,-1,
69,11,71,1,A1_identity,1,1
69,12,67,-1,B3_four_cycle,-1,
69,13,63,-1,B1_block_swap,1,
69,14,59,-1,B1_block_swap,1,
69,15,55,-1,B3_four_cycle,-1,
69,16,51,-1,B1_block_swap,1,
69,17,47,1,A2_sigma_i,1,-1
69,18,43,1,A3_sigma1sigma2,-1,-1
69,19,39,-1,B1_block_swap,1,
69,20,35,-1,B3_four_cycle,-1,
69,21,31,1,A4_ramified_A,,
69,22,27,-1,B1_block_swap,1,
69,23,23,1,A1_identity,1,1
69,24,19,1,A2_sigma_i,-1,1
69,25,15,-1,B1_block_swap,1,
69,26,11,-1,B3_four_cycle,-1,
69,27,7,-1,B1_block_swap,1,
69,28,3,-1,B1_block_swap,1,
69,29,100,1,A2_sigma_i,1,-1
69,30,96,1,A3_sigma1sigma2,-1,-1
69,31,92,1,A2_sigma_i,-1,1
69,32,88,1,A3_sigma1sigma2,-1,-1
69,33,84,1,A1_identity,1,1
69,34,80,1,A1_identity,1,1
69,35,76,1,A4_ramified_A,,
69,36,72,-1,B3_four_cycle,-1,
69,37,68,1,A2_sigma_i,1,-1
69,38,64,1,A1_identity,1,1
69,39,60,-1,B3_four_cycle,-1,
69,40,56,1,A1_identity,1,1
69,41,52,1,A2_sigma_i,-1,1
69,42,48,-1,B1_block_swap,1,
69,43,44,-1,B1_block_swap,1,
69,44,40,-1,B1_block_swap,1,
69,45,36,1,A3_sigma1sigma2,-1,-1
69,46,32,-1,B1_block_swap,1,
69,47,28,-1,B1_block_swap,1,
69,48,24,1,A2_sigma_i,-1,1
69,49,20,1,A2_sigma_i,1,-1
69,50,16,1,A2_sigma_i,1,-1
69,51,12,-1,B3_four_cycle,-1,
69,52,8,-1,B1_block_swap,1,
69,53,4,1,A4_ramified_A,,
69,54,0,0,double_root,,
69,55,97,1,A1_identity,1,1
69,56,93,-1,B1_block_swap,1,
69,57,89,-1,B1_block_swap,1,
69,58,85,1,A1_identity,1,1
69,59,81,1,A2_sigma_i,-1,1
69,60,77,1,A3_sigma1sigma2,-1,-1
69,61,73,-1,B3_four_cycle,-1,
69,62,69,-1,B1_block_swap,1,
69,63,65,1,A2_sigma_i,-1,1
69,64,61,-1,B1_block_swap,1,
69,65,57,-1,B1_block_swap,1,
69,66,53,-1,B1_block_swap,1,
69,67,49,1,A1_identity,1,1
69,68,45,1,A2_sigma_i,1,-1
69,69,41,-1,B1_block_swap,1,
69,70,37,1,A2_sigma_i,1,-1
69,71,33,1,A1_identity,1,1
69,72,29,-1,B3_four_cycle,-1,
69,73,25,1,A2_sigma_i,1,-1
69,74,21,1,A3_sigma1sigma2,-1,-1
69,75,17,1,A2_sigma_i,-1,1
69,76,13,1,A1_identity,1,1
69,77,9,1,A2_sigma_i,1,-1
69,78,5,1,A2_sigma_i,-1,1
69,79,1,1,A3_sigma1sigma2,-1,-1
69,80,98,-1,B1_block_swap,1,
69,81,94,-1,B3_four_cycle,-1,
69,82,90,-1,B1_block_swap,1,
69,83,86,-1,B1_block_swap,1,
69,84,82,1,A2_sigma_i,1,-1
69,85,78,1,A1_identity,1,1
69,86,74,-1,B3_four_cycle,-1,
69,87,70,1,A3_sigma1sigma2,-1,-1
69,88,66,-1,B3_four_cycle,-1,
69,89,62,-1,B1_block_swap,1,
69,90,58,1,A1_identity,1,1
69,91,54,1,A2_sigma_i,-1,1
69,92,50,-1,B1_block_swap,1,
69,93,46,-1,B1_block_swap,1,
69,94,42,-1,B3_four_cycle,-1,
69,95,38,-1,B3_four_cycle,-1,
69,96,34,-1,B1_block_swap,1,
69,97,30,1,A3_sigma1sigma2,-1,-1
69,98,26,-1,B3_four_cycle,-1,
69,99,22,1,A2_sigma_i,-1,1
69,100,18,-1,B1_block_swap,1,
70,0,52,1,A2_sigma_i,1,-1
70,1,48,-1,B3_four_cycle,-1,
70,2,44,-1,B1_block_swap,1,
70,3,40,-1,B1_block_swap,1,
70,4,36,1,A2_sigma_i,-1,1
70,5,32,-1,B1_block_swap,1,
70,6,28,-1,B1_block_swap,1,
70,7,24,1,A1_identity,1,1
70,8,20,1,A2_sigma_i,1,-1
70,9,16,1,A1_identity,1,1
70,10,12,-1,B1_block_swap,1,
70,11,8,-1,B1_block_swap,1,
70,12,4,1,A3_sigma1sigma2,-1,-1
70,13,0,0,double_root,,
70,14,97,1,A2_sigma_i,1,-1
70,15,93,-1,B3_four_cycle,-1,
70,16,89,-1,B3_four_cycle,-1,
70,17,85,1,A2_sigma_i,1,-1
70,18,81,1,A2_sigma_i,1,-1
70,19,77,1,A1_identity,1,1
70,20,73,-1,B3_four_cycle,-1,
70,21,69,-1,B3_four_cycle,-1,
70,22,65,1,A1_identity,1,1
70,23,61,-1,B1_block_swap,1,
70,24,57,-1,B3_four_cycle,-1,
70,25,53,-1,B1_block_swap,1,
70,26,49,1,A2_sigma_i,-1,1
70,27,45,1,A1_identity,1,1
70,28,41,-1,B1_block_swap,1,
70,29,37,1,A1_identity,1,1
70,30,33,1,A2_sigma_i,1,-1
70,31,29,-1,B1_block_swap,1,
70,32,25,1,A2_sigma_i,-1,1
70,33,21,1,A1_identity,1,1
70,34,17,1,A2_sigma_i,1,-1
70,35,13,1,A2_sigma_i,-1,1
70,36,9,1,A2_sigma_i,1,-1
70,37,5,1,A2_sigma_i,1,-1
70,38,1,1,A4_ramified_A,,
70,39,98,-1,B3_four_cycle,-1,
70,40,94,-1,B1_block_swap,1,
70,41,90,-1,B3_four_cycle,-1,
70,42,86,-1,B1_block_swap,1,
70,43,82,1,A2_sigma_i,-1,1
70,44,78,1,A2_sigma_i,1,-1
70,45,74,-1,B3_four_cycle,-1,
70,46,70,1,A2_sigma_i,-1,1
70,47,66,-1,B3_four_cycle,-1,
70,48,62,-1,B1_block_swap,1,
70,49,58,1,A2_sigma_i,1,-1
70,50,54,1,A1_identity,1,1
70,51,50,-1,B1_block_swap,1,
70,52,46,-1,B1_block_swap,1,
70,53,42,-1,B1_block_swap,1,
70,54,38,-1,B3_four_cycle,-1,
70,55,34,-1,B3_four_cycle,-1,
70,56,30,1,A1_identity,1,1
70,57,26,-1,B3_four_cycle,-1,
70,58,22,1,A3_sigma1sigma2,-1,-1
70,59,18,-1,B3_four_cycle,-1,
70,60,14,1,A2_sigma_i,1,-1
70,61,10,-1,B3_four_cycle,-1,
70,62,6,1,A2_sigma_i,1,-1
70,63,2,-1,B3_four_cycle,-1,
70,64,99,-1,B3_four_cycle,-1,
70,65,95,1,A1_identity,1,1
70,66,91,-1,B3_four_cycle,-1,
70,67,87,1,A2_sigma_i,1,-1
70,68,83,-1,B3_four_cycle,-1,
70,69,79,1,A1_identity,1,1
70,70,75,-1,B1_block_swap,1,
70,71,71,1,A3_sigma1sigma2,-1,-1
70,72,67,-1,B3_four_cycle,-1,
70,73,63,-1,B3_four_cycle,-1,
70,74,59,-1,B3_four_cycle,-1,
70,75,55,-1,B3_four_cycle,-1,
70,76,51,-1,B3_four_cycle,-1,
70,77,47,1,A4_ramified_A,,
70,78,43,1,A2_sigma_i,-1,1
70,79,39,-1,B1_block_swap,1,
70,80,35,-1,B3_four_cycle,-1,
70,81,31,1,A3_sigma1sigma2,-1,-1
70,82,27,-1,B3_four_cycle,-1,
70,83,23,1,A2_sigma_i,1,-1
70,84,19,1,A2_sigma_i,-1,1
70,85,15,-1,B1_block_swap,1,
70,86,11,-1,B3_four_cycle,-1,
70,87,7,-1,B1_block_swap,1,
70,88,3,-1,B3_four_cycle,-1,
70,89,100,1,A3_sigma1sigma2,-1,-1
70,90,96,1,A3_sigma1sigma2,-1,-1
70,91,92,1,A2_sigma_i,1,-1
70,92,88,1,A3_sigma1sigma2,-1,-1
70,93,84,1,A1_identity,1,1
70,94,80,1,A1_identity,1,1
70,95,76,1,A4_ramified_A,,
70,96,72,-1,B1_block_swap,1,
70,97,68,1,A3_sigma1sigma2,-1,-1
70,98,64,1,A1_identity,1,1
70,99,60,-1,B3_four_cycle,-1,
70,100,56,1,A2_sigma_i,-1,1
71,0,92,1,A2_sigma_i,-1,1
71,1,88,1,A2_sigma_i,-1,1
71,2,84,1,A3_sigma1sigma2,-1,-1
71,3,80,1,A1_identity,1,1
71,4,76,1,A1_identity,1,1
71,5,72,-1,B1_block_swap,1,
71,6,68,1,A1_identity,1,1
71,7,64,1,A3_sigma1sigma2,-1,-1
71,8,60,-1,B1_block_swap,1,
71,9,56,1,A1_identity,1,1
71,10,52,1,A2_sigma_i,-1,1
71,11,48,-1,B3_four_cycle,-1,
71,12,44,-1,B1_block_swap,1,
71,13,40,-1,B1_block_swap,1,
71,14,36,1,A1_identity,1,1
71,15,32,-1,B1_block_swap,1,
71,16,28,-1,B1_block_swap,1,
71,17,24,1,A2_sigma_i,1,-1
71,18,20,1,A3_sigma1sigma2,-1,-1
71,19,16,1,A2_sigma_i,1,-1
71,20,12,-1,B3_four_cycle,-1,
71,21,8,-1,B1_block_swap,1,
71,22,4,1,A3_sigma1sigma2,-1,-1
71,23,0,0,double_root,,
71,24,97,1,A2_sigma_i,-1,1
71,25,93,-1,B3_four_cycle,-1,
71,26,89,-1,B1_block_swap,1,
71,27,85,1,A2_sigma_i,1,-1
71,28,81,1,A2_sigma_i,1,-1
71,29,77,1,A2_sigma_i,1,-1
71,30,73,-1,B1_block_swap,1,
71,31,69,-1,B3_four_cycle,-1,
71,32,65,1,A4_ramified_A,,
71,33,61,-1,B3_four_cycle,-1,
71,34,57,-1,B1_block_swap,1,
71,35,53,-1,B1_block_swap,1,
71,36,49,1,A2_sigma_i,-1,1
71,37,45,1,A1_identity,1,1
71,38,41,-1,B3_four_cycle,-1,
71,39,37,1,A1_identity,1,1
71,40,33,1,A2_sigma_i,-1,1
71,41,29,-1,B3_four_cycle,-1,
71,42,25,1,A1_identity,1,1
71,43,21,1,A1_identity,1,1
71,44,17,1,A3_sigma1sigma2,-1,-1
71,45,13,1,A1_identity,1,1
71,46,9,1,A2_sigma_i,-1,1
71,47,5,1,A3_sigma1sigma2,-1,-1
71,48,1,1,A3_sigma1sigma2,-1,-1
71,49,98,-1,B3_four_cycle,-1,
71,50,94,-1,B1_block_swap,1,
71,51,90,-1,B1_block_swap,1,
71,52,86,-1,B1_block_swap,1,
71,53,82,1,A3_sigma1sigma2,-1,-1
71,54,78,1,A4_ramified_A,,
71,55,74,-1,B3_four_cycle,-1,
71,56,70,1,A2_sigma_i,-1,1
71,57,66,-1,B1_block_swap,1,
71,58,62,-1,B1_block_swap,1,
71,59,58,1,A2_sigma_i,-1,1
71,60,54,1,A2_sigma_i,-1,1
71,61,50,-1,B3_four_cycle,-1,
71,62,46,-1,B1_block_swap,1,
71,63,42,-1,B3_four_cycle,-1,
71,64,38,-1,B3_four_cycle,-1,
71,65,34,-1,B1_block_swap,1,
71,66,30,1,A1_identity,1,1
71,67,26,-1,B1_block_swap,1,
71,68,22,1,A1_identity,1,1
71,69,18,-1,B1_block_swap,1,
71,70,14,1,A2_sigma_i,-1,1
71,71,10,-1,B1_block_swap,1,
71,72,6,1,A1_identity,1,1
71,73,2,-1,B1_block_swap,1,
71,74,99,-1,B1_block_swap,1,
71,75,95,1,A3_sigma1sigma2,-1,-1
71,76,91,-1,B1_block_swap,1,
71,77,87,1,A1_identity,1,1
71,78,83,-1,B1_block_swap,1,
71,79,79,1,A1_identity,1,1
71,80,75,-1,B3_four_cycle,-1,
71,81,71,1,A2_sigma_i,-1,1
71,82,67,-1,B3_four_cycle,-1,
71,83,63,-1,B3_four_cycle,-1,
71,84,59,-1,B3_four_cycle,-1,
71,85,55,-1,B1_block_swap,1,
71,86,51,-1,B1_block_swap,1,
71,87,47,1,A2_sigma_i,-1,1
71,88,43,1,A2_sigma_i,-1,1
71,89,39,-1,B3_four_cycle,-1,
71,90,35,-1,B3_four_cycle,-1,
71,91,31,1,A2_sigma_i,-1,1
71,92,27,-1,B3_four_cycle,-1,
71,93,23,1,A1_identity,1,1
71,94,19,1,A3_sigma1sigma2,-1,-1
71,95,15,-1,B3_four_cycle,-1,
71,96,11,-1,B1_block_swap,1,
71,97,7,-1,B3_four_cycle,-1,
71,98,3,-1,B3_four_cycle,-1,
71,99,100,1,A2_sigma_i,1,-1
71,100,96,1,A2_sigma_i,-1,1
72,0,33,1,A2_sigma_i,1,-1
72,1,29,-1,B1_block_swap,1,
72,2,25,1,A1_identity,1,1
72,3,21,1,A2_sigma_i,-1,1
72,4,17,1,A3_sigma1sigma2,-1,-1
72,5,13,1,A2_sigma_i,1,-1
72,6,9,1,A3_sigma1sigma2,-1,-1
72,7,5,1,A3_sigma1sigma2,-1,-1
72,8,1,1,A4_ramified_A,,
72,9,98,-1,B1_block_swap,1,
72,10,94,-1,B1_block_swap,1,
72,11,90,-1,B1_block_swap,1,
72,12,86,-1,B1_block_swap,1,
72,13,82,1,A4_ramified_A,,
72,14,78,1,A2_sigma_i,-1,1
72,15,74,-1,B3_four_cycle,-1,
72,16,70,1,A2_sigma_i,1,-1
72,17,66,-1,B1_block_swap,1,
72,18,62,-1,B3_four_cycle,-1,
72,19,58,1,A1_identity,1,1
72,20,54,1,A1_identity,1,1
72,21,50,-1,B1_block_swap,1,
72,22,46,-1,B3_four_cycle,-1,
72,23,42,-1,B1_block_swap,1,
72,24,38,-1,B3_four_cycle,-1,
72,25,34,-1,B1_block_swap,1,
72,26,30,1,A1_identity,1,1
72,27,26,-1,B3_four_cycle,-1,
72,28,22,1,A1_identity,1,1
72,29,18,-1,B3_four_cycle,-1,
72,30,14,1,A1_identity,1,1
72,31,10,-1,B1_block_swap,1,
72,32,6,1,A1_identity,1,1
72,33,2,-1,B3_four_cycle,-1,
72,34,99,-1,B3_four_cycle,-1,
72,35,95,1,A1_identity,1,1
72,36,91,-1,B3_four_cycle,-1,
72,37,87,1,A1_identity,1,1
72,38,83,-1,B3_four_cycle,-1,
72,39,79,1,A2_sigma_i,-1,1
72,40,75,-1,B3_four_cycle,-1,
72,41,71,1,A2_sigma_i,-1,1
72,42,67,-1,B3_four_cycle,-1,
72,43,63,-1,B3_four_cycle,-1,
72,44,59,-1,B3_four_cycle,-1,
72,45,55,-1,B3_four_cycle,-1,
72,46,51,-1,B1_block_swap,1,
72,47,47,1,A2_sigma_i,1,-1
72,48,43,1,A2_sigma_i,1,-1
72,49,39,-1,B1_block_swap,1,
72,50,35,-1,B1_block_swap,1,
72,51,31,1,A2_sigma_i,1,-1
72,52,27,-1,B1_block_swap,1,
72,53,23,1,A3_sigma1sigma2,-1,-1
72,54,19,1,A2_sigma_i,-1,1
72,55,15,-1,B3_four_cycle,-1,
72,56,11,-1,B1_block_swap,1,
72,57,7,-1,B3_four_cycle,-1,
72,58,3,-1,B3_four_cycle,-1,
72,59,100,1,A2_sigma_i,1,-1
72,60,96,1,A2_sigma_i,1,-1
72,61,92,1,A2_sigma_i,1,-1
72,62,88,1,A2_sigma_i,1,-1
72,63,84,1,A1_identity,1,1
72,64,80,1,A2_sigma_i,1,-1
72,65,76,1,A2_sigma_i,-1,1
72,66,72,-1,B3_four_cycle,-1,
72,67,68,1,A2_sigma_i,1,-1
72,68,64,1,A3_sigma1sigma2,-1,-1
72,69,60,-1,B3_four_cycle,-1,
72,70,56,1,A2_sigma_i,1,-1
72,71,52,1,A2_sigma_i,1,-1
72,72,48,-1,B3_four_cycle,-1,
72,73,44,-1,B1_block_swap,1,
72,74,40,-1,B1_block_swap,1,
72,75,36,1,A1_identity,1,1
72,76,32,-1,B1_block_swap,1,
72,77,28,-1,B1_block_swap,1,
72,78,24,1,A2_sigma_i,1,-1
72,79,20,1,A2_sigma_i,1,-1
72,80,16,1,A2_sigma_i,-1,1
72,81,12,-1,B1_block_swap,1,
72,82,8,-1,B1_block_swap,1,
72,83,4,1,A2_sigma_i,-1,1
72,84,0,0,double_root,,
72,85,97,1,A1_identity,1,1
72,86,93,-1,B1_block_swap,1,
72,87,89,-1,B3_four_cycle,-1,
72,88,85,1,A4_ramified_A,,
72,89,81,1,A3_sigma1sigma2,-1,-1
72,90,77,1,A2_sigma_i,-1,1
72,91,73,-1,B1_block_swap,1,
72,92,69,-1,B1_block_swap,1,
72,93,65,1,A3_sigma1sigma2,-1,-1
72,94,61,-1,B3_four_cycle,-1,
72,95,57,-1,B3_four_cycle,-1,
72,96,53,-1,B1_block_swap,1,
72,97,49,1,A2_sigma_i,1,-1
72,98,45,1,A1_identity,1,1
72,99,41,-1,B3_four_cycle,-1,
72,100,37,1,A2_sigma_i,-1,1
73,0,77,1,A1_identity,1,1
73,1,73,-1,B3_four_cycle,-1,
73,2,69,-1,B3_four_cycle,-1,
73,3,65,1,A1_identity,1,1
73,4,61,-1,B3_four_cycle,-1,
73,5,57,-1,B1_block_swap,1,
73,6,53,-1,B3_four_cycle,-1,
73,7,49,1,A2_sigma_i,1,-1
73,8,45,1,A3_sigma1sigma2,-1,-1
73,9,41,-1,B3_four_cycle,-1,
73,10,37,1,A2_sigma_i,1,-1
73,11,33,1,A2_sigma_i,-1,1
73,12,29,-1,B3_four_cycle,-1,
73,13,25,1,A2_sigma_i,1,-1
73,14,21,1,A1_identity,1,1
73,15,17,1,A2_sigma_i,-1,1
73,16,13,1,A1_identity,1,1
73,17,9,1,A2_sigma_i,-1,1
73,18,5,1,A2_sigma_i,-1,1
73,19,1,1,A2_sigma_i,1,-1
73,20,98,-1,B1_block_swap,1,
73,21,94,-1,B3_four_cycle,-1,
73,22,90,-1,B1_block_swap,1,
73,23,86,-1,B3_four_cycle,-1,
73,24,82,1,A1_identity,1,1
73,25,78,1,A2_sigma_i,-1,1
73,26,74,-1,B1_block_swap,1,
73,27,70,1,A1_identity,1,1
73,28,66,-1,B1_block_swap,1,
73,29,62,-1,B3_four_cycle,-1,
73,30,58,1,A1_identity,1,1
73,31,54,1,A2_sigma_i,1,-1
73,32,50,-1,B3_four_cycle,-1,
73,33,46,-1,B3_four_cycle,-1,
73,34,42,-1,B1_block_swap,1,
73,35,38,-1,B3_four_cycle,-1,
73,36,34,-1,B3_four_cycle,-1,
73,37,30,1,A2_sigma_i,-1,1
73,38,26,-1,B3_four_cycle,-1,
73,39,22,1,A3_sigma1sigma2,-1,-1
73,40,18,-1,B3_four_cycle,-1,
73,41,14,1,A2_sigma_i,-1,1
73,42,10,-1,B1_block_swap,1,
73,43,6,1,A4_ramified_A,,
73,44,2,-1,B1_block_swap,1,
73,45,99,-1,B1_block_swap,1,
73,46,95,1,A2_sigma_i,1,-1
73,47,91,-1,B3_four_cycle,-1,
73,48,87,1,A2_sigma_i,1,-1
73,49,83,-1,B1_block_swap,1,
73,50,79,1,A1_identity,1,1
73,51,75,-1,B3_four_cycle,-1,
73,52,71,1,A2_sigma_i,-1,1
73,53,67,-1,B1_block_swap,1,
73,54,63,-1,B1_block_swap,1,
73,55,59,-1,B3_four_cycle,-1,
73,56,55,-1,B3_four_cycle,-1,
73,57,51,-1,B1_block_swap,1,
73,58,47,1,A3_sigma1sigma2,-1,-1
73,59,43,1,A2_sigma_i,-1,1
73,60,39,-1,B3_four_cycle,-1,
73,61,35,-1,B1_block_swap,1,
73,62,31,1,A3_sigma1sigma2,-1,-1
73,63,27,-1,B3_four_cycle,-1,
73,64,23,1,A1_identity,1,1
73,65,19,1,A1_identity,1,1
73,66,15,-1,B1_block_swap,1,
73,67,11,-1,B3_four_cycle,-1,
73,68,7,-1,B3_four_cycle,-1,
73,69,3,-1,B3_four_cycle,-1,
73,70,100,1,A3_sigma1sigma2,-1,-1
73,71,96,1,A3_sigma1sigma2,-1,-1
73,72,92,1,A2_sigma_i,-1,1
73,73,88,1,A4_ramified_A,,
73,74,84,1,A1_identity,1,1
73,75,80,1,A3_sigma1sigma2,-1,-1
73,76,76,1,A3_sigma1sigma2,-1,-1
73,77,72,-1,B3_four_cycle,-1,
73,78,68,1,A2_sigma_i,-1,1
73,79,64,1,A2_sigma_i,-1,1
73,80,60,-1,B3_four_cycle,-1,
73,81,56,1,A1_identity,1,1
73,82,52,1,A1_identity,1,1
73,83,48,-1,B3_four_cycle,-1,
73,84,44,-1,B3_four_cycle,-1,
73,85,40,-1,B1_block_swap,1,
73,86,36,1,A2_sigma_i,1,-1
73,87,32,-1,B1_block_swap,1,
73,88,28,-1,B3_four_cycle,-1,
73,89,24,1,A2_sigma_i,1,-1
73,90,20,1,A1_identity,1,1
73,91,16,1,A2_sigma_i,-1,1
73,92,12,-1,B3_four_cycle,-1,
73,93,8,-1,B3_four_cycle,-1,
73,94,4,1,A4_ramified_A,,
73,95,0,0,double_root,,
73,96,97,1,A1_identity,1,1
73,97,93,-1,B3_four_cycle,-1,
73,98,89,-1,B3_four_cycle,-1,
73,99,85,1,A2_sigma_i,-1,1
73,100,81,1,A3_sigma1sigma2,-1,-1
74,0,22,1,A1_identity,1,1
74,1,18,-1,B3_four_cycle,-1,
74,2,14,1,A1_identity,1,1
74,3,10,-1,B3_four_cycle,-1,
74,4,6,1,A3_sigma1sigma2,-1,-1
74,5,2,-1,B3_four_cycle,-1,
74,6,99,-1,B3_four_cycle,-1,
74,7,95,1,A2_sigma_i,-1,1
74,8,91,-1,B3_four_cycle,-1,
74,9,87,1,A2_sigma_i,-1,1
74,10,83,-1,B1_block_swap,1,
74,11,79,1,A3_sigma1sigma2,-1,-1
74,12,75,-1,B3_four_cycle,-1,
74,13,71,1,A1_identity,1,1
74,14,67,-1,B3_four_cycle,-1,
74,15,63,-1,B1_block_swap,1,
74,16,59,-1,B1_block_swap,1,
74,17,55,-1,B1_block_swap,1,
74,18,51,-1,B3_four_cycle,-1,
74,19,47,1,A2_sigma_i,-1,1
74,20,43,1,A1_identity,1,1
74,21,39,-1,B3_four_cycle,-1,
74,22,35,-1,B1_block_swap,1,
74,23,31,1,A3_sigma1sigma2,-1,-1
74,24,27,-1,B3_four_cycle,-1,
74,25,23,1,A1_identity,1,1
74,26,19,1,A1_identity,1,1
74,27,15,-1,B3_four_cycle,-1,
74,28,11,-1,B3_four_cycle,-1,
74,29,7,-1,B1_block_swap,1,
74,30,3,-1,B1_block_swap,1,
74,31,100,1,A2_sigma_i,-1,1
74,32,96,1,A4_ramified_A,,
74,33,92,1,A1_identity,1,1
74,34,88,1,A2_sigma_i,-1,1
74,35,84,1,A1_identity,1,1
74,36,80,1,A2_sigma_i,1,-1
74,37,76,1,A3_sigma1sigma2,-1,-1
74,38,72,-1,B1_block_swap,1,
74,39,68,1,A2_sigma_i,1,-1
74,40,64,1,A2_sigma_i,-1,1
74,41,60,-1,B3_four_cycle,-1,
74,42,56,1,A1_identity,1,1
74,43,52,1,A2_sigma_i,1,-1
74,44,48,-1,B3_four_cycle,-1,
74,45,44,-1,B3_four_cycle,-1,
74,46,40,-1,B3_four_cycle,-1,
74,47,36,1,A3_sigma1sigma2,-1,-1
74,48,32,-1,B3_four_cycle,-1,
74,49,28,-1,B3_four_cycle,-1,
74,50,24,1,A3_sigma1sigma2,-1,-1
74,51,20,1,A3_sigma1sigma2,-1,-1
74,52,16,1,A2_sigma_i,-1,1
74,53,12,-1,B1_block_swap,1,
74,54,8,-1,B1_block_swap,1,
74,55,4,1,A2_sigma_i,-1,1
74,56,0,0,double_root,,
74,57,97,1,A2_sigma_i,1,-1
74,58,93,-1,B1_block_swap,1,
74,59,89,-1,B1_block_swap,1,
74,60,85,1,A1_identity,1,1
74,61,81,1,A2_sigma_i,1,-1
74,62,77,1,A3_sigma1sigma2,-1,-1
74,63,73,-1,B1_block_swap,1,
74,64,69,-1,B3_four_cycle,-1,
74,65,65,1,A2_sigma_i,1,-1
74,66,61,-1,B3_four_cycle,-1,
74,67,57,-1,B3_four_cycle,-1,
74,68,53,-1,B3_four_cycle,-1,
74,69,49,1,A2_sigma_i,1,-1
74,70,45,1,A1_identity,1,1
74,71,41,-1,B3_four_cycle,-1,
74,72,37,1,A2_sigma_i,1,-1
74,73,33,1,A1_identity,1,1
74,74,29,-1,B3_four_cycle,-1,
74,75,25,1,A3_sigma1sigma2,-1,-1
74,76,21,1,A1_identity,1,1
74,77,17,1,A2_sigma_i,1,-1
74,78,13,1,A2_sigma_i,-1,1
74,79,9,1,A4_ramified_A,,
74,80,5,1,A2_sigma_i,1,-1
74,81,1,1,A3_sigma1sigma2,-1,-1
74,82,98,-1,B1_block_swap,1,
74,83,94,-1,B3_four_cycle,-1,
74,84,90,-1,B3_four_cycle,-1,
74,85,86,-1,B3_four_cycle,-1,
74,86,82,1,A2_sigma_i,-1,1
74,87,78,1,A2_sigma_i,1,-1
74,88,74,-1,B3_four_cycle,-1,
74,89,70,1,A2_sigma_i,-1,1
74,90,66,-1,B3_four_cycle,-1,
74,91,62,-1,B3_four_cycle,-1,
74,92,58,1,A1_identity,1,1
74,93,54,1,A2_sigma_i,-1,1
74,94,50,-1,B1_block_swap,1,
74,95,46,-1,B3_four_cycle,-1,
74,96,42,-1,B3_four_cycle,-1,
74,97,38,-1,B1_block_swap,1,
74,98,34,-1,B3_four_cycle,-1,
74,99,30,1,A4_ramified_A,,
74,100,26,-1,B1_block_swap,1,
75,0,70,1,A1_identity,1,1
75,1,66,-1,B3_four_cycle,-1,
75,2,62,-1,B1_block_swap,1,
75,3,58,1,A2_sigma_i,-1,1
75,4,54,1,A1_identity,1,1
75,5,50,-1,B3_four_cycle,-1,
75,6,46,-1,B1_block_swap,1,
75,7,42,-1,B3_four_cycle,-1,
75,8,38,-1,B3_four_cycle,-1,
75,9,34,-1,B1_block_swap,1,
75,10,30,1,A2_sigma_i,1,-1
75,11,26,-1,B3_four_cycle,-1,
75,12,22,1,A2_sigma_i,-1,1
75,13,18,-1,B1_block_swap,1,
75,14,14,1,A3_sigma1sigma2,-1,-1
75,15,10,-1,B3_four_cycle,-1,
75,16,6,1,A1_identity,1,1
75,17,2,-1,B3_four_cycle,-1,
75,18,99,-1,B1_block_swap,1,
75,19,95,1,A1_identity,1,1
75,20,91,-1,B3_four_cycle,-1,
75,21,87,1,A1_identity,1,1
75,22,83,-1,B1_block_swap,1,
75,23,79,1,A1_identity,1,1
75,24,75,-1,B3_four_cycle,-1,
75,25,71,1,A2_sigma_i,1,-1
75,26,67,-1,B3_four_cycle,-1,
75,27,63,-1,B3_four_cycle,-1,
75,28,59,-1,B3_four_cycle,-1,
75,29,55,-1,B1_block_swap,1,
75,30,51,-1,B1_block_swap,1,
75,31,47,1,A2_sigma_i,-1,1
75,32,43,1,A3_sigma1sigma2,-1,-1
75,33,39,-1,B3_four_cycle,-1,
75,34,35,-1,B1_block_swap,1,
75,35,31,1,A1_identity,1,1
75,36,27,-1,B1_block_swap,1,
75,37,23,1,A3_sigma1sigma2,-1,-1
75,38,19,1,A2_sigma_i,-1,1
75,39,15,-1,B1_block_swap,1,
75,40,11,-1,B1_block_swap,1,
75,41,7,-1,B3_four_cycle,-1,
75,42,3,-1,B1_block_swap,1,
75,43,100,1,A2_sigma_i,1,-1
75,44,96,1,A1_identity,1,1
75,45,92,1,A1_identity,1,1
75,46,88,1,A2_sigma_i,-1,1
75,47,84,1,A2_sigma_i,1,-1
75,48,80,1,A2_sigma_i,1,-1
75,49,76,1,A2_sigma_i,1,-1
75,50,72,-1,B3_four_cycle,-1,
75,51,68,1,A1_identity,1,1
75,52,64,1,A2_sigma_i,-1,1
75,53,60,-1,B1_block_swap,1,
75,54,56,1,A4_ramified_A,,
75,55,52,1,A1_identity,1,1
75,56,48,-1,B1_block_swap,1,
75,57,44,-1,B3_four_cycle,-1,
75,58,40,-1,B3_four_cycle,-1,
75,59,36,1,A3_sigma1sigma2,-1,-1
75,60,32,-1,B3_four_cycle,-1,
75,61,28,-1,B1_block_swap,1,
75,62,24,1,A1_identity,1,1
75,63,20,1,A2_sigma_i,-1,1
75,64,16,1,A4_ramified_A,,
75,65,12,-1,B1_block_swap,1,
75,66,8,-1,B3_four_cycle,-1,
75,67,4,1,A2_sigma_i,-1,1
75,68,0,0,double_root,,
75,69,97,1,A2_sigma_i,1,-1
75,70,93,-1,B1_block_swap,1,
75,71,89,-1,B3_four_cycle,-1,
75,72,85,1,A3_sigma1sigma2,-1,-1
75,73,81,1,A1_identity,1,1
75,74,77,1,A1_identity,1,1
75,75,73,-1,B3_four_cycle,-1,
75,76,69,-1,B3_four_cycle,-1,
75,77,65,1,A2_sigma_i,1,-1
75,78,61,-1,B1_block_swap,1,
75,79,57,-1,B3_four_cycle,-1,
75,80,53,-1,B1_block_swap,1,
75,81,49,1,A3_sigma1sigma2,-1,-1
75,82,45,1,A2_sigma_i,1,-1
75,83,41,-1,B3_four_cycle,-1,
75,84,37,1,A2_sigma_i,1,-1
75,85,33,1,A2_sigma_i,1,-1
75,86,29,-1,B3_four_cycle,-1,
75,87,25,1,A3_sigma1sigma2,-1,-1
75,88,21,1,A2_sigma_i,1,-1
75,89,17,1,A3_sigma1sigma2,-1,-1
75,90,13,1,A1_identity,1,1
75,91,9,1,A2_sigma_i,-1,1
75,92,5,1,A4_ramified_A,,
75,93,1,1,A1_identity,1,1
75,94,98,-1,B1_block_swap,1,
75,95,94,-1,B1_block_swap,1,
75,96,90,-1,B1_block_swap,1,
75,97,86,-1,B1_block_swap,1,
75,98,82,1,A3_sigma1sigma2,-1,-1
75,99,78,1,A3_sigma1sigma2,-1,-1
75,100,74,-1,B1_block_swap,1,
76,0,19,1,A2_sigma_i,1,-1
76,1,15,-1,B3_four_cycle,-1,
76,2,11,-1,B3_four_cycle,-1,
76,3,7,-1,B1_block_swap,1,
76,4,3,-1,B1_block_swap,1,
76,5,100,1,A1_identity,1,1
76,6,96,1,A2_sigma_i,1,-1
76,7,92,1,A2_sigma_i,-1,1
76,8,88,1,A2_sigma_i,1,-1
76,9,84,1,A4_ramified_A,,
76,10,80,1,A1_identity,1,1
76,11,76,1,A2_sigma_i,-1,1
76,12,72,-1,B1_block_swap,1,
76,13,68,1,A2_sigma_i,-1,1
76,14,64,1,A2_sigma_i,1,-1
76,15,60,-1,B3_four_cycle,-1,
76,16,56,1,A3_sigma1sigma2,-1,-1
76,17,52,1,A2_sigma_i,-1,1
76,18,48,-1,B1_block_swap,1,
76,19,44,-1,B1_block_swap,1,
76,20,40,-1,B1_block_swap,1,
76,21,36,1,A3_sigma1sigma2,-1,-1
76,22,32,-1,B1_block_swap,1,
76,23,28,-1,B1_block_swap,1,
76,24,24,1,A1_identity,1,1
76,25,20,1,A2_sigma_i,1,-1
76,26,16,1,A3_sigma1sigma2,-1,-1
76,27,12,-1,B3_four_cycle,-1,
76,28,8,-1,B1_block_swap,1,
76,29,4,1,A1_identity,1,1
76,30,0,0,double_root,,
76,31,97,1,A2_sigma_i,1,-1
76,32,93,-1,B1_block_swap,1,
76,33,89,-1,B3_four_cycle,-1,
76,34,85,1,A2_sigma_i,-1,1
76,35,81,1,A2_sigma_i,1,-1
76,36,77,1,A1_identity,1,1
76,37,73,-1,B1_block_swap,1,
76,38,69,-1,B1_block_swap,1,
76,39,65,1,A3_sigma1sigma2,-1,-1
76,40,61,-1,B3_four_cycle,-1,
76,41,57,-1,B3_four_cycle,-1,
76,42,53,-1,B3_four_cycle,-1,
76,43,49,1,A3_sigma1sigma2,-1,-1
76,44,45,1,A1_identity,1,1
76,45,41,-1,B1_block_swap,1,
76,46,37,1,A2_sigma_i,1,-1
76,47,33,1,A1_identity,1,1
76,48,29,-1,B1_block_swap,1,
76,49,25,1,A4_ramified_A,,
76,50,21,1,A2_sigma_i,-1,1
76,51,17,1,A4_ramified_A,,
76,52,13,1,A2_sigma_i,-1,1
76,53,9,1,A3_sigma1sigma2,-1,-1
76,54,5,1,A2_sigma_i,-1,1
76,55,1,1,A2_sigma_i,1,-1
76,56,98,-1,B3_four_cycle,-1,
76,57,94,-1,B1_block_swap,1,
76,58,90,-1,B3_four_cycle,-1,
76,59,86,-1,B3_four_cycle,-1,
76,60,82,1,A3_sigma1sigma2,-1,-1
76,61,78,1,A3_sigma1sigma2,-1,-1
76,62,74,-1,B1_block_swap,1,
76,63,70,1,A2_sigma_i,-1,1
76,64,66,-1,B1_block_swap,1,
76,65,62,-1,B1_block_swap,1,
76,66,58,1,A3_sigma1sigma2,-1,-1
76,67,54,1,A2_sigma_i,1,-1
76,68,50,-1,B3_four_cycle,-1,
76,69,46,-1,B1_block_swap,1,
76,70,42,-1,B3_four_cycle,-1,
76,71,38,-1,B3_four_cycle,-1,
76,72,34,-1,B3_four_cycle,-1,
76,73,30,1,A1_identity,1,1
76,74,26,-1,B1_block_swap,1,
76,75,22,1,A1_identity,1,1
76,76,18,-1,B1_block_swap,1,
76,77,14,1,A1_identity,1,1
76,78,10,-1,B3_four_cycle,-1,
76,79,6,1,A2_sigma_i,-1,1
76,80,2,-1,B3_four_cycle,-1,
76,81,99,-1,B1_block_swap,1,
76,82,95,1,A2_sigma_i,1,-1
76,83,91,-1,B3_four_cycle,-1,
76,84,87,1,A1_identity,1,1
76,85,83,-1,B3_four_cycle,-1,
76,86,79,1,A2_sigma_i,-1,1
76,87,75,-1,B3_four_cycle,-1,
76,88,71,1,A2_sigma_i,-1,1
76,89,67,-1,B1_block_swap,1,
76,90,63,-1,B1_block_swap,1,
76,91,59,-1,B1_block_swap,1,
76,92,55,-1,B1_block_swap,1,
76,93,51,-1,B1_block_swap,1,
76,94,47,1,A1_identity,1,1
76,95,43,1,A2_sigma_i,1,-1
76,96,39,-1,B1_block_swap,1,
76,97,35,-1,B1_block_swap,1,
76,98,31,1,A2_sigma_i,1,-1
76,99,27,-1,B3_four_cycle,-1,
76,100,23,1,A1_identity,1,1
77,0,71,1,A1_identity,1,1
77,1,67,-1,B1_block_swap,1,
77,2,63,-1,B3_four_cycle,-1,
77,3,59,-1,B1_block_swap,1,
77,4,55,-1,B3_four_cycle,-1,
77,5,51,-1,B1_block_swap,1,
77,6,47,1,A3_sigma1sigma2,-1,-1
77,7,43,1,A1_identity,1,1
77,8,39,-1,B3_four_cycle,-1,
77,9,35,-1,B1_block_swap,1,
77,10,31,1,A4_ramified_A,,
77,11,27,-1,B1_block_swap,1,
77,12,23,1,A1_identity,1,1
77,13,19,1,A2_sigma_i,-1,1
77,14,15,-1,B3_four_cycle,-1,
77,15,11,-1,B3_four_cycle,-1,
77,16,7,-1,B3_four_cycle,-1,
77,17,3,-1,B1_block_swap,1,
77,18,100,1,A2_sigma_i,1,-1
77,19,96,1,A3_sigma1sigma2,-1,-1
77,20,92,1,A2_sigma_i,1,-1
77,21,88,1,A3_sigma1sigma2,-1,-1
77,22,84,1,A3_sigma1sigma2,-1,-1
77,23,80,1,A1_identity,1,1
77,24,76,1,A3_sigma1sigma2,-1,-1
77,25,72,-1,B1_block_swap,1,
77,26,68,1,A3_sigma1sigma2,-1,-1
77,27,64,1,A3_sigma1sigma2,-1,-1
77,28,60,-1,B3_four_cycle,-1,
77,29,56,1,A1_identity,1,1
77,30,52,1,A2_sigma_i,1,-1
77,31,48,-1,B1_block_swap,1,
77,32,44,-1,B3_four_cycle,-1,
77,33,40,-1,B3_four_cycle,-1,
77,34,36,1,A4_ramified_A,,
77,35,32,-1,B1_block_swap,1,
77,36,28,-1,B3_four_cycle,-1,
77,37,24,1,A2_sigma_i,1,-1
77,38,20,1,A1_identity,1,1
77,39,16,1,A3_sigma1sigma2,-1,-1
77,40,12,-1,B1_block_swap,1,
77,41,8,-1,B3_four_cycle,-1,
77,42,4,1,A3_sigma1sigma2,-1,-1
77,43,0,0,double_root,,
77,44,97,1,A3_sigma1sigma2,-1,-1
77,45,93,-1,B1_block_swap,1,
77,46,89,-1,B3_four_cycle,-1,
77,47,85,1,A2_sigma_i,-1,1
77,48,81,1,A2_sigma_i,-1,1
77,49,77,1,A1_identity,1,1
77,50,73,-1,B1_block_swap,1,
77,51,69,-1,B3_four_cycle,-1,
77,52,65,1,A1_identity,1,1
77,53,61,-1,B3_four_cycle,-1,
77,54,57,-1,B1_block_swap,1,
77,55,53,-1,B3_four_cycle,-1,
77,56,49,1,A2_sigma_i,-1,1
77,57,45,1,A2_sigma_i,1,-1
77,58,41,-1,B1_block_swap,1,
77,59,37,1,A1_identity,1,1
77,60,33,1,A1_identity,1,1
77,61,29,-1,B1_block_swap,1,
77,62,25,1,A3_sigma1sigma2,-1,-1
77,63,21,1,A2_sigma_i,-1,1
77,64,17,1,A1_identity,1,1
77,65,13,1,A4_ramified_A,,
77,66,9,1,A2_sigma_i,1,-1
77,67,5,1,A1_identity,1,1
77,68,1,1,A1_identity,1,1
77,69,98,-1,B1_block_swap,1,
77,70,94,-1,B3_four_cycle,-1,
77,71,90,-1,B3_four_cycle,-1,
77,72,86,-1,B3_four_cycle,-1,
77,73,82,1,A2_sigma_i,1,-1
77,74,78,1,A2_sigma_i,-1,1
77,75,74,-1,B1_block_swap,1,
77,76,70,1,A2_sigma_i,1,-1
77,77,66,-1,B1_block_swap,1,
77,78,62,-1,B3_four_cycle,-1,
77,79,58,1,A2_sigma_i,-1,1
77,80,54,1,A1_identity,1,1
77,81,50,-1,B1_block_swap,1,
77,82,46,-1,B1_block_swap,1,
77,83,42,-1,B1_block_swap,1,
77,84,38,-1,B1_block_swap,1,
77,85,34,-1,B1_block_swap,1,
77,86,30,1,A3_sigma1sigma2,-1,-1
77,87,26,-1,B3_four_cycle,-1,
77,88,22,1,A1_identity,1,1
77,89,18,-1,B3_four_cycle,-1,
77,90,14,1,A1_identity,1,1
77,91,10,-1,B1_block_swap,1,
77,92,6,1,A2_sigma_i,-1,1
77,93,2,-1,B3_four_cycle,-1,
77,94,99,-1,B1_block_swap,1,
77,95,95,1,A2_sigma_i,-1,1
77,96,91,-1,B1_block_swap,1,
77,97,87,1,A3_sigma1sigma2,-1,-1
77,98,83,-1,B1_block_swap,1,
77,99,79,1,A1_identity,1,1
77,100,75,-1,B3_four_cycle,-1,
78,0,24,1,A1_identity,1,1
78,1,20,1,A1_identity,1,1
78,2,16,1,A2_sigma_i,1,-1
78,3,12,-1,B3_four_cycle,-1,
78,4,8,-1,B1_block_swap,1,
78,5,4,1,A2_sigma_i,1,-1
78,6,0,0,double_root,,
78,7,97,1,A1_identity,1,1
78,8,93,-1,B3_four_cycle,-1,
78,9,89,-1,B3_four_cycle,-1,
78,10,85,1,A1_identity,1,1
78,11,81,1,A3_sigma1sigma2,-1,-1
78,12,77,1,A1_identity,1,1
78,13,73,-1,B1_block_swap,1,
78,14,69,-1,B1_block_swap,1,
78,15,65,1,A2_sigma_i,1,-1
78,16,61,-1,B3_four_cycle,-1,
78,17,57,-1,B3_four_cycle,-1,
78,18,53,-1,B3_four_cycle,-1,
78,19,49,1,A4_ramified_A,,
78,20,45,1,A4_ramified_A,,
78,21,41,-1,B3_four_cycle,-1,
78,22,37,1,A2_sigma_i,-1,1
78,23,33,1,A2_sigma_i,-1,1
78,24,29,-1,B3_four_cycle,-1,
78,25,25,1,A3_sigma1sigma2,-1,-1
78,26,21,1,A3_sigma1sigma2,-1,-1
78,27,17,1,A1_identity,1,1
78,28,13,1,A3_sigma1sigma2,-1,-1
78,29,9,1,A3_sigma1sigma2,-1,-1
78,30,5,1,A2_sigma_i,1,-1
78,31,1,1,A2_sigma_i,-1,1
78,32,98,-1,B1_block_swap,1,
78,33,94,-1,B1_block_swap,1,
78,34,90,-1,B3_four_cycle,-1,
78,35,86,-1,B1_block_swap,1,
78,36,82,1,A2_sigma_i,-1,1
78,37,78,1,A2_sigma_i,1,-1
78,38,74,-1,B1_block_swap,1,
78,39,70,1,A1_identity,1,1
78,40,66,-1,B1_block_swap,1,
78,41,62,-1,B3_four_cycle,-1,
78,42,58,1,A2_sigma_i,-1,1
78,43,54,1,A2_sigma_i,-1,1
78,44,50,-1,B3_four_cycle,-1,
78,45,46,-1,B3_four_cycle,-1,
78,46,42,-1,B1_block_swap,1,
78,47,38,-1,B1_block_swap,1,
78,48,34,-1,B1_block_swap,1,
78,49,30,1,A2_sigma_i,1,-1
78,50,26,-1,B1_block_swap,1,
78,51,22,1,A2_sigma_i,1,-1
78,52,18,-1,B1_block_swap,1,
78,53,14,1,A2_sigma_i,-1,1
78,54,10,-1,B1_block_swap,1,
78,55,6,1,A3_sigma1sigma2,-1,-1
78,56,2,-1,B1_block_swap,1,
78,57,99,-1,B3_four_cycle,-1,
78,58,95,1,A2_sigma_i,-1,1
78,59,91,-1,B3_four_cycle,-1,
78,60,87,1,A2_sigma_i,1,-1
78,61,83,-1,B1_block_swap,1,
78,62,79,1,A1_identity,1,1
78,63,75,-1,B1_block_swap,1,
78,64,71,1,A2_sigma_i,-1,1
78,65,67,-1,B3_four_cycle,-1,
78,66,63,-1,B3_four_cycle,-1,
78,67,59,-1,B1_block_swap,1,
78,68,55,-1,B1_block_swap,1,
78,69,51,-1,B3_four_cycle,-1,
78,70,47,1,A4_ramified_A,,
78,71,43,1,A2_sigma_i,-1,1
78,72,39,-1,B1_block_swap,1,
78,73,35,-1,B1_block_swap,1,
78,74,31,1,A2_sigma_i,-1,1
78,75,27,-1,B3_four_cycle,-1,
78,76,23,1,A2_sigma_i,-1,1
78,77,19,1,A1_identity,1,1
78,78,15,-1,B1_block_swap,1,
78,79,11,-1,B1_block_swap,1,
78,80,7,-1,B3_four_cycle,-1,
78,81,3,-1,B3_four_cycle,-1,
78,82,100,1,A2_sigma_i,-1,1
78,83,96,1,A2_sigma_i,-1,1
78,84,92,1,A1_identity,1,1
78,85,88,1,A3_sigma1sigma2,-1,-1
78,86,84,1,A1_identity,1,1
78,87,80,1,A2_sigma_i,1,-1
78,88,76,1,A3_sigma1sigma2,-1,-1
78,89,72,-1,B3_four_cycle,-1,
78,90,68,1,A1_identity,1,1
78,91,64,1,A2_sigma_i,1,-1
78,92,60,-1,B1_block_swap,1,
78,93,56,1,A3_sigma1sigma2,-1,-1
78,94,52,1,A1_identity,1,1
78,95,48,-1,B3_four_cycle,-1,
78,96,44,-1,B3_four_cycle,-1,
78,97,40,-1,B3_four_cycle,-1,
78,98,36,1,A2_sigma_i,-1,1
78,99,32,-1,B3_four_cycle,-1,
78,100,28,-1,B1_block_swap,1,
79,0,80,1,A2_sigma_i,-1,1
79,1,76,1,A2_sigma_i,1,-1
79,2,72,-1,B3_four_cycle,-1,
79,3,68,1,A1_identity,1,1
79,4,64,1,A4_ramified_A,,
79,5,60,-1,B1_block_swap,1,
79,6,56,1,A2_sigma_i,-1,1
79,7,52,1,A1_identity,1,1
79,8,48,-1,B1_block_swap,1,
79,9,44,-1,B3_four_cycle,-1,
79,10,40,-1,B3_four_cycle,-1,
79,11,36,1,A3_sigma1sigma2,-1,-1
79,12,32,-1,B3_four_cycle,-1,
79,13,28,-1,B3_four_cycle,-1,
79,14,24,1,A2_sigma_i,1,-1
79,15,20,1,A3_sigma1sigma2,-1,-1
79,16,16,1,A3_sigma1sigma2,-1,-1
79,17,12,-1,B1_block_swap,1,
79,18,8,-1,B3_four_cycle,-1,
79,19,4,1,A2_sigma_i,1,-1
79,20,0,0,double_root,,
79,21,97,1,A1_identity,1,1
79,22,93,-1,B1_block_swap,1,
79,23,89,-1,B3_four_cycle,-1,
79,24,85,1,A3_sigma1sigma2,-1,-1
79,25,81,1,A2_sigma_i,-1,1
79,26,77,1,A3_sigma1sigma2,-1,-1
79,27,73,-1,B3_four_cycle,-1,
79,28,69,-1,B3_four_cycle,-1,
79,29,65,1,A4_ramified_A,,
79,30,61,-1,B1_block_swap,1,
79,31,57,-1,B1_block_swap,1,
79,32,53,-1,B3_four_cycle,-1,
79,33,49,1,A2_sigma_i,-1,1
79,34,45,1,A2_sigma_i,-1,1
79,35,41,-1,B3_four_cycle,-1,
79,36,37,1,A2_sigma_i,1,-1
79,37,33,1,A1_identity,1,1
79,38,29,-1,B1_block_swap,1,
79,39,25,1,A1_identity,1,1
79,40,21,1,A2_sigma_i,-1,1
79,41,17,1,A3_sigma1sigma2,-1,-1
79,42,13,1,A1_identity,1,1
79,43,9,1,A2_sigma_i,1,-1
79,44,5,1,A2_sigma_i,1,-1
79,45,1,1,A2_sigma_i,-1,1
79,46,98,-1,B3_four_cycle,-1,
79,47,94,-1,B1_block_swap,1,
79,48,90,-1,B1_block_swap,1,
79,49,86,-1,B3_four_cycle,-1,
79,50,82,1,A3_sigma1sigma2,-1,-1
79,51,78,1,A3_sigma1sigma2,-1,-1
79,52,74,-1,B3_four_cycle,-1,
79,53,70,1,A1_identity,1,1
79,54,66,-1,B3_four_cycle,-1,
79,55,62,-1,B1_block_swap,1,
79,56,58,1,A2_sigma_i,1,-1
79,57,54,1,A3_sigma1sigma2,-1,-1
79,58,50,-1,B1_block_swap,1,
79,59,46,-1,B3_four_cycle,-1,
79,60,42,-1,B1_block_swap,1,
79,61,38,-1,B3_four_cycle,-1,
79,62,34,-1,B1_block_swap,1,
79,63,30,1,A3_sigma1sigma2,-1,-1
79,64,26,-1,B3_four_cycle,-1,
79,65,22,1,A1_identity,1,1
79,66,18,-1,B1_block_swap,1,
79,67,14,1,A1_identity,1,1
79,68,10,-1,B1_block_swap,1,
79,69,6,1,A1_identity,1,1
79,70,2,-1,B1_block_swap,1,
79,71,99,-1,B1_block_swap,1,
79,72,95,1,A1_identity,1,1
79,73,91,-1,B3_four_cycle,-1,
79,74,87,1,A2_sigma_i,1,-1
79,75,83,-1,B3_four_cycle,-1,
79,76,79,1,A4_ramified_A,,
79,77,75,-1,B1_block_swap,1,
79,78,71,1,A1_identity,1,1
79,79,67,-1,B3_four_cycle,-1,
79,80,63,-1,B3_four_cycle,-1,
79,81,59,-1,B1_block_swap,1,
79,82,55,-1,B3_four_cycle,-1,
79,83,51,-1,B3_four_cycle,-1,
79,84,47,1,A1_identity,1,1
79,85,43,1,A1_identity,1,1
79,86,39,-1,B1_block_swap,1,
79,87,35,-1,B1_block_swap,1,
79,88,31,1,A1_identity,1,1
79,89,27,-1,B3_four_cycle,-1,
79,90,23,1,A3_sigma1sigma2,-1,-1
79,91,19,1,A1_identity,1,1
79,92,15,-1,B3_four_cycle,-1,
79,93,11,-1,B3_four_cycle,-1,
79,94,7,-1,B1_block_swap,1,
79,95,3,-1,B1_block_swap,1,
79,96,100,1,A2_sigma_i,-1,1
79,97,96,1,A2_sigma_i,-1,1
79,98,92,1,A1_identity,1,1
79,99,88,1,A1_identity,1,1
79,100,84,1,A3_sigma1sigma2,-1,-1
80,0,37,1,A1_identity,1,1
80,1,33,1,A2_sigma_i,1,-1
80,2,29,-1,B3_four_cycle,-1,
80,3,25,1,A3_sigma1sigma2,-1,-1
80,4,21,1,A1_identity,1,1
80,5,17,1,A2_sigma_i,-1,1
80,6,13,1,A2_sigma_i,1,-1
80,7,9,1,A2_sigma_i,1,-1
80,8,5,1,A3_sigma1sigma2,-1,-1
80,9,1,1,A3_sigma1sigma2,-1,-1
80,10,98,-1,B1_block_swap,1,
80,11,94,-1,B1_block_swap,1,
80,12,90,-1,B1_block_swap,1,
80,13,86,-1,B3_four_cycle,-1,
80,14,82,1,A2_sigma_i,1,-1
80,15,78,1,A3_sigma1sigma2,-1,-1
80,16,74,-1,B3_four_cycle,-1,
80,17,70,1,A1_identity,1,1
80,18,66,-1,B3_four_cycle,-1,
80,19,62,-1,B3_four_cycle,-1,
80,20,58,1,A1_identity,1,1
80,21,54,1,A3_sigma1sigma2,-1,-1
80,22,50,-1,B3_four_cycle,-1,
80,23,46,-1,B3_four_cycle,-1,
80,24,42,-1,B1_block_swap,1,
80,25,38,-1,B1_block_swap,1,
80,26,34,-1,B3_four_cycle,-1,
80,27,30,1,A1_identity,1,1
80,28,26,-1,B3_four_cycle,-1,
80,29,22,1,A2_sigma_i,-1,1
80,30,18,-1,B1_block_swap,1,
80,31,14,1,A4_ramified_A,,
80,32,10,-1,B3_four_cycle,-1,
80,33,6,1,A3_sigma1sigma2,-1,-1
80,34,2,-1,B1_block_swap,1,
80,35,99,-1,B3_four_cycle,-1,
80,36,95,1,A2_sigma_i,1,-1
80,37,91,-1,B3_four_cycle,-1,
80,38,87,1,A3_sigma1sigma2,-1,-1
80,39,83,-1,B3_four_cycle,-1,
80,40,79,1,A2_sigma_i,1,-1
80,41,75,-1,B1_block_swap,1,
80,42,71,1,A1_identity,1,1
80,43,67,-1,B1_block_swap,1,
80,44,63,-1,B3_four_cycle,-1,
80,45,59,-1,B3_four_cycle,-1,
80,46,55,-1,B1_block_swap,1,
80,47,51,-1,B3_four_cycle,-1,
80,48,47,1,A1_identity,1,1
80,49,43,1,A2_sigma_i,1,-1
80,50,39,-1,B1_block_swap,1,
80,51,35,-1,B1_block_swap,1,
80,52,31,1,A2_sigma_i,1,-1
80,53,27,-1,B1_block_swap,1,
80,54,23,1,A2_sigma_i,1,-1
80,55,19,1,A1_identity,1,1
80,56,15,-1,B3_four_cycle,-1,
80,57,11,-1,B1_block_swap,1,
80,58,7,-1,B1_block_swap,1,
80,59,3,-1,B3_four_cycle,-1,
80,60,100,1,A3_sigma1sigma2,-1,-1
80,61,96,1,A1_identity,1,1
80,62,92,1,A1_identity,1,1
80,63,88,1,A2_sigma_i,1,-1
80,64,84,1,A2_sigma_i,-1,1
80,65,80,1,A2_sigma_i,1,-1
80,66,76,1,A2_sigma_i,-1,1
80,67,72,-1,B1_block_swap,1,
80,68,68,1,A1_identity,1,1
80,69,64,1,A2_sigma_i,1,-1
80,70,60,-1,B3_four_cycle,-1,
80,71,56,1,A3_sigma1sigma2,-1,-1
80,72,52,1,A1_identity,1,1
80,73,48,-1,B3_four_cycle,-1,
80,74,44,-1,B3_four_cycle,-1,
80,75,40,-1,B1_block_swap,1,
80,76,36,1,A1_identity,1,1
80,77,32,-1,B1_block_swap,1,
80,78,28,-1,B1_block_swap,1,
80,79,24,1,A2_sigma_i,-1,1
80,80,20,1,A2_sigma_i,-1,1
80,81,16,1,A1_identity,1,1
80,82,12,-1,B3_four_cycle,-1,
80,83,8,-1,B3_four_cycle,-1,
80,84,4,1,A2_sigma_i,1,-1
80,85,0,0,double_root,,
80,86,97,1,A3_sigma1sigma2,-1,-1
80,87,93,-1,B1_block_swap,1,
80,88,89,-1,B1_block_swap,1,
80,89,85,1,A4_ramified_A,,
80,90,81,1,A4_ramified_A,,
80,91,77,1,A1_identity,1,1
80,92,73,-1,B3_four_cycle,-1,
80,93,69,-1,B1_block_swap,1,
80,94,65,1,A2_sigma_i,-1,1
80,95,61,-1,B1_block_swap,1,
80,96,57,-1,B3_four_cycle,-1,
80,97,53,-1,B3_four_cycle,-1,
80,98,49,1,A3_sigma1sigma2,-1,-1
80,99,45,1,A2_sigma_i,1,-1
80,100,41,-1,B3_four_cycle,-1,
81,0,97,1,A1_identity,1,1
81,1,93,-1,B1_block_swap,1,
81,2,89,-1,B1_block_swap,1,
81,3,85,1,A2_sigma_i,1,-1
81,4,81,1,A3_sigma1sigma2,-1,-1
81,5,77,1,A1_identity,1,1
81,6,73,-1,B1_block_swap,1,
81,7,69,-1,B3_four_cycle,-1,
81,8,65,1,A1_identity,1,1
81,9,61,-1,B1_block_swap,1,
81,10,57,-1,B3_four_cycle,-1,
81,11,53,-1,B1_block_swap,1,
81,12,49,1,A1_identity,1,1
81,13,45,1,A2_sigma_i,-1,1
81,14,41,-1,B3_four_cycle,-1,
81,15,37,1,A3_sigma1sigma2,-1,-1
81,16,33,1,A1_identity,1,1
81,17,29,-1,B1_block_swap,1,
81,18,25,1,A1_identity,1,1
81,19,21,1,A2_sigma_i,1,-1
81,20,17,1,A2_sigma_i,-1,1
81,21,13,1,A3_sigma1sigma2,-1,-1
81,22,9,1,A1_identity,1,1
81,23,5,1,A1_identity,1,1
81,24,1,1,A3_sigma1sigma2,-1,-1
81,25,98,-1,B1_block_swap,1,
81,26,94,-1,B3_four_cycle,-1,
81,27,90,-1,B1_block_swap,1,
81,28,86,-1,B3_four_cycle,-1,
81,29,82,1,A2_sigma_i,1,-1
81,30,78,1,A1_identity,1,1
81,31,74,-1,B3_four_cycle,-1,
81,32,70,1,A2_sigma_i,-1,1
81,33,66,-1,B1_block_swap,1,
81,34,62,-1,B1_block_swap,1,
81,35,58,1,A2_sigma_i,-1,1
81,36,54,1,A2_sigma_i,-1,1
81,37,50,-1,B3_four_cycle,-1,
81,38,46,-1,B3_four_cycle,-1,
81,39,42,-1,B3_four_cycle,-1,
81,40,38,-1,B1_block_swap,1,
81,41,34,-1,B3_four_cycle,-1,
81,42,30,1,A3_sigma1sigma2,-1,-1
81,43,26,-1,B1_block_swap,1,
81,44,22,1,A1_identity,1,1
81,45,18,-1,B1_block_swap,1,
81,46,14,1,A2_sigma_i,1,-1
81,47,10,-1,B1_block_swap,1,
81,48,6,1,A4_ramified_A,,
81,49,2,-1,B1_block_swap,1,
81,50,99,-1,B3_four_cycle,-1,
81,51,95,1,A2_sigma_i,1,-1
81,52,91,-1,B3_four_cycle,-1,
81,53,87,1,A2_sigma_i,-1,1
81,54,83,-1,B1_block_swap,1,
81,55,79,1,A1_identity,1,1
81,56,75,-1,B3_four_cycle,-1,
81,57,71,1,A2_sigma_i,1,-1
81,58,67,-1,B1_block_swap,1,
81,59,63,-1,B1_block_swap,1,
81,60,59,-1,B3_four_cycle,-1,
81,61,55,-1,B3_four_cycle,-1,
81,62,51,-1,B1_block_swap,1,
81,63,47,1,A3_sigma1sigma2,-1,-1
81,64,43,1,A2_sigma_i,1,-1
81,65,39,-1,B3_four_cycle,-1,
81,66,35,-1,B3_four_cycle,-1,
81,67,31,1,A2_sigma_i,1,-1
81,68,27,-1,B3_four_cycle,-1,
81,69,23,1,A2_sigma_i,1,-1
81,70,19,1,A1_identity,1,1
81,71,15,-1,B1_block_swap,1,
81,72,11,-1,B1_block_swap,1,
81,73,7,-1,B3_four_cycle,-1,
81,74,3,-1,B3_four_cycle,-1,
81,75,100,1,A4_ramified_A,,
81,76,96,1,A3_sigma1sigma2,-1,-1
81,77,92,1,A2_sigma_i,-1,1
81,78,88,1,A2_sigma_i,1,-1
81,79,84,1,A2_sigma_i,-1,1
81,80,80,1,A1_identity,1,1
81,81,76,1,A3_sigma1sigma2,-1,-1
81,82,72,-1,B1_block_swap,1,
81,83,68,1,A3_sigma1sigma2,-1,-1
81,84,64,1,A2_sigma_i,1,-1
81,85,60,-1,B1_block_swap,1,
81,86,56,1,A1_identity,1,1
81,87,52,1,A4_ramified_A,,
81,88,48,-1,B3_four_cycle,-1,
81,89,44,-1,B1_block_swap,1,
81,90,40,-1,B3_four_cycle,-1,
81,91,36,1,A3_sigma1sigma2,-1,-1
81,92,32,-1,B3_four_cycle,-1,
81,93,28,-1,B3_four_cycle,-1,
81,94,24,1,A1_identity,1,1
81,95,20,1,A2_sigma_i,-1,1
81,96,16,1,A2_sigma_i,1,-1
81,97,12,-1,B3_four_cycle,-1,
81,98,8,-1,B1_block_swap,1,
81,99,4,1,A3_sigma1sigma2,-1,-1
81,100,0,0,double_root,,
82,0,58,1,A2_sigma_i,1,-1
82,1,54,1,A1_identity,1,1
82,2,50,-1,B3_four_cycle,-1,
82,3,46,-1,B1_block_swap,1,
82,4,42,-1,B1_block_swap,1,
82,5,38,-1,B1_block_swap,1,
82,6,34,-1,B1_block_swap,1,
82,7,30,1,A4_ramified_A,,
82,8,26,-1,B3_four_cycle,-1,
82,9,22,1,A1_identity,1,1
82,10,18,-1,B3_four_cycle,-1,
82,11,14,1,A1_identity,1,1
82,12,10,-1,B3_four_cycle,-1,
82,13,6,1,A2_sigma_i,1,-1
82,14,2,-1,B3_four_cycle,-1,
82,15,99,-1,B1_block_swap,1,
82,16,95,1,A3_sigma1sigma2,-1,-1
82,17,91,-1,B3_four_cycle,-1,
82,18,87,1,A1_identity,1,1
82,19,83,-1,B1_block_swap,1,
82,20,79,1,A2_sigma_i,1,-1
82,21,75,-1,B3_four_cycle,-1,
82,22,71,1,A1_identity,1,1
82,23,67,-1,B1_block_swap,1,
82,24,63,-1,B3_four_cycle,-1,
82,25,59,-1,B1_block_swap,1,
82,26,55,-1,B3_four_cycle,-1,
82,27,51,-1,B3_four_cycle,-1,
82,28,47,1,A2_sigma_i,-1,1
82,29,43,1,A3_sigma1sigma2,-1,-1
82,30,39,-1,B3_four_cycle,-1,
82,31,35,-1,B1_block_swap,1,
82,32,31,1,A3_sigma1sigma2,-1,-1
82,33,27,-1,B1_block_swap,1,
82,34,23,1,A2_sigma_i,1,-1
82,35,19,1,A3_sigma1sigma2,-1,-1
82,36,15,-1,B3_four_cycle,-1,
82,37,11,-1,B1_block_swap,1,
82,38,7,-1,B1_block_swap,1,
82,39,3,-1,B1_block_swap,1,
82,40,100,1,A2_sigma_i,-1,1
82,41,96,1,A2_sigma_i,-1,1
82,42,92,1,A4_ramified_A,,
82,43,88,1,A3_sigma1sigma2,-1,-1
82,44,84,1,A2_sigma_i,1,-1
82,45,80,1,A2_sigma_i,-1,1
82,46,76,1,A2_sigma_i,1,-1
82,47,72,-1,B3_four_cycle,-1,
82,48,68,1,A3_sigma1sigma2,-1,-1
82,49,64,1,A2_sigma_i,-1,1
82,50,60,-1,B1_block_swap,1,
82,51,56,1,A2_sigma_i,-1,1
82,52,52,1,A3_sigma1sigma2,-1,-1
82,53,48,-1,B3_four_cycle,-1,
82,54,44,-1,B3_four_cycle,-1,
82,55,40,-1,B3_four_cycle,-1,
82,56,36,1,A1_identity,1,1
82,57,32,-1,B3_four_cycle,-1,
82,58,28,-1,B1_block_swap,1,
82,59,24,1,A1_identity,1,1
82,60,20,1,A4_ramified_A,,
82,61,16,1,A1_identity,1,1
82,62,12,-1,B1_block_swap,1,
82,63,8,-1,B3_four_cycle,-1,
82,64,4,1,A2_sigma_i,-1,1
82,65,0,0,double_root,,
82,66,97,1,A2_sigma_i,1,-1
82,67,93,-1,B1_block_swap,1,
82,68,89,-1,B3_four_cycle,-1,
82,69,85,1,A1_identity,1,1
82,70,81,1,A2_sigma_i,-1,1
82,71,77,1,A1_identity,1,1
82,72,73,-1,B3_four_cycle,-1,
82,73,69,-1,B3_four_cycle,-1,
82,74,65,1,A3_sigma1sigma2,-1,-1
82,75,61,-1,B3_four_cycle,-1,
82,76,57,-1,B1_block_swap,1,
82,77,53,-1,B3_four_cycle,-1,
82,78,49,1,A2_sigma_i,-1,1
82,79,45,1,A2_sigma_i,-1,1
82,80,41,-1,B1_block_swap,1,
82,81,37,1,A1_identity,1,1
82,82,33,1,A1_identity,1,1
82,83,29,-1,B3_four_cycle,-1,
82,84,25,1,A2_sigma_i,-1,1
82,85,21,1,A3_sigma1sigma2,-1,-1
82,86,17,1,A1_identity,1,1
82,87,13,1,A2_sigma_i,1,-1
82,88,9,1,A3_sigma1sigma2,-1,-1
82,89,5,1,A2_sigma_i,1,-1
82,90,1,1,A3_sigma1sigma2,-1,-1
82,91,98,-1,B1_block_swap,1,
82,92,94,-1,B1_block_swap,1,
82,93,90,-1,B1_block_swap,1,
82,94,86,-1,B3_four_cycle,-1,
82,95,82,1,A1_identity,1,1
82,96,78,1,A2_sigma_i,1,-1
82,97,74,-1,B1_block_swap,1,
82,98,70,1,A1_identity,1,1
82,99,66,-1,B1_block_swap,1,
82,100,62,-1,B1_block_swap,1,
83,0,21,1,A1_identity,1,1
83,1,17,1,A3_sigma1sigma2,-1,-1
83,2,13,1,A1_identity,1,1
83,3,9,1,A2_sigma_i,-1,1
83,4,5,1,A2_sigma_i,1,-1
83,5,1,1,A2_sigma_i,1,-1
83,6,98,-1,B1_block_swap,1,
83,7,94,-1,B3_four_cycle,-1,
83,8,90,-1,B1_block_swap,1,
83,9,86,-1,B3_four_cycle,-1,
83,10,82,1,A3_sigma1sigma2,-1,-1
83,11,78,1,A2_sigma_i,1,-1
83,12,74,-1,B1_block_swap,1,
83,13,70,1,A2_sigma_i,1,-1
83,14,66,-1,B3_four_cycle,-1,
83,15,62,-1,B3_four_cycle,-1,
83,16,58,1,A3_sigma1sigma2,-1,-1
83,17,54,1,A1_identity,1,1
83,18,50,-1,B3_four_cycle,-1,
83,19,46,-1,B1_block_swap,1,
83,20,42,-1,B1_block_swap,1,
83,21,38,-1,B3_four_cycle,-1,
83,22,34,-1,B1_block_swap,1,
83,23,30,1,A1_identity,1,1
83,24,26,-1,B3_four_cycle,-1,
83,25,22,1,A1_identity,1,1
83,26,18,-1,B1_block_swap,1,
83,27,14,1,A3_sigma1sigma2,-1,-1
83,28,10,-1,B3_four_cycle,-1,
83,29,6,1,A1_identity,1,1
83,30,2,-1,B3_four_cycle,-1,
83,31,99,-1,B3_four_cycle,-1,
83,32,95,1,A3_sigma1sigma2,-1,-1
83,33,91,-1,B1_block_swap,1,
83,34,87,1,A2_sigma_i,1,-1
83,35,83,-1,B3_four_cycle,-1,
83,36,79,1,A2_sigma_i,1,-1
83,37,75,-1,B1_block_swap,1,
83,38,71,1,A2_sigma_i,-1,1
83,39,67,-1,B1_block_swap,1,
83,40,63,-1,B3_four_cycle,-1,
83,41,59,-1,B1_block_swap,1,
83,42,55,-1,B3_four_cycle,-1,
83,43,51,-1,B1_block_swap,1,
83,44,47,1,A3_sigma1sigma2,-1,-1
83,45,43,1,A4_ramified_A,,
83,46,39,-1,B1_block_swap,1,
83,47,35,-1,B1_block_swap,1,
83,48,31,1,A1_identity,1,1
83,49,27,-1,B3_four_cycle,-1,
83,50,23,1,A2_sigma_i,-1,1
83,51,19,1,A1_identity,1,1
83,52,15,-1,B3_four_cycle,-1,
83,53,11,-1,B3_four_cycle,-1,
83,54,7,-1,B3_four_cycle,-1,
83,55,3,-1,B1_block_swap,1,
83,56,100,1,A2_sigma_i,-1,1
83,57,96,1,A2_sigma_i,-1,1
83,58,92,1,A2_sigma_i,1,-1
83,59,88,1,A1_identity,1,1
83,60,84,1,A2_sigma_i,-1,1
83,61,80,1,A1_identity,1,1
83,62,76,1,A1_identity,1,1
83,63,72,-1,B1_block_swap,1,
83,64,68,1,A3_sigma1sigma2,-1,-1
83,65,64,1,A2_sigma_i,1,-1
83,66,60,-1,B3_four_cycle,-1,
83,67,56,1,A4_ramified_A,,
83,68,52,1,A1_identity,1,1
83,69,48,-1,B1_block_swap,1,
83,70,44,-1,B1_block_swap,1,
83,71,40,-1,B1_block_swap,1,
83,72,36,1,A1_identity,1,1
83,73,32,-1,B3_four_cycle,-1,
83,74,28,-1,B1_block_swap,1,
83,75,24,1,A2_sigma_i,-1,1
83,76,20,1,A3_sigma1sigma2,-1,-1
83,77,16,1,A3_sigma1sigma2,-1,-1
83,78,12,-1,B3_four_cycle,-1,
83,79,8,-1,B1_block_swap,1,
83,80,4,1,A3_sigma1sigma2,-1,-1
83,81,0,0,double_root,,
83,82,97,1,A2_sigma_i,-1,1
83,83,93,-1,B1_block_swap,1,
83,84,89,-1,B3_four_cycle,-1,
83,85,85,1,A3_sigma1sigma2,-1,-1
83,86,81,1,A1_identity,1,1
83,87,77,1,A1_identity,1,1
83,88,73,-1,B3_four_cycle,-1,
83,89,69,-1,B3_four_cycle,-1,
83,90,65,1,A2_sigma_i,1,-1
83,91,61,-1,B1_block_swap,1,
83,92,57,-1,B1_block_swap,1,
83,93,53,-1,B1_block_swap,1,
83,94,49,1,A2_sigma_i,1,-1
83,95,45,1,A2_sigma_i,-1,1
83,96,41,-1,B3_four_cycle,-1,
83,97,37,1,A1_identity,1,1
83,98,33,1,A4_ramified_A,,
83,99,29,-1,B3_four_cycle,-1,
83,100,25,1,A1_identity,1,1
84,0,87,1,A1_identity,1,1
84,1,83,-1,B3_four_cycle,-1,
84,2,79,1,A3_sigma1sigma2,-1,-1
84,3,75,-1,B1_block_swap,1,
84,4,71,1,A2_sigma_i,1,-1
84,5,67,-1,B3_four_cycle,-1,
84,6,63,-1,B1_block_swap,1,
84,7,59,-1,B3_four_cycle,-1,
84,8,55,-1,B3_four_cycle,-1,
84,9,51,-1,B3_four_cycle,-1,
84,10,47,1,A1_identity,1,1
84,11,43,1,A3_sigma1sigma2,-1,-1
84,12,39,-1,B1_block_swap,1,
84,13,35,-1,B3_four_cycle,-1,
84,14,31,1,A3_sigma1sigma2,-1,-1
84,15,27,-1,B3_four_cycle,-1,
84,16,23,1,A2_sigma_i,-1,1
84,17,19,1,A1_identity,1,1
84,18,15,-1,B3_four_cycle,-1,
84,19,11,-1,B3_four_cycle,-1,
84,20,7,-1,B3_four_cycle,-1,
84,21,3,-1,B3_four_cycle,-1,
84,22,100,1,A2_sigma_i,1,-1
84,23,96,1,A1_identity,1,1
84,24,92,1,A1_identity,1,1
84,25,88,1,A2_sigma_i,1,-1
84,26,84,1,A4_ramified_A,,
84,27,80,1,A1_identity,1,1
84,28,76,1,A1_identity,1,1
84,29,72,-1,B3_four_cycle,-1,
84,30,68,1,A4_ramified_A,,
84,31,64,1,A1_identity,1,1
84,32,60,-1,B3_four_cycle,-1,
84,33,56,1,A1_identity,1,1
84,34,52,1,A2_sigma_i,-1,1
84,35,48,-1,B3_four_cycle,-1,
84,36,44,-1,B3_four_cycle,-1,
84,37,40,-1,B1_block_swap,1,
84,38,36,1,A2_sigma_i,1,-1
84,39,32,-1,B1_block_swap,1,
84,40,28,-1,B3_four_cycle,-1,
84,41,24,1,A2_sigma_i,1,-1
84,42,20,1,A3_sigma1sigma2,-1,-1
84,43,16,1,A2_sigma_i,-1,1
84,44,12,-1,B3_four_cycle,-1,
84,45,8,-1,B1_block_swap,1,
84,46,4,1,A2_sigma_i,-1,1
84,47,0,0,double_root,,
84,48,97,1,A2_sigma_i,-1,1
84,49,93,-1,B1_block_swap,1,
84,50,89,-1,B3_four_cycle,-1,
84,51,85,1,A2_sigma_i,-1,1
84,52,81,1,A2_sigma_i,-1,1
84,53,77,1,A4_ramified_A,,
84,54,73,-1,B3_four_cycle,-1,
84,55,69,-1,B1_block_swap,1,
84,56,65,1,A3_sigma1sigma2,-1,-1
84,57,61,-1,B3_four_cycle,-1,
84,58,57,-1,B1_block_swap,1,
84,59,53,-1,B3_four_cycle,-1,
84,60,49,1,A1_identity,1,1
84,61,45,1,A1_identity,1,1
84,62,41,-1,B3_four_cycle,-1,
84,63,37,1,A2_sigma_i,-1,1
84,64,33,1,A2_sigma_i,-1,1
84,65,29,-1,B3_four_cycle,-1,
84,66,25,1,A2_sigma_i,1,-1
84,67,21,1,A2_sigma_i,-1,1
84,68,17,1,A2_sigma_i,-1,1
84,69,13,1,A2_sigma_i,1,-1
84,70,9,1,A3_sigma1sigma2,-1,-1
84,71,5,1,A3_sigma1sigma2,-1,-1
84,72,1,1,A3_sigma1sigma2,-1,-1
84,73,98,-1,B1_block_swap,1,
84,74,94,-1,B1_block_swap,1,
84,75,90,-1,B1_block_swap,1,
84,76,86,-1,B1_block_swap,1,
84,77,82,1,A2_sigma_i,1,-1
84,78,78,1,A2_sigma_i,-1,1
84,79,74,-1,B1_block_swap,1,
84,80,70,1,A1_identity,1,1
84,81,66,-1,B3_four_cycle,-1,
84,82,62,-1,B3_four_cycle,-1,
84,83,58,1,A1_identity,1,1
84,84,54,1,A3_sigma1sigma2,-1,-1
84,85,50,-1,B3_four_cycle,-1,
84,86,46,-1,B3_four_cycle,-1,
84,87,42,-1,B3_four_cycle,-1,
84,88,38,-1,B1_block_swap,1,
84,89,34,-1,B1_block_swap,1,
84,90,30,1,A2_sigma_i,-1,1
84,91,26,-1,B1_block_swap,1,
84,92,22,1,A2_sigma_i,1,-1
84,93,18,-1,B3_four_cycle,-1,
84,94,14,1,A2_sigma_i,1,-1
84,95,10,-1,B1_block_swap,1,
84,96,6,1,A2_sigma_i,-1,1
84,97,2,-1,B1_block_swap,1,
84,98,99,-1,B3_four_cycle,-1,
84,99,95,1,A2_sigma_i,-1,1
84,100,91,-1,B3_four_cycle,-1,
85,0,54,1,A2_sigma_i,1,-1
85,1,50,-1,B3_four_cycle,-1,
85,2,46,-1,B1_block_swap,1,
85,3,42,-1,B1_block_swap,1,
85,4,38,-1,B3_four_cycle,-1,
85,5,34,-1,B1_block_swap,1,
85,6,30,1,A2_sigma_i,1,-1
85,7,26,-1,B3_four_cycle,-1,
85,8,22,1,A4_ramified_A,,
85,9,18,-1,B1_block_swap,1,
85,10,14,1,A2_sigma_i,1,-1
85,11,10,-1,B1_block_swap,1,
85,12,6,1,A3_sigma1sigma2,-1,-1
85,13,2,-1,B1_block_swap,1,
85,14,99,-1,B3_four_cycle,-1,
85,15,95,1,A4_ramified_A,,
85,16,91,-1,B3_four_cycle,-1,
85,17,87,1,A3_sigma1sigma2,-1,-1
85,18,83,-1,B1_block_swap,1,
85,19,79,1,A1_identity,1,1
85,20,75,-1,B1_block_swap,1,
85,21,71,1,A1_identity,1,1
85,22,67,-1,B3_four_cycle,-1,
85,23,63,-1,B3_four_cycle,-1,
85,24,59,-1,B3_four_cycle,-1,
85,25,55,-1,B1_block_swap,1,
85,26,51,-1,B3_four_cycle,-1,
85,27,47,1,A3_sigma1sigma2,-1,-1
85,28,43,1,A3_sigma1sigma2,-1,-1
85,29,39,-1,B3_four_cycle,-1,
85,30,35,-1,B3_four_cycle,-1,
85,31,31,1,A2_sigma_i,1,-1
85,32,27,-1,B1_block_swap,1,
85,33,23,1,A3_sigma1sigma2,-1,-1
85,34,19,1,A2_sigma_i,1,-1
85,35,15,-1,B1_block_swap,1,
85,36,11,-1,B1_block_swap,1,
85,37,7,-1,B3_four_cycle,-1,
85,38,3,-1,B3_four_cycle,-1,
85,39,100,1,A3_sigma1sigma2,-1,-1
85,40,96,1,A3_sigma1sigma2,-1,-1
85,41,92,1,A2_sigma_i,1,-1
85,42,88,1,A2_sigma_i,1,-1
85,43,84,1,A1_identity,1,1
85,44,80,1,A3_sigma1sigma2,-1,-1
85,45,76,1,A2_sigma_i,-1,1
85,46,72,-1,B1_block_swap,1,
85,47,68,1,A2_sigma_i,-1,1
85,48,64,1,A1_identity,1,1
85,49,60,-1,B1_block_swap,1,
85,50,56,1,A1_identity,1,1
85,51,52,1,A2_sigma_i,-1,1
85,52,48,-1,B1_block_swap,1,
85,53,44,-1,B3_four_cycle,-1,
85,54,40,-1,B3_four_cycle,-1,
85,55,36,1,A2_sigma_i,-1,1
85,56,32,-1,B1_block_swap,1,
85,57,28,-1,B1_block_swap,1,
85,58,24,1,A1_identity,1,1
85,59,20,1,A2_sigma_i,1,-1
85,60,16,1,A2_sigma_i,-1,1
85,61,12,-1,B1_block_swap,1,
85,62,8,-1,B1_block_swap,1,
85,63,4,1,A3_sigma1sigma2,-1,-1
85,64,0,0,double_root,,
85,65,97,1,A1_identity,1,1
85,66,93,-1,B3_four_cycle,-1,
85,67,89,-1,B3_four_cycle,-1,
85,68,85,1,A2_sigma_i,-1,1
85,69,81,1,A2_sigma_i,1,-1
85,70,77,1,A3_sigma1sigma2,-1,-1
85,71,73,-1,B1_block_swap,1,
85,72,69,-1,B3_four_cycle,-1,
85,73,65,1,A1_identity,1,1
85,74,61,-1,B3_four_cycle,-1,
85,75,57,-1,B3_four_cycle,-1,
85,76,53,-1,B1_block_swap,1,
85,77,49,1,A1_identity,1,1
85,78,45,1,A3_sigma1sigma2,-1,-1
85,79,41,-1,B3_four_cycle,-1,
85,80,37,1,A2_sigma_i,-1,1
85,81,33,1,A1_identity,1,1
85,82,29,-1,B1_block_swap,1,
85,83,25,1,A3_sigma1sigma2,-1,-1
85,84,21,1,A1_identity,1,1
85,85,17,1,A3_sigma1sigma2,-1,-1
85,86,13,1,A4_ramified_A,,
85,87,9,1,A2_sigma_i,-1,1
85,88,5,1,A1_identity,1,1
85,89,1,1,A1_identity,1,1
85,90,98,-1,B3_four_cycle,-1,
85,91,94,-1,B3_four_cycle,-1,
85,92,90,-1,B1_block_swap,1,
85,93,86,-1,B3_four_cycle,-1,
85,94,82,1,A1_identity,1,1
85,95,78,1,A1_identity,1,1
85,96,74,-1,B3_four_cycle,-1,
85,97,70,1,A1_identity,1,1
85,98,66,-1,B3_four_cycle,-1,
85,99,62,-1,B3_four_cycle,-1,
85,100,58,1,A1_identity,1,1
86,0,23,1,A4_ramified_A,,
86,1,19,1,A1_identity,1,1
86,2,15,-1,B1_block_swap,1,
86,3,11,-1,B3_four_cycle,-1,
86,4,7,-1,B1_block_swap,1,
86,5,3,-1,B1_block_swap,1,
86,6,100,1,A2_sigma_i,1,-1
86,7,96,1,A2_sigma_i,-1,1
86,8,92,1,A2_sigma_i,1,-1
86,9,88,1,A2_sigma_i,-1,1
86,10,84,1,A1_identity,1,1
86,11,80,1,A2_sigma_i,-1,1
86,12,76,1,A2_sigma_i,1,-1
86,13,72,-1,B1_block_swap,1,
86,14,68,1,A2_sigma_i,-1,1
86,15,64,1,A2_sigma_i,-1,1
86,16,60,-1,B1_block_swap,1,
86,17,56,1,A2_sigma_i,-1,1
86,18,52,1,A2_sigma_i,-1,1
86,19,48,-1,B3_four_cycle,-1,
86,20,44,-1,B3_four_cycle,-1,
86,21,40,-1,B1_block_swap,1,
86,22,36,1,A2_sigma_i,-1,1
86,23,32,-1,B3_four_cycle,-1,
86,24,28,-1,B3_four_cycle,-1,
86,25,24,1,A2_sigma_i,-1,1
86,26,20,1,A3_sigma1sigma2,-1,-1
86,27,16,1,A3_sigma1sigma2,-1,-1
86,28,12,-1,B3_four_cycle,-1,
86,29,8,-1,B1_block_swap,1,
86,30,4,1,A1_identity,1,1
86,31,0,0,double_root,,
86,32,97,1,A1_identity,1,1
86,33,93,-1,B3_four_cycle,-1,
86,34,89,-1,B1_block_swap,1,
86,35,85,1,A2_sigma_i,1,-1
86,36,81,1,A2_sigma_i,1,-1
86,37,77,1,A1_identity,1,1
86,38,73,-1,B3_four_cycle,-1,
86,39,69,-1,B3_four_cycle,-1,
86,40,65,1,A2_sigma_i,1,-1
86,41,61,-1,B3_four_cycle,-1,
86,42,57,-1,B1_block_swap,1,
86,43,53,-1,B3_four_cycle,-1,
86,44,49,1,A2_sigma_i,-1,1
86,45,45,1,A4_ramified_A,,
86,46,41,-1,B1_block_swap,1,
86,47,37,1,A2_sigma_i,1,-1
86,48,33,1,A3_sigma1sigma2,-1,-1
86,49,29,-1,B3_four_cycle,-1,
86,50,25,1,A2_sigma_i,1,-1
86,51,21,1,A2_sigma_i,1,-1
86,52,17,1,A1_identity,1,1
86,53,13,1,A2_sigma_i,-1,1
86,54,9,1,A2_sigma_i,-1,1
86,55,5,1,A3_sigma1sigma2,-1,-1
86,56,1,1,A3_sigma1sigma2,-1,-1
86,57,98,-1,B3_four_cycle,-1,
86,58,94,-1,B1_block_swap,1,
86,59,90,-1,B3_four_cycle,-1,
86,60,86,-1,B1_block_swap,1,
86,61,82,1,A1_identity,1,1
86,62,78,1,A1_identity,1,1
86,63,74,-1,B1_block_swap,1,
86,64,70,1,A4_ramified_A,,
86,65,66,-1,B1_block_swap,1,
86,66,62,-1,B1_block_swap,1,
86,67,58,1,A1_identity,1,1
86,68,54,1,A3_sigma1sigma2,-1,-1
86,69,50,-1,B3_four_cycle,-1,
86,70,46,-1,B1_block_swap,1,
86,71,42,-1,B1_block_swap,1,
86,72,38,-1,B3_four_cycle,-1,
86,73,34,-1,B1_block_swap,1,
86,74,30,1,A2_sigma_i,1,-1
86,75,26,-1,B1_block_swap,1,
86,76,22,1,A2_sigma_i,-1,1
86,77,18,-1,B3_four_cycle,-1,
86,78,14,1,A1_identity,1,1
86,79,10,-1,B1_block_swap,1,
86,80,6,1,A2_sigma_i,-1,1
86,81,2,-1,B1_block_swap,1,
86,82,99,-1,B3_four_cycle,-1,
86,83,95,1,A3_sigma1sigma2,-1,-1
86,84,91,-1,B3_four_cycle,-1,
86,85,87,1,A2_sigma_i,-1,1
86,86,83,-1,B1_block_swap,1,
86,87,79,1,A2_sigma_i,1,-1
86,88,75,-1,B1_block_swap,1,
86,89,71,1,A1_identity,1,1
86,90,67,-1,B1_block_swap,1,
86,91,63,-1,B3_four_cycle,-1,
86,92,59,-1,B3_four_cycle,-1,
86,93,55,-1,B3_four_cycle,-1,
86,94,51,-1,B3_four_cycle,-1,
86,95,47,1,A2_sigma_i,-1,1
86,96,43,1,A1_identity,1,1
86,97,39,-1,B1_block_swap,1,
86,98,35,-1,B3_four_cycle,-1,
86,99,31,1,A3_sigma1sigma2,-1,-1
86,100,27,-1,B3_four_cycle,-1,
87,0,95,1,A2_sigma_i,-1,1
87,1,91,-1,B1_block_swap,1,
87,2,87,1,A2_sigma_i,-1,1
87,3,83,-1,B3_four_cycle,-1,
87,4,79,1,A4_ramified_A,,
87,5,75,-1,B1_block_swap,1,
87,6,71,1,A2_sigma_i,1,-1
87,7,67,-1,B1_block_swap,1,
87,8,63,-1,B3_four_cycle,-1,
87,9,59,-1,B3_four_cycle,-1,
87,10,55,-1,B1_block_swap,1,
87,11,51,-1,B3_four_cycle,-1,
87,12,47,1,A2_sigma_i,-1,1
87,13,43,1,A2_sigma_i,1,-1
87,14,39,-1,B1_block_swap,1,
87,15,35,-1,B3_four_cycle,-1,
87,16,31,1,A1_identity,1,1
87,17,27,-1,B1_block_swap,1,
87,18,23,1,A3_sigma1sigma2,-1,-1
87,19,19,1,A4_ramified_A,,
87,20,15,-1,B3_four_cycle,-1,
87,21,11,-1,B3_four_cycle,-1,
87,22,7,-1,B1_block_swap,1,
87,23,3,-1,B3_four_cycle,-1,
87,24,100,1,A2_sigma_i,1,-1
87,25,96,1,A2_sigma_i,1,-1
87,26,92,1,A3_sigma1sigma2,-1,-1
87,27,88,1,A1_identity,1,1
87,28,84,1,A3_sigma1sigma2,-1,-1
87,29,80,1,A1_identity,1,1
87,30,76,1,A1_identity,1,1
87,31,72,-1,B3_four_cycle,-1,
87,32,68,1,A2_sigma_i,1,-1
87,33,64,1,A3_sigma1sigma2,-1,-1
87,34,60,-1,B3_four_cycle,-1,
87,35,56,1,A2_sigma_i,-1,1
87,36,52,1,A1_identity,1,1
87,37,48,-1,B3_four_cycle,-1,
87,38,44,-1,B1_block_swap,1,
87,39,40,-1,B3_four_cycle,-1,
87,40,36,1,A2_sigma_i,-1,1
87,41,32,-1,B1_block_swap,1,
87,42,28,-1,B1_block_swap,1,
87,43,24,1,A2_sigma_i,-1,1
87,44,20,1,A1_identity,1,1
87,45,16,1,A2_sigma_i,-1,1
87,46,12,-1,B3_four_cycle,-1,
87,47,8,-1,B1_block_swap,1,
87,48,4,1,A2_sigma_i,-1,1
87,49,0,0,double_root,,
87,50,97,1,A2_sigma_i,1,-1
87,51,93,-1,B1_block_swap,1,
87,52,89,-1,B1_block_swap,1,
87,53,85,1,A2_sigma_i,-1,1
87,54,81,1,A2_sigma_i,1,-1
87,55,77,1,A2_sigma_i,-1,1
87,56,73,-1,B1_block_swap,1,
87,57,69,-1,B3_four_cycle,-1,
87,58,65,1,A3_sigma1sigma2,-1,-1
87,59,61,-1,B3_four_cycle,-1,
87,60,57,-1,B1_block_swap,1,
87,61,53,-1,B1_block_swap,1,
87,62,49,1,A3_sigma1sigma2,-1,-1
87,63,45,1,A1_identity,1,1
87,64,41,-1,B3_four_cycle,-1,
87,65,37,1,A1_identity,1,1
87,66,33,1,A2_sigma_i,-1,1
87,67,29,-1,B1_block_swap,1,
87,68,25,1,A2_sigma_i,1,-1
87,69,21,1,A2_sigma_i,1,-1
87,70,17,1,A3_sigma1sigma2,-1,-1
87,71,13,1,A1_identity,1,1
87,72,9,1,A2_sigma_i,1,-1
87,73,5,1,A2_sigma_i,1,-1
87,74,1,1,A1_identity,1,1
87,75,98,-1,B3_four_cycle,-1,
87,76,94,-1,B3_four_cycle,-1,
87,77,90,-1,B3_four_cycle,-1,
87,78,86,-1,B3_four_cycle,-1,
87,79,82,1,A2_sigma_i,-1,1
87,80,78,1,A2_sigma_i,1,-1
87,81,74,-1,B3_four_cycle,-1,
87,82,70,1,A2_sigma_i,-1,1
87,83,66,-1,B3_four_cycle,-1,
87,84,62,-1,B3_four_cycle,-1,
87,85,58,1,A2_sigma_i,1,-1
87,86,54,1,A4_ramified_A,,
87,87,50,-1,B3_four_cycle,-1,
87,88,46,-1,B1_block_swap,1,
87,89,42,-1,B3_four_cycle,-1,
87,90,38,-1,B3_four_cycle,-1,
87,91,34,-1,B3_four_cycle,-1,
87,92,30,1,A2_sigma_i,1,-1
87,93,26,-1,B3_four_cycle,-1,
87,94,22,1,A2_sigma_i,1,-1
87,95,18,-1,B3_four_cycle,-1,
87,96,14,1,A2_sigma_i,1,-1
87,97,10,-1,B1_block_swap,1,
87,98,6,1,A1_identity,1,1
87,99,2,-1,B1_block_swap,1,
87,100,99,-1,B1_block_swap,1,
88,0,68,1,A2_sigma_i,-1,1
88,1,64,1,A3_sigma1sigma2,-1,-1
88,2,60,-1,B3_four_cycle,-1,
88,3,56,1,A3_sigma1sigma2,-1,-1
88,4,52,1,A3_sigma1sigma2,-1,-1
88,5,48,-1,B1_block_swap,1,
88,6,44,-1,B3_four_cycle,-1,
88,7,40,-1,B3_four_cycle,-1,
88,8,36,1,A3_sigma1sigma2,-1,-1
88,9,32,-1,B3_four_cycle,-1,
88,10,28,-1,B3_four_cycle,-1,
88,11,24,1,A1_identity,1,1
88,12,20,1,A1_identity,1,1
88,13,16,1,A1_identity,1,1
88,14,12,-1,B3_four_cycle,-1,
88,15,8,-1,B3_four_cycle,-1,
88,16,4,1,A2_sigma_i,1,-1
88,17,0,0,double_root,,
88,18,97,1,A2_sigma_i,-1,1
88,19,93,-1,B1_block_swap,1,
88,20,89,-1,B3_four_cycle,-1,
88,21,85,1,A2_sigma_i,-1,1
88,22,81,1,A3_sigma1sigma2,-1,-1
88,23,77,1,A3_sigma1sigma2,-1,-1
88,24,73,-1,B1_block_swap,1,
88,25,69,-1,B3_four_cycle,-1,
88,26,65,1,A2_sigma_i,1,-1
88,27,61,-1,B1_block_swap,1,
88,28,57,-1,B1_block_swap,1,
88,29,53,-1,B3_four_cycle,-1,
88,30,49,1,A3_sigma1sigma2,-1,-1
88,31,45,1,A1_identity,1,1
88,32,41,-1,B1_block_swap,1,
88,33,37,1,A1_identity,1,1
88,34,33,1,A2_sigma_i,-1,1
88,35,29,-1,B1_block_swap,1,
88,36,25,1,A2_sigma_i,1,-1
88,37,21,1,A2_sigma_i,1,-1
88,38,17,1,A2_sigma_i,-1,1
88,39,13,1,A2_sigma_i,1,-1
88,40,9,1,A2_sigma_i,-1,1
88,41,5,1,A2_sigma_i,-1,1
88,42,1,1,A2_sigma_i,1,-1
88,43,98,-1,B1_block_swap,1,
88,44,94,-1,B3_four_cycle,-1,
88,45,90,-1,B3_four_cycle,-1,
88,46,86,-1,B1_block_swap,1,
88,47,82,1,A2_sigma_i,1,-1
88,48,78,1,A2_sigma_i,-1,1
88,49,74,-1,B1_block_swap,1,
88,50,70,1,A1_identity,1,1
88,51,66,-1,B1_block_swap,1,
88,52,62,-1,B3_four_cycle,-1,
88,53,58,1,A3_sigma1sigma2,-1,-1
88,54,54,1,A2_sigma_i,1,-1
88,55,50,-1,B1_block_swap,1,
88,56,46,-1,B1_block_swap,1,
88,57,42,-1,B1_block_swap,1,
88,58,38,-1,B1_block_swap,1,
88,59,34,-1,B3_four_cycle,-1,
88,60,30,1,A1_identity,1,1
88,61,26,-1,B1_block_swap,1,
88,62,22,1,A2_sigma_i,-1,1
88,63,18,-1,B1_block_swap,1,
88,64,14,1,A4_ramified_A,,
88,65,10,-1,B3_four_cycle,-1,
88,66,6,1,A2_sigma_i,-1,1
88,67,2,-1,B1_block_swap,1,
88,68,99,-1,B1_block_swap,1,
88,69,95,1,A2_sigma_i,1,-1
88,70,91,-1,B1_block_swap,1,
88,71,87,1,A4_ramified_A,,
88,72,83,-1,B1_block_swap,1,
88,73,79,1,A1_identity,1,1
88,74,75,-1,B1_block_swap,1,
88,75,71,1,A4_ramified_A,,
88,76,67,-1,B3_four_cycle,-1,
88,77,63,-1,B3_four_cycle,-1,
88,78,59,-1,B1_block_swap,1,
88,79,55,-1,B1_block_swap,1,
88,80,51,-1,B1_block_swap,1,
88,81,47,1,A2_sigma_i,1,-1
88,82,43,1,A2_sigma_i,-1,1
88,83,39,-1,B1_block_swap,1,
88,84,35,-1,B1_block_swap,1,
88,85,31,1,A2_sigma_i,1,-1
88,86,27,-1,B1_block_swap,1,
88,87,23,1,A2_sigma_i,-1,1
88,88,19,1,A3_sigma1sigma2,-1,-1
88,89,15,-1,B3_four_cycle,-1,
88,90,11,-1,B1_block_swap,1,
88,91,7,-1,B3_four_cycle,-1,
88,92,3,-1,B3_four_cycle,-1,
88,93,100,1,A1_identity,1,1
88,94,96,1,A1_identity,1,1
88,95,92,1,A1_identity,1,1
88,96,88,1,A2_sigma_i,-1,1
88,97,84,1,A2_sigma_i,-1,1
88,98,80,1,A1_identity,1,1
88,99,76,1,A1_identity,1,1
88,100,72,-1,B3_four_cycle,-1,
89,0,43,1,A1_identity,1,1
89,1,39,-1,B1_block_swap,1,
89,2,35,-1,B3_four_cycle,-1,
89,3,31,1,A3_sigma1sigma2,-1,-1
89,4,27,-1,B3_four_cycle,-1,
89,5,23,1,A1_identity,1,1
89,6,19,1,A2_sigma_i,1,-1
89,7,15,-1,B1_block_swap,1,
89,8,11,-1,B1_block_swap,1,
89,9,7,-1,B1_block_swap,1,
89,10,3,-1,B3_four_cycle,-1,
89,11,100,1,A2_sigma_i,-1,1
89,12,96,1,A2_sigma_i,1,-1
89,13,92,1,A2_sigma_i,1,-1
89,14,88,1,A2_sigma_i,1,-1
89,15,84,1,A2_sigma_i,-1,1
89,16,80,1,A1_identity,1,1
89,17,76,1,A2_sigma_i,-1,1
89,18,72,-1,B1_block_swap,1,
89,19,68,1,A2_sigma_i,1,-1
89,20,64,1,A3_sigma1sigma2,-1,-1
89,21,60,-1,B1_block_swap,1,
89,22,56,1,A1_identity,1,1
89,23,52,1,A4_ramified_A,,
89,24,48,-1,B3_four_cycle,-1,
89,25,44,-1,B3_four_cycle,-1,
89,26,40,-1,B3_four_cycle,-1,
89,27,36,1,A3_sigma1sigma2,-1,-1
89,28,32,-1,B1_block_swap,1,
89,29,28,-1,B3_four_cycle,-1,
89,30,24,1,A4_ramified_A,,
89,31,20,1,A2_sigma_i,1,-1
89,32,16,1,A2_sigma_i,-1,1
89,33,12,-1,B1_block_swap,1,
89,34,8,-1,B3_four_cycle,-1,
89,35,4,1,A2_sigma_i,-1,1
89,36,0,0,double_root,,
89,37,97,1,A2_sigma_i,-1,1
89,38,93,-1,B3_four_cycle,-1,
89,39,89,-1,B1_block_swap,1,
89,40,85,1,A2_sigma_i,-1,1
89,41,81,1,A2_sigma_i,-1,1
89,42,77,1,A2_sigma_i,-1,1
89,43,73,-1,B1_block_swap,1,
89,44,69,-1,B3_four_cycle,-1,
89,45,65,1,A1_identity,1,1
89,46,61,-1,B3_four_cycle,-1,
89,47,57,-1,B1_block_swap,1,
89,48,53,-1,B1_block_swap,1,
89,49,49,1,A3_sigma1sigma2,-1,-1
89,50,45,1,A2_sigma_i,-1,1
89,51,41,-1,B3_four_cycle,-1,
89,52,37,1,A2_sigma_i,-1,1
89,53,33,1,A2_sigma_i,1,-1
89,54,29,-1,B3_four_cycle,-1,
89,55,25,1,A2_sigma_i,-1,1
89,56,21,1,A4_ramified_A,,
89,57,17,1,A1_identity,1,1
89,58,13,1,A2_sigma_i,1,-1
89,59,9,1,A1_identity,1,1
89,60,5,1,A1_identity,1,1
89,61,1,1,A2_sigma_i,-1,1
89,62,98,-1,B1_block_swap,1,
89,63,94,-1,B1_block_swap,1,
89,64,90,-1,B3_four_cycle,-1,
89,65,86,-1,B1_block_swap,1,
89,66,82,1,A2_sigma_i,-1,1
89,67,78,1,A1_identity,1,1
89,68,74,-1,B1_block_swap,1,
89,69,70,1,A3_sigma1sigma2,-1,-1
89,70,66,-1,B3_four_cycle,-1,
89,71,62,-1,B3_four_cycle,-1,
89,72,58,1,A2_sigma_i,1,-1
89,73,54,1,A2_sigma_i,1,-1
89,74,50,-1,B3_four_cycle,-1,
89,75,46,-1,B1_block_swap,1,
89,76,42,-1,B1_block_swap,1,
89,77,38,-1,B1_block_swap,1,
89,78,34,-1,B1_block_swap,1,
89,79,30,1,A3_sigma1sigma2,-1,-1
89,80,26,-1,B1_block_swap,1,
89,81,22,1,A2_sigma_i,-1,1
89,82,18,-1,B1_block_swap,1,
89,83,14,1,A2_sigma_i,-1,1
89,84,10,-1,B1_block_swap,1,
89,85,6,1,A2_sigma_i,-1,1
89,86,2,-1,B3_four_cycle,-1,
89,87,99,-1,B3_four_cycle,-1,
89,88,95,1,A2_sigma_i,-1,1
89,89,91,-1,B1_block_swap,1,
89,90,87,1,A2_sigma_i,-1,1
89,91,83,-1,B1_block_swap,1,
89,92,79,1,A1_identity,1,1
89,93,75,-1,B3_four_cycle,-1,
89,94,71,1,A2_sigma_i,-1,1
89,95,67,-1,B1_block_swap,1,
89,96,63,-1,B3_four_cycle,-1,
89,97,59,-1,B3_four_cycle,-1,
89,98,55,-1,B1_block_swap,1,
89,99,51,-1,B3_four_cycle,-1,
89,100,47,1,A2_sigma_i,-1,1
90,0,20,1,A2_sigma_i,-1,1
90,1,16,1,A2_sigma_i,1,-1
90,2,12,-1,B3_four_cycle,-1,
90,3,8,-1,B1_block_swap,1,
90,4,4,1,A1_identity,1,1
90,5,0,0,double_root,,
90,6,97,1,A2_sigma_i,-1,1
90,7,93,-1,B3_four_cycle,-1,
90,8,89,-1,B3_four_cycle,-1,
90,9,85,1,A1_identity,1,1
90,10,81,1,A2_sigma_i,-1,1
90,11,77,1,A1_identity,1,1
90,12,73,-1,B1_block_swap,1,
90,13,69,-1,B1_block_swap,1,
90,14,65,1,A2_sigma_i,1,-1
90,15,61,-1,B3_four_cycle,-1,
90,16,57,-1,B3_four_cycle,-1,
90,17,53,-1,B1_block_swap,1,
90,18,49,1,A3_sigma1sigma2,-1,-1
90,19,45,1,A2_sigma_i,-1,1
90,20,41,-1,B1_block_swap,1,
90,21,37,1,A2_sigma_i,-1,1
90,22,33,1,A2_sigma_i,-1,1
90,23,29,-1,B3_four_cycle,-1,
90,24,25,1,A3_sigma1sigma2,-1,-1
90,25,21,1,A2_sigma_i,1,-1
90,26,17,1,A2_sigma_i,1,-1
90,27,13,1,A2_sigma_i,1,-1
90,28,9,1,A2_sigma_i,-1,1
90,29,5,1,A1_identity,1,1
90,30,1,1,A1_identity,1,1
90,31,98,-1,B1_block_swap,1,
90,32,94,-1,B3_four_cycle,-1,
90,33,90,-1,B3_four_cycle,-1,
90,34,86,-1,B3_four_cycle,-1,
90,35,82,1,A1_identity,1,1
90,36,78,1,A2_sigma_i,-1,1
90,37,74,-1,B3_four_cycle,-1,
90,38,70,1,A3_sigma1sigma2,-1,-1
90,39,66,-1,B1_block_swap,1,
90,40,62,-1,B3_four_cycle,-1,
90,41,58,1,A4_ramified_A,,
90,42,54,1,A1_identity,1,1
90,43,50,-1,B1_block_swap,1,
90,44,46,-1,B3_four_cycle,-1,
90,45,42,-1,B1_block_swap,1,
90,46,38,-1,B3_four_cycle,-1,
90,47,34,-1,B3_four_cycle,-1,
90,48,30,1,A2_sigma_i,1,-1
90,49,26,-1,B1_block_swap,1,
90,50,22,1,A3_sigma1sigma2,-1,-1
90,51,18,-1,B3_four_cycle,-1,
90,52,14,1,A1_identity,1,1
90,53,10,-1,B3_four_cycle,-1,
90,54,6,1,A3_sigma1sigma2,-1,-1
90,55,2,-1,B3_four_cycle,-1,
90,56,99,-1,B1_block_swap,1,
90,57,95,1,A1_identity,1,1
90,58,91,-1,B3_four_cycle,-1,
90,59,87,1,A3_sigma1sigma2,-1,-1
90,60,83,-1,B3_four_cycle,-1,
90,61,79,1,A3_sigma1sigma2,-1,-1
90,62,75,-1,B1_block_swap,1,
90,63,71,1,A1_identity,1,1
90,64,67,-1,B1_block_swap,1,
90,65,63,-1,B3_four_cycle,-1,
90,66,59,-1,B1_block_swap,1,
90,67,55,-1,B3_four_cycle,-1,
90,68,51,-1,B3_four_cycle,-1,
90,69,47,1,A2_sigma_i,-1,1
90,70,43,1,A2_sigma_i,-1,1
90,71,39,-1,B1_block_swap,1,
90,72,35,-1,B3_four_cycle,-1,
90,73,31,1,A1_identity,1,1
90,74,27,-1,B3_four_cycle,-1,
90,75,23,1,A2_sigma_i,-1,1
90,76,19,1,A2_sigma_i,-1,1
90,77,15,-1,B1_block_swap,1,
90,78,11,-1,B3_four_cycle,-1,
90,79,7,-1,B1_block_swap,1,
90,80,3,-1,B1_block_swap,1,
90,81,100,1,A3_sigma1sigma2,-1,-1
90,82,96,1,A2_sigma_i,-1,1
90,83,92,1,A4_ramified_A,,
90,84,88,1,A2_sigma_i,-1,1
90,85,84,1,A1_identity,1,1
90,86,80,1,A4_ramified_A,,
90,87,76,1,A2_sigma_i,1,-1
90,88,72,-1,B3_four_cycle,-1,
90,89,68,1,A1_identity,1,1
90,90,64,1,A2_sigma_i,1,-1
90,91,60,-1,B1_block_swap,1,
90,92,56,1,A2_sigma_i,-1,1
90,93,52,1,A1_identity,1,1
90,94,48,-1,B3_four_cycle,-1,
90,95,44,-1,B3_four_cycle,-1,
90,96,40,-1,B1_block_swap,1,
90,97,36,1,A2_sigma_i,1,-1
90,98,32,-1,B3_four_cycle,-1,
90,99,28,-1,B1_block_swap,1,
90,100,24,1,A2_sigma_i,1,-1
91,0,100,1,A2_sigma_i,-1,1
91,1,96,1,A1_identity,1,1
91,2,92,1,A1_identity,1,1
91,3,88,1,A1_identity,1,1
91,4,84,1,A2_sigma_i,-1,1
91,5,80,1,A3_sigma1sigma2,-1,-1
91,6,76,1,A2_sigma_i,-1,1
91,7,72,-1,B1_block_swap,1,
91,8,68,1,A1_identity,1,1
91,9,64,1,A2_sigma_i,1,-1
91,10,60,-1,B3_four_cycle,-1,
91,11,56,1,A2_sigma_i,-1,1
91,12,52,1,A2_sigma_i,1,-1
91,13,48,-1,B1_block_swap,1,
91,14,44,-1,B3_four_cycle,-1,
91,15,40,-1,B3_four_cycle,-1,
91,16,36,1,A3_sigma1sigma2,-1,-1
91,17,32,-1,B1_block_swap,1,
91,18,28,-1,B3_four_cycle,-1,
91,19,24,1,A2_sigma_i,-1,1
91,20,20,1,A3_sigma1sigma2,-1,-1
91,21,16,1,A3_sigma1sigma2,-1,-1
91,22,12,-1,B1_block_swap,1,
91,23,8,-1,B1_block_swap,1,
91,24,4,1,A1_identity,1,1
91,25,0,0,double_root,,
91,26,97,1,A4_ramified_A,,
91,27,93,-1,B3_four_cycle,-1,
91,28,89,-1,B3_four_cycle,-1,
91,29,85,1,A3_sigma1sigma2,-1,-1
91,30,81,1,A3_sigma1sigma2,-1,-1
91,31,77,1,A3_sigma1sigma2,-1,-1
91,32,73,-1,B3_four_cycle,-1,
91,33,69,-1,B1_block_swap,1,
91,34,65,1,A2_sigma_i,1,-1
91,35,61,-1,B3_four_cycle,-1,
91,36,57,-1,B3_four_cycle,-1,
91,37,53,-1,B3_four_cycle,-1,
91,38,49,1,A1_identity,1,1
91,39,45,1,A3_sigma1sigma2,-1,-1
91,40,41,-1,B3_four_cycle,-1,
91,41,37,1,A4_ramified_A,,
91,42,33,1,A4_ramified_A,,
91,43,29,-1,B3_four_cycle,-1,
91,44,25,1,A2_sigma_i,-1,1
91,45,21,1,A2_sigma_i,1,-1
91,46,17,1,A1_identity,1,1
91,47,13,1,A1_identity,1,1
91,48,9,1,A2_sigma_i,1,-1
91,49,5,1,A3_sigma1sigma2,-1,-1
91,50,1,1,A2_sigma_i,1,-1
91,51,98,-1,B3_four_cycle,-1,
91,52,94,-1,B3_four_cycle,-1,
91,53,90,-1,B3_four_cycle,-1,
91,54,86,-1,B1_block_swap,1,
91,55,82,1,A2_sigma_i,-1,1
91,56,78,1,A2_sigma_i,1,-1
91,57,74,-1,B3_four_cycle,-1,
91,58,70,1,A2_sigma_i,-1,1
91,59,66,-1,B3_four_cycle,-1,
91,60,62,-1,B1_block_swap,1,
91,61,58,1,A2_sigma_i,1,-1
91,62,54,1,A3_sigma1sigma2,-1,-1
91,63,50,-1,B1_block_swap,1,
91,64,46,-1,B3_four_cycle,-1,
91,65,42,-1,B3_four_cycle,-1,
91,66,38,-1,B3_four_cycle,-1,
91,67,34,-1,B1_block_swap,1,
91,68,30,1,A2_sigma_i,1,-1
91,69,26,-1,B1_block_swap,1,
91,70,22,1,A2_sigma_i,1,-1
91,71,18,-1,B3_four_cycle,-1,
91,72,14,1,A2_sigma_i,1,-1
91,73,10,-1,B3_four_cycle,-1,
91,74,6,1,A1_identity,1,1
91,75,2,-1,B3_four_cycle,-1,
91,76,99,-1,B3_four_cycle,-1,
91,77,95,1,A1_identity,1,1
91,78,91,-1,B1_block_swap,1,
91,79,87,1,A1_identity,1,1
91,80,83,-1,B1_block_swap,1,
91,81,79,1,A2_sigma_i,1,-1
91,82,75,-1,B1_block_swap,1,
91,83,71,1,A2_sigma_i,-1,1
91,84,67,-1,B3_four_cycle,-1,
91,85,63,-1,B1_block_swap,1,
91,86,59,-1,B1_block_swap,1,
91,87,55,-1,B1_block_swap,1,
91,88,51,-1,B1_block_swap,1,
91,89,47,1,A1_identity,1,1
91,90,43,1,A2_sigma_i,1,-1
91,91,39,-1,B3_four_cycle,-1,
91,92,35,-1,B3_four_cycle,-1,
91,93,31,1,A1_identity,1,1
91,94,27,-1,B3_four_cycle,-1,
91,95,23,1,A1_identity,1,1
91,96,19,1,A2_sigma_i,-1,1
91,97,15,-1,B3_four_cycle,-1,
91,98,11,-1,B1_block_swap,1,
91,99,7,-1,B1_block_swap,1,
91,100,3,-1,B1_block_swap,1,
92,0,81,1,A2_sigma_i,-1,1
92,1,77,1,A4_ramified_A,,
92,2,73,-1,B1_block_swap,1,
92,3,69,-1,B3_four_cycle,-1,
92,4,65,1,A2_sigma_i,-1,1
92,5,61,-1,B1_block_swap,1,
92,6,57,-1,B3_four_cycle,-1,
92,7,53,-1,B3_four_cycle,-1,
92,8,49,1,A2_sigma_i,-1,1
92,9,45,1,A1_identity,1,1
92,10,41,-1,B1_block_swap,1,
92,11,37,1,A4_ramified_A,,
92,12,33,1,A2_sigma_i,1,-1
92,13,29,-1,B1_block_swap,1,
92,14,25,1,A3_sigma1sigma2,-1,-1
92,15,21,1,A1_identity,1,1
92,16,17,1,A2_sigma_i,-1,1
92,17,13,1,A3_sigma1sigma2,-1,-1
92,18,9,1,A2_sigma_i,1,-1
92,19,5,1,A1_identity,1,1
92,20,1,1,A1_identity,1,1
92,21,98,-1,B3_four_cycle,-1,
92,22,94,-1,B1_block_swap,1,
92,23,90,-1,B1_block_swap,1,
92,24,86,-1,B3_four_cycle,-1,
92,25,82,1,A2_sigma_i,1,-1
92,26,78,1,A2_sigma_i,-1,1
92,27,74,-1,B3_four_cycle,-1,
92,28,70,1,A1_identity,1,1
92,29,66,-1,B1_block_swap,1,
92,30,62,-1,B1_block_swap,1,
92,31,58,1,A2_sigma_i,1,-1
92,32,54,1,A1_identity,1,1
92,33,50,-1,B3_four_cycle,-1,
92,34,46,-1,B3_four_cycle,-1,
92,35,42,-1,B1_block_swap,1,
92,36,38,-1,B1_block_swap,1,
92,37,34,-1,B1_block_swap,1,
92,38,30,1,A1_identity,1,1
92,39,26,-1,B1_block_swap,1,
92,40,22,1,A2_sigma_i,-1,1
92,41,18,-1,B3_four_cycle,-1,
92,42,14,1,A3_sigma1sigma2,-1,-1
92,43,10,-1,B1_block_swap,1,
92,44,6,1,A2_sigma_i,-1,1
92,45,2,-1,B1_block_swap,1,
92,46,99,-1,B1_block_swap,1,
92,47,95,1,A1_identity,1,1
92,48,91,-1,B1_block_swap,1,
92,49,87,1,A2_sigma_i,-1,1
92,50,83,-1,B3_four_cycle,-1,
92,51,79,1,A2_sigma_i,1,-1
92,52,75,-1,B1_block_swap,1,
92,53,71,1,A3_sigma1sigma2,-1,-1
92,54,67,-1,B3_four_cycle,-1,
92,55,63,-1,B1_block_swap,1,
92,56,59,-1,B1_block_swap,1,
92,57,55,-1,B1_block_swap,1,
92,58,51,-1,B1_block_swap,1,
92,59,47,1,A1_identity,1,1
92,60,43,1,A2_sigma_i,1,-1
92,61,39,-1,B1_block_swap,1,
92,62,35,-1,B3_four_cycle,-1,
92,63,31,1,A1_identity,1,1
92,64,27,-1,B1_block_swap,1,
92,65,23,1,A2_sigma_i,1,-1
92,66,19,1,A2_sigma_i,-1,1
92,67,15,-1,B3_four_cycle,-1,
92,68,11,-1,B3_four_cycle,-1,
92,69,7,-1,B3_four_cycle,-1,
92,70,3,-1,B3_four_cycle,-1,
92,71,100,1,A3_sigma1sigma2,-1,-1
92,72,96,1,A2_sigma_i,1,-1
92,73,92,1,A1_identity,1,1
92,74,88,1,A1_identity,1,1
92,75,84,1,A2_sigma_i,-1,1
92,76,80,1,A2_sigma_i,-1,1
92,77,76,1,A2_sigma_i,1,-1
92,78,72,-1,B3_four_cycle,-1,
92,79,68,1,A2_sigma_i,-1,1
92,80,64,1,A2_sigma_i,-1,1
92,81,60,-1,B1_block_swap,1,
92,82,56,1,A2_sigma_i,-1,1
92,83,52,1,A2_sigma_i,-1,1
92,84,48,-1,B1_block_swap,1,
92,85,44,-1,B1_block_swap,1,
92,86,40,-1,B1_block_swap,1,
92,87,36,1,A1_identity,1,1
92,88,32,-1,B1_block_swap,1,
92,89,28,-1,B3_four_cycle,-1,
92,90,24,1,A3_sigma1sigma2,-1,-1
92,91,20,1,A2_sigma_i,-1,1
92,92,16,1,A2_sigma_i,1,-1
92,93,12,-1,B1_block_swap,1,
92,94,8,-1,B3_four_cycle,-1,
92,95,4,1,A3_sigma1sigma2,-1,-1
92,96,0,0,double_root,,
92,97,97,1,A4_ramified_A,,
92,98,93,-1,B1_block_swap,1,
92,99,89,-1,B1_block_swap,1,
92,100,85,1,A2_sigma_i,-1,1
93,0,64,1,A2_sigma_i,1,-1
93,1,60,-1,B1_block_swap,1,
93,2,56,1,A1_identity,1,1
93,3,52,1,A2_sigma_i,-1,1
93,4,48,-1,B3_four_cycle,-1,
93,5,44,-1,B1_block_swap,1,
93,6,40,-1,B3_four_cycle,-1,
93,7,36,1,A2_sigma_i,-1,1
93,8,32,-1,B3_four_cycle,-1,
93,9,28,-1,B1_block_swap,1,
93,10,24,1,A3_sigma1sigma2,-1,-1
93,11,20,1,A2_sigma_i,-1,1
93,12,16,1,A2_sigma_i,1,-1
93,13,12,-1,B1_block_swap,1,
93,14,8,-1,B1_block_swap,1,
93,15,4,1,A2_sigma_i,1,-1
93,16,0,0,double_root,,
93,17,97,1,A3_sigma1sigma2,-1,-1
93,18,93,-1,B3_four_cycle,-1,
93,19,89,-1,B3_four_cycle,-1,
93,20,85,1,A1_identity,1,1
93,21,81,1,A2_sigma_i,1,-1
93,22,77,1,A1_identity,1,1
93,23,73,-1,B3_four_cycle,-1,
93,24,69,-1,B1_block_swap,1,
93,25,65,1,A1_identity,1,1
93,26,61,-1,B1_block_swap,1,
93,27,57,-1,B3_four_cycle,-1,
93,28,53,-1,B3_four_cycle,-1,
93,29,49,1,A2_sigma_i,1,-1
93,30,45,1,A2_sigma_i,-1,1
93,31,41,-1,B3_four_cycle,-1,
93,32,37,1,A2_sigma_i,-1,1
93,33,33,1,A2_sigma_i,1,-1
93,34,29,-1,B3_four_cycle,-1,
93,35,25,1,A1_identity,1,1
93,36,21,1,A2_sigma_i,1,-1
93,37,17,1,A1_identity,1,1
93,38,13,1,A2_sigma_i,1,-1
93,39,9,1,A3_sigma1sigma2,-1,-1
93,40,5,1,A1_identity,1,1
93,41,1,1,A2_sigma_i,-1,1
93,42,98,-1,B1_block_swap,1,
93,43,94,-1,B3_four_cycle,-1,
93,44,90,-1,B1_block_swap,1,
93,45,86,-1,B3_four_cycle,-1,
93,46,82,1,A1_identity,1,1
93,47,78,1,A2_sigma_i,1,-1
93,48,74,-1,B1_block_swap,1,
93,49,70,1,A2_sigma_i,-1,1
93,50,66,-1,B1_block_swap,1,
93,51,62,-1,B1_block_swap,1,
93,52,58,1,A4_ramified_A,,
93,53,54,1,A1_identity,1,1
93,54,50,-1,B1_block_swap,1,
93,55,46,-1,B1_block_swap,1,
93,56,42,-1,B3_four_cycle,-1,
93,57,38,-1,B3_four_cycle,-1,
93,58,34,-1,B1_block_swap,1,
93,59,30,1,A2_sigma_i,1,-1
93,60,26,-1,B3_four_cycle,-1,
93,61,22,1,A4_ramified_A,,
93,62,18,-1,B1_block_swap,1,
93,63,14,1,A2_sigma_i,1,-1
93,64,10,-1,B1_block_swap,1,
93,65,6,1,A2_sigma_i,-1,1
93,66,2,-1,B1_block_swap,1,
93,67,99,-1,B3_four_cycle,-1,
93,68,95,1,A3_sigma1sigma2,-1,-1
93,69,91,-1,B1_block_swap,1,
93,70,87,1,A1_identity,1,1
93,71,83,-1,B1_block_swap,1,
93,72,79,1,A2_sigma_i,-1,1
93,73,75,-1,B3_four_cycle,-1,
93,74,71,1,A3_sigma1sigma2,-1,-1
93,75,67,-1,B1_block_swap,1,
93,76,63,-1,B3_four_cycle,-1,
93,77,59,-1,B1_block_swap,1,
93,78,55,-1,B3_four_cycle,-1,
93,79,51,-1,B3_four_cycle,-1,
93,80,47,1,A2_sigma_i,1,-1
93,81,43,1,A2_sigma_i,1,-1
93,82,39,-1,B3_four_cycle,-1,
93,83,35,-1,B1_block_swap,1,
93,84,31,1,A2_sigma_i,1,-1
93,85,27,-1,B3_four_cycle,-1,
93,86,23,1,A1_identity,1,1
93,87,19,1,A2_sigma_i,1,-1
93,88,15,-1,B3_four_cycle,-1,
93,89,11,-1,B1_block_swap,1,
93,90,7,-1,B3_four_cycle,-1,
93,91,3,-1,B3_four_cycle,-1,
93,92,100,1,A2_sigma_i,-1,1
93,93,96,1,A1_identity,1,1
93,94,92,1,A3_sigma1sigma2,-1,-1
93,95,88,1,A3_sigma1sigma2,-1,-1
93,96,84,1,A3_sigma1sigma2,-1,-1
93,97,80,1,A4_ramified_A,,
93,98,76,1,A2_sigma_i,-1,1
93,99,72,-1,B1_block_swap,1,
93,100,68,1,A2_sigma_i,-1,1
94,0,49,1,A2_sigma_i,-1,1
94,1,45,1,A3_sigma1sigma2,-1,-1
94,2,41,-1,B3_four_cycle,-1,
94,3,37,1,A3_sigma1sigma2,-1,-1
94,4,33,1,A2_sigma_i,-1,1
94,5,29,-1,B1_block_swap,1,
94,6,25,1,A1_identity,1,1
94,7,21,1,A4_ramified_A,,
94,8,17,1,A1_identity,1,1
94,9,13,1,A2_sigma_i,1,-1
94,10,9,1,A2_sigma_i,1,-1
94,11,5,1,A1_identity,1,1
94,12,1,1,A2_sigma_i,-1,1
94,13,98,-1,B1_block_swap,1,
94,14,94,-1,B3_four_cycle,-1,
94,15,90,-1,B1_block_swap,1,
94,16,86,-1,B3_four_cycle,-1,
94,17,82,1,A3_sigma1sigma2,-1,-1
94,18,78,1,A1_identity,1,1
94,19,74,-1,B1_block_swap,1,
94,20,70,1,A4_ramified_A,,
94,21,66,-1,B3_four_cycle,-1,
94,22,62,-1,B3_four_cycle,-1,
94,23,58,1,A3_sigma1sigma2,-1,-1
94,24,54,1,A1_identity,1,1
94,25,50,-1,B1_block_swap,1,
94,26,46,-1,B1_block_swap,1,
94,27,42,-1,B1_block_swap,1,
94,28,38,-1,B3_four_cycle,-1,
94,29,34,-1,B3_four_cycle,-1,
94,30,30,1,A2_sigma_i,1,-1
94,31,26,-1,B1_block_swap,1,
94,32,22,1,A1_identity,1,1
94,33,18,-1,B3_four_cycle,-1,
94,34,14,1,A1_identity,1,1
94,35,10,-1,B1_block_swap,1,
94,36,6,1,A1_identity,1,1
94,37,2,-1,B1_block_swap,1,
94,38,99,-1,B1_block_swap,1,
94,39,95,1,A2_sigma_i,-1,1
94,40,91,-1,B3_four_cycle,-1,
94,41,87,1,A1_identity,1,1
94,42,83,-1,B1_block_swap,1,
94,43,79,1,A2_sigma_i,1,-1
94,44,75,-1,B3_four_cycle,-1,
94,45,71,1,A2_sigma_i,1,-1
94,46,67,-1,B1_block_swap,1,
94,47,63,-1,B3_four_cycle,-1,
94,48,59,-1,B3_four_cycle,-1,
94,49,55,-1,B1_block_swap,1,
94,50,51,-1,B3_four_cycle,-1,
94,51,47,1,A2_sigma_i,-1,1
94,52,43,1,A2_sigma_i,1,-1
94,53,39,-1,B1_block_swap,1,
94,54,35,-1,B1_block_swap,1,
94,55,31,1,A2_sigma_i,-1,1
94,56,27,-1,B3_four_cycle,-1,
94,57,23,1,A2_sigma_i,-1,1
94,58,19,1,A3_sigma1sigma2,-1,-1
94,59,15,-1,B3_four_cycle,-1,
94,60,11,-1,B1_block_swap,1,
94,61,7,-1,B3_four_cycle,-1,
94,62,3,-1,B1_block_swap,1,
94,63,100,1,A1_identity,1,1
94,64,96,1,A2_sigma_i,-1,1
94,65,92,1,A3_sigma1sigma2,-1,-1
94,66,88,1,A1_identity,1,1
94,67,84,1,A1_identity,1,1
94,68,80,1,A3_sigma1sigma2,-1,-1
94,69,76,1,A2_sigma_i,1,-1
94,70,72,-1,B3_four_cycle,-1,
94,71,68,1,A3_sigma1sigma2,-1,-1
94,72,64,1,A2_sigma_i,-1,1
94,73,60,-1,B1_block_swap,1,
94,74,56,1,A3_sigma1sigma2,-1,-1
94,75,52,1,A3_sigma1sigma2,-1,-1
94,76,48,-1,B3_four_cycle,-1,
94,77,44,-1,B3_four_cycle,-1,
94,78,40,-1,B1_block_swap,1,
94,79,36,1,A2_sigma_i,1,-1
94,80,32,-1,B3_four_cycle,-1,
94,81,28,-1,B1_block_swap,1,
94,82,24,1,A4_ramified_A,,
94,83,20,1,A2_sigma_i,-1,1
94,84,16,1,A2_sigma_i,-1,1
94,85,12,-1,B3_four_cycle,-1,
94,86,8,-1,B3_four_cycle,-1,
94,87,4,1,A2_sigma_i,1,-1
94,88,0,0,double_root,,
94,89,97,1,A1_identity,1,1
94,90,93,-1,B1_block_swap,1,
94,91,89,-1,B1_block_swap,1,
94,92,85,1,A1_identity,1,1
94,93,81,1,A2_sigma_i,-1,1
94,94,77,1,A1_identity,1,1
94,95,73,-1,B3_four_cycle,-1,
94,96,69,-1,B3_four_cycle,-1,
94,97,65,1,A1_identity,1,1
94,98,61,-1,B3_four_cycle,-1,
94,99,57,-1,B1_block_swap,1,
94,100,53,-1,B1_block_swap,1,
95,0,36,1,A1_identity,1,1
95,1,32,-1,B1_block_swap,1,
95,2,28,-1,B3_four_cycle,-1,
95,3,24,1,A2_sigma_i,-1,1
95,4,20,1,A1_identity,1,1
95,5,16,1,A1_identity,1,1
95,6,12,-1,B3_four_cycle,-1,
95,7,8,-1,B1_block_swap,1,
95,8,4,1,A2_sigma_i,1,-1
95,9,0,0,double_root,,
95,10,97,1,A3_sigma1sigma2,-1,-1
95,11,93,-1,B3_four_cycle,-1,
95,12,89,-1,B1_block_swap,1,
95,13,85,1,A1_identity,1,1
95,14,81,1,A1_identity,1,1
95,15,77,1,A2_sigma_i,-1,1
95,16,73,-1,B3_four_cycle,-1,
95,17,69,-1,B3_four_cycle,-1,
95,18,65,1,A2_sigma_i,1,-1
95,19,61,-1,B3_four_cycle,-1,
95,20,57,-1,B3_four_cycle,-1,
95,21,53,-1,B3_four_cycle,-1,
95,22,49,1,A2_sigma_i,1,-1
95,23,45,1,A2_sigma_i,-1,1
95,24,41,-1,B3_four_cycle,-1,
95,25,37,1,A2_sigma_i,1,-1
95,26,33,1,A2_sigma_i,-1,1
95,27,29,-1,B1_block_swap,1,
95,28,25,1,A3_sigma1sigma2,-1,-1
95,29,21,1,A2_sigma_i,-1,1
95,30,17,1,A2_sigma_i,1,-1
95,31,13,1,A2_sigma_i,-1,1
95,32,9,1,A1_identity,1,1
95,33,5,1,A2_sigma_i,1,-1
95,34,1,1,A3_sigma1sigma2,-1,-1
95,35,98,-1,B1_block_swap,1,
95,36,94,-1,B1_block_swap,1,
95,37,90,-1,B3_four_cycle,-1,
95,38,86,-1,B1_block_swap,1,
95,39,82,1,A1_identity,1,1
95,40,78,1,A3_sigma1sigma2,-1,-1
95,41,74,-1,B1_block_swap,1,
95,42,70,1,A2_sigma_i,1,-1
95,43,66,-1,B1_block_swap,1,
95,44,62,-1,B1_block_swap,1,
95,45,58,1,A1_identity,1,1
95,46,54,1,A2_sigma_i,1,-1
95,47,50,-1,B1_block_swap,1,
95,48,46,-1,B1_block_swap,1,
95,49,42,-1,B3_four_cycle,-1,
95,50,38,-1,B1_block_swap,1,
95,51,34,-1,B1_block_swap,1,
95,52,30,1,A2_sigma_i,-1,1
95,53,26,-1,B1_block_swap,1,
95,54,22,1,A2_sigma_i,1,-1
95,55,18,-1,B1_block_swap,1,
95,56,14,1,A3_sigma1sigma2,-1,-1
95,57,10,-1,B3_four_cycle,-1,
95,58,6,1,A1_identity,1,1
95,59,2,-1,B3_four_cycle,-1,
95,60,99,-1,B1_block_swap,1,
95,61,95,1,A2_sigma_i,-1,1
95,62,91,-1,B3_four_cycle,-1,
95,63,87,1,A4_ramified_A,,
95,64,83,-1,B3_four_cycle,-1,
95,65,79,1,A2_sigma_i,1,-1
95,66,75,-1,B3_four_cycle,-1,
95,67,71,1,A4_ramified_A,,
95,68,67,-1,B3_four_cycle,-1,
95,69,63,-1,B1_block_swap,1,
95,70,59,-1,B3_four_cycle,-1,
95,71,55,-1,B3_four_cycle,-1,
95,72,51,-1,B3_four_cycle,-1,
95,73,47,1,A1_identity,1,1
95,74,43,1,A3_sigma1sigma2,-1,-1
95,75,39,-1,B1_block_swap,1,
95,76,35,-1,B1_block_swap,1,
95,77,31,1,A1_identity,1,1
95,78,27,-1,B3_four_cycle,-1,
95,79,23,1,A2_sigma_i,-1,1
95,80,19,1,A4_ramified_A,,
95,81,15,-1,B3_four_cycle,-1,
95,82,11,-1,B1_block_swap,1,
95,83,7,-1,B3_four_cycle,-1,
95,84,3,-1,B1_block_swap,1,
95,85,100,1,A2_sigma_i,-1,1
95,86,96,1,A1_identity,1,1
95,87,92,1,A2_sigma_i,1,-1
95,88,88,1,A2_sigma_i,1,-1
95,89,84,1,A2_sigma_i,-1,1
95,90,80,1,A3_sigma1sigma2,-1,-1
95,91,76,1,A1_identity,1,1
95,92,72,-1,B1_block_swap,1,
95,93,68,1,A2_sigma_i,-1,1
95,94,64,1,A2_sigma_i,1,-1
95,95,60,-1,B3_four_cycle,-1,
95,96,56,1,A2_sigma_i,-1,1
95,97,52,1,A2_sigma_i,1,-1
95,98,48,-1,B1_block_swap,1,
95,99,44,-1,B3_four_cycle,-1,
95,100,40,-1,B1_block_swap,1,
96,0,25,1,A1_identity,1,1
96,1,21,1,A1_identity,1,1
96,2,17,1,A2_sigma_i,-1,1
96,3,13,1,A2_sigma_i,1,-1
96,4,9,1,A1_identity,1,1
96,5,5,1,A2_sigma_i,-1,1
96,6,1,1,A3_sigma1sigma2,-1,-1
96,7,98,-1,B1_block_swap,1,
96,8,94,-1,B1_block_swap,1,
96,9,90,-1,B1_block_swap,1,
96,10,86,-1,B3_four_cycle,-1,
96,11,82,1,A2_sigma_i,1,-1
96,12,78,1,A1_identity,1,1
96,13,74,-1,B1_block_swap,1,
96,14,70,1,A2_sigma_i,1,-1
96,15,66,-1,B3_four_cycle,-1,
96,16,62,-1,B3_four_cycle,-1,
96,17,58,1,A2_sigma_i,-1,1
96,18,54,1,A4_ramified_A,,
96,19,50,-1,B1_block_swap,1,
96,20,46,-1,B1_block_swap,1,
96,21,42,-1,B1_block_swap,1,
96,22,38,-1,B1_block_swap,1,
96,23,34,-1,B3_four_cycle,-1,
96,24,30,1,A1_identity,1,1
96,25,26,-1,B1_block_swap,1,
96,26,22,1,A3_sigma1sigma2,-1,-1
96,27,18,-1,B3_four_cycle,-1,
96,28,14,1,A3_sigma1sigma2,-1,-1
96,29,10,-1,B1_block_swap,1,
96,30,6,1,A2_sigma_i,1,-1
96,31,2,-1,B3_four_cycle,-1,
96,32,99,-1,B3_four_cycle,-1,
96,33,95,1,A2_sigma_i,-1,1
96,34,91,-1,B3_four_cycle,-1,
96,35,87,1,A3_sigma1sigma2,-1,-1
96,36,83,-1,B1_block_swap,1,
96,37,79,1,A3_sigma1sigma2,-1,-1
96,38,75,-1,B1_block_swap,1,
96,39,71,1,A4_ramified_A,,
96,40,67,-1,B3_four_cycle,-1,
96,41,63,-1,B1_block_swap,1,
96,42,59,-1,B1_block_swap,1,
96,43,55,-1,B1_block_swap,1,
96,44,51,-1,B1_block_swap,1,
96,45,47,1,A1_identity,1,1
96,46,43,1,A1_identity,1,1
96,47,39,-1,B1_block_swap,1,
96,48,35,-1,B1_block_swap,1,
96,49,31,1,A1_identity,1,1
96,50,27,-1,B3_four_cycle,-1,
96,51,23,1,A2_sigma_i,-1,1
96,52,19,1,A4_ramified_A,,
96,53,15,-1,B3_four_cycle,-1,
96,54,11,-1,B1_block_swap,1,
96,55,7,-1,B3_four_cycle,-1,
96,56,3,-1,B3_four_cycle,-1,
96,57,100,1,A1_identity,1,1
96,58,96,1,A2_sigma_i,-1,1
96,59,92,1,A1_identity,1,1
96,60,88,1,A1_identity,1,1
96,61,84,1,A3_sigma1sigma2,-1,-1
96,62,80,1,A1_identity,1,1
96,63,76,1,A2_sigma_i,-1,1
96,64,72,-1,B1_block_swap,1,
96,65,68,1,A2_sigma_i,-1,1
96,66,64,1,A1_identity,1,1
96,67,60,-1,B1_block_swap,1,
96,68,56,1,A1_identity,1,1
96,69,52,1,A2_sigma_i,-1,1
96,70,48,-1,B3_four_cycle,-1,
96,71,44,-1,B1_block_swap,1,
96,72,40,-1,B1_block_swap,1,
96,73,36,1,A3_sigma1sigma2,-1,-1
96,74,32,-1,B3_four_cycle,-1,
96,75,28,-1,B3_four_cycle,-1,
96,76,24,1,A3_sigma1sigma2,-1,-1
96,77,20,1,A3_sigma1sigma2,-1,-1
96,78,16,1,A2_sigma_i,1,-1
96,79,12,-1,B3_four_cycle,-1,
96,80,8,-1,B3_four_cycle,-1,
96,81,4,1,A2_sigma_i,-1,1
96,82,0,0,double_root,,
96,83,97,1,A2_sigma_i,1,-1
96,84,93,-1,B1_block_swap,1,
96,85,89,-1,B1_block_swap,1,
96,86,85,1,A2_sigma_i,-1,1
96,87,81,1,A2_sigma_i,-1,1
96,88,77,1,A3_sigma1sigma2,-1,-1
96,89,73,-1,B3_four_cycle,-1,
96,90,69,-1,B3_four_cycle,-1,
96,91,65,1,A1_identity,1,1
96,92,61,-1,B3_four_cycle,-1,
96,93,57,-1,B1_block_swap,1,
96,94,53,-1,B1_block_swap,1,
96,95,49,1,A1_identity,1,1
96,96,45,1,A1_identity,1,1
96,97,41,-1,B1_block_swap,1,
96,98,37,1,A3_sigma1sigma2,-1,-1
96,99,33,1,A2_sigma_i,-1,1
96,100,29,-1,B1_block_swap,1,
97,0,16,1,A1_identity,1,1
97,1,12,-1,B1_block_swap,1,
97,2,8,-1,B1_block_swap,1,
97,3,4,1,A2_sigma_i,-1,1
97,4,0,0,double_root,,
97,5,97,1,A2_sigma_i,1,-1
97,6,93,-1,B3_four_cycle,-1,
97,7,89,-1,B3_four_cycle,-1,
97,8,85,1,A2_sigma_i,1,-1
97,9,81,1,A1_identity,1,1
97,10,77,1,A3_sigma1sigma2,-1,-1
97,11,73,-1,B1_block_swap,1,
97,12,69,-1,B3_four_cycle,-1,
97,13,65,1,A1_identity,1,1
97,14,61,-1,B3_four_cycle,-1,
97,15,57,-1,B3_four_cycle,-1,
97,16,53,-1,B3_four_cycle,-1,
97,17,49,1,A2_sigma_i,-1,1
97,18,45,1,A3_sigma1sigma2,-1,-1
97,19,41,-1,B1_block_swap,1,
97,20,37,1,A1_identity,1,1
97,21,33,1,A2_sigma_i,1,-1
97,22,29,-1,B3_four_cycle,-1,
97,23,25,1,A2_sigma_i,-1,1
97,24,21,1,A3_sigma1sigma2,-1,-1
97,25,17,1,A1_identity,1,1
97,26,13,1,A2_sigma_i,1,-1
97,27,9,1,A3_sigma1sigma2,-1,-1
97,28,5,1,A2_sigma_i,1,-1
97,29,1,1,A2_sigma_i,1,-1
97,30,98,-1,B3_four_cycle,-1,
97,31,94,-1,B1_block_swap,1,
97,32,90,-1,B1_block_swap,1,
97,33,86,-1,B1_block_swap,1,
97,34,82,1,A1_identity,1,1
97,35,78,1,A1_identity,1,1
97,36,74,-1,B1_block_swap,1,
97,37,70,1,A4_ramified_A,,
97,38,66,-1,B3_four_cycle,-1,
97,39,62,-1,B3_four_cycle,-1,
97,40,58,1,A2_sigma_i,-1,1
97,41,54,1,A3_sigma1sigma2,-1,-1
97,42,50,-1,B1_block_swap,1,
97,43,46,-1,B1_block_swap,1,
97,44,42,-1,B1_block_swap,1,
97,45,38,-1,B1_block_swap,1,
97,46,34,-1,B1_block_swap,1,
97,47,30,1,A1_identity,1,1
97,48,26,-1,B3_four_cycle,-1,
97,49,22,1,A3_sigma1sigma2,-1,-1
97,50,18,-1,B1_block_swap,1,
97,51,14,1,A2_sigma_i,1,-1
97,52,10,-1,B3_four_cycle,-1,
97,53,6,1,A2_sigma_i,-1,1
97,54,2,-1,B1_block_swap,1,
97,55,99,-1,B1_block_swap,1,
97,56,95,1,A2_sigma_i,-1,1
97,57,91,-1,B3_four_cycle,-1,
97,58,87,1,A2_sigma_i,-1,1
97,59,83,-1,B1_block_swap,1,
97,60,79,1,A2_sigma_i,-1,1
97,61,75,-1,B3_four_cycle,-1,
97,62,71,1,A2_sigma_i,1,-1
97,63,67,-1,B1_block_swap,1,
97,64,63,-1,B3_four_cycle,-1,
97,65,59,-1,B1_block_swap,1,
97,66,55,-1,B1_block_swap,1,
97,67,51,-1,B1_block_swap,1,
97,68,47,1,A1_identity,1,1
97,69,43,1,A2_sigma_i,1,-1
97,70,39,-1,B3_four_cycle,-1,
97,71,35,-1,B3_four_cycle,-1,
97,72,31,1,A2_sigma_i,1,-1
97,73,27,-1,B3_four_cycle,-1,
97,74,23,1,A4_ramified_A,,
97,75,19,1,A2_sigma_i,1,-1
97,76,15,-1,B1_block_swap,1,
97,77,11,-1,B1_block_swap,1,
97,78,7,-1,B3_four_cycle,-1,
97,79,3,-1,B3_four_cycle,-1,
97,80,100,1,A3_sigma1sigma2,-1,-1
97,81,96,1,A2_sigma_i,1,-1
97,82,92,1,A2_sigma_i,1,-1
97,83,88,1,A2_sigma_i,1,-1
97,84,84,1,A1_identity,1,1
97,85,80,1,A3_sigma1sigma2,-1,-1
97,86,76,1,A2_sigma_i,1,-1
97,87,72,-1,B1_block_swap,1,
97,88,68,1,A1_identity,1,1
97,89,64,1,A1_identity,1,1
97,90,60,-1,B3_four_cycle,-1,
97,91,56,1,A2_sigma_i,1,-1
97,92,52,1,A2_sigma_i,-1,1
97,93,48,-1,B1_block_swap,1,
97,94,44,-1,B3_four_cycle,-1,
97,95,40,-1,B1_block_swap,1,
97,96,36,1,A1_identity,1,1
97,97,32,-1,B1_block_swap,1,
97,98,28,-1,B3_four_cycle,-1,
97,99,24,1,A4_ramified_A,,
97,100,20,1,A1_identity,1,1
98,0,9,1,A2_sigma_i,-1,1
98,1,5,1,A1_identity,1,1
98,2,1,1,A2_sigma_i,1,-1
98,3,98,-1,B1_block_swap,1,
98,4,94,-1,B3_four_cycle,-1,
98,5,90,-1,B3_four_cycle,-1,
98,6,86,-1,B1_block_swap,1,
98,7,82,1,A1_identity,1,1
98,8,78,1,A2_sigma_i,1,-1
98,9,74,-1,B1_block_swap,1,
98,10,70,1,A3_sigma1sigma2,-1,-1
98,11,66,-1,B1_block_swap,1,
98,12,62,-1,B1_block_swap,1,
98,13,58,1,A3_sigma1sigma2,-1,-1
98,14,54,1,A2_sigma_i,1,-1
98,15,50,-1,B3_four_cycle,-1,
98,16,46,-1,B3_four_cycle,-1,
98,17,42,-1,B1_block_swap,1,
98,18,38,-1,B1_block_swap,1,
98,19,34,-1,B3_four_cycle,-1,
98,20,30,1,A3_sigma1sigma2,-1,-1
98,21,26,-1,B3_four_cycle,-1,
98,22,22,1,A4_ramified_A,,
98,23,18,-1,B3_four_cycle,-1,
98,24,14,1,A1_identity,1,1
98,25,10,-1,B3_four_cycle,-1,
98,26,6,1,A1_identity,1,1
98,27,2,-1,B3_four_cycle,-1,
98,28,99,-1,B1_block_swap,1,
98,29,95,1,A4_ramified_A,,
98,30,91,-1,B1_block_swap,1,
98,31,87,1,A3_sigma1sigma2,-1,-1
98,32,83,-1,B3_four_cycle,-1,
98,33,79,1,A2_sigma_i,1,-1
98,34,75,-1,B3_four_cycle,-1,
98,35,71,1,A1_identity,1,1
98,36,67,-1,B3_four_cycle,-1,
98,37,63,-1,B1_block_swap,1,
98,38,59,-1,B1_block_swap,1,
98,39,55,-1,B3_four_cycle,-1,
98,40,51,-1,B3_four_cycle,-1,
98,41,47,1,A2_sigma_i,-1,1
98,42,43,1,A1_identity,1,1
98,43,39,-1,B3_four_cycle,-1,
98,44,35,-1,B3_four_cycle,-1,
98,45,31,1,A1_identity,1,1
98,46,27,-1,B3_four_cycle,-1,
98,47,23,1,A3_sigma1sigma2,-1,-1
98,48,19,1,A3_sigma1sigma2,-1,-1
98,49,15,-1,B3_four_cycle,-1,
98,50,11,-1,B1_block_swap,1,
98,51,7,-1,B1_block_swap,1,
98,52,3,-1,B1_block_swap,1,
98,53,100,1,A1_identity,1,1
98,54,96,1,A2_sigma_i,-1,1
98,55,92,1,A3_sigma1sigma2,-1,-1
98,56,88,1,A2_sigma_i,-1,1
98,57,84,1,A1_identity,1,1
98,58,80,1,A4_ramified_A,,
98,59,76,1,A1_identity,1,1
98,60,72,-1,B1_block_swap,1,
98,61,68,1,A2_sigma_i,-1,1
98,62,64,1,A2_sigma_i,1,-1
98,63,60,-1,B1_block_swap,1,
98,64,56,1,A1_identity,1,1
98,65,52,1,A2_sigma_i,-1,1
98,66,48,-1,B1_block_swap,1,
98,67,44,-1,B3_four_cycle,-1,
98,68,40,-1,B3_four_cycle,-1,
98,69,36,1,A1_identity,1,1
98,70,32,-1,B3_four_cycle,-1,
98,71,28,-1,B3_four_cycle,-1,
98,72,24,1,A2_sigma_i,-1,1
98,73,20,1,A2_sigma_i,-1,1
98,74,16,1,A3_sigma1sigma2,-1,-1
98,75,12,-1,B1_block_swap,1,
98,76,8,-1,B3_four_cycle,-1,
98,77,4,1,A3_sigma1sigma2,-1,-1
98,78,0,0,double_root,,
98,79,97,1,A1_identity,1,1
98,80,93,-1,B3_four_cycle,-1,
98,81,89,-1,B3_four_cycle,-1,
98,82,85,1,A1_identity,1,1
98,83,81,1,A2_sigma_i,1,-1
98,84,77,1,A2_sigma_i,1,-1
98,85,73,-1,B1_block_swap,1,
98,86,69,-1,B1_block_swap,1,
98,87,65,1,A2_sigma_i,-1,1
98,88,61,-1,B1_block_swap,1,
98,89,57,-1,B1_block_swap,1,
98,90,53,-1,B1_block_swap,1,
98,91,49,1,A1_identity,1,1
98,92,45,1,A3_sigma1sigma2,-1,-1
98,93,41,-1,B3_four_cycle,-1,
98,94,37,1,A2_sigma_i,1,-1
98,95,33,1,A3_sigma1sigma2,-1,-1
98,96,29,-1,B3_four_cycle,-1,
98,97,25,1,A1_identity,1,1
98,98,21,1,A3_sigma1sigma2,-1,-1
98,99,17,1,A2_sigma_i,-1,1
98,100,13,1,A2_sigma_i,-1,1
99,0,4,1,A2_sigma_i,-1,1
99,1,0,0,double_root,,
99,2,97,1,A3_sigma1sigma2,-1,-1
99,3,93,-1,B1_block_swap,1,
99,4,89,-1,B3_four_cycle,-1,
99,5,85,1,A1_identity,1,1
99,6,81,1,A2_sigma_i,-1,1
99,7,77,1,A4_ramified_A,,
99,8,73,-1,B1_block_swap,1,
99,9,69,-1,B1_block_swap,1,
99,10,65,1,A2_sigma_i,1,-1
99,11,61,-1,B3_four_cycle,-1,
99,12,57,-1,B3_four_cycle,-1,
99,13,53,-1,B3_four_cycle,-1,
99,14,49,1,A1_identity,1,1
99,15,45,1,A1_identity,1,1
99,16,41,-1,B3_four_cycle,-1,
99,17,37,1,A4_ramified_A,,
99,18,33,1,A3_sigma1sigma2,-1,-1
99,19,29,-1,B3_four_cycle,-1,
99,20,25,1,A2_sigma_i,1,-1
99,21,21,1,A3_sigma1sigma2,-1,-1
99,22,17,1,A1_identity,1,1
99,23,13,1,A2_sigma_i,-1,1
99,24,9,1,A3_sigma1sigma2,-1,-1
99,25,5,1,A2_sigma_i,1,-1
99,26,1,1,A2_sigma_i,-1,1
99,27,98,-1,B3_four_cycle,-1,
99,28,94,-1,B1_block_swap,1,
99,29,90,-1,B3_four_cycle,-1,
99,30,86,-1,B3_four_cycle,-1,
99,31,82,1,A3_sigma1sigma2,-1,-1
99,32,78,1,A1_identity,1,1
99,33,74,-1,B3_four_cycle,-1,
99,34,70,1,A3_sigma1sigma2,-1,-1
99,35,66,-1,B3_four_cycle,-1,
99,36,62,-1,B3_four_cycle,-1,
99,37,58,1,A2_sigma_i,1,-1
99,38,54,1,A3_sigma1sigma2,-1,-1
99,39,50,-1,B1_block_swap,1,
99,40,46,-1,B1_block_swap,1,
99,41,42,-1,B1_block_swap,1,
99,42,38,-1,B3_four_cycle,-1,
99,43,34,-1,B1_block_swap,1,
99,44,30,1,A1_identity,1,1
99,45,26,-1,B3_four_cycle,-1,
99,46,22,1,A2_sigma_i,1,-1
99,47,18,-1,B1_block_swap,1,
99,48,14,1,A2_sigma_i,1,-1
99,49,10,-1,B1_block_swap,1,
99,50,6,1,A2_sigma_i,1,-1
99,51,2,-1,B3_four_cycle,-1,
99,52,99,-1,B3_four_cycle,-1,
99,53,95,1,A3_sigma1sigma2,-1,-1
99,54,91,-1,B1_block_swap,1,
99,55,87,1,A3_sigma1sigma2,-1,-1
99,56,83,-1,B1_block_swap,1,
99,57,79,1,A2_sigma_i,1,-1
99,58,75,-1,B3_four_cycle,-1,
99,59,71,1,A3_sigma1sigma2,-1,-1
99,60,67,-1,B3_four_cycle,-1,
99,61,63,-1,B3_four_cycle,-1,
99,62,59,-1,B3_four_cycle,-1,
99,63,55,-1,B3_four_cycle,-1,
99,64,51,-1,B3_four_cycle,-1,
99,65,47,1,A2_sigma_i,1,-1
99,66,43,1,A2_sigma_i,1,-1
99,67,39,-1,B3_four_cycle,-1,
99,68,35,-1,B1_block_swap,1,
99,69,31,1,A2_sigma_i,1,-1
99,70,27,-1,B3_four_cycle,-1,
99,71,23,1,A1_identity,1,1
99,72,19,1,A2_sigma_i,-1,1
99,73,15,-1,B1_block_swap,1,
99,74,11,-1,B3_four_cycle,-1,
99,75,7,-1,B3_four_cycle,-1,
99,76,3,-1,B1_block_swap,1,
99,77,100,1,A1_identity,1,1
99,78,96,1,A1_identity,1,1
99,79,92,1,A3_sigma1sigma2,-1,-1
99,80,88,1,A1_identity,1,1
99,81,84,1,A2_sigma_i,1,-1
99,82,80,1,A1_identity,1,1
99,83,76,1,A1_identity,1,1
99,84,72,-1,B3_four_cycle,-1,
99,85,68,1,A4_ramified_A,,
99,86,64,1,A2_sigma_i,-1,1
99,87,60,-1,B3_four_cycle,-1,
99,88,56,1,A2_sigma_i,-1,1
99,89,52,1,A2_sigma_i,1,-1
99,90,48,-1,B1_block_swap,1,
99,91,44,-1,B3_four_cycle,-1,
99,92,40,-1,B1_block_swap,1,
99,93,36,1,A1_identity,1,1
99,94,32,-1,B1_block_swap,1,
99,95,28,-1,B3_four_cycle,-1,
99,96,24,1,A1_identity,1,1
99,97,20,1,A1_identity,1,1
99,98,16,1,A2_sigma_i,-1,1
99,99,12,-1,B1_block_swap,1,
99,100,8,-1,B3_four_cycle,-1,
100,0,1,1,A1_identity,1,1
100,1,98,-1,B3_four_cycle,-1,
100,2,94,-1,B3_four_cycle,-1,
100,3,90,-1,B1_block_swap,1,
100,4,86,-1,B1_block_swap,1,
100,5,82,1,A1_identity,1,1
100,6,78,1,A2_sigma_i,-1,1
100,7,74,-1,B3_four_cycle,-1,
100,8,70,1,A1_identity,1,1
100,9,66,-1,B1_block_swap,1,
100,10,62,-1,B1_block_swap,1,
100,11,58,1,A3_sigma1sigma2,-1,-1
100,12,54,1,A2_sigma_i,-1,1
100,13,50,-1,B3_four_cycle,-1,
100,14,46,-1,B1_block_swap,1,
100,15,42,-1,B3_four_cycle,-1,
100,16,38,-1,B3_four_cycle,-1,
100,17,34,-1,B3_four_cycle,-1,
100,18,30,1,A1_identity,1,1
100,19,26,-1,B3_four_cycle,-1,
100,20,22,1,A3_sigma1sigma2,-1,-1
100,21,18,-1,B3_four_cycle,-1,
100,22,14,1,A3_sigma1sigma2,-1,-1
100,23,10,-1,B1_block_swap,1,
100,24,6,1,A1_identity,1,1
100,25,2,-1,B3_four_cycle,-1,
100,26,99,-1,B1_block_swap,1,
100,27,95,1,A1_identity,1,1
100,28,91,-1,B3_four_cycle,-1,
100,29,87,1,A3_sigma1sigma2,-1,-1
100,30,83,-1,B1_block_swap,1,
100,31,79,1,A1_identity,1,1
100,32,75,-1,B1_block_swap,1,
100,33,71,1,A2_sigma_i,-1,1
100,34,67,-1,B3_four_cycle,-1,
100,35,63,-1,B3_four_cycle,-1,
100,36,59,-1,B1_block_swap,1,
100,37,55,-1,B1_block_swap,1,
100,38,51,-1,B3_four_cycle,-1,
100,39,47,1,A2_sigma_i,-1,1
100,40,43,1,A4_ramified_A,,
100,41,39,-1,B1_block_swap,1,
100,42,35,-1,B3_four_cycle,-1,
100,43,31,1,A2_sigma_i,-1,1
100,44,27,-1,B1_block_swap,1,
100,45,23,1,A3_sigma1sigma2,-1,-1
100,46,19,1,A3_sigma1sigma2,-1,-1
100,47,15,-1,B1_block_swap,1,
100,48,11,-1,B1_block_swap,1,
100,49,7,-1,B1_block_swap,1,
100,50,3,-1,B1_block_swap,1,
100,51,100,1,A2_sigma_i,-1,1
100,52,96,1,A1_identity,1,1
100,53,92,1,A2_sigma_i,-1,1
100,54,88,1,A2_sigma_i,1,-1
100,55,84,1,A3_sigma1sigma2,-1,-1
100,56,80,1,A1_identity,1,1
100,57,76,1,A1_identity,1,1
100,58,72,-1,B1_block_swap,1,
100,59,68,1,A3_sigma1sigma2,-1,-1
100,60,64,1,A1_identity,1,1
100,61,60,-1,B3_four_cycle,-1,
100,62,56,1,A2_sigma_i,1,-1
100,63,52,1,A3_sigma1sigma2,-1,-1
100,64,48,-1,B3_four_cycle,-1,
100,65,44,-1,B1_block_swap,1,
100,66,40,-1,B3_four_cycle,-1,
100,67,36,1,A2_sigma_i,-1,1
100,68,32,-1,B3_four_cycle,-1,
100,69,28,-1,B1_block_swap,1,
100,70,24,1,A2_sigma_i,1,-1
100,71,20,1,A1_identity,1,1
100,72,16,1,A2_sigma_i,-1,1
100,73,12,-1,B1_block_swap,1,
100,74,8,-1,B1_block_swap,1,
100,75,4,1,A2_sigma_i,1,-1
100,76,0,0,double_root,,
100,77,97,1,A4_ramified_A,,
100,78,93,-1,B1_block_swap,1,
100,79,89,-1,B1_block_swap,1,
100,80,85,1,A3_sigma1sigma2,-1,-1
100,81,81,1,A1_identity,1,1
100,82,77,1,A3_sigma1sigma2,-1,-1
100,83,73,-1,B3_four_cycle,-1,
100,84,69,-1,B1_block_swap,1,
100,85,65,1,A1_identity,1,1
100,86,61,-1,B1_block_swap,1,
100,87,57,-1,B3_four_cycle,-1,
100,88,53,-1,B1_block_swap,1,
100,89,49,1,A2_sigma_i,1,-1
100,90,45,1,A1_identity,1,1
100,91,41,-1,B1_block_swap,1,
100,92,37,1,A2_sigma_i,-1,1
100,93,33,1,A4_ramified_A,,
100,94,29,-1,B1_block_swap,1,
100,95,25,1,A2_sigma_i,1,-1
100,96,21,1,A2_sigma_i,1,-1
100,97,17,1,A2_sigma_i,-1,1
100,98,13,1,A1_identity,1,1
100,99,9,1,A2_sigma_i,-1,1
100,100,5,1,A1_identity,1,1
