leg,g,rung_pair,replicate,T_lo,T_hi,se_paired_k17_lo,se_paired_k17_hi,alpha
unmodified_null,,5000->10000,0,5000,10000,0.4624907508887448,0.34442693964813026,0.42522652543547723
unmodified_null,,5000->10000,1,5000,10000,0.7663466756789841,2.4770957885299603,-1.6925805748901808
unmodified_null,,5000->10000,2,5000,10000,0.3670049181396047,0.6846922434882406,-0.8996562726155999
unmodified_null,,5000->10000,3,5000,10000,0.7081174896861901,0.4089074225021812,0.7922144987965011
unmodified_null,,5000->10000,4,5000,10000,0.6104268373622987,0.4528955416483219,0.43064005411241685
unmodified_null,,5000->10000,5,5000,10000,0.509734910455866,0.3346378080830036,0.6071467098611096
unmodified_null,,5000->10000,6,5000,10000,0.5614957677612619,0.8433704131330867,-0.5868912618672593
unmodified_null,,5000->10000,7,5000,10000,1.779949990917491,0.5340361649151337,1.7368273585151008
unmodified_null,,5000->10000,8,5000,10000,0.6328930069320811,0.3305480894458243,0.9371014509664582
unmodified_null,,5000->10000,9,5000,10000,0.38239223597336447,0.4202556899259854,-0.13621412114850728
unmodified_null,,5000->10000,10,5000,10000,1.0173443838257046,0.4139486269789356,1.2972844936945531
unmodified_null,,5000->10000,11,5000,10000,0.6973716068455491,0.3163918916926249,1.1402149989304546
unmodified_null,,5000->10000,12,5000,10000,0.7139261819463971,0.549992884990308,0.3763619559020605
unmodified_null,,5000->10000,13,5000,10000,0.6985153273117701,0.6266847582516072,0.15655186718032443
unmodified_null,,5000->10000,14,5000,10000,0.6104566277860045,1.1257188214195633,-0.8828858182824575
unmodified_null,,5000->10000,15,5000,10000,1.1804062373621556,0.9685697755875036,0.28535556005125534
unmodified_null,,5000->10000,16,5000,10000,0.6082424088775961,0.7560501589106474,-0.3138355410311881
unmodified_null,,5000->10000,17,5000,10000,0.8212530666150343,0.38544881793863023,1.091287548868429
unmodified_null,,5000->10000,18,5000,10000,0.45669241347968675,0.49362654704633174,-0.11219716012348427
unmodified_null,,5000->10000,19,5000,10000,0.42802398284843124,0.5421651753143186,-0.341040812745281
unmodified_null,,5000->10000,20,5000,10000,0.49070414157477105,0.5982218107914409,-0.2858270632738975
unmodified_null,,5000->10000,21,5000,10000,1.0941767560683697,0.8397335242083254,0.38184232375091415
unmodified_null,,5000->10000,22,5000,10000,0.8023271977503609,0.36445535114556954,1.1384486203288158
unmodified_null,,5000->10000,23,5000,10000,0.7731984767616941,0.45507093379527785,0.7647473536694471
unmodified_null,,5000->10000,24,5000,10000,0.3141408654476864,0.4949231741242097,-0.6557929659052649
unmodified_null,,5000->10000,25,5000,10000,0.5685911458376829,0.41563940856097975,0.45205918453585947
unmodified_null,,5000->10000,26,5000,10000,0.4887275425723296,0.41713734473909586,0.2285079338585568
unmodified_null,,5000->10000,27,5000,10000,0.35474552954374505,1.3510110317580641,-1.929183046259911
unmodified_null,,5000->10000,28,5000,10000,0.9524683781574202,0.34702530190464126,1.4566303413496686
unmodified_null,,5000->10000,29,5000,10000,0.4037539493792584,1.2896957356029324,-1.6754824689473116
unmodified_null,,5000->10000,30,5000,10000,0.4621400188178997,0.9061785123366571,-0.9714652570255403
unmodified_null,,5000->10000,31,5000,10000,0.9388875218355558,0.6155517538524041,0.6090721746942258
unmodified_null,,5000->10000,32,5000,10000,0.5639349289101075,0.4151660326053157,0.44184029073599695
unmodified_null,,5000->10000,33,5000,10000,0.5925143041298117,0.31302375319304354,0.9205778457285689
unmodified_null,,5000->10000,34,5000,10000,0.3289925088628158,0.31105883974267656,0.08086722858599715
unmodified_null,,5000->10000,35,5000,10000,0.5132891476709077,0.5807390961567701,-0.17811840315697797
unmodified_null,,5000->10000,36,5000,10000,0.6537705005585498,0.4513574448891093,0.5345138772304064
unmodified_null,,5000->10000,37,5000,10000,0.45537441041856314,0.8580759221506165,-0.9140520802592215
unmodified_null,,5000->10000,38,5000,10000,0.5886142372187382,0.3800472094450895,0.6311437969680395
unmodified_null,,5000->10000,39,5000,10000,0.41212798441775816,0.4534839694384969,-0.13795912350850995
unmodified_null,,5000->10000,40,5000,10000,0.7860861848670682,0.36593070326891286,1.1031170257580438
unmodified_null,,5000->10000,41,5000,10000,0.4878209692420877,0.3836478689527477,0.3465690332849672
unmodified_null,,5000->10000,42,5000,10000,1.0211051630828434,0.5918058758086477,0.7869355306003866
unmodified_null,,5000->10000,43,5000,10000,0.7132771203478301,0.9051945671973478,-0.34376522860043096
unmodified_null,,5000->10000,44,5000,10000,0.4383582242207335,0.41250842576537483,0.0876867275329268
unmodified_null,,5000->10000,45,5000,10000,0.3092498233928067,0.4348065864931233,-0.49160102331389466
unmodified_null,,5000->10000,46,5000,10000,0.38507583027757175,0.39630804992240914,-0.041479698456043136
unmodified_null,,5000->10000,47,5000,10000,0.8792753268989036,0.3281027651265105,1.4221672338532376
unmodified_null,,5000->10000,48,5000,10000,0.6898185366678056,0.5898142549807428,0.2259562064061028
unmodified_null,,5000->10000,49,5000,10000,0.8259166801610286,0.6188537488899878,0.41639774387231265
unmodified_null,,5000->10000,50,5000,10000,0.7639700389071571,0.43947605559058855,0.7977314965664575
unmodified_null,,5000->10000,51,5000,10000,0.902168104953941,0.45149803215395407,0.9986765824869251
unmodified_null,,5000->10000,52,5000,10000,0.35751983540781074,0.8855673813996591,-1.3085787978329781
unmodified_null,,5000->10000,53,5000,10000,0.6590318454226157,0.5181650082657089,0.3469365866710758
unmodified_null,,5000->10000,54,5000,10000,0.3875098203347631,0.46434817408687834,-0.260974090098716
unmodified_null,,5000->10000,55,5000,10000,0.9921083727683884,0.6313953837255633,0.651954008917235
unmodified_null,,5000->10000,56,5000,10000,0.42911576080498465,0.6376359186216063,-0.5713660097905011
unmodified_null,,5000->10000,57,5000,10000,0.9684700569042503,0.4353143361608932,1.153649911333304
unmodified_null,,5000->10000,58,5000,10000,0.5739979480784353,0.4176081846045769,0.4588955923541608
unmodified_null,,5000->10000,59,5000,10000,0.7147468194514324,0.5618855239816356,0.34715606281505335
unmodified_null,,5000->10000,60,5000,10000,0.4581289375187591,0.3684299546639625,0.3143633305213803
unmodified_null,,5000->10000,61,5000,10000,0.7960931718339306,1.9226814208060468,-1.2721105412378428
unmodified_null,,5000->10000,62,5000,10000,0.5059075587923958,0.494061472729544,0.03418323692091548
unmodified_null,,5000->10000,63,5000,10000,0.7266025321781958,0.6508720082806941,0.15879252317780002
unmodified_null,,5000->10000,64,5000,10000,1.0416612668423957,0.37344698445991736,1.4799108565581116
unmodified_null,,5000->10000,65,5000,10000,0.46118421781696534,0.34986022903615904,0.3985644703178048
unmodified_null,,5000->10000,66,5000,10000,0.4516592924709371,0.4017427992871579,0.16896272548575567
unmodified_null,,5000->10000,67,5000,10000,0.9315501872571312,0.34690201868408443,1.4251052604959376
unmodified_null,,5000->10000,68,5000,10000,0.6404147410465476,0.5902463094178046,0.11768940027859073
unmodified_null,,5000->10000,69,5000,10000,0.7723764415019279,0.3974123370047614,0.9586675015121653
unmodified_null,,5000->10000,70,5000,10000,0.8014906127442325,0.5534135462914376,0.5343276650403338
unmodified_null,,5000->10000,71,5000,10000,0.4859347160205421,0.9873043178984583,-1.022732331933666
unmodified_null,,5000->10000,72,5000,10000,0.5440037697749847,0.44392444779565615,0.2933024860183365
unmodified_null,,5000->10000,73,5000,10000,0.6991298607582734,0.5588672159544555,0.3230549090202336
unmodified_null,,5000->10000,74,5000,10000,0.4933401862432999,0.5469090792769381,-0.1487182021743881
unmodified_null,,5000->10000,75,5000,10000,0.4005565963452555,0.28986613349669477,0.466619315553173
unmodified_null,,5000->10000,76,5000,10000,0.3558908168298124,0.5321266735506719,-0.5803350153396774
unmodified_null,,5000->10000,77,5000,10000,1.364205855895029,0.43737878716358686,1.6411062039421553
unmodified_null,,5000->10000,78,5000,10000,0.63199161255245,0.4102883150363886,0.6232673448405662
unmodified_null,,5000->10000,79,5000,10000,0.6819984236043157,0.41974212679642825,0.7002651401163094
unmodified_null,,5000->10000,80,5000,10000,1.5355796811641833,0.49579519706263675,1.6309671749147938
unmodified_null,,5000->10000,81,5000,10000,0.7795787579083561,0.34319164202569785,1.1836803619834937
unmodified_null,,5000->10000,82,5000,10000,0.41444294602980486,0.39449909099062563,0.0711515319164687
unmodified_null,,5000->10000,83,5000,10000,1.0257974208834517,0.38569825743778635,1.4112013160467984
unmodified_null,,5000->10000,84,5000,10000,0.4788784489900547,0.4104185409823226,0.2225636039928682
unmodified_null,,5000->10000,85,5000,10000,0.5728301264148193,0.3660079674848652,0.6462323148320348
unmodified_null,,5000->10000,86,5000,10000,1.048291822871058,0.49661392145852007,1.0778437794802365
unmodified_null,,5000->10000,87,5000,10000,0.5037235105661716,0.3910354525888042,0.36533265522644376
unmodified_null,,5000->10000,88,5000,10000,0.409112162715017,0.403268324993089,0.0207563358667877
unmodified_null,,5000->10000,89,5000,10000,0.6307624697119258,0.609576740451025,0.04928896737340195
unmodified_null,,5000->10000,90,5000,10000,0.3493840852160297,0.6389804453330514,-0.8709578875751622
unmodified_null,,5000->10000,91,5000,10000,0.5542414115738361,0.3899340910799438,0.5072842176166132
unmodified_null,,5000->10000,92,5000,10000,0.5788174187244668,1.061923744701445,-0.8754999283101517
unmodified_null,,5000->10000,93,5000,10000,0.8606987883294217,0.4221203248092807,1.0278541420762264
unmodified_null,,5000->10000,94,5000,10000,0.4563890679925071,0.6567361322185418,-0.5250495966353277
unmodified_null,,5000->10000,95,5000,10000,0.4400094291795161,0.2699435989835786,0.7048764329064846
unmodified_null,,5000->10000,96,5000,10000,0.4848337258686075,0.6910046972502563,-0.5112054590187328
unmodified_null,,5000->10000,97,5000,10000,1.0546017163128882,0.6363684835460276,0.7287639573602694
unmodified_null,,5000->10000,98,5000,10000,0.5754228523068977,0.3084549458831389,0.8995627381436384
unmodified_null,,5000->10000,99,5000,10000,0.4724212789858757,0.3371784569500155,0.486561586273872
unmodified_null,,5000->10000,100,5000,10000,0.5368629293976841,0.32474554838943126,0.7252440403104861
unmodified_null,,5000->10000,101,5000,10000,0.3986931243642113,0.9998766862531302,-1.3264714541380729
unmodified_null,,5000->10000,102,5000,10000,1.515476853783928,0.8721215089983275,0.7971707589752045
unmodified_null,,5000->10000,103,5000,10000,0.3930464629216294,0.4432447499451348,-0.17340367623926342
unmodified_null,,5000->10000,104,5000,10000,0.650458500009234,0.36981977187037024,0.8146346559244886
unmodified_null,,5000->10000,105,5000,10000,0.5013943050959382,0.4503411477719295,0.1549273068677077
unmodified_null,,5000->10000,106,5000,10000,0.8320270011384066,0.6255491055060434,0.4115072076397226
unmodified_null,,5000->10000,107,5000,10000,0.7304765282131869,0.31217988460130514,1.2264603370195313
unmodified_null,,5000->10000,108,5000,10000,0.7108427266822083,0.6381439336096597,0.15564853904814455
unmodified_null,,5000->10000,109,5000,10000,0.4523088975263121,0.3298891138119613,0.4553272055866601
unmodified_null,,5000->10000,110,5000,10000,0.7102107779931215,1.1447231168590584,-0.6886795249339875
unmodified_null,,5000->10000,111,5000,10000,0.47846545756251735,0.4556277644517516,0.07055911143916305
unmodified_null,,5000->10000,112,5000,10000,0.4971079958788239,0.6916199227720585,-0.4764201188694218
unmodified_null,,5000->10000,113,5000,10000,0.7271243471811327,0.6898048030785667,0.07601392953724304
unmodified_null,,5000->10000,114,5000,10000,0.3740723441198456,0.3756071341830106,-0.0059071567797110295
unmodified_null,,5000->10000,115,5000,10000,0.44040910307175873,1.3297283636498907,-1.5942153684634066
unmodified_null,,5000->10000,116,5000,10000,0.6792995276802666,0.7633262561832375,-0.16825196558383926
unmodified_null,,5000->10000,117,5000,10000,0.8317888278737516,0.4451398848012778,0.901958534710041
unmodified_null,,5000->10000,118,5000,10000,0.7983934774592341,0.3590715694969922,1.1528285064276067
unmodified_null,,5000->10000,119,5000,10000,0.48642905270015446,0.2957752145551327,0.7177282362815016
unmodified_null,,5000->10000,120,5000,10000,0.599362678430575,0.9814781438724665,-0.7115268894545319
unmodified_null,,5000->10000,121,5000,10000,1.1927706649028156,0.28919959144877727,2.044179262100006
unmodified_null,,5000->10000,122,5000,10000,0.625075361226636,0.6828764285899105,-0.1275943995541232
unmodified_null,,5000->10000,123,5000,10000,0.45551519718155303,0.37841449380446907,0.2675318399464664
unmodified_null,,5000->10000,124,5000,10000,0.938884405177638,0.43973032483156754,1.0943285175552195
unmodified_null,,5000->10000,125,5000,10000,0.4959506512596442,0.4414197075662376,0.16804553336717973
unmodified_null,,5000->10000,126,5000,10000,1.048795222720132,0.7354799797669543,0.5119750431369064
unmodified_null,,5000->10000,127,5000,10000,0.9254429146294874,0.4136484640259549,1.1617387759979538
unmodified_null,,5000->10000,128,5000,10000,0.6287871109492124,0.8163482001666144,-0.3766129966448714
unmodified_null,,5000->10000,129,5000,10000,0.44368877198795764,0.4503074943288615,-0.0213624435071385
unmodified_null,,5000->10000,130,5000,10000,0.5624846597106231,1.2060409255582678,-1.1003932079347976
unmodified_null,,5000->10000,131,5000,10000,0.6586872087723556,0.6411508443546401,0.03892971287425582
unmodified_null,,5000->10000,132,5000,10000,0.7544155643524516,0.37577574973813005,1.005487473497322
unmodified_null,,5000->10000,133,5000,10000,0.8280615978215483,0.6230828104187093,0.41031417442717977
unmodified_null,,5000->10000,134,5000,10000,1.2802135545209317,0.9010013974432601,0.506783239866414
unmodified_null,,5000->10000,135,5000,10000,0.4454209648257192,0.42950933867738866,0.052479963951092896
unmodified_null,,5000->10000,136,5000,10000,0.6584920697916724,0.6229033493316382,0.08015773646473276
unmodified_null,,5000->10000,137,5000,10000,0.6060886188775266,0.4050968840358291,0.5812617638931157
unmodified_null,,5000->10000,138,5000,10000,0.7835905264301265,0.7067164172045313,0.1489685320312337
unmodified_null,,5000->10000,139,5000,10000,0.6880683664550953,0.5421237231933782,0.34392977792577134
unmodified_null,,5000->10000,140,5000,10000,0.39241853298460333,0.36864616766564934,0.09015641896186544
unmodified_null,,5000->10000,141,5000,10000,1.134181861133534,0.437728627691322,1.3735433434912234
unmodified_null,,5000->10000,142,5000,10000,0.6939498344669041,0.43607967017844584,0.6702396401092829
unmodified_null,,5000->10000,143,5000,10000,0.9795240393896208,0.37044327264297533,1.402828265233406
unmodified_null,,5000->10000,144,5000,10000,0.547789265663326,0.7129930645309702,-0.3802670476257753
unmodified_null,,5000->10000,145,5000,10000,1.0051171568846664,0.5855545341988786,0.7794882283612528
unmodified_null,,5000->10000,146,5000,10000,0.8531897067693572,0.32514808590506294,1.3917696296311386
unmodified_null,,5000->10000,147,5000,10000,0.5825230210841004,0.38371136679329454,0.6022935626945474
unmodified_null,,5000->10000,148,5000,10000,0.7622819114991817,0.4392006954417477,0.7954443034693589
unmodified_null,,5000->10000,149,5000,10000,0.8290127268842636,0.57385978180161,0.5306959813501095
unmodified_null,,5000->10000,150,5000,10000,1.1541294439678125,0.5099098293468362,1.1784909880893009
unmodified_null,,5000->10000,151,5000,10000,0.4677904772020432,0.6205815949043341,-0.4077584172291635
unmodified_null,,5000->10000,152,5000,10000,0.655870263088728,0.40664485407361317,0.6896411079972382
unmodified_null,,5000->10000,153,5000,10000,0.4113634801121542,0.46793707792873573,-0.18590082759413892
unmodified_null,,5000->10000,154,5000,10000,0.47175707208057094,0.4957575249760591,-0.07159052557919274
unmodified_null,,5000->10000,155,5000,10000,0.7581678491487782,0.3405375763023723,1.1547032790430756
unmodified_null,,5000->10000,156,5000,10000,0.6769059885680777,0.5362587636031704,0.3360261609157025
unmodified_null,,5000->10000,157,5000,10000,0.688242473682297,0.4786003100021749,0.5240955968784237
unmodified_null,,5000->10000,158,5000,10000,0.717756729791318,0.6346410427856765,0.1775541278041649
unmodified_null,,5000->10000,159,5000,10000,1.1682639749131098,0.6294146050896184,0.8922837342121258
unmodified_null,,5000->10000,160,5000,10000,0.7376040688985878,0.4612013061400441,0.6774500154680724
unmodified_null,,5000->10000,161,5000,10000,0.7867219814726014,0.7801760010153583,0.012054273590836027
unmodified_null,,5000->10000,162,5000,10000,0.7258486729182141,0.7284603554581476,-0.005181657303443868
unmodified_null,,5000->10000,163,5000,10000,0.9942160042556303,1.0453319124896232,-0.07232986561733168
unmodified_null,,5000->10000,164,5000,10000,0.4081973448032916,0.36323998884884484,0.16834376140911397
unmodified_null,,5000->10000,165,5000,10000,2.987178104880021,0.4031160958364684,2.8895159640374843
unmodified_null,,5000->10000,166,5000,10000,0.5033360321197509,0.7445731605452002,-0.5648917334580413
unmodified_null,,5000->10000,167,5000,10000,1.4136811281360218,0.4115187896287291,1.7804265309604055
unmodified_null,,5000->10000,168,5000,10000,0.474249563542571,0.7455947495134916,-0.6527452546452456
unmodified_null,,5000->10000,169,5000,10000,0.7595337325710544,0.30569962546016455,1.3129992547724505
unmodified_null,,5000->10000,170,5000,10000,0.6572224717863451,0.40614268899041656,0.6943951353019933
unmodified_null,,5000->10000,171,5000,10000,0.8986757527278831,0.38599887809674566,1.219204022812356
unmodified_null,,5000->10000,172,5000,10000,0.7151672528907829,0.48019449482794524,0.5746618138940651
unmodified_null,,5000->10000,173,5000,10000,0.5131091203687603,1.3980740463738328,-1.4461031980139878
unmodified_null,,5000->10000,174,5000,10000,1.4998656596578033,0.5609145873022636,1.4189802790853152
unmodified_null,,5000->10000,175,5000,10000,0.9698601672163645,0.9166451476067055,0.08141341233246989
unmodified_null,,5000->10000,176,5000,10000,0.4434461847343354,1.417354002080271,-1.6763691953601811
unmodified_null,,5000->10000,177,5000,10000,0.4824791681103235,0.7423794692172746,-0.6216901599239524
unmodified_null,,5000->10000,178,5000,10000,0.9925076819280713,1.1067024986381675,-0.1571172783368825
unmodified_null,,5000->10000,179,5000,10000,1.144903959883023,0.8102676968796483,0.49875605252859045
unmodified_null,,5000->10000,180,5000,10000,0.5574409203298613,0.5011788038693059,0.15349351023295568
unmodified_null,,5000->10000,181,5000,10000,0.47041453963578644,0.43986650862330845,0.09686689305186191
unmodified_null,,5000->10000,182,5000,10000,0.5759287948347082,0.42043073023485966,0.45402233156464455
unmodified_null,,5000->10000,183,5000,10000,0.6396228742001129,0.3699524694099834,0.7898816047053768
unmodified_null,,5000->10000,184,5000,10000,1.612852425267406,0.3198000548482223,2.3343723477026352
unmodified_null,,5000->10000,185,5000,10000,0.6703937240753078,0.645799290776253,0.05392278666851534
unmodified_null,,5000->10000,186,5000,10000,0.5840257939720304,0.37090580289191905,0.654979249050783
unmodified_null,,5000->10000,187,5000,10000,1.0895848978113787,0.4156235456596739,1.3904293197529234
unmodified_null,,5000->10000,188,5000,10000,0.7377748280652792,0.6243002550062555,0.24094051187217758
unmodified_null,,5000->10000,189,5000,10000,0.6381813957921526,0.375496288481394,0.7651679041344971
unmodified_null,,5000->10000,190,5000,10000,0.5538864234066389,0.3776039784533589,0.5527162112157852
unmodified_null,,5000->10000,191,5000,10000,0.3860335264078334,0.2742253388343811,0.49336426427044294
unmodified_null,,5000->10000,192,5000,10000,0.9264333664811493,0.37558504183707797,1.3025476075273816
unmodified_null,,5000->10000,193,5000,10000,0.9649737696503052,0.3161383075470717,1.6099338648619053
unmodified_null,,5000->10000,194,5000,10000,0.8675573513898813,0.6352043611382348,0.4497383150502905
unmodified_null,,5000->10000,195,5000,10000,1.2395067816978056,0.4601779149348982,1.4295025129774783
unmodified_null,,5000->10000,196,5000,10000,0.6616887100817269,0.35225601407503987,0.9095283261866233
unmodified_null,,5000->10000,197,5000,10000,2.5566069786071792,0.3556019975730037,2.84589506183164
unmodified_null,,5000->10000,198,5000,10000,0.7714839847515191,0.4348441543766675,0.8271377681201949
unmodified_null,,5000->10000,199,5000,10000,0.4631025074405228,0.3920273390809773,0.24037730037972455
unmodified_null,,10000->20000,0,10000,20000,0.34442693964813026,0.4702894415053174,-0.4493509537555744
unmodified_null,,10000->20000,1,10000,20000,2.4770957885299603,2.129826559810887,0.21791370735617557
unmodified_null,,10000->20000,2,10000,20000,0.6846922434882406,0.3727441074548013,0.8772701232359817
unmodified_null,,10000->20000,3,10000,20000,0.4089074225021812,0.33250269206830346,0.29840822968495523
unmodified_null,,10000->20000,4,10000,20000,0.4528955416483219,0.30287637279592433,0.5804492986666882
unmodified_null,,10000->20000,5,10000,20000,0.3346378080830036,0.3389822425297632,-0.018609246945435295
unmodified_null,,10000->20000,6,10000,20000,0.8433704131330867,0.36078847183442486,1.2250131689829107
unmodified_null,,10000->20000,7,10000,20000,0.5340361649151337,0.42874922557711115,0.3168033790534912
unmodified_null,,10000->20000,8,10000,20000,0.3305480894458243,0.3147770191568955,0.07052995776099019
unmodified_null,,10000->20000,9,10000,20000,0.4202556899259854,0.2844771034911588,0.56295481250891
unmodified_null,,10000->20000,10,10000,20000,0.4139486269789356,0.4362945433469016,-0.07585069689276469
unmodified_null,,10000->20000,11,10000,20000,0.3163918916926249,0.2998296246445385,0.07756969202679456
unmodified_null,,10000->20000,12,10000,20000,0.549992884990308,0.4491797363851922,0.2921201096175814
unmodified_null,,10000->20000,13,10000,20000,0.6266847582516072,0.37748014836432725,0.7313391301514525
unmodified_null,,10000->20000,14,10000,20000,1.1257188214195633,0.2764454527366218,2.025779774446497
unmodified_null,,10000->20000,15,10000,20000,0.9685697755875036,0.601147010647038,0.6881381385510507
unmodified_null,,10000->20000,16,10000,20000,0.7560501589106474,0.5095445498932446,0.5692736629602587
unmodified_null,,10000->20000,17,10000,20000,0.38544881793863023,0.3834113065163302,0.007646422053514299
unmodified_null,,10000->20000,18,10000,20000,0.49362654704633174,0.3701755971222548,0.4152101917903824
unmodified_null,,10000->20000,19,10000,20000,0.5421651753143186,0.33783893034493995,0.6823968636368211
unmodified_null,,10000->20000,20,10000,20000,0.5982218107914409,0.4284741462657746,0.48147235509337727
unmodified_null,,10000->20000,21,10000,20000,0.8397335242083254,0.3511417693023905,1.2578779656183061
unmodified_null,,10000->20000,22,10000,20000,0.36445535114556954,0.5098700602165513,-0.4843875417297524
unmodified_null,,10000->20000,23,10000,20000,0.45507093379527785,0.2858716361543519,0.6707239571296345
unmodified_null,,10000->20000,24,10000,20000,0.4949231741242097,0.33465305023270303,0.5645384321084226
unmodified_null,,10000->20000,25,10000,20000,0.41563940856097975,0.32481268078738273,0.35572449197000394
unmodified_null,,10000->20000,26,10000,20000,0.41713734473909586,0.44378007526642615,-0.08932241813074594
unmodified_null,,10000->20000,27,10000,20000,1.3510110317580641,0.45025753755194486,1.585217122188015
unmodified_null,,10000->20000,28,10000,20000,0.34702530190464126,0.3935003030399391,-0.18132389203332544
unmodified_null,,10000->20000,29,10000,20000,1.2896957356029324,0.8044249559520382,0.681001001196926
unmodified_null,,10000->20000,30,10000,20000,0.9061785123366571,1.7450684325820953,-0.9454164259876654
unmodified_null,,10000->20000,31,10000,20000,0.6155517538524041,0.33013123743274003,0.8988405048945397
unmodified_null,,10000->20000,32,10000,20000,0.4151660326053157,0.2432743788884886,0.7711040255204914
unmodified_null,,10000->20000,33,10000,20000,0.31302375319304354,0.40284276639146627,-0.3639447127485383
unmodified_null,,10000->20000,34,10000,20000,0.31105883974267656,0.38587268808939795,-0.31093742844951033
unmodified_null,,10000->20000,35,10000,20000,0.5807390961567701,0.5592963877767458,0.054277148841362664
unmodified_null,,10000->20000,36,10000,20000,0.4513574448891093,0.2758039510390587,0.7106272796603271
unmodified_null,,10000->20000,37,10000,20000,0.8580759221506165,0.5772980651118567,0.5717889123680338
unmodified_null,,10000->20000,38,10000,20000,0.3800472094450895,0.32642889696139804,0.21940986434424284
unmodified_null,,10000->20000,39,10000,20000,0.4534839694384969,0.3633213911442883,0.3198052433968157
unmodified_null,,10000->20000,40,10000,20000,0.36593070326891286,0.6024220019565589,-0.7192039922948685
unmodified_null,,10000->20000,41,10000,20000,0.3836478689527477,0.3005613970317481,0.35212301432872295
unmodified_null,,10000->20000,42,10000,20000,0.5918058758086477,0.3509027963366379,0.7540525759658783
unmodified_null,,10000->20000,43,10000,20000,0.9051945671973478,0.29923407777567235,1.5969534423453575
unmodified_null,,10000->20000,44,10000,20000,0.41250842576537483,0.3819483435295238,0.11104605302103603
unmodified_null,,10000->20000,45,10000,20000,0.4348065864931233,0.3704556967377806,0.23107277548325697
unmodified_null,,10000->20000,46,10000,20000,0.39630804992240914,0.371319099633922,0.09396274666870053
unmodified_null,,10000->20000,47,10000,20000,0.3281027651265105,0.2624358442729032,0.32218297137832935
unmodified_null,,10000->20000,48,10000,20000,0.5898142549807428,0.3203464010496758,0.8806279081788004
unmodified_null,,10000->20000,49,10000,20000,0.6188537488899878,0.33378623019867915,0.8906740637346338
unmodified_null,,10000->20000,50,10000,20000,0.43947605559058855,0.33582095876235674,0.388092291286714
unmodified_null,,10000->20000,51,10000,20000,0.45149803215395407,0.39299611634627746,0.20020464416019562
unmodified_null,,10000->20000,52,10000,20000,0.8855673813996591,0.5523591386609259,0.6809954848178092
unmodified_null,,10000->20000,53,10000,20000,0.5181650082657089,0.3985377205216773,0.3786953155911418
unmodified_null,,10000->20000,54,10000,20000,0.46434817408687834,0.39938635946054285,0.21742190176702741
unmodified_null,,10000->20000,55,10000,20000,0.6313953837255633,0.3752337878116449,0.7507539720837403
unmodified_null,,10000->20000,56,10000,20000,0.6376359186216063,0.3342634569611926,0.931747257670378
unmodified_null,,10000->20000,57,10000,20000,0.4353143361608932,0.4056186516675286,0.10193353934472248
unmodified_null,,10000->20000,58,10000,20000,0.4176081846045769,0.373815770206795,0.1598225537251684
unmodified_null,,10000->20000,59,10000,20000,0.5618855239816356,0.46288763343336026,0.27961421229861744
unmodified_null,,10000->20000,60,10000,20000,0.3684299546639625,0.35750519550171045,0.04342615418810432
unmodified_null,,10000->20000,61,10000,20000,1.9226814208060468,0.3323917824293842,2.5321631141837373
unmodified_null,,10000->20000,62,10000,20000,0.494061472729544,0.609577500502514,-0.3031190961885497
unmodified_null,,10000->20000,63,10000,20000,0.6508720082806941,1.6341734371291796,-1.3281153314401533
unmodified_null,,10000->20000,64,10000,20000,0.37344698445991736,0.37861260927457047,-0.01981901053009635
unmodified_null,,10000->20000,65,10000,20000,0.34986022903615904,0.6168582172061927,-0.8181602558012205
unmodified_null,,10000->20000,66,10000,20000,0.4017427992871579,0.2769749538238271,0.5365166429711415
unmodified_null,,10000->20000,67,10000,20000,0.34690201868408443,0.49628765245141404,-0.516648325139503
unmodified_null,,10000->20000,68,10000,20000,0.5902463094178046,0.3371323157857566,0.8080021925222436
unmodified_null,,10000->20000,69,10000,20000,0.3974123370047614,0.3553772714651312,0.16128524414276585
unmodified_null,,10000->20000,70,10000,20000,0.5534135462914376,0.2849088173517196,0.9578576873916514
unmodified_null,,10000->20000,71,10000,20000,0.9873043178984583,0.36378743069488323,1.4403991397568066
unmodified_null,,10000->20000,72,10000,20000,0.44392444779565615,0.47044446071315493,-0.08371024976653124
unmodified_null,,10000->20000,73,10000,20000,0.5588672159544555,0.5152877272061455,0.1171273149708507
unmodified_null,,10000->20000,74,10000,20000,0.5469090792769381,0.28163190713013736,0.95749022103934
unmodified_null,,10000->20000,75,10000,20000,0.28986613349669477,0.36240710555177635,-0.32222445592689813
unmodified_null,,10000->20000,76,10000,20000,0.5321266735506719,0.8651952609807887,-0.70125604078258
unmodified_null,,10000->20000,77,10000,20000,0.43737878716358686,0.5697888897218888,-0.38154423942725657
unmodified_null,,10000->20000,78,10000,20000,0.4102883150363886,0.5437769067359471,-0.4063768168741367
unmodified_null,,10000->20000,79,10000,20000,0.41974212679642825,0.5068298375176633,-0.2719981952631841
unmodified_null,,10000->20000,80,10000,20000,0.49579519706263675,0.3641411931617801,0.44524634195305085
unmodified_null,,10000->20000,81,10000,20000,0.34319164202569785,0.35373674128564014,-0.04366165569724657
unmodified_null,,10000->20000,82,10000,20000,0.39449909099062563,0.35250460383616544,0.16237987622039265
unmodified_null,,10000->20000,83,10000,20000,0.38569825743778635,0.2842789354002904,0.4401654263139062
unmodified_null,,10000->20000,84,10000,20000,0.4104185409823226,0.2880929414511335,0.5105615937659582
unmodified_null,,10000->20000,85,10000,20000,0.3660079674848652,0.6545357460907022,-0.8385969297545538
unmodified_null,,10000->20000,86,10000,20000,0.49661392145852007,0.3760448022571186,0.4012201489025265
unmodified_null,,10000->20000,87,10000,20000,0.3910354525888042,0.3739719294888738,0.0643694282451376
unmodified_null,,10000->20000,88,10000,20000,0.403268324993089,0.27077582397610356,0.5746411579737015
unmodified_null,,10000->20000,89,10000,20000,0.609576740451025,0.3744648770985949,0.702977447563523
unmodified_null,,10000->20000,90,10000,20000,0.6389804453330514,0.3706569779645409,0.7856871094400347
unmodified_null,,10000->20000,91,10000,20000,0.3899340910799438,0.8196418722190515,-1.0717633958368575
unmodified_null,,10000->20000,92,10000,20000,1.061923744701445,0.2771445619234259,1.9379695671601378
unmodified_null,,10000->20000,93,10000,20000,0.4221203248092807,0.8610700128887094,-1.028476250966413
unmodified_null,,10000->20000,94,10000,20000,0.6567361322185418,0.5874974792649595,0.16073116980318428
unmodified_null,,10000->20000,95,10000,20000,0.2699435989835786,0.26099960964370356,0.0486103583268606
unmodified_null,,10000->20000,96,10000,20000,0.6910046972502563,0.31654769709369,1.1262726177771845
unmodified_null,,10000->20000,97,10000,20000,0.6363684835460276,0.35833656932900537,0.8285471048278056
unmodified_null,,10000->20000,98,10000,20000,0.3084549458831389,0.24485663484080863,0.33312249011968864
unmodified_null,,10000->20000,99,10000,20000,0.3371784569500155,0.39597695124529686,-0.2319040949809718
unmodified_null,,10000->20000,100,10000,20000,0.32474554838943126,0.544702522936123,-0.746158800072298
unmodified_null,,10000->20000,101,10000,20000,0.9998766862531302,0.3124718867816737,1.6780237840121366
unmodified_null,,10000->20000,102,10000,20000,0.8721215089983275,0.3797285211305836,1.1995607908069512
unmodified_null,,10000->20000,103,10000,20000,0.4432447499451348,0.27264163685933157,0.7010976408711658
unmodified_null,,10000->20000,104,10000,20000,0.36981977187037024,0.31361195694028243,0.23784179289463295
unmodified_null,,10000->20000,105,10000,20000,0.4503411477719295,0.2532278672594017,0.8305821236433114
unmodified_null,,10000->20000,106,10000,20000,0.6255491055060434,0.37151921709892244,0.7516863030360499
unmodified_null,,10000->20000,107,10000,20000,0.31217988460130514,0.4250737649622828,-0.4453356404851062
unmodified_null,,10000->20000,108,10000,20000,0.6381439336096597,0.3428756884344519,0.8961962473581655
unmodified_null,,10000->20000,109,10000,20000,0.3298891138119613,0.33069894552994206,-0.0035372749242447185
unmodified_null,,10000->20000,110,10000,20000,1.1447231168590584,0.5576964203102794,1.0374467686904405
unmodified_null,,10000->20000,111,10000,20000,0.4556277644517516,0.37097955273798355,0.2965159907128011
unmodified_null,,10000->20000,112,10000,20000,0.6916199227720585,0.3613203886040707,0.9367007622548644
unmodified_null,,10000->20000,113,10000,20000,0.6898048030785667,0.42156713154934905,0.7104257859277194
unmodified_null,,10000->20000,114,10000,20000,0.3756071341830106,0.48308362050420595,-0.36304847197269696
unmodified_null,,10000->20000,115,10000,20000,1.3297283636498907,0.39415846984920444,1.7542838814459323
unmodified_null,,10000->20000,116,10000,20000,0.7633262561832375,0.3645430327103795,1.0662106882151523
unmodified_null,,10000->20000,117,10000,20000,0.4451398848012778,1.181669531397821,-1.408495946248031
unmodified_null,,10000->20000,118,10000,20000,0.3590715694969922,0.2901044407684709,0.30769904834752804
unmodified_null,,10000->20000,119,10000,20000,0.2957752145551327,0.4136856677412522,-0.48403381367004045
unmodified_null,,10000->20000,120,10000,20000,0.9814781438724665,0.4095793430286964,1.2608131858528746
unmodified_null,,10000->20000,121,10000,20000,0.28919959144877727,0.3562652405670139,-0.30088621791565584
unmodified_null,,10000->20000,122,10000,20000,0.6828764285899105,0.4356781294939387,0.6483618425159656
unmodified_null,,10000->20000,123,10000,20000,0.37841449380446907,0.4197895170285549,-0.1496987931680843
unmodified_null,,10000->20000,124,10000,20000,0.43973032483156754,0.5756057615981583,-0.3884620053824219
unmodified_null,,10000->20000,125,10000,20000,0.4414197075662376,0.41878766374864884,0.07593209608144622
unmodified_null,,10000->20000,126,10000,20000,0.7354799797669543,0.3048981390602783,1.2703587260234974
unmodified_null,,10000->20000,127,10000,20000,0.4136484640259549,0.3448504540495649,0.26243435878413174
unmodified_null,,10000->20000,128,10000,20000,0.8163482001666144,0.39739615929675337,1.0386067123039135
unmodified_null,,10000->20000,129,10000,20000,0.4503074943288615,0.3463928334648701,0.37850140581031716
unmodified_null,,10000->20000,130,10000,20000,1.2060409255582678,0.23610870473008685,2.3527557280289044
unmodified_null,,10000->20000,131,10000,20000,0.6411508443546401,0.344634320579885,0.8955974412120536
unmodified_null,,10000->20000,132,10000,20000,0.37577574973813005,0.3801920439030767,-0.016856374640212904
unmodified_null,,10000->20000,133,10000,20000,0.6230828104187093,0.2631412019485493,1.2435867569075498
unmodified_null,,10000->20000,134,10000,20000,0.9010013974432601,0.2821529434000724,1.6750519438886309
unmodified_null,,10000->20000,135,10000,20000,0.42950933867738866,0.42653834709291666,0.010014049698518298
unmodified_null,,10000->20000,136,10000,20000,0.6229033493316382,0.32736957691710417,0.9280880741475821
unmodified_null,,10000->20000,137,10000,20000,0.4050968840358291,0.4943480115089381,-0.2872600410766546
unmodified_null,,10000->20000,138,10000,20000,0.7067164172045313,1.2990949029457024,-0.8783034993383559
unmodified_null,,10000->20000,139,10000,20000,0.5421237231933782,0.39624837455970874,0.45221712304359
unmodified_null,,10000->20000,140,10000,20000,0.36864616766564934,0.29176895160028365,0.3374103912386109
unmodified_null,,10000->20000,141,10000,20000,0.437728627691322,0.2923710530684181,0.5822362593968912
unmodified_null,,10000->20000,142,10000,20000,0.43607967017844584,0.3842709777704397,0.18246771389141211
unmodified_null,,10000->20000,143,10000,20000,0.37044327264297533,1.275222597282826,-1.783424560309846
unmodified_null,,10000->20000,144,10000,20000,0.7129930645309702,0.39082396448613976,0.8673691102873698
unmodified_null,,10000->20000,145,10000,20000,0.5855545341988786,0.3239651887482517,0.8539647403342557
unmodified_null,,10000->20000,146,10000,20000,0.32514808590506294,0.3317936942967622,-0.02918953740375848
unmodified_null,,10000->20000,147,10000,20000,0.38371136679329454,0.5920538668101201,-0.6257069395352647
unmodified_null,,10000->20000,148,10000,20000,0.4392006954417477,0.46696531033384864,-0.08843504102190412
unmodified_null,,10000->20000,149,10000,20000,0.57385978180161,0.2968960478587132,0.9507403796169304
unmodified_null,,10000->20000,150,10000,20000,0.5099098293468362,0.3112018761831202,0.7123913904304965
unmodified_null,,10000->20000,151,10000,20000,0.6205815949043341,0.3242344755121686,0.9365834110508701
unmodified_null,,10000->20000,152,10000,20000,0.40664485407361317,0.3560090674323731,0.19185537066744843
unmodified_null,,10000->20000,153,10000,20000,0.46793707792873573,0.34270880892594163,0.4493312729407217
unmodified_null,,10000->20000,154,10000,20000,0.4957575249760591,0.249243063192595,0.9920813180971285
unmodified_null,,10000->20000,155,10000,20000,0.3405375763023723,0.38290406491417683,-0.16916897607286777
unmodified_null,,10000->20000,156,10000,20000,0.5362587636031704,0.3060733585597517,0.8090518451838653
unmodified_null,,10000->20000,157,10000,20000,0.4786003100021749,0.4003858440272903,0.2574303639496943
unmodified_null,,10000->20000,158,10000,20000,0.6346410427856765,0.5555674214103181,0.1919788227488664
unmodified_null,,10000->20000,159,10000,20000,0.6294146050896184,0.3632350429909932,0.7931072627602931
unmodified_null,,10000->20000,160,10000,20000,0.4612013061400441,0.5447997425947061,-0.24032942294610332
unmodified_null,,10000->20000,161,10000,20000,0.7801760010153583,0.3463195767104931,1.1716956779918377
unmodified_null,,10000->20000,162,10000,20000,0.7284603554581476,0.33402012204912374,1.12491544334672
unmodified_null,,10000->20000,163,10000,20000,1.0453319124896232,0.45840188301922785,1.1892762222731221
unmodified_null,,10000->20000,164,10000,20000,0.36323998884884484,0.36299085735012365,0.00098982518771963
unmodified_null,,10000->20000,165,10000,20000,0.4031160958364684,0.4493368791529449,-0.15660208632267456
unmodified_null,,10000->20000,166,10000,20000,0.7445731605452002,0.6849133175985878,0.12049220001326831
unmodified_null,,10000->20000,167,10000,20000,0.4115187896287291,0.27816029771059336,0.5650417882144659
unmodified_null,,10000->20000,168,10000,20000,0.7455947495134916,0.43460593514483603,0.7786838239045969
unmodified_null,,10000->20000,169,10000,20000,0.30569962546016455,1.1937827693987892,-1.9653536459810326
unmodified_null,,10000->20000,170,10000,20000,0.40614268899041656,0.36972050132419815,0.13555163009500346
unmodified_null,,10000->20000,171,10000,20000,0.38599887809674566,0.6908808778745028,-0.8398403273330989
unmodified_null,,10000->20000,172,10000,20000,0.48019449482794524,0.3496327329609352,0.4577786062465353
unmodified_null,,10000->20000,173,10000,20000,1.3980740463738328,1.2873008204038914,0.11909154602024992
unmodified_null,,10000->20000,174,10000,20000,0.5609145873022636,0.4278626709756226,0.39063328660806856
unmodified_null,,10000->20000,175,10000,20000,0.9166451476067055,0.4359809063153193,1.0720983907677097
unmodified_null,,10000->20000,176,10000,20000,1.417354002080271,0.28109515055150647,2.3340696648905315
unmodified_null,,10000->20000,177,10000,20000,0.7423794692172746,0.7994996492143682,-0.10694058796939293
unmodified_null,,10000->20000,178,10000,20000,1.1067024986381675,0.612796865167187,0.8527866299675988
unmodified_null,,10000->20000,179,10000,20000,0.8102676968796483,0.7807031724282707,0.05362449332134899
unmodified_null,,10000->20000,180,10000,20000,0.5011788038693059,0.35259744890113603,0.5073033641279554
unmodified_null,,10000->20000,181,10000,20000,0.43986650862330845,0.29768635739277827,0.5632726527088673
unmodified_null,,10000->20000,182,10000,20000,0.42043073023485966,0.40711358232479666,0.046436768817336674
unmodified_null,,10000->20000,183,10000,20000,0.3699524694099834,0.37181175333747046,-0.007232447285142737
unmodified_null,,10000->20000,184,10000,20000,0.3198000548482223,0.3479793461784663,-0.12183149324125699
unmodified_null,,10000->20000,185,10000,20000,0.645799290776253,0.3530493864564916,0.8712158469760412
unmodified_null,,10000->20000,186,10000,20000,0.37090580289191905,0.41006823003297116,-0.14481113618333272
unmodified_null,,10000->20000,187,10000,20000,0.4156235456596739,0.5202671471548118,-0.3239752223499023
unmodified_null,,10000->20000,188,10000,20000,0.6243002550062555,0.3256356200556656,0.9389815358682287
unmodified_null,,10000->20000,189,10000,20000,0.375496288481394,0.5719977953357024,-0.6072109386246423
unmodified_null,,10000->20000,190,10000,20000,0.3776039784533589,0.4223004750428979,-0.1613959049349014
unmodified_null,,10000->20000,191,10000,20000,0.2742253388343811,0.4303506623723357,-0.6501508048758341
unmodified_null,,10000->20000,192,10000,20000,0.37558504183707797,0.37275532969162867,0.010910626479957577
unmodified_null,,10000->20000,193,10000,20000,0.3161383075470717,0.2861775578340149,0.1436453223274693
unmodified_null,,10000->20000,194,10000,20000,0.6352043611382348,0.3902762318516057,0.7027252135422158
unmodified_null,,10000->20000,195,10000,20000,0.4601779149348982,0.3721209984136523,0.3064199441645064
unmodified_null,,10000->20000,196,10000,20000,0.35225601407503987,0.5478388703750977,-0.6371272941563947
unmodified_null,,10000->20000,197,10000,20000,0.3556019975730037,0.33882423696666925,0.06972635040597543
unmodified_null,,10000->20000,198,10000,20000,0.4348441543766675,0.4492572506867567,-0.04704334791949251
unmodified_null,,10000->20000,199,10000,20000,0.3920273390809773,0.41685338232687225,-0.08858577319228314
unmodified_null,,20000->40000,0,20000,40000,0.4702894415053174,0.4435242479024355,0.08453596230712136
unmodified_null,,20000->40000,1,20000,40000,2.129826559810887,0.3601693885414277,2.5639884766158816
unmodified_null,,20000->40000,2,20000,40000,0.3727441074548013,0.3748562760862443,-0.008152011114422797
unmodified_null,,20000->40000,3,20000,40000,0.33250269206830346,0.27730554316190853,0.26188956604470015
unmodified_null,,20000->40000,4,20000,40000,0.30287637279592433,0.5608889161321683,-0.8889860350910763
unmodified_null,,20000->40000,5,20000,40000,0.3389822425297632,0.2581846863595184,0.39280626725807644
unmodified_null,,20000->40000,6,20000,40000,0.36078847183442486,0.4453887368869861,-0.30391183398872357
unmodified_null,,20000->40000,7,20000,40000,0.42874922557711115,0.30970838879698,0.46922360489271864
unmodified_null,,20000->40000,8,20000,40000,0.3147770191568955,0.21444268983939518,0.5537380816116491
unmodified_null,,20000->40000,9,20000,40000,0.2844771034911588,0.48128776701197085,-0.7585872144766359
unmodified_null,,20000->40000,10,20000,40000,0.4362945433469016,0.2509821429088845,0.7977177085812178
unmodified_null,,20000->40000,11,20000,40000,0.2998296246445385,0.2936059384227606,0.03026178753250935
unmodified_null,,20000->40000,12,20000,40000,0.4491797363851922,0.34198932967943735,0.393341532987106
unmodified_null,,20000->40000,13,20000,40000,0.37748014836432725,0.3469401547111742,0.12171394805359097
unmodified_null,,20000->40000,14,20000,40000,0.2764454527366218,0.2904950495152633,-0.07151873715450441
unmodified_null,,20000->40000,15,20000,40000,0.601147010647038,0.34938139449419237,0.7829150626244628
unmodified_null,,20000->40000,16,20000,40000,0.5095445498932446,0.27757555116958693,0.8763277868446215
unmodified_null,,20000->40000,17,20000,40000,0.3834113065163302,0.18096974833441948,1.083144331162703
unmodified_null,,20000->40000,18,20000,40000,0.3701755971222548,0.2612714055215174,0.502660552784595
unmodified_null,,20000->40000,19,20000,40000,0.33783893034493995,0.24664581358096935,0.4538947843486548
unmodified_null,,20000->40000,20,20000,40000,0.4284741462657746,0.24467504642836177,0.8083411826938227
unmodified_null,,20000->40000,21,20000,40000,0.3511417693023905,0.46074626913903577,-0.39191886471563153
unmodified_null,,20000->40000,22,20000,40000,0.5098700602165513,0.254527760606425,1.002306609340256
unmodified_null,,20000->40000,23,20000,40000,0.2858716361543519,0.2431395526608438,0.2335828820914084
unmodified_null,,20000->40000,24,20000,40000,0.33465305023270303,0.42231824535637724,-0.3356644130700518
unmodified_null,,20000->40000,25,20000,40000,0.32481268078738273,0.251884051370316,0.3668481795399527
unmodified_null,,20000->40000,26,20000,40000,0.44378007526642615,0.29052707647120357,0.6111722693717265
unmodified_null,,20000->40000,27,20000,40000,0.45025753755194486,0.4749648730945258,-0.07707039238922155
unmodified_null,,20000->40000,28,20000,40000,0.3935003030399391,0.30168972771778124,0.38329917200762487
unmodified_null,,20000->40000,29,20000,40000,0.8044249559520382,0.19823705027793792,2.0207312137839755
unmodified_null,,20000->40000,30,20000,40000,1.7450684325820953,0.22706683742207287,2.9420946882794086
unmodified_null,,20000->40000,31,20000,40000,0.33013123743274003,0.34873670704451487,-0.07909857148982341
unmodified_null,,20000->40000,32,20000,40000,0.2432743788884886,0.331557425588695,-0.44667437920199154
unmodified_null,,20000->40000,33,20000,40000,0.40284276639146627,0.25490586806786686,0.6602522647964136
unmodified_null,,20000->40000,34,20000,40000,0.38587268808939795,0.2766748255032844,0.4799335542721307
unmodified_null,,20000->40000,35,20000,40000,0.5592963877767458,0.2807643813120899,0.9942530904497019
unmodified_null,,20000->40000,36,20000,40000,0.2758039510390587,0.19702156013081512,0.4852896114887358
unmodified_null,,20000->40000,37,20000,40000,0.5772980651118567,0.30244191069563636,0.9326583160162878
unmodified_null,,20000->40000,38,20000,40000,0.32642889696139804,0.2951040075164763,0.14554526412713628
unmodified_null,,20000->40000,39,20000,40000,0.3633213911442883,0.21487180664753006,0.7577701102821399
unmodified_null,,20000->40000,40,20000,40000,0.6024220019565589,0.1955981853366414,1.622881476059098
unmodified_null,,20000->40000,41,20000,40000,0.3005613970317481,0.4580657679283348,-0.6078950248494399
unmodified_null,,20000->40000,42,20000,40000,0.3509027963366379,0.27024174233258597,0.3768209098051449
unmodified_null,,20000->40000,43,20000,40000,0.29923407777567235,0.2719796534329896,0.13777575478798307
unmodified_null,,20000->40000,44,20000,40000,0.3819483435295238,0.2110330780022108,0.8559083853571039
unmodified_null,,20000->40000,45,20000,40000,0.3704556967377806,0.40538976428823276,-0.13000864343196747
unmodified_null,,20000->40000,46,20000,40000,0.371319099633922,0.22713971049735562,0.7090795730478731
unmodified_null,,20000->40000,47,20000,40000,0.2624358442729032,0.24414870567992467,0.10420465126908955
unmodified_null,,20000->40000,48,20000,40000,0.3203464010496758,0.3585181607699304,-0.16241341807459345
unmodified_null,,20000->40000,49,20000,40000,0.33378623019867915,0.25077271090540043,0.4125440773598298
unmodified_null,,20000->40000,50,20000,40000,0.33582095876235674,0.42211621036243036,-0.32994796116865527
unmodified_null,,20000->40000,51,20000,40000,0.39299611634627746,0.44330968519397423,-0.1737998264813461
unmodified_null,,20000->40000,52,20000,40000,0.5523591386609259,0.32844573109678354,0.7499515841347245
unmodified_null,,20000->40000,53,20000,40000,0.3985377205216773,0.35384429341400675,0.1716016253012025
unmodified_null,,20000->40000,54,20000,40000,0.39938635946054285,0.26784920824773273,0.5763640286751465
unmodified_null,,20000->40000,55,20000,40000,0.3752337878116449,0.24942766404049374,0.5891682572817623
unmodified_null,,20000->40000,56,20000,40000,0.3342634569611926,0.2620481352437803,0.3511537996192905
unmodified_null,,20000->40000,57,20000,40000,0.4056186516675286,0.19413537950725274,1.0630609328814773
unmodified_null,,20000->40000,58,20000,40000,0.373815770206795,0.35678680004769325,0.06726519228372421
unmodified_null,,20000->40000,59,20000,40000,0.46288763343336026,0.30071242181853525,0.6222775559742898
unmodified_null,,20000->40000,60,20000,40000,0.35750519550171045,0.3416062614483361,0.06562978926122269
unmodified_null,,20000->40000,61,20000,40000,0.3323917824293842,0.25253085301736367,0.3964250552124924
unmodified_null,,20000->40000,62,20000,40000,0.609577500502514,0.6635598411724474,-0.12241692266851019
unmodified_null,,20000->40000,63,20000,40000,1.6341734371291796,0.5258854741865915,1.6357405539719996
unmodified_null,,20000->40000,64,20000,40000,0.37861260927457047,0.3084052320823144,0.29589521848212247
unmodified_null,,20000->40000,65,20000,40000,0.6168582172061927,0.4622050532451734,0.4164058961139056
unmodified_null,,20000->40000,66,20000,40000,0.2769749538238271,0.30213869734657245,-0.12545545077752912
unmodified_null,,20000->40000,67,20000,40000,0.49628765245141404,0.199592612749832,1.3141182359332517
unmodified_null,,20000->40000,68,20000,40000,0.3371323157857566,0.28793039888040217,0.2275948107242846
unmodified_null,,20000->40000,69,20000,40000,0.3553772714651312,0.5859451718821655,-0.7214142597572115
unmodified_null,,20000->40000,70,20000,40000,0.2849088173517196,0.3625333607154308,-0.3476134887614993
unmodified_null,,20000->40000,71,20000,40000,0.36378743069488323,0.29564395023198753,0.2992349414473005
unmodified_null,,20000->40000,72,20000,40000,0.47044446071315493,0.2966033148047211,0.6654896914038164
unmodified_null,,20000->40000,73,20000,40000,0.5152877272061455,0.324842905977165,0.6656360322168496
unmodified_null,,20000->40000,74,20000,40000,0.28163190713013736,0.4687821274193729,-0.7351067757121005
unmodified_null,,20000->40000,75,20000,40000,0.36240710555177635,0.3732773000030787,-0.04263653521262931
unmodified_null,,20000->40000,76,20000,40000,0.8651952609807887,0.3010411145248793,1.5230652273818506
unmodified_null,,20000->40000,77,20000,40000,0.5697888897218888,0.28651618975786763,0.991810829337956
unmodified_null,,20000->40000,78,20000,40000,0.5437769067359471,0.2938456720995779,0.8879562341257535
unmodified_null,,20000->40000,79,20000,40000,0.5068298375176633,0.39316317863694794,0.3663732460746921
unmodified_null,,20000->40000,80,20000,40000,0.3641411931617801,0.4588046830294243,-0.33338216338888504
unmodified_null,,20000->40000,81,20000,40000,0.35373674128564014,0.2406558315002953,0.5557046913686481
unmodified_null,,20000->40000,82,20000,40000,0.35250460383616544,0.2725533626361401,0.3711033800467067
unmodified_null,,20000->40000,83,20000,40000,0.2842789354002904,0.25309911339583413,0.16760474794722746
unmodified_null,,20000->40000,84,20000,40000,0.2880929414511335,0.333106639932519,-0.20944979850842713
unmodified_null,,20000->40000,85,20000,40000,0.6545357460907022,0.47593116833826843,0.4597190455757088
unmodified_null,,20000->40000,86,20000,40000,0.3760448022571186,0.4423742044309865,-0.2343627061975881
unmodified_null,,20000->40000,87,20000,40000,0.3739719294888738,0.17003352180878648,1.137110785614861
unmodified_null,,20000->40000,88,20000,40000,0.27077582397610356,0.2547836770477657,0.0878260817171807
unmodified_null,,20000->40000,89,20000,40000,0.3744648770985949,0.31455830875537744,0.2515029375088415
unmodified_null,,20000->40000,90,20000,40000,0.3706569779645409,0.21923920854493684,0.7575788400585105
unmodified_null,,20000->40000,91,20000,40000,0.8196418722190515,0.2573255754956757,1.6713988346056727
unmodified_null,,20000->40000,92,20000,40000,0.2771445619234259,0.31252122362334117,-0.17331546831757474
unmodified_null,,20000->40000,93,20000,40000,0.8610700128887094,0.2806787736712534,1.617210582547461
unmodified_null,,20000->40000,94,20000,40000,0.5874974792649595,0.28031046873446497,1.0675570360163238
unmodified_null,,20000->40000,95,20000,40000,0.26099960964370356,0.28326310731479465,-0.11809506573916694
unmodified_null,,20000->40000,96,20000,40000,0.31654769709369,0.24910764502996668,0.34565360180922095
unmodified_null,,20000->40000,97,20000,40000,0.35833656932900537,0.31966984967185585,0.16473260270223042
unmodified_null,,20000->40000,98,20000,40000,0.24485663484080863,0.24242352867519174,0.014407561133041301
unmodified_null,,20000->40000,99,20000,40000,0.39597695124529686,0.621907042520349,-0.6512824970983618
unmodified_null,,20000->40000,100,20000,40000,0.544702522936123,0.4143839606157648,0.39450038710361696
unmodified_null,,20000->40000,101,20000,40000,0.3124718867816737,0.26011289705173263,0.2645884622707595
unmodified_null,,20000->40000,102,20000,40000,0.3797285211305836,0.30612944755996807,0.3108265338526689
unmodified_null,,20000->40000,103,20000,40000,0.27264163685933157,0.2365322087775364,0.20496925235077532
unmodified_null,,20000->40000,104,20000,40000,0.31361195694028243,1.051298539730429,-1.7451199424092094
unmodified_null,,20000->40000,105,20000,40000,0.2532278672594017,0.5420213553069223,-1.0979135145639995
unmodified_null,,20000->40000,106,20000,40000,0.37151921709892244,0.2645136996126778,0.4900943932385033
unmodified_null,,20000->40000,107,20000,40000,0.4250737649622828,0.1904450339047696,1.1583385520418106
unmodified_null,,20000->40000,108,20000,40000,0.3428756884344519,0.7599010078152558,-1.1481258773846386
unmodified_null,,20000->40000,109,20000,40000,0.33069894552994206,0.23649506502314296,0.4837083663922264
unmodified_null,,20000->40000,110,20000,40000,0.5576964203102794,0.41600435660689516,0.42288137369831735
unmodified_null,,20000->40000,111,20000,40000,0.37097955273798355,0.5283196241219836,-0.5100713268603158
unmodified_null,,20000->40000,112,20000,40000,0.3613203886040707,0.5065331707773165,-0.48737808276221595
unmodified_null,,20000->40000,113,20000,40000,0.42156713154934905,0.4089956939839476,0.043676734156344654
unmodified_null,,20000->40000,114,20000,40000,0.48308362050420595,0.1877208056667852,1.3636843800927294
unmodified_null,,20000->40000,115,20000,40000,0.39415846984920444,0.2898944133187097,0.4432482452666145
unmodified_null,,20000->40000,116,20000,40000,0.3645430327103795,0.23840087813728925,0.6126995785412298
unmodified_null,,20000->40000,117,20000,40000,1.181669531397821,0.2915374148535785,2.019073673620387
unmodified_null,,20000->40000,118,20000,40000,0.2901044407684709,0.19981842688039425,0.5378827478383117
unmodified_null,,20000->40000,119,20000,40000,0.4136856677412522,0.4978476854858101,-0.26716944714998614
unmodified_null,,20000->40000,120,20000,40000,0.4095793430286964,0.2577732632698828,0.6680403230191981
unmodified_null,,20000->40000,121,20000,40000,0.3562652405670139,0.2352761999156705,0.598596344406651
unmodified_null,,20000->40000,122,20000,40000,0.4356781294939387,0.21685947659626575,1.00650220428635
unmodified_null,,20000->40000,123,20000,40000,0.4197895170285549,0.43252803781409777,-0.0431275156231816
unmodified_null,,20000->40000,124,20000,40000,0.5756057615981583,0.24147343620246228,1.2532165419259016
unmodified_null,,20000->40000,125,20000,40000,0.41878766374864884,0.38008190022659866,0.13990862068672216
unmodified_null,,20000->40000,126,20000,40000,0.3048981390602783,0.21487649487934254,0.5048196684567522
unmodified_null,,20000->40000,127,20000,40000,0.3448504540495649,0.30411369729381765,0.18136006943430763
unmodified_null,,20000->40000,128,20000,40000,0.39739615929675337,0.22845435715535492,0.7986719711266613
unmodified_null,,20000->40000,129,20000,40000,0.3463928334648701,0.3384844414794958,0.03331956090590053
unmodified_null,,20000->40000,130,20000,40000,0.23610870473008685,0.4824509476038763,-1.0309310351628789
unmodified_null,,20000->40000,131,20000,40000,0.344634320579885,0.21478727358130198,0.6821578658763556
unmodified_null,,20000->40000,132,20000,40000,0.3801920439030767,0.1949632528227106,0.9635261150021117
unmodified_null,,20000->40000,133,20000,40000,0.2631412019485493,0.29078586089905767,-0.14411996217274278
unmodified_null,,20000->40000,134,20000,40000,0.2821529434000724,0.3490894477180518,-0.3071193479827059
unmodified_null,,20000->40000,135,20000,40000,0.42653834709291666,0.2667478842601723,0.6771986218376735
unmodified_null,,20000->40000,136,20000,40000,0.32736957691710417,0.2975767017606566,0.13765867800171352
unmodified_null,,20000->40000,137,20000,40000,0.4943480115089381,0.2147780993825282,1.202680137818995
unmodified_null,,20000->40000,138,20000,40000,1.2990949029457024,1.6971613482722085,-0.38561689966902407
unmodified_null,,20000->40000,139,20000,40000,0.39624837455970874,0.27124866697579914,0.5467889696265199
unmodified_null,,20000->40000,140,20000,40000,0.29176895160028365,0.40288735842646617,-0.4655501701343395
unmodified_null,,20000->40000,141,20000,40000,0.2923710530684181,0.21134553105553686,0.46819687409955957
unmodified_null,,20000->40000,142,20000,40000,0.3842709777704397,0.30496717853964167,0.33347003638942546
unmodified_null,,20000->40000,143,20000,40000,1.275222597282826,0.35005164844967585,1.8651093939650298
unmodified_null,,20000->40000,144,20000,40000,0.39082396448613976,0.23471912628383718,0.7355835271199256
unmodified_null,,20000->40000,145,20000,40000,0.3239651887482517,0.3271425794314504,-0.014080747901544472
unmodified_null,,20000->40000,146,20000,40000,0.3317936942967622,0.4258574062942359,-0.3600839723247749
unmodified_null,,20000->40000,147,20000,40000,0.5920538668101201,0.1901639690666174,1.6384845221163777
unmodified_null,,20000->40000,148,20000,40000,0.46696531033384864,0.21284524901504953,1.1335104921328314
unmodified_null,,20000->40000,149,20000,40000,0.2968960478587132,0.4726972617055058,-0.6709586183417808
unmodified_null,,20000->40000,150,20000,40000,0.3112018761831202,0.5082043645278184,-0.707558007391547
unmodified_null,,20000->40000,151,20000,40000,0.3242344755121686,0.17300274638251548,0.9062425587373957
unmodified_null,,20000->40000,152,20000,40000,0.3560090674323731,0.31331357816596556,0.18430669304361574
unmodified_null,,20000->40000,153,20000,40000,0.34270880892594163,0.40972812604799735,-0.2576836558278228
unmodified_null,,20000->40000,154,20000,40000,0.249243063192595,0.24209244251322673,0.041995309910153426
unmodified_null,,20000->40000,155,20000,40000,0.38290406491417683,0.3779491634239062,0.01879078013773528
unmodified_null,,20000->40000,156,20000,40000,0.3060733585597517,0.3500061267297109,-0.19350270181827783
unmodified_null,,20000->40000,157,20000,40000,0.4003858440272903,0.2757549281933802,0.5380042980225785
unmodified_null,,20000->40000,158,20000,40000,0.5555674214103181,0.2862245892533859,0.95681438405894
unmodified_null,,20000->40000,159,20000,40000,0.3632350429909932,1.2281693450307978,-1.7575342011141863
unmodified_null,,20000->40000,160,20000,40000,0.5447997425947061,0.481237952630588,0.17897559716614317
unmodified_null,,20000->40000,161,20000,40000,0.3463195767104931,0.25459118126742986,0.44392149544601933
unmodified_null,,20000->40000,162,20000,40000,0.33402012204912374,0.33205723157803735,0.008503098118465061
unmodified_null,,20000->40000,163,20000,40000,0.45840188301922785,0.49184496864998556,-0.10159067401742862
unmodified_null,,20000->40000,164,20000,40000,0.36299085735012365,0.25665462458218913,0.5001049552529652
unmodified_null,,20000->40000,165,20000,40000,0.4493368791529449,0.1727823942446898,1.378841254565304
unmodified_null,,20000->40000,166,20000,40000,0.6849133175985878,0.2912315167297689,1.2337549218887212
unmodified_null,,20000->40000,167,20000,40000,0.27816029771059336,0.33514562193382147,-0.2688715715159911
unmodified_null,,20000->40000,168,20000,40000,0.43460593514483603,0.24804022974534776,0.8091337457659497
unmodified_null,,20000->40000,169,20000,40000,1.1937827693987892,0.520235571099822,1.1983033837263284
unmodified_null,,20000->40000,170,20000,40000,0.36972050132419815,0.24155553666983837,0.6140801234263265
unmodified_null,,20000->40000,171,20000,40000,0.6908808778745028,0.47887633180035905,0.5287838487226394
unmodified_null,,20000->40000,172,20000,40000,0.3496327329609352,0.2162337175654631,0.6932487560274264
unmodified_null,,20000->40000,173,20000,40000,1.2873008204038914,0.7335429954027716,0.8113957916976853
unmodified_null,,20000->40000,174,20000,40000,0.4278626709756226,0.23764182856628369,0.8483590213328205
unmodified_null,,20000->40000,175,20000,40000,0.4359809063153193,0.35679335753493274,0.2891761972040856
unmodified_null,,20000->40000,176,20000,40000,0.28109515055150647,0.24804170498098727,0.18047585320260287
unmodified_null,,20000->40000,177,20000,40000,0.7994996492143682,0.21957586392088815,1.8643779206666702
unmodified_null,,20000->40000,178,20000,40000,0.612796865167187,0.41876012452493366,0.5492848455359057
unmodified_null,,20000->40000,179,20000,40000,0.7807031724282707,0.3339176817490131,1.2252816425367938
unmodified_null,,20000->40000,180,20000,40000,0.35259744890113603,0.36936153633999735,-0.06701160176019495
unmodified_null,,20000->40000,181,20000,40000,0.29768635739277827,0.25896627155306134,0.20102889635661886
unmodified_null,,20000->40000,182,20000,40000,0.40711358232479666,0.25893099867433556,0.6528636621945811
unmodified_null,,20000->40000,183,20000,40000,0.37181175333747046,0.33411301347418937,0.15423620024023135
unmodified_null,,20000->40000,184,20000,40000,0.3479793461784663,0.9086821812319922,-1.3847741091662813
unmodified_null,,20000->40000,185,20000,40000,0.3530493864564916,0.23009930948062468,0.6176133554985381
unmodified_null,,20000->40000,186,20000,40000,0.41006823003297116,0.307019970794884,0.4175314734933392
unmodified_null,,20000->40000,187,20000,40000,0.5202671471548118,0.2739471641892539,0.9253549401970439
unmodified_null,,20000->40000,188,20000,40000,0.3256356200556656,0.32928180949121333,-0.016064296139581987
unmodified_null,,20000->40000,189,20000,40000,0.5719977953357024,0.22887223278815452,1.3214671433803715
unmodified_null,,20000->40000,190,20000,40000,0.4223004750428979,0.20799303220296658,1.0217346713370725
unmodified_null,,20000->40000,191,20000,40000,0.4303506623723357,0.34948686541640034,0.30027445278710263
unmodified_null,,20000->40000,192,20000,40000,0.37275532969162867,0.3165898450254457,0.23561400029408736
unmodified_null,,20000->40000,193,20000,40000,0.2861775578340149,0.221365262697116,0.37048169190557223
unmodified_null,,20000->40000,194,20000,40000,0.3902762318516057,0.3554372636241415,0.134900664374835
unmodified_null,,20000->40000,195,20000,40000,0.3721209984136523,0.3408251238918036,0.12674011497848386
unmodified_null,,20000->40000,196,20000,40000,0.5478388703750977,0.501167373611129,0.1284591349284778
unmodified_null,,20000->40000,197,20000,40000,0.33882423696666925,0.3016104658319801,0.16785058728953647
unmodified_null,,20000->40000,198,20000,40000,0.4492572506867567,0.33911505487112753,0.40576695434809984
unmodified_null,,20000->40000,199,20000,40000,0.41685338232687225,0.3276249258910894,0.3474949190449307
planted,1.25,10000->20000,0,10000,20000,0.34442693964813026,0.5288624883750495,-0.6186946614855514
planted,1.25,10000->20000,1,10000,20000,2.4770957885299603,2.1499041646229404,0.2043773073993628
planted,1.25,10000->20000,2,10000,20000,0.6846922434882406,0.3968956934599819,0.7866957606276459
planted,1.25,10000->20000,3,10000,20000,0.4089074225021812,0.33322222147886993,0.29528963852068724
planted,1.25,10000->20000,4,10000,20000,0.4528955416483219,0.30580822715623174,0.5665511173814571
planted,1.25,10000->20000,5,10000,20000,0.3346378080830036,0.3774553048748989,-0.17370536927247288
planted,1.25,10000->20000,6,10000,20000,0.8433704131330867,0.36091228107529755,1.2245181744055698
planted,1.25,10000->20000,7,10000,20000,0.5340361649151337,0.4930817704103527,0.11511052814559011
planted,1.25,10000->20000,8,10000,20000,0.3305480894458243,0.3846574011921389,-0.21871389151033954
planted,1.25,10000->20000,9,10000,20000,0.4202556899259854,0.2900132743192228,0.535148416579541
planted,1.25,10000->20000,10,10000,20000,0.4139486269789356,0.5472463008619797,-0.40273856405054487
planted,1.25,10000->20000,11,10000,20000,0.3163918916926249,0.3489756642003304,-0.14141380594444922
planted,1.25,10000->20000,12,10000,20000,0.549992884990308,0.49105567437630515,0.1635263531407397
planted,1.25,10000->20000,13,10000,20000,0.6266847582516072,0.4709618436876897,0.41212972489161437
planted,1.25,10000->20000,14,10000,20000,1.1257188214195633,0.28174270135136964,1.9983963780431928
planted,1.25,10000->20000,15,10000,20000,0.9685697755875036,0.647880870586091,0.5801274228210401
planted,1.25,10000->20000,16,10000,20000,0.7560501589106474,0.5400939299766749,0.48527161668507646
planted,1.25,10000->20000,17,10000,20000,0.38544881793863023,0.4613563184420872,-0.25934211135362706
planted,1.25,10000->20000,18,10000,20000,0.49362654704633174,0.4349597039049131,0.18253823301284905
planted,1.25,10000->20000,19,10000,20000,0.5421651753143186,0.37901848163095747,0.5164642495325625
planted,1.25,10000->20000,20,10000,20000,0.5982218107914409,0.4619074919572766,0.3730765648500323
planted,1.25,10000->20000,21,10000,20000,0.8397335242083254,0.3806773989164675,1.1413626660541953
planted,1.25,10000->20000,22,10000,20000,0.36445535114556954,0.558058502192558,-0.6146742870143787
planted,1.25,10000->20000,23,10000,20000,0.45507093379527785,0.32794069661562314,0.4726564940369321
planted,1.25,10000->20000,24,10000,20000,0.4949231741242097,0.42939421542356937,0.20490183998970507
planted,1.25,10000->20000,25,10000,20000,0.41563940856097975,0.3615789741335272,0.20102166157300613
planted,1.25,10000->20000,26,10000,20000,0.41713734473909586,0.5339712338728554,-0.3562395459859197
planted,1.25,10000->20000,27,10000,20000,1.3510110317580641,0.45380513130261135,1.5738946279459505
planted,1.25,10000->20000,28,10000,20000,0.34702530190464126,0.4285363141756485,-0.3043766087850145
planted,1.25,10000->20000,29,10000,20000,1.2896957356029324,0.8325625960264057,0.6314000958038445
planted,1.25,10000->20000,30,10000,20000,0.9061785123366571,2.288907143411528,-1.3367917500860362
planted,1.25,10000->20000,31,10000,20000,0.6155517538524041,0.3817667549638831,0.6891886841792031
planted,1.25,10000->20000,32,10000,20000,0.4151660326053157,0.2858270607414518,0.5385459020157176
planted,1.25,10000->20000,33,10000,20000,0.31302375319304354,0.4510806957434596,-0.5271134090254275
planted,1.25,10000->20000,34,10000,20000,0.31105883974267656,0.45539634916298716,-0.5499352199940277
planted,1.25,10000->20000,35,10000,20000,0.5807390961567701,0.6592870690861542,-0.18301662383710535
planted,1.25,10000->20000,36,10000,20000,0.4513574448891093,0.31441304107182094,0.5216093457944249
planted,1.25,10000->20000,37,10000,20000,0.8580759221506165,0.6619922070442256,0.37429106858291367
planted,1.25,10000->20000,38,10000,20000,0.3800472094450895,0.33050242870301383,0.20151776775054908
planted,1.25,10000->20000,39,10000,20000,0.4534839694384969,0.432816774771942,0.06729513760614803
planted,1.25,10000->20000,40,10000,20000,0.36593070326891286,0.648465915527078,-0.8254602764569771
planted,1.25,10000->20000,41,10000,20000,0.3836478689527477,0.3450899143959848,0.15281043103210304
planted,1.25,10000->20000,42,10000,20000,0.5918058758086477,0.43377785749564296,0.4481676090784152
planted,1.25,10000->20000,43,10000,20000,0.9051945671973478,0.37424492140365945,1.2742451871670424
planted,1.25,10000->20000,44,10000,20000,0.41250842576537483,0.48401741156643296,-0.23063535883856054
planted,1.25,10000->20000,45,10000,20000,0.4348065864931233,0.4318796623941273,0.009744414294086361
planted,1.25,10000->20000,46,10000,20000,0.39630804992240914,0.42380948364971505,-0.09679359944151006
planted,1.25,10000->20000,47,10000,20000,0.3281027651265105,0.26836228079312047,0.28996584217427357
planted,1.25,10000->20000,48,10000,20000,0.5898142549807428,0.39007748539196146,0.5964999598653838
planted,1.25,10000->20000,49,10000,20000,0.6188537488899878,0.3339563745623015,0.8899388509948862
planted,1.25,10000->20000,50,10000,20000,0.43947605559058855,0.3866314686306255,0.18482549785418562
planted,1.25,10000->20000,51,10000,20000,0.45149803215395407,0.4198017669495503,0.10501146079974825
planted,1.25,10000->20000,52,10000,20000,0.8855673813996591,0.6547782883026042,0.43559559901047623
planted,1.25,10000->20000,53,10000,20000,0.5181650082657089,0.4501943831017536,0.20286353650275954
planted,1.25,10000->20000,54,10000,20000,0.46434817408687834,0.49485551731364114,-0.09180040186146769
planted,1.25,10000->20000,55,10000,20000,0.6313953837255633,0.41392526548059055,0.6091734012626948
planted,1.25,10000->20000,56,10000,20000,0.6376359186216063,0.334728665903067,0.9297407923663361
planted,1.25,10000->20000,57,10000,20000,0.4353143361608932,0.4729958310866441,-0.11976993489486353
planted,1.25,10000->20000,58,10000,20000,0.4176081846045769,0.4089078514398083,0.03037422290737646
planted,1.25,10000->20000,59,10000,20000,0.5618855239816356,0.5395926584288516,0.05840551276423824
planted,1.25,10000->20000,60,10000,20000,0.3684299546639625,0.45901263633520534,-0.31714350826277615
planted,1.25,10000->20000,61,10000,20000,1.9226814208060468,0.3347173176797011,2.52210463420535
planted,1.25,10000->20000,62,10000,20000,0.494061472729544,0.6700809006134439,-0.43964472864750737
planted,1.25,10000->20000,63,10000,20000,0.6508720082806941,1.6469439055058648,-1.3393456426453374
planted,1.25,10000->20000,64,10000,20000,0.37344698445991736,0.45050527460514334,-0.27064054882176813
planted,1.25,10000->20000,65,10000,20000,0.34986022903615904,0.6436591206851453,-0.8795181719642459
planted,1.25,10000->20000,66,10000,20000,0.4017427992871579,0.28280192542194804,0.5064802231238276
planted,1.25,10000->20000,67,10000,20000,0.34690201868408443,0.5453494808332006,-0.6526528245435875
planted,1.25,10000->20000,68,10000,20000,0.5902463094178046,0.3797741705294695,0.6361753286426921
planted,1.25,10000->20000,69,10000,20000,0.3974123370047614,0.39654424578101183,0.0031548108039167384
planted,1.25,10000->20000,70,10000,20000,0.5534135462914376,0.31331310139399127,0.8207528600232114
planted,1.25,10000->20000,71,10000,20000,0.9873043178984583,0.4012663784788998,1.2989345568303388
planted,1.25,10000->20000,72,10000,20000,0.44392444779565615,0.49901970627034287,-0.16878262574832384
planted,1.25,10000->20000,73,10000,20000,0.5588672159544555,0.5609437573273918,-0.005350580493146975
planted,1.25,10000->20000,74,10000,20000,0.5469090792769381,0.3184216291646194,0.7803626766093305
planted,1.25,10000->20000,75,10000,20000,0.28986613349669477,0.4338211115660754,-0.581713476345615
planted,1.25,10000->20000,76,10000,20000,0.5321266735506719,0.8983677444849671,-0.7555364069880116
planted,1.25,10000->20000,77,10000,20000,0.43737878716358686,0.6853712590860124,-0.648002442494247
planted,1.25,10000->20000,78,10000,20000,0.4102883150363886,0.5780936768842735,-0.49466522539655167
planted,1.25,10000->20000,79,10000,20000,0.41974212679642825,0.5896315604503456,-0.4903104833422627
planted,1.25,10000->20000,80,10000,20000,0.49579519706263675,0.3670458326689411,0.43378407331906144
planted,1.25,10000->20000,81,10000,20000,0.34319164202569785,0.4224874939213059,-0.2998942183673913
planted,1.25,10000->20000,82,10000,20000,0.39449909099062563,0.4270872661516488,-0.11450890788489025
planted,1.25,10000->20000,83,10000,20000,0.38569825743778635,0.28855202654721207,0.41864116464579076
planted,1.25,10000->20000,84,10000,20000,0.4104185409823226,0.35547609083867454,0.20734337921621765
planted,1.25,10000->20000,85,10000,20000,0.3660079674848652,0.6558388902311416,-0.8414663995331122
planted,1.25,10000->20000,86,10000,20000,0.49661392145852007,0.46921067866427163,0.0818888570802229
planted,1.25,10000->20000,87,10000,20000,0.3910354525888042,0.40612150936771796,-0.05461202553541145
planted,1.25,10000->20000,88,10000,20000,0.403268324993089,0.27381968557757425,0.5585139233962246
planted,1.25,10000->20000,89,10000,20000,0.609576740451025,0.4453122118462815,0.45299067962436895
planted,1.25,10000->20000,90,10000,20000,0.6389804453330514,0.44174674745334463,0.5325522688024749
planted,1.25,10000->20000,91,10000,20000,0.3899340910799438,0.8659690820578984,-1.1510852250134753
planted,1.25,10000->20000,92,10000,20000,1.061923744701445,0.34231287416697465,1.633292714581415
planted,1.25,10000->20000,93,10000,20000,0.4221203248092807,0.8798429050835026,-1.0595916594774304
planted,1.25,10000->20000,94,10000,20000,0.6567361322185418,0.6611404455908242,-0.009642943540702472
planted,1.25,10000->20000,95,10000,20000,0.2699435989835786,0.3167059018419089,-0.23048574496389274
planted,1.25,10000->20000,96,10000,20000,0.6910046972502563,0.3753025151412747,0.8806415589949115
planted,1.25,10000->20000,97,10000,20000,0.6363684835460276,0.42827322397230244,0.571330905820112
planted,1.25,10000->20000,98,10000,20000,0.3084549458831389,0.25181836149346204,0.2926762972669414
planted,1.25,10000->20000,99,10000,20000,0.3371784569500155,0.448212627162642,-0.41067093103585767
planted,1.25,10000->20000,100,10000,20000,0.32474554838943126,0.5685292416485707,-0.8079248050369789
planted,1.25,10000->20000,101,10000,20000,0.9998766862531302,0.35666070632317554,1.4871978984232148
planted,1.25,10000->20000,102,10000,20000,0.8721215089983275,0.4590688662947208,0.9258185607242546
planted,1.25,10000->20000,103,10000,20000,0.4432447499451348,0.30080949107644145,0.5592534557479842
planted,1.25,10000->20000,104,10000,20000,0.36981977187037024,0.3437822986444753,0.10532709603340445
planted,1.25,10000->20000,105,10000,20000,0.4503411477719295,0.2542968005908126,0.8245049920504759
planted,1.25,10000->20000,106,10000,20000,0.6255491055060434,0.4207688811565465,0.5720951291258041
planted,1.25,10000->20000,107,10000,20000,0.31217988460130514,0.4887089639715152,-0.6465979871015688
planted,1.25,10000->20000,108,10000,20000,0.6381439336096597,0.43170592010802017,0.5638329840851297
planted,1.25,10000->20000,109,10000,20000,0.3298891138119613,0.3892265529113123,-0.2386289632520014
planted,1.25,10000->20000,110,10000,20000,1.1447231168590584,0.6678848900040296,0.7773273039045809
planted,1.25,10000->20000,111,10000,20000,0.4556277644517516,0.37013754703831886,0.29979417163816324
planted,1.25,10000->20000,112,10000,20000,0.6916199227720585,0.4412470434700933,0.6483928159983581
planted,1.25,10000->20000,113,10000,20000,0.6898048030785667,0.4729743888922709,0.5444261091194187
planted,1.25,10000->20000,114,10000,20000,0.3756071341830106,0.5201733446001113,-0.4697680072953843
planted,1.25,10000->20000,115,10000,20000,1.3297283636498907,0.43079450861095564,1.626059797782941
planted,1.25,10000->20000,116,10000,20000,0.7633262561832375,0.3657090066802275,1.0616036588531264
planted,1.25,10000->20000,117,10000,20000,0.4451398848012778,1.2186152566547221,-1.4529120296021814
planted,1.25,10000->20000,118,10000,20000,0.3590715694969922,0.32970686418817585,0.1230875051998875
planted,1.25,10000->20000,119,10000,20000,0.2957752145551327,0.4782683680045916,-0.693319214479093
planted,1.25,10000->20000,120,10000,20000,0.9814781438724665,0.45091821462399806,1.1220903531513597
planted,1.25,10000->20000,121,10000,20000,0.28919959144877727,0.35993536827741995,-0.31567235836344376
planted,1.25,10000->20000,122,10000,20000,0.6828764285899105,0.4891595268882499,0.48131949600988677
planted,1.25,10000->20000,123,10000,20000,0.37841449380446907,0.48989732909418077,-0.3725120791375319
planted,1.25,10000->20000,124,10000,20000,0.43973032483156754,0.6297504650171344,-0.5181612546621849
planted,1.25,10000->20000,125,10000,20000,0.4414197075662376,0.5087468666066521,-0.2047969623582698
planted,1.25,10000->20000,126,10000,20000,0.7354799797669543,0.3464964427080503,1.0858455298703131
planted,1.25,10000->20000,127,10000,20000,0.4136484640259549,0.39891213347814153,0.052334219388661465
planted,1.25,10000->20000,128,10000,20000,0.8163482001666144,0.4967954812454554,0.7165325906394339
planted,1.25,10000->20000,129,10000,20000,0.4503074943288615,0.44382052145929035,0.020934111518434714
planted,1.25,10000->20000,130,10000,20000,1.2060409255582678,0.23620444582721717,2.3521708397708943
planted,1.25,10000->20000,131,10000,20000,0.6411508443546401,0.42989858604735154,0.5766674561802938
planted,1.25,10000->20000,132,10000,20000,0.37577574973813005,0.4772120658336758,-0.34475855353363727
planted,1.25,10000->20000,133,10000,20000,0.6230828104187093,0.32346392595742757,0.9458190906084318
planted,1.25,10000->20000,134,10000,20000,0.9010013974432601,0.3120349507455566,1.529821710572386
planted,1.25,10000->20000,135,10000,20000,0.42950933867738866,0.4907501096883086,-0.19229909041166215
planted,1.25,10000->20000,136,10000,20000,0.6229033493316382,0.3674135596945739,0.7616034585117801
planted,1.25,10000->20000,137,10000,20000,0.4050968840358291,0.5002487259572653,-0.30437859985019694
planted,1.25,10000->20000,138,10000,20000,0.7067164172045313,1.3311117005546362,-0.9134283117446156
planted,1.25,10000->20000,139,10000,20000,0.5421237231933782,0.48953187221481814,0.14721934705682663
planted,1.25,10000->20000,140,10000,20000,0.36864616766564934,0.3519948111410161,0.0666825973976197
planted,1.25,10000->20000,141,10000,20000,0.437728627691322,0.3466663351109689,0.3364889973830971
planted,1.25,10000->20000,142,10000,20000,0.43607967017844584,0.4627683069368228,-0.08569832943952378
planted,1.25,10000->20000,143,10000,20000,0.37044327264297533,1.283969469359748,-1.7932863587033085
planted,1.25,10000->20000,144,10000,20000,0.7129930645309702,0.4820287835591651,0.5647687460690001
planted,1.25,10000->20000,145,10000,20000,0.5855545341988786,0.37169679245274323,0.6556773003248975
planted,1.25,10000->20000,146,10000,20000,0.32514808590506294,0.3846954489375131,-0.24261983133315257
planted,1.25,10000->20000,147,10000,20000,0.38371136679329454,0.7217573940840224,-0.9114924793590036
planted,1.25,10000->20000,148,10000,20000,0.4392006954417477,0.5498669392986105,-0.32420220854842635
planted,1.25,10000->20000,149,10000,20000,0.57385978180161,0.3713279908720729,0.6280041982908136
planted,1.25,10000->20000,150,10000,20000,0.5099098293468362,0.3664617379328819,0.47657957331165196
planted,1.25,10000->20000,151,10000,20000,0.6205815949043341,0.38936430033429853,0.6725002966514478
planted,1.25,10000->20000,152,10000,20000,0.40664485407361317,0.4390785859144853,-0.11070981792145229
planted,1.25,10000->20000,153,10000,20000,0.46793707792873573,0.42563378016678494,0.13670189405003025
planted,1.25,10000->20000,154,10000,20000,0.4957575249760591,0.25297568768619927,0.9706359300294349
planted,1.25,10000->20000,155,10000,20000,0.3405375763023723,0.4828855109858731,-0.5038671761281232
planted,1.25,10000->20000,156,10000,20000,0.5362587636031704,0.3598384148103723,0.5755801087310866
planted,1.25,10000->20000,157,10000,20000,0.4786003100021749,0.45717944918011666,0.06606077738578969
planted,1.25,10000->20000,158,10000,20000,0.6346410427856765,0.6295976006294443,0.011510781805468644
planted,1.25,10000->20000,159,10000,20000,0.6294146050896184,0.4387013432595815,0.5207715319197957
planted,1.25,10000->20000,160,10000,20000,0.4612013061400441,0.5895115290340858,-0.35412342939893426
planted,1.25,10000->20000,161,10000,20000,0.7801760010153583,0.3720732015372335,1.0682131358000333
planted,1.25,10000->20000,162,10000,20000,0.7284603554581476,0.39025899429382344,0.9004185771775616
planted,1.25,10000->20000,163,10000,20000,1.0453319124896232,0.5425869738285231,0.9460347801748821
planted,1.25,10000->20000,164,10000,20000,0.36323998884884484,0.3640299712183415,-0.003134198186877598
planted,1.25,10000->20000,165,10000,20000,0.4031160958364684,0.4784072303587089,-0.24704380468137868
planted,1.25,10000->20000,166,10000,20000,0.7445731605452002,0.7320786967546358,0.024414869433563417
planted,1.25,10000->20000,167,10000,20000,0.4115187896287291,0.2811465890856854,0.5496357605038847
planted,1.25,10000->20000,168,10000,20000,0.7455947495134916,0.5080241583693398,0.553494596605364
planted,1.25,10000->20000,169,10000,20000,0.30569962546016455,1.3176039896213854,-2.1077301388082526
planted,1.25,10000->20000,170,10000,20000,0.40614268899041656,0.44090126969515414,-0.1184689570562003
planted,1.25,10000->20000,171,10000,20000,0.38599887809674566,0.7726072617093579,-1.0011385831595572
planted,1.25,10000->20000,172,10000,20000,0.48019449482794524,0.4061368084519168,0.24165307833022803
planted,1.25,10000->20000,173,10000,20000,1.3980740463738328,1.881441249954816,-0.42839746801244316
planted,1.25,10000->20000,174,10000,20000,0.5609145873022636,0.4951120497033759,0.18002604157300547
planted,1.25,10000->20000,175,10000,20000,0.9166451476067055,0.49026188736328224,0.9028107328330179
planted,1.25,10000->20000,176,10000,20000,1.417354002080271,0.32838516354527114,2.1097392819056373
planted,1.25,10000->20000,177,10000,20000,0.7423794692172746,0.8246105466011218,-0.15155610037543682
planted,1.25,10000->20000,178,10000,20000,1.1067024986381675,0.7285362564047337,0.603194775601792
planted,1.25,10000->20000,179,10000,20000,0.8102676968796483,0.8090485126585518,0.0021724124685436287
planted,1.25,10000->20000,180,10000,20000,0.5011788038693059,0.41871687114269057,0.259350351679033
planted,1.25,10000->20000,181,10000,20000,0.43986650862330845,0.33415005668954406,0.3965696398791075
planted,1.25,10000->20000,182,10000,20000,0.42043073023485966,0.46728139299362725,-0.15242346765408246
planted,1.25,10000->20000,183,10000,20000,0.3699524694099834,0.4374458676124744,-0.24176457084212755
planted,1.25,10000->20000,184,10000,20000,0.3198000548482223,0.4233986685934628,-0.404846546446018
planted,1.25,10000->20000,185,10000,20000,0.645799290776253,0.35517339819228855,0.8625623259323297
planted,1.25,10000->20000,186,10000,20000,0.37090580289191905,0.484971323308873,-0.3868466030060499
planted,1.25,10000->20000,187,10000,20000,0.4156235456596739,0.5488040501292236,-0.4010137412571899
planted,1.25,10000->20000,188,10000,20000,0.6243002550062555,0.3937779524336063,0.6648577178588562
planted,1.25,10000->20000,189,10000,20000,0.375496288481394,0.6577911199318432,-0.8088308843903215
planted,1.25,10000->20000,190,10000,20000,0.3776039784533589,0.4842683607637207,-0.3589327837571503
planted,1.25,10000->20000,191,10000,20000,0.2742253388343811,0.5056142422628225,-0.8826752177947501
planted,1.25,10000->20000,192,10000,20000,0.37558504183707797,0.41591279843939827,-0.14714147324884227
planted,1.25,10000->20000,193,10000,20000,0.3161383075470717,0.3390848230037746,-0.1010903505840569
planted,1.25,10000->20000,194,10000,20000,0.6352043611382348,0.44939314960588794,0.4992426849217389
planted,1.25,10000->20000,195,10000,20000,0.4601779149348982,0.41738475496704613,0.14081383992092325
planted,1.25,10000->20000,196,10000,20000,0.35225601407503987,0.6259410780794147,-0.8294025199443948
planted,1.25,10000->20000,197,10000,20000,0.3556019975730037,0.3423844362304495,0.054646305803648015
planted,1.25,10000->20000,198,10000,20000,0.4348441543766675,0.5554112023364739,-0.3530578357534599
planted,1.25,10000->20000,199,10000,20000,0.3920273390809773,0.47500676599488256,-0.2769937952654841
planted,1.5,10000->20000,0,10000,20000,0.34442693964813026,0.5784733702194899,-0.7480525582199792
planted,1.5,10000->20000,1,10000,20000,2.4770957885299603,2.178614306953617,0.18523884805810084
planted,1.5,10000->20000,2,10000,20000,0.6846922434882406,0.4073099219180785,0.7493287107195621
planted,1.5,10000->20000,3,10000,20000,0.4089074225021812,0.3780897922558164,0.1130453512737005
planted,1.5,10000->20000,4,10000,20000,0.4528955416483219,0.34502706506758873,0.39246880130034933
planted,1.5,10000->20000,5,10000,20000,0.3346378080830036,0.3816405945325661,-0.18961418349066245
planted,1.5,10000->20000,6,10000,20000,0.8433704131330867,0.406810701420387,1.05180877958473
planted,1.5,10000->20000,7,10000,20000,0.5340361649151337,0.5456619764000226,-0.031070070777790757
planted,1.5,10000->20000,8,10000,20000,0.3305480894458243,0.38646648416395185,-0.22548312760809472
planted,1.5,10000->20000,9,10000,20000,0.4202556899259854,0.31959691208184715,0.3950138833943006
planted,1.5,10000->20000,10,10000,20000,0.4139486269789356,0.5851816301399962,-0.4994327480819803
planted,1.5,10000->20000,11,10000,20000,0.3163918916926249,0.34220609552217685,-0.11315283022578931
planted,1.5,10000->20000,12,10000,20000,0.549992884990308,0.4840687901742184,0.1842008743106655
planted,1.5,10000->20000,13,10000,20000,0.6266847582516072,0.5646197017994785,0.15046043446170349
planted,1.5,10000->20000,14,10000,20000,1.1257188214195633,0.32645397036734985,1.7858950276001382
planted,1.5,10000->20000,15,10000,20000,0.9685697755875036,0.6970852938598062,0.474520792094535
planted,1.5,10000->20000,16,10000,20000,0.7560501589106474,0.5337669278287552,0.5022720319243058
planted,1.5,10000->20000,17,10000,20000,0.38544881793863023,0.5141016899061335,-0.41551445068742976
planted,1.5,10000->20000,18,10000,20000,0.49362654704633174,0.4754368555223919,0.054166239864425515
planted,1.5,10000->20000,19,10000,20000,0.5421651753143186,0.3811983904932289,0.5081904202076059
planted,1.5,10000->20000,20,10000,20000,0.5982218107914409,0.46391669166404464,0.3668147560639361
planted,1.5,10000->20000,21,10000,20000,0.8397335242083254,0.38189706133071555,1.1367477661100551
planted,1.5,10000->20000,22,10000,20000,0.36445535114556954,0.5753307330613121,-0.6586494552081966
planted,1.5,10000->20000,23,10000,20000,0.45507093379527785,0.33439089469462646,0.4445558776513497
planted,1.5,10000->20000,24,10000,20000,0.4949231741242097,0.4028956203751709,0.296798473135518
planted,1.5,10000->20000,25,10000,20000,0.41563940856097975,0.36511082196107353,0.18699801766347177
planted,1.5,10000->20000,26,10000,20000,0.41713734473909586,0.6085262641077358,-0.544797054196243
planted,1.5,10000->20000,27,10000,20000,1.3510110317580641,0.46797226355865745,1.5295445253537343
planted,1.5,10000->20000,28,10000,20000,0.34702530190464126,0.43173260710636896,-0.31509720339318503
planted,1.5,10000->20000,29,10000,20000,1.2896957356029324,0.8347024801342211,0.6276967831995776
planted,1.5,10000->20000,30,10000,20000,0.9061785123366571,2.666319392859337,-1.5569824216053634
planted,1.5,10000->20000,31,10000,20000,0.6155517538524041,0.41734938717128983,0.5606245070565827
planted,1.5,10000->20000,32,10000,20000,0.4151660326053157,0.28526257732595367,0.5413979155531174
planted,1.5,10000->20000,33,10000,20000,0.31302375319304354,0.4373439526798429,-0.48249620788598224
planted,1.5,10000->20000,34,10000,20000,0.31105883974267656,0.5160524102387086,-0.7303300873944785
planted,1.5,10000->20000,35,10000,20000,0.5807390961567701,0.7037896468863906,-0.2772541299158689
planted,1.5,10000->20000,36,10000,20000,0.4513574448891093,0.3217358830816286,0.48839355584051464
planted,1.5,10000->20000,37,10000,20000,0.8580759221506165,0.748340267081192,0.1974108958576736
planted,1.5,10000->20000,38,10000,20000,0.3800472094450895,0.3695351127507039,0.04046718728266279
planted,1.5,10000->20000,39,10000,20000,0.4534839694384969,0.4192461481138547,0.11325402381756758
planted,1.5,10000->20000,40,10000,20000,0.36593070326891286,0.6880528689879901,-0.9109489542839017
planted,1.5,10000->20000,41,10000,20000,0.3836478689527477,0.34892619082262855,0.13686084915619776
planted,1.5,10000->20000,42,10000,20000,0.5918058758086477,0.5070669702095018,0.22294771867614324
planted,1.5,10000->20000,43,10000,20000,0.9051945671973478,0.357977325144632,1.3383597180782072
planted,1.5,10000->20000,44,10000,20000,0.41250842576537483,0.5798673512484889,-0.49129932361617223
planted,1.5,10000->20000,45,10000,20000,0.4348065864931233,0.48386813974505,-0.15424015359665558
planted,1.5,10000->20000,46,10000,20000,0.39630804992240914,0.45811873202172937,-0.20909928239728864
planted,1.5,10000->20000,47,10000,20000,0.3281027651265105,0.30252621683842756,0.11708758103918597
planted,1.5,10000->20000,48,10000,20000,0.5898142549807428,0.37209955288915303,0.6645720337926642
planted,1.5,10000->20000,49,10000,20000,0.6188537488899878,0.35652559021187485,0.7955928714542286
planted,1.5,10000->20000,50,10000,20000,0.43947605559058855,0.384791113984946,0.19170908051734198
planted,1.5,10000->20000,51,10000,20000,0.45149803215395407,0.42717487770997786,0.07989289559206636
planted,1.5,10000->20000,52,10000,20000,0.8855673813996591,0.7510318155082313,0.2377280584472691
planted,1.5,10000->20000,53,10000,20000,0.5181650082657089,0.4363601330579392,0.2478922939768623
planted,1.5,10000->20000,54,10000,20000,0.46434817408687834,0.5841701027150318,-0.3311815623067551
planted,1.5,10000->20000,55,10000,20000,0.6313953837255633,0.40957617890626036,0.6244119026897856
planted,1.5,10000->20000,56,10000,20000,0.6376359186216063,0.3691760991654203,0.78842374549587
planted,1.5,10000->20000,57,10000,20000,0.4353143361608932,0.5243597827661362,-0.26849950525773975
planted,1.5,10000->20000,58,10000,20000,0.4176081846045769,0.4141736640508935,0.011914167011302912
planted,1.5,10000->20000,59,10000,20000,0.5618855239816356,0.6237588890636787,-0.1507122379424346
planted,1.5,10000->20000,60,10000,20000,0.3684299546639625,0.5364395495485352,-0.5420252428859978
planted,1.5,10000->20000,61,10000,20000,1.9226814208060468,0.3721541703529947,2.369147426783619
planted,1.5,10000->20000,62,10000,20000,0.494061472729544,0.7297283188613551,-0.5626688843244688
planted,1.5,10000->20000,63,10000,20000,0.6508720082806941,1.6440169711930774,-1.336779416616123
planted,1.5,10000->20000,64,10000,20000,0.37344698445991736,0.5102120646643887,-0.4501935651719354
planted,1.5,10000->20000,65,10000,20000,0.34986022903615904,0.6359006959075333,-0.8620228146114524
planted,1.5,10000->20000,66,10000,20000,0.4017427992871579,0.3246614454109513,0.30733609558777353
planted,1.5,10000->20000,67,10000,20000,0.34690201868408443,0.5310930166110359,-0.6144363234851524
planted,1.5,10000->20000,68,10000,20000,0.5902463094178046,0.3710951331421668,0.6695280354400168
planted,1.5,10000->20000,69,10000,20000,0.3974123370047614,0.3968805446772266,0.0019318170565191912
planted,1.5,10000->20000,70,10000,20000,0.5534135462914376,0.3192538205134544,0.7936540734618952
planted,1.5,10000->20000,71,10000,20000,0.9873043178984583,0.4009671288197765,1.3000108669452894
planted,1.5,10000->20000,72,10000,20000,0.44392444779565615,0.5025637339977491,-0.17899240430598662
planted,1.5,10000->20000,73,10000,20000,0.5588672159544555,0.6055528997882662,-0.11574744945301564
planted,1.5,10000->20000,74,10000,20000,0.5469090792769381,0.3167958900542288,0.7877473938202681
planted,1.5,10000->20000,75,10000,20000,0.28986613349669477,0.474365779440273,-0.7106131521860289
planted,1.5,10000->20000,76,10000,20000,0.5321266735506719,0.9234082395515844,-0.795198883257777
planted,1.5,10000->20000,77,10000,20000,0.43737878716358686,0.7631902223460975,-0.8031594368062916
planted,1.5,10000->20000,78,10000,20000,0.4102883150363886,0.6039382145870577,-0.5577628963164769
planted,1.5,10000->20000,79,10000,20000,0.41974212679642825,0.702587264951108,-0.7431741621654816
planted,1.5,10000->20000,80,10000,20000,0.49579519706263675,0.39111462454678625,0.342152813321964
planted,1.5,10000->20000,81,10000,20000,0.34319164202569785,0.4807725432925452,-0.4863400883720741
planted,1.5,10000->20000,82,10000,20000,0.39449909099062563,0.4566291082200095,-0.2110008523772992
planted,1.5,10000->20000,83,10000,20000,0.38569825743778635,0.32679406180539605,0.2390908595462293
planted,1.5,10000->20000,84,10000,20000,0.4104185409823226,0.34472648356284596,0.2516437695039217
planted,1.5,10000->20000,85,10000,20000,0.3660079674848652,0.6736691294787399,-0.8801651358072398
planted,1.5,10000->20000,86,10000,20000,0.49661392145852007,0.5402585421796365,-0.12152527331740928
planted,1.5,10000->20000,87,10000,20000,0.3910354525888042,0.41165166057039143,-0.07412463277247242
planted,1.5,10000->20000,88,10000,20000,0.403268324993089,0.31817106794147776,0.34193743873975835
planted,1.5,10000->20000,89,10000,20000,0.609576740451025,0.5133925488770026,0.2477454976240015
planted,1.5,10000->20000,90,10000,20000,0.6389804453330514,0.48925045120764865,0.3851985998003997
planted,1.5,10000->20000,91,10000,20000,0.3899340910799438,0.91811144514039,-1.2354389941891764
planted,1.5,10000->20000,92,10000,20000,1.061923744701445,0.36786034768178694,1.5294500927430943
planted,1.5,10000->20000,93,10000,20000,0.4221203248092807,0.8827274678307464,-1.0643137950016557
planted,1.5,10000->20000,94,10000,20000,0.6567361322185418,0.728157748650581,-0.14893719941742795
planted,1.5,10000->20000,95,10000,20000,0.2699435989835786,0.30559163585385557,-0.17894704946442827
planted,1.5,10000->20000,96,10000,20000,0.6910046972502563,0.36104788576874336,0.936505323274346
planted,1.5,10000->20000,97,10000,20000,0.6363684835460276,0.4359142573659758,0.5458179968551569
planted,1.5,10000->20000,98,10000,20000,0.3084549458831389,0.28306533603558115,0.12392469044155166
planted,1.5,10000->20000,99,10000,20000,0.3371784569500155,0.4353379945070317,-0.36862357573681087
planted,1.5,10000->20000,100,10000,20000,0.32474554838943126,0.5701735202293265,-0.8120912904139904
planted,1.5,10000->20000,101,10000,20000,0.9998766862531302,0.35284007680496154,1.5027357432559292
planted,1.5,10000->20000,102,10000,20000,0.8721215089983275,0.5171101320415774,0.7540575809326111
planted,1.5,10000->20000,103,10000,20000,0.4432447499451348,0.30805077380601054,0.5249353834606924
planted,1.5,10000->20000,104,10000,20000,0.36981977187037024,0.3489622952797431,0.08375119400579131
planted,1.5,10000->20000,105,10000,20000,0.4503411477719295,0.3007818453643657,0.582300811832364
planted,1.5,10000->20000,106,10000,20000,0.6255491055060434,0.4160718088690851,0.5882905989210574
planted,1.5,10000->20000,107,10000,20000,0.31217988460130514,0.4745392309772794,-0.6041497824161063
planted,1.5,10000->20000,108,10000,20000,0.6381439336096597,0.5098791766164226,0.3237264413779957
planted,1.5,10000->20000,109,10000,20000,0.3298891138119613,0.37841829645528874,-0.19800067398463816
planted,1.5,10000->20000,110,10000,20000,1.1447231168590584,0.7844920859505232,0.5451678862748521
planted,1.5,10000->20000,111,10000,20000,0.4556277644517516,0.40468736109036435,0.1710478703184894
planted,1.5,10000->20000,112,10000,20000,0.6916199227720585,0.48970866819255104,0.4980556947830964
planted,1.5,10000->20000,113,10000,20000,0.6898048030785667,0.46990191865029307,0.5538285158517574
planted,1.5,10000->20000,114,10000,20000,0.3756071341830106,0.5087358465685631,-0.4376922876046186
planted,1.5,10000->20000,115,10000,20000,1.3297283636498907,0.4327357259274054,1.6195734254445446
planted,1.5,10000->20000,116,10000,20000,0.7633262561832375,0.38836135810017025,0.9749001567117178
planted,1.5,10000->20000,117,10000,20000,0.4451398848012778,1.2574573231324229,-1.498178759170444
planted,1.5,10000->20000,118,10000,20000,0.3590715694969922,0.33846858668510715,0.08524948478738967
planted,1.5,10000->20000,119,10000,20000,0.2957752145551327,0.5511725736692864,-0.8980029391814691
planted,1.5,10000->20000,120,10000,20000,0.9814781438724665,0.4363065714902673,1.169613938050877
planted,1.5,10000->20000,121,10000,20000,0.28919959144877727,0.4049229674213725,-0.4855819614768322
planted,1.5,10000->20000,122,10000,20000,0.6828764285899105,0.5258757654354037,0.3769025231687489
planted,1.5,10000->20000,123,10000,20000,0.37841449380446907,0.544445898635441,-0.5248213490791307
planted,1.5,10000->20000,124,10000,20000,0.43973032483156754,0.6704348029328785,-0.6084780151005991
planted,1.5,10000->20000,125,10000,20000,0.4414197075662376,0.5807019328077413,-0.39564679448480117
planted,1.5,10000->20000,126,10000,20000,0.7354799797669543,0.351668410019453,1.0644703258383743
planted,1.5,10000->20000,127,10000,20000,0.4136484640259549,0.4121417446169653,0.005264627768170129
planted,1.5,10000->20000,128,10000,20000,0.8163482001666144,0.5871403548757191,0.47547922349471555
planted,1.5,10000->20000,129,10000,20000,0.4503074943288615,0.5137521041267714,-0.1901619093099472
planted,1.5,10000->20000,130,10000,20000,1.2060409255582678,0.28940452766608593,2.0591194664166395
planted,1.5,10000->20000,131,10000,20000,0.6411508443546401,0.5312414238163052,0.27129617549101304
planted,1.5,10000->20000,132,10000,20000,0.37577574973813005,0.5394517663819829,-0.5216220037382155
planted,1.5,10000->20000,133,10000,20000,0.6230828104187093,0.31943150126354114,0.9639173229329112
planted,1.5,10000->20000,134,10000,20000,0.9010013974432601,0.3168732606841773,1.5076234204532086
planted,1.5,10000->20000,135,10000,20000,0.42950933867738866,0.5590650320203844,-0.3803266114447165
planted,1.5,10000->20000,136,10000,20000,0.6229033493316382,0.37759798307624676,0.722157271145442
planted,1.5,10000->20000,137,10000,20000,0.4050968840358291,0.5056406186333499,-0.31984537335047253
planted,1.5,10000->20000,138,10000,20000,0.7067164172045313,1.3713195178402124,-0.9563614299598814
planted,1.5,10000->20000,139,10000,20000,0.5421237231933782,0.5805604947311975,-0.09882426429560799
planted,1.5,10000->20000,140,10000,20000,0.36864616766564934,0.33959925042116335,0.11840348471257775
planted,1.5,10000->20000,141,10000,20000,0.437728627691322,0.3378696297837144,0.3735700638558443
planted,1.5,10000->20000,142,10000,20000,0.43607967017844584,0.5099306404590693,-0.22570929426611075
planted,1.5,10000->20000,143,10000,20000,0.37044327264297533,1.2856470617446267,-1.7951701063589272
planted,1.5,10000->20000,144,10000,20000,0.7129930645309702,0.5582913700912112,0.35286978774536965
planted,1.5,10000->20000,145,10000,20000,0.5855545341988786,0.36808330010206886,0.6697712425860629
planted,1.5,10000->20000,146,10000,20000,0.32514808590506294,0.3730366588782208,-0.19822048238941353
planted,1.5,10000->20000,147,10000,20000,0.38371136679329454,0.8210022913289391,-1.0973647454670616
planted,1.5,10000->20000,148,10000,20000,0.4392006954417477,0.6003562100944941,-0.4509384120580129
planted,1.5,10000->20000,149,10000,20000,0.57385978180161,0.35635226903025286,0.6873941580044135
planted,1.5,10000->20000,150,10000,20000,0.5099098293468362,0.37133880595001423,0.4575060597817221
planted,1.5,10000->20000,151,10000,20000,0.6205815949043341,0.4174197000583942,0.5721222204403804
planted,1.5,10000->20000,152,10000,20000,0.40664485407361317,0.4681768986404486,-0.20328439168628523
planted,1.5,10000->20000,153,10000,20000,0.46793707792873573,0.47937144465842496,-0.03482942460716657
planted,1.5,10000->20000,154,10000,20000,0.4957575249760591,0.3037728287050321,0.706641838752325
planted,1.5,10000->20000,155,10000,20000,0.3405375763023723,0.5871037942622597,-0.7858015805237588
planted,1.5,10000->20000,156,10000,20000,0.5362587636031704,0.35100055739140185,0.6114559979534897
planted,1.5,10000->20000,157,10000,20000,0.4786003100021749,0.4495566865941421,0.0903182883299433
planted,1.5,10000->20000,158,10000,20000,0.6346410427856765,0.6974469326064622,-0.1361426246214378
planted,1.5,10000->20000,159,10000,20000,0.6294146050896184,0.513724315425685,0.2930162952163801
planted,1.5,10000->20000,160,10000,20000,0.4612013061400441,0.6395118149788229,-0.4715744143756304
planted,1.5,10000->20000,161,10000,20000,0.7801760010153583,0.3779680448453055,1.04553535278375
planted,1.5,10000->20000,162,10000,20000,0.7284603554581476,0.3840201772289943,0.9236683443630409
planted,1.5,10000->20000,163,10000,20000,1.0453319124896232,0.6103724967199874,0.7761992366242038
planted,1.5,10000->20000,164,10000,20000,0.36323998884884484,0.39507337883352595,-0.12119759999111371
planted,1.5,10000->20000,165,10000,20000,0.4031160958364684,0.4717494262239431,-0.2268253740726217
planted,1.5,10000->20000,166,10000,20000,0.7445731605452002,0.7757960438586017,-0.05926380628594252
planted,1.5,10000->20000,167,10000,20000,0.4115187896287291,0.335366558472817,0.2952194686881917
planted,1.5,10000->20000,168,10000,20000,0.7455947495134916,0.5751579604668616,0.37443347060805415
planted,1.5,10000->20000,169,10000,20000,0.30569962546016455,1.8269309610716769,-2.5792354264114508
planted,1.5,10000->20000,170,10000,20000,0.40614268899041656,0.492053273671503,-0.2768278473308988
planted,1.5,10000->20000,171,10000,20000,0.38599887809674566,1.1217207856654776,-1.5390450512190657
planted,1.5,10000->20000,172,10000,20000,0.48019449482794524,0.45913756610157164,0.0646923874295922
planted,1.5,10000->20000,173,10000,20000,1.3980740463738328,1.83528343067459,-0.392562109465652
planted,1.5,10000->20000,174,10000,20000,0.5609145873022636,0.5465474395606368,0.03743437737676882
planted,1.5,10000->20000,175,10000,20000,0.9166451476067055,0.5224188413194646,0.8111564152486084
planted,1.5,10000->20000,176,10000,20000,1.417354002080271,0.3400667480559255,2.059310284175972
planted,1.5,10000->20000,177,10000,20000,0.7423794692172746,0.819540669083467,-0.14265873100260426
planted,1.5,10000->20000,178,10000,20000,1.1067024986381675,0.8169315480626449,0.4379803491542387
planted,1.5,10000->20000,179,10000,20000,0.8102676968796483,0.8341946418032401,-0.04198542006778503
planted,1.5,10000->20000,180,10000,20000,0.5011788038693059,0.502268515434605,-0.003133442202749733
planted,1.5,10000->20000,181,10000,20000,0.43986650862330845,0.3378415033808453,0.38071918662373017
planted,1.5,10000->20000,182,10000,20000,0.42043073023485966,0.5207738705957802,-0.30878894126835205
planted,1.5,10000->20000,183,10000,20000,0.3699524694099834,0.49088448375920324,-0.4080436369388953
planted,1.5,10000->20000,184,10000,20000,0.3198000548482223,0.47008133082803183,-0.5557401991157415
planted,1.5,10000->20000,185,10000,20000,0.645799290776253,0.38681017377800797,0.7394601158756084
planted,1.5,10000->20000,186,10000,20000,0.37090580289191905,0.5491311010495251,-0.5660977840261516
planted,1.5,10000->20000,187,10000,20000,0.4156235456596739,0.549088393392677,-0.4017610287126904
planted,1.5,10000->20000,188,10000,20000,0.6243002550062555,0.37848160285999694,0.7220168793362163
planted,1.5,10000->20000,189,10000,20000,0.375496288481394,0.7573638194689291,-1.0121878551465662
planted,1.5,10000->20000,190,10000,20000,0.3776039784533589,0.5183642432940343,-0.45709223963354456
planted,1.5,10000->20000,191,10000,20000,0.2742253388343811,0.574041553909593,-1.0657932904947973
planted,1.5,10000->20000,192,10000,20000,0.37558504183707797,0.41287346874927755,-0.1365601069747854
planted,1.5,10000->20000,193,10000,20000,0.3161383075470717,0.3279090307157425,-0.052739772475758825
planted,1.5,10000->20000,194,10000,20000,0.6352043611382348,0.4288824380236441,0.566638576285951
planted,1.5,10000->20000,195,10000,20000,0.4601779149348982,0.4102060849838434,0.16584285388704118
planted,1.5,10000->20000,196,10000,20000,0.35225601407503987,0.7152500709142664,-1.021823397675242
planted,1.5,10000->20000,197,10000,20000,0.3556019975730037,0.37628510475631655,-0.08156275301753549
planted,1.5,10000->20000,198,10000,20000,0.4348441543766675,0.6921905611142357,-0.6706708286255563
planted,1.5,10000->20000,199,10000,20000,0.3920273390809773,0.45945993808607916,-0.22898480531948542
planted,2.0,10000->20000,0,10000,20000,0.34442693964813026,0.6509682646770992,-0.9183892235714839
planted,2.0,10000->20000,1,10000,20000,2.4770957885299603,2.2065345793075255,0.16686730180970302
planted,2.0,10000->20000,2,10000,20000,0.6846922434882406,0.43877274535581934,0.641981754385904
planted,2.0,10000->20000,3,10000,20000,0.4089074225021812,0.3958169004098451,0.04694103771732127
planted,2.0,10000->20000,4,10000,20000,0.4528955416483219,0.3642418572965877,0.31428161651627295
planted,2.0,10000->20000,5,10000,20000,0.3346378080830036,0.44019293065399384,-0.3955355229294759
planted,2.0,10000->20000,6,10000,20000,0.8433704131330867,0.4254247493726662,0.9872624448115007
planted,2.0,10000->20000,7,10000,20000,0.5340361649151337,0.6062256553548562,-0.18291746350338425
planted,2.0,10000->20000,8,10000,20000,0.3305480894458243,0.4871025682274079,-0.5593654137528583
planted,2.0,10000->20000,9,10000,20000,0.4202556899259854,0.3435101102390575,0.2909147912543183
planted,2.0,10000->20000,10,10000,20000,0.4139486269789356,0.6815830198040983,-0.719437660901939
planted,2.0,10000->20000,11,10000,20000,0.3163918916926249,0.4092224823801811,-0.3711727801228425
planted,2.0,10000->20000,12,10000,20000,0.549992884990308,0.5491237393853928,0.0022816729136389594
planted,2.0,10000->20000,13,10000,20000,0.6266847582516072,0.6601282041702853,-0.07500633352916365
planted,2.0,10000->20000,14,10000,20000,1.1257188214195633,0.3570177033661922,1.6567790007158782
planted,2.0,10000->20000,15,10000,20000,0.9685697755875036,0.7452407928453303,0.3781493376552097
planted,2.0,10000->20000,16,10000,20000,0.7560501589106474,0.5846616164812126,0.37088007056028455
planted,2.0,10000->20000,17,10000,20000,0.38544881793863023,0.5834135183043923,-0.5979795116853693
planted,2.0,10000->20000,18,10000,20000,0.49362654704633174,0.5184328635297991,-0.07073718959674612
planted,2.0,10000->20000,19,10000,20000,0.5421651753143186,0.45259493510780596,0.26051200827351767
planted,2.0,10000->20000,20,10000,20000,0.5982218107914409,0.5116643306386934,0.2254828480876224
planted,2.0,10000->20000,21,10000,20000,0.8397335242083254,0.41893876403328656,1.0031922030060971
planted,2.0,10000->20000,22,10000,20000,0.36445535114556954,0.6780521220450061,-0.8956540949046994
planted,2.0,10000->20000,23,10000,20000,0.45507093379527785,0.39171087703285135,0.21630225208367365
planted,2.0,10000->20000,24,10000,20000,0.4949231741242097,0.5322825813847049,-0.10498775966391838
planted,2.0,10000->20000,25,10000,20000,0.41563940856097975,0.42176286879106584,-0.021099639714368953
planted,2.0,10000->20000,26,10000,20000,0.41713734473909586,0.6839922253555855,-0.7134574496373248
planted,2.0,10000->20000,27,10000,20000,1.3510110317580641,0.48342027454453723,1.4826895693095372
planted,2.0,10000->20000,28,10000,20000,0.34702530190464126,0.49620685614704685,-0.5159008145119668
planted,2.0,10000->20000,29,10000,20000,1.2896957356029324,0.8731852868996894,0.5626710195181841
planted,2.0,10000->20000,30,10000,20000,0.9061785123366571,3.1873940833850214,-1.814510215619738
planted,2.0,10000->20000,31,10000,20000,0.6155517538524041,0.4612259592023445,0.41640644498468155
planted,2.0,10000->20000,32,10000,20000,0.4151660326053157,0.33812531659886547,0.2961303726068015
planted,2.0,10000->20000,33,10000,20000,0.31302375319304354,0.4905446511987754,-0.6481123244973694
planted,2.0,10000->20000,34,10000,20000,0.31105883974267656,0.572512474895595,-0.8801196238159528
planted,2.0,10000->20000,35,10000,20000,0.5807390961567701,1.011148724838862,-0.8000331450468597
planted,2.0,10000->20000,36,10000,20000,0.4513574448891093,0.3688579194903887,0.29120519295426456
planted,2.0,10000->20000,37,10000,20000,0.8580759221506165,1.005132387108949,-0.22820832543581474
planted,2.0,10000->20000,38,10000,20000,0.3800472094450895,0.39262150124865736,-0.04696054051454941
planted,2.0,10000->20000,39,10000,20000,0.4534839694384969,0.539683291815599,-0.25106147056683475
planted,2.0,10000->20000,40,10000,20000,0.36593070326891286,0.7281473534626373,-0.9926599652575756
planted,2.0,10000->20000,41,10000,20000,0.3836478689527477,0.4050731237105856,-0.07839962530563346
planted,2.0,10000->20000,42,10000,20000,0.5918058758086477,0.5932531172409848,-0.0035237555052464262
planted,2.0,10000->20000,43,10000,20000,0.9051945671973478,0.44481816256426954,1.0250122292801909
planted,2.0,10000->20000,44,10000,20000,0.41250842576537483,0.6836552074274015,-0.7288453164442723
planted,2.0,10000->20000,45,10000,20000,0.4348065864931233,0.5534349400525661,-0.34803993398739375
planted,2.0,10000->20000,46,10000,20000,0.39630804992240914,0.4998341903330359,-0.3348273179360766
planted,2.0,10000->20000,47,10000,20000,0.3281027651265105,0.33030816841238286,-0.009664895040602544
planted,2.0,10000->20000,48,10000,20000,0.5898142549807428,0.4614793905592713,0.3539944714658059
planted,2.0,10000->20000,49,10000,20000,0.6188537488899878,0.3692947795638979,0.7448256352361993
planted,2.0,10000->20000,50,10000,20000,0.43947605559058855,0.4408231773500887,-0.00441551537540416
planted,2.0,10000->20000,51,10000,20000,0.45149803215395407,0.4589680598768234,-0.023674058540505142
planted,2.0,10000->20000,52,10000,20000,0.8855673813996591,1.0787725648687676,-0.28471674820213205
planted,2.0,10000->20000,53,10000,20000,0.5181650082657089,0.49555716835460734,0.0643600945952441
planted,2.0,10000->20000,54,10000,20000,0.46434817408687834,0.6943183147686909,-0.5803902654804628
planted,2.0,10000->20000,55,10000,20000,0.6313953837255633,0.4515873238403044,0.4835387229209762
planted,2.0,10000->20000,56,10000,20000,0.6376359186216063,0.38442198020268387,0.7300420721183201
planted,2.0,10000->20000,57,10000,20000,0.4353143361608932,0.5800077945351647,-0.41401475524651343
planted,2.0,10000->20000,58,10000,20000,0.4176081846045769,0.4660143539252831,-0.15822440546057714
planted,2.0,10000->20000,59,10000,20000,0.5618855239816356,0.7275491156867754,-0.37276841314875253
planted,2.0,10000->20000,60,10000,20000,0.3684299546639625,0.626018901205846,-0.7648158542564704
planted,2.0,10000->20000,61,10000,20000,1.9226814208060468,0.389062663268197,2.305045292152644
planted,2.0,10000->20000,62,10000,20000,0.494061472729544,0.7981625237384242,-0.6919919835617596
planted,2.0,10000->20000,63,10000,20000,0.6508720082806941,1.6600745356188231,-1.3508022431057676
planted,2.0,10000->20000,64,10000,20000,0.37344698445991736,0.5683838551558692,-0.6059621269863118
planted,2.0,10000->20000,65,10000,20000,0.34986022903615904,0.6658565074173256,-0.9284326358591951
planted,2.0,10000->20000,66,10000,20000,0.4017427992871579,0.3494790909900482,0.20106602263925114
planted,2.0,10000->20000,67,10000,20000,0.34690201868408443,0.5764627029241126,-0.732699032734189
planted,2.0,10000->20000,68,10000,20000,0.5902463094178046,0.42351801739732947,0.478893769552153
planted,2.0,10000->20000,69,10000,20000,0.3974123370047614,0.4440622633559143,-0.16012531618285128
planted,2.0,10000->20000,70,10000,20000,0.5534135462914376,0.3506146068022781,0.6584718573996478
planted,2.0,10000->20000,71,10000,20000,0.9873043178984583,0.4470045687576791,1.14320525968688
planted,2.0,10000->20000,72,10000,20000,0.44392444779565615,0.5361799759918442,-0.2724031789781656
planted,2.0,10000->20000,73,10000,20000,0.5588672159544555,0.6581636287416933,-0.23594075616432464
planted,2.0,10000->20000,74,10000,20000,0.5469090792769381,0.3635705198630449,0.5890657893187319
planted,2.0,10000->20000,75,10000,20000,0.28986613349669477,0.5397150091924968,-0.8968110224619593
planted,2.0,10000->20000,76,10000,20000,0.5321266735506719,0.9603316604184383,-0.8517630191423395
planted,2.0,10000->20000,77,10000,20000,0.43737878716358686,1.0788082010663231,-1.3024832374500197
planted,2.0,10000->20000,78,10000,20000,0.4102883150363886,0.6766313693683094,-0.7217319965699328
planted,2.0,10000->20000,79,10000,20000,0.41974212679642825,0.9541582307007102,-1.1847252677429319
planted,2.0,10000->20000,80,10000,20000,0.49579519706263675,0.4071336955017095,0.28424166779370336
planted,2.0,10000->20000,81,10000,20000,0.34319164202569785,0.5441275390008229,-0.6649304285601877
planted,2.0,10000->20000,82,10000,20000,0.39449909099062563,0.5077115536322828,-0.3639871148625285
planted,2.0,10000->20000,83,10000,20000,0.38569825743778635,0.3450510136974365,0.16066295660733085
planted,2.0,10000->20000,84,10000,20000,0.4104185409823226,0.42112398193828066,-0.037149128347708366
planted,2.0,10000->20000,85,10000,20000,0.3660079674848652,0.684140851819362,-0.9024183253282967
planted,2.0,10000->20000,86,10000,20000,0.49661392145852007,0.6368970038203583,-0.35893538024891475
planted,2.0,10000->20000,87,10000,20000,0.3910354525888042,0.46079402194566543,-0.23682258723055627
planted,2.0,10000->20000,88,10000,20000,0.403268324993089,0.3393814613529076,0.24883233255816878
planted,2.0,10000->20000,89,10000,20000,0.609576740451025,0.5755143171516662,0.08295603620010833
planted,2.0,10000->20000,90,10000,20000,0.6389804453330514,0.5447097913400031,0.2302839808325184
planted,2.0,10000->20000,91,10000,20000,0.3899340910799438,0.9735933551548784,-1.32008902968329
planted,2.0,10000->20000,92,10000,20000,1.061923744701445,0.4295260009345124,1.3058628006476936
planted,2.0,10000->20000,93,10000,20000,0.4221203248092807,0.9138033192163548,-1.1142293871082347
planted,2.0,10000->20000,94,10000,20000,0.6567361322185418,0.9558760473661351,-0.5415097183280165
planted,2.0,10000->20000,95,10000,20000,0.2699435989835786,0.3773763631331497,-0.48334605555315713
planted,2.0,10000->20000,96,10000,20000,0.6910046972502563,0.42463396371874285,0.7024757499862663
planted,2.0,10000->20000,97,10000,20000,0.6363684835460276,0.5202763091019377,0.29058437190625636
planted,2.0,10000->20000,98,10000,20000,0.3084549458831389,0.30576085727712304,0.012656050780782482
planted,2.0,10000->20000,99,10000,20000,0.3371784569500155,0.49658435925378197,-0.5585264597977543
planted,2.0,10000->20000,100,10000,20000,0.32474554838943126,0.6060727402608165,-0.9001812055940509
planted,2.0,10000->20000,101,10000,20000,0.9998766862531302,0.4021048570722151,1.3141784170584951
planted,2.0,10000->20000,102,10000,20000,0.8721215089983275,0.5812650034701117,0.585333103519265
planted,2.0,10000->20000,103,10000,20000,0.4432447499451348,0.34509403770681507,0.36111399497180796
planted,2.0,10000->20000,104,10000,20000,0.36981977187037024,0.38844380288173125,-0.07088353712397587
planted,2.0,10000->20000,105,10000,20000,0.4503411477719295,0.3304478618199442,0.44659564231563076
planted,2.0,10000->20000,106,10000,20000,0.6255491055060434,0.49156708307680447,0.34773482875468154
planted,2.0,10000->20000,107,10000,20000,0.31217988460130514,0.5819117998505617,-0.8984229211170535
planted,2.0,10000->20000,108,10000,20000,0.6381439336096597,0.601146379289883,0.0861655308061874
planted,2.0,10000->20000,109,10000,20000,0.3298891138119613,0.4491641139279384,-0.44526149746481036
planted,2.0,10000->20000,110,10000,20000,1.1447231168590584,1.1318484123252783,0.016317932616208404
planted,2.0,10000->20000,111,10000,20000,0.4556277644517516,0.4209970832106082,0.11404542487921322
planted,2.0,10000->20000,112,10000,20000,0.6916199227720585,0.5465445478919068,0.3396403355427233
planted,2.0,10000->20000,113,10000,20000,0.6898048030785667,0.5485004442505605,0.33069538513140967
planted,2.0,10000->20000,114,10000,20000,0.3756071341830106,0.5445004007292055,-0.5357086452832701
planted,2.0,10000->20000,115,10000,20000,1.3297283636498907,0.4788497937404868,1.473486477209464
planted,2.0,10000->20000,116,10000,20000,0.7633262561832375,0.4024737845360925,0.9234050015097113
planted,2.0,10000->20000,117,10000,20000,0.4451398848012778,1.3045427827995335,-1.5512135804305398
planted,2.0,10000->20000,118,10000,20000,0.3590715694969922,0.3861571270232894,-0.10491657032404059
planted,2.0,10000->20000,119,10000,20000,0.2957752145551327,0.6234205876694862,-1.0757046367281056
planted,2.0,10000->20000,120,10000,20000,0.9814781438724665,0.47713521086146937,1.0405579853219358
planted,2.0,10000->20000,121,10000,20000,0.28919959144877727,0.4297560763753996,-0.5714525240944242
planted,2.0,10000->20000,122,10000,20000,0.6828764285899105,0.5731149642970219,0.2527999698898212
planted,2.0,10000->20000,123,10000,20000,0.37841449380446907,0.601651018387464,-0.6689595618865096
planted,2.0,10000->20000,124,10000,20000,0.43973032483156754,0.7165273779769864,-0.7044028022373939
planted,2.0,10000->20000,125,10000,20000,0.4414197075662376,0.6529558320357475,-0.5648343652618666
planted,2.0,10000->20000,126,10000,20000,0.7354799797669543,0.4147601797835089,0.8264086801290503
planted,2.0,10000->20000,127,10000,20000,0.4136484640259549,0.4677413876797948,-0.1773058648934421
planted,2.0,10000->20000,128,10000,20000,0.8163482001666144,0.6701978640450239,0.28459755317894714
planted,2.0,10000->20000,129,10000,20000,0.4503074943288615,0.6060222359201544,-0.4284602412375418
planted,2.0,10000->20000,130,10000,20000,1.2060409255582678,0.31169412227135307,1.9520760092907112
planted,2.0,10000->20000,131,10000,20000,0.6411508443546401,0.6261744343177547,0.03409921464062524
planted,2.0,10000->20000,132,10000,20000,0.37577574973813005,0.6477648917246449,-0.785598310402955
planted,2.0,10000->20000,133,10000,20000,0.6230828104187093,0.39083439897182004,0.67286646591966
planted,2.0,10000->20000,134,10000,20000,0.9010013974432601,0.3530744222770584,1.3515570317247922
planted,2.0,10000->20000,135,10000,20000,0.42950933867738866,0.6133174388447767,-0.5139444728885827
planted,2.0,10000->20000,136,10000,20000,0.6229033493316382,0.4301309462304053,0.5342323985184096
planted,2.0,10000->20000,137,10000,20000,0.4050968840358291,0.5268399513916847,-0.3790977643666887
planted,2.0,10000->20000,138,10000,20000,0.7067164172045313,1.423057605456644,-1.0097907347454647
planted,2.0,10000->20000,139,10000,20000,0.5421237231933782,0.6870573390171536,-0.3418083652753699
planted,2.0,10000->20000,140,10000,20000,0.36864616766564934,0.41381013273050665,-0.1667322128481553
planted,2.0,10000->20000,141,10000,20000,0.437728627691322,0.41283993351227294,0.08445421243196363
planted,2.0,10000->20000,142,10000,20000,0.43607967017844584,0.5825686868812978,-0.4178364243275219
planted,2.0,10000->20000,143,10000,20000,0.37044327264297533,1.2981355958332537,-1.8091165475989357
planted,2.0,10000->20000,144,10000,20000,0.7129930645309702,0.6470184018247505,0.14008129883360051
planted,2.0,10000->20000,145,10000,20000,0.5855545341988786,0.42679629494810367,0.4562558868124518
planted,2.0,10000->20000,146,10000,20000,0.32514808590506294,0.43420391536166075,-0.41727580438703016
planted,2.0,10000->20000,147,10000,20000,0.38371136679329454,1.2330256615621824,-1.6841094171652573
planted,2.0,10000->20000,148,10000,20000,0.4392006954417477,0.8285716838932305,-0.9157461788864667
planted,2.0,10000->20000,149,10000,20000,0.57385978180161,0.4505726428592041,0.3489385475789389
planted,2.0,10000->20000,150,10000,20000,0.5099098293468362,0.43312318745537337,0.2354647387069613
planted,2.0,10000->20000,151,10000,20000,0.6205815949043341,0.4645372635254249,0.41782658120523897
planted,2.0,10000->20000,152,10000,20000,0.40664485407361317,0.5262410842826473,-0.37195452857116895
planted,2.0,10000->20000,153,10000,20000,0.46793707792873573,0.553137647332413,-0.24132398921544604
planted,2.0,10000->20000,154,10000,20000,0.4957575249760591,0.32680304948050853,0.6012132252250308
planted,2.0,10000->20000,155,10000,20000,0.3405375763023723,0.707053515831378,-1.0540054147495765
planted,2.0,10000->20000,156,10000,20000,0.5362587636031704,0.4120611706633312,0.3800707974704816
planted,2.0,10000->20000,157,10000,20000,0.4786003100021749,0.513687844086893,-0.10207060279348928
planted,2.0,10000->20000,158,10000,20000,0.6346410427856765,0.8943266768554479,-0.49486108620837366
planted,2.0,10000->20000,159,10000,20000,0.6294146050896184,0.6004018071565308,0.06808233632136974
planted,2.0,10000->20000,160,10000,20000,0.4612013061400441,0.7618495175820803,-0.7241094623696596
planted,2.0,10000->20000,161,10000,20000,0.7801760010153583,0.4133886789678908,0.9163007405565756
planted,2.0,10000->20000,162,10000,20000,0.7284603554581476,0.46881726276049795,0.6358247659706762
planted,2.0,10000->20000,163,10000,20000,1.0453319124896232,0.6856543901437404,0.6084076356142882
planted,2.0,10000->20000,164,10000,20000,0.36323998884884484,0.41062096675189796,-0.17688425819102777
planted,2.0,10000->20000,165,10000,20000,0.4031160958364684,0.5060336718653597,-0.32803799709555315
planted,2.0,10000->20000,166,10000,20000,0.7445731605452002,0.8118359915419946,-0.12477468855813649
planted,2.0,10000->20000,167,10000,20000,0.4115187896287291,0.36501890176950347,0.17298713149993128
planted,2.0,10000->20000,168,10000,20000,0.7455947495134916,0.650278060533066,0.19733495045526253
planted,2.0,10000->20000,169,10000,20000,0.30569962546016455,2.2550478654246624,-2.8829713665445675
planted,2.0,10000->20000,170,10000,20000,0.40614268899041656,0.5573871737316681,-0.456693129831112
planted,2.0,10000->20000,171,10000,20000,0.38599887809674566,1.3759508689097293,-1.8337603972064318
planted,2.0,10000->20000,172,10000,20000,0.48019449482794524,0.5098272382084186,-0.08638958941012867
planted,2.0,10000->20000,173,10000,20000,1.3980740463738328,2.54789165579925,-0.8658631586837467
planted,2.0,10000->20000,174,10000,20000,0.5609145873022636,0.6039567061610469,-0.10666403292801897
planted,2.0,10000->20000,175,10000,20000,0.9166451476067055,0.5520523297977449,0.7315583161243278
planted,2.0,10000->20000,176,10000,20000,1.417354002080271,0.402804476427104,1.8150485131524134
planted,2.0,10000->20000,177,10000,20000,0.7423794692172746,0.8516895521387133,-0.19817083929304502
planted,2.0,10000->20000,178,10000,20000,1.1067024986381675,1.0947004742596578,0.01573127031115792
planted,2.0,10000->20000,179,10000,20000,0.8102676968796483,0.8620335326859931,-0.08934536506849368
planted,2.0,10000->20000,180,10000,20000,0.5011788038693059,0.5883089144489688,-0.23124849639937953
planted,2.0,10000->20000,181,10000,20000,0.43986650862330845,0.3742597370211815,0.2330259078187182
planted,2.0,10000->20000,182,10000,20000,0.42043073023485966,0.5740452907952666,-0.44929644356248605
planted,2.0,10000->20000,183,10000,20000,0.3699524694099834,0.5420840577132807,-0.5511766502543543
planted,2.0,10000->20000,184,10000,20000,0.3198000548482223,0.5329753789705154,-0.7368987023469604
planted,2.0,10000->20000,185,10000,20000,0.645799290776253,0.4056634309784982,0.6708026016562414
planted,2.0,10000->20000,186,10000,20000,0.37090580289191905,0.6163074413419456,-0.7325973711629089
planted,2.0,10000->20000,187,10000,20000,0.4156235456596739,0.5974079639035494,-0.5234390827367182
planted,2.0,10000->20000,188,10000,20000,0.6243002550062555,0.4607431697081411,0.4382772763212689
planted,2.0,10000->20000,189,10000,20000,0.375496288481394,1.0008526646035252,-1.4143590579570897
planted,2.0,10000->20000,190,10000,20000,0.3776039784533589,0.5743237077837816,-0.6049901515707157
planted,2.0,10000->20000,191,10000,20000,0.2742253388343811,0.6547388805480859,-1.2555577689752977
planted,2.0,10000->20000,192,10000,20000,0.37558504183707797,0.4633843564539922,-0.3030697336761015
planted,2.0,10000->20000,193,10000,20000,0.3161383075470717,0.3914069772053971,-0.3081136115507538
planted,2.0,10000->20000,194,10000,20000,0.6352043611382348,0.4944267627242261,0.3614639809637058
planted,2.0,10000->20000,195,10000,20000,0.4601779149348982,0.45755597038305507,0.00824351536926031
planted,2.0,10000->20000,196,10000,20000,0.35225601407503987,0.9784613883233988,-1.4738905829734985
planted,2.0,10000->20000,197,10000,20000,0.3556019975730037,0.3934104147928241,-0.1457717222867523
planted,2.0,10000->20000,198,10000,20000,0.4348441543766675,0.8473785523835514,-0.9625081737032058
planted,2.0,10000->20000,199,10000,20000,0.3920273390809773,0.5306774864831896,-0.4368810769354134
