{
 "distinct_fwd_32bit": {
  "min": 3,
  "max": 16,
  "median": 11,
  "histogram": {
   "3": 3,
   "4": 1,
   "5": 4,
   "6": 4,
   "7": 3,
   "8": 8,
   "9": 19,
   "10": 7,
   "11": 4,
   "12": 6,
   "13": 5,
   "14": 6,
   "15": 5,
   "16": 25
  },
  "fraction_at_or_above_injectivity_threshold": 0.47
 },
 "distinct_fwd_12bit": {
  "min": 1,
  "max": 15,
  "median": 4,
  "histogram": {
   "1": 10,
   "2": 24,
   "3": 10,
   "4": 23,
   "5": 9,
   "6": 8,
   "7": 3,
   "8": 4,
   "9": 2,
   "10": 2,
   "11": 4,
   "15": 1
  },
  "fraction_at_or_above_injectivity_threshold": 0.01
 },
 "distinct_bwd_32bit_max_over_held_fixed": {
  "min": 6,
  "max": 16,
  "median": 12,
  "histogram": {
   "6": 1,
   "8": 8,
   "9": 3,
   "10": 13,
   "11": 11,
   "12": 25,
   "13": 11,
   "14": 9,
   "15": 2,
   "16": 17
  },
  "fraction_at_or_above_injectivity_threshold": 0.64
 },
 "distinct_bwd_32bit_min_over_held_fixed": {
  "min": 1,
  "max": 9,
  "median": 6,
  "histogram": {
   "1": 1,
   "2": 6,
   "3": 6,
   "4": 17,
   "5": 20,
   "6": 25,
   "7": 13,
   "8": 10,
   "9": 2
  },
  "fraction_at_or_above_injectivity_threshold": 0.0
 },
 "distinct_bwd_12bit_max_over_held_fixed": {
  "min": 6,
  "max": 16,
  "median": 12,
  "histogram": {
   "6": 1,
   "8": 8,
   "9": 3,
   "10": 13,
   "11": 11,
   "12": 25,
   "13": 11,
   "14": 9,
   "15": 2,
   "16": 17
  },
  "fraction_at_or_above_injectivity_threshold": 0.64
 },
 "ctl_po5_raw_candidate_count": {
  "min": 2,
  "max": 512,
  "median": 48,
  "histogram": {
   "2": 1,
   "4": 1,
   "8": 6,
   "12": 2,
   "16": 9,
   "24": 9,
   "32": 11,
   "36": 1,
   "40": 2,
   "48": 10,
   "52": 1,
   "56": 1,
   "60": 1,
   "64": 11,
   "80": 1,
   "96": 2,
   "120": 5,
   "126": 1,
   "128": 9,
   "160": 2,
   "192": 4,
   "200": 1,
   "240": 1,
   "256": 3,
   "288": 1,
   "320": 1,
   "384": 2,
   "512": 1
  },
  "fraction_at_or_above_injectivity_threshold": 0.92
 },
 "ctl_po5_fraction_at_or_above_ceiling_4": 0.99,
 "po3_byte_identical_all_seeds": true,
 "rc4_surviving_bit_count_histogram": {
  "1": 1,
  "2": 4,
  "3": 28,
  "4": 67
 },
 "rc4_modeled_vs_measured_adjudication_count": 73,
 "adjudications": [
  {
   "seed": 20260821,
   "quantity": "distinct_fwd_12bit",
   "observed": 4,
   "predicted": 8,
   "departure": 4,
   "beyond_declared_tolerance": true,
   "tolerance": 1
  },
  {
   "seed": 20260821,
   "quantity": "distinct_bwd_32bit_held_0",
   "observed": 6,
   "predicted": 8,
   "departure": 2,
   "beyond_declared_tolerance": true,
   "tolerance": 1
  },
  {
   "seed": 20260821,
   "quantity": "distinct_bwd_32bit_held_1",
   "observed": 5,
   "predicted": 8,
   "departure": 3,
   "beyond_declared_tolerance": true,
   "tolerance": 1
  },
  {
   "seed": 20260821,
   "quantity": "distinct_bwd_32bit_held_2",
   "observed": 5,
   "predicted": 8,
   "departure": 3,
   "beyond_declared_tolerance": true,
   "tolerance": 1
  },
  {
   "seed": 20260821,
   "quantity": "distinct_bwd_32bit_held_3",
   "observed": 12,
   "predicted": 8,
   "departure": 4,
   "beyond_declared_tolerance": true,
   "tolerance": 1
  },
  {
   "seed": 20260821,
   "quantity": "ctl_po5_raw_candidate_count",
   "observed": 24,
   "predicted": 1,
   "departure": 23,
   "beyond_declared_tolerance": true,
   "tolerance": 1,
   "note": "expected_raw_count_modeled is a Poisson-type MODELED value (1 + 4096/2^20); the batch-5 declared ceiling is 4. Departures beyond the tolerance are recorded; the ceiling is a stopping value, not a prediction."
  },
  {
   "seed": 20260822,
   "quantity": "distinct_fwd_32bit",
   "observed": 9,
   "predicted": 16,
   "departure": 7,
   "beyond_declared_tolerance": true,
   "tolerance": 1
  },
  {
   "seed": 20260822,
   "quantity": "distinct_fwd_12bit",
   "observed": 2,
   "predicted": 16,
   "departure": 14,
   "beyond_declared_tolerance": true,
   "tolerance": 1
  },
  {
   "seed": 20260822,
   "quantity": "distinct_bwd_32bit_held_0",
   "observed": 14,
   "predicted": 16,
   "departure": 2,
   "beyond_declared_tolerance": true,
   "tolerance": 1
  },
  {
   "seed": 20260822,
   "quantity": "distinct_bwd_32bit_held_1",
   "observed": 13,
   "predicted": 16,
   "departure": 3,
   "beyond_declared_tolerance": true,
   "tolerance": 1
  },
  {
   "seed": 20260822,
   "quantity": "distinct_bwd_32bit_held_2",
   "observed": 12,
   "predicted": 16,
   "departure": 4,
   "beyond_declared_tolerance": true,
   "tolerance": 1
  },
  {
   "seed": 20260822,
   "quantity": "distinct_bwd_32bit_held_3",
   "observed": 7,
   "predicted": 16,
   "departure": 9,
   "beyond_declared_tolerance": true,
   "tolerance": 1
  },
  {
   "seed": 20260822,
   "quantity": "ctl_po5_raw_candidate_count",
   "observed": 32,
   "predicted": 1,
   "departure": 31,
   "beyond_declared_tolerance": true,
   "tolerance": 1,
   "note": "expected_raw_count_modeled is a Poisson-type MODELED value (1 + 4096/2^20); the batch-5 declared ceiling is 4. Departures beyond the tolerance are recorded; the ceiling is a stopping value, not a prediction."
  },
  {
   "seed": 20260823,
   "quantity": "distinct_fwd_12bit",
   "observed": 5,
   "predicted": 16,
   "departure": 11,
   "beyond_declared_tolerance": true,
   "tolerance": 1
  },
  {
   "seed": 20260823,
   "quantity": "distinct_bwd_32bit_held_0",
   "observed": 10,
   "predicted": 16,
   "departure": 6,
   "beyond_declared_tolerance": true,
   "tolerance": 1
  },
  {
   "seed": 20260823,
   "quantity": "distinct_bwd_32bit_held_1",
   "observed": 8,
   "predicted": 16,
   "departure": 8,
   "beyond_declared_tolerance": true,
   "tolerance": 1
  },
  {
   "seed": 20260823,
   "quantity": "distinct_bwd_32bit_held_2",
   "observed": 8,
   "predicted": 16,
   "departure": 8,
   "beyond_declared_tolerance": true,
   "tolerance": 1
  },
  {
   "seed": 20260823,
   "quantity": "distinct_bwd_32bit_held_3",
   "observed": 4,
   "predicted": 16,
   "departure": 12,
   "beyond_declared_tolerance": true,
   "tolerance": 1
  },
  {
   "seed": 20260823,
   "quantity": "ctl_po5_raw_candidate_count",
   "observed": 128,
   "predicted": 1,
   "departure": 127,
   "beyond_declared_tolerance": true,
   "tolerance": 1,
   "note": "expected_raw_count_modeled is a Poisson-type MODELED value (1 + 4096/2^20); the batch-5 declared ceiling is 4. Departures beyond the tolerance are recorded; the ceiling is a stopping value, not a prediction."
  },
  {
   "seed": 20260824,
   "quantity": "distinct_fwd_32bit",
   "observed": 12,
   "predicted": 16,
   "departure": 4,
   "beyond_declared_tolerance": true,
   "tolerance": 1
  },
  {
   "seed": 20260824,
   "quantity": "distinct_fwd_12bit",
   "observed": 6,
   "predicted": 16,
   "departure": 10,
   "beyond_declared_tolerance": true,
   "tolerance": 1
  },
  {
   "seed": 20260824,
   "quantity": "distinct_bwd_32bit_held_0",
   "observed": 7,
   "predicted": 16,
   "departure": 9,
   "beyond_declared_tolerance": true,
   "tolerance": 1
  },
  {
   "seed": 20260824,
   "quantity": "distinct_bwd_32bit_held_1",
   "observed": 8,
   "predicted": 16,
   "departure": 8,
   "beyond_declared_tolerance": true,
   "tolerance": 1
  },
  {
   "seed": 20260824,
   "quantity": "distinct_bwd_32bit_held_2",
   "observed": 14,
   "predicted": 16,
   "departure": 2,
   "beyond_declared_tolerance": true,
   "tolerance": 1
  },
  {
   "seed": 20260824,
   "quantity": "distinct_bwd_32bit_held_3",
   "observed": 4,
   "predicted": 16,
   "departure": 12,
   "beyond_declared_tolerance": true,
   "tolerance": 1
  },
  {
   "seed": 20260824,
   "quantity": "ctl_po5_raw_candidate_count",
   "observed": 64,
   "predicted": 1,
   "departure": 63,
   "beyond_declared_tolerance": true,
   "tolerance": 1,
   "note": "expected_raw_count_modeled is a Poisson-type MODELED value (1 + 4096/2^20); the batch-5 declared ceiling is 4. Departures beyond the tolerance are recorded; the ceiling is a stopping value, not a prediction."
  },
  {
   "seed": 20260825,
   "quantity": "distinct_fwd_12bit",
   "observed": 9,
   "predicted": 16,
   "departure": 7,
   "beyond_declared_tolerance": true,
   "tolerance": 1
  },
  {
   "seed": 20260825,
   "quantity": "distinct_bwd_32bit_held_0",
   "observed": 8,
   "predicted": 16,
   "departure": 8,
   "beyond_declared_tolerance": true,
   "tolerance": 1
  },
  {
   "seed": 20260825,
   "quantity": "distinct_bwd_32bit_held_1",
   "observed": 9,
   "predicted": 16,
   "departure": 7,
   "beyond_declared_tolerance": true,
   "tolerance": 1
  },
  {
   "seed": 20260825,
   "quantity": "distinct_bwd_32bit_held_2",
   "observed": 7,
   "predicted": 16,
   "departure": 9,
   "beyond_declared_tolerance": true,
   "tolerance": 1
  },
  {
   "seed": 20260825,
   "quantity": "distinct_bwd_32bit_held_3",
   "observed": 4,
   "predicted": 16,
   "departure": 12,
   "beyond_declared_tolerance": true,
   "tolerance": 1
  },
  {
   "seed": 20260825,
   "quantity": "ctl_po5_raw_candidate_count",
   "observed": 8,
   "predicted": 1,
   "departure": 7,
   "beyond_declared_tolerance": true,
   "tolerance": 1,
   "note": "expected_raw_count_modeled is a Poisson-type MODELED value (1 + 4096/2^20); the batch-5 declared ceiling is 4. Departures beyond the tolerance are recorded; the ceiling is a stopping value, not a prediction."
  },
  {
   "seed": 20260826,
   "quantity": "distinct_fwd_12bit",
   "observed": 8,
   "predicted": 16,
   "departure": 8,
   "beyond_declared_tolerance": true,
   "tolerance": 1
  },
  {
   "seed": 20260826,
   "quantity": "distinct_bwd_32bit_held_0",
   "observed": 9,
   "predicted": 16,
   "departure": 7,
   "beyond_declared_tolerance": true,
   "tolerance": 1
  },
  {
   "seed": 20260826,
   "quantity": "distinct_bwd_32bit_held_1",
   "observed": 6,
   "predicted": 16,
   "departure": 10,
   "beyond_declared_tolerance": true,
   "tolerance": 1
  },
  {
   "seed": 20260826,
   "quantity": "distinct_bwd_32bit_held_2",
   "observed": 8,
   "predicted": 16,
   "departure": 8,
   "beyond_declared_tolerance": true,
   "tolerance": 1
  },
  {
   "seed": 20260826,
   "quantity": "distinct_bwd_32bit_held_3",
   "observed": 12,
   "predicted": 16,
   "departure": 4,
   "beyond_declared_tolerance": true,
   "tolerance": 1
  },
  {
   "seed": 20260826,
   "quantity": "ctl_po5_raw_candidate_count",
   "observed": 16,
   "predicted": 1,
   "departure": 15,
   "beyond_declared_tolerance": true,
   "tolerance": 1,
   "note": "expected_raw_count_modeled is a Poisson-type MODELED value (1 + 4096/2^20); the batch-5 declared ceiling is 4. Departures beyond the tolerance are recorded; the ceiling is a stopping value, not a prediction."
  },
  {
   "seed": 20260827,
   "quantity": "distinct_fwd_12bit",
   "observed": 4,
   "predicted": 8,
   "departure": 4,
   "beyond_declared_tolerance": true,
   "tolerance": 1
  },
  {
   "seed": 20260827,
   "quantity": "distinct_bwd_32bit_held_1",
   "observed": 6,
   "predicted": 8,
   "departure": 2,
   "beyond_declared_tolerance": true,
   "tolerance": 1
  },
  {
   "seed": 20260827,
   "quantity": "ctl_po5_raw_candidate_count",
   "observed": 52,
   "predicted": 1,
   "departure": 51,
   "beyond_declared_tolerance": true,
   "tolerance": 1,
   "note": "expected_raw_count_modeled is a Poisson-type MODELED value (1 + 4096/2^20); the batch-5 declared ceiling is 4. Departures beyond the tolerance are recorded; the ceiling is a stopping value, not a prediction."
  },
  {
   "seed": 20260828,
   "quantity": "distinct_fwd_12bit",
   "observed": 4,
   "predicted": 16,
   "departure": 12,
   "beyond_declared_tolerance": true,
   "tolerance": 1
  },
  {
   "seed": 20260828,
   "quantity": "distinct_bwd_32bit_held_1",
   "observed": 8,
   "predicted": 16,
   "departure": 8,
   "beyond_declared_tolerance": true,
   "tolerance": 1
  },
  {
   "seed": 20260828,
   "quantity": "distinct_bwd_32bit_held_3",
   "observed": 12,
   "predicted": 16,
   "departure": 4,
   "beyond_declared_tolerance": true,
   "tolerance": 1
  },
  {
   "seed": 20260828,
   "quantity": "ctl_po5_raw_candidate_count",
   "observed": 12,
   "predicted": 1,
   "departure": 11,
   "beyond_declared_tolerance": true,
   "tolerance": 1,
   "note": "expected_raw_count_modeled is a Poisson-type MODELED value (1 + 4096/2^20); the batch-5 declared ceiling is 4. Departures beyond the tolerance are recorded; the ceiling is a stopping value, not a prediction."
  },
  {
   "seed": 20260829,
   "quantity": "distinct_fwd_32bit",
   "observed": 14,
   "predicted": 16,
   "departure": 2,
   "beyond_declared_tolerance": true,
   "tolerance": 1
  },
  {
   "seed": 20260829,
   "quantity": "distinct_fwd_12bit",
   "observed": 3,
   "predicted": 16,
   "departure": 13,
   "beyond_declared_tolerance": true,
   "tolerance": 1
  },
  {
   "seed": 20260829,
   "quantity": "distinct_bwd_32bit_held_0",
   "observed": 8,
   "predicted": 16,
   "departure": 8,
   "beyond_declared_tolerance": true,
   "tolerance": 1
  },
  {
   "seed": 20260829,
   "quantity": "distinct_bwd_32bit_held_1",
   "observed": 9,
   "predicted": 16,
   "departure": 7,
   "beyond_declared_tolerance": true,
   "tolerance": 1
  },
  {
   "seed": 20260829,
   "quantity": "distinct_bwd_32bit_held_2",
   "observed": 10,
   "predicted": 16,
   "departure": 6,
   "beyond_declared_tolerance": true,
   "tolerance": 1
  },
  {
   "seed": 20260829,
   "quantity": "distinct_bwd_32bit_held_3",
   "observed": 7,
   "predicted": 16,
   "departure": 9,
   "beyond_declared_tolerance": true,
   "tolerance": 1
  },
  {
   "seed": 20260829,
   "quantity": "ctl_po5_raw_candidate_count",
   "observed": 16,
   "predicted": 1,
   "departure": 15,
   "beyond_declared_tolerance": true,
   "tolerance": 1,
   "note": "expected_raw_count_modeled is a Poisson-type MODELED value (1 + 4096/2^20); the batch-5 declared ceiling is 4. Departures beyond the tolerance are recorded; the ceiling is a stopping value, not a prediction."
  },
  {
   "seed": 20260830,
   "quantity": "distinct_fwd_32bit",
   "observed": 13,
   "predicted": 16,
   "departure": 3,
   "beyond_declared_tolerance": true,
   "tolerance": 1
  },
  {
   "seed": 20260830,
   "quantity": "distinct_fwd_12bit",
   "observed": 4,
   "predicted": 16,
   "departure": 12,
   "beyond_declared_tolerance": true,
   "tolerance": 1
  },
  {
   "seed": 20260830,
   "quantity": "distinct_bwd_32bit_held_0",
   "observed": 8,
   "predicted": 16,
   "departure": 8,
   "beyond_declared_tolerance": true,
   "tolerance": 1
  },
  {
   "seed": 20260830,
   "quantity": "distinct_bwd_32bit_held_1",
   "observed": 8,
   "predicted": 16,
   "departure": 8,
   "beyond_declared_tolerance": true,
   "tolerance": 1
  },
  {
   "seed": 20260830,
   "quantity": "distinct_bwd_32bit_held_2",
   "observed": 6,
   "predicted": 16,
   "departure": 10,
   "beyond_declared_tolerance": true,
   "tolerance": 1
  },
  {
   "seed": 20260830,
   "quantity": "distinct_bwd_32bit_held_3",
   "observed": 8,
   "predicted": 16,
   "departure": 8,
   "beyond_declared_tolerance": true,
   "tolerance": 1
  },
  {
   "seed": 20260830,
   "quantity": "ctl_po5_raw_candidate_count",
   "observed": 32,
   "predicted": 1,
   "departure": 31,
   "beyond_declared_tolerance": true,
   "tolerance": 1,
   "note": "expected_raw_count_modeled is a Poisson-type MODELED value (1 + 4096/2^20); the batch-5 declared ceiling is 4. Departures beyond the tolerance are recorded; the ceiling is a stopping value, not a prediction."
  },
  {
   "seed": 20260831,
   "quantity": "distinct_fwd_32bit",
   "observed": 11,
   "predicted": 16,
   "departure": 5,
   "beyond_declared_tolerance": true,
   "tolerance": 1
  },
  {
   "seed": 20260831,
   "quantity": "distinct_fwd_12bit",
   "observed": 4,
   "predicted": 16,
   "departure": 12,
   "beyond_declared_tolerance": true,
   "tolerance": 1
  },
  {
   "seed": 20260831,
   "quantity": "distinct_bwd_32bit_held_0",
   "observed": 12,
   "predicted": 16,
   "departure": 4,
   "beyond_declared_tolerance": true,
   "tolerance": 1
  },
  {
   "seed": 20260831,
   "quantity": "distinct_bwd_32bit_held_1",
   "observed": 10,
   "predicted": 16,
   "departure": 6,
   "beyond_declared_tolerance": true,
   "tolerance": 1
  },
  {
   "seed": 20260831,
   "quantity": "distinct_bwd_32bit_held_2",
   "observed": 5,
   "predicted": 16,
   "departure": 11,
   "beyond_declared_tolerance": true,
   "tolerance": 1
  },
  {
   "seed": 20260831,
   "quantity": "ctl_po5_raw_candidate_count",
   "observed": 128,
   "predicted": 1,
   "departure": 127,
   "beyond_declared_tolerance": true,
   "tolerance": 1,
   "note": "expected_raw_count_modeled is a Poisson-type MODELED value (1 + 4096/2^20); the batch-5 declared ceiling is 4. Departures beyond the tolerance are recorded; the ceiling is a stopping value, not a prediction."
  },
  {
   "seed": 20260832,
   "quantity": "distinct_fwd_32bit",
   "observed": 9,
   "predicted": 16,
   "departure": 7,
   "beyond_declared_tolerance": true,
   "tolerance": 1
  },
  {
   "seed": 20260832,
   "quantity": "distinct_fwd_12bit",
   "observed": 2,
   "predicted": 16,
   "departure": 14,
   "beyond_declared_tolerance": true,
   "tolerance": 1
  },
  {
   "seed": 20260832,
   "quantity": "distinct_bwd_32bit_held_0",
   "observed": 4,
   "predicted": 16,
   "departure": 12,
   "beyond_declared_tolerance": true,
   "tolerance": 1
  },
  {
   "seed": 20260832,
   "quantity": "distinct_bwd_32bit_held_1",
   "observed": 10,
   "predicted": 16,
   "departure": 6,
   "beyond_declared_tolerance": true,
   "tolerance": 1
  },
  {
   "seed": 20260832,
   "quantity": "distinct_bwd_32bit_held_2",
   "observed": 4,
   "predicted": 16,
   "departure": 12,
   "beyond_declared_tolerance": true,
   "tolerance": 1
  },
  {
   "seed": 20260832,
   "quantity": "distinct_bwd_32bit_held_3",
   "observed": 2,
   "predicted": 16,
   "departure": 14,
   "beyond_declared_tolerance": true,
   "tolerance": 1
  },
  {
   "seed": 20260832,
   "quantity": "ctl_po5_raw_candidate_count",
   "observed": 256,
   "predicted": 1,
   "departure": 255,
   "beyond_declared_tolerance": true,
   "tolerance": 1,
   "note": "expected_raw_count_modeled is a Poisson-type MODELED value (1 + 4096/2^20); the batch-5 declared ceiling is 4. Departures beyond the tolerance are recorded; the ceiling is a stopping value, not a prediction."
  },
  {
   "seed": 20260833,
   "quantity": "distinct_fwd_32bit",
   "observed": 11,
   "predicted": 4,
   "departure": 7,
   "beyond_declared_tolerance": true,
   "tolerance": 1
  },
  {
   "seed": 20260833,
   "quantity": "distinct_fwd_12bit",
   "observed": 2,
   "predicted": 4,
   "departure": 2,
   "beyond_declared_tolerance": true,
   "tolerance": 1
  },
  {
   "seed": 20260833,
   "quantity": "distinct_bwd_32bit_held_0",
   "observed": 12,
   "predicted": 4,
   "departure": 8,
   "beyond_declared_tolerance": true,
   "tolerance": 1
  },
  {
   "seed": 20260833,
   "quantity": "distinct_bwd_32bit_held_1",
   "observed": 7,
   "predicted": 4,
   "departure": 3,
   "beyond_declared_tolerance": true,
   "tolerance": 1
  },
  {
   "seed": 20260833,
   "quantity": "distinct_bwd_32bit_held_2",
   "observed": 9,
   "predicted": 4,
   "departure": 5,
   "beyond_declared_tolerance": true,
   "tolerance": 1
  },
  {
   "seed": 20260833,
   "quantity": "distinct_bwd_32bit_held_3",
   "observed": 11,
   "predicted": 4,
   "departure": 7,
   "beyond_declared_tolerance": true,
   "tolerance": 1
  },
  {
   "seed": 20260833,
   "quantity": "ctl_po5_raw_candidate_count",
   "observed": 128,
   "predicted": 1,
   "departure": 127,
   "beyond_declared_tolerance": true,
   "tolerance": 1,
   "note": "expected_raw_count_modeled is a Poisson-type MODELED value (1 + 4096/2^20); the batch-5 declared ceiling is 4. Departures beyond the tolerance are recorded; the ceiling is a stopping value, not a prediction."
  },
  {
   "seed": 20260834,
   "quantity": "distinct_fwd_32bit",
   "observed": 10,
   "predicted": 16,
   "departure": 6,
   "beyond_declared_tolerance": true,
   "tolerance": 1
  },
  {
   "seed": 20260834,
   "quantity": "distinct_fwd_12bit",
   "observed": 1,
   "predicted": 16,
   "departure": 15,
   "beyond_declared_tolerance": true,
   "tolerance": 1
  },
  {
   "seed": 20260834,
   "quantity": "distinct_bwd_32bit_held_0",
   "observed": 5,
   "predicted": 16,
   "departure": 11,
   "beyond_declared_tolerance": true,
   "tolerance": 1
  },
  {
   "seed": 20260834,
   "quantity": "distinct_bwd_32bit_held_1",
   "observed": 13,
   "predicted": 16,
   "departure": 3,
   "beyond_declared_tolerance": true,
   "tolerance": 1
  },
  {
   "seed": 20260834,
   "quantity": "distinct_bwd_32bit_held_2",
   "observed": 12,
   "predicted": 16,
   "departure": 4,
   "beyond_declared_tolerance": true,
   "tolerance": 1
  },
  {
   "seed": 20260834,
   "quantity": "distinct_bwd_32bit_held_3",
   "observed": 5,
   "predicted": 16,
   "departure": 11,
   "beyond_declared_tolerance": true,
   "tolerance": 1
  },
  {
   "seed": 20260834,
   "quantity": "ctl_po5_raw_candidate_count",
   "observed": 128,
   "predicted": 1,
   "departure": 127,
   "beyond_declared_tolerance": true,
   "tolerance": 1,
   "note": "expected_raw_count_modeled is a Poisson-type MODELED value (1 + 4096/2^20); the batch-5 declared ceiling is 4. Departures beyond the tolerance are recorded; the ceiling is a stopping value, not a prediction."
  },
  {
   "seed": 20260835,
   "quantity": "distinct_fwd_12bit",
   "observed": 3,
   "predicted": 16,
   "departure": 13,
   "beyond_declared_tolerance": true,
   "tolerance": 1
  },
  {
   "seed": 20260835,
   "quantity": "distinct_bwd_32bit_held_0",
   "observed": 5,
   "predicted": 16,
   "departure": 11,
   "beyond_declared_tolerance": true,
   "tolerance": 1
  },
  {
   "seed": 20260835,
   "quantity": "distinct_bwd_32bit_held_1",
   "observed": 12,
   "predicted": 16,
   "departure": 4,
   "beyond_declared_tolerance": true,
   "tolerance": 1
  },
  {
   "seed": 20260835,
   "quantity": "distinct_bwd_32bit_held_2",
   "observed": 6,
   "predicted": 16,
   "departure": 10,
   "beyond_declared_tolerance": true,
   "tolerance": 1
  },
  {
   "seed": 20260835,
   "quantity": "distinct_bwd_32bit_held_3",
   "observed": 14,
   "predicted": 16,
   "departure": 2,
   "beyond_declared_tolerance": true,
   "tolerance": 1
  },
  {
   "seed": 20260835,
   "quantity": "ctl_po5_raw_candidate_count",
   "observed": 16,
   "predicted": 1,
   "departure": 15,
   "beyond_declared_tolerance": true,
   "tolerance": 1,
   "note": "expected_raw_count_modeled is a Poisson-type MODELED value (1 + 4096/2^20); the batch-5 declared ceiling is 4. Departures beyond the tolerance are recorded; the ceiling is a stopping value, not a prediction."
  },
  {
   "seed": 20260836,
   "quantity": "distinct_fwd_32bit",
   "observed": 6,
   "predicted": 8,
   "departure": 2,
   "beyond_declared_tolerance": true,
   "tolerance": 1
  },
  {
   "seed": 20260836,
   "quantity": "distinct_fwd_12bit",
   "observed": 1,
   "predicted": 8,
   "departure": 7,
   "beyond_declared_tolerance": true,
   "tolerance": 1
  },
  {
   "seed": 20260836,
   "quantity": "distinct_bwd_32bit_held_2",
   "observed": 10,
   "predicted": 8,
   "departure": 2,
   "beyond_declared_tolerance": true,
   "tolerance": 1
  },
  {
   "seed": 20260836,
   "quantity": "ctl_po5_raw_candidate_count",
   "observed": 256,
   "predicted": 1,
   "departure": 255,
   "beyond_declared_tolerance": true,
   "tolerance": 1,
   "note": "expected_raw_count_modeled is a Poisson-type MODELED value (1 + 4096/2^20); the batch-5 declared ceiling is 4. Departures beyond the tolerance are recorded; the ceiling is a stopping value, not a prediction."
  },
  {
   "seed": 20260837,
   "quantity": "distinct_fwd_32bit",
   "observed": 6,
   "predicted": 8,
   "departure": 2,
   "beyond_declared_tolerance": true,
   "tolerance": 1
  },
  {
   "seed": 20260837,
   "quantity": "distinct_fwd_12bit",
   "observed": 2,
   "predicted": 8,
   "departure": 6,
   "beyond_declared_tolerance": true,
   "tolerance": 1
  },
  {
   "seed": 20260837,
   "quantity": "distinct_bwd_32bit_held_0",
   "observed": 4,
   "predicted": 8,
   "departure": 4,
   "beyond_declared_tolerance": true,
   "tolerance": 1
  },
  {
   "seed": 20260837,
   "quantity": "distinct_bwd_32bit_held_2",
   "observed": 11,
   "predicted": 8,
   "departure": 3,
   "beyond_declared_tolerance": true,
   "tolerance": 1
  },
  {
   "seed": 20260837,
   "quantity": "distinct_bwd_32bit_held_3",
   "observed": 5,
   "predicted": 8,
   "departure": 3,
   "beyond_declared_tolerance": true,
   "tolerance": 1
  },
  {
   "seed": 20260837,
   "quantity": "ctl_po5_raw_candidate_count",
   "observed": 160,
   "predicted": 1,
   "departure": 159,
   "beyond_declared_tolerance": true,
   "tolerance": 1,
   "note": "expected_raw_count_modeled is a Poisson-type MODELED value (1 + 4096/2^20); the batch-5 declared ceiling is 4. Departures beyond the tolerance are recorded; the ceiling is a stopping value, not a prediction."
  },
  {
   "seed": 20260838,
   "quantity": "distinct_fwd_12bit",
   "observed": 8,
   "predicted": 16,
   "departure": 8,
   "beyond_declared_tolerance": true,
   "tolerance": 1
  },
  {
   "seed": 20260838,
   "quantity": "distinct_bwd_32bit_held_0",
   "observed": 12,
   "predicted": 16,
   "departure": 4,
   "beyond_declared_tolerance": true,
   "tolerance": 1
  },
  {
   "seed": 20260838,
   "quantity": "distinct_bwd_32bit_held_1",
   "observed": 5,
   "predicted": 16,
   "departure": 11,
   "beyond_declared_tolerance": true,
   "tolerance": 1
  },
  {
   "seed": 20260838,
   "quantity": "distinct_bwd_32bit_held_2",
   "observed": 8,
   "predicted": 16,
   "departure": 8,
   "beyond_declared_tolerance": true,
   "tolerance": 1
  },
  {
   "seed": 20260838,
   "quantity": "distinct_bwd_32bit_held_3",
   "observed": 10,
   "predicted": 16,
   "departure": 6,
   "beyond_declared_tolerance": true,
   "tolerance": 1
  },
  {
   "seed": 20260838,
   "quantity": "ctl_po5_raw_candidate_count",
   "observed": 128,
   "predicted": 1,
   "departure": 127,
   "beyond_declared_tolerance": true,
   "tolerance": 1,
   "note": "expected_raw_count_modeled is a Poisson-type MODELED value (1 + 4096/2^20); the batch-5 declared ceiling is 4. Departures beyond the tolerance are recorded; the ceiling is a stopping value, not a prediction."
  },
  {
   "seed": 20260839,
   "quantity": "distinct_fwd_12bit",
   "observed": 4,
   "predicted": 8,
   "departure": 4,
   "beyond_declared_tolerance": true,
   "tolerance": 1
  },
  {
   "seed": 20260839,
   "quantity": "distinct_bwd_32bit_held_0",
   "observed": 6,
   "predicted": 8,
   "departure": 2,
   "beyond_declared_tolerance": true,
   "tolerance": 1
  },
  {
   "seed": 20260839,
   "quantity": "distinct_bwd_32bit_held_1",
   "observed": 13,
   "predicted": 8,
   "departure": 5,
   "beyond_declared_tolerance": true,
   "tolerance": 1
  },
  {
   "seed": 20260839,
   "quantity": "distinct_bwd_32bit_held_2",
   "observed": 10,
   "predicted": 8,
   "departure": 2,
   "beyond_declared_tolerance": true,
   "tolerance": 1
  },
  {
   "seed": 20260839,
   "quantity": "ctl_po5_raw_candidate_count",
   "observed": 240,
   "predicted": 1,
   "departure": 239,
   "beyond_declared_tolerance": true,
   "tolerance": 1,
   "note": "expected_raw_count_modeled is a Poisson-type MODELED value (1 + 4096/2^20); the batch-5 declared ceiling is 4. Departures beyond the tolerance are recorded; the ceiling is a stopping value, not a prediction."
  },
  {
   "seed": 20260840,
   "quantity": "distinct_fwd_32bit",
   "observed": 14,
   "predicted": 8,
   "departure": 6,
   "beyond_declared_tolerance": true,
   "tolerance": 1
  },
  {
   "seed": 20260840,
   "quantity": "distinct_bwd_32bit_held_0",
   "observed": 2,
   "predicted": 8,
   "departure": 6,
   "beyond_declared_tolerance": true,
   "tolerance": 1
  },
  {
   "seed": 20260840,
   "quantity": "distinct_bwd_32bit_held_1",
   "observed": 5,
   "predicted": 8,
   "departure": 3,
   "beyond_declared_tolerance": true,
   "tolerance": 1
  },
  {
   "seed": 20260840,
   "quantity": "distinct_bwd_32bit_held_2",
   "observed": 11,
   "predicted": 8,
   "departure": 3,
   "beyond_declared_tolerance": true,
   "tolerance": 1
  },
  {
   "seed": 20260840,
   "quantity": "distinct_bwd_32bit_held_3",
   "observed": 10,
   "predicted": 8,
   "departure": 2,
   "beyond_declared_tolerance": true,
   "tolerance": 1
  },
  {
   "seed": 20260840,
   "quantity": "ctl_po5_raw_candidate_count",
   "observed": 48,
   "predicted": 1,
   "departure": 47,
   "beyond_declared_tolerance": true,
   "tolerance": 1,
   "note": "expected_raw_count_modeled is a Poisson-type MODELED value (1 + 4096/2^20); the batch-5 declared ceiling is 4. Departures beyond the tolerance are recorded; the ceiling is a stopping value, not a prediction."
  },
  {
   "seed": 20260841,
   "quantity": "distinct_fwd_32bit",
   "observed": 10,
   "predicted": 16,
   "departure": 6,
   "beyond_declared_tolerance": true,
   "tolerance": 1
  },
  {
   "seed": 20260841,
   "quantity": "distinct_fwd_12bit",
   "observed": 2,
   "predicted": 16,
   "departure": 14,
   "beyond_declared_tolerance": true,
   "tolerance": 1
  },
  {
   "seed": 20260841,
   "quantity": "distinct_bwd_32bit_held_0",
   "observed": 9,
   "predicted": 16,
   "departure": 7,
   "beyond_declared_tolerance": true,
   "tolerance": 1
  },
  {
   "seed": 20260841,
   "quantity": "distinct_bwd_32bit_held_1",
   "observed": 7,
   "predicted": 16,
   "departure": 9,
   "beyond_declared_tolerance": true,
   "tolerance": 1
  },
  {
   "seed": 20260841,
   "quantity": "distinct_bwd_32bit_held_2",
   "observed": 9,
   "predicted": 16,
   "departure": 7,
   "beyond_declared_tolerance": true,
   "tolerance": 1
  },
  {
   "seed": 20260841,
   "quantity": "distinct_bwd_32bit_held_3",
   "observed": 9,
   "predicted": 16,
   "departure": 7,
   "beyond_declared_tolerance": true,
   "tolerance": 1
  },
  {
   "seed": 20260841,
   "quantity": "ctl_po5_raw_candidate_count",
   "observed": 24,
   "predicted": 1,
   "departure": 23,
   "beyond_declared_tolerance": true,
   "tolerance": 1,
   "note": "expected_raw_count_modeled is a Poisson-type MODELED value (1 + 4096/2^20); the batch-5 declared ceiling is 4. Departures beyond the tolerance are recorded; the ceiling is a stopping value, not a prediction."
  },
  {
   "seed": 20260842,
   "quantity": "distinct_fwd_12bit",
   "observed": 2,
   "predicted": 16,
   "departure": 14,
   "beyond_declared_tolerance": true,
   "tolerance": 1
  },
  {
   "seed": 20260842,
   "quantity": "distinct_bwd_32bit_held_0",
   "observed": 3,
   "predicted": 16,
   "departure": 13,
   "beyond_declared_tolerance": true,
   "tolerance": 1
  },
  {
   "seed": 20260842,
   "quantity": "distinct_bwd_32bit_held_1",
   "observed": 12,
   "predicted": 16,
   "departure": 4,
   "beyond_declared_tolerance": true,
   "tolerance": 1
  },
  {
   "seed": 20260842,
   "quantity": "distinct_bwd_32bit_held_2",
   "observed": 12,
   "predicted": 16,
   "departure": 4,
   "beyond_declared_tolerance": true,
   "tolerance": 1
  },
  {
   "seed": 20260842,
   "quantity": "distinct_bwd_32bit_held_3",
   "observed": 7,
   "predicted": 16,
   "departure": 9,
   "beyond_declared_tolerance": true,
   "tolerance": 1
  },
  {
   "seed": 20260842,
   "quantity": "ctl_po5_raw_candidate_count",
   "observed": 60,
   "predicted": 1,
   "departure": 59,
   "beyond_declared_tolerance": true,
   "tolerance": 1,
   "note": "expected_raw_count_modeled is a Poisson-type MODELED value (1 + 4096/2^20); the batch-5 declared ceiling is 4. Departures beyond the tolerance are recorded; the ceiling is a stopping value, not a prediction."
  },
  {
   "seed": 20260843,
   "quantity": "distinct_fwd_32bit",
   "observed": 13,
   "predicted": 16,
   "departure": 3,
   "beyond_declared_tolerance": true,
   "tolerance": 1
  },
  {
   "seed": 20260843,
   "quantity": "distinct_fwd_12bit",
   "observed": 7,
   "predicted": 16,
   "departure": 9,
   "beyond_declared_tolerance": true,
   "tolerance": 1
  },
  {
   "seed": 20260843,
   "quantity": "distinct_bwd_32bit_held_0",
   "observed": 8,
   "predicted": 16,
   "departure": 8,
   "beyond_declared_tolerance": true,
   "tolerance": 1
  },
  {
   "seed": 20260843,
   "quantity": "distinct_bwd_32bit_held_1",
   "observed": 3,
   "predicted": 16,
   "departure": 13,
   "beyond_declared_tolerance": true,
   "tolerance": 1
  },
  {
   "seed": 20260843,
   "quantity": "distinct_bwd_32bit_held_2",
   "observed": 14,
   "predicted": 16,
   "departure": 2,
   "beyond_declared_tolerance": true,
   "tolerance": 1
  },
  {
   "seed": 20260843,
   "quantity": "distinct_bwd_32bit_held_3",
   "observed": 3,
   "predicted": 16,
   "departure": 13,
   "beyond_declared_tolerance": true,
   "tolerance": 1
  },
  {
   "seed": 20260843,
   "quantity": "ctl_po5_raw_candidate_count",
   "observed": 120,
   "predicted": 1,
   "departure": 119,
   "beyond_declared_tolerance": true,
   "tolerance": 1,
   "note": "expected_raw_count_modeled is a Poisson-type MODELED value (1 + 4096/2^20); the batch-5 declared ceiling is 4. Departures beyond the tolerance are recorded; the ceiling is a stopping value, not a prediction."
  },
  {
   "seed": 20260844,
   "quantity": "distinct_fwd_12bit",
   "observed": 10,
   "predicted": 16,
   "departure": 6,
   "beyond_declared_tolerance": true,
   "tolerance": 1
  },
  {
   "seed": 20260844,
   "quantity": "distinct_bwd_32bit_held_0",
   "observed": 8,
   "predicted": 16,
   "departure": 8,
   "beyond_declared_tolerance": true,
   "tolerance": 1
  },
  {
   "seed": 20260844,
   "quantity": "distinct_bwd_32bit_held_2",
   "observed": 6,
   "predicted": 16,
   "departure": 10,
   "beyond_declared_tolerance": true,
   "tolerance": 1
  },
  {
   "seed": 20260844,
   "quantity": "distinct_bwd_32bit_held_3",
   "observed": 5,
   "predicted": 16,
   "departure": 11,
   "beyond_declared_tolerance": true,
   "tolerance": 1
  },
  {
   "seed": 20260844,
   "quantity": "ctl_po5_raw_candidate_count",
   "observed": 24,
   "predicted": 1,
   "departure": 23,
   "beyond_declared_tolerance": true,
   "tolerance": 1,
   "note": "expected_raw_count_modeled is a Poisson-type MODELED value (1 + 4096/2^20); the batch-5 declared ceiling is 4. Departures beyond the tolerance are recorded; the ceiling is a stopping value, not a prediction."
  },
  {
   "seed": 20260845,
   "quantity": "distinct_fwd_32bit",
   "observed": 11,
   "predicted": 8,
   "departure": 3,
   "beyond_declared_tolerance": true,
   "tolerance": 1
  },
  {
   "seed": 20260845,
   "quantity": "distinct_fwd_12bit",
   "observed": 6,
   "predicted": 8,
   "departure": 2,
   "beyond_declared_tolerance": true,
   "tolerance": 1
  },
  {
   "seed": 20260845,
   "quantity": "distinct_bwd_32bit_held_1",
   "observed": 16,
   "predicted": 8,
   "departure": 8,
   "beyond_declared_tolerance": true,
   "tolerance": 1
  },
  {
   "seed": 20260845,
   "quantity": "ctl_po5_raw_candidate_count",
   "observed": 8,
   "predicted": 1,
   "departure": 7,
   "beyond_declared_tolerance": true,
   "tolerance": 1,
   "note": "expected_raw_count_modeled is a Poisson-type MODELED value (1 + 4096/2^20); the batch-5 declared ceiling is 4. Departures beyond the tolerance are recorded; the ceiling is a stopping value, not a prediction."
  },
  {
   "seed": 20260846,
   "quantity": "distinct_fwd_12bit",
   "observed": 8,
   "predicted": 16,
   "departure": 8,
   "beyond_declared_tolerance": true,
   "tolerance": 1
  },
  {
   "seed": 20260846,
   "quantity": "distinct_bwd_32bit_held_0",
   "observed": 8,
   "predicted": 16,
   "departure": 8,
   "beyond_declared_tolerance": true,
   "tolerance": 1
  },
  {
   "seed": 20260846,
   "quantity": "distinct_bwd_32bit_held_1",
   "observed": 9,
   "predicted": 16,
   "departure": 7,
   "beyond_declared_tolerance": true,
   "tolerance": 1
  },
  {
   "seed": 20260846,
   "quantity": "distinct_bwd_32bit_held_2",
   "observed": 8,
   "predicted": 16,
   "departure": 8,
   "beyond_declared_tolerance": true,
   "tolerance": 1
  },
  {
   "seed": 20260846,
   "quantity": "distinct_bwd_32bit_held_3",
   "observed": 7,
   "predicted": 16,
   "departure": 9,
   "beyond_declared_tolerance": true,
   "tolerance": 1
  },
  {
   "seed": 20260846,
   "quantity": "ctl_po5_raw_candidate_count",
   "observed": 48,
   "predicted": 1,
   "departure": 47,
   "beyond_declared_tolerance": true,
   "tolerance": 1,
   "note": "expected_raw_count_modeled is a Poisson-type MODELED value (1 + 4096/2^20); the batch-5 declared ceiling is 4. Departures beyond the tolerance are recorded; the ceiling is a stopping value, not a prediction."
  },
  {
   "seed": 20260847,
   "quantity": "distinct_fwd_32bit",
   "observed": 14,
   "predicted": 16,
   "departure": 2,
   "beyond_declared_tolerance": true,
   "tolerance": 1
  },
  {
   "seed": 20260847,
   "quantity": "distinct_fwd_12bit",
   "observed": 4,
   "predicted": 16,
   "departure": 12,
   "beyond_declared_tolerance": true,
   "tolerance": 1
  },
  {
   "seed": 20260847,
   "quantity": "distinct_bwd_32bit_held_0",
   "observed": 11,
   "predicted": 16,
   "departure": 5,
   "beyond_declared_tolerance": true,
   "tolerance": 1
  },
  {
   "seed": 20260847,
   "quantity": "distinct_bwd_32bit_held_1",
   "observed": 12,
   "predicted": 16,
   "departure": 4,
   "beyond_declared_tolerance": true,
   "tolerance": 1
  },
  {
   "seed": 20260847,
   "quantity": "distinct_bwd_32bit_held_2",
   "observed": 9,
   "predicted": 16,
   "departure": 7,
   "beyond_declared_tolerance": true,
   "tolerance": 1
  },
  {
   "seed": 20260847,
   "quantity": "distinct_bwd_32bit_held_3",
   "observed": 8,
   "predicted": 16,
   "departure": 8,
   "beyond_declared_tolerance": true,
   "tolerance": 1
  },
  {
   "seed": 20260847,
   "quantity": "ctl_po5_raw_candidate_count",
   "observed": 32,
   "predicted": 1,
   "departure": 31,
   "beyond_declared_tolerance": true,
   "tolerance": 1,
   "note": "expected_raw_count_modeled is a Poisson-type MODELED value (1 + 4096/2^20); the batch-5 declared ceiling is 4. Departures beyond the tolerance are recorded; the ceiling is a stopping value, not a prediction."
  },
  {
   "seed": 20260848,
   "quantity": "distinct_bwd_32bit_held_0",
   "observed": 8,
   "predicted": 2,
   "departure": 6,
   "beyond_declared_tolerance": true,
   "tolerance": 1
  },
  {
   "seed": 20260848,
   "quantity": "distinct_bwd_32bit_held_1",
   "observed": 12,
   "predicted": 2,
   "departure": 10,
   "beyond_declared_tolerance": true,
   "tolerance": 1
  },
  {
   "seed": 20260848,
   "quantity": "distinct_bwd_32bit_held_2",
   "observed": 13,
   "predicted": 2,
   "departure": 11,
   "beyond_declared_tolerance": true,
   "tolerance": 1
  },
  {
   "seed": 20260848,
   "quantity": "distinct_bwd_32bit_held_3",
   "observed": 8,
   "predicted": 2,
   "departure": 6,
   "beyond_declared_tolerance": true,
   "tolerance": 1
  },
  {
   "seed": 20260848,
   "quantity": "ctl_po5_raw_candidate_count",
   "observed": 120,
   "predicted": 1,
   "departure": 119,
   "beyond_declared_tolerance": true,
   "tolerance": 1,
   "note": "expected_raw_count_modeled is a Poisson-type MODELED value (1 + 4096/2^20); the batch-5 declared ceiling is 4. Departures beyond the tolerance are recorded; the ceiling is a stopping value, not a prediction."
  },
  {
   "seed": 20260849,
   "quantity": "distinct_fwd_32bit",
   "observed": 9,
   "predicted": 16,
   "departure": 7,
   "beyond_declared_tolerance": true,
   "tolerance": 1
  },
  {
   "seed": 20260849,
   "quantity": "distinct_fwd_12bit",
   "observed": 3,
   "predicted": 16,
   "departure": 13,
   "beyond_declared_tolerance": true,
   "tolerance": 1
  },
  {
   "seed": 20260849,
   "quantity": "distinct_bwd_32bit_held_0",
   "observed": 9,
   "predicted": 16,
   "departure": 7,
   "beyond_declared_tolerance": true,
   "tolerance": 1
  },
  {
   "seed": 20260849,
   "quantity": "distinct_bwd_32bit_held_1",
   "observed": 7,
   "predicted": 16,
   "departure": 9,
   "beyond_declared_tolerance": true,
   "tolerance": 1
  },
  {
   "seed": 20260849,
   "quantity": "distinct_bwd_32bit_held_2",
   "observed": 14,
   "predicted": 16,
   "departure": 2,
   "beyond_declared_tolerance": true,
   "tolerance": 1
  },
  {
   "seed": 20260849,
   "quantity": "distinct_bwd_32bit_held_3",
   "observed": 6,
   "predicted": 16,
   "departure": 10,
   "beyond_declared_tolerance": true,
   "tolerance": 1
  },
  {
   "seed": 20260849,
   "quantity": "ctl_po5_raw_candidate_count",
   "observed": 320,
   "predicted": 1,
   "departure": 319,
   "beyond_declared_tolerance": true,
   "tolerance": 1,
   "note": "expected_raw_count_modeled is a Poisson-type MODELED value (1 + 4096/2^20); the batch-5 declared ceiling is 4. Departures beyond the tolerance are recorded; the ceiling is a stopping value, not a prediction."
  },
  {
   "seed": 20260850,
   "quantity": "distinct_fwd_32bit",
   "observed": 15,
   "predicted": 8,
   "departure": 7,
   "beyond_declared_tolerance": true,
   "tolerance": 1
  },
  {
   "seed": 20260850,
   "quantity": "distinct_fwd_12bit",
   "observed": 5,
   "predicted": 8,
   "departure": 3,
   "beyond_declared_tolerance": true,
   "tolerance": 1
  },
  {
   "seed": 20260850,
   "quantity": "distinct_bwd_32bit_held_0",
   "observed": 6,
   "predicted": 8,
   "departure": 2,
   "beyond_declared_tolerance": true,
   "tolerance": 1
  },
  {
   "seed": 20260850,
   "quantity": "distinct_bwd_32bit_held_1",
   "observed": 5,
   "predicted": 8,
   "departure": 3,
   "beyond_declared_tolerance": true,
   "tolerance": 1
  },
  {
   "seed": 20260850,
   "quantity": "distinct_bwd_32bit_held_2",
   "observed": 12,
   "predicted": 8,
   "departure": 4,
   "beyond_declared_tolerance": true,
   "tolerance": 1
  },
  {
   "seed": 20260850,
   "quantity": "distinct_bwd_32bit_held_3",
   "observed": 10,
   "predicted": 8,
   "departure": 2,
   "beyond_declared_tolerance": true,
   "tolerance": 1
  },
  {
   "seed": 20260850,
   "quantity": "ctl_po5_raw_candidate_count",
   "observed": 56,
   "predicted": 1,
   "departure": 55,
   "beyond_declared_tolerance": true,
   "tolerance": 1,
   "note": "expected_raw_count_modeled is a Poisson-type MODELED value (1 + 4096/2^20); the batch-5 declared ceiling is 4. Departures beyond the tolerance are recorded; the ceiling is a stopping value, not a prediction."
  },
  {
   "seed": 20260851,
   "quantity": "distinct_fwd_12bit",
   "observed": 9,
   "predicted": 16,
   "departure": 7,
   "beyond_declared_tolerance": true,
   "tolerance": 1
  },
  {
   "seed": 20260851,
   "quantity": "distinct_bwd_32bit_held_0",
   "observed": 11,
   "predicted": 16,
   "departure": 5,
   "beyond_declared_tolerance": true,
   "tolerance": 1
  },
  {
   "seed": 20260851,
   "quantity": "distinct_bwd_32bit_held_1",
   "observed": 5,
   "predicted": 16,
   "departure": 11,
   "beyond_declared_tolerance": true,
   "tolerance": 1
  },
  {
   "seed": 20260851,
   "quantity": "distinct_bwd_32bit_held_2",
   "observed": 7,
   "predicted": 16,
   "departure": 9,
   "beyond_declared_tolerance": true,
   "tolerance": 1
  },
  {
   "seed": 20260851,
   "quantity": "distinct_bwd_32bit_held_3",
   "observed": 12,
   "predicted": 16,
   "departure": 4,
   "beyond_declared_tolerance": true,
   "tolerance": 1
  },
  {
   "seed": 20260851,
   "quantity": "ctl_po5_raw_candidate_count",
   "observed": 48,
   "predicted": 1,
   "departure": 47,
   "beyond_declared_tolerance": true,
   "tolerance": 1,
   "note": "expected_raw_count_modeled is a Poisson-type MODELED value (1 + 4096/2^20); the batch-5 declared ceiling is 4. Departures beyond the tolerance are recorded; the ceiling is a stopping value, not a prediction."
  },
  {
   "seed": 20260852,
   "quantity": "distinct_fwd_32bit",
   "observed": 11,
   "predicted": 16,
   "departure": 5,
   "beyond_declared_tolerance": true,
   "tolerance": 1
  },
  {
   "seed": 20260852,
   "quantity": "distinct_fwd_12bit",
   "observed": 5,
   "predicted": 16,
   "departure": 11,
   "beyond_declared_tolerance": true,
   "tolerance": 1
  },
  {
   "seed": 20260852,
   "quantity": "distinct_bwd_32bit_held_0",
   "observed": 6,
   "predicted": 16,
   "departure": 10,
   "beyond_declared_tolerance": true,
   "tolerance": 1
  },
  {
   "seed": 20260852,
   "quantity": "distinct_bwd_32bit_held_1",
   "observed": 5,
   "predicted": 16,
   "departure": 11,
   "beyond_declared_tolerance": true,
   "tolerance": 1
  },
  {
   "seed": 20260852,
   "quantity": "distinct_bwd_32bit_held_2",
   "observed": 12,
   "predicted": 16,
   "departure": 4,
   "beyond_declared_tolerance": true,
   "tolerance": 1
  },
  {
   "seed": 20260852,
   "quantity": "distinct_bwd_32bit_held_3",
   "observed": 9,
   "predicted": 16,
   "departure": 7,
   "beyond_declared_tolerance": true,
   "tolerance": 1
  },
  {
   "seed": 20260852,
   "quantity": "ctl_po5_raw_candidate_count",
   "observed": 8,
   "predicted": 1,
   "departure": 7,
   "beyond_declared_tolerance": true,
   "tolerance": 1,
   "note": "expected_raw_count_modeled is a Poisson-type MODELED value (1 + 4096/2^20); the batch-5 declared ceiling is 4. Departures beyond the tolerance are recorded; the ceiling is a stopping value, not a prediction."
  },
  {
   "seed": 20260853,
   "quantity": "distinct_fwd_32bit",
   "observed": 5,
   "predicted": 8,
   "departure": 3,
   "beyond_declared_tolerance": true,
   "tolerance": 1
  },
  {
   "seed": 20260853,
   "quantity": "distinct_fwd_12bit",
   "observed": 4,
   "predicted": 8,
   "departure": 4,
   "beyond_declared_tolerance": true,
   "tolerance": 1
  },
  {
   "seed": 20260853,
   "quantity": "distinct_bwd_32bit_held_0",
   "observed": 16,
   "predicted": 8,
   "departure": 8,
   "beyond_declared_tolerance": true,
   "tolerance": 1
  },
  {
   "seed": 20260853,
   "quantity": "distinct_bwd_32bit_held_1",
   "observed": 12,
   "predicted": 8,
   "departure": 4,
   "beyond_declared_tolerance": true,
   "tolerance": 1
  },
  {
   "seed": 20260853,
   "quantity": "distinct_bwd_32bit_held_2",
   "observed": 11,
   "predicted": 8,
   "departure": 3,
   "beyond_declared_tolerance": true,
   "tolerance": 1
  },
  {
   "seed": 20260853,
   "quantity": "ctl_po5_raw_candidate_count",
   "observed": 16,
   "predicted": 1,
   "departure": 15,
   "beyond_declared_tolerance": true,
   "tolerance": 1,
   "note": "expected_raw_count_modeled is a Poisson-type MODELED value (1 + 4096/2^20); the batch-5 declared ceiling is 4. Departures beyond the tolerance are recorded; the ceiling is a stopping value, not a prediction."
  },
  {
   "seed": 20260854,
   "quantity": "distinct_fwd_12bit",
   "observed": 4,
   "predicted": 16,
   "departure": 12,
   "beyond_declared_tolerance": true,
   "tolerance": 1
  },
  {
   "seed": 20260854,
   "quantity": "distinct_bwd_32bit_held_0",
   "observed": 10,
   "predicted": 16,
   "departure": 6,
   "beyond_declared_tolerance": true,
   "tolerance": 1
  },
  {
   "seed": 20260854,
   "quantity": "distinct_bwd_32bit_held_1",
   "observed": 8,
   "predicted": 16,
   "departure": 8,
   "beyond_declared_tolerance": true,
   "tolerance": 1
  },
  {
   "seed": 20260854,
   "quantity": "distinct_bwd_32bit_held_2",
   "observed": 9,
   "predicted": 16,
   "departure": 7,
   "beyond_declared_tolerance": true,
   "tolerance": 1
  },
  {
   "seed": 20260854,
   "quantity": "distinct_bwd_32bit_held_3",
   "observed": 2,
   "predicted": 16,
   "departure": 14,
   "beyond_declared_tolerance": true,
   "tolerance": 1
  },
  {
   "seed": 20260854,
   "quantity": "ctl_po5_raw_candidate_count",
   "observed": 8,
   "predicted": 1,
   "departure": 7,
   "beyond_declared_tolerance": true,
   "tolerance": 1,
   "note": "expected_raw_count_modeled is a Poisson-type MODELED value (1 + 4096/2^20); the batch-5 declared ceiling is 4. Departures beyond the tolerance are recorded; the ceiling is a stopping value, not a prediction."
  },
  {
   "seed": 20260855,
   "quantity": "distinct_fwd_12bit",
   "observed": 6,
   "predicted": 8,
   "departure": 2,
   "beyond_declared_tolerance": true,
   "tolerance": 1
  },
  {
   "seed": 20260855,
   "quantity": "distinct_bwd_32bit_held_0",
   "observed": 12,
   "predicted": 8,
   "departure": 4,
   "beyond_declared_tolerance": true,
   "tolerance": 1
  },
  {
   "seed": 20260855,
   "quantity": "distinct_bwd_32bit_held_1",
   "observed": 16,
   "predicted": 8,
   "departure": 8,
   "beyond_declared_tolerance": true,
   "tolerance": 1
  },
  {
   "seed": 20260856,
   "quantity": "distinct_fwd_32bit",
   "observed": 12,
   "predicted": 16,
   "departure": 4,
   "beyond_declared_tolerance": true,
   "tolerance": 1
  },
  {
   "seed": 20260856,
   "quantity": "distinct_fwd_12bit",
   "observed": 3,
   "predicted": 16,
   "departure": 13,
   "beyond_declared_tolerance": true,
   "tolerance": 1
  },
  {
   "seed": 20260856,
   "quantity": "distinct_bwd_32bit_held_0",
   "observed": 8,
   "predicted": 16,
   "departure": 8,
   "beyond_declared_tolerance": true,
   "tolerance": 1
  },
  {
   "seed": 20260856,
   "quantity": "distinct_bwd_32bit_held_1",
   "observed": 12,
   "predicted": 16,
   "departure": 4,
   "beyond_declared_tolerance": true,
   "tolerance": 1
  },
  {
   "seed": 20260856,
   "quantity": "distinct_bwd_32bit_held_2",
   "observed": 5,
   "predicted": 16,
   "departure": 11,
   "beyond_declared_tolerance": true,
   "tolerance": 1
  },
  {
   "seed": 20260856,
   "quantity": "distinct_bwd_32bit_held_3",
   "observed": 12,
   "predicted": 16,
   "departure": 4,
   "beyond_declared_tolerance": true,
   "tolerance": 1
  },
  {
   "seed": 20260856,
   "quantity": "ctl_po5_raw_candidate_count",
   "observed": 126,
   "predicted": 1,
   "departure": 125,
   "beyond_declared_tolerance": true,
   "tolerance": 1,
   "note": "expected_raw_count_modeled is a Poisson-type MODELED value (1 + 4096/2^20); the batch-5 declared ceiling is 4. Departures beyond the tolerance are recorded; the ceiling is a stopping value, not a prediction."
  },
  {
   "seed": 20260857,
   "quantity": "distinct_fwd_32bit",
   "observed": 8,
   "predicted": 16,
   "departure": 8,
   "beyond_declared_tolerance": true,
   "tolerance": 1
  },
  {
   "seed": 20260857,
   "quantity": "distinct_fwd_12bit",
   "observed": 4,
   "predicted": 16,
   "departure": 12,
   "beyond_declared_tolerance": true,
   "tolerance": 1
  },
  {
   "seed": 20260857,
   "quantity": "distinct_bwd_32bit_held_0",
   "observed": 8,
   "predicted": 16,
   "departure": 8,
   "beyond_declared_tolerance": true,
   "tolerance": 1
  },
  {
   "seed": 20260857,
   "quantity": "distinct_bwd_32bit_held_1",
   "observed": 6,
   "predicted": 16,
   "departure": 10,
   "beyond_declared_tolerance": true,
   "tolerance": 1
  },
  {
   "seed": 20260857,
   "quantity": "distinct_bwd_32bit_held_2",
   "observed": 6,
   "predicted": 16,
   "departure": 10,
   "beyond_declared_tolerance": true,
   "tolerance": 1
  },
  {
   "seed": 20260857,
   "quantity": "distinct_bwd_32bit_held_3",
   "observed": 10,
   "predicted": 16,
   "departure": 6,
   "beyond_declared_tolerance": true,
   "tolerance": 1
  },
  {
   "seed": 20260857,
   "quantity": "ctl_po5_raw_candidate_count",
   "observed": 40,
   "predicted": 1,
   "departure": 39,
   "beyond_declared_tolerance": true,
   "tolerance": 1,
   "note": "expected_raw_count_modeled is a Poisson-type MODELED value (1 + 4096/2^20); the batch-5 declared ceiling is 4. Departures beyond the tolerance are recorded; the ceiling is a stopping value, not a prediction."
  },
  {
   "seed": 20260858,
   "quantity": "distinct_fwd_32bit",
   "observed": 3,
   "predicted": 8,
   "departure": 5,
   "beyond_declared_tolerance": true,
   "tolerance": 1
  },
  {
   "seed": 20260858,
   "quantity": "distinct_fwd_12bit",
   "observed": 1,
   "predicted": 8,
   "departure": 7,
   "beyond_declared_tolerance": true,
   "tolerance": 1
  },
  {
   "seed": 20260858,
   "quantity": "distinct_bwd_32bit_held_0",
   "observed": 6,
   "predicted": 8,
   "departure": 2,
   "beyond_declared_tolerance": true,
   "tolerance": 1
  },
  {
   "seed": 20260858,
   "quantity": "distinct_bwd_32bit_held_3",
   "observed": 10,
   "predicted": 8,
   "departure": 2,
   "beyond_declared_tolerance": true,
   "tolerance": 1
  },
  {
   "seed": 20260858,
   "quantity": "ctl_po5_raw_candidate_count",
   "observed": 160,
   "predicted": 1,
   "departure": 159,
   "beyond_declared_tolerance": true,
   "tolerance": 1,
   "note": "expected_raw_count_modeled is a Poisson-type MODELED value (1 + 4096/2^20); the batch-5 declared ceiling is 4. Departures beyond the tolerance are recorded; the ceiling is a stopping value, not a prediction."
  },
  {
   "seed": 20260859,
   "quantity": "distinct_fwd_12bit",
   "observed": 2,
   "predicted": 8,
   "departure": 6,
   "beyond_declared_tolerance": true,
   "tolerance": 1
  },
  {
   "seed": 20260859,
   "quantity": "distinct_bwd_32bit_held_0",
   "observed": 6,
   "predicted": 8,
   "departure": 2,
   "beyond_declared_tolerance": true,
   "tolerance": 1
  },
  {
   "seed": 20260859,
   "quantity": "distinct_bwd_32bit_held_1",
   "observed": 6,
   "predicted": 8,
   "departure": 2,
   "beyond_declared_tolerance": true,
   "tolerance": 1
  },
  {
   "seed": 20260859,
   "quantity": "distinct_bwd_32bit_held_2",
   "observed": 6,
   "predicted": 8,
   "departure": 2,
   "beyond_declared_tolerance": true,
   "tolerance": 1
  },
  {
   "seed": 20260859,
   "quantity": "ctl_po5_raw_candidate_count",
   "observed": 192,
   "predicted": 1,
   "departure": 191,
   "beyond_declared_tolerance": true,
   "tolerance": 1,
   "note": "expected_raw_count_modeled is a Poisson-type MODELED value (1 + 4096/2^20); the batch-5 declared ceiling is 4. Departures beyond the tolerance are recorded; the ceiling is a stopping value, not a prediction."
  },
  {
   "seed": 20260860,
   "quantity": "distinct_fwd_12bit",
   "observed": 2,
   "predicted": 16,
   "departure": 14,
   "beyond_declared_tolerance": true,
   "tolerance": 1
  },
  {
   "seed": 20260860,
   "quantity": "distinct_bwd_32bit_held_0",
   "observed": 8,
   "predicted": 16,
   "departure": 8,
   "beyond_declared_tolerance": true,
   "tolerance": 1
  },
  {
   "seed": 20260860,
   "quantity": "distinct_bwd_32bit_held_2",
   "observed": 8,
   "predicted": 16,
   "departure": 8,
   "beyond_declared_tolerance": true,
   "tolerance": 1
  },
  {
   "seed": 20260860,
   "quantity": "distinct_bwd_32bit_held_3",
   "observed": 9,
   "predicted": 16,
   "departure": 7,
   "beyond_declared_tolerance": true,
   "tolerance": 1
  },
  {
   "seed": 20260860,
   "quantity": "ctl_po5_raw_candidate_count",
   "observed": 128,
   "predicted": 1,
   "departure": 127,
   "beyond_declared_tolerance": true,
   "tolerance": 1,
   "note": "expected_raw_count_modeled is a Poisson-type MODELED value (1 + 4096/2^20); the batch-5 declared ceiling is 4. Departures beyond the tolerance are recorded; the ceiling is a stopping value, not a prediction."
  },
  {
   "seed": 20260861,
   "quantity": "distinct_fwd_32bit",
   "observed": 10,
   "predicted": 16,
   "departure": 6,
   "beyond_declared_tolerance": true,
   "tolerance": 1
  },
  {
   "seed": 20260861,
   "quantity": "distinct_fwd_12bit",
   "observed": 1,
   "predicted": 16,
   "departure": 15,
   "beyond_declared_tolerance": true,
   "tolerance": 1
  },
  {
   "seed": 20260861,
   "quantity": "distinct_bwd_32bit_held_0",
   "observed": 6,
   "predicted": 16,
   "departure": 10,
   "beyond_declared_tolerance": true,
   "tolerance": 1
  },
  {
   "seed": 20260861,
   "quantity": "distinct_bwd_32bit_held_1",
   "observed": 8,
   "predicted": 16,
   "departure": 8,
   "beyond_declared_tolerance": true,
   "tolerance": 1
  },
  {
   "seed": 20260861,
   "quantity": "distinct_bwd_32bit_held_2",
   "observed": 8,
   "predicted": 16,
   "departure": 8,
   "beyond_declared_tolerance": true,
   "tolerance": 1
  },
  {
   "seed": 20260861,
   "quantity": "distinct_bwd_32bit_held_3",
   "observed": 11,
   "predicted": 16,
   "departure": 5,
   "beyond_declared_tolerance": true,
   "tolerance": 1
  },
  {
   "seed": 20260861,
   "quantity": "ctl_po5_raw_candidate_count",
   "observed": 80,
   "predicted": 1,
   "departure": 79,
   "beyond_declared_tolerance": true,
   "tolerance": 1,
   "note": "expected_raw_count_modeled is a Poisson-type MODELED value (1 + 4096/2^20); the batch-5 declared ceiling is 4. Departures beyond the tolerance are recorded; the ceiling is a stopping value, not a prediction."
  },
  {
   "seed": 20260862,
   "quantity": "distinct_fwd_32bit",
   "observed": 9,
   "predicted": 16,
   "departure": 7,
   "beyond_declared_tolerance": true,
   "tolerance": 1
  },
  {
   "seed": 20260862,
   "quantity": "distinct_fwd_12bit",
   "observed": 3,
   "predicted": 16,
   "departure": 13,
   "beyond_declared_tolerance": true,
   "tolerance": 1
  },
  {
   "seed": 20260862,
   "quantity": "distinct_bwd_32bit_held_0",
   "observed": 9,
   "predicted": 16,
   "departure": 7,
   "beyond_declared_tolerance": true,
   "tolerance": 1
  },
  {
   "seed": 20260862,
   "quantity": "distinct_bwd_32bit_held_1",
   "observed": 12,
   "predicted": 16,
   "departure": 4,
   "beyond_declared_tolerance": true,
   "tolerance": 1
  },
  {
   "seed": 20260862,
   "quantity": "distinct_bwd_32bit_held_2",
   "observed": 11,
   "predicted": 16,
   "departure": 5,
   "beyond_declared_tolerance": true,
   "tolerance": 1
  },
  {
   "seed": 20260862,
   "quantity": "distinct_bwd_32bit_held_3",
   "observed": 6,
   "predicted": 16,
   "departure": 10,
   "beyond_declared_tolerance": true,
   "tolerance": 1
  },
  {
   "seed": 20260862,
   "quantity": "ctl_po5_raw_candidate_count",
   "observed": 64,
   "predicted": 1,
   "departure": 63,
   "beyond_declared_tolerance": true,
   "tolerance": 1,
   "note": "expected_raw_count_modeled is a Poisson-type MODELED value (1 + 4096/2^20); the batch-5 declared ceiling is 4. Departures beyond the tolerance are recorded; the ceiling is a stopping value, not a prediction."
  },
  {
   "seed": 20260863,
   "quantity": "distinct_fwd_32bit",
   "observed": 9,
   "predicted": 16,
   "departure": 7,
   "beyond_declared_tolerance": true,
   "tolerance": 1
  },
  {
   "seed": 20260863,
   "quantity": "distinct_fwd_12bit",
   "observed": 5,
   "predicted": 16,
   "departure": 11,
   "beyond_declared_tolerance": true,
   "tolerance": 1
  },
  {
   "seed": 20260863,
   "quantity": "distinct_bwd_32bit_held_0",
   "observed": 12,
   "predicted": 16,
   "departure": 4,
   "beyond_declared_tolerance": true,
   "tolerance": 1
  },
  {
   "seed": 20260863,
   "quantity": "distinct_bwd_32bit_held_1",
   "observed": 3,
   "predicted": 16,
   "departure": 13,
   "beyond_declared_tolerance": true,
   "tolerance": 1
  },
  {
   "seed": 20260863,
   "quantity": "distinct_bwd_32bit_held_2",
   "observed": 8,
   "predicted": 16,
   "departure": 8,
   "beyond_declared_tolerance": true,
   "tolerance": 1
  },
  {
   "seed": 20260863,
   "quantity": "distinct_bwd_32bit_held_3",
   "observed": 2,
   "predicted": 16,
   "departure": 14,
   "beyond_declared_tolerance": true,
   "tolerance": 1
  },
  {
   "seed": 20260863,
   "quantity": "ctl_po5_raw_candidate_count",
   "observed": 32,
   "predicted": 1,
   "departure": 31,
   "beyond_declared_tolerance": true,
   "tolerance": 1,
   "note": "expected_raw_count_modeled is a Poisson-type MODELED value (1 + 4096/2^20); the batch-5 declared ceiling is 4. Departures beyond the tolerance are recorded; the ceiling is a stopping value, not a prediction."
  },
  {
   "seed": 20260864,
   "quantity": "distinct_fwd_32bit",
   "observed": 14,
   "predicted": 8,
   "departure": 6,
   "beyond_declared_tolerance": true,
   "tolerance": 1
  },
  {
   "seed": 20260864,
   "quantity": "distinct_fwd_12bit",
   "observed": 6,
   "predicted": 8,
   "departure": 2,
   "beyond_declared_tolerance": true,
   "tolerance": 1
  },
  {
   "seed": 20260864,
   "quantity": "distinct_bwd_32bit_held_0",
   "observed": 10,
   "predicted": 8,
   "departure": 2,
   "beyond_declared_tolerance": true,
   "tolerance": 1
  },
  {
   "seed": 20260864,
   "quantity": "distinct_bwd_32bit_held_2",
   "observed": 2,
   "predicted": 8,
   "departure": 6,
   "beyond_declared_tolerance": true,
   "tolerance": 1
  },
  {
   "seed": 20260864,
   "quantity": "distinct_bwd_32bit_held_3",
   "observed": 4,
   "predicted": 8,
   "departure": 4,
   "beyond_declared_tolerance": true,
   "tolerance": 1
  },
  {
   "seed": 20260864,
   "quantity": "ctl_po5_raw_candidate_count",
   "observed": 24,
   "predicted": 1,
   "departure": 23,
   "beyond_declared_tolerance": true,
   "tolerance": 1,
   "note": "expected_raw_count_modeled is a Poisson-type MODELED value (1 + 4096/2^20); the batch-5 declared ceiling is 4. Departures beyond the tolerance are recorded; the ceiling is a stopping value, not a prediction."
  },
  {
   "seed": 20260865,
   "quantity": "distinct_fwd_32bit",
   "observed": 6,
   "predicted": 4,
   "departure": 2,
   "beyond_declared_tolerance": true,
   "tolerance": 1
  },
  {
   "seed": 20260865,
   "quantity": "distinct_fwd_12bit",
   "observed": 2,
   "predicted": 4,
   "departure": 2,
   "beyond_declared_tolerance": true,
   "tolerance": 1
  },
  {
   "seed": 20260865,
   "quantity": "distinct_bwd_32bit_held_0",
   "observed": 7,
   "predicted": 4,
   "departure": 3,
   "beyond_declared_tolerance": true,
   "tolerance": 1
  },
  {
   "seed": 20260865,
   "quantity": "distinct_bwd_32bit_held_1",
   "observed": 8,
   "predicted": 4,
   "departure": 4,
   "beyond_declared_tolerance": true,
   "tolerance": 1
  },
  {
   "seed": 20260865,
   "quantity": "distinct_bwd_32bit_held_3",
   "observed": 8,
   "predicted": 4,
   "departure": 4,
   "beyond_declared_tolerance": true,
   "tolerance": 1
  },
  {
   "seed": 20260865,
   "quantity": "ctl_po5_raw_candidate_count",
   "observed": 64,
   "predicted": 1,
   "departure": 63,
   "beyond_declared_tolerance": true,
   "tolerance": 1,
   "note": "expected_raw_count_modeled is a Poisson-type MODELED value (1 + 4096/2^20); the batch-5 declared ceiling is 4. Departures beyond the tolerance are recorded; the ceiling is a stopping value, not a prediction."
  },
  {
   "seed": 20260866,
   "quantity": "distinct_fwd_32bit",
   "observed": 15,
   "predicted": 8,
   "departure": 7,
   "beyond_declared_tolerance": true,
   "tolerance": 1
  },
  {
   "seed": 20260866,
   "quantity": "distinct_fwd_12bit",
   "observed": 6,
   "predicted": 8,
   "departure": 2,
   "beyond_declared_tolerance": true,
   "tolerance": 1
  },
  {
   "seed": 20260866,
   "quantity": "distinct_bwd_32bit_held_0",
   "observed": 6,
   "predicted": 8,
   "departure": 2,
   "beyond_declared_tolerance": true,
   "tolerance": 1
  },
  {
   "seed": 20260866,
   "quantity": "distinct_bwd_32bit_held_1",
   "observed": 4,
   "predicted": 8,
   "departure": 4,
   "beyond_declared_tolerance": true,
   "tolerance": 1
  },
  {
   "seed": 20260866,
   "quantity": "ctl_po5_raw_candidate_count",
   "observed": 32,
   "predicted": 1,
   "departure": 31,
   "beyond_declared_tolerance": true,
   "tolerance": 1,
   "note": "expected_raw_count_modeled is a Poisson-type MODELED value (1 + 4096/2^20); the batch-5 declared ceiling is 4. Departures beyond the tolerance are recorded; the ceiling is a stopping value, not a prediction."
  },
  {
   "seed": 20260867,
   "quantity": "distinct_fwd_12bit",
   "observed": 2,
   "predicted": 16,
   "departure": 14,
   "beyond_declared_tolerance": true,
   "tolerance": 1
  },
  {
   "seed": 20260867,
   "quantity": "distinct_bwd_32bit_held_0",
   "observed": 7,
   "predicted": 16,
   "departure": 9,
   "beyond_declared_tolerance": true,
   "tolerance": 1
  },
  {
   "seed": 20260867,
   "quantity": "distinct_bwd_32bit_held_1",
   "observed": 5,
   "predicted": 16,
   "departure": 11,
   "beyond_declared_tolerance": true,
   "tolerance": 1
  },
  {
   "seed": 20260867,
   "quantity": "distinct_bwd_32bit_held_2",
   "observed": 8,
   "predicted": 16,
   "departure": 8,
   "beyond_declared_tolerance": true,
   "tolerance": 1
  },
  {
   "seed": 20260867,
   "quantity": "distinct_bwd_32bit_held_3",
   "observed": 8,
   "predicted": 16,
   "departure": 8,
   "beyond_declared_tolerance": true,
   "tolerance": 1
  },
  {
   "seed": 20260867,
   "quantity": "ctl_po5_raw_candidate_count",
   "observed": 48,
   "predicted": 1,
   "departure": 47,
   "beyond_declared_tolerance": true,
   "tolerance": 1,
   "note": "expected_raw_count_modeled is a Poisson-type MODELED value (1 + 4096/2^20); the batch-5 declared ceiling is 4. Departures beyond the tolerance are recorded; the ceiling is a stopping value, not a prediction."
  },
  {
   "seed": 20260868,
   "quantity": "distinct_fwd_12bit",
   "observed": 2,
   "predicted": 16,
   "departure": 14,
   "beyond_declared_tolerance": true,
   "tolerance": 1
  },
  {
   "seed": 20260868,
   "quantity": "distinct_bwd_32bit_held_0",
   "observed": 14,
   "predicted": 16,
   "departure": 2,
   "beyond_declared_tolerance": true,
   "tolerance": 1
  },
  {
   "seed": 20260868,
   "quantity": "distinct_bwd_32bit_held_1",
   "observed": 7,
   "predicted": 16,
   "departure": 9,
   "beyond_declared_tolerance": true,
   "tolerance": 1
  },
  {
   "seed": 20260868,
   "quantity": "distinct_bwd_32bit_held_2",
   "observed": 14,
   "predicted": 16,
   "departure": 2,
   "beyond_declared_tolerance": true,
   "tolerance": 1
  },
  {
   "seed": 20260868,
   "quantity": "distinct_bwd_32bit_held_3",
   "observed": 5,
   "predicted": 16,
   "departure": 11,
   "beyond_declared_tolerance": true,
   "tolerance": 1
  },
  {
   "seed": 20260868,
   "quantity": "ctl_po5_raw_candidate_count",
   "observed": 128,
   "predicted": 1,
   "departure": 127,
   "beyond_declared_tolerance": true,
   "tolerance": 1,
   "note": "expected_raw_count_modeled is a Poisson-type MODELED value (1 + 4096/2^20); the batch-5 declared ceiling is 4. Departures beyond the tolerance are recorded; the ceiling is a stopping value, not a prediction."
  },
  {
   "seed": 20260869,
   "quantity": "distinct_fwd_32bit",
   "observed": 5,
   "predicted": 16,
   "departure": 11,
   "beyond_declared_tolerance": true,
   "tolerance": 1
  },
  {
   "seed": 20260869,
   "quantity": "distinct_fwd_12bit",
   "observed": 4,
   "predicted": 16,
   "departure": 12,
   "beyond_declared_tolerance": true,
   "tolerance": 1
  },
  {
   "seed": 20260869,
   "quantity": "distinct_bwd_32bit_held_0",
   "observed": 8,
   "predicted": 16,
   "departure": 8,
   "beyond_declared_tolerance": true,
   "tolerance": 1
  },
  {
   "seed": 20260869,
   "quantity": "distinct_bwd_32bit_held_1",
   "observed": 5,
   "predicted": 16,
   "departure": 11,
   "beyond_declared_tolerance": true,
   "tolerance": 1
  },
  {
   "seed": 20260869,
   "quantity": "distinct_bwd_32bit_held_2",
   "observed": 6,
   "predicted": 16,
   "departure": 10,
   "beyond_declared_tolerance": true,
   "tolerance": 1
  },
  {
   "seed": 20260869,
   "quantity": "distinct_bwd_32bit_held_3",
   "observed": 13,
   "predicted": 16,
   "departure": 3,
   "beyond_declared_tolerance": true,
   "tolerance": 1
  },
  {
   "seed": 20260869,
   "quantity": "ctl_po5_raw_candidate_count",
   "observed": 32,
   "predicted": 1,
   "departure": 31,
   "beyond_declared_tolerance": true,
   "tolerance": 1,
   "note": "expected_raw_count_modeled is a Poisson-type MODELED value (1 + 4096/2^20); the batch-5 declared ceiling is 4. Departures beyond the tolerance are recorded; the ceiling is a stopping value, not a prediction."
  },
  {
   "seed": 20260870,
   "quantity": "distinct_fwd_12bit",
   "observed": 2,
   "predicted": 16,
   "departure": 14,
   "beyond_declared_tolerance": true,
   "tolerance": 1
  },
  {
   "seed": 20260870,
   "quantity": "distinct_bwd_32bit_held_0",
   "observed": 13,
   "predicted": 16,
   "departure": 3,
   "beyond_declared_tolerance": true,
   "tolerance": 1
  },
  {
   "seed": 20260870,
   "quantity": "distinct_bwd_32bit_held_1",
   "observed": 6,
   "predicted": 16,
   "departure": 10,
   "beyond_declared_tolerance": true,
   "tolerance": 1
  },
  {
   "seed": 20260870,
   "quantity": "distinct_bwd_32bit_held_2",
   "observed": 12,
   "predicted": 16,
   "departure": 4,
   "beyond_declared_tolerance": true,
   "tolerance": 1
  },
  {
   "seed": 20260870,
   "quantity": "distinct_bwd_32bit_held_3",
   "observed": 12,
   "predicted": 16,
   "departure": 4,
   "beyond_declared_tolerance": true,
   "tolerance": 1
  },
  {
   "seed": 20260870,
   "quantity": "ctl_po5_raw_candidate_count",
   "observed": 48,
   "predicted": 1,
   "departure": 47,
   "beyond_declared_tolerance": true,
   "tolerance": 1,
   "note": "expected_raw_count_modeled is a Poisson-type MODELED value (1 + 4096/2^20); the batch-5 declared ceiling is 4. Departures beyond the tolerance are recorded; the ceiling is a stopping value, not a prediction."
  },
  {
   "seed": 20260871,
   "quantity": "distinct_fwd_32bit",
   "observed": 14,
   "predicted": 16,
   "departure": 2,
   "beyond_declared_tolerance": true,
   "tolerance": 1
  },
  {
   "seed": 20260871,
   "quantity": "distinct_fwd_12bit",
   "observed": 2,
   "predicted": 16,
   "departure": 14,
   "beyond_declared_tolerance": true,
   "tolerance": 1
  },
  {
   "seed": 20260871,
   "quantity": "distinct_bwd_32bit_held_0",
   "observed": 12,
   "predicted": 16,
   "departure": 4,
   "beyond_declared_tolerance": true,
   "tolerance": 1
  },
  {
   "seed": 20260871,
   "quantity": "distinct_bwd_32bit_held_1",
   "observed": 6,
   "predicted": 16,
   "departure": 10,
   "beyond_declared_tolerance": true,
   "tolerance": 1
  },
  {
   "seed": 20260871,
   "quantity": "distinct_bwd_32bit_held_2",
   "observed": 12,
   "predicted": 16,
   "departure": 4,
   "beyond_declared_tolerance": true,
   "tolerance": 1
  },
  {
   "seed": 20260871,
   "quantity": "distinct_bwd_32bit_held_3",
   "observed": 8,
   "predicted": 16,
   "departure": 8,
   "beyond_declared_tolerance": true,
   "tolerance": 1
  },
  {
   "seed": 20260871,
   "quantity": "ctl_po5_raw_candidate_count",
   "observed": 192,
   "predicted": 1,
   "departure": 191,
   "beyond_declared_tolerance": true,
   "tolerance": 1,
   "note": "expected_raw_count_modeled is a Poisson-type MODELED value (1 + 4096/2^20); the batch-5 declared ceiling is 4. Departures beyond the tolerance are recorded; the ceiling is a stopping value, not a prediction."
  },
  {
   "seed": 20260872,
   "quantity": "distinct_fwd_32bit",
   "observed": 4,
   "predicted": 16,
   "departure": 12,
   "beyond_declared_tolerance": true,
   "tolerance": 1
  },
  {
   "seed": 20260872,
   "quantity": "distinct_fwd_12bit",
   "observed": 2,
   "predicted": 16,
   "departure": 14,
   "beyond_declared_tolerance": true,
   "tolerance": 1
  },
  {
   "seed": 20260872,
   "quantity": "distinct_bwd_32bit_held_0",
   "observed": 4,
   "predicted": 16,
   "departure": 12,
   "beyond_declared_tolerance": true,
   "tolerance": 1
  },
  {
   "seed": 20260872,
   "quantity": "distinct_bwd_32bit_held_1",
   "observed": 1,
   "predicted": 16,
   "departure": 15,
   "beyond_declared_tolerance": true,
   "tolerance": 1
  },
  {
   "seed": 20260872,
   "quantity": "distinct_bwd_32bit_held_2",
   "observed": 11,
   "predicted": 16,
   "departure": 5,
   "beyond_declared_tolerance": true,
   "tolerance": 1
  },
  {
   "seed": 20260872,
   "quantity": "distinct_bwd_32bit_held_3",
   "observed": 11,
   "predicted": 16,
   "departure": 5,
   "beyond_declared_tolerance": true,
   "tolerance": 1
  },
  {
   "seed": 20260872,
   "quantity": "ctl_po5_raw_candidate_count",
   "observed": 64,
   "predicted": 1,
   "departure": 63,
   "beyond_declared_tolerance": true,
   "tolerance": 1,
   "note": "expected_raw_count_modeled is a Poisson-type MODELED value (1 + 4096/2^20); the batch-5 declared ceiling is 4. Departures beyond the tolerance are recorded; the ceiling is a stopping value, not a prediction."
  },
  {
   "seed": 20260873,
   "quantity": "distinct_fwd_12bit",
   "observed": 11,
   "predicted": 16,
   "departure": 5,
   "beyond_declared_tolerance": true,
   "tolerance": 1
  },
  {
   "seed": 20260873,
   "quantity": "distinct_bwd_32bit_held_0",
   "observed": 6,
   "predicted": 16,
   "departure": 10,
   "beyond_declared_tolerance": true,
   "tolerance": 1
  },
  {
   "seed": 20260873,
   "quantity": "distinct_bwd_32bit_held_1",
   "observed": 8,
   "predicted": 16,
   "departure": 8,
   "beyond_declared_tolerance": true,
   "tolerance": 1
  },
  {
   "seed": 20260873,
   "quantity": "distinct_bwd_32bit_held_2",
   "observed": 7,
   "predicted": 16,
   "departure": 9,
   "beyond_declared_tolerance": true,
   "tolerance": 1
  },
  {
   "seed": 20260873,
   "quantity": "distinct_bwd_32bit_held_3",
   "observed": 14,
   "predicted": 16,
   "departure": 2,
   "beyond_declared_tolerance": true,
   "tolerance": 1
  },
  {
   "seed": 20260873,
   "quantity": "ctl_po5_raw_candidate_count",
   "observed": 64,
   "predicted": 1,
   "departure": 63,
   "beyond_declared_tolerance": true,
   "tolerance": 1,
   "note": "expected_raw_count_modeled is a Poisson-type MODELED value (1 + 4096/2^20); the batch-5 declared ceiling is 4. Departures beyond the tolerance are recorded; the ceiling is a stopping value, not a prediction."
  },
  {
   "seed": 20260874,
   "quantity": "distinct_fwd_32bit",
   "observed": 10,
   "predicted": 4,
   "departure": 6,
   "beyond_declared_tolerance": true,
   "tolerance": 1
  },
  {
   "seed": 20260874,
   "quantity": "distinct_bwd_32bit_held_0",
   "observed": 7,
   "predicted": 4,
   "departure": 3,
   "beyond_declared_tolerance": true,
   "tolerance": 1
  },
  {
   "seed": 20260874,
   "quantity": "distinct_bwd_32bit_held_1",
   "observed": 12,
   "predicted": 4,
   "departure": 8,
   "beyond_declared_tolerance": true,
   "tolerance": 1
  },
  {
   "seed": 20260874,
   "quantity": "distinct_bwd_32bit_held_2",
   "observed": 9,
   "predicted": 4,
   "departure": 5,
   "beyond_declared_tolerance": true,
   "tolerance": 1
  },
  {
   "seed": 20260874,
   "quantity": "ctl_po5_raw_candidate_count",
   "observed": 12,
   "predicted": 1,
   "departure": 11,
   "beyond_declared_tolerance": true,
   "tolerance": 1,
   "note": "expected_raw_count_modeled is a Poisson-type MODELED value (1 + 4096/2^20); the batch-5 declared ceiling is 4. Departures beyond the tolerance are recorded; the ceiling is a stopping value, not a prediction."
  },
  {
   "seed": 20260875,
   "quantity": "distinct_fwd_32bit",
   "observed": 9,
   "predicted": 16,
   "departure": 7,
   "beyond_declared_tolerance": true,
   "tolerance": 1
  },
  {
   "seed": 20260875,
   "quantity": "distinct_fwd_12bit",
   "observed": 2,
   "predicted": 16,
   "departure": 14,
   "beyond_declared_tolerance": true,
   "tolerance": 1
  },
  {
   "seed": 20260875,
   "quantity": "distinct_bwd_32bit_held_1",
   "observed": 3,
   "predicted": 16,
   "departure": 13,
   "beyond_declared_tolerance": true,
   "tolerance": 1
  },
  {
   "seed": 20260875,
   "quantity": "distinct_bwd_32bit_held_2",
   "observed": 11,
   "predicted": 16,
   "departure": 5,
   "beyond_declared_tolerance": true,
   "tolerance": 1
  },
  {
   "seed": 20260875,
   "quantity": "distinct_bwd_32bit_held_3",
   "observed": 6,
   "predicted": 16,
   "departure": 10,
   "beyond_declared_tolerance": true,
   "tolerance": 1
  },
  {
   "seed": 20260875,
   "quantity": "ctl_po5_raw_candidate_count",
   "observed": 192,
   "predicted": 1,
   "departure": 191,
   "beyond_declared_tolerance": true,
   "tolerance": 1,
   "note": "expected_raw_count_modeled is a Poisson-type MODELED value (1 + 4096/2^20); the batch-5 declared ceiling is 4. Departures beyond the tolerance are recorded; the ceiling is a stopping value, not a prediction."
  },
  {
   "seed": 20260876,
   "quantity": "distinct_fwd_32bit",
   "observed": 9,
   "predicted": 16,
   "departure": 7,
   "beyond_declared_tolerance": true,
   "tolerance": 1
  },
  {
   "seed": 20260876,
   "quantity": "distinct_fwd_12bit",
   "observed": 4,
   "predicted": 16,
   "departure": 12,
   "beyond_declared_tolerance": true,
   "tolerance": 1
  },
  {
   "seed": 20260876,
   "quantity": "distinct_bwd_32bit_held_0",
   "observed": 3,
   "predicted": 16,
   "departure": 13,
   "beyond_declared_tolerance": true,
   "tolerance": 1
  },
  {
   "seed": 20260876,
   "quantity": "distinct_bwd_32bit_held_1",
   "observed": 9,
   "predicted": 16,
   "departure": 7,
   "beyond_declared_tolerance": true,
   "tolerance": 1
  },
  {
   "seed": 20260876,
   "quantity": "distinct_bwd_32bit_held_2",
   "observed": 6,
   "predicted": 16,
   "departure": 10,
   "beyond_declared_tolerance": true,
   "tolerance": 1
  },
  {
   "seed": 20260876,
   "quantity": "distinct_bwd_32bit_held_3",
   "observed": 12,
   "predicted": 16,
   "departure": 4,
   "beyond_declared_tolerance": true,
   "tolerance": 1
  },
  {
   "seed": 20260876,
   "quantity": "ctl_po5_raw_candidate_count",
   "observed": 24,
   "predicted": 1,
   "departure": 23,
   "beyond_declared_tolerance": true,
   "tolerance": 1,
   "note": "expected_raw_count_modeled is a Poisson-type MODELED value (1 + 4096/2^20); the batch-5 declared ceiling is 4. Departures beyond the tolerance are recorded; the ceiling is a stopping value, not a prediction."
  },
  {
   "seed": 20260877,
   "quantity": "distinct_fwd_32bit",
   "observed": 9,
   "predicted": 16,
   "departure": 7,
   "beyond_declared_tolerance": true,
   "tolerance": 1
  },
  {
   "seed": 20260877,
   "quantity": "distinct_fwd_12bit",
   "observed": 5,
   "predicted": 16,
   "departure": 11,
   "beyond_declared_tolerance": true,
   "tolerance": 1
  },
  {
   "seed": 20260877,
   "quantity": "distinct_bwd_32bit_held_0",
   "observed": 7,
   "predicted": 16,
   "departure": 9,
   "beyond_declared_tolerance": true,
   "tolerance": 1
  },
  {
   "seed": 20260877,
   "quantity": "distinct_bwd_32bit_held_1",
   "observed": 3,
   "predicted": 16,
   "departure": 13,
   "beyond_declared_tolerance": true,
   "tolerance": 1
  },
  {
   "seed": 20260877,
   "quantity": "distinct_bwd_32bit_held_2",
   "observed": 12,
   "predicted": 16,
   "departure": 4,
   "beyond_declared_tolerance": true,
   "tolerance": 1
  },
  {
   "seed": 20260877,
   "quantity": "distinct_bwd_32bit_held_3",
   "observed": 10,
   "predicted": 16,
   "departure": 6,
   "beyond_declared_tolerance": true,
   "tolerance": 1
  },
  {
   "seed": 20260877,
   "quantity": "ctl_po5_raw_candidate_count",
   "observed": 32,
   "predicted": 1,
   "departure": 31,
   "beyond_declared_tolerance": true,
   "tolerance": 1,
   "note": "expected_raw_count_modeled is a Poisson-type MODELED value (1 + 4096/2^20); the batch-5 declared ceiling is 4. Departures beyond the tolerance are recorded; the ceiling is a stopping value, not a prediction."
  },
  {
   "seed": 20260878,
   "quantity": "distinct_fwd_12bit",
   "observed": 6,
   "predicted": 16,
   "departure": 10,
   "beyond_declared_tolerance": true,
   "tolerance": 1
  },
  {
   "seed": 20260878,
   "quantity": "distinct_bwd_32bit_held_0",
   "observed": 6,
   "predicted": 16,
   "departure": 10,
   "beyond_declared_tolerance": true,
   "tolerance": 1
  },
  {
   "seed": 20260878,
   "quantity": "distinct_bwd_32bit_held_1",
   "observed": 12,
   "predicted": 16,
   "departure": 4,
   "beyond_declared_tolerance": true,
   "tolerance": 1
  },
  {
   "seed": 20260878,
   "quantity": "distinct_bwd_32bit_held_2",
   "observed": 9,
   "predicted": 16,
   "departure": 7,
   "beyond_declared_tolerance": true,
   "tolerance": 1
  },
  {
   "seed": 20260878,
   "quantity": "distinct_bwd_32bit_held_3",
   "observed": 13,
   "predicted": 16,
   "departure": 3,
   "beyond_declared_tolerance": true,
   "tolerance": 1
  },
  {
   "seed": 20260878,
   "quantity": "ctl_po5_raw_candidate_count",
   "observed": 32,
   "predicted": 1,
   "departure": 31,
   "beyond_declared_tolerance": true,
   "tolerance": 1,
   "note": "expected_raw_count_modeled is a Poisson-type MODELED value (1 + 4096/2^20); the batch-5 declared ceiling is 4. Departures beyond the tolerance are recorded; the ceiling is a stopping value, not a prediction."
  },
  {
   "seed": 20260879,
   "quantity": "distinct_fwd_32bit",
   "observed": 13,
   "predicted": 16,
   "departure": 3,
   "beyond_declared_tolerance": true,
   "tolerance": 1
  },
  {
   "seed": 20260879,
   "quantity": "distinct_fwd_12bit",
   "observed": 6,
   "predicted": 16,
   "departure": 10,
   "beyond_declared_tolerance": true,
   "tolerance": 1
  },
  {
   "seed": 20260879,
   "quantity": "distinct_bwd_32bit_held_0",
   "observed": 10,
   "predicted": 16,
   "departure": 6,
   "beyond_declared_tolerance": true,
   "tolerance": 1
  },
  {
   "seed": 20260879,
   "quantity": "distinct_bwd_32bit_held_1",
   "observed": 11,
   "predicted": 16,
   "departure": 5,
   "beyond_declared_tolerance": true,
   "tolerance": 1
  },
  {
   "seed": 20260879,
   "quantity": "distinct_bwd_32bit_held_2",
   "observed": 8,
   "predicted": 16,
   "departure": 8,
   "beyond_declared_tolerance": true,
   "tolerance": 1
  },
  {
   "seed": 20260879,
   "quantity": "distinct_bwd_32bit_held_3",
   "observed": 11,
   "predicted": 16,
   "departure": 5,
   "beyond_declared_tolerance": true,
   "tolerance": 1
  },
  {
   "seed": 20260879,
   "quantity": "ctl_po5_raw_candidate_count",
   "observed": 24,
   "predicted": 1,
   "departure": 23,
   "beyond_declared_tolerance": true,
   "tolerance": 1,
   "note": "expected_raw_count_modeled is a Poisson-type MODELED value (1 + 4096/2^20); the batch-5 declared ceiling is 4. Departures beyond the tolerance are recorded; the ceiling is a stopping value, not a prediction."
  },
  {
   "seed": 20260880,
   "quantity": "distinct_fwd_32bit",
   "observed": 9,
   "predicted": 16,
   "departure": 7,
   "beyond_declared_tolerance": true,
   "tolerance": 1
  },
  {
   "seed": 20260880,
   "quantity": "distinct_fwd_12bit",
   "observed": 4,
   "predicted": 16,
   "departure": 12,
   "beyond_declared_tolerance": true,
   "tolerance": 1
  },
  {
   "seed": 20260880,
   "quantity": "distinct_bwd_32bit_held_0",
   "observed": 4,
   "predicted": 16,
   "departure": 12,
   "beyond_declared_tolerance": true,
   "tolerance": 1
  },
  {
   "seed": 20260880,
   "quantity": "distinct_bwd_32bit_held_1",
   "observed": 6,
   "predicted": 16,
   "departure": 10,
   "beyond_declared_tolerance": true,
   "tolerance": 1
  },
  {
   "seed": 20260880,
   "quantity": "distinct_bwd_32bit_held_2",
   "observed": 10,
   "predicted": 16,
   "departure": 6,
   "beyond_declared_tolerance": true,
   "tolerance": 1
  },
  {
   "seed": 20260880,
   "quantity": "distinct_bwd_32bit_held_3",
   "observed": 10,
   "predicted": 16,
   "departure": 6,
   "beyond_declared_tolerance": true,
   "tolerance": 1
  },
  {
   "seed": 20260880,
   "quantity": "ctl_po5_raw_candidate_count",
   "observed": 24,
   "predicted": 1,
   "departure": 23,
   "beyond_declared_tolerance": true,
   "tolerance": 1,
   "note": "expected_raw_count_modeled is a Poisson-type MODELED value (1 + 4096/2^20); the batch-5 declared ceiling is 4. Departures beyond the tolerance are recorded; the ceiling is a stopping value, not a prediction."
  },
  {
   "seed": 20260881,
   "quantity": "distinct_fwd_32bit",
   "observed": 10,
   "predicted": 16,
   "departure": 6,
   "beyond_declared_tolerance": true,
   "tolerance": 1
  },
  {
   "seed": 20260881,
   "quantity": "distinct_fwd_12bit",
   "observed": 1,
   "predicted": 16,
   "departure": 15,
   "beyond_declared_tolerance": true,
   "tolerance": 1
  },
  {
   "seed": 20260881,
   "quantity": "distinct_bwd_32bit_held_0",
   "observed": 10,
   "predicted": 16,
   "departure": 6,
   "beyond_declared_tolerance": true,
   "tolerance": 1
  },
  {
   "seed": 20260881,
   "quantity": "distinct_bwd_32bit_held_1",
   "observed": 8,
   "predicted": 16,
   "departure": 8,
   "beyond_declared_tolerance": true,
   "tolerance": 1
  },
  {
   "seed": 20260881,
   "quantity": "distinct_bwd_32bit_held_2",
   "observed": 8,
   "predicted": 16,
   "departure": 8,
   "beyond_declared_tolerance": true,
   "tolerance": 1
  },
  {
   "seed": 20260881,
   "quantity": "distinct_bwd_32bit_held_3",
   "observed": 11,
   "predicted": 16,
   "departure": 5,
   "beyond_declared_tolerance": true,
   "tolerance": 1
  },
  {
   "seed": 20260881,
   "quantity": "ctl_po5_raw_candidate_count",
   "observed": 192,
   "predicted": 1,
   "departure": 191,
   "beyond_declared_tolerance": true,
   "tolerance": 1,
   "note": "expected_raw_count_modeled is a Poisson-type MODELED value (1 + 4096/2^20); the batch-5 declared ceiling is 4. Departures beyond the tolerance are recorded; the ceiling is a stopping value, not a prediction."
  },
  {
   "seed": 20260882,
   "quantity": "distinct_fwd_32bit",
   "observed": 8,
   "predicted": 16,
   "departure": 8,
   "beyond_declared_tolerance": true,
   "tolerance": 1
  },
  {
   "seed": 20260882,
   "quantity": "distinct_fwd_12bit",
   "observed": 2,
   "predicted": 16,
   "departure": 14,
   "beyond_declared_tolerance": true,
   "tolerance": 1
  },
  {
   "seed": 20260882,
   "quantity": "distinct_bwd_32bit_held_0",
   "observed": 12,
   "predicted": 16,
   "departure": 4,
   "beyond_declared_tolerance": true,
   "tolerance": 1
  },
  {
   "seed": 20260882,
   "quantity": "distinct_bwd_32bit_held_1",
   "observed": 8,
   "predicted": 16,
   "departure": 8,
   "beyond_declared_tolerance": true,
   "tolerance": 1
  },
  {
   "seed": 20260882,
   "quantity": "distinct_bwd_32bit_held_2",
   "observed": 5,
   "predicted": 16,
   "departure": 11,
   "beyond_declared_tolerance": true,
   "tolerance": 1
  },
  {
   "seed": 20260882,
   "quantity": "distinct_bwd_32bit_held_3",
   "observed": 5,
   "predicted": 16,
   "departure": 11,
   "beyond_declared_tolerance": true,
   "tolerance": 1
  },
  {
   "seed": 20260882,
   "quantity": "ctl_po5_raw_candidate_count",
   "observed": 16,
   "predicted": 1,
   "departure": 15,
   "beyond_declared_tolerance": true,
   "tolerance": 1,
   "note": "expected_raw_count_modeled is a Poisson-type MODELED value (1 + 4096/2^20); the batch-5 declared ceiling is 4. Departures beyond the tolerance are recorded; the ceiling is a stopping value, not a prediction."
  },
  {
   "seed": 20260883,
   "quantity": "distinct_fwd_32bit",
   "observed": 9,
   "predicted": 16,
   "departure": 7,
   "beyond_declared_tolerance": true,
   "tolerance": 1
  },
  {
   "seed": 20260883,
   "quantity": "distinct_fwd_12bit",
   "observed": 3,
   "predicted": 16,
   "departure": 13,
   "beyond_declared_tolerance": true,
   "tolerance": 1
  },
  {
   "seed": 20260883,
   "quantity": "distinct_bwd_32bit_held_0",
   "observed": 7,
   "predicted": 16,
   "departure": 9,
   "beyond_declared_tolerance": true,
   "tolerance": 1
  },
  {
   "seed": 20260883,
   "quantity": "distinct_bwd_32bit_held_1",
   "observed": 8,
   "predicted": 16,
   "departure": 8,
   "beyond_declared_tolerance": true,
   "tolerance": 1
  },
  {
   "seed": 20260883,
   "quantity": "distinct_bwd_32bit_held_2",
   "observed": 13,
   "predicted": 16,
   "departure": 3,
   "beyond_declared_tolerance": true,
   "tolerance": 1
  },
  {
   "seed": 20260883,
   "quantity": "distinct_bwd_32bit_held_3",
   "observed": 9,
   "predicted": 16,
   "departure": 7,
   "beyond_declared_tolerance": true,
   "tolerance": 1
  },
  {
   "seed": 20260883,
   "quantity": "ctl_po5_raw_candidate_count",
   "observed": 48,
   "predicted": 1,
   "departure": 47,
   "beyond_declared_tolerance": true,
   "tolerance": 1,
   "note": "expected_raw_count_modeled is a Poisson-type MODELED value (1 + 4096/2^20); the batch-5 declared ceiling is 4. Departures beyond the tolerance are recorded; the ceiling is a stopping value, not a prediction."
  },
  {
   "seed": 20260884,
   "quantity": "distinct_fwd_32bit",
   "observed": 13,
   "predicted": 16,
   "departure": 3,
   "beyond_declared_tolerance": true,
   "tolerance": 1
  },
  {
   "seed": 20260884,
   "quantity": "distinct_fwd_12bit",
   "observed": 2,
   "predicted": 16,
   "departure": 14,
   "beyond_declared_tolerance": true,
   "tolerance": 1
  },
  {
   "seed": 20260884,
   "quantity": "distinct_bwd_32bit_held_0",
   "observed": 6,
   "predicted": 16,
   "departure": 10,
   "beyond_declared_tolerance": true,
   "tolerance": 1
  },
  {
   "seed": 20260884,
   "quantity": "distinct_bwd_32bit_held_1",
   "observed": 12,
   "predicted": 16,
   "departure": 4,
   "beyond_declared_tolerance": true,
   "tolerance": 1
  },
  {
   "seed": 20260884,
   "quantity": "distinct_bwd_32bit_held_2",
   "observed": 7,
   "predicted": 16,
   "departure": 9,
   "beyond_declared_tolerance": true,
   "tolerance": 1
  },
  {
   "seed": 20260884,
   "quantity": "distinct_bwd_32bit_held_3",
   "observed": 11,
   "predicted": 16,
   "departure": 5,
   "beyond_declared_tolerance": true,
   "tolerance": 1
  },
  {
   "seed": 20260884,
   "quantity": "ctl_po5_raw_candidate_count",
   "observed": 128,
   "predicted": 1,
   "departure": 127,
   "beyond_declared_tolerance": true,
   "tolerance": 1,
   "note": "expected_raw_count_modeled is a Poisson-type MODELED value (1 + 4096/2^20); the batch-5 declared ceiling is 4. Departures beyond the tolerance are recorded; the ceiling is a stopping value, not a prediction."
  },
  {
   "seed": 20260885,
   "quantity": "distinct_fwd_32bit",
   "observed": 3,
   "predicted": 16,
   "departure": 13,
   "beyond_declared_tolerance": true,
   "tolerance": 1
  },
  {
   "seed": 20260885,
   "quantity": "distinct_fwd_12bit",
   "observed": 1,
   "predicted": 16,
   "departure": 15,
   "beyond_declared_tolerance": true,
   "tolerance": 1
  },
  {
   "seed": 20260885,
   "quantity": "distinct_bwd_32bit_held_0",
   "observed": 12,
   "predicted": 16,
   "departure": 4,
   "beyond_declared_tolerance": true,
   "tolerance": 1
  },
  {
   "seed": 20260885,
   "quantity": "distinct_bwd_32bit_held_1",
   "observed": 8,
   "predicted": 16,
   "departure": 8,
   "beyond_declared_tolerance": true,
   "tolerance": 1
  },
  {
   "seed": 20260885,
   "quantity": "distinct_bwd_32bit_held_2",
   "observed": 10,
   "predicted": 16,
   "departure": 6,
   "beyond_declared_tolerance": true,
   "tolerance": 1
  },
  {
   "seed": 20260885,
   "quantity": "distinct_bwd_32bit_held_3",
   "observed": 7,
   "predicted": 16,
   "departure": 9,
   "beyond_declared_tolerance": true,
   "tolerance": 1
  },
  {
   "seed": 20260885,
   "quantity": "ctl_po5_raw_candidate_count",
   "observed": 200,
   "predicted": 1,
   "departure": 199,
   "beyond_declared_tolerance": true,
   "tolerance": 1,
   "note": "expected_raw_count_modeled is a Poisson-type MODELED value (1 + 4096/2^20); the batch-5 declared ceiling is 4. Departures beyond the tolerance are recorded; the ceiling is a stopping value, not a prediction."
  },
  {
   "seed": 20260886,
   "quantity": "distinct_fwd_32bit",
   "observed": 15,
   "predicted": 8,
   "departure": 7,
   "beyond_declared_tolerance": true,
   "tolerance": 1
  },
  {
   "seed": 20260886,
   "quantity": "distinct_fwd_12bit",
   "observed": 15,
   "predicted": 8,
   "departure": 7,
   "beyond_declared_tolerance": true,
   "tolerance": 1
  },
  {
   "seed": 20260886,
   "quantity": "distinct_bwd_32bit_held_0",
   "observed": 10,
   "predicted": 8,
   "departure": 2,
   "beyond_declared_tolerance": true,
   "tolerance": 1
  },
  {
   "seed": 20260886,
   "quantity": "distinct_bwd_32bit_held_1",
   "observed": 4,
   "predicted": 8,
   "departure": 4,
   "beyond_declared_tolerance": true,
   "tolerance": 1
  },
  {
   "seed": 20260886,
   "quantity": "distinct_bwd_32bit_held_3",
   "observed": 13,
   "predicted": 8,
   "departure": 5,
   "beyond_declared_tolerance": true,
   "tolerance": 1
  },
  {
   "seed": 20260886,
   "quantity": "ctl_po5_raw_candidate_count",
   "observed": 32,
   "predicted": 1,
   "departure": 31,
   "beyond_declared_tolerance": true,
   "tolerance": 1,
   "note": "expected_raw_count_modeled is a Poisson-type MODELED value (1 + 4096/2^20); the batch-5 declared ceiling is 4. Departures beyond the tolerance are recorded; the ceiling is a stopping value, not a prediction."
  },
  {
   "seed": 20260887,
   "quantity": "distinct_fwd_12bit",
   "observed": 2,
   "predicted": 8,
   "departure": 6,
   "beyond_declared_tolerance": true,
   "tolerance": 1
  },
  {
   "seed": 20260887,
   "quantity": "distinct_bwd_32bit_held_0",
   "observed": 4,
   "predicted": 8,
   "departure": 4,
   "beyond_declared_tolerance": true,
   "tolerance": 1
  },
  {
   "seed": 20260887,
   "quantity": "distinct_bwd_32bit_held_1",
   "observed": 6,
   "predicted": 8,
   "departure": 2,
   "beyond_declared_tolerance": true,
   "tolerance": 1
  },
  {
   "seed": 20260887,
   "quantity": "distinct_bwd_32bit_held_2",
   "observed": 10,
   "predicted": 8,
   "departure": 2,
   "beyond_declared_tolerance": true,
   "tolerance": 1
  },
  {
   "seed": 20260887,
   "quantity": "distinct_bwd_32bit_held_3",
   "observed": 11,
   "predicted": 8,
   "departure": 3,
   "beyond_declared_tolerance": true,
   "tolerance": 1
  },
  {
   "seed": 20260887,
   "quantity": "ctl_po5_raw_candidate_count",
   "observed": 384,
   "predicted": 1,
   "departure": 383,
   "beyond_declared_tolerance": true,
   "tolerance": 1,
   "note": "expected_raw_count_modeled is a Poisson-type MODELED value (1 + 4096/2^20); the batch-5 declared ceiling is 4. Departures beyond the tolerance are recorded; the ceiling is a stopping value, not a prediction."
  },
  {
   "seed": 20260888,
   "quantity": "distinct_fwd_12bit",
   "observed": 11,
   "predicted": 16,
   "departure": 5,
   "beyond_declared_tolerance": true,
   "tolerance": 1
  },
  {
   "seed": 20260888,
   "quantity": "distinct_bwd_32bit_held_0",
   "observed": 7,
   "predicted": 16,
   "departure": 9,
   "beyond_declared_tolerance": true,
   "tolerance": 1
  },
  {
   "seed": 20260888,
   "quantity": "distinct_bwd_32bit_held_1",
   "observed": 3,
   "predicted": 16,
   "departure": 13,
   "beyond_declared_tolerance": true,
   "tolerance": 1
  },
  {
   "seed": 20260888,
   "quantity": "distinct_bwd_32bit_held_2",
   "observed": 10,
   "predicted": 16,
   "departure": 6,
   "beyond_declared_tolerance": true,
   "tolerance": 1
  },
  {
   "seed": 20260888,
   "quantity": "distinct_bwd_32bit_held_3",
   "observed": 10,
   "predicted": 16,
   "departure": 6,
   "beyond_declared_tolerance": true,
   "tolerance": 1
  },
  {
   "seed": 20260888,
   "quantity": "ctl_po5_raw_candidate_count",
   "observed": 4,
   "predicted": 1,
   "departure": 3,
   "beyond_declared_tolerance": true,
   "tolerance": 1,
   "note": "expected_raw_count_modeled is a Poisson-type MODELED value (1 + 4096/2^20); the batch-5 declared ceiling is 4. Departures beyond the tolerance are recorded; the ceiling is a stopping value, not a prediction."
  },
  {
   "seed": 20260889,
   "quantity": "distinct_fwd_32bit",
   "observed": 12,
   "predicted": 8,
   "departure": 4,
   "beyond_declared_tolerance": true,
   "tolerance": 1
  },
  {
   "seed": 20260889,
   "quantity": "distinct_bwd_32bit_held_1",
   "observed": 16,
   "predicted": 8,
   "departure": 8,
   "beyond_declared_tolerance": true,
   "tolerance": 1
  },
  {
   "seed": 20260889,
   "quantity": "distinct_bwd_32bit_held_2",
   "observed": 6,
   "predicted": 8,
   "departure": 2,
   "beyond_declared_tolerance": true,
   "tolerance": 1
  },
  {
   "seed": 20260889,
   "quantity": "distinct_bwd_32bit_held_3",
   "observed": 6,
   "predicted": 8,
   "departure": 2,
   "beyond_declared_tolerance": true,
   "tolerance": 1
  },
  {
   "seed": 20260889,
   "quantity": "ctl_po5_raw_candidate_count",
   "observed": 16,
   "predicted": 1,
   "departure": 15,
   "beyond_declared_tolerance": true,
   "tolerance": 1,
   "note": "expected_raw_count_modeled is a Poisson-type MODELED value (1 + 4096/2^20); the batch-5 declared ceiling is 4. Departures beyond the tolerance are recorded; the ceiling is a stopping value, not a prediction."
  },
  {
   "seed": 20260890,
   "quantity": "distinct_fwd_32bit",
   "observed": 9,
   "predicted": 16,
   "departure": 7,
   "beyond_declared_tolerance": true,
   "tolerance": 1
  },
  {
   "seed": 20260890,
   "quantity": "distinct_fwd_12bit",
   "observed": 1,
   "predicted": 16,
   "departure": 15,
   "beyond_declared_tolerance": true,
   "tolerance": 1
  },
  {
   "seed": 20260890,
   "quantity": "distinct_bwd_32bit_held_0",
   "observed": 4,
   "predicted": 16,
   "departure": 12,
   "beyond_declared_tolerance": true,
   "tolerance": 1
  },
  {
   "seed": 20260890,
   "quantity": "distinct_bwd_32bit_held_1",
   "observed": 9,
   "predicted": 16,
   "departure": 7,
   "beyond_declared_tolerance": true,
   "tolerance": 1
  },
  {
   "seed": 20260890,
   "quantity": "distinct_bwd_32bit_held_3",
   "observed": 9,
   "predicted": 16,
   "departure": 7,
   "beyond_declared_tolerance": true,
   "tolerance": 1
  },
  {
   "seed": 20260890,
   "quantity": "ctl_po5_raw_candidate_count",
   "observed": 384,
   "predicted": 1,
   "departure": 383,
   "beyond_declared_tolerance": true,
   "tolerance": 1,
   "note": "expected_raw_count_modeled is a Poisson-type MODELED value (1 + 4096/2^20); the batch-5 declared ceiling is 4. Departures beyond the tolerance are recorded; the ceiling is a stopping value, not a prediction."
  },
  {
   "seed": 20260891,
   "quantity": "distinct_fwd_12bit",
   "observed": 4,
   "predicted": 16,
   "departure": 12,
   "beyond_declared_tolerance": true,
   "tolerance": 1
  },
  {
   "seed": 20260891,
   "quantity": "distinct_bwd_32bit_held_0",
   "observed": 7,
   "predicted": 16,
   "departure": 9,
   "beyond_declared_tolerance": true,
   "tolerance": 1
  },
  {
   "seed": 20260891,
   "quantity": "distinct_bwd_32bit_held_1",
   "observed": 5,
   "predicted": 16,
   "departure": 11,
   "beyond_declared_tolerance": true,
   "tolerance": 1
  },
  {
   "seed": 20260891,
   "quantity": "distinct_bwd_32bit_held_2",
   "observed": 8,
   "predicted": 16,
   "departure": 8,
   "beyond_declared_tolerance": true,
   "tolerance": 1
  },
  {
   "seed": 20260891,
   "quantity": "distinct_bwd_32bit_held_3",
   "observed": 8,
   "predicted": 16,
   "departure": 8,
   "beyond_declared_tolerance": true,
   "tolerance": 1
  },
  {
   "seed": 20260891,
   "quantity": "ctl_po5_raw_candidate_count",
   "observed": 120,
   "predicted": 1,
   "departure": 119,
   "beyond_declared_tolerance": true,
   "tolerance": 1,
   "note": "expected_raw_count_modeled is a Poisson-type MODELED value (1 + 4096/2^20); the batch-5 declared ceiling is 4. Departures beyond the tolerance are recorded; the ceiling is a stopping value, not a prediction."
  },
  {
   "seed": 20260892,
   "quantity": "distinct_fwd_32bit",
   "observed": 12,
   "predicted": 16,
   "departure": 4,
   "beyond_declared_tolerance": true,
   "tolerance": 1
  },
  {
   "seed": 20260892,
   "quantity": "distinct_fwd_12bit",
   "observed": 10,
   "predicted": 16,
   "departure": 6,
   "beyond_declared_tolerance": true,
   "tolerance": 1
  },
  {
   "seed": 20260892,
   "quantity": "distinct_bwd_32bit_held_0",
   "observed": 9,
   "predicted": 16,
   "departure": 7,
   "beyond_declared_tolerance": true,
   "tolerance": 1
  },
  {
   "seed": 20260892,
   "quantity": "distinct_bwd_32bit_held_1",
   "observed": 9,
   "predicted": 16,
   "departure": 7,
   "beyond_declared_tolerance": true,
   "tolerance": 1
  },
  {
   "seed": 20260892,
   "quantity": "distinct_bwd_32bit_held_3",
   "observed": 9,
   "predicted": 16,
   "departure": 7,
   "beyond_declared_tolerance": true,
   "tolerance": 1
  },
  {
   "seed": 20260892,
   "quantity": "ctl_po5_raw_candidate_count",
   "observed": 24,
   "predicted": 1,
   "departure": 23,
   "beyond_declared_tolerance": true,
   "tolerance": 1,
   "note": "expected_raw_count_modeled is a Poisson-type MODELED value (1 + 4096/2^20); the batch-5 declared ceiling is 4. Departures beyond the tolerance are recorded; the ceiling is a stopping value, not a prediction."
  },
  {
   "seed": 20260893,
   "quantity": "distinct_fwd_12bit",
   "observed": 11,
   "predicted": 16,
   "departure": 5,
   "beyond_declared_tolerance": true,
   "tolerance": 1
  },
  {
   "seed": 20260893,
   "quantity": "distinct_bwd_32bit_held_0",
   "observed": 13,
   "predicted": 16,
   "departure": 3,
   "beyond_declared_tolerance": true,
   "tolerance": 1
  },
  {
   "seed": 20260893,
   "quantity": "distinct_bwd_32bit_held_1",
   "observed": 9,
   "predicted": 16,
   "departure": 7,
   "beyond_declared_tolerance": true,
   "tolerance": 1
  },
  {
   "seed": 20260893,
   "quantity": "distinct_bwd_32bit_held_2",
   "observed": 10,
   "predicted": 16,
   "departure": 6,
   "beyond_declared_tolerance": true,
   "tolerance": 1
  },
  {
   "seed": 20260893,
   "quantity": "distinct_bwd_32bit_held_3",
   "observed": 11,
   "predicted": 16,
   "departure": 5,
   "beyond_declared_tolerance": true,
   "tolerance": 1
  },
  {
   "seed": 20260893,
   "quantity": "ctl_po5_raw_candidate_count",
   "observed": 16,
   "predicted": 1,
   "departure": 15,
   "beyond_declared_tolerance": true,
   "tolerance": 1,
   "note": "expected_raw_count_modeled is a Poisson-type MODELED value (1 + 4096/2^20); the batch-5 declared ceiling is 4. Departures beyond the tolerance are recorded; the ceiling is a stopping value, not a prediction."
  },
  {
   "seed": 20260894,
   "quantity": "distinct_fwd_32bit",
   "observed": 9,
   "predicted": 16,
   "departure": 7,
   "beyond_declared_tolerance": true,
   "tolerance": 1
  },
  {
   "seed": 20260894,
   "quantity": "distinct_fwd_12bit",
   "observed": 5,
   "predicted": 16,
   "departure": 11,
   "beyond_declared_tolerance": true,
   "tolerance": 1
  },
  {
   "seed": 20260894,
   "quantity": "distinct_bwd_32bit_held_1",
   "observed": 7,
   "predicted": 16,
   "departure": 9,
   "beyond_declared_tolerance": true,
   "tolerance": 1
  },
  {
   "seed": 20260894,
   "quantity": "distinct_bwd_32bit_held_2",
   "observed": 6,
   "predicted": 16,
   "departure": 10,
   "beyond_declared_tolerance": true,
   "tolerance": 1
  },
  {
   "seed": 20260894,
   "quantity": "distinct_bwd_32bit_held_3",
   "observed": 10,
   "predicted": 16,
   "departure": 6,
   "beyond_declared_tolerance": true,
   "tolerance": 1
  },
  {
   "seed": 20260894,
   "quantity": "ctl_po5_raw_candidate_count",
   "observed": 16,
   "predicted": 1,
   "departure": 15,
   "beyond_declared_tolerance": true,
   "tolerance": 1,
   "note": "expected_raw_count_modeled is a Poisson-type MODELED value (1 + 4096/2^20); the batch-5 declared ceiling is 4. Departures beyond the tolerance are recorded; the ceiling is a stopping value, not a prediction."
  },
  {
   "seed": 20260895,
   "quantity": "distinct_fwd_32bit",
   "observed": 13,
   "predicted": 16,
   "departure": 3,
   "beyond_declared_tolerance": true,
   "tolerance": 1
  },
  {
   "seed": 20260895,
   "quantity": "distinct_fwd_12bit",
   "observed": 5,
   "predicted": 16,
   "departure": 11,
   "beyond_declared_tolerance": true,
   "tolerance": 1
  },
  {
   "seed": 20260895,
   "quantity": "distinct_bwd_32bit_held_0",
   "observed": 10,
   "predicted": 16,
   "departure": 6,
   "beyond_declared_tolerance": true,
   "tolerance": 1
  },
  {
   "seed": 20260895,
   "quantity": "distinct_bwd_32bit_held_1",
   "observed": 11,
   "predicted": 16,
   "departure": 5,
   "beyond_declared_tolerance": true,
   "tolerance": 1
  },
  {
   "seed": 20260895,
   "quantity": "distinct_bwd_32bit_held_2",
   "observed": 8,
   "predicted": 16,
   "departure": 8,
   "beyond_declared_tolerance": true,
   "tolerance": 1
  },
  {
   "seed": 20260895,
   "quantity": "distinct_bwd_32bit_held_3",
   "observed": 9,
   "predicted": 16,
   "departure": 7,
   "beyond_declared_tolerance": true,
   "tolerance": 1
  },
  {
   "seed": 20260895,
   "quantity": "ctl_po5_raw_candidate_count",
   "observed": 16,
   "predicted": 1,
   "departure": 15,
   "beyond_declared_tolerance": true,
   "tolerance": 1,
   "note": "expected_raw_count_modeled is a Poisson-type MODELED value (1 + 4096/2^20); the batch-5 declared ceiling is 4. Departures beyond the tolerance are recorded; the ceiling is a stopping value, not a prediction."
  },
  {
   "seed": 20260896,
   "quantity": "distinct_fwd_12bit",
   "observed": 4,
   "predicted": 16,
   "departure": 12,
   "beyond_declared_tolerance": true,
   "tolerance": 1
  },
  {
   "seed": 20260896,
   "quantity": "distinct_bwd_32bit_held_0",
   "observed": 13,
   "predicted": 16,
   "departure": 3,
   "beyond_declared_tolerance": true,
   "tolerance": 1
  },
  {
   "seed": 20260896,
   "quantity": "distinct_bwd_32bit_held_1",
   "observed": 10,
   "predicted": 16,
   "departure": 6,
   "beyond_declared_tolerance": true,
   "tolerance": 1
  },
  {
   "seed": 20260896,
   "quantity": "distinct_bwd_32bit_held_2",
   "observed": 9,
   "predicted": 16,
   "departure": 7,
   "beyond_declared_tolerance": true,
   "tolerance": 1
  },
  {
   "seed": 20260896,
   "quantity": "distinct_bwd_32bit_held_3",
   "observed": 8,
   "predicted": 16,
   "departure": 8,
   "beyond_declared_tolerance": true,
   "tolerance": 1
  },
  {
   "seed": 20260896,
   "quantity": "ctl_po5_raw_candidate_count",
   "observed": 48,
   "predicted": 1,
   "departure": 47,
   "beyond_declared_tolerance": true,
   "tolerance": 1,
   "note": "expected_raw_count_modeled is a Poisson-type MODELED value (1 + 4096/2^20); the batch-5 declared ceiling is 4. Departures beyond the tolerance are recorded; the ceiling is a stopping value, not a prediction."
  },
  {
   "seed": 20260897,
   "quantity": "distinct_fwd_32bit",
   "observed": 15,
   "predicted": 8,
   "departure": 7,
   "beyond_declared_tolerance": true,
   "tolerance": 1
  },
  {
   "seed": 20260897,
   "quantity": "distinct_fwd_12bit",
   "observed": 4,
   "predicted": 8,
   "departure": 4,
   "beyond_declared_tolerance": true,
   "tolerance": 1
  },
  {
   "seed": 20260897,
   "quantity": "distinct_bwd_32bit_held_0",
   "observed": 4,
   "predicted": 8,
   "departure": 4,
   "beyond_declared_tolerance": true,
   "tolerance": 1
  },
  {
   "seed": 20260897,
   "quantity": "distinct_bwd_32bit_held_1",
   "observed": 6,
   "predicted": 8,
   "departure": 2,
   "beyond_declared_tolerance": true,
   "tolerance": 1
  },
  {
   "seed": 20260897,
   "quantity": "distinct_bwd_32bit_held_2",
   "observed": 11,
   "predicted": 8,
   "departure": 3,
   "beyond_declared_tolerance": true,
   "tolerance": 1
  },
  {
   "seed": 20260897,
   "quantity": "ctl_po5_raw_candidate_count",
   "observed": 32,
   "predicted": 1,
   "departure": 31,
   "beyond_declared_tolerance": true,
   "tolerance": 1,
   "note": "expected_raw_count_modeled is a Poisson-type MODELED value (1 + 4096/2^20); the batch-5 declared ceiling is 4. Departures beyond the tolerance are recorded; the ceiling is a stopping value, not a prediction."
  },
  {
   "seed": 20260898,
   "quantity": "distinct_fwd_12bit",
   "observed": 3,
   "predicted": 8,
   "departure": 5,
   "beyond_declared_tolerance": true,
   "tolerance": 1
  },
  {
   "seed": 20260898,
   "quantity": "distinct_bwd_32bit_held_0",
   "observed": 15,
   "predicted": 8,
   "departure": 7,
   "beyond_declared_tolerance": true,
   "tolerance": 1
  },
  {
   "seed": 20260898,
   "quantity": "distinct_bwd_32bit_held_1",
   "observed": 13,
   "predicted": 8,
   "departure": 5,
   "beyond_declared_tolerance": true,
   "tolerance": 1
  },
  {
   "seed": 20260898,
   "quantity": "ctl_po5_raw_candidate_count",
   "observed": 96,
   "predicted": 1,
   "departure": 95,
   "beyond_declared_tolerance": true,
   "tolerance": 1,
   "note": "expected_raw_count_modeled is a Poisson-type MODELED value (1 + 4096/2^20); the batch-5 declared ceiling is 4. Departures beyond the tolerance are recorded; the ceiling is a stopping value, not a prediction."
  },
  {
   "seed": 20260899,
   "quantity": "distinct_fwd_12bit",
   "observed": 4,
   "predicted": 16,
   "departure": 12,
   "beyond_declared_tolerance": true,
   "tolerance": 1
  },
  {
   "seed": 20260899,
   "quantity": "distinct_bwd_32bit_held_0",
   "observed": 5,
   "predicted": 16,
   "departure": 11,
   "beyond_declared_tolerance": true,
   "tolerance": 1
  },
  {
   "seed": 20260899,
   "quantity": "distinct_bwd_32bit_held_1",
   "observed": 11,
   "predicted": 16,
   "departure": 5,
   "beyond_declared_tolerance": true,
   "tolerance": 1
  },
  {
   "seed": 20260899,
   "quantity": "distinct_bwd_32bit_held_2",
   "observed": 10,
   "predicted": 16,
   "departure": 6,
   "beyond_declared_tolerance": true,
   "tolerance": 1
  },
  {
   "seed": 20260899,
   "quantity": "distinct_bwd_32bit_held_3",
   "observed": 6,
   "predicted": 16,
   "departure": 10,
   "beyond_declared_tolerance": true,
   "tolerance": 1
  },
  {
   "seed": 20260899,
   "quantity": "ctl_po5_raw_candidate_count",
   "observed": 24,
   "predicted": 1,
   "departure": 23,
   "beyond_declared_tolerance": true,
   "tolerance": 1,
   "note": "expected_raw_count_modeled is a Poisson-type MODELED value (1 + 4096/2^20); the batch-5 declared ceiling is 4. Departures beyond the tolerance are recorded; the ceiling is a stopping value, not a prediction."
  },
  {
   "seed": 20260900,
   "quantity": "distinct_fwd_12bit",
   "observed": 4,
   "predicted": 8,
   "departure": 4,
   "beyond_declared_tolerance": true,
   "tolerance": 1
  },
  {
   "seed": 20260900,
   "quantity": "distinct_bwd_32bit_held_1",
   "observed": 6,
   "predicted": 8,
   "departure": 2,
   "beyond_declared_tolerance": true,
   "tolerance": 1
  },
  {
   "seed": 20260900,
   "quantity": "distinct_bwd_32bit_held_3",
   "observed": 16,
   "predicted": 8,
   "departure": 8,
   "beyond_declared_tolerance": true,
   "tolerance": 1
  },
  {
   "seed": 20260900,
   "quantity": "ctl_po5_raw_candidate_count",
   "observed": 36,
   "predicted": 1,
   "departure": 35,
   "beyond_declared_tolerance": true,
   "tolerance": 1,
   "note": "expected_raw_count_modeled is a Poisson-type MODELED value (1 + 4096/2^20); the batch-5 declared ceiling is 4. Departures beyond the tolerance are recorded; the ceiling is a stopping value, not a prediction."
  },
  {
   "seed": 20260901,
   "quantity": "distinct_fwd_12bit",
   "observed": 4,
   "predicted": 16,
   "departure": 12,
   "beyond_declared_tolerance": true,
   "tolerance": 1
  },
  {
   "seed": 20260901,
   "quantity": "distinct_bwd_32bit_held_0",
   "observed": 7,
   "predicted": 16,
   "departure": 9,
   "beyond_declared_tolerance": true,
   "tolerance": 1
  },
  {
   "seed": 20260901,
   "quantity": "distinct_bwd_32bit_held_1",
   "observed": 5,
   "predicted": 16,
   "departure": 11,
   "beyond_declared_tolerance": true,
   "tolerance": 1
  },
  {
   "seed": 20260901,
   "quantity": "distinct_bwd_32bit_held_2",
   "observed": 14,
   "predicted": 16,
   "departure": 2,
   "beyond_declared_tolerance": true,
   "tolerance": 1
  },
  {
   "seed": 20260901,
   "quantity": "distinct_bwd_32bit_held_3",
   "observed": 5,
   "predicted": 16,
   "departure": 11,
   "beyond_declared_tolerance": true,
   "tolerance": 1
  },
  {
   "seed": 20260901,
   "quantity": "ctl_po5_raw_candidate_count",
   "observed": 64,
   "predicted": 1,
   "departure": 63,
   "beyond_declared_tolerance": true,
   "tolerance": 1,
   "note": "expected_raw_count_modeled is a Poisson-type MODELED value (1 + 4096/2^20); the batch-5 declared ceiling is 4. Departures beyond the tolerance are recorded; the ceiling is a stopping value, not a prediction."
  },
  {
   "seed": 20260902,
   "quantity": "distinct_fwd_12bit",
   "observed": 2,
   "predicted": 8,
   "departure": 6,
   "beyond_declared_tolerance": true,
   "tolerance": 1
  },
  {
   "seed": 20260902,
   "quantity": "distinct_bwd_32bit_held_1",
   "observed": 12,
   "predicted": 8,
   "departure": 4,
   "beyond_declared_tolerance": true,
   "tolerance": 1
  },
  {
   "seed": 20260902,
   "quantity": "distinct_bwd_32bit_held_2",
   "observed": 10,
   "predicted": 8,
   "departure": 2,
   "beyond_declared_tolerance": true,
   "tolerance": 1
  },
  {
   "seed": 20260902,
   "quantity": "distinct_bwd_32bit_held_3",
   "observed": 6,
   "predicted": 8,
   "departure": 2,
   "beyond_declared_tolerance": true,
   "tolerance": 1
  },
  {
   "seed": 20260902,
   "quantity": "ctl_po5_raw_candidate_count",
   "observed": 64,
   "predicted": 1,
   "departure": 63,
   "beyond_declared_tolerance": true,
   "tolerance": 1,
   "note": "expected_raw_count_modeled is a Poisson-type MODELED value (1 + 4096/2^20); the batch-5 declared ceiling is 4. Departures beyond the tolerance are recorded; the ceiling is a stopping value, not a prediction."
  },
  {
   "seed": 20260903,
   "quantity": "distinct_fwd_32bit",
   "observed": 9,
   "predicted": 16,
   "departure": 7,
   "beyond_declared_tolerance": true,
   "tolerance": 1
  },
  {
   "seed": 20260903,
   "quantity": "distinct_fwd_12bit",
   "observed": 6,
   "predicted": 16,
   "departure": 10,
   "beyond_declared_tolerance": true,
   "tolerance": 1
  },
  {
   "seed": 20260903,
   "quantity": "distinct_bwd_32bit_held_1",
   "observed": 11,
   "predicted": 16,
   "departure": 5,
   "beyond_declared_tolerance": true,
   "tolerance": 1
  },
  {
   "seed": 20260903,
   "quantity": "distinct_bwd_32bit_held_2",
   "observed": 8,
   "predicted": 16,
   "departure": 8,
   "beyond_declared_tolerance": true,
   "tolerance": 1
  },
  {
   "seed": 20260903,
   "quantity": "distinct_bwd_32bit_held_3",
   "observed": 10,
   "predicted": 16,
   "departure": 6,
   "beyond_declared_tolerance": true,
   "tolerance": 1
  },
  {
   "seed": 20260903,
   "quantity": "ctl_po5_raw_candidate_count",
   "observed": 48,
   "predicted": 1,
   "departure": 47,
   "beyond_declared_tolerance": true,
   "tolerance": 1,
   "note": "expected_raw_count_modeled is a Poisson-type MODELED value (1 + 4096/2^20); the batch-5 declared ceiling is 4. Departures beyond the tolerance are recorded; the ceiling is a stopping value, not a prediction."
  },
  {
   "seed": 20260904,
   "quantity": "distinct_fwd_32bit",
   "observed": 5,
   "predicted": 8,
   "departure": 3,
   "beyond_declared_tolerance": true,
   "tolerance": 1
  },
  {
   "seed": 20260904,
   "quantity": "distinct_fwd_12bit",
   "observed": 4,
   "predicted": 8,
   "departure": 4,
   "beyond_declared_tolerance": true,
   "tolerance": 1
  },
  {
   "seed": 20260904,
   "quantity": "distinct_bwd_32bit_held_0",
   "observed": 12,
   "predicted": 8,
   "departure": 4,
   "beyond_declared_tolerance": true,
   "tolerance": 1
  },
  {
   "seed": 20260904,
   "quantity": "distinct_bwd_32bit_held_2",
   "observed": 11,
   "predicted": 8,
   "departure": 3,
   "beyond_declared_tolerance": true,
   "tolerance": 1
  },
  {
   "seed": 20260904,
   "quantity": "ctl_po5_raw_candidate_count",
   "observed": 128,
   "predicted": 1,
   "departure": 127,
   "beyond_declared_tolerance": true,
   "tolerance": 1,
   "note": "expected_raw_count_modeled is a Poisson-type MODELED value (1 + 4096/2^20); the batch-5 declared ceiling is 4. Departures beyond the tolerance are recorded; the ceiling is a stopping value, not a prediction."
  },
  {
   "seed": 20260905,
   "quantity": "distinct_fwd_12bit",
   "observed": 4,
   "predicted": 8,
   "departure": 4,
   "beyond_declared_tolerance": true,
   "tolerance": 1
  },
  {
   "seed": 20260905,
   "quantity": "distinct_bwd_32bit_held_0",
   "observed": 6,
   "predicted": 8,
   "departure": 2,
   "beyond_declared_tolerance": true,
   "tolerance": 1
  },
  {
   "seed": 20260905,
   "quantity": "distinct_bwd_32bit_held_2",
   "observed": 12,
   "predicted": 8,
   "departure": 4,
   "beyond_declared_tolerance": true,
   "tolerance": 1
  },
  {
   "seed": 20260905,
   "quantity": "ctl_po5_raw_candidate_count",
   "observed": 40,
   "predicted": 1,
   "departure": 39,
   "beyond_declared_tolerance": true,
   "tolerance": 1,
   "note": "expected_raw_count_modeled is a Poisson-type MODELED value (1 + 4096/2^20); the batch-5 declared ceiling is 4. Departures beyond the tolerance are recorded; the ceiling is a stopping value, not a prediction."
  },
  {
   "seed": 20260906,
   "quantity": "distinct_fwd_32bit",
   "observed": 10,
   "predicted": 16,
   "departure": 6,
   "beyond_declared_tolerance": true,
   "tolerance": 1
  },
  {
   "seed": 20260906,
   "quantity": "distinct_fwd_12bit",
   "observed": 1,
   "predicted": 16,
   "departure": 15,
   "beyond_declared_tolerance": true,
   "tolerance": 1
  },
  {
   "seed": 20260906,
   "quantity": "distinct_bwd_32bit_held_0",
   "observed": 8,
   "predicted": 16,
   "departure": 8,
   "beyond_declared_tolerance": true,
   "tolerance": 1
  },
  {
   "seed": 20260906,
   "quantity": "distinct_bwd_32bit_held_1",
   "observed": 10,
   "predicted": 16,
   "departure": 6,
   "beyond_declared_tolerance": true,
   "tolerance": 1
  },
  {
   "seed": 20260906,
   "quantity": "distinct_bwd_32bit_held_2",
   "observed": 5,
   "predicted": 16,
   "departure": 11,
   "beyond_declared_tolerance": true,
   "tolerance": 1
  },
  {
   "seed": 20260906,
   "quantity": "distinct_bwd_32bit_held_3",
   "observed": 12,
   "predicted": 16,
   "departure": 4,
   "beyond_declared_tolerance": true,
   "tolerance": 1
  },
  {
   "seed": 20260906,
   "quantity": "ctl_po5_raw_candidate_count",
   "observed": 96,
   "predicted": 1,
   "departure": 95,
   "beyond_declared_tolerance": true,
   "tolerance": 1,
   "note": "expected_raw_count_modeled is a Poisson-type MODELED value (1 + 4096/2^20); the batch-5 declared ceiling is 4. Departures beyond the tolerance are recorded; the ceiling is a stopping value, not a prediction."
  },
  {
   "seed": 20260907,
   "quantity": "distinct_fwd_32bit",
   "observed": 9,
   "predicted": 16,
   "departure": 7,
   "beyond_declared_tolerance": true,
   "tolerance": 1
  },
  {
   "seed": 20260907,
   "quantity": "distinct_fwd_12bit",
   "observed": 5,
   "predicted": 16,
   "departure": 11,
   "beyond_declared_tolerance": true,
   "tolerance": 1
  },
  {
   "seed": 20260907,
   "quantity": "distinct_bwd_32bit_held_0",
   "observed": 10,
   "predicted": 16,
   "departure": 6,
   "beyond_declared_tolerance": true,
   "tolerance": 1
  },
  {
   "seed": 20260907,
   "quantity": "distinct_bwd_32bit_held_1",
   "observed": 10,
   "predicted": 16,
   "departure": 6,
   "beyond_declared_tolerance": true,
   "tolerance": 1
  },
  {
   "seed": 20260907,
   "quantity": "distinct_bwd_32bit_held_2",
   "observed": 12,
   "predicted": 16,
   "departure": 4,
   "beyond_declared_tolerance": true,
   "tolerance": 1
  },
  {
   "seed": 20260907,
   "quantity": "distinct_bwd_32bit_held_3",
   "observed": 7,
   "predicted": 16,
   "departure": 9,
   "beyond_declared_tolerance": true,
   "tolerance": 1
  },
  {
   "seed": 20260907,
   "quantity": "ctl_po5_raw_candidate_count",
   "observed": 64,
   "predicted": 1,
   "departure": 63,
   "beyond_declared_tolerance": true,
   "tolerance": 1,
   "note": "expected_raw_count_modeled is a Poisson-type MODELED value (1 + 4096/2^20); the batch-5 declared ceiling is 4. Departures beyond the tolerance are recorded; the ceiling is a stopping value, not a prediction."
  },
  {
   "seed": 20260908,
   "quantity": "distinct_fwd_12bit",
   "observed": 2,
   "predicted": 16,
   "departure": 14,
   "beyond_declared_tolerance": true,
   "tolerance": 1
  },
  {
   "seed": 20260908,
   "quantity": "distinct_bwd_32bit_held_0",
   "observed": 6,
   "predicted": 16,
   "departure": 10,
   "beyond_declared_tolerance": true,
   "tolerance": 1
  },
  {
   "seed": 20260908,
   "quantity": "distinct_bwd_32bit_held_1",
   "observed": 5,
   "predicted": 16,
   "departure": 11,
   "beyond_declared_tolerance": true,
   "tolerance": 1
  },
  {
   "seed": 20260908,
   "quantity": "ctl_po5_raw_candidate_count",
   "observed": 64,
   "predicted": 1,
   "departure": 63,
   "beyond_declared_tolerance": true,
   "tolerance": 1,
   "note": "expected_raw_count_modeled is a Poisson-type MODELED value (1 + 4096/2^20); the batch-5 declared ceiling is 4. Departures beyond the tolerance are recorded; the ceiling is a stopping value, not a prediction."
  },
  {
   "seed": 20260909,
   "quantity": "distinct_fwd_12bit",
   "observed": 3,
   "predicted": 8,
   "departure": 5,
   "beyond_declared_tolerance": true,
   "tolerance": 1
  },
  {
   "seed": 20260909,
   "quantity": "distinct_bwd_32bit_held_0",
   "observed": 12,
   "predicted": 8,
   "departure": 4,
   "beyond_declared_tolerance": true,
   "tolerance": 1
  },
  {
   "seed": 20260909,
   "quantity": "distinct_bwd_32bit_held_1",
   "observed": 6,
   "predicted": 8,
   "departure": 2,
   "beyond_declared_tolerance": true,
   "tolerance": 1
  },
  {
   "seed": 20260909,
   "quantity": "distinct_bwd_32bit_held_2",
   "observed": 11,
   "predicted": 8,
   "departure": 3,
   "beyond_declared_tolerance": true,
   "tolerance": 1
  },
  {
   "seed": 20260909,
   "quantity": "distinct_bwd_32bit_held_3",
   "observed": 6,
   "predicted": 8,
   "departure": 2,
   "beyond_declared_tolerance": true,
   "tolerance": 1
  },
  {
   "seed": 20260909,
   "quantity": "ctl_po5_raw_candidate_count",
   "observed": 512,
   "predicted": 1,
   "departure": 511,
   "beyond_declared_tolerance": true,
   "tolerance": 1,
   "note": "expected_raw_count_modeled is a Poisson-type MODELED value (1 + 4096/2^20); the batch-5 declared ceiling is 4. Departures beyond the tolerance are recorded; the ceiling is a stopping value, not a prediction."
  },
  {
   "seed": 20260910,
   "quantity": "distinct_fwd_32bit",
   "observed": 7,
   "predicted": 16,
   "departure": 9,
   "beyond_declared_tolerance": true,
   "tolerance": 1
  },
  {
   "seed": 20260910,
   "quantity": "distinct_fwd_12bit",
   "observed": 7,
   "predicted": 16,
   "departure": 9,
   "beyond_declared_tolerance": true,
   "tolerance": 1
  },
  {
   "seed": 20260910,
   "quantity": "distinct_bwd_32bit_held_0",
   "observed": 9,
   "predicted": 16,
   "departure": 7,
   "beyond_declared_tolerance": true,
   "tolerance": 1
  },
  {
   "seed": 20260910,
   "quantity": "distinct_bwd_32bit_held_1",
   "observed": 10,
   "predicted": 16,
   "departure": 6,
   "beyond_declared_tolerance": true,
   "tolerance": 1
  },
  {
   "seed": 20260910,
   "quantity": "distinct_bwd_32bit_held_2",
   "observed": 6,
   "predicted": 16,
   "departure": 10,
   "beyond_declared_tolerance": true,
   "tolerance": 1
  },
  {
   "seed": 20260910,
   "quantity": "distinct_bwd_32bit_held_3",
   "observed": 8,
   "predicted": 16,
   "departure": 8,
   "beyond_declared_tolerance": true,
   "tolerance": 1
  },
  {
   "seed": 20260910,
   "quantity": "ctl_po5_raw_candidate_count",
   "observed": 48,
   "predicted": 1,
   "departure": 47,
   "beyond_declared_tolerance": true,
   "tolerance": 1,
   "note": "expected_raw_count_modeled is a Poisson-type MODELED value (1 + 4096/2^20); the batch-5 declared ceiling is 4. Departures beyond the tolerance are recorded; the ceiling is a stopping value, not a prediction."
  },
  {
   "seed": 20260911,
   "quantity": "distinct_fwd_12bit",
   "observed": 11,
   "predicted": 16,
   "departure": 5,
   "beyond_declared_tolerance": true,
   "tolerance": 1
  },
  {
   "seed": 20260911,
   "quantity": "distinct_bwd_32bit_held_0",
   "observed": 7,
   "predicted": 16,
   "departure": 9,
   "beyond_declared_tolerance": true,
   "tolerance": 1
  },
  {
   "seed": 20260911,
   "quantity": "distinct_bwd_32bit_held_1",
   "observed": 2,
   "predicted": 16,
   "departure": 14,
   "beyond_declared_tolerance": true,
   "tolerance": 1
  },
  {
   "seed": 20260911,
   "quantity": "distinct_bwd_32bit_held_2",
   "observed": 7,
   "predicted": 16,
   "departure": 9,
   "beyond_declared_tolerance": true,
   "tolerance": 1
  },
  {
   "seed": 20260911,
   "quantity": "distinct_bwd_32bit_held_3",
   "observed": 8,
   "predicted": 16,
   "departure": 8,
   "beyond_declared_tolerance": true,
   "tolerance": 1
  },
  {
   "seed": 20260911,
   "quantity": "ctl_po5_raw_candidate_count",
   "observed": 8,
   "predicted": 1,
   "departure": 7,
   "beyond_declared_tolerance": true,
   "tolerance": 1,
   "note": "expected_raw_count_modeled is a Poisson-type MODELED value (1 + 4096/2^20); the batch-5 declared ceiling is 4. Departures beyond the tolerance are recorded; the ceiling is a stopping value, not a prediction."
  },
  {
   "seed": 20260912,
   "quantity": "distinct_fwd_32bit",
   "observed": 9,
   "predicted": 16,
   "departure": 7,
   "beyond_declared_tolerance": true,
   "tolerance": 1
  },
  {
   "seed": 20260912,
   "quantity": "distinct_fwd_12bit",
   "observed": 3,
   "predicted": 16,
   "departure": 13,
   "beyond_declared_tolerance": true,
   "tolerance": 1
  },
  {
   "seed": 20260912,
   "quantity": "distinct_bwd_32bit_held_0",
   "observed": 6,
   "predicted": 16,
   "departure": 10,
   "beyond_declared_tolerance": true,
   "tolerance": 1
  },
  {
   "seed": 20260912,
   "quantity": "distinct_bwd_32bit_held_1",
   "observed": 4,
   "predicted": 16,
   "departure": 12,
   "beyond_declared_tolerance": true,
   "tolerance": 1
  },
  {
   "seed": 20260912,
   "quantity": "distinct_bwd_32bit_held_2",
   "observed": 10,
   "predicted": 16,
   "departure": 6,
   "beyond_declared_tolerance": true,
   "tolerance": 1
  },
  {
   "seed": 20260912,
   "quantity": "distinct_bwd_32bit_held_3",
   "observed": 6,
   "predicted": 16,
   "departure": 10,
   "beyond_declared_tolerance": true,
   "tolerance": 1
  },
  {
   "seed": 20260912,
   "quantity": "ctl_po5_raw_candidate_count",
   "observed": 256,
   "predicted": 1,
   "departure": 255,
   "beyond_declared_tolerance": true,
   "tolerance": 1,
   "note": "expected_raw_count_modeled is a Poisson-type MODELED value (1 + 4096/2^20); the batch-5 declared ceiling is 4. Departures beyond the tolerance are recorded; the ceiling is a stopping value, not a prediction."
  },
  {
   "seed": 20260913,
   "quantity": "distinct_fwd_32bit",
   "observed": 6,
   "predicted": 8,
   "departure": 2,
   "beyond_declared_tolerance": true,
   "tolerance": 1
  },
  {
   "seed": 20260913,
   "quantity": "distinct_fwd_12bit",
   "observed": 2,
   "predicted": 8,
   "departure": 6,
   "beyond_declared_tolerance": true,
   "tolerance": 1
  },
  {
   "seed": 20260913,
   "quantity": "distinct_bwd_32bit_held_0",
   "observed": 12,
   "predicted": 8,
   "departure": 4,
   "beyond_declared_tolerance": true,
   "tolerance": 1
  },
  {
   "seed": 20260913,
   "quantity": "distinct_bwd_32bit_held_1",
   "observed": 10,
   "predicted": 8,
   "departure": 2,
   "beyond_declared_tolerance": true,
   "tolerance": 1
  },
  {
   "seed": 20260913,
   "quantity": "distinct_bwd_32bit_held_2",
   "observed": 16,
   "predicted": 8,
   "departure": 8,
   "beyond_declared_tolerance": true,
   "tolerance": 1
  },
  {
   "seed": 20260913,
   "quantity": "distinct_bwd_32bit_held_3",
   "observed": 6,
   "predicted": 8,
   "departure": 2,
   "beyond_declared_tolerance": true,
   "tolerance": 1
  },
  {
   "seed": 20260913,
   "quantity": "ctl_po5_raw_candidate_count",
   "observed": 32,
   "predicted": 1,
   "departure": 31,
   "beyond_declared_tolerance": true,
   "tolerance": 1,
   "note": "expected_raw_count_modeled is a Poisson-type MODELED value (1 + 4096/2^20); the batch-5 declared ceiling is 4. Departures beyond the tolerance are recorded; the ceiling is a stopping value, not a prediction."
  },
  {
   "seed": 20260914,
   "quantity": "distinct_fwd_32bit",
   "observed": 12,
   "predicted": 8,
   "departure": 4,
   "beyond_declared_tolerance": true,
   "tolerance": 1
  },
  {
   "seed": 20260914,
   "quantity": "distinct_fwd_12bit",
   "observed": 2,
   "predicted": 8,
   "departure": 6,
   "beyond_declared_tolerance": true,
   "tolerance": 1
  },
  {
   "seed": 20260914,
   "quantity": "distinct_bwd_32bit_held_0",
   "observed": 10,
   "predicted": 8,
   "departure": 2,
   "beyond_declared_tolerance": true,
   "tolerance": 1
  },
  {
   "seed": 20260914,
   "quantity": "distinct_bwd_32bit_held_1",
   "observed": 11,
   "predicted": 8,
   "departure": 3,
   "beyond_declared_tolerance": true,
   "tolerance": 1
  },
  {
   "seed": 20260914,
   "quantity": "distinct_bwd_32bit_held_2",
   "observed": 11,
   "predicted": 8,
   "departure": 3,
   "beyond_declared_tolerance": true,
   "tolerance": 1
  },
  {
   "seed": 20260914,
   "quantity": "distinct_bwd_32bit_held_3",
   "observed": 4,
   "predicted": 8,
   "departure": 4,
   "beyond_declared_tolerance": true,
   "tolerance": 1
  },
  {
   "seed": 20260914,
   "quantity": "ctl_po5_raw_candidate_count",
   "observed": 120,
   "predicted": 1,
   "departure": 119,
   "beyond_declared_tolerance": true,
   "tolerance": 1,
   "note": "expected_raw_count_modeled is a Poisson-type MODELED value (1 + 4096/2^20); the batch-5 declared ceiling is 4. Departures beyond the tolerance are recorded; the ceiling is a stopping value, not a prediction."
  },
  {
   "seed": 20260915,
   "quantity": "distinct_fwd_32bit",
   "observed": 12,
   "predicted": 16,
   "departure": 4,
   "beyond_declared_tolerance": true,
   "tolerance": 1
  },
  {
   "seed": 20260915,
   "quantity": "distinct_fwd_12bit",
   "observed": 2,
   "predicted": 16,
   "departure": 14,
   "beyond_declared_tolerance": true,
   "tolerance": 1
  },
  {
   "seed": 20260915,
   "quantity": "distinct_bwd_32bit_held_1",
   "observed": 6,
   "predicted": 16,
   "departure": 10,
   "beyond_declared_tolerance": true,
   "tolerance": 1
  },
  {
   "seed": 20260915,
   "quantity": "distinct_bwd_32bit_held_2",
   "observed": 10,
   "predicted": 16,
   "departure": 6,
   "beyond_declared_tolerance": true,
   "tolerance": 1
  },
  {
   "seed": 20260915,
   "quantity": "distinct_bwd_32bit_held_3",
   "observed": 14,
   "predicted": 16,
   "departure": 2,
   "beyond_declared_tolerance": true,
   "tolerance": 1
  },
  {
   "seed": 20260915,
   "quantity": "ctl_po5_raw_candidate_count",
   "observed": 48,
   "predicted": 1,
   "departure": 47,
   "beyond_declared_tolerance": true,
   "tolerance": 1,
   "note": "expected_raw_count_modeled is a Poisson-type MODELED value (1 + 4096/2^20); the batch-5 declared ceiling is 4. Departures beyond the tolerance are recorded; the ceiling is a stopping value, not a prediction."
  },
  {
   "seed": 20260916,
   "quantity": "distinct_fwd_12bit",
   "observed": 5,
   "predicted": 16,
   "departure": 11,
   "beyond_declared_tolerance": true,
   "tolerance": 1
  },
  {
   "seed": 20260916,
   "quantity": "distinct_bwd_32bit_held_0",
   "observed": 4,
   "predicted": 16,
   "departure": 12,
   "beyond_declared_tolerance": true,
   "tolerance": 1
  },
  {
   "seed": 20260916,
   "quantity": "distinct_bwd_32bit_held_1",
   "observed": 12,
   "predicted": 16,
   "departure": 4,
   "beyond_declared_tolerance": true,
   "tolerance": 1
  },
  {
   "seed": 20260916,
   "quantity": "distinct_bwd_32bit_held_3",
   "observed": 8,
   "predicted": 16,
   "departure": 8,
   "beyond_declared_tolerance": true,
   "tolerance": 1
  },
  {
   "seed": 20260916,
   "quantity": "ctl_po5_raw_candidate_count",
   "observed": 8,
   "predicted": 1,
   "departure": 7,
   "beyond_declared_tolerance": true,
   "tolerance": 1,
   "note": "expected_raw_count_modeled is a Poisson-type MODELED value (1 + 4096/2^20); the batch-5 declared ceiling is 4. Departures beyond the tolerance are recorded; the ceiling is a stopping value, not a prediction."
  },
  {
   "seed": 20260917,
   "quantity": "distinct_fwd_32bit",
   "observed": 5,
   "predicted": 16,
   "departure": 11,
   "beyond_declared_tolerance": true,
   "tolerance": 1
  },
  {
   "seed": 20260917,
   "quantity": "distinct_fwd_12bit",
   "observed": 4,
   "predicted": 16,
   "departure": 12,
   "beyond_declared_tolerance": true,
   "tolerance": 1
  },
  {
   "seed": 20260917,
   "quantity": "distinct_bwd_32bit_held_0",
   "observed": 10,
   "predicted": 16,
   "departure": 6,
   "beyond_declared_tolerance": true,
   "tolerance": 1
  },
  {
   "seed": 20260917,
   "quantity": "distinct_bwd_32bit_held_1",
   "observed": 7,
   "predicted": 16,
   "departure": 9,
   "beyond_declared_tolerance": true,
   "tolerance": 1
  },
  {
   "seed": 20260917,
   "quantity": "distinct_bwd_32bit_held_2",
   "observed": 7,
   "predicted": 16,
   "departure": 9,
   "beyond_declared_tolerance": true,
   "tolerance": 1
  },
  {
   "seed": 20260917,
   "quantity": "distinct_bwd_32bit_held_3",
   "observed": 6,
   "predicted": 16,
   "departure": 10,
   "beyond_declared_tolerance": true,
   "tolerance": 1
  },
  {
   "seed": 20260917,
   "quantity": "ctl_po5_raw_candidate_count",
   "observed": 64,
   "predicted": 1,
   "departure": 63,
   "beyond_declared_tolerance": true,
   "tolerance": 1,
   "note": "expected_raw_count_modeled is a Poisson-type MODELED value (1 + 4096/2^20); the batch-5 declared ceiling is 4. Departures beyond the tolerance are recorded; the ceiling is a stopping value, not a prediction."
  },
  {
   "seed": 20260918,
   "quantity": "distinct_fwd_32bit",
   "observed": 14,
   "predicted": 8,
   "departure": 6,
   "beyond_declared_tolerance": true,
   "tolerance": 1
  },
  {
   "seed": 20260918,
   "quantity": "distinct_fwd_12bit",
   "observed": 2,
   "predicted": 8,
   "departure": 6,
   "beyond_declared_tolerance": true,
   "tolerance": 1
  },
  {
   "seed": 20260918,
   "quantity": "distinct_bwd_32bit_held_0",
   "observed": 14,
   "predicted": 8,
   "departure": 6,
   "beyond_declared_tolerance": true,
   "tolerance": 1
  },
  {
   "seed": 20260918,
   "quantity": "distinct_bwd_32bit_held_2",
   "observed": 5,
   "predicted": 8,
   "departure": 3,
   "beyond_declared_tolerance": true,
   "tolerance": 1
  },
  {
   "seed": 20260918,
   "quantity": "ctl_po5_raw_candidate_count",
   "observed": 64,
   "predicted": 1,
   "departure": 63,
   "beyond_declared_tolerance": true,
   "tolerance": 1,
   "note": "expected_raw_count_modeled is a Poisson-type MODELED value (1 + 4096/2^20); the batch-5 declared ceiling is 4. Departures beyond the tolerance are recorded; the ceiling is a stopping value, not a prediction."
  },
  {
   "seed": 20260919,
   "quantity": "distinct_fwd_32bit",
   "observed": 10,
   "predicted": 8,
   "departure": 2,
   "beyond_declared_tolerance": true,
   "tolerance": 1
  },
  {
   "seed": 20260919,
   "quantity": "distinct_fwd_12bit",
   "observed": 4,
   "predicted": 8,
   "departure": 4,
   "beyond_declared_tolerance": true,
   "tolerance": 1
  },
  {
   "seed": 20260919,
   "quantity": "distinct_bwd_32bit_held_0",
   "observed": 13,
   "predicted": 8,
   "departure": 5,
   "beyond_declared_tolerance": true,
   "tolerance": 1
  },
  {
   "seed": 20260919,
   "quantity": "distinct_bwd_32bit_held_1",
   "observed": 10,
   "predicted": 8,
   "departure": 2,
   "beyond_declared_tolerance": true,
   "tolerance": 1
  },
  {
   "seed": 20260919,
   "quantity": "distinct_bwd_32bit_held_2",
   "observed": 4,
   "predicted": 8,
   "departure": 4,
   "beyond_declared_tolerance": true,
   "tolerance": 1
  },
  {
   "seed": 20260919,
   "quantity": "distinct_bwd_32bit_held_3",
   "observed": 6,
   "predicted": 8,
   "departure": 2,
   "beyond_declared_tolerance": true,
   "tolerance": 1
  },
  {
   "seed": 20260919,
   "quantity": "ctl_po5_raw_candidate_count",
   "observed": 120,
   "predicted": 1,
   "departure": 119,
   "beyond_declared_tolerance": true,
   "tolerance": 1,
   "note": "expected_raw_count_modeled is a Poisson-type MODELED value (1 + 4096/2^20); the batch-5 declared ceiling is 4. Departures beyond the tolerance are recorded; the ceiling is a stopping value, not a prediction."
  },
  {
   "seed": 20260920,
   "quantity": "distinct_fwd_32bit",
   "observed": 8,
   "predicted": 4,
   "departure": 4,
   "beyond_declared_tolerance": true,
   "tolerance": 1
  },
  {
   "seed": 20260920,
   "quantity": "distinct_fwd_12bit",
   "observed": 1,
   "predicted": 4,
   "departure": 3,
   "beyond_declared_tolerance": true,
   "tolerance": 1
  },
  {
   "seed": 20260920,
   "quantity": "distinct_bwd_32bit_held_0",
   "observed": 6,
   "predicted": 4,
   "departure": 2,
   "beyond_declared_tolerance": true,
   "tolerance": 1
  },
  {
   "seed": 20260920,
   "quantity": "distinct_bwd_32bit_held_2",
   "observed": 6,
   "predicted": 4,
   "departure": 2,
   "beyond_declared_tolerance": true,
   "tolerance": 1
  },
  {
   "seed": 20260920,
   "quantity": "ctl_po5_raw_candidate_count",
   "observed": 288,
   "predicted": 1,
   "departure": 287,
   "beyond_declared_tolerance": true,
   "tolerance": 1,
   "note": "expected_raw_count_modeled is a Poisson-type MODELED value (1 + 4096/2^20); the batch-5 declared ceiling is 4. Departures beyond the tolerance are recorded; the ceiling is a stopping value, not a prediction."
  }
 ]
}
