===== closure_m2_n40 =====
[2026-09-17T16:39:05Z] start out_dir=/home/user/crypto-autoresearcher/experiments/EXP-SEMBIN-7e1371/runs/RUN-SEMBIN-9bb990/closure_m2_n40/cells groups= cells=40:2:2:20 families=chained_eq5 draws=1 caps: wall=3600.0 mem=6.0 closure_mem=2.5
[2026-09-17T16:39:06Z] ch_n40_m2_t2_k20_low_B_ran_s20260913101_d0 count: solutions=0 0.6s
[2026-09-17T16:39:06Z] ch_n40_m2_t2_k20_low_B_ran_s20260913101_d0 F4: unreached_declared d_F4_semaev=None naive=None quot=None rounds=0 0.0s
[2026-09-17T16:39:06Z] ch_n40_m2_t2_k20_low_B_ran_s20260913101_d0 closure D=2: completed verdict=insufficient rank=117/821 std=None 0.0s
[2026-09-17T16:39:06Z] ch_n40_m2_t2_k20_low_B_ran_s20260913101_d0 closure D=3: completed verdict=insufficient rank=5855/10701 std=None 0.8s
[2026-09-17T16:54:47Z] ch_n40_m2_t2_k20_low_B_ran_s20260913101_d0 closure D=4: completed verdict=sufficient rank=101931/102091 std=0 940.8s
[2026-09-17T16:54:48Z] ch_n40_m2_t2_k20_low_B_ran_s20260913102_d1 count: solutions=4 0.6s
[2026-09-17T16:54:48Z] ch_n40_m2_t2_k20_low_B_ran_s20260913102_d1 F4: unreached_declared d_F4_semaev=None naive=None quot=None rounds=0 0.0s
[2026-09-17T16:54:48Z] ch_n40_m2_t2_k20_low_B_ran_s20260913102_d1 closure D=2: completed verdict=insufficient rank=117/821 std=None 0.0s
[2026-09-17T16:54:49Z] ch_n40_m2_t2_k20_low_B_ran_s20260913102_d1 closure D=3: completed verdict=insufficient rank=5810/10701 std=None 0.8s
===== closure_m2_n40_d1 =====
[2026-09-17T17:32:38Z] start out_dir=/home/user/crypto-autoresearcher/experiments/EXP-SEMBIN-7e1371/runs/RUN-SEMBIN-9bb990/closure_m2_n40_d1/cells groups= cells=40:2:2:20 families=chained_eq5 draws=1 caps: wall=3600.0 mem=6.0 closure_mem=2.5
[2026-09-17T17:32:44Z] ch_n40_m2_t2_k20_low_B_ran_s20260913102_d1 count: solutions=4 status=completed cross=4 3.6s
[2026-09-17T17:32:44Z] ch_n40_m2_t2_k20_low_B_ran_s20260913102_d1 F4: unreached_declared d_F4_semaev=None naive=None quot=None rounds=0 0.0s
[2026-09-17T17:32:44Z] ch_n40_m2_t2_k20_low_B_ran_s20260913102_d1 closure D=2: completed verdict=insufficient rank=117/821 std=None 0.0s
[2026-09-17T17:32:44Z] ch_n40_m2_t2_k20_low_B_ran_s20260913102_d1 closure D=3: completed verdict=insufficient rank=5810/10701 std=None 0.6s
===== closure_m2_n41 =====
[2026-09-17T17:08:40Z] start out_dir=/home/user/crypto-autoresearcher/experiments/EXP-SEMBIN-7e1371/runs/RUN-SEMBIN-9bb990/closure_m2_n41/cells groups= cells=41:2:2:21 families=chained_eq5 draws=1 caps: wall=3600.0 mem=6.0 closure_mem=3.0
[2026-09-17T17:08:51Z] ch_n41_m2_t2_k21_low_B_ran_s20260913101_d0 count: solutions=0 status=completed cross=0 6.9s
[2026-09-17T17:08:51Z] ch_n41_m2_t2_k21_low_B_ran_s20260913101_d0 F4: unreached_declared d_F4_semaev=None naive=None quot=None rounds=0 0.0s
[2026-09-17T17:08:51Z] ch_n41_m2_t2_k21_low_B_ran_s20260913101_d0 closure D=2: completed verdict=insufficient rank=82/904 std=None 0.0s
[2026-09-17T17:08:52Z] ch_n41_m2_t2_k21_low_B_ran_s20260913101_d0 closure D=3: completed verdict=insufficient rank=6975/12384 std=None 1.0s
[2026-09-17T17:50:18Z] start out_dir=/home/user/crypto-autoresearcher/experiments/EXP-SEMBIN-7e1371/runs/RUN-SEMBIN-9bb990/closure_m2_n41/cells groups= cells=41:2:2:21 families=chained_eq5 draws=1 caps: wall=3600.0 mem=6.0 closure_mem=3.4
[2026-09-17T17:50:29Z] ch_n41_m2_t2_k21_low_B_ran_s20260913101_d0 count: solutions=0 status=completed cross=0 7.6s
[2026-09-17T17:50:29Z] ch_n41_m2_t2_k21_low_B_ran_s20260913101_d0 F4: unreached_declared d_F4_semaev=None naive=None quot=None rounds=0 0.0s
[2026-09-17T17:50:29Z] ch_n41_m2_t2_k21_low_B_ran_s20260913101_d0 closure D=2: completed verdict=insufficient rank=82/904 std=None 0.0s
[2026-09-17T17:50:30Z] ch_n41_m2_t2_k21_low_B_ran_s20260913101_d0 closure D=3: completed verdict=insufficient rank=6975/12384 std=None 0.9s
[2026-09-17T18:16:39Z] ch_n41_m2_t2_k21_low_B_ran_s20260913101_d0 closure D=4: completed verdict=sufficient rank=124314/124314 std=0 1569.1s
[2026-09-17T18:16:39Z] done
===== closure_m2_n42 =====
[2026-09-17T18:43:40Z] start out_dir=/home/user/crypto-autoresearcher/experiments/EXP-SEMBIN-7e1371/runs/RUN-SEMBIN-9bb990/closure_m2_n42/cells groups= cells=42:2:2:21 families=chained_eq5 draws=1 caps: wall=3600.0 mem=6.0 closure_mem=3.4
[2026-09-17T18:43:52Z] ch_n42_m2_t2_k21_low_B_ran_s20260913101_d0 count: solutions=0 status=completed cross=0 8.1s
[2026-09-17T18:43:52Z] ch_n42_m2_t2_k21_low_B_ran_s20260913101_d0 F4: unreached_declared d_F4_semaev=None naive=None quot=None rounds=0 0.0s
[2026-09-17T18:43:52Z] ch_n42_m2_t2_k21_low_B_ran_s20260913101_d0 closure D=2: completed verdict=sufficient rank=904/904 std=0 0.0s
[2026-09-17T18:43:52Z] done
===== closure_m2_n43 =====
[2026-09-17T18:43:52Z] start out_dir=/home/user/crypto-autoresearcher/experiments/EXP-SEMBIN-7e1371/runs/RUN-SEMBIN-9bb990/closure_m2_n43/cells groups= cells=43:2:2:22 families=chained_eq5 draws=1 caps: wall=3600.0 mem=6.0 closure_mem=4.7
[2026-09-17T18:44:16Z] ch_n43_m2_t2_k22_low_B_ran_s20260913101_d0 count: solutions=2 status=completed cross=2 16.7s
[2026-09-17T18:44:16Z] ch_n43_m2_t2_k22_low_B_ran_s20260913101_d0 F4: unreached_declared d_F4_semaev=None naive=None quot=None rounds=0 0.0s
[2026-09-17T18:44:16Z] ch_n43_m2_t2_k22_low_B_ran_s20260913101_d0 closure D=2: completed verdict=insufficient rank=128/991 std=None 0.0s
[2026-09-17T18:44:17Z] ch_n43_m2_t2_k22_low_B_ran_s20260913101_d0 closure D=3: completed verdict=insufficient rank=6888/14235 std=None 1.3s
[2026-09-17T19:34:55Z] ch_n43_m2_t2_k22_low_B_ran_s20260913101_d0 closure D=4: completed verdict=sufficient rank=149986/149986 std=0 3038.0s
[2026-09-17T19:34:55Z] done
===== closure_m2_n44 =====
[2026-09-17T19:34:56Z] start out_dir=/home/user/crypto-autoresearcher/experiments/EXP-SEMBIN-7e1371/runs/RUN-SEMBIN-9bb990/closure_m2_n44/cells groups= cells=44:2:2:22 families=chained_eq5 draws=1 caps: wall=3600.0 mem=6.0 closure_mem=4.7
[2026-09-17T19:35:20Z] ch_n44_m2_t2_k22_low_B_ran_s20260913101_d0 count: solutions=0 status=completed cross=0 16.7s
[2026-09-17T19:35:20Z] ch_n44_m2_t2_k22_low_B_ran_s20260913101_d0 F4: unreached_declared d_F4_semaev=None naive=None quot=None rounds=0 0.0s
[2026-09-17T19:35:20Z] ch_n44_m2_t2_k22_low_B_ran_s20260913101_d0 closure D=2: completed verdict=sufficient rank=991/991 std=0 0.0s
[2026-09-17T19:35:20Z] done
===== closure_m2_n45 =====
[2026-09-17T19:35:20Z] start out_dir=/home/user/crypto-autoresearcher/experiments/EXP-SEMBIN-7e1371/runs/RUN-SEMBIN-9bb990/closure_m2_n45/cells groups= cells=45:2:2:23 families=chained_eq5 draws=1 caps: wall=3600.0 mem=6.0 closure_mem=6.5
[2026-09-17T19:36:13Z] ch_n45_m2_t2_k23_low_B_ran_s20260913101_d0 count: solutions=2 status=completed cross=2 36.9s
[2026-09-17T19:36:13Z] ch_n45_m2_t2_k23_low_B_ran_s20260913101_d0 F4: unreached_declared d_F4_semaev=None naive=None quot=None rounds=0 0.0s
[2026-09-17T19:36:13Z] ch_n45_m2_t2_k23_low_B_ran_s20260913101_d0 closure D=2: completed verdict=insufficient rank=90/1082 std=None 0.0s
[2026-09-17T19:36:15Z] ch_n45_m2_t2_k23_low_B_ran_s20260913101_d0 closure D=3: completed verdict=insufficient rank=8465/16262 std=None 2.2s
===== closure_sw_n12k2 =====
[2026-09-17T17:50:11Z] start out_dir=/home/user/crypto-autoresearcher/experiments/EXP-SEMBIN-7e1371/runs/RUN-SEMBIN-9bb990/closure_sw_n12k2/cells groups= cells=12:6:6:2 families=chained_eq5 draws=1 caps: wall=3600.0 mem=6.0 closure_mem=1.5
[2026-09-17T17:50:11Z] ch_n12_m6_t6_k2_low_B_equ_s20260913101_d0 count: solutions=0 status=completed cross=None 0.0s
[2026-09-17T17:50:11Z] ch_n12_m6_t6_k2_low_B_equ_s20260913101_d0 F4: unreached_declared d_F4_semaev=None naive=None quot=None rounds=0 0.0s
[2026-09-17T17:50:15Z] ch_n12_m6_t6_k2_low_B_equ_s20260913101_d0 closure D=3: completed verdict=insufficient rank=17673/36051 std=None 4.3s
[2026-09-17T17:50:15Z] ch_n12_m6_t6_k2_low_B_equ_s20260913101_d0 closure D=4: unreached_declared ncols=523686
[2026-09-17T17:50:15Z] done
===== closure_sw_n12k3 =====
[2026-09-17T17:50:16Z] start out_dir=/home/user/crypto-autoresearcher/experiments/EXP-SEMBIN-7e1371/runs/RUN-SEMBIN-9bb990/closure_sw_n12k3/cells groups= cells=12:6:6:3 families=chained_eq5 draws=1 caps: wall=3600.0 mem=6.0 closure_mem=1.5
[2026-09-17T17:50:16Z] ch_n12_m6_t6_k3_low_B_equ_s20260913101_d0 count: solutions=0 status=completed cross=None 0.0s
[2026-09-17T17:50:16Z] ch_n12_m6_t6_k3_low_B_equ_s20260913101_d0 F4: unreached_declared d_F4_semaev=None naive=None quot=None rounds=0 0.0s
[2026-09-17T17:50:16Z] ch_n12_m6_t6_k3_low_B_equ_s20260913101_d0 instrument limit: N = 66 exceeds the 64-bit monomial mask both M4RI instruments use (closure_cert._csr); not representable, independent of memory
[2026-09-17T17:50:16Z] done
===== closure_sw_n12k4 =====
[2026-09-17T17:50:16Z] start out_dir=/home/user/crypto-autoresearcher/experiments/EXP-SEMBIN-7e1371/runs/RUN-SEMBIN-9bb990/closure_sw_n12k4/cells groups= cells=12:6:6:4 families=chained_eq5 draws=1 caps: wall=3600.0 mem=6.0 closure_mem=1.5
[2026-09-17T17:50:18Z] ch_n12_m6_t6_k4_low_B_equ_s20260913101_d0 count: solutions=0 status=completed cross=None 1.2s
[2026-09-17T17:50:18Z] ch_n12_m6_t6_k4_low_B_equ_s20260913101_d0 F4: unreached_declared d_F4_semaev=None naive=None quot=None rounds=0 0.0s
[2026-09-17T17:50:18Z] ch_n12_m6_t6_k4_low_B_equ_s20260913101_d0 instrument limit: N = 72 exceeds the 64-bit monomial mask both M4RI instruments use (closure_cert._csr); not representable, independent of memory
[2026-09-17T17:50:18Z] done
===== closure_sw_n13k6 =====
[2026-09-17T17:50:10Z] start out_dir=/home/user/crypto-autoresearcher/experiments/EXP-SEMBIN-7e1371/runs/RUN-SEMBIN-9bb990/closure_sw_n13k6/cells groups= cells=13:4:4:6 families=chained_eq5 draws=1 caps: wall=3600.0 mem=6.0 closure_mem=1.5
[2026-09-17T17:50:10Z] ch_n13_m4_t4_k6_low_B_equ_s20260913101_d0 count: solutions=1814 status=completed cross=None 0.3s
[2026-09-17T17:50:11Z] ch_n13_m4_t4_k6_low_B_equ_s20260913101_d0 F4: unreached_declared d_F4_semaev=None naive=None quot=None rounds=0 0.0s
[2026-09-17T17:50:11Z] ch_n13_m4_t4_k6_low_B_equ_s20260913101_d0 closure D=3: completed verdict=insufficient rank=2242/20876 std=None 0.1s
[2026-09-17T17:50:11Z] ch_n13_m4_t4_k6_low_B_equ_s20260913101_d0 closure D=4: unreached_declared ncols=251176
[2026-09-17T17:50:11Z] done
===== closure_sw_n17k6 =====
[2026-09-17T16:45:45Z] start out_dir=/home/user/crypto-autoresearcher/experiments/EXP-SEMBIN-7e1371/runs/RUN-SEMBIN-9bb990/closure_sw_n17k6/cells groups= cells=17:3:3:6 families=chained_eq5 draws=1 caps: wall=3600.0 mem=6.0 closure_mem=1.5
[2026-09-17T16:45:45Z] ch_n17_m3_t3_k6_low_B_equ_s20260913101_d0 count: solutions=0 status=completed cross=None 0.0s
[2026-09-17T16:45:45Z] ch_n17_m3_t3_k6_low_B_equ_s20260913101_d0 F4: unreached_declared d_F4_semaev=None naive=None quot=None rounds=0 0.0s
[2026-09-17T16:45:46Z] ch_n17_m3_t3_k6_low_B_equ_s20260913101_d0 closure D=3: completed verdict=insufficient rank=1575/7176 std=None 0.0s
[2026-09-17T16:48:42Z] ch_n17_m3_t3_k6_low_B_equ_s20260913101_d0 closure D=4: completed verdict=sufficient rank=59536/59536 std=0 176.1s
[2026-09-17T16:48:42Z] done
===== closure_sw_n17k7 =====
[2026-09-17T16:48:42Z] start out_dir=/home/user/crypto-autoresearcher/experiments/EXP-SEMBIN-7e1371/runs/RUN-SEMBIN-9bb990/closure_sw_n17k7/cells groups= cells=17:3:3:7 families=chained_eq5 draws=1 caps: wall=3600.0 mem=6.0 closure_mem=1.8
[2026-09-17T16:48:42Z] ch_n17_m3_t3_k7_low_B_equ_s20260913101_d0 count: solutions=42 status=completed cross=None 0.0s
[2026-09-17T16:48:42Z] ch_n17_m3_t3_k7_low_B_equ_s20260913101_d0 F4: unreached_declared d_F4_semaev=None naive=None quot=None rounds=0 0.0s
[2026-09-17T16:48:42Z] ch_n17_m3_t3_k7_low_B_equ_s20260913101_d0 closure D=3: completed verdict=insufficient rank=1732/9178 std=None 0.0s
[2026-09-17T17:05:16Z] ch_n17_m3_t3_k7_low_B_equ_s20260913101_d0 closure D=4: completed verdict=sufficient rank=82951/82993 std=42 993.3s
[2026-09-17T17:05:16Z] done
===== closure_sw_n19k10 =====
[2026-09-17T17:50:01Z] start out_dir=/home/user/crypto-autoresearcher/experiments/EXP-SEMBIN-7e1371/runs/RUN-SEMBIN-9bb990/closure_sw_n19k10/cells groups= cells=19:3:3:10 families=chained_eq5 draws=1 caps: wall=3600.0 mem=6.0 closure_mem=1.5
[2026-09-17T17:50:04Z] ch_n19_m3_t3_k10_low_B_equ_s20260913101_d0 count: solutions=2154 status=completed cross=None 2.7s
[2026-09-17T17:50:04Z] ch_n19_m3_t3_k10_low_B_equ_s20260913101_d0 F4: unreached_declared d_F4_semaev=None naive=None quot=None rounds=0 0.0s
[2026-09-17T17:50:04Z] ch_n19_m3_t3_k10_low_B_equ_s20260913101_d0 closure D=3: completed verdict=insufficient rank=2558/19650 std=None 0.2s
[2026-09-17T17:50:04Z] ch_n19_m3_t3_k10_low_B_equ_s20260913101_d0 closure D=4: unreached_declared ncols=231526
[2026-09-17T17:50:04Z] done
===== closure_sw_n19k7 =====
[2026-09-17T17:05:17Z] start out_dir=/home/user/crypto-autoresearcher/experiments/EXP-SEMBIN-7e1371/runs/RUN-SEMBIN-9bb990/closure_sw_n19k7/cells groups= cells=19:3:3:7 families=chained_eq5 draws=1 caps: wall=3600.0 mem=6.0 closure_mem=2.5
[2026-09-17T17:05:17Z] ch_n19_m3_t3_k7_low_B_equ_s20260913101_d0 count: solutions=0 status=completed cross=None 0.0s
[2026-09-17T17:05:17Z] ch_n19_m3_t3_k7_low_B_equ_s20260913101_d0 F4: unreached_declared d_F4_semaev=None naive=None quot=None rounds=0 0.0s
[2026-09-17T17:05:17Z] ch_n19_m3_t3_k7_low_B_equ_s20260913101_d0 closure D=3: completed verdict=insufficient rank=2021/10701 std=None 0.1s
===== closure_sw_n21k10 =====
[2026-09-17T17:50:06Z] start out_dir=/home/user/crypto-autoresearcher/experiments/EXP-SEMBIN-7e1371/runs/RUN-SEMBIN-9bb990/closure_sw_n21k10/cells groups= cells=21:3:3:10 families=chained_eq5 draws=1 caps: wall=3600.0 mem=6.0 closure_mem=1.5
[2026-09-17T17:50:09Z] ch_n21_m3_t3_k10_low_B_equ_s20260913101_d0 count: solutions=555 status=completed cross=None 3.2s
[2026-09-17T17:50:09Z] ch_n21_m3_t3_k10_low_B_equ_s20260913101_d0 F4: unreached_declared d_F4_semaev=None naive=None quot=None rounds=0 0.0s
[2026-09-17T17:50:10Z] ch_n21_m3_t3_k10_low_B_equ_s20260913101_d0 closure D=3: completed verdict=insufficient rank=2915/22152 std=None 0.2s
[2026-09-17T17:50:10Z] ch_n21_m3_t3_k10_low_B_equ_s20260913101_d0 closure D=4: unreached_declared ncols=272052
[2026-09-17T17:50:10Z] done
===== closure_sw_n21k9 =====
[2026-09-17T17:50:05Z] start out_dir=/home/user/crypto-autoresearcher/experiments/EXP-SEMBIN-7e1371/runs/RUN-SEMBIN-9bb990/closure_sw_n21k9/cells groups= cells=21:3:3:9 families=chained_eq5 draws=1 caps: wall=3600.0 mem=6.0 closure_mem=1.5
[2026-09-17T17:50:06Z] ch_n21_m3_t3_k9_low_B_equ_s20260913101_d0 count: solutions=90 status=completed cross=None 0.8s
[2026-09-17T17:50:06Z] ch_n21_m3_t3_k9_low_B_equ_s20260913101_d0 F4: unreached_declared d_F4_semaev=None naive=None quot=None rounds=0 0.0s
[2026-09-17T17:50:06Z] ch_n21_m3_t3_k9_low_B_equ_s20260913101_d0 closure D=3: completed verdict=insufficient rank=2717/18473 std=None 0.2s
[2026-09-17T17:50:06Z] ch_n21_m3_t3_k9_low_B_equ_s20260913101_d0 closure D=4: unreached_declared ncols=213053
[2026-09-17T17:50:06Z] done
===== controls =====
[2026-09-17T17:13:08Z] start out_dir=/home/user/crypto-autoresearcher/experiments/EXP-SEMBIN-7e1371/runs/RUN-SEMBIN-9bb990/controls/cells groups= cells= families=chained_eq5 draws=1 caps: wall=900.0 mem=3.0 closure_mem=1.5
[2026-09-17T17:13:08Z] ctl_known_false F4: completed d_F4_semaev=2 naive=2 quot=1 rounds=1 0.0s
[2026-09-17T17:13:08Z] ctl_known_false single-level: D4 completed rows=4378 cols=794 rank=793 defic=1
[2026-09-17T17:13:08Z] ctl_known_false closure D=2: completed verdict=sufficient rank=78/79 std=1 0.0s
[2026-09-17T17:13:08Z] controls: {"invalid_input": true, "known_false": true, "summation_polynomial_identity": true}
[2026-09-17T17:13:08Z] done
===== counts =====
[2026-09-17T16:34:45Z] start out_dir=/home/user/crypto-autoresearcher/experiments/EXP-SEMBIN-7e1371/runs/RUN-SEMBIN-9bb990/counts/cells groups=m2_window cells= families=chained_eq5 draws=1 caps: wall=3600.0 mem=6.0 closure_mem=2.5
[2026-09-17T16:34:45Z] ch_n40_m2_t2_k20_low_B_equ_s20260913101_d0 count: solutions=0 0.5s
[2026-09-17T16:34:45Z] ch_n40_m2_t2_k20_low_B_equ_s20260913101_d0 F4: unreached_declared d_F4_semaev=None naive=None quot=None rounds=0 0.0s
[2026-09-17T16:34:46Z] ch_n40_m2_t2_k20_low_B_equ_s20260913102_d1 count: solutions=2 0.5s
[2026-09-17T16:34:46Z] ch_n40_m2_t2_k20_low_B_equ_s20260913102_d1 F4: unreached_declared d_F4_semaev=None naive=None quot=None rounds=0 0.0s
[2026-09-17T16:34:46Z] ch_n40_m2_t2_k20_low_B_equ_s20260913103_d2 count: solutions=0 0.5s
[2026-09-17T16:34:46Z] ch_n40_m2_t2_k20_low_B_equ_s20260913103_d2 F4: unreached_declared d_F4_semaev=None naive=None quot=None rounds=0 0.0s
[2026-09-17T16:34:47Z] ch_n40_m2_t2_k20_low_B_equ_s20260913104_d3 count: solutions=0 0.5s
[2026-09-17T16:34:47Z] ch_n40_m2_t2_k20_low_B_equ_s20260913104_d3 F4: unreached_declared d_F4_semaev=None naive=None quot=None rounds=0 0.0s
[2026-09-17T16:34:47Z] ch_n40_m2_t2_k20_low_B_equ_s20260913105_d4 count: solutions=0 0.5s
[2026-09-17T16:34:47Z] ch_n40_m2_t2_k20_low_B_equ_s20260913105_d4 F4: unreached_declared d_F4_semaev=None naive=None quot=None rounds=0 0.0s
[2026-09-17T16:34:48Z] ch_n40_m2_t2_k20_low_B_equ_s20260913101_d5 count: solutions=0 0.5s
[2026-09-17T16:34:48Z] ch_n40_m2_t2_k20_low_B_equ_s20260913101_d5 F4: unreached_declared d_F4_semaev=None naive=None quot=None rounds=0 0.0s
[2026-09-17T16:34:49Z] ch_n40_m2_t2_k20_low_B_equ_s20260913102_d6 count: solutions=2 0.5s
[2026-09-17T16:34:49Z] ch_n40_m2_t2_k20_low_B_equ_s20260913102_d6 F4: unreached_declared d_F4_semaev=None naive=None quot=None rounds=0 0.0s
[2026-09-17T16:34:49Z] ch_n40_m2_t2_k20_low_B_equ_s20260913103_d7 count: solutions=0 0.5s
[2026-09-17T16:34:49Z] ch_n40_m2_t2_k20_low_B_equ_s20260913103_d7 F4: unreached_declared d_F4_semaev=None naive=None quot=None rounds=0 0.0s
[2026-09-17T16:34:50Z] ch_n40_m2_t2_k20_low_B_equ_s20260913104_d8 count: solutions=0 0.4s
[2026-09-17T16:34:50Z] ch_n40_m2_t2_k20_low_B_equ_s20260913104_d8 F4: unreached_declared d_F4_semaev=None naive=None quot=None rounds=0 0.0s
[2026-09-17T16:34:50Z] ch_n40_m2_t2_k20_low_B_equ_s20260913105_d9 count: solutions=0 0.4s
[2026-09-17T16:34:50Z] ch_n40_m2_t2_k20_low_B_equ_s20260913105_d9 F4: unreached_declared d_F4_semaev=None naive=None quot=None rounds=0 0.0s
[2026-09-17T16:34:50Z] ch_n40_m2_t2_k20_low_B_ran_s20260913101_d0 count: solutions=0 0.5s
[2026-09-17T16:34:51Z] ch_n40_m2_t2_k20_low_B_ran_s20260913101_d0 F4: unreached_declared d_F4_semaev=None naive=None quot=None rounds=0 0.0s
[2026-09-17T16:34:51Z] ch_n40_m2_t2_k20_low_B_ran_s20260913102_d1 count: solutions=4 0.5s
[2026-09-17T16:34:51Z] ch_n40_m2_t2_k20_low_B_ran_s20260913102_d1 F4: unreached_declared d_F4_semaev=None naive=None quot=None rounds=0 0.0s
[2026-09-17T16:34:52Z] ch_n40_m2_t2_k20_low_B_ran_s20260913103_d2 count: solutions=0 0.4s
[2026-09-17T16:34:52Z] ch_n40_m2_t2_k20_low_B_ran_s20260913103_d2 F4: unreached_declared d_F4_semaev=None naive=None quot=None rounds=0 0.0s
[2026-09-17T16:34:52Z] ch_n40_m2_t2_k20_low_B_ran_s20260913104_d3 count: solutions=0 0.5s
[2026-09-17T16:34:52Z] ch_n40_m2_t2_k20_low_B_ran_s20260913104_d3 F4: unreached_declared d_F4_semaev=None naive=None quot=None rounds=0 0.0s
[2026-09-17T16:34:53Z] ch_n40_m2_t2_k20_low_B_ran_s20260913105_d4 count: solutions=0 0.5s
[2026-09-17T16:34:53Z] ch_n40_m2_t2_k20_low_B_ran_s20260913105_d4 F4: unreached_declared d_F4_semaev=None naive=None quot=None rounds=0 0.0s
[2026-09-17T16:34:53Z] ch_n40_m2_t2_k20_low_B_ran_s20260913101_d5 count: solutions=0 0.5s
[2026-09-17T16:34:53Z] ch_n40_m2_t2_k20_low_B_ran_s20260913101_d5 F4: unreached_declared d_F4_semaev=None naive=None quot=None rounds=0 0.0s
[2026-09-17T16:34:54Z] ch_n40_m2_t2_k20_low_B_ran_s20260913102_d6 count: solutions=0 0.4s
[2026-09-17T16:34:54Z] ch_n40_m2_t2_k20_low_B_ran_s20260913102_d6 F4: unreached_declared d_F4_semaev=None naive=None quot=None rounds=0 0.0s
[2026-09-17T16:34:54Z] ch_n40_m2_t2_k20_low_B_ran_s20260913103_d7 count: solutions=2 0.4s
[2026-09-17T16:34:54Z] ch_n40_m2_t2_k20_low_B_ran_s20260913103_d7 F4: unreached_declared d_F4_semaev=None naive=None quot=None rounds=0 0.0s
[2026-09-17T16:34:55Z] ch_n40_m2_t2_k20_low_B_ran_s20260913104_d8 count: solutions=2 0.4s
[2026-09-17T16:34:55Z] ch_n40_m2_t2_k20_low_B_ran_s20260913104_d8 F4: unreached_declared d_F4_semaev=None naive=None quot=None rounds=0 0.0s
[2026-09-17T16:34:55Z] ch_n40_m2_t2_k20_low_B_ran_s20260913105_d9 count: solutions=0 0.4s
[2026-09-17T16:34:55Z] ch_n40_m2_t2_k20_low_B_ran_s20260913105_d9 F4: unreached_declared d_F4_semaev=None naive=None quot=None rounds=0 0.0s
[2026-09-17T16:34:55Z] ch_n40_m2_t2_k20_ran_B_equ_s20260913101_d0 count: solutions=0 0.4s
[2026-09-17T16:34:55Z] ch_n40_m2_t2_k20_ran_B_equ_s20260913101_d0 F4: unreached_declared d_F4_semaev=None naive=None quot=None rounds=0 0.0s
[2026-09-17T16:34:56Z] ch_n40_m2_t2_k20_ran_B_equ_s20260913102_d1 count: solutions=0 0.4s
[2026-09-17T16:34:56Z] ch_n40_m2_t2_k20_ran_B_equ_s20260913102_d1 F4: unreached_declared d_F4_semaev=None naive=None quot=None rounds=0 0.0s
[2026-09-17T16:34:56Z] ch_n40_m2_t2_k20_ran_B_equ_s20260913103_d2 count: solutions=0 0.4s
[2026-09-17T16:34:56Z] ch_n40_m2_t2_k20_ran_B_equ_s20260913103_d2 F4: unreached_declared d_F4_semaev=None naive=None quot=None rounds=0 0.0s
[2026-09-17T16:34:57Z] ch_n40_m2_t2_k20_ran_B_equ_s20260913104_d3 count: solutions=2 0.4s
[2026-09-17T16:34:57Z] ch_n40_m2_t2_k20_ran_B_equ_s20260913104_d3 F4: unreached_declared d_F4_semaev=None naive=None quot=None rounds=0 0.0s
[2026-09-17T16:34:57Z] ch_n40_m2_t2_k20_ran_B_equ_s20260913105_d4 count: solutions=2 0.4s
[2026-09-17T16:34:57Z] ch_n40_m2_t2_k20_ran_B_equ_s20260913105_d4 F4: unreached_declared d_F4_semaev=None naive=None quot=None rounds=0 0.0s
[2026-09-17T16:34:58Z] ch_n40_m2_t2_k20_ran_B_equ_s20260913101_d5 count: solutions=0 0.4s
[2026-09-17T16:34:58Z] ch_n40_m2_t2_k20_ran_B_equ_s20260913101_d5 F4: unreached_declared d_F4_semaev=None naive=None quot=None rounds=0 0.0s
[2026-09-17T16:34:58Z] ch_n40_m2_t2_k20_ran_B_equ_s20260913102_d6 count: solutions=0 0.4s
[2026-09-17T16:34:58Z] ch_n40_m2_t2_k20_ran_B_equ_s20260913102_d6 F4: unreached_declared d_F4_semaev=None naive=None quot=None rounds=0 0.0s
[2026-09-17T16:34:59Z] ch_n40_m2_t2_k20_ran_B_equ_s20260913103_d7 count: solutions=0 0.4s
[2026-09-17T16:34:59Z] ch_n40_m2_t2_k20_ran_B_equ_s20260913103_d7 F4: unreached_declared d_F4_semaev=None naive=None quot=None rounds=0 0.0s
[2026-09-17T16:34:59Z] ch_n40_m2_t2_k20_ran_B_equ_s20260913104_d8 count: solutions=0 0.4s
[2026-09-17T16:34:59Z] ch_n40_m2_t2_k20_ran_B_equ_s20260913104_d8 F4: unreached_declared d_F4_semaev=None naive=None quot=None rounds=0 0.0s
[2026-09-17T16:35:00Z] ch_n40_m2_t2_k20_ran_B_equ_s20260913105_d9 count: solutions=4 0.4s
[2026-09-17T16:35:00Z] ch_n40_m2_t2_k20_ran_B_equ_s20260913105_d9 F4: unreached_declared d_F4_semaev=None naive=None quot=None rounds=0 0.0s
[2026-09-17T16:35:00Z] ch_n40_m2_t2_k20_ran_B_ran_s20260913101_d0 count: solutions=0 0.5s
[2026-09-17T16:35:00Z] ch_n40_m2_t2_k20_ran_B_ran_s20260913101_d0 F4: unreached_declared d_F4_semaev=None naive=None quot=None rounds=0 0.0s
[2026-09-17T16:35:01Z] ch_n40_m2_t2_k20_ran_B_ran_s20260913102_d1 count: solutions=0 0.5s
[2026-09-17T16:35:01Z] ch_n40_m2_t2_k20_ran_B_ran_s20260913102_d1 F4: unreached_declared d_F4_semaev=None naive=None quot=None rounds=0 0.0s
[2026-09-17T16:35:01Z] ch_n40_m2_t2_k20_ran_B_ran_s20260913103_d2 count: solutions=2 0.5s
[2026-09-17T16:35:01Z] ch_n40_m2_t2_k20_ran_B_ran_s20260913103_d2 F4: unreached_declared d_F4_semaev=None naive=None quot=None rounds=0 0.0s
[2026-09-17T16:35:02Z] ch_n40_m2_t2_k20_ran_B_ran_s20260913104_d3 count: solutions=0 0.4s
[2026-09-17T16:35:02Z] ch_n40_m2_t2_k20_ran_B_ran_s20260913104_d3 F4: unreached_declared d_F4_semaev=None naive=None quot=None rounds=0 0.0s
[2026-09-17T16:35:02Z] ch_n40_m2_t2_k20_ran_B_ran_s20260913105_d4 count: solutions=0 0.4s
[2026-09-17T16:35:02Z] ch_n40_m2_t2_k20_ran_B_ran_s20260913105_d4 F4: unreached_declared d_F4_semaev=None naive=None quot=None rounds=0 0.0s
[2026-09-17T16:35:03Z] ch_n40_m2_t2_k20_ran_B_ran_s20260913101_d5 count: solutions=0 0.4s
[2026-09-17T16:35:03Z] ch_n40_m2_t2_k20_ran_B_ran_s20260913101_d5 F4: unreached_declared d_F4_semaev=None naive=None quot=None rounds=0 0.0s
[2026-09-17T16:35:03Z] ch_n40_m2_t2_k20_ran_B_ran_s20260913102_d6 count: solutions=4 0.5s
[2026-09-17T16:35:03Z] ch_n40_m2_t2_k20_ran_B_ran_s20260913102_d6 F4: unreached_declared d_F4_semaev=None naive=None quot=None rounds=0 0.0s
[2026-09-17T16:35:04Z] ch_n40_m2_t2_k20_ran_B_ran_s20260913103_d7 count: solutions=4 0.5s
[2026-09-17T16:35:04Z] ch_n40_m2_t2_k20_ran_B_ran_s20260913103_d7 F4: unreached_declared d_F4_semaev=None naive=None quot=None rounds=0 0.0s
[2026-09-17T16:35:04Z] ch_n40_m2_t2_k20_ran_B_ran_s20260913104_d8 count: solutions=0 0.5s
[2026-09-17T16:35:04Z] ch_n40_m2_t2_k20_ran_B_ran_s20260913104_d8 F4: unreached_declared d_F4_semaev=None naive=None quot=None rounds=0 0.0s
[2026-09-17T16:35:05Z] ch_n40_m2_t2_k20_ran_B_ran_s20260913105_d9 count: solutions=0 0.6s
[2026-09-17T16:35:05Z] ch_n40_m2_t2_k20_ran_B_ran_s20260913105_d9 F4: unreached_declared d_F4_semaev=None naive=None quot=None rounds=0 0.0s
[2026-09-17T16:35:06Z] ch_n41_m2_t2_k21_low_B_equ_s20260913101_d0 count: solutions=0 1.1s
[2026-09-17T16:35:06Z] ch_n41_m2_t2_k21_low_B_equ_s20260913101_d0 F4: unreached_declared d_F4_semaev=None naive=None quot=None rounds=0 0.0s
[2026-09-17T16:35:07Z] ch_n41_m2_t2_k21_low_B_equ_s20260913102_d1 count: solutions=6 0.9s
[2026-09-17T16:35:07Z] ch_n41_m2_t2_k21_low_B_equ_s20260913102_d1 F4: unreached_declared d_F4_semaev=None naive=None quot=None rounds=0 0.0s
[2026-09-17T16:35:08Z] ch_n41_m2_t2_k21_low_B_equ_s20260913103_d2 count: solutions=8 1.1s
[2026-09-17T16:35:08Z] ch_n41_m2_t2_k21_low_B_equ_s20260913103_d2 F4: unreached_declared d_F4_semaev=None naive=None quot=None rounds=0 0.0s
[2026-09-17T16:35:09Z] ch_n41_m2_t2_k21_low_B_equ_s20260913104_d3 count: solutions=2 1.2s
[2026-09-17T16:35:09Z] ch_n41_m2_t2_k21_low_B_equ_s20260913104_d3 F4: unreached_declared d_F4_semaev=None naive=None quot=None rounds=0 0.0s
[2026-09-17T16:35:11Z] ch_n41_m2_t2_k21_low_B_equ_s20260913105_d4 count: solutions=0 1.2s
[2026-09-17T16:35:11Z] ch_n41_m2_t2_k21_low_B_equ_s20260913105_d4 F4: unreached_declared d_F4_semaev=None naive=None quot=None rounds=0 0.0s
[2026-09-17T16:35:12Z] ch_n41_m2_t2_k21_low_B_equ_s20260913101_d5 count: solutions=4 1.1s
[2026-09-17T16:35:12Z] ch_n41_m2_t2_k21_low_B_equ_s20260913101_d5 F4: unreached_declared d_F4_semaev=None naive=None quot=None rounds=0 0.0s
[2026-09-17T16:35:13Z] ch_n41_m2_t2_k21_low_B_equ_s20260913102_d6 count: solutions=0 1.1s
[2026-09-17T16:35:13Z] ch_n41_m2_t2_k21_low_B_equ_s20260913102_d6 F4: unreached_declared d_F4_semaev=None naive=None quot=None rounds=0 0.0s
[2026-09-17T16:35:14Z] ch_n41_m2_t2_k21_low_B_equ_s20260913103_d7 count: solutions=4 1.1s
[2026-09-17T16:35:14Z] ch_n41_m2_t2_k21_low_B_equ_s20260913103_d7 F4: unreached_declared d_F4_semaev=None naive=None quot=None rounds=0 0.0s
[2026-09-17T16:35:15Z] ch_n41_m2_t2_k21_low_B_equ_s20260913104_d8 count: solutions=0 1.2s
[2026-09-17T16:35:15Z] ch_n41_m2_t2_k21_low_B_equ_s20260913104_d8 F4: unreached_declared d_F4_semaev=None naive=None quot=None rounds=0 0.0s
[2026-09-17T16:35:17Z] ch_n41_m2_t2_k21_low_B_equ_s20260913105_d9 count: solutions=4 1.2s
[2026-09-17T16:35:17Z] ch_n41_m2_t2_k21_low_B_equ_s20260913105_d9 F4: unreached_declared d_F4_semaev=None naive=None quot=None rounds=0 0.0s
[2026-09-17T16:35:18Z] ch_n41_m2_t2_k21_low_B_ran_s20260913101_d0 count: solutions=0 1.1s
[2026-09-17T16:35:18Z] ch_n41_m2_t2_k21_low_B_ran_s20260913101_d0 F4: unreached_declared d_F4_semaev=None naive=None quot=None rounds=0 0.0s
[2026-09-17T16:35:19Z] ch_n41_m2_t2_k21_low_B_ran_s20260913102_d1 count: solutions=0 1.1s
[2026-09-17T16:35:19Z] ch_n41_m2_t2_k21_low_B_ran_s20260913102_d1 F4: unreached_declared d_F4_semaev=None naive=None quot=None rounds=0 0.0s
[2026-09-17T16:35:20Z] ch_n41_m2_t2_k21_low_B_ran_s20260913103_d2 count: solutions=0 1.1s
[2026-09-17T16:35:20Z] ch_n41_m2_t2_k21_low_B_ran_s20260913103_d2 F4: unreached_declared d_F4_semaev=None naive=None quot=None rounds=0 0.0s
[2026-09-17T16:35:21Z] ch_n41_m2_t2_k21_low_B_ran_s20260913104_d3 count: solutions=0 1.2s
[2026-09-17T16:35:21Z] ch_n41_m2_t2_k21_low_B_ran_s20260913104_d3 F4: unreached_declared d_F4_semaev=None naive=None quot=None rounds=0 0.0s
[2026-09-17T16:35:22Z] ch_n41_m2_t2_k21_low_B_ran_s20260913105_d4 count: solutions=4 1.1s
[2026-09-17T16:35:22Z] ch_n41_m2_t2_k21_low_B_ran_s20260913105_d4 F4: unreached_declared d_F4_semaev=None naive=None quot=None rounds=0 0.0s
[2026-09-17T16:35:24Z] ch_n41_m2_t2_k21_low_B_ran_s20260913101_d5 count: solutions=2 1.2s
[2026-09-17T16:35:24Z] ch_n41_m2_t2_k21_low_B_ran_s20260913101_d5 F4: unreached_declared d_F4_semaev=None naive=None quot=None rounds=0 0.0s
[2026-09-17T16:35:25Z] ch_n41_m2_t2_k21_low_B_ran_s20260913102_d6 count: solutions=0 1.1s
[2026-09-17T16:35:25Z] ch_n41_m2_t2_k21_low_B_ran_s20260913102_d6 F4: unreached_declared d_F4_semaev=None naive=None quot=None rounds=0 0.0s
[2026-09-17T16:35:26Z] ch_n41_m2_t2_k21_low_B_ran_s20260913103_d7 count: solutions=2 1.2s
[2026-09-17T16:35:26Z] ch_n41_m2_t2_k21_low_B_ran_s20260913103_d7 F4: unreached_declared d_F4_semaev=None naive=None quot=None rounds=0 0.0s
[2026-09-17T16:35:27Z] ch_n41_m2_t2_k21_low_B_ran_s20260913104_d8 count: solutions=4 1.2s
[2026-09-17T16:35:27Z] ch_n41_m2_t2_k21_low_B_ran_s20260913104_d8 F4: unreached_declared d_F4_semaev=None naive=None quot=None rounds=0 0.0s
[2026-09-17T16:35:28Z] ch_n41_m2_t2_k21_low_B_ran_s20260913105_d9 count: solutions=2 1.1s
[2026-09-17T16:35:28Z] ch_n41_m2_t2_k21_low_B_ran_s20260913105_d9 F4: unreached_declared d_F4_semaev=None naive=None quot=None rounds=0 0.0s
[2026-09-17T16:35:30Z] ch_n41_m2_t2_k21_ran_B_equ_s20260913101_d0 count: solutions=4 1.2s
[2026-09-17T16:35:30Z] ch_n41_m2_t2_k21_ran_B_equ_s20260913101_d0 F4: unreached_declared d_F4_semaev=None naive=None quot=None rounds=0 0.0s
[2026-09-17T16:35:31Z] ch_n41_m2_t2_k21_ran_B_equ_s20260913102_d1 count: solutions=2 1.1s
[2026-09-17T16:35:31Z] ch_n41_m2_t2_k21_ran_B_equ_s20260913102_d1 F4: unreached_declared d_F4_semaev=None naive=None quot=None rounds=0 0.0s
[2026-09-17T16:35:32Z] ch_n41_m2_t2_k21_ran_B_equ_s20260913103_d2 count: solutions=2 1.2s
[2026-09-17T16:35:32Z] ch_n41_m2_t2_k21_ran_B_equ_s20260913103_d2 F4: unreached_declared d_F4_semaev=None naive=None quot=None rounds=0 0.0s
[2026-09-17T16:35:33Z] ch_n41_m2_t2_k21_ran_B_equ_s20260913104_d3 count: solutions=4 1.2s
[2026-09-17T16:35:33Z] ch_n41_m2_t2_k21_ran_B_equ_s20260913104_d3 F4: unreached_declared d_F4_semaev=None naive=None quot=None rounds=0 0.0s
[2026-09-17T16:35:34Z] ch_n41_m2_t2_k21_ran_B_equ_s20260913105_d4 count: solutions=2 1.2s
[2026-09-17T16:35:35Z] ch_n41_m2_t2_k21_ran_B_equ_s20260913105_d4 F4: unreached_declared d_F4_semaev=None naive=None quot=None rounds=0 0.0s
[2026-09-17T16:35:36Z] ch_n41_m2_t2_k21_ran_B_equ_s20260913101_d5 count: solutions=0 1.1s
[2026-09-17T16:35:36Z] ch_n41_m2_t2_k21_ran_B_equ_s20260913101_d5 F4: unreached_declared d_F4_semaev=None naive=None quot=None rounds=0 0.0s
[2026-09-17T16:35:37Z] ch_n41_m2_t2_k21_ran_B_equ_s20260913102_d6 count: solutions=2 1.0s
[2026-09-17T16:35:37Z] ch_n41_m2_t2_k21_ran_B_equ_s20260913102_d6 F4: unreached_declared d_F4_semaev=None naive=None quot=None rounds=0 0.0s
[2026-09-17T16:35:38Z] ch_n41_m2_t2_k21_ran_B_equ_s20260913103_d7 count: solutions=4 1.1s
[2026-09-17T16:35:38Z] ch_n41_m2_t2_k21_ran_B_equ_s20260913103_d7 F4: unreached_declared d_F4_semaev=None naive=None quot=None rounds=0 0.0s
[2026-09-17T16:35:39Z] ch_n41_m2_t2_k21_ran_B_equ_s20260913104_d8 count: solutions=6 1.1s
[2026-09-17T16:35:39Z] ch_n41_m2_t2_k21_ran_B_equ_s20260913104_d8 F4: unreached_declared d_F4_semaev=None naive=None quot=None rounds=0 0.0s
[2026-09-17T16:35:40Z] ch_n41_m2_t2_k21_ran_B_equ_s20260913105_d9 count: solutions=4 1.1s
[2026-09-17T16:35:40Z] ch_n41_m2_t2_k21_ran_B_equ_s20260913105_d9 F4: unreached_declared d_F4_semaev=None naive=None quot=None rounds=0 0.0s
[2026-09-17T16:35:41Z] ch_n41_m2_t2_k21_ran_B_ran_s20260913101_d0 count: solutions=2 1.1s
[2026-09-17T16:35:41Z] ch_n41_m2_t2_k21_ran_B_ran_s20260913101_d0 F4: unreached_declared d_F4_semaev=None naive=None quot=None rounds=0 0.0s
[2026-09-17T16:35:42Z] ch_n41_m2_t2_k21_ran_B_ran_s20260913102_d1 count: solutions=2 1.1s
[2026-09-17T16:35:42Z] ch_n41_m2_t2_k21_ran_B_ran_s20260913102_d1 F4: unreached_declared d_F4_semaev=None naive=None quot=None rounds=0 0.0s
[2026-09-17T16:35:43Z] ch_n41_m2_t2_k21_ran_B_ran_s20260913103_d2 count: solutions=6 1.0s
[2026-09-17T16:35:43Z] ch_n41_m2_t2_k21_ran_B_ran_s20260913103_d2 F4: unreached_declared d_F4_semaev=None naive=None quot=None rounds=0 0.0s
[2026-09-17T16:35:45Z] ch_n41_m2_t2_k21_ran_B_ran_s20260913104_d3 count: solutions=4 1.1s
[2026-09-17T16:35:45Z] ch_n41_m2_t2_k21_ran_B_ran_s20260913104_d3 F4: unreached_declared d_F4_semaev=None naive=None quot=None rounds=0 0.0s
[2026-09-17T16:35:46Z] ch_n41_m2_t2_k21_ran_B_ran_s20260913105_d4 count: solutions=4 1.2s
[2026-09-17T16:35:46Z] ch_n41_m2_t2_k21_ran_B_ran_s20260913105_d4 F4: unreached_declared d_F4_semaev=None naive=None quot=None rounds=0 0.0s
[2026-09-17T16:35:47Z] ch_n41_m2_t2_k21_ran_B_ran_s20260913101_d5 count: solutions=4 1.2s
[2026-09-17T16:35:47Z] ch_n41_m2_t2_k21_ran_B_ran_s20260913101_d5 F4: unreached_declared d_F4_semaev=None naive=None quot=None rounds=0 0.0s
[2026-09-17T16:35:48Z] ch_n41_m2_t2_k21_ran_B_ran_s20260913102_d6 count: solutions=2 1.1s
[2026-09-17T16:35:48Z] ch_n41_m2_t2_k21_ran_B_ran_s20260913102_d6 F4: unreached_declared d_F4_semaev=None naive=None quot=None rounds=0 0.0s
[2026-09-17T16:35:49Z] ch_n41_m2_t2_k21_ran_B_ran_s20260913103_d7 count: solutions=2 1.1s
[2026-09-17T16:35:49Z] ch_n41_m2_t2_k21_ran_B_ran_s20260913103_d7 F4: unreached_declared d_F4_semaev=None naive=None quot=None rounds=0 0.0s
[2026-09-17T16:35:50Z] ch_n41_m2_t2_k21_ran_B_ran_s20260913104_d8 count: solutions=0 1.0s
[2026-09-17T16:35:50Z] ch_n41_m2_t2_k21_ran_B_ran_s20260913104_d8 F4: unreached_declared d_F4_semaev=None naive=None quot=None rounds=0 0.0s
[2026-09-17T16:35:51Z] ch_n41_m2_t2_k21_ran_B_ran_s20260913105_d9 count: solutions=4 1.1s
[2026-09-17T16:35:52Z] ch_n41_m2_t2_k21_ran_B_ran_s20260913105_d9 F4: unreached_declared d_F4_semaev=None naive=None quot=None rounds=0 0.0s
[2026-09-17T16:35:53Z] ch_n42_m2_t2_k21_low_B_equ_s20260913101_d0 count: solutions=2 1.2s
[2026-09-17T16:35:53Z] ch_n42_m2_t2_k21_low_B_equ_s20260913101_d0 F4: unreached_declared d_F4_semaev=None naive=None quot=None rounds=0 0.0s
[2026-09-17T16:35:54Z] ch_n42_m2_t2_k21_low_B_equ_s20260913102_d1 count: solutions=8 1.1s
[2026-09-17T16:35:54Z] ch_n42_m2_t2_k21_low_B_equ_s20260913102_d1 F4: unreached_declared d_F4_semaev=None naive=None quot=None rounds=0 0.0s
[2026-09-17T16:35:55Z] ch_n42_m2_t2_k21_low_B_equ_s20260913103_d2 count: solutions=2 1.1s
[2026-09-17T16:35:55Z] ch_n42_m2_t2_k21_low_B_equ_s20260913103_d2 F4: unreached_declared d_F4_semaev=None naive=None quot=None rounds=0 0.0s
[2026-09-17T16:35:56Z] ch_n42_m2_t2_k21_low_B_equ_s20260913104_d3 count: solutions=6 1.1s
[2026-09-17T16:35:56Z] ch_n42_m2_t2_k21_low_B_equ_s20260913104_d3 F4: unreached_declared d_F4_semaev=None naive=None quot=None rounds=0 0.0s
[2026-09-17T16:35:57Z] ch_n42_m2_t2_k21_low_B_equ_s20260913105_d4 count: solutions=0 1.2s
[2026-09-17T16:35:57Z] ch_n42_m2_t2_k21_low_B_equ_s20260913105_d4 F4: unreached_declared d_F4_semaev=None naive=None quot=None rounds=0 0.0s
[2026-09-17T16:35:58Z] ch_n42_m2_t2_k21_low_B_equ_s20260913101_d5 count: solutions=0 1.1s
[2026-09-17T16:35:59Z] ch_n42_m2_t2_k21_low_B_equ_s20260913101_d5 F4: unreached_declared d_F4_semaev=None naive=None quot=None rounds=0 0.0s
[2026-09-17T16:36:00Z] ch_n42_m2_t2_k21_low_B_equ_s20260913102_d6 count: solutions=2 1.0s
[2026-09-17T16:36:00Z] ch_n42_m2_t2_k21_low_B_equ_s20260913102_d6 F4: unreached_declared d_F4_semaev=None naive=None quot=None rounds=0 0.0s
[2026-09-17T16:36:01Z] ch_n42_m2_t2_k21_low_B_equ_s20260913103_d7 count: solutions=2 1.1s
[2026-09-17T16:36:01Z] ch_n42_m2_t2_k21_low_B_equ_s20260913103_d7 F4: unreached_declared d_F4_semaev=None naive=None quot=None rounds=0 0.0s
[2026-09-17T16:36:02Z] ch_n42_m2_t2_k21_low_B_equ_s20260913104_d8 count: solutions=0 1.1s
[2026-09-17T16:36:02Z] ch_n42_m2_t2_k21_low_B_equ_s20260913104_d8 F4: unreached_declared d_F4_semaev=None naive=None quot=None rounds=0 0.0s
[2026-09-17T16:36:03Z] ch_n42_m2_t2_k21_low_B_equ_s20260913105_d9 count: solutions=2 1.1s
[2026-09-17T16:36:03Z] ch_n42_m2_t2_k21_low_B_equ_s20260913105_d9 F4: unreached_declared d_F4_semaev=None naive=None quot=None rounds=0 0.0s
[2026-09-17T16:36:04Z] ch_n42_m2_t2_k21_low_B_ran_s20260913101_d0 count: solutions=0 1.1s
[2026-09-17T16:36:04Z] ch_n42_m2_t2_k21_low_B_ran_s20260913101_d0 F4: unreached_declared d_F4_semaev=None naive=None quot=None rounds=0 0.0s
[2026-09-17T16:36:05Z] ch_n42_m2_t2_k21_low_B_ran_s20260913102_d1 count: solutions=2 1.1s
[2026-09-17T16:36:05Z] ch_n42_m2_t2_k21_low_B_ran_s20260913102_d1 F4: unreached_declared d_F4_semaev=None naive=None quot=None rounds=0 0.0s
[2026-09-17T16:36:06Z] ch_n42_m2_t2_k21_low_B_ran_s20260913103_d2 count: solutions=0 1.2s
[2026-09-17T16:36:06Z] ch_n42_m2_t2_k21_low_B_ran_s20260913103_d2 F4: unreached_declared d_F4_semaev=None naive=None quot=None rounds=0 0.0s
[2026-09-17T16:36:08Z] ch_n42_m2_t2_k21_low_B_ran_s20260913104_d3 count: solutions=0 1.1s
[2026-09-17T16:36:08Z] ch_n42_m2_t2_k21_low_B_ran_s20260913104_d3 F4: unreached_declared d_F4_semaev=None naive=None quot=None rounds=0 0.0s
[2026-09-17T16:36:09Z] ch_n42_m2_t2_k21_low_B_ran_s20260913105_d4 count: solutions=0 1.1s
[2026-09-17T16:36:09Z] ch_n42_m2_t2_k21_low_B_ran_s20260913105_d4 F4: unreached_declared d_F4_semaev=None naive=None quot=None rounds=0 0.0s
[2026-09-17T16:36:10Z] ch_n42_m2_t2_k21_low_B_ran_s20260913101_d5 count: solutions=2 1.1s
[2026-09-17T16:36:10Z] ch_n42_m2_t2_k21_low_B_ran_s20260913101_d5 F4: unreached_declared d_F4_semaev=None naive=None quot=None rounds=0 0.0s
[2026-09-17T16:36:11Z] ch_n42_m2_t2_k21_low_B_ran_s20260913102_d6 count: solutions=2 1.1s
[2026-09-17T16:36:11Z] ch_n42_m2_t2_k21_low_B_ran_s20260913102_d6 F4: unreached_declared d_F4_semaev=None naive=None quot=None rounds=0 0.0s
[2026-09-17T16:36:12Z] ch_n42_m2_t2_k21_low_B_ran_s20260913103_d7 count: solutions=0 1.0s
[2026-09-17T16:36:12Z] ch_n42_m2_t2_k21_low_B_ran_s20260913103_d7 F4: unreached_declared d_F4_semaev=None naive=None quot=None rounds=0 0.0s
[2026-09-17T16:36:13Z] ch_n42_m2_t2_k21_low_B_ran_s20260913104_d8 count: solutions=0 1.1s
[2026-09-17T16:36:13Z] ch_n42_m2_t2_k21_low_B_ran_s20260913104_d8 F4: unreached_declared d_F4_semaev=None naive=None quot=None rounds=0 0.0s
[2026-09-17T16:36:14Z] ch_n42_m2_t2_k21_low_B_ran_s20260913105_d9 count: solutions=0 1.0s
[2026-09-17T16:36:14Z] ch_n42_m2_t2_k21_low_B_ran_s20260913105_d9 F4: unreached_declared d_F4_semaev=None naive=None quot=None rounds=0 0.0s
[2026-09-17T16:36:15Z] ch_n42_m2_t2_k21_ran_B_equ_s20260913101_d0 count: solutions=2 1.1s
[2026-09-17T16:36:15Z] ch_n42_m2_t2_k21_ran_B_equ_s20260913101_d0 F4: unreached_declared d_F4_semaev=None naive=None quot=None rounds=0 0.0s
[2026-09-17T16:36:17Z] ch_n42_m2_t2_k21_ran_B_equ_s20260913102_d1 count: solutions=4 1.2s
[2026-09-17T16:36:17Z] ch_n42_m2_t2_k21_ran_B_equ_s20260913102_d1 F4: unreached_declared d_F4_semaev=None naive=None quot=None rounds=0 0.0s
[2026-09-17T16:36:18Z] ch_n42_m2_t2_k21_ran_B_equ_s20260913103_d2 count: solutions=0 1.0s
[2026-09-17T16:36:18Z] ch_n42_m2_t2_k21_ran_B_equ_s20260913103_d2 F4: unreached_declared d_F4_semaev=None naive=None quot=None rounds=0 0.0s
[2026-09-17T16:36:19Z] ch_n42_m2_t2_k21_ran_B_equ_s20260913104_d3 count: solutions=0 1.1s
[2026-09-17T16:36:19Z] ch_n42_m2_t2_k21_ran_B_equ_s20260913104_d3 F4: unreached_declared d_F4_semaev=None naive=None quot=None rounds=0 0.0s
[2026-09-17T16:36:20Z] ch_n42_m2_t2_k21_ran_B_equ_s20260913105_d4 count: solutions=2 1.1s
[2026-09-17T16:36:20Z] ch_n42_m2_t2_k21_ran_B_equ_s20260913105_d4 F4: unreached_declared d_F4_semaev=None naive=None quot=None rounds=0 0.0s
[2026-09-17T16:36:21Z] ch_n42_m2_t2_k21_ran_B_equ_s20260913101_d5 count: solutions=0 1.1s
[2026-09-17T16:36:21Z] ch_n42_m2_t2_k21_ran_B_equ_s20260913101_d5 F4: unreached_declared d_F4_semaev=None naive=None quot=None rounds=0 0.0s
[2026-09-17T16:36:22Z] ch_n42_m2_t2_k21_ran_B_equ_s20260913102_d6 count: solutions=0 1.1s
[2026-09-17T16:36:22Z] ch_n42_m2_t2_k21_ran_B_equ_s20260913102_d6 F4: unreached_declared d_F4_semaev=None naive=None quot=None rounds=0 0.0s
[2026-09-17T16:36:23Z] ch_n42_m2_t2_k21_ran_B_equ_s20260913103_d7 count: solutions=2 1.1s
[2026-09-17T16:36:23Z] ch_n42_m2_t2_k21_ran_B_equ_s20260913103_d7 F4: unreached_declared d_F4_semaev=None naive=None quot=None rounds=0 0.0s
[2026-09-17T16:36:25Z] ch_n42_m2_t2_k21_ran_B_equ_s20260913104_d8 count: solutions=0 1.1s
[2026-09-17T16:36:25Z] ch_n42_m2_t2_k21_ran_B_equ_s20260913104_d8 F4: unreached_declared d_F4_semaev=None naive=None quot=None rounds=0 0.0s
[2026-09-17T16:36:26Z] ch_n42_m2_t2_k21_ran_B_equ_s20260913105_d9 count: solutions=0 1.0s
[2026-09-17T16:36:26Z] ch_n42_m2_t2_k21_ran_B_equ_s20260913105_d9 F4: unreached_declared d_F4_semaev=None naive=None quot=None rounds=0 0.0s
[2026-09-17T16:36:27Z] ch_n42_m2_t2_k21_ran_B_ran_s20260913101_d0 count: solutions=2 1.1s
[2026-09-17T16:36:27Z] ch_n42_m2_t2_k21_ran_B_ran_s20260913101_d0 F4: unreached_declared d_F4_semaev=None naive=None quot=None rounds=0 0.0s
[2026-09-17T16:36:28Z] ch_n42_m2_t2_k21_ran_B_ran_s20260913102_d1 count: solutions=0 1.1s
[2026-09-17T16:36:28Z] ch_n42_m2_t2_k21_ran_B_ran_s20260913102_d1 F4: unreached_declared d_F4_semaev=None naive=None quot=None rounds=0 0.0s
[2026-09-17T16:36:29Z] ch_n42_m2_t2_k21_ran_B_ran_s20260913103_d2 count: solutions=2 1.1s
[2026-09-17T16:36:29Z] ch_n42_m2_t2_k21_ran_B_ran_s20260913103_d2 F4: unreached_declared d_F4_semaev=None naive=None quot=None rounds=0 0.0s
[2026-09-17T16:36:30Z] ch_n42_m2_t2_k21_ran_B_ran_s20260913104_d3 count: solutions=2 1.1s
[2026-09-17T16:36:30Z] ch_n42_m2_t2_k21_ran_B_ran_s20260913104_d3 F4: unreached_declared d_F4_semaev=None naive=None quot=None rounds=0 0.0s
[2026-09-17T16:36:31Z] ch_n42_m2_t2_k21_ran_B_ran_s20260913105_d4 count: solutions=0 1.1s
[2026-09-17T16:36:31Z] ch_n42_m2_t2_k21_ran_B_ran_s20260913105_d4 F4: unreached_declared d_F4_semaev=None naive=None quot=None rounds=0 0.0s
[2026-09-17T16:36:33Z] ch_n42_m2_t2_k21_ran_B_ran_s20260913101_d5 count: solutions=0 1.1s
[2026-09-17T16:36:33Z] ch_n42_m2_t2_k21_ran_B_ran_s20260913101_d5 F4: unreached_declared d_F4_semaev=None naive=None quot=None rounds=0 0.0s
[2026-09-17T16:36:34Z] ch_n42_m2_t2_k21_ran_B_ran_s20260913102_d6 count: solutions=0 1.1s
[2026-09-17T16:36:34Z] ch_n42_m2_t2_k21_ran_B_ran_s20260913102_d6 F4: unreached_declared d_F4_semaev=None naive=None quot=None rounds=0 0.0s
[2026-09-17T16:36:35Z] ch_n42_m2_t2_k21_ran_B_ran_s20260913103_d7 count: solutions=0 1.0s
[2026-09-17T16:36:35Z] ch_n42_m2_t2_k21_ran_B_ran_s20260913103_d7 F4: unreached_declared d_F4_semaev=None naive=None quot=None rounds=0 0.0s
[2026-09-17T16:36:36Z] ch_n42_m2_t2_k21_ran_B_ran_s20260913104_d8 count: solutions=4 0.9s
[2026-09-17T16:36:36Z] ch_n42_m2_t2_k21_ran_B_ran_s20260913104_d8 F4: unreached_declared d_F4_semaev=None naive=None quot=None rounds=0 0.0s
[2026-09-17T16:36:37Z] ch_n42_m2_t2_k21_ran_B_ran_s20260913105_d9 count: solutions=0 0.9s
[2026-09-17T16:36:37Z] ch_n42_m2_t2_k21_ran_B_ran_s20260913105_d9 F4: unreached_declared d_F4_semaev=None naive=None quot=None rounds=0 0.0s
[2026-09-17T16:36:39Z] ch_n43_m2_t2_k22_low_B_equ_s20260913101_d0 count: solutions=4 2.3s
[2026-09-17T16:36:39Z] ch_n43_m2_t2_k22_low_B_equ_s20260913101_d0 F4: unreached_declared d_F4_semaev=None naive=None quot=None rounds=0 0.0s
[2026-09-17T16:36:41Z] ch_n43_m2_t2_k22_low_B_equ_s20260913102_d1 count: solutions=0 2.4s
[2026-09-17T16:36:41Z] ch_n43_m2_t2_k22_low_B_equ_s20260913102_d1 F4: unreached_declared d_F4_semaev=None naive=None quot=None rounds=0 0.0s
[2026-09-17T16:36:44Z] ch_n43_m2_t2_k22_low_B_equ_s20260913103_d2 count: solutions=0 2.5s
[2026-09-17T16:36:44Z] ch_n43_m2_t2_k22_low_B_equ_s20260913103_d2 F4: unreached_declared d_F4_semaev=None naive=None quot=None rounds=0 0.0s
[2026-09-17T16:36:46Z] ch_n43_m2_t2_k22_low_B_equ_s20260913104_d3 count: solutions=0 2.4s
[2026-09-17T16:36:46Z] ch_n43_m2_t2_k22_low_B_equ_s20260913104_d3 F4: unreached_declared d_F4_semaev=None naive=None quot=None rounds=0 0.0s
[2026-09-17T16:36:49Z] ch_n43_m2_t2_k22_low_B_equ_s20260913105_d4 count: solutions=2 2.4s
[2026-09-17T16:36:49Z] ch_n43_m2_t2_k22_low_B_equ_s20260913105_d4 F4: unreached_declared d_F4_semaev=None naive=None quot=None rounds=0 0.0s
[2026-09-17T16:36:51Z] ch_n43_m2_t2_k22_low_B_equ_s20260913101_d5 count: solutions=2 2.6s
[2026-09-17T16:36:51Z] ch_n43_m2_t2_k22_low_B_equ_s20260913101_d5 F4: unreached_declared d_F4_semaev=None naive=None quot=None rounds=0 0.0s
[2026-09-17T16:36:54Z] ch_n43_m2_t2_k22_low_B_equ_s20260913102_d6 count: solutions=4 2.5s
[2026-09-17T16:36:54Z] ch_n43_m2_t2_k22_low_B_equ_s20260913102_d6 F4: unreached_declared d_F4_semaev=None naive=None quot=None rounds=0 0.0s
[2026-09-17T16:36:56Z] ch_n43_m2_t2_k22_low_B_equ_s20260913103_d7 count: solutions=2 2.5s
[2026-09-17T16:36:56Z] ch_n43_m2_t2_k22_low_B_equ_s20260913103_d7 F4: unreached_declared d_F4_semaev=None naive=None quot=None rounds=0 0.0s
[2026-09-17T16:36:59Z] ch_n43_m2_t2_k22_low_B_equ_s20260913104_d8 count: solutions=2 2.5s
[2026-09-17T16:36:59Z] ch_n43_m2_t2_k22_low_B_equ_s20260913104_d8 F4: unreached_declared d_F4_semaev=None naive=None quot=None rounds=0 0.0s
[2026-09-17T16:37:01Z] ch_n43_m2_t2_k22_low_B_equ_s20260913105_d9 count: solutions=2 2.3s
[2026-09-17T16:37:01Z] ch_n43_m2_t2_k22_low_B_equ_s20260913105_d9 F4: unreached_declared d_F4_semaev=None naive=None quot=None rounds=0 0.0s
[2026-09-17T16:37:03Z] ch_n43_m2_t2_k22_low_B_ran_s20260913101_d0 count: solutions=2 2.1s
[2026-09-17T16:37:03Z] ch_n43_m2_t2_k22_low_B_ran_s20260913101_d0 F4: unreached_declared d_F4_semaev=None naive=None quot=None rounds=0 0.0s
[2026-09-17T16:37:06Z] ch_n43_m2_t2_k22_low_B_ran_s20260913102_d1 count: solutions=4 2.5s
[2026-09-17T16:37:06Z] ch_n43_m2_t2_k22_low_B_ran_s20260913102_d1 F4: unreached_declared d_F4_semaev=None naive=None quot=None rounds=0 0.0s
[2026-09-17T16:37:09Z] ch_n43_m2_t2_k22_low_B_ran_s20260913103_d2 count: solutions=2 2.5s
[2026-09-17T16:37:09Z] ch_n43_m2_t2_k22_low_B_ran_s20260913103_d2 F4: unreached_declared d_F4_semaev=None naive=None quot=None rounds=0 0.0s
[2026-09-17T16:37:11Z] ch_n43_m2_t2_k22_low_B_ran_s20260913104_d3 count: solutions=4 2.4s
[2026-09-17T16:37:11Z] ch_n43_m2_t2_k22_low_B_ran_s20260913104_d3 F4: unreached_declared d_F4_semaev=None naive=None quot=None rounds=0 0.0s
[2026-09-17T16:37:14Z] ch_n43_m2_t2_k22_low_B_ran_s20260913105_d4 count: solutions=2 2.5s
[2026-09-17T16:37:14Z] ch_n43_m2_t2_k22_low_B_ran_s20260913105_d4 F4: unreached_declared d_F4_semaev=None naive=None quot=None rounds=0 0.0s
[2026-09-17T16:37:16Z] ch_n43_m2_t2_k22_low_B_ran_s20260913101_d5 count: solutions=0 2.5s
[2026-09-17T16:37:16Z] ch_n43_m2_t2_k22_low_B_ran_s20260913101_d5 F4: unreached_declared d_F4_semaev=None naive=None quot=None rounds=0 0.0s
[2026-09-17T16:37:19Z] ch_n43_m2_t2_k22_low_B_ran_s20260913102_d6 count: solutions=4 2.6s
[2026-09-17T16:37:19Z] ch_n43_m2_t2_k22_low_B_ran_s20260913102_d6 F4: unreached_declared d_F4_semaev=None naive=None quot=None rounds=0 0.0s
[2026-09-17T16:37:21Z] ch_n43_m2_t2_k22_low_B_ran_s20260913103_d7 count: solutions=2 2.5s
[2026-09-17T16:37:21Z] ch_n43_m2_t2_k22_low_B_ran_s20260913103_d7 F4: unreached_declared d_F4_semaev=None naive=None quot=None rounds=0 0.0s
[2026-09-17T16:37:24Z] ch_n43_m2_t2_k22_low_B_ran_s20260913104_d8 count: solutions=0 2.5s
[2026-09-17T16:37:24Z] ch_n43_m2_t2_k22_low_B_ran_s20260913104_d8 F4: unreached_declared d_F4_semaev=None naive=None quot=None rounds=0 0.0s
[2026-09-17T16:37:26Z] ch_n43_m2_t2_k22_low_B_ran_s20260913105_d9 count: solutions=2 2.1s
[2026-09-17T16:37:26Z] ch_n43_m2_t2_k22_low_B_ran_s20260913105_d9 F4: unreached_declared d_F4_semaev=None naive=None quot=None rounds=0 0.0s
[2026-09-17T16:37:28Z] ch_n43_m2_t2_k22_ran_B_equ_s20260913101_d0 count: solutions=8 2.1s
[2026-09-17T16:37:28Z] ch_n43_m2_t2_k22_ran_B_equ_s20260913101_d0 F4: unreached_declared d_F4_semaev=None naive=None quot=None rounds=0 0.0s
[2026-09-17T16:37:30Z] ch_n43_m2_t2_k22_ran_B_equ_s20260913102_d1 count: solutions=0 2.1s
[2026-09-17T16:37:30Z] ch_n43_m2_t2_k22_ran_B_equ_s20260913102_d1 F4: unreached_declared d_F4_semaev=None naive=None quot=None rounds=0 0.0s
[2026-09-17T16:37:32Z] ch_n43_m2_t2_k22_ran_B_equ_s20260913103_d2 count: solutions=4 2.0s
[2026-09-17T16:37:32Z] ch_n43_m2_t2_k22_ran_B_equ_s20260913103_d2 F4: unreached_declared d_F4_semaev=None naive=None quot=None rounds=0 0.0s
[2026-09-17T16:37:34Z] ch_n43_m2_t2_k22_ran_B_equ_s20260913104_d3 count: solutions=2 1.9s
[2026-09-17T16:37:34Z] ch_n43_m2_t2_k22_ran_B_equ_s20260913104_d3 F4: unreached_declared d_F4_semaev=None naive=None quot=None rounds=0 0.0s
[2026-09-17T16:37:36Z] ch_n43_m2_t2_k22_ran_B_equ_s20260913105_d4 count: solutions=2 2.0s
[2026-09-17T16:37:36Z] ch_n43_m2_t2_k22_ran_B_equ_s20260913105_d4 F4: unreached_declared d_F4_semaev=None naive=None quot=None rounds=0 0.0s
[2026-09-17T16:37:38Z] ch_n43_m2_t2_k22_ran_B_equ_s20260913101_d5 count: solutions=4 2.0s
[2026-09-17T16:37:38Z] ch_n43_m2_t2_k22_ran_B_equ_s20260913101_d5 F4: unreached_declared d_F4_semaev=None naive=None quot=None rounds=0 0.0s
[2026-09-17T16:37:41Z] ch_n43_m2_t2_k22_ran_B_equ_s20260913102_d6 count: solutions=0 2.3s
[2026-09-17T16:37:41Z] ch_n43_m2_t2_k22_ran_B_equ_s20260913102_d6 F4: unreached_declared d_F4_semaev=None naive=None quot=None rounds=0 0.0s
[2026-09-17T16:37:43Z] ch_n43_m2_t2_k22_ran_B_equ_s20260913103_d7 count: solutions=0 2.5s
[2026-09-17T16:37:43Z] ch_n43_m2_t2_k22_ran_B_equ_s20260913103_d7 F4: unreached_declared d_F4_semaev=None naive=None quot=None rounds=0 0.0s
[2026-09-17T16:37:46Z] ch_n43_m2_t2_k22_ran_B_equ_s20260913104_d8 count: solutions=0 2.5s
[2026-09-17T16:37:46Z] ch_n43_m2_t2_k22_ran_B_equ_s20260913104_d8 F4: unreached_declared d_F4_semaev=None naive=None quot=None rounds=0 0.0s
[2026-09-17T16:37:48Z] ch_n43_m2_t2_k22_ran_B_equ_s20260913105_d9 count: solutions=2 2.4s
[2026-09-17T16:37:48Z] ch_n43_m2_t2_k22_ran_B_equ_s20260913105_d9 F4: unreached_declared d_F4_semaev=None naive=None quot=None rounds=0 0.0s
[2026-09-17T16:37:50Z] ch_n43_m2_t2_k22_ran_B_ran_s20260913101_d0 count: solutions=2 2.2s
[2026-09-17T16:37:50Z] ch_n43_m2_t2_k22_ran_B_ran_s20260913101_d0 F4: unreached_declared d_F4_semaev=None naive=None quot=None rounds=0 0.0s
[2026-09-17T16:37:53Z] ch_n43_m2_t2_k22_ran_B_ran_s20260913102_d1 count: solutions=6 2.5s
[2026-09-17T16:37:53Z] ch_n43_m2_t2_k22_ran_B_ran_s20260913102_d1 F4: unreached_declared d_F4_semaev=None naive=None quot=None rounds=0 0.0s
[2026-09-17T16:37:56Z] ch_n43_m2_t2_k22_ran_B_ran_s20260913103_d2 count: solutions=0 2.6s
[2026-09-17T16:37:56Z] ch_n43_m2_t2_k22_ran_B_ran_s20260913103_d2 F4: unreached_declared d_F4_semaev=None naive=None quot=None rounds=0 0.0s
[2026-09-17T16:37:58Z] ch_n43_m2_t2_k22_ran_B_ran_s20260913104_d3 count: solutions=0 2.6s
[2026-09-17T16:37:58Z] ch_n43_m2_t2_k22_ran_B_ran_s20260913104_d3 F4: unreached_declared d_F4_semaev=None naive=None quot=None rounds=0 0.0s
[2026-09-17T16:38:01Z] ch_n43_m2_t2_k22_ran_B_ran_s20260913105_d4 count: solutions=0 2.5s
[2026-09-17T16:38:01Z] ch_n43_m2_t2_k22_ran_B_ran_s20260913105_d4 F4: unreached_declared d_F4_semaev=None naive=None quot=None rounds=0 0.0s
[2026-09-17T16:38:03Z] ch_n43_m2_t2_k22_ran_B_ran_s20260913101_d5 count: solutions=4 2.4s
[2026-09-17T16:38:03Z] ch_n43_m2_t2_k22_ran_B_ran_s20260913101_d5 F4: unreached_declared d_F4_semaev=None naive=None quot=None rounds=0 0.0s
[2026-09-17T16:38:08Z] ch_n43_m2_t2_k22_ran_B_ran_s20260913102_d6 count: solutions=0 4.9s
[2026-09-17T16:38:08Z] ch_n43_m2_t2_k22_ran_B_ran_s20260913102_d6 F4: unreached_declared d_F4_semaev=None naive=None quot=None rounds=0 0.0s
[2026-09-17T16:38:13Z] ch_n43_m2_t2_k22_ran_B_ran_s20260913103_d7 count: solutions=2 4.6s
[2026-09-17T16:38:13Z] ch_n43_m2_t2_k22_ran_B_ran_s20260913103_d7 F4: unreached_declared d_F4_semaev=None naive=None quot=None rounds=0 0.0s
[2026-09-17T16:38:18Z] ch_n43_m2_t2_k22_ran_B_ran_s20260913104_d8 count: solutions=0 5.0s
[2026-09-17T16:38:18Z] ch_n43_m2_t2_k22_ran_B_ran_s20260913104_d8 F4: unreached_declared d_F4_semaev=None naive=None quot=None rounds=0 0.0s
[2026-09-17T16:38:23Z] ch_n43_m2_t2_k22_ran_B_ran_s20260913105_d9 count: solutions=2 4.6s
[2026-09-17T16:38:23Z] ch_n43_m2_t2_k22_ran_B_ran_s20260913105_d9 F4: unreached_declared d_F4_semaev=None naive=None quot=None rounds=0 0.0s
[2026-09-17T16:38:28Z] ch_n44_m2_t2_k22_low_B_equ_s20260913101_d0 count: solutions=4 4.9s
[2026-09-17T16:38:28Z] ch_n44_m2_t2_k22_low_B_equ_s20260913101_d0 F4: unreached_declared d_F4_semaev=None naive=None quot=None rounds=0 0.0s
[2026-09-17T16:38:33Z] ch_n44_m2_t2_k22_low_B_equ_s20260913102_d1 count: solutions=6 4.8s
[2026-09-17T16:38:33Z] ch_n44_m2_t2_k22_low_B_equ_s20260913102_d1 F4: unreached_declared d_F4_semaev=None naive=None quot=None rounds=0 0.0s
[2026-09-17T16:38:37Z] ch_n44_m2_t2_k22_low_B_equ_s20260913103_d2 count: solutions=0 4.6s
[2026-09-17T16:38:37Z] ch_n44_m2_t2_k22_low_B_equ_s20260913103_d2 F4: unreached_declared d_F4_semaev=None naive=None quot=None rounds=0 0.0s
[2026-09-17T16:38:42Z] ch_n44_m2_t2_k22_low_B_equ_s20260913104_d3 count: solutions=0 5.0s
[2026-09-17T16:38:43Z] ch_n44_m2_t2_k22_low_B_equ_s20260913104_d3 F4: unreached_declared d_F4_semaev=None naive=None quot=None rounds=0 0.0s
[2026-09-17T16:38:47Z] ch_n44_m2_t2_k22_low_B_equ_s20260913105_d4 count: solutions=0 4.9s
[2026-09-17T16:38:48Z] ch_n44_m2_t2_k22_low_B_equ_s20260913105_d4 F4: unreached_declared d_F4_semaev=None naive=None quot=None rounds=0 0.0s
[2026-09-17T16:38:52Z] ch_n44_m2_t2_k22_low_B_equ_s20260913101_d5 count: solutions=0 4.7s
[2026-09-17T16:38:52Z] ch_n44_m2_t2_k22_low_B_equ_s20260913101_d5 F4: unreached_declared d_F4_semaev=None naive=None quot=None rounds=0 0.0s
[2026-09-17T16:38:57Z] ch_n44_m2_t2_k22_low_B_equ_s20260913102_d6 count: solutions=0 4.7s
[2026-09-17T16:38:57Z] ch_n44_m2_t2_k22_low_B_equ_s20260913102_d6 F4: unreached_declared d_F4_semaev=None naive=None quot=None rounds=0 0.0s
[2026-09-17T16:39:02Z] ch_n44_m2_t2_k22_low_B_equ_s20260913103_d7 count: solutions=0 4.8s
[2026-09-17T16:39:02Z] ch_n44_m2_t2_k22_low_B_equ_s20260913103_d7 F4: unreached_declared d_F4_semaev=None naive=None quot=None rounds=0 0.0s
[2026-09-17T16:39:08Z] ch_n44_m2_t2_k22_low_B_equ_s20260913104_d8 count: solutions=2 5.5s
[2026-09-17T16:39:08Z] ch_n44_m2_t2_k22_low_B_equ_s20260913104_d8 F4: unreached_declared d_F4_semaev=None naive=None quot=None rounds=0 0.0s
[2026-09-17T16:39:14Z] ch_n44_m2_t2_k22_low_B_equ_s20260913105_d9 count: solutions=2 6.4s
[2026-09-17T16:39:14Z] ch_n44_m2_t2_k22_low_B_equ_s20260913105_d9 F4: unreached_declared d_F4_semaev=None naive=None quot=None rounds=0 0.0s
[2026-09-17T16:39:20Z] ch_n44_m2_t2_k22_low_B_ran_s20260913101_d0 count: solutions=0 6.0s
[2026-09-17T16:39:20Z] ch_n44_m2_t2_k22_low_B_ran_s20260913101_d0 F4: unreached_declared d_F4_semaev=None naive=None quot=None rounds=0 0.0s
[2026-09-17T16:39:26Z] ch_n44_m2_t2_k22_low_B_ran_s20260913102_d1 count: solutions=0 5.7s
[2026-09-17T16:39:26Z] ch_n44_m2_t2_k22_low_B_ran_s20260913102_d1 F4: unreached_declared d_F4_semaev=None naive=None quot=None rounds=0 0.0s
[2026-09-17T16:39:30Z] ch_n44_m2_t2_k22_low_B_ran_s20260913103_d2 count: solutions=0 4.2s
[2026-09-17T16:39:30Z] ch_n44_m2_t2_k22_low_B_ran_s20260913103_d2 F4: unreached_declared d_F4_semaev=None naive=None quot=None rounds=0 0.0s
[2026-09-17T16:39:34Z] ch_n44_m2_t2_k22_low_B_ran_s20260913104_d3 count: solutions=0 4.2s
[2026-09-17T16:39:35Z] ch_n44_m2_t2_k22_low_B_ran_s20260913104_d3 F4: unreached_declared d_F4_semaev=None naive=None quot=None rounds=0 0.0s
[2026-09-17T16:39:39Z] ch_n44_m2_t2_k22_low_B_ran_s20260913105_d4 count: solutions=0 4.6s
[2026-09-17T16:39:39Z] ch_n44_m2_t2_k22_low_B_ran_s20260913105_d4 F4: unreached_declared d_F4_semaev=None naive=None quot=None rounds=0 0.0s
[2026-09-17T16:39:44Z] ch_n44_m2_t2_k22_low_B_ran_s20260913101_d5 count: solutions=4 4.8s
[2026-09-17T16:39:44Z] ch_n44_m2_t2_k22_low_B_ran_s20260913101_d5 F4: unreached_declared d_F4_semaev=None naive=None quot=None rounds=0 0.0s
[2026-09-17T16:39:50Z] ch_n44_m2_t2_k22_low_B_ran_s20260913102_d6 count: solutions=2 5.9s
[2026-09-17T16:39:50Z] ch_n44_m2_t2_k22_low_B_ran_s20260913102_d6 F4: unreached_declared d_F4_semaev=None naive=None quot=None rounds=0 0.0s
[2026-09-17T16:39:56Z] ch_n44_m2_t2_k22_low_B_ran_s20260913103_d7 count: solutions=0 5.4s
[2026-09-17T16:39:56Z] ch_n44_m2_t2_k22_low_B_ran_s20260913103_d7 F4: unreached_declared d_F4_semaev=None naive=None quot=None rounds=0 0.0s
[2026-09-17T16:40:00Z] ch_n44_m2_t2_k22_low_B_ran_s20260913104_d8 count: solutions=0 4.7s
[2026-09-17T16:40:00Z] ch_n44_m2_t2_k22_low_B_ran_s20260913104_d8 F4: unreached_declared d_F4_semaev=None naive=None quot=None rounds=0 0.0s
[2026-09-17T16:40:04Z] ch_n44_m2_t2_k22_low_B_ran_s20260913105_d9 count: solutions=2 3.1s
[2026-09-17T16:40:04Z] ch_n44_m2_t2_k22_low_B_ran_s20260913105_d9 F4: unreached_declared d_F4_semaev=None naive=None quot=None rounds=0 0.0s
[2026-09-17T16:40:06Z] ch_n44_m2_t2_k22_ran_B_equ_s20260913101_d0 count: solutions=0 2.4s
[2026-09-17T16:40:06Z] ch_n44_m2_t2_k22_ran_B_equ_s20260913101_d0 F4: unreached_declared d_F4_semaev=None naive=None quot=None rounds=0 0.0s
[2026-09-17T16:40:09Z] ch_n44_m2_t2_k22_ran_B_equ_s20260913102_d1 count: solutions=2 2.4s
[2026-09-17T16:40:09Z] ch_n44_m2_t2_k22_ran_B_equ_s20260913102_d1 F4: unreached_declared d_F4_semaev=None naive=None quot=None rounds=0 0.0s
[2026-09-17T16:40:11Z] ch_n44_m2_t2_k22_ran_B_equ_s20260913103_d2 count: solutions=0 2.4s
[2026-09-17T16:40:11Z] ch_n44_m2_t2_k22_ran_B_equ_s20260913103_d2 F4: unreached_declared d_F4_semaev=None naive=None quot=None rounds=0 0.0s
[2026-09-17T16:40:14Z] ch_n44_m2_t2_k22_ran_B_equ_s20260913104_d3 count: solutions=0 2.5s
[2026-09-17T16:40:14Z] ch_n44_m2_t2_k22_ran_B_equ_s20260913104_d3 F4: unreached_declared d_F4_semaev=None naive=None quot=None rounds=0 0.0s
[2026-09-17T16:40:16Z] ch_n44_m2_t2_k22_ran_B_equ_s20260913105_d4 count: solutions=0 2.5s
[2026-09-17T16:40:16Z] ch_n44_m2_t2_k22_ran_B_equ_s20260913105_d4 F4: unreached_declared d_F4_semaev=None naive=None quot=None rounds=0 0.0s
[2026-09-17T16:40:19Z] ch_n44_m2_t2_k22_ran_B_equ_s20260913101_d5 count: solutions=4 2.4s
[2026-09-17T16:40:19Z] ch_n44_m2_t2_k22_ran_B_equ_s20260913101_d5 F4: unreached_declared d_F4_semaev=None naive=None quot=None rounds=0 0.0s
[2026-09-17T16:40:21Z] ch_n44_m2_t2_k22_ran_B_equ_s20260913102_d6 count: solutions=2 2.5s
[2026-09-17T16:40:21Z] ch_n44_m2_t2_k22_ran_B_equ_s20260913102_d6 F4: unreached_declared d_F4_semaev=None naive=None quot=None rounds=0 0.0s
[2026-09-17T16:40:24Z] ch_n44_m2_t2_k22_ran_B_equ_s20260913103_d7 count: solutions=0 2.5s
[2026-09-17T16:40:24Z] ch_n44_m2_t2_k22_ran_B_equ_s20260913103_d7 F4: unreached_declared d_F4_semaev=None naive=None quot=None rounds=0 0.0s
[2026-09-17T16:40:26Z] ch_n44_m2_t2_k22_ran_B_equ_s20260913104_d8 count: solutions=2 2.5s
[2026-09-17T16:40:26Z] ch_n44_m2_t2_k22_ran_B_equ_s20260913104_d8 F4: unreached_declared d_F4_semaev=None naive=None quot=None rounds=0 0.0s
[2026-09-17T16:40:29Z] ch_n44_m2_t2_k22_ran_B_equ_s20260913105_d9 count: solutions=0 2.5s
[2026-09-17T16:40:29Z] ch_n44_m2_t2_k22_ran_B_equ_s20260913105_d9 F4: unreached_declared d_F4_semaev=None naive=None quot=None rounds=0 0.0s
[2026-09-17T16:40:31Z] ch_n44_m2_t2_k22_ran_B_ran_s20260913101_d0 count: solutions=4 2.5s
[2026-09-17T16:40:31Z] ch_n44_m2_t2_k22_ran_B_ran_s20260913101_d0 F4: unreached_declared d_F4_semaev=None naive=None quot=None rounds=0 0.0s
[2026-09-17T16:40:34Z] ch_n44_m2_t2_k22_ran_B_ran_s20260913102_d1 count: solutions=0 2.6s
[2026-09-17T16:40:34Z] ch_n44_m2_t2_k22_ran_B_ran_s20260913102_d1 F4: unreached_declared d_F4_semaev=None naive=None quot=None rounds=0 0.0s
[2026-09-17T16:40:36Z] ch_n44_m2_t2_k22_ran_B_ran_s20260913103_d2 count: solutions=0 2.3s
[2026-09-17T16:40:36Z] ch_n44_m2_t2_k22_ran_B_ran_s20260913103_d2 F4: unreached_declared d_F4_semaev=None naive=None quot=None rounds=0 0.0s
[2026-09-17T16:40:39Z] ch_n44_m2_t2_k22_ran_B_ran_s20260913104_d3 count: solutions=2 2.4s
[2026-09-17T16:40:39Z] ch_n44_m2_t2_k22_ran_B_ran_s20260913104_d3 F4: unreached_declared d_F4_semaev=None naive=None quot=None rounds=0 0.0s
[2026-09-17T16:40:41Z] ch_n44_m2_t2_k22_ran_B_ran_s20260913105_d4 count: solutions=0 2.4s
[2026-09-17T16:40:41Z] ch_n44_m2_t2_k22_ran_B_ran_s20260913105_d4 F4: unreached_declared d_F4_semaev=None naive=None quot=None rounds=0 0.0s
[2026-09-17T16:40:44Z] ch_n44_m2_t2_k22_ran_B_ran_s20260913101_d5 count: solutions=0 2.4s
[2026-09-17T16:40:44Z] ch_n44_m2_t2_k22_ran_B_ran_s20260913101_d5 F4: unreached_declared d_F4_semaev=None naive=None quot=None rounds=0 0.0s
[2026-09-17T16:40:46Z] ch_n44_m2_t2_k22_ran_B_ran_s20260913102_d6 count: solutions=0 2.5s
[2026-09-17T16:40:46Z] ch_n44_m2_t2_k22_ran_B_ran_s20260913102_d6 F4: unreached_declared d_F4_semaev=None naive=None quot=None rounds=0 0.0s
[2026-09-17T16:40:49Z] ch_n44_m2_t2_k22_ran_B_ran_s20260913103_d7 count: solutions=2 2.5s
[2026-09-17T16:40:49Z] ch_n44_m2_t2_k22_ran_B_ran_s20260913103_d7 F4: unreached_declared d_F4_semaev=None naive=None quot=None rounds=0 0.0s
[2026-09-17T16:40:51Z] ch_n44_m2_t2_k22_ran_B_ran_s20260913104_d8 count: solutions=0 2.4s
[2026-09-17T16:40:51Z] ch_n44_m2_t2_k22_ran_B_ran_s20260913104_d8 F4: unreached_declared d_F4_semaev=None naive=None quot=None rounds=0 0.0s
[2026-09-17T16:40:54Z] ch_n44_m2_t2_k22_ran_B_ran_s20260913105_d9 count: solutions=0 2.5s
[2026-09-17T16:40:54Z] ch_n44_m2_t2_k22_ran_B_ran_s20260913105_d9 F4: unreached_declared d_F4_semaev=None naive=None quot=None rounds=0 0.0s
[2026-09-17T16:40:59Z] ch_n45_m2_t2_k23_low_B_equ_s20260913101_d0 count: solutions=0 5.2s
[2026-09-17T16:40:59Z] ch_n45_m2_t2_k23_low_B_equ_s20260913101_d0 F4: unreached_declared d_F4_semaev=None naive=None quot=None rounds=0 0.0s
[2026-09-17T16:41:04Z] ch_n45_m2_t2_k23_low_B_equ_s20260913102_d1 count: solutions=2 5.1s
[2026-09-17T16:41:04Z] ch_n45_m2_t2_k23_low_B_equ_s20260913102_d1 F4: unreached_declared d_F4_semaev=None naive=None quot=None rounds=0 0.0s
[2026-09-17T16:41:09Z] ch_n45_m2_t2_k23_low_B_equ_s20260913103_d2 count: solutions=2 5.1s
[2026-09-17T16:41:09Z] ch_n45_m2_t2_k23_low_B_equ_s20260913103_d2 F4: unreached_declared d_F4_semaev=None naive=None quot=None rounds=0 0.0s
[2026-09-17T16:41:15Z] ch_n45_m2_t2_k23_low_B_equ_s20260913104_d3 count: solutions=2 5.7s
[2026-09-17T16:41:15Z] ch_n45_m2_t2_k23_low_B_equ_s20260913104_d3 F4: unreached_declared d_F4_semaev=None naive=None quot=None rounds=0 0.0s
[2026-09-17T16:41:20Z] ch_n45_m2_t2_k23_low_B_equ_s20260913105_d4 count: solutions=4 5.2s
[2026-09-17T16:41:20Z] ch_n45_m2_t2_k23_low_B_equ_s20260913105_d4 F4: unreached_declared d_F4_semaev=None naive=None quot=None rounds=0 0.0s
[2026-09-17T16:41:25Z] ch_n45_m2_t2_k23_low_B_equ_s20260913101_d5 count: solutions=0 4.6s
[2026-09-17T16:41:25Z] ch_n45_m2_t2_k23_low_B_equ_s20260913101_d5 F4: unreached_declared d_F4_semaev=None naive=None quot=None rounds=0 0.0s
[2026-09-17T16:41:29Z] ch_n45_m2_t2_k23_low_B_equ_s20260913102_d6 count: solutions=0 4.5s
[2026-09-17T16:41:29Z] ch_n45_m2_t2_k23_low_B_equ_s20260913102_d6 F4: unreached_declared d_F4_semaev=None naive=None quot=None rounds=0 0.0s
[2026-09-17T16:41:35Z] ch_n45_m2_t2_k23_low_B_equ_s20260913103_d7 count: solutions=4 5.1s
[2026-09-17T16:41:35Z] ch_n45_m2_t2_k23_low_B_equ_s20260913103_d7 F4: unreached_declared d_F4_semaev=None naive=None quot=None rounds=0 0.0s
[2026-09-17T16:41:40Z] ch_n45_m2_t2_k23_low_B_equ_s20260913104_d8 count: solutions=2 5.4s
[2026-09-17T16:41:40Z] ch_n45_m2_t2_k23_low_B_equ_s20260913104_d8 F4: unreached_declared d_F4_semaev=None naive=None quot=None rounds=0 0.0s
[2026-09-17T16:41:45Z] ch_n45_m2_t2_k23_low_B_equ_s20260913105_d9 count: solutions=6 5.3s
[2026-09-17T16:41:45Z] ch_n45_m2_t2_k23_low_B_equ_s20260913105_d9 F4: unreached_declared d_F4_semaev=None naive=None quot=None rounds=0 0.0s
[2026-09-17T16:41:51Z] ch_n45_m2_t2_k23_low_B_ran_s20260913101_d0 count: solutions=2 5.5s
[2026-09-17T16:41:51Z] ch_n45_m2_t2_k23_low_B_ran_s20260913101_d0 F4: unreached_declared d_F4_semaev=None naive=None quot=None rounds=0 0.0s
[2026-09-17T16:41:56Z] ch_n45_m2_t2_k23_low_B_ran_s20260913102_d1 count: solutions=2 5.3s
[2026-09-17T16:41:56Z] ch_n45_m2_t2_k23_low_B_ran_s20260913102_d1 F4: unreached_declared d_F4_semaev=None naive=None quot=None rounds=0 0.0s
[2026-09-17T16:42:03Z] ch_n45_m2_t2_k23_low_B_ran_s20260913103_d2 count: solutions=2 6.2s
[2026-09-17T16:42:03Z] ch_n45_m2_t2_k23_low_B_ran_s20260913103_d2 F4: unreached_declared d_F4_semaev=None naive=None quot=None rounds=0 0.0s
[2026-09-17T16:42:13Z] ch_n45_m2_t2_k23_low_B_ran_s20260913104_d3 count: solutions=2 10.3s
[2026-09-17T16:42:13Z] ch_n45_m2_t2_k23_low_B_ran_s20260913104_d3 F4: unreached_declared d_F4_semaev=None naive=None quot=None rounds=0 0.0s
[2026-09-17T16:42:24Z] ch_n45_m2_t2_k23_low_B_ran_s20260913105_d4 count: solutions=0 10.7s
[2026-09-17T16:42:24Z] ch_n45_m2_t2_k23_low_B_ran_s20260913105_d4 F4: unreached_declared d_F4_semaev=None naive=None quot=None rounds=0 0.0s
[2026-09-17T16:42:34Z] ch_n45_m2_t2_k23_low_B_ran_s20260913101_d5 count: solutions=4 10.6s
[2026-09-17T16:42:35Z] ch_n45_m2_t2_k23_low_B_ran_s20260913101_d5 F4: unreached_declared d_F4_semaev=None naive=None quot=None rounds=0 0.0s
[2026-09-17T16:42:44Z] ch_n45_m2_t2_k23_low_B_ran_s20260913102_d6 count: solutions=6 9.6s
[2026-09-17T16:42:44Z] ch_n45_m2_t2_k23_low_B_ran_s20260913102_d6 F4: unreached_declared d_F4_semaev=None naive=None quot=None rounds=0 0.0s
[2026-09-17T16:42:55Z] ch_n45_m2_t2_k23_low_B_ran_s20260913103_d7 count: solutions=4 10.4s
[2026-09-17T16:42:55Z] ch_n45_m2_t2_k23_low_B_ran_s20260913103_d7 F4: unreached_declared d_F4_semaev=None naive=None quot=None rounds=0 0.0s
[2026-09-17T16:43:05Z] ch_n45_m2_t2_k23_low_B_ran_s20260913104_d8 count: solutions=2 9.9s
[2026-09-17T16:43:05Z] ch_n45_m2_t2_k23_low_B_ran_s20260913104_d8 F4: unreached_declared d_F4_semaev=None naive=None quot=None rounds=0 0.0s
[2026-09-17T16:43:15Z] ch_n45_m2_t2_k23_low_B_ran_s20260913105_d9 count: solutions=2 9.9s
[2026-09-17T16:43:15Z] ch_n45_m2_t2_k23_low_B_ran_s20260913105_d9 F4: unreached_declared d_F4_semaev=None naive=None quot=None rounds=0 0.0s
[2026-09-17T16:43:25Z] ch_n45_m2_t2_k23_ran_B_equ_s20260913101_d0 count: solutions=4 10.3s
[2026-09-17T16:43:25Z] ch_n45_m2_t2_k23_ran_B_equ_s20260913101_d0 F4: unreached_declared d_F4_semaev=None naive=None quot=None rounds=0 0.0s
[2026-09-17T16:43:36Z] ch_n45_m2_t2_k23_ran_B_equ_s20260913102_d1 count: solutions=4 10.3s
[2026-09-17T16:43:36Z] ch_n45_m2_t2_k23_ran_B_equ_s20260913102_d1 F4: unreached_declared d_F4_semaev=None naive=None quot=None rounds=0 0.0s
[2026-09-17T16:43:46Z] ch_n45_m2_t2_k23_ran_B_equ_s20260913103_d2 count: solutions=2 10.3s
[2026-09-17T16:43:46Z] ch_n45_m2_t2_k23_ran_B_equ_s20260913103_d2 F4: unreached_declared d_F4_semaev=None naive=None quot=None rounds=0 0.0s
[2026-09-17T16:43:56Z] ch_n45_m2_t2_k23_ran_B_equ_s20260913104_d3 count: solutions=0 9.9s
[2026-09-17T16:43:56Z] ch_n45_m2_t2_k23_ran_B_equ_s20260913104_d3 F4: unreached_declared d_F4_semaev=None naive=None quot=None rounds=0 0.0s
[2026-09-17T16:44:06Z] ch_n45_m2_t2_k23_ran_B_equ_s20260913105_d4 count: solutions=0 9.4s
[2026-09-17T16:44:06Z] ch_n45_m2_t2_k23_ran_B_equ_s20260913105_d4 F4: unreached_declared d_F4_semaev=None naive=None quot=None rounds=0 0.0s
[2026-09-17T16:44:16Z] ch_n45_m2_t2_k23_ran_B_equ_s20260913101_d5 count: solutions=0 9.6s
[2026-09-17T16:44:16Z] ch_n45_m2_t2_k23_ran_B_equ_s20260913101_d5 F4: unreached_declared d_F4_semaev=None naive=None quot=None rounds=0 0.0s
[2026-09-17T16:44:25Z] ch_n45_m2_t2_k23_ran_B_equ_s20260913102_d6 count: solutions=0 9.6s
[2026-09-17T16:44:25Z] ch_n45_m2_t2_k23_ran_B_equ_s20260913102_d6 F4: unreached_declared d_F4_semaev=None naive=None quot=None rounds=0 0.0s
[2026-09-17T16:44:37Z] ch_n45_m2_t2_k23_ran_B_equ_s20260913103_d7 count: solutions=0 12.0s
[2026-09-17T16:44:37Z] ch_n45_m2_t2_k23_ran_B_equ_s20260913103_d7 F4: unreached_declared d_F4_semaev=None naive=None quot=None rounds=0 0.0s
[2026-09-17T16:44:48Z] ch_n45_m2_t2_k23_ran_B_equ_s20260913104_d8 count: solutions=0 10.7s
[2026-09-17T16:44:48Z] ch_n45_m2_t2_k23_ran_B_equ_s20260913104_d8 F4: unreached_declared d_F4_semaev=None naive=None quot=None rounds=0 0.0s
[2026-09-17T16:44:56Z] ch_n45_m2_t2_k23_ran_B_equ_s20260913105_d9 count: solutions=0 7.5s
[2026-09-17T16:44:56Z] ch_n45_m2_t2_k23_ran_B_equ_s20260913105_d9 F4: unreached_declared d_F4_semaev=None naive=None quot=None rounds=0 0.0s
[2026-09-17T16:45:02Z] ch_n45_m2_t2_k23_ran_B_ran_s20260913101_d0 count: solutions=4 5.6s
[2026-09-17T16:45:02Z] ch_n45_m2_t2_k23_ran_B_ran_s20260913101_d0 F4: unreached_declared d_F4_semaev=None naive=None quot=None rounds=0 0.0s
[2026-09-17T16:45:07Z] ch_n45_m2_t2_k23_ran_B_ran_s20260913102_d1 count: solutions=4 5.3s
[2026-09-17T16:45:07Z] ch_n45_m2_t2_k23_ran_B_ran_s20260913102_d1 F4: unreached_declared d_F4_semaev=None naive=None quot=None rounds=0 0.0s
[2026-09-17T16:45:12Z] ch_n45_m2_t2_k23_ran_B_ran_s20260913103_d2 count: solutions=0 5.4s
[2026-09-17T16:45:12Z] ch_n45_m2_t2_k23_ran_B_ran_s20260913103_d2 F4: unreached_declared d_F4_semaev=None naive=None quot=None rounds=0 0.0s
[2026-09-17T16:45:18Z] ch_n45_m2_t2_k23_ran_B_ran_s20260913104_d3 count: solutions=4 5.4s
[2026-09-17T16:45:18Z] ch_n45_m2_t2_k23_ran_B_ran_s20260913104_d3 F4: unreached_declared d_F4_semaev=None naive=None quot=None rounds=0 0.0s
[2026-09-17T16:45:23Z] ch_n45_m2_t2_k23_ran_B_ran_s20260913105_d4 count: solutions=4 5.3s
[2026-09-17T16:45:23Z] ch_n45_m2_t2_k23_ran_B_ran_s20260913105_d4 F4: unreached_declared d_F4_semaev=None naive=None quot=None rounds=0 0.0s
[2026-09-17T16:45:29Z] ch_n45_m2_t2_k23_ran_B_ran_s20260913101_d5 count: solutions=4 5.3s
[2026-09-17T16:45:29Z] ch_n45_m2_t2_k23_ran_B_ran_s20260913101_d5 F4: unreached_declared d_F4_semaev=None naive=None quot=None rounds=0 0.0s
[2026-09-17T16:45:34Z] ch_n45_m2_t2_k23_ran_B_ran_s20260913102_d6 count: solutions=4 5.3s
[2026-09-17T16:45:34Z] ch_n45_m2_t2_k23_ran_B_ran_s20260913102_d6 F4: unreached_declared d_F4_semaev=None naive=None quot=None rounds=0 0.0s
[2026-09-17T16:45:39Z] ch_n45_m2_t2_k23_ran_B_ran_s20260913103_d7 count: solutions=0 5.0s
[2026-09-17T16:45:39Z] ch_n45_m2_t2_k23_ran_B_ran_s20260913103_d7 F4: unreached_declared d_F4_semaev=None naive=None quot=None rounds=0 0.0s
[2026-09-17T16:45:45Z] ch_n45_m2_t2_k23_ran_B_ran_s20260913104_d8 count: solutions=4 5.4s
[2026-09-17T16:45:45Z] ch_n45_m2_t2_k23_ran_B_ran_s20260913104_d8 F4: unreached_declared d_F4_semaev=None naive=None quot=None rounds=0 0.0s
[2026-09-17T16:45:55Z] ch_n45_m2_t2_k23_ran_B_ran_s20260913105_d9 count: solutions=6 10.3s
[2026-09-17T16:45:55Z] ch_n45_m2_t2_k23_ran_B_ran_s20260913105_d9 F4: unreached_declared d_F4_semaev=None naive=None quot=None rounds=0 0.0s
[2026-09-17T16:45:55Z] done
===== instrument_limit =====
[2026-09-17T17:47:12Z] start out_dir=/home/user/crypto-autoresearcher/experiments/EXP-SEMBIN-7e1371/runs/RUN-SEMBIN-9bb990/instrument_limit/cells groups= cells=12:6:6:3,12:6:6:4 families=chained_eq5 draws=1 caps: wall=3600.0 mem=6.0 closure_mem=1.5
[2026-09-17T17:47:12Z] ch_n12_m6_t6_k3_low_B_equ_s20260913101_d0 count: solutions=0 status=completed cross=None 0.0s
[2026-09-17T17:47:12Z] ch_n12_m6_t6_k3_low_B_equ_s20260913101_d0 F4: unreached_declared d_F4_semaev=None naive=None quot=None rounds=0 0.0s
[2026-09-17T17:47:12Z] ch_n12_m6_t6_k3_low_B_equ_s20260913101_d0 instrument limit: N = 66 exceeds the 64-bit monomial mask both M4RI instruments use (closure_cert._csr); not representable, independent of memory
[2026-09-17T17:47:13Z] ch_n12_m6_t6_k4_low_B_equ_s20260913101_d0 count: solutions=0 status=completed cross=None 1.3s
[2026-09-17T17:47:13Z] ch_n12_m6_t6_k4_low_B_equ_s20260913101_d0 F4: unreached_declared d_F4_semaev=None naive=None quot=None rounds=0 0.0s
[2026-09-17T17:47:13Z] ch_n12_m6_t6_k4_low_B_equ_s20260913101_d0 instrument limit: N = 72 exceeds the 64-bit monomial mask both M4RI instruments use (closure_cert._csr); not representable, independent of memory
[2026-09-17T17:47:13Z] done
===== light_chained =====
[2026-09-17T16:34:42Z] start out_dir=/home/user/crypto-autoresearcher/experiments/EXP-SEMBIN-7e1371/runs/RUN-SEMBIN-9bb990/light_chained/cells groups=m2_window,sweep_n17,sweep_n19,sweep_n21,sweep_n13,sweep_n12 cells= families=chained_eq5 draws=1 caps: wall=3600.0 mem=6.0 closure_mem=2.0
[2026-09-17T16:34:42Z] ch_n40_m2_t2_k20_low_B_equ_s20260913101_d0 count: solutions=0 0.5s
[2026-09-17T16:34:42Z] ch_n40_m2_t2_k20_low_B_equ_s20260913101_d0 F4: unreached_declared d_F4_semaev=None naive=None quot=None rounds=0 0.0s
[2026-09-17T16:35:09Z] ch_n40_m2_t2_k20_low_B_equ_s20260913101_d0 single-level: D3 completed rows=1640 cols=10701 rank=1639 defic=9062; D4 completed rows=32840 cols=102091 rank=31673 defic=70418
[2026-09-17T16:35:10Z] ch_n40_m2_t2_k20_low_B_ran_s20260913101_d0 count: solutions=0 0.6s
[2026-09-17T16:35:10Z] ch_n40_m2_t2_k20_low_B_ran_s20260913101_d0 F4: unreached_declared d_F4_semaev=None naive=None quot=None rounds=0 0.0s
[2026-09-17T16:35:34Z] ch_n40_m2_t2_k20_low_B_ran_s20260913101_d0 single-level: D3 completed rows=1640 cols=10701 rank=1637 defic=9064; D4 completed rows=32840 cols=102091 rank=31673 defic=70418
[2026-09-17T16:35:34Z] ch_n40_m2_t2_k20_ran_B_equ_s20260913101_d0 count: solutions=0 0.5s
[2026-09-17T16:35:34Z] ch_n40_m2_t2_k20_ran_B_equ_s20260913101_d0 F4: unreached_declared d_F4_semaev=None naive=None quot=None rounds=0 0.0s
[2026-09-17T16:35:55Z] ch_n40_m2_t2_k20_ran_B_equ_s20260913101_d0 single-level: D3 completed rows=1640 cols=10701 rank=1639 defic=9062; D4 completed rows=32840 cols=102091 rank=31940 defic=70151
[2026-09-17T16:35:55Z] ch_n40_m2_t2_k20_ran_B_ran_s20260913101_d0 count: solutions=0 0.5s
[2026-09-17T16:35:55Z] ch_n40_m2_t2_k20_ran_B_ran_s20260913101_d0 F4: unreached_declared d_F4_semaev=None naive=None quot=None rounds=0 0.0s
[2026-09-17T16:36:15Z] ch_n40_m2_t2_k20_ran_B_ran_s20260913101_d0 single-level: D3 completed rows=1640 cols=10701 rank=1639 defic=9062; D4 completed rows=32840 cols=102091 rank=31940 defic=70151
[2026-09-17T16:36:16Z] ch_n41_m2_t2_k21_low_B_equ_s20260913101_d0 count: solutions=0 1.1s
[2026-09-17T16:36:16Z] ch_n41_m2_t2_k21_low_B_equ_s20260913101_d0 F4: unreached_declared d_F4_semaev=None naive=None quot=None rounds=0 0.0s
[2026-09-17T16:37:03Z] ch_n41_m2_t2_k21_low_B_equ_s20260913101_d0 single-level: D3 completed rows=1763 cols=12384 rank=1762 defic=10622; D4 completed rows=37064 cols=124314 rank=35963 defic=88351
[2026-09-17T16:37:04Z] ch_n41_m2_t2_k21_low_B_ran_s20260913101_d0 count: solutions=0 1.0s
[2026-09-17T16:37:04Z] ch_n41_m2_t2_k21_low_B_ran_s20260913101_d0 F4: unreached_declared d_F4_semaev=None naive=None quot=None rounds=0 0.0s
[2026-09-17T16:37:52Z] ch_n41_m2_t2_k21_low_B_ran_s20260913101_d0 single-level: D3 completed rows=1763 cols=12384 rank=1762 defic=10622; D4 completed rows=37064 cols=124314 rank=35963 defic=88351
[2026-09-17T16:37:53Z] ch_n41_m2_t2_k21_ran_B_equ_s20260913101_d0 count: solutions=4 1.2s
[2026-09-17T16:37:53Z] ch_n41_m2_t2_k21_ran_B_equ_s20260913101_d0 F4: unreached_declared d_F4_semaev=None naive=None quot=None rounds=0 0.0s
[2026-09-17T16:38:53Z] ch_n41_m2_t2_k21_ran_B_equ_s20260913101_d0 single-level: D3 completed rows=1763 cols=12384 rank=1762 defic=10622; D4 completed rows=37064 cols=124314 rank=36121 defic=88193
[2026-09-17T16:38:55Z] ch_n41_m2_t2_k21_ran_B_ran_s20260913101_d0 count: solutions=2 2.2s
[2026-09-17T16:38:55Z] ch_n41_m2_t2_k21_ran_B_ran_s20260913101_d0 F4: unreached_declared d_F4_semaev=None naive=None quot=None rounds=0 0.0s
[2026-09-17T16:40:11Z] ch_n41_m2_t2_k21_ran_B_ran_s20260913101_d0 single-level: D3 completed rows=1763 cols=12384 rank=1762 defic=10622; D4 completed rows=37064 cols=124314 rank=36121 defic=88193
[2026-09-17T16:40:12Z] ch_n42_m2_t2_k21_low_B_equ_s20260913101_d0 count: solutions=2 1.1s
[2026-09-17T16:40:12Z] ch_n42_m2_t2_k21_low_B_equ_s20260913101_d0 F4: unreached_declared d_F4_semaev=None naive=None quot=None rounds=0 0.0s
[2026-09-17T16:41:02Z] ch_n42_m2_t2_k21_low_B_equ_s20260913101_d0 single-level: D3 completed rows=1806 cols=12384 rank=1763 defic=10621; D4 completed rows=37968 cols=124314 rank=36001 defic=88313
[2026-09-17T16:41:03Z] ch_n42_m2_t2_k21_low_B_ran_s20260913101_d0 count: solutions=0 1.1s
[2026-09-17T16:41:03Z] ch_n42_m2_t2_k21_low_B_ran_s20260913101_d0 F4: unreached_declared d_F4_semaev=None naive=None quot=None rounds=0 0.0s
[2026-09-17T16:41:52Z] ch_n42_m2_t2_k21_low_B_ran_s20260913101_d0 single-level: D3 completed rows=1806 cols=12384 rank=1804 defic=10580; D4 completed rows=37968 cols=124314 rank=36739 defic=87575
[2026-09-17T16:41:53Z] ch_n42_m2_t2_k21_ran_B_equ_s20260913101_d0 count: solutions=2 1.2s
[2026-09-17T16:41:53Z] ch_n42_m2_t2_k21_ran_B_equ_s20260913101_d0 F4: unreached_declared d_F4_semaev=None naive=None quot=None rounds=0 0.0s
[2026-09-17T16:42:55Z] ch_n42_m2_t2_k21_ran_B_equ_s20260913101_d0 single-level: D3 completed rows=1806 cols=12384 rank=1805 defic=10579; D4 completed rows=37968 cols=124314 rank=36981 defic=87333
[2026-09-17T16:42:57Z] ch_n42_m2_t2_k21_ran_B_ran_s20260913101_d0 count: solutions=2 2.0s
[2026-09-17T16:42:57Z] ch_n42_m2_t2_k21_ran_B_ran_s20260913101_d0 F4: unreached_declared d_F4_semaev=None naive=None quot=None rounds=0 0.0s
[2026-09-17T16:44:15Z] ch_n42_m2_t2_k21_ran_B_ran_s20260913101_d0 single-level: D3 completed rows=1806 cols=12384 rank=1805 defic=10579; D4 completed rows=37968 cols=124314 rank=36981 defic=87333
[2026-09-17T16:44:19Z] ch_n43_m2_t2_k22_low_B_equ_s20260913101_d0 count: solutions=4 4.4s
[2026-09-17T16:44:19Z] ch_n43_m2_t2_k22_low_B_equ_s20260913101_d0 F4: unreached_declared d_F4_semaev=None naive=None quot=None rounds=0 0.0s
[2026-09-17T16:46:14Z] ch_n43_m2_t2_k22_low_B_equ_s20260913101_d0 single-level: D3 completed rows=1935 cols=14235 rank=1933 defic=12302; D4 completed rows=42613 cols=149986 rank=41415 defic=108571
[2026-09-17T16:46:16Z] ch_n43_m2_t2_k22_low_B_ran_s20260913101_d0 count: solutions=2 2.5s
[2026-09-17T16:46:16Z] ch_n43_m2_t2_k22_low_B_ran_s20260913101_d0 F4: unreached_declared d_F4_semaev=None naive=None quot=None rounds=0 0.0s
[2026-09-17T16:47:48Z] ch_n43_m2_t2_k22_low_B_ran_s20260913101_d0 single-level: D3 completed rows=1935 cols=14235 rank=1933 defic=12302; D4 completed rows=42613 cols=149986 rank=41415 defic=108571
[2026-09-17T16:47:50Z] ch_n43_m2_t2_k22_ran_B_equ_s20260913101_d0 count: solutions=8 2.4s
[2026-09-17T16:47:50Z] ch_n43_m2_t2_k22_ran_B_equ_s20260913101_d0 F4: unreached_declared d_F4_semaev=None naive=None quot=None rounds=0 0.0s
[2026-09-17T16:48:53Z] ch_n43_m2_t2_k22_ran_B_equ_s20260913101_d0 single-level: D3 completed rows=1935 cols=14235 rank=1934 defic=12301; D4 completed rows=42613 cols=149986 rank=41581 defic=108405
[2026-09-17T16:48:56Z] ch_n43_m2_t2_k22_ran_B_ran_s20260913101_d0 count: solutions=2 3.0s
[2026-09-17T16:48:56Z] ch_n43_m2_t2_k22_ran_B_ran_s20260913101_d0 F4: unreached_declared d_F4_semaev=None naive=None quot=None rounds=0 0.0s
[2026-09-17T16:50:18Z] ch_n43_m2_t2_k22_ran_B_ran_s20260913101_d0 single-level: D3 completed rows=1935 cols=14235 rank=1934 defic=12301; D4 completed rows=42613 cols=149986 rank=41581 defic=108405
[2026-09-17T16:50:21Z] ch_n44_m2_t2_k22_low_B_equ_s20260913101_d0 count: solutions=4 3.4s
[2026-09-17T16:50:21Z] ch_n44_m2_t2_k22_low_B_equ_s20260913101_d0 F4: unreached_declared d_F4_semaev=None naive=None quot=None rounds=0 0.0s
[2026-09-17T16:52:23Z] ch_n44_m2_t2_k22_low_B_equ_s20260913101_d0 single-level: D3 completed rows=1980 cols=14235 rank=1935 defic=12300; D4 completed rows=43604 cols=149986 rank=41455 defic=108531
[2026-09-17T16:52:26Z] ch_n44_m2_t2_k22_low_B_ran_s20260913101_d0 count: solutions=0 3.2s
[2026-09-17T16:52:26Z] ch_n44_m2_t2_k22_low_B_ran_s20260913101_d0 F4: unreached_declared d_F4_semaev=None naive=None quot=None rounds=0 0.0s
[2026-09-17T16:54:21Z] ch_n44_m2_t2_k22_low_B_ran_s20260913101_d0 single-level: D3 completed rows=1980 cols=14235 rank=1980 defic=12255; D4 completed rows=43604 cols=149986 rank=42272 defic=107714
[2026-09-17T16:54:24Z] ch_n44_m2_t2_k22_ran_B_equ_s20260913101_d0 count: solutions=0 3.1s
[2026-09-17T16:54:24Z] ch_n44_m2_t2_k22_ran_B_equ_s20260913101_d0 F4: unreached_declared d_F4_semaev=None naive=None quot=None rounds=0 0.0s
[2026-09-17T16:55:45Z] ch_n44_m2_t2_k22_ran_B_equ_s20260913101_d0 single-level: D3 completed rows=1980 cols=14235 rank=1979 defic=12256; D4 completed rows=43604 cols=149986 rank=42526 defic=107460
[2026-09-17T16:55:48Z] ch_n44_m2_t2_k22_ran_B_ran_s20260913101_d0 count: solutions=4 3.3s
[2026-09-17T16:55:48Z] ch_n44_m2_t2_k22_ran_B_ran_s20260913101_d0 F4: unreached_declared d_F4_semaev=None naive=None quot=None rounds=0 0.0s
[2026-09-17T16:57:09Z] ch_n44_m2_t2_k22_ran_B_ran_s20260913101_d0 single-level: D3 completed rows=1980 cols=14235 rank=1979 defic=12256; D4 completed rows=43604 cols=149986 rank=42526 defic=107460
[2026-09-17T16:57:16Z] ch_n45_m2_t2_k23_low_B_equ_s20260913101_d0 count: solutions=0 7.2s
[2026-09-17T16:57:16Z] ch_n45_m2_t2_k23_low_B_equ_s20260913101_d0 F4: unreached_declared d_F4_semaev=None naive=None quot=None rounds=0 0.0s
[2026-09-17T17:00:45Z] ch_n45_m2_t2_k23_low_B_equ_s20260913101_d0 single-level: D3 completed rows=2115 cols=16262 rank=2113 defic=14149; D4 completed rows=48690 cols=179447 rank=47391 defic=132056
[2026-09-17T17:00:53Z] ch_n45_m2_t2_k23_low_B_ran_s20260913101_d0 count: solutions=2 8.0s
[2026-09-17T17:00:53Z] ch_n45_m2_t2_k23_low_B_ran_s20260913101_d0 F4: unreached_declared d_F4_semaev=None naive=None quot=None rounds=0 0.0s
[2026-09-17T17:03:54Z] ch_n45_m2_t2_k23_low_B_ran_s20260913101_d0 single-level: D3 completed rows=2115 cols=16262 rank=2114 defic=14148; D4 completed rows=48690 cols=179447 rank=47391 defic=132056
[2026-09-17T17:03:59Z] ch_n45_m2_t2_k23_ran_B_equ_s20260913101_d0 count: solutions=4 5.4s
[2026-09-17T17:03:59Z] ch_n45_m2_t2_k23_ran_B_equ_s20260913101_d0 F4: unreached_declared d_F4_semaev=None naive=None quot=None rounds=0 0.0s
[2026-09-17T17:05:24Z] ch_n45_m2_t2_k23_ran_B_equ_s20260913101_d0 single-level: D3 completed rows=2115 cols=16262 rank=2114 defic=14148; D4 completed rows=48690 cols=179447 rank=47565 defic=131882
[2026-09-17T17:05:30Z] ch_n45_m2_t2_k23_ran_B_ran_s20260913101_d0 count: solutions=4 5.4s
[2026-09-17T17:05:30Z] ch_n45_m2_t2_k23_ran_B_ran_s20260913101_d0 F4: unreached_declared d_F4_semaev=None naive=None quot=None rounds=0 0.0s
[2026-09-17T17:07:12Z] ch_n45_m2_t2_k23_ran_B_ran_s20260913101_d0 single-level: D3 completed rows=2115 cols=16262 rank=2114 defic=14148; D4 completed rows=48690 cols=179447 rank=47565 defic=131882
[2026-09-17T17:07:12Z] ch_n17_m3_t3_k6_low_B_equ_s20260913101_d0 F4: unreached_declared d_F4_semaev=None naive=None quot=None rounds=0 0.0s
[2026-09-17T17:07:13Z] ch_n17_m3_t3_k6_low_B_equ_s20260913101_d0 single-level: D3 completed rows=629 cols=7176 rank=628 defic=6548; D4 completed rows=11339 cols=59536 rank=11140 defic=48396
[2026-09-17T17:07:13Z] ch_n17_m3_t3_k6_low_B_ran_s20260913101_d0 F4: unreached_declared d_F4_semaev=None naive=None quot=None rounds=0 0.0s
[2026-09-17T17:07:14Z] ch_n17_m3_t3_k6_low_B_ran_s20260913101_d0 single-level: D3 completed rows=629 cols=7176 rank=628 defic=6548; D4 completed rows=11339 cols=59536 rank=11140 defic=48396
[2026-09-17T17:07:14Z] ch_n17_m3_t3_k6_ran_B_equ_s20260913101_d0 F4: unreached_declared d_F4_semaev=None naive=None quot=None rounds=0 0.0s
[2026-09-17T17:07:15Z] ch_n17_m3_t3_k6_ran_B_equ_s20260913101_d0 single-level: D3 completed rows=629 cols=7176 rank=628 defic=6548; D4 completed rows=11339 cols=59536 rank=11140 defic=48396
[2026-09-17T17:07:15Z] ch_n17_m3_t3_k6_ran_B_ran_s20260913101_d0 F4: unreached_declared d_F4_semaev=None naive=None quot=None rounds=0 0.0s
[2026-09-17T17:07:16Z] ch_n17_m3_t3_k6_ran_B_ran_s20260913101_d0 single-level: D3 completed rows=629 cols=7176 rank=628 defic=6548; D4 completed rows=11339 cols=59536 rank=11140 defic=48396
[2026-09-17T17:07:16Z] ch_n17_m3_t3_k7_low_B_equ_s20260913101_d0 F4: unreached_declared d_F4_semaev=None naive=None quot=None rounds=0 0.0s
[2026-09-17T17:07:18Z] ch_n17_m3_t3_k7_low_B_equ_s20260913101_d0 single-level: D3 completed rows=680 cols=9178 rank=679 defic=8499; D4 completed rows=13277 cols=82993 rank=13076 defic=69917
[2026-09-17T17:07:18Z] ch_n17_m3_t3_k7_low_B_ran_s20260913101_d0 F4: unreached_declared d_F4_semaev=None naive=None quot=None rounds=0 0.0s
[2026-09-17T17:07:20Z] ch_n17_m3_t3_k7_low_B_ran_s20260913101_d0 single-level: D3 completed rows=680 cols=9178 rank=679 defic=8499; D4 completed rows=13277 cols=82993 rank=13076 defic=69917
[2026-09-17T17:07:20Z] ch_n17_m3_t3_k7_ran_B_equ_s20260913101_d0 F4: unreached_declared d_F4_semaev=None naive=None quot=None rounds=0 0.0s
[2026-09-17T17:07:22Z] ch_n17_m3_t3_k7_ran_B_equ_s20260913101_d0 single-level: D3 completed rows=680 cols=9178 rank=679 defic=8499; D4 completed rows=13277 cols=82993 rank=13076 defic=69917
[2026-09-17T17:07:22Z] ch_n17_m3_t3_k7_ran_B_ran_s20260913101_d0 F4: unreached_declared d_F4_semaev=None naive=None quot=None rounds=0 0.0s
[2026-09-17T17:07:25Z] ch_n17_m3_t3_k7_ran_B_ran_s20260913101_d0 single-level: D3 completed rows=680 cols=9178 rank=679 defic=8499; D4 completed rows=13277 cols=82993 rank=13076 defic=69917
[2026-09-17T17:07:25Z] ch_n17_m3_t3_k8_low_B_equ_s20260913101_d0 F4: unreached_declared d_F4_semaev=None naive=None quot=None rounds=0 0.0s
[2026-09-17T17:07:29Z] ch_n17_m3_t3_k8_low_B_equ_s20260913101_d0 single-level: D3 completed rows=731 cols=11522 rank=730 defic=10792; D4 completed rows=15368 cols=112792 rank=15165 defic=97627
[2026-09-17T17:07:29Z] ch_n17_m3_t3_k8_low_B_ran_s20260913101_d0 F4: unreached_declared d_F4_semaev=None naive=None quot=None rounds=0 0.0s
[2026-09-17T17:07:32Z] ch_n17_m3_t3_k8_low_B_ran_s20260913101_d0 single-level: D3 completed rows=731 cols=11522 rank=730 defic=10792; D4 completed rows=15368 cols=112792 rank=15165 defic=97627
[2026-09-17T17:07:32Z] ch_n17_m3_t3_k8_ran_B_equ_s20260913101_d0 F4: unreached_declared d_F4_semaev=None naive=None quot=None rounds=0 0.0s
[2026-09-17T17:07:35Z] ch_n17_m3_t3_k8_ran_B_equ_s20260913101_d0 single-level: D3 completed rows=731 cols=11522 rank=730 defic=10792; D4 completed rows=15368 cols=112792 rank=15165 defic=97627
[2026-09-17T17:07:35Z] ch_n17_m3_t3_k8_ran_B_ran_s20260913101_d0 F4: unreached_declared d_F4_semaev=None naive=None quot=None rounds=0 0.0s
[2026-09-17T17:07:38Z] ch_n17_m3_t3_k8_ran_B_ran_s20260913101_d0 single-level: D3 completed rows=731 cols=11522 rank=730 defic=10792; D4 completed rows=15368 cols=112792 rank=15165 defic=97627
[2026-09-17T17:07:38Z] ch_n17_m3_t3_k9_low_B_equ_s20260913101_d0 F4: unreached_declared d_F4_semaev=None naive=None quot=None rounds=0 0.0s
[2026-09-17T17:07:43Z] ch_n17_m3_t3_k9_low_B_equ_s20260913101_d0 single-level: D3 completed rows=782 cols=14235 rank=781 defic=13454; D4 completed rows=17612 cols=149986 rank=17407 defic=132579
[2026-09-17T17:07:43Z] ch_n17_m3_t3_k9_low_B_ran_s20260913101_d0 F4: unreached_declared d_F4_semaev=None naive=None quot=None rounds=0 0.0s
[2026-09-17T17:07:48Z] ch_n17_m3_t3_k9_low_B_ran_s20260913101_d0 single-level: D3 completed rows=782 cols=14235 rank=781 defic=13454; D4 completed rows=17612 cols=149986 rank=17407 defic=132579
[2026-09-17T17:07:48Z] ch_n17_m3_t3_k9_ran_B_equ_s20260913101_d0 F4: unreached_declared d_F4_semaev=None naive=None quot=None rounds=0 0.0s
[2026-09-17T17:07:53Z] ch_n17_m3_t3_k9_ran_B_equ_s20260913101_d0 single-level: D3 completed rows=782 cols=14235 rank=781 defic=13454; D4 completed rows=17612 cols=149986 rank=17407 defic=132579
[2026-09-17T17:07:53Z] ch_n17_m3_t3_k9_ran_B_ran_s20260913101_d0 F4: unreached_declared d_F4_semaev=None naive=None quot=None rounds=0 0.0s
[2026-09-17T17:07:57Z] ch_n17_m3_t3_k9_ran_B_ran_s20260913101_d0 single-level: D3 completed rows=782 cols=14235 rank=781 defic=13454; D4 completed rows=17612 cols=149986 rank=17407 defic=132579
[2026-09-17T17:07:57Z] ch_n19_m3_t3_k7_low_B_equ_s20260913101_d0 F4: unreached_declared d_F4_semaev=None naive=None quot=None rounds=0 0.0s
[2026-09-17T17:08:00Z] ch_n19_m3_t3_k7_low_B_equ_s20260913101_d0 single-level: D3 completed rows=798 cols=10701 rank=797 defic=9904; D4 completed rows=16378 cols=102091 rank=16136 defic=85955
[2026-09-17T17:08:00Z] ch_n19_m3_t3_k7_low_B_ran_s20260913101_d0 F4: unreached_declared d_F4_semaev=None naive=None quot=None rounds=0 0.0s
[2026-09-17T17:08:04Z] ch_n19_m3_t3_k7_low_B_ran_s20260913101_d0 single-level: D3 completed rows=798 cols=10701 rank=797 defic=9904; D4 completed rows=16378 cols=102091 rank=16136 defic=85955
[2026-09-17T17:08:04Z] ch_n19_m3_t3_k7_ran_B_equ_s20260913101_d0 F4: unreached_declared d_F4_semaev=None naive=None quot=None rounds=0 0.0s
[2026-09-17T17:08:07Z] ch_n19_m3_t3_k7_ran_B_equ_s20260913101_d0 single-level: D3 completed rows=798 cols=10701 rank=797 defic=9904; D4 completed rows=16378 cols=102091 rank=16136 defic=85955
[2026-09-17T17:08:07Z] ch_n19_m3_t3_k7_ran_B_ran_s20260913101_d0 F4: unreached_declared d_F4_semaev=None naive=None quot=None rounds=0 0.0s
[2026-09-17T17:08:09Z] ch_n19_m3_t3_k7_ran_B_ran_s20260913101_d0 single-level: D3 completed rows=798 cols=10701 rank=797 defic=9904; D4 completed rows=16378 cols=102091 rank=16136 defic=85955
[2026-09-17T17:08:09Z] ch_n19_m3_t3_k8_low_B_equ_s20260913101_d0 F4: unreached_declared d_F4_semaev=None naive=None quot=None rounds=0 0.0s
[2026-09-17T17:08:14Z] ch_n19_m3_t3_k8_low_B_equ_s20260913101_d0 single-level: D3 completed rows=855 cols=13288 rank=854 defic=12434; D4 completed rows=18829 cols=136698 rank=18585 defic=118113
[2026-09-17T17:08:14Z] ch_n19_m3_t3_k8_low_B_ran_s20260913101_d0 F4: unreached_declared d_F4_semaev=None naive=None quot=None rounds=0 0.0s
[2026-09-17T17:08:18Z] ch_n19_m3_t3_k8_low_B_ran_s20260913101_d0 single-level: D3 completed rows=855 cols=13288 rank=854 defic=12434; D4 completed rows=18829 cols=136698 rank=18585 defic=118113
[2026-09-17T17:08:18Z] ch_n19_m3_t3_k8_ran_B_equ_s20260913101_d0 F4: unreached_declared d_F4_semaev=None naive=None quot=None rounds=0 0.0s
[2026-09-17T17:08:23Z] ch_n19_m3_t3_k8_ran_B_equ_s20260913101_d0 single-level: D3 completed rows=855 cols=13288 rank=854 defic=12434; D4 completed rows=18829 cols=136698 rank=18585 defic=118113
[2026-09-17T17:08:23Z] ch_n19_m3_t3_k8_ran_B_ran_s20260913101_d0 F4: unreached_declared d_F4_semaev=None naive=None quot=None rounds=0 0.0s
[2026-09-17T17:08:31Z] ch_n19_m3_t3_k8_ran_B_ran_s20260913101_d0 single-level: D3 completed rows=855 cols=13288 rank=854 defic=12434; D4 completed rows=18829 cols=136698 rank=18585 defic=118113
[2026-09-17T17:08:31Z] ch_n19_m3_t3_k9_low_B_equ_s20260913101_d0 F4: unreached_declared d_F4_semaev=None naive=None quot=None rounds=0 0.0s
[2026-09-17T17:08:40Z] ch_n19_m3_t3_k9_low_B_equ_s20260913101_d0 single-level: D3 completed rows=912 cols=16262 rank=911 defic=15351; D4 completed rows=21451 cols=179447 rank=21205 defic=158242
[2026-09-17T17:08:40Z] ch_n19_m3_t3_k9_low_B_ran_s20260913101_d0 F4: unreached_declared d_F4_semaev=None naive=None quot=None rounds=0 0.0s
[2026-09-17T17:08:50Z] ch_n19_m3_t3_k9_low_B_ran_s20260913101_d0 single-level: D3 completed rows=912 cols=16262 rank=911 defic=15351; D4 completed rows=21451 cols=179447 rank=21205 defic=158242
[2026-09-17T17:08:50Z] ch_n19_m3_t3_k9_ran_B_equ_s20260913101_d0 F4: unreached_declared d_F4_semaev=None naive=None quot=None rounds=0 0.0s
[2026-09-17T17:08:59Z] ch_n19_m3_t3_k9_ran_B_equ_s20260913101_d0 single-level: D3 completed rows=912 cols=16262 rank=911 defic=15351; D4 completed rows=21451 cols=179447 rank=21205 defic=158242
[2026-09-17T17:08:59Z] ch_n19_m3_t3_k9_ran_B_ran_s20260913101_d0 F4: unreached_declared d_F4_semaev=None naive=None quot=None rounds=0 0.0s
[2026-09-17T17:09:08Z] ch_n19_m3_t3_k9_ran_B_ran_s20260913101_d0 single-level: D3 completed rows=912 cols=16262 rank=911 defic=15351; D4 completed rows=21451 cols=179447 rank=21205 defic=158242
[2026-09-17T17:09:08Z] ch_n19_m3_t3_k10_low_B_equ_s20260913101_d0 F4: unreached_declared d_F4_semaev=None naive=None quot=None rounds=0 0.0s
[2026-09-17T17:09:21Z] ch_n19_m3_t3_k10_low_B_equ_s20260913101_d0 single-level: D3 completed rows=969 cols=19650 rank=968 defic=18682; D4 completed rows=24244 cols=231526 rank=23996 defic=207530
[2026-09-17T17:09:21Z] ch_n19_m3_t3_k10_low_B_ran_s20260913101_d0 F4: unreached_declared d_F4_semaev=None naive=None quot=None rounds=0 0.0s
[2026-09-17T17:09:34Z] ch_n19_m3_t3_k10_low_B_ran_s20260913101_d0 single-level: D3 completed rows=969 cols=19650 rank=968 defic=18682; D4 completed rows=24244 cols=231526 rank=23996 defic=207530
[2026-09-17T17:09:34Z] ch_n19_m3_t3_k10_ran_B_equ_s20260913101_d0 F4: unreached_declared d_F4_semaev=None naive=None quot=None rounds=0 0.0s
[2026-09-17T17:09:50Z] ch_n19_m3_t3_k10_ran_B_equ_s20260913101_d0 single-level: D3 completed rows=969 cols=19650 rank=968 defic=18682; D4 completed rows=24244 cols=231526 rank=23996 defic=207530
[2026-09-17T17:09:50Z] ch_n19_m3_t3_k10_ran_B_ran_s20260913101_d0 F4: unreached_declared d_F4_semaev=None naive=None quot=None rounds=0 0.0s
[2026-09-17T17:10:03Z] ch_n19_m3_t3_k10_ran_B_ran_s20260913101_d0 single-level: D3 completed rows=969 cols=19650 rank=968 defic=18682; D4 completed rows=24244 cols=231526 rank=23996 defic=207530
[2026-09-17T17:10:03Z] ch_n21_m3_t3_k7_low_B_equ_s20260913101_d0 F4: unreached_declared d_F4_semaev=None naive=None quot=None rounds=0 0.0s
[2026-09-17T17:10:08Z] ch_n21_m3_t3_k7_low_B_equ_s20260913101_d0 single-level: D3 completed rows=924 cols=12384 rank=923 defic=11461; D4 completed rows=19887 cols=124314 rank=19600 defic=104714
[2026-09-17T17:10:08Z] ch_n21_m3_t3_k7_low_B_ran_s20260913101_d0 F4: unreached_declared d_F4_semaev=None naive=None quot=None rounds=0 0.0s
[2026-09-17T17:10:13Z] ch_n21_m3_t3_k7_low_B_ran_s20260913101_d0 single-level: D3 completed rows=924 cols=12384 rank=923 defic=11461; D4 completed rows=19887 cols=124314 rank=19600 defic=104714
[2026-09-17T17:10:13Z] ch_n21_m3_t3_k7_ran_B_equ_s20260913101_d0 F4: unreached_declared d_F4_semaev=None naive=None quot=None rounds=0 0.0s
[2026-09-17T17:10:19Z] ch_n21_m3_t3_k7_ran_B_equ_s20260913101_d0 single-level: D3 completed rows=924 cols=12384 rank=923 defic=11461; D4 completed rows=19887 cols=124314 rank=19600 defic=104714
[2026-09-17T17:10:19Z] ch_n21_m3_t3_k7_ran_B_ran_s20260913101_d0 F4: unreached_declared d_F4_semaev=None naive=None quot=None rounds=0 0.0s
[2026-09-17T17:10:24Z] ch_n21_m3_t3_k7_ran_B_ran_s20260913101_d0 single-level: D3 completed rows=924 cols=12384 rank=923 defic=11461; D4 completed rows=19887 cols=124314 rank=19600 defic=104714
[2026-09-17T17:10:24Z] ch_n21_m3_t3_k8_low_B_equ_s20260913101_d0 F4: unreached_declared d_F4_semaev=None naive=None quot=None rounds=0 0.0s
[2026-09-17T17:10:36Z] ch_n21_m3_t3_k8_low_B_equ_s20260913101_d0 single-level: D3 completed rows=987 cols=15226 rank=986 defic=14240; D4 completed rows=22722 cols=164221 rank=22433 defic=141788
[2026-09-17T17:10:36Z] ch_n21_m3_t3_k8_low_B_ran_s20260913101_d0 F4: unreached_declared d_F4_semaev=None naive=None quot=None rounds=0 0.0s
[2026-09-17T17:10:47Z] ch_n21_m3_t3_k8_low_B_ran_s20260913101_d0 single-level: D3 completed rows=987 cols=15226 rank=986 defic=14240; D4 completed rows=22722 cols=164221 rank=22433 defic=141788
[2026-09-17T17:10:47Z] ch_n21_m3_t3_k8_ran_B_equ_s20260913101_d0 F4: unreached_declared d_F4_semaev=None naive=None quot=None rounds=0 0.0s
[2026-09-17T17:10:59Z] ch_n21_m3_t3_k8_ran_B_equ_s20260913101_d0 single-level: D3 completed rows=987 cols=15226 rank=986 defic=14240; D4 completed rows=22722 cols=164221 rank=22433 defic=141788
[2026-09-17T17:11:00Z] ch_n21_m3_t3_k8_ran_B_ran_s20260913101_d0 F4: unreached_declared d_F4_semaev=None naive=None quot=None rounds=0 0.0s
[2026-09-17T17:11:09Z] ch_n21_m3_t3_k8_ran_B_ran_s20260913101_d0 single-level: D3 completed rows=987 cols=15226 rank=986 defic=14240; D4 completed rows=22722 cols=164221 rank=22433 defic=141788
[2026-09-17T17:11:09Z] ch_n21_m3_t3_k9_low_B_equ_s20260913101_d0 F4: unreached_declared d_F4_semaev=None naive=None quot=None rounds=0 0.0s
[2026-09-17T17:11:27Z] ch_n21_m3_t3_k9_low_B_equ_s20260913101_d0 single-level: D3 completed rows=1050 cols=18473 rank=1049 defic=17424; D4 completed rows=25746 cols=213053 rank=25455 defic=187598
[2026-09-17T17:11:27Z] ch_n21_m3_t3_k9_low_B_ran_s20260913101_d0 F4: unreached_declared d_F4_semaev=None naive=None quot=None rounds=0 0.0s
[2026-09-17T17:11:44Z] ch_n21_m3_t3_k9_low_B_ran_s20260913101_d0 single-level: D3 completed rows=1050 cols=18473 rank=1049 defic=17424; D4 completed rows=25746 cols=213053 rank=25455 defic=187598
[2026-09-17T17:11:44Z] ch_n21_m3_t3_k9_ran_B_equ_s20260913101_d0 F4: unreached_declared d_F4_semaev=None naive=None quot=None rounds=0 0.0s
[2026-09-17T17:12:02Z] ch_n21_m3_t3_k9_ran_B_equ_s20260913101_d0 single-level: D3 completed rows=1050 cols=18473 rank=1049 defic=17424; D4 completed rows=25746 cols=213053 rank=25455 defic=187598
[2026-09-17T17:12:02Z] ch_n21_m3_t3_k9_ran_B_ran_s20260913101_d0 F4: unreached_declared d_F4_semaev=None naive=None quot=None rounds=0 0.0s
[2026-09-17T17:12:21Z] ch_n21_m3_t3_k9_ran_B_ran_s20260913101_d0 single-level: D3 completed rows=1050 cols=18473 rank=1049 defic=17424; D4 completed rows=25746 cols=213053 rank=25455 defic=187598
[2026-09-17T17:12:21Z] ch_n21_m3_t3_k10_low_B_equ_s20260913101_d0 F4: unreached_declared d_F4_semaev=None naive=None quot=None rounds=0 0.0s
[2026-09-17T17:12:48Z] ch_n21_m3_t3_k10_low_B_equ_s20260913101_d0 single-level: D3 completed rows=1113 cols=22152 rank=1112 defic=21040; D4 completed rows=28959 cols=272052 rank=28666 defic=243386
[2026-09-17T17:12:48Z] ch_n21_m3_t3_k10_low_B_ran_s20260913101_d0 F4: unreached_declared d_F4_semaev=None naive=None quot=None rounds=0 0.0s
[2026-09-17T17:13:14Z] ch_n21_m3_t3_k10_low_B_ran_s20260913101_d0 single-level: D3 completed rows=1113 cols=22152 rank=1112 defic=21040; D4 completed rows=28959 cols=272052 rank=28666 defic=243386
[2026-09-17T17:13:14Z] ch_n21_m3_t3_k10_ran_B_equ_s20260913101_d0 F4: unreached_declared d_F4_semaev=None naive=None quot=None rounds=0 0.0s
[2026-09-17T17:13:40Z] ch_n21_m3_t3_k10_ran_B_equ_s20260913101_d0 single-level: D3 completed rows=1113 cols=22152 rank=1112 defic=21040; D4 completed rows=28959 cols=272052 rank=28666 defic=243386
[2026-09-17T17:13:40Z] ch_n21_m3_t3_k10_ran_B_ran_s20260913101_d0 F4: unreached_declared d_F4_semaev=None naive=None quot=None rounds=0 0.0s
[2026-09-17T17:14:06Z] ch_n21_m3_t3_k10_ran_B_ran_s20260913101_d0 single-level: D3 completed rows=1113 cols=22152 rank=1112 defic=21040; D4 completed rows=28959 cols=272052 rank=28666 defic=243386
[2026-09-17T17:14:06Z] ch_n13_m4_t4_k4_low_B_equ_s20260913101_d0 F4: unreached_declared d_F4_semaev=None naive=None quot=None rounds=0 0.0s
[2026-09-17T17:14:09Z] ch_n13_m4_t4_k4_low_B_equ_s20260913101_d0 single-level: D3 completed rows=585 cols=12384 rank=584 defic=11800; D4 completed rows=12870 cols=124314 rank=12728 defic=111586
[2026-09-17T17:14:09Z] ch_n13_m4_t4_k4_low_B_ran_s20260913101_d0 F4: unreached_declared d_F4_semaev=None naive=None quot=None rounds=0 0.0s
[2026-09-17T17:14:12Z] ch_n13_m4_t4_k4_low_B_ran_s20260913101_d0 single-level: D3 completed rows=585 cols=12384 rank=584 defic=11800; D4 completed rows=12870 cols=124314 rank=12728 defic=111586
[2026-09-17T17:14:12Z] ch_n13_m4_t4_k4_ran_B_equ_s20260913101_d0 F4: unreached_declared d_F4_semaev=None naive=None quot=None rounds=0 0.0s
[2026-09-17T17:14:14Z] ch_n13_m4_t4_k4_ran_B_equ_s20260913101_d0 single-level: D3 completed rows=585 cols=12384 rank=584 defic=11800; D4 completed rows=12870 cols=124314 rank=12728 defic=111586
[2026-09-17T17:14:14Z] ch_n13_m4_t4_k4_ran_B_ran_s20260913101_d0 F4: unreached_declared d_F4_semaev=None naive=None quot=None rounds=0 0.0s
[2026-09-17T17:14:17Z] ch_n13_m4_t4_k4_ran_B_ran_s20260913101_d0 single-level: D3 completed rows=585 cols=12384 rank=584 defic=11800; D4 completed rows=12870 cols=124314 rank=12728 defic=111586
[2026-09-17T17:14:17Z] ch_n13_m4_t4_k5_low_B_equ_s20260913101_d0 F4: unreached_declared d_F4_semaev=None naive=None quot=None rounds=0 0.0s
[2026-09-17T17:14:23Z] ch_n13_m4_t4_k5_low_B_equ_s20260913101_d0 single-level: D3 completed rows=637 cols=16262 rank=636 defic=15626; D4 completed rows=15288 cols=179447 rank=15143 defic=164304
[2026-09-17T17:14:24Z] ch_n13_m4_t4_k5_low_B_ran_s20260913101_d0 F4: unreached_declared d_F4_semaev=None naive=None quot=None rounds=0 0.0s
[2026-09-17T17:14:31Z] ch_n13_m4_t4_k5_low_B_ran_s20260913101_d0 single-level: D3 completed rows=637 cols=16262 rank=636 defic=15626; D4 completed rows=15288 cols=179447 rank=15143 defic=164304
[2026-09-17T17:14:31Z] ch_n13_m4_t4_k5_ran_B_equ_s20260913101_d0 F4: unreached_declared d_F4_semaev=None naive=None quot=None rounds=0 0.0s
[2026-09-17T17:14:37Z] ch_n13_m4_t4_k5_ran_B_equ_s20260913101_d0 single-level: D3 completed rows=637 cols=16262 rank=636 defic=15626; D4 completed rows=15288 cols=179447 rank=15143 defic=164304
[2026-09-17T17:14:37Z] ch_n13_m4_t4_k5_ran_B_ran_s20260913101_d0 F4: unreached_declared d_F4_semaev=None naive=None quot=None rounds=0 0.0s
[2026-09-17T17:14:45Z] ch_n13_m4_t4_k5_ran_B_ran_s20260913101_d0 single-level: D3 completed rows=637 cols=16262 rank=636 defic=15626; D4 completed rows=15288 cols=179447 rank=15143 defic=164304
[2026-09-17T17:14:45Z] ch_n13_m4_t4_k6_low_B_equ_s20260913101_d0 F4: unreached_declared d_F4_semaev=None naive=None quot=None rounds=0 0.0s
[2026-09-17T17:14:59Z] ch_n13_m4_t4_k6_low_B_equ_s20260913101_d0 single-level: D3 completed rows=689 cols=20876 rank=688 defic=20188; D4 completed rows=17914 cols=251176 rank=17766 defic=233410
[2026-09-17T17:14:59Z] ch_n13_m4_t4_k6_low_B_ran_s20260913101_d0 F4: unreached_declared d_F4_semaev=None naive=None quot=None rounds=0 0.0s
[2026-09-17T17:15:16Z] ch_n13_m4_t4_k6_low_B_ran_s20260913101_d0 single-level: D3 completed rows=689 cols=20876 rank=688 defic=20188; D4 completed rows=17914 cols=251176 rank=17766 defic=233410
[2026-09-17T17:15:16Z] ch_n13_m4_t4_k6_ran_B_equ_s20260913101_d0 F4: unreached_declared d_F4_semaev=None naive=None quot=None rounds=0 0.0s
[2026-09-17T17:15:32Z] ch_n13_m4_t4_k6_ran_B_equ_s20260913101_d0 single-level: D3 completed rows=689 cols=20876 rank=688 defic=20188; D4 completed rows=17914 cols=251176 rank=17766 defic=233410
[2026-09-17T17:15:32Z] ch_n13_m4_t4_k6_ran_B_ran_s20260913101_d0 F4: unreached_declared d_F4_semaev=None naive=None quot=None rounds=0 0.0s
[2026-09-17T17:15:44Z] ch_n13_m4_t4_k6_ran_B_ran_s20260913101_d0 single-level: D3 completed rows=689 cols=20876 rank=688 defic=20188; D4 completed rows=17914 cols=251176 rank=17766 defic=233410
[2026-09-17T17:15:44Z] ch_n12_m6_t6_k2_low_B_equ_s20260913101_d0 F4: unreached_declared d_F4_semaev=None naive=None quot=None rounds=0 0.0s
[2026-09-17T17:16:18Z] ch_n12_m6_t6_k2_low_B_equ_s20260913101_d0 single-level: D3 completed rows=780 cols=36051 rank=779 defic=35272; D4 completed rows=24900 cols=523686 rank=24555 defic=499131
[2026-09-17T17:16:18Z] ch_n12_m6_t6_k2_low_B_ran_s20260913101_d0 F4: unreached_declared d_F4_semaev=None naive=None quot=None rounds=0 0.0s
[2026-09-17T17:16:53Z] ch_n12_m6_t6_k2_low_B_ran_s20260913101_d0 single-level: D3 completed rows=780 cols=36051 rank=779 defic=35272; D4 completed rows=24900 cols=523686 rank=24555 defic=499131
[2026-09-17T17:16:53Z] ch_n12_m6_t6_k2_ran_B_equ_s20260913101_d0 F4: unreached_declared d_F4_semaev=None naive=None quot=None rounds=0 0.0s
[2026-09-17T17:17:27Z] ch_n12_m6_t6_k2_ran_B_equ_s20260913101_d0 single-level: D3 completed rows=780 cols=36051 rank=779 defic=35272; D4 completed rows=24900 cols=523686 rank=24553 defic=499133
[2026-09-17T17:17:27Z] ch_n12_m6_t6_k2_ran_B_ran_s20260913101_d0 F4: unreached_declared d_F4_semaev=None naive=None quot=None rounds=0 0.0s
[2026-09-17T17:18:02Z] ch_n12_m6_t6_k2_ran_B_ran_s20260913101_d0 single-level: D3 completed rows=780 cols=36051 rank=779 defic=35272; D4 completed rows=24900 cols=523686 rank=24555 defic=499131
[2026-09-17T17:18:02Z] ch_n12_m6_t6_k3_low_B_equ_s20260913101_d0 F4: unreached_declared d_F4_semaev=None naive=None quot=None rounds=0 0.0s
===== light_controls =====
[2026-09-17T16:38:03Z] start out_dir=/home/user/crypto-autoresearcher/experiments/EXP-SEMBIN-7e1371/runs/RUN-SEMBIN-9bb990/light_controls/cells groups=sweep_n17,sweep_n19,sweep_n21 cells= families=single_eq4 draws=1 caps: wall=3600.0 mem=6.0 closure_mem=1.5
[2026-09-17T16:38:03Z] e4_n17_m3_t3_k6_low_B_equ_s20260913101_d0 F4: unreached_declared d_F4_semaev=None naive=None quot=None rounds=0 0.0s
[2026-09-17T16:38:03Z] e4_n17_m3_t3_k6_low_B_equ_s20260913101_d0 single-level: D3 empty_block rows=0 cols=988 rank=0 defic=988; D4 empty_block rows=0 cols=4048 rank=0 defic=4048
[2026-09-17T16:38:04Z] e4_n17_m3_t3_k6_low_B_ran_s20260913101_d0 F4: unreached_declared d_F4_semaev=None naive=None quot=None rounds=0 0.0s
[2026-09-17T16:38:04Z] e4_n17_m3_t3_k6_low_B_ran_s20260913101_d0 single-level: D3 empty_block rows=0 cols=988 rank=0 defic=988; D4 empty_block rows=0 cols=4048 rank=0 defic=4048
[2026-09-17T16:38:04Z] e4_n17_m3_t3_k6_ran_B_equ_s20260913101_d0 F4: unreached_declared d_F4_semaev=None naive=None quot=None rounds=0 0.0s
[2026-09-17T16:38:04Z] e4_n17_m3_t3_k6_ran_B_equ_s20260913101_d0 single-level: D3 empty_block rows=0 cols=988 rank=0 defic=988; D4 empty_block rows=0 cols=4048 rank=0 defic=4048
[2026-09-17T16:38:04Z] e4_n17_m3_t3_k6_ran_B_ran_s20260913101_d0 F4: unreached_declared d_F4_semaev=None naive=None quot=None rounds=0 0.0s
[2026-09-17T16:38:04Z] e4_n17_m3_t3_k6_ran_B_ran_s20260913101_d0 single-level: D3 empty_block rows=0 cols=988 rank=0 defic=988; D4 empty_block rows=0 cols=4048 rank=0 defic=4048
[2026-09-17T16:38:05Z] e4_n17_m3_t3_k7_low_B_equ_s20260913101_d0 F4: unreached_declared d_F4_semaev=None naive=None quot=None rounds=0 0.0s
[2026-09-17T16:38:05Z] e4_n17_m3_t3_k7_low_B_equ_s20260913101_d0 single-level: D3 empty_block rows=0 cols=1562 rank=0 defic=1562; D4 empty_block rows=0 cols=7547 rank=0 defic=7547
[2026-09-17T16:38:06Z] e4_n17_m3_t3_k7_low_B_ran_s20260913101_d0 F4: unreached_declared d_F4_semaev=None naive=None quot=None rounds=0 0.0s
[2026-09-17T16:38:06Z] e4_n17_m3_t3_k7_low_B_ran_s20260913101_d0 single-level: D3 empty_block rows=0 cols=1562 rank=0 defic=1562; D4 empty_block rows=0 cols=7547 rank=0 defic=7547
[2026-09-17T16:38:06Z] e4_n17_m3_t3_k7_ran_B_equ_s20260913101_d0 F4: unreached_declared d_F4_semaev=None naive=None quot=None rounds=0 0.0s
[2026-09-17T16:38:06Z] e4_n17_m3_t3_k7_ran_B_equ_s20260913101_d0 single-level: D3 empty_block rows=0 cols=1562 rank=0 defic=1562; D4 empty_block rows=0 cols=7547 rank=0 defic=7547
[2026-09-17T16:38:07Z] e4_n17_m3_t3_k7_ran_B_ran_s20260913101_d0 F4: unreached_declared d_F4_semaev=None naive=None quot=None rounds=0 0.0s
[2026-09-17T16:38:07Z] e4_n17_m3_t3_k7_ran_B_ran_s20260913101_d0 single-level: D3 empty_block rows=0 cols=1562 rank=0 defic=1562; D4 empty_block rows=0 cols=7547 rank=0 defic=7547
[2026-09-17T16:38:08Z] e4_n17_m3_t3_k8_low_B_equ_s20260913101_d0 F4: unreached_declared d_F4_semaev=None naive=None quot=None rounds=0 0.0s
[2026-09-17T16:38:08Z] e4_n17_m3_t3_k8_low_B_equ_s20260913101_d0 single-level: D3 empty_block rows=0 cols=2325 rank=0 defic=2325; D4 empty_block rows=0 cols=12951 rank=0 defic=12951
[2026-09-17T16:38:09Z] e4_n17_m3_t3_k8_low_B_ran_s20260913101_d0 F4: unreached_declared d_F4_semaev=None naive=None quot=None rounds=0 0.0s
[2026-09-17T16:38:09Z] e4_n17_m3_t3_k8_low_B_ran_s20260913101_d0 single-level: D3 empty_block rows=0 cols=2325 rank=0 defic=2325; D4 empty_block rows=0 cols=12951 rank=0 defic=12951
[2026-09-17T16:38:11Z] e4_n17_m3_t3_k8_ran_B_equ_s20260913101_d0 F4: unreached_declared d_F4_semaev=None naive=None quot=None rounds=0 0.0s
[2026-09-17T16:38:11Z] e4_n17_m3_t3_k8_ran_B_equ_s20260913101_d0 single-level: D3 empty_block rows=0 cols=2325 rank=0 defic=2325; D4 empty_block rows=0 cols=12951 rank=0 defic=12951
[2026-09-17T16:38:12Z] e4_n17_m3_t3_k8_ran_B_ran_s20260913101_d0 F4: unreached_declared d_F4_semaev=None naive=None quot=None rounds=0 0.0s
[2026-09-17T16:38:12Z] e4_n17_m3_t3_k8_ran_B_ran_s20260913101_d0 single-level: D3 empty_block rows=0 cols=2325 rank=0 defic=2325; D4 empty_block rows=0 cols=12951 rank=0 defic=12951
[2026-09-17T16:38:15Z] e4_n17_m3_t3_k9_low_B_equ_s20260913101_d0 F4: unreached_declared d_F4_semaev=None naive=None quot=None rounds=0 0.0s
[2026-09-17T16:38:15Z] e4_n17_m3_t3_k9_low_B_equ_s20260913101_d0 single-level: D3 empty_block rows=0 cols=3304 rank=0 defic=3304; D4 empty_block rows=0 cols=20854 rank=0 defic=20854
[2026-09-17T16:38:17Z] e4_n17_m3_t3_k9_low_B_ran_s20260913101_d0 F4: unreached_declared d_F4_semaev=None naive=None quot=None rounds=0 0.0s
[2026-09-17T16:38:17Z] e4_n17_m3_t3_k9_low_B_ran_s20260913101_d0 single-level: D3 empty_block rows=0 cols=3304 rank=0 defic=3304; D4 empty_block rows=0 cols=20854 rank=0 defic=20854
[2026-09-17T16:38:20Z] e4_n17_m3_t3_k9_ran_B_equ_s20260913101_d0 F4: unreached_declared d_F4_semaev=None naive=None quot=None rounds=0 0.0s
[2026-09-17T16:38:20Z] e4_n17_m3_t3_k9_ran_B_equ_s20260913101_d0 single-level: D3 empty_block rows=0 cols=3304 rank=0 defic=3304; D4 empty_block rows=0 cols=20854 rank=0 defic=20854
[2026-09-17T16:38:23Z] e4_n17_m3_t3_k9_ran_B_ran_s20260913101_d0 F4: unreached_declared d_F4_semaev=None naive=None quot=None rounds=0 0.0s
[2026-09-17T16:38:23Z] e4_n17_m3_t3_k9_ran_B_ran_s20260913101_d0 single-level: D3 empty_block rows=0 cols=3304 rank=0 defic=3304; D4 empty_block rows=0 cols=20854 rank=0 defic=20854
[2026-09-17T16:38:24Z] e4_n19_m3_t3_k7_low_B_equ_s20260913101_d0 F4: unreached_declared d_F4_semaev=None naive=None quot=None rounds=0 0.0s
[2026-09-17T16:38:24Z] e4_n19_m3_t3_k7_low_B_equ_s20260913101_d0 single-level: D3 empty_block rows=0 cols=1562 rank=0 defic=1562; D4 empty_block rows=0 cols=7547 rank=0 defic=7547
[2026-09-17T16:38:24Z] e4_n19_m3_t3_k7_low_B_ran_s20260913101_d0 F4: unreached_declared d_F4_semaev=None naive=None quot=None rounds=0 0.0s
[2026-09-17T16:38:24Z] e4_n19_m3_t3_k7_low_B_ran_s20260913101_d0 single-level: D3 empty_block rows=0 cols=1562 rank=0 defic=1562; D4 empty_block rows=0 cols=7547 rank=0 defic=7547
[2026-09-17T16:38:25Z] e4_n19_m3_t3_k7_ran_B_equ_s20260913101_d0 F4: unreached_declared d_F4_semaev=None naive=None quot=None rounds=0 0.0s
[2026-09-17T16:38:25Z] e4_n19_m3_t3_k7_ran_B_equ_s20260913101_d0 single-level: D3 empty_block rows=0 cols=1562 rank=0 defic=1562; D4 empty_block rows=0 cols=7547 rank=0 defic=7547
[2026-09-17T16:38:26Z] e4_n19_m3_t3_k7_ran_B_ran_s20260913101_d0 F4: unreached_declared d_F4_semaev=None naive=None quot=None rounds=0 0.0s
[2026-09-17T16:38:26Z] e4_n19_m3_t3_k7_ran_B_ran_s20260913101_d0 single-level: D3 empty_block rows=0 cols=1562 rank=0 defic=1562; D4 empty_block rows=0 cols=7547 rank=0 defic=7547
[2026-09-17T16:38:27Z] e4_n19_m3_t3_k8_low_B_equ_s20260913101_d0 F4: unreached_declared d_F4_semaev=None naive=None quot=None rounds=0 0.0s
[2026-09-17T16:38:27Z] e4_n19_m3_t3_k8_low_B_equ_s20260913101_d0 single-level: D3 empty_block rows=0 cols=2325 rank=0 defic=2325; D4 empty_block rows=0 cols=12951 rank=0 defic=12951
[2026-09-17T16:38:29Z] e4_n19_m3_t3_k8_low_B_ran_s20260913101_d0 F4: unreached_declared d_F4_semaev=None naive=None quot=None rounds=0 0.0s
[2026-09-17T16:38:29Z] e4_n19_m3_t3_k8_low_B_ran_s20260913101_d0 single-level: D3 empty_block rows=0 cols=2325 rank=0 defic=2325; D4 empty_block rows=0 cols=12951 rank=0 defic=12951
[2026-09-17T16:38:30Z] e4_n19_m3_t3_k8_ran_B_equ_s20260913101_d0 F4: unreached_declared d_F4_semaev=None naive=None quot=None rounds=0 0.0s
[2026-09-17T16:38:30Z] e4_n19_m3_t3_k8_ran_B_equ_s20260913101_d0 single-level: D3 empty_block rows=0 cols=2325 rank=0 defic=2325; D4 empty_block rows=0 cols=12951 rank=0 defic=12951
[2026-09-17T16:38:32Z] e4_n19_m3_t3_k8_ran_B_ran_s20260913101_d0 F4: unreached_declared d_F4_semaev=None naive=None quot=None rounds=0 0.0s
[2026-09-17T16:38:32Z] e4_n19_m3_t3_k8_ran_B_ran_s20260913101_d0 single-level: D3 empty_block rows=0 cols=2325 rank=0 defic=2325; D4 empty_block rows=0 cols=12951 rank=0 defic=12951
[2026-09-17T16:38:35Z] e4_n19_m3_t3_k9_low_B_equ_s20260913101_d0 F4: unreached_declared d_F4_semaev=None naive=None quot=None rounds=0 0.0s
[2026-09-17T16:38:35Z] e4_n19_m3_t3_k9_low_B_equ_s20260913101_d0 single-level: D3 empty_block rows=0 cols=3304 rank=0 defic=3304; D4 empty_block rows=0 cols=20854 rank=0 defic=20854
[2026-09-17T16:38:38Z] e4_n19_m3_t3_k9_low_B_ran_s20260913101_d0 F4: unreached_declared d_F4_semaev=None naive=None quot=None rounds=0 0.0s
[2026-09-17T16:38:38Z] e4_n19_m3_t3_k9_low_B_ran_s20260913101_d0 single-level: D3 empty_block rows=0 cols=3304 rank=0 defic=3304; D4 empty_block rows=0 cols=20854 rank=0 defic=20854
[2026-09-17T16:38:41Z] e4_n19_m3_t3_k9_ran_B_equ_s20260913101_d0 F4: unreached_declared d_F4_semaev=None naive=None quot=None rounds=0 0.0s
[2026-09-17T16:38:41Z] e4_n19_m3_t3_k9_ran_B_equ_s20260913101_d0 single-level: D3 empty_block rows=0 cols=3304 rank=0 defic=3304; D4 empty_block rows=0 cols=20854 rank=0 defic=20854
[2026-09-17T16:38:46Z] e4_n19_m3_t3_k9_ran_B_ran_s20260913101_d0 F4: unreached_declared d_F4_semaev=None naive=None quot=None rounds=0 0.0s
[2026-09-17T16:38:46Z] e4_n19_m3_t3_k9_ran_B_ran_s20260913101_d0 single-level: D3 empty_block rows=0 cols=3304 rank=0 defic=3304; D4 empty_block rows=0 cols=20854 rank=0 defic=20854
[2026-09-17T16:38:51Z] e4_n19_m3_t3_k10_low_B_equ_s20260913101_d0 F4: unreached_declared d_F4_semaev=None naive=None quot=None rounds=0 0.0s
[2026-09-17T16:38:51Z] e4_n19_m3_t3_k10_low_B_equ_s20260913101_d0 single-level: D3 empty_block rows=0 cols=4526 rank=0 defic=4526; D4 empty_block rows=0 cols=31931 rank=0 defic=31931
[2026-09-17T16:38:57Z] e4_n19_m3_t3_k10_low_B_ran_s20260913101_d0 F4: unreached_declared d_F4_semaev=None naive=None quot=None rounds=0 0.0s
[2026-09-17T16:38:57Z] e4_n19_m3_t3_k10_low_B_ran_s20260913101_d0 single-level: D3 empty_block rows=0 cols=4526 rank=0 defic=4526; D4 empty_block rows=0 cols=31931 rank=0 defic=31931
[2026-09-17T16:39:02Z] e4_n19_m3_t3_k10_ran_B_equ_s20260913101_d0 F4: unreached_declared d_F4_semaev=None naive=None quot=None rounds=0 0.0s
[2026-09-17T16:39:02Z] e4_n19_m3_t3_k10_ran_B_equ_s20260913101_d0 single-level: D3 empty_block rows=0 cols=4526 rank=0 defic=4526; D4 empty_block rows=0 cols=31931 rank=0 defic=31931
[2026-09-17T16:39:10Z] e4_n19_m3_t3_k10_ran_B_ran_s20260913101_d0 F4: unreached_declared d_F4_semaev=None naive=None quot=None rounds=0 0.0s
[2026-09-17T16:39:10Z] e4_n19_m3_t3_k10_ran_B_ran_s20260913101_d0 single-level: D3 empty_block rows=0 cols=4526 rank=0 defic=4526; D4 empty_block rows=0 cols=31931 rank=0 defic=31931
[2026-09-17T16:39:11Z] e4_n21_m3_t3_k7_low_B_equ_s20260913101_d0 F4: unreached_declared d_F4_semaev=None naive=None quot=None rounds=0 0.0s
[2026-09-17T16:39:11Z] e4_n21_m3_t3_k7_low_B_equ_s20260913101_d0 single-level: D3 empty_block rows=0 cols=1562 rank=0 defic=1562; D4 empty_block rows=0 cols=7547 rank=0 defic=7547
[2026-09-17T16:39:12Z] e4_n21_m3_t3_k7_low_B_ran_s20260913101_d0 F4: unreached_declared d_F4_semaev=None naive=None quot=None rounds=0 0.0s
[2026-09-17T16:39:12Z] e4_n21_m3_t3_k7_low_B_ran_s20260913101_d0 single-level: D3 empty_block rows=0 cols=1562 rank=0 defic=1562; D4 empty_block rows=0 cols=7547 rank=0 defic=7547
[2026-09-17T16:39:13Z] e4_n21_m3_t3_k7_ran_B_equ_s20260913101_d0 F4: unreached_declared d_F4_semaev=None naive=None quot=None rounds=0 0.0s
[2026-09-17T16:39:13Z] e4_n21_m3_t3_k7_ran_B_equ_s20260913101_d0 single-level: D3 empty_block rows=0 cols=1562 rank=0 defic=1562; D4 empty_block rows=0 cols=7547 rank=0 defic=7547
[2026-09-17T16:39:14Z] e4_n21_m3_t3_k7_ran_B_ran_s20260913101_d0 F4: unreached_declared d_F4_semaev=None naive=None quot=None rounds=0 0.0s
[2026-09-17T16:39:14Z] e4_n21_m3_t3_k7_ran_B_ran_s20260913101_d0 single-level: D3 empty_block rows=0 cols=1562 rank=0 defic=1562; D4 empty_block rows=0 cols=7547 rank=0 defic=7547
[2026-09-17T16:39:16Z] e4_n21_m3_t3_k8_low_B_equ_s20260913101_d0 F4: unreached_declared d_F4_semaev=None naive=None quot=None rounds=0 0.0s
[2026-09-17T16:39:16Z] e4_n21_m3_t3_k8_low_B_equ_s20260913101_d0 single-level: D3 empty_block rows=0 cols=2325 rank=0 defic=2325; D4 empty_block rows=0 cols=12951 rank=0 defic=12951
[2026-09-17T16:39:18Z] e4_n21_m3_t3_k8_low_B_ran_s20260913101_d0 F4: unreached_declared d_F4_semaev=None naive=None quot=None rounds=0 0.0s
[2026-09-17T16:39:18Z] e4_n21_m3_t3_k8_low_B_ran_s20260913101_d0 single-level: D3 empty_block rows=0 cols=2325 rank=0 defic=2325; D4 empty_block rows=0 cols=12951 rank=0 defic=12951
[2026-09-17T16:39:20Z] e4_n21_m3_t3_k8_ran_B_equ_s20260913101_d0 F4: unreached_declared d_F4_semaev=None naive=None quot=None rounds=0 0.0s
[2026-09-17T16:39:20Z] e4_n21_m3_t3_k8_ran_B_equ_s20260913101_d0 single-level: D3 empty_block rows=0 cols=2325 rank=0 defic=2325; D4 empty_block rows=0 cols=12951 rank=0 defic=12951
[2026-09-17T16:39:22Z] e4_n21_m3_t3_k8_ran_B_ran_s20260913101_d0 F4: unreached_declared d_F4_semaev=None naive=None quot=None rounds=0 0.0s
[2026-09-17T16:39:22Z] e4_n21_m3_t3_k8_ran_B_ran_s20260913101_d0 single-level: D3 empty_block rows=0 cols=2325 rank=0 defic=2325; D4 empty_block rows=0 cols=12951 rank=0 defic=12951
[2026-09-17T16:39:25Z] e4_n21_m3_t3_k9_low_B_equ_s20260913101_d0 F4: unreached_declared d_F4_semaev=None naive=None quot=None rounds=0 0.0s
[2026-09-17T16:39:25Z] e4_n21_m3_t3_k9_low_B_equ_s20260913101_d0 single-level: D3 empty_block rows=0 cols=3304 rank=0 defic=3304; D4 empty_block rows=0 cols=20854 rank=0 defic=20854
[2026-09-17T16:39:28Z] e4_n21_m3_t3_k9_low_B_ran_s20260913101_d0 F4: unreached_declared d_F4_semaev=None naive=None quot=None rounds=0 0.0s
[2026-09-17T16:39:28Z] e4_n21_m3_t3_k9_low_B_ran_s20260913101_d0 single-level: D3 empty_block rows=0 cols=3304 rank=0 defic=3304; D4 empty_block rows=0 cols=20854 rank=0 defic=20854
[2026-09-17T16:39:31Z] e4_n21_m3_t3_k9_ran_B_equ_s20260913101_d0 F4: unreached_declared d_F4_semaev=None naive=None quot=None rounds=0 0.0s
[2026-09-17T16:39:31Z] e4_n21_m3_t3_k9_ran_B_equ_s20260913101_d0 single-level: D3 empty_block rows=0 cols=3304 rank=0 defic=3304; D4 empty_block rows=0 cols=20854 rank=0 defic=20854
[2026-09-17T16:39:35Z] e4_n21_m3_t3_k9_ran_B_ran_s20260913101_d0 F4: unreached_declared d_F4_semaev=None naive=None quot=None rounds=0 0.0s
[2026-09-17T16:39:35Z] e4_n21_m3_t3_k9_ran_B_ran_s20260913101_d0 single-level: D3 empty_block rows=0 cols=3304 rank=0 defic=3304; D4 empty_block rows=0 cols=20854 rank=0 defic=20854
[2026-09-17T16:39:41Z] e4_n21_m3_t3_k10_low_B_equ_s20260913101_d0 F4: unreached_declared d_F4_semaev=None naive=None quot=None rounds=0 0.0s
[2026-09-17T16:39:41Z] e4_n21_m3_t3_k10_low_B_equ_s20260913101_d0 single-level: D3 empty_block rows=0 cols=4526 rank=0 defic=4526; D4 empty_block rows=0 cols=31931 rank=0 defic=31931
[2026-09-17T16:39:48Z] e4_n21_m3_t3_k10_low_B_ran_s20260913101_d0 F4: unreached_declared d_F4_semaev=None naive=None quot=None rounds=0 0.0s
[2026-09-17T16:39:48Z] e4_n21_m3_t3_k10_low_B_ran_s20260913101_d0 single-level: D3 empty_block rows=0 cols=4526 rank=0 defic=4526; D4 empty_block rows=0 cols=31931 rank=0 defic=31931
[2026-09-17T16:39:56Z] e4_n21_m3_t3_k10_ran_B_equ_s20260913101_d0 F4: unreached_declared d_F4_semaev=None naive=None quot=None rounds=0 0.0s
[2026-09-17T16:39:56Z] e4_n21_m3_t3_k10_ran_B_equ_s20260913101_d0 single-level: D3 empty_block rows=0 cols=4526 rank=0 defic=4526; D4 empty_block rows=0 cols=31931 rank=0 defic=31931
[2026-09-17T16:40:02Z] e4_n21_m3_t3_k10_ran_B_ran_s20260913101_d0 F4: unreached_declared d_F4_semaev=None naive=None quot=None rounds=0 0.0s
[2026-09-17T16:40:02Z] e4_n21_m3_t3_k10_ran_B_ran_s20260913101_d0 single-level: D3 empty_block rows=0 cols=4526 rank=0 defic=4526; D4 empty_block rows=0 cols=31931 rank=0 defic=31931
[2026-09-17T16:40:02Z] done
===== null_closure =====
[2026-09-17T17:30:24Z] start out_dir=/home/user/crypto-autoresearcher/experiments/EXP-SEMBIN-7e1371/runs/RUN-SEMBIN-9bb990/null_closure/cells groups= cells=17:3:3:6,40:2:2:20 families=matched_null draws=1 caps: wall=3600.0 mem=6.0 closure_mem=2.5
[2026-09-17T17:30:24Z] mn_n17_m3_t3_k6_low_B_equ_s20260913101_d0 F4: unreached_declared d_F4_semaev=None naive=None quot=None rounds=0 0.0s
[2026-09-17T17:30:24Z] mn_n17_m3_t3_k6_low_B_equ_s20260913101_d0 closure D=3: completed verdict=undetermined rank=629/7176 std=None 0.0s
[2026-09-17T17:30:39Z] mn_n17_m3_t3_k6_low_B_equ_s20260913101_d0 closure D=4: completed verdict=undetermined rank=11186/59536 std=None 14.5s
[2026-09-17T17:30:39Z] mn_n40_m2_t2_k20_low_B_equ_s20260913101_d0 F4: unreached_declared d_F4_semaev=None naive=None quot=None rounds=0 0.0s
[2026-09-17T17:30:39Z] mn_n40_m2_t2_k20_low_B_equ_s20260913101_d0 closure D=2: completed verdict=undetermined rank=40/821 std=None 0.0s
[2026-09-17T17:30:39Z] mn_n40_m2_t2_k20_low_B_equ_s20260913101_d0 closure D=3: completed verdict=undetermined rank=1640/10701 std=None 0.1s
[2026-09-17T17:32:26Z] mn_n40_m2_t2_k20_low_B_equ_s20260913101_d0 closure D=4: completed verdict=undetermined rank=32020/102091 std=None 107.2s
[2026-09-17T17:32:26Z] done
===== null_single =====
[2026-09-17T16:48:29Z] start out_dir=/home/user/crypto-autoresearcher/experiments/EXP-SEMBIN-7e1371/runs/RUN-SEMBIN-9bb990/null_single/cells groups=m2_window,sweep_n17 cells= families=matched_null draws=1 caps: wall=3600.0 mem=6.0 closure_mem=2.0
[2026-09-17T16:48:29Z] mn_n40_m2_t2_k20_low_B_equ_s20260913101_d0 F4: unreached_declared d_F4_semaev=None naive=None quot=None rounds=0 0.0s
[2026-09-17T16:49:27Z] mn_n40_m2_t2_k20_low_B_equ_s20260913101_d0 single-level: D3 completed rows=1640 cols=10701 rank=1640 defic=9061; D4 completed rows=32840 cols=102091 rank=32020 defic=70071
[2026-09-17T16:49:28Z] mn_n41_m2_t2_k21_low_B_equ_s20260913101_d0 F4: unreached_declared d_F4_semaev=None naive=None quot=None rounds=0 0.0s
[2026-09-17T16:50:50Z] mn_n41_m2_t2_k21_low_B_equ_s20260913101_d0 single-level: D3 completed rows=1763 cols=12384 rank=1763 defic=10621; D4 completed rows=37064 cols=124314 rank=36203 defic=88111
[2026-09-17T16:50:50Z] mn_n42_m2_t2_k21_low_B_equ_s20260913101_d0 F4: unreached_declared d_F4_semaev=None naive=None quot=None rounds=0 0.0s
[2026-09-17T16:52:24Z] mn_n42_m2_t2_k21_low_B_equ_s20260913101_d0 single-level: D3 completed rows=1806 cols=12384 rank=1806 defic=10578; D4 completed rows=37968 cols=124314 rank=37065 defic=87249
[2026-09-17T16:52:24Z] mn_n43_m2_t2_k22_low_B_equ_s20260913101_d0 F4: unreached_declared d_F4_semaev=None naive=None quot=None rounds=0 0.0s
[2026-09-17T16:54:44Z] mn_n43_m2_t2_k22_low_B_equ_s20260913101_d0 single-level: D3 completed rows=1935 cols=14235 rank=1935 defic=12300; D4 completed rows=42613 cols=149986 rank=41667 defic=108319
[2026-09-17T16:54:44Z] mn_n44_m2_t2_k22_low_B_equ_s20260913101_d0 F4: unreached_declared d_F4_semaev=None naive=None quot=None rounds=0 0.0s
[2026-09-17T16:57:38Z] mn_n44_m2_t2_k22_low_B_equ_s20260913101_d0 single-level: D3 completed rows=1980 cols=14235 rank=1980 defic=12255; D4 completed rows=43604 cols=149986 rank=42614 defic=107372
[2026-09-17T16:57:38Z] mn_n45_m2_t2_k23_low_B_equ_s20260913101_d0 F4: unreached_declared d_F4_semaev=None naive=None quot=None rounds=0 0.0s
[2026-09-17T17:01:33Z] mn_n45_m2_t2_k23_low_B_equ_s20260913101_d0 single-level: D3 completed rows=2115 cols=16262 rank=2115 defic=14147; D4 completed rows=48690 cols=179447 rank=47655 defic=131792
[2026-09-17T17:01:33Z] mn_n17_m3_t3_k6_low_B_equ_s20260913101_d0 F4: unreached_declared d_F4_semaev=None naive=None quot=None rounds=0 0.0s
[2026-09-17T17:01:40Z] mn_n17_m3_t3_k6_low_B_equ_s20260913101_d0 single-level: D3 completed rows=629 cols=7176 rank=629 defic=6547; D4 completed rows=11339 cols=59536 rank=11186 defic=48350
[2026-09-17T17:01:40Z] mn_n17_m3_t3_k7_low_B_equ_s20260913101_d0 F4: unreached_declared d_F4_semaev=None naive=None quot=None rounds=0 0.0s
[2026-09-17T17:01:55Z] mn_n17_m3_t3_k7_low_B_equ_s20260913101_d0 single-level: D3 completed rows=680 cols=9178 rank=680 defic=8498; D4 completed rows=13277 cols=82993 rank=13124 defic=69869
[2026-09-17T17:01:55Z] mn_n17_m3_t3_k8_low_B_equ_s20260913101_d0 F4: unreached_declared d_F4_semaev=None naive=None quot=None rounds=0 0.0s
[2026-09-17T17:02:16Z] mn_n17_m3_t3_k8_low_B_equ_s20260913101_d0 single-level: D3 completed rows=731 cols=11522 rank=731 defic=10791; D4 completed rows=15368 cols=112792 rank=15215 defic=97577
[2026-09-17T17:02:16Z] mn_n17_m3_t3_k9_low_B_equ_s20260913101_d0 F4: unreached_declared d_F4_semaev=None naive=None quot=None rounds=0 0.0s
[2026-09-17T17:03:23Z] mn_n17_m3_t3_k9_low_B_equ_s20260913101_d0 single-level: D3 completed rows=782 cols=14235 rank=782 defic=13453; D4 completed rows=17612 cols=149986 rank=17459 defic=132527
[2026-09-17T17:03:23Z] done
===== overcap =====
[2026-09-17T17:46:06Z] start out_dir=/home/user/crypto-autoresearcher/experiments/EXP-SEMBIN-7e1371/runs/RUN-SEMBIN-9bb990/overcap/cells groups= cells=19:3:3:10,21:3:3:9,21:3:3:10,13:4:4:6,12:6:6:2,12:6:6:3,12:6:6:4 families=chained_eq5 draws=1 caps: wall=3600.0 mem=6.0 closure_mem=1.5
[2026-09-17T17:46:09Z] ch_n19_m3_t3_k10_low_B_equ_s20260913101_d0 count: solutions=2154 status=completed cross=None 2.7s
[2026-09-17T17:46:09Z] ch_n19_m3_t3_k10_low_B_equ_s20260913101_d0 F4: unreached_declared d_F4_semaev=None naive=None quot=None rounds=0 0.0s
[2026-09-17T17:46:09Z] ch_n19_m3_t3_k10_low_B_equ_s20260913101_d0 closure D=3: completed verdict=insufficient rank=2558/19650 std=None 0.1s
[2026-09-17T17:46:09Z] ch_n19_m3_t3_k10_low_B_equ_s20260913101_d0 closure D=4: unreached_declared ncols=231526
[2026-09-17T17:46:10Z] ch_n21_m3_t3_k9_low_B_equ_s20260913101_d0 count: solutions=90 status=completed cross=None 0.6s
[2026-09-17T17:46:10Z] ch_n21_m3_t3_k9_low_B_equ_s20260913101_d0 F4: unreached_declared d_F4_semaev=None naive=None quot=None rounds=0 0.0s
[2026-09-17T17:46:10Z] ch_n21_m3_t3_k9_low_B_equ_s20260913101_d0 closure D=3: completed verdict=insufficient rank=2717/18473 std=None 0.2s
[2026-09-17T17:46:10Z] ch_n21_m3_t3_k9_low_B_equ_s20260913101_d0 closure D=4: unreached_declared ncols=213053
[2026-09-17T17:46:13Z] ch_n21_m3_t3_k10_low_B_equ_s20260913101_d0 count: solutions=555 status=completed cross=None 3.0s
[2026-09-17T17:46:13Z] ch_n21_m3_t3_k10_low_B_equ_s20260913101_d0 F4: unreached_declared d_F4_semaev=None naive=None quot=None rounds=0 0.0s
[2026-09-17T17:46:13Z] ch_n21_m3_t3_k10_low_B_equ_s20260913101_d0 closure D=3: completed verdict=insufficient rank=2915/22152 std=None 0.2s
[2026-09-17T17:46:13Z] ch_n21_m3_t3_k10_low_B_equ_s20260913101_d0 closure D=4: unreached_declared ncols=272052
[2026-09-17T17:46:14Z] ch_n13_m4_t4_k6_low_B_equ_s20260913101_d0 count: solutions=1814 status=completed cross=None 0.3s
[2026-09-17T17:46:14Z] ch_n13_m4_t4_k6_low_B_equ_s20260913101_d0 F4: unreached_declared d_F4_semaev=None naive=None quot=None rounds=0 0.0s
[2026-09-17T17:46:14Z] ch_n13_m4_t4_k6_low_B_equ_s20260913101_d0 closure D=3: completed verdict=insufficient rank=2242/20876 std=None 0.1s
[2026-09-17T17:46:14Z] ch_n13_m4_t4_k6_low_B_equ_s20260913101_d0 closure D=4: unreached_declared ncols=251176
[2026-09-17T17:46:14Z] ch_n12_m6_t6_k2_low_B_equ_s20260913101_d0 count: solutions=0 status=completed cross=None 0.0s
[2026-09-17T17:46:14Z] ch_n12_m6_t6_k2_low_B_equ_s20260913101_d0 F4: unreached_declared d_F4_semaev=None naive=None quot=None rounds=0 0.0s
[2026-09-17T17:46:18Z] ch_n12_m6_t6_k2_low_B_equ_s20260913101_d0 closure D=3: completed verdict=insufficient rank=17673/36051 std=None 4.0s
[2026-09-17T17:46:18Z] ch_n12_m6_t6_k2_low_B_equ_s20260913101_d0 closure D=4: unreached_declared ncols=523686
[2026-09-17T17:46:18Z] ch_n12_m6_t6_k3_low_B_equ_s20260913101_d0 count: solutions=0 status=completed cross=None 0.0s
[2026-09-17T17:46:18Z] ch_n12_m6_t6_k3_low_B_equ_s20260913101_d0 F4: unreached_declared d_F4_semaev=None naive=None quot=None rounds=0 0.0s
===== soundness_n12k2 =====
[2026-09-17T18:43:47Z] start out_dir=/home/user/crypto-autoresearcher/experiments/EXP-SEMBIN-7e1371/runs/RUN-SEMBIN-9bb990/soundness_n12k2/cells groups= cells=12:6:6:2 families=chained_eq5 draws=1 caps: wall=2400.0 mem=4.0 closure_mem=1.5
[2026-09-17T18:43:47Z] ch_n12_m6_t6_k2_low_B_equ_s20260913101_d0 count: solutions=0 status=completed cross=None 0.0s
[2026-09-17T18:43:53Z] ch_n12_m6_t6_k2_low_B_equ_s20260913101_d0 F4: completed d_F4_semaev=4 naive=4 quot=0 rounds=24 6.8s
[2026-09-17T18:43:58Z] ch_n12_m6_t6_k2_low_B_equ_s20260913101_d0 closure D=3: completed verdict=insufficient rank=17673/36051 std=None 4.8s
[2026-09-17T18:43:58Z] ch_n12_m6_t6_k2_low_B_equ_s20260913101_d0 closure D=4: unreached_declared ncols=523686
[2026-09-17T18:43:58Z] done
===== soundness_n13k4 =====
[2026-09-17T17:49:41Z] start out_dir=/home/user/crypto-autoresearcher/experiments/EXP-SEMBIN-7e1371/runs/RUN-SEMBIN-9bb990/soundness_n13k4/cells groups= cells=13:4:4:4 families=chained_eq5 draws=1 caps: wall=2400.0 mem=4.0 closure_mem=3.0
[2026-09-17T17:49:41Z] ch_n13_m4_t4_k4_low_B_equ_s20260913103_d2 count: solutions=24 status=completed cross=None 0.0s
[2026-09-17T17:53:11Z] ch_n13_m4_t4_k4_low_B_equ_s20260913103_d2 F4: unreached_memory_cap d_F4_semaev=None naive=None quot=None rounds=14 210.2s
[2026-09-17T17:53:11Z] ch_n13_m4_t4_k4_low_B_equ_s20260913103_d2 closure D=3: completed verdict=insufficient rank=1796/12384 std=None 0.1s
[2026-09-17T18:43:10Z] ch_n13_m4_t4_k4_low_B_equ_s20260913103_d2 closure D=4: completed verdict=sufficient rank=124290/124314 std=24 2999.2s
[2026-09-17T18:43:10Z] ch_n13_m4_t4_k4_low_B_equ_s20260913101_d0 count: solutions=0 status=completed cross=None 0.0s
===== soundness_n17k6 =====
[2026-09-17T16:47:27Z] start out_dir=/home/user/crypto-autoresearcher/experiments/EXP-SEMBIN-7e1371/runs/RUN-SEMBIN-9bb990/soundness_n17k6/cells groups= cells=17:3:3:6 families=chained_eq5 draws=1 caps: wall=2400.0 mem=4.0 closure_mem=1.5
[2026-09-17T16:47:27Z] ch_n17_m3_t3_k6_low_B_equ_s20260913101_d5 count: solutions=6 status=completed cross=None 0.0s
[2026-09-17T16:48:25Z] ch_n17_m3_t3_k6_low_B_equ_s20260913101_d5 F4: completed d_F4_semaev=4 naive=4 quot=6 rounds=15 58.3s
[2026-09-17T16:48:25Z] ch_n17_m3_t3_k6_low_B_equ_s20260913101_d5 closure D=3: completed verdict=insufficient rank=1575/7176 std=None 0.0s
[2026-09-17T16:54:24Z] ch_n17_m3_t3_k6_low_B_equ_s20260913101_d5 closure D=4: completed verdict=sufficient rank=59530/59536 std=6 358.8s
[2026-09-17T16:54:24Z] ch_n17_m3_t3_k6_low_B_equ_s20260913101_d0 count: solutions=0 status=completed cross=None 0.0s
[2026-09-17T16:55:27Z] ch_n17_m3_t3_k6_low_B_equ_s20260913101_d0 F4: completed d_F4_semaev=4 naive=4 quot=0 rounds=11 63.3s
[2026-09-17T16:55:27Z] ch_n17_m3_t3_k6_low_B_equ_s20260913101_d0 closure D=3: completed verdict=insufficient rank=1575/7176 std=None 0.1s
[2026-09-17T16:59:35Z] ch_n17_m3_t3_k6_low_B_equ_s20260913101_d0 closure D=4: completed verdict=sufficient rank=59536/59536 std=0 247.2s
[2026-09-17T16:59:35Z] done
===== soundness_n19k7 =====
[2026-09-17T16:59:36Z] start out_dir=/home/user/crypto-autoresearcher/experiments/EXP-SEMBIN-7e1371/runs/RUN-SEMBIN-9bb990/soundness_n19k7/cells groups= cells=19:3:3:7 families=chained_eq5 draws=1 caps: wall=2400.0 mem=4.0 closure_mem=2.5
[2026-09-17T16:59:36Z] ch_n19_m3_t3_k7_low_B_equ_s20260913105_d4 count: solutions=15 status=completed cross=None 0.1s
[2026-09-17T17:04:07Z] ch_n19_m3_t3_k7_low_B_equ_s20260913105_d4 F4: unreached_memory_cap d_F4_semaev=None naive=None quot=None rounds=8 271.1s
[2026-09-17T17:04:07Z] ch_n19_m3_t3_k7_low_B_equ_s20260913105_d4 closure D=3: completed verdict=insufficient rank=2021/10701 std=None 0.1s
[2026-09-17T17:29:55Z] ch_n19_m3_t3_k7_low_B_equ_s20260913105_d4 closure D=4: completed verdict=sufficient rank=102076/102091 std=15 1547.6s
[2026-09-17T17:29:55Z] ch_n19_m3_t3_k7_low_B_equ_s20260913101_d0 count: solutions=0 status=completed cross=None 0.0s
[2026-09-17T17:33:21Z] ch_n19_m3_t3_k7_low_B_equ_s20260913101_d0 F4: unreached_memory_cap d_F4_semaev=None naive=None quot=None rounds=8 206.2s
[2026-09-17T17:33:21Z] ch_n19_m3_t3_k7_low_B_equ_s20260913101_d0 closure D=3: completed verdict=insufficient rank=2021/10701 std=None 0.1s
[2026-09-17T17:49:40Z] ch_n19_m3_t3_k7_low_B_equ_s20260913101_d0 closure D=4: completed verdict=sufficient rank=102091/102091 std=0 979.3s
[2026-09-17T17:49:40Z] done
