p,a,b,j,trace,order,aut_order,fb_m2,fb_m3,n_targets,hits_m2,hits_m3,order,full_liftable,liftable_density_W125,liftable_density_W250,liftable_density_W500,liftable_density_W1000,liftable_density_W2000,liftable_density_W4001,two_torsion_x,sumset_m2,sumset_m3,sumset_eff_m2,sumset_eff_m3,decomp_rate_m2,decomp_rate_m3,decomp_efficiency_m2,decomp_efficiency_m3,s3_support,liftable_identity_holds
4001,460,2974,49,30,3972,2,40,13,400,221,226,3972,1987,0.496,0.496,0.488,0.492,0.4845,0.4966258435391152,3,2284,2120,0.7049382716049383,0.6471306471306472,0.5525,0.565,0.677324074074074,0.68503663003663,13,True
4001,505,1010,76,30,3972,2,40,13,400,224,215,3972,1987,0.472,0.448,0.474,0.485,0.496,0.4966258435391152,3,2165,2123,0.6682098765432098,0.6480463980463981,0.56,0.5375,0.6865185185185185,0.6516941391941391,13,True
4001,2133,265,106,30,3972,2,40,13,400,222,223,3972,1986,0.52,0.516,0.502,0.504,0.497,0.49637590602349413,1,2180,2117,0.6728395061728395,0.6462148962148963,0.555,0.5575,0.6803888888888889,0.6759432234432234,13,True
4001,2394,787,147,30,3972,2,40,13,400,236,206,3972,1987,0.432,0.468,0.454,0.472,0.4845,0.4966258435391152,3,2248,2144,0.6938271604938272,0.6544566544566545,0.59,0.515,0.7232962962962963,0.6244139194139194,13,True
4001,1122,748,155,30,3972,2,40,13,400,241,210,3972,1987,0.408,0.444,0.466,0.492,0.487,0.4966258435391152,3,2265,2063,0.6990740740740741,0.6297313797313797,0.6025,0.525,0.7386203703703704,0.6365384615384616,13,True
4001,204,408,227,30,3972,2,40,13,400,229,216,3972,1987,0.544,0.48,0.47,0.47,0.488,0.4966258435391152,3,2190,2120,0.6759259259259259,0.6471306471306472,0.5725,0.54,0.7018425925925926,0.6547252747252748,13,True
4001,1295,2590,240,30,3972,2,40,13,400,246,226,3972,1986,0.488,0.488,0.484,0.496,0.5025,0.49637590602349413,1,2266,2290,0.6993827160493827,0.699023199023199,0.615,0.565,0.7539444444444444,0.68503663003663,13,True
4001,869,1738,247,30,3972,2,40,13,400,225,217,3972,1987,0.472,0.504,0.5,0.499,0.4935,0.4966258435391152,3,2231,2130,0.6885802469135802,0.6501831501831502,0.5625,0.5425,0.6895833333333333,0.6577564102564102,13,True
4001,973,1946,305,30,3972,2,40,13,400,232,232,3972,1987,0.544,0.528,0.494,0.499,0.5065,0.4966258435391152,3,2215,2258,0.683641975308642,0.6892551892551892,0.58,0.58,0.7110370370370369,0.7032234432234431,13,True
4001,3759,2506,310,30,3972,2,40,13,400,235,222,3972,1986,0.536,0.532,0.51,0.513,0.4945,0.49637590602349413,1,2303,2136,0.7108024691358025,0.652014652014652,0.5875,0.555,0.7202314814814815,0.6729120879120879,13,True
4001,3097,2193,335,30,3972,2,40,13,400,231,233,3972,1986,0.488,0.48,0.482,0.505,0.4895,0.49637590602349413,1,2148,2171,0.662962962962963,0.6626984126984127,0.5775,0.5825,0.7079722222222222,0.7062545787545788,13,True
4001,2073,1382,361,30,3972,2,40,13,400,237,216,3972,1986,0.44,0.492,0.494,0.511,0.5095,0.49637590602349413,1,2286,2065,0.7055555555555556,0.6303418803418803,0.5925,0.54,0.7263611111111112,0.6547252747252748,13,True
4001,1493,2329,398,30,3972,2,40,13,400,226,212,3972,1987,0.448,0.5,0.508,0.513,0.51,0.4966258435391152,3,2198,2174,0.678395061728395,0.6636141636141636,0.565,0.53,0.6926481481481481,0.6426007326007327,13,True
4001,183,366,477,30,3972,2,40,13,400,226,220,3972,1986,0.384,0.504,0.508,0.498,0.505,0.49637590602349413,1,2242,2164,0.6919753086419753,0.6605616605616605,0.565,0.55,0.6926481481481481,0.6668498168498169,13,True
4001,1051,2102,549,30,3972,2,40,13,400,237,223,3972,1986,0.552,0.504,0.47,0.472,0.4885,0.49637590602349413,1,2199,2199,0.6787037037037037,0.6712454212454212,0.5925,0.5575,0.7263611111111112,0.6759432234432234,13,True
4001,3260,3507,564,30,3972,2,40,13,400,207,206,3972,1986,0.496,0.504,0.508,0.501,0.4945,0.49637590602349413,1,2166,2018,0.6685185185185185,0.615995115995116,0.5175,0.515,0.6344166666666666,0.6244139194139194,13,True
4001,401,802,572,30,3972,2,40,13,400,235,214,3972,1987,0.464,0.492,0.48,0.479,0.481,0.4966258435391152,3,2197,2085,0.6780864197530864,0.6364468864468864,0.5875,0.535,0.7202314814814815,0.6486630036630037,13,True
4001,3104,3403,606,30,3972,2,40,13,400,241,217,3972,1986,0.504,0.5,0.51,0.51,0.5075,0.49637590602349413,1,2245,2220,0.6929012345679012,0.6776556776556777,0.6025,0.5425,0.7386203703703704,0.6577564102564102,13,True
4001,3703,3405,660,30,3972,2,40,13,400,231,195,3972,1986,0.488,0.504,0.508,0.519,0.496,0.49637590602349413,1,2226,2017,0.687037037037037,0.6156898656898657,0.5775,0.4875,0.7079722222222222,0.5910714285714286,13,True
4001,1362,2724,692,30,3972,2,40,13,400,224,220,3972,1986,0.48,0.512,0.49,0.497,0.5,0.49637590602349413,1,2234,2279,0.6895061728395062,0.6956654456654456,0.56,0.55,0.6865185185185185,0.6668498168498169,13,True
4001,2439,1626,733,30,3972,2,40,13,400,238,215,3972,1986,0.528,0.508,0.498,0.495,0.493,0.49637590602349413,1,2251,1991,0.6947530864197531,0.6077533577533577,0.595,0.5375,0.7294259259259258,0.6516941391941391,13,True
4001,3384,2256,759,30,3972,2,40,13,400,235,221,3972,1987,0.456,0.496,0.502,0.502,0.5,0.4966258435391152,3,2281,2116,0.7040123456790124,0.645909645909646,0.5875,0.5525,0.7202314814814815,0.6698809523809524,13,True
4001,3957,2638,781,30,3972,2,40,13,400,198,198,3972,1986,0.432,0.456,0.48,0.482,0.4905,0.49637590602349413,1,2184,2008,0.674074074074074,0.612942612942613,0.495,0.495,0.6068333333333333,0.6001648351648351,13,True
4001,2713,1425,829,30,3972,2,40,13,400,225,215,3972,1987,0.432,0.404,0.442,0.473,0.485,0.4966258435391152,3,2240,2047,0.691358024691358,0.6248473748473748,0.5625,0.5375,0.6895833333333333,0.6516941391941391,13,True
4001,1065,710,869,30,3972,2,40,13,400,244,226,3972,1986,0.504,0.492,0.486,0.5,0.5025,0.49637590602349413,1,2269,2153,0.7003086419753086,0.6572039072039072,0.61,0.565,0.7478148148148148,0.68503663003663,13,True
4001,1863,1242,889,30,3972,2,40,13,400,236,255,3972,1987,0.432,0.48,0.472,0.482,0.492,0.4966258435391152,3,2217,2193,0.6842592592592592,0.6694139194139194,0.59,0.6375,0.7232962962962963,0.7729395604395604,13,True
4001,1691,3382,923,30,3972,2,40,13,400,248,217,3972,1986,0.472,0.508,0.482,0.501,0.501,0.49637590602349413,1,2266,2268,0.6993827160493827,0.6923076923076923,0.62,0.5425,0.760074074074074,0.6577564102564102,13,True
4001,3196,2391,924,30,3972,2,40,13,400,255,207,3972,1987,0.48,0.524,0.508,0.513,0.501,0.4966258435391152,3,2254,2068,0.695679012345679,0.6312576312576312,0.6375,0.5175,0.7815277777777777,0.6274450549450549,13,True
4001,2321,641,972,30,3972,2,40,13,400,231,203,3972,1986,0.464,0.52,0.506,0.498,0.5015,0.49637590602349413,1,2240,2008,0.691358024691358,0.612942612942613,0.5775,0.5075,0.7079722222222222,0.6153205128205127,13,True
4001,1063,3376,995,30,3972,2,40,13,400,221,207,3972,1986,0.496,0.516,0.528,0.517,0.4955,0.49637590602349413,1,2172,2084,0.6703703703703704,0.6361416361416361,0.5525,0.5175,0.677324074074074,0.6274450549450549,13,True
4001,2156,311,1001,30,3972,2,40,13,400,236,208,3972,1986,0.552,0.52,0.53,0.526,0.494,0.49637590602349413,1,2232,2002,0.6888888888888889,0.6111111111111112,0.59,0.52,0.7232962962962963,0.6304761904761905,13,True
4001,3286,857,1016,30,3972,2,40,13,400,236,171,3972,1987,0.488,0.48,0.5,0.502,0.505,0.4966258435391152,3,2181,1938,0.6731481481481482,0.5915750915750916,0.59,0.4275,0.7232962962962963,0.5183241758241758,13,True
4001,1776,3552,1083,30,3972,2,40,13,400,233,251,3972,1987,0.504,0.476,0.494,0.513,0.5015,0.4966258435391152,3,2207,2214,0.6811728395061728,0.6758241758241759,0.5825,0.6275,0.7141018518518518,0.7608150183150183,13,True
4001,2042,2695,1117,30,3972,2,40,13,400,230,202,3972,1987,0.48,0.476,0.482,0.499,0.491,0.4966258435391152,3,2268,2030,0.7,0.6196581196581197,0.575,0.505,0.7049074074074073,0.6122893772893774,13,True
4001,1509,1006,1153,30,3972,2,40,13,400,225,210,3972,1986,0.472,0.512,0.51,0.502,0.4915,0.49637590602349413,1,2121,2017,0.6546296296296297,0.6156898656898657,0.5625,0.525,0.6895833333333333,0.6365384615384616,13,True
4001,1607,2405,1188,30,3972,2,40,13,400,211,232,3972,1986,0.496,0.5,0.508,0.501,0.491,0.49637590602349413,1,2273,2150,0.7015432098765432,0.6562881562881563,0.5275,0.58,0.6466759259259259,0.7032234432234431,13,True
4001,896,1792,1322,30,3972,2,40,13,400,213,198,3972,1987,0.576,0.544,0.53,0.527,0.5035,0.4966258435391152,3,2192,2002,0.6765432098765433,0.6111111111111112,0.5325,0.495,0.6528055555555554,0.6001648351648351,13,True
4001,1260,2520,1356,30,3972,2,40,13,400,200,221,3972,1986,0.52,0.512,0.52,0.509,0.5005,0.49637590602349413,1,2151,2132,0.6638888888888889,0.6507936507936508,0.5,0.5525,0.6129629629629629,0.6698809523809524,13,True
4001,2563,375,1358,30,3972,2,40,13,400,235,213,3972,1986,0.496,0.508,0.482,0.504,0.499,0.49637590602349413,1,2274,2136,0.7018518518518518,0.652014652014652,0.5875,0.5325,0.7202314814814815,0.645631868131868,13,True
4001,2481,1654,1378,30,3972,2,40,13,400,225,242,3972,1987,0.48,0.496,0.498,0.51,0.505,0.4966258435391152,3,2223,2165,0.6861111111111111,0.6608669108669109,0.5625,0.605,0.6895833333333333,0.7335347985347985,13,True
4001,2848,1695,1407,30,3972,2,40,13,400,232,232,3972,1986,0.536,0.54,0.51,0.517,0.505,0.49637590602349413,1,2226,2182,0.687037037037037,0.666056166056166,0.58,0.58,0.7110370370370369,0.7032234432234431,13,True
4001,1412,2824,1437,30,3972,2,40,13,400,211,217,3972,1986,0.464,0.5,0.49,0.499,0.4965,0.49637590602349413,1,2240,2234,0.691358024691358,0.681929181929182,0.5275,0.5425,0.6466759259259259,0.6577564102564102,13,True
4001,3761,3841,1446,30,3972,2,40,13,400,231,224,3972,1986,0.512,0.512,0.516,0.491,0.496,0.49637590602349413,1,2281,2208,0.7040123456790124,0.673992673992674,0.5775,0.56,0.7079722222222222,0.678974358974359,13,True
4001,1640,3280,1460,30,3972,2,40,13,400,235,211,3972,1986,0.56,0.488,0.498,0.489,0.496,0.49637590602349413,1,2265,2118,0.6990740740740741,0.6465201465201466,0.5875,0.5275,0.7202314814814815,0.639569597069597,13,True
4001,1528,3056,1469,30,3972,2,40,13,400,231,232,3972,1986,0.512,0.516,0.498,0.498,0.498,0.49637590602349413,1,2240,2300,0.691358024691358,0.702075702075702,0.5775,0.58,0.7079722222222222,0.7032234432234431,13,True
4001,2677,1353,1474,30,3972,2,40,13,400,234,241,3972,1987,0.536,0.516,0.51,0.494,0.4855,0.4966258435391152,3,2160,2032,0.6666666666666666,0.6202686202686203,0.585,0.6025,0.7171666666666666,0.730503663003663,13,True
4001,2189,2793,1492,30,3972,2,40,13,400,213,204,3972,1987,0.464,0.472,0.478,0.481,0.5085,0.4966258435391152,3,2227,2153,0.6873456790123457,0.6572039072039072,0.5325,0.51,0.6528055555555554,0.6183516483516484,13,True
4001,2741,1481,1503,30,3972,2,40,13,400,227,194,3972,1987,0.472,0.472,0.49,0.483,0.4855,0.4966258435391152,3,2192,2024,0.6765432098765433,0.6178266178266179,0.5675,0.485,0.695712962962963,0.588040293040293,13,True
4001,3151,767,1531,30,3972,2,40,13,400,216,230,3972,1987,0.488,0.484,0.486,0.487,0.494,0.4966258435391152,3,2230,2163,0.6882716049382716,0.6602564102564102,0.54,0.575,0.662,0.697161172161172,13,True
4001,3556,1037,1613,30,3972,2,40,13,400,208,203,3972,1986,0.488,0.504,0.502,0.499,0.5015,0.49637590602349413,1,2198,1918,0.678395061728395,0.5854700854700855,0.52,0.5075,0.6374814814814815,0.6153205128205127,13,True
4001,2544,1696,1627,30,3972,2,40,13,400,209,190,3972,1986,0.424,0.448,0.46,0.481,0.4955,0.49637590602349413,1,2166,1912,0.6685185185185185,0.5836385836385837,0.5225,0.475,0.6405462962962962,0.5759157509157509,13,True
4001,1028,2019,1657,30,3972,2,40,13,400,205,210,3972,1987,0.448,0.44,0.472,0.491,0.499,0.4966258435391152,3,2183,2006,0.6737654320987654,0.6123321123321124,0.5125,0.525,0.628287037037037,0.6365384615384616,13,True
4001,3478,2955,1693,30,3972,2,40,13,400,235,206,3972,1987,0.52,0.472,0.504,0.508,0.502,0.4966258435391152,3,2273,2037,0.7015432098765432,0.6217948717948718,0.5875,0.515,0.7202314814814815,0.6244139194139194,13,True
4001,2383,765,1702,30,3972,2,40,13,400,248,232,3972,1987,0.568,0.496,0.476,0.471,0.48,0.4966258435391152,3,2157,2219,0.6657407407407407,0.6773504273504274,0.62,0.58,0.760074074074074,0.7032234432234431,13,True
4001,879,1758,1703,30,3972,2,40,13,400,235,208,3972,1987,0.432,0.428,0.466,0.492,0.4975,0.4966258435391152,3,2196,2250,0.6777777777777778,0.6868131868131868,0.5875,0.52,0.7202314814814815,0.6304761904761905,13,True
4001,3134,3423,1734,30,3972,2,40,13,400,225,207,3972,1986,0.568,0.532,0.528,0.506,0.495,0.49637590602349413,1,2219,2038,0.6848765432098766,0.6221001221001221,0.5625,0.5175,0.6895833333333333,0.6274450549450549,13,True
4001,469,938,1763,30,3972,2,40,13,400,229,229,3972,1987,0.472,0.46,0.466,0.501,0.4985,0.4966258435391152,3,2201,2143,0.679320987654321,0.6541514041514042,0.5725,0.5725,0.7018425925925926,0.6941300366300367,13,True
4001,851,1702,1766,30,3972,2,40,13,400,244,210,3972,1987,0.536,0.516,0.512,0.511,0.5085,0.4966258435391152,3,2169,1707,0.6694444444444444,0.5210622710622711,0.61,0.525,0.7478148148148148,0.6365384615384616,13,True
4001,439,2960,1843,30,3972,2,40,13,400,207,181,3972,1986,0.432,0.484,0.47,0.482,0.498,0.49637590602349413,1,2144,2052,0.6617283950617284,0.6263736263736264,0.5175,0.4525,0.6344166666666666,0.5486355311355312,13,True
4001,1531,3062,1847,30,3972,2,40,13,400,236,213,3972,1986,0.496,0.444,0.494,0.5,0.4975,0.49637590602349413,1,2259,2146,0.6972222222222222,0.6550671550671551,0.59,0.5325,0.7232962962962963,0.645631868131868,13,True
4001,3569,3713,1852,30,3972,2,40,13,400,228,180,3972,1987,0.568,0.52,0.53,0.499,0.495,0.4966258435391152,3,2169,1913,0.6694444444444444,0.583943833943834,0.57,0.45,0.6987777777777777,0.5456043956043957,13,True
4001,674,1783,1874,30,3972,2,40,13,400,228,193,3972,1986,0.52,0.524,0.542,0.522,0.495,0.49637590602349413,1,2300,2114,0.7098765432098766,0.6452991452991453,0.57,0.4825,0.6987777777777777,0.5850091575091575,13,True
4001,2253,505,1876,30,3972,2,40,13,400,216,202,3972,1986,0.472,0.516,0.49,0.478,0.4845,0.49637590602349413,1,2197,1970,0.6780864197530864,0.6013431013431013,0.54,0.505,0.662,0.6122893772893774,13,True
4001,3686,3371,1890,30,3972,2,40,13,400,218,232,3972,1987,0.488,0.508,0.5,0.502,0.5055,0.4966258435391152,3,2197,2194,0.6780864197530864,0.6697191697191697,0.545,0.58,0.6681296296296297,0.7032234432234431,13,True
4001,1945,3890,1891,30,3972,2,40,13,400,235,197,3972,1986,0.424,0.436,0.492,0.486,0.503,0.49637590602349413,1,2234,2020,0.6895061728395062,0.6166056166056166,0.5875,0.4925,0.7202314814814815,0.5971336996336997,13,True
4001,134,1423,1953,30,3972,2,40,13,400,221,219,3972,1987,0.568,0.54,0.514,0.505,0.494,0.4966258435391152,3,2217,2194,0.6842592592592592,0.6697191697191697,0.5525,0.5475,0.677324074074074,0.6638186813186814,13,True
4001,2744,3163,1981,30,3972,2,40,13,400,244,216,3972,1987,0.488,0.504,0.51,0.507,0.502,0.4966258435391152,3,2251,2118,0.6947530864197531,0.6465201465201466,0.61,0.54,0.7478148148148148,0.6547252747252748,13,True
4001,791,1582,1984,30,3972,2,40,13,400,224,215,3972,1987,0.392,0.472,0.486,0.492,0.4915,0.4966258435391152,3,2176,2063,0.671604938271605,0.6297313797313797,0.56,0.5375,0.6865185185185185,0.6516941391941391,13,True
4001,1300,3534,2071,30,3972,2,40,13,400,226,241,3972,1987,0.432,0.424,0.45,0.459,0.4755,0.4966258435391152,3,2215,1953,0.683641975308642,0.5961538461538461,0.565,0.6025,0.6926481481481481,0.730503663003663,13,True
4001,1299,2598,2073,30,3972,2,40,13,400,235,225,3972,1987,0.472,0.536,0.496,0.505,0.494,0.4966258435391152,3,2246,2187,0.6932098765432099,0.6675824175824175,0.5875,0.5625,0.7202314814814815,0.6820054945054945,13,True
4001,3114,2227,2080,30,3972,2,40,13,400,221,198,3972,1986,0.536,0.496,0.502,0.499,0.504,0.49637590602349413,1,2232,2071,0.6888888888888889,0.6321733821733821,0.5525,0.495,0.677324074074074,0.6001648351648351,13,True
4001,3248,3499,2087,30,3972,2,40,13,400,211,223,3972,1986,0.496,0.464,0.468,0.478,0.4835,0.49637590602349413,1,2168,2127,0.6691358024691358,0.6492673992673993,0.5275,0.5575,0.6466759259259259,0.6759432234432234,13,True
4001,1852,3704,2112,30,3972,2,40,13,400,217,239,3972,1986,0.512,0.508,0.54,0.514,0.492,0.49637590602349413,1,2213,2215,0.6830246913580247,0.6761294261294262,0.5425,0.5975,0.6650648148148148,0.7244413919413919,13,True
4001,2775,1850,2115,30,3972,2,40,13,400,235,226,3972,1986,0.48,0.52,0.498,0.507,0.505,0.49637590602349413,1,2242,2231,0.6919753086419753,0.681013431013431,0.5875,0.565,0.7202314814814815,0.68503663003663,13,True
4001,3370,913,2144,30,3972,2,40,13,400,217,222,3972,1987,0.48,0.48,0.494,0.5,0.497,0.4966258435391152,3,2192,2104,0.6765432098765433,0.6422466422466423,0.5425,0.555,0.6650648148148148,0.6729120879120879,13,True
4001,3344,2687,2145,30,3972,2,40,13,400,232,203,3972,1987,0.568,0.54,0.512,0.489,0.4955,0.4966258435391152,3,2224,2102,0.6864197530864198,0.6416361416361417,0.58,0.5075,0.7110370370370369,0.6153205128205127,13,True
4001,2510,1019,2219,30,3972,2,40,13,400,208,222,3972,1986,0.544,0.512,0.498,0.503,0.503,0.49637590602349413,1,2173,2173,0.6706790123456791,0.6633089133089133,0.52,0.555,0.6374814814814815,0.6729120879120879,13,True
4001,441,294,2257,30,3972,2,40,13,400,213,201,3972,1987,0.4,0.46,0.484,0.482,0.4915,0.4966258435391152,3,2176,2031,0.671604938271605,0.61996336996337,0.5325,0.5025,0.6528055555555554,0.6092582417582417,13,True
4001,3736,1157,2267,30,3972,2,40,13,400,214,203,3972,1986,0.52,0.492,0.496,0.49,0.495,0.49637590602349413,1,2223,2098,0.6861111111111111,0.6404151404151404,0.535,0.5075,0.6558703703703703,0.6153205128205127,13,True
4001,17,1345,2269,30,3972,2,40,13,400,218,196,3972,1987,0.52,0.5,0.488,0.488,0.507,0.4966258435391152,3,2149,2141,0.6632716049382716,0.6535409035409036,0.545,0.49,0.6681296296296297,0.5941025641025641,13,True
4001,1601,3202,2299,30,3972,2,40,13,400,226,215,3972,1987,0.424,0.476,0.508,0.495,0.4965,0.4966258435391152,3,2190,2098,0.6759259259259259,0.6404151404151404,0.565,0.5375,0.6926481481481481,0.6516941391941391,13,True
4001,3112,741,2348,30,3972,2,40,13,400,235,215,3972,1987,0.472,0.504,0.512,0.49,0.4875,0.4966258435391152,3,2253,2020,0.6953703703703704,0.6166056166056166,0.5875,0.5375,0.7202314814814815,0.6516941391941391,13,True
4001,1481,2321,2350,30,3972,2,40,13,400,223,223,3972,1986,0.544,0.568,0.52,0.504,0.4995,0.49637590602349413,1,2281,2201,0.7040123456790124,0.6718559218559218,0.5575,0.5575,0.6834537037037036,0.6759432234432234,13,True
4001,230,460,2356,30,3972,2,40,13,400,212,224,3972,1987,0.528,0.48,0.514,0.499,0.498,0.4966258435391152,3,2190,2201,0.6759259259259259,0.6718559218559218,0.53,0.56,0.6497407407407408,0.678974358974359,13,True
4001,1557,3114,2426,30,3972,2,40,13,400,216,233,3972,1986,0.416,0.436,0.478,0.478,0.489,0.49637590602349413,1,2272,2213,0.7012345679012346,0.6755189255189256,0.54,0.5825,0.662,0.7062545787545788,13,True
4001,1523,2349,2443,30,3972,2,40,13,400,233,218,3972,1986,0.488,0.504,0.49,0.511,0.5,0.49637590602349413,1,2278,2076,0.7030864197530864,0.6336996336996337,0.5825,0.545,0.7141018518518518,0.6607875457875458,13,True
4001,2977,1953,2453,30,3972,2,40,13,400,218,193,3972,1987,0.464,0.48,0.51,0.502,0.494,0.4966258435391152,3,2108,1941,0.6506172839506172,0.5924908424908425,0.545,0.4825,0.6681296296296297,0.5850091575091575,13,True
4001,2014,9,2505,30,3972,2,40,13,400,240,205,3972,1987,0.504,0.464,0.438,0.479,0.497,0.4966258435391152,3,2251,2070,0.6947530864197531,0.6318681318681318,0.6,0.5125,0.7355555555555555,0.6213827838827839,13,True
4001,2721,1814,2625,30,3972,2,40,13,400,248,246,3972,1987,0.384,0.404,0.42,0.467,0.4795,0.4966258435391152,3,2226,2165,0.687037037037037,0.6608669108669109,0.62,0.615,0.760074074074074,0.7456593406593406,13,True
4001,1427,2854,2637,30,3972,2,40,13,400,221,204,3972,1986,0.384,0.428,0.468,0.476,0.497,0.49637590602349413,1,2262,2208,0.6981481481481482,0.673992673992674,0.5525,0.51,0.677324074074074,0.6183516483516484,13,True
4001,3310,873,2666,30,3972,2,40,13,400,224,194,3972,1986,0.624,0.596,0.538,0.519,0.503,0.49637590602349413,1,2203,1906,0.6799382716049382,0.5818070818070818,0.56,0.485,0.6865185185185185,0.588040293040293,13,True
4001,1489,2978,2679,30,3972,2,40,13,400,232,227,3972,1987,0.52,0.5,0.522,0.507,0.499,0.4966258435391152,3,2215,1961,0.683641975308642,0.5985958485958486,0.58,0.5675,0.7110370370370369,0.6880677655677656,13,True
4001,2463,925,2683,30,3972,2,40,13,400,217,218,3972,1986,0.456,0.464,0.498,0.492,0.493,0.49637590602349413,1,2260,2195,0.6975308641975309,0.67002442002442,0.5425,0.545,0.6650648148148148,0.6607875457875458,13,True
4001,3098,3399,2694,30,3972,2,40,13,400,218,227,3972,1987,0.552,0.544,0.498,0.509,0.4915,0.4966258435391152,3,2232,2299,0.6888888888888889,0.7017704517704517,0.545,0.5675,0.6681296296296297,0.6880677655677656,13,True
4001,2351,2901,2715,30,3972,2,40,13,400,236,217,3972,1986,0.472,0.492,0.48,0.468,0.487,0.49637590602349413,1,2289,2131,0.7064814814814815,0.6504884004884005,0.59,0.5425,0.7232962962962963,0.6577564102564102,13,True
4001,1765,3844,2757,30,3972,2,40,13,400,206,207,3972,1986,0.392,0.496,0.486,0.488,0.495,0.49637590602349413,1,2277,2109,0.7027777777777777,0.6437728937728938,0.515,0.5175,0.6313518518518519,0.6274450549450549,13,True
4001,415,830,2763,30,3972,2,40,13,400,241,191,3972,1986,0.464,0.492,0.51,0.493,0.497,0.49637590602349413,1,2246,1962,0.6932098765432099,0.5989010989010989,0.6025,0.4775,0.7386203703703704,0.5789468864468864,13,True
4001,509,1018,2895,30,3972,2,40,13,400,222,209,3972,1986,0.512,0.512,0.484,0.494,0.4925,0.49637590602349413,1,2202,2104,0.6796296296296296,0.6422466422466423,0.555,0.5225,0.6803888888888889,0.633507326007326,13,True
4001,2100,1400,2907,30,3972,2,40,13,400,223,207,3972,1986,0.456,0.476,0.48,0.474,0.489,0.49637590602349413,1,2298,2105,0.7092592592592593,0.6425518925518926,0.5575,0.5175,0.6834537037037036,0.6274450549450549,13,True
4001,2175,1450,2916,30,3972,2,40,13,400,222,196,3972,1987,0.472,0.48,0.456,0.48,0.487,0.4966258435391152,3,2204,1951,0.6802469135802469,0.5955433455433455,0.555,0.49,0.6803888888888889,0.5941025641025641,13,True
4001,3159,2317,2934,30,3972,2,40,13,400,228,222,3972,1986,0.48,0.476,0.512,0.511,0.503,0.49637590602349413,1,2223,2143,0.6861111111111111,0.6541514041514042,0.57,0.555,0.6987777777777777,0.6729120879120879,13,True
4001,1961,2641,3021,30,3972,2,40,13,400,233,237,3972,1986,0.464,0.452,0.456,0.472,0.4845,0.49637590602349413,1,2270,2170,0.7006172839506173,0.6623931623931624,0.5825,0.5925,0.7141018518518518,0.7183791208791209,13,True
4001,3044,2087,3043,30,3972,2,40,13,400,228,227,3972,1986,0.472,0.472,0.476,0.513,0.5095,0.49637590602349413,1,2252,2112,0.6950617283950618,0.6446886446886447,0.57,0.5675,0.6987777777777777,0.6880677655677656,13,True
4001,148,2766,3045,30,3972,2,40,13,400,232,225,3972,1986,0.528,0.532,0.51,0.498,0.4975,0.49637590602349413,1,2179,2141,0.6725308641975308,0.6535409035409036,0.58,0.5625,0.7110370370370369,0.6820054945054945,13,True
4001,1038,692,3049,30,3972,2,40,13,400,226,216,3972,1986,0.424,0.436,0.452,0.48,0.499,0.49637590602349413,1,2214,2124,0.6833333333333333,0.6483516483516484,0.565,0.54,0.6926481481481481,0.6547252747252748,13,True
4001,1656,3312,3091,30,3972,2,40,13,400,206,216,3972,1987,0.464,0.432,0.48,0.488,0.493,0.4966258435391152,3,2212,2105,0.682716049382716,0.6425518925518926,0.515,0.54,0.6313518518518519,0.6547252747252748,13,True
4001,757,3172,3111,30,3972,2,40,13,400,214,216,3972,1987,0.504,0.472,0.474,0.487,0.494,0.4966258435391152,3,2223,2106,0.6861111111111111,0.6428571428571429,0.535,0.54,0.6558703703703703,0.6547252747252748,13,True
4001,1888,3776,3116,30,3972,2,40,13,400,223,223,3972,1987,0.464,0.488,0.484,0.489,0.5055,0.4966258435391152,3,2252,2189,0.6950617283950618,0.6681929181929182,0.5575,0.5575,0.6834537037037036,0.6759432234432234,13,True
4001,3633,3265,3132,30,3972,2,40,13,400,207,169,3972,1986,0.456,0.428,0.44,0.478,0.4985,0.49637590602349413,1,2211,1818,0.6824074074074075,0.554945054945055,0.5175,0.4225,0.6344166666666666,0.5122619047619047,13,True
4001,231,462,3222,30,3972,2,40,13,400,241,204,3972,1987,0.552,0.516,0.526,0.516,0.504,0.4966258435391152,3,2290,2152,0.7067901234567902,0.6568986568986569,0.6025,0.51,0.7386203703703704,0.6183516483516484,13,True
4001,2859,1906,3236,30,3972,2,40,13,400,235,201,3972,1987,0.512,0.496,0.464,0.481,0.4875,0.4966258435391152,3,2191,2047,0.6762345679012346,0.6248473748473748,0.5875,0.5025,0.7202314814814815,0.6092582417582417,13,True
4001,2750,3167,3271,30,3972,2,40,13,400,224,217,3972,1986,0.504,0.5,0.496,0.485,0.4945,0.49637590602349413,1,2183,2088,0.6737654320987654,0.6373626373626373,0.56,0.5425,0.6865185185185185,0.6577564102564102,13,True
4001,1452,2904,3279,30,3972,2,40,13,400,254,209,3972,1987,0.456,0.468,0.478,0.481,0.4875,0.4966258435391152,3,2278,2030,0.7030864197530864,0.6196581196581197,0.635,0.5225,0.778462962962963,0.633507326007326,13,True
4001,807,538,3322,30,3972,2,40,13,400,221,227,3972,1987,0.48,0.504,0.514,0.504,0.51,0.4966258435391152,3,2286,2106,0.7055555555555556,0.6428571428571429,0.5525,0.5675,0.677324074074074,0.6880677655677656,13,True
4001,3409,2817,3326,30,3972,2,40,13,400,232,225,3972,1986,0.496,0.516,0.502,0.496,0.496,0.49637590602349413,1,2240,2226,0.691358024691358,0.6794871794871795,0.58,0.5625,0.7110370370370369,0.6820054945054945,13,True
4001,976,3318,3337,30,3972,2,40,13,400,220,195,3972,1986,0.408,0.488,0.502,0.506,0.4915,0.49637590602349413,1,2190,1986,0.6759259259259259,0.6062271062271062,0.55,0.4875,0.6742592592592593,0.5910714285714286,13,True
4001,3188,2375,3345,30,3972,2,40,13,400,210,213,3972,1987,0.52,0.504,0.518,0.522,0.5005,0.4966258435391152,3,2168,2221,0.6691358024691358,0.677960927960928,0.525,0.5325,0.6436111111111111,0.645631868131868,13,True
4001,323,646,3378,30,3972,2,40,13,400,219,211,3972,1987,0.456,0.464,0.46,0.468,0.486,0.4966258435391152,3,2194,1911,0.6771604938271605,0.5833333333333334,0.5475,0.5275,0.6711944444444444,0.639569597069597,13,True
4001,729,1458,3381,30,3972,2,40,13,400,221,183,3972,1986,0.536,0.56,0.516,0.497,0.499,0.49637590602349413,1,2156,1898,0.6654320987654321,0.5793650793650794,0.5525,0.4575,0.677324074074074,0.5546978021978022,13,True
4001,1992,1328,3398,30,3972,2,40,13,400,223,190,3972,1986,0.52,0.492,0.464,0.493,0.4985,0.49637590602349413,1,2223,2075,0.6861111111111111,0.6333943833943834,0.5575,0.475,0.6834537037037036,0.5759157509157509,13,True
4001,2195,389,3414,30,3972,2,40,13,400,253,198,3972,1987,0.488,0.488,0.474,0.478,0.504,0.4966258435391152,3,2277,2075,0.7027777777777777,0.6333943833943834,0.6325,0.495,0.7753981481481481,0.6001648351648351,13,True
4001,646,3098,3477,30,3972,2,40,13,400,233,207,3972,1986,0.504,0.496,0.492,0.482,0.488,0.49637590602349413,1,2297,1970,0.7089506172839506,0.6013431013431013,0.5825,0.5175,0.7141018518518518,0.6274450549450549,13,True
4001,3515,3677,3528,30,3972,2,40,13,400,227,222,3972,1987,0.52,0.516,0.482,0.492,0.5075,0.4966258435391152,3,2297,2090,0.7089506172839506,0.6379731379731379,0.5675,0.555,0.695712962962963,0.6729120879120879,13,True
4001,3702,3403,3547,30,3972,2,40,13,400,207,194,3972,1986,0.56,0.528,0.526,0.516,0.509,0.49637590602349413,1,2164,2014,0.6679012345679012,0.6147741147741148,0.5175,0.485,0.6344166666666666,0.588040293040293,13,True
4001,386,772,3601,30,3972,2,40,13,400,236,223,3972,1987,0.504,0.552,0.53,0.512,0.5005,0.4966258435391152,3,2248,2117,0.6938271604938272,0.6462148962148963,0.59,0.5575,0.7232962962962963,0.6759432234432234,13,True
4001,2565,1710,3633,30,3972,2,40,13,400,235,213,3972,1986,0.464,0.46,0.482,0.479,0.4915,0.49637590602349413,1,2265,2172,0.6990740740740741,0.663003663003663,0.5875,0.5325,0.7202314814814815,0.645631868131868,13,True
4001,1272,848,3635,30,3972,2,40,13,400,223,206,3972,1987,0.472,0.444,0.476,0.502,0.5055,0.4966258435391152,3,2236,2055,0.6901234567901234,0.6272893772893773,0.5575,0.515,0.6834537037037036,0.6244139194139194,13,True
4001,2725,483,3709,30,3972,2,40,13,400,220,215,3972,1986,0.536,0.54,0.528,0.502,0.5025,0.49637590602349413,1,2194,2119,0.6771604938271605,0.6468253968253969,0.55,0.5375,0.6742592592592593,0.6516941391941391,13,True
4001,1520,2347,3842,30,3972,2,40,13,400,227,213,3972,1986,0.56,0.5,0.494,0.484,0.4875,0.49637590602349413,1,2210,2117,0.6820987654320988,0.6462148962148963,0.5675,0.5325,0.695712962962963,0.645631868131868,13,True
4001,1121,2242,3890,30,3972,2,40,13,400,242,206,3972,1986,0.472,0.508,0.492,0.493,0.5,0.49637590602349413,1,2252,2088,0.6950617283950618,0.6373626373626373,0.605,0.515,0.7416851851851851,0.6244139194139194,13,True
4001,830,1887,3912,30,3972,2,40,13,400,211,207,3972,1986,0.48,0.504,0.51,0.498,0.496,0.49637590602349413,1,2123,2040,0.6552469135802469,0.6227106227106227,0.5275,0.5175,0.6466759259259259,0.6274450549450549,13,True
4001,3858,2572,3937,30,3972,2,40,13,400,223,216,3972,1987,0.44,0.488,0.518,0.504,0.499,0.4966258435391152,3,2154,2144,0.6648148148148149,0.6544566544566545,0.5575,0.54,0.6834537037037036,0.6547252747252748,13,True
4001,109,2740,3968,30,3972,2,40,13,400,207,208,3972,1987,0.432,0.488,0.476,0.473,0.478,0.4966258435391152,3,2129,2093,0.6570987654320988,0.6388888888888888,0.5175,0.52,0.6344166666666666,0.6304761904761905,13,True
4001,1031,2021,3975,30,3972,2,40,13,400,218,229,3972,1986,0.56,0.536,0.49,0.505,0.508,0.49637590602349413,1,2213,2280,0.6830246913580247,0.6959706959706959,0.545,0.5725,0.6681296296296297,0.6941300366300367,13,True
4001,849,566,3976,30,3972,2,40,13,400,216,199,3972,1986,0.512,0.488,0.518,0.511,0.497,0.49637590602349413,1,2161,2016,0.6669753086419753,0.6153846153846154,0.54,0.4975,0.662,0.6031959706959706,13,True
4001,1211,2141,3978,30,3972,2,40,13,400,206,204,3972,1987,0.56,0.536,0.516,0.509,0.503,0.4966258435391152,3,2207,2119,0.6811728395061728,0.6468253968253969,0.515,0.51,0.6313518518518519,0.6183516483516484,13,True
4001,3506,3671,3983,30,3972,2,40,13,400,219,201,3972,1987,0.496,0.48,0.49,0.499,0.49,0.4966258435391152,3,2123,1932,0.6552469135802469,0.5897435897435898,0.5475,0.5025,0.6711944444444444,0.6092582417582417,13,True
4001,2442,883,3994,30,3972,2,40,13,400,244,179,3972,1987,0.416,0.48,0.516,0.505,0.504,0.4966258435391152,3,2242,2061,0.6919753086419753,0.6291208791208791,0.61,0.4475,0.7478148148148148,0.5425732600732601,13,True
4001,139,278,49,-30,4032,2,40,13,400,221,200,4032,2017,0.488,0.464,0.48,0.492,0.508,0.504123969007748,3,2261,2081,0.6978395061728395,0.6352258852258852,0.5525,0.5,0.6875555555555555,0.6153846153846154,13,True
4001,3168,2112,76,-30,4032,2,40,13,400,219,217,4032,2017,0.552,0.524,0.526,0.515,0.5065,0.504123969007748,3,2281,2089,0.7040123456790124,0.6376678876678876,0.5475,0.5425,0.6813333333333333,0.6676923076923077,13,True
4001,237,158,106,-30,4032,2,40,13,400,219,209,4032,2016,0.464,0.492,0.498,0.501,0.496,0.503874031492127,1,2287,2232,0.7058641975308642,0.6813186813186813,0.5475,0.5225,0.6813333333333333,0.643076923076923,13,True
4001,266,1511,147,-30,4032,2,40,13,400,224,221,4032,2017,0.48,0.504,0.5,0.497,0.498,0.504123969007748,3,2296,2010,0.7086419753086419,0.6135531135531136,0.56,0.5525,0.6968888888888889,0.6799999999999999,13,True
4001,2096,191,155,-30,4032,2,40,13,400,237,253,4032,2017,0.488,0.52,0.528,0.518,0.499,0.504123969007748,3,2199,2214,0.6787037037037037,0.6758241758241759,0.5925,0.6325,0.7373333333333334,0.7784615384615384,13,True
4001,2690,3127,227,-30,4032,2,40,13,400,229,221,4032,2017,0.472,0.488,0.49,0.488,0.5125,0.504123969007748,3,2177,2166,0.6719135802469136,0.6611721611721612,0.5725,0.5525,0.7124444444444445,0.6799999999999999,13,True
4001,1033,3356,240,-30,4032,2,40,13,400,229,231,4032,2016,0.528,0.488,0.492,0.498,0.508,0.503874031492127,1,2296,2303,0.7086419753086419,0.7029914529914529,0.5725,0.5775,0.7124444444444445,0.7107692307692308,13,True
4001,3653,3769,247,-30,4032,2,40,13,400,212,207,4032,2017,0.512,0.488,0.486,0.497,0.5005,0.504123969007748,3,2261,2148,0.6978395061728395,0.6556776556776557,0.53,0.5175,0.6595555555555556,0.6369230769230769,13,True
4001,3220,813,305,-30,4032,2,40,13,400,234,225,4032,2017,0.416,0.436,0.452,0.471,0.482,0.504123969007748,3,2197,2141,0.6780864197530864,0.6535409035409036,0.585,0.5625,0.728,0.6923076923076923,13,True
4001,1823,3646,310,-30,4032,2,40,13,400,213,205,4032,2016,0.44,0.492,0.5,0.506,0.5055,0.503874031492127,1,2210,2054,0.6820987654320988,0.626984126984127,0.5325,0.5125,0.6626666666666666,0.6307692307692306,13,True
4001,3456,2304,335,-30,4032,2,40,13,400,223,207,4032,2016,0.52,0.54,0.472,0.499,0.509,0.503874031492127,1,2220,2139,0.6851851851851852,0.6529304029304029,0.5575,0.5175,0.6937777777777778,0.6369230769230769,13,True
4001,2653,1305,361,-30,4032,2,40,13,400,214,194,4032,2016,0.568,0.512,0.508,0.505,0.505,0.503874031492127,1,2240,2094,0.691358024691358,0.6391941391941391,0.535,0.485,0.6657777777777779,0.5969230769230769,13,True
4001,1434,2868,398,-30,4032,2,40,13,400,227,227,4032,2017,0.528,0.52,0.524,0.496,0.5005,0.504123969007748,3,2242,2259,0.6919753086419753,0.6895604395604396,0.5675,0.5675,0.7062222222222222,0.6984615384615385,13,True
4001,1354,3570,477,-30,4032,2,40,13,400,222,227,4032,2016,0.448,0.456,0.488,0.488,0.495,0.503874031492127,1,2209,2217,0.6817901234567901,0.6767399267399268,0.555,0.5675,0.6906666666666668,0.6984615384615385,13,True
4001,1895,2597,549,-30,4032,2,40,13,400,215,196,4032,2016,0.584,0.588,0.528,0.507,0.5135,0.503874031492127,1,2226,1970,0.687037037037037,0.6013431013431013,0.5375,0.49,0.6688888888888889,0.6030769230769231,13,True
4001,1333,2666,564,-30,4032,2,40,13,400,210,200,4032,2016,0.512,0.472,0.482,0.507,0.5075,0.503874031492127,1,2253,2042,0.6953703703703704,0.6233211233211233,0.525,0.5,0.6533333333333334,0.6153846153846154,13,True
4001,3601,1067,572,-30,4032,2,40,13,400,234,227,4032,2017,0.504,0.548,0.554,0.513,0.5175,0.504123969007748,3,2228,2067,0.6876543209876543,0.6309523809523809,0.585,0.5675,0.728,0.6984615384615385,13,True
4001,3930,3859,606,-30,4032,2,40,13,400,205,221,4032,2016,0.464,0.476,0.492,0.499,0.4925,0.503874031492127,1,2247,2160,0.6935185185185185,0.6593406593406593,0.5125,0.5525,0.6377777777777777,0.6799999999999999,13,True
4001,856,3238,660,-30,4032,2,40,13,400,209,177,4032,2016,0.472,0.468,0.48,0.496,0.509,0.503874031492127,1,2227,1777,0.6873456790123457,0.5424297924297924,0.5225,0.4425,0.6502222222222221,0.5446153846153846,13,True
4001,1485,990,692,-30,4032,2,40,13,400,217,193,4032,2016,0.48,0.484,0.49,0.514,0.4985,0.503874031492127,1,2230,1972,0.6882716049382716,0.6019536019536019,0.5425,0.4825,0.6751111111111111,0.5938461538461538,13,True
4001,1946,3892,733,-30,4032,2,40,13,400,221,194,4032,2016,0.464,0.452,0.496,0.514,0.4995,0.503874031492127,1,2218,2032,0.6845679012345679,0.6202686202686203,0.5525,0.485,0.6875555555555555,0.5969230769230769,13,True
4001,2449,897,759,-30,4032,2,40,13,400,227,199,4032,2017,0.528,0.508,0.504,0.517,0.5025,0.504123969007748,3,2222,2001,0.6858024691358025,0.6108058608058609,0.5675,0.4975,0.7062222222222222,0.6123076923076923,13,True
4001,3605,3209,781,-30,4032,2,40,13,400,224,235,4032,2016,0.512,0.472,0.488,0.496,0.516,0.503874031492127,1,2287,2193,0.7058641975308642,0.6694139194139194,0.56,0.5875,0.6968888888888889,0.7230769230769232,13,True
4001,746,1831,829,-30,4032,2,40,13,400,234,217,4032,2017,0.64,0.58,0.542,0.52,0.514,0.504123969007748,3,2267,2186,0.6996913580246914,0.6672771672771672,0.585,0.5425,0.728,0.6676923076923077,13,True
4001,1583,3166,869,-30,4032,2,40,13,400,204,238,4032,2016,0.488,0.536,0.526,0.525,0.507,0.503874031492127,1,2255,2239,0.6959876543209876,0.6834554334554335,0.51,0.595,0.6346666666666667,0.7323076923076923,13,True
4001,763,1526,889,-30,4032,2,40,13,400,229,233,4032,2017,0.56,0.528,0.524,0.507,0.511,0.504123969007748,3,2244,2248,0.6925925925925925,0.6862026862026862,0.5725,0.5825,0.7124444444444445,0.7169230769230769,13,True
4001,1077,718,923,-30,4032,2,40,13,400,207,183,4032,2016,0.48,0.496,0.484,0.485,0.4985,0.503874031492127,1,2200,2044,0.6790123456790124,0.6239316239316239,0.5175,0.4575,0.644,0.5630769230769231,13,True
4001,3467,3645,924,-30,4032,2,40,13,400,211,234,4032,2017,0.504,0.484,0.478,0.502,0.4955,0.504123969007748,3,2203,2155,0.6799382716049382,0.6578144078144078,0.5275,0.585,0.6564444444444444,0.72,13,True
4001,1147,3432,972,-30,4032,2,40,13,400,215,194,4032,2016,0.456,0.496,0.49,0.499,0.5125,0.503874031492127,1,2219,2029,0.6848765432098766,0.6193528693528694,0.5375,0.485,0.6688888888888889,0.5969230769230769,13,True
4001,1565,3130,995,-30,4032,2,40,13,400,199,231,4032,2016,0.488,0.52,0.512,0.503,0.507,0.503874031492127,1,2208,2076,0.6814814814814815,0.6336996336996337,0.4975,0.5775,0.6191111111111112,0.7107692307692308,13,True
4001,3796,1197,1001,-30,4032,2,40,13,400,231,197,4032,2016,0.52,0.488,0.508,0.509,0.5015,0.503874031492127,1,2272,2034,0.7012345679012346,0.6208791208791209,0.5775,0.4925,0.7186666666666667,0.6061538461538462,13,True
4001,1567,3134,1016,-30,4032,2,40,13,400,234,214,4032,2017,0.368,0.46,0.48,0.492,0.4875,0.504123969007748,3,2215,2210,0.683641975308642,0.6746031746031746,0.585,0.535,0.728,0.6584615384615385,13,True
4001,1531,3688,1083,-30,4032,2,40,13,400,219,230,4032,2017,0.48,0.444,0.472,0.477,0.4855,0.504123969007748,3,2204,2074,0.6802469135802469,0.6330891330891331,0.5475,0.575,0.6813333333333333,0.7076923076923076,13,True
4001,2374,747,1117,-30,4032,2,40,13,400,211,251,4032,2017,0.568,0.556,0.536,0.521,0.504,0.504123969007748,3,2239,2217,0.6910493827160494,0.6767399267399268,0.5275,0.6275,0.6564444444444444,0.7723076923076923,13,True
4001,1578,3156,1153,-30,4032,2,40,13,400,227,223,4032,2016,0.504,0.508,0.492,0.497,0.504,0.503874031492127,1,2270,2080,0.7006172839506173,0.6349206349206349,0.5675,0.5575,0.7062222222222222,0.6861538461538462,13,True
4001,2460,919,1188,-30,4032,2,40,13,400,216,210,4032,2016,0.504,0.492,0.49,0.504,0.503,0.503874031492127,1,2202,2078,0.6796296296296296,0.6343101343101343,0.54,0.525,0.672,0.6461538461538462,13,True
4001,3656,3771,1322,-30,4032,2,40,13,400,221,205,4032,2017,0.448,0.476,0.492,0.493,0.502,0.504123969007748,3,2238,2174,0.6907407407407408,0.6636141636141636,0.5525,0.5125,0.6875555555555555,0.6307692307692306,13,True
4001,140,1427,1356,-30,4032,2,40,13,400,237,199,4032,2016,0.472,0.448,0.458,0.476,0.499,0.503874031492127,1,2295,2119,0.7083333333333334,0.6468253968253969,0.5925,0.4975,0.7373333333333334,0.6123076923076923,13,True
4001,3062,2123,1358,-30,4032,2,40,13,400,201,210,4032,2016,0.504,0.5,0.5,0.505,0.509,0.503874031492127,1,2158,2007,0.6660493827160494,0.6126373626373627,0.5025,0.525,0.6253333333333332,0.6461538461538462,13,True
4001,2324,647,1378,-30,4032,2,40,13,400,228,213,4032,2017,0.48,0.528,0.518,0.509,0.5155,0.504123969007748,3,2196,2133,0.6777777777777778,0.6510989010989011,0.57,0.5325,0.7093333333333333,0.6553846153846153,13,True
4001,761,1841,1407,-30,4032,2,40,13,400,226,206,4032,2016,0.496,0.524,0.528,0.51,0.5165,0.503874031492127,1,2253,1996,0.6953703703703704,0.6092796092796092,0.565,0.515,0.7031111111111111,0.6338461538461538,13,True
4001,1046,2031,1437,-30,4032,2,40,13,400,224,217,4032,2016,0.448,0.472,0.52,0.51,0.521,0.503874031492127,1,2272,2111,0.7012345679012346,0.6443833943833944,0.56,0.5425,0.6968888888888889,0.6676923076923077,13,True
4001,1841,3682,1446,-30,4032,2,40,13,400,229,220,4032,2016,0.552,0.508,0.494,0.494,0.494,0.503874031492127,1,2209,2142,0.6817901234567901,0.6538461538461539,0.5725,0.55,0.7124444444444445,0.6769230769230771,13,True
4001,2405,2937,1460,-30,4032,2,40,13,400,234,247,4032,2016,0.512,0.48,0.466,0.466,0.493,0.503874031492127,1,2196,2328,0.6777777777777778,0.7106227106227107,0.585,0.6175,0.728,0.7600000000000001,13,True
4001,1948,3966,1469,-30,4032,2,40,13,400,238,213,4032,2016,0.496,0.488,0.49,0.499,0.51,0.503874031492127,1,2294,2063,0.7080246913580247,0.6297313797313797,0.595,0.5325,0.7404444444444445,0.6553846153846153,13,True
4001,742,3162,1474,-30,4032,2,40,13,400,235,192,4032,2017,0.504,0.48,0.516,0.51,0.505,0.504123969007748,3,2233,2216,0.6891975308641975,0.6764346764346765,0.5875,0.48,0.7311111111111112,0.5907692307692307,13,True
4001,3697,3393,1492,-30,4032,2,40,13,400,198,188,4032,2017,0.568,0.532,0.516,0.516,0.51,0.504123969007748,3,2159,1991,0.6663580246913581,0.6077533577533577,0.495,0.47,0.616,0.5784615384615385,13,True
4001,3861,2574,1503,-30,4032,2,40,13,400,232,249,4032,2017,0.528,0.488,0.482,0.481,0.497,0.504123969007748,3,2241,2253,0.6916666666666667,0.6877289377289377,0.58,0.6225,0.7217777777777777,0.7661538461538462,13,True
4001,352,704,1531,-30,4032,2,40,13,400,213,214,4032,2017,0.456,0.496,0.5,0.515,0.514,0.504123969007748,3,2200,2083,0.6790123456790124,0.6358363858363858,0.5325,0.535,0.6626666666666666,0.6584615384615385,13,True
4001,3997,3993,1613,-30,4032,2,40,13,400,229,217,4032,2016,0.496,0.52,0.508,0.503,0.5125,0.503874031492127,1,2305,2123,0.7114197530864198,0.6480463980463981,0.5725,0.5425,0.7124444444444445,0.6676923076923077,13,True
4001,2891,1781,1627,-30,4032,2,40,13,400,248,221,4032,2016,0.552,0.58,0.544,0.521,0.516,0.503874031492127,1,2284,2290,0.7049382716049383,0.699023199023199,0.62,0.5525,0.7715555555555556,0.6799999999999999,13,True
4001,1250,2500,1657,-30,4032,2,40,13,400,222,223,4032,2017,0.568,0.552,0.524,0.507,0.5075,0.504123969007748,3,2224,2298,0.6864197530864198,0.7014652014652014,0.555,0.5575,0.6906666666666668,0.6861538461538462,13,True
4001,831,554,1693,-30,4032,2,40,13,400,211,209,4032,2017,0.496,0.504,0.474,0.506,0.502,0.504123969007748,3,2164,2102,0.6679012345679012,0.6416361416361417,0.5275,0.5225,0.6564444444444444,0.643076923076923,13,True
4001,2043,1362,1702,-30,4032,2,40,13,400,224,234,4032,2017,0.496,0.532,0.528,0.532,0.5125,0.504123969007748,3,2245,2167,0.6929012345679012,0.6614774114774115,0.56,0.585,0.6968888888888889,0.72,13,True
4001,2765,3177,1703,-30,4032,2,40,13,400,225,206,4032,2017,0.584,0.552,0.52,0.518,0.504,0.504123969007748,3,2182,2108,0.6734567901234568,0.6434676434676435,0.5625,0.515,0.7,0.6338461538461538,13,True
4001,199,398,1734,-30,4032,2,40,13,400,225,218,4032,2016,0.384,0.436,0.488,0.496,0.4895,0.503874031492127,1,2300,2172,0.7098765432098766,0.663003663003663,0.5625,0.545,0.7,0.6707692307692308,13,True
4001,3164,3443,1763,-30,4032,2,40,13,400,220,214,4032,2017,0.552,0.544,0.54,0.525,0.505,0.504123969007748,3,2237,2174,0.6904320987654321,0.6636141636141636,0.55,0.535,0.6844444444444445,0.6584615384615385,13,True
4001,3651,2434,1766,-30,4032,2,40,13,400,226,175,4032,2017,0.52,0.5,0.494,0.498,0.507,0.504123969007748,3,2214,1844,0.6833333333333333,0.5628815628815629,0.565,0.4375,0.7031111111111111,0.5384615384615384,13,True
4001,3951,3901,1843,-30,4032,2,40,13,400,231,198,4032,2016,0.576,0.52,0.512,0.509,0.504,0.503874031492127,1,2182,2020,0.6734567901234568,0.6166056166056166,0.5775,0.495,0.7186666666666667,0.6092307692307692,13,True
4001,3282,2188,1847,-30,4032,2,40,13,400,220,218,4032,2016,0.496,0.524,0.532,0.517,0.501,0.503874031492127,1,2226,2227,0.687037037037037,0.6797924297924298,0.55,0.545,0.6844444444444445,0.6707692307692308,13,True
4001,113,226,1852,-30,4032,2,40,13,400,213,124,4032,2017,0.464,0.464,0.468,0.484,0.491,0.504123969007748,3,2198,2001,0.678395061728395,0.6108058608058609,0.5325,0.31,0.6626666666666666,0.38153846153846155,13,True
4001,2065,129,1874,-30,4032,2,40,13,400,224,193,4032,2016,0.504,0.5,0.522,0.511,0.514,0.503874031492127,1,2207,1962,0.6811728395061728,0.5989010989010989,0.56,0.4825,0.6968888888888889,0.5938461538461538,13,True
4001,1584,1056,1876,-30,4032,2,40,13,400,236,194,4032,2016,0.496,0.548,0.502,0.508,0.515,0.503874031492127,1,2212,2206,0.682716049382716,0.6733821733821734,0.59,0.485,0.7342222222222221,0.5969230769230769,13,True
4001,3966,2644,1890,-30,4032,2,40,13,400,223,197,4032,2017,0.504,0.484,0.508,0.511,0.5125,0.504123969007748,3,2231,1980,0.6885802469135802,0.6043956043956044,0.5575,0.4925,0.6937777777777778,0.6061538461538462,13,True
4001,3328,885,1891,-30,4032,2,40,13,400,236,200,4032,2016,0.568,0.54,0.522,0.514,0.502,0.503874031492127,1,2236,2130,0.6901234567901234,0.6501831501831502,0.59,0.5,0.7342222222222221,0.6153846153846154,13,True
4001,1206,2412,1953,-30,4032,2,40,13,400,224,225,4032,2017,0.44,0.488,0.49,0.51,0.518,0.504123969007748,3,2255,2131,0.6959876543209876,0.6504884004884005,0.56,0.5625,0.6968888888888889,0.6923076923076923,13,True
4001,690,1380,1981,-30,4032,2,40,13,400,278,170,4032,2017,0.536,0.496,0.494,0.501,0.511,0.504123969007748,3,2275,2024,0.7021604938271605,0.6178266178266179,0.695,0.425,0.8648888888888888,0.523076923076923,13,True
4001,977,1985,1984,-30,4032,2,40,13,400,236,198,4032,2017,0.528,0.524,0.512,0.525,0.5145,0.504123969007748,3,2279,2085,0.703395061728395,0.6364468864468864,0.59,0.495,0.7342222222222221,0.6092307692307692,13,True
4001,3698,3395,2071,-30,4032,2,40,13,400,210,194,4032,2017,0.456,0.492,0.518,0.506,0.506,0.504123969007748,3,2253,2128,0.6953703703703704,0.6495726495726496,0.525,0.485,0.6533333333333334,0.5969230769230769,13,True
4001,1478,2319,2073,-30,4032,2,40,13,400,202,226,4032,2017,0.496,0.476,0.494,0.504,0.504,0.504123969007748,3,2225,2151,0.6867283950617284,0.6565934065934066,0.505,0.565,0.6284444444444445,0.6953846153846154,13,True
4001,346,2898,2080,-30,4032,2,40,13,400,201,210,4032,2016,0.528,0.516,0.5,0.5,0.499,0.503874031492127,1,2147,2143,0.6626543209876543,0.6541514041514042,0.5025,0.525,0.6253333333333332,0.6461538461538462,13,True
4001,1225,2450,2087,-30,4032,2,40,13,400,227,227,4032,2016,0.488,0.512,0.506,0.51,0.513,0.503874031492127,1,2242,2253,0.6919753086419753,0.6877289377289377,0.5675,0.5675,0.7062222222222222,0.6984615384615385,13,True
4001,1984,3990,2112,-30,4032,2,40,13,400,210,233,4032,2016,0.472,0.464,0.51,0.507,0.503,0.503874031492127,1,2259,2156,0.6972222222222222,0.6581196581196581,0.525,0.5825,0.6533333333333334,0.7169230769230769,13,True
4001,969,1938,2115,-30,4032,2,40,13,400,246,190,4032,2016,0.52,0.512,0.51,0.511,0.502,0.503874031492127,1,2326,2041,0.7179012345679012,0.623015873015873,0.615,0.475,0.7653333333333333,0.5846153846153845,13,True
4001,2323,645,2144,-30,4032,2,40,13,400,231,227,4032,2017,0.56,0.496,0.516,0.512,0.503,0.504123969007748,3,2274,2186,0.7018518518518518,0.6672771672771672,0.5775,0.5675,0.7186666666666667,0.6984615384615385,13,True
4001,3928,1285,2145,-30,4032,2,40,13,400,209,205,4032,2017,0.432,0.464,0.492,0.492,0.497,0.504123969007748,3,2205,2056,0.6805555555555556,0.6275946275946276,0.5225,0.5125,0.6502222222222221,0.6307692307692306,13,True
4001,1168,3446,2219,-30,4032,2,40,13,400,205,232,4032,2016,0.504,0.488,0.478,0.486,0.4965,0.503874031492127,1,2238,2250,0.6907407407407408,0.6868131868131868,0.5125,0.58,0.6377777777777777,0.7138461538461538,13,True
4001,3969,3937,2257,-30,4032,2,40,13,400,220,215,4032,2017,0.536,0.548,0.554,0.514,0.5055,0.504123969007748,3,2270,2168,0.7006172839506173,0.6617826617826618,0.55,0.5375,0.6844444444444445,0.6615384615384615,13,True
4001,1616,3232,2267,-30,4032,2,40,13,400,216,209,4032,2016,0.448,0.508,0.5,0.491,0.4915,0.503874031492127,1,2288,2010,0.7061728395061728,0.6135531135531136,0.54,0.5225,0.672,0.643076923076923,13,True
4001,153,306,2269,-30,4032,2,40,13,400,238,291,4032,2017,0.472,0.48,0.492,0.503,0.4995,0.504123969007748,3,2233,2173,0.6891975308641975,0.6633089133089133,0.595,0.7275,0.7404444444444445,0.8953846153846154,13,True
4001,1067,2045,2299,-30,4032,2,40,13,400,222,225,4032,2017,0.536,0.524,0.498,0.513,0.5095,0.504123969007748,3,2265,2289,0.6990740740740741,0.6987179487179487,0.555,0.5625,0.6906666666666668,0.6923076923076923,13,True
4001,1,2,2348,-30,4032,2,40,13,400,212,187,4032,2017,0.408,0.46,0.504,0.494,0.5015,0.504123969007748,3,2211,2014,0.6824074074074075,0.6147741147741148,0.53,0.4675,0.6595555555555556,0.5753846153846154,13,True
4001,1326,2652,2350,-30,4032,2,40,13,400,211,226,4032,2016,0.432,0.472,0.46,0.498,0.4845,0.503874031492127,1,2226,2194,0.687037037037037,0.6697191697191697,0.5275,0.565,0.6564444444444444,0.6953846153846154,13,True
4001,3582,2388,2356,-30,4032,2,40,13,400,198,207,4032,2017,0.496,0.5,0.496,0.507,0.514,0.504123969007748,3,2186,2092,0.6746913580246914,0.6385836385836385,0.495,0.5175,0.616,0.6369230769230769,13,True
4001,173,1449,2426,-30,4032,2,40,13,400,219,236,4032,2016,0.528,0.54,0.526,0.513,0.5,0.503874031492127,1,2259,2219,0.6972222222222222,0.6773504273504274,0.5475,0.59,0.6813333333333333,0.726153846153846,13,True
4001,1704,3408,2443,-30,4032,2,40,13,400,226,201,4032,2016,0.52,0.488,0.496,0.499,0.502,0.503874031492127,1,2288,2104,0.7061728395061728,0.6422466422466423,0.565,0.5025,0.7031111111111111,0.6184615384615384,13,True
4001,2109,1406,2453,-30,4032,2,40,13,400,242,213,4032,2017,0.496,0.488,0.496,0.509,0.505,0.504123969007748,3,2258,2063,0.6969135802469136,0.6297313797313797,0.605,0.5325,0.7528888888888889,0.6553846153846153,13,True
4001,2122,243,2505,-30,4032,2,40,13,400,227,222,4032,2017,0.448,0.456,0.486,0.496,0.509,0.504123969007748,3,2267,2201,0.6996913580246914,0.6718559218559218,0.5675,0.555,0.7062222222222222,0.6830769230769231,13,True
4001,483,966,2625,-30,4032,2,40,13,400,223,221,4032,2017,0.592,0.588,0.544,0.517,0.511,0.504123969007748,3,2268,2228,0.7,0.6800976800976801,0.5575,0.5525,0.6937777777777778,0.6799999999999999,13,True
4001,3715,1143,2637,-30,4032,2,40,13,400,220,208,4032,2016,0.504,0.528,0.512,0.523,0.515,0.503874031492127,1,2264,2092,0.6987654320987654,0.6385836385836385,0.55,0.52,0.6844444444444445,0.64,13,True
4001,1783,3566,2666,-30,4032,2,40,13,400,222,224,4032,2016,0.512,0.484,0.472,0.488,0.4945,0.503874031492127,1,2250,2146,0.6944444444444444,0.6550671550671551,0.555,0.56,0.6906666666666668,0.6892307692307692,13,True
4001,610,3074,2679,-30,4032,2,40,13,400,233,249,4032,2017,0.4,0.396,0.466,0.48,0.4895,0.504123969007748,3,2251,2277,0.6947530864197531,0.695054945054945,0.5825,0.6225,0.7248888888888888,0.7661538461538462,13,True
4001,2941,627,2683,-30,4032,2,40,13,400,210,235,4032,2016,0.496,0.524,0.51,0.524,0.5155,0.503874031492127,1,2257,2188,0.696604938271605,0.6678876678876678,0.525,0.5875,0.6533333333333334,0.7230769230769232,13,True
4001,3876,3751,2694,-30,4032,2,40,13,400,231,262,4032,2017,0.488,0.464,0.464,0.482,0.5035,0.504123969007748,3,2209,1824,0.6817901234567901,0.5567765567765568,0.5775,0.655,0.7186666666666667,0.8061538461538461,13,True
4001,1154,2308,2715,-30,4032,2,40,13,400,220,205,4032,2016,0.528,0.528,0.512,0.507,0.499,0.503874031492127,1,2212,2198,0.682716049382716,0.6709401709401709,0.55,0.5125,0.6844444444444445,0.6307692307692306,13,True
4001,3882,3763,2757,-30,4032,2,40,13,400,220,209,4032,2016,0.512,0.532,0.538,0.52,0.507,0.503874031492127,1,2263,2024,0.6984567901234567,0.6178266178266179,0.55,0.5225,0.6844444444444445,0.643076923076923,13,True
4001,3158,3439,2763,-30,4032,2,40,13,400,234,208,4032,2016,0.464,0.464,0.494,0.498,0.4885,0.503874031492127,1,2199,2102,0.6787037037037037,0.6416361416361417,0.585,0.52,0.728,0.64,13,True
4001,3613,1075,2895,-30,4032,2,40,13,400,225,198,4032,2016,0.536,0.492,0.52,0.51,0.504,0.503874031492127,1,2286,2033,0.7055555555555556,0.6205738705738706,0.5625,0.495,0.7,0.6092307692307692,13,True
4001,2896,1791,2907,-30,4032,2,40,13,400,225,222,4032,2016,0.472,0.488,0.536,0.51,0.5025,0.503874031492127,1,2264,2309,0.6987654320987654,0.7048229548229549,0.5625,0.555,0.7,0.6830769230769231,13,True
4001,3571,3141,2916,-30,4032,2,40,13,400,211,165,4032,2017,0.552,0.516,0.504,0.518,0.5225,0.504123969007748,3,2204,2047,0.6802469135802469,0.6248473748473748,0.5275,0.4125,0.6564444444444444,0.5076923076923077,13,True
4001,351,234,2934,-30,4032,2,40,13,400,234,197,4032,2016,0.456,0.456,0.482,0.493,0.4965,0.503874031492127,1,2224,1977,0.6864197530864198,0.6034798534798534,0.585,0.4925,0.728,0.6061538461538462,13,True
4001,1645,3290,3021,-30,4032,2,40,13,400,213,231,4032,2016,0.512,0.5,0.512,0.522,0.518,0.503874031492127,1,2266,2212,0.6993827160493827,0.6752136752136753,0.5325,0.5775,0.6626666666666666,0.7107692307692308,13,True
4001,2561,3041,3043,-30,4032,2,40,13,400,212,218,4032,2016,0.52,0.508,0.498,0.493,0.4995,0.503874031492127,1,2212,2056,0.682716049382716,0.6275946275946276,0.53,0.545,0.6595555555555556,0.6707692307692308,13,True
4001,1332,2664,3045,-30,4032,2,40,13,400,218,167,4032,2016,0.488,0.528,0.508,0.506,0.5115,0.503874031492127,1,2205,1858,0.6805555555555556,0.5671550671550671,0.545,0.4175,0.6782222222222223,0.5138461538461538,13,True
4001,1340,2680,3049,-30,4032,2,40,13,400,223,191,4032,2016,0.544,0.508,0.508,0.516,0.511,0.503874031492127,1,2187,2098,0.675,0.6404151404151404,0.5575,0.4775,0.6937777777777778,0.5876923076923077,13,True
4001,184,2790,3091,-30,4032,2,40,13,400,238,207,4032,2017,0.488,0.48,0.498,0.49,0.4955,0.504123969007748,3,2308,2106,0.7123456790123457,0.6428571428571429,0.595,0.5175,0.7404444444444445,0.6369230769230769,13,True
4001,2812,1623,3111,-30,4032,2,40,13,400,245,219,4032,2017,0.528,0.536,0.508,0.507,0.5095,0.504123969007748,3,2239,2224,0.6910493827160494,0.6788766788766789,0.6125,0.5475,0.7622222222222224,0.6738461538461539,13,True
4001,1988,2659,3116,-30,4032,2,40,13,400,225,262,4032,2017,0.536,0.468,0.486,0.493,0.507,0.504123969007748,3,2246,2114,0.6932098765432099,0.6452991452991453,0.5625,0.655,0.7,0.8061538461538461,13,True
4001,3071,3381,3132,-30,4032,2,40,13,400,225,223,4032,2016,0.568,0.548,0.524,0.508,0.5,0.503874031492127,1,2252,2210,0.6950617283950618,0.6746031746031746,0.5625,0.5575,0.7,0.6861538461538462,13,True
4001,2693,3129,3222,-30,4032,2,40,13,400,236,226,4032,2017,0.4,0.448,0.474,0.509,0.5075,0.504123969007748,3,2188,2199,0.6753086419753086,0.6712454212454212,0.59,0.565,0.7342222222222221,0.6953846153846154,13,True
4001,1725,3450,3236,-30,4032,2,40,13,400,223,187,4032,2017,0.512,0.504,0.482,0.499,0.5095,0.504123969007748,3,2191,2103,0.6762345679012346,0.641941391941392,0.5575,0.4675,0.6937777777777778,0.5753846153846154,13,True
4001,744,1488,3271,-30,4032,2,40,13,400,222,233,4032,2016,0.488,0.464,0.482,0.5,0.4955,0.503874031492127,1,2160,2314,0.6666666666666666,0.7063492063492064,0.555,0.5825,0.6906666666666668,0.7169230769230769,13,True
4001,1495,3664,3279,-30,4032,2,40,13,400,233,211,4032,2017,0.568,0.572,0.536,0.533,0.5065,0.504123969007748,3,2241,2214,0.6916666666666667,0.6758241758241759,0.5825,0.5275,0.7248888888888888,0.6492307692307692,13,True
4001,3262,2523,3322,-30,4032,2,40,13,400,228,211,4032,2017,0.512,0.5,0.51,0.499,0.4985,0.504123969007748,3,2256,1961,0.6962962962962963,0.5985958485958486,0.57,0.5275,0.7093333333333333,0.6492307692307692,13,True
4001,2157,1438,3326,-30,4032,2,40,13,400,215,223,4032,2016,0.584,0.556,0.534,0.534,0.5105,0.503874031492127,1,2175,2102,0.6712962962962963,0.6416361416361417,0.5375,0.5575,0.6688888888888889,0.6861538461538462,13,True
4001,782,1564,3337,-30,4032,2,40,13,400,225,233,4032,2016,0.472,0.5,0.518,0.515,0.4955,0.503874031492127,1,2191,2272,0.6762345679012346,0.6935286935286935,0.5625,0.5825,0.7,0.7169230769230769,13,True
4001,2577,1718,3345,-30,4032,2,40,13,400,236,211,4032,2017,0.488,0.432,0.478,0.489,0.497,0.504123969007748,3,2280,1984,0.7037037037037037,0.6056166056166056,0.59,0.5275,0.7342222222222221,0.6492307692307692,13,True
4001,925,3284,3378,-30,4032,2,40,13,400,228,217,4032,2017,0.544,0.52,0.518,0.512,0.5095,0.504123969007748,3,2186,2112,0.6746913580246914,0.6446886446886447,0.57,0.5425,0.7093333333333333,0.6676923076923077,13,True
4001,81,54,3381,-30,4032,2,40,13,400,232,228,4032,2016,0.44,0.468,0.49,0.5,0.494,0.503874031492127,1,2216,2164,0.6839506172839506,0.6605616605616605,0.58,0.57,0.7217777777777777,0.7015384615384614,13,True
4001,1924,3848,3398,-30,4032,2,40,13,400,231,209,4032,2016,0.504,0.512,0.484,0.503,0.498,0.503874031492127,1,2254,2122,0.695679012345679,0.6477411477411478,0.5775,0.5225,0.7186666666666667,0.643076923076923,13,True
4001,1133,2089,3414,-30,4032,2,40,13,400,223,210,4032,2017,0.472,0.496,0.508,0.505,0.5045,0.504123969007748,3,2209,2092,0.6817901234567901,0.6385836385836385,0.5575,0.525,0.6937777777777778,0.6461538461538462,13,True
4001,1813,3626,3477,-30,4032,2,40,13,400,231,209,4032,2016,0.432,0.492,0.49,0.489,0.499,0.503874031492127,1,2248,2033,0.6938271604938272,0.6205738705738706,0.5775,0.5225,0.7186666666666667,0.643076923076923,13,True
4001,3628,3255,3528,-30,4032,2,40,13,400,219,220,4032,2017,0.512,0.48,0.506,0.51,0.496,0.504123969007748,3,2235,2175,0.6898148148148148,0.6639194139194139,0.5475,0.55,0.6813333333333333,0.6769230769230771,13,True
4001,1745,2497,3547,-30,4032,2,40,13,400,216,204,4032,2016,0.536,0.512,0.526,0.496,0.501,0.503874031492127,1,2237,2024,0.6904320987654321,0.6178266178266179,0.54,0.51,0.672,0.6276923076923078,13,True
4001,932,1955,3601,-30,4032,2,40,13,400,203,232,4032,2017,0.496,0.472,0.492,0.499,0.504,0.504123969007748,3,2232,2176,0.6888888888888889,0.6642246642246642,0.5075,0.58,0.6315555555555555,0.7138461538461538,13,True
4001,3080,2159,3633,-30,4032,2,40,13,400,240,202,4032,2016,0.52,0.508,0.526,0.539,0.5065,0.503874031492127,1,2264,2032,0.6987654320987654,0.6202686202686203,0.6,0.505,0.7466666666666666,0.6215384615384616,13,True
4001,3446,2891,3635,-30,4032,2,40,13,400,218,159,4032,2017,0.552,0.52,0.52,0.527,0.513,0.504123969007748,3,2237,1737,0.6904320987654321,0.5302197802197802,0.545,0.3975,0.6782222222222223,0.48923076923076925,13,True
4001,519,1038,3709,-30,4032,2,40,13,400,221,193,4032,2016,0.504,0.48,0.494,0.484,0.494,0.503874031492127,1,2266,2128,0.6993827160493827,0.6495726495726496,0.5525,0.4825,0.6875555555555555,0.5938461538461538,13,True
4001,1677,3354,3842,-30,4032,2,40,13,400,224,190,4032,2016,0.512,0.48,0.488,0.493,0.4945,0.503874031492127,1,2229,1939,0.687962962962963,0.5918803418803419,0.56,0.475,0.6968888888888889,0.5846153846153845,13,True
4001,3681,2454,3890,-30,4032,2,40,13,400,215,206,4032,2016,0.496,0.496,0.492,0.504,0.51,0.503874031492127,1,2258,2023,0.6969135802469136,0.6175213675213675,0.5375,0.515,0.6688888888888889,0.6338461538461538,13,True
4001,3469,2937,3912,-30,4032,2,40,13,400,231,193,4032,2016,0.44,0.46,0.494,0.485,0.503,0.503874031492127,1,2258,2092,0.6969135802469136,0.6385836385836385,0.5775,0.4825,0.7186666666666667,0.5938461538461538,13,True
4001,2714,1427,3937,-30,4032,2,40,13,400,242,221,4032,2017,0.544,0.492,0.524,0.514,0.5005,0.504123969007748,3,2333,2121,0.7200617283950618,0.6474358974358975,0.605,0.5525,0.7528888888888889,0.6799999999999999,13,True
4001,981,1962,3968,-30,4032,2,40,13,400,208,240,4032,2017,0.544,0.52,0.49,0.494,0.5105,0.504123969007748,3,2209,2099,0.6817901234567901,0.6407203907203908,0.52,0.6,0.6471111111111111,0.7384615384615384,13,True
4001,1277,2554,3975,-30,4032,2,40,13,400,232,184,4032,2016,0.448,0.52,0.516,0.505,0.508,0.503874031492127,1,2333,1950,0.7200617283950618,0.5952380952380952,0.58,0.46,0.7217777777777777,0.5661538461538461,13,True
4001,3640,3279,3976,-30,4032,2,40,13,400,220,183,4032,2016,0.544,0.528,0.508,0.509,0.497,0.503874031492127,1,2189,1958,0.6756172839506173,0.5976800976800977,0.55,0.4575,0.6844444444444445,0.5630769230769231,13,True
4001,2897,1793,3978,-30,4032,2,40,13,400,209,239,4032,2017,0.504,0.432,0.454,0.475,0.5,0.504123969007748,3,2258,2165,0.6969135802469136,0.6608669108669109,0.5225,0.5975,0.6502222222222221,0.7353846153846155,13,True
4001,3547,3093,3983,-30,4032,2,40,13,400,205,200,4032,2017,0.52,0.548,0.546,0.52,0.504,0.504123969007748,3,2240,2296,0.691358024691358,0.7008547008547008,0.5125,0.5,0.6377777777777777,0.6153846153846154,13,True
4001,1605,1070,3994,-30,4032,2,40,13,400,224,193,4032,2017,0.512,0.516,0.518,0.503,0.503,0.504123969007748,3,2209,2127,0.6817901234567901,0.6492673992673993,0.56,0.4825,0.6968888888888889,0.5938461538461538,13,True
4001,2149,99,30,18,3984,2,40,13,400,233,229,3984,1993,0.416,0.46,0.492,0.499,0.5,0.4981254686328418,3,2253,2006,0.6953703703703704,0.6123321123321124,0.5825,0.5725,0.7162592592592594,0.6962271062271063,13,True
4001,1484,2323,59,18,3984,2,40,13,400,247,229,3984,1993,0.52,0.528,0.53,0.525,0.507,0.4981254686328418,3,2269,2152,0.7003086419753086,0.6568986568986569,0.6175,0.5725,0.7592962962962964,0.6962271062271063,13,True
4001,1980,3960,90,18,3984,2,40,13,400,223,208,3984,1993,0.528,0.5,0.496,0.479,0.4945,0.4981254686328418,3,2263,2141,0.6984567901234567,0.6535409035409036,0.5575,0.52,0.6855185185185185,0.6323809523809525,13,True
4001,2830,1659,146,18,3984,2,40,13,400,206,221,3984,1992,0.464,0.508,0.478,0.479,0.4875,0.4978755311172207,1,2270,2196,0.7006172839506173,0.6703296703296703,0.515,0.5525,0.6332592592592593,0.6719047619047619,13,True
4001,540,360,149,18,3984,2,40,13,400,233,222,3984,1993,0.448,0.476,0.5,0.489,0.5005,0.4981254686328418,3,2185,2220,0.6743827160493827,0.6776556776556777,0.5825,0.555,0.7162592592592594,0.6749450549450551,13,True
4001,2010,1340,193,18,3984,2,40,13,399,238,221,3984,1993,0.488,0.46,0.478,0.499,0.492,0.4981254686328418,3,2221,2225,0.6854938271604938,0.6791819291819292,0.5964912280701754,0.5538847117794486,0.7334632878492527,0.6735887337391098,13,True
4001,2981,3321,246,18,3984,2,40,13,400,209,195,3984,1992,0.456,0.464,0.476,0.5,0.503,0.4978755311172207,1,2177,2054,0.6719135802469136,0.626984126984127,0.5225,0.4875,0.6424814814814814,0.5928571428571429,13,True
4001,142,2762,285,18,3984,2,40,13,400,228,203,3984,1993,0.464,0.48,0.524,0.523,0.508,0.4981254686328418,3,2213,1996,0.6830246913580247,0.6092796092796092,0.57,0.5075,0.7008888888888888,0.6171794871794871,13,True
4001,1550,2367,318,18,3984,2,40,13,400,214,206,3984,1992,0.52,0.512,0.476,0.47,0.4855,0.4978755311172207,1,2329,2067,0.7188271604938271,0.6309523809523809,0.535,0.515,0.6578518518518519,0.6263003663003663,13,True
4001,2312,623,355,18,3984,2,40,13,400,249,212,3984,1992,0.496,0.468,0.494,0.485,0.489,0.4978755311172207,1,2272,2026,0.7012345679012346,0.6184371184371185,0.6225,0.53,0.7654444444444446,0.6445421245421246,13,True
4001,577,3052,367,18,3984,2,40,13,400,237,234,3984,1993,0.528,0.528,0.508,0.49,0.5015,0.4981254686328418,3,2233,2126,0.6891975308641975,0.648962148962149,0.5925,0.585,0.7285555555555555,0.7114285714285714,13,True
4001,745,1490,403,18,3984,2,40,13,400,220,215,3984,1992,0.488,0.504,0.506,0.494,0.5,0.4978755311172207,1,2199,2212,0.6787037037037037,0.6752136752136753,0.55,0.5375,0.6762962962962964,0.6536630036630037,13,True
4001,2248,495,443,18,3984,2,40,13,400,214,213,3984,1993,0.504,0.492,0.474,0.477,0.4835,0.4981254686328418,3,2213,2186,0.6830246913580247,0.6672771672771672,0.535,0.5325,0.6578518518518519,0.6475824175824176,13,True
4001,697,3132,486,18,3984,2,40,13,399,196,233,3984,1993,0.472,0.468,0.468,0.48,0.4905,0.4981254686328418,3,2214,2207,0.6833333333333333,0.6736874236874237,0.49122807017543857,0.5839598997493735,0.6040285899935023,0.7101636876072966,13,True
4001,1534,3690,535,18,3984,2,40,13,400,235,229,3984,1992,0.528,0.528,0.512,0.509,0.5075,0.4978755311172207,1,2296,2188,0.7086419753086419,0.6678876678876678,0.5875,0.5725,0.7224074074074074,0.6962271062271063,13,True
4001,3584,3167,555,18,3984,2,40,13,400,222,219,3984,1992,0.464,0.532,0.502,0.515,0.5095,0.4978755311172207,1,2188,2099,0.6753086419753086,0.6407203907203908,0.555,0.5475,0.6824444444444445,0.6658241758241757,13,True
4001,251,502,783,18,3984,2,40,13,400,214,235,3984,1992,0.512,0.496,0.486,0.477,0.4925,0.4978755311172207,1,2192,2224,0.6765432098765433,0.6788766788766789,0.535,0.5875,0.6578518518518519,0.7144688644688645,13,True
4001,1940,2627,844,18,3984,2,40,13,400,234,190,3984,1992,0.408,0.444,0.496,0.485,0.4925,0.4978755311172207,1,2221,1868,0.6854938271604938,0.5702075702075702,0.585,0.475,0.7193333333333333,0.5776556776556776,13,True
4001,292,584,917,18,3984,2,40,13,400,235,195,3984,1992,0.528,0.536,0.526,0.516,0.5,0.4978755311172207,1,2263,2026,0.6984567901234567,0.6184371184371185,0.5875,0.4875,0.7224074074074074,0.5928571428571429,13,True
4001,2408,815,930,18,3984,2,40,13,400,230,225,3984,1992,0.52,0.536,0.512,0.51,0.494,0.4978755311172207,1,2244,2151,0.6925925925925925,0.6565934065934066,0.575,0.5625,0.7070370370370369,0.6840659340659341,13,True
4001,1298,2596,956,18,3984,2,40,13,400,221,235,3984,1992,0.432,0.5,0.488,0.503,0.5015,0.4978755311172207,1,2270,2140,0.7006172839506173,0.6532356532356532,0.5525,0.5875,0.6793703703703703,0.7144688644688645,13,True
4001,3876,2584,1049,18,3984,2,40,13,400,241,212,3984,1993,0.544,0.56,0.528,0.505,0.5065,0.4981254686328418,3,2284,2080,0.7049382716049383,0.6349206349206349,0.6025,0.53,0.7408518518518519,0.6445421245421246,13,True
4001,1393,2786,1064,18,3984,2,40,13,400,241,247,3984,1993,0.488,0.492,0.514,0.494,0.493,0.4981254686328418,3,2226,2041,0.687037037037037,0.623015873015873,0.6025,0.6175,0.7408518518518519,0.750952380952381,13,True
4001,1078,3386,1094,18,3984,2,40,13,400,233,225,3984,1992,0.48,0.464,0.48,0.475,0.4875,0.4978755311172207,1,2248,2222,0.6938271604938272,0.6782661782661783,0.5825,0.5625,0.7162592592592594,0.6840659340659341,13,True
4001,3290,3527,1125,18,3984,2,40,13,400,235,212,3984,1992,0.528,0.508,0.498,0.491,0.488,0.4978755311172207,1,2219,2106,0.6848765432098766,0.6428571428571429,0.5875,0.53,0.7224074074074074,0.6445421245421246,13,True
4001,1401,2802,1191,18,3984,2,40,13,399,225,191,3984,1993,0.488,0.508,0.498,0.507,0.502,0.4981254686328418,3,2214,2038,0.6833333333333333,0.6221001221001221,0.5639097744360902,0.47869674185463656,0.6934001670843777,0.5821513490686423,13,True
4001,3979,3957,1199,18,3984,2,40,13,400,227,193,3984,1993,0.488,0.456,0.496,0.466,0.495,0.4981254686328418,3,2236,2075,0.6901234567901234,0.6333943833943834,0.5675,0.4825,0.6978148148148149,0.5867765567765568,13,True
4001,3513,3025,1213,18,3984,2,40,13,400,217,220,3984,1992,0.448,0.488,0.514,0.503,0.508,0.4978755311172207,1,2238,2218,0.6907407407407408,0.6770451770451771,0.5425,0.55,0.6670740740740739,0.6688644688644689,13,True
4001,1231,3488,1218,18,3984,2,40,13,399,221,201,3984,1993,0.432,0.42,0.468,0.482,0.484,0.4981254686328418,3,2225,2080,0.6867283950617284,0.6349206349206349,0.5538847117794486,0.5037593984962406,0.6810730530028776,0.6126304772921315,13,True
4001,2370,1580,1220,18,3984,2,40,13,399,230,241,3984,1993,0.536,0.568,0.528,0.518,0.501,0.4981254686328418,3,2216,2181,0.6839506172839506,0.6657509157509157,0.5764411027568922,0.6040100250626567,0.7088090596862526,0.7345469901860879,13,True
4001,1554,1036,1239,18,3984,2,40,13,400,236,193,3984,1993,0.536,0.532,0.48,0.508,0.506,0.4981254686328418,3,2231,1825,0.6885802469135802,0.5570818070818071,0.59,0.4825,0.7254814814814815,0.5867765567765568,13,True
4001,479,1653,1269,18,3984,2,40,13,400,226,207,3984,1993,0.456,0.476,0.508,0.512,0.501,0.4981254686328418,3,2218,2127,0.6845679012345679,0.6492673992673993,0.565,0.5175,0.6947407407407407,0.6293406593406593,13,True
4001,3971,3941,1276,18,3984,2,40,13,400,226,219,3984,1992,0.472,0.496,0.516,0.5,0.505,0.4978755311172207,1,2251,2219,0.6947530864197531,0.6773504273504274,0.565,0.5475,0.6947407407407407,0.6658241758241757,13,True
4001,518,1679,1288,18,3984,2,40,13,400,238,212,3984,1992,0.416,0.468,0.484,0.482,0.492,0.4978755311172207,1,2204,2136,0.6802469135802469,0.652014652014652,0.595,0.53,0.7316296296296296,0.6445421245421246,13,True
4001,3801,3601,1327,18,3984,2,40,13,399,226,204,3984,1993,0.488,0.484,0.49,0.479,0.4975,0.4981254686328418,3,2228,2040,0.6876543209876543,0.6227106227106227,0.5664160401002506,0.5112781954887218,0.6964819456047526,0.6217742157591781,13,True
4001,1651,3302,1333,18,3984,2,40,13,400,222,206,3984,1993,0.48,0.512,0.496,0.498,0.501,0.4981254686328418,3,2257,2088,0.696604938271605,0.6373626373626373,0.555,0.515,0.6824444444444445,0.6263003663003663,13,True
4001,2623,1245,1342,18,3984,2,40,13,400,230,225,3984,1992,0.448,0.464,0.464,0.481,0.492,0.4978755311172207,1,2229,2203,0.687962962962963,0.6724664224664225,0.575,0.5625,0.7070370370370369,0.6840659340659341,13,True
4001,715,3144,1353,18,3984,2,40,13,400,234,223,3984,1992,0.456,0.496,0.504,0.5,0.4915,0.4978755311172207,1,2187,2074,0.675,0.6330891330891331,0.585,0.5575,0.7193333333333333,0.6779853479853479,13,True
4001,3647,3765,1435,18,3984,2,40,13,400,201,201,3984,1992,0.544,0.54,0.516,0.502,0.497,0.4978755311172207,1,2178,2048,0.6722222222222223,0.6251526251526252,0.5025,0.5025,0.6178888888888888,0.6110989010989011,13,True
4001,2002,3,1565,18,3984,2,40,13,400,230,190,3984,1992,0.456,0.44,0.496,0.523,0.5085,0.4978755311172207,1,2246,1963,0.6932098765432099,0.5992063492063492,0.575,0.475,0.7070370370370369,0.5776556776556776,13,True
4001,3611,3221,1592,18,3984,2,40,13,400,223,231,3984,1992,0.448,0.452,0.482,0.496,0.49,0.4978755311172207,1,2241,2249,0.6916666666666667,0.6865079365079365,0.5575,0.5775,0.6855185185185185,0.7023076923076924,13,True
4001,2892,1783,1638,18,3984,2,40,13,400,215,182,3984,1993,0.464,0.484,0.5,0.5,0.501,0.4981254686328418,3,2215,1972,0.683641975308642,0.6019536019536019,0.5375,0.455,0.6609259259259259,0.5533333333333333,13,True
4001,1387,3592,1707,18,3984,2,40,13,400,236,212,3984,1992,0.496,0.508,0.504,0.519,0.5005,0.4978755311172207,1,2247,2056,0.6935185185185185,0.6275946275946276,0.59,0.53,0.7254814814814815,0.6445421245421246,13,True
4001,1293,862,1724,18,3984,2,40,13,400,225,210,3984,1993,0.496,0.44,0.452,0.469,0.491,0.4981254686328418,3,2223,2212,0.6861111111111111,0.6752136752136753,0.5625,0.525,0.6916666666666667,0.6384615384615384,13,True
4001,3926,3951,1800,18,3984,2,40,13,399,204,238,3984,1993,0.504,0.532,0.502,0.519,0.5015,0.4981254686328418,3,2263,2191,0.6984567901234567,0.6688034188034188,0.5112781954887218,0.5964912280701754,0.6286828181565023,0.7254032517190411,13,True
4001,3351,2701,1835,18,3984,2,40,13,400,237,201,3984,1993,0.504,0.504,0.496,0.508,0.4915,0.4981254686328418,3,2264,2082,0.6987654320987654,0.6355311355311355,0.5925,0.5025,0.7285555555555555,0.6110989010989011,13,True
4001,3001,2001,1998,18,3984,2,40,13,400,219,224,3984,1992,0.536,0.52,0.51,0.479,0.4915,0.4978755311172207,1,2235,2140,0.6898148148148148,0.6532356532356532,0.5475,0.56,0.6732222222222222,0.6810256410256411,13,True
4001,1421,2281,2084,18,3984,2,40,13,400,234,164,3984,1993,0.496,0.496,0.49,0.511,0.517,0.4981254686328418,3,2237,1739,0.6904320987654321,0.5308302808302808,0.585,0.41,0.7193333333333333,0.49860805860805857,13,True
4001,399,798,2182,18,3984,2,40,13,400,202,200,3984,1992,0.432,0.468,0.476,0.481,0.5025,0.4978755311172207,1,2220,2056,0.6851851851851852,0.6275946275946276,0.505,0.5,0.6209629629629629,0.608058608058608,13,True
4001,14,28,2249,18,3984,2,40,13,400,221,208,3984,1992,0.432,0.492,0.502,0.507,0.5,0.4978755311172207,1,2198,2156,0.678395061728395,0.6581196581196581,0.5525,0.52,0.6793703703703703,0.6323809523809525,13,True
4001,263,1509,2250,18,3984,2,40,13,400,233,246,3984,1993,0.504,0.512,0.516,0.515,0.5025,0.4981254686328418,3,2207,2115,0.6811728395061728,0.6456043956043956,0.5825,0.615,0.7162592592592594,0.7479120879120879,13,True
4001,3339,2226,2258,18,3984,2,40,13,400,238,213,3984,1992,0.544,0.548,0.504,0.489,0.4925,0.4978755311172207,1,2254,2194,0.695679012345679,0.6697191697191697,0.595,0.5325,0.7316296296296296,0.6475824175824176,13,True
4001,1473,982,2310,18,3984,2,40,13,400,218,235,3984,1992,0.52,0.5,0.484,0.497,0.512,0.4978755311172207,1,2233,2307,0.6891975308641975,0.7042124542124543,0.545,0.5875,0.6701481481481482,0.7144688644688645,13,True
4001,3711,3421,2377,18,3984,2,40,13,400,236,201,3984,1992,0.48,0.496,0.5,0.513,0.501,0.4978755311172207,1,2256,2110,0.6962962962962963,0.6440781440781441,0.59,0.5025,0.7254814814814815,0.6110989010989011,13,True
4001,1000,3334,2389,18,3984,2,40,13,400,219,234,3984,1992,0.528,0.524,0.492,0.492,0.487,0.4978755311172207,1,2214,2273,0.6833333333333333,0.6938339438339438,0.5475,0.585,0.6732222222222222,0.7114285714285714,13,True
4001,1791,3582,2455,18,3984,2,40,13,400,231,200,3984,1992,0.496,0.476,0.454,0.485,0.492,0.4978755311172207,1,2228,1960,0.6876543209876543,0.5982905982905983,0.5775,0.5,0.7101111111111111,0.608058608058608,13,True
4001,1025,2050,2566,18,3984,2,40,13,400,234,217,3984,1992,0.496,0.5,0.472,0.483,0.5035,0.4978755311172207,1,2320,2220,0.7160493827160493,0.6776556776556777,0.585,0.5425,0.7193333333333333,0.6597435897435897,13,True
4001,273,182,2579,18,3984,2,40,13,399,230,237,3984,1993,0.504,0.488,0.48,0.482,0.496,0.4981254686328418,3,2264,2064,0.6987654320987654,0.63003663003663,0.5764411027568922,0.5939849624060151,0.7088090596862526,0.7223553388966922,13,True
4001,3920,3839,2592,18,3984,2,40,13,400,233,216,3984,1992,0.56,0.508,0.468,0.49,0.5005,0.4978755311172207,1,2253,2110,0.6953703703703704,0.6440781440781441,0.5825,0.54,0.7162592592592594,0.6567032967032967,13,True
4001,2069,137,2622,18,3984,2,40,13,400,230,200,3984,1992,0.48,0.468,0.5,0.516,0.5095,0.4978755311172207,1,2246,2036,0.6932098765432099,0.6214896214896215,0.575,0.5,0.7070370370370369,0.608058608058608,13,True
4001,1196,2131,2638,18,3984,2,40,13,400,202,220,3984,1993,0.52,0.488,0.498,0.501,0.5035,0.4981254686328418,3,2225,2014,0.6867283950617284,0.6147741147741148,0.505,0.55,0.6209629629629629,0.6688644688644689,13,True
4001,563,1126,2639,18,3984,2,40,13,399,228,233,3984,1993,0.552,0.532,0.512,0.527,0.501,0.4981254686328418,3,2304,2215,0.7111111111111111,0.6761294261294262,0.5714285714285714,0.5839598997493735,0.7026455026455026,0.7101636876072966,13,True
4001,1647,1098,2656,18,3984,2,40,13,399,245,212,3984,1993,0.536,0.54,0.516,0.52,0.505,0.4981254686328418,3,2274,2125,0.7018518518518518,0.6486568986568987,0.6140350877192983,0.531328320802005,0.7550357374918778,0.6461575183379694,13,True
4001,1348,3566,2660,18,3984,2,40,13,400,224,198,3984,1992,0.552,0.524,0.508,0.497,0.495,0.4978755311172207,1,2229,2086,0.687962962962963,0.6367521367521367,0.56,0.495,0.6885925925925928,0.601978021978022,13,True
4001,662,1775,2737,18,3984,2,40,13,400,229,225,3984,1993,0.512,0.516,0.526,0.516,0.4995,0.4981254686328418,3,2277,2156,0.7027777777777777,0.6581196581196581,0.5725,0.5625,0.703962962962963,0.6840659340659341,13,True
4001,2264,2843,2797,18,3984,2,40,13,400,215,207,3984,1992,0.528,0.516,0.498,0.49,0.4945,0.4978755311172207,1,2170,2104,0.6697530864197531,0.6422466422466423,0.5375,0.5175,0.6609259259259259,0.6293406593406593,13,True
4001,221,1481,2848,18,3984,2,40,13,400,250,197,3984,1993,0.456,0.456,0.482,0.489,0.487,0.4981254686328418,3,2242,1891,0.6919753086419753,0.5772283272283272,0.625,0.4925,0.7685185185185185,0.5989377289377289,13,True
4001,2008,5,2949,18,3984,2,40,13,400,219,171,3984,1992,0.52,0.492,0.478,0.488,0.4915,0.4978755311172207,1,2237,1979,0.6904320987654321,0.604090354090354,0.5475,0.4275,0.6732222222222222,0.5198901098901099,13,True
4001,1411,3608,2975,18,3984,2,40,13,400,238,211,3984,1992,0.432,0.448,0.48,0.485,0.5075,0.4978755311172207,1,2306,2092,0.7117283950617284,0.6385836385836385,0.595,0.5275,0.7316296296296296,0.6415018315018315,13,True
4001,3930,2620,2981,18,3984,2,40,13,400,234,231,3984,1992,0.488,0.496,0.504,0.495,0.5035,0.4978755311172207,1,2241,2196,0.6916666666666667,0.6703296703296703,0.585,0.5775,0.7193333333333333,0.7023076923076924,13,True
4001,1833,3666,3071,18,3984,2,40,13,400,224,181,3984,1992,0.416,0.476,0.456,0.484,0.48,0.4978755311172207,1,2252,1836,0.6950617283950618,0.5604395604395604,0.56,0.4525,0.6885925925925928,0.5502930402930403,13,True
4001,3037,691,3074,18,3984,2,40,13,399,208,238,3984,1993,0.472,0.516,0.508,0.514,0.5035,0.4981254686328418,3,2202,2182,0.6796296296296296,0.666056166056166,0.5213032581453634,0.5964912280701754,0.6410099322380024,0.7254032517190411,13,True
4001,700,3134,3115,18,3984,2,40,13,400,228,202,3984,1992,0.416,0.432,0.458,0.494,0.5015,0.4978755311172207,1,2197,2066,0.6780864197530864,0.6306471306471306,0.57,0.505,0.7008888888888888,0.6141391941391942,13,True
4001,2839,1677,3158,18,3984,2,40,13,400,208,210,3984,1992,0.496,0.488,0.478,0.482,0.489,0.4978755311172207,1,2201,2042,0.679320987654321,0.6233211233211233,0.52,0.525,0.6394074074074075,0.6384615384615384,13,True
4001,3303,2605,3163,18,3984,2,40,13,400,231,197,3984,1992,0.488,0.512,0.506,0.483,0.495,0.4978755311172207,1,2157,2017,0.6657407407407407,0.6156898656898657,0.5775,0.4925,0.7101111111111111,0.5989377289377289,13,True
4001,141,282,3165,18,3984,2,40,13,400,232,206,3984,1992,0.528,0.5,0.502,0.498,0.512,0.4978755311172207,1,2261,2012,0.6978395061728395,0.6141636141636142,0.58,0.515,0.7131851851851851,0.6263003663003663,13,True
4001,1915,3944,3173,18,3984,2,40,13,400,204,214,3984,1993,0.536,0.524,0.506,0.511,0.5085,0.4981254686328418,3,2158,2198,0.6660493827160494,0.6709401709401709,0.51,0.535,0.6271111111111112,0.6506227106227106,13,True
4001,2523,1682,3199,18,3984,2,40,13,399,240,190,3984,1993,0.44,0.46,0.488,0.513,0.5095,0.4981254686328418,3,2249,2106,0.6941358024691358,0.6428571428571429,0.6015037593984962,0.47619047619047616,0.7396268448900027,0.5791034362462933,13,True
4001,2668,445,3224,18,3984,2,40,13,400,232,227,3984,1993,0.456,0.484,0.5,0.513,0.4945,0.4981254686328418,3,2239,2165,0.6910493827160494,0.6608669108669109,0.58,0.5675,0.7131851851851851,0.6901465201465201,13,True
4001,2253,1502,3258,18,3984,2,40,13,400,224,205,3984,1992,0.528,0.512,0.494,0.482,0.49,0.4978755311172207,1,2270,2125,0.7006172839506173,0.6486568986568987,0.56,0.5125,0.6885925925925928,0.6232600732600732,13,True
4001,755,1837,3273,18,3984,2,40,13,400,230,220,3984,1993,0.472,0.48,0.512,0.499,0.487,0.4981254686328418,3,2219,2129,0.6848765432098766,0.6498778998778999,0.575,0.55,0.7070370370370369,0.6688644688644689,13,True
4001,2133,1422,3299,18,3984,2,40,13,400,237,209,3984,1992,0.464,0.484,0.49,0.497,0.5045,0.4978755311172207,1,2208,2010,0.6814814814814815,0.6135531135531136,0.5925,0.5225,0.7285555555555555,0.6354212454212453,13,True
4001,3241,2481,3320,18,3984,2,40,13,400,218,217,3984,1992,0.608,0.54,0.546,0.499,0.5115,0.4978755311172207,1,2222,2205,0.6858024691358025,0.6730769230769231,0.545,0.5425,0.6701481481481482,0.6597435897435897,13,True
4001,3810,2540,3373,18,3984,2,40,13,399,232,208,3984,1993,0.552,0.532,0.524,0.477,0.4885,0.4981254686328418,3,2203,2187,0.6799382716049382,0.6675824175824175,0.581453634085213,0.5213032581453634,0.7149726167270026,0.6339658670485738,13,True
4001,1799,2533,3417,18,3984,2,40,13,400,219,217,3984,1993,0.472,0.484,0.504,0.517,0.5055,0.4981254686328418,3,2226,2079,0.687037037037037,0.6346153846153846,0.5475,0.5425,0.6732222222222222,0.6597435897435897,13,True
4001,3233,2465,3427,18,3984,2,40,13,400,225,216,3984,1992,0.488,0.5,0.474,0.505,0.512,0.4978755311172207,1,2241,2163,0.6916666666666667,0.6602564102564102,0.5625,0.54,0.6916666666666667,0.6567032967032967,13,True
4001,3451,967,3471,18,3984,2,40,13,400,204,190,3984,1992,0.496,0.496,0.496,0.49,0.4955,0.4978755311172207,1,2166,1956,0.6685185185185185,0.5970695970695971,0.51,0.475,0.6271111111111112,0.5776556776556776,13,True
4001,1131,2262,3512,18,3984,2,40,13,400,208,202,3984,1993,0.48,0.5,0.516,0.492,0.497,0.4981254686328418,3,2133,1953,0.6583333333333333,0.5961538461538461,0.52,0.505,0.6394074074074075,0.6141391941391942,13,True
4001,894,1788,3541,18,3984,2,40,13,400,216,210,3984,1992,0.48,0.488,0.502,0.482,0.491,0.4978755311172207,1,2186,2176,0.6746913580246914,0.6642246642246642,0.54,0.525,0.664,0.6384615384615384,13,True
4001,700,1400,3546,18,3984,2,40,13,400,226,233,3984,1992,0.56,0.58,0.536,0.506,0.506,0.4978755311172207,1,2262,2224,0.6981481481481482,0.6788766788766789,0.565,0.5825,0.6947407407407407,0.7083882783882784,13,True
4001,1959,3918,3566,18,3984,2,40,13,400,222,225,3984,1993,0.512,0.52,0.546,0.53,0.4995,0.4981254686328418,3,2224,2132,0.6864197530864198,0.6507936507936508,0.555,0.5625,0.6824444444444445,0.6840659340659341,13,True
4001,3373,2745,3663,18,3984,2,40,13,400,228,220,3984,1992,0.504,0.54,0.52,0.509,0.5135,0.4978755311172207,1,2183,2217,0.6737654320987654,0.6767399267399268,0.57,0.55,0.7008888888888888,0.6688644688644689,13,True
4001,2267,533,3682,18,3984,2,40,13,400,220,201,3984,1992,0.448,0.46,0.482,0.481,0.493,0.4978755311172207,1,2262,2108,0.6981481481481482,0.6434676434676435,0.55,0.5025,0.6762962962962964,0.6110989010989011,13,True
4001,416,1611,3740,18,3984,2,40,13,400,220,222,3984,1992,0.504,0.48,0.496,0.511,0.5115,0.4978755311172207,1,2172,2039,0.6703703703703704,0.6224053724053724,0.55,0.555,0.6762962962962964,0.6749450549450551,13,True
4001,738,492,3762,18,3984,2,40,13,400,208,209,3984,1992,0.544,0.552,0.506,0.492,0.498,0.4978755311172207,1,2190,2106,0.6759259259259259,0.6428571428571429,0.52,0.5225,0.6394074074074075,0.6354212454212453,13,True
4001,392,784,3832,18,3984,2,40,13,400,233,203,3984,1992,0.536,0.492,0.52,0.505,0.4935,0.4978755311172207,1,2212,2067,0.682716049382716,0.6309523809523809,0.5825,0.5075,0.7162592592592594,0.6171794871794871,13,True
4001,3705,3409,3954,18,3984,2,40,13,399,215,203,3984,1993,0.44,0.484,0.482,0.477,0.486,0.4981254686328418,3,2270,1928,0.7006172839506173,0.5885225885225885,0.5388471177944862,0.5087719298245614,0.6625823818806276,0.6187263029368293,13,True
4001,875,1917,3955,18,3984,2,40,13,400,234,230,3984,1993,0.464,0.424,0.488,0.49,0.503,0.4981254686328418,3,2176,2188,0.671604938271605,0.6678876678876678,0.585,0.575,0.7193333333333333,0.6992673992673992,13,True
4001,3337,2673,30,-18,4020,2,40,13,400,215,209,4020,2011,0.592,0.548,0.54,0.511,0.4985,0.5026243439140214,3,2215,2084,0.683641975308642,0.6361416361416361,0.5375,0.5225,0.6668981481481482,0.6411630036630036,13,True
4001,1353,2706,59,-18,4020,2,40,13,400,219,195,4020,2011,0.504,0.492,0.518,0.512,0.4945,0.5026243439140214,3,2161,2089,0.6669753086419753,0.6376678876678876,0.5475,0.4875,0.6793055555555555,0.5982142857142857,13,True
4001,220,2814,90,-18,4020,2,40,13,400,228,186,4020,2011,0.488,0.48,0.494,0.485,0.4915,0.5026243439140214,3,2229,1832,0.687962962962963,0.5592185592185592,0.57,0.465,0.7072222222222221,0.5706043956043957,13,True
4001,759,506,146,-18,4020,2,40,13,400,222,191,4020,2010,0.488,0.496,0.528,0.517,0.507,0.5023744063984004,1,2222,2069,0.6858024691358025,0.6315628815628815,0.555,0.4775,0.6886111111111112,0.5859432234432235,13,True
4001,859,1718,149,-18,4020,2,40,13,400,237,191,4020,2011,0.488,0.488,0.506,0.498,0.5115,0.5026243439140214,3,2279,1953,0.703395061728395,0.5961538461538461,0.5925,0.4775,0.7351388888888889,0.5859432234432235,13,True
4001,2086,171,193,-18,4020,2,40,13,400,199,213,4020,2011,0.512,0.5,0.504,0.509,0.494,0.5026243439140214,3,2180,2024,0.6728395061728395,0.6178266178266179,0.4975,0.5325,0.6172685185185185,0.6534340659340659,13,True
4001,2823,1645,246,-18,4020,2,40,13,400,200,192,4020,2010,0.544,0.528,0.53,0.527,0.507,0.5023744063984004,1,2162,2002,0.667283950617284,0.6111111111111112,0.5,0.48,0.6203703703703703,0.589010989010989,13,True
4001,1278,2556,285,-18,4020,2,40,13,400,231,207,4020,2011,0.536,0.528,0.524,0.515,0.495,0.5026243439140214,3,2229,2090,0.687962962962963,0.6379731379731379,0.5775,0.5175,0.7165277777777779,0.6350274725274725,13,True
4001,1947,3894,318,-18,4020,2,40,13,400,217,179,4020,2010,0.48,0.472,0.494,0.497,0.5015,0.5023744063984004,1,2212,2012,0.682716049382716,0.6141636141636142,0.5425,0.4475,0.6731018518518518,0.5491300366300367,13,True
4001,1146,764,355,-18,4020,2,40,13,400,231,207,4020,2010,0.568,0.524,0.514,0.509,0.5115,0.5023744063984004,1,2293,2214,0.707716049382716,0.6758241758241759,0.5775,0.5175,0.7165277777777779,0.6350274725274725,13,True
4001,1192,2384,367,-18,4020,2,40,13,400,222,213,4020,2011,0.576,0.512,0.496,0.501,0.501,0.5026243439140214,3,2224,2184,0.6864197530864198,0.6666666666666666,0.555,0.5325,0.6886111111111112,0.6534340659340659,13,True
4001,1861,3908,403,-18,4020,2,40,13,400,202,223,4020,2010,0.528,0.548,0.532,0.52,0.498,0.5023744063984004,1,2226,2250,0.687037037037037,0.6868131868131868,0.505,0.5575,0.6265740740740741,0.6841117216117216,13,True
4001,2028,1352,443,-18,4020,2,40,13,400,224,242,4020,2011,0.528,0.536,0.514,0.507,0.507,0.5026243439140214,3,2266,2132,0.6993827160493827,0.6507936507936508,0.56,0.605,0.6948148148148149,0.7423992673992674,13,True
4001,2272,543,486,-18,4020,2,40,13,400,221,225,4020,2011,0.448,0.516,0.524,0.505,0.517,0.5026243439140214,3,2205,2141,0.6805555555555556,0.6535409035409036,0.5525,0.5625,0.6855092592592593,0.6902472527472527,13,True
4001,1803,3606,535,-18,4020,2,40,13,400,223,210,4020,2010,0.528,0.496,0.506,0.502,0.5025,0.5023744063984004,1,2229,2024,0.687962962962963,0.6178266178266179,0.5575,0.525,0.691712962962963,0.6442307692307693,13,True
4001,2621,3081,555,-18,4020,2,40,13,400,228,191,4020,2010,0.512,0.472,0.482,0.472,0.4955,0.5023744063984004,1,2178,2033,0.6722222222222223,0.6205738705738706,0.57,0.4775,0.7072222222222221,0.5859432234432235,13,True
4001,917,1945,783,-18,4020,2,40,13,400,213,205,4020,2010,0.592,0.588,0.534,0.509,0.5,0.5023744063984004,1,2162,2176,0.667283950617284,0.6642246642246642,0.5325,0.5125,0.6606944444444445,0.6288919413919414,13,True
4001,1456,2912,844,-18,4020,2,40,13,400,225,182,4020,2010,0.512,0.528,0.498,0.492,0.499,0.5023744063984004,1,2220,1898,0.6851851851851852,0.5793650793650794,0.5625,0.455,0.6979166666666666,0.5583333333333333,13,True
4001,477,318,917,-18,4020,2,40,13,400,211,217,4020,2010,0.584,0.552,0.538,0.514,0.505,0.5023744063984004,1,2242,2120,0.6919753086419753,0.6471306471306472,0.5275,0.5425,0.6544907407407407,0.6657051282051282,13,True
4001,3824,3883,930,-18,4020,2,40,13,400,221,189,4020,2010,0.512,0.512,0.53,0.527,0.511,0.5023744063984004,1,2192,2186,0.6765432098765433,0.6672771672771672,0.5525,0.4725,0.6855092592592593,0.5798076923076922,13,True
4001,2367,1578,956,-18,4020,2,40,13,400,226,211,4020,2010,0.504,0.508,0.496,0.504,0.5015,0.5023744063984004,1,2184,2098,0.674074074074074,0.6404151404151404,0.565,0.5275,0.7010185185185185,0.6472985347985347,13,True
4001,2876,1751,1049,-18,4020,2,40,13,400,229,230,4020,2011,0.592,0.516,0.484,0.49,0.4985,0.5026243439140214,3,2228,2174,0.6876543209876543,0.6636141636141636,0.5725,0.575,0.710324074074074,0.7055860805860806,13,True
4001,1933,3956,1064,-18,4020,2,40,13,400,238,197,4020,2011,0.48,0.488,0.494,0.53,0.5175,0.5026243439140214,3,2229,2101,0.687962962962963,0.6413308913308914,0.595,0.4925,0.7382407407407408,0.6043498168498168,13,True
4001,1700,3400,1094,-18,4020,2,40,13,400,199,177,4020,2010,0.456,0.484,0.484,0.503,0.5005,0.5023744063984004,1,2211,1838,0.6824074074074075,0.561050061050061,0.4975,0.4425,0.6172685185185185,0.5429945054945055,13,True
4001,1603,3206,1125,-18,4020,2,40,13,400,234,214,4020,2010,0.52,0.516,0.512,0.496,0.5035,0.5023744063984004,1,2249,2176,0.6941358024691358,0.6642246642246642,0.585,0.535,0.7258333333333333,0.6565018315018316,13,True
4001,2823,1882,1191,-18,4020,2,40,13,400,238,206,4020,2011,0.496,0.492,0.476,0.51,0.505,0.5026243439140214,3,2251,2058,0.6947530864197531,0.6282051282051282,0.595,0.515,0.7382407407407408,0.631959706959707,13,True
4001,3554,3703,1199,-18,4020,2,40,13,400,203,185,4020,2011,0.512,0.508,0.51,0.489,0.4945,0.5026243439140214,3,2281,2004,0.7040123456790124,0.6117216117216118,0.5075,0.4625,0.6296759259259259,0.56753663003663,13,True
4001,1724,2483,1213,-18,4020,2,40,13,400,218,196,4020,2010,0.504,0.508,0.512,0.506,0.5115,0.5023744063984004,1,2237,1797,0.6904320987654321,0.5485347985347986,0.545,0.49,0.6762037037037038,0.6012820512820513,13,True
4001,3077,2153,1218,-18,4020,2,40,13,400,219,200,4020,2011,0.536,0.508,0.508,0.521,0.51,0.5026243439140214,3,2195,2098,0.6774691358024691,0.6404151404151404,0.5475,0.5,0.6793055555555555,0.6135531135531136,13,True
4001,1325,2650,1220,-18,4020,2,40,13,400,224,241,4020,2011,0.544,0.532,0.46,0.474,0.491,0.5026243439140214,3,2215,1912,0.683641975308642,0.5836385836385837,0.56,0.6025,0.6948148148148149,0.7393315018315019,13,True
4001,1983,3966,1239,-18,4020,2,40,13,400,232,231,4020,2011,0.568,0.544,0.502,0.495,0.511,0.5026243439140214,3,2279,1982,0.703395061728395,0.605006105006105,0.58,0.5775,0.7196296296296296,0.7086538461538462,13,True
4001,310,620,1269,-18,4020,2,40,13,400,225,273,4020,2011,0.568,0.544,0.514,0.503,0.502,0.5026243439140214,3,2167,2233,0.6688271604938272,0.6816239316239316,0.5625,0.6825,0.6979166666666666,0.8375,13,True
4001,2664,1776,1276,-18,4020,2,40,13,400,239,214,4020,2010,0.472,0.508,0.486,0.494,0.493,0.5023744063984004,1,2299,2088,0.7095679012345679,0.6373626373626373,0.5975,0.535,0.7413425925925927,0.6565018315018316,13,True
4001,661,1322,1288,-18,4020,2,40,13,400,201,193,4020,2010,0.584,0.536,0.504,0.487,0.498,0.5023744063984004,1,2232,1966,0.6888888888888889,0.6001221001221001,0.5025,0.4825,0.6234722222222221,0.5920787545787546,13,True
4001,1756,3838,1327,-18,4020,2,40,13,400,230,228,4020,2011,0.496,0.488,0.516,0.497,0.503,0.5026243439140214,3,2280,2237,0.7037037037037037,0.6828449328449329,0.575,0.57,0.7134259259259259,0.6994505494505493,13,True
4001,628,3086,1333,-18,4020,2,40,13,400,229,202,4020,2011,0.552,0.552,0.534,0.519,0.515,0.5026243439140214,3,2258,2220,0.6969135802469136,0.6776556776556777,0.5725,0.505,0.710324074074074,0.6196886446886447,13,True
4001,736,3158,1342,-18,4020,2,40,13,400,226,205,4020,2010,0.592,0.544,0.51,0.521,0.5,0.5023744063984004,1,2258,2166,0.6969135802469136,0.6611721611721612,0.565,0.5125,0.7010185185185185,0.6288919413919414,13,True
4001,2434,867,1353,-18,4020,2,40,13,400,231,217,4020,2010,0.504,0.516,0.524,0.504,0.5145,0.5023744063984004,1,2298,2212,0.7092592592592593,0.6752136752136753,0.5775,0.5425,0.7165277777777779,0.6657051282051282,13,True
4001,815,1630,1435,-18,4020,2,40,13,400,212,196,4020,2010,0.48,0.524,0.47,0.491,0.5025,0.5023744063984004,1,2196,1785,0.6777777777777778,0.5448717948717948,0.53,0.49,0.6575925925925926,0.6012820512820513,13,True
4001,667,3112,1565,-18,4020,2,40,13,400,219,203,4020,2010,0.504,0.48,0.46,0.47,0.4915,0.5023744063984004,1,2316,2250,0.7148148148148148,0.6868131868131868,0.5475,0.5075,0.6793055555555555,0.6227564102564103,13,True
4001,2624,3083,1592,-18,4020,2,40,13,400,194,206,4020,2010,0.504,0.508,0.492,0.484,0.4975,0.5023744063984004,1,2186,2253,0.6746913580246914,0.6877289377289377,0.485,0.515,0.6017592592592593,0.631959706959707,13,True
4001,1655,2437,1638,-18,4020,2,40,13,400,231,192,4020,2011,0.448,0.46,0.478,0.505,0.492,0.5026243439140214,3,2232,2065,0.6888888888888889,0.6303418803418803,0.5775,0.48,0.7165277777777779,0.589010989010989,13,True
4001,480,960,1707,-18,4020,2,40,13,400,217,219,4020,2010,0.544,0.572,0.546,0.516,0.517,0.5023744063984004,1,2261,2134,0.6978395061728395,0.6514041514041514,0.5425,0.5475,0.6731018518518518,0.6718406593406593,13,True
4001,3635,3269,1724,-18,4020,2,40,13,400,219,201,4020,2011,0.512,0.504,0.5,0.512,0.512,0.5026243439140214,3,2238,2229,0.6907407407407408,0.6804029304029304,0.5475,0.5025,0.6793055555555555,0.616620879120879,13,True
4001,3326,2651,1800,-18,4020,2,40,13,400,208,211,4020,2011,0.464,0.488,0.51,0.487,0.493,0.5026243439140214,3,2117,1833,0.653395061728395,0.5595238095238095,0.52,0.5275,0.6451851851851852,0.6472985347985347,13,True
4001,1706,2471,1835,-18,4020,2,40,13,400,231,208,4020,2011,0.504,0.504,0.516,0.52,0.504,0.5026243439140214,3,2247,2177,0.6935185185185185,0.6645299145299145,0.5775,0.52,0.7165277777777779,0.6380952380952382,13,True
4001,778,3186,1998,-18,4020,2,40,13,400,211,196,4020,2010,0.424,0.492,0.482,0.482,0.4995,0.5023744063984004,1,2288,2160,0.7061728395061728,0.6593406593406593,0.5275,0.49,0.6544907407407407,0.6012820512820513,13,True
4001,786,1572,2084,-18,4020,2,40,13,400,224,240,4020,2011,0.472,0.484,0.506,0.512,0.509,0.5026243439140214,3,2244,2265,0.6925925925925925,0.6913919413919414,0.56,0.6,0.6948148148148149,0.7362637362637363,13,True
4001,1378,3586,2182,-18,4020,2,40,13,400,235,205,4020,2010,0.536,0.544,0.508,0.502,0.5015,0.5023744063984004,1,2258,2056,0.6969135802469136,0.6275946275946276,0.5875,0.5125,0.7289351851851852,0.6288919413919414,13,True
4001,3558,2372,2249,-18,4020,2,40,13,400,234,216,4020,2010,0.528,0.536,0.526,0.522,0.495,0.5023744063984004,1,2276,2209,0.7024691358024692,0.6742979242979243,0.585,0.54,0.7258333333333333,0.6626373626373627,13,True
4001,2367,733,2250,-18,4020,2,40,13,400,207,219,4020,2011,0.544,0.476,0.504,0.493,0.499,0.5026243439140214,3,2265,2152,0.6990740740740741,0.6568986568986569,0.5175,0.5475,0.6420833333333333,0.6718406593406593,13,True
4001,2044,87,2258,-18,4020,2,40,13,400,223,205,4020,2010,0.488,0.52,0.468,0.485,0.495,0.5023744063984004,1,2131,1994,0.657716049382716,0.6086691086691086,0.5575,0.5125,0.691712962962963,0.6288919413919414,13,True
4001,1254,2508,2310,-18,4020,2,40,13,400,223,220,4020,2010,0.512,0.496,0.49,0.505,0.4935,0.5023744063984004,1,2248,2042,0.6938271604938272,0.6233211233211233,0.5575,0.55,0.691712962962963,0.674908424908425,13,True
4001,1746,1164,2377,-18,4020,2,40,13,400,227,217,4020,2010,0.416,0.464,0.496,0.515,0.516,0.5023744063984004,1,2233,2113,0.6891975308641975,0.644993894993895,0.5675,0.5425,0.7041203703703703,0.6657051282051282,13,True
4001,998,1996,2389,-18,4020,2,40,13,400,213,219,4020,2010,0.384,0.46,0.466,0.496,0.52,0.5023744063984004,1,2195,2108,0.6774691358024691,0.6434676434676435,0.5325,0.5475,0.6606944444444445,0.6718406593406593,13,True
4001,199,2800,2455,-18,4020,2,40,13,400,241,207,4020,2010,0.56,0.54,0.52,0.528,0.5105,0.5023744063984004,1,2258,2174,0.6969135802469136,0.6636141636141636,0.6025,0.5175,0.7475462962962963,0.6350274725274725,13,True
4001,1003,3336,2566,-18,4020,2,40,13,400,221,213,4020,2010,0.52,0.536,0.506,0.5,0.4965,0.5023744063984004,1,2208,2107,0.6814814814814815,0.6431623931623932,0.5525,0.5325,0.6855092592592593,0.6534340659340659,13,True
4001,2457,913,2579,-18,4020,2,40,13,400,214,200,4020,2011,0.616,0.556,0.524,0.531,0.5125,0.5026243439140214,3,2212,2027,0.682716049382716,0.6187423687423688,0.535,0.5,0.6637962962962963,0.6135531135531136,13,True
4001,3992,3995,2592,-18,4020,2,40,13,400,208,204,4020,2010,0.552,0.516,0.53,0.519,0.5215,0.5023744063984004,1,2233,2138,0.6891975308641975,0.6526251526251526,0.52,0.51,0.6451851851851852,0.6258241758241758,13,True
4001,1119,746,2622,-18,4020,2,40,13,400,220,203,4020,2010,0.528,0.516,0.518,0.505,0.498,0.5023744063984004,1,2222,2192,0.6858024691358025,0.6691086691086691,0.55,0.5075,0.6824074074074075,0.6227564102564103,13,True
4001,2762,1523,2638,-18,4020,2,40,13,400,226,202,4020,2011,0.456,0.504,0.524,0.498,0.505,0.5026243439140214,3,2209,1918,0.6817901234567901,0.5854700854700855,0.565,0.505,0.7010185185185185,0.6196886446886447,13,True
4001,3619,1079,2639,-18,4020,2,40,13,400,183,208,4020,2011,0.432,0.424,0.436,0.486,0.5065,0.5026243439140214,3,2226,1934,0.687037037037037,0.5903540903540904,0.4575,0.52,0.5676388888888889,0.6380952380952382,13,True
4001,2820,1639,2656,-18,4020,2,40,13,400,235,228,4020,2011,0.496,0.48,0.49,0.485,0.4845,0.5026243439140214,3,2201,2080,0.679320987654321,0.6349206349206349,0.5875,0.57,0.7289351851851852,0.6994505494505493,13,True
4001,129,258,2660,-18,4020,2,40,13,400,224,215,4020,2010,0.488,0.5,0.496,0.507,0.5135,0.5023744063984004,1,2204,2085,0.6802469135802469,0.6364468864468864,0.56,0.5375,0.6948148148148149,0.6595695970695971,13,True
4001,1957,3914,2737,-18,4020,2,40,13,400,244,222,4020,2011,0.496,0.52,0.518,0.506,0.5035,0.5026243439140214,3,2282,2160,0.7043209876543209,0.6593406593406593,0.61,0.555,0.7568518518518518,0.6810439560439562,13,True
4001,371,742,2797,-18,4020,2,40,13,400,193,206,4020,2010,0.456,0.48,0.492,0.515,0.516,0.5023744063984004,1,2229,2004,0.687962962962963,0.6117216117216118,0.4825,0.515,0.5986574074074074,0.631959706959707,13,True
4001,1989,3978,2848,-18,4020,2,40,13,400,199,247,4020,2011,0.568,0.56,0.536,0.511,0.5075,0.5026243439140214,3,2145,2145,0.6620370370370371,0.6547619047619048,0.4975,0.6175,0.6172685185185185,0.7577380952380953,13,True
4001,2068,135,2949,-18,4020,2,40,13,400,228,207,4020,2010,0.48,0.512,0.508,0.527,0.5085,0.5023744063984004,1,2236,2104,0.6901234567901234,0.6422466422466423,0.57,0.5175,0.7072222222222221,0.6350274725274725,13,True
4001,696,1392,2975,-18,4020,2,40,13,400,220,232,4020,2010,0.504,0.476,0.514,0.504,0.498,0.5023744063984004,1,2225,2172,0.6867283950617284,0.663003663003663,0.55,0.58,0.6824074074074075,0.7117216117216117,13,True
4001,3362,2723,2981,-18,4020,2,40,13,400,236,212,4020,2010,0.536,0.5,0.498,0.509,0.5,0.5023744063984004,1,2326,2096,0.7179012345679012,0.6398046398046398,0.59,0.53,0.7320370370370369,0.6503663003663004,13,True
4001,2871,1914,3071,-18,4020,2,40,13,400,238,214,4020,2010,0.528,0.512,0.518,0.485,0.4935,0.5023744063984004,1,2278,2065,0.7030864197530864,0.6303418803418803,0.595,0.535,0.7382407407407408,0.6565018315018316,13,True
4001,3327,2653,3074,-18,4020,2,40,13,400,205,223,4020,2011,0.552,0.512,0.494,0.485,0.496,0.5026243439140214,3,2222,2036,0.6858024691358025,0.6214896214896215,0.5125,0.5575,0.6358796296296296,0.6841117216117216,13,True
4001,2299,597,3115,-18,4020,2,40,13,400,221,204,4020,2010,0.512,0.54,0.54,0.522,0.4985,0.5023744063984004,1,2226,2088,0.687037037037037,0.6373626373626373,0.5525,0.51,0.6855092592592593,0.6258241758241758,13,True
4001,760,3174,3158,-18,4020,2,40,13,400,244,207,4020,2010,0.504,0.52,0.506,0.495,0.4915,0.5023744063984004,1,2289,2030,0.7064814814814815,0.6196581196581197,0.61,0.5175,0.7568518518518518,0.6350274725274725,13,True
4001,367,2912,3163,-18,4020,2,40,13,400,222,224,4020,2010,0.48,0.504,0.518,0.506,0.522,0.5023744063984004,1,2260,2206,0.6975308641975309,0.6733821733821734,0.555,0.56,0.6886111111111112,0.6871794871794873,13,True
4001,2683,455,3165,-18,4020,2,40,13,400,238,199,4020,2010,0.512,0.496,0.506,0.509,0.4955,0.5023744063984004,1,2238,2210,0.6907407407407408,0.6746031746031746,0.595,0.4975,0.7382407407407408,0.610485347985348,13,True
4001,1231,2462,3173,-18,4020,2,40,13,400,203,220,4020,2011,0.48,0.516,0.508,0.497,0.512,0.5026243439140214,3,2186,2200,0.6746913580246914,0.6715506715506715,0.5075,0.55,0.6296759259259259,0.674908424908425,13,True
4001,2702,1403,3199,-18,4020,2,40,13,400,221,212,4020,2011,0.536,0.516,0.532,0.525,0.505,0.5026243439140214,3,2190,2144,0.6759259259259259,0.6544566544566545,0.5525,0.53,0.6855092592592593,0.6503663003663004,13,True
4001,6,12,3224,-18,4020,2,40,13,400,218,227,4020,2011,0.56,0.56,0.532,0.526,0.508,0.5026243439140214,3,2267,2177,0.6996913580246914,0.6645299145299145,0.545,0.5675,0.6762037037037038,0.6963827838827839,13,True
4001,272,544,3258,-18,4020,2,40,13,400,204,189,4020,2010,0.48,0.48,0.49,0.498,0.5055,0.5023744063984004,1,2174,1976,0.6709876543209876,0.6031746031746031,0.51,0.4725,0.6327777777777778,0.5798076923076922,13,True
4001,2794,1587,3273,-18,4020,2,40,13,400,203,220,4020,2011,0.496,0.46,0.492,0.504,0.4975,0.5026243439140214,3,2213,2165,0.6830246913580247,0.6608669108669109,0.5075,0.55,0.6296759259259259,0.674908424908425,13,True
4001,3193,2385,3299,-18,4020,2,40,13,400,221,232,4020,2010,0.48,0.484,0.51,0.502,0.505,0.5023744063984004,1,2267,2173,0.6996913580246914,0.6633089133089133,0.5525,0.58,0.6855092592592593,0.7117216117216117,13,True
4001,3472,981,3320,-18,4020,2,40,13,400,234,216,4020,2010,0.488,0.472,0.508,0.487,0.496,0.5023744063984004,1,2239,2264,0.6910493827160494,0.6910866910866911,0.585,0.54,0.7258333333333333,0.6626373626373627,13,True
4001,2282,563,3373,-18,4020,2,40,13,400,221,222,4020,2011,0.544,0.528,0.532,0.502,0.508,0.5026243439140214,3,2205,2173,0.6805555555555556,0.6633089133089133,0.5525,0.555,0.6855092592592593,0.6810439560439562,13,True
4001,187,374,3417,-18,4020,2,40,13,400,244,216,4020,2011,0.512,0.496,0.5,0.507,0.502,0.5026243439140214,3,2288,2182,0.7061728395061728,0.666056166056166,0.61,0.54,0.7568518518518518,0.6626373626373627,13,True
4001,2582,3055,3427,-18,4020,2,40,13,400,247,213,4020,2010,0.552,0.528,0.494,0.496,0.4925,0.5023744063984004,1,2290,2177,0.7067901234567902,0.6645299145299145,0.6175,0.5325,0.7661574074074076,0.6534340659340659,13,True
4001,3052,2103,3471,-18,4020,2,40,13,400,222,172,4020,2010,0.48,0.464,0.502,0.497,0.509,0.5023744063984004,1,2189,1776,0.6756172839506173,0.5421245421245421,0.555,0.43,0.6886111111111112,0.5276556776556777,13,True
4001,2793,1862,3512,-18,4020,2,40,13,400,245,207,4020,2011,0.528,0.52,0.526,0.527,0.501,0.5026243439140214,3,2268,2196,0.7,0.6703296703296703,0.6125,0.5175,0.7599537037037037,0.6350274725274725,13,True
4001,1433,2289,3541,-18,4020,2,40,13,400,210,230,4020,2010,0.512,0.516,0.48,0.491,0.5035,0.5023744063984004,1,2237,2224,0.6904320987654321,0.6788766788766789,0.525,0.575,0.6513888888888889,0.7055860805860806,13,True
4001,1856,2571,3546,-18,4020,2,40,13,400,228,208,4020,2010,0.464,0.484,0.51,0.496,0.494,0.5023744063984004,1,2192,2026,0.6765432098765433,0.6184371184371185,0.57,0.52,0.7072222222222221,0.6380952380952382,13,True
4001,2885,3257,3566,-18,4020,2,40,13,400,250,223,4020,2011,0.448,0.48,0.51,0.507,0.5015,0.5026243439140214,3,2213,2067,0.6830246913580247,0.6309523809523809,0.625,0.5575,0.7754629629629629,0.6841117216117216,13,True
4001,2153,2769,3663,-18,4020,2,40,13,400,226,206,4020,2010,0.408,0.468,0.47,0.499,0.503,0.5023744063984004,1,2237,2216,0.6904320987654321,0.6764346764346765,0.565,0.515,0.7010185185185185,0.631959706959707,13,True
4001,1141,3428,3682,-18,4020,2,40,13,400,206,220,4020,2010,0.568,0.544,0.52,0.518,0.5045,0.5023744063984004,1,2195,2169,0.6774691358024691,0.6620879120879121,0.515,0.55,0.6389814814814815,0.674908424908425,13,True
4001,3744,3487,3740,-18,4020,2,40,13,400,219,220,4020,2010,0.504,0.508,0.496,0.511,0.4985,0.5023744063984004,1,2287,2162,0.7058641975308642,0.6599511599511599,0.5475,0.55,0.6793055555555555,0.674908424908425,13,True
4001,2641,1281,3762,-18,4020,2,40,13,400,223,203,4020,2010,0.448,0.48,0.46,0.481,0.499,0.5023744063984004,1,2208,2154,0.6814814814814815,0.6575091575091575,0.5575,0.5075,0.691712962962963,0.6227564102564103,13,True
4001,3600,2400,3832,-18,4020,2,40,13,400,221,197,4020,2010,0.488,0.456,0.494,0.497,0.503,0.5023744063984004,1,2235,1957,0.6898148148148148,0.5973748473748474,0.5525,0.4925,0.6855092592592593,0.6043498168498168,13,True
4001,3079,719,3954,-18,4020,2,40,13,400,211,235,4020,2011,0.488,0.492,0.506,0.478,0.4955,0.5026243439140214,3,2211,2184,0.6824074074074075,0.6666666666666666,0.5275,0.5875,0.6544907407407407,0.7209249084249084,13,True
4001,3874,3747,3955,-18,4020,2,40,13,400,234,211,4020,2011,0.528,0.548,0.532,0.513,0.502,0.5026243439140214,3,2255,2158,0.6959876543209876,0.6587301587301587,0.585,0.5275,0.7258333333333333,0.6472985347985347,13,True
