c BreakID not compiled in, disabling
c CryptoMiniSat version 5.11.15
c CMS Copyright (C) 2009-2020 Authors of CryptoMiniSat, see AUTHORS file
c CMS SHA revision 
c Using VMTF code by Armin Biere from CaDiCaL
c Using Yalsat by Armin Biere, see Balint et al. Improving implementation of SLS solvers [...], SAT'14
c Using WalkSAT by Henry Kautz, see Kautz and Selman Pushing the envelope: planning, propositional logic, and stochastic search, AAAI'96,
c CMS is MIT licensed
c Using code from 'When Boolean Satisfiability Meets Gauss-E. in a Simplex Way'
c       by C.-S. Han and J.-H. Roland Jiang in CAV 2012. Fixes by M. Soos
c Using CCAnr from 'CCAnr: A Conf. Checking Based Local Search Solver [...]'
c       by Shaowei Cai, Chuan Luo, and Kaile Su, SAT 2015
c CMS compilation env CMAKE_CXX_COMPILER = /usr/bin/c++ | COMPILE_DEFINES =  -DRDB0_ONLY_FEATURES -DBOOST_TEST_DYN_LINK -DUSE_ZLIB -DYALSAT_FPU | STATICCOMPILE = OFF | ONLY_SIMPLE = OFF | Boost_FOUND = TRUE | STATS = OFF | SQLITE3_FOUND =  | ZLIB_FOUND = TRUE | VALGRIND_FOUND =  | ENABLE_TESTING = OFF | SLOW_DEBUG = OFF | ENABLE_ASSERTIONS = ON | PYTHON_EXECUTABLE =  | PYTHON_LIBRARY =  | PYTHON_INCLUDE_DIRS =  | MY_TARGETS =  | LARGEMEM = OFF | LIMITMEM = OFF | BREAKID_LIBRARIES =  | BREAKID-VER = . | BOSPHORUS_LIBRARIES =  | BOSPH-VER = . | compilation date time = Mar 31 2024 17:57:30
c CMS compiled with gcc version 13.2.0
c Executed with command line: cryptominisat5 --verb 1 /workspace/inputs/TRIMOSKA-ECICB-2024/upstream/benchmarks/Xn19l6-14-U.dimacs
c Reading file '/workspace/inputs/TRIMOSKA-ECICB-2024/upstream/benchmarks/Xn19l6-14-U.dimacs'
c -- header says num vars:            767
c -- header says num clauses:        2416
c -- clauses added: 2364
c -- xor clauses added: 52
c -- vars added 767
c Parsing time: 0.00 s
c [find&init matx] performing matrix init
c [gauss] XOR-encoding clauses are not detached, so no need to reattach them.
c [xor-rem-unconnected] left with 50 xors from 50 non-empty xors T: 0.00
c [xor-together] xored together: 0 orig xors: 50 new xors: 50 T: 0.00
c [xor-rem-unconnected] left with 50 xors from 50 non-empty xors T: 0.00
c [xor-clean-equiv] removed equivalent xors: 0 left with: 50
c [matrix] unused xors from cleaning: 0
c [matrix] Good   matrix  0     50 x  765  density:0.1185  xorlen avg: 90.62
c [matrix] Using 1 matrices recovered from 0 xors T: 0.00 T-out: N
c [branch] adjusting to: vsid (from: vsid) var_decay:0.95 descr: VSIDS
c rst  geom  stb   vs     1   112    2943 18440  1652    3.97    3.81     3    25    74    10  120.70  110.10
c rst  geom  stb   vs     2   234    2943 18440  1652    3.97    3.81     3    26   195    10   96.33   92.29
c  res  pol bran  nres  conf freevar  IrrL  IrrB l/longC  l/allC RedL0 RedL1 RedL2  RedB l/longC  l/allC
c rst  geom  stb   vs     3   368    2943 18440  1652    3.97    3.81     3    26   325    14   88.41   85.12
c rst  geom  stb   vs     4   516    2943 18440  1652    3.97    3.81     3    26   473    14   86.12   83.84
c rst  geom  stb   vs     5   679    2943 18440  1652    3.97    3.81     3    26   636    14   78.12   76.55
c rst  geom  stb   vs     6   857    2943 18440  1652    3.97    3.81     3    26   814    14   70.82   69.70
c rst  geom  stb   vs     7  1052    2943 18440  1652    3.97    3.81     3    26  1006    17   73.26   72.11
c rst  geom  stb   vs     8  1265    2943 18440  1652    3.97    3.81     3    26  1219    17   71.12   70.20
c rst  geom  stb   vs     9  1499    2943 18440  1652    3.97    3.81     3    26  1453    17   72.55   71.75
c rst  geom  stb   vs    10  1756    2943 18440  1652    3.97    3.81     3    26  1710    17   72.97   72.29
c rst  geom  stb   vs    11  2038    2943 18440  1652    3.97    3.81     3    26  1992    17   67.66   67.11
c rst  geom  stb   vs    12  2350    2943 18440  1652    3.97    3.81     3    26  2304    17   71.47   70.97
c rst  geom  stb   vs    13  2691    2943 18440  1652    3.97    3.81     3    26  2645    17   70.19   69.76
c rst  geom  stb   vs    14  3064    2943 18440  1652    3.97    3.81     3    26  3016    19   70.85   70.42
c rst  geom  stb   vs    15  3475    2943 18440  1652    3.97    3.81     3    26  3427    19   74.50   74.10
c rst  geom  stb   vs    16  3925    2943 18440  1652    3.97    3.81     3    26  3876    20   74.39   74.02
c rst  geom  stb   vs    17  4420    2943 18440  1652    3.97    3.81     3    26  4371    20   73.53   73.21
c rst  geom  stb   vs    18  4964    2943 18440  1652    3.97    3.81     3    26  4915    20   72.39   72.11
c rst  geom  stb   vs    19  5561    2943 18440  1652    3.97    3.81     3    26  5512    20   71.91   71.66
c [branch] adjusting to: vmtf (from: vsid) var_decay:0.95 descr: VMTF
c [distill-long-red0] cls tried: 3/3 T: 0.00 T-out: N T-r: 100.00%
c [distill-long-red1] cls tried: 26/26 T: 0.00 T-out: N T-r: 98.77%
c rst  luby ibes  vmt    20  5663    2943 18440  1652    3.97    3.81     9    43  5587    24   71.36   71.07
c rst  luby ibes  vmt    21  5765    2943 18440  1652    3.97    3.81     9    43  5689    24   70.72   70.43
c rst  luby ibes  vmt    22  5966    2943 18440  1652    3.97    3.81     9    43  5890    24   69.82   69.55
c rst  luby ibes  vmt    23  6068    2943 18440  1652    3.97    3.81     9    43  5992    24   69.32   69.05
c rst  luby ibes  vmt    24  6170    2943 18440  1652    3.97    3.81     9    43  6094    24   68.83   68.57
c rst  luby ibes  vmt    25  6372    2943 18440  1652    3.97    3.81     9    43  6296    24   67.60   67.35
c rst  luby ibes  vmt    26  6773    2943 18440  1652    3.97    3.81     9    43  6697    24   65.27   65.05
c rst  luby ibes  vmt    27  6875    2943 18440  1652    3.97    3.81     9    43  6799    24   64.71   64.50
c rst  luby ibes  vmt    28  6978    2943 18440  1652    3.97    3.81     9    43  6902    24   64.25   64.03
c rst  luby ibes  vmt    29  7179    2943 18440  1652    3.97    3.81     9    43  7103    24   63.50   63.30
c rst  luby ibes  vmt    30  7281    2943 18440  1652    3.97    3.81     9    43  7205    24   63.01   62.81
c rst  luby ibes  vmt    31  7383    2943 18440  1652    3.97    3.81     9    43  7307    24   62.58   62.38
c rst  luby ibes  vmt    32  7585    2943 18440  1652    3.97    3.81     9    43  7509    24   61.64   61.45
c rst  luby ibes  vmt    33  7987    2943 18440  1652    3.97    3.81     9    43  7911    24   59.69   59.52
c rst  luby ibes  vmt    34  8788    2943 18440  1652    3.97    3.81     9    43  8712    24   57.69   57.54
c rst  luby ibes  vmt    35  8890    2943 18440  1652    3.97    3.81     9    43  8814    24   57.49   57.34
c rst  luby ibes  vmt    36  8992    2943 18440  1652    3.97    3.81     9    43  8916    24   57.12   56.97
c rst  luby ibes  vmt    37  9194    2943 18440  1652    3.97    3.81     9    43  9118    24   56.34   56.20
c rst  luby ibes  vmt    38  9296    2943 18440  1652    3.97    3.81     9    43  9220    24   55.98   55.84
c rst  luby ibes  vmt    39  9398    2943 18440  1652    3.97    3.81     9    43  9322    24   55.61   55.48
c rst  luby ibes  vmt    40  9600    2943 18440  1652    3.97    3.81     9    43  9524    24   54.92   54.79
c rst  luby ibes  vmt    41 10002    2943 18440  1652    3.97    3.81    30    22  9926    24   53.55   53.43
c rst  luby ibes  vmt    42 10104    2943 18440  1652    3.97    3.81    30    22 10028    24   53.20   53.08
c rst  luby ibes  vmt    43 10206    2943 18440  1652    3.97    3.81    30    22 10130    24   52.87   52.75
c rst  luby ibes  vmt    44 10408    2943 18440  1652    3.97    3.81    30    22 10332    24   52.22   52.10
c rst  luby ibes  vmt    45 10510    2943 18440  1652    3.97    3.81    30    22 10434    24   51.91   51.80
c rst  luby ibes  vmt    46 10612    2943 18440  1652    3.97    3.81    30    22 10536    24   51.60   51.49
c rst  luby ibes  vmt    47 10814    2943 18440  1652    3.97    3.81    30    22 10738    24   50.99   50.88
c rst  luby  svd  vmt    48 11215    2943 18440  1652    3.97    3.81    30    22 11139    24   51.63   51.53
c rst  luby  svd  vmt    49 12017    2943 18440  1652    3.97    3.81    30    22 11939    26   51.57   51.46
c [branch] adjusting to: vsid (from: vmtf) var_decay:0.95 descr: VSIDS
c [distill-bin] useful: 4/1652/1652 lits-rem: 0 cl-rem: 4 0-depth-assigns: 0 T: 0.01 T-out: N
c rst  geom  svd   vs    50 12129    2943 18440  1648    3.97    3.81    30    22 12051    26   51.44   51.33
c rst  geom  svd   vs    51 12252    2943 18440  1648    3.97    3.81    30    22 12174    26   51.30   51.19
c rst  geom  svd   vs    52 12387    2943 18440  1648    3.97    3.81    30    22 12308    27   51.09   50.99
c rst  geom  svd   vs    53 12534    2943 18440  1648    3.97    3.81    30    22 12455    27   50.84   50.73
c rst  geom  svd   vs    54 12696    2943 18440  1648    3.97    3.81    30    22 12617    27   50.76   50.66
c rst  geom  svd   vs    55 12874    2943 18440  1648    3.97    3.81    30    22 12795    27   50.44   50.34
c rst  geom  svd   vs    56 13068    2943 18440  1648    3.97    3.81    30    22 12989    27   50.11   50.01
c rst  geom  svd   vs    57 13282    2943 18440  1648    3.97    3.81    30    22 13203    27   49.73   49.63
c rst  geom  svd   vs    58 13516    2943 18440  1648    3.97    3.81    30    22 13437    27   49.34   49.24
c rst  geom  svd   vs    59 13774    2943 18440  1648    3.97    3.81    30    22 13695    27   48.91   48.82
c rst  geom  svd   vs    60 14056    2943 18440  1648    3.97    3.81    30    22 13977    27   48.58   48.49
c rst  geom  svd   vs    61 14366    2943 18440  1648    3.97    3.81    30    22 14287    27   48.29   48.21
c rst  geom  svd   vs    62 14706    2943 18440  1648    3.97    3.81    30    22 14627    27   47.83   47.75
c rst  geom  svd   vs    63 15079    2943 18440  1648    3.97    3.81    30    26 14599    27   46.15   46.07
c rst  geom  svd   vs    64 15489    2943 18440  1648    3.97    3.81    30    26 15009    27   45.89   45.82
c rst  geom  svd   vs    65 15939    2943 18440  1648    3.97    3.81    30    26 15459    27   45.60   45.52
c rst  geom  svd   vs    66 16434    2943 18440  1648    3.97    3.81    30    26 15953    28   45.09   45.01
c rst  geom best   vs    67 16980    2943 18440  1648    3.97    3.81    30    26 16499    28   46.08   46.00
c rst  geom best   vs    68 17577    2943 18440  1648    3.97    3.81    30    26 17096    28   45.93   45.86
c rst  geom best   vs    69 18233    2943 18440  1648    3.97    3.81    30    26 17752    28   45.65   45.58
c [branch] adjusting to: vmtf (from: vsid) var_decay:0.95 descr: VMTF
c rst  luby best  vmt    70 18334    2943 18440  1648    3.97    3.81    30    26 17853    28   45.66   45.59
c rst  luby best  vmt    71 18436    2943 18440  1648    3.97    3.81    30    26 17955    28   45.67   45.60
c rst  luby best  vmt    72 18638    2943 18440  1648    3.97    3.81    30    26 18157    28   45.64   45.57
c rst  luby best  vmt    73 18740    2943 18440  1648    3.97    3.81    30    26 18259    28   45.67   45.60
c rst  luby best  vmt    74 18842    2943 18440  1648    3.97    3.81    30    26 18361    28   45.66   45.59
c rst  luby best  vmt    75 19044    2943 18440  1648    3.97    3.81    30    26 18563    28   45.62   45.56
c rst  luby best  vmt    76 19445    2943 18440  1648    3.97    3.81    30    26 18964    28   45.25   45.18
c rst  luby best  vmt    77 19547    2943 18440  1648    3.97    3.81    30    26 19066    28   45.16   45.10
c rst  luby best  vmt    78 19648    2943 18440  1648    3.97    3.81    30    26 19167    28   45.12   45.05
c rst  luby best  vmt    79 19850    2943 18440  1648    3.97    3.81    30    26 19369    28   45.03   44.97
c rst  luby best  vmt    80 19951    2943 18440  1648    3.97    3.81    30    26 19470    28   44.97   44.91
c rst  luby best  vmt    81   20K    2943 18440  1648    3.97    3.81    30    26 19572    28   44.93   44.86
c [full-probe]  bin_only: 1 set: 0 repl: 0 T: 0.00 T-out: N T-r: 99.87%
c rst  luby best  vmt    82   20K    2943 18440  1648    3.97    3.81    30    26 19773    32   44.84   44.77
c rst  luby best  vmt    83   20K    2943 18440  1648    3.97    3.81    30    26   20K    32   44.56   44.49
c [distill-long-red0] cls tried: 11/11 T: 0.00 T-out: N T-r: 99.99%
c [distill-long-red1] cls tried: 16/16 T: 0.00 T-out: N T-r: 96.44%
c rst  luby best  vmt    84   21K    2943 18440  1648    3.97    3.81    30    26   20K    32   43.90   43.84
c rst  luby best  vmt    85   21K    2943 18440  1648    3.97    3.81    30    26   21K    32   43.83   43.77
c rst  luby best  vmt    86   21K    2943 18440  1648    3.97    3.81    30    26   21K    32   43.79   43.73
c rst  luby  stb  vmt    87   21K    2943 18440  1648    3.97    3.81    30    26   21K    32   44.03   43.96
c rst  luby  stb  vmt    88   21K    2943 18440  1648    3.97    3.81    30    26   21K    32   43.99   43.93
c rst  luby  stb  vmt    89   22K    2943 18440  1648    3.97    3.81    30    26   21K    32   43.95   43.89
c rst  luby  stb  vmt    90   22K    2943 18440  1648    3.97    3.81    30    26   21K    32   43.93   43.87
c rst  luby  stb  vmt    91   22K    2943 18440  1648    3.97    3.81    30    26   22K    32   43.87   43.81
c rst  luby  stb  vmt    92   22K    2943 18440  1648    3.97    3.81    30    26   22K    32   43.82   43.77
c rst  luby  stb  vmt    93   22K    2943 18440  1648    3.97    3.81    30    26   22K    32   43.75   43.69
c rst  luby  stb  vmt    94   23K    2943 18440  1648    3.97    3.81    30    26   22K    32   43.61   43.55
c rst  luby  stb  vmt    95   23K    2943 18440  1648    3.97    3.81    30    26   22K    32   43.56   43.50
c rst  luby  stb  vmt    96   23K    2943 18440  1648    3.97    3.81    30    26   22K    32   43.48   43.43
c rst  luby  stb  vmt    97   23K    2943 18440  1648    3.97    3.81    30    26   22K    32   43.33   43.28
c rst  luby  stb  vmt    98   23K    2943 18440  1648    3.97    3.81    30    26   23K    32   43.23   43.17
c rst  luby  stb  vmt    99   24K    2943 18440  1648    3.97    3.81    30    26   24K    34   42.84   42.79
c rst  luby  stb  vmt   100   26K    2943 18440  1648    3.97    3.81    33    27   25K    35   42.42   42.36
c [branch] adjusting to: vsid (from: vmtf) var_decay:0.95 descr: VSIDS
c [distill] watch-based irred--  cl tried     1428 cl-sh     0 cl-rem    4 lit-rem      0 T: 0.00 T-out: N
c [distill] watch-based   red--  cl tried       66 cl-sh     0 cl-rem    0 lit-rem      0 T: 0.00 T-out: N
c rst  geom  stb   vs   101   26K    2943 18436  1652    3.97    3.81    34    27   25K    31   42.37   42.32
c rst  geom  stb   vs   102   26K    2943 18436  1652    3.97    3.81    34    27   26K    31   42.34   42.29
c rst  geom  stb   vs   103   26K    2943 18436  1652    3.97    3.81    34    27   26K    31   42.31   42.27
c rst  geom  stb   vs   104   26K    2943 18436  1652    3.97    3.81    34    27   26K    31   42.30   42.25
c rst  geom  stb   vs   105   26K    2943 18436  1652    3.97    3.81    34    27   26K    31   42.26   42.21
c rst  geom ibes   vs   106   27K    2943 18436  1652    3.97    3.81    34    27   26K    31   42.19   42.14
c rst  geom ibes   vs   107   27K    2943 18436  1652    3.97    3.81    34    27   26K    31   42.13   42.08
c rst  geom ibes   vs   108   27K    2943 18436  1652    3.97    3.81    34    27   27K    31   42.08   42.03
c rst  geom ibes   vs   109   27K    2943 18436  1652    3.97    3.81    34    27   27K    31   42.06   42.01
c rst  geom ibes   vs   110   28K    2943 18436  1652    3.97    3.81    35    27   27K    31   41.94   41.90
c rst  geom ibes   vs   111   28K    2943 18436  1652    3.97    3.81    35    27   27K    31   42.03   41.99
c rst  geom ibes   vs   112   28K    2943 18436  1652    3.97    3.81    35    27   28K    31   41.89   41.85
c rst  geom ibes   vs   113   28K    2943 18436  1652    3.97    3.81    35    27   28K    31   41.66   41.62
c rst  geom ibes   vs   114   29K    2943 18436  1652    3.97    3.81    35    27   28K    31   41.56   41.51
c rst  geom ibes   vs   115   29K    2943 18436  1652    3.97    3.81    35    27   29K    31   41.42   41.38
c rst  geom ibes   vs   116   30K    2943 18436  1652    3.97    3.81    36    26   23K    31   35.17   35.13
c rst  geom ibes   vs   117   30K    2943 18436  1652    3.97    3.81    36    26   24K    31   35.09   35.05
c rst  geom ibes   vs   118   31K    2943 18436  1652    3.97    3.81    36    26   24K    31   35.01   34.97
c rst  geom ibes   vs   119   31K    2943 18436  1652    3.97    3.81    36    26   25K    31   34.96   34.92
c rst  geom ibes   vs   120   32K    2943 18436  1652    3.97    3.81    36    26   26K    31   34.73   34.69
c [distill-bin] useful: 0/1652/1652 lits-rem: 0 cl-rem: 0 0-depth-assigns: 0 T: 0.00 T-out: N
c rst  geom  svd   vs   121   33K    2943 18436  1652    3.97    3.81    36    26   26K    31   34.84   34.80
c rst  geom  svd   vs   122   34K    2943 18436  1652    3.97    3.81    36    26   27K    31   34.75   34.71
c [branch] adjusting to: vmtf (from: vsid) var_decay:0.95 descr: VMTF
c rst  luby  svd  vmt   123   34K    2943 18436  1652    3.97    3.81    36    26   27K    31   34.74   34.70
c rst  luby  svd  vmt   124   34K    2943 18436  1652    3.97    3.81    36    26   27K    31   34.74   34.70
c rst  luby  svd  vmt   125   34K    2943 18436  1652    3.97    3.81    36    26   27K    31   34.72   34.68
c rst  luby  svd  vmt   126   34K    2943 18436  1652    3.97    3.81    36    26   28K    31   34.72   34.68
c rst  luby  svd  vmt   127   34K    2943 18436  1652    3.97    3.81    36    26   28K    31   34.70   34.66
c rst  luby  svd  vmt   128   34K    2943 18436  1652    3.97    3.81    36    26   28K    31   34.64   34.61
c rst  luby  svd  vmt   129   35K    2943 18436  1652    3.97    3.81    36    26   28K    31   34.60   34.56
c rst  luby  svd  vmt   130   35K    2943 18436  1652    3.97    3.81    36    26   28K    31   34.60   34.57
c rst  luby  svd  vmt   131   35K    2943 18436  1652    3.97    3.81    36    26   28K    31   34.63   34.59
c rst  luby  svd  vmt   132   35K    2943 18436  1652    3.97    3.81    36    26   29K    31   34.74   34.70
c rst  luby  svd  vmt   133   35K    2943 18436  1652    3.97    3.81    36    26   29K    31   34.74   34.71
c [distill-long-red0] cls tried: 6/6 T: 0.00 T-out: N T-r: 100.00%
c [distill-long-red1] cls tried: 0/0 T: 0.00 T-out: N T-r: 100.00%
c rst  luby  svd  vmt   134   35K    2943 18436  1652    3.97    3.81    36    26   29K    31   34.74   34.70
c rst  luby  svd  vmt   135   36K    2943 18436  1652    3.97    3.81    36    26   29K    31   34.76   34.73
c rst  luby  svd  vmt   136   36K    2943 18436  1652    3.97    3.81    36    26   29K    31   34.75   34.72
c rst  luby  svd  vmt   137   37K    2943 18436  1652    3.97    3.81    36    26   30K    31   34.61   34.58
c rst  luby  svd  vmt   138   37K    2943 18436  1652    3.97    3.81    36    26   30K    31   34.63   34.59
c rst  luby  svd  vmt   139   37K    2943 18436  1652    3.97    3.81    36    26   30K    31   34.61   34.58
c rst  luby  svd  vmt   140   37K    2943 18436  1652    3.97    3.81    36    26   31K    31   34.56   34.53
c rst  luby  svd  vmt   141   37K    2943 18436  1652    3.97    3.81    36    26   31K    31   34.52   34.49
c rst  luby  svd  vmt   142   37K    2943 18436  1652    3.97    3.81    36    26   31K    31   34.54   34.51
c rst  luby  svd  vmt   143   38K    2943 18436  1652    3.97    3.81    36    26   31K    31   34.51   34.47
c rst  geom best  vmt   144   38K    2943 18436  1652    3.97    3.81    36    26   31K    31   34.48   34.45
c rst  geom best  vmt   145   38K    2943 18436  1652    3.97    3.81    36    26   31K    31   34.43   34.40
c rst  geom best  vmt   146   38K    2943 18436  1652    3.97    3.81    36    26   31K    31   34.37   34.34
c rst  geom best  vmt   147   38K    2943 18436  1652    3.97    3.81    36    26   32K    31   34.29   34.26
c rst  geom best  vmt   148   38K    2943 18436  1652    3.97    3.81    36    26   32K    31   34.22   34.19
c rst  geom best  vmt   149   38K    2943 18436  1652    3.97    3.81    36    26   32K    31   34.19   34.15
c rst  geom best  vmt   150   39K    2943 18436  1652    3.97    3.81    36    26   32K    31   34.20   34.17
c rst  geom best  vmt   151   39K    2943 18436  1652    3.97    3.81    36    26   32K    31   34.33   34.30
c rst  geom best  vmt   152   39K    2943 18436  1652    3.97    3.81    36    26   33K    31   34.23   34.20
c rst  geom best  vmt   153   39K    2943 18436  1652    3.97    3.81    36    26   33K    31   34.13   34.10
c rst  geom best  vmt   154   40K    2943 18436  1652    3.97    3.81    36    26   33K    31   34.10   34.07
c [full-probe]  bin_only: 0 set: 0 repl: 0 T: 0.00 T-out: N T-r: 98.23%
c [impl-str] lit bin: 0 set-var: 0 T: 0.00 T-out: N T-r: 99.95% w-visit: 5886
c [impl-sub] bin: 24 T: 0.00 T-out: N w-visit: 5886
c rst  geom best  vmt   155   40K    2943 18436  1652    3.97    3.81    36    26   33K    13   34.02   34.01
c rst  geom best  vmt   156   40K    2943 18436  1652    3.97    3.81    36    26   34K    13   33.95   33.94
c rst  geom best  vmt   157   41K    2943 18436  1652    3.97    3.81    36    26   34K    13   33.87   33.86
c rst  geom best  vmt   158   41K    2943 18436  1652    3.97    3.81    36    26   35K    13   33.84   33.83
c rst  geom best  vmt   159   41K    2943 18436  1652    3.97    3.81    36    26   35K    13   33.78   33.76
c rst  geom best  vmt   160   42K    2943 18436  1652    3.97    3.81    36    26   36K    13   33.62   33.61
c [branch] adjusting to: vsid (from: vmtf) var_decay:0.95 descr: VSIDS
c rst  geom best   vs   161   42K    2943 18436  1652    3.97    3.81    36    26   36K    13   33.61   33.60
c rst  geom best   vs   162   42K    2943 18436  1652    3.97    3.81    36    26   36K    13   33.59   33.58
c rst  geom best   vs   163   42K    2943 18436  1652    3.97    3.81    36    26   36K    13   33.58   33.57
c rst  geom best   vs   164   42K    2943 18436  1652    3.97    3.81    36    26   36K    13   33.57   33.56
c rst  geom best   vs   165   43K    2943 18436  1652    3.97    3.81    36    26   36K    13   33.52   33.51
c rst  geom best   vs   166   43K    2943 18436  1652    3.97    3.81    36    26   36K    13   33.47   33.46
c rst  geom best   vs   167   43K    2943 18436  1652    3.97    3.81    36    26   37K    13   33.46   33.44
c rst  geom  stb   vs   168   43K    2943 18436  1652    3.97    3.81    36    26   37K    13   33.41   33.40
c rst  geom  stb   vs   169   43K    2943 18436  1652    3.97    3.81    36    26   37K    13   33.34   33.33
c rst  geom  stb   vs   170   44K    2943 18436  1652    3.97    3.81    36    26   37K    13   33.37   33.35
c [ccnr] tries: 0 steps: 262143 best found: 19
c [ccnr] tries: 0 steps: 524287 best found: 17
c [ccnr] tries: 0 steps: 786431 best found: 15
c [ccnr] saving best assignment phase to stable_polar
c [ccnr] bumping based on clause weights
c [ccnr] Bumped vars: 103 bump type: 6
c [ccnr] time: 0.40
c rst  geom  stb   vs   171   44K    2943 18436  1652    3.97    3.81    36    26   38K    13   33.40   33.39
c rst  geom  stb   vs   172   44K    2943 18436  1652    3.97    3.81    36    26   38K    13   33.44   33.43
c rst  geom  stb   vs   173   45K    2943 18436  1652    3.97    3.81    36    26   31K    13   33.53   33.52
c rst  geom  stb   vs   174   45K    2943 18436  1652    3.97    3.81    36    26   31K    13   33.53   33.52
c rst  geom  stb   vs   175   45K    2943 18436  1652    3.97    3.81    36    26   31K    13   33.50   33.49
c rst  geom  stb   vs   176   46K    2943 18436  1652    3.97    3.81    36    26   32K    13   33.48   33.47
c rst  geom  stb   vs   177   46K    2943 18436  1652    3.97    3.81    36    26   32K    13   33.42   33.41
c rst  geom  stb   vs   178   47K    2943 18436  1652    3.97    3.81    36    26   33K    13   33.30   33.28
c rst  geom  stb   vs   179   48K    2943 18436  1652    3.97    3.81    36    26   34K    13   33.23   33.22
c rst  geom  stb   vs   180   48K    2943 18436  1652    3.97    3.81    36    26   34K    13   33.03   33.02
c rst  geom  stb   vs   181   49K    2943 18436  1652    3.97    3.81    36    26   35K    13   32.81   32.80
c rst  geom ibes   vs   182   50K    2943 18436  1652    3.97    3.81    36    26   36K    13   32.67   32.66
c [gauss] XOR-encoding clauses are not detached, so no need to reattach them.
c [g 0] truth-find prop checks  : 434K
c [g 0] -> of which prop        : 60.85 %
c [g 0] -> of which confl       :  5.67 %
c [g 0] elim called             : 41K
c [g 0] ---> which lead to prop : 29.18 %
c [g 0] ---> which lead to confl:  1.65 %
c [g 0] size: 50    x 765  
c [scc] new: 6 BP 0M T: 0.00
c [vrep] vars 6 lits 17357 rem-bin-cls 30 rem-long-cls 0 BP 0M T: 0.01
c [scc] new: 0 BP 0M T: 0.00
c [vrep] vars 0 lits 0 rem-bin-cls 0 rem-long-cls 0 BP 0M T: 0.00
c [intree] Set 0 vars hyper-added: 736 trans-irred: 0 trans-red: 1 T: 0.01 T-out: N T-r: -0.37%
c [find&init matx] performing matrix init
c [gauss] XOR-encoding clauses are not detached, so no need to reattach them.
c [xor-rem-unconnected] left with 50 xors from 50 non-empty xors T: 0.00
c [xor-together] xored together: 0 orig xors: 50 new xors: 50 T: 0.00
c [xor-rem-unconnected] left with 50 xors from 50 non-empty xors T: 0.00
c [xor-clean-equiv] removed equivalent xors: 0 left with: 50
c [matrix] unused xors from cleaning: 0
c [matrix] Good   matrix 0 50      x761    density:0.1180  xorlen avg: 89.82
c [matrix] Using 1 matrices recovered from 0 xors T: 0.00 T-out: N
c rst  geom ibes vs   183   51  K 2937    18436  1640 3.97    3.81       36    26   37K   742 32.61   32.01  
c [distill-long-red0] cls tried: 0/0 T: 0.00 T-out: N T-r: 100.00%
c [distill-long-red1] cls tried: 0/0 T: 0.00 T-out: N T-r: 100.00%
c rst  geom ibes vs   184   52  K 2937    18436  1640 3.97    3.81       36    26   38K   742 32.84   32.25  
c [distill] watch-based irred--  cl tried 1424     cl-sh 0     cl-rem 0    lit-rem 0      T: 0.00 T-out: N
c [distill] watch-based red  --  cl tried 72       cl-sh 0     cl-rem 0    lit-rem 0      T: 0.00 T-out: N
c rst  geom ibes vs   185   53  K 2937    18436  1640 3.97    3.81       36    26   39K   742 32.89   32.32  
c [branch] adjusting to: vmtf (from: vsid) var_decay:0.95 descr: VMTF
c [distill-bin] useful: 0/1640/1640 lits-rem: 0 cl-rem: 0 0-depth-assigns: 0 T: 0.01 T-out: N
c rst  luby ibes vmt  186   53  K 2937    18436  1640 3.97    3.81       36    26   39K   742 32.96   32.39  
c rst  luby ibes vmt  187   53  K 2937    18436  1640 3.97    3.81       37    26   39K   742 32.98   32.40  
c rst  luby ibes vmt  188   53  K 2937    18436  1640 3.97    3.81       37    26   39K   742 33.00   32.43  
c rst  luby ibes vmt  189   53  K 2937    18436  1640 3.97    3.81       37    26   39K   742 33.02   32.45  
c rst  luby ibes vmt  190   53  K 2937    18436  1640 3.97    3.81       37    26   39K   742 33.00   32.43  
c rst  luby ibes vmt  191   53  K 2937    18436  1640 3.97    3.81       37    26   39K   742 32.96   32.39  
c rst  luby ibes vmt  192   54  K 2937    18436  1640 3.97    3.81       37    26   40K   742 32.86   32.30  
c rst  luby ibes vmt  193   54  K 2937    18436  1640 3.97    3.81       37    26   40K   742 32.83   32.28  
c rst  luby ibes vmt  194   54  K 2937    18436  1640 3.97    3.81       37    26   40K   742 32.81   32.26  
c rst  luby ibes vmt  195   54  K 2937    18436  1640 3.97    3.81       37    26   40K   742 32.77   32.22  
c rst  luby ibes vmt  196   54  K 2937    18436  1640 3.97    3.81       37    26   40K   742 32.74   32.19  
c rst  luby ibes vmt  197   54  K 2937    18436  1640 3.97    3.81       37    26   40K   742 32.72   32.17  
c rst  luby ibes vmt  198   55  K 2937    18436  1640 3.97    3.81       37    26   41K   742 32.67   32.12  
c rst  luby svd  vmt  199   55  K 2937    18436  1640 3.97    3.81       37    26   41K   742 32.57   32.03  
c rst  luby svd  vmt  200   56  K 2937    18436  1640 3.97    3.81       37    26   42K   742 32.51   31.98  
c recursive minimization cost OK: 235Kcost/(% lits removed)
c [gauss] XOR-encoding clauses are not detached, so no need to reattach them.
c [g 0] truth-find prop checks  : 47K
c [g 0] -> of which prop        : 66.93 %
c [g 0] -> of which confl       :  4.69 %
c [g 0] elim called             : 3366
c [g 0] ---> which lead to prop : 26.65 %
c [g 0] ---> which lead to confl:  1.81 %
c [g 0] size: 50    x 761  
c --> Executing strategy token: scc-vrepl
c [scc] new: 0 BP 0M T: 0.00
c --> Executing strategy token: sub-impl
c [impl-sub] bin: 0 T: 0.00 T-out: N w-visit: 5886
c --> Executing strategy token: breakid
c --> Executing OCC strategy token(s): 'occ-backw-sub-str,occ-clean-implicit,occ-bve,occ-bva,occ-ternary-res,occ-xor,'
c [occ] mem usage for occur 1      MB
c [occ] Linked in IRRED BIN by default: 1640
c [occ] Linked in RED   BIN by default: 742
c [occ] mem usage for occur 0      MB
c Mem for watch alloc      : 3           MB (17.25     %)
c Mem for watch array      : 0           MB (0.89      %)
c --> Executing OCC strategy token: occ-backw-sub-str
c [occ-backw-sub-str-long-w-bins] subs: 0 str: 0 tried: 2382 0-depth ass: 0 T: 0.00 T-out: N T-r: 99.46%
c [occ-backw-sub-long-w-long] rem cl: 16 tried: 60516/60516 (100.0%) T: 0.01 T-out: N T-r: 96.19%
c [occ-backw-sub-str-long-w-long] sub: 0 str: 0 tried: 181548/60516 (300.0)  T: 0.04 T-out: N T-r: 88.37%
c --> Executing OCC strategy token: occ-clean-implicit
c --> Executing OCC strategy token: occ-bve
c [occ-empty-res] Empty resolvent elimed: 0 T: 0.00 T-out: N
c [occ-bve] iter v-elim 9
c cl_inc_rate=1.0, var_dec_rate=1.0 (grow=0)
c Reduced to 2928 vars, 20071 cls (grow=0)
c [occ-bve] iter v-elim 293
c cl_inc_rate=1.1, var_dec_rate=1.1 (grow=8)
c Reduced to 2635 vars, 21359 cls (grow=8)
c x n vars       : 2635
c #try to eliminate:  6110
c #var-elim        :   302
c #T-o: N
c #T-r: 99.99%
c #T  : 0.05
c [occur] 0.02 is overhead
c [occur] link-in T: 0.02 cleanup T: 0.00
c --> Executing OCC strategy token: occ-bva
c --> Executing OCC strategy token: occ-ternary-res
c [occ-ternary-res] Ternary res-tri: 56 res-bin: 0 sub: 0 str: 0 T: 0.00 T-out: N T-r: 99.37%
c --> Executing OCC strategy token: occ-xor
c [occ-xor] sort occur list T: 0.00
c [xor-clean-equiv] removed equivalent xors: 0 left with: 2061
c [occ-xor] found   2061 avg sz 4.0 min sz  4 max sz  5 T: 0.00 T-out: N T-r: 99.98%
c --> Executing strategy token: card-find
c --> Executing strategy token: cl-consolidate
c Not consolidating memory.
c --> Executing strategy token: scc-vrepl
c [scc] new: 0 BP 0M T: 0.00
c --> Executing strategy token: renumber
c --> Executing strategy token: bosphorus
c --> Executing strategy token: louvain-comms
c [consolidate] mini T: 0.00
c global_timeout_multiplier: 3.3000
c [branch] rebuilding order heap for all branchings. Current branching: vmtf
c [find&init matx] performing matrix init
c [gauss] XOR-encoding clauses are not detached, so no need to reattach them.
c [xor-rem-unconnected] left with 2061 xors from 2061 non-empty xors T: 0.00
c [xor-together] xored together: 2011 orig xors: 2061 new xors: 50 T: 0.00
c [xor-rem-unconnected] left with 50 xors from 50 non-empty xors T: 0.00
c [xor-clean-equiv] removed equivalent xors: 0 left with: 50
c [matrix] unused xors from cleaning: 0
c [matrix] Good   matrix  0     50 x  464  density:0.1825  xorlen avg: 84.68
c [matrix] Using 1 matrices recovered from 0 xors T: 0.00 T-out: N
c rst  luby  svd  vmt   201   56K    2635   20K   878    4.10    4.02    16    71   42K    75   32.38   32.33
c rst  luby  svd  vmt   202   56K    2635   20K   878    4.10    4.02    16    71   42K    75   32.36   32.31
c rst  luby  svd  vmt   203   56K    2635   20K   878    4.10    4.02    16    71   42K    75   32.35   32.30
c rst  luby  svd  vmt   204   56K    2635   20K   878    4.10    4.02    16    71   42K    75   32.35   32.30
c rst  luby  svd  vmt   205   56K    2635   20K   878    4.10    4.02    16    71   42K    75   32.38   32.32
c rst  luby  svd  vmt   206   56K    2635   20K   878    4.10    4.02    16    71   42K    75   32.39   32.34
c rst  luby  svd  vmt   207   57K    2635   20K   878    4.10    4.02    16    71   43K    75   32.37   32.32
c rst  luby  svd  vmt   208   57K    2635   20K   878    4.10    4.02    16    71   43K    75   32.34   32.29
c rst  luby  svd  vmt   209   57K    2635   20K   878    4.10    4.02    16    71   43K    75   32.33   32.27
c rst  luby  svd  vmt   210   57K    2635   20K   878    4.10    4.02    16    71   43K    75   32.31   32.26
c rst  luby  svd  vmt   211   57K    2635   20K   878    4.10    4.02    16    71   43K    75   32.28   32.23
c rst  luby  svd  vmt   212   58K    2635   20K   878    4.10    4.02    16    71   43K    75   32.26   32.21
c rst  luby  svd  vmt   213   58K    2635   20K   878    4.10    4.02    16    71   44K    75   32.25   32.19
c rst  luby  svd  vmt   214   58K    2635   20K   878    4.10    4.02    16    71   44K    75   32.21   32.16
c rst  luby  svd  vmt   215   58K    2635   20K   878    4.10    4.02    16    71   44K    75   32.16   32.11
c rst  luby  svd  vmt   216   59K    2635   20K   878    4.10    4.02    16    71   45K    75   32.03   31.98
c rst  luby  svd  vmt   217   61K    2635   20K   878    4.10    4.02    16    71   35K    75   30.47   30.41
c [full-probe]  bin_only: 1 set: 0 repl: 0 T: 0.00 T-out: N T-r: 99.73%
c rst  geom best  vmt   218   61K    2635   20K   878    4.10    4.02    16    71   36K    75   30.44   30.38
c rst  geom best  vmt   219   61K    2635   20K   878    4.10    4.02    16    71   36K    75   30.43   30.37
c rst  geom best  vmt   220   61K    2635   20K   878    4.10    4.02    16    71   36K    75   30.41   30.35
c rst  geom best  vmt   221   61K    2635   20K   878    4.10    4.02    16    71   36K    75   30.36   30.30
c rst  geom best  vmt   222   61K    2635   20K   878    4.10    4.02    16    71   36K    75   30.33   30.27
c rst  geom best  vmt   223   62K    2635   20K   878    4.10    4.02    16    71   36K    75   30.28   30.23
c rst  geom best  vmt   224   62K    2635   20K   878    4.10    4.02    16    71   37K    75   30.24   30.19
c rst  geom best  vmt   225   62K    2635   20K   878    4.10    4.02    16    71   37K    75   30.19   30.13
c rst  geom best  vmt   226   62K    2635   20K   878    4.10    4.02    16    71   37K    75   30.12   30.06
c rst  geom best  vmt   227   62K    2635   20K   878    4.10    4.02    16    71   37K    75   30.09   30.03
c [branch] adjusting to: vsid (from: vmtf) var_decay:0.95 descr: VSIDS
c rst  geom best   vs   228   63K    2635   20K   878    4.10    4.02    16    71   37K    75   30.12   30.06
c rst  geom best   vs   229   63K    2635   20K   878    4.10    4.02    16    71   37K    75   30.10   30.05
c rst  geom best   vs   230   63K    2635   20K   878    4.10    4.02    16    71   38K    75   30.08   30.02
c rst  geom best   vs   231   63K    2635   20K   878    4.10    4.02    16    71   38K    75   30.07   30.01
c rst  geom best   vs   232   63K    2635   20K   878    4.10    4.02    16    71   38K    75   30.08   30.03
c rst  geom best   vs   233   63K    2635   20K   878    4.10    4.02    16    71   38K    75   30.11   30.05
c rst  geom best   vs   234   63K    2635   20K   878    4.10    4.02    16    71   38K    75   30.05   29.99
c rst  geom best   vs   235   64K    2635   20K   878    4.10    4.02    16    71   38K    75   29.99   29.94
c rst  geom best   vs   236   64K    2635   20K   878    4.10    4.02    16    71   39K    75   29.99   29.94
c rst  geom best   vs   237   64K    2635   20K   878    4.10    4.02    16    71   39K    75   29.92   29.87
c rst  geom best   vs   238   64K    2635   20K   878    4.10    4.02    16    71   39K    75   29.84   29.79
c rst  geom best   vs   239   65K    2635   20K   878    4.10    4.02    16    71   40K    75   29.74   29.69
c rst  geom best   vs   240   65K    2635   20K   878    4.10    4.02    16    71   40K    75   29.65   29.59
c rst  geom best   vs   241   65K    2635   20K   878    4.10    4.02    16    71   40K    75   29.54   29.49
c rst  geom best   vs   242   66K    2635   20K   878    4.10    4.02    16    71   41K    75   29.51   29.46
c [distill-long-red0] cls tried: 0/0 T: 0.00 T-out: N T-r: 100.00%
c [distill-long-red1] cls tried: 0/0 T: 0.00 T-out: N T-r: 100.00%
c rst  geom best   vs   243   66K    2635   20K   878    4.10    4.02    16    71   41K    75   29.42   29.38
c rst  geom  stb   vs   244   67K    2635   20K   878    4.10    4.02    16    71   42K    75   29.46   29.41
c rst  geom  stb   vs   245   67K    2635   20K   878    4.10    4.02    16    71   42K    75   29.46   29.41
c rst  geom  stb   vs   246   68K    2635   20K   878    4.10    4.02    16    71   43K    75   29.36   29.31
c rst  geom  stb   vs   247   69K    2635   20K   878    4.10    4.02    16    71   43K    75   29.34   29.30
c rst  geom  stb   vs   248   69K    2635   20K   878    4.10    4.02    16    71   44K    75   29.29   29.25
c rst  geom  stb   vs   249   70K    2635   20K   878    4.10    4.02    16    71   45K    75   29.29   29.25
c rst  geom  stb   vs   250   71K    2635   20K   878    4.10    4.02    16    71   46K    75   29.28   29.24
c rst  geom  stb   vs   251   72K    2635   20K   878    4.10    4.02    16    71   47K    75   29.34   29.30
c rst  geom  stb   vs   252   73K    2635   20K   878    4.10    4.02    16    71   48K    75   29.26   29.22
c [distill-bin] useful: 0/878/878 lits-rem: 0 cl-rem: 0 0-depth-assigns: 0 T: 0.00 T-out: N
c rst  geom ibes   vs   253   74K    2635   20K   878    4.10    4.02    16    71   49K    75   29.21   29.17
c rst  geom ibes   vs   254   75K    2635   20K   878    4.10    4.02    16    71   37K    75   28.23   28.17
c [branch] adjusting to: vmtf (from: vsid) var_decay:0.95 descr: VMTF
c rst  luby ibes  vmt   255   76K    2635   20K   878    4.10    4.02    16    71   37K    75   28.23   28.18
c rst  luby ibes  vmt   256   76K    2635   20K   878    4.10    4.02    16    71   37K    75   28.23   28.18
c rst  luby ibes  vmt   257   76K    2635   20K   878    4.10    4.02    16    71   38K    75   28.23   28.17
c rst  luby ibes  vmt   258   76K    2635   20K   878    4.10    4.02    16    71   38K    75   28.29   28.24
c rst  luby ibes  vmt   259   76K    2635   20K   878    4.10    4.02    16    71   38K    75   28.34   28.29
c rst  luby ibes  vmt   260   76K    2635   20K   878    4.10    4.02    16    71   38K    75   28.37   28.32
c rst  luby ibes  vmt   261   77K    2635   20K   878    4.10    4.02    16    71   38K    75   28.32   28.27
c [distill] watch-based irred--  cl tried     7642 cl-sh   139 cl-rem  152 lit-rem    145 T: 0.00 T-out: N
c [distill] watch-based   red--  cl tried       32 cl-sh     0 cl-rem    0 lit-rem      0 T: 0.00 T-out: N
c rst  luby ibes  vmt   262   77K    2635   20K   888    4.10    4.01    16    71   38K    65   28.36   28.31
c rst  luby ibes  vmt   263   77K    2635   20K   888    4.10    4.01    16    71   39K    65   28.36   28.32
c rst  luby ibes  vmt   264   77K    2635   20K   888    4.10    4.01    16    71   39K    65   28.42   28.38
c rst  luby ibes  vmt   265   77K    2635   20K   888    4.10    4.01    16    71   39K    65   28.47   28.43
c rst  luby ibes  vmt   266   77K    2635   20K   888    4.10    4.01    16    71   39K    65   28.48   28.44
c rst  luby ibes  vmt   267   77K    2635   20K   888    4.10    4.01    16    71   39K    65   28.49   28.45
c rst  luby ibes  vmt   268   78K    2635   20K   888    4.10    4.01    16    71   40K    65   28.46   28.42
c rst  luby ibes  vmt   269   79K    2635   20K   888    4.10    4.01    16    71   40K    65   28.58   28.54
c rst  luby ibes  vmt   270   79K    2635   20K   888    4.10    4.01    16    71   40K    65   28.64   28.59
c rst  luby ibes  vmt   271   79K    2635   20K   888    4.10    4.01    16    71   41K    65   28.63   28.59
c rst  luby  svd  vmt   272   79K    2635   20K   888    4.10    4.01    16    71   41K    65   28.63   28.59
c rst  luby  svd  vmt   273   79K    2635   20K   888    4.10    4.01    16    71   41K    65   28.63   28.59
c rst  luby  svd  vmt   274   79K    2635   20K   888    4.10    4.01    16    71   41K    65   28.62   28.57
c rst  luby  svd  vmt   275   79K    2635   20K   888    4.10    4.01    16    71   41K    65   28.63   28.59
c rst  luby  svd  vmt   276   80K    2635   20K   888    4.10    4.01    16    56   42K    65   28.69   28.65
c rst  luby  svd  vmt   277   80K    2635   20K   888    4.10    4.01    16    56   42K    65   28.70   28.65
c rst  luby  svd  vmt   278   80K    2635   20K   888    4.10    4.01    16    56   42K    65   28.70   28.66
c rst  luby  svd  vmt   279   80K    2635   20K   888    4.10    4.01    16    56   42K    65   28.67   28.63
c rst  luby  svd  vmt   280   80K    2635   20K   888    4.10    4.01    16    56   42K    65   28.66   28.62
c rst  luby  svd  vmt   281   81K    2635   20K   888    4.10    4.01    16    56   42K    65   28.64   28.60
c rst  luby  svd  vmt   282   81K    2635   20K   888    4.10    4.01    16    56   42K    65   28.65   28.61
c [full-probe]  bin_only: 0 set: 0 repl: 0 T: 0.00 T-out: N T-r: 97.85%
c rst  luby  svd  vmt   283   81K    2635   20K   888    4.10    4.01    16    56   43K    65   28.73   28.69
c [distill-long-red0] cls tried: 0/0 T: 0.00 T-out: N T-r: 100.00%
c [distill-long-red1] cls tried: 0/0 T: 0.00 T-out: N T-r: 100.00%
c rst  luby  svd  vmt   284   82K    2635   20K   888    4.10    4.01    16    56   44K    65   28.77   28.73
c rst  luby  svd  vmt   285   84K    2635   20K   888    4.10    4.01    16    56   45K    65   28.71   28.67
c rst  luby  svd  vmt   286   84K    2635   20K   888    4.10    4.01    16    56   45K    65   28.71   28.67
c rst  luby  svd  vmt   287   84K    2635   20K   888    4.10    4.01    16    56   45K    65   28.71   28.67
c rst  luby  svd  vmt   288   84K    2635   20K   888    4.10    4.01    16    56   46K    65   28.70   28.66
c rst  luby  svd  vmt   289   84K    2635   20K   888    4.10    4.01    16    56   46K    65   28.69   28.66
c rst  luby  svd  vmt   290   84K    2635   20K   888    4.10    4.01    16    56   46K    65   28.68   28.64
c rst  luby  svd  vmt   291   84K    2635   20K   888    4.10    4.01    16    56   46K    65   28.67   28.63
c rst  luby  svd  vmt   292   85K    2635   20K   888    4.10    4.01    16    56   46K    65   28.65   28.62
c rst  luby  svd  vmt   293   85K    2635   20K   888    4.10    4.01    16    56   46K    65   28.65   28.61
c rst  geom best  vmt   294   85K    2635   20K   888    4.10    4.01    16    56   47K    65   28.65   28.61
c rst  geom best  vmt   295   85K    2635   20K   888    4.10    4.01    16    56   47K    65   28.67   28.63
c rst  geom best  vmt   296   85K    2635   20K   888    4.10    4.01    16    56   47K    65   28.66   28.62
c rst  geom best  vmt   297   85K    2635   20K   888    4.10    4.01    16    56   47K    65   28.64   28.60
c rst  geom best  vmt   298   86K    2635   20K   888    4.10    4.01    16    56   47K    65   28.61   28.58
c rst  geom best  vmt   299   86K    2635   20K   888    4.10    4.01    16    56   47K    65   28.60   28.56
c rst  geom best  vmt   300   86K    2635   20K   888    4.10    4.01    16    56   48K    65   28.57   28.54
c rst  geom best  vmt   301   86K    2635   20K   888    4.10    4.01    16    56   48K    65   28.55   28.51
c rst  geom best  vmt   302   86K    2635   20K   888    4.10    4.01    16    56   48K    65   28.54   28.51
c rst  geom best  vmt   303   87K    2635   20K   888    4.10    4.01    16    56   48K    65   28.53   28.49
c rst  geom best  vmt   304   87K    2635   20K   888    4.10    4.01    16    56   49K    65   28.50   28.47
c rst  geom best  vmt   305   87K    2635   20K   888    4.10    4.01    16    56   49K    65   28.48   28.45
c [branch] adjusting to: vsid (from: vmtf) var_decay:0.95 descr: VSIDS
c rst  geom best   vs   306   87K    2635   20K   888    4.10    4.01    16    56   49K    65   28.54   28.50
c rst  geom best   vs   307   87K    2635   20K   888    4.10    4.01    16    56   49K    65   28.54   28.50
c rst  geom best   vs   308   88K    2635   20K   888    4.10    4.01    16    56   49K    65   28.52   28.49
c rst  geom best   vs   309   88K    2635   20K   888    4.10    4.01    16    56   49K    65   28.50   28.46
c rst  geom best   vs   310   88K    2635   20K   888    4.10    4.01    16    56   50K    65   28.50   28.47
c [ccnr] tries: 0 steps: 262143 best found: 16
c [ccnr] tries: 0 steps: 524287 best found: 13
c [ccnr] tries: 0 steps: 786431 best found: 13
c [ccnr] saving best assignment phase to stable_polar
c [ccnr] bumping based on var unsat frequency: conflict_ct
c [ccnr] Bumped vars: 2943 bump type: 6
c [ccnr] time: 0.38
c rst  geom best   vs   311   88K    2635   20K   888    4.10    4.01    16    56   50K    65   28.50   28.47
c rst  geom best   vs   312   88K    2635   20K   888    4.10    4.01    16    56   50K    65   28.48   28.45
c rst  geom best   vs   313   88K    2635   20K   888    4.10    4.01    16    56   50K    65   28.47   28.43
c rst  geom best   vs   314   89K    2635   20K   888    4.10    4.01    16    56   50K    65   28.44   28.41
c rst  geom best   vs   315   89K    2635   20K   888    4.10    4.01    16    56   51K    65   28.42   28.38
c rst  geom best   vs   316   89K    2635   20K   888    4.10    4.01    16    56   51K    65   28.40   28.37
c rst  geom best   vs   317   90K    2635   20K   888    4.10    4.01    16    56   37K    65   27.86   27.82
c rst  geom best   vs   318   90K    2635   20K   888    4.10    4.01    16    56   37K    65   27.81   27.77
c rst  geom best   vs   319   90K    2635   20K   888    4.10    4.01    16    56   37K    65   27.75   27.71
c rst  geom best   vs   320   91K    2635   20K   888    4.10    4.01    16    56   38K    65   27.75   27.70
c rst  geom best   vs   321   91K    2635   20K   888    4.10    4.01    16    56   38K    65   27.67   27.63
c rst  geom  stb   vs   322   92K    2635   20K   888    4.10    4.01    16    56   39K    65   27.56   27.52
c rst  geom  stb   vs   323   92K    2635   20K   888    4.10    4.01    16    56   39K    65   27.47   27.43
c rst  geom  stb   vs   324   93K    2635   20K   888    4.10    4.01    16    56   40K    65   27.47   27.43
c rst  geom  stb   vs   325   93K    2635   20K   888    4.10    4.01    16    56   41K    65   27.42   27.38
c [distill-bin] useful: 0/888/888 lits-rem: 0 cl-rem: 0 0-depth-assigns: 0 T: 0.00 T-out: N
c rst  geom  stb   vs   326   94K    2635   20K   888    4.10    4.01    16    56   41K    65   27.40   27.37
c rst  geom  stb   vs   327   95K    2635   20K   888    4.10    4.01    16    56   42K    65   27.30   27.26
c rst  geom  stb   vs   328   96K    2635   20K   888    4.10    4.01    16    56   43K    65   27.35   27.32
c rst  geom  stb   vs   329   97K    2635   20K   888    4.10    4.01    16    56   44K    65   27.34   27.31
c [distill-long-red0] cls tried: 0/0 T: 0.00 T-out: N T-r: 100.00%
c [distill-long-red1] cls tried: 0/0 T: 0.00 T-out: N T-r: 100.00%
c rst  geom  stb   vs   330   98K    2635   20K   888    4.10    4.01    16    56   45K    65   27.66   27.62
c rst  geom ibes   vs   331   99K    2635   20K   888    4.10    4.01    16    56   46K    65   27.83   27.79
c rst  geom ibes   vs   332  100K    2635   20K   888    4.10    4.01    16    56   47K    65   27.87   27.83
c [impl-str] lit bin: 0 set-var: 0 T: 0.00 T-out: N T-r: 99.95% w-visit: 5886
c [impl-sub] bin: 0 T: 0.00 T-out: N w-visit: 5886
c rst  geom ibes   vs   333  102K    2635   20K   888    4.10    4.01    16    56   49K    65   27.90   27.87
c [branch] adjusting to: vmtf (from: vsid) var_decay:0.95 descr: VMTF
c [full-probe]  bin_only: 1 set: 0 repl: 0 T: 0.00 T-out: N T-r: 99.78%
c rst  luby ibes  vmt   334  102K    2635   20K   888    4.10    4.01    27    77   49K    69   27.91   27.87
c [distill] watch-based irred--  cl tried     7490 cl-sh     0 cl-rem    0 lit-rem      0 T: 0.00 T-out: N
c [distill] watch-based   red--  cl tried       54 cl-sh     1 cl-rem    0 lit-rem      1 T: 0.00 T-out: N
c rst  luby ibes  vmt   335  102K    2635   20K   888    4.10    4.01    27    77   49K    69   27.96   27.92
c rst  luby ibes  vmt   336  102K    2635   20K   888    4.10    4.01    27    77   49K    69   28.08   28.04
c rst  luby ibes  vmt   337  102K    2635   20K   888    4.10    4.01    27    77   49K    69   28.13   28.10
c rst  luby ibes  vmt   338  102K    2635   20K   888    4.10    4.01    27    77   49K    69   28.14   28.10
c rst  luby ibes  vmt   339  102K    2635   20K   888    4.10    4.01    27    77   50K    69   28.15   28.11
c rst  luby ibes  vmt   340  103K    2635   20K   888    4.10    4.01    27    77   50K    69   28.18   28.14
c rst  luby ibes  vmt   341  103K    2635   20K   888    4.10    4.01    27    77   50K    69   28.19   28.15
c rst  luby ibes  vmt   342  103K    2635   20K   888    4.10    4.01    27    77   50K    69   28.21   28.17
c rst  luby ibes  vmt   343  103K    2635   20K   888    4.10    4.01    27    77   50K    69   28.20   28.16
c rst  luby ibes  vmt   344  103K    2635   20K   888    4.10    4.01    27    77   51K    69   28.21   28.17
c rst  luby ibes  vmt   345  103K    2635   20K   888    4.10    4.01    27    77   51K    69   28.20   28.17
c rst  luby ibes  vmt   346  104K    2635   20K   888    4.10    4.01    27    77   51K    69   28.19   28.15
c rst  luby ibes  vmt   347  104K    2635   20K   888    4.10    4.01    27    77   51K    69   28.25   28.21
c rst  luby  svd  vmt   348  105K    2635   20K   888    4.10    4.01    27    82   37K    69   29.24   29.19
c rst  luby  svd  vmt   349  105K    2635   20K   888    4.10    4.01    27    82   37K    69   29.24   29.19
c rst  luby  svd  vmt   350  105K    2635   20K   888    4.10    4.01    27    82   37K    69   29.22   29.17
c rst  luby  svd  vmt   351  105K    2635   20K   888    4.10    4.01    27    82   37K    69   29.24   29.19
c rst  luby  svd  vmt   352  105K    2635   20K   888    4.10    4.01    27    82   37K    69   29.24   29.19
c rst  luby  svd  vmt   353  105K    2635   20K   888    4.10    4.01    27    82   37K    69   29.24   29.19
c rst  luby  svd  vmt   354  106K    2635   20K   888    4.10    4.01    27    82   37K    69   29.30   29.25
c rst  luby  svd  vmt   355  106K    2635   20K   888    4.10    4.01    27    82   38K    69   29.36   29.31
c rst  luby  svd  vmt   356  106K    2635   20K   888    4.10    4.01    27    82   38K    69   29.36   29.31
c rst  luby  svd  vmt   357  106K    2635   20K   888    4.10    4.01    27    82   38K    69   29.35   29.30
c rst  luby  svd  vmt   358  106K    2635   20K   888    4.10    4.01    27    82   38K    69   29.31   29.26
c rst  luby  svd  vmt   359  107K    2635   20K   888    4.10    4.01    27    82   38K    69   29.29   29.24
c rst  luby  svd  vmt   360  107K    2635   20K   888    4.10    4.01    27    82   38K    69   29.27   29.22
c rst  luby  svd  vmt   361  107K    2635   20K   888    4.10    4.01    27    82   39K    69   29.24   29.19
c rst  luby  svd  vmt   362  107K    2635   20K   888    4.10    4.01    27    82   39K    69   29.15   29.11
c rst  luby  svd  vmt   363  108K    2635   20K   888    4.10    4.01    27    82   40K    69   28.98   28.94
c rst  luby  svd  vmt   364  110K    2635   20K   888    4.10    4.01    32    77   41K    69   28.63   28.59
c rst  luby  svd  vmt   365  110K    2635   20K   888    4.10    4.01    32    77   41K    69   28.61   28.56
c rst  luby  svd  vmt   366  110K    2635   20K   888    4.10    4.01    32    77   42K    69   28.58   28.54
c rst  luby  svd  vmt   367  110K    2635   20K   888    4.10    4.01    32    77   42K    69   28.54   28.50
c rst  luby  svd  vmt   368  110K    2635   20K   888    4.10    4.01    32    77   42K    69   28.51   28.47
c rst  geom best  vmt   369  110K    2635   20K   888    4.10    4.01    32    77   42K    69   28.51   28.47
c rst  geom best  vmt   370  110K    2635   20K   888    4.10    4.01    32    77   42K    69   28.53   28.49
c rst  geom best  vmt   371  111K    2635   20K   888    4.10    4.01    32    77   42K    69   28.54   28.50
c rst  geom best  vmt   372  111K    2635   20K   888    4.10    4.01    32    93   42K    69   28.54   28.49
c rst  geom best  vmt   373  111K    2635   20K   888    4.10    4.01    32    93   43K    69   28.51   28.47
c rst  geom best  vmt   374  111K    2635   20K   888    4.10    4.01    32    93   43K    69   28.52   28.48
c rst  geom best  vmt   375  111K    2635   20K   888    4.10    4.01    32    93   43K    69   28.49   28.45
c rst  geom best  vmt   376  111K    2635   20K   888    4.10    4.01    32    93   43K    69   28.47   28.43
c rst  geom best  vmt   377  112K    2635   20K   888    4.10    4.01    32    93   43K    69   28.48   28.44
c rst  geom best  vmt   378  112K    2635   20K   888    4.10    4.01    32    93   44K    69   28.45   28.41
c [distill-long-red0] cls tried: 16/16 T: 0.00 T-out: N T-r: 99.98%
c [distill-long-red1] cls tried: 35/35 T: 0.00 T-out: N T-r: 86.06%
c rst  geom best  vmt   379  112K    2635   20K   888    4.10    4.01    32    93   44K    69   28.41   28.37
c rst  geom best  vmt   380  113K    2635   20K   888    4.10    4.01    32    93   44K    69   28.36   28.32
c rst  geom best  vmt   381  113K    2635   20K   888    4.10    4.01    32    93   45K    69   28.34   28.30
c rst  geom best  vmt   382  113K    2635   20K   888    4.10    4.01    32    93   45K    69   28.33   28.30
c rst  geom best  vmt   383  114K    2635   20K   888    4.10    4.01    32    93   45K    69   28.25   28.22
c [distill-bin] useful: 0/888/888 lits-rem: 0 cl-rem: 0 0-depth-assigns: 0 T: 0.01 T-out: N
c rst  geom best  vmt   384  114K    2635   20K   888    4.10    4.01    32    93   46K    69   28.23   28.20
c rst  geom best  vmt   385  115K    2635   20K   888    4.10    4.01    32    93   46K    69   28.20   28.16
c rst  geom best  vmt   386  115K    2635   20K   888    4.10    4.01    32    93   47K    69   28.20   28.16
c [gauss] XOR-encoding clauses are not detached, so no need to reattach them.
c [g 0] truth-find prop checks  : 1083K
c [g 0] -> of which prop        : 76.34 %
c [g 0] -> of which confl       :  2.64 %
c [g 0] elim called             : 24K
c [g 0] ---> which lead to prop : 82.19 %
c [g 0] ---> which lead to confl:  1.87 %
c [g 0] size: 50    x 464  
c [scc] new: 0 BP 0M T: 0.00
c [vrep] vars 0 lits 0 rem-bin-cls 0 rem-long-cls 0 BP 0M T: 0.00
c [intree] Set 0 vars hyper-added: 0 trans-irred: 0 trans-red: 0 T: 0.00 T-out: N T-r: -1.27%
c [find&init matx] performing matrix init
c [gauss] XOR-encoding clauses are not detached, so no need to reattach them.
c [xor-rem-unconnected] left with 2061 xors from 2061 non-empty xors T: 0.00
c [xor-together] xored together: 2011 orig xors: 2061 new xors: 50 T: 0.00
c [xor-rem-unconnected] left with 50 xors from 50 non-empty xors T: 0.00
c [xor-clean-equiv] removed equivalent xors: 0 left with: 50
c [matrix] unused xors from cleaning: 0
c [matrix] Good   matrix 0 50      x464    density:0.1825  xorlen avg: 84.68
c [matrix] Using 1 matrices recovered from 0 xors T: 0.00 T-out: N
c rst  geom best vmt  387   116 K 2635      20K   888 4.10    4.01       32    93   47K    69 28.16   28.12  
c rst  geom best vmt  388   116 K 2635      20K   888 4.10    4.01       32    93   48K    69 28.07   28.04  
c rst  geom stb  vmt  389   117 K 2635      20K   888 4.10    4.01       32    93   49K    69 28.02   27.99  
c [branch] adjusting to: vsid (from: vmtf) var_decay:0.95 descr: VSIDS
c rst  geom stb  vs   390   117 K 2635      20K   888 4.10    4.01       32    93   49K    69 28.03   27.99  
c rst  geom stb  vs   391   117 K 2635      20K   888 4.10    4.01       32    93   49K    69 28.02   27.98  
c rst  geom stb  vs   392   117 K 2635      20K   888 4.10    4.01       32    93   49K    69 28.01   27.97  
c rst  geom stb  vs   393   118 K 2635      20K   888 4.10    4.01       32    93   49K    69 28.00   27.97  
c rst  geom stb  vs   394   118 K 2635      20K   888 4.10    4.01       32    93   49K    69 27.97   27.94  
c rst  geom stb  vs   395   118 K 2635      20K   888 4.10    4.01       32    93   50K    69 27.94   27.90  
c rst  geom stb  vs   396   118 K 2635      20K   888 4.10    4.01       32    93   50K    69 27.90   27.87  
c rst  geom stb  vs   397   118 K 2635      20K   888 4.10    4.01       32    93   50K    69 27.87   27.83  
c rst  geom stb  vs   398   119 K 2635      20K   888 4.10    4.01       32    93   50K    69 27.88   27.84  
c rst  geom stb  vs   399   119 K 2635      20K   888 4.10    4.01       32    93   51K    69 27.86   27.82  
c rst  geom stb  vs   400   119 K 2635      20K   888 4.10    4.01       32    93   51K    69 27.81   27.78  
c rst  geom stb  vs   401   119 K 2635      20K   888 4.10    4.01       32    93   51K    69 27.80   27.76  
c rst  geom stb  vs   402   120 K 2635      20K   888 4.10    4.01       36    93   37K    69 26.67   26.62  
c rst  geom stb  vs   403   120 K 2635      20K   888 4.10    4.01       36    93   38K    69 26.60   26.55  
c rst  geom stb  vs   404   121 K 2635      20K   888 4.10    4.01       36    93   38K    69 26.51   26.47  
c rst  geom stb  vs   405   121 K 2635      20K   888 4.10    4.01       36    93   39K    69 26.46   26.42  
c rst  geom stb  vs   406   122 K 2635      20K   888 4.10    4.01       36    93   39K    69 26.37   26.32  
c rst  geom stb  vs   407   122 K 2635      20K   888 4.10    4.01       36    93   40K    69 26.31   26.27  
c [full-probe]  bin_only: 0 set: 0 repl: 0 T: 0.00 T-out: N T-r: 98.04%
c rst  geom stb  vs   408   123 K 2635      20K   888 4.10    4.01       36    93   40K    69 26.26   26.22  
c rst  geom ibes vs   409   123 K 2635      20K   888 4.10    4.01       36    93   41K    69 26.25   26.21  
c rst  geom ibes vs   410   124 K 2635      20K   888 4.10    4.01       39    93   42K    69 26.34   26.30  
c rst  geom ibes vs   411   125 K 2635      20K   888 4.10    4.01       39    93   42K    69 26.41   26.37  
c rst  geom ibes vs   412   126 K 2635      20K   888 4.10    4.01       39    93   43K    69 26.39   26.35  
c rst  geom ibes vs   413   127 K 2635      20K   888 4.10    4.01       39    93   44K    69 26.57   26.53  
c rst  geom ibes vs   414   128 K 2635      20K   888 4.10    4.01       39    93   45K    69 26.78   26.74  
c [distill-long-red0] cls tried: 3/3 T: 0.00 T-out: N T-r: 99.99%
c [distill-long-red1] cls tried: 4/4 T: 0.00 T-out: N T-r: 97.54%
c [distill] watch-based irred--  cl tried 7490     cl-sh 0     cl-rem 0    lit-rem 0      T: 0.00 T-out: N
c [distill] watch-based red  --  cl tried 78       cl-sh 0     cl-rem 0    lit-rem 0      T: 0.00 T-out: N
c rst  geom ibes vs   415   129 K 2635      20K   888 4.10    4.01       39    93   46K    69 26.96   26.93  
c rst  geom ibes vs   416   130 K 2635      20K   888 4.10    4.01       39    93   48K    69 26.75   26.72  
c rst  geom svd  vs   417   132 K 2635      20K   888 4.10    4.01       39    93   49K    69 26.59   26.55  
c rst  geom svd  vs   418   133 K 2635      20K   888 4.10    4.01       42    97   51K    69 26.56   26.53  
c [ccnr] tries: 0 steps: 262143 best found: 12
c [ccnr] tries: 0 steps: 524287 best found: 12
c [ccnr] saving best assignment phase to stable_polar
c [ccnr] bumping based on var unsat frequency: conflict_ct
c [ccnr] Bumped vars: 2943 bump type: 6
c [ccnr] time: 0.38
c rst  geom svd  vs   419   134 K 2635      20K   888 4.10    4.01       42    97   51K    69 26.51   26.47  
c recursive minimization cost OK: 339Kcost/(% lits removed)
c [gauss] XOR-encoding clauses are not detached, so no need to reattach them.
c [g 0] truth-find prop checks  : 317K
c [g 0] -> of which prop        : 78.97 %
c [g 0] -> of which confl       :  2.48 %
c [g 0] elim called             : 5716
c [g 0] ---> which lead to prop : 67.20 %
c [g 0] ---> which lead to confl:  1.21 %
c [g 0] size: 50    x 464  
c --> Executing strategy token: scc-vrepl
c [scc] new: 0 BP 0M T: 0.00
c --> Executing strategy token: sub-impl
c [impl-sub] bin: 4 T: 0.00 T-out: N w-visit: 5886
c --> Executing strategy token: breakid
c --> Executing OCC strategy token(s): 'occ-backw-sub-str,occ-clean-implicit,occ-bve,occ-bva,occ-ternary-res,occ-xor,'
c [occ] mem usage for occur 1      MB
c [occ] Linked in IRRED BIN by default: 888
c [occ] Linked in RED   BIN by default: 65
c [occ] mem usage for occur 0      MB
c Mem for watch alloc      : 7           MB (23.30     %)
c Mem for watch array      : 0           MB (0.40      %)
c --> Executing OCC strategy token: occ-backw-sub-str
c [occ-backw-sub-str-long-w-bins] subs: 0 str: 1 tried: 4717 0-depth ass: 0 T: 0.00 T-out: N T-r: 99.70%
c [occ-backw-sub-long-w-long] rem cl: 572 tried: 72453/72453 (100.0%) T: 0.01 T-out: N T-r: 95.61%
c [occ-backw-sub-str-long-w-long] sub: 1 str: 155 tried: 217359/72453 (300.0)  T: 0.04 T-out: N T-r: 87.55%
c --> Executing OCC strategy token: occ-clean-implicit
c --> Executing OCC strategy token: occ-bve
c [occ-empty-res] Empty resolvent elimed: 0 T: 0.00 T-out: N
c [occ-bve] iter v-elim 0
c cl_inc_rate=1.0, var_dec_rate=1.0 (grow=0)
c Reduced to 2635 vars, 20652 cls (grow=0)
c [occ-bve] iter v-elim 7
c cl_inc_rate=1.0, var_dec_rate=1.0 (grow=8)
c Reduced to 2628 vars, 20628 cls (grow=8)
c [occ-bve] iter v-elim 1040
c cl_inc_rate=1.8, var_dec_rate=1.7 (grow=16)
c Reduced to 1588 vars, 37110 cls (grow=16)
c x n vars       : 1588
c #try to eliminate:  9422
c #var-elim        :  1047
c #T-o: N
c #T-r: 99.81%
c #T  : 0.20
c [occur] 0.02 is overhead
c [occur] link-in T: 0.02 cleanup T: 0.00
c --> Executing OCC strategy token: occ-bva
c --> Executing OCC strategy token: occ-ternary-res
c [occ-ternary-res] Ternary res-tri: 0 res-bin: 0 sub: 0 str: 0 T: 0.00 T-out: N T-r: 99.56%
c --> Executing OCC strategy token: occ-xor
c [occ-xor] sort occur list T: 0.00
c [xor-clean-equiv] removed equivalent xors: 0 left with: 1045
c [occ-xor] found   1045 avg sz 6.0 min sz  4 max sz  6 T: 0.00 T-out: N T-r: 99.97%
c --> Executing strategy token: card-find
c --> Executing strategy token: cl-consolidate
c Not consolidating memory.
c --> Executing strategy token: scc-vrepl
c [scc] new: 0 BP 0M T: 0.00
c --> Executing strategy token: renumber
c [gauss] XOR-encoding clauses are not detached, so no need to reattach them.
c [renumber] T: 0.00
c --> Executing strategy token: bosphorus
c --> Executing strategy token: louvain-comms
c [consolidate] mini T: 0.00
c global_timeout_multiplier: 3.6300
c [branch] rebuilding order heap for all branchings. Current branching: vsid
c [find&init matx] performing matrix init
c [gauss] XOR-encoding clauses are not detached, so no need to reattach them.
c [xor-rem-unconnected] left with 1045 xors from 1045 non-empty xors T: 0.00
c [xor-together] xored together: 995 orig xors: 1045 new xors: 50 T: 0.00
c [xor-rem-unconnected] left with 50 xors from 50 non-empty xors T: 0.00
c [xor-clean-equiv] removed equivalent xors: 0 left with: 50
c [matrix] unused xors from cleaning: 0
c [matrix] Good   matrix  0     50 x  465  density:0.1819  xorlen avg: 84.60
c [matrix] Using 1 matrices recovered from 0 xors T: 0.00 T-out: N
c [distill-bin] useful: 0/792/792 lits-rem: 0 cl-rem: 0 0-depth-assigns: 0 T: 0.01 T-out: N
c rst  geom  svd   vs   420  135K    1588   36K   792    5.86    5.77    10    63   38K    64   26.88   26.84
c [branch] adjusting to: vmtf (from: vsid) var_decay:0.95 descr: VMTF
c rst  luby  svd  vmt   421  135K    1588   36K   792    5.86    5.77    18    89   38K    64   26.84   26.79
c rst  luby  svd  vmt   422  135K    1588   36K   792    5.86    5.77    22   106   38K    64   26.81   26.77
c rst  luby  svd  vmt   423  135K    1588   36K   792    5.86    5.77    22   106   38K    64   26.74   26.70
c rst  luby  svd  vmt   424  135K    1588   36K   792    5.86    5.77    22   109   38K    64   26.74   26.70
c rst  luby  svd  vmt   425  135K    1588   36K   792    5.86    5.77    22   110   38K    64   26.72   26.68
c rst  luby  svd  vmt   426  136K    1588   36K   792    5.86    5.77    22   126   38K    64   26.72   26.68
c rst  luby  svd  vmt   427  136K    1588   36K   792    5.86    5.77    22   127   39K    64   26.91   26.87
c rst  luby  svd  vmt   428  136K    1588   36K   792    5.86    5.77    22   127   39K    64   26.95   26.91
c rst  luby  svd  vmt   429  136K    1588   36K   792    5.86    5.77    22   127   39K    64   26.99   26.95
c rst  luby  svd  vmt   430  136K    1588   36K   792    5.86    5.77    22   127   39K    64   27.09   27.05
c rst  luby  svd  vmt   431  137K    1588   36K   792    5.86    5.77    22   127   39K    64   27.11   27.07
c rst  geom best  vmt   432  137K    1588   36K   792    5.86    5.77    22   127   39K    64   27.10   27.06
c rst  geom best  vmt   433  137K    1588   36K   792    5.86    5.77    22   129   40K    64   27.12   27.08
c rst  geom best  vmt   434  137K    1588   36K   792    5.86    5.77    22   129   40K    64   27.12   27.08
c rst  geom best  vmt   435  137K    1588   36K   792    5.86    5.77    22   129   40K    64   27.12   27.08
c rst  geom best  vmt   436  137K    1588   36K   792    5.86    5.77    22   129   40K    64   27.13   27.09
c rst  geom best  vmt   437  137K    1588   36K   792    5.86    5.77    22   129   40K    64   27.14   27.10
c rst  geom best  vmt   438  138K    1588   36K   792    5.86    5.77    22   129   40K    64   27.13   27.09
c rst  geom best  vmt   439  138K    1588   36K   792    5.86    5.77    22   129   41K    64   27.17   27.13
c rst  geom best  vmt   440  138K    1588   36K   792    5.86    5.77    22   129   41K    64   27.17   27.13
c rst  geom best  vmt   441  138K    1588   36K   792    5.86    5.77    22   129   41K    64   27.15   27.11
c rst  geom best  vmt   442  139K    1588   36K   792    5.86    5.77    22   129   41K    64   27.17   27.13
c rst  geom best  vmt   443  139K    1588   36K   792    5.86    5.77    22   129   42K    64   27.25   27.21
c rst  geom best  vmt   444  139K    1588   36K   792    5.86    5.77    22   129   42K    64   27.25   27.21
c rst  geom best  vmt   445  140K    1588   36K   792    5.86    5.77    35   116   42K    64   27.21   27.18
c rst  geom best  vmt   446  140K    1588   36K   792    5.86    5.77    35   116   43K    64   27.24   27.21
c rst  geom best  vmt   447  140K    1588   36K   792    5.86    5.77    35   116   43K    64   27.18   27.15
c rst  geom best  vmt   448  141K    1588   36K   792    5.86    5.77    35   116   44K    64   27.14   27.11
c rst  geom best  vmt   449  142K    1588   36K   792    5.86    5.77    35   116   44K    64   27.13   27.09
c rst  geom best  vmt   450  142K    1588   36K   792    5.86    5.77    35   116   45K    64   27.06   27.03
c [full-probe]  bin_only: 1 set: 0 repl: 0 T: 0.00 T-out: N T-r: 99.77%
c rst  geom best  vmt   451  143K    1588   36K   792    5.86    5.77    35   116   46K    64   27.11   27.07
c [distill-long-red0] cls tried: 26/26 T: 0.00 T-out: N T-r: 99.96%
c [distill-long-red1] cls tried: 55/55 T: 0.00 T-out: N T-r: 81.91%
c rst  geom best  vmt   452  143K    1588   36K   792    5.86    5.77    35   116   46K    64   27.23   27.19
c rst  geom  stb  vmt   453  144K    1588   36K   792    5.86    5.77    35   118   47K    64   27.24   27.21
c rst  geom  stb  vmt   454  145K    1588   36K   792    5.86    5.77    35   118   48K    64   27.22   27.19
c rst  geom  stb  vmt   455  146K    1588   36K   792    5.86    5.77    35   118   49K    64   27.19   27.16
c rst  geom  stb  vmt   456  147K    1588   36K   792    5.86    5.77    35   118   50K    64   27.14   27.10
c rst  geom  stb  vmt   457  148K    1588   36K   792    5.86    5.77    35   118   51K    64   27.37   27.34
c rst  geom  stb  vmt   458  150K    1588   36K   792    5.86    5.77    41   141   37K    64   26.81   26.77
c rst  geom  stb  vmt   459  151K    1588   36K   792    5.86    5.77    41   141   39K    64   27.32   27.28
c rst  geom ibes  vmt   460  153K    1588   36K   792    5.86    5.77    41   144   40K    64   27.30   27.26
c rst  geom ibes  vmt   461  154K    1588   36K   792    5.86    5.77    41   144   42K    64   27.12   27.08
c [branch] adjusting to: vsid (from: vmtf) var_decay:0.95 descr: VSIDS
c [distill-bin] useful: 0/792/792 lits-rem: 0 cl-rem: 0 0-depth-assigns: 0 T: 0.01 T-out: N
c [distill] watch-based irred--  cl tried     7062 cl-sh     0 cl-rem    0 lit-rem      0 T: 0.00 T-out: N
c [distill] watch-based   red--  cl tried       82 cl-sh     1 cl-rem    0 lit-rem      1 T: 0.00 T-out: N
c rst  geom ibes   vs   462  154K    1588   36K   792    5.86    5.77    41   144   42K    64   27.10   27.06
c rst  geom ibes   vs   463  154K    1588   36K   792    5.86    5.77    41   144   42K    64   27.07   27.03
c rst  geom ibes   vs   464  155K    1588   36K   792    5.86    5.77    41   144   42K    64   27.03   26.99
c rst  geom ibes   vs   465  155K    1588   36K   792    5.86    5.77    41   144   42K    64   26.99   26.95
c rst  geom ibes   vs   466  155K    1588   36K   792    5.86    5.77    41   144   43K    64   26.94   26.91
c rst  geom ibes   vs   467  155K    1588   36K   792    5.86    5.77    41   144   43K    64   26.93   26.89
c rst  geom ibes   vs   468  155K    1588   36K   792    5.86    5.77    41   144   43K    64   26.89   26.86
c rst  geom ibes   vs   469  155K    1588   36K   792    5.86    5.77    41   144   43K    64   26.86   26.82
c rst  geom ibes   vs   470  156K    1588   36K   792    5.86    5.77    41   144   43K    64   26.81   26.77
c rst  geom ibes   vs   471  156K    1588   36K   792    5.86    5.77    41   144   44K    64   26.76   26.73
c rst  geom ibes   vs   472  156K    1588   36K   792    5.86    5.77    41   144   44K    64   26.72   26.68
c rst  geom ibes   vs   473  157K    1588   36K   792    5.86    5.77    41   144   44K    64   26.69   26.66
c rst  geom ibes   vs   474  157K    1588   36K   792    5.86    5.77    41   144   45K    64   26.63   26.59
c rst  geom ibes   vs   475  157K    1588   36K   792    5.86    5.77    41   144   45K    64   26.55   26.52
c rst  geom ibes   vs   476  158K    1588   36K   792    5.86    5.77    41   144   45K    64   26.46   26.43
c rst  geom  svd   vs   477  158K    1588   36K   792    5.86    5.77    41   144   46K    64   26.64   26.60
c [distill-long-red0] cls tried: 6/6 T: 0.00 T-out: N T-r: 99.99%
c [distill-long-red1] cls tried: 29/29 T: 0.00 T-out: N T-r: 84.75%
c rst  geom  svd   vs   478  159K    1588   36K   792    5.86    5.77    41   144   46K    64   26.61   26.58
c rst  geom  svd   vs   479  159K    1588   36K   792    5.86    5.77    41   144   47K    64   26.72   26.69
c rst  geom  svd   vs   480  160K    1588   36K   792    5.86    5.77    44   141   47K    64   26.96   26.92
c rst  geom  svd   vs   481  160K    1588   36K   792    5.86    5.77    44   141   48K    64   27.08   27.05
c [impl-str] lit bin: 0 set-var: 0 T: 0.00 T-out: N T-r: 99.95% w-visit: 3176
c [impl-sub] bin: 0 T: 0.00 T-out: N w-visit: 3176
c rst  geom  svd   vs   482  161K    1588   36K   792    5.86    5.77    44   141   49K    64   27.28   27.25
c rst  geom  svd   vs   483  162K    1588   36K   792    5.86    5.77    44   141   50K    64   27.25   27.22
c rst  geom  svd   vs   484  163K    1588   36K   792    5.86    5.77    44   141   50K    64   27.44   27.40
c [full-probe]  bin_only: 0 set: 1 repl: 0 T: 0.00 T-out: N T-r: 97.20%
c rst  geom  svd   vs   485  164K    1587   36K   792    5.86    5.77    44   141   51K    64   27.36   27.33
c rst  geom  svd   vs   486  165K    1587   36K   792    5.86    5.77    44   141   36K    64   28.16   28.12
c rst  geom best   vs   487  166K    1587   36K   792    5.86    5.77    45   146   38K    64   28.02   27.98
c rst  geom best   vs   488  167K    1587   36K   792    5.86    5.77    45   146   39K    64   28.04   28.00
c rst  geom best   vs   489  169K    1587   36K   792    5.86    5.77    45   146   40K    64   28.33   28.29
c rst  geom best   vs   490  170K    1587   36K   792    5.86    5.77    48   143   42K    64   28.30   28.26
c rst  geom best   vs   491  172K    1587   36K   792    5.86    5.77    48   143   43K    64   28.30   28.26
c rst  geom  stb   vs   492  174K    1587   36K   792    5.86    5.77    48   143   45K    64   28.75   28.71
c [distill-long-red0] cls tried: 4/4 T: 0.00 T-out: N T-r: 99.99%
c [distill-long-red1] cls tried: 2/2 T: 0.00 T-out: N T-r: 99.58%
c rst  geom  stb   vs   493  176K    1587   36K   792    5.86    5.77    48   143   47K    64   29.16   29.12
c [branch] adjusting to: vmtf (from: vsid) var_decay:0.95 descr: VMTF
c [distill-bin] useful: 0/792/792 lits-rem: 0 cl-rem: 0 0-depth-assigns: 0 T: 0.01 T-out: N
c rst  luby  stb  vmt   494  176K    1587   36K   790    5.86    5.77    48   143   47K    64   29.18   29.14
c rst  luby  stb  vmt   495  176K    1587   36K   790    5.86    5.77    48   145   48K    64   29.20   29.16
c rst  luby  stb  vmt   496  176K    1587   36K   790    5.86    5.77    48   145   48K    64   29.22   29.18
c rst  luby  stb  vmt   497  176K    1587   36K   790    5.86    5.77    48   145   48K    64   29.21   29.17
c rst  luby  stb  vmt   498  176K    1587   36K   790    5.86    5.77    48   145   48K    64   29.20   29.16
c rst  luby  stb  vmt   499  177K    1587   36K   790    5.86    5.77    48   145   48K    64   29.19   29.16
c rst  luby  stb  vmt   500  177K    1587   36K   790    5.86    5.77    48   145   49K    64   29.27   29.24
c rst  luby  stb  vmt   501  177K    1587   36K   790    5.86    5.77    48   145   49K    64   29.28   29.25
c [ccnr] saving best assignment phase to stable_polar
c [ccnr] bumping based on clause weights
c [ccnr] Bumped vars: 102 bump type: 6
c [ccnr] time: 0.28
c rst  luby  stb  vmt   502  177K    1587   36K   790    5.86    5.77    48   145   49K    64   29.27   29.23
c rst  luby  stb  vmt   503  177K    1587   36K   790    5.86    5.77    48   150   49K    64   29.26   29.22
c rst  luby  stb  vmt   504  178K    1587   36K   790    5.86    5.77    48   152   49K    64   29.25   29.22
c rst  luby  stb  vmt   505  178K    1587   36K   790    5.86    5.77    48   152   49K    64   29.22   29.19
c rst  luby  stb  vmt   506  178K    1587   36K   790    5.86    5.77    48   153   49K    64   29.17   29.13
c rst  luby  stb  vmt   507  178K    1587   36K   790    5.86    5.77    48   157   50K    64   29.12   29.08
c rst  luby  stb  vmt   508  179K    1587   36K   790    5.86    5.77    52   197   51K    64   28.90   28.87
c rst  luby ibes  vmt   509  179K    1587   36K   790    5.86    5.77    52   197   51K    64   28.88   28.84
c rst  luby ibes  vmt   510  179K    1587   36K   790    5.86    5.77    52   198   51K    64   28.85   28.82
c [distill] watch-based irred--  cl tried     7060 cl-sh     0 cl-rem    0 lit-rem      0 T: 0.00 T-out: N
c [distill] watch-based   red--  cl tried      104 cl-sh     0 cl-rem    0 lit-rem      0 T: 0.00 T-out: N
c rst  luby ibes  vmt   511  179K    1587   36K   791    5.85    5.77    55   200   51K    64   28.81   28.77
c rst  luby ibes  vmt   512  180K    1587   36K   791    5.85    5.77    98   192   37K    64   29.67   29.63
c rst  luby ibes  vmt   513  180K    1587   36K   791    5.85    5.77    98   192   37K    64   29.66   29.61
c rst  luby ibes  vmt   514  180K    1587   36K   791    5.85    5.77    98   193   37K    64   29.58   29.53
c rst  luby ibes  vmt   515  180K    1587   36K   791    5.85    5.77    98   193   37K    64   29.41   29.37
c [gauss] XOR-encoding clauses are not detached, so no need to reattach them.
c [g 0] truth-find prop checks  : 970K
c [g 0] -> of which prop        : 63.11 %
c [g 0] -> of which confl       :  2.30 %
c [g 0] elim called             : 57K
c [g 0] ---> which lead to prop : 53.31 %
c [g 0] ---> which lead to confl:  1.84 %
c [g 0] size: 50    x 465  
c [scc] new: 0 BP 0M T: 0.00
c [vrep] vars 0 lits 0 rem-bin-cls 0 rem-long-cls 0 BP 0M T: 0.00
c [intree] Set 0 vars hyper-added: 0 trans-irred: 0 trans-red: 0 T: 0.00 T-out: N T-r: -1.20%
c [find&init matx] performing matrix init
c [gauss] XOR-encoding clauses are not detached, so no need to reattach them.
c [xor-rem-unconnected] left with 1045 xors from 1045 non-empty xors T: 0.00
c [xor-together] xored together: 995 orig xors: 1045 new xors: 50 T: 0.00
c [xor-rem-unconnected] left with 50 xors from 50 non-empty xors T: 0.00
c [xor-clean-equiv] removed equivalent xors: 0 left with: 50
c [matrix] unused xors from cleaning: 0
c [matrix] Good   matrix 0 50      x464    density:0.1819  xorlen avg: 84.42
c [matrix] Using 1 matrices recovered from 0 xors T: 0.00 T-out: N
c rst  luby ibes vmt  516   180 K 1587      36K   791 5.85    5.77       98   194   37K    64 29.38   29.33  
c rst  luby ibes vmt  517   180 K 1587      36K   791 5.85    5.77       98   194   37K    64 29.34   29.29  
c rst  luby ibes vmt  518   181 K 1587      36K   791 5.85    5.77       98   196   38K    64 29.27   29.22  
c rst  luby ibes vmt  519   181 K 1587      36K   791 5.85    5.77       98   196   38K    64 29.23   29.18  
c rst  luby ibes vmt  520   181 K 1587      36K   791 5.85    5.77       98   196   38K    64 29.19   29.14  
c rst  luby ibes vmt  521   181 K 1587      36K   791 5.85    5.77       98   202   38K    64 29.13   29.09  
c [g  <0] Disabling GJ-elim in this round.  Usefulness was: 18.2422%  over 69871 calls
c rst  luby ibes vmt  522   181 K 1587      36K   791 5.85    5.77       98   215   38K    64 28.97   28.93  
c rst  luby ibes vmt  523   182 K 1587      36K   791 5.85    5.77      101   221   39K    64 28.73   28.69  
c rst  luby ibes vmt  524   184 K 1587      36K   791 5.85    5.77      102   240   41K    64 28.30   28.26  
c [full-probe]  bin_only: 1 set: 0 repl: 0 T: 0.00 T-out: N T-r: 99.78%
c rst  luby ibes vmt  525   184 K 1587      36K   791 5.85    5.77      102   240   41K    64 28.26   28.22  
c rst  luby ibes vmt  526   184 K 1587      36K   791 5.85    5.77      102   241   41K    64 28.24   28.20  
c rst  luby ibes vmt  527   184 K 1587      36K   791 5.85    5.77      103   250   41K    64 28.19   28.15  
c rst  luby ibes vmt  528   184 K 1587      36K   791 5.85    5.77      103   250   41K    64 28.15   28.11  
c rst  luby ibes vmt  529   184 K 1587      36K   791 5.85    5.77      103   250   41K    64 28.11   28.08  
c rst  luby ibes vmt  530   185 K 1587      36K   791 5.85    5.77      103   256   42K    64 28.08   28.04  
c rst  luby ibes vmt  531   185 K 1587      36K   791 5.85    5.77      103   264   42K    64 27.96   27.92  
c rst  luby ibes vmt  532   185 K 1587      36K   791 5.85    5.77      103   264   42K    64 27.92   27.88  
c rst  luby ibes vmt  533   185 K 1587      36K   791 5.85    5.77      103   266   42K    64 27.91   27.87  
c rst  luby ibes vmt  534   185 K 1587      36K   791 5.85    5.77      103   274   42K    64 27.88   27.84  
c rst  luby ibes vmt  535   186 K 1587      36K   791 5.85    5.77      103   275   42K    64 27.85   27.81  
c rst  luby ibes vmt  536   186 K 1587      36K   791 5.85    5.77      103   275   43K    64 27.85   27.81  
c rst  luby ibes vmt  537   186 K 1587      36K   791 5.85    5.77      104   281   43K    64 27.85   27.81  
c rst  luby svd  vmt  538   186 K 1587      36K   791 5.85    5.77      105   283   43K    64 27.76   27.72  
c rst  luby svd  vmt  539   187 K 1587      36K   791 5.85    5.77      105   288   44K    64 27.63   27.59  
c rst  luby svd  vmt  540   187 K 1587      36K   791 5.85    5.77      106   289   44K    64 27.61   27.57  
c rst  luby svd  vmt  541   187 K 1587      36K   791 5.85    5.77      106   289   44K    64 27.59   27.56  
c rst  luby svd  vmt  542   188 K 1587      36K   791 5.85    5.77      106   291   44K    64 27.55   27.51  
c rst  luby svd  vmt  543   188 K 1587      36K   791 5.85    5.77      106   291   44K    64 27.52   27.49  
c rst  luby svd  vmt  544   188 K 1587      36K   791 5.85    5.77      107   291   45K    64 27.52   27.48  
c rst  luby svd  vmt  545   188 K 1587      36K   791 5.85    5.77      107   292   45K    64 27.48   27.44  
c rst  luby svd  vmt  546   188 K 1587      36K   791 5.85    5.77      107   296   45K    64 27.40   27.37  
c rst  luby svd  vmt  547   188 K 1587      36K   791 5.85    5.77      107   296   45K    64 27.41   27.37  
c rst  luby svd  vmt  548   189 K 1587      36K   791 5.85    5.77      107   298   45K    64 27.42   27.39  
c rst  luby svd  vmt  549   189 K 1587      36K   791 5.85    5.77      107   301   46K    64 27.39   27.36  
c rst  luby svd  vmt  550   189 K 1587      36K   791 5.85    5.77      107   301   46K    64 27.40   27.36  
c [distill-long-red0] cls tried: 43/43 T: 0.00 T-out: N T-r: 99.93%
c [distill-long-red1] cls tried: 101/174 T: 0.00 T-out: Y T-r: -0.91%
c rst  luby svd  vmt  551   189 K 1587      36K   791 5.85    5.77      107   304   46K    64 27.39   27.36  
c rst  luby svd  vmt  552   189 K 1587      36K   791 5.85    5.77      108   314   46K    64 27.38   27.34  
c rst  luby svd  vmt  553   190 K 1587      36K   791 5.85    5.77      183   244   46K    64 27.45   27.42  
c rst  luby svd  vmt  554   190 K 1587      36K   791 5.85    5.77      192   355   47K    64 27.28   27.25  
c rst  luby svd  vmt  555   192 K 1587      36K   791 5.85    5.77      193   382   49K    64 27.99   27.95  
c rst  luby svd  vmt  556   195 K 1587      36K   791 5.85    5.77      231   830   37K    64 27.49   27.45  
c rst  geom best vmt  557   195 K 1587      36K   791 5.85    5.77      231   837   37K    64 27.46   27.42  
c rst  geom best vmt  558   195 K 1587      36K   791 5.85    5.77      232   837   37K    64 27.54   27.50  
c rst  geom best vmt  559   195 K 1587      36K   791 5.85    5.77      232   837   37K    64 27.54   27.50  
c rst  geom best vmt  560   196 K 1587      36K   791 5.85    5.77      232   837   37K    64 27.53   27.49  
c rst  geom best vmt  561   196 K 1587      36K   791 5.85    5.77      233   839   38K    64 27.51   27.47  
c rst  geom best vmt  562   196 K 1587      36K   791 5.85    5.77      233   839   38K    64 27.48   27.44  
c [distill-bin] useful: 0/791/791 lits-rem: 0 cl-rem: 0 0-depth-assigns: 0 T: 0.00 T-out: N
c rst  geom best vmt  563   196 K 1587      36K   791 5.85    5.77      233   840   38K    64 27.48   27.44  
c rst  geom best vmt  564   196 K 1587      36K   791 5.85    5.77      234   844   38K    64 27.43   27.39  
c rst  geom best vmt  565   197 K 1587      36K   791 5.85    5.77      234   850   38K    64 27.45   27.40  
c rst  geom best vmt  566   197 K 1587      36K   791 5.85    5.77      234   869   39K    64 27.54   27.50  
c rst  geom best vmt  567   197 K 1587      36K   791 5.85    5.77      235   871   39K    64 27.54   27.50  
c rst  geom best vmt  568   197 K 1587      36K   791 5.85    5.77      235   872   39K    64 27.53   27.49  
c [branch] adjusting to: vsid (from: vmtf) var_decay:0.95 descr: VSIDS
c rst  geom best vs   569   198 K 1587      36K   791 5.85    5.77      238   880   39K    64 27.63   27.59  
c rst  geom best vs   570   198 K 1587      36K   791 5.85    5.77      239   890   39K    64 27.70   27.66  
c rst  geom best vs   571   198 K 1587      36K   791 5.85    5.77      239   890   40K    64 27.85   27.81  
c rst  geom best vs   572   198 K 1587      36K   791 5.85    5.77      241   905   40K    64 27.87   27.83  
c rst  geom best vs   573   198 K 1587      36K   791 5.85    5.77      241   915   40K    64 27.90   27.86  
c rst  geom best vs   574   198 K 1587      36K   791 5.85    5.77      242   940   40K    64 28.00   27.96  
c rst  geom best vs   575   199 K 1587      36K   791 5.85    5.77      243   955   40K    64 28.08   28.04  
c rst  geom best vs   576   199 K 1587      36K   791 5.85    5.77      243   970   40K    64 28.20   28.16  
c rst  geom best vs   577   199 K 1587      36K   791 5.85    5.77      243   978   41K    64 28.36   28.32  
c rst  geom best vs   578   199 K 1587      36K   791 5.85    5.77      243   986   41K    64 28.49   28.45  
c rst  geom best vs   579   200 K 1587      36K   791 5.85    5.77      434   815   41K    64 28.58   28.54  
c rst  geom best vs   580   200 K 1587      36K   791 5.85    5.77      435   832   41K    64 28.65   28.61  
c rst  geom best vs   581   200 K 1587      36K   791 5.85    5.77      439   855   42K    64 28.75   28.71  
c rst  geom best vs   582   201 K 1587      36K   791 5.85    5.77      440   886   42K    64 28.79   28.75  
c rst  geom best vs   583   201 K 1587      36K   791 5.85    5.77      442   901   42K    64 29.01   28.97  
c rst  geom best vs   584   201 K 1587      36K   791 5.85    5.77      443   920   43K    64 29.21   29.18  
c rst  geom best vs   585   202 K 1587      36K   791 5.85    5.77      443   933   43K    64 29.32   29.28  
c rst  geom best vs   586   202 K 1587      36K   791 5.85    5.77      447   952   44K    64 29.49   29.45  
c rst  geom stb  vs   587   203 K 1587      36K   791 5.85    5.77      447   976   44K    64 29.68   29.64  
c rst  geom stb  vs   588   204 K 1587      36K   791 5.85    5.77      453  1001   45K    64 29.84   29.81  
c rst  geom stb  vs   589   204 K 1587      36K   791 5.85    5.77      462  1032   46K    64 29.95   29.91  
c [distill-long-red0] cls tried: 323/323 T: 0.02 T-out: N T-r: 99.07%
c [distill-long-red1] cls tried: 25/839 T: 0.01 T-out: Y T-r: -2.70%
c [full-probe]  bin_only: 0 set: 0 repl: 0 T: 0.01 T-out: N T-r: 97.71%
c [distill] watch-based irred--  cl tried 7060     cl-sh 0     cl-rem 0    lit-rem 0      T: 0.01 T-out: N
c [distill] watch-based red  --  cl tried 924      cl-sh 25    cl-rem 0    lit-rem 39     T: 0.00 T-out: N
c rst  geom stb  vs   590   205 K 1587      36K   791 5.85    5.77      463  1048   47K    64 30.08   30.05  
c rst  geom stb  vs   591   206 K 1587      36K   791 5.85    5.77      463  1050   47K    64 30.19   30.15  
c rst  geom stb  vs   592   207 K 1587      36K   791 5.85    5.77      466  1077   48K    64 30.33   30.30  
c rst  geom stb  vs   593   208 K 1587      36K   791 5.85    5.77      469  1086   49K    64 30.41   30.38  
c rst  geom stb  vs   594   209 K 1587      36K   791 5.85    5.77      472  1108   51K    64 30.42   30.39  
c rst  geom stb  vs   595   211 K 1587      36K   791 5.85    5.77      784  1271   37K    64 30.43   30.38  
c rst  geom ibes vs   596   212 K 1587      36K   791 5.85    5.77      792  1310   38K    64 30.48   30.44  
c rst  geom ibes vs   597   213 K 1587      36K   791 5.85    5.77      795  1326   40K    64 31.07   31.02  
c rst  geom ibes vs   598   215 K 1587      36K   791 5.85    5.77      796  1339   42K    64 31.38   31.33  
c rst  geom ibes vs   599   217 K 1587      36K   791 5.85    5.77      800  1363   43K    64 32.01   31.97  
c [distill-bin] useful: 0/791/791 lits-rem: 0 cl-rem: 0 0-depth-assigns: 0 T: 0.00 T-out: N
c rst  geom ibes vs   600   219 K 1587      36K   791 5.85    5.77      804  1400   45K    64 32.00   31.96  
c rst  geom svd  vs   601   221 K 1587      36K   791 5.85    5.77      968  1267   48K    64 32.72   32.68  
c [distill-long-red0] cls tried: 529/529 T: 0.02 T-out: N T-r: 99.28%
c [distill-long-red1] cls tried: 37/1079 T: 0.01 T-out: Y T-r: -2.77%
c [impl-str] lit bin: 0 set-var: 0 T: 0.00 T-out: N T-r: 99.95% w-visit: 3176
c [impl-sub] bin: 0 T: 0.00 T-out: N w-visit: 3176
c [ccnr] saving best assignment phase to stable_polar
c [ccnr] bumping based on var unsat frequency: conflict_ct
c [ccnr] Bumped vars: 1588 bump type: 6
c [ccnr] time: 0.27
c rst  geom svd  vs   602   224 K 1587      36K   791 5.85    5.77      971  1313   50K    64 32.78   32.74  
c [branch] adjusting to: vmtf (from: vsid) var_decay:0.95 descr: VMTF
c rst  luby svd  vmt  603   224 K 1587      36K   791 5.85    5.77      975  1344   50K    65 32.74   32.71  
c rst  luby svd  vmt  604   224 K 1587      36K   791 5.85    5.77      976  1360   50K    65 32.75   32.72  
c rst  luby svd  vmt  605   224 K 1587      36K   791 5.85    5.77      977  1379   50K    65 32.74   32.70  
c rst  luby svd  vmt  606   224 K 1587      36K   791 5.85    5.77      978  1382   50K    65 32.74   32.70  
c rst  luby svd  vmt  607   224 K 1587      36K   791 5.85    5.77      978  1387   51K    65 32.75   32.71  
c [full-probe]  bin_only: 1 set: 0 repl: 0 T: 0.00 T-out: N T-r: 99.79%
c rst  luby svd  vmt  608   225 K 1587      36K   791 5.85    5.77     1008  1756   36K    65 35.31   35.26  
c rst  luby svd  vmt  609   225 K 1587      36K   791 5.85    5.77     1008  1765   37K    65 35.42   35.36  
c rst  luby svd  vmt  610   225 K 1587      36K   791 5.85    5.77     1008  1768   37K    65 35.41   35.35  
c rst  luby svd  vmt  611   225 K 1587      36K   791 5.85    5.77     1008  1768   37K    65 35.46   35.40  
c rst  luby svd  vmt  612   225 K 1587      36K   791 5.85    5.77     1008  1773   37K    65 35.47   35.41  
c rst  luby svd  vmt  613   226 K 1587      36K   791 5.85    5.77     1008  1777   37K    65 35.46   35.40  
c rst  luby svd  vmt  614   226 K 1587      36K   791 5.85    5.77     1008  1781   37K    65 35.44   35.39  
c rst  luby svd  vmt  615   226 K 1587      36K   791 5.85    5.77     1009  1789   38K    65 35.47   35.42  
c rst  luby svd  vmt  616   226 K 1587      36K   791 5.85    5.77     1013  1798   38K    65 35.44   35.39  
c rst  luby svd  vmt  617   227 K 1587      36K   791 5.85    5.77     1019  1821   39K    65 35.69   35.63  
c rst  geom best vmt  618   227 K 1587      36K   791 5.85    5.77     1019  1826   39K    65 35.69   35.64  
c rst  geom best vmt  619   227 K 1587      36K   791 5.85    5.77     1019  1833   39K    65 35.72   35.67  
c rst  geom best vmt  620   227 K 1587      36K   791 5.85    5.77     1019  1838   39K    65 35.77   35.72  
c rst  geom best vmt  621   228 K 1587      36K   791 5.85    5.77     1021  1842   39K    65 35.83   35.78  
c rst  geom best vmt  622   228 K 1587      36K   791 5.85    5.77     1021  1852   39K    65 35.84   35.79  
c rst  geom best vmt  623   228 K 1587      36K   791 5.85    5.77     1022  1853   40K    65 35.88   35.83  
c rst  geom best vmt  624   228 K 1587      36K   791 5.85    5.77     1022  1856   40K    65 35.95   35.90  
c rst  geom best vmt  625   228 K 1587      36K   791 5.85    5.77     1022  1863   40K    65 35.94   35.89  
c rst  geom best vmt  626   229 K 1587      36K   791 5.85    5.77     1022  1871   40K    65 35.98   35.93  
c rst  geom best vmt  627   229 K 1587      36K   791 5.85    5.77     1023  1875   40K    65 35.96   35.91  
c rst  geom best vmt  628   229 K 1587      36K   791 5.85    5.77     1026  1891   41K    65 35.95   35.90  
c rst  geom best vmt  629   229 K 1587      36K   791 5.85    5.77     1026  1898   41K    65 36.03   35.98  
c rst  geom best vmt  630   230 K 1587      36K   791 5.85    5.77     1307  1629   41K    65 36.06   36.01  
c [distill] watch-based irred--  cl tried 7060     cl-sh 0     cl-rem 0    lit-rem 0      T: 0.00 T-out: N
c [distill] watch-based red  --  cl tried 2614     cl-sh 326   cl-rem 0    lit-rem 636    T: 0.00 T-out: N
c rst  geom best vmt  631   230 K 1587      36K   791 5.85    5.77     1307  1637   42K    65 36.11   36.06  
c rst  geom best vmt  632   231 K 1587      36K   791 5.85    5.77     1308  1649   42K    65 36.14   36.09  
c rst  geom best vmt  633   231 K 1587      36K   791 5.85    5.77     1308  1657   42K    65 36.19   36.14  
c rst  geom best vmt  634   231 K 1587      36K   791 5.85    5.77     1309  1664   43K    65 36.25   36.20  
c rst  geom best vmt  635   232 K 1587      36K   791 5.85    5.77     1309  1675   44K    65 36.36   36.31  
c rst  geom best vmt  636   233 K 1587      36K   791 5.85    5.77     1310  1700   44K    65 36.43   36.38  
c rst  geom best vmt  637   233 K 1587      36K   791 5.85    5.77     1311  1719   45K    65 36.58   36.53  
c rst  geom best vmt  638   234 K 1587      36K   791 5.85    5.77     1311  1737   45K    65 36.58   36.53  
c rst  geom best vmt  639   235 K 1587      36K   791 5.85    5.77     1312  1785   46K    65 36.58   36.54  
c rst  geom stb  vmt  640   236 K 1587      36K   791 5.85    5.77     1314  1808   47K    65 36.70   36.65  
c rst  geom stb  vmt  641   237 K 1587      36K   791 5.85    5.77     1314  1837   48K    65 36.73   36.68  
c [distill-long-red0] cls tried: 488/488 T: 0.02 T-out: N T-r: 99.14%
c [distill-long-red1] cls tried: 50/1612 T: 0.01 T-out: Y T-r: -3.40%
c rst  geom stb  vmt  642   238 K 1587      36K   791 5.85    5.77     1315  1856   49K    65 36.84   36.80  
c [distill-bin] useful: 0/791/791 lits-rem: 0 cl-rem: 0 0-depth-assigns: 0 T: 0.01 T-out: N
c rst  geom stb  vmt  643   239 K 1587      36K   791 5.85    5.77     1317  1877   50K    65 36.91   36.87  
c rst  geom stb  vmt  644   240 K 1587      36K   791 5.85    5.77     1575  2212   37K    65 38.08   38.02  
c rst  geom stb  vmt  645   241 K 1587      36K   791 5.85    5.77     1577  2232   38K    65 37.98   37.92  
c rst  geom stb  vmt  646   243 K 1587      36K   791 5.85    5.77     1577  2258   39K    65 37.98   37.93  
c rst  geom ibes vmt  647   244 K 1587      36K   791 5.85    5.77     1577  2264   40K    65 37.92   37.87  
c recursive minimization cost OK: 500Kcost/(% lits removed)
c [gauss] XOR-encoding clauses are not detached, so no need to reattach them.
c [g 0] truth-find prop checks  : 52K
c [g 0] -> of which prop        : 16.54 %
c [g 0] -> of which confl       :  1.02 %
c [g 0] elim called             : 10504
c [g 0] ---> which lead to prop : 31.71 %
c [g 0] ---> which lead to confl:  2.49 %
c [g 0] size: 50    x 464  
c --> Executing strategy token: scc-vrepl
c [scc] new: 0 BP 0M T: 0.00
c --> Executing strategy token: sub-impl
c [impl-sub] bin: 1 T: 0.00 T-out: N w-visit: 3176
c --> Executing strategy token: breakid
c --> Executing OCC strategy token(s): 'occ-backw-sub-str,occ-clean-implicit,occ-bve,occ-bva,occ-ternary-res,occ-xor,'
c [occ] mem usage for occur 3      MB
c [occ] Linked in IRRED BIN by default: 791
c [occ] Linked in RED   BIN by default: 64
c [occ] mem usage for occur 0      MB
c Mem for watch alloc      : 11          MB (26.10     %)
c Mem for watch array      : 0           MB (0.16      %)
c --> Executing OCC strategy token: occ-backw-sub-str
c [occ-backw-sub-str-long-w-bins] subs: 0 str: 364 tried: 7572 0-depth ass: 0 T: 0.00 T-out: N T-r: 99.05%
c [occ-backw-sub-long-w-long] rem cl: 286 tried: 80545/80545 (100.0%) T: 0.02 T-out: N T-r: 88.57%
c [occ-backw-sub-str-long-w-long] sub: 1 str: 32 tried: 241635/80545 (300.0)  T: 0.17 T-out: N T-r: 65.66%
c --> Executing OCC strategy token: occ-clean-implicit
c --> Executing OCC strategy token: occ-bve
c [occ-empty-res] Empty resolvent elimed: 0 T: 0.00 T-out: N
c [occ-bve] iter v-elim 0
c cl_inc_rate=1.0, var_dec_rate=1.0 (grow=0)
c Reduced to 1587 vars, 36959 cls (grow=0)
c [occ-bve] iter v-elim 0
c cl_inc_rate=1.0, var_dec_rate=1.0 (grow=8)
c Reduced to 1587 vars, 36959 cls (grow=8)
c [occ-bve] iter v-elim 0
c cl_inc_rate=1.0, var_dec_rate=1.0 (grow=16)
c Reduced to 1587 vars, 36959 cls (grow=16)
c x n vars       : 1587
c #try to eliminate:  4761
c #var-elim        :     0
c #T-o: N
c #T-r: 99.98%
c #T  : 0.21
c [occur] 0.04 is overhead
c [occur] link-in T: 0.04 cleanup T: 0.00
c --> Executing OCC strategy token: occ-bva
c --> Executing OCC strategy token: occ-ternary-res
c [occ-ternary-res] Ternary res-tri: 1 res-bin: 0 sub: 0 str: 1 T: 0.00 T-out: N T-r: 99.78%
c --> Executing OCC strategy token: occ-xor
c [occ-xor] sort occur list T: 0.00
c [xor-clean-equiv] removed equivalent xors: 0 left with: 1031
c [occ-xor] found   1031 avg sz 5.9 min sz  4 max sz  6 T: 0.01 T-out: N T-r: 99.97%
c --> Executing strategy token: card-find
c --> Executing strategy token: cl-consolidate
c Not consolidating memory.
c --> Executing strategy token: scc-vrepl
c [scc] new: 0 BP 0M T: 0.00
c --> Executing strategy token: renumber
c --> Executing strategy token: bosphorus
c --> Executing strategy token: louvain-comms
c [consolidate] mini T: 0.00
c global_timeout_multiplier: 3.9930
c [branch] rebuilding order heap for all branchings. Current branching: vmtf
c [find&init matx] performing matrix init
c [gauss] XOR-encoding clauses are not detached, so no need to reattach them.
c [xor-rem-unconnected] left with 1030 xors from 1031 non-empty xors T: 0.00
c [xor-together] xored together: 975 orig xors: 1030 new xors: 55 T: 0.00
c [xor-rem-unconnected] left with 55 xors from 55 non-empty xors T: 0.00
c [xor-clean-equiv] removed equivalent xors: 0 left with: 55
c [matrix] unused xors from cleaning: 1
c [matrix] Good   matrix  0     55 x  476  density:0.1595  xorlen avg: 75.91
c [matrix] Using 1 matrices recovered from 0 xors T: 0.00 T-out: N
c rst  geom ibes  vmt   648  245K    1587   36K   791    5.85    5.77  1386  2292   41K    64   37.96   37.91
c [full-probe]  bin_only: 0 set: 0 repl: 0 T: 0.02 T-out: N T-r: 93.63%
c rst  geom ibes  vmt   649  247K    1587   36K   791    5.85    5.77  1388  2292   43K    64   38.03   37.98
c [gauss] XOR-encoding clauses are not detached, so no need to reattach them.
c [g 0] truth-find prop checks  : 79K
c [g 0] -> of which prop        : 62.18 %
c [g 0] -> of which confl       :  1.69 %
c [g 0] elim called             : 2632
c [g 0] ---> which lead to prop : 160.18 %
c [g 0] ---> which lead to confl:  2.85 %
c [g 0] size: 55    x 476  
c [scc] new: 0 BP 0M T: 0.00
c [vrep] vars 0 lits 0 rem-bin-cls 0 rem-long-cls 0 BP 0M T: 0.01
c [intree] Set 0 vars hyper-added: 0 trans-irred: 0 trans-red: 0 T: 0.01 T-out: N T-r: 0.38%
c [find&init matx] performing matrix init
c [gauss] XOR-encoding clauses are not detached, so no need to reattach them.
c [xor-rem-unconnected] left with 1030 xors from 1031 non-empty xors T: 0.00
c [xor-together] xored together: 975 orig xors: 1030 new xors: 55 T: 0.00
c [xor-rem-unconnected] left with 55 xors from 55 non-empty xors T: 0.00
c [xor-clean-equiv] removed equivalent xors: 0 left with: 55
c [matrix] unused xors from cleaning: 1
c [matrix] Good   matrix 0 55      x476    density:0.1595  xorlen avg: 75.91
c [matrix] Using 1 matrices recovered from 0 xors T: 0.00 T-out: N
c rst  geom ibes vmt  650   249 K 1587      36K   791 5.85    5.77     1388  2297   45K    64 37.62   37.57  
c rst  geom ibes vmt  651   251 K 1587      36K   791 5.85    5.77     1404  2281   47K    64 37.68   37.64  
c [branch] adjusting to: vsid (from: vmtf) var_decay:0.95 descr: VSIDS
c rst  geom svd  vs   652   251 K 1587      36K   791 5.85    5.77     1404  2282   47K    64 37.66   37.62  
c rst  geom svd  vs   653   251 K 1587      36K   791 5.85    5.77     1404  2282   47K    64 37.63   37.59  
c rst  geom svd  vs   654   251 K 1587      36K   791 5.85    5.77     1404  2282   48K    64 37.62   37.58  
c rst  geom svd  vs   655   251 K 1587      36K   791 5.85    5.77     1404  2284   48K    64 37.63   37.59  
c rst  geom svd  vs   656   252 K 1587      36K   791 5.85    5.77     1404  2284   48K    64 37.63   37.58  
c rst  geom svd  vs   657   252 K 1587      36K   791 5.85    5.77     1404  2284   48K    64 37.65   37.61  
c [distill-long-red0] cls tried: 329/329 T: 0.03 T-out: N T-r: 99.10%
c [distill-long-red1] cls tried: 34/2020 T: 0.01 T-out: Y T-r: -2.00%
c rst  geom svd  vs   658   252 K 1587      36K   791 5.85    5.77     1404  2285   48K    64 37.63   37.59  
c rst  geom svd  vs   659   252 K 1587      36K   791 5.85    5.77     1404  2285   48K    64 37.63   37.58  
c rst  geom svd  vs   660   252 K 1587      36K   791 5.85    5.77     1404  2285   49K    64 37.61   37.57  
c rst  geom svd  vs   661   253 K 1587      36K   791 5.85    5.77     1404  2285   49K    64 37.63   37.59  
c rst  geom svd  vs   662   253 K 1587      36K   791 5.85    5.77     1404  2285   49K    64 37.68   37.64  
c rst  geom svd  vs   663   253 K 1587      36K   791 5.85    5.77     1404  2285   49K    64 37.66   37.62  
c rst  geom svd  vs   664   254 K 1587      36K   791 5.85    5.77     1404  2285   50K    64 37.62   37.58  
c rst  geom svd  vs   665   254 K 1587      36K   791 5.85    5.77     1404  2285   50K    64 37.63   37.58  
c rst  geom svd  vs   666   254 K 1587      36K   791 5.85    5.77     1405  2286   51K    64 37.59   37.55  
c rst  geom svd  vs   667   255 K 1587      36K   791 5.85    5.77     1408  2335   37K    64 36.48   36.42  
c [distill] watch-based irred--  cl tried 7898     cl-sh 0     cl-rem 0    lit-rem 0      T: 0.00 T-out: N
c [distill] watch-based red  --  cl tried 2816     cl-sh 55    cl-rem 0    lit-rem 114    T: 0.00 T-out: N
c rst  geom svd  vs   668   255 K 1587      36K   791 5.85    5.77     1408  2335   37K    64 36.52   36.47  
c rst  geom svd  vs   669   256 K 1587      36K   791 5.85    5.77     1408  2335   38K    64 36.59   36.53  
c rst  geom svd  vs   670   256 K 1587      36K   791 5.85    5.77     1408  2335   38K    64 36.53   36.48  
c rst  geom svd  vs   671   257 K 1587      36K   791 5.85    5.77     1408  2335   39K    64 36.59   36.54  
c rst  geom svd  vs   672   258 K 1587      36K   791 5.85    5.77     1408  2335   40K    64 36.61   36.56  
c [distill-bin] useful: 0/791/791 lits-rem: 0 cl-rem: 0 0-depth-assigns: 0 T: 0.01 T-out: N
c rst  geom svd  vs   673   259 K 1587      36K   791 5.85    5.77     1408  2337   41K    64 36.74   36.69  
c rst  geom best vs   674   259 K 1587      36K   791 5.85    5.77     1408  2338   41K    64 36.71   36.66  
c rst  geom best vs   675   260 K 1587      36K   791 5.85    5.77     1438  2159   42K    64 36.77   36.72  
c rst  geom best vs   676   262 K 1587      36K   791 5.85    5.77     1438  2159   44K    64 36.67   36.62  
c rst  geom best vs   677   263 K 1587      36K   791 5.85    5.77     1438  2159   45K    64 36.91   36.86  
c rst  geom best vs   678   264 K 1587      36K   791 5.85    5.77     1438  2159   46K    64 36.62   36.57  
c rst  geom best vs   679   265 K 1587      36K   791 5.85    5.77     1438  2163   47K    64 36.55   36.51  
c [full-probe]  bin_only: 1 set: 0 repl: 0 T: 0.00 T-out: N T-r: 99.69%
c [ccnr] saving best assignment phase to stable_polar
c [ccnr] bumping based on var unsat frequency: conflict_ct
c [ccnr] Bumped vars: 1588 bump type: 6
c [ccnr] time: 0.28
c rst  geom best vs   680   267 K 1587      36K   791 5.85    5.77     1438  2176   49K    64 36.77   36.73  
c [distill-long-red0] cls tried: 87/87 T: 0.01 T-out: N T-r: 99.81%
c [distill-long-red1] cls tried: 44/1930 T: 0.01 T-out: Y T-r: -2.93%
c rst  geom stb  vs   681   269 K 1587      36K   791 5.85    5.77     1438  2177   51K    64 36.94   36.90  
c rst  geom stb  vs   682   270 K 1587      36K   791 5.85    5.77     1465  1634   39K    64 34.81   34.76  
c rst  geom stb  vs   683   272 K 1587      36K   791 5.85    5.77     1465  1634   41K    64 35.10   35.05  
c rst  geom stb  vs   684   275 K 1587      36K   791 5.85    5.77     1467  1642   43K    64 34.96   34.92  
c rst  geom ibes vs   685   277 K 1587      36K   791 5.85    5.77     1467  1644   46K    64 34.90   34.86  
c rst  geom ibes vs   686   280 K 1587      36K   791 5.85    5.77     1486  1565   48K    64 34.61   34.57  
c [distill-bin] useful: 0/791/791 lits-rem: 0 cl-rem: 0 0-depth-assigns: 0 T: 0.01 T-out: N
c [distill] watch-based irred--  cl tried 7898     cl-sh 0     cl-rem 0    lit-rem 0      T: 0.00 T-out: N
c [distill] watch-based red  --  cl tried 2972     cl-sh 23    cl-rem 0    lit-rem 53     T: 0.00 T-out: N
c rst  geom ibes vs   687   283 K 1587      36K   791 5.85    5.77     1486  1570   51K    64 34.55   34.51  
c [branch] adjusting to: vmtf (from: vsid) var_decay:0.95 descr: VMTF
c [distill-long-red0] cls tried: 53/53 T: 0.00 T-out: N T-r: 99.87%
c [distill-long-red1] cls tried: 67/1402 T: 0.01 T-out: Y T-r: -1.40%
c [impl-str] lit bin: 0 set-var: 0 T: 0.00 T-out: N T-r: 99.95% w-visit: 3176
c [impl-sub] bin: 0 T: 0.00 T-out: N w-visit: 3176
c rst  luby svd  vmt  688   283 K 1587      36K   791 5.85    5.77     1492  1611   51K    65 34.51   34.48  
c rst  luby svd  vmt  689   283 K 1587      36K   791 5.85    5.77     1492  1612   52K    65 34.54   34.50  
c rst  luby svd  vmt  690   283 K 1587      36K   791 5.85    5.77     1492  1613   52K    65 34.52   34.48  
c rst  luby svd  vmt  691   283 K 1587      36K   791 5.85    5.77     1492  1613   52K    65 34.51   34.47  
c rst  luby svd  vmt  692   284 K 1587      36K   791 5.85    5.77     1492  1613   52K    65 34.50   34.46  
c rst  luby svd  vmt  693   284 K 1587      36K   791 5.85    5.77     1492  1613   52K    65 34.52   34.48  
c rst  luby svd  vmt  694   284 K 1587      36K   791 5.85    5.77     1492  1617   53K    65 34.51   34.48  
c rst  luby svd  vmt  695   284 K 1587      36K   791 5.85    5.77     1492  1617   53K    65 34.51   34.47  
c rst  luby svd  vmt  696   284 K 1587      36K   791 5.85    5.77     1492  1617   53K    65 34.48   34.45  
c rst  luby svd  vmt  697   285 K 1587      36K   791 5.85    5.77     1493  1647   38K    65 32.88   32.83  
c rst  luby svd  vmt  698   285 K 1587      36K   791 5.85    5.77     1493  1647   39K    65 32.88   32.83  
c rst  luby svd  vmt  699   285 K 1587      36K   791 5.85    5.77     1493  1647   39K    65 32.87   32.82  
c rst  luby svd  vmt  700   285 K 1587      36K   791 5.85    5.77     1493  1647   39K    65 32.91   32.86  
c rst  luby svd  vmt  701   285 K 1587      36K   791 5.85    5.77     1493  1647   39K    65 32.95   32.90  
c [full-probe]  bin_only: 0 set: 0 repl: 0 T: 0.00 T-out: N T-r: 98.15%
c rst  luby svd  vmt  702   286 K 1587      36K   791 5.85    5.77     1493  1652   40K    65 33.24   33.19  
c rst  luby svd  vmt  703   286 K 1587      36K   791 5.85    5.77     1493  1652   40K    65 33.29   33.24  
c rst  luby svd  vmt  704   286 K 1587      36K   791 5.85    5.77     1493  1652   40K    65 33.34   33.29  
c rst  luby svd  vmt  705   287 K 1587      36K   791 5.85    5.77     1493  1654   40K    65 33.41   33.36  
c rst  luby svd  vmt  706   287 K 1587      36K   791 5.85    5.77     1493  1654   41K    65 33.43   33.38  
c rst  luby svd  vmt  707   287 K 1587      36K   791 5.85    5.77     1493  1654   41K    65 33.43   33.38  
c rst  luby svd  vmt  708   287 K 1587      36K   791 5.85    5.77     1493  1654   41K    65 33.44   33.39  
c rst  luby svd  vmt  709   287 K 1587      36K   791 5.85    5.77     1493  1656   41K    65 33.43   33.39  
c rst  luby svd  vmt  710   287 K 1587      36K   791 5.85    5.77     1493  1656   41K    65 33.43   33.38  
c rst  luby svd  vmt  711   288 K 1587      36K   791 5.85    5.77     1493  1656   41K    65 33.43   33.38  
c rst  luby svd  vmt  712   288 K 1587      36K   791 5.85    5.77     1493  1656   42K    65 33.38   33.34  
c rst  luby svd  vmt  713   288 K 1587      36K   791 5.85    5.77     1493  1656   42K    65 33.35   33.31  
c rst  luby svd  vmt  714   288 K 1587      36K   791 5.85    5.77     1493  1656   42K    65 33.33   33.29  
c rst  luby svd  vmt  715   288 K 1587      36K   791 5.85    5.77     1493  1657   42K    65 33.30   33.25  
c rst  luby svd  vmt  716   289 K 1587      36K   791 5.85    5.77     1493  1661   42K    65 33.39   33.35  
c rst  luby svd  vmt  717   289 K 1587      36K   791 5.85    5.77     1493  1662   43K    65 33.56   33.51  
c rst  luby svd  vmt  718   291 K 1587      36K   791 5.85    5.77     1531  1531   45K    65 33.62   33.58  
c rst  geom best vmt  719   291 K 1587      36K   791 5.85    5.77     1531  1531   45K    65 33.61   33.57  
c rst  geom best vmt  720   291 K 1587      36K   791 5.85    5.77     1531  1531   45K    65 33.64   33.60  
c rst  geom best vmt  721   291 K 1587      36K   791 5.85    5.77     1531  1531   45K    65 33.65   33.61  
c rst  geom best vmt  722   292 K 1587      36K   791 5.85    5.77     1531  1531   45K    65 33.65   33.61  
c rst  geom best vmt  723   292 K 1587      36K   791 5.85    5.77     1531  1531   46K    65 33.62   33.58  
c rst  geom best vmt  724   292 K 1587      36K   791 5.85    5.77     1531  1531   46K    65 33.63   33.58  
c rst  geom best vmt  725   292 K 1587      36K   791 5.85    5.77     1531  1531   46K    65 33.64   33.60  
c rst  geom best vmt  726   292 K 1587      36K   791 5.85    5.77     1531  1531   46K    65 33.67   33.63  
c rst  geom best vmt  727   293 K 1587      36K   791 5.85    5.77     1531  1531   46K    65 33.64   33.60  
c rst  geom best vmt  728   293 K 1587      36K   791 5.85    5.77     1531  1532   47K    65 33.61   33.57  
c rst  geom best vmt  729   293 K 1587      36K   791 5.85    5.77     1531  1532   47K    65 33.62   33.58  
c rst  geom best vmt  730   293 K 1587      36K   791 5.85    5.77     1531  1532   47K    65 33.55   33.51  
c rst  geom best vmt  731   294 K 1587      36K   791 5.85    5.77     1531  1532   48K    65 33.50   33.46  
c rst  geom best vmt  732   294 K 1587      36K   791 5.85    5.77     1531  1532   48K    65 33.56   33.52  
c rst  geom best vmt  733   294 K 1587      36K   791 5.85    5.77     1531  1532   48K    65 33.65   33.61  
c rst  geom best vmt  734   295 K 1587      36K   791 5.85    5.77     1531  1536   49K    65 33.76   33.72  
c rst  geom best vmt  735   295 K 1587      36K   791 5.85    5.77     1531  1537   49K    65 34.00   33.96  
c rst  geom best vmt  736   296 K 1587      36K   791 5.85    5.77     1531  1537   50K    65 33.87   33.84  
c rst  geom best vmt  737   297 K 1587      36K   791 5.85    5.77     1532  1537   50K    65 33.89   33.85  
c rst  geom best vmt  738   297 K 1587      36K   791 5.85    5.77     1532  1537   51K    65 33.92   33.88  
c rst  geom best vmt  739   298 K 1587      36K   791 5.85    5.77     1532  1537   52K    65 33.97   33.93  
c rst  geom best vmt  740   299 K 1587      36K   791 5.85    5.77     1532  1537   53K    65 34.07   34.04  
c [distill-long-red0] cls tried: 45/45 T: 0.00 T-out: N T-r: 99.92%
c [distill-long-red1] cls tried: 68/1323 T: 0.01 T-out: Y T-r: -1.38%
c rst  geom best vmt  741   300 K 1587      36K   791 5.85    5.77     1552  1336   38K    65 33.20   33.15  
c rst  geom stb  vmt  742   301 K 1587      36K   791 5.85    5.77     1553  1339   39K    65 33.47   33.43  
c [distill-bin] useful: 0/791/791 lits-rem: 0 cl-rem: 0 0-depth-assigns: 0 T: 0.00 T-out: N
c rst  geom stb  vmt  743   302 K 1587      36K   791 5.85    5.77     1553  1339   40K    65 33.39   33.34  
c rst  geom stb  vmt  744   303 K 1587      36K   791 5.85    5.77     1553  1339   41K    65 33.65   33.60  
c rst  geom stb  vmt  745   304 K 1587      36K   791 5.85    5.77     1553  1341   42K    65 33.74   33.70  
c rst  geom stb  vmt  746   305 K 1587      36K   791 5.85    5.77     1553  1341   44K    65 33.55   33.50  
c [full-probe]  bin_only: 1 set: 0 repl: 0 T: 0.00 T-out: N T-r: 99.82%
c [distill] watch-based irred--  cl tried 7898     cl-sh 0     cl-rem 0    lit-rem 0      T: 0.00 T-out: N
c [distill] watch-based red  --  cl tried 3106     cl-sh 12    cl-rem 0    lit-rem 22     T: 0.00 T-out: N
c rst  geom stb  vmt  747   307 K 1587      36K   791 5.85    5.77     1554  1342   45K    65 33.64   33.60  
c rst  geom stb  vmt  748   309 K 1587      36K   791 5.85    5.77     1554  1342   47K    65 34.10   34.06  
c rst  geom ibes vmt  749   311 K 1587      36K   791 5.85    5.77     1561   928   49K    65 34.09   34.05  
c [ccnr] saving best assignment phase to stable_polar
c [ccnr] bumping based on clause weights
c [ccnr] Bumped vars: 102 bump type: 6
c [ccnr] time: 0.28
c rst  geom ibes vmt  750   313 K 1587      36K   791 5.85    5.77     1561   930   51K    65 33.37   33.33  
c [gauss] XOR-encoding clauses are not detached, so no need to reattach them.
c [g 0] truth-find prop checks  : 1555K
c [g 0] -> of which prop        : 61.23 %
c [g 0] -> of which confl       :  2.29 %
c [g 0] elim called             : 60K
c [g 0] ---> which lead to prop : 81.05 %
c [g 0] ---> which lead to confl:  2.71 %
c [g 0] size: 55    x 476  
c [scc] new: 0 BP 0M T: 0.00
c [vrep] vars 0 lits 0 rem-bin-cls 0 rem-long-cls 0 BP 0M T: 0.01
c [intree] Set 0 vars hyper-added: 0 trans-irred: 0 trans-red: 0 T: 0.00 T-out: N T-r: -1.99%
c [find&init matx] performing matrix init
c [gauss] XOR-encoding clauses are not detached, so no need to reattach them.
c [xor-rem-unconnected] left with 1030 xors from 1031 non-empty xors T: 0.00
c [xor-together] xored together: 975 orig xors: 1030 new xors: 55 T: 0.00
c [xor-rem-unconnected] left with 55 xors from 55 non-empty xors T: 0.00
c [xor-clean-equiv] removed equivalent xors: 0 left with: 55
c [matrix] unused xors from cleaning: 1
c [matrix] Good   matrix 0 55      x476    density:0.1595  xorlen avg: 75.91
c [matrix] Using 1 matrices recovered from 0 xors T: 0.00 T-out: N
c rst  geom ibes vmt  751   315 K 1587      36K   791 5.85    5.77     1610  1051   36K    65 32.15   32.10  
c [branch] adjusting to: vsid (from: vmtf) var_decay:0.95 descr: VSIDS
c [distill-long-red0] cls tried: 74/74 T: 0.00 T-out: N T-r: 99.89%
c [distill-long-red1] cls tried: 118/875 T: 0.01 T-out: Y T-r: -0.95%
c rst  geom ibes vs   752   315 K 1587      36K   791 5.85    5.77     1610  1052   36K    65 32.14   32.09  
c rst  geom ibes vs   753   315 K 1587      36K   791 5.85    5.77     1610  1052   36K    65 32.21   32.16  
c rst  geom ibes vs   754   315 K 1587      36K   791 5.85    5.77     1610  1052   36K    65 32.24   32.18  
c rst  geom ibes vs   755   315 K 1587      36K   791 5.85    5.77     1610  1052   36K    65 32.26   32.21  
c rst  geom ibes vs   756   316 K 1587      36K   791 5.85    5.77     1610  1053   36K    65 32.29   32.24  
c rst  geom ibes vs   757   316 K 1587      36K   791 5.85    5.77     1610  1053   36K    65 32.35   32.30  
c rst  geom ibes vs   758   316 K 1587      36K   791 5.85    5.77     1610  1053   37K    65 32.34   32.29  
c rst  geom ibes vs   759   316 K 1587      36K   791 5.85    5.77     1610  1053   37K    65 32.36   32.31  
c rst  geom ibes vs   760   316 K 1587      36K   791 5.85    5.77     1610  1054   37K    65 32.43   32.38  
c rst  geom ibes vs   761   317 K 1587      36K   791 5.85    5.77     1610  1055   37K    65 32.44   32.39  
c rst  geom ibes vs   762   317 K 1587      36K   791 5.85    5.77     1610  1056   38K    65 32.46   32.41  
c rst  geom svd  vs   763   317 K 1587      36K   791 5.85    5.77     1611  1060   38K    65 32.57   32.52  
c rst  geom svd  vs   764   318 K 1587      36K   791 5.85    5.77     1611  1060   38K    65 32.58   32.54  
c rst  geom svd  vs   765   318 K 1587      36K   791 5.85    5.77     1611  1060   39K    65 32.57   32.52  
c rst  geom svd  vs   766   318 K 1587      36K   791 5.85    5.77     1611  1060   39K    65 32.65   32.60  
c rst  geom svd  vs   767   319 K 1587      36K   791 5.85    5.77     1611  1060   40K    65 32.65   32.60  
c rst  geom svd  vs   768   319 K 1587      36K   791 5.85    5.77     1611  1060   40K    65 32.63   32.58  
c rst  geom svd  vs   769   320 K 1587      36K   791 5.85    5.77     1660   821   41K    65 32.70   32.66  
c rst  geom svd  vs   770   320 K 1587      36K   791 5.85    5.77     1660   822   41K    65 32.74   32.69  
c rst  geom svd  vs   771   321 K 1587      36K   791 5.85    5.77     1660   822   42K    65 32.96   32.91  
c [distill-bin] useful: 0/791/791 lits-rem: 0 cl-rem: 0 0-depth-assigns: 0 T: 0.01 T-out: N
c rst  geom svd  vs   772   322 K 1587      36K   791 5.85    5.77     1660   824   43K    65 32.96   32.92  
c rst  geom svd  vs   773   323 K 1587      36K   791 5.85    5.77     1660   824   44K    65 32.87   32.83  
c rst  geom svd  vs   774   323 K 1587      36K   791 5.85    5.77     1660   824   44K    65 32.88   32.84  
c rst  geom svd  vs   775   324 K 1587      36K   791 5.85    5.77     1660   824   45K    65 32.92   32.88  
c rst  geom svd  vs   776   325 K 1587      36K   791 5.85    5.77     1660   824   46K    65 33.13   33.09  
c [full-probe]  bin_only: 0 set: 0 repl: 0 T: 0.01 T-out: N T-r: 97.91%
c rst  geom best vs   777   327 K 1587      36K   791 5.85    5.77     1660   825   48K    65 33.30   33.26  
c rst  geom best vs   778   328 K 1587      36K   791 5.85    5.77     1660   826   49K    65 33.44   33.40  
c rst  geom best vs   779   329 K 1587      36K   791 5.85    5.77     1660   827   50K    65 33.28   33.25  
c rst  geom best vs   780   331 K 1587      36K   791 5.85    5.77     1671   803   36K    65 32.08   32.03  
c [distill-long-red0] cls tried: 53/53 T: 0.00 T-out: N T-r: 99.92%
c [distill-long-red1] cls tried: 100/582 T: 0.01 T-out: Y T-r: -0.64%
c [distill] watch-based irred--  cl tried 7898     cl-sh 0     cl-rem 0    lit-rem 0      T: 0.00 T-out: N
c [distill] watch-based red  --  cl tried 3342     cl-sh 5     cl-rem 0    lit-rem 9      T: 0.00 T-out: N
c rst  geom best vs   781   333 K 1587      36K   791 5.85    5.77     1671   804   38K    65 32.58   32.53  
c rst  geom best vs   782   334 K 1587      36K   791 5.85    5.77     1671   804   40K    65 32.37   32.32  
c rst  geom stb  vs   783   336 K 1587      36K   791 5.85    5.77     1672   805   42K    65 32.90   32.86  
c rst  geom stb  vs   784   339 K 1587      36K   791 5.85    5.77     1672   806   44K    65 32.92   32.87  
c rst  geom stb  vs   785   341 K 1587      36K   791 5.85    5.77     1677   679   47K    65 33.33   33.29  
c [distill-bin] useful: 0/791/791 lits-rem: 0 cl-rem: 0 0-depth-assigns: 0 T: 0.01 T-out: N
c rst  geom stb  vs   786   344 K 1587      36K   791 5.85    5.77     1678   685   50K    65 34.20   34.16  
c [impl-str] lit bin: 0 set-var: 0 T: 0.00 T-out: N T-r: 99.95% w-visit: 3176
c [impl-sub] bin: 1 T: 0.00 T-out: N w-visit: 3176
c rst  geom ibes vs   787   347 K 1587      36K   791 5.85    5.77     1682   698   39K    64 32.57   32.52  
c [distill-long-red0] cls tried: 14/14 T: 0.00 T-out: N T-r: 99.97%
c [distill-long-red1] cls tried: 90/430 T: 0.01 T-out: Y T-r: -0.87%
c [full-probe]  bin_only: 1 set: 0 repl: 0 T: 0.00 T-out: N T-r: 99.86%
c rst  geom ibes vs   788   350 K 1587      36K   791 5.85    5.77     1693   655   43K    64 32.52   32.47  
c rst  geom ibes vs   789   354 K 1587      36K   791 5.85    5.77     1693   659   46K    64 31.89   31.86  
c [branch] adjusting to: vmtf (from: vsid) var_decay:0.95 descr: VMTF
c rst  luby svd  vmt  790   354 K 1587      36K   791 5.85    5.77     1693   662   46K    64 31.87   31.84  
c rst  luby svd  vmt  791   354 K 1587      36K   791 5.85    5.77     1694   664   46K    64 31.86   31.82  
c rst  luby svd  vmt  792   354 K 1587      36K   791 5.85    5.77     1695   681   47K    64 31.81   31.77  
c rst  luby svd  vmt  793   354 K 1587      36K   791 5.85    5.77     1695   684   47K    64 31.79   31.75  
c rst  luby svd  vmt  794   354 K 1587      36K   791 5.85    5.77     1695   684   47K    64 31.85   31.81  
c rst  luby svd  vmt  795   355 K 1587      36K   791 5.85    5.77     1695   684   47K    64 31.92   31.88  
c [ccnr] saving best assignment phase to stable_polar
c [ccnr] bumping based on var unsat frequency: conflict_ct
c [ccnr] Bumped vars: 1588 bump type: 6
c [ccnr] time: 0.28
c rst  luby svd  vmt  796   355 K 1587      36K   791 5.85    5.77     1700   704   47K    64 31.96   31.92  
c rst  luby svd  vmt  797   355 K 1587      36K   791 5.85    5.77     1700   704   47K    64 31.99   31.95  
c rst  luby svd  vmt  798   355 K 1587      36K   791 5.85    5.77     1700   705   48K    64 32.01   31.97  
c rst  luby svd  vmt  799   355 K 1587      36K   791 5.85    5.77     1700   705   48K    64 32.06   32.02  
c rst  luby svd  vmt  800   356 K 1587      36K   791 5.85    5.77     1700   706   48K    64 32.06   32.03  
c rst  luby svd  vmt  801   356 K 1587      36K   791 5.85    5.77     1700   706   48K    64 32.09   32.05  
c rst  luby svd  vmt  802   356 K 1587      36K   791 5.85    5.77     1700   707   48K    64 32.12   32.08  
c [distill] watch-based irred--  cl tried 7898     cl-sh 0     cl-rem 0    lit-rem 0      T: 0.00 T-out: N
c [distill] watch-based red  --  cl tried 3400     cl-sh 2     cl-rem 0    lit-rem 3      T: 0.00 T-out: N
c rst  luby svd  vmt  803   356 K 1587      36K   791 5.85    5.77     1700   707   49K    64 32.27   32.23  
c rst  luby svd  vmt  804   357 K 1587      36K   791 5.85    5.77     1700   707   49K    64 32.48   32.44  
c rst  luby svd  vmt  805   357 K 1587      36K   791 5.85    5.77     1700   710   49K    64 32.49   32.46  
c rst  luby svd  vmt  806   357 K 1587      36K   791 5.85    5.77     1700   710   50K    64 32.52   32.49  
c rst  luby svd  vmt  807   357 K 1587      36K   791 5.85    5.77     1700   710   50K    64 32.53   32.49  
c rst  luby svd  vmt  808   358 K 1587      36K   791 5.85    5.77     1700   710   50K    64 32.52   32.48  
c rst  luby svd  vmt  809   358 K 1587      36K   791 5.85    5.77     1700   710   50K    64 32.51   32.47  
c rst  luby svd  vmt  810   358 K 1587      36K   791 5.85    5.77     1700   710   50K    64 32.50   32.46  
c rst  luby svd  vmt  811   358 K 1587      36K   791 5.85    5.77     1700   713   51K    64 32.57   32.53  
c rst  luby svd  vmt  812   358 K 1587      36K   791 5.85    5.77     1700   713   51K    64 32.59   32.56  
c rst  luby svd  vmt  813   358 K 1587      36K   791 5.85    5.77     1700   715   51K    64 32.61   32.58  
c rst  luby svd  vmt  814   359 K 1587      36K   791 5.85    5.77     1700   715   51K    64 32.67   32.63  
c rst  luby svd  vmt  815   359 K 1587      36K   791 5.85    5.77     1700   715   51K    64 32.68   32.65  
c rst  luby svd  vmt  816   359 K 1587      36K   791 5.85    5.77     1700   715   51K    64 32.68   32.65  
c rst  luby svd  vmt  817   359 K 1587      36K   791 5.85    5.77     1700   715   51K    64 32.70   32.66  
c rst  luby svd  vmt  818   360 K 1587      36K   791 5.85    5.77     1700   716   52K    64 32.70   32.67  
c rst  luby svd  vmt  819   360 K 1587      36K   791 5.85    5.77     1748   581   37K    64 33.73   33.68  
c rst  luby svd  vmt  820   362 K 1587      36K   791 5.85    5.77     1748   581   39K    64 33.46   33.41  
c [distill-bin] useful: 0/791/791 lits-rem: 0 cl-rem: 0 0-depth-assigns: 0 T: 0.01 T-out: N
c rst  luby svd  vmt  821   362 K 1587      36K   791 5.85    5.77     1748   581   39K    64 33.44   33.39  
c [distill-long-red0] cls tried: 60/60 T: 0.00 T-out: N T-r: 99.92%
c [distill-long-red1] cls tried: 105/313 T: 0.01 T-out: Y T-r: -0.91%
c rst  luby svd  vmt  822   362 K 1587      36K   791 5.85    5.77     1748   581   39K    64 33.42   33.37  
c rst  luby svd  vmt  823   362 K 1587      36K   791 5.85    5.77     1748   581   39K    64 33.37   33.33  
c rst  luby svd  vmt  824   362 K 1587      36K   791 5.85    5.77     1748   581   39K    64 33.36   33.31  
c rst  luby svd  vmt  825   363 K 1587      36K   791 5.85    5.77     1748   581   40K    64 33.35   33.31  
c rst  geom best vmt  826   363 K 1587      36K   791 5.85    5.77     1748   581   40K    64 33.33   33.29  
c rst  geom best vmt  827   363 K 1587      36K   791 5.85    5.77     1748   583   40K    64 33.34   33.29  
c rst  geom best vmt  828   363 K 1587      36K   791 5.85    5.77     1748   584   40K    64 33.37   33.32  
c rst  geom best vmt  829   363 K 1587      36K   791 5.85    5.77     1748   584   40K    64 33.43   33.39  
c rst  geom best vmt  830   363 K 1587      36K   791 5.85    5.77     1748   584   40K    64 33.46   33.41  
c rst  geom best vmt  831   363 K 1587      36K   791 5.85    5.77     1748   584   40K    64 33.51   33.47  
c rst  geom best vmt  832   364 K 1587      36K   791 5.85    5.77     1748   584   41K    64 33.59   33.54  
c rst  geom best vmt  833   364 K 1587      36K   791 5.85    5.77     1748   584   41K    64 33.58   33.53  
c rst  geom best vmt  834   364 K 1587      36K   791 5.85    5.77     1748   584   41K    64 33.64   33.59  
c rst  geom best vmt  835   364 K 1587      36K   791 5.85    5.77     1748   584   41K    64 33.74   33.70  
c rst  geom best vmt  836   365 K 1587      36K   791 5.85    5.77     1748   584   42K    64 33.75   33.71  
c rst  geom best vmt  837   365 K 1587      36K   791 5.85    5.77     1748   584   42K    64 33.79   33.74  
c rst  geom best vmt  838   365 K 1587      36K   791 5.85    5.77     1748   585   42K    64 33.86   33.82  
c rst  geom best vmt  839   366 K 1587      36K   791 5.85    5.77     1748   586   43K    64 33.88   33.84  
c rst  geom best vmt  840   366 K 1587      36K   791 5.85    5.77     1748   587   43K    64 34.06   34.01  
c rst  geom best vmt  841   366 K 1587      36K   791 5.85    5.77     1748   587   43K    64 34.23   34.18  
c rst  geom best vmt  842   367 K 1587      36K   791 5.85    5.77     1749   588   44K    64 34.24   34.19  
c [full-probe]  bin_only: 0 set: 0 repl: 0 T: 0.01 T-out: N T-r: 98.02%
c rst  geom best vmt  843   367 K 1587      36K   791 5.85    5.77     1749   588   45K    64 34.34   34.30  
c rst  geom best vmt  844   368 K 1587      36K   791 5.85    5.77     1749   590   45K    64 34.45   34.41  
c rst  geom best vmt  845   369 K 1587      36K   791 5.85    5.77     1749   590   46K    64 34.34   34.29  
c rst  geom best vmt  846   369 K 1587      36K   791 5.85    5.77     1749   594   46K    64 34.45   34.41  
c rst  geom best vmt  847   370 K 1587      36K   791 5.85    5.77     1766   522   47K    64 34.46   34.42  
c rst  geom best vmt  848   371 K 1587      36K   791 5.85    5.77     1766   524   48K    64 34.51   34.47  
c rst  geom best vmt  849   372 K 1587      36K   791 5.85    5.77     1766   529   49K    64 34.61   34.57  
c rst  geom stb  vmt  850   373 K 1587      36K   791 5.85    5.77     1766   532   50K    64 34.70   34.66  
c rst  geom stb  vmt  851   374 K 1587      36K   791 5.85    5.77     1766   532   51K    64 34.53   34.50  
c rst  geom stb  vmt  852   376 K 1587      36K   791 5.85    5.77     1770   549   38K    64 34.34   34.29  
c rst  geom stb  vmt  853   377 K 1587      36K   791 5.85    5.77     1770   549   40K    64 34.15   34.10  
c rst  geom stb  vmt  854   379 K 1587      36K   791 5.85    5.77     1770   553   41K    64 34.04   33.99  
c [distill-long-red0] cls tried: 19/19 T: 0.00 T-out: N T-r: 99.96%
c [distill-long-red1] cls tried: 143/221 T: 0.01 T-out: Y T-r: -1.47%
c [gauss] XOR-encoding clauses are not detached, so no need to reattach them.
c [g 0] truth-find prop checks  : 1457K
c [g 0] -> of which prop        : 67.41 %
c [g 0] -> of which confl       :  2.42 %
c [g 0] elim called             : 48K
c [g 0] ---> which lead to prop : 71.67 %
c [g 0] ---> which lead to confl:  2.38 %
c [g 0] size: 55    x 476  
c [scc] new: 0 BP 0M T: 0.00
c [vrep] vars 0 lits 0 rem-bin-cls 0 rem-long-cls 0 BP 0M T: 0.00
c [intree] Set 0 vars hyper-added: 0 trans-irred: 0 trans-red: 0 T: 0.01 T-out: N T-r: -1.31%
c [find&init matx] performing matrix init
c [gauss] XOR-encoding clauses are not detached, so no need to reattach them.
c [xor-rem-unconnected] left with 1030 xors from 1031 non-empty xors T: 0.00
c [xor-together] xored together: 975 orig xors: 1030 new xors: 55 T: 0.00
c [xor-rem-unconnected] left with 55 xors from 55 non-empty xors T: 0.00
c [xor-clean-equiv] removed equivalent xors: 0 left with: 55
c [matrix] unused xors from cleaning: 1
c [matrix] Good   matrix 0 55      x476    density:0.1595  xorlen avg: 75.91
c [matrix] Using 1 matrices recovered from 0 xors T: 0.00 T-out: N
c rst  geom stb  vmt  855   380 K 1587      36K   791 5.85    5.77     1778   517   43K    64 33.92   33.87  
c rst  geom stb  vmt  856   382 K 1587      36K   791 5.85    5.77     1778   520   45K    64 34.12   34.08  
c [distill-bin] useful: 0/791/791 lits-rem: 0 cl-rem: 0 0-depth-assigns: 0 T: 0.01 T-out: N
c [distill] watch-based irred--  cl tried 7898     cl-sh 0     cl-rem 0    lit-rem 0      T: 0.00 T-out: N
c [distill] watch-based red  --  cl tried 3556     cl-sh 5     cl-rem 0    lit-rem 11     T: 0.00 T-out: N
c rst  geom ibes vmt  857   384 K 1587      36K   791 5.85    5.77     1778   520   47K    64 34.22   34.18  
c rst  geom ibes vmt  858   386 K 1587      36K   791 5.85    5.77     1778   530   49K    64 34.57   34.53  
c rst  geom ibes vmt  859   389 K 1587      36K   791 5.85    5.77     1778   532   52K    64 35.16   35.12  
c [full-probe]  bin_only: 1 set: 0 repl: 0 T: 0.00 T-out: N T-r: 99.80%
c rst  geom ibes vmt  860   392 K 1587      36K   791 5.85    5.77     1800   351   40K    64 34.80   34.75  
c rst  geom svd  vmt  861   395 K 1587      36K   791 5.85    5.77     1800   356   43K    64 35.10   35.05  
c [branch] adjusting to: vsid (from: vmtf) var_decay:0.95 descr: VSIDS
c [distill-long-red0] cls tried: 27/27 T: 0.00 T-out: N T-r: 99.94%
c [distill-long-red1] cls tried: 79/79 T: 0.00 T-out: N T-r: 50.07%
c rst  geom svd  vs   862   395 K 1587      36K   791 5.85    5.77     1800   356   43K    64 35.13   35.09  
c rst  geom svd  vs   863   395 K 1587      36K   791 5.85    5.77     1800   356   43K    64 35.11   35.06  
c rst  geom svd  vs   864   395 K 1587      36K   791 5.85    5.77     1800   358   43K    64 35.08   35.04  
c rst  geom svd  vs   865   395 K 1587      36K   791 5.85    5.77     1801   359   43K    64 35.08   35.03  
c rst  geom svd  vs   866   395 K 1587      36K   791 5.85    5.77     1801   359   44K    64 35.07   35.02  
c rst  geom svd  vs   867   395 K 1587      36K   791 5.85    5.77     1801   359   44K    64 35.07   35.02  
c rst  geom svd  vs   868   396 K 1587      36K   791 5.85    5.77     1801   359   44K    64 35.07   35.02  
c rst  geom svd  vs   869   396 K 1587      36K   791 5.85    5.77     1801   359   44K    64 35.03   34.99  
c rst  geom svd  vs   870   396 K 1587      36K   791 5.85    5.77     1801   359   44K    64 35.03   34.98  
c rst  geom svd  vs   871   396 K 1587      36K   791 5.85    5.77     1801   359   45K    64 35.04   35.00  
c rst  geom svd  vs   872   397 K 1587      36K   791 5.85    5.77     1801   359   45K    64 35.03   34.98  
c rst  geom svd  vs   873   397 K 1587      36K   791 5.85    5.77     1801   359   45K    64 35.04   34.99  
c rst  geom svd  vs   874   397 K 1587      36K   791 5.85    5.77     1801   359   46K    64 34.98   34.94  
c rst  geom svd  vs   875   397 K 1587      36K   791 5.85    5.77     1801   359   46K    64 34.97   34.93  
c recursive minimization cost OK: 877Kcost/(% lits removed)
c [gauss] XOR-encoding clauses are not detached, so no need to reattach them.
c [g 0] truth-find prop checks  : 407K
c [g 0] -> of which prop        : 68.03 %
c [g 0] -> of which confl       :  2.60 %
c [g 0] elim called             : 11439
c [g 0] ---> which lead to prop : 110.32 %
c [g 0] ---> which lead to confl:  3.37 %
c [g 0] size: 55    x 476  
c --> Executing strategy token: scc-vrepl
c [scc] new: 0 BP 0M T: 0.00
c --> Executing strategy token: sub-impl
c [impl-sub] bin: 0 T: 0.00 T-out: N w-visit: 3176
c --> Executing strategy token: breakid
c --> Executing OCC strategy token(s): 'occ-backw-sub-str,occ-clean-implicit,occ-bve,occ-bva,occ-ternary-res,occ-xor,'
c [occ] mem usage for occur 3      MB
c [occ] Linked in IRRED BIN by default: 791
c [occ] Linked in RED   BIN by default: 64
c [occ] mem usage for occur 0      MB
c Mem for watch alloc      : 14          MB (28.67     %)
c Mem for watch array      : 0           MB (0.15      %)
c --> Executing OCC strategy token: occ-backw-sub-str
c [occ-backw-sub-str-long-w-bins] subs: 0 str: 2 tried: 8427 0-depth ass: 0 T: 0.00 T-out: N T-r: 99.15%
c [occ-backw-sub-long-w-long] rem cl: 59 tried: 84529/84529 (100.0%) T: 0.03 T-out: N T-r: 88.65%
c [occ-backw-sub-str-long-w-long] sub: 2 str: 7 tried: 253587/84529 (300.0)  T: 0.17 T-out: N T-r: 67.47%
c --> Executing OCC strategy token: occ-clean-implicit
c --> Executing OCC strategy token: occ-bve
c [occ-empty-res] Empty resolvent elimed: 0 T: 0.00 T-out: N
c [occ-bve] iter v-elim 0
c cl_inc_rate=1.0, var_dec_rate=1.0 (grow=0)
c Reduced to 1587 vars, 36957 cls (grow=0)
c [occ-bve] iter v-elim 0
c cl_inc_rate=1.0, var_dec_rate=1.0 (grow=8)
c Reduced to 1587 vars, 36957 cls (grow=8)
c [occ-bve] iter v-elim 0
c cl_inc_rate=1.0, var_dec_rate=1.0 (grow=16)
c Reduced to 1587 vars, 36957 cls (grow=16)
c x n vars       : 1587
c #try to eliminate:  4761
c #var-elim        :     0
c #T-o: N
c #T-r: 99.98%
c #T  : 0.22
c [occur] 0.03 is overhead
c [occur] link-in T: 0.03 cleanup T: 0.00
c --> Executing OCC strategy token: occ-bva
c --> Executing OCC strategy token: occ-ternary-res
c [occ-ternary-res] Ternary res-tri: 0 res-bin: 0 sub: 0 str: 0 T: 0.00 T-out: N T-r: 99.79%
c --> Executing OCC strategy token: occ-xor
c [occ-xor] sort occur list T: 0.00
c [xor-clean-equiv] removed equivalent xors: 0 left with: 1028
c [occ-xor] found   1028 avg sz 5.9 min sz  4 max sz  6 T: 0.01 T-out: N T-r: 99.97%
c --> Executing strategy token: card-find
c --> Executing strategy token: cl-consolidate
c Not consolidating memory.
c --> Executing strategy token: scc-vrepl
c [scc] new: 0 BP 0M T: 0.00
c --> Executing strategy token: renumber
c --> Executing strategy token: bosphorus
c --> Executing strategy token: louvain-comms
c [consolidate] mini T: 0.00
c global_timeout_multiplier: 4.3923
c [branch] rebuilding order heap for all branchings. Current branching: vsid
c [find&init matx] performing matrix init
c [gauss] XOR-encoding clauses are not detached, so no need to reattach them.
c [xor-rem-unconnected] left with 1027 xors from 1028 non-empty xors T: 0.00
c [xor-together] xored together: 968 orig xors: 1027 new xors: 59 T: 0.00
c [xor-rem-unconnected] left with 59 xors from 59 non-empty xors T: 0.00
c [xor-clean-equiv] removed equivalent xors: 0 left with: 59
c [matrix] unused xors from cleaning: 1
c [matrix] Good   matrix  0     59 x  485  density:0.1457  xorlen avg: 70.66
c [matrix] Using 1 matrices recovered from 0 xors T: 0.00 T-out: N
c rst  geom  svd   vs   876  398K    1587   36K   791    5.85    5.77  1753   360   46K    64   34.96   34.91
c rst  geom  svd   vs   877  398K    1587   36K   791    5.85    5.77  1753   360   46K    64   34.93   34.89
c rst  geom  svd   vs   878  399K    1587   36K   791    5.85    5.77  1753   361   47K    64   35.05   35.01
c rst  geom  svd   vs   879  399K    1587   36K   791    5.85    5.77  1753   361   47K    64   34.95   34.91
c [ccnr] saving best assignment phase to stable_polar
c [ccnr] bumping based on var unsat frequency: conflict_ct
c [ccnr] Bumped vars: 1588 bump type: 6
c [ccnr] time: 0.28
c rst  geom  svd   vs   880  400K    1587   36K   791    5.85    5.77  1753   348   48K    64   34.81   34.76
c rst  geom  svd   vs   881  400K    1587   36K   791    5.85    5.77  1754   349   49K    64   35.02   34.97
c rst  geom  svd   vs   882  401K    1587   36K   791    5.85    5.77  1754   349   49K    64   35.15   35.11
c rst  geom best   vs   883  402K    1587   36K   791    5.85    5.77  1754   349   50K    64   35.15   35.11
c rst  geom best   vs   884  402K    1587   36K   791    5.85    5.77  1754   353   51K    64   35.09   35.05
c [distill-bin] useful: 0/791/791 lits-rem: 0 cl-rem: 0 0-depth-assigns: 0 T: 0.01 T-out: N
c rst  geom best   vs   885  403K    1587   36K   791    5.85    5.77  1754   354   52K    64   35.19   35.15
c rst  geom best   vs   886  404K    1587   36K   791    5.85    5.77  1754   355   53K    64   35.10   35.06
c [impl-str] lit bin: 0 set-var: 0 T: 0.00 T-out: N T-r: 99.95% w-visit: 3176
c [impl-sub] bin: 0 T: 0.00 T-out: N w-visit: 3176
c rst  geom best   vs   887  405K    1587   36K   791    5.85    5.77  1759   357   38K    64   34.82   34.77
c rst  geom best   vs   888  406K    1587   36K   791    5.85    5.77  1759   357   39K    64   34.91   34.86
c rst  geom best   vs   889  408K    1587   36K   791    5.85    5.77  1759   357   41K    64   35.18   35.13
c [distill] watch-based irred--  cl tried     8136 cl-sh     0 cl-rem    0 lit-rem      0 T: 0.00 T-out: N
c [distill] watch-based   red--  cl tried     3518 cl-sh     2 cl-rem    0 lit-rem      2 T: 0.00 T-out: N
c rst  geom best   vs   890  409K    1587   36K   791    5.85    5.77  1759   357   42K    64   35.03   34.98
c [full-probe]  bin_only: 0 set: 0 repl: 0 T: 0.01 T-out: N T-r: 97.26%
c rst  geom best   vs   891  411K    1587   36K   791    5.85    5.77  1768   342   44K    64   35.19   35.15
c [distill-long-red0] cls tried: 10/10 T: 0.00 T-out: N T-r: 99.97%
c [distill-long-red1] cls tried: 21/21 T: 0.00 T-out: N T-r: 79.90%
c rst  geom  stb   vs   892  412K    1587   36K   791    5.85    5.77  1768   342   45K    64   35.19   35.15
c rst  geom  stb   vs   893  414K    1587   36K   791    5.85    5.77  1768   342   47K    64   35.21   35.17
c rst  geom  stb   vs   894  416K    1587   36K   791    5.85    5.77  1768   342   49K    64   34.88   34.84
c rst  geom  stb   vs   895  418K    1587   36K   791    5.85    5.77  1768   342   52K    64   34.70   34.66
c rst  geom  stb   vs   896  421K    1587   36K   791    5.85    5.77  1775   322   39K    64   34.61   34.56
c rst  geom ibes   vs   897  424K    1587   36K   791    5.85    5.77  1775   336   42K    64   34.35   34.31
c [distill-bin] useful: 0/791/791 lits-rem: 0 cl-rem: 0 0-depth-assigns: 0 T: 0.00 T-out: N
c rst  geom ibes   vs   898  427K    1587   36K   791    5.85    5.77  1775   336   45K    64   33.89   33.85
c [distill-long-red0] cls tried: 0/0 T: 0.00 T-out: N T-r: 100.00%
c [distill-long-red1] cls tried: 25/25 T: 0.00 T-out: N T-r: 79.87%
c rst  geom ibes   vs   899  430K    1587   36K   791    5.85    5.77  1779   267   48K    64   33.44   33.40
c [full-probe]  bin_only: 1 set: 0 repl: 0 T: 0.00 T-out: N T-r: 99.76%
c rst  geom ibes   vs   900  434K    1587   36K   791    5.85    5.77  1779   268   52K    64   33.55   33.52
c [distill] watch-based irred--  cl tried     8136 cl-sh     0 cl-rem    0 lit-rem      0 T: 0.00 T-out: N
c [distill] watch-based   red--  cl tried     3558 cl-sh     1 cl-rem    0 lit-rem      1 T: 0.00 T-out: N
c rst  geom  svd   vs   901  438K    1587   36K   791    5.85    5.77  1781   284   41K    64   32.29   32.25
c [branch] adjusting to: vmtf (from: vsid) var_decay:0.95 descr: VMTF
c rst  luby  svd  vmt   902  438K    1587   36K   791    5.85    5.77  1785   319   41K    65   32.24   32.19
c rst  luby  svd  vmt   903  438K    1587   36K   791    5.85    5.77  1785   325   41K    65   32.26   32.22
c rst  luby  svd  vmt   904  438K    1587   36K   791    5.85    5.77  1785   325   41K    65   32.31   32.26
c rst  luby  svd  vmt   905  438K    1587   36K   791    5.85    5.77  1785   325   42K    65   32.34   32.29
c rst  luby  svd  vmt   906  438K    1587   36K   791    5.85    5.77  1785   325   42K    65   32.34   32.29
c rst  luby  svd  vmt   907  438K    1587   36K   791    5.85    5.77  1786   326   42K    65   32.34   32.30
c rst  luby  svd  vmt   908  439K    1587   36K   791    5.85    5.77  1786   326   42K    65   32.37   32.32
c rst  luby  svd  vmt   909  439K    1587   36K   791    5.85    5.77  1786   326   42K    65   32.39   32.35
c rst  luby  svd  vmt   910  439K    1587   36K   791    5.85    5.77  1787   326   42K    65   32.42   32.38
c rst  luby  svd  vmt   911  439K    1587   36K   791    5.85    5.77  1787   329   43K    65   32.43   32.39
c rst  luby  svd  vmt   912  439K    1587   36K   791    5.85    5.77  1787   329   43K    65   32.46   32.42
c rst  luby  svd  vmt   913  439K    1587   36K   791    5.85    5.77  1787   329   43K    65   32.51   32.46
c rst  luby  svd  vmt   914  440K    1587   36K   791    5.85    5.77  1815   279   43K    65   32.55   32.51
c rst  luby  svd  vmt   915  440K    1587   36K   791    5.85    5.77  1815   279   43K    65   32.55   32.50
c rst  luby  svd  vmt   916  441K    1587   36K   791    5.85    5.77  1815   281   44K    65   32.54   32.50
c rst  luby  svd  vmt   917  441K    1587   36K   791    5.85    5.77  1815   281   44K    65   32.56   32.51
c rst  luby  svd  vmt   918  441K    1587   36K   791    5.85    5.77  1816   281   44K    65   32.55   32.50
c rst  luby  svd  vmt   919  441K    1587   36K   791    5.85    5.77  1816   281   45K    65   32.57   32.53
c rst  luby  svd  vmt   920  441K    1587   36K   791    5.85    5.77  1816   281   45K    65   32.56   32.51
c rst  luby  svd  vmt   921  441K    1587   36K   791    5.85    5.77  1816   281   45K    65   32.56   32.52
c rst  luby  svd  vmt   922  442K    1587   36K   791    5.85    5.77  1816   281   45K    65   32.57   32.53
c rst  luby  svd  vmt   923  442K    1587   36K   791    5.85    5.77  1817   284   45K    65   32.72   32.67
c [distill-long-red0] cls tried: 31/31 T: 0.00 T-out: N T-r: 99.96%
c [distill-long-red1] cls tried: 54/54 T: 0.00 T-out: N T-r: 74.75%
c rst  luby  svd  vmt   924  442K    1587   36K   791    5.85    5.77  1817   284   46K    65   32.72   32.68
c rst  luby  svd  vmt   925  442K    1587   36K   791    5.85    5.77  1817   284   46K    65   32.73   32.69
c rst  luby  svd  vmt   926  442K    1587   36K   791    5.85    5.77  1817   284   46K    65   32.76   32.71
c rst  luby  svd  vmt   927  442K    1587   36K   791    5.85    5.77  1817   284   46K    65   32.78   32.74
c rst  luby  svd  vmt   928  443K    1587   36K   791    5.85    5.77  1817   286   46K    65   32.81   32.77
c rst  luby  svd  vmt   929  443K    1587   36K   791    5.85    5.77  1817   286   46K    65   32.83   32.79
c rst  luby  svd  vmt   930  443K    1587   36K   791    5.85    5.77  1817   286   47K    65   33.03   32.99
c [ccnr] saving best assignment phase to stable_polar
c [ccnr] bumping based on clause weights
c [ccnr] Bumped vars: 102 bump type: 6
c [ccnr] time: 0.28
c rst  geom best  vmt   931  443K    1587   36K   791    5.85    5.77  1818   286   47K    65   33.03   32.99
c rst  geom best  vmt   932  443K    1587   36K   791    5.85    5.77  1818   286   47K    65   32.99   32.95
c rst  geom best  vmt   933  444K    1587   36K   791    5.85    5.77  1818   286   47K    65   32.94   32.90
c [gauss] XOR-encoding clauses are not detached, so no need to reattach them.
c [g 0] truth-find prop checks  : 1054K
c [g 0] -> of which prop        : 66.12 %
c [g 0] -> of which confl       :  2.29 %
c [g 0] elim called             : 27K
c [g 0] ---> which lead to prop : 94.06 %
c [g 0] ---> which lead to confl:  2.21 %
c [g 0] size: 59    x 485  
c [scc] new: 0 BP 0M T: 0.00
c [vrep] vars 0 lits 0 rem-bin-cls 0 rem-long-cls 0 BP 0M T: 0.00
c [intree] Set 0 vars hyper-added: 2 trans-irred: 0 trans-red: 0 T: 0.01 T-out: N T-r: -0.52%
c [find&init matx] performing matrix init
c [gauss] XOR-encoding clauses are not detached, so no need to reattach them.
c [xor-rem-unconnected] left with 1027 xors from 1028 non-empty xors T: 0.00
c [xor-together] xored together: 968 orig xors: 1027 new xors: 59 T: 0.00
c [xor-rem-unconnected] left with 59 xors from 59 non-empty xors T: 0.00
c [xor-clean-equiv] removed equivalent xors: 0 left with: 59
c [matrix] unused xors from cleaning: 1
c [matrix] Good   matrix 0 59      x485    density:0.1457  xorlen avg: 70.66
c [matrix] Using 1 matrices recovered from 0 xors T: 0.00 T-out: N
c rst  geom best vmt  934   444 K 1587      36K   791 5.85    5.77     1818   287   47K    67 32.90   32.85  
c [distill-bin] useful: 0/791/791 lits-rem: 0 cl-rem: 0 0-depth-assigns: 0 T: 0.00 T-out: N
c rst  geom best vmt  935   444 K 1587      36K   791 5.85    5.77     1818   289   47K    67 32.84   32.80  
c rst  geom best vmt  936   444 K 1587      36K   791 5.85    5.77     1818   290   48K    67 32.79   32.75  
c rst  geom best vmt  937   444 K 1587      36K   791 5.85    5.77     1818   291   48K    67 32.75   32.71  
c rst  geom best vmt  938   444 K 1587      36K   791 5.85    5.77     1818   296   48K    67 32.70   32.66  
c [g  <0] Disabling GJ-elim in this round.  Usefulness was: 18.7173%  over 74717 calls
c rst  geom best vmt  939   445 K 1587      36K   791 5.85    5.77     1818   299   48K    67 32.66   32.62  
c rst  geom best vmt  940   445 K 1587      36K   791 5.85    5.77     1818   300   48K    67 32.58   32.54  
c rst  geom best vmt  941   445 K 1587      36K   791 5.85    5.77     1818   305   49K    67 32.63   32.59  
c rst  geom best vmt  942   446 K 1587      36K   791 5.85    5.77     1818   312   49K    67 32.54   32.50  
c rst  geom best vmt  943   446 K 1587      36K   791 5.85    5.77     1819   316   49K    67 32.49   32.45  
c rst  geom best vmt  944   446 K 1587      36K   791 5.85    5.77     1820   320   50K    67 32.39   32.35  
c rst  geom best vmt  945   447 K 1587      36K   791 5.85    5.77     1820   326   50K    67 32.31   32.27  
c rst  geom best vmt  946   447 K 1587      36K   791 5.85    5.77     1820   330   51K    67 32.33   32.29  
c rst  geom best vmt  947   448 K 1587      36K   791 5.85    5.77     1820   330   51K    67 32.15   32.11  
c rst  geom best vmt  948   448 K 1587      36K   791 5.85    5.77     1820   332   52K    67 31.97   31.94  
c rst  geom best vmt  949   449 K 1587      36K   791 5.85    5.77     1821   341   52K    67 31.82   31.79  
c rst  geom best vmt  950   449 K 1587      36K   791 5.85    5.77     1821   341   53K    67 31.62   31.58  
c rst  geom best vmt  951   450 K 1587      36K   791 5.85    5.77     2055   358   37K    67 29.45   29.40  
c [full-probe]  bin_only: 0 set: 0 repl: 0 T: 0.00 T-out: N T-r: 98.44%
c rst  geom best vmt  952   451 K 1587      36K   791 5.85    5.77     2057   367   38K    67 30.13   30.08  
c rst  geom best vmt  953   452 K 1587      36K   791 5.85    5.77     2057   378   38K    67 30.56   30.52  
c rst  geom best vmt  954   453 K 1587      36K   791 5.85    5.77     2057   407   39K    67 30.76   30.72  
c rst  geom stb  vmt  955   454 K 1587      36K   791 5.85    5.77     2060   417   40K    67 31.15   31.10  
c rst  geom stb  vmt  956   455 K 1587      36K   791 5.85    5.77     2061   442   41K    67 31.23   31.19  
c rst  geom stb  vmt  957   456 K 1587      36K   791 5.85    5.77     2061   465   43K    67 31.51   31.46  
c rst  geom stb  vmt  958   458 K 1587      36K   791 5.85    5.77     2066   488   44K    67 31.70   31.66  
c [distill-long-red0] cls tried: 80/80 T: 0.00 T-out: N T-r: 99.85%
c [distill-long-red1] cls tried: 107/300 T: 0.01 T-out: Y T-r: -0.21%
c rst  geom stb  vmt  959   459 K 1587      36K   791 5.85    5.77     2067   513   46K    67 31.81   31.77  
c [distill] watch-based irred--  cl tried 8136     cl-sh 0     cl-rem 0    lit-rem 0      T: 0.01 T-out: N
c [distill] watch-based red  --  cl tried 4134     cl-sh 33    cl-rem 0    lit-rem 63     T: 0.00 T-out: N
c rst  geom stb  vmt  960   461 K 1587      36K   791 5.85    5.77     2141   459   47K    68 31.94   31.90  
c rst  geom stb  vmt  961   463 K 1587      36K   791 5.85    5.77     2142   483   49K    68 32.27   32.23  
c rst  geom ibes vmt  962   465 K 1587      36K   791 5.85    5.77     2168   838   37K    68 33.48   33.43  
c [distill-bin] useful: 0/791/791 lits-rem: 0 cl-rem: 0 0-depth-assigns: 0 T: 0.01 T-out: N
c [impl-str] lit bin: 0 set-var: 0 T: 0.00 T-out: N T-r: 99.96% w-visit: 3176
c [impl-sub] bin: 1 T: 0.00 T-out: N w-visit: 3176
c rst  geom ibes vmt  963   467 K 1587      36K   791 5.85    5.77     2175   888   39K    67 33.50   33.45  
c rst  geom ibes vmt  964   470 K 1587      36K   791 5.85    5.77     2317   799   41K    67 33.67   33.62  
c rst  geom ibes vmt  965   472 K 1587      36K   791 5.85    5.77     2328  1080   44K    67 32.90   32.86  
c [full-probe]  bin_only: 1 set: 0 repl: 0 T: 0.00 T-out: N T-r: 99.81%
c rst  geom ibes vmt  966   475 K 1587      36K   791 5.85    5.77     2329  1123   47K    67 31.92   31.88  
c [distill-long-red0] cls tried: 276/276 T: 0.01 T-out: N T-r: 99.60%
c [distill-long-red1] cls tried: 41/874 T: 0.01 T-out: Y T-r: -1.56%
c rst  geom svd  vmt  967   479 K 1587      36K   791 5.85    5.77     2327  1124   50K    69 30.80   30.77  
c rst  geom svd  vmt  968   482 K 1587      36K   791 5.85    5.77     3083  1523   39K    69 28.76   28.72  
c rst  geom svd  vmt  969   486 K 1587      36K   791 5.85    5.77     3085  1567   43K    69 27.91   27.87  
c [distill-bin] useful: 0/791/791 lits-rem: 0 cl-rem: 0 0-depth-assigns: 0 T: 0.00 T-out: N
c [distill] watch-based irred--  cl tried 8136     cl-sh 1     cl-rem 0    lit-rem 1      T: 0.01 T-out: N
c [distill] watch-based red  --  cl tried 6167     cl-sh 215   cl-rem 4    lit-rem 456    T: 0.01 T-out: N
c rst  geom best vmt  970   491 K 1587      36K   792 5.85    5.77     3470  1924   46K    70 27.67   27.63  
c [branch] adjusting to: vsid (from: vmtf) var_decay:0.95 descr: VSIDS
c [distill-long-red0] cls tried: 1142/1142 T: 0.10 T-out: N T-r: 96.90%
c [distill-long-red1] cls tried: 34/1684 T: 0.01 T-out: Y T-r: -7.05%
c [ccnr] saving best assignment phase to stable_polar
c [ccnr] bumping based on var unsat frequency: conflict_ct
c [ccnr] Bumped vars: 1588 bump type: 6
c [ccnr] time: 0.28
c rst  geom best vs   971   491 K 1586      36K   792 5.85    5.77     3470  1926   46K    71 27.68   27.64  
c rst  geom best vs   972   491 K 1586      36K   792 5.85    5.77     3470  1929   46K    71 27.70   27.67  
c rst  geom best vs   973   491 K 1586      36K   792 5.85    5.77     3470  1929   47K    71 27.78   27.74  
c rst  geom best vs   974   491 K 1586      36K   792 5.85    5.77     3471  1929   47K    71 27.84   27.80  
c rst  geom best vs   975   491 K 1586      36K   792 5.85    5.77     3471  1933   47K    71 27.89   27.85  
c rst  geom best vs   976   491 K 1586      36K   792 5.85    5.77     3471  1935   47K    71 27.96   27.93  
c rst  geom best vs   977   492 K 1586      36K   792 5.85    5.77     3471  1940   47K    71 28.06   28.03  
c rst  geom best vs   978   492 K 1586      36K   792 5.85    5.77     3471  1941   47K    71 28.17   28.13  
c rst  geom best vs   979   492 K 1586      36K   792 5.85    5.77     3471  1947   48K    71 28.22   28.19  
c rst  geom best vs   980   492 K 1586      36K   792 5.85    5.77     3471  1951   48K    71 28.28   28.24  
c [full-probe]  bin_only: 0 set: 0 repl: 0 T: 0.01 T-out: N T-r: 97.37%
c rst  geom best vs   981   493 K 1586      36K   792 5.85    5.77     3471  1953   48K    75 28.32   28.29  
c rst  geom best vs   982   493 K 1586      36K   792 5.85    5.77     3471  1960   48K    75 28.41   28.38  
c rst  geom best vs   983   493 K 1586      36K   792 5.85    5.77     3473  1965   49K    75 28.47   28.43  
c rst  geom best vs   984   494 K 1586      36K   792 5.85    5.77     3473  1968   49K    75 28.55   28.51  
c rst  geom best vs   985   494 K 1586      36K   792 5.85    5.77     3473  1977   50K    75 28.63   28.59  
c rst  geom best vs   986   494 K 1586      36K   792 5.85    5.77     3474  1986   50K    75 28.75   28.71  
c rst  geom best vs   987   495 K 1586      36K   792 5.85    5.77     3608  3029   35K    75 26.84   26.79  
c rst  geom best vs   988   496 K 1586      36K   792 5.85    5.77     3609  3037   36K    75 26.98   26.94  
c rst  geom best vs   989   496 K 1586      36K   792 5.85    5.77     3610  3046   36K    75 27.11   27.07  
c rst  geom stb  vs   990   497 K 1586      36K   792 5.85    5.77     3611  3050   37K    75 27.48   27.44  
c rst  geom stb  vs   991   498 K 1586      36K   792 5.85    5.77     3611  3052   38K    75 27.61   27.57  
c rst  geom stb  vs   992   498 K 1586      36K   792 5.85    5.77     3611  3068   39K    75 27.68   27.64  
c rst  geom stb  vs   993   499 K 1586      36K   792 5.85    5.77     3611  3075   40K    75 27.77   27.73  
c rst  geom stb  vs   994   500 K 1586      36K   792 5.85    5.77     3732  2954   40K    75 28.04   28.00  
c rst  geom stb  vs   995   501 K 1586      36K   792 5.85    5.77     3732  2970   42K    75 28.20   28.16  
c rst  geom stb  vs   996   502 K 1586      36K   792 5.85    5.77     3732  2979   43K    75 28.44   28.40  
c rst  geom stb  vs   997   504 K 1586      36K   792 5.85    5.77     3734  2992   44K    75 28.97   28.93  
c rst  geom stb  vs   998   505 K 1586      36K   792 5.85    5.77     3736  3000   45K    75 29.29   29.25  
c rst  geom stb  vs   999   507 K 1586      36K   792 5.85    5.77     3736  3017   47K    75 29.63   29.59  
c [distill-long-red0] cls tried: 258/258 T: 0.04 T-out: N T-r: 99.03%
c [distill-long-red1] cls tried: 29/2752 T: 0.02 T-out: Y T-r: -3.40%
c [distill-bin] useful: 0/792/792 lits-rem: 0 cl-rem: 0 0-depth-assigns: 0 T: 0.01 T-out: N
c rst  geom ibes vs   1000  508 K 1586      36K   790 5.85    5.77     3736  3039   48K    75 29.98   29.94  
c rst  geom ibes vs   1001  510 K 1586      36K   790 5.85    5.77     3850  3223   37K    75 27.36   27.32  
c [gauss] XOR-encoding clauses are not detached, so no need to reattach them.
c [g 0] truth-find prop checks  : 57K
c [g 0] -> of which prop        : 18.51 %
c [g 0] -> of which confl       :  0.91 %
c [g 0] elim called             : 7867
c [g 0] ---> which lead to prop : 35.20 %
c [g 0] ---> which lead to confl:  0.93 %
c [g 0] size: 59    x 485  
c [scc] new: 2 BP 0M T: 0.00
c [vrep] vars 2 lits 17501 rem-bin-cls 11 rem-long-cls 0 BP 0M T: 0.02
c [scc] new: 0 BP 0M T: 0.00
c [vrep] vars 0 lits 0 rem-bin-cls 0 rem-long-cls 0 BP 0M T: 0.00
c [intree] Set 0 vars hyper-added: 24 trans-irred: 0 trans-red: 1 T: 0.01 T-out: N T-r: -2.19%
c [find&init matx] performing matrix init
c [gauss] XOR-encoding clauses are not detached, so no need to reattach them.
c [xor-rem-unconnected] left with 1027 xors from 1028 non-empty xors T: 0.00
c [xor-together] xored together: 966 orig xors: 1027 new xors: 61 T: 0.00
c [xor-rem-unconnected] left with 61 xors from 61 non-empty xors T: 0.00
c [xor-clean-equiv] removed equivalent xors: 0 left with: 61
c [matrix] unused xors from cleaning: 1
c [matrix] Good   matrix 0 61      x484    density:0.1411  xorlen avg: 68.30
c [matrix] Using 1 matrices recovered from 0 xors T: 0.00 T-out: N
c rst  geom ibes vs   1002  512 K 1584      36K   789 5.85    5.76     3849  3224   39K    92 27.99   27.94  
c [distill] watch-based irred--  cl tried 8132     cl-sh 0     cl-rem 0    lit-rem 0      T: 0.01 T-out: N
c [distill] watch-based red  --  cl tried 7695     cl-sh 104   cl-rem 3    lit-rem 205    T: 0.01 T-out: N
c rst  geom ibes vs   1003  514 K 1584      36K   789 5.85    5.76     3846  3227   41K    92 28.36   28.31  
c [full-probe]  bin_only: 1 set: 0 repl: 0 T: 0.01 T-out: N T-r: 99.77%
c rst  geom ibes vs   1004  517 K 1584      36K   789 5.85    5.76     3846  3229   44K    92 29.08   29.03  
c rst  geom svd  vs   1005  520 K 1584      36K   789 5.85    5.76     3865  3159   46K    92 29.67   29.62  
c rst  geom svd  vs   1006  523 K 1584      36K   789 5.85    5.76     3865  3180   49K    92 29.77   29.72  
c [distill-long-red0] cls tried: 171/171 T: 0.01 T-out: N T-r: 99.70%
c [distill-long-red1] cls tried: 30/2938 T: 0.01 T-out: Y T-r: -8.54%
c rst  geom svd  vs   1007  526 K 1584      36K   789 5.85    5.76     3866  3229   39K    92 34.30   34.23  
c [impl-str] lit bin: 0 set-var: 0 T: 0.00 T-out: N T-r: 99.96% w-visit: 3176
c [impl-sub] bin: 7 T: 0.00 T-out: N w-visit: 3176
c rst  geom svd  vs   1008  530 K 1584      36K   788 5.85    5.77     3878  3151   42K    86 34.03   33.97  
c [distill-bin] useful: 1/788/788 lits-rem: 0 cl-rem: 1 0-depth-assigns: 0 T: 0.01 T-out: N
c rst  geom best vs   1009  534 K 1584      36K   787 5.85    5.77     3878  3154   46K    86 34.16   34.11  
c rst  geom best vs   1010  538 K 1584      36K   787 5.85    5.77     3878  3154   51K    86 33.52   33.48  
c [distill-long-red0] cls tried: 12/12 T: 0.00 T-out: N T-r: 99.96%
c [distill-long-red1] cls tried: 37/2903 T: 0.01 T-out: Y T-r: -4.09%
c [full-probe]  bin_only: 0 set: 0 repl: 0 T: 0.01 T-out: N T-r: 96.75%
c [distill] watch-based irred--  cl tried 8132     cl-sh 0     cl-rem 0    lit-rem 0      T: 0.00 T-out: N
c [distill] watch-based red  --  cl tried 7756     cl-sh 5     cl-rem 0    lit-rem 8      T: 0.01 T-out: N
c [ccnr] saving best assignment phase to stable_polar
c [ccnr] bumping based on var unsat frequency: conflict_ct
c [ccnr] Bumped vars: 1588 bump type: 6
c [ccnr] time: 0.28
c rst  geom best vs   1011  543 K 1584      36K   787 5.85    5.77     3888  3058   41K    86 33.21   33.15  
c [branch] adjusting to: vmtf (from: vsid) var_decay:0.95 descr: VMTF
c rst  luby stb  vmt  1012  543 K 1584      36K   787 5.85    5.77     3890  3065   41K    86 33.19   33.13  
c rst  luby stb  vmt  1013  543 K 1584      36K   787 5.85    5.77     3890  3065   41K    86 33.18   33.12  
c rst  luby stb  vmt  1014  543 K 1584      36K   787 5.85    5.77     3890  3065   41K    86 33.20   33.15  
c rst  luby stb  vmt  1015  543 K 1584      36K   787 5.85    5.77     3890  3065   42K    86 33.25   33.20  
c rst  luby stb  vmt  1016  543 K 1584      36K   787 5.85    5.77     3890  3065   42K    86 33.27   33.22  
c rst  luby stb  vmt  1017  544 K 1584      36K   787 5.85    5.77     3890  3065   42K    86 33.31   33.25  
c rst  luby stb  vmt  1018  544 K 1584      36K   787 5.85    5.77     3890  3065   42K    86 33.37   33.31  
c rst  luby stb  vmt  1019  544 K 1584      36K   787 5.85    5.77     3890  3066   42K    86 33.38   33.33  
c rst  luby stb  vmt  1020  544 K 1584      36K   787 5.85    5.77     3890  3068   42K    86 33.43   33.37  
c rst  luby stb  vmt  1021  544 K 1584      36K   787 5.85    5.77     3890  3068   43K    86 33.54   33.49  
c rst  luby stb  vmt  1022  544 K 1584      36K   787 5.85    5.77     3890  3068   43K    86 33.57   33.52  
c rst  luby stb  vmt  1023  545 K 1584      36K   787 5.85    5.77     3890  3069   43K    86 33.59   33.54  
c rst  luby stb  vmt  1024  545 K 1584      36K   787 5.85    5.77     3890  3070   43K    86 33.66   33.61  
c rst  luby stb  vmt  1025  545 K 1584      36K   787 5.85    5.77     3890  3071   43K    86 33.74   33.69  
c rst  luby stb  vmt  1026  546 K 1584      36K   787 5.85    5.77     3890  3072   44K    86 33.81   33.76  
c rst  luby stb  vmt  1027  546 K 1584      36K   787 5.85    5.77     3890  3072   44K    86 33.85   33.80  
c rst  luby stb  vmt  1028  546 K 1584      36K   787 5.85    5.77     3890  3073   45K    86 33.89   33.84  
c rst  luby stb  vmt  1029  546 K 1584      36K   787 5.85    5.77     3890  3076   45K    86 33.96   33.90  
c rst  luby stb  vmt  1030  546 K 1584      36K   787 5.85    5.77     3890  3076   45K    86 34.02   33.97  
c rst  luby stb  vmt  1031  547 K 1584      36K   787 5.85    5.77     3890  3076   45K    86 34.03   33.98  
c rst  luby stb  vmt  1032  547 K 1584      36K   787 5.85    5.77     3890  3076   45K    86 34.03   33.97  
c rst  luby stb  vmt  1033  547 K 1584      36K   787 5.85    5.77     3890  3076   46K    86 33.98   33.93  
c rst  luby stb  vmt  1034  547 K 1584      36K   787 5.85    5.77     3890  3076   46K    86 33.99   33.93  
c rst  luby stb  vmt  1035  547 K 1584      36K   787 5.85    5.77     3890  3076   46K    86 33.99   33.93  
c rst  luby stb  vmt  1036  548 K 1584      36K   787 5.85    5.77     3890  3076   46K    86 34.02   33.97  
c rst  luby stb  vmt  1037  548 K 1584      36K   787 5.85    5.77     3890  3076   46K    86 34.02   33.96  
c rst  luby stb  vmt  1038  548 K 1584      36K   787 5.85    5.77     3890  3076   46K    86 34.01   33.96  
c rst  luby stb  vmt  1039  548 K 1584      36K   787 5.85    5.77     3890  3076   46K    86 34.06   34.01  
c rst  luby stb  vmt  1040  548 K 1584      36K   787 5.85    5.77     3890  3077   47K    86 34.09   34.04  
c rst  luby stb  vmt  1041  549 K 1584      36K   787 5.85    5.77     3890  3078   48K    86 34.21   34.16  
c rst  luby stb  vmt  1042  551 K 1584      36K   787 5.85    5.77     3919  2493   50K    86 34.22   34.17  
c [distill-bin] useful: 0/787/787 lits-rem: 0 cl-rem: 0 0-depth-assigns: 0 T: 0.01 T-out: N
c rst  luby stb  vmt  1043  551 K 1584      36K   787 5.85    5.77     3919  2493   50K    86 34.21   34.16  
c rst  luby stb  vmt  1044  551 K 1584      36K   787 5.85    5.77     3919  2493   50K    86 34.20   34.15  
c rst  luby stb  vmt  1045  551 K 1584      36K   787 5.85    5.77     3919  2494   50K    86 34.23   34.18  
c rst  luby stb  vmt  1046  551 K 1584      36K   787 5.85    5.77     3919  2494   50K    86 34.23   34.18  
c rst  luby stb  vmt  1047  551 K 1584      36K   787 5.85    5.77     3919  2494   50K    86 34.23   34.18  
c rst  luby stb  vmt  1048  552 K 1584      36K   787 5.85    5.77     3919  2497   50K    86 34.27   34.22  
c rst  luby stb  vmt  1049  552 K 1584      36K   787 5.85    5.77     3919  2498   51K    86 34.27   34.23  
c rst  luby stb  vmt  1050  552 K 1584      36K   787 5.85    5.77     3919  2498   51K    86 34.32   34.27  
c rst  luby stb  vmt  1051  552 K 1584      36K   787 5.85    5.77     3919  2498   51K    86 34.33   34.28  
c rst  luby stb  vmt  1052  552 K 1584      36K   787 5.85    5.77     3919  2498   51K    86 34.34   34.29  
c rst  luby stb  vmt  1053  553 K 1584      36K   787 5.85    5.77     3919  2498   51K    86 34.35   34.31  
c rst  luby stb  vmt  1054  553 K 1584      36K   787 5.85    5.77     3919  2498   51K    86 34.37   34.33  
c rst  luby stb  vmt  1055  553 K 1584      36K   787 5.85    5.77     3919  2499   52K    86 34.39   34.35  
c rst  luby stb  vmt  1056  553 K 1584      36K   787 5.85    5.77     3919  2503   52K    86 34.42   34.37  
c [distill-long-red0] cls tried: 45/45 T: 0.00 T-out: N T-r: 99.88%
c [distill-long-red1] cls tried: 43/2279 T: 0.02 T-out: Y T-r: -4.23%
c rst  luby stb  vmt  1057  554 K 1584      36K   787 5.85    5.77     3919  2504   53K    86 34.60   34.55  
c rst  luby ibes vmt  1058  554 K 1584      36K   787 5.85    5.77     3919  2505   53K    86 34.58   34.54  
c rst  luby ibes vmt  1059  554 K 1584      36K   787 5.85    5.77     3919  2505   53K    86 34.60   34.55  
c rst  luby ibes vmt  1060  554 K 1584      36K   787 5.85    5.77     3919  2505   53K    86 34.67   34.62  
c rst  luby ibes vmt  1061  555 K 1584      36K   787 5.85    5.77     3925  2596   37K    86 32.40   32.34  
c rst  luby ibes vmt  1062  555 K 1584      36K   787 5.85    5.77     3925  2596   37K    86 32.41   32.36  
c rst  luby ibes vmt  1063  555 K 1584      36K   787 5.85    5.77     3925  2596   38K    86 32.44   32.38  
c rst  luby ibes vmt  1064  555 K 1584      36K   787 5.85    5.77     3925  2597   38K    86 32.41   32.35  
c rst  luby ibes vmt  1065  555 K 1584      36K   787 5.85    5.77     3925  2597   38K    86 32.39   32.33  
c rst  luby ibes vmt  1066  555 K 1584      36K   787 5.85    5.77     3925  2597   38K    86 32.37   32.32  
c rst  luby ibes vmt  1067  556 K 1584      36K   787 5.85    5.77     3925  2599   38K    86 32.40   32.35  
c rst  luby ibes vmt  1068  556 K 1584      36K   787 5.85    5.77     3925  2599   39K    86 32.42   32.36  
c rst  luby ibes vmt  1069  556 K 1584      36K   787 5.85    5.77     3925  2599   39K    86 32.44   32.38  
c rst  luby ibes vmt  1070  556 K 1584      36K   787 5.85    5.77     3925  2600   39K    86 32.47   32.42  
c rst  luby ibes vmt  1071  556 K 1584      36K   787 5.85    5.77     3925  2600   39K    86 32.55   32.49  
c rst  luby ibes vmt  1072  557 K 1584      36K   787 5.85    5.77     3925  2604   40K    86 32.60   32.55  
c rst  luby ibes vmt  1073  559 K 1584      36K   787 5.85    5.77     3925  2604   42K    86 32.82   32.77  
c [full-probe]  bin_only: 1 set: 0 repl: 0 T: 0.00 T-out: N T-r: 99.81%
c rst  luby ibes vmt  1074  562 K 1584      36K   787 5.85    5.77     3998  1548   46K    86 33.22   33.17  
c rst  luby ibes vmt  1075  562 K 1584      36K   787 5.85    5.77     3998  1549   46K    86 33.22   33.17  
c rst  luby ibes vmt  1076  562 K 1584      36K   787 5.85    5.77     3998  1551   46K    86 33.24   33.19  
c rst  luby ibes vmt  1077  562 K 1584      36K   787 5.85    5.77     3998  1551   46K    86 33.25   33.19  
c rst  luby ibes vmt  1078  563 K 1584      36K   787 5.85    5.77     3998  1551   46K    86 33.26   33.21  
c rst  luby ibes vmt  1079  563 K 1584      36K   787 5.85    5.77     3998  1551   46K    86 33.26   33.21  
c rst  luby ibes vmt  1080  563 K 1584      36K   787 5.85    5.77     3998  1552   47K    86 33.26   33.21  
c rst  luby ibes vmt  1081  563 K 1584      36K   787 5.85    5.77     3998  1552   47K    86 33.34   33.29  
c [distill] watch-based irred--  cl tried 8132     cl-sh 0     cl-rem 0    lit-rem 0      T: 0.01 T-out: N
c [distill] watch-based red  --  cl tried 7996     cl-sh 15    cl-rem 0    lit-rem 31     T: 0.00 T-out: N
c rst  luby ibes vmt  1082  563 K 1584      36K   787 5.85    5.77     3998  1552   47K    86 33.33   33.27  
c rst  luby ibes vmt  1083  563 K 1584      36K   787 5.85    5.77     3998  1552   47K    86 33.33   33.28  
c rst  luby ibes vmt  1084  564 K 1584      36K   787 5.85    5.77     3998  1552   47K    86 33.37   33.32  
c rst  luby ibes vmt  1085  564 K 1584      36K   787 5.85    5.77     3998  1553   48K    86 33.39   33.34  
c rst  luby ibes vmt  1086  564 K 1584      36K   787 5.85    5.77     3998  1553   48K    86 33.43   33.38  
c rst  luby ibes vmt  1087  564 K 1584      36K   787 5.85    5.77     3998  1553   48K    86 33.43   33.38  
c rst  luby ibes vmt  1088  564 K 1584      36K   787 5.85    5.77     3999  1553   48K    86 33.52   33.47  
c rst  luby ibes vmt  1089  565 K 1584      36K   787 5.85    5.77     3999  1555   49K    86 33.57   33.52  
c rst  luby svd  vmt  1090  565 K 1584      36K   787 5.85    5.77     3999  1556   49K    86 33.58   33.53  
c rst  luby svd  vmt  1091  565 K 1584      36K   787 5.85    5.77     3999  1558   49K    86 33.59   33.54  
c rst  luby svd  vmt  1092  566 K 1584      36K   787 5.85    5.77     3999  1558   49K    86 33.63   33.58  
c rst  luby svd  vmt  1093  566 K 1584      36K   787 5.85    5.77     3999  1558   50K    86 33.65   33.60  
c rst  luby svd  vmt  1094  566 K 1584      36K   787 5.85    5.77     3999  1559   50K    86 33.65   33.60  
c rst  luby svd  vmt  1095  566 K 1584      36K   787 5.85    5.77     4000  1560   50K    86 33.69   33.64  
c rst  luby svd  vmt  1096  566 K 1584      36K   787 5.85    5.77     4000  1560   50K    86 33.64   33.59  
c rst  luby svd  vmt  1097  567 K 1584      36K   787 5.85    5.77     4000  1560   50K    86 33.64   33.59  
c rst  luby svd  vmt  1098  567 K 1584      36K   787 5.85    5.77     4000  1560   51K    86 33.63   33.58  
c rst  luby svd  vmt  1099  567 K 1584      36K   787 5.85    5.77     4000  1560   51K    86 33.61   33.56  
c rst  luby svd  vmt  1100  567 K 1584      36K   787 5.85    5.77     4000  1560   51K    86 33.60   33.55  
c rst  luby svd  vmt  1101  567 K 1584      36K   787 5.85    5.77     4000  1560   51K    86 33.59   33.54  
c rst  luby svd  vmt  1102  567 K 1584      36K   787 5.85    5.77     4000  1560   51K    86 33.57   33.52  
c rst  luby svd  vmt  1103  568 K 1584      36K   787 5.85    5.77     4000  1560   52K    86 33.53   33.48  
c rst  luby svd  vmt  1104  569 K 1584      36K   787 5.85    5.77     4000  1560   52K    86 33.44   33.39  
c [distill-long-red0] cls tried: 80/80 T: 0.00 T-out: N T-r: 99.82%
c [distill-long-red1] cls tried: 40/1394 T: 0.02 T-out: Y T-r: -6.33%
c rst  luby svd  vmt  1105  570 K 1584      36K   787 5.85    5.77     4025   868   39K    86 32.96   32.90  
c rst  luby svd  vmt  1106  570 K 1584      36K   787 5.85    5.77     4025   868   39K    86 32.96   32.90  
c rst  luby svd  vmt  1107  570 K 1584      36K   787 5.85    5.77     4025   868   39K    86 32.95   32.89  
c rst  luby svd  vmt  1108  571 K 1584      36K   787 5.85    5.77     4025   868   39K    86 33.04   32.98  
c rst  luby svd  vmt  1109  571 K 1584      36K   787 5.85    5.77     4025   868   40K    86 33.04   32.98  
c rst  luby svd  vmt  1110  571 K 1584      36K   787 5.85    5.77     4025   868   40K    86 33.04   32.98  
c rst  luby svd  vmt  1111  571 K 1584      36K   787 5.85    5.77     4025   868   40K    86 33.04   32.99  
c [distill-bin] useful: 0/787/787 lits-rem: 0 cl-rem: 0 0-depth-assigns: 0 T: 0.01 T-out: N
c rst  luby svd  vmt  1112  571 K 1584      36K   787 5.85    5.77     4025   868   40K    86 33.16   33.10  
c rst  luby svd  vmt  1113  571 K 1584      36K   787 5.85    5.77     4025   868   40K    86 33.19   33.13  
c rst  luby svd  vmt  1114  572 K 1584      36K   787 5.85    5.77     4025   869   40K    86 33.22   33.16  
c rst  luby svd  vmt  1115  572 K 1584      36K   787 5.85    5.77     4025   869   41K    86 33.26   33.20  
c rst  luby svd  vmt  1116  572 K 1584      36K   787 5.85    5.77     4025   870   41K    86 33.29   33.23  
c rst  luby svd  vmt  1117  572 K 1584      36K   787 5.85    5.77     4025   870   41K    86 33.30   33.24  
c rst  luby svd  vmt  1118  572 K 1584      36K   787 5.85    5.77     4025   871   41K    86 33.36   33.30  
c rst  luby svd  vmt  1119  573 K 1584      36K   787 5.85    5.77     4025   872   41K    86 33.51   33.46  
c rst  luby svd  vmt  1120  573 K 1584      36K   787 5.85    5.77     4025   874   42K    86 33.49   33.44  
c rst  luby svd  vmt  1121  573 K 1584      36K   787 5.85    5.77     4025   874   42K    86 33.50   33.44  
c rst  luby svd  vmt  1122  574 K 1584      36K   787 5.85    5.77     4025   874   42K    86 33.50   33.44  
c rst  luby svd  vmt  1123  574 K 1584      36K   787 5.85    5.77     4026   876   43K    86 33.50   33.45  
c rst  luby svd  vmt  1124  574 K 1584      36K   787 5.85    5.77     4026   876   43K    86 33.50   33.44  
c rst  luby svd  vmt  1125  574 K 1584      36K   787 5.85    5.77     4026   876   43K    86 33.48   33.43  
c rst  luby svd  vmt  1126  574 K 1584      36K   787 5.85    5.77     4026   876   43K    86 33.48   33.42  
c rst  luby svd  vmt  1127  575 K 1584      36K   787 5.85    5.77     4026   876   43K    86 33.50   33.45  
c rst  luby svd  vmt  1128  575 K 1584      36K   787 5.85    5.77     4026   876   44K    86 33.52   33.47  
c rst  luby svd  vmt  1129  575 K 1584      36K   787 5.85    5.77     4026   876   44K    86 33.53   33.47  
c rst  luby svd  vmt  1130  575 K 1584      36K   787 5.85    5.77     4026   877   44K    86 33.51   33.45  
c rst  luby svd  vmt  1131  575 K 1584      36K   787 5.85    5.77     4026   877   44K    86 33.54   33.48  
c rst  luby svd  vmt  1132  575 K 1584      36K   787 5.85    5.77     4026   877   44K    86 33.53   33.47  
c [gauss] XOR-encoding clauses are not detached, so no need to reattach them.
c [g 0] truth-find prop checks  : 1657K
c [g 0] -> of which prop        : 65.48 %
c [g 0] -> of which confl       :  1.99 %
c [g 0] elim called             : 52K
c [g 0] ---> which lead to prop : 115.48 %
c [g 0] ---> which lead to confl:  3.30 %
c [g 0] size: 61    x 484  
c [scc] new: 0 BP 0M T: 0.00
c [vrep] vars 0 lits 0 rem-bin-cls 0 rem-long-cls 0 BP 0M T: 0.00
c [intree] Set 0 vars hyper-added: 0 trans-irred: 0 trans-red: 0 T: 0.01 T-out: N T-r: -1.16%
c [find&init matx] performing matrix init
c [gauss] XOR-encoding clauses are not detached, so no need to reattach them.
c [xor-rem-unconnected] left with 1027 xors from 1028 non-empty xors T: 0.00
c [xor-together] xored together: 966 orig xors: 1027 new xors: 61 T: 0.00
c [xor-rem-unconnected] left with 61 xors from 61 non-empty xors T: 0.00
c [xor-clean-equiv] removed equivalent xors: 0 left with: 61
c [matrix] unused xors from cleaning: 1
c [matrix] Good   matrix 0 61      x484    density:0.1411  xorlen avg: 68.30
c [matrix] Using 1 matrices recovered from 0 xors T: 0.00 T-out: N
c rst  luby svd  vmt  1133  575 K 1584      36K   787 5.85    5.77     4026   877   44K    86 33.59   33.54  
c rst  luby svd  vmt  1134  576 K 1584      36K   787 5.85    5.77     4026   878   45K    86 33.66   33.61  
c rst  luby svd  vmt  1135  577 K 1584      36K   787 5.85    5.77     4026   878   45K    86 33.77   33.72  
c rst  geom best vmt  1136  577 K 1584      36K   787 5.85    5.77     4026   878   46K    86 33.79   33.73  
c rst  geom best vmt  1137  577 K 1584      36K   787 5.85    5.77     4026   878   46K    86 33.79   33.74  
c rst  geom best vmt  1138  577 K 1584      36K   787 5.85    5.77     4026   879   46K    86 33.81   33.76  
c rst  geom best vmt  1139  577 K 1584      36K   787 5.85    5.77     4026   879   46K    86 33.80   33.75  
c rst  geom best vmt  1140  577 K 1584      36K   787 5.85    5.77     4026   879   46K    86 33.83   33.78  
c rst  geom best vmt  1141  577 K 1584      36K   787 5.85    5.77     4026   879   46K    86 33.84   33.79  
c rst  geom best vmt  1142  578 K 1584      36K   787 5.85    5.77     4026   880   47K    86 33.85   33.79  
c rst  geom best vmt  1143  578 K 1584      36K   787 5.85    5.77     4026   880   47K    86 33.88   33.83  
c rst  geom best vmt  1144  578 K 1584      36K   787 5.85    5.77     4026   880   47K    86 33.88   33.83  
c rst  geom best vmt  1145  578 K 1584      36K   787 5.85    5.77     4026   880   47K    86 33.94   33.89  
c rst  geom best vmt  1146  579 K 1584      36K   787 5.85    5.77     4026   881   48K    86 33.98   33.93  
c rst  geom best vmt  1147  579 K 1584      36K   787 5.85    5.77     4026   881   48K    86 33.96   33.91  
c [full-probe]  bin_only: 0 set: 0 repl: 0 T: 0.01 T-out: N T-r: 97.66%
c rst  geom best vmt  1148  579 K 1584      36K   787 5.85    5.77     4026   881   48K    86 33.94   33.89  
c rst  geom best vmt  1149  580 K 1584      36K   787 5.85    5.77     4039   646   49K    86 33.86   33.80  
c rst  geom best vmt  1150  580 K 1584      36K   787 5.85    5.77     4039   646   49K    86 33.76   33.71  
c rst  geom best vmt  1151  580 K 1584      36K   787 5.85    5.77     4039   646   50K    86 33.67   33.62  
c rst  geom best vmt  1152  581 K 1584      36K   787 5.85    5.77     4039   649   50K    86 33.59   33.54  
c rst  geom best vmt  1153  582 K 1584      36K   787 5.85    5.77     4039   651   51K    86 33.59   33.54  
c rst  geom best vmt  1154  582 K 1584      36K   787 5.85    5.77     4039   653   51K    86 33.60   33.55  
c [ccnr] saving best assignment phase to stable_polar
c [ccnr] bumping based on clause weights
c [ccnr] Bumped vars: 105 bump type: 6
c [ccnr] time: 0.30
c rst  geom best vmt  1155  583 K 1584      36K   787 5.85    5.77     4039   654   52K    86 33.48   33.43  
c rst  geom best vmt  1156  583 K 1584      36K   787 5.85    5.77     4041   660   53K    86 33.33   33.29  
c rst  geom best vmt  1157  584 K 1584      36K   787 5.85    5.77     4041   671   53K    86 33.12   33.08  
c [distill-long-red0] cls tried: 39/39 T: 0.00 T-out: N T-r: 99.93%
c [distill-long-red1] cls tried: 65/581 T: 0.01 T-out: Y T-r: -2.74%
c rst  geom best vmt  1158  585 K 1584      36K   787 5.85    5.77     4072   748   37K    86 31.22   31.16  
c rst  geom best vmt  1159  586 K 1584      36K   787 5.85    5.77     4072   751   38K    86 30.84   30.78  
c [impl-str] lit bin: 0 set-var: 0 T: 0.00 T-out: N T-r: 99.96% w-visit: 3176
c [impl-sub] bin: 0 T: 0.00 T-out: N w-visit: 3176
c rst  geom best vmt  1160  587 K 1584      36K   787 5.85    5.77     4072   751   39K    86 30.42   30.37  
c rst  geom best vmt  1161  588 K 1584      36K   787 5.85    5.77     4072   760   40K    86 30.18   30.13  
c [distill] watch-based irred--  cl tried 8132     cl-sh 0     cl-rem 0    lit-rem 0      T: 0.01 T-out: N
c [distill] watch-based red  --  cl tried 8144     cl-sh 5     cl-rem 0    lit-rem 11     T: 0.00 T-out: N
c rst  geom stb  vmt  1162  590 K 1584      36K   787 5.85    5.77     4132   655   42K    86 29.88   29.83  
c rst  geom stb  vmt  1163  591 K 1584      36K   787 5.85    5.77     4132   665   43K    86 29.52   29.47  
c [distill-bin] useful: 0/787/787 lits-rem: 0 cl-rem: 0 0-depth-assigns: 0 T: 0.00 T-out: N
c rst  geom stb  vmt  1164  593 K 1584      36K   787 5.85    5.77     4133   673   45K    86 29.20   29.15  
c rst  geom stb  vmt  1165  594 K 1584      36K   787 5.85    5.77     4133   700   46K    86 28.78   28.74  
c rst  geom stb  vmt  1166  596 K 1584      36K   787 5.85    5.77     4136   714   48K    86 28.31   28.27  
c rst  geom stb  vmt  1167  598 K 1584      36K   787 5.85    5.77     4136   740   50K    86 28.58   28.54  
c rst  geom stb  vmt  1168  600 K 1584      36K   787 5.85    5.77     4260  1128   38K    86 25.68   25.64  
c [branch] adjusting to: vsid (from: vmtf) var_decay:0.95 descr: VSIDS
c [distill-long-red0] cls tried: 211/211 T: 0.02 T-out: N T-r: 99.44%
c [distill-long-red1] cls tried: 42/987 T: 0.01 T-out: Y T-r: -2.14%
c [full-probe]  bin_only: 1 set: 0 repl: 0 T: 0.00 T-out: N T-r: 99.83%
c rst  geom ibes vs   1169  601 K 1584      36K   787 5.85    5.77     4260  1128   38K    86 25.70   25.65  
c rst  geom ibes vs   1170  601 K 1584      36K   787 5.85    5.77     4260  1128   38K    86 25.76   25.71  
c rst  geom ibes vs   1171  601 K 1584      36K   787 5.85    5.77     4260  1128   38K    86 25.82   25.77  
c rst  geom ibes vs   1172  601 K 1584      36K   787 5.85    5.77     4260  1128   38K    86 25.90   25.85  
c rst  geom ibes vs   1173  601 K 1584      36K   787 5.85    5.77     4260  1129   38K    86 25.94   25.90  
c rst  geom ibes vs   1174  601 K 1584      36K   787 5.85    5.77     4260  1129   39K    86 26.03   25.99  
c rst  geom ibes vs   1175  601 K 1584      36K   787 5.85    5.77     4261  1130   39K    86 26.09   26.04  
c rst  geom ibes vs   1176  602 K 1584      36K   787 5.85    5.77     4261  1130   39K    86 26.13   26.08  
c rst  geom ibes vs   1177  602 K 1584      36K   787 5.85    5.77     4261  1130   39K    86 26.20   26.16  
c rst  geom ibes vs   1178  602 K 1584      36K   787 5.85    5.77     4261  1130   39K    86 26.28   26.23  
c rst  geom ibes vs   1179  602 K 1584      36K   787 5.85    5.77     4261  1133   40K    86 26.33   26.29  
c rst  geom ibes vs   1180  603 K 1584      36K   787 5.85    5.77     4262  1133   40K    86 26.46   26.42  
c rst  geom ibes vs   1181  603 K 1584      36K   787 5.85    5.77     4262  1133   40K    86 26.43   26.39  
c rst  geom ibes vs   1182  603 K 1584      36K   787 5.85    5.77     4262  1134   41K    86 26.52   26.47  
c rst  geom ibes vs   1183  604 K 1584      36K   787 5.85    5.77     4262  1134   41K    86 26.64   26.59  
c rst  geom ibes vs   1184  604 K 1584      36K   787 5.85    5.77     4262  1135   42K    86 26.79   26.75  
c rst  geom ibes vs   1185  605 K 1584      36K   787 5.85    5.77     4262  1136   42K    86 26.81   26.77  
c rst  geom ibes vs   1186  605 K 1584      36K   787 5.85    5.77     4262  1136   43K    86 26.86   26.82  
c rst  geom ibes vs   1187  606 K 1584      36K   787 5.85    5.77     4262  1136   43K    86 26.90   26.86  
c rst  geom ibes vs   1188  607 K 1584      36K   787 5.85    5.77     4262  1136   44K    86 26.94   26.90  
c rst  geom ibes vs   1189  607 K 1584      36K   787 5.85    5.77     4262  1136   45K    86 27.10   27.06  
c rst  geom ibes vs   1190  608 K 1584      36K   787 5.85    5.77     4262  1137   45K    86 27.24   27.19  
c rst  geom ibes vs   1191  609 K 1584      36K   787 5.85    5.77     4262  1138   46K    86 27.31   27.27  
c rst  geom ibes vs   1192  610 K 1584      36K   787 5.85    5.77     4303  1088   47K    86 27.54   27.50  
c rst  geom ibes vs   1193  611 K 1584      36K   787 5.85    5.77     4303  1088   48K    86 27.87   27.83  
c [distill-bin] useful: 0/787/787 lits-rem: 0 cl-rem: 0 0-depth-assigns: 0 T: 0.01 T-out: N
c rst  geom ibes vs   1194  612 K 1584      36K   787 5.85    5.77     4303  1089   50K    86 27.91   27.87  
c rst  geom svd  vs   1195  612 K 1584      36K   787 5.85    5.77     4303  1089   50K    86 27.91   27.87  
c recursive minimization cost OK: 1087Kcost/(% lits removed)
c [gauss] XOR-encoding clauses are not detached, so no need to reattach them.
c [g 0] truth-find prop checks  : 1556K
c [g 0] -> of which prop        : 34.60 %
c [g 0] -> of which confl       :  1.40 %
c [g 0] elim called             : 170K
c [g 0] ---> which lead to prop : 37.26 %
c [g 0] ---> which lead to confl:  1.06 %
c [g 0] size: 61    x 484  
c --> Executing strategy token: scc-vrepl
c [scc] new: 0 BP 0M T: 0.00
c --> Executing strategy token: sub-impl
c [impl-sub] bin: 0 T: 0.00 T-out: N w-visit: 3176
c --> Executing strategy token: breakid
c --> Executing OCC strategy token(s): 'occ-backw-sub-str,occ-clean-implicit,occ-bve,occ-bva,occ-ternary-res,occ-xor,'
c [occ] mem usage for occur 3      MB
c [occ] Linked in IRRED BIN by default: 787
c [occ] Linked in RED   BIN by default: 86
c [occ] mem usage for occur 0      MB
c Mem for watch alloc      : 16          MB (30.95     %)
c Mem for watch array      : 0           MB (0.14      %)
c --> Executing OCC strategy token: occ-backw-sub-str
c [occ-backw-sub-str-long-w-bins] subs: 0 str: 10 tried: 9300 0-depth ass: 0 T: 0.00 T-out: N T-r: 99.14%
c [occ-backw-sub-long-w-long] rem cl: 170 tried: 91717/91717 (100.0%) T: 0.03 T-out: N T-r: 84.26%
c [occ-backw-sub-str-long-w-long] sub: 3 str: 74 tried: 275151/91717 (300.0)  T: 0.20 T-out: N T-r: 62.01%
c --> Executing OCC strategy token: occ-clean-implicit
c --> Executing OCC strategy token: occ-bve
c [occ-empty-res] Empty resolvent elimed: 0 T: 0.00 T-out: N
c [occ-bve] iter v-elim 0
c cl_inc_rate=1.0, var_dec_rate=1.0 (grow=0)
c Reduced to 1584 vars, 36839 cls (grow=0)
c [occ-bve] iter v-elim 0
c cl_inc_rate=1.0, var_dec_rate=1.0 (grow=8)
c Reduced to 1584 vars, 36839 cls (grow=8)
c [occ-bve] iter v-elim 0
c cl_inc_rate=1.0, var_dec_rate=1.0 (grow=16)
c Reduced to 1584 vars, 36839 cls (grow=16)
c x n vars       : 1584
c #try to eliminate:  4752
c #var-elim        :     0
c #T-o: N
c #T-r: 99.98%
c #T  : 0.29
c [occur] 0.03 is overhead
c [occur] link-in T: 0.03 cleanup T: 0.00
c --> Executing OCC strategy token: occ-bva
c --> Executing OCC strategy token: occ-ternary-res
c [occ-ternary-res] Ternary res-tri: 0 res-bin: 0 sub: 0 str: 0 T: 0.00 T-out: N T-r: 99.79%
c --> Executing OCC strategy token: occ-xor
c [occ-xor] sort occur list T: 0.00
c [xor-clean-equiv] removed equivalent xors: 0 left with: 1019
c [occ-xor] found   1019 avg sz 5.9 min sz  4 max sz  6 T: 0.01 T-out: N T-r: 99.97%
c --> Executing strategy token: card-find
c --> Executing strategy token: cl-consolidate
c Not consolidating memory.
c --> Executing strategy token: scc-vrepl
c [scc] new: 0 BP 0M T: 0.00
c --> Executing strategy token: renumber
c --> Executing strategy token: bosphorus
c --> Executing strategy token: louvain-comms
c [consolidate] mini T: 0.00
c global_timeout_multiplier: 4.8315
c [branch] rebuilding order heap for all branchings. Current branching: vsid
c [find&init matx] performing matrix init
c [gauss] XOR-encoding clauses are not detached, so no need to reattach them.
c [xor-rem-unconnected] left with 1018 xors from 1019 non-empty xors T: 0.00
c [xor-together] xored together: 953 orig xors: 1018 new xors: 65 T: 0.00
c [xor-rem-unconnected] left with 65 xors from 65 non-empty xors T: 0.00
c [xor-clean-equiv] removed equivalent xors: 0 left with: 65
c [matrix] unused xors from cleaning: 1
c [matrix] Good   matrix  0     65 x  493  density:0.1292  xorlen avg: 63.69
c [matrix] Using 1 matrices recovered from 0 xors T: 0.00 T-out: N
c rst  geom  svd   vs  1196  613K    1584   36K   787    5.85    5.77  4141  1181   51K    86   28.19   28.15
c [distill] watch-based irred--  cl tried     8660 cl-sh     0 cl-rem    0 lit-rem      0 T: 0.01 T-out: N
c [distill] watch-based   red--  cl tried     8282 cl-sh     2 cl-rem    0 lit-rem      4 T: 0.01 T-out: N
c rst  geom  svd   vs  1197  615K    1584   36K   787    5.85    5.77  4141  1220   38K    86   26.01   25.96
c rst  geom  svd   vs  1198  616K    1584   36K   787    5.85    5.77  4141  1223   39K    86   26.73   26.68
c [distill-long-red0] cls tried: 52/52 T: 0.00 T-out: N T-r: 99.84%
c [distill-long-red1] cls tried: 56/1042 T: 0.01 T-out: Y T-r: -3.25%
c rst  geom  svd   vs  1199  618K    1584   36K   787    5.85    5.77  4141  1225   41K    86   27.40   27.35
c rst  geom  svd   vs  1200  620K    1584   36K   787    5.85    5.77  4157  1177   43K    86   27.98   27.93
c rst  geom  svd   vs  1201  622K    1584   36K   787    5.85    5.77  4158  1180   45K    86   28.55   28.50
c [full-probe]  bin_only: 0 set: 0 repl: 0 T: 0.01 T-out: N T-r: 97.62%
c rst  geom  svd   vs  1202  624K    1584   36K   787    5.85    5.77  4158  1190   47K    86   29.53   29.48
c rst  geom best   vs  1203  627K    1584   36K   787    5.85    5.77  4158  1193   49K    86   29.38   29.34
c [ccnr] saving best assignment phase to stable_polar
c [ccnr] bumping based on var unsat frequency: conflict_ct
c [ccnr] Bumped vars: 1588 bump type: 6
c [ccnr] time: 0.29
c rst  geom best   vs  1204  629K    1584   36K   787    5.85    5.77  4159  1200   52K    86   29.62   29.58
c rst  geom best   vs  1205  632K    1584   36K   787    5.85    5.77  4175  1170   40K    86   32.46   32.41
c [distill-long-red0] cls tried: 34/34 T: 0.00 T-out: N T-r: 99.93%
c [distill-long-red1] cls tried: 76/983 T: 0.01 T-out: Y T-r: -0.55%
c [distill-bin] useful: 0/787/787 lits-rem: 0 cl-rem: 0 0-depth-assigns: 0 T: 0.00 T-out: N
c rst  geom best   vs  1206  636K    1584   36K   787    5.85    5.77  4175  1176   43K    86   32.80   32.75
c rst  geom  stb   vs  1207  639K    1584   36K   787    5.85    5.77  4176  1186   47K    86   33.03   32.98
c [distill] watch-based irred--  cl tried     8660 cl-sh     0 cl-rem    0 lit-rem      0 T: 0.00 T-out: N
c [distill] watch-based   red--  cl tried     8352 cl-sh     5 cl-rem    0 lit-rem      8 T: 0.01 T-out: N
c rst  geom  stb   vs  1208  643K    1584   36K   787    5.85    5.77  4191  1153   51K    86   33.51   33.46
c [full-probe]  bin_only: 1 set: 0 repl: 0 T: 0.01 T-out: N T-r: 99.78%
c [gauss] XOR-encoding clauses are not detached, so no need to reattach them.
c [g 0] truth-find prop checks  : 925K
c [g 0] -> of which prop        : 62.39 %
c [g 0] -> of which confl       :  1.87 %
c [g 0] elim called             : 37K
c [g 0] ---> which lead to prop : 75.80 %
c [g 0] ---> which lead to confl:  3.70 %
c [g 0] size: 65    x 493  
c [scc] new: 0 BP 0M T: 0.00
c [vrep] vars 0 lits 0 rem-bin-cls 0 rem-long-cls 0 BP 0M T: 0.01
c [intree] Set 0 vars hyper-added: 2 trans-irred: 0 trans-red: 0 T: 0.01 T-out: N T-r: -0.20%
c [find&init matx] performing matrix init
c [gauss] XOR-encoding clauses are not detached, so no need to reattach them.
c [xor-rem-unconnected] left with 1018 xors from 1019 non-empty xors T: 0.00
c [xor-together] xored together: 953 orig xors: 1018 new xors: 65 T: 0.00
c [xor-rem-unconnected] left with 65 xors from 65 non-empty xors T: 0.00
c [xor-clean-equiv] removed equivalent xors: 0 left with: 65
c [matrix] unused xors from cleaning: 1
c [matrix] Good   matrix 0 65      x493    density:0.1292  xorlen avg: 63.69
c [matrix] Using 1 matrices recovered from 0 xors T: 0.00 T-out: N
c rst  geom stb  vs   1209  648 K 1584      36K   787 5.85    5.77     4193  1234   41K    88 35.13   35.07  
c [distill-long-red0] cls tried: 23/23 T: 0.00 T-out: N T-r: 99.95%
c [distill-long-red1] cls tried: 102/975 T: 0.01 T-out: Y T-r: -1.66%
c [impl-str] lit bin: 0 set-var: 0 T: 0.00 T-out: N T-r: 99.96% w-visit: 3176
c [impl-sub] bin: 0 T: 0.00 T-out: N w-visit: 3176
c rst  geom ibes vs   1210  653 K 1584      36K   787 5.85    5.77     4228  1183   46K    88 34.62   34.56  
c [distill-bin] useful: 0/787/787 lits-rem: 0 cl-rem: 0 0-depth-assigns: 0 T: 0.01 T-out: N
c rst  geom ibes vs   1211  658 K 1584      36K   787 5.85    5.77     4228  1187   51K    88 34.88   34.83  
c rst  geom ibes vs   1212  664 K 1584      36K   787 5.85    5.77     4257  1132   42K    88 33.13   33.08  
c [distill-long-red0] cls tried: 61/61 T: 0.00 T-out: N T-r: 99.89%
c [distill-long-red1] cls tried: 121/814 T: 0.01 T-out: Y T-r: -1.71%
c [full-probe]  bin_only: 0 set: 0 repl: 0 T: 0.00 T-out: N T-r: 98.37%
c rst  geom svd  vs   1213  670 K 1584      36K   787 5.85    5.77     4268   752   49K    88 34.61   34.56  
c [branch] adjusting to: vmtf (from: vsid) var_decay:0.95 descr: VMTF
c [distill] watch-based irred--  cl tried 8660     cl-sh 0     cl-rem 0    lit-rem 0      T: 0.01 T-out: N
c [distill] watch-based red  --  cl tried 8536     cl-sh 8     cl-rem 0    lit-rem 17     T: 0.00 T-out: N
c rst  luby svd  vmt  1214  670 K 1584      36K   787 5.85    5.77     4269   762   49K    88 34.59   34.53  
c rst  luby svd  vmt  1215  670 K 1584      36K   787 5.85    5.77     4269   764   49K    88 34.61   34.56  
c rst  luby svd  vmt  1216  671 K 1584      36K   787 5.85    5.77     4269   764   49K    88 34.57   34.52  
c rst  luby svd  vmt  1217  671 K 1584      36K   787 5.85    5.77     4269   764   49K    88 34.57   34.51  
c rst  luby svd  vmt  1218  671 K 1584      36K   787 5.85    5.77     4269   764   50K    88 34.56   34.51  
c [ccnr] saving best assignment phase to stable_polar
c [ccnr] bumping based on var unsat frequency: conflict_ct
c [ccnr] Bumped vars: 1588 bump type: 6
c [ccnr] time: 0.29
c rst  luby svd  vmt  1219  671 K 1584      36K   787 5.85    5.77     4271   776   50K    88 34.63   34.58  
c rst  luby svd  vmt  1220  671 K 1584      36K   787 5.85    5.77     4271   777   50K    88 34.72   34.67  
c rst  luby svd  vmt  1221  671 K 1584      36K   787 5.85    5.77     4271   777   50K    88 34.72   34.66  
c rst  luby svd  vmt  1222  672 K 1584      36K   787 5.85    5.77     4271   777   50K    88 34.71   34.66  
c rst  luby svd  vmt  1223  672 K 1584      36K   787 5.85    5.77     4271   777   51K    88 34.70   34.65  
c rst  luby svd  vmt  1224  672 K 1584      36K   787 5.85    5.77     4271   777   51K    88 34.69   34.64  
c rst  luby svd  vmt  1225  672 K 1584      36K   787 5.85    5.77     4271   777   51K    88 34.67   34.62  
c rst  luby svd  vmt  1226  672 K 1584      36K   787 5.85    5.77     4271   777   51K    88 34.66   34.61  
c rst  luby svd  vmt  1227  673 K 1584      36K   787 5.85    5.77     4271   778   51K    88 34.73   34.68  
c rst  luby svd  vmt  1228  673 K 1584      36K   787 5.85    5.77     4271   782   52K    88 34.84   34.79  
c [distill-bin] useful: 0/787/787 lits-rem: 0 cl-rem: 0 0-depth-assigns: 0 T: 0.01 T-out: N
c rst  luby svd  vmt  1229  673 K 1584      36K   787 5.85    5.77     4271   782   52K    88 34.84   34.79  
c rst  luby svd  vmt  1230  674 K 1584      36K   787 5.85    5.77     4271   782   52K    88 34.85   34.80  
c rst  luby svd  vmt  1231  674 K 1584      36K   787 5.85    5.77     4271   783   53K    88 34.86   34.81  
c rst  luby svd  vmt  1232  674 K 1584      36K   787 5.85    5.77     4271   783   53K    88 34.86   34.81  
c rst  luby svd  vmt  1233  674 K 1584      36K   787 5.85    5.77     4271   783   53K    88 34.87   34.82  
c rst  luby svd  vmt  1234  674 K 1584      36K   787 5.85    5.77     4271   783   53K    88 34.87   34.82  
c rst  luby svd  vmt  1235  675 K 1584      36K   787 5.85    5.77     4274   882   38K    88 34.06   34.00  
c rst  luby svd  vmt  1236  675 K 1584      36K   787 5.85    5.77     4274   885   38K    88 34.08   34.02  
c rst  luby svd  vmt  1237  675 K 1584      36K   787 5.85    5.77     4274   885   39K    88 34.08   34.02  
c rst  luby svd  vmt  1238  675 K 1584      36K   787 5.85    5.77     4274   887   39K    88 34.10   34.04  
c rst  luby svd  vmt  1239  675 K 1584      36K   787 5.85    5.77     4274   887   39K    88 34.15   34.08  
c rst  luby svd  vmt  1240  675 K 1584      36K   787 5.85    5.77     4274   887   39K    88 34.15   34.09  
c rst  luby svd  vmt  1241  675 K 1584      36K   787 5.85    5.77     4274   890   39K    88 34.16   34.09  
c rst  luby svd  vmt  1242  676 K 1584      36K   787 5.85    5.77     4274   891   40K    88 34.28   34.22  
c rst  geom best vmt  1243  676 K 1584      36K   787 5.85    5.77     4274   891   40K    88 34.29   34.23  
c rst  geom best vmt  1244  676 K 1584      36K   787 5.85    5.77     4274   891   40K    88 34.28   34.22  
c rst  geom best vmt  1245  676 K 1584      36K   787 5.85    5.77     4274   891   40K    88 34.31   34.25  
c rst  geom best vmt  1246  676 K 1584      36K   787 5.85    5.77     4274   892   40K    88 34.31   34.25  
c rst  geom best vmt  1247  676 K 1584      36K   787 5.85    5.77     4274   893   40K    88 34.37   34.30  
c rst  geom best vmt  1248  677 K 1584      36K   787 5.85    5.77     4274   893   40K    88 34.35   34.29  
c rst  geom best vmt  1249  677 K 1584      36K   787 5.85    5.77     4274   893   41K    88 34.36   34.30  
c rst  geom best vmt  1250  677 K 1584      36K   787 5.85    5.77     4274   893   41K    88 34.33   34.27  
c rst  geom best vmt  1251  677 K 1584      36K   787 5.85    5.77     4274   893   41K    88 34.27   34.21  
c rst  geom best vmt  1252  678 K 1584      36K   787 5.85    5.77     4274   897   41K    88 34.19   34.13  
c rst  geom best vmt  1253  678 K 1584      36K   787 5.85    5.77     4274   897   42K    88 34.15   34.09  
c rst  geom best vmt  1254  678 K 1584      36K   787 5.85    5.77     4274   897   42K    88 34.09   34.03  
c rst  geom best vmt  1255  678 K 1584      36K   787 5.85    5.77     4274   897   42K    88 34.11   34.05  
c rst  geom best vmt  1256  679 K 1584      36K   787 5.85    5.77     4274   900   43K    88 34.13   34.08  
c [distill-long-red0] cls tried: 23/23 T: 0.00 T-out: N T-r: 99.96%
c [distill-long-red1] cls tried: 99/596 T: 0.01 T-out: Y T-r: -0.20%
c rst  geom best vmt  1257  679 K 1584      36K   787 5.85    5.77     4274   900   43K    88 34.13   34.07  
c rst  geom best vmt  1258  680 K 1584      36K   787 5.85    5.77     4299   658   44K    88 34.06   34.00  
c rst  geom best vmt  1259  680 K 1584      36K   787 5.85    5.77     4299   660   44K    88 34.12   34.06  
c rst  geom best vmt  1260  681 K 1584      36K   787 5.85    5.77     4299   660   45K    88 34.04   33.98  
c rst  geom best vmt  1261  681 K 1584      36K   787 5.85    5.77     4299   662   45K    88 34.01   33.96  
c rst  geom best vmt  1262  682 K 1584      36K   787 5.85    5.77     4299   664   46K    88 34.10   34.04  
c rst  geom best vmt  1263  683 K 1584      36K   787 5.85    5.77     4299   665   47K    88 34.15   34.09  
c rst  geom best vmt  1264  684 K 1584      36K   787 5.85    5.77     4299   667   47K    88 34.27   34.22  
c rst  geom best vmt  1265  684 K 1584      36K   787 5.85    5.77     4299   668   48K    88 34.25   34.20  
c [full-probe]  bin_only: 1 set: 0 repl: 0 T: 0.00 T-out: N T-r: 99.83%
c rst  geom best vmt  1266  685 K 1584      36K   787 5.85    5.77     4299   669   49K    88 34.23   34.17  
c rst  geom best vmt  1267  686 K 1584      36K   787 5.85    5.77     4299   669   50K    88 34.45   34.39  
c rst  geom best vmt  1268  688 K 1584      36K   787 5.85    5.77     4301   679   51K    88 34.32   34.27  
c rst  geom best vmt  1269  689 K 1584      36K   787 5.85    5.77     4301   683   53K    88 34.50   34.45  
c rst  geom stb  vmt  1270  690 K 1584      36K   787 5.85    5.77     4320   681   39K    88 33.81   33.75  
c rst  geom stb  vmt  1271  692 K 1584      36K   787 5.85    5.77     4320   682   40K    88 34.12   34.06  
c rst  geom stb  vmt  1272  693 K 1584      36K   787 5.85    5.77     4320   692   42K    88 34.50   34.44  
c [distill-bin] useful: 0/787/787 lits-rem: 0 cl-rem: 0 0-depth-assigns: 0 T: 0.01 T-out: N
c rst  geom stb  vmt  1273  695 K 1584      36K   787 5.85    5.77     4320   699   44K    88 34.76   34.70  
c [distill-long-red0] cls tried: 42/42 T: 0.00 T-out: N T-r: 99.94%
c [distill-long-red1] cls tried: 86/403 T: 0.01 T-out: Y T-r: -0.77%
c [distill] watch-based irred--  cl tried 8660     cl-sh 0     cl-rem 0    lit-rem 0      T: 0.01 T-out: N
c [distill] watch-based red  --  cl tried 8640     cl-sh 3     cl-rem 0    lit-rem 6      T: 0.00 T-out: N
c rst  geom stb  vmt  1274  697 K 1584      36K   787 5.85    5.77     4322   707   46K    88 34.59   34.54  
c rst  geom stb  vmt  1275  700 K 1584      36K   787 5.85    5.77     4344   649   48K    88 34.32   34.27  
c rst  geom stb  vmt  1276  702 K 1584      36K   787 5.85    5.77     4344   649   51K    88 34.09   34.04  
c rst  geom ibes vmt  1277  705 K 1584      36K   787 5.85    5.77     4344   675   38K    88 32.62   32.56  
c [full-probe]  bin_only: 0 set: 0 repl: 0 T: 0.01 T-out: N T-r: 98.11%
c rst  geom ibes vmt  1278  708 K 1584      36K   787 5.85    5.77     4344   680   41K    88 32.92   32.87  
c [impl-str] lit bin: 0 set-var: 0 T: 0.00 T-out: N T-r: 99.96% w-visit: 3176
c [impl-sub] bin: 0 T: 0.00 T-out: N w-visit: 3176
c rst  geom ibes vmt  1279  711 K 1584      36K   787 5.85    5.77     4357   650   45K    88 32.86   32.81  
c [distill-long-red0] cls tried: 34/34 T: 0.00 T-out: N T-r: 99.93%
c [distill-long-red1] cls tried: 88/305 T: 0.01 T-out: Y T-r: -1.19%
c [gauss] XOR-encoding clauses are not detached, so no need to reattach them.
c [g 0] truth-find prop checks  : 2089K
c [g 0] -> of which prop        : 60.80 %
c [g 0] -> of which confl       :  1.63 %
c [g 0] elim called             : 94K
c [g 0] ---> which lead to prop : 91.31 %
c [g 0] ---> which lead to confl:  3.64 %
c [g 0] size: 65    x 493  
c [scc] new: 0 BP 0M T: 0.00
c [vrep] vars 0 lits 0 rem-bin-cls 0 rem-long-cls 0 BP 0M T: 0.00
c [intree] Set 0 vars hyper-added: 0 trans-irred: 0 trans-red: 0 T: 0.01 T-out: N T-r: -1.18%
c [find&init matx] performing matrix init
c [gauss] XOR-encoding clauses are not detached, so no need to reattach them.
c [xor-rem-unconnected] left with 1018 xors from 1019 non-empty xors T: 0.00
c [xor-together] xored together: 953 orig xors: 1018 new xors: 65 T: 0.00
c [xor-rem-unconnected] left with 65 xors from 65 non-empty xors T: 0.00
c [xor-clean-equiv] removed equivalent xors: 0 left with: 65
c [matrix] unused xors from cleaning: 1
c [matrix] Good   matrix 0 65      x493    density:0.1292  xorlen avg: 63.69
c [matrix] Using 1 matrices recovered from 0 xors T: 0.00 T-out: N
c rst  geom ibes vmt  1280  715 K 1584      36K   787 5.85    5.77     4357   651   48K    88 33.08   33.03  
c [distill-bin] useful: 0/787/787 lits-rem: 0 cl-rem: 0 0-depth-assigns: 0 T: 0.01 T-out: N
c [ccnr] saving best assignment phase to stable_polar
c [ccnr] bumping based on clause weights
c [ccnr] Bumped vars: 102 bump type: 6
c [ccnr] time: 0.29
c rst  geom svd  vmt  1281  719 K 1584      36K   787 5.85    5.77     4362   833   52K    88 31.93   31.88  
c rst  geom svd  vmt  1282  723 K 1584      36K   787 5.85    5.77     4517  1236   41K    88 28.83   28.78  
c [distill] watch-based irred--  cl tried 8660     cl-sh 0     cl-rem 0    lit-rem 0      T: 0.00 T-out: N
c [distill] watch-based red  --  cl tried 9034     cl-sh 5     cl-rem 0    lit-rem 5      T: 0.00 T-out: N
c rst  geom svd  vmt  1283  728 K 1584      36K   787 5.85    5.77     4521  1300   46K    88 27.79   27.74  
c [distill-long-red0] cls tried: 156/156 T: 0.01 T-out: N T-r: 99.72%
c [distill-long-red1] cls tried: 27/890 T: 0.02 T-out: Y T-r: -0.92%
c [full-probe]  bin_only: 1 set: 0 repl: 0 T: 0.00 T-out: N T-r: 99.83%
c rst  geom best vmt  1284  733 K 1584      36K   787 5.85    5.77     4619  1203   51K    88 27.16   27.12  
c rst  geom best vmt  1285  739 K 1584      36K   787 5.85    5.77     4648  1713   42K    88 22.53   22.49  
c [branch] adjusting to: vsid (from: vmtf) var_decay:0.95 descr: VSIDS
c [distill-bin] useful: 0/787/787 lits-rem: 0 cl-rem: 0 0-depth-assigns: 0 T: 0.00 T-out: N
c rst  geom best vs   1286  739 K 1584      36K   787 5.85    5.77     4648  1714   42K    88 22.59   22.55  
c rst  geom best vs   1287  739 K 1584      36K   787 5.85    5.77     4648  1714   42K    88 22.64   22.61  
c rst  geom best vs   1288  739 K 1584      36K   787 5.85    5.77     4648  1714   42K    88 22.67   22.63  
c rst  geom best vs   1289  740 K 1584      36K   787 5.85    5.77     4731  1567   42K    88 22.72   22.68  
c rst  geom best vs   1290  740 K 1584      36K   787 5.85    5.77     4731  1567   43K    88 22.73   22.70  
c rst  geom best vs   1291  740 K 1584      36K   787 5.85    5.77     4731  1567   43K    88 22.77   22.74  
c rst  geom best vs   1292  740 K 1584      36K   787 5.85    5.77     4731  1567   43K    88 22.77   22.73  
c rst  geom best vs   1293  740 K 1584      36K   787 5.85    5.77     4731  1567   43K    88 22.83   22.79  
c rst  geom stb  vs   1294  741 K 1584      36K   787 5.85    5.77     4731  1568   43K    88 22.91   22.87  
c rst  geom stb  vs   1295  741 K 1584      36K   787 5.85    5.77     4731  1568   44K    88 22.97   22.93  
c rst  geom stb  vs   1296  741 K 1584      36K   787 5.85    5.77     4731  1568   44K    88 23.12   23.08  
c rst  geom stb  vs   1297  741 K 1584      36K   787 5.85    5.77     4731  1568   44K    88 23.25   23.22  
c rst  geom stb  vs   1298  742 K 1584      36K   787 5.85    5.77     4731  1568   45K    88 23.33   23.30  
c rst  geom stb  vs   1299  742 K 1584      36K   787 5.85    5.77     4731  1568   45K    88 23.37   23.33  
c rst  geom stb  vs   1300  743 K 1584      36K   787 5.85    5.77     4731  1568   45K    88 23.53   23.49  
c rst  geom stb  vs   1301  743 K 1584      36K   787 5.85    5.77     4731  1568   46K    88 23.66   23.62  
c [distill-long-red0] cls tried: 200/200 T: 0.01 T-out: N T-r: 99.49%
c [distill-long-red1] cls tried: 26/1244 T: 0.02 T-out: Y T-r: -6.23%
c rst  geom stb  vs   1302  744 K 1584      36K   787 5.85    5.77     4731  1569   46K    88 23.83   23.80  
c rst  geom stb  vs   1303  744 K 1584      36K   787 5.85    5.77     4731  1569   47K    88 24.10   24.07  
c rst  geom stb  vs   1304  745 K 1584      36K   787 5.85    5.77     4731  1570   47K    88 24.27   24.23  
c rst  geom stb  vs   1305  745 K 1584      36K   787 5.85    5.77     4731  1574   48K    88 24.53   24.49  
c rst  geom stb  vs   1306  746 K 1584      36K   787 5.85    5.77     4731  1577   49K    88 24.86   24.82  
c rst  geom stb  vs   1307  747 K 1584      36K   787 5.85    5.77     4731  1578   50K    88 24.97   24.94  
c rst  geom stb  vs   1308  748 K 1584      36K   787 5.85    5.77     4731  1578   50K    88 25.24   25.21  
c rst  geom stb  vs   1309  749 K 1584      36K   787 5.85    5.77     4731  1592   51K    88 25.43   25.39  
c [full-probe]  bin_only: 0 set: 0 repl: 0 T: 0.00 T-out: N T-r: 98.03%
c [distill] watch-based irred--  cl tried 8660     cl-sh 0     cl-rem 0    lit-rem 0      T: 0.01 T-out: N
c [distill] watch-based red  --  cl tried 9462     cl-sh 2     cl-rem 0    lit-rem 7      T: 0.01 T-out: N
c rst  geom stb  vs   1310  750 K 1584      36K   787 5.85    5.77     4764  1675   36K    88 23.36   23.32  
c rst  geom stb  vs   1311  751 K 1584      36K   787 5.85    5.77     4764  1676   37K    88 24.02   23.98  
c rst  geom stb  vs   1312  752 K 1584      36K   787 5.85    5.77     4766  1678   38K    89 24.67   24.62  
c rst  geom stb  vs   1313  754 K 1584      36K   787 5.85    5.77     4766  1685   39K    89 25.31   25.27  
c rst  geom ibes vs   1314  755 K 1584      36K   787 5.85    5.77     4766  1685   41K    89 25.72   25.68  
c rst  geom ibes vs   1315  757 K 1584      36K   787 5.85    5.77     4766  1688   43K    89 26.01   25.97  
c rst  geom ibes vs   1316  759 K 1584      36K   787 5.85    5.77     4766  1688   44K    89 26.24   26.19  
c [distill-long-red0] cls tried: 33/33 T: 0.00 T-out: N T-r: 99.92%
c [distill-long-red1] cls tried: 28/1384 T: 0.02 T-out: Y T-r: -4.40%
c rst  geom ibes vs   1317  761 K 1584      36K   787 5.85    5.77     4790  1639   47K    89 26.57   26.53  
c [distill-bin] useful: 0/787/787 lits-rem: 0 cl-rem: 0 0-depth-assigns: 0 T: 0.01 T-out: N
c [ccnr] saving best assignment phase to stable_polar
c [ccnr] bumping based on var unsat frequency: conflict_ct
c [ccnr] Bumped vars: 1588 bump type: 6
c [ccnr] time: 0.28
c rst  geom ibes vs   1318  763 K 1584      36K   787 5.85    5.77     4790  1641   49K    89 26.65   26.61  
c rst  geom ibes vs   1319  765 K 1584      36K   787 5.85    5.77     4797  1681   37K    89 29.04   28.99  
c rst  geom ibes vs   1320  768 K 1584      36K   787 5.85    5.77     4798  1686   39K    89 29.18   29.13  
c [impl-str] lit bin: 0 set-var: 0 T: 0.00 T-out: N T-r: 99.96% w-visit: 3176
c [impl-sub] bin: 0 T: 0.00 T-out: N w-visit: 3176
c rst  geom svd  vs   1321  771 K 1584      36K   787 5.85    5.77     4814  1644   42K    89 29.71   29.66  
c [full-probe]  bin_only: 1 set: 0 repl: 0 T: 0.00 T-out: N T-r: 99.85%
c rst  geom svd  vs   1322  774 K 1584      36K   787 5.85    5.77     4814  1648   46K    89 30.19   30.14  
c [distill-long-red0] cls tried: 45/45 T: 0.00 T-out: N T-r: 99.93%
c [distill-long-red1] cls tried: 28/1344 T: 0.01 T-out: Y T-r: -1.72%
c [distill] watch-based irred--  cl tried 8660     cl-sh 1     cl-rem 0    lit-rem 1      T: 0.00 T-out: N
c [distill] watch-based red  --  cl tried 9624     cl-sh 2     cl-rem 6    lit-rem 4      T: 0.01 T-out: N
c rst  geom svd  vs   1323  778 K 1584      36K   788 5.85    5.77     4808  1651   49K    89 30.84   30.80  
c [gauss] XOR-encoding clauses are not detached, so no need to reattach them.
c [g 0] truth-find prop checks  : 2745K
c [g 0] -> of which prop        : 41.67 %
c [g 0] -> of which confl       :  1.40 %
c [g 0] elim called             : 219K
c [g 0] ---> which lead to prop : 42.57 %
c [g 0] ---> which lead to confl:  1.32 %
c [g 0] size: 65    x 493  
c [scc] new: 1 BP 0M T: 0.00
c [vrep] vars 1 lits 7732 rem-bin-cls 4 rem-long-cls 44 BP 0M T: 0.01
c [scc] new: 0 BP 0M T: 0.00
c [vrep] vars 0 lits 0 rem-bin-cls 0 rem-long-cls 0 BP 0M T: 0.01
c [intree] Set 0 vars hyper-added: 16 trans-irred: 0 trans-red: 0 T: 0.00 T-out: N T-r: -0.92%
c [find&init matx] performing matrix init
c [gauss] XOR-encoding clauses are not detached, so no need to reattach them.
c [xor-rem-unconnected] left with 1018 xors from 1019 non-empty xors T: 0.00
c [xor-together] xored together: 953 orig xors: 1018 new xors: 65 T: 0.00
c [xor-rem-unconnected] left with 65 xors from 65 non-empty xors T: 0.00
c [xor-clean-equiv] removed equivalent xors: 0 left with: 65
c [matrix] unused xors from cleaning: 1
c [matrix] Good   matrix 0 65      x492    density:0.1295  xorlen avg: 63.69
c [matrix] Using 1 matrices recovered from 0 xors T: 0.00 T-out: N
c rst  geom svd  vs   1324  782 K 1583      36K   786 5.85    5.77     4820  1661   40K   105 34.27   34.19  
c [distill-bin] useful: 0/786/786 lits-rem: 0 cl-rem: 0 0-depth-assigns: 0 T: 0.01 T-out: N
c rst  geom best vs   1325  786 K 1583      36K   786 5.85    5.77     4820  1668   44K   105 34.92   34.85  
c rst  geom best vs   1326  791 K 1583      36K   786 5.85    5.77     4830  1263   49K   105 35.28   35.22  
c [distill-long-red0] cls tried: 23/23 T: 0.00 T-out: N T-r: 99.96%
c [distill-long-red1] cls tried: 75/994 T: 0.01 T-out: Y T-r: -0.90%
c [full-probe]  bin_only: 0 set: 0 repl: 0 T: 0.01 T-out: N T-r: 97.96%
c rst  geom best vs   1327  797 K 1583      36K   786 5.85    5.77     4836  1343   40K   107 32.29   32.22  
c rst  geom stb  vs   1328  802 K 1583      36K   786 5.85    5.77     4848  1053   46K   107 34.08   34.01  
c [distill-bin] useful: 0/786/786 lits-rem: 0 cl-rem: 0 0-depth-assigns: 0 T: 0.01 T-out: N
c [distill] watch-based irred--  cl tried 8658     cl-sh 0     cl-rem 0    lit-rem 0      T: 0.00 T-out: N
c [distill] watch-based red  --  cl tried 9695     cl-sh 8     cl-rem 1    lit-rem 16     T: 0.01 T-out: N
c rst  geom stb  vs   1329  809 K 1583      36K   786 5.85    5.77     4847  1059   53K   107 34.09   34.03  
c [distill-long-red0] cls tried: 22/22 T: 0.00 T-out: N T-r: 99.93%
c [distill-long-red1] cls tried: 97/751 T: 0.01 T-out: Y T-r: -1.58%
c [ccnr] saving best assignment phase to stable_polar
c [ccnr] bumping based on var unsat frequency: conflict_ct
c [ccnr] Bumped vars: 1588 bump type: 6
c [ccnr] time: 0.30
c rst  geom stb  vs   1330  816 K 1583      36K   786 5.85    5.77     4858   590   45K   107 36.36   36.28  
c [full-probe]  bin_only: 1 set: 0 repl: 0 T: 0.00 T-out: N T-r: 99.81%
c rst  geom ibes vs   1331  824 K 1583      36K   786 5.85    5.77     4879   560   53K   109 38.03   37.96  
c [branch] adjusting to: vmtf (from: vsid) var_decay:0.95 descr: VMTF
c [distill-bin] useful: 0/786/786 lits-rem: 0 cl-rem: 0 0-depth-assigns: 0 T: 0.01 T-out: N
c rst  luby ibes vmt  1332  824 K 1583      36K   786 5.85    5.77     4881   568   53K   109 38.03   37.97  
c rst  luby ibes vmt  1333  824 K 1583      36K   786 5.85    5.77     4881   569   53K   109 38.04   37.97  
c [distill-long-red0] cls tried: 32/32 T: 0.00 T-out: N T-r: 99.93%
c [distill-long-red1] cls tried: 65/314 T: 0.01 T-out: Y T-r: -0.68%
c rst  luby ibes vmt  1334  824 K 1583      36K   786 5.85    5.77     4881   569   53K   109 38.00   37.94  
c rst  luby ibes vmt  1335  824 K 1583      36K   786 5.85    5.77     4881   569   53K   109 37.99   37.92  
c rst  luby ibes vmt  1336  824 K 1583      36K   786 5.85    5.77     4881   569   53K   109 37.99   37.93  
c rst  luby ibes vmt  1337  825 K 1583      36K   786 5.85    5.77     4881   569   54K   109 38.00   37.93  
c rst  luby ibes vmt  1338  825 K 1583      36K   786 5.85    5.77     4884   614   39K   109 36.82   36.73  
c rst  luby ibes vmt  1339  825 K 1583      36K   786 5.85    5.77     4884   614   39K   109 36.80   36.72  
c rst  luby ibes vmt  1340  825 K 1583      36K   786 5.85    5.77     4884   614   39K   109 36.80   36.71  
c rst  luby ibes vmt  1341  825 K 1583      36K   786 5.85    5.77     4884   614   39K   109 36.77   36.69  
c rst  luby ibes vmt  1342  825 K 1583      36K   786 5.85    5.77     4884   615   39K   109 36.74   36.66  
c rst  luby ibes vmt  1343  826 K 1583      36K   786 5.85    5.77     4884   615   39K   109 36.71   36.63  
c rst  luby ibes vmt  1344  826 K 1583      36K   786 5.85    5.77     4884   615   39K   109 36.72   36.64  
c rst  luby ibes vmt  1345  826 K 1583      36K   786 5.85    5.77     4884   616   40K   109 36.70   36.62  
c rst  luby ibes vmt  1346  827 K 1583      36K   786 5.85    5.77     4884   616   41K   109 36.67   36.59  
c rst  luby ibes vmt  1347  827 K 1583      36K   786 5.85    5.77     4884   616   41K   109 36.70   36.62  
c rst  luby ibes vmt  1348  827 K 1583      36K   786 5.85    5.77     4884   618   41K   109 36.69   36.61  
c rst  luby ibes vmt  1349  827 K 1583      36K   786 5.85    5.77     4884   619   41K   109 36.68   36.60  
c rst  luby ibes vmt  1350  827 K 1583      36K   786 5.85    5.77     4884   619   41K   109 36.67   36.59  
c rst  luby ibes vmt  1351  828 K 1583      36K   786 5.85    5.77     4884   619   41K   109 36.66   36.58  
c [distill] watch-based irred--  cl tried 8658     cl-sh 0     cl-rem 0    lit-rem 0      T: 0.00 T-out: N
c [distill] watch-based red  --  cl tried 9768     cl-sh 7     cl-rem 0    lit-rem 13     T: 0.01 T-out: N
c rst  luby ibes vmt  1352  828 K 1583      36K   786 5.85    5.77     4884   619   41K   109 36.64   36.57  
c rst  luby ibes vmt  1353  828 K 1583      36K   786 5.85    5.77     4884   619   42K   109 36.64   36.56  
c rst  luby ibes vmt  1354  828 K 1583      36K   786 5.85    5.77     4884   619   42K   109 36.63   36.55  
c [impl-str] lit bin: 0 set-var: 0 T: 0.00 T-out: N T-r: 99.96% w-visit: 3176
c [impl-sub] bin: 6 T: 0.00 T-out: N w-visit: 3176
c rst  luby ibes vmt  1355  828 K 1583      36K   786 5.85    5.77     4884   619   42K   103 36.60   36.53  
c rst  luby ibes vmt  1356  829 K 1583      36K   786 5.85    5.77     4884   619   42K   103 36.59   36.51  
c rst  luby ibes vmt  1357  829 K 1583      36K   786 5.85    5.77     4884   620   42K   103 36.56   36.49  
c rst  luby ibes vmt  1358  829 K 1583      36K   786 5.85    5.77     4884   620   42K   103 36.57   36.49  
c rst  luby ibes vmt  1359  829 K 1583      36K   786 5.85    5.77     4884   620   43K   103 36.55   36.48  
c rst  luby ibes vmt  1360  829 K 1583      36K   786 5.85    5.77     4884   620   43K   103 36.45   36.38  
c rst  luby svd  vmt  1361  830 K 1583      36K   786 5.85    5.77     4908   592   44K   103 36.40   36.33  
c rst  luby svd  vmt  1362  832 K 1583      36K   786 5.85    5.77     4908   596   45K   103 36.27   36.20  
c rst  luby svd  vmt  1363  832 K 1583      36K   786 5.85    5.77     4908   598   46K   103 36.28   36.21  
c rst  luby svd  vmt  1364  832 K 1583      36K   786 5.85    5.77     4908   598   46K   103 36.30   36.23  
c rst  luby svd  vmt  1365  832 K 1583      36K   786 5.85    5.77     4908   598   46K   103 36.35   36.28  
c rst  luby svd  vmt  1366  832 K 1583      36K   786 5.85    5.77     4908   598   46K   103 36.37   36.30  
c rst  luby svd  vmt  1367  832 K 1583      36K   786 5.85    5.77     4908   598   46K   103 36.37   36.30  
c rst  luby svd  vmt  1368  833 K 1583      36K   786 5.85    5.77     4908   598   46K   103 36.39   36.32  
c rst  luby svd  vmt  1369  833 K 1583      36K   786 5.85    5.77     4908   599   47K   103 36.47   36.40  
c rst  luby svd  vmt  1370  833 K 1583      36K   786 5.85    5.77     4908   599   47K   103 36.45   36.39  
c rst  luby svd  vmt  1371  833 K 1583      36K   786 5.85    5.77     4908   599   47K   103 36.45   36.38  
c rst  luby svd  vmt  1372  833 K 1583      36K   786 5.85    5.77     4908   599   47K   103 36.40   36.34  
c rst  luby svd  vmt  1373  833 K 1583      36K   786 5.85    5.77     4908   599   47K   103 36.38   36.31  
c rst  luby svd  vmt  1374  834 K 1583      36K   786 5.85    5.77     4908   599   47K   103 36.36   36.29  
c rst  luby svd  vmt  1375  834 K 1583      36K   786 5.85    5.77     4908   601   47K   103 36.38   36.31  
c rst  luby svd  vmt  1376  834 K 1583      36K   786 5.85    5.77     4908   601   48K   103 36.37   36.31  
c rst  luby svd  vmt  1377  835 K 1583      36K   786 5.85    5.77     4908   601   49K   103 36.50   36.43  
c rst  luby svd  vmt  1378  835 K 1583      36K   786 5.85    5.77     4908   601   49K   103 36.50   36.43  
c rst  luby svd  vmt  1379  835 K 1583      36K   786 5.85    5.77     4908   601   49K   103 36.49   36.43  
c rst  luby svd  vmt  1380  835 K 1583      36K   786 5.85    5.77     4908   601   49K   103 36.46   36.40  
c rst  luby svd  vmt  1381  835 K 1583      36K   786 5.85    5.77     4908   601   49K   103 36.47   36.40  
c rst  luby svd  vmt  1382  836 K 1583      36K   786 5.85    5.77     4908   601   49K   103 36.46   36.40  
c rst  luby svd  vmt  1383  836 K 1583      36K   786 5.85    5.77     4908   601   49K   103 36.48   36.41  
c rst  luby svd  vmt  1384  836 K 1583      36K   786 5.85    5.77     4908   601   50K   103 36.43   36.37  
c [full-probe]  bin_only: 0 set: 0 repl: 0 T: 0.01 T-out: N T-r: 97.92%
c rst  luby svd  vmt  1385  836 K 1583      36K   786 5.85    5.77     4908   601   50K   105 36.42   36.35  
c rst  luby svd  vmt  1386  836 K 1583      36K   786 5.85    5.77     4908   601   50K   105 36.40   36.34  
c rst  luby svd  vmt  1387  837 K 1583      36K   786 5.85    5.77     4908   601   50K   105 36.37   36.30  
c rst  luby svd  vmt  1388  837 K 1583      36K   786 5.85    5.77     4908   601   50K   105 36.35   36.29  
c rst  luby svd  vmt  1389  837 K 1583      36K   786 5.85    5.77     4908   601   50K   105 36.33   36.27  
c rst  luby svd  vmt  1390  837 K 1583      36K   786 5.85    5.77     4908   601   51K   105 36.29   36.23  
c rst  luby svd  vmt  1391  837 K 1583      36K   786 5.85    5.77     4908   601   51K   105 36.22   36.16  
c rst  luby svd  vmt  1392  838 K 1583      36K   786 5.85    5.77     4909   602   52K   105 36.28   36.22  
c rst  luby svd  vmt  1393  840 K 1583      36K   786 5.85    5.77     4923   593   38K   105 35.90   35.82  
c [distill-long-red0] cls tried: 44/44 T: 0.00 T-out: N T-r: 99.94%
c [distill-long-red1] cls tried: 81/300 T: 0.01 T-out: Y T-r: -1.84%
c rst  luby svd  vmt  1394  843 K 1583      36K   786 5.85    5.77     4923   595   41K   105 35.84   35.77  
c rst  geom best vmt  1395  843 K 1583      36K   786 5.85    5.77     4923   595   41K   105 35.86   35.78  
c [gauss] XOR-encoding clauses are not detached, so no need to reattach them.
c [g 0] truth-find prop checks  : 1914K
c [g 0] -> of which prop        : 64.65 %
c [g 0] -> of which confl       :  1.79 %
c [g 0] elim called             : 75K
c [g 0] ---> which lead to prop : 88.98 %
c [g 0] ---> which lead to confl:  3.75 %
c [g 0] size: 65    x 492  
c [scc] new: 1 BP 0M T: 0.00
c [vrep] vars 1 lits 3609 rem-bin-cls 6 rem-long-cls 0 BP 0M T: 0.01
c [scc] new: 0 BP 0M T: 0.00
c [vrep] vars 0 lits 0 rem-bin-cls 0 rem-long-cls 0 BP 0M T: 0.01
c [intree] Set 0 vars hyper-added: 0 trans-irred: 0 trans-red: 0 T: 0.00 T-out: N T-r: -1.02%
c [find&init matx] performing matrix init
c [gauss] XOR-encoding clauses are not detached, so no need to reattach them.
c [xor-rem-unconnected] left with 1018 xors from 1019 non-empty xors T: 0.00
c [xor-together] xored together: 953 orig xors: 1018 new xors: 65 T: 0.00
c [xor-rem-unconnected] left with 65 xors from 65 non-empty xors T: 0.00
c [xor-clean-equiv] removed equivalent xors: 0 left with: 65
c [matrix] unused xors from cleaning: 1
c [matrix] Good   matrix 0 65      x491    density:0.1297  xorlen avg: 63.69
c [matrix] Using 1 matrices recovered from 0 xors T: 0.00 T-out: N
c rst  geom best vmt  1396  843 K 1582      36K   786 5.85    5.77     4923   595   41K   101 35.88   35.81  
c rst  geom best vmt  1397  843 K 1582      36K   786 5.85    5.77     4923   595   42K   101 35.92   35.85  
c rst  geom best vmt  1398  844 K 1582      36K   786 5.85    5.77     4923   595   42K   101 35.89   35.82  
c rst  geom best vmt  1399  844 K 1582      36K   786 5.85    5.77     4923   595   42K   101 35.84   35.77  
c rst  geom best vmt  1400  844 K 1582      36K   786 5.85    5.77     4923   595   42K   101 35.88   35.81  
c [distill-bin] useful: 2/786/786 lits-rem: 0 cl-rem: 2 0-depth-assigns: 0 T: 0.00 T-out: N
c rst  geom best vmt  1401  844 K 1582      36K   784 5.85    5.77     4923   595   42K   101 35.91   35.83  
c rst  geom best vmt  1402  844 K 1582      36K   784 5.85    5.77     4923   595   42K   101 35.92   35.85  
c rst  geom best vmt  1403  845 K 1582      36K   784 5.85    5.77     4923   595   43K   101 35.96   35.89  
c rst  geom best vmt  1404  845 K 1582      36K   784 5.85    5.77     4923   595   43K   101 35.92   35.85  
c rst  geom best vmt  1405  845 K 1582      36K   784 5.85    5.77     4923   595   43K   101 35.83   35.76  
c rst  geom best vmt  1406  845 K 1582      36K   784 5.85    5.77     4923   595   43K   101 35.76   35.69  
c rst  geom best vmt  1407  846 K 1582      36K   784 5.85    5.77     4923   595   44K   101 35.78   35.72  
c rst  geom best vmt  1408  846 K 1582      36K   784 5.85    5.77     4923   596   44K   101 35.76   35.70  
c rst  geom best vmt  1409  846 K 1582      36K   784 5.85    5.77     4923   597   45K   101 35.75   35.69  
c rst  geom best vmt  1410  847 K 1582      36K   784 5.85    5.77     4923   597   45K   101 35.72   35.65  
c rst  geom best vmt  1411  847 K 1582      36K   784 5.85    5.77     4923   597   46K   101 35.69   35.63  
c rst  geom best vmt  1412  848 K 1582      36K   784 5.85    5.77     4923   603   46K   101 35.71   35.65  
c rst  geom best vmt  1413  849 K 1582      36K   784 5.85    5.77     4923   604   47K   101 35.82   35.75  
c rst  geom best vmt  1414  849 K 1582      36K   784 5.85    5.77     4923   605   47K   101 35.86   35.80  
c rst  geom best vmt  1415  850 K 1582      36K   784 5.85    5.77     4932   581   48K   101 35.75   35.69  
c rst  geom best vmt  1416  851 K 1582      36K   784 5.85    5.77     4932   581   49K   101 35.85   35.79  
c rst  geom best vmt  1417  852 K 1582      36K   784 5.85    5.77     4932   581   50K   101 35.69   35.63  
c rst  geom best vmt  1418  853 K 1582      36K   784 5.85    5.77     4932   582   51K   101 35.75   35.69  
c [distill] watch-based irred--  cl tried 8658     cl-sh 0     cl-rem 0    lit-rem 0      T: 0.01 T-out: N
c [distill] watch-based red  --  cl tried 9864     cl-sh 3     cl-rem 0    lit-rem 6      T: 0.00 T-out: N
c rst  geom best vmt  1419  854 K 1582      36K   784 5.85    5.77     4933   582   52K   101 35.71   35.65  
c [ccnr] saving best assignment phase to stable_polar
c [ccnr] bumping based on clause weights
c [ccnr] Bumped vars: 102 bump type: 6
c [ccnr] time: 0.28
c rst  geom best vmt  1420  855 K 1582      36K   784 5.85    5.77     4965   682   38K   101 33.44   33.37  
c rst  geom best vmt  1421  856 K 1582      36K   784 5.85    5.77     4965   694   39K   101 33.14   33.07  
c [distill-long-red0] cls tried: 43/43 T: 0.00 T-out: N T-r: 99.95%
c [distill-long-red1] cls tried: 137/328 T: 0.01 T-out: Y T-r: -0.23%
c rst  geom best vmt  1422  857 K 1582      36K   784 5.85    5.77     4966   700   41K   101 32.61   32.54  
c [full-probe]  bin_only: 1 set: 0 repl: 0 T: 0.00 T-out: N T-r: 99.86%
c rst  geom stb  vmt  1423  859 K 1582      36K   784 5.85    5.77     4966   714   42K   101 32.10   32.04  
c rst  geom stb  vmt  1424  861 K 1582      36K   784 5.85    5.77     5019   662   44K   101 31.64   31.58  
c rst  geom stb  vmt  1425  863 K 1582      36K   784 5.85    5.77     5021   672   46K   101 31.05   31.00  
c rst  geom stb  vmt  1426  865 K 1582      36K   784 5.85    5.77     5021   703   48K   101 30.65   30.60  
c [distill-bin] useful: 0/784/784 lits-rem: 0 cl-rem: 0 0-depth-assigns: 0 T: 0.00 T-out: N
c rst  geom stb  vmt  1427  867 K 1582      36K   784 5.85    5.77     5022   750   50K   101 30.25   30.20  
c rst  geom stb  vmt  1428  869 K 1582      36K   784 5.85    5.77     5022   785   52K   101 29.90   29.85  
c rst  geom stb  vmt  1429  872 K 1582      36K   784 5.85    5.77     5108  1056   40K   101 25.54   25.49  
c [distill-long-red0] cls tried: 125/125 T: 0.01 T-out: N T-r: 99.74%
c [distill-long-red1] cls tried: 40/619 T: 0.01 T-out: Y T-r: -3.07%
c rst  geom ibes vmt  1430  875 K 1582      36K   784 5.85    5.77     5108  1069   43K   101 24.87   24.83  
c rst  geom ibes vmt  1431  878 K 1582      36K   784 5.85    5.77     5111  1105   46K   101 24.45   24.40  
c [full-probe]  bin_only: 0 set: 0 repl: 0 T: 0.00 T-out: N T-r: 98.35%
c [distill] watch-based irred--  cl tried 8658     cl-sh 0     cl-rem 0    lit-rem 0      T: 0.01 T-out: N
c [distill] watch-based red  --  cl tried 10222    cl-sh 1     cl-rem 0    lit-rem 1      T: 0.01 T-out: N
c rst  geom ibes vmt  1432  882 K 1582      36K   784 5.85    5.77     5176  1008   50K   101 23.98   23.95  
c rst  geom ibes vmt  1433  886 K 1582      36K   784 5.85    5.77     5197  1442   39K   101 19.62   19.59  
c [distill-bin] useful: 0/784/784 lits-rem: 0 cl-rem: 0 0-depth-assigns: 0 T: 0.00 T-out: N
c rst  geom svd  vmt  1434  890 K 1582      36K   784 5.85    5.77     5269  1377   43K   101 19.63   19.59  
c [distill-long-red0] cls tried: 161/161 T: 0.02 T-out: N T-r: 99.32%
c [distill-long-red1] cls tried: 29/997 T: 0.01 T-out: Y T-r: -7.03%
c [impl-str] lit bin: 0 set-var: 0 T: 0.00 T-out: N T-r: 99.96% w-visit: 3176
c [impl-sub] bin: 0 T: 0.00 T-out: N w-visit: 3176
c rst  geom svd  vmt  1435  895 K 1582      36K   784 5.85    5.77     5270  1449   48K   101 19.55   19.52  
c rst  geom svd  vmt  1436  901 K 1582      36K   784 5.85    5.77     5439  1859   38K   101 16.66   16.63  
c [full-probe]  bin_only: 1 set: 0 repl: 0 T: 0.00 T-out: N T-r: 99.84%
c [ccnr] saving best assignment phase to stable_polar
c [ccnr] bumping based on var unsat frequency: conflict_ct
c [ccnr] Bumped vars: 1588 bump type: 6
c [ccnr] time: 0.28
c rst  geom best vmt  1437  906 K 1582      36K   784 5.85    5.77     5446  1947   44K   101 20.26   20.22  
c [branch] adjusting to: vsid (from: vmtf) var_decay:0.95 descr: VSIDS
c [distill-long-red0] cls tried: 171/171 T: 0.02 T-out: N T-r: 99.09%
c [distill-long-red1] cls tried: 23/1626 T: 0.01 T-out: Y T-r: -3.65%
c [distill-bin] useful: 0/784/784 lits-rem: 0 cl-rem: 0 0-depth-assigns: 0 T: 0.00 T-out: N
c [distill] watch-based irred--  cl tried 8658     cl-sh 0     cl-rem 0    lit-rem 0      T: 0.02 T-out: N
c [distill] watch-based red  --  cl tried 10571    cl-sh 0     cl-rem 0    lit-rem 0      T: 0.02 T-out: Y
c rst  geom best vs   1438  906 K 1582      36K   784 5.85    5.77     5447  1947   44K   101 20.29   20.26  
c rst  geom best vs   1439  907 K 1582      36K   784 5.85    5.77     5447  1947   44K   101 20.37   20.34  
c rst  geom best vs   1440  907 K 1582      36K   784 5.85    5.77     5447  1947   44K   101 20.41   20.37  
c rst  geom best vs   1441  907 K 1582      36K   784 5.85    5.77     5447  1947   44K   101 20.47   20.44  
c rst  geom best vs   1442  907 K 1582      36K   784 5.85    5.77     5447  1947   45K   101 20.48   20.44  
c rst  geom best vs   1443  907 K 1582      36K   784 5.85    5.77     5447  1948   45K   101 20.56   20.52  
c rst  geom best vs   1444  907 K 1582      36K   784 5.85    5.77     5447  1948   45K   101 20.60   20.57  
c rst  geom best vs   1445  908 K 1582      36K   784 5.85    5.77     5447  1949   45K   101 20.74   20.70  
c rst  geom best vs   1446  908 K 1582      36K   784 5.85    5.77     5447  1949   45K   101 20.81   20.78  
c rst  geom best vs   1447  908 K 1582      36K   784 5.85    5.77     5447  1949   46K   101 20.90   20.86  
c rst  geom best vs   1448  908 K 1582      36K   784 5.85    5.77     5447  1949   46K   101 20.99   20.95  
c [gauss] XOR-encoding clauses are not detached, so no need to reattach them.
c [g 0] truth-find prop checks  : 3312K
c [g 0] -> of which prop        : 28.58 %
c [g 0] -> of which confl       :  1.22 %
c [g 0] elim called             : 362K
c [g 0] ---> which lead to prop : 28.23 %
c [g 0] ---> which lead to confl:  0.63 %
c [g 0] size: 65    x 491  
c [scc] new: 0 BP 0M T: 0.00
c [vrep] vars 0 lits 0 rem-bin-cls 0 rem-long-cls 0 BP 0M T: 0.00
c [intree] Set 0 vars hyper-added: 0 trans-irred: 0 trans-red: 0 T: 0.00 T-out: N T-r: -1.15%
c [find&init matx] performing matrix init
c [gauss] XOR-encoding clauses are not detached, so no need to reattach them.
c [xor-rem-unconnected] left with 1018 xors from 1019 non-empty xors T: 0.00
c [xor-together] xored together: 953 orig xors: 1018 new xors: 65 T: 0.00
c [xor-rem-unconnected] left with 65 xors from 65 non-empty xors T: 0.00
c [xor-clean-equiv] removed equivalent xors: 0 left with: 65
c [matrix] unused xors from cleaning: 1
c [matrix] Good   matrix 0 65      x491    density:0.1297  xorlen avg: 63.69
c [matrix] Using 1 matrices recovered from 0 xors T: 0.00 T-out: N
c rst  geom best vs   1449  909 K 1582      36K   784 5.85    5.77     5447  1949   46K   101 21.10   21.06  
c rst  geom best vs   1450  909 K 1582      36K   784 5.85    5.77     5447  1949   47K   101 21.21   21.18  
c rst  geom best vs   1451  909 K 1582      36K   784 5.85    5.77     5447  1952   47K   101 21.38   21.34  
c rst  geom best vs   1452  910 K 1582      36K   784 5.85    5.77     5507  1829   47K   101 21.53   21.50  
c rst  geom best vs   1453  910 K 1582      36K   784 5.85    5.77     5508  1831   48K   101 21.68   21.64  
c rst  geom best vs   1454  911 K 1582      36K   784 5.85    5.77     5508  1832   48K   101 21.93   21.89  
c rst  geom best vs   1455  911 K 1582      36K   784 5.85    5.77     5508  1832   49K   101 22.09   22.06  
c rst  geom best vs   1456  912 K 1582      36K   784 5.85    5.77     5508  1836   50K   101 22.14   22.11  
c rst  geom best vs   1457  913 K 1582      36K   784 5.85    5.77     5508  1837   50K   101 22.27   22.23  
c rst  geom best vs   1458  913 K 1582      36K   784 5.85    5.77     5508  1837   51K   101 22.34   22.30  
c rst  geom best vs   1459  914 K 1582      36K   784 5.85    5.77     5508  1838   51K   101 22.38   22.34  
c recursive minimization cost OK: 1800Kcost/(% lits removed)
c [gauss] XOR-encoding clauses are not detached, so no need to reattach them.
c [g 0] truth-find prop checks  : 178K
c [g 0] -> of which prop        : 64.31 %
c [g 0] -> of which confl       :  1.50 %
c [g 0] elim called             : 7387
c [g 0] ---> which lead to prop : 78.27 %
c [g 0] ---> which lead to confl:  3.82 %
c [g 0] size: 65    x 491  
c --> Executing strategy token: scc-vrepl
c [scc] new: 0 BP 0M T: 0.00
c --> Executing strategy token: sub-impl
c [impl-sub] bin: 0 T: 0.00 T-out: N w-visit: 3176
c --> Executing strategy token: breakid
c --> Executing OCC strategy token(s): 'occ-backw-sub-str,occ-clean-implicit,occ-bve,occ-bva,occ-ternary-res,occ-xor,'
c [occ] mem usage for occur 3      MB
c [occ] Linked in IRRED BIN by default: 784
c [occ] Linked in RED   BIN by default: 101
c [occ] mem usage for occur 0      MB
c Mem for watch alloc      : 19          MB (39.58     %)
c Mem for watch array      : 0           MB (0.15      %)
c --> Executing OCC strategy token: occ-backw-sub-str
c [occ-backw-sub-str-long-w-bins] subs: 0 str: 7 tried: 10185 0-depth ass: 0 T: 0.00 T-out: N T-r: 99.19%
c [occ-backw-sub-long-w-long] rem cl: 103 tried: 95160/95160 (100.0%) T: 0.04 T-out: N T-r: 75.88%
c [occ-backw-sub-str-long-w-long] sub: 4 str: 64 tried: 285480/95160 (300.0)  T: 0.23 T-out: N T-r: 53.81%
c --> Executing OCC strategy token: occ-clean-implicit
c --> Executing OCC strategy token: occ-bve
c [occ-empty-res] Empty resolvent elimed: 0 T: 0.00 T-out: N
c [occ-bve] iter v-elim 0
c cl_inc_rate=1.0, var_dec_rate=1.0 (grow=0)
c Reduced to 1582 vars, 36835 cls (grow=0)
c [occ-bve] iter v-elim 0
c cl_inc_rate=1.0, var_dec_rate=1.0 (grow=8)
c Reduced to 1582 vars, 36835 cls (grow=8)
c [occ-bve] iter v-elim 2
c cl_inc_rate=1.0, var_dec_rate=1.0 (grow=16)
c Reduced to 1580 vars, 36830 cls (grow=16)
c x n vars       : 1580
c #try to eliminate:  4760
c #var-elim        :     2
c #T-o: N
c #T-r: 99.99%
c #T  : 0.29
c [occur] 0.02 is overhead
c [occur] link-in T: 0.02 cleanup T: 0.00
c --> Executing OCC strategy token: occ-bva
c --> Executing OCC strategy token: occ-ternary-res
c [occ-ternary-res] Ternary res-tri: 0 res-bin: 0 sub: 0 str: 0 T: 0.00 T-out: N T-r: 99.80%
c --> Executing OCC strategy token: occ-xor
c [occ-xor] sort occur list T: 0.00
c [xor-clean-equiv] removed equivalent xors: 0 left with: 1016
c [occ-xor] found   1016 avg sz 5.9 min sz  4 max sz  6 T: 0.00 T-out: N T-r: 99.98%
c --> Executing strategy token: card-find
c --> Executing strategy token: cl-consolidate
c Not consolidating memory.
c --> Executing strategy token: scc-vrepl
c [scc] new: 0 BP 0M T: 0.00
c --> Executing strategy token: renumber
c --> Executing strategy token: bosphorus
c --> Executing strategy token: louvain-comms
c [consolidate] mini T: 0.00
c global_timeout_multiplier: 5.3147
c [branch] rebuilding order heap for all branchings. Current branching: vsid
c [find&init matx] performing matrix init
c [gauss] XOR-encoding clauses are not detached, so no need to reattach them.
c [xor-rem-unconnected] left with 1015 xors from 1016 non-empty xors T: 0.00
c [xor-together] xored together: 949 orig xors: 1015 new xors: 66 T: 0.00
c [xor-rem-unconnected] left with 66 xors from 66 non-empty xors T: 0.00
c [xor-clean-equiv] removed equivalent xors: 0 left with: 66
c [matrix] unused xors from cleaning: 1
c [matrix] Good   matrix  0     66 x  494  density:0.1267  xorlen avg: 62.58
c [matrix] Using 1 matrices recovered from 0 xors T: 0.00 T-out: N
c rst  geom best   vs  1460  914K    1580   36K   784    5.85    5.77  5336  1949   51K   101   22.58   22.55
c rst  geom best   vs  1461  915K    1580   36K   784    5.85    5.77  5336  1953   38K   101   24.21   24.16
c rst  geom  stb   vs  1462  916K    1580   36K   784    5.85    5.77  5336  1961   39K   101   24.60   24.55
c rst  geom  stb   vs  1463  917K    1580   36K   784    5.85    5.77  5336  1965   40K   101   25.11   25.06
c rst  geom  stb   vs  1464  918K    1580   36K   784    5.85    5.77  5336  1971   41K   101   25.82   25.77
c rst  geom  stb   vs  1465  919K    1580   36K   784    5.85    5.77  5337  1971   42K   101   26.28   26.23
c rst  geom  stb   vs  1466  921K    1580   36K   784    5.85    5.77  5349  1928   44K   101   26.78   26.74
c [full-probe]  bin_only: 0 set: 0 repl: 0 T: 0.01 T-out: N T-r: 98.04%
c rst  geom  stb   vs  1467  922K    1580   36K   784    5.85    5.77  5350  1929   45K   101   27.14   27.09
c [distill-long-red0] cls tried: 82/82 T: 0.01 T-out: N T-r: 99.85%
c [distill-long-red1] cls tried: 44/1649 T: 0.02 T-out: Y T-r: -2.83%
c rst  geom  stb   vs  1468  924K    1580   36K   784    5.85    5.77  5350  1930   47K   101   27.45   27.41
c rst  geom  stb   vs  1469  926K    1580   36K   784    5.85    5.77  5350  1930   49K   101   27.81   27.77
c rst  geom  stb   vs  1470  928K    1580   36K   784    5.85    5.77  5350  1930   51K   101   28.33   28.28
c [distill-bin] useful: 1/784/784 lits-rem: 0 cl-rem: 1 0-depth-assigns: 0 T: 0.01 T-out: N
c rst  geom  stb   vs  1471  930K    1580   36K   783    5.85    5.77  5361  1921   38K   102   32.63   32.56
c rst  geom ibes   vs  1472  933K    1580   36K   783    5.85    5.77  5361  1934   40K   102   32.66   32.59
c [distill] watch-based irred--  cl tried     8840 cl-sh     0 cl-rem    0 lit-rem      0 T: 0.01 T-out: N
c [distill] watch-based   red--  cl tried    10722 cl-sh     7 cl-rem    0 lit-rem      9 T: 0.01 T-out: N
c rst  geom ibes   vs  1473  935K    1580   36K   783    5.85    5.77  5361  1935   43K   102   32.88   32.82
c rst  geom ibes   vs  1474  938K    1580   36K   783    5.85    5.77  5361  1939   46K   102   32.97   32.92
c [distill-long-red0] cls tried: 12/12 T: 0.00 T-out: N T-r: 99.98%
c [distill-long-red1] cls tried: 49/1642 T: 0.01 T-out: Y T-r: -2.03%
c rst  geom ibes   vs  1475  942K    1580   36K   783    5.85    5.77  5375  1801   49K   102   32.88   32.82
c [full-probe]  bin_only: 1 set: 0 repl: 0 T: 0.00 T-out: N T-r: 99.81%
c rst  geom ibes   vs  1476  945K    1580   36K   783    5.85    5.77  5385  1847   39K   102   33.19   33.13
c [ccnr] saving best assignment phase to stable_polar
c [ccnr] bumping based on var unsat frequency: conflict_ct
c [ccnr] Bumped vars: 1588 bump type: 6
c [ccnr] time: 0.30
c rst  geom  svd   vs  1477  949K    1580   36K   783    5.85    5.77  5385  1854   43K   102   32.83   32.77
c [distill-bin] useful: 0/783/783 lits-rem: 0 cl-rem: 0 0-depth-assigns: 0 T: 0.01 T-out: N
c rst  geom  svd   vs  1478  954K    1580   36K   783    5.85    5.77  5394  1690   47K   102   33.27   33.22
c [distill-long-red0] cls tried: 27/27 T: 0.00 T-out: N T-r: 99.94%
c [distill-long-red1] cls tried: 111/1395 T: 0.01 T-out: Y T-r: -1.51%
c [impl-str] lit bin: 0 set-var: 0 T: 0.00 T-out: N T-r: 99.96% w-visit: 3176
c [impl-sub] bin: 0 T: 0.00 T-out: N w-visit: 3176
c rst  geom  svd   vs  1479  959K    1580   36K   783    5.85    5.77  5394  1707   52K   102   33.65   33.60
c [distill] watch-based irred--  cl tried     8840 cl-sh     0 cl-rem    0 lit-rem      0 T: 0.00 T-out: N
c [distill] watch-based   red--  cl tried    10788 cl-sh     1 cl-rem    0 lit-rem      1 T: 0.01 T-out: N
c rst  geom  svd   vs  1480  964K    1580   36K   783    5.85    5.77  5428  1413   43K   102   32.25   32.19
c [full-probe]  bin_only: 0 set: 0 repl: 0 T: 0.00 T-out: N T-r: 98.18%
c rst  geom best   vs  1481  970K    1580   36K   783    5.85    5.77  5459   669   49K   102   32.31   32.25
c [distill-long-red0] cls tried: 59/59 T: 0.01 T-out: N T-r: 99.89%
c [distill-long-red1] cls tried: 66/421 T: 0.01 T-out: Y T-r: -2.47%
c [distill-bin] useful: 0/783/783 lits-rem: 0 cl-rem: 0 0-depth-assigns: 0 T: 0.01 T-out: N
c rst  geom best   vs  1482  976K    1580   36K   783    5.85    5.77  5465   785   41K   102   30.31   30.25
c [gauss] XOR-encoding clauses are not detached, so no need to reattach them.
c [g 0] truth-find prop checks  : 2034K
c [g 0] -> of which prop        : 61.17 %
c [g 0] -> of which confl       :  1.59 %
c [g 0] elim called             : 101K
c [g 0] ---> which lead to prop : 90.40 %
c [g 0] ---> which lead to confl:  4.74 %
c [g 0] size: 66    x 494  
c [scc] new: 0 BP 0M T: 0.00
c [vrep] vars 0 lits 0 rem-bin-cls 0 rem-long-cls 0 BP 0M T: 0.01
c [intree] Set 0 vars hyper-added: 0 trans-irred: 0 trans-red: 0 T: 0.00 T-out: N T-r: -0.81%
c [find&init matx] performing matrix init
c [gauss] XOR-encoding clauses are not detached, so no need to reattach them.
c [xor-rem-unconnected] left with 1015 xors from 1016 non-empty xors T: 0.00
c [xor-together] xored together: 949 orig xors: 1015 new xors: 66 T: 0.00
c [xor-rem-unconnected] left with 66 xors from 66 non-empty xors T: 0.00
c [xor-clean-equiv] removed equivalent xors: 0 left with: 66
c [matrix] unused xors from cleaning: 1
c [matrix] Good   matrix 0 66      x494    density:0.1267  xorlen avg: 62.58
c [matrix] Using 1 matrices recovered from 0 xors T: 0.00 T-out: N
c rst  geom best vs   1483  983 K 1580      36K   783 5.85    5.77     5477   515   48K   102 30.75   30.70  
c rst  geom stb  vs   1484  991 K 1580      36K   783 5.85    5.77     5496   521   40K   102 33.36   33.29  
c [distill-long-red0] cls tried: 25/25 T: 0.00 T-out: N T-r: 99.95%
c [distill-long-red1] cls tried: 108/328 T: 0.01 T-out: Y T-r: -2.57%
c [full-probe]  bin_only: 1 set: 0 repl: 0 T: 0.00 T-out: N T-r: 99.89%
c [distill-bin] useful: 0/783/783 lits-rem: 0 cl-rem: 0 0-depth-assigns: 0 T: 0.00 T-out: N
c [distill] watch-based irred--  cl tried 8840     cl-sh 0     cl-rem 0    lit-rem 0      T: 0.00 T-out: N
c [distill] watch-based red  --  cl tried 10992    cl-sh 6     cl-rem 0    lit-rem 7      T: 0.01 T-out: N
c [ccnr] saving best assignment phase to stable_polar
c [ccnr] bumping based on clause weights
c [ccnr] Bumped vars: 104 bump type: 6
c [ccnr] time: 0.28
c rst  geom stb  vs   1485  999 K 1580      36K   783 5.85    5.77     5498   527   49K   102 36.30   36.24  
c rst  geom ibes vs   1486  1009K 1580      36K   783 5.85    5.77     5506   538   39K   102 34.88   34.81  
c [branch] adjusting to: vmtf (from: vsid) var_decay:0.95 descr: VMTF
c [distill-long-red0] cls tried: 16/16 T: 0.00 T-out: N T-r: 99.97%
c [distill-long-red1] cls tried: 116/242 T: 0.01 T-out: Y T-r: -1.72%
c rst  luby ibes vmt  1487  1009K 1580      36K   783 5.85    5.77     5506   538   39K   102 34.85   34.78  
c rst  luby ibes vmt  1488  1009K 1580      36K   783 5.85    5.77     5506   538   39K   102 34.81   34.74  
c rst  luby ibes vmt  1489  1009K 1580      36K   783 5.85    5.77     5506   538   40K   102 34.91   34.84  
c rst  luby ibes vmt  1490  1009K 1580      36K   783 5.85    5.77     5506   539   40K   102 34.90   34.83  
c rst  luby ibes vmt  1491  1009K 1580      36K   783 5.85    5.77     5506   539   40K   102 34.93   34.86  
c rst  luby ibes vmt  1492  1010K 1580      36K   783 5.85    5.77     5518   508   40K   102 34.93   34.86  
c rst  luby ibes vmt  1493  1010K 1580      36K   783 5.85    5.77     5518   508   40K   102 35.01   34.94  
c rst  luby ibes vmt  1494  1010K 1580      36K   783 5.85    5.77     5518   508   41K   102 35.03   34.96  
c rst  luby ibes vmt  1495  1010K 1580      36K   783 5.85    5.77     5518   508   41K   102 35.04   34.97  
c rst  luby ibes vmt  1496  1010K 1580      36K   783 5.85    5.77     5518   508   41K   102 35.01   34.94  
c rst  luby ibes vmt  1497  1011K 1580      36K   783 5.85    5.77     5518   508   41K   102 35.01   34.94  
c rst  luby ibes vmt  1498  1011K 1580      36K   783 5.85    5.77     5518   508   41K   102 34.99   34.92  
c rst  luby ibes vmt  1499  1011K 1580      36K   783 5.85    5.77     5518   508   41K   102 35.01   34.94  
c rst  luby ibes vmt  1500  1011K 1580      36K   783 5.85    5.77     5518   508   42K   102 34.93   34.86  
c [full-probe]  bin_only: 0 set: 0 repl: 0 T: 0.01 T-out: N T-r: 98.32%
c [distill-bin] useful: 0/783/783 lits-rem: 0 cl-rem: 0 0-depth-assigns: 0 T: 0.01 T-out: N
c rst  luby ibes vmt  1501  1012K 1580      36K   783 5.85    5.77     5518   510   42K   102 34.97   34.90  
c rst  luby ibes vmt  1502  1012K 1580      36K   783 5.85    5.77     5518   510   43K   102 34.95   34.88  
c rst  luby ibes vmt  1503  1012K 1580      36K   783 5.85    5.77     5518   510   43K   102 34.93   34.86  
c rst  luby ibes vmt  1504  1012K 1580      36K   783 5.85    5.77     5518   510   43K   102 34.90   34.83  
c rst  luby ibes vmt  1505  1013K 1580      36K   783 5.85    5.77     5518   510   43K   102 34.90   34.83  
c rst  luby ibes vmt  1506  1013K 1580      36K   783 5.85    5.77     5518   510   43K   102 34.90   34.83  
c rst  luby ibes vmt  1507  1013K 1580      36K   783 5.85    5.77     5518   510   43K   102 34.90   34.84  
c rst  luby ibes vmt  1508  1013K 1580      36K   783 5.85    5.77     5518   510   44K   102 34.94   34.88  
c rst  luby ibes vmt  1509  1013K 1580      36K   783 5.85    5.77     5518   510   44K   102 34.93   34.86  
c rst  luby ibes vmt  1510  1013K 1580      36K   783 5.85    5.77     5518   510   44K   102 34.92   34.85  
c rst  luby ibes vmt  1511  1014K 1580      36K   783 5.85    5.77     5518   514   44K   102 34.92   34.85  
c rst  luby ibes vmt  1512  1014K 1580      36K   783 5.85    5.77     5518   514   44K   102 34.90   34.84  
c [impl-str] lit bin: 0 set-var: 0 T: 0.00 T-out: N T-r: 99.96% w-visit: 3176
c [impl-sub] bin: 0 T: 0.00 T-out: N w-visit: 3176
c rst  luby ibes vmt  1513  1014K 1580      36K   783 5.85    5.77     5518   516   44K   102 34.93   34.87  
c rst  luby ibes vmt  1514  1014K 1580      36K   783 5.85    5.77     5518   516   44K   102 34.95   34.88  
c rst  luby ibes vmt  1515  1015K 1580      36K   783 5.85    5.77     5518   518   45K   102 34.89   34.83  
c rst  luby ibes vmt  1516  1015K 1580      36K   783 5.85    5.77     5518   518   46K   102 34.95   34.89  
c rst  luby svd  vmt  1517  1017K 1580      36K   783 5.85    5.77     5518   522   47K   102 35.34   35.28  
c [distill] watch-based irred--  cl tried 8840     cl-sh 0     cl-rem 0    lit-rem 0      T: 0.00 T-out: N
c [distill] watch-based red  --  cl tried 11036    cl-sh 3     cl-rem 0    lit-rem 3      T: 0.01 T-out: N
c rst  luby svd  vmt  1518  1017K 1580      36K   783 5.85    5.77     5518   523   47K   102 35.34   35.28  
c rst  luby svd  vmt  1519  1017K 1580      36K   783 5.85    5.77     5518   524   47K   102 35.36   35.30  
c rst  luby svd  vmt  1520  1017K 1580      36K   783 5.85    5.77     5518   524   48K   102 35.47   35.41  
c rst  luby svd  vmt  1521  1017K 1580      36K   783 5.85    5.77     5518   528   48K   102 35.46   35.40  
c rst  luby svd  vmt  1522  1018K 1580      36K   783 5.85    5.77     5518   528   48K   102 35.49   35.42  
c rst  luby svd  vmt  1523  1018K 1580      36K   783 5.85    5.77     5518   529   48K   102 35.50   35.44  
c rst  luby svd  vmt  1524  1018K 1580      36K   783 5.85    5.77     5518   529   48K   102 35.53   35.47  
c rst  luby svd  vmt  1525  1018K 1580      36K   783 5.85    5.77     5518   530   49K   102 35.53   35.46  
c rst  luby svd  vmt  1526  1018K 1580      36K   783 5.85    5.77     5518   530   49K   102 35.53   35.47  
c rst  luby svd  vmt  1527  1019K 1580      36K   783 5.85    5.77     5518   531   49K   102 35.56   35.50  
c rst  luby svd  vmt  1528  1019K 1580      36K   783 5.85    5.77     5518   531   49K   102 35.57   35.51  
c rst  luby svd  vmt  1529  1019K 1580      36K   783 5.85    5.77     5518   531   49K   102 35.57   35.51  
c rst  luby svd  vmt  1530  1019K 1580      36K   783 5.85    5.77     5518   533   49K   102 35.57   35.51  
c rst  luby svd  vmt  1531  1019K 1580      36K   783 5.85    5.77     5518   536   50K   102 35.60   35.54  
c rst  luby svd  vmt  1532  1020K 1580      36K   783 5.85    5.77     5549   531   37K   102 36.66   36.58  
c rst  luby svd  vmt  1533  1020K 1580      36K   783 5.85    5.77     5549   531   37K   102 36.65   36.57  
c rst  luby svd  vmt  1534  1020K 1580      36K   783 5.85    5.77     5549   531   37K   102 36.68   36.60  
c rst  luby svd  vmt  1535  1021K 1580      36K   783 5.85    5.77     5549   533   37K   102 36.69   36.61  
c rst  luby svd  vmt  1536  1021K 1580      36K   783 5.85    5.77     5549   533   37K   102 36.70   36.62  
c rst  luby svd  vmt  1537  1021K 1580      36K   783 5.85    5.77     5549   533   37K   102 36.68   36.60  
c rst  luby svd  vmt  1538  1021K 1580      36K   783 5.85    5.77     5549   533   38K   102 36.65   36.57  
c rst  luby svd  vmt  1539  1021K 1580      36K   783 5.85    5.77     5549   534   38K   102 36.72   36.64  
c rst  luby svd  vmt  1540  1021K 1580      36K   783 5.85    5.77     5549   534   38K   102 36.72   36.64  
c rst  luby svd  vmt  1541  1022K 1580      36K   783 5.85    5.77     5549   534   38K   102 36.72   36.64  
c rst  luby svd  vmt  1542  1022K 1580      36K   783 5.85    5.77     5549   536   38K   102 36.74   36.67  
c rst  luby svd  vmt  1543  1022K 1580      36K   783 5.85    5.77     5549   537   39K   102 36.73   36.65  
c rst  luby svd  vmt  1544  1022K 1580      36K   783 5.85    5.77     5549   537   39K   102 36.75   36.67  
c rst  luby svd  vmt  1545  1022K 1580      36K   783 5.85    5.77     5549   539   39K   102 36.84   36.76  
c rst  luby svd  vmt  1546  1023K 1580      36K   783 5.85    5.77     5549   539   39K   102 36.84   36.76  
c rst  luby svd  vmt  1547  1023K 1580      36K   783 5.85    5.77     5549   541   40K   102 36.89   36.81  
c rst  luby svd  vmt  1548  1025K 1580      36K   783 5.85    5.77     5549   554   42K   102 37.15   37.08  
c [distill-long-red0] cls tried: 38/38 T: 0.00 T-out: N T-r: 99.92%
c [distill-long-red1] cls tried: 97/179 T: 0.01 T-out: Y T-r: -0.84%
c rst  luby svd  vmt  1549  1028K 1580      36K   783 5.85    5.77     5549   560   45K   102 38.06   37.99  
c rst  luby svd  vmt  1550  1028K 1580      36K   783 5.85    5.77     5549   560   45K   102 38.07   38.00  
c rst  luby svd  vmt  1551  1028K 1580      36K   783 5.85    5.77     5549   560   45K   102 38.07   37.99  
c rst  luby svd  vmt  1552  1029K 1580      36K   783 5.85    5.77     5549   563   45K   102 38.06   37.99  
c rst  luby svd  vmt  1553  1029K 1580      36K   783 5.85    5.77     5549   565   45K   102 38.06   37.98  
c rst  luby svd  vmt  1554  1029K 1580      36K   783 5.85    5.77     5549   565   45K   102 38.05   37.98  
c rst  luby svd  vmt  1555  1029K 1580      36K   783 5.85    5.77     5549   567   46K   102 38.12   38.05  
c rst  luby svd  vmt  1556  1029K 1580      36K   783 5.85    5.77     5549   568   46K   102 38.37   38.30  
c rst  luby svd  vmt  1557  1029K 1580      36K   783 5.85    5.77     5549   568   46K   102 38.40   38.33  
c rst  luby svd  vmt  1558  1030K 1580      36K   783 5.85    5.77     5575   502   46K   102 38.43   38.36  
c rst  luby svd  vmt  1559  1030K 1580      36K   783 5.85    5.77     5575   502   46K   102 38.45   38.38  
c rst  luby svd  vmt  1560  1030K 1580      36K   783 5.85    5.77     5575   502   47K   102 38.47   38.40  
c rst  luby svd  vmt  1561  1030K 1580      36K   783 5.85    5.77     5575   502   47K   102 38.50   38.43  
c rst  luby svd  vmt  1562  1030K 1580      36K   783 5.85    5.77     5575   502   47K   102 38.53   38.46  
c rst  luby svd  vmt  1563  1031K 1580      36K   783 5.85    5.77     5575   502   47K   102 38.58   38.51  
c rst  geom best vmt  1564  1031K 1580      36K   783 5.85    5.77     5575   502   47K   102 38.57   38.50  
c rst  geom best vmt  1565  1031K 1580      36K   783 5.85    5.77     5575   503   48K   102 38.56   38.49  
c rst  geom best vmt  1566  1031K 1580      36K   783 5.85    5.77     5575   503   48K   102 38.55   38.48  
c rst  geom best vmt  1567  1031K 1580      36K   783 5.85    5.77     5575   503   48K   102 38.56   38.50  
c rst  geom best vmt  1568  1031K 1580      36K   783 5.85    5.77     5575   503   48K   102 38.59   38.52  
c rst  geom best vmt  1569  1031K 1580      36K   783 5.85    5.77     5575   503   48K   102 38.54   38.48  
c [full-probe]  bin_only: 1 set: 0 repl: 0 T: 0.00 T-out: N T-r: 99.85%
c [distill-bin] useful: 0/783/783 lits-rem: 0 cl-rem: 0 0-depth-assigns: 0 T: 0.01 T-out: N
c rst  geom best vmt  1570  1032K 1580      36K   783 5.85    5.77     5575   504   48K   102 38.53   38.47  
c rst  geom best vmt  1571  1032K 1580      36K   783 5.85    5.77     5575   504   49K   102 38.62   38.56  
c rst  geom best vmt  1572  1032K 1580      36K   783 5.85    5.77     5575   506   49K   102 38.61   38.55  
c rst  geom best vmt  1573  1032K 1580      36K   783 5.85    5.77     5575   509   49K   102 38.58   38.52  
c rst  geom best vmt  1574  1033K 1580      36K   783 5.85    5.77     5575   509   49K   102 38.62   38.56  
c rst  geom best vmt  1575  1033K 1580      36K   783 5.85    5.77     5575   509   50K   102 38.63   38.57  
c rst  geom best vmt  1576  1033K 1580      36K   783 5.85    5.77     5575   511   50K   102 38.63   38.57  
c rst  geom best vmt  1577  1034K 1580      36K   783 5.85    5.77     5575   511   50K   102 38.68   38.61  
c rst  geom best vmt  1578  1034K 1580      36K   783 5.85    5.77     5575   512   51K   102 38.71   38.64  
c rst  geom best vmt  1579  1035K 1580      36K   783 5.85    5.77     5575   513   51K   102 38.56   38.49  
c rst  geom best vmt  1580  1035K 1580      36K   783 5.85    5.77     5577   561   35K   102 34.13   34.05  
c [ccnr] saving best assignment phase to stable_polar
c [ccnr] bumping based on var unsat frequency: conflict_ct
c [ccnr] Bumped vars: 1588 bump type: 6
c [ccnr] time: 0.29
c rst  geom best vmt  1581  1036K 1580      36K   783 5.85    5.77     5580   596   35K   102 34.36   34.28  
c rst  geom best vmt  1582  1036K 1580      36K   783 5.85    5.77     5580   606   36K   102 34.41   34.33  
c rst  geom best vmt  1583  1037K 1580      36K   783 5.85    5.77     5580   606   36K   102 34.43   34.36  
c rst  geom best vmt  1584  1038K 1580      36K   783 5.85    5.77     5581   608   37K   102 34.32   34.25  
c rst  geom best vmt  1585  1038K 1580      36K   783 5.85    5.77     5581   608   38K   102 34.36   34.29  
c rst  geom best vmt  1586  1039K 1580      36K   783 5.85    5.77     5581   608   39K   102 34.42   34.34  
c rst  geom best vmt  1587  1040K 1580      36K   783 5.85    5.77     5618   525   40K   102 34.49   34.41  
c [distill-long-red0] cls tried: 61/61 T: 0.00 T-out: N T-r: 99.91%
c [distill-long-red1] cls tried: 139/143 T: 0.01 T-out: Y T-r: -0.91%
c rst  geom best vmt  1588  1041K 1580      36K   783 5.85    5.77     5618   529   41K   102 34.64   34.57  
c [gauss] XOR-encoding clauses are not detached, so no need to reattach them.
c [g 0] truth-find prop checks  : 1984K
c [g 0] -> of which prop        : 62.01 %
c [g 0] -> of which confl       :  1.59 %
c [g 0] elim called             : 84K
c [g 0] ---> which lead to prop : 100.03 %
c [g 0] ---> which lead to confl:  3.45 %
c [g 0] size: 66    x 494  
c [scc] new: 0 BP 0M T: 0.00
c [vrep] vars 0 lits 0 rem-bin-cls 0 rem-long-cls 0 BP 0M T: 0.01
c [intree] Set 0 vars hyper-added: 0 trans-irred: 0 trans-red: 0 T: 0.00 T-out: N T-r: -0.80%
c [find&init matx] performing matrix init
c [gauss] XOR-encoding clauses are not detached, so no need to reattach them.
c [xor-rem-unconnected] left with 1015 xors from 1016 non-empty xors T: 0.00
c [xor-together] xored together: 949 orig xors: 1015 new xors: 66 T: 0.00
c [xor-rem-unconnected] left with 66 xors from 66 non-empty xors T: 0.00
c [xor-clean-equiv] removed equivalent xors: 0 left with: 66
c [matrix] unused xors from cleaning: 1
c [matrix] Good   matrix 0 66      x494    density:0.1267  xorlen avg: 62.58
c [matrix] Using 1 matrices recovered from 0 xors T: 0.00 T-out: N
c rst  geom best vmt  1589  1042K 1580      36K   783 5.85    5.77     5618   531   42K   102 34.62   34.56  
c [distill] watch-based irred--  cl tried 8840     cl-sh 0     cl-rem 0    lit-rem 0      T: 0.00 T-out: N
c [distill] watch-based red  --  cl tried 11236    cl-sh 9     cl-rem 0    lit-rem 19     T: 0.01 T-out: N
c rst  geom best vmt  1590  1044K 1580      36K   783 5.85    5.77     5618   535   43K   102 34.86   34.79  
c rst  geom best vmt  1591  1045K 1580      36K   783 5.85    5.77     5618   536   45K   102 34.63   34.57  
c rst  geom best vmt  1592  1047K 1580      36K   783 5.85    5.77     5618   543   46K   102 34.77   34.70  
c rst  geom stb  vmt  1593  1048K 1580      36K   783 5.85    5.77     5618   545   48K   102 34.88   34.81  
c rst  geom stb  vmt  1594  1050K 1580      36K   783 5.85    5.77     5641   587   37K   102 35.60   35.52  
c rst  geom stb  vmt  1595  1052K 1580      36K   783 5.85    5.77     5641   591   39K   102 35.33   35.25  
c [full-probe]  bin_only: 0 set: 0 repl: 0 T: 0.01 T-out: N T-r: 98.20%
c [distill-bin] useful: 0/783/783 lits-rem: 0 cl-rem: 0 0-depth-assigns: 0 T: 0.01 T-out: N
c rst  geom stb  vmt  1596  1054K 1580      36K   783 5.85    5.77     5641   595   41K   102 35.72   35.65  
c rst  geom stb  vmt  1597  1057K 1580      36K   783 5.85    5.77     5641   596   44K   102 36.67   36.60  
c [distill-long-red0] cls tried: 16/16 T: 0.00 T-out: N T-r: 99.97%
c [distill-long-red1] cls tried: 105/105 T: 0.01 T-out: N T-r: 20.65%
c rst  geom stb  vmt  1598  1060K 1580      36K   783 5.85    5.77     5652   560   46K   102 36.97   36.90  
c rst  geom stb  vmt  1599  1063K 1580      36K   783 5.85    5.77     5653   562   49K   102 37.49   37.43  
c rst  geom ibes vmt  1600  1066K 1580      36K   783 5.85    5.77     5653   596   38K   102 35.21   35.14  
c rst  geom ibes vmt  1601  1070K 1580      36K   783 5.85    5.77     5667   583   42K   102 34.46   34.39  
c [distill] watch-based irred--  cl tried 8840     cl-sh 0     cl-rem 0    lit-rem 0      T: 0.00 T-out: N
c [distill] watch-based red  --  cl tried 11334    cl-sh 1     cl-rem 0    lit-rem 1      T: 0.01 T-out: N
c rst  geom ibes vmt  1602  1074K 1580      36K   783 5.85    5.77     5667   592   46K   102 34.72   34.66  
c [distill-long-red0] cls tried: 9/9 T: 0.00 T-out: N T-r: 99.97%
c [distill-long-red1] cls tried: 50/50 T: 0.00 T-out: N T-r: 65.70%
c [full-probe]  bin_only: 1 set: 0 repl: 0 T: 0.00 T-out: N T-r: 99.85%
c [distill-bin] useful: 0/783/783 lits-rem: 0 cl-rem: 0 0-depth-assigns: 0 T: 0.01 T-out: N
c rst  geom ibes vmt  1603  1078K 1580      36K   783 5.85    5.77     5668   604   50K   102 34.65   34.60  
c [impl-str] lit bin: 0 set-var: 0 T: 0.00 T-out: N T-r: 99.96% w-visit: 3176
c [impl-sub] bin: 0 T: 0.00 T-out: N w-visit: 3176
c rst  geom ibes vmt  1604  1083K 1580      36K   783 5.85    5.77     5686   601   41K   102 33.31   33.24  
c [ccnr] saving best assignment phase to stable_polar
c [ccnr] bumping based on var unsat frequency: conflict_ct
c [ccnr] Bumped vars: 1588 bump type: 6
c [ccnr] time: 0.28
c rst  geom svd  vmt  1605  1088K 1580      36K   783 5.85    5.77     5686   678   46K   102 35.52   35.45  
c rst  geom svd  vmt  1606  1094K 1580      36K   783 5.85    5.77     5742   580   52K   102 35.31   35.25  
c [distill-long-red0] cls tried: 33/33 T: 0.00 T-out: N T-r: 99.92%
c [distill-long-red1] cls tried: 76/106 T: 0.02 T-out: Y T-r: -0.83%
c [full-probe]  bin_only: 0 set: 0 repl: 0 T: 0.01 T-out: N T-r: 98.09%
c [distill-bin] useful: 0/783/783 lits-rem: 0 cl-rem: 0 0-depth-assigns: 0 T: 0.00 T-out: N
c rst  geom svd  vmt  1607  1100K 1580      36K   783 5.85    5.77     5751   597   43K   102 35.67   35.60  
c [distill] watch-based irred--  cl tried 8840     cl-sh 0     cl-rem 0    lit-rem 0      T: 0.01 T-out: N
c [distill] watch-based red  --  cl tried 11502    cl-sh 7     cl-rem 0    lit-rem 9      T: 0.00 T-out: N
c rst  geom best vmt  1608  1107K 1580      36K   783 5.85    5.77     5751   609   51K   102 36.48   36.42  
c [branch] adjusting to: vsid (from: vmtf) var_decay:0.95 descr: VSIDS
c [gauss] XOR-encoding clauses are not detached, so no need to reattach them.
c [g 0] truth-find prop checks  : 1887K
c [g 0] -> of which prop        : 63.11 %
c [g 0] -> of which confl       :  1.79 %
c [g 0] elim called             : 67K
c [g 0] ---> which lead to prop : 109.06 %
c [g 0] ---> which lead to confl:  2.87 %
c [g 0] size: 66    x 494  
c [scc] new: 0 BP 0M T: 0.00
c [vrep] vars 0 lits 0 rem-bin-cls 0 rem-long-cls 0 BP 0M T: 0.01
c [intree] Set 0 vars hyper-added: 3 trans-irred: 0 trans-red: 0 T: 0.01 T-out: N T-r: -0.62%
c [find&init matx] performing matrix init
c [gauss] XOR-encoding clauses are not detached, so no need to reattach them.
c [xor-rem-unconnected] left with 1015 xors from 1016 non-empty xors T: 0.00
c [xor-together] xored together: 949 orig xors: 1015 new xors: 66 T: 0.00
c [xor-rem-unconnected] left with 66 xors from 66 non-empty xors T: 0.00
c [xor-clean-equiv] removed equivalent xors: 0 left with: 66
c [matrix] unused xors from cleaning: 1
c [matrix] Good   matrix 0 66      x494    density:0.1267  xorlen avg: 62.58
c [matrix] Using 1 matrices recovered from 0 xors T: 0.00 T-out: N
c rst  geom best vs   1609  1108K 1580      36K   783 5.85    5.77     5751   609   51K   105 36.48   36.41  
c rst  geom best vs   1610  1108K 1580      36K   783 5.85    5.77     5751   609   51K   105 36.46   36.39  
c rst  geom best vs   1611  1108K 1580      36K   783 5.85    5.77     5751   609   51K   105 36.43   36.37  
c rst  geom best vs   1612  1108K 1580      36K   783 5.85    5.77     5751   609   51K   105 36.41   36.35  
c rst  geom best vs   1613  1108K 1580      36K   783 5.85    5.77     5751   609   51K   105 36.42   36.36  
c rst  geom best vs   1614  1108K 1580      36K   783 5.85    5.77     5751   609   51K   105 36.39   36.33  
c rst  geom best vs   1615  1108K 1580      36K   783 5.85    5.77     5751   609   52K   105 36.40   36.34  
c rst  geom best vs   1616  1109K 1580      36K   783 5.85    5.77     5751   609   52K   105 36.40   36.34  
c rst  geom best vs   1617  1109K 1580      36K   783 5.85    5.77     5751   610   52K   105 36.42   36.35  
c rst  geom best vs   1618  1109K 1580      36K   783 5.85    5.77     5751   610   52K   105 36.43   36.37  
c [distill-long-red0] cls tried: 9/9 T: 0.00 T-out: N T-r: 99.99%
c [distill-long-red1] cls tried: 103/103 T: 0.02 T-out: N T-r: 5.84%
c rst  geom best vs   1619  1109K 1580      36K   783 5.85    5.77     5751   610   53K   105 36.39   36.33  
c rst  geom best vs   1620  1110K 1580      36K   783 5.85    5.77     5769   543   38K   105 36.47   36.39  
c rst  geom best vs   1621  1110K 1580      36K   783 5.85    5.77     5769   543   38K   105 36.50   36.42  
c rst  geom best vs   1622  1110K 1580      36K   783 5.85    5.77     5769   544   39K   105 36.41   36.33  
c rst  geom best vs   1623  1111K 1580      36K   783 5.85    5.77     5769   544   39K   105 36.35   36.27  
c rst  geom best vs   1624  1111K 1580      36K   783 5.85    5.77     5769   544   40K   105 36.35   36.28  
c rst  geom best vs   1625  1112K 1580      36K   783 5.85    5.77     5769   544   40K   105 36.41   36.34  
c rst  geom best vs   1626  1112K 1580      36K   783 5.85    5.77     5769   545   41K   105 36.41   36.33  
c rst  geom best vs   1627  1113K 1580      36K   783 5.85    5.77     5769   546   41K   105 36.41   36.33  
c rst  geom best vs   1628  1114K 1580      36K   783 5.85    5.77     5769   546   42K   105 36.48   36.41  
c rst  geom best vs   1629  1114K 1580      36K   783 5.85    5.77     5769   546   43K   105 36.53   36.46  
c [full-probe]  bin_only: 1 set: 0 repl: 0 T: 0.00 T-out: N T-r: 99.82%
c [distill-bin] useful: 0/783/783 lits-rem: 0 cl-rem: 0 0-depth-assigns: 0 T: 0.01 T-out: N
c rst  geom best vs   1630  1115K 1580      36K   783 5.85    5.77     5769   548   43K   105 36.70   36.62  
c rst  geom best vs   1631  1116K 1580      36K   783 5.85    5.77     5769   548   44K   105 36.69   36.62  
c rst  geom best vs   1632  1117K 1580      36K   783 5.85    5.77     5769   548   45K   105 36.77   36.70  
c rst  geom stb  vs   1633  1118K 1580      36K   783 5.85    5.77     5770   554   46K   105 36.69   36.62  
c rst  geom stb  vs   1634  1119K 1580      36K   783 5.85    5.77     5770   554   47K   105 36.70   36.64  
c rst  geom stb  vs   1635  1120K 1580      36K   783 5.85    5.77     5784   506   49K   105 36.67   36.60  
c rst  geom stb  vs   1636  1122K 1580      36K   783 5.85    5.77     5785   510   50K   105 36.71   36.64  
c rst  geom stb  vs   1637  1123K 1580      36K   783 5.85    5.77     5785   511   52K   105 36.70   36.63  
c rst  geom stb  vs   1638  1125K 1580      36K   783 5.85    5.77     5790   536   38K   105 35.26   35.18  
c [distill-long-red0] cls tried: 5/5 T: 0.00 T-out: N T-r: 99.99%
c [distill-long-red1] cls tried: 62/62 T: 0.01 T-out: N T-r: 41.96%
c rst  geom stb  vs   1639  1127K 1580      36K   783 5.85    5.77     5790   538   40K   105 35.14   35.07  
c [distill] watch-based irred--  cl tried 8840     cl-sh 0     cl-rem 0    lit-rem 0      T: 0.00 T-out: N
c [distill] watch-based red  --  cl tried 11580    cl-sh 2     cl-rem 0    lit-rem 2      T: 0.00 T-out: N
c [ccnr] saving best assignment phase to stable_polar
c [ccnr] bumping based on clause weights
c [ccnr] Bumped vars: 102 bump type: 6
c [ccnr] time: 0.28
c rst  geom stb  vs   1640  1129K 1580      36K   783 5.85    5.77     5790   540   42K   105 35.45   35.38  
c rst  geom stb  vs   1641  1131K 1580      36K   783 5.85    5.77     5814   489   45K   105 34.84   34.78  
c rst  geom stb  vs   1642  1134K 1580      36K   783 5.85    5.77     5814   491   47K   105 35.15   35.09  
c rst  geom ibes vs   1643  1136K 1580      36K   783 5.85    5.77     5814   492   50K   105 34.90   34.84  
c [full-probe]  bin_only: 0 set: 0 repl: 0 T: 0.01 T-out: N T-r: 97.83%
c [distill-bin] useful: 0/783/783 lits-rem: 0 cl-rem: 0 0-depth-assigns: 0 T: 0.01 T-out: N
c rst  geom ibes vs   1644  1139K 1580      36K   783 5.85    5.77     5814   497   53K   105 35.31   35.25  
c [impl-str] lit bin: 0 set-var: 0 T: 0.00 T-out: N T-r: 99.96% w-visit: 3176
c [impl-sub] bin: 0 T: 0.00 T-out: N w-visit: 3176
c rst  geom ibes vs   1645  1143K 1580      36K   783 5.85    5.77     5831   507   41K   105 33.53   33.46  
c [distill-long-red0] cls tried: 8/8 T: 0.00 T-out: N T-r: 99.97%
c [distill-long-red1] cls tried: 42/42 T: 0.01 T-out: N T-r: 51.28%
c rst  geom ibes vs   1646  1146K 1580      36K   783 5.85    5.77     5831   507   45K   105 33.65   33.58  
c rst  geom ibes vs   1647  1150K 1580      36K   783 5.85    5.77     5848   460   49K   105 33.87   33.81  
c rst  geom svd  vs   1648  1155K 1580      36K   783 5.85    5.77     5852   548   38K   105 32.48   32.41  
c [distill] watch-based irred--  cl tried 8840     cl-sh 0     cl-rem 0    lit-rem 0      T: 0.00 T-out: N
c [distill] watch-based red  --  cl tried 11703    cl-sh 2     cl-rem 1    lit-rem 2      T: 0.01 T-out: N
c rst  geom svd  vs   1649  1160K 1580      36K   783 5.85    5.77     5859   451   43K   105 32.97   32.90  
c [distill-long-red0] cls tried: 7/7 T: 0.00 T-out: N T-r: 99.99%
c [distill-long-red1] cls tried: 91/91 T: 0.01 T-out: N T-r: 10.58%
c [full-probe]  bin_only: 1 set: 0 repl: 0 T: 0.00 T-out: N T-r: 99.86%
c [distill-bin] useful: 0/783/783 lits-rem: 0 cl-rem: 0 0-depth-assigns: 0 T: 0.00 T-out: N
c rst  geom svd  vs   1650  1165K 1580      36K   783 5.85    5.77     5859   456   48K   105 34.08   34.02  
c rst  geom svd  vs   1651  1171K 1580      36K   783 5.85    5.77     5860   469   39K   105 33.67   33.60  
c rst  geom best vs   1652  1177K 1580      36K   783 5.85    5.77     5862   473   46K   105 33.31   33.24  
c [distill-long-red0] cls tried: 3/3 T: 0.00 T-out: N T-r: 100.00%
c [distill-long-red1] cls tried: 27/27 T: 0.00 T-out: N T-r: 71.65%
c [gauss] XOR-encoding clauses are not detached, so no need to reattach them.
c [g 0] truth-find prop checks  : 2161K
c [g 0] -> of which prop        : 63.00 %
c [g 0] -> of which confl       :  1.66 %
c [g 0] elim called             : 90K
c [g 0] ---> which lead to prop : 98.32 %
c [g 0] ---> which lead to confl:  4.24 %
c [g 0] size: 66    x 494  
c [scc] new: 0 BP 0M T: 0.00
c [vrep] vars 0 lits 0 rem-bin-cls 0 rem-long-cls 0 BP 0M T: 0.00
c [intree] Set 0 vars hyper-added: 0 trans-irred: 0 trans-red: 0 T: 0.01 T-out: N T-r: -0.77%
c [find&init matx] performing matrix init
c [gauss] XOR-encoding clauses are not detached, so no need to reattach them.
c [xor-rem-unconnected] left with 1015 xors from 1016 non-empty xors T: 0.00
c [xor-together] xored together: 949 orig xors: 1015 new xors: 66 T: 0.00
c [xor-rem-unconnected] left with 66 xors from 66 non-empty xors T: 0.00
c [xor-clean-equiv] removed equivalent xors: 0 left with: 66
c [matrix] unused xors from cleaning: 1
c [matrix] Good   matrix 0 66      x494    density:0.1267  xorlen avg: 62.58
c [matrix] Using 1 matrices recovered from 0 xors T: 0.00 T-out: N
c [ccnr] saving best assignment phase to stable_polar
c [ccnr] bumping based on var unsat frequency: conflict_ct
c [ccnr] Bumped vars: 1588 bump type: 6
c [ccnr] time: 0.28
c rst  geom best vs   1653  1184K 1580      36K   783 5.85    5.77     5875   447   53K   105 33.82   33.77  
c [full-probe]  bin_only: 0 set: 0 repl: 0 T: 0.01 T-out: N T-r: 98.10%
c [distill-bin] useful: 0/783/783 lits-rem: 0 cl-rem: 0 0-depth-assigns: 0 T: 0.01 T-out: N
c [distill] watch-based irred--  cl tried 8840     cl-sh 0     cl-rem 0    lit-rem 0      T: 0.00 T-out: N
c [distill] watch-based red  --  cl tried 11750    cl-sh 2     cl-rem 0    lit-rem 2      T: 0.01 T-out: N
c rst  geom best vs   1654  1192K 1580      36K   783 5.85    5.77     5887   439   46K   105 33.31   33.25  
c rst  geom stb  vs   1655  1201K 1580      36K   783 5.85    5.77     5894   431   39K   105 30.98   30.92  
c [distill-long-red0] cls tried: 12/12 T: 0.00 T-out: N T-r: 99.98%
c [distill-long-red1] cls tried: 61/61 T: 0.00 T-out: N T-r: 44.66%
c [impl-str] lit bin: 0 set-var: 0 T: 0.00 T-out: N T-r: 99.97% w-visit: 3176
c [impl-sub] bin: 0 T: 0.00 T-out: N w-visit: 3176
c rst  geom stb  vs   1656  1210K 1580      36K   783 5.85    5.77     5913   402   48K   105 33.32   33.26  
c [full-probe]  bin_only: 1 set: 0 repl: 0 T: 0.00 T-out: N T-r: 99.82%
c [distill-bin] useful: 0/783/783 lits-rem: 0 cl-rem: 0 0-depth-assigns: 0 T: 0.01 T-out: N
c [distill] watch-based irred--  cl tried 8840     cl-sh 0     cl-rem 0    lit-rem 0      T: 0.01 T-out: N
c [distill] watch-based red  --  cl tried 11826    cl-sh 5     cl-rem 0    lit-rem 5      T: 0.00 T-out: N
c rst  geom ibes vs   1657  1220K 1580      36K   783 5.85    5.77     5926   408   44K   105 34.22   34.15  
c [distill-long-red0] cls tried: 16/16 T: 0.00 T-out: N T-r: 99.97%
c [distill-long-red1] cls tried: 80/80 T: 0.01 T-out: N T-r: 34.77%
c rst  geom ibes vs   1658  1232K 1580      36K   783 5.85    5.77     5933   388   40K   105 33.43   33.36  
c [branch] adjusting to: vmtf (from: vsid) var_decay:0.95 descr: VMTF
c [full-probe]  bin_only: 0 set: 0 repl: 0 T: 0.01 T-out: N T-r: 98.30%
c [distill-bin] useful: 0/783/783 lits-rem: 0 cl-rem: 0 0-depth-assigns: 0 T: 0.00 T-out: N
c [ccnr] saving best assignment phase to stable_polar
c [ccnr] bumping based on var unsat frequency: conflict_ct
c [ccnr] Bumped vars: 1588 bump type: 6
c [ccnr] time: 0.28
c rst  luby svd  vmt  1659  1232K 1580      36K   783 5.85    5.77     5935   393   40K   105 33.47   33.40  
c rst  luby svd  vmt  1660  1232K 1580      36K   783 5.85    5.77     5935   393   40K   105 33.46   33.39  
c rst  luby svd  vmt  1661  1232K 1580      36K   783 5.85    5.77     5935   393   41K   105 33.39   33.33  
c rst  luby svd  vmt  1662  1232K 1580      36K   783 5.85    5.77     5935   393   41K   105 33.39   33.32  
c rst  luby svd  vmt  1663  1232K 1580      36K   783 5.85    5.77     5935   393   41K   105 33.41   33.34  
c rst  luby svd  vmt  1664  1232K 1580      36K   783 5.85    5.77     5935   395   41K   105 33.43   33.36  
c rst  luby svd  vmt  1665  1233K 1580      36K   783 5.85    5.77     5936   400   41K   105 33.45   33.38  
c rst  luby svd  vmt  1666  1233K 1580      36K   783 5.85    5.77     5936   400   42K   105 33.44   33.38  
c rst  luby svd  vmt  1667  1233K 1580      36K   783 5.85    5.77     5936   400   42K   105 33.44   33.37  
c rst  luby svd  vmt  1668  1233K 1580      36K   783 5.85    5.77     5937   402   42K   105 33.49   33.42  
c rst  luby svd  vmt  1669  1233K 1580      36K   783 5.85    5.77     5937   403   42K   105 33.50   33.43  
c rst  luby svd  vmt  1670  1233K 1580      36K   783 5.85    5.77     5937   403   42K   105 33.51   33.44  
c rst  luby svd  vmt  1671  1234K 1580      36K   783 5.85    5.77     5937   403   42K   105 33.52   33.45  
c rst  luby svd  vmt  1672  1234K 1580      36K   783 5.85    5.77     5937   403   43K   105 33.44   33.38  
c rst  luby svd  vmt  1673  1235K 1580      36K   783 5.85    5.77     5937   403   43K   105 33.42   33.36  
c rst  luby svd  vmt  1674  1235K 1580      36K   783 5.85    5.77     5937   403   44K   105 33.41   33.34  
c [distill] watch-based irred--  cl tried 8840     cl-sh 0     cl-rem 0    lit-rem 0      T: 0.00 T-out: N
c [distill] watch-based red  --  cl tried 11874    cl-sh 4     cl-rem 0    lit-rem 5      T: 0.01 T-out: N
c rst  luby svd  vmt  1675  1235K 1580      36K   783 5.85    5.77     5937   404   44K   105 33.43   33.37  
c rst  luby svd  vmt  1676  1235K 1580      36K   783 5.85    5.77     5937   404   44K   105 33.49   33.42  
c rst  luby svd  vmt  1677  1235K 1580      36K   783 5.85    5.77     5937   405   44K   105 33.51   33.44  
c [distill-long-red0] cls tried: 6/6 T: 0.00 T-out: N T-r: 99.99%
c [distill-long-red1] cls tried: 52/52 T: 0.00 T-out: N T-r: 57.15%
c rst  luby svd  vmt  1678  1235K 1580      36K   783 5.85    5.77     5937   405   44K   105 33.52   33.46  
c rst  luby svd  vmt  1679  1236K 1580      36K   783 5.85    5.77     5937   405   44K   105 33.51   33.45  
c rst  luby svd  vmt  1680  1236K 1580      36K   783 5.85    5.77     5938   406   45K   105 33.54   33.48  
c rst  luby svd  vmt  1681  1236K 1580      36K   783 5.85    5.77     5938   407   45K   105 33.54   33.48  
c rst  luby svd  vmt  1682  1236K 1580      36K   783 5.85    5.77     5939   409   45K   105 33.55   33.48  
c rst  luby svd  vmt  1683  1236K 1580      36K   783 5.85    5.77     5939   409   45K   105 33.60   33.54  
c rst  luby svd  vmt  1684  1237K 1580      36K   783 5.85    5.77     5939   409   45K   105 33.61   33.55  
c rst  luby svd  vmt  1685  1237K 1580      36K   783 5.85    5.77     5939   409   45K   105 33.63   33.57  
c rst  luby svd  vmt  1686  1237K 1580      36K   783 5.85    5.77     5939   409   45K   105 33.70   33.64  
c rst  luby svd  vmt  1687  1237K 1580      36K   783 5.85    5.77     5939   410   46K   105 33.76   33.70  
c rst  luby svd  vmt  1688  1238K 1580      36K   783 5.85    5.77     5939   414   47K   105 33.89   33.83  
c rst  luby svd  vmt  1689  1240K 1580      36K   783 5.85    5.77     5960   387   48K   105 33.91   33.84  
c rst  luby svd  vmt  1690  1240K 1580      36K   783 5.85    5.77     5960   387   48K   105 33.92   33.86  
c rst  luby svd  vmt  1691  1240K 1580      36K   783 5.85    5.77     5960   387   48K   105 33.94   33.88  
c rst  luby svd  vmt  1692  1240K 1580      36K   783 5.85    5.77     5960   387   49K   105 33.98   33.91  
c rst  luby svd  vmt  1693  1240K 1580      36K   783 5.85    5.77     5960   389   49K   105 33.99   33.93  
c rst  luby svd  vmt  1694  1240K 1580      36K   783 5.85    5.77     5960   389   49K   105 34.00   33.94  
c rst  luby svd  vmt  1695  1240K 1580      36K   783 5.85    5.77     5960   389   49K   105 34.04   33.98  
c rst  luby svd  vmt  1696  1241K 1580      36K   783 5.85    5.77     5960   391   49K   105 34.12   34.06  
c rst  luby svd  vmt  1697  1241K 1580      36K   783 5.85    5.77     5960   391   50K   105 34.14   34.08  
c rst  luby svd  vmt  1698  1241K 1580      36K   783 5.85    5.77     5960   391   50K   105 34.17   34.11  
c rst  luby svd  vmt  1699  1241K 1580      36K   783 5.85    5.77     5960   391   50K   105 34.14   34.08  
c rst  luby svd  vmt  1700  1241K 1580      36K   783 5.85    5.77     5960   391   50K   105 34.17   34.11  
c rst  luby svd  vmt  1701  1241K 1580      36K   783 5.85    5.77     5960   391   50K   105 34.18   34.12  
c rst  luby svd  vmt  1702  1242K 1580      36K   783 5.85    5.77     5960   391   50K   105 34.19   34.13  
c rst  luby svd  vmt  1703  1242K 1580      36K   783 5.85    5.77     5960   392   51K   105 34.16   34.10  
c rst  luby svd  vmt  1704  1243K 1580      36K   783 5.85    5.77     5960   392   51K   105 34.15   34.09  
c [gauss] XOR-encoding clauses are not detached, so no need to reattach them.
c [g 0] truth-find prop checks  : 2179K
c [g 0] -> of which prop        : 61.23 %
c [g 0] -> of which confl       :  1.54 %
c [g 0] elim called             : 106K
c [g 0] ---> which lead to prop : 84.61 %
c [g 0] ---> which lead to confl:  4.08 %
c [g 0] size: 66    x 494  
c [scc] new: 0 BP 0M T: 0.00
c [vrep] vars 0 lits 0 rem-bin-cls 0 rem-long-cls 0 BP 0M T: 0.00
c [intree] Set 0 vars hyper-added: 0 trans-irred: 0 trans-red: 0 T: 0.01 T-out: N T-r: -0.66%
c [find&init matx] performing matrix init
c [gauss] XOR-encoding clauses are not detached, so no need to reattach them.
c [xor-rem-unconnected] left with 1015 xors from 1016 non-empty xors T: 0.00
c [xor-together] xored together: 949 orig xors: 1015 new xors: 66 T: 0.00
c [xor-rem-unconnected] left with 66 xors from 66 non-empty xors T: 0.00
c [xor-clean-equiv] removed equivalent xors: 0 left with: 66
c [matrix] unused xors from cleaning: 1
c [matrix] Good   matrix 0 66      x494    density:0.1267  xorlen avg: 62.58
c [matrix] Using 1 matrices recovered from 0 xors T: 0.00 T-out: N
c rst  luby svd  vmt  1705  1243K 1580      36K   783 5.85    5.77     5960   392   52K   105 34.18   34.12  
c rst  luby svd  vmt  1706  1243K 1580      36K   783 5.85    5.77     5960   392   52K   105 34.17   34.11  
c rst  luby svd  vmt  1707  1243K 1580      36K   783 5.85    5.77     5960   393   52K   105 34.20   34.14  
c rst  luby svd  vmt  1708  1243K 1580      36K   783 5.85    5.77     5960   393   52K   105 34.20   34.14  
c rst  luby svd  vmt  1709  1243K 1580      36K   783 5.85    5.77     5960   393   52K   105 34.20   34.14  
c rst  luby svd  vmt  1710  1244K 1580      36K   783 5.85    5.77     5960   396   52K   105 34.22   34.16  
c rst  luby svd  vmt  1711  1244K 1580      36K   783 5.85    5.77     5960   396   53K   105 34.23   34.18  
c rst  luby svd  vmt  1712  1244K 1580      36K   783 5.85    5.77     5960   396   53K   105 34.23   34.18  
c rst  luby svd  vmt  1713  1244K 1580      36K   783 5.85    5.77     5960   396   53K   105 34.26   34.20  
c rst  luby svd  vmt  1714  1244K 1580      36K   783 5.85    5.77     5960   397   53K   105 34.25   34.19  
c rst  luby svd  vmt  1715  1245K 1580      36K   783 5.85    5.77     5965   443   37K   105 33.52   33.45  
c rst  luby svd  vmt  1716  1245K 1580      36K   783 5.85    5.77     5965   443   37K   105 33.56   33.48  
c rst  luby svd  vmt  1717  1245K 1580      36K   783 5.85    5.77     5965   443   37K   105 33.59   33.51  
c rst  luby svd  vmt  1718  1245K 1580      36K   783 5.85    5.77     5965   443   38K   105 33.61   33.53  
c rst  luby svd  vmt  1719  1246K 1580      36K   783 5.85    5.77     5965   446   38K   105 33.76   33.69  
c rst  luby svd  vmt  1720  1248K 1580      36K   783 5.85    5.77     5965   446   40K   105 33.93   33.86  
c rst  luby svd  vmt  1721  1251K 1580      36K   783 5.85    5.77     5977   419   43K   105 34.44   34.37  
c [distill-long-red0] cls tried: 13/13 T: 0.00 T-out: N T-r: 99.98%
c [distill-long-red1] cls tried: 63/63 T: 0.00 T-out: N T-r: 47.72%
c rst  geom best vmt  1722  1251K 1580      36K   783 5.85    5.77     5977   419   43K   105 34.44   34.37  
c rst  geom best vmt  1723  1251K 1580      36K   783 5.85    5.77     5977   419   44K   105 34.45   34.38  
c rst  geom best vmt  1724  1251K 1580      36K   783 5.85    5.77     5977   419   44K   105 34.46   34.39  
c rst  geom best vmt  1725  1251K 1580      36K   783 5.85    5.77     5977   419   44K   105 34.47   34.41  
c rst  geom best vmt  1726  1252K 1580      36K   783 5.85    5.77     5978   422   44K   105 34.48   34.41  
c rst  geom best vmt  1727  1252K 1580      36K   783 5.85    5.77     5981   423   44K   105 34.45   34.38  
c [full-probe]  bin_only: 1 set: 0 repl: 0 T: 0.00 T-out: N T-r: 99.86%
c [distill-bin] useful: 0/783/783 lits-rem: 0 cl-rem: 0 0-depth-assigns: 0 T: 0.00 T-out: N
c rst  geom best vmt  1728  1252K 1580      36K   783 5.85    5.77     5981   423   44K   105 34.48   34.41  
c rst  geom best vmt  1729  1252K 1580      36K   783 5.85    5.77     5981   423   45K   105 34.55   34.48  
c rst  geom best vmt  1730  1252K 1580      36K   783 5.85    5.77     5981   423   45K   105 34.49   34.43  
c rst  geom best vmt  1731  1253K 1580      36K   783 5.85    5.77     5981   424   45K   105 34.49   34.43  
c rst  geom best vmt  1732  1253K 1580      36K   783 5.85    5.77     5982   426   45K   105 34.47   34.41  
c rst  geom best vmt  1733  1253K 1580      36K   783 5.85    5.77     5982   426   46K   105 34.49   34.43  
c rst  geom best vmt  1734  1254K 1580      36K   783 5.85    5.77     5982   426   46K   105 34.49   34.43  
c rst  geom best vmt  1735  1254K 1580      36K   783 5.85    5.77     5982   428   46K   105 34.49   34.42  
c rst  geom best vmt  1736  1254K 1580      36K   783 5.85    5.77     5982   428   47K   105 34.55   34.49  
c rst  geom best vmt  1737  1255K 1580      36K   783 5.85    5.77     5982   429   47K   105 34.57   34.50  
c rst  geom best vmt  1738  1255K 1580      36K   783 5.85    5.77     5982   430   48K   105 34.59   34.53  
c rst  geom best vmt  1739  1256K 1580      36K   783 5.85    5.77     5982   435   48K   105 34.58   34.52  
c rst  geom best vmt  1740  1256K 1580      36K   783 5.85    5.77     5982   438   49K   105 34.56   34.50  
c rst  geom best vmt  1741  1257K 1580      36K   783 5.85    5.77     5982   438   49K   105 34.58   34.52  
c rst  geom best vmt  1742  1258K 1580      36K   783 5.85    5.77     5982   438   50K   105 34.67   34.61  
c rst  geom best vmt  1743  1259K 1580      36K   783 5.85    5.77     5982   439   51K   105 34.64   34.58  
c rst  geom best vmt  1744  1260K 1580      36K   783 5.85    5.77     5982   440   52K   105 34.57   34.51  
c rst  geom best vmt  1745  1260K 1580      36K   783 5.85    5.77     5997   439   37K   105 32.23   32.16  
c [distill] watch-based irred--  cl tried 8840     cl-sh 0     cl-rem 0    lit-rem 0      T: 0.00 T-out: N
c [distill] watch-based red  --  cl tried 11994    cl-sh 3     cl-rem 0    lit-rem 5      T: 0.01 T-out: N
c rst  geom best vmt  1746  1262K 1580      36K   783 5.85    5.77     5998   440   38K   105 32.31   32.23  
c [impl-str] lit bin: 0 set-var: 0 T: 0.00 T-out: N T-r: 99.97% w-visit: 3176
c [impl-sub] bin: 0 T: 0.00 T-out: N w-visit: 3176
c rst  geom best vmt  1747  1263K 1580      36K   783 5.85    5.77     5999   443   39K   105 32.52   32.45  
c rst  geom best vmt  1748  1264K 1580      36K   783 5.85    5.77     5999   444   40K   105 32.80   32.74  
c rst  geom best vmt  1749  1265K 1580      36K   783 5.85    5.77     5999   446   42K   105 33.01   32.94  
c rst  geom best vmt  1750  1267K 1580      36K   783 5.85    5.77     5999   447   43K   105 32.85   32.79  
c [distill-long-red0] cls tried: 18/18 T: 0.00 T-out: N T-r: 99.98%
c [distill-long-red1] cls tried: 64/64 T: 0.01 T-out: N T-r: 44.34%
c rst  geom best vmt  1751  1269K 1580      36K   783 5.85    5.77     5999   450   45K   106 32.74   32.68  
c rst  geom stb  vmt  1752  1270K 1580      36K   783 5.85    5.77     6009   431   47K   106 32.99   32.93  
c rst  geom stb  vmt  1753  1273K 1580      36K   783 5.85    5.77     6009   432   49K   106 33.00   32.95  
c [full-probe]  bin_only: 0 set: 0 repl: 0 T: 0.01 T-out: N T-r: 98.19%
c [distill-bin] useful: 0/783/783 lits-rem: 0 cl-rem: 0 0-depth-assigns: 0 T: 0.01 T-out: N
c rst  geom stb  vmt  1754  1275K 1580      36K   783 5.85    5.77     6010   451   37K   106 32.25   32.17  
c rst  geom stb  vmt  1755  1277K 1580      36K   783 5.85    5.77     6010   454   40K   106 32.59   32.52  
c [ccnr] saving best assignment phase to stable_polar
c [ccnr] bumping based on clause weights
c [ccnr] Bumped vars: 101 bump type: 6
c [ccnr] time: 0.29
c rst  geom stb  vmt  1756  1280K 1580      36K   783 5.85    5.77     6020   434   42K   106 31.98   31.91  
c rst  geom stb  vmt  1757  1283K 1580      36K   783 5.85    5.77     6020   471   45K   106 31.17   31.11  
c [distill-long-red0] cls tried: 8/8 T: 0.00 T-out: N T-r: 99.99%
c [distill-long-red1] cls tried: 78/78 T: 0.01 T-out: N T-r: 41.47%
c rst  geom stb  vmt  1758  1286K 1580      36K   783 5.85    5.77     6020   511   49K   106 30.32   30.26  
c [distill] watch-based irred--  cl tried 8840     cl-sh 0     cl-rem 0    lit-rem 0      T: 0.01 T-out: N
c [distill] watch-based red  --  cl tried 12037    cl-sh 4     cl-rem 3    lit-rem 4      T: 0.01 T-out: N
c rst  geom stb  vmt  1759  1290K 1580      36K   783 5.85    5.77     6086   676   38K   106 26.31   26.25  
c rst  geom ibes vmt  1760  1294K 1580      36K   783 5.85    5.77     6086   710   42K   106 25.69   25.63  
c [full-probe]  bin_only: 1 set: 0 repl: 0 T: 0.00 T-out: N T-r: 99.85%
c [distill-bin] useful: 0/783/783 lits-rem: 0 cl-rem: 0 0-depth-assigns: 0 T: 0.00 T-out: N
c rst  geom ibes vmt  1761  1298K 1580      36K   783 5.85    5.77     6092   790   46K   106 25.72   25.68  
c [distill-long-red0] cls tried: 34/34 T: 0.00 T-out: N T-r: 99.90%
c [distill-long-red1] cls tried: 41/382 T: 0.01 T-out: Y T-r: -1.48%
c rst  geom ibes vmt  1762  1303K 1580      36K   783 5.85    5.77     6166   761   51K   106 24.83   24.78  
c rst  geom ibes vmt  1763  1308K 1580      36K   783 5.85    5.77     6188  1318   41K   106 20.91   20.87  
c [gauss] XOR-encoding clauses are not detached, so no need to reattach them.
c [g 0] truth-find prop checks  : 2806K
c [g 0] -> of which prop        : 37.77 %
c [g 0] -> of which confl       :  1.39 %
c [g 0] elim called             : 253K
c [g 0] ---> which lead to prop : 35.96 %
c [g 0] ---> which lead to confl:  0.93 %
c [g 0] size: 66    x 494  
c [scc] new: 0 BP 0M T: 0.00
c [vrep] vars 0 lits 0 rem-bin-cls 0 rem-long-cls 0 BP 0M T: 0.00
c [intree] Set 0 vars hyper-added: 3 trans-irred: 0 trans-red: 1 T: 0.00 T-out: N T-r: -0.58%
c [find&init matx] performing matrix init
c [gauss] XOR-encoding clauses are not detached, so no need to reattach them.
c [xor-rem-unconnected] left with 1015 xors from 1016 non-empty xors T: 0.00
c [xor-together] xored together: 949 orig xors: 1015 new xors: 66 T: 0.00
c [xor-rem-unconnected] left with 66 xors from 66 non-empty xors T: 0.00
c [xor-clean-equiv] removed equivalent xors: 0 left with: 66
c [matrix] unused xors from cleaning: 1
c [matrix] Good   matrix 0 66      x494    density:0.1267  xorlen avg: 62.58
c [matrix] Using 1 matrices recovered from 0 xors T: 0.00 T-out: N
c rst  geom svd  vmt  1764  1314K 1580      36K   783 5.85    5.77     6271  1228   46K   108 20.70   20.67  
c recursive minimization cost OK: 2435Kcost/(% lits removed)
c [gauss] XOR-encoding clauses are not detached, so no need to reattach them.
c [g 0] truth-find prop checks  : 292K
c [g 0] -> of which prop        : 23.15 %
c [g 0] -> of which confl       :  1.10 %
c [g 0] elim called             : 37K
c [g 0] ---> which lead to prop : 30.71 %
c [g 0] ---> which lead to confl:  0.66 %
c [g 0] size: 66    x 494  
c --> Executing strategy token: scc-vrepl
c [scc] new: 0 BP 0M T: 0.00
c --> Executing strategy token: sub-impl
c [impl-sub] bin: 0 T: 0.00 T-out: N w-visit: 3176
c --> Executing strategy token: breakid
c --> Executing OCC strategy token(s): 'occ-backw-sub-str,occ-clean-implicit,occ-bve,occ-bva,occ-ternary-res,occ-xor,'
c [occ] mem usage for occur 3      MB
c [occ] Linked in IRRED BIN by default: 783
c [occ] Linked in RED   BIN by default: 108
c [occ] mem usage for occur 0      MB
c Mem for watch alloc      : 22          MB (32.99     %)
c Mem for watch array      : 0           MB (0.11      %)
c --> Executing OCC strategy token: occ-backw-sub-str
c [occ-backw-sub-str-long-w-bins] subs: 0 str: 10 tried: 11118 0-depth ass: 0 T: 0.00 T-out: N T-r: 99.24%
c [occ-backw-sub-long-w-long] rem cl: 89 tried: 90204/90204 (100.0%) T: 0.03 T-out: N T-r: 80.93%
c [occ-backw-sub-str-long-w-long] sub: 0 str: 33 tried: 270612/90204 (300.0)  T: 0.21 T-out: N T-r: 61.50%
c --> Executing OCC strategy token: occ-clean-implicit
c --> Executing OCC strategy token: occ-bve
c [occ-empty-res] Empty resolvent elimed: 0 T: 0.00 T-out: N
c [occ-bve] iter v-elim 0
c cl_inc_rate=1.0, var_dec_rate=1.0 (grow=0)
c Reduced to 1580 vars, 36829 cls (grow=0)
c [occ-bve] iter v-elim 0
c cl_inc_rate=1.0, var_dec_rate=1.0 (grow=8)
c Reduced to 1580 vars, 36829 cls (grow=8)
c [occ-bve] iter v-elim 0
c cl_inc_rate=1.0, var_dec_rate=1.0 (grow=16)
c Reduced to 1580 vars, 36829 cls (grow=16)
c x n vars       : 1580
c #try to eliminate:  4740
c #var-elim        :     0
c #T-o: N
c #T-r: 99.99%
c #T  : 0.26
c [occur] 0.02 is overhead
c [occur] link-in T: 0.02 cleanup T: 0.00
c --> Executing OCC strategy token: occ-bva
c --> Executing OCC strategy token: occ-ternary-res
c [occ-ternary-res] Ternary res-tri: 0 res-bin: 0 sub: 0 str: 0 T: 0.00 T-out: N T-r: 99.83%
c --> Executing OCC strategy token: occ-xor
c [occ-xor] sort occur list T: 0.00
c [xor-clean-equiv] removed equivalent xors: 0 left with: 1009
c [occ-xor] found   1009 avg sz 5.9 min sz  4 max sz  6 T: 0.01 T-out: N T-r: 99.98%
c --> Executing strategy token: card-find
c --> Executing strategy token: cl-consolidate
c Not consolidating memory.
c --> Executing strategy token: scc-vrepl
c [scc] new: 0 BP 0M T: 0.00
c --> Executing strategy token: renumber
c --> Executing strategy token: bosphorus
c --> Executing strategy token: louvain-comms
c [consolidate] mini T: 0.00
c global_timeout_multiplier: 5.8462
c [branch] rebuilding order heap for all branchings. Current branching: vmtf
c [find&init matx] performing matrix init
c [gauss] XOR-encoding clauses are not detached, so no need to reattach them.
c [xor-rem-unconnected] left with 1008 xors from 1009 non-empty xors T: 0.00
c [xor-together] xored together: 937 orig xors: 1008 new xors: 71 T: 0.00
c [xor-rem-unconnected] left with 71 xors from 71 non-empty xors T: 0.00
c [xor-clean-equiv] removed equivalent xors: 0 left with: 71
c [matrix] unused xors from cleaning: 1
c [matrix] Good   matrix  0     71 x  504  density:0.1149  xorlen avg: 57.92
c [matrix] Using 1 matrices recovered from 0 xors T: 0.00 T-out: N
c [distill-long-red0] cls tried: 190/190 T: 0.03 T-out: N T-r: 99.12%
c [distill-long-red1] cls tried: 32/1193 T: 0.02 T-out: Y T-r: -2.35%
c [distill] watch-based irred--  cl tried     9288 cl-sh     0 cl-rem    0 lit-rem      0 T: 0.02 T-out: N
c [distill] watch-based   red--  cl tried    12320 cl-sh     0 cl-rem    0 lit-rem      0 T: 0.02 T-out: Y
c rst  geom  svd  vmt  1765 1314K    1580   36K   783    5.85    5.77  6222  1522   46K   108   20.66   20.62
c [full-probe]  bin_only: 0 set: 0 repl: 0 T: 0.00 T-out: N T-r: 98.16%
c [distill-bin] useful: 0/783/783 lits-rem: 0 cl-rem: 0 0-depth-assigns: 0 T: 0.00 T-out: N
c rst  geom  svd  vmt  1766 1321K    1580   36K   783    5.85    5.77  6291  1761   38K   108   17.86   17.82
c rst  geom  svd  vmt  1767 1328K    1580   36K   783    5.85    5.77  6293  1907   45K   108   18.60   18.56
c [impl-str] lit bin: 0 set-var: 0 T: 0.00 T-out: N T-r: 99.97% w-visit: 3176
c [impl-sub] bin: 0 T: 0.00 T-out: N w-visit: 3176
c [ccnr] saving best assignment phase to stable_polar
c [ccnr] bumping based on var unsat frequency: conflict_ct
c [ccnr] Bumped vars: 1588 bump type: 6
c [ccnr] time: 0.28
c rst  geom best  vmt  1768 1335K    1580   36K   783    5.85    5.77  6452  2667   37K   108   23.52   23.47
c [distill-long-red0] cls tried: 209/209 T: 0.02 T-out: N T-r: 99.48%
c [distill-long-red1] cls tried: 41/2404 T: 0.02 T-out: Y T-r: -5.47%
c [full-probe]  bin_only: 1 set: 0 repl: 0 T: 0.00 T-out: N T-r: 99.88%
c [distill-bin] useful: 0/783/783 lits-rem: 0 cl-rem: 0 0-depth-assigns: 0 T: 0.00 T-out: N
c rst  geom best  vmt  1769 1344K    1580   36K   783    5.85    5.77  6564  2487   46K   108   26.14   26.09
c [distill] watch-based irred--  cl tried     9288 cl-sh     0 cl-rem    0 lit-rem      0 T: 0.01 T-out: N
c [distill] watch-based   red--  cl tried    13081 cl-sh    45 cl-rem    0 lit-rem    103 T: 0.02 T-out: Y
c rst  geom best  vmt  1770 1353K    1580   36K   783    5.85    5.77  6570  2537   41K   108   30.31   30.25
c [branch] adjusting to: vsid (from: vmtf) var_decay:0.95 descr: VSIDS
c [distill-long-red0] cls tried: 116/116 T: 0.01 T-out: N T-r: 99.84%
c [distill-long-red1] cls tried: 35/2334 T: 0.02 T-out: Y T-r: -1.97%
c rst  geom  stb   vs  1771 1354K    1580   36K   783    5.85    5.77  6570  2537   41K   108   30.32   30.26
c rst  geom  stb   vs  1772 1354K    1580   36K   783    5.85    5.77  6570  2537   41K   108   30.33   30.27
c rst  geom  stb   vs  1773 1354K    1580   36K   783    5.85    5.77  6570  2538   41K   108   30.34   30.28
c rst  geom  stb   vs  1774 1354K    1580   36K   783    5.85    5.77  6570  2538   42K   108   30.36   30.30
c rst  geom  stb   vs  1775 1354K    1580   36K   783    5.85    5.77  6570  2538   42K   108   30.37   30.31
c rst  geom  stb   vs  1776 1354K    1580   36K   783    5.85    5.77  6570  2538   42K   108   30.46   30.40
c rst  geom  stb   vs  1777 1354K    1580   36K   783    5.85    5.77  6570  2539   42K   108   30.52   30.46
c rst  geom  stb   vs  1778 1355K    1580   36K   783    5.85    5.77  6570  2542   42K   108   30.60   30.54
c rst  geom  stb   vs  1779 1355K    1580   36K   783    5.85    5.77  6570  2543   43K   108   30.68   30.62
c rst  geom  stb   vs  1780 1355K    1580   36K   783    5.85    5.77  6570  2544   43K   108   30.77   30.71
c rst  geom  stb   vs  1781 1355K    1580   36K   783    5.85    5.77  6570  2545   43K   108   30.80   30.74
c rst  geom  stb   vs  1782 1356K    1580   36K   783    5.85    5.77  6570  2545   43K   108   30.87   30.81
c [full-probe]  bin_only: 0 set: 0 repl: 0 T: 0.00 T-out: N T-r: 98.40%
c [distill-bin] useful: 0/783/783 lits-rem: 0 cl-rem: 0 0-depth-assigns: 0 T: 0.01 T-out: N
c rst  geom  stb   vs  1783 1356K    1580   36K   783    5.85    5.77  6570  2546   44K   108   30.97   30.91
c rst  geom  stb   vs  1784 1356K    1580   36K   783    5.85    5.77  6570  2546   44K   108   31.04   30.99
c rst  geom  stb   vs  1785 1357K    1580   36K   783    5.85    5.77  6570  2546   45K   108   31.14   31.09
c rst  geom  stb   vs  1786 1357K    1580   36K   783    5.85    5.77  6570  2548   45K   108   31.16   31.10
c rst  geom  stb   vs  1787 1358K    1580   36K   783    5.85    5.77  6570  2548   45K   108   31.31   31.26
c rst  geom  stb   vs  1788 1358K    1580   36K   783    5.85    5.77  6571  2548   46K   108   31.53   31.48
c rst  geom  stb   vs  1789 1359K    1580   36K   783    5.85    5.77  6571  2549   47K   108   31.67   31.61
c rst  geom  stb   vs  1790 1360K    1580   36K   783    5.85    5.77  6583  2461   47K   108   31.73   31.67
c rst  geom  stb   vs  1791 1360K    1580   36K   783    5.85    5.77  6584  2463   48K   108   31.86   31.80
c rst  geom  stb   vs  1792 1361K    1580   36K   783    5.85    5.77  6584  2465   49K   108   31.94   31.89
c rst  geom  stb   vs  1793 1362K    1580   36K   783    5.85    5.77  6584  2467   50K   108   32.12   32.06
c rst  geom  stb   vs  1794 1363K    1580   36K   783    5.85    5.77  6584  2469   51K   108   32.28   32.23
c rst  geom  stb   vs  1795 1364K    1580   36K   783    5.85    5.77  6585  2474   52K   108   32.56   32.50
c rst  geom  stb   vs  1796 1365K    1580   36K   783    5.85    5.77  6588  2529   37K   108   36.12   36.04
c rst  geom  stb   vs  1797 1366K    1580   36K   783    5.85    5.77  6588  2535   38K   108   36.33   36.25
c rst  geom  stb   vs  1798 1368K    1580   36K   783    5.85    5.77  6588  2536   39K   108   36.36   36.29
c rst  geom  stb   vs  1799 1369K    1580   36K   783    5.85    5.77  6588  2541   41K   108   36.45   36.38
c [distill-long-red0] cls tried: 15/15 T: 0.00 T-out: N T-r: 99.97%
c [distill-long-red1] cls tried: 28/2332 T: 0.02 T-out: Y T-r: -3.43%
c [distill] watch-based irred--  cl tried     9288 cl-sh     0 cl-rem    0 lit-rem      0 T: 0.01 T-out: N
c [distill] watch-based   red--  cl tried    13176 cl-sh     2 cl-rem    0 lit-rem      2 T: 0.01 T-out: N
c rst  geom  stb   vs  1800 1371K    1580   36K   783    5.85    5.77  6604  2249   43K   108   36.57   36.50
c rst  geom  stb   vs  1801 1373K    1580   36K   783    5.85    5.77  6604  2254   45K   108   36.53   36.46
c [ccnr] saving best assignment phase to stable_polar
c [ccnr] bumping based on var unsat frequency: conflict_ct
c [ccnr] Bumped vars: 1588 bump type: 6
c [ccnr] time: 0.29
c rst  geom ibes   vs  1802 1375K    1580   36K   783    5.85    5.77  6604  2255   47K   108   36.29   36.22
c [gauss] XOR-encoding clauses are not detached, so no need to reattach them.
c [g 0] truth-find prop checks  : 2181K
c [g 0] -> of which prop        : 48.27 %
c [g 0] -> of which confl       :  1.43 %
c [g 0] elim called             : 163K
c [g 0] ---> which lead to prop : 65.61 %
c [g 0] ---> which lead to confl:  2.22 %
c [g 0] size: 71    x 504  
c [scc] new: 0 BP 0M T: 0.00
c [vrep] vars 0 lits 0 rem-bin-cls 0 rem-long-cls 0 BP 0M T: 0.01
c [intree] Set 0 vars hyper-added: 0 trans-irred: 0 trans-red: 0 T: 0.01 T-out: N T-r: -0.68%
c [find&init matx] performing matrix init
c [gauss] XOR-encoding clauses are not detached, so no need to reattach them.
c [xor-rem-unconnected] left with 1008 xors from 1009 non-empty xors T: 0.00
c [xor-together] xored together: 937 orig xors: 1008 new xors: 71 T: 0.00
c [xor-rem-unconnected] left with 71 xors from 71 non-empty xors T: 0.00
c [xor-clean-equiv] removed equivalent xors: 0 left with: 71
c [matrix] unused xors from cleaning: 1
c [matrix] Good   matrix 0 71      x504    density:0.1149  xorlen avg: 57.92
c [matrix] Using 1 matrices recovered from 0 xors T: 0.00 T-out: N
c rst  geom ibes vs   1803  1377K 1580      36K   783 5.85    5.77     6604  2260   49K   108 36.30   36.24  
c [full-probe]  bin_only: 1 set: 0 repl: 0 T: 0.00 T-out: N T-r: 99.83%
c [distill-bin] useful: 0/783/783 lits-rem: 0 cl-rem: 0 0-depth-assigns: 0 T: 0.01 T-out: N
c rst  geom ibes vs   1804  1380K 1580      36K   783 5.85    5.77     6620  1962   38K   108 33.49   33.41  
c rst  geom ibes vs   1805  1382K 1580      36K   783 5.85    5.77     6620  1966   41K   108 33.62   33.55  
c rst  geom ibes vs   1806  1385K 1580      36K   783 5.85    5.77     6620  1968   44K   108 33.31   33.25  
c [distill-long-red0] cls tried: 32/32 T: 0.00 T-out: N T-r: 99.94%
c [distill-long-red1] cls tried: 38/1774 T: 0.02 T-out: Y T-r: -1.74%
c rst  geom ibes vs   1807  1389K 1580      36K   783 5.85    5.77     6620  1974   47K   108 33.89   33.83  
c [impl-str] lit bin: 0 set-var: 0 T: 0.00 T-out: N T-r: 99.96% w-visit: 3176
c [impl-sub] bin: 0 T: 0.00 T-out: N w-visit: 3176
c rst  geom ibes vs   1808  1392K 1580      36K   783 5.85    5.77     6631  1424   51K   108 33.85   33.79  
c rst  geom svd  vs   1809  1396K 1580      36K   783 5.85    5.77     6637  1524   41K   108 32.55   32.48  
c [distill] watch-based irred--  cl tried 9288     cl-sh 0     cl-rem 0    lit-rem 0      T: 0.00 T-out: N
c [distill] watch-based red  --  cl tried 13274    cl-sh 6     cl-rem 0    lit-rem 7      T: 0.01 T-out: N
c rst  geom svd  vs   1810  1401K 1580      36K   783 5.85    5.77     6661   833   46K   108 33.09   33.03  
c [distill-long-red0] cls tried: 41/41 T: 0.00 T-out: N T-r: 99.93%
c [distill-long-red1] cls tried: 64/685 T: 0.02 T-out: Y T-r: -1.30%
c [full-probe]  bin_only: 0 set: 0 repl: 0 T: 0.01 T-out: N T-r: 98.28%
c [distill-bin] useful: 0/783/783 lits-rem: 0 cl-rem: 0 0-depth-assigns: 0 T: 0.01 T-out: N
c rst  geom svd  vs   1811  1406K 1580      36K   783 5.85    5.77     6661   857   51K   108 33.39   33.33  
c rst  geom svd  vs   1812  1411K 1580      36K   783 5.85    5.77     6691   557   41K   108 31.22   31.16  
c rst  geom svd  vs   1813  1417K 1580      36K   783 5.85    5.77     6692   586   47K   108 32.23   32.17  
c [distill-long-red0] cls tried: 31/31 T: 0.00 T-out: N T-r: 99.93%
c [distill-long-red1] cls tried: 64/512 T: 0.02 T-out: Y T-r: -2.58%
c rst  geom best vs   1814  1423K 1580      36K   783 5.85    5.77     6734   566   53K   108 33.30   33.25  
c [full-probe]  bin_only: 1 set: 0 repl: 0 T: 0.00 T-out: N T-r: 99.81%
c [distill-bin] useful: 0/783/783 lits-rem: 0 cl-rem: 0 0-depth-assigns: 0 T: 0.01 T-out: N
c [distill] watch-based irred--  cl tried 9288     cl-sh 0     cl-rem 0    lit-rem 0      T: 0.01 T-out: N
c [distill] watch-based red  --  cl tried 13468    cl-sh 10    cl-rem 0    lit-rem 15     T: 0.01 T-out: N
c [ccnr] saving best assignment phase to stable_polar
c [ccnr] bumping based on clause weights
c [ccnr] Bumped vars: 103 bump type: 6
c [ccnr] time: 0.28
c rst  geom best vs   1815  1430K 1580      36K   783 5.85    5.77     6751   668   45K   108 35.77   35.70  
c rst  geom best vs   1816  1438K 1580      36K   783 5.85    5.77     6752   680   52K   108 37.64   37.58  
c [distill-long-red0] cls tried: 64/64 T: 0.00 T-out: N T-r: 99.90%
c [distill-long-red1] cls tried: 59/544 T: 0.02 T-out: Y T-r: -0.93%
c rst  geom stb  vs   1817  1447K 1580      36K   783 5.85    5.77     6765   706   45K   108 38.50   38.43  
c [full-probe]  bin_only: 0 set: 0 repl: 0 T: 0.01 T-out: N T-r: 98.22%
c [distill-bin] useful: 0/783/783 lits-rem: 0 cl-rem: 0 0-depth-assigns: 0 T: 0.01 T-out: N
c [gauss] XOR-encoding clauses are not detached, so no need to reattach them.
c [g 0] truth-find prop checks  : 2472K
c [g 0] -> of which prop        : 60.78 %
c [g 0] -> of which confl       :  1.54 %
c [g 0] elim called             : 124K
c [g 0] ---> which lead to prop : 85.01 %
c [g 0] ---> which lead to confl:  4.55 %
c [g 0] size: 71    x 504  
c [scc] new: 0 BP 0M T: 0.00
c [vrep] vars 0 lits 0 rem-bin-cls 0 rem-long-cls 0 BP 0M T: 0.01
c [intree] Set 0 vars hyper-added: 0 trans-irred: 0 trans-red: 0 T: 0.00 T-out: N T-r: -0.96%
c [find&init matx] performing matrix init
c [gauss] XOR-encoding clauses are not detached, so no need to reattach them.
c [xor-rem-unconnected] left with 1008 xors from 1009 non-empty xors T: 0.00
c [xor-together] xored together: 937 orig xors: 1008 new xors: 71 T: 0.00
c [xor-rem-unconnected] left with 71 xors from 71 non-empty xors T: 0.00
c [xor-clean-equiv] removed equivalent xors: 0 left with: 71
c [matrix] unused xors from cleaning: 1
c [matrix] Good   matrix 0 71      x504    density:0.1149  xorlen avg: 57.92
c [matrix] Using 1 matrices recovered from 0 xors T: 0.00 T-out: N
c rst  geom stb  vs   1818  1456K 1580      36K   783 5.85    5.77     6786   747   40K   108 37.49   37.41  
c [distill-long-red0] cls tried: 32/32 T: 0.00 T-out: N T-r: 99.95%
c [distill-long-red1] cls tried: 93/571 T: 0.02 T-out: Y T-r: -1.68%
c [distill] watch-based irred--  cl tried 9288     cl-sh 0     cl-rem 0    lit-rem 0      T: 0.00 T-out: N
c [distill] watch-based red  --  cl tried 13572    cl-sh 3     cl-rem 0    lit-rem 3      T: 0.01 T-out: N
c [impl-str] lit bin: 0 set-var: 0 T: 0.00 T-out: N T-r: 99.97% w-visit: 3176
c [impl-sub] bin: 0 T: 0.00 T-out: N w-visit: 3176
c rst  geom stb  vs   1819  1466K 1580      36K   783 5.85    5.77     6807   741   50K   108 37.09   37.02  
c rst  geom ibes vs   1820  1478K 1580      36K   783 5.85    5.77     6842   782   46K   108 36.03   35.96  
c [distill-long-red0] cls tried: 52/52 T: 0.00 T-out: N T-r: 99.90%
c [distill-long-red1] cls tried: 89/556 T: 0.01 T-out: Y T-r: -1.67%
c [full-probe]  bin_only: 1 set: 0 repl: 0 T: 0.00 T-out: N T-r: 99.87%
c [distill-bin] useful: 0/783/783 lits-rem: 0 cl-rem: 0 0-depth-assigns: 0 T: 0.01 T-out: N
c [ccnr] saving best assignment phase to stable_polar
c [ccnr] bumping based on var unsat frequency: conflict_ct
c [ccnr] Bumped vars: 1588 bump type: 6
c [ccnr] time: 0.28
c rst  geom ibes vs   1821  1490K 1580      36K   783 5.85    5.77     6869   674   44K   108 31.89   31.82  
c [branch] adjusting to: vmtf (from: vsid) var_decay:0.95 descr: VMTF
c [distill] watch-based irred--  cl tried 9288     cl-sh 0     cl-rem 0    lit-rem 0      T: 0.00 T-out: N
c [distill] watch-based red  --  cl tried 13738    cl-sh 11    cl-rem 0    lit-rem 17     T: 0.01 T-out: N
c rst  luby svd  vmt  1822  1490K 1580      36K   783 5.85    5.77     6872   687   44K   109 31.89   31.82  
c rst  luby svd  vmt  1823  1490K 1580      36K   783 5.85    5.77     6872   688   44K   109 31.89   31.83  
c rst  luby svd  vmt  1824  1491K 1580      36K   783 5.85    5.77     6872   690   44K   109 31.97   31.91  
c rst  luby svd  vmt  1825  1491K 1580      36K   783 5.85    5.77     6872   691   44K   109 32.00   31.94  
c rst  luby svd  vmt  1826  1491K 1580      36K   783 5.85    5.77     6872   691   44K   109 32.02   31.96  
c rst  luby svd  vmt  1827  1491K 1580      36K   783 5.85    5.77     6872   692   45K   109 32.03   31.97  
c rst  luby svd  vmt  1828  1491K 1580      36K   783 5.85    5.77     6872   693   45K   109 32.15   32.09  
c rst  luby svd  vmt  1829  1491K 1580      36K   783 5.85    5.77     6872   694   45K   109 32.18   32.12  
c rst  luby svd  vmt  1830  1492K 1580      36K   783 5.85    5.77     6872   696   45K   109 32.20   32.14  
c rst  luby svd  vmt  1831  1492K 1580      36K   783 5.85    5.77     6872   696   45K   109 32.24   32.18  
c rst  luby svd  vmt  1832  1492K 1580      36K   783 5.85    5.77     6872   696   45K   109 32.25   32.19  
c rst  luby svd  vmt  1833  1492K 1580      36K   783 5.85    5.77     6872   697   46K   109 32.27   32.21  
c rst  luby svd  vmt  1834  1492K 1580      36K   783 5.85    5.77     6872   699   46K   109 32.30   32.24  
c rst  luby svd  vmt  1835  1493K 1580      36K   783 5.85    5.77     6872   699   46K   109 32.41   32.35  
c rst  luby svd  vmt  1836  1493K 1580      36K   783 5.85    5.77     6872   705   47K   109 32.65   32.59  
c [distill-long-red0] cls tried: 32/32 T: 0.00 T-out: N T-r: 99.93%
c [distill-long-red1] cls tried: 102/462 T: 0.01 T-out: Y T-r: -1.12%
c rst  luby svd  vmt  1837  1493K 1580      36K   783 5.85    5.77     6872   705   47K   109 32.66   32.60  
c rst  luby svd  vmt  1838  1494K 1580      36K   783 5.85    5.77     6872   705   47K   109 32.70   32.64  
c rst  luby svd  vmt  1839  1494K 1580      36K   783 5.85    5.77     6872   706   47K   109 32.73   32.67  
c rst  luby svd  vmt  1840  1494K 1580      36K   783 5.85    5.77     6872   706   48K   109 32.73   32.67  
c rst  luby svd  vmt  1841  1494K 1580      36K   783 5.85    5.77     6872   709   48K   109 32.74   32.68  
c rst  luby svd  vmt  1842  1494K 1580      36K   783 5.85    5.77     6872   711   48K   109 32.77   32.71  
c rst  luby svd  vmt  1843  1495K 1580      36K   783 5.85    5.77     6872   711   48K   109 32.86   32.80  
c rst  luby svd  vmt  1844  1495K 1580      36K   783 5.85    5.77     6872   711   48K   109 32.87   32.82  
c rst  luby svd  vmt  1845  1495K 1580      36K   783 5.85    5.77     6872   711   48K   109 32.88   32.82  
c rst  luby svd  vmt  1846  1495K 1580      36K   783 5.85    5.77     6872   711   49K   109 32.91   32.85  
c rst  luby svd  vmt  1847  1495K 1580      36K   783 5.85    5.77     6872   711   49K   109 32.92   32.86  
c rst  luby svd  vmt  1848  1495K 1580      36K   783 5.85    5.77     6872   711   49K   109 32.94   32.88  
c rst  luby svd  vmt  1849  1495K 1580      36K   783 5.85    5.77     6872   712   49K   109 32.93   32.88  
c rst  luby svd  vmt  1850  1496K 1580      36K   783 5.85    5.77     6872   713   49K   109 33.00   32.94  
c rst  luby svd  vmt  1851  1497K 1580      36K   783 5.85    5.77     6872   716   50K   109 32.99   32.93  
c rst  luby svd  vmt  1852  1498K 1580      36K   783 5.85    5.77     6872   718   52K   109 33.11   33.06  
c [full-probe]  bin_only: 0 set: 0 repl: 0 T: 0.01 T-out: N T-r: 98.08%
c [distill-bin] useful: 0/783/783 lits-rem: 0 cl-rem: 0 0-depth-assigns: 0 T: 0.01 T-out: N
c rst  luby svd  vmt  1853  1498K 1580      36K   783 5.85    5.77     6872   719   52K   109 33.13   33.07  
c rst  luby svd  vmt  1854  1498K 1580      36K   783 5.85    5.77     6872   719   52K   109 33.14   33.09  
c rst  luby svd  vmt  1855  1499K 1580      36K   783 5.85    5.77     6872   719   52K   109 33.16   33.11  
c rst  luby svd  vmt  1856  1499K 1580      36K   783 5.85    5.77     6872   719   52K   109 33.19   33.13  
c rst  luby svd  vmt  1857  1499K 1580      36K   783 5.85    5.77     6872   719   52K   109 33.21   33.15  
c rst  luby svd  vmt  1858  1499K 1580      36K   783 5.85    5.77     6872   719   53K   109 33.26   33.21  
c rst  luby svd  vmt  1859  1499K 1580      36K   783 5.85    5.77     6872   720   53K   109 33.32   33.26  
c rst  luby svd  vmt  1860  1499K 1580      36K   783 5.85    5.77     6872   720   53K   109 33.34   33.29  
c rst  luby svd  vmt  1861  1500K 1580      36K   783 5.85    5.77     6911   766   38K   109 33.02   32.94  
c rst  luby svd  vmt  1862  1500K 1580      36K   783 5.85    5.77     6911   766   38K   109 33.04   32.97  
c rst  luby svd  vmt  1863  1500K 1580      36K   783 5.85    5.77     6911   766   38K   109 33.08   33.00  
c rst  luby svd  vmt  1864  1500K 1580      36K   783 5.85    5.77     6911   766   38K   109 33.10   33.02  
c rst  luby svd  vmt  1865  1500K 1580      36K   783 5.85    5.77     6911   766   38K   109 33.13   33.06  
c rst  luby svd  vmt  1866  1501K 1580      36K   783 5.85    5.77     6911   768   39K   109 33.17   33.10  
c rst  luby svd  vmt  1867  1501K 1580      36K   783 5.85    5.77     6911   768   39K   109 33.19   33.12  
c rst  luby svd  vmt  1868  1502K 1580      36K   783 5.85    5.77     6911   768   40K   109 33.19   33.12  
c rst  luby svd  vmt  1869  1502K 1580      36K   783 5.85    5.77     6911   768   40K   109 33.19   33.12  
c rst  luby svd  vmt  1870  1502K 1580      36K   783 5.85    5.77     6911   768   40K   109 33.22   33.15  
c rst  luby svd  vmt  1871  1502K 1580      36K   783 5.85    5.77     6911   768   40K   109 33.22   33.15  
c rst  luby svd  vmt  1872  1502K 1580      36K   783 5.85    5.77     6911   768   40K   109 33.23   33.16  
c rst  luby svd  vmt  1873  1502K 1580      36K   783 5.85    5.77     6911   768   40K   109 33.25   33.18  
c rst  luby svd  vmt  1874  1503K 1580      36K   783 5.85    5.77     6911   769   41K   109 33.30   33.23  
c rst  luby svd  vmt  1875  1503K 1580      36K   783 5.85    5.77     6911   769   41K   109 33.32   33.25  
c rst  luby svd  vmt  1876  1503K 1580      36K   783 5.85    5.77     6911   769   41K   109 33.35   33.28  
c rst  luby svd  vmt  1877  1503K 1580      36K   783 5.85    5.77     6912   769   41K   109 33.37   33.30  
c rst  luby svd  vmt  1878  1503K 1580      36K   783 5.85    5.77     6912   769   41K   109 33.39   33.32  
c rst  luby svd  vmt  1879  1503K 1580      36K   783 5.85    5.77     6912   771   41K   109 33.41   33.34  
c rst  luby svd  vmt  1880  1503K 1580      36K   783 5.85    5.77     6912   772   41K   109 33.45   33.38  
c rst  luby svd  vmt  1881  1504K 1580      36K   783 5.85    5.77     6912   775   42K   109 33.49   33.42  
c rst  luby svd  vmt  1882  1505K 1580      36K   783 5.85    5.77     6913   784   43K   109 33.64   33.57  
c rst  luby svd  vmt  1883  1506K 1580      36K   783 5.85    5.77     6913   794   44K   109 34.00   33.94  
c rst  luby svd  vmt  1884  1509K 1580      36K   783 5.85    5.77     6914   812   47K   109 34.64   34.58  
c [distill-long-red0] cls tried: 39/39 T: 0.00 T-out: N T-r: 99.93%
c [distill-long-red1] cls tried: 86/475 T: 0.02 T-out: Y T-r: -2.03%
c rst  luby svd  vmt  1885  1510K 1580      36K   783 5.85    5.77     6914   812   48K   109 34.69   34.62  
c rst  luby svd  vmt  1886  1510K 1580      36K   783 5.85    5.77     6936   769   48K   109 34.68   34.62  
c rst  luby svd  vmt  1887  1510K 1580      36K   783 5.85    5.77     6936   769   48K   109 34.70   34.64  
c rst  luby svd  vmt  1888  1510K 1580      36K   783 5.85    5.77     6936   769   48K   109 34.73   34.67  
c rst  luby svd  vmt  1889  1510K 1580      36K   783 5.85    5.77     6936   769   48K   109 34.74   34.68  
c rst  luby svd  vmt  1890  1510K 1580      36K   783 5.85    5.77     6937   770   48K   109 34.75   34.69  
c rst  geom best vmt  1891  1510K 1580      36K   783 5.85    5.77     6937   770   48K   109 34.77   34.70  
c rst  geom best vmt  1892  1510K 1580      36K   783 5.85    5.77     6937   771   48K   109 34.78   34.72  
c rst  geom best vmt  1893  1511K 1580      36K   783 5.85    5.77     6937   771   49K   109 34.76   34.70  
c rst  geom best vmt  1894  1511K 1580      36K   783 5.85    5.77     6937   772   49K   109 34.81   34.74  
c rst  geom best vmt  1895  1511K 1580      36K   783 5.85    5.77     6937   774   49K   109 34.81   34.75  
c rst  geom best vmt  1896  1511K 1580      36K   783 5.85    5.77     6937   776   49K   109 34.85   34.79  
c rst  geom best vmt  1897  1511K 1580      36K   783 5.85    5.77     6937   776   49K   109 34.85   34.79  
c rst  geom best vmt  1898  1512K 1580      36K   783 5.85    5.77     6937   778   49K   109 34.86   34.80  
c rst  geom best vmt  1899  1512K 1580      36K   783 5.85    5.77     6937   778   50K   109 34.87   34.81  
c [gauss] XOR-encoding clauses are not detached, so no need to reattach them.
c [g 0] truth-find prop checks  : 2301K
c [g 0] -> of which prop        : 57.55 %
c [g 0] -> of which confl       :  1.42 %
c [g 0] elim called             : 150K
c [g 0] ---> which lead to prop : 77.48 %
c [g 0] ---> which lead to confl:  3.64 %
c [g 0] size: 71    x 504  
c [scc] new: 0 BP 0M T: 0.00
c [vrep] vars 0 lits 0 rem-bin-cls 0 rem-long-cls 0 BP 0M T: 0.01
c [intree] Set 0 vars hyper-added: 2 trans-irred: 0 trans-red: 0 T: 0.01 T-out: N T-r: -0.58%
c [find&init matx] performing matrix init
c [gauss] XOR-encoding clauses are not detached, so no need to reattach them.
c [xor-rem-unconnected] left with 1008 xors from 1009 non-empty xors T: 0.00
c [xor-together] xored together: 937 orig xors: 1008 new xors: 71 T: 0.00
c [xor-rem-unconnected] left with 71 xors from 71 non-empty xors T: 0.00
c [xor-clean-equiv] removed equivalent xors: 0 left with: 71
c [matrix] unused xors from cleaning: 1
c [matrix] Good   matrix 0 71      x504    density:0.1149  xorlen avg: 57.92
c [matrix] Using 1 matrices recovered from 0 xors T: 0.00 T-out: N
c rst  geom best vmt  1900  1512K 1580      36K   783 5.85    5.77     6937   778   50K   111 34.86   34.80  
c rst  geom best vmt  1901  1512K 1580      36K   783 5.85    5.77     6937   778   50K   111 34.86   34.79  
c rst  geom best vmt  1902  1513K 1580      36K   783 5.85    5.77     6937   778   51K   111 34.83   34.77  
c rst  geom best vmt  1903  1513K 1580      36K   783 5.85    5.77     6937   780   51K   111 34.81   34.75  
c rst  geom best vmt  1904  1513K 1580      36K   783 5.85    5.77     6937   782   51K   111 34.88   34.81  
c rst  geom best vmt  1905  1514K 1580      36K   783 5.85    5.77     6938   789   52K   111 34.89   34.83  
c rst  geom best vmt  1906  1514K 1580      36K   783 5.85    5.77     6938   789   52K   111 34.93   34.87  
c rst  geom best vmt  1907  1515K 1580      36K   783 5.85    5.77     6946   853   37K   111 32.55   32.48  
c rst  geom best vmt  1908  1515K 1580      36K   783 5.85    5.77     6946   854   38K   111 32.59   32.52  
c [distill] watch-based irred--  cl tried 9288     cl-sh 0     cl-rem 0    lit-rem 0      T: 0.00 T-out: N
c [distill] watch-based red  --  cl tried 13892    cl-sh 8     cl-rem 0    lit-rem 10     T: 0.01 T-out: N
c rst  geom best vmt  1909  1516K 1580      36K   783 5.85    5.77     6946   855   38K   111 32.64   32.57  
c rst  geom best vmt  1910  1516K 1580      36K   783 5.85    5.77     6946   855   39K   111 32.77   32.70  
c [impl-str] lit bin: 0 set-var: 0 T: 0.00 T-out: N T-r: 99.97% w-visit: 3176
c [impl-sub] bin: 1 T: 0.00 T-out: N w-visit: 3176
c rst  geom best vmt  1911  1517K 1580      36K   783 5.85    5.77     6946   856   40K   110 32.94   32.87  
c rst  geom best vmt  1912  1518K 1580      36K   783 5.85    5.77     6946   856   41K   110 32.75   32.68  
c rst  geom best vmt  1913  1519K 1580      36K   783 5.85    5.77     6946   856   42K   110 32.50   32.44  
c [full-probe]  bin_only: 1 set: 0 repl: 0 T: 0.00 T-out: N T-r: 99.86%
c [distill-bin] useful: 0/783/783 lits-rem: 0 cl-rem: 0 0-depth-assigns: 0 T: 0.00 T-out: N
c rst  geom best vmt  1914  1520K 1580      36K   783 5.85    5.77     6955   829   43K   110 32.27   32.20  
c rst  geom best vmt  1915  1521K 1580      36K   783 5.85    5.77     6955   829   44K   110 32.02   31.95  
c rst  geom best vmt  1916  1522K 1580      36K   783 5.85    5.77     6955   829   45K   110 31.78   31.72  
c [ccnr] saving best assignment phase to stable_polar
c [ccnr] bumping based on var unsat frequency: conflict_ct
c [ccnr] Bumped vars: 1588 bump type: 6
c [ccnr] time: 0.28
c rst  geom best vmt  1917  1523K 1580      36K   783 5.85    5.77     6964   909   46K   110 32.27   32.21  
c rst  geom best vmt  1918  1525K 1580      36K   783 5.85    5.77     6964   910   47K   110 32.56   32.50  
c [distill-long-red0] cls tried: 51/51 T: 0.00 T-out: N T-r: 99.93%
c [distill-long-red1] cls tried: 120/507 T: 0.02 T-out: Y T-r: -0.76%
c rst  geom best vmt  1919  1526K 1580      36K   783 5.85    5.77     6967   917   49K   110 33.01   32.95  
c rst  geom best vmt  1920  1528K 1580      36K   783 5.85    5.77     6968   921   51K   110 33.51   33.46  
c rst  geom best vmt  1921  1530K 1580      36K   783 5.85    5.77     7031   891   38K   110 33.99   33.91  
c rst  geom best vmt  1922  1532K 1580      36K   783 5.85    5.77     7031   901   40K   110 34.26   34.19  
c rst  geom stb  vmt  1923  1534K 1580      36K   783 5.85    5.77     7031   912   42K   110 34.80   34.73  
c rst  geom stb  vmt  1924  1537K 1580      36K   783 5.85    5.77     7031   917   44K   110 35.35   35.28  
c rst  geom stb  vmt  1925  1539K 1580      36K   783 5.85    5.77     7031   921   47K   110 35.48   35.42  
c [full-probe]  bin_only: 0 set: 0 repl: 0 T: 0.01 T-out: N T-r: 98.10%
c [distill-bin] useful: 0/783/783 lits-rem: 0 cl-rem: 0 0-depth-assigns: 0 T: 0.00 T-out: N
c rst  geom stb  vmt  1926  1542K 1580      36K   783 5.85    5.77     7053   856   50K   110 35.60   35.53  
c [distill-long-red0] cls tried: 67/67 T: 0.01 T-out: N T-r: 99.87%
c [distill-long-red1] cls tried: 97/411 T: 0.02 T-out: Y T-r: -1.08%
c [distill] watch-based irred--  cl tried 9288     cl-sh 0     cl-rem 0    lit-rem 0      T: 0.00 T-out: N
c [distill] watch-based red  --  cl tried 14106    cl-sh 15    cl-rem 0    lit-rem 23     T: 0.01 T-out: N
c rst  geom stb  vmt  1927  1546K 1580      36K   783 5.85    5.77     7057   909   39K   110 33.96   33.89  
c rst  geom stb  vmt  1928  1549K 1580      36K   783 5.85    5.77     7058   918   42K   110 34.00   33.93  
c rst  geom stb  vmt  1929  1553K 1580      36K   783 5.85    5.77     7083   845   46K   110 34.26   34.20  
c rst  geom ibes vmt  1930  1558K 1580      36K   783 5.85    5.77     7084   853   51K   110 34.74   34.68  
c [distill-long-red0] cls tried: 43/43 T: 0.01 T-out: N T-r: 99.91%
c [distill-long-red1] cls tried: 93/353 T: 0.01 T-out: Y T-r: -2.78%
c rst  geom ibes vmt  1931  1562K 1580      36K   783 5.85    5.77     7105   814   41K   110 35.33   35.25  
c [full-probe]  bin_only: 1 set: 0 repl: 0 T: 0.00 T-out: N T-r: 99.84%
c [distill-bin] useful: 0/783/783 lits-rem: 0 cl-rem: 0 0-depth-assigns: 0 T: 0.01 T-out: N
c rst  geom ibes vmt  1932  1568K 1580      36K   783 5.85    5.77     7105   820   46K   110 35.21   35.15  
c [distill] watch-based irred--  cl tried 9288     cl-sh 0     cl-rem 0    lit-rem 0      T: 0.01 T-out: N
c [distill] watch-based red  --  cl tried 14210    cl-sh 5     cl-rem 0    lit-rem 9      T: 0.01 T-out: N
c [ccnr] saving best assignment phase to stable_polar
c [ccnr] bumping based on clause weights
c [ccnr] Bumped vars: 103 bump type: 6
c [ccnr] time: 0.29
c rst  geom ibes vmt  1933  1574K 1580      36K   783 5.85    5.77     7126   931   52K   110 34.44   34.38  
c [distill-long-red0] cls tried: 40/40 T: 0.00 T-out: N T-r: 99.93%
c [distill-long-red1] cls tried: 56/472 T: 0.02 T-out: Y T-r: -2.03%
c rst  geom ibes vmt  1934  1580K 1580      36K   783 5.85    5.77     7243  1332   43K   110 29.67   29.61  
c [impl-str] lit bin: 0 set-var: 0 T: 0.00 T-out: N T-r: 99.97% w-visit: 3176
c [impl-sub] bin: 0 T: 0.00 T-out: N w-visit: 3176
c [gauss] XOR-encoding clauses are not detached, so no need to reattach them.
c [g 0] truth-find prop checks  : 2561K
c [g 0] -> of which prop        : 50.31 %
c [g 0] -> of which confl       :  1.38 %
c [g 0] elim called             : 158K
c [g 0] ---> which lead to prop : 67.78 %
c [g 0] ---> which lead to confl:  1.91 %
c [g 0] size: 71    x 504  
c [scc] new: 0 BP 0M T: 0.00
c [vrep] vars 0 lits 0 rem-bin-cls 0 rem-long-cls 0 BP 0M T: 0.00
c [intree] Set 0 vars hyper-added: 1 trans-irred: 0 trans-red: 0 T: 0.01 T-out: N T-r: -0.67%
c [find&init matx] performing matrix init
c [gauss] XOR-encoding clauses are not detached, so no need to reattach them.
c [xor-rem-unconnected] left with 1008 xors from 1009 non-empty xors T: 0.00
c [xor-together] xored together: 937 orig xors: 1008 new xors: 71 T: 0.00
c [xor-rem-unconnected] left with 71 xors from 71 non-empty xors T: 0.00
c [xor-clean-equiv] removed equivalent xors: 0 left with: 71
c [matrix] unused xors from cleaning: 1
c [matrix] Good   matrix 0 71      x504    density:0.1149  xorlen avg: 57.92
c [matrix] Using 1 matrices recovered from 0 xors T: 0.00 T-out: N
c rst  geom svd  vmt  1935  1587K 1580      36K   783 5.85    5.77     7245  1419   50K   111 28.41   28.36  
c [full-probe]  bin_only: 0 set: 0 repl: 0 T: 0.01 T-out: N T-r: 98.36%
c [distill-bin] useful: 0/783/783 lits-rem: 0 cl-rem: 0 0-depth-assigns: 0 T: 0.00 T-out: N
c rst  geom svd  vmt  1936  1595K 1580      36K   783 5.85    5.77     7337  1926   42K   113 24.39   24.35  
c [distill-long-red0] cls tried: 203/203 T: 0.02 T-out: N T-r: 99.39%
c [distill-long-red1] cls tried: 30/1544 T: 0.02 T-out: Y T-r: -5.50%
c [distill] watch-based irred--  cl tried 9288     cl-sh 0     cl-rem 0    lit-rem 0      T: 0.01 T-out: N
c [distill] watch-based red  --  cl tried 14674    cl-sh 8     cl-rem 0    lit-rem 11     T: 0.02 T-out: N
c rst  geom svd  vmt  1937  1603K 1580      36K   783 5.85    5.77     7435  1813   51K   113 23.58   23.54  
c res  pol  bran nres  conf  freevar IrrL  IrrB  l/longC l/allC  RedL0 RedL1 RedL2 RedB  l/longC l/allC 
c rst  geom best vmt  1938  1613K 1580      36K   783 5.85    5.77     7546  2526   45K   113 18.81   18.78  
c [distill-long-red0] cls tried: 205/205 T: 0.03 T-out: N T-r: 99.07%
c [distill-long-red1] cls tried: 31/2257 T: 0.02 T-out: Y T-r: -7.00%
c [full-probe]  bin_only: 1 set: 0 repl: 0 T: 0.00 T-out: N T-r: 99.82%
c [distill-bin] useful: 0/783/783 lits-rem: 0 cl-rem: 0 0-depth-assigns: 0 T: 0.00 T-out: N
c [ccnr] saving best assignment phase to stable_polar
c [ccnr] bumping based on var unsat frequency: conflict_ct
c [ccnr] Bumped vars: 1588 bump type: 6
c [ccnr] time: 0.29
c rst  geom best vmt  1939  1623K 1580      36K   783 5.85    5.77     7720  3204   40K   115 24.87   24.81  
c [distill] watch-based irred--  cl tried 9288     cl-sh 0     cl-rem 0    lit-rem 0      T: 0.02 T-out: N
c [distill] watch-based red  --  cl tried 14452    cl-sh 33    cl-rem 0    lit-rem 95     T: 0.02 T-out: Y
c rst  geom best vmt  1940  1634K 1580      36K   783 5.85    5.77     7783  3091   52K   115 29.13   29.08  
c [distill-long-red0] cls tried: 208/208 T: 0.02 T-out: N T-r: 99.54%
c [distill-long-red1] cls tried: 34/2873 T: 0.02 T-out: Y T-r: -4.05%
c [full-probe]  bin_only: 0 set: 0 repl: 0 T: 0.00 T-out: N T-r: 98.50%
c [distill-bin] useful: 0/783/783 lits-rem: 0 cl-rem: 0 0-depth-assigns: 0 T: 0.00 T-out: N
c rst  geom stb  vmt  1941  1647K 1580      36K   783 5.85    5.77     7817  3122   50K   117 35.89   35.83  
c [branch] adjusting to: vsid (from: vmtf) var_decay:0.95 descr: VSIDS
c [impl-str] lit bin: 0 set-var: 0 T: 0.00 T-out: N T-r: 99.96% w-visit: 3176
c [impl-sub] bin: 6 T: 0.00 T-out: N w-visit: 3176
c [gauss] XOR-encoding clauses are not detached, so no need to reattach them.
c [g 0] truth-find prop checks  : 2858K
c [g 0] -> of which prop        : 35.78 %
c [g 0] -> of which confl       :  1.26 %
c [g 0] elim called             : 275K
c [g 0] ---> which lead to prop : 36.33 %
c [g 0] ---> which lead to confl:  1.03 %
c [g 0] size: 71    x 504  
c [scc] new: 1 BP 0M T: 0.00
c [vrep] vars 1 lits 1898 rem-bin-cls 4 rem-long-cls 0 BP 0M T: 0.01
c [scc] new: 0 BP 0M T: 0.00
c [vrep] vars 0 lits 0 rem-bin-cls 0 rem-long-cls 0 BP 0M T: 0.00
c [intree] Set 0 vars hyper-added: 0 trans-irred: 0 trans-red: 0 T: 0.01 T-out: N T-r: -0.80%
c [find&init matx] performing matrix init
c [gauss] XOR-encoding clauses are not detached, so no need to reattach them.
c [xor-rem-unconnected] left with 1008 xors from 1009 non-empty xors T: 0.00
c [xor-together] xored together: 934 orig xors: 1008 new xors: 74 T: 0.00
c [xor-rem-unconnected] left with 74 xors from 74 non-empty xors T: 0.00
c [xor-clean-equiv] removed equivalent xors: 0 left with: 74
c [matrix] unused xors from cleaning: 1
c [matrix] Good   matrix 0 74      x506    density:0.1100  xorlen avg: 55.65
c [matrix] Using 1 matrices recovered from 0 xors T: 0.00 T-out: N
c rst  geom stb  vs   1942  1647K 1579      36K   783 5.85    5.77     7817  3122   50K   109 35.93   35.87  
c rst  geom stb  vs   1943  1647K 1579      36K   783 5.85    5.77     7817  3126   50K   109 35.93   35.87  
c rst  geom stb  vs   1944  1647K 1579      36K   783 5.85    5.77     7817  3126   50K   109 35.96   35.90  
c rst  geom stb  vs   1945  1647K 1579      36K   783 5.85    5.77     7817  3126   50K   109 35.96   35.90  
c rst  geom stb  vs   1946  1648K 1579      36K   783 5.85    5.77     7817  3126   50K   109 35.95   35.89  
c rst  geom stb  vs   1947  1648K 1579      36K   783 5.85    5.77     7817  3126   51K   109 35.96   35.90  
c rst  geom stb  vs   1948  1648K 1579      36K   783 5.85    5.77     7817  3127   51K   109 35.95   35.89  
c rst  geom stb  vs   1949  1648K 1579      36K   783 5.85    5.77     7817  3127   51K   109 35.98   35.92  
c [distill] watch-based irred--  cl tried 9288     cl-sh 0     cl-rem 0    lit-rem 0      T: 0.01 T-out: N
c [distill] watch-based red  --  cl tried 15634    cl-sh 21    cl-rem 0    lit-rem 36     T: 0.02 T-out: N
c rst  geom stb  vs   1950  1648K 1579      36K   783 5.85    5.77     7817  3127   51K   109 35.99   35.93  
c rst  geom stb  vs   1951  1649K 1579      36K   783 5.85    5.77     7817  3127   51K   109 35.97   35.91  
c rst  geom stb  vs   1952  1649K 1579      36K   783 5.85    5.77     7817  3127   52K   109 35.99   35.94  
c rst  geom stb  vs   1953  1649K 1579      36K   783 5.85    5.77     7817  3127   52K   109 36.07   36.01  
c rst  geom stb  vs   1954  1650K 1579      36K   783 5.85    5.77     7855  2710   38K   109 41.04   40.96  
c [distill-long-red0] cls tried: 77/77 T: 0.00 T-out: N T-r: 99.88%
c [distill-long-red1] cls tried: 31/2551 T: 0.02 T-out: Y T-r: -4.13%
c rst  geom stb  vs   1955  1650K 1579      36K   783 5.85    5.77     7855  2710   38K   109 40.98   40.90  
c rst  geom stb  vs   1956  1650K 1579      36K   783 5.85    5.77     7855  2711   39K   109 41.05   40.96  
c rst  geom stb  vs   1957  1651K 1579      36K   783 5.85    5.77     7856  2713   39K   109 41.08   40.99  
c rst  geom stb  vs   1958  1651K 1579      36K   783 5.85    5.77     7856  2715   40K   109 41.09   41.00  
c rst  geom stb  vs   1959  1652K 1579      36K   783 5.85    5.77     7856  2717   40K   109 41.18   41.10  
c rst  geom stb  vs   1960  1653K 1579      36K   783 5.85    5.77     7856  2718   41K   109 41.20   41.11  
c rst  geom stb  vs   1961  1653K 1579      36K   783 5.85    5.77     7857  2720   42K   109 41.21   41.13  
c rst  geom stb  vs   1962  1654K 1579      36K   783 5.85    5.77     7857  2721   42K   109 41.15   41.07  
c rst  geom stb  vs   1963  1655K 1579      36K   783 5.85    5.77     7857  2727   43K   109 41.28   41.20  
c [full-probe]  bin_only: 1 set: 0 repl: 0 T: 0.00 T-out: N T-r: 99.85%
c [distill-bin] useful: 1/783/783 lits-rem: 0 cl-rem: 1 0-depth-assigns: 0 T: 0.01 T-out: N
c rst  geom stb  vs   1964  1656K 1579      36K   782 5.85    5.77     7857  2729   44K   109 41.25   41.17  
c rst  geom stb  vs   1965  1657K 1579      36K   782 5.85    5.77     7857  2731   45K   109 41.19   41.11  
c rst  geom ibes vs   1966  1658K 1579      36K   782 5.85    5.77     7857  2737   46K   109 40.97   40.90  
c [ccnr] saving best assignment phase to stable_polar
c [ccnr] bumping based on var unsat frequency: conflict_ct
c [ccnr] Bumped vars: 1588 bump type: 6
c [ccnr] time: 0.28
c rst  geom ibes vs   1967  1659K 1579      36K   782 5.85    5.77     7857  2739   47K   109 40.80   40.73  
c rst  geom ibes vs   1968  1660K 1579      36K   782 5.85    5.77     7886  2438   49K   109 40.88   40.81  
c rst  geom ibes vs   1969  1661K 1579      36K   782 5.85    5.77     7886  2440   50K   109 40.81   40.74  
c rst  geom ibes vs   1970  1663K 1579      36K   782 5.85    5.77     7886  2441   52K   109 40.72   40.65  
c rst  geom ibes vs   1971  1665K 1579      36K   782 5.85    5.77     7894  2554   39K   109 37.18   37.11  
c [distill-long-red0] cls tried: 36/36 T: 0.00 T-out: N T-r: 99.93%
c [distill-long-red1] cls tried: 34/2373 T: 0.02 T-out: Y T-r: -5.21%
c rst  geom ibes vs   1972  1667K 1579      36K   782 5.85    5.77     7894  2556   41K   109 36.79   36.72  
c rst  geom ibes vs   1973  1669K 1579      36K   782 5.85    5.77     7894  2556   43K   109 36.15   36.08  
c rst  geom ibes vs   1974  1671K 1579      36K   782 5.85    5.77     7911  1848   46K   109 35.43   35.37  
c rst  geom ibes vs   1975  1673K 1579      36K   782 5.85    5.77     7911  1849   48K   109 35.60   35.54  
c [distill] watch-based irred--  cl tried 9288     cl-sh 0     cl-rem 0    lit-rem 0      T: 0.00 T-out: N
c [distill] watch-based red  --  cl tried 15822    cl-sh 9     cl-rem 0    lit-rem 21     T: 0.02 T-out: N
c rst  geom ibes vs   1976  1676K 1579      36K   782 5.85    5.77     7911  1859   51K   109 35.34   35.29  
c [full-probe]  bin_only: 0 set: 0 repl: 0 T: 0.01 T-out: N T-r: 98.07%
c [distill-bin] useful: 0/782/782 lits-rem: 0 cl-rem: 0 0-depth-assigns: 0 T: 0.01 T-out: N
c rst  geom ibes vs   1977  1679K 1579      36K   782 5.85    5.77     7911  1859   54K   109 35.23   35.17  
c rst  geom svd  vs   1978  1682K 1579      36K   782 5.85    5.77     7923  1397   42K   109 31.13   31.07  
c [distill-long-red0] cls tried: 33/33 T: 0.00 T-out: N T-r: 99.96%
c [distill-long-red1] cls tried: 50/1210 T: 0.02 T-out: Y T-r: -1.64%
c rst  geom svd  vs   1979  1686K 1579      36K   782 5.85    5.77     7923  1405   46K   109 31.92   31.87  
c rst  geom svd  vs   1980  1690K 1579      36K   782 5.85    5.77     7928   677   50K   109 32.47   32.41  
c rst  geom svd  vs   1981  1694K 1579      36K   782 5.85    5.77     7928   681   55K   109 32.82   32.77  
c rst  geom svd  vs   1982  1699K 1579      36K   782 5.85    5.77     7937   758   41K   109 30.49   30.43  
c [distill-long-red0] cls tried: 13/13 T: 0.00 T-out: N T-r: 99.98%
c [distill-long-red1] cls tried: 53/656 T: 0.02 T-out: Y T-r: -1.07%
c [full-probe]  bin_only: 1 set: 0 repl: 0 T: 0.00 T-out: N T-r: 99.89%
c [distill-bin] useful: 0/782/782 lits-rem: 0 cl-rem: 0 0-depth-assigns: 0 T: 0.01 T-out: N
c [distill] watch-based irred--  cl tried 9288     cl-sh 0     cl-rem 0    lit-rem 0      T: 0.01 T-out: N
c [distill] watch-based red  --  cl tried 15874    cl-sh 3     cl-rem 0    lit-rem 4      T: 0.01 T-out: N
c rst  geom svd  vs   1983  1704K 1579      36K   782 5.85    5.77     7945   666   47K   109 31.77   31.71  
c [ccnr] saving best assignment phase to stable_polar
c [ccnr] bumping based on clause weights
c [ccnr] Bumped vars: 104 bump type: 6
c [ccnr] time: 0.29
c rst  geom best vs   1984  1710K 1579      36K   782 5.85    5.77     7959   662   37K   109 34.66   34.59  
c [impl-str] lit bin: 0 set-var: 0 T: 0.00 T-out: N T-r: 99.97% w-visit: 3176
c [impl-sub] bin: 0 T: 0.00 T-out: N w-visit: 3176
c rst  geom best vs   1985  1714K 1579      36K   782 5.85    5.77     7959   666   40K   109 34.45   34.38  
c recursive minimization cost OK: 2589Kcost/(% lits removed)
c [gauss] XOR-encoding clauses are not detached, so no need to reattach them.
c [g 0] truth-find prop checks  : 2532K
c [g 0] -> of which prop        : 61.55 %
c [g 0] -> of which confl       :  1.31 %
c [g 0] elim called             : 119K
c [g 0] ---> which lead to prop : 103.05 %
c [g 0] ---> which lead to confl:  4.13 %
c [g 0] size: 74    x 506  
c --> Executing strategy token: scc-vrepl
c [scc] new: 0 BP 0M T: 0.00
c --> Executing strategy token: sub-impl
c [impl-sub] bin: 0 T: 0.00 T-out: N w-visit: 3176
c --> Executing strategy token: breakid
c --> Executing OCC strategy token(s): 'occ-backw-sub-str,occ-clean-implicit,occ-bve,occ-bva,occ-ternary-res,occ-xor,'
c [occ] mem usage for occur 3      MB
c [occ] Linked in IRRED BIN by default: 782
c [occ] Linked in RED   BIN by default: 109
c [occ] mem usage for occur 1      MB
c Mem for watch alloc      : 25          MB (34.92     %)
c Mem for watch array      : 0           MB (0.10      %)
c --> Executing OCC strategy token: occ-backw-sub-str
c [occ-backw-sub-str-long-w-bins] subs: 0 str: 11 tried: 12009 0-depth ass: 0 T: 0.00 T-out: N T-r: 99.26%
c [occ-backw-sub-long-w-long] rem cl: 96 tried: 85608/85608 (100.0%) T: 0.03 T-out: N T-r: 89.80%
c [occ-backw-sub-str-long-w-long] sub: 4 str: 57 tried: 256824/85608 (300.0)  T: 0.20 T-out: N T-r: 74.68%
c --> Executing OCC strategy token: occ-clean-implicit
c --> Executing OCC strategy token: occ-bve
c [occ-empty-res] Empty resolvent elimed: 0 T: 0.00 T-out: N
c [occ-bve] iter v-elim 0
c cl_inc_rate=1.0, var_dec_rate=1.0 (grow=0)
c Reduced to 1579 vars, 36828 cls (grow=0)
c [occ-bve] iter v-elim 0
c cl_inc_rate=1.0, var_dec_rate=1.0 (grow=8)
c Reduced to 1579 vars, 36828 cls (grow=8)
c [occ-bve] iter v-elim 0
c cl_inc_rate=1.0, var_dec_rate=1.0 (grow=16)
c Reduced to 1579 vars, 36828 cls (grow=16)
c x n vars       : 1579
c #try to eliminate:  4737
c #var-elim        :     0
c #T-o: N
c #T-r: 99.99%
c #T  : 0.30
c [occur] 0.04 is overhead
c [occur] link-in T: 0.04 cleanup T: 0.00
c --> Executing OCC strategy token: occ-bva
c --> Executing OCC strategy token: occ-ternary-res
c [occ-ternary-res] Ternary res-tri: 0 res-bin: 0 sub: 0 str: 0 T: 0.00 T-out: N T-r: 99.85%
c --> Executing OCC strategy token: occ-xor
c [occ-xor] sort occur list T: 0.00
c [xor-clean-equiv] removed equivalent xors: 0 left with: 1007
c [occ-xor] found   1007 avg sz 5.9 min sz  4 max sz  6 T: 0.01 T-out: N T-r: 99.98%
c --> Executing strategy token: card-find
c --> Executing strategy token: cl-consolidate
c Not consolidating memory.
c --> Executing strategy token: scc-vrepl
c [scc] new: 0 BP 0M T: 0.00
c --> Executing strategy token: renumber
c --> Executing strategy token: bosphorus
c --> Executing strategy token: louvain-comms
c [consolidate] mini T: 0.00
c global_timeout_multiplier: 6.4308
c [branch] rebuilding order heap for all branchings. Current branching: vsid
c [find&init matx] performing matrix init
c [gauss] XOR-encoding clauses are not detached, so no need to reattach them.
c [xor-rem-unconnected] left with 1006 xors from 1007 non-empty xors T: 0.00
c [xor-together] xored together: 932 orig xors: 1006 new xors: 74 T: 0.00
c [xor-rem-unconnected] left with 74 xors from 74 non-empty xors T: 0.00
c [xor-clean-equiv] removed equivalent xors: 0 left with: 74
c [matrix] unused xors from cleaning: 1
c [matrix] Good   matrix  0     74 x  508  density:0.1093  xorlen avg: 55.54
c [matrix] Using 1 matrices recovered from 0 xors T: 0.00 T-out: N
c [gauss] XOR-encoding clauses are not detached, so no need to reattach them.
c [g 0] truth-find prop checks  : 0
c [g 0] -> of which prop        :  0.00 %
c [g 0] -> of which confl       :  0.00 %
c [g 0] elim called             : 0
c [g 0] ---> which lead to prop :  0.00 %
c [g 0] ---> which lead to confl:  0.00 %
c [g 0] size: 74    x 508  
c [scc] new: 0 BP 0M T: 0.00
c [vrep] vars 0 lits 0 rem-bin-cls 0 rem-long-cls 0 BP 0M T: 0.01
c [intree] Set 0 vars hyper-added: 0 trans-irred: 0 trans-red: 0 T: 0.01 T-out: N T-r: 0.21%
c [find&init matx] performing matrix init
c [gauss] XOR-encoding clauses are not detached, so no need to reattach them.
c [xor-rem-unconnected] left with 1006 xors from 1007 non-empty xors T: 0.00
c [xor-together] xored together: 932 orig xors: 1006 new xors: 74 T: 0.00
c [xor-rem-unconnected] left with 74 xors from 74 non-empty xors T: 0.00
c [xor-clean-equiv] removed equivalent xors: 0 left with: 74
c [matrix] unused xors from cleaning: 1
c [matrix] Good   matrix 0 74      x508    density:0.1093  xorlen avg: 55.54
c [matrix] Using 1 matrices recovered from 0 xors T: 0.00 T-out: N
c rst  geom best vs   1986  1717K 1579      36K   782 5.85    5.77     7863   687   43K   109 34.87   34.80  
c [distill-long-red0] cls tried: 27/27 T: 0.00 T-out: N T-r: 99.92%
c [distill-long-red1] cls tried: 67/596 T: 0.01 T-out: Y T-r: -3.48%
c rst  geom best vs   1987  1724K 1579      36K   782 5.85    5.77     7870   620   51K   109 35.12   35.06  
c [full-probe]  bin_only: 0 set: 0 repl: 0 T: 0.02 T-out: N T-r: 96.61%
c [distill-bin] useful: 0/782/782 lits-rem: 0 cl-rem: 0 0-depth-assigns: 0 T: 0.01 T-out: N
c rst  geom best vs   1988  1732K 1579      36K   782 5.85    5.77     7877   561   44K   109 34.00   33.94  
c [distill] watch-based irred--  cl tried 9416     cl-sh 0     cl-rem 0    lit-rem 0      T: 0.00 T-out: N
c [distill] watch-based red  --  cl tried 15754    cl-sh 3     cl-rem 0    lit-rem 3      T: 0.02 T-out: N
c rst  geom stb  vs   1989  1740K 1579      36K   782 5.85    5.77     7883   564   37K   109 33.53   33.45  
c [distill-long-red0] cls tried: 19/19 T: 0.00 T-out: N T-r: 99.96%
c [distill-long-red1] cls tried: 108/439 T: 0.01 T-out: Y T-r: -2.48%
c rst  geom stb  vs   1990  1749K 1579      36K   782 5.85    5.77     7883   586   47K   109 36.14   36.07  
c [full-probe]  bin_only: 1 set: 0 repl: 0 T: 0.01 T-out: N T-r: 99.80%
c [distill-bin] useful: 0/782/782 lits-rem: 0 cl-rem: 0 0-depth-assigns: 0 T: 0.01 T-out: N
c [ccnr] saving best assignment phase to stable_polar
c [ccnr] bumping based on var unsat frequency: conflict_ct
c [ccnr] Bumped vars: 1588 bump type: 6
c [ccnr] time: 0.29
c rst  geom stb  vs   1991  1760K 1579      36K   782 5.85    5.77     7904   523   42K   109 36.21   36.14  
c [distill-long-red0] cls tried: 21/21 T: 0.00 T-out: N T-r: 99.97%
c [distill-long-red1] cls tried: 110/333 T: 0.02 T-out: Y T-r: -1.68%
c [distill] watch-based irred--  cl tried 9416     cl-sh 0     cl-rem 0    lit-rem 0      T: 0.00 T-out: N
c [distill] watch-based red  --  cl tried 15808    cl-sh 2     cl-rem 0    lit-rem 3      T: 0.01 T-out: N
c rst  geom ibes vs   1992  1771K 1579      36K   782 5.85    5.77     7938   524   39K   109 34.72   34.65  
c [full-probe]  bin_only: 0 set: 0 repl: 0 T: 0.01 T-out: N T-r: 98.43%
c [distill-bin] useful: 0/782/782 lits-rem: 0 cl-rem: 0 0-depth-assigns: 0 T: 0.01 T-out: N
c [impl-str] lit bin: 0 set-var: 0 T: 0.00 T-out: N T-r: 99.97% w-visit: 3176
c [impl-sub] bin: 0 T: 0.00 T-out: N w-visit: 3176
c rst  geom ibes vs   1993  1784K 1579      36K   782 5.85    5.77     7946   486   52K   109 35.24   35.18  
c [distill-long-red0] cls tried: 43/43 T: 0.00 T-out: N T-r: 99.94%
c [distill-long-red1] cls tried: 99/253 T: 0.02 T-out: Y T-r: -1.59%
c [gauss] XOR-encoding clauses are not detached, so no need to reattach them.
c [g 0] truth-find prop checks  : 2684K
c [g 0] -> of which prop        : 64.52 %
c [g 0] -> of which confl       :  1.26 %
c [g 0] elim called             : 99K
c [g 0] ---> which lead to prop : 104.99 %
c [g 0] ---> which lead to confl:  3.60 %
c [g 0] size: 74    x 508  
c [scc] new: 0 BP 0M T: 0.00
c [vrep] vars 0 lits 0 rem-bin-cls 0 rem-long-cls 0 BP 0M T: 0.00
c [intree] Set 0 vars hyper-added: 0 trans-irred: 0 trans-red: 0 T: 0.01 T-out: N T-r: -0.89%
c [find&init matx] performing matrix init
c [gauss] XOR-encoding clauses are not detached, so no need to reattach them.
c [xor-rem-unconnected] left with 1006 xors from 1007 non-empty xors T: 0.00
c [xor-together] xored together: 932 orig xors: 1006 new xors: 74 T: 0.00
c [xor-rem-unconnected] left with 74 xors from 74 non-empty xors T: 0.00
c [xor-clean-equiv] removed equivalent xors: 0 left with: 74
c [matrix] unused xors from cleaning: 1
c [matrix] Good   matrix 0 74      x508    density:0.1093  xorlen avg: 55.54
c [matrix] Using 1 matrices recovered from 0 xors T: 0.00 T-out: N
c rst  geom svd  vs   1994  1797K 1579      36K   782 5.85    5.77     7959   448   51K   109 33.49   33.44  
c [full-probe]  bin_only: 1 set: 0 repl: 0 T: 0.00 T-out: N T-r: 99.85%
c [distill-bin] useful: 0/782/782 lits-rem: 0 cl-rem: 0 0-depth-assigns: 0 T: 0.01 T-out: N
c [distill] watch-based irred--  cl tried 9416     cl-sh 0     cl-rem 0    lit-rem 0      T: 0.01 T-out: N
c [distill] watch-based red  --  cl tried 15918    cl-sh 3     cl-rem 0    lit-rem 4      T: 0.01 T-out: N
c [ccnr] saving best assignment phase to stable_polar
c [ccnr] bumping based on var unsat frequency: conflict_ct
c [ccnr] Bumped vars: 1588 bump type: 6
c [ccnr] time: 0.28
c rst  geom svd  vs   1995  1813K 1579      36K   782 5.85    5.77     7987   434   50K   109 33.49   33.43  
c [distill-long-red0] cls tried: 36/36 T: 0.00 T-out: N T-r: 99.94%
c [distill-long-red1] cls tried: 113/203 T: 0.02 T-out: Y T-r: -1.14%
c rst  geom best vs   1996  1829K 1579      36K   782 5.85    5.77     8000   456   51K   109 37.16   37.10  
c [branch] adjusting to: vmtf (from: vsid) var_decay:0.95 descr: VMTF
c [distill-long-red0] cls tried: 11/11 T: 0.00 T-out: N T-r: 99.99%
c [distill-long-red1] cls tried: 135/135 T: 0.02 T-out: N T-r: 8.36%
c [full-probe]  bin_only: 0 set: 0 repl: 0 T: 0.01 T-out: N T-r: 98.34%
c [distill-bin] useful: 0/782/782 lits-rem: 0 cl-rem: 0 0-depth-assigns: 0 T: 0.01 T-out: N
c [distill] watch-based irred--  cl tried 9416     cl-sh 0     cl-rem 0    lit-rem 0      T: 0.00 T-out: N
c [distill] watch-based red  --  cl tried 16000    cl-sh 1     cl-rem 0    lit-rem 3      T: 0.01 T-out: N
c rst  luby best vmt  1997  1829K 1579      36K   782 5.85    5.77     8003   466   51K   109 37.17   37.10  
c rst  luby best vmt  1998  1829K 1579      36K   782 5.85    5.77     8003   469   51K   109 37.17   37.11  
c rst  luby best vmt  1999  1830K 1579      36K   782 5.85    5.77     8018   460   37K   109 36.61   36.53  
c rst  luby best vmt  2000  1830K 1579      36K   782 5.85    5.77     8018   460   37K   109 36.60   36.52  
c rst  luby best vmt  2001  1830K 1579      36K   782 5.85    5.77     8018   460   38K   109 36.60   36.52  
c rst  luby best vmt  2002  1830K 1579      36K   782 5.85    5.77     8019   464   38K   109 36.63   36.55  
c rst  luby best vmt  2003  1830K 1579      36K   782 5.85    5.77     8019   466   38K   109 36.67   36.59  
c rst  luby best vmt  2004  1831K 1579      36K   782 5.85    5.77     8019   466   38K   109 36.71   36.63  
c rst  luby best vmt  2005  1831K 1579      36K   782 5.85    5.77     8019   466   38K   109 36.73   36.65  
c rst  luby best vmt  2006  1831K 1579      36K   782 5.85    5.77     8019   466   39K   109 36.72   36.64  
c rst  luby best vmt  2007  1831K 1579      36K   782 5.85    5.77     8019   468   39K   109 36.74   36.66  
c rst  luby best vmt  2008  1831K 1579      36K   782 5.85    5.77     8019   468   39K   109 36.74   36.66  
c rst  luby best vmt  2009  1831K 1579      36K   782 5.85    5.77     8019   468   39K   109 36.72   36.65  
c [impl-str] lit bin: 0 set-var: 0 T: 0.00 T-out: N T-r: 99.97% w-visit: 3176
c [impl-sub] bin: 0 T: 0.00 T-out: N w-visit: 3176
c rst  luby best vmt  2010  1832K 1579      36K   782 5.85    5.77     8019   468   39K   109 36.76   36.68  
c rst  luby best vmt  2011  1832K 1579      36K   782 5.85    5.77     8019   468   40K   109 36.81   36.73  
c rst  luby best vmt  2012  1833K 1579      36K   782 5.85    5.77     8020   469   40K   109 36.82   36.74  
c rst  luby best vmt  2013  1833K 1579      36K   782 5.85    5.77     8020   470   40K   109 36.84   36.76  
c rst  luby best vmt  2014  1833K 1579      36K   782 5.85    5.77     8020   470   41K   109 36.86   36.78  
c rst  luby best vmt  2015  1833K 1579      36K   782 5.85    5.77     8020   470   41K   109 36.85   36.78  
c rst  luby best vmt  2016  1833K 1579      36K   782 5.85    5.77     8020   470   41K   109 36.85   36.78  
c rst  luby best vmt  2017  1833K 1579      36K   782 5.85    5.77     8020   470   41K   109 36.84   36.76  
c rst  luby best vmt  2018  1834K 1579      36K   782 5.85    5.77     8020   471   41K   109 36.86   36.78  
c rst  luby best vmt  2019  1834K 1579      36K   782 5.85    5.77     8020   471   41K   109 36.88   36.81  
c rst  luby best vmt  2020  1834K 1579      36K   782 5.85    5.77     8020   471   42K   109 36.89   36.82  
c rst  luby best vmt  2021  1834K 1579      36K   782 5.85    5.77     8020   472   42K   109 36.90   36.83  
c rst  luby best vmt  2022  1834K 1579      36K   782 5.85    5.77     8020   473   42K   109 36.90   36.83  
c rst  luby best vmt  2023  1834K 1579      36K   782 5.85    5.77     8020   473   42K   109 36.90   36.83  
c rst  luby best vmt  2024  1834K 1579      36K   782 5.85    5.77     8020   473   42K   109 36.87   36.79  
c rst  luby best vmt  2025  1835K 1579      36K   782 5.85    5.77     8020   475   43K   109 36.94   36.86  
c rst  luby best vmt  2026  1836K 1579      36K   782 5.85    5.77     8020   475   43K   109 36.88   36.81  
c rst  luby best vmt  2027  1837K 1579      36K   782 5.85    5.77     8020   480   45K   109 36.82   36.75  
c rst  luby stb  vmt  2028  1837K 1579      36K   782 5.85    5.77     8020   480   45K   109 36.83   36.76  
c rst  luby stb  vmt  2029  1837K 1579      36K   782 5.85    5.77     8020   480   45K   109 36.85   36.78  
c rst  luby stb  vmt  2030  1838K 1579      36K   782 5.85    5.77     8020   480   45K   109 36.82   36.75  
c rst  luby stb  vmt  2031  1838K 1579      36K   782 5.85    5.77     8020   481   45K   109 36.82   36.75  
c rst  luby stb  vmt  2032  1838K 1579      36K   782 5.85    5.77     8020   481   46K   109 36.85   36.78  
c rst  luby stb  vmt  2033  1838K 1579      36K   782 5.85    5.77     8020   481   46K   109 36.87   36.80  
c rst  luby stb  vmt  2034  1838K 1579      36K   782 5.85    5.77     8020   481   46K   109 36.88   36.81  
c rst  luby stb  vmt  2035  1839K 1579      36K   782 5.85    5.77     8020   481   46K   109 36.88   36.82  
c rst  luby stb  vmt  2036  1839K 1579      36K   782 5.85    5.77     8020   481   46K   109 36.87   36.81  
c rst  luby stb  vmt  2037  1839K 1579      36K   782 5.85    5.77     8020   481   47K   109 36.89   36.82  
c rst  luby stb  vmt  2038  1839K 1579      36K   782 5.85    5.77     8020   481   47K   109 36.89   36.82  
c rst  luby stb  vmt  2039  1839K 1579      36K   782 5.85    5.77     8020   481   47K   109 36.89   36.82  
c rst  luby stb  vmt  2040  1839K 1579      36K   782 5.85    5.77     8020   481   47K   109 36.91   36.84  
c rst  luby stb  vmt  2041  1840K 1579      36K   782 5.85    5.77     8036   386   47K   109 36.89   36.82  
c rst  luby stb  vmt  2042  1840K 1579      36K   782 5.85    5.77     8036   386   48K   109 36.87   36.80  
c rst  luby stb  vmt  2043  1841K 1579      36K   782 5.85    5.77     8036   386   48K   109 36.88   36.81  
c rst  luby stb  vmt  2044  1841K 1579      36K   782 5.85    5.77     8036   386   48K   109 36.90   36.84  
c rst  luby stb  vmt  2045  1841K 1579      36K   782 5.85    5.77     8036   386   49K   109 36.89   36.82  
c rst  luby stb  vmt  2046  1841K 1579      36K   782 5.85    5.77     8036   387   49K   109 36.89   36.83  
c rst  luby stb  vmt  2047  1841K 1579      36K   782 5.85    5.77     8036   387   49K   109 36.90   36.84  
c rst  luby stb  vmt  2048  1841K 1579      36K   782 5.85    5.77     8036   389   49K   109 36.95   36.88  
c rst  luby stb  vmt  2049  1842K 1579      36K   782 5.85    5.77     8036   392   49K   109 37.02   36.95  
c [ccnr] saving best assignment phase to stable_polar
c [ccnr] bumping based on clause weights
c [ccnr] Bumped vars: 104 bump type: 6
c [ccnr] time: 0.28
c rst  luby stb  vmt  2050  1842K 1579      36K   782 5.85    5.77     8036   395   50K   109 36.99   36.93  
c rst  luby stb  vmt  2051  1842K 1579      36K   782 5.85    5.77     8036   395   50K   109 36.98   36.91  
c rst  luby stb  vmt  2052  1842K 1579      36K   782 5.85    5.77     8036   395   50K   109 36.92   36.85  
c rst  luby stb  vmt  2053  1842K 1579      36K   782 5.85    5.77     8037   395   50K   109 36.90   36.84  
c rst  luby stb  vmt  2054  1842K 1579      36K   782 5.85    5.77     8037   399   50K   109 36.87   36.81  
c rst  luby stb  vmt  2055  1843K 1579      36K   782 5.85    5.77     8037   399   50K   109 36.83   36.76  
c rst  luby stb  vmt  2056  1843K 1579      36K   782 5.85    5.77     8039   417   51K   109 36.72   36.66  
c rst  luby stb  vmt  2057  1844K 1579      36K   782 5.85    5.77     8039   419   51K   109 36.48   36.42  
c rst  luby stb  vmt  2058  1845K 1579      36K   782 5.85    5.77     8051   513   38K   109 34.13   34.05  
c [distill-long-red0] cls tried: 25/25 T: 0.00 T-out: N T-r: 99.97%
c [distill-long-red1] cls tried: 151/183 T: 0.02 T-out: Y T-r: -1.12%
c rst  luby stb  vmt  2059  1849K 1579      36K   782 5.85    5.77     8052   533   41K   109 32.94   32.87  
c rst  luby stb  vmt  2060  1849K 1579      36K   782 5.85    5.77     8052   533   41K   109 32.93   32.86  
c rst  luby stb  vmt  2061  1849K 1579      36K   782 5.85    5.77     8052   533   41K   109 32.90   32.83  
c [gauss] XOR-encoding clauses are not detached, so no need to reattach them.
c [g 0] truth-find prop checks  : 2615K
c [g 0] -> of which prop        : 59.74 %
c [g 0] -> of which confl       :  1.27 %
c [g 0] elim called             : 116K
c [g 0] ---> which lead to prop : 81.46 %
c [g 0] ---> which lead to confl:  2.51 %
c [g 0] size: 74    x 508  
c [scc] new: 0 BP 0M T: 0.00
c [vrep] vars 0 lits 0 rem-bin-cls 0 rem-long-cls 0 BP 0M T: 0.00
c [intree] Set 0 vars hyper-added: 0 trans-irred: 0 trans-red: 0 T: 0.01 T-out: N T-r: -0.49%
c [find&init matx] performing matrix init
c [gauss] XOR-encoding clauses are not detached, so no need to reattach them.
c [xor-rem-unconnected] left with 1006 xors from 1007 non-empty xors T: 0.00
c [xor-together] xored together: 932 orig xors: 1006 new xors: 74 T: 0.00
c [xor-rem-unconnected] left with 74 xors from 74 non-empty xors T: 0.00
c [xor-clean-equiv] removed equivalent xors: 0 left with: 74
c [matrix] unused xors from cleaning: 1
c [matrix] Good   matrix 0 74      x508    density:0.1093  xorlen avg: 55.54
c [matrix] Using 1 matrices recovered from 0 xors T: 0.00 T-out: N
c rst  luby stb  vmt  2062  1849K 1579      36K   782 5.85    5.77     8052   534   41K   109 32.92   32.85  
c rst  luby stb  vmt  2063  1849K 1579      36K   782 5.85    5.77     8052   534   41K   109 32.89   32.82  
c rst  luby stb  vmt  2064  1849K 1579      36K   782 5.85    5.77     8052   535   41K   109 32.86   32.79  
c rst  luby stb  vmt  2065  1849K 1579      36K   782 5.85    5.77     8052   536   42K   109 32.79   32.73  
c [full-probe]  bin_only: 1 set: 0 repl: 0 T: 0.00 T-out: N T-r: 99.87%
c [distill-bin] useful: 0/782/782 lits-rem: 0 cl-rem: 0 0-depth-assigns: 0 T: 0.00 T-out: N
c rst  luby stb  vmt  2066  1850K 1579      36K   782 5.85    5.77     8085   479   42K   109 32.68   32.61  
c rst  luby stb  vmt  2067  1850K 1579      36K   782 5.85    5.77     8085   479   42K   109 32.66   32.60  
c rst  luby stb  vmt  2068  1850K 1579      36K   782 5.85    5.77     8085   479   42K   109 32.65   32.59  
c rst  luby stb  vmt  2069  1850K 1579      36K   782 5.85    5.77     8085   480   42K   109 32.58   32.52  
c rst  luby stb  vmt  2070  1850K 1579      36K   782 5.85    5.77     8085   480   43K   109 32.56   32.49  
c rst  luby stb  vmt  2071  1850K 1579      36K   782 5.85    5.77     8085   480   43K   109 32.52   32.46  
c rst  luby stb  vmt  2072  1851K 1579      36K   782 5.85    5.77     8085   480   43K   109 32.47   32.40  
c rst  luby stb  vmt  2073  1851K 1579      36K   782 5.85    5.77     8086   482   43K   109 32.40   32.34  
c rst  luby stb  vmt  2074  1852K 1579      36K   782 5.85    5.77     8086   486   44K   109 32.23   32.16  
c rst  luby stb  vmt  2075  1852K 1579      36K   782 5.85    5.77     8086   490   44K   109 32.21   32.15  
c rst  luby stb  vmt  2076  1852K 1579      36K   782 5.85    5.77     8086   491   44K   109 32.19   32.13  
c rst  luby stb  vmt  2077  1852K 1579      36K   782 5.85    5.77     8086   492   44K   109 32.12   32.06  
c rst  luby stb  vmt  2078  1852K 1579      36K   782 5.85    5.77     8086   492   45K   109 32.11   32.05  
c rst  luby stb  vmt  2079  1852K 1579      36K   782 5.85    5.77     8086   492   45K   109 32.18   32.11  
c rst  luby stb  vmt  2080  1853K 1579      36K   782 5.85    5.77     8086   492   45K   109 32.18   32.12  
c rst  luby stb  vmt  2081  1853K 1579      36K   782 5.85    5.77     8091   576   45K   109 32.09   32.03  
c rst  luby stb  vmt  2082  1853K 1579      36K   782 5.85    5.77     8091   576   45K   109 32.06   32.00  
c rst  luby stb  vmt  2083  1853K 1579      36K   782 5.85    5.77     8091   576   45K   109 32.05   31.99  
c rst  luby stb  vmt  2084  1853K 1579      36K   782 5.85    5.77     8091   577   46K   109 31.98   31.93  
c rst  luby stb  vmt  2085  1853K 1579      36K   782 5.85    5.77     8091   577   46K   109 31.96   31.90  
c rst  luby stb  vmt  2086  1854K 1579      36K   782 5.85    5.77     8091   578   46K   109 31.93   31.87  
c rst  luby stb  vmt  2087  1854K 1579      36K   782 5.85    5.77     8091   579   46K   109 31.87   31.81  
c rst  luby stb  vmt  2088  1854K 1579      36K   782 5.85    5.77     8091   582   46K   109 31.74   31.68  
c rst  luby stb  vmt  2089  1855K 1579      36K   782 5.85    5.77     8092   598   47K   109 31.58   31.53  
c [distill] watch-based irred--  cl tried 9416     cl-sh 0     cl-rem 0    lit-rem 0      T: 0.01 T-out: N
c [distill] watch-based red  --  cl tried 16184    cl-sh 6     cl-rem 0    lit-rem 15     T: 0.01 T-out: N
c rst  luby stb  vmt  2090  1857K 1579      36K   782 5.85    5.77     8092   608   49K   109 31.17   31.12  
c rst  luby stb  vmt  2091  1857K 1579      36K   782 5.85    5.77     8092   610   49K   109 31.16   31.11  
c rst  luby stb  vmt  2092  1857K 1579      36K   782 5.85    5.77     8092   611   49K   109 31.15   31.10  
c rst  luby stb  vmt  2093  1857K 1579      36K   782 5.85    5.77     8092   612   49K   109 31.09   31.03  
c rst  luby stb  vmt  2094  1857K 1579      36K   782 5.85    5.77     8092   612   49K   109 31.10   31.04  
c rst  luby stb  vmt  2095  1857K 1579      36K   782 5.85    5.77     8092   613   49K   109 31.07   31.02  
c rst  luby stb  vmt  2096  1857K 1579      36K   782 5.85    5.77     8092   616   50K   109 31.07   31.02  
c rst  luby stb  vmt  2097  1858K 1579      36K   782 5.85    5.77     8092   616   50K   109 31.14   31.08  
c rst  luby stb  vmt  2098  1858K 1579      36K   782 5.85    5.77     8092   616   50K   109 31.16   31.11  
c rst  luby stb  vmt  2099  1858K 1579      36K   782 5.85    5.77     8092   616   50K   109 31.19   31.13  
c rst  luby stb  vmt  2100  1858K 1579      36K   782 5.85    5.77     8092   616   50K   109 31.22   31.16  
c rst  luby stb  vmt  2101  1858K 1579      36K   782 5.85    5.77     8093   616   50K   109 31.25   31.19  
c rst  luby stb  vmt  2102  1858K 1579      36K   782 5.85    5.77     8094   616   51K   109 31.28   31.23  
c rst  luby stb  vmt  2103  1859K 1579      36K   782 5.85    5.77     8094   616   51K   109 31.32   31.27  
c rst  luby stb  vmt  2104  1859K 1579      36K   782 5.85    5.77     8094   617   51K   109 31.36   31.31  
c rst  luby stb  vmt  2105  1860K 1579      36K   782 5.85    5.77     8185   782   37K   109 27.50   27.44  
c rst  luby stb  vmt  2106  1860K 1579      36K   782 5.85    5.77     8185   786   37K   109 27.51   27.45  
c rst  luby stb  vmt  2107  1860K 1579      36K   782 5.85    5.77     8186   786   37K   109 27.54   27.48  
c rst  luby stb  vmt  2108  1860K 1579      36K   782 5.85    5.77     8186   788   37K   109 27.62   27.56  
c rst  luby stb  vmt  2109  1860K 1579      36K   782 5.85    5.77     8186   788   37K   109 27.64   27.58  
c rst  luby stb  vmt  2110  1860K 1579      36K   782 5.85    5.77     8186   788   38K   109 27.67   27.61  
c [distill-long-red0] cls tried: 105/105 T: 0.01 T-out: N T-r: 99.75%
c [distill-long-red1] cls tried: 45/390 T: 0.02 T-out: Y T-r: -5.23%
c rst  luby stb  vmt  2111  1861K 1579      36K   782 5.85    5.77     8186   788   38K   109 27.70   27.64  
c rst  luby stb  vmt  2112  1861K 1579      36K   782 5.85    5.77     8186   788   38K   109 27.72   27.66  
c rst  luby ibes vmt  2113  1861K 1579      36K   782 5.85    5.77     8186   788   38K   109 27.75   27.70  
c rst  luby ibes vmt  2114  1861K 1579      36K   782 5.85    5.77     8186   788   38K   109 27.76   27.70  
c rst  luby ibes vmt  2115  1861K 1579      36K   782 5.85    5.77     8187   788   39K   109 27.80   27.74  
c rst  luby ibes vmt  2116  1861K 1579      36K   782 5.85    5.77     8187   789   39K   109 27.83   27.77  
c rst  luby ibes vmt  2117  1862K 1579      36K   782 5.85    5.77     8187   789   39K   109 27.83   27.77  
c rst  luby ibes vmt  2118  1862K 1579      36K   782 5.85    5.77     8187   789   39K   109 27.87   27.81  
c rst  luby ibes vmt  2119  1862K 1579      36K   782 5.85    5.77     8187   789   39K   109 27.89   27.83  
c rst  luby ibes vmt  2120  1863K 1579      36K   782 5.85    5.77     8187   790   40K   109 27.99   27.94  
c rst  luby ibes vmt  2121  1865K 1579      36K   782 5.85    5.77     8188   800   42K   109 28.31   28.25  
c rst  luby ibes vmt  2122  1868K 1579      36K   782 5.85    5.77     8190   808   45K   109 28.97   28.91  
c rst  luby ibes vmt  2123  1874K 1579      36K   782 5.85    5.77     8206   779   51K   109 29.87   29.82  
c [full-probe]  bin_only: 0 set: 0 repl: 0 T: 0.00 T-out: N T-r: 98.42%
c [distill-bin] useful: 0/782/782 lits-rem: 0 cl-rem: 0 0-depth-assigns: 0 T: 0.01 T-out: N
c rst  luby ibes vmt  2124  1874K 1579      36K   782 5.85    5.77     8206   779   51K   111 29.85   29.80  
c rst  luby ibes vmt  2125  1874K 1579      36K   782 5.85    5.77     8206   779   52K   111 29.83   29.78  
c rst  luby ibes vmt  2126  1875K 1579      36K   782 5.85    5.77     8208   852   37K   111 26.29   26.23  
c rst  luby ibes vmt  2127  1875K 1579      36K   782 5.85    5.77     8208   852   37K   111 26.31   26.25  
c rst  luby ibes vmt  2128  1875K 1579      36K   782 5.85    5.77     8208   852   37K   111 26.32   26.26  
c rst  luby ibes vmt  2129  1875K 1579      36K   782 5.85    5.77     8208   853   37K   111 26.31   26.26  
c rst  luby ibes vmt  2130  1875K 1579      36K   782 5.85    5.77     8208   854   38K   111 26.34   26.28  
c [distill-long-red0] cls tried: 17/17 T: 0.00 T-out: N T-r: 99.97%
c [distill-long-red1] cls tried: 69/427 T: 0.01 T-out: Y T-r: -1.92%
c rst  luby ibes vmt  2131  1876K 1579      36K   782 5.85    5.77     8208   855   38K   111 26.37   26.32  
c rst  luby ibes vmt  2132  1876K 1579      36K   782 5.85    5.77     8208   855   38K   111 26.38   26.33  
c rst  luby ibes vmt  2133  1876K 1579      36K   782 5.85    5.77     8208   855   38K   111 26.42   26.36  
c rst  luby ibes vmt  2134  1876K 1579      36K   782 5.85    5.77     8208   855   38K   111 26.44   26.38  
c rst  luby ibes vmt  2135  1876K 1579      36K   782 5.85    5.77     8208   855   38K   111 26.47   26.41  
c rst  luby ibes vmt  2136  1876K 1579      36K   782 5.85    5.77     8208   855   39K   111 26.48   26.42  
c rst  luby ibes vmt  2137  1877K 1579      36K   782 5.85    5.77     8208   855   39K   111 26.52   26.46  
c rst  luby ibes vmt  2138  1877K 1579      36K   782 5.85    5.77     8208   858   40K   111 26.57   26.51  
c rst  luby ibes vmt  2139  1878K 1579      36K   782 5.85    5.77     8208   859   40K   111 26.59   26.54  
c rst  luby ibes vmt  2140  1878K 1579      36K   782 5.85    5.77     8208   859   40K   111 26.59   26.54  
c rst  luby ibes vmt  2141  1878K 1579      36K   782 5.85    5.77     8208   859   40K   111 26.64   26.58  
c rst  luby ibes vmt  2142  1878K 1579      36K   782 5.85    5.77     8208   859   40K   111 26.64   26.59  
c rst  luby ibes vmt  2143  1878K 1579      36K   782 5.85    5.77     8208   859   40K   111 26.70   26.65  
c rst  luby ibes vmt  2144  1878K 1579      36K   782 5.85    5.77     8208   859   41K   111 26.71   26.66  
c rst  luby ibes vmt  2145  1879K 1579      36K   782 5.85    5.77     8209   863   41K   111 26.80   26.74  
c rst  luby ibes vmt  2146  1879K 1579      36K   782 5.85    5.77     8209   863   41K   111 26.80   26.74  
c rst  luby ibes vmt  2147  1879K 1579      36K   782 5.85    5.77     8209   863   41K   111 26.80   26.75  
c rst  luby ibes vmt  2148  1879K 1579      36K   782 5.85    5.77     8209   863   41K   111 26.78   26.73  
c rst  luby ibes vmt  2149  1879K 1579      36K   782 5.85    5.77     8209   863   42K   111 26.81   26.76  
c rst  luby ibes vmt  2150  1879K 1579      36K   782 5.85    5.77     8209   863   42K   111 26.82   26.76  
c rst  luby ibes vmt  2151  1879K 1579      36K   782 5.85    5.77     8209   865   42K   111 26.88   26.83  
c rst  luby ibes vmt  2152  1880K 1579      36K   782 5.85    5.77     8224   810   42K   111 26.94   26.89  
c rst  luby ibes vmt  2153  1881K 1579      36K   782 5.85    5.77     8224   812   43K   111 27.10   27.05  
c [distill] watch-based irred--  cl tried 9416     cl-sh 0     cl-rem 0    lit-rem 0      T: 0.01 T-out: N
c [distill] watch-based red  --  cl tried 16448    cl-sh 11    cl-rem 0    lit-rem 14     T: 0.02 T-out: N
c rst  luby ibes vmt  2154  1882K 1579      36K   782 5.85    5.77     8224   813   45K   111 27.37   27.32  
c rst  luby ibes vmt  2155  1882K 1579      36K   782 5.85    5.77     8224   813   45K   111 27.38   27.33  
c rst  luby ibes vmt  2156  1882K 1579      36K   782 5.85    5.77     8224   813   45K   111 27.39   27.34  
c rst  luby ibes vmt  2157  1883K 1579      36K   782 5.85    5.77     8224   813   45K   111 27.41   27.36  
c rst  luby ibes vmt  2158  1883K 1579      36K   782 5.85    5.77     8224   813   45K   111 27.41   27.35  
c rst  luby ibes vmt  2159  1883K 1579      36K   782 5.85    5.77     8224   813   45K   111 27.45   27.40  
c rst  luby ibes vmt  2160  1883K 1579      36K   782 5.85    5.77     8224   813   46K   111 27.45   27.40  
c rst  luby ibes vmt  2161  1883K 1579      36K   782 5.85    5.77     8224   814   46K   111 27.47   27.42  
c rst  luby ibes vmt  2162  1884K 1579      36K   782 5.85    5.77     8224   815   46K   111 27.51   27.46  
c rst  luby ibes vmt  2163  1884K 1579      36K   782 5.85    5.77     8224   816   46K   111 27.54   27.49  
c rst  luby ibes vmt  2164  1884K 1579      36K   782 5.85    5.77     8224   816   46K   111 27.60   27.55  
c rst  luby ibes vmt  2165  1884K 1579      36K   782 5.85    5.77     8224   816   46K   111 27.61   27.56  
c rst  luby ibes vmt  2166  1884K 1579      36K   782 5.85    5.77     8224   818   47K   111 27.65   27.60  
c rst  luby ibes vmt  2167  1884K 1579      36K   782 5.85    5.77     8224   818   47K   111 27.72   27.67  
c rst  luby ibes vmt  2168  1885K 1579      36K   782 5.85    5.77     8224   819   47K   111 27.70   27.65  
c rst  luby svd  vmt  2169  1885K 1579      36K   782 5.85    5.77     8224   822   48K   111 27.88   27.83  
c rst  luby svd  vmt  2170  1886K 1579      36K   782 5.85    5.77     8224   823   48K   111 27.91   27.86  
c rst  luby svd  vmt  2171  1886K 1579      36K   782 5.85    5.77     8224   823   48K   111 27.95   27.90  
c rst  luby svd  vmt  2172  1886K 1579      36K   782 5.85    5.77     8224   823   48K   111 28.03   27.98  
c [ccnr] saving best assignment phase to stable_polar
c [ccnr] bumping based on var unsat frequency: conflict_ct
c [ccnr] Bumped vars: 1588 bump type: 6
c [ccnr] time: 0.28
c rst  luby svd  vmt  2173  1886K 1579      36K   782 5.85    5.77     8224   830   48K   111 28.03   27.98  
c rst  luby svd  vmt  2174  1886K 1579      36K   782 5.85    5.77     8224   830   49K   111 28.08   28.04  
c rst  luby svd  vmt  2175  1886K 1579      36K   782 5.85    5.77     8225   839   49K   111 28.16   28.11  
c rst  luby svd  vmt  2176  1887K 1579      36K   782 5.85    5.77     8225   841   49K   111 28.27   28.22  
c rst  luby svd  vmt  2177  1887K 1579      36K   782 5.85    5.77     8225   841   49K   111 28.31   28.26  
c rst  luby svd  vmt  2178  1887K 1579      36K   782 5.85    5.77     8225   841   49K   111 28.35   28.30  
c rst  luby svd  vmt  2179  1887K 1579      36K   782 5.85    5.77     8225   841   50K   111 28.38   28.33  
c rst  luby svd  vmt  2180  1887K 1579      36K   782 5.85    5.77     8225   842   50K   111 28.39   28.34  
c rst  luby svd  vmt  2181  1887K 1579      36K   782 5.85    5.77     8225   842   50K   111 28.45   28.40  
c rst  luby svd  vmt  2182  1887K 1579      36K   782 5.85    5.77     8225   843   50K   111 28.51   28.46  
c rst  luby svd  vmt  2183  1888K 1579      36K   782 5.85    5.77     8225   844   50K   111 28.67   28.62  
c rst  luby svd  vmt  2184  1889K 1579      36K   782 5.85    5.77     8225   846   51K   111 28.94   28.89  
c rst  luby svd  vmt  2185  1890K 1579      36K   782 5.85    5.77     8245   923   36K   111 30.07   30.00  
c rst  luby svd  vmt  2186  1894K 1579      36K   782 5.85    5.77     8245   941   39K   111 30.92   30.85  
c [distill-long-red0] cls tried: 34/34 T: 0.00 T-out: N T-r: 99.94%
c [distill-long-red1] cls tried: 95/498 T: 0.02 T-out: Y T-r: -1.87%
c [impl-str] lit bin: 0 set-var: 0 T: 0.00 T-out: N T-r: 99.97% w-visit: 3176
c [impl-sub] bin: 1 T: 0.00 T-out: N w-visit: 3176
c rst  luby svd  vmt  2187  1894K 1579      36K   782 5.85    5.77     8245   942   39K   110 30.93   30.86  
c rst  luby svd  vmt  2188  1894K 1579      36K   782 5.85    5.77     8245   942   39K   110 31.00   30.93  
c rst  luby svd  vmt  2189  1894K 1579      36K   782 5.85    5.77     8245   944   40K   110 31.05   30.99  
c rst  luby svd  vmt  2190  1894K 1579      36K   782 5.85    5.77     8245   944   40K   110 31.07   31.01  
c rst  luby svd  vmt  2191  1894K 1579      36K   782 5.85    5.77     8245   944   40K   110 31.09   31.03  
c rst  luby svd  vmt  2192  1894K 1579      36K   782 5.85    5.77     8245   944   40K   110 31.10   31.04  
c [full-probe]  bin_only: 1 set: 0 repl: 0 T: 0.00 T-out: N T-r: 99.86%
c [distill-bin] useful: 0/782/782 lits-rem: 0 cl-rem: 0 0-depth-assigns: 0 T: 0.00 T-out: N
c rst  luby svd  vmt  2193  1895K 1579      36K   782 5.85    5.77     8245   945   40K   112 31.19   31.13  
c rst  luby svd  vmt  2194  1895K 1579      36K   782 5.85    5.77     8245   946   41K   112 31.21   31.14  
c rst  luby svd  vmt  2195  1895K 1579      36K   782 5.85    5.77     8245   946   41K   112 31.24   31.17  
c rst  luby svd  vmt  2196  1895K 1579      36K   782 5.85    5.77     8245   947   41K   112 31.29   31.22  
c rst  luby svd  vmt  2197  1895K 1579      36K   782 5.85    5.77     8245   947   41K   112 31.31   31.24  
c rst  luby svd  vmt  2198  1895K 1579      36K   782 5.85    5.77     8245   947   41K   112 31.34   31.28  
c rst  luby svd  vmt  2199  1896K 1579      36K   782 5.85    5.77     8245   947   41K   112 31.37   31.31  
c rst  luby svd  vmt  2200  1896K 1579      36K   782 5.85    5.77     8245   947   42K   112 31.39   31.32  
c rst  luby svd  vmt  2201  1897K 1579      36K   782 5.85    5.77     8245   949   42K   112 31.45   31.38  
c rst  luby svd  vmt  2202  1897K 1579      36K   782 5.85    5.77     8245   949   43K   112 31.47   31.41  
c rst  luby svd  vmt  2203  1897K 1579      36K   782 5.85    5.77     8245   949   43K   112 31.49   31.43  
c rst  luby svd  vmt  2204  1897K 1579      36K   782 5.85    5.77     8245   949   43K   112 31.52   31.45  
c rst  luby svd  vmt  2205  1897K 1579      36K   782 5.85    5.77     8245   951   43K   112 31.53   31.47  
c rst  luby svd  vmt  2206  1897K 1579      36K   782 5.85    5.77     8245   951   43K   112 31.55   31.49  
c rst  luby svd  vmt  2207  1898K 1579      36K   782 5.85    5.77     8245   955   43K   112 31.63   31.56  
c rst  luby svd  vmt  2208  1898K 1579      36K   782 5.85    5.77     8245   960   44K   112 31.69   31.62  
c rst  luby svd  vmt  2209  1898K 1579      36K   782 5.85    5.77     8245   960   44K   112 31.68   31.62  
c rst  luby svd  vmt  2210  1898K 1579      36K   782 5.85    5.77     8245   960   44K   112 31.66   31.60  
c rst  luby svd  vmt  2211  1898K 1579      36K   782 5.85    5.77     8245   960   44K   112 31.73   31.67  
c rst  luby svd  vmt  2212  1898K 1579      36K   782 5.85    5.77     8245   962   44K   112 31.75   31.68  
c rst  luby svd  vmt  2213  1899K 1579      36K   782 5.85    5.77     8245   962   44K   112 31.80   31.74  
c rst  luby svd  vmt  2214  1899K 1579      36K   782 5.85    5.77     8245   962   44K   112 31.84   31.78  
c rst  luby svd  vmt  2215  1899K 1579      36K   782 5.85    5.77     8245   963   45K   112 31.96   31.90  
c rst  luby svd  vmt  2216  1900K 1579      36K   782 5.85    5.77     8266   931   46K   112 32.19   32.13  
c rst  luby svd  vmt  2217  1902K 1579      36K   782 5.85    5.77     8266   933   47K   112 32.34   32.28  
c rst  luby svd  vmt  2218  1902K 1579      36K   782 5.85    5.77     8266   933   47K   112 32.34   32.28  
c rst  luby svd  vmt  2219  1902K 1579      36K   782 5.85    5.77     8266   933   47K   112 32.34   32.29  
c rst  luby svd  vmt  2220  1902K 1579      36K   782 5.85    5.77     8266   934   48K   112 32.35   32.29  
c rst  luby svd  vmt  2221  1902K 1579      36K   782 5.85    5.77     8266   934   48K   112 32.37   32.31  
c rst  luby svd  vmt  2222  1902K 1579      36K   782 5.85    5.77     8266   935   48K   112 32.38   32.32  
c rst  luby svd  vmt  2223  1902K 1579      36K   782 5.85    5.77     8266   935   48K   112 32.43   32.37  
c rst  luby svd  vmt  2224  1903K 1579      36K   782 5.85    5.77     8266   935   48K   112 32.54   32.48  
c rst  luby svd  vmt  2225  1903K 1579      36K   782 5.85    5.77     8266   935   49K   112 32.55   32.49  
c rst  luby svd  vmt  2226  1903K 1579      36K   782 5.85    5.77     8266   936   49K   112 32.54   32.48  
c rst  luby svd  vmt  2227  1903K 1579      36K   782 5.85    5.77     8266   936   49K   112 32.59   32.54  
c rst  luby svd  vmt  2228  1903K 1579      36K   782 5.85    5.77     8266   937   49K   112 32.61   32.56  
c rst  luby svd  vmt  2229  1903K 1579      36K   782 5.85    5.77     8266   937   49K   112 32.63   32.57  
c rst  luby svd  vmt  2230  1904K 1579      36K   782 5.85    5.77     8266   937   49K   112 32.64   32.58  
c rst  luby svd  vmt  2231  1904K 1579      36K   782 5.85    5.77     8266   937   50K   112 32.71   32.65  
c rst  luby svd  vmt  2232  1905K 1579      36K   782 5.85    5.77     8274  1038   36K   112 32.51   32.43  
c rst  luby svd  vmt  2233  1905K 1579      36K   782 5.85    5.77     8274  1038   36K   112 32.53   32.46  
c rst  luby svd  vmt  2234  1905K 1579      36K   782 5.85    5.77     8274  1038   36K   112 32.57   32.49  
c rst  luby svd  vmt  2235  1905K 1579      36K   782 5.85    5.77     8274  1038   36K   112 32.62   32.55  
c rst  luby svd  vmt  2236  1905K 1579      36K   782 5.85    5.77     8274  1038   36K   112 32.66   32.59  
c rst  luby svd  vmt  2237  1905K 1579      36K   782 5.85    5.77     8274  1040   36K   112 32.69   32.62  
c rst  luby svd  vmt  2238  1906K 1579      36K   782 5.85    5.77     8274  1041   37K   112 32.78   32.70  
c rst  luby svd  vmt  2239  1906K 1579      36K   782 5.85    5.77     8274  1045   37K   112 32.87   32.79  
c [distill] watch-based irred--  cl tried 9416     cl-sh 0     cl-rem 0    lit-rem 0      T: 0.00 T-out: N
c [distill] watch-based red  --  cl tried 16548    cl-sh 6     cl-rem 0    lit-rem 17     T: 0.01 T-out: N
c rst  luby svd  vmt  2240  1906K 1579      36K   782 5.85    5.77     8274  1046   37K   112 32.86   32.79  
c rst  luby svd  vmt  2241  1906K 1579      36K   782 5.85    5.77     8274  1046   37K   112 32.92   32.84  
c rst  luby svd  vmt  2242  1906K 1579      36K   782 5.85    5.77     8274  1046   37K   112 32.91   32.84  
c rst  luby svd  vmt  2243  1906K 1579      36K   782 5.85    5.77     8274  1046   38K   112 32.91   32.84  
c rst  luby svd  vmt  2244  1907K 1579      36K   782 5.85    5.77     8274  1046   38K   112 32.93   32.85  
c rst  luby svd  vmt  2245  1907K 1579      36K   782 5.85    5.77     8274  1046   38K   112 32.96   32.89  
c rst  luby svd  vmt  2246  1907K 1579      36K   782 5.85    5.77     8274  1048   38K   112 33.01   32.93  
c rst  luby svd  vmt  2247  1908K 1579      36K   782 5.85    5.77     8274  1051   39K   112 33.07   33.00  
c rst  luby svd  vmt  2248  1910K 1579      36K   782 5.85    5.77     8274  1054   41K   112 33.38   33.31  
c [distill-long-red0] cls tried: 23/23 T: 0.00 T-out: N T-r: 99.96%
c [distill-long-red1] cls tried: 144/528 T: 0.02 T-out: Y T-r: -0.55%
c rst  geom best vmt  2249  1910K 1579      36K   782 5.85    5.77     8297  1011   41K   112 33.42   33.35  
c rst  geom best vmt  2250  1910K 1579      36K   782 5.85    5.77     8297  1011   41K   112 33.41   33.34  
c rst  geom best vmt  2251  1910K 1579      36K   782 5.85    5.77     8297  1011   41K   112 33.39   33.33  
c rst  geom best vmt  2252  1910K 1579      36K   782 5.85    5.77     8297  1011   41K   112 33.42   33.35  
c rst  geom best vmt  2253  1910K 1579      36K   782 5.85    5.77     8297  1011   41K   112 33.42   33.35  
c rst  geom best vmt  2254  1910K 1579      36K   782 5.85    5.77     8298  1013   41K   112 33.49   33.42  
c rst  geom best vmt  2255  1911K 1579      36K   782 5.85    5.77     8298  1013   42K   112 33.50   33.43  
c rst  geom best vmt  2256  1911K 1579      36K   782 5.85    5.77     8298  1013   42K   112 33.50   33.43  
c rst  geom best vmt  2257  1911K 1579      36K   782 5.85    5.77     8298  1013   42K   112 33.54   33.47  
c rst  geom best vmt  2258  1911K 1579      36K   782 5.85    5.77     8298  1015   42K   112 33.56   33.49  
c rst  geom best vmt  2259  1912K 1579      36K   782 5.85    5.77     8298  1017   43K   112 33.55   33.48  
c rst  geom best vmt  2260  1912K 1579      36K   782 5.85    5.77     8298  1018   43K   112 33.64   33.57  
c rst  geom best vmt  2261  1912K 1579      36K   782 5.85    5.77     8298  1022   43K   112 33.79   33.72  
c rst  geom best vmt  2262  1913K 1579      36K   782 5.85    5.77     8298  1022   44K   112 33.82   33.75  
c rst  geom best vmt  2263  1913K 1579      36K   782 5.85    5.77     8298  1022   44K   112 33.82   33.76  
c rst  geom best vmt  2264  1914K 1579      36K   782 5.85    5.77     8298  1023   45K   112 33.84   33.78  
c rst  geom best vmt  2265  1914K 1579      36K   782 5.85    5.77     8298  1023   45K   112 33.82   33.75  
c [gauss] XOR-encoding clauses are not detached, so no need to reattach them.
c [g 0] truth-find prop checks  : 2466K
c [g 0] -> of which prop        : 53.99 %
c [g 0] -> of which confl       :  1.35 %
c [g 0] elim called             : 141K
c [g 0] ---> which lead to prop : 78.31 %
c [g 0] ---> which lead to confl:  2.52 %
c [g 0] size: 74    x 508  
c [scc] new: 1 BP 0M T: 0.00
c [vrep] vars 1 lits 3175 rem-bin-cls 6 rem-long-cls 0 BP 0M T: 0.01
c [scc] new: 0 BP 0M T: 0.00
c [vrep] vars 0 lits 0 rem-bin-cls 0 rem-long-cls 0 BP 0M T: 0.01
c [intree] Set 0 vars hyper-added: 0 trans-irred: 0 trans-red: 0 T: 0.00 T-out: N T-r: -0.53%
c [find&init matx] performing matrix init
c [gauss] XOR-encoding clauses are not detached, so no need to reattach them.
c [xor-rem-unconnected] left with 1006 xors from 1007 non-empty xors T: 0.00
c [xor-together] xored together: 927 orig xors: 1006 new xors: 79 T: 0.00
c [xor-rem-unconnected] left with 79 xors from 79 non-empty xors T: 0.00
c [xor-clean-equiv] removed equivalent xors: 0 left with: 79
c [matrix] unused xors from cleaning: 1
c [matrix] Good   matrix 0 79      x512    density:0.1019  xorlen avg: 52.15
c [matrix] Using 1 matrices recovered from 0 xors T: 0.00 T-out: N
c rst  geom best vmt  2266  1915K 1578      36K   782 5.85    5.77     8298  1025   46K   108 33.83   33.77  
c [full-probe]  bin_only: 0 set: 0 repl: 0 T: 0.01 T-out: N T-r: 98.37%
c [distill-bin] useful: 1/782/782 lits-rem: 0 cl-rem: 1 0-depth-assigns: 0 T: 0.01 T-out: N
c rst  geom best vmt  2267  1915K 1578      36K   781 5.85    5.77     8298  1026   46K   108 33.88   33.82  
c rst  geom best vmt  2268  1916K 1578      36K   781 5.85    5.77     8298  1026   47K   108 33.96   33.90  
c rst  geom best vmt  2269  1917K 1578      36K   781 5.85    5.77     8298  1026   48K   108 33.91   33.85  
c rst  geom best vmt  2270  1917K 1578      36K   781 5.85    5.77     8298  1031   48K   108 33.88   33.82  
c rst  geom best vmt  2271  1918K 1578      36K   781 5.85    5.77     8298  1033   49K   108 33.89   33.83  
c rst  geom best vmt  2272  1919K 1578      36K   781 5.85    5.77     8298  1034   50K   108 33.92   33.86  
c rst  geom best vmt  2273  1920K 1578      36K   781 5.85    5.77     8319  1036   37K   108 33.59   33.51  
c rst  geom best vmt  2274  1921K 1578      36K   781 5.85    5.77     8320  1037   38K   108 33.68   33.60  
c rst  geom best vmt  2275  1923K 1578      36K   781 5.85    5.77     8320  1045   39K   108 33.68   33.61  
c rst  geom best vmt  2276  1924K 1578      36K   781 5.85    5.77     8320  1045   41K   108 33.28   33.22  
c rst  geom best vmt  2277  1926K 1578      36K   781 5.85    5.77     8321  1049   42K   108 33.34   33.27  
c [distill-long-red0] cls tried: 40/40 T: 0.00 T-out: N T-r: 99.93%
c [distill-long-red1] cls tried: 114/451 T: 0.02 T-out: Y T-r: -0.91%
c rst  geom best vmt  2278  1927K 1578      36K   781 5.85    5.77     8321  1053   44K   108 33.52   33.46  
c rst  geom best vmt  2279  1929K 1578      36K   781 5.85    5.77     8322  1057   46K   108 33.67   33.60  
c rst  geom best vmt  2280  1931K 1578      36K   781 5.85    5.77     8350   660   48K   108 33.75   33.69  
c [distill] watch-based irred--  cl tried 9416     cl-sh 0     cl-rem 0    lit-rem 0      T: 0.00 T-out: N
c [distill] watch-based red  --  cl tried 16700    cl-sh 13    cl-rem 0    lit-rem 23     T: 0.02 T-out: N
c [ccnr] saving best assignment phase to stable_polar
c [ccnr] bumping based on var unsat frequency: conflict_ct
c [ccnr] Bumped vars: 1588 bump type: 6
c [ccnr] time: 0.28
c rst  geom best vmt  2281  1933K 1578      36K   781 5.85    5.77     8357   717   50K   108 34.67   34.61  
c rst  geom best vmt  2282  1936K 1578      36K   781 5.85    5.77     8374   835   39K   108 33.02   32.95  
c [full-probe]  bin_only: 1 set: 0 repl: 0 T: 0.00 T-out: N T-r: 99.87%
c [distill-bin] useful: 0/781/781 lits-rem: 0 cl-rem: 0 0-depth-assigns: 0 T: 0.01 T-out: N
c rst  geom stb  vmt  2283  1939K 1578      36K   781 5.85    5.77     8374   855   42K   108 33.52   33.46  
c rst  geom stb  vmt  2284  1942K 1578      36K   781 5.85    5.77     8430   789   45K   108 34.07   34.01  
c [distill-long-red0] cls tried: 97/97 T: 0.01 T-out: N T-r: 99.82%
c [distill-long-red1] cls tried: 101/343 T: 0.02 T-out: Y T-r: -1.13%
c rst  geom stb  vmt  2285  1945K 1578      36K   781 5.85    5.77     8433   818   48K   108 34.60   34.53  
c rst  geom stb  vmt  2286  1949K 1578      36K   781 5.85    5.77     8433   829   51K   108 35.12   35.06  
c rst  geom stb  vmt  2287  1953K 1578      36K   781 5.85    5.77     8462   918   40K   108 33.41   33.34  
c rst  geom stb  vmt  2288  1957K 1578      36K   781 5.85    5.77     8463   924   44K   108 34.28   34.22  
c [distill-long-red0] cls tried: 28/28 T: 0.00 T-out: N T-r: 99.96%
c [distill-long-red1] cls tried: 110/391 T: 0.02 T-out: Y T-r: -1.22%
c [full-probe]  bin_only: 0 set: 0 repl: 0 T: 0.01 T-out: N T-r: 98.47%
c [distill-bin] useful: 0/781/781 lits-rem: 0 cl-rem: 0 0-depth-assigns: 0 T: 0.00 T-out: N
c [distill] watch-based irred--  cl tried 9416     cl-sh 0     cl-rem 0    lit-rem 0      T: 0.01 T-out: N
c [distill] watch-based red  --  cl tried 16926    cl-sh 11    cl-rem 0    lit-rem 24     T: 0.01 T-out: N
c [impl-str] lit bin: 0 set-var: 0 T: 0.00 T-out: N T-r: 99.97% w-visit: 3176
c [impl-sub] bin: 0 T: 0.00 T-out: N w-visit: 3176
c rst  geom stb  vmt  2289  1962K 1578      36K   781 5.85    5.77     8481   852   49K   108 34.94   34.88  
c rst  geom ibes vmt  2290  1967K 1578      36K   781 5.85    5.77     8481   939   39K   108 35.63   35.56  
c rst  geom ibes vmt  2291  1973K 1578      36K   781 5.85    5.77     8506   908   45K   108 35.80   35.74  
c [distill-long-red0] cls tried: 51/51 T: 0.01 T-out: N T-r: 99.90%
c [distill-long-red1] cls tried: 103/331 T: 0.02 T-out: Y T-r: -1.86%
c rst  geom ibes vmt  2292  1979K 1578      36K   781 5.85    5.77     8506   915   52K   108 36.63   36.57  
c [full-probe]  bin_only: 1 set: 0 repl: 0 T: 0.01 T-out: N T-r: 99.83%
c [distill-bin] useful: 0/781/781 lits-rem: 0 cl-rem: 0 0-depth-assigns: 0 T: 0.01 T-out: N
c [gauss] XOR-encoding clauses are not detached, so no need to reattach them.
c [g 0] truth-find prop checks  : 2351K
c [g 0] -> of which prop        : 59.58 %
c [g 0] -> of which confl       :  1.35 %
c [g 0] elim called             : 130K
c [g 0] ---> which lead to prop : 97.42 %
c [g 0] ---> which lead to confl:  3.34 %
c [g 0] size: 79    x 512  
c [scc] new: 0 BP 0M T: 0.00
c [vrep] vars 0 lits 0 rem-bin-cls 0 rem-long-cls 0 BP 0M T: 0.01
c [intree] Set 0 vars hyper-added: 0 trans-irred: 0 trans-red: 0 T: 0.01 T-out: N T-r: -0.75%
c [find&init matx] performing matrix init
c [gauss] XOR-encoding clauses are not detached, so no need to reattach them.
c [xor-rem-unconnected] left with 1006 xors from 1007 non-empty xors T: 0.00
c [xor-together] xored together: 927 orig xors: 1006 new xors: 79 T: 0.00
c [xor-rem-unconnected] left with 79 xors from 79 non-empty xors T: 0.00
c [xor-clean-equiv] removed equivalent xors: 0 left with: 79
c [matrix] unused xors from cleaning: 1
c [matrix] Good   matrix 0 79      x512    density:0.1019  xorlen avg: 52.15
c [matrix] Using 1 matrices recovered from 0 xors T: 0.00 T-out: N
c [ccnr] saving best assignment phase to stable_polar
c [ccnr] bumping based on clause weights
c [ccnr] Bumped vars: 101 bump type: 6
c [ccnr] time: 0.28
c rst  geom ibes vmt  2293  1986K 1578      36K   781 5.85    5.77     8549  1091   44K   108 33.15   33.09  
c [distill] watch-based irred--  cl tried 9416     cl-sh 0     cl-rem 0    lit-rem 0      T: 0.00 T-out: N
c [distill] watch-based red  --  cl tried 17098    cl-sh 7     cl-rem 0    lit-rem 11     T: 0.02 T-out: N
c rst  geom ibes vmt  2294  1994K 1578      36K   781 5.85    5.77     8604  1110   52K   108 32.10   32.04  
c [distill-long-red0] cls tried: 75/75 T: 0.01 T-out: N T-r: 99.88%
c [distill-long-red1] cls tried: 60/500 T: 0.02 T-out: Y T-r: -0.90%
c rst  geom svd  vmt  2295  2003K 1578      36K   781 5.85    5.77     8680  1666   45K   108 26.84   26.79  
c [branch] adjusting to: vsid (from: vmtf) var_decay:0.95 descr: VSIDS
c [full-probe]  bin_only: 0 set: 0 repl: 0 T: 0.01 T-out: N T-r: 98.70%
c [distill-bin] useful: 0/781/781 lits-rem: 0 cl-rem: 0 0-depth-assigns: 0 T: 0.00 T-out: N
c rst  geom svd  vs   2296  2003K 1578      36K   781 5.85    5.77     8680  1666   45K   108 26.89   26.84  
c rst  geom svd  vs   2297  2003K 1578      36K   781 5.85    5.77     8680  1666   45K   108 26.90   26.85  
c rst  geom svd  vs   2298  2003K 1578      36K   781 5.85    5.77     8680  1666   45K   108 26.92   26.88  
c rst  geom svd  vs   2299  2003K 1578      36K   781 5.85    5.77     8680  1666   46K   108 26.97   26.93  
c rst  geom svd  vs   2300  2003K 1578      36K   781 5.85    5.77     8680  1666   46K   108 27.02   26.97  
c rst  geom svd  vs   2301  2004K 1578      36K   781 5.85    5.77     8680  1666   46K   108 27.06   27.01  
c rst  geom svd  vs   2302  2004K 1578      36K   781 5.85    5.77     8680  1666   46K   108 27.11   27.06  
c rst  geom svd  vs   2303  2004K 1578      36K   781 5.85    5.77     8680  1669   46K   108 27.18   27.13  
c rst  geom svd  vs   2304  2004K 1578      36K   781 5.85    5.77     8680  1669   47K   108 27.25   27.20  
c rst  geom svd  vs   2305  2004K 1578      36K   781 5.85    5.77     8680  1670   47K   108 27.30   27.25  
c rst  geom svd  vs   2306  2005K 1578      36K   781 5.85    5.77     8680  1670   47K   108 27.36   27.31  
c rst  geom svd  vs   2307  2005K 1578      36K   781 5.85    5.77     8681  1671   47K   108 27.45   27.40  
c rst  geom svd  vs   2308  2005K 1578      36K   781 5.85    5.77     8681  1671   48K   108 27.49   27.44  
c rst  geom svd  vs   2309  2006K 1578      36K   781 5.85    5.77     8681  1671   48K   108 27.56   27.51  
c rst  geom svd  vs   2310  2006K 1578      36K   781 5.85    5.77     8681  1671   49K   108 27.63   27.59  
c rst  geom svd  vs   2311  2007K 1578      36K   781 5.85    5.77     8681  1671   49K   108 27.68   27.63  
c rst  geom svd  vs   2312  2007K 1578      36K   781 5.85    5.77     8681  1671   50K   108 27.82   27.77  
c rst  geom svd  vs   2313  2008K 1578      36K   781 5.85    5.77     8681  1671   50K   108 28.05   28.01  
c rst  geom svd  vs   2314  2008K 1578      36K   781 5.85    5.77     8681  1673   51K   108 28.13   28.08  
c rst  geom svd  vs   2315  2009K 1578      36K   781 5.85    5.77     8681  1674   51K   108 28.22   28.17  
c rst  geom svd  vs   2316  2010K 1578      36K   781 5.85    5.77     8717  1838   36K   108 24.64   24.59  
c [distill-long-red0] cls tried: 99/99 T: 0.01 T-out: N T-r: 99.75%
c [distill-long-red1] cls tried: 36/1336 T: 0.02 T-out: Y T-r: -4.84%
c rst  geom svd  vs   2317  2010K 1578      36K   781 5.85    5.77     8717  1838   37K   108 24.84   24.79  
c rst  geom svd  vs   2318  2011K 1578      36K   781 5.85    5.77     8717  1840   38K   108 24.86   24.81  
c rst  geom svd  vs   2319  2012K 1578      36K   781 5.85    5.77     8717  1844   39K   108 25.08   25.03  
c [distill] watch-based irred--  cl tried 9416     cl-sh 0     cl-rem 0    lit-rem 0      T: 0.01 T-out: N
c [distill] watch-based red  --  cl tried 17434    cl-sh 5     cl-rem 0    lit-rem 6      T: 0.02 T-out: N
c rst  geom svd  vs   2320  2013K 1578      36K   781 5.85    5.77     8717  1844   40K   108 25.24   25.20  
c rst  geom svd  vs   2321  2015K 1578      36K   781 5.85    5.77     8717  1844   41K   108 25.34   25.29  
c rst  geom svd  vs   2322  2016K 1578      36K   781 5.85    5.77     8717  1847   42K   108 25.48   25.43  
c rst  geom svd  vs   2323  2017K 1578      36K   781 5.85    5.77     8717  1850   44K   108 25.65   25.60  
c [impl-str] lit bin: 0 set-var: 0 T: 0.00 T-out: N T-r: 99.97% w-visit: 3176
c [impl-sub] bin: 0 T: 0.00 T-out: N w-visit: 3176
c rst  geom svd  vs   2324  2019K 1578      36K   781 5.85    5.77     8717  1850   45K   108 26.09   26.04  
c rst  geom svd  vs   2325  2020K 1578      36K   781 5.85    5.77     8730  1775   47K   108 26.98   26.93  
c rst  geom best vs   2326  2022K 1578      36K   781 5.85    5.77     8730  1776   49K   108 27.27   27.22  
c rst  geom best vs   2327  2024K 1578      36K   781 5.85    5.77     8730  1776   51K   108 27.49   27.45  
c [full-probe]  bin_only: 1 set: 0 repl: 0 T: 0.00 T-out: N T-r: 99.85%
c [distill-bin] useful: 0/781/781 lits-rem: 0 cl-rem: 0 0-depth-assigns: 0 T: 0.00 T-out: N
c [ccnr] saving best assignment phase to stable_polar
c [ccnr] bumping based on var unsat frequency: conflict_ct
c [ccnr] Bumped vars: 1588 bump type: 6
c [ccnr] time: 0.29
c rst  geom best vs   2328  2027K 1578      36K   781 5.85    5.77     8734  1820   38K   108 25.31   25.26  
c [distill-long-red0] cls tried: 20/20 T: 0.00 T-out: N T-r: 99.95%
c [distill-long-red1] cls tried: 35/1317 T: 0.02 T-out: Y T-r: -4.48%
c rst  geom best vs   2329  2029K 1578      36K   781 5.85    5.77     8734  1824   40K   108 25.55   25.50  
c rst  geom best vs   2330  2032K 1578      36K   781 5.85    5.77     8743  1780   43K   108 25.87   25.82  
c rst  geom best vs   2331  2035K 1578      36K   781 5.85    5.77     8743  1782   46K   108 26.28   26.24  
c rst  geom best vs   2332  2038K 1578      36K   781 5.85    5.77     8743  1783   49K   108 27.03   26.98  
c [distill] watch-based irred--  cl tried 9416     cl-sh 0     cl-rem 0    lit-rem 0      T: 0.01 T-out: N
c [distill] watch-based red  --  cl tried 17486    cl-sh 1     cl-rem 0    lit-rem 1      T: 0.02 T-out: N
c rst  geom best vs   2333  2042K 1578      36K   781 5.85    5.77     8752  1785   39K   108 30.08   30.02  
c [distill-long-red0] cls tried: 11/11 T: 0.00 T-out: N T-r: 99.98%
c [distill-long-red1] cls tried: 88/1305 T: 0.02 T-out: Y T-r: -1.29%
c rst  geom best vs   2334  2046K 1578      36K   781 5.85    5.77     8752  1788   43K   108 29.79   29.73  
c [full-probe]  bin_only: 0 set: 0 repl: 0 T: 0.01 T-out: N T-r: 98.17%
c [distill-bin] useful: 0/781/781 lits-rem: 0 cl-rem: 0 0-depth-assigns: 0 T: 0.00 T-out: N
c [gauss] XOR-encoding clauses are not detached, so no need to reattach them.
c [g 0] truth-find prop checks  : 3258K
c [g 0] -> of which prop        : 47.30 %
c [g 0] -> of which confl       :  1.10 %
c [g 0] elim called             : 212K
c [g 0] ---> which lead to prop : 58.30 %
c [g 0] ---> which lead to confl:  2.06 %
c [g 0] size: 79    x 512  
c [scc] new: 0 BP 0M T: 0.00
c [vrep] vars 0 lits 0 rem-bin-cls 0 rem-long-cls 0 BP 0M T: 0.01
c [intree] Set 0 vars hyper-added: 0 trans-irred: 0 trans-red: 0 T: 0.00 T-out: N T-r: -0.61%
c [find&init matx] performing matrix init
c [gauss] XOR-encoding clauses are not detached, so no need to reattach them.
c [xor-rem-unconnected] left with 1006 xors from 1007 non-empty xors T: 0.00
c [xor-together] xored together: 927 orig xors: 1006 new xors: 79 T: 0.00
c [xor-rem-unconnected] left with 79 xors from 79 non-empty xors T: 0.00
c [xor-clean-equiv] removed equivalent xors: 0 left with: 79
c [matrix] unused xors from cleaning: 1
c [matrix] Good   matrix 0 79      x512    density:0.1019  xorlen avg: 52.15
c [matrix] Using 1 matrices recovered from 0 xors T: 0.00 T-out: N
c rst  geom stb  vs   2335  2050K 1578      36K   781 5.85    5.77     8765  1686   48K   108 30.34   30.28  
c rst  geom stb  vs   2336  2055K 1578      36K   781 5.85    5.77     8770  1742   38K   108 29.49   29.43  
c rst  geom stb  vs   2337  2060K 1578      36K   781 5.85    5.77     8782  1420   43K   108 31.18   31.12  
c [distill-long-red0] cls tried: 19/19 T: 0.00 T-out: N T-r: 99.96%
c [distill-long-red1] cls tried: 97/1000 T: 0.02 T-out: Y T-r: -1.62%
c rst  geom stb  vs   2338  2066K 1578      36K   781 5.85    5.77     8782  1428   49K   108 31.65   31.60  
c [full-probe]  bin_only: 1 set: 0 repl: 0 T: 0.00 T-out: N T-r: 99.86%
c [distill-bin] useful: 0/781/781 lits-rem: 0 cl-rem: 0 0-depth-assigns: 0 T: 0.01 T-out: N
c [distill] watch-based irred--  cl tried 9416     cl-sh 0     cl-rem 0    lit-rem 0      T: 0.01 T-out: N
c [distill] watch-based red  --  cl tried 17564    cl-sh 2     cl-rem 0    lit-rem 2      T: 0.01 T-out: N
c rst  geom stb  vs   2339  2072K 1578      36K   781 5.85    5.77     8795  1025   37K   108 31.16   31.10  
c [ccnr] saving best assignment phase to stable_polar
c [ccnr] bumping based on var unsat frequency: conflict_ct
c [ccnr] Bumped vars: 1588 bump type: 6
c [ccnr] time: 0.29
c rst  geom ibes vs   2340  2080K 1578      36K   781 5.85    5.77     8795  1042   44K   108 32.59   32.53  
c [distill-long-red0] cls tried: 15/15 T: 0.00 T-out: N T-r: 99.97%
c [distill-long-red1] cls tried: 112/620 T: 0.02 T-out: Y T-r: -1.17%
c [impl-str] lit bin: 0 set-var: 0 T: 0.00 T-out: N T-r: 99.97% w-visit: 3176
c [impl-sub] bin: 0 T: 0.00 T-out: N w-visit: 3176
c rst  geom ibes vs   2341  2087K 1578      36K   781 5.85    5.77     8803   699   40K   108 32.53   32.47  
c [full-probe]  bin_only: 0 set: 0 repl: 0 T: 0.01 T-out: N T-r: 98.40%
c [distill-bin] useful: 0/781/781 lits-rem: 0 cl-rem: 0 0-depth-assigns: 0 T: 0.00 T-out: N
c rst  geom ibes vs   2342  2096K 1578      36K   781 5.85    5.77     8814   608   49K   108 34.14   34.08  
c [distill-long-red0] cls tried: 17/17 T: 0.00 T-out: N T-r: 99.97%
c [distill-long-red1] cls tried: 80/241 T: 0.02 T-out: Y T-r: -2.67%
c [distill] watch-based irred--  cl tried 9416     cl-sh 0     cl-rem 0    lit-rem 0      T: 0.00 T-out: N
c [distill] watch-based red  --  cl tried 17628    cl-sh 1     cl-rem 0    lit-rem 1      T: 0.02 T-out: N
c rst  geom ibes vs   2343  2105K 1578      36K   781 5.85    5.77     8822   589   44K   108 33.25   33.19  
c rst  geom svd  vs   2344  2114K 1578      36K   781 5.85    5.77     8826   534   52K   108 34.19   34.13  
c recursive minimization cost OK: 2614Kcost/(% lits removed)
c [gauss] XOR-encoding clauses are not detached, so no need to reattach them.
c [g 0] truth-find prop checks  : 2659K
c [g 0] -> of which prop        : 64.22 %
c [g 0] -> of which confl       :  1.22 %
c [g 0] elim called             : 99K
c [g 0] ---> which lead to prop : 112.99 %
c [g 0] ---> which lead to confl:  3.35 %
c [g 0] size: 79    x 512  
c --> Executing strategy token: scc-vrepl
c [scc] new: 0 BP 0M T: 0.00
c --> Executing strategy token: sub-impl
c [impl-sub] bin: 0 T: 0.00 T-out: N w-visit: 3176
c --> Executing strategy token: breakid
c --> Executing OCC strategy token(s): 'occ-backw-sub-str,occ-clean-implicit,occ-bve,occ-bva,occ-ternary-res,occ-xor,'
c [occ] mem usage for occur 3      MB
c [occ] Linked in IRRED BIN by default: 781
c [occ] Linked in RED   BIN by default: 108
c [occ] mem usage for occur 1      MB
c Mem for watch alloc      : 27          MB (38.40     %)
c Mem for watch array      : 0           MB (0.10      %)
c --> Executing OCC strategy token: occ-backw-sub-str
c [occ-backw-sub-str-long-w-bins] subs: 0 str: 4 tried: 12898 0-depth ass: 0 T: 0.00 T-out: N T-r: 99.31%
c [occ-backw-sub-long-w-long] rem cl: 58 tried: 97913/97913 (100.0%) T: 0.04 T-out: N T-r: 89.44%
c [occ-backw-sub-str-long-w-long] sub: 7 str: 32 tried: 293739/97913 (300.0)  T: 0.21 T-out: N T-r: 74.99%
c --> Executing OCC strategy token: occ-clean-implicit
c --> Executing OCC strategy token: occ-bve
c [occ-empty-res] Empty resolvent elimed: 0 T: 0.00 T-out: N
c [occ-bve] iter v-elim 0
c cl_inc_rate=1.0, var_dec_rate=1.0 (grow=0)
c Reduced to 1578 vars, 36827 cls (grow=0)
c [occ-bve] iter v-elim 0
c cl_inc_rate=1.0, var_dec_rate=1.0 (grow=8)
c Reduced to 1578 vars, 36827 cls (grow=8)
c [occ-bve] iter v-elim 0
c cl_inc_rate=1.0, var_dec_rate=1.0 (grow=16)
c Reduced to 1578 vars, 36827 cls (grow=16)
c x n vars       : 1578
c #try to eliminate:  4734
c #var-elim        :     0
c #T-o: N
c #T-r: 99.99%
c #T  : 0.31
c [occur] 0.04 is overhead
c [occur] link-in T: 0.04 cleanup T: 0.00
c --> Executing OCC strategy token: occ-bva
c --> Executing OCC strategy token: occ-ternary-res
c [occ-ternary-res] Ternary res-tri: 0 res-bin: 0 sub: 0 str: 0 T: 0.00 T-out: N T-r: 99.85%
c --> Executing OCC strategy token: occ-xor
c [occ-xor] sort occur list T: 0.00
c [xor-clean-equiv] removed equivalent xors: 0 left with: 998
c [occ-xor] found    998 avg sz 5.9 min sz  4 max sz  6 T: 0.01 T-out: N T-r: 99.98%
c --> Executing strategy token: card-find
c --> Executing strategy token: cl-consolidate
c Not consolidating memory.
c --> Executing strategy token: scc-vrepl
c [scc] new: 0 BP 0M T: 0.00
c --> Executing strategy token: renumber
c --> Executing strategy token: bosphorus
c --> Executing strategy token: louvain-comms
c [consolidate] mini T: 0.00
c global_timeout_multiplier: 7.0738
c [branch] rebuilding order heap for all branchings. Current branching: vsid
c [find&init matx] performing matrix init
c [gauss] XOR-encoding clauses are not detached, so no need to reattach them.
c [xor-rem-unconnected] left with 997 xors from 998 non-empty xors T: 0.00
c [xor-together] xored together: 915 orig xors: 997 new xors: 82 T: 0.00
c [xor-rem-unconnected] left with 82 xors from 82 non-empty xors T: 0.00
c [xor-clean-equiv] removed equivalent xors: 0 left with: 82
c [matrix] unused xors from cleaning: 1
c [matrix] Good   matrix  0     82 x  519  density:0.0962  xorlen avg: 49.90
c [matrix] Using 1 matrices recovered from 0 xors T: 0.00 T-out: N
c [distill-long-red0] cls tried: 9/9 T: 0.00 T-out: N T-r: 99.97%
c [distill-long-red1] cls tried: 97/178 T: 0.02 T-out: Y T-r: -1.43%
c [full-probe]  bin_only: 1 set: 0 repl: 0 T: 0.01 T-out: N T-r: 99.75%
c [distill-bin] useful: 0/781/781 lits-rem: 0 cl-rem: 0 0-depth-assigns: 0 T: 0.01 T-out: N
c [gauss] XOR-encoding clauses are not detached, so no need to reattach them.
c [g 0] truth-find prop checks  : 0
c [g 0] -> of which prop        :  0.00 %
c [g 0] -> of which confl       :  0.00 %
c [g 0] elim called             : 0
c [g 0] ---> which lead to prop :  0.00 %
c [g 0] ---> which lead to confl:  0.00 %
c [g 0] size: 82    x 519  
c [scc] new: 0 BP 0M T: 0.00
c [vrep] vars 0 lits 0 rem-bin-cls 0 rem-long-cls 0 BP 0M T: 0.01
c [intree] Set 0 vars hyper-added: 0 trans-irred: 0 trans-red: 0 T: 0.01 T-out: N T-r: -0.05%
c [find&init matx] performing matrix init
c [gauss] XOR-encoding clauses are not detached, so no need to reattach them.
c [xor-rem-unconnected] left with 997 xors from 998 non-empty xors T: 0.00
c [xor-together] xored together: 915 orig xors: 997 new xors: 82 T: 0.00
c [xor-rem-unconnected] left with 82 xors from 82 non-empty xors T: 0.00
c [xor-clean-equiv] removed equivalent xors: 0 left with: 82
c [matrix] unused xors from cleaning: 1
c [matrix] Good   matrix 0 82      x519    density:0.0962  xorlen avg: 49.90
c [matrix] Using 1 matrices recovered from 0 xors T: 0.00 T-out: N
c rst  geom svd  vs   2345  2116K 1578      36K   781 5.85    5.77     8762   553   38K   108 33.40   33.33  
c rst  geom svd  vs   2346  2127K 1578      36K   781 5.85    5.77     8765   495   49K   108 35.08   35.02  
c [distill] watch-based irred--  cl tried 9944     cl-sh 0     cl-rem 0    lit-rem 0      T: 0.00 T-out: N
c [distill] watch-based red  --  cl tried 17530    cl-sh 0     cl-rem 0    lit-rem 0      T: 0.02 T-out: N
c [ccnr] saving best assignment phase to stable_polar
c [ccnr] bumping based on clause weights
c [ccnr] Bumped vars: 104 bump type: 6
c [ccnr] time: 0.29
c rst  geom svd  vs   2347  2139K 1578      36K   781 5.85    5.77     8770   445   44K   108 34.91   34.84  
c [distill-long-red0] cls tried: 8/8 T: 0.00 T-out: N T-r: 99.98%
c [distill-long-red1] cls tried: 119/119 T: 0.02 T-out: N T-r: 16.61%
c [full-probe]  bin_only: 0 set: 0 repl: 0 T: 0.01 T-out: N T-r: 98.14%
c [distill-bin] useful: 0/781/781 lits-rem: 0 cl-rem: 0 0-depth-assigns: 0 T: 0.01 T-out: N
c rst  geom best vs   2348  2153K 1578      36K   781 5.85    5.77     8789   359   45K   108 33.17   33.10  
c [distill] watch-based irred--  cl tried 9944     cl-sh 0     cl-rem 0    lit-rem 0      T: 0.00 T-out: N
c [distill] watch-based red  --  cl tried 17578    cl-sh 2     cl-rem 0    lit-rem 3      T: 0.02 T-out: N
c [impl-str] lit bin: 0 set-var: 0 T: 0.00 T-out: N T-r: 99.97% w-visit: 3176
c [impl-sub] bin: 0 T: 0.00 T-out: N w-visit: 3176
c rst  geom best vs   2349  2168K 1578      36K   781 5.85    5.77     8801   358   46K   108 30.64   30.58  
c [distill-long-red0] cls tried: 15/15 T: 0.00 T-out: N T-r: 99.97%
c [distill-long-red1] cls tried: 77/77 T: 0.01 T-out: N T-r: 29.30%
c [full-probe]  bin_only: 1 set: 0 repl: 0 T: 0.00 T-out: N T-r: 99.86%
c [distill-bin] useful: 0/781/781 lits-rem: 0 cl-rem: 0 0-depth-assigns: 0 T: 0.01 T-out: N
c rst  geom stb  vs   2350  2185K 1578      36K   781 5.85    5.77     8816   367   48K   108 28.79   28.74  
c [distill-long-red0] cls tried: 3/3 T: 0.00 T-out: N T-r: 100.00%
c [distill-long-red1] cls tried: 102/102 T: 0.02 T-out: N T-r: 12.10%
c [distill] watch-based irred--  cl tried 9944     cl-sh 0     cl-rem 0    lit-rem 0      T: 0.01 T-out: N
c [distill] watch-based red  --  cl tried 17632    cl-sh 2     cl-rem 0    lit-rem 2      T: 0.01 T-out: N
c [gauss] XOR-encoding clauses are not detached, so no need to reattach them.
c [g 0] truth-find prop checks  : 2800K
c [g 0] -> of which prop        : 65.43 %
c [g 0] -> of which confl       :  1.16 %
c [g 0] elim called             : 95K
c [g 0] ---> which lead to prop : 114.80 %
c [g 0] ---> which lead to confl:  3.64 %
c [g 0] size: 82    x 519  
c [scc] new: 0 BP 0M T: 0.00
c [vrep] vars 0 lits 0 rem-bin-cls 0 rem-long-cls 0 BP 0M T: 0.00
c [intree] Set 0 vars hyper-added: 0 trans-irred: 0 trans-red: 0 T: 0.01 T-out: N T-r: -0.43%
c [find&init matx] performing matrix init
c [gauss] XOR-encoding clauses are not detached, so no need to reattach them.
c [xor-rem-unconnected] left with 997 xors from 998 non-empty xors T: 0.00
c [xor-together] xored together: 915 orig xors: 997 new xors: 82 T: 0.00
c [xor-rem-unconnected] left with 82 xors from 82 non-empty xors T: 0.00
c [xor-clean-equiv] removed equivalent xors: 0 left with: 82
c [matrix] unused xors from cleaning: 1
c [matrix] Good   matrix 0 82      x519    density:0.0962  xorlen avg: 49.90
c [matrix] Using 1 matrices recovered from 0 xors T: 0.00 T-out: N
c [ccnr] saving best assignment phase to stable_polar
c [ccnr] bumping based on var unsat frequency: conflict_ct
c [ccnr] Bumped vars: 1588 bump type: 6
c [ccnr] time: 0.29
c rst  geom stb  vs   2351  2203K 1578      36K   781 5.85    5.77     8833   439   52K   108 32.04   31.99  
c [distill-long-red0] cls tried: 11/11 T: 0.00 T-out: N T-r: 99.98%
c [distill-long-red1] cls tried: 100/100 T: 0.01 T-out: N T-r: 46.03%
c [full-probe]  bin_only: 0 set: 0 repl: 0 T: 0.01 T-out: N T-r: 98.53%
c [distill-bin] useful: 0/781/781 lits-rem: 0 cl-rem: 0 0-depth-assigns: 0 T: 0.01 T-out: N
c rst  geom ibes vs   2352  2223K 1578      36K   781 5.85    5.77     8862   557   42K   108 32.09   32.02  
c [branch] adjusting to: vmtf (from: vsid) var_decay:0.95 descr: VMTF
c [distill-long-red0] cls tried: 7/7 T: 0.00 T-out: N T-r: 99.99%
c [distill-long-red1] cls tried: 146/153 T: 0.02 T-out: Y T-r: -1.68%
c [full-probe]  bin_only: 1 set: 0 repl: 0 T: 0.00 T-out: N T-r: 99.90%
c [distill-bin] useful: 0/781/781 lits-rem: 0 cl-rem: 0 0-depth-assigns: 0 T: 0.01 T-out: N
c [distill] watch-based irred--  cl tried 9944     cl-sh 0     cl-rem 0    lit-rem 0      T: 0.00 T-out: N
c [distill] watch-based red  --  cl tried 17724    cl-sh 1     cl-rem 0    lit-rem 1      T: 0.01 T-out: N
c [impl-str] lit bin: 0 set-var: 0 T: 0.00 T-out: N T-r: 99.97% w-visit: 3176
c [impl-sub] bin: 0 T: 0.00 T-out: N w-visit: 3176
c rst  luby ibes vmt  2353  2224K 1578      36K   781 5.85    5.77     8862   569   42K   108 32.10   32.04  
c rst  luby ibes vmt  2354  2224K 1578      36K   781 5.85    5.77     8862   569   42K   108 32.10   32.04  
c rst  luby ibes vmt  2355  2224K 1578      36K   781 5.85    5.77     8862   569   42K   108 32.08   32.02  
c rst  luby ibes vmt  2356  2224K 1578      36K   781 5.85    5.77     8862   569   42K   108 32.09   32.03  
c rst  luby ibes vmt  2357  2224K 1578      36K   781 5.85    5.77     8862   569   42K   108 32.10   32.04  
c rst  luby ibes vmt  2358  2224K 1578      36K   781 5.85    5.77     8862   569   43K   108 32.08   32.01  
c rst  luby ibes vmt  2359  2225K 1578      36K   781 5.85    5.77     8862   570   43K   108 32.11   32.05  
c rst  luby ibes vmt  2360  2225K 1578      36K   781 5.85    5.77     8862   570   43K   108 32.11   32.05  
c rst  luby ibes vmt  2361  2225K 1578      36K   781 5.85    5.77     8862   570   43K   108 32.09   32.03  
c rst  luby ibes vmt  2362  2225K 1578      36K   781 5.85    5.77     8862   570   43K   108 32.08   32.02  
c rst  luby ibes vmt  2363  2225K 1578      36K   781 5.85    5.77     8862   570   43K   108 32.07   32.01  
c rst  luby ibes vmt  2364  2225K 1578      36K   781 5.85    5.77     8862   570   44K   108 32.06   32.00  
c rst  luby ibes vmt  2365  2225K 1578      36K   781 5.85    5.77     8862   570   44K   108 32.01   31.95  
c rst  luby ibes vmt  2366  2226K 1578      36K   781 5.85    5.77     8862   570   44K   108 32.02   31.96  
c rst  luby ibes vmt  2367  2227K 1578      36K   781 5.85    5.77     8862   574   45K   108 32.05   31.99  
c rst  luby ibes vmt  2368  2227K 1578      36K   781 5.85    5.77     8862   574   45K   108 32.05   31.99  
c rst  luby ibes vmt  2369  2227K 1578      36K   781 5.85    5.77     8862   576   45K   108 32.06   32.00  
c rst  luby ibes vmt  2370  2227K 1578      36K   781 5.85    5.77     8862   576   45K   108 32.11   32.05  
c rst  luby ibes vmt  2371  2227K 1578      36K   781 5.85    5.77     8862   576   45K   108 32.13   32.07  
c rst  luby ibes vmt  2372  2227K 1578      36K   781 5.85    5.77     8862   577   46K   108 32.13   32.08  
c rst  luby ibes vmt  2373  2227K 1578      36K   781 5.85    5.77     8862   577   46K   108 32.13   32.07  
c rst  luby ibes vmt  2374  2228K 1578      36K   781 5.85    5.77     8862   577   46K   108 32.22   32.16  
c rst  luby ibes vmt  2375  2228K 1578      36K   781 5.85    5.77     8862   577   46K   108 32.22   32.16  
c rst  luby ibes vmt  2376  2228K 1578      36K   781 5.85    5.77     8862   577   46K   108 32.22   32.16  
c rst  luby ibes vmt  2377  2228K 1578      36K   781 5.85    5.77     8862   578   47K   108 32.24   32.18  
c rst  luby ibes vmt  2378  2228K 1578      36K   781 5.85    5.77     8862   578   47K   108 32.23   32.17  
c rst  luby ibes vmt  2379  2228K 1578      36K   781 5.85    5.77     8862   578   47K   108 32.21   32.15  
c rst  luby ibes vmt  2380  2229K 1578      36K   781 5.85    5.77     8862   578   47K   108 32.18   32.12  
c rst  luby ibes vmt  2381  2229K 1578      36K   781 5.85    5.77     8862   578   47K   108 32.24   32.19  
c [ccnr] saving best assignment phase to stable_polar
c [ccnr] bumping based on var unsat frequency: conflict_ct
c [ccnr] Bumped vars: 1588 bump type: 6
c [ccnr] time: 0.30
c rst  luby ibes vmt  2382  2230K 1578      36K   781 5.85    5.77     8887   552   48K   108 32.61   32.55  
c rst  luby ibes vmt  2383  2231K 1578      36K   781 5.85    5.77     8887   554   50K   108 32.76   32.70  
c rst  luby svd  vmt  2384  2232K 1578      36K   781 5.85    5.77     8887   554   50K   108 32.77   32.71  
c rst  luby svd  vmt  2385  2232K 1578      36K   781 5.85    5.77     8887   554   50K   108 32.78   32.72  
c rst  luby svd  vmt  2386  2232K 1578      36K   781 5.85    5.77     8887   554   50K   108 32.84   32.78  
c rst  luby svd  vmt  2387  2232K 1578      36K   781 5.85    5.77     8887   554   50K   108 32.85   32.79  
c rst  luby svd  vmt  2388  2232K 1578      36K   781 5.85    5.77     8887   554   50K   108 32.87   32.81  
c rst  luby svd  vmt  2389  2232K 1578      36K   781 5.85    5.77     8887   555   51K   108 32.93   32.88  
c rst  luby svd  vmt  2390  2233K 1578      36K   781 5.85    5.77     8887   555   51K   108 32.94   32.89  
c rst  luby svd  vmt  2391  2233K 1578      36K   781 5.85    5.77     8887   555   51K   108 32.94   32.88  
c rst  luby svd  vmt  2392  2233K 1578      36K   781 5.85    5.77     8887   555   51K   108 32.95   32.89  
c rst  luby svd  vmt  2393  2233K 1578      36K   781 5.85    5.77     8887   555   51K   108 32.95   32.89  
c rst  luby svd  vmt  2394  2233K 1578      36K   781 5.85    5.77     8887   555   52K   108 32.97   32.91  
c rst  luby svd  vmt  2395  2233K 1578      36K   781 5.85    5.77     8887   555   52K   108 32.98   32.92  
c rst  luby svd  vmt  2396  2233K 1578      36K   781 5.85    5.77     8887   556   52K   108 32.99   32.94  
c rst  luby svd  vmt  2397  2234K 1578      36K   781 5.85    5.77     8887   556   52K   108 33.08   33.03  
c rst  luby svd  vmt  2398  2235K 1578      36K   781 5.85    5.77     8889   607   37K   108 30.88   30.82  
c rst  luby svd  vmt  2399  2235K 1578      36K   781 5.85    5.77     8889   607   37K   108 30.90   30.83  
c rst  luby svd  vmt  2400  2235K 1578      36K   781 5.85    5.77     8889   607   37K   108 30.92   30.85  
c rst  luby svd  vmt  2401  2235K 1578      36K   781 5.85    5.77     8889   608   38K   108 30.97   30.90  
c rst  luby svd  vmt  2402  2235K 1578      36K   781 5.85    5.77     8889   609   38K   108 31.00   30.93  
c rst  luby svd  vmt  2403  2235K 1578      36K   781 5.85    5.77     8889   609   38K   108 31.02   30.96  
c rst  luby svd  vmt  2404  2235K 1578      36K   781 5.85    5.77     8889   609   38K   108 31.09   31.02  
c rst  luby svd  vmt  2405  2236K 1578      36K   781 5.85    5.77     8889   613   38K   108 31.20   31.13  
c rst  luby svd  vmt  2406  2236K 1578      36K   781 5.85    5.77     8889   614   38K   108 31.18   31.12  
c rst  luby svd  vmt  2407  2236K 1578      36K   781 5.85    5.77     8889   614   39K   108 31.21   31.14  
c rst  luby svd  vmt  2408  2236K 1578      36K   781 5.85    5.77     8889   614   39K   108 31.24   31.17  
c rst  luby svd  vmt  2409  2236K 1578      36K   781 5.85    5.77     8889   614   39K   108 31.26   31.19  
c rst  luby svd  vmt  2410  2236K 1578      36K   781 5.85    5.77     8889   614   39K   108 31.29   31.23  
c rst  luby svd  vmt  2411  2237K 1578      36K   781 5.85    5.77     8889   614   39K   108 31.34   31.27  
c rst  luby svd  vmt  2412  2237K 1578      36K   781 5.85    5.77     8889   614   40K   108 31.41   31.35  
c rst  luby svd  vmt  2413  2238K 1578      36K   781 5.85    5.77     8889   617   40K   108 31.68   31.62  
c rst  luby svd  vmt  2414  2239K 1578      36K   781 5.85    5.77     8889   618   42K   108 32.15   32.08  
c [distill-long-red0] cls tried: 14/14 T: 0.00 T-out: N T-r: 99.98%
c [distill-long-red1] cls tried: 96/96 T: 0.01 T-out: N T-r: 34.50%
c rst  luby svd  vmt  2415  2243K 1578      36K   781 5.85    5.77     8896   572   45K   108 32.85   32.79  
c rst  luby svd  vmt  2416  2243K 1578      36K   781 5.85    5.77     8896   572   45K   108 32.87   32.81  
c rst  luby svd  vmt  2417  2243K 1578      36K   781 5.85    5.77     8896   573   45K   108 32.90   32.84  
c rst  luby svd  vmt  2418  2243K 1578      36K   781 5.85    5.77     8896   573   46K   108 32.94   32.88  
c rst  luby svd  vmt  2419  2243K 1578      36K   781 5.85    5.77     8896   574   46K   108 32.97   32.91  
c rst  luby svd  vmt  2420  2243K 1578      36K   781 5.85    5.77     8896   574   46K   108 32.97   32.91  
c rst  luby svd  vmt  2421  2244K 1578      36K   781 5.85    5.77     8896   574   46K   108 32.96   32.90  
c [full-probe]  bin_only: 0 set: 0 repl: 0 T: 0.01 T-out: N T-r: 98.59%
c [distill-bin] useful: 0/781/781 lits-rem: 0 cl-rem: 0 0-depth-assigns: 0 T: 0.01 T-out: N
c rst  luby svd  vmt  2422  2244K 1578      36K   781 5.85    5.77     8896   574   46K   108 33.02   32.96  
c rst  luby svd  vmt  2423  2244K 1578      36K   781 5.85    5.77     8896   574   46K   108 33.04   32.98  
c rst  luby svd  vmt  2424  2244K 1578      36K   781 5.85    5.77     8896   575   47K   108 33.07   33.01  
c rst  luby svd  vmt  2425  2244K 1578      36K   781 5.85    5.77     8896   576   47K   108 33.13   33.07  
c rst  luby svd  vmt  2426  2244K 1578      36K   781 5.85    5.77     8896   577   47K   108 33.16   33.10  
c rst  luby svd  vmt  2427  2245K 1578      36K   781 5.85    5.77     8896   578   47K   108 33.18   33.12  
c rst  luby svd  vmt  2428  2245K 1578      36K   781 5.85    5.77     8896   579   47K   108 33.18   33.12  
c rst  luby svd  vmt  2429  2245K 1578      36K   781 5.85    5.77     8896   579   48K   108 33.22   33.16  
c rst  luby svd  vmt  2430  2246K 1578      36K   781 5.85    5.77     8896   583   48K   108 33.37   33.31  
c rst  luby svd  vmt  2431  2246K 1578      36K   781 5.85    5.77     8896   583   48K   108 33.38   33.32  
c rst  luby svd  vmt  2432  2246K 1578      36K   781 5.85    5.77     8896   583   49K   108 33.40   33.34  
c rst  luby svd  vmt  2433  2246K 1578      36K   781 5.85    5.77     8896   583   49K   108 33.40   33.34  
c rst  luby svd  vmt  2434  2246K 1578      36K   781 5.85    5.77     8896   583   49K   108 33.44   33.38  
c rst  luby svd  vmt  2435  2247K 1578      36K   781 5.85    5.77     8896   584   49K   108 33.46   33.40  
c rst  luby svd  vmt  2436  2247K 1578      36K   781 5.85    5.77     8896   584   49K   108 33.51   33.45  
c rst  luby svd  vmt  2437  2247K 1578      36K   781 5.85    5.77     8896   586   50K   108 33.63   33.57  
c rst  luby svd  vmt  2438  2247K 1578      36K   781 5.85    5.77     8896   586   50K   108 33.63   33.57  
c rst  luby svd  vmt  2439  2247K 1578      36K   781 5.85    5.77     8896   586   50K   108 33.64   33.58  
c rst  luby svd  vmt  2440  2248K 1578      36K   781 5.85    5.77     8896   586   50K   108 33.66   33.61  
c rst  luby svd  vmt  2441  2248K 1578      36K   781 5.85    5.77     8896   586   50K   108 33.68   33.63  
c rst  luby svd  vmt  2442  2248K 1578      36K   781 5.85    5.77     8896   586   50K   108 33.69   33.63  
c rst  luby svd  vmt  2443  2248K 1578      36K   781 5.85    5.77     8896   586   50K   108 33.70   33.65  
c rst  luby svd  vmt  2444  2248K 1578      36K   781 5.85    5.77     8896   589   51K   108 33.68   33.62  
c rst  luby svd  vmt  2445  2249K 1578      36K   781 5.85    5.77     8896   589   52K   108 33.75   33.69  
c [distill] watch-based irred--  cl tried 9944     cl-sh 0     cl-rem 0    lit-rem 0      T: 0.01 T-out: N
c [distill] watch-based red  --  cl tried 17792    cl-sh 4     cl-rem 0    lit-rem 5      T: 0.01 T-out: N
c rst  luby svd  vmt  2446  2251K 1578      36K   781 5.85    5.77     8911   630   38K   108 31.91   31.85  
c [gauss] XOR-encoding clauses are not detached, so no need to reattach them.
c [g 0] truth-find prop checks  : 2724K
c [g 0] -> of which prop        : 62.85 %
c [g 0] -> of which confl       :  1.18 %
c [g 0] elim called             : 134K
c [g 0] ---> which lead to prop : 92.07 %
c [g 0] ---> which lead to confl:  3.69 %
c [g 0] size: 82    x 519  
c [scc] new: 0 BP 0M T: 0.00
c [vrep] vars 0 lits 0 rem-bin-cls 0 rem-long-cls 0 BP 0M T: 0.00
c [intree] Set 0 vars hyper-added: 0 trans-irred: 0 trans-red: 0 T: 0.01 T-out: N T-r: -0.40%
c [find&init matx] performing matrix init
c [gauss] XOR-encoding clauses are not detached, so no need to reattach them.
c [xor-rem-unconnected] left with 997 xors from 998 non-empty xors T: 0.00
c [xor-together] xored together: 915 orig xors: 997 new xors: 82 T: 0.00
c [xor-rem-unconnected] left with 82 xors from 82 non-empty xors T: 0.00
c [xor-clean-equiv] removed equivalent xors: 0 left with: 82
c [matrix] unused xors from cleaning: 1
c [matrix] Good   matrix 0 82      x519    density:0.0962  xorlen avg: 49.90
c [matrix] Using 1 matrices recovered from 0 xors T: 0.00 T-out: N
c rst  luby svd  vmt  2447  2251K 1578      36K   781 5.85    5.77     8911   632   38K   108 31.93   31.87  
c rst  luby svd  vmt  2448  2251K 1578      36K   781 5.85    5.77     8911   632   38K   108 31.94   31.88  
c rst  luby svd  vmt  2449  2251K 1578      36K   781 5.85    5.77     8911   633   38K   108 31.98   31.91  
c rst  luby svd  vmt  2450  2251K 1578      36K   781 5.85    5.77     8911   634   38K   108 31.99   31.92  
c rst  luby svd  vmt  2451  2251K 1578      36K   781 5.85    5.77     8911   635   38K   108 32.03   31.96  
c rst  luby svd  vmt  2452  2252K 1578      36K   781 5.85    5.77     8911   635   38K   108 32.04   31.98  
c rst  luby svd  vmt  2453  2252K 1578      36K   781 5.85    5.77     8912   639   39K   108 32.09   32.02  
c rst  luby svd  vmt  2454  2252K 1578      36K   781 5.85    5.77     8912   640   39K   108 32.10   32.03  
c rst  luby svd  vmt  2455  2252K 1578      36K   781 5.85    5.77     8912   641   39K   108 32.10   32.04  
c rst  luby svd  vmt  2456  2252K 1578      36K   781 5.85    5.77     8912   641   39K   108 32.11   32.04  
c rst  luby svd  vmt  2457  2252K 1578      36K   781 5.85    5.77     8912   642   39K   108 32.11   32.04  
c rst  luby svd  vmt  2458  2253K 1578      36K   781 5.85    5.77     8912   642   39K   108 32.13   32.07  
c rst  luby svd  vmt  2459  2253K 1578      36K   781 5.85    5.77     8912   643   40K   108 32.17   32.11  
c rst  luby svd  vmt  2460  2253K 1578      36K   781 5.85    5.77     8912   643   40K   108 32.22   32.16  
c rst  luby svd  vmt  2461  2254K 1578      36K   781 5.85    5.77     8912   643   41K   108 32.17   32.11  
c rst  luby svd  vmt  2462  2254K 1578      36K   781 5.85    5.77     8912   643   41K   108 32.18   32.12  
c rst  luby svd  vmt  2463  2254K 1578      36K   781 5.85    5.77     8912   643   41K   108 32.19   32.13  
c rst  luby svd  vmt  2464  2254K 1578      36K   781 5.85    5.77     8912   643   41K   108 32.25   32.19  
c rst  luby svd  vmt  2465  2254K 1578      36K   781 5.85    5.77     8912   643   41K   108 32.26   32.19  
c rst  luby svd  vmt  2466  2255K 1578      36K   781 5.85    5.77     8912   643   41K   108 32.28   32.22  
c [distill-long-red0] cls tried: 9/9 T: 0.00 T-out: N T-r: 99.98%
c [distill-long-red1] cls tried: 110/110 T: 0.01 T-out: N T-r: 33.22%
c rst  luby svd  vmt  2467  2255K 1578      36K   781 5.85    5.77     8912   645   42K   108 32.35   32.28  
c rst  luby svd  vmt  2468  2255K 1578      36K   781 5.85    5.77     8912   647   42K   108 32.43   32.37  
c rst  luby svd  vmt  2469  2255K 1578      36K   781 5.85    5.77     8912   647   42K   108 32.44   32.37  
c rst  luby svd  vmt  2470  2255K 1578      36K   781 5.85    5.77     8912   647   42K   108 32.43   32.37  
c rst  luby svd  vmt  2471  2256K 1578      36K   781 5.85    5.77     8912   647   42K   108 32.49   32.43  
c rst  luby svd  vmt  2472  2256K 1578      36K   781 5.85    5.77     8912   647   42K   108 32.52   32.46  
c rst  luby svd  vmt  2473  2256K 1578      36K   781 5.85    5.77     8912   647   43K   108 32.56   32.50  
c rst  luby svd  vmt  2474  2256K 1578      36K   781 5.85    5.77     8912   647   43K   108 32.62   32.55  
c rst  luby svd  vmt  2475  2256K 1578      36K   781 5.85    5.77     8912   648   43K   108 32.70   32.64  
c rst  luby svd  vmt  2476  2257K 1578      36K   781 5.85    5.77     8912   650   44K   108 32.87   32.81  
c rst  luby svd  vmt  2477  2259K 1578      36K   781 5.85    5.77     8912   659   46K   108 33.45   33.39  
c rst  luby svd  vmt  2478  2262K 1578      36K   781 5.85    5.77     8933   635   49K   108 33.99   33.93  
c rst  geom best vmt  2479  2262K 1578      36K   781 5.85    5.77     8933   635   49K   108 33.99   33.94  
c rst  geom best vmt  2480  2262K 1578      36K   781 5.85    5.77     8933   635   49K   108 34.00   33.94  
c rst  geom best vmt  2481  2262K 1578      36K   781 5.85    5.77     8933   636   49K   108 34.01   33.95  
c rst  geom best vmt  2482  2263K 1578      36K   781 5.85    5.77     8933   637   49K   108 34.02   33.96  
c rst  geom best vmt  2483  2263K 1578      36K   781 5.85    5.77     8933   637   49K   108 34.03   33.97  
c rst  geom best vmt  2484  2263K 1578      36K   781 5.85    5.77     8933   637   50K   108 34.04   33.98  
c rst  geom best vmt  2485  2263K 1578      36K   781 5.85    5.77     8933   637   50K   108 34.07   34.01  
c rst  geom best vmt  2486  2263K 1578      36K   781 5.85    5.77     8933   638   50K   108 34.07   34.01  
c rst  geom best vmt  2487  2263K 1578      36K   781 5.85    5.77     8933   639   50K   108 34.07   34.01  
c rst  geom best vmt  2488  2264K 1578      36K   781 5.85    5.77     8933   639   51K   108 34.05   34.00  
c [full-probe]  bin_only: 1 set: 0 repl: 0 T: 0.01 T-out: N T-r: 99.86%
c [distill-bin] useful: 0/781/781 lits-rem: 0 cl-rem: 0 0-depth-assigns: 0 T: 0.01 T-out: N
c rst  geom best vmt  2489  2264K 1578      36K   781 5.85    5.77     8933   639   51K   108 34.01   33.96  
c rst  geom best vmt  2490  2264K 1578      36K   781 5.85    5.77     8933   639   51K   108 34.04   33.99  
c rst  geom best vmt  2491  2265K 1578      36K   781 5.85    5.77     8936   763   37K   108 34.76   34.68  
c rst  geom best vmt  2492  2265K 1578      36K   781 5.85    5.77     8936   764   37K   108 34.82   34.74  
c rst  geom best vmt  2493  2265K 1578      36K   781 5.85    5.77     8936   765   37K   108 34.89   34.81  
c rst  geom best vmt  2494  2266K 1578      36K   781 5.85    5.77     8936   766   38K   108 34.95   34.88  
c rst  geom best vmt  2495  2266K 1578      36K   781 5.85    5.77     8936   767   38K   108 34.92   34.85  
c rst  geom best vmt  2496  2267K 1578      36K   781 5.85    5.77     8936   768   39K   108 34.89   34.82  
c rst  geom best vmt  2497  2268K 1578      36K   781 5.85    5.77     8936   771   39K   108 34.86   34.79  
c rst  geom best vmt  2498  2268K 1578      36K   781 5.85    5.77     8936   772   40K   108 34.86   34.79  
c rst  geom best vmt  2499  2269K 1578      36K   781 5.85    5.77     8936   772   41K   108 34.80   34.73  
c rst  geom best vmt  2500  2270K 1578      36K   781 5.85    5.77     8957   738   42K   108 34.78   34.71  
c [distill-long-red0] cls tried: 12/12 T: 0.00 T-out: N T-r: 99.98%
c [distill-long-red1] cls tried: 105/156 T: 0.02 T-out: Y T-r: -1.51%
c rst  geom best vmt  2501  2271K 1578      36K   781 5.85    5.77     8957   740   42K   108 34.88   34.81  
c rst  geom best vmt  2502  2272K 1578      36K   781 5.85    5.77     8957   745   43K   108 34.95   34.88  
c rst  geom best vmt  2503  2273K 1578      36K   781 5.85    5.77     8958   745   44K   108 35.03   34.96  
c rst  geom best vmt  2504  2274K 1578      36K   781 5.85    5.77     8958   752   46K   108 35.01   34.95  
c [ccnr] saving best assignment phase to stable_polar
c [ccnr] bumping based on clause weights
c [ccnr] Bumped vars: 101 bump type: 6
c [ccnr] time: 0.28
c rst  geom best vmt  2505  2275K 1578      36K   781 5.85    5.77     8959   771   47K   108 34.84   34.78  
c [distill] watch-based irred--  cl tried 9944     cl-sh 0     cl-rem 0    lit-rem 0      T: 0.00 T-out: N
c [distill] watch-based red  --  cl tried 17918    cl-sh 4     cl-rem 0    lit-rem 5      T: 0.02 T-out: N
c rst  geom best vmt  2506  2276K 1578      36K   781 5.85    5.77     8959   785   48K   108 34.53   34.47  
c rst  geom best vmt  2507  2278K 1578      36K   781 5.85    5.77     8960   812   50K   108 34.10   34.04  
c rst  geom best vmt  2508  2280K 1578      36K   781 5.85    5.77     8999   955   37K   108 30.92   30.85  
c rst  geom best vmt  2509  2282K 1578      36K   781 5.85    5.77     8999   959   39K   108 30.23   30.17  
c rst  geom best vmt  2510  2284K 1578      36K   781 5.85    5.77     8999   985   41K   108 29.71   29.65  
c [impl-str] lit bin: 0 set-var: 0 T: 0.00 T-out: N T-r: 99.97% w-visit: 3176
c [impl-sub] bin: 0 T: 0.00 T-out: N w-visit: 3176
c rst  geom best vmt  2511  2286K 1578      36K   781 5.85    5.77     8999  1003   43K   108 29.10   29.05  
c [distill-long-red0] cls tried: 31/31 T: 0.00 T-out: N T-r: 99.95%
c [distill-long-red1] cls tried: 74/346 T: 0.02 T-out: Y T-r: -1.92%
c [full-probe]  bin_only: 0 set: 0 repl: 0 T: 0.01 T-out: N T-r: 98.65%
c [distill-bin] useful: 0/781/781 lits-rem: 0 cl-rem: 0 0-depth-assigns: 0 T: 0.00 T-out: N
c rst  geom best vmt  2512  2288K 1578      36K   781 5.85    5.77     9000  1036   46K   108 28.75   28.70  
c rst  geom best vmt  2513  2291K 1578      36K   781 5.85    5.77     9054  1021   48K   108 28.22   28.17  
c rst  geom stb  vmt  2514  2294K 1578      36K   781 5.85    5.77     9054  1056   51K   108 27.73   27.69  
c rst  geom stb  vmt  2515  2297K 1578      36K   781 5.85    5.77     9069  1430   40K   108 25.31   25.26  
c rst  geom stb  vmt  2516  2301K 1578      36K   781 5.85    5.77     9131  1330   43K   108 25.25   25.20  
c [distill-long-red0] cls tried: 107/107 T: 0.01 T-out: N T-r: 99.72%
c [distill-long-red1] cls tried: 42/722 T: 0.02 T-out: Y T-r: -3.86%
c [distill] watch-based irred--  cl tried 9944     cl-sh 0     cl-rem 0    lit-rem 0      T: 0.01 T-out: N
c [distill] watch-based red  --  cl tried 18262    cl-sh 2     cl-rem 0    lit-rem 4      T: 0.02 T-out: N
c rst  geom stb  vmt  2517  2305K 1578      36K   781 5.85    5.77     9137  1392   47K   108 25.48   25.44  
c rst  geom stb  vmt  2518  2309K 1578      36K   781 5.85    5.77     9137  1414   52K   108 24.80   24.76  
c [full-probe]  bin_only: 1 set: 0 repl: 0 T: 0.00 T-out: N T-r: 99.83%
c [distill-bin] useful: 0/781/781 lits-rem: 0 cl-rem: 0 0-depth-assigns: 0 T: 0.01 T-out: N
c rst  geom stb  vmt  2519  2314K 1578      36K   781 5.85    5.77     9232  1755   42K   108 20.35   20.31  
c rst  geom stb  vmt  2520  2319K 1578      36K   781 5.85    5.77     9234  1836   47K   108 20.30   20.27  
c [distill-long-red0] cls tried: 102/102 T: 0.02 T-out: N T-r: 99.62%
c [distill-long-red1] cls tried: 29/1218 T: 0.02 T-out: Y T-r: -4.75%
c [gauss] XOR-encoding clauses are not detached, so no need to reattach them.
c [g 0] truth-find prop checks  : 3766K
c [g 0] -> of which prop        : 36.25 %
c [g 0] -> of which confl       :  1.06 %
c [g 0] elim called             : 282K
c [g 0] ---> which lead to prop : 46.27 %
c [g 0] ---> which lead to confl:  0.99 %
c [g 0] size: 82    x 519  
c [scc] new: 0 BP 0M T: 0.00
c [vrep] vars 0 lits 0 rem-bin-cls 0 rem-long-cls 0 BP 0M T: 0.00
c [intree] Set 0 vars hyper-added: 0 trans-irred: 0 trans-red: 0 T: 0.00 T-out: N T-r: -0.64%
c [find&init matx] performing matrix init
c [gauss] XOR-encoding clauses are not detached, so no need to reattach them.
c [xor-rem-unconnected] left with 997 xors from 998 non-empty xors T: 0.00
c [xor-together] xored together: 915 orig xors: 997 new xors: 82 T: 0.00
c [xor-rem-unconnected] left with 82 xors from 82 non-empty xors T: 0.00
c [xor-clean-equiv] removed equivalent xors: 0 left with: 82
c [matrix] unused xors from cleaning: 1
c [matrix] Good   matrix 0 82      x519    density:0.0962  xorlen avg: 49.90
c [matrix] Using 1 matrices recovered from 0 xors T: 0.00 T-out: N
c [ccnr] saving best assignment phase to stable_polar
c [ccnr] bumping based on var unsat frequency: conflict_ct
c [ccnr] Bumped vars: 1588 bump type: 6
c [ccnr] time: 0.29
c rst  geom ibes vmt  2521  2325K 1578      36K   781 5.85    5.77     9331  2481   38K   108 23.14   23.09  
c rst  geom ibes vmt  2522  2332K 1578      36K   781 5.85    5.77     9377  2361   44K   108 24.94   24.89  
c [full-probe]  bin_only: 0 set: 0 repl: 0 T: 0.01 T-out: N T-r: 98.59%
c [distill-bin] useful: 0/781/781 lits-rem: 0 cl-rem: 0 0-depth-assigns: 0 T: 0.00 T-out: N
c [distill] watch-based irred--  cl tried 9944     cl-sh 0     cl-rem 0    lit-rem 0      T: 0.01 T-out: N
c [distill] watch-based red  --  cl tried 18179    cl-sh 19    cl-rem 0    lit-rem 51     T: 0.03 T-out: Y
c rst  geom ibes vmt  2523  2339K 1578      36K   781 5.85    5.77     9377  2389   51K   108 26.01   25.97  
c [distill-long-red0] cls tried: 124/124 T: 0.02 T-out: N T-r: 99.63%
c [distill-long-red1] cls tried: 34/1894 T: 0.02 T-out: Y T-r: -5.73%
c rst  geom ibes vmt  2524  2347K 1578      36K   781 5.85    5.77     9420  2377   45K   108 26.81   26.77  
c [impl-str] lit bin: 0 set-var: 0 T: 0.00 T-out: N T-r: 99.97% w-visit: 3176
c [impl-sub] bin: 0 T: 0.00 T-out: N w-visit: 3176
c rst  geom ibes vmt  2525  2355K 1578      36K   781 5.85    5.77     9439  2313   39K   108 29.30   29.24  
c [distill-long-red0] cls tried: 41/41 T: 0.00 T-out: N T-r: 99.94%
c [distill-long-red1] cls tried: 49/1977 T: 0.02 T-out: Y T-r: -0.73%
c [full-probe]  bin_only: 1 set: 0 repl: 0 T: 0.00 T-out: N T-r: 99.86%
c [distill-bin] useful: 0/781/781 lits-rem: 0 cl-rem: 0 0-depth-assigns: 0 T: 0.00 T-out: N
c rst  geom svd  vmt  2526  2365K 1578      36K   781 5.85    5.77     9449  2173   48K   108 30.96   30.91  
c [distill] watch-based irred--  cl tried 9944     cl-sh 0     cl-rem 0    lit-rem 0      T: 0.01 T-out: N
c [distill] watch-based red  --  cl tried 18898    cl-sh 5     cl-rem 0    lit-rem 7      T: 0.02 T-out: N
c [ccnr] saving best assignment phase to stable_polar
c [ccnr] bumping based on var unsat frequency: conflict_ct
c [ccnr] Bumped vars: 1588 bump type: 6
c [ccnr] time: 0.28
c rst  geom svd  vmt  2527  2375K 1578      36K   781 5.85    5.77     9595  2336   43K   108 32.58   32.52  
c [distill-long-red0] cls tried: 142/142 T: 0.01 T-out: N T-r: 99.76%
c [distill-long-red1] cls tried: 48/2014 T: 0.02 T-out: Y T-r: -5.65%
c rst  geom svd  vmt  2528  2386K 1578      36K   781 5.85    5.77     9685  2087   40K   108 35.56   35.49  
c [full-probe]  bin_only: 0 set: 0 repl: 0 T: 0.00 T-out: N T-r: 98.42%
c [distill-bin] useful: 0/781/781 lits-rem: 0 cl-rem: 0 0-depth-assigns: 0 T: 0.00 T-out: N
c [gauss] XOR-encoding clauses are not detached, so no need to reattach them.
c [g 0] truth-find prop checks  : 2389K
c [g 0] -> of which prop        : 66.04 %
c [g 0] -> of which confl       :  1.31 %
c [g 0] elim called             : 90K
c [g 0] ---> which lead to prop : 103.86 %
c [g 0] ---> which lead to confl:  2.94 %
c [g 0] size: 82    x 519  
c [scc] new: 0 BP 0M T: 0.00
c [vrep] vars 0 lits 0 rem-bin-cls 0 rem-long-cls 0 BP 0M T: 0.00
c [intree] Set 0 vars hyper-added: 0 trans-irred: 0 trans-red: 0 T: 0.01 T-out: N T-r: -0.50%
c [find&init matx] performing matrix init
c [gauss] XOR-encoding clauses are not detached, so no need to reattach them.
c [xor-rem-unconnected] left with 997 xors from 998 non-empty xors T: 0.00
c [xor-together] xored together: 915 orig xors: 997 new xors: 82 T: 0.00
c [xor-rem-unconnected] left with 82 xors from 82 non-empty xors T: 0.00
c [xor-clean-equiv] removed equivalent xors: 0 left with: 82
c [matrix] unused xors from cleaning: 1
c [matrix] Good   matrix 0 82      x519    density:0.0962  xorlen avg: 49.90
c [matrix] Using 1 matrices recovered from 0 xors T: 0.00 T-out: N
c rst  geom best vmt  2529  2399K 1578      36K   781 5.85    5.77     9710  1231   53K   108 36.56   36.50  
c [distill-long-red0] cls tried: 106/106 T: 0.02 T-out: N T-r: 99.74%
c [distill-long-red1] cls tried: 50/971 T: 0.02 T-out: Y T-r: -2.12%
c [distill] watch-based irred--  cl tried 9944     cl-sh 0     cl-rem 0    lit-rem 0      T: 0.01 T-out: N
c [distill] watch-based red  --  cl tried 19420    cl-sh 24    cl-rem 0    lit-rem 35     T: 0.01 T-out: N
c rst  geom best vmt  2530  2412K 1578      36K   781 5.85    5.77     9753   960   52K   108 37.66   37.60  
c [full-probe]  bin_only: 1 set: 0 repl: 0 T: 0.00 T-out: N T-r: 99.84%
c [distill-bin] useful: 0/781/781 lits-rem: 0 cl-rem: 0 0-depth-assigns: 0 T: 0.01 T-out: N
c [impl-str] lit bin: 0 set-var: 0 T: 0.00 T-out: N T-r: 99.97% w-visit: 3176
c [impl-sub] bin: 0 T: 0.00 T-out: N w-visit: 3176
c [ccnr] saving best assignment phase to stable_polar
c [ccnr] bumping based on clause weights
c [ccnr] Bumped vars: 103 bump type: 6
c [ccnr] time: 0.28
c rst  geom best vmt  2531  2428K 1578      36K   781 5.85    5.77     9852  1449   52K   108 30.15   30.10  
c [distill-long-red0] cls tried: 164/164 T: 0.02 T-out: N T-r: 99.74%
c [distill-long-red1] cls tried: 71/1224 T: 0.02 T-out: Y T-r: -2.19%
c [distill] watch-based irred--  cl tried 9944     cl-sh 0     cl-rem 0    lit-rem 0      T: 0.01 T-out: N
c [distill] watch-based red  --  cl tried 19704    cl-sh 5     cl-rem 0    lit-rem 5      T: 0.02 T-out: N
c rst  geom stb  vmt  2532  2444K 1578      36K   781 5.85    5.77    10055  2523   52K   108 22.64   22.61  
c [branch] adjusting to: vsid (from: vmtf) var_decay:0.95 descr: VSIDS
c [distill-long-red0] cls tried: 200/200 T: 0.03 T-out: N T-r: 99.34%
c [distill-long-red1] cls tried: 47/2283 T: 0.02 T-out: Y T-r: -2.67%
c [full-probe]  bin_only: 0 set: 0 repl: 0 T: 0.01 T-out: N T-r: 98.66%
c [distill-bin] useful: 0/781/781 lits-rem: 0 cl-rem: 0 0-depth-assigns: 0 T: 0.01 T-out: N
c rst  geom stb  vs   2533  2444K 1578      36K   781 5.85    5.77    10055  2523   52K   108 22.68   22.65  
c rst  geom stb  vs   2534  2444K 1578      36K   781 5.85    5.77    10055  2524   52K   108 22.81   22.78  
c rst  geom stb  vs   2535  2445K 1578      36K   781 5.85    5.77    10103  3668   36K   108 17.55   17.51  
c rst  geom stb  vs   2536  2445K 1578      36K   781 5.85    5.77    10103  3668   36K   108 17.69   17.66  
c rst  geom stb  vs   2537  2445K 1578      36K   781 5.85    5.77    10103  3668   36K   108 17.88   17.84  
c rst  geom stb  vs   2538  2445K 1578      36K   781 5.85    5.77    10103  3669   36K   108 18.07   18.04  
c rst  geom stb  vs   2539  2445K 1578      36K   781 5.85    5.77    10103  3670   36K   108 18.35   18.32  
c rst  geom stb  vs   2540  2446K 1578      36K   781 5.85    5.77    10103  3670   37K   108 18.55   18.51  
c rst  geom stb  vs   2541  2446K 1578      36K   781 5.85    5.77    10103  3670   37K   108 18.70   18.66  
c rst  geom stb  vs   2542  2446K 1578      36K   781 5.85    5.77    10103  3671   37K   108 18.90   18.87  
c rst  geom stb  vs   2543  2446K 1578      36K   781 5.85    5.77    10104  3672   37K   108 19.27   19.23  
c rst  geom stb  vs   2544  2447K 1578      36K   781 5.85    5.77    10106  3673   38K   108 19.79   19.75  
c rst  geom stb  vs   2545  2447K 1578      36K   781 5.85    5.77    10106  3675   38K   108 20.05   20.01  
c rst  geom stb  vs   2546  2447K 1578      36K   781 5.85    5.77    10106  3675   38K   108 20.21   20.17  
c rst  geom stb  vs   2547  2448K 1578      36K   781 5.85    5.77    10106  3675   39K   108 20.41   20.37  
c rst  geom stb  vs   2548  2448K 1578      36K   781 5.85    5.77    10106  3676   39K   108 20.59   20.56  
c rst  geom stb  vs   2549  2449K 1578      36K   781 5.85    5.77    10106  3677   40K   108 20.73   20.69  
c rst  geom stb  vs   2550  2449K 1578      36K   781 5.85    5.77    10106  3677   40K   108 20.92   20.89  
c rst  geom stb  vs   2551  2450K 1578      36K   781 5.85    5.77    10167  3408   41K   108 21.16   21.12  
c rst  geom stb  vs   2552  2450K 1578      36K   781 5.85    5.77    10167  3413   42K   108 21.46   21.42  
c rst  geom stb  vs   2553  2451K 1578      36K   781 5.85    5.77    10167  3417   43K   108 21.71   21.67  
c rst  geom stb  vs   2554  2452K 1578      36K   781 5.85    5.77    10168  3419   43K   108 22.12   22.08  
c [gauss] XOR-encoding clauses are not detached, so no need to reattach them.
c [g 0] truth-find prop checks  : 3577K
c [g 0] -> of which prop        : 40.37 %
c [g 0] -> of which confl       :  1.11 %
c [g 0] elim called             : 256K
c [g 0] ---> which lead to prop : 48.52 %
c [g 0] ---> which lead to confl:  1.10 %
c [g 0] size: 82    x 519  
c [scc] new: 0 BP 0M T: 0.00
c [vrep] vars 0 lits 0 rem-bin-cls 0 rem-long-cls 0 BP 0M T: 0.00
c [intree] Set 0 vars hyper-added: 0 trans-irred: 0 trans-red: 0 T: 0.01 T-out: N T-r: -0.54%
c [find&init matx] performing matrix init
c [gauss] XOR-encoding clauses are not detached, so no need to reattach them.
c [xor-rem-unconnected] left with 997 xors from 998 non-empty xors T: 0.00
c [xor-together] xored together: 915 orig xors: 997 new xors: 82 T: 0.00
c [xor-rem-unconnected] left with 82 xors from 82 non-empty xors T: 0.00
c [xor-clean-equiv] removed equivalent xors: 0 left with: 82
c [matrix] unused xors from cleaning: 1
c [matrix] Good   matrix 0 82      x519    density:0.0962  xorlen avg: 49.90
c [matrix] Using 1 matrices recovered from 0 xors T: 0.00 T-out: N
c rst  geom stb  vs   2555  2453K 1578      36K   781 5.85    5.77    10168  3419   44K   108 22.53   22.49  
c [distill] watch-based irred--  cl tried 9944     cl-sh 0     cl-rem 0    lit-rem 0      T: 0.01 T-out: N
c [distill] watch-based red  --  cl tried 17916    cl-sh 7     cl-rem 0    lit-rem 11     T: 0.03 T-out: Y
c rst  geom stb  vs   2556  2454K 1578      36K   781 5.85    5.77    10169  3421   45K   108 22.74   22.70  
c rst  geom stb  vs   2557  2455K 1578      36K   781 5.85    5.77    10169  3426   46K   108 23.17   23.13  
c rst  geom stb  vs   2558  2456K 1578      36K   781 5.85    5.77    10169  3431   47K   108 23.66   23.63  
c rst  geom stb  vs   2559  2457K 1578      36K   781 5.85    5.77    10169  3434   49K   108 24.05   24.02  
c [ccnr] saving best assignment phase to stable_polar
c [ccnr] bumping based on var unsat frequency: conflict_ct
c [ccnr] Bumped vars: 1588 bump type: 6
c [ccnr] time: 0.28
c rst  geom ibes vs   2560  2459K 1578      36K   781 5.85    5.77    10169  3435   50K   108 24.44   24.40  
c rst  geom ibes vs   2561  2460K 1578      36K   781 5.85    5.77    10191  3379   35K   108 24.07   24.02  
c [distill-long-red0] cls tried: 138/138 T: 0.02 T-out: N T-r: 99.68%
c [distill-long-red1] cls tried: 42/3237 T: 0.02 T-out: Y T-r: -5.14%
c rst  geom ibes vs   2562  2462K 1578      36K   781 5.85    5.77    10191  3381   37K   108 24.14   24.09  
c rst  geom ibes vs   2563  2464K 1578      36K   781 5.85    5.77    10191  3381   39K   108 24.43   24.39  
c rst  geom ibes vs   2564  2466K 1578      36K   781 5.85    5.77    10191  3383   41K   108 24.68   24.64  
c [full-probe]  bin_only: 1 set: 0 repl: 0 T: 0.00 T-out: N T-r: 99.88%
c [distill-bin] useful: 0/781/781 lits-rem: 0 cl-rem: 0 0-depth-assigns: 0 T: 0.00 T-out: N
c rst  geom ibes vs   2565  2468K 1578      36K   781 5.85    5.77    10191  3383   43K   108 25.24   25.20  
c rst  geom ibes vs   2566  2471K 1578      36K   781 5.85    5.77    10205  3287   45K   108 25.64   25.60  
c rst  geom ibes vs   2567  2473K 1578      36K   781 5.85    5.77    10205  3287   48K   108 25.98   25.94  
c [impl-str] lit bin: 0 set-var: 0 T: 0.00 T-out: N T-r: 99.97% w-visit: 3176
c [impl-sub] bin: 0 T: 0.00 T-out: N w-visit: 3176
c rst  geom ibes vs   2568  2476K 1578      36K   781 5.85    5.77    10211  3353   38K   108 28.86   28.80  
c [distill-long-red0] cls tried: 18/18 T: 0.00 T-out: N T-r: 99.96%
c [distill-long-red1] cls tried: 69/3179 T: 0.02 T-out: Y T-r: -2.13%
c rst  geom ibes vs   2569  2480K 1578      36K   781 5.85    5.77    10211  3365   42K   108 29.09   29.04  
c [distill] watch-based irred--  cl tried 9944     cl-sh 0     cl-rem 0    lit-rem 0      T: 0.01 T-out: N
c [distill] watch-based red  --  cl tried 20422    cl-sh 4     cl-rem 0    lit-rem 7      T: 0.03 T-out: N
c rst  geom ibes vs   2570  2483K 1578      36K   781 5.85    5.77    10227  3287   45K   108 29.42   29.37  
c rst  geom ibes vs   2571  2487K 1578      36K   781 5.85    5.77    10227  3288   49K   108 30.38   30.33  
c [full-probe]  bin_only: 0 set: 0 repl: 0 T: 0.01 T-out: N T-r: 98.29%
c [distill-bin] useful: 0/781/781 lits-rem: 0 cl-rem: 0 0-depth-assigns: 0 T: 0.01 T-out: N
c rst  geom svd  vs   2572  2492K 1578      36K   781 5.85    5.77    10238  2987   40K   108 29.48   29.42  
c [distill-long-red0] cls tried: 31/31 T: 0.00 T-out: N T-r: 99.95%
c [distill-long-red1] cls tried: 119/2792 T: 0.02 T-out: Y T-r: -0.90%
c rst  geom svd  vs   2573  2496K 1578      36K   781 5.85    5.77    10238  2989   45K   108 30.25   30.20  
c rst  geom svd  vs   2574  2502K 1578      36K   781 5.85    5.77    10246  2374   51K   108 30.17   30.12  
c [ccnr] saving best assignment phase to stable_polar
c [ccnr] bumping based on var unsat frequency: conflict_ct
c [ccnr] Bumped vars: 1588 bump type: 6
c [ccnr] time: 0.28
c rst  geom svd  vs   2575  2508K 1578      36K   781 5.85    5.77    10250  2463   42K   108 28.92   28.87  
c [distill-long-red0] cls tried: 12/12 T: 0.00 T-out: N T-r: 99.98%
c [distill-long-red1] cls tried: 133/2182 T: 0.02 T-out: Y T-r: -1.39%
c [full-probe]  bin_only: 1 set: 0 repl: 0 T: 0.00 T-out: N T-r: 99.88%
c [distill-bin] useful: 0/781/781 lits-rem: 0 cl-rem: 0 0-depth-assigns: 0 T: 0.01 T-out: N
c [distill] watch-based irred--  cl tried 9944     cl-sh 0     cl-rem 0    lit-rem 0      T: 0.00 T-out: N
c [distill] watch-based red  --  cl tried 20500    cl-sh 1     cl-rem 0    lit-rem 1      T: 0.02 T-out: N
c rst  geom svd  vs   2576  2514K 1578      36K   781 5.85    5.77    10262  1644   49K   108 29.67   29.63  
c recursive minimization cost OK: 2681Kcost/(% lits removed)
c [gauss] XOR-encoding clauses are not detached, so no need to reattach them.
c [g 0] truth-find prop checks  : 2578K
c [g 0] -> of which prop        : 64.55 %
c [g 0] -> of which confl       :  1.15 %
c [g 0] elim called             : 110K
c [g 0] ---> which lead to prop : 94.94 %
c [g 0] ---> which lead to confl:  4.12 %
c [g 0] size: 82    x 519  
c --> Executing strategy token: scc-vrepl
c [scc] new: 0 BP 0M T: 0.00
c --> Executing strategy token: sub-impl
c [impl-sub] bin: 0 T: 0.00 T-out: N w-visit: 3176
c --> Executing strategy token: breakid
c --> Executing OCC strategy token(s): 'occ-backw-sub-str,occ-clean-implicit,occ-bve,occ-bva,occ-ternary-res,occ-xor,'
c [occ] mem usage for occur 3      MB
c [occ] Linked in IRRED BIN by default: 781
c [occ] Linked in RED   BIN by default: 108
c [occ] mem usage for occur 1      MB
c Mem for watch alloc      : 30          MB (42.31     %)
c Mem for watch array      : 0           MB (0.10      %)
c --> Executing OCC strategy token: occ-backw-sub-str
c [occ-backw-sub-str-long-w-bins] subs: 0 str: 1 tried: 13787 0-depth ass: 0 T: 0.00 T-out: N T-r: 99.35%
c [occ-backw-sub-long-w-long] rem cl: 106 tried: 97476/97476 (100.0%) T: 0.03 T-out: N T-r: 89.22%
c [occ-backw-sub-str-long-w-long] sub: 7 str: 77 tried: 292428/97476 (300.0)  T: 0.22 T-out: N T-r: 75.63%
c --> Executing OCC strategy token: occ-clean-implicit
c --> Executing OCC strategy token: occ-bve
c [occ-empty-res] Empty resolvent elimed: 0 T: 0.00 T-out: N
c [occ-bve] iter v-elim 0
c cl_inc_rate=1.0, var_dec_rate=1.0 (grow=0)
c Reduced to 1578 vars, 36827 cls (grow=0)
c [occ-bve] iter v-elim 0
c cl_inc_rate=1.0, var_dec_rate=1.0 (grow=8)
c Reduced to 1578 vars, 36827 cls (grow=8)
c [occ-bve] iter v-elim 2
c cl_inc_rate=1.0, var_dec_rate=1.0 (grow=16)
c Reduced to 1576 vars, 36822 cls (grow=16)
c x n vars       : 1576
c #try to eliminate:  4748
c #var-elim        :     2
c #T-o: N
c #T-r: 99.99%
c #T  : 0.33
c [occur] 0.04 is overhead
c [occur] link-in T: 0.04 cleanup T: 0.00
c --> Executing OCC strategy token: occ-bva
c --> Executing OCC strategy token: occ-ternary-res
c [occ-ternary-res] Ternary res-tri: 0 res-bin: 0 sub: 0 str: 0 T: 0.00 T-out: N T-r: 99.86%
c --> Executing OCC strategy token: occ-xor
c [occ-xor] sort occur list T: 0.00
c [xor-clean-equiv] removed equivalent xors: 0 left with: 996
c [occ-xor] found    996 avg sz 5.9 min sz  4 max sz  6 T: 0.01 T-out: N T-r: 99.98%
c --> Executing strategy token: card-find
c --> Executing strategy token: cl-consolidate
c Not consolidating memory.
c --> Executing strategy token: scc-vrepl
c [scc] new: 0 BP 0M T: 0.00
c --> Executing strategy token: renumber
c --> Executing strategy token: bosphorus
c --> Executing strategy token: louvain-comms
c [consolidate] mini T: 0.00
c global_timeout_multiplier: 7.7812
c [branch] rebuilding order heap for all branchings. Current branching: vsid
c [find&init matx] performing matrix init
c [gauss] XOR-encoding clauses are not detached, so no need to reattach them.
c [xor-rem-unconnected] left with 995 xors from 996 non-empty xors T: 0.00
c [xor-together] xored together: 912 orig xors: 995 new xors: 83 T: 0.00
c [xor-rem-unconnected] left with 83 xors from 83 non-empty xors T: 0.00
c [xor-clean-equiv] removed equivalent xors: 0 left with: 83
c [matrix] unused xors from cleaning: 1
c [matrix] Good   matrix  0     83 x  521  density:0.0945  xorlen avg: 49.23
c [matrix] Using 1 matrices recovered from 0 xors T: 0.00 T-out: N
c rst  geom  svd   vs  2577 2514K    1576   36K   781    5.85    5.77 10089  1678   49K   108   29.79   29.74
c rst  geom  svd   vs  2578 2521K    1576   36K   781    5.85    5.77 10094   692   42K   108   29.74   29.69
c [gauss] XOR-encoding clauses are not detached, so no need to reattach them.
c [g 0] truth-find prop checks  : 316K
c [g 0] -> of which prop        : 67.07 %
c [g 0] -> of which confl       :  1.09 %
c [g 0] elim called             : 11795
c [g 0] ---> which lead to prop : 80.93 %
c [g 0] ---> which lead to confl:  4.43 %
c [g 0] size: 83    x 521  
c [scc] new: 0 BP 0M T: 0.00
c [vrep] vars 0 lits 0 rem-bin-cls 0 rem-long-cls 0 BP 0M T: 0.00
c [intree] Set 0 vars hyper-added: 0 trans-irred: 0 trans-red: 0 T: 0.01 T-out: N T-r: 0.13%
c [find&init matx] performing matrix init
c [gauss] XOR-encoding clauses are not detached, so no need to reattach them.
c [xor-rem-unconnected] left with 995 xors from 996 non-empty xors T: 0.00
c [xor-together] xored together: 912 orig xors: 995 new xors: 83 T: 0.00
c [xor-rem-unconnected] left with 83 xors from 83 non-empty xors T: 0.00
c [xor-clean-equiv] removed equivalent xors: 0 left with: 83
c [matrix] unused xors from cleaning: 1
c [matrix] Good   matrix 0 83      x521    density:0.0945  xorlen avg: 49.23
c [matrix] Using 1 matrices recovered from 0 xors T: 0.00 T-out: N
c rst  geom best vs   2579  2529K 1576      36K   781 5.85    5.77    10094   698   50K   108 30.99   30.94  
c [distill-long-red0] cls tried: 23/23 T: 0.00 T-out: N T-r: 99.94%
c [distill-long-red1] cls tried: 72/475 T: 0.02 T-out: Y T-r: -1.66%
c [full-probe]  bin_only: 0 set: 0 repl: 0 T: 0.01 T-out: N T-r: 97.11%
c [distill-bin] useful: 1/781/781 lits-rem: 0 cl-rem: 1 0-depth-assigns: 0 T: 0.01 T-out: N
c rst  geom best vs   2580  2537K 1576      36K   780 5.85    5.77    10109   760   43K   108 29.39   29.33  
c [distill] watch-based irred--  cl tried 10062    cl-sh 0     cl-rem 0    lit-rem 0      T: 0.00 T-out: N
c [distill] watch-based red  --  cl tried 20218    cl-sh 6     cl-rem 0    lit-rem 9      T: 0.02 T-out: N
c [impl-str] lit bin: 0 set-var: 0 T: 0.00 T-out: N T-r: 99.97% w-visit: 3176
c [impl-sub] bin: 0 T: 0.00 T-out: N w-visit: 3176
c rst  geom best vs   2581  2547K 1576      36K   780 5.85    5.77    10130   721   52K   109 30.60   30.55  
c [distill-long-red0] cls tried: 34/34 T: 0.01 T-out: N T-r: 99.93%
c [distill-long-red1] cls tried: 92/455 T: 0.02 T-out: Y T-r: -1.40%
c [ccnr] saving best assignment phase to stable_polar
c [ccnr] bumping based on clause weights
c [ccnr] Bumped vars: 101 bump type: 6
c [ccnr] time: 0.29
c rst  geom best vs   2582  2557K 1576      36K   780 5.85    5.77    10142   780   46K   109 32.23   32.17  
c [full-probe]  bin_only: 1 set: 0 repl: 0 T: 0.00 T-out: N T-r: 99.86%
c [distill-bin] useful: 0/780/780 lits-rem: 0 cl-rem: 0 0-depth-assigns: 0 T: 0.01 T-out: N
c rst  geom stb  vs   2583  2568K 1576      36K   780 5.85    5.77    10162   847   42K   109 32.87   32.81  
c [distill-long-red0] cls tried: 28/28 T: 0.00 T-out: N T-r: 99.95%
c [distill-long-red1] cls tried: 102/534 T: 0.02 T-out: Y T-r: -0.75%
c [distill] watch-based irred--  cl tried 10062    cl-sh 0     cl-rem 0    lit-rem 0      T: 0.00 T-out: N
c [distill] watch-based red  --  cl tried 20323    cl-sh 3     cl-rem 1    lit-rem 5      T: 0.02 T-out: N
c rst  geom stb  vs   2584  2581K 1576      36K   780 5.85    5.77    10189   832   40K   109 34.01   33.94  
c [full-probe]  bin_only: 0 set: 0 repl: 0 T: 0.01 T-out: N T-r: 98.50%
c [distill-bin] useful: 0/780/780 lits-rem: 0 cl-rem: 0 0-depth-assigns: 0 T: 0.01 T-out: N
c rst  geom stb  vs   2585  2595K 1576      36K   780 5.85    5.77    10208   892   38K   109 35.67   35.60  
c [distill-long-red0] cls tried: 44/44 T: 0.00 T-out: N T-r: 99.94%
c [distill-long-red1] cls tried: 138/537 T: 0.02 T-out: Y T-r: -1.11%
c [distill] watch-based irred--  cl tried 10062    cl-sh 0     cl-rem 0    lit-rem 0      T: 0.01 T-out: N
c [distill] watch-based red  --  cl tried 20416    cl-sh 4     cl-rem 0    lit-rem 7      T: 0.01 T-out: N
c [gauss] XOR-encoding clauses are not detached, so no need to reattach them.
c [g 0] truth-find prop checks  : 3065K
c [g 0] -> of which prop        : 60.97 %
c [g 0] -> of which confl       :  1.14 %
c [g 0] elim called             : 161K
c [g 0] ---> which lead to prop : 84.43 %
c [g 0] ---> which lead to confl:  3.49 %
c [g 0] size: 83    x 521  
c [scc] new: 0 BP 0M T: 0.00
c [vrep] vars 0 lits 0 rem-bin-cls 0 rem-long-cls 0 BP 0M T: 0.00
c [intree] Set 0 vars hyper-added: 0 trans-irred: 0 trans-red: 0 T: 0.01 T-out: N T-r: -0.67%
c [find&init matx] performing matrix init
c [gauss] XOR-encoding clauses are not detached, so no need to reattach them.
c [xor-rem-unconnected] left with 995 xors from 996 non-empty xors T: 0.00
c [xor-together] xored together: 912 orig xors: 995 new xors: 83 T: 0.00
c [xor-rem-unconnected] left with 83 xors from 83 non-empty xors T: 0.00
c [xor-clean-equiv] removed equivalent xors: 0 left with: 83
c [matrix] unused xors from cleaning: 1
c [matrix] Good   matrix 0 83      x521    density:0.0945  xorlen avg: 49.23
c [matrix] Using 1 matrices recovered from 0 xors T: 0.00 T-out: N
c [ccnr] saving best assignment phase to stable_polar
c [ccnr] bumping based on var unsat frequency: conflict_ct
c [ccnr] Bumped vars: 1588 bump type: 6
c [ccnr] time: 0.28
c rst  geom ibes vs   2586  2610K 1576      36K   780 5.85    5.77    10234   785   38K   109 33.72   33.65  
c [distill-long-red0] cls tried: 28/28 T: 0.00 T-out: N T-r: 99.96%
c [distill-long-red1] cls tried: 127/374 T: 0.02 T-out: Y T-r: -0.74%
c [full-probe]  bin_only: 1 set: 0 repl: 0 T: 0.00 T-out: N T-r: 99.87%
c [distill-bin] useful: 0/780/780 lits-rem: 0 cl-rem: 0 0-depth-assigns: 0 T: 0.00 T-out: N
c [impl-str] lit bin: 0 set-var: 0 T: 0.00 T-out: N T-r: 99.98% w-visit: 3176
c [impl-sub] bin: 0 T: 0.00 T-out: N w-visit: 3176
c rst  geom ibes vs   2587  2626K 1576      36K   780 5.85    5.77    10261   781   40K   109 32.51   32.45  
c [distill-long-red0] cls tried: 23/23 T: 0.00 T-out: N T-r: 99.97%
c [distill-long-red1] cls tried: 136/285 T: 0.02 T-out: Y T-r: -0.42%
c [distill] watch-based irred--  cl tried 10062    cl-sh 0     cl-rem 0    lit-rem 0      T: 0.00 T-out: N
c [distill] watch-based red  --  cl tried 20522    cl-sh 6     cl-rem 0    lit-rem 8      T: 0.02 T-out: N
c rst  geom svd  vs   2588  2645K 1576      36K   780 5.85    5.77    10287   729   43K   109 29.53   29.47  
c [distill-long-red0] cls tried: 25/25 T: 0.00 T-out: N T-r: 99.96%
c [distill-long-red1] cls tried: 180/252 T: 0.02 T-out: Y T-r: -0.92%
c [full-probe]  bin_only: 0 set: 0 repl: 0 T: 0.01 T-out: N T-r: 98.51%
c [distill-bin] useful: 0/780/780 lits-rem: 0 cl-rem: 0 0-depth-assigns: 0 T: 0.01 T-out: N
c [ccnr] saving best assignment phase to stable_polar
c [ccnr] bumping based on var unsat frequency: conflict_ct
c [ccnr] Bumped vars: 1588 bump type: 6
c [ccnr] time: 0.28
c rst  geom svd  vs   2589  2665K 1576      36K   780 5.85    5.77    10313   790   48K   109 31.03   30.98  
c [distill-long-red0] cls tried: 20/20 T: 0.00 T-out: N T-r: 99.98%
c [distill-long-red1] cls tried: 110/195 T: 0.02 T-out: Y T-r: -1.07%
c [full-probe]  bin_only: 1 set: 0 repl: 0 T: 0.01 T-out: N T-r: 99.86%
c [distill-bin] useful: 0/780/780 lits-rem: 0 cl-rem: 0 0-depth-assigns: 0 T: 0.00 T-out: N
c [distill] watch-based irred--  cl tried 10062    cl-sh 0     cl-rem 0    lit-rem 0      T: 0.01 T-out: N
c [distill] watch-based red  --  cl tried 20626    cl-sh 3     cl-rem 0    lit-rem 3      T: 0.02 T-out: N
c [gauss] XOR-encoding clauses are not detached, so no need to reattach them.
c [g 0] truth-find prop checks  : 3214K
c [g 0] -> of which prop        : 62.04 %
c [g 0] -> of which confl       :  0.98 %
c [g 0] elim called             : 161K
c [g 0] ---> which lead to prop : 88.29 %
c [g 0] ---> which lead to confl:  3.46 %
c [g 0] size: 83    x 521  
c [scc] new: 0 BP 0M T: 0.00
c [vrep] vars 0 lits 0 rem-bin-cls 0 rem-long-cls 0 BP 0M T: 0.00
c [intree] Set 0 vars hyper-added: 0 trans-irred: 0 trans-red: 0 T: 0.01 T-out: N T-r: -0.44%
c [find&init matx] performing matrix init
c [gauss] XOR-encoding clauses are not detached, so no need to reattach them.
c [xor-rem-unconnected] left with 995 xors from 996 non-empty xors T: 0.00
c [xor-together] xored together: 912 orig xors: 995 new xors: 83 T: 0.00
c [xor-rem-unconnected] left with 83 xors from 83 non-empty xors T: 0.00
c [xor-clean-equiv] removed equivalent xors: 0 left with: 83
c [matrix] unused xors from cleaning: 1
c [matrix] Good   matrix 0 83      x521    density:0.0945  xorlen avg: 49.23
c [matrix] Using 1 matrices recovered from 0 xors T: 0.00 T-out: N
c rst  geom best vs   2590  2687K 1576      36K   780 5.85    5.77    10336   888   41K   109 33.47   33.41  
c [branch] adjusting to: vmtf (from: vsid) var_decay:0.95 descr: VMTF
c [distill-long-red0] cls tried: 18/18 T: 0.00 T-out: N T-r: 99.97%
c [distill-long-red1] cls tried: 121/284 T: 0.02 T-out: Y T-r: -0.80%
c [full-probe]  bin_only: 0 set: 0 repl: 0 T: 0.01 T-out: N T-r: 98.34%
c [distill-bin] useful: 0/780/780 lits-rem: 0 cl-rem: 0 0-depth-assigns: 0 T: 0.00 T-out: N
c [impl-str] lit bin: 0 set-var: 0 T: 0.00 T-out: N T-r: 99.97% w-visit: 3176
c [impl-sub] bin: 0 T: 0.00 T-out: N w-visit: 3176
c rst  luby best vmt  2591  2687K 1576      36K   780 5.85    5.77    10337   897   41K   109 33.49   33.42  
c rst  luby best vmt  2592  2687K 1576      36K   780 5.85    5.77    10337   897   41K   109 33.55   33.49  
c rst  luby best vmt  2593  2687K 1576      36K   780 5.85    5.77    10337   897   41K   109 33.57   33.50  
c rst  luby best vmt  2594  2688K 1576      36K   780 5.85    5.77    10337   897   41K   109 33.58   33.51  
c rst  luby best vmt  2595  2688K 1576      36K   780 5.85    5.77    10337   897   41K   109 33.59   33.53  
c rst  luby best vmt  2596  2688K 1576      36K   780 5.85    5.77    10337   899   41K   109 33.60   33.53  
c rst  luby best vmt  2597  2688K 1576      36K   780 5.85    5.77    10337   900   42K   109 33.59   33.53  
c rst  luby best vmt  2598  2688K 1576      36K   780 5.85    5.77    10338   901   42K   109 33.60   33.53  
c rst  luby best vmt  2599  2688K 1576      36K   780 5.85    5.77    10338   901   42K   109 33.63   33.56  
c rst  luby best vmt  2600  2689K 1576      36K   780 5.85    5.77    10338   903   42K   109 33.61   33.55  
c rst  luby best vmt  2601  2689K 1576      36K   780 5.85    5.77    10338   903   42K   109 33.62   33.55  
c rst  luby best vmt  2602  2689K 1576      36K   780 5.85    5.77    10338   905   42K   109 33.63   33.56  
c [ccnr] saving best assignment phase to stable_polar
c [ccnr] bumping based on clause weights
c [ccnr] Bumped vars: 105 bump type: 6
c [ccnr] time: 0.28
c rst  luby best vmt  2603  2689K 1576      36K   780 5.85    5.77    10338   909   43K   109 33.60   33.54  
c rst  luby best vmt  2604  2689K 1576      36K   780 5.85    5.77    10338   911   43K   109 33.52   33.45  
c rst  luby best vmt  2605  2690K 1576      36K   780 5.85    5.77    10355   890   44K   109 33.43   33.37  
c [distill] watch-based irred--  cl tried 10062    cl-sh 0     cl-rem 0    lit-rem 0      T: 0.00 T-out: N
c [distill] watch-based red  --  cl tried 20710    cl-sh 4     cl-rem 0    lit-rem 5      T: 0.02 T-out: N
c rst  luby best vmt  2606  2690K 1576      36K   780 5.85    5.77    10355   892   44K   109 33.41   33.35  
c rst  luby best vmt  2607  2690K 1576      36K   780 5.85    5.77    10355   892   44K   109 33.38   33.32  
c rst  luby best vmt  2608  2691K 1576      36K   780 5.85    5.77    10355   897   44K   109 33.38   33.32  
c rst  luby best vmt  2609  2691K 1576      36K   780 5.85    5.77    10355   897   44K   109 33.37   33.31  
c rst  luby best vmt  2610  2691K 1576      36K   780 5.85    5.77    10355   899   44K   109 33.35   33.29  
c rst  luby best vmt  2611  2691K 1576      36K   780 5.85    5.77    10355   901   45K   109 33.29   33.23  
c rst  luby best vmt  2612  2692K 1576      36K   780 5.85    5.77    10355   903   45K   109 33.20   33.14  
c rst  luby best vmt  2613  2692K 1576      36K   780 5.85    5.77    10355   904   45K   109 33.18   33.12  
c rst  luby best vmt  2614  2692K 1576      36K   780 5.85    5.77    10355   904   45K   109 33.16   33.10  
c rst  luby best vmt  2615  2692K 1576      36K   780 5.85    5.77    10355   906   45K   109 33.13   33.07  
c rst  luby best vmt  2616  2692K 1576      36K   780 5.85    5.77    10355   907   46K   109 33.13   33.07  
c rst  luby best vmt  2617  2692K 1576      36K   780 5.85    5.77    10355   908   46K   109 33.12   33.07  
c rst  luby best vmt  2618  2692K 1576      36K   780 5.85    5.77    10356   910   46K   109 33.07   33.01  
c rst  luby best vmt  2619  2693K 1576      36K   780 5.85    5.77    10356   914   46K   109 32.97   32.91  
c rst  luby best vmt  2620  2694K 1576      36K   780 5.85    5.77    10356   916   47K   109 32.73   32.67  
c rst  luby best vmt  2621  2695K 1576      36K   780 5.85    5.77    10356   931   49K   109 32.36   32.30  
c rst  luby best vmt  2622  2695K 1576      36K   780 5.85    5.77    10356   934   49K   109 32.33   32.27  
c rst  luby best vmt  2623  2695K 1576      36K   780 5.85    5.77    10356   934   49K   109 32.31   32.26  
c rst  luby best vmt  2624  2696K 1576      36K   780 5.85    5.77    10356   942   49K   109 32.30   32.24  
c rst  luby best vmt  2625  2696K 1576      36K   780 5.85    5.77    10356   944   49K   109 32.27   32.22  
c rst  luby best vmt  2626  2696K 1576      36K   780 5.85    5.77    10356   946   49K   109 32.25   32.19  
c rst  luby best vmt  2627  2696K 1576      36K   780 5.85    5.77    10356   948   49K   109 32.22   32.16  
c rst  luby best vmt  2628  2696K 1576      36K   780 5.85    5.77    10358   998   50K   109 32.14   32.09  
c rst  luby best vmt  2629  2696K 1576      36K   780 5.85    5.77    10358   998   50K   109 32.14   32.08  
c rst  luby best vmt  2630  2697K 1576      36K   780 5.85    5.77    10358   998   50K   109 32.12   32.06  
c rst  luby best vmt  2631  2697K 1576      36K   780 5.85    5.77    10358  1001   50K   109 32.11   32.06  
c rst  luby stb  vmt  2632  2697K 1576      36K   780 5.85    5.77    10358  1017   50K   109 32.09   32.03  
c rst  luby stb  vmt  2633  2697K 1576      36K   780 5.85    5.77    10358  1017   50K   109 32.07   32.02  
c rst  luby stb  vmt  2634  2697K 1576      36K   780 5.85    5.77    10358  1022   51K   109 32.07   32.02  
c rst  luby stb  vmt  2635  2698K 1576      36K   780 5.85    5.77    10358  1027   51K   109 32.02   31.97  
c rst  luby stb  vmt  2636  2698K 1576      36K   780 5.85    5.77    10358  1038   52K   109 31.99   31.94  
c rst  luby stb  vmt  2637  2698K 1576      36K   780 5.85    5.77    10358  1041   52K   109 31.98   31.93  
c rst  luby stb  vmt  2638  2699K 1576      36K   780 5.85    5.77    10358  1057   52K   109 31.96   31.91  
c rst  luby stb  vmt  2639  2699K 1576      36K   780 5.85    5.77    10358  1060   52K   109 31.95   31.89  
c rst  luby stb  vmt  2640  2699K 1576      36K   780 5.85    5.77    10358  1061   52K   109 31.96   31.91  
c rst  luby stb  vmt  2641  2699K 1576      36K   780 5.85    5.77    10358  1066   52K   109 31.95   31.90  
c rst  luby stb  vmt  2642  2699K 1576      36K   780 5.85    5.77    10358  1068   52K   109 31.94   31.89  
c rst  luby stb  vmt  2643  2700K 1576      36K   780 5.85    5.77    10358  1076   53K   109 31.91   31.86  
c rst  luby stb  vmt  2644  2700K 1576      36K   780 5.85    5.77    10374  1402   37K   109 29.73   29.67  
c rst  luby stb  vmt  2645  2700K 1576      36K   780 5.85    5.77    10446  1280   37K   109 29.75   29.69  
c rst  luby stb  vmt  2646  2700K 1576      36K   780 5.85    5.77    10446  1284   38K   109 29.74   29.68  
c rst  luby stb  vmt  2647  2700K 1576      36K   780 5.85    5.77    10446  1284   38K   109 29.76   29.70  
c rst  luby stb  vmt  2648  2700K 1576      36K   780 5.85    5.77    10446  1286   38K   109 29.76   29.70  
c rst  luby stb  vmt  2649  2700K 1576      36K   780 5.85    5.77    10446  1292   38K   109 29.78   29.72  
c rst  luby stb  vmt  2650  2701K 1576      36K   780 5.85    5.77    10446  1299   38K   109 29.86   29.80  
c rst  luby stb  vmt  2651  2702K 1576      36K   780 5.85    5.77    10446  1320   39K   109 29.89   29.83  
c rst  luby stb  vmt  2652  2703K 1576      36K   780 5.85    5.77    10447  1333   41K   109 29.56   29.50  
c [distill-long-red0] cls tried: 104/104 T: 0.01 T-out: N T-r: 99.84%
c [distill-long-red1] cls tried: 58/689 T: 0.02 T-out: Y T-r: -3.65%
c rst  luby stb  vmt  2653  2706K 1576      36K   780 5.85    5.77    10451  1411   44K   109 29.51   29.45  
c rst  luby stb  vmt  2654  2706K 1576      36K   780 5.85    5.77    10451  1414   44K   109 29.49   29.44  
c rst  luby stb  vmt  2655  2707K 1576      36K   780 5.85    5.77    10451  1414   44K   109 29.48   29.43  
c rst  luby stb  vmt  2656  2707K 1576      36K   780 5.85    5.77    10451  1414   44K   109 29.47   29.42  
c rst  luby stb  vmt  2657  2707K 1576      36K   780 5.85    5.77    10451  1419   44K   109 29.50   29.44  
c rst  luby stb  vmt  2658  2707K 1576      36K   780 5.85    5.77    10452  1419   45K   109 29.49   29.44  
c rst  luby stb  vmt  2659  2707K 1576      36K   780 5.85    5.77    10452  1421   45K   109 29.49   29.44  
c [full-probe]  bin_only: 1 set: 0 repl: 0 T: 0.00 T-out: N T-r: 99.86%
c [distill-bin] useful: 0/780/780 lits-rem: 0 cl-rem: 0 0-depth-assigns: 0 T: 0.00 T-out: N
c rst  luby stb  vmt  2660  2708K 1576      36K   780 5.85    5.77    10452  1429   45K   109 29.47   29.42  
c rst  luby stb  vmt  2661  2708K 1576      36K   780 5.85    5.77    10452  1430   45K   109 29.48   29.43  
c rst  luby stb  vmt  2662  2708K 1576      36K   780 5.85    5.77    10452  1430   45K   109 29.49   29.43  
c rst  luby stb  vmt  2663  2708K 1576      36K   780 5.85    5.77    10452  1430   46K   109 29.47   29.42  
c rst  luby stb  vmt  2664  2708K 1576      36K   780 5.85    5.77    10452  1435   46K   109 29.45   29.40  
c rst  luby stb  vmt  2665  2708K 1576      36K   780 5.85    5.77    10452  1435   46K   109 29.45   29.39  
c rst  luby stb  vmt  2666  2708K 1576      36K   780 5.85    5.77    10452  1442   46K   109 29.50   29.45  
c rst  luby stb  vmt  2667  2709K 1576      36K   780 5.85    5.77    10454  1462   46K   109 29.42   29.37  
c rst  luby stb  vmt  2668  2710K 1576      36K   780 5.85    5.77    10455  1465   47K   109 29.32   29.27  
c rst  luby stb  vmt  2669  2710K 1576      36K   780 5.85    5.77    10562  1345   47K   109 29.31   29.26  
c rst  luby stb  vmt  2670  2710K 1576      36K   780 5.85    5.77    10562  1346   47K   109 29.30   29.25  
c rst  luby stb  vmt  2671  2710K 1576      36K   780 5.85    5.77    10562  1350   48K   109 29.29   29.24  
c rst  luby stb  vmt  2672  2710K 1576      36K   780 5.85    5.77    10562  1350   48K   109 29.27   29.22  
c rst  luby stb  vmt  2673  2710K 1576      36K   780 5.85    5.77    10562  1353   48K   109 29.30   29.25  
c rst  luby stb  vmt  2674  2710K 1576      36K   780 5.85    5.77    10562  1355   48K   109 29.29   29.24  
c rst  luby stb  vmt  2675  2711K 1576      36K   780 5.85    5.77    10563  1363   48K   109 29.36   29.31  
c rst  luby stb  vmt  2676  2711K 1576      36K   780 5.85    5.77    10563  1369   48K   109 29.36   29.31  
c rst  luby stb  vmt  2677  2711K 1576      36K   780 5.85    5.77    10563  1372   49K   109 29.36   29.31  
c rst  luby stb  vmt  2678  2711K 1576      36K   780 5.85    5.77    10563  1375   49K   109 29.33   29.28  
c rst  luby stb  vmt  2679  2711K 1576      36K   780 5.85    5.77    10563  1378   49K   109 29.33   29.28  
c rst  luby stb  vmt  2680  2711K 1576      36K   780 5.85    5.77    10563  1382   49K   109 29.32   29.27  
c rst  luby stb  vmt  2681  2712K 1576      36K   780 5.85    5.77    10563  1384   49K   109 29.29   29.24  
c rst  luby stb  vmt  2682  2712K 1576      36K   780 5.85    5.77    10563  1391   50K   109 29.25   29.20  
c rst  luby stb  vmt  2683  2713K 1576      36K   780 5.85    5.77    10565  1402   50K   109 29.12   29.07  
c rst  luby stb  vmt  2684  2714K 1576      36K   780 5.85    5.77    10565  1423   52K   109 28.94   28.89  
c rst  luby stb  vmt  2685  2715K 1576      36K   780 5.85    5.77    10565  1424   52K   109 28.94   28.90  
c rst  luby stb  vmt  2686  2715K 1576      36K   780 5.85    5.77    10598  2003   37K   109 25.14   25.09  
c rst  luby stb  vmt  2687  2715K 1576      36K   780 5.85    5.77    10598  2003   37K   109 25.15   25.10  
c rst  luby stb  vmt  2688  2715K 1576      36K   780 5.85    5.77    10599  2013   37K   109 25.13   25.08  
c rst  luby stb  vmt  2689  2715K 1576      36K   780 5.85    5.77    10599  2017   37K   109 25.14   25.09  
c rst  luby stb  vmt  2690  2715K 1576      36K   780 5.85    5.77    10599  2021   38K   109 25.12   25.07  
c rst  luby stb  vmt  2691  2716K 1576      36K   780 5.85    5.77    10599  2021   38K   109 25.04   24.99  
c [distill] watch-based irred--  cl tried 10062    cl-sh 0     cl-rem 0    lit-rem 0      T: 0.01 T-out: N
c [distill] watch-based red  --  cl tried 21198    cl-sh 7     cl-rem 0    lit-rem 82     T: 0.02 T-out: N
c rst  luby stb  vmt  2692  2716K 1576      36K   780 5.85    5.77    10599  2023   38K   109 25.02   24.97  
c rst  luby stb  vmt  2693  2716K 1576      36K   780 5.85    5.77    10599  2028   38K   109 25.05   25.00  
c rst  luby stb  vmt  2694  2716K 1576      36K   780 5.85    5.77    10599  2034   38K   109 25.02   24.97  
c rst  luby stb  vmt  2695  2716K 1576      36K   780 5.85    5.77    10599  2037   38K   109 25.02   24.97  
c rst  luby stb  vmt  2696  2716K 1576      36K   780 5.85    5.77    10599  2038   39K   109 25.01   24.96  
c rst  luby stb  vmt  2697  2716K 1576      36K   780 5.85    5.77    10599  2039   39K   109 25.00   24.95  
c rst  luby stb  vmt  2698  2717K 1576      36K   780 5.85    5.77    10599  2043   39K   109 24.93   24.89  
c rst  luby stb  vmt  2699  2718K 1576      36K   780 5.85    5.77    10599  2044   40K   109 24.81   24.77  
c rst  luby stb  vmt  2700  2718K 1576      36K   780 5.85    5.77    10599  2045   40K   109 24.82   24.78  
c rst  luby stb  vmt  2701  2718K 1576      36K   780 5.85    5.77    10599  2046   40K   109 24.84   24.80  
c rst  luby stb  vmt  2702  2718K 1576      36K   780 5.85    5.77    10599  2055   40K   109 24.85   24.80  
c rst  luby stb  vmt  2703  2718K 1576      36K   780 5.85    5.77    10599  2055   40K   109 24.85   24.80  
c rst  luby stb  vmt  2704  2718K 1576      36K   780 5.85    5.77    10599  2057   41K   109 24.84   24.79  
c [distill-long-red0] cls tried: 145/145 T: 0.02 T-out: N T-r: 99.62%
c [distill-long-red1] cls tried: 48/1374 T: 0.02 T-out: Y T-r: -4.24%
c rst  luby stb  vmt  2705  2718K 1576      36K   780 5.85    5.77    10599  2060   41K   109 24.75   24.71  
c rst  luby stb  vmt  2706  2719K 1576      36K   780 5.85    5.77    10599  2066   41K   109 24.82   24.78  
c rst  luby stb  vmt  2707  2719K 1576      36K   780 5.85    5.77    10599  2068   41K   109 24.81   24.76  
c rst  luby stb  vmt  2708  2719K 1576      36K   780 5.85    5.77    10599  2068   41K   109 24.80   24.76  
c rst  luby stb  vmt  2709  2719K 1576      36K   780 5.85    5.77    10599  2069   42K   109 24.78   24.74  
c rst  luby stb  vmt  2710  2719K 1576      36K   780 5.85    5.77    10599  2070   42K   109 24.77   24.72  
c rst  luby stb  vmt  2711  2719K 1576      36K   780 5.85    5.77    10599  2070   42K   109 24.76   24.72  
c rst  luby stb  vmt  2712  2720K 1576      36K   780 5.85    5.77    10694  1902   42K   109 24.74   24.70  
c rst  luby stb  vmt  2713  2720K 1576      36K   780 5.85    5.77    10694  1904   42K   109 24.70   24.65  
c rst  luby stb  vmt  2714  2721K 1576      36K   780 5.85    5.77    10694  1913   43K   109 24.64   24.60  
c rst  luby stb  vmt  2715  2722K 1576      36K   780 5.85    5.77    10695  1939   45K   109 24.54   24.49  
c rst  luby stb  vmt  2716  2726K 1576      36K   780 5.85    5.77    10696  1970   48K   109 24.26   24.22  
c rst  luby stb  vmt  2717  2732K 1576      36K   780 5.85    5.77    10789  2563   40K   109 19.97   19.93  
c [full-probe]  bin_only: 0 set: 0 repl: 0 T: 0.00 T-out: N T-r: 99.04%
c [distill-bin] useful: 0/780/780 lits-rem: 0 cl-rem: 0 0-depth-assigns: 0 T: 0.00 T-out: N
c [gauss] XOR-encoding clauses are not detached, so no need to reattach them.
c [g 0] truth-find prop checks  : 3492K
c [g 0] -> of which prop        : 36.17 %
c [g 0] -> of which confl       :  1.00 %
c [g 0] elim called             : 275K
c [g 0] ---> which lead to prop : 55.32 %
c [g 0] ---> which lead to confl:  1.28 %
c [g 0] size: 83    x 521  
c [scc] new: 0 BP 0M T: 0.00
c [vrep] vars 0 lits 0 rem-bin-cls 0 rem-long-cls 0 BP 0M T: 0.00
c [intree] Set 0 vars hyper-added: 0 trans-irred: 0 trans-red: 0 T: 0.00 T-out: N T-r: -0.46%
c [find&init matx] performing matrix init
c [gauss] XOR-encoding clauses are not detached, so no need to reattach them.
c [xor-rem-unconnected] left with 995 xors from 996 non-empty xors T: 0.00
c [xor-together] xored together: 912 orig xors: 995 new xors: 83 T: 0.00
c [xor-rem-unconnected] left with 83 xors from 83 non-empty xors T: 0.00
c [xor-clean-equiv] removed equivalent xors: 0 left with: 83
c [matrix] unused xors from cleaning: 1
c [matrix] Good   matrix 0 83      x521    density:0.0945  xorlen avg: 49.23
c [matrix] Using 1 matrices recovered from 0 xors T: 0.00 T-out: N
c rst  luby ibes vmt  2718  2732K 1576      36K   780 5.85    5.77    10789  2566   40K   109 19.96   19.93  
c rst  luby ibes vmt  2719  2732K 1576      36K   780 5.85    5.77    10789  2568   40K   109 19.95   19.92  
c rst  luby ibes vmt  2720  2732K 1576      36K   780 5.85    5.77    10789  2572   40K   109 19.95   19.91  
c rst  luby ibes vmt  2721  2733K 1576      36K   780 5.85    5.77    10789  2572   40K   109 19.95   19.92  
c rst  luby ibes vmt  2722  2733K 1576      36K   780 5.85    5.77    10789  2572   40K   109 19.94   19.91  
c rst  luby ibes vmt  2723  2733K 1576      36K   780 5.85    5.77    10789  2574   41K   109 19.93   19.89  
c rst  luby ibes vmt  2724  2733K 1576      36K   780 5.85    5.77    10789  2576   41K   109 19.89   19.86  
c [distill-long-red0] cls tried: 175/175 T: 0.03 T-out: N T-r: 99.28%
c [distill-long-red1] cls tried: 37/1988 T: 0.02 T-out: Y T-r: -8.34%
c [ccnr] saving best assignment phase to stable_polar
c [ccnr] bumping based on var unsat frequency: conflict_ct
c [ccnr] Bumped vars: 1588 bump type: 6
c [ccnr] time: 0.29
c rst  luby ibes vmt  2725  2733K 1576      36K   780 5.85    5.77    10789  2578   41K   109 19.91   19.88  
c rst  luby ibes vmt  2726  2733K 1576      36K   780 5.85    5.77    10789  2578   41K   109 19.92   19.89  
c rst  luby ibes vmt  2727  2734K 1576      36K   780 5.85    5.77    10789  2578   41K   109 19.96   19.93  
c rst  luby ibes vmt  2728  2734K 1576      36K   780 5.85    5.77    10789  2578   42K   109 20.00   19.96  
c rst  luby ibes vmt  2729  2734K 1576      36K   780 5.85    5.77    10789  2578   42K   109 20.03   19.99  
c rst  luby ibes vmt  2730  2734K 1576      36K   780 5.85    5.77    10789  2579   42K   109 20.08   20.05  
c rst  luby ibes vmt  2731  2734K 1576      36K   780 5.85    5.77    10789  2579   42K   109 20.25   20.21  
c rst  luby ibes vmt  2732  2735K 1576      36K   780 5.85    5.77    10789  2580   43K   109 20.48   20.44  
c rst  luby ibes vmt  2733  2735K 1576      36K   780 5.85    5.77    10789  2580   43K   109 20.49   20.45  
c rst  luby ibes vmt  2734  2735K 1576      36K   780 5.85    5.77    10789  2580   43K   109 20.51   20.48  
c rst  luby ibes vmt  2735  2736K 1576      36K   780 5.85    5.77    10789  2580   43K   109 20.59   20.55  
c rst  luby ibes vmt  2736  2736K 1576      36K   780 5.85    5.77    10789  2580   44K   109 20.61   20.57  
c rst  luby ibes vmt  2737  2736K 1576      36K   780 5.85    5.77    10789  2580   44K   109 20.63   20.60  
c rst  luby ibes vmt  2738  2736K 1576      36K   780 5.85    5.77    10789  2580   44K   109 20.69   20.65  
c rst  luby ibes vmt  2739  2737K 1576      36K   780 5.85    5.77    10789  2581   44K   109 20.76   20.72  
c rst  luby ibes vmt  2740  2737K 1576      36K   780 5.85    5.77    10789  2582   44K   109 20.78   20.75  
c rst  luby ibes vmt  2741  2737K 1576      36K   780 5.85    5.77    10789  2582   44K   109 20.82   20.78  
c rst  luby ibes vmt  2742  2737K 1576      36K   780 5.85    5.77    10789  2582   45K   109 20.86   20.83  
c rst  luby ibes vmt  2743  2737K 1576      36K   780 5.85    5.77    10789  2582   45K   109 20.90   20.87  
c rst  luby ibes vmt  2744  2737K 1576      36K   780 5.85    5.77    10789  2582   45K   109 20.91   20.88  
c rst  luby ibes vmt  2745  2737K 1576      36K   780 5.85    5.77    10789  2582   45K   109 20.94   20.90  
c rst  luby ibes vmt  2746  2738K 1576      36K   780 5.85    5.77    10789  2582   45K   109 21.12   21.08  
c rst  luby ibes vmt  2747  2739K 1576      36K   780 5.85    5.77    10789  2582   46K   109 21.18   21.15  
c rst  luby ibes vmt  2748  2740K 1576      36K   780 5.85    5.77    10845  2351   48K   109 21.65   21.62  
c rst  luby ibes vmt  2749  2740K 1576      36K   780 5.85    5.77    10845  2352   48K   109 21.69   21.65  
c rst  luby ibes vmt  2750  2740K 1576      36K   780 5.85    5.77    10845  2352   48K   109 21.71   21.68  
c rst  luby ibes vmt  2751  2741K 1576      36K   780 5.85    5.77    10845  2354   48K   109 21.75   21.72  
c rst  luby ibes vmt  2752  2741K 1576      36K   780 5.85    5.77    10845  2354   49K   109 21.77   21.74  
c rst  luby ibes vmt  2753  2741K 1576      36K   780 5.85    5.77    10845  2354   49K   109 21.80   21.77  
c [distill] watch-based irred--  cl tried 10062    cl-sh 0     cl-rem 0    lit-rem 0      T: 0.02 T-out: N
c [distill] watch-based red  --  cl tried 17617    cl-sh 2     cl-rem 0    lit-rem 2      T: 0.03 T-out: Y
c rst  luby ibes vmt  2754  2741K 1576      36K   780 5.85    5.77    10845  2354   49K   109 21.85   21.82  
c rst  luby ibes vmt  2755  2741K 1576      36K   780 5.85    5.77    10845  2355   49K   109 21.94   21.91  
c rst  luby ibes vmt  2756  2741K 1576      36K   780 5.85    5.77    10845  2355   49K   109 21.96   21.92  
c rst  luby ibes vmt  2757  2742K 1576      36K   780 5.85    5.77    10845  2355   49K   109 21.96   21.92  
c rst  luby ibes vmt  2758  2742K 1576      36K   780 5.85    5.77    10845  2355   50K   109 22.03   21.99  
c rst  luby ibes vmt  2759  2742K 1576      36K   780 5.85    5.77    10845  2355   50K   109 22.04   22.01  
c rst  luby ibes vmt  2760  2742K 1576      36K   780 5.85    5.77    10845  2355   50K   109 22.06   22.03  
c rst  luby ibes vmt  2761  2742K 1576      36K   780 5.85    5.77    10845  2355   50K   109 22.10   22.06  
c rst  luby ibes vmt  2762  2743K 1576      36K   780 5.85    5.77    10845  2355   50K   109 22.13   22.10  
c rst  luby ibes vmt  2763  2743K 1576      36K   780 5.85    5.77    10845  2357   51K   109 22.22   22.19  
c rst  luby ibes vmt  2764  2743K 1576      36K   780 5.85    5.77    10845  2357   51K   109 22.24   22.20  
c rst  luby ibes vmt  2765  2744K 1576      36K   780 5.85    5.77    10845  2357   51K   109 22.26   22.23  
c rst  luby ibes vmt  2766  2744K 1576      36K   780 5.85    5.77    10845  2357   52K   109 22.29   22.26  
c rst  luby ibes vmt  2767  2744K 1576      36K   780 5.85    5.77    10845  2357   52K   109 22.31   22.28  
c rst  luby ibes vmt  2768  2744K 1576      36K   780 5.85    5.77    10845  2357   52K   109 22.33   22.29  
c rst  luby ibes vmt  2769  2744K 1576      36K   780 5.85    5.77    10845  2357   52K   109 22.36   22.33  
c rst  luby ibes vmt  2770  2745K 1576      36K   780 5.85    5.77    10845  2358   52K   109 22.43   22.40  
c rst  luby ibes vmt  2771  2745K 1576      36K   780 5.85    5.77    10851  2547   38K   109 21.46   21.42  
c rst  luby ibes vmt  2772  2745K 1576      36K   780 5.85    5.77    10851  2547   38K   109 21.51   21.47  
c rst  luby ibes vmt  2773  2745K 1576      36K   780 5.85    5.77    10851  2547   38K   109 21.56   21.52  
c rst  luby ibes vmt  2774  2745K 1576      36K   780 5.85    5.77    10851  2547   38K   109 21.58   21.53  
c rst  luby ibes vmt  2775  2745K 1576      36K   780 5.85    5.77    10851  2547   38K   109 21.60   21.56  
c rst  luby ibes vmt  2776  2745K 1576      36K   780 5.85    5.77    10851  2548   38K   109 21.65   21.61  
c rst  luby ibes vmt  2777  2746K 1576      36K   780 5.85    5.77    10851  2548   39K   109 21.75   21.71  
c rst  luby ibes vmt  2778  2747K 1576      36K   780 5.85    5.77    10851  2548   40K   109 22.01   21.96  
c rst  luby ibes vmt  2779  2748K 1576      36K   780 5.85    5.77    10851  2549   41K   109 22.62   22.58  
c [impl-str] lit bin: 0 set-var: 0 T: 0.00 T-out: N T-r: 99.97% w-visit: 3176
c [impl-sub] bin: 0 T: 0.00 T-out: N w-visit: 3176
c rst  luby ibes vmt  2780  2751K 1576      36K   780 5.85    5.77    10865  2508   44K   109 23.25   23.22  
c [distill-long-red0] cls tried: 67/67 T: 0.01 T-out: N T-r: 99.84%
c [distill-long-red1] cls tried: 37/2070 T: 0.02 T-out: Y T-r: -6.82%
c rst  luby ibes vmt  2781  2751K 1576      36K   780 5.85    5.77    10865  2508   45K   109 23.27   23.23  
c rst  luby ibes vmt  2782  2752K 1576      36K   780 5.85    5.77    10865  2508   45K   109 23.28   23.24  
c rst  luby ibes vmt  2783  2752K 1576      36K   780 5.85    5.77    10865  2508   45K   109 23.36   23.33  
c rst  luby ibes vmt  2784  2752K 1576      36K   780 5.85    5.77    10865  2508   45K   109 23.37   23.33  
c rst  luby ibes vmt  2785  2752K 1576      36K   780 5.85    5.77    10865  2508   45K   109 23.39   23.35  
c rst  luby ibes vmt  2786  2752K 1576      36K   780 5.85    5.77    10870  2558   45K   109 23.36   23.32  
c [full-probe]  bin_only: 1 set: 0 repl: 0 T: 0.00 T-out: N T-r: 99.90%
c [distill-bin] useful: 0/780/780 lits-rem: 0 cl-rem: 0 0-depth-assigns: 0 T: 0.00 T-out: N
c rst  luby ibes vmt  2787  2753K 1576      36K   780 5.85    5.77    10870  2567   46K   109 23.34   23.30  
c rst  luby ibes vmt  2788  2753K 1576      36K   780 5.85    5.77    10870  2568   46K   109 23.32   23.28  
c rst  luby ibes vmt  2789  2753K 1576      36K   780 5.85    5.77    10870  2571   46K   109 23.32   23.28  
c rst  luby ibes vmt  2790  2753K 1576      36K   780 5.85    5.77    10870  2573   46K   109 23.29   23.25  
c rst  luby ibes vmt  2791  2753K 1576      36K   780 5.85    5.77    10870  2574   46K   109 23.28   23.24  
c rst  luby ibes vmt  2792  2753K 1576      36K   780 5.85    5.77    10870  2575   46K   109 23.27   23.23  
c rst  luby ibes vmt  2793  2753K 1576      36K   780 5.85    5.77    10870  2577   46K   109 23.24   23.20  
c rst  luby ibes vmt  2794  2754K 1576      36K   780 5.85    5.77    10870  2579   47K   109 23.19   23.15  
c rst  luby ibes vmt  2795  2755K 1576      36K   780 5.85    5.77    10870  2584   48K   109 23.09   23.05  
c rst  luby ibes vmt  2796  2755K 1576      36K   780 5.85    5.77    10870  2584   48K   109 23.08   23.04  
c rst  luby ibes vmt  2797  2755K 1576      36K   780 5.85    5.77    10870  2584   48K   109 23.06   23.02  
c rst  luby ibes vmt  2798  2755K 1576      36K   780 5.85    5.77    10870  2585   48K   109 23.03   22.99  
c rst  luby ibes vmt  2799  2755K 1576      36K   780 5.85    5.77    10870  2586   48K   109 23.01   22.98  
c rst  luby ibes vmt  2800  2755K 1576      36K   780 5.85    5.77    10870  2587   48K   109 23.00   22.96  
c rst  luby ibes vmt  2801  2755K 1576      36K   780 5.85    5.77    10870  2592   48K   109 22.98   22.95  
c rst  luby ibes vmt  2802  2756K 1576      36K   780 5.85    5.77    10871  2594   49K   109 22.92   22.88  
c rst  luby ibes vmt  2803  2756K 1576      36K   780 5.85    5.77    10871  2594   49K   109 22.91   22.87  
c rst  luby ibes vmt  2804  2756K 1576      36K   780 5.85    5.77    10871  2596   49K   109 22.89   22.86  
c rst  luby ibes vmt  2805  2756K 1576      36K   780 5.85    5.77    10871  2597   49K   109 22.87   22.83  
c rst  luby ibes vmt  2806  2756K 1576      36K   780 5.85    5.77    10871  2597   49K   109 22.85   22.81  
c rst  luby ibes vmt  2807  2756K 1576      36K   780 5.85    5.77    10871  2600   49K   109 22.84   22.80  
c rst  luby ibes vmt  2808  2757K 1576      36K   780 5.85    5.77    10871  2601   50K   109 22.81   22.77  
c rst  luby ibes vmt  2809  2757K 1576      36K   780 5.85    5.77    10871  2602   50K   109 22.76   22.72  
c rst  luby ibes vmt  2810  2758K 1576      36K   780 5.85    5.77    10872  2609   51K   109 22.68   22.65  
c rst  luby ibes vmt  2811  2759K 1576      36K   780 5.85    5.77    10872  2634   52K   109 22.52   22.49  
c rst  luby ibes vmt  2812  2760K 1576      36K   780 5.85    5.77    10872  2637   52K   109 22.50   22.47  
c rst  luby ibes vmt  2813  2760K 1576      36K   780 5.85    5.77    10898  2927   38K   109 22.04   21.99  
c rst  luby ibes vmt  2814  2760K 1576      36K   780 5.85    5.77    11013  2611   38K   109 22.00   21.96  
c rst  luby ibes vmt  2815  2760K 1576      36K   780 5.85    5.77    11013  2613   38K   109 21.99   21.95  
c rst  luby ibes vmt  2816  2760K 1576      36K   780 5.85    5.77    11013  2613   38K   109 21.98   21.94  
c rst  luby ibes vmt  2817  2760K 1576      36K   780 5.85    5.77    11013  2614   38K   109 21.97   21.93  
c rst  luby ibes vmt  2818  2761K 1576      36K   780 5.85    5.77    11013  2623   39K   109 21.92   21.88  
c rst  luby ibes vmt  2819  2761K 1576      36K   780 5.85    5.77    11013  2624   39K   109 21.90   21.86  
c rst  luby ibes vmt  2820  2761K 1576      36K   780 5.85    5.77    11013  2624   39K   109 21.88   21.84  
c rst  luby ibes vmt  2821  2761K 1576      36K   780 5.85    5.77    11013  2626   39K   109 21.84   21.80  
c rst  luby ibes vmt  2822  2761K 1576      36K   780 5.85    5.77    11013  2627   39K   109 21.83   21.79  
c rst  luby ibes vmt  2823  2761K 1576      36K   780 5.85    5.77    11013  2628   39K   109 21.84   21.79  
c rst  luby ibes vmt  2824  2761K 1576      36K   780 5.85    5.77    11013  2631   40K   109 21.80   21.76  
c rst  luby ibes vmt  2825  2762K 1576      36K   780 5.85    5.77    11013  2634   40K   109 21.75   21.71  
c rst  luby ibes vmt  2826  2763K 1576      36K   780 5.85    5.77    11013  2645   41K   109 21.66   21.62  
c rst  luby ibes vmt  2827  2763K 1576      36K   780 5.85    5.77    11013  2645   41K   109 21.65   21.61  
c rst  luby ibes vmt  2828  2763K 1576      36K   780 5.85    5.77    11013  2646   41K   109 21.64   21.60  
c rst  luby ibes vmt  2829  2763K 1576      36K   780 5.85    5.77    11013  2649   41K   109 21.61   21.57  
c rst  luby ibes vmt  2830  2763K 1576      36K   780 5.85    5.77    11013  2649   41K   109 21.60   21.56  
c rst  luby ibes vmt  2831  2763K 1576      36K   780 5.85    5.77    11013  2650   41K   109 21.59   21.55  
c rst  luby ibes vmt  2832  2763K 1576      36K   780 5.85    5.77    11013  2655   42K   109 21.56   21.52  
c rst  luby ibes vmt  2833  2764K 1576      36K   780 5.85    5.77    11013  2657   42K   109 21.52   21.48  
c rst  luby ibes vmt  2834  2764K 1576      36K   780 5.85    5.77    11013  2658   42K   109 21.51   21.47  
c rst  luby ibes vmt  2835  2764K 1576      36K   780 5.85    5.77    11013  2658   42K   109 21.49   21.45  
c rst  luby ibes vmt  2836  2764K 1576      36K   780 5.85    5.77    11013  2663   42K   109 21.48   21.44  
c rst  luby ibes vmt  2837  2764K 1576      36K   780 5.85    5.77    11013  2666   42K   109 21.48   21.44  
c rst  luby ibes vmt  2838  2764K 1576      36K   780 5.85    5.77    11013  2669   43K   109 21.48   21.44  
c rst  luby svd  vmt  2839  2765K 1576      36K   780 5.85    5.77    11013  2676   43K   109 21.45   21.42  
c rst  luby svd  vmt  2840  2765K 1576      36K   780 5.85    5.77    11013  2680   43K   109 21.45   21.42  
c rst  luby svd  vmt  2841  2766K 1576      36K   780 5.85    5.77    11013  2687   44K   109 21.39   21.36  
c [distill] watch-based irred--  cl tried 10062    cl-sh 0     cl-rem 0    lit-rem 0      T: 0.01 T-out: N
c [distill] watch-based red  --  cl tried 21168    cl-sh 11    cl-rem 0    lit-rem 13     T: 0.02 T-out: Y
c rst  luby svd  vmt  2842  2767K 1576      36K   780 5.85    5.77    11013  2700   46K   109 21.37   21.34  
c [distill-long-red0] cls tried: 148/148 T: 0.02 T-out: N T-r: 99.51%
c [distill-long-red1] cls tried: 43/2356 T: 0.02 T-out: Y T-r: -4.15%
c rst  luby svd  vmt  2843  2771K 1576      36K   780 5.85    5.77    11133  2493   49K   109 21.22   21.19  
c rst  luby svd  vmt  2844  2777K 1576      36K   780 5.85    5.77    11165  3151   40K   109 20.42   20.38  
c [full-probe]  bin_only: 0 set: 0 repl: 0 T: 0.01 T-out: N T-r: 98.86%
c [distill-bin] useful: 0/780/780 lits-rem: 0 cl-rem: 0 0-depth-assigns: 0 T: 0.00 T-out: N
c rst  luby svd  vmt  2845  2790K 1576      36K   780 5.85    5.77    11390  4233   37K   109 15.43   15.40  
c [distill-long-red0] cls tried: 365/365 T: 0.05 T-out: N T-r: 98.69%
c [distill-long-red1] cls tried: 43/3985 T: 0.02 T-out: Y T-r: -5.20%
c [ccnr] saving best assignment phase to stable_polar
c [ccnr] bumping based on var unsat frequency: conflict_ct
c [ccnr] Bumped vars: 1588 bump type: 6
c [ccnr] time: 0.28
c rst  luby svd  vmt  2846  2790K 1576      36K   780 5.85    5.77    11390  4247   37K   109 15.42   15.39  
c rst  luby svd  vmt  2847  2790K 1576      36K   780 5.85    5.77    11390  4248   37K   109 15.46   15.43  
c rst  luby svd  vmt  2848  2790K 1576      36K   780 5.85    5.77    11390  4248   37K   109 15.53   15.50  
c rst  luby svd  vmt  2849  2790K 1576      36K   780 5.85    5.77    11390  4249   38K   109 15.57   15.54  
c rst  luby svd  vmt  2850  2790K 1576      36K   780 5.85    5.77    11390  4249   38K   109 15.59   15.57  
c rst  luby svd  vmt  2851  2791K 1576      36K   780 5.85    5.77    11390  4249   38K   109 15.71   15.69  
c rst  luby svd  vmt  2852  2791K 1576      36K   780 5.85    5.77    11390  4249   38K   109 15.87   15.85  
c [distill] watch-based irred--  cl tried 10062    cl-sh 0     cl-rem 0    lit-rem 0      T: 0.02 T-out: N
c [distill] watch-based red  --  cl tried 18128    cl-sh 5     cl-rem 0    lit-rem 27     T: 0.03 T-out: Y
c rst  luby svd  vmt  2853  2791K 1576      36K   780 5.85    5.77    11390  4249   38K   109 15.94   15.91  
c rst  luby svd  vmt  2854  2791K 1576      36K   780 5.85    5.77    11390  4249   38K   109 15.99   15.97  
c rst  luby svd  vmt  2855  2791K 1576      36K   780 5.85    5.77    11390  4251   39K   109 16.09   16.06  
c rst  luby svd  vmt  2856  2792K 1576      36K   780 5.85    5.77    11390  4251   39K   109 16.12   16.10  
c rst  luby svd  vmt  2857  2792K 1576      36K   780 5.85    5.77    11390  4251   39K   109 16.18   16.15  
c rst  luby svd  vmt  2858  2792K 1576      36K   780 5.85    5.77    11390  4251   39K   109 16.30   16.27  
c rst  luby svd  vmt  2859  2792K 1576      36K   780 5.85    5.77    11391  4259   39K   109 16.68   16.65  
c rst  luby svd  vmt  2860  2793K 1576      36K   780 5.85    5.77    11391  4260   40K   109 17.09   17.06  
c rst  luby svd  vmt  2861  2793K 1576      36K   780 5.85    5.77    11391  4261   40K   109 17.15   17.12  
c rst  luby svd  vmt  2862  2793K 1576      36K   780 5.85    5.77    11391  4262   40K   109 17.17   17.14  
c rst  luby svd  vmt  2863  2793K 1576      36K   780 5.85    5.77    11391  4262   41K   109 17.23   17.20  
c rst  luby svd  vmt  2864  2794K 1576      36K   780 5.85    5.77    11391  4262   41K   109 17.28   17.25  
c rst  luby svd  vmt  2865  2794K 1576      36K   780 5.85    5.77    11391  4262   41K   109 17.33   17.30  
c rst  luby svd  vmt  2866  2794K 1576      36K   780 5.85    5.77    11391  4262   41K   109 17.41   17.38  
c rst  luby svd  vmt  2867  2794K 1576      36K   780 5.85    5.77    11391  4262   41K   109 17.54   17.51  
c rst  luby svd  vmt  2868  2794K 1576      36K   780 5.85    5.77    11391  4264   42K   109 17.58   17.56  
c rst  luby svd  vmt  2869  2795K 1576      36K   780 5.85    5.77    11391  4264   42K   109 17.61   17.58  
c rst  luby svd  vmt  2870  2795K 1576      36K   780 5.85    5.77    11392  4268   42K   109 17.69   17.66  
c rst  luby svd  vmt  2871  2795K 1576      36K   780 5.85    5.77    11392  4268   42K   109 17.72   17.69  
c rst  luby svd  vmt  2872  2795K 1576      36K   780 5.85    5.77    11392  4270   42K   109 17.76   17.73  
c rst  luby svd  vmt  2873  2795K 1576      36K   780 5.85    5.77    11392  4271   42K   109 17.83   17.80  
c rst  luby svd  vmt  2874  2796K 1576      36K   780 5.85    5.77    11392  4273   43K   109 17.96   17.93  
c rst  luby svd  vmt  2875  2796K 1576      36K   780 5.85    5.77    11392  4288   43K   109 18.23   18.20  
c rst  luby svd  vmt  2876  2798K 1576      36K   780 5.85    5.77    11392  4296   45K   109 18.72   18.69  
c [full-probe]  bin_only: 1 set: 0 repl: 0 T: 0.00 T-out: N T-r: 99.89%
c [distill-bin] useful: 0/780/780 lits-rem: 0 cl-rem: 0 0-depth-assigns: 0 T: 0.01 T-out: N
c [gauss] XOR-encoding clauses are not detached, so no need to reattach them.
c [g 0] truth-find prop checks  : 3583K
c [g 0] -> of which prop        : 37.72 %
c [g 0] -> of which confl       :  1.04 %
c [g 0] elim called             : 270K
c [g 0] ---> which lead to prop : 52.43 %
c [g 0] ---> which lead to confl:  1.07 %
c [g 0] size: 83    x 521  
c [scc] new: 0 BP 0M T: 0.00
c [vrep] vars 0 lits 0 rem-bin-cls 0 rem-long-cls 0 BP 0M T: 0.00
c [intree] Set 0 vars hyper-added: 1 trans-irred: 0 trans-red: 0 T: 0.00 T-out: N T-r: -0.77%
c [find&init matx] performing matrix init
c [gauss] XOR-encoding clauses are not detached, so no need to reattach them.
c [xor-rem-unconnected] left with 995 xors from 996 non-empty xors T: 0.00
c [xor-together] xored together: 912 orig xors: 995 new xors: 83 T: 0.00
c [xor-rem-unconnected] left with 83 xors from 83 non-empty xors T: 0.00
c [xor-clean-equiv] removed equivalent xors: 0 left with: 83
c [matrix] unused xors from cleaning: 1
c [matrix] Good   matrix 0 83      x521    density:0.0945  xorlen avg: 49.23
c [matrix] Using 1 matrices recovered from 0 xors T: 0.00 T-out: N
c rst  geom best vmt  2877  2798K 1576      36K   780 5.85    5.77    11392  4296   45K   110 18.78   18.75  
c rst  geom best vmt  2878  2798K 1576      36K   780 5.85    5.77    11392  4297   45K   110 18.81   18.78  
c rst  geom best vmt  2879  2798K 1576      36K   780 5.85    5.77    11392  4298   45K   110 18.85   18.82  
c rst  geom best vmt  2880  2798K 1576      36K   780 5.85    5.77    11392  4298   46K   110 18.90   18.87  
c rst  geom best vmt  2881  2799K 1576      36K   780 5.85    5.77    11392  4298   46K   110 18.91   18.88  
c rst  geom best vmt  2882  2799K 1576      36K   780 5.85    5.77    11392  4300   46K   110 18.97   18.94  
c rst  geom best vmt  2883  2799K 1576      36K   780 5.85    5.77    11392  4300   46K   110 19.04   19.01  
c rst  geom best vmt  2884  2799K 1576      36K   780 5.85    5.77    11392  4301   46K   110 19.08   19.05  
c rst  geom best vmt  2885  2799K 1576      36K   780 5.85    5.77    11392  4302   47K   110 19.15   19.12  
c rst  geom best vmt  2886  2800K 1576      36K   780 5.85    5.77    11430  3946   47K   110 19.25   19.22  
c rst  geom best vmt  2887  2800K 1576      36K   780 5.85    5.77    11430  3950   47K   110 19.36   19.32  
c rst  geom best vmt  2888  2800K 1576      36K   780 5.85    5.77    11430  3950   48K   110 19.45   19.42  
c rst  geom best vmt  2889  2801K 1576      36K   780 5.85    5.77    11430  3951   48K   110 19.51   19.48  
c rst  geom best vmt  2890  2801K 1576      36K   780 5.85    5.77    11430  3960   48K   110 19.60   19.57  
c rst  geom best vmt  2891  2801K 1576      36K   780 5.85    5.77    11430  3961   49K   110 19.74   19.71  
c rst  geom best vmt  2892  2802K 1576      36K   780 5.85    5.77    11430  3961   49K   110 19.84   19.81  
c rst  geom best vmt  2893  2802K 1576      36K   780 5.85    5.77    11430  3966   50K   110 19.93   19.90  
c rst  geom best vmt  2894  2803K 1576      36K   780 5.85    5.77    11430  3967   50K   110 20.11   20.08  
c rst  geom best vmt  2895  2803K 1576      36K   780 5.85    5.77    11430  3970   51K   110 20.25   20.22  
c rst  geom best vmt  2896  2804K 1576      36K   780 5.85    5.77    11430  3972   52K   110 20.47   20.44  
c rst  geom best vmt  2897  2805K 1576      36K   780 5.85    5.77    11436  4152   37K   110 21.46   21.42  
c rst  geom best vmt  2898  2806K 1576      36K   780 5.85    5.77    11436  4153   38K   110 21.62   21.58  
c [distill-long-red0] cls tried: 49/49 T: 0.01 T-out: N T-r: 99.90%
c [distill-long-red1] cls tried: 42/3884 T: 0.02 T-out: Y T-r: -5.36%
c rst  geom best vmt  2899  2807K 1576      36K   780 5.85    5.77    11436  4156   38K   110 21.69   21.65  
c rst  geom best vmt  2900  2807K 1576      36K   780 5.85    5.77    11436  4162   39K   110 22.11   22.07  
c rst  geom best vmt  2901  2809K 1576      36K   780 5.85    5.77    11436  4164   40K   110 22.38   22.34  
c [impl-str] lit bin: 0 set-var: 0 T: 0.00 T-out: N T-r: 99.97% w-visit: 3176
c [impl-sub] bin: 0 T: 0.00 T-out: N w-visit: 3176
c rst  geom best vmt  2902  2810K 1576      36K   780 5.85    5.77    11462  3996   42K   110 22.64   22.60  
c rst  geom best vmt  2903  2811K 1576      36K   780 5.85    5.77    11462  3997   43K   110 22.85   22.81  
c rst  geom best vmt  2904  2812K 1576      36K   780 5.85    5.77    11462  3998   44K   110 23.07   23.03  
c rst  geom best vmt  2905  2814K 1576      36K   780 5.85    5.77    11462  3999   46K   110 23.20   23.17  
c rst  geom best vmt  2906  2816K 1576      36K   780 5.85    5.77    11462  4001   48K   110 23.62   23.58  
c rst  geom best vmt  2907  2817K 1576      36K   780 5.85    5.77    11462  4005   50K   110 23.90   23.86  
c [distill] watch-based irred--  cl tried 10062    cl-sh 0     cl-rem 0    lit-rem 0      T: 0.02 T-out: N
c [distill] watch-based red  --  cl tried 19745    cl-sh 4     cl-rem 0    lit-rem 9      T: 0.03 T-out: Y
c rst  geom best vmt  2908  2820K 1576      36K   780 5.85    5.77    11462  4011   52K   110 24.43   24.39  
c [full-probe]  bin_only: 0 set: 0 repl: 0 T: 0.01 T-out: N T-r: 98.57%
c [distill-bin] useful: 0/780/780 lits-rem: 0 cl-rem: 0 0-depth-assigns: 0 T: 0.00 T-out: N
c rst  geom best vmt  2909  2822K 1576      36K   780 5.85    5.77    11480  4041   40K   110 26.23   26.18  
c [distill-long-red0] cls tried: 41/41 T: 0.01 T-out: N T-r: 99.93%
c [distill-long-red1] cls tried: 49/3755 T: 0.03 T-out: Y T-r: -3.81%
c rst  geom best vmt  2910  2824K 1576      36K   780 5.85    5.77    11480  4045   42K   110 26.55   26.51  
c rst  geom best vmt  2911  2827K 1576      36K   780 5.85    5.77    11480  4046   45K   110 27.58   27.54  
c rst  geom best vmt  2912  2830K 1576      36K   780 5.85    5.77    11492  3733   48K   110 27.87   27.83  
c rst  geom best vmt  2913  2833K 1576      36K   780 5.85    5.77    11492  3743   51K   110 28.12   28.08  
c rst  geom stb  vmt  2914  2837K 1576      36K   780 5.85    5.77    11496  3902   40K   110 29.58   29.53  
c [distill-long-red0] cls tried: 15/15 T: 0.00 T-out: N T-r: 99.98%
c [distill-long-red1] cls tried: 84/3582 T: 0.02 T-out: Y T-r: -4.72%
c [ccnr] saving best assignment phase to stable_polar
c [ccnr] bumping based on clause weights
c [ccnr] Bumped vars: 105 bump type: 6
c [ccnr] time: 0.30
c rst  geom stb  vmt  2915  2841K 1576      36K   780 5.85    5.77    11542  3139   45K   110 28.93   28.88  
c [full-probe]  bin_only: 1 set: 0 repl: 0 T: 0.00 T-out: N T-r: 99.90%
c [distill-bin] useful: 0/780/780 lits-rem: 0 cl-rem: 0 0-depth-assigns: 0 T: 0.00 T-out: N
c rst  geom stb  vmt  2916  2845K 1576      36K   780 5.85    5.77    11542  3200   49K   110 28.11   28.06  
c [distill] watch-based irred--  cl tried 10062    cl-sh 0     cl-rem 0    lit-rem 0      T: 0.01 T-out: N
c [distill] watch-based red  --  cl tried 23084    cl-sh 7     cl-rem 0    lit-rem 8      T: 0.02 T-out: N
c rst  geom stb  vmt  2917  2850K 1576      36K   780 5.85    5.77    11703  3162   39K   110 24.79   24.74  
c rst  geom stb  vmt  2918  2855K 1576      36K   780 5.85    5.77    11703  3278   45K   110 24.07   24.03  
c [distill-long-red0] cls tried: 205/205 T: 0.02 T-out: N T-r: 99.52%
c [distill-long-red1] cls tried: 48/2991 T: 0.02 T-out: Y T-r: -2.83%
c rst  geom stb  vmt  2919  2861K 1576      36K   780 5.85    5.77    11783  1992   52K   110 23.17   23.13  
c [full-probe]  bin_only: 0 set: 0 repl: 0 T: 0.01 T-out: N T-r: 98.82%
c [distill-bin] useful: 0/780/780 lits-rem: 0 cl-rem: 0 0-depth-assigns: 0 T: 0.00 T-out: N
c rst  geom stb  vmt  2920  2868K 1576      36K   780 5.85    5.77    11828  3244   43K   110 18.43   18.40  
c [gauss] XOR-encoding clauses are not detached, so no need to reattach them.
c [g 0] truth-find prop checks  : 3736K
c [g 0] -> of which prop        : 41.53 %
c [g 0] -> of which confl       :  1.01 %
c [g 0] elim called             : 272K
c [g 0] ---> which lead to prop : 57.80 %
c [g 0] ---> which lead to confl:  1.36 %
c [g 0] size: 83    x 521  
c [scc] new: 0 BP 0M T: 0.00
c [vrep] vars 0 lits 0 rem-bin-cls 0 rem-long-cls 0 BP 0M T: 0.00
c [intree] Set 0 vars hyper-added: 0 trans-irred: 0 trans-red: 0 T: 0.00 T-out: N T-r: -0.50%
c [find&init matx] performing matrix init
c [gauss] XOR-encoding clauses are not detached, so no need to reattach them.
c [xor-rem-unconnected] left with 995 xors from 996 non-empty xors T: 0.00
c [xor-together] xored together: 912 orig xors: 995 new xors: 83 T: 0.00
c [xor-rem-unconnected] left with 83 xors from 83 non-empty xors T: 0.00
c [xor-clean-equiv] removed equivalent xors: 0 left with: 83
c [matrix] unused xors from cleaning: 1
c [matrix] Good   matrix 0 83      x521    density:0.0945  xorlen avg: 49.23
c [matrix] Using 1 matrices recovered from 0 xors T: 0.00 T-out: N
c rst  geom ibes vmt  2921  2875K 1576      36K   780 5.85    5.77    11908  3355   50K   110 17.88   17.86  
c [distill-long-red0] cls tried: 197/197 T: 0.04 T-out: N T-r: 99.21%
c [distill-long-red1] cls tried: 38/3141 T: 0.02 T-out: Y T-r: -4.23%
c [distill] watch-based irred--  cl tried 10062    cl-sh 0     cl-rem 0    lit-rem 0      T: 0.02 T-out: N
c [distill] watch-based red  --  cl tried 18867    cl-sh 2     cl-rem 0    lit-rem 3      T: 0.03 T-out: Y
c [impl-str] lit bin: 0 set-var: 0 T: 0.00 T-out: N T-r: 99.97% w-visit: 3176
c [impl-sub] bin: 0 T: 0.00 T-out: N w-visit: 3176
c rst  geom ibes vmt  2922  2883K 1576      36K   780 5.85    5.77    12116  5135   39K   110 12.67   12.65  
c [full-probe]  bin_only: 1 set: 0 repl: 0 T: 0.00 T-out: N T-r: 99.89%
c [distill-bin] useful: 0/780/780 lits-rem: 0 cl-rem: 0 0-depth-assigns: 0 T: 0.00 T-out: N
c [ccnr] saving best assignment phase to stable_polar
c [ccnr] bumping based on var unsat frequency: conflict_ct
c [ccnr] Bumped vars: 1588 bump type: 6
c [ccnr] time: 0.28
c rst  geom ibes vmt  2923  2891K 1576      36K   780 5.85    5.77    12248  5188   48K   110 17.78   17.75  
c [distill-long-red0] cls tried: 329/329 T: 0.05 T-out: N T-r: 98.88%
c [distill-long-red1] cls tried: 33/4969 T: 0.02 T-out: Y T-r: -3.64%
c rst  geom ibes vmt  2924  2900K 1576      36K   780 5.85    5.77    12270  5681   42K   110 21.68   21.64  
c [distill] watch-based irred--  cl tried 10062    cl-sh 0     cl-rem 0    lit-rem 0      T: 0.01 T-out: N
c [distill] watch-based red  --  cl tried 19791    cl-sh 10    cl-rem 0    lit-rem 28     T: 0.03 T-out: Y
c rst  geom ibes vmt  2925  2911K 1576      36K   780 5.85    5.77    12282  5558   39K   110 25.47   25.43  
c [distill-long-red0] cls tried: 38/38 T: 0.00 T-out: N T-r: 99.91%
c [distill-long-red1] cls tried: 63/5375 T: 0.02 T-out: Y T-r: -1.81%
c [full-probe]  bin_only: 0 set: 0 repl: 0 T: 0.01 T-out: N T-r: 98.70%
c [distill-bin] useful: 0/780/780 lits-rem: 0 cl-rem: 0 0-depth-assigns: 0 T: 0.00 T-out: N
c rst  geom svd  vmt  2926  2914K 1576      36K   780 5.85    5.77    12283  5566   42K   110 26.77   26.73  
c recursive minimization cost OK: 2552Kcost/(% lits removed)
c [gauss] XOR-encoding clauses are not detached, so no need to reattach them.
c [g 0] truth-find prop checks  : 2185K
c [g 0] -> of which prop        : 45.14 %
c [g 0] -> of which confl       :  1.10 %
c [g 0] elim called             : 149K
c [g 0] ---> which lead to prop : 64.64 %
c [g 0] ---> which lead to confl:  1.50 %
c [g 0] size: 83    x 521  
c --> Executing strategy token: scc-vrepl
c [scc] new: 0 BP 0M T: 0.00
c --> Executing strategy token: sub-impl
c [impl-sub] bin: 0 T: 0.00 T-out: N w-visit: 3176
c --> Executing strategy token: breakid
c --> Executing OCC strategy token(s): 'occ-backw-sub-str,occ-clean-implicit,occ-bve,occ-bva,occ-ternary-res,occ-xor,'
c [occ] mem usage for occur 3      MB
c [occ] Linked in IRRED BIN by default: 780
c [occ] Linked in RED   BIN by default: 110
c [occ] mem usage for occur 1      MB
c Mem for watch alloc      : 33          MB (40.59     %)
c Mem for watch array      : 0           MB (0.09      %)
c --> Executing OCC strategy token: occ-backw-sub-str
c [occ-backw-sub-str-long-w-bins] subs: 0 str: 18 tried: 14902 0-depth ass: 0 T: 0.00 T-out: N T-r: 99.38%
c [occ-backw-sub-long-w-long] rem cl: 293 tried: 95907/95907 (100.0%) T: 0.04 T-out: N T-r: 85.51%
c [occ-backw-sub-str-long-w-long] sub: 40 str: 391 tried: 287721/95907 (300.0)  T: 0.25 T-out: N T-r: 71.65%
c --> Executing OCC strategy token: occ-clean-implicit
c --> Executing OCC strategy token: occ-bve
c [occ-empty-res] Empty resolvent elimed: 0 T: 0.00 T-out: N
c [occ-bve] iter v-elim 0
c cl_inc_rate=1.0, var_dec_rate=1.0 (grow=0)
c Reduced to 1576 vars, 36782 cls (grow=0)
c [occ-bve] iter v-elim 0
c cl_inc_rate=1.0, var_dec_rate=1.0 (grow=8)
c Reduced to 1576 vars, 36782 cls (grow=8)
c [occ-bve] iter v-elim 0
c cl_inc_rate=1.0, var_dec_rate=1.0 (grow=16)
c Reduced to 1576 vars, 36782 cls (grow=16)
c x n vars       : 1576
c #try to eliminate:  4728
c #var-elim        :     0
c #T-o: N
c #T-r: 99.99%
c #T  : 0.30
c [occur] 0.03 is overhead
c [occur] link-in T: 0.03 cleanup T: 0.00
c --> Executing OCC strategy token: occ-bva
c --> Executing OCC strategy token: occ-ternary-res
c [occ-ternary-res] Ternary res-tri: 0 res-bin: 0 sub: 0 str: 0 T: 0.00 T-out: N T-r: 99.87%
c --> Executing OCC strategy token: occ-xor
c [occ-xor] sort occur list T: 0.00
c [xor-clean-equiv] removed equivalent xors: 0 left with: 996
c [occ-xor] found    996 avg sz 5.9 min sz  4 max sz  6 T: 0.01 T-out: N T-r: 99.98%
c --> Executing strategy token: card-find
c --> Executing strategy token: cl-consolidate
c Not consolidating memory.
c --> Executing strategy token: scc-vrepl
c [scc] new: 0 BP 0M T: 0.00
c --> Executing strategy token: renumber
c --> Executing strategy token: bosphorus
c --> Executing strategy token: louvain-comms
c [consolidate] mini T: 0.00
c global_timeout_multiplier: 8.5594
c [branch] rebuilding order heap for all branchings. Current branching: vmtf
c [find&init matx] performing matrix init
c [gauss] XOR-encoding clauses are not detached, so no need to reattach them.
c [xor-rem-unconnected] left with 995 xors from 996 non-empty xors T: 0.00
c [xor-together] xored together: 912 orig xors: 995 new xors: 83 T: 0.00
c [xor-rem-unconnected] left with 83 xors from 83 non-empty xors T: 0.00
c [xor-clean-equiv] removed equivalent xors: 0 left with: 83
c [matrix] unused xors from cleaning: 1
c [matrix] Good   matrix  0     83 x  521  density:0.0945  xorlen avg: 49.23
c [matrix] Using 1 matrices recovered from 0 xors T: 0.00 T-out: N
c rst  geom  svd  vmt  2927 2922K    1576   36K   780    5.85    5.77 12006  5276   50K   110   28.38   28.34
c rst  geom  svd  vmt  2928 2935K    1576   36K   780    5.85    5.77 12017  4732   49K   110   32.10   32.05
c [distill-long-red0] cls tried: 28/28 T: 0.00 T-out: N T-r: 99.94%
c [distill-long-red1] cls tried: 43/4548 T: 0.03 T-out: Y T-r: -4.60%
c [full-probe]  bin_only: 1 set: 0 repl: 0 T: 0.01 T-out: N T-r: 99.75%
c [distill-bin] useful: 0/780/780 lits-rem: 0 cl-rem: 0 0-depth-assigns: 0 T: 0.01 T-out: N
c [distill] watch-based irred--  cl tried     9984 cl-sh     0 cl-rem    0 lit-rem      0 T: 0.01 T-out: N
c [distill] watch-based   red--  cl tried    22947 cl-sh     2 cl-rem    0 lit-rem      8 T: 0.03 T-out: Y
c [gauss] XOR-encoding clauses are not detached, so no need to reattach them.
c [g 0] truth-find prop checks  : 769K
c [g 0] -> of which prop        : 62.97 %
c [g 0] -> of which confl       :  1.13 %
c [g 0] elim called             : 30K
c [g 0] ---> which lead to prop : 117.10 %
c [g 0] ---> which lead to confl:  2.91 %
c [g 0] size: 83    x 521  
c [scc] new: 0 BP 0M T: 0.00
c [vrep] vars 0 lits 0 rem-bin-cls 0 rem-long-cls 0 BP 0M T: 0.01
c [intree] Set 0 vars hyper-added: 1 trans-irred: 0 trans-red: 0 T: 0.01 T-out: N T-r: -0.05%
c [find&init matx] performing matrix init
c [gauss] XOR-encoding clauses are not detached, so no need to reattach them.
c [xor-rem-unconnected] left with 995 xors from 996 non-empty xors T: 0.00
c [xor-together] xored together: 912 orig xors: 995 new xors: 83 T: 0.00
c [xor-rem-unconnected] left with 83 xors from 83 non-empty xors T: 0.00
c [xor-clean-equiv] removed equivalent xors: 0 left with: 83
c [matrix] unused xors from cleaning: 1
c [matrix] Good   matrix 0 83      x521    density:0.0945  xorlen avg: 49.23
c [matrix] Using 1 matrices recovered from 0 xors T: 0.00 T-out: N
c [ccnr] saving best assignment phase to stable_polar
c [ccnr] bumping based on var unsat frequency: conflict_ct
c [ccnr] Bumped vars: 1588 bump type: 6
c [ccnr] time: 0.28
c rst  geom svd  vmt  2929  2948K 1576      36K   780 5.85    5.77    12123  3517   49K   111 33.36   33.31  
c [impl-str] lit bin: 0 set-var: 0 T: 0.00 T-out: N T-r: 99.97% w-visit: 3176
c [impl-sub] bin: 0 T: 0.00 T-out: N w-visit: 3176
c rst  geom best vmt  2930  2964K 1576      36K   780 5.85    5.77    12147   879   53K   111 34.97   34.91  
c [branch] adjusting to: vsid (from: vmtf) var_decay:0.95 descr: VSIDS
c [distill-long-red0] cls tried: 123/123 T: 0.02 T-out: N T-r: 99.71%
c [distill-long-red1] cls tried: 60/815 T: 0.03 T-out: Y T-r: -3.69%
c [full-probe]  bin_only: 0 set: 0 repl: 0 T: 0.01 T-out: N T-r: 98.38%
c [distill-bin] useful: 0/780/780 lits-rem: 0 cl-rem: 0 0-depth-assigns: 0 T: 0.01 T-out: N
c [distill] watch-based irred--  cl tried 9984     cl-sh 0     cl-rem 0    lit-rem 0      T: 0.00 T-out: N
c [distill] watch-based red  --  cl tried 24294    cl-sh 8     cl-rem 0    lit-rem 9      T: 0.02 T-out: N
c rst  geom best vs   2931  2964K 1576      36K   780 5.85    5.77    12147   879   53K   111 34.97   34.91  
c rst  geom best vs   2932  2964K 1576      36K   780 5.85    5.77    12147   879   53K   111 34.96   34.91  
c rst  geom best vs   2933  2964K 1576      36K   780 5.85    5.77    12147   879   53K   111 34.97   34.91  
c rst  geom best vs   2934  2964K 1576      36K   780 5.85    5.77    12147   879   53K   111 35.01   34.96  
c rst  geom best vs   2935  2964K 1576      36K   780 5.85    5.77    12147   880   53K   111 35.04   34.99  
c rst  geom best vs   2936  2964K 1576      36K   780 5.85    5.77    12147   880   54K   111 35.08   35.02  
c rst  geom best vs   2937  2965K 1576      36K   780 5.85    5.77    12147   882   54K   111 35.10   35.04  
c rst  geom best vs   2938  2965K 1576      36K   780 5.85    5.77    12147   882   54K   111 35.12   35.07  
c rst  geom best vs   2939  2965K 1576      36K   780 5.85    5.77    12147   882   54K   111 35.12   35.06  
c rst  geom best vs   2940  2965K 1576      36K   780 5.85    5.77    12147   882   54K   111 35.12   35.07  
c rst  geom best vs   2941  2966K 1576      36K   780 5.85    5.77    12147   882   55K   111 35.18   35.12  
c rst  geom best vs   2942  2966K 1576      36K   780 5.85    5.77    12147   882   55K   111 35.21   35.16  
c rst  geom best vs   2943  2966K 1576      36K   780 5.85    5.77    12147   882   55K   111 35.24   35.18  
c rst  geom best vs   2944  2967K 1576      36K   780 5.85    5.77    12147   882   56K   111 35.23   35.18  
c rst  geom best vs   2945  2967K 1576      36K   780 5.85    5.77    12147   882   56K   111 35.15   35.10  
c rst  geom best vs   2946  2967K 1576      36K   780 5.85    5.77    12147   882   57K   111 35.20   35.15  
c rst  geom best vs   2947  2968K 1576      36K   780 5.85    5.77    12147   882   57K   111 35.24   35.18  
c rst  geom best vs   2948  2968K 1576      36K   780 5.85    5.77    12147   882   58K   111 35.24   35.19  
c rst  geom best vs   2949  2969K 1576      36K   780 5.85    5.77    12147   882   58K   111 35.35   35.30  
c rst  geom best vs   2950  2970K 1576      36K   780 5.85    5.77    12162   829   42K   111 33.65   33.58  
c rst  geom best vs   2951  2970K 1576      36K   780 5.85    5.77    12162   831   42K   111 33.54   33.48  
c rst  geom best vs   2952  2971K 1576      36K   780 5.85    5.77    12162   831   43K   111 33.58   33.52  
c rst  geom best vs   2953  2972K 1576      36K   780 5.85    5.77    12162   831   44K   111 33.68   33.62  
c rst  geom best vs   2954  2973K 1576      36K   780 5.85    5.77    12162   832   45K   111 33.73   33.67  
c rst  geom best vs   2955  2974K 1576      36K   780 5.85    5.77    12162   834   46K   111 33.83   33.77  
c rst  geom best vs   2956  2975K 1576      36K   780 5.85    5.77    12162   838   47K   111 33.81   33.75  
c rst  geom best vs   2957  2977K 1576      36K   780 5.85    5.77    12162   838   49K   111 33.87   33.81  
c rst  geom best vs   2958  2978K 1576      36K   780 5.85    5.77    12163   840   50K   111 33.85   33.80  
c rst  geom best vs   2959  2980K 1576      36K   780 5.85    5.77    12163   842   51K   111 33.76   33.70  
c [distill-long-red0] cls tried: 24/24 T: 0.01 T-out: N T-r: 99.93%
c [distill-long-red1] cls tried: 61/728 T: 0.02 T-out: Y T-r: -0.50%
c [ccnr] saving best assignment phase to stable_polar
c [ccnr] bumping based on clause weights
c [ccnr] Bumped vars: 102 bump type: 6
c [ccnr] time: 0.28
c rst  geom best vs   2960  2981K 1576      36K   780 5.85    5.77    12173   759   53K   111 34.12   34.07  
c rst  geom best vs   2961  2983K 1576      36K   780 5.85    5.77    12173   760   55K   111 34.20   34.15  
c rst  geom stb  vs   2962  2985K 1576      36K   780 5.85    5.77    12178   823   40K   111 30.72   30.66  
c [full-probe]  bin_only: 1 set: 0 repl: 0 T: 0.00 T-out: N T-r: 99.89%
c [distill-bin] useful: 0/780/780 lits-rem: 0 cl-rem: 0 0-depth-assigns: 0 T: 0.01 T-out: N
c rst  geom stb  vs   2963  2987K 1576      36K   780 5.85    5.77    12178   829   43K   111 30.92   30.86  
c rst  geom stb  vs   2964  2990K 1576      36K   780 5.85    5.77    12195   745   45K   111 30.96   30.91  
c [distill] watch-based irred--  cl tried 9984     cl-sh 0     cl-rem 0    lit-rem 0      T: 0.01 T-out: N
c [distill] watch-based red  --  cl tried 24390    cl-sh 6     cl-rem 0    lit-rem 6      T: 0.02 T-out: N
c rst  geom stb  vs   2965  2993K 1576      36K   780 5.85    5.77    12195   748   48K   111 31.30   31.24  
c rst  geom stb  vs   2966  2996K 1576      36K   780 5.85    5.77    12195   754   51K   111 31.33   31.28  
c [distill-long-red0] cls tried: 33/33 T: 0.01 T-out: N T-r: 99.94%
c [distill-long-red1] cls tried: 101/591 T: 0.02 T-out: Y T-r: -0.89%
c rst  geom stb  vs   2967  2999K 1576      36K   780 5.85    5.77    12195   764   54K   111 31.12   31.07  
c rst  geom stb  vs   2968  3003K 1576      36K   780 5.85    5.77    12213   821   42K   111 28.83   28.77  
c [gauss] XOR-encoding clauses are not detached, so no need to reattach them.
c [g 0] truth-find prop checks  : 2927K
c [g 0] -> of which prop        : 62.84 %
c [g 0] -> of which confl       :  1.09 %
c [g 0] elim called             : 117K
c [g 0] ---> which lead to prop : 103.91 %
c [g 0] ---> which lead to confl:  3.87 %
c [g 0] size: 83    x 521  
c [scc] new: 0 BP 0M T: 0.00
c [vrep] vars 0 lits 0 rem-bin-cls 0 rem-long-cls 0 BP 0M T: 0.01
c [intree] Set 0 vars hyper-added: 0 trans-irred: 0 trans-red: 0 T: 0.00 T-out: N T-r: -0.42%
c [find&init matx] performing matrix init
c [gauss] XOR-encoding clauses are not detached, so no need to reattach them.
c [xor-rem-unconnected] left with 995 xors from 996 non-empty xors T: 0.00
c [xor-together] xored together: 912 orig xors: 995 new xors: 83 T: 0.00
c [xor-rem-unconnected] left with 83 xors from 83 non-empty xors T: 0.00
c [xor-clean-equiv] removed equivalent xors: 0 left with: 83
c [matrix] unused xors from cleaning: 1
c [matrix] Good   matrix 0 83      x521    density:0.0945  xorlen avg: 49.23
c [matrix] Using 1 matrices recovered from 0 xors T: 0.00 T-out: N
c rst  geom stb  vs   2969  3006K 1576      36K   780 5.85    5.77    12213   827   46K   111 29.00   28.95  
c [full-probe]  bin_only: 0 set: 0 repl: 0 T: 0.01 T-out: N T-r: 98.63%
c [distill-bin] useful: 0/780/780 lits-rem: 0 cl-rem: 0 0-depth-assigns: 0 T: 0.00 T-out: N
c rst  geom stb  vs   2970  3011K 1576      36K   780 5.85    5.77    12224   721   50K   111 30.11   30.06  
c [distill-long-red0] cls tried: 29/29 T: 0.00 T-out: N T-r: 99.97%
c [distill-long-red1] cls tried: 106/530 T: 0.02 T-out: Y T-r: -1.31%
c [impl-str] lit bin: 0 set-var: 0 T: 0.00 T-out: N T-r: 99.97% w-visit: 3176
c [impl-sub] bin: 0 T: 0.00 T-out: N w-visit: 3176
c rst  geom stb  vs   2971  3016K 1576      36K   780 5.85    5.77    12227   804   40K   111 29.33   29.28  
c [distill] watch-based irred--  cl tried 9984     cl-sh 0     cl-rem 0    lit-rem 0      T: 0.01 T-out: N
c [distill] watch-based red  --  cl tried 24454    cl-sh 5     cl-rem 0    lit-rem 9      T: 0.02 T-out: N
c rst  geom stb  vs   2972  3021K 1576      36K   780 5.85    5.77    12235   668   45K   111 30.08   30.02  
c rst  geom ibes vs   2973  3027K 1576      36K   780 5.85    5.77    12235   680   51K   111 30.11   30.07  
c [distill-long-red0] cls tried: 14/14 T: 0.00 T-out: N T-r: 99.98%
c [distill-long-red1] cls tried: 101/482 T: 0.02 T-out: Y T-r: -0.68%
c [full-probe]  bin_only: 1 set: 0 repl: 0 T: 0.00 T-out: N T-r: 99.89%
c [distill-bin] useful: 0/780/780 lits-rem: 0 cl-rem: 0 0-depth-assigns: 0 T: 0.00 T-out: N
c [ccnr] saving best assignment phase to stable_polar
c [ccnr] bumping based on var unsat frequency: conflict_ct
c [ccnr] Bumped vars: 1588 bump type: 6
c [ccnr] time: 0.28
c rst  geom ibes vs   2974  3033K 1576      36K   780 5.85    5.77    12250   694   42K   111 29.46   29.40  
c rst  geom ibes vs   2975  3040K 1576      36K   780 5.85    5.77    12271   650   49K   111 29.80   29.75  
c rst  geom ibes vs   2976  3048K 1576      36K   780 5.85    5.77    12282   788   42K   111 28.76   28.70  
c [distill-long-red0] cls tried: 43/43 T: 0.00 T-out: N T-r: 99.93%
c [distill-long-red1] cls tried: 118/522 T: 0.02 T-out: Y T-r: -0.83%
c [full-probe]  bin_only: 0 set: 0 repl: 0 T: 0.01 T-out: N T-r: 98.78%
c [distill-bin] useful: 0/780/780 lits-rem: 0 cl-rem: 0 0-depth-assigns: 0 T: 0.01 T-out: N
c [distill] watch-based irred--  cl tried 9984     cl-sh 0     cl-rem 0    lit-rem 0      T: 0.00 T-out: N
c [distill] watch-based red  --  cl tried 24564    cl-sh 0     cl-rem 0    lit-rem 0      T: 0.02 T-out: N
c rst  geom ibes vs   2977  3057K 1576      36K   780 5.85    5.77    12302   721   50K   111 28.42   28.38  
c rst  geom svd  vs   2978  3066K 1576      36K   780 5.85    5.77    12308   745   45K   111 27.06   27.01  
c [distill-long-red0] cls tried: 22/22 T: 0.00 T-out: N T-r: 99.97%
c [distill-long-red1] cls tried: 124/416 T: 0.02 T-out: Y T-r: -1.40%
c rst  geom svd  vs   2979  3076K 1576      36K   780 5.85    5.77    12323   757   35K   111 29.79   29.73  
c [full-probe]  bin_only: 1 set: 0 repl: 0 T: 0.00 T-out: N T-r: 99.88%
c [distill-bin] useful: 0/780/780 lits-rem: 0 cl-rem: 0 0-depth-assigns: 0 T: 0.01 T-out: N
c [distill] watch-based irred--  cl tried 9984     cl-sh 0     cl-rem 0    lit-rem 0      T: 0.00 T-out: N
c [distill] watch-based red  --  cl tried 24646    cl-sh 8     cl-rem 0    lit-rem 15     T: 0.02 T-out: N
c [impl-str] lit bin: 0 set-var: 0 T: 0.00 T-out: N T-r: 99.98% w-visit: 3176
c [impl-sub] bin: 0 T: 0.00 T-out: N w-visit: 3176
c [gauss] XOR-encoding clauses are not detached, so no need to reattach them.
c [g 0] truth-find prop checks  : 3437K
c [g 0] -> of which prop        : 63.44 %
c [g 0] -> of which confl       :  1.01 %
c [g 0] elim called             : 153K
c [g 0] ---> which lead to prop : 92.20 %
c [g 0] ---> which lead to confl:  4.19 %
c [g 0] size: 83    x 521  
c [scc] new: 0 BP 0M T: 0.00
c [vrep] vars 0 lits 0 rem-bin-cls 0 rem-long-cls 0 BP 0M T: 0.00
c [intree] Set 0 vars hyper-added: 0 trans-irred: 0 trans-red: 0 T: 0.01 T-out: N T-r: -0.53%
c [find&init matx] performing matrix init
c [gauss] XOR-encoding clauses are not detached, so no need to reattach them.
c [xor-rem-unconnected] left with 995 xors from 996 non-empty xors T: 0.00
c [xor-together] xored together: 912 orig xors: 995 new xors: 83 T: 0.00
c [xor-rem-unconnected] left with 83 xors from 83 non-empty xors T: 0.00
c [xor-clean-equiv] removed equivalent xors: 0 left with: 83
c [matrix] unused xors from cleaning: 1
c [matrix] Good   matrix 0 83      x521    density:0.0945  xorlen avg: 49.23
c [matrix] Using 1 matrices recovered from 0 xors T: 0.00 T-out: N
c [ccnr] saving best assignment phase to stable_polar
c [ccnr] bumping based on var unsat frequency: conflict_ct
c [ccnr] Bumped vars: 1588 bump type: 6
c [ccnr] time: 0.29
c rst  geom svd  vs   2980  3088K 1576      36K   780 5.85    5.77    12338   752   46K   111 34.64   34.58  
c [distill-long-red0] cls tried: 32/32 T: 0.00 T-out: N T-r: 99.96%
c [distill-long-red1] cls tried: 134/343 T: 0.02 T-out: Y T-r: -1.41%
c rst  geom svd  vs   2981  3100K 1576      36K   780 5.85    5.77    12373   687   42K   111 39.59   39.51  
c [full-probe]  bin_only: 0 set: 0 repl: 0 T: 0.01 T-out: N T-r: 98.56%
c [distill-bin] useful: 0/780/780 lits-rem: 0 cl-rem: 0 0-depth-assigns: 0 T: 0.01 T-out: N
c rst  geom best vs   2982  3114K 1576      36K   780 5.85    5.77    12386   752   44K   111 38.09   38.02  
c [distill-long-red0] cls tried: 41/41 T: 0.01 T-out: N T-r: 99.95%
c [distill-long-red1] cls tried: 118/355 T: 0.02 T-out: Y T-r: -0.42%
c [distill] watch-based irred--  cl tried 9984     cl-sh 0     cl-rem 0    lit-rem 0      T: 0.01 T-out: N
c [distill] watch-based red  --  cl tried 24772    cl-sh 4     cl-rem 0    lit-rem 4      T: 0.02 T-out: N
c rst  geom best vs   2983  3129K 1576      36K   780 5.85    5.77    12394   695   46K   111 33.93   33.88  
c [distill-long-red0] cls tried: 10/10 T: 0.00 T-out: N T-r: 99.98%
c [distill-long-red1] cls tried: 145/294 T: 0.02 T-out: Y T-r: -0.97%
c [full-probe]  bin_only: 1 set: 0 repl: 0 T: 0.00 T-out: N T-r: 99.91%
c [distill-bin] useful: 0/780/780 lits-rem: 0 cl-rem: 0 0-depth-assigns: 0 T: 0.00 T-out: N
c [ccnr] saving best assignment phase to stable_polar
c [ccnr] bumping based on clause weights
c [ccnr] Bumped vars: 101 bump type: 6
c [ccnr] time: 0.29
c rst  geom best vs   2984  3146K 1576      36K   780 5.85    5.77    12411   666   49K   111 32.30   32.25  
c [distill-long-red0] cls tried: 10/10 T: 0.00 T-out: N T-r: 99.98%
c [distill-long-red1] cls tried: 133/188 T: 0.02 T-out: Y T-r: -0.52%
c [distill] watch-based irred--  cl tried 9984     cl-sh 0     cl-rem 0    lit-rem 0      T: 0.00 T-out: N
c [distill] watch-based red  --  cl tried 24822    cl-sh 3     cl-rem 0    lit-rem 6      T: 0.02 T-out: N
c [impl-str] lit bin: 0 set-var: 0 T: 0.00 T-out: N T-r: 99.97% w-visit: 3176
c [impl-sub] bin: 0 T: 0.00 T-out: N w-visit: 3176
c [gauss] XOR-encoding clauses are not detached, so no need to reattach them.
c [g 0] truth-find prop checks  : 3151K
c [g 0] -> of which prop        : 62.91 %
c [g 0] -> of which confl       :  0.98 %
c [g 0] elim called             : 153K
c [g 0] ---> which lead to prop : 93.31 %
c [g 0] ---> which lead to confl:  3.49 %
c [g 0] size: 83    x 521  
c [scc] new: 0 BP 0M T: 0.00
c [vrep] vars 0 lits 0 rem-bin-cls 0 rem-long-cls 0 BP 0M T: 0.01
c [intree] Set 0 vars hyper-added: 0 trans-irred: 0 trans-red: 0 T: 0.01 T-out: N T-r: -0.36%
c [find&init matx] performing matrix init
c [gauss] XOR-encoding clauses are not detached, so no need to reattach them.
c [xor-rem-unconnected] left with 995 xors from 996 non-empty xors T: 0.00
c [xor-together] xored together: 912 orig xors: 995 new xors: 83 T: 0.00
c [xor-rem-unconnected] left with 83 xors from 83 non-empty xors T: 0.00
c [xor-clean-equiv] removed equivalent xors: 0 left with: 83
c [matrix] unused xors from cleaning: 1
c [matrix] Good   matrix 0 83      x521    density:0.0945  xorlen avg: 49.23
c [matrix] Using 1 matrices recovered from 0 xors T: 0.00 T-out: N
c rst  geom stb  vs   2985  3164K 1576      36K   780 5.85    5.77    12440   679   52K   111 32.09   32.04  
c [distill-long-red0] cls tried: 22/22 T: 0.00 T-out: N T-r: 99.96%
c [distill-long-red1] cls tried: 110/143 T: 0.02 T-out: Y T-r: -0.22%
c [full-probe]  bin_only: 0 set: 0 repl: 0 T: 0.01 T-out: N T-r: 98.64%
c [distill-bin] useful: 0/780/780 lits-rem: 0 cl-rem: 0 0-depth-assigns: 0 T: 0.01 T-out: N
c rst  geom stb  vs   2986  3184K 1576      36K   780 5.85    5.77    12477   675   43K   111 29.55   29.49  
c [distill-long-red0] cls tried: 14/14 T: 0.00 T-out: N T-r: 99.97%
c [distill-long-red1] cls tried: 129/175 T: 0.02 T-out: Y T-r: -1.21%
c [full-probe]  bin_only: 1 set: 0 repl: 0 T: 0.00 T-out: N T-r: 99.89%
c [distill-bin] useful: 0/780/780 lits-rem: 0 cl-rem: 0 0-depth-assigns: 0 T: 0.01 T-out: N
c [distill] watch-based irred--  cl tried 9984     cl-sh 0     cl-rem 0    lit-rem 0      T: 0.00 T-out: N
c [distill] watch-based red  --  cl tried 24954    cl-sh 3     cl-rem 0    lit-rem 3      T: 0.02 T-out: N
c [ccnr] saving best assignment phase to stable_polar
c [ccnr] bumping based on var unsat frequency: conflict_ct
c [ccnr] Bumped vars: 1588 bump type: 6
c [ccnr] time: 0.31
