c BreakID not compiled in, disabling
c CryptoMiniSat version 5.11.15
c CMS Copyright (C) 2009-2020 Authors of CryptoMiniSat, see AUTHORS file
c CMS SHA revision 
c Using VMTF code by Armin Biere from CaDiCaL
c Using Yalsat by Armin Biere, see Balint et al. Improving implementation of SLS solvers [...], SAT'14
c Using WalkSAT by Henry Kautz, see Kautz and Selman Pushing the envelope: planning, propositional logic, and stochastic search, AAAI'96,
c CMS is MIT licensed
c Using code from 'When Boolean Satisfiability Meets Gauss-E. in a Simplex Way'
c       by C.-S. Han and J.-H. Roland Jiang in CAV 2012. Fixes by M. Soos
c Using CCAnr from 'CCAnr: A Conf. Checking Based Local Search Solver [...]'
c       by Shaowei Cai, Chuan Luo, and Kaile Su, SAT 2015
c CMS compilation env CMAKE_CXX_COMPILER = /usr/bin/c++ | COMPILE_DEFINES =  -DRDB0_ONLY_FEATURES -DBOOST_TEST_DYN_LINK -DUSE_ZLIB -DYALSAT_FPU | STATICCOMPILE = OFF | ONLY_SIMPLE = OFF | Boost_FOUND = TRUE | STATS = OFF | SQLITE3_FOUND =  | ZLIB_FOUND = TRUE | VALGRIND_FOUND =  | ENABLE_TESTING = OFF | SLOW_DEBUG = OFF | ENABLE_ASSERTIONS = ON | PYTHON_EXECUTABLE =  | PYTHON_LIBRARY =  | PYTHON_INCLUDE_DIRS =  | MY_TARGETS =  | LARGEMEM = OFF | LIMITMEM = OFF | BREAKID_LIBRARIES =  | BREAKID-VER = . | BOSPHORUS_LIBRARIES =  | BOSPH-VER = . | compilation date time = Mar 31 2024 17:57:30
c CMS compiled with gcc version 13.2.0
c Executed with command line: cryptominisat5 --verb 1 /workspace/inputs/TRIMOSKA-ECICB-2024/upstream/benchmarks/Xn19l6-17-U.dimacs
c Reading file '/workspace/inputs/TRIMOSKA-ECICB-2024/upstream/benchmarks/Xn19l6-17-U.dimacs'
c -- header says num vars:            767
c -- header says num clauses:        2416
c -- clauses added: 2364
c -- xor clauses added: 52
c -- vars added 767
c Parsing time: 0.00 s
c [find&init matx] performing matrix init
c [gauss] XOR-encoding clauses are not detached, so no need to reattach them.
c [xor-rem-unconnected] left with 50 xors from 50 non-empty xors T: 0.00
c [xor-together] xored together: 0 orig xors: 50 new xors: 50 T: 0.00
c [xor-rem-unconnected] left with 50 xors from 50 non-empty xors T: 0.00
c [xor-clean-equiv] removed equivalent xors: 0 left with: 50
c [matrix] unused xors from cleaning: 0
c [matrix] Good   matrix  0     50 x  765  density:0.1122  xorlen avg: 85.80
c [matrix] Using 1 matrices recovered from 0 xors T: 0.00 T-out: N
c [branch] adjusting to: vsid (from: vsid) var_decay:0.95 descr: VSIDS
c rst  geom  stb   vs     1   111    2822 17476  1652    3.97    3.80     0    36    73     2  141.69  139.17
c rst  geom  stb   vs     2   233    2822 17476  1652    3.97    3.80     3    62   166     2  110.99  110.05
c  res  pol bran  nres  conf freevar  IrrL  IrrB l/longC  l/allC RedL0 RedL1 RedL2  RedB l/longC  l/allC
c rst  geom  stb   vs     3   367    2822 17476  1652    3.97    3.80     4    63   296     4   98.67   97.61
c rst  geom  stb   vs     4   514    2822 17476  1652    3.97    3.80     4    63   443     4   92.67   91.96
c rst  geom  stb   vs     5   677    2822 17476  1652    3.97    3.80     4    63   606     4   86.20   85.70
c rst  geom  stb   vs     6   854    2822 17476  1652    3.97    3.80     4    63   783     4   83.20   82.82
c rst  geom  stb   vs     7  1048    2822 17476  1652    3.97    3.80     4    63   977     4   76.23   75.94
c rst  geom  stb   vs     8  1261    2822 17476  1652    3.97    3.80     4    63  1190     4   73.88   73.65
c rst  geom  stb   vs     9  1496    2822 17476  1652    3.97    3.80     4    63  1425     4   69.76   69.58
c rst  geom  stb   vs    10  1753    2822 17476  1652    3.97    3.80     4    63  1682     4   68.73   68.58
c rst  geom  stb   vs    11  2035    2822 17476  1652    3.97    3.80     4    63  1964     4   66.62   66.49
c rst  geom  stb   vs    12  2346    2822 17476  1652    3.97    3.80     4    63  2275     4   67.19   67.08
c rst  geom  stb   vs    13  2689    2822 17476  1652    3.97    3.80     4    63  2618     4   66.35   66.25
c rst  geom  stb   vs    14  3063    2822 17476  1652    3.97    3.80     4    63  2992     4   64.25   64.17
c rst  geom  stb   vs    15  3473    2822 17476  1652    3.97    3.80     4    63  3402     4   65.55   65.47
c rst  geom  stb   vs    16  3923    2822 17476  1652    3.97    3.80     5    69  3844     5   64.18   64.10
c rst  geom  stb   vs    17  4417    2822 17476  1652    3.97    3.80     5    69  4338     5   61.62   61.55
c rst  geom  stb   vs    18  4961    2822 17476  1652    3.97    3.80     6    72  4877     6   61.07   61.00
c rst  geom  stb   vs    19  5558    2822 17476  1652    3.97    3.80     7    79  5465     7   59.27   59.20
c [branch] adjusting to: vmtf (from: vsid) var_decay:0.95 descr: VMTF
c [distill-long-red0] cls tried: 7/7 T: 0.00 T-out: N T-r: 100.00%
c [distill-long-red1] cls tried: 79/79 T: 0.00 T-out: N T-r: 93.21%
c rst  luby ibes  vmt    20  5660    2822 17476  1652    3.97    3.80    20   101  5531     8   59.07   58.99
c rst  luby ibes  vmt    21  5761    2822 17476  1652    3.97    3.80    21   106  5626     8   59.33   59.25
c rst  luby ibes  vmt    22  5963    2822 17476  1652    3.97    3.80    21   106  5827     9   58.74   58.65
c rst  luby ibes  vmt    23  6065    2822 17476  1652    3.97    3.80    21   106  5929     9   58.37   58.29
c rst  luby ibes  vmt    24  6167    2822 17476  1652    3.97    3.80    21   106  6031     9   58.11   58.03
c rst  luby ibes  vmt    25  6370    2822 17476  1652    3.97    3.80    22   107  6231    10   58.35   58.26
c rst  luby ibes  vmt    26  6771    2822 17476  1652    3.97    3.80    22   107  6631    11   57.53   57.44
c rst  luby ibes  vmt    27  6872    2822 17476  1652    3.97    3.80    22   107  6732    11   57.39   57.30
c rst  luby ibes  vmt    28  6974    2822 17476  1652    3.97    3.80    22   107  6834    11   57.20   57.12
c rst  luby ibes  vmt    29  7175    2822 17476  1652    3.97    3.80    23   108  7033    11   56.98   56.90
c rst  luby ibes  vmt    30  7277    2822 17476  1652    3.97    3.80    23   108  7135    11   56.72   56.64
c rst  luby ibes  vmt    31  7379    2822 17476  1652    3.97    3.80    23   108  7237    11   56.51   56.43
c rst  luby ibes  vmt    32  7581    2822 17476  1652    3.97    3.80    32   131  7406    12   55.98   55.89
c rst  luby ibes  vmt    33  7983    2822 17476  1652    3.97    3.80    32   131  7807    13   54.89   54.81
c rst  luby ibes  vmt    34  8786    2822 17476  1652    3.97    3.80    32   131  8610    13   53.95   53.87
c rst  luby ibes  vmt    35  8887    2822 17476  1652    3.97    3.80    32   132  8710    13   53.70   53.63
c rst  luby ibes  vmt    36  8989    2822 17476  1652    3.97    3.80    35   178  8762    14   53.51   53.43
c rst  luby ibes  vmt    37  9190    2822 17476  1652    3.97    3.80    36   191  8948    15   53.93   53.84
c rst  luby ibes  vmt    38  9292    2822 17476  1652    3.97    3.80    36   191  9050    15   54.29   54.21
c rst  luby ibes  vmt    39  9393    2822 17476  1652    3.97    3.80    36   191  9154    15   54.49   54.40
c rst  luby ibes  vmt    40  9594    2822 17476  1652    3.97    3.80    37   197  9348    15   55.02   54.94
c rst  luby ibes  vmt    41  9995    2822 17476  1652    3.97    3.80    37   202  9744    15   56.87   56.79
c rst  luby ibes  vmt    42 10097    2822 17476  1652    3.97    3.80   118   128  9839    15   56.76   56.68
c rst  luby ibes  vmt    43 10198    2822 17476  1652    3.97    3.80   120   130  9936    15   56.62   56.54
c rst  luby ibes  vmt    44 10399    2822 17476  1652    3.97    3.80   120   137 10147    15   56.48   56.40
c rst  luby ibes  vmt    45 10501    2822 17476  1652    3.97    3.80   120   139 10248    15   56.47   56.39
c rst  luby ibes  vmt    46 10603    2822 17476  1652    3.97    3.80   120   139 10350    15   56.66   56.58
c rst  luby ibes  vmt    47 10804    2822 17476  1652    3.97    3.80   120   146 10544    15   56.26   56.18
c rst  luby  svd  vmt    48 11207    2822 17476  1652    3.97    3.80   124   148 10941    15   56.74   56.67
c rst  luby  svd  vmt    49 12010    2822 17476  1652    3.97    3.80   140   172 11703    16   56.27   56.20
c [branch] adjusting to: vsid (from: vmtf) var_decay:0.95 descr: VSIDS
c [distill-bin] useful: 4/1652/1652 lits-rem: 0 cl-rem: 4 0-depth-assigns: 0 T: 0.00 T-out: N
c rst  geom  svd   vs    50 12121    2822 17476  1648    3.97    3.80   140   172 11813    17   56.08   56.01
c rst  geom  svd   vs    51 12243    2822 17476  1648    3.97    3.80   140   172 11935    17   55.84   55.77
c rst  geom  svd   vs    52 12377    2822 17476  1648    3.97    3.80   140   172 12069    17   55.57   55.50
c rst  geom  svd   vs    53 12525    2822 17476  1648    3.97    3.80   140   172 12217    17   55.27   55.20
c rst  geom  svd   vs    54 12687    2822 17476  1648    3.97    3.80   140   172 12379    17   54.97   54.90
c rst  geom  svd   vs    55 12865    2822 17476  1648    3.97    3.80   140   172 12557    17   54.64   54.57
c rst  geom  svd   vs    56 13059    2822 17476  1648    3.97    3.80   140   172 12751    17   54.31   54.24
c rst  geom  svd   vs    57 13272    2822 17476  1648    3.97    3.80   140   172 12964    17   53.95   53.88
c rst  geom  svd   vs    58 13506    2822 17476  1648    3.97    3.80   140   172 13198    17   53.49   53.43
c rst  geom  svd   vs    59 13764    2822 17476  1648    3.97    3.80   140   172 13456    17   52.99   52.93
c rst  geom  svd   vs    60 14046    2822 17476  1648    3.97    3.80   140   172 13738    17   52.46   52.40
c rst  geom  svd   vs    61 14356    2822 17476  1648    3.97    3.80   140   172 14048    17   51.96   51.90
c rst  geom  svd   vs    62 14696    2822 17476  1648    3.97    3.80   140   172 14388    17   51.45   51.40
c rst  geom  svd   vs    63 15070    2822 17476  1648    3.97    3.80   147   302 13878    17   48.78   48.72
c rst  geom  svd   vs    64 15480    2822 17476  1648    3.97    3.80   147   302 14288    17   48.20   48.15
c rst  geom  svd   vs    65 15930    2822 17476  1648    3.97    3.80   147   302 14738    17   47.60   47.55
c rst  geom  svd   vs    66 16425    2822 17476  1648    3.97    3.80   147   303 15232    17   46.62   46.57
c rst  geom best   vs    67 16968    2822 17476  1648    3.97    3.80   147   304 15774    17   46.82   46.78
c rst  geom best   vs    68 17566    2822 17476  1648    3.97    3.80   147   304 16372    17   46.44   46.39
c rst  geom best   vs    69 18223    2822 17476  1648    3.97    3.80   148   307 17025    17   47.03   46.99
c [branch] adjusting to: vmtf (from: vsid) var_decay:0.95 descr: VMTF
c rst  luby best  vmt    70 18328    2822 17476  1648    3.97    3.80   150   310 17124    18   47.14   47.09
c rst  luby best  vmt    71 18429    2822 17476  1648    3.97    3.80   153   311 17221    18   47.24   47.19
c rst  luby best  vmt    72 18630    2822 17476  1648    3.97    3.80   154   312 17420    18   47.49   47.44
c rst  luby best  vmt    73 18731    2822 17476  1648    3.97    3.80   157   314 17516    18   47.81   47.77
c rst  luby best  vmt    74 18833    2822 17476  1648    3.97    3.80   159   314 17613    21   47.92   47.87
c rst  luby best  vmt    75 19034    2822 17476  1648    3.97    3.80   159   314 17813    22   48.15   48.09
c rst  luby best  vmt    76 19435    2822 17476  1648    3.97    3.80   168   317 18197    27   49.16   49.10
c rst  luby best  vmt    77 19537    2822 17476  1648    3.97    3.80   168   317 18299    27   49.27   49.20
c rst  luby best  vmt    78 19639    2822 17476  1648    3.97    3.80   174   317 18394    28   49.41   49.34
c rst  luby best  vmt    79 19840    2822 17476  1648    3.97    3.80   179   319 18586    30   49.52   49.45
c rst  luby best  vmt    80 19941    2822 17476  1648    3.97    3.80   180   319 18686    30   49.60   49.52
c rst  luby best  vmt    81   20K    2822 17476  1648    3.97    3.80   232   270 18784    31   49.59   49.51
c [full-probe]  bin_only: 1 set: 0 repl: 0 T: 0.00 T-out: N T-r: 99.78%
c rst  luby best  vmt    82   20K    2822 17476  1648    3.97    3.80   238   272 18978    37   49.64   49.55
c rst  luby best  vmt    83   20K    2822 17476  1648    3.97    3.80   246   275 19368    37   49.90   49.81
c [distill-long-red0] cls tried: 194/194 T: 0.00 T-out: N T-r: 99.82%
c [distill-long-red1] cls tried: 53/241 T: 0.01 T-out: Y T-r: -4.11%
c rst  luby best  vmt    84   21K    2822 17476  1648    3.97    3.80   252   289   20K    51   50.72   50.60
c rst  luby best  vmt    85   21K    2822 17476  1648    3.97    3.80   253   290   20K    51   50.83   50.71
c rst  luby best  vmt    86   21K    2822 17476  1648    3.97    3.80   253   290   20K    52   50.97   50.85
c rst  luby  stb  vmt    87   21K    2822 17476  1648    3.97    3.80   257   297   20K    52   51.35   51.23
c rst  luby  stb  vmt    88   21K    2822 17476  1648    3.97    3.80   257   297   20K    52   51.58   51.46
c rst  luby  stb  vmt    89   22K    2822 17476  1648    3.97    3.80   261   297   20K    53   51.78   51.65
c rst  luby  stb  vmt    90   22K    2822 17476  1648    3.97    3.80   265   306   20K    54   51.95   51.83
c rst  luby  stb  vmt    91   22K    2822 17476  1648    3.97    3.80   268   316   21K    54   52.20   52.08
c rst  luby  stb  vmt    92   22K    2822 17476  1648    3.97    3.80   269   316   21K    54   52.23   52.10
c rst  luby  stb  vmt    93   22K    2822 17476  1648    3.97    3.80   271   317   21K    54   52.26   52.13
c rst  luby  stb  vmt    94   23K    2822 17476  1648    3.97    3.80   273   317   21K    55   52.41   52.29
c rst  luby  stb  vmt    95   23K    2822 17476  1648    3.97    3.80   275   318   21K    55   52.49   52.37
c rst  luby  stb  vmt    96   23K    2822 17476  1648    3.97    3.80   276   321   21K    55   52.53   52.40
c rst  luby  stb  vmt    97   23K    2822 17476  1648    3.97    3.80   279   323   22K    56   52.56   52.44
c rst  luby  stb  vmt    98   23K    2822 17476  1648    3.97    3.80   286   327   22K    56   52.89   52.77
c rst  luby  stb  vmt    99   24K    2822 17476  1648    3.97    3.80   288   348   23K    57   53.41   53.28
c rst  luby  stb  vmt   100   26K    2822 17476  1648    3.97    3.80   302   361   24K    61   53.83   53.71
c [branch] adjusting to: vsid (from: vmtf) var_decay:0.95 descr: VSIDS
c [distill] watch-based irred--  cl tried     1428 cl-sh     0 cl-rem    4 lit-rem      0 T: 0.00 T-out: N
c [distill] watch-based   red--  cl tried      604 cl-sh    15 cl-rem    0 lit-rem     40 T: 0.00 T-out: N
c rst  geom  stb   vs   101   26K    2822 17472  1652    3.97    3.80   302   361   24K    57   53.72   53.60
c rst  geom  stb   vs   102   26K    2822 17472  1652    3.97    3.80   302   361   25K    57   53.60   53.49
c rst  geom  stb   vs   103   26K    2822 17472  1652    3.97    3.80   302   361   25K    57   53.55   53.43
c rst  geom  stb   vs   104   26K    2822 17472  1652    3.97    3.80   302   361   25K    57   53.46   53.35
c rst  geom  stb   vs   105   26K    2822 17472  1652    3.97    3.80   302   361   25K    57   53.37   53.26
c rst  geom ibes   vs   106   27K    2822 17472  1652    3.97    3.80   302   361   25K    57   53.27   53.16
c rst  geom ibes   vs   107   27K    2822 17472  1652    3.97    3.80   302   361   25K    57   53.23   53.12
c rst  geom ibes   vs   108   27K    2822 17472  1652    3.97    3.80   302   361   26K    57   53.19   53.08
c rst  geom ibes   vs   109   27K    2822 17472  1652    3.97    3.80   302   361   26K    57   53.16   53.06
c rst  geom ibes   vs   110   28K    2822 17472  1652    3.97    3.80   302   361   26K    57   52.92   52.81
c rst  geom ibes   vs   111   28K    2822 17472  1652    3.97    3.80   303   362   26K    57   52.66   52.55
c rst  geom ibes   vs   112   28K    2822 17472  1652    3.97    3.80   303   362   27K    57   52.48   52.37
c rst  geom ibes   vs   113   28K    2822 17472  1652    3.97    3.80   304   364   27K    57   52.22   52.12
c rst  geom ibes   vs   114   29K    2822 17472  1652    3.97    3.80   305   364   27K    57   52.06   51.96
c rst  geom ibes   vs   115   29K    2822 17472  1652    3.97    3.80   305   364   28K    57   51.76   51.66
c rst  geom ibes   vs   116   30K    2822 17472  1652    3.97    3.80   395   527   24K    57   50.57   50.46
c rst  geom ibes   vs   117   30K    2822 17472  1652    3.97    3.80   395   528   25K    57   50.32   50.21
c rst  geom ibes   vs   118   31K    2822 17472  1652    3.97    3.80   403   542   25K    58   50.13   50.02
c rst  geom ibes   vs   119   31K    2822 17472  1652    3.97    3.80   403   542   26K    58   50.37   50.27
c rst  geom ibes   vs   120   32K    2822 17472  1652    3.97    3.80   403   542   26K    58   49.60   49.50
c [distill-bin] useful: 0/1652/1652 lits-rem: 0 cl-rem: 0 0-depth-assigns: 0 T: 0.01 T-out: N
c rst  geom  svd   vs   121   33K    2822 17472  1652    3.97    3.80   403   542   27K    58   49.28   49.18
c rst  geom  svd   vs   122   34K    2822 17472  1652    3.97    3.80   403   542   28K    58   49.04   48.95
c [branch] adjusting to: vmtf (from: vsid) var_decay:0.95 descr: VMTF
c rst  luby  svd  vmt   123   34K    2822 17472  1652    3.97    3.80   403   545   28K    59   49.15   49.06
c rst  luby  svd  vmt   124   34K    2822 17472  1652    3.97    3.80   403   549   28K    59   49.18   49.08
c rst  luby  svd  vmt   125   34K    2822 17472  1652    3.97    3.80   407   554   28K    60   49.29   49.20
c rst  luby  svd  vmt   126   34K    2822 17472  1652    3.97    3.80   407   555   28K    60   49.40   49.31
c rst  luby  svd  vmt   127   34K    2822 17472  1652    3.97    3.80   409   555   29K    60   49.49   49.39
c rst  luby  svd  vmt   128   34K    2822 17472  1652    3.97    3.80   411   559   29K    61   49.53   49.43
c rst  luby  svd  vmt   129   35K    2822 17472  1652    3.97    3.80   418   568   29K    61   49.45   49.35
c rst  luby  svd  vmt   130   35K    2822 17472  1652    3.97    3.80   419   568   29K    61   49.47   49.37
c rst  luby  svd  vmt   131   35K    2822 17472  1652    3.97    3.80   419   570   29K    61   49.47   49.37
c rst  luby  svd  vmt   132   35K    2822 17472  1652    3.97    3.80   423   575   30K    61   49.50   49.41
c rst  luby  svd  vmt   133   35K    2822 17472  1652    3.97    3.80   423   583   30K    61   49.62   49.53
c [distill-long-red0] cls tried: 191/191 T: 0.01 T-out: N T-r: 99.72%
c [distill-long-red1] cls tried: 61/496 T: 0.01 T-out: Y T-r: -3.99%
c rst  luby  svd  vmt   134   35K    2822 17472  1652    3.97    3.80   421   583   30K    66   49.60   49.50
c rst  luby  svd  vmt   135   36K    2822 17472  1652    3.97    3.80   421   585   30K    66   49.57   49.47
c rst  luby  svd  vmt   136   36K    2822 17472  1652    3.97    3.80   426   591   30K    68   49.46   49.36
c rst  luby  svd  vmt   137   37K    2822 17472  1652    3.97    3.80   432   608   31K    71   49.85   49.75
c rst  luby  svd  vmt   138   37K    2822 17472  1652    3.97    3.80   433   608   31K    72   49.89   49.79
c rst  luby  svd  vmt   139   37K    2822 17472  1652    3.97    3.80   434   608   31K    72   49.88   49.77
c rst  luby  svd  vmt   140   37K    2822 17472  1652    3.97    3.80   435   621   32K    72   49.91   49.81
c rst  luby  svd  vmt   141   37K    2822 17472  1652    3.97    3.80   435   630   32K    73   49.95   49.85
c rst  luby  svd  vmt   142   37K    2822 17472  1652    3.97    3.80   435   631   32K    73   49.90   49.80
c rst  luby  svd  vmt   143   38K    2822 17472  1652    3.97    3.80   436   634   32K    73   50.04   49.93
c rst  geom best  vmt   144   38K    2822 17472  1652    3.97    3.80   437   635   32K    73   50.05   49.94
c rst  geom best  vmt   145   38K    2822 17472  1652    3.97    3.80   437   637   32K    73   50.04   49.94
c rst  geom best  vmt   146   38K    2822 17472  1652    3.97    3.80   437   637   32K    73   50.04   49.94
c rst  geom best  vmt   147   38K    2822 17472  1652    3.97    3.80   440   644   32K    73   50.01   49.91
c rst  geom best  vmt   148   38K    2822 17472  1652    3.97    3.80   441   645   33K    73   50.21   50.10
c rst  geom best  vmt   149   38K    2822 17472  1652    3.97    3.80   442   647   33K    74   50.31   50.20
c rst  geom best  vmt   150   39K    2822 17472  1652    3.97    3.80   443   648   33K    74   50.34   50.23
c rst  geom best  vmt   151   39K    2822 17472  1652    3.97    3.80   445   648   33K    74   50.47   50.37
c rst  geom best  vmt   152   39K    2822 17472  1652    3.97    3.80   445   650   33K    74   50.49   50.39
c rst  geom best  vmt   153   39K    2822 17472  1652    3.97    3.80   446   652   34K    74   50.42   50.32
c rst  geom best  vmt   154   40K    2822 17472  1652    3.97    3.80   531   575   34K    74   50.46   50.36
c [full-probe]  bin_only: 0 set: 0 repl: 0 T: 0.01 T-out: N T-r: 97.49%
c [impl-str] lit bin: 0 set-var: 0 T: 0.00 T-out: N T-r: 99.95% w-visit: 5644
c [impl-sub] bin: 10 T: 0.00 T-out: N w-visit: 5644
c rst  geom best  vmt   155   40K    2822 17472  1652    3.97    3.80   531   582   34K    66   50.32   50.23
c rst  geom best  vmt   156   40K    2822 17472  1652    3.97    3.80   535   583   35K    66   50.38   50.29
c rst  geom best  vmt   157   41K    2822 17472  1652    3.97    3.80   536   584   35K    67   50.52   50.43
c rst  geom best  vmt   158   41K    2822 17472  1652    3.97    3.80   540   584   35K    68   50.55   50.46
c rst  geom best  vmt   159   41K    2822 17472  1652    3.97    3.80   543   588   36K    69   50.56   50.47
c rst  geom best  vmt   160   42K    2822 17472  1652    3.97    3.80   544   594   36K    69   50.50   50.41
c [branch] adjusting to: vsid (from: vmtf) var_decay:0.95 descr: VSIDS
c rst  geom best   vs   161   42K    2822 17472  1652    3.97    3.80   544   594   36K    69   50.48   50.39
c rst  geom best   vs   162   42K    2822 17472  1652    3.97    3.80   544   594   36K    69   50.39   50.30
c rst  geom best   vs   163   42K    2822 17472  1652    3.97    3.80   544   594   37K    69   50.32   50.23
c rst  geom best   vs   164   42K    2822 17472  1652    3.97    3.80   544   594   37K    69   50.24   50.15
c rst  geom best   vs   165   43K    2822 17472  1652    3.97    3.80   544   594   37K    69   50.12   50.03
c rst  geom best   vs   166   43K    2822 17472  1652    3.97    3.80   544   594   37K    69   49.98   49.90
c rst  geom best   vs   167   43K    2822 17472  1652    3.97    3.80   544   594   37K    69   49.82   49.74
c rst  geom  stb   vs   168   43K    2822 17472  1652    3.97    3.80   544   594   38K    69   49.67   49.59
c rst  geom  stb   vs   169   43K    2822 17472  1652    3.97    3.80   544   594   38K    69   49.51   49.42
c rst  geom  stb   vs   170   44K    2822 17472  1652    3.97    3.80   544   594   38K    69   49.35   49.27
c [ccnr] tries: 0 steps: 262143 best found: 17
c [ccnr] tries: 0 steps: 524287 best found: 11
c [ccnr] tries: 0 steps: 786431 best found: 11
c [ccnr] saving best assignment phase to stable_polar
c [ccnr] bumping based on clause weights
c [ccnr] Bumped vars: 101 bump type: 6
c [ccnr] time: 0.40
c rst  geom  stb   vs   171   44K    2822 17472  1652    3.97    3.80   544   594   38K    69   49.25   49.16
c rst  geom  stb   vs   172   44K    2822 17472  1652    3.97    3.80   544   594   39K    69   49.09   49.01
c rst  geom  stb   vs   173   45K    2822 17472  1652    3.97    3.80   565   955   30K    69   48.32   48.22
c rst  geom  stb   vs   174   45K    2822 17472  1652    3.97    3.80   565   955   31K    69   48.04   47.95
c rst  geom  stb   vs   175   45K    2822 17472  1652    3.97    3.80   565   955   31K    69   47.75   47.65
c rst  geom  stb   vs   176   46K    2822 17472  1652    3.97    3.80   565   955   32K    69   47.42   47.33
c rst  geom  stb   vs   177   46K    2822 17472  1652    3.97    3.80   565   955   32K    69   47.07   46.98
c rst  geom  stb   vs   178   47K    2822 17472  1652    3.97    3.80   565   955   33K    69   46.84   46.75
c rst  geom  stb   vs   179   48K    2822 17472  1652    3.97    3.80   565   955   33K    69   46.48   46.39
c rst  geom  stb   vs   180   48K    2822 17472  1652    3.97    3.80   565   955   34K    69   46.19   46.11
c rst  geom  stb   vs   181   49K    2822 17472  1652    3.97    3.80   568   955   35K    70   45.84   45.76
c rst  geom ibes   vs   182   50K    2822 17472  1652    3.97    3.80   592   931   35K    70   45.27   45.19
c [gauss] XOR-encoding clauses are not detached, so no need to reattach them.
c [g 0] truth-find prop checks  : 877K
c [g 0] -> of which prop        : 37.61 %
c [g 0] -> of which confl       :  3.20 %
c [g 0] elim called             : 166K
c [g 0] ---> which lead to prop : 10.90 %
c [g 0] ---> which lead to confl:  0.75 %
c [g 0] size: 50    x 765  
c [scc] new: 7 BP 0M T: 0.00
c [vrep] vars 7 lits 24188 rem-bin-cls 32 rem-long-cls 57 BP 0M T: 0.02
c [scc] new: 0 BP 0M T: 0.00
c [vrep] vars 0 lits 0 rem-bin-cls 0 rem-long-cls 0 BP 0M T: 0.00
c [intree] Set 0 vars hyper-added: 730 trans-irred: 0 trans-red: 8 T: 0.00 T-out: N T-r: -1.06%
c [find&init matx] performing matrix init
c [gauss] XOR-encoding clauses are not detached, so no need to reattach them.
c [xor-rem-unconnected] left with 50 xors from 50 non-empty xors T: 0.00
c [xor-together] xored together: 0 orig xors: 50 new xors: 50 T: 0.00
c [xor-rem-unconnected] left with 50 xors from 50 non-empty xors T: 0.00
c [xor-clean-equiv] removed equivalent xors: 0 left with: 50
c [matrix] unused xors from cleaning: 0
c [matrix] Good   matrix 0 50      x760    density:0.1116  xorlen avg: 84.80
c [matrix] Using 1 matrices recovered from 0 xors T: 0.00 T-out: N
c rst  geom ibes vs   183   51  K 2815    17471  1639 3.97    3.80      589   930   36K   787 44.82   43.96  
c [distill-long-red0] cls tried: 171/171 T: 0.01 T-out: N T-r: 99.43%
c [distill-long-red1] cls tried: 20/785 T: 0.01 T-out: Y T-r: -3.14%
c rst  geom ibes vs   184   52  K 2815    17471  1639 3.97    3.80      588   930   37K   788 44.14   43.31  
c [distill] watch-based irred--  cl tried 1421     cl-sh 0     cl-rem 1    lit-rem 0      T: 0.00 T-out: N
c [distill] watch-based red  --  cl tried 1175     cl-sh 26    cl-rem 1    lit-rem 94     T: 0.00 T-out: N
c rst  geom ibes vs   185   53  K 2815    17470  1640 3.97    3.80      587   930   38K   787 43.60   42.80  
c [branch] adjusting to: vmtf (from: vsid) var_decay:0.95 descr: VMTF
c [distill-bin] useful: 0/1248/1640 lits-rem: 0 cl-rem: 0 0-depth-assigns: 0 T: 0.01 T-out: Y
c rst  luby ibes vmt  186   53  K 2815    17470  1640 3.97    3.80      587   939   38K   787 43.59   42.80  
c rst  luby ibes vmt  187   53  K 2815    17470  1640 3.97    3.80      587   945   38K   787 43.71   42.91  
c rst  luby ibes vmt  188   53  K 2815    17470  1640 3.97    3.80      588   949   39K   787 43.80   43.00  
c rst  luby ibes vmt  189   53  K 2815    17470  1640 3.97    3.80      588   949   39K   787 43.81   43.01  
c rst  luby ibes vmt  190   53  K 2815    17470  1640 3.97    3.80      588   950   39K   787 43.82   43.03  
c rst  luby ibes vmt  191   53  K 2815    17470  1640 3.97    3.80      590   958   39K   787 43.98   43.20  
c rst  luby ibes vmt  192   54  K 2815    17470  1640 3.97    3.80      593   959   39K   787 44.16   43.37  
c rst  luby ibes vmt  193   54  K 2815    17470  1640 3.97    3.80      593   959   40K   787 44.23   43.45  
c rst  luby ibes vmt  194   54  K 2815    17470  1640 3.97    3.80      593   960   40K   787 44.22   43.44  
c rst  luby ibes vmt  195   54  K 2815    17470  1640 3.97    3.80      594   960   40K   787 44.27   43.49  
c rst  luby ibes vmt  196   54  K 2815    17470  1640 3.97    3.80      594   960   40K   787 44.31   43.53  
c rst  luby ibes vmt  197   54  K 2815    17470  1640 3.97    3.80      595   960   40K   787 44.33   43.55  
c rst  luby ibes vmt  198   55  K 2815    17470  1640 3.97    3.80      595   962   40K   787 44.38   43.61  
c rst  luby svd  vmt  199   55  K 2815    17470  1640 3.97    3.80      596   966   41K   787 44.54   43.77  
c rst  luby svd  vmt  200   56  K 2815    17470  1640 3.97    3.80      596   971   41K   787 44.72   43.95  
c recursive minimization cost OK: 291Kcost/(% lits removed)
c [gauss] XOR-encoding clauses are not detached, so no need to reattach them.
c [g 0] truth-find prop checks  : 114K
c [g 0] -> of which prop        : 39.39 %
c [g 0] -> of which confl       :  3.30 %
c [g 0] elim called             : 18999
c [g 0] ---> which lead to prop :  1.66 %
c [g 0] ---> which lead to confl:  0.19 %
c [g 0] size: 50    x 760  
c --> Executing strategy token: scc-vrepl
c [scc] new: 3 BP 0M T: 0.00
c [vrep] vars 3 lits 13428 rem-bin-cls 12 rem-long-cls 947 BP 0M T: 0.01
c --> Executing strategy token: sub-impl
c [impl-sub] bin: 4 T: 0.00 T-out: N w-visit: 5644
c --> Executing strategy token: breakid
c --> Executing OCC strategy token(s): 'occ-backw-sub-str,occ-clean-implicit,occ-bve,occ-bva,occ-ternary-res,occ-xor,'
c [occ] mem usage for occur 1      MB
c [occ] Linked in IRRED BIN by default: 1636
c [occ] Linked in RED   BIN by default: 781
c [occ] mem usage for occur 0      MB
c Mem for watch alloc      : 3           MB (18.52     %)
c Mem for watch array      : 0           MB (0.88      %)
c --> Executing OCC strategy token: occ-backw-sub-str
c [occ-backw-sub-str-long-w-bins] subs: 0 str: 2 tried: 2417 0-depth ass: 0 T: 0.00 T-out: N T-r: 99.38%
c [occ-backw-sub-long-w-long] rem cl: 40 tried: 59761/59761 (100.0%) T: 0.01 T-out: N T-r: 96.82%
c [occ-backw-sub-str-long-w-long] sub: 0 str: 0 tried: 179283/59761 (300.0)  T: 0.04 T-out: N T-r: 89.00%
c --> Executing OCC strategy token: occ-clean-implicit
c --> Executing OCC strategy token: occ-bve
c [occ-empty-res] Empty resolvent elimed: 0 T: 0.00 T-out: N
c [occ-bve] iter v-elim 9
c cl_inc_rate=1.0, var_dec_rate=1.0 (grow=0)
c Reduced to 2803 vars, 19101 cls (grow=0)
c [occ-bve] iter v-elim 292
c cl_inc_rate=1.1, var_dec_rate=1.1 (grow=8)
c Reduced to 2511 vars, 20385 cls (grow=8)
c x n vars       : 2511
c #try to eliminate:  5866
c #var-elim        :   301
c #T-o: N
c #T-r: 99.99%
c #T  : 0.05
c [occur] 0.02 is overhead
c [occur] link-in T: 0.02 cleanup T: 0.00
c --> Executing OCC strategy token: occ-bva
c --> Executing OCC strategy token: occ-ternary-res
c [occ-ternary-res] Ternary res-tri: 56 res-bin: 0 sub: 4 str: 0 T: 0.00 T-out: N T-r: 99.36%
c --> Executing OCC strategy token: occ-xor
c [occ-xor] sort occur list T: 0.00
c [xor-clean-equiv] removed equivalent xors: 0 left with: 1939
c [occ-xor] found   1939 avg sz 4.0 min sz  4 max sz  5 T: 0.00 T-out: N T-r: 99.98%
c --> Executing strategy token: card-find
c --> Executing strategy token: cl-consolidate
c [mem] consolidate  old-sz: 10023K new-sz: 4117K new bits offs: 19 T: 0.00
c --> Executing strategy token: scc-vrepl
c [scc] new: 0 BP 0M T: 0.00
c --> Executing strategy token: renumber
c --> Executing strategy token: bosphorus
c --> Executing strategy token: louvain-comms
c [consolidate] mini T: 0.00
c global_timeout_multiplier: 3.3000
c [branch] rebuilding order heap for all branchings. Current branching: vmtf
c [find&init matx] performing matrix init
c [gauss] XOR-encoding clauses are not detached, so no need to reattach them.
c [xor-rem-unconnected] left with 1939 xors from 1939 non-empty xors T: 0.00
c [xor-together] xored together: 1886 orig xors: 1939 new xors: 53 T: 0.00
c [xor-rem-unconnected] left with 53 xors from 53 non-empty xors T: 0.00
c [xor-clean-equiv] removed equivalent xors: 0 left with: 53
c [matrix] unused xors from cleaning: 0
c [matrix] Good   matrix  0     53 x  461  density:0.1635  xorlen avg: 75.38
c [matrix] Using 1 matrices recovered from 0 xors T: 0.00 T-out: N
c rst  luby  svd  vmt   201   56K    2511 19511   874    4.11    4.02   129   157   21K   109   30.03   29.89
c rst  luby  svd  vmt   202   56K    2511 19511   874    4.11    4.02   131   164   22K   109   29.97   29.83
c rst  luby  svd  vmt   203   56K    2511 19511   874    4.11    4.02   131   167   22K   109   29.95   29.81
c rst  luby  svd  vmt   204   56K    2511 19511   874    4.11    4.02   132   179   22K   109   29.90   29.76
c rst  luby  svd  vmt   205   56K    2511 19511   874    4.11    4.02   133   182   22K   109   29.86   29.72
c rst  luby  svd  vmt   206   56K    2511 19511   874    4.11    4.02   133   187   22K   109   29.85   29.72
c rst  luby  svd  vmt   207   57K    2511 19511   874    4.11    4.02   138   197   22K   109   29.80   29.67
c rst  luby  svd  vmt   208   57K    2511 19511   874    4.11    4.02   141   223   23K   109   29.70   29.57
c rst  luby  svd  vmt   209   57K    2511 19511   874    4.11    4.02   141   227   23K   109   29.69   29.56
c rst  luby  svd  vmt   210   57K    2511 19511   874    4.11    4.02   141   228   23K   109   29.67   29.54
c rst  luby  svd  vmt   211   57K    2511 19511   874    4.11    4.02   144   231   23K   109   29.59   29.46
c rst  luby  svd  vmt   212   58K    2511 19511   874    4.11    4.02   144   234   23K   109   29.54   29.42
c rst  luby  svd  vmt   213   58K    2511 19511   874    4.11    4.02   144   235   23K   109   29.52   29.40
c rst  luby  svd  vmt   214   58K    2511 19511   874    4.11    4.02   144   237   23K   109   29.41   29.29
c rst  luby  svd  vmt   215   58K    2511 19511   874    4.11    4.02   144   239   24K   109   29.22   29.10
c rst  luby  svd  vmt   216   59K    2511 19511   874    4.11    4.02   145   262   25K   109   28.93   28.82
c rst  luby  svd  vmt   217   61K    2511 19511   874    4.11    4.02   217   324   23K   109   28.13   28.02
c [full-probe]  bin_only: 1 set: 0 repl: 0 T: 0.00 T-out: N T-r: 99.80%
c rst  geom best  vmt   218   61K    2511 19511   874    4.11    4.02   217   326   24K   109   28.10   27.98
c rst  geom best  vmt   219   61K    2511 19511   874    4.11    4.02   218   331   24K   109   28.05   27.93
c rst  geom best  vmt   220   61K    2511 19511   874    4.11    4.02   218   332   24K   109   27.99   27.88
c rst  geom best  vmt   221   61K    2511 19511   874    4.11    4.02   218   332   24K   109   27.92   27.81
c rst  geom best  vmt   222   61K    2511 19511   874    4.11    4.02   218   334   24K   109   27.88   27.76
c rst  geom best  vmt   223   61K    2511 19511   874    4.11    4.02   219   344   24K   109   27.80   27.69
c rst  geom best  vmt   224   62K    2511 19511   874    4.11    4.02   219   345   25K   109   27.71   27.61
c rst  geom best  vmt   225   62K    2511 19511   874    4.11    4.02   219   353   25K   109   27.67   27.56
c rst  geom best  vmt   226   62K    2511 19511   874    4.11    4.02   219   361   25K   109   27.61   27.51
c rst  geom best  vmt   227   62K    2511 19511   874    4.11    4.02   219   365   25K   109   27.58   27.48
c rst  geom best  vmt   228   63K    2511 19511   874    4.11    4.02   220   370   25K   109   27.50   27.40
c [branch] adjusting to: vsid (from: vmtf) var_decay:0.95 descr: VSIDS
c rst  geom best   vs   229   63K    2511 19511   874    4.11    4.02   220   370   26K   109   27.51   27.40
c rst  geom best   vs   230   63K    2511 19511   874    4.11    4.02   220   370   26K   109   27.50   27.40
c rst  geom best   vs   231   63K    2511 19511   874    4.11    4.02   220   370   26K   109   27.46   27.35
c rst  geom best   vs   232   63K    2511 19511   874    4.11    4.02   220   370   26K   109   27.41   27.31
c rst  geom best   vs   233   63K    2511 19511   874    4.11    4.02   220   370   26K   109   27.46   27.36
c rst  geom best   vs   234   64K    2511 19511   874    4.11    4.02   220   370   26K   109   27.46   27.36
c rst  geom best   vs   235   64K    2511 19511   874    4.11    4.02   220   370   27K   109   27.43   27.33
c rst  geom best   vs   236   64K    2511 19511   874    4.11    4.02   220   370   27K   109   27.43   27.33
c rst  geom best   vs   237   64K    2511 19511   874    4.11    4.02   220   370   27K   109   27.38   27.28
c rst  geom best   vs   238   64K    2511 19511   874    4.11    4.02   220   370   27K   109   27.46   27.37
c rst  geom best   vs   239   65K    2511 19511   874    4.11    4.02   220   370   28K   109   27.41   27.32
c rst  geom best   vs   240   65K    2511 19511   874    4.11    4.02   220   370   28K   109   27.42   27.32
c rst  geom best   vs   241   65K    2511 19511   874    4.11    4.02   220   370   28K   109   27.31   27.22
c rst  geom best   vs   242   66K    2511 19511   874    4.11    4.02   220   370   29K   109   27.18   27.09
c [distill-long-red0] cls tried: 93/93 T: 0.00 T-out: N T-r: 99.84%
c [distill-long-red1] cls tried: 107/266 T: 0.00 T-out: Y T-r: -0.80%
c rst  geom best   vs   243   66K    2511 19511   874    4.11    4.02   220   371   29K   109   27.19   27.10
c rst  geom best   vs   244   67K    2511 19511   874    4.11    4.02   220   371   29K   109   27.16   27.07
c rst  geom  stb   vs   245   67K    2511 19511   874    4.11    4.02   220   371   30K   109   27.21   27.12
c rst  geom  stb   vs   246   68K    2511 19511   874    4.11    4.02   220   371   30K   109   27.26   27.18
c rst  geom  stb   vs   247   68K    2511 19511   874    4.11    4.02   220   371   31K   109   27.31   27.23
c rst  geom  stb   vs   248   69K    2511 19511   874    4.11    4.02   221   371   32K   109   27.24   27.16
c rst  geom  stb   vs   249   70K    2511 19511   874    4.11    4.02   269   323   32K   109   27.14   27.05
c rst  geom  stb   vs   250   70K    2511 19511   874    4.11    4.02   269   323   33K   109   27.03   26.95
c rst  geom  stb   vs   251   71K    2511 19511   874    4.11    4.02   269   323   34K   109   26.95   26.87
c rst  geom  stb   vs   252   72K    2511 19511   874    4.11    4.02   269   323   35K   109   26.85   26.77
c rst  geom  stb   vs   253   73K    2511 19511   874    4.11    4.02   269   323   36K   109   26.94   26.87
c [distill-bin] useful: 2/874/874 lits-rem: 0 cl-rem: 2 0-depth-assigns: 0 T: 0.00 T-out: N
c rst  geom ibes   vs   254   74K    2511 19511   872    4.11    4.02   269   323   37K   109   26.84   26.77
c [branch] adjusting to: vmtf (from: vsid) var_decay:0.95 descr: VMTF
c rst  luby ibes  vmt   255   75K    2511 19511   872    4.11    4.02   273   424   31K   109   24.45   24.37
c rst  luby ibes  vmt   256   75K    2511 19511   872    4.11    4.02   273   429   31K   109   24.44   24.36
c rst  luby ibes  vmt   257   75K    2511 19511   872    4.11    4.02   274   432   31K   109   24.45   24.38
c rst  luby ibes  vmt   258   75K    2511 19511   872    4.11    4.02   274   432   31K   109   24.45   24.37
c rst  luby ibes  vmt   259   75K    2511 19511   872    4.11    4.02   274   437   31K   109   24.46   24.38
c rst  luby ibes  vmt   260   75K    2511 19511   872    4.11    4.02   274   441   32K   109   24.45   24.37
c rst  luby ibes  vmt   261   76K    2511 19511   872    4.11    4.02   274   441   32K   109   24.41   24.34
c rst  luby ibes  vmt   262   76K    2511 19511   872    4.11    4.02   274   441   32K   109   24.42   24.35
c rst  luby ibes  vmt   263   76K    2511 19511   872    4.11    4.02   274   442   32K   109   24.40   24.33
c rst  luby ibes  vmt   264   76K    2511 19511   872    4.11    4.02   274   442   32K   109   24.41   24.34
c rst  luby ibes  vmt   265   76K    2511 19511   872    4.11    4.02   274   442   33K   109   24.39   24.32
c rst  luby ibes  vmt   266   76K    2511 19511   872    4.11    4.02   274   442   33K   109   24.37   24.30
c rst  luby ibes  vmt   267   76K    2511 19511   872    4.11    4.02   274   442   33K   109   24.33   24.26
c rst  luby ibes  vmt   268   77K    2511 19511   872    4.11    4.02   274   442   33K   109   24.23   24.16
c [distill] watch-based irred--  cl tried     7670 cl-sh   139 cl-rem  152 lit-rem    145 T: 0.00 T-out: N
c [distill] watch-based   red--  cl tried      548 cl-sh     9 cl-rem    0 lit-rem     50 T: 0.00 T-out: N
c rst  luby ibes  vmt   269   78K    2511 19359   882    4.10    4.01   274   442   34K    99   24.28   24.22
c rst  luby ibes  vmt   270   78K    2511 19359   882    4.10    4.01   274   442   34K    99   24.28   24.22
c rst  luby ibes  vmt   271   78K    2511 19359   882    4.10    4.01   274   442   34K    99   24.27   24.21
c rst  luby ibes  vmt   272   78K    2511 19359   882    4.10    4.01   274   442   34K    99   24.23   24.16
c rst  luby ibes  vmt   273   78K    2511 19359   882    4.10    4.01   274   442   35K    99   24.20   24.14
c rst  luby ibes  vmt   274   78K    2511 19359   882    4.10    4.01   274   442   35K    99   24.18   24.12
c rst  luby ibes  vmt   275   78K    2511 19359   882    4.10    4.01   274   442   35K    99   24.14   24.08
c rst  luby ibes  vmt   276   79K    2511 19359   882    4.10    4.01   274   442   35K    99   24.10   24.04
c rst  luby ibes  vmt   277   79K    2511 19359   882    4.10    4.01   274   442   35K    99   24.07   24.01
c rst  luby ibes  vmt   278   79K    2511 19359   882    4.10    4.01   274   442   35K    99   24.05   23.99
c rst  luby  svd  vmt   279   79K    2511 19359   882    4.10    4.01   274   442   36K    99   24.07   24.01
c rst  luby  svd  vmt   280   79K    2511 19359   882    4.10    4.01   275   442   36K    99   24.10   24.04
c rst  luby  svd  vmt   281   79K    2511 19359   882    4.10    4.01   275   442   36K    99   24.13   24.08
c rst  luby  svd  vmt   282   80K    2511 19359   882    4.10    4.01   286   384   36K    99   24.15   24.10
c rst  luby  svd  vmt   283   80K    2511 19359   882    4.10    4.01   286   384   37K    99   24.29   24.24
c rst  luby  svd  vmt   284   81K    2511 19359   882    4.10    4.01   286   384   37K    99   24.48   24.43
c [distill-long-red0] cls tried: 62/62 T: 0.00 T-out: N T-r: 99.88%
c [distill-long-red1] cls tried: 118/218 T: 0.01 T-out: Y T-r: -0.98%
c [full-probe]  bin_only: 0 set: 0 repl: 0 T: 0.00 T-out: N T-r: 98.07%
c rst  luby  svd  vmt   285   82K    2511 19359   882    4.10    4.01   286   384   39K    99   24.58   24.53
c rst  luby  svd  vmt   286   83K    2511 19359   882    4.10    4.01   286   384   39K    99   24.63   24.57
c rst  luby  svd  vmt   287   83K    2511 19359   882    4.10    4.01   286   384   39K    99   24.64   24.59
c rst  luby  svd  vmt   288   83K    2511 19359   882    4.10    4.01   286   384   39K    99   24.65   24.59
c rst  luby  svd  vmt   289   83K    2511 19359   882    4.10    4.01   286   384   39K    99   24.65   24.60
c rst  luby  svd  vmt   290   83K    2511 19359   882    4.10    4.01   286   384   40K    99   24.65   24.60
c rst  luby  svd  vmt   291   83K    2511 19359   882    4.10    4.01   286   384   40K    99   24.63   24.58
c rst  luby  svd  vmt   292   84K    2511 19359   882    4.10    4.01   286   384   40K    99   24.60   24.55
c rst  luby  svd  vmt   293   84K    2511 19359   882    4.10    4.01   286   384   40K    99   24.59   24.54
c rst  luby  svd  vmt   294   84K    2511 19359   882    4.10    4.01   286   384   40K    99   24.58   24.53
c rst  luby  svd  vmt   295   84K    2511 19359   882    4.10    4.01   286   384   41K    99   24.56   24.51
c rst  luby  svd  vmt   296   84K    2511 19359   882    4.10    4.01   286   384   41K    99   24.58   24.53
c rst  luby  svd  vmt   297   84K    2511 19359   882    4.10    4.01   286   384   41K    99   24.60   24.55
c rst  luby  svd  vmt   298   85K    2511 19359   882    4.10    4.01   286   384   41K    99   24.61   24.56
c rst  luby  svd  vmt   299   85K    2511 19359   882    4.10    4.01   286   384   41K    99   24.65   24.60
c rst  luby  svd  vmt   300   86K    2511 19359   882    4.10    4.01   287   384   42K    99   24.77   24.72
c rst  geom best  vmt   301   86K    2511 19359   882    4.10    4.01   287   384   42K    99   24.77   24.72
c rst  geom best  vmt   302   86K    2511 19359   882    4.10    4.01   287   384   42K    99   24.77   24.72
c rst  geom best  vmt   303   86K    2511 19359   882    4.10    4.01   287   384   43K    99   24.75   24.70
c rst  geom best  vmt   304   86K    2511 19359   882    4.10    4.01   287   385   43K    99   24.77   24.72
c rst  geom best  vmt   305   86K    2511 19359   882    4.10    4.01   287   385   43K    99   24.85   24.80
c rst  geom best  vmt   306   87K    2511 19359   882    4.10    4.01   287   386   43K    99   24.94   24.89
c rst  geom best  vmt   307   87K    2511 19359   882    4.10    4.01   287   386   43K    99   25.03   24.98
c rst  geom best  vmt   308   87K    2511 19359   882    4.10    4.01   287   386   43K    99   25.01   24.96
c rst  geom best  vmt   309   87K    2511 19359   882    4.10    4.01   287   386   44K    99   25.04   24.99
c [branch] adjusting to: vsid (from: vmtf) var_decay:0.95 descr: VSIDS
c rst  geom best   vs   310   87K    2511 19359   882    4.10    4.01   287   386   44K    99   25.04   24.99
c rst  geom best   vs   311   87K    2511 19359   882    4.10    4.01   287   386   44K    99   25.06   25.01
c rst  geom best   vs   312   88K    2511 19359   882    4.10    4.01   287   386   44K    99   25.06   25.01
c rst  geom best   vs   313   88K    2511 19359   882    4.10    4.01   287   386   44K    99   25.05   25.00
c [ccnr] tries: 0 steps: 262143 best found: 14
c [ccnr] tries: 0 steps: 524287 best found: 10
c [ccnr] saving best assignment phase to stable_polar
c [ccnr] bumping based on var unsat frequency: conflict_ct
c [ccnr] Bumped vars: 2822 bump type: 6
c [ccnr] time: 0.35
c rst  geom best   vs   314   88K    2511 19359   882    4.10    4.01   287   386   44K    99   25.03   24.98
c rst  geom best   vs   315   88K    2511 19359   882    4.10    4.01   287   386   44K    99   25.06   25.01
c rst  geom best   vs   316   88K    2511 19359   882    4.10    4.01   288   386   45K    99   25.05   25.00
c rst  geom best   vs   317   88K    2511 19359   882    4.10    4.01   288   386   45K    99   25.06   25.01
c rst  geom best   vs   318   89K    2511 19359   882    4.10    4.01   288   386   45K    99   25.12   25.07
c rst  geom best   vs   319   89K    2511 19359   882    4.10    4.01   288   386   45K    99   25.13   25.08
c rst  geom best   vs   320   89K    2511 19359   882    4.10    4.01   288   386   46K    99   25.15   25.10
c rst  geom best   vs   321   90K    2511 19359   882    4.10    4.01   290   397   35K    99   24.63   24.57
c rst  geom best   vs   322   90K    2511 19359   882    4.10    4.01   290   397   35K    99   24.73   24.67
c rst  geom best   vs   323   90K    2511 19359   882    4.10    4.01   290   397   35K    99   24.82   24.76
c rst  geom best   vs   324   91K    2511 19359   882    4.10    4.01   290   397   36K    99   24.78   24.72
c rst  geom best   vs   325   91K    2511 19359   882    4.10    4.01   290   397   36K    99   24.85   24.79
c rst  geom best   vs   326   92K    2511 19359   882    4.10    4.01   290   397   37K    99   24.82   24.76
c rst  geom  stb   vs   327   92K    2511 19359   882    4.10    4.01   290   397   37K    99   24.89   24.83
c rst  geom  stb   vs   328   93K    2511 19359   882    4.10    4.01   290   397   38K    99   24.83   24.77
c rst  geom  stb   vs   329   93K    2511 19359   882    4.10    4.01   290   397   39K    99   24.91   24.85
c [distill-bin] useful: 0/882/882 lits-rem: 0 cl-rem: 0 0-depth-assigns: 0 T: 0.00 T-out: N
c rst  geom  stb   vs   330   94K    2511 19359   882    4.10    4.01   290   397   39K    99   24.92   24.87
c rst  geom  stb   vs   331   95K    2511 19359   882    4.10    4.01   290   397   40K    99   25.03   24.98
c rst  geom  stb   vs   332   96K    2511 19359   882    4.10    4.01   290   397   41K    99   24.95   24.90
c rst  geom  stb   vs   333   97K    2511 19359   882    4.10    4.01   290   397   42K    99   25.16   25.11
c [distill-long-red0] cls tried: 2/2 T: 0.00 T-out: N T-r: 100.00%
c [distill-long-red1] cls tried: 116/116 T: 0.00 T-out: N T-r: 28.77%
c rst  geom  stb   vs   334   98K    2511 19359   882    4.10    4.01   290   397   43K    99   25.37   25.32
c rst  geom ibes   vs   335   99K    2511 19359   882    4.10    4.01   290   397   44K    99   25.28   25.23
c rst  geom ibes   vs   336  100K    2511 19359   882    4.10    4.01   290   387   45K    99   25.19   25.14
c [impl-str] lit bin: 0 set-var: 0 T: 0.00 T-out: N T-r: 99.95% w-visit: 5644
c [impl-sub] bin: 0 T: 0.00 T-out: N w-visit: 5644
c rst  geom ibes   vs   337  102K    2511 19359   882    4.10    4.01   290   387   47K    99   25.16   25.12
c [branch] adjusting to: vmtf (from: vsid) var_decay:0.95 descr: VMTF
c [full-probe]  bin_only: 1 set: 0 repl: 0 T: 0.00 T-out: N T-r: 99.78%
c rst  luby ibes  vmt   338  102K    2511 19359   882    4.10    4.01   292   391   47K   100   25.18   25.13
c rst  luby ibes  vmt   339  102K    2511 19359   882    4.10    4.01   292   391   47K   100   25.22   25.17
c [distill] watch-based irred--  cl tried     7518 cl-sh     0 cl-rem    0 lit-rem      0 T: 0.00 T-out: N
c [distill] watch-based   red--  cl tried      584 cl-sh     0 cl-rem    0 lit-rem      0 T: 0.00 T-out: N
c rst  luby ibes  vmt   340  102K    2511 19359   882    4.10    4.01   292   391   47K   100   25.36   25.31
c rst  luby ibes  vmt   341  102K    2511 19359   882    4.10    4.01   292   391   47K   100   25.36   25.31
c rst  luby ibes  vmt   342  102K    2511 19359   882    4.10    4.01   292   391   47K   100   25.36   25.31
c rst  luby ibes  vmt   343  102K    2511 19359   882    4.10    4.01   292   391   48K   100   25.33   25.29
c rst  luby ibes  vmt   344  103K    2511 19359   882    4.10    4.01   292   391   48K   100   25.35   25.31
c rst  luby ibes  vmt   345  103K    2511 19359   882    4.10    4.01   292   391   48K   100   25.36   25.32
c rst  luby ibes  vmt   346  103K    2511 19359   882    4.10    4.01   292   391   48K   100   25.35   25.31
c rst  luby ibes  vmt   347  103K    2511 19359   882    4.10    4.01   292   391   48K   100   25.36   25.32
c rst  luby ibes  vmt   348  103K    2511 19359   882    4.10    4.01   292   391   48K   100   25.35   25.30
c rst  luby ibes  vmt   349  103K    2511 19359   882    4.10    4.01   292   391   49K   100   25.33   25.29
c rst  luby ibes  vmt   350  104K    2511 19359   882    4.10    4.01   292   391   49K   100   25.31   25.26
c rst  luby ibes  vmt   351  104K    2511 19359   882    4.10    4.01   292   391   49K   100   25.30   25.26
c rst  luby  svd  vmt   352  105K    2511 19359   882    4.10    4.01   292   396   37K   100   26.31   26.24
c rst  luby  svd  vmt   353  105K    2511 19359   882    4.10    4.01   292   396   37K   100   26.30   26.24
c rst  luby  svd  vmt   354  105K    2511 19359   882    4.10    4.01   292   396   37K   100   26.31   26.25
c rst  luby  svd  vmt   355  105K    2511 19359   882    4.10    4.01   293   396   37K   100   26.33   26.27
c rst  luby  svd  vmt   356  105K    2511 19359   882    4.10    4.01   293   396   37K   100   26.32   26.25
c rst  luby  svd  vmt   357  105K    2511 19359   882    4.10    4.01   293   396   37K   100   26.31   26.24
c rst  luby  svd  vmt   358  106K    2511 19359   882    4.10    4.01   293   396   38K   100   26.31   26.25
c rst  luby  svd  vmt   359  106K    2511 19359   882    4.10    4.01   293   396   38K   100   26.31   26.25
c rst  luby  svd  vmt   360  106K    2511 19359   882    4.10    4.01   293   396   38K   100   26.34   26.27
c rst  luby  svd  vmt   361  106K    2511 19359   882    4.10    4.01   293   396   38K   100   26.36   26.30
c rst  luby  svd  vmt   362  107K    2511 19359   882    4.10    4.01   293   396   38K   100   26.39   26.33
c rst  luby  svd  vmt   363  107K    2511 19359   882    4.10    4.01   293   396   39K   100   26.39   26.33
c rst  luby  svd  vmt   364  107K    2511 19359   882    4.10    4.01   293   396   39K   100   26.39   26.33
c rst  luby  svd  vmt   365  107K    2511 19359   882    4.10    4.01   293   396   39K   100   26.44   26.38
c rst  luby  svd  vmt   366  107K    2511 19359   882    4.10    4.01   293   396   39K   100   26.49   26.43
c rst  luby  svd  vmt   367  108K    2511 19359   882    4.10    4.01   293   396   40K   100   26.49   26.43
c rst  luby  svd  vmt   368  110K    2511 19359   882    4.10    4.01   295   392   42K   100   26.75   26.69
c rst  luby  svd  vmt   369  110K    2511 19359   882    4.10    4.01   295   392   42K   100   26.77   26.71
c rst  luby  svd  vmt   370  110K    2511 19359   882    4.10    4.01   295   392   42K   100   26.79   26.73
c rst  luby  svd  vmt   371  110K    2511 19359   882    4.10    4.01   295   392   42K   100   26.83   26.77
c rst  luby  svd  vmt   372  110K    2511 19359   882    4.10    4.01   296   393   42K   100   26.88   26.82
c rst  geom best  vmt   373  110K    2511 19359   882    4.10    4.01   296   393   42K   100   26.86   26.80
c rst  geom best  vmt   374  110K    2511 19359   882    4.10    4.01   296   393   42K   100   26.84   26.78
c rst  geom best  vmt   375  111K    2511 19359   882    4.10    4.01   296   393   43K   100   26.81   26.76
c rst  geom best  vmt   376  111K    2511 19359   882    4.10    4.01   296   393   43K   100   26.79   26.74
c rst  geom best  vmt   377  111K    2511 19359   882    4.10    4.01   296   393   43K   100   26.76   26.71
c rst  geom best  vmt   378  111K    2511 19359   882    4.10    4.01   296   393   43K   100   26.74   26.69
c rst  geom best  vmt   379  111K    2511 19359   882    4.10    4.01   296   393   43K   100   26.75   26.69
c rst  geom best  vmt   380  111K    2511 19359   882    4.10    4.01   296   393   43K   100   26.76   26.70
c rst  geom best  vmt   381  112K    2511 19359   882    4.10    4.01   296   393   44K   100   26.71   26.66
c rst  geom best  vmt   382  112K    2511 19359   882    4.10    4.01   296   393   44K   100   26.66   26.61
c [distill-long-red0] cls tried: 5/5 T: 0.00 T-out: N T-r: 99.99%
c [distill-long-red1] cls tried: 9/9 T: 0.00 T-out: N T-r: 83.94%
c rst  geom best  vmt   383  112K    2511 19359   882    4.10    4.01   296   393   44K   100   26.60   26.55
c rst  geom best  vmt   384  113K    2511 19359   882    4.10    4.01   296   393   44K   100   26.53   26.48
c rst  geom best  vmt   385  113K    2511 19359   882    4.10    4.01   296   393   45K   100   26.46   26.41
c rst  geom best  vmt   386  113K    2511 19359   882    4.10    4.01   296   393   45K   100   26.37   26.32
c rst  geom best  vmt   387  114K    2511 19359   882    4.10    4.01   296   393   46K   100   26.30   26.25
c [distill-bin] useful: 0/882/882 lits-rem: 0 cl-rem: 0 0-depth-assigns: 0 T: 0.01 T-out: N
c rst  geom best  vmt   388  114K    2511 19359   882    4.10    4.01   297   393   46K   100   26.29   26.24
c rst  geom best  vmt   389  115K    2511 19359   882    4.10    4.01   297   393   47K   100   26.25   26.20
c rst  geom best  vmt   390  115K    2511 19359   882    4.10    4.01   297   393   47K   100   26.28   26.23
c [gauss] XOR-encoding clauses are not detached, so no need to reattach them.
c [g 0] truth-find prop checks  : 1476K
c [g 0] -> of which prop        : 65.10 %
c [g 0] -> of which confl       :  1.89 %
c [g 0] elim called             : 105K
c [g 0] ---> which lead to prop : 44.70 %
c [g 0] ---> which lead to confl:  1.64 %
c [g 0] size: 53    x 461  
c [scc] new: 0 BP 0M T: 0.00
c [vrep] vars 0 lits 0 rem-bin-cls 0 rem-long-cls 0 BP 0M T: 0.00
c [intree] Set 0 vars hyper-added: 11 trans-irred: 0 trans-red: 0 T: 0.00 T-out: N T-r: -1.19%
c [find&init matx] performing matrix init
c [gauss] XOR-encoding clauses are not detached, so no need to reattach them.
c [xor-rem-unconnected] left with 1939 xors from 1939 non-empty xors T: 0.00
c [xor-together] xored together: 1886 orig xors: 1939 new xors: 53 T: 0.00
c [xor-rem-unconnected] left with 53 xors from 53 non-empty xors T: 0.00
c [xor-clean-equiv] removed equivalent xors: 0 left with: 53
c [matrix] unused xors from cleaning: 0
c [matrix] Good   matrix 0 53      x461    density:0.1635  xorlen avg: 75.38
c [matrix] Using 1 matrices recovered from 0 xors T: 0.00 T-out: N
c rst  geom best vmt  391   116 K 2511    19359   882 4.10    4.01      297   393   48K   111 26.22   26.17  
c rst  geom best vmt  392   116 K 2511    19359   882 4.10    4.01      297   393   48K   111 26.28   26.22  
c rst  geom stb  vmt  393   117 K 2511    19359   882 4.10    4.01      297   393   49K   111 26.43   26.37  
c [branch] adjusting to: vsid (from: vmtf) var_decay:0.95 descr: VSIDS
c rst  geom stb  vs   394   117 K 2511    19359   882 4.10    4.01      297   393   49K   111 26.44   26.39  
c rst  geom stb  vs   395   117 K 2511    19359   882 4.10    4.01      297   393   49K   111 26.44   26.39  
c rst  geom stb  vs   396   118 K 2511    19359   882 4.10    4.01      297   394   49K   111 26.45   26.39  
c rst  geom stb  vs   397   118 K 2511    19359   882 4.10    4.01      297   394   50K   111 26.45   26.39  
c rst  geom stb  vs   398   118 K 2511    19359   882 4.10    4.01      297   394   50K   111 26.43   26.38  
c rst  geom stb  vs   399   118 K 2511    19359   882 4.10    4.01      297   394   50K   111 26.43   26.38  
c rst  geom stb  vs   400   118 K 2511    19359   882 4.10    4.01      297   394   50K   111 26.44   26.39  
c rst  geom stb  vs   401   118 K 2511    19359   882 4.10    4.01      297   394   50K   111 26.44   26.39  
c rst  geom stb  vs   402   119 K 2511    19359   882 4.10    4.01      297   394   51K   111 26.48   26.43  
c rst  geom stb  vs   403   119 K 2511    19359   882 4.10    4.01      297   394   51K   111 26.54   26.49  
c rst  geom stb  vs   404   119 K 2511    19359   882 4.10    4.01      297   394   51K   111 26.56   26.51  
c rst  geom stb  vs   405   120 K 2511    19359   882 4.10    4.01      300   389   37K   111 27.18   27.11  
c rst  geom stb  vs   406   120 K 2511    19359   882 4.10    4.01      300   389   37K   111 27.25   27.18  
c rst  geom stb  vs   407   120 K 2511    19359   882 4.10    4.01      300   389   37K   111 27.36   27.29  
c rst  geom stb  vs   408   121 K 2511    19359   882 4.10    4.01      300   389   38K   111 27.46   27.39  
c rst  geom stb  vs   409   121 K 2511    19359   882 4.10    4.01      301   389   38K   111 27.47   27.40  
c rst  geom stb  vs   410   122 K 2511    19359   882 4.10    4.01      301   389   39K   111 27.51   27.44  
c rst  geom stb  vs   411   122 K 2511    19359   882 4.10    4.01      301   389   39K   111 27.63   27.56  
c [full-probe]  bin_only: 0 set: 0 repl: 0 T: 0.00 T-out: N T-r: 98.20%
c rst  geom stb  vs   412   123 K 2511    19359   882 4.10    4.01      301   389   40K   111 27.67   27.60  
c rst  geom ibes vs   413   123 K 2511    19359   882 4.10    4.01      301   389   41K   111 27.60   27.54  
c rst  geom ibes vs   414   124 K 2511    19359   882 4.10    4.01      301   389   41K   111 27.50   27.43  
c rst  geom ibes vs   415   125 K 2511    19359   882 4.10    4.01      301   389   42K   111 27.33   27.27  
c rst  geom ibes vs   416   126 K 2511    19359   882 4.10    4.01      301   389   43K   111 27.22   27.15  
c rst  geom ibes vs   417   127 K 2511    19359   882 4.10    4.01      301   389   44K   111 27.11   27.05  
c rst  geom ibes vs   418   128 K 2511    19359   882 4.10    4.01      301   389   45K   111 27.14   27.08  
c [distill-long-red0] cls tried: 3/3 T: 0.00 T-out: N T-r: 99.99%
c [distill-long-red1] cls tried: 0/0 T: 0.00 T-out: N T-r: 100.00%
c [distill] watch-based irred--  cl tried 7518     cl-sh 0     cl-rem 0    lit-rem 0      T: 0.00 T-out: N
c [distill] watch-based red  --  cl tried 601      cl-sh 0     cl-rem 1    lit-rem 0      T: 0.00 T-out: N
c rst  geom ibes vs   419   129 K 2511    19359   882 4.10    4.01      300   389   46K   111 27.01   26.95  
c rst  geom ibes vs   420   130 K 2511    19359   882 4.10    4.01      300   313   47K   111 26.86   26.80  
c rst  geom svd  vs   421   132 K 2511    19359   882 4.10    4.01      300   313   49K   111 26.98   26.92  
c rst  geom svd  vs   422   133 K 2511    19359   882 4.10    4.01      300   313   50K   111 27.34   27.29  
c [ccnr] tries: 0 steps: 262143 best found: 10
c [ccnr] tries: 0 steps: 524287 best found: 10
c [ccnr] saving best assignment phase to stable_polar
c [ccnr] bumping based on var unsat frequency: conflict_ct
c [ccnr] Bumped vars: 2822 bump type: 6
c [ccnr] time: 0.38
c rst  geom svd  vs   423   134 K 2511    19359   882 4.10    4.01      302   313   51K   111 27.39   27.34  
c recursive minimization cost OK: 330Kcost/(% lits removed)
c [gauss] XOR-encoding clauses are not detached, so no need to reattach them.
c [g 0] truth-find prop checks  : 404K
c [g 0] -> of which prop        : 75.35 %
c [g 0] -> of which confl       :  1.94 %
c [g 0] elim called             : 13081
c [g 0] ---> which lead to prop : 92.55 %
c [g 0] ---> which lead to confl:  1.44 %
c [g 0] size: 53    x 461  
c --> Executing strategy token: scc-vrepl
c [scc] new: 0 BP 0M T: 0.00
c --> Executing strategy token: sub-impl
c [impl-sub] bin: 1 T: 0.00 T-out: N w-visit: 5644
c --> Executing strategy token: breakid
c --> Executing OCC strategy token(s): 'occ-backw-sub-str,occ-clean-implicit,occ-bve,occ-bva,occ-ternary-res,occ-xor,'
c [occ] mem usage for occur 1      MB
c [occ] Linked in IRRED BIN by default: 882
c [occ] Linked in RED   BIN by default: 110
c [occ] mem usage for occur 0      MB
c Mem for watch alloc      : 6           MB (20.03     %)
c Mem for watch array      : 0           MB (0.38      %)
c --> Executing OCC strategy token: occ-backw-sub-str
c [occ-backw-sub-str-long-w-bins] subs: 0 str: 0 tried: 4816 0-depth ass: 0 T: 0.00 T-out: N T-r: 99.69%
c [occ-backw-sub-long-w-long] rem cl: 620 tried: 71651/71651 (100.0%) T: 0.01 T-out: N T-r: 95.77%
c [occ-backw-sub-str-long-w-long] sub: 0 str: 134 tried: 214953/71651 (300.0)  T: 0.05 T-out: N T-r: 87.93%
c --> Executing OCC strategy token: occ-clean-implicit
c --> Executing OCC strategy token: occ-bve
c [occ-empty-res] Empty resolvent elimed: 0 T: 0.00 T-out: N
c [occ-bve] iter v-elim 0
c cl_inc_rate=1.0, var_dec_rate=1.0 (grow=0)
c Reduced to 2511 vars, 19682 cls (grow=0)
c [occ-bve] iter v-elim 7
c cl_inc_rate=1.0, var_dec_rate=1.0 (grow=8)
c Reduced to 2504 vars, 19658 cls (grow=8)
c [occ-bve] iter v-elim 980
c cl_inc_rate=1.8, var_dec_rate=1.6 (grow=16)
c Reduced to 1524 vars, 35180 cls (grow=16)
c x n vars       : 1524
c #try to eliminate:  8984
c #var-elim        :   987
c #T-o: N
c #T-r: 99.82%
c #T  : 0.20
c [occur] 0.02 is overhead
c [occur] link-in T: 0.02 cleanup T: 0.00
c --> Executing OCC strategy token: occ-bva
c --> Executing OCC strategy token: occ-ternary-res
c [occ-ternary-res] Ternary res-tri: 0 res-bin: 0 sub: 0 str: 0 T: 0.00 T-out: N T-r: 99.55%
c --> Executing OCC strategy token: occ-xor
c [occ-xor] sort occur list T: 0.00
c [xor-clean-equiv] removed equivalent xors: 0 left with: 984
c [occ-xor] found    984 avg sz 6.0 min sz  4 max sz  6 T: 0.01 T-out: N T-r: 99.97%
c --> Executing strategy token: card-find
c --> Executing strategy token: cl-consolidate
c [mem] consolidate  old-sz: 9686K new-sz: 7207K new bits offs: 20 T: 0.00
c --> Executing strategy token: scc-vrepl
c [scc] new: 0 BP 0M T: 0.00
c --> Executing strategy token: renumber
c [gauss] XOR-encoding clauses are not detached, so no need to reattach them.
c [renumber] T: 0.00
c --> Executing strategy token: bosphorus
c --> Executing strategy token: louvain-comms
c [consolidate] mini T: 0.00
c global_timeout_multiplier: 3.6300
c [branch] rebuilding order heap for all branchings. Current branching: vsid
c [find&init matx] performing matrix init
c [gauss] XOR-encoding clauses are not detached, so no need to reattach them.
c [xor-rem-unconnected] left with 984 xors from 984 non-empty xors T: 0.00
c [xor-together] xored together: 929 orig xors: 984 new xors: 55 T: 0.00
c [xor-rem-unconnected] left with 55 xors from 55 non-empty xors T: 0.00
c [xor-clean-equiv] removed equivalent xors: 0 left with: 55
c [matrix] unused xors from cleaning: 0
c [matrix] Good   matrix  0     55 x  463  density:0.1570  xorlen avg: 72.67
c [matrix] Using 1 matrices recovered from 0 xors T: 0.00 T-out: N
c [distill-bin] useful: 0/786/786 lits-rem: 0 cl-rem: 0 0-depth-assigns: 0 T: 0.01 T-out: N
c rst  geom  svd   vs   424  135K    1524   34K   786    5.85    5.76   163   228   31K    95   25.69   25.62
c [branch] adjusting to: vmtf (from: vsid) var_decay:0.95 descr: VMTF
c rst  luby  svd  vmt   425  135K    1524   34K   786    5.85    5.76   169   253   31K    95   25.66   25.59
c rst  luby  svd  vmt   426  135K    1524   34K   786    5.85    5.76   169   262   31K    96   25.72   25.64
c rst  luby  svd  vmt   427  135K    1524   34K   786    5.85    5.76   169   262   31K    96   25.78   25.71
c rst  luby  svd  vmt   428  135K    1524   34K   786    5.85    5.76   169   262   31K    96   25.80   25.73
c rst  luby  svd  vmt   429  135K    1524   34K   786    5.85    5.76   169   262   31K    96   25.86   25.79
c rst  luby  svd  vmt   430  136K    1524   34K   786    5.85    5.76   170   262   31K    96   25.89   25.82
c rst  luby  svd  vmt   431  136K    1524   34K   786    5.85    5.76   170   262   32K    96   26.00   25.93
c rst  luby  svd  vmt   432  136K    1524   34K   786    5.85    5.76   170   262   32K    96   26.05   25.98
c rst  luby  svd  vmt   433  136K    1524   34K   786    5.85    5.76   170   262   32K    96   26.05   25.98
c rst  luby  svd  vmt   434  136K    1524   34K   786    5.85    5.76   170   262   32K    96   26.08   26.01
c rst  luby  svd  vmt   435  137K    1524   34K   786    5.85    5.76   170   262   32K    96   26.08   26.01
c rst  luby  svd  vmt   436  137K    1524   34K   786    5.85    5.76   170   262   32K    96   26.11   26.04
c rst  geom best  vmt   437  137K    1524   34K   786    5.85    5.76   170   262   32K    96   26.11   26.04
c rst  geom best  vmt   438  137K    1524   34K   786    5.85    5.76   170   262   33K    96   26.15   26.08
c rst  geom best  vmt   439  137K    1524   34K   786    5.85    5.76   172   266   33K    96   26.14   26.07
c rst  geom best  vmt   440  137K    1524   34K   786    5.85    5.76   172   266   33K    96   26.14   26.07
c rst  geom best  vmt   441  137K    1524   34K   786    5.85    5.76   172   266   33K    96   26.16   26.10
c rst  geom best  vmt   442  138K    1524   34K   786    5.85    5.76   172   266   33K    96   26.12   26.06
c rst  geom best  vmt   443  138K    1524   34K   786    5.85    5.76   172   266   33K    96   26.12   26.05
c rst  geom best  vmt   444  138K    1524   34K   786    5.85    5.76   172   266   34K    96   26.12   26.06
c rst  geom best  vmt   445  138K    1524   34K   786    5.85    5.76   172   266   34K    96   26.16   26.09
c rst  geom best  vmt   446  138K    1524   34K   786    5.85    5.76   172   266   34K    96   26.13   26.07
c rst  geom best  vmt   447  139K    1524   34K   786    5.85    5.76   172   266   34K    96   26.13   26.07
c rst  geom best  vmt   448  139K    1524   34K   786    5.85    5.76   172   266   35K    96   26.19   26.12
c rst  geom best  vmt   449  139K    1524   34K   786    5.85    5.76   172   266   35K    96   26.15   26.08
c rst  geom best  vmt   450  140K    1524   34K   786    5.85    5.76   183   131   36K    96   26.13   26.07
c rst  geom best  vmt   451  140K    1524   34K   786    5.85    5.76   183   131   36K    96   26.13   26.06
c rst  geom best  vmt   452  141K    1524   34K   786    5.85    5.76   183   131   36K    96   26.12   26.06
c rst  geom best  vmt   453  141K    1524   34K   786    5.85    5.76   185   140   37K    96   26.08   26.02
c rst  geom best  vmt   454  142K    1524   34K   786    5.85    5.76   185   141   37K    96   26.08   26.02
c rst  geom best  vmt   455  142K    1524   34K   786    5.85    5.76   185   141   38K    96   26.34   26.28
c [full-probe]  bin_only: 1 set: 0 repl: 0 T: 0.00 T-out: N T-r: 99.73%
c rst  geom best  vmt   456  143K    1524   34K   786    5.85    5.76   185   141   39K    96   26.48   26.42
c [distill-long-red0] cls tried: 24/24 T: 0.00 T-out: N T-r: 99.97%
c [distill-long-red1] cls tried: 37/37 T: 0.00 T-out: N T-r: 81.50%
c rst  geom best  vmt   457  144K    1524   34K   786    5.85    5.76   185   141   39K    96   26.42   26.36
c rst  geom  stb  vmt   458  144K    1524   34K   786    5.85    5.76   185   145   40K    96   26.58   26.52
c rst  geom  stb  vmt   459  145K    1524   34K   786    5.85    5.76   185   145   41K    96   26.71   26.66
c rst  geom  stb  vmt   460  146K    1524   34K   786    5.85    5.76   185   146   42K    96   26.85   26.80
c rst  geom  stb  vmt   461  147K    1524   34K   786    5.85    5.76   185   146   43K    96   27.01   26.96
c rst  geom  stb  vmt   462  148K    1524   34K   786    5.85    5.76   185   148   44K    96   27.21   27.15
c rst  geom  stb  vmt   463  150K    1524   34K   786    5.85    5.76   192    99   33K    96   28.71   28.63
c rst  geom  stb  vmt   464  151K    1524   34K   786    5.85    5.76   192   110   35K    96   29.05   28.98
c rst  geom ibes  vmt   465  153K    1524   34K   786    5.85    5.76   192   110   36K    96   28.74   28.67
c rst  geom ibes  vmt   466  154K    1524   34K   786    5.85    5.76   192   110   38K    96   28.34   28.27
c [branch] adjusting to: vsid (from: vmtf) var_decay:0.95 descr: VSIDS
c [distill-bin] useful: 0/786/786 lits-rem: 0 cl-rem: 0 0-depth-assigns: 0 T: 0.01 T-out: N
c [distill] watch-based irred--  cl tried     7076 cl-sh     0 cl-rem    0 lit-rem      0 T: 0.00 T-out: N
c [distill] watch-based   red--  cl tried      384 cl-sh     0 cl-rem    0 lit-rem      0 T: 0.00 T-out: N
c rst  geom ibes   vs   467  154K    1524   34K   786    5.85    5.76   192   110   38K    96   28.32   28.26
c rst  geom ibes   vs   468  155K    1524   34K   786    5.85    5.76   192   110   38K    96   28.29   28.22
c rst  geom ibes   vs   469  155K    1524   34K   786    5.85    5.76   192   110   38K    96   28.25   28.19
c rst  geom ibes   vs   470  155K    1524   34K   786    5.85    5.76   192   110   38K    96   28.21   28.15
c rst  geom ibes   vs   471  155K    1524   34K   786    5.85    5.76   192   110   38K    96   28.17   28.11
c rst  geom ibes   vs   472  155K    1524   34K   786    5.85    5.76   192   110   39K    96   28.16   28.10
c rst  geom ibes   vs   473  155K    1524   34K   786    5.85    5.76   192   110   39K    96   28.11   28.05
c rst  geom ibes   vs   474  156K    1524   34K   786    5.85    5.76   192   110   39K    96   28.08   28.02
c rst  geom ibes   vs   475  156K    1524   34K   786    5.85    5.76   192   110   39K    96   28.05   27.99
c rst  geom ibes   vs   476  156K    1524   34K   786    5.85    5.76   192   110   40K    96   28.07   28.01
c rst  geom ibes   vs   477  156K    1524   34K   786    5.85    5.76   192   110   40K    96   28.00   27.94
c rst  geom ibes   vs   478  157K    1524   34K   786    5.85    5.76   192   110   40K    96   27.99   27.92
c rst  geom ibes   vs   479  157K    1524   34K   786    5.85    5.76   192   110   40K    96   28.04   27.98
c rst  geom ibes   vs   480  157K    1524   34K   786    5.85    5.76   192   110   41K    96   28.02   27.96
c rst  geom ibes   vs   481  158K    1524   34K   786    5.85    5.76   192   110   41K    96   27.98   27.92
c rst  geom  svd   vs   482  158K    1524   34K   786    5.85    5.76   192   110   42K    96   27.94   27.88
c [distill-long-red0] cls tried: 3/3 T: 0.00 T-out: N T-r: 99.98%
c [distill-long-red1] cls tried: 23/23 T: 0.00 T-out: N T-r: 86.13%
c rst  geom  svd   vs   483  159K    1524   34K   786    5.85    5.76   192   110   42K    96   27.94   27.88
c rst  geom  svd   vs   484  159K    1524   34K   786    5.85    5.76   192   110   43K    96   27.96   27.91
c rst  geom  svd   vs   485  160K    1524   34K   786    5.85    5.76   198   104   43K    96   27.89   27.84
c rst  geom  svd   vs   486  161K    1524   34K   786    5.85    5.76   199   104   44K    96   27.95   27.90
c [impl-str] lit bin: 0 set-var: 0 T: 0.00 T-out: N T-r: 99.95% w-visit: 3048
c [impl-sub] bin: 1 T: 0.00 T-out: N w-visit: 3048
c rst  geom  svd   vs   487  161K    1524   34K   786    5.85    5.76   199   104   45K    95   27.92   27.86
c rst  geom  svd   vs   488  162K    1524   34K   786    5.85    5.76   199   104   45K    95   27.84   27.78
c rst  geom  svd   vs   489  163K    1524   34K   786    5.85    5.76   199   104   46K    95   27.74   27.69
c [full-probe]  bin_only: 0 set: 0 repl: 0 T: 0.00 T-out: N T-r: 97.53%
c rst  geom  svd   vs   490  164K    1524   34K   786    5.85    5.76   199   104   47K    95   27.86   27.80
c rst  geom  svd   vs   491  165K    1524   34K   786    5.85    5.76   199   104   36K    95   29.06   28.99
c rst  geom best   vs   492  166K    1524   34K   786    5.85    5.76   199   104   37K    95   29.15   29.08
c rst  geom best   vs   493  167K    1524   34K   786    5.85    5.76   199   104   38K    95   29.01   28.94
c rst  geom best   vs   494  169K    1524   34K   786    5.85    5.76   199   115   40K    95   29.09   29.02
c rst  geom best   vs   495  170K    1524   34K   786    5.85    5.76   202   112   41K    95   29.03   28.97
c rst  geom best   vs   496  172K    1524   34K   786    5.85    5.76   202   112   43K    95   29.07   29.01
c rst  geom  stb   vs   497  174K    1524   34K   786    5.85    5.76   202   116   45K    95   29.68   29.62
c [distill-long-red0] cls tried: 3/3 T: 0.00 T-out: N T-r: 99.99%
c [distill-long-red1] cls tried: 13/13 T: 0.00 T-out: N T-r: 95.88%
c rst  geom  stb   vs   498  176K    1524   34K   786    5.85    5.76   202   121   47K    95   29.69   29.64
c [branch] adjusting to: vmtf (from: vsid) var_decay:0.95 descr: VMTF
c [distill-bin] useful: 0/786/786 lits-rem: 0 cl-rem: 0 0-depth-assigns: 0 T: 0.00 T-out: N
c rst  luby  stb  vmt   499  176K    1524   34K   786    5.85    5.76   202   121   47K    95   29.70   29.64
c rst  luby  stb  vmt   500  176K    1524   34K   786    5.85    5.76   202   121   47K    95   29.68   29.62
c rst  luby  stb  vmt   501  176K    1524   34K   786    5.85    5.76   202   121   47K    95   29.69   29.63
c rst  luby  stb  vmt   502  176K    1524   34K   786    5.85    5.76   202   121   47K    95   29.69   29.63
c rst  luby  stb  vmt   503  177K    1524   34K   786    5.85    5.76   202   121   47K    95   29.70   29.64
c rst  luby  stb  vmt   504  177K    1524   34K   786    5.85    5.76   202   121   47K    95   29.71   29.66
c rst  luby  stb  vmt   505  177K    1524   34K   786    5.85    5.76   202   123   48K    95   29.70   29.65
c [ccnr] saving best assignment phase to stable_polar
c [ccnr] bumping based on clause weights
c [ccnr] Bumped vars: 104 bump type: 6
c [ccnr] time: 0.27
c rst  luby  stb  vmt   506  177K    1524   34K   786    5.85    5.76   202   125   48K    95   29.70   29.64
c rst  luby  stb  vmt   507  177K    1524   34K   786    5.85    5.76   202   130   48K    95   29.67   29.62
c rst  luby  stb  vmt   508  178K    1524   34K   786    5.85    5.76   202   130   48K    95   29.62   29.56
c rst  luby  stb  vmt   509  178K    1524   34K   786    5.85    5.76   202   130   48K    95   29.59   29.54
c rst  luby  stb  vmt   510  178K    1524   34K   786    5.85    5.76   202   130   48K    95   29.56   29.51
c rst  luby  stb  vmt   511  178K    1524   34K   786    5.85    5.76   204   133   49K    95   29.52   29.47
c rst  luby  stb  vmt   512  178K    1524   34K   786    5.85    5.76   204   135   49K    95   29.41   29.36
c rst  luby  stb  vmt   513  179K    1524   34K   786    5.85    5.76   204   136   50K    95   29.17   29.12
c rst  luby ibes  vmt   514  179K    1524   34K   786    5.85    5.76   204   136   50K    95   29.16   29.11
c rst  luby ibes  vmt   515  179K    1524   34K   786    5.85    5.76   205   150   50K    95   29.14   29.08
c [distill] watch-based irred--  cl tried     7076 cl-sh     0 cl-rem    0 lit-rem      0 T: 0.00 T-out: N
c [distill] watch-based   red--  cl tried      410 cl-sh     0 cl-rem    0 lit-rem      0 T: 0.00 T-out: N
c rst  luby ibes  vmt   516  180K    1524   34K   786    5.85    5.76   261   181   37K    95   28.86   28.79
c rst  luby ibes  vmt   517  180K    1524   34K   786    5.85    5.76   262   182   37K    95   28.84   28.77
c rst  luby ibes  vmt   518  180K    1524   34K   786    5.85    5.76   264   186   37K    95   28.81   28.74
c rst  luby ibes  vmt   519  180K    1524   34K   786    5.85    5.76   265   194   37K    95   28.79   28.72
c rst  luby ibes  vmt   520  180K    1524   34K   786    5.85    5.76   266   201   37K    95   28.77   28.70
c [gauss] XOR-encoding clauses are not detached, so no need to reattach them.
c [g 0] truth-find prop checks  : 1107K
c [g 0] -> of which prop        : 62.90 %
c [g 0] -> of which confl       :  1.97 %
c [g 0] elim called             : 65K
c [g 0] ---> which lead to prop : 53.74 %
c [g 0] ---> which lead to confl:  1.55 %
c [g 0] size: 55    x 463  
c [scc] new: 0 BP 0M T: 0.00
c [vrep] vars 0 lits 0 rem-bin-cls 0 rem-long-cls 0 BP 0M T: 0.00
c [intree] Set 0 vars hyper-added: 1 trans-irred: 0 trans-red: 0 T: 0.00 T-out: N T-r: -1.05%
c [find&init matx] performing matrix init
c [gauss] XOR-encoding clauses are not detached, so no need to reattach them.
c [xor-rem-unconnected] left with 984 xors from 984 non-empty xors T: 0.00
c [xor-together] xored together: 929 orig xors: 984 new xors: 55 T: 0.00
c [xor-rem-unconnected] left with 55 xors from 55 non-empty xors T: 0.00
c [xor-clean-equiv] removed equivalent xors: 0 left with: 55
c [matrix] unused xors from cleaning: 0
c [matrix] Good   matrix 0 55      x463    density:0.1570  xorlen avg: 72.67
c [matrix] Using 1 matrices recovered from 0 xors T: 0.00 T-out: N
c rst  luby ibes vmt  521   180 K 1524      34K   786 5.85    5.76      266   201   37K    96 28.74   28.67  
c rst  luby ibes vmt  522   181 K 1524      34K   786 5.85    5.76      266   201   38K    96 28.75   28.68  
c rst  luby ibes vmt  523   181 K 1524      34K   786 5.85    5.76      266   204   38K    96 28.68   28.62  
c rst  luby ibes vmt  524   181 K 1524      34K   786 5.85    5.76      266   204   38K    96 28.66   28.60  
c rst  luby ibes vmt  525   181 K 1524      34K   786 5.85    5.76      266   204   38K    96 28.64   28.58  
c rst  luby ibes vmt  526   181 K 1524      34K   786 5.85    5.76      266   205   38K    96 28.61   28.54  
c [g  <0] Disabling GJ-elim in this round.  Usefulness was: 19.2849%  over 78922 calls
c rst  luby ibes vmt  527   182 K 1524      34K   786 5.85    5.76      268   214   39K    96 28.58   28.52  
c rst  luby ibes vmt  528   182 K 1524      34K   786 5.85    5.76      268   216   39K    96 28.27   28.20  
c rst  luby ibes vmt  529   184 K 1524      34K   786 5.85    5.76      271   246   41K    96 28.02   27.96  
c [full-probe]  bin_only: 1 set: 0 repl: 0 T: 0.00 T-out: N T-r: 99.80%
c rst  luby ibes vmt  530   184 K 1524      34K   786 5.85    5.76      271   251   41K    96 28.01   27.95  
c rst  luby ibes vmt  531   184 K 1524      34K   786 5.85    5.76      271   254   41K    96 28.03   27.97  
c rst  luby ibes vmt  532   184 K 1524      34K   786 5.85    5.76      271   257   41K    96 27.99   27.93  
c rst  luby ibes vmt  533   185 K 1524      34K   786 5.85    5.76      271   257   41K    96 27.97   27.91  
c rst  luby ibes vmt  534   185 K 1524      34K   786 5.85    5.76      271   258   42K    96 27.95   27.89  
c rst  luby ibes vmt  535   185 K 1524      34K   786 5.85    5.76      271   262   42K    96 27.89   27.83  
c rst  luby ibes vmt  536   185 K 1524      34K   786 5.85    5.76      271   264   42K    96 27.82   27.76  
c rst  luby ibes vmt  537   185 K 1524      34K   786 5.85    5.76      271   270   42K    96 27.81   27.75  
c rst  luby ibes vmt  538   185 K 1524      34K   786 5.85    5.76      271   270   42K    96 27.81   27.75  
c rst  luby ibes vmt  539   186 K 1524      34K   786 5.85    5.76      271   281   43K    96 27.75   27.70  
c rst  luby ibes vmt  540   186 K 1524      34K   786 5.85    5.76      271   283   43K    96 27.74   27.69  
c rst  luby ibes vmt  541   186 K 1524      34K   786 5.85    5.76      272   286   43K    96 27.74   27.68  
c rst  luby ibes vmt  542   186 K 1524      34K   786 5.85    5.76      273   287   43K    96 27.68   27.63  
c rst  luby svd  vmt  543   186 K 1524      34K   786 5.85    5.76      273   288   43K    96 27.58   27.53  
c rst  luby svd  vmt  544   187 K 1524      34K   786 5.85    5.76      273   292   44K    96 27.46   27.40  
c rst  luby svd  vmt  545   187 K 1524      34K   786 5.85    5.76      274   293   44K    96 27.44   27.39  
c rst  luby svd  vmt  546   187 K 1524      34K   786 5.85    5.76      274   293   44K    96 27.43   27.38  
c rst  luby svd  vmt  547   188 K 1524      34K   786 5.85    5.76      274   298   45K    96 27.41   27.35  
c rst  luby svd  vmt  548   188 K 1524      34K   786 5.85    5.76      274   299   45K    96 27.40   27.35  
c rst  luby svd  vmt  549   188 K 1524      34K   786 5.85    5.76      274   299   45K    96 27.40   27.34  
c rst  luby svd  vmt  550   188 K 1524      34K   786 5.85    5.76      274   299   45K    96 27.35   27.29  
c rst  luby svd  vmt  551   188 K 1524      34K   786 5.85    5.76      276   299   45K    96 27.25   27.20  
c rst  luby svd  vmt  552   189 K 1524      34K   786 5.85    5.76      276   300   45K    96 27.22   27.17  
c rst  luby svd  vmt  553   189 K 1524      34K   786 5.85    5.76      276   300   46K    96 27.20   27.15  
c rst  luby svd  vmt  554   189 K 1524      34K   786 5.85    5.76      276   303   46K    96 27.16   27.11  
c rst  luby svd  vmt  555   189 K 1524      34K   786 5.85    5.76      276   304   46K    96 27.14   27.09  
c [distill-long-red0] cls tried: 38/38 T: 0.00 T-out: N T-r: 99.93%
c [distill-long-red1] cls tried: 117/182 T: 0.01 T-out: Y T-r: -1.66%
c rst  luby svd  vmt  556   189 K 1524      34K   786 5.85    5.76      277   304   46K    96 27.13   27.07  
c rst  luby svd  vmt  557   189 K 1524      34K   786 5.85    5.76      277   306   46K    96 27.09   27.04  
c rst  luby svd  vmt  558   190 K 1524      34K   786 5.85    5.76      375   209   47K    96 26.99   26.94  
c rst  luby svd  vmt  559   190 K 1524      34K   786 5.85    5.76      377   213   47K    96 26.85   26.80  
c rst  luby svd  vmt  560   192 K 1524      34K   786 5.85    5.76      380   230   49K    96 26.78   26.73  
c rst  luby svd  vmt  561   195 K 1524      34K   786 5.85    5.76      414   597   37K    96 25.06   25.01  
c rst  geom best vmt  562   195 K 1524      34K   786 5.85    5.76      414   598   38K    96 25.04   24.98  
c rst  geom best vmt  563   195 K 1524      34K   786 5.85    5.76      414   599   38K    96 25.05   24.99  
c rst  geom best vmt  564   196 K 1524      34K   786 5.85    5.76      416   626   38K    96 25.01   24.95  
c rst  geom best vmt  565   196 K 1524      34K   786 5.85    5.76      416   628   38K    96 25.01   24.95  
c rst  geom best vmt  566   196 K 1524      34K   786 5.85    5.76      416   634   38K    96 25.00   24.94  
c rst  geom best vmt  567   196 K 1524      34K   786 5.85    5.76      418   639   38K    96 24.96   24.90  
c [distill-bin] useful: 0/786/786 lits-rem: 0 cl-rem: 0 0-depth-assigns: 0 T: 0.00 T-out: N
c rst  geom best vmt  568   196 K 1524      34K   786 5.85    5.76      418   645   38K    96 24.99   24.93  
c rst  geom best vmt  569   197 K 1524      34K   786 5.85    5.76      423   665   39K    96 25.13   25.07  
c rst  geom best vmt  570   197 K 1524      34K   786 5.85    5.76      427   688   39K    96 25.18   25.12  
c rst  geom best vmt  571   197 K 1524      34K   786 5.85    5.76      429   711   39K    96 25.22   25.17  
c rst  geom best vmt  572   197 K 1524      34K   786 5.85    5.76      431   730   39K    96 25.29   25.23  
c [branch] adjusting to: vsid (from: vmtf) var_decay:0.95 descr: VSIDS
c rst  geom best vs   573   197 K 1524      34K   786 5.85    5.76      434   741   39K    96 25.35   25.30  
c rst  geom best vs   574   198 K 1524      34K   786 5.85    5.76      436   749   40K    96 25.41   25.35  
c rst  geom best vs   575   198 K 1524      34K   786 5.85    5.76      438   754   40K    96 25.52   25.46  
c rst  geom best vs   576   198 K 1524      34K   786 5.85    5.76      439   765   40K    96 25.53   25.48  
c rst  geom best vs   577   198 K 1524      34K   786 5.85    5.76      439   776   40K    96 25.54   25.48  
c rst  geom best vs   578   198 K 1524      34K   786 5.85    5.76      441   791   40K    96 25.65   25.59  
c rst  geom best vs   579   198 K 1524      34K   786 5.85    5.76      443   812   40K    96 25.69   25.63  
c rst  geom best vs   580   199 K 1524      34K   786 5.85    5.76      445   833   40K    96 25.77   25.71  
c rst  geom best vs   581   199 K 1524      34K   786 5.85    5.76      446   842   41K    96 25.83   25.77  
c rst  geom best vs   582   199 K 1524      34K   786 5.85    5.76      455   866   41K    96 25.89   25.84  
c rst  geom best vs   583   199 K 1524      34K   786 5.85    5.76      458   873   41K    96 25.98   25.92  
c rst  geom best vs   584   200 K 1524      34K   786 5.85    5.76      688   666   41K    96 26.01   25.96  
c rst  geom best vs   585   200 K 1524      34K   786 5.85    5.76      693   692   42K    96 26.04   25.99  
c rst  geom best vs   586   200 K 1524      34K   786 5.85    5.76      693   696   42K    96 26.19   26.13  
c rst  geom best vs   587   201 K 1524      34K   786 5.85    5.76      697   715   43K    96 26.21   26.15  
c rst  geom best vs   588   201 K 1524      34K   786 5.85    5.76      701   724   43K    96 26.30   26.25  
c rst  geom best vs   589   202 K 1524      34K   786 5.85    5.76      701   737   43K    96 26.44   26.38  
c rst  geom best vs   590   202 K 1524      34K   786 5.85    5.76      705   763   44K    96 26.47   26.42  
c rst  geom best vs   591   203 K 1524      34K   786 5.85    5.76      707   783   45K    96 26.53   26.48  
c rst  geom stb  vs   592   204 K 1524      34K   786 5.85    5.76      708   798   45K    96 26.86   26.81  
c rst  geom stb  vs   593   204 K 1524      34K   786 5.85    5.76      708   823   46K    96 27.16   27.11  
c [distill-long-red0] cls tried: 342/342 T: 0.02 T-out: N T-r: 99.33%
c [distill-long-red1] cls tried: 31/650 T: 0.01 T-out: Y T-r: -3.85%
c [full-probe]  bin_only: 0 set: 1 repl: 0 T: 0.01 T-out: N T-r: 97.63%
c rst  geom stb  vs   594   205 K 1523      34K   786 5.85    5.76      708   851   47K    96 27.28   27.24  
c [distill] watch-based irred--  cl tried 7074     cl-sh 0     cl-rem 0    lit-rem 0      T: 0.01 T-out: N
c [distill] watch-based red  --  cl tried 1414     cl-sh 56    cl-rem 2    lit-rem 108    T: 0.00 T-out: N
c rst  geom stb  vs   595   206 K 1523      34K   785 5.84    5.76      708   883   45K    95 27.55   27.50  
c rst  geom stb  vs   596   207 K 1523      34K   785 5.84    5.76      709   898   46K    95 27.78   27.73  
c rst  geom stb  vs   597   208 K 1523      34K   785 5.84    5.76      715   921   47K    95 28.17   28.12  
c rst  geom stb  vs   598   209 K 1523      34K   785 5.84    5.76      716   964   48K    95 28.42   28.37  
c rst  geom stb  vs   599   210 K 1523      34K   785 5.84    5.76      990  1156   35K    95 28.16   28.09  
c rst  geom ibes vs   600   212 K 1523      34K   785 5.84    5.76      991  1164   37K    95 28.50   28.44  
c rst  geom ibes vs   601   213 K 1523      34K   785 5.84    5.76      992  1180   38K    95 28.71   28.65  
c rst  geom ibes vs   602   215 K 1523      34K   785 5.84    5.76      994  1206   40K    95 28.83   28.77  
c rst  geom ibes vs   603   217 K 1523      34K   785 5.84    5.76      998  1239   42K    95 28.81   28.76  
c [distill-bin] useful: 0/785/785 lits-rem: 0 cl-rem: 0 0-depth-assigns: 0 T: 0.01 T-out: N
c rst  geom ibes vs   604   219 K 1523      34K   785 5.84    5.76     1001  1255   44K    95 28.77   28.72  
c rst  geom svd  vs   605   221 K 1523      34K   785 5.84    5.76     1202  1089   46K    95 29.22   29.17  
c [distill-long-red0] cls tried: 550/550 T: 0.02 T-out: N T-r: 99.13%
c [distill-long-red1] cls tried: 38/894 T: 0.01 T-out: Y T-r: -3.77%
c [impl-str] lit bin: 0 set-var: 0 T: 0.00 T-out: N T-r: 99.95% w-visit: 3048
c [impl-sub] bin: 0 T: 0.00 T-out: N w-visit: 3048
c rst  geom svd  vs   606   224 K 1523      34K   785 5.84    5.76     1207  1128   48K    95 29.38   29.33  
c [branch] adjusting to: vmtf (from: vsid) var_decay:0.95 descr: VMTF
c [ccnr] saving best assignment phase to stable_polar
c [ccnr] bumping based on var unsat frequency: conflict_ct
c [ccnr] Bumped vars: 1524 bump type: 6
c [ccnr] time: 0.28
c rst  luby svd  vmt  607   224 K 1523      34K   785 5.84    5.76     1216  1156   48K    96 29.35   29.30  
c rst  luby svd  vmt  608   224 K 1523      34K   785 5.84    5.76     1216  1165   48K    96 29.35   29.30  
c rst  luby svd  vmt  609   224 K 1523      34K   785 5.84    5.76     1216  1170   49K    96 29.38   29.32  
c rst  luby svd  vmt  610   224 K 1523      34K   785 5.84    5.76     1216  1172   49K    96 29.38   29.33  
c rst  luby svd  vmt  611   224 K 1523      34K   785 5.84    5.76     1216  1176   49K    96 29.40   29.35  
c [full-probe]  bin_only: 1 set: 0 repl: 0 T: 0.01 T-out: N T-r: 99.70%
c rst  luby svd  vmt  612   224 K 1523      34K   785 5.84    5.76     1217  1184   49K    96 29.40   29.35  
c rst  luby svd  vmt  613   225 K 1523      34K   785 5.84    5.76     1251  1509   36K    96 30.97   30.90  
c rst  luby svd  vmt  614   225 K 1523      34K   785 5.84    5.76     1252  1511   36K    96 30.97   30.90  
c rst  luby svd  vmt  615   225 K 1523      34K   785 5.84    5.76     1252  1511   36K    96 30.94   30.87  
c rst  luby svd  vmt  616   225 K 1523      34K   785 5.84    5.76     1253  1515   37K    96 30.93   30.86  
c rst  luby svd  vmt  617   225 K 1523      34K   785 5.84    5.76     1253  1517   37K    96 30.92   30.85  
c rst  luby svd  vmt  618   225 K 1523      34K   785 5.84    5.76     1253  1519   37K    96 30.93   30.86  
c rst  luby svd  vmt  619   226 K 1523      34K   785 5.84    5.76     1253  1524   37K    96 30.93   30.86  
c rst  luby svd  vmt  620   226 K 1523      34K   785 5.84    5.76     1253  1533   37K    96 30.95   30.88  
c rst  luby svd  vmt  621   227 K 1523      34K   785 5.84    5.76     1258  1551   38K    96 30.92   30.85  
c rst  geom best vmt  622   227 K 1523      34K   785 5.84    5.76     1258  1554   38K    96 30.92   30.86  
c rst  geom best vmt  623   227 K 1523      34K   785 5.84    5.76     1258  1557   38K    96 30.94   30.87  
c rst  geom best vmt  624   227 K 1523      34K   785 5.84    5.76     1258  1557   38K    96 31.05   30.98  
c rst  geom best vmt  625   227 K 1523      34K   785 5.84    5.76     1258  1561   39K    96 31.06   30.99  
c rst  geom best vmt  626   228 K 1523      34K   785 5.84    5.76     1260  1570   39K    96 31.04   30.98  
c rst  geom best vmt  627   228 K 1523      34K   785 5.84    5.76     1260  1571   39K    96 31.07   31.00  
c rst  geom best vmt  628   228 K 1523      34K   785 5.84    5.76     1264  1577   39K    96 31.06   30.99  
c rst  geom best vmt  629   228 K 1523      34K   785 5.84    5.76     1264  1581   39K    96 31.09   31.02  
c rst  geom best vmt  630   228 K 1523      34K   785 5.84    5.76     1264  1582   40K    96 31.13   31.06  
c rst  geom best vmt  631   229 K 1523      34K   785 5.84    5.76     1264  1593   40K    96 31.17   31.11  
c rst  geom best vmt  632   229 K 1523      34K   785 5.84    5.76     1264  1600   40K    96 31.27   31.21  
c rst  geom best vmt  633   229 K 1523      34K   785 5.84    5.76     1265  1606   40K    96 31.31   31.25  
c rst  geom best vmt  634   230 K 1523      34K   785 5.84    5.76     1491  1388   41K    96 31.33   31.27  
c rst  geom best vmt  635   230 K 1523      34K   785 5.84    5.76     1492  1392   41K    96 31.30   31.23  
c rst  geom best vmt  636   230 K 1523      34K   785 5.84    5.76     1492  1396   41K    96 31.28   31.22  
c [distill] watch-based irred--  cl tried 7074     cl-sh 0     cl-rem 0    lit-rem 0      T: 0.01 T-out: N
c [distill] watch-based red  --  cl tried 2984     cl-sh 273   cl-rem 0    lit-rem 488    T: 0.00 T-out: N
c rst  geom best vmt  637   231 K 1523      34K   785 5.84    5.76     1492  1400   42K    96 31.29   31.23  
c rst  geom best vmt  638   231 K 1523      34K   785 5.84    5.76     1492  1401   42K    96 31.33   31.27  
c rst  geom best vmt  639   232 K 1523      34K   785 5.84    5.76     1493  1409   43K    96 31.37   31.31  
c rst  geom best vmt  640   232 K 1523      34K   785 5.84    5.76     1493  1420   44K    96 31.40   31.34  
c rst  geom best vmt  641   233 K 1523      34K   785 5.84    5.76     1497  1452   44K    96 31.41   31.35  
c rst  geom best vmt  642   234 K 1523      34K   785 5.84    5.76     1498  1459   45K    96 31.44   31.38  
c rst  geom best vmt  643   235 K 1523      34K   785 5.84    5.76     1499  1469   46K    96 31.50   31.44  
c rst  geom stb  vmt  644   235 K 1523      34K   785 5.84    5.76     1499  1497   47K    96 31.61   31.56  
c rst  geom stb  vmt  645   236 K 1523      34K   785 5.84    5.76     1503  1524   47K    96 31.72   31.66  
c [distill-long-red0] cls tried: 436/436 T: 0.02 T-out: N T-r: 99.00%
c [distill-long-red1] cls tried: 42/1294 T: 0.01 T-out: Y T-r: -1.48%
c rst  geom stb  vmt  646   237 K 1523      34K   785 5.84    5.76     1504  1535   48K    96 31.79   31.74  
c [distill-bin] useful: 0/785/785 lits-rem: 0 cl-rem: 0 0-depth-assigns: 0 T: 0.01 T-out: N
c rst  geom stb  vmt  647   239 K 1523      34K   785 5.84    5.76     1504  1550   50K    96 31.85   31.80  
c rst  geom stb  vmt  648   240 K 1523      34K   785 5.84    5.76     1679  1894   37K    96 33.73   33.65  
c rst  geom stb  vmt  649   241 K 1523      34K   785 5.84    5.76     1681  1914   38K    96 33.66   33.59  
c rst  geom stb  vmt  650   243 K 1523      34K   785 5.84    5.76     1681  1942   39K    96 33.79   33.72  
c rst  geom ibes vmt  651   244 K 1523      34K   785 5.84    5.76     1681  1950   40K    96 33.72   33.65  
c recursive minimization cost OK: 491Kcost/(% lits removed)
c [gauss] XOR-encoding clauses are not detached, so no need to reattach them.
c [g 0] truth-find prop checks  : 57K
c [g 0] -> of which prop        : 18.19 %
c [g 0] -> of which confl       :  0.87 %
c [g 0] elim called             : 12739
c [g 0] ---> which lead to prop : 32.32 %
c [g 0] ---> which lead to confl:  1.66 %
c [g 0] size: 55    x 463  
c --> Executing strategy token: scc-vrepl
c [scc] new: 0 BP 0M T: 0.00
c --> Executing strategy token: sub-impl
c [impl-sub] bin: 1 T: 0.00 T-out: N w-visit: 3048
c --> Executing strategy token: breakid
c --> Executing OCC strategy token(s): 'occ-backw-sub-str,occ-clean-implicit,occ-bve,occ-bva,occ-ternary-res,occ-xor,'
c [occ] mem usage for occur 3      MB
c [occ] Linked in IRRED BIN by default: 785
c [occ] Linked in RED   BIN by default: 95
c [occ] mem usage for occur 0      MB
c Mem for watch alloc      : 10          MB (24.11     %)
c Mem for watch array      : 0           MB (0.16      %)
c --> Executing OCC strategy token: occ-backw-sub-str
c [occ-backw-sub-str-long-w-bins] subs: 0 str: 216 tried: 7741 0-depth ass: 0 T: 0.00 T-out: N T-r: 99.07%
c [occ-backw-sub-long-w-long] rem cl: 257 tried: 78611/78611 (100.0%) T: 0.02 T-out: N T-r: 88.73%
c [occ-backw-sub-str-long-w-long] sub: 2 str: 13 tried: 235833/78611 (300.0)  T: 0.16 T-out: N T-r: 67.02%
c --> Executing OCC strategy token: occ-clean-implicit
c --> Executing OCC strategy token: occ-bve
c [occ-empty-res] Empty resolvent elimed: 0 T: 0.00 T-out: N
c [occ-bve] iter v-elim 0
c cl_inc_rate=1.0, var_dec_rate=1.0 (grow=0)
c Reduced to 1523 vars, 35047 cls (grow=0)
c [occ-bve] iter v-elim 0
c cl_inc_rate=1.0, var_dec_rate=1.0 (grow=8)
c Reduced to 1523 vars, 35047 cls (grow=8)
c [occ-bve] iter v-elim 0
c cl_inc_rate=1.0, var_dec_rate=1.0 (grow=16)
c Reduced to 1523 vars, 35047 cls (grow=16)
c x n vars       : 1523
c #try to eliminate:  4569
c #var-elim        :     0
c #T-o: N
c #T-r: 99.98%
c #T  : 0.20
c [occur] 0.03 is overhead
c [occur] link-in T: 0.03 cleanup T: 0.00
c --> Executing OCC strategy token: occ-bva
c --> Executing OCC strategy token: occ-ternary-res
c [occ-ternary-res] Ternary res-tri: 0 res-bin: 0 sub: 0 str: 0 T: 0.00 T-out: N T-r: 99.78%
c --> Executing OCC strategy token: occ-xor
c [occ-xor] sort occur list T: 0.00
c [xor-clean-equiv] removed equivalent xors: 0 left with: 956
c [occ-xor] found    956 avg sz 5.9 min sz  4 max sz  6 T: 0.01 T-out: N T-r: 99.97%
c --> Executing strategy token: card-find
c --> Executing strategy token: cl-consolidate
c Not consolidating memory.
c --> Executing strategy token: scc-vrepl
c [scc] new: 0 BP 0M T: 0.00
c --> Executing strategy token: renumber
c --> Executing strategy token: bosphorus
c --> Executing strategy token: louvain-comms
c [consolidate] mini T: 0.00
c global_timeout_multiplier: 3.9930
c [branch] rebuilding order heap for all branchings. Current branching: vmtf
c [find&init matx] performing matrix init
c [gauss] XOR-encoding clauses are not detached, so no need to reattach them.
c [xor-rem-unconnected] left with 955 xors from 956 non-empty xors T: 0.00
c [xor-together] xored together: 891 orig xors: 955 new xors: 64 T: 0.00
c [xor-rem-unconnected] left with 64 xors from 64 non-empty xors T: 0.00
c [xor-clean-equiv] removed equivalent xors: 0 left with: 64
c [matrix] unused xors from cleaning: 1
c [matrix] Good   matrix  0     64 x  493  density:0.1234  xorlen avg: 60.83
c [matrix] Using 1 matrices recovered from 0 xors T: 0.00 T-out: N
c rst  geom ibes  vmt   652  245K    1523   34K   785    5.84    5.76  1514  2006   41K    95   33.84   33.77
c [full-probe]  bin_only: 0 set: 0 repl: 0 T: 0.01 T-out: N T-r: 95.34%
c rst  geom ibes  vmt   653  246K    1523   34K   785    5.84    5.76  1515  2010   43K    95   33.97   33.90
c [gauss] XOR-encoding clauses are not detached, so no need to reattach them.
c [g 0] truth-find prop checks  : 59K
c [g 0] -> of which prop        : 60.89 %
c [g 0] -> of which confl       :  2.05 %
c [g 0] elim called             : 3203
c [g 0] ---> which lead to prop : 79.05 %
c [g 0] ---> which lead to confl:  3.34 %
c [g 0] size: 64    x 493  
c [scc] new: 0 BP 0M T: 0.00
c [vrep] vars 0 lits 0 rem-bin-cls 0 rem-long-cls 0 BP 0M T: 0.01
c [intree] Set 0 vars hyper-added: 4 trans-irred: 0 trans-red: 0 T: 0.01 T-out: N T-r: 0.27%
c [find&init matx] performing matrix init
c [gauss] XOR-encoding clauses are not detached, so no need to reattach them.
c [xor-rem-unconnected] left with 955 xors from 956 non-empty xors T: 0.00
c [xor-together] xored together: 891 orig xors: 955 new xors: 64 T: 0.00
c [xor-rem-unconnected] left with 64 xors from 64 non-empty xors T: 0.00
c [xor-clean-equiv] removed equivalent xors: 0 left with: 64
c [matrix] unused xors from cleaning: 1
c [matrix] Good   matrix 0 64      x493    density:0.1234  xorlen avg: 60.83
c [matrix] Using 1 matrices recovered from 0 xors T: 0.00 T-out: N
c rst  geom ibes vmt  654   248 K 1523      34K   785 5.84    5.76     1515  2017   45K    99 34.16   34.09  
c rst  geom ibes vmt  655   251 K 1523      34K   785 5.84    5.76     1546  1963   47K    99 33.89   33.83  
c [branch] adjusting to: vsid (from: vmtf) var_decay:0.95 descr: VSIDS
c rst  geom svd  vs   656   251 K 1523      34K   785 5.84    5.76     1546  1963   47K    99 33.93   33.87  
c rst  geom svd  vs   657   251 K 1523      34K   785 5.84    5.76     1546  1963   47K    99 33.97   33.91  
c rst  geom svd  vs   658   251 K 1523      34K   785 5.84    5.76     1546  1963   48K    99 33.98   33.91  
c rst  geom svd  vs   659   251 K 1523      34K   785 5.84    5.76     1546  1965   48K    99 33.97   33.91  
c rst  geom svd  vs   660   251 K 1523      34K   785 5.84    5.76     1546  1965   48K    99 33.97   33.91  
c rst  geom svd  vs   661   252 K 1523      34K   785 5.84    5.76     1546  1965   48K    99 33.99   33.93  
c [distill-long-red0] cls tried: 279/279 T: 0.02 T-out: N T-r: 98.97%
c [distill-long-red1] cls tried: 38/1724 T: 0.01 T-out: Y T-r: -3.35%
c rst  geom svd  vs   662   252 K 1523      34K   785 5.84    5.76     1546  1965   48K    99 34.02   33.96  
c rst  geom svd  vs   663   252 K 1523      34K   785 5.84    5.76     1546  1967   48K    99 34.10   34.04  
c rst  geom svd  vs   664   252 K 1523      34K   785 5.84    5.76     1546  1967   49K    99 34.12   34.06  
c rst  geom svd  vs   665   252 K 1523      34K   785 5.84    5.76     1546  1967   49K    99 34.16   34.10  
c rst  geom svd  vs   666   253 K 1523      34K   785 5.84    5.76     1546  1969   49K    99 34.22   34.16  
c rst  geom svd  vs   667   253 K 1523      34K   785 5.84    5.76     1546  1970   49K    99 34.21   34.15  
c rst  geom svd  vs   668   253 K 1523      34K   785 5.84    5.76     1546  1970   50K    99 34.23   34.17  
c rst  geom svd  vs   669   254 K 1523      34K   785 5.84    5.76     1546  1972   50K    99 34.26   34.20  
c rst  geom svd  vs   670   254 K 1523      34K   785 5.84    5.76     1546  1974   51K    99 34.26   34.20  
c rst  geom svd  vs   671   255 K 1523      34K   785 5.84    5.76     1548  2097   37K    99 32.71   32.64  
c rst  geom svd  vs   672   255 K 1523      34K   785 5.84    5.76     1548  2097   37K    99 32.77   32.69  
c rst  geom svd  vs   673   256 K 1523      34K   785 5.84    5.76     1548  2100   38K    99 32.83   32.75  
c [distill] watch-based irred--  cl tried 8860     cl-sh 0     cl-rem 0    lit-rem 0      T: 0.00 T-out: N
c [distill] watch-based red  --  cl tried 3095     cl-sh 42    cl-rem 1    lit-rem 92     T: 0.00 T-out: N
c rst  geom svd  vs   674   256 K 1523      34K   785 5.84    5.76     1547  2102   38K    99 32.94   32.87  
c rst  geom svd  vs   675   257 K 1523      34K   785 5.84    5.76     1549  2102   39K    99 33.02   32.95  
c rst  geom svd  vs   676   258 K 1523      34K   785 5.84    5.76     1549  2102   40K    99 33.13   33.06  
c [distill-bin] useful: 0/785/785 lits-rem: 0 cl-rem: 0 0-depth-assigns: 0 T: 0.01 T-out: N
c rst  geom svd  vs   677   258 K 1523      34K   785 5.84    5.76     1549  2103   41K    99 33.27   33.20  
c rst  geom best vs   678   259 K 1523      34K   785 5.84    5.76     1549  2112   41K    99 33.33   33.26  
c rst  geom best vs   679   260 K 1523      34K   785 5.84    5.76     1587  1930   43K    99 33.60   33.53  
c rst  geom best vs   680   261 K 1523      34K   785 5.84    5.76     1590  1957   44K    99 33.79   33.73  
c rst  geom best vs   681   263 K 1523      34K   785 5.84    5.76     1590  1963   45K    99 34.11   34.04  
c rst  geom best vs   682   264 K 1523      34K   785 5.84    5.76     1590  1965   46K    99 34.44   34.37  
c rst  geom best vs   683   265 K 1523      34K   785 5.84    5.76     1590  1972   47K    99 34.52   34.46  
c [full-probe]  bin_only: 1 set: 0 repl: 0 T: 0.00 T-out: N T-r: 99.72%
c rst  geom best vs   684   267 K 1523      34K   785 5.84    5.76     1590  1973   49K    99 34.51   34.45  
c [distill-long-red0] cls tried: 86/86 T: 0.01 T-out: N T-r: 99.74%
c [distill-long-red1] cls tried: 43/1756 T: 0.01 T-out: Y T-r: -1.13%
c rst  geom stb  vs   685   268 K 1523      34K   785 5.84    5.76     1590  1973   51K    99 34.53   34.47  
c [ccnr] saving best assignment phase to stable_polar
c [ccnr] bumping based on var unsat frequency: conflict_ct
c [ccnr] Bumped vars: 1524 bump type: 6
c [ccnr] time: 0.27
c rst  geom stb  vs   686   270 K 1523      34K   785 5.84    5.76     1654  1637   38K    99 34.71   34.63  
c rst  geom stb  vs   687   272 K 1523      34K   785 5.84    5.76     1654  1638   40K    99 34.83   34.75  
c rst  geom stb  vs   688   275 K 1523      34K   785 5.84    5.76     1654  1641   43K    99 34.70   34.63  
c rst  geom ibes vs   689   277 K 1523      34K   785 5.84    5.76     1654  1642   45K    99 34.62   34.55  
c rst  geom ibes vs   690   280 K 1523      34K   785 5.84    5.76     1673  1599   48K    99 34.73   34.67  
c [distill-bin] useful: 0/785/785 lits-rem: 0 cl-rem: 0 0-depth-assigns: 0 T: 0.01 T-out: N
c rst  geom ibes vs   691   283 K 1523      34K   785 5.84    5.76     1673  1601   51K    99 34.91   34.85  
c [branch] adjusting to: vmtf (from: vsid) var_decay:0.95 descr: VMTF
c [distill-long-red0] cls tried: 82/82 T: 0.01 T-out: N T-r: 99.75%
c [distill-long-red1] cls tried: 51/1422 T: 0.01 T-out: Y T-r: -2.17%
c [distill] watch-based irred--  cl tried 8860     cl-sh 0     cl-rem 0    lit-rem 0      T: 0.00 T-out: N
c [distill] watch-based red  --  cl tried 3346     cl-sh 24    cl-rem 0    lit-rem 44     T: 0.00 T-out: N
c [impl-str] lit bin: 0 set-var: 0 T: 0.00 T-out: N T-r: 99.95% w-visit: 3048
c [impl-sub] bin: 0 T: 0.00 T-out: N w-visit: 3048
c rst  luby svd  vmt  692   283 K 1523      34K   785 5.84    5.76     1680  1633   51K    99 34.87   34.81  
c rst  luby svd  vmt  693   283 K 1523      34K   785 5.84    5.76     1680  1633   51K    99 34.87   34.81  
c rst  luby svd  vmt  694   283 K 1523      34K   785 5.84    5.76     1681  1636   51K    99 34.86   34.80  
c rst  luby svd  vmt  695   283 K 1523      34K   785 5.84    5.76     1681  1636   51K    99 34.88   34.82  
c rst  luby svd  vmt  696   283 K 1523      34K   785 5.84    5.76     1681  1638   51K    99 34.87   34.81  
c rst  luby svd  vmt  697   284 K 1523      34K   785 5.84    5.76     1681  1638   52K    99 34.81   34.75  
c rst  luby svd  vmt  698   284 K 1523      34K   785 5.84    5.76     1681  1638   52K    99 34.70   34.64  
c rst  luby svd  vmt  699   284 K 1523      34K   785 5.84    5.76     1681  1638   52K    99 34.67   34.61  
c rst  luby svd  vmt  700   284 K 1523      34K   785 5.84    5.76     1681  1638   52K    99 34.64   34.58  
c rst  luby svd  vmt  701   284 K 1523      34K   785 5.84    5.76     1681  1638   52K    99 34.58   34.52  
c rst  luby svd  vmt  702   285 K 1523      34K   785 5.84    5.76     1682  1721   38K    99 34.11   34.03  
c rst  luby svd  vmt  703   285 K 1523      34K   785 5.84    5.76     1682  1721   38K    99 34.07   33.99  
c rst  luby svd  vmt  704   285 K 1523      34K   785 5.84    5.76     1682  1721   38K    99 33.99   33.91  
c rst  luby svd  vmt  705   285 K 1523      34K   785 5.84    5.76     1682  1721   39K    99 33.84   33.76  
c [full-probe]  bin_only: 0 set: 0 repl: 0 T: 0.01 T-out: N T-r: 97.78%
c rst  luby svd  vmt  706   286 K 1523      34K   785 5.84    5.76     1682  1721   40K    99 33.64   33.57  
c rst  luby svd  vmt  707   286 K 1523      34K   785 5.84    5.76     1682  1721   40K    99 33.61   33.54  
c rst  luby svd  vmt  708   286 K 1523      34K   785 5.84    5.76     1682  1721   40K    99 33.59   33.52  
c rst  luby svd  vmt  709   286 K 1523      34K   785 5.84    5.76     1682  1721   40K    99 33.53   33.46  
c rst  luby svd  vmt  710   287 K 1523      34K   785 5.84    5.76     1682  1721   40K    99 33.51   33.43  
c rst  luby svd  vmt  711   287 K 1523      34K   785 5.84    5.76     1682  1721   40K    99 33.48   33.41  
c rst  luby svd  vmt  712   287 K 1523      34K   785 5.84    5.76     1682  1721   40K    99 33.47   33.40  
c rst  luby svd  vmt  713   287 K 1523      34K   785 5.84    5.76     1682  1722   41K    99 33.47   33.40  
c rst  luby svd  vmt  714   287 K 1523      34K   785 5.84    5.76     1682  1722   41K    99 33.48   33.41  
c rst  luby svd  vmt  715   287 K 1523      34K   785 5.84    5.76     1682  1722   41K    99 33.47   33.40  
c rst  luby svd  vmt  716   288 K 1523      34K   785 5.84    5.76     1682  1724   41K    99 33.44   33.37  
c rst  luby svd  vmt  717   288 K 1523      34K   785 5.84    5.76     1682  1724   41K    99 33.45   33.38  
c rst  luby svd  vmt  718   288 K 1523      34K   785 5.84    5.76     1682  1724   41K    99 33.48   33.41  
c rst  luby svd  vmt  719   288 K 1523      34K   785 5.84    5.76     1682  1724   42K    99 33.49   33.43  
c rst  luby svd  vmt  720   288 K 1523      34K   785 5.84    5.76     1682  1724   42K    99 33.50   33.44  
c rst  luby svd  vmt  721   289 K 1523      34K   785 5.84    5.76     1682  1726   43K    99 33.47   33.41  
c rst  luby svd  vmt  722   291 K 1523      34K   785 5.84    5.76     1716  1655   45K    99 33.56   33.50  
c rst  geom best vmt  723   291 K 1523      34K   785 5.84    5.76     1716  1655   45K    99 33.55   33.48  
c rst  geom best vmt  724   291 K 1523      34K   785 5.84    5.76     1716  1655   45K    99 33.56   33.49  
c rst  geom best vmt  725   291 K 1523      34K   785 5.84    5.76     1716  1655   45K    99 33.55   33.49  
c rst  geom best vmt  726   291 K 1523      34K   785 5.84    5.76     1716  1655   45K    99 33.58   33.51  
c rst  geom best vmt  727   292 K 1523      34K   785 5.84    5.76     1716  1656   45K    99 33.56   33.50  
c rst  geom best vmt  728   292 K 1523      34K   785 5.84    5.76     1716  1656   45K    99 33.57   33.51  
c rst  geom best vmt  729   292 K 1523      34K   785 5.84    5.76     1716  1656   46K    99 33.57   33.51  
c rst  geom best vmt  730   292 K 1523      34K   785 5.84    5.76     1716  1656   46K    99 33.56   33.50  
c rst  geom best vmt  731   292 K 1523      34K   785 5.84    5.76     1716  1656   46K    99 33.56   33.50  
c rst  geom best vmt  732   293 K 1523      34K   785 5.84    5.76     1716  1663   46K    99 33.60   33.53  
c rst  geom best vmt  733   293 K 1523      34K   785 5.84    5.76     1716  1663   47K    99 33.72   33.66  
c rst  geom best vmt  734   293 K 1523      34K   785 5.84    5.76     1716  1663   47K    99 33.70   33.64  
c rst  geom best vmt  735   294 K 1523      34K   785 5.84    5.76     1716  1665   47K    99 33.68   33.61  
c rst  geom best vmt  736   294 K 1523      34K   785 5.84    5.76     1716  1665   48K    99 33.71   33.65  
c rst  geom best vmt  737   294 K 1523      34K   785 5.84    5.76     1716  1665   48K    99 33.73   33.67  
c rst  geom best vmt  738   295 K 1523      34K   785 5.84    5.76     1716  1665   48K    99 33.70   33.64  
c rst  geom best vmt  739   295 K 1523      34K   785 5.84    5.76     1716  1665   49K    99 33.63   33.57  
c rst  geom best vmt  740   296 K 1523      34K   785 5.84    5.76     1716  1665   49K    99 33.48   33.42  
c rst  geom best vmt  741   296 K 1523      34K   785 5.84    5.76     1716  1665   50K    99 33.31   33.26  
c rst  geom best vmt  742   297 K 1523      34K   785 5.84    5.76     1716  1665   51K    99 33.16   33.10  
c rst  geom best vmt  743   298 K 1523      34K   785 5.84    5.76     1718  1666   51K    99 33.20   33.14  
c rst  geom best vmt  744   299 K 1523      34K   785 5.84    5.76     1718  1666   52K    99 33.24   33.18  
c [distill-long-red0] cls tried: 69/69 T: 0.00 T-out: N T-r: 99.87%
c [distill-long-red1] cls tried: 65/1441 T: 0.01 T-out: Y T-r: -1.17%
c rst  geom best vmt  745   299 K 1523      34K   785 5.84    5.76     1718  1666   53K    99 33.24   33.18  
c rst  geom stb  vmt  746   300 K 1523      34K   785 5.84    5.76     1731  1587   39K    99 31.83   31.76  
c [distill-bin] useful: 0/785/785 lits-rem: 0 cl-rem: 0 0-depth-assigns: 0 T: 0.01 T-out: N
c rst  geom stb  vmt  747   301 K 1523      34K   785 5.84    5.76     1731  1590   40K    99 31.96   31.90  
c rst  geom stb  vmt  748   303 K 1523      34K   785 5.84    5.76     1731  1590   41K    99 31.86   31.80  
c rst  geom stb  vmt  749   304 K 1523      34K   785 5.84    5.76     1731  1592   42K    99 32.01   31.95  
c rst  geom stb  vmt  750   305 K 1523      34K   785 5.84    5.76     1733  1594   44K    99 32.02   31.96  
c [full-probe]  bin_only: 1 set: 0 repl: 0 T: 0.00 T-out: N T-r: 99.77%
c rst  geom stb  vmt  751   307 K 1523      34K   785 5.84    5.76     1733  1600   45K    99 32.13   32.07  
c rst  geom stb  vmt  752   309 K 1523      34K   785 5.84    5.76     1734  1610   47K    99 32.21   32.15  
c [distill] watch-based irred--  cl tried 8860     cl-sh 0     cl-rem 0    lit-rem 0      T: 0.00 T-out: N
c [distill] watch-based red  --  cl tried 3468     cl-sh 14    cl-rem 0    lit-rem 25     T: 0.00 T-out: N
c rst  geom ibes vmt  753   310 K 1523      34K   785 5.84    5.76     1773  1394   49K    99 32.40   32.35  
c rst  geom ibes vmt  754   312 K 1523      34K   785 5.84    5.76     1774  1400   51K    99 32.45   32.39  
c [gauss] XOR-encoding clauses are not detached, so no need to reattach them.
c [g 0] truth-find prop checks  : 1586K
c [g 0] -> of which prop        : 67.03 %
c [g 0] -> of which confl       :  1.93 %
c [g 0] elim called             : 56K
c [g 0] ---> which lead to prop : 91.83 %
c [g 0] ---> which lead to confl:  2.83 %
c [g 0] size: 64    x 493  
c [scc] new: 0 BP 0M T: 0.00
c [vrep] vars 0 lits 0 rem-bin-cls 0 rem-long-cls 0 BP 0M T: 0.00
c [intree] Set 0 vars hyper-added: 0 trans-irred: 0 trans-red: 0 T: 0.01 T-out: N T-r: -2.02%
c [find&init matx] performing matrix init
c [gauss] XOR-encoding clauses are not detached, so no need to reattach them.
c [xor-rem-unconnected] left with 955 xors from 956 non-empty xors T: 0.00
c [xor-together] xored together: 891 orig xors: 955 new xors: 64 T: 0.00
c [xor-rem-unconnected] left with 64 xors from 64 non-empty xors T: 0.00
c [xor-clean-equiv] removed equivalent xors: 0 left with: 64
c [matrix] unused xors from cleaning: 1
c [matrix] Good   matrix 0 64      x493    density:0.1234  xorlen avg: 60.83
c [matrix] Using 1 matrices recovered from 0 xors T: 0.00 T-out: N
c [ccnr] saving best assignment phase to stable_polar
c [ccnr] bumping based on clause weights
c [ccnr] Bumped vars: 103 bump type: 6
c [ccnr] time: 0.27
c rst  geom ibes vmt  755   315 K 1523      34K   785 5.84    5.76     1803  1539   38K    99 30.25   30.18  
c [branch] adjusting to: vsid (from: vmtf) var_decay:0.95 descr: VSIDS
c [distill-long-red0] cls tried: 92/92 T: 0.00 T-out: N T-r: 99.87%
c [distill-long-red1] cls tried: 86/1310 T: 0.01 T-out: Y T-r: -1.58%
c rst  geom ibes vs   756   315 K 1523      34K   785 5.84    5.76     1803  1539   39K    99 30.30   30.23  
c rst  geom ibes vs   757   315 K 1523      34K   785 5.84    5.76     1803  1539   39K    99 30.35   30.29  
c rst  geom ibes vs   758   315 K 1523      34K   785 5.84    5.76     1803  1539   39K    99 30.38   30.32  
c rst  geom ibes vs   759   315 K 1523      34K   785 5.84    5.76     1803  1539   39K    99 30.42   30.36  
c rst  geom ibes vs   760   315 K 1523      34K   785 5.84    5.76     1803  1541   39K    99 30.46   30.39  
c rst  geom ibes vs   761   316 K 1523      34K   785 5.84    5.76     1803  1543   39K    99 30.51   30.45  
c rst  geom ibes vs   762   316 K 1523      34K   785 5.84    5.76     1803  1543   40K    99 30.51   30.45  
c rst  geom ibes vs   763   316 K 1523      34K   785 5.84    5.76     1803  1544   40K    99 30.51   30.45  
c rst  geom ibes vs   764   316 K 1523      34K   785 5.84    5.76     1803  1544   40K    99 30.54   30.48  
c rst  geom ibes vs   765   316 K 1523      34K   785 5.84    5.76     1803  1544   40K    99 30.54   30.47  
c rst  geom ibes vs   766   317 K 1523      34K   785 5.84    5.76     1803  1546   41K    99 30.55   30.48  
c rst  geom svd  vs   767   317 K 1523      34K   785 5.84    5.76     1803  1547   41K    99 30.83   30.77  
c rst  geom svd  vs   768   317 K 1523      34K   785 5.84    5.76     1803  1547   41K    99 30.90   30.83  
c rst  geom svd  vs   769   318 K 1523      34K   785 5.84    5.76     1803  1549   42K    99 31.01   30.95  
c rst  geom svd  vs   770   318 K 1523      34K   785 5.84    5.76     1803  1553   42K    99 31.19   31.13  
c rst  geom svd  vs   771   319 K 1523      34K   785 5.84    5.76     1803  1554   42K    99 31.28   31.21  
c rst  geom svd  vs   772   319 K 1523      34K   785 5.84    5.76     1803  1556   43K    99 31.43   31.37  
c rst  geom svd  vs   773   320 K 1523      34K   785 5.84    5.76     1846  1292   44K    99 31.61   31.54  
c rst  geom svd  vs   774   320 K 1523      34K   785 5.84    5.76     1846  1296   44K    99 31.66   31.60  
c rst  geom svd  vs   775   321 K 1523      34K   785 5.84    5.76     1846  1297   45K    99 31.85   31.79  
c [distill-bin] useful: 0/785/785 lits-rem: 0 cl-rem: 0 0-depth-assigns: 0 T: 0.01 T-out: N
c rst  geom svd  vs   776   322 K 1523      34K   785 5.84    5.76     1847  1302   46K    99 32.02   31.96  
c rst  geom svd  vs   777   322 K 1523      34K   785 5.84    5.76     1849  1305   46K    99 32.23   32.17  
c rst  geom svd  vs   778   323 K 1523      34K   785 5.84    5.76     1849  1305   47K    99 32.13   32.08  
c rst  geom svd  vs   779   324 K 1523      34K   785 5.84    5.76     1849  1305   48K    99 32.06   32.00  
c rst  geom svd  vs   780   325 K 1523      34K   785 5.84    5.76     1850  1309   49K    99 32.25   32.20  
c [full-probe]  bin_only: 0 set: 0 repl: 0 T: 0.01 T-out: N T-r: 97.58%
c rst  geom best vs   781   326 K 1523      34K   785 5.84    5.76     1850  1314   50K    99 32.46   32.41  
c rst  geom best vs   782   328 K 1523      34K   785 5.84    5.76     1851  1320   52K    99 33.01   32.95  
c rst  geom best vs   783   329 K 1523      34K   785 5.84    5.76     1851  1321   53K    99 33.20   33.15  
c rst  geom best vs   784   331 K 1523      34K   785 5.84    5.76     1895  1281   40K    99 33.56   33.48  
c [distill-long-red0] cls tried: 88/88 T: 0.01 T-out: N T-r: 99.83%
c [distill-long-red1] cls tried: 80/1019 T: 0.01 T-out: Y T-r: -3.48%
c rst  geom best vs   785   332 K 1523      34K   785 5.84    5.76     1898  1286   41K    99 33.88   33.81  
c rst  geom best vs   786   334 K 1523      34K   785 5.84    5.76     1899  1306   43K    99 33.67   33.60  
c [distill] watch-based irred--  cl tried 8860     cl-sh 0     cl-rem 0    lit-rem 0      T: 0.01 T-out: N
c [distill] watch-based red  --  cl tried 3798     cl-sh 17    cl-rem 0    lit-rem 27     T: 0.00 T-out: N
c rst  geom stb  vs   787   336 K 1523      34K   785 5.84    5.76     1899  1334   45K    99 33.40   33.34  
c rst  geom stb  vs   788   339 K 1523      34K   785 5.84    5.76     1906  1474   47K    99 32.83   32.77  
c rst  geom stb  vs   789   341 K 1523      34K   785 5.84    5.76     1970  1394   50K    99 32.81   32.75  
c [distill-bin] useful: 0/785/785 lits-rem: 0 cl-rem: 0 0-depth-assigns: 0 T: 0.00 T-out: N
c rst  geom stb  vs   790   344 K 1523      34K   785 5.84    5.76     1970  1403   52K    99 33.49   33.44  
c [impl-str] lit bin: 0 set-var: 0 T: 0.00 T-out: N T-r: 99.95% w-visit: 3048
c [impl-sub] bin: 0 T: 0.00 T-out: N w-visit: 3048
c rst  geom ibes vs   791   347 K 1523      34K   785 5.84    5.76     1986  1740   40K    99 33.33   33.26  
c [distill-long-red0] cls tried: 104/104 T: 0.01 T-out: N T-r: 99.76%
c [distill-long-red1] cls tried: 36/1415 T: 0.01 T-out: Y T-r: -2.69%
c [full-probe]  bin_only: 1 set: 0 repl: 0 T: 0.00 T-out: N T-r: 99.75%
c rst  geom ibes vs   792   350 K 1523      34K   785 5.84    5.76     2021  1698   43K    99 33.69   33.62  
c rst  geom ibes vs   793   354 K 1523      34K   785 5.84    5.76     2021  1709   47K    99 34.28   34.21  
c [branch] adjusting to: vmtf (from: vsid) var_decay:0.95 descr: VMTF
c rst  luby svd  vmt  794   354 K 1523      34K   785 5.84    5.76     2021  1711   47K    99 34.27   34.21  
c rst  luby svd  vmt  795   354 K 1523      34K   785 5.84    5.76     2021  1713   47K    99 34.24   34.17  
c rst  luby svd  vmt  796   354 K 1523      34K   785 5.84    5.76     2021  1713   47K    99 34.23   34.16  
c rst  luby svd  vmt  797   354 K 1523      34K   785 5.84    5.76     2021  1715   47K    99 34.20   34.14  
c rst  luby svd  vmt  798   354 K 1523      34K   785 5.84    5.76     2021  1720   47K    99 34.19   34.12  
c rst  luby svd  vmt  799   355 K 1523      34K   785 5.84    5.76     2022  1722   48K    99 34.16   34.10  
c rst  luby svd  vmt  800   355 K 1523      34K   785 5.84    5.76     2023  1732   48K    99 34.05   33.99  
c rst  luby svd  vmt  801   355 K 1523      34K   785 5.84    5.76     2023  1735   48K    99 34.04   33.98  
c rst  luby svd  vmt  802   355 K 1523      34K   785 5.84    5.76     2023  1739   48K    99 34.05   33.99  
c rst  luby svd  vmt  803   355 K 1523      34K   785 5.84    5.76     2023  1739   48K    99 34.08   34.02  
c rst  luby svd  vmt  804   355 K 1523      34K   785 5.84    5.76     2023  1739   48K    99 34.09   34.03  
c rst  luby svd  vmt  805   356 K 1523      34K   785 5.84    5.76     2024  1740   49K    99 34.11   34.05  
c rst  luby svd  vmt  806   356 K 1523      34K   785 5.84    5.76     2024  1740   49K    99 34.11   34.05  
c rst  luby svd  vmt  807   356 K 1523      34K   785 5.84    5.76     2024  1741   49K    99 34.16   34.10  
c rst  luby svd  vmt  808   357 K 1523      34K   785 5.84    5.76     2024  1743   50K    99 34.34   34.28  
c [ccnr] saving best assignment phase to stable_polar
c [ccnr] bumping based on var unsat frequency: conflict_ct
c [ccnr] Bumped vars: 1524 bump type: 6
c [ccnr] time: 0.27
c rst  luby svd  vmt  809   357 K 1523      34K   785 5.84    5.76     2027  1764   50K    99 34.32   34.26  
c rst  luby svd  vmt  810   357 K 1523      34K   785 5.84    5.76     2027  1766   50K    99 34.32   34.26  
c rst  luby svd  vmt  811   357 K 1523      34K   785 5.84    5.76     2027  1769   50K    99 34.35   34.29  
c rst  luby svd  vmt  812   357 K 1523      34K   785 5.84    5.76     2027  1773   50K    99 34.36   34.30  
c rst  luby svd  vmt  813   358 K 1523      34K   785 5.84    5.76     2028  1779   50K    99 34.35   34.30  
c rst  luby svd  vmt  814   358 K 1523      34K   785 5.84    5.76     2028  1779   51K    99 34.40   34.34  
c rst  luby svd  vmt  815   358 K 1523      34K   785 5.84    5.76     2028  1785   51K    99 34.45   34.40  
c rst  luby svd  vmt  816   358 K 1523      34K   785 5.84    5.76     2028  1785   51K    99 34.46   34.40  
c rst  luby svd  vmt  817   358 K 1523      34K   785 5.84    5.76     2028  1785   51K    99 34.49   34.43  
c rst  luby svd  vmt  818   359 K 1523      34K   785 5.84    5.76     2028  1785   51K    99 34.49   34.43  
c rst  luby svd  vmt  819   359 K 1523      34K   785 5.84    5.76     2028  1785   52K    99 34.52   34.47  
c rst  luby svd  vmt  820   359 K 1523      34K   785 5.84    5.76     2028  1788   52K    99 34.54   34.49  
c rst  luby svd  vmt  821   359 K 1523      34K   785 5.84    5.76     2028  1788   52K    99 34.60   34.55  
c rst  luby svd  vmt  822   359 K 1523      34K   785 5.84    5.76     2028  1788   52K    99 34.57   34.51  
c [distill] watch-based irred--  cl tried 8860     cl-sh 0     cl-rem 0    lit-rem 0      T: 0.01 T-out: N
c [distill] watch-based red  --  cl tried 4056     cl-sh 9     cl-rem 0    lit-rem 16     T: 0.00 T-out: N
c rst  luby svd  vmt  823   360 K 1523      34K   785 5.84    5.76     2107  1802   37K    99 33.73   33.65  
c rst  luby svd  vmt  824   362 K 1523      34K   785 5.84    5.76     2107  1811   39K    99 33.82   33.75  
c [distill-bin] useful: 0/785/785 lits-rem: 0 cl-rem: 0 0-depth-assigns: 0 T: 0.01 T-out: N
c rst  luby svd  vmt  825   362 K 1523      34K   785 5.84    5.76     2107  1811   39K    99 33.83   33.75  
c [distill-long-red0] cls tried: 117/117 T: 0.01 T-out: N T-r: 99.77%
c [distill-long-red1] cls tried: 41/1477 T: 0.01 T-out: Y T-r: -1.88%
c rst  luby svd  vmt  826   362 K 1523      34K   785 5.84    5.76     2108  1811   39K    99 33.80   33.73  
c rst  luby svd  vmt  827   362 K 1523      34K   785 5.84    5.76     2109  1811   39K    99 33.78   33.71  
c rst  luby svd  vmt  828   362 K 1523      34K   785 5.84    5.76     2109  1811   39K    99 33.77   33.70  
c rst  luby svd  vmt  829   362 K 1523      34K   785 5.84    5.76     2109  1811   39K    99 33.75   33.68  
c rst  geom best vmt  830   362 K 1523      34K   785 5.84    5.76     2109  1811   39K    99 33.78   33.71  
c rst  geom best vmt  831   363 K 1523      34K   785 5.84    5.76     2109  1811   40K    99 33.77   33.70  
c rst  geom best vmt  832   363 K 1523      34K   785 5.84    5.76     2109  1813   40K    99 33.78   33.71  
c rst  geom best vmt  833   363 K 1523      34K   785 5.84    5.76     2110  1818   40K    99 33.80   33.72  
c rst  geom best vmt  834   363 K 1523      34K   785 5.84    5.76     2110  1821   40K    99 33.81   33.74  
c rst  geom best vmt  835   363 K 1523      34K   785 5.84    5.76     2110  1821   40K    99 33.85   33.78  
c rst  geom best vmt  836   363 K 1523      34K   785 5.84    5.76     2110  1822   40K    99 33.87   33.80  
c rst  geom best vmt  837   364 K 1523      34K   785 5.84    5.76     2110  1822   41K    99 33.81   33.74  
c rst  geom best vmt  838   364 K 1523      34K   785 5.84    5.76     2110  1822   41K    99 33.75   33.68  
c rst  geom best vmt  839   364 K 1523      34K   785 5.84    5.76     2110  1822   41K    99 33.77   33.70  
c rst  geom best vmt  840   364 K 1523      34K   785 5.84    5.76     2110  1822   41K    99 33.71   33.65  
c rst  geom best vmt  841   365 K 1523      34K   785 5.84    5.76     2110  1822   42K    99 33.70   33.64  
c rst  geom best vmt  842   365 K 1523      34K   785 5.84    5.76     2110  1822   42K    99 33.70   33.63  
c rst  geom best vmt  843   365 K 1523      34K   785 5.84    5.76     2110  1822   42K    99 33.62   33.56  
c rst  geom best vmt  844   366 K 1523      34K   785 5.84    5.76     2110  1822   43K    99 33.70   33.63  
c rst  geom best vmt  845   366 K 1523      34K   785 5.84    5.76     2110  1822   43K    99 33.79   33.72  
c rst  geom best vmt  846   367 K 1523      34K   785 5.84    5.76     2110  1823   44K    99 33.92   33.86  
c rst  geom best vmt  847   367 K 1523      34K   785 5.84    5.76     2110  1826   44K    99 34.01   33.95  
c [full-probe]  bin_only: 0 set: 0 repl: 0 T: 0.01 T-out: N T-r: 97.58%
c rst  geom best vmt  848   368 K 1523      34K   785 5.84    5.76     2111  1836   45K    99 34.07   34.00  
c rst  geom best vmt  849   369 K 1523      34K   785 5.84    5.76     2111  1840   46K    99 34.15   34.08  
c rst  geom best vmt  850   369 K 1523      34K   785 5.84    5.76     2111  1844   46K    99 34.34   34.27  
c rst  geom best vmt  851   370 K 1523      34K   785 5.84    5.76     2137  1792   47K    99 34.44   34.38  
c rst  geom best vmt  852   371 K 1523      34K   785 5.84    5.76     2137  1793   48K    99 34.48   34.42  
c rst  geom best vmt  853   372 K 1523      34K   785 5.84    5.76     2137  1795   49K    99 34.73   34.67  
c rst  geom stb  vmt  854   373 K 1523      34K   785 5.84    5.76     2137  1797   50K    99 34.83   34.77  
c rst  geom stb  vmt  855   374 K 1523      34K   785 5.84    5.76     2137  1797   51K    99 34.96   34.90  
c rst  geom stb  vmt  856   375 K 1523      34K   785 5.84    5.76     2138  1855   38K    99 34.74   34.66  
c rst  geom stb  vmt  857   377 K 1523      34K   785 5.84    5.76     2138  1855   39K    99 34.70   34.63  
c rst  geom stb  vmt  858   378 K 1523      34K   785 5.84    5.76     2138  1862   41K    99 34.61   34.54  
c [distill-long-red0] cls tried: 31/31 T: 0.00 T-out: N T-r: 99.94%
c [distill-long-red1] cls tried: 74/1495 T: 0.01 T-out: Y T-r: -2.82%
c [gauss] XOR-encoding clauses are not detached, so no need to reattach them.
c [g 0] truth-find prop checks  : 1868K
c [g 0] -> of which prop        : 51.74 %
c [g 0] -> of which confl       :  1.87 %
c [g 0] elim called             : 108K
c [g 0] ---> which lead to prop : 66.12 %
c [g 0] ---> which lead to confl:  2.57 %
c [g 0] size: 64    x 493  
c [scc] new: 0 BP 0M T: 0.00
c [vrep] vars 0 lits 0 rem-bin-cls 0 rem-long-cls 0 BP 0M T: 0.00
c [intree] Set 0 vars hyper-added: 1 trans-irred: 0 trans-red: 0 T: 0.00 T-out: N T-r: -1.45%
c [find&init matx] performing matrix init
c [gauss] XOR-encoding clauses are not detached, so no need to reattach them.
c [xor-rem-unconnected] left with 955 xors from 956 non-empty xors T: 0.00
c [xor-together] xored together: 891 orig xors: 955 new xors: 64 T: 0.00
c [xor-rem-unconnected] left with 64 xors from 64 non-empty xors T: 0.00
c [xor-clean-equiv] removed equivalent xors: 0 left with: 64
c [matrix] unused xors from cleaning: 1
c [matrix] Good   matrix 0 64      x493    density:0.1234  xorlen avg: 60.83
c [matrix] Using 1 matrices recovered from 0 xors T: 0.00 T-out: N
c rst  geom stb  vmt  859   380 K 1523      34K   785 5.84    5.76     2159  1801   43K   100 34.94   34.87  
c rst  geom stb  vmt  860   382 K 1523      34K   785 5.84    5.76     2159  1810   45K   100 35.11   35.04  
c [distill-bin] useful: 0/785/785 lits-rem: 0 cl-rem: 0 0-depth-assigns: 0 T: 0.01 T-out: N
c rst  geom ibes vmt  861   384 K 1523      34K   785 5.84    5.76     2159  1814   47K   100 35.12   35.06  
c rst  geom ibes vmt  862   386 K 1523      34K   785 5.84    5.76     2161  1820   49K   100 35.15   35.09  
c [distill] watch-based irred--  cl tried 8860     cl-sh 0     cl-rem 0    lit-rem 0      T: 0.00 T-out: N
c [distill] watch-based red  --  cl tried 4321     cl-sh 20    cl-rem 1    lit-rem 35     T: 0.00 T-out: N
c rst  geom ibes vmt  863   389 K 1523      34K   785 5.84    5.76     2160  1826   51K   100 34.92   34.86  
c [full-probe]  bin_only: 1 set: 0 repl: 0 T: 0.00 T-out: N T-r: 99.81%
c rst  geom ibes vmt  864   391 K 1523      34K   785 5.84    5.76     2219  1779   40K   102 34.60   34.52  
c rst  geom svd  vmt  865   394 K 1523      34K   785 5.84    5.76     2219  1799   43K   102 35.16   35.09  
c [branch] adjusting to: vsid (from: vmtf) var_decay:0.95 descr: VSIDS
c [distill-long-red0] cls tried: 90/90 T: 0.00 T-out: N T-r: 99.79%
c [distill-long-red1] cls tried: 50/1420 T: 0.01 T-out: Y T-r: -0.87%
c rst  geom svd  vs   866   395 K 1523      34K   785 5.84    5.76     2219  1799   43K   102 35.21   35.14  
c rst  geom svd  vs   867   395 K 1523      34K   785 5.84    5.76     2219  1802   43K   102 35.24   35.16  
c rst  geom svd  vs   868   395 K 1523      34K   785 5.84    5.76     2219  1802   43K   102 35.27   35.20  
c rst  geom svd  vs   869   395 K 1523      34K   785 5.84    5.76     2219  1803   43K   102 35.29   35.22  
c rst  geom svd  vs   870   395 K 1523      34K   785 5.84    5.76     2219  1804   43K   102 35.34   35.27  
c rst  geom svd  vs   871   395 K 1523      34K   785 5.84    5.76     2219  1804   43K   102 35.35   35.28  
c rst  geom svd  vs   872   395 K 1523      34K   785 5.84    5.76     2219  1804   44K   102 35.33   35.26  
c rst  geom svd  vs   873   396 K 1523      34K   785 5.84    5.76     2219  1804   44K   102 35.35   35.28  
c rst  geom svd  vs   874   396 K 1523      34K   785 5.84    5.76     2219  1804   44K   102 35.37   35.30  
c rst  geom svd  vs   875   396 K 1523      34K   785 5.84    5.76     2219  1806   44K   102 35.44   35.37  
c rst  geom svd  vs   876   396 K 1523      34K   785 5.84    5.76     2219  1812   45K   102 35.50   35.43  
c rst  geom svd  vs   877   397 K 1523      34K   785 5.84    5.76     2219  1815   45K   102 35.52   35.46  
c rst  geom svd  vs   878   397 K 1523      34K   785 5.84    5.76     2219  1818   45K   102 35.57   35.50  
c rst  geom svd  vs   879   397 K 1523      34K   785 5.84    5.76     2219  1819   46K   102 35.61   35.54  
c recursive minimization cost OK: 966Kcost/(% lits removed)
c [gauss] XOR-encoding clauses are not detached, so no need to reattach them.
c [g 0] truth-find prop checks  : 462K
c [g 0] -> of which prop        : 59.74 %
c [g 0] -> of which confl       :  1.81 %
c [g 0] elim called             : 25K
c [g 0] ---> which lead to prop : 91.06 %
c [g 0] ---> which lead to confl:  2.79 %
c [g 0] size: 64    x 493  
c --> Executing strategy token: scc-vrepl
c [scc] new: 1 BP 0M T: 0.00
c [vrep] vars 1 lits 3198 rem-bin-cls 6 rem-long-cls 12 BP 0M T: 0.01
c --> Executing strategy token: sub-impl
c [impl-sub] bin: 1 T: 0.00 T-out: N w-visit: 3048
c --> Executing strategy token: breakid
c --> Executing OCC strategy token(s): 'occ-backw-sub-str,occ-clean-implicit,occ-bve,occ-bva,occ-ternary-res,occ-xor,'
c [occ] mem usage for occur 3      MB
c [occ] Linked in IRRED BIN by default: 784
c [occ] Linked in RED   BIN by default: 98
c [occ] mem usage for occur 0      MB
c Mem for watch alloc      : 12          MB (22.92     %)
c Mem for watch array      : 0           MB (0.13      %)
c --> Executing OCC strategy token: occ-backw-sub-str
c [occ-backw-sub-str-long-w-bins] subs: 1 str: 15 tried: 8623 0-depth ass: 0 T: 0.00 T-out: N T-r: 99.16%
c [occ-backw-sub-long-w-long] rem cl: 66 tried: 84319/84319 (100.0%) T: 0.03 T-out: N T-r: 88.92%
c [occ-backw-sub-str-long-w-long] sub: 0 str: 36 tried: 252957/84319 (300.0)  T: 0.16 T-out: N T-r: 68.59%
c --> Executing OCC strategy token: occ-clean-implicit
c --> Executing OCC strategy token: occ-bve
c [occ-empty-res] Empty resolvent elimed: 0 T: 0.00 T-out: N
c [occ-bve] iter v-elim 0
c cl_inc_rate=1.0, var_dec_rate=1.0 (grow=0)
c Reduced to 1522 vars, 35045 cls (grow=0)
c [occ-bve] iter v-elim 0
c cl_inc_rate=1.0, var_dec_rate=1.0 (grow=8)
c Reduced to 1522 vars, 35045 cls (grow=8)
c [occ-bve] iter v-elim 0
c cl_inc_rate=1.0, var_dec_rate=1.0 (grow=16)
c Reduced to 1522 vars, 35045 cls (grow=16)
c x n vars       : 1522
c #try to eliminate:  4566
c #var-elim        :     0
c #T-o: N
c #T-r: 99.98%
c #T  : 0.20
c [occur] 0.03 is overhead
c [occur] link-in T: 0.03 cleanup T: 0.00
c --> Executing OCC strategy token: occ-bva
c --> Executing OCC strategy token: occ-ternary-res
c [occ-ternary-res] Ternary res-tri: 0 res-bin: 0 sub: 0 str: 0 T: 0.00 T-out: N T-r: 99.79%
c --> Executing OCC strategy token: occ-xor
c [occ-xor] sort occur list T: 0.00
c [xor-clean-equiv] removed equivalent xors: 0 left with: 947
c [occ-xor] found    947 avg sz 5.9 min sz  4 max sz  6 T: 0.01 T-out: N T-r: 99.97%
c --> Executing strategy token: card-find
c --> Executing strategy token: cl-consolidate
c Not consolidating memory.
c --> Executing strategy token: scc-vrepl
c [scc] new: 0 BP 0M T: 0.00
c --> Executing strategy token: renumber
c --> Executing strategy token: bosphorus
c --> Executing strategy token: louvain-comms
c [consolidate] mini T: 0.00
c global_timeout_multiplier: 4.3923
c [branch] rebuilding order heap for all branchings. Current branching: vsid
c [find&init matx] performing matrix init
c [gauss] XOR-encoding clauses are not detached, so no need to reattach them.
c [xor-rem-unconnected] left with 946 xors from 947 non-empty xors T: 0.00
c [xor-together] xored together: 870 orig xors: 946 new xors: 76 T: 0.00
c [xor-rem-unconnected] left with 76 xors from 76 non-empty xors T: 0.00
c [xor-clean-equiv] removed equivalent xors: 0 left with: 76
c [matrix] unused xors from cleaning: 1
c [matrix] Good   matrix  0     76 x  513  density:0.0995  xorlen avg: 51.07
c [matrix] Using 1 matrices recovered from 0 xors T: 0.00 T-out: N
c rst  geom  svd   vs   880  397K    1522   34K   784    5.84    5.76  2182  1824   46K    98   35.66   35.59
c rst  geom  svd   vs   881  398K    1522   34K   784    5.84    5.76  2182  1824   46K    98   35.77   35.70
c rst  geom  svd   vs   882  398K    1522   34K   784    5.84    5.76  2182  1826   46K    98   35.76   35.69
c rst  geom  svd   vs   883  399K    1522   34K   784    5.84    5.76  2182  1826   47K    98   35.81   35.75
c rst  geom  svd   vs   884  399K    1522   34K   784    5.84    5.76  2183  1829   48K    98   35.81   35.74
c rst  geom  svd   vs   885  400K    1522   34K   784    5.84    5.76  2199  1756   48K    98   35.81   35.75
c rst  geom  svd   vs   886  401K    1522   34K   784    5.84    5.76  2199  1758   49K    98   35.84   35.77
c rst  geom best   vs   887  401K    1522   34K   784    5.84    5.76  2199  1760   50K    98   35.82   35.75
c [ccnr] saving best assignment phase to stable_polar
c [ccnr] bumping based on var unsat frequency: conflict_ct
c [ccnr] Bumped vars: 1524 bump type: 6
c [ccnr] time: 0.27
c rst  geom best   vs   888  402K    1522   34K   784    5.84    5.76  2199  1760   50K    98   35.85   35.79
c [distill-bin] useful: 0/784/784 lits-rem: 0 cl-rem: 0 0-depth-assigns: 0 T: 0.01 T-out: N
c rst  geom best   vs   889  403K    1522   34K   784    5.84    5.76  2199  1769   51K    98   35.86   35.80
c rst  geom best   vs   890  404K    1522   34K   784    5.84    5.76  2200  1785   52K    98   36.02   35.96
c [impl-str] lit bin: 0 set-var: 0 T: 0.00 T-out: N T-r: 99.95% w-visit: 3048
c [impl-sub] bin: 0 T: 0.00 T-out: N w-visit: 3048
c rst  geom best   vs   891  405K    1522   34K   784    5.84    5.76  2209  1833   38K    98   35.79   35.71
c rst  geom best   vs   892  406K    1522   34K   784    5.84    5.76  2209  1839   39K    98   35.88   35.81
c rst  geom best   vs   893  407K    1522   34K   784    5.84    5.76  2209  1842   41K    98   36.00   35.92
c rst  geom best   vs   894  409K    1522   34K   784    5.84    5.76  2210  1854   42K    98   36.20   36.12
c [full-probe]  bin_only: 0 set: 0 repl: 0 T: 0.01 T-out: N T-r: 96.71%
c rst  geom best   vs   895  410K    1522   34K   784    5.84    5.76  2266  1461   44K    98   36.18   36.11
c [distill-long-red0] cls tried: 113/113 T: 0.01 T-out: N T-r: 99.73%
c [distill-long-red1] cls tried: 65/1162 T: 0.01 T-out: Y T-r: -3.36%
c rst  geom  stb   vs   896  412K    1522   34K   784    5.84    5.76  2266  1479   46K    98   36.59   36.52
c [distill] watch-based irred--  cl tried     9434 cl-sh     0 cl-rem    0 lit-rem      0 T: 0.01 T-out: N
c [distill] watch-based   red--  cl tried     4532 cl-sh     9 cl-rem    0 lit-rem     14 T: 0.00 T-out: N
c rst  geom  stb   vs   897  414K    1522   34K   784    5.84    5.76  2266  1482   47K    98   36.67   36.60
c rst  geom  stb   vs   898  416K    1522   34K   784    5.84    5.76  2266  1490   49K    98   36.93   36.87
c rst  geom  stb   vs   899  418K    1522   34K   784    5.84    5.76  2266  1502   52K    98   37.79   37.72
c rst  geom  stb   vs   900  421K    1522   34K   784    5.84    5.76  2322  1387   39K    98   37.73   37.65
c rst  geom ibes   vs   901  423K    1522   34K   784    5.84    5.76  2322  1388   42K    98   37.38   37.31
c [distill-bin] useful: 0/784/784 lits-rem: 0 cl-rem: 0 0-depth-assigns: 0 T: 0.01 T-out: N
c rst  geom ibes   vs   902  426K    1522   34K   784    5.84    5.76  2322  1391   45K    98   37.42   37.35
c [distill-long-red0] cls tried: 62/62 T: 0.00 T-out: N T-r: 99.88%
c [distill-long-red1] cls tried: 66/1099 T: 0.01 T-out: Y T-r: -3.49%
c rst  geom ibes   vs   903  430K    1522   34K   784    5.84    5.76  2353  1185   48K    98   37.08   37.01
c [full-probe]  bin_only: 1 set: 0 repl: 0 T: 0.01 T-out: N T-r: 99.78%
c rst  geom ibes   vs   904  433K    1522   34K   784    5.84    5.76  2353  1194   52K    98   37.27   37.21
c rst  geom  svd   vs   905  437K    1522   34K   784    5.84    5.76  2357  1288   41K    98   38.14   38.06
c [branch] adjusting to: vmtf (from: vsid) var_decay:0.95 descr: VMTF
c [distill] watch-based irred--  cl tried     9434 cl-sh     0 cl-rem    0 lit-rem      0 T: 0.01 T-out: N
c [distill] watch-based   red--  cl tried     4714 cl-sh    18 cl-rem    0 lit-rem     35 T: 0.00 T-out: N
c rst  luby  svd  vmt   906  437K    1522   34K   784    5.84    5.76  2366  1298   41K    99   38.11   38.04
c rst  luby  svd  vmt   907  438K    1522   34K   784    5.84    5.76  2366  1305   41K    99   38.13   38.05
c rst  luby  svd  vmt   908  438K    1522   34K   784    5.84    5.76  2366  1306   42K    99   38.13   38.05
c rst  luby  svd  vmt   909  438K    1522   34K   784    5.84    5.76  2366  1307   42K    99   38.11   38.04
c rst  luby  svd  vmt   910  438K    1522   34K   784    5.84    5.76  2366  1307   42K    99   38.13   38.05
c rst  luby  svd  vmt   911  438K    1522   34K   784    5.84    5.76  2366  1307   42K    99   38.12   38.04
c rst  luby  svd  vmt   912  439K    1522   34K   784    5.84    5.76  2366  1313   42K    99   38.20   38.12
c rst  luby  svd  vmt   913  439K    1522   34K   784    5.84    5.76  2366  1313   42K    99   38.23   38.15
c rst  luby  svd  vmt   914  439K    1522   34K   784    5.84    5.76  2366  1313   43K    99   38.23   38.15
c rst  luby  svd  vmt   915  439K    1522   34K   784    5.84    5.76  2366  1316   43K    99   38.30   38.23
c rst  luby  svd  vmt   916  439K    1522   34K   784    5.84    5.76  2366  1320   43K    99   38.33   38.25
c rst  luby  svd  vmt   917  439K    1522   34K   784    5.84    5.76  2366  1320   43K    99   38.35   38.27
c rst  luby  svd  vmt   918  439K    1522   34K   784    5.84    5.76  2366  1321   43K    99   38.35   38.27
c rst  luby  svd  vmt   919  440K    1522   34K   784    5.84    5.76  2405  1251   44K    99   38.40   38.32
c rst  luby  svd  vmt   920  441K    1522   34K   784    5.84    5.76  2405  1253   44K    99   38.51   38.43
c rst  luby  svd  vmt   921  441K    1522   34K   784    5.84    5.76  2405  1254   44K    99   38.50   38.42
c rst  luby  svd  vmt   922  441K    1522   34K   784    5.84    5.76  2405  1254   45K    99   38.48   38.41
c rst  luby  svd  vmt   923  441K    1522   34K   784    5.84    5.76  2405  1256   45K    99   38.45   38.37
c rst  luby  svd  vmt   924  441K    1522   34K   784    5.84    5.76  2405  1256   45K    99   38.44   38.37
c rst  luby  svd  vmt   925  441K    1522   34K   784    5.84    5.76  2405  1256   45K    99   38.48   38.41
c rst  luby  svd  vmt   926  441K    1522   34K   784    5.84    5.76  2405  1260   45K    99   38.58   38.51
c rst  luby  svd  vmt   927  442K    1522   34K   784    5.84    5.76  2405  1265   46K    99   38.63   38.55
c [distill-long-red0] cls tried: 95/95 T: 0.01 T-out: N T-r: 99.84%
c [distill-long-red1] cls tried: 66/950 T: 0.01 T-out: Y T-r: -1.37%
c rst  luby  svd  vmt   928  442K    1522   34K   784    5.84    5.76  2405  1266   46K    99   38.62   38.55
c rst  luby  svd  vmt   929  442K    1522   34K   784    5.84    5.76  2405  1266   46K    99   38.64   38.56
c rst  luby  svd  vmt   930  442K    1522   34K   784    5.84    5.76  2405  1267   46K    99   38.62   38.55
c rst  luby  svd  vmt   931  442K    1522   34K   784    5.84    5.76  2405  1267   46K    99   38.64   38.57
c rst  luby  svd  vmt   932  442K    1522   34K   784    5.84    5.76  2405  1268   46K    99   38.65   38.58
c rst  luby  svd  vmt   933  443K    1522   34K   784    5.84    5.76  2405  1268   46K    99   38.60   38.53
c rst  luby  svd  vmt   934  443K    1522   34K   784    5.84    5.76  2405  1268   47K    99   38.57   38.50
c rst  geom best  vmt   935  443K    1522   34K   784    5.84    5.76  2405  1268   47K    99   38.57   38.50
c rst  geom best  vmt   936  443K    1522   34K   784    5.84    5.76  2405  1268   47K    99   38.53   38.46
c rst  geom best  vmt   937  443K    1522   34K   784    5.84    5.76  2405  1268   47K    99   38.53   38.46
c [gauss] XOR-encoding clauses are not detached, so no need to reattach them.
c [g 0] truth-find prop checks  : 1505K
c [g 0] -> of which prop        : 58.12 %
c [g 0] -> of which confl       :  1.51 %
c [g 0] elim called             : 71K
c [g 0] ---> which lead to prop : 92.59 %
c [g 0] ---> which lead to confl:  3.84 %
c [g 0] size: 76    x 513  
c [scc] new: 0 BP 0M T: 0.00
c [vrep] vars 0 lits 0 rem-bin-cls 0 rem-long-cls 0 BP 0M T: 0.01
c [intree] Set 0 vars hyper-added: 0 trans-irred: 0 trans-red: 0 T: 0.00 T-out: N T-r: -0.90%
c [find&init matx] performing matrix init
c [gauss] XOR-encoding clauses are not detached, so no need to reattach them.
c [xor-rem-unconnected] left with 946 xors from 947 non-empty xors T: 0.00
c [xor-together] xored together: 870 orig xors: 946 new xors: 76 T: 0.00
c [xor-rem-unconnected] left with 76 xors from 76 non-empty xors T: 0.00
c [xor-clean-equiv] removed equivalent xors: 0 left with: 76
c [matrix] unused xors from cleaning: 1
c [matrix] Good   matrix 0 76      x513    density:0.0995  xorlen avg: 51.07
c [matrix] Using 1 matrices recovered from 0 xors T: 0.00 T-out: N
c rst  geom best vmt  938   444 K 1522      34K   784 5.84    5.76     2405  1268   47K    99 38.52   38.45  
c [distill-bin] useful: 0/784/784 lits-rem: 0 cl-rem: 0 0-depth-assigns: 0 T: 0.01 T-out: N
c rst  geom best vmt  939   444 K 1522      34K   784 5.84    5.76     2405  1270   47K    99 38.50   38.43  
c rst  geom best vmt  940   444 K 1522      34K   784 5.84    5.76     2405  1273   48K    99 38.55   38.48  
c rst  geom best vmt  941   444 K 1522      34K   784 5.84    5.76     2405  1273   48K    99 38.57   38.50  
c rst  geom best vmt  942   444 K 1522      34K   784 5.84    5.76     2405  1273   48K    99 38.55   38.48  
c rst  geom best vmt  943   445 K 1522      34K   784 5.84    5.76     2405  1273   48K    99 38.56   38.49  
c rst  geom best vmt  944   445 K 1522      34K   784 5.84    5.76     2406  1277   48K    99 38.54   38.47  
c rst  geom best vmt  945   445 K 1522      34K   784 5.84    5.76     2406  1277   49K    99 38.50   38.43  
c rst  geom best vmt  946   445 K 1522      34K   784 5.84    5.76     2406  1281   49K    99 38.49   38.42  
c [ccnr] saving best assignment phase to stable_polar
c [ccnr] bumping based on clause weights
c [ccnr] Bumped vars: 105 bump type: 6
c [ccnr] time: 0.27
c rst  geom best vmt  947   446 K 1522      34K   784 5.84    5.76     2406  1282   49K    99 38.40   38.33  
c rst  geom best vmt  948   446 K 1522      34K   784 5.84    5.76     2406  1285   50K    99 38.26   38.20  
c rst  geom best vmt  949   447 K 1522      34K   784 5.84    5.76     2407  1286   50K    99 38.11   38.04  
c rst  geom best vmt  950   447 K 1522      34K   784 5.84    5.76     2407  1286   51K    99 37.91   37.84  
c rst  geom best vmt  951   447 K 1522      34K   784 5.84    5.76     2407  1286   51K    99 37.74   37.68  
c rst  geom best vmt  952   448 K 1522      34K   784 5.84    5.76     2407  1286   52K    99 37.52   37.46  
c rst  geom best vmt  953   449 K 1522      34K   784 5.84    5.76     2407  1288   52K    99 37.27   37.21  
c rst  geom best vmt  954   449 K 1522      34K   784 5.84    5.76     2407  1291   53K    99 37.03   36.97  
c rst  geom best vmt  955   450 K 1522      34K   784 5.84    5.76     2489  1353   37K    99 35.38   35.30  
c [full-probe]  bin_only: 0 set: 0 repl: 0 T: 0.00 T-out: N T-r: 97.94%
c rst  geom best vmt  956   451 K 1522      34K   784 5.84    5.76     2490  1363   38K    99 35.12   35.05  
c rst  geom best vmt  957   452 K 1522      34K   784 5.84    5.76     2490  1375   39K    99 34.76   34.68  
c rst  geom best vmt  958   453 K 1522      34K   784 5.84    5.76     2490  1396   40K    99 34.40   34.33  
c rst  geom stb  vmt  959   454 K 1522      34K   784 5.84    5.76     2490  1405   41K    99 34.03   33.96  
c rst  geom stb  vmt  960   455 K 1522      34K   784 5.84    5.76     2492  1434   42K    99 33.63   33.56  
c rst  geom stb  vmt  961   456 K 1522      34K   784 5.84    5.76     2492  1453   43K    99 33.26   33.19  
c rst  geom stb  vmt  962   457 K 1522      34K   784 5.84    5.76     2492  1467   45K    99 32.84   32.77  
c [distill-long-red0] cls tried: 86/86 T: 0.00 T-out: N T-r: 99.86%
c [distill-long-red1] cls tried: 70/1086 T: 0.01 T-out: Y T-r: -1.99%
c rst  geom stb  vmt  963   459 K 1522      34K   784 5.84    5.76     2492  1486   46K    99 32.36   32.30  
c rst  geom stb  vmt  964   461 K 1522      34K   784 5.84    5.76     2557  1336   48K    99 31.91   31.85  
c rst  geom stb  vmt  965   463 K 1522      34K   784 5.84    5.76     2560  1390   50K    99 31.62   31.56  
c [distill] watch-based irred--  cl tried 9434     cl-sh 0     cl-rem 0    lit-rem 0      T: 0.01 T-out: N
c [distill] watch-based red  --  cl tried 5120     cl-sh 10    cl-rem 0    lit-rem 51     T: 0.00 T-out: N
c rst  geom ibes vmt  966   465 K 1522      34K   784 5.84    5.76     2615  1823   37K    99 27.20   27.14  
c [distill-bin] useful: 0/784/784 lits-rem: 0 cl-rem: 0 0-depth-assigns: 0 T: 0.00 T-out: N
c [impl-str] lit bin: 0 set-var: 0 T: 0.00 T-out: N T-r: 99.96% w-visit: 3048
c [impl-sub] bin: 1 T: 0.00 T-out: N w-visit: 3048
c rst  geom ibes vmt  967   467 K 1522      34K   784 5.84    5.76     2615  1832   39K    98 26.64   26.58  
c rst  geom ibes vmt  968   469 K 1522      34K   784 5.84    5.76     2618  1857   42K    98 26.20   26.15  
c rst  geom ibes vmt  969   472 K 1522      34K   784 5.84    5.76     2705  1750   44K    98 25.77   25.73  
c [full-probe]  bin_only: 1 set: 0 repl: 0 T: 0.00 T-out: N T-r: 99.78%
c rst  geom ibes vmt  970   475 K 1522      34K   784 5.84    5.76     2706  1808   47K    98 25.44   25.39  
c [distill-long-red0] cls tried: 219/219 T: 0.02 T-out: N T-r: 99.17%
c [distill-long-red1] cls tried: 25/1432 T: 0.01 T-out: Y T-r: -5.76%
c rst  geom svd  vmt  971   478 K 1522      34K   784 5.84    5.76     2707  1857   51K    99 25.17   25.13  
c rst  geom svd  vmt  972   482 K 1522      34K   784 5.84    5.76     2849  2168   40K    99 19.68   19.64  
c rst  geom svd  vmt  973   486 K 1522      34K   784 5.84    5.76     2856  2265   43K    99 19.64   19.61  
c [distill-bin] useful: 0/784/784 lits-rem: 0 cl-rem: 0 0-depth-assigns: 0 T: 0.00 T-out: N
c rst  geom best vmt  974   490 K 1522      34K   784 5.84    5.76     3076  2095   48K    99 19.64   19.61  
c [branch] adjusting to: vsid (from: vmtf) var_decay:0.95 descr: VSIDS
c [distill-long-red0] cls tried: 363/363 T: 0.05 T-out: N T-r: 97.89%
c [distill-long-red1] cls tried: 23/1745 T: 0.01 T-out: Y T-r: -9.23%
c [distill] watch-based irred--  cl tried 8898     cl-sh 0     cl-rem 0    lit-rem 0      T: 0.02 T-out: Y
c [distill] watch-based red  --  cl tried 6152     cl-sh 8     cl-rem 0    lit-rem 35     T: 0.01 T-out: N
c [ccnr] saving best assignment phase to stable_polar
c [ccnr] bumping based on var unsat frequency: conflict_ct
c [ccnr] Bumped vars: 1524 bump type: 6
c [ccnr] time: 0.27
c rst  geom best vs   975   491 K 1522      34K   784 5.84    5.76     3077  2096   48K    99 19.68   19.65  
c rst  geom best vs   976   491 K 1522      34K   784 5.84    5.76     3078  2097   48K    99 19.72   19.68  
c rst  geom best vs   977   491 K 1522      34K   784 5.84    5.76     3078  2097   48K    99 19.74   19.71  
c rst  geom best vs   978   491 K 1522      34K   784 5.84    5.76     3078  2097   48K   100 19.78   19.75  
c rst  geom best vs   979   491 K 1522      34K   784 5.84    5.76     3079  2097   48K   100 19.83   19.80  
c rst  geom best vs   980   491 K 1522      34K   784 5.84    5.76     3079  2097   49K   100 19.88   19.85  
c rst  geom best vs   981   491 K 1521      34K   784 5.84    5.76     3079  2097   49K   100 19.91   19.88  
c rst  geom best vs   982   492 K 1521      34K   784 5.84    5.76     3079  2100   49K   100 19.97   19.94  
c rst  geom best vs   983   492 K 1521      34K   784 5.84    5.76     3079  2100   49K   100 20.02   19.99  
c rst  geom best vs   984   492 K 1521      34K   784 5.84    5.76     3079  2100   50K   100 20.08   20.05  
c [full-probe]  bin_only: 0 set: 0 repl: 0 T: 0.01 T-out: N T-r: 98.21%
c rst  geom best vs   985   492 K 1521      34K   784 5.84    5.76     3079  2100   50K   100 20.19   20.16  
c rst  geom best vs   986   493 K 1521      34K   784 5.84    5.76     3079  2101   50K   100 20.26   20.23  
c rst  geom best vs   987   493 K 1521      34K   784 5.84    5.76     3079  2101   50K   100 20.32   20.29  
c rst  geom best vs   988   493 K 1521      34K   784 5.84    5.76     3079  2102   51K   100 20.42   20.38  
c rst  geom best vs   989   494 K 1521      34K   784 5.84    5.76     3080  2105   51K   100 20.56   20.53  
c rst  geom best vs   990   494 K 1521      34K   784 5.84    5.76     3080  2111   52K   100 20.68   20.64  
c rst  geom best vs   991   495 K 1521      34K   784 5.84    5.76     3108  2525   37K   100 19.45   19.41  
c rst  geom best vs   992   495 K 1521      34K   784 5.84    5.76     3108  2525   38K   100 19.64   19.60  
c rst  geom best vs   993   496 K 1521      34K   784 5.84    5.76     3108  2525   39K   100 19.84   19.80  
c rst  geom stb  vs   994   497 K 1521      34K   784 5.84    5.76     3108  2526   39K   100 19.90   19.86  
c rst  geom stb  vs   995   497 K 1521      34K   784 5.84    5.76     3108  2529   40K   100 20.12   20.08  
c rst  geom stb  vs   996   498 K 1521      34K   784 5.84    5.76     3108  2529   41K   100 20.16   20.12  
c rst  geom stb  vs   997   499 K 1521      34K   784 5.84    5.76     3108  2529   42K   100 20.18   20.14  
c rst  geom stb  vs   998   500 K 1521      34K   784 5.84    5.76     3151  2269   43K   100 20.17   20.13  
c rst  geom stb  vs   999   501 K 1521      34K   784 5.84    5.76     3153  2273   44K   100 20.66   20.63  
c rst  geom stb  vs   1000  502 K 1521      34K   784 5.84    5.76     3154  2287   45K   100 20.94   20.90  
c rst  geom stb  vs   1001  503 K 1521      34K   784 5.84    5.76     3154  2301   46K   100 21.58   21.54  
c rst  geom stb  vs   1002  505 K 1521      34K   784 5.84    5.76     3154  2308   48K   100 22.02   21.99  
c rst  geom stb  vs   1003  506 K 1521      34K   784 5.84    5.76     3154  2312   49K   100 22.37   22.33  
c [distill-long-red0] cls tried: 84/84 T: 0.01 T-out: N T-r: 99.58%
c [distill-long-red1] cls tried: 22/2023 T: 0.01 T-out: Y T-r: -3.37%
c [distill-bin] useful: 0/784/784 lits-rem: 0 cl-rem: 0 0-depth-assigns: 0 T: 0.00 T-out: N
c rst  geom ibes vs   1004  508 K 1521      34K   782 5.84    5.76     3154  2312   51K   100 22.95   22.91  
c rst  geom ibes vs   1005  510 K 1521      34K   782 5.84    5.76     3210  2156   38K   100 24.69   24.64  
c [gauss] XOR-encoding clauses are not detached, so no need to reattach them.
c [g 0] truth-find prop checks  : 3473K
c [g 0] -> of which prop        : 35.77 %
c [g 0] -> of which confl       :  1.16 %
c [g 0] elim called             : 263K
c [g 0] ---> which lead to prop : 34.55 %
c [g 0] ---> which lead to confl:  0.97 %
c [g 0] size: 76    x 513  
c [scc] new: 0 BP 0M T: 0.00
c [vrep] vars 0 lits 0 rem-bin-cls 0 rem-long-cls 0 BP 0M T: 0.00
c [intree] Set 0 vars hyper-added: 5 trans-irred: 0 trans-red: 0 T: 0.00 T-out: N T-r: -1.92%
c [find&init matx] performing matrix init
c [gauss] XOR-encoding clauses are not detached, so no need to reattach them.
c [xor-rem-unconnected] left with 946 xors from 947 non-empty xors T: 0.00
c [xor-together] xored together: 870 orig xors: 946 new xors: 76 T: 0.00
c [xor-rem-unconnected] left with 76 xors from 76 non-empty xors T: 0.00
c [xor-clean-equiv] removed equivalent xors: 0 left with: 76
c [matrix] unused xors from cleaning: 1
c [matrix] Good   matrix 0 76      x512    density:0.0995  xorlen avg: 50.96
c [matrix] Using 1 matrices recovered from 0 xors T: 0.00 T-out: N
c rst  geom ibes vs   1006  512 K 1521      34K   783 5.84    5.75     3210  2156   40K   105 24.82   24.77  
c rst  geom ibes vs   1007  514 K 1521      34K   783 5.84    5.75     3211  2162   43K   105 24.99   24.94  
c [full-probe]  bin_only: 1 set: 0 repl: 0 T: 0.00 T-out: N T-r: 99.83%
c rst  geom ibes vs   1008  517 K 1521      34K   783 5.84    5.75     3211  2163   45K   105 25.43   25.38  
c [distill] watch-based irred--  cl tried 9432     cl-sh 0     cl-rem 0    lit-rem 0      T: 0.01 T-out: N
c [distill] watch-based red  --  cl tried 6420     cl-sh 16    cl-rem 2    lit-rem 20     T: 0.01 T-out: N
c rst  geom svd  vs   1009  519 K 1521      34K   783 5.84    5.75     3209  2171   48K   105 26.13   26.09  
c rst  geom svd  vs   1010  522 K 1521      34K   783 5.84    5.75     3248  2057   51K   105 27.02   26.97  
c [distill-long-red0] cls tried: 95/95 T: 0.00 T-out: N T-r: 99.83%
c [distill-long-red1] cls tried: 22/1823 T: 0.02 T-out: Y T-r: -6.58%
c rst  geom svd  vs   1011  526 K 1521      34K   783 5.84    5.75     3259  2153   39K   105 30.32   30.26  
c [impl-str] lit bin: 0 set-var: 0 T: 0.00 T-out: N T-r: 99.96% w-visit: 3048
c [impl-sub] bin: 1 T: 0.00 T-out: N w-visit: 3048
c rst  geom svd  vs   1012  529 K 1521      34K   783 5.84    5.75     3260  2164   43K   104 30.73   30.67  
c [distill-bin] useful: 0/783/783 lits-rem: 0 cl-rem: 0 0-depth-assigns: 0 T: 0.00 T-out: N
c rst  geom best vs   1013  533 K 1521      34K   783 5.84    5.75     3282  2081   47K   104 32.57   32.51  
c rst  geom best vs   1014  538 K 1521      34K   783 5.84    5.75     3285  2104   51K   104 32.66   32.61  
c [distill-long-red0] cls tried: 35/35 T: 0.00 T-out: N T-r: 99.92%
c [distill-long-red1] cls tried: 25/1854 T: 0.02 T-out: Y T-r: -4.51%
c [full-probe]  bin_only: 0 set: 0 repl: 0 T: 0.01 T-out: N T-r: 97.22%
c [ccnr] saving best assignment phase to stable_polar
c [ccnr] bumping based on var unsat frequency: conflict_ct
c [ccnr] Bumped vars: 1524 bump type: 6
c [ccnr] time: 0.27
c rst  geom best vs   1015  543 K 1521      34K   783 5.84    5.75     3324  1959   41K   104 34.64   34.57  
c [branch] adjusting to: vmtf (from: vsid) var_decay:0.95 descr: VMTF
c [distill] watch-based irred--  cl tried 9432     cl-sh 0     cl-rem 0    lit-rem 0      T: 0.00 T-out: N
c [distill] watch-based red  --  cl tried 6648     cl-sh 15    cl-rem 0    lit-rem 21     T: 0.01 T-out: N
c rst  luby stb  vmt  1016  543 K 1521      34K   783 5.84    5.75     3330  1973   41K   110 34.63   34.55  
c rst  luby stb  vmt  1017  543 K 1521      34K   783 5.84    5.75     3330  1976   41K   110 34.68   34.61  
c rst  luby stb  vmt  1018  543 K 1521      34K   783 5.84    5.75     3330  1977   42K   110 34.74   34.66  
c rst  luby stb  vmt  1019  543 K 1521      34K   783 5.84    5.75     3330  1980   42K   110 34.74   34.67  
c rst  luby stb  vmt  1020  543 K 1521      34K   783 5.84    5.75     3330  1982   42K   110 34.75   34.68  
c rst  luby stb  vmt  1021  543 K 1521      34K   783 5.84    5.75     3330  1983   42K   110 34.77   34.69  
c rst  luby stb  vmt  1022  544 K 1521      34K   783 5.84    5.75     3330  1983   42K   110 34.80   34.73  
c rst  luby stb  vmt  1023  544 K 1521      34K   783 5.84    5.75     3330  1983   43K   110 34.82   34.75  
c rst  luby stb  vmt  1024  544 K 1521      34K   783 5.84    5.75     3330  1984   43K   110 34.83   34.76  
c rst  luby stb  vmt  1025  544 K 1521      34K   783 5.84    5.75     3330  1985   43K   110 34.85   34.77  
c rst  luby stb  vmt  1026  544 K 1521      34K   783 5.84    5.75     3330  1987   43K   110 34.84   34.77  
c rst  luby stb  vmt  1027  544 K 1521      34K   783 5.84    5.75     3330  1987   43K   110 34.84   34.77  
c rst  luby stb  vmt  1028  545 K 1521      34K   783 5.84    5.75     3330  1988   43K   110 34.84   34.76  
c rst  luby stb  vmt  1029  545 K 1521      34K   783 5.84    5.75     3330  1991   44K   110 34.93   34.86  
c rst  luby stb  vmt  1030  546 K 1521      34K   783 5.84    5.75     3330  1997   44K   110 35.14   35.06  
c rst  luby stb  vmt  1031  546 K 1521      34K   783 5.84    5.75     3330  2000   44K   110 35.17   35.10  
c rst  luby stb  vmt  1032  546 K 1521      34K   783 5.84    5.75     3330  2002   45K   110 35.19   35.11  
c rst  luby stb  vmt  1033  546 K 1521      34K   783 5.84    5.75     3330  2003   45K   110 35.23   35.15  
c rst  luby stb  vmt  1034  546 K 1521      34K   783 5.84    5.75     3330  2005   45K   110 35.24   35.17  
c rst  luby stb  vmt  1035  546 K 1521      34K   783 5.84    5.75     3330  2005   45K   110 35.24   35.17  
c rst  luby stb  vmt  1036  547 K 1521      34K   783 5.84    5.75     3330  2007   45K   110 35.23   35.16  
c rst  luby stb  vmt  1037  547 K 1521      34K   783 5.84    5.75     3330  2009   46K   110 35.28   35.21  
c rst  luby stb  vmt  1038  547 K 1521      34K   783 5.84    5.75     3330  2009   46K   110 35.29   35.22  
c rst  luby stb  vmt  1039  547 K 1521      34K   783 5.84    5.75     3330  2010   46K   110 35.27   35.20  
c rst  luby stb  vmt  1040  547 K 1521      34K   783 5.84    5.75     3330  2012   46K   110 35.31   35.24  
c rst  luby stb  vmt  1041  548 K 1521      34K   783 5.84    5.75     3330  2015   46K   110 35.30   35.23  
c rst  luby stb  vmt  1042  548 K 1521      34K   783 5.84    5.75     3330  2015   46K   110 35.31   35.24  
c rst  luby stb  vmt  1043  548 K 1521      34K   783 5.84    5.75     3330  2016   46K   110 35.30   35.23  
c rst  luby stb  vmt  1044  548 K 1521      34K   783 5.84    5.75     3330  2016   47K   110 35.35   35.28  
c rst  luby stb  vmt  1045  549 K 1521      34K   783 5.84    5.75     3330  2016   48K   110 35.50   35.44  
c rst  luby stb  vmt  1046  551 K 1521      34K   783 5.84    5.75     3378  1642   50K   110 35.57   35.50  
c [distill-bin] useful: 0/783/783 lits-rem: 0 cl-rem: 0 0-depth-assigns: 0 T: 0.01 T-out: N
c rst  luby stb  vmt  1047  551 K 1521      34K   783 5.84    5.75     3378  1642   50K   110 35.55   35.48  
c rst  luby stb  vmt  1048  551 K 1521      34K   783 5.84    5.75     3378  1642   50K   110 35.52   35.45  
c rst  luby stb  vmt  1049  551 K 1521      34K   783 5.84    5.75     3378  1644   50K   110 35.54   35.47  
c rst  luby stb  vmt  1050  551 K 1521      34K   783 5.84    5.75     3378  1644   50K   110 35.53   35.47  
c rst  luby stb  vmt  1051  551 K 1521      34K   783 5.84    5.75     3378  1644   50K   110 35.53   35.46  
c rst  luby stb  vmt  1052  551 K 1521      34K   783 5.84    5.75     3378  1644   50K   110 35.54   35.47  
c rst  luby stb  vmt  1053  552 K 1521      34K   783 5.84    5.75     3378  1644   51K   110 35.55   35.48  
c rst  luby stb  vmt  1054  552 K 1521      34K   783 5.84    5.75     3378  1644   51K   110 35.55   35.49  
c rst  luby stb  vmt  1055  552 K 1521      34K   783 5.84    5.75     3378  1646   51K   110 35.56   35.49  
c rst  luby stb  vmt  1056  552 K 1521      34K   783 5.84    5.75     3378  1646   51K   110 35.60   35.53  
c rst  luby stb  vmt  1057  552 K 1521      34K   783 5.84    5.75     3378  1646   51K   110 35.62   35.55  
c rst  luby stb  vmt  1058  552 K 1521      34K   783 5.84    5.75     3378  1646   51K   110 35.62   35.55  
c rst  luby stb  vmt  1059  553 K 1521      34K   783 5.84    5.75     3378  1648   52K   110 35.63   35.56  
c rst  luby stb  vmt  1060  553 K 1521      34K   783 5.84    5.75     3378  1649   52K   110 35.69   35.62  
c [distill-long-red0] cls tried: 94/94 T: 0.01 T-out: N T-r: 99.77%
c [distill-long-red1] cls tried: 56/1442 T: 0.01 T-out: Y T-r: -1.60%
c rst  luby stb  vmt  1061  554 K 1521      34K   783 5.84    5.75     3378  1657   53K   110 35.76   35.69  
c rst  luby ibes vmt  1062  554 K 1521      34K   783 5.84    5.75     3378  1657   53K   110 35.77   35.70  
c rst  luby ibes vmt  1063  554 K 1521      34K   783 5.84    5.75     3378  1658   53K   110 35.77   35.71  
c rst  luby ibes vmt  1064  554 K 1521      34K   783 5.84    5.75     3378  1659   53K   110 35.77   35.71  
c rst  luby ibes vmt  1065  554 K 1521      34K   783 5.84    5.75     3378  1660   53K   110 35.79   35.72  
c rst  luby ibes vmt  1066  554 K 1521      34K   783 5.84    5.75     3378  1660   53K   110 35.78   35.71  
c rst  luby ibes vmt  1067  555 K 1521      34K   783 5.84    5.75     3390  1796   38K   110 36.08   36.00  
c rst  luby ibes vmt  1068  555 K 1521      34K   783 5.84    5.75     3390  1796   39K   110 36.07   35.99  
c rst  luby ibes vmt  1069  555 K 1521      34K   783 5.84    5.75     3390  1796   39K   110 36.08   36.00  
c rst  luby ibes vmt  1070  555 K 1521      34K   783 5.84    5.75     3390  1796   39K   110 36.07   35.98  
c rst  luby ibes vmt  1071  555 K 1521      34K   783 5.84    5.75     3390  1796   39K   110 36.09   36.01  
c rst  luby ibes vmt  1072  556 K 1521      34K   783 5.84    5.75     3390  1796   39K   110 36.08   36.00  
c rst  luby ibes vmt  1073  556 K 1521      34K   783 5.84    5.75     3390  1796   39K   110 36.08   35.99  
c rst  luby ibes vmt  1074  556 K 1521      34K   783 5.84    5.75     3390  1797   40K   110 36.07   35.99  
c rst  luby ibes vmt  1075  556 K 1521      34K   783 5.84    5.75     3390  1798   40K   110 36.07   35.98  
c rst  luby ibes vmt  1076  557 K 1521      34K   783 5.84    5.75     3390  1802   41K   110 36.06   35.98  
c rst  luby ibes vmt  1077  559 K 1521      34K   783 5.84    5.75     3390  1815   42K   110 36.07   35.99  
c [full-probe]  bin_only: 1 set: 0 repl: 0 T: 0.00 T-out: N T-r: 99.76%
c rst  luby ibes vmt  1078  562 K 1521      34K   783 5.84    5.75     3437  1008   46K   110 35.57   35.50  
c rst  luby ibes vmt  1079  562 K 1521      34K   783 5.84    5.75     3437  1009   46K   110 35.57   35.50  
c rst  luby ibes vmt  1080  562 K 1521      34K   783 5.84    5.75     3437  1009   47K   110 35.58   35.51  
c rst  luby ibes vmt  1081  562 K 1521      34K   783 5.84    5.75     3437  1009   47K   110 35.55   35.48  
c rst  luby ibes vmt  1082  562 K 1521      34K   783 5.84    5.75     3437  1009   47K   110 35.55   35.47  
c rst  luby ibes vmt  1083  562 K 1521      34K   783 5.84    5.75     3437  1009   47K   110 35.56   35.49  
c rst  luby ibes vmt  1084  563 K 1521      34K   783 5.84    5.75     3437  1009   47K   110 35.60   35.53  
c rst  luby ibes vmt  1085  563 K 1521      34K   783 5.84    5.75     3437  1013   48K   110 35.52   35.45  
c rst  luby ibes vmt  1086  563 K 1521      34K   783 5.84    5.75     3437  1013   48K   110 35.51   35.44  
c rst  luby ibes vmt  1087  563 K 1521      34K   783 5.84    5.75     3437  1013   48K   110 35.50   35.43  
c rst  luby ibes vmt  1088  563 K 1521      34K   783 5.84    5.75     3437  1014   48K   110 35.50   35.43  
c rst  luby ibes vmt  1089  564 K 1521      34K   783 5.84    5.75     3437  1014   48K   110 35.50   35.43  
c rst  luby ibes vmt  1090  564 K 1521      34K   783 5.84    5.75     3437  1015   48K   110 35.49   35.42  
c rst  luby ibes vmt  1091  564 K 1521      34K   783 5.84    5.75     3437  1015   48K   110 35.45   35.38  
c rst  luby ibes vmt  1092  564 K 1521      34K   783 5.84    5.75     3437  1020   49K   110 35.45   35.38  
c rst  luby ibes vmt  1093  565 K 1521      34K   783 5.84    5.75     3437  1023   50K   110 35.48   35.41  
c rst  luby svd  vmt  1094  565 K 1521      34K   783 5.84    5.75     3437  1023   50K   110 35.50   35.43  
c rst  luby svd  vmt  1095  565 K 1521      34K   783 5.84    5.75     3437  1023   50K   110 35.50   35.43  
c rst  luby svd  vmt  1096  566 K 1521      34K   783 5.84    5.75     3437  1024   50K   110 35.54   35.48  
c rst  luby svd  vmt  1097  566 K 1521      34K   783 5.84    5.75     3437  1025   50K   110 35.54   35.48  
c rst  luby svd  vmt  1098  566 K 1521      34K   783 5.84    5.75     3437  1026   50K   110 35.56   35.50  
c rst  luby svd  vmt  1099  566 K 1521      34K   783 5.84    5.75     3437  1027   50K   110 35.63   35.56  
c rst  luby svd  vmt  1100  566 K 1521      34K   783 5.84    5.75     3437  1027   51K   110 35.73   35.67  
c rst  luby svd  vmt  1101  566 K 1521      34K   783 5.84    5.75     3437  1027   51K   110 35.77   35.70  
c rst  luby svd  vmt  1102  567 K 1521      34K   783 5.84    5.75     3437  1028   51K   110 35.78   35.71  
c rst  luby svd  vmt  1103  567 K 1521      34K   783 5.84    5.75     3437  1028   51K   110 35.82   35.76  
c rst  luby svd  vmt  1104  567 K 1521      34K   783 5.84    5.75     3437  1030   51K   110 35.84   35.77  
c rst  luby svd  vmt  1105  567 K 1521      34K   783 5.84    5.75     3437  1030   51K   110 35.85   35.79  
c rst  luby svd  vmt  1106  567 K 1521      34K   783 5.84    5.75     3437  1030   52K   110 35.86   35.79  
c rst  luby svd  vmt  1107  568 K 1521      34K   783 5.84    5.75     3437  1032   52K   110 35.95   35.89  
c rst  luby svd  vmt  1108  568 K 1521      34K   783 5.84    5.75     3438  1035   53K   110 35.98   35.91  
c [distill-long-red0] cls tried: 57/57 T: 0.00 T-out: N T-r: 99.84%
c [distill-long-red1] cls tried: 47/833 T: 0.01 T-out: Y T-r: -2.00%
c [distill] watch-based irred--  cl tried 9432     cl-sh 0     cl-rem 0    lit-rem 0      T: 0.01 T-out: N
c [distill] watch-based red  --  cl tried 6876     cl-sh 13    cl-rem 0    lit-rem 24     T: 0.00 T-out: N
c rst  luby svd  vmt  1109  570 K 1521      34K   783 5.84    5.75     3481  1004   38K   110 33.96   33.88  
c rst  luby svd  vmt  1110  570 K 1521      34K   783 5.84    5.75     3481  1005   38K   110 33.99   33.91  
c rst  luby svd  vmt  1111  570 K 1521      34K   783 5.84    5.75     3481  1005   38K   110 33.99   33.91  
c rst  luby svd  vmt  1112  570 K 1521      34K   783 5.84    5.75     3481  1008   39K   110 34.01   33.93  
c rst  luby svd  vmt  1113  570 K 1521      34K   783 5.84    5.75     3481  1010   39K   110 34.02   33.94  
c rst  luby svd  vmt  1114  571 K 1521      34K   783 5.84    5.75     3482  1012   39K   110 34.05   33.97  
c rst  luby svd  vmt  1115  571 K 1521      34K   783 5.84    5.75     3482  1014   39K   110 34.08   34.00  
c [distill-bin] useful: 0/783/783 lits-rem: 0 cl-rem: 0 0-depth-assigns: 0 T: 0.01 T-out: N
c rst  luby svd  vmt  1116  571 K 1521      34K   783 5.84    5.75     3482  1015   39K   110 34.16   34.08  
c rst  luby svd  vmt  1117  571 K 1521      34K   783 5.84    5.75     3482  1016   40K   110 34.19   34.11  
c rst  luby svd  vmt  1118  571 K 1521      34K   783 5.84    5.75     3482  1016   40K   110 34.18   34.10  
c rst  luby svd  vmt  1119  572 K 1521      34K   783 5.84    5.75     3482  1016   40K   110 34.17   34.09  
c rst  luby svd  vmt  1120  572 K 1521      34K   783 5.84    5.75     3482  1016   40K   110 34.18   34.11  
c rst  luby svd  vmt  1121  572 K 1521      34K   783 5.84    5.75     3482  1016   40K   110 34.21   34.14  
c rst  luby svd  vmt  1122  572 K 1521      34K   783 5.84    5.75     3482  1017   40K   110 34.28   34.20  
c rst  luby svd  vmt  1123  572 K 1521      34K   783 5.84    5.75     3482  1017   41K   110 34.28   34.20  
c rst  luby svd  vmt  1124  573 K 1521      34K   783 5.84    5.75     3482  1022   42K   110 34.32   34.25  
c rst  luby svd  vmt  1125  573 K 1521      34K   783 5.84    5.75     3482  1022   42K   110 34.33   34.25  
c rst  luby svd  vmt  1126  573 K 1521      34K   783 5.84    5.75     3482  1022   42K   110 34.36   34.29  
c rst  luby svd  vmt  1127  574 K 1521      34K   783 5.84    5.75     3482  1022   42K   110 34.40   34.32  
c rst  luby svd  vmt  1128  574 K 1521      34K   783 5.84    5.75     3482  1022   42K   110 34.44   34.36  
c rst  luby svd  vmt  1129  574 K 1521      34K   783 5.84    5.75     3482  1022   42K   110 34.49   34.42  
c rst  luby svd  vmt  1130  574 K 1521      34K   783 5.84    5.75     3482  1022   42K   110 34.52   34.45  
c rst  luby svd  vmt  1131  574 K 1521      34K   783 5.84    5.75     3482  1025   43K   110 34.63   34.55  
c rst  luby svd  vmt  1132  574 K 1521      34K   783 5.84    5.75     3482  1025   43K   110 34.64   34.57  
c rst  luby svd  vmt  1133  575 K 1521      34K   783 5.84    5.75     3482  1025   43K   110 34.66   34.58  
c rst  luby svd  vmt  1134  575 K 1521      34K   783 5.84    5.75     3482  1028   43K   110 34.67   34.59  
c rst  luby svd  vmt  1135  575 K 1521      34K   783 5.84    5.75     3482  1029   43K   110 34.68   34.60  
c rst  luby svd  vmt  1136  575 K 1521      34K   783 5.84    5.75     3482  1029   43K   110 34.70   34.63  
c [gauss] XOR-encoding clauses are not detached, so no need to reattach them.
c [g 0] truth-find prop checks  : 2074K
c [g 0] -> of which prop        : 58.13 %
c [g 0] -> of which confl       :  1.46 %
c [g 0] elim called             : 101K
c [g 0] ---> which lead to prop : 93.13 %
c [g 0] ---> which lead to confl:  3.27 %
c [g 0] size: 76    x 512  
c [scc] new: 0 BP 0M T: 0.00
c [vrep] vars 0 lits 0 rem-bin-cls 0 rem-long-cls 0 BP 0M T: 0.00
c [intree] Set 0 vars hyper-added: 0 trans-irred: 0 trans-red: 0 T: 0.01 T-out: N T-r: -1.12%
c [find&init matx] performing matrix init
c [gauss] XOR-encoding clauses are not detached, so no need to reattach them.
c [xor-rem-unconnected] left with 946 xors from 947 non-empty xors T: 0.00
c [xor-together] xored together: 870 orig xors: 946 new xors: 76 T: 0.00
c [xor-rem-unconnected] left with 76 xors from 76 non-empty xors T: 0.00
c [xor-clean-equiv] removed equivalent xors: 0 left with: 76
c [matrix] unused xors from cleaning: 1
c [matrix] Good   matrix 0 76      x512    density:0.0995  xorlen avg: 50.96
c [matrix] Using 1 matrices recovered from 0 xors T: 0.00 T-out: N
c rst  luby svd  vmt  1137  575 K 1521      34K   783 5.84    5.75     3483  1029   44K   110 34.72   34.64  
c rst  luby svd  vmt  1138  576 K 1521      34K   783 5.84    5.75     3483  1035   44K   110 34.74   34.67  
c rst  luby svd  vmt  1139  576 K 1521      34K   783 5.84    5.75     3483  1038   45K   110 34.83   34.75  
c rst  geom best vmt  1140  576 K 1521      34K   783 5.84    5.75     3483  1040   45K   110 34.82   34.75  
c rst  geom best vmt  1141  577 K 1521      34K   783 5.84    5.75     3483  1042   45K   110 34.83   34.76  
c rst  geom best vmt  1142  577 K 1521      34K   783 5.84    5.75     3483  1042   45K   110 34.85   34.77  
c rst  geom best vmt  1143  577 K 1521      34K   783 5.84    5.75     3483  1042   45K   110 34.90   34.83  
c rst  geom best vmt  1144  577 K 1521      34K   783 5.84    5.75     3483  1044   45K   110 34.91   34.84  
c rst  geom best vmt  1145  577 K 1521      34K   783 5.84    5.75     3483  1044   46K   110 34.93   34.86  
c rst  geom best vmt  1146  577 K 1521      34K   783 5.84    5.75     3483  1044   46K   110 34.95   34.88  
c rst  geom best vmt  1147  578 K 1521      34K   783 5.84    5.75     3483  1045   46K   110 34.92   34.85  
c rst  geom best vmt  1148  578 K 1521      34K   783 5.84    5.75     3484  1047   46K   110 34.96   34.89  
c rst  geom best vmt  1149  578 K 1521      34K   783 5.84    5.75     3484  1047   46K   110 34.97   34.90  
c rst  geom best vmt  1150  578 K 1521      34K   783 5.84    5.75     3485  1050   47K   110 35.00   34.93  
c rst  geom best vmt  1151  579 K 1521      34K   783 5.84    5.75     3486  1055   47K   110 35.06   34.99  
c [full-probe]  bin_only: 0 set: 0 repl: 0 T: 0.01 T-out: N T-r: 97.31%
c rst  geom best vmt  1152  579 K 1521      34K   783 5.84    5.75     3486  1057   47K   110 35.03   34.96  
c rst  geom best vmt  1153  579 K 1521      34K   783 5.84    5.75     3486  1057   48K   110 35.00   34.93  
c rst  geom best vmt  1154  580 K 1521      34K   783 5.84    5.75     3531  1005   48K   110 35.02   34.95  
c rst  geom best vmt  1155  580 K 1521      34K   783 5.84    5.75     3531  1009   49K   110 35.01   34.94  
c rst  geom best vmt  1156  581 K 1521      34K   783 5.84    5.75     3531  1009   49K   110 35.23   35.16  
c rst  geom best vmt  1157  581 K 1521      34K   783 5.84    5.75     3531  1009   50K   110 35.19   35.12  
c rst  geom best vmt  1158  582 K 1521      34K   783 5.84    5.75     3531  1009   50K   110 35.18   35.12  
c [ccnr] saving best assignment phase to stable_polar
c [ccnr] bumping based on clause weights
c [ccnr] Bumped vars: 103 bump type: 6
c [ccnr] time: 0.27
c rst  geom best vmt  1159  583 K 1521      34K   783 5.84    5.75     3531  1010   51K   110 35.02   34.96  
c rst  geom best vmt  1160  583 K 1521      34K   783 5.84    5.75     3531  1014   52K   110 34.79   34.73  
c rst  geom best vmt  1161  584 K 1521      34K   783 5.84    5.75     3531  1030   52K   110 34.81   34.75  
c [distill-long-red0] cls tried: 100/100 T: 0.01 T-out: N T-r: 99.79%
c [distill-long-red1] cls tried: 64/813 T: 0.01 T-out: Y T-r: -2.31%
c rst  geom best vmt  1162  585 K 1521      34K   783 5.84    5.75     3586  1243   37K   110 32.63   32.55  
c rst  geom best vmt  1163  586 K 1521      34K   783 5.84    5.75     3587  1254   38K   110 32.36   32.29  
c [impl-str] lit bin: 0 set-var: 0 T: 0.00 T-out: N T-r: 99.96% w-visit: 3048
c [impl-sub] bin: 6 T: 0.00 T-out: N w-visit: 3048
c rst  geom best vmt  1164  587 K 1521      34K   783 5.84    5.75     3588  1267   39K   104 32.01   31.94  
c rst  geom best vmt  1165  588 K 1521      34K   783 5.84    5.75     3588  1267   40K   104 31.52   31.46  
c rst  geom stb  vmt  1166  589 K 1521      34K   783 5.84    5.75     3588  1274   42K   104 31.23   31.17  
c rst  geom stb  vmt  1167  591 K 1521      34K   783 5.84    5.75     3633  1242   43K   104 30.97   30.91  
c [distill-bin] useful: 0/783/783 lits-rem: 0 cl-rem: 0 0-depth-assigns: 0 T: 0.00 T-out: N
c rst  geom stb  vmt  1168  592 K 1521      34K   783 5.84    5.75     3634  1255   45K   104 30.60   30.54  
c rst  geom stb  vmt  1169  594 K 1521      34K   783 5.84    5.75     3634  1283   46K   104 30.40   30.34  
c [distill] watch-based irred--  cl tried 9432     cl-sh 0     cl-rem 0    lit-rem 0      T: 0.01 T-out: N
c [distill] watch-based red  --  cl tried 7268     cl-sh 9     cl-rem 0    lit-rem 19     T: 0.00 T-out: N
c rst  geom stb  vmt  1170  596 K 1521      34K   783 5.84    5.75     3634  1304   48K   104 30.06   30.01  
c rst  geom stb  vmt  1171  598 K 1521      34K   783 5.84    5.75     3634  1343   50K   104 29.80   29.75  
c rst  geom stb  vmt  1172  600 K 1521      34K   783 5.84    5.75     3816  1784   38K   104 28.01   27.95  
c [branch] adjusting to: vsid (from: vmtf) var_decay:0.95 descr: VSIDS
c [distill-long-red0] cls tried: 287/287 T: 0.02 T-out: N T-r: 99.20%
c [distill-long-red1] cls tried: 35/1513 T: 0.01 T-out: Y T-r: -6.37%
c [full-probe]  bin_only: 1 set: 0 repl: 0 T: 0.00 T-out: N T-r: 99.79%
c rst  geom ibes vs   1173  600 K 1521      34K   783 5.84    5.75     3816  1784   38K   104 27.97   27.91  
c rst  geom ibes vs   1174  600 K 1521      34K   783 5.84    5.75     3816  1784   38K   104 28.05   27.99  
c rst  geom ibes vs   1175  601 K 1521      34K   783 5.84    5.75     3816  1784   38K   104 28.06   28.00  
c rst  geom ibes vs   1176  601 K 1521      34K   783 5.84    5.75     3816  1784   38K   104 28.09   28.03  
c rst  geom ibes vs   1177  601 K 1521      34K   783 5.84    5.75     3816  1785   38K   104 28.12   28.05  
c rst  geom ibes vs   1178  601 K 1521      34K   783 5.84    5.75     3816  1785   38K   104 28.17   28.10  
c rst  geom ibes vs   1179  601 K 1521      34K   783 5.84    5.75     3816  1786   39K   104 28.17   28.11  
c rst  geom ibes vs   1180  601 K 1521      34K   783 5.84    5.75     3816  1786   39K   104 28.17   28.11  
c rst  geom ibes vs   1181  602 K 1521      34K   783 5.84    5.75     3816  1787   39K   104 28.17   28.11  
c rst  geom ibes vs   1182  602 K 1521      34K   783 5.84    5.75     3816  1789   39K   104 28.17   28.11  
c rst  geom ibes vs   1183  602 K 1521      34K   783 5.84    5.75     3816  1789   40K   104 28.28   28.22  
c rst  geom ibes vs   1184  603 K 1521      34K   783 5.84    5.75     3816  1791   40K   104 28.26   28.20  
c rst  geom ibes vs   1185  603 K 1521      34K   783 5.84    5.75     3816  1793   40K   104 28.37   28.31  
c rst  geom ibes vs   1186  603 K 1521      34K   783 5.84    5.75     3816  1794   41K   104 28.52   28.47  
c rst  geom ibes vs   1187  604 K 1521      34K   783 5.84    5.75     3816  1794   41K   104 28.55   28.49  
c rst  geom ibes vs   1188  604 K 1521      34K   783 5.84    5.75     3816  1794   41K   104 28.63   28.58  
c rst  geom ibes vs   1189  605 K 1521      34K   783 5.84    5.75     3816  1794   42K   104 28.63   28.57  
c rst  geom ibes vs   1190  605 K 1521      34K   783 5.84    5.75     3816  1796   42K   104 28.74   28.69  
c rst  geom ibes vs   1191  606 K 1521      34K   783 5.84    5.75     3816  1796   43K   104 28.83   28.78  
c rst  geom ibes vs   1192  606 K 1521      34K   783 5.84    5.75     3816  1800   44K   104 28.87   28.81  
c rst  geom ibes vs   1193  607 K 1521      34K   783 5.84    5.75     3816  1800   44K   104 28.96   28.91  
c rst  geom ibes vs   1194  608 K 1521      34K   783 5.84    5.75     3816  1800   45K   104 28.96   28.91  
c rst  geom ibes vs   1195  609 K 1521      34K   783 5.84    5.75     3816  1804   46K   104 28.99   28.94  
c rst  geom ibes vs   1196  610 K 1521      34K   783 5.84    5.75     3850  1760   47K   104 29.06   29.01  
c rst  geom ibes vs   1197  611 K 1521      34K   783 5.84    5.75     3851  1763   48K   104 29.24   29.19  
c [distill-bin] useful: 0/783/783 lits-rem: 0 cl-rem: 0 0-depth-assigns: 0 T: 0.00 T-out: N
c rst  geom ibes vs   1198  612 K 1521      34K   783 5.84    5.75     3851  1766   49K   104 29.30   29.25  
c rst  geom svd  vs   1199  612 K 1521      34K   783 5.84    5.75     3851  1766   50K   104 29.46   29.41  
c recursive minimization cost OK: 1261Kcost/(% lits removed)
c [gauss] XOR-encoding clauses are not detached, so no need to reattach them.
c [g 0] truth-find prop checks  : 1742K
c [g 0] -> of which prop        : 38.47 %
c [g 0] -> of which confl       :  1.17 %
c [g 0] elim called             : 135K
c [g 0] ---> which lead to prop : 47.61 %
c [g 0] ---> which lead to confl:  1.38 %
c [g 0] size: 76    x 512  
c --> Executing strategy token: scc-vrepl
c [scc] new: 0 BP 0M T: 0.00
c --> Executing strategy token: sub-impl
c [impl-sub] bin: 0 T: 0.00 T-out: N w-visit: 3048
c --> Executing strategy token: breakid
c --> Executing OCC strategy token(s): 'occ-backw-sub-str,occ-clean-implicit,occ-bve,occ-bva,occ-ternary-res,occ-xor,'
c [occ] mem usage for occur 3      MB
c [occ] Linked in IRRED BIN by default: 783
c [occ] Linked in RED   BIN by default: 104
c [occ] mem usage for occur 0      MB
c Mem for watch alloc      : 15          MB (25.76     %)
c Mem for watch array      : 0           MB (0.12      %)
c --> Executing OCC strategy token: occ-backw-sub-str
c [occ-backw-sub-str-long-w-bins] subs: 0 str: 8 tried: 9510 0-depth ass: 0 T: 0.00 T-out: N T-r: 99.20%
c [occ-backw-sub-long-w-long] rem cl: 117 tried: 89977/89977 (100.0%) T: 0.03 T-out: N T-r: 83.82%
c [occ-backw-sub-str-long-w-long] sub: 0 str: 45 tried: 269931/89977 (300.0)  T: 0.18 T-out: N T-r: 63.32%
c --> Executing OCC strategy token: occ-clean-implicit
c --> Executing OCC strategy token: occ-bve
c [occ-empty-res] Empty resolvent elimed: 0 T: 0.00 T-out: N
c [occ-bve] iter v-elim 0
c cl_inc_rate=1.0, var_dec_rate=1.0 (grow=0)
c Reduced to 1521 vars, 34913 cls (grow=0)
c [occ-bve] iter v-elim 0
c cl_inc_rate=1.0, var_dec_rate=1.0 (grow=8)
c Reduced to 1521 vars, 34913 cls (grow=8)
c [occ-bve] iter v-elim 2
c cl_inc_rate=1.0, var_dec_rate=1.0 (grow=16)
c Reduced to 1519 vars, 34909 cls (grow=16)
c x n vars       : 1519
c #try to eliminate:  4577
c #var-elim        :     2
c #T-o: N
c #T-r: 99.99%
c #T  : 0.24
c [occur] 0.03 is overhead
c [occur] link-in T: 0.03 cleanup T: 0.00
c --> Executing OCC strategy token: occ-bva
c --> Executing OCC strategy token: occ-ternary-res
c [occ-ternary-res] Ternary res-tri: 0 res-bin: 0 sub: 0 str: 0 T: 0.00 T-out: N T-r: 99.79%
c --> Executing OCC strategy token: occ-xor
c [occ-xor] sort occur list T: 0.00
c [xor-clean-equiv] removed equivalent xors: 0 left with: 937
c [occ-xor] found    937 avg sz 5.9 min sz  4 max sz  6 T: 0.00 T-out: N T-r: 99.97%
c --> Executing strategy token: card-find
c --> Executing strategy token: cl-consolidate
c Not consolidating memory.
c --> Executing strategy token: scc-vrepl
c [scc] new: 0 BP 0M T: 0.00
c --> Executing strategy token: renumber
c --> Executing strategy token: bosphorus
c --> Executing strategy token: louvain-comms
c [consolidate] mini T: 0.00
c global_timeout_multiplier: 4.8315
c [branch] rebuilding order heap for all branchings. Current branching: vsid
c [find&init matx] performing matrix init
c [gauss] XOR-encoding clauses are not detached, so no need to reattach them.
c [xor-rem-unconnected] left with 936 xors from 937 non-empty xors T: 0.00
c [xor-together] xored together: 857 orig xors: 936 new xors: 79 T: 0.00
c [xor-rem-unconnected] left with 79 xors from 79 non-empty xors T: 0.00
c [xor-clean-equiv] removed equivalent xors: 0 left with: 79
c [matrix] unused xors from cleaning: 1
c [matrix] Good   matrix  0     79 x  521  density:0.0933  xorlen avg: 48.59
c [matrix] Using 1 matrices recovered from 0 xors T: 0.00 T-out: N
c rst  geom  svd   vs  1200  613K    1519   34K   783    5.84    5.75  3722  1842   50K   104   29.62   29.57
c rst  geom  svd   vs  1201  615K    1519   34K   783    5.84    5.75  3722  1844   38K   104   26.24   26.19
c rst  geom  svd   vs  1202  616K    1519   34K   783    5.84    5.75  3722  1851   39K   104   26.75   26.69
c [distill-long-red0] cls tried: 44/44 T: 0.00 T-out: N T-r: 99.87%
c [distill-long-red1] cls tried: 38/1550 T: 0.01 T-out: Y T-r: -5.35%
c rst  geom  svd   vs  1203  618K    1519   34K   783    5.84    5.75  3724  1858   41K   104   27.50   27.44
c rst  geom  svd   vs  1204  620K    1519   34K   783    5.84    5.75  3756  1899   43K   104   27.54   27.49
c [distill] watch-based irred--  cl tried    10060 cl-sh     0 cl-rem    0 lit-rem      0 T: 0.01 T-out: N
c [distill] watch-based   red--  cl tried     7512 cl-sh     5 cl-rem    0 lit-rem      6 T: 0.01 T-out: N
c rst  geom  svd   vs  1205  622K    1519   34K   783    5.84    5.75  3756  1916   45K   104   27.50   27.45
c [full-probe]  bin_only: 0 set: 0 repl: 0 T: 0.01 T-out: N T-r: 96.96%
c rst  geom  svd   vs  1206  624K    1519   34K   783    5.84    5.75  3757  1931   47K   104   27.27   27.22
c rst  geom best   vs  1207  627K    1519   34K   783    5.84    5.75  3758  1972   49K   104   26.92   26.87
c [ccnr] saving best assignment phase to stable_polar
c [ccnr] bumping based on var unsat frequency: conflict_ct
c [ccnr] Bumped vars: 1524 bump type: 6
c [ccnr] time: 0.28
c rst  geom best   vs  1208  629K    1519   34K   783    5.84    5.75  3758  2001   52K   104   27.46   27.41
c rst  geom best   vs  1209  632K    1519   34K   783    5.84    5.75  3969  2133   38K   104   26.93   26.87
c [distill-long-red0] cls tried: 245/245 T: 0.02 T-out: N T-r: 99.14%
c [distill-long-red1] cls tried: 32/1820 T: 0.02 T-out: Y T-r: -7.35%
c [distill-bin] useful: 1/783/783 lits-rem: 0 cl-rem: 1 0-depth-assigns: 0 T: 0.00 T-out: N
c rst  geom best   vs  1210  636K    1519   34K   782    5.84    5.75  3971  2201   42K   104   26.75   26.69
c rst  geom  stb   vs  1211  639K    1519   34K   782    5.84    5.75  3972  2224   45K   104   25.83   25.78
c rst  geom  stb   vs  1212  643K    1519   34K   782    5.84    5.75  4044  2125   49K   104   25.12   25.08
c [full-probe]  bin_only: 1 set: 0 repl: 0 T: 0.01 T-out: N T-r: 99.78%
c [gauss] XOR-encoding clauses are not detached, so no need to reattach them.
c [g 0] truth-find prop checks  : 1679K
c [g 0] -> of which prop        : 32.40 %
c [g 0] -> of which confl       :  1.17 %
c [g 0] elim called             : 130K
c [g 0] ---> which lead to prop : 36.85 %
c [g 0] ---> which lead to confl:  0.75 %
c [g 0] size: 79    x 521  
c [scc] new: 0 BP 0M T: 0.00
c [vrep] vars 0 lits 0 rem-bin-cls 0 rem-long-cls 0 BP 0M T: 0.01
c [intree] Set 0 vars hyper-added: 1 trans-irred: 0 trans-red: 0 T: 0.00 T-out: N T-r: -0.42%
c [find&init matx] performing matrix init
c [gauss] XOR-encoding clauses are not detached, so no need to reattach them.
c [xor-rem-unconnected] left with 936 xors from 937 non-empty xors T: 0.00
c [xor-together] xored together: 857 orig xors: 936 new xors: 79 T: 0.00
c [xor-rem-unconnected] left with 79 xors from 79 non-empty xors T: 0.00
c [xor-clean-equiv] removed equivalent xors: 0 left with: 79
c [matrix] unused xors from cleaning: 1
c [matrix] Good   matrix 0 79      x521    density:0.0933  xorlen avg: 48.59
c [matrix] Using 1 matrices recovered from 0 xors T: 0.00 T-out: N
c rst  geom stb  vs   1213  648 K 1519      34K   782 5.84    5.75     4070  2632   40K   105 22.90   22.86  
c [distill-long-red0] cls tried: 101/101 T: 0.01 T-out: N T-r: 99.63%
c [distill-long-red1] cls tried: 32/2299 T: 0.02 T-out: Y T-r: -6.42%
c [distill] watch-based irred--  cl tried 10060    cl-sh 0     cl-rem 0    lit-rem 0      T: 0.01 T-out: N
c [distill] watch-based red  --  cl tried 8140     cl-sh 6     cl-rem 0    lit-rem 24     T: 0.01 T-out: N
c [impl-str] lit bin: 0 set-var: 0 T: 0.00 T-out: N T-r: 99.96% w-visit: 3048
c [impl-sub] bin: 0 T: 0.00 T-out: N w-visit: 3048
c rst  geom ibes vs   1214  652 K 1519      34K   782 5.84    5.75     4142  2446   45K   105 22.28   22.24  
c [distill-bin] useful: 0/782/782 lits-rem: 0 cl-rem: 0 0-depth-assigns: 0 T: 0.01 T-out: N
c rst  geom ibes vs   1215  658 K 1519      34K   782 5.84    5.75     4143  2494   50K   105 21.66   21.63  
c rst  geom ibes vs   1216  664 K 1519      34K   782 5.84    5.75     4268  2966   41K   105 17.20   17.17  
c [distill-long-red0] cls tried: 199/199 T: 0.03 T-out: N T-r: 98.82%
c [distill-long-red1] cls tried: 31/2650 T: 0.01 T-out: Y T-r: -7.21%
c [full-probe]  bin_only: 0 set: 0 repl: 0 T: 0.00 T-out: N T-r: 98.35%
c rst  geom svd  vs   1217  670 K 1519      34K   782 5.84    5.75     4332  2839   48K   105 16.99   16.96  
c [branch] adjusting to: vmtf (from: vsid) var_decay:0.95 descr: VMTF
c rst  luby svd  vmt  1218  670 K 1519      34K   782 5.84    5.75     4334  2862   48K   105 16.99   16.96  
c rst  luby svd  vmt  1219  670 K 1519      34K   782 5.84    5.75     4334  2862   48K   105 17.02   16.99  
c rst  luby svd  vmt  1220  670 K 1519      34K   782 5.84    5.75     4334  2863   48K   105 17.14   17.12  
c rst  luby svd  vmt  1221  670 K 1519      34K   782 5.84    5.75     4334  2863   48K   105 17.17   17.15  
c rst  luby svd  vmt  1222  671 K 1519      34K   782 5.84    5.75     4334  2863   48K   105 17.25   17.22  
c [ccnr] saving best assignment phase to stable_polar
c [ccnr] bumping based on var unsat frequency: conflict_ct
c [ccnr] Bumped vars: 1524 bump type: 6
c [ccnr] time: 0.29
c rst  luby svd  vmt  1223  671 K 1519      34K   782 5.84    5.75     4343  2873   48K   105 17.35   17.32  
c rst  luby svd  vmt  1224  671 K 1519      34K   782 5.84    5.75     4343  2889   49K   105 17.50   17.47  
c rst  luby svd  vmt  1225  671 K 1519      34K   782 5.84    5.75     4343  2889   49K   105 17.54   17.51  
c rst  luby svd  vmt  1226  671 K 1519      34K   782 5.84    5.75     4343  2889   49K   105 17.57   17.54  
c rst  luby svd  vmt  1227  672 K 1519      34K   782 5.84    5.75     4343  2889   49K   105 17.68   17.65  
c rst  luby svd  vmt  1228  672 K 1519      34K   782 5.84    5.75     4343  2889   49K   105 17.70   17.67  
c rst  luby svd  vmt  1229  672 K 1519      34K   782 5.84    5.75     4343  2890   49K   105 17.73   17.70  
c rst  luby svd  vmt  1230  672 K 1519      34K   782 5.84    5.75     4343  2890   50K   105 17.82   17.79  
c rst  luby svd  vmt  1231  672 K 1519      34K   782 5.84    5.75     4344  2891   50K   105 17.98   17.95  
c rst  luby svd  vmt  1232  673 K 1519      34K   782 5.84    5.75     4344  2895   51K   105 18.35   18.32  
c [distill-bin] useful: 0/782/782 lits-rem: 0 cl-rem: 0 0-depth-assigns: 0 T: 0.00 T-out: N
c [distill] watch-based irred--  cl tried 9103     cl-sh 0     cl-rem 0    lit-rem 0      T: 0.02 T-out: Y
c [distill] watch-based red  --  cl tried 7997     cl-sh 5     cl-rem 0    lit-rem 30     T: 0.01 T-out: Y
c rst  luby svd  vmt  1233  673 K 1519      34K   782 5.84    5.75     4344  2895   51K   105 18.40   18.38  
c rst  luby svd  vmt  1234  673 K 1519      34K   782 5.84    5.75     4344  2895   51K   105 18.45   18.42  
c rst  luby svd  vmt  1235  674 K 1519      34K   782 5.84    5.75     4344  2900   51K   105 18.53   18.50  
c rst  luby svd  vmt  1236  674 K 1519      34K   782 5.84    5.75     4344  2901   51K   105 18.58   18.55  
c rst  luby svd  vmt  1237  674 K 1519      34K   782 5.84    5.75     4344  2903   51K   105 18.63   18.60  
c rst  luby svd  vmt  1238  674 K 1519      34K   782 5.84    5.75     4344  2904   52K   105 18.68   18.65  
c rst  luby svd  vmt  1239  674 K 1519      34K   782 5.84    5.75     4344  2904   52K   105 18.73   18.70  
c rst  luby svd  vmt  1240  675 K 1519      34K   782 5.84    5.75     4344  2904   52K   105 18.77   18.74  
c rst  luby svd  vmt  1241  675 K 1519      34K   782 5.84    5.75     4349  3347   37K   105 17.24   17.21  
c rst  luby svd  vmt  1242  675 K 1519      34K   782 5.84    5.75     4349  3347   37K   105 17.35   17.31  
c rst  luby svd  vmt  1243  675 K 1519      34K   782 5.84    5.75     4349  3347   37K   105 17.42   17.38  
c rst  luby svd  vmt  1244  675 K 1519      34K   782 5.84    5.75     4349  3348   37K   105 17.47   17.43  
c rst  luby svd  vmt  1245  675 K 1519      34K   782 5.84    5.75     4349  3349   38K   105 17.53   17.49  
c rst  luby svd  vmt  1246  676 K 1519      34K   782 5.84    5.75     4349  3355   38K   105 17.74   17.70  
c rst  geom best vmt  1247  676 K 1519      34K   782 5.84    5.75     4349  3356   38K   105 17.77   17.74  
c rst  geom best vmt  1248  676 K 1519      34K   782 5.84    5.75     4349  3356   38K   105 17.82   17.78  
c rst  geom best vmt  1249  676 K 1519      34K   782 5.84    5.75     4349  3356   38K   105 17.89   17.86  
c rst  geom best vmt  1250  676 K 1519      34K   782 5.84    5.75     4349  3356   38K   105 17.92   17.88  
c rst  geom best vmt  1251  676 K 1519      34K   782 5.84    5.75     4349  3359   39K   105 17.98   17.95  
c rst  geom best vmt  1252  676 K 1519      34K   782 5.84    5.75     4349  3359   39K   105 18.06   18.03  
c rst  geom best vmt  1253  677 K 1519      34K   782 5.84    5.75     4350  3359   39K   105 18.15   18.11  
c rst  geom best vmt  1254  677 K 1519      34K   782 5.84    5.75     4350  3359   39K   105 18.26   18.23  
c rst  geom best vmt  1255  677 K 1519      34K   782 5.84    5.75     4350  3359   39K   105 18.33   18.30  
c rst  geom best vmt  1256  677 K 1519      34K   782 5.84    5.75     4350  3360   40K   105 18.47   18.44  
c rst  geom best vmt  1257  678 K 1519      34K   782 5.84    5.75     4350  3363   40K   105 18.59   18.56  
c rst  geom best vmt  1258  678 K 1519      34K   782 5.84    5.75     4350  3363   40K   105 18.67   18.63  
c rst  geom best vmt  1259  678 K 1519      34K   782 5.84    5.75     4350  3363   41K   105 18.74   18.71  
c rst  geom best vmt  1260  679 K 1519      34K   782 5.84    5.75     4350  3364   41K   105 18.83   18.79  
c [distill-long-red0] cls tried: 81/81 T: 0.01 T-out: N T-r: 99.65%
c [distill-long-red1] cls tried: 25/3058 T: 0.01 T-out: Y T-r: -6.62%
c rst  geom best vmt  1261  679 K 1519      34K   782 5.84    5.75     4350  3366   41K   105 19.03   18.99  
c rst  geom best vmt  1262  680 K 1519      34K   782 5.84    5.75     4404  3031   42K   105 19.23   19.20  
c rst  geom best vmt  1263  680 K 1519      34K   782 5.84    5.75     4404  3033   43K   105 19.40   19.36  
c rst  geom best vmt  1264  681 K 1519      34K   782 5.84    5.75     4404  3033   43K   105 19.52   19.48  
c rst  geom best vmt  1265  681 K 1519      34K   782 5.84    5.75     4404  3033   44K   105 19.68   19.65  
c rst  geom best vmt  1266  682 K 1519      34K   782 5.84    5.75     4404  3037   44K   105 19.85   19.81  
c rst  geom best vmt  1267  683 K 1519      34K   782 5.84    5.75     4405  3040   45K   105 20.07   20.04  
c rst  geom best vmt  1268  683 K 1519      34K   782 5.84    5.75     4406  3048   46K   105 20.36   20.33  
c rst  geom best vmt  1269  684 K 1519      34K   782 5.84    5.75     4406  3048   47K   105 20.56   20.52  
c [full-probe]  bin_only: 1 set: 0 repl: 0 T: 0.00 T-out: N T-r: 99.85%
c rst  geom best vmt  1270  685 K 1519      34K   782 5.84    5.75     4406  3054   48K   105 21.07   21.03  
c rst  geom best vmt  1271  686 K 1519      34K   782 5.84    5.75     4406  3066   49K   105 21.50   21.47  
c rst  geom best vmt  1272  687 K 1519      34K   782 5.84    5.75     4406  3072   50K   105 21.94   21.90  
c rst  geom best vmt  1273  689 K 1519      34K   782 5.84    5.75     4406  3074   51K   105 22.38   22.34  
c rst  geom stb  vmt  1274  690 K 1519      34K   782 5.84    5.75     4446  3022   38K   105 24.80   24.75  
c rst  geom stb  vmt  1275  692 K 1519      34K   782 5.84    5.75     4446  3031   40K   105 25.32   25.27  
c rst  geom stb  vmt  1276  693 K 1519      34K   782 5.84    5.75     4446  3042   41K   105 25.71   25.66  
c [distill-bin] useful: 0/782/782 lits-rem: 0 cl-rem: 0 0-depth-assigns: 0 T: 0.00 T-out: N
c rst  geom stb  vmt  1277  695 K 1519      34K   782 5.84    5.75     4446  3047   43K   105 26.34   26.29  
c [distill-long-red0] cls tried: 95/95 T: 0.00 T-out: N T-r: 99.86%
c [distill-long-red1] cls tried: 25/2802 T: 0.02 T-out: Y T-r: -5.22%
c rst  geom stb  vmt  1278  697 K 1519      34K   782 5.84    5.75     4446  3047   45K   105 26.70   26.65  
c rst  geom stb  vmt  1279  699 K 1519      34K   782 5.84    5.75     4446  3048   48K   105 27.14   27.09  
c [distill] watch-based irred--  cl tried 10060    cl-sh 0     cl-rem 0    lit-rem 0      T: 0.01 T-out: N
c [distill] watch-based red  --  cl tried 8892     cl-sh 7     cl-rem 0    lit-rem 13     T: 0.01 T-out: N
c rst  geom stb  vmt  1280  702 K 1519      34K   782 5.84    5.75     4479  2789   50K   105 27.78   27.73  
c rst  geom ibes vmt  1281  705 K 1519      34K   782 5.84    5.75     4490  2917   38K   105 31.97   31.90  
c [full-probe]  bin_only: 0 set: 0 repl: 0 T: 0.01 T-out: N T-r: 97.77%
c rst  geom ibes vmt  1282  708 K 1519      34K   782 5.84    5.75     4490  2931   41K   105 32.48   32.42  
c [impl-str] lit bin: 0 set-var: 0 T: 0.00 T-out: N T-r: 99.96% w-visit: 3048
c [impl-sub] bin: 0 T: 0.00 T-out: N w-visit: 3048
c rst  geom ibes vmt  1283  711 K 1519      34K   782 5.84    5.75     4513  2527   45K   105 32.87   32.81  
c [distill-long-red0] cls tried: 73/73 T: 0.00 T-out: N T-r: 99.83%
c [distill-long-red1] cls tried: 33/2331 T: 0.02 T-out: Y T-r: -4.14%
c [gauss] XOR-encoding clauses are not detached, so no need to reattach them.
c [g 0] truth-find prop checks  : 3083K
c [g 0] -> of which prop        : 40.15 %
c [g 0] -> of which confl       :  1.19 %
c [g 0] elim called             : 216K
c [g 0] ---> which lead to prop : 54.60 %
c [g 0] ---> which lead to confl:  1.22 %
c [g 0] size: 79    x 521  
c [scc] new: 0 BP 0M T: 0.00
c [vrep] vars 0 lits 0 rem-bin-cls 0 rem-long-cls 0 BP 0M T: 0.01
c [intree] Set 0 vars hyper-added: 0 trans-irred: 0 trans-red: 0 T: 0.01 T-out: N T-r: -1.27%
c [find&init matx] performing matrix init
c [gauss] XOR-encoding clauses are not detached, so no need to reattach them.
c [xor-rem-unconnected] left with 936 xors from 937 non-empty xors T: 0.00
c [xor-together] xored together: 857 orig xors: 936 new xors: 79 T: 0.00
c [xor-rem-unconnected] left with 79 xors from 79 non-empty xors T: 0.00
c [xor-clean-equiv] removed equivalent xors: 0 left with: 79
c [matrix] unused xors from cleaning: 1
c [matrix] Good   matrix 0 79      x521    density:0.0933  xorlen avg: 48.59
c [matrix] Using 1 matrices recovered from 0 xors T: 0.00 T-out: N
c rst  geom ibes vmt  1284  715 K 1519      34K   782 5.84    5.75     4514  2534   49K   105 33.47   33.41  
c [distill-bin] useful: 0/782/782 lits-rem: 0 cl-rem: 0 0-depth-assigns: 0 T: 0.01 T-out: N
c [ccnr] saving best assignment phase to stable_polar
c [ccnr] bumping based on clause weights
c [ccnr] Bumped vars: 104 bump type: 6
c [ccnr] time: 0.28
c rst  geom svd  vmt  1285  719 K 1519      34K   782 5.84    5.75     4515  2630   52K   105 32.77   32.72  
c rst  geom svd  vmt  1286  723 K 1519      34K   782 5.84    5.75     4678  2703   42K   105 31.83   31.77  
c rst  geom svd  vmt  1287  728 K 1519      34K   782 5.84    5.75     4684  2860   46K   105 30.60   30.54  
c [distill-long-red0] cls tried: 169/169 T: 0.01 T-out: N T-r: 99.65%
c [distill-long-red1] cls tried: 31/2653 T: 0.02 T-out: Y T-r: -2.06%
c [full-probe]  bin_only: 1 set: 0 repl: 0 T: 0.00 T-out: N T-r: 99.79%
c [distill] watch-based irred--  cl tried 10060    cl-sh 0     cl-rem 0    lit-rem 0      T: 0.01 T-out: N
c [distill] watch-based red  --  cl tried 9368     cl-sh 10    cl-rem 0    lit-rem 16     T: 0.01 T-out: N
c rst  geom best vmt  1288  733 K 1519      34K   782 5.84    5.75     4873  2322   52K   105 29.63   29.58  
c rst  geom best vmt  1289  739 K 1519      34K   782 5.84    5.75     4963  3133   42K   105 25.31   25.26  
c [branch] adjusting to: vsid (from: vmtf) var_decay:0.95 descr: VSIDS
c [distill-bin] useful: 0/782/782 lits-rem: 0 cl-rem: 0 0-depth-assigns: 0 T: 0.00 T-out: N
c rst  geom best vs   1290  739 K 1519      34K   782 5.84    5.75     4963  3133   42K   105 25.31   25.26  
c rst  geom best vs   1291  739 K 1519      34K   782 5.84    5.75     4963  3133   42K   105 25.30   25.26  
c rst  geom best vs   1292  739 K 1519      34K   782 5.84    5.75     4963  3133   43K   105 25.28   25.24  
c rst  geom best vs   1293  739 K 1519      34K   782 5.84    5.75     4963  3134   43K   105 25.27   25.22  
c rst  geom best vs   1294  740 K 1519      34K   782 5.84    5.75     5097  2452   43K   105 25.25   25.20  
c rst  geom best vs   1295  740 K 1519      34K   782 5.84    5.75     5097  2453   44K   105 25.22   25.17  
c rst  geom best vs   1296  740 K 1519      34K   782 5.84    5.75     5097  2453   44K   105 25.20   25.15  
c rst  geom best vs   1297  740 K 1519      34K   782 5.84    5.75     5097  2454   44K   105 25.18   25.13  
c rst  geom stb  vs   1298  740 K 1519      34K   782 5.84    5.75     5097  2454   44K   105 25.16   25.12  
c rst  geom stb  vs   1299  741 K 1519      34K   782 5.84    5.75     5097  2459   44K   105 25.15   25.10  
c rst  geom stb  vs   1300  741 K 1519      34K   782 5.84    5.75     5097  2459   45K   105 25.11   25.07  
c rst  geom stb  vs   1301  741 K 1519      34K   782 5.84    5.75     5097  2463   45K   105 25.06   25.02  
c rst  geom stb  vs   1302  742 K 1519      34K   782 5.84    5.75     5097  2464   45K   105 25.04   24.99  
c rst  geom stb  vs   1303  742 K 1519      34K   782 5.84    5.75     5097  2464   46K   105 24.99   24.94  
c rst  geom stb  vs   1304  742 K 1519      34K   782 5.84    5.75     5097  2465   46K   105 24.92   24.87  
c rst  geom stb  vs   1305  743 K 1519      34K   782 5.84    5.75     5097  2467   47K   105 24.90   24.86  
c [distill-long-red0] cls tried: 421/421 T: 0.05 T-out: N T-r: 98.28%
c [distill-long-red1] cls tried: 31/2325 T: 0.01 T-out: Y T-r: -4.41%
c rst  geom stb  vs   1306  743 K 1519      34K   782 5.84    5.75     5097  2472   47K   105 24.83   24.78  
c rst  geom stb  vs   1307  744 K 1519      34K   782 5.84    5.75     5097  2473   48K   105 24.80   24.75  
c rst  geom stb  vs   1308  745 K 1519      34K   782 5.84    5.75     5097  2478   48K   105 24.80   24.76  
c rst  geom stb  vs   1309  745 K 1519      34K   782 5.84    5.75     5097  2479   49K   105 24.74   24.70  
c rst  geom stb  vs   1310  746 K 1519      34K   782 5.84    5.75     5098  2484   50K   105 24.67   24.63  
c rst  geom stb  vs   1311  747 K 1519      34K   782 5.84    5.75     5098  2502   50K   105 24.74   24.70  
c rst  geom stb  vs   1312  748 K 1519      34K   782 5.84    5.75     5098  2507   51K   105 24.66   24.62  
c rst  geom stb  vs   1313  749 K 1519      34K   782 5.84    5.75     5098  2508   52K   105 24.52   24.48  
c [full-probe]  bin_only: 0 set: 0 repl: 0 T: 0.00 T-out: N T-r: 98.22%
c rst  geom stb  vs   1314  750 K 1519      34K   782 5.84    5.75     5225  2795   38K   105 20.07   20.03  
c rst  geom stb  vs   1315  751 K 1519      34K   782 5.84    5.75     5225  2812   40K   105 20.17   20.13  
c rst  geom stb  vs   1316  752 K 1519      34K   782 5.84    5.75     5225  2817   41K   105 20.02   19.98  
c rst  geom stb  vs   1317  753 K 1519      34K   782 5.84    5.75     5225  2823   42K   105 19.99   19.95  
c [distill] watch-based irred--  cl tried 10060    cl-sh 0     cl-rem 0    lit-rem 0      T: 0.02 T-out: N
c [distill] watch-based red  --  cl tried 9347     cl-sh 9     cl-rem 0    lit-rem 64     T: 0.02 T-out: Y
c rst  geom ibes vs   1318  755 K 1519      34K   782 5.84    5.75     5226  2836   44K   105 19.85   19.82  
c rst  geom ibes vs   1319  757 K 1519      34K   782 5.84    5.75     5228  2853   45K   105 19.68   19.64  
c rst  geom ibes vs   1320  759 K 1519      34K   782 5.84    5.75     5229  2874   47K   105 19.50   19.47  
c [distill-long-red0] cls tried: 136/136 T: 0.02 T-out: N T-r: 99.19%
c [distill-long-red1] cls tried: 34/2710 T: 0.01 T-out: Y T-r: -3.05%
c rst  geom ibes vs   1321  761 K 1519      34K   782 5.84    5.75     5319  2739   49K   105 19.28   19.25  
c [distill-bin] useful: 0/782/782 lits-rem: 0 cl-rem: 0 0-depth-assigns: 0 T: 0.01 T-out: N
c [ccnr] saving best assignment phase to stable_polar
c [ccnr] bumping based on var unsat frequency: conflict_ct
c [ccnr] Bumped vars: 1524 bump type: 6
c [ccnr] time: 0.26
c rst  geom ibes vs   1322  763 K 1519      34K   782 5.84    5.75     5319  2772   52K   105 19.09   19.06  
c rst  geom ibes vs   1323  765 K 1519      34K   782 5.84    5.75     5357  3527   38K   105 16.35   16.32  
c rst  geom ibes vs   1324  768 K 1519      34K   782 5.84    5.75     5358  3555   41K   105 16.36   16.33  
c [impl-str] lit bin: 0 set-var: 0 T: 0.00 T-out: N T-r: 99.96% w-visit: 3048
c [impl-sub] bin: 0 T: 0.00 T-out: N w-visit: 3048
c rst  geom svd  vs   1325  771 K 1519      34K   782 5.84    5.75     5433  3436   44K   105 16.59   16.56  
c [full-probe]  bin_only: 1 set: 0 repl: 0 T: 0.01 T-out: N T-r: 99.78%
c rst  geom svd  vs   1326  774 K 1519      34K   782 5.84    5.75     5433  3454   47K   105 16.72   16.69  
c [distill-long-red0] cls tried: 204/204 T: 0.03 T-out: N T-r: 98.57%
c [distill-long-red1] cls tried: 25/3273 T: 0.02 T-out: Y T-r: -7.80%
c rst  geom svd  vs   1327  778 K 1519      34K   782 5.84    5.75     5434  3470   51K   105 16.65   16.62  
c [gauss] XOR-encoding clauses are not detached, so no need to reattach them.
c [g 0] truth-find prop checks  : 3999K
c [g 0] -> of which prop        : 28.58 %
c [g 0] -> of which confl       :  1.06 %
c [g 0] elim called             : 345K
c [g 0] ---> which lead to prop : 35.30 %
c [g 0] ---> which lead to confl:  0.70 %
c [g 0] size: 79    x 521  
c [scc] new: 0 BP 0M T: 0.00
c [vrep] vars 0 lits 0 rem-bin-cls 0 rem-long-cls 0 BP 0M T: 0.00
c [intree] Set 0 vars hyper-added: 0 trans-irred: 0 trans-red: 0 T: 0.00 T-out: N T-r: -1.75%
c [find&init matx] performing matrix init
c [gauss] XOR-encoding clauses are not detached, so no need to reattach them.
c [xor-rem-unconnected] left with 936 xors from 937 non-empty xors T: 0.00
c [xor-together] xored together: 857 orig xors: 936 new xors: 79 T: 0.00
c [xor-rem-unconnected] left with 79 xors from 79 non-empty xors T: 0.00
c [xor-clean-equiv] removed equivalent xors: 0 left with: 79
c [matrix] unused xors from cleaning: 1
c [matrix] Good   matrix 0 79      x521    density:0.0933  xorlen avg: 48.59
c [matrix] Using 1 matrices recovered from 0 xors T: 0.00 T-out: N
c rst  geom svd  vs   1328  782 K 1519      34K   782 5.84    5.75     5513  3828   40K   105 16.01   15.98  
c [distill-bin] useful: 0/782/782 lits-rem: 0 cl-rem: 0 0-depth-assigns: 0 T: 0.00 T-out: N
c [distill] watch-based irred--  cl tried 10060    cl-sh 0     cl-rem 0    lit-rem 0      T: 0.02 T-out: N
c [distill] watch-based red  --  cl tried 8945     cl-sh 6     cl-rem 0    lit-rem 20     T: 0.02 T-out: Y
c rst  geom best vs   1329  786 K 1519      34K   782 5.84    5.75     5513  3863   44K   105 16.36   16.33  
c rst  geom best vs   1330  791 K 1519      34K   782 5.84    5.75     5612  3573   50K   105 16.33   16.30  
c [distill-long-red0] cls tried: 180/180 T: 0.04 T-out: N T-r: 98.67%
c [distill-long-red1] cls tried: 23/3422 T: 0.02 T-out: Y T-r: -10.94%
c [full-probe]  bin_only: 0 set: 0 repl: 0 T: 0.00 T-out: N T-r: 98.28%
c rst  geom best vs   1331  796 K 1519      34K   782 5.84    5.75     5644  4484   40K   105 15.94   15.91  
c rst  geom stb  vs   1332  802 K 1519      34K   782 5.84    5.75     5748  4205   46K   105 16.29   16.27  
c [distill-bin] useful: 0/782/782 lits-rem: 0 cl-rem: 0 0-depth-assigns: 0 T: 0.00 T-out: N
c rst  geom stb  vs   1333  809 K 1519      34K   782 5.84    5.75     5755  4389   52K   105 16.97   16.94  
c [distill-long-red0] cls tried: 142/142 T: 0.03 T-out: N T-r: 98.91%
c [distill-long-red1] cls tried: 30/4240 T: 0.01 T-out: Y T-r: -5.33%
c [distill] watch-based irred--  cl tried 9184     cl-sh 0     cl-rem 0    lit-rem 0      T: 0.02 T-out: Y
c [distill] watch-based red  --  cl tried 8287     cl-sh 12    cl-rem 0    lit-rem 60     T: 0.02 T-out: Y
c [ccnr] saving best assignment phase to stable_polar
c [ccnr] bumping based on var unsat frequency: conflict_ct
c [ccnr] Bumped vars: 1524 bump type: 6
c [ccnr] time: 0.27
c rst  geom stb  vs   1334  816 K 1519      34K   782 5.84    5.75     5888  5121   43K   105 16.93   16.90  
c [full-probe]  bin_only: 1 set: 0 repl: 0 T: 0.00 T-out: N T-r: 99.81%
c rst  geom ibes vs   1335  824 K 1519      34K   782 5.84    5.75     6061  5108   51K   105 17.18   17.16  
c [branch] adjusting to: vmtf (from: vsid) var_decay:0.95 descr: VMTF
c [distill-bin] useful: 0/782/782 lits-rem: 0 cl-rem: 0 0-depth-assigns: 0 T: 0.00 T-out: N
c rst  luby ibes vmt  1336  824 K 1519      34K   782 5.84    5.75     6064  5122   51K   105 17.20   17.17  
c rst  luby ibes vmt  1337  824 K 1519      34K   782 5.84    5.75     6064  5128   51K   105 17.24   17.21  
c [distill-long-red0] cls tried: 320/320 T: 0.07 T-out: N T-r: 97.51%
c [distill-long-red1] cls tried: 30/4986 T: 0.01 T-out: Y T-r: -4.48%
c rst  luby ibes vmt  1338  824 K 1519      34K   782 5.84    5.75     6064  5129   52K   105 17.26   17.24  
c rst  luby ibes vmt  1339  824 K 1519      34K   782 5.84    5.75     6064  5129   52K   105 17.28   17.26  
c rst  luby ibes vmt  1340  824 K 1519      34K   782 5.84    5.75     6064  5129   52K   105 17.30   17.28  
c rst  luby ibes vmt  1341  824 K 1519      34K   782 5.84    5.75     6064  5130   52K   105 17.37   17.34  
c rst  luby ibes vmt  1342  825 K 1519      34K   782 5.84    5.75     6095  6284   37K   105 17.32   17.29  
c rst  luby ibes vmt  1343  825 K 1519      34K   782 5.84    5.75     6095  6284   37K   105 17.38   17.35  
c rst  luby ibes vmt  1344  825 K 1519      34K   782 5.84    5.75     6095  6285   37K   105 17.42   17.39  
c rst  luby ibes vmt  1345  825 K 1519      34K   782 5.84    5.75     6095  6288   37K   105 17.54   17.51  
c rst  luby ibes vmt  1346  825 K 1519      34K   782 5.84    5.75     6095  6288   37K   105 17.60   17.57  
c rst  luby ibes vmt  1347  825 K 1519      34K   782 5.84    5.75     6095  6288   37K   105 17.63   17.60  
c rst  luby ibes vmt  1348  826 K 1519      34K   782 5.84    5.75     6095  6288   37K   105 17.69   17.65  
c rst  luby ibes vmt  1349  826 K 1519      34K   782 5.84    5.75     6095  6288   38K   105 17.89   17.85  
c rst  luby ibes vmt  1350  827 K 1519      34K   782 5.84    5.75     6096  6293   39K   105 18.19   18.15  
c rst  luby ibes vmt  1351  827 K 1519      34K   782 5.84    5.75     6096  6294   39K   105 18.22   18.19  
c rst  luby ibes vmt  1352  827 K 1519      34K   782 5.84    5.75     6096  6294   39K   105 18.25   18.22  
c rst  luby ibes vmt  1353  827 K 1519      34K   782 5.84    5.75     6096  6295   39K   105 18.31   18.28  
c rst  luby ibes vmt  1354  827 K 1519      34K   782 5.84    5.75     6096  6295   39K   105 18.33   18.30  
c rst  luby ibes vmt  1355  827 K 1519      34K   782 5.84    5.75     6096  6295   39K   105 18.37   18.33  
c rst  luby ibes vmt  1356  828 K 1519      34K   782 5.84    5.75     6096  6296   39K   105 18.43   18.39  
c rst  luby ibes vmt  1357  828 K 1519      34K   782 5.84    5.75     6096  6296   40K   105 18.54   18.50  
c rst  luby ibes vmt  1358  828 K 1519      34K   782 5.84    5.75     6096  6296   40K   105 18.56   18.52  
c [impl-str] lit bin: 0 set-var: 0 T: 0.00 T-out: N T-r: 99.96% w-visit: 3048
c [impl-sub] bin: 0 T: 0.00 T-out: N w-visit: 3048
c rst  luby ibes vmt  1359  828 K 1519      34K   782 5.84    5.75     6096  6296   40K   105 18.58   18.55  
c rst  luby ibes vmt  1360  828 K 1519      34K   782 5.84    5.75     6096  6296   40K   105 18.63   18.60  
c rst  luby ibes vmt  1361  828 K 1519      34K   782 5.84    5.75     6096  6296   40K   105 18.66   18.62  
c rst  luby ibes vmt  1362  829 K 1519      34K   782 5.84    5.75     6096  6296   40K   105 18.71   18.68  
c rst  luby ibes vmt  1363  829 K 1519      34K   782 5.84    5.75     6096  6298   41K   105 18.78   18.75  
c rst  luby ibes vmt  1364  829 K 1519      34K   782 5.84    5.75     6096  6301   41K   105 18.91   18.87  
c rst  luby svd  vmt  1365  830 K 1519      34K   782 5.84    5.75     6163  6013   42K   105 19.17   19.13  
c rst  luby svd  vmt  1366  832 K 1519      34K   782 5.84    5.75     6163  6034   44K   105 19.63   19.59  
c rst  luby svd  vmt  1367  832 K 1519      34K   782 5.84    5.75     6163  6036   44K   105 19.67   19.63  
c rst  luby svd  vmt  1368  832 K 1519      34K   782 5.84    5.75     6163  6036   44K   105 19.71   19.68  
c rst  luby svd  vmt  1369  832 K 1519      34K   782 5.84    5.75     6163  6036   44K   105 19.82   19.79  
c rst  luby svd  vmt  1370  832 K 1519      34K   782 5.84    5.75     6163  6036   44K   105 19.87   19.84  
c rst  luby svd  vmt  1371  832 K 1519      34K   782 5.84    5.75     6163  6036   44K   105 19.93   19.90  
c rst  luby svd  vmt  1372  832 K 1519      34K   782 5.84    5.75     6163  6036   44K   105 20.03   20.00  
c rst  luby svd  vmt  1373  833 K 1519      34K   782 5.84    5.75     6163  6038   45K   105 20.17   20.14  
c rst  luby svd  vmt  1374  833 K 1519      34K   782 5.84    5.75     6163  6039   45K   105 20.21   20.17  
c rst  luby svd  vmt  1375  833 K 1519      34K   782 5.84    5.75     6163  6039   45K   105 20.23   20.20  
c rst  luby svd  vmt  1376  833 K 1519      34K   782 5.84    5.75     6163  6040   45K   105 20.32   20.29  
c rst  luby svd  vmt  1377  833 K 1519      34K   782 5.84    5.75     6163  6041   45K   105 20.36   20.33  
c rst  luby svd  vmt  1378  833 K 1519      34K   782 5.84    5.75     6163  6043   45K   105 20.41   20.37  
c rst  luby svd  vmt  1379  834 K 1519      34K   782 5.84    5.75     6163  6045   46K   105 20.48   20.44  
c rst  luby svd  vmt  1380  834 K 1519      34K   782 5.84    5.75     6163  6046   46K   105 20.63   20.60  
c [distill] watch-based irred--  cl tried 9892     cl-sh 0     cl-rem 0    lit-rem 0      T: 0.02 T-out: Y
c [distill] watch-based red  --  cl tried 8852     cl-sh 11    cl-rem 0    lit-rem 57     T: 0.02 T-out: Y
c rst  luby svd  vmt  1381  835 K 1519      34K   782 5.84    5.75     6164  6056   47K   105 20.88   20.85  
c rst  luby svd  vmt  1382  835 K 1519      34K   782 5.84    5.75     6164  6056   47K   105 20.92   20.89  
c rst  luby svd  vmt  1383  835 K 1519      34K   782 5.84    5.75     6164  6056   47K   105 20.95   20.92  
c rst  luby svd  vmt  1384  835 K 1519      34K   782 5.84    5.75     6164  6057   47K   105 21.02   20.98  
c rst  luby svd  vmt  1385  835 K 1519      34K   782 5.84    5.75     6164  6058   47K   105 21.03   21.00  
c rst  luby svd  vmt  1386  835 K 1519      34K   782 5.84    5.75     6164  6058   47K   105 21.07   21.04  
c rst  luby svd  vmt  1387  836 K 1519      34K   782 5.84    5.75     6164  6058   48K   105 21.14   21.10  
c rst  luby svd  vmt  1388  836 K 1519      34K   782 5.84    5.75     6164  6058   48K   105 21.32   21.28  
c [full-probe]  bin_only: 0 set: 0 repl: 0 T: 0.00 T-out: N T-r: 98.17%
c rst  luby svd  vmt  1389  836 K 1519      34K   782 5.84    5.75     6164  6058   48K   105 21.33   21.30  
c rst  luby svd  vmt  1390  836 K 1519      34K   782 5.84    5.75     6164  6058   48K   105 21.33   21.30  
c rst  luby svd  vmt  1391  836 K 1519      34K   782 5.84    5.75     6164  6058   48K   105 21.39   21.36  
c rst  luby svd  vmt  1392  837 K 1519      34K   782 5.84    5.75     6164  6058   48K   105 21.43   21.39  
c rst  luby svd  vmt  1393  837 K 1519      34K   782 5.84    5.75     6164  6058   49K   105 21.46   21.43  
c rst  luby svd  vmt  1394  837 K 1519      34K   782 5.84    5.75     6164  6058   49K   105 21.52   21.49  
c rst  luby svd  vmt  1395  837 K 1519      34K   782 5.84    5.75     6165  6058   49K   105 21.66   21.62  
c rst  luby svd  vmt  1396  838 K 1519      34K   782 5.84    5.75     6165  6062   50K   105 21.97   21.94  
c rst  luby svd  vmt  1397  840 K 1519      34K   782 5.84    5.75     6192  5691   37K   105 23.54   23.49  
c [distill-long-red0] cls tried: 136/136 T: 0.02 T-out: N T-r: 99.50%
c [distill-long-red1] cls tried: 26/5552 T: 0.01 T-out: Y T-r: -4.61%
c rst  luby svd  vmt  1398  843 K 1519      34K   782 5.84    5.75     6194  5702   40K   105 24.56   24.52  
c rst  geom best vmt  1399  843 K 1519      34K   782 5.84    5.75     6194  5702   40K   105 24.60   24.56  
c rst  geom best vmt  1400  843 K 1519      34K   782 5.84    5.75     6194  5702   40K   105 24.63   24.58  
c [gauss] XOR-encoding clauses are not detached, so no need to reattach them.
c [g 0] truth-find prop checks  : 3476K
c [g 0] -> of which prop        : 32.66 %
c [g 0] -> of which confl       :  1.09 %
c [g 0] elim called             : 288K
c [g 0] ---> which lead to prop : 43.49 %
c [g 0] ---> which lead to confl:  0.92 %
c [g 0] size: 79    x 521  
c [scc] new: 0 BP 0M T: 0.00
c [vrep] vars 0 lits 0 rem-bin-cls 0 rem-long-cls 0 BP 0M T: 0.00
c [intree] Set 0 vars hyper-added: 0 trans-irred: 0 trans-red: 0 T: 0.01 T-out: N T-r: -1.86%
c [find&init matx] performing matrix init
c [gauss] XOR-encoding clauses are not detached, so no need to reattach them.
c [xor-rem-unconnected] left with 936 xors from 937 non-empty xors T: 0.00
c [xor-together] xored together: 857 orig xors: 936 new xors: 79 T: 0.00
c [xor-rem-unconnected] left with 79 xors from 79 non-empty xors T: 0.00
c [xor-clean-equiv] removed equivalent xors: 0 left with: 79
c [matrix] unused xors from cleaning: 1
c [matrix] Good   matrix 0 79      x521    density:0.0933  xorlen avg: 48.59
c [matrix] Using 1 matrices recovered from 0 xors T: 0.00 T-out: N
c rst  geom best vmt  1401  843 K 1519      34K   782 5.84    5.75     6194  5702   40K   105 24.68   24.63  
c rst  geom best vmt  1402  843 K 1519      34K   782 5.84    5.75     6194  5702   41K   105 24.69   24.65  
c rst  geom best vmt  1403  844 K 1519      34K   782 5.84    5.75     6194  5703   41K   105 24.71   24.66  
c rst  geom best vmt  1404  844 K 1519      34K   782 5.84    5.75     6194  5703   41K   105 24.75   24.70  
c [distill-bin] useful: 0/782/782 lits-rem: 0 cl-rem: 0 0-depth-assigns: 0 T: 0.00 T-out: N
c rst  geom best vmt  1405  844 K 1519      34K   782 5.84    5.75     6194  5703   41K   105 24.77   24.73  
c rst  geom best vmt  1406  844 K 1519      34K   782 5.84    5.75     6194  5704   41K   105 24.84   24.80  
c rst  geom best vmt  1407  844 K 1519      34K   782 5.84    5.75     6194  5707   42K   105 24.89   24.85  
c rst  geom best vmt  1408  845 K 1519      34K   782 5.84    5.75     6194  5707   42K   105 24.90   24.86  
c rst  geom best vmt  1409  845 K 1519      34K   782 5.84    5.75     6194  5713   42K   105 24.95   24.91  
c rst  geom best vmt  1410  845 K 1519      34K   782 5.84    5.75     6194  5714   42K   105 25.04   25.00  
c rst  geom best vmt  1411  846 K 1519      34K   782 5.84    5.75     6194  5716   43K   105 25.14   25.10  
c rst  geom best vmt  1412  846 K 1519      34K   782 5.84    5.75     6194  5716   43K   105 25.18   25.14  
c rst  geom best vmt  1413  846 K 1519      34K   782 5.84    5.75     6194  5716   44K   105 25.14   25.09  
c rst  geom best vmt  1414  847 K 1519      34K   782 5.84    5.75     6194  5716   44K   105 25.08   25.04  
c rst  geom best vmt  1415  847 K 1519      34K   782 5.84    5.75     6194  5716   44K   105 25.01   24.97  
c rst  geom best vmt  1416  848 K 1519      34K   782 5.84    5.75     6194  5716   45K   105 24.94   24.89  
c rst  geom best vmt  1417  848 K 1519      34K   782 5.84    5.75     6194  5716   46K   105 24.86   24.81  
c rst  geom best vmt  1418  849 K 1519      34K   782 5.84    5.75     6194  5716   46K   105 24.76   24.72  
c rst  geom best vmt  1419  850 K 1519      34K   782 5.84    5.75     6212  5422   47K   105 24.66   24.62  
c rst  geom best vmt  1420  851 K 1519      34K   782 5.84    5.75     6212  5423   48K   105 24.78   24.74  
c rst  geom best vmt  1421  851 K 1519      34K   782 5.84    5.75     6212  5426   49K   105 24.88   24.84  
c rst  geom best vmt  1422  852 K 1519      34K   782 5.84    5.75     6212  5428   50K   105 25.00   24.96  
c rst  geom best vmt  1423  853 K 1519      34K   782 5.84    5.75     6212  5429   51K   105 25.18   25.14  
c [ccnr] saving best assignment phase to stable_polar
c [ccnr] bumping based on clause weights
c [ccnr] Bumped vars: 102 bump type: 6
c [ccnr] time: 0.27
c rst  geom best vmt  1424  855 K 1519      34K   782 5.84    5.75     6239  5688   38K   105 26.70   26.65  
c rst  geom best vmt  1425  856 K 1519      34K   782 5.84    5.75     6239  5701   39K   105 26.58   26.53  
c [distill-long-red0] cls tried: 46/46 T: 0.00 T-out: N T-r: 99.90%
c [distill-long-red1] cls tried: 35/5549 T: 0.02 T-out: Y T-r: -8.81%
c rst  geom best vmt  1426  857 K 1519      34K   782 5.84    5.75     6240  5724   41K   105 26.43   26.39  
c [full-probe]  bin_only: 1 set: 0 repl: 0 T: 0.01 T-out: N T-r: 99.81%
c rst  geom stb  vmt  1427  859 K 1519      34K   782 5.84    5.75     6241  5737   42K   105 26.21   26.16  
c rst  geom stb  vmt  1428  861 K 1519      34K   782 5.84    5.75     6384  4981   45K   105 25.92   25.87  
c [distill] watch-based irred--  cl tried 10060    cl-sh 0     cl-rem 0    lit-rem 0      T: 0.01 T-out: N
c [distill] watch-based red  --  cl tried 12297    cl-sh 26    cl-rem 0    lit-rem 103    T: 0.02 T-out: Y
c rst  geom stb  vmt  1429  862 K 1519      34K   782 5.84    5.75     6384  5003   46K   105 25.72   25.68  
c rst  geom stb  vmt  1430  864 K 1519      34K   782 5.84    5.75     6385  5035   48K   105 25.73   25.69  
c [distill-bin] useful: 0/782/782 lits-rem: 0 cl-rem: 0 0-depth-assigns: 0 T: 0.00 T-out: N
c rst  geom stb  vmt  1431  867 K 1519      34K   782 5.84    5.75     6399  5213   51K   105 25.61   25.57  
c rst  geom stb  vmt  1432  869 K 1519      34K   782 5.84    5.75     6399  5271   53K   105 25.50   25.47  
c rst  geom stb  vmt  1433  872 K 1519      34K   782 5.84    5.75     6786  5479   40K   105 24.57   24.52  
c [distill-long-red0] cls tried: 569/569 T: 0.06 T-out: N T-r: 97.74%
c [distill-long-red1] cls tried: 30/5327 T: 0.02 T-out: Y T-r: -6.02%
c rst  geom ibes vmt  1434  875 K 1519      34K   782 5.84    5.75     6787  5749   43K   105 23.96   23.92  
c rst  geom ibes vmt  1435  878 K 1519      34K   782 5.84    5.75     6789  5918   46K   105 23.70   23.66  
c [full-probe]  bin_only: 0 set: 0 repl: 0 T: 0.00 T-out: N T-r: 98.25%
c rst  geom ibes vmt  1436  882 K 1519      34K   782 5.84    5.75     6984  5216   51K   105 23.15   23.12  
c rst  geom ibes vmt  1437  886 K 1519      34K   782 5.84    5.75     7056  7294   38K   105 18.42   18.39  
c [distill-bin] useful: 0/782/782 lits-rem: 0 cl-rem: 0 0-depth-assigns: 0 T: 0.00 T-out: N
c [distill] watch-based irred--  cl tried 10060    cl-sh 0     cl-rem 0    lit-rem 0      T: 0.02 T-out: N
c [distill] watch-based red  --  cl tried 9713     cl-sh 8     cl-rem 0    lit-rem 63     T: 0.02 T-out: Y
c rst  geom svd  vmt  1438  890 K 1519      34K   782 5.84    5.75     7289  6036   43K   105 18.16   18.13  
c [distill-long-red0] cls tried: 505/505 T: 0.08 T-out: N T-r: 96.82%
c [distill-long-red1] cls tried: 24/5943 T: 0.01 T-out: Y T-r: -9.30%
c [impl-str] lit bin: 0 set-var: 0 T: 0.00 T-out: N T-r: 99.96% w-visit: 3048
c [impl-sub] bin: 0 T: 0.00 T-out: N w-visit: 3048
c rst  geom svd  vmt  1439  895 K 1519      34K   782 5.84    5.75     7293  6416   48K   105 18.25   18.22  
c rst  geom svd  vmt  1440  900 K 1519      34K   782 5.84    5.75     7592  7840   38K   105 16.80   16.77  
c [full-probe]  bin_only: 1 set: 0 repl: 0 T: 0.00 T-out: N T-r: 99.81%
c [ccnr] saving best assignment phase to stable_polar
c [ccnr] bumping based on var unsat frequency: conflict_ct
c [ccnr] Bumped vars: 1524 bump type: 6
c [ccnr] time: 0.26
c rst  geom best vmt  1441  906 K 1519      34K   782 5.84    5.75     7594  7874   44K   105 19.05   19.02  
c [branch] adjusting to: vsid (from: vmtf) var_decay:0.95 descr: VSIDS
c [distill-long-red0] cls tried: 304/304 T: 0.06 T-out: N T-r: 97.68%
c [distill-long-red1] cls tried: 26/7772 T: 0.01 T-out: Y T-r: -7.35%
c [distill-bin] useful: 0/782/782 lits-rem: 0 cl-rem: 0 0-depth-assigns: 0 T: 0.00 T-out: N
c rst  geom best vs   1442  906 K 1519      34K   782 5.84    5.75     7595  7878   44K   105 19.02   18.99  
c rst  geom best vs   1443  906 K 1519      34K   782 5.84    5.75     7595  7878   44K   105 19.03   19.00  
c rst  geom best vs   1444  907 K 1519      34K   782 5.84    5.75     7595  7880   44K   105 19.02   18.99  
c rst  geom best vs   1445  907 K 1519      34K   782 5.84    5.75     7595  7881   44K   105 19.01   18.99  
c rst  geom best vs   1446  907 K 1519      34K   782 5.84    5.75     7595  7881   44K   105 19.01   18.98  
c rst  geom best vs   1447  907 K 1519      34K   782 5.84    5.75     7595  7883   44K   105 19.04   19.01  
c rst  geom best vs   1448  907 K 1519      34K   782 5.84    5.75     7595  7883   45K   105 19.02   18.99  
c rst  geom best vs   1449  907 K 1519      34K   782 5.84    5.75     7595  7885   45K   105 19.01   18.98  
c rst  geom best vs   1450  908 K 1519      34K   782 5.84    5.75     7595  7885   45K   105 19.00   18.97  
c rst  geom best vs   1451  908 K 1519      34K   782 5.84    5.75     7595  7886   45K   105 18.98   18.95  
c rst  geom best vs   1452  908 K 1519      34K   782 5.84    5.75     7595  7888   46K   105 18.97   18.94  
c [gauss] XOR-encoding clauses are not detached, so no need to reattach them.
c [g 0] truth-find prop checks  : 3361K
c [g 0] -> of which prop        : 34.43 %
c [g 0] -> of which confl       :  1.11 %
c [g 0] elim called             : 261K
c [g 0] ---> which lead to prop : 39.57 %
c [g 0] ---> which lead to confl:  0.75 %
c [g 0] size: 79    x 521  
c [scc] new: 0 BP 0M T: 0.00
c [vrep] vars 0 lits 0 rem-bin-cls 0 rem-long-cls 0 BP 0M T: 0.00
c [intree] Set 0 vars hyper-added: 0 trans-irred: 0 trans-red: 0 T: 0.01 T-out: N T-r: -2.43%
c [find&init matx] performing matrix init
c [gauss] XOR-encoding clauses are not detached, so no need to reattach them.
c [xor-rem-unconnected] left with 936 xors from 937 non-empty xors T: 0.00
c [xor-together] xored together: 857 orig xors: 936 new xors: 79 T: 0.00
c [xor-rem-unconnected] left with 79 xors from 79 non-empty xors T: 0.00
c [xor-clean-equiv] removed equivalent xors: 0 left with: 79
c [matrix] unused xors from cleaning: 1
c [matrix] Good   matrix 0 79      x521    density:0.0933  xorlen avg: 48.59
c [matrix] Using 1 matrices recovered from 0 xors T: 0.00 T-out: N
c rst  geom best vs   1453  909 K 1519      34K   782 5.84    5.75     7595  7891   46K   105 18.97   18.94  
c rst  geom best vs   1454  909 K 1519      34K   782 5.84    5.75     7596  7893   46K   105 18.97   18.94  
c rst  geom best vs   1455  909 K 1519      34K   782 5.84    5.75     7596  7895   47K   105 18.94   18.91  
c rst  geom best vs   1456  910 K 1519      34K   782 5.84    5.75     7667  7753   47K   105 18.90   18.88  
c rst  geom best vs   1457  910 K 1519      34K   782 5.84    5.75     7667  7757   48K   105 18.91   18.88  
c rst  geom best vs   1458  911 K 1519      34K   782 5.84    5.75     7667  7761   48K   105 18.87   18.84  
c rst  geom best vs   1459  911 K 1519      34K   782 5.84    5.75     7667  7772   49K   105 18.92   18.89  
c [distill] watch-based irred--  cl tried 9508     cl-sh 0     cl-rem 0    lit-rem 0      T: 0.01 T-out: Y
c [distill] watch-based red  --  cl tried 6935     cl-sh 4     cl-rem 0    lit-rem 28     T: 0.02 T-out: Y
c rst  geom best vs   1460  912 K 1519      34K   782 5.84    5.75     7667  7777   49K   105 18.86   18.84  
c rst  geom best vs   1461  912 K 1519      34K   782 5.84    5.75     7668  7797   50K   105 18.90   18.87  
c rst  geom best vs   1462  913 K 1519      34K   782 5.84    5.75     7670  7830   50K   105 18.90   18.88  
c rst  geom best vs   1463  914 K 1519      34K   782 5.84    5.75     7670  7838   51K   105 18.86   18.84  
c recursive minimization cost OK: 1343Kcost/(% lits removed)
c [gauss] XOR-encoding clauses are not detached, so no need to reattach them.
c [g 0] truth-find prop checks  : 337K
c [g 0] -> of which prop        : 28.25 %
c [g 0] -> of which confl       :  1.08 %
c [g 0] elim called             : 29K
c [g 0] ---> which lead to prop : 32.99 %
c [g 0] ---> which lead to confl:  0.57 %
c [g 0] size: 79    x 521  
c --> Executing strategy token: scc-vrepl
c [scc] new: 0 BP 0M T: 0.00
c --> Executing strategy token: sub-impl
c [impl-sub] bin: 0 T: 0.00 T-out: N w-visit: 3048
c --> Executing strategy token: breakid
c --> Executing OCC strategy token(s): 'occ-backw-sub-str,occ-clean-implicit,occ-bve,occ-bva,occ-ternary-res,occ-xor,'
c [occ] mem usage for occur 3      MB
c [occ] Linked in IRRED BIN by default: 782
c [occ] Linked in RED   BIN by default: 105
c [occ] mem usage for occur 0      MB
c Mem for watch alloc      : 17          MB (33.43     %)
c Mem for watch array      : 0           MB (0.13      %)
c --> Executing OCC strategy token: occ-backw-sub-str
c [occ-backw-sub-str-long-w-bins] subs: 0 str: 23 tried: 10451 0-depth ass: 0 T: 0.00 T-out: N T-r: 99.14%
c [occ-backw-sub-long-w-long] rem cl: 612 tried: 101132/101132 (100.0%) T: 0.05 T-out: N T-r: 61.11%
c [occ-backw-sub-str-long-w-long] sub: 69 str: 790 tried: 303396/101132 (300.0)  T: 0.28 T-out: N T-r: 37.79%
c --> Executing OCC strategy token: occ-clean-implicit
c --> Executing OCC strategy token: occ-bve
c [occ-empty-res] Empty resolvent elimed: 0 T: 0.00 T-out: N
c [occ-bve] iter v-elim 0
c cl_inc_rate=1.0, var_dec_rate=1.0 (grow=0)
c Reduced to 1519 vars, 34893 cls (grow=0)
c [occ-bve] iter v-elim 0
c cl_inc_rate=1.0, var_dec_rate=1.0 (grow=8)
c Reduced to 1519 vars, 34893 cls (grow=8)
c [occ-bve] iter v-elim 0
c cl_inc_rate=1.0, var_dec_rate=1.0 (grow=16)
c Reduced to 1519 vars, 34893 cls (grow=16)
c x n vars       : 1519
c #try to eliminate:  4557
c #var-elim        :     0
c #T-o: N
c #T-r: 99.99%
c #T  : 0.24
c [occur] 0.02 is overhead
c [occur] link-in T: 0.02 cleanup T: 0.00
c --> Executing OCC strategy token: occ-bva
c --> Executing OCC strategy token: occ-ternary-res
c [occ-ternary-res] Ternary res-tri: 0 res-bin: 0 sub: 0 str: 0 T: 0.00 T-out: N T-r: 99.75%
c --> Executing OCC strategy token: occ-xor
c [occ-xor] sort occur list T: 0.00
c [xor-clean-equiv] removed equivalent xors: 0 left with: 932
c [occ-xor] found    932 avg sz 5.9 min sz  4 max sz  6 T: 0.00 T-out: N T-r: 99.97%
c --> Executing strategy token: card-find
c --> Executing strategy token: cl-consolidate
c Not consolidating memory.
c --> Executing strategy token: scc-vrepl
c [scc] new: 0 BP 0M T: 0.00
c --> Executing strategy token: renumber
c --> Executing strategy token: bosphorus
c --> Executing strategy token: louvain-comms
c [consolidate] mini T: 0.00
c global_timeout_multiplier: 5.3147
c [branch] rebuilding order heap for all branchings. Current branching: vsid
c [find&init matx] performing matrix init
c [gauss] XOR-encoding clauses are not detached, so no need to reattach them.
c [xor-rem-unconnected] left with 931 xors from 932 non-empty xors T: 0.00
c [xor-together] xored together: 854 orig xors: 931 new xors: 77 T: 0.00
c [xor-rem-unconnected] left with 77 xors from 77 non-empty xors T: 0.00
c [xor-clean-equiv] removed equivalent xors: 0 left with: 77
c [matrix] unused xors from cleaning: 1
c [matrix] Good   matrix  0     77 x  520  density:0.0953  xorlen avg: 49.57
c [matrix] Using 1 matrices recovered from 0 xors T: 0.00 T-out: N
c rst  geom best   vs  1464  914K    1519   34K   782    5.84    5.75  7079  8089   51K   105   18.96   18.94
c rst  geom best   vs  1465  915K    1519   34K   782    5.84    5.75  7081  8157   38K   105   18.19   18.16
c rst  geom  stb   vs  1466  916K    1519   34K   782    5.84    5.75  7082  8171   39K   105   18.15   18.12
c rst  geom  stb   vs  1467  917K    1519   34K   782    5.84    5.75  7082  8176   40K   105   18.07   18.04
c rst  geom  stb   vs  1468  918K    1519   34K   782    5.84    5.75  7083  8206   41K   105   18.00   17.97
c rst  geom  stb   vs  1469  919K    1519   34K   782    5.84    5.75  7083  8221   42K   105   17.96   17.93
c rst  geom  stb   vs  1470  921K    1519   34K   782    5.84    5.75  7147  8115   44K   105   17.83   17.80
c [full-probe]  bin_only: 0 set: 0 repl: 0 T: 0.01 T-out: N T-r: 98.24%
c rst  geom  stb   vs  1471  922K    1519   34K   782    5.84    5.75  7147  8126   45K   105   17.79   17.76
c [distill-long-red0] cls tried: 209/209 T: 0.05 T-out: N T-r: 98.39%
c [distill-long-red1] cls tried: 36/7999 T: 0.01 T-out: Y T-r: -7.74%
c rst  geom  stb   vs  1472  924K    1519   34K   782    5.84    5.75  7148  8227   47K   105   17.59   17.56
c rst  geom  stb   vs  1473  926K    1519   34K   782    5.84    5.75  7149  8247   49K   105   17.59   17.57
c rst  geom  stb   vs  1474  928K    1519   34K   782    5.84    5.75  7149  8306   51K   105   17.49   17.46
c [distill-bin] useful: 0/782/782 lits-rem: 0 cl-rem: 0 0-depth-assigns: 0 T: 0.00 T-out: N
c rst  geom  stb   vs  1475  930K    1519   34K   782    5.84    5.75  7312  8736   38K   105   17.48   17.45
c rst  geom ibes   vs  1476  933K    1519   34K   782    5.84    5.75  7319  9020   40K   105   17.46   17.43
c rst  geom ibes   vs  1477  935K    1519   34K   782    5.84    5.75  7321  9259   42K   105   17.29   17.27
c rst  geom ibes   vs  1478  938K    1519   34K   782    5.84    5.75  7333 10085   45K   106   17.01   16.98
c [distill-long-red0] cls tried: 184/184 T: 0.03 T-out: N T-r: 98.92%
c [distill-long-red1] cls tried: 35/9930 T: 0.01 T-out: Y T-r: -5.08%
c [distill] watch-based irred--  cl tried     9880 cl-sh    71 cl-rem   39 lit-rem     71 T: 0.02 T-out: Y
c [distill] watch-based   red--  cl tried     8175 cl-sh   112 cl-rem  134 lit-rem    159 T: 0.02 T-out: Y
c rst  geom ibes   vs  1479  942K    1519   34K   783    5.84    5.75  7658  9953   48K   131   16.68   16.65
c [full-probe]  bin_only: 1 set: 0 repl: 0 T: 0.00 T-out: N T-r: 99.76%
c rst  geom ibes   vs  1480  945K    1519   34K   783    5.84    5.75  7771 14214   32K   133   13.53   13.51
c [ccnr] saving best assignment phase to stable_polar
c [ccnr] bumping based on var unsat frequency: conflict_ct
c [ccnr] Bumped vars: 1524 bump type: 6
c [ccnr] time: 0.27
c rst  geom  svd   vs  1481  949K    1519   34K   783    5.84    5.75  7783 14691   35K   134   13.70   13.67
c [distill-bin] useful: 0/783/783 lits-rem: 0 cl-rem: 0 0-depth-assigns: 0 T: 0.01 T-out: N
c rst  geom  svd   vs  1482  954K    1519   34K   783    5.84    5.75  8208 12981   41K   134   13.75   13.73
c [distill-long-red0] cls tried: 1141/1141 T: 0.12 T-out: N T-r: 95.92%
c [distill-long-red1] cls tried: 40/12837 T: 0.02 T-out: Y T-r: -3.04%
c [impl-str] lit bin: 0 set-var: 0 T: 0.00 T-out: N T-r: 99.96% w-visit: 3048
c [impl-sub] bin: 550 T: 0.00 T-out: N w-visit: 3048
c rst  geom  svd   vs  1483  958K    1519   34K   783    5.84    5.75  7689 13556   46K   119   13.84   13.82
c rst  geom  svd   vs  1484  964K    1519   34K   783    5.84    5.75  8054 15150   38K   120   13.57   13.54
c [full-probe]  bin_only: 0 set: 2 repl: 0 T: 0.00 T-out: N T-r: 98.68%
c [distill] watch-based irred--  cl tried     9049 cl-sh   162 cl-rem  121 lit-rem    181 T: 0.01 T-out: N
c [distill] watch-based   red--  cl tried    11744 cl-sh   525 cl-rem  546 lit-rem    754 T: 0.02 T-out: Y
c rst  geom best   vs  1485  970K    1514   33K   792    5.83    5.74  6166  8013   26K   114   13.15   13.12
c [distill-long-red0] cls tried: 391/391 T: 0.02 T-out: N T-r: 99.67%
c [distill-long-red1] cls tried: 145/1021 T: 0.02 T-out: Y T-r: -1.03%
c [distill-bin] useful: 1/792/792 lits-rem: 0 cl-rem: 1 0-depth-assigns: 0 T: 0.00 T-out: N
c rst  geom best   vs  1486  970K     813 19749  1000    5.45    5.28  2429   229   131   115    7.35    7.14
c ------- FINAL TOTAL SEARCH STATS ---------
c UIP search time          : 90.05       (97.31     % time)
c All times are for this thread only except if explicitly specified
c restarts                 : 1486        (653.07    confls per restart)
c blocked restarts         : 0           (0.00      per normal restart)
c time                     : 90.05       
c decisions                : 1029492     (0.00      % random)
c propagations             : 67M         (744K      props/s)
c decisions/conflicts      : 1.06        
c conflicts                : 970461      
c LEARNT stats
c units learnt             : 11          (0.00      % of conflicts)
c bins learnt              : 133         (0.01      % of conflicts)
c long learnt              : 973393      (100.30    % of conflicts)
c red which0               : 976         (0.10      % of confl)
c SEAMLESS HYPERBIN&TRANS-RED stats
c advProp called           : 0           
c hyper-bin add bin        : 0           (0.00      bin/call)
c trans-red rem irred bin  : 0           (0.00      bin/call)
c trans-red rem red bin    : 0           (0.00      bin/call)
c CONFL LITS stats
c orig                     : 194139725   (200.05    lit/confl)
c recurs-min effective     : 933047      (96.14     % attempt successful)
c recurs-min lits          : 165250237   (85.12     % less overall)
c permDiff call%           : 1.76        (0.00      % attempt successful)
c permDiff lits-rem        : 0           (0.00      less lits/cl on attempts)
c further-min call%        : 0.04        (33.56     % attempt successful)
c bintri-min lits          : 521         (0.00      % less overall)
c final avg                : 29.77       
c all-threads sum CPU time : 90.05        s
c PROP stats
c Mbogo-props              : 238.82      (2.65      / sec)
c MHyper-props             : 0.06        (0.00      / sec)
c Mprops                   : 67.05       (0.74      / sec)
c -------- OccSimplifier STATS ----------
c time                     : 2.85        (0.00      % var-elim)
c called                   : 6           (0.48      s per call)
c 0-depth assigns          : 0           (0.00      % vars)
c -------- OccSimplifier STATS END ----------
c -------- SubsumeStrengthen STATS ----------
c cl-subs                  : 5667         Clauses
c cl-str rem lit           : 2810         Lits
c cl-sub T                 : 0.36         s
c cl-str T                 : 2.24         s
c -------- SubsumeStrengthen STATS END ----------
c ----- SCC STATS --------
c time                     : 0.00        (0.00      per call)
c called                   : 27          (0.41      new found per call)
c found                    : 11          (50.00     % of all found)
c bogoprops                : 1161402     % of all found
c ----- SCC STATS END --------
c --------- VAR REPLACE STATS ----------
c time                     : 0.12        (0.01      per call)
c trees' crown             : 11          (0.39      % of vars)
c 0-depth assigns          : 0           (0.00      % vars)
c lits replaced            : 40814       
c bin cls removed          : 50          
c long cls removed         : 1016        
c long lits removed        : 3580        
c bogoprops                : 4428207     
c --------- VAR REPLACE STATS END ----------
c vrep replace time        : 0.12        (0.13      % time)
c vrep tree roots          : 6           
c vrep trees' crown        : 11          (1.83      leafs/tree)
c -------- DISTILL-BIN STATS --------
c time                     : 0.28        (0.01      per call)
c timed out                : 1           (2.13      % of calls)
c distill/checked/potential: 0          /39324/39716
c lits-rem                 : 0           
c 0-depth-assigns          : 0           (0.00      % of vars)
c -------- DISTILL STATS END --------
c -------- STRENGTHEN STATS --------
c --> watch-based on irred cls
c time                     : 0.31        (0.00      s/call)
c shrinked/tried/total     : 372        /319039/2373279
c subsumed/tried/total     : 317        /319039/2373279
c lits-rem                 : 397         (0.03      % of lits tried)
c called                   : 74          (32440.54  % ran out of time)
c --> watch-based on red cls
c time                     : 0.28        (0.00      s/call)
c shrinked/tried/total     : 1349       /204722/235884
c subsumed/tried/total     : 688        /204722/235884
c lits-rem                 : 2635        (0.19      % of lits tried)
c called                   : 74          (42110.81  % ran out of time)
c -------- STRENGTHEN STATS END --------
c -------- IMPLICIT SUB  STATS --------
c time                     : 0.00        (0.00      per call)
c timed out                : 0           (0.00      % of calls)
c rem bins                 : 576         
c -------- IMPLICIT SUB STATS END --------
c Mem used                 : 52          MB
c Mem for longclauses      : 1           MB (3.56      %)
c Mem for watch alloc      : 18          MB (35.08     %)
c Mem for watch array      : 0           MB (0.13      %)
c Mem for assings&vardata  : 0           MB (0.14      %)
c Mem for search&solve     : 0           MB (0.36      %)
c Mem for renumberer       : 0           MB (0.05      %)
c Mem for occsimplifier    : 1           MB (3.13      %)
c Mem for varReplacer&SCC  : 0           MB (0.11      %)
c Mem for impl subsume     : 0           MB (0.00      %)
c Mem for 3 distills       : 0           MB (0.00      %)
c Accounted for mem (rss)  : 42.58       %
c Accounted for mem (vm)   : 40.12       %
c restarts                 : 1486        (653.07    confls per restart)
c blocked restarts         : 0           (0.00      per normal restart)
c time                     : 90.05       
c decisions                : 1029492     (0.00      % random)
c propagations             : 67M         (744K      props/s)
c decisions/conflicts      : 1.06        
c conflicts                : 970461      
c conf lits non-minim      : 194139725   (200.05    lit/confl)
c conf lits final          : 29.77       
c red which0               : 976         (0.10      % of confl)
c props/decision           : 0.00        
c props/conflict           : 0.00        
c 0-depth assigns          : 708         (46.46     % vars)
c 0-depth assigns by CNF   : 0           (0.00      % vars)
c reduceDB time            : 0.21        (0.23      % time)
c OccSimplifier time       : 2.85        (3.08      % time)
c [occur] 0.21 is overhead
c [occur] link-in T: 0.16 cleanup T: 0.04
c [occ-substr] long subBySub: 5412 subByStr: 255 lits-rem-str: 2810 T: 2.60
c SCC time                 : 0.00        (0.00      % time)
c [scc] new: 11 BP 1M  T: 0.00
c vrep replace time        : 0.12        (0.13      % time)
c vrep tree roots          : 6           
c vrep trees' crown        : 11          (1.83      leafs/tree)
c distill long time        : 1.76        (1.91      % time)
c distill bin time         : 0.28        (0.31      % time)
c strength cache-irred time: 0.31        (0.33      % time)
c strength cache-red time  : 0.28        (0.30      % time)
c avg cls in red 0         : 3155.97     
c avg cls in red 1         : 2603.76     
c avg cls in red 2         : 43063.74    
c Conflicts in UIP         : 970461      (10487.24  confl/time_this_thread)
c Max Memory (rss) used    : 70300 kB    
c Total time (this thread) : 92.54       
s UNSATISFIABLE
c [g 0] truth-find prop checks  : 3401K
c [g 0] -> of which prop        : 29.41 %
c [g 0] -> of which confl       :  1.11 %
c [g 0] elim called             : 267K
c [g 0] ---> which lead to prop : 45.88 %
c [g 0] ---> which lead to confl:  0.74 %
c [g 0] size: 77    x 520  
