c BreakID not compiled in, disabling
c CryptoMiniSat version 5.11.15
c CMS Copyright (C) 2009-2020 Authors of CryptoMiniSat, see AUTHORS file
c CMS SHA revision 
c Using VMTF code by Armin Biere from CaDiCaL
c Using Yalsat by Armin Biere, see Balint et al. Improving implementation of SLS solvers [...], SAT'14
c Using WalkSAT by Henry Kautz, see Kautz and Selman Pushing the envelope: planning, propositional logic, and stochastic search, AAAI'96,
c CMS is MIT licensed
c Using code from 'When Boolean Satisfiability Meets Gauss-E. in a Simplex Way'
c       by C.-S. Han and J.-H. Roland Jiang in CAV 2012. Fixes by M. Soos
c Using CCAnr from 'CCAnr: A Conf. Checking Based Local Search Solver [...]'
c       by Shaowei Cai, Chuan Luo, and Kaile Su, SAT 2015
c CMS compilation env CMAKE_CXX_COMPILER = /usr/bin/c++ | COMPILE_DEFINES =  -DRDB0_ONLY_FEATURES -DBOOST_TEST_DYN_LINK -DUSE_ZLIB -DYALSAT_FPU | STATICCOMPILE = OFF | ONLY_SIMPLE = OFF | Boost_FOUND = TRUE | STATS = OFF | SQLITE3_FOUND =  | ZLIB_FOUND = TRUE | VALGRIND_FOUND =  | ENABLE_TESTING = OFF | SLOW_DEBUG = OFF | ENABLE_ASSERTIONS = ON | PYTHON_EXECUTABLE =  | PYTHON_LIBRARY =  | PYTHON_INCLUDE_DIRS =  | MY_TARGETS =  | LARGEMEM = OFF | LIMITMEM = OFF | BREAKID_LIBRARIES =  | BREAKID-VER = . | BOSPHORUS_LIBRARIES =  | BOSPH-VER = . | compilation date time = Mar 31 2024 17:57:30
c CMS compiled with gcc version 13.2.0
c Executed with command line: cryptominisat5 --verb 1 /workspace/inputs/TRIMOSKA-ECICB-2024/upstream/benchmarks/Xn17l6-16-U.dimacs
c Reading file '/workspace/inputs/TRIMOSKA-ECICB-2024/upstream/benchmarks/Xn17l6-16-U.dimacs'
c -- header says num vars:            767
c -- header says num clauses:        2414
c -- clauses added: 2364
c -- xor clauses added: 50
c -- vars added 767
c Parsing time: 0.00 s
c [find&init matx] performing matrix init
c [gauss] XOR-encoding clauses are not detached, so no need to reattach them.
c [xor-rem-unconnected] left with 48 xors from 48 non-empty xors T: 0.00
c [xor-together] xored together: 0 orig xors: 48 new xors: 48 T: 0.00
c [xor-rem-unconnected] left with 48 xors from 48 non-empty xors T: 0.00
c [xor-clean-equiv] removed equivalent xors: 0 left with: 48
c [matrix] unused xors from cleaning: 0
c [matrix] Good   matrix  0     48 x  765  density:0.0958  xorlen avg: 73.27
c [matrix] Using 1 matrices recovered from 0 xors T: 0.00 T-out: N
c [branch] adjusting to: vsid (from: vsid) var_decay:0.95 descr: VSIDS
c rst  geom  stb   vs     1   112    2439 14400  1652    3.96    3.76     4    19    80     9  120.94  111.38
c rst  geom  stb   vs     2   234    2439 14400  1652    3.96    3.76     7    20   198     9  100.64   96.85
c  res  pol bran  nres  conf freevar  IrrL  IrrB l/longC  l/allC RedL0 RedL1 RedL2  RedB l/longC  l/allC
c rst  geom  stb   vs     3   370    2439 14400  1652    3.96    3.76     7    20   332    11   88.88   86.30
c rst  geom  stb   vs     4   518    2439 14400  1652    3.96    3.76     7    20   480    11   86.69   84.89
c rst  geom  stb   vs     5   681    2439 14400  1652    3.96    3.76     7    20   643    11   83.53   82.22
c rst  geom  stb   vs     6   859    2439 14400  1652    3.96    3.76    12    22   814    11   79.15   78.16
c rst  geom  stb   vs     7  1054    2439 14400  1652    3.96    3.76    13    25  1005    11   74.33   73.57
c rst  geom  stb   vs     8  1268    2439 14400  1652    3.96    3.76    15    25  1217    11   71.08   70.48
c rst  geom  stb   vs     9  1502    2439 14400  1652    3.96    3.76    15    25  1451    11   68.19   67.70
c rst  geom  stb   vs    10  1760    2439 14400  1652    3.96    3.76    16    26  1706    12   65.52   65.09
c rst  geom  stb   vs    11  2042    2439 14400  1652    3.96    3.76    17    31  1981    13   64.31   63.91
c rst  geom  stb   vs    12  2352    2439 14400  1652    3.96    3.76    17    31  2291    13   61.61   61.28
c rst  geom  stb   vs    13  2692    2439 14400  1652    3.96    3.76    17    31  2631    13   60.29   60.00
c rst  geom  stb   vs    14  3066    2439 14400  1652    3.96    3.76    18    32  3003    13   57.34   57.11
c rst  geom  stb   vs    15  3477    2439 14400  1652    3.96    3.76    18    32  3414    13   56.06   55.85
c rst  geom  stb   vs    16  3928    2439 14400  1652    3.96    3.76    18    32  3865    13   55.38   55.20
c rst  geom  stb   vs    17  4423    2439 14400  1652    3.96    3.76    18    32  4360    13   54.36   54.21
c rst  geom  stb   vs    18  4967    2439 14400  1652    3.96    3.76    18    32  4904    13   53.76   53.63
c rst  geom  stb   vs    19  5565    2439 14400  1652    3.96    3.76    21    39  5492    13   52.24   52.13
c [branch] adjusting to: vmtf (from: vsid) var_decay:0.95 descr: VMTF
c [distill-long-red0] cls tried: 21/21 T: 0.00 T-out: N T-r: 100.00%
c [distill-long-red1] cls tried: 39/39 T: 0.00 T-out: N T-r: 96.51%
c rst  luby ibes  vmt    20  5666    2439 14400  1652    3.96    3.76    40    75  5529    22   52.00   51.81
c rst  luby ibes  vmt    21  5767    2439 14400  1652    3.96    3.76    41    77  5627    22   51.94   51.75
c rst  luby ibes  vmt    22  5968    2439 14400  1652    3.96    3.76    42    79  5831    22   51.50   51.32
c rst  luby ibes  vmt    23  6070    2439 14400  1652    3.96    3.76    42    84  5947    22   51.33   51.16
c rst  luby ibes  vmt    24  6171    2439 14400  1652    3.96    3.76    43    85  6046    22   51.17   50.99
c rst  luby ibes  vmt    25  6373    2439 14400  1652    3.96    3.76    44    90  6242    22   51.02   50.85
c rst  luby ibes  vmt    26  6774    2439 14400  1652    3.96    3.76    46   114  6617    22   51.79   51.63
c rst  luby ibes  vmt    27  6876    2439 14400  1652    3.96    3.76    46   121  6712    22   51.70   51.54
c rst  luby ibes  vmt    28  6978    2439 14400  1652    3.96    3.76    46   123  6811    23   51.63   51.47
c rst  luby ibes  vmt    29  7179    2439 14400  1652    3.96    3.76    46   128  7006    24   51.24   51.07
c rst  luby ibes  vmt    30  7280    2439 14400  1652    3.96    3.76    46   135  7100    24   51.07   50.90
c rst  luby ibes  vmt    31  7382    2439 14400  1652    3.96    3.76    46   140  7197    24   50.90   50.74
c rst  luby ibes  vmt    32  7585    2439 14400  1652    3.96    3.76    48   144  7394    24   51.04   50.88
c rst  luby ibes  vmt    33  7986    2439 14400  1652    3.96    3.76    49   150  7793    24   50.77   50.63
c rst  luby ibes  vmt    34  8788    2439 14400  1652    3.96    3.76    50   162  8582    24   50.97   50.84
c rst  luby ibes  vmt    35  8890    2439 14400  1652    3.96    3.76    50   166  8680    24   50.92   50.79
c rst  luby ibes  vmt    36  8991    2439 14400  1652    3.96    3.76    50   166  8781    24   50.85   50.72
c rst  luby ibes  vmt    37  9193    2439 14400  1652    3.96    3.76    50   172  8977    24   50.77   50.64
c rst  luby ibes  vmt    38  9295    2439 14400  1652    3.96    3.76    50   175  9079    24   50.70   50.58
c rst  luby ibes  vmt    39  9397    2439 14400  1652    3.96    3.76    50   176  9180    24   50.48   50.35
c rst  luby ibes  vmt    40  9599    2439 14400  1652    3.96    3.76    50   182  9376    24   50.64   50.52
c rst  luby ibes  vmt    41 10000    2439 14400  1652    3.96    3.76   103   136  9770    24   50.11   49.99
c rst  luby ibes  vmt    42 10102    2439 14400  1652    3.96    3.76   103   136  9872    24   50.01   49.90
c rst  luby ibes  vmt    43 10203    2439 14400  1652    3.96    3.76   103   136  9973    24   50.02   49.90
c rst  luby ibes  vmt    44 10404    2439 14400  1652    3.96    3.76   104   141 10168    24   49.79   49.68
c rst  luby ibes  vmt    45 10506    2439 14400  1652    3.96    3.76   104   142 10268    25   49.64   49.53
c rst  luby ibes  vmt    46 10608    2439 14400  1652    3.96    3.76   104   143 10369    25   49.46   49.35
c rst  luby ibes  vmt    47 10809    2439 14400  1652    3.96    3.76   106   146 10565    25   49.07   48.96
c rst  luby  svd  vmt    48 11210    2439 14400  1652    3.96    3.76   110   147 10958    28   51.72   51.60
c rst  luby  svd  vmt    49 12011    2439 14400  1652    3.96    3.76   121   171 11722    30   52.20   52.07
c [branch] adjusting to: vsid (from: vmtf) var_decay:0.95 descr: VSIDS
c [distill-bin] useful: 4/1652/1652 lits-rem: 0 cl-rem: 4 0-depth-assigns: 0 T: 0.00 T-out: N
c rst  geom  svd   vs    50 12123    2439 14400  1648    3.96    3.76   121   171 11834    30   52.11   51.99
c rst  geom  svd   vs    51 12245    2439 14400  1648    3.96    3.76   121   171 11956    30   51.97   51.85
c rst  geom  svd   vs    52 12380    2439 14400  1648    3.96    3.76   121   171 12091    30   51.86   51.74
c rst  geom  svd   vs    53 12527    2439 14400  1648    3.96    3.76   121   171 12237    31   51.59   51.47
c rst  geom  svd   vs    54 12689    2439 14400  1648    3.96    3.76   121   171 12399    31   51.31   51.19
c rst  geom  svd   vs    55 12867    2439 14400  1648    3.96    3.76   121   171 12577    31   50.90   50.79
c rst  geom  svd   vs    56 13061    2439 14400  1648    3.96    3.76   121   171 12771    31   50.54   50.42
c rst  geom  svd   vs    57 13274    2439 14400  1648    3.96    3.76   121   171 12984    31   50.19   50.08
c rst  geom  svd   vs    58 13509    2439 14400  1648    3.96    3.76   121   171 13219    31   49.91   49.80
c rst  geom  svd   vs    59 13767    2439 14400  1648    3.96    3.76   121   171 13477    31   49.46   49.36
c rst  geom  svd   vs    60 14049    2439 14400  1648    3.96    3.76   121   171 13759    31   48.91   48.81
c rst  geom  svd   vs    61 14359    2439 14400  1648    3.96    3.76   121   171 14069    31   48.46   48.36
c rst  geom  svd   vs    62 14700    2439 14400  1648    3.96    3.76   121   171 14410    31   47.89   47.79
c rst  geom  svd   vs    63 15074    2439 14400  1648    3.96    3.76   129   392 14555    31   47.37   47.28
c rst  geom  svd   vs    64 15484    2439 14400  1648    3.96    3.76   129   392 14965    31   46.79   46.70
c rst  geom  svd   vs    65 15935    2439 14400  1648    3.96    3.76   129   392 15416    31   46.37   46.28
c rst  geom  svd   vs    66 16430    2439 14400  1648    3.96    3.76   129   392 15911    31   45.70   45.62
c rst  geom best   vs    67 16974    2439 14400  1648    3.96    3.76   133   395 16444    35   46.49   46.40
c rst  geom best   vs    68 17571    2439 14400  1648    3.96    3.76   133   397 17039    35   46.92   46.83
c rst  geom best   vs    69 18228    2439 14400  1648    3.96    3.76   133   397 17695    36   47.07   46.98
c [branch] adjusting to: vmtf (from: vsid) var_decay:0.95 descr: VMTF
c rst  luby best  vmt    70 18329    2439 14400  1648    3.96    3.76   137   397 17792    36   47.36   47.27
c rst  luby best  vmt    71 18430    2439 14400  1648    3.96    3.76   140   398 17887    38   47.44   47.34
c rst  luby best  vmt    72 18632    2439 14400  1648    3.96    3.76   150   406 18069    40   47.71   47.61
c rst  luby best  vmt    73 18734    2439 14400  1648    3.96    3.76   150   407 18170    40   47.82   47.72
c rst  luby best  vmt    74 18837    2439 14400  1648    3.96    3.76   152   407 18270    41   48.05   47.95
c rst  luby best  vmt    75 19038    2439 14400  1648    3.96    3.76   161   411 18457    42   48.21   48.11
c rst  luby best  vmt    76 19439    2439 14400  1648    3.96    3.76   166   411 18853    42   48.80   48.70
c rst  luby best  vmt    77 19541    2439 14400  1648    3.96    3.76   168   412 18952    42   48.89   48.79
c rst  luby best  vmt    78 19642    2439 14400  1648    3.96    3.76   170   416 19043    46   49.09   48.98
c rst  luby best  vmt    79 19849    2439 14400  1648    3.96    3.76   179   425 19231    47   49.54   49.42
c rst  luby best  vmt    80 19951    2439 14400  1648    3.96    3.76   183   426 19324    51   49.70   49.58
c rst  luby best  vmt    81   20K    2439 14400  1648    3.96    3.76   227   383 19426    51   49.75   49.63
c [full-probe]  bin_only: 1 set: 0 repl: 0 T: 0.00 T-out: N T-r: 99.77%
c rst  luby best  vmt    82   20K    2439 14400  1648    3.96    3.76   231   386 19619    58   50.13   49.99
c rst  luby best  vmt    83   20K    2439 14400  1648    3.96    3.76   243   390   20K    61   51.06   50.91
c [distill-long-red0] cls tried: 199/199 T: 0.00 T-out: N T-r: 99.81%
c [distill-long-red1] cls tried: 52/374 T: 0.01 T-out: Y T-r: -2.04%
c rst  luby best  vmt    84   21K    2439 14400  1648    3.96    3.76   243   403   20K    67   51.77   51.61
c rst  luby best  vmt    85   21K    2439 14400  1648    3.96    3.76   245   409   20K    67   51.82   51.67
c rst  luby best  vmt    86   21K    2439 14400  1648    3.96    3.76   249   409   20K    67   51.97   51.82
c rst  luby  stb  vmt    87   21K    2439 14400  1648    3.96    3.76   254   409   21K    69   52.30   52.14
c rst  luby  stb  vmt    88   21K    2439 14400  1648    3.96    3.76   255   411   21K    69   52.41   52.25
c rst  luby  stb  vmt    89   22K    2439 14400  1648    3.96    3.76   255   412   21K    69   52.45   52.29
c rst  luby  stb  vmt    90   22K    2439 14400  1648    3.96    3.76   257   413   21K    73   52.52   52.35
c rst  luby  stb  vmt    91   22K    2439 14400  1648    3.96    3.76   258   413   21K    76   52.65   52.48
c rst  luby  stb  vmt    92   22K    2439 14400  1648    3.96    3.76   259   415   22K    76   52.69   52.53
c rst  luby  stb  vmt    93   22K    2439 14400  1648    3.96    3.76   260   418   22K    76   52.77   52.60
c rst  luby  stb  vmt    94   23K    2439 14400  1648    3.96    3.76   267   421   22K    76   52.88   52.71
c rst  luby  stb  vmt    95   23K    2439 14400  1648    3.96    3.76   269   421   22K    77   52.85   52.68
c rst  luby  stb  vmt    96   23K    2439 14400  1648    3.96    3.76   270   422   22K    77   52.91   52.74
c rst  luby  stb  vmt    97   23K    2439 14400  1648    3.96    3.76   271   423   22K    78   53.05   52.88
c rst  luby  stb  vmt    98   23K    2439 14400  1648    3.96    3.76   272   425   23K    79   53.12   52.95
c rst  luby  stb  vmt    99   24K    2439 14400  1648    3.96    3.76   286   438   23K    80   53.24   53.08
c rst  luby  stb  vmt   100   26K    2439 14400  1648    3.96    3.76   288   450   25K    81   53.99   53.83
c [branch] adjusting to: vsid (from: vmtf) var_decay:0.95 descr: VSIDS
c [distill] watch-based irred--  cl tried     1427 cl-sh     0 cl-rem    5 lit-rem      0 T: 0.00 T-out: N
c [distill] watch-based   red--  cl tried      572 cl-sh    15 cl-rem    4 lit-rem     21 T: 0.00 T-out: N
c rst  geom  stb   vs   101   26K    2439 14395  1653    3.96    3.76   282   450   25K    78   53.94   53.78
c rst  geom  stb   vs   102   26K    2439 14395  1653    3.96    3.76   282   450   25K    78   53.86   53.71
c rst  geom  stb   vs   103   26K    2439 14395  1653    3.96    3.76   282   450   25K    78   53.81   53.66
c rst  geom  stb   vs   104   26K    2439 14395  1653    3.96    3.76   282   450   26K    78   53.76   53.61
c rst  geom  stb   vs   105   26K    2439 14395  1653    3.96    3.76   282   450   26K    78   53.76   53.61
c rst  geom ibes   vs   106   27K    2439 14395  1653    3.96    3.76   282   450   26K    78   53.57   53.43
c rst  geom ibes   vs   107   27K    2439 14395  1653    3.96    3.76   282   450   26K    78   53.33   53.18
c rst  geom ibes   vs   108   27K    2439 14395  1653    3.96    3.76   282   450   26K    78   53.07   52.93
c rst  geom ibes   vs   109   27K    2439 14395  1653    3.96    3.76   282   450   27K    78   52.80   52.66
c rst  geom ibes   vs   110   28K    2439 14395  1653    3.96    3.76   282   450   27K    78   52.51   52.37
c rst  geom ibes   vs   111   28K    2439 14395  1653    3.96    3.76   282   450   27K    78   52.19   52.05
c rst  geom ibes   vs   112   28K    2439 14395  1653    3.96    3.76   282   450   27K    78   51.85   51.72
c rst  geom ibes   vs   113   28K    2439 14395  1653    3.96    3.76   282   450   28K    78   51.45   51.32
c rst  geom ibes   vs   114   29K    2439 14395  1653    3.96    3.76   282   450   28K    78   51.12   50.99
c rst  geom ibes   vs   115   29K    2439 14395  1653    3.96    3.76   282   450   28K    78   50.71   50.58
c rst  geom ibes   vs   116   30K    2439 14395  1653    3.96    3.76   365   617   24K    78   49.47   49.33
c rst  geom ibes   vs   117   30K    2439 14395  1653    3.96    3.76   365   617   24K    78   48.84   48.70
c rst  geom ibes   vs   118   31K    2439 14395  1653    3.96    3.76   365   617   25K    78   48.25   48.11
c rst  geom ibes   vs   119   31K    2439 14395  1653    3.96    3.76   365   617   25K    78   47.74   47.61
c rst  geom ibes   vs   120   32K    2439 14395  1653    3.96    3.76   365   617   26K    78   47.11   46.98
c [distill-bin] useful: 0/1653/1653 lits-rem: 0 cl-rem: 0 0-depth-assigns: 0 T: 0.01 T-out: N
c rst  geom  svd   vs   121   33K    2439 14395  1653    3.96    3.76   365   617   27K    78   46.57   46.45
c rst  geom  svd   vs   122   34K    2439 14395  1653    3.96    3.76   365   618   28K    78   46.11   45.99
c [branch] adjusting to: vmtf (from: vsid) var_decay:0.95 descr: VMTF
c rst  luby  svd  vmt   123   34K    2439 14395  1653    3.96    3.76   365   618   28K    79   46.17   46.05
c rst  luby  svd  vmt   124   34K    2439 14395  1653    3.96    3.76   366   629   28K    79   46.30   46.18
c rst  luby  svd  vmt   125   34K    2439 14395  1653    3.96    3.76   368   632   28K    79   46.42   46.30
c rst  luby  svd  vmt   126   34K    2439 14395  1653    3.96    3.76   370   634   28K    79   46.38   46.26
c rst  luby  svd  vmt   127   34K    2439 14395  1653    3.96    3.76   370   639   28K    79   46.38   46.26
c rst  luby  svd  vmt   128   34K    2439 14395  1653    3.96    3.76   370   644   28K    79   46.40   46.28
c rst  luby  svd  vmt   129   35K    2439 14395  1653    3.96    3.76   370   660   29K    79   46.66   46.54
c rst  luby  svd  vmt   130   35K    2439 14395  1653    3.96    3.76   370   660   29K    79   46.59   46.48
c rst  luby  svd  vmt   131   35K    2439 14395  1653    3.96    3.76   371   663   29K    79   46.56   46.45
c rst  luby  svd  vmt   132   35K    2439 14395  1653    3.96    3.76   373   664   29K    79   46.78   46.66
c rst  luby  svd  vmt   133   35K    2439 14395  1653    3.96    3.76   373   664   29K    79   46.87   46.76
c [distill-long-red0] cls tried: 152/152 T: 0.01 T-out: N T-r: 99.70%
c [distill-long-red1] cls tried: 48/597 T: 0.01 T-out: Y T-r: -6.09%
c rst  luby  svd  vmt   134   35K    2439 14395  1653    3.96    3.76   374   666   29K    79   46.84   46.73
c rst  luby  svd  vmt   135   36K    2439 14395  1653    3.96    3.76   375   669   30K    79   47.03   46.92
c rst  luby  svd  vmt   136   36K    2439 14395  1653    3.96    3.76   375   678   30K    79   47.07   46.96
c rst  luby  svd  vmt   137   37K    2439 14395  1653    3.96    3.76   378   688   31K    79   47.79   47.67
c rst  luby  svd  vmt   138   37K    2439 14395  1653    3.96    3.76   378   688   31K    79   47.84   47.72
c rst  luby  svd  vmt   139   37K    2439 14395  1653    3.96    3.76   379   690   31K    79   47.83   47.72
c rst  luby  svd  vmt   140   37K    2439 14395  1653    3.96    3.76   381   693   31K    79   47.92   47.81
c rst  luby  svd  vmt   141   37K    2439 14395  1653    3.96    3.76   381   694   31K    79   47.92   47.81
c rst  luby  svd  vmt   142   37K    2439 14395  1653    3.96    3.76   382   696   31K    79   47.90   47.79
c rst  luby  svd  vmt   143   38K    2439 14395  1653    3.96    3.76   384   697   32K    79   47.97   47.86
c rst  geom best  vmt   144   38K    2439 14395  1653    3.96    3.76   384   697   32K    79   48.02   47.91
c rst  geom best  vmt   145   38K    2439 14395  1653    3.96    3.76   384   698   32K    79   48.02   47.91
c rst  geom best  vmt   146   38K    2439 14395  1653    3.96    3.76   384   699   32K    79   48.10   47.99
c rst  geom best  vmt   147   38K    2439 14395  1653    3.96    3.76   385   704   32K    80   48.09   47.98
c rst  geom best  vmt   148   38K    2439 14395  1653    3.96    3.76   386   704   32K    81   48.47   48.36
c rst  geom best  vmt   149   38K    2439 14395  1653    3.96    3.76   388   716   32K    81   48.44   48.33
c rst  geom best  vmt   150   39K    2439 14395  1653    3.96    3.76   389   721   33K    81   48.50   48.39
c rst  geom best  vmt   151   39K    2439 14395  1653    3.96    3.76   392   724   33K    81   48.69   48.58
c rst  geom best  vmt   152   39K    2439 14395  1653    3.96    3.76   395   725   33K    81   48.83   48.72
c rst  geom best  vmt   153   39K    2439 14395  1653    3.96    3.76   399   740   33K    81   49.12   49.02
c rst  geom best  vmt   154   40K    2439 14395  1653    3.96    3.76   498   648   33K    81   49.13   49.02
c [full-probe]  bin_only: 0 set: 0 repl: 0 T: 0.00 T-out: N T-r: 96.78%
c [impl-str] lit bin: 0 set-var: 0 T: 0.00 T-out: N T-r: 99.95% w-visit: 4878
c [impl-sub] bin: 23 T: 0.00 T-out: N w-visit: 4878
c rst  geom best  vmt   155   40K    2439 14395  1653    3.96    3.76   499   654   34K    66   49.23   49.14
c rst  geom best  vmt   156   40K    2439 14395  1653    3.96    3.76   501   657   34K    66   49.62   49.53
c rst  geom best  vmt   157   41K    2439 14395  1653    3.96    3.76   503   664   34K    67   49.96   49.87
c rst  geom best  vmt   158   41K    2439 14395  1653    3.96    3.76   506   664   35K    67   50.37   50.28
c rst  geom best  vmt   159   41K    2439 14395  1653    3.96    3.76   507   667   35K    67   50.50   50.41
c rst  geom best  vmt   160   42K    2439 14395  1653    3.96    3.76   512   686   36K    67   50.28   50.19
c [branch] adjusting to: vsid (from: vmtf) var_decay:0.95 descr: VSIDS
c rst  geom best   vs   161   42K    2439 14395  1653    3.96    3.76   512   686   36K    67   50.32   50.23
c rst  geom best   vs   162   42K    2439 14395  1653    3.96    3.76   512   686   36K    67   50.29   50.21
c rst  geom best   vs   163   42K    2439 14395  1653    3.96    3.76   512   686   36K    67   50.24   50.15
c rst  geom best   vs   164   42K    2439 14395  1653    3.96    3.76   512   686   36K    67   50.21   50.12
c rst  geom best   vs   165   43K    2439 14395  1653    3.96    3.76   512   686   36K    67   50.19   50.11
c rst  geom best   vs   166   43K    2439 14395  1653    3.96    3.76   512   686   37K    67   50.14   50.06
c rst  geom best   vs   167   43K    2439 14395  1653    3.96    3.76   512   686   37K    67   50.02   49.94
c rst  geom  stb   vs   168   43K    2439 14395  1653    3.96    3.76   512   686   37K    67   49.90   49.82
c rst  geom  stb   vs   169   43K    2439 14395  1653    3.96    3.76   512   686   37K    67   49.74   49.66
c rst  geom  stb   vs   170   44K    2439 14395  1653    3.96    3.76   512   686   38K    67   49.58   49.50
c [ccnr] tries: 0 steps: 262143 best found: 10
c [ccnr] tries: 0 steps: 524287 best found: 10
c [ccnr] tries: 0 steps: 786431 best found: 10
c [ccnr] saving best assignment phase to stable_polar
c [ccnr] bumping based on clause weights
c [ccnr] Bumped vars: 101 bump type: 6
c [ccnr] time: 0.38
c rst  geom  stb   vs   171   44K    2439 14395  1653    3.96    3.76   512   686   38K    67   49.54   49.46
c rst  geom  stb   vs   172   44K    2439 14395  1653    3.96    3.76   512   686   38K    67   49.40   49.32
c rst  geom  stb   vs   173   45K    2439 14395  1653    3.96    3.76   537  1132   31K    67   48.34   48.25
c rst  geom  stb   vs   174   45K    2439 14395  1653    3.96    3.76   537  1132   32K    67   48.22   48.12
c rst  geom  stb   vs   175   45K    2439 14395  1653    3.96    3.76   537  1132   32K    67   47.99   47.90
c rst  geom  stb   vs   176   46K    2439 14395  1653    3.96    3.76   537  1132   32K    67   47.77   47.68
c rst  geom  stb   vs   177   46K    2439 14395  1653    3.96    3.76   537  1132   33K    67   47.70   47.62
c rst  geom  stb   vs   178   47K    2439 14395  1653    3.96    3.76   537  1132   33K    67   47.45   47.37
c rst  geom  stb   vs   179   48K    2439 14395  1653    3.96    3.76   537  1132   34K    67   47.17   47.09
c rst  geom  stb   vs   180   48K    2439 14395  1653    3.96    3.76   537  1132   35K    67   46.86   46.78
c rst  geom  stb   vs   181   49K    2439 14395  1653    3.96    3.76   537  1132   35K    67   46.61   46.53
c rst  geom ibes   vs   182   50K    2439 14395  1653    3.96    3.76   585  1084   36K    67   46.08   46.01
c [gauss] XOR-encoding clauses are not detached, so no need to reattach them.
c [g 0] truth-find prop checks  : 878K
c [g 0] -> of which prop        : 39.48 %
c [g 0] -> of which confl       :  3.40 %
c [g 0] elim called             : 148K
c [g 0] ---> which lead to prop :  6.84 %
c [g 0] ---> which lead to confl:  0.51 %
c [g 0] size: 48    x 765  
c [scc] new: 7 BP 0M T: 0.00
c [vrep] vars 7 lits 18641 rem-bin-cls 36 rem-long-cls 13 BP 0M T: 0.02
c [scc] new: 0 BP 0M T: 0.00
c [vrep] vars 0 lits 0 rem-bin-cls 0 rem-long-cls 0 BP 0M T: 0.00
c [intree] Set 0 vars hyper-added: 713 trans-irred: 0 trans-red: 1 T: 0.01 T-out: N T-r: -1.13%
c [find&init matx] performing matrix init
c [gauss] XOR-encoding clauses are not detached, so no need to reattach them.
c [xor-rem-unconnected] left with 48 xors from 48 non-empty xors T: 0.00
c [xor-together] xored together: 0 orig xors: 48 new xors: 48 T: 0.00
c [xor-rem-unconnected] left with 48 xors from 48 non-empty xors T: 0.00
c [xor-clean-equiv] removed equivalent xors: 0 left with: 48
c [matrix] unused xors from cleaning: 0
c [matrix] Good   matrix 0 48      x760    density:0.0951  xorlen avg: 72.31
c [matrix] Using 1 matrices recovered from 0 xors T: 0.00 T-out: N
c rst  geom ibes vs   183   51  K 2432    14395  1639 3.96    3.76      585  1084   37K   772 45.43   44.59  
c [distill-long-red0] cls tried: 210/210 T: 0.02 T-out: N T-r: 99.31%
c [distill-long-red1] cls tried: 34/971 T: 0.01 T-out: Y T-r: -8.76%
c rst  geom ibes vs   184   52  K 2432    14395  1639 3.96    3.76      584  1084   38K   773 44.89   44.08  
c [distill] watch-based irred--  cl tried 1422     cl-sh 1     cl-rem 0    lit-rem 1      T: 0.00 T-out: N
c [distill] watch-based red  --  cl tried 1168     cl-sh 24    cl-rem 0    lit-rem 37     T: 0.00 T-out: N
c rst  geom ibes vs   185   53  K 2432    14394  1640 3.96    3.76      584  1084   39K   773 44.18   43.41  
c [branch] adjusting to: vmtf (from: vsid) var_decay:0.95 descr: VMTF
c [distill-bin] useful: 0/1145/1640 lits-rem: 0 cl-rem: 0 0-depth-assigns: 0 T: 0.01 T-out: Y
c rst  luby ibes vmt  186   53  K 2432    14394  1640 3.96    3.76      587  1092   39K   774 44.23   43.45  
c rst  luby ibes vmt  187   53  K 2432    14394  1640 3.96    3.76      587  1093   39K   774 44.23   43.46  
c rst  luby ibes vmt  188   53  K 2432    14394  1640 3.96    3.76      588  1104   40K   774 44.23   43.46  
c rst  luby ibes vmt  189   53  K 2432    14394  1640 3.96    3.76      588  1107   40K   774 44.22   43.45  
c rst  luby ibes vmt  190   53  K 2432    14394  1640 3.96    3.76      589  1107   40K   774 44.21   43.44  
c rst  luby ibes vmt  191   53  K 2432    14394  1640 3.96    3.76      590  1110   40K   774 44.20   43.44  
c rst  luby ibes vmt  192   54  K 2432    14394  1640 3.96    3.76      592  1120   40K   774 44.17   43.42  
c rst  luby ibes vmt  193   54  K 2432    14394  1640 3.96    3.76      592  1123   40K   774 44.17   43.42  
c rst  luby ibes vmt  194   54  K 2432    14394  1640 3.96    3.76      592  1123   41K   774 44.17   43.42  
c rst  luby ibes vmt  195   54  K 2432    14394  1640 3.96    3.76      592  1124   41K   774 44.25   43.51  
c rst  luby ibes vmt  196   54  K 2432    14394  1640 3.96    3.76      592  1125   41K   774 44.26   43.52  
c rst  luby ibes vmt  197   54  K 2432    14394  1640 3.96    3.76      594  1126   41K   774 44.26   43.52  
c rst  luby ibes vmt  198   55  K 2432    14394  1640 3.96    3.76      596  1128   41K   774 44.24   43.50  
c rst  luby svd  vmt  199   55  K 2432    14394  1640 3.96    3.76      599  1136   42K   774 44.70   43.96  
c rst  luby svd  vmt  200   56  K 2432    14394  1640 3.96    3.76      605  1141   42K   774 44.87   44.13  
c recursive minimization cost OK: 303Kcost/(% lits removed)
c [gauss] XOR-encoding clauses are not detached, so no need to reattach them.
c [g 0] truth-find prop checks  : 105K
c [g 0] -> of which prop        : 41.08 %
c [g 0] -> of which confl       :  3.09 %
c [g 0] elim called             : 17345
c [g 0] ---> which lead to prop :  1.97 %
c [g 0] ---> which lead to confl:  0.25 %
c [g 0] size: 48    x 760  
c --> Executing strategy token: scc-vrepl
c [scc] new: 2 BP 0M T: 0.00
c [vrep] vars 2 lits 19790 rem-bin-cls 8 rem-long-cls 37 BP 0M T: 0.02
c --> Executing strategy token: sub-impl
c [impl-sub] bin: 4 T: 0.00 T-out: N w-visit: 4878
c --> Executing strategy token: breakid
c --> Executing OCC strategy token(s): 'occ-backw-sub-str,occ-clean-implicit,occ-bve,occ-bva,occ-ternary-res,occ-xor,'
c [occ] mem usage for occur 1      MB
c [occ] Linked in IRRED BIN by default: 1637
c [occ] Linked in RED   BIN by default: 769
c [occ] mem usage for occur 0      MB
c Mem for watch alloc      : 4           MB (19.19     %)
c Mem for watch array      : 0           MB (0.90      %)
c --> Executing OCC strategy token: occ-backw-sub-str
c [occ-backw-sub-str-long-w-bins] subs: 1 str: 4 tried: 2406 0-depth ass: 0 T: 0.00 T-out: N T-r: 99.41%
c [occ-backw-sub-long-w-long] rem cl: 33 tried: 58623/58623 (100.0%) T: 0.01 T-out: N T-r: 96.90%
c [occ-backw-sub-str-long-w-long] sub: 1 str: 8 tried: 175869/58623 (300.0)  T: 0.04 T-out: N T-r: 89.42%
c --> Executing OCC strategy token: occ-clean-implicit
c --> Executing OCC strategy token: occ-bve
c [occ-empty-res] Empty resolvent elimed: 0 T: 0.00 T-out: N
c [occ-bve] iter v-elim 9
c cl_inc_rate=1.0, var_dec_rate=1.0 (grow=0)
c Reduced to 2421 vars, 16026 cls (grow=0)
c [occ-bve] iter v-elim 291
c cl_inc_rate=1.1, var_dec_rate=1.1 (grow=8)
c Reduced to 2130 vars, 17306 cls (grow=8)
c x n vars       : 2130
c #try to eliminate:  5094
c #var-elim        :   300
c #T-o: N
c #T-r: 99.99%
c #T  : 0.05
c [occur] 0.02 is overhead
c [occur] link-in T: 0.02 cleanup T: 0.00
c --> Executing OCC strategy token: occ-bva
c --> Executing OCC strategy token: occ-ternary-res
c [occ-ternary-res] Ternary res-tri: 56 res-bin: 0 sub: 5 str: 0 T: 0.00 T-out: N T-r: 99.42%
c --> Executing OCC strategy token: occ-xor
c [occ-xor] sort occur list T: 0.00
c [xor-clean-equiv] removed equivalent xors: 0 left with: 1557
c [occ-xor] found   1557 avg sz 4.0 min sz  4 max sz  5 T: 0.00 T-out: N T-r: 99.98%
c --> Executing strategy token: card-find
c --> Executing strategy token: cl-consolidate
c [mem] consolidate  old-sz: 10124K new-sz: 4252K new bits offs: 20 T: 0.00
c --> Executing strategy token: scc-vrepl
c [scc] new: 0 BP 0M T: 0.00
c --> Executing strategy token: renumber
c --> Executing strategy token: bosphorus
c --> Executing strategy token: louvain-comms
c [consolidate] mini T: 0.00
c global_timeout_multiplier: 3.3000
c [branch] rebuilding order heap for all branchings. Current branching: vmtf
c [find&init matx] performing matrix init
c [gauss] XOR-encoding clauses are not detached, so no need to reattach them.
c [xor-rem-unconnected] left with 1557 xors from 1557 non-empty xors T: 0.00
c [xor-together] xored together: 1513 orig xors: 1557 new xors: 44 T: 0.00
c [xor-rem-unconnected] left with 44 xors from 44 non-empty xors T: 0.00
c [xor-clean-equiv] removed equivalent xors: 0 left with: 44
c [matrix] unused xors from cleaning: 0
c [matrix] Good   matrix  0     44 x  457  density:0.1597  xorlen avg: 73.00
c [matrix] Using 1 matrices recovered from 0 xors T: 0.00 T-out: N
c rst  luby  svd  vmt   201   56K    2130 16430   876    4.13    4.02    87   134   24K    89   29.22   29.12
c rst  luby  svd  vmt   202   56K    2130 16430   876    4.13    4.02    87   134   24K    89   29.20   29.10
c rst  luby  svd  vmt   203   56K    2130 16430   876    4.13    4.02    87   135   24K    89   29.17   29.07
c rst  luby  svd  vmt   204   56K    2130 16430   876    4.13    4.02    87   135   24K    89   29.07   28.97
c rst  luby  svd  vmt   205   56K    2130 16430   876    4.13    4.02    88   137   24K    89   29.02   28.93
c rst  luby  svd  vmt   206   56K    2130 16430   876    4.13    4.02    88   144   24K    89   28.98   28.88
c rst  luby  svd  vmt   207   57K    2130 16430   876    4.13    4.02    88   145   25K    89   28.94   28.85
c rst  luby  svd  vmt   208   57K    2130 16430   876    4.13    4.02    89   151   25K    89   28.84   28.75
c rst  luby  svd  vmt   209   57K    2130 16430   876    4.13    4.02    89   153   25K    89   28.82   28.73
c rst  luby  svd  vmt   210   57K    2130 16430   876    4.13    4.02    90   163   25K    89   28.80   28.71
c rst  luby  svd  vmt   211   57K    2130 16430   876    4.13    4.02    91   188   25K    89   28.72   28.63
c rst  luby  svd  vmt   212   58K    2130 16430   876    4.13    4.02    91   190   26K    89   28.73   28.64
c [g  <0] Disabling GJ-elim in this round.  Usefulness was: 19.9569%  over 110478 calls
c rst  luby  svd  vmt   213   58K    2130 16430   876    4.13    4.02    91   192   26K    89   28.72   28.63
c rst  luby  svd  vmt   214   58K    2130 16430   876    4.13    4.02    92   194   26K    89   28.72   28.63
c rst  luby  svd  vmt   215   58K    2130 16430   876    4.13    4.02    92   201   26K    89   28.69   28.61
c rst  luby  svd  vmt   216   59K    2130 16430   876    4.13    4.02   100   221   27K    89   28.66   28.58
c rst  luby  svd  vmt   217   61K    2130 16430   876    4.13    4.02   166   264   25K    89   27.89   27.80
c [full-probe]  bin_only: 1 set: 1 repl: 0 T: 0.00 T-out: N T-r: 99.79%
c rst  geom best  vmt   218   61K    2129 16430   876    4.13    4.02   167   266   25K    89   27.86   27.77
c rst  geom best  vmt   219   61K    2129 16430   876    4.13    4.02   167   267   25K    89   27.81   27.72
c rst  geom best  vmt   220   61K    2129 16430   876    4.13    4.02   167   271   25K    89   27.79   27.70
c rst  geom best  vmt   221   61K    2129 16430   876    4.13    4.02   169   278   25K    89   27.71   27.63
c rst  geom best  vmt   222   61K    2129 16430   876    4.13    4.02   169   282   25K    89   27.68   27.59
c rst  geom best  vmt   223   61K    2129 16430   876    4.13    4.02   169   285   25K    89   27.66   27.57
c rst  geom best  vmt   224   62K    2129 16430   876    4.13    4.02   169   290   26K    89   27.68   27.59
c rst  geom best  vmt   225   62K    2129 16430   876    4.13    4.02   171   298   26K    89   27.63   27.55
c rst  geom best  vmt   226   62K    2129 16430   876    4.13    4.02   171   299   26K    89   27.60   27.52
c rst  geom best  vmt   227   62K    2129 16430   876    4.13    4.02   173   307   26K    89   27.62   27.54
c rst  geom best  vmt   228   63K    2129 16430   876    4.13    4.02   174   318   27K    89   27.54   27.46
c [branch] adjusting to: vsid (from: vmtf) var_decay:0.95 descr: VSIDS
c rst  geom best   vs   229   63K    2129 16430   876    4.13    4.02   182   347   27K    89   27.58   27.50
c rst  geom best   vs   230   63K    2129 16430   876    4.13    4.02   184   353   27K    89   27.73   27.65
c rst  geom best   vs   231   63K    2129 16430   876    4.13    4.02   190   371   27K    89   27.78   27.69
c rst  geom best   vs   232   63K    2129 16430   876    4.13    4.02   196   378   27K    89   27.82   27.74
c rst  geom best   vs   233   63K    2129 16430   876    4.13    4.02   198   392   27K    89   27.90   27.82
c rst  geom best   vs   234   64K    2129 16430   876    4.13    4.02   204   416   27K    89   28.00   27.92
c rst  geom best   vs   235   64K    2129 16430   876    4.13    4.02   206   427   28K    89   28.06   27.98
c rst  geom best   vs   236   64K    2129 16430   876    4.13    4.02   209   436   28K    89   28.16   28.08
c rst  geom best   vs   237   64K    2129 16430   876    4.13    4.02   215   462   28K    89   28.16   28.08
c rst  geom best   vs   238   64K    2129 16430   876    4.13    4.02   219   478   28K    89   28.17   28.09
c rst  geom best   vs   239   65K    2129 16430   876    4.13    4.02   228   500   28K    89   28.25   28.17
c rst  geom best   vs   240   65K    2129 16430   876    4.13    4.02   234   523   29K    89   28.34   28.27
c rst  geom best   vs   241   65K    2129 16430   876    4.13    4.02   236   541   29K    89   28.43   28.35
c rst  geom best   vs   242   66K    2129 16430   876    4.13    4.02   247   565   29K    89   28.42   28.34
c [distill-long-red0] cls tried: 164/164 T: 0.00 T-out: N T-r: 99.80%
c [distill-long-red1] cls tried: 81/496 T: 0.01 T-out: Y T-r: -1.21%
c rst  geom best   vs   243   66K    2129 16430   876    4.13    4.02   249   586   30K    89   28.40   28.33
c rst  geom best   vs   244   67K    2129 16430   876    4.13    4.02   253   609   30K    89   28.48   28.40
c rst  geom  stb   vs   245   67K    2129 16430   876    4.13    4.02   253   620   31K    89   28.62   28.54
c rst  geom  stb   vs   246   68K    2129 16430   876    4.13    4.02   256   647   31K    89   28.69   28.62
c rst  geom  stb   vs   247   68K    2129 16430   876    4.13    4.02   259   676   32K    89   28.72   28.65
c rst  geom  stb   vs   248   69K    2129 16430   876    4.13    4.02   265   689   32K    89   28.86   28.79
c rst  geom  stb   vs   249   70K    2129 16430   876    4.13    4.02   575   398   33K    89   28.92   28.85
c rst  geom  stb   vs   250   70K    2129 16430   876    4.13    4.02   584   429   34K    89   28.88   28.82
c rst  geom  stb   vs   251   71K    2129 16430   876    4.13    4.02   597   452   35K    89   28.89   28.82
c rst  geom  stb   vs   252   72K    2129 16430   876    4.13    4.02   604   491   36K    89   28.88   28.81
c rst  geom  stb   vs   253   73K    2129 16430   876    4.13    4.02   606   505   37K    89   28.80   28.74
c [distill-bin] useful: 1/876/876 lits-rem: 0 cl-rem: 1 0-depth-assigns: 0 T: 0.01 T-out: N
c rst  geom ibes   vs   254   74K    2129 16430   873    4.13    4.02   617   532   38K    89   28.93   28.87
c [branch] adjusting to: vmtf (from: vsid) var_decay:0.95 descr: VMTF
c rst  luby ibes  vmt   255   75K    2129 16430   873    4.13    4.02   654   869   30K    89   28.29   28.22
c rst  luby ibes  vmt   256   75K    2129 16430   873    4.13    4.02   654   875   30K    89   28.33   28.26
c rst  luby ibes  vmt   257   75K    2129 16430   873    4.13    4.02   654   875   30K    89   28.25   28.18
c rst  luby ibes  vmt   258   75K    2129 16430   873    4.13    4.02   654   878   31K    89   28.22   28.15
c rst  luby ibes  vmt   259   75K    2129 16430   873    4.13    4.02   654   878   31K    89   28.20   28.13
c rst  luby ibes  vmt   260   75K    2129 16430   873    4.13    4.02   654   879   31K    89   28.14   28.07
c rst  luby ibes  vmt   261   76K    2129 16430   873    4.13    4.02   657   882   31K    89   28.02   27.95
c rst  luby ibes  vmt   262   76K    2129 16430   873    4.13    4.02   657   887   31K    89   28.01   27.94
c rst  luby ibes  vmt   263   76K    2129 16430   873    4.13    4.02   658   887   31K    89   27.98   27.91
c rst  luby ibes  vmt   264   76K    2129 16430   873    4.13    4.02   658   889   32K    89   27.94   27.87
c rst  luby ibes  vmt   265   76K    2129 16430   873    4.13    4.02   658   892   32K    89   27.91   27.84
c rst  luby ibes  vmt   266   76K    2129 16430   873    4.13    4.02   658   892   32K    89   27.91   27.85
c rst  luby ibes  vmt   267   76K    2129 16430   873    4.13    4.02   658   892   32K    89   27.85   27.78
c rst  luby ibes  vmt   268   77K    2129 16430   873    4.13    4.02   659   897   32K    89   27.73   27.66
c [distill] watch-based irred--  cl tried     7636 cl-sh   139 cl-rem  152 lit-rem    145 T: 0.00 T-out: N
c [distill] watch-based   red--  cl tried     1318 cl-sh   168 cl-rem    0 lit-rem    283 T: 0.00 T-out: N
c rst  luby ibes  vmt   269   78K    2129 16242   883    4.12    4.01   659   912   33K    79   27.42   27.36
c rst  luby ibes  vmt   270   78K    2129 16242   883    4.12    4.01   660   913   33K    79   27.39   27.33
c rst  luby ibes  vmt   271   78K    2129 16242   883    4.12    4.01   661   913   33K    79   27.38   27.32
c rst  luby ibes  vmt   272   78K    2129 16242   883    4.12    4.01   661   914   34K    79   27.36   27.30
c rst  luby ibes  vmt   273   78K    2129 16242   883    4.12    4.01   661   920   34K    79   27.32   27.27
c rst  luby ibes  vmt   274   78K    2129 16242   883    4.12    4.01   661   921   34K    79   27.30   27.25
c rst  luby ibes  vmt   275   78K    2129 16242   883    4.12    4.01   661   923   34K    79   27.29   27.24
c rst  luby ibes  vmt   276   79K    2129 16242   883    4.12    4.01   661   928   34K    79   27.27   27.22
c rst  luby ibes  vmt   277   79K    2129 16242   883    4.12    4.01   661   928   34K    79   27.27   27.22
c rst  luby ibes  vmt   278   79K    2129 16242   883    4.12    4.01   661   929   34K    79   27.25   27.20
c rst  luby  svd  vmt   279   79K    2129 16242   883    4.12    4.01   661   929   35K    79   27.20   27.14
c rst  luby  svd  vmt   280   79K    2129 16242   883    4.12    4.01   661   932   35K    79   27.19   27.14
c rst  luby  svd  vmt   281   79K    2129 16242   883    4.12    4.01   662   933   35K    79   27.17   27.12
c rst  luby  svd  vmt   282   80K    2129 16242   883    4.12    4.01   989   603   35K    79   27.14   27.08
c rst  luby  svd  vmt   283   80K    2129 16242   883    4.12    4.01   989   607   36K    79   27.07   27.02
c rst  luby  svd  vmt   284   81K    2129 16242   883    4.12    4.01   989   614   36K    79   26.97   26.92
c [distill-long-red0] cls tried: 747/747 T: 0.02 T-out: N T-r: 99.03%
c [distill-long-red1] cls tried: 70/473 T: 0.01 T-out: Y T-r: -1.71%
c [full-probe]  bin_only: 0 set: 0 repl: 0 T: 0.00 T-out: N T-r: 97.59%
c rst  luby  svd  vmt   285   83K    2129 16242   883    4.12    4.01   992   641   38K    81   26.85   26.80
c rst  luby  svd  vmt   286   83K    2129 16242   883    4.12    4.01   992   641   38K    81   26.84   26.79
c rst  luby  svd  vmt   287   83K    2129 16242   883    4.12    4.01   992   645   38K    81   26.86   26.81
c rst  luby  svd  vmt   288   83K    2129 16242   883    4.12    4.01   992   649   38K    81   26.83   26.78
c rst  luby  svd  vmt   289   83K    2129 16242   883    4.12    4.01   993   652   38K    81   26.85   26.80
c rst  luby  svd  vmt   290   83K    2129 16242   883    4.12    4.01   993   653   38K    81   26.85   26.80
c rst  luby  svd  vmt   291   83K    2129 16242   883    4.12    4.01   993   654   39K    81   26.83   26.78
c rst  luby  svd  vmt   292   84K    2129 16242   883    4.12    4.01   993   660   39K    81   26.78   26.73
c rst  luby  svd  vmt   293   84K    2129 16242   883    4.12    4.01   993   662   39K    81   26.77   26.73
c rst  luby  svd  vmt   294   84K    2129 16242   883    4.12    4.01   993   664   39K    81   26.78   26.74
c rst  luby  svd  vmt   295   84K    2129 16242   883    4.12    4.01   994   669   39K    81   26.82   26.78
c rst  luby  svd  vmt   296   84K    2129 16242   883    4.12    4.01   996   670   40K    81   26.83   26.78
c rst  luby  svd  vmt   297   84K    2129 16242   883    4.12    4.01   996   674   40K    81   26.82   26.77
c rst  luby  svd  vmt   298   85K    2129 16242   883    4.12    4.01   996   677   40K    81   26.81   26.76
c rst  luby  svd  vmt   299   85K    2129 16242   883    4.12    4.01   996   687   40K    81   26.72   26.67
c rst  luby  svd  vmt   300   86K    2129 16242   883    4.12    4.01   997   699   41K    81   26.59   26.55
c rst  geom best  vmt   301   86K    2129 16242   883    4.12    4.01   997   699   41K    81   26.56   26.52
c rst  geom best  vmt   302   86K    2129 16242   883    4.12    4.01   997   699   41K    81   26.53   26.49
c rst  geom best  vmt   303   86K    2129 16242   883    4.12    4.01   997   699   41K    81   26.50   26.45
c rst  geom best  vmt   304   86K    2129 16242   883    4.12    4.01   997   699   42K    81   26.46   26.41
c rst  geom best  vmt   305   86K    2129 16242   883    4.12    4.01   997   699   42K    81   26.42   26.38
c rst  geom best  vmt   306   87K    2129 16242   883    4.12    4.01   997   701   42K    81   26.39   26.34
c rst  geom best  vmt   307   87K    2129 16242   883    4.12    4.01   997   701   42K    81   26.35   26.30
c rst  geom best  vmt   308   87K    2129 16242   883    4.12    4.01   997   702   42K    81   26.55   26.50
c rst  geom best  vmt   309   87K    2129 16242   883    4.12    4.01   998   705   43K    81   26.60   26.55
c [branch] adjusting to: vsid (from: vmtf) var_decay:0.95 descr: VSIDS
c rst  geom best   vs   310   87K    2129 16242   883    4.12    4.01   998   706   43K    81   26.61   26.57
c rst  geom best   vs   311   87K    2129 16242   883    4.12    4.01   998   707   43K    81   26.62   26.57
c rst  geom best   vs   312   88K    2129 16242   883    4.12    4.01   998   707   43K    81   26.64   26.60
c rst  geom best   vs   313   88K    2129 16242   883    4.12    4.01   998   712   43K    81   26.65   26.61
c [ccnr] tries: 0 steps: 262143 best found: 12
c [ccnr] tries: 0 steps: 524287 best found: 12
c [ccnr] saving best assignment phase to stable_polar
c [ccnr] bumping based on var unsat frequency: conflict_ct
c [ccnr] Bumped vars: 2439 bump type: 6
c [ccnr] time: 0.34
c rst  geom best   vs   314   88K    2129 16242   883    4.12    4.01   998   714   43K    81   26.67   26.62
c rst  geom best   vs   315   88K    2129 16242   883    4.12    4.01   998   716   43K    81   26.68   26.63
c rst  geom best   vs   316   88K    2129 16242   883    4.12    4.01   998   718   44K    81   26.68   26.63
c rst  geom best   vs   317   88K    2129 16242   883    4.12    4.01   998   722   44K    81   26.69   26.64
c rst  geom best   vs   318   89K    2129 16242   883    4.12    4.01   998   722   44K    81   26.75   26.70
c rst  geom best   vs   319   89K    2129 16242   883    4.12    4.01   999   723   44K    81   26.75   26.71
c rst  geom best   vs   320   89K    2129 16242   883    4.12    4.01  1000   726   45K    81   26.83   26.79
c rst  geom best   vs   321   90K    2129 16242   883    4.12    4.01  1245   967   34K    81   26.03   25.97
c rst  geom best   vs   322   90K    2129 16242   883    4.12    4.01  1245   968   34K    81   26.08   26.02
c rst  geom best   vs   323   90K    2129 16242   883    4.12    4.01  1246   969   35K    81   26.19   26.13
c rst  geom best   vs   324   91K    2129 16242   883    4.12    4.01  1246   975   35K    81   26.23   26.18
c rst  geom best   vs   325   91K    2129 16242   883    4.12    4.01  1246   978   35K    81   26.32   26.27
c rst  geom best   vs   326   92K    2129 16242   883    4.12    4.01  1246   981   36K    81   26.42   26.37
c rst  geom  stb   vs   327   92K    2129 16242   883    4.12    4.01  1247   989   36K    81   26.63   26.58
c rst  geom  stb   vs   328   93K    2129 16242   883    4.12    4.01  1249  1006   37K    81   26.75   26.70
c rst  geom  stb   vs   329   93K    2129 16242   883    4.12    4.01  1249  1015   38K    81   26.90   26.85
c [distill-bin] useful: 0/883/883 lits-rem: 0 cl-rem: 0 0-depth-assigns: 0 T: 0.01 T-out: N
c rst  geom  stb   vs   330   94K    2129 16242   883    4.12    4.01  1251  1022   38K    81   26.90   26.85
c rst  geom  stb   vs   331   95K    2129 16242   883    4.12    4.01  1254  1038   39K    81   26.95   26.90
c rst  geom  stb   vs   332   96K    2129 16242   883    4.12    4.01  1257  1050   40K    81   27.00   26.95
c rst  geom  stb   vs   333   97K    2129 16242   883    4.12    4.01  1262  1057   41K    81   27.10   27.06
c [distill-long-red0] cls tried: 263/263 T: 0.02 T-out: N T-r: 99.21%
c [distill-long-red1] cls tried: 57/856 T: 0.01 T-out: Y T-r: -3.83%
c rst  geom  stb   vs   334   98K    2129 16242   883    4.12    4.01  1263  1066   42K    81   27.12   27.08
c rst  geom ibes   vs   335   99K    2129 16242   883    4.12    4.01  1264  1080   43K    81   27.31   27.27
c rst  geom ibes   vs   336  100K    2129 16242   883    4.12    4.01  1351  1016   44K    81   27.32   27.27
c [impl-str] lit bin: 0 set-var: 0 T: 0.00 T-out: N T-r: 99.95% w-visit: 4878
c [impl-sub] bin: 1 T: 0.00 T-out: N w-visit: 4878
c rst  geom ibes   vs   337  102K    2129 16242   883    4.12    4.01  1353  1025   46K    80   27.46   27.42
c [branch] adjusting to: vmtf (from: vsid) var_decay:0.95 descr: VMTF
c [full-probe]  bin_only: 1 set: 0 repl: 0 T: 0.00 T-out: N T-r: 99.68%
c rst  luby ibes  vmt   338  102K    2129 16242   883    4.12    4.01  1359  1035   46K    83   27.47   27.42
c rst  luby ibes  vmt   339  102K    2129 16242   883    4.12    4.01  1359  1042   46K    83   27.51   27.47
c [distill] watch-based irred--  cl tried     7484 cl-sh     0 cl-rem    0 lit-rem      0 T: 0.01 T-out: N
c [distill] watch-based   red--  cl tried     2718 cl-sh    76 cl-rem    0 lit-rem    150 T: 0.00 T-out: N
c rst  luby ibes  vmt   340  102K    2129 16242   883    4.12    4.01  1361  1058   46K    83   27.50   27.46
c rst  luby ibes  vmt   341  102K    2129 16242   883    4.12    4.01  1361  1058   46K    83   27.52   27.47
c rst  luby ibes  vmt   342  102K    2129 16242   883    4.12    4.01  1361  1061   46K    83   27.52   27.47
c rst  luby ibes  vmt   343  102K    2129 16242   883    4.12    4.01  1362  1069   47K    83   27.53   27.48
c rst  luby ibes  vmt   344  103K    2129 16242   883    4.12    4.01  1365  1082   47K    83   27.53   27.49
c rst  luby ibes  vmt   345  103K    2129 16242   883    4.12    4.01  1365  1088   47K    83   27.53   27.49
c rst  luby ibes  vmt   346  103K    2129 16242   883    4.12    4.01  1370  1092   47K    83   27.53   27.49
c rst  luby ibes  vmt   347  103K    2129 16242   883    4.12    4.01  1370  1098   47K    83   27.55   27.50
c rst  luby ibes  vmt   348  103K    2129 16242   883    4.12    4.01  1370  1098   47K    83   27.55   27.51
c rst  luby ibes  vmt   349  103K    2129 16242   883    4.12    4.01  1370  1100   48K    83   27.55   27.51
c rst  luby ibes  vmt   350  104K    2129 16242   883    4.12    4.01  1372  1102   48K    83   27.56   27.52
c rst  luby ibes  vmt   351  104K    2129 16242   883    4.12    4.01  1373  1109   48K    83   27.63   27.58
c rst  luby  svd  vmt   352  105K    2129 16242   883    4.12    4.01  1393  1538   36K    83   27.94   27.89
c rst  luby  svd  vmt   353  105K    2129 16242   883    4.12    4.01  1393  1541   36K    83   27.98   27.92
c rst  luby  svd  vmt   354  105K    2129 16242   883    4.12    4.01  1393  1556   36K    83   27.98   27.92
c rst  luby  svd  vmt   355  105K    2129 16242   883    4.12    4.01  1393  1569   36K    83   28.01   27.96
c rst  luby  svd  vmt   356  105K    2129 16242   883    4.12    4.01  1393  1573   36K    83   28.03   27.98
c rst  luby  svd  vmt   357  106K    2129 16242   883    4.12    4.01  1393  1582   36K    83   28.04   27.98
c rst  luby  svd  vmt   358  106K    2129 16242   883    4.12    4.01  1396  1589   36K    83   28.03   27.97
c rst  luby  svd  vmt   359  106K    2129 16242   883    4.12    4.01  1398  1602   37K    83   28.02   27.97
c rst  luby  svd  vmt   360  106K    2129 16242   883    4.12    4.01  1399  1605   37K    83   28.01   27.96
c rst  luby  svd  vmt   361  106K    2129 16242   883    4.12    4.01  1400  1606   37K    83   28.00   27.95
c rst  luby  svd  vmt   362  107K    2129 16242   883    4.12    4.01  1403  1614   37K    83   27.98   27.93
c rst  luby  svd  vmt   363  107K    2129 16242   883    4.12    4.01  1403  1615   37K    83   27.99   27.93
c rst  luby  svd  vmt   364  107K    2129 16242   883    4.12    4.01  1403  1617   37K    83   27.97   27.92
c rst  luby  svd  vmt   365  107K    2129 16242   883    4.12    4.01  1408  1622   38K    83   27.96   27.91
c rst  luby  svd  vmt   366  107K    2129 16242   883    4.12    4.01  1413  1633   38K    83   27.96   27.91
c rst  luby  svd  vmt   367  108K    2129 16242   883    4.12    4.01  1428  1664   39K    83   27.97   27.92
c rst  luby  svd  vmt   368  110K    2129 16242   883    4.12    4.01  1748  1616   40K    83   27.60   27.55
c rst  luby  svd  vmt   369  110K    2129 16242   883    4.12    4.01  1748  1618   40K    83   27.57   27.52
c rst  luby  svd  vmt   370  110K    2129 16242   883    4.12    4.01  1748  1618   40K    83   27.54   27.49
c rst  luby  svd  vmt   371  110K    2129 16242   883    4.12    4.01  1748  1618   41K    83   27.49   27.45
c rst  luby  svd  vmt   372  110K    2129 16242   883    4.12    4.01  1748  1618   41K    83   27.47   27.43
c rst  geom best  vmt   373  110K    2129 16242   883    4.12    4.01  1748  1620   41K    83   27.45   27.40
c rst  geom best  vmt   374  110K    2129 16242   883    4.12    4.01  1748  1622   41K    83   27.44   27.39
c rst  geom best  vmt   375  111K    2129 16242   883    4.12    4.01  1748  1622   41K    83   27.40   27.36
c rst  geom best  vmt   376  111K    2129 16242   883    4.12    4.01  1749  1622   41K    83   27.38   27.33
c rst  geom best  vmt   377  111K    2129 16242   883    4.12    4.01  1749  1622   41K    83   27.33   27.28
c rst  geom best  vmt   378  111K    2129 16242   883    4.12    4.01  1749  1625   41K    83   27.30   27.25
c rst  geom best  vmt   379  111K    2129 16242   883    4.12    4.01  1749  1627   42K    83   27.27   27.23
c rst  geom best  vmt   380  112K    2129 16242   883    4.12    4.01  1749  1627   42K    83   27.21   27.16
c rst  geom best  vmt   381  112K    2129 16242   883    4.12    4.01  1749  1627   42K    83   27.14   27.09
c rst  geom best  vmt   382  112K    2129 16242   883    4.12    4.01  1750  1627   42K    83   27.10   27.05
c [distill-long-red0] cls tried: 520/520 T: 0.02 T-out: N T-r: 98.78%
c [distill-long-red1] cls tried: 34/1373 T: 0.01 T-out: Y T-r: -2.28%
c rst  geom best  vmt   383  112K    2129 16242   883    4.12    4.01  1749  1627   43K    84   27.02   26.97
c rst  geom best  vmt   384  113K    2129 16242   883    4.12    4.01  1749  1628   43K    84   26.97   26.93
c rst  geom best  vmt   385  113K    2129 16242   883    4.12    4.01  1749  1629   43K    84   26.89   26.85
c rst  geom best  vmt   386  113K    2129 16242   883    4.12    4.01  1749  1630   44K    84   26.78   26.74
c rst  geom best  vmt   387  114K    2129 16242   883    4.12    4.01  1749  1630   44K    84   26.67   26.62
c [distill-bin] useful: 0/883/883 lits-rem: 0 cl-rem: 0 0-depth-assigns: 0 T: 0.00 T-out: N
c rst  geom best  vmt   388  114K    2129 16242   883    4.12    4.01  1750  1632   45K    84   26.59   26.55
c rst  geom best  vmt   389  115K    2129 16242   883    4.12    4.01  1750  1634   45K    84   26.47   26.43
c rst  geom best  vmt   390  115K    2129 16242   883    4.12    4.01  1751  1639   46K    84   26.32   26.28
c [gauss] XOR-encoding clauses are not detached, so no need to reattach them.
c [g 0] truth-find prop checks  : 79K
c [g 0] -> of which prop        : 20.79 %
c [g 0] -> of which confl       :  1.15 %
c [g 0] elim called             : 17569
c [g 0] ---> which lead to prop : 25.19 %
c [g 0] ---> which lead to confl:  1.60 %
c [g 0] size: 44    x 457  
c [scc] new: 1 BP 0M T: 0.00
c [vrep] vars 1 lits 6574 rem-bin-cls 6 rem-long-cls 0 BP 0M T: 0.01
c [scc] new: 0 BP 0M T: 0.00
c [vrep] vars 0 lits 0 rem-bin-cls 0 rem-long-cls 0 BP 0M T: 0.00
c [intree] Set 0 vars hyper-added: 41 trans-irred: 0 trans-red: 2 T: 0.01 T-out: N T-r: -2.17%
c [find&init matx] performing matrix init
c [gauss] XOR-encoding clauses are not detached, so no need to reattach them.
c [xor-rem-unconnected] left with 1557 xors from 1557 non-empty xors T: 0.00
c [xor-together] xored together: 1510 orig xors: 1557 new xors: 47 T: 0.00
c [xor-rem-unconnected] left with 47 xors from 47 non-empty xors T: 0.00
c [xor-clean-equiv] removed equivalent xors: 0 left with: 47
c [matrix] unused xors from cleaning: 0
c [matrix] Good   matrix 0 47      x458    density:0.1491  xorlen avg: 68.28
c [matrix] Using 1 matrices recovered from 0 xors T: 0.00 T-out: N
c rst  geom best vmt  391   116 K 2128    16242   883 4.12    4.01     1751  1642   46K   119 26.17   26.11  
c [g  <0] Disabling GJ-elim in this round.  Usefulness was: 19.7252%  over 72623 calls
c rst  geom best vmt  392   116 K 2128    16242   883 4.12    4.01     1751  1645   47K   119 26.01   25.96  
c rst  geom stb  vmt  393   117 K 2128    16242   883 4.12    4.01     1753  1659   48K   119 25.86   25.80  
c [branch] adjusting to: vsid (from: vmtf) var_decay:0.95 descr: VSIDS
c rst  geom stb  vs   394   117 K 2128    16242   883 4.12    4.01     1753  1662   48K   119 25.89   25.84  
c rst  geom stb  vs   395   117 K 2128    16242   883 4.12    4.01     1753  1664   48K   119 25.91   25.85  
c rst  geom stb  vs   396   118 K 2128    16242   883 4.12    4.01     1754  1668   48K   119 25.94   25.88  
c rst  geom stb  vs   397   118 K 2128    16242   883 4.12    4.01     1754  1670   48K   119 25.98   25.93  
c rst  geom stb  vs   398   118 K 2128    16242   883 4.12    4.01     1756  1682   48K   119 26.03   25.98  
c rst  geom stb  vs   399   118 K 2128    16242   883 4.12    4.01     1760  1689   48K   119 26.08   26.03  
c rst  geom stb  vs   400   118 K 2128    16242   883 4.12    4.01     1762  1699   49K   119 26.09   26.03  
c rst  geom stb  vs   401   118 K 2128    16242   883 4.12    4.01     1762  1701   49K   119 26.12   26.06  
c rst  geom stb  vs   402   119 K 2128    16242   883 4.12    4.01     1762  1707   49K   119 26.14   26.08  
c rst  geom stb  vs   403   119 K 2128    16242   883 4.12    4.01     1762  1711   49K   119 26.16   26.10  
c rst  geom stb  vs   404   119 K 2128    16242   883 4.12    4.01     1762  1714   49K   119 26.18   26.12  
c rst  geom stb  vs   405   120 K 2128    16242   883 4.12    4.01     2511  1810   35K   119 26.06   25.99  
c rst  geom stb  vs   406   120 K 2128    16242   883 4.12    4.01     2511  1826   36K   119 26.11   26.04  
c rst  geom stb  vs   407   120 K 2128    16242   883 4.12    4.01     2512  1837   36K   119 26.18   26.11  
c rst  geom stb  vs   408   121 K 2128    16242   883 4.12    4.01     2514  1860   37K   119 26.27   26.20  
c rst  geom stb  vs   409   121 K 2128    16242   883 4.12    4.01     2514  1861   37K   119 26.35   26.28  
c rst  geom stb  vs   410   122 K 2128    16242   883 4.12    4.01     2518  1882   37K   119 26.40   26.33  
c rst  geom stb  vs   411   122 K 2128    16242   883 4.12    4.01     2520  1907   38K   119 26.53   26.46  
c [full-probe]  bin_only: 0 set: 0 repl: 0 T: 0.01 T-out: N T-r: 96.00%
c rst  geom stb  vs   412   123 K 2128    16242   883 4.12    4.01     2520  1913   39K   121 26.65   26.59  
c rst  geom ibes vs   413   123 K 2128    16242   883 4.12    4.01     2521  1924   39K   121 26.75   26.69  
c rst  geom ibes vs   414   124 K 2128    16242   883 4.12    4.01     2521  1932   40K   121 26.81   26.75  
c rst  geom ibes vs   415   125 K 2128    16242   883 4.12    4.01     2521  1936   41K   121 26.94   26.87  
c rst  geom ibes vs   416   126 K 2128    16242   883 4.12    4.01     2523  1947   42K   121 27.09   27.03  
c rst  geom ibes vs   417   127 K 2128    16242   883 4.12    4.01     2524  1965   43K   121 27.14   27.08  
c rst  geom ibes vs   418   128 K 2128    16242   883 4.12    4.01     2527  1972   44K   121 27.24   27.18  
c [distill-long-red0] cls tried: 764/764 T: 0.06 T-out: N T-r: 97.10%
c [distill-long-red1] cls tried: 26/1698 T: 0.01 T-out: Y T-r: -9.93%
c [distill] watch-based irred--  cl tried 7484     cl-sh 0     cl-rem 0    lit-rem 0      T: 0.01 T-out: N
c [distill] watch-based red  --  cl tried 5054     cl-sh 84    cl-rem 0    lit-rem 123    T: 0.00 T-out: N
c rst  geom ibes vs   419   129 K 2128    16242   883 4.12    4.01     2530  1986   45K   121 27.27   27.21  
c rst  geom ibes vs   420   130 K 2128    16242   883 4.12    4.01     2640  1856   46K   121 27.39   27.33  
c rst  geom svd  vs   421   132 K 2128    16242   883 4.12    4.01     2644  1881   47K   121 27.85   27.79  
c rst  geom svd  vs   422   133 K 2128    16242   883 4.12    4.01     2648  1907   49K   121 28.01   27.96  
c [ccnr] tries: 0 steps: 262143 best found: 11
c [ccnr] tries: 0 steps: 524287 best found: 11
c [ccnr] saving best assignment phase to stable_polar
c [ccnr] bumping based on var unsat frequency: conflict_ct
c [ccnr] Bumped vars: 2439 bump type: 6
c [ccnr] time: 0.35
c rst  geom svd  vs   423   134 K 2128    16242   883 4.12    4.01     2650  1932   50K   121 28.06   28.00  
c recursive minimization cost OK: 395Kcost/(% lits removed)
c [gauss] XOR-encoding clauses are not detached, so no need to reattach them.
c [g 0] truth-find prop checks  : 51K
c [g 0] -> of which prop        : 19.66 %
c [g 0] -> of which confl       :  0.96 %
c [g 0] elim called             : 12595
c [g 0] ---> which lead to prop : 26.93 %
c [g 0] ---> which lead to confl:  1.82 %
c [g 0] size: 47    x 458  
c --> Executing strategy token: scc-vrepl
c [scc] new: 1 BP 0M T: 0.00
c --> Executing strategy token: sub-impl
c [impl-sub] bin: 3 T: 0.00 T-out: N w-visit: 4878
c --> Executing strategy token: breakid
c --> Executing OCC strategy token(s): 'occ-backw-sub-str,occ-clean-implicit,occ-bve,occ-bva,occ-ternary-res,occ-xor,'
c [occ] mem usage for occur 1      MB
c [occ] Linked in IRRED BIN by default: 882
c [occ] Linked in RED   BIN by default: 119
c [occ] mem usage for occur 0      MB
c Mem for watch alloc      : 7           MB (22.55     %)
c Mem for watch array      : 0           MB (0.33      %)
c --> Executing OCC strategy token: occ-backw-sub-str
c [occ-backw-sub-str-long-w-bins] subs: 0 str: 73 tried: 4788 0-depth ass: 0 T: 0.00 T-out: N T-r: 99.64%
c [occ-backw-sub-long-w-long] rem cl: 873 tried: 70926/70926 (100.0%) T: 0.01 T-out: N T-r: 91.80%
c [occ-backw-sub-str-long-w-long] sub: 5 str: 131 tried: 212778/70926 (300.0)  T: 0.06 T-out: N T-r: 83.59%
c --> Executing OCC strategy token: occ-clean-implicit
c --> Executing OCC strategy token: occ-bve
c [occ-empty-res] Empty resolvent elimed: 0 T: 0.00 T-out: N
c [occ-bve] iter v-elim 0
c cl_inc_rate=1.0, var_dec_rate=1.0 (grow=0)
c Reduced to 2128 vars, 16565 cls (grow=0)
c [occ-bve] iter v-elim 16
c cl_inc_rate=1.0, var_dec_rate=1.0 (grow=8)
c Reduced to 2112 vars, 16577 cls (grow=8)
c x n vars       : 2112
c #try to eliminate:  4312
c #var-elim        :    16
c #T-o: N
c #T-r: 99.99%
c #T  : 0.05
c [occur] 0.02 is overhead
c [occur] link-in T: 0.02 cleanup T: 0.00
c --> Executing OCC strategy token: occ-bva
c --> Executing OCC strategy token: occ-ternary-res
c [occ-ternary-res] Ternary res-tri: 0 res-bin: 0 sub: 0 str: 0 T: 0.00 T-out: N T-r: 99.67%
c --> Executing OCC strategy token: occ-xor
c [occ-xor] sort occur list T: 0.00
c [xor-clean-equiv] removed equivalent xors: 0 left with: 1544
c [occ-xor] found   1544 avg sz 4.0 min sz  4 max sz  5 T: 0.00 T-out: N T-r: 99.98%
c --> Executing strategy token: card-find
c --> Executing strategy token: cl-consolidate
c Not consolidating memory.
c --> Executing strategy token: scc-vrepl
c [scc] new: 1 BP 0M T: 0.00
c --> Executing strategy token: renumber
c --> Executing strategy token: bosphorus
c --> Executing strategy token: louvain-comms
c [consolidate] mini T: 0.00
c global_timeout_multiplier: 3.6300
c [branch] rebuilding order heap for all branchings. Current branching: vsid
c [find&init matx] performing matrix init
c [gauss] XOR-encoding clauses are not detached, so no need to reattach them.
c [xor-rem-unconnected] left with 1544 xors from 1544 non-empty xors T: 0.00
c [xor-together] xored together: 1496 orig xors: 1544 new xors: 48 T: 0.00
c [xor-rem-unconnected] left with 48 xors from 48 non-empty xors T: 0.00
c [xor-clean-equiv] removed equivalent xors: 0 left with: 48
c [matrix] unused xors from cleaning: 0
c [matrix] Good   matrix  0     48 x  459  density:0.1454  xorlen avg: 66.73
c [matrix] Using 1 matrices recovered from 0 xors T: 0.00 T-out: N
c [distill-bin] useful: 1/861/861 lits-rem: 0 cl-rem: 1 0-depth-assigns: 0 T: 0.01 T-out: N
c rst  geom  svd   vs   424  135K    2112 15716   860    4.13    4.02  2328  2186   36K   117   27.50   27.43
c [branch] adjusting to: vmtf (from: vsid) var_decay:0.95 descr: VMTF
c rst  luby  svd  vmt   425  135K    2112 15716   860    4.13    4.02  2334  2206   36K   117   27.53   27.46
c rst  luby  svd  vmt   426  135K    2112 15716   860    4.13    4.02  2335  2208   36K   117   27.57   27.50
c rst  luby  svd  vmt   427  135K    2112 15716   860    4.13    4.02  2336  2212   36K   117   27.61   27.54
c rst  luby  svd  vmt   428  135K    2112 15716   860    4.13    4.02  2336  2214   36K   117   27.62   27.55
c rst  luby  svd  vmt   429  135K    2112 15716   860    4.13    4.02  2336  2214   36K   117   27.64   27.56
c rst  luby  svd  vmt   430  136K    2112 15716   860    4.13    4.02  2336  2215   37K   117   27.65   27.58
c rst  luby  svd  vmt   431  136K    2112 15716   860    4.13    4.02  2337  2219   37K   117   27.69   27.62
c rst  luby  svd  vmt   432  136K    2112 15716   860    4.13    4.02  2337  2219   37K   117   27.72   27.65
c rst  luby  svd  vmt   433  136K    2112 15716   860    4.13    4.02  2337  2219   37K   117   27.73   27.66
c rst  luby  svd  vmt   434  136K    2112 15716   860    4.13    4.02  2337  2219   37K   117   27.76   27.69
c rst  luby  svd  vmt   435  137K    2112 15716   860    4.13    4.02  2337  2219   38K   117   27.79   27.72
c rst  geom best  vmt   436  137K    2112 15716   860    4.13    4.02  2337  2219   38K   117   27.79   27.72
c rst  geom best  vmt   437  137K    2112 15716   860    4.13    4.02  2337  2219   38K   117   27.78   27.71
c rst  geom best  vmt   438  137K    2112 15716   860    4.13    4.02  2337  2219   38K   117   27.79   27.72
c rst  geom best  vmt   439  137K    2112 15716   860    4.13    4.02  2337  2220   38K   117   27.80   27.73
c rst  geom best  vmt   440  137K    2112 15716   860    4.13    4.02  2337  2220   38K   117   27.81   27.74
c rst  geom best  vmt   441  137K    2112 15716   860    4.13    4.02  2337  2220   38K   117   27.82   27.75
c rst  geom best  vmt   442  138K    2112 15716   860    4.13    4.02  2337  2220   39K   117   27.79   27.72
c rst  geom best  vmt   443  138K    2112 15716   860    4.13    4.02  2337  2220   39K   117   27.75   27.68
c rst  geom best  vmt   444  138K    2112 15716   860    4.13    4.02  2337  2220   39K   117   27.70   27.64
c rst  geom best  vmt   445  138K    2112 15716   860    4.13    4.02  2337  2220   39K   117   27.65   27.59
c rst  geom best  vmt   446  139K    2112 15716   860    4.13    4.02  2337  2221   40K   117   27.59   27.53
c rst  geom best  vmt   447  139K    2112 15716   860    4.13    4.02  2337  2222   40K   117   27.62   27.56
c rst  geom best  vmt   448  139K    2112 15716   860    4.13    4.02  2337  2222   40K   117   27.65   27.59
c rst  geom best  vmt   449  140K    2112 15716   860    4.13    4.02  2359  2172   41K   117   27.60   27.54
c rst  geom best  vmt   450  140K    2112 15716   860    4.13    4.02  2359  2173   41K   117   27.63   27.56
c rst  geom best  vmt   451  141K    2112 15716   860    4.13    4.02  2359  2173   42K   117   27.57   27.51
c rst  geom best  vmt   452  141K    2112 15716   860    4.13    4.02  2359  2173   42K   117   27.55   27.49
c rst  geom best  vmt   453  142K    2112 15716   860    4.13    4.02  2366  2256   42K   117   27.45   27.38
c rst  geom best  vmt   454  142K    2112 15716   860    4.13    4.02  2366  2266   43K   117   27.42   27.35
c [full-probe]  bin_only: 1 set: 0 repl: 0 T: 0.01 T-out: N T-r: 99.52%
c rst  geom best  vmt   455  143K    2112 15716   860    4.13    4.02  2366  2279   44K   119   27.38   27.32
c [distill-long-red0] cls tried: 266/266 T: 0.02 T-out: N T-r: 99.36%
c [distill-long-red1] cls tried: 28/2032 T: 0.01 T-out: Y T-r: -5.70%
c rst  geom best  vmt   456  144K    2112 15716   860    4.13    4.02  2366  2286   44K   119   27.23   27.17
c rst  geom  stb  vmt   457  144K    2112 15716   860    4.13    4.02  2366  2298   45K   119   27.13   27.07
c rst  geom  stb  vmt   458  145K    2112 15716   860    4.13    4.02  2366  2303   46K   119   27.02   26.96
c rst  geom  stb  vmt   459  146K    2112 15716   860    4.13    4.02  2367  2316   47K   119   27.13   27.08
c rst  geom  stb  vmt   460  147K    2112 15716   860    4.13    4.02  2369  2340   48K   119   27.03   26.97
c rst  geom  stb  vmt   461  148K    2112 15716   860    4.13    4.02  2372  2380   49K   119   27.14   27.08
c rst  geom  stb  vmt   462  150K    2112 15716   860    4.13    4.02  2567  2550   36K   119   26.00   25.93
c rst  geom  stb  vmt   463  151K    2112 15716   860    4.13    4.02  2569  2599   37K   119   25.98   25.91
c rst  geom ibes  vmt   464  153K    2112 15716   860    4.13    4.02  2569  2618   39K   119   25.74   25.67
c rst  geom ibes  vmt   465  154K    2112 15716   860    4.13    4.02  2570  2636   41K   119   25.86   25.79
c [branch] adjusting to: vsid (from: vmtf) var_decay:0.95 descr: VSIDS
c [distill-bin] useful: 0/860/860 lits-rem: 0 cl-rem: 0 0-depth-assigns: 0 T: 0.01 T-out: N
c [distill] watch-based irred--  cl tried     6424 cl-sh     0 cl-rem    0 lit-rem      0 T: 0.00 T-out: N
c [distill] watch-based   red--  cl tried     5140 cl-sh    37 cl-rem    0 lit-rem     54 T: 0.01 T-out: N
c rst  geom ibes   vs   466  154K    2112 15716   860    4.13    4.02  2570  2638   41K   119   25.86   25.80
c rst  geom ibes   vs   467  155K    2112 15716   860    4.13    4.02  2570  2639   41K   119   25.88   25.82
c rst  geom ibes   vs   468  155K    2112 15716   860    4.13    4.02  2570  2639   41K   119   25.90   25.84
c rst  geom ibes   vs   469  155K    2112 15716   860    4.13    4.02  2570  2639   41K   119   25.88   25.82
c rst  geom ibes   vs   470  155K    2112 15716   860    4.13    4.02  2570  2639   41K   119   25.89   25.83
c rst  geom ibes   vs   471  155K    2112 15716   860    4.13    4.02  2570  2640   42K   119   25.89   25.83
c rst  geom ibes   vs   472  155K    2112 15716   860    4.13    4.02  2571  2640   42K   119   25.87   25.81
c rst  geom ibes   vs   473  156K    2112 15716   860    4.13    4.02  2573  2641   42K   119   25.87   25.81
c rst  geom ibes   vs   474  156K    2112 15716   860    4.13    4.02  2573  2642   42K   119   25.91   25.85
c rst  geom ibes   vs   475  156K    2112 15716   860    4.13    4.02  2573  2645   42K   119   25.91   25.85
c rst  geom ibes   vs   476  156K    2112 15716   860    4.13    4.02  2573  2645   43K   119   25.94   25.88
c rst  geom ibes   vs   477  157K    2112 15716   860    4.13    4.02  2573  2645   43K   119   25.96   25.90
c rst  geom ibes   vs   478  157K    2112 15716   860    4.13    4.02  2573  2646   43K   119   26.05   25.99
c rst  geom ibes   vs   479  157K    2112 15716   860    4.13    4.02  2573  2646   44K   119   26.03   25.97
c rst  geom ibes   vs   480  158K    2112 15716   860    4.13    4.02  2573  2646   44K   119   25.98   25.93
c rst  geom  svd   vs   481  158K    2112 15716   860    4.13    4.02  2573  2647   45K   119   26.06   26.01
c [distill-long-red0] cls tried: 224/224 T: 0.02 T-out: N T-r: 99.21%
c [distill-long-red1] cls tried: 25/2388 T: 0.01 T-out: Y T-r: -13.70%
c rst  geom  svd   vs   482  159K    2112 15716   860    4.13    4.02  2573  2647   45K   119   26.00   25.95
c rst  geom  svd   vs   483  159K    2112 15716   860    4.13    4.02  2573  2647   46K   119   25.95   25.89
c rst  geom  svd   vs   484  160K    2112 15716   860    4.13    4.02  2682  2448   46K   119   25.92   25.87
c rst  geom  svd   vs   485  160K    2112 15716   860    4.13    4.02  2682  2448   47K   119   25.84   25.79
c [impl-str] lit bin: 0 set-var: 0 T: 0.00 T-out: N T-r: 99.96% w-visit: 4878
c [impl-sub] bin: 2 T: 0.00 T-out: N w-visit: 4878
c rst  geom  svd   vs   486  161K    2112 15716   860    4.13    4.02  2683  2451   48K   117   25.99   25.94
c rst  geom  svd   vs   487  162K    2112 15716   860    4.13    4.02  2683  2453   48K   117   26.14   26.08
c rst  geom  svd   vs   488  163K    2112 15716   860    4.13    4.02  2683  2453   49K   117   26.37   26.32
c [full-probe]  bin_only: 0 set: 0 repl: 0 T: 0.01 T-out: N T-r: 96.46%
c rst  geom  svd   vs   489  164K    2112 15716   860    4.13    4.02  2683  2453   50K   119   26.50   26.45
c rst  geom  svd   vs   490  165K    2112 15716   860    4.13    4.02  2692  2641   36K   119   26.42   26.35
c rst  geom best   vs   491  166K    2112 15716   860    4.13    4.02  2692  2641   37K   119   26.38   26.31
c rst  geom best   vs   492  167K    2112 15716   860    4.13    4.02  2692  2644   39K   119   26.52   26.46
c rst  geom best   vs   493  169K    2112 15716   860    4.13    4.02  2692  2644   40K   119   26.63   26.56
c rst  geom best   vs   494  170K    2112 15716   860    4.13    4.02  2702  2578   42K   119   26.78   26.72
c rst  geom best   vs   495  172K    2112 15716   860    4.13    4.02  2703  2582   43K   119   26.82   26.76
c rst  geom  stb   vs   496  174K    2112 15716   860    4.13    4.02  2703  2582   45K   119   27.40   27.34
c [distill-long-red0] cls tried: 128/128 T: 0.01 T-out: N T-r: 99.67%
c [distill-long-red1] cls tried: 20/2342 T: 0.01 T-out: Y T-r: -10.16%
c rst  geom  stb   vs   497  176K    2112 15716   860    4.13    4.02  2703  2582   47K   119   27.83   27.78
c [branch] adjusting to: vmtf (from: vsid) var_decay:0.95 descr: VMTF
c [distill-bin] useful: 0/860/860 lits-rem: 0 cl-rem: 0 0-depth-assigns: 0 T: 0.00 T-out: N
c rst  luby  stb  vmt   498  176K    2112 15716   860    4.13    4.02  2704  2591   47K   119   27.82   27.76
c rst  luby  stb  vmt   499  176K    2112 15716   860    4.13    4.02  2704  2598   47K   119   27.80   27.74
c rst  luby  stb  vmt   500  176K    2112 15716   860    4.13    4.02  2704  2599   48K   119   27.76   27.70
c rst  luby  stb  vmt   501  176K    2112 15716   860    4.13    4.02  2705  2606   48K   119   27.74   27.69
c rst  luby  stb  vmt   502  176K    2112 15716   860    4.13    4.02  2705  2606   48K   119   27.73   27.67
c rst  luby  stb  vmt   503  177K    2112 15716   860    4.13    4.02  2705  2612   48K   119   27.70   27.64
c rst  luby  stb  vmt   504  177K    2112 15716   860    4.13    4.02  2706  2617   48K   119   27.67   27.61
c rst  luby  stb  vmt   505  177K    2112 15716   860    4.13    4.02  2706  2617   48K   119   27.65   27.60
c [ccnr] tries: 0 steps: 262143 best found: 9
c [ccnr] tries: 0 steps: 524287 best found: 9
c [ccnr] tries: 0 steps: 786431 best found: 8
c [ccnr] saving best assignment phase to stable_polar
c [ccnr] bumping based on clause weights
c [ccnr] Bumped vars: 106 bump type: 6
c [ccnr] time: 0.36
c rst  luby  stb  vmt   506  177K    2112 15716   860    4.13    4.02  2706  2625   49K   119   27.64   27.58
c rst  luby  stb  vmt   507  177K    2112 15716   860    4.13    4.02  2706  2627   49K   119   27.63   27.58
c rst  luby  stb  vmt   508  178K    2112 15716   860    4.13    4.02  2706  2627   49K   119   27.61   27.55
c rst  luby  stb  vmt   509  178K    2112 15716   860    4.13    4.02  2706  2627   49K   119   27.59   27.54
c rst  luby  stb  vmt   510  178K    2112 15716   860    4.13    4.02  2706  2629   49K   119   27.54   27.49
c rst  luby  stb  vmt   511  178K    2112 15716   860    4.13    4.02  2706  2632   50K   119   27.45   27.39
c rst  luby  stb  vmt   512  179K    2112 15716   860    4.13    4.02  2707  2637   50K   119   27.27   27.22
c rst  luby ibes  vmt   513  179K    2112 15716   860    4.13    4.02  2707  2637   50K   119   27.26   27.21
c rst  luby ibes  vmt   514  179K    2112 15716   860    4.13    4.02  2707  2637   51K   119   27.26   27.21
c [distill] watch-based irred--  cl tried     6424 cl-sh     0 cl-rem    0 lit-rem      0 T: 0.00 T-out: N
c [distill] watch-based   red--  cl tried     5414 cl-sh     4 cl-rem    0 lit-rem      7 T: 0.00 T-out: N
c rst  luby ibes  vmt   515  180K    2112 15716   860    4.13    4.02  2707  2639   51K   119   27.26   27.21
c rst  luby ibes  vmt   516  180K    2112 15716   860    4.13    4.02  2770  2393   36K   119   25.94   25.87
c rst  luby ibes  vmt   517  180K    2112 15716   860    4.13    4.02  2770  2393   37K   119   25.93   25.86
c rst  luby ibes  vmt   518  180K    2112 15716   860    4.13    4.02  2770  2393   37K   119   25.90   25.83
c rst  luby ibes  vmt   519  180K    2112 15716   860    4.13    4.02  2771  2399   37K   119   25.86   25.79
c [gauss] XOR-encoding clauses are not detached, so no need to reattach them.
c [g 0] truth-find prop checks  : 1344K
c [g 0] -> of which prop        : 37.75 %
c [g 0] -> of which confl       :  1.63 %
c [g 0] elim called             : 197K
c [g 0] ---> which lead to prop : 38.37 %
c [g 0] ---> which lead to confl:  1.52 %
c [g 0] size: 48    x 459  
c [scc] new: 1 BP 0M T: 0.00
c [vrep] vars 1 lits 2391 rem-bin-cls 6 rem-long-cls 0 BP 0M T: 0.01
c [scc] new: 0 BP 0M T: 0.00
c [vrep] vars 0 lits 0 rem-bin-cls 0 rem-long-cls 0 BP 0M T: 0.00
c [intree] Set 0 vars hyper-added: 5 trans-irred: 0 trans-red: 0 T: 0.00 T-out: N T-r: -1.82%
c [find&init matx] performing matrix init
c [gauss] XOR-encoding clauses are not detached, so no need to reattach them.
c [xor-rem-unconnected] left with 1544 xors from 1544 non-empty xors T: 0.00
c [xor-together] xored together: 1494 orig xors: 1544 new xors: 50 T: 0.00
c [xor-rem-unconnected] left with 50 xors from 50 non-empty xors T: 0.00
c [xor-clean-equiv] removed equivalent xors: 0 left with: 50
c [matrix] unused xors from cleaning: 0
c [matrix] Good   matrix 0 50      x460    density:0.1394  xorlen avg: 64.14
c [matrix] Using 1 matrices recovered from 0 xors T: 0.00 T-out: N
c rst  luby ibes vmt  520   180 K 2111    15716   860 4.13    4.02     2771  2400   37K   120 25.85   25.78  
c rst  luby ibes vmt  521   181 K 2111    15716   860 4.13    4.02     2771  2401   37K   120 25.84   25.78  
c rst  luby ibes vmt  522   181 K 2111    15716   860 4.13    4.02     2771  2404   38K   120 25.82   25.76  
c rst  luby ibes vmt  523   181 K 2111    15716   860 4.13    4.02     2771  2406   38K   120 25.82   25.75  
c rst  luby ibes vmt  524   181 K 2111    15716   860 4.13    4.02     2771  2406   38K   120 25.84   25.77  
c rst  luby ibes vmt  525   181 K 2111    15716   860 4.13    4.02     2771  2410   38K   120 25.79   25.73  
c [g  <0] Disabling GJ-elim in this round.  Usefulness was: 17.9897%  over 65254 calls
c rst  luby ibes vmt  526   182 K 2111    15716   860 4.13    4.02     2771  2414   38K   120 25.81   25.75  
c rst  luby ibes vmt  527   182 K 2111    15716   860 4.13    4.02     2771  2419   39K   120 25.63   25.57  
c rst  luby ibes vmt  528   184 K 2111    15716   860 4.13    4.02     2772  2422   41K   120 25.30   25.24  
c [full-probe]  bin_only: 1 set: 0 repl: 0 T: 0.00 T-out: N T-r: 99.78%
c rst  luby ibes vmt  529   184 K 2111    15716   860 4.13    4.02     2772  2423   41K   120 25.28   25.22  
c rst  luby ibes vmt  530   184 K 2111    15716   860 4.13    4.02     2772  2425   41K   120 25.27   25.21  
c rst  luby ibes vmt  531   184 K 2111    15716   860 4.13    4.02     2773  2427   41K   120 25.26   25.20  
c rst  luby ibes vmt  532   184 K 2111    15716   860 4.13    4.02     2773  2427   41K   120 25.25   25.19  
c rst  luby ibes vmt  533   185 K 2111    15716   860 4.13    4.02     2773  2431   41K   120 25.24   25.19  
c rst  luby ibes vmt  534   185 K 2111    15716   860 4.13    4.02     2773  2432   42K   120 25.20   25.14  
c rst  luby ibes vmt  535   185 K 2111    15716   860 4.13    4.02     2773  2433   42K   120 25.15   25.09  
c rst  luby ibes vmt  536   185 K 2111    15716   860 4.13    4.02     2774  2433   42K   120 25.14   25.08  
c rst  luby ibes vmt  537   185 K 2111    15716   860 4.13    4.02     2774  2437   42K   120 25.16   25.10  
c rst  luby ibes vmt  538   186 K 2111    15716   860 4.13    4.02     2774  2443   42K   120 25.12   25.07  
c rst  luby ibes vmt  539   186 K 2111    15716   860 4.13    4.02     2774  2444   42K   120 25.12   25.06  
c rst  luby ibes vmt  540   186 K 2111    15716   860 4.13    4.02     2774  2445   42K   120 25.10   25.04  
c rst  luby ibes vmt  541   186 K 2111    15716   860 4.13    4.02     2774  2445   43K   120 25.07   25.01  
c rst  luby svd  vmt  542   186 K 2111    15716   860 4.13    4.02     2775  2446   43K   120 25.01   24.95  
c rst  luby svd  vmt  543   187 K 2111    15716   860 4.13    4.02     2775  2453   44K   120 24.84   24.79  
c rst  luby svd  vmt  544   187 K 2111    15716   860 4.13    4.02     2775  2457   44K   120 24.84   24.79  
c rst  luby svd  vmt  545   187 K 2111    15716   860 4.13    4.02     2775  2457   44K   120 24.85   24.79  
c rst  luby svd  vmt  546   188 K 2111    15716   860 4.13    4.02     2775  2461   44K   120 24.88   24.82  
c rst  luby svd  vmt  547   188 K 2111    15716   860 4.13    4.02     2775  2462   44K   120 24.88   24.83  
c rst  luby svd  vmt  548   188 K 2111    15716   860 4.13    4.02     2775  2463   44K   120 24.88   24.83  
c rst  luby svd  vmt  549   188 K 2111    15716   860 4.13    4.02     2775  2473   45K   120 24.90   24.84  
c rst  luby svd  vmt  550   188 K 2111    15716   860 4.13    4.02     2775  2476   45K   120 24.83   24.78  
c rst  luby svd  vmt  551   188 K 2111    15716   860 4.13    4.02     2775  2476   45K   120 24.83   24.78  
c rst  luby svd  vmt  552   189 K 2111    15716   860 4.13    4.02     2776  2477   45K   120 24.84   24.78  
c rst  luby svd  vmt  553   189 K 2111    15716   860 4.13    4.02     2777  2478   45K   120 24.82   24.77  
c rst  luby svd  vmt  554   189 K 2111    15716   860 4.13    4.02     2777  2480   46K   120 24.82   24.77  
c [distill-long-red0] cls tried: 74/74 T: 0.01 T-out: N T-r: 99.69%
c [distill-long-red1] cls tried: 30/2272 T: 0.01 T-out: Y T-r: -4.49%
c rst  luby svd  vmt  555   189 K 2111    15716   860 4.13    4.02     2777  2480   46K   120 24.80   24.75  
c rst  luby svd  vmt  556   189 K 2111    15716   860 4.13    4.02     2777  2483   46K   120 24.78   24.73  
c rst  luby svd  vmt  557   190 K 2111    15716   860 4.13    4.02     3297  1828   46K   120 24.77   24.72  
c rst  luby svd  vmt  558   190 K 2111    15716   860 4.13    4.02     3302  1868   47K   120 24.75   24.70  
c rst  luby svd  vmt  559   192 K 2111    15716   860 4.13    4.02     3304  1885   49K   120 24.68   24.63  
c rst  luby svd  vmt  560   195 K 2111    15716   860 4.13    4.02     3419  2425   38K   120 24.06   24.00  
c rst  geom best vmt  561   195 K 2111    15716   860 4.13    4.02     3419  2427   38K   120 24.05   23.99  
c rst  geom best vmt  562   195 K 2111    15716   860 4.13    4.02     3420  2434   38K   120 24.05   23.99  
c rst  geom best vmt  563   196 K 2111    15716   860 4.13    4.02     3420  2434   38K   120 24.13   24.08  
c rst  geom best vmt  564   196 K 2111    15716   860 4.13    4.02     3420  2434   38K   120 24.13   24.07  
c rst  geom best vmt  565   196 K 2111    15716   860 4.13    4.02     3420  2440   39K   120 24.19   24.13  
c rst  geom best vmt  566   196 K 2111    15716   860 4.13    4.02     3420  2443   39K   120 24.20   24.14  
c [distill-bin] useful: 1/860/860 lits-rem: 0 cl-rem: 1 0-depth-assigns: 0 T: 0.00 T-out: N
c rst  geom best vmt  567   196 K 2111    15716   859 4.13    4.02     3420  2445   39K   120 24.19   24.13  
c rst  geom best vmt  568   196 K 2111    15716   859 4.13    4.02     3420  2449   39K   120 24.15   24.09  
c rst  geom best vmt  569   197 K 2111    15716   859 4.13    4.02     3420  2449   39K   120 24.11   24.05  
c rst  geom best vmt  570   197 K 2111    15716   859 4.13    4.02     3420  2450   40K   120 24.11   24.05  
c rst  geom best vmt  571   197 K 2111    15716   859 4.13    4.02     3420  2452   40K   120 24.10   24.04  
c [branch] adjusting to: vsid (from: vmtf) var_decay:0.95 descr: VSIDS
c rst  geom best vs   572   197 K 2111    15716   859 4.13    4.02     3420  2458   40K   120 24.12   24.06  
c rst  geom best vs   573   197 K 2111    15716   859 4.13    4.02     3420  2466   40K   120 24.15   24.09  
c rst  geom best vs   574   198 K 2111    15716   859 4.13    4.02     3425  2469   40K   120 24.16   24.10  
c rst  geom best vs   575   198 K 2111    15716   859 4.13    4.02     3425  2476   40K   120 24.18   24.12  
c rst  geom best vs   576   198 K 2111    15716   859 4.13    4.02     3426  2479   41K   120 24.22   24.16  
c rst  geom best vs   577   198 K 2111    15716   859 4.13    4.02     3427  2482   41K   120 24.26   24.21  
c rst  geom best vs   578   198 K 2111    15716   859 4.13    4.02     3427  2486   41K   120 24.29   24.24  
c rst  geom best vs   579   198 K 2111    15716   859 4.13    4.02     3427  2488   41K   120 24.33   24.27  
c rst  geom best vs   580   199 K 2111    15716   859 4.13    4.02     3427  2494   41K   120 24.35   24.30  
c rst  geom best vs   581   199 K 2111    15716   859 4.13    4.02     3429  2496   42K   120 24.37   24.32  
c rst  geom best vs   582   199 K 2111    15716   859 4.13    4.02     3429  2496   42K   120 24.44   24.39  
c rst  geom best vs   583   200 K 2111    15716   859 4.13    4.02     3677  2127   42K   120 24.45   24.40  
c rst  geom best vs   584   200 K 2111    15716   859 4.13    4.02     3679  2131   43K   120 24.52   24.46  
c rst  geom best vs   585   200 K 2111    15716   859 4.13    4.02     3680  2132   43K   120 24.52   24.47  
c rst  geom best vs   586   201 K 2111    15716   859 4.13    4.02     3681  2138   43K   120 24.56   24.51  
c rst  geom best vs   587   201 K 2111    15716   859 4.13    4.02     3681  2139   44K   120 24.56   24.50  
c rst  geom best vs   588   202 K 2111    15716   859 4.13    4.02     3681  2146   44K   120 24.63   24.58  
c rst  geom best vs   589   202 K 2111    15716   859 4.13    4.02     3681  2149   45K   120 24.64   24.59  
c rst  geom best vs   590   203 K 2111    15716   859 4.13    4.02     3682  2153   45K   120 24.78   24.72  
c rst  geom stb  vs   591   203 K 2111    15716   859 4.13    4.02     3682  2170   46K   120 24.91   24.86  
c rst  geom stb  vs   592   204 K 2111    15716   859 4.13    4.02     3685  2185   47K   120 25.08   25.03  
c [distill-long-red0] cls tried: 896/896 T: 0.07 T-out: N T-r: 97.26%
c [distill-long-red1] cls tried: 33/1977 T: 0.01 T-out: Y T-r: -7.81%
c [full-probe]  bin_only: 0 set: 1 repl: 0 T: 0.00 T-out: N T-r: 97.50%
c rst  geom stb  vs   593   205 K 2110    15716   859 4.13    4.02     3689  2200   48K   120 25.15   25.09  
c [distill] watch-based irred--  cl tried 6422     cl-sh 0     cl-rem 0    lit-rem 0      T: 0.01 T-out: N
c [distill] watch-based red  --  cl tried 7375     cl-sh 42    cl-rem 3    lit-rem 56     T: 0.01 T-out: N
c rst  geom stb  vs   594   206 K 2110    15679   858 4.13    4.02     3687  2209   48K   118 25.24   25.19  
c rst  geom stb  vs   595   207 K 2110    15679   858 4.13    4.02     3689  2218   49K   118 25.47   25.42  
c rst  geom stb  vs   596   208 K 2110    15679   858 4.13    4.02     3690  2222   50K   118 25.63   25.58  
c rst  geom stb  vs   597   209 K 2110    15679   858 4.13    4.02     3691  2224   52K   118 25.76   25.71  
c rst  geom stb  vs   598   210 K 2110    15679   858 4.13    4.02     3774  2437   38K   118 24.53   24.48  
c rst  geom ibes vs   599   212 K 2110    15679   858 4.13    4.02     3775  2441   39K   118 24.62   24.56  
c rst  geom ibes vs   600   213 K 2110    15679   858 4.13    4.02     3776  2467   41K   118 24.68   24.63  
c rst  geom ibes vs   601   215 K 2110    15679   858 4.13    4.02     3778  2477   43K   118 24.86   24.80  
c rst  geom ibes vs   602   217 K 2110    15679   858 4.13    4.02     3780  2485   44K   118 24.97   24.92  
c [distill-bin] useful: 0/858/858 lits-rem: 0 cl-rem: 0 0-depth-assigns: 0 T: 0.01 T-out: N
c rst  geom ibes vs   603   219 K 2110    15679   858 4.13    4.02     3783  2517   46K   118 25.14   25.09  
c rst  geom svd  vs   604   221 K 2110    15679   858 4.13    4.02     3906  2424   49K   118 25.11   25.06  
c [distill-long-red0] cls tried: 264/264 T: 0.02 T-out: N T-r: 99.04%
c [distill-long-red1] cls tried: 22/2256 T: 0.01 T-out: Y T-r: -2.43%
c [impl-str] lit bin: 0 set-var: 0 T: 0.00 T-out: N T-r: 99.95% w-visit: 4878
c [impl-sub] bin: 0 T: 0.00 T-out: N w-visit: 4878
c rst  geom svd  vs   605   224 K 2110    15679   858 4.13    4.02     3907  2429   51K   118 24.70   24.65  
c [branch] adjusting to: vmtf (from: vsid) var_decay:0.95 descr: VMTF
c [ccnr] tries: 0 steps: 262143 best found: 9
c [ccnr] tries: 0 steps: 524287 best found: 9
c [ccnr] tries: 0 steps: 786431 best found: 9
c [ccnr] saving best assignment phase to stable_polar
c [ccnr] bumping based on var unsat frequency: conflict_ct
c [ccnr] Bumped vars: 2439 bump type: 6
c [ccnr] time: 0.36
c rst  luby svd  vmt  606   224 K 2110    15679   858 4.13    4.02     3915  2442   51K   118 24.72   24.67  
c rst  luby svd  vmt  607   224 K 2110    15679   858 4.13    4.02     3915  2442   51K   118 24.76   24.71  
c rst  luby svd  vmt  608   224 K 2110    15679   858 4.13    4.02     3916  2446   51K   118 24.81   24.77  
c rst  luby svd  vmt  609   224 K 2110    15679   858 4.13    4.02     3917  2454   52K   118 24.82   24.78  
c rst  luby svd  vmt  610   224 K 2110    15679   858 4.13    4.02     3917  2461   52K   118 24.86   24.81  
c [full-probe]  bin_only: 1 set: 0 repl: 0 T: 0.01 T-out: N T-r: 99.62%
c rst  luby svd  vmt  611   224 K 2110    15679   858 4.13    4.02     3917  2469   52K   118 24.91   24.86  
c rst  luby svd  vmt  612   225 K 2110    15679   858 4.13    4.02     4056  2976   37K   118 24.84   24.78  
c rst  luby svd  vmt  613   225 K 2110    15679   858 4.13    4.02     4057  2981   37K   118 24.85   24.79  
c rst  luby svd  vmt  614   225 K 2110    15679   858 4.13    4.02     4058  2983   37K   118 24.87   24.81  
c rst  luby svd  vmt  615   225 K 2110    15679   858 4.13    4.02     4060  2992   38K   118 24.94   24.88  
c rst  luby svd  vmt  616   225 K 2110    15679   858 4.13    4.02     4060  2996   38K   118 24.96   24.90  
c rst  luby svd  vmt  617   225 K 2110    15679   858 4.13    4.02     4063  3002   38K   118 24.98   24.92  
c rst  luby svd  vmt  618   226 K 2110    15679   858 4.13    4.02     4063  3006   38K   118 25.02   24.96  
c rst  luby svd  vmt  619   226 K 2110    15679   858 4.13    4.02     4065  3020   38K   118 25.12   25.06  
c rst  luby svd  vmt  620   227 K 2110    15679   858 4.13    4.02     4071  3037   39K   118 25.24   25.18  
c rst  geom best vmt  621   227 K 2110    15679   858 4.13    4.02     4071  3037   39K   118 25.27   25.21  
c rst  geom best vmt  622   227 K 2110    15679   858 4.13    4.02     4071  3040   39K   118 25.28   25.22  
c rst  geom best vmt  623   227 K 2110    15679   858 4.13    4.02     4071  3041   40K   118 25.31   25.25  
c rst  geom best vmt  624   227 K 2110    15679   858 4.13    4.02     4071  3047   40K   118 25.37   25.31  
c rst  geom best vmt  625   227 K 2110    15679   858 4.13    4.02     4073  3058   40K   118 25.38   25.32  
c rst  geom best vmt  626   228 K 2110    15679   858 4.13    4.02     4074  3064   40K   118 25.39   25.33  
c rst  geom best vmt  627   228 K 2110    15679   858 4.13    4.02     4074  3065   40K   118 25.40   25.34  
c rst  geom best vmt  628   228 K 2110    15679   858 4.13    4.02     4074  3075   40K   118 25.42   25.37  
c rst  geom best vmt  629   228 K 2110    15679   858 4.13    4.02     4074  3078   41K   118 25.50   25.44  
c rst  geom best vmt  630   229 K 2110    15679   858 4.13    4.02     4078  3085   41K   118 25.54   25.48  
c rst  geom best vmt  631   229 K 2110    15679   858 4.13    4.02     4078  3092   41K   118 25.61   25.55  
c rst  geom best vmt  632   229 K 2110    15679   858 4.13    4.02     4078  3096   41K   118 25.68   25.62  
c rst  geom best vmt  633   229 K 2110    15679   858 4.13    4.02     4079  3107   42K   118 25.77   25.71  
c rst  geom best vmt  634   230 K 2110    15679   858 4.13    4.02     4497  2623   42K   118 25.88   25.82  
c rst  geom best vmt  635   230 K 2110    15679   858 4.13    4.02     4498  2634   43K   118 25.89   25.84  
c [distill] watch-based irred--  cl tried 6422     cl-sh 0     cl-rem 0    lit-rem 0      T: 0.00 T-out: N
c [distill] watch-based red  --  cl tried 8951     cl-sh 96    cl-rem 0    lit-rem 136    T: 0.02 T-out: Y
c rst  geom best vmt  636   231 K 2110    15679   858 4.13    4.02     4501  2646   43K   118 25.94   25.89  
c rst  geom best vmt  637   231 K 2110    15679   858 4.13    4.02     4501  2653   44K   118 26.01   25.96  
c rst  geom best vmt  638   232 K 2110    15679   858 4.13    4.02     4504  2668   44K   118 26.04   25.99  
c rst  geom best vmt  639   232 K 2110    15679   858 4.13    4.02     4506  2671   45K   118 26.13   26.08  
c rst  geom best vmt  640   233 K 2110    15679   858 4.13    4.02     4510  2706   45K   118 26.19   26.13  
c rst  geom best vmt  641   234 K 2110    15679   858 4.13    4.02     4512  2717   46K   118 26.30   26.25  
c rst  geom best vmt  642   235 K 2110    15679   858 4.13    4.02     4512  2725   47K   118 26.38   26.32  
c rst  geom stb  vmt  643   235 K 2110    15679   858 4.13    4.02     4513  2745   48K   118 26.54   26.48  
c rst  geom stb  vmt  644   236 K 2110    15679   858 4.13    4.02     4516  2766   49K   118 26.69   26.64  
c [distill-long-red0] cls tried: 624/624 T: 0.06 T-out: N T-r: 97.44%
c [distill-long-red1] cls tried: 33/2592 T: 0.01 T-out: Y T-r: -3.53%
c rst  geom stb  vmt  645   237 K 2110    15679   858 4.13    4.02     4519  2788   50K   118 26.89   26.83  
c [distill-bin] useful: 0/858/858 lits-rem: 0 cl-rem: 0 0-depth-assigns: 0 T: 0.01 T-out: N
c rst  geom stb  vmt  646   239 K 2110    15679   858 4.13    4.02     4519  2815   51K   118 26.99   26.94  
c rst  geom stb  vmt  647   240 K 2110    15679   858 4.13    4.02     4667  3172   37K   118 27.84   27.78  
c rst  geom stb  vmt  648   241 K 2110    15679   858 4.13    4.02     4669  3179   38K   118 28.04   27.98  
c rst  geom stb  vmt  649   243 K 2110    15679   858 4.13    4.02     4672  3211   40K   118 28.36   28.30  
c rst  geom ibes vmt  650   244 K 2110    15679   858 4.13    4.02     4675  3238   41K   118 28.43   28.37  
c recursive minimization cost OK: 501Kcost/(% lits removed)
c [gauss] XOR-encoding clauses are not detached, so no need to reattach them.
c [g 0] truth-find prop checks  : 48K
c [g 0] -> of which prop        : 15.44 %
c [g 0] -> of which confl       :  0.94 %
c [g 0] elim called             : 10940
c [g 0] ---> which lead to prop : 33.15 %
c [g 0] ---> which lead to confl:  1.50 %
c [g 0] size: 50    x 460  
c --> Executing strategy token: scc-vrepl
c [scc] new: 0 BP 0M T: 0.00
c --> Executing strategy token: sub-impl
c [impl-sub] bin: 0 T: 0.00 T-out: N w-visit: 4878
c --> Executing strategy token: breakid
c --> Executing OCC strategy token(s): 'occ-backw-sub-str,occ-clean-implicit,occ-bve,occ-bva,occ-ternary-res,occ-xor,'
c [occ] mem usage for occur 1      MB
c [occ] Linked in IRRED BIN by default: 858
c [occ] Linked in RED   BIN by default: 118
c [occ] mem usage for occur 0      MB
c Mem for watch alloc      : 10          MB (28.47     %)
c Mem for watch array      : 0           MB (0.31      %)
c --> Executing OCC strategy token: occ-backw-sub-str
c [occ-backw-sub-str-long-w-bins] subs: 0 str: 96 tried: 6152 0-depth ass: 0 T: 0.00 T-out: N T-r: 99.62%
c [occ-backw-sub-long-w-long] rem cl: 167 tried: 64719/64719 (100.0%) T: 0.01 T-out: N T-r: 95.23%
c [occ-backw-sub-str-long-w-long] sub: 2 str: 56 tried: 194157/64719 (300.0)  T: 0.06 T-out: N T-r: 87.94%
c --> Executing OCC strategy token: occ-clean-implicit
c --> Executing OCC strategy token: occ-bve
c [occ-empty-res] Empty resolvent elimed: 0 T: 0.00 T-out: N
c [occ-bve] iter v-elim 0
c cl_inc_rate=1.0, var_dec_rate=1.0 (grow=0)
c Reduced to 2110 vars, 16537 cls (grow=0)
c [occ-bve] iter v-elim 9
c cl_inc_rate=1.0, var_dec_rate=1.0 (grow=8)
c Reduced to 2101 vars, 16573 cls (grow=8)
c x n vars       : 2101
c #try to eliminate:  4249
c #var-elim        :     9
c #T-o: N
c #T-r: 99.99%
c #T  : 0.06
c [occur] 0.03 is overhead
c [occur] link-in T: 0.03 cleanup T: 0.00
c --> Executing OCC strategy token: occ-bva
c --> Executing OCC strategy token: occ-ternary-res
c [occ-ternary-res] Ternary res-tri: 0 res-bin: 0 sub: 0 str: 0 T: 0.00 T-out: N T-r: 99.82%
c --> Executing OCC strategy token: occ-xor
c [occ-xor] sort occur list T: 0.00
c [xor-clean-equiv] removed equivalent xors: 0 left with: 1533
c [occ-xor] found   1533 avg sz 4.0 min sz  4 max sz  5 T: 0.00 T-out: N T-r: 99.98%
c --> Executing strategy token: card-find
c --> Executing strategy token: cl-consolidate
c Not consolidating memory.
c --> Executing strategy token: scc-vrepl
c [scc] new: 0 BP 0M T: 0.00
c --> Executing strategy token: renumber
c --> Executing strategy token: bosphorus
c --> Executing strategy token: louvain-comms
c [consolidate] mini T: 0.00
c global_timeout_multiplier: 3.9930
c [branch] rebuilding order heap for all branchings. Current branching: vmtf
c [find&init matx] performing matrix init
c [gauss] XOR-encoding clauses are not detached, so no need to reattach them.
c [xor-rem-unconnected] left with 1533 xors from 1533 non-empty xors T: 0.00
c [xor-together] xored together: 1482 orig xors: 1533 new xors: 51 T: 0.00
c [xor-rem-unconnected] left with 51 xors from 51 non-empty xors T: 0.00
c [xor-clean-equiv] removed equivalent xors: 0 left with: 51
c [matrix] unused xors from cleaning: 0
c [matrix] Good   matrix  0     51 x  462  density:0.1356  xorlen avg: 62.67
c [matrix] Using 1 matrices recovered from 0 xors T: 0.00 T-out: N
c rst  geom ibes  vmt   651  244K    2101 15715   858    4.14    4.03  4535  3314   40K   118   28.38   28.32
c [full-probe]  bin_only: 0 set: 0 repl: 0 T: 0.01 T-out: N T-r: 95.68%
c rst  geom ibes  vmt   652  246K    2101 15715   858    4.14    4.03  4535  3317   42K   118   28.78   28.72
c [gauss] XOR-encoding clauses are not detached, so no need to reattach them.
c [g 0] truth-find prop checks  : 59K
c [g 0] -> of which prop        : 60.96 %
c [g 0] -> of which confl       :  2.19 %
c [g 0] elim called             : 4368
c [g 0] ---> which lead to prop : 102.84 %
c [g 0] ---> which lead to confl:  2.54 %
c [g 0] size: 51    x 462  
c [scc] new: 0 BP 0M T: 0.00
c [vrep] vars 0 lits 0 rem-bin-cls 0 rem-long-cls 0 BP 0M T: 0.01
c [intree] Set 0 vars hyper-added: 5 trans-irred: 0 trans-red: 1 T: 0.01 T-out: N T-r: 0.21%
c [find&init matx] performing matrix init
c [gauss] XOR-encoding clauses are not detached, so no need to reattach them.
c [xor-rem-unconnected] left with 1533 xors from 1533 non-empty xors T: 0.00
c [xor-together] xored together: 1482 orig xors: 1533 new xors: 51 T: 0.00
c [xor-rem-unconnected] left with 51 xors from 51 non-empty xors T: 0.00
c [xor-clean-equiv] removed equivalent xors: 0 left with: 51
c [matrix] unused xors from cleaning: 0
c [matrix] Good   matrix 0 51      x462    density:0.1356  xorlen avg: 62.67
c [matrix] Using 1 matrices recovered from 0 xors T: 0.00 T-out: N
c rst  geom ibes vmt  653   248 K 2101    15715   858 4.14    4.03     4539  3322   44K   122 28.67   28.61  
c rst  geom ibes vmt  654   251 K 2101    15715   858 4.14    4.03     4564  3237   46K   122 28.88   28.82  
c [branch] adjusting to: vsid (from: vmtf) var_decay:0.95 descr: VSIDS
c rst  geom svd  vs   655   251 K 2101    15715   858 4.14    4.03     4564  3237   46K   122 28.86   28.80  
c rst  geom svd  vs   656   251 K 2101    15715   858 4.14    4.03     4564  3237   47K   122 28.87   28.81  
c rst  geom svd  vs   657   251 K 2101    15715   858 4.14    4.03     4564  3238   47K   122 28.86   28.80  
c rst  geom svd  vs   658   251 K 2101    15715   858 4.14    4.03     4564  3239   47K   122 28.84   28.78  
c rst  geom svd  vs   659   251 K 2101    15715   858 4.14    4.03     4564  3240   47K   122 28.85   28.79  
c rst  geom svd  vs   660   251 K 2101    15715   858 4.14    4.03     4564  3240   47K   122 28.85   28.79  
c [distill-long-red0] cls tried: 229/229 T: 0.01 T-out: N T-r: 99.49%
c [distill-long-red1] cls tried: 27/3036 T: 0.01 T-out: Y T-r: -4.38%
c rst  geom svd  vs   661   252 K 2101    15715   858 4.14    4.03     4564  3240   47K   122 28.86   28.80  
c rst  geom svd  vs   662   252 K 2101    15715   858 4.14    4.03     4564  3240   48K   122 28.84   28.78  
c rst  geom svd  vs   663   252 K 2101    15715   858 4.14    4.03     4564  3240   48K   122 28.81   28.75  
c rst  geom svd  vs   664   252 K 2101    15715   858 4.14    4.03     4564  3240   48K   122 28.78   28.72  
c rst  geom svd  vs   665   253 K 2101    15715   858 4.14    4.03     4564  3244   48K   122 28.78   28.73  
c rst  geom svd  vs   666   253 K 2101    15715   858 4.14    4.03     4564  3246   49K   122 28.76   28.70  
c rst  geom svd  vs   667   253 K 2101    15715   858 4.14    4.03     4564  3246   49K   122 28.71   28.65  
c rst  geom svd  vs   668   254 K 2101    15715   858 4.14    4.03     4566  3254   49K   122 28.69   28.63  
c rst  geom svd  vs   669   254 K 2101    15715   858 4.14    4.03     4567  3259   50K   122 28.59   28.53  
c rst  geom svd  vs   670   255 K 2101    15715   858 4.14    4.03     4572  3426   37K   122 27.48   27.41  
c rst  geom svd  vs   671   255 K 2101    15715   858 4.14    4.03     4572  3427   37K   122 27.38   27.31  
c rst  geom svd  vs   672   256 K 2101    15715   858 4.14    4.03     4572  3430   38K   122 27.29   27.22  
c [distill] watch-based irred--  cl tried 6454     cl-sh 0     cl-rem 0    lit-rem 0      T: 0.00 T-out: N
c [distill] watch-based red  --  cl tried 9144     cl-sh 20    cl-rem 0    lit-rem 27     T: 0.01 T-out: N
c rst  geom svd  vs   673   256 K 2101    15715   858 4.14    4.03     4572  3433   38K   122 27.19   27.13  
c rst  geom svd  vs   674   257 K 2101    15715   858 4.14    4.03     4572  3436   39K   122 27.05   26.99  
c rst  geom svd  vs   675   258 K 2101    15715   858 4.14    4.03     4572  3439   40K   122 26.89   26.82  
c [distill-bin] useful: 0/858/858 lits-rem: 0 cl-rem: 0 0-depth-assigns: 0 T: 0.00 T-out: N
c rst  geom svd  vs   676   258 K 2101    15715   858 4.14    4.03     4572  3446   40K   122 26.71   26.64  
c rst  geom best vs   677   259 K 2101    15715   858 4.14    4.03     4572  3450   41K   122 26.56   26.50  
c rst  geom best vs   678   260 K 2101    15715   858 4.14    4.03     4683  3205   42K   122 26.51   26.45  
c rst  geom best vs   679   261 K 2101    15715   858 4.14    4.03     4684  3211   43K   122 26.41   26.35  
c rst  geom best vs   680   262 K 2101    15715   858 4.14    4.03     4684  3214   44K   122 26.17   26.12  
c rst  geom best vs   681   264 K 2101    15715   858 4.14    4.03     4684  3224   46K   122 26.00   25.95  
c rst  geom best vs   682   265 K 2101    15715   858 4.14    4.03     4684  3235   47K   122 25.82   25.77  
c [full-probe]  bin_only: 1 set: 0 repl: 0 T: 0.01 T-out: N T-r: 99.57%
c rst  geom best vs   683   267 K 2101    15715   858 4.14    4.03     4685  3246   49K   122 25.58   25.53  
c [distill-long-red0] cls tried: 136/136 T: 0.01 T-out: N T-r: 99.48%
c [distill-long-red1] cls tried: 24/3045 T: 0.01 T-out: Y T-r: -7.37%
c rst  geom stb  vs   684   268 K 2101    15715   858 4.14    4.03     4687  3252   50K   122 25.36   25.32  
c [ccnr] tries: 0 steps: 262143 best found: 9
c [ccnr] tries: 0 steps: 524287 best found: 9
c [ccnr] saving best assignment phase to stable_polar
c [ccnr] bumping based on var unsat frequency: conflict_ct
c [ccnr] Bumped vars: 2439 bump type: 6
c [ccnr] time: 0.35
c rst  geom stb  vs   685   270 K 2101    15715   858 4.14    4.03     4772  3224   38K   122 23.63   23.57  
c rst  geom stb  vs   686   272 K 2101    15715   858 4.14    4.03     4772  3237   40K   122 23.51   23.45  
c rst  geom stb  vs   687   274 K 2101    15715   858 4.14    4.03     4772  3255   43K   122 23.44   23.39  
c rst  geom ibes vs   688   277 K 2101    15715   858 4.14    4.03     4772  3271   45K   122 23.20   23.15  
c rst  geom ibes vs   689   280 K 2101    15715   858 4.14    4.03     4837  3170   48K   122 22.95   22.91  
c [distill-bin] useful: 0/858/858 lits-rem: 0 cl-rem: 0 0-depth-assigns: 0 T: 0.01 T-out: N
c rst  geom ibes vs   690   283 K 2101    15715   858 4.14    4.03     4837  3199   51K   122 22.88   22.84  
c [branch] adjusting to: vmtf (from: vsid) var_decay:0.95 descr: VMTF
c [distill-long-red0] cls tried: 147/147 T: 0.02 T-out: N T-r: 99.15%
c [distill-long-red1] cls tried: 23/3001 T: 0.01 T-out: Y T-r: -2.82%
c [distill] watch-based irred--  cl tried 6454     cl-sh 0     cl-rem 0    lit-rem 0      T: 0.01 T-out: N
c [distill] watch-based red  --  cl tried 8423     cl-sh 7     cl-rem 0    lit-rem 10     T: 0.02 T-out: Y
c [impl-str] lit bin: 0 set-var: 0 T: 0.00 T-out: N T-r: 99.96% w-visit: 4878
c [impl-sub] bin: 0 T: 0.00 T-out: N w-visit: 4878
c rst  luby svd  vmt  691   283 K 2101    15715   858 4.14    4.03     4841  3204   51K   122 22.88   22.84  
c rst  luby svd  vmt  692   283 K 2101    15715   858 4.14    4.03     4841  3204   51K   122 22.90   22.86  
c rst  luby svd  vmt  693   283 K 2101    15715   858 4.14    4.03     4841  3204   51K   122 22.94   22.90  
c rst  luby svd  vmt  694   283 K 2101    15715   858 4.14    4.03     4841  3204   51K   122 22.96   22.92  
c rst  luby svd  vmt  695   283 K 2101    15715   858 4.14    4.03     4841  3204   51K   122 22.98   22.94  
c rst  luby svd  vmt  696   284 K 2101    15715   858 4.14    4.03     4841  3206   52K   122 23.02   22.98  
c rst  luby svd  vmt  697   284 K 2101    15715   858 4.14    4.03     4841  3206   52K   122 23.09   23.05  
c rst  luby svd  vmt  698   284 K 2101    15715   858 4.14    4.03     4841  3208   52K   122 23.10   23.06  
c rst  luby svd  vmt  699   284 K 2101    15715   858 4.14    4.03     4841  3208   52K   122 23.11   23.07  
c rst  luby svd  vmt  700   284 K 2101    15715   858 4.14    4.03     4841  3209   52K   122 23.13   23.09  
c rst  luby svd  vmt  701   284 K 2101    15715   858 4.14    4.03     4841  3210   52K   122 23.13   23.09  
c rst  luby svd  vmt  702   285 K 2101    15715   858 4.14    4.03     4848  3608   38K   122 19.19   19.15  
c rst  luby svd  vmt  703   285 K 2101    15715   858 4.14    4.03     4848  3615   38K   122 19.24   19.20  
c rst  luby svd  vmt  704   285 K 2101    15715   858 4.14    4.03     4848  3617   38K   122 19.34   19.30  
c [full-probe]  bin_only: 0 set: 0 repl: 0 T: 0.00 T-out: N T-r: 97.96%
c rst  luby svd  vmt  705   286 K 2101    15715   858 4.14    4.03     4849  3621   39K   122 19.57   19.53  
c rst  luby svd  vmt  706   286 K 2101    15715   858 4.14    4.03     4849  3624   39K   122 19.60   19.56  
c rst  luby svd  vmt  707   286 K 2101    15715   858 4.14    4.03     4849  3624   39K   122 19.64   19.60  
c rst  luby svd  vmt  708   286 K 2101    15715   858 4.14    4.03     4849  3624   40K   122 19.73   19.69  
c rst  luby svd  vmt  709   286 K 2101    15715   858 4.14    4.03     4849  3624   40K   122 19.75   19.71  
c rst  luby svd  vmt  710   287 K 2101    15715   858 4.14    4.03     4849  3626   40K   122 19.79   19.75  
c rst  luby svd  vmt  711   287 K 2101    15715   858 4.14    4.03     4849  3627   40K   122 19.84   19.80  
c rst  luby svd  vmt  712   287 K 2101    15715   858 4.14    4.03     4849  3628   40K   122 19.97   19.93  
c rst  luby svd  vmt  713   287 K 2101    15715   858 4.14    4.03     4849  3628   41K   122 20.00   19.95  
c rst  luby svd  vmt  714   287 K 2101    15715   858 4.14    4.03     4849  3628   41K   122 20.03   19.99  
c rst  luby svd  vmt  715   288 K 2101    15715   858 4.14    4.03     4849  3628   41K   122 20.08   20.04  
c rst  luby svd  vmt  716   288 K 2101    15715   858 4.14    4.03     4849  3628   41K   122 20.10   20.06  
c rst  luby svd  vmt  717   288 K 2101    15715   858 4.14    4.03     4849  3628   41K   122 20.12   20.08  
c rst  luby svd  vmt  718   288 K 2101    15715   858 4.14    4.03     4849  3628   41K   122 20.19   20.14  
c rst  luby svd  vmt  719   288 K 2101    15715   858 4.14    4.03     4849  3629   42K   122 20.36   20.32  
c rst  luby svd  vmt  720   289 K 2101    15715   858 4.14    4.03     4849  3630   43K   122 20.76   20.71  
c rst  luby svd  vmt  721   291 K 2101    15715   858 4.14    4.03     4903  3492   44K   122 21.34   21.29  
c rst  geom best vmt  722   291 K 2101    15715   858 4.14    4.03     4903  3492   44K   122 21.35   21.30  
c rst  geom best vmt  723   291 K 2101    15715   858 4.14    4.03     4903  3492   44K   122 21.40   21.36  
c rst  geom best vmt  724   291 K 2101    15715   858 4.14    4.03     4903  3492   45K   122 21.42   21.37  
c rst  geom best vmt  725   291 K 2101    15715   858 4.14    4.03     4903  3492   45K   122 21.43   21.39  
c rst  geom best vmt  726   291 K 2101    15715   858 4.14    4.03     4903  3492   45K   122 21.49   21.44  
c rst  geom best vmt  727   292 K 2101    15715   858 4.14    4.03     4903  3494   45K   122 21.53   21.48  
c rst  geom best vmt  728   292 K 2101    15715   858 4.14    4.03     4903  3497   45K   122 21.56   21.52  
c rst  geom best vmt  729   292 K 2101    15715   858 4.14    4.03     4904  3500   45K   122 21.59   21.55  
c rst  geom best vmt  730   292 K 2101    15715   858 4.14    4.03     4904  3502   46K   122 21.63   21.58  
c rst  geom best vmt  731   293 K 2101    15715   858 4.14    4.03     4904  3502   46K   122 21.65   21.60  
c rst  geom best vmt  732   293 K 2101    15715   858 4.14    4.03     4904  3503   46K   122 21.69   21.64  
c rst  geom best vmt  733   293 K 2101    15715   858 4.14    4.03     4904  3503   47K   122 21.73   21.69  
c rst  geom best vmt  734   293 K 2101    15715   858 4.14    4.03     4905  3505   47K   122 21.73   21.69  
c rst  geom best vmt  735   294 K 2101    15715   858 4.14    4.03     4905  3506   47K   122 21.85   21.80  
c rst  geom best vmt  736   294 K 2101    15715   858 4.14    4.03     4905  3506   48K   122 22.03   21.99  
c rst  geom best vmt  737   295 K 2101    15715   858 4.14    4.03     4906  3511   48K   122 22.04   22.00  
c rst  geom best vmt  738   295 K 2101    15715   858 4.14    4.03     4908  3511   49K   122 22.13   22.09  
c rst  geom best vmt  739   296 K 2101    15715   858 4.14    4.03     4908  3512   49K   122 22.26   22.21  
c rst  geom best vmt  740   296 K 2101    15715   858 4.14    4.03     4910  3515   50K   122 22.33   22.29  
c rst  geom best vmt  741   297 K 2101    15715   858 4.14    4.03     4910  3517   50K   122 22.50   22.46  
c rst  geom best vmt  742   298 K 2101    15715   858 4.14    4.03     4910  3518   51K   122 22.70   22.66  
c rst  geom best vmt  743   298 K 2101    15715   858 4.14    4.03     4910  3527   52K   122 22.85   22.81  
c [distill-long-red0] cls tried: 79/79 T: 0.01 T-out: N T-r: 99.68%
c [distill-long-red1] cls tried: 21/3315 T: 0.01 T-out: Y T-r: -12.77%
c rst  geom best vmt  744   299 K 2101    15715   858 4.14    4.03     4910  3527   53K   122 23.13   23.09  
c rst  geom stb  vmt  745   300 K 2101    15715   858 4.14    4.03     4955  3285   38K   122 23.55   23.49  
c [distill-bin] useful: 0/858/858 lits-rem: 0 cl-rem: 0 0-depth-assigns: 0 T: 0.00 T-out: N
c rst  geom stb  vmt  746   301 K 2101    15715   858 4.14    4.03     4956  3312   39K   122 23.49   23.43  
c rst  geom stb  vmt  747   303 K 2101    15715   858 4.14    4.03     4956  3326   40K   122 23.43   23.38  
c rst  geom stb  vmt  748   304 K 2101    15715   858 4.14    4.03     4959  3339   41K   122 23.32   23.27  
c rst  geom stb  vmt  749   305 K 2101    15715   858 4.14    4.03     4966  3397   43K   122 23.20   23.15  
c [full-probe]  bin_only: 1 set: 0 repl: 0 T: 0.00 T-out: N T-r: 99.76%
c rst  geom stb  vmt  750   307 K 2101    15715   858 4.14    4.03     4966  3400   44K   122 22.96   22.92  
c rst  geom stb  vmt  751   308 K 2101    15715   858 4.14    4.03     4967  3418   46K   122 22.81   22.77  
c [distill] watch-based irred--  cl tried 6454     cl-sh 0     cl-rem 0    lit-rem 0      T: 0.01 T-out: N
c [distill] watch-based red  --  cl tried 9934     cl-sh 16    cl-rem 0    lit-rem 31     T: 0.01 T-out: N
c rst  geom ibes vmt  752   310 K 2101    15715   858 4.14    4.03     5135  3040   48K   122 22.79   22.74  
c rst  geom ibes vmt  753   312 K 2101    15715   858 4.14    4.03     5136  3058   50K   122 22.63   22.59  
c [gauss] XOR-encoding clauses are not detached, so no need to reattach them.
c [g 0] truth-find prop checks  : 2702K
c [g 0] -> of which prop        : 27.08 %
c [g 0] -> of which confl       :  1.28 %
c [g 0] elim called             : 434K
c [g 0] ---> which lead to prop : 34.34 %
c [g 0] ---> which lead to confl:  1.23 %
c [g 0] size: 51    x 462  
c [scc] new: 0 BP 0M T: 0.00
c [vrep] vars 0 lits 0 rem-bin-cls 0 rem-long-cls 0 BP 0M T: 0.00
c [intree] Set 0 vars hyper-added: 5 trans-irred: 0 trans-red: 0 T: 0.01 T-out: N T-r: -1.89%
c [find&init matx] performing matrix init
c [gauss] XOR-encoding clauses are not detached, so no need to reattach them.
c [xor-rem-unconnected] left with 1533 xors from 1533 non-empty xors T: 0.00
c [xor-together] xored together: 1482 orig xors: 1533 new xors: 51 T: 0.00
c [xor-rem-unconnected] left with 51 xors from 51 non-empty xors T: 0.00
c [xor-clean-equiv] removed equivalent xors: 0 left with: 51
c [matrix] unused xors from cleaning: 0
c [matrix] Good   matrix 0 51      x462    density:0.1356  xorlen avg: 62.67
c [matrix] Using 1 matrices recovered from 0 xors T: 0.00 T-out: N
c [ccnr] tries: 0 steps: 262143 best found: 10
c [ccnr] tries: 0 steps: 524287 best found: 8
c [ccnr] tries: 0 steps: 786431 best found: 6
c [ccnr] saving best assignment phase to stable_polar
c [ccnr] bumping based on clause weights
c [ccnr] Bumped vars: 106 bump type: 6
c [ccnr] time: 0.35
c [g  <0] Disabling GJ-elim in this round.  Usefulness was: 18.4545%  over 51776 calls
c rst  geom ibes vmt  754   315 K 2101    15715   858 4.14    4.03     5215  3763   37K   127 23.86   23.80  
c [branch] adjusting to: vsid (from: vmtf) var_decay:0.95 descr: VSIDS
c [distill-long-red0] cls tried: 312/312 T: 0.03 T-out: N T-r: 98.85%
c [distill-long-red1] cls tried: 30/3590 T: 0.02 T-out: Y T-r: -9.30%
c rst  geom ibes vs   755   315 K 2101    15715   858 4.14    4.03     5215  3763   37K   127 23.80   23.74  
c rst  geom ibes vs   756   315 K 2101    15715   858 4.14    4.03     5215  3766   37K   127 23.78   23.72  
c rst  geom ibes vs   757   315 K 2101    15715   858 4.14    4.03     5215  3766   37K   127 23.77   23.71  
c rst  geom ibes vs   758   315 K 2101    15715   858 4.14    4.03     5215  3766   38K   127 23.75   23.69  
c rst  geom ibes vs   759   315 K 2101    15715   858 4.14    4.03     5215  3766   38K   127 23.74   23.68  
c rst  geom ibes vs   760   315 K 2101    15715   858 4.14    4.03     5215  3766   38K   127 23.71   23.65  
c rst  geom ibes vs   761   316 K 2101    15715   858 4.14    4.03     5215  3767   38K   127 23.68   23.63  
c rst  geom ibes vs   762   316 K 2101    15715   858 4.14    4.03     5215  3767   38K   127 23.65   23.59  
c rst  geom ibes vs   763   316 K 2101    15715   858 4.14    4.03     5215  3767   39K   127 23.60   23.54  
c rst  geom ibes vs   764   316 K 2101    15715   858 4.14    4.03     5215  3767   39K   127 23.54   23.48  
c rst  geom ibes vs   765   317 K 2101    15715   858 4.14    4.03     5215  3768   39K   127 23.50   23.44  
c rst  geom svd  vs   766   317 K 2101    15715   858 4.14    4.03     5215  3772   39K   127 23.45   23.40  
c rst  geom svd  vs   767   317 K 2101    15715   858 4.14    4.03     5215  3774   40K   127 23.41   23.35  
c rst  geom svd  vs   768   318 K 2101    15715   858 4.14    4.03     5215  3777   40K   127 23.35   23.30  
c rst  geom svd  vs   769   318 K 2101    15715   858 4.14    4.03     5215  3780   41K   127 23.31   23.26  
c rst  geom svd  vs   770   319 K 2101    15715   858 4.14    4.03     5215  3781   41K   127 23.26   23.20  
c rst  geom svd  vs   771   319 K 2101    15715   858 4.14    4.03     5215  3783   41K   127 23.18   23.12  
c rst  geom svd  vs   772   320 K 2101    15715   858 4.14    4.03     5858  2897   42K   127 23.11   23.06  
c rst  geom svd  vs   773   320 K 2101    15715   858 4.14    4.03     5858  2898   43K   127 23.08   23.03  
c rst  geom svd  vs   774   321 K 2101    15715   858 4.14    4.03     5858  2903   44K   127 23.01   22.96  
c [distill-bin] useful: 0/858/858 lits-rem: 0 cl-rem: 0 0-depth-assigns: 0 T: 0.00 T-out: N
c rst  geom svd  vs   775   322 K 2101    15715   858 4.14    4.03     5859  2905   44K   127 22.89   22.84  
c rst  geom svd  vs   776   322 K 2101    15715   858 4.14    4.03     5859  2909   45K   127 22.83   22.78  
c rst  geom svd  vs   777   323 K 2101    15715   858 4.14    4.03     5859  2918   46K   127 22.76   22.71  
c rst  geom svd  vs   778   324 K 2101    15715   858 4.14    4.03     5859  2922   47K   127 22.65   22.60  
c rst  geom svd  vs   779   325 K 2101    15715   858 4.14    4.03     5859  2925   48K   127 22.52   22.48  
c [full-probe]  bin_only: 0 set: 0 repl: 0 T: 0.01 T-out: N T-r: 97.59%
c rst  geom best vs   780   326 K 2101    15715   858 4.14    4.03     5859  2945   49K   129 22.40   22.35  
c rst  geom best vs   781   328 K 2101    15715   858 4.14    4.03     5859  2952   50K   129 22.30   22.25  
c rst  geom best vs   782   329 K 2101    15715   858 4.14    4.03     5859  2959   52K   129 22.21   22.17  
c rst  geom best vs   783   331 K 2101    15715   858 4.14    4.03     6303  3044   39K   129 19.76   19.71  
c [distill-long-red0] cls tried: 1077/1077 T: 0.06 T-out: N T-r: 97.60%
c [distill-long-red1] cls tried: 27/2862 T: 0.01 T-out: Y T-r: -5.19%
c rst  geom best vs   784   332 K 2101    15715   858 4.14    4.03     6303  3054   41K   129 19.63   19.59  
c rst  geom best vs   785   334 K 2101    15715   858 4.14    4.03     6303  3067   42K   129 19.55   19.51  
c [distill] watch-based irred--  cl tried 6454     cl-sh 0     cl-rem 0    lit-rem 0      T: 0.01 T-out: N
c [distill] watch-based red  --  cl tried 10851    cl-sh 24    cl-rem 0    lit-rem 45     T: 0.01 T-out: Y
c rst  geom stb  vs   786   336 K 2101    15715   858 4.14    4.03     6303  3077   44K   129 19.55   19.51  
c rst  geom stb  vs   787   338 K 2101    15715   858 4.14    4.03     6303  3110   47K   129 19.44   19.40  
c rst  geom stb  vs   788   341 K 2101    15715   858 4.14    4.03     6452  2859   49K   129 19.39   19.35  
c [distill-bin] useful: 0/858/858 lits-rem: 0 cl-rem: 0 0-depth-assigns: 0 T: 0.01 T-out: N
c rst  geom stb  vs   789   344 K 2101    15715   858 4.14    4.03     6453  2876   52K   129 19.25   19.22  
c [impl-str] lit bin: 0 set-var: 0 T: 0.00 T-out: N T-r: 99.96% w-visit: 4878
c [impl-sub] bin: 2 T: 0.00 T-out: N w-visit: 4878
c rst  geom ibes vs   790   347 K 2101    15715   858 4.14    4.03     6539  3416   40K   127 16.06   16.03  
c [distill-long-red0] cls tried: 259/259 T: 0.03 T-out: N T-r: 98.82%
c [distill-long-red1] cls tried: 22/3230 T: 0.01 T-out: Y T-r: -6.12%
c [full-probe]  bin_only: 1 set: 0 repl: 0 T: 0.00 T-out: N T-r: 99.77%
c rst  geom ibes vs   791   350 K 2101    15715   858 4.14    4.03     6688  3197   43K   129 15.83   15.80  
c rst  geom ibes vs   792   354 K 2101    15715   858 4.14    4.03     6689  3246   47K   129 15.80   15.77  
c [branch] adjusting to: vmtf (from: vsid) var_decay:0.95 descr: VMTF
c rst  luby svd  vmt  793   354 K 2101    15715   858 4.14    4.03     6689  3246   47K   129 15.81   15.78  
c rst  luby svd  vmt  794   354 K 2101    15715   858 4.14    4.03     6689  3248   47K   129 15.81   15.78  
c rst  luby svd  vmt  795   354 K 2101    15715   858 4.14    4.03     6689  3249   47K   129 15.81   15.77  
c rst  luby svd  vmt  796   354 K 2101    15715   858 4.14    4.03     6689  3252   47K   129 15.80   15.77  
c rst  luby svd  vmt  797   354 K 2101    15715   858 4.14    4.03     6689  3252   48K   129 15.80   15.77  
c rst  luby svd  vmt  798   354 K 2101    15715   858 4.14    4.03     6689  3252   48K   129 15.79   15.76  
c rst  luby svd  vmt  799   355 K 2101    15715   858 4.14    4.03     6689  3252   48K   129 15.79   15.76  
c rst  luby svd  vmt  800   355 K 2101    15715   858 4.14    4.03     6689  3252   48K   129 15.79   15.76  
c rst  luby svd  vmt  801   355 K 2101    15715   858 4.14    4.03     6689  3252   48K   129 15.79   15.76  
c rst  luby svd  vmt  802   355 K 2101    15715   858 4.14    4.03     6690  3253   49K   129 15.79   15.76  
c rst  luby svd  vmt  803   355 K 2101    15715   858 4.14    4.03     6690  3253   49K   129 15.79   15.76  
c rst  luby svd  vmt  804   355 K 2101    15715   858 4.14    4.03     6691  3255   49K   129 15.80   15.77  
c rst  luby svd  vmt  805   356 K 2101    15715   858 4.14    4.03     6691  3259   49K   129 15.81   15.78  
c rst  luby svd  vmt  806   356 K 2101    15715   858 4.14    4.03     6691  3259   49K   129 15.87   15.84  
c rst  luby svd  vmt  807   357 K 2101    15715   858 4.14    4.03     6691  3263   50K   129 15.86   15.83  
c [ccnr] tries: 0 steps: 262143 best found: 12
c [ccnr] tries: 0 steps: 524287 best found: 12
c [ccnr] saving best assignment phase to stable_polar
c [ccnr] bumping based on var unsat frequency: conflict_ct
c [ccnr] Bumped vars: 2439 bump type: 6
c [ccnr] time: 0.34
c rst  luby svd  vmt  808   357 K 2101    15715   858 4.14    4.03     6700  3300   50K   130 15.87   15.84  
c rst  luby svd  vmt  809   357 K 2101    15715   858 4.14    4.03     6700  3304   50K   130 15.90   15.87  
c rst  luby svd  vmt  810   357 K 2101    15715   858 4.14    4.03     6701  3309   50K   130 15.94   15.91  
c rst  luby svd  vmt  811   357 K 2101    15715   858 4.14    4.03     6701  3311   51K   130 15.96   15.93  
c rst  luby svd  vmt  812   357 K 2101    15715   858 4.14    4.03     6702  3313   51K   130 15.98   15.95  
c rst  luby svd  vmt  813   358 K 2101    15715   858 4.14    4.03     6704  3321   51K   130 16.01   15.98  
c rst  luby svd  vmt  814   358 K 2101    15715   858 4.14    4.03     6704  3331   51K   130 16.14   16.11  
c rst  luby svd  vmt  815   358 K 2101    15715   858 4.14    4.03     6704  3333   51K   130 16.16   16.13  
c rst  luby svd  vmt  816   358 K 2101    15715   858 4.14    4.03     6704  3333   51K   130 16.18   16.15  
c rst  luby svd  vmt  817   358 K 2101    15715   858 4.14    4.03     6704  3335   52K   130 16.23   16.20  
c rst  luby svd  vmt  818   359 K 2101    15715   858 4.14    4.03     6704  3335   52K   130 16.25   16.22  
c rst  luby svd  vmt  819   359 K 2101    15715   858 4.14    4.03     6705  3337   52K   130 16.27   16.24  
c rst  luby svd  vmt  820   359 K 2101    15715   858 4.14    4.03     6706  3348   52K   130 16.32   16.29  
c rst  luby svd  vmt  821   359 K 2101    15715   858 4.14    4.03     6707  3355   52K   130 16.41   16.38  
c [distill] watch-based irred--  cl tried 5723     cl-sh 0     cl-rem 0    lit-rem 0      T: 0.01 T-out: Y
c [distill] watch-based red  --  cl tried 8996     cl-sh 20    cl-rem 0    lit-rem 38     T: 0.02 T-out: Y
c rst  luby svd  vmt  822   360 K 2101    15715   858 4.14    4.03     6899  3713   38K   130 15.78   15.74  
c rst  luby svd  vmt  823   362 K 2101    15715   858 4.14    4.03     6901  3734   40K   130 16.10   16.07  
c [distill-bin] useful: 0/858/858 lits-rem: 0 cl-rem: 0 0-depth-assigns: 0 T: 0.00 T-out: N
c rst  luby svd  vmt  824   362 K 2101    15715   858 4.14    4.03     6901  3736   40K   130 16.12   16.08  
c [distill-long-red0] cls tried: 370/370 T: 0.03 T-out: N T-r: 98.44%
c [distill-long-red1] cls tried: 22/3555 T: 0.01 T-out: Y T-r: -4.88%
c rst  luby svd  vmt  825   362 K 2101    15715   858 4.14    4.03     6900  3738   40K   131 16.14   16.10  
c rst  luby svd  vmt  826   362 K 2101    15715   858 4.14    4.03     6900  3741   40K   131 16.18   16.14  
c rst  luby svd  vmt  827   362 K 2101    15715   858 4.14    4.03     6900  3742   40K   131 16.19   16.16  
c rst  luby svd  vmt  828   362 K 2101    15715   858 4.14    4.03     6900  3745   40K   131 16.21   16.17  
c rst  geom best vmt  829   362 K 2101    15715   858 4.14    4.03     6901  3755   40K   131 16.24   16.21  
c rst  geom best vmt  830   362 K 2101    15715   858 4.14    4.03     6901  3764   40K   131 16.28   16.24  
c rst  geom best vmt  831   363 K 2101    15715   858 4.14    4.03     6901  3765   41K   131 16.31   16.27  
c rst  geom best vmt  832   363 K 2101    15715   858 4.14    4.03     6903  3771   41K   131 16.38   16.34  
c rst  geom best vmt  833   363 K 2101    15715   858 4.14    4.03     6903  3775   41K   131 16.41   16.38  
c rst  geom best vmt  834   363 K 2101    15715   858 4.14    4.03     6904  3782   41K   131 16.48   16.44  
c rst  geom best vmt  835   363 K 2101    15715   858 4.14    4.03     6904  3788   41K   131 16.53   16.49  
c rst  geom best vmt  836   364 K 2101    15715   858 4.14    4.03     6904  3796   41K   131 16.59   16.55  
c rst  geom best vmt  837   364 K 2101    15715   858 4.14    4.03     6905  3800   42K   131 16.64   16.61  
c rst  geom best vmt  838   364 K 2101    15715   858 4.14    4.03     6906  3805   42K   131 16.71   16.67  
c rst  geom best vmt  839   364 K 2101    15715   858 4.14    4.03     6906  3813   42K   131 16.84   16.81  
c rst  geom best vmt  840   365 K 2101    15715   858 4.14    4.03     6906  3826   42K   131 16.90   16.87  
c rst  geom best vmt  841   365 K 2101    15715   858 4.14    4.03     6907  3839   43K   131 16.98   16.94  
c rst  geom best vmt  842   365 K 2101    15715   858 4.14    4.03     6908  3854   43K   131 17.06   17.03  
c rst  geom best vmt  843   366 K 2101    15715   858 4.14    4.03     6909  3870   43K   131 17.15   17.11  
c rst  geom best vmt  844   366 K 2101    15715   858 4.14    4.03     6910  3882   44K   131 17.30   17.27  
c rst  geom best vmt  845   367 K 2101    15715   858 4.14    4.03     6910  3893   44K   131 17.45   17.41  
c [full-probe]  bin_only: 0 set: 0 repl: 0 T: 0.00 T-out: N T-r: 97.17%
c rst  geom best vmt  846   367 K 2101    15715   858 4.14    4.03     6912  3901   45K   133 17.59   17.56  
c rst  geom best vmt  847   368 K 2101    15715   858 4.14    4.03     6912  3920   46K   133 17.74   17.70  
c rst  geom best vmt  848   368 K 2101    15715   858 4.14    4.03     6914  3937   46K   133 17.97   17.94  
c rst  geom best vmt  849   369 K 2101    15715   858 4.14    4.03     6915  3957   47K   133 18.09   18.06  
c rst  geom best vmt  850   370 K 2101    15715   858 4.14    4.03     7014  3855   48K   133 18.26   18.22  
c rst  geom best vmt  851   371 K 2101    15715   858 4.14    4.03     7015  3868   49K   133 18.44   18.40  
c rst  geom best vmt  852   372 K 2101    15715   858 4.14    4.03     7016  3887   49K   133 18.64   18.60  
c rst  geom stb  vmt  853   373 K 2101    15715   858 4.14    4.03     7016  3907   50K   133 18.95   18.91  
c rst  geom stb  vmt  854   374 K 2101    15715   858 4.14    4.03     7016  3936   52K   133 19.15   19.11  
c rst  geom stb  vmt  855   375 K 2101    15715   858 4.14    4.03     7052  4559   37K   133 19.96   19.91  
c rst  geom stb  vmt  856   377 K 2101    15715   858 4.14    4.03     7053  4584   39K   133 20.31   20.26  
c rst  geom stb  vmt  857   378 K 2101    15715   858 4.14    4.03     7054  4609   40K   133 20.73   20.68  
c [distill-long-red0] cls tried: 154/154 T: 0.00 T-out: N T-r: 99.79%
c [distill-long-red1] cls tried: 27/4407 T: 0.01 T-out: Y T-r: -5.19%
c [gauss] XOR-encoding clauses are not detached, so no need to reattach them.
c [g 0] truth-find prop checks  : 38K
c [g 0] -> of which prop        : 16.61 %
c [g 0] -> of which confl       :  0.94 %
c [g 0] elim called             : 7119
c [g 0] ---> which lead to prop : 36.68 %
c [g 0] ---> which lead to confl:  1.49 %
c [g 0] size: 51    x 462  
c [scc] new: 1 BP 0M T: 0.00
c [vrep] vars 1 lits 528 rem-bin-cls 8 rem-long-cls 0 BP 0M T: 0.01
c [scc] new: 0 BP 0M T: 0.00
c [vrep] vars 0 lits 0 rem-bin-cls 0 rem-long-cls 0 BP 0M T: 0.00
c [intree] Set 0 vars hyper-added: 0 trans-irred: 0 trans-red: 1 T: 0.01 T-out: N T-r: -2.86%
c [find&init matx] performing matrix init
c [gauss] XOR-encoding clauses are not detached, so no need to reattach them.
c [xor-rem-unconnected] left with 1533 xors from 1533 non-empty xors T: 0.00
c [xor-together] xored together: 1479 orig xors: 1533 new xors: 54 T: 0.00
c [xor-rem-unconnected] left with 54 xors from 54 non-empty xors T: 0.00
c [xor-clean-equiv] removed equivalent xors: 0 left with: 54
c [matrix] unused xors from cleaning: 0
c [matrix] Good   matrix 0 54      x464    density:0.1278  xorlen avg: 59.30
c [matrix] Using 1 matrices recovered from 0 xors T: 0.00 T-out: N
c rst  geom stb  vmt  858   380 K 2100    15715   858 4.14    4.03     7180  4259   42K   126 21.35   21.31  
c rst  geom stb  vmt  859   382 K 2100    15715   858 4.14    4.03     7180  4270   44K   126 21.75   21.71  
c [distill-bin] useful: 1/858/858 lits-rem: 0 cl-rem: 1 0-depth-assigns: 0 T: 0.00 T-out: N
c rst  geom ibes vmt  860   384 K 2100    15715   857 4.14    4.03     7181  4270   46K   126 22.25   22.21  
c rst  geom ibes vmt  861   386 K 2100    15715   857 4.14    4.03     7181  4272   48K   126 22.64   22.60  
c [distill] watch-based irred--  cl tried 6454     cl-sh 0     cl-rem 0    lit-rem 0      T: 0.01 T-out: N
c [distill] watch-based red  --  cl tried 11488    cl-sh 40    cl-rem 3    lit-rem 63     T: 0.02 T-out: Y
c rst  geom ibes vmt  862   389 K 2100    15715   857 4.14    4.03     7178  4278   51K   126 22.96   22.92  
c [full-probe]  bin_only: 1 set: 0 repl: 0 T: 0.00 T-out: N T-r: 99.69%
c rst  geom ibes vmt  863   391 K 2100    15715   857 4.14    4.03     7205  4167   39K   126 25.69   25.63  
c rst  geom svd  vmt  864   394 K 2100    15715   857 4.14    4.03     7205  4191   42K   126 26.07   26.01  
c [branch] adjusting to: vsid (from: vmtf) var_decay:0.95 descr: VSIDS
c [distill-long-red0] cls tried: 176/176 T: 0.02 T-out: N T-r: 99.57%
c [distill-long-red1] cls tried: 27/4013 T: 0.01 T-out: Y T-r: -3.44%
c rst  geom svd  vs   865   394 K 2100    15715   857 4.14    4.03     7205  4193   43K   126 26.04   25.99  
c rst  geom svd  vs   866   395 K 2100    15715   857 4.14    4.03     7205  4193   43K   126 26.02   25.97  
c rst  geom svd  vs   867   395 K 2100    15715   857 4.14    4.03     7205  4194   43K   126 26.00   25.94  
c rst  geom svd  vs   868   395 K 2100    15715   857 4.14    4.03     7205  4194   43K   126 25.97   25.91  
c rst  geom svd  vs   869   395 K 2100    15715   857 4.14    4.03     7205  4199   43K   126 25.95   25.89  
c rst  geom svd  vs   870   395 K 2100    15715   857 4.14    4.03     7205  4200   43K   126 25.92   25.86  
c rst  geom svd  vs   871   395 K 2100    15715   857 4.14    4.03     7205  4200   43K   126 25.88   25.83  
c rst  geom svd  vs   872   396 K 2100    15715   857 4.14    4.03     7205  4200   44K   126 25.85   25.79  
c rst  geom svd  vs   873   396 K 2100    15715   857 4.14    4.03     7205  4201   44K   126 25.82   25.76  
c rst  geom svd  vs   874   396 K 2100    15715   857 4.14    4.03     7205  4201   44K   126 25.76   25.71  
c rst  geom svd  vs   875   396 K 2100    15715   857 4.14    4.03     7205  4201   44K   126 25.71   25.66  
c rst  geom svd  vs   876   397 K 2100    15715   857 4.14    4.03     7205  4202   45K   126 25.65   25.60  
c rst  geom svd  vs   877   397 K 2100    15715   857 4.14    4.03     7205  4202   45K   126 25.58   25.52  
c rst  geom svd  vs   878   397 K 2100    15715   857 4.14    4.03     7205  4202   45K   126 25.54   25.49  
c recursive minimization cost OK: 624Kcost/(% lits removed)
c [gauss] XOR-encoding clauses are not detached, so no need to reattach them.
c [g 0] truth-find prop checks  : 553K
c [g 0] -> of which prop        : 47.36 %
c [g 0] -> of which confl       :  1.74 %
c [g 0] elim called             : 59K
c [g 0] ---> which lead to prop : 67.26 %
c [g 0] ---> which lead to confl:  1.91 %
c [g 0] size: 54    x 464  
c --> Executing strategy token: scc-vrepl
c [scc] new: 0 BP 0M T: 0.00
c --> Executing strategy token: sub-impl
c [impl-sub] bin: 1 T: 0.00 T-out: N w-visit: 4878
c --> Executing strategy token: breakid
c --> Executing OCC strategy token(s): 'occ-backw-sub-str,occ-clean-implicit,occ-bve,occ-bva,occ-ternary-res,occ-xor,'
c [occ] mem usage for occur 1      MB
c [occ] Linked in IRRED BIN by default: 857
c [occ] Linked in RED   BIN by default: 125
c [occ] mem usage for occur 0      MB
c Mem for watch alloc      : 12          MB (33.23     %)
c Mem for watch array      : 0           MB (0.31      %)
c --> Executing OCC strategy token: occ-backw-sub-str
c [occ-backw-sub-str-long-w-bins] subs: 0 str: 17 tried: 7165 0-depth ass: 0 T: 0.00 T-out: N T-r: 99.56%
c [occ-backw-sub-long-w-long] rem cl: 195 tried: 73060/73060 (100.0%) T: 0.01 T-out: N T-r: 90.83%
c [occ-backw-sub-str-long-w-long] sub: 3 str: 98 tried: 219180/73060 (300.0)  T: 0.08 T-out: N T-r: 81.95%
c --> Executing OCC strategy token: occ-clean-implicit
c --> Executing OCC strategy token: occ-bve
c [occ-empty-res] Empty resolvent elimed: 0 T: 0.00 T-out: N
c [occ-bve] iter v-elim 0
c cl_inc_rate=1.0, var_dec_rate=1.0 (grow=0)
c Reduced to 2100 vars, 16572 cls (grow=0)
c [occ-bve] iter v-elim 0
c cl_inc_rate=1.0, var_dec_rate=1.0 (grow=8)
c Reduced to 2100 vars, 16572 cls (grow=8)
c [occ-bve] iter v-elim 765
c cl_inc_rate=1.7, var_dec_rate=1.6 (grow=16)
c Reduced to 1335 vars, 28657 cls (grow=16)
c x n vars       : 1335
c #try to eliminate:  7529
c #var-elim        :   765
c #T-o: N
c #T-r: 99.88%
c #T  : 0.25
c [occur] 0.02 is overhead
c [occur] link-in T: 0.02 cleanup T: 0.00
c --> Executing OCC strategy token: occ-bva
c --> Executing OCC strategy token: occ-ternary-res
c [occ-ternary-res] Ternary res-tri: 0 res-bin: 0 sub: 0 str: 0 T: 0.00 T-out: N T-r: 99.74%
c --> Executing OCC strategy token: occ-xor
c [occ-xor] sort occur list T: 0.00
c [xor-clean-equiv] removed equivalent xors: 0 left with: 778
c [occ-xor] found    778 avg sz 5.9 min sz  4 max sz  6 T: 0.00 T-out: N T-r: 99.97%
c --> Executing strategy token: card-find
c --> Executing strategy token: cl-consolidate
c [mem] consolidate  old-sz: 10730K new-sz: 4897K new bits offs: 20 T: 0.00
c --> Executing strategy token: scc-vrepl
c [scc] new: 0 BP 0M T: 0.00
c --> Executing strategy token: renumber
c [gauss] XOR-encoding clauses are not detached, so no need to reattach them.
c [renumber] T: 0.00
c --> Executing strategy token: bosphorus
c --> Executing strategy token: louvain-comms
c [consolidate] mini T: 0.00
c global_timeout_multiplier: 4.3923
c [branch] rebuilding order heap for all branchings. Current branching: vsid
c [find&init matx] performing matrix init
c [gauss] XOR-encoding clauses are not detached, so no need to reattach them.
c [xor-rem-unconnected] left with 778 xors from 778 non-empty xors T: 0.00
c [xor-together] xored together: 714 orig xors: 778 new xors: 64 T: 0.00
c [xor-rem-unconnected] left with 64 xors from 64 non-empty xors T: 0.00
c [xor-clean-equiv] removed equivalent xors: 0 left with: 64
c [matrix] unused xors from cleaning: 0
c [matrix] Good   matrix  0     64 x  489  density:0.1007  xorlen avg: 49.25
c [matrix] Using 1 matrices recovered from 0 xors T: 0.00 T-out: N
c rst  geom  svd   vs   879  397K    1335   27K   782    5.80    5.69  2863  2495   25K   106   20.96   20.90
c rst  geom  svd   vs   880  398K    1335   27K   782    5.80    5.69  2863  2495   26K   106   20.93   20.86
c rst  geom  svd   vs   881  398K    1335   27K   782    5.80    5.69  2863  2495   26K   106   20.86   20.80
c rst  geom  svd   vs   882  399K    1335   27K   782    5.80    5.69  2863  2495   27K   106   20.76   20.70
c rst  geom  svd   vs   883  399K    1335   27K   782    5.80    5.69  2863  2496   27K   106   20.83   20.77
c rst  geom  svd   vs   884  400K    1335   27K   782    5.80    5.69  2869  2243   28K   106   20.79   20.73
c rst  geom  svd   vs   885  401K    1335   27K   782    5.80    5.69  2869  2245   29K   106   20.71   20.66
c rst  geom best   vs   886  401K    1335   27K   782    5.80    5.69  2869  2247   29K   106   20.62   20.57
c [ccnr] saving best assignment phase to stable_polar
c [ccnr] bumping based on var unsat frequency: conflict_ct
c [ccnr] Bumped vars: 1335 bump type: 6
c [ccnr] time: 0.19
c rst  geom best   vs   887  402K    1335   27K   782    5.80    5.69  2869  2255   30K   106   20.47   20.41
c [distill-bin] useful: 0/782/782 lits-rem: 0 cl-rem: 0 0-depth-assigns: 0 T: 0.00 T-out: N
c rst  geom best   vs   888  403K    1335   27K   782    5.80    5.69  2869  2259   31K   106   20.31   20.25
c rst  geom best   vs   889  404K    1335   27K   782    5.80    5.69  2869  2263   32K   106   20.16   20.11
c [impl-str] lit bin: 0 set-var: 0 T: 0.00 T-out: N T-r: 99.97% w-visit: 2670
c [impl-sub] bin: 0 T: 0.00 T-out: N w-visit: 2670
c rst  geom best   vs   890  405K    1335   27K   782    5.80    5.69  2878  2455   28K   106   20.90   20.84
c rst  geom best   vs   891  406K    1335   27K   782    5.80    5.69  2878  2463   30K   106   20.83   20.78
c rst  geom best   vs   892  407K    1335   27K   782    5.80    5.69  2878  2490   31K   106   20.61   20.56
c rst  geom best   vs   893  409K    1335   27K   782    5.80    5.69  2879  2530   32K   106   20.38   20.33
c [full-probe]  bin_only: 0 set: 0 repl: 0 T: 0.00 T-out: N T-r: 97.93%
c rst  geom best   vs   894  410K    1335   27K   782    5.80    5.69  2988  2218   34K   106   20.14   20.09
c [distill-long-red0] cls tried: 150/150 T: 0.02 T-out: N T-r: 99.35%
c [distill-long-red1] cls tried: 34/2120 T: 0.01 T-out: Y T-r: -6.81%
c rst  geom  stb   vs   895  412K    1335   27K   782    5.80    5.69  2989  2229   36K   106   19.96   19.91
c [distill] watch-based irred--  cl tried     8294 cl-sh     0 cl-rem    0 lit-rem      0 T: 0.01 T-out: N
c [distill] watch-based   red--  cl tried     5978 cl-sh     3 cl-rem    0 lit-rem     11 T: 0.01 T-out: N
c rst  geom  stb   vs   896  414K    1335   27K   782    5.80    5.69  2990  2246   37K   106   19.87   19.82
c rst  geom  stb   vs   897  416K    1335   27K   782    5.80    5.69  2990  2261   40K   106   19.86   19.81
c rst  geom  stb   vs   898  418K    1335   27K   782    5.80    5.69  2990  2272   42K   106   19.63   19.59
c rst  geom  stb   vs   899  421K    1335   27K   782    5.80    5.69  3062  2446   35K   106   18.21   18.17
c rst  geom ibes   vs   900  423K    1335   27K   782    5.80    5.69  3062  2620   37K   106   18.06   18.02
c [distill-bin] useful: 0/782/782 lits-rem: 0 cl-rem: 0 0-depth-assigns: 0 T: 0.00 T-out: N
c rst  geom ibes   vs   901  426K    1335   27K   782    5.80    5.69  3063  2931   40K   106   17.85   17.82
c [distill-long-red0] cls tried: 73/73 T: 0.01 T-out: N T-r: 99.60%
c [distill-long-red1] cls tried: 28/2830 T: 0.01 T-out: Y T-r: -6.93%
c rst  geom ibes   vs   902  430K    1335   27K   782    5.80    5.69  3188  2701   44K   106   17.72   17.69
c [full-probe]  bin_only: 1 set: 0 repl: 0 T: 0.00 T-out: N T-r: 99.73%
c rst  geom ibes   vs   903  433K    1335   27K   782    5.80    5.69  3189  2731   47K   106   17.42   17.39
c rst  geom  svd   vs   904  437K    1335   27K   782    5.80    5.69  3219  4228   38K   106   15.07   15.04
c [branch] adjusting to: vmtf (from: vsid) var_decay:0.95 descr: VMTF
c [distill] watch-based irred--  cl tried     8227 cl-sh     0 cl-rem    0 lit-rem      0 T: 0.02 T-out: Y
c [distill] watch-based   red--  cl tried     5363 cl-sh     9 cl-rem    0 lit-rem     11 T: 0.01 T-out: Y
c rst  luby  svd  vmt   905  437K    1335   27K   782    5.80    5.69  3224  4246   38K   106   15.07   15.04
c rst  luby  svd  vmt   906  438K    1335   27K   782    5.80    5.69  3225  4252   38K   106   15.13   15.10
c rst  luby  svd  vmt   907  438K    1335   27K   782    5.80    5.69  3225  4254   38K   106   15.20   15.17
c rst  luby  svd  vmt   908  438K    1335   27K   782    5.80    5.69  3225  4254   38K   106   15.25   15.22
c rst  luby  svd  vmt   909  438K    1335   27K   782    5.80    5.69  3225  4254   38K   106   15.31   15.28
c rst  luby  svd  vmt   910  438K    1335   27K   782    5.80    5.69  3225  4256   38K   106   15.38   15.35
c rst  luby  svd  vmt   911  439K    1335   27K   782    5.80    5.69  3226  4261   39K   106   15.56   15.52
c rst  luby  svd  vmt   912  439K    1335   27K   782    5.80    5.69  3226  4261   39K   106   15.60   15.57
c rst  luby  svd  vmt   913  439K    1335   27K   782    5.80    5.69  3226  4261   39K   106   15.63   15.60
c rst  luby  svd  vmt   914  439K    1335   27K   782    5.80    5.69  3226  4261   39K   106   15.70   15.67
c rst  luby  svd  vmt   915  439K    1335   27K   782    5.80    5.69  3226  4261   39K   106   15.73   15.70
c rst  luby  svd  vmt   916  439K    1335   27K   782    5.80    5.69  3226  4261   39K   106   15.76   15.73
c rst  luby  svd  vmt   917  439K    1335   27K   782    5.80    5.69  3232  4310   39K   106   15.76   15.72
c rst  luby  svd  vmt   918  440K    1335   27K   782    5.80    5.69  3337  4176   40K   106   15.85   15.82
c rst  luby  svd  vmt   919  441K    1335   27K   782    5.80    5.69  3337  4190   41K   106   15.93   15.90
c rst  luby  svd  vmt   920  441K    1335   27K   782    5.80    5.69  3337  4190   41K   106   15.95   15.92
c rst  luby  svd  vmt   921  441K    1335   27K   782    5.80    5.69  3337  4190   41K   106   15.95   15.92
c rst  luby  svd  vmt   922  441K    1335   27K   782    5.80    5.69  3338  4242   41K   106   15.97   15.94
c rst  luby  svd  vmt   923  441K    1335   27K   782    5.80    5.69  3338  4242   41K   106   15.98   15.95
c rst  luby  svd  vmt   924  441K    1335   27K   782    5.80    5.69  3338  4243   41K   106   15.98   15.95
c rst  luby  svd  vmt   925  441K    1335   27K   782    5.80    5.69  3338  4246   41K   106   15.99   15.96
c rst  luby  svd  vmt   926  442K    1335   27K   782    5.80    5.69  3338  4255   42K   106   16.03   16.00
c [distill-long-red0] cls tried: 278/278 T: 0.05 T-out: N T-r: 97.83%
c [distill-long-red1] cls tried: 21/4135 T: 0.01 T-out: Y T-r: -5.88%
c rst  luby  svd  vmt   927  442K    1335   27K   782    5.80    5.69  3338  4255   42K   106   16.02   15.99
c rst  luby  svd  vmt   928  442K    1335   27K   782    5.80    5.69  3338  4256   42K   106   16.04   16.01
c rst  luby  svd  vmt   929  442K    1335   27K   782    5.80    5.69  3338  4264   42K   106   16.05   16.02
c rst  luby  svd  vmt   930  442K    1335   27K   782    5.80    5.69  3338  4264   42K   106   16.05   16.02
c rst  luby  svd  vmt   931  442K    1335   27K   782    5.80    5.69  3338  4264   42K   106   16.06   16.03
c rst  luby  svd  vmt   932  443K    1335   27K   782    5.80    5.69  3338  4265   43K   106   16.12   16.09
c rst  luby  svd  vmt   933  443K    1335   27K   782    5.80    5.69  3338  4265   43K   106   16.13   16.10
c rst  geom best  vmt   934  443K    1335   27K   782    5.80    5.69  3338  4266   43K   106   16.12   16.09
c rst  geom best  vmt   935  443K    1335   27K   782    5.80    5.69  3338  4270   43K   106   16.11   16.08
c rst  geom best  vmt   936  443K    1335   27K   782    5.80    5.69  3338  4270   43K   106   16.10   16.07
c [gauss] XOR-encoding clauses are not detached, so no need to reattach them.
c [g 0] truth-find prop checks  : 2686K
c [g 0] -> of which prop        : 28.62 %
c [g 0] -> of which confl       :  1.15 %
c [g 0] elim called             : 302K
c [g 0] ---> which lead to prop : 30.72 %
c [g 0] ---> which lead to confl:  0.69 %
c [g 0] size: 64    x 489  
c [scc] new: 0 BP 0M T: 0.00
c [vrep] vars 0 lits 0 rem-bin-cls 0 rem-long-cls 0 BP 0M T: 0.00
c [intree] Set 0 vars hyper-added: 0 trans-irred: 0 trans-red: 0 T: 0.00 T-out: N T-r: -1.29%
c [find&init matx] performing matrix init
c [gauss] XOR-encoding clauses are not detached, so no need to reattach them.
c [xor-rem-unconnected] left with 778 xors from 778 non-empty xors T: 0.00
c [xor-together] xored together: 714 orig xors: 778 new xors: 64 T: 0.00
c [xor-rem-unconnected] left with 64 xors from 64 non-empty xors T: 0.00
c [xor-clean-equiv] removed equivalent xors: 0 left with: 64
c [matrix] unused xors from cleaning: 0
c [matrix] Good   matrix 0 64      x489    density:0.1007  xorlen avg: 49.25
c [matrix] Using 1 matrices recovered from 0 xors T: 0.00 T-out: N
c rst  geom best vmt  937   443 K 1335      27K   782 5.80    5.69     3338  4270   44K   106 16.09   16.06  
c [distill-bin] useful: 0/782/782 lits-rem: 0 cl-rem: 0 0-depth-assigns: 0 T: 0.00 T-out: N
c rst  geom best vmt  938   444 K 1335      27K   782 5.80    5.69     3338  4270   44K   106 16.08   16.05  
c rst  geom best vmt  939   444 K 1335      27K   782 5.80    5.69     3338  4292   44K   106 16.07   16.04  
c rst  geom best vmt  940   444 K 1335      27K   782 5.80    5.69     3338  4292   44K   106 16.08   16.05  
c rst  geom best vmt  941   444 K 1335      27K   782 5.80    5.69     3338  4293   44K   106 16.07   16.04  
c rst  geom best vmt  942   444 K 1335      27K   782 5.80    5.69     3338  4293   45K   106 16.06   16.03  
c rst  geom best vmt  943   445 K 1335      27K   782 5.80    5.69     3338  4297   45K   106 16.06   16.03  
c rst  geom best vmt  944   445 K 1335      27K   782 5.80    5.69     3338  4298   45K   106 16.05   16.03  
c rst  geom best vmt  945   445 K 1335      27K   782 5.80    5.69     3338  4301   45K   106 16.05   16.03  
c [ccnr] saving best assignment phase to stable_polar
c [ccnr] bumping based on clause weights
c [ccnr] Bumped vars: 101 bump type: 6
c [ccnr] time: 0.28
c rst  geom best vmt  946   446 K 1335      27K   782 5.80    5.69     3338  4307   46K   106 16.09   16.06  
c rst  geom best vmt  947   446 K 1335      27K   782 5.80    5.69     3338  4311   46K   106 16.10   16.07  
c rst  geom best vmt  948   446 K 1335      27K   782 5.80    5.69     3338  4314   47K   106 16.08   16.05  
c rst  geom best vmt  949   447 K 1335      27K   782 5.80    5.69     3338  4317   47K   106 16.10   16.07  
c rst  geom best vmt  950   447 K 1335      27K   782 5.80    5.69     3338  4322   47K   106 16.13   16.10  
c rst  geom best vmt  951   448 K 1335      27K   782 5.80    5.69     3338  4327   48K   106 16.12   16.09  
c rst  geom best vmt  952   449 K 1335      27K   782 5.80    5.69     3338  4335   49K   106 16.11   16.08  
c rst  geom best vmt  953   449 K 1335      27K   782 5.80    5.69     3338  4393   49K   106 16.08   16.05  
c rst  geom best vmt  954   450 K 1335      27K   782 5.80    5.69     3555  4734   36K   106 16.03   16.00  
c [full-probe]  bin_only: 0 set: 0 repl: 0 T: 0.00 T-out: N T-r: 98.67%
c rst  geom best vmt  955   451 K 1335      27K   782 5.80    5.69     3556  4735   37K   106 16.00   15.97  
c rst  geom best vmt  956   452 K 1335      27K   782 5.80    5.69     3557  4771   38K   106 15.97   15.94  
c rst  geom best vmt  957   453 K 1335      27K   782 5.80    5.69     3557  4800   39K   106 15.99   15.96  
c rst  geom stb  vmt  958   454 K 1335      27K   782 5.80    5.69     3558  4800   40K   106 15.94   15.91  
c rst  geom stb  vmt  959   455 K 1335      27K   782 5.80    5.69     3558  4805   41K   106 15.96   15.93  
c rst  geom stb  vmt  960   456 K 1335      27K   782 5.80    5.69     3559  4808   42K   106 15.87   15.84  
c rst  geom stb  vmt  961   457 K 1335      27K   782 5.80    5.69     3559  4808   44K   106 15.78   15.75  
c [distill-long-red0] cls tried: 218/218 T: 0.04 T-out: N T-r: 98.18%
c [distill-long-red1] cls tried: 20/4667 T: 0.01 T-out: Y T-r: -9.04%
c rst  geom stb  vmt  962   459 K 1335      27K   782 5.80    5.69     3559  4815   45K   106 15.74   15.72  
c rst  geom stb  vmt  963   461 K 1335      27K   782 5.80    5.69     3633  4708   47K   106 15.67   15.65  
c rst  geom stb  vmt  964   463 K 1335      27K   782 5.80    5.69     3634  4715   49K   106 15.64   15.61  
c [distill] watch-based irred--  cl tried 7426     cl-sh 0     cl-rem 0    lit-rem 0      T: 0.01 T-out: Y
c [distill] watch-based red  --  cl tried 5248     cl-sh 4     cl-rem 0    lit-rem 8      T: 0.02 T-out: Y
c rst  geom ibes vmt  965   465 K 1335      27K   782 5.80    5.69     3655  5166   37K   106 15.17   15.14  
c [distill-bin] useful: 0/782/782 lits-rem: 0 cl-rem: 0 0-depth-assigns: 0 T: 0.00 T-out: N
c [impl-str] lit bin: 0 set-var: 0 T: 0.00 T-out: N T-r: 99.96% w-visit: 2670
c [impl-sub] bin: 0 T: 0.00 T-out: N w-visit: 2670
c rst  geom ibes vmt  966   467 K 1335      27K   782 5.80    5.69     3655  5218   39K   106 15.13   15.10  
c rst  geom ibes vmt  967   469 K 1335      27K   782 5.80    5.69     3658  5345   41K   106 15.09   15.06  
c rst  geom ibes vmt  968   472 K 1335      27K   782 5.80    5.69     3752  5221   44K   106 15.11   15.08  
c [full-probe]  bin_only: 1 set: 0 repl: 0 T: 0.01 T-out: N T-r: 99.76%
c rst  geom ibes vmt  969   475 K 1335      27K   782 5.80    5.69     3754  5321   47K   106 14.91   14.88  
c [distill-long-red0] cls tried: 198/198 T: 0.04 T-out: N T-r: 98.21%
c [distill-long-red1] cls tried: 18/5163 T: 0.01 T-out: Y T-r: -7.73%
c rst  geom svd  vmt  970   478 K 1335      27K   782 5.80    5.69     3755  5358   50K   106 14.85   14.82  
c rst  geom svd  vmt  971   482 K 1335      27K   782 5.80    5.69     3981  6411   39K   106 13.79   13.77  
c rst  geom svd  vmt  972   486 K 1335      27K   782 5.80    5.69     3983  6518   43K   106 13.90   13.87  
c [distill-bin] useful: 0/782/782 lits-rem: 0 cl-rem: 0 0-depth-assigns: 0 T: 0.00 T-out: N
c rst  geom best vmt  973   490 K 1335      27K   782 5.80    5.69     4169  6280   47K   106 13.86   13.84  
c [branch] adjusting to: vsid (from: vmtf) var_decay:0.95 descr: VSIDS
c [distill-long-red0] cls tried: 415/415 T: 0.09 T-out: N T-r: 96.02%
c [distill-long-red1] cls tried: 21/6144 T: 0.01 T-out: Y T-r: -8.82%
c [distill] watch-based irred--  cl tried 7242     cl-sh 0     cl-rem 0    lit-rem 0      T: 0.02 T-out: Y
c [distill] watch-based red  --  cl tried 5197     cl-sh 8     cl-rem 0    lit-rem 26     T: 0.02 T-out: Y
c [ccnr] saving best assignment phase to stable_polar
c [ccnr] bumping based on var unsat frequency: conflict_ct
c [ccnr] Bumped vars: 1335 bump type: 6
c [ccnr] time: 0.26
c rst  geom best vs   974   490 K 1335      27K   782 5.80    5.69     4169  6280   47K   106 13.84   13.81  
c rst  geom best vs   975   491 K 1335      27K   782 5.80    5.69     4170  6280   47K   106 13.84   13.82  
c rst  geom best vs   976   491 K 1335      27K   782 5.80    5.69     4170  6281   48K   106 13.85   13.82  
c rst  geom best vs   977   491 K 1335      27K   782 5.80    5.69     4170  6284   48K   106 13.84   13.82  
c rst  geom best vs   978   491 K 1335      27K   782 5.80    5.69     4170  6285   48K   106 13.84   13.82  
c rst  geom best vs   979   491 K 1335      27K   782 5.80    5.69     4170  6287   48K   106 13.84   13.82  
c rst  geom best vs   980   491 K 1335      27K   782 5.80    5.69     4170  6290   48K   106 13.85   13.83  
c rst  geom best vs   981   492 K 1335      27K   782 5.80    5.69     4170  6297   48K   106 13.90   13.88  
c rst  geom best vs   982   492 K 1335      27K   782 5.80    5.69     4170  6297   49K   106 13.93   13.91  
c rst  geom best vs   983   492 K 1335      27K   782 5.80    5.69     4170  6311   49K   106 13.91   13.89  
c [full-probe]  bin_only: 0 set: 0 repl: 0 T: 0.00 T-out: N T-r: 98.39%
c rst  geom best vs   984   492 K 1335      27K   782 5.80    5.69     4170  6311   49K   106 13.92   13.89  
c rst  geom best vs   985   493 K 1335      27K   782 5.80    5.69     4170  6324   50K   106 13.90   13.88  
c rst  geom best vs   986   493 K 1335      27K   782 5.80    5.69     4170  6363   50K   106 13.88   13.86  
c rst  geom best vs   987   493 K 1335      27K   782 5.80    5.69     4170  6369   50K   106 13.88   13.86  
c rst  geom best vs   988   494 K 1335      27K   782 5.80    5.69     4170  6373   51K   106 13.87   13.85  
c rst  geom best vs   989   494 K 1335      27K   782 5.80    5.69     4170  6389   51K   106 13.87   13.85  
c rst  geom best vs   990   495 K 1335      27K   782 5.80    5.69     4211  7775   36K   106 13.26   13.23  
c rst  geom best vs   991   495 K 1335      27K   782 5.80    5.69     4211  7779   37K   106 13.28   13.25  
c rst  geom best vs   992   496 K 1335      27K   782 5.80    5.69     4211  7784   38K   106 13.29   13.27  
c rst  geom stb  vs   993   497 K 1335      27K   782 5.80    5.69     4211  7789   38K   106 13.36   13.33  
c rst  geom stb  vs   994   497 K 1335      27K   782 5.80    5.69     4211  7791   39K   106 13.38   13.35  
c rst  geom stb  vs   995   498 K 1335      27K   782 5.80    5.69     4211  7794   40K   106 13.40   13.37  
c rst  geom stb  vs   996   499 K 1335      27K   782 5.80    5.69     4211  7795   41K   106 13.39   13.37  
c rst  geom stb  vs   997   500 K 1335      27K   782 5.80    5.69     4297  5966   43K   106 13.44   13.41  
c rst  geom stb  vs   998   501 K 1335      27K   782 5.80    5.69     4297  5983   44K   106 13.49   13.47  
c rst  geom stb  vs   999   502 K 1335      27K   782 5.80    5.69     4297  5994   45K   106 13.58   13.56  
c rst  geom stb  vs   1000  503 K 1335      27K   782 5.80    5.69     4297  6002   47K   106 13.74   13.72  
c rst  geom stb  vs   1001  505 K 1335      27K   782 5.80    5.69     4297  6080   48K   106 13.77   13.75  
c rst  geom stb  vs   1002  506 K 1335      27K   782 5.80    5.69     4297  6103   50K   106 13.90   13.88  
c [distill-long-red0] cls tried: 136/136 T: 0.04 T-out: N T-r: 98.44%
c [distill-long-red1] cls tried: 20/5983 T: 0.01 T-out: Y T-r: -5.83%
c [distill-bin] useful: 0/782/782 lits-rem: 0 cl-rem: 0 0-depth-assigns: 0 T: 0.00 T-out: N
c rst  geom ibes vs   1003  508 K 1335      27K   782 5.80    5.69     4298  6138   51K   106 13.90   13.88  
c rst  geom ibes vs   1004  510 K 1335      27K   782 5.80    5.69     4467  6528   39K   106 13.72   13.70  
c [gauss] XOR-encoding clauses are not detached, so no need to reattach them.
c [g 0] truth-find prop checks  : 4118K
c [g 0] -> of which prop        : 28.09 %
c [g 0] -> of which confl       :  1.12 %
c [g 0] elim called             : 471K
c [g 0] ---> which lead to prop : 28.48 %
c [g 0] ---> which lead to confl:  0.72 %
c [g 0] size: 64    x 489  
c [scc] new: 0 BP 0M T: 0.00
c [vrep] vars 0 lits 0 rem-bin-cls 0 rem-long-cls 0 BP 0M T: 0.00
c [intree] Set 0 vars hyper-added: 0 trans-irred: 0 trans-red: 0 T: 0.00 T-out: N T-r: -3.20%
c [find&init matx] performing matrix init
c [gauss] XOR-encoding clauses are not detached, so no need to reattach them.
c [xor-rem-unconnected] left with 778 xors from 778 non-empty xors T: 0.00
c [xor-together] xored together: 714 orig xors: 778 new xors: 64 T: 0.00
c [xor-rem-unconnected] left with 64 xors from 64 non-empty xors T: 0.00
c [xor-clean-equiv] removed equivalent xors: 0 left with: 64
c [matrix] unused xors from cleaning: 0
c [matrix] Good   matrix 0 64      x489    density:0.1007  xorlen avg: 49.25
c [matrix] Using 1 matrices recovered from 0 xors T: 0.00 T-out: N
c rst  geom ibes vs   1005  512 K 1335      27K   782 5.80    5.69     4477  6992   41K   107 13.60   13.57  
c rst  geom ibes vs   1006  514 K 1335      27K   782 5.80    5.69     4492  7555   43K   108 13.49   13.47  
c [full-probe]  bin_only: 1 set: 0 repl: 0 T: 0.00 T-out: N T-r: 99.80%
c rst  geom ibes vs   1007  517 K 1335      27K   782 5.80    5.69     4492  7762   45K   108 13.37   13.35  
c [distill] watch-based irred--  cl tried 7541     cl-sh 42    cl-rem 28   lit-rem 42     T: 0.01 T-out: Y
c [distill] watch-based red  --  cl tried 5111     cl-sh 188   cl-rem 343  lit-rem 198    T: 0.02 T-out: Y
c rst  geom svd  vs   1008  519 K 1335      27K   784 5.80    5.69     4149  7971   48K   106 13.45   13.43  
c rst  geom svd  vs   1009  522 K 1335      27K   784 5.80    5.69     4490  7315   51K   106 13.42   13.40  
c [distill-long-red0] cls tried: 683/683 T: 0.13 T-out: N T-r: 94.21%
c [distill-long-red1] cls tried: 23/7195 T: 0.01 T-out: Y T-r: -8.75%
c rst  geom svd  vs   1010  526 K 1335      27K   784 5.80    5.69     4411  9523   36K   216 13.01   12.97  
c [impl-str] lit bin: 0 set-var: 0 T: 0.00 T-out: N T-r: 99.96% w-visit: 2670
c [impl-sub] bin: 110 T: 0.00 T-out: N w-visit: 2670
c rst  geom svd  vs   1011  529 K 1335      27K   784 5.80    5.69     4411  9539   40K   106 13.21   13.18  
c [distill-bin] useful: 0/784/784 lits-rem: 0 cl-rem: 0 0-depth-assigns: 0 T: 0.00 T-out: N
c rst  geom best vs   1012  533 K 1334      27K   784 5.80    5.69     4534 10594   43K   112 12.97   12.95  
c rst  geom best vs   1013  538 K 1334      27K   784 5.80    5.69     4535 10882   47K   112 12.85   12.83  
c [distill-long-red0] cls tried: 95/95 T: 0.02 T-out: N T-r: 99.20%
c [distill-long-red1] cls tried: 27/5017 T: 0.01 T-out: Y T-r: -10.81%
c [full-probe]  bin_only: 0 set: 0 repl: 0 T: 0.00 T-out: N T-r: 98.63%
c [ccnr] saving best assignment phase to stable_polar
c [ccnr] bumping based on var unsat frequency: conflict_ct
c [ccnr] Bumped vars: 1335 bump type: 6
c [ccnr] time: 0.25
c rst  geom best vs   1014  543 K 1333      27K   784 5.80    5.69     5054 12974   35K   117 12.36   12.34  
c [branch] adjusting to: vmtf (from: vsid) var_decay:0.95 descr: VMTF
c [distill] watch-based irred--  cl tried 7078     cl-sh 0     cl-rem 0    lit-rem 0      T: 0.01 T-out: N
c [distill] watch-based red  --  cl tried 6479     cl-sh 7     cl-rem 3    lit-rem 16     T: 0.01 T-out: N
c rst  luby stb  vmt  1015  543 K 1333      27K   786 5.80    5.69     3248  2353 19118   110 12.86   12.81  
c rst  luby stb  vmt  1016  543 K 1333      27K   786 5.80    5.69     3248  2353 19220   110 12.95   12.90  
c rst  luby stb  vmt  1017  543 K 1333      27K   786 5.80    5.69     3248  2353 19421   110 13.03   12.98  
c rst  luby stb  vmt  1018  543 K 1333      27K   786 5.80    5.69     3248  2354 19522   110 13.12   13.07  
c rst  luby stb  vmt  1019  543 K 1333      27K   786 5.80    5.69     3248  2355 19623   110 13.20   13.15  
c rst  luby stb  vmt  1020  543 K 1333      27K   786 5.80    5.69     3248  2357 19822   110 13.35   13.30  
c rst  luby stb  vmt  1021  544 K 1333      27K   786 5.80    5.69     3248  2362   20K   110 13.70   13.65  
c rst  luby stb  vmt  1022  544 K 1333      27K   786 5.80    5.69     3248  2362   20K   110 13.77   13.72  
c rst  luby stb  vmt  1023  544 K 1333      27K   786 5.80    5.69     3248  2363   20K   110 13.87   13.82  
c rst  luby stb  vmt  1024  544 K 1333      27K   786 5.80    5.69     3249  2366   20K   110 14.02   13.97  
c rst  luby stb  vmt  1025  544 K 1333      27K   786 5.80    5.69     3249  2367   20K   110 14.09   14.04  
c rst  luby stb  vmt  1026  544 K 1333      27K   786 5.80    5.69     3249  2368   20K   110 14.17   14.12  
c rst  luby stb  vmt  1027  545 K 1333      27K   786 5.80    5.69     3249  2373   21K   110 14.34   14.29  
c rst  luby stb  vmt  1028  545 K 1333      27K   786 5.80    5.69     3249  2377   21K   110 14.76   14.71  
c rst  luby stb  vmt  1029  546 K 1333      27K   786 5.80    5.69     3249  2385   22K   110 15.37   15.32  
c rst  luby stb  vmt  1030  546 K 1333      27K   786 5.80    5.69     3256  2418   22K   110 15.37   15.32  
c rst  luby stb  vmt  1031  546 K 1333      27K   786 5.80    5.69     3256  2420   22K   110 15.41   15.35  
c rst  luby stb  vmt  1032  546 K 1333      27K   786 5.80    5.69     3256  2438   22K   110 15.45   15.39  
c rst  luby stb  vmt  1033  546 K 1333      27K   786 5.80    5.69     3256  2438   22K   110 15.44   15.38  
c rst  luby stb  vmt  1034  546 K 1333      27K   786 5.80    5.69     3256  2439   22K   110 15.43   15.38  
c rst  luby stb  vmt  1035  547 K 1333      27K   786 5.80    5.69     3256  2444   22K   110 15.46   15.41  
c rst  luby stb  vmt  1036  547 K 1333      27K   786 5.80    5.69     3256  2445   23K   110 15.42   15.36  
c rst  luby stb  vmt  1037  547 K 1333      27K   786 5.80    5.69     3256  2445   23K   110 15.41   15.36  
c rst  luby stb  vmt  1038  547 K 1333      27K   786 5.80    5.69     3256  2448   23K   110 15.40   15.35  
c rst  luby stb  vmt  1039  547 K 1333      27K   786 5.80    5.69     3256  2452   23K   110 15.40   15.35  
c rst  luby stb  vmt  1040  547 K 1333      27K   786 5.80    5.69     3257  2455   23K   110 15.40   15.35  
c rst  luby stb  vmt  1041  548 K 1333      27K   786 5.80    5.69     3257  2457   23K   110 15.43   15.38  
c rst  luby stb  vmt  1042  548 K 1333      27K   786 5.80    5.69     3257  2459   24K   110 15.42   15.37  
c rst  luby stb  vmt  1043  548 K 1333      27K   786 5.80    5.69     3258  2477   24K   110 15.36   15.31  
c rst  luby stb  vmt  1044  549 K 1333      27K   786 5.80    5.69     3258  2498   25K   110 15.27   15.23  
c rst  luby stb  vmt  1045  551 K 1333      27K   786 5.80    5.69     3468  2269   26K   110 15.19   15.15  
c [distill-bin] useful: 2/786/786 lits-rem: 0 cl-rem: 2 0-depth-assigns: 0 T: 0.00 T-out: N
c rst  luby stb  vmt  1046  551 K 1333      27K   784 5.80    5.70     3468  2273   27K   110 15.18   15.13  
c rst  luby stb  vmt  1047  551 K 1333      27K   784 5.80    5.70     3468  2273   27K   110 15.16   15.12  
c rst  luby stb  vmt  1048  551 K 1333      27K   784 5.80    5.70     3468  2296   27K   110 15.12   15.08  
c rst  luby stb  vmt  1049  551 K 1333      27K   784 5.80    5.70     3469  2297   27K   110 15.11   15.07  
c rst  luby stb  vmt  1050  551 K 1333      27K   784 5.80    5.70     3469  2299   27K   110 15.13   15.09  
c rst  luby stb  vmt  1051  551 K 1333      27K   784 5.80    5.70     3469  2304   27K   110 15.12   15.08  
c rst  luby stb  vmt  1052  552 K 1333      27K   784 5.80    5.70     3469  2325   28K   110 15.11   15.07  
c rst  luby stb  vmt  1053  552 K 1333      27K   784 5.80    5.70     3469  2330   28K   110 15.11   15.07  
c rst  luby stb  vmt  1054  552 K 1333      27K   784 5.80    5.70     3469  2333   28K   110 15.12   15.08  
c rst  luby stb  vmt  1055  552 K 1333      27K   784 5.80    5.70     3469  2334   28K   110 15.09   15.05  
c rst  luby stb  vmt  1056  552 K 1333      27K   784 5.80    5.70     3469  2337   28K   110 15.09   15.05  
c rst  luby stb  vmt  1057  552 K 1333      27K   784 5.80    5.70     3469  2337   28K   110 15.08   15.04  
c rst  luby stb  vmt  1058  553 K 1333      27K   784 5.80    5.70     3469  2346   28K   110 15.13   15.09  
c rst  luby stb  vmt  1059  553 K 1333      27K   784 5.80    5.70     3469  2359   29K   110 15.08   15.04  
c [distill-long-red0] cls tried: 350/350 T: 0.04 T-out: N T-r: 98.01%
c [distill-long-red1] cls tried: 28/2260 T: 0.01 T-out: Y T-r: -2.90%
c rst  luby stb  vmt  1060  554 K 1333      27K   784 5.80    5.70     3470  2436   30K   110 14.96   14.92  
c rst  luby ibes vmt  1061  554 K 1333      27K   784 5.80    5.70     3471  2441   30K   110 14.95   14.91  
c rst  luby ibes vmt  1062  554 K 1333      27K   784 5.80    5.70     3471  2450   30K   110 14.95   14.91  
c rst  luby ibes vmt  1063  554 K 1333      27K   784 5.80    5.70     3471  2455   30K   110 14.93   14.89  
c rst  luby ibes vmt  1064  554 K 1333      27K   784 5.80    5.70     3471  2457   30K   110 14.92   14.88  
c rst  luby ibes vmt  1065  554 K 1333      27K   784 5.80    5.70     3471  2462   30K   110 14.91   14.88  
c rst  luby ibes vmt  1066  555 K 1333      27K   784 5.80    5.70     3536  3666   25K   110 14.65   14.60  
c rst  luby ibes vmt  1067  555 K 1333      27K   784 5.80    5.70     3536  3685   26K   110 14.59   14.55  
c rst  luby ibes vmt  1068  555 K 1333      27K   784 5.80    5.70     3536  3689   26K   110 14.59   14.54  
c rst  luby ibes vmt  1069  555 K 1333      27K   784 5.80    5.70     3536  3690   26K   110 14.58   14.54  
c rst  luby ibes vmt  1070  555 K 1333      27K   784 5.80    5.70     3536  3694   26K   110 14.56   14.52  
c rst  luby ibes vmt  1071  555 K 1333      27K   784 5.80    5.70     3536  3699   26K   110 14.57   14.53  
c rst  luby ibes vmt  1072  556 K 1333      27K   784 5.80    5.70     3536  3702   26K   110 14.61   14.57  
c rst  luby ibes vmt  1073  556 K 1333      27K   784 5.80    5.70     3536  3714   27K   110 14.62   14.58  
c rst  luby ibes vmt  1074  556 K 1333      27K   784 5.80    5.70     3536  3735   27K   110 14.60   14.56  
c rst  luby ibes vmt  1075  557 K 1333      27K   784 5.80    5.70     3538  3795   28K   110 14.60   14.56  
c rst  luby ibes vmt  1076  559 K 1333      27K   784 5.80    5.70     3541  4104   29K   110 14.50   14.46  
c [full-probe]  bin_only: 1 set: 0 repl: 0 T: 0.00 T-out: N T-r: 99.82%
c rst  luby ibes vmt  1077  562 K 1333      27K   784 5.80    5.70     3869  4489   32K   113 14.25   14.22  
c rst  luby ibes vmt  1078  562 K 1333      27K   784 5.80    5.70     3869  4504   32K   113 14.25   14.22  
c rst  luby ibes vmt  1079  562 K 1333      27K   784 5.80    5.70     3869  4504   32K   113 14.24   14.20  
c rst  luby ibes vmt  1080  562 K 1333      27K   784 5.80    5.70     3869  4548   32K   113 14.21   14.17  
c rst  luby ibes vmt  1081  562 K 1333      27K   784 5.80    5.70     3870  4578   32K   113 14.19   14.16  
c rst  luby ibes vmt  1082  562 K 1333      27K   784 5.80    5.70     3871  4584   32K   113 14.20   14.17  
c rst  luby ibes vmt  1083  563 K 1333      27K   784 5.80    5.70     3871  4600   32K   113 14.18   14.15  
c rst  luby ibes vmt  1084  563 K 1333      27K   784 5.80    5.70     3871  4638   33K   113 14.15   14.12  
c rst  luby ibes vmt  1085  563 K 1333      27K   784 5.80    5.70     3871  4646   33K   113 14.17   14.13  
c rst  luby ibes vmt  1086  563 K 1333      27K   784 5.80    5.70     3872  4674   33K   113 14.16   14.13  
c rst  luby ibes vmt  1087  563 K 1333      27K   784 5.80    5.70     3874  4693   33K   113 14.18   14.15  
c rst  luby ibes vmt  1088  564 K 1333      27K   784 5.80    5.70     3874  4713   33K   113 14.16   14.13  
c rst  luby ibes vmt  1089  564 K 1333      27K   784 5.80    5.70     3874  4722   33K   113 14.15   14.12  
c rst  luby ibes vmt  1090  564 K 1333      27K   784 5.80    5.70     3875  4817   33K   113 14.12   14.09  
c rst  luby ibes vmt  1091  564 K 1333      27K   784 5.80    5.70     3875  4869   34K   113 14.12   14.09  
c rst  luby ibes vmt  1092  565 K 1333      27K   784 5.80    5.70     3878  5100   34K   113 14.03   14.00  
c rst  luby svd  vmt  1093  565 K 1333      27K   784 5.80    5.70     3878  5102   34K   113 14.03   14.00  
c rst  luby svd  vmt  1094  565 K 1333      27K   784 5.80    5.70     3878  5103   35K   113 14.03   14.00  
c rst  luby svd  vmt  1095  565 K 1333      27K   784 5.80    5.70     3878  5111   35K   113 14.05   14.02  
c rst  luby svd  vmt  1096  566 K 1333      27K   784 5.80    5.70     3878  5117   35K   113 14.07   14.04  
c rst  luby svd  vmt  1097  566 K 1333      27K   784 5.80    5.70     3878  5118   35K   113 14.08   14.05  
c rst  luby svd  vmt  1098  566 K 1333      27K   784 5.80    5.70     3878  5126   35K   113 14.12   14.08  
c rst  luby svd  vmt  1099  566 K 1333      27K   784 5.80    5.70     3879  5136   35K   113 14.11   14.08  
c rst  luby svd  vmt  1100  566 K 1333      27K   784 5.80    5.70     3879  5142   36K   113 14.10   14.07  
c rst  luby svd  vmt  1101  566 K 1333      27K   784 5.80    5.70     3879  5144   36K   113 14.10   14.07  
c rst  luby svd  vmt  1102  567 K 1333      27K   784 5.80    5.70     3879  5148   36K   113 14.08   14.05  
c rst  luby svd  vmt  1103  567 K 1333      27K   784 5.80    5.70     3879  5150   36K   113 14.07   14.04  
c rst  luby svd  vmt  1104  567 K 1333      27K   784 5.80    5.70     3879  5150   36K   113 14.07   14.04  
c rst  luby svd  vmt  1105  567 K 1333      27K   784 5.80    5.70     3879  5175   36K   113 14.05   14.02  
c rst  luby svd  vmt  1106  567 K 1333      27K   784 5.80    5.70     3880  5188   37K   113 14.03   14.00  
c rst  luby svd  vmt  1107  568 K 1333      27K   784 5.80    5.70     3888  5443   37K   114 14.02   13.99  
c [distill-long-red0] cls tried: 415/415 T: 0.05 T-out: N T-r: 97.53%
c [distill-long-red1] cls tried: 35/5340 T: 0.01 T-out: Y T-r: -4.27%
c [distill] watch-based irred--  cl tried 7049     cl-sh 64    cl-rem 29   lit-rem 66     T: 0.01 T-out: N
c [distill] watch-based red  --  cl tried 6172     cl-sh 226   cl-rem 185  lit-rem 237    T: 0.02 T-out: Y
c rst  luby svd  vmt  1108  570 K 1333      27K   786 5.80    5.69     4332  8065   27K   176 13.96   13.91  
c rst  luby svd  vmt  1109  570 K 1333      27K   786 5.80    5.69     4332  8066   27K   176 13.96   13.90  
c rst  luby svd  vmt  1110  570 K 1333      27K   786 5.80    5.69     4332  8091   27K   176 13.94   13.89  
c rst  luby svd  vmt  1111  570 K 1333      27K   786 5.80    5.69     4332  8129   27K   176 13.92   13.87  
c rst  luby svd  vmt  1112  570 K 1333      27K   786 5.80    5.69     4332  8137   27K   176 13.91   13.86  
c rst  luby svd  vmt  1113  570 K 1333      27K   786 5.80    5.69     4332  8139   27K   176 13.91   13.85  
c rst  luby svd  vmt  1114  571 K 1333      27K   786 5.80    5.69     4332  8144   27K   176 13.89   13.84  
c [distill-bin] useful: 0/786/786 lits-rem: 0 cl-rem: 0 0-depth-assigns: 0 T: 0.00 T-out: N
c rst  luby svd  vmt  1115  571 K 1333      27K   786 5.80    5.69     4332  8206   28K   176 13.86   13.81  
c rst  luby svd  vmt  1116  571 K 1333      27K   786 5.80    5.69     4332  8208   28K   176 13.85   13.80  
c rst  luby svd  vmt  1117  571 K 1333      27K   786 5.80    5.69     4332  8210   28K   176 13.84   13.79  
c rst  luby svd  vmt  1118  571 K 1333      27K   786 5.80    5.69     4332  8249   28K   176 13.82   13.77  
c rst  luby svd  vmt  1119  572 K 1333      27K   786 5.80    5.69     4332  8267   28K   176 13.81   13.76  
c rst  luby svd  vmt  1120  572 K 1333      27K   786 5.80    5.69     4332  8285   28K   176 13.80   13.75  
c rst  luby svd  vmt  1121  572 K 1333      27K   786 5.80    5.69     4332  8335   28K   176 13.78   13.73  
c rst  luby svd  vmt  1122  572 K 1333      27K   786 5.80    5.69     4336  8459   29K   177 13.72   13.67  
c rst  luby svd  vmt  1123  573 K 1303      27K   786 5.80    5.69     4373  8785   29K   187 13.63   13.58  
c rst  luby svd  vmt  1124  573 K 1303      27K   786 5.80    5.69     4373  8809   29K   187 13.62   13.57  
c rst  luby svd  vmt  1125  573 K 1303      27K   786 5.80    5.69     4376  8816   29K   187 13.68   13.63  
c rst  luby svd  vmt  1126  573 K 1302      27K   786 5.80    5.69     4406  8939   29K   198 13.65   13.60  
c rst  luby svd  vmt  1127  574 K 1302      27K   786 5.80    5.69     4412  8995   29K   199 13.64   13.58  
c rst  luby svd  vmt  1128  574 K 880     19395   817 5.45    5.31     2853  3290 11095   148 15.16   15.05  
c rst  luby svd  vmt  1129  574 K 661     19395   817 5.45    5.31     2853  3290 11095   148 15.16   15.05  
c ------- FINAL TOTAL SEARCH STATS ---------
c UIP search time          : 62.51       (98.58     % time)
c All times are for this thread only except if explicitly specified
c restarts                 : 1129        (508.57    confls per restart)
c blocked restarts         : 0           (0.00      per normal restart)
c time                     : 62.51       
c decisions                : 613328      (0.00      % random)
c propagations             : 79M         (1268K     props/s)
c decisions/conflicts      : 1.07        
c conflicts                : 574181      
c LEARNT stats
c units learnt             : 8           (0.00      % of conflicts)
c bins learnt              : 132         (0.02      % of conflicts)
c long learnt              : 575816      (100.28    % of conflicts)
c red which0               : 1201        (0.21      % of confl)
c SEAMLESS HYPERBIN&TRANS-RED stats
c advProp called           : 0           
c hyper-bin add bin        : 0           (0.00      bin/call)
c trans-red rem irred bin  : 0           (0.00      bin/call)
c trans-red rem red bin    : 0           (0.00      bin/call)
c CONFL LITS stats
c orig                     : 84871843    (147.81    lit/confl)
c recurs-min effective     : 546037      (95.10     % attempt successful)
c recurs-min lits          : 70527090    (83.10     % less overall)
c permDiff call%           : 2.95        (0.00      % attempt successful)
c permDiff lits-rem        : 0           (0.00      less lits/cl on attempts)
c further-min call%        : 0.03        (25.97     % attempt successful)
c bintri-min lits          : 133         (0.00      % less overall)
c final avg                : 24.98       
c all-threads sum CPU time : 62.51        s
c PROP stats
c Mbogo-props              : 281.96      (4.51      / sec)
c MHyper-props             : 0.05        (0.00      / sec)
c Mprops                   : 79.31       (1.27      / sec)
c -------- OccSimplifier STATS ----------
c time                     : 0.75        (0.00      % var-elim)
c called                   : 4           (0.19      s per call)
c 0-depth assigns          : 0           (0.00      % vars)
c -------- OccSimplifier STATS END ----------
c -------- SubsumeStrengthen STATS ----------
c cl-subs                  : 3345         Clauses
c cl-str rem lit           : 1107         Lits
c cl-sub T                 : 0.10         s
c cl-str T                 : 0.51         s
c -------- SubsumeStrengthen STATS END ----------
c ----- SCC STATS --------
c time                     : 0.00        (0.00      per call)
c called                   : 20          (0.70      new found per call)
c found                    : 14          (50.00     % of all found)
c bogoprops                : 714237      % of all found
c ----- SCC STATS END --------
c --------- VAR REPLACE STATS ----------
c time                     : 0.10        (0.01      per call)
c trees' crown             : 12          (0.49      % of vars)
c 0-depth assigns          : 0           (0.00      % vars)
c lits replaced            : 47924       
c bin cls removed          : 64          
c long cls removed         : 50          
c long lits removed        : 3954        
c bogoprops                : 3059904     
c --------- VAR REPLACE STATS END ----------
c vrep replace time        : 0.10        (0.16      % time)
c vrep tree roots          : 6           
c vrep trees' crown        : 12          (2.00      leafs/tree)
c -------- DISTILL-BIN STATS --------
c time                     : 0.14        (0.01      per call)
c timed out                : 1           (3.57      % of calls)
c distill/checked/potential: 0          /25303/25798
c lits-rem                 : 0           
c 0-depth-assigns          : 0           (0.00      % of vars)
c -------- DISTILL STATS END --------
c -------- STRENGTHEN STATS --------
c --> watch-based on irred cls
c time                     : 0.18        (0.00      s/call)
c shrinked/tried/total     : 246        /141995/857078
c subsumed/tried/total     : 214        /141995/857078
c lits-rem                 : 254         (0.04      % of lits tried)
c called                   : 44          (49759.09  % ran out of time)
c --> watch-based on red cls
c time                     : 0.23        (0.01      s/call)
c shrinked/tried/total     : 1118       /136094/157545
c subsumed/tried/total     : 541        /136094/157545
c lits-rem                 : 1588        (0.16      % of lits tried)
c called                   : 44          (48752.27  % ran out of time)
c -------- STRENGTHEN STATS END --------
c -------- IMPLICIT SUB  STATS --------
c time                     : 0.01        (0.00      per call)
c timed out                : 0           (0.00      % of calls)
c rem bins                 : 146         
c -------- IMPLICIT SUB STATS END --------
c Mem used                 : 45          MB
c Mem for longclauses      : 3           MB (6.85      %)
c Mem for watch alloc      : 13          MB (28.74     %)
c Mem for watch array      : 0           MB (0.13      %)
c Mem for assings&vardata  : 0           MB (0.16      %)
c Mem for search&solve     : 0           MB (0.36      %)
c Mem for renumberer       : 0           MB (0.06      %)
c Mem for occsimplifier    : 0           MB (1.16      %)
c Mem for varReplacer&SCC  : 0           MB (0.12      %)
c Mem for impl subsume     : 0           MB (0.00      %)
c Mem for 3 distills       : 0           MB (0.00      %)
c Accounted for mem (rss)  : 37.58       %
c Accounted for mem (vm)   : 33.23       %
c restarts                 : 1129        (508.57    confls per restart)
c blocked restarts         : 0           (0.00      per normal restart)
c time                     : 62.51       
c decisions                : 613328      (0.00      % random)
c propagations             : 79M         (1268K     props/s)
c decisions/conflicts      : 1.07        
c conflicts                : 574181      
c conf lits non-minim      : 84871843    (147.81    lit/confl)
c conf lits final          : 24.98       
c red which0               : 1201        (0.21      % of confl)
c props/decision           : 0.00        
c props/conflict           : 0.00        
c 0-depth assigns          : 676         (50.64     % vars)
c 0-depth assigns by CNF   : 0           (0.00      % vars)
c reduceDB time            : 0.11        (0.18      % time)
c OccSimplifier time       : 0.75        (1.18      % time)
c [occur] 0.13 is overhead
c [occur] link-in T: 0.10 cleanup T: 0.03
c [occ-substr] long subBySub: 3280 subByStr: 65 lits-rem-str: 1107 T: 0.61
c SCC time                 : 0.00        (0.01      % time)
c [scc] new: 14 BP 0M  T: 0.00
c vrep replace time        : 0.10        (0.16      % time)
c vrep tree roots          : 6           
c vrep trees' crown        : 12          (2.00      leafs/tree)
c distill long time        : 1.50        (2.37      % time)
c distill bin time         : 0.14        (0.23      % time)
c strength cache-irred time: 0.18        (0.28      % time)
c strength cache-red time  : 0.23        (0.37      % time)
c avg cls in red 0         : 3513.99     
c avg cls in red 1         : 3239.66     
c avg cls in red 2         : 40317.77    
c Conflicts in UIP         : 574181      (9054.95   confl/time_this_thread)
c Max Memory (rss) used    : 46548 kB    
c Total time (this thread) : 63.41       
s UNSATISFIABLE
c [g 0] truth-find prop checks  : 3810K
c [g 0] -> of which prop        : 29.26 %
c [g 0] -> of which confl       :  1.14 %
c [g 0] elim called             : 425K
c [g 0] ---> which lead to prop : 30.22 %
c [g 0] ---> which lead to confl:  0.74 %
c [g 0] size: 64    x 489  
