c BreakID not compiled in, disabling
c CryptoMiniSat version 5.11.15
c CMS Copyright (C) 2009-2020 Authors of CryptoMiniSat, see AUTHORS file
c CMS SHA revision 
c Using VMTF code by Armin Biere from CaDiCaL
c Using Yalsat by Armin Biere, see Balint et al. Improving implementation of SLS solvers [...], SAT'14
c Using WalkSAT by Henry Kautz, see Kautz and Selman Pushing the envelope: planning, propositional logic, and stochastic search, AAAI'96,
c CMS is MIT licensed
c Using code from 'When Boolean Satisfiability Meets Gauss-E. in a Simplex Way'
c       by C.-S. Han and J.-H. Roland Jiang in CAV 2012. Fixes by M. Soos
c Using CCAnr from 'CCAnr: A Conf. Checking Based Local Search Solver [...]'
c       by Shaowei Cai, Chuan Luo, and Kaile Su, SAT 2015
c CMS compilation env CMAKE_CXX_COMPILER = /usr/bin/c++ | COMPILE_DEFINES =  -DRDB0_ONLY_FEATURES -DBOOST_TEST_DYN_LINK -DUSE_ZLIB -DYALSAT_FPU | STATICCOMPILE = OFF | ONLY_SIMPLE = OFF | Boost_FOUND = TRUE | STATS = OFF | SQLITE3_FOUND =  | ZLIB_FOUND = TRUE | VALGRIND_FOUND =  | ENABLE_TESTING = OFF | SLOW_DEBUG = OFF | ENABLE_ASSERTIONS = ON | PYTHON_EXECUTABLE =  | PYTHON_LIBRARY =  | PYTHON_INCLUDE_DIRS =  | MY_TARGETS =  | LARGEMEM = OFF | LIMITMEM = OFF | BREAKID_LIBRARIES =  | BREAKID-VER = . | BOSPHORUS_LIBRARIES =  | BOSPH-VER = . | compilation date time = Mar 31 2024 17:57:30
c CMS compiled with gcc version 13.2.0
c Executed with command line: cryptominisat5 --verb 1 /workspace/inputs/TRIMOSKA-ECICB-2024/upstream/benchmarks/Xn17l6-13-U.dimacs
c Reading file '/workspace/inputs/TRIMOSKA-ECICB-2024/upstream/benchmarks/Xn17l6-13-U.dimacs'
c -- header says num vars:            767
c -- header says num clauses:        2414
c -- clauses added: 2364
c -- xor clauses added: 50
c -- vars added 767
c Parsing time: 0.00 s
c [find&init matx] performing matrix init
c [gauss] XOR-encoding clauses are not detached, so no need to reattach them.
c [xor-rem-unconnected] left with 48 xors from 48 non-empty xors T: 0.00
c [xor-together] xored together: 0 orig xors: 48 new xors: 48 T: 0.00
c [xor-rem-unconnected] left with 48 xors from 48 non-empty xors T: 0.00
c [xor-clean-equiv] removed equivalent xors: 0 left with: 48
c [matrix] unused xors from cleaning: 0
c [matrix] Good   matrix  0     48 x  765  density:0.1047  xorlen avg: 80.12
c [matrix] Using 1 matrices recovered from 0 xors T: 0.00 T-out: N
c [branch] adjusting to: vsid (from: vsid) var_decay:0.95 descr: VSIDS
c rst  geom  stb   vs     1   112    2603 15716  1652    3.96    3.78     1    35    75     1  129.25  128.12
c rst  geom  stb   vs     2   234    2603 15716  1652    3.96    3.78     1    36   193     4  114.70  112.77
c  res  pol bran  nres  conf freevar  IrrL  IrrB l/longC  l/allC RedL0 RedL1 RedL2  RedB l/longC  l/allC
c rst  geom  stb   vs     3   369    2603 15716  1652    3.96    3.78     4    36   325     4   88.10   87.16
c rst  geom  stb   vs     4   517    2603 15716  1652    3.96    3.78     4    36   473     4   85.09   84.44
c rst  geom  stb   vs     5   679    2603 15716  1652    3.96    3.78     4    36   635     4   78.74   78.28
c rst  geom  stb   vs     6   857    2603 15716  1652    3.96    3.78     6    38   807     6   75.17   74.66
c rst  geom  stb   vs     7  1052    2603 15716  1652    3.96    3.78     6    38  1002     6   69.42   69.04
c rst  geom  stb   vs     8  1265    2603 15716  1652    3.96    3.78     7    38  1214     6   72.20   71.86
c rst  geom  stb   vs     9  1499    2603 15716  1652    3.96    3.78     7    38  1448     6   67.39   67.13
c rst  geom  stb   vs    10  1756    2603 15716  1652    3.96    3.78     9    38  1703     6   68.43   68.20
c rst  geom  stb   vs    11  2039    2603 15716  1652    3.96    3.78    10    38  1985     6   66.06   65.87
c rst  geom  stb   vs    12  2350    2603 15716  1652    3.96    3.78    10    38  2296     6   63.35   63.19
c rst  geom  stb   vs    13  2690    2603 15716  1652    3.96    3.78    13    39  2632     6   60.98   60.85
c rst  geom  stb   vs    14  3063    2603 15716  1652    3.96    3.78    13    39  3004     7   59.19   59.06
c rst  geom  stb   vs    15  3475    2603 15716  1652    3.96    3.78    13    43  3412     7   56.99   56.88
c rst  geom  stb   vs    16  3925    2603 15716  1652    3.96    3.78    13    43  3862     7   55.26   55.16
c rst  geom  stb   vs    17  4420    2603 15716  1652    3.96    3.78    13    43  4357     7   53.15   53.07
c rst  geom  stb   vs    18  4963    2603 15716  1652    3.96    3.78    13    43  4900     7   50.96   50.89
c rst  geom  stb   vs    19  5560    2603 15716  1652    3.96    3.78    17    46  5490     7   49.01   48.95
c [branch] adjusting to: vmtf (from: vsid) var_decay:0.95 descr: VMTF
c [distill-long-red0] cls tried: 17/17 T: 0.00 T-out: N T-r: 100.00%
c [distill-long-red1] cls tried: 46/46 T: 0.00 T-out: N T-r: 97.56%
c rst  luby ibes  vmt    20  5661    2603 15716  1652    3.96    3.78    31    78  5543     9   48.70   48.62
c rst  luby ibes  vmt    21  5763    2603 15716  1652    3.96    3.78    31    78  5645     9   48.50   48.43
c rst  luby ibes  vmt    22  5965    2603 15716  1652    3.96    3.78    31    78  5847     9   47.50   47.44
c rst  luby ibes  vmt    23  6067    2603 15716  1652    3.96    3.78    31    78  5949     9   47.07   47.01
c rst  luby ibes  vmt    24  6169    2603 15716  1652    3.96    3.78    31    78  6051     9   46.64   46.58
c rst  luby ibes  vmt    25  6371    2603 15716  1652    3.96    3.78    31    78  6253     9   45.80   45.74
c rst  luby ibes  vmt    26  6773    2603 15716  1652    3.96    3.78    31    78  6655     9   44.22   44.17
c rst  luby ibes  vmt    27  6875    2603 15716  1652    3.96    3.78    31    78  6757     9   43.84   43.79
c rst  luby ibes  vmt    28  6977    2603 15716  1652    3.96    3.78    31    78  6859     9   43.47   43.42
c rst  luby ibes  vmt    29  7179    2603 15716  1652    3.96    3.78    31    78  7061     9   42.75   42.70
c rst  luby ibes  vmt    30  7281    2603 15716  1652    3.96    3.78    31    78  7163     9   42.42   42.37
c rst  luby ibes  vmt    31  7383    2603 15716  1652    3.96    3.78    31    78  7265     9   42.09   42.04
c rst  luby ibes  vmt    32  7585    2603 15716  1652    3.96    3.78    31    78  7467     9   41.45   41.41
c rst  luby ibes  vmt    33  7987    2603 15716  1652    3.96    3.78    31    78  7869     9   40.26   40.22
c rst  luby ibes  vmt    34  8789    2603 15716  1652    3.96    3.78    31    78  8671     9   38.24   38.20
c rst  luby ibes  vmt    35  8891    2603 15716  1652    3.96    3.78    31    78  8773     9   38.00   37.97
c rst  luby ibes  vmt    36  8992    2603 15716  1652    3.96    3.78    32    84  8867     9   37.76   37.73
c rst  luby ibes  vmt    37  9194    2603 15716  1652    3.96    3.78    32    84  9069     9   37.54   37.51
c rst  luby ibes  vmt    38  9296    2603 15716  1652    3.96    3.78    32    84  9171     9   37.46   37.42
c rst  luby ibes  vmt    39  9397    2603 15716  1652    3.96    3.78    32    84  9272     9   37.36   37.33
c rst  luby ibes  vmt    40  9599    2603 15716  1652    3.96    3.78    32    84  9474     9   37.45   37.42
c rst  luby ibes  vmt    41 10000    2603 15716  1652    3.96    3.78    69    47  9875     9   37.25   37.22
c rst  luby ibes  vmt    42 10102    2603 15716  1652    3.96    3.78    69    47  9977     9   37.32   37.29
c rst  luby ibes  vmt    43 10203    2603 15716  1652    3.96    3.78    69    47 10078     9   37.33   37.30
c rst  luby ibes  vmt    44 10404    2603 15716  1652    3.96    3.78    70    51 10274     9   37.19   37.16
c rst  luby ibes  vmt    45 10506    2603 15716  1652    3.96    3.78    70    51 10376     9   37.05   37.02
c rst  luby ibes  vmt    46 10608    2603 15716  1652    3.96    3.78    70    51 10478     9   36.92   36.89
c rst  luby ibes  vmt    47 10810    2603 15716  1652    3.96    3.78    70    51 10680     9   36.71   36.68
c rst  luby  svd  vmt    48 11211    2603 15716  1652    3.96    3.78    70    51 11081     9   38.60   38.57
c rst  luby  svd  vmt    49 12014    2603 15716  1652    3.96    3.78    70    51 11884     9   40.29   40.27
c [branch] adjusting to: vsid (from: vmtf) var_decay:0.95 descr: VSIDS
c [distill-bin] useful: 4/1652/1652 lits-rem: 0 cl-rem: 4 0-depth-assigns: 0 T: 0.00 T-out: N
c rst  geom  svd   vs    50 12126    2603 15716  1648    3.96    3.78    70    51 11996     9   40.35   40.33
c rst  geom  svd   vs    51 12248    2603 15716  1648    3.96    3.78    70    51 12118     9   40.39   40.36
c rst  geom  svd   vs    52 12382    2603 15716  1648    3.96    3.78    70    51 12252     9   40.28   40.25
c rst  geom  svd   vs    53 12530    2603 15716  1648    3.96    3.78    70    51 12400     9   40.34   40.32
c rst  geom  svd   vs    54 12692    2603 15716  1648    3.96    3.78    70    51 12562     9   40.27   40.24
c rst  geom  svd   vs    55 12870    2603 15716  1648    3.96    3.78    70    51 12740     9   40.23   40.20
c rst  geom  svd   vs    56 13065    2603 15716  1648    3.96    3.78    70    51 12935     9   40.40   40.37
c rst  geom  svd   vs    57 13279    2603 15716  1648    3.96    3.78    70    51 13149     9   40.32   40.29
c rst  geom  svd   vs    58 13514    2603 15716  1648    3.96    3.78    70    51 13384     9   40.19   40.17
c rst  geom  svd   vs    59 13772    2603 15716  1648    3.96    3.78    70    51 13642     9   40.47   40.44
c rst  geom  svd   vs    60 14054    2603 15716  1648    3.96    3.78    70    51 13924     9   40.30   40.28
c rst  geom  svd   vs    61 14364    2603 15716  1648    3.96    3.78    70    51 14234     9   40.19   40.16
c rst  geom  svd   vs    62 14705    2603 15716  1648    3.96    3.78    70    51 14575     9   40.17   40.15
c rst  geom  svd   vs    63 15079    2603 15716  1648    3.96    3.78    71    56 14943     9   40.34   40.32
c rst  geom  svd   vs    64 15491    2603 15716  1648    3.96    3.78    71    57 15354     9   40.32   40.29
c rst  geom  svd   vs    65 15941    2603 15716  1648    3.96    3.78    71    57 15804     9   40.20   40.17
c rst  geom  svd   vs    66 16435    2603 15716  1648    3.96    3.78    71    57 16298     9   40.29   40.27
c rst  geom best   vs    67 16978    2603 15716  1648    3.96    3.78    72    58 16838    10   41.48   41.46
c rst  geom best   vs    68 17575    2603 15716  1648    3.96    3.78    72    58 17435    10   41.84   41.81
c rst  geom best   vs    69 18231    2603 15716  1648    3.96    3.78    72    58 18091    10   41.66   41.64
c [branch] adjusting to: vmtf (from: vsid) var_decay:0.95 descr: VMTF
c rst  luby best  vmt    70 18333    2603 15716  1648    3.96    3.78    72    58 18193    10   41.63   41.61
c rst  luby best  vmt    71 18435    2603 15716  1648    3.96    3.78    72    58 18295    10   41.63   41.61
c rst  luby best  vmt    72 18637    2603 15716  1648    3.96    3.78    72    58 18497    10   41.66   41.64
c rst  luby best  vmt    73 18738    2603 15716  1648    3.96    3.78    72    58 18598    10   41.73   41.71
c rst  luby best  vmt    74 18839    2603 15716  1648    3.96    3.78    72    58 18699    10   41.72   41.70
c rst  luby best  vmt    75 19040    2603 15716  1648    3.96    3.78    73    60 18897    10   41.70   41.68
c rst  luby best  vmt    76 19441    2603 15716  1648    3.96    3.78    84    76 19268    13   41.89   41.86
c rst  luby best  vmt    77 19542    2603 15716  1648    3.96    3.78    89    78 19362    13   42.21   42.18
c rst  luby best  vmt    78 19643    2603 15716  1648    3.96    3.78    92    80 19458    13   42.36   42.33
c rst  luby best  vmt    79 19844    2603 15716  1648    3.96    3.78    96    80 19655    13   42.79   42.77
c rst  luby best  vmt    80 19945    2603 15716  1648    3.96    3.78    98    86 19748    13   42.94   42.92
c rst  luby best  vmt    81   20K    2603 15716  1648    3.96    3.78   121    67 19843    15   43.20   43.17
c [full-probe]  bin_only: 1 set: 0 repl: 0 T: 0.00 T-out: N T-r: 99.85%
c rst  luby best  vmt    82   20K    2603 15716  1648    3.96    3.78   125    68   20K    21   43.67   43.63
c rst  luby best  vmt    83   20K    2603 15716  1648    3.96    3.78   130    72   20K    23   44.78   44.73
c [distill-long-red0] cls tried: 88/88 T: 0.00 T-out: N T-r: 99.93%
c [distill-long-red1] cls tried: 52/52 T: 0.00 T-out: N T-r: 67.20%
c rst  luby best  vmt    84   21K    2603 15716  1648    3.96    3.78   149    98   21K    26   46.59   46.53
c rst  luby best  vmt    85   21K    2603 15716  1648    3.96    3.78   153    99   21K    26   46.65   46.59
c rst  luby best  vmt    86   21K    2603 15716  1648    3.96    3.78   155   101   21K    26   46.77   46.71
c rst  luby  stb  vmt    87   21K    2603 15716  1648    3.96    3.78   156   102   21K    27   47.15   47.09
c rst  luby  stb  vmt    88   21K    2603 15716  1648    3.96    3.78   158   104   21K    27   47.30   47.25
c rst  luby  stb  vmt    89   22K    2603 15716  1648    3.96    3.78   158   104   21K    27   47.38   47.33
c rst  luby  stb  vmt    90   22K    2603 15716  1648    3.96    3.78   162   110   21K    27   47.62   47.56
c rst  luby  stb  vmt    91   22K    2603 15716  1648    3.96    3.78   168   117   22K    27   47.86   47.81
c rst  luby  stb  vmt    92   22K    2603 15716  1648    3.96    3.78   169   119   22K    27   48.07   48.01
c rst  luby  stb  vmt    93   22K    2603 15716  1648    3.96    3.78   172   145   22K    27   48.12   48.06
c rst  luby  stb  vmt    94   23K    2603 15716  1648    3.96    3.78   172   150   22K    28   48.43   48.37
c rst  luby  stb  vmt    95   23K    2603 15716  1648    3.96    3.78   174   152   22K    28   48.51   48.45
c rst  luby  stb  vmt    96   23K    2603 15716  1648    3.96    3.78   174   155   22K    28   48.55   48.49
c rst  luby  stb  vmt    97   23K    2603 15716  1648    3.96    3.78   176   156   23K    28   48.78   48.73
c rst  luby  stb  vmt    98   23K    2603 15716  1648    3.96    3.78   190   172   23K    28   48.81   48.75
c rst  luby  stb  vmt    99   24K    2603 15716  1648    3.96    3.78   198   178   24K    29   48.91   48.86
c rst  luby  stb  vmt   100   26K    2603 15716  1648    3.96    3.78   199   191   25K    31   50.06   50.00
c [branch] adjusting to: vsid (from: vmtf) var_decay:0.95 descr: VSIDS
c [distill] watch-based irred--  cl tried     1429 cl-sh     0 cl-rem    3 lit-rem      0 T: 0.00 T-out: N
c [distill] watch-based   red--  cl tried      396 cl-sh    11 cl-rem    2 lit-rem     22 T: 0.00 T-out: N
c rst  geom  stb   vs   101   26K    2603 15713  1651    3.96    3.78   195   191   25K    31   50.02   49.96
c rst  geom  stb   vs   102   26K    2603 15713  1651    3.96    3.78   195   192   26K    31   49.99   49.93
c rst  geom  stb   vs   103   26K    2603 15713  1651    3.96    3.78   195   194   26K    32   49.93   49.87
c rst  geom  stb   vs   104   26K    2603 15713  1651    3.96    3.78   195   194   26K    34   49.83   49.77
c rst  geom  stb   vs   105   26K    2603 15713  1651    3.96    3.78   196   194   26K    34   49.79   49.73
c rst  geom ibes   vs   106   27K    2603 15713  1651    3.96    3.78   196   194   26K    34   49.74   49.68
c rst  geom ibes   vs   107   27K    2603 15713  1651    3.96    3.78   196   194   26K    34   49.61   49.55
c rst  geom ibes   vs   108   27K    2603 15713  1651    3.96    3.78   196   194   27K    34   49.44   49.38
c rst  geom ibes   vs   109   27K    2603 15713  1651    3.96    3.78   196   194   27K    34   49.25   49.19
c rst  geom ibes   vs   110   28K    2603 15713  1651    3.96    3.78   196   194   27K    34   49.06   49.00
c rst  geom ibes   vs   111   28K    2603 15713  1651    3.96    3.78   196   194   27K    34   48.84   48.79
c rst  geom ibes   vs   112   28K    2603 15713  1651    3.96    3.78   196   194   28K    34   48.59   48.53
c rst  geom ibes   vs   113   28K    2603 15713  1651    3.96    3.78   196   194   28K    34   48.42   48.36
c rst  geom ibes   vs   114   29K    2603 15713  1651    3.96    3.78   197   194   28K    34   48.25   48.20
c rst  geom ibes   vs   115   29K    2603 15713  1651    3.96    3.78   197   194   29K    35   47.98   47.93
c rst  geom ibes   vs   116   30K    2603 15713  1651    3.96    3.78   282   321   22K    35   49.53   49.45
c rst  geom ibes   vs   117   30K    2603 15713  1651    3.96    3.78   282   321   22K    35   49.37   49.30
c rst  geom ibes   vs   118   31K    2603 15713  1651    3.96    3.78   282   321   23K    35   48.96   48.89
c rst  geom ibes   vs   119   31K    2603 15713  1651    3.96    3.78   283   324   24K    35   48.38   48.31
c rst  geom ibes   vs   120   32K    2603 15713  1651    3.96    3.78   283   324   24K    35   47.92   47.86
c [distill-bin] useful: 0/1651/1651 lits-rem: 0 cl-rem: 0 0-depth-assigns: 0 T: 0.00 T-out: N
c rst  geom  svd   vs   121   33K    2603 15713  1651    3.96    3.78   283   324   25K    35   47.87   47.81
c rst  geom  svd   vs   122   34K    2603 15713  1651    3.96    3.78   283   324   26K    35   47.42   47.36
c [branch] adjusting to: vmtf (from: vsid) var_decay:0.95 descr: VMTF
c rst  luby  svd  vmt   123   34K    2603 15713  1651    3.96    3.78   285   325   26K    36   47.57   47.51
c rst  luby  svd  vmt   124   34K    2603 15713  1651    3.96    3.78   286   326   26K    36   47.64   47.58
c rst  luby  svd  vmt   125   34K    2603 15713  1651    3.96    3.78   288   328   26K    36   47.77   47.71
c rst  luby  svd  vmt   126   34K    2603 15713  1651    3.96    3.78   289   334   26K    36   47.75   47.69
c rst  luby  svd  vmt   127   34K    2603 15713  1651    3.96    3.78   290   334   26K    37   47.76   47.70
c rst  luby  svd  vmt   128   34K    2603 15713  1651    3.96    3.78   291   335   27K    37   47.86   47.80
c rst  luby  svd  vmt   129   35K    2603 15713  1651    3.96    3.78   294   341   27K    37   47.82   47.76
c rst  luby  svd  vmt   130   35K    2603 15713  1651    3.96    3.78   296   345   27K    38   47.83   47.76
c rst  luby  svd  vmt   131   35K    2603 15713  1651    3.96    3.78   296   352   27K    38   47.78   47.72
c rst  luby  svd  vmt   132   35K    2603 15713  1651    3.96    3.78   298   354   27K    38   47.77   47.71
c rst  luby  svd  vmt   133   35K    2603 15713  1651    3.96    3.78   298   354   27K    38   47.84   47.77
c [distill-long-red0] cls tried: 160/160 T: 0.01 T-out: N T-r: 99.75%
c [distill-long-red1] cls tried: 53/295 T: 0.01 T-out: Y T-r: -1.88%
c rst  luby  svd  vmt   134   35K    2603 15713  1651    3.96    3.78   296   354   28K    41   47.79   47.73
c rst  luby  svd  vmt   135   36K    2603 15713  1651    3.96    3.78   296   358   28K    41   47.90   47.83
c rst  luby  svd  vmt   136   36K    2603 15713  1651    3.96    3.78   299   369   28K    41   48.06   48.00
c rst  luby  svd  vmt   137   37K    2603 15713  1651    3.96    3.78   300   376   29K    41   48.48   48.41
c rst  luby  svd  vmt   138   37K    2603 15713  1651    3.96    3.78   302   378   29K    42   48.52   48.45
c rst  luby  svd  vmt   139   37K    2603 15713  1651    3.96    3.78   304   380   29K    42   48.63   48.57
c rst  luby  svd  vmt   140   37K    2603 15713  1651    3.96    3.78   304   383   29K    42   48.87   48.80
c rst  luby  svd  vmt   141   37K    2603 15713  1651    3.96    3.78   307   384   29K    42   48.83   48.77
c rst  luby  svd  vmt   142   37K    2603 15713  1651    3.96    3.78   308   385   29K    42   48.93   48.86
c rst  luby  svd  vmt   143   38K    2603 15713  1651    3.96    3.78   311   386   30K    42   49.37   49.31
c rst  geom best  vmt   144   38K    2603 15713  1651    3.96    3.78   314   399   30K    42   49.51   49.45
c rst  geom best  vmt   145   38K    2603 15713  1651    3.96    3.78   314   402   30K    42   49.55   49.49
c rst  geom best  vmt   146   38K    2603 15713  1651    3.96    3.78   315   403   30K    42   49.78   49.72
c rst  geom best  vmt   147   38K    2603 15713  1651    3.96    3.78   315   412   30K    42   49.71   49.65
c rst  geom best  vmt   148   38K    2603 15713  1651    3.96    3.78   315   423   30K    43   49.69   49.63
c rst  geom best  vmt   149   38K    2603 15713  1651    3.96    3.78   317   429   30K    43   49.66   49.59
c rst  geom best  vmt   150   39K    2603 15713  1651    3.96    3.78   317   433   31K    43   49.83   49.76
c rst  geom best  vmt   151   39K    2603 15713  1651    3.96    3.78   318   433   31K    43   49.76   49.70
c rst  geom best  vmt   152   39K    2603 15713  1651    3.96    3.78   323   440   31K    44   49.99   49.92
c rst  geom best  vmt   153   39K    2603 15713  1651    3.96    3.78   325   442   31K    44   50.06   50.00
c rst  geom best  vmt   154   40K    2603 15713  1651    3.96    3.78   395   373   32K    45   50.33   50.27
c [full-probe]  bin_only: 0 set: 0 repl: 0 T: 0.00 T-out: N T-r: 97.58%
c [impl-str] lit bin: 0 set-var: 0 T: 0.00 T-out: N T-r: 99.95% w-visit: 5206
c [impl-sub] bin: 12 T: 0.00 T-out: N w-visit: 5206
c rst  geom best  vmt   155   40K    2603 15713  1651    3.96    3.78   397   380   32K    46   50.47   50.41
c rst  geom best  vmt   156   40K    2603 15713  1651    3.96    3.78   402   389   32K    46   50.60   50.53
c rst  geom best  vmt   157   41K    2603 15713  1651    3.96    3.78   403   399   33K    46   50.65   50.58
c rst  geom best  vmt   158   41K    2603 15713  1651    3.96    3.78   405   409   33K    46   51.13   51.07
c rst  geom best  vmt   159   41K    2603 15713  1651    3.96    3.78   408   411   33K    46   51.28   51.21
c rst  geom best  vmt   160   42K    2603 15713  1651    3.96    3.78   409   414   34K    46   51.46   51.40
c [branch] adjusting to: vsid (from: vmtf) var_decay:0.95 descr: VSIDS
c rst  geom best   vs   161   42K    2603 15713  1651    3.96    3.78   409   414   34K    46   51.43   51.37
c rst  geom best   vs   162   42K    2603 15713  1651    3.96    3.78   409   414   34K    46   51.42   51.36
c rst  geom best   vs   163   42K    2603 15713  1651    3.96    3.78   409   414   34K    46   51.35   51.29
c rst  geom best   vs   164   42K    2603 15713  1651    3.96    3.78   409   414   34K    46   51.23   51.17
c rst  geom best   vs   165   43K    2603 15713  1651    3.96    3.78   409   414   35K    46   51.10   51.04
c rst  geom best   vs   166   43K    2603 15713  1651    3.96    3.78   409   414   35K    46   50.96   50.90
c rst  geom best   vs   167   43K    2603 15713  1651    3.96    3.78   409   414   35K    46   50.82   50.76
c rst  geom  stb   vs   168   43K    2603 15713  1651    3.96    3.78   409   414   35K    46   50.67   50.61
c rst  geom  stb   vs   169   43K    2603 15713  1651    3.96    3.78   409   414   35K    46   50.48   50.42
c rst  geom  stb   vs   170   44K    2603 15713  1651    3.96    3.78   409   414   36K    46   50.29   50.23
c [ccnr] tries: 0 steps: 262143 best found: 11
c [ccnr] tries: 0 steps: 524287 best found: 11
c [ccnr] tries: 0 steps: 786431 best found: 11
c [ccnr] saving best assignment phase to stable_polar
c [ccnr] bumping based on clause weights
c [ccnr] Bumped vars: 102 bump type: 6
c [ccnr] time: 0.38
c rst  geom  stb   vs   171   44K    2603 15713  1651    3.96    3.78   409   414   36K    46   50.18   50.12
c rst  geom  stb   vs   172   44K    2603 15713  1651    3.96    3.78   409   414   36K    46   50.02   49.96
c rst  geom  stb   vs   173   45K    2603 15713  1651    3.96    3.78   434   713   29K    46   52.70   52.63
c rst  geom  stb   vs   174   45K    2603 15713  1651    3.96    3.78   434   713   29K    46   52.43   52.35
c rst  geom  stb   vs   175   45K    2603 15713  1651    3.96    3.78   434   713   30K    46   52.18   52.11
c rst  geom  stb   vs   176   46K    2603 15713  1651    3.96    3.78   434   713   30K    46   51.92   51.85
c rst  geom  stb   vs   177   46K    2603 15713  1651    3.96    3.78   434   713   31K    46   51.78   51.71
c rst  geom  stb   vs   178   47K    2603 15713  1651    3.96    3.78   434   713   31K    46   51.42   51.35
c rst  geom  stb   vs   179   48K    2603 15713  1651    3.96    3.78   434   713   32K    46   50.97   50.90
c rst  geom  stb   vs   180   48K    2603 15713  1651    3.96    3.78   434   713   33K    46   50.70   50.63
c rst  geom  stb   vs   181   49K    2603 15713  1651    3.96    3.78   434   713   33K    46   50.32   50.25
c rst  geom ibes   vs   182   50K    2603 15713  1651    3.96    3.78   467   680   34K    46   49.93   49.87
c [gauss] XOR-encoding clauses are not detached, so no need to reattach them.
c [g 0] truth-find prop checks  : 734K
c [g 0] -> of which prop        : 42.98 %
c [g 0] -> of which confl       :  3.85 %
c [g 0] elim called             : 115K
c [g 0] ---> which lead to prop :  9.06 %
c [g 0] ---> which lead to confl:  0.63 %
c [g 0] size: 48    x 765  
c [scc] new: 6 BP 0M T: 0.00
c [vrep] vars 6 lits 15392 rem-bin-cls 31 rem-long-cls 1 BP 0M T: 0.02
c [scc] new: 0 BP 0M T: 0.00
c [vrep] vars 0 lits 0 rem-bin-cls 0 rem-long-cls 0 BP 0M T: 0.01
c [intree] Set 0 vars hyper-added: 724 trans-irred: 0 trans-red: 2 T: 0.00 T-out: N T-r: -0.73%
c [find&init matx] performing matrix init
c [gauss] XOR-encoding clauses are not detached, so no need to reattach them.
c [xor-rem-unconnected] left with 48 xors from 48 non-empty xors T: 0.00
c [xor-together] xored together: 0 orig xors: 48 new xors: 48 T: 0.00
c [xor-rem-unconnected] left with 48 xors from 48 non-empty xors T: 0.00
c [xor-clean-equiv] removed equivalent xors: 0 left with: 48
c [matrix] unused xors from cleaning: 0
c [matrix] Good   matrix 0 48      x761    density:0.1045  xorlen avg: 79.54
c [matrix] Using 1 matrices recovered from 0 xors T: 0.00 T-out: N
c rst  geom ibes vs   183   51  K 2597    15712  1640 3.96    3.78      468   680   35K   760 49.44   48.47  
c [distill-long-red0] cls tried: 169/169 T: 0.01 T-out: N T-r: 99.64%
c [distill-long-red1] cls tried: 23/572 T: 0.01 T-out: Y T-r: -15.77%
c rst  geom ibes vs   184   52  K 2597    15712  1640 3.96    3.78      467   681   36K   763 49.28   48.33  
c [distill] watch-based irred--  cl tried 1424     cl-sh 1     cl-rem 0    lit-rem 1      T: 0.00 T-out: N
c [distill] watch-based red  --  cl tried 934      cl-sh 21    cl-rem 0    lit-rem 26     T: 0.00 T-out: N
c rst  geom ibes vs   185   53  K 2597    15711  1641 3.96    3.78      467   681   37K   763 48.63   47.73  
c [branch] adjusting to: vmtf (from: vsid) var_decay:0.95 descr: VMTF
c [distill-bin] useful: 0/1641/1641 lits-rem: 0 cl-rem: 0 0-depth-assigns: 0 T: 0.01 T-out: N
c rst  luby ibes vmt  186   53  K 2597    15711  1641 3.96    3.78      467   683   37K   764 48.63   47.73  
c rst  luby ibes vmt  187   53  K 2597    15711  1641 3.96    3.78      467   684   37K   764 48.74   47.84  
c rst  luby ibes vmt  188   53  K 2597    15711  1641 3.96    3.78      467   686   37K   764 49.05   48.14  
c rst  luby ibes vmt  189   53  K 2597    15711  1641 3.96    3.78      467   693   37K   764 49.05   48.15  
c rst  luby ibes vmt  190   53  K 2597    15711  1641 3.96    3.78      467   696   38K   764 49.13   48.23  
c rst  luby ibes vmt  191   53  K 2597    15711  1641 3.96    3.78      468   697   38K   764 49.64   48.74  
c rst  luby ibes vmt  192   54  K 2597    15711  1641 3.96    3.78      469   705   38K   764 49.59   48.70  
c rst  luby ibes vmt  193   54  K 2597    15711  1641 3.96    3.78      469   705   38K   764 49.65   48.75  
c rst  luby ibes vmt  194   54  K 2597    15711  1641 3.96    3.78      469   716   38K   764 49.66   48.77  
c rst  luby ibes vmt  195   54  K 2597    15711  1641 3.96    3.78      469   721   39K   764 49.58   48.70  
c rst  luby ibes vmt  196   54  K 2597    15711  1641 3.96    3.78      470   722   39K   764 49.60   48.71  
c rst  luby ibes vmt  197   54  K 2597    15711  1641 3.96    3.78      471   726   39K   764 49.69   48.80  
c rst  luby ibes vmt  198   55  K 2597    15711  1641 3.96    3.78      471   728   39K   764 49.68   48.80  
c rst  luby svd  vmt  199   55  K 2597    15711  1641 3.96    3.78      473   737   39K   764 49.75   48.88  
c rst  luby svd  vmt  200   56  K 2597    15711  1641 3.96    3.78      476   742   40K   764 49.82   48.95  
c recursive minimization cost OK: 289Kcost/(% lits removed)
c [gauss] XOR-encoding clauses are not detached, so no need to reattach them.
c [g 0] truth-find prop checks  : 104K
c [g 0] -> of which prop        : 42.06 %
c [g 0] -> of which confl       :  3.74 %
c [g 0] elim called             : 16102
c [g 0] ---> which lead to prop :  4.47 %
c [g 0] ---> which lead to confl:  0.37 %
c [g 0] size: 48    x 761  
c --> Executing strategy token: scc-vrepl
c [scc] new: 1 BP 0M T: 0.00
c --> Executing strategy token: sub-impl
c [impl-sub] bin: 3 T: 0.00 T-out: N w-visit: 5206
c --> Executing strategy token: breakid
c --> Executing OCC strategy token(s): 'occ-backw-sub-str,occ-clean-implicit,occ-bve,occ-bva,occ-ternary-res,occ-xor,'
c [occ] mem usage for occur 1      MB
c [occ] Linked in IRRED BIN by default: 1641
c [occ] Linked in RED   BIN by default: 761
c [occ] mem usage for occur 0      MB
c Mem for watch alloc      : 3           MB (17.72     %)
c Mem for watch array      : 0           MB (0.89      %)
c --> Executing OCC strategy token: occ-backw-sub-str
c [occ-backw-sub-str-long-w-bins] subs: 0 str: 2 tried: 2402 0-depth ass: 0 T: 0.00 T-out: N T-r: 99.43%
c [occ-backw-sub-long-w-long] rem cl: 31 tried: 57264/57264 (100.0%) T: 0.01 T-out: N T-r: 96.89%
c [occ-backw-sub-str-long-w-long] sub: 0 str: 0 tried: 171792/57264 (300.0)  T: 0.04 T-out: N T-r: 89.33%
c --> Executing OCC strategy token: occ-clean-implicit
c --> Executing OCC strategy token: occ-bve
c [occ-empty-res] Empty resolvent elimed: 0 T: 0.00 T-out: N
c [occ-bve] iter v-elim 10
c cl_inc_rate=1.0, var_dec_rate=1.0 (grow=0)
c Reduced to 2587 vars, 17345 cls (grow=0)
c [occ-bve] iter v-elim 290
c cl_inc_rate=1.1, var_dec_rate=1.1 (grow=8)
c Reduced to 2297 vars, 18621 cls (grow=8)
c x n vars       : 2297
c #try to eliminate:  5444
c #var-elim        :   300
c #T-o: N
c #T-r: 99.99%
c #T  : 0.05
c [occur] 0.03 is overhead
c [occur] link-in T: 0.03 cleanup T: 0.00
c --> Executing OCC strategy token: occ-bva
c --> Executing OCC strategy token: occ-ternary-res
c [occ-ternary-res] Ternary res-tri: 56 res-bin: 0 sub: 1 str: 0 T: 0.00 T-out: N T-r: 99.40%
c --> Executing OCC strategy token: occ-xor
c [occ-xor] sort occur list T: 0.00
c [xor-clean-equiv] removed equivalent xors: 0 left with: 1721
c [occ-xor] found   1721 avg sz 4.0 min sz  4 max sz  5 T: 0.00 T-out: N T-r: 99.98%
c --> Executing strategy token: card-find
c --> Executing strategy token: cl-consolidate
c [mem] consolidate  old-sz: 10427K new-sz: 4432K new bits offs: 20 T: 0.00
c --> Executing strategy token: scc-vrepl
c [scc] new: 0 BP 0M T: 0.00
c --> Executing strategy token: renumber
c --> Executing strategy token: bosphorus
c --> Executing strategy token: louvain-comms
c [consolidate] mini T: 0.00
c global_timeout_multiplier: 3.3000
c [branch] rebuilding order heap for all branchings. Current branching: vmtf
c [find&init matx] performing matrix init
c [gauss] XOR-encoding clauses are not detached, so no need to reattach them.
c [xor-rem-unconnected] left with 1721 xors from 1721 non-empty xors T: 0.00
c [xor-together] xored together: 1680 orig xors: 1721 new xors: 41 T: 0.00
c [xor-rem-unconnected] left with 41 xors from 41 non-empty xors T: 0.00
c [xor-clean-equiv] removed equivalent xors: 0 left with: 41
c [matrix] unused xors from cleaning: 0
c [matrix] Good   matrix  0     41 x  457  density:0.1886  xorlen avg: 86.17
c [matrix] Using 1 matrices recovered from 0 xors T: 0.00 T-out: N
c rst  luby  svd  vmt   201   56K    2297 17744   877    4.12    4.02   110   136   22K    86   34.10   33.98
c rst  luby  svd  vmt   202   56K    2297 17744   877    4.12    4.02   110   139   22K    86   34.06   33.94
c rst  luby  svd  vmt   203   56K    2297 17744   877    4.12    4.02   110   139   22K    86   34.00   33.88
c rst  luby  svd  vmt   204   56K    2297 17744   877    4.12    4.02   110   140   22K    86   33.87   33.75
c rst  luby  svd  vmt   205   56K    2297 17744   877    4.12    4.02   110   143   22K    86   33.80   33.68
c rst  luby  svd  vmt   206   56K    2297 17744   877    4.12    4.02   110   144   22K    86   33.74   33.62
c rst  luby  svd  vmt   207   57K    2297 17744   877    4.12    4.02   111   146   22K    86   33.63   33.51
c rst  luby  svd  vmt   208   57K    2297 17744   877    4.12    4.02   111   152   23K    86   33.46   33.34
c rst  luby  svd  vmt   209   57K    2297 17744   877    4.12    4.02   111   154   23K    86   33.40   33.28
c rst  luby  svd  vmt   210   57K    2297 17744   877    4.12    4.02   111   157   23K    86   33.34   33.22
c rst  luby  svd  vmt   211   57K    2297 17744   877    4.12    4.02   111   158   23K    86   33.23   33.12
c rst  luby  svd  vmt   212   58K    2297 17744   877    4.12    4.02   111   161   23K    86   33.19   33.08
c rst  luby  svd  vmt   213   58K    2297 17744   877    4.12    4.02   111   162   23K    86   33.12   33.01
c rst  luby  svd  vmt   214   58K    2297 17744   877    4.12    4.02   112   164   24K    86   33.03   32.92
c rst  luby  svd  vmt   215   58K    2297 17744   877    4.12    4.02   113   178   24K    86   33.00   32.89
c rst  luby  svd  vmt   216   59K    2297 17744   877    4.12    4.02   113   178   25K    86   32.54   32.44
c rst  luby  svd  vmt   217   61K    2297 17744   877    4.12    4.02   158   264   22K    86   29.73   29.63
c [full-probe]  bin_only: 1 set: 0 repl: 0 T: 0.00 T-out: N T-r: 99.82%
c rst  geom best  vmt   218   61K    2297 17744   877    4.12    4.02   158   269   23K    86   29.68   29.58
c rst  geom best  vmt   219   61K    2297 17744   877    4.12    4.02   158   272   23K    86   29.65   29.55
c rst  geom best  vmt   220   61K    2297 17744   877    4.12    4.02   158   275   23K    86   29.60   29.50
c rst  geom best  vmt   221   61K    2297 17744   877    4.12    4.02   158   276   23K    86   29.52   29.42
c rst  geom best  vmt   222   61K    2297 17744   877    4.12    4.02   158   278   23K    86   29.45   29.35
c rst  geom best  vmt   223   61K    2297 17744   877    4.12    4.02   159   279   23K    86   29.35   29.26
c rst  geom best  vmt   224   62K    2297 17744   877    4.12    4.02   159   282   23K    86   29.24   29.15
c rst  geom best  vmt   225   62K    2297 17744   877    4.12    4.02   159   286   24K    86   29.12   29.03
c rst  geom best  vmt   226   62K    2297 17744   877    4.12    4.02   159   289   24K    86   29.06   28.97
c rst  geom best  vmt   227   62K    2297 17744   877    4.12    4.02   159   293   24K    86   28.97   28.87
c rst  geom best  vmt   228   63K    2297 17744   877    4.12    4.02   159   295   24K    86   28.85   28.76
c [branch] adjusting to: vsid (from: vmtf) var_decay:0.95 descr: VSIDS
c rst  geom best   vs   229   63K    2297 17744   877    4.12    4.02   159   295   25K    86   28.84   28.75
c rst  geom best   vs   230   63K    2297 17744   877    4.12    4.02   159   295   25K    86   28.83   28.74
c rst  geom best   vs   231   63K    2297 17744   877    4.12    4.02   159   295   25K    86   28.85   28.76
c rst  geom best   vs   232   63K    2297 17744   877    4.12    4.02   159   295   25K    86   28.86   28.77
c rst  geom best   vs   233   63K    2297 17744   877    4.12    4.02   159   295   25K    86   28.84   28.75
c rst  geom best   vs   234   64K    2297 17744   877    4.12    4.02   159   295   25K    86   28.90   28.82
c rst  geom best   vs   235   64K    2297 17744   877    4.12    4.02   159   295   25K    86   28.94   28.85
c rst  geom best   vs   236   64K    2297 17744   877    4.12    4.02   159   295   26K    86   28.94   28.85
c rst  geom best   vs   237   64K    2297 17744   877    4.12    4.02   159   310   26K    86   28.91   28.82
c rst  geom best   vs   238   64K    2297 17744   877    4.12    4.02   159   310   26K    86   28.96   28.87
c rst  geom best   vs   239   65K    2297 17744   877    4.12    4.02   159   310   26K    86   28.85   28.77
c rst  geom best   vs   240   65K    2297 17744   877    4.12    4.02   159   310   27K    86   28.80   28.72
c rst  geom best   vs   241   65K    2297 17744   877    4.12    4.02   159   310   27K    86   28.70   28.61
c rst  geom best   vs   242   66K    2297 17744   877    4.12    4.02   159   310   27K    86   28.68   28.60
c [distill-long-red0] cls tried: 56/56 T: 0.00 T-out: N T-r: 99.93%
c [distill-long-red1] cls tried: 113/213 T: 0.01 T-out: Y T-r: -0.76%
c rst  geom best   vs   243   66K    2297 17744   877    4.12    4.02   159   310   28K    86   28.63   28.56
c rst  geom best   vs   244   67K    2297 17744   877    4.12    4.02   159   310   28K    86   28.64   28.56
c rst  geom  stb   vs   245   67K    2297 17744   877    4.12    4.02   159   310   29K    86   28.61   28.54
c rst  geom  stb   vs   246   68K    2297 17744   877    4.12    4.02   159   310   29K    86   28.59   28.51
c rst  geom  stb   vs   247   68K    2297 17744   877    4.12    4.02   159   310   30K    86   28.52   28.45
c rst  geom  stb   vs   248   69K    2297 17744   877    4.12    4.02   159   310   31K    86   28.56   28.49
c rst  geom  stb   vs   249   70K    2297 17744   877    4.12    4.02   194   275   31K    86   28.61   28.53
c rst  geom  stb   vs   250   70K    2297 17744   877    4.12    4.02   194   275   32K    86   28.65   28.58
c rst  geom  stb   vs   251   71K    2297 17744   877    4.12    4.02   194   275   33K    86   28.61   28.55
c rst  geom  stb   vs   252   72K    2297 17744   877    4.12    4.02   194   275   34K    86   28.73   28.66
c rst  geom  stb   vs   253   73K    2297 17744   877    4.12    4.02   194   275   35K    86   28.67   28.61
c [distill-bin] useful: 0/877/877 lits-rem: 0 cl-rem: 0 0-depth-assigns: 0 T: 0.01 T-out: N
c rst  geom ibes   vs   254   74K    2297 17744   877    4.12    4.02   196   279   36K    86   29.05   28.99
c [branch] adjusting to: vmtf (from: vsid) var_decay:0.95 descr: VMTF
c rst  luby ibes  vmt   255   75K    2297 17744   877    4.12    4.02   197   352   30K    86   28.45   28.38
c rst  luby ibes  vmt   256   75K    2297 17744   877    4.12    4.02   198   352   30K    86   28.42   28.34
c rst  luby ibes  vmt   257   75K    2297 17744   877    4.12    4.02   198   354   30K    86   28.33   28.26
c rst  luby ibes  vmt   258   75K    2297 17744   877    4.12    4.02   198   354   31K    86   28.29   28.22
c rst  luby ibes  vmt   259   75K    2297 17744   877    4.12    4.02   198   354   31K    86   28.28   28.21
c rst  luby ibes  vmt   260   75K    2297 17744   877    4.12    4.02   198   371   31K    86   28.23   28.16
c rst  luby ibes  vmt   261   76K    2297 17744   877    4.12    4.02   198   376   31K    86   28.12   28.05
c rst  luby ibes  vmt   262   76K    2297 17744   877    4.12    4.02   198   377   31K    86   28.08   28.01
c rst  luby ibes  vmt   263   76K    2297 17744   877    4.12    4.02   198   378   31K    86   28.03   27.96
c rst  luby ibes  vmt   264   76K    2297 17744   877    4.12    4.02   198   381   32K    86   27.97   27.90
c rst  luby ibes  vmt   265   76K    2297 17744   877    4.12    4.02   198   381   32K    86   27.93   27.87
c rst  luby ibes  vmt   266   76K    2297 17744   877    4.12    4.02   198   381   32K    86   27.89   27.82
c rst  luby ibes  vmt   267   76K    2297 17744   877    4.12    4.02   198   381   32K    86   27.80   27.73
c rst  luby ibes  vmt   268   77K    2297 17744   877    4.12    4.02   199   397   32K    86   27.76   27.69
c [distill] watch-based irred--  cl tried     7656 cl-sh   139 cl-rem  152 lit-rem    145 T: 0.01 T-out: N
c [distill] watch-based   red--  cl tried      398 cl-sh     3 cl-rem    0 lit-rem      3 T: 0.00 T-out: N
c rst  luby ibes  vmt   269   78K    2297 17592   887    4.11    4.01   202   410   33K    76   27.58   27.52
c rst  luby ibes  vmt   270   78K    2297 17592   887    4.11    4.01   203   413   33K    76   27.57   27.51
c rst  luby ibes  vmt   271   78K    2297 17592   887    4.11    4.01   203   414   33K    76   27.53   27.48
c rst  luby ibes  vmt   272   78K    2297 17592   887    4.11    4.01   203   418   34K    76   27.48   27.43
c rst  luby ibes  vmt   273   78K    2297 17592   887    4.11    4.01   203   419   34K    76   27.50   27.44
c rst  luby ibes  vmt   274   78K    2297 17592   887    4.11    4.01   203   421   34K    76   27.48   27.42
c rst  luby ibes  vmt   275   78K    2297 17592   887    4.11    4.01   203   425   34K    76   27.46   27.40
c rst  luby ibes  vmt   276   79K    2297 17592   887    4.11    4.01   203   429   34K    76   27.30   27.25
c rst  luby ibes  vmt   277   79K    2297 17592   887    4.11    4.01   203   429   35K    76   27.27   27.21
c rst  luby ibes  vmt   278   79K    2297 17592   887    4.11    4.01   203   429   35K    76   27.23   27.17
c rst  luby  svd  vmt   279   79K    2297 17592   887    4.11    4.01   203   433   35K    76   27.16   27.11
c rst  luby  svd  vmt   280   79K    2297 17592   887    4.11    4.01   203   435   35K    76   27.15   27.09
c rst  luby  svd  vmt   281   79K    2297 17592   887    4.11    4.01   203   436   35K    76   27.12   27.07
c rst  luby  svd  vmt   282   80K    2297 17592   887    4.11    4.01   282   352   35K    76   27.07   27.02
c rst  luby  svd  vmt   283   80K    2297 17592   887    4.11    4.01   283   358   36K    76   27.04   26.98
c rst  luby  svd  vmt   284   81K    2297 17592   887    4.11    4.01   283   365   36K    76   26.88   26.83
c [distill-long-red0] cls tried: 109/109 T: 0.00 T-out: N T-r: 99.74%
c [distill-long-red1] cls tried: 67/197 T: 0.01 T-out: Y T-r: -1.94%
c [full-probe]  bin_only: 0 set: 1 repl: 0 T: 0.00 T-out: N T-r: 98.09%
c rst  luby  svd  vmt   285   82K    2296 17592   887    4.11    4.01   283   384   38K    80   26.47   26.42
c rst  luby  svd  vmt   286   83K    2296 17592   887    4.11    4.01   284   386   38K    80   26.45   26.40
c rst  luby  svd  vmt   287   83K    2296 17592   887    4.11    4.01   284   386   38K    80   26.43   26.38
c rst  luby  svd  vmt   288   83K    2296 17592   887    4.11    4.01   284   386   38K    80   26.36   26.31
c rst  luby  svd  vmt   289   83K    2296 17592   887    4.11    4.01   284   386   39K    80   26.33   26.28
c rst  luby  svd  vmt   290   83K    2296 17592   887    4.11    4.01   284   386   39K    80   26.29   26.24
c rst  luby  svd  vmt   291   83K    2296 17592   887    4.11    4.01   284   386   39K    80   26.25   26.20
c rst  luby  svd  vmt   292   84K    2296 17592   887    4.11    4.01   284   391   39K    80   26.14   26.09
c rst  luby  svd  vmt   293   84K    2296 17592   887    4.11    4.01   284   391   39K    80   26.12   26.07
c rst  luby  svd  vmt   294   84K    2296 17592   887    4.11    4.01   284   391   39K    80   26.10   26.05
c rst  luby  svd  vmt   295   84K    2296 17592   887    4.11    4.01   284   406   40K    80   26.08   26.04
c rst  luby  svd  vmt   296   84K    2296 17592   887    4.11    4.01   285   409   40K    80   26.08   26.03
c rst  luby  svd  vmt   297   84K    2296 17592   887    4.11    4.01   285   411   40K    80   26.09   26.04
c rst  luby  svd  vmt   298   85K    2296 17592   887    4.11    4.01   285   413   40K    80   26.06   26.02
c rst  luby  svd  vmt   299   85K    2296 17592   887    4.11    4.01   285   413   40K    80   26.05   26.01
c rst  luby  svd  vmt   300   86K    2296 17592   887    4.11    4.01   285   429   41K    80   25.96   25.91
c rst  geom best  vmt   301   86K    2296 17592   887    4.11    4.01   285   429   41K    80   25.96   25.92
c rst  geom best  vmt   302   86K    2296 17592   887    4.11    4.01   285   429   41K    80   25.95   25.90
c rst  geom best  vmt   303   86K    2296 17592   887    4.11    4.01   285   432   42K    80   25.95   25.91
c rst  geom best  vmt   304   86K    2296 17592   887    4.11    4.01   286   433   42K    80   25.94   25.89
c rst  geom best  vmt   305   86K    2296 17592   887    4.11    4.01   286   433   42K    80   25.94   25.89
c rst  geom best  vmt   306   87K    2296 17592   887    4.11    4.01   286   437   42K    80   25.91   25.87
c rst  geom best  vmt   307   87K    2296 17592   887    4.11    4.01   286   441   42K    80   25.90   25.86
c rst  geom best  vmt   308   87K    2296 17592   887    4.11    4.01   287   466   42K    80   25.86   25.82
c rst  geom best  vmt   309   87K    2296 17592   887    4.11    4.01   287   472   43K    80   25.85   25.81
c [branch] adjusting to: vsid (from: vmtf) var_decay:0.95 descr: VSIDS
c rst  geom best   vs   310   87K    2296 17592   887    4.11    4.01   287   472   43K    80   25.84   25.80
c rst  geom best   vs   311   87K    2296 17592   887    4.11    4.01   288   477   43K    80   25.88   25.84
c rst  geom best   vs   312   88K    2296 17592   887    4.11    4.01   288   477   43K    80   25.88   25.84
c rst  geom best   vs   313   88K    2296 17592   887    4.11    4.01   289   477   43K    80   25.88   25.84
c rst  geom best   vs   314   88K    2296 17592   887    4.11    4.01   289   477   43K    80   25.89   25.85
c [ccnr] tries: 0 steps: 262143 best found: 13
c [ccnr] tries: 0 steps: 524287 best found: 12
c [ccnr] saving best assignment phase to stable_polar
c [ccnr] bumping based on var unsat frequency: conflict_ct
c [ccnr] Bumped vars: 2603 bump type: 6
c [ccnr] time: 0.36
c rst  geom best   vs   315   88K    2296 17592   887    4.11    4.01   289   477   43K    80   25.91   25.87
c rst  geom best   vs   316   88K    2296 17592   887    4.11    4.01   289   477   44K    80   25.93   25.88
c rst  geom best   vs   317   88K    2296 17592   887    4.11    4.01   289   477   44K    80   25.96   25.92
c rst  geom best   vs   318   89K    2296 17592   887    4.11    4.01   290   477   44K    80   26.00   25.96
c rst  geom best   vs   319   89K    2296 17592   887    4.11    4.01   290   477   44K    80   25.97   25.93
c rst  geom best   vs   320   89K    2296 17592   887    4.11    4.01   290   477   45K    80   25.95   25.91
c rst  geom best   vs   321   90K    2296 17592   887    4.11    4.01   450   690   34K    80   23.82   23.77
c rst  geom best   vs   322   90K    2296 17592   887    4.11    4.01   450   690   34K    80   23.78   23.73
c rst  geom best   vs   323   90K    2296 17592   887    4.11    4.01   450   690   35K    80   23.74   23.69
c rst  geom best   vs   324   91K    2296 17592   887    4.11    4.01   450   690   35K    80   23.75   23.71
c rst  geom best   vs   325   91K    2296 17592   887    4.11    4.01   450   690   35K    80   23.75   23.70
c rst  geom best   vs   326   92K    2296 17592   887    4.11    4.01   450   690   36K    80   23.78   23.73
c rst  geom  stb   vs   327   92K    2296 17592   887    4.11    4.01   450   690   37K    80   23.80   23.76
c rst  geom  stb   vs   328   93K    2296 17592   887    4.11    4.01   450   690   37K    80   23.96   23.92
c rst  geom  stb   vs   329   93K    2296 17592   887    4.11    4.01   450   690   38K    80   23.99   23.94
c [distill-bin] useful: 0/887/887 lits-rem: 0 cl-rem: 0 0-depth-assigns: 0 T: 0.00 T-out: N
c rst  geom  stb   vs   330   94K    2296 17592   885    4.11    4.01   450   690   39K    80   23.98   23.94
c rst  geom  stb   vs   331   95K    2296 17592   885    4.11    4.01   450   690   39K    80   23.95   23.91
c rst  geom  stb   vs   332   96K    2296 17592   885    4.11    4.01   450   690   40K    80   24.11   24.07
c rst  geom  stb   vs   333   97K    2296 17592   885    4.11    4.01   450   690   41K    80   24.06   24.02
c [distill-long-red0] cls tried: 148/148 T: 0.01 T-out: N T-r: 99.44%
c [distill-long-red1] cls tried: 23/474 T: 0.01 T-out: Y T-r: -9.76%
c rst  geom  stb   vs   334   98K    2296 17592   885    4.11    4.01   449   690   42K    81   24.31   24.27
c rst  geom ibes   vs   335   99K    2296 17592   885    4.11    4.01   449   690   43K    81   24.30   24.26
c rst  geom ibes   vs   336  100K    2296 17592   885    4.11    4.01   450   687   45K    81   24.43   24.39
c [impl-str] lit bin: 0 set-var: 0 T: 0.00 T-out: N T-r: 99.95% w-visit: 5206
c [impl-sub] bin: 3 T: 0.00 T-out: N w-visit: 5206
c rst  geom ibes   vs   337  102K    2296 17592   885    4.11    4.01   450   687   46K    78   24.82   24.78
c [branch] adjusting to: vmtf (from: vsid) var_decay:0.95 descr: VMTF
c [full-probe]  bin_only: 1 set: 0 repl: 0 T: 0.00 T-out: N T-r: 99.80%
c rst  luby ibes  vmt   338  102K    2296 17592   885    4.11    4.01   452   698   46K    82   24.81   24.78
c rst  luby ibes  vmt   339  102K    2296 17592   885    4.11    4.01   452   698   46K    82   24.89   24.85
c rst  luby ibes  vmt   340  102K    2296 17592   885    4.11    4.01   452   698   46K    82   24.99   24.95
c [distill] watch-based irred--  cl tried     7502 cl-sh     1 cl-rem    0 lit-rem      1 T: 0.00 T-out: N
c [distill] watch-based   red--  cl tried      898 cl-sh     7 cl-rem    2 lit-rem     31 T: 0.01 T-out: N
c rst  luby ibes  vmt   341  102K    2296 17550   887    4.11    4.01   448   698   46K    81   25.00   24.97
c rst  luby ibes  vmt   342  102K    2296 17550   887    4.11    4.01   448   698   46K    81   25.02   24.98
c rst  luby ibes  vmt   343  102K    2296 17550   887    4.11    4.01   448   698   47K    81   25.06   25.02
c rst  luby ibes  vmt   344  103K    2296 17550   887    4.11    4.01   448   698   47K    81   25.12   25.08
c rst  luby ibes  vmt   345  103K    2296 17550   887    4.11    4.01   448   698   47K    81   25.13   25.09
c rst  luby ibes  vmt   346  103K    2296 17550   887    4.11    4.01   448   698   47K    81   25.13   25.09
c rst  luby ibes  vmt   347  103K    2296 17550   887    4.11    4.01   448   698   48K    81   25.15   25.11
c rst  luby ibes  vmt   348  103K    2296 17550   887    4.11    4.01   449   703   48K    81   25.18   25.14
c rst  luby ibes  vmt   349  103K    2296 17550   887    4.11    4.01   449   703   48K    81   25.19   25.15
c rst  luby ibes  vmt   350  104K    2296 17550   887    4.11    4.01   449   703   48K    81   25.19   25.16
c rst  luby ibes  vmt   351  104K    2296 17550   887    4.11    4.01   449   703   48K    81   25.19   25.15
c rst  luby  svd  vmt   352  105K    2296 17550   887    4.11    4.01   450   704   36K    81   25.48   25.43
c rst  luby  svd  vmt   353  105K    2296 17550   887    4.11    4.01   450   704   36K    81   25.47   25.42
c rst  luby  svd  vmt   354  105K    2296 17550   887    4.11    4.01   450   704   36K    81   25.46   25.41
c rst  luby  svd  vmt   355  105K    2296 17550   887    4.11    4.01   450   704   37K    81   25.47   25.42
c rst  luby  svd  vmt   356  105K    2296 17550   887    4.11    4.01   450   704   37K    81   25.46   25.41
c rst  luby  svd  vmt   357  105K    2296 17550   887    4.11    4.01   450   704   37K    81   25.44   25.39
c rst  luby  svd  vmt   358  106K    2296 17550   887    4.11    4.01   450   704   37K    81   25.42   25.37
c rst  luby  svd  vmt   359  106K    2296 17550   887    4.11    4.01   450   704   37K    81   25.44   25.39
c rst  luby  svd  vmt   360  106K    2296 17550   887    4.11    4.01   450   711   38K    81   25.43   25.38
c rst  luby  svd  vmt   361  106K    2296 17550   887    4.11    4.01   450   711   38K    81   25.42   25.37
c rst  luby  svd  vmt   362  106K    2296 17550   887    4.11    4.01   450   711   38K    81   25.41   25.36
c rst  luby  svd  vmt   363  107K    2296 17550   887    4.11    4.01   450   711   38K    81   25.42   25.37
c rst  luby  svd  vmt   364  107K    2296 17550   887    4.11    4.01   450   711   38K    81   25.42   25.37
c rst  luby  svd  vmt   365  107K    2296 17550   887    4.11    4.01   450   711   38K    81   25.43   25.38
c rst  luby  svd  vmt   366  107K    2296 17550   887    4.11    4.01   450   711   39K    81   25.49   25.44
c rst  luby  svd  vmt   367  108K    2296 17550   887    4.11    4.01   450   713   39K    81   25.64   25.59
c rst  luby  svd  vmt   368  110K    2296 17550   887    4.11    4.01   463   701   41K    81   25.89   25.84
c rst  luby  svd  vmt   369  110K    2296 17550   887    4.11    4.01   463   701   41K    81   25.92   25.88
c rst  luby  svd  vmt   370  110K    2296 17550   887    4.11    4.01   463   701   41K    81   25.95   25.91
c rst  luby  svd  vmt   371  110K    2296 17550   887    4.11    4.01   463   701   41K    81   25.98   25.94
c rst  luby  svd  vmt   372  110K    2296 17550   887    4.11    4.01   464   701   42K    81   26.00   25.95
c rst  geom best  vmt   373  110K    2296 17550   887    4.11    4.01   464   701   42K    81   25.99   25.95
c rst  geom best  vmt   374  110K    2296 17550   887    4.11    4.01   464   701   42K    81   26.01   25.96
c rst  geom best  vmt   375  111K    2296 17550   887    4.11    4.01   464   701   42K    81   26.02   25.98
c rst  geom best  vmt   376  111K    2296 17550   887    4.11    4.01   464   701   42K    81   26.02   25.98
c rst  geom best  vmt   377  111K    2296 17550   887    4.11    4.01   465   701   42K    81   26.03   25.99
c rst  geom best  vmt   378  111K    2296 17550   887    4.11    4.01   465   701   42K    81   26.06   26.01
c rst  geom best  vmt   379  111K    2296 17550   887    4.11    4.01   465   702   43K    81   26.04   26.00
c rst  geom best  vmt   380  111K    2296 17550   887    4.11    4.01   465   702   43K    81   26.11   26.06
c rst  geom best  vmt   381  112K    2296 17550   887    4.11    4.01   465   702   43K    81   26.16   26.12
c rst  geom best  vmt   382  112K    2296 17550   887    4.11    4.01   465   702   43K    81   26.16   26.11
c [distill-long-red0] cls tried: 26/26 T: 0.00 T-out: N T-r: 99.94%
c [distill-long-red1] cls tried: 45/465 T: 0.01 T-out: Y T-r: -2.36%
c rst  geom best  vmt   383  112K    2296 17550   887    4.11    4.01   465   702   44K    81   26.14   26.10
c rst  geom best  vmt   384  113K    2296 17550   887    4.11    4.01   465   702   44K    81   26.26   26.21
c rst  geom best  vmt   385  113K    2296 17550   887    4.11    4.01   465   702   44K    81   26.28   26.23
c rst  geom best  vmt   386  113K    2296 17550   887    4.11    4.01   465   702   45K    81   26.25   26.20
c rst  geom best  vmt   387  114K    2296 17550   887    4.11    4.01   465   702   45K    81   26.25   26.21
c [distill-bin] useful: 0/887/887 lits-rem: 0 cl-rem: 0 0-depth-assigns: 0 T: 0.00 T-out: N
c rst  geom best  vmt   388  114K    2296 17550   887    4.11    4.01   465   702   45K    81   26.24   26.20
c rst  geom best  vmt   389  115K    2296 17550   887    4.11    4.01   465   702   46K    81   26.24   26.20
c rst  geom best  vmt   390  115K    2296 17550   887    4.11    4.01   465   702   47K    81   26.13   26.09
c [gauss] XOR-encoding clauses are not detached, so no need to reattach them.
c [g 0] truth-find prop checks  : 1473K
c [g 0] -> of which prop        : 43.80 %
c [g 0] -> of which confl       :  1.91 %
c [g 0] elim called             : 222K
c [g 0] ---> which lead to prop : 35.18 %
c [g 0] ---> which lead to confl:  1.39 %
c [g 0] size: 41    x 457  
c [scc] new: 3 BP 0M T: 0.00
c [vrep] vars 3 lits 8821 rem-bin-cls 16 rem-long-cls 0 BP 0M T: 0.01
c [scc] new: 0 BP 0M T: 0.00
c [vrep] vars 0 lits 0 rem-bin-cls 0 rem-long-cls 0 BP 0M T: 0.00
c [intree] Set 0 vars hyper-added: 49 trans-irred: 0 trans-red: 0 T: 0.00 T-out: N T-r: -1.51%
c [find&init matx] performing matrix init
c [gauss] XOR-encoding clauses are not detached, so no need to reattach them.
c [xor-rem-unconnected] left with 1721 xors from 1721 non-empty xors T: 0.00
c [xor-together] xored together: 1676 orig xors: 1721 new xors: 45 T: 0.00
c [xor-rem-unconnected] left with 45 xors from 45 non-empty xors T: 0.00
c [xor-clean-equiv] removed equivalent xors: 0 left with: 45
c [matrix] unused xors from cleaning: 0
c [matrix] Good   matrix 0 45      x457    density:0.1717  xorlen avg: 78.47
c [matrix] Using 1 matrices recovered from 0 xors T: 0.00 T-out: N
c rst  geom best vmt  391   116 K 2293    17550   885 4.11    4.01      465   702   47K   122 26.02   25.96  
c rst  geom best vmt  392   116 K 2293    17550   885 4.11    4.01      465   702   48K   122 25.93   25.87  
c rst  geom stb  vmt  393   117 K 2293    17550   885 4.11    4.01      465   702   48K   122 25.94   25.88  
c [branch] adjusting to: vsid (from: vmtf) var_decay:0.95 descr: VSIDS
c rst  geom stb  vs   394   117 K 2293    17550   885 4.11    4.01      465   702   49K   122 25.94   25.88  
c rst  geom stb  vs   395   117 K 2293    17550   885 4.11    4.01      465   702   49K   122 25.93   25.88  
c rst  geom stb  vs   396   118 K 2293    17550   885 4.11    4.01      465   702   49K   122 25.95   25.89  
c rst  geom stb  vs   397   118 K 2293    17550   885 4.11    4.01      465   702   49K   122 25.93   25.88  
c rst  geom stb  vs   398   118 K 2293    17550   885 4.11    4.01      465   702   49K   122 25.93   25.87  
c rst  geom stb  vs   399   118 K 2293    17550   885 4.11    4.01      465   702   49K   122 25.90   25.85  
c rst  geom stb  vs   400   118 K 2293    17550   885 4.11    4.01      465   702   50K   122 25.88   25.83  
c rst  geom stb  vs   401   118 K 2293    17550   885 4.11    4.01      465   702   50K   122 25.89   25.84  
c rst  geom stb  vs   402   119 K 2293    17550   885 4.11    4.01      465   702   50K   122 25.94   25.88  
c rst  geom stb  vs   403   119 K 2293    17550   885 4.11    4.01      465   702   50K   122 25.96   25.91  
c rst  geom stb  vs   404   119 K 2293    17550   885 4.11    4.01      465   702   51K   122 25.96   25.90  
c rst  geom stb  vs   405   119 K 2293    17550   885 4.11    4.01      465   702   51K   122 25.95   25.89  
c rst  geom stb  vs   406   120 K 2293    17550   885 4.11    4.01      467   700   37K   122 26.36   26.28  
c rst  geom stb  vs   407   120 K 2293    17550   885 4.11    4.01      467   700   38K   122 26.38   26.31  
c rst  geom stb  vs   408   121 K 2293    17550   885 4.11    4.01      467   700   38K   122 26.37   26.29  
c rst  geom stb  vs   409   121 K 2293    17550   885 4.11    4.01      467   700   38K   122 26.46   26.38  
c rst  geom stb  vs   410   122 K 2293    17550   885 4.11    4.01      467   700   39K   122 26.49   26.42  
c rst  geom stb  vs   411   122 K 2293    17550   885 4.11    4.01      467   700   39K   122 26.51   26.44  
c [full-probe]  bin_only: 0 set: 0 repl: 0 T: 0.00 T-out: N T-r: 98.01%
c rst  geom stb  vs   412   123 K 2293    17550   885 4.11    4.01      467   700   40K   122 26.57   26.49  
c rst  geom ibes vs   413   123 K 2293    17550   885 4.11    4.01      467   700   41K   122 26.63   26.56  
c rst  geom ibes vs   414   124 K 2293    17550   885 4.11    4.01      467   700   41K   122 26.88   26.81  
c rst  geom ibes vs   415   125 K 2293    17550   885 4.11    4.01      467   700   42K   122 26.98   26.91  
c rst  geom ibes vs   416   126 K 2293    17550   885 4.11    4.01      467   700   43K   122 27.04   26.97  
c rst  geom ibes vs   417   127 K 2293    17550   885 4.11    4.01      467   700   44K   122 27.15   27.08  
c rst  geom ibes vs   418   128 K 2293    17550   885 4.11    4.01      467   700   45K   122 27.18   27.12  
c [distill-long-red0] cls tried: 2/2 T: 0.00 T-out: N T-r: 99.99%
c [distill-long-red1] cls tried: 116/418 T: 0.00 T-out: Y T-r: -0.47%
c [distill] watch-based irred--  cl tried 7500     cl-sh 0     cl-rem 0    lit-rem 0      T: 0.00 T-out: N
c [distill] watch-based red  --  cl tried 933      cl-sh 3     cl-rem 1    lit-rem 26     T: 0.00 T-out: N
c rst  geom ibes vs   419   129 K 2293    17550   885 4.11    4.01      466   700   46K   122 27.18   27.12  
c rst  geom ibes vs   420   130 K 2293    17550   885 4.11    4.01      469   673   48K   122 27.44   27.38  
c rst  geom svd  vs   421   132 K 2293    17550   885 4.11    4.01      469   673   49K   122 27.55   27.48  
c rst  geom svd  vs   422   133 K 2293    17550   885 4.11    4.01      469   673   51K   122 27.37   27.31  
c [ccnr] tries: 0 steps: 262143 best found: 9
c [ccnr] tries: 0 steps: 524287 best found: 9
c [ccnr] saving best assignment phase to stable_polar
c [ccnr] bumping based on var unsat frequency: conflict_ct
c [ccnr] Bumped vars: 2603 bump type: 6
c [ccnr] time: 0.37
c rst  geom svd  vs   423   134 K 2293    17550   885 4.11    4.01      469   673   51K   122 27.46   27.40  
c recursive minimization cost OK: 319Kcost/(% lits removed)
c [gauss] XOR-encoding clauses are not detached, so no need to reattach them.
c [g 0] truth-find prop checks  : 343K
c [g 0] -> of which prop        : 73.64 %
c [g 0] -> of which confl       :  2.61 %
c [g 0] elim called             : 12159
c [g 0] ---> which lead to prop : 86.92 %
c [g 0] ---> which lead to confl:  1.74 %
c [g 0] size: 45    x 457  
c --> Executing strategy token: scc-vrepl
c [scc] new: 0 BP 0M T: 0.00
c --> Executing strategy token: sub-impl
c [impl-sub] bin: 4 T: 0.00 T-out: N w-visit: 5206
c --> Executing strategy token: breakid
c --> Executing OCC strategy token(s): 'occ-backw-sub-str,occ-clean-implicit,occ-bve,occ-bva,occ-ternary-res,occ-xor,'
c [occ] mem usage for occur 1      MB
c [occ] Linked in IRRED BIN by default: 883
c [occ] Linked in RED   BIN by default: 120
c [occ] mem usage for occur 0      MB
c Mem for watch alloc      : 6           MB (20.88     %)
c Mem for watch array      : 0           MB (0.36      %)
c --> Executing OCC strategy token: occ-backw-sub-str
c [occ-backw-sub-str-long-w-bins] subs: 0 str: 0 tried: 4900 0-depth ass: 0 T: 0.00 T-out: N T-r: 99.70%
c [occ-backw-sub-long-w-long] rem cl: 634 tried: 70504/70504 (100.0%) T: 0.01 T-out: N T-r: 94.66%
c [occ-backw-sub-str-long-w-long] sub: 1 str: 120 tried: 211512/70504 (300.0)  T: 0.05 T-out: N T-r: 86.90%
c --> Executing OCC strategy token: occ-clean-implicit
c --> Executing OCC strategy token: occ-bve
c [occ-empty-res] Empty resolvent elimed: 0 T: 0.00 T-out: N
c [occ-bve] iter v-elim 0
c cl_inc_rate=1.0, var_dec_rate=1.0 (grow=0)
c Reduced to 2293 vars, 17874 cls (grow=0)
c [occ-bve] iter v-elim 17
c cl_inc_rate=1.0, var_dec_rate=1.0 (grow=8)
c Reduced to 2276 vars, 17890 cls (grow=8)
c x n vars       : 2276
c #try to eliminate:  4642
c #var-elim        :    17
c #T-o: N
c #T-r: 99.99%
c #T  : 0.05
c [occur] 0.02 is overhead
c [occur] link-in T: 0.02 cleanup T: 0.00
c --> Executing OCC strategy token: occ-bva
c --> Executing OCC strategy token: occ-ternary-res
c [occ-ternary-res] Ternary res-tri: 0 res-bin: 0 sub: 0 str: 0 T: 0.00 T-out: N T-r: 99.69%
c --> Executing OCC strategy token: occ-xor
c [occ-xor] sort occur list T: 0.00
c [xor-clean-equiv] removed equivalent xors: 0 left with: 1709
c [occ-xor] found   1709 avg sz 4.0 min sz  4 max sz  5 T: 0.00 T-out: N T-r: 99.98%
c --> Executing strategy token: card-find
c --> Executing strategy token: cl-consolidate
c Not consolidating memory.
c --> Executing strategy token: scc-vrepl
c [scc] new: 0 BP 0M T: 0.00
c --> Executing strategy token: renumber
c --> Executing strategy token: bosphorus
c --> Executing strategy token: louvain-comms
c [consolidate] mini T: 0.00
c global_timeout_multiplier: 3.6300
c [branch] rebuilding order heap for all branchings. Current branching: vsid
c [find&init matx] performing matrix init
c [gauss] XOR-encoding clauses are not detached, so no need to reattach them.
c [xor-rem-unconnected] left with 1709 xors from 1709 non-empty xors T: 0.00
c [xor-together] xored together: 1664 orig xors: 1709 new xors: 45 T: 0.00
c [xor-rem-unconnected] left with 45 xors from 45 non-empty xors T: 0.00
c [xor-clean-equiv] removed equivalent xors: 0 left with: 45
c [matrix] unused xors from cleaning: 0
c [matrix] Good   matrix  0     45 x  456  density:0.1719  xorlen avg: 78.38
c [matrix] Using 1 matrices recovered from 0 xors T: 0.00 T-out: N
c [distill-bin] useful: 2/862/862 lits-rem: 0 cl-rem: 2 0-depth-assigns: 0 T: 0.01 T-out: N
c rst  geom  svd   vs   424  135K    2276 17028   860    4.12    4.02   379   651   37K   118   29.02   28.93
c [branch] adjusting to: vmtf (from: vsid) var_decay:0.95 descr: VMTF
c rst  luby  svd  vmt   425  135K    2276 17028   860    4.12    4.02   393   666   38K   119   29.08   29.00
c rst  luby  svd  vmt   426  135K    2276 17028   860    4.12    4.02   393   666   38K   119   29.11   29.03
c rst  luby  svd  vmt   427  135K    2276 17028   860    4.12    4.02   393   666   38K   119   29.20   29.11
c rst  luby  svd  vmt   428  135K    2276 17028   860    4.12    4.02   393   666   38K   119   29.23   29.15
c rst  luby  svd  vmt   429  135K    2276 17028   860    4.12    4.02   393   666   38K   119   29.27   29.19
c rst  luby  svd  vmt   430  136K    2276 17028   860    4.12    4.02   393   672   38K   119   29.34   29.26
c rst  luby  svd  vmt   431  136K    2276 17028   860    4.12    4.02   393   672   39K   119   29.36   29.28
c rst  luby  svd  vmt   432  136K    2276 17028   860    4.12    4.02   393   672   39K   119   29.38   29.30
c rst  luby  svd  vmt   433  136K    2276 17028   860    4.12    4.02   393   672   39K   119   29.38   29.30
c rst  luby  svd  vmt   434  136K    2276 17028   860    4.12    4.02   393   672   39K   119   29.34   29.26
c rst  luby  svd  vmt   435  137K    2276 17028   860    4.12    4.02   393   672   39K   119   29.33   29.25
c rst  geom best  vmt   436  137K    2276 17028   860    4.12    4.02   393   672   39K   119   29.32   29.24
c rst  geom best  vmt   437  137K    2276 17028   860    4.12    4.02   393   672   39K   119   29.32   29.24
c rst  geom best  vmt   438  137K    2276 17028   860    4.12    4.02   393   672   40K   119   29.33   29.25
c rst  geom best  vmt   439  137K    2276 17028   860    4.12    4.02   393   672   40K   119   29.32   29.24
c rst  geom best  vmt   440  137K    2276 17028   860    4.12    4.02   393   672   40K   119   29.36   29.29
c rst  geom best  vmt   441  137K    2276 17028   860    4.12    4.02   393   672   40K   119   29.39   29.31
c rst  geom best  vmt   442  138K    2276 17028   860    4.12    4.02   393   672   40K   119   29.35   29.27
c rst  geom best  vmt   443  138K    2276 17028   860    4.12    4.02   393   672   40K   119   29.30   29.22
c rst  geom best  vmt   444  138K    2276 17028   860    4.12    4.02   393   672   41K   119   29.31   29.23
c rst  geom best  vmt   445  138K    2276 17028   860    4.12    4.02   393   672   41K   119   29.32   29.24
c rst  geom best  vmt   446  139K    2276 17028   860    4.12    4.02   393   672   41K   119   29.29   29.21
c rst  geom best  vmt   447  139K    2276 17028   860    4.12    4.02   393   672   42K   119   29.26   29.18
c rst  geom best  vmt   448  139K    2276 17028   860    4.12    4.02   393   672   42K   119   29.26   29.19
c rst  geom best  vmt   449  140K    2276 17028   860    4.12    4.02   397   631   42K   119   29.29   29.22
c rst  geom best  vmt   450  140K    2276 17028   860    4.12    4.02   397   631   43K   119   29.25   29.18
c rst  geom best  vmt   451  140K    2276 17028   860    4.12    4.02   397   631   43K   119   29.26   29.19
c rst  geom best  vmt   452  141K    2276 17028   860    4.12    4.02   397   631   44K   119   29.16   29.09
c rst  geom best  vmt   453  142K    2276 17028   860    4.12    4.02   397   631   44K   119   29.08   29.01
c rst  geom best  vmt   454  142K    2276 17028   860    4.12    4.02   397   631   45K   119   29.01   28.94
c [full-probe]  bin_only: 1 set: 0 repl: 0 T: 0.00 T-out: N T-r: 99.73%
c rst  geom best  vmt   455  143K    2276 17028   860    4.12    4.02   399   631   45K   119   29.37   29.30
c [distill-long-red0] cls tried: 25/25 T: 0.00 T-out: N T-r: 99.94%
c [distill-long-red1] cls tried: 252/285 T: 0.01 T-out: Y T-r: -0.36%
c rst  geom best  vmt   456  143K    2276 17028   860    4.12    4.02   399   631   46K   119   29.29   29.22
c rst  geom  stb  vmt   457  144K    2276 17028   860    4.12    4.02   399   631   47K   119   29.27   29.21
c rst  geom  stb  vmt   458  145K    2276 17028   860    4.12    4.02   399   631   48K   119   29.31   29.25
c rst  geom  stb  vmt   459  146K    2276 17028   860    4.12    4.02   399   632   49K   119   29.56   29.50
c rst  geom  stb  vmt   460  147K    2276 17028   860    4.12    4.02   399   632   50K   119   29.66   29.59
c rst  geom  stb  vmt   461  148K    2276 17028   860    4.12    4.02   399   632   51K   119   29.46   29.39
c rst  geom  stb  vmt   462  150K    2276 17028   860    4.12    4.02   399   548   37K   119   28.90   28.82
c rst  geom  stb  vmt   463  151K    2276 17028   860    4.12    4.02   399   548   38K   119   28.71   28.63
c rst  geom ibes  vmt   464  153K    2276 17028   860    4.12    4.02   399   548   40K   119   28.64   28.56
c rst  geom ibes  vmt   465  154K    2276 17028   860    4.12    4.02   399   548   42K   119   28.51   28.44
c [branch] adjusting to: vsid (from: vmtf) var_decay:0.95 descr: VSIDS
c [distill-bin] useful: 0/860/860 lits-rem: 0 cl-rem: 0 0-depth-assigns: 0 T: 0.01 T-out: N
c [distill] watch-based irred--  cl tried     6408 cl-sh     0 cl-rem    0 lit-rem      0 T: 0.00 T-out: N
c [distill] watch-based   red--  cl tried      798 cl-sh     0 cl-rem    0 lit-rem      0 T: 0.00 T-out: N
c rst  geom ibes   vs   466  154K    2276 17028   860    4.12    4.02   399   548   42K   119   28.52   28.45
c rst  geom ibes   vs   467  154K    2276 17028   860    4.12    4.02   399   548   42K   119   28.53   28.46
c rst  geom ibes   vs   468  155K    2276 17028   860    4.12    4.02   399   548   42K   119   28.57   28.50
c rst  geom ibes   vs   469  155K    2276 17028   860    4.12    4.02   399   548   42K   119   28.58   28.51
c rst  geom ibes   vs   470  155K    2276 17028   860    4.12    4.02   399   548   42K   119   28.61   28.54
c rst  geom ibes   vs   471  155K    2276 17028   860    4.12    4.02   399   548   42K   119   28.63   28.56
c rst  geom ibes   vs   472  155K    2276 17028   860    4.12    4.02   399   548   43K   119   28.63   28.56
c rst  geom ibes   vs   473  156K    2276 17028   860    4.12    4.02   399   548   43K   119   28.70   28.63
c rst  geom ibes   vs   474  156K    2276 17028   860    4.12    4.02   399   548   43K   119   28.67   28.60
c rst  geom ibes   vs   475  156K    2276 17028   860    4.12    4.02   399   548   43K   119   28.63   28.56
c rst  geom ibes   vs   476  156K    2276 17028   860    4.12    4.02   399   548   44K   119   28.58   28.51
c rst  geom ibes   vs   477  157K    2276 17028   860    4.12    4.02   399   548   44K   119   28.65   28.58
c rst  geom ibes   vs   478  157K    2276 17028   860    4.12    4.02   399   548   44K   119   28.58   28.51
c rst  geom ibes   vs   479  157K    2276 17028   860    4.12    4.02   399   548   45K   119   28.66   28.59
c rst  geom ibes   vs   480  158K    2276 17028   860    4.12    4.02   399   548   45K   119   28.71   28.64
c rst  geom  svd   vs   481  158K    2276 17028   860    4.12    4.02   399   548   46K   119   28.63   28.56
c [distill-long-red0] cls tried: 0/0 T: 0.00 T-out: N T-r: 100.00%
c [distill-long-red1] cls tried: 32/32 T: 0.00 T-out: N T-r: 88.61%
c rst  geom  svd   vs   482  159K    2276 17028   860    4.12    4.02   399   548   46K   119   28.55   28.49
c rst  geom  svd   vs   483  159K    2276 17028   860    4.12    4.02   399   550   47K   119   28.65   28.59
c rst  geom  svd   vs   484  160K    2276 17028   860    4.12    4.02   400    87   48K   119   28.60   28.53
c rst  geom  svd   vs   485  160K    2276 17028   860    4.12    4.02   400    87   48K   119   28.63   28.57
c [impl-str] lit bin: 0 set-var: 0 T: 0.00 T-out: N T-r: 99.96% w-visit: 5206
c [impl-sub] bin: 1 T: 0.00 T-out: N w-visit: 5206
c rst  geom  svd   vs   486  161K    2276 17028   860    4.12    4.02   400    87   49K   118   28.62   28.56
c rst  geom  svd   vs   487  162K    2276 17028   860    4.12    4.02   400    87   50K   118   28.60   28.54
c rst  geom  svd   vs   488  163K    2276 17028   860    4.12    4.02   400    87   51K   118   28.59   28.53
c [full-probe]  bin_only: 0 set: 0 repl: 0 T: 0.01 T-out: N T-r: 97.71%
c rst  geom  svd   vs   489  164K    2276 17028   860    4.12    4.02   402    97   52K   118   28.63   28.57
c rst  geom  svd   vs   490  165K    2276 17028   860    4.12    4.02   403    99   38K   118   28.63   28.55
c rst  geom best   vs   491  166K    2276 17028   860    4.12    4.02   403    99   39K   118   28.56   28.49
c rst  geom best   vs   492  167K    2276 17028   860    4.12    4.02   403    99   40K   118   28.50   28.42
c rst  geom best   vs   493  169K    2276 17028   860    4.12    4.02   403    99   42K   118   28.20   28.13
c rst  geom best   vs   494  170K    2276 17028   860    4.12    4.02   409    93   43K   118   28.00   27.94
c rst  geom best   vs   495  172K    2276 17028   860    4.12    4.02   409    93   45K   118   28.01   27.94
c rst  geom  stb   vs   496  174K    2276 17028   860    4.12    4.02   410   101   47K   118   28.12   28.05
c [distill-long-red0] cls tried: 8/8 T: 0.00 T-out: N T-r: 99.99%
c [distill-long-red1] cls tried: 17/17 T: 0.00 T-out: N T-r: 86.48%
c rst  geom  stb   vs   497  176K    2276 17028   860    4.12    4.02   410   101   49K   118   27.95   27.89
c [branch] adjusting to: vmtf (from: vsid) var_decay:0.95 descr: VMTF
c [distill-bin] useful: 0/860/860 lits-rem: 0 cl-rem: 0 0-depth-assigns: 0 T: 0.01 T-out: N
c rst  luby  stb  vmt   498  176K    2276 17028   860    4.12    4.02   410   101   49K   118   27.95   27.89
c rst  luby  stb  vmt   499  176K    2276 17028   860    4.12    4.02   410   101   49K   118   27.95   27.89
c rst  luby  stb  vmt   500  176K    2276 17028   860    4.12    4.02   410   101   49K   118   27.96   27.90
c rst  luby  stb  vmt   501  176K    2276 17028   860    4.12    4.02   410   101   50K   118   27.96   27.90
c rst  luby  stb  vmt   502  176K    2276 17028   860    4.12    4.02   410   101   50K   118   27.95   27.89
c rst  luby  stb  vmt   503  177K    2276 17028   860    4.12    4.02   410   101   50K   118   27.94   27.87
c rst  luby  stb  vmt   504  177K    2276 17028   860    4.12    4.02   410   101   50K   118   27.89   27.83
c rst  luby  stb  vmt   505  177K    2276 17028   860    4.12    4.02   410   101   50K   118   27.88   27.82
c [ccnr] tries: 0 steps: 262143 best found: 8
c [ccnr] tries: 0 steps: 524287 best found: 8
c [ccnr] tries: 0 steps: 786431 best found: 8
c [ccnr] saving best assignment phase to stable_polar
c [ccnr] bumping based on clause weights
c [ccnr] Bumped vars: 101 bump type: 6
c [ccnr] time: 0.37
c rst  luby  stb  vmt   506  177K    2276 17028   860    4.12    4.02   410   101   50K   118   27.85   27.80
c rst  luby  stb  vmt   507  177K    2276 17028   860    4.12    4.02   410   102   51K   118   27.85   27.79
c rst  luby  stb  vmt   508  178K    2276 17028   860    4.12    4.02   410   102   51K   118   27.83   27.77
c rst  luby  stb  vmt   509  178K    2276 17028   860    4.12    4.02   410   102   51K   118   27.81   27.75
c rst  luby  stb  vmt   510  178K    2276 17028   860    4.12    4.02   410   102   51K   118   27.78   27.72
c rst  luby  stb  vmt   511  178K    2276 17028   860    4.12    4.02   411   108   51K   118   27.73   27.67
c rst  luby  stb  vmt   512  179K    2276 17028   860    4.12    4.02   411   109   52K   118   27.56   27.51
c rst  luby ibes  vmt   513  179K    2276 17028   860    4.12    4.02   412   112   52K   118   27.57   27.51
c rst  luby ibes  vmt   514  179K    2276 17028   860    4.12    4.02   412   112   52K   118   27.58   27.53
c [distill] watch-based irred--  cl tried     6408 cl-sh     0 cl-rem    0 lit-rem      0 T: 0.00 T-out: N
c [distill] watch-based   red--  cl tried      824 cl-sh     0 cl-rem    0 lit-rem      0 T: 0.00 T-out: N
c rst  luby ibes  vmt   515  179K    2276 17028   860    4.12    4.02   412   112   53K   118   27.60   27.54
c rst  luby ibes  vmt   516  180K    2276 17028   860    4.12    4.02   437   139   38K   118   26.77   26.69
c rst  luby ibes  vmt   517  180K    2276 17028   860    4.12    4.02   437   139   38K   118   26.77   26.70
c rst  luby ibes  vmt   518  180K    2276 17028   860    4.12    4.02   437   139   38K   118   26.78   26.71
c rst  luby ibes  vmt   519  180K    2276 17028   860    4.12    4.02   437   139   39K   118   26.88   26.81
c [gauss] XOR-encoding clauses are not detached, so no need to reattach them.
c [g 0] truth-find prop checks  : 871K
c [g 0] -> of which prop        : 69.09 %
c [g 0] -> of which confl       :  2.62 %
c [g 0] elim called             : 47K
c [g 0] ---> which lead to prop : 51.51 %
c [g 0] ---> which lead to confl:  1.34 %
c [g 0] size: 45    x 456  
c [scc] new: 0 BP 0M T: 0.00
c [vrep] vars 0 lits 0 rem-bin-cls 0 rem-long-cls 0 BP 0M T: 0.00
c [intree] Set 0 vars hyper-added: 3 trans-irred: 0 trans-red: 0 T: 0.00 T-out: N T-r: -1.34%
c [find&init matx] performing matrix init
c [gauss] XOR-encoding clauses are not detached, so no need to reattach them.
c [xor-rem-unconnected] left with 1709 xors from 1709 non-empty xors T: 0.00
c [xor-together] xored together: 1664 orig xors: 1709 new xors: 45 T: 0.00
c [xor-rem-unconnected] left with 45 xors from 45 non-empty xors T: 0.00
c [xor-clean-equiv] removed equivalent xors: 0 left with: 45
c [matrix] unused xors from cleaning: 0
c [matrix] Good   matrix 0 45      x456    density:0.1719  xorlen avg: 78.38
c [matrix] Using 1 matrices recovered from 0 xors T: 0.00 T-out: N
c rst  luby ibes vmt  520   180 K 2276    17028   860 4.12    4.02      437   139   39K   121 26.90   26.82  
c rst  luby ibes vmt  521   180 K 2276    17028   860 4.12    4.02      437   139   39K   121 26.90   26.82  
c rst  luby ibes vmt  522   181 K 2276    17028   860 4.12    4.02      437   139   39K   121 26.93   26.86  
c rst  luby ibes vmt  523   181 K 2276    17028   860 4.12    4.02      437   139   39K   121 26.95   26.87  
c rst  luby ibes vmt  524   181 K 2276    17028   860 4.12    4.02      437   139   39K   121 26.94   26.87  
c rst  luby ibes vmt  525   181 K 2276    17028   860 4.12    4.02      438   139   39K   121 26.97   26.90  
c rst  luby ibes vmt  526   181 K 2276    17028   860 4.12    4.02      438   139   40K   121 27.02   26.95  
c rst  luby ibes vmt  527   182 K 2276    17028   860 4.12    4.02      438   139   41K   121 27.23   27.16  
c rst  luby ibes vmt  528   184 K 2276    17028   860 4.12    4.02      438   139   42K   121 27.27   27.20  
c [full-probe]  bin_only: 1 set: 0 repl: 0 T: 0.00 T-out: N T-r: 99.84%
c rst  luby ibes vmt  529   184 K 2276    17028   860 4.12    4.02      438   139   42K   121 27.27   27.20  
c rst  luby ibes vmt  530   184 K 2276    17028   860 4.12    4.02      438   139   42K   121 27.26   27.19  
c rst  luby ibes vmt  531   184 K 2276    17028   860 4.12    4.02      438   139   43K   121 27.25   27.18  
c rst  luby ibes vmt  532   184 K 2276    17028   860 4.12    4.02      438   139   43K   121 27.26   27.19  
c rst  luby ibes vmt  533   185 K 2276    17028   860 4.12    4.02      438   139   43K   121 27.27   27.20  
c rst  luby ibes vmt  534   185 K 2276    17028   860 4.12    4.02      438   139   43K   121 27.29   27.22  
c rst  luby ibes vmt  535   185 K 2276    17028   860 4.12    4.02      438   139   43K   121 27.44   27.37  
c rst  luby ibes vmt  536   185 K 2276    17028   860 4.12    4.02      438   140   43K   121 27.45   27.38  
c rst  luby ibes vmt  537   185 K 2276    17028   860 4.12    4.02      438   140   44K   121 27.45   27.38  
c rst  luby ibes vmt  538   186 K 2276    17028   860 4.12    4.02      438   140   44K   121 27.45   27.38  
c rst  luby ibes vmt  539   186 K 2276    17028   860 4.12    4.02      438   140   44K   121 27.47   27.40  
c rst  luby ibes vmt  540   186 K 2276    17028   860 4.12    4.02      438   140   44K   121 27.50   27.43  
c rst  luby ibes vmt  541   186 K 2276    17028   860 4.12    4.02      438   140   44K   121 27.54   27.48  
c rst  luby svd  vmt  542   186 K 2276    17028   860 4.12    4.02      438   140   45K   121 27.59   27.52  
c rst  luby svd  vmt  543   187 K 2276    17028   860 4.12    4.02      438   140   45K   121 27.66   27.60  
c rst  luby svd  vmt  544   187 K 2276    17028   860 4.12    4.02      438   140   45K   121 27.65   27.59  
c rst  luby svd  vmt  545   187 K 2276    17028   860 4.12    4.02      438   140   46K   121 27.64   27.57  
c rst  luby svd  vmt  546   188 K 2276    17028   860 4.12    4.02      438   140   46K   121 27.61   27.54  
c rst  luby svd  vmt  547   188 K 2276    17028   860 4.12    4.02      438   140   46K   121 27.59   27.52  
c rst  luby svd  vmt  548   188 K 2276    17028   860 4.12    4.02      438   140   46K   121 27.58   27.51  
c rst  luby svd  vmt  549   188 K 2276    17028   860 4.12    4.02      438   140   46K   121 27.58   27.51  
c rst  luby svd  vmt  550   188 K 2276    17028   860 4.12    4.02      438   140   47K   121 27.54   27.47  
c rst  luby svd  vmt  551   188 K 2276    17028   860 4.12    4.02      438   140   47K   121 27.52   27.46  
c rst  luby svd  vmt  552   189 K 2276    17028   860 4.12    4.02      438   140   47K   121 27.50   27.44  
c rst  luby svd  vmt  553   189 K 2276    17028   860 4.12    4.02      438   140   47K   121 27.47   27.41  
c rst  luby svd  vmt  554   189 K 2276    17028   860 4.12    4.02      438   140   47K   121 27.46   27.40  
c [distill-long-red0] cls tried: 7/7 T: 0.00 T-out: N T-r: 99.99%
c [distill-long-red1] cls tried: 40/40 T: 0.00 T-out: N T-r: 25.67%
c rst  luby svd  vmt  555   189 K 2276    17028   860 4.12    4.02      438   140   47K   121 27.44   27.38  
c rst  luby svd  vmt  556   189 K 2276    17028   860 4.12    4.02      438   140   47K   121 27.41   27.34  
c rst  luby svd  vmt  557   190 K 2276    17028   860 4.12    4.02      439   139   48K   121 27.33   27.27  
c rst  luby svd  vmt  558   190 K 2276    17028   860 4.12    4.02      439   139   49K   121 27.30   27.24  
c rst  luby svd  vmt  559   192 K 2276    17028   860 4.12    4.02      439   139   50K   121 27.11   27.05  
c rst  luby svd  vmt  560   195 K 2276    17028   860 4.12    4.02      442   142   38K   121 26.80   26.73  
c rst  geom best vmt  561   195 K 2276    17028   860 4.12    4.02      442   142   38K   121 26.79   26.72  
c rst  geom best vmt  562   195 K 2276    17028   860 4.12    4.02      442   142   38K   121 26.79   26.72  
c rst  geom best vmt  563   196 K 2276    17028   860 4.12    4.02      442   142   39K   121 26.80   26.73  
c rst  geom best vmt  564   196 K 2276    17028   860 4.12    4.02      442   142   39K   121 26.79   26.71  
c rst  geom best vmt  565   196 K 2276    17028   860 4.12    4.02      442   142   39K   121 26.82   26.75  
c rst  geom best vmt  566   196 K 2276    17028   860 4.12    4.02      442   142   39K   121 26.82   26.74  
c [distill-bin] useful: 0/860/860 lits-rem: 0 cl-rem: 0 0-depth-assigns: 0 T: 0.00 T-out: N
c rst  geom best vmt  567   196 K 2276    17028   860 4.12    4.02      442   142   39K   121 26.81   26.73  
c rst  geom best vmt  568   196 K 2276    17028   860 4.12    4.02      442   142   39K   121 26.80   26.73  
c rst  geom best vmt  569   197 K 2276    17028   860 4.12    4.02      442   142   40K   121 26.78   26.71  
c rst  geom best vmt  570   197 K 2276    17028   860 4.12    4.02      442   142   40K   121 26.73   26.66  
c rst  geom best vmt  571   197 K 2276    17028   860 4.12    4.02      442   142   40K   121 26.72   26.65  
c rst  geom best vmt  572   198 K 2276    17028   860 4.12    4.02      442   142   41K   121 26.68   26.61  
c [branch] adjusting to: vsid (from: vmtf) var_decay:0.95 descr: VSIDS
c rst  geom best vs   573   198 K 2276    17028   860 4.12    4.02      442   142   41K   121 26.68   26.61  
c rst  geom best vs   574   198 K 2276    17028   860 4.12    4.02      442   142   41K   121 26.67   26.60  
c rst  geom best vs   575   198 K 2276    17028   860 4.12    4.02      442   142   41K   121 26.69   26.61  
c rst  geom best vs   576   198 K 2276    17028   860 4.12    4.02      442   142   41K   121 26.70   26.63  
c rst  geom best vs   577   198 K 2276    17028   860 4.12    4.02      442   142   41K   121 26.67   26.60  
c rst  geom best vs   578   198 K 2276    17028   860 4.12    4.02      442   142   41K   121 26.63   26.56  
c rst  geom best vs   579   199 K 2276    17028   860 4.12    4.02      442   142   42K   121 26.59   26.52  
c rst  geom best vs   580   199 K 2276    17028   860 4.12    4.02      442   142   42K   121 26.56   26.49  
c rst  geom best vs   581   199 K 2276    17028   860 4.12    4.02      442   142   42K   121 26.53   26.46  
c rst  geom best vs   582   199 K 2276    17028   860 4.12    4.02      442   142   42K   121 26.49   26.43  
c rst  geom best vs   583   200 K 2276    17028   860 4.12    4.02      446   138   43K   121 26.46   26.39  
c rst  geom best vs   584   200 K 2276    17028   860 4.12    4.02      446   138   43K   121 26.47   26.40  
c rst  geom best vs   585   200 K 2276    17028   860 4.12    4.02      446   138   43K   121 26.50   26.44  
c rst  geom best vs   586   201 K 2276    17028   860 4.12    4.02      446   138   44K   121 26.53   26.46  
c rst  geom best vs   587   201 K 2276    17028   860 4.12    4.02      446   138   44K   121 26.51   26.45  
c rst  geom best vs   588   201 K 2276    17028   860 4.12    4.02      446   138   44K   121 26.47   26.40  
c rst  geom best vs   589   202 K 2276    17028   860 4.12    4.02      446   138   45K   121 26.40   26.34  
c rst  geom best vs   590   202 K 2276    17028   860 4.12    4.02      446   138   45K   121 26.32   26.26  
c rst  geom stb  vs   591   203 K 2276    17028   860 4.12    4.02      446   138   46K   121 26.21   26.15  
c rst  geom stb  vs   592   204 K 2276    17028   860 4.12    4.02      446   138   47K   121 26.10   26.04  
c rst  geom stb  vs   593   204 K 2276    17028   860 4.12    4.02      446   138   47K   121 25.97   25.91  
c [distill-long-red0] cls tried: 2/2 T: 0.00 T-out: N T-r: 99.99%
c [distill-long-red1] cls tried: 0/0 T: 0.00 T-out: N T-r: 100.00%
c [full-probe]  bin_only: 0 set: 0 repl: 0 T: 0.01 T-out: N T-r: 97.92%
c [distill] watch-based irred--  cl tried 6408     cl-sh 0     cl-rem 0    lit-rem 0      T: 0.00 T-out: N
c [distill] watch-based red  --  cl tried 892      cl-sh 3     cl-rem 0    lit-rem 3      T: 0.00 T-out: N
c rst  geom stb  vs   594   205 K 2276    17028   860 4.12    4.02      446   138   48K   121 25.89   25.83  
c rst  geom stb  vs   595   206 K 2276    17028   860 4.12    4.02      446   138   49K   121 25.76   25.70  
c rst  geom stb  vs   596   207 K 2276    17028   860 4.12    4.02      446   138   50K   121 25.57   25.52  
c rst  geom stb  vs   597   208 K 2276    17028   860 4.12    4.02      446   139   51K   121 25.56   25.50  
c rst  geom stb  vs   598   209 K 2276    17028   860 4.12    4.02      446   139   52K   121 25.54   25.48  
c rst  geom stb  vs   599   211 K 2276    17028   860 4.12    4.02      448   124   39K   121 25.39   25.32  
c rst  geom ibes vs   600   212 K 2276    17028   860 4.12    4.02      448   124   40K   121 25.64   25.57  
c rst  geom ibes vs   601   214 K 2276    17028   860 4.12    4.02      448   124   42K   121 25.52   25.45  
c rst  geom ibes vs   602   215 K 2276    17028   860 4.12    4.02      448   124   43K   121 25.84   25.78  
c rst  geom ibes vs   603   217 K 2276    17028   860 4.12    4.02      448   124   45K   121 26.31   26.25  
c [distill-bin] useful: 0/860/860 lits-rem: 0 cl-rem: 0 0-depth-assigns: 0 T: 0.01 T-out: N
c rst  geom ibes vs   604   219 K 2276    17028   860 4.12    4.02      448   124   47K   121 26.67   26.61  
c rst  geom svd  vs   605   221 K 2276    17028   860 4.12    4.02      448   124   50K   121 26.55   26.50  
c [distill-long-red0] cls tried: 3/3 T: 0.00 T-out: N T-r: 99.99%
c [distill-long-red1] cls tried: 3/3 T: 0.00 T-out: N T-r: 89.44%
c [impl-str] lit bin: 0 set-var: 0 T: 0.00 T-out: N T-r: 99.96% w-visit: 5206
c [impl-sub] bin: 0 T: 0.00 T-out: N w-visit: 5206
c [ccnr] tries: 0 steps: 262143 best found: 7
c [ccnr] tries: 0 steps: 524287 best found: 7
c [ccnr] tries: 0 steps: 786431 best found: 7
c [ccnr] saving best assignment phase to stable_polar
c [ccnr] bumping based on var unsat frequency: conflict_ct
c [ccnr] Bumped vars: 2603 bump type: 6
c [ccnr] time: 0.36
c rst  geom svd  vs   606   224 K 2276    17028   860 4.12    4.02      448   124   52K   121 26.67   26.61  
c [branch] adjusting to: vmtf (from: vsid) var_decay:0.95 descr: VMTF
c rst  luby svd  vmt  607   224 K 2276    17028   860 4.12    4.02      453   127   52K   121 26.71   26.65  
c rst  luby svd  vmt  608   224 K 2276    17028   860 4.12    4.02      453   127   52K   121 26.73   26.68  
c rst  luby svd  vmt  609   224 K 2276    17028   860 4.12    4.02      453   127   52K   121 26.84   26.78  
c rst  luby svd  vmt  610   224 K 2276    17028   860 4.12    4.02      453   127   53K   121 26.88   26.82  
c rst  luby svd  vmt  611   224 K 2276    17028   860 4.12    4.02      453   127   53K   121 26.90   26.84  
c [full-probe]  bin_only: 1 set: 0 repl: 0 T: 0.00 T-out: N T-r: 99.77%
c rst  luby svd  vmt  612   225 K 2276    17028   860 4.12    4.02      453   129   38K   121 26.26   26.18  
c rst  luby svd  vmt  613   225 K 2276    17028   860 4.12    4.02      453   129   38K   121 26.16   26.08  
c rst  luby svd  vmt  614   225 K 2276    17028   860 4.12    4.02      453   129   38K   121 26.13   26.06  
c rst  luby svd  vmt  615   225 K 2276    17028   860 4.12    4.02      453   129   38K   121 26.10   26.03  
c rst  luby svd  vmt  616   225 K 2276    17028   860 4.12    4.02      453   129   39K   121 26.05   25.97  
c rst  luby svd  vmt  617   226 K 2276    17028   860 4.12    4.02      453   129   39K   121 26.02   25.95  
c rst  luby svd  vmt  618   226 K 2276    17028   860 4.12    4.02      453   129   39K   121 25.99   25.92  
c rst  luby svd  vmt  619   226 K 2276    17028   860 4.12    4.02      453   129   39K   121 25.93   25.86  
c rst  luby svd  vmt  620   226 K 2276    17028   860 4.12    4.02      453   129   39K   121 25.83   25.75  
c rst  luby svd  vmt  621   227 K 2276    17028   860 4.12    4.02      453   129   40K   121 25.61   25.54  
c rst  geom best vmt  622   227 K 2276    17028   860 4.12    4.02      453   129   40K   121 25.60   25.53  
c rst  geom best vmt  623   227 K 2276    17028   860 4.12    4.02      453   129   40K   121 25.58   25.51  
c rst  geom best vmt  624   227 K 2276    17028   860 4.12    4.02      453   129   41K   121 25.56   25.49  
c rst  geom best vmt  625   228 K 2276    17028   860 4.12    4.02      453   129   41K   121 25.54   25.47  
c rst  geom best vmt  626   228 K 2276    17028   860 4.12    4.02      453   129   41K   121 25.51   25.44  
c rst  geom best vmt  627   228 K 2276    17028   860 4.12    4.02      453   129   41K   121 25.48   25.41  
c rst  geom best vmt  628   228 K 2276    17028   860 4.12    4.02      453   129   41K   121 25.45   25.39  
c rst  geom best vmt  629   228 K 2276    17028   860 4.12    4.02      453   129   41K   121 25.44   25.38  
c rst  geom best vmt  630   229 K 2276    17028   860 4.12    4.02      453   129   42K   121 25.47   25.41  
c rst  geom best vmt  631   229 K 2276    17028   860 4.12    4.02      453   129   42K   121 25.54   25.47  
c rst  geom best vmt  632   229 K 2276    17028   860 4.12    4.02      453   129   42K   121 25.51   25.44  
c rst  geom best vmt  633   229 K 2276    17028   860 4.12    4.02      453   129   43K   121 25.53   25.47  
c rst  geom best vmt  634   230 K 2276    17028   860 4.12    4.02      455   127   43K   121 25.54   25.47  
c [distill] watch-based irred--  cl tried 6408     cl-sh 0     cl-rem 0    lit-rem 0      T: 0.00 T-out: N
c [distill] watch-based red  --  cl tried 910      cl-sh 0     cl-rem 0    lit-rem 0      T: 0.00 T-out: N
c rst  geom best vmt  635   230 K 2276    17028   860 4.12    4.02      456   127   43K   121 25.56   25.50  
c rst  geom best vmt  636   231 K 2276    17028   860 4.12    4.02      456   127   44K   121 25.54   25.47  
c rst  geom best vmt  637   231 K 2276    17028   860 4.12    4.02      456   127   44K   121 25.48   25.42  
c rst  geom best vmt  638   231 K 2276    17028   860 4.12    4.02      456   127   45K   121 25.45   25.39  
c rst  geom best vmt  639   232 K 2276    17028   860 4.12    4.02      456   127   45K   121 25.46   25.39  
c rst  geom best vmt  640   233 K 2276    17028   860 4.12    4.02      456   127   46K   121 25.45   25.39  
c rst  geom best vmt  641   233 K 2276    17028   860 4.12    4.02      456   127   46K   121 25.55   25.49  
c rst  geom best vmt  642   234 K 2276    17028   860 4.12    4.02      456   127   47K   121 25.50   25.44  
c rst  geom best vmt  643   235 K 2276    17028   860 4.12    4.02      456   127   48K   121 25.42   25.36  
c rst  geom stb  vmt  644   236 K 2276    17028   860 4.12    4.02      456   127   49K   121 25.44   25.39  
c rst  geom stb  vmt  645   237 K 2276    17028   860 4.12    4.02      456   127   50K   121 25.49   25.43  
c [distill-long-red0] cls tried: 8/8 T: 0.00 T-out: N T-r: 99.98%
c [distill-long-red1] cls tried: 3/3 T: 0.00 T-out: N T-r: 94.76%
c rst  geom stb  vmt  646   238 K 2276    17028   860 4.12    4.02      456   131   51K   121 25.52   25.47  
c [distill-bin] useful: 0/860/860 lits-rem: 0 cl-rem: 0 0-depth-assigns: 0 T: 0.00 T-out: N
c rst  geom stb  vmt  647   239 K 2276    17028   860 4.12    4.02      456   131   52K   121 25.43   25.38  
c rst  geom stb  vmt  648   240 K 2276    17028   860 4.12    4.02      460   124   38K   121 25.21   25.14  
c rst  geom stb  vmt  649   242 K 2276    17028   860 4.12    4.02      460   125   40K   121 25.23   25.16  
c rst  geom stb  vmt  650   243 K 2276    17028   860 4.12    4.02      460   125   41K   121 25.26   25.20  
c rst  geom ibes vmt  651   244 K 2276    17028   860 4.12    4.02      460   126   42K   121 25.27   25.20  
c recursive minimization cost OK: 472Kcost/(% lits removed)
c [gauss] XOR-encoding clauses are not detached, so no need to reattach them.
c [g 0] truth-find prop checks  : 1069K
c [g 0] -> of which prop        : 76.65 %
c [g 0] -> of which confl       :  2.66 %
c [g 0] elim called             : 36K
c [g 0] ---> which lead to prop : 68.74 %
c [g 0] ---> which lead to confl:  1.52 %
c [g 0] size: 45    x 456  
c --> Executing strategy token: scc-vrepl
c [scc] new: 0 BP 0M T: 0.00
c --> Executing strategy token: sub-impl
c [impl-sub] bin: 0 T: 0.00 T-out: N w-visit: 5206
c --> Executing strategy token: breakid
c --> Executing OCC strategy token(s): 'occ-backw-sub-str,occ-clean-implicit,occ-bve,occ-bva,occ-ternary-res,occ-xor,'
c [occ] mem usage for occur 1      MB
c [occ] Linked in IRRED BIN by default: 860
c [occ] Linked in RED   BIN by default: 121
c [occ] mem usage for occur 0      MB
c Mem for watch alloc      : 9           MB (26.67     %)
c Mem for watch array      : 0           MB (0.33      %)
c --> Executing OCC strategy token: occ-backw-sub-str
c [occ-backw-sub-str-long-w-bins] subs: 0 str: 0 tried: 6202 0-depth ass: 0 T: 0.00 T-out: N T-r: 99.73%
c [occ-backw-sub-long-w-long] rem cl: 14 tried: 60043/60043 (100.0%) T: 0.01 T-out: N T-r: 96.89%
c [occ-backw-sub-str-long-w-long] sub: 0 str: 4 tried: 180129/60043 (300.0)  T: 0.04 T-out: N T-r: 90.89%
c --> Executing OCC strategy token: occ-clean-implicit
c --> Executing OCC strategy token: occ-bve
c [occ-empty-res] Empty resolvent elimed: 0 T: 0.00 T-out: N
c [occ-bve] iter v-elim 0
c cl_inc_rate=1.0, var_dec_rate=1.0 (grow=0)
c Reduced to 2276 vars, 17888 cls (grow=0)
c [occ-bve] iter v-elim 0
c cl_inc_rate=1.0, var_dec_rate=1.0 (grow=8)
c Reduced to 2276 vars, 17888 cls (grow=8)
c [occ-bve] iter v-elim 857
c cl_inc_rate=1.8, var_dec_rate=1.6 (grow=16)
c Reduced to 1419 vars, 31445 cls (grow=16)
c x n vars       : 1419
c #try to eliminate:  8145
c #var-elim        :   857
c #T-o: N
c #T-r: 99.86%
c #T  : 0.19
c [occur] 0.02 is overhead
c [occur] link-in T: 0.02 cleanup T: 0.00
c --> Executing OCC strategy token: occ-bva
c --> Executing OCC strategy token: occ-ternary-res
c [occ-ternary-res] Ternary res-tri: 0 res-bin: 0 sub: 0 str: 0 T: 0.00 T-out: N T-r: 99.74%
c --> Executing OCC strategy token: occ-xor
c [occ-xor] sort occur list T: 0.00
c [xor-clean-equiv] removed equivalent xors: 0 left with: 878
c [occ-xor] found    878 avg sz 5.9 min sz  4 max sz  6 T: 0.01 T-out: N T-r: 99.98%
c --> Executing strategy token: card-find
c --> Executing strategy token: cl-consolidate
c [mem] consolidate  old-sz: 7731K new-sz: 5837K new bits offs: 20 T: 0.00
c --> Executing strategy token: scc-vrepl
c [scc] new: 0 BP 0M T: 0.00
c --> Executing strategy token: renumber
c [gauss] XOR-encoding clauses are not detached, so no need to reattach them.
c [renumber] T: 0.00
c --> Executing strategy token: bosphorus
c --> Executing strategy token: louvain-comms
c [consolidate] mini T: 0.00
c global_timeout_multiplier: 3.9930
c [branch] rebuilding order heap for all branchings. Current branching: vmtf
c [find&init matx] performing matrix init
c [gauss] XOR-encoding clauses are not detached, so no need to reattach them.
c [xor-rem-unconnected] left with 878 xors from 878 non-empty xors T: 0.00
c [xor-together] xored together: 835 orig xors: 878 new xors: 43 T: 0.00
c [xor-rem-unconnected] left with 43 xors from 43 non-empty xors T: 0.00
c [xor-clean-equiv] removed equivalent xors: 0 left with: 43
c [matrix] unused xors from cleaning: 0
c [matrix] Good   matrix  0     43 x  453  density:0.1809  xorlen avg: 81.93
c [matrix] Using 1 matrices recovered from 0 xors T: 0.00 T-out: N
c rst  geom ibes  vmt   652  245K    1419   30K   785    5.82    5.73   340   101   34K   111   24.83   24.76
c [full-probe]  bin_only: 0 set: 0 repl: 0 T: 0.01 T-out: N T-r: 96.79%
c rst  geom ibes  vmt   653  247K    1419   30K   785    5.82    5.73   340   102   36K   111   25.23   25.16
c [gauss] XOR-encoding clauses are not detached, so no need to reattach them.
c [g 0] truth-find prop checks  : 64K
c [g 0] -> of which prop        : 52.52 %
c [g 0] -> of which confl       :  2.56 %
c [g 0] elim called             : 4875
c [g 0] ---> which lead to prop : 85.56 %
c [g 0] ---> which lead to confl:  2.28 %
c [g 0] size: 43    x 453  
c [scc] new: 0 BP 0M T: 0.00
c [vrep] vars 0 lits 0 rem-bin-cls 0 rem-long-cls 0 BP 0M T: 0.00
c [intree] Set 0 vars hyper-added: 0 trans-irred: 0 trans-red: 1 T: 0.00 T-out: N T-r: 0.15%
c [find&init matx] performing matrix init
c [gauss] XOR-encoding clauses are not detached, so no need to reattach them.
c [xor-rem-unconnected] left with 878 xors from 878 non-empty xors T: 0.00
c [xor-together] xored together: 835 orig xors: 878 new xors: 43 T: 0.00
c [xor-rem-unconnected] left with 43 xors from 43 non-empty xors T: 0.00
c [xor-clean-equiv] removed equivalent xors: 0 left with: 43
c [matrix] unused xors from cleaning: 0
c [matrix] Good   matrix 0 43      x453    density:0.1809  xorlen avg: 81.93
c [matrix] Using 1 matrices recovered from 0 xors T: 0.00 T-out: N
c rst  geom ibes vmt  654   249 K 1419      30K   785 5.82    5.73      340   102   38K   110 25.57   25.50  
c rst  geom ibes vmt  655   251 K 1419      30K   785 5.82    5.73      341    56   40K   110 25.57   25.50  
c [branch] adjusting to: vsid (from: vmtf) var_decay:0.95 descr: VSIDS
c rst  geom svd  vs   656   251 K 1419      30K   785 5.82    5.73      341    56   41K   110 25.59   25.53  
c rst  geom svd  vs   657   251 K 1419      30K   785 5.82    5.73      341    56   41K   110 25.61   25.54  
c rst  geom svd  vs   658   251 K 1419      30K   785 5.82    5.73      341    56   41K   110 25.63   25.56  
c rst  geom svd  vs   659   251 K 1419      30K   785 5.82    5.73      341    56   41K   110 25.62   25.55  
c rst  geom svd  vs   660   252 K 1419      30K   785 5.82    5.73      341    57   41K   110 25.62   25.56  
c rst  geom svd  vs   661   252 K 1419      30K   785 5.82    5.73      341    57   41K   110 25.60   25.53  
c [distill-long-red0] cls tried: 5/5 T: 0.00 T-out: N T-r: 99.99%
c [distill-long-red1] cls tried: 3/3 T: 0.00 T-out: N T-r: 99.34%
c rst  geom svd  vs   662   252 K 1419      30K   785 5.82    5.73      341    57   41K   110 25.63   25.57  
c rst  geom svd  vs   663   252 K 1419      30K   785 5.82    5.73      341    57   42K   110 25.65   25.58  
c rst  geom svd  vs   664   252 K 1419      30K   785 5.82    5.73      341    57   42K   110 25.66   25.60  
c rst  geom svd  vs   665   253 K 1419      30K   785 5.82    5.73      341    57   42K   110 25.66   25.60  
c rst  geom svd  vs   666   253 K 1419      30K   785 5.82    5.73      341    57   42K   110 25.70   25.64  
c rst  geom svd  vs   667   253 K 1419      30K   785 5.82    5.73      341    57   43K   110 25.70   25.64  
c rst  geom svd  vs   668   254 K 1419      30K   785 5.82    5.73      341    57   43K   110 25.68   25.62  
c rst  geom svd  vs   669   254 K 1419      30K   785 5.82    5.73      341    57   44K   110 25.70   25.64  
c rst  geom svd  vs   670   254 K 1419      30K   785 5.82    5.73      341    57   44K   110 25.71   25.65  
c rst  geom svd  vs   671   255 K 1419      30K   785 5.82    5.73      341    57   33K   110 26.03   25.95  
c [distill] watch-based irred--  cl tried 7072     cl-sh 12    cl-rem 8    lit-rem 12     T: 0.00 T-out: N
c [distill] watch-based red  --  cl tried 682      cl-sh 0     cl-rem 0    lit-rem 0      T: 0.00 T-out: N
c rst  geom svd  vs   672   255 K 1419      30K   785 5.82    5.73      341    57   34K   110 26.06   25.99  
c rst  geom svd  vs   673   256 K 1419      30K   785 5.82    5.73      341    57   34K   110 26.08   26.00  
c rst  geom svd  vs   674   256 K 1419      30K   785 5.82    5.73      341    57   35K   110 26.05   25.97  
c rst  geom svd  vs   675   257 K 1419      30K   785 5.82    5.73      341    57   36K   110 26.03   25.96  
c rst  geom svd  vs   676   258 K 1419      30K   785 5.82    5.73      341    57   36K   110 26.31   26.24  
c [distill-bin] useful: 0/785/785 lits-rem: 0 cl-rem: 0 0-depth-assigns: 0 T: 0.01 T-out: N
c rst  geom svd  vs   677   259 K 1419      30K   785 5.82    5.73      341    57   37K   110 26.37   26.30  
c rst  geom best vs   678   260 K 1419      30K   785 5.82    5.73      342    55   38K   110 26.54   26.48  
c rst  geom best vs   679   260 K 1419      30K   785 5.82    5.73      342    56   39K   110 26.80   26.73  
c rst  geom best vs   680   262 K 1419      30K   785 5.82    5.73      342    57   40K   110 26.79   26.73  
c rst  geom best vs   681   263 K 1419      30K   785 5.82    5.73      342    57   41K   110 26.89   26.82  
c rst  geom best vs   682   264 K 1419      30K   785 5.82    5.73      344    57   42K   110 27.07   27.00  
c rst  geom best vs   683   265 K 1419      30K   785 5.82    5.73      344    57   44K   110 27.03   26.97  
c [full-probe]  bin_only: 1 set: 0 repl: 0 T: 0.00 T-out: N T-r: 99.80%
c [ccnr] saving best assignment phase to stable_polar
c [ccnr] bumping based on var unsat frequency: conflict_ct
c [ccnr] Bumped vars: 1419 bump type: 6
c [ccnr] time: 0.26
c rst  geom best vs   684   267 K 1419      30K   785 5.82    5.73      344    57   45K   110 26.95   26.89  
c [distill-long-red0] cls tried: 2/2 T: 0.00 T-out: N T-r: 100.00%
c [distill-long-red1] cls tried: 2/2 T: 0.00 T-out: N T-r: 97.88%
c rst  geom stb  vs   685   269 K 1419      30K   785 5.82    5.73      344    57   47K   110 27.24   27.19  
c rst  geom stb  vs   686   270 K 1419      30K   785 5.82    5.73      346    56   36K   110 28.34   28.27  
c rst  geom stb  vs   687   273 K 1419      30K   785 5.82    5.73      346    56   38K   110 28.54   28.46  
c rst  geom stb  vs   688   275 K 1419      30K   785 5.82    5.73      346    56   40K   110 28.66   28.59  
c rst  geom ibes vs   689   277 K 1419      30K   785 5.82    5.73      347    67   43K   110 29.10   29.03  
c rst  geom ibes vs   690   280 K 1419      30K   785 5.82    5.73      350    62   45K   110 29.41   29.34  
c [distill-bin] useful: 0/785/785 lits-rem: 0 cl-rem: 0 0-depth-assigns: 0 T: 0.00 T-out: N
c [distill] watch-based irred--  cl tried 7064     cl-sh 0     cl-rem 0    lit-rem 0      T: 0.00 T-out: N
c [distill] watch-based red  --  cl tried 700      cl-sh 1     cl-rem 0    lit-rem 1      T: 0.00 T-out: N
c rst  geom ibes vs   691   283 K 1419      30K   785 5.82    5.73      350    62   48K   110 29.15   29.09  
c [branch] adjusting to: vmtf (from: vsid) var_decay:0.95 descr: VMTF
c [distill-long-red0] cls tried: 4/4 T: 0.00 T-out: N T-r: 99.99%
c [distill-long-red1] cls tried: 9/9 T: 0.00 T-out: N T-r: 93.23%
c [impl-str] lit bin: 0 set-var: 0 T: 0.00 T-out: N T-r: 99.95% w-visit: 2838
c [impl-sub] bin: 0 T: 0.00 T-out: N w-visit: 2838
c rst  luby svd  vmt  692   283 K 1419      30K   785 5.82    5.73      356    84   48K   110 29.12   29.06  
c rst  luby svd  vmt  693   283 K 1419      30K   785 5.82    5.73      356    92   49K   110 29.13   29.07  
c rst  luby svd  vmt  694   283 K 1419      30K   785 5.82    5.73      356    92   49K   110 29.16   29.10  
c rst  luby svd  vmt  695   283 K 1419      30K   785 5.82    5.73      356    93   49K   110 29.17   29.11  
c rst  luby svd  vmt  696   284 K 1419      30K   785 5.82    5.73      356    93   49K   110 29.18   29.12  
c rst  luby svd  vmt  697   284 K 1419      30K   785 5.82    5.73      356    93   49K   110 29.22   29.16  
c rst  luby svd  vmt  698   284 K 1419      30K   785 5.82    5.73      356    95   50K   110 29.34   29.28  
c rst  luby svd  vmt  699   284 K 1419      30K   785 5.82    5.73      356    95   50K   110 29.36   29.30  
c rst  luby svd  vmt  700   284 K 1419      30K   785 5.82    5.73      356    95   50K   110 29.39   29.33  
c rst  luby svd  vmt  701   285 K 1419      30K   785 5.82    5.73      356   109   36K   110 30.20   30.12  
c rst  luby svd  vmt  702   285 K 1419      30K   785 5.82    5.73      356   109   36K   110 30.20   30.12  
c rst  luby svd  vmt  703   285 K 1419      30K   785 5.82    5.73      356   109   36K   110 30.20   30.11  
c rst  luby svd  vmt  704   285 K 1419      30K   785 5.82    5.73      356   109   37K   110 30.22   30.14  
c rst  luby svd  vmt  705   285 K 1419      30K   785 5.82    5.73      356   109   37K   110 30.31   30.23  
c [full-probe]  bin_only: 0 set: 0 repl: 0 T: 0.01 T-out: N T-r: 98.25%
c rst  luby svd  vmt  706   286 K 1419      30K   785 5.82    5.73      358   110   38K   110 30.36   30.28  
c rst  luby svd  vmt  707   286 K 1419      30K   785 5.82    5.73      358   111   38K   110 30.36   30.28  
c rst  luby svd  vmt  708   286 K 1419      30K   785 5.82    5.73      358   111   38K   110 30.42   30.34  
c rst  luby svd  vmt  709   287 K 1419      30K   785 5.82    5.73      358   111   38K   110 30.41   30.33  
c rst  luby svd  vmt  710   287 K 1419      30K   785 5.82    5.73      358   111   38K   110 30.39   30.31  
c rst  luby svd  vmt  711   287 K 1419      30K   785 5.82    5.73      358   111   38K   110 30.38   30.30  
c rst  luby svd  vmt  712   287 K 1419      30K   785 5.82    5.73      358   111   39K   110 30.32   30.24  
c rst  luby svd  vmt  713   287 K 1419      30K   785 5.82    5.73      358   111   39K   110 30.25   30.17  
c rst  luby svd  vmt  714   288 K 1419      30K   785 5.82    5.73      358   111   39K   110 30.27   30.19  
c rst  luby svd  vmt  715   288 K 1419      30K   785 5.82    5.73      358   111   39K   110 30.28   30.20  
c rst  luby svd  vmt  716   288 K 1419      30K   785 5.82    5.73      358   111   39K   110 30.28   30.20  
c rst  luby svd  vmt  717   288 K 1419      30K   785 5.82    5.73      358   111   39K   110 30.26   30.18  
c rst  luby svd  vmt  718   288 K 1419      30K   785 5.82    5.73      358   111   40K   110 30.24   30.16  
c rst  luby svd  vmt  719   288 K 1419      30K   785 5.82    5.73      358   111   40K   110 30.24   30.16  
c rst  luby svd  vmt  720   289 K 1419      30K   785 5.82    5.73      358   111   40K   110 30.27   30.20  
c rst  luby svd  vmt  721   289 K 1419      30K   785 5.82    5.73      358   112   41K   110 30.35   30.27  
c rst  luby svd  vmt  722   291 K 1419      30K   785 5.82    5.73      381    89   43K   110 30.71   30.64  
c rst  geom best vmt  723   291 K 1419      30K   785 5.82    5.73      381    89   43K   110 30.71   30.64  
c rst  geom best vmt  724   291 K 1419      30K   785 5.82    5.73      381    89   43K   110 30.70   30.63  
c rst  geom best vmt  725   291 K 1419      30K   785 5.82    5.73      381    89   43K   110 30.67   30.60  
c rst  geom best vmt  726   292 K 1419      30K   785 5.82    5.73      381    89   43K   110 30.64   30.57  
c rst  geom best vmt  727   292 K 1419      30K   785 5.82    5.73      381    89   43K   110 30.61   30.54  
c rst  geom best vmt  728   292 K 1419      30K   785 5.82    5.73      381    89   43K   110 30.58   30.51  
c rst  geom best vmt  729   292 K 1419      30K   785 5.82    5.73      381    89   44K   110 30.57   30.50  
c rst  geom best vmt  730   292 K 1419      30K   785 5.82    5.73      381    89   44K   110 30.53   30.46  
c rst  geom best vmt  731   293 K 1419      30K   785 5.82    5.73      381    89   44K   110 30.53   30.46  
c rst  geom best vmt  732   293 K 1419      30K   785 5.82    5.73      381    89   44K   110 30.50   30.43  
c rst  geom best vmt  733   293 K 1419      30K   785 5.82    5.73      381    89   45K   110 30.44   30.37  
c rst  geom best vmt  734   293 K 1419      30K   785 5.82    5.73      381    89   45K   110 30.39   30.32  
c rst  geom best vmt  735   294 K 1419      30K   785 5.82    5.73      381    89   45K   110 30.46   30.39  
c rst  geom best vmt  736   294 K 1419      30K   785 5.82    5.73      381    89   46K   110 30.46   30.39  
c rst  geom best vmt  737   295 K 1419      30K   785 5.82    5.73      381    89   46K   110 30.50   30.44  
c rst  geom best vmt  738   295 K 1419      30K   785 5.82    5.73      381    89   47K   110 30.43   30.36  
c rst  geom best vmt  739   295 K 1419      30K   785 5.82    5.73      381    89   47K   110 30.33   30.26  
c rst  geom best vmt  740   296 K 1419      30K   785 5.82    5.73      381    89   48K   110 30.24   30.18  
c rst  geom best vmt  741   297 K 1419      30K   785 5.82    5.73      381    89   48K   110 30.14   30.08  
c rst  geom best vmt  742   297 K 1419      30K   785 5.82    5.73      381    89   49K   110 29.99   29.92  
c rst  geom best vmt  743   298 K 1419      30K   785 5.82    5.73      381    89   50K   110 29.80   29.74  
c rst  geom best vmt  744   299 K 1419      30K   785 5.82    5.73      381    89   50K   110 29.68   29.62  
c [distill-long-red0] cls tried: 29/29 T: 0.00 T-out: N T-r: 99.93%
c [distill-long-red1] cls tried: 29/29 T: 0.00 T-out: N T-r: 63.28%
c rst  geom best vmt  745   300 K 1419      30K   785 5.82    5.73      383    88   36K   110 29.77   29.69  
c rst  geom stb  vmt  746   301 K 1419      30K   785 5.82    5.73      383    88   37K   110 29.76   29.68  
c [distill-bin] useful: 0/785/785 lits-rem: 0 cl-rem: 0 0-depth-assigns: 0 T: 0.00 T-out: N
c rst  geom stb  vmt  747   302 K 1419      30K   785 5.82    5.73      383    89   38K   110 29.91   29.83  
c rst  geom stb  vmt  748   303 K 1419      30K   785 5.82    5.73      383    89   39K   110 30.09   30.01  
c rst  geom stb  vmt  749   304 K 1419      30K   785 5.82    5.73      383    89   40K   110 30.13   30.06  
c rst  geom stb  vmt  750   305 K 1419      30K   785 5.82    5.73      383    90   42K   110 30.07   30.00  
c [full-probe]  bin_only: 1 set: 0 repl: 0 T: 0.00 T-out: N T-r: 99.83%
c [distill] watch-based irred--  cl tried 7064     cl-sh 0     cl-rem 0    lit-rem 0      T: 0.00 T-out: N
c [distill] watch-based red  --  cl tried 766      cl-sh 2     cl-rem 0    lit-rem 2      T: 0.00 T-out: N
c rst  geom stb  vmt  751   307 K 1419      30K   785 5.82    5.73      383    90   43K   110 30.06   29.99  
c rst  geom stb  vmt  752   309 K 1419      30K   785 5.82    5.73      383    90   45K   110 30.06   29.99  
c rst  geom ibes vmt  753   311 K 1419      30K   785 5.82    5.73      385    85   47K   110 30.23   30.17  
c [ccnr] saving best assignment phase to stable_polar
c [ccnr] bumping based on clause weights
c [ccnr] Bumped vars: 102 bump type: 6
c [ccnr] time: 0.27
c rst  geom ibes vmt  754   313 K 1419      30K   785 5.82    5.73      387   144   49K   110 30.15   30.09  
c [gauss] XOR-encoding clauses are not detached, so no need to reattach them.
c [g 0] truth-find prop checks  : 1221K
c [g 0] -> of which prop        : 65.03 %
c [g 0] -> of which confl       :  2.48 %
c [g 0] elim called             : 62K
c [g 0] ---> which lead to prop : 73.49 %
c [g 0] ---> which lead to confl:  1.86 %
c [g 0] size: 43    x 453  
c [scc] new: 0 BP 0M T: 0.00
c [vrep] vars 0 lits 0 rem-bin-cls 0 rem-long-cls 0 BP 0M T: 0.00
c [intree] Set 0 vars hyper-added: 3 trans-irred: 0 trans-red: 0 T: 0.00 T-out: N T-r: -0.94%
c [find&init matx] performing matrix init
c [gauss] XOR-encoding clauses are not detached, so no need to reattach them.
c [xor-rem-unconnected] left with 878 xors from 878 non-empty xors T: 0.00
c [xor-together] xored together: 835 orig xors: 878 new xors: 43 T: 0.00
c [xor-rem-unconnected] left with 43 xors from 43 non-empty xors T: 0.00
c [xor-clean-equiv] removed equivalent xors: 0 left with: 43
c [matrix] unused xors from cleaning: 0
c [matrix] Good   matrix 0 43      x453    density:0.1809  xorlen avg: 81.93
c [matrix] Using 1 matrices recovered from 0 xors T: 0.00 T-out: N
c [g  <0] Disabling GJ-elim in this round.  Usefulness was: 18.9037%  over 73208 calls
c rst  geom ibes vmt  755   315 K 1419      30K   785 5.82    5.73      391   255   37K   113 28.80   28.72  
c [branch] adjusting to: vsid (from: vmtf) var_decay:0.95 descr: VSIDS
c [distill-long-red0] cls tried: 8/8 T: 0.00 T-out: N T-r: 99.98%
c [distill-long-red1] cls tried: 172/172 T: 0.01 T-out: N T-r: 14.37%
c rst  geom ibes vs   756   315 K 1419      30K   785 5.82    5.73      392   266   37K   113 28.86   28.78  
c rst  geom ibes vs   757   315 K 1419      30K   785 5.82    5.73      392   275   37K   113 28.93   28.85  
c rst  geom ibes vs   758   315 K 1419      30K   785 5.82    5.73      392   276   38K   113 29.01   28.93  
c rst  geom ibes vs   759   315 K 1419      30K   785 5.82    5.73      393   296   38K   113 29.03   28.95  
c rst  geom ibes vs   760   316 K 1419      30K   785 5.82    5.73      393   298   38K   113 29.13   29.05  
c rst  geom ibes vs   761   316 K 1419      30K   785 5.82    5.73      393   304   38K   113 29.24   29.16  
c rst  geom ibes vs   762   316 K 1419      30K   785 5.82    5.73      393   304   38K   113 29.41   29.33  
c rst  geom ibes vs   763   316 K 1419      30K   785 5.82    5.73      393   312   38K   113 29.52   29.44  
c rst  geom ibes vs   764   316 K 1419      30K   785 5.82    5.73      396   327   39K   113 29.61   29.54  
c rst  geom ibes vs   765   317 K 1419      30K   785 5.82    5.73      398   349   39K   113 29.81   29.73  
c rst  geom ibes vs   766   317 K 1419      30K   785 5.82    5.73      398   349   39K   113 29.94   29.87  
c rst  geom svd  vs   767   317 K 1419      30K   785 5.82    5.73      399   370   39K   113 30.10   30.02  
c rst  geom svd  vs   768   318 K 1419      30K   785 5.82    5.73      400   402   40K   113 30.12   30.05  
c rst  geom svd  vs   769   318 K 1419      30K   785 5.82    5.73      401   417   40K   113 30.22   30.15  
c rst  geom svd  vs   770   318 K 1419      30K   785 5.82    5.73      403   437   40K   113 30.22   30.14  
c rst  geom svd  vs   771   319 K 1419      30K   785 5.82    5.73      404   453   41K   113 30.30   30.23  
c rst  geom svd  vs   772   319 K 1419      30K   785 5.82    5.73      404   468   41K   113 30.46   30.38  
c rst  geom svd  vs   773   320 K 1419      30K   785 5.82    5.73      574   304   42K   113 30.61   30.53  
c rst  geom svd  vs   774   320 K 1419      30K   785 5.82    5.73      574   315   43K   113 30.60   30.53  
c rst  geom svd  vs   775   321 K 1419      30K   785 5.82    5.73      574   325   43K   113 30.62   30.55  
c [distill-bin] useful: 0/785/785 lits-rem: 0 cl-rem: 0 0-depth-assigns: 0 T: 0.00 T-out: N
c rst  geom svd  vs   776   322 K 1419      30K   785 5.82    5.73      575   333   44K   113 30.64   30.57  
c rst  geom svd  vs   777   323 K 1419      30K   785 5.82    5.73      579   360   45K   113 30.67   30.60  
c rst  geom svd  vs   778   324 K 1419      30K   785 5.82    5.73      585   380   45K   113 30.74   30.67  
c rst  geom svd  vs   779   324 K 1419      30K   785 5.82    5.73      595   412   46K   113 30.91   30.84  
c rst  geom svd  vs   780   326 K 1419      30K   785 5.82    5.73      601   423   47K   113 30.83   30.77  
c [full-probe]  bin_only: 0 set: 0 repl: 0 T: 0.01 T-out: N T-r: 97.67%
c rst  geom best vs   781   327 K 1419      30K   785 5.82    5.73      603   441   49K   113 31.07   31.00  
c rst  geom best vs   782   328 K 1419      30K   785 5.82    5.73      608   479   50K   113 31.26   31.19  
c rst  geom best vs   783   329 K 1419      30K   785 5.82    5.73      612   548   51K   113 31.28   31.21  
c rst  geom best vs   784   331 K 1419      30K   785 5.82    5.73      902   784   37K   113 31.52   31.44  
c [distill-long-red0] cls tried: 472/472 T: 0.01 T-out: N T-r: 99.50%
c [distill-long-red1] cls tried: 49/568 T: 0.01 T-out: Y T-r: -3.72%
c [distill] watch-based irred--  cl tried 7064     cl-sh 0     cl-rem 0    lit-rem 0      T: 0.00 T-out: N
c [distill] watch-based red  --  cl tried 1804     cl-sh 120   cl-rem 0    lit-rem 217    T: 0.00 T-out: N
c rst  geom best vs   785   333 K 1419      30K   785 5.82    5.73      907   830   39K   113 31.60   31.52  
c rst  geom best vs   786   334 K 1419      30K   785 5.82    5.73      909   867   41K   113 31.71   31.63  
c rst  geom stb  vs   787   337 K 1419      30K   785 5.82    5.73      912   893   43K   113 32.71   32.63  
c rst  geom stb  vs   788   339 K 1419      30K   785 5.82    5.73      914   925   45K   113 32.68   32.61  
c rst  geom stb  vs   789   341 K 1419      30K   785 5.82    5.73     1085   821   47K   113 33.04   32.97  
c [distill-bin] useful: 0/785/785 lits-rem: 0 cl-rem: 0 0-depth-assigns: 0 T: 0.01 T-out: N
c rst  geom stb  vs   790   344 K 1419      30K   785 5.82    5.73     1088   853   50K   113 33.42   33.35  
c [impl-str] lit bin: 0 set-var: 0 T: 0.00 T-out: N T-r: 99.95% w-visit: 2838
c [impl-sub] bin: 0 T: 0.00 T-out: N w-visit: 2838
c rst  geom ibes vs   791   347 K 1419      30K   785 5.82    5.73     1112  1376   39K   113 36.46   36.37  
c [distill-long-red0] cls tried: 329/329 T: 0.02 T-out: N T-r: 99.51%
c [distill-long-red1] cls tried: 79/1112 T: 0.01 T-out: Y T-r: -5.13%
c [full-probe]  bin_only: 1 set: 0 repl: 0 T: 0.00 T-out: N T-r: 99.80%
c rst  geom ibes vs   792   350 K 1419      30K   785 5.82    5.73     1218  1335   42K   113 36.92   36.83  
c rst  geom ibes vs   793   354 K 1419      30K   785 5.82    5.73     1221  1406   45K   113 38.15   38.06  
c [branch] adjusting to: vmtf (from: vsid) var_decay:0.95 descr: VMTF
c rst  luby svd  vmt  794   354 K 1419      30K   785 5.82    5.73     1221  1407   46K   113 38.12   38.04  
c rst  luby svd  vmt  795   354 K 1419      30K   785 5.82    5.73     1221  1407   46K   113 38.08   38.00  
c rst  luby svd  vmt  796   354 K 1419      30K   785 5.82    5.73     1221  1412   46K   113 38.08   37.99  
c rst  luby svd  vmt  797   354 K 1419      30K   785 5.82    5.73     1221  1416   46K   113 38.06   37.98  
c rst  luby svd  vmt  798   354 K 1419      30K   785 5.82    5.73     1221  1419   46K   113 38.03   37.95  
c rst  luby svd  vmt  799   355 K 1419      30K   785 5.82    5.73     1221  1420   46K   113 37.98   37.90  
c [ccnr] saving best assignment phase to stable_polar
c [ccnr] bumping based on var unsat frequency: conflict_ct
c [ccnr] Bumped vars: 1419 bump type: 6
c [ccnr] time: 0.26
c rst  luby svd  vmt  800   355 K 1419      30K   785 5.82    5.73     1247  1523   47K   114 37.92   37.84  
c rst  luby svd  vmt  801   355 K 1419      30K   785 5.82    5.73     1248  1527   47K   114 37.91   37.83  
c rst  luby svd  vmt  802   355 K 1419      30K   785 5.82    5.73     1248  1531   47K   114 37.90   37.82  
c rst  luby svd  vmt  803   356 K 1419      30K   785 5.82    5.73     1256  1581   47K   114 37.82   37.74  
c rst  luby svd  vmt  804   356 K 1419      30K   785 5.82    5.73     1257  1583   47K   114 37.81   37.73  
c rst  luby svd  vmt  805   356 K 1419      30K   785 5.82    5.73     1257  1585   47K   114 37.78   37.70  
c rst  luby svd  vmt  806   356 K 1419      30K   785 5.82    5.73     1257  1585   47K   114 37.70   37.62  
c [distill] watch-based irred--  cl tried 7064     cl-sh 0     cl-rem 0    lit-rem 0      T: 0.01 T-out: N
c [distill] watch-based red  --  cl tried 2514     cl-sh 123   cl-rem 0    lit-rem 220    T: 0.00 T-out: N
c rst  luby svd  vmt  807   356 K 1419      30K   785 5.82    5.73     1258  1586   48K   114 37.58   37.50  
c rst  luby svd  vmt  808   357 K 1419      30K   785 5.82    5.73     1258  1592   48K   114 37.45   37.37  
c rst  luby svd  vmt  809   357 K 1419      30K   785 5.82    5.73     1258  1593   49K   114 37.41   37.33  
c rst  luby svd  vmt  810   357 K 1419      30K   785 5.82    5.73     1258  1595   49K   114 37.37   37.30  
c rst  luby svd  vmt  811   358 K 1419      30K   785 5.82    5.73     1258  1596   49K   114 37.30   37.23  
c rst  luby svd  vmt  812   358 K 1419      30K   785 5.82    5.73     1258  1598   49K   114 37.27   37.19  
c rst  luby svd  vmt  813   358 K 1419      30K   785 5.82    5.73     1258  1598   49K   114 37.25   37.17  
c rst  luby svd  vmt  814   358 K 1419      30K   785 5.82    5.73     1259  1602   49K   114 37.27   37.20  
c rst  luby svd  vmt  815   358 K 1419      30K   785 5.82    5.73     1261  1621   50K   114 37.17   37.09  
c rst  luby svd  vmt  816   358 K 1419      30K   785 5.82    5.73     1262  1621   50K   114 37.15   37.07  
c rst  luby svd  vmt  817   359 K 1419      30K   785 5.82    5.73     1262  1621   50K   114 37.14   37.07  
c rst  luby svd  vmt  818   359 K 1419      30K   785 5.82    5.73     1262  1626   50K   114 37.16   37.09  
c rst  luby svd  vmt  819   359 K 1419      30K   785 5.82    5.73     1262  1630   50K   114 37.13   37.06  
c rst  luby svd  vmt  820   359 K 1419      30K   785 5.82    5.73     1262  1631   50K   114 37.12   37.04  
c rst  luby svd  vmt  821   359 K 1419      30K   785 5.82    5.73     1262  1639   50K   114 37.06   36.99  
c rst  luby svd  vmt  822   360 K 1419      30K   785 5.82    5.73     2069  1573   34K   114 38.08   37.98  
c rst  luby svd  vmt  823   360 K 1419      30K   785 5.82    5.73     2069  1584   35K   114 37.70   37.60  
c rst  luby svd  vmt  824   362 K 1419      30K   785 5.82    5.73     2069  1608   37K   114 37.40   37.30  
c [distill-bin] useful: 0/785/785 lits-rem: 0 cl-rem: 0 0-depth-assigns: 0 T: 0.01 T-out: N
c rst  luby svd  vmt  825   362 K 1419      30K   785 5.82    5.73     2069  1608   37K   114 37.37   37.27  
c [distill-long-red0] cls tried: 973/973 T: 0.06 T-out: N T-r: 97.83%
c [distill-long-red1] cls tried: 106/1317 T: 0.01 T-out: Y T-r: -1.59%
c rst  luby svd  vmt  826   362 K 1419      30K   785 5.82    5.73     2069  1608   37K   114 37.25   37.16  
c rst  luby svd  vmt  827   362 K 1419      30K   785 5.82    5.73     2069  1609   37K   114 37.16   37.06  
c rst  luby svd  vmt  828   362 K 1419      30K   785 5.82    5.73     2069  1610   37K   114 37.14   37.05  
c rst  luby svd  vmt  829   363 K 1419      30K   785 5.82    5.73     2069  1613   37K   114 37.12   37.03  
c rst  geom best vmt  830   363 K 1419      30K   785 5.82    5.73     2069  1615   37K   114 37.06   36.97  
c rst  geom best vmt  831   363 K 1419      30K   785 5.82    5.73     2069  1615   37K   114 37.00   36.90  
c rst  geom best vmt  832   363 K 1419      30K   785 5.82    5.73     2069  1618   38K   114 36.96   36.87  
c rst  geom best vmt  833   363 K 1419      30K   785 5.82    5.73     2069  1618   38K   114 36.89   36.79  
c rst  geom best vmt  834   363 K 1419      30K   785 5.82    5.73     2069  1618   38K   114 36.81   36.72  
c rst  geom best vmt  835   363 K 1419      30K   785 5.82    5.73     2069  1618   38K   114 36.73   36.63  
c rst  geom best vmt  836   364 K 1419      30K   785 5.82    5.73     2070  1620   38K   114 36.65   36.56  
c rst  geom best vmt  837   364 K 1419      30K   785 5.82    5.73     2070  1621   38K   114 36.54   36.45  
c rst  geom best vmt  838   364 K 1419      30K   785 5.82    5.73     2070  1621   39K   114 36.42   36.32  
c rst  geom best vmt  839   364 K 1419      30K   785 5.82    5.73     2070  1624   39K   114 36.28   36.19  
c rst  geom best vmt  840   365 K 1419      30K   785 5.82    5.73     2070  1624   39K   114 36.14   36.05  
c rst  geom best vmt  841   365 K 1419      30K   785 5.82    5.73     2070  1629   40K   114 36.08   35.99  
c rst  geom best vmt  842   365 K 1419      30K   785 5.82    5.73     2071  1631   40K   114 35.91   35.83  
c rst  geom best vmt  843   366 K 1419      30K   785 5.82    5.73     2071  1633   40K   114 35.76   35.67  
c rst  geom best vmt  844   366 K 1419      30K   785 5.82    5.73     2071  1637   41K   114 35.62   35.54  
c rst  geom best vmt  845   366 K 1419      30K   785 5.82    5.73     2071  1637   41K   114 35.49   35.40  
c rst  geom best vmt  846   367 K 1419      30K   785 5.82    5.73     2071  1638   42K   114 35.30   35.21  
c rst  geom best vmt  847   368 K 1419      30K   785 5.82    5.73     2071  1641   42K   114 35.06   34.98  
c [full-probe]  bin_only: 0 set: 1 repl: 0 T: 0.01 T-out: N T-r: 97.02%
c rst  geom best vmt  848   368 K 1418      30K   785 5.82    5.73     2071  1642   43K   114 34.80   34.72  
c rst  geom best vmt  849   369 K 1418      30K   785 5.82    5.73     2072  1648   43K   114 34.53   34.46  
c rst  geom best vmt  850   369 K 1418      30K   785 5.82    5.73     2072  1655   44K   114 34.64   34.56  
c rst  geom best vmt  851   370 K 1418      30K   785 5.82    5.73     2590  1137   45K   114 34.29   34.21  
c rst  geom best vmt  852   371 K 1418      30K   785 5.82    5.73     2591  1153   46K   114 33.98   33.91  
c rst  geom best vmt  853   372 K 1418      30K   785 5.82    5.73     2591  1159   47K   114 33.61   33.54  
c rst  geom stb  vmt  854   373 K 1418      30K   785 5.82    5.73     2591  1170   48K   114 33.30   33.23  
c rst  geom stb  vmt  855   374 K 1418      30K   785 5.82    5.73     2591  1186   49K   114 33.10   33.03  
c rst  geom stb  vmt  856   376 K 1418      30K   785 5.82    5.73     3017  1606   37K   114 30.31   30.23  
c rst  geom stb  vmt  857   377 K 1418      30K   785 5.82    5.73     3018  1627   38K   114 30.05   29.98  
c rst  geom stb  vmt  858   379 K 1418      30K   785 5.82    5.73     3018  1638   40K   114 29.70   29.63  
c [distill-long-red0] cls tried: 900/900 T: 0.06 T-out: N T-r: 97.66%
c [distill-long-red1] cls tried: 33/1286 T: 0.01 T-out: Y T-r: -4.75%
c [gauss] XOR-encoding clauses are not detached, so no need to reattach them.
c [g 0] truth-find prop checks  : 52K
c [g 0] -> of which prop        : 19.74 %
c [g 0] -> of which confl       :  1.06 %
c [g 0] elim called             : 11994
c [g 0] ---> which lead to prop : 23.41 %
c [g 0] ---> which lead to confl:  1.25 %
c [g 0] size: 43    x 453  
c [scc] new: 0 BP 0M T: 0.00
c [vrep] vars 0 lits 0 rem-bin-cls 0 rem-long-cls 0 BP 0M T: 0.00
c [intree] Set 0 vars hyper-added: 4 trans-irred: 0 trans-red: 1 T: 0.00 T-out: N T-r: -2.83%
c [find&init matx] performing matrix init
c [gauss] XOR-encoding clauses are not detached, so no need to reattach them.
c [xor-rem-unconnected] left with 878 xors from 878 non-empty xors T: 0.00
c [xor-together] xored together: 835 orig xors: 878 new xors: 43 T: 0.00
c [xor-rem-unconnected] left with 43 xors from 43 non-empty xors T: 0.00
c [xor-clean-equiv] removed equivalent xors: 0 left with: 43
c [matrix] unused xors from cleaning: 0
c [matrix] Good   matrix 0 43      x452    density:0.1809  xorlen avg: 81.77
c [matrix] Using 1 matrices recovered from 0 xors T: 0.00 T-out: N
c [g  <0] Disabling GJ-elim in this round.  Usefulness was: 17.8605%  over 67277 calls
c rst  geom stb  vmt  859   380 K 1418      30K   784 5.82    5.72     3189  1490   41K   113 29.33   29.26  
c rst  geom stb  vmt  860   382 K 1418      30K   784 5.82    5.72     3191  1497   43K   113 28.87   28.81  
c [distill-bin] useful: 0/784/784 lits-rem: 0 cl-rem: 0 0-depth-assigns: 0 T: 0.01 T-out: N
c [distill] watch-based irred--  cl tried 7062     cl-sh 0     cl-rem 0    lit-rem 0      T: 0.01 T-out: N
c [distill] watch-based red  --  cl tried 6381     cl-sh 106   cl-rem 1    lit-rem 179    T: 0.01 T-out: N
c rst  geom ibes vmt  861   384 K 1418      30K   784 5.82    5.72     3192  1517   45K   113 28.40   28.34  
c rst  geom ibes vmt  862   386 K 1418      30K   784 5.82    5.72     3193  1547   48K   113 27.88   27.82  
c rst  geom ibes vmt  863   389 K 1418      30K   784 5.82    5.72     3193  1547   50K   113 27.39   27.33  
c [full-probe]  bin_only: 1 set: 0 repl: 0 T: 0.01 T-out: N T-r: 99.65%
c rst  geom ibes vmt  864   392 K 1418      30K   784 5.82    5.72     3447  1784   39K   115 21.99   21.94  
c rst  geom svd  vmt  865   395 K 1418      30K   784 5.82    5.72     3447  1819   42K   115 21.87   21.83  
c [branch] adjusting to: vsid (from: vmtf) var_decay:0.95 descr: VSIDS
c [distill-long-red0] cls tried: 496/496 T: 0.04 T-out: N T-r: 98.36%
c [distill-long-red1] cls tried: 28/1496 T: 0.01 T-out: Y T-r: -4.45%
c rst  geom svd  vs   866   395 K 1418      30K   784 5.82    5.72     3447  1823   42K   115 21.94   21.89  
c rst  geom svd  vs   867   395 K 1418      30K   784 5.82    5.72     3447  1825   42K   115 21.99   21.94  
c rst  geom svd  vs   868   395 K 1418      30K   784 5.82    5.72     3447  1827   42K   115 22.02   21.97  
c rst  geom svd  vs   869   395 K 1418      30K   784 5.82    5.72     3447  1832   42K   115 22.06   22.02  
c rst  geom svd  vs   870   395 K 1418      30K   784 5.82    5.72     3448  1835   42K   115 22.11   22.06  
c rst  geom svd  vs   871   395 K 1418      30K   784 5.82    5.72     3448  1837   43K   115 22.16   22.11  
c rst  geom svd  vs   872   396 K 1418      30K   784 5.82    5.72     3448  1840   43K   115 22.20   22.15  
c rst  geom svd  vs   873   396 K 1418      30K   784 5.82    5.72     3448  1843   43K   115 22.24   22.19  
c rst  geom svd  vs   874   396 K 1418      30K   784 5.82    5.72     3448  1844   43K   115 22.29   22.24  
c rst  geom svd  vs   875   396 K 1418      30K   784 5.82    5.72     3448  1847   43K   115 22.36   22.31  
c rst  geom svd  vs   876   397 K 1418      30K   784 5.82    5.72     3448  1848   44K   115 22.42   22.38  
c rst  geom svd  vs   877   397 K 1418      30K   784 5.82    5.72     3450  1851   44K   115 22.46   22.41  
c rst  geom svd  vs   878   397 K 1418      30K   784 5.82    5.72     3450  1853   44K   115 22.49   22.45  
c rst  geom svd  vs   879   397 K 1418      30K   784 5.82    5.72     3450  1853   44K   115 22.50   22.45  
c recursive minimization cost OK: 650Kcost/(% lits removed)
c [gauss] XOR-encoding clauses are not detached, so no need to reattach them.
c [g 0] truth-find prop checks  : 47K
c [g 0] -> of which prop        : 15.72 %
c [g 0] -> of which confl       :  0.93 %
c [g 0] elim called             : 12343
c [g 0] ---> which lead to prop : 32.40 %
c [g 0] ---> which lead to confl:  1.45 %
c [g 0] size: 43    x 452  
c --> Executing strategy token: scc-vrepl
c [scc] new: 1 BP 0M T: 0.00
c [vrep] vars 1 lits 482 rem-bin-cls 6 rem-long-cls 0 BP 0M T: 0.00
c --> Executing strategy token: sub-impl
c [impl-sub] bin: 2 T: 0.00 T-out: N w-visit: 2838
c --> Executing strategy token: breakid
c --> Executing OCC strategy token(s): 'occ-backw-sub-str,occ-clean-implicit,occ-bve,occ-bva,occ-ternary-res,occ-xor,'
c [occ] mem usage for occur 2      MB
c [occ] Linked in IRRED BIN by default: 783
c [occ] Linked in RED   BIN by default: 110
c [occ] mem usage for occur 0      MB
c Mem for watch alloc      : 13          MB (26.11     %)
c Mem for watch array      : 0           MB (0.12      %)
c --> Executing OCC strategy token: occ-backw-sub-str
c [occ-backw-sub-str-long-w-bins] subs: 0 str: 12 tried: 8864 0-depth ass: 0 T: 0.00 T-out: N T-r: 99.14%
c [occ-backw-sub-long-w-long] rem cl: 347 tried: 80756/80756 (100.0%) T: 0.03 T-out: N T-r: 80.53%
c [occ-backw-sub-str-long-w-long] sub: 7 str: 32 tried: 242268/80756 (300.0)  T: 0.17 T-out: N T-r: 59.91%
c --> Executing OCC strategy token: occ-clean-implicit
c --> Executing OCC strategy token: occ-bve
c [occ-empty-res] Empty resolvent elimed: 0 T: 0.00 T-out: N
c [occ-bve] iter v-elim 0
c cl_inc_rate=1.0, var_dec_rate=1.0 (grow=0)
c Reduced to 1417 vars, 31322 cls (grow=0)
c [occ-bve] iter v-elim 0
c cl_inc_rate=1.0, var_dec_rate=1.0 (grow=8)
c Reduced to 1417 vars, 31322 cls (grow=8)
c [occ-bve] iter v-elim 0
c cl_inc_rate=1.0, var_dec_rate=1.0 (grow=16)
c Reduced to 1417 vars, 31322 cls (grow=16)
c x n vars       : 1417
c #try to eliminate:  4251
c #var-elim        :     0
c #T-o: N
c #T-r: 99.99%
c #T  : 0.22
c [occur] 0.02 is overhead
c [occur] link-in T: 0.02 cleanup T: 0.00
c --> Executing OCC strategy token: occ-bva
c --> Executing OCC strategy token: occ-ternary-res
c [occ-ternary-res] Ternary res-tri: 0 res-bin: 0 sub: 0 str: 0 T: 0.00 T-out: N T-r: 99.79%
c --> Executing OCC strategy token: occ-xor
c [occ-xor] sort occur list T: 0.00
c [xor-clean-equiv] removed equivalent xors: 0 left with: 858
c [occ-xor] found    858 avg sz 5.9 min sz  4 max sz  6 T: 0.00 T-out: N T-r: 99.98%
c --> Executing strategy token: card-find
c --> Executing strategy token: cl-consolidate
c Not consolidating memory.
c --> Executing strategy token: scc-vrepl
c [scc] new: 0 BP 0M T: 0.00
c --> Executing strategy token: renumber
c --> Executing strategy token: bosphorus
c --> Executing strategy token: louvain-comms
c [consolidate] mini T: 0.00
c global_timeout_multiplier: 4.3923
c [branch] rebuilding order heap for all branchings. Current branching: vsid
c [find&init matx] performing matrix init
c [gauss] XOR-encoding clauses are not detached, so no need to reattach them.
c [xor-rem-unconnected] left with 858 xors from 858 non-empty xors T: 0.00
c [xor-together] xored together: 802 orig xors: 858 new xors: 56 T: 0.00
c [xor-rem-unconnected] left with 56 xors from 56 non-empty xors T: 0.00
c [xor-clean-equiv] removed equivalent xors: 0 left with: 56
c [matrix] unused xors from cleaning: 0
c [matrix] Good   matrix  0     56 x  483  density:0.1280  xorlen avg: 61.84
c [matrix] Using 1 matrices recovered from 0 xors T: 0.00 T-out: N
c rst  geom  svd   vs   880  398K    1417   30K   783    5.82    5.72  3180  2004   45K   110   22.72   22.67
c rst  geom  svd   vs   881  398K    1417   30K   783    5.82    5.72  3181  2008   45K   110   22.92   22.88
c rst  geom  svd   vs   882  399K    1417   30K   783    5.82    5.72  3181  2016   45K   110   23.10   23.06
c rst  geom  svd   vs   883  399K    1417   30K   783    5.82    5.72  3181  2019   46K   110   23.24   23.19
c [ccnr] saving best assignment phase to stable_polar
c [ccnr] bumping based on var unsat frequency: conflict_ct
c [ccnr] Bumped vars: 1419 bump type: 6
c [ccnr] time: 0.26
c rst  geom  svd   vs   884  400K    1417   30K   783    5.82    5.72  3194  1931   46K   110   23.40   23.35
c rst  geom  svd   vs   885  400K    1417   30K   783    5.82    5.72  3194  1932   47K   110   23.57   23.53
c rst  geom  svd   vs   886  401K    1417   30K   783    5.82    5.72  3194  1934   48K   110   23.64   23.59
c rst  geom best   vs   887  402K    1417   30K   783    5.82    5.72  3194  1936   48K   110   23.85   23.81
c rst  geom best   vs   888  402K    1417   30K   783    5.82    5.72  3194  1936   49K   110   24.20   24.15
c [distill-bin] useful: 0/783/783 lits-rem: 0 cl-rem: 0 0-depth-assigns: 0 T: 0.00 T-out: N
c rst  geom best   vs   889  403K    1417   30K   783    5.82    5.72  3194  1941   50K   110   24.44   24.39
c rst  geom best   vs   890  404K    1417   30K   783    5.82    5.72  3196  1947   51K   110   24.71   24.66
c [impl-str] lit bin: 0 set-var: 0 T: 0.00 T-out: N T-r: 99.96% w-visit: 2838
c [impl-sub] bin: 0 T: 0.00 T-out: N w-visit: 2838
c rst  geom best   vs   891  405K    1417   30K   783    5.82    5.72  3198  2005   38K   110   22.82   22.76
c rst  geom best   vs   892  406K    1417   30K   783    5.82    5.72  3199  2005   39K   110   23.17   23.12
c rst  geom best   vs   893  408K    1417   30K   783    5.82    5.72  3200  2013   40K   110   23.65   23.60
c [distill] watch-based irred--  cl tried     8310 cl-sh     0 cl-rem    0 lit-rem      0 T: 0.01 T-out: N
c [distill] watch-based   red--  cl tried     6400 cl-sh    15 cl-rem    0 lit-rem     20 T: 0.01 T-out: N
c rst  geom best   vs   894  409K    1417   30K   783    5.82    5.72  3201  2018   42K   110   24.09   24.04
c [full-probe]  bin_only: 0 set: 0 repl: 0 T: 0.00 T-out: N T-r: 98.04%
c rst  geom best   vs   895  411K    1417   30K   783    5.82    5.72  3230  1933   43K   110   24.32   24.27
c [distill-long-red0] cls tried: 130/130 T: 0.01 T-out: N T-r: 99.57%
c [distill-long-red1] cls tried: 34/1623 T: 0.01 T-out: Y T-r: -4.57%
c rst  geom  stb   vs   896  412K    1417   30K   783    5.82    5.72  3231  1947   45K   110   24.90   24.85
c rst  geom  stb   vs   897  414K    1417   30K   783    5.82    5.72  3231  1957   47K   110   25.57   25.52
c rst  geom  stb   vs   898  416K    1417   30K   783    5.82    5.72  3231  1969   49K   110   26.21   26.16
c rst  geom  stb   vs   899  418K    1417   30K   783    5.82    5.72  3231  1985   51K   110   26.63   26.58
c rst  geom  stb   vs   900  421K    1417   30K   783    5.82    5.72  3256  1969   39K   110   29.79   29.72
c rst  geom ibes   vs   901  424K    1417   30K   783    5.82    5.72  3257  1983   42K   110   30.38   30.32
c [distill-bin] useful: 0/783/783 lits-rem: 0 cl-rem: 0 0-depth-assigns: 0 T: 0.01 T-out: N
c rst  geom ibes   vs   902  427K    1417   30K   783    5.82    5.72  3257  2006   45K   110   31.33   31.27
c [distill-long-red0] cls tried: 27/27 T: 0.00 T-out: N T-r: 99.97%
c [distill-long-red1] cls tried: 51/1677 T: 0.01 T-out: Y T-r: -1.98%
c rst  geom ibes   vs   903  430K    1417   30K   783    5.82    5.72  3300  1783   48K   110   31.94   31.88
c [full-probe]  bin_only: 1 set: 0 repl: 0 T: 0.00 T-out: N T-r: 99.82%
c rst  geom ibes   vs   904  434K    1417   30K   783    5.82    5.72  3302  1800   52K   110   32.94   32.88
c [distill] watch-based irred--  cl tried     8310 cl-sh     0 cl-rem    0 lit-rem      0 T: 0.01 T-out: N
c [distill] watch-based   red--  cl tried     6604 cl-sh    28 cl-rem    0 lit-rem     51 T: 0.01 T-out: N
c rst  geom  svd   vs   905  438K    1417   30K   783    5.82    5.72  3312  1898   41K   110   37.17   37.09
c [branch] adjusting to: vmtf (from: vsid) var_decay:0.95 descr: VMTF
c rst  luby  svd  vmt   906  438K    1417   30K   783    5.82    5.72  3317  1916   41K   110   37.12   37.04
c rst  luby  svd  vmt   907  438K    1417   30K   783    5.82    5.72  3321  1929   41K   110   37.11   37.03
c rst  luby  svd  vmt   908  438K    1417   30K   783    5.82    5.72  3321  1931   41K   110   37.15   37.07
c rst  luby  svd  vmt   909  438K    1417   30K   783    5.82    5.72  3321  1931   41K   110   37.18   37.10
c rst  luby  svd  vmt   910  438K    1417   30K   783    5.82    5.72  3321  1931   41K   110   37.26   37.17
c rst  luby  svd  vmt   911  438K    1417   30K   783    5.82    5.72  3321  1935   42K   110   37.29   37.21
c rst  luby  svd  vmt   912  439K    1417   30K   783    5.82    5.72  3321  1943   42K   110   37.33   37.24
c rst  luby  svd  vmt   913  439K    1417   30K   783    5.82    5.72  3321  1943   42K   110   37.36   37.27
c rst  luby  svd  vmt   914  439K    1417   30K   783    5.82    5.72  3322  1943   42K   110   37.38   37.30
c rst  luby  svd  vmt   915  439K    1417   30K   783    5.82    5.72  3322  1944   42K   110   37.40   37.32
c rst  luby  svd  vmt   916  439K    1417   30K   783    5.82    5.72  3322  1945   43K   110   37.42   37.33
c rst  luby  svd  vmt   917  439K    1417   30K   783    5.82    5.72  3322  1945   43K   110   37.45   37.37
c rst  luby  svd  vmt   918  440K    1417   30K   783    5.82    5.72  3370  1765   43K   110   37.49   37.41
c rst  luby  svd  vmt   919  440K    1417   30K   783    5.82    5.72  3370  1765   43K   110   37.45   37.37
c rst  luby  svd  vmt   920  441K    1417   30K   783    5.82    5.72  3370  1768   44K   110   37.60   37.53
c rst  luby  svd  vmt   921  441K    1417   30K   783    5.82    5.72  3370  1769   44K   110   37.60   37.52
c rst  luby  svd  vmt   922  441K    1417   30K   783    5.82    5.72  3370  1769   44K   110   37.61   37.53
c rst  luby  svd  vmt   923  441K    1417   30K   783    5.82    5.72  3370  1769   45K   110   37.64   37.56
c rst  luby  svd  vmt   924  441K    1417   30K   783    5.82    5.72  3370  1769   45K   110   37.67   37.59
c rst  luby  svd  vmt   925  441K    1417   30K   783    5.82    5.72  3370  1769   45K   110   37.67   37.59
c rst  luby  svd  vmt   926  442K    1417   30K   783    5.82    5.72  3370  1769   45K   110   37.67   37.59
c rst  luby  svd  vmt   927  442K    1417   30K   783    5.82    5.72  3371  1775   45K   110   37.68   37.61
c [distill-long-red0] cls tried: 123/123 T: 0.01 T-out: N T-r: 99.79%
c [distill-long-red1] cls tried: 77/1536 T: 0.01 T-out: Y T-r: -3.24%
c rst  luby  svd  vmt   928  442K    1417   30K   783    5.82    5.72  3371  1776   45K   110   37.67   37.60
c rst  luby  svd  vmt   929  442K    1417   30K   783    5.82    5.72  3371  1776   46K   110   37.68   37.61
c rst  luby  svd  vmt   930  442K    1417   30K   783    5.82    5.72  3371  1777   46K   110   37.64   37.56
c rst  luby  svd  vmt   931  443K    1417   30K   783    5.82    5.72  3371  1777   46K   110   37.62   37.54
c rst  luby  svd  vmt   932  443K    1417   30K   783    5.82    5.72  3371  1779   46K   110   37.64   37.57
c rst  luby  svd  vmt   933  443K    1417   30K   783    5.82    5.72  3371  1779   46K   110   37.67   37.59
c rst  luby  svd  vmt   934  443K    1417   30K   783    5.82    5.72  3371  1783   47K   110   37.77   37.70
c [ccnr] saving best assignment phase to stable_polar
c [ccnr] bumping based on clause weights
c [ccnr] Bumped vars: 102 bump type: 6
c [ccnr] time: 0.26
c rst  geom best  vmt   935  443K    1417   30K   783    5.82    5.72  3372  1786   47K   110   37.77   37.69
c rst  geom best  vmt   936  443K    1417   30K   783    5.82    5.72  3373  1794   47K   110   37.73   37.65
c rst  geom best  vmt   937  444K    1417   30K   783    5.82    5.72  3373  1794   47K   110   37.68   37.61
c [gauss] XOR-encoding clauses are not detached, so no need to reattach them.
c [g 0] truth-find prop checks  : 1159K
c [g 0] -> of which prop        : 60.82 %
c [g 0] -> of which confl       :  2.05 %
c [g 0] elim called             : 65K
c [g 0] ---> which lead to prop : 66.74 %
c [g 0] ---> which lead to confl:  2.89 %
c [g 0] size: 56    x 483  
c [scc] new: 0 BP 0M T: 0.00
c [vrep] vars 0 lits 0 rem-bin-cls 0 rem-long-cls 0 BP 0M T: 0.00
c [intree] Set 0 vars hyper-added: 0 trans-irred: 0 trans-red: 0 T: 0.01 T-out: N T-r: -0.55%
c [find&init matx] performing matrix init
c [gauss] XOR-encoding clauses are not detached, so no need to reattach them.
c [xor-rem-unconnected] left with 858 xors from 858 non-empty xors T: 0.00
c [xor-together] xored together: 802 orig xors: 858 new xors: 56 T: 0.00
c [xor-rem-unconnected] left with 56 xors from 56 non-empty xors T: 0.00
c [xor-clean-equiv] removed equivalent xors: 0 left with: 56
c [matrix] unused xors from cleaning: 0
c [matrix] Good   matrix 0 56      x483    density:0.1280  xorlen avg: 61.84
c [matrix] Using 1 matrices recovered from 0 xors T: 0.00 T-out: N
c rst  geom best vmt  938   444 K 1417      30K   783 5.82    5.72     3373  1798   47K   110 37.66   37.59  
c [distill-bin] useful: 0/783/783 lits-rem: 0 cl-rem: 0 0-depth-assigns: 0 T: 0.00 T-out: N
c rst  geom best vmt  939   444 K 1417      30K   783 5.82    5.72     3373  1799   47K   110 37.63   37.56  
c rst  geom best vmt  940   444 K 1417      30K   783 5.82    5.72     3373  1801   47K   110 37.58   37.51  
c rst  geom best vmt  941   444 K 1417      30K   783 5.82    5.72     3373  1801   48K   110 37.50   37.43  
c rst  geom best vmt  942   444 K 1417      30K   783 5.82    5.72     3373  1801   48K   110 37.42   37.35  
c rst  geom best vmt  943   445 K 1417      30K   783 5.82    5.72     3373  1803   48K   110 37.38   37.31  
c rst  geom best vmt  944   445 K 1417      30K   783 5.82    5.72     3373  1805   48K   110 37.31   37.24  
c rst  geom best vmt  945   445 K 1417      30K   783 5.82    5.72     3373  1806   49K   110 37.23   37.16  
c rst  geom best vmt  946   446 K 1417      30K   783 5.82    5.72     3373  1807   49K   110 37.13   37.06  
c rst  geom best vmt  947   446 K 1417      30K   783 5.82    5.72     3374  1809   49K   110 37.03   36.96  
c rst  geom best vmt  948   446 K 1417      30K   783 5.82    5.72     3374  1819   50K   110 36.95   36.88  
c rst  geom best vmt  949   447 K 1417      30K   783 5.82    5.72     3374  1825   50K   110 36.82   36.75  
c rst  geom best vmt  950   447 K 1417      30K   783 5.82    5.72     3374  1829   50K   110 36.71   36.64  
c rst  geom best vmt  951   448 K 1417      30K   783 5.82    5.72     3374  1832   51K   110 36.58   36.51  
c rst  geom best vmt  952   448 K 1417      30K   783 5.82    5.72     3374  1849   51K   110 36.49   36.43  
c rst  geom best vmt  953   449 K 1417      30K   783 5.82    5.72     3374  1867   52K   110 36.32   36.26  
c rst  geom best vmt  954   449 K 1417      30K   783 5.82    5.72     3374  1872   53K   110 36.12   36.06  
c rst  geom best vmt  955   450 K 1417      30K   783 5.82    5.72     3529  1753   38K   110 35.11   35.03  
c [full-probe]  bin_only: 0 set: 0 repl: 0 T: 0.00 T-out: N T-r: 98.38%
c rst  geom best vmt  956   451 K 1417      30K   783 5.82    5.72     3530  1764   39K   110 34.84   34.76  
c rst  geom best vmt  957   452 K 1417      30K   783 5.82    5.72     3531  1768   40K   110 34.63   34.55  
c rst  geom best vmt  958   453 K 1417      30K   783 5.82    5.72     3532  1779   41K   110 34.33   34.25  
c rst  geom stb  vmt  959   454 K 1417      30K   783 5.82    5.72     3532  1785   42K   110 33.92   33.85  
c rst  geom stb  vmt  960   455 K 1417      30K   783 5.82    5.72     3532  1794   43K   110 33.51   33.44  
c rst  geom stb  vmt  961   456 K 1417      30K   783 5.82    5.72     3532  1804   44K   110 33.13   33.06  
c rst  geom stb  vmt  962   458 K 1417      30K   783 5.82    5.72     3532  1809   45K   110 32.66   32.60  
c [distill-long-red0] cls tried: 156/156 T: 0.01 T-out: N T-r: 99.61%
c [distill-long-red1] cls tried: 50/1534 T: 0.01 T-out: Y T-r: -2.13%
c rst  geom stb  vmt  963   459 K 1417      30K   783 5.82    5.72     3533  1829   47K   110 32.30   32.23  
c [distill] watch-based irred--  cl tried 8310     cl-sh 0     cl-rem 0    lit-rem 0      T: 0.00 T-out: N
c [distill] watch-based red  --  cl tried 7066     cl-sh 8     cl-rem 0    lit-rem 12     T: 0.01 T-out: N
c rst  geom stb  vmt  964   461 K 1417      30K   783 5.82    5.72     3615  1557   49K   110 31.85   31.79  
c rst  geom stb  vmt  965   463 K 1417      30K   783 5.82    5.72     3615  1579   51K   110 31.38   31.32  
c rst  geom ibes vmt  966   465 K 1417      30K   783 5.82    5.72     3636  1966   38K   110 27.25   27.19  
c [distill-bin] useful: 0/783/783 lits-rem: 0 cl-rem: 0 0-depth-assigns: 0 T: 0.00 T-out: N
c [impl-str] lit bin: 0 set-var: 0 T: 0.00 T-out: N T-r: 99.96% w-visit: 2838
c [impl-sub] bin: 0 T: 0.00 T-out: N w-visit: 2838
c rst  geom ibes vmt  967   467 K 1417      30K   783 5.82    5.72     3637  1979   40K   110 26.64   26.58  
c rst  geom ibes vmt  968   470 K 1417      30K   783 5.82    5.72     3743  1705   43K   110 26.24   26.18  
c rst  geom ibes vmt  969   472 K 1417      30K   783 5.82    5.72     3744  1741   46K   110 25.68   25.63  
c [full-probe]  bin_only: 1 set: 0 repl: 0 T: 0.00 T-out: N T-r: 99.80%
c rst  geom ibes vmt  970   475 K 1417      30K   783 5.82    5.72     3744  1750   49K   110 24.98   24.94  
c [distill-long-red0] cls tried: 213/213 T: 0.02 T-out: N T-r: 99.07%
c [distill-long-red1] cls tried: 21/1562 T: 0.01 T-out: Y T-r: -7.65%
c rst  geom svd  vmt  971   479 K 1417      30K   783 5.82    5.72     3748  1804   52K   110 24.45   24.40  
c rst  geom svd  vmt  972   482 K 1417      30K   783 5.82    5.72     3881  2110   40K   110 18.74   18.70  
c rst  geom svd  vmt  973   486 K 1417      30K   783 5.82    5.72     3881  2149   44K   110 19.22   19.18  
c [branch] adjusting to: vsid (from: vmtf) var_decay:0.95 descr: VSIDS
c [distill-bin] useful: 0/783/783 lits-rem: 0 cl-rem: 0 0-depth-assigns: 0 T: 0.00 T-out: N
c [distill] watch-based irred--  cl tried 8268     cl-sh 0     cl-rem 0    lit-rem 0      T: 0.01 T-out: Y
c [distill] watch-based red  --  cl tried 7762     cl-sh 5     cl-rem 0    lit-rem 19     T: 0.01 T-out: N
c rst  geom best vs   974   486 K 1417      30K   783 5.82    5.72     3881  2149   44K   110 19.29   19.25  
c rst  geom best vs   975   486 K 1417      30K   783 5.82    5.72     3881  2149   45K   110 19.31   19.27  
c rst  geom best vs   976   487 K 1417      30K   783 5.82    5.72     3881  2149   45K   110 19.33   19.29  
c rst  geom best vs   977   487 K 1417      30K   783 5.82    5.72     3881  2150   45K   110 19.35   19.32  
c rst  geom best vs   978   487 K 1417      30K   783 5.82    5.72     3881  2150   45K   110 19.42   19.39  
c rst  geom best vs   979   487 K 1417      30K   783 5.82    5.72     3881  2152   45K   110 19.45   19.42  
c rst  geom best vs   980   487 K 1417      30K   783 5.82    5.72     3882  2152   45K   110 19.54   19.50  
c [ccnr] saving best assignment phase to stable_polar
c [ccnr] bumping based on var unsat frequency: conflict_ct
c [ccnr] Bumped vars: 1419 bump type: 6
c [ccnr] time: 0.27
c rst  geom best vs   981   488 K 1417      30K   783 5.82    5.72     3882  2154   46K   110 19.62   19.58  
c rst  geom best vs   982   488 K 1417      30K   783 5.82    5.72     3882  2156   46K   110 19.69   19.66  
c rst  geom best vs   983   488 K 1417      30K   783 5.82    5.72     3882  2156   46K   110 19.79   19.76  
c rst  geom best vs   984   488 K 1417      30K   783 5.82    5.72     3882  2156   47K   110 19.78   19.75  
c rst  geom best vs   985   489 K 1417      30K   783 5.82    5.72     3882  2159   47K   110 19.87   19.84  
c rst  geom best vs   986   489 K 1417      30K   783 5.82    5.72     3882  2166   47K   110 20.02   19.98  
c rst  geom best vs   987   490 K 1417      30K   783 5.82    5.72     3969  2016   48K   110 20.21   20.17  
c rst  geom best vs   988   490 K 1417      30K   783 5.82    5.72     3969  2017   48K   110 20.33   20.29  
c rst  geom best vs   989   491 K 1417      30K   783 5.82    5.72     3970  2017   49K   110 20.46   20.42  
c [distill-long-red0] cls tried: 225/225 T: 0.03 T-out: N T-r: 98.81%
c [distill-long-red1] cls tried: 22/1818 T: 0.01 T-out: Y T-r: -13.56%
c rst  geom best vs   990   491 K 1417      30K   783 5.82    5.72     3970  2019   49K   110 20.58   20.54  
c rst  geom best vs   991   492 K 1417      30K   783 5.82    5.72     3970  2020   50K   110 20.58   20.54  
c rst  geom best vs   992   492 K 1417      30K   783 5.82    5.72     3970  2025   50K   110 20.72   20.68  
c [full-probe]  bin_only: 0 set: 0 repl: 0 T: 0.00 T-out: N T-r: 98.12%
c rst  geom best vs   993   493 K 1417      30K   783 5.82    5.72     3970  2028   51K   110 20.98   20.95  
c rst  geom best vs   994   494 K 1417      30K   783 5.82    5.72     3971  2032   52K   110 21.13   21.09  
c rst  geom best vs   995   495 K 1417      30K   783 5.82    5.72     3984  2347   38K   110 20.54   20.49  
c rst  geom best vs   996   496 K 1417      30K   783 5.82    5.72     3984  2350   39K   110 20.91   20.86  
c rst  geom best vs   997   497 K 1417      30K   783 5.82    5.72     3984  2354   40K   110 21.31   21.26  
c rst  geom stb  vs   998   498 K 1417      30K   783 5.82    5.72     3984  2358   41K   110 21.81   21.76  
c rst  geom stb  vs   999   499 K 1417      30K   783 5.82    5.72     3984  2362   42K   110 22.33   22.29  
c rst  geom stb  vs   1000  501 K 1417      30K   783 5.82    5.72     4015  2271   44K   110 22.99   22.94  
c rst  geom stb  vs   1001  502 K 1417      30K   783 5.82    5.72     4015  2288   45K   110 23.32   23.28  
c rst  geom stb  vs   1002  504 K 1417      30K   783 5.82    5.72     4016  2301   47K   110 24.25   24.21  
c rst  geom stb  vs   1003  506 K 1417      30K   783 5.82    5.72     4016  2301   49K   110 24.37   24.33  
c [distill-long-red0] cls tried: 46/46 T: 0.00 T-out: N T-r: 99.89%
c [distill-long-red1] cls tried: 28/2091 T: 0.01 T-out: Y T-r: -5.32%
c rst  geom stb  vs   1004  508 K 1417      30K   783 5.82    5.72     4017  2305   51K   110 24.89   24.85  
c [distill-bin] useful: 0/783/783 lits-rem: 0 cl-rem: 0 0-depth-assigns: 0 T: 0.00 T-out: N
c rst  geom ibes vs   1005  510 K 1417      30K   783 5.82    5.72     4061  2262   37K   110 28.59   28.53  
c [gauss] XOR-encoding clauses are not detached, so no need to reattach them.
c [g 0] truth-find prop checks  : 2859K
c [g 0] -> of which prop        : 35.74 %
c [g 0] -> of which confl       :  1.40 %
c [g 0] elim called             : 250K
c [g 0] ---> which lead to prop : 30.72 %
c [g 0] ---> which lead to confl:  0.83 %
c [g 0] size: 56    x 483  
c [scc] new: 0 BP 0M T: 0.00
c [vrep] vars 0 lits 0 rem-bin-cls 0 rem-long-cls 0 BP 0M T: 0.01
c [intree] Set 0 vars hyper-added: 2 trans-irred: 0 trans-red: 0 T: 0.00 T-out: N T-r: -1.64%
c [find&init matx] performing matrix init
c [gauss] XOR-encoding clauses are not detached, so no need to reattach them.
c [xor-rem-unconnected] left with 858 xors from 858 non-empty xors T: 0.00
c [xor-together] xored together: 802 orig xors: 858 new xors: 56 T: 0.00
c [xor-rem-unconnected] left with 56 xors from 56 non-empty xors T: 0.00
c [xor-clean-equiv] removed equivalent xors: 0 left with: 56
c [matrix] unused xors from cleaning: 0
c [matrix] Good   matrix 0 56      x483    density:0.1280  xorlen avg: 61.84
c [matrix] Using 1 matrices recovered from 0 xors T: 0.00 T-out: N
c rst  geom ibes vs   1006  512 K 1417      30K   783 5.82    5.72     4062  2268   39K   112 29.17   29.10  
c [full-probe]  bin_only: 1 set: 0 repl: 0 T: 0.00 T-out: N T-r: 99.84%
c [distill] watch-based irred--  cl tried 8310     cl-sh 0     cl-rem 0    lit-rem 0      T: 0.01 T-out: N
c [distill] watch-based red  --  cl tried 8124     cl-sh 13    cl-rem 0    lit-rem 28     T: 0.01 T-out: N
c rst  geom ibes vs   1007  515 K 1417      30K   783 5.82    5.72     4062  2300   42K   112 29.66   29.59  
c rst  geom ibes vs   1008  518 K 1417      30K   783 5.82    5.72     4062  2305   45K   112 30.01   29.95  
c rst  geom svd  vs   1009  521 K 1417      30K   783 5.82    5.72     4093  2174   48K   112 30.61   30.55  
c [distill-long-red0] cls tried: 79/79 T: 0.00 T-out: N T-r: 99.89%
c [distill-long-red1] cls tried: 56/1977 T: 0.01 T-out: Y T-r: -2.67%
c rst  geom svd  vs   1010  525 K 1417      30K   783 5.82    5.72     4100  2281   37K   112 34.08   33.99  
c [impl-str] lit bin: 0 set-var: 0 T: 0.00 T-out: N T-r: 99.96% w-visit: 2838
c [impl-sub] bin: 0 T: 0.00 T-out: N w-visit: 2838
c rst  geom svd  vs   1011  529 K 1417      30K   783 5.82    5.72     4101  2286   41K   112 34.42   34.34  
c [distill-bin] useful: 0/783/783 lits-rem: 0 cl-rem: 0 0-depth-assigns: 0 T: 0.01 T-out: N
c rst  geom best vs   1012  533 K 1417      30K   783 5.82    5.72     4122  2093   46K   112 34.46   34.39  
c [full-probe]  bin_only: 0 set: 0 repl: 0 T: 0.00 T-out: N T-r: 97.70%
c [ccnr] saving best assignment phase to stable_polar
c [ccnr] bumping based on var unsat frequency: conflict_ct
c [ccnr] Bumped vars: 1419 bump type: 6
c [ccnr] time: 0.26
c rst  geom best vs   1013  538 K 1417      30K   783 5.82    5.72     4122  2105   51K   112 34.53   34.47  
c [distill-long-red0] cls tried: 29/29 T: 0.00 T-out: N T-r: 99.93%
c [distill-long-red1] cls tried: 116/1878 T: 0.01 T-out: Y T-r: -2.30%
c [distill] watch-based irred--  cl tried 8310     cl-sh 0     cl-rem 0    lit-rem 0      T: 0.01 T-out: N
c [distill] watch-based red  --  cl tried 8244     cl-sh 8     cl-rem 0    lit-rem 10     T: 0.00 T-out: N
c rst  geom best vs   1014  544 K 1417      30K   783 5.82    5.72     4152  1874   42K   112 34.70   34.63  
c [branch] adjusting to: vmtf (from: vsid) var_decay:0.95 descr: VMTF
c rst  luby stb  vmt  1015  544 K 1417      30K   783 5.82    5.72     4164  1882   42K   117 34.71   34.63  
c rst  luby stb  vmt  1016  544 K 1417      30K   783 5.82    5.72     4164  1882   42K   117 34.77   34.70  
c rst  luby stb  vmt  1017  544 K 1417      30K   783 5.82    5.72     4166  1882   42K   117 34.84   34.76  
c rst  luby stb  vmt  1018  544 K 1417      30K   783 5.82    5.72     4166  1882   42K   117 34.90   34.82  
c rst  luby stb  vmt  1019  544 K 1417      30K   783 5.82    5.72     4166  1882   43K   117 34.92   34.84  
c rst  luby stb  vmt  1020  544 K 1417      30K   783 5.82    5.72     4166  1882   43K   117 34.94   34.86  
c rst  luby stb  vmt  1021  545 K 1417      30K   783 5.82    5.72     4166  1886   43K   117 34.98   34.90  
c rst  luby stb  vmt  1022  545 K 1417      30K   783 5.82    5.72     4166  1887   43K   117 34.99   34.91  
c rst  luby stb  vmt  1023  545 K 1417      30K   783 5.82    5.72     4166  1888   43K   117 35.03   34.95  
c rst  luby stb  vmt  1024  545 K 1417      30K   783 5.82    5.72     4166  1895   44K   117 35.09   35.01  
c rst  luby stb  vmt  1025  545 K 1417      30K   783 5.82    5.72     4166  1896   44K   117 35.11   35.03  
c rst  luby stb  vmt  1026  545 K 1417      30K   783 5.82    5.72     4166  1898   44K   117 35.15   35.08  
c rst  luby stb  vmt  1027  546 K 1417      30K   783 5.82    5.72     4166  1898   44K   117 35.20   35.12  
c rst  luby stb  vmt  1028  546 K 1417      30K   783 5.82    5.72     4166  1900   44K   117 35.27   35.19  
c rst  luby stb  vmt  1029  547 K 1417      30K   783 5.82    5.72     4166  1905   45K   117 35.35   35.27  
c rst  luby stb  vmt  1030  547 K 1417      30K   783 5.82    5.72     4166  1906   45K   117 35.34   35.27  
c rst  luby stb  vmt  1031  547 K 1417      30K   783 5.82    5.72     4166  1907   45K   117 35.38   35.30  
c rst  luby stb  vmt  1032  547 K 1417      30K   783 5.82    5.72     4166  1909   46K   117 35.41   35.34  
c rst  luby stb  vmt  1033  547 K 1417      30K   783 5.82    5.72     4166  1909   46K   117 35.45   35.37  
c rst  luby stb  vmt  1034  547 K 1417      30K   783 5.82    5.72     4166  1909   46K   117 35.47   35.40  
c rst  luby stb  vmt  1035  548 K 1417      30K   783 5.82    5.72     4166  1909   46K   117 35.49   35.41  
c rst  luby stb  vmt  1036  548 K 1417      30K   783 5.82    5.72     4166  1913   46K   117 35.61   35.53  
c rst  luby stb  vmt  1037  548 K 1417      30K   783 5.82    5.72     4166  1915   46K   117 35.62   35.54  
c rst  luby stb  vmt  1038  548 K 1417      30K   783 5.82    5.72     4166  1915   47K   117 35.65   35.57  
c rst  luby stb  vmt  1039  548 K 1417      30K   783 5.82    5.72     4166  1915   47K   117 35.68   35.61  
c rst  luby stb  vmt  1040  549 K 1417      30K   783 5.82    5.72     4166  1915   47K   117 35.69   35.61  
c rst  luby stb  vmt  1041  549 K 1417      30K   783 5.82    5.72     4166  1915   47K   117 35.70   35.63  
c rst  luby stb  vmt  1042  549 K 1417      30K   783 5.82    5.72     4166  1917   47K   117 35.69   35.62  
c rst  luby stb  vmt  1043  549 K 1417      30K   783 5.82    5.72     4166  1919   48K   117 35.72   35.65  
c [distill-bin] useful: 0/783/783 lits-rem: 0 cl-rem: 0 0-depth-assigns: 0 T: 0.01 T-out: N
c rst  luby stb  vmt  1044  550 K 1417      30K   783 5.82    5.72     4203  1294   49K   117 35.85   35.78  
c rst  luby stb  vmt  1045  552 K 1417      30K   783 5.82    5.72     4204  1307   51K   117 36.19   36.12  
c rst  luby stb  vmt  1046  552 K 1417      30K   783 5.82    5.72     4204  1310   51K   117 36.21   36.14  
c rst  luby stb  vmt  1047  552 K 1417      30K   783 5.82    5.72     4205  1311   51K   117 36.22   36.15  
c rst  luby stb  vmt  1048  552 K 1417      30K   783 5.82    5.72     4206  1312   51K   117 36.21   36.14  
c rst  luby stb  vmt  1049  552 K 1417      30K   783 5.82    5.72     4206  1312   51K   117 36.23   36.16  
c rst  luby stb  vmt  1050  552 K 1417      30K   783 5.82    5.72     4206  1312   51K   117 36.22   36.15  
c rst  luby stb  vmt  1051  552 K 1417      30K   783 5.82    5.72     4206  1312   51K   117 36.21   36.14  
c rst  luby stb  vmt  1052  553 K 1417      30K   783 5.82    5.72     4206  1313   52K   117 36.22   36.15  
c rst  luby stb  vmt  1053  553 K 1417      30K   783 5.82    5.72     4206  1313   52K   117 36.22   36.15  
c rst  luby stb  vmt  1054  553 K 1417      30K   783 5.82    5.72     4206  1313   52K   117 36.22   36.15  
c rst  luby stb  vmt  1055  553 K 1417      30K   783 5.82    5.72     4206  1314   52K   117 36.25   36.18  
c rst  luby stb  vmt  1056  553 K 1417      30K   783 5.82    5.72     4206  1314   52K   117 36.26   36.19  
c [distill-long-red0] cls tried: 91/91 T: 0.00 T-out: N T-r: 99.81%
c [distill-long-red1] cls tried: 84/1120 T: 0.01 T-out: Y T-r: -1.54%
c rst  luby stb  vmt  1057  553 K 1417      30K   783 5.82    5.72     4205  1314   52K   118 36.26   36.19  
c [full-probe]  bin_only: 1 set: 0 repl: 0 T: 0.00 T-out: N T-r: 99.80%
c rst  luby stb  vmt  1058  554 K 1417      30K   783 5.82    5.72     4205  1316   53K   118 36.27   36.20  
c rst  luby stb  vmt  1059  554 K 1417      30K   783 5.82    5.72     4205  1317   53K   118 36.31   36.24  
c rst  luby stb  vmt  1060  555 K 1417      30K   783 5.82    5.72     4212  1456   39K   118 35.47   35.39  
c rst  luby ibes vmt  1061  555 K 1417      30K   783 5.82    5.72     4212  1456   39K   118 35.46   35.38  
c rst  luby ibes vmt  1062  555 K 1417      30K   783 5.82    5.72     4212  1456   39K   118 35.46   35.37  
c rst  luby ibes vmt  1063  555 K 1417      30K   783 5.82    5.72     4212  1458   39K   118 35.44   35.35  
c rst  luby ibes vmt  1064  555 K 1417      30K   783 5.82    5.72     4212  1459   39K   118 35.45   35.37  
c rst  luby ibes vmt  1065  555 K 1417      30K   783 5.82    5.72     4212  1459   39K   118 35.45   35.37  
c rst  luby ibes vmt  1066  556 K 1417      30K   783 5.82    5.72     4212  1459   39K   118 35.48   35.39  
c rst  luby ibes vmt  1067  556 K 1417      30K   783 5.82    5.72     4212  1459   40K   118 35.49   35.41  
c rst  luby ibes vmt  1068  556 K 1417      30K   783 5.82    5.72     4212  1459   40K   118 35.50   35.41  
c rst  luby ibes vmt  1069  556 K 1417      30K   783 5.82    5.72     4212  1461   40K   118 35.48   35.40  
c rst  luby ibes vmt  1070  556 K 1417      30K   783 5.82    5.72     4212  1461   40K   118 35.48   35.40  
c rst  luby ibes vmt  1071  557 K 1417      30K   783 5.82    5.72     4212  1461   40K   118 35.49   35.41  
c rst  luby ibes vmt  1072  557 K 1417      30K   783 5.82    5.72     4212  1462   40K   118 35.52   35.43  
c rst  luby ibes vmt  1073  557 K 1417      30K   783 5.82    5.72     4212  1462   41K   118 35.52   35.44  
c rst  luby ibes vmt  1074  557 K 1417      30K   783 5.82    5.72     4212  1466   41K   118 35.49   35.40  
c rst  luby ibes vmt  1075  558 K 1417      30K   783 5.82    5.72     4212  1467   42K   118 35.44   35.35  
c rst  luby ibes vmt  1076  560 K 1417      30K   783 5.82    5.72     4243   732   44K   118 35.48   35.40  
c rst  luby ibes vmt  1077  563 K 1417      30K   783 5.82    5.72     4243   745   47K   118 35.74   35.67  
c rst  luby ibes vmt  1078  563 K 1417      30K   783 5.82    5.72     4243   745   47K   118 35.76   35.68  
c rst  luby ibes vmt  1079  563 K 1417      30K   783 5.82    5.72     4243   745   47K   118 35.78   35.70  
c rst  luby ibes vmt  1080  563 K 1417      30K   783 5.82    5.72     4243   745   48K   118 35.76   35.69  
c [distill] watch-based irred--  cl tried 8310     cl-sh 0     cl-rem 0    lit-rem 0      T: 0.01 T-out: N
c [distill] watch-based red  --  cl tried 8485     cl-sh 17    cl-rem 1    lit-rem 27     T: 0.00 T-out: N
c rst  luby ibes vmt  1081  563 K 1417      30K   783 5.82    5.72     4242   745   48K   118 35.75   35.68  
c rst  luby ibes vmt  1082  564 K 1417      30K   783 5.82    5.72     4242   745   48K   118 35.75   35.67  
c rst  luby ibes vmt  1083  564 K 1417      30K   783 5.82    5.72     4242   745   48K   118 35.71   35.64  
c rst  luby ibes vmt  1084  564 K 1417      30K   783 5.82    5.72     4242   751   48K   118 35.70   35.63  
c rst  luby ibes vmt  1085  564 K 1417      30K   783 5.82    5.72     4242   752   49K   118 35.68   35.61  
c rst  luby ibes vmt  1086  564 K 1417      30K   783 5.82    5.72     4242   753   49K   118 35.70   35.62  
c rst  luby ibes vmt  1087  565 K 1417      30K   783 5.82    5.72     4242   754   49K   118 35.70   35.62  
c rst  luby ibes vmt  1088  565 K 1417      30K   783 5.82    5.72     4242   754   49K   118 35.68   35.61  
c rst  luby ibes vmt  1089  565 K 1417      30K   783 5.82    5.72     4242   754   49K   118 35.68   35.61  
c rst  luby ibes vmt  1090  565 K 1417      30K   783 5.82    5.72     4242   754   49K   118 35.70   35.63  
c rst  luby ibes vmt  1091  565 K 1417      30K   783 5.82    5.72     4242   756   50K   118 35.74   35.67  
c rst  luby ibes vmt  1092  566 K 1417      30K   783 5.82    5.72     4242   757   51K   118 35.72   35.65  
c rst  luby svd  vmt  1093  566 K 1417      30K   783 5.82    5.72     4242   758   51K   118 35.72   35.65  
c rst  luby svd  vmt  1094  566 K 1417      30K   783 5.82    5.72     4242   758   51K   118 35.71   35.64  
c rst  luby svd  vmt  1095  567 K 1417      30K   783 5.82    5.72     4242   758   51K   118 35.71   35.64  
c rst  luby svd  vmt  1096  567 K 1417      30K   783 5.82    5.72     4242   758   51K   118 35.71   35.64  
c rst  luby svd  vmt  1097  567 K 1417      30K   783 5.82    5.72     4242   758   51K   118 35.73   35.66  
c rst  luby svd  vmt  1098  567 K 1417      30K   783 5.82    5.72     4242   766   51K   118 35.73   35.66  
c rst  luby svd  vmt  1099  567 K 1417      30K   783 5.82    5.72     4242   767   52K   118 35.74   35.67  
c rst  luby svd  vmt  1100  567 K 1417      30K   783 5.82    5.72     4242   767   52K   118 35.72   35.66  
c rst  luby svd  vmt  1101  568 K 1417      30K   783 5.82    5.72     4242   767   52K   118 35.73   35.66  
c rst  luby svd  vmt  1102  568 K 1417      30K   783 5.82    5.72     4242   768   52K   118 35.74   35.67  
c rst  luby svd  vmt  1103  568 K 1417      30K   783 5.82    5.72     4242   768   52K   118 35.72   35.65  
c rst  luby svd  vmt  1104  568 K 1417      30K   783 5.82    5.72     4242   770   52K   118 35.73   35.66  
c rst  luby svd  vmt  1105  568 K 1417      30K   783 5.82    5.72     4242   770   53K   118 35.77   35.70  
c rst  luby svd  vmt  1106  569 K 1417      30K   783 5.82    5.72     4242   775   53K   118 35.80   35.73  
c [distill-long-red0] cls tried: 46/46 T: 0.00 T-out: N T-r: 99.90%
c [distill-long-red1] cls tried: 66/647 T: 0.01 T-out: Y T-r: -2.93%
c rst  luby svd  vmt  1107  569 K 1417      30K   783 5.82    5.72     4243   777   54K   118 35.82   35.75  
c [distill-bin] useful: 0/783/783 lits-rem: 0 cl-rem: 0 0-depth-assigns: 0 T: 0.01 T-out: N
c rst  luby svd  vmt  1108  571 K 1417      30K   783 5.82    5.72     4290   804   40K   118 35.64   35.55  
c rst  luby svd  vmt  1109  571 K 1417      30K   783 5.82    5.72     4290   805   40K   118 35.64   35.55  
c rst  luby svd  vmt  1110  571 K 1417      30K   783 5.82    5.72     4290   806   40K   118 35.65   35.56  
c rst  luby svd  vmt  1111  571 K 1417      30K   783 5.82    5.72     4290   808   41K   118 35.64   35.55  
c rst  luby svd  vmt  1112  571 K 1417      30K   783 5.82    5.72     4290   808   41K   118 35.64   35.56  
c rst  luby svd  vmt  1113  572 K 1417      30K   783 5.82    5.72     4290   808   41K   118 35.69   35.60  
c rst  luby svd  vmt  1114  572 K 1417      30K   783 5.82    5.72     4290   809   41K   118 35.69   35.60  
c rst  luby svd  vmt  1115  572 K 1417      30K   783 5.82    5.72     4290   810   41K   118 35.70   35.62  
c rst  luby svd  vmt  1116  572 K 1417      30K   783 5.82    5.72     4290   811   41K   118 35.71   35.62  
c rst  luby svd  vmt  1117  572 K 1417      30K   783 5.82    5.72     4290   812   42K   118 35.72   35.64  
c rst  luby svd  vmt  1118  573 K 1417      30K   783 5.82    5.72     4290   812   42K   118 35.68   35.59  
c rst  luby svd  vmt  1119  573 K 1417      30K   783 5.82    5.72     4290   812   42K   118 35.66   35.58  
c rst  luby svd  vmt  1120  573 K 1417      30K   783 5.82    5.72     4290   812   42K   118 35.64   35.56  
c rst  luby svd  vmt  1121  573 K 1417      30K   783 5.82    5.72     4290   813   42K   118 35.64   35.55  
c rst  luby svd  vmt  1122  573 K 1417      30K   783 5.82    5.72     4290   816   43K   118 35.79   35.71  
c rst  luby svd  vmt  1123  574 K 1417      30K   783 5.82    5.72     4290   824   43K   118 35.90   35.81  
c [full-probe]  bin_only: 0 set: 0 repl: 0 T: 0.01 T-out: N T-r: 97.78%
c rst  luby svd  vmt  1124  574 K 1417      30K   783 5.82    5.72     4290   825   43K   120 35.91   35.82  
c rst  luby svd  vmt  1125  574 K 1417      30K   783 5.82    5.72     4290   826   44K   120 35.91   35.83  
c rst  luby svd  vmt  1126  575 K 1417      30K   783 5.82    5.72     4290   828   44K   120 35.94   35.86  
c rst  luby svd  vmt  1127  575 K 1417      30K   783 5.82    5.72     4290   829   44K   120 35.94   35.86  
c rst  luby svd  vmt  1128  575 K 1417      30K   783 5.82    5.72     4290   829   44K   120 35.94   35.86  
c rst  luby svd  vmt  1129  575 K 1417      30K   783 5.82    5.72     4290   835   44K   120 35.96   35.88  
c [gauss] XOR-encoding clauses are not detached, so no need to reattach them.
c [g 0] truth-find prop checks  : 1588K
c [g 0] -> of which prop        : 62.42 %
c [g 0] -> of which confl       :  1.93 %
c [g 0] elim called             : 85K
c [g 0] ---> which lead to prop : 87.10 %
c [g 0] ---> which lead to confl:  2.60 %
c [g 0] size: 56    x 483  
c [scc] new: 1 BP 0M T: 0.00
c [vrep] vars 1 lits 2872 rem-bin-cls 5 rem-long-cls 115 BP 0M T: 0.01
c [scc] new: 0 BP 0M T: 0.00
c [vrep] vars 0 lits 0 rem-bin-cls 0 rem-long-cls 0 BP 0M T: 0.00
c [intree] Set 0 vars hyper-added: 0 trans-irred: 0 trans-red: 1 T: 0.01 T-out: N T-r: -1.26%
c [find&init matx] performing matrix init
c [gauss] XOR-encoding clauses are not detached, so no need to reattach them.
c [xor-rem-unconnected] left with 858 xors from 858 non-empty xors T: 0.00
c [xor-together] xored together: 800 orig xors: 858 new xors: 58 T: 0.00
c [xor-rem-unconnected] left with 58 xors from 58 non-empty xors T: 0.00
c [xor-clean-equiv] removed equivalent xors: 0 left with: 58
c [matrix] unused xors from cleaning: 0
c [matrix] Good   matrix 0 58      x484    density:0.1235  xorlen avg: 59.78
c [matrix] Using 1 matrices recovered from 0 xors T: 0.00 T-out: N
c rst  luby svd  vmt  1130  575 K 1416      30K   783 5.82    5.72     4290   844   44K   116 35.88   35.81  
c rst  luby svd  vmt  1131  575 K 1416      30K   783 5.82    5.72     4290   844   45K   116 35.89   35.81  
c rst  luby svd  vmt  1132  576 K 1416      30K   783 5.82    5.72     4290   844   45K   116 35.90   35.82  
c rst  luby svd  vmt  1133  576 K 1416      30K   783 5.82    5.72     4290   844   45K   116 35.95   35.87  
c rst  luby svd  vmt  1134  576 K 1416      30K   783 5.82    5.72     4290   844   45K   116 35.95   35.87  
c rst  luby svd  vmt  1135  576 K 1416      30K   783 5.82    5.72     4290   844   45K   116 35.96   35.89  
c rst  luby svd  vmt  1136  576 K 1416      30K   783 5.82    5.72     4290   844   45K   116 35.99   35.91  
c rst  luby svd  vmt  1137  577 K 1416      30K   783 5.82    5.72     4290   844   46K   116 36.00   35.93  
c rst  luby svd  vmt  1138  577 K 1416      30K   783 5.82    5.72     4290   846   46K   116 35.98   35.90  
c rst  geom best vmt  1139  578 K 1416      30K   783 5.82    5.72     4290   846   47K   116 35.97   35.89  
c [ccnr] saving best assignment phase to stable_polar
c [ccnr] bumping based on clause weights
c [ccnr] Bumped vars: 101 bump type: 6
c [ccnr] time: 0.26
c rst  geom best vmt  1140  578 K 1416      30K   783 5.82    5.72     4290   847   47K   116 35.93   35.86  
c rst  geom best vmt  1141  578 K 1416      30K   783 5.82    5.72     4290   848   47K   116 35.89   35.81  
c rst  geom best vmt  1142  578 K 1416      30K   783 5.82    5.72     4290   849   47K   116 35.83   35.76  
c rst  geom best vmt  1143  578 K 1416      30K   783 5.82    5.72     4290   852   47K   116 35.78   35.71  
c rst  geom best vmt  1144  578 K 1416      30K   783 5.82    5.72     4290   854   47K   116 35.72   35.65  
c rst  geom best vmt  1145  578 K 1416      30K   783 5.82    5.72     4290   854   47K   116 35.66   35.59  
c rst  geom best vmt  1146  579 K 1416      30K   783 5.82    5.72     4290   854   48K   116 35.60   35.53  
c rst  geom best vmt  1147  579 K 1416      30K   783 5.82    5.72     4290   863   48K   116 35.53   35.46  
c rst  geom best vmt  1148  579 K 1416      30K   783 5.82    5.72     4290   866   48K   116 35.46   35.38  
c rst  geom best vmt  1149  579 K 1416      30K   783 5.82    5.72     4290   869   48K   116 35.39   35.32  
c rst  geom best vmt  1150  580 K 1416      30K   783 5.82    5.72     4349   779   49K   116 35.29   35.21  
c rst  geom best vmt  1151  580 K 1416      30K   783 5.82    5.72     4349   782   49K   116 35.18   35.11  
c rst  geom best vmt  1152  580 K 1416      30K   783 5.82    5.72     4349   786   49K   116 35.06   34.99  
c rst  geom best vmt  1153  581 K 1416      30K   783 5.82    5.72     4349   788   50K   116 34.92   34.86  
c rst  geom best vmt  1154  581 K 1416      30K   783 5.82    5.72     4349   793   50K   116 34.80   34.73  
c rst  geom best vmt  1155  582 K 1416      30K   783 5.82    5.72     4349   808   51K   116 34.61   34.55  
c rst  geom best vmt  1156  582 K 1416      30K   783 5.82    5.72     4351   817   51K   116 34.54   34.48  
c rst  geom best vmt  1157  583 K 1416      30K   783 5.82    5.72     4351   821   52K   116 34.36   34.29  
c rst  geom best vmt  1158  584 K 1416      30K   783 5.82    5.72     4353   825   53K   116 34.18   34.12  
c [distill-long-red0] cls tried: 109/109 T: 0.00 T-out: N T-r: 99.84%
c [distill-long-red1] cls tried: 98/648 T: 0.01 T-out: Y T-r: -1.44%
c rst  geom best vmt  1159  584 K 1416      30K   783 5.82    5.72     4353   831   53K   116 33.97   33.91  
c rst  geom best vmt  1160  585 K 1416      30K   783 5.82    5.72     4460  1168   38K   116 30.91   30.83  
c [impl-str] lit bin: 0 set-var: 0 T: 0.00 T-out: N T-r: 99.96% w-visit: 2838
c [impl-sub] bin: 6 T: 0.00 T-out: N w-visit: 2838
c rst  geom best vmt  1161  586 K 1416      30K   782 5.82    5.72     4460  1199   38K   111 30.74   30.66  
c rst  geom best vmt  1162  587 K 1416      30K   782 5.82    5.72     4461  1240   39K   111 30.56   30.49  
c rst  geom best vmt  1163  588 K 1416      30K   782 5.82    5.72     4462  1254   40K   111 30.31   30.24  
c rst  geom best vmt  1164  589 K 1416      30K   782 5.82    5.72     4462  1266   42K   111 29.95   29.88  
c [distill] watch-based irred--  cl tried 8310     cl-sh 0     cl-rem 0    lit-rem 0      T: 0.00 T-out: N
c [distill] watch-based red  --  cl tried 8924     cl-sh 11    cl-rem 0    lit-rem 18     T: 0.01 T-out: N
c rst  geom stb  vmt  1165  590 K 1416      30K   782 5.82    5.72     4560  1152   43K   111 29.63   29.57  
c [distill-bin] useful: 0/782/782 lits-rem: 0 cl-rem: 0 0-depth-assigns: 0 T: 0.00 T-out: N
c rst  geom stb  vmt  1166  592 K 1416      30K   782 5.82    5.72     4560  1156   44K   111 29.25   29.19  
c rst  geom stb  vmt  1167  593 K 1416      30K   782 5.82    5.72     4561  1183   46K   111 29.06   29.01  
c rst  geom stb  vmt  1168  595 K 1416      30K   782 5.82    5.72     4561  1203   47K   111 28.89   28.83  
c [full-probe]  bin_only: 1 set: 0 repl: 0 T: 0.00 T-out: N T-r: 99.80%
c rst  geom stb  vmt  1169  597 K 1416      30K   782 5.82    5.72     4561  1223   49K   111 28.87   28.82  
c rst  geom stb  vmt  1170  599 K 1416      30K   782 5.82    5.72     4561  1240   51K   111 28.76   28.71  
c [distill-long-red0] cls tried: 205/205 T: 0.02 T-out: N T-r: 99.27%
c [distill-long-red1] cls tried: 31/970 T: 0.01 T-out: Y T-r: -1.82%
c rst  geom stb  vmt  1171  601 K 1416      30K   782 5.82    5.72     4724  1587   39K   111 25.17   25.12  
c [branch] adjusting to: vsid (from: vmtf) var_decay:0.95 descr: VSIDS
c rst  geom ibes vs   1172  601 K 1416      30K   782 5.82    5.72     4724  1590   39K   111 25.21   25.15  
c rst  geom ibes vs   1173  601 K 1416      30K   782 5.82    5.72     4724  1592   39K   111 25.23   25.17  
c rst  geom ibes vs   1174  602 K 1416      30K   782 5.82    5.72     4724  1593   39K   111 25.28   25.22  
c rst  geom ibes vs   1175  602 K 1416      30K   782 5.82    5.72     4724  1593   39K   111 25.34   25.28  
c rst  geom ibes vs   1176  602 K 1416      30K   782 5.82    5.72     4724  1593   39K   111 25.45   25.39  
c rst  geom ibes vs   1177  602 K 1416      30K   782 5.82    5.72     4724  1594   40K   111 25.49   25.43  
c rst  geom ibes vs   1178  602 K 1416      30K   782 5.82    5.72     4724  1594   40K   111 25.61   25.56  
c rst  geom ibes vs   1179  603 K 1416      30K   782 5.82    5.72     4724  1594   40K   111 25.64   25.58  
c rst  geom ibes vs   1180  603 K 1416      30K   782 5.82    5.72     4724  1594   40K   111 25.66   25.61  
c rst  geom ibes vs   1181  603 K 1416      30K   782 5.82    5.72     4724  1594   41K   111 25.76   25.70  
c rst  geom ibes vs   1182  603 K 1416      30K   782 5.82    5.72     4724  1595   41K   111 25.78   25.72  
c rst  geom ibes vs   1183  604 K 1416      30K   782 5.82    5.72     4724  1596   41K   111 25.84   25.78  
c rst  geom ibes vs   1184  604 K 1416      30K   782 5.82    5.72     4724  1596   41K   111 25.86   25.81  
c rst  geom ibes vs   1185  604 K 1416      30K   782 5.82    5.72     4724  1596   42K   111 25.93   25.87  
c rst  geom ibes vs   1186  605 K 1416      30K   782 5.82    5.72     4724  1599   42K   111 26.03   25.97  
c rst  geom ibes vs   1187  605 K 1416      30K   782 5.82    5.72     4724  1600   43K   111 26.07   26.02  
c rst  geom ibes vs   1188  606 K 1416      30K   782 5.82    5.72     4724  1601   43K   111 26.15   26.10  
c rst  geom ibes vs   1189  606 K 1416      30K   782 5.82    5.72     4724  1602   44K   111 26.31   26.26  
c rst  geom ibes vs   1190  607 K 1416      30K   782 5.82    5.72     4724  1603   44K   111 26.41   26.36  
c rst  geom ibes vs   1191  607 K 1416      30K   782 5.82    5.72     4724  1604   45K   111 26.48   26.43  
c rst  geom ibes vs   1192  608 K 1416      30K   782 5.82    5.72     4724  1604   46K   111 26.61   26.56  
c rst  geom ibes vs   1193  609 K 1416      30K   782 5.82    5.72     4724  1605   46K   111 26.75   26.70  
c rst  geom ibes vs   1194  610 K 1416      30K   782 5.82    5.72     4752  1546   47K   111 26.90   26.85  
c rst  geom ibes vs   1195  611 K 1416      30K   782 5.82    5.72     4752  1549   48K   111 27.03   26.98  
c [distill-bin] useful: 0/782/782 lits-rem: 0 cl-rem: 0 0-depth-assigns: 0 T: 0.00 T-out: N
c rst  geom ibes vs   1196  612 K 1416      30K   782 5.82    5.72     4752  1552   49K   111 27.24   27.19  
c rst  geom ibes vs   1197  612 K 1416      30K   782 5.82    5.72     4752  1556   50K   111 27.35   27.30  
c recursive minimization cost OK: 1223Kcost/(% lits removed)
c [gauss] XOR-encoding clauses are not detached, so no need to reattach them.
c [g 0] truth-find prop checks  : 1681K
c [g 0] -> of which prop        : 34.42 %
c [g 0] -> of which confl       :  1.27 %
c [g 0] elim called             : 148K
c [g 0] ---> which lead to prop : 43.22 %
c [g 0] ---> which lead to confl:  1.09 %
c [g 0] size: 58    x 484  
c --> Executing strategy token: scc-vrepl
c [scc] new: 0 BP 0M T: 0.00
c --> Executing strategy token: sub-impl
c [impl-sub] bin: 0 T: 0.00 T-out: N w-visit: 2838
c --> Executing strategy token: breakid
c --> Executing OCC strategy token(s): 'occ-backw-sub-str,occ-clean-implicit,occ-bve,occ-bva,occ-ternary-res,occ-xor,'
c [occ] mem usage for occur 2      MB
c [occ] Linked in IRRED BIN by default: 782
c [occ] Linked in RED   BIN by default: 111
c [occ] mem usage for occur 0      MB
c Mem for watch alloc      : 16          MB (30.72     %)
c Mem for watch array      : 0           MB (0.12      %)
c --> Executing OCC strategy token: occ-backw-sub-str
c [occ-backw-sub-str-long-w-bins] subs: 0 str: 12 tried: 9757 0-depth ass: 0 T: 0.00 T-out: N T-r: 99.19%
c [occ-backw-sub-long-w-long] rem cl: 97 tried: 87327/87327 (100.0%) T: 0.03 T-out: N T-r: 82.42%
c [occ-backw-sub-str-long-w-long] sub: 1 str: 50 tried: 261981/87327 (300.0)  T: 0.18 T-out: N T-r: 62.45%
c --> Executing OCC strategy token: occ-clean-implicit
c --> Executing OCC strategy token: occ-bve
c [occ-empty-res] Empty resolvent elimed: 0 T: 0.00 T-out: N
c [occ-bve] iter v-elim 0
c cl_inc_rate=1.0, var_dec_rate=1.0 (grow=0)
c Reduced to 1416 vars, 31321 cls (grow=0)
c [occ-bve] iter v-elim 0
c cl_inc_rate=1.0, var_dec_rate=1.0 (grow=8)
c Reduced to 1416 vars, 31321 cls (grow=8)
c [occ-bve] iter v-elim 0
c cl_inc_rate=1.0, var_dec_rate=1.0 (grow=16)
c Reduced to 1416 vars, 31321 cls (grow=16)
c x n vars       : 1416
c #try to eliminate:  4248
c #var-elim        :     0
c #T-o: N
c #T-r: 99.99%
c #T  : 0.23
c [occur] 0.03 is overhead
c [occur] link-in T: 0.03 cleanup T: 0.00
c --> Executing OCC strategy token: occ-bva
c --> Executing OCC strategy token: occ-ternary-res
c [occ-ternary-res] Ternary res-tri: 0 res-bin: 0 sub: 0 str: 0 T: 0.00 T-out: N T-r: 99.80%
c --> Executing OCC strategy token: occ-xor
c [occ-xor] sort occur list T: 0.00
c [xor-clean-equiv] removed equivalent xors: 0 left with: 847
c [occ-xor] found    847 avg sz 5.9 min sz  4 max sz  6 T: 0.01 T-out: N T-r: 99.98%
c --> Executing strategy token: card-find
c --> Executing strategy token: cl-consolidate
c Not consolidating memory.
c --> Executing strategy token: scc-vrepl
c [scc] new: 0 BP 0M T: 0.00
c --> Executing strategy token: renumber
c --> Executing strategy token: bosphorus
c --> Executing strategy token: louvain-comms
c [consolidate] mini T: 0.00
c global_timeout_multiplier: 4.8315
c [branch] rebuilding order heap for all branchings. Current branching: vsid
c [find&init matx] performing matrix init
c [gauss] XOR-encoding clauses are not detached, so no need to reattach them.
c [xor-rem-unconnected] left with 845 xors from 847 non-empty xors T: 0.00
c [xor-together] xored together: 785 orig xors: 845 new xors: 60 T: 0.00
c [xor-rem-unconnected] left with 60 xors from 60 non-empty xors T: 0.00
c [xor-clean-equiv] removed equivalent xors: 0 left with: 60
c [matrix] unused xors from cleaning: 2
c [matrix] Good   matrix  0     60 x  485  density:0.1177  xorlen avg: 57.10
c [matrix] Using 1 matrices recovered from 0 xors T: 0.00 T-out: N
c rst  geom  svd   vs  1198  613K    1416   30K   782    5.82    5.72  4667  1644   50K   111   27.48   27.43
c rst  geom  svd   vs  1199  614K    1416   30K   782    5.82    5.72  4667  1646   52K   111   27.65   27.60
c [distill-long-red0] cls tried: 187/187 T: 0.02 T-out: N T-r: 99.09%
c [distill-long-red1] cls tried: 22/1386 T: 0.02 T-out: Y T-r: -16.10%
c [distill] watch-based irred--  cl tried     8934 cl-sh     0 cl-rem    0 lit-rem      0 T: 0.02 T-out: N
c [distill] watch-based   red--  cl tried     9334 cl-sh     1 cl-rem    0 lit-rem      2 T: 0.01 T-out: N
c rst  geom  svd   vs  1200  616K    1416   30K   782    5.82    5.72  4669  1658   38K   111   24.34   24.29
c [full-probe]  bin_only: 0 set: 0 repl: 0 T: 0.00 T-out: N T-r: 98.18%
c rst  geom  svd   vs  1201  617K    1416   30K   782    5.82    5.72  4681  1856   40K   111   24.38   24.33
c rst  geom  svd   vs  1202  619K    1416   30K   782    5.82    5.72  4682  1876   41K   111   24.20   24.15
c rst  geom  svd   vs  1203  621K    1416   30K   782    5.82    5.72  4808  1710   43K   111   23.93   23.88
c rst  geom  svd   vs  1204  623K    1416   30K   782    5.82    5.72  4810  1733   45K   111   23.80   23.75
c [ccnr] saving best assignment phase to stable_polar
c [ccnr] bumping based on var unsat frequency: conflict_ct
c [ccnr] Bumped vars: 1419 bump type: 6
c [ccnr] time: 0.26
c rst  geom  svd   vs  1205  625K    1416   30K   782    5.82    5.72  4814  1772   48K   111   24.16   24.12
c rst  geom best   vs  1206  628K    1416   30K   782    5.82    5.72  4815  1780   50K   111   24.65   24.61
c rst  geom best   vs  1207  630K    1416   30K   782    5.82    5.72  4967  2134   38K   111   27.33   27.26
c [distill-long-red0] cls tried: 294/294 T: 0.03 T-out: N T-r: 99.04%
c [distill-long-red1] cls tried: 28/1884 T: 0.01 T-out: Y T-r: -1.08%
c rst  geom best   vs  1208  633K    1416   30K   782    5.82    5.72  4967  2150   41K   111   28.51   28.45
c [distill-bin] useful: 0/782/782 lits-rem: 0 cl-rem: 0 0-depth-assigns: 0 T: 0.00 T-out: N
c rst  geom best   vs  1209  637K    1416   30K   782    5.82    5.72  4969  2155   44K   111   29.29   29.23
c [full-probe]  bin_only: 1 set: 0 repl: 0 T: 0.00 T-out: N T-r: 99.85%
c rst  geom  stb   vs  1210  640K    1416   30K   782    5.82    5.72  4998  2108   48K   111   30.01   29.95
c [distill] watch-based irred--  cl tried     8934 cl-sh     0 cl-rem    0 lit-rem      0 T: 0.01 T-out: N
c [distill] watch-based   red--  cl tried     9996 cl-sh    13 cl-rem    0 lit-rem     37 T: 0.01 T-out: N
c [gauss] XOR-encoding clauses are not detached, so no need to reattach them.
c [g 0] truth-find prop checks  : 915K
c [g 0] -> of which prop        : 50.49 %
c [g 0] -> of which confl       :  1.54 %
c [g 0] elim called             : 61K
c [g 0] ---> which lead to prop : 59.69 %
c [g 0] ---> which lead to confl:  1.50 %
c [g 0] size: 60    x 485  
c [scc] new: 0 BP 0M T: 0.00
c [vrep] vars 0 lits 0 rem-bin-cls 0 rem-long-cls 0 BP 0M T: 0.00
c [intree] Set 0 vars hyper-added: 0 trans-irred: 0 trans-red: 0 T: 0.01 T-out: N T-r: -0.65%
c [find&init matx] performing matrix init
c [gauss] XOR-encoding clauses are not detached, so no need to reattach them.
c [xor-rem-unconnected] left with 845 xors from 847 non-empty xors T: 0.00
c [xor-together] xored together: 785 orig xors: 845 new xors: 60 T: 0.00
c [xor-rem-unconnected] left with 60 xors from 60 non-empty xors T: 0.00
c [xor-clean-equiv] removed equivalent xors: 0 left with: 60
c [matrix] unused xors from cleaning: 2
c [matrix] Good   matrix 0 60      x485    density:0.1177  xorlen avg: 57.10
c [matrix] Using 1 matrices recovered from 0 xors T: 0.00 T-out: N
c rst  geom stb  vs   1211  644 K 1416      30K   782 5.82    5.72     5002  2138   52K   111 31.01   30.96  
c rst  geom stb  vs   1212  649 K 1416      30K   782 5.82    5.72     5008  2293   42K   111 33.00   32.93  
c [distill-long-red0] cls tried: 48/48 T: 0.00 T-out: N T-r: 99.92%
c [distill-long-red1] cls tried: 38/2026 T: 0.02 T-out: Y T-r: -3.49%
c [impl-str] lit bin: 0 set-var: 0 T: 0.00 T-out: N T-r: 99.96% w-visit: 2838
c [impl-sub] bin: 0 T: 0.00 T-out: N w-visit: 2838
c rst  geom ibes vs   1213  653 K 1416      30K   782 5.82    5.72     5039  2171   46K   111 33.24   33.18  
c [distill-bin] useful: 0/782/782 lits-rem: 0 cl-rem: 0 0-depth-assigns: 0 T: 0.01 T-out: N
c rst  geom ibes vs   1214  659 K 1416      30K   782 5.82    5.72     5039  2189   52K   111 33.21   33.16  
c [full-probe]  bin_only: 0 set: 0 repl: 0 T: 0.01 T-out: N T-r: 97.75%
c rst  geom ibes vs   1215  665 K 1416      30K   782 5.82    5.72     5071  2035   43K   111 35.09   35.01  
c [distill-long-red0] cls tried: 62/62 T: 0.00 T-out: N T-r: 99.91%
c [distill-long-red1] cls tried: 69/1786 T: 0.01 T-out: Y T-r: -3.81%
c rst  geom svd  vs   1216  671 K 1416      30K   782 5.82    5.72     5103  1786   50K   111 36.51   36.44  
c [branch] adjusting to: vmtf (from: vsid) var_decay:0.95 descr: VMTF
c [distill] watch-based irred--  cl tried 8934     cl-sh 0     cl-rem 0    lit-rem 0      T: 0.00 T-out: N
c [distill] watch-based red  --  cl tried 10206    cl-sh 13    cl-rem 0    lit-rem 19     T: 0.01 T-out: N
c [ccnr] saving best assignment phase to stable_polar
c [ccnr] bumping based on var unsat frequency: conflict_ct
c [ccnr] Bumped vars: 1419 bump type: 6
c [ccnr] time: 0.26
c rst  luby svd  vmt  1217  671 K 1416      30K   782 5.82    5.72     5103  1793   50K   111 36.53   36.46  
c rst  luby svd  vmt  1218  671 K 1416      30K   782 5.82    5.72     5103  1795   50K   111 36.57   36.50  
c rst  luby svd  vmt  1219  671 K 1416      30K   782 5.82    5.72     5103  1797   50K   111 36.63   36.56  
c rst  luby svd  vmt  1220  672 K 1416      30K   782 5.82    5.72     5103  1797   50K   111 36.65   36.58  
c rst  luby svd  vmt  1221  672 K 1416      30K   782 5.82    5.72     5103  1797   50K   111 36.65   36.58  
c rst  luby svd  vmt  1222  672 K 1416      30K   782 5.82    5.72     5103  1797   51K   111 36.65   36.59  
c rst  luby svd  vmt  1223  672 K 1416      30K   782 5.82    5.72     5103  1800   51K   111 36.73   36.66  
c rst  luby svd  vmt  1224  672 K 1416      30K   782 5.82    5.72     5103  1800   51K   111 36.75   36.68  
c rst  luby svd  vmt  1225  672 K 1416      30K   782 5.82    5.72     5103  1800   51K   111 36.78   36.71  
c rst  luby svd  vmt  1226  673 K 1416      30K   782 5.82    5.72     5104  1802   51K   111 36.81   36.74  
c rst  luby svd  vmt  1227  673 K 1416      30K   782 5.82    5.72     5104  1802   51K   111 36.81   36.75  
c rst  luby svd  vmt  1228  673 K 1416      30K   782 5.82    5.72     5104  1802   52K   111 36.84   36.78  
c rst  luby svd  vmt  1229  673 K 1416      30K   782 5.82    5.72     5104  1803   52K   111 36.85   36.78  
c rst  luby svd  vmt  1230  673 K 1416      30K   782 5.82    5.72     5104  1803   52K   111 36.81   36.75  
c rst  luby svd  vmt  1231  674 K 1416      30K   782 5.82    5.72     5105  1805   53K   111 36.85   36.78  
c [distill-bin] useful: 0/782/782 lits-rem: 0 cl-rem: 0 0-depth-assigns: 0 T: 0.01 T-out: N
c rst  luby svd  vmt  1232  674 K 1416      30K   782 5.82    5.72     5105  1806   53K   111 36.88   36.82  
c rst  luby svd  vmt  1233  674 K 1416      30K   782 5.82    5.72     5105  1807   53K   111 36.89   36.83  
c rst  luby svd  vmt  1234  675 K 1416      30K   782 5.82    5.72     5111  1894   38K   111 36.46   36.37  
c rst  luby svd  vmt  1235  675 K 1416      30K   782 5.82    5.72     5111  1894   38K   111 36.50   36.41  
c rst  luby svd  vmt  1236  675 K 1416      30K   782 5.82    5.72     5111  1894   38K   111 36.52   36.43  
c rst  luby svd  vmt  1237  675 K 1416      30K   782 5.82    5.72     5111  1895   38K   111 36.57   36.49  
c rst  luby svd  vmt  1238  675 K 1416      30K   782 5.82    5.72     5111  1902   39K   111 36.68   36.60  
c rst  luby svd  vmt  1239  676 K 1416      30K   782 5.82    5.72     5111  1902   39K   111 36.68   36.60  
c rst  luby svd  vmt  1240  676 K 1416      30K   782 5.82    5.72     5111  1903   39K   111 36.72   36.64  
c rst  luby svd  vmt  1241  676 K 1416      30K   782 5.82    5.72     5111  1904   39K   111 36.74   36.66  
c rst  luby svd  vmt  1242  676 K 1416      30K   782 5.82    5.72     5111  1905   39K   111 36.77   36.68  
c rst  luby svd  vmt  1243  676 K 1416      30K   782 5.82    5.72     5111  1906   39K   111 36.80   36.71  
c rst  luby svd  vmt  1244  676 K 1416      30K   782 5.82    5.72     5111  1906   39K   111 36.78   36.69  
c rst  luby svd  vmt  1245  677 K 1416      30K   782 5.82    5.72     5111  1907   40K   111 36.73   36.65  
c rst  geom best vmt  1246  677 K 1416      30K   782 5.82    5.72     5111  1908   40K   111 36.75   36.67  
c rst  geom best vmt  1247  677 K 1416      30K   782 5.82    5.72     5111  1912   40K   111 36.79   36.70  
c rst  geom best vmt  1248  677 K 1416      30K   782 5.82    5.72     5111  1912   40K   111 36.80   36.72  
c rst  geom best vmt  1249  677 K 1416      30K   782 5.82    5.72     5112  1912   40K   111 36.77   36.69  
c rst  geom best vmt  1250  677 K 1416      30K   782 5.82    5.72     5112  1912   40K   111 36.82   36.74  
c rst  geom best vmt  1251  678 K 1416      30K   782 5.82    5.72     5112  1912   41K   111 36.82   36.74  
c rst  geom best vmt  1252  678 K 1416      30K   782 5.82    5.72     5112  1913   41K   111 36.88   36.80  
c rst  geom best vmt  1253  678 K 1416      30K   782 5.82    5.72     5112  1914   41K   111 36.88   36.80  
c rst  geom best vmt  1254  678 K 1416      30K   782 5.82    5.72     5112  1914   41K   111 36.89   36.81  
c rst  geom best vmt  1255  678 K 1416      30K   782 5.82    5.72     5112  1917   42K   111 36.92   36.84  
c rst  geom best vmt  1256  679 K 1416      30K   782 5.82    5.72     5112  1917   42K   111 36.90   36.82  
c rst  geom best vmt  1257  679 K 1416      30K   782 5.82    5.72     5112  1919   42K   111 36.92   36.84  
c [full-probe]  bin_only: 1 set: 0 repl: 0 T: 0.00 T-out: N T-r: 99.81%
c rst  geom best vmt  1258  679 K 1416      30K   782 5.82    5.72     5112  1924   42K   111 36.98   36.91  
c rst  geom best vmt  1259  680 K 1416      30K   782 5.82    5.72     5173  1798   43K   111 37.04   36.96  
c [distill-long-red0] cls tried: 109/109 T: 0.01 T-out: N T-r: 99.80%
c [distill-long-red1] cls tried: 100/1522 T: 0.01 T-out: Y T-r: -0.84%
c rst  geom best vmt  1260  680 K 1416      30K   782 5.82    5.72     5173  1803   43K   111 37.05   36.97  
c rst  geom best vmt  1261  681 K 1416      30K   782 5.82    5.72     5173  1803   44K   111 37.04   36.97  
c rst  geom best vmt  1262  681 K 1416      30K   782 5.82    5.72     5173  1806   44K   111 37.08   37.01  
c rst  geom best vmt  1263  682 K 1416      30K   782 5.82    5.72     5173  1815   45K   111 37.23   37.15  
c rst  geom best vmt  1264  682 K 1416      30K   782 5.82    5.72     5173  1816   45K   111 37.16   37.08  
c rst  geom best vmt  1265  683 K 1416      30K   782 5.82    5.72     5173  1817   46K   111 37.03   36.96  
c rst  geom best vmt  1266  684 K 1416      30K   782 5.82    5.72     5173  1823   47K   111 37.18   37.11  
c rst  geom best vmt  1267  684 K 1416      30K   782 5.82    5.72     5173  1829   48K   111 37.15   37.08  
c rst  geom best vmt  1268  685 K 1416      30K   782 5.82    5.72     5173  1830   48K   111 37.17   37.10  
c rst  geom best vmt  1269  686 K 1416      30K   782 5.82    5.72     5174  1834   49K   111 37.27   37.20  
c rst  geom best vmt  1270  687 K 1416      30K   782 5.82    5.72     5174  1839   50K   111 37.29   37.23  
c rst  geom best vmt  1271  688 K 1416      30K   782 5.82    5.72     5175  1847   52K   111 37.44   37.37  
c rst  geom best vmt  1272  690 K 1416      30K   782 5.82    5.72     5232  1485   38K   111 35.79   35.71  
c rst  geom stb  vmt  1273  691 K 1416      30K   782 5.82    5.72     5233  1489   39K   111 35.80   35.72  
c rst  geom stb  vmt  1274  693 K 1416      30K   782 5.82    5.72     5234  1502   41K   111 35.79   35.71  
c rst  geom stb  vmt  1275  694 K 1416      30K   782 5.82    5.72     5235  1508   42K   111 35.93   35.85  
c [distill-bin] useful: 0/782/782 lits-rem: 0 cl-rem: 0 0-depth-assigns: 0 T: 0.01 T-out: N
c rst  geom stb  vmt  1276  696 K 1416      30K   782 5.82    5.72     5235  1511   44K   111 35.96   35.88  
c [distill-long-red0] cls tried: 62/62 T: 0.00 T-out: N T-r: 99.86%
c [distill-long-red1] cls tried: 80/1272 T: 0.01 T-out: Y T-r: -1.29%
c [distill] watch-based irred--  cl tried 8934     cl-sh 0     cl-rem 0    lit-rem 0      T: 0.00 T-out: N
c [distill] watch-based red  --  cl tried 10470    cl-sh 17    cl-rem 0    lit-rem 34     T: 0.00 T-out: N
c rst  geom stb  vmt  1277  698 K 1416      30K   782 5.82    5.72     5235  1522   46K   111 36.19   36.11  
c rst  geom stb  vmt  1278  701 K 1416      30K   782 5.82    5.72     5286   959   49K   111 36.65   36.58  
c [full-probe]  bin_only: 0 set: 0 repl: 0 T: 0.00 T-out: N T-r: 98.05%
c rst  geom stb  vmt  1279  703 K 1416      30K   782 5.82    5.72     5286   960   52K   111 36.97   36.91  
c rst  geom ibes vmt  1280  706 K 1416      30K   782 5.82    5.72     5296  1176   40K   111 36.74   36.66  
c [gauss] XOR-encoding clauses are not detached, so no need to reattach them.
c [g 0] truth-find prop checks  : 1873K
c [g 0] -> of which prop        : 60.68 %
c [g 0] -> of which confl       :  1.61 %
c [g 0] elim called             : 102K
c [g 0] ---> which lead to prop : 81.36 %
c [g 0] ---> which lead to confl:  2.40 %
c [g 0] size: 60    x 485  
c [scc] new: 0 BP 0M T: 0.00
c [vrep] vars 0 lits 0 rem-bin-cls 0 rem-long-cls 0 BP 0M T: 0.00
c [intree] Set 0 vars hyper-added: 0 trans-irred: 0 trans-red: 0 T: 0.01 T-out: N T-r: -1.11%
c [find&init matx] performing matrix init
c [gauss] XOR-encoding clauses are not detached, so no need to reattach them.
c [xor-rem-unconnected] left with 845 xors from 847 non-empty xors T: 0.00
c [xor-together] xored together: 785 orig xors: 845 new xors: 60 T: 0.00
c [xor-rem-unconnected] left with 60 xors from 60 non-empty xors T: 0.00
c [xor-clean-equiv] removed equivalent xors: 0 left with: 60
c [matrix] unused xors from cleaning: 2
c [matrix] Good   matrix 0 60      x485    density:0.1177  xorlen avg: 57.10
c [matrix] Using 1 matrices recovered from 0 xors T: 0.00 T-out: N
c rst  geom ibes vmt  1281  709 K 1416      30K   782 5.82    5.72     5297  1208   43K   111 36.82   36.74  
c [impl-str] lit bin: 0 set-var: 0 T: 0.00 T-out: N T-r: 99.96% w-visit: 2838
c [impl-sub] bin: 0 T: 0.00 T-out: N w-visit: 2838
c rst  geom ibes vmt  1282  712 K 1416      30K   782 5.82    5.72     5338  1147   46K   111 37.13   37.05  
c [distill-long-red0] cls tried: 114/114 T: 0.01 T-out: N T-r: 99.76%
c [distill-long-red1] cls tried: 72/946 T: 0.01 T-out: Y T-r: -2.20%
c rst  geom ibes vmt  1283  716 K 1416      30K   782 5.82    5.72     5341  1158   50K   111 37.68   37.61  
c [distill-bin] useful: 0/782/782 lits-rem: 0 cl-rem: 0 0-depth-assigns: 0 T: 0.01 T-out: N
c [ccnr] saving best assignment phase to stable_polar
c [ccnr] bumping based on clause weights
c [ccnr] Bumped vars: 106 bump type: 6
c [ccnr] time: 0.26
c rst  geom svd  vmt  1284  720 K 1416      30K   782 5.82    5.72     5411  1336   38K   111 34.49   34.41  
c rst  geom svd  vmt  1285  724 K 1416      30K   782 5.82    5.72     5412  1374   43K   111 33.23   33.16  
c [full-probe]  bin_only: 1 set: 0 repl: 0 T: 0.00 T-out: N T-r: 99.84%
c [distill] watch-based irred--  cl tried 8934     cl-sh 0     cl-rem 0    lit-rem 0      T: 0.01 T-out: N
c [distill] watch-based red  --  cl tried 10824    cl-sh 14    cl-rem 0    lit-rem 21     T: 0.01 T-out: N
c rst  geom svd  vmt  1286  729 K 1416      30K   782 5.82    5.72     5414  1437   47K   111 32.22   32.16  
c [distill-long-red0] cls tried: 84/84 T: 0.00 T-out: N T-r: 99.85%
c [distill-long-red1] cls tried: 43/1173 T: 0.02 T-out: Y T-r: -2.35%
c rst  geom best vmt  1287  734 K 1416      30K   782 5.82    5.72     5478  1384   53K   111 30.80   30.74  
c rst  geom best vmt  1288  740 K 1416      30K   782 5.82    5.72     5592  1852   43K   111 27.09   27.03  
c [branch] adjusting to: vsid (from: vmtf) var_decay:0.95 descr: VSIDS
c [distill-bin] useful: 0/782/782 lits-rem: 0 cl-rem: 0 0-depth-assigns: 0 T: 0.00 T-out: N
c rst  geom best vs   1289  740 K 1416      30K   782 5.82    5.72     5592  1852   43K   111 27.14   27.09  
c rst  geom best vs   1290  740 K 1416      30K   782 5.82    5.72     5593  1852   43K   111 27.16   27.11  
c rst  geom best vs   1291  740 K 1416      30K   782 5.82    5.72     5593  1852   43K   111 27.19   27.14  
c rst  geom best vs   1292  741 K 1416      30K   782 5.82    5.72     5593  1854   43K   111 27.24   27.18  
c rst  geom best vs   1293  741 K 1416      30K   782 5.82    5.72     5593  1854   44K   111 27.25   27.20  
c rst  geom best vs   1294  741 K 1416      30K   782 5.82    5.72     5593  1854   44K   111 27.30   27.25  
c rst  geom best vs   1295  741 K 1416      30K   782 5.82    5.72     5593  1854   44K   111 27.27   27.21  
c rst  geom best vs   1296  741 K 1416      30K   782 5.82    5.72     5593  1856   44K   111 27.27   27.22  
c rst  geom stb  vs   1297  741 K 1416      30K   782 5.82    5.72     5593  1858   44K   111 27.36   27.30  
c rst  geom stb  vs   1298  742 K 1416      30K   782 5.82    5.72     5593  1860   45K   111 27.46   27.41  
c rst  geom stb  vs   1299  742 K 1416      30K   782 5.82    5.72     5593  1863   45K   111 27.52   27.47  
c rst  geom stb  vs   1300  742 K 1416      30K   782 5.82    5.72     5593  1863   45K   111 27.58   27.52  
c rst  geom stb  vs   1301  743 K 1416      30K   782 5.82    5.72     5593  1865   46K   111 27.65   27.60  
c rst  geom stb  vs   1302  743 K 1416      30K   782 5.82    5.72     5594  1872   46K   111 27.76   27.70  
c rst  geom stb  vs   1303  743 K 1416      30K   782 5.82    5.72     5594  1872   46K   111 27.85   27.79  
c rst  geom stb  vs   1304  744 K 1416      30K   782 5.82    5.72     5594  1874   47K   111 28.03   27.98  
c [distill-long-red0] cls tried: 170/170 T: 0.02 T-out: N T-r: 99.36%
c [distill-long-red1] cls tried: 25/1583 T: 0.02 T-out: Y T-r: -4.48%
c rst  geom stb  vs   1305  744 K 1416      30K   782 5.82    5.72     5595  1878   47K   111 28.12   28.07  
c [full-probe]  bin_only: 0 set: 0 repl: 0 T: 0.00 T-out: N T-r: 97.97%
c rst  geom stb  vs   1306  745 K 1416      30K   782 5.82    5.72     5595  1883   48K   111 28.27   28.21  
c rst  geom stb  vs   1307  746 K 1416      30K   782 5.82    5.72     5595  1884   48K   111 28.44   28.39  
c rst  geom stb  vs   1308  746 K 1416      30K   782 5.82    5.72     5595  1886   49K   111 28.57   28.52  
c rst  geom stb  vs   1309  747 K 1416      30K   782 5.82    5.72     5595  1888   50K   111 28.64   28.59  
c rst  geom stb  vs   1310  748 K 1416      30K   782 5.82    5.72     5595  1889   51K   111 28.79   28.74  
c rst  geom stb  vs   1311  749 K 1416      30K   782 5.82    5.72     5595  1891   51K   111 28.92   28.87  
c rst  geom stb  vs   1312  750 K 1416      30K   782 5.82    5.72     5634  2022   37K   111 24.53   24.48  
c [distill] watch-based irred--  cl tried 8934     cl-sh 0     cl-rem 0    lit-rem 0      T: 0.02 T-out: N
c [distill] watch-based red  --  cl tried 11268    cl-sh 18    cl-rem 0    lit-rem 38     T: 0.01 T-out: N
c rst  geom stb  vs   1313  751 K 1416      30K   782 5.82    5.72     5634  2026   38K   111 25.03   24.97  
c rst  geom stb  vs   1314  752 K 1416      30K   782 5.82    5.72     5634  2029   39K   111 25.40   25.35  
c rst  geom stb  vs   1315  753 K 1416      30K   782 5.82    5.72     5635  2035   41K   111 25.71   25.65  
c rst  geom stb  vs   1316  754 K 1416      30K   782 5.82    5.72     5635  2042   42K   111 26.20   26.14  
c rst  geom ibes vs   1317  756 K 1416      30K   782 5.82    5.72     5635  2044   43K   111 26.62   26.56  
c rst  geom ibes vs   1318  758 K 1416      30K   782 5.82    5.72     5635  2054   45K   111 27.14   27.09  
c rst  geom ibes vs   1319  760 K 1416      30K   782 5.82    5.72     5671  1964   47K   111 27.87   27.81  
c [distill-long-red0] cls tried: 85/85 T: 0.01 T-out: N T-r: 99.80%
c [distill-long-red1] cls tried: 23/1664 T: 0.02 T-out: Y T-r: -5.23%
c rst  geom ibes vs   1320  762 K 1416      30K   782 5.82    5.72     5671  1970   49K   111 28.32   28.27  
c [distill-bin] useful: 0/782/782 lits-rem: 0 cl-rem: 0 0-depth-assigns: 0 T: 0.00 T-out: N
c [ccnr] saving best assignment phase to stable_polar
c [ccnr] bumping based on var unsat frequency: conflict_ct
c [ccnr] Bumped vars: 1419 bump type: 6
c [ccnr] time: 0.28
c rst  geom ibes vs   1321  764 K 1416      30K   782 5.82    5.72     5671  1978   51K   111 28.55   28.50  
c rst  geom ibes vs   1322  766 K 1416      30K   782 5.82    5.72     5679  2077   39K   112 28.91   28.84  
c [full-probe]  bin_only: 1 set: 0 repl: 0 T: 0.00 T-out: N T-r: 99.83%
c rst  geom ibes vs   1323  769 K 1416      30K   782 5.82    5.72     5679  2080   42K   112 29.34   29.28  
c [impl-str] lit bin: 0 set-var: 0 T: 0.00 T-out: N T-r: 99.96% w-visit: 2838
c [impl-sub] bin: 0 T: 0.00 T-out: N w-visit: 2838
c rst  geom svd  vs   1324  772 K 1416      30K   782 5.82    5.72     5703  1990   45K   112 30.23   30.17  
c [gauss] XOR-encoding clauses are not detached, so no need to reattach them.
c [g 0] truth-find prop checks  : 2528K
c [g 0] -> of which prop        : 43.67 %
c [g 0] -> of which confl       :  1.43 %
c [g 0] elim called             : 195K
c [g 0] ---> which lead to prop : 52.56 %
c [g 0] ---> which lead to confl:  1.29 %
c [g 0] size: 60    x 485  
c [scc] new: 0 BP 0M T: 0.00
c [vrep] vars 0 lits 0 rem-bin-cls 0 rem-long-cls 0 BP 0M T: 0.01
c [intree] Set 0 vars hyper-added: 1 trans-irred: 0 trans-red: 0 T: 0.00 T-out: N T-r: -0.94%
c [find&init matx] performing matrix init
c [gauss] XOR-encoding clauses are not detached, so no need to reattach them.
c [xor-rem-unconnected] left with 845 xors from 847 non-empty xors T: 0.00
c [xor-together] xored together: 785 orig xors: 845 new xors: 60 T: 0.00
c [xor-rem-unconnected] left with 60 xors from 60 non-empty xors T: 0.00
c [xor-clean-equiv] removed equivalent xors: 0 left with: 60
c [matrix] unused xors from cleaning: 2
c [matrix] Good   matrix 0 60      x485    density:0.1177  xorlen avg: 57.10
c [matrix] Using 1 matrices recovered from 0 xors T: 0.00 T-out: N
c rst  geom svd  vs   1325  775 K 1416      30K   782 5.82    5.72     5703  1993   49K   113 31.05   30.99  
c [distill-long-red0] cls tried: 32/32 T: 0.00 T-out: N T-r: 99.92%
c [distill-long-red1] cls tried: 45/1691 T: 0.01 T-out: Y T-r: -3.04%
c [distill] watch-based irred--  cl tried 8934     cl-sh 0     cl-rem 0    lit-rem 0      T: 0.01 T-out: N
c [distill] watch-based red  --  cl tried 11405    cl-sh 10    cl-rem 1    lit-rem 18     T: 0.01 T-out: N
c rst  geom svd  vs   1326  779 K 1416      30K   782 5.82    5.72     5702  2009   52K   113 31.86   31.80  
c rst  geom svd  vs   1327  783 K 1416      30K   782 5.82    5.72     5734  1909   41K   113 36.06   35.98  
c [distill-bin] useful: 0/782/782 lits-rem: 0 cl-rem: 0 0-depth-assigns: 0 T: 0.01 T-out: N
c rst  geom best vs   1328  787 K 1416      30K   782 5.82    5.72     5734  1925   45K   113 36.28   36.21  
c [full-probe]  bin_only: 0 set: 0 repl: 0 T: 0.01 T-out: N T-r: 97.79%
c rst  geom best vs   1329  792 K 1416      30K   782 5.82    5.72     5761  1784   50K   113 35.89   35.82  
c [distill-long-red0] cls tried: 67/67 T: 0.01 T-out: N T-r: 99.85%
c [distill-long-red1] cls tried: 75/1503 T: 0.01 T-out: Y T-r: -3.06%
c rst  geom best vs   1330  797 K 1416      30K   782 5.82    5.72     5770  1911   41K   113 34.53   34.46  
c rst  geom stb  vs   1331  803 K 1416      30K   782 5.82    5.72     5798  1536   47K   113 35.48   35.41  
c [distill-bin] useful: 0/782/782 lits-rem: 0 cl-rem: 0 0-depth-assigns: 0 T: 0.01 T-out: N
c [distill] watch-based irred--  cl tried 8934     cl-sh 0     cl-rem 0    lit-rem 0      T: 0.00 T-out: N
c [distill] watch-based red  --  cl tried 11596    cl-sh 14    cl-rem 0    lit-rem 20     T: 0.01 T-out: N
c rst  geom stb  vs   1332  810 K 1416      30K   782 5.82    5.72     5826  1258   39K   113 34.31   34.23  
c [distill-long-red0] cls tried: 70/70 T: 0.00 T-out: N T-r: 99.86%
c [distill-long-red1] cls tried: 73/1043 T: 0.01 T-out: Y T-r: -1.62%
c [full-probe]  bin_only: 1 set: 0 repl: 0 T: 0.00 T-out: N T-r: 99.85%
c [ccnr] saving best assignment phase to stable_polar
c [ccnr] bumping based on var unsat frequency: conflict_ct
c [ccnr] Bumped vars: 1419 bump type: 6
c [ccnr] time: 0.26
c rst  geom stb  vs   1333  817 K 1416      30K   782 5.82    5.72     5826  1274   46K   113 35.13   35.06  
c rst  geom ibes vs   1334  825 K 1416      30K   782 5.82    5.72     5858  1277   39K   113 32.85   32.78  
c [branch] adjusting to: vmtf (from: vsid) var_decay:0.95 descr: VMTF
c [distill-bin] useful: 0/782/782 lits-rem: 0 cl-rem: 0 0-depth-assigns: 0 T: 0.01 T-out: N
c rst  luby ibes vmt  1335  825 K 1416      30K   782 5.82    5.72     5860  1295   39K   113 32.83   32.76  
c rst  luby ibes vmt  1336  825 K 1416      30K   782 5.82    5.72     5860  1295   39K   113 32.87   32.80  
c [distill-long-red0] cls tried: 34/34 T: 0.00 T-out: N T-r: 99.94%
c [distill-long-red1] cls tried: 83/1033 T: 0.01 T-out: Y T-r: -1.50%
c rst  luby ibes vmt  1337  825 K 1416      30K   782 5.82    5.72     5860  1295   39K   113 32.87   32.79  
c rst  luby ibes vmt  1338  825 K 1416      30K   782 5.82    5.72     5860  1295   39K   113 32.90   32.83  
c rst  luby ibes vmt  1339  825 K 1416      30K   782 5.82    5.72     5860  1295   39K   113 32.92   32.85  
c rst  luby ibes vmt  1340  825 K 1416      30K   782 5.82    5.72     5860  1297   40K   113 32.99   32.92  
c rst  luby ibes vmt  1341  826 K 1416      30K   782 5.82    5.72     5860  1298   40K   113 33.05   32.98  
c rst  luby ibes vmt  1342  826 K 1416      30K   782 5.82    5.72     5860  1299   40K   113 33.06   32.98  
c rst  luby ibes vmt  1343  826 K 1416      30K   782 5.82    5.72     5860  1300   40K   113 33.05   32.98  
c rst  luby ibes vmt  1344  826 K 1416      30K   782 5.82    5.72     5862  1300   40K   113 33.07   33.00  
c rst  luby ibes vmt  1345  826 K 1416      30K   782 5.82    5.72     5862  1301   41K   113 33.07   33.00  
c rst  luby ibes vmt  1346  826 K 1416      30K   782 5.82    5.72     5862  1301   41K   113 33.09   33.01  
c rst  luby ibes vmt  1347  827 K 1416      30K   782 5.82    5.72     5862  1302   41K   113 33.14   33.07  
c rst  luby ibes vmt  1348  827 K 1416      30K   782 5.82    5.72     5862  1303   41K   113 33.18   33.11  
c rst  luby ibes vmt  1349  828 K 1416      30K   782 5.82    5.72     5862  1304   42K   113 33.35   33.27  
c rst  luby ibes vmt  1350  828 K 1416      30K   782 5.82    5.72     5864  1306   42K   113 33.35   33.28  
c rst  luby ibes vmt  1351  828 K 1416      30K   782 5.82    5.72     5864  1307   42K   113 33.37   33.30  
c rst  luby ibes vmt  1352  828 K 1416      30K   782 5.82    5.72     5864  1307   42K   113 33.40   33.33  
c rst  luby ibes vmt  1353  828 K 1416      30K   782 5.82    5.72     5864  1307   43K   113 33.41   33.34  
c rst  luby ibes vmt  1354  828 K 1416      30K   782 5.82    5.72     5864  1307   43K   113 33.42   33.35  
c [distill] watch-based irred--  cl tried 8934     cl-sh 0     cl-rem 0    lit-rem 0      T: 0.00 T-out: N
c [distill] watch-based red  --  cl tried 11728    cl-sh 11    cl-rem 0    lit-rem 13     T: 0.01 T-out: N
c rst  luby ibes vmt  1355  829 K 1416      30K   782 5.82    5.72     5864  1308   43K   113 33.42   33.35  
c rst  luby ibes vmt  1356  829 K 1416      30K   782 5.82    5.72     5865  1314   43K   113 33.53   33.46  
c rst  luby ibes vmt  1357  829 K 1416      30K   782 5.82    5.72     5865  1314   43K   113 33.55   33.48  
c [impl-str] lit bin: 0 set-var: 0 T: 0.00 T-out: N T-r: 99.96% w-visit: 2838
c [impl-sub] bin: 0 T: 0.00 T-out: N w-visit: 2838
c rst  luby ibes vmt  1358  829 K 1416      30K   782 5.82    5.72     5865  1314   43K   113 33.56   33.49  
c rst  luby ibes vmt  1359  829 K 1416      30K   782 5.82    5.72     5865  1315   44K   113 33.57   33.50  
c rst  luby ibes vmt  1360  830 K 1416      30K   782 5.82    5.72     5865  1315   44K   113 33.58   33.51  
c rst  luby ibes vmt  1361  830 K 1416      30K   782 5.82    5.72     5908  1198   44K   113 33.60   33.53  
c rst  luby ibes vmt  1362  830 K 1416      30K   782 5.82    5.72     5908  1198   44K   113 33.61   33.54  
c [full-probe]  bin_only: 0 set: 0 repl: 0 T: 0.01 T-out: N T-r: 97.60%
c rst  luby ibes vmt  1363  830 K 1416      30K   782 5.82    5.72     5908  1198   45K   113 33.63   33.56  
c rst  luby svd  vmt  1364  831 K 1416      30K   782 5.82    5.72     5909  1202   45K   113 33.78   33.72  
c rst  luby svd  vmt  1365  833 K 1416      30K   782 5.82    5.72     5910  1218   47K   113 33.95   33.88  
c rst  luby svd  vmt  1366  833 K 1416      30K   782 5.82    5.72     5910  1219   47K   113 33.97   33.90  
c rst  luby svd  vmt  1367  833 K 1416      30K   782 5.82    5.72     5910  1220   47K   113 33.98   33.91  
c rst  luby svd  vmt  1368  833 K 1416      30K   782 5.82    5.72     5910  1220   47K   113 33.99   33.93  
c rst  luby svd  vmt  1369  833 K 1416      30K   782 5.82    5.72     5910  1220   47K   113 34.02   33.95  
c rst  luby svd  vmt  1370  833 K 1416      30K   782 5.82    5.72     5910  1220   48K   113 34.05   33.99  
c rst  luby svd  vmt  1371  833 K 1416      30K   782 5.82    5.72     5910  1220   48K   113 34.12   34.06  
c rst  luby svd  vmt  1372  834 K 1416      30K   782 5.82    5.72     5910  1225   48K   113 34.19   34.13  
c rst  luby svd  vmt  1373  834 K 1416      30K   782 5.82    5.72     5910  1225   48K   113 34.20   34.13  
c rst  luby svd  vmt  1374  834 K 1416      30K   782 5.82    5.72     5910  1225   48K   113 34.21   34.14  
c rst  luby svd  vmt  1375  834 K 1416      30K   782 5.82    5.72     5910  1226   49K   113 34.25   34.18  
c rst  luby svd  vmt  1376  834 K 1416      30K   782 5.82    5.72     5910  1226   49K   113 34.24   34.18  
c rst  luby svd  vmt  1377  834 K 1416      30K   782 5.82    5.72     5910  1226   49K   113 34.25   34.19  
c rst  luby svd  vmt  1378  835 K 1416      30K   782 5.82    5.72     5910  1226   49K   113 34.27   34.21  
c rst  luby svd  vmt  1379  835 K 1416      30K   782 5.82    5.72     5910  1227   49K   113 34.30   34.24  
c rst  luby svd  vmt  1380  836 K 1416      30K   782 5.82    5.72     5910  1233   50K   113 34.40   34.34  
c rst  luby svd  vmt  1381  836 K 1416      30K   782 5.82    5.72     5910  1234   50K   113 34.40   34.34  
c rst  luby svd  vmt  1382  836 K 1416      30K   782 5.82    5.72     5910  1235   50K   113 34.40   34.34  
c rst  luby svd  vmt  1383  836 K 1416      30K   782 5.82    5.72     5910  1235   51K   113 34.42   34.35  
c rst  luby svd  vmt  1384  836 K 1416      30K   782 5.82    5.72     5910  1235   51K   113 34.43   34.36  
c rst  luby svd  vmt  1385  836 K 1416      30K   782 5.82    5.72     5910  1236   51K   113 34.43   34.37  
c rst  luby svd  vmt  1386  837 K 1416      30K   782 5.82    5.72     5910  1236   51K   113 34.47   34.41  
c rst  luby svd  vmt  1387  837 K 1416      30K   782 5.82    5.72     5910  1240   51K   113 34.47   34.41  
c rst  luby svd  vmt  1388  837 K 1416      30K   782 5.82    5.72     5910  1240   51K   113 34.46   34.40  
c [gauss] XOR-encoding clauses are not detached, so no need to reattach them.
c [g 0] truth-find prop checks  : 2050K
c [g 0] -> of which prop        : 59.93 %
c [g 0] -> of which confl       :  1.50 %
c [g 0] elim called             : 113K
c [g 0] ---> which lead to prop : 83.78 %
c [g 0] ---> which lead to confl:  2.51 %
c [g 0] size: 60    x 485  
c [scc] new: 0 BP 0M T: 0.00
c [vrep] vars 0 lits 0 rem-bin-cls 0 rem-long-cls 0 BP 0M T: 0.01
c [intree] Set 0 vars hyper-added: 0 trans-irred: 0 trans-red: 0 T: 0.01 T-out: N T-r: -1.04%
c [find&init matx] performing matrix init
c [gauss] XOR-encoding clauses are not detached, so no need to reattach them.
c [xor-rem-unconnected] left with 845 xors from 847 non-empty xors T: 0.00
c [xor-together] xored together: 785 orig xors: 845 new xors: 60 T: 0.00
c [xor-rem-unconnected] left with 60 xors from 60 non-empty xors T: 0.00
c [xor-clean-equiv] removed equivalent xors: 0 left with: 60
c [matrix] unused xors from cleaning: 2
c [matrix] Good   matrix 0 60      x485    density:0.1177  xorlen avg: 57.10
c [matrix] Using 1 matrices recovered from 0 xors T: 0.00 T-out: N
c rst  luby svd  vmt  1389  837 K 1416      30K   782 5.82    5.72     5910  1241   52K   113 34.48   34.42  
c rst  luby svd  vmt  1390  837 K 1416      30K   782 5.82    5.72     5910  1242   52K   113 34.52   34.46  
c rst  luby svd  vmt  1391  838 K 1416      30K   782 5.82    5.72     5910  1243   52K   113 34.53   34.47  
c rst  luby svd  vmt  1392  838 K 1416      30K   782 5.82    5.72     5911  1245   52K   113 34.54   34.47  
c rst  luby svd  vmt  1393  838 K 1416      30K   782 5.82    5.72     5911  1245   52K   113 34.58   34.52  
c rst  luby svd  vmt  1394  838 K 1416      30K   782 5.82    5.72     5911  1246   53K   113 34.62   34.56  
c rst  luby svd  vmt  1395  839 K 1416      30K   782 5.82    5.72     5917  1274   53K   113 34.74   34.68  
c rst  luby svd  vmt  1396  841 K 1416      30K   782 5.82    5.72     5973  1335   38K   113 34.47   34.39  
c [distill-long-red0] cls tried: 123/123 T: 0.01 T-out: N T-r: 99.80%
c [distill-long-red1] cls tried: 70/1025 T: 0.01 T-out: Y T-r: -1.82%
c rst  luby svd  vmt  1397  844 K 1416      30K   782 5.82    5.72     5975  1359   42K   113 35.50   35.42  
c rst  geom best vmt  1398  844 K 1416      30K   782 5.82    5.72     5975  1359   42K   113 35.48   35.41  
c rst  geom best vmt  1399  844 K 1416      30K   782 5.82    5.72     5975  1360   42K   113 35.49   35.42  
c rst  geom best vmt  1400  844 K 1416      30K   782 5.82    5.72     5975  1360   42K   113 35.51   35.43  
c rst  geom best vmt  1401  844 K 1416      30K   782 5.82    5.72     5975  1362   42K   113 35.56   35.49  
c rst  geom best vmt  1402  845 K 1416      30K   782 5.82    5.72     5975  1362   42K   113 35.59   35.51  
c rst  geom best vmt  1403  845 K 1416      30K   782 5.82    5.72     5975  1363   42K   113 35.57   35.49  
c [distill-bin] useful: 0/782/782 lits-rem: 0 cl-rem: 0 0-depth-assigns: 0 T: 0.01 T-out: N
c rst  geom best vmt  1404  845 K 1416      30K   782 5.82    5.72     5975  1364   43K   113 35.55   35.48  
c rst  geom best vmt  1405  845 K 1416      30K   782 5.82    5.72     5975  1364   43K   113 35.56   35.48  
c rst  geom best vmt  1406  845 K 1416      30K   782 5.82    5.72     5975  1364   43K   113 35.53   35.46  
c rst  geom best vmt  1407  846 K 1416      30K   782 5.82    5.72     5975  1364   43K   113 35.60   35.52  
c rst  geom best vmt  1408  846 K 1416      30K   782 5.82    5.72     5975  1366   44K   113 35.61   35.53  
c rst  geom best vmt  1409  846 K 1416      30K   782 5.82    5.72     5975  1373   44K   113 35.61   35.54  
c rst  geom best vmt  1410  847 K 1416      30K   782 5.82    5.72     5975  1373   44K   113 35.71   35.63  
c rst  geom best vmt  1411  847 K 1416      30K   782 5.82    5.72     5978  1381   45K   113 35.75   35.68  
c rst  geom best vmt  1412  847 K 1416      30K   782 5.82    5.72     5979  1384   45K   113 35.81   35.74  
c rst  geom best vmt  1413  848 K 1416      30K   782 5.82    5.72     5979  1388   45K   113 35.85   35.78  
c rst  geom best vmt  1414  848 K 1416      30K   782 5.82    5.72     5979  1388   46K   113 35.86   35.79  
c rst  geom best vmt  1415  849 K 1416      30K   782 5.82    5.72     5979  1391   46K   113 35.83   35.76  
c rst  geom best vmt  1416  849 K 1416      30K   782 5.82    5.72     5979  1400   47K   113 35.83   35.76  
c rst  geom best vmt  1417  850 K 1416      30K   782 5.82    5.72     6044  1310   48K   113 35.89   35.82  
c [full-probe]  bin_only: 1 set: 0 repl: 0 T: 0.01 T-out: N T-r: 99.77%
c rst  geom best vmt  1418  851 K 1416      30K   782 5.82    5.72     6044  1312   48K   113 35.83   35.76  
c rst  geom best vmt  1419  852 K 1416      30K   782 5.82    5.72     6044  1314   49K   113 35.88   35.81  
c rst  geom best vmt  1420  852 K 1416      30K   782 5.82    5.72     6045  1318   50K   113 35.86   35.79  
c rst  geom best vmt  1421  853 K 1416      30K   782 5.82    5.72     6045  1329   51K   113 36.04   35.98  
c [distill] watch-based irred--  cl tried 8934     cl-sh 0     cl-rem 0    lit-rem 0      T: 0.00 T-out: N
c [distill] watch-based red  --  cl tried 12090    cl-sh 27    cl-rem 0    lit-rem 41     T: 0.01 T-out: N
c rst  geom best vmt  1422  854 K 1416      30K   782 5.82    5.72     6045  1332   52K   113 36.09   36.03  
c [ccnr] saving best assignment phase to stable_polar
c [ccnr] bumping based on clause weights
c [ccnr] Bumped vars: 101 bump type: 6
c [ccnr] time: 0.27
c rst  geom best vmt  1423  856 K 1416      30K   782 5.82    5.72     6051  1533   38K   113 34.76   34.69  
c rst  geom best vmt  1424  857 K 1416      30K   782 5.82    5.72     6052  1547   40K   113 34.33   34.26  
c [distill-long-red0] cls tried: 83/83 T: 0.00 T-out: N T-r: 99.89%
c [distill-long-red1] cls tried: 96/1180 T: 0.01 T-out: Y T-r: -1.39%
c rst  geom best vmt  1425  858 K 1416      30K   782 5.82    5.72     6052  1556   41K   113 33.91   33.84  
c rst  geom stb  vmt  1426  860 K 1416      30K   782 5.82    5.72     6103  1507   43K   113 33.52   33.45  
c rst  geom stb  vmt  1427  862 K 1416      30K   782 5.82    5.72     6103  1517   44K   113 33.01   32.95  
c rst  geom stb  vmt  1428  863 K 1416      30K   782 5.82    5.72     6105  1537   46K   113 32.55   32.49  
c rst  geom stb  vmt  1429  865 K 1416      30K   782 5.82    5.72     6106  1568   48K   113 32.31   32.25  
c [distill-bin] useful: 0/782/782 lits-rem: 0 cl-rem: 0 0-depth-assigns: 0 T: 0.00 T-out: N
c rst  geom stb  vmt  1430  868 K 1416      30K   782 5.82    5.72     6107  1600   50K   113 32.01   31.95  
c rst  geom stb  vmt  1431  870 K 1416      30K   782 5.82    5.72     6203  1953   38K   113 29.79   29.73  
c [full-probe]  bin_only: 0 set: 0 repl: 0 T: 0.00 T-out: N T-r: 98.39%
c rst  geom stb  vmt  1432  873 K 1416      30K   782 5.82    5.72     6207  1970   40K   113 29.05   28.99  
c [distill-long-red0] cls tried: 152/152 T: 0.01 T-out: N T-r: 99.66%
c [distill-long-red1] cls tried: 46/1539 T: 0.01 T-out: Y T-r: -1.86%
c rst  geom ibes vmt  1433  876 K 1416      30K   782 5.82    5.72     6208  2039   43K   113 28.84   28.78  
c rst  geom ibes vmt  1434  879 K 1416      30K   782 5.82    5.72     6208  2079   47K   113 28.10   28.05  
c [distill] watch-based irred--  cl tried 8934     cl-sh 0     cl-rem 0    lit-rem 0      T: 0.01 T-out: N
c [distill] watch-based red  --  cl tried 12416    cl-sh 7     cl-rem 0    lit-rem 14     T: 0.01 T-out: N
c rst  geom ibes vmt  1435  883 K 1416      30K   782 5.82    5.72     6342  1939   50K   113 27.39   27.34  
c rst  geom ibes vmt  1436  887 K 1416      30K   782 5.82    5.72     6375  2564   39K   113 21.80   21.75  
c [distill-bin] useful: 0/782/782 lits-rem: 0 cl-rem: 0 0-depth-assigns: 0 T: 0.00 T-out: N
c rst  geom svd  vmt  1437  891 K 1416      30K   782 5.82    5.72     6460  2430   44K   113 21.54   21.49  
c [distill-long-red0] cls tried: 243/243 T: 0.03 T-out: N T-r: 98.88%
c [distill-long-red1] cls tried: 32/2022 T: 0.02 T-out: Y T-r: -12.49%
c [full-probe]  bin_only: 1 set: 0 repl: 0 T: 0.00 T-out: N T-r: 99.81%
c [impl-str] lit bin: 0 set-var: 0 T: 0.00 T-out: N T-r: 99.96% w-visit: 2838
c [impl-sub] bin: 0 T: 0.00 T-out: N w-visit: 2838
c rst  geom svd  vmt  1438  896 K 1416      30K   782 5.82    5.72     6460  2464   49K   113 21.42   21.38  
c rst  geom svd  vmt  1439  901 K 1416      30K   782 5.82    5.72     6549  3037   39K   113 18.19   18.16  
c [ccnr] saving best assignment phase to stable_polar
c [ccnr] bumping based on var unsat frequency: conflict_ct
c [ccnr] Bumped vars: 1419 bump type: 6
c [ccnr] time: 0.27
c rst  geom best vmt  1440  907 K 1416      30K   782 5.82    5.72     6558  3140   45K   113 21.29   21.25  
c [branch] adjusting to: vsid (from: vmtf) var_decay:0.95 descr: VSIDS
c [distill-long-red0] cls tried: 92/92 T: 0.01 T-out: N T-r: 99.61%
c [distill-long-red1] cls tried: 23/2743 T: 0.02 T-out: Y T-r: -3.35%
c [distill-bin] useful: 0/782/782 lits-rem: 0 cl-rem: 0 0-depth-assigns: 0 T: 0.00 T-out: N
c [distill] watch-based irred--  cl tried 8934     cl-sh 0     cl-rem 0    lit-rem 0      T: 0.01 T-out: N
c [distill] watch-based red  --  cl tried 11455    cl-sh 5     cl-rem 0    lit-rem 18     T: 0.02 T-out: Y
c [gauss] XOR-encoding clauses are not detached, so no need to reattach them.
c [g 0] truth-find prop checks  : 3149K
c [g 0] -> of which prop        : 35.19 %
c [g 0] -> of which confl       :  1.33 %
c [g 0] elim called             : 283K
c [g 0] ---> which lead to prop : 38.21 %
c [g 0] ---> which lead to confl:  0.91 %
c [g 0] size: 60    x 485  
c [scc] new: 0 BP 0M T: 0.00
c [vrep] vars 0 lits 0 rem-bin-cls 0 rem-long-cls 0 BP 0M T: 0.00
c [intree] Set 0 vars hyper-added: 0 trans-irred: 0 trans-red: 0 T: 0.00 T-out: N T-r: -1.33%
c [find&init matx] performing matrix init
c [gauss] XOR-encoding clauses are not detached, so no need to reattach them.
c [xor-rem-unconnected] left with 845 xors from 847 non-empty xors T: 0.00
c [xor-together] xored together: 785 orig xors: 845 new xors: 60 T: 0.00
c [xor-rem-unconnected] left with 60 xors from 60 non-empty xors T: 0.00
c [xor-clean-equiv] removed equivalent xors: 0 left with: 60
c [matrix] unused xors from cleaning: 2
c [matrix] Good   matrix 0 60      x485    density:0.1177  xorlen avg: 57.10
c [matrix] Using 1 matrices recovered from 0 xors T: 0.00 T-out: N
c rst  geom best vs   1441  907 K 1416      30K   782 5.82    5.72     6558  3140   45K   113 21.29   21.25  
c rst  geom best vs   1442  907 K 1416      30K   782 5.82    5.72     6558  3140   45K   113 21.30   21.26  
c rst  geom best vs   1443  908 K 1416      30K   782 5.82    5.72     6558  3140   45K   113 21.33   21.29  
c rst  geom best vs   1444  908 K 1416      30K   782 5.82    5.72     6558  3140   45K   113 21.37   21.33  
c rst  geom best vs   1445  908 K 1416      30K   782 5.82    5.72     6558  3140   45K   113 21.45   21.41  
c rst  geom best vs   1446  908 K 1416      30K   782 5.82    5.72     6558  3140   46K   113 21.49   21.45  
c rst  geom best vs   1447  908 K 1416      30K   782 5.82    5.72     6558  3140   46K   113 21.55   21.51  
c rst  geom best vs   1448  908 K 1416      30K   782 5.82    5.72     6558  3141   46K   113 21.62   21.58  
c rst  geom best vs   1449  909 K 1416      30K   782 5.82    5.72     6558  3142   46K   113 21.78   21.74  
c rst  geom best vs   1450  909 K 1416      30K   782 5.82    5.72     6558  3144   47K   113 21.88   21.84  
c rst  geom best vs   1451  909 K 1416      30K   782 5.82    5.72     6558  3147   47K   113 21.94   21.90  
c rst  geom best vs   1452  910 K 1416      30K   782 5.82    5.72     6558  3147   47K   113 22.04   22.00  
c rst  geom best vs   1453  910 K 1416      30K   782 5.82    5.72     6652  2906   48K   113 22.19   22.15  
c rst  geom best vs   1454  910 K 1416      30K   782 5.82    5.72     6652  2906   48K   113 22.28   22.24  
c rst  geom best vs   1455  911 K 1416      30K   782 5.82    5.72     6653  2910   48K   113 22.42   22.38  
c rst  geom best vs   1456  911 K 1416      30K   782 5.82    5.72     6653  2912   49K   113 22.52   22.48  
c rst  geom best vs   1457  912 K 1416      30K   782 5.82    5.72     6653  2914   49K   113 22.70   22.66  
c [full-probe]  bin_only: 0 set: 0 repl: 0 T: 0.00 T-out: N T-r: 98.21%
c rst  geom best vs   1458  912 K 1416      30K   782 5.82    5.72     6654  2915   50K   113 22.87   22.83  
c rst  geom best vs   1459  913 K 1416      30K   782 5.82    5.72     6654  2918   50K   113 23.02   22.98  
c rst  geom best vs   1460  913 K 1416      30K   782 5.82    5.72     6654  2918   51K   113 23.20   23.16  
c rst  geom best vs   1461  914 K 1416      30K   782 5.82    5.72     6654  2919   51K   113 23.21   23.18  
c recursive minimization cost OK: 1860Kcost/(% lits removed)
c [gauss] XOR-encoding clauses are not detached, so no need to reattach them.
c [g 0] truth-find prop checks  : 171K
c [g 0] -> of which prop        : 61.64 %
c [g 0] -> of which confl       :  1.53 %
c [g 0] elim called             : 9932
c [g 0] ---> which lead to prop : 103.46 %
c [g 0] ---> which lead to confl:  2.54 %
c [g 0] size: 60    x 485  
c --> Executing strategy token: scc-vrepl
c [scc] new: 0 BP 0M T: 0.00
c --> Executing strategy token: sub-impl
c [impl-sub] bin: 0 T: 0.00 T-out: N w-visit: 2838
c --> Executing strategy token: breakid
c --> Executing OCC strategy token(s): 'occ-backw-sub-str,occ-clean-implicit,occ-bve,occ-bva,occ-ternary-res,occ-xor,'
c [occ] mem usage for occur 2      MB
c [occ] Linked in IRRED BIN by default: 782
c [occ] Linked in RED   BIN by default: 113
c [occ] mem usage for occur 0      MB
c Mem for watch alloc      : 18          MB (33.83     %)
c Mem for watch array      : 0           MB (0.12      %)
c --> Executing OCC strategy token: occ-backw-sub-str
c [occ-backw-sub-str-long-w-bins] subs: 0 str: 25 tried: 10652 0-depth ass: 0 T: 0.00 T-out: N T-r: 99.20%
c [occ-backw-sub-long-w-long] rem cl: 129 tried: 91971/91971 (100.0%) T: 0.03 T-out: N T-r: 76.50%
c [occ-backw-sub-str-long-w-long] sub: 5 str: 80 tried: 275913/91971 (300.0)  T: 0.22 T-out: N T-r: 54.82%
c --> Executing OCC strategy token: occ-clean-implicit
c --> Executing OCC strategy token: occ-bve
c [occ-empty-res] Empty resolvent elimed: 0 T: 0.00 T-out: N
c [occ-bve] iter v-elim 0
c cl_inc_rate=1.0, var_dec_rate=1.0 (grow=0)
c Reduced to 1416 vars, 31321 cls (grow=0)
c [occ-bve] iter v-elim 0
c cl_inc_rate=1.0, var_dec_rate=1.0 (grow=8)
c Reduced to 1416 vars, 31321 cls (grow=8)
c [occ-bve] iter v-elim 0
c cl_inc_rate=1.0, var_dec_rate=1.0 (grow=16)
c Reduced to 1416 vars, 31321 cls (grow=16)
c x n vars       : 1416
c #try to eliminate:  4248
c #var-elim        :     0
c #T-o: N
c #T-r: 99.99%
c #T  : 0.24
c [occur] 0.03 is overhead
c [occur] link-in T: 0.03 cleanup T: 0.00
c --> Executing OCC strategy token: occ-bva
c --> Executing OCC strategy token: occ-ternary-res
c [occ-ternary-res] Ternary res-tri: 0 res-bin: 0 sub: 0 str: 0 T: 0.00 T-out: N T-r: 99.81%
c --> Executing OCC strategy token: occ-xor
c [occ-xor] sort occur list T: 0.00
c [xor-clean-equiv] removed equivalent xors: 0 left with: 834
c [occ-xor] found    834 avg sz 5.9 min sz  4 max sz  6 T: 0.01 T-out: N T-r: 99.98%
c --> Executing strategy token: card-find
c --> Executing strategy token: cl-consolidate
c Not consolidating memory.
c --> Executing strategy token: scc-vrepl
c [scc] new: 0 BP 0M T: 0.00
c --> Executing strategy token: renumber
c --> Executing strategy token: bosphorus
c --> Executing strategy token: louvain-comms
c [consolidate] mini T: 0.00
c global_timeout_multiplier: 5.3147
c [branch] rebuilding order heap for all branchings. Current branching: vsid
c [find&init matx] performing matrix init
c [gauss] XOR-encoding clauses are not detached, so no need to reattach them.
c [xor-rem-unconnected] left with 833 xors from 834 non-empty xors T: 0.00
c [xor-together] xored together: 763 orig xors: 833 new xors: 70 T: 0.00
c [xor-rem-unconnected] left with 70 xors from 70 non-empty xors T: 0.00
c [xor-clean-equiv] removed equivalent xors: 0 left with: 70
c [matrix] unused xors from cleaning: 1
c [matrix] Good   matrix  0     70 x  507  density:0.0957  xorlen avg: 48.51
c [matrix] Using 1 matrices recovered from 0 xors T: 0.00 T-out: N
c rst  geom best   vs  1462  914K    1416   30K   782    5.82    5.72  6540  3235   52K   113   23.41   23.37
c rst  geom best   vs  1463  915K    1416   30K   782    5.82    5.72  6540  3242   38K   113   23.77   23.72
c rst  geom best   vs  1464  916K    1416   30K   782    5.82    5.72  6541  3249   38K   113   24.18   24.13
c rst  geom  stb   vs  1465  917K    1416   30K   782    5.82    5.72  6542  3252   39K   113   24.45   24.40
c rst  geom  stb   vs  1466  918K    1416   30K   782    5.82    5.72  6542  3256   40K   113   24.71   24.66
c rst  geom  stb   vs  1467  919K    1416   30K   782    5.82    5.72  6542  3263   42K   113   25.07   25.02
c rst  geom  stb   vs  1468  920K    1416   30K   782    5.82    5.72  6560  3042   43K   113   25.52   25.47
c rst  geom  stb   vs  1469  922K    1416   30K   782    5.82    5.72  6560  3050   44K   113   25.79   25.74
c rst  geom  stb   vs  1470  923K    1416   30K   782    5.82    5.72  6560  3058   46K   113   26.14   26.09
c [distill-long-red0] cls tried: 131/131 T: 0.02 T-out: N T-r: 99.60%
c [distill-long-red1] cls tried: 25/2735 T: 0.02 T-out: Y T-r: -8.23%
c rst  geom  stb   vs  1471  925K    1416   30K   782    5.82    5.72  6560  3066   48K   113   26.58   26.54
c rst  geom  stb   vs  1472  927K    1416   30K   782    5.82    5.72  6561  3071   50K   113   27.00   26.95
c rst  geom  stb   vs  1473  929K    1416   30K   782    5.82    5.72  6561  3087   52K   113   27.41   27.36
c [distill-bin] useful: 0/782/782 lits-rem: 0 cl-rem: 0 0-depth-assigns: 0 T: 0.00 T-out: N
c rst  geom  stb   vs  1474  931K    1416   30K   782    5.82    5.72  6615  3079   39K   113   30.93   30.86
c rst  geom ibes   vs  1475  934K    1416   30K   782    5.82    5.72  6615  3081   42K   113   31.65   31.59
c [full-probe]  bin_only: 1 set: 0 repl: 0 T: 0.00 T-out: N T-r: 99.77%
c [distill] watch-based irred--  cl tried     9766 cl-sh     0 cl-rem    0 lit-rem      0 T: 0.01 T-out: N
c [distill] watch-based   red--  cl tried    13230 cl-sh    13 cl-rem    0 lit-rem     39 T: 0.02 T-out: N
c rst  geom ibes   vs  1476  936K    1416   30K   782    5.82    5.72  6616  3091   45K   113   32.54   32.48
c rst  geom ibes   vs  1477  939K    1416   30K   782    5.82    5.72  6616  3096   48K   113   32.79   32.73
c [distill-long-red0] cls tried: 56/56 T: 0.01 T-out: N T-r: 99.85%
c [distill-long-red1] cls tried: 24/2778 T: 0.02 T-out: Y T-r: -6.48%
c rst  geom ibes   vs  1478  943K    1416   30K   782    5.82    5.72  6646  3005   51K   113   33.57   33.51
c rst  geom ibes   vs  1479  946K    1416   30K   782    5.82    5.72  6665  3115   39K   113   35.18   35.11
c [ccnr] saving best assignment phase to stable_polar
c [ccnr] bumping based on var unsat frequency: conflict_ct
c [ccnr] Bumped vars: 1419 bump type: 6
c [ccnr] time: 0.27
c rst  geom  svd   vs  1480  950K    1416   30K   782    5.82    5.72  6731  2842   43K   113   35.43   35.36
c [distill-bin] useful: 0/782/782 lits-rem: 0 cl-rem: 0 0-depth-assigns: 0 T: 0.01 T-out: N
c rst  geom  svd   vs  1481  955K    1416   30K   782    5.82    5.72  6731  2886   47K   113   34.03   33.97
c [distill-long-red0] cls tried: 112/112 T: 0.01 T-out: N T-r: 99.76%
c [distill-long-red1] cls tried: 34/2581 T: 0.02 T-out: Y T-r: -2.73%
c [full-probe]  bin_only: 0 set: 0 repl: 0 T: 0.01 T-out: N T-r: 97.84%
c [impl-str] lit bin: 0 set-var: 0 T: 0.00 T-out: N T-r: 99.96% w-visit: 2838
c [impl-sub] bin: 0 T: 0.00 T-out: N w-visit: 2838
c rst  geom  svd   vs  1482  959K    1416   30K   782    5.82    5.72  6734  3053   52K   113   32.56   32.50
c [distill] watch-based irred--  cl tried     9766 cl-sh     0 cl-rem    0 lit-rem      0 T: 0.01 T-out: N
c [distill] watch-based   red--  cl tried    13468 cl-sh     1 cl-rem    0 lit-rem      1 T: 0.01 T-out: N
c rst  geom  svd   vs  1483  965K    1416   30K   782    5.82    5.72  6953  3301   42K   113   28.57   28.51
c rst  geom best   vs  1484  971K    1416   30K   782    5.82    5.72  7045  2911   49K   113   27.42   27.37
c [distill-long-red0] cls tried: 307/307 T: 0.04 T-out: N T-r: 98.82%
c [distill-long-red1] cls tried: 31/2639 T: 0.02 T-out: Y T-r: -3.61%
c [distill-bin] useful: 0/782/782 lits-rem: 0 cl-rem: 0 0-depth-assigns: 0 T: 0.00 T-out: N
c rst  geom best   vs  1485  977K    1416   30K   782    5.82    5.72  7157  3678   40K   113   21.81   21.77
c [full-probe]  bin_only: 1 set: 0 repl: 0 T: 0.00 T-out: N T-r: 99.78%
c [gauss] XOR-encoding clauses are not detached, so no need to reattach them.
c [g 0] truth-find prop checks  : 2675K
c [g 0] -> of which prop        : 42.38 %
c [g 0] -> of which confl       :  1.30 %
c [g 0] elim called             : 213K
c [g 0] ---> which lead to prop : 51.36 %
c [g 0] ---> which lead to confl:  1.22 %
c [g 0] size: 70    x 507  
c [scc] new: 0 BP 0M T: 0.00
c [vrep] vars 0 lits 0 rem-bin-cls 0 rem-long-cls 0 BP 0M T: 0.00
c [intree] Set 0 vars hyper-added: 0 trans-irred: 0 trans-red: 0 T: 0.00 T-out: N T-r: -1.01%
c [find&init matx] performing matrix init
c [gauss] XOR-encoding clauses are not detached, so no need to reattach them.
c [xor-rem-unconnected] left with 833 xors from 834 non-empty xors T: 0.00
c [xor-together] xored together: 763 orig xors: 833 new xors: 70 T: 0.00
c [xor-rem-unconnected] left with 70 xors from 70 non-empty xors T: 0.00
c [xor-clean-equiv] removed equivalent xors: 0 left with: 70
c [matrix] unused xors from cleaning: 1
c [matrix] Good   matrix 0 70      x507    density:0.0957  xorlen avg: 48.51
c [matrix] Using 1 matrices recovered from 0 xors T: 0.00 T-out: N
c rst  geom best vs   1486  984 K 1416      30K   782 5.82    5.72     7248  3364   47K   113 21.14   21.11  
c rst  geom stb  vs   1487  992 K 1416      30K   782 5.82    5.72     7354  3711   40K   113 14.39   14.36  
c [distill-long-red0] cls tried: 298/298 T: 0.04 T-out: N T-r: 98.45%
c [distill-long-red1] cls tried: 25/3511 T: 0.01 T-out: Y T-r: -6.20%
c [distill-bin] useful: 0/782/782 lits-rem: 0 cl-rem: 0 0-depth-assigns: 0 T: 0.01 T-out: N
c [distill] watch-based irred--  cl tried 9766     cl-sh 0     cl-rem 0    lit-rem 0      T: 0.02 T-out: N
c [distill] watch-based red  --  cl tried 11748    cl-sh 4     cl-rem 0    lit-rem 6      T: 0.02 T-out: Y
c [ccnr] saving best assignment phase to stable_polar
c [ccnr] bumping based on clause weights
c [ccnr] Bumped vars: 102 bump type: 6
c [ccnr] time: 0.27
c rst  geom stb  vs   1488  1000K 1416      30K   782 5.82    5.72     7470  3541   49K   113 14.80   14.78  
c [branch] adjusting to: vmtf (from: vsid) var_decay:0.95 descr: VMTF
c [full-probe]  bin_only: 0 set: 0 repl: 0 T: 0.00 T-out: N T-r: 98.34%
c rst  luby ibes vmt  1489  1000K 1416      30K   782 5.82    5.72     7470  3543   49K   113 14.84   14.82  
c rst  luby ibes vmt  1490  1001K 1416      30K   782 5.82    5.72     7471  3549   49K   113 14.84   14.82  
c rst  luby ibes vmt  1491  1001K 1416      30K   782 5.82    5.72     7471  3550   49K   113 14.84   14.82  
c rst  luby ibes vmt  1492  1001K 1416      30K   782 5.82    5.72     7471  3550   49K   113 14.86   14.83  
c rst  luby ibes vmt  1493  1001K 1416      30K   782 5.82    5.72     7471  3550   49K   113 14.85   14.83  
c rst  luby ibes vmt  1494  1001K 1416      30K   782 5.82    5.72     7471  3552   50K   113 14.85   14.82  
c rst  luby ibes vmt  1495  1002K 1416      30K   782 5.82    5.72     7471  3560   50K   113 14.85   14.83  
c rst  luby ibes vmt  1496  1002K 1416      30K   782 5.82    5.72     7471  3563   50K   113 14.86   14.84  
c rst  luby ibes vmt  1497  1002K 1416      30K   782 5.82    5.72     7471  3564   50K   113 14.87   14.85  
c rst  luby ibes vmt  1498  1002K 1416      30K   782 5.82    5.72     7471  3564   50K   113 14.87   14.85  
c rst  luby ibes vmt  1499  1002K 1416      30K   782 5.82    5.72     7471  3565   50K   113 14.87   14.84  
c rst  luby ibes vmt  1500  1002K 1416      30K   782 5.82    5.72     7471  3566   51K   113 14.87   14.85  
c rst  luby ibes vmt  1501  1002K 1416      30K   782 5.82    5.72     7471  3566   51K   113 14.89   14.87  
c rst  luby ibes vmt  1502  1003K 1416      30K   782 5.82    5.72     7471  3571   51K   113 14.87   14.85  
c rst  luby ibes vmt  1503  1004K 1416      30K   782 5.82    5.72     7471  3580   52K   113 14.86   14.84  
c rst  luby ibes vmt  1504  1004K 1416      30K   782 5.82    5.72     7471  3582   52K   113 14.87   14.85  
c rst  luby ibes vmt  1505  1004K 1416      30K   782 5.82    5.72     7471  3582   52K   113 14.88   14.85  
c rst  luby ibes vmt  1506  1004K 1416      30K   782 5.82    5.72     7471  3584   52K   113 14.87   14.85  
c rst  luby ibes vmt  1507  1004K 1416      30K   782 5.82    5.72     7471  3585   52K   113 14.88   14.86  
c rst  luby ibes vmt  1508  1004K 1416      30K   782 5.82    5.72     7471  3596   53K   113 14.88   14.86  
c rst  luby ibes vmt  1509  1004K 1416      30K   782 5.82    5.72     7471  3626   53K   113 14.89   14.87  
c rst  luby ibes vmt  1510  1005K 1416      30K   782 5.82    5.72     7529  4527   38K   113 14.58   14.56  
c rst  luby ibes vmt  1511  1005K 1416      30K   782 5.82    5.72     7529  4527   38K   113 14.58   14.55  
c rst  luby ibes vmt  1512  1005K 1416      30K   782 5.82    5.72     7529  4535   38K   113 14.58   14.55  
c rst  luby ibes vmt  1513  1005K 1416      30K   782 5.82    5.72     7529  4540   38K   113 14.60   14.58  
c rst  luby ibes vmt  1514  1005K 1416      30K   782 5.82    5.72     7529  4541   38K   113 14.61   14.58  
c rst  luby ibes vmt  1515  1005K 1416      30K   782 5.82    5.72     7529  4541   38K   113 14.61   14.58  
c rst  luby ibes vmt  1516  1006K 1416      30K   782 5.82    5.72     7529  4546   38K   113 14.60   14.57  
c rst  luby ibes vmt  1517  1006K 1416      30K   782 5.82    5.72     7529  4554   39K   113 14.58   14.56  
c rst  luby ibes vmt  1518  1007K 1416      30K   782 5.82    5.72     7529  4559   40K   113 14.53   14.51  
c rst  luby ibes vmt  1519  1008K 1416      30K   782 5.82    5.72     7529  4581   41K   113 14.55   14.52  
c [distill-long-red0] cls tried: 178/178 T: 0.04 T-out: N T-r: 98.75%
c [distill-long-red1] cls tried: 23/4381 T: 0.01 T-out: Y T-r: -9.47%
c rst  luby ibes vmt  1520  1008K 1416      30K   782 5.82    5.72     7529  4582   41K   113 14.53   14.51  
c rst  luby ibes vmt  1521  1009K 1416      30K   782 5.82    5.72     7529  4585   41K   113 14.55   14.53  
c rst  luby ibes vmt  1522  1009K 1416      30K   782 5.82    5.72     7529  4600   42K   113 14.54   14.52  
c rst  luby ibes vmt  1523  1009K 1416      30K   782 5.82    5.72     7529  4600   42K   113 14.55   14.53  
c rst  luby ibes vmt  1524  1009K 1416      30K   782 5.82    5.72     7529  4602   42K   113 14.57   14.54  
c rst  luby ibes vmt  1525  1009K 1416      30K   782 5.82    5.72     7529  4604   42K   113 14.62   14.60  
c rst  luby ibes vmt  1526  1010K 1416      30K   782 5.82    5.72     7710  4254   43K   113 14.63   14.60  
c rst  luby ibes vmt  1527  1010K 1416      30K   782 5.82    5.72     7710  4254   43K   113 14.64   14.61  
c rst  luby ibes vmt  1528  1010K 1416      30K   782 5.82    5.72     7710  4254   43K   113 14.65   14.62  
c rst  luby ibes vmt  1529  1010K 1416      30K   782 5.82    5.72     7710  4258   43K   113 14.70   14.67  
c rst  luby ibes vmt  1530  1010K 1416      30K   782 5.82    5.72     7710  4262   43K   113 14.72   14.69  
c rst  luby ibes vmt  1531  1010K 1416      30K   782 5.82    5.72     7710  4265   43K   113 14.72   14.69  
c rst  luby ibes vmt  1532  1010K 1416      30K   782 5.82    5.72     7710  4266   43K   113 14.76   14.73  
c rst  luby ibes vmt  1533  1011K 1416      30K   782 5.82    5.72     7710  4275   44K   113 14.84   14.81  
c rst  luby ibes vmt  1534  1012K 1416      30K   782 5.82    5.72     7710  4279   45K   113 14.85   14.83  
c rst  luby ibes vmt  1535  1012K 1416      30K   782 5.82    5.72     7710  4283   45K   113 14.87   14.84  
c rst  luby ibes vmt  1536  1012K 1416      30K   782 5.82    5.72     7710  4285   45K   113 14.87   14.84  
c [distill-bin] useful: 0/782/782 lits-rem: 0 cl-rem: 0 0-depth-assigns: 0 T: 0.00 T-out: N
c rst  luby ibes vmt  1537  1012K 1416      30K   782 5.82    5.72     7710  4287   45K   113 14.88   14.85  
c rst  luby ibes vmt  1538  1012K 1416      30K   782 5.82    5.72     7710  4289   45K   113 14.88   14.86  
c rst  luby ibes vmt  1539  1012K 1416      30K   782 5.82    5.72     7710  4296   45K   113 14.88   14.86  
c rst  luby ibes vmt  1540  1012K 1416      30K   782 5.82    5.72     7710  4300   45K   113 14.88   14.86  
c rst  luby ibes vmt  1541  1013K 1416      30K   782 5.82    5.72     7710  4307   46K   113 14.88   14.86  
c rst  luby ibes vmt  1542  1013K 1416      30K   782 5.82    5.72     7710  4307   46K   113 14.88   14.85  
c rst  luby ibes vmt  1543  1013K 1416      30K   782 5.82    5.72     7710  4307   46K   113 14.87   14.84  
c rst  luby ibes vmt  1544  1013K 1416      30K   782 5.82    5.72     7710  4307   46K   113 14.85   14.83  
c rst  luby ibes vmt  1545  1013K 1416      30K   782 5.82    5.72     7710  4308   46K   113 14.85   14.82  
c rst  luby ibes vmt  1546  1013K 1416      30K   782 5.82    5.72     7710  4311   46K   113 14.85   14.83  
c rst  luby ibes vmt  1547  1014K 1416      30K   782 5.82    5.72     7710  4312   47K   113 14.89   14.87  
c rst  luby ibes vmt  1548  1014K 1416      30K   782 5.82    5.72     7710  4321   47K   113 14.89   14.87  
c rst  luby ibes vmt  1549  1015K 1416      30K   782 5.82    5.72     7710  4355   48K   113 14.95   14.92  
c [impl-str] lit bin: 0 set-var: 0 T: 0.00 T-out: N T-r: 99.96% w-visit: 2838
c [impl-sub] bin: 0 T: 0.00 T-out: N w-visit: 2838
c rst  luby ibes vmt  1550  1016K 1416      30K   782 5.82    5.72     7710  4468   49K   113 15.03   15.00  
c rst  luby svd  vmt  1551  1020K 1416      30K   782 5.82    5.72     7898  5084   37K   113 14.55   14.52  
c [distill] watch-based irred--  cl tried 9766     cl-sh 0     cl-rem 0    lit-rem 0      T: 0.02 T-out: N
c [distill] watch-based red  --  cl tried 12072    cl-sh 3     cl-rem 0    lit-rem 3      T: 0.02 T-out: Y
c rst  luby svd  vmt  1552  1020K 1416      30K   782 5.82    5.72     7898  5084   37K   113 14.56   14.53  
c rst  luby svd  vmt  1553  1020K 1416      30K   782 5.82    5.72     7898  5086   37K   113 14.59   14.56  
c rst  luby svd  vmt  1554  1020K 1416      30K   782 5.82    5.72     7898  5087   38K   113 14.67   14.64  
c rst  luby svd  vmt  1555  1020K 1416      30K   782 5.82    5.72     7898  5088   38K   113 14.73   14.70  
c rst  luby svd  vmt  1556  1020K 1416      30K   782 5.82    5.72     7898  5089   38K   113 14.75   14.72  
c rst  luby svd  vmt  1557  1020K 1416      30K   782 5.82    5.72     7898  5089   38K   113 14.76   14.73  
c [full-probe]  bin_only: 1 set: 0 repl: 0 T: 0.00 T-out: N T-r: 99.87%
c rst  luby svd  vmt  1558  1021K 1416      30K   782 5.82    5.72     7898  5093   38K   113 14.79   14.76  
c rst  luby svd  vmt  1559  1021K 1416      30K   782 5.82    5.72     7898  5094   38K   113 14.79   14.77  
c rst  luby svd  vmt  1560  1021K 1416      30K   782 5.82    5.72     7898  5094   39K   113 14.79   14.77  
c rst  luby svd  vmt  1561  1021K 1416      30K   782 5.82    5.72     7898  5098   39K   113 14.85   14.82  
c rst  luby svd  vmt  1562  1021K 1416      30K   782 5.82    5.72     7898  5101   39K   113 14.86   14.83  
c rst  luby svd  vmt  1563  1021K 1416      30K   782 5.82    5.72     7898  5101   39K   113 14.87   14.84  
c rst  luby svd  vmt  1564  1022K 1416      30K   782 5.82    5.72     7898  5101   39K   113 14.90   14.87  
c rst  luby svd  vmt  1565  1022K 1416      30K   782 5.82    5.72     7899  5103   40K   113 14.91   14.88  
c rst  luby svd  vmt  1566  1023K 1416      30K   782 5.82    5.72     7899  5110   40K   113 14.99   14.96  
c rst  luby svd  vmt  1567  1023K 1416      30K   782 5.82    5.72     7899  5111   40K   113 15.02   14.99  
c rst  luby svd  vmt  1568  1023K 1416      30K   782 5.82    5.72     7899  5112   41K   113 15.02   14.99  
c rst  luby svd  vmt  1569  1023K 1416      30K   782 5.82    5.72     7899  5113   41K   113 15.04   15.01  
c rst  luby svd  vmt  1570  1023K 1416      30K   782 5.82    5.72     7899  5116   41K   113 15.06   15.03  
c rst  luby svd  vmt  1571  1023K 1416      30K   782 5.82    5.72     7899  5117   41K   113 15.08   15.05  
c [distill-long-red0] cls tried: 365/365 T: 0.07 T-out: N T-r: 97.57%
c [distill-long-red1] cls tried: 24/4956 T: 0.01 T-out: Y T-r: -8.63%
c rst  luby svd  vmt  1572  1024K 1416      30K   782 5.82    5.72     7899  5117   41K   113 15.06   15.03  
c rst  luby svd  vmt  1573  1024K 1416      30K   782 5.82    5.72     7899  5117   42K   113 15.05   15.02  
c rst  luby svd  vmt  1574  1024K 1416      30K   782 5.82    5.72     7899  5117   42K   113 15.08   15.06  
c rst  luby svd  vmt  1575  1024K 1416      30K   782 5.82    5.72     7899  5118   42K   113 15.09   15.06  
c rst  luby svd  vmt  1576  1024K 1416      30K   782 5.82    5.72     7899  5118   42K   113 15.10   15.08  
c rst  luby svd  vmt  1577  1025K 1416      30K   782 5.82    5.72     7899  5118   42K   113 15.11   15.09  
c rst  luby svd  vmt  1578  1025K 1416      30K   782 5.82    5.72     7899  5118   42K   113 15.13   15.10  
c rst  luby svd  vmt  1579  1025K 1416      30K   782 5.82    5.72     7899  5119   42K   113 15.15   15.13  
c rst  luby svd  vmt  1580  1025K 1416      30K   782 5.82    5.72     7899  5124   43K   113 15.17   15.15  
c rst  luby svd  vmt  1581  1026K 1416      30K   782 5.82    5.72     7899  5130   44K   113 15.30   15.27  
c rst  luby svd  vmt  1582  1028K 1416      30K   782 5.82    5.72     7900  5137   45K   113 15.40   15.37  
c rst  luby svd  vmt  1583  1028K 1416      30K   782 5.82    5.72     7900  5137   45K   113 15.41   15.38  
c rst  luby svd  vmt  1584  1028K 1416      30K   782 5.82    5.72     7901  5144   45K   113 15.42   15.39  
c rst  luby svd  vmt  1585  1028K 1416      30K   782 5.82    5.72     7901  5146   46K   113 15.44   15.41  
c rst  luby svd  vmt  1586  1028K 1416      30K   782 5.82    5.72     7901  5146   46K   113 15.46   15.44  
c rst  luby svd  vmt  1587  1028K 1416      30K   782 5.82    5.72     7901  5147   46K   113 15.48   15.46  
c rst  luby svd  vmt  1588  1028K 1416      30K   782 5.82    5.72     7901  5149   46K   113 15.49   15.47  
c rst  luby svd  vmt  1589  1029K 1416      30K   782 5.82    5.72     7901  5150   46K   113 15.52   15.49  
c rst  luby svd  vmt  1590  1029K 1416      30K   782 5.82    5.72     7901  5154   46K   113 15.53   15.50  
c rst  luby svd  vmt  1591  1029K 1416      30K   782 5.82    5.72     7901  5155   47K   113 15.54   15.52  
c rst  luby svd  vmt  1592  1029K 1416      30K   782 5.82    5.72     7901  5156   47K   113 15.55   15.52  
c rst  luby svd  vmt  1593  1029K 1416      30K   782 5.82    5.72     7901  5156   47K   113 15.55   15.52  
c rst  luby svd  vmt  1594  1029K 1416      30K   782 5.82    5.72     7901  5156   47K   113 15.55   15.52  
c rst  luby svd  vmt  1595  1030K 1416      30K   782 5.82    5.72     7992  4298   48K   113 15.56   15.54  
c rst  luby svd  vmt  1596  1030K 1416      30K   782 5.82    5.72     7992  4303   48K   113 15.63   15.60  
c rst  luby svd  vmt  1597  1031K 1416      30K   782 5.82    5.72     7992  4305   49K   113 15.62   15.59  
c rst  luby svd  vmt  1598  1031K 1416      30K   782 5.82    5.72     7992  4305   49K   113 15.63   15.61  
c rst  luby svd  vmt  1599  1031K 1416      30K   782 5.82    5.72     7992  4308   49K   113 15.64   15.61  
c rst  luby svd  vmt  1600  1031K 1416      30K   782 5.82    5.72     7992  4308   50K   113 15.65   15.62  
c rst  luby svd  vmt  1601  1031K 1416      30K   782 5.82    5.72     7992  4308   50K   113 15.65   15.62  
c rst  luby svd  vmt  1602  1031K 1416      30K   782 5.82    5.72     7992  4308   50K   113 15.65   15.62  
c rst  luby svd  vmt  1603  1032K 1416      30K   782 5.82    5.72     7992  4311   50K   113 15.65   15.63  
c rst  geom best vmt  1604  1032K 1416      30K   782 5.82    5.72     7993  4312   50K   113 15.66   15.64  
c [distill-bin] useful: 0/782/782 lits-rem: 0 cl-rem: 0 0-depth-assigns: 0 T: 0.00 T-out: N
c rst  geom best vmt  1605  1032K 1416      30K   782 5.82    5.72     7993  4313   50K   113 15.69   15.67  
c rst  geom best vmt  1606  1032K 1416      30K   782 5.82    5.72     7993  4314   50K   113 15.70   15.68  
c rst  geom best vmt  1607  1032K 1416      30K   782 5.82    5.72     7993  4314   50K   113 15.71   15.69  
c rst  geom best vmt  1608  1032K 1416      30K   782 5.82    5.72     7993  4314   51K   113 15.72   15.69  
c rst  geom best vmt  1609  1033K 1416      30K   782 5.82    5.72     7993  4315   51K   113 15.74   15.72  
c rst  geom best vmt  1610  1033K 1416      30K   782 5.82    5.72     7994  4316   51K   113 15.75   15.73  
c rst  geom best vmt  1611  1033K 1416      30K   782 5.82    5.72     7994  4316   51K   113 15.74   15.71  
c rst  geom best vmt  1612  1033K 1416      30K   782 5.82    5.72     7994  4317   51K   113 15.75   15.73  
c rst  geom best vmt  1613  1033K 1416      30K   782 5.82    5.72     7994  4318   52K   113 15.76   15.73  
c rst  geom best vmt  1614  1034K 1416      30K   782 5.82    5.72     7994  4322   52K   113 15.78   15.76  
c rst  geom best vmt  1615  1034K 1416      30K   782 5.82    5.72     7994  4329   52K   113 15.80   15.78  
c rst  geom best vmt  1616  1034K 1416      30K   782 5.82    5.72     7994  4329   53K   113 15.85   15.82  
c rst  geom best vmt  1617  1035K 1416      30K   782 5.82    5.72     8029  4843   39K   113 16.00   15.97  
c rst  geom best vmt  1618  1035K 1416      30K   782 5.82    5.72     8029  4850   39K   113 16.14   16.11  
c rst  geom best vmt  1619  1036K 1416      30K   782 5.82    5.72     8029  4858   39K   113 16.19   16.16  
c rst  geom best vmt  1620  1036K 1416      30K   782 5.82    5.72     8029  4858   40K   113 16.19   16.16  
c [ccnr] saving best assignment phase to stable_polar
c [ccnr] bumping based on var unsat frequency: conflict_ct
c [ccnr] Bumped vars: 1419 bump type: 6
c [ccnr] time: 0.28
c rst  geom best vmt  1621  1037K 1416      30K   782 5.82    5.72     8029  4881   40K   113 16.43   16.40  
c rst  geom best vmt  1622  1037K 1416      30K   782 5.82    5.72     8029  4884   41K   113 16.69   16.66  
c rst  geom best vmt  1623  1038K 1416      30K   782 5.82    5.72     8029  4887   42K   113 17.03   17.00  
c rst  geom best vmt  1624  1039K 1416      30K   782 5.82    5.72     8029  4888   42K   113 17.29   17.26  
c [distill-long-red0] cls tried: 127/127 T: 0.03 T-out: N T-r: 99.18%
c [distill-long-red1] cls tried: 24/4743 T: 0.02 T-out: Y T-r: -5.72%
c rst  geom best vmt  1625  1039K 1416      30K   782 5.82    5.72     8029  4893   43K   113 17.54   17.51  
c rst  geom best vmt  1626  1040K 1416      30K   782 5.82    5.72     8136  4484   44K   113 17.69   17.66  
c rst  geom best vmt  1627  1041K 1416      30K   782 5.82    5.72     8136  4484   45K   113 17.88   17.85  
c [full-probe]  bin_only: 0 set: 0 repl: 0 T: 0.00 T-out: N T-r: 98.45%
c rst  geom best vmt  1628  1042K 1416      30K   782 5.82    5.72     8136  4488   46K   113 18.29   18.26  
c [gauss] XOR-encoding clauses are not detached, so no need to reattach them.
c [g 0] truth-find prop checks  : 3485K
c [g 0] -> of which prop        : 31.96 %
c [g 0] -> of which confl       :  1.31 %
c [g 0] elim called             : 312K
c [g 0] ---> which lead to prop : 31.28 %
c [g 0] ---> which lead to confl:  0.56 %
c [g 0] size: 70    x 507  
c [scc] new: 0 BP 0M T: 0.00
c [vrep] vars 0 lits 0 rem-bin-cls 0 rem-long-cls 0 BP 0M T: 0.00
c [intree] Set 0 vars hyper-added: 0 trans-irred: 0 trans-red: 0 T: 0.01 T-out: N T-r: -1.86%
c [find&init matx] performing matrix init
c [gauss] XOR-encoding clauses are not detached, so no need to reattach them.
c [xor-rem-unconnected] left with 833 xors from 834 non-empty xors T: 0.00
c [xor-together] xored together: 763 orig xors: 833 new xors: 70 T: 0.00
c [xor-rem-unconnected] left with 70 xors from 70 non-empty xors T: 0.00
c [xor-clean-equiv] removed equivalent xors: 0 left with: 70
c [matrix] unused xors from cleaning: 1
c [matrix] Good   matrix 0 70      x507    density:0.0957  xorlen avg: 48.51
c [matrix] Using 1 matrices recovered from 0 xors T: 0.00 T-out: N
c rst  geom best vmt  1629  1043K 1416      30K   782 5.82    5.72     8136  4495   48K   113 18.64   18.61  
c rst  geom best vmt  1630  1045K 1416      30K   782 5.82    5.72     8137  4496   49K   113 18.91   18.88  
c [distill] watch-based irred--  cl tried 9668     cl-sh 0     cl-rem 0    lit-rem 0      T: 0.02 T-out: Y
c [distill] watch-based red  --  cl tried 11155    cl-sh 0     cl-rem 0    lit-rem 0      T: 0.02 T-out: Y
c rst  geom best vmt  1631  1046K 1416      30K   782 5.82    5.72     8137  4504   50K   113 19.12   19.09  
c rst  geom best vmt  1632  1048K 1416      30K   782 5.82    5.72     8137  4518   52K   113 19.53   19.50  
c rst  geom stb  vmt  1633  1049K 1416      30K   782 5.82    5.72     8137  4522   53K   113 20.03   20.00  
c rst  geom stb  vmt  1634  1051K 1416      30K   782 5.82    5.72     8168  4501   40K   113 21.63   21.59  
c rst  geom stb  vmt  1635  1053K 1416      30K   782 5.82    5.72     8170  4512   42K   113 22.38   22.34  
c [distill-bin] useful: 0/782/782 lits-rem: 0 cl-rem: 0 0-depth-assigns: 0 T: 0.00 T-out: N
c rst  geom stb  vmt  1636  1056K 1416      30K   782 5.82    5.72     8170  4519   44K   113 23.54   23.50  
c [distill-long-red0] cls tried: 140/140 T: 0.02 T-out: N T-r: 99.37%
c [distill-long-red1] cls tried: 28/4381 T: 0.02 T-out: Y T-r: -7.57%
c rst  geom stb  vmt  1637  1058K 1416      30K   782 5.82    5.72     8170  4531   47K   113 24.26   24.22  
c rst  geom stb  vmt  1638  1061K 1416      30K   782 5.82    5.72     8195  4280   50K   113 25.16   25.12  
c rst  geom stb  vmt  1639  1064K 1416      30K   782 5.82    5.72     8196  4297   53K   113 26.00   25.96  
c [full-probe]  bin_only: 1 set: 0 repl: 0 T: 0.00 T-out: N T-r: 99.81%
c rst  geom ibes vmt  1640  1067K 1416      30K   782 5.82    5.72     8206  4510   41K   113 28.99   28.94  
c rst  geom ibes vmt  1641  1071K 1416      30K   782 5.82    5.72     8241  4048   45K   113 29.84   29.79  
c [distill-long-red0] cls tried: 70/70 T: 0.01 T-out: N T-r: 99.89%
c [distill-long-red1] cls tried: 30/3904 T: 0.02 T-out: Y T-r: -3.04%
c [distill] watch-based irred--  cl tried 9766     cl-sh 0     cl-rem 0    lit-rem 0      T: 0.01 T-out: N
c [distill] watch-based red  --  cl tried 15562    cl-sh 6     cl-rem 0    lit-rem 8      T: 0.02 T-out: Y
c rst  geom ibes vmt  1642  1075K 1416      30K   782 5.82    5.72     8241  4071   49K   113 30.33   30.28  
c [distill-bin] useful: 0/782/782 lits-rem: 0 cl-rem: 0 0-depth-assigns: 0 T: 0.00 T-out: N
c rst  geom ibes vmt  1643  1079K 1416      30K   782 5.82    5.72     8241  4090   53K   113 30.84   30.79  
c [impl-str] lit bin: 0 set-var: 0 T: 0.00 T-out: N T-r: 99.96% w-visit: 2838
c [impl-sub] bin: 0 T: 0.00 T-out: N w-visit: 2838
c rst  geom ibes vmt  1644  1084K 1416      30K   782 5.82    5.72     8289  3615   43K   113 32.71   32.65  
c [full-probe]  bin_only: 0 set: 0 repl: 0 T: 0.01 T-out: N T-r: 97.59%
c [ccnr] saving best assignment phase to stable_polar
c [ccnr] bumping based on var unsat frequency: conflict_ct
c [ccnr] Bumped vars: 1419 bump type: 6
c [ccnr] time: 0.27
c rst  geom svd  vmt  1645  1089K 1416      30K   782 5.82    5.72     8293  3678   49K   113 33.54   33.49  
c [distill-long-red0] cls tried: 57/57 T: 0.01 T-out: N T-r: 99.85%
c [distill-long-red1] cls tried: 29/3543 T: 0.02 T-out: Y T-r: -3.78%
c rst  geom svd  vmt  1646  1095K 1416      30K   782 5.82    5.72     8469  2986   40K   113 32.41   32.35  
c [distill-bin] useful: 0/782/782 lits-rem: 0 cl-rem: 0 0-depth-assigns: 0 T: 0.01 T-out: N
c rst  geom svd  vmt  1647  1101K 1416      30K   782 5.82    5.72     8507  2333   47K   113 33.56   33.50  
c [distill] watch-based irred--  cl tried 9766     cl-sh 0     cl-rem 0    lit-rem 0      T: 0.00 T-out: N
c [distill] watch-based red  --  cl tried 17014    cl-sh 34    cl-rem 0    lit-rem 48     T: 0.02 T-out: N
c rst  geom best vmt  1648  1108K 1416      30K   782 5.82    5.72     8510  2393   54K   113 34.21   34.15  
c [branch] adjusting to: vsid (from: vmtf) var_decay:0.95 descr: VSIDS
c [distill-long-red0] cls tried: 225/225 T: 0.02 T-out: N T-r: 99.46%
c [distill-long-red1] cls tried: 51/2303 T: 0.02 T-out: Y T-r: -3.22%
c [full-probe]  bin_only: 1 set: 0 repl: 0 T: 0.00 T-out: N T-r: 99.79%
c [gauss] XOR-encoding clauses are not detached, so no need to reattach them.
c [g 0] truth-find prop checks  : 1990K
c [g 0] -> of which prop        : 55.65 %
c [g 0] -> of which confl       :  1.43 %
c [g 0] elim called             : 133K
c [g 0] ---> which lead to prop : 79.85 %
c [g 0] ---> which lead to confl:  2.41 %
c [g 0] size: 70    x 507  
c [scc] new: 0 BP 0M T: 0.00
c [vrep] vars 0 lits 0 rem-bin-cls 0 rem-long-cls 0 BP 0M T: 0.01
c [intree] Set 0 vars hyper-added: 0 trans-irred: 0 trans-red: 0 T: 0.01 T-out: N T-r: -0.92%
c [find&init matx] performing matrix init
c [gauss] XOR-encoding clauses are not detached, so no need to reattach them.
c [xor-rem-unconnected] left with 833 xors from 834 non-empty xors T: 0.00
c [xor-together] xored together: 763 orig xors: 833 new xors: 70 T: 0.00
c [xor-rem-unconnected] left with 70 xors from 70 non-empty xors T: 0.00
c [xor-clean-equiv] removed equivalent xors: 0 left with: 70
c [matrix] unused xors from cleaning: 1
c [matrix] Good   matrix 0 70      x507    density:0.0957  xorlen avg: 48.51
c [matrix] Using 1 matrices recovered from 0 xors T: 0.00 T-out: N
c rst  geom best vs   1649  1109K 1416      30K   782 5.82    5.72     8510  2394   55K   113 34.18   34.12  
c rst  geom best vs   1650  1109K 1416      30K   782 5.82    5.72     8510  2397   55K   113 34.14   34.08  
c rst  geom best vs   1651  1109K 1416      30K   782 5.82    5.72     8511  2397   55K   113 34.10   34.05  
c rst  geom best vs   1652  1109K 1416      30K   782 5.82    5.72     8511  2397   55K   113 34.06   34.01  
c rst  geom best vs   1653  1109K 1416      30K   782 5.82    5.72     8511  2397   55K   113 34.04   33.98  
c rst  geom best vs   1654  1109K 1416      30K   782 5.82    5.72     8511  2398   55K   113 33.99   33.93  
c rst  geom best vs   1655  1110K 1416      30K   782 5.82    5.72     8528  2742   39K   113 31.54   31.47  
c rst  geom best vs   1656  1110K 1416      30K   782 5.82    5.72     8592  1816   40K   113 31.46   31.40  
c rst  geom best vs   1657  1110K 1416      30K   782 5.82    5.72     8592  1817   41K   113 31.41   31.35  
c rst  geom best vs   1658  1110K 1416      30K   782 5.82    5.72     8592  1820   41K   113 31.35   31.28  
c rst  geom best vs   1659  1111K 1416      30K   782 5.82    5.72     8592  1824   41K   113 31.26   31.19  
c rst  geom best vs   1660  1111K 1416      30K   782 5.82    5.72     8592  1826   41K   113 31.22   31.15  
c rst  geom best vs   1661  1111K 1416      30K   782 5.82    5.72     8592  1830   42K   113 31.14   31.08  
c rst  geom best vs   1662  1112K 1416      30K   782 5.82    5.72     8592  1840   42K   113 31.06   30.99  
c rst  geom best vs   1663  1112K 1416      30K   782 5.82    5.72     8592  1840   43K   113 30.92   30.86  
c rst  geom best vs   1664  1112K 1416      30K   782 5.82    5.72     8592  1848   43K   113 30.78   30.72  
c rst  geom best vs   1665  1113K 1416      30K   782 5.82    5.72     8592  1890   44K   113 30.61   30.55  
c rst  geom best vs   1666  1113K 1416      30K   782 5.82    5.72     8592  1894   44K   113 30.50   30.44  
c rst  geom best vs   1667  1114K 1416      30K   782 5.82    5.72     8592  1902   45K   113 30.40   30.34  
c rst  geom best vs   1668  1115K 1416      30K   782 5.82    5.72     8592  1911   45K   113 30.24   30.18  
c rst  geom best vs   1669  1115K 1416      30K   782 5.82    5.72     8592  1916   46K   113 30.12   30.07  
c [distill-bin] useful: 0/782/782 lits-rem: 0 cl-rem: 0 0-depth-assigns: 0 T: 0.00 T-out: N
c rst  geom best vs   1670  1116K 1416      30K   782 5.82    5.72     8592  1926   47K   113 30.04   29.99  
c rst  geom best vs   1671  1117K 1416      30K   782 5.82    5.72     8592  1939   48K   113 29.82   29.77  
c rst  geom best vs   1672  1118K 1416      30K   782 5.82    5.72     8592  1953   49K   113 29.54   29.49  
c rst  geom stb  vs   1673  1119K 1416      30K   782 5.82    5.72     8592  1958   50K   113 29.32   29.27  
c rst  geom stb  vs   1674  1120K 1416      30K   782 5.82    5.72     8640  1888   51K   113 29.17   29.12  
c rst  geom stb  vs   1675  1122K 1416      30K   782 5.82    5.72     8640  1910   52K   113 29.01   28.97  
c rst  geom stb  vs   1676  1123K 1416      30K   782 5.82    5.72     8640  1917   54K   113 28.71   28.66  
c rst  geom stb  vs   1677  1124K 1416      30K   782 5.82    5.72     8640  1923   55K   113 28.45   28.40  
c [distill-long-red0] cls tried: 130/130 T: 0.01 T-out: N T-r: 99.63%
c [distill-long-red1] cls tried: 39/1810 T: 0.02 T-out: Y T-r: -2.32%
c rst  geom stb  vs   1678  1126K 1416      30K   782 5.82    5.72     8761  2668   41K   113 25.64   25.59  
c rst  geom stb  vs   1679  1128K 1416      30K   782 5.82    5.72     8761  2784   42K   113 25.32   25.28  
c [distill] watch-based irred--  cl tried 9766     cl-sh 0     cl-rem 0    lit-rem 0      T: 0.01 T-out: N
c [distill] watch-based red  --  cl tried 15033    cl-sh 8     cl-rem 0    lit-rem 14     T: 0.02 T-out: Y
c [ccnr] saving best assignment phase to stable_polar
c [ccnr] bumping based on clause weights
c [ccnr] Bumped vars: 103 bump type: 6
c [ccnr] time: 0.26
c rst  geom stb  vs   1680  1130K 1416      30K   782 5.82    5.72     8841  2650   45K   113 24.92   24.88  
c [full-probe]  bin_only: 0 set: 0 repl: 0 T: 0.00 T-out: N T-r: 98.33%
c rst  geom stb  vs   1681  1132K 1416      30K   782 5.82    5.72     8842  2676   47K   113 24.65   24.61  
c rst  geom stb  vs   1682  1135K 1416      30K   782 5.82    5.72     8842  2679   49K   113 24.26   24.22  
c rst  geom ibes vs   1683  1138K 1416      30K   782 5.82    5.72     8843  2793   52K   113 23.76   23.73  
c [distill-bin] useful: 0/782/782 lits-rem: 0 cl-rem: 0 0-depth-assigns: 0 T: 0.00 T-out: N
c rst  geom ibes vs   1684  1141K 1416      30K   782 5.82    5.72     9083  4166   38K   113 17.95   17.91  
c [distill-long-red0] cls tried: 446/446 T: 0.06 T-out: N T-r: 97.63%
c [distill-long-red1] cls tried: 30/4018 T: 0.01 T-out: Y T-r: -7.06%
c [impl-str] lit bin: 0 set-var: 0 T: 0.00 T-out: N T-r: 99.97% w-visit: 2838
c [impl-sub] bin: 0 T: 0.00 T-out: N w-visit: 2838
c rst  geom ibes vs   1685  1144K 1416      30K   782 5.82    5.72     9108  5162   40K   115 17.48   17.44  
c rst  geom ibes vs   1686  1147K 1416      30K   782 5.82    5.72     9109  5261   44K   115 17.39   17.36  
c rst  geom ibes vs   1687  1151K 1416      30K   782 5.82    5.72     9347  5105   48K   115 17.47   17.45  
c [full-probe]  bin_only: 1 set: 0 repl: 0 T: 0.00 T-out: N T-r: 99.81%
c rst  geom svd  vs   1688  1156K 1416      30K   782 5.82    5.72     9437  7148   35K   115 13.84   13.81  
c [distill-long-red0] cls tried: 354/354 T: 0.04 T-out: N T-r: 98.77%
c [distill-long-red1] cls tried: 31/6970 T: 0.01 T-out: Y T-r: -4.67%
c [distill] watch-based irred--  cl tried 9722     cl-sh 81    cl-rem 48   lit-rem 83     T: 0.02 T-out: N
c [distill] watch-based red  --  cl tried 11477    cl-sh 194   cl-rem 379  lit-rem 249    T: 0.02 T-out: Y
c rst  geom svd  vs   1689  1161K 1416      30K   786 5.81    5.72     9019  6964   40K   254 14.23   14.17  
c [distill-bin] useful: 0/786/786 lits-rem: 0 cl-rem: 0 0-depth-assigns: 0 T: 0.00 T-out: N
c rst  geom svd  vs   1690  1166K 1416      30K   786 5.81    5.72     9021  7252   45K   254 14.18   14.13  
c rst  geom svd  vs   1691  1172K 1416      30K   786 5.81    5.72     9151  8362   37K   254 13.63   13.58  
c [distill-long-red0] cls tried: 425/425 T: 0.08 T-out: N T-r: 97.51%
c [distill-long-red1] cls tried: 26/8220 T: 0.02 T-out: Y T-r: -4.65%
c [full-probe]  bin_only: 0 set: 0 repl: 0 T: 0.00 T-out: N T-r: 98.65%
c rst  geom best vs   1692  1178K 1416      30K   786 5.81    5.72     9153  8802   43K   254 13.52   13.47  
c [gauss] XOR-encoding clauses are not detached, so no need to reattach them.
c [g 0] truth-find prop checks  : 4032K
c [g 0] -> of which prop        : 30.31 %
c [g 0] -> of which confl       :  1.23 %
c [g 0] elim called             : 383K
c [g 0] ---> which lead to prop : 32.15 %
c [g 0] ---> which lead to confl:  0.59 %
c [g 0] size: 70    x 507  
c [scc] new: 0 BP 0M T: 0.00
c [vrep] vars 0 lits 0 rem-bin-cls 0 rem-long-cls 0 BP 0M T: 0.00
c [intree] Set 0 vars hyper-added: 0 trans-irred: 0 trans-red: 0 T: 0.00 T-out: N T-r: -1.94%
c [find&init matx] performing matrix init
c [gauss] XOR-encoding clauses are not detached, so no need to reattach them.
c [xor-rem-unconnected] left with 833 xors from 834 non-empty xors T: 0.00
c [xor-together] xored together: 763 orig xors: 833 new xors: 70 T: 0.00
c [xor-rem-unconnected] left with 70 xors from 70 non-empty xors T: 0.00
c [xor-clean-equiv] removed equivalent xors: 0 left with: 70
c [matrix] unused xors from cleaning: 1
c [matrix] Good   matrix 0 70      x507    density:0.0957  xorlen avg: 48.51
c [matrix] Using 1 matrices recovered from 0 xors T: 0.00 T-out: N
c [ccnr] saving best assignment phase to stable_polar
c [ccnr] bumping based on var unsat frequency: conflict_ct
c [ccnr] Bumped vars: 1419 bump type: 6
c [ccnr] time: 0.26
c rst  geom best vs   1693  1185K 1416      30K   786 5.81    5.72     9369 10244   36K   254 13.05   13.00  
c [distill-bin] useful: 0/786/786 lits-rem: 0 cl-rem: 0 0-depth-assigns: 0 T: 0.00 T-out: N
c [distill] watch-based irred--  cl tried 9664     cl-sh 0     cl-rem 2    lit-rem 0      T: 0.01 T-out: N
c [distill] watch-based red  --  cl tried 10824    cl-sh 120   cl-rem 32   lit-rem 181    T: 0.02 T-out: Y
c rst  geom best vs   1694  1193K 1416      30K   786 5.81    5.72     9558 10592   43K   254 13.45   13.41  
c [distill-long-red0] cls tried: 543/543 T: 0.11 T-out: N T-r: 95.99%
c [distill-long-red1] cls tried: 28/10458 T: 0.01 T-out: Y T-r: -7.69%
c [full-probe]  bin_only: 1 set: 0 repl: 0 T: 0.00 T-out: N T-r: 99.78%
c rst  geom stb  vs   1695  1202K 1416      30K   786 5.81    5.72     9893 13598   35K   257 12.40   12.36  
c [impl-str] lit bin: 0 set-var: 0 T: 0.00 T-out: N T-r: 99.96% w-visit: 2838
c [impl-sub] bin: 141 T: 0.00 T-out: N w-visit: 2838
c rst  geom stb  vs   1696  1211K 1415      30K   786 5.81    5.72    10486 14256   43K   129 12.22   12.20  
c [distill-long-red0] cls tried: 466/466 T: 0.04 T-out: N T-r: 98.76%
c [distill-long-red1] cls tried: 60/8243 T: 0.02 T-out: Y T-r: -3.14%
c [distill-bin] useful: 0/786/786 lits-rem: 0 cl-rem: 0 0-depth-assigns: 0 T: 0.00 T-out: N
c [distill] watch-based irred--  cl tried 8914     cl-sh 233   cl-rem 151  lit-rem 251    T: 0.01 T-out: N
c [distill] watch-based red  --  cl tried 16729    cl-sh 774   cl-rem 571  lit-rem 985    T: 0.02 T-out: Y
c rst  geom ibes vs   1697  1220K 929     10499  1461 5.04    4.67     1811    18    52   198 5.10    4.80   
c ------- FINAL TOTAL SEARCH STATS ---------
c UIP search time          : 110.18      (98.16     % time)
c All times are for this thread only except if explicitly specified
c restarts                 : 1697        (719.42    confls per restart)
c blocked restarts         : 0           (0.00      per normal restart)
c time                     : 110.18      
c decisions                : 1285909     (0.00      % random)
c propagations             : 52M         (474K      props/s)
c decisions/conflicts      : 1.05        
c conflicts                : 1220860     
c LEARNT stats
c units learnt             : 16          (0.00      % of conflicts)
c bins learnt              : 152         (0.01      % of conflicts)
c long learnt              : 1223468     (100.21    % of conflicts)
c red which0               : 1207        (0.10      % of confl)
c SEAMLESS HYPERBIN&TRANS-RED stats
c advProp called           : 0           
c hyper-bin add bin        : 0           (0.00      bin/call)
c trans-red rem irred bin  : 0           (0.00      bin/call)
c trans-red rem red bin    : 0           (0.00      bin/call)
c CONFL LITS stats
c orig                     : 254973182   (208.85    lit/confl)
c recurs-min effective     : 1180564     (96.70     % attempt successful)
c recurs-min lits          : 217213631   (85.19     % less overall)
c permDiff call%           : 1.76        (0.00      % attempt successful)
c permDiff lits-rem        : 0           (0.00      less lits/cl on attempts)
c further-min call%        : 0.03        (33.07     % attempt successful)
c bintri-min lits          : 357         (0.00      % less overall)
c final avg                : 30.93       
c all-threads sum CPU time : 110.18       s
c PROP stats
c Mbogo-props              : 191.67      (1.74      / sec)
c MHyper-props             : 0.06        (0.00      / sec)
c Mprops                   : 52.32       (0.47      / sec)
c -------- OccSimplifier STATS ----------
c time                     : 2.21        (0.00      % var-elim)
c called                   : 6           (0.37      s per call)
c 0-depth assigns          : 0           (0.00      % vars)
c -------- OccSimplifier STATS END ----------
c -------- SubsumeStrengthen STATS ----------
c cl-subs                  : 4949         Clauses
c cl-str rem lit           : 1101         Lits
c cl-sub T                 : 0.28         s
c cl-str T                 : 1.72         s
c -------- SubsumeStrengthen STATS END ----------
c ----- SCC STATS --------
c time                     : 0.00        (0.00      per call)
c called                   : 33          (0.36      new found per call)
c found                    : 12          (50.00     % of all found)
c bogoprops                : 1345303     % of all found
c ----- SCC STATS END --------
c --------- VAR REPLACE STATS ----------
c time                     : 0.14        (0.01      per call)
c trees' crown             : 11          (0.42      % of vars)
c 0-depth assigns          : 0           (0.00      % vars)
c lits replaced            : 27567       
c bin cls removed          : 58          
c long cls removed         : 116         
c long lits removed        : 3080        
c bogoprops                : 5391731     
c --------- VAR REPLACE STATS END ----------
c vrep replace time        : 0.14        (0.12      % time)
c vrep tree roots          : 5           
c vrep trees' crown        : 11          (2.20      leafs/tree)
c -------- DISTILL-BIN STATS --------
c time                     : 0.32        (0.01      per call)
c timed out                : 0           (0.00      % of calls)
c distill/checked/potential: 0          /48770/48770
c lits-rem                 : 0           
c 0-depth-assigns          : 0           (0.00      % of vars)
c -------- DISTILL STATS END --------
c -------- STRENGTHEN STATS --------
c --> watch-based on irred cls
c time                     : 0.34        (0.00      s/call)
c shrinked/tried/total     : 467        /373509/2564633
c subsumed/tried/total     : 364        /373509/2564633
c lits-rem                 : 493         (0.03      % of lits tried)
c called                   : 92          (1093.48   % ran out of time)
c --> watch-based on red cls
c time                     : 0.41        (0.00      s/call)
c shrinked/tried/total     : 1812       /362539/394952
c subsumed/tried/total     : 990        /362539/394952
c lits-rem                 : 2724        (0.10      % of lits tried)
c called                   : 92          (35231.52  % ran out of time)
c -------- STRENGTHEN STATS END --------
c -------- IMPLICIT SUB  STATS --------
c time                     : 0.03        (0.00      per call)
c timed out                : 0           (0.00      % of calls)
c rem bins                 : 172         
c -------- IMPLICIT SUB STATS END --------
c Mem used                 : 67          MB
c Mem for longclauses      : 1           MB (1.68      %)
c Mem for watch alloc      : 20          MB (31.19     %)
c Mem for watch array      : 0           MB (0.10      %)
c Mem for assings&vardata  : 0           MB (0.11      %)
c Mem for search&solve     : 0           MB (0.27      %)
c Mem for renumberer       : 0           MB (0.04      %)
c Mem for occsimplifier    : 1           MB (1.58      %)
c Mem for varReplacer&SCC  : 0           MB (0.08      %)
c Mem for impl subsume     : 0           MB (0.00      %)
c Mem for 3 distills       : 0           MB (0.00      %)
c Accounted for mem (rss)  : 35.05       %
c Accounted for mem (vm)   : 32.02       %
c restarts                 : 1697        (719.42    confls per restart)
c blocked restarts         : 0           (0.00      per normal restart)
c time                     : 110.18      
c decisions                : 1285909     (0.00      % random)
c propagations             : 52M         (474K      props/s)
c decisions/conflicts      : 1.05        
c conflicts                : 1220860     
c conf lits non-minim      : 254973182   (208.85    lit/confl)
c conf lits final          : 30.93       
c red which0               : 1207        (0.10      % of confl)
c props/decision           : 0.00        
c props/conflict           : 0.00        
c 0-depth assigns          : 489         (34.46     % vars)
c 0-depth assigns by CNF   : 0           (0.00      % vars)
c reduceDB time            : 0.29        (0.26      % time)
c OccSimplifier time       : 2.21        (1.97      % time)
c [occur] 0.18 is overhead
c [occur] link-in T: 0.15 cleanup T: 0.04
c [occ-substr] long subBySub: 4776 subByStr: 173 lits-rem-str: 1101 T: 1.99
c SCC time                 : 0.00        (0.00      % time)
c [scc] new: 12 BP 1M  T: 0.00
c vrep replace time        : 0.14        (0.12      % time)
c vrep tree roots          : 5           
c vrep trees' crown        : 11          (2.20      leafs/tree)
c distill long time        : 2.02        (1.80      % time)
c distill bin time         : 0.32        (0.29      % time)
c strength cache-irred time: 0.34        (0.30      % time)
c strength cache-red time  : 0.41        (0.37      % time)
c avg cls in red 0         : 4329.70     
c avg cls in red 1         : 2159.07     
c avg cls in red 2         : 43455.64    
c Conflicts in UIP         : 1220860     (10876.25  confl/time_this_thread)
c Max Memory (rss) used    : 68976 kB    
c Total time (this thread) : 112.25      
s UNSATISFIABLE
c [g 0] truth-find prop checks  : 2508K
c [g 0] -> of which prop        : 29.51 %
c [g 0] -> of which confl       :  1.16 %
c [g 0] elim called             : 241K
c [g 0] ---> which lead to prop : 34.27 %
c [g 0] ---> which lead to confl:  0.61 %
c [g 0] size: 70    x 507  
