c BreakID not compiled in, disabling
c CryptoMiniSat version 5.11.15
c CMS Copyright (C) 2009-2020 Authors of CryptoMiniSat, see AUTHORS file
c CMS SHA revision 
c Using VMTF code by Armin Biere from CaDiCaL
c Using Yalsat by Armin Biere, see Balint et al. Improving implementation of SLS solvers [...], SAT'14
c Using WalkSAT by Henry Kautz, see Kautz and Selman Pushing the envelope: planning, propositional logic, and stochastic search, AAAI'96,
c CMS is MIT licensed
c Using code from 'When Boolean Satisfiability Meets Gauss-E. in a Simplex Way'
c       by C.-S. Han and J.-H. Roland Jiang in CAV 2012. Fixes by M. Soos
c Using CCAnr from 'CCAnr: A Conf. Checking Based Local Search Solver [...]'
c       by Shaowei Cai, Chuan Luo, and Kaile Su, SAT 2015
c CMS compilation env CMAKE_CXX_COMPILER = /usr/bin/c++ | COMPILE_DEFINES =  -DRDB0_ONLY_FEATURES -DBOOST_TEST_DYN_LINK -DUSE_ZLIB -DYALSAT_FPU | STATICCOMPILE = OFF | ONLY_SIMPLE = OFF | Boost_FOUND = TRUE | STATS = OFF | SQLITE3_FOUND =  | ZLIB_FOUND = TRUE | VALGRIND_FOUND =  | ENABLE_TESTING = OFF | SLOW_DEBUG = OFF | ENABLE_ASSERTIONS = ON | PYTHON_EXECUTABLE =  | PYTHON_LIBRARY =  | PYTHON_INCLUDE_DIRS =  | MY_TARGETS =  | LARGEMEM = OFF | LIMITMEM = OFF | BREAKID_LIBRARIES =  | BREAKID-VER = . | BOSPHORUS_LIBRARIES =  | BOSPH-VER = . | compilation date time = Mar 31 2024 17:57:30
c CMS compiled with gcc version 13.2.0
c Executed with command line: cryptominisat5 --verb 1 /workspace/inputs/TRIMOSKA-ECICB-2024/upstream/benchmarks/Xn19l6-6-S.dimacs
c Reading file '/workspace/inputs/TRIMOSKA-ECICB-2024/upstream/benchmarks/Xn19l6-6-S.dimacs'
c -- header says num vars:            767
c -- header says num clauses:        2416
c -- clauses added: 2364
c -- xor clauses added: 52
c -- vars added 767
c Parsing time: 0.00 s
c [find&init matx] performing matrix init
c [gauss] XOR-encoding clauses are not detached, so no need to reattach them.
c [xor-rem-unconnected] left with 50 xors from 50 non-empty xors T: 0.00
c [xor-together] xored together: 0 orig xors: 50 new xors: 50 T: 0.00
c [xor-rem-unconnected] left with 50 xors from 50 non-empty xors T: 0.00
c [xor-clean-equiv] removed equivalent xors: 0 left with: 50
c [matrix] unused xors from cleaning: 0
c [matrix] Good   matrix  0     50 x  765  density:0.1111  xorlen avg: 85.00
c [matrix] Using 1 matrices recovered from 0 xors T: 0.00 T-out: N
c [branch] adjusting to: vsid (from: vsid) var_decay:0.95 descr: VSIDS
c rst  geom  stb   vs     1   113    2801 17316  1652    3.97    3.80     0    28    69    16  140.21  120.64
c rst  geom  stb   vs     2   236    2801 17316  1652    3.97    3.80     1    39   180    16  106.72   99.62
c  res  pol bran  nres  conf freevar  IrrL  IrrB l/longC  l/allC RedL0 RedL1 RedL2  RedB l/longC  l/allC
c rst  geom  stb   vs     3   370    2801 17316  1652    3.97    3.80     1    39   314    16   89.65   85.86
c rst  geom  stb   vs     4   518    2801 17316  1652    3.97    3.80     1    39   459    19   82.94   79.97
c rst  geom  stb   vs     5   681    2801 17316  1652    3.97    3.80     1    39   622    19   75.29   73.25
c rst  geom  stb   vs     6   858    2801 17316  1652    3.97    3.80     1    39   798    20   77.23   75.47
c rst  geom  stb   vs     7  1052    2801 17316  1652    3.97    3.80     1    39   988    24   75.95   74.26
c rst  geom  stb   vs     8  1265    2801 17316  1652    3.97    3.80     1    39  1201    24   74.72   73.34
c rst  geom  stb   vs     9  1499    2801 17316  1652    3.97    3.80     1    39  1435    24   77.10   75.90
c rst  geom  stb   vs    10  1757    2801 17316  1652    3.97    3.80     1    39  1693    24   75.71   74.70
c rst  geom  stb   vs    11  2039    2801 17316  1652    3.97    3.80     1    39  1975    24   75.51   74.64
c rst  geom  stb   vs    12  2349    2801 17316  1652    3.97    3.80     1    39  2285    24   74.08   73.35
c rst  geom  stb   vs    13  2690    2801 17316  1652    3.97    3.80     1    39  2625    25   71.31   70.66
c rst  geom  stb   vs    14  3064    2801 17316  1652    3.97    3.80     1    39  2999    25   70.99   70.43
c rst  geom  stb   vs    15  3474    2801 17316  1652    3.97    3.80     1    39  3409    25   70.82   70.32
c rst  geom  stb   vs    16  3924    2801 17316  1652    3.97    3.80     1    39  3859    25   69.51   69.08
c rst  geom  stb   vs    17  4419    2801 17316  1652    3.97    3.80     1    39  4354    25   68.33   67.95
c rst  geom  stb   vs    18  4963    2801 17316  1652    3.97    3.80     1    39  4898    25   67.17   66.84
c rst  geom  stb   vs    19  5560    2801 17316  1652    3.97    3.80     1    39  5495    25   65.68   65.40
c [branch] adjusting to: vmtf (from: vsid) var_decay:0.95 descr: VMTF
c [distill-long-red0] cls tried: 1/1 T: 0.00 T-out: N T-r: 100.00%
c [distill-long-red1] cls tried: 39/39 T: 0.00 T-out: N T-r: 98.42%
c rst  luby ibes  vmt    20  5661    2801 17316  1652    3.97    3.80    14    76  5542    29   65.30   64.97
c rst  luby ibes  vmt    21  5762    2801 17316  1652    3.97    3.80    14    76  5643    29   64.86   64.55
c rst  luby ibes  vmt    22  5964    2801 17316  1652    3.97    3.80    14    76  5845    29   64.40   64.10
c rst  luby ibes  vmt    23  6065    2801 17316  1652    3.97    3.80    14    76  5945    30   64.17   63.87
c rst  luby ibes  vmt    24  6167    2801 17316  1652    3.97    3.80    14    76  6047    30   63.92   63.62
c rst  luby ibes  vmt    25  6368    2801 17316  1652    3.97    3.80    14    76  6248    30   63.42   63.13
c rst  luby ibes  vmt    26  6770    2801 17316  1652    3.97    3.80    14    76  6650    30   62.44   62.17
c rst  luby ibes  vmt    27  6872    2801 17316  1652    3.97    3.80    14    76  6752    30   62.49   62.22
c rst  luby ibes  vmt    28  6974    2801 17316  1652    3.97    3.80    14    76  6853    31   62.21   61.94
c rst  luby ibes  vmt    29  7176    2801 17316  1652    3.97    3.80    14    76  7055    31   61.81   61.56
c rst  luby ibes  vmt    30  7277    2801 17316  1652    3.97    3.80    14    76  7156    31   61.57   61.32
c rst  luby ibes  vmt    31  7378    2801 17316  1652    3.97    3.80    14    76  7257    31   61.62   61.37
c rst  luby ibes  vmt    32  7580    2801 17316  1652    3.97    3.80    14    76  7459    31   61.44   61.20
c rst  luby ibes  vmt    33  7982    2801 17316  1652    3.97    3.80    14    76  7861    31   60.61   60.38
c rst  luby ibes  vmt    34  8784    2801 17316  1652    3.97    3.80    14    76  8663    31   59.06   58.86
c rst  luby ibes  vmt    35  8885    2801 17316  1652    3.97    3.80    14    76  8764    31   59.01   58.81
c rst  luby ibes  vmt    36  8986    2801 17316  1652    3.97    3.80    14    76  8865    31   58.93   58.73
c rst  luby ibes  vmt    37  9188    2801 17316  1652    3.97    3.80    14    76  9067    31   58.63   58.44
c rst  luby ibes  vmt    38  9289    2801 17316  1652    3.97    3.80    14    76  9168    31   58.59   58.40
c rst  luby ibes  vmt    39  9391    2801 17316  1652    3.97    3.80    14    76  9270    31   58.40   58.21
c rst  luby ibes  vmt    40  9592    2801 17316  1652    3.97    3.80    14    76  9471    31   58.13   57.95
c rst  luby ibes  vmt    41  9994    2801 17316  1652    3.97    3.80    14    76  9873    31   57.91   57.73
c rst  luby ibes  vmt    42 10096    2801 17316  1652    3.97    3.80    45    45  9975    31   57.73   57.56
c rst  luby ibes  vmt    43 10197    2801 17316  1652    3.97    3.80    45    45 10076    31   57.62   57.45
c rst  luby ibes  vmt    44 10398    2801 17316  1652    3.97    3.80    45    45 10277    31   57.49   57.33
c rst  luby ibes  vmt    45 10500    2801 17316  1652    3.97    3.80    45    45 10379    31   57.36   57.19
c rst  luby ibes  vmt    46 10602    2801 17316  1652    3.97    3.80    45    45 10481    31   57.27   57.11
c rst  luby ibes  vmt    47 10803    2801 17316  1652    3.97    3.80    45    45 10682    31   57.09   56.93
c rst  luby  svd  vmt    48 11204    2801 17316  1652    3.97    3.80    45    45 11083    31   57.98   57.83
c rst  luby  svd  vmt    49 12006    2801 17316  1652    3.97    3.80    45    45 11885    31   57.01   56.87
c [branch] adjusting to: vsid (from: vmtf) var_decay:0.95 descr: VSIDS
c [distill-bin] useful: 4/1652/1652 lits-rem: 0 cl-rem: 4 0-depth-assigns: 0 T: 0.00 T-out: N
c rst  geom  svd   vs    50 12118    2801 17316  1648    3.97    3.80    45    45 11997    31   56.90   56.75
c rst  geom  svd   vs    51 12241    2801 17316  1648    3.97    3.80    45    45 12120    31   56.70   56.56
c rst  geom  svd   vs    52 12376    2801 17316  1648    3.97    3.80    45    45 12255    31   56.54   56.41
c rst  geom  svd   vs    53 12524    2801 17316  1648    3.97    3.80    45    45 12403    31   56.34   56.21
c rst  geom  svd   vs    54 12685    2801 17316  1648    3.97    3.80    45    45 12564    31   56.12   55.99
c rst  geom  svd   vs    55 12862    2801 17316  1648    3.97    3.80    45    45 12741    31   55.88   55.75
c rst  geom  svd   vs    56 13056    2801 17316  1648    3.97    3.80    45    45 12935    31   55.52   55.39
c rst  geom  svd   vs    57 13270    2801 17316  1648    3.97    3.80    45    45 13149    31   55.13   55.00
c rst  geom  svd   vs    58 13505    2801 17316  1648    3.97    3.80    45    45 13384    31   54.79   54.67
c rst  geom  svd   vs    59 13763    2801 17316  1648    3.97    3.80    45    45 13642    31   54.52   54.40
c rst  geom  svd   vs    60 14045    2801 17316  1648    3.97    3.80    45    45 13924    31   54.22   54.10
c rst  geom  svd   vs    61 14355    2801 17316  1648    3.97    3.80    45    45 14234    31   53.89   53.78
c rst  geom  svd   vs    62 14696    2801 17316  1648    3.97    3.80    45    45 14575    31   53.60   53.49
c rst  geom  svd   vs    63 15070    2801 17316  1648    3.97    3.80    45    55  8681    31   45.83   45.67
c rst  geom  svd   vs    64 15480    2801 17316  1648    3.97    3.80    45    55  9091    31   45.16   45.01
c rst  geom  svd   vs    65 15930    2801 17316  1648    3.97    3.80    45    55  9541    31   44.53   44.40
c rst  geom  svd   vs    66 16424    2801 17316  1648    3.97    3.80    45    55 10035    31   44.12   43.99
c rst  geom best   vs    67 16968    2801 17316  1648    3.97    3.80    45    55 10579    31   44.90   44.77
c rst  geom best   vs    68 17565    2801 17316  1648    3.97    3.80    50    76 11150    31   44.94   44.83
c rst  geom best   vs    69 18223    2801 17316  1648    3.97    3.80    50    76 11808    31   44.34   44.23
c [branch] adjusting to: vmtf (from: vsid) var_decay:0.95 descr: VMTF
c rst  luby best  vmt    70 18324    2801 17316  1648    3.97    3.80    50    76 11909    31   44.42   44.31
c rst  luby best  vmt    71 18425    2801 17316  1648    3.97    3.80    50    76 12010    31   44.39   44.29
c rst  luby best  vmt    72 18626    2801 17316  1648    3.97    3.80    50    76 12211    31   44.37   44.26
c rst  luby best  vmt    73 18728    2801 17316  1648    3.97    3.80    50    76 12313    31   44.30   44.19
c rst  luby best  vmt    74 18830    2801 17316  1648    3.97    3.80    50    76 12415    31   44.24   44.14
c rst  luby best  vmt    75 19031    2801 17316  1648    3.97    3.80    50    76 12616    31   44.40   44.30
c rst  luby best  vmt    76 19433    2801 17316  1648    3.97    3.80    50    76 13018    31   44.86   44.76
c rst  luby best  vmt    77 19535    2801 17316  1648    3.97    3.80    50    76 13120    31   44.83   44.73
c rst  luby best  vmt    78 19637    2801 17316  1648    3.97    3.80    50    76 13222    31   44.84   44.74
c rst  luby best  vmt    79 19839    2801 17316  1648    3.97    3.80    50    76 13424    31   44.75   44.65
c rst  luby best  vmt    80 19942    2801 17316  1648    3.97    3.80    50    76 13527    31   44.79   44.70
c rst  luby best  vmt    81   20K    2801 17316  1648    3.97    3.80    59    67 13629    31   44.87   44.77
c [full-probe]  bin_only: 1 set: 0 repl: 0 T: 0.00 T-out: N T-r: 99.87%
c rst  luby best  vmt    82   20K    2801 17316  1648    3.97    3.80    59    67 13830    37   45.00   44.88
c rst  luby best  vmt    83   20K    2801 17316  1648    3.97    3.80    59    67 14231    37   44.90   44.79
c [distill-long-red0] cls tried: 36/36 T: 0.00 T-out: N T-r: 99.94%
c [distill-long-red1] cls tried: 50/50 T: 0.00 T-out: N T-r: 68.34%
c rst  luby best  vmt    84   21K    2801 17316  1648    3.97    3.80    59    67 15034    37   44.89   44.79
c rst  luby best  vmt    85   21K    2801 17316  1648    3.97    3.80    59    67 15136    37   44.86   44.75
c rst  luby best  vmt    86   21K    2801 17316  1648    3.97    3.80    59    67 15239    37   44.87   44.76
c rst  luby  stb  vmt    87   21K    2801 17316  1648    3.97    3.80    59    67 15440    37   45.33   45.23
c rst  luby  stb  vmt    88   21K    2801 17316  1648    3.97    3.80    59    67 15541    37   45.44   45.34
c rst  luby  stb  vmt    89   22K    2801 17316  1648    3.97    3.80    59    67 15642    37   45.43   45.33
c rst  luby  stb  vmt    90   22K    2801 17316  1648    3.97    3.80    59    67 15844    37   45.49   45.39
c rst  luby  stb  vmt    91   22K    2801 17316  1648    3.97    3.80    59    67 16245    37   45.38   45.28
c rst  luby  stb  vmt    92   22K    2801 17316  1648    3.97    3.80    59    67 16347    37   45.41   45.31
c rst  luby  stb  vmt    93   22K    2801 17316  1648    3.97    3.80    59    67 16449    37   45.41   45.32
c rst  luby  stb  vmt    94   23K    2801 17316  1648    3.97    3.80    59    67 16651    37   45.66   45.56
c rst  luby  stb  vmt    95   23K    2801 17316  1648    3.97    3.80    59    67 16753    37   45.82   45.73
c rst  luby  stb  vmt    96   23K    2801 17316  1648    3.97    3.80    59    67 16855    37   45.86   45.77
c rst  luby  stb  vmt    97   23K    2801 17316  1648    3.97    3.80    59    67 17056    37   45.86   45.76
c rst  luby  stb  vmt    98   23K    2801 17316  1648    3.97    3.80    59    67 17457    37   46.14   46.05
c rst  luby  stb  vmt    99   24K    2801 17316  1648    3.97    3.80    65    72 18245    39   46.28   46.18
c rst  luby  stb  vmt   100   26K    2801 17316  1648    3.97    3.80    65    72 19847    39   46.65   46.56
c [branch] adjusting to: vsid (from: vmtf) var_decay:0.95 descr: VSIDS
c [distill] watch-based irred--  cl tried     1428 cl-sh     0 cl-rem    4 lit-rem      0 T: 0.00 T-out: N
c [distill] watch-based   red--  cl tried      130 cl-sh     9 cl-rem    0 lit-rem     38 T: 0.00 T-out: N
c rst  geom  stb   vs   101   26K    2801 17312  1652    3.97    3.80    65    73 19958    35   46.69   46.61
c rst  geom  stb   vs   102   26K    2801 17312  1652    3.97    3.80    67    73   20K    35   46.64   46.57
c rst  geom  stb   vs   103   26K    2801 17312  1652    3.97    3.80    67    73   20K    35   46.62   46.54
c rst  geom  stb   vs   104   26K    2801 17312  1652    3.97    3.80    68    74   20K    35   46.63   46.55
c rst  geom  stb   vs   105   26K    2801 17312  1652    3.97    3.80    68    74   20K    35   46.52   46.44
c rst  geom ibes   vs   106   27K    2801 17312  1652    3.97    3.80    68    74   20K    35   46.50   46.42
c rst  geom ibes   vs   107   27K    2801 17312  1652    3.97    3.80    68    75   20K    35   46.42   46.34
c rst  geom ibes   vs   108   27K    2801 17312  1652    3.97    3.80    68    75   21K    36   46.35   46.27
c rst  geom ibes   vs   109   27K    2801 17312  1652    3.97    3.80    68    75   21K    36   46.40   46.32
c rst  geom ibes   vs   110   28K    2801 17312  1652    3.97    3.80    68    75   21K    36   46.29   46.22
c rst  geom ibes   vs   111   28K    2801 17312  1652    3.97    3.80    68    75   21K    36   46.26   46.19
c rst  geom ibes   vs   112   28K    2801 17312  1652    3.97    3.80    69    75   22K    36   46.30   46.22
c rst  geom ibes   vs   113   28K    2801 17312  1652    3.97    3.80    70    76   22K    36   46.39   46.32
c rst  geom ibes   vs   114   29K    2801 17312  1652    3.97    3.80    70    77   22K    36   46.47   46.40
c rst  geom ibes   vs   115   29K    2801 17312  1652    3.97    3.80    70    77   23K    36   46.53   46.46
c rst  geom ibes   vs   116   30K    2801 17312  1652    3.97    3.80    77    81 14523    36   47.08   46.97
c rst  geom ibes   vs   117   30K    2801 17312  1652    3.97    3.80    77    81 15018    36   47.05   46.95
c rst  geom ibes   vs   118   31K    2801 17312  1652    3.97    3.80    77    81 15562    36   47.24   47.13
c rst  geom ibes   vs   119   31K    2801 17312  1652    3.97    3.80    77    81 16160    36   46.99   46.89
c rst  geom ibes   vs   120   32K    2801 17312  1652    3.97    3.80    78    81 16815    36   46.73   46.64
c [distill-bin] useful: 0/1652/1652 lits-rem: 0 cl-rem: 0 0-depth-assigns: 0 T: 0.00 T-out: N
c rst  geom  svd   vs   121   33K    2801 17312  1652    3.97    3.80    78    81 17537    36   46.13   46.04
c rst  geom  svd   vs   122   34K    2801 17312  1652    3.97    3.80    78    81 18331    36   45.97   45.89
c [branch] adjusting to: vmtf (from: vsid) var_decay:0.95 descr: VMTF
c rst  luby  svd  vmt   123   34K    2801 17312  1652    3.97    3.80    78    81 18433    36   45.96   45.87
c rst  luby  svd  vmt   124   34K    2801 17312  1652    3.97    3.80    78    81 18534    36   45.90   45.82
c rst  luby  svd  vmt   125   34K    2801 17312  1652    3.97    3.80    78    81 18735    36   45.81   45.72
c rst  luby  svd  vmt   126   34K    2801 17312  1652    3.97    3.80    78    81 18837    36   45.77   45.69
c rst  luby  svd  vmt   127   34K    2801 17312  1652    3.97    3.80    78    81 18939    36   45.75   45.66
c rst  luby  svd  vmt   128   34K    2801 17312  1652    3.97    3.80    78    81 19140    36   45.62   45.54
c rst  luby  svd  vmt   129   35K    2801 17312  1652    3.97    3.80    78    81 19542    36   45.12   45.04
c rst  luby  svd  vmt   130   35K    2801 17312  1652    3.97    3.80    78    81 19644    36   44.99   44.91
c rst  luby  svd  vmt   131   35K    2801 17312  1652    3.97    3.80    78    81 19746    36   44.87   44.79
c rst  luby  svd  vmt   132   35K    2801 17312  1652    3.97    3.80    78    81 19948    36   44.64   44.57
c rst  luby  svd  vmt   133   35K    2801 17312  1652    3.97    3.80    78    81   20K    36   44.57   44.49
c [distill-long-red0] cls tried: 27/27 T: 0.00 T-out: N T-r: 99.94%
c [distill-long-red1] cls tried: 15/15 T: 0.00 T-out: N T-r: 87.22%
c rst  luby  svd  vmt   134   35K    2801 17312  1652    3.97    3.80    78    81   20K    36   44.52   44.45
c rst  luby  svd  vmt   135   36K    2801 17312  1652    3.97    3.80    78    81   20K    36   44.46   44.38
c rst  luby  svd  vmt   136   36K    2801 17312  1652    3.97    3.80    78    81   20K    36   44.24   44.16
c rst  luby  svd  vmt   137   37K    2801 17312  1652    3.97    3.80    78    81   21K    36   43.70   43.63
c rst  luby  svd  vmt   138   37K    2801 17312  1652    3.97    3.80    78    81   21K    36   43.64   43.57
c rst  luby  svd  vmt   139   37K    2801 17312  1652    3.97    3.80    78    81   21K    36   43.57   43.50
c rst  luby  svd  vmt   140   37K    2801 17312  1652    3.97    3.80    78    81   21K    36   43.48   43.41
c rst  luby  svd  vmt   141   37K    2801 17312  1652    3.97    3.80    78    81   22K    36   43.42   43.35
c rst  luby  svd  vmt   142   37K    2801 17312  1652    3.97    3.80    78    81   22K    36   43.35   43.29
c rst  luby  svd  vmt   143   38K    2801 17312  1652    3.97    3.80    78    81   22K    36   43.62   43.55
c rst  geom best  vmt   144   38K    2801 17312  1652    3.97    3.80    78    81   22K    36   43.53   43.46
c rst  geom best  vmt   145   38K    2801 17312  1652    3.97    3.80    78    81   22K    36   43.45   43.38
c rst  geom best  vmt   146   38K    2801 17312  1652    3.97    3.80    78    81   22K    36   43.43   43.36
c rst  geom best  vmt   147   38K    2801 17312  1652    3.97    3.80    78    81   22K    36   43.30   43.23
c rst  geom best  vmt   148   38K    2801 17312  1652    3.97    3.80    78    81   23K    36   43.23   43.16
c rst  geom best  vmt   149   38K    2801 17312  1652    3.97    3.80    78    81   23K    36   43.13   43.07
c rst  geom best  vmt   150   39K    2801 17312  1652    3.97    3.80    78    81   23K    36   42.98   42.92
c rst  geom best  vmt   151   39K    2801 17312  1652    3.97    3.80    78    81   23K    36   42.88   42.82
c rst  geom best  vmt   152   39K    2801 17312  1652    3.97    3.80    78    81   23K    36   42.78   42.72
c rst  geom best  vmt   153   39K    2801 17312  1652    3.97    3.80    78    81   24K    36   42.71   42.65
c rst  geom best  vmt   154   40K    2801 17312  1652    3.97    3.80    79    80   24K    36   42.59   42.53
c [full-probe]  bin_only: 0 set: 0 repl: 0 T: 0.00 T-out: N T-r: 98.42%
c [impl-str] lit bin: 0 set-var: 0 T: 0.00 T-out: N T-r: 99.96% w-visit: 5602
c [impl-sub] bin: 26 T: 0.00 T-out: N w-visit: 5602
c rst  geom best  vmt   155   40K    2801 17312  1652    3.97    3.80    79    80   24K    10   42.48   42.46
c rst  geom best  vmt   156   40K    2801 17312  1652    3.97    3.80    79    80   25K    10   42.40   42.38
c rst  geom best  vmt   157   41K    2801 17312  1652    3.97    3.80    79    80   25K    10   42.26   42.24
c rst  geom best  vmt   158   41K    2801 17312  1652    3.97    3.80    79    80   25K    10   42.03   42.02
c rst  geom best  vmt   159   41K    2801 17312  1652    3.97    3.80    79    80   26K    10   41.81   41.80
c rst  geom best  vmt   160   42K    2801 17312  1652    3.97    3.80    79    80   26K    10   41.65   41.64
c [branch] adjusting to: vsid (from: vmtf) var_decay:0.95 descr: VSIDS
c rst  geom best   vs   161   42K    2801 17312  1652    3.97    3.80    79    80   26K    10   41.59   41.58
c rst  geom best   vs   162   42K    2801 17312  1652    3.97    3.80    79    80   27K    10   41.50   41.48
c rst  geom best   vs   163   42K    2801 17312  1652    3.97    3.80    79    80   27K    10   41.41   41.39
c rst  geom best   vs   164   42K    2801 17312  1652    3.97    3.80    79    80   27K    10   41.29   41.28
c rst  geom best   vs   165   43K    2801 17312  1652    3.97    3.80    79    80   27K    10   41.19   41.18
c rst  geom best   vs   166   43K    2801 17312  1652    3.97    3.80    79    80   27K    10   41.17   41.16
c rst  geom best   vs   167   43K    2801 17312  1652    3.97    3.80    79    80   27K    10   41.08   41.07
c rst  geom  stb   vs   168   43K    2801 17312  1652    3.97    3.80    79    80   28K    10   40.95   40.93
c rst  geom  stb   vs   169   43K    2801 17312  1652    3.97    3.80    79    80   28K    10   40.85   40.84
c rst  geom  stb   vs   170   44K    2801 17312  1652    3.97    3.80    79    80   28K    10   40.72   40.71
c [ccnr] tries: 0 steps: 262143 best found: 11
c [ccnr] tries: 0 steps: 524287 best found: 11
c [ccnr] tries: 0 steps: 786431 best found: 11
c [ccnr] saving best assignment phase to stable_polar
c [ccnr] bumping based on clause weights
c [ccnr] Bumped vars: 102 bump type: 6
c [ccnr] time: 0.40
c rst  geom  stb   vs   171   44K    2801 17312  1652    3.97    3.80    79    80   28K    10   40.64   40.63
c rst  geom  stb   vs   172   44K    2801 17312  1652    3.97    3.80    79    80   29K    10   40.50   40.49
c rst  geom  stb   vs   173   45K    2801 17312  1652    3.97    3.80    79    81   24K    10   39.58   39.57
c rst  geom  stb   vs   174   45K    2801 17312  1652    3.97    3.80    79    81   24K    10   39.37   39.35
c rst  geom  stb   vs   175   45K    2801 17312  1652    3.97    3.80    79    81   25K    10   39.23   39.22
c rst  geom  stb   vs   176   46K    2801 17312  1652    3.97    3.80    79    81   25K    10   39.12   39.10
c rst  geom  stb   vs   177   46K    2801 17312  1652    3.97    3.80    79    81   26K    10   39.13   39.12
c rst  geom  stb   vs   178   47K    2801 17312  1652    3.97    3.80    79    81   26K    10   38.97   38.95
c rst  geom  stb   vs   179   48K    2801 17312  1652    3.97    3.80    79    81   27K    10   38.56   38.55
c rst  geom  stb   vs   180   48K    2801 17312  1652    3.97    3.80    79    81   27K    10   38.41   38.40
c rst  geom  stb   vs   181   49K    2801 17312  1652    3.97    3.80    79    81   28K    10   38.26   38.24
c rst  geom ibes   vs   182   50K    2801 17312  1652    3.97    3.80    80    80   29K    10   38.67   38.66
c [gauss] XOR-encoding clauses are not detached, so no need to reattach them.
c [g 0] truth-find prop checks  : 523K
c [g 0] -> of which prop        : 47.29 %
c [g 0] -> of which confl       :  4.73 %
c [g 0] elim called             : 74K
c [g 0] ---> which lead to prop : 35.06 %
c [g 0] ---> which lead to confl:  2.10 %
c [g 0] size: 50    x 765  
c [scc] new: 6 BP 0M T: 0.00
c [vrep] vars 6 lits 17661 rem-bin-cls 28 rem-long-cls 0 BP 0M T: 0.01
c [scc] new: 0 BP 0M T: 0.00
c [vrep] vars 0 lits 0 rem-bin-cls 0 rem-long-cls 0 BP 0M T: 0.00
c [intree] Set 0 vars hyper-added: 739 trans-irred: 0 trans-red: 5 T: 0.00 T-out: N T-r: -0.31%
c [find&init matx] performing matrix init
c [gauss] XOR-encoding clauses are not detached, so no need to reattach them.
c [xor-rem-unconnected] left with 50 xors from 50 non-empty xors T: 0.00
c [xor-together] xored together: 0 orig xors: 50 new xors: 50 T: 0.00
c [xor-rem-unconnected] left with 50 xors from 50 non-empty xors T: 0.00
c [xor-clean-equiv] removed equivalent xors: 0 left with: 50
c [matrix] unused xors from cleaning: 0
c [matrix] Good   matrix 0 50      x761    density:0.1106  xorlen avg: 84.16
c [matrix] Using 1 matrices recovered from 0 xors T: 0.00 T-out: N
c rst  geom ibes vs   183   51  K 2795    17312  1640 3.97    3.80       80    80   30K   740 38.87   38.00  
c [distill-long-red0] cls tried: 0/0 T: 0.00 T-out: N T-r: 100.00%
c [distill-long-red1] cls tried: 1/1 T: 0.00 T-out: N T-r: 98.55%
c rst  geom ibes vs   184   52  K 2795    17312  1640 3.97    3.80       80    80   31K   740 39.12   38.27  
c [distill] watch-based irred--  cl tried 1424     cl-sh 0     cl-rem 0    lit-rem 0      T: 0.00 T-out: N
c [distill] watch-based red  --  cl tried 160      cl-sh 6     cl-rem 0    lit-rem 24     T: 0.00 T-out: N
c rst  geom ibes vs   185   53  K 2795    17312  1640 3.97    3.80       80    80   32K   740 39.35   38.52  
c [branch] adjusting to: vmtf (from: vsid) var_decay:0.95 descr: VMTF
c [distill-bin] useful: 0/1640/1640 lits-rem: 0 cl-rem: 0 0-depth-assigns: 0 T: 0.00 T-out: N
c rst  luby ibes vmt  186   53  K 2795    17312  1640 3.97    3.80       80    94   32K   740 39.48   38.65  
c rst  luby ibes vmt  187   53  K 2795    17312  1640 3.97    3.80       84   104   32K   740 39.56   38.73  
c rst  luby ibes vmt  188   53  K 2795    17312  1640 3.97    3.80       84   110   32K   740 39.69   38.86  
c rst  luby ibes vmt  189   53  K 2795    17312  1640 3.97    3.80       84   112   32K   740 39.78   38.96  
c rst  luby ibes vmt  190   53  K 2795    17312  1640 3.97    3.80       84   116   32K   740 39.82   39.00  
c rst  luby ibes vmt  191   53  K 2795    17312  1640 3.97    3.80       84   129   33K   740 39.91   39.08  
c rst  luby ibes vmt  192   54  K 2795    17312  1640 3.97    3.80       84   147   33K   740 40.20   39.39  
c rst  luby ibes vmt  193   54  K 2795    17312  1640 3.97    3.80       84   149   33K   740 40.22   39.40  
c rst  luby ibes vmt  194   54  K 2795    17312  1640 3.97    3.80       84   149   33K   740 40.28   39.47  
c rst  luby ibes vmt  195   54  K 2795    17312  1640 3.97    3.80       84   153   33K   740 40.37   39.56  
c rst  luby ibes vmt  196   54  K 2795    17312  1640 3.97    3.80       84   159   34K   740 40.42   39.61  
c rst  luby ibes vmt  197   54  K 2795    17312  1640 3.97    3.80       84   163   34K   740 40.47   39.66  
c rst  luby ibes vmt  198   55  K 2795    17312  1640 3.97    3.80       84   167   34K   740 40.56   39.76  
c rst  luby svd  vmt  199   55  K 2795    17312  1640 3.97    3.80       85   176   34K   740 41.14   40.33  
c rst  luby svd  vmt  200   56  K 2795    17312  1640 3.97    3.80       89   178   35K   740 41.37   40.57  
c recursive minimization cost OK: 233Kcost/(% lits removed)
c [gauss] XOR-encoding clauses are not detached, so no need to reattach them.
c [g 0] truth-find prop checks  : 115K
c [g 0] -> of which prop        : 40.59 %
c [g 0] -> of which confl       :  3.39 %
c [g 0] elim called             : 19308
c [g 0] ---> which lead to prop :  9.21 %
c [g 0] ---> which lead to confl:  0.46 %
c [g 0] size: 50    x 761  
c --> Executing strategy token: scc-vrepl
c [scc] new: 0 BP 0M T: 0.00
c --> Executing strategy token: sub-impl
c [impl-sub] bin: 0 T: 0.00 T-out: N w-visit: 5602
c --> Executing strategy token: breakid
c --> Executing OCC strategy token(s): 'occ-backw-sub-str,occ-clean-implicit,occ-bve,occ-bva,occ-ternary-res,occ-xor,'
c [occ] mem usage for occur 1      MB
c [occ] Linked in IRRED BIN by default: 1640
c [occ] Linked in RED   BIN by default: 740
c [occ] mem usage for occur 0      MB
c Mem for watch alloc      : 3           MB (14.69     %)
c Mem for watch array      : 0           MB (0.81      %)
c --> Executing OCC strategy token: occ-backw-sub-str
c [occ-backw-sub-str-long-w-bins] subs: 0 str: 1 tried: 2380 0-depth ass: 0 T: 0.00 T-out: N T-r: 99.46%
c [occ-backw-sub-long-w-long] rem cl: 29 tried: 52865/52865 (100.0%) T: 0.00 T-out: N T-r: 96.74%
c [occ-backw-sub-str-long-w-long] sub: 0 str: 1 tried: 158595/52865 (300.0)  T: 0.04 T-out: N T-r: 89.68%
c --> Executing OCC strategy token: occ-clean-implicit
c --> Executing OCC strategy token: occ-bve
c [occ-empty-res] Empty resolvent elimed: 0 T: 0.00 T-out: N
c [occ-bve] iter v-elim 9
c cl_inc_rate=1.0, var_dec_rate=1.0 (grow=0)
c Reduced to 2786 vars, 18947 cls (grow=0)
c [occ-bve] iter v-elim 290
c cl_inc_rate=1.1, var_dec_rate=1.1 (grow=8)
c Reduced to 2496 vars, 20223 cls (grow=8)
c x n vars       : 2496
c #try to eliminate:  5827
c #var-elim        :   299
c #T-o: N
c #T-r: 99.99%
c #T  : 0.05
c [occur] 0.02 is overhead
c [occur] link-in T: 0.02 cleanup T: 0.00
c --> Executing OCC strategy token: occ-bva
c --> Executing OCC strategy token: occ-ternary-res
c [occ-ternary-res] Ternary res-tri: 56 res-bin: 0 sub: 0 str: 0 T: 0.00 T-out: N T-r: 99.40%
c --> Executing OCC strategy token: occ-xor
c [occ-xor] sort occur list T: 0.00
c [xor-clean-equiv] removed equivalent xors: 0 left with: 1922
c [occ-xor] found   1922 avg sz 4.0 min sz  4 max sz  5 T: 0.00 T-out: N T-r: 99.98%
c --> Executing strategy token: card-find
c --> Executing strategy token: cl-consolidate
c [mem] consolidate  old-sz: 8940K new-sz: 6512K new bits offs: 20 T: 0.00
c --> Executing strategy token: scc-vrepl
c [scc] new: 0 BP 0M T: 0.00
c --> Executing strategy token: renumber
c --> Executing strategy token: bosphorus
c --> Executing strategy token: louvain-comms
c [consolidate] mini T: 0.00
c global_timeout_multiplier: 3.3000
c [branch] rebuilding order heap for all branchings. Current branching: vmtf
c [find&init matx] performing matrix init
c [gauss] XOR-encoding clauses are not detached, so no need to reattach them.
c [xor-rem-unconnected] left with 1922 xors from 1922 non-empty xors T: 0.00
c [xor-together] xored together: 1875 orig xors: 1922 new xors: 47 T: 0.00
c [xor-rem-unconnected] left with 47 xors from 47 non-empty xors T: 0.00
c [xor-clean-equiv] removed equivalent xors: 0 left with: 47
c [matrix] unused xors from cleaning: 0
c [matrix] Good   matrix  0     47 x  461  density:0.1822  xorlen avg: 83.98
c [matrix] Using 1 matrices recovered from 0 xors T: 0.00 T-out: N
c rst  luby  svd  vmt   201   56K    2496 19345   878    4.11    4.02    52   136   31K    78   38.51   38.42
c rst  luby  svd  vmt   202   56K    2496 19345   878    4.11    4.02    52   136   31K    78   38.45   38.36
c rst  luby  svd  vmt   203   56K    2496 19345   878    4.11    4.02    52   141   31K    78   38.38   38.29
c rst  luby  svd  vmt   204   56K    2496 19345   878    4.11    4.02    52   141   31K    78   38.24   38.15
c rst  luby  svd  vmt   205   56K    2496 19345   878    4.11    4.02    52   142   31K    78   38.19   38.10
c rst  luby  svd  vmt   206   56K    2496 19345   878    4.11    4.02    52   144   31K    78   38.12   38.03
c [g  <0] Disabling GJ-elim in this round.  Usefulness was: 17.4674%  over 54141 calls
c rst  luby  svd  vmt   207   57K    2496 19345   878    4.11    4.02    52   150   31K    78   38.01   37.92
c rst  luby  svd  vmt   208   57K    2496 19345   878    4.11    4.02    52   150   32K    78   37.72   37.63
c rst  luby  svd  vmt   209   57K    2496 19345   878    4.11    4.02    52   150   32K    78   37.65   37.56
c rst  luby  svd  vmt   210   57K    2496 19345   878    4.11    4.02    52   151   32K    78   37.59   37.51
c rst  luby  svd  vmt   211   57K    2496 19345   878    4.11    4.02    54   158   32K    78   37.50   37.41
c rst  luby  svd  vmt   212   58K    2496 19345   878    4.11    4.02    54   160   32K    78   37.44   37.36
c rst  luby  svd  vmt   213   58K    2496 19345   878    4.11    4.02    54   161   32K    78   37.38   37.30
c rst  luby  svd  vmt   214   58K    2496 19345   878    4.11    4.02    55   168   33K    78   37.29   37.21
c rst  luby  svd  vmt   215   58K    2496 19345   878    4.11    4.02    59   184   33K    78   37.31   37.23
c rst  luby  svd  vmt   216   59K    2496 19345   878    4.11    4.02    60   195   34K    78   36.79   36.71
c rst  luby  svd  vmt   217   61K    2496 19345   878    4.11    4.02   116   246   25K    78   31.73   31.64
c [full-probe]  bin_only: 1 set: 0 repl: 0 T: 0.00 T-out: N T-r: 99.78%
c rst  geom best  vmt   218   61K    2496 19345   878    4.11    4.02   116   248   25K    80   31.68   31.59
c rst  geom best  vmt   219   61K    2496 19345   878    4.11    4.02   116   249   25K    80   31.65   31.56
c rst  geom best  vmt   220   61K    2496 19345   878    4.11    4.02   116   252   25K    80   31.64   31.55
c rst  geom best  vmt   221   61K    2496 19345   878    4.11    4.02   116   253   25K    80   31.59   31.50
c rst  geom best  vmt   222   61K    2496 19345   878    4.11    4.02   117   256   25K    80   31.52   31.43
c rst  geom best  vmt   223   61K    2496 19345   878    4.11    4.02   118   257   25K    80   31.43   31.34
c rst  geom best  vmt   224   62K    2496 19345   878    4.11    4.02   118   262   26K    80   31.42   31.33
c rst  geom best  vmt   225   62K    2496 19345   878    4.11    4.02   123   268   26K    80   31.83   31.75
c rst  geom best  vmt   226   62K    2496 19345   878    4.11    4.02   124   291   26K    80   31.86   31.77
c rst  geom best  vmt   227   62K    2496 19345   878    4.11    4.02   125   303   26K    80   32.01   31.92
c rst  geom best  vmt   228   63K    2496 19345   878    4.11    4.02   127   326   27K    80   32.15   32.06
c [branch] adjusting to: vsid (from: vmtf) var_decay:0.95 descr: VSIDS
c rst  geom best   vs   229   63K    2496 19345   878    4.11    4.02   129   345   27K    80   32.17   32.08
c rst  geom best   vs   230   63K    2496 19345   878    4.11    4.02   130   356   27K    80   32.28   32.19
c rst  geom best   vs   231   63K    2496 19345   878    4.11    4.02   131   359   27K    80   32.26   32.18
c rst  geom best   vs   232   63K    2496 19345   878    4.11    4.02   133   365   27K    80   32.27   32.18
c rst  geom best   vs   233   63K    2496 19345   878    4.11    4.02   135   368   27K    80   32.40   32.31
c rst  geom best   vs   234   64K    2496 19345   878    4.11    4.02   138   382   27K    80   32.43   32.35
c rst  geom best   vs   235   64K    2496 19345   878    4.11    4.02   139   397   28K    80   32.44   32.36
c rst  geom best   vs   236   64K    2496 19345   878    4.11    4.02   143   412   28K    80   32.45   32.36
c rst  geom best   vs   237   64K    2496 19345   878    4.11    4.02   146   416   28K    80   32.62   32.53
c rst  geom best   vs   238   64K    2496 19345   878    4.11    4.02   147   423   28K    80   32.60   32.51
c rst  geom best   vs   239   65K    2496 19345   878    4.11    4.02   147   430   28K    80   32.65   32.57
c rst  geom best   vs   240   65K    2496 19345   878    4.11    4.02   147   435   29K    80   32.83   32.75
c rst  geom best   vs   241   65K    2496 19345   878    4.11    4.02   148   446   29K    80   32.80   32.72
c rst  geom best   vs   242   66K    2496 19345   878    4.11    4.02   149   458   29K    80   33.12   33.04
c [distill-long-red0] cls tried: 98/98 T: 0.00 T-out: N T-r: 99.89%
c [distill-long-red1] cls tried: 139/372 T: 0.00 T-out: Y T-r: -1.01%
c rst  geom best   vs   243   66K    2496 19345   878    4.11    4.02   149   467   30K    80   33.20   33.12
c rst  geom best   vs   244   67K    2496 19345   878    4.11    4.02   152   477   30K    80   33.30   33.22
c rst  geom  stb   vs   245   67K    2496 19345   878    4.11    4.02   165   497   31K    80   33.55   33.47
c rst  geom  stb   vs   246   68K    2496 19345   878    4.11    4.02   170   538   31K    80   33.63   33.55
c rst  geom  stb   vs   247   68K    2496 19345   878    4.11    4.02   172   556   32K    80   33.72   33.65
c rst  geom  stb   vs   248   69K    2496 19345   878    4.11    4.02   180   591   32K    80   33.79   33.71
c rst  geom  stb   vs   249   70K    2496 19345   878    4.11    4.02   403   400   33K    80   33.87   33.80
c rst  geom  stb   vs   250   70K    2496 19345   878    4.11    4.02   405   433   34K    80   33.89   33.82
c rst  geom  stb   vs   251   71K    2496 19345   878    4.11    4.02   405   443   35K    80   34.18   34.11
c rst  geom  stb   vs   252   72K    2496 19345   878    4.11    4.02   410   464   36K    80   34.28   34.21
c rst  geom  stb   vs   253   73K    2496 19345   878    4.11    4.02   411   469   37K    80   34.53   34.46
c [distill-bin] useful: 0/878/878 lits-rem: 0 cl-rem: 0 0-depth-assigns: 0 T: 0.00 T-out: N
c rst  geom ibes   vs   254   74K    2496 19345   878    4.11    4.02   421   516   38K    80   35.10   35.03
c [branch] adjusting to: vmtf (from: vsid) var_decay:0.95 descr: VMTF
c rst  luby ibes  vmt   255   75K    2496 19345   878    4.11    4.02   450   877   30K    80   35.53   35.44
c rst  luby ibes  vmt   256   75K    2496 19345   878    4.11    4.02   452   885   30K    80   35.59   35.51
c rst  luby ibes  vmt   257   75K    2496 19345   878    4.11    4.02   457   895   30K    80   35.60   35.52
c rst  luby ibes  vmt   258   75K    2496 19345   878    4.11    4.02   458   904   30K    80   35.62   35.53
c rst  luby ibes  vmt   259   75K    2496 19345   878    4.11    4.02   458   907   30K    80   35.63   35.54
c rst  luby ibes  vmt   260   75K    2496 19345   878    4.11    4.02   463   914   30K    80   35.67   35.59
c rst  luby ibes  vmt   261   76K    2496 19345   878    4.11    4.02   464   935   31K    80   35.70   35.62
c rst  luby ibes  vmt   262   76K    2496 19345   878    4.11    4.02   466   946   31K    80   35.68   35.60
c rst  luby ibes  vmt   263   76K    2496 19345   878    4.11    4.02   466   948   31K    80   35.69   35.61
c rst  luby ibes  vmt   264   76K    2496 19345   878    4.11    4.02   469   963   31K    80   35.67   35.59
c rst  luby ibes  vmt   265   76K    2496 19345   878    4.11    4.02   470   976   31K    80   35.66   35.58
c rst  luby ibes  vmt   266   76K    2496 19345   878    4.11    4.02   471   982   31K    80   35.70   35.62
c rst  luby ibes  vmt   267   76K    2496 19345   878    4.11    4.02   473  1002   31K    80   35.68   35.60
c rst  luby ibes  vmt   268   77K    2496 19345   878    4.11    4.02   474  1017   32K    80   35.75   35.67
c [distill] watch-based irred--  cl tried     7641 cl-sh   139 cl-rem  153 lit-rem    145 T: 0.00 T-out: N
c [distill] watch-based   red--  cl tried      946 cl-sh   161 cl-rem    2 lit-rem    305 T: 0.00 T-out: N
c rst  luby ibes  vmt   269   78K    2496 19192   889    4.10    4.01   493  1047   33K    69   35.73   35.66
c rst  luby ibes  vmt   270   78K    2496 19192   889    4.10    4.01   494  1060   33K    69   35.73   35.66
c rst  luby ibes  vmt   271   78K    2496 19192   889    4.10    4.01   494  1066   33K    69   35.73   35.66
c rst  luby ibes  vmt   272   78K    2496 19192   889    4.10    4.01   495  1079   33K    69   35.70   35.64
c rst  luby ibes  vmt   273   78K    2496 19192   889    4.10    4.01   496  1081   33K    69   35.75   35.68
c rst  luby ibes  vmt   274   78K    2496 19192   889    4.10    4.01   497  1084   33K    69   35.79   35.73
c rst  luby ibes  vmt   275   78K    2496 19192   889    4.10    4.01   499  1100   33K    69   35.76   35.70
c rst  luby ibes  vmt   276   79K    2496 19192   889    4.10    4.01   504  1125   34K    69   35.74   35.68
c rst  luby ibes  vmt   277   79K    2496 19192   889    4.10    4.01   504  1134   34K    69   35.78   35.72
c rst  luby ibes  vmt   278   79K    2496 19192   889    4.10    4.01   507  1144   34K    69   35.76   35.70
c rst  luby  svd  vmt   279   79K    2496 19192   889    4.10    4.01   507  1152   34K    69   35.82   35.76
c rst  luby  svd  vmt   280   79K    2496 19192   889    4.10    4.01   511  1157   34K    69   35.83   35.76
c rst  luby  svd  vmt   281   79K    2496 19192   889    4.10    4.01   514  1160   34K    69   35.81   35.75
c rst  luby  svd  vmt   282   80K    2496 19192   889    4.10    4.01   846   821   35K    69   35.81   35.75
c rst  luby  svd  vmt   283   80K    2496 19192   889    4.10    4.01   853   842   35K    69   35.72   35.66
c rst  luby  svd  vmt   284   81K    2496 19192   889    4.10    4.01   854   850   36K    69   35.64   35.58
c [distill-long-red0] cls tried: 708/708 T: 0.01 T-out: N T-r: 99.32%
c [distill-long-red1] cls tried: 92/659 T: 0.01 T-out: Y T-r: -1.91%
c [full-probe]  bin_only: 0 set: 0 repl: 0 T: 0.00 T-out: N T-r: 97.55%
c rst  luby  svd  vmt   285   82K    2496 19192   889    4.10    4.01   859   862   37K    71   35.40   35.34
c rst  luby  svd  vmt   286   83K    2496 19192   889    4.10    4.01   860   862   37K    71   35.40   35.34
c rst  luby  svd  vmt   287   83K    2496 19192   889    4.10    4.01   861   866   37K    71   35.39   35.33
c rst  luby  svd  vmt   288   83K    2496 19192   889    4.10    4.01   861   868   38K    71   35.39   35.33
c rst  luby  svd  vmt   289   83K    2496 19192   889    4.10    4.01   862   871   38K    71   35.37   35.31
c rst  luby  svd  vmt   290   83K    2496 19192   889    4.10    4.01   862   876   38K    71   35.38   35.32
c rst  luby  svd  vmt   291   83K    2496 19192   889    4.10    4.01   862   877   38K    71   35.38   35.32
c rst  luby  svd  vmt   292   84K    2496 19192   889    4.10    4.01   864   882   38K    71   35.41   35.35
c rst  luby  svd  vmt   293   84K    2496 19192   889    4.10    4.01   866   885   39K    71   35.38   35.33
c rst  luby  svd  vmt   294   84K    2496 19192   889    4.10    4.01   867   889   39K    71   35.38   35.33
c rst  luby  svd  vmt   295   84K    2496 19192   889    4.10    4.01   868   897   39K    71   35.36   35.30
c rst  luby  svd  vmt   296   84K    2496 19192   889    4.10    4.01   868   901   39K    71   35.36   35.30
c rst  luby  svd  vmt   297   84K    2496 19192   889    4.10    4.01   869   903   39K    71   35.36   35.31
c rst  luby  svd  vmt   298   85K    2496 19192   889    4.10    4.01   873   909   39K    71   35.35   35.30
c rst  luby  svd  vmt   299   85K    2496 19192   889    4.10    4.01   875   920   40K    71   35.30   35.25
c rst  luby  svd  vmt   300   86K    2496 19192   889    4.10    4.01   879   931   40K    71   35.29   35.24
c rst  geom best  vmt   301   86K    2496 19192   889    4.10    4.01   881   935   41K    71   35.33   35.28
c rst  geom best  vmt   302   86K    2496 19192   889    4.10    4.01   882   948   41K    71   35.32   35.26
c rst  geom best  vmt   303   86K    2496 19192   889    4.10    4.01   883   952   41K    71   35.39   35.34
c rst  geom best  vmt   304   86K    2496 19192   889    4.10    4.01   883   961   41K    71   35.37   35.32
c rst  geom best  vmt   305   86K    2496 19192   889    4.10    4.01   883   964   41K    71   35.38   35.32
c rst  geom best  vmt   306   87K    2496 19192   889    4.10    4.01   884   971   41K    71   35.39   35.34
c rst  geom best  vmt   307   87K    2496 19192   889    4.10    4.01   887   986   41K    71   35.35   35.30
c rst  geom best  vmt   308   87K    2496 19192   889    4.10    4.01   888   995   42K    71   35.43   35.37
c rst  geom best  vmt   309   87K    2496 19192   889    4.10    4.01   889  1009   42K    71   35.40   35.35
c [branch] adjusting to: vsid (from: vmtf) var_decay:0.95 descr: VSIDS
c rst  geom best   vs   310   87K    2496 19192   889    4.10    4.01   890  1009   42K    71   35.44   35.39
c rst  geom best   vs   311   87K    2496 19192   889    4.10    4.01   890  1010   42K    71   35.50   35.45
c rst  geom best   vs   312   88K    2496 19192   889    4.10    4.01   891  1013   42K    71   35.50   35.44
c rst  geom best   vs   313   88K    2496 19192   889    4.10    4.01   892  1015   42K    71   35.52   35.46
c [ccnr] tries: 0 steps: 262143 best found: 12
c [ccnr] tries: 0 steps: 524287 best found: 12
c [ccnr] saving best assignment phase to stable_polar
c [ccnr] bumping based on var unsat frequency: conflict_ct
c [ccnr] Bumped vars: 2801 bump type: 6
c [ccnr] time: 0.39
c rst  geom best   vs   314   88K    2496 19192   889    4.10    4.01   892  1020   42K    71   35.55   35.49
c rst  geom best   vs   315   88K    2496 19192   889    4.10    4.01   893  1027   43K    71   35.56   35.51
c rst  geom best   vs   316   88K    2496 19192   889    4.10    4.01   893  1037   43K    71   35.60   35.55
c rst  geom best   vs   317   88K    2496 19192   889    4.10    4.01   893  1043   43K    71   35.60   35.55
c rst  geom best   vs   318   89K    2496 19192   889    4.10    4.01   893  1049   43K    71   35.66   35.60
c rst  geom best   vs   319   89K    2496 19192   889    4.10    4.01   895  1052   44K    71   35.64   35.59
c rst  geom best   vs   320   89K    2496 19192   889    4.10    4.01   898  1055   44K    71   35.68   35.63
c rst  geom best   vs   321   90K    2496 19192   889    4.10    4.01  1147  1364   33K    71   36.19   36.12
c rst  geom best   vs   322   90K    2496 19192   889    4.10    4.01  1151  1374   33K    71   36.26   36.19
c rst  geom best   vs   323   90K    2496 19192   889    4.10    4.01  1152  1378   33K    71   36.26   36.19
c rst  geom best   vs   324   91K    2496 19192   889    4.10    4.01  1153  1391   34K    71   36.27   36.21
c rst  geom best   vs   325   91K    2496 19192   889    4.10    4.01  1153  1402   34K    71   36.25   36.19
c rst  geom best   vs   326   92K    2496 19192   889    4.10    4.01  1153  1405   35K    71   36.20   36.14
c rst  geom  stb   vs   327   92K    2496 19192   889    4.10    4.01  1155  1410   35K    71   36.35   36.28
c rst  geom  stb   vs   328   93K    2496 19192   889    4.10    4.01  1157  1414   36K    71   36.24   36.18
c rst  geom  stb   vs   329   93K    2496 19192   889    4.10    4.01  1163  1423   36K    71   36.20   36.14
c [distill-bin] useful: 0/889/889 lits-rem: 0 cl-rem: 0 0-depth-assigns: 0 T: 0.00 T-out: N
c rst  geom  stb   vs   330   94K    2496 19192   889    4.10    4.01  1165  1430   37K    71   36.04   35.98
c rst  geom  stb   vs   331   95K    2496 19192   889    4.10    4.01  1165  1432   38K    71   35.92   35.86
c rst  geom  stb   vs   332   96K    2496 19192   889    4.10    4.01  1169  1442   39K    71   35.72   35.66
c rst  geom  stb   vs   333   97K    2496 19192   889    4.10    4.01  1172  1449   40K    71   35.54   35.48
c [distill-long-red0] cls tried: 314/314 T: 0.01 T-out: N T-r: 99.56%
c [distill-long-red1] cls tried: 53/1170 T: 0.01 T-out: Y T-r: -2.88%
c rst  geom  stb   vs   334   98K    2496 19192   889    4.10    4.01  1173  1455   41K    71   35.42   35.37
c rst  geom ibes   vs   335   99K    2496 19192   889    4.10    4.01  1173  1468   42K    71   35.90   35.85
c rst  geom ibes   vs   336  100K    2496 19192   889    4.10    4.01  1317  1349   43K    71   36.15   36.10
c [impl-str] lit bin: 0 set-var: 0 T: 0.00 T-out: N T-r: 99.95% w-visit: 5602
c [impl-sub] bin: 4 T: 0.00 T-out: N w-visit: 5602
c rst  geom ibes   vs   337  102K    2496 19192   889    4.10    4.01  1320  1391   45K    67   36.23   36.18
c [branch] adjusting to: vmtf (from: vsid) var_decay:0.95 descr: VMTF
c [full-probe]  bin_only: 1 set: 0 repl: 0 T: 0.01 T-out: N T-r: 99.61%
c rst  luby ibes  vmt   338  102K    2496 19192   889    4.10    4.01  1331  1419   45K    70   36.20   36.15
c rst  luby ibes  vmt   339  102K    2496 19192   889    4.10    4.01  1331  1422   45K    70   36.24   36.19
c [distill] watch-based irred--  cl tried     7488 cl-sh     0 cl-rem    0 lit-rem      0 T: 0.01 T-out: N
c [distill] watch-based   red--  cl tried     2662 cl-sh   211 cl-rem    0 lit-rem    357 T: 0.00 T-out: N
c rst  luby ibes  vmt   340  102K    2496 19192   889    4.10    4.01  1331  1432   45K    70   36.22   36.17
c rst  luby ibes  vmt   341  102K    2496 19192   889    4.10    4.01  1332  1437   45K    70   36.23   36.18
c rst  luby ibes  vmt   342  102K    2496 19192   889    4.10    4.01  1334  1445   45K    70   36.22   36.17
c rst  luby ibes  vmt   343  102K    2496 19192   889    4.10    4.01  1334  1452   45K    70   36.27   36.22
c rst  luby ibes  vmt   344  103K    2496 19192   889    4.10    4.01  1334  1457   46K    70   36.38   36.33
c rst  luby ibes  vmt   345  103K    2496 19192   889    4.10    4.01  1335  1460   46K    70   36.38   36.33
c rst  luby ibes  vmt   346  103K    2496 19192   889    4.10    4.01  1335  1461   46K    70   36.38   36.33
c rst  luby ibes  vmt   347  103K    2496 19192   889    4.10    4.01  1336  1470   46K    70   36.36   36.31
c rst  luby ibes  vmt   348  103K    2496 19192   889    4.10    4.01  1336  1471   46K    70   36.36   36.31
c rst  luby ibes  vmt   349  104K    2496 19192   889    4.10    4.01  1336  1474   46K    70   36.35   36.30
c rst  luby ibes  vmt   350  104K    2496 19192   889    4.10    4.01  1337  1476   46K    70   36.37   36.32
c rst  luby ibes  vmt   351  104K    2496 19192   889    4.10    4.01  1342  1488   47K    70   36.31   36.26
c rst  luby  svd  vmt   352  105K    2496 19192   889    4.10    4.01  1374  1957   35K    70   36.64   36.58
c rst  luby  svd  vmt   353  105K    2496 19192   889    4.10    4.01  1374  1958   36K    70   36.64   36.58
c rst  luby  svd  vmt   354  105K    2496 19192   889    4.10    4.01  1374  1960   36K    70   36.62   36.56
c rst  luby  svd  vmt   355  105K    2496 19192   889    4.10    4.01  1374  1968   36K    70   36.58   36.52
c rst  luby  svd  vmt   356  105K    2496 19192   889    4.10    4.01  1374  1969   36K    70   36.56   36.50
c rst  luby  svd  vmt   357  106K    2496 19192   889    4.10    4.01  1374  1972   36K    70   36.55   36.49
c rst  luby  svd  vmt   358  106K    2496 19192   889    4.10    4.01  1374  1974   36K    70   36.52   36.46
c rst  luby  svd  vmt   359  106K    2496 19192   889    4.10    4.01  1375  1979   37K    70   36.51   36.45
c rst  luby  svd  vmt   360  106K    2496 19192   889    4.10    4.01  1377  1980   37K    70   36.50   36.44
c rst  luby  svd  vmt   361  106K    2496 19192   889    4.10    4.01  1377  1984   37K    70   36.48   36.42
c rst  luby  svd  vmt   362  107K    2496 19192   889    4.10    4.01  1377  1985   37K    70   36.46   36.40
c rst  luby  svd  vmt   363  107K    2496 19192   889    4.10    4.01  1378  1985   37K    70   36.44   36.39
c rst  luby  svd  vmt   364  107K    2496 19192   889    4.10    4.01  1378  1985   37K    70   36.42   36.37
c rst  luby  svd  vmt   365  107K    2496 19192   889    4.10    4.01  1379  1988   37K    70   36.38   36.32
c rst  luby  svd  vmt   366  107K    2496 19192   889    4.10    4.01  1381  1988   38K    70   36.26   36.21
c rst  luby  svd  vmt   367  108K    2496 19192   889    4.10    4.01  1386  1996   39K    70   36.09   36.03
c rst  luby  svd  vmt   368  110K    2496 19192   889    4.10    4.01  1554  1848   40K    70   35.66   35.61
c rst  luby  svd  vmt   369  110K    2496 19192   889    4.10    4.01  1554  1848   40K    70   35.65   35.60
c rst  luby  svd  vmt   370  110K    2496 19192   889    4.10    4.01  1554  1848   40K    70   35.63   35.58
c rst  luby  svd  vmt   371  110K    2496 19192   889    4.10    4.01  1554  1852   41K    70   35.61   35.55
c rst  luby  svd  vmt   372  110K    2496 19192   889    4.10    4.01  1556  1855   41K    70   35.59   35.54
c rst  geom best  vmt   373  110K    2496 19192   889    4.10    4.01  1556  1858   41K    70   35.62   35.57
c rst  geom best  vmt   374  110K    2496 19192   889    4.10    4.01  1557  1862   41K    70   35.61   35.55
c rst  geom best  vmt   375  111K    2496 19192   889    4.10    4.01  1557  1864   41K    70   35.63   35.58
c rst  geom best  vmt   376  111K    2496 19192   889    4.10    4.01  1557  1867   41K    70   35.63   35.57
c rst  geom best  vmt   377  111K    2496 19192   889    4.10    4.01  1557  1874   41K    70   35.64   35.59
c rst  geom best  vmt   378  111K    2496 19192   889    4.10    4.01  1557  1878   42K    70   35.62   35.57
c rst  geom best  vmt   379  111K    2496 19192   889    4.10    4.01  1557  1880   42K    70   35.61   35.55
c rst  geom best  vmt   380  111K    2496 19192   889    4.10    4.01  1558  1885   42K    70   35.60   35.54
c rst  geom best  vmt   381  112K    2496 19192   889    4.10    4.01  1559  1887   42K    70   35.57   35.52
c rst  geom best  vmt   382  112K    2496 19192   889    4.10    4.01  1560  1897   42K    70   35.56   35.51
c [distill-long-red0] cls tried: 535/535 T: 0.02 T-out: N T-r: 98.92%
c [distill-long-red1] cls tried: 41/1569 T: 0.01 T-out: Y T-r: -3.79%
c rst  geom best  vmt   383  112K    2496 19192   889    4.10    4.01  1562  1903   43K    70   35.53   35.48
c rst  geom best  vmt   384  113K    2496 19192   889    4.10    4.01  1563  1908   43K    70   35.58   35.53
c rst  geom best  vmt   385  113K    2496 19192   889    4.10    4.01  1564  1914   43K    70   35.54   35.49
c rst  geom best  vmt   386  113K    2496 19192   889    4.10    4.01  1564  1917   44K    70   35.55   35.50
c rst  geom best  vmt   387  114K    2496 19192   889    4.10    4.01  1564  1922   44K    70   35.51   35.46
c [distill-bin] useful: 0/889/889 lits-rem: 0 cl-rem: 0 0-depth-assigns: 0 T: 0.01 T-out: N
c rst  geom best  vmt   388  114K    2496 19192   889    4.10    4.01  1565  1932   45K    70   35.54   35.49
c rst  geom best  vmt   389  115K    2496 19192   889    4.10    4.01  1567  1937   45K    70   35.50   35.45
c rst  geom best  vmt   390  115K    2496 19192   889    4.10    4.01  1567  1941   46K    70   35.59   35.55
c [gauss] XOR-encoding clauses are not detached, so no need to reattach them.
c [g 0] truth-find prop checks  : 40K
c [g 0] -> of which prop        : 15.65 %
c [g 0] -> of which confl       :  1.13 %
c [g 0] elim called             : 7538
c [g 0] ---> which lead to prop : 33.35 %
c [g 0] ---> which lead to confl:  1.49 %
c [g 0] size: 47    x 461  
c [scc] new: 1 BP 0M T: 0.00
c [vrep] vars 1 lits 30686 rem-bin-cls 6 rem-long-cls 0 BP 0M T: 0.03
c [scc] new: 0 BP 0M T: 0.00
c [vrep] vars 0 lits 0 rem-bin-cls 0 rem-long-cls 0 BP 0M T: 0.01
c [intree] Set 0 vars hyper-added: 23 trans-irred: 0 trans-red: 0 T: 0.01 T-out: N T-r: -2.11%
c [find&init matx] performing matrix init
c [gauss] XOR-encoding clauses are not detached, so no need to reattach them.
c [xor-rem-unconnected] left with 1922 xors from 1922 non-empty xors T: 0.00
c [xor-together] xored together: 1873 orig xors: 1922 new xors: 49 T: 0.00
c [xor-rem-unconnected] left with 49 xors from 49 non-empty xors T: 0.00
c [xor-clean-equiv] removed equivalent xors: 0 left with: 49
c [matrix] unused xors from cleaning: 0
c [matrix] Good   matrix 0 49      x462    density:0.1745  xorlen avg: 80.63
c [matrix] Using 1 matrices recovered from 0 xors T: 0.00 T-out: N
c rst  geom best vmt  391   116 K 2495    19192   887 4.10    4.01     1567  1942   46K    91 35.56   35.50  
c rst  geom best vmt  392   116 K 2495    19192   887 4.10    4.01     1567  1942   47K    91 35.38   35.33  
c rst  geom stb  vmt  393   117 K 2495    19192   887 4.10    4.01     1567  1942   48K    91 35.19   35.13  
c [branch] adjusting to: vsid (from: vmtf) var_decay:0.95 descr: VSIDS
c rst  geom stb  vs   394   117 K 2495    19192   887 4.10    4.01     1567  1942   48K    91 35.19   35.13  
c rst  geom stb  vs   395   117 K 2495    19192   887 4.10    4.01     1567  1942   48K    91 35.17   35.11  
c rst  geom stb  vs   396   118 K 2495    19192   887 4.10    4.01     1567  1942   48K    91 35.15   35.09  
c rst  geom stb  vs   397   118 K 2495    19192   887 4.10    4.01     1567  1942   48K    91 35.11   35.05  
c rst  geom stb  vs   398   118 K 2495    19192   887 4.10    4.01     1567  1942   48K    91 35.07   35.01  
c rst  geom stb  vs   399   118 K 2495    19192   887 4.10    4.01     1567  1942   48K    91 35.04   34.98  
c rst  geom stb  vs   400   118 K 2495    19192   887 4.10    4.01     1567  1942   49K    91 34.99   34.94  
c rst  geom stb  vs   401   118 K 2495    19192   887 4.10    4.01     1567  1942   49K    91 34.95   34.90  
c rst  geom stb  vs   402   119 K 2495    19192   887 4.10    4.01     1567  1942   49K    91 34.92   34.87  
c rst  geom stb  vs   403   119 K 2495    19192   887 4.10    4.01     1567  1942   49K    91 34.86   34.80  
c rst  geom stb  vs   404   119 K 2495    19192   887 4.10    4.01     1567  1942   50K    91 34.84   34.78  
c rst  geom stb  vs   405   120 K 2495    19192   887 4.10    4.01     1653  2208   36K    91 32.11   32.04  
c rst  geom stb  vs   406   120 K 2495    19192   887 4.10    4.01     1653  2208   37K    91 32.09   32.02  
c rst  geom stb  vs   407   120 K 2495    19192   887 4.10    4.01     1653  2208   37K    91 31.97   31.90  
c rst  geom stb  vs   408   121 K 2495    19192   887 4.10    4.01     1653  2208   38K    91 31.88   31.82  
c rst  geom stb  vs   409   121 K 2495    19192   887 4.10    4.01     1653  2208   38K    91 31.80   31.73  
c rst  geom stb  vs   410   122 K 2495    19192   887 4.10    4.01     1653  2208   39K    91 31.68   31.61  
c rst  geom stb  vs   411   122 K 2495    19192   887 4.10    4.01     1653  2208   39K    91 31.62   31.56  
c [full-probe]  bin_only: 0 set: 0 repl: 0 T: 0.01 T-out: N T-r: 94.99%
c rst  geom stb  vs   412   123 K 2495    19192   887 4.10    4.01     1653  2208   40K    93 31.54   31.47  
c rst  geom ibes vs   413   123 K 2495    19192   887 4.10    4.01     1653  2208   40K    93 31.37   31.31  
c rst  geom ibes vs   414   124 K 2495    19192   887 4.10    4.01     1653  2208   41K    93 31.30   31.24  
c rst  geom ibes vs   415   125 K 2495    19192   887 4.10    4.01     1654  2208   42K    93 31.05   30.99  
c rst  geom ibes vs   416   126 K 2495    19192   887 4.10    4.01     1654  2208   43K    93 31.23   31.17  
c rst  geom ibes vs   417   127 K 2495    19192   887 4.10    4.01     1654  2208   44K    93 31.03   30.98  
c rst  geom ibes vs   418   128 K 2495    19192   887 4.10    4.01     1654  2208   45K    93 30.80   30.74  
c [distill-long-red0] cls tried: 91/91 T: 0.00 T-out: N T-r: 99.80%
c [distill-long-red1] cls tried: 49/1841 T: 0.01 T-out: Y T-r: -4.16%
c [distill] watch-based irred--  cl tried 7488     cl-sh 0     cl-rem 0    lit-rem 0      T: 0.00 T-out: N
c [distill] watch-based red  --  cl tried 3305     cl-sh 66    cl-rem 3    lit-rem 115    T: 0.00 T-out: N
c rst  geom ibes vs   419   129 K 2495    19192   887 4.10    4.01     1651  2208   46K    93 30.51   30.46  
c rst  geom ibes vs   420   130 K 2495    19192   887 4.10    4.01     1655  2094   47K    93 30.21   30.16  
c rst  geom svd  vs   421   132 K 2495    19192   887 4.10    4.01     1655  2094   49K    93 30.09   30.04  
c rst  geom svd  vs   422   133 K 2495    19192   887 4.10    4.01     1655  2094   50K    93 29.98   29.93  
c [ccnr] tries: 0 steps: 262143 best found: 12
c [ccnr] tries: 0 steps: 524287 best found: 9
c [ccnr] tries: 0 steps: 786431 best found: 9
c [ccnr] saving best assignment phase to stable_polar
c [ccnr] bumping based on var unsat frequency: conflict_ct
c [ccnr] Bumped vars: 2801 bump type: 6
c [ccnr] time: 0.42
c rst  geom svd  vs   423   134 K 2495    19192   887 4.10    4.01     1655  2094   51K    93 29.92   29.88  
c recursive minimization cost OK: 423Kcost/(% lits removed)
c [gauss] XOR-encoding clauses are not detached, so no need to reattach them.
c [g 0] truth-find prop checks  : 345K
c [g 0] -> of which prop        : 81.74 %
c [g 0] -> of which confl       :  2.16 %
c [g 0] elim called             : 7022
c [g 0] ---> which lead to prop : 86.90 %
c [g 0] ---> which lead to confl:  1.25 %
c [g 0] size: 49    x 462  
c --> Executing strategy token: scc-vrepl
c [scc] new: 1 BP 0M T: 0.00
c --> Executing strategy token: sub-impl
c [impl-sub] bin: 4 T: 0.00 T-out: N w-visit: 5602
c --> Executing strategy token: breakid
c --> Executing OCC strategy token(s): 'occ-backw-sub-str,occ-clean-implicit,occ-bve,occ-bva,occ-ternary-res,occ-xor,'
c [occ] mem usage for occur 1      MB
c [occ] Linked in IRRED BIN by default: 887
c [occ] Linked in RED   BIN by default: 89
c [occ] mem usage for occur 0      MB
c Mem for watch alloc      : 8           MB (23.76     %)
c Mem for watch array      : 0           MB (0.37      %)
c --> Executing OCC strategy token: occ-backw-sub-str
c [occ-backw-sub-str-long-w-bins] subs: 0 str: 1 tried: 4747 0-depth ass: 0 T: 0.00 T-out: N T-r: 99.68%
c [occ-backw-sub-long-w-long] rem cl: 826 tried: 74378/74378 (100.0%) T: 0.01 T-out: N T-r: 95.84%
c [occ-backw-sub-str-long-w-long] sub: 1 str: 145 tried: 223134/74378 (300.0)  T: 0.05 T-out: N T-r: 87.67%
c --> Executing OCC strategy token: occ-clean-implicit
c --> Executing OCC strategy token: occ-bve
c [occ-empty-res] Empty resolvent elimed: 0 T: 0.00 T-out: N
c [occ-bve] iter v-elim 0
c cl_inc_rate=1.0, var_dec_rate=1.0 (grow=0)
c Reduced to 2495 vars, 19520 cls (grow=0)
c [occ-bve] iter v-elim 7
c cl_inc_rate=1.0, var_dec_rate=1.0 (grow=8)
c Reduced to 2488 vars, 19496 cls (grow=8)
c [occ-bve] iter v-elim 972
c cl_inc_rate=1.8, var_dec_rate=1.6 (grow=16)
c Reduced to 1516 vars, 34893 cls (grow=16)
c x n vars       : 1516
c #try to eliminate:  8928
c #var-elim        :   979
c #T-o: N
c #T-r: 99.82%
c #T  : 0.21
c [occur] 0.02 is overhead
c [occur] link-in T: 0.02 cleanup T: 0.00
c --> Executing OCC strategy token: occ-bva
c --> Executing OCC strategy token: occ-ternary-res
c [occ-ternary-res] Ternary res-tri: 0 res-bin: 0 sub: 0 str: 0 T: 0.00 T-out: N T-r: 99.55%
c --> Executing OCC strategy token: occ-xor
c [occ-xor] sort occur list T: 0.00
c [xor-clean-equiv] removed equivalent xors: 0 left with: 965
c [occ-xor] found    965 avg sz 6.0 min sz  4 max sz  6 T: 0.00 T-out: N T-r: 99.97%
c --> Executing strategy token: card-find
c --> Executing strategy token: cl-consolidate
c [mem] consolidate  old-sz: 10635K new-sz: 5363K new bits offs: 20 T: 0.00
c --> Executing strategy token: scc-vrepl
c [scc] new: 1 BP 0M T: 0.00
c [vrep] vars 1 lits 1652 rem-bin-cls 4 rem-long-cls 0 BP 0M T: 0.00
c --> Executing strategy token: renumber
c [gauss] XOR-encoding clauses are not detached, so no need to reattach them.
c [renumber] T: 0.00
c --> Executing strategy token: bosphorus
c --> Executing strategy token: louvain-comms
c [consolidate] mini T: 0.00
c global_timeout_multiplier: 3.6300
c [branch] rebuilding order heap for all branchings. Current branching: vsid
c [find&init matx] performing matrix init
c [gauss] XOR-encoding clauses are not detached, so no need to reattach them.
c [xor-rem-unconnected] left with 964 xors from 965 non-empty xors T: 0.00
c [xor-together] xored together: 909 orig xors: 964 new xors: 55 T: 0.00
c [xor-rem-unconnected] left with 55 xors from 55 non-empty xors T: 0.00
c [xor-clean-equiv] removed equivalent xors: 0 left with: 55
c [matrix] unused xors from cleaning: 1
c [matrix] Good   matrix  0     55 x  474  density:0.1504  xorlen avg: 71.29
c [matrix] Using 1 matrices recovered from 0 xors T: 0.00 T-out: N
c [distill-bin] useful: 2/791/791 lits-rem: 0 cl-rem: 2 0-depth-assigns: 0 T: 0.00 T-out: N
c rst  geom  svd   vs   424  135K    1515   34K   789    5.85    5.76   373   494   28K    82   23.88   23.82
c [branch] adjusting to: vmtf (from: vsid) var_decay:0.95 descr: VMTF
c rst  luby  svd  vmt   425  135K    1515   34K   789    5.85    5.76   389   513   28K    83   23.84   23.78
c rst  luby  svd  vmt   426  135K    1515   34K   789    5.85    5.76   390   522   28K    83   23.97   23.91
c rst  luby  svd  vmt   427  135K    1515   34K   789    5.85    5.76   391   525   28K    83   24.12   24.05
c rst  luby  svd  vmt   428  135K    1515   34K   789    5.85    5.76   391   525   28K    83   24.21   24.15
c rst  luby  svd  vmt   429  135K    1515   34K   789    5.85    5.76   391   525   28K    83   24.29   24.23
c rst  luby  svd  vmt   430  136K    1515   34K   789    5.85    5.76   391   526   28K    83   24.40   24.33
c rst  luby  svd  vmt   431  136K    1515   34K   789    5.85    5.76   392   526   29K    83   24.62   24.56
c rst  luby  svd  vmt   432  136K    1515   34K   789    5.85    5.76   392   526   29K    83   24.67   24.61
c rst  luby  svd  vmt   433  136K    1515   34K   789    5.85    5.76   392   526   29K    83   24.73   24.67
c rst  luby  svd  vmt   434  136K    1515   34K   789    5.85    5.76   392   526   29K    83   24.82   24.76
c rst  luby  svd  vmt   435  137K    1515   34K   789    5.85    5.76   392   526   29K    83   24.87   24.81
c rst  geom best  vmt   436  137K    1515   34K   789    5.85    5.76   392   527   29K    83   24.93   24.86
c rst  geom best  vmt   437  137K    1515   34K   789    5.85    5.76   392   527   30K    83   24.95   24.88
c rst  geom best  vmt   438  137K    1515   34K   789    5.85    5.76   392   527   30K    83   24.99   24.93
c rst  geom best  vmt   439  137K    1515   34K   789    5.85    5.76   392   527   30K    83   25.13   25.07
c rst  geom best  vmt   440  137K    1515   34K   789    5.85    5.76   392   527   30K    83   25.15   25.09
c rst  geom best  vmt   441  137K    1515   34K   789    5.85    5.76   392   527   30K    83   25.19   25.13
c rst  geom best  vmt   442  138K    1515   34K   789    5.85    5.76   392   527   30K    83   25.25   25.19
c rst  geom best  vmt   443  138K    1515   34K   789    5.85    5.76   392   527   31K    83   25.28   25.22
c rst  geom best  vmt   444  138K    1515   34K   789    5.85    5.76   392   527   31K    83   25.29   25.23
c rst  geom best  vmt   445  138K    1515   34K   789    5.85    5.76   392   527   31K    83   25.29   25.23
c rst  geom best  vmt   446  139K    1515   34K   789    5.85    5.76   392   527   31K    83   25.26   25.20
c rst  geom best  vmt   447  139K    1515   34K   789    5.85    5.76   392   527   32K    83   25.30   25.25
c rst  geom best  vmt   448  139K    1515   34K   789    5.85    5.76   392   527   32K    83   25.34   25.28
c rst  geom best  vmt   449  140K    1515   34K   789    5.85    5.76   406   456   32K    83   25.47   25.41
c rst  geom best  vmt   450  140K    1515   34K   789    5.85    5.76   406   456   33K    83   25.71   25.65
c rst  geom best  vmt   451  141K    1515   34K   789    5.85    5.76   406   457   33K    83   25.88   25.83
c rst  geom best  vmt   452  141K    1515   34K   789    5.85    5.76   406   457   34K    83   25.83   25.78
c rst  geom best  vmt   453  142K    1515   34K   789    5.85    5.76   406   457   34K    84   26.19   26.14
c rst  geom best  vmt   454  142K    1515   34K   789    5.85    5.76   406   459   35K    84   26.57   26.52
c [full-probe]  bin_only: 1 set: 0 repl: 0 T: 0.01 T-out: N T-r: 99.71%
c rst  geom best  vmt   455  143K    1515   34K   789    5.85    5.76   406   459   36K    84   26.70   26.64
c [distill-long-red0] cls tried: 56/56 T: 0.00 T-out: N T-r: 99.93%
c [distill-long-red1] cls tried: 72/369 T: 0.01 T-out: Y T-r: -1.54%
c rst  geom best  vmt   456  144K    1515   34K   789    5.85    5.76   405   459   36K    85   26.62   26.57
c rst  geom  stb  vmt   457  144K    1515   34K   789    5.85    5.76   405   459   37K    85   27.06   27.01
c rst  geom  stb  vmt   458  145K    1515   34K   789    5.85    5.76   405   459   38K    85   27.14   27.09
c rst  geom  stb  vmt   459  146K    1515   34K   789    5.85    5.76   405   461   39K    85   27.59   27.54
c rst  geom  stb  vmt   460  147K    1515   34K   789    5.85    5.76   405   463   40K    85   28.24   28.18
c rst  geom  stb  vmt   461  148K    1515   34K   789    5.85    5.76   405   466   41K    85   28.63   28.58
c rst  geom  stb  vmt   462  150K    1515   34K   789    5.85    5.76   421   474   33K    85   30.39   30.31
c rst  geom  stb  vmt   463  151K    1515   34K   789    5.85    5.76   421   476   34K    85   30.60   30.53
c rst  geom ibes  vmt   464  153K    1515   34K   789    5.85    5.76   421   483   36K    85   31.41   31.34
c rst  geom ibes  vmt   465  154K    1515   34K   789    5.85    5.76   421   483   37K    85   31.69   31.62
c [branch] adjusting to: vsid (from: vmtf) var_decay:0.95 descr: VSIDS
c [distill-bin] useful: 0/789/789 lits-rem: 0 cl-rem: 0 0-depth-assigns: 0 T: 0.00 T-out: N
c [distill] watch-based irred--  cl tried     7644 cl-sh     1 cl-rem    0 lit-rem      1 T: 0.00 T-out: N
c [distill] watch-based   red--  cl tried      841 cl-sh     7 cl-rem    1 lit-rem     13 T: 0.00 T-out: N
c rst  geom ibes   vs   466  154K    1515   34K   790    5.85    5.76   420   485   37K    85   31.75   31.68
c rst  geom ibes   vs   467  155K    1515   34K   790    5.85    5.76   420   485   38K    85   31.86   31.80
c rst  geom ibes   vs   468  155K    1515   34K   790    5.85    5.76   420   486   38K    85   31.89   31.82
c rst  geom ibes   vs   469  155K    1515   34K   790    5.85    5.76   420   487   38K    85   31.93   31.86
c rst  geom ibes   vs   470  155K    1515   34K   790    5.85    5.76   420   487   38K    85   31.99   31.93
c rst  geom ibes   vs   471  155K    1515   34K   790    5.85    5.76   420   489   38K    85   32.07   32.01
c rst  geom ibes   vs   472  155K    1515   34K   790    5.85    5.76   420   494   38K    85   32.11   32.04
c rst  geom ibes   vs   473  156K    1515   34K   790    5.85    5.76   420   496   39K    85   32.09   32.03
c rst  geom ibes   vs   474  156K    1515   34K   790    5.85    5.76   420   496   39K    85   32.17   32.11
c rst  geom ibes   vs   475  156K    1515   34K   790    5.85    5.76   420   496   39K    85   32.18   32.11
c rst  geom ibes   vs   476  156K    1515   34K   790    5.85    5.76   420   496   39K    85   32.23   32.17
c rst  geom ibes   vs   477  157K    1515   34K   790    5.85    5.76   420   496   40K    85   32.25   32.19
c rst  geom ibes   vs   478  157K    1515   34K   790    5.85    5.76   420   496   40K    85   32.43   32.37
c rst  geom ibes   vs   479  157K    1515   34K   790    5.85    5.76   420   496   40K    85   32.50   32.44
c rst  geom ibes   vs   480  158K    1515   34K   790    5.85    5.76   420   497   41K    85   32.68   32.62
c rst  geom  svd   vs   481  158K    1515   34K   790    5.85    5.76   420   497   41K    85   32.70   32.64
c [distill-long-red0] cls tried: 18/18 T: 0.00 T-out: N T-r: 99.97%
c [distill-long-red1] cls tried: 79/338 T: 0.01 T-out: Y T-r: -1.81%
c rst  geom  svd   vs   482  159K    1515   34K   790    5.85    5.76   420   497   42K    85   32.77   32.71
c rst  geom  svd   vs   483  159K    1515   34K   790    5.85    5.76   420   499   42K    85   32.88   32.82
c rst  geom  svd   vs   484  160K    1515   34K   790    5.85    5.76   440   475   43K    85   32.85   32.79
c rst  geom  svd   vs   485  160K    1515   34K   790    5.85    5.76   442   482   44K    85   33.00   32.94
c [impl-str] lit bin: 0 set-var: 0 T: 0.00 T-out: N T-r: 99.95% w-visit: 3030
c [impl-sub] bin: 1 T: 0.00 T-out: N w-visit: 3030
c rst  geom  svd   vs   486  161K    1515   34K   790    5.85    5.76   442   482   44K    84   33.05   32.99
c rst  geom  svd   vs   487  162K    1515   34K   790    5.85    5.76   442   483   45K    84   33.12   33.07
c rst  geom  svd   vs   488  163K    1515   34K   790    5.85    5.76   442   483   46K    84   33.08   33.03
c [full-probe]  bin_only: 0 set: 0 repl: 0 T: 0.00 T-out: N T-r: 97.72%
c rst  geom  svd   vs   489  164K    1515   34K   790    5.85    5.76   442   484   47K    84   32.96   32.91
c rst  geom  svd   vs   490  165K    1515   34K   790    5.85    5.76   444   498   32K    84   37.87   37.78
c rst  geom best   vs   491  166K    1515   34K   790    5.85    5.76   444   499   34K    84   38.12   38.03
c rst  geom best   vs   492  167K    1515   34K   790    5.85    5.76   447   508   35K    84   38.33   38.25
c rst  geom best   vs   493  169K    1515   34K   790    5.85    5.76   447   513   36K    84   38.12   38.04
c rst  geom best   vs   494  170K    1515   34K   790    5.85    5.76   472   483   38K    84   38.08   38.01
c rst  geom best   vs   495  172K    1515   34K   790    5.85    5.76   473   493   39K    84   38.46   38.39
c rst  geom  stb   vs   496  174K    1515   34K   790    5.85    5.76   473   497   41K    84   38.59   38.52
c [distill-long-red0] cls tried: 53/53 T: 0.00 T-out: N T-r: 99.90%
c [distill-long-red1] cls tried: 95/267 T: 0.01 T-out: Y T-r: -0.75%
c rst  geom  stb   vs   497  176K    1515   34K   790    5.85    5.76   473   502   43K    84   38.34   38.28
c [branch] adjusting to: vmtf (from: vsid) var_decay:0.95 descr: VMTF
c [distill-bin] useful: 0/790/790 lits-rem: 0 cl-rem: 0 0-depth-assigns: 0 T: 0.01 T-out: N
c rst  luby  stb  vmt   498  176K    1515   34K   790    5.85    5.76   473   502   43K    84   38.37   38.30
c rst  luby  stb  vmt   499  176K    1515   34K   790    5.85    5.76   473   502   44K    84   38.37   38.30
c rst  luby  stb  vmt   500  176K    1515   34K   790    5.85    5.76   473   502   44K    84   38.44   38.38
c rst  luby  stb  vmt   501  176K    1515   34K   790    5.85    5.76   473   502   44K    84   38.45   38.38
c rst  luby  stb  vmt   502  176K    1515   34K   790    5.85    5.76   473   502   44K    84   38.46   38.39
c rst  luby  stb  vmt   503  177K    1515   34K   790    5.85    5.76   473   502   44K    84   38.50   38.43
c rst  luby  stb  vmt   504  177K    1515   34K   790    5.85    5.76   473   502   45K    84   38.54   38.47
c rst  luby  stb  vmt   505  177K    1515   34K   790    5.85    5.76   473   502   45K    84   38.54   38.48
c [ccnr] saving best assignment phase to stable_polar
c [ccnr] bumping based on clause weights
c [ccnr] Bumped vars: 102 bump type: 6
c [ccnr] time: 0.27
c rst  luby  stb  vmt   506  177K    1515   34K   790    5.85    5.76   473   503   45K    84   38.51   38.44
c rst  luby  stb  vmt   507  177K    1515   34K   790    5.85    5.76   474   507   45K    84   38.42   38.35
c rst  luby  stb  vmt   508  178K    1515   34K   790    5.85    5.76   474   507   45K    84   38.37   38.31
c rst  luby  stb  vmt   509  178K    1515   34K   790    5.85    5.76   474   508   45K    84   38.33   38.26
c rst  luby  stb  vmt   510  178K    1515   34K   790    5.85    5.76   474   511   45K    84   38.27   38.20
c rst  luby  stb  vmt   511  178K    1515   34K   790    5.85    5.76   474   517   46K    84   38.11   38.05
c rst  luby  stb  vmt   512  179K    1515   34K   790    5.85    5.76   475   533   47K    84   37.73   37.67
c rst  luby ibes  vmt   513  179K    1515   34K   790    5.85    5.76   475   533   47K    84   37.71   37.65
c rst  luby ibes  vmt   514  179K    1515   34K   790    5.85    5.76   475   533   47K    84   37.72   37.66
c [distill] watch-based irred--  cl tried     7642 cl-sh     0 cl-rem    0 lit-rem      0 T: 0.00 T-out: N
c [distill] watch-based   red--  cl tried      950 cl-sh     4 cl-rem    0 lit-rem      4 T: 0.00 T-out: N
c rst  luby ibes  vmt   515  179K    1515   34K   790    5.85    5.76   475   533   47K    84   37.78   37.72
c rst  luby ibes  vmt   516  180K    1515   34K   790    5.85    5.76   522   455   35K    84   38.63   38.54
c rst  luby ibes  vmt   517  180K    1515   34K   790    5.85    5.76   522   455   35K    84   38.66   38.58
c rst  luby ibes  vmt   518  180K    1515   34K   790    5.85    5.76   522   456   35K    84   38.64   38.56
c rst  luby ibes  vmt   519  180K    1515   34K   790    5.85    5.76   522   456   36K    84   38.54   38.46
c [gauss] XOR-encoding clauses are not detached, so no need to reattach them.
c [g 0] truth-find prop checks  : 1053K
c [g 0] -> of which prop        : 66.13 %
c [g 0] -> of which confl       :  2.35 %
c [g 0] elim called             : 40K
c [g 0] ---> which lead to prop : 74.09 %
c [g 0] ---> which lead to confl:  1.71 %
c [g 0] size: 55    x 474  
c [scc] new: 1 BP 0M T: 0.00
c [vrep] vars 1 lits 5034 rem-bin-cls 4 rem-long-cls 0 BP 0M T: 0.01
c [scc] new: 0 BP 0M T: 0.00
c [vrep] vars 0 lits 0 rem-bin-cls 0 rem-long-cls 0 BP 0M T: 0.00
c [intree] Set 0 vars hyper-added: 15 trans-irred: 0 trans-red: 0 T: 0.00 T-out: N T-r: -1.01%
c [find&init matx] performing matrix init
c [gauss] XOR-encoding clauses are not detached, so no need to reattach them.
c [xor-rem-unconnected] left with 964 xors from 965 non-empty xors T: 0.00
c [xor-together] xored together: 908 orig xors: 964 new xors: 56 T: 0.00
c [xor-rem-unconnected] left with 56 xors from 56 non-empty xors T: 0.00
c [xor-clean-equiv] removed equivalent xors: 0 left with: 56
c [matrix] unused xors from cleaning: 1
c [matrix] Good   matrix 0 56      x474    density:0.1478  xorlen avg: 70.05
c [matrix] Using 1 matrices recovered from 0 xors T: 0.00 T-out: N
c rst  luby ibes vmt  520   180 K 1514      34K   788 5.85    5.76      522   456   36K    99 38.57   38.47  
c rst  luby ibes vmt  521   181 K 1514      34K   788 5.85    5.76      522   456   36K    99 38.56   38.46  
c rst  luby ibes vmt  522   181 K 1514      34K   788 5.85    5.76      522   456   36K    99 38.56   38.46  
c rst  luby ibes vmt  523   181 K 1514      34K   788 5.85    5.76      522   456   36K    99 38.59   38.49  
c rst  luby ibes vmt  524   181 K 1514      34K   788 5.85    5.76      522   456   36K    99 38.61   38.51  
c rst  luby ibes vmt  525   181 K 1514      34K   788 5.85    5.76      522   457   37K    99 38.57   38.48  
c rst  luby ibes vmt  526   182 K 1514      34K   788 5.85    5.76      522   457   37K    99 38.55   38.46  
c rst  luby ibes vmt  527   182 K 1514      34K   788 5.85    5.76      522   457   38K    99 38.54   38.45  
c rst  luby ibes vmt  528   184 K 1514      34K   788 5.85    5.76      522   457   39K    99 38.55   38.46  
c [full-probe]  bin_only: 1 set: 0 repl: 0 T: 0.00 T-out: N T-r: 99.86%
c rst  luby ibes vmt  529   184 K 1514      34K   788 5.85    5.76      522   457   39K    99 38.55   38.46  
c rst  luby ibes vmt  530   184 K 1514      34K   788 5.85    5.76      522   457   40K    99 38.58   38.49  
c rst  luby ibes vmt  531   184 K 1514      34K   788 5.85    5.76      522   457   40K    99 38.60   38.51  
c rst  luby ibes vmt  532   184 K 1514      34K   788 5.85    5.76      522   457   40K    99 38.63   38.54  
c rst  luby ibes vmt  533   185 K 1514      34K   788 5.85    5.76      522   457   40K    99 38.64   38.56  
c rst  luby ibes vmt  534   185 K 1514      34K   788 5.85    5.76      522   457   40K    99 38.67   38.58  
c rst  luby ibes vmt  535   185 K 1514      34K   788 5.85    5.76      522   458   41K    99 38.72   38.63  
c rst  luby ibes vmt  536   185 K 1514      34K   788 5.85    5.76      522   461   41K    99 38.72   38.64  
c rst  luby ibes vmt  537   185 K 1514      34K   788 5.85    5.76      522   461   41K    99 38.74   38.66  
c rst  luby ibes vmt  538   186 K 1514      34K   788 5.85    5.76      522   462   41K    99 38.74   38.66  
c rst  luby ibes vmt  539   186 K 1514      34K   788 5.85    5.76      522   462   41K    99 38.77   38.68  
c rst  luby ibes vmt  540   186 K 1514      34K   788 5.85    5.76      522   462   41K    99 38.79   38.70  
c rst  luby ibes vmt  541   186 K 1514      34K   788 5.85    5.76      522   462   41K    99 38.80   38.72  
c rst  luby svd  vmt  542   186 K 1514      34K   788 5.85    5.76      522   462   42K    99 38.90   38.81  
c rst  luby svd  vmt  543   187 K 1514      34K   788 5.85    5.76      522   465   43K    99 38.89   38.81  
c rst  luby svd  vmt  544   187 K 1514      34K   788 5.85    5.76      522   465   43K    99 38.91   38.82  
c rst  luby svd  vmt  545   187 K 1514      34K   788 5.85    5.76      522   465   43K    99 38.91   38.82  
c rst  luby svd  vmt  546   188 K 1514      34K   788 5.85    5.76      522   465   43K    99 38.95   38.86  
c rst  luby svd  vmt  547   188 K 1514      34K   788 5.85    5.76      522   466   43K    99 38.96   38.88  
c rst  luby svd  vmt  548   188 K 1514      34K   788 5.85    5.76      522   466   43K    99 38.96   38.88  
c rst  luby svd  vmt  549   188 K 1514      34K   788 5.85    5.76      522   466   43K    99 38.97   38.89  
c rst  luby svd  vmt  550   188 K 1514      34K   788 5.85    5.76      522   466   44K    99 39.08   39.00  
c rst  luby svd  vmt  551   188 K 1514      34K   788 5.85    5.76      522   466   44K    99 39.13   39.05  
c rst  luby svd  vmt  552   189 K 1514      34K   788 5.85    5.76      522   466   44K    99 39.14   39.06  
c rst  luby svd  vmt  553   189 K 1514      34K   788 5.85    5.76      522   466   44K    99 39.16   39.08  
c rst  luby svd  vmt  554   189 K 1514      34K   788 5.85    5.76      522   466   44K    99 39.16   39.08  
c [distill-long-red0] cls tried: 47/47 T: 0.00 T-out: N T-r: 99.93%
c [distill-long-red1] cls tried: 163/209 T: 0.01 T-out: Y T-r: -0.33%
c rst  luby svd  vmt  555   189 K 1514      34K   788 5.85    5.76      522   466   44K    99 39.17   39.09  
c rst  luby svd  vmt  556   189 K 1514      34K   788 5.85    5.76      522   467   45K    99 39.17   39.09  
c rst  luby svd  vmt  557   190 K 1514      34K   788 5.85    5.76      540   316   45K    99 39.22   39.14  
c rst  luby svd  vmt  558   190 K 1514      34K   788 5.85    5.76      540   317   46K    99 39.32   39.24  
c rst  luby svd  vmt  559   192 K 1514      34K   788 5.85    5.76      541   317   47K    99 39.76   39.68  
c rst  luby svd  vmt  560   195 K 1514      34K   788 5.85    5.76      542   339   31K    99 40.42   40.30  
c rst  geom best vmt  561   195 K 1514      34K   788 5.85    5.76      544   339   31K    99 40.45   40.33  
c rst  geom best vmt  562   195 K 1514      34K   788 5.85    5.76      544   339   31K    99 40.39   40.27  
c rst  geom best vmt  563   196 K 1514      34K   788 5.85    5.76      544   339   31K    99 40.32   40.21  
c rst  geom best vmt  564   196 K 1514      34K   788 5.85    5.76      544   339   31K    99 40.25   40.14  
c rst  geom best vmt  565   196 K 1514      34K   788 5.85    5.76      544   339   32K    99 40.18   40.07  
c rst  geom best vmt  566   196 K 1514      34K   788 5.85    5.76      544   339   32K    99 40.06   39.94  
c [distill-bin] useful: 0/788/788 lits-rem: 0 cl-rem: 0 0-depth-assigns: 0 T: 0.00 T-out: N
c rst  geom best vmt  567   196 K 1514      34K   788 5.85    5.76      544   339   32K    99 39.92   39.81  
c rst  geom best vmt  568   196 K 1514      34K   788 5.85    5.76      544   339   32K    99 39.76   39.65  
c rst  geom best vmt  569   197 K 1514      34K   788 5.85    5.76      544   339   32K    99 39.59   39.48  
c rst  geom best vmt  570   197 K 1514      34K   788 5.85    5.76      544   339   33K    99 39.41   39.30  
c rst  geom best vmt  571   197 K 1514      34K   788 5.85    5.76      544   339   33K    99 39.22   39.11  
c [branch] adjusting to: vsid (from: vmtf) var_decay:0.95 descr: VSIDS
c rst  geom best vs   572   197 K 1514      34K   788 5.85    5.76      544   339   33K    99 39.29   39.18  
c rst  geom best vs   573   197 K 1514      34K   788 5.85    5.76      544   339   33K    99 39.26   39.15  
c rst  geom best vs   574   198 K 1514      34K   788 5.85    5.76      544   339   33K    99 39.22   39.12  
c rst  geom best vs   575   198 K 1514      34K   788 5.85    5.76      544   339   33K    99 39.19   39.09  
c rst  geom best vs   576   198 K 1514      34K   788 5.85    5.76      546   339   34K    99 39.19   39.09  
c rst  geom best vs   577   198 K 1514      34K   788 5.85    5.76      546   339   34K    99 39.16   39.06  
c rst  geom best vs   578   198 K 1514      34K   788 5.85    5.76      546   339   34K    99 39.15   39.04  
c rst  geom best vs   579   198 K 1514      34K   788 5.85    5.76      546   339   34K    99 39.16   39.06  
c rst  geom best vs   580   199 K 1514      34K   788 5.85    5.76      546   339   34K    99 39.19   39.09  
c rst  geom best vs   581   199 K 1514      34K   788 5.85    5.76      546   339   35K    99 39.23   39.13  
c rst  geom best vs   582   199 K 1514      34K   788 5.85    5.76      546   339   35K    99 39.26   39.16  
c rst  geom best vs   583   200 K 1514      34K   788 5.85    5.76      559   315   35K    99 39.22   39.12  
c rst  geom best vs   584   200 K 1514      34K   788 5.85    5.76      559   315   36K    99 39.15   39.05  
c rst  geom best vs   585   200 K 1514      34K   788 5.85    5.76      559   315   36K    99 39.15   39.05  
c rst  geom best vs   586   201 K 1514      34K   788 5.85    5.76      559   315   36K    99 39.04   38.95  
c rst  geom best vs   587   201 K 1514      34K   788 5.85    5.76      559   315   37K    99 38.94   38.85  
c rst  geom best vs   588   202 K 1514      34K   788 5.85    5.76      559   315   37K    99 38.93   38.83  
c rst  geom best vs   589   202 K 1514      34K   788 5.85    5.76      559   323   38K    99 38.85   38.76  
c rst  geom best vs   590   203 K 1514      34K   788 5.85    5.76      559   328   39K    99 38.91   38.82  
c rst  geom stb  vs   591   203 K 1514      34K   788 5.85    5.76      559   328   39K    99 39.03   38.94  
c rst  geom stb  vs   592   204 K 1514      34K   788 5.85    5.76      559   329   40K    99 38.93   38.84  
c [distill-long-red0] cls tried: 22/22 T: 0.00 T-out: N T-r: 99.95%
c [distill-long-red1] cls tried: 62/62 T: 0.00 T-out: N T-r: 59.71%
c [full-probe]  bin_only: 0 set: 0 repl: 0 T: 0.00 T-out: N T-r: 98.09%
c rst  geom stb  vs   593   205 K 1514      34K   788 5.85    5.76      559   329   41K    99 38.96   38.88  
c [distill] watch-based irred--  cl tried 7642     cl-sh 0     cl-rem 0    lit-rem 0      T: 0.00 T-out: N
c [distill] watch-based red  --  cl tried 1118     cl-sh 5     cl-rem 0    lit-rem 8      T: 0.00 T-out: N
c rst  geom stb  vs   594   206 K 1514      34K   788 5.85    5.76      559   329   42K    99 38.88   38.80  
c rst  geom stb  vs   595   207 K 1514      34K   788 5.85    5.76      559   333   43K    99 38.93   38.85  
c rst  geom stb  vs   596   208 K 1514      34K   788 5.85    5.76      559   333   44K    99 39.16   39.08  
c rst  geom stb  vs   597   209 K 1514      34K   788 5.85    5.76      559   333   45K    99 39.15   39.07  
c rst  geom stb  vs   598   210 K 1514      34K   788 5.85    5.76      582   296   35K    99 38.40   38.30  
c rst  geom ibes vs   599   212 K 1514      34K   788 5.85    5.76      582   298   36K    99 38.89   38.80  
c rst  geom ibes vs   600   213 K 1514      34K   788 5.85    5.76      582   298   38K    99 38.62   38.53  
c rst  geom ibes vs   601   215 K 1514      34K   788 5.85    5.76      582   298   39K    99 38.73   38.64  
c rst  geom ibes vs   602   217 K 1514      34K   788 5.85    5.76      582   303   41K    99 38.91   38.83  
c [distill-bin] useful: 0/788/788 lits-rem: 0 cl-rem: 0 0-depth-assigns: 0 T: 0.00 T-out: N
c rst  geom ibes vs   603   219 K 1514      34K   788 5.85    5.76      582   304   43K    99 39.39   39.30  
c rst  geom svd  vs   604   221 K 1514      34K   788 5.85    5.76      586   277   45K    99 39.47   39.39  
c [distill-long-red0] cls tried: 11/11 T: 0.00 T-out: N T-r: 99.97%
c [distill-long-red1] cls tried: 22/22 T: 0.00 T-out: N T-r: 75.06%
c [impl-str] lit bin: 0 set-var: 0 T: 0.00 T-out: N T-r: 99.95% w-visit: 3030
c [impl-sub] bin: 2 T: 0.00 T-out: N w-visit: 3030
c rst  geom svd  vs   605   224 K 1514      34K   788 5.85    5.76      586   281   48K    97 39.76   39.69  
c [branch] adjusting to: vmtf (from: vsid) var_decay:0.95 descr: VMTF
c [ccnr] saving best assignment phase to stable_polar
c [ccnr] bumping based on var unsat frequency: conflict_ct
c [ccnr] Bumped vars: 1515 bump type: 6
c [ccnr] time: 0.27
c rst  luby svd  vmt  606   224 K 1514      34K   788 5.85    5.76      597   304   48K   100 39.72   39.64  
c rst  luby svd  vmt  607   224 K 1514      34K   788 5.85    5.76      597   304   48K   100 39.76   39.68  
c rst  luby svd  vmt  608   224 K 1514      34K   788 5.85    5.76      597   304   48K   100 39.71   39.64  
c rst  luby svd  vmt  609   224 K 1514      34K   788 5.85    5.76      597   304   48K   100 39.72   39.64  
c rst  luby svd  vmt  610   224 K 1514      34K   788 5.85    5.76      597   305   48K   100 39.73   39.66  
c [full-probe]  bin_only: 1 set: 0 repl: 0 T: 0.00 T-out: N T-r: 99.84%
c rst  luby svd  vmt  611   224 K 1514      34K   788 5.85    5.76      597   307   49K   100 39.74   39.67  
c rst  luby svd  vmt  612   225 K 1514      34K   788 5.85    5.76      600   328   35K   100 40.39   40.28  
c rst  luby svd  vmt  613   225 K 1514      34K   788 5.85    5.76      600   328   35K   100 40.37   40.27  
c rst  luby svd  vmt  614   225 K 1514      34K   788 5.85    5.76      600   330   35K   100 40.40   40.30  
c rst  luby svd  vmt  615   225 K 1514      34K   788 5.85    5.76      600   332   36K   100 40.37   40.27  
c rst  luby svd  vmt  616   225 K 1514      34K   788 5.85    5.76      600   332   36K   100 40.40   40.29  
c rst  luby svd  vmt  617   225 K 1514      34K   788 5.85    5.76      600   334   36K   100 40.41   40.31  
c rst  luby svd  vmt  618   226 K 1514      34K   788 5.85    5.76      600   335   36K   100 40.43   40.32  
c rst  luby svd  vmt  619   226 K 1514      34K   788 5.85    5.76      600   335   36K   100 40.32   40.22  
c rst  luby svd  vmt  620   227 K 1514      34K   788 5.85    5.76      600   335   37K   100 40.25   40.16  
c rst  geom best vmt  621   227 K 1514      34K   788 5.85    5.76      600   335   37K   100 40.22   40.12  
c rst  geom best vmt  622   227 K 1514      34K   788 5.85    5.76      600   335   37K   100 40.22   40.12  
c rst  geom best vmt  623   227 K 1514      34K   788 5.85    5.76      600   336   38K   100 40.20   40.10  
c rst  geom best vmt  624   227 K 1514      34K   788 5.85    5.76      600   336   38K   100 40.18   40.09  
c rst  geom best vmt  625   227 K 1514      34K   788 5.85    5.76      600   336   38K   100 40.26   40.16  
c rst  geom best vmt  626   228 K 1514      34K   788 5.85    5.76      600   337   38K   100 40.25   40.15  
c rst  geom best vmt  627   228 K 1514      34K   788 5.85    5.76      600   337   38K   100 40.23   40.14  
c rst  geom best vmt  628   228 K 1514      34K   788 5.85    5.76      600   337   38K   100 40.19   40.09  
c rst  geom best vmt  629   228 K 1514      34K   788 5.85    5.76      600   337   39K   100 40.16   40.07  
c rst  geom best vmt  630   229 K 1514      34K   788 5.85    5.76      600   337   39K   100 40.10   40.01  
c rst  geom best vmt  631   229 K 1514      34K   788 5.85    5.76      600   337   39K   100 39.99   39.90  
c rst  geom best vmt  632   229 K 1514      34K   788 5.85    5.76      600   337   40K   100 39.87   39.78  
c rst  geom best vmt  633   229 K 1514      34K   788 5.85    5.76      600   337   40K   100 39.74   39.64  
c rst  geom best vmt  634   230 K 1514      34K   788 5.85    5.76      633   296   40K   100 39.69   39.60  
c rst  geom best vmt  635   230 K 1514      34K   788 5.85    5.76      633   296   41K   100 39.55   39.46  
c [distill] watch-based irred--  cl tried 7642     cl-sh 0     cl-rem 0    lit-rem 0      T: 0.00 T-out: N
c [distill] watch-based red  --  cl tried 1266     cl-sh 13    cl-rem 0    lit-rem 17     T: 0.00 T-out: N
c rst  geom best vmt  636   231 K 1514      34K   788 5.85    5.76      633   296   41K   100 39.39   39.31  
c rst  geom best vmt  637   231 K 1514      34K   788 5.85    5.76      633   296   42K   100 39.23   39.14  
c rst  geom best vmt  638   232 K 1514      34K   788 5.85    5.76      633   296   42K   100 39.02   38.94  
c rst  geom best vmt  639   232 K 1514      34K   788 5.85    5.76      633   296   43K   100 38.81   38.73  
c rst  geom best vmt  640   233 K 1514      34K   788 5.85    5.76      633   296   43K   100 38.51   38.42  
c rst  geom best vmt  641   234 K 1514      34K   788 5.85    5.76      633   297   44K   100 38.37   38.29  
c rst  geom best vmt  642   235 K 1514      34K   788 5.85    5.76      633   297   45K   100 38.60   38.52  
c rst  geom stb  vmt  643   235 K 1514      34K   788 5.85    5.76      633   304   46K   100 38.68   38.60  
c rst  geom stb  vmt  644   236 K 1514      34K   788 5.85    5.76      633   311   47K   100 38.90   38.82  
c [distill-long-red0] cls tried: 35/35 T: 0.00 T-out: N T-r: 99.94%
c [distill-long-red1] cls tried: 58/58 T: 0.00 T-out: N T-r: 61.94%
c rst  geom stb  vmt  645   237 K 1514      34K   788 5.85    5.76      633   313   48K   100 39.04   38.97  
c [distill-bin] useful: 0/788/788 lits-rem: 0 cl-rem: 0 0-depth-assigns: 0 T: 0.00 T-out: N
c rst  geom stb  vmt  646   239 K 1514      34K   788 5.85    5.76      633   322   49K   100 39.18   39.11  
c rst  geom stb  vmt  647   240 K 1514      34K   788 5.85    5.76      659   310   36K   100 39.14   39.04  
c rst  geom stb  vmt  648   241 K 1514      34K   788 5.85    5.76      659   310   37K   100 39.10   39.01  
c rst  geom stb  vmt  649   243 K 1514      34K   788 5.85    5.76      660   314   39K   100 39.48   39.39  
c rst  geom ibes vmt  650   244 K 1514      34K   788 5.85    5.76      660   317   40K   100 39.65   39.56  
c recursive minimization cost OK: 671Kcost/(% lits removed)
c [gauss] XOR-encoding clauses are not detached, so no need to reattach them.
c [g 0] truth-find prop checks  : 1365K
c [g 0] -> of which prop        : 70.99 %
c [g 0] -> of which confl       :  2.47 %
c [g 0] elim called             : 39K
c [g 0] ---> which lead to prop : 98.31 %
c [g 0] ---> which lead to confl:  2.56 %
c [g 0] size: 56    x 474  
c --> Executing strategy token: scc-vrepl
c [scc] new: 0 BP 0M T: 0.00
c --> Executing strategy token: sub-impl
c [impl-sub] bin: 3 T: 0.00 T-out: N w-visit: 3030
c --> Executing strategy token: breakid
c --> Executing OCC strategy token(s): 'occ-backw-sub-str,occ-clean-implicit,occ-bve,occ-bva,occ-ternary-res,occ-xor,'
c [occ] mem usage for occur 3      MB
c [occ] Linked in IRRED BIN by default: 788
c [occ] Linked in RED   BIN by default: 97
c [occ] mem usage for occur 0      MB
c Mem for watch alloc      : 10          MB (20.04     %)
c Mem for watch array      : 0           MB (0.14      %)
c --> Executing OCC strategy token: occ-backw-sub-str
c [occ-backw-sub-str-long-w-bins] subs: 0 str: 9 tried: 7665 0-depth ass: 0 T: 0.00 T-out: N T-r: 99.12%
c [occ-backw-sub-long-w-long] rem cl: 32 tried: 75234/75234 (100.0%) T: 0.02 T-out: N T-r: 89.32%
c [occ-backw-sub-str-long-w-long] sub: 0 str: 0 tried: 225702/75234 (300.0)  T: 0.15 T-out: N T-r: 67.85%
c --> Executing OCC strategy token: occ-clean-implicit
c --> Executing OCC strategy token: occ-bve
c [occ-empty-res] Empty resolvent elimed: 0 T: 0.00 T-out: N
c [occ-bve] iter v-elim 0
c cl_inc_rate=1.0, var_dec_rate=1.0 (grow=0)
c Reduced to 1514 vars, 34889 cls (grow=0)
c [occ-bve] iter v-elim 0
c cl_inc_rate=1.0, var_dec_rate=1.0 (grow=8)
c Reduced to 1514 vars, 34889 cls (grow=8)
c [occ-bve] iter v-elim 0
c cl_inc_rate=1.0, var_dec_rate=1.0 (grow=16)
c Reduced to 1514 vars, 34889 cls (grow=16)
c x n vars       : 1514
c #try to eliminate:  4542
c #var-elim        :     0
c #T-o: N
c #T-r: 99.98%
c #T  : 0.18
c [occur] 0.03 is overhead
c [occur] link-in T: 0.03 cleanup T: 0.00
c --> Executing OCC strategy token: occ-bva
c --> Executing OCC strategy token: occ-ternary-res
c [occ-ternary-res] Ternary res-tri: 0 res-bin: 0 sub: 0 str: 0 T: 0.00 T-out: N T-r: 99.79%
c --> Executing OCC strategy token: occ-xor
c [occ-xor] sort occur list T: 0.00
c [xor-clean-equiv] removed equivalent xors: 0 left with: 947
c [occ-xor] found    947 avg sz 6.0 min sz  4 max sz  6 T: 0.01 T-out: N T-r: 99.97%
c --> Executing strategy token: card-find
c --> Executing strategy token: cl-consolidate
c Not consolidating memory.
c --> Executing strategy token: scc-vrepl
c [scc] new: 0 BP 0M T: 0.00
c --> Executing strategy token: renumber
c --> Executing strategy token: bosphorus
c --> Executing strategy token: louvain-comms
c [consolidate] mini T: 0.00
c global_timeout_multiplier: 3.9930
c [branch] rebuilding order heap for all branchings. Current branching: vmtf
c [find&init matx] performing matrix init
c [gauss] XOR-encoding clauses are not detached, so no need to reattach them.
c [xor-rem-unconnected] left with 946 xors from 947 non-empty xors T: 0.00
c [xor-together] xored together: 884 orig xors: 946 new xors: 62 T: 0.00
c [xor-rem-unconnected] left with 62 xors from 62 non-empty xors T: 0.00
c [xor-clean-equiv] removed equivalent xors: 0 left with: 62
c [matrix] unused xors from cleaning: 1
c [matrix] Good   matrix  0     62 x  493  density:0.1264  xorlen avg: 62.31
c [matrix] Using 1 matrices recovered from 0 xors T: 0.00 T-out: N
c rst  geom ibes  vmt   651  244K    1514   34K   788    5.85    5.76   635   327   40K    97   39.85   39.77
c [full-probe]  bin_only: 0 set: 0 repl: 0 T: 0.01 T-out: N T-r: 96.47%
c rst  geom ibes  vmt   652  246K    1514   34K   788    5.85    5.76   635   329   42K    97   40.33   40.25
c [gauss] XOR-encoding clauses are not detached, so no need to reattach them.
c [g 0] truth-find prop checks  : 44K
c [g 0] -> of which prop        : 73.34 %
c [g 0] -> of which confl       :  2.63 %
c [g 0] elim called             : 1170
c [g 0] ---> which lead to prop : 56.15 %
c [g 0] ---> which lead to confl:  2.39 %
c [g 0] size: 62    x 493  
c [scc] new: 0 BP 0M T: 0.00
c [vrep] vars 0 lits 0 rem-bin-cls 0 rem-long-cls 0 BP 0M T: 0.01
c [intree] Set 0 vars hyper-added: 0 trans-irred: 0 trans-red: 0 T: 0.00 T-out: N T-r: 0.15%
c [find&init matx] performing matrix init
c [gauss] XOR-encoding clauses are not detached, so no need to reattach them.
c [xor-rem-unconnected] left with 946 xors from 947 non-empty xors T: 0.00
c [xor-together] xored together: 884 orig xors: 946 new xors: 62 T: 0.00
c [xor-rem-unconnected] left with 62 xors from 62 non-empty xors T: 0.00
c [xor-clean-equiv] removed equivalent xors: 0 left with: 62
c [matrix] unused xors from cleaning: 1
c [matrix] Good   matrix 0 62      x493    density:0.1264  xorlen avg: 62.31
c [matrix] Using 1 matrices recovered from 0 xors T: 0.00 T-out: N
c rst  geom ibes vmt  653   248 K 1514      34K   788 5.85    5.76      635   337   44K    97 40.31   40.22  
c rst  geom ibes vmt  654   251 K 1514      34K   788 5.85    5.76      646   269   47K    97 40.76   40.68  
c [branch] adjusting to: vsid (from: vmtf) var_decay:0.95 descr: VSIDS
c rst  geom svd  vs   655   251 K 1514      34K   788 5.85    5.76      646   269   47K    97 40.79   40.72  
c rst  geom svd  vs   656   251 K 1514      34K   788 5.85    5.76      647   271   47K    97 40.80   40.73  
c rst  geom svd  vs   657   251 K 1514      34K   788 5.85    5.76      647   271   47K    97 40.77   40.69  
c rst  geom svd  vs   658   251 K 1514      34K   788 5.85    5.76      647   272   47K    97 40.74   40.66  
c rst  geom svd  vs   659   251 K 1514      34K   788 5.85    5.76      647   273   47K    97 40.71   40.63  
c rst  geom svd  vs   660   251 K 1514      34K   788 5.85    5.76      647   273   48K    97 40.70   40.62  
c [distill-long-red0] cls tried: 16/16 T: 0.00 T-out: N T-r: 99.96%
c [distill-long-red1] cls tried: 68/68 T: 0.00 T-out: N T-r: 37.53%
c rst  geom svd  vs   661   252 K 1514      34K   788 5.85    5.76      647   273   48K    97 40.69   40.61  
c rst  geom svd  vs   662   252 K 1514      34K   788 5.85    5.76      647   274   48K    97 40.66   40.58  
c rst  geom svd  vs   663   252 K 1514      34K   788 5.85    5.76      647   274   48K    97 40.60   40.52  
c rst  geom svd  vs   664   252 K 1514      34K   788 5.85    5.76      647   276   48K    97 40.60   40.52  
c rst  geom svd  vs   665   253 K 1514      34K   788 5.85    5.76      648   277   49K    97 40.65   40.57  
c rst  geom svd  vs   666   253 K 1514      34K   788 5.85    5.76      648   277   49K    97 40.71   40.64  
c rst  geom svd  vs   667   253 K 1514      34K   788 5.85    5.76      648   279   49K    97 40.76   40.69  
c rst  geom svd  vs   668   254 K 1514      34K   788 5.85    5.76      648   280   50K    97 40.82   40.75  
c rst  geom svd  vs   669   254 K 1514      34K   788 5.85    5.76      648   281   50K    97 40.82   40.75  
c rst  geom svd  vs   670   255 K 1514      34K   788 5.85    5.76      649   311   35K    97 40.35   40.25  
c rst  geom svd  vs   671   255 K 1514      34K   788 5.85    5.76      649   311   35K    97 40.52   40.42  
c rst  geom svd  vs   672   256 K 1514      34K   788 5.85    5.76      649   319   36K    97 40.51   40.41  
c [distill] watch-based irred--  cl tried 8794     cl-sh 0     cl-rem 0    lit-rem 0      T: 0.00 T-out: N
c [distill] watch-based red  --  cl tried 1298     cl-sh 2     cl-rem 0    lit-rem 2      T: 0.00 T-out: N
c rst  geom svd  vs   673   256 K 1514      34K   788 5.85    5.76      649   322   36K    97 40.65   40.56  
c rst  geom svd  vs   674   257 K 1514      34K   788 5.85    5.76      649   322   37K    97 40.58   40.48  
c rst  geom svd  vs   675   258 K 1514      34K   788 5.85    5.76      649   323   38K    97 40.74   40.65  
c [distill-bin] useful: 0/788/788 lits-rem: 0 cl-rem: 0 0-depth-assigns: 0 T: 0.01 T-out: N
c rst  geom svd  vs   676   258 K 1514      34K   788 5.85    5.76      649   323   39K    97 40.73   40.63  
c rst  geom best vs   677   259 K 1514      34K   788 5.85    5.76      649   323   40K    97 40.50   40.41  
c rst  geom best vs   678   260 K 1514      34K   788 5.85    5.76      669   294   40K    97 40.50   40.41  
c rst  geom best vs   679   261 K 1514      34K   788 5.85    5.76      669   295   42K    97 40.26   40.18  
c rst  geom best vs   680   262 K 1514      34K   788 5.85    5.76      669   295   43K    97 40.46   40.38  
c rst  geom best vs   681   264 K 1514      34K   788 5.85    5.76      669   295   44K    97 40.36   40.27  
c rst  geom best vs   682   265 K 1514      34K   788 5.85    5.76      670   299   45K    97 40.48   40.40  
c [full-probe]  bin_only: 1 set: 0 repl: 0 T: 0.00 T-out: N T-r: 99.79%
c rst  geom best vs   683   267 K 1514      34K   788 5.85    5.76      671   299   47K    97 40.34   40.26  
c [distill-long-red0] cls tried: 12/12 T: 0.00 T-out: N T-r: 99.98%
c [distill-long-red1] cls tried: 46/46 T: 0.00 T-out: N T-r: 57.05%
c rst  geom stb  vs   684   268 K 1514      34K   788 5.85    5.76      671   304   49K    97 40.11   40.04  
c [ccnr] saving best assignment phase to stable_polar
c [ccnr] bumping based on var unsat frequency: conflict_ct
c [ccnr] Bumped vars: 1515 bump type: 6
c [ccnr] time: 0.27
c rst  geom stb  vs   685   270 K 1514      34K   788 5.85    5.76      686   295   34K    97 41.98   41.87  
c rst  geom stb  vs   686   272 K 1514      34K   788 5.85    5.76      686   295   36K    97 42.20   42.10  
c rst  geom stb  vs   687   274 K 1514      34K   788 5.85    5.76      686   302   39K    97 42.91   42.81  
c rst  geom ibes vs   688   277 K 1514      34K   788 5.85    5.76      686   309   41K    97 43.26   43.17  
c rst  geom ibes vs   689   280 K 1514      34K   788 5.85    5.76      712   281   44K    97 44.31   44.22  
c [distill-bin] useful: 0/788/788 lits-rem: 0 cl-rem: 0 0-depth-assigns: 0 T: 0.01 T-out: N
c rst  geom ibes vs   690   283 K 1514      34K   788 5.85    5.76      712   286   47K    97 44.46   44.37  
c [branch] adjusting to: vmtf (from: vsid) var_decay:0.95 descr: VMTF
c [distill-long-red0] cls tried: 15/15 T: 0.00 T-out: N T-r: 99.98%
c [distill-long-red1] cls tried: 34/34 T: 0.00 T-out: N T-r: 69.10%
c [distill] watch-based irred--  cl tried 8794     cl-sh 0     cl-rem 0    lit-rem 0      T: 0.00 T-out: N
c [distill] watch-based red  --  cl tried 1424     cl-sh 9     cl-rem 0    lit-rem 17     T: 0.00 T-out: N
c [impl-str] lit bin: 0 set-var: 0 T: 0.00 T-out: N T-r: 99.95% w-visit: 3030
c [impl-sub] bin: 0 T: 0.00 T-out: N w-visit: 3030
c rst  luby svd  vmt  691   283 K 1514      34K   788 5.85    5.76      722   308   47K    97 44.39   44.30  
c rst  luby svd  vmt  692   283 K 1514      34K   788 5.85    5.76      722   309   47K    97 44.37   44.29  
c rst  luby svd  vmt  693   283 K 1514      34K   788 5.85    5.76      722   312   47K    97 44.39   44.31  
c rst  luby svd  vmt  694   283 K 1514      34K   788 5.85    5.76      722   314   47K    97 44.38   44.30  
c rst  luby svd  vmt  695   283 K 1514      34K   788 5.85    5.76      722   314   47K    97 44.37   44.29  
c rst  luby svd  vmt  696   284 K 1514      34K   788 5.85    5.76      722   315   48K    97 44.38   44.29  
c rst  luby svd  vmt  697   284 K 1514      34K   788 5.85    5.76      722   316   48K    97 44.49   44.41  
c rst  luby svd  vmt  698   284 K 1514      34K   788 5.85    5.76      722   316   48K    97 44.48   44.40  
c rst  luby svd  vmt  699   284 K 1514      34K   788 5.85    5.76      722   316   48K    97 44.46   44.38  
c rst  luby svd  vmt  700   284 K 1514      34K   788 5.85    5.76      722   316   48K    97 44.45   44.37  
c rst  luby svd  vmt  701   284 K 1514      34K   788 5.85    5.76      722   316   49K    97 44.45   44.37  
c rst  luby svd  vmt  702   285 K 1514      34K   788 5.85    5.76      726   355   31K    97 43.58   43.45  
c rst  luby svd  vmt  703   285 K 1514      34K   788 5.85    5.76      726   358   31K    97 43.59   43.47  
c rst  luby svd  vmt  704   285 K 1514      34K   788 5.85    5.76      726   359   31K    97 43.63   43.50  
c [full-probe]  bin_only: 0 set: 0 repl: 0 T: 0.00 T-out: N T-r: 98.44%
c rst  luby svd  vmt  705   286 K 1514      34K   788 5.85    5.76      726   361   32K    97 43.54   43.42  
c rst  luby svd  vmt  706   286 K 1514      34K   788 5.85    5.76      726   361   32K    97 43.55   43.43  
c rst  luby svd  vmt  707   286 K 1514      34K   788 5.85    5.76      726   363   32K    97 43.55   43.43  
c rst  luby svd  vmt  708   286 K 1514      34K   788 5.85    5.76      726   365   32K    97 43.52   43.40  
c rst  luby svd  vmt  709   286 K 1514      34K   788 5.85    5.76      726   365   32K    97 43.55   43.43  
c rst  luby svd  vmt  710   287 K 1514      34K   788 5.85    5.76      726   367   33K    97 43.57   43.45  
c rst  luby svd  vmt  711   287 K 1514      34K   788 5.85    5.76      726   367   33K    97 43.59   43.47  
c rst  luby svd  vmt  712   287 K 1514      34K   788 5.85    5.76      726   374   33K    97 43.70   43.58  
c rst  luby svd  vmt  713   287 K 1514      34K   788 5.85    5.76      726   374   33K    97 43.69   43.57  
c rst  luby svd  vmt  714   287 K 1514      34K   788 5.85    5.76      726   374   33K    97 43.67   43.56  
c rst  luby svd  vmt  715   288 K 1514      34K   788 5.85    5.76      726   376   34K    97 43.68   43.57  
c rst  luby svd  vmt  716   288 K 1514      34K   788 5.85    5.76      726   377   34K    97 43.65   43.53  
c rst  luby svd  vmt  717   288 K 1514      34K   788 5.85    5.76      726   377   34K    97 43.65   43.53  
c rst  luby svd  vmt  718   288 K 1514      34K   788 5.85    5.76      726   377   34K    97 43.62   43.51  
c rst  luby svd  vmt  719   288 K 1514      34K   788 5.85    5.76      726   380   34K    97 43.63   43.52  
c rst  luby svd  vmt  720   289 K 1514      34K   788 5.85    5.76      726   382   35K    97 43.71   43.60  
c rst  luby svd  vmt  721   291 K 1514      34K   788 5.85    5.76      759   348   37K    97 44.00   43.90  
c rst  geom best vmt  722   291 K 1514      34K   788 5.85    5.76      759   351   37K    97 43.99   43.88  
c rst  geom best vmt  723   291 K 1514      34K   788 5.85    5.76      759   351   37K    97 43.97   43.87  
c rst  geom best vmt  724   291 K 1514      34K   788 5.85    5.76      759   351   37K    97 43.95   43.84  
c rst  geom best vmt  725   291 K 1514      34K   788 5.85    5.76      759   351   37K    97 43.96   43.86  
c rst  geom best vmt  726   291 K 1514      34K   788 5.85    5.76      759   351   37K    97 43.93   43.83  
c rst  geom best vmt  727   292 K 1514      34K   788 5.85    5.76      759   351   38K    97 43.90   43.79  
c rst  geom best vmt  728   292 K 1514      34K   788 5.85    5.76      759   351   38K    97 43.87   43.77  
c rst  geom best vmt  729   292 K 1514      34K   788 5.85    5.76      759   354   38K    97 43.90   43.80  
c rst  geom best vmt  730   292 K 1514      34K   788 5.85    5.76      759   354   38K    97 43.93   43.83  
c rst  geom best vmt  731   293 K 1514      34K   788 5.85    5.76      759   355   38K    97 44.00   43.90  
c rst  geom best vmt  732   293 K 1514      34K   788 5.85    5.76      759   355   39K    97 43.98   43.88  
c rst  geom best vmt  733   293 K 1514      34K   788 5.85    5.76      759   356   39K    97 44.04   43.94  
c rst  geom best vmt  734   293 K 1514      34K   788 5.85    5.76      759   358   39K    97 44.00   43.90  
c rst  geom best vmt  735   294 K 1514      34K   788 5.85    5.76      759   358   40K    97 43.97   43.88  
c rst  geom best vmt  736   294 K 1514      34K   788 5.85    5.76      765   385   40K    97 43.87   43.78  
c rst  geom best vmt  737   295 K 1514      34K   788 5.85    5.76      766   392   41K    97 43.77   43.67  
c rst  geom best vmt  738   295 K 1514      34K   788 5.85    5.76      766   400   41K    97 43.55   43.45  
c rst  geom best vmt  739   296 K 1514      34K   788 5.85    5.76      766   401   42K    97 43.25   43.15  
c rst  geom best vmt  740   296 K 1514      34K   788 5.85    5.76      767   411   42K    97 42.89   42.80  
c rst  geom best vmt  741   297 K 1514      34K   788 5.85    5.76      767   425   43K    97 42.62   42.53  
c rst  geom best vmt  742   298 K 1514      34K   788 5.85    5.76      768   444   44K    97 42.27   42.18  
c rst  geom best vmt  743   298 K 1514      34K   788 5.85    5.76      768   447   44K    97 41.80   41.72  
c [distill-long-red0] cls tried: 48/48 T: 0.00 T-out: N T-r: 99.97%
c [distill-long-red1] cls tried: 177/177 T: 0.00 T-out: N T-r: 19.34%
c rst  geom best vmt  744   299 K 1514      34K   788 5.85    5.76      769   470   45K    97 41.47   41.38  
c rst  geom stb  vmt  745   300 K 1514      34K   788 5.85    5.76      867   513   34K    97 41.01   40.90  
c [distill-bin] useful: 0/788/788 lits-rem: 0 cl-rem: 0 0-depth-assigns: 0 T: 0.00 T-out: N
c rst  geom stb  vmt  746   301 K 1514      34K   788 5.85    5.76      868   524   35K    97 40.35   40.25  
c rst  geom stb  vmt  747   303 K 1514      34K   788 5.85    5.76      868   542   37K    97 39.76   39.66  
c rst  geom stb  vmt  748   304 K 1514      34K   788 5.85    5.76      869   574   38K    97 39.16   39.07  
c rst  geom stb  vmt  749   305 K 1514      34K   788 5.85    5.76      872   599   39K    97 38.45   38.36  
c [full-probe]  bin_only: 1 set: 0 repl: 0 T: 0.00 T-out: N T-r: 99.83%
c rst  geom stb  vmt  750   307 K 1514      34K   788 5.85    5.76      873   610   41K    97 37.63   37.55  
c rst  geom stb  vmt  751   308 K 1514      34K   788 5.85    5.76      877   628   42K    97 36.86   36.79  
c [distill] watch-based irred--  cl tried 8794     cl-sh 0     cl-rem 0    lit-rem 0      T: 0.01 T-out: N
c [distill] watch-based red  --  cl tried 1754     cl-sh 12    cl-rem 0    lit-rem 24     T: 0.00 T-out: N
c rst  geom ibes vmt  752   310 K 1514      34K   788 5.85    5.76      984   532   44K    97 36.01   35.94  
c rst  geom ibes vmt  753   312 K 1514      34K   788 5.85    5.76      984   568   46K    97 35.52   35.46  
c [gauss] XOR-encoding clauses are not detached, so no need to reattach them.
c [g 0] truth-find prop checks  : 2086K
c [g 0] -> of which prop        : 48.54 %
c [g 0] -> of which confl       :  1.85 %
c [g 0] elim called             : 141K
c [g 0] ---> which lead to prop : 44.28 %
c [g 0] ---> which lead to confl:  1.37 %
c [g 0] size: 62    x 493  
c [scc] new: 0 BP 0M T: 0.00
c [vrep] vars 0 lits 0 rem-bin-cls 0 rem-long-cls 0 BP 0M T: 0.01
c [intree] Set 0 vars hyper-added: 4 trans-irred: 0 trans-red: 0 T: 0.00 T-out: N T-r: -0.85%
c [find&init matx] performing matrix init
c [gauss] XOR-encoding clauses are not detached, so no need to reattach them.
c [xor-rem-unconnected] left with 946 xors from 947 non-empty xors T: 0.00
c [xor-together] xored together: 884 orig xors: 946 new xors: 62 T: 0.00
c [xor-rem-unconnected] left with 62 xors from 62 non-empty xors T: 0.00
c [xor-clean-equiv] removed equivalent xors: 0 left with: 62
c [matrix] unused xors from cleaning: 1
c [matrix] Good   matrix 0 62      x493    density:0.1264  xorlen avg: 62.31
c [matrix] Using 1 matrices recovered from 0 xors T: 0.00 T-out: N
c [ccnr] saving best assignment phase to stable_polar
c [ccnr] bumping based on clause weights
c [ccnr] Bumped vars: 101 bump type: 6
c [ccnr] time: 0.27
c rst  geom ibes vmt  754   315 K 1514      34K   788 5.85    5.76     1032  1051   35K   101 32.26   32.18  
c [branch] adjusting to: vsid (from: vmtf) var_decay:0.95 descr: VSIDS
c [distill-long-red0] cls tried: 158/158 T: 0.01 T-out: N T-r: 99.63%
c [distill-long-red1] cls tried: 44/764 T: 0.01 T-out: Y T-r: -6.29%
c rst  geom ibes vs   755   315 K 1514      34K   788 5.85    5.76     1032  1051   36K   101 32.27   32.19  
c rst  geom ibes vs   756   315 K 1514      34K   788 5.85    5.76     1035  1052   36K   101 32.31   32.23  
c rst  geom ibes vs   757   315 K 1514      34K   788 5.85    5.76     1035  1052   36K   101 32.37   32.29  
c rst  geom ibes vs   758   315 K 1514      34K   788 5.85    5.76     1036  1053   36K   101 32.46   32.38  
c rst  geom ibes vs   759   315 K 1514      34K   788 5.85    5.76     1036  1053   36K   101 32.49   32.41  
c rst  geom ibes vs   760   315 K 1514      34K   788 5.85    5.76     1036  1053   36K   101 32.55   32.48  
c rst  geom ibes vs   761   316 K 1514      34K   788 5.85    5.76     1037  1056   36K   101 32.61   32.53  
c rst  geom ibes vs   762   316 K 1514      34K   788 5.85    5.76     1037  1059   37K   101 32.69   32.61  
c rst  geom ibes vs   763   316 K 1514      34K   788 5.85    5.76     1037  1061   37K   101 32.71   32.64  
c rst  geom ibes vs   764   316 K 1514      34K   788 5.85    5.76     1037  1061   37K   101 32.85   32.77  
c rst  geom ibes vs   765   317 K 1514      34K   788 5.85    5.76     1037  1061   37K   101 32.92   32.85  
c rst  geom svd  vs   766   317 K 1514      34K   788 5.85    5.76     1037  1061   38K   101 33.12   33.04  
c rst  geom svd  vs   767   317 K 1514      34K   788 5.85    5.76     1037  1061   38K   101 33.24   33.16  
c rst  geom svd  vs   768   318 K 1514      34K   788 5.85    5.76     1038  1062   38K   101 33.15   33.07  
c rst  geom svd  vs   769   318 K 1514      34K   788 5.85    5.76     1038  1063   39K   101 33.12   33.05  
c rst  geom svd  vs   770   319 K 1514      34K   788 5.85    5.76     1038  1066   39K   101 33.14   33.07  
c rst  geom svd  vs   771   319 K 1514      34K   788 5.85    5.76     1038  1068   40K   101 33.11   33.04  
c rst  geom svd  vs   772   320 K 1514      34K   788 5.85    5.76     1121   961   40K   101 33.26   33.19  
c rst  geom svd  vs   773   320 K 1514      34K   788 5.85    5.76     1121   965   41K   101 33.49   33.41  
c rst  geom svd  vs   774   321 K 1514      34K   788 5.85    5.76     1121   965   42K   101 33.54   33.47  
c [distill-bin] useful: 0/788/788 lits-rem: 0 cl-rem: 0 0-depth-assigns: 0 T: 0.00 T-out: N
c rst  geom svd  vs   775   322 K 1514      34K   788 5.85    5.76     1121   965   42K   101 33.59   33.52  
c rst  geom svd  vs   776   322 K 1514      34K   788 5.85    5.76     1121   967   43K   101 33.62   33.55  
c rst  geom svd  vs   777   323 K 1514      34K   788 5.85    5.76     1121   967   44K   101 33.61   33.54  
c rst  geom svd  vs   778   324 K 1514      34K   788 5.85    5.76     1121   968   45K   101 33.93   33.86  
c rst  geom svd  vs   779   325 K 1514      34K   788 5.85    5.76     1121   969   46K   101 34.01   33.94  
c [full-probe]  bin_only: 0 set: 0 repl: 0 T: 0.00 T-out: N T-r: 98.18%
c rst  geom best vs   780   326 K 1514      34K   788 5.85    5.76     1121   978   47K   101 34.19   34.12  
c rst  geom best vs   781   328 K 1514      34K   788 5.85    5.76     1121   982   48K   101 34.25   34.18  
c rst  geom best vs   782   329 K 1514      34K   788 5.85    5.76     1121   982   50K   101 34.26   34.19  
c rst  geom best vs   783   331 K 1514      34K   788 5.85    5.76     1150   977   38K   101 29.55   29.48  
c [distill-long-red0] cls tried: 83/83 T: 0.00 T-out: N T-r: 99.81%
c [distill-long-red1] cls tried: 50/713 T: 0.00 T-out: Y T-r: -2.37%
c rst  geom best vs   784   332 K 1514      34K   788 5.85    5.76     1151   977   39K   101 30.13   30.06  
c rst  geom best vs   785   334 K 1514      34K   788 5.85    5.76     1152   987   41K   101 30.58   30.51  
c [distill] watch-based irred--  cl tried 8794     cl-sh 0     cl-rem 0    lit-rem 0      T: 0.01 T-out: N
c [distill] watch-based red  --  cl tried 2304     cl-sh 8     cl-rem 0    lit-rem 10     T: 0.00 T-out: N
c rst  geom stb  vs   786   336 K 1514      34K   788 5.85    5.76     1152   992   43K   101 30.73   30.66  
c rst  geom stb  vs   787   338 K 1514      34K   788 5.85    5.76     1152  1023   45K   101 31.83   31.76  
c rst  geom stb  vs   788   341 K 1514      34K   788 5.85    5.76     1172   999   48K   101 32.92   32.86  
c [distill-bin] useful: 0/788/788 lits-rem: 0 cl-rem: 0 0-depth-assigns: 0 T: 0.00 T-out: N
c rst  geom stb  vs   789   344 K 1514      34K   788 5.85    5.76     1172  1004   51K   101 33.64   33.58  
c [impl-str] lit bin: 0 set-var: 0 T: 0.00 T-out: N T-r: 99.95% w-visit: 3030
c [impl-sub] bin: 0 T: 0.00 T-out: N w-visit: 3030
c rst  geom ibes vs   790   347 K 1514      34K   788 5.85    5.76     1177  1046   38K   101 37.90   37.81  
c [distill-long-red0] cls tried: 31/31 T: 0.00 T-out: N T-r: 99.96%
c [distill-long-red1] cls tried: 99/737 T: 0.01 T-out: Y T-r: -1.38%
c [full-probe]  bin_only: 1 set: 0 repl: 0 T: 0.00 T-out: N T-r: 99.88%
c rst  geom ibes vs   791   350 K 1514      34K   788 5.85    5.76     1191  1024   42K   101 37.94   37.86  
c rst  geom ibes vs   792   354 K 1514      34K   788 5.85    5.76     1191  1032   45K   101 39.03   38.96  
c [branch] adjusting to: vmtf (from: vsid) var_decay:0.95 descr: VMTF
c rst  luby svd  vmt  793   354 K 1514      34K   788 5.85    5.76     1191  1047   45K   101 38.98   38.91  
c rst  luby svd  vmt  794   354 K 1514      34K   788 5.85    5.76     1191  1048   46K   101 38.94   38.86  
c rst  luby svd  vmt  795   354 K 1514      34K   788 5.85    5.76     1191  1054   46K   101 38.92   38.84  
c rst  luby svd  vmt  796   354 K 1514      34K   788 5.85    5.76     1191  1054   46K   101 38.92   38.84  
c rst  luby svd  vmt  797   354 K 1514      34K   788 5.85    5.76     1191  1054   46K   101 38.91   38.83  
c rst  luby svd  vmt  798   354 K 1514      34K   788 5.85    5.76     1191  1054   46K   101 38.92   38.84  
c rst  luby svd  vmt  799   355 K 1514      34K   788 5.85    5.76     1191  1054   47K   101 38.88   38.81  
c rst  luby svd  vmt  800   355 K 1514      34K   788 5.85    5.76     1191  1054   47K   101 38.86   38.79  
c rst  luby svd  vmt  801   355 K 1514      34K   788 5.85    5.76     1191  1054   47K   101 38.83   38.75  
c rst  luby svd  vmt  802   355 K 1514      34K   788 5.85    5.76     1191  1054   47K   101 38.80   38.73  
c rst  luby svd  vmt  803   355 K 1514      34K   788 5.85    5.76     1191  1054   47K   101 38.79   38.72  
c rst  luby svd  vmt  804   355 K 1514      34K   788 5.85    5.76     1191  1054   47K   101 38.77   38.70  
c rst  luby svd  vmt  805   356 K 1514      34K   788 5.85    5.76     1191  1054   47K   101 38.77   38.70  
c rst  luby svd  vmt  806   356 K 1514      34K   788 5.85    5.76     1191  1057   48K   101 38.82   38.74  
c rst  luby svd  vmt  807   357 K 1514      34K   788 5.85    5.76     1191  1058   49K   101 38.94   38.86  
c [ccnr] saving best assignment phase to stable_polar
c [ccnr] bumping based on var unsat frequency: conflict_ct
c [ccnr] Bumped vars: 1515 bump type: 6
c [ccnr] time: 0.27
c rst  luby svd  vmt  808   357 K 1514      34K   788 5.85    5.76     1198  1072   49K   101 38.89   38.81  
c rst  luby svd  vmt  809   357 K 1514      34K   788 5.85    5.76     1198  1076   49K   101 38.88   38.81  
c rst  luby svd  vmt  810   357 K 1514      34K   788 5.85    5.76     1198  1076   49K   101 38.88   38.81  
c rst  luby svd  vmt  811   357 K 1514      34K   788 5.85    5.76     1198  1076   49K   101 38.94   38.87  
c rst  luby svd  vmt  812   357 K 1514      34K   788 5.85    5.76     1198  1076   49K   101 38.94   38.87  
c rst  luby svd  vmt  813   358 K 1514      34K   788 5.85    5.76     1198  1082   49K   101 38.98   38.91  
c rst  luby svd  vmt  814   358 K 1514      34K   788 5.85    5.76     1198  1082   50K   101 39.01   38.94  
c rst  luby svd  vmt  815   358 K 1514      34K   788 5.85    5.76     1198  1083   50K   101 39.03   38.96  
c rst  luby svd  vmt  816   358 K 1514      34K   788 5.85    5.76     1198  1083   50K   101 39.04   38.97  
c rst  luby svd  vmt  817   358 K 1514      34K   788 5.85    5.76     1198  1084   50K   101 39.13   39.05  
c rst  luby svd  vmt  818   359 K 1514      34K   788 5.85    5.76     1198  1084   50K   101 39.19   39.12  
c rst  luby svd  vmt  819   359 K 1514      34K   788 5.85    5.76     1198  1084   50K   101 39.22   39.15  
c rst  luby svd  vmt  820   359 K 1514      34K   788 5.85    5.76     1198  1086   51K   101 39.28   39.21  
c rst  luby svd  vmt  821   359 K 1514      34K   788 5.85    5.76     1200  1087   51K   101 39.36   39.29  
c [distill] watch-based irred--  cl tried 8794     cl-sh 0     cl-rem 0    lit-rem 0      T: 0.01 T-out: N
c [distill] watch-based red  --  cl tried 2400     cl-sh 5     cl-rem 0    lit-rem 6      T: 0.00 T-out: N
c rst  luby svd  vmt  822   360 K 1514      34K   788 5.85    5.76     1247  1035   36K   101 41.60   41.49  
c rst  luby svd  vmt  823   362 K 1514      34K   788 5.85    5.76     1247  1035   37K   101 41.37   41.27  
c [distill-bin] useful: 0/788/788 lits-rem: 0 cl-rem: 0 0-depth-assigns: 0 T: 0.00 T-out: N
c rst  luby svd  vmt  824   362 K 1514      34K   788 5.85    5.76     1247  1035   37K   101 41.33   41.23  
c [distill-long-red0] cls tried: 61/61 T: 0.00 T-out: N T-r: 99.91%
c [distill-long-red1] cls tried: 152/696 T: 0.01 T-out: Y T-r: -0.46%
c rst  luby svd  vmt  825   362 K 1514      34K   788 5.85    5.76     1247  1035   37K   101 41.33   41.23  
c rst  luby svd  vmt  826   362 K 1514      34K   788 5.85    5.76     1247  1035   38K   101 41.38   41.28  
c rst  luby svd  vmt  827   362 K 1514      34K   788 5.85    5.76     1247  1035   38K   101 41.39   41.29  
c rst  luby svd  vmt  828   362 K 1514      34K   788 5.85    5.76     1247  1036   38K   101 41.41   41.31  
c rst  geom best vmt  829   362 K 1514      34K   788 5.85    5.76     1247  1036   38K   101 41.41   41.31  
c rst  geom best vmt  830   362 K 1514      34K   788 5.85    5.76     1247  1037   38K   101 41.39   41.29  
c rst  geom best vmt  831   363 K 1514      34K   788 5.85    5.76     1247  1037   38K   101 41.42   41.32  
c rst  geom best vmt  832   363 K 1514      34K   788 5.85    5.76     1247  1037   38K   101 41.40   41.30  
c rst  geom best vmt  833   363 K 1514      34K   788 5.85    5.76     1247  1037   39K   101 41.33   41.24  
c rst  geom best vmt  834   363 K 1514      34K   788 5.85    5.76     1247  1038   39K   101 41.30   41.21  
c rst  geom best vmt  835   363 K 1514      34K   788 5.85    5.76     1247  1038   39K   101 41.26   41.17  
c rst  geom best vmt  836   364 K 1514      34K   788 5.85    5.76     1247  1039   39K   101 41.33   41.23  
c rst  geom best vmt  837   364 K 1514      34K   788 5.85    5.76     1247  1039   39K   101 41.34   41.24  
c rst  geom best vmt  838   364 K 1514      34K   788 5.85    5.76     1247  1039   40K   101 41.39   41.30  
c rst  geom best vmt  839   364 K 1514      34K   788 5.85    5.76     1247  1039   40K   101 41.38   41.29  
c rst  geom best vmt  840   365 K 1514      34K   788 5.85    5.76     1247  1040   40K   101 41.34   41.25  
c rst  geom best vmt  841   365 K 1514      34K   788 5.85    5.76     1247  1040   41K   101 41.35   41.26  
c rst  geom best vmt  842   365 K 1514      34K   788 5.85    5.76     1247  1040   41K   101 41.40   41.31  
c rst  geom best vmt  843   366 K 1514      34K   788 5.85    5.76     1247  1040   41K   101 41.47   41.37  
c rst  geom best vmt  844   366 K 1514      34K   788 5.85    5.76     1247  1041   42K   101 41.48   41.39  
c rst  geom best vmt  845   367 K 1514      34K   788 5.85    5.76     1247  1041   42K   101 41.47   41.38  
c rst  geom best vmt  846   367 K 1514      34K   788 5.85    5.76     1247  1041   43K   101 41.49   41.41  
c [full-probe]  bin_only: 0 set: 0 repl: 0 T: 0.00 T-out: N T-r: 98.09%
c rst  geom best vmt  847   368 K 1514      34K   788 5.85    5.76     1247  1041   43K   101 41.42   41.33  
c rst  geom best vmt  848   368 K 1514      34K   788 5.85    5.76     1247  1041   44K   101 41.32   41.23  
c rst  geom best vmt  849   369 K 1514      34K   788 5.85    5.76     1247  1045   45K   101 41.35   41.27  
c rst  geom best vmt  850   370 K 1514      34K   788 5.85    5.76     1257   966   46K   101 41.50   41.41  
c rst  geom best vmt  851   371 K 1514      34K   788 5.85    5.76     1257   966   46K   101 41.62   41.54  
c rst  geom best vmt  852   372 K 1514      34K   788 5.85    5.76     1257   969   47K   101 41.35   41.27  
c rst  geom stb  vmt  853   373 K 1514      34K   788 5.85    5.76     1257   969   49K   101 41.21   41.14  
c rst  geom stb  vmt  854   374 K 1514      34K   788 5.85    5.76     1257   969   50K   101 40.93   40.86  
c rst  geom stb  vmt  855   375 K 1514      34K   788 5.85    5.76     1258   990   37K   101 40.74   40.65  
c rst  geom stb  vmt  856   377 K 1514      34K   788 5.85    5.76     1258   990   39K   101 40.23   40.13  
c rst  geom stb  vmt  857   378 K 1514      34K   788 5.85    5.76     1258   990   40K   101 39.67   39.58  
c [distill-long-red0] cls tried: 9/9 T: 0.00 T-out: N T-r: 99.98%
c [distill-long-red1] cls tried: 151/540 T: 0.01 T-out: Y T-r: -1.58%
c [gauss] XOR-encoding clauses are not detached, so no need to reattach them.
c [g 0] truth-find prop checks  : 1652K
c [g 0] -> of which prop        : 64.39 %
c [g 0] -> of which confl       :  2.20 %
c [g 0] elim called             : 61K
c [g 0] ---> which lead to prop : 80.46 %
c [g 0] ---> which lead to confl:  2.25 %
c [g 0] size: 62    x 493  
c [scc] new: 0 BP 0M T: 0.00
c [vrep] vars 0 lits 0 rem-bin-cls 0 rem-long-cls 0 BP 0M T: 0.00
c [intree] Set 0 vars hyper-added: 4 trans-irred: 0 trans-red: 1 T: 0.01 T-out: N T-r: -1.28%
c [find&init matx] performing matrix init
c [gauss] XOR-encoding clauses are not detached, so no need to reattach them.
c [xor-rem-unconnected] left with 946 xors from 947 non-empty xors T: 0.00
c [xor-together] xored together: 884 orig xors: 946 new xors: 62 T: 0.00
c [xor-rem-unconnected] left with 62 xors from 62 non-empty xors T: 0.00
c [xor-clean-equiv] removed equivalent xors: 0 left with: 62
c [matrix] unused xors from cleaning: 1
c [matrix] Good   matrix 0 62      x493    density:0.1264  xorlen avg: 62.31
c [matrix] Using 1 matrices recovered from 0 xors T: 0.00 T-out: N
c rst  geom stb  vmt  858   380 K 1514      34K   788 5.85    5.76     1262   794   42K   104 39.08   38.99  
c rst  geom stb  vmt  859   382 K 1514      34K   788 5.85    5.76     1262   794   44K   104 38.46   38.38  
c [distill-bin] useful: 0/788/788 lits-rem: 0 cl-rem: 0 0-depth-assigns: 0 T: 0.00 T-out: N
c rst  geom ibes vmt  860   384 K 1514      34K   788 5.85    5.76     1263   795   46K   104 38.80   38.73  
c rst  geom ibes vmt  861   386 K 1514      34K   788 5.85    5.76     1263   796   48K   104 38.66   38.59  
c [distill] watch-based irred--  cl tried 8794     cl-sh 0     cl-rem 0    lit-rem 0      T: 0.00 T-out: N
c [distill] watch-based red  --  cl tried 2526     cl-sh 5     cl-rem 0    lit-rem 6      T: 0.00 T-out: N
c rst  geom ibes vmt  862   389 K 1514      34K   788 5.85    5.76     1264   799   51K   104 39.20   39.13  
c [full-probe]  bin_only: 1 set: 0 repl: 0 T: 0.00 T-out: N T-r: 99.85%
c rst  geom ibes vmt  863   391 K 1514      34K   788 5.85    5.76     1270   407   40K   104 36.68   36.60  
c rst  geom svd  vmt  864   394 K 1514      34K   788 5.85    5.76     1270   421   43K   104 37.70   37.62  
c [branch] adjusting to: vsid (from: vmtf) var_decay:0.95 descr: VSIDS
c [distill-long-red0] cls tried: 16/16 T: 0.00 T-out: N T-r: 99.98%
c [distill-long-red1] cls tried: 157/162 T: 0.01 T-out: Y T-r: -0.70%
c rst  geom svd  vs   865   394 K 1514      34K   788 5.85    5.76     1270   421   43K   104 37.74   37.66  
c rst  geom svd  vs   866   395 K 1514      34K   788 5.85    5.76     1270   421   43K   104 37.81   37.73  
c rst  geom svd  vs   867   395 K 1514      34K   788 5.85    5.76     1270   422   43K   104 37.84   37.76  
c rst  geom svd  vs   868   395 K 1514      34K   788 5.85    5.76     1270   422   43K   104 37.83   37.74  
c rst  geom svd  vs   869   395 K 1514      34K   788 5.85    5.76     1271   424   44K   104 37.86   37.78  
c rst  geom svd  vs   870   395 K 1514      34K   788 5.85    5.76     1271   425   44K   104 37.91   37.82  
c rst  geom svd  vs   871   395 K 1514      34K   788 5.85    5.76     1271   426   44K   104 37.88   37.80  
c rst  geom svd  vs   872   396 K 1514      34K   788 5.85    5.76     1271   429   44K   104 37.91   37.83  
c rst  geom svd  vs   873   396 K 1514      34K   788 5.85    5.76     1271   430   44K   104 37.97   37.89  
c rst  geom svd  vs   874   396 K 1514      34K   788 5.85    5.76     1272   434   45K   104 38.06   37.98  
c rst  geom svd  vs   875   396 K 1514      34K   788 5.85    5.76     1272   436   45K   104 38.13   38.05  
c rst  geom svd  vs   876   397 K 1514      34K   788 5.85    5.76     1272   437   45K   104 38.17   38.09  
c rst  geom svd  vs   877   397 K 1514      34K   788 5.85    5.76     1272   440   46K   104 38.30   38.22  
c rst  geom svd  vs   878   397 K 1514      34K   788 5.85    5.76     1272   441   46K   104 38.33   38.25  
c recursive minimization cost OK: 1015Kcost/(% lits removed)
c [gauss] XOR-encoding clauses are not detached, so no need to reattach them.
c [g 0] truth-find prop checks  : 470K
c [g 0] -> of which prop        : 67.82 %
c [g 0] -> of which confl       :  2.34 %
c [g 0] elim called             : 17174
c [g 0] ---> which lead to prop : 92.41 %
c [g 0] ---> which lead to confl:  2.79 %
c [g 0] size: 62    x 493  
c --> Executing strategy token: scc-vrepl
c [scc] new: 0 BP 0M T: 0.00
c --> Executing strategy token: sub-impl
c [impl-sub] bin: 0 T: 0.00 T-out: N w-visit: 3030
c --> Executing strategy token: breakid
c --> Executing OCC strategy token(s): 'occ-backw-sub-str,occ-clean-implicit,occ-bve,occ-bva,occ-ternary-res,occ-xor,'
c [occ] mem usage for occur 3      MB
c [occ] Linked in IRRED BIN by default: 788
c [occ] Linked in RED   BIN by default: 104
c [occ] mem usage for occur 0      MB
c Mem for watch alloc      : 12          MB (23.96     %)
c Mem for watch array      : 0           MB (0.13      %)
c --> Executing OCC strategy token: occ-backw-sub-str
c [occ-backw-sub-str-long-w-bins] subs: 0 str: 1 tried: 8557 0-depth ass: 0 T: 0.00 T-out: N T-r: 99.19%
c [occ-backw-sub-long-w-long] rem cl: 37 tried: 82120/82120 (100.0%) T: 0.02 T-out: N T-r: 90.15%
c [occ-backw-sub-str-long-w-long] sub: 2 str: 21 tried: 246360/82120 (300.0)  T: 0.16 T-out: N T-r: 70.26%
c --> Executing OCC strategy token: occ-clean-implicit
c --> Executing OCC strategy token: occ-bve
c [occ-empty-res] Empty resolvent elimed: 0 T: 0.00 T-out: N
c [occ-bve] iter v-elim 0
c cl_inc_rate=1.0, var_dec_rate=1.0 (grow=0)
c Reduced to 1514 vars, 34886 cls (grow=0)
c [occ-bve] iter v-elim 0
c cl_inc_rate=1.0, var_dec_rate=1.0 (grow=8)
c Reduced to 1514 vars, 34886 cls (grow=8)
c [occ-bve] iter v-elim 0
c cl_inc_rate=1.0, var_dec_rate=1.0 (grow=16)
c Reduced to 1514 vars, 34886 cls (grow=16)
c x n vars       : 1514
c #try to eliminate:  4542
c #var-elim        :     0
c #T-o: N
c #T-r: 99.98%
c #T  : 0.18
c [occur] 0.04 is overhead
c [occur] link-in T: 0.04 cleanup T: 0.00
c --> Executing OCC strategy token: occ-bva
c --> Executing OCC strategy token: occ-ternary-res
c [occ-ternary-res] Ternary res-tri: 0 res-bin: 0 sub: 0 str: 0 T: 0.00 T-out: N T-r: 99.79%
c --> Executing OCC strategy token: occ-xor
c [occ-xor] sort occur list T: 0.00
c [xor-clean-equiv] removed equivalent xors: 0 left with: 935
c [occ-xor] found    935 avg sz 5.9 min sz  4 max sz  6 T: 0.00 T-out: N T-r: 99.97%
c --> Executing strategy token: card-find
c --> Executing strategy token: cl-consolidate
c Not consolidating memory.
c --> Executing strategy token: scc-vrepl
c [scc] new: 0 BP 0M T: 0.00
c --> Executing strategy token: renumber
c --> Executing strategy token: bosphorus
c --> Executing strategy token: louvain-comms
c [consolidate] mini T: 0.00
c global_timeout_multiplier: 4.3923
c [branch] rebuilding order heap for all branchings. Current branching: vsid
c [find&init matx] performing matrix init
c [gauss] XOR-encoding clauses are not detached, so no need to reattach them.
c [xor-rem-unconnected] left with 934 xors from 935 non-empty xors T: 0.00
c [xor-together] xored together: 866 orig xors: 934 new xors: 68 T: 0.00
c [xor-rem-unconnected] left with 68 xors from 68 non-empty xors T: 0.00
c [xor-clean-equiv] removed equivalent xors: 0 left with: 68
c [matrix] unused xors from cleaning: 1
c [matrix] Good   matrix  0     68 x  506  density:0.1112  xorlen avg: 56.28
c [matrix] Using 1 matrices recovered from 0 xors T: 0.00 T-out: N
c rst  geom  svd   vs   879  397K    1514   34K   788    5.85    5.76  1256   442   46K   104   38.37   38.29
c rst  geom  svd   vs   880  398K    1514   34K   788    5.85    5.76  1257   448   46K   104   38.46   38.39
c rst  geom  svd   vs   881  398K    1514   34K   788    5.85    5.76  1258   464   47K   104   38.52   38.44
c rst  geom  svd   vs   882  399K    1514   34K   788    5.85    5.76  1258   470   47K   104   38.63   38.55
c rst  geom  svd   vs   883  399K    1514   34K   788    5.85    5.76  1258   472   48K   104   38.72   38.65
c rst  geom  svd   vs   884  400K    1514   34K   788    5.85    5.76  1282   434   48K   104   38.64   38.57
c rst  geom  svd   vs   885  401K    1514   34K   788    5.85    5.76  1282   437   49K   104   38.70   38.63
c rst  geom best   vs   886  401K    1514   34K   788    5.85    5.76  1282   437   50K   104   38.80   38.72
c [ccnr] saving best assignment phase to stable_polar
c [ccnr] bumping based on var unsat frequency: conflict_ct
c [ccnr] Bumped vars: 1515 bump type: 6
c [ccnr] time: 0.27
c rst  geom best   vs   887  402K    1514   34K   788    5.85    5.76  1282   437   50K   104   38.90   38.83
c [distill-bin] useful: 0/788/788 lits-rem: 0 cl-rem: 0 0-depth-assigns: 0 T: 0.01 T-out: N
c rst  geom best   vs   888  403K    1514   34K   788    5.85    5.76  1282   438   51K   104   38.88   38.81
c rst  geom best   vs   889  404K    1514   34K   788    5.85    5.76  1282   442   52K   104   38.92   38.85
c [impl-str] lit bin: 0 set-var: 0 T: 0.00 T-out: N T-r: 99.95% w-visit: 3030
c [impl-sub] bin: 0 T: 0.00 T-out: N w-visit: 3030
c rst  geom best   vs   890  405K    1514   34K   788    5.85    5.76  1285   463   37K   104   37.60   37.51
c rst  geom best   vs   891  406K    1514   34K   788    5.85    5.76  1285   463   38K   104   37.54   37.45
c rst  geom best   vs   892  407K    1514   34K   788    5.85    5.76  1285   465   39K   104   37.56   37.47
c rst  geom best   vs   893  409K    1514   34K   788    5.85    5.76  1285   471   41K   104   37.72   37.63
c [full-probe]  bin_only: 0 set: 0 repl: 0 T: 0.00 T-out: N T-r: 97.53%
c rst  geom best   vs   894  410K    1514   34K   788    5.85    5.76  1323   390   42K   104   37.96   37.88
c [distill-long-red0] cls tried: 49/49 T: 0.00 T-out: N T-r: 99.90%
c [distill-long-red1] cls tried: 73/73 T: 0.01 T-out: N T-r: 34.24%
c rst  geom  stb   vs   895  412K    1514   34K   788    5.85    5.76  1323   391   44K   104   37.69   37.61
c [distill] watch-based irred--  cl tried     9556 cl-sh     0 cl-rem    0 lit-rem      0 T: 0.01 T-out: N
c [distill] watch-based   red--  cl tried     2646 cl-sh     8 cl-rem    0 lit-rem     18 T: 0.00 T-out: N
c rst  geom  stb   vs   896  414K    1514   34K   788    5.85    5.76  1323   391   46K   104   37.64   37.57
c rst  geom  stb   vs   897  416K    1514   34K   788    5.85    5.76  1323   391   48K   104   37.51   37.44
c rst  geom  stb   vs   898  418K    1514   34K   788    5.85    5.76  1323   391   50K   104   37.45   37.38
c rst  geom  stb   vs   899  421K    1514   34K   788    5.85    5.76  1331   394   38K   104   40.46   40.36
c rst  geom ibes   vs   900  423K    1514   34K   788    5.85    5.76  1331   401   41K   104   40.35   40.26
c [distill-bin] useful: 0/788/788 lits-rem: 0 cl-rem: 0 0-depth-assigns: 0 T: 0.01 T-out: N
c rst  geom ibes   vs   901  426K    1514   34K   788    5.85    5.76  1331   410   44K   104   41.01   40.93
c [distill-long-red0] cls tried: 9/9 T: 0.00 T-out: N T-r: 99.99%
c [distill-long-red1] cls tried: 37/37 T: 0.00 T-out: N T-r: 62.56%
c rst  geom ibes   vs   902  430K    1514   34K   788    5.85    5.76  1344   300   47K   104   40.85   40.77
c [full-probe]  bin_only: 1 set: 0 repl: 0 T: 0.00 T-out: N T-r: 99.81%
c rst  geom ibes   vs   903  433K    1514   34K   788    5.85    5.76  1344   304   51K   104   40.13   40.05
c rst  geom  svd   vs   904  437K    1514   34K   788    5.85    5.76  1348   337   38K   104   38.25   38.16
c [branch] adjusting to: vmtf (from: vsid) var_decay:0.95 descr: VMTF
c [distill] watch-based irred--  cl tried     9556 cl-sh     0 cl-rem    0 lit-rem      0 T: 0.00 T-out: N
c [distill] watch-based   red--  cl tried     2696 cl-sh     3 cl-rem    0 lit-rem      6 T: 0.00 T-out: N
c rst  luby  svd  vmt   905  437K    1514   34K   788    5.85    5.76  1352   358   38K   106   38.20   38.10
c rst  luby  svd  vmt   906  438K    1514   34K   788    5.85    5.76  1352   368   38K   106   38.24   38.15
c rst  luby  svd  vmt   907  438K    1514   34K   788    5.85    5.76  1352   368   39K   106   38.35   38.26
c rst  luby  svd  vmt   908  438K    1514   34K   788    5.85    5.76  1352   369   39K   106   38.38   38.29
c rst  luby  svd  vmt   909  438K    1514   34K   788    5.85    5.76  1352   370   39K   106   38.38   38.28
c rst  luby  svd  vmt   910  438K    1514   34K   788    5.85    5.76  1352   370   39K   106   38.37   38.27
c rst  luby  svd  vmt   911  439K    1514   34K   788    5.85    5.76  1352   371   39K   106   38.29   38.19
c rst  luby  svd  vmt   912  439K    1514   34K   788    5.85    5.76  1352   373   39K   106   38.28   38.18
c rst  luby  svd  vmt   913  439K    1514   34K   788    5.85    5.76  1352   374   40K   106   38.26   38.17
c rst  luby  svd  vmt   914  439K    1514   34K   788    5.85    5.76  1352   374   40K   106   38.31   38.22
c rst  luby  svd  vmt   915  439K    1514   34K   788    5.85    5.76  1352   374   40K   106   38.32   38.23
c rst  luby  svd  vmt   916  439K    1514   34K   788    5.85    5.76  1352   374   40K   106   38.29   38.20
c rst  luby  svd  vmt   917  439K    1514   34K   788    5.85    5.76  1352   374   40K   106   38.32   38.23
c rst  luby  svd  vmt   918  440K    1514   34K   788    5.85    5.76  1380   334   41K   106   38.41   38.32
c rst  luby  svd  vmt   919  441K    1514   34K   788    5.85    5.76  1380   338   41K   106   38.49   38.40
c rst  luby  svd  vmt   920  441K    1514   34K   788    5.85    5.76  1380   338   41K   106   38.48   38.40
c rst  luby  svd  vmt   921  441K    1514   34K   788    5.85    5.76  1380   338   42K   106   38.48   38.39
c rst  luby  svd  vmt   922  441K    1514   34K   788    5.85    5.76  1380   338   42K   106   38.42   38.33
c rst  luby  svd  vmt   923  441K    1514   34K   788    5.85    5.76  1380   338   42K   106   38.42   38.33
c rst  luby  svd  vmt   924  441K    1514   34K   788    5.85    5.76  1380   338   42K   106   38.40   38.32
c rst  luby  svd  vmt   925  441K    1514   34K   788    5.85    5.76  1380   338   42K   106   38.40   38.31
c rst  luby  svd  vmt   926  442K    1514   34K   788    5.85    5.76  1380   338   43K   106   38.40   38.31
c [distill-long-red0] cls tried: 25/25 T: 0.00 T-out: N T-r: 99.96%
c [distill-long-red1] cls tried: 58/58 T: 0.01 T-out: N T-r: 51.83%
c rst  luby  svd  vmt   927  442K    1514   34K   788    5.85    5.76  1380   338   43K   106   38.41   38.32
c rst  luby  svd  vmt   928  442K    1514   34K   788    5.85    5.76  1380   339   43K   106   38.44   38.36
c rst  luby  svd  vmt   929  442K    1514   34K   788    5.85    5.76  1380   339   43K   106   38.48   38.39
c rst  luby  svd  vmt   930  442K    1514   34K   788    5.85    5.76  1380   340   43K   106   38.52   38.44
c rst  luby  svd  vmt   931  442K    1514   34K   788    5.85    5.76  1380   340   43K   106   38.56   38.47
c rst  luby  svd  vmt   932  443K    1514   34K   788    5.85    5.76  1380   340   43K   106   38.56   38.48
c rst  luby  svd  vmt   933  443K    1514   34K   788    5.85    5.76  1380   342   44K   106   38.57   38.49
c rst  geom best  vmt   934  443K    1514   34K   788    5.85    5.76  1380   342   44K   106   38.59   38.51
c rst  geom best  vmt   935  443K    1514   34K   788    5.85    5.76  1380   342   44K   106   38.60   38.52
c rst  geom best  vmt   936  443K    1514   34K   788    5.85    5.76  1380   344   44K   106   38.59   38.51
c [gauss] XOR-encoding clauses are not detached, so no need to reattach them.
c [g 0] truth-find prop checks  : 1202K
c [g 0] -> of which prop        : 69.28 %
c [g 0] -> of which confl       :  2.17 %
c [g 0] elim called             : 32K
c [g 0] ---> which lead to prop : 94.19 %
c [g 0] ---> which lead to confl:  2.65 %
c [g 0] size: 68    x 506  
c [scc] new: 0 BP 0M T: 0.00
c [vrep] vars 0 lits 0 rem-bin-cls 0 rem-long-cls 0 BP 0M T: 0.00
c [intree] Set 0 vars hyper-added: 0 trans-irred: 0 trans-red: 0 T: 0.01 T-out: N T-r: -0.65%
c [find&init matx] performing matrix init
c [gauss] XOR-encoding clauses are not detached, so no need to reattach them.
c [xor-rem-unconnected] left with 934 xors from 935 non-empty xors T: 0.00
c [xor-together] xored together: 866 orig xors: 934 new xors: 68 T: 0.00
c [xor-rem-unconnected] left with 68 xors from 68 non-empty xors T: 0.00
c [xor-clean-equiv] removed equivalent xors: 0 left with: 68
c [matrix] unused xors from cleaning: 1
c [matrix] Good   matrix 0 68      x506    density:0.1112  xorlen avg: 56.28
c [matrix] Using 1 matrices recovered from 0 xors T: 0.00 T-out: N
c rst  geom best vmt  937   443 K 1514      34K   788 5.85    5.76     1380   344   44K   106 38.57   38.48  
c [distill-bin] useful: 0/788/788 lits-rem: 0 cl-rem: 0 0-depth-assigns: 0 T: 0.01 T-out: N
c rst  geom best vmt  938   444 K 1514      34K   788 5.85    5.76     1380   344   44K   106 38.55   38.47  
c rst  geom best vmt  939   444 K 1514      34K   788 5.85    5.76     1380   344   45K   106 38.55   38.47  
c rst  geom best vmt  940   444 K 1514      34K   788 5.85    5.76     1380   344   45K   106 38.59   38.51  
c rst  geom best vmt  941   444 K 1514      34K   788 5.85    5.76     1380   344   45K   106 38.58   38.50  
c rst  geom best vmt  942   444 K 1514      34K   788 5.85    5.76     1380   344   45K   106 38.65   38.57  
c rst  geom best vmt  943   445 K 1514      34K   788 5.85    5.76     1380   344   46K   106 38.70   38.62  
c rst  geom best vmt  944   445 K 1514      34K   788 5.85    5.76     1380   344   46K   106 38.70   38.62  
c rst  geom best vmt  945   445 K 1514      34K   788 5.85    5.76     1380   344   46K   106 38.76   38.68  
c [ccnr] saving best assignment phase to stable_polar
c [ccnr] bumping based on clause weights
c [ccnr] Bumped vars: 104 bump type: 6
c [ccnr] time: 0.27
c rst  geom best vmt  946   446 K 1514      34K   788 5.85    5.76     1380   347   46K   106 38.71   38.63  
c rst  geom best vmt  947   446 K 1514      34K   788 5.85    5.76     1380   347   47K   106 38.54   38.46  
c rst  geom best vmt  948   446 K 1514      34K   788 5.85    5.76     1380   349   47K   106 38.37   38.30  
c rst  geom best vmt  949   447 K 1514      34K   788 5.85    5.76     1381   355   48K   106 38.20   38.13  
c rst  geom best vmt  950   447 K 1514      34K   788 5.85    5.76     1382   360   48K   106 38.02   37.95  
c rst  geom best vmt  951   448 K 1514      34K   788 5.85    5.76     1384   373   49K   106 37.82   37.74  
c rst  geom best vmt  952   449 K 1514      34K   788 5.85    5.76     1384   380   49K   106 37.59   37.52  
c rst  geom best vmt  953   449 K 1514      34K   788 5.85    5.76     1384   386   50K   106 37.34   37.27  
c rst  geom best vmt  954   450 K 1514      34K   788 5.85    5.76     1454   482   36K   106 36.13   36.04  
c [full-probe]  bin_only: 0 set: 0 repl: 0 T: 0.00 T-out: N T-r: 98.58%
c rst  geom best vmt  955   451 K 1514      34K   788 5.85    5.76     1454   482   37K   106 35.74   35.65  
c rst  geom best vmt  956   452 K 1514      34K   788 5.85    5.76     1454   482   38K   106 35.24   35.16  
c rst  geom best vmt  957   453 K 1514      34K   788 5.85    5.76     1454   491   39K   106 34.85   34.76  
c rst  geom stb  vmt  958   454 K 1514      34K   788 5.85    5.76     1456   512   40K   106 34.47   34.39  
c rst  geom stb  vmt  959   455 K 1514      34K   788 5.85    5.76     1456   535   41K   106 34.12   34.05  
c rst  geom stb  vmt  960   456 K 1514      34K   788 5.85    5.76     1456   548   42K   106 33.69   33.62  
c rst  geom stb  vmt  961   457 K 1514      34K   788 5.85    5.76     1456   580   44K   106 33.44   33.37  
c [distill-long-red0] cls tried: 35/35 T: 0.00 T-out: N T-r: 99.94%
c [distill-long-red1] cls tried: 88/269 T: 0.01 T-out: Y T-r: -1.28%
c rst  geom stb  vmt  962   459 K 1514      34K   788 5.85    5.76     1456   598   45K   106 33.15   33.08  
c rst  geom stb  vmt  963   461 K 1514      34K   788 5.85    5.76     1551   517   47K   106 32.85   32.79  
c rst  geom stb  vmt  964   463 K 1514      34K   788 5.85    5.76     1553   533   49K   106 32.44   32.38  
c [distill] watch-based irred--  cl tried 9556     cl-sh 0     cl-rem 0    lit-rem 0      T: 0.00 T-out: N
c [distill] watch-based red  --  cl tried 3106     cl-sh 8     cl-rem 0    lit-rem 10     T: 0.01 T-out: N
c rst  geom ibes vmt  965   465 K 1514      34K   788 5.85    5.76     1596   928   37K   106 28.91   28.84  
c [distill-bin] useful: 0/788/788 lits-rem: 0 cl-rem: 0 0-depth-assigns: 0 T: 0.00 T-out: N
c [impl-str] lit bin: 0 set-var: 0 T: 0.00 T-out: N T-r: 99.96% w-visit: 3030
c [impl-sub] bin: 2 T: 0.00 T-out: N w-visit: 3030
c rst  geom ibes vmt  966   467 K 1514      34K   788 5.85    5.76     1599   958   39K   104 28.40   28.33  
c rst  geom ibes vmt  967   469 K 1514      34K   788 5.85    5.76     1601   996   41K   104 28.19   28.12  
c rst  geom ibes vmt  968   472 K 1514      34K   788 5.85    5.76     1696   902   44K   104 27.71   27.65  
c [full-probe]  bin_only: 1 set: 0 repl: 0 T: 0.00 T-out: N T-r: 99.83%
c rst  geom ibes vmt  969   475 K 1514      34K   788 5.85    5.76     1699   940   47K   104 27.12   27.07  
c [distill-long-red0] cls tried: 208/208 T: 0.02 T-out: N T-r: 99.27%
c [distill-long-red1] cls tried: 33/614 T: 0.01 T-out: Y T-r: -2.68%
c rst  geom svd  vmt  970   478 K 1514      34K   788 5.85    5.76     1700   965   50K   104 26.46   26.41  
c rst  geom svd  vmt  971   482 K 1514      34K   788 5.85    5.76     1812  1342   39K   104 21.62   21.57  
c rst  geom svd  vmt  972   486 K 1514      34K   788 5.85    5.76     1813  1379   43K   104 21.12   21.07  
c [distill-bin] useful: 0/788/788 lits-rem: 0 cl-rem: 0 0-depth-assigns: 0 T: 0.00 T-out: N
c rst  geom best vmt  973   490 K 1514      34K   788 5.85    5.76     1905  1315   48K   104 21.11   21.07  
c [branch] adjusting to: vsid (from: vmtf) var_decay:0.95 descr: VSIDS
c [distill-long-red0] cls tried: 178/178 T: 0.02 T-out: N T-r: 99.11%
c [distill-long-red1] cls tried: 25/1028 T: 0.01 T-out: Y T-r: -6.55%
c [distill] watch-based irred--  cl tried 9240     cl-sh 0     cl-rem 0    lit-rem 0      T: 0.02 T-out: Y
c [distill] watch-based red  --  cl tried 3810     cl-sh 3     cl-rem 0    lit-rem 3      T: 0.00 T-out: N
c [ccnr] saving best assignment phase to stable_polar
c [ccnr] bumping based on var unsat frequency: conflict_ct
c [ccnr] Bumped vars: 1515 bump type: 6
c [ccnr] time: 0.27
c rst  geom best vs   974   490 K 1514      34K   788 5.85    5.76     1905  1315   48K   104 21.15   21.11  
c rst  geom best vs   975   491 K 1514      34K   788 5.85    5.76     1906  1316   48K   104 21.19   21.15  
c rst  geom best vs   976   491 K 1514      34K   788 5.85    5.76     1906  1316   48K   104 21.24   21.20  
c rst  geom best vs   977   491 K 1514      34K   788 5.85    5.76     1906  1316   48K   104 21.34   21.30  
c rst  geom best vs   978   491 K 1514      34K   788 5.85    5.76     1906  1316   48K   104 21.37   21.34  
c rst  geom best vs   979   491 K 1514      34K   788 5.85    5.76     1906  1316   48K   104 21.41   21.38  
c rst  geom best vs   980   491 K 1514      34K   788 5.85    5.76     1906  1316   49K   104 21.51   21.48  
c rst  geom best vs   981   492 K 1514      34K   788 5.85    5.76     1907  1316   49K   104 21.62   21.58  
c rst  geom best vs   982   492 K 1514      34K   788 5.85    5.76     1907  1317   49K   104 21.68   21.64  
c rst  geom best vs   983   492 K 1514      34K   788 5.85    5.76     1907  1318   49K   104 21.80   21.76  
c [full-probe]  bin_only: 0 set: 0 repl: 0 T: 0.00 T-out: N T-r: 98.44%
c rst  geom best vs   984   492 K 1514      34K   788 5.85    5.76     1907  1324   50K   106 21.87   21.83  
c rst  geom best vs   985   493 K 1514      34K   788 5.85    5.76     1907  1324   50K   106 21.93   21.89  
c rst  geom best vs   986   493 K 1514      34K   788 5.85    5.76     1907  1324   50K   106 22.08   22.04  
c rst  geom best vs   987   493 K 1514      34K   788 5.85    5.76     1907  1324   51K   106 22.22   22.18  
c rst  geom best vs   988   494 K 1514      34K   788 5.85    5.76     1907  1324   51K   106 22.29   22.25  
c rst  geom best vs   989   494 K 1514      34K   788 5.85    5.76     1907  1328   52K   106 22.38   22.34  
c rst  geom best vs   990   495 K 1514      34K   788 5.85    5.76     1921  1645   37K   106 21.40   21.35  
c rst  geom best vs   991   495 K 1514      34K   788 5.85    5.76     1921  1647   38K   106 21.68   21.63  
c rst  geom best vs   992   496 K 1514      34K   788 5.85    5.76     1921  1647   39K   106 21.90   21.85  
c rst  geom stb  vs   993   497 K 1514      34K   788 5.85    5.76     1923  1650   39K   106 22.33   22.28  
c rst  geom stb  vs   994   497 K 1514      34K   788 5.85    5.76     1923  1653   40K   106 22.81   22.76  
c rst  geom stb  vs   995   498 K 1514      34K   788 5.85    5.76     1924  1657   41K   106 23.48   23.43  
c rst  geom stb  vs   996   499 K 1514      34K   788 5.85    5.76     1924  1658   42K   106 23.95   23.90  
c rst  geom stb  vs   997   500 K 1514      34K   788 5.85    5.76     1964  1603   43K   106 24.49   24.44  
c rst  geom stb  vs   998   501 K 1514      34K   788 5.85    5.76     1964  1603   44K   106 25.14   25.09  
c rst  geom stb  vs   999   502 K 1514      34K   788 5.85    5.76     1964  1606   45K   106 25.70   25.65  
c rst  geom stb  vs   1000  503 K 1514      34K   788 5.85    5.76     1964  1606   46K   106 26.33   26.28  
c rst  geom stb  vs   1001  505 K 1514      34K   788 5.85    5.76     1964  1607   47K   106 26.73   26.68  
c rst  geom stb  vs   1002  506 K 1514      34K   788 5.85    5.76     1964  1610   49K   106 27.37   27.32  
c [distill-long-red0] cls tried: 47/47 T: 0.00 T-out: N T-r: 99.84%
c [distill-long-red1] cls tried: 29/1326 T: 0.01 T-out: Y T-r: -10.68%
c [distill-bin] useful: 0/788/788 lits-rem: 0 cl-rem: 0 0-depth-assigns: 0 T: 0.00 T-out: N
c rst  geom ibes vs   1003  508 K 1514      34K   788 5.85    5.76     1966  1615   51K   106 27.86   27.81  
c rst  geom ibes vs   1004  510 K 1514      34K   788 5.85    5.76     1990  1606   38K   106 30.00   29.93  
c [gauss] XOR-encoding clauses are not detached, so no need to reattach them.
c [g 0] truth-find prop checks  : 2952K
c [g 0] -> of which prop        : 33.16 %
c [g 0] -> of which confl       :  1.51 %
c [g 0] elim called             : 279K
c [g 0] ---> which lead to prop : 31.48 %
c [g 0] ---> which lead to confl:  0.89 %
c [g 0] size: 68    x 506  
c [scc] new: 1 BP 0M T: 0.00
c [vrep] vars 1 lits 1549 rem-bin-cls 5 rem-long-cls 0 BP 0M T: 0.01
c [scc] new: 0 BP 0M T: 0.00
c [vrep] vars 0 lits 0 rem-bin-cls 0 rem-long-cls 0 BP 0M T: 0.00
c [intree] Set 0 vars hyper-added: 0 trans-irred: 0 trans-red: 0 T: 0.01 T-out: N T-r: -1.45%
c [find&init matx] performing matrix init
c [gauss] XOR-encoding clauses are not detached, so no need to reattach them.
c [xor-rem-unconnected] left with 934 xors from 935 non-empty xors T: 0.00
c [xor-together] xored together: 864 orig xors: 934 new xors: 70 T: 0.00
c [xor-rem-unconnected] left with 70 xors from 70 non-empty xors T: 0.00
c [xor-clean-equiv] removed equivalent xors: 0 left with: 70
c [matrix] unused xors from cleaning: 1
c [matrix] Good   matrix 0 70      x507    density:0.1079  xorlen avg: 54.73
c [matrix] Using 1 matrices recovered from 0 xors T: 0.00 T-out: N
c rst  geom ibes vs   1005  512 K 1513      34K   788 5.85    5.76     1991  1609   40K   103 30.85   30.78  
c rst  geom ibes vs   1006  514 K 1513      34K   788 5.85    5.76     1991  1615   42K   103 31.85   31.78  
c [full-probe]  bin_only: 1 set: 0 repl: 0 T: 0.00 T-out: N T-r: 99.86%
c rst  geom ibes vs   1007  517 K 1513      34K   788 5.85    5.76     1991  1619   45K   103 32.44   32.38  
c [distill] watch-based irred--  cl tried 9556     cl-sh 0     cl-rem 0    lit-rem 0      T: 0.01 T-out: N
c [distill] watch-based red  --  cl tried 3982     cl-sh 12    cl-rem 0    lit-rem 21     T: 0.00 T-out: N
c rst  geom svd  vs   1008  519 K 1513      34K   788 5.85    5.76     1991  1627   47K   103 32.74   32.68  
c rst  geom svd  vs   1009  522 K 1513      34K   788 5.85    5.76     2010  1579   50K   103 33.34   33.28  
c [distill-long-red0] cls tried: 41/41 T: 0.00 T-out: N T-r: 99.93%
c [distill-long-red1] cls tried: 48/1324 T: 0.01 T-out: Y T-r: -4.28%
c rst  geom svd  vs   1010  526 K 1513      34K   788 5.85    5.76     2014  1629   38K   103 39.84   39.74  
c [impl-str] lit bin: 0 set-var: 0 T: 0.00 T-out: N T-r: 99.96% w-visit: 3030
c [impl-sub] bin: 1 T: 0.00 T-out: N w-visit: 3030
c rst  geom svd  vs   1011  529 K 1513      34K   787 5.85    5.76     2015  1633   42K   103 40.16   40.07  
c [distill-bin] useful: 1/787/787 lits-rem: 0 cl-rem: 1 0-depth-assigns: 0 T: 0.01 T-out: N
c rst  geom best vs   1012  533 K 1513      34K   786 5.85    5.76     2026  1504   46K   103 40.21   40.14  
c rst  geom best vs   1013  538 K 1513      34K   786 5.85    5.76     2026  1513   51K   103 39.80   39.73  
c [distill-long-red0] cls tried: 13/13 T: 0.00 T-out: N T-r: 99.96%
c [distill-long-red1] cls tried: 103/1244 T: 0.01 T-out: Y T-r: -0.52%
c [full-probe]  bin_only: 0 set: 0 repl: 0 T: 0.00 T-out: N T-r: 98.15%
c [ccnr] saving best assignment phase to stable_polar
c [ccnr] bumping based on var unsat frequency: conflict_ct
c [ccnr] Bumped vars: 1515 bump type: 6
c [ccnr] time: 0.27
c rst  geom best vs   1014  543 K 1513      34K   786 5.85    5.76     2050  1291   41K   103 40.40   40.31  
c [branch] adjusting to: vmtf (from: vsid) var_decay:0.95 descr: VMTF
c [distill] watch-based irred--  cl tried 9556     cl-sh 0     cl-rem 0    lit-rem 0      T: 0.00 T-out: N
c [distill] watch-based red  --  cl tried 4100     cl-sh 9     cl-rem 0    lit-rem 17     T: 0.00 T-out: N
c rst  luby stb  vmt  1015  543 K 1513      34K   786 5.85    5.76     2055  1307   41K   108 40.38   40.29  
c rst  luby stb  vmt  1016  543 K 1513      34K   786 5.85    5.76     2058  1320   41K   108 40.38   40.29  
c rst  luby stb  vmt  1017  543 K 1513      34K   786 5.85    5.76     2058  1321   41K   108 40.38   40.28  
c rst  luby stb  vmt  1018  543 K 1513      34K   786 5.85    5.76     2058  1321   42K   108 40.37   40.27  
c rst  luby stb  vmt  1019  543 K 1513      34K   786 5.85    5.76     2058  1321   42K   108 40.38   40.29  
c rst  luby stb  vmt  1020  543 K 1513      34K   786 5.85    5.76     2058  1322   42K   108 40.40   40.31  
c rst  luby stb  vmt  1021  544 K 1513      34K   786 5.85    5.76     2058  1327   42K   108 40.45   40.36  
c rst  luby stb  vmt  1022  544 K 1513      34K   786 5.85    5.76     2058  1327   42K   108 40.46   40.37  
c rst  luby stb  vmt  1023  544 K 1513      34K   786 5.85    5.76     2058  1327   42K   108 40.47   40.38  
c rst  luby stb  vmt  1024  544 K 1513      34K   786 5.85    5.76     2058  1327   43K   108 40.47   40.38  
c rst  luby stb  vmt  1025  544 K 1513      34K   786 5.85    5.76     2058  1327   43K   108 40.47   40.38  
c rst  luby stb  vmt  1026  544 K 1513      34K   786 5.85    5.76     2058  1327   43K   108 40.43   40.34  
c rst  luby stb  vmt  1027  545 K 1513      34K   786 5.85    5.76     2058  1327   43K   108 40.44   40.35  
c rst  luby stb  vmt  1028  545 K 1513      34K   786 5.85    5.76     2059  1329   43K   108 40.43   40.34  
c rst  luby stb  vmt  1029  546 K 1513      34K   786 5.85    5.76     2059  1330   44K   108 40.46   40.37  
c rst  luby stb  vmt  1030  546 K 1513      34K   786 5.85    5.76     2059  1330   44K   108 40.48   40.39  
c rst  luby stb  vmt  1031  546 K 1513      34K   786 5.85    5.76     2059  1330   44K   108 40.46   40.38  
c rst  luby stb  vmt  1032  546 K 1513      34K   786 5.85    5.76     2059  1330   45K   108 40.41   40.33  
c rst  luby stb  vmt  1033  546 K 1513      34K   786 5.85    5.76     2059  1330   45K   108 40.39   40.30  
c rst  luby stb  vmt  1034  546 K 1513      34K   786 5.85    5.76     2059  1330   45K   108 40.36   40.28  
c rst  luby stb  vmt  1035  547 K 1513      34K   786 5.85    5.76     2059  1330   45K   108 40.38   40.29  
c rst  luby stb  vmt  1036  547 K 1513      34K   786 5.85    5.76     2059  1331   45K   108 40.38   40.30  
c rst  luby stb  vmt  1037  547 K 1513      34K   786 5.85    5.76     2059  1332   46K   108 40.39   40.31  
c rst  luby stb  vmt  1038  547 K 1513      34K   786 5.85    5.76     2059  1332   46K   108 40.41   40.33  
c rst  luby stb  vmt  1039  547 K 1513      34K   786 5.85    5.76     2059  1332   46K   108 40.45   40.37  
c rst  luby stb  vmt  1040  547 K 1513      34K   786 5.85    5.76     2059  1332   46K   108 40.48   40.40  
c rst  luby stb  vmt  1041  548 K 1513      34K   786 5.85    5.76     2059  1333   46K   108 40.49   40.41  
c rst  luby stb  vmt  1042  548 K 1513      34K   786 5.85    5.76     2059  1333   46K   108 40.54   40.46  
c rst  luby stb  vmt  1043  548 K 1513      34K   786 5.85    5.76     2059  1334   47K   108 40.54   40.46  
c rst  luby stb  vmt  1044  549 K 1513      34K   786 5.85    5.76     2059  1334   47K   108 40.48   40.39  
c rst  luby stb  vmt  1045  551 K 1513      34K   786 5.85    5.76     2089   939   49K   108 40.55   40.47  
c [distill-bin] useful: 0/786/786 lits-rem: 0 cl-rem: 0 0-depth-assigns: 0 T: 0.00 T-out: N
c rst  luby stb  vmt  1046  551 K 1513      34K   786 5.85    5.76     2089   939   50K   108 40.55   40.47  
c rst  luby stb  vmt  1047  551 K 1513      34K   786 5.85    5.76     2089   939   50K   108 40.57   40.49  
c rst  luby stb  vmt  1048  551 K 1513      34K   786 5.85    5.76     2089   939   50K   108 40.58   40.51  
c rst  luby stb  vmt  1049  551 K 1513      34K   786 5.85    5.76     2089   939   50K   108 40.57   40.49  
c rst  luby stb  vmt  1050  551 K 1513      34K   786 5.85    5.76     2089   939   50K   108 40.57   40.49  
c rst  luby stb  vmt  1051  551 K 1513      34K   786 5.85    5.76     2089   945   50K   108 40.57   40.49  
c rst  luby stb  vmt  1052  552 K 1513      34K   786 5.85    5.76     2089   948   51K   108 40.63   40.55  
c rst  luby stb  vmt  1053  552 K 1513      34K   786 5.85    5.76     2089   949   51K   108 40.64   40.56  
c rst  luby stb  vmt  1054  552 K 1513      34K   786 5.85    5.76     2089   952   51K   108 40.65   40.57  
c rst  luby stb  vmt  1055  552 K 1513      34K   786 5.85    5.76     2089   952   51K   108 40.65   40.57  
c rst  luby stb  vmt  1056  552 K 1513      34K   786 5.85    5.76     2089   952   51K   108 40.66   40.59  
c rst  luby stb  vmt  1057  552 K 1513      34K   786 5.85    5.76     2089   952   51K   108 40.68   40.60  
c rst  luby stb  vmt  1058  553 K 1513      34K   786 5.85    5.76     2089   952   51K   108 40.67   40.59  
c rst  luby stb  vmt  1059  553 K 1513      34K   786 5.85    5.76     2090   953   52K   108 40.72   40.64  
c [distill-long-red0] cls tried: 61/61 T: 0.00 T-out: N T-r: 99.89%
c [distill-long-red1] cls tried: 108/721 T: 0.01 T-out: Y T-r: -0.52%
c rst  luby stb  vmt  1060  554 K 1513      34K   786 5.85    5.76     2090   954   53K   108 40.92   40.85  
c rst  luby ibes vmt  1061  554 K 1513      34K   786 5.85    5.76     2090   954   53K   108 40.93   40.85  
c rst  luby ibes vmt  1062  554 K 1513      34K   786 5.85    5.76     2090   956   53K   108 40.93   40.85  
c rst  luby ibes vmt  1063  554 K 1513      34K   786 5.85    5.76     2090   957   53K   108 40.91   40.83  
c rst  luby ibes vmt  1064  554 K 1513      34K   786 5.85    5.76     2090   960   53K   108 40.90   40.82  
c rst  luby ibes vmt  1065  554 K 1513      34K   786 5.85    5.76     2090   960   53K   108 40.93   40.86  
c rst  luby ibes vmt  1066  555 K 1513      34K   786 5.85    5.76     2101  1039   38K   108 38.93   38.83  
c rst  luby ibes vmt  1067  555 K 1513      34K   786 5.85    5.76     2101  1039   39K   108 39.07   38.98  
c rst  luby ibes vmt  1068  555 K 1513      34K   786 5.85    5.76     2101  1039   39K   108 39.07   38.97  
c rst  luby ibes vmt  1069  555 K 1513      34K   786 5.85    5.76     2101  1040   39K   108 39.07   38.97  
c rst  luby ibes vmt  1070  555 K 1513      34K   786 5.85    5.76     2101  1040   39K   108 39.08   38.98  
c rst  luby ibes vmt  1071  556 K 1513      34K   786 5.85    5.76     2101  1040   39K   108 39.12   39.03  
c rst  luby ibes vmt  1072  556 K 1513      34K   786 5.85    5.76     2102  1043   39K   108 39.15   39.05  
c rst  luby ibes vmt  1073  556 K 1513      34K   786 5.85    5.76     2102  1047   39K   108 39.16   39.07  
c rst  luby ibes vmt  1074  556 K 1513      34K   786 5.85    5.76     2102  1047   40K   108 39.22   39.12  
c rst  luby ibes vmt  1075  557 K 1513      34K   786 5.85    5.76     2102  1048   41K   108 39.23   39.14  
c rst  luby ibes vmt  1076  559 K 1513      34K   786 5.85    5.76     2102  1049   42K   108 39.33   39.25  
c [full-probe]  bin_only: 1 set: 0 repl: 0 T: 0.00 T-out: N T-r: 99.85%
c rst  luby ibes vmt  1077  562 K 1513      34K   786 5.85    5.76     2127   572   46K   108 39.77   39.69  
c rst  luby ibes vmt  1078  562 K 1513      34K   786 5.85    5.76     2127   572   46K   108 39.81   39.73  
c rst  luby ibes vmt  1079  562 K 1513      34K   786 5.85    5.76     2127   573   46K   108 39.80   39.72  
c rst  luby ibes vmt  1080  562 K 1513      34K   786 5.85    5.76     2127   578   46K   108 39.84   39.76  
c rst  luby ibes vmt  1081  562 K 1513      34K   786 5.85    5.76     2127   578   46K   108 39.84   39.76  
c rst  luby ibes vmt  1082  562 K 1513      34K   786 5.85    5.76     2127   578   46K   108 39.84   39.76  
c rst  luby ibes vmt  1083  563 K 1513      34K   786 5.85    5.76     2127   580   47K   108 39.92   39.83  
c rst  luby ibes vmt  1084  563 K 1513      34K   786 5.85    5.76     2127   583   47K   108 39.92   39.83  
c rst  luby ibes vmt  1085  563 K 1513      34K   786 5.85    5.76     2127   583   47K   108 39.94   39.86  
c rst  luby ibes vmt  1086  563 K 1513      34K   786 5.85    5.76     2127   583   47K   108 39.96   39.88  
c rst  luby ibes vmt  1087  563 K 1513      34K   786 5.85    5.76     2127   583   47K   108 39.98   39.89  
c rst  luby ibes vmt  1088  564 K 1513      34K   786 5.85    5.76     2127   585   48K   108 39.98   39.90  
c rst  luby ibes vmt  1089  564 K 1513      34K   786 5.85    5.76     2127   585   48K   108 40.00   39.92  
c rst  luby ibes vmt  1090  564 K 1513      34K   786 5.85    5.76     2127   585   48K   108 40.03   39.95  
c rst  luby ibes vmt  1091  564 K 1513      34K   786 5.85    5.76     2127   586   48K   108 40.02   39.94  
c rst  luby ibes vmt  1092  565 K 1513      34K   786 5.85    5.76     2127   586   49K   108 40.11   40.03  
c rst  luby svd  vmt  1093  565 K 1513      34K   786 5.85    5.76     2127   586   49K   108 40.12   40.04  
c rst  luby svd  vmt  1094  565 K 1513      34K   786 5.85    5.76     2127   586   49K   108 40.12   40.05  
c rst  luby svd  vmt  1095  565 K 1513      34K   786 5.85    5.76     2127   587   49K   108 40.14   40.07  
c rst  luby svd  vmt  1096  566 K 1513      34K   786 5.85    5.76     2127   587   50K   108 40.15   40.07  
c rst  luby svd  vmt  1097  566 K 1513      34K   786 5.85    5.76     2127   587   50K   108 40.16   40.08  
c rst  luby svd  vmt  1098  566 K 1513      34K   786 5.85    5.76     2127   587   50K   108 40.19   40.11  
c rst  luby svd  vmt  1099  566 K 1513      34K   786 5.85    5.76     2127   587   50K   108 40.20   40.12  
c rst  luby svd  vmt  1100  566 K 1513      34K   786 5.85    5.76     2127   587   50K   108 40.17   40.09  
c rst  luby svd  vmt  1101  566 K 1513      34K   786 5.85    5.76     2127   587   50K   108 40.14   40.06  
c rst  luby svd  vmt  1102  567 K 1513      34K   786 5.85    5.76     2127   587   51K   108 40.13   40.06  
c rst  luby svd  vmt  1103  567 K 1513      34K   786 5.85    5.76     2128   587   51K   108 40.15   40.07  
c rst  luby svd  vmt  1104  567 K 1513      34K   786 5.85    5.76     2128   587   51K   108 40.15   40.07  
c rst  luby svd  vmt  1105  567 K 1513      34K   786 5.85    5.76     2128   587   51K   108 40.15   40.07  
c rst  luby svd  vmt  1106  567 K 1513      34K   786 5.85    5.76     2128   587   51K   108 40.17   40.09  
c rst  luby svd  vmt  1107  568 K 1513      34K   786 5.85    5.76     2128   588   52K   108 40.19   40.12  
c [distill-long-red0] cls tried: 36/36 T: 0.00 T-out: N T-r: 99.92%
c [distill-long-red1] cls tried: 85/387 T: 0.01 T-out: Y T-r: -3.87%
c [distill] watch-based irred--  cl tried 9556     cl-sh 0     cl-rem 0    lit-rem 0      T: 0.00 T-out: N
c [distill] watch-based red  --  cl tried 4256     cl-sh 12    cl-rem 0    lit-rem 26     T: 0.00 T-out: N
c rst  luby svd  vmt  1108  570 K 1513      34K   786 5.85    5.76     2174   394   38K   108 39.38   39.28  
c rst  luby svd  vmt  1109  570 K 1513      34K   786 5.85    5.76     2174   394   38K   108 39.41   39.31  
c rst  luby svd  vmt  1110  570 K 1513      34K   786 5.85    5.76     2174   398   38K   108 39.41   39.31  
c rst  luby svd  vmt  1111  570 K 1513      34K   786 5.85    5.76     2174   398   38K   108 39.39   39.29  
c rst  luby svd  vmt  1112  570 K 1513      34K   786 5.85    5.76     2174   398   38K   108 39.36   39.26  
c rst  luby svd  vmt  1113  570 K 1513      34K   786 5.85    5.76     2174   398   38K   108 39.34   39.25  
c rst  luby svd  vmt  1114  571 K 1513      34K   786 5.85    5.76     2174   398   39K   108 39.36   39.26  
c [distill-bin] useful: 0/786/786 lits-rem: 0 cl-rem: 0 0-depth-assigns: 0 T: 0.01 T-out: N
c rst  luby svd  vmt  1115  571 K 1513      34K   786 5.85    5.76     2174   398   39K   108 39.42   39.33  
c rst  luby svd  vmt  1116  571 K 1513      34K   786 5.85    5.76     2174   398   39K   108 39.46   39.37  
c rst  luby svd  vmt  1117  571 K 1513      34K   786 5.85    5.76     2174   400   39K   108 39.45   39.36  
c rst  luby svd  vmt  1118  571 K 1513      34K   786 5.85    5.76     2174   400   39K   108 39.38   39.29  
c rst  luby svd  vmt  1119  572 K 1513      34K   786 5.85    5.76     2174   400   40K   108 39.36   39.26  
c rst  luby svd  vmt  1120  572 K 1513      34K   786 5.85    5.76     2174   402   40K   108 39.36   39.27  
c rst  luby svd  vmt  1121  572 K 1513      34K   786 5.85    5.76     2174   403   40K   108 39.44   39.35  
c rst  luby svd  vmt  1122  572 K 1513      34K   786 5.85    5.76     2174   405   40K   108 39.59   39.50  
c rst  luby svd  vmt  1123  573 K 1513      34K   786 5.85    5.76     2174   405   41K   108 39.48   39.39  
c rst  luby svd  vmt  1124  573 K 1513      34K   786 5.85    5.76     2174   405   41K   108 39.46   39.37  
c rst  luby svd  vmt  1125  573 K 1513      34K   786 5.85    5.76     2174   405   41K   108 39.49   39.40  
c rst  luby svd  vmt  1126  573 K 1513      34K   786 5.85    5.76     2174   405   41K   108 39.54   39.45  
c rst  luby svd  vmt  1127  574 K 1513      34K   786 5.85    5.76     2174   405   42K   108 39.58   39.49  
c rst  luby svd  vmt  1128  574 K 1513      34K   786 5.85    5.76     2174   405   42K   108 39.61   39.52  
c rst  luby svd  vmt  1129  574 K 1513      34K   786 5.85    5.76     2174   406   42K   108 39.63   39.54  
c rst  luby svd  vmt  1130  574 K 1513      34K   786 5.85    5.76     2174   408   42K   108 39.60   39.51  
c rst  luby svd  vmt  1131  574 K 1513      34K   786 5.85    5.76     2174   408   42K   108 39.60   39.51  
c rst  luby svd  vmt  1132  575 K 1513      34K   786 5.85    5.76     2174   408   42K   108 39.62   39.53  
c rst  luby svd  vmt  1133  575 K 1513      34K   786 5.85    5.76     2174   409   43K   108 39.59   39.50  
c rst  luby svd  vmt  1134  575 K 1513      34K   786 5.85    5.76     2174   409   43K   108 39.59   39.50  
c rst  luby svd  vmt  1135  575 K 1513      34K   786 5.85    5.76     2174   409   43K   108 39.58   39.49  
c [gauss] XOR-encoding clauses are not detached, so no need to reattach them.
c [g 0] truth-find prop checks  : 1749K
c [g 0] -> of which prop        : 64.94 %
c [g 0] -> of which confl       :  2.07 %
c [g 0] elim called             : 67K
c [g 0] ---> which lead to prop : 84.09 %
c [g 0] ---> which lead to confl:  2.48 %
c [g 0] size: 70    x 507  
c [scc] new: 0 BP 0M T: 0.00
c [vrep] vars 0 lits 0 rem-bin-cls 0 rem-long-cls 0 BP 0M T: 0.00
c [intree] Set 0 vars hyper-added: 0 trans-irred: 0 trans-red: 0 T: 0.00 T-out: N T-r: -1.01%
c [find&init matx] performing matrix init
c [gauss] XOR-encoding clauses are not detached, so no need to reattach them.
c [xor-rem-unconnected] left with 934 xors from 935 non-empty xors T: 0.00
c [xor-together] xored together: 864 orig xors: 934 new xors: 70 T: 0.00
c [xor-rem-unconnected] left with 70 xors from 70 non-empty xors T: 0.00
c [xor-clean-equiv] removed equivalent xors: 0 left with: 70
c [matrix] unused xors from cleaning: 1
c [matrix] Good   matrix 0 70      x507    density:0.1079  xorlen avg: 54.73
c [matrix] Using 1 matrices recovered from 0 xors T: 0.00 T-out: N
c rst  luby svd  vmt  1136  575 K 1513      34K   786 5.85    5.76     2174   414   43K   108 39.58   39.49  
c rst  luby svd  vmt  1137  576 K 1513      34K   786 5.85    5.76     2174   415   43K   108 39.62   39.54  
c rst  luby svd  vmt  1138  576 K 1513      34K   786 5.85    5.76     2174   424   44K   108 39.78   39.69  
c rst  geom best vmt  1139  576 K 1513      34K   786 5.85    5.76     2175   424   44K   108 39.79   39.70  
c rst  geom best vmt  1140  577 K 1513      34K   786 5.85    5.76     2175   424   45K   108 39.81   39.73  
c rst  geom best vmt  1141  577 K 1513      34K   786 5.85    5.76     2175   424   45K   108 39.77   39.68  
c rst  geom best vmt  1142  577 K 1513      34K   786 5.85    5.76     2175   424   45K   108 39.75   39.66  
c rst  geom best vmt  1143  577 K 1513      34K   786 5.85    5.76     2175   426   45K   108 39.77   39.69  
c rst  geom best vmt  1144  577 K 1513      34K   786 5.85    5.76     2175   426   45K   108 39.76   39.67  
c rst  geom best vmt  1145  577 K 1513      34K   786 5.85    5.76     2175   427   45K   108 39.76   39.68  
c rst  geom best vmt  1146  578 K 1513      34K   786 5.85    5.76     2175   427   46K   108 39.81   39.73  
c rst  geom best vmt  1147  578 K 1513      34K   786 5.85    5.76     2175   430   46K   108 39.80   39.72  
c rst  geom best vmt  1148  578 K 1513      34K   786 5.85    5.76     2175   430   46K   108 39.82   39.74  
c rst  geom best vmt  1149  578 K 1513      34K   786 5.85    5.76     2175   430   46K   108 39.83   39.75  
c rst  geom best vmt  1150  579 K 1513      34K   786 5.85    5.76     2175   430   47K   108 39.83   39.75  
c [full-probe]  bin_only: 0 set: 0 repl: 0 T: 0.01 T-out: N T-r: 98.14%
c rst  geom best vmt  1151  579 K 1513      34K   786 5.85    5.76     2180   441   47K   108 39.83   39.75  
c rst  geom best vmt  1152  579 K 1513      34K   786 5.85    5.76     2180   444   47K   108 39.88   39.80  
c rst  geom best vmt  1153  580 K 1513      34K   786 5.85    5.76     2205   417   48K   108 39.85   39.77  
c rst  geom best vmt  1154  580 K 1513      34K   786 5.85    5.76     2205   417   48K   108 39.91   39.83  
c rst  geom best vmt  1155  581 K 1513      34K   786 5.85    5.76     2205   417   49K   108 39.85   39.77  
c rst  geom best vmt  1156  581 K 1513      34K   786 5.85    5.76     2205   420   49K   108 39.82   39.74  
c rst  geom best vmt  1157  582 K 1513      34K   786 5.85    5.76     2205   423   50K   108 39.86   39.78  
c [ccnr] saving best assignment phase to stable_polar
c [ccnr] bumping based on clause weights
c [ccnr] Bumped vars: 102 bump type: 6
c [ccnr] time: 0.27
c rst  geom best vmt  1158  583 K 1513      34K   786 5.85    5.76     2206   436   50K   108 39.60   39.53  
c rst  geom best vmt  1159  583 K 1513      34K   786 5.85    5.76     2206   447   51K   108 39.38   39.30  
c rst  geom best vmt  1160  584 K 1513      34K   786 5.85    5.76     2207   458   52K   108 39.12   39.05  
c [distill-long-red0] cls tried: 79/79 T: 0.00 T-out: N T-r: 99.88%
c [distill-long-red1] cls tried: 90/266 T: 0.01 T-out: Y T-r: -2.08%
c rst  geom best vmt  1161  585 K 1513      34K   786 5.85    5.76     2267   663   37K   108 38.14   38.05  
c rst  geom best vmt  1162  586 K 1513      34K   786 5.85    5.76     2267   693   38K   108 37.99   37.90  
c [impl-str] lit bin: 0 set-var: 0 T: 0.00 T-out: N T-r: 99.96% w-visit: 3030
c [impl-sub] bin: 5 T: 0.00 T-out: N w-visit: 3030
c rst  geom best vmt  1163  587 K 1513      34K   786 5.85    5.76     2267   694   39K   103 38.09   38.00  
c rst  geom best vmt  1164  588 K 1513      34K   786 5.85    5.76     2267   698   40K   103 38.00   37.91  
c rst  geom stb  vmt  1165  589 K 1513      34K   786 5.85    5.76     2267   700   41K   103 38.24   38.15  
c rst  geom stb  vmt  1166  591 K 1513      34K   786 5.85    5.76     2328   627   43K   103 38.30   38.22  
c [distill-bin] useful: 0/786/786 lits-rem: 0 cl-rem: 0 0-depth-assigns: 0 T: 0.00 T-out: N
c rst  geom stb  vmt  1167  592 K 1513      34K   786 5.85    5.76     2328   628   44K   103 38.32   38.24  
c rst  geom stb  vmt  1168  594 K 1513      34K   786 5.85    5.76     2328   629   46K   103 38.73   38.66  
c [distill] watch-based irred--  cl tried 9556     cl-sh 0     cl-rem 0    lit-rem 0      T: 0.01 T-out: N
c [distill] watch-based red  --  cl tried 4656     cl-sh 17    cl-rem 0    lit-rem 26     T: 0.00 T-out: N
c rst  geom stb  vmt  1169  596 K 1513      34K   786 5.85    5.76     2331   645   48K   103 39.10   39.02  
c rst  geom stb  vmt  1170  598 K 1513      34K   786 5.85    5.76     2331   653   50K   103 39.10   39.03  
c rst  geom stb  vmt  1171  600 K 1513      34K   786 5.85    5.76     2372   700   35K   103 37.26   37.17  
c [branch] adjusting to: vsid (from: vmtf) var_decay:0.95 descr: VSIDS
c [distill-long-red0] cls tried: 167/167 T: 0.01 T-out: N T-r: 99.79%
c [distill-long-red1] cls tried: 71/425 T: 0.01 T-out: Y T-r: -1.05%
c [full-probe]  bin_only: 1 set: 0 repl: 0 T: 0.00 T-out: N T-r: 99.88%
c rst  geom ibes vs   1172  600 K 1513      34K   786 5.85    5.76     2372   701   35K   103 37.28   37.19  
c rst  geom ibes vs   1173  600 K 1513      34K   786 5.85    5.76     2372   706   35K   103 37.30   37.20  
c rst  geom ibes vs   1174  601 K 1513      34K   786 5.85    5.76     2372   706   35K   103 37.36   37.27  
c rst  geom ibes vs   1175  601 K 1513      34K   786 5.85    5.76     2372   707   35K   103 37.41   37.32  
c rst  geom ibes vs   1176  601 K 1513      34K   786 5.85    5.76     2372   707   35K   103 37.44   37.35  
c rst  geom ibes vs   1177  601 K 1513      34K   786 5.85    5.76     2372   709   36K   103 37.48   37.39  
c rst  geom ibes vs   1178  601 K 1513      34K   786 5.85    5.76     2372   709   36K   103 37.50   37.41  
c rst  geom ibes vs   1179  601 K 1513      34K   786 5.85    5.76     2372   709   36K   103 37.53   37.44  
c rst  geom ibes vs   1180  602 K 1513      34K   786 5.85    5.76     2372   712   36K   103 37.55   37.46  
c rst  geom ibes vs   1181  602 K 1513      34K   786 5.85    5.76     2372   715   37K   103 37.65   37.56  
c rst  geom ibes vs   1182  602 K 1513      34K   786 5.85    5.76     2372   717   37K   103 37.70   37.61  
c rst  geom ibes vs   1183  603 K 1513      34K   786 5.85    5.76     2373   717   37K   103 37.70   37.61  
c rst  geom ibes vs   1184  603 K 1513      34K   786 5.85    5.76     2373   718   37K   103 37.77   37.68  
c rst  geom ibes vs   1185  603 K 1513      34K   786 5.85    5.76     2373   720   38K   103 37.83   37.74  
c rst  geom ibes vs   1186  604 K 1513      34K   786 5.85    5.76     2373   720   38K   103 37.85   37.77  
c rst  geom ibes vs   1187  604 K 1513      34K   786 5.85    5.76     2373   720   39K   103 37.92   37.84  
c rst  geom ibes vs   1188  605 K 1513      34K   786 5.85    5.76     2373   720   39K   103 37.89   37.80  
c rst  geom ibes vs   1189  605 K 1513      34K   786 5.85    5.76     2373   720   40K   103 37.93   37.84  
c rst  geom ibes vs   1190  606 K 1513      34K   786 5.85    5.76     2373   721   40K   103 38.07   37.99  
c rst  geom ibes vs   1191  606 K 1513      34K   786 5.85    5.76     2373   721   41K   103 38.15   38.07  
c rst  geom ibes vs   1192  607 K 1513      34K   786 5.85    5.76     2373   722   42K   103 38.17   38.09  
c rst  geom ibes vs   1193  608 K 1513      34K   786 5.85    5.76     2373   722   43K   103 38.30   38.21  
c rst  geom ibes vs   1194  609 K 1513      34K   786 5.85    5.76     2373   727   43K   103 38.44   38.36  
c rst  geom ibes vs   1195  610 K 1513      34K   786 5.85    5.76     2393   703   44K   103 38.64   38.56  
c rst  geom ibes vs   1196  611 K 1513      34K   786 5.85    5.76     2393   707   45K   103 38.77   38.70  
c [distill-bin] useful: 0/786/786 lits-rem: 0 cl-rem: 0 0-depth-assigns: 0 T: 0.00 T-out: N
c rst  geom ibes vs   1197  612 K 1513      34K   786 5.85    5.76     2393   713   47K   103 38.99   38.91  
c rst  geom svd  vs   1198  612 K 1513      34K   786 5.85    5.76     2393   713   47K   103 39.07   38.99  
c recursive minimization cost OK: 1492Kcost/(% lits removed)
c [gauss] XOR-encoding clauses are not detached, so no need to reattach them.
c [g 0] truth-find prop checks  : 1064K
c [g 0] -> of which prop        : 58.17 %
c [g 0] -> of which confl       :  1.90 %
c [g 0] elim called             : 54K
c [g 0] ---> which lead to prop : 63.21 %
c [g 0] ---> which lead to confl:  1.98 %
c [g 0] size: 70    x 507  
c --> Executing strategy token: scc-vrepl
c [scc] new: 0 BP 0M T: 0.00
c --> Executing strategy token: sub-impl
c [impl-sub] bin: 0 T: 0.00 T-out: N w-visit: 3030
c --> Executing strategy token: breakid
c --> Executing OCC strategy token(s): 'occ-backw-sub-str,occ-clean-implicit,occ-bve,occ-bva,occ-ternary-res,occ-xor,'
c [occ] mem usage for occur 3      MB
c [occ] Linked in IRRED BIN by default: 786
c [occ] Linked in RED   BIN by default: 103
c [occ] mem usage for occur 0      MB
c Mem for watch alloc      : 15          MB (28.06     %)
c Mem for watch array      : 0           MB (0.13      %)
c --> Executing OCC strategy token: occ-backw-sub-str
c [occ-backw-sub-str-long-w-bins] subs: 0 str: 11 tried: 9446 0-depth ass: 0 T: 0.00 T-out: N T-r: 99.24%
c [occ-backw-sub-long-w-long] rem cl: 59 tried: 84777/84777 (100.0%) T: 0.03 T-out: N T-r: 89.74%
c [occ-backw-sub-str-long-w-long] sub: 1 str: 49 tried: 254331/84777 (300.0)  T: 0.16 T-out: N T-r: 71.06%
c --> Executing OCC strategy token: occ-clean-implicit
c --> Executing OCC strategy token: occ-bve
c [occ-empty-res] Empty resolvent elimed: 0 T: 0.00 T-out: N
c [occ-bve] iter v-elim 0
c cl_inc_rate=1.0, var_dec_rate=1.0 (grow=0)
c Reduced to 1513 vars, 34884 cls (grow=0)
c [occ-bve] iter v-elim 0
c cl_inc_rate=1.0, var_dec_rate=1.0 (grow=8)
c Reduced to 1513 vars, 34884 cls (grow=8)
c [occ-bve] iter v-elim 0
c cl_inc_rate=1.0, var_dec_rate=1.0 (grow=16)
c Reduced to 1513 vars, 34884 cls (grow=16)
c x n vars       : 1513
c #try to eliminate:  4539
c #var-elim        :     0
c #T-o: N
c #T-r: 99.99%
c #T  : 0.19
c [occur] 0.04 is overhead
c [occur] link-in T: 0.04 cleanup T: 0.00
c --> Executing OCC strategy token: occ-bva
c --> Executing OCC strategy token: occ-ternary-res
c [occ-ternary-res] Ternary res-tri: 0 res-bin: 0 sub: 0 str: 0 T: 0.00 T-out: N T-r: 99.81%
c --> Executing OCC strategy token: occ-xor
c [occ-xor] sort occur list T: 0.00
c [xor-clean-equiv] removed equivalent xors: 0 left with: 920
c [occ-xor] found    920 avg sz 6.0 min sz  4 max sz  6 T: 0.01 T-out: N T-r: 99.97%
c --> Executing strategy token: card-find
c --> Executing strategy token: cl-consolidate
c Not consolidating memory.
c --> Executing strategy token: scc-vrepl
c [scc] new: 0 BP 0M T: 0.00
c --> Executing strategy token: renumber
c --> Executing strategy token: bosphorus
c --> Executing strategy token: louvain-comms
c [consolidate] mini T: 0.00
c global_timeout_multiplier: 4.8315
c [branch] rebuilding order heap for all branchings. Current branching: vsid
c [find&init matx] performing matrix init
c [gauss] XOR-encoding clauses are not detached, so no need to reattach them.
c [xor-rem-unconnected] left with 919 xors from 920 non-empty xors T: 0.00
c [xor-together] xored together: 846 orig xors: 919 new xors: 73 T: 0.00
c [xor-rem-unconnected] left with 73 xors from 73 non-empty xors T: 0.00
c [xor-clean-equiv] removed equivalent xors: 0 left with: 73
c [matrix] unused xors from cleaning: 1
c [matrix] Good   matrix  0     73 x  514  density:0.1008  xorlen avg: 51.82
c [matrix] Using 1 matrices recovered from 0 xors T: 0.00 T-out: N
c rst  geom  svd   vs  1199  613K    1513   34K   786    5.85    5.76  2338   734   48K   103   39.15   39.07
c rst  geom  svd   vs  1200  615K    1513   34K   786    5.85    5.76  2338   749   35K   103   37.93   37.83
c rst  geom  svd   vs  1201  616K    1513   34K   786    5.85    5.76  2338   754   36K   103   38.16   38.07
c [distill-long-red0] cls tried: 23/23 T: 0.00 T-out: N T-r: 99.94%
c [distill-long-red1] cls tried: 103/418 T: 0.01 T-out: Y T-r: -1.75%
c rst  geom  svd   vs  1202  618K    1513   34K   786    5.85    5.76  2338   765   38K   103   38.23   38.14
c rst  geom  svd   vs  1203  620K    1513   34K   786    5.85    5.76  2356   720   40K   103   38.74   38.65
c [distill] watch-based irred--  cl tried    10372 cl-sh     0 cl-rem    0 lit-rem      0 T: 0.01 T-out: N
c [distill] watch-based   red--  cl tried     4712 cl-sh     5 cl-rem    0 lit-rem     10 T: 0.00 T-out: N
c rst  geom  svd   vs  1204  622K    1513   34K   786    5.85    5.76  2357   726   42K   103   38.70   38.61
c [full-probe]  bin_only: 0 set: 0 repl: 0 T: 0.00 T-out: N T-r: 98.01%
c rst  geom  svd   vs  1205  624K    1513   34K   786    5.85    5.76  2357   732   44K   103   38.90   38.82
c rst  geom best   vs  1206  627K    1513   34K   786    5.85    5.76  2357   742   46K   103   38.92   38.84
c [ccnr] saving best assignment phase to stable_polar
c [ccnr] bumping based on var unsat frequency: conflict_ct
c [ccnr] Bumped vars: 1515 bump type: 6
c [ccnr] time: 0.27
c rst  geom best   vs  1207  629K    1513   34K   786    5.85    5.76  2357   749   49K   103   39.21   39.14
c rst  geom best   vs  1208  632K    1513   34K   786    5.85    5.76  2396   722   39K   103   39.80   39.71
c [distill-long-red0] cls tried: 55/55 T: 0.00 T-out: N T-r: 99.91%
c [distill-long-red1] cls tried: 136/317 T: 0.01 T-out: Y T-r: -0.24%
c [distill-bin] useful: 0/786/786 lits-rem: 0 cl-rem: 0 0-depth-assigns: 0 T: 0.01 T-out: N
c rst  geom best   vs  1209  636K    1513   34K   786    5.85    5.76  2397   737   42K   103   40.40   40.31
c rst  geom  stb   vs  1210  639K    1513   34K   786    5.85    5.76  2398   745   46K   103   40.79   40.71
c rst  geom  stb   vs  1211  643K    1513   34K   786    5.85    5.76  2427   698   50K   103   40.51   40.44
c [full-probe]  bin_only: 1 set: 0 repl: 0 T: 0.00 T-out: N T-r: 99.81%
c [gauss] XOR-encoding clauses are not detached, so no need to reattach them.
c [g 0] truth-find prop checks  : 896K
c [g 0] -> of which prop        : 64.07 %
c [g 0] -> of which confl       :  2.08 %
c [g 0] elim called             : 34K
c [g 0] ---> which lead to prop : 82.56 %
c [g 0] ---> which lead to confl:  3.18 %
c [g 0] size: 73    x 514  
c [scc] new: 0 BP 0M T: 0.00
c [vrep] vars 0 lits 0 rem-bin-cls 0 rem-long-cls 0 BP 0M T: 0.00
c [intree] Set 0 vars hyper-added: 0 trans-irred: 0 trans-red: 0 T: 0.01 T-out: N T-r: -0.23%
c [find&init matx] performing matrix init
c [gauss] XOR-encoding clauses are not detached, so no need to reattach them.
c [xor-rem-unconnected] left with 919 xors from 920 non-empty xors T: 0.00
c [xor-together] xored together: 846 orig xors: 919 new xors: 73 T: 0.00
c [xor-rem-unconnected] left with 73 xors from 73 non-empty xors T: 0.00
c [xor-clean-equiv] removed equivalent xors: 0 left with: 73
c [matrix] unused xors from cleaning: 1
c [matrix] Good   matrix 0 73      x514    density:0.1008  xorlen avg: 51.82
c [matrix] Using 1 matrices recovered from 0 xors T: 0.00 T-out: N
c rst  geom stb  vs   1212  648 K 1513      34K   786 5.85    5.76     2432   748   40K   103 39.85   39.76  
c [distill-long-red0] cls tried: 30/30 T: 0.00 T-out: N T-r: 99.96%
c [distill-long-red1] cls tried: 161/229 T: 0.01 T-out: Y T-r: -1.04%
c [distill] watch-based irred--  cl tried 10372    cl-sh 0     cl-rem 0    lit-rem 0      T: 0.00 T-out: N
c [distill] watch-based red  --  cl tried 4864     cl-sh 8     cl-rem 0    lit-rem 13     T: 0.00 T-out: N
c [impl-str] lit bin: 0 set-var: 0 T: 0.00 T-out: N T-r: 99.96% w-visit: 3030
c [impl-sub] bin: 0 T: 0.00 T-out: N w-visit: 3030
c rst  geom ibes vs   1213  652 K 1513      34K   786 5.85    5.76     2453   709   44K   103 41.09   41.01  
c [distill-bin] useful: 0/786/786 lits-rem: 0 cl-rem: 0 0-depth-assigns: 0 T: 0.00 T-out: N
c rst  geom ibes vs   1214  658 K 1513      34K   786 5.85    5.76     2453   716   50K   103 41.92   41.85  
c rst  geom ibes vs   1215  664 K 1513      34K   786 5.85    5.76     2485   497   38K   103 42.13   42.03  
c [distill-long-red0] cls tried: 40/40 T: 0.00 T-out: N T-r: 99.94%
c [distill-long-red1] cls tried: 115/115 T: 0.01 T-out: N T-r: 31.45%
c [full-probe]  bin_only: 0 set: 0 repl: 0 T: 0.00 T-out: N T-r: 98.48%
c rst  geom svd  vs   1216  670 K 1513      34K   786 5.85    5.76     2507   467   45K   103 42.28   42.19  
c [branch] adjusting to: vmtf (from: vsid) var_decay:0.95 descr: VMTF
c rst  luby svd  vmt  1217  670 K 1513      34K   786 5.85    5.76     2510   483   45K   103 42.24   42.15  
c rst  luby svd  vmt  1218  670 K 1513      34K   786 5.85    5.76     2510   483   45K   103 42.23   42.15  
c rst  luby svd  vmt  1219  670 K 1513      34K   786 5.85    5.76     2510   483   45K   103 42.23   42.14  
c rst  luby svd  vmt  1220  670 K 1513      34K   786 5.85    5.76     2510   483   45K   103 42.26   42.17  
c rst  luby svd  vmt  1221  671 K 1513      34K   786 5.85    5.76     2510   483   45K   103 42.23   42.15  
c [ccnr] saving best assignment phase to stable_polar
c [ccnr] bumping based on var unsat frequency: conflict_ct
c [ccnr] Bumped vars: 1515 bump type: 6
c [ccnr] time: 0.27
c rst  luby svd  vmt  1222  671 K 1513      34K   786 5.85    5.76     2515   500   46K   103 42.21   42.12  
c rst  luby svd  vmt  1223  671 K 1513      34K   786 5.85    5.76     2515   506   46K   103 42.28   42.20  
c rst  luby svd  vmt  1224  671 K 1513      34K   786 5.85    5.76     2515   506   46K   103 42.27   42.18  
c rst  luby svd  vmt  1225  671 K 1513      34K   786 5.85    5.76     2515   506   46K   103 42.26   42.18  
c rst  luby svd  vmt  1226  672 K 1513      34K   786 5.85    5.76     2515   506   46K   103 42.22   42.14  
c rst  luby svd  vmt  1227  672 K 1513      34K   786 5.85    5.76     2515   506   46K   103 42.22   42.14  
c rst  luby svd  vmt  1228  672 K 1513      34K   786 5.85    5.76     2515   506   47K   103 42.22   42.14  
c rst  luby svd  vmt  1229  672 K 1513      34K   786 5.85    5.76     2515   506   47K   103 42.15   42.06  
c rst  luby svd  vmt  1230  672 K 1513      34K   786 5.85    5.76     2515   507   47K   103 42.09   42.01  
c rst  luby svd  vmt  1231  673 K 1513      34K   786 5.85    5.76     2515   508   48K   103 42.05   41.97  
c [distill-bin] useful: 0/786/786 lits-rem: 0 cl-rem: 0 0-depth-assigns: 0 T: 0.01 T-out: N
c [distill] watch-based irred--  cl tried 10372    cl-sh 0     cl-rem 0    lit-rem 0      T: 0.01 T-out: N
c [distill] watch-based red  --  cl tried 5030     cl-sh 8     cl-rem 0    lit-rem 11     T: 0.00 T-out: N
c rst  luby svd  vmt  1232  673 K 1513      34K   786 5.85    5.76     2515   508   48K   103 42.03   41.95  
c rst  luby svd  vmt  1233  673 K 1513      34K   786 5.85    5.76     2515   508   48K   103 42.03   41.95  
c rst  luby svd  vmt  1234  674 K 1513      34K   786 5.85    5.76     2515   508   48K   103 42.01   41.93  
c rst  luby svd  vmt  1235  674 K 1513      34K   786 5.85    5.76     2515   509   48K   103 42.02   41.94  
c rst  luby svd  vmt  1236  674 K 1513      34K   786 5.85    5.76     2515   509   49K   103 42.03   41.95  
c rst  luby svd  vmt  1237  674 K 1513      34K   786 5.85    5.76     2515   509   49K   103 42.08   42.00  
c rst  luby svd  vmt  1238  674 K 1513      34K   786 5.85    5.76     2515   509   49K   103 42.04   41.96  
c rst  luby svd  vmt  1239  674 K 1513      34K   786 5.85    5.76     2515   509   49K   103 42.03   41.95  
c rst  luby svd  vmt  1240  675 K 1513      34K   786 5.85    5.76     2517   574   36K   103 41.80   41.70  
c rst  luby svd  vmt  1241  675 K 1513      34K   786 5.85    5.76     2517   574   36K   103 41.79   41.69  
c rst  luby svd  vmt  1242  675 K 1513      34K   786 5.85    5.76     2518   574   37K   103 41.82   41.71  
c rst  luby svd  vmt  1243  675 K 1513      34K   786 5.85    5.76     2518   574   37K   103 41.80   41.70  
c rst  luby svd  vmt  1244  675 K 1513      34K   786 5.85    5.76     2518   574   37K   103 41.83   41.73  
c rst  luby svd  vmt  1245  676 K 1513      34K   786 5.85    5.76     2518   577   37K   103 41.84   41.74  
c rst  geom best vmt  1246  676 K 1513      34K   786 5.85    5.76     2518   577   37K   103 41.85   41.75  
c rst  geom best vmt  1247  676 K 1513      34K   786 5.85    5.76     2518   577   38K   103 41.83   41.73  
c rst  geom best vmt  1248  676 K 1513      34K   786 5.85    5.76     2518   578   38K   103 41.84   41.74  
c rst  geom best vmt  1249  676 K 1513      34K   786 5.85    5.76     2518   578   38K   103 41.84   41.74  
c rst  geom best vmt  1250  676 K 1513      34K   786 5.85    5.76     2518   579   38K   103 41.86   41.76  
c rst  geom best vmt  1251  676 K 1513      34K   786 5.85    5.76     2518   579   38K   103 41.90   41.81  
c rst  geom best vmt  1252  677 K 1513      34K   786 5.85    5.76     2518   579   38K   103 41.89   41.79  
c rst  geom best vmt  1253  677 K 1513      34K   786 5.85    5.76     2518   579   39K   103 41.88   41.78  
c rst  geom best vmt  1254  677 K 1513      34K   786 5.85    5.76     2518   579   39K   103 41.85   41.75  
c rst  geom best vmt  1255  677 K 1513      34K   786 5.85    5.76     2518   582   39K   103 41.89   41.79  
c rst  geom best vmt  1256  678 K 1513      34K   786 5.85    5.76     2519   583   39K   103 41.92   41.83  
c rst  geom best vmt  1257  678 K 1513      34K   786 5.85    5.76     2519   583   40K   103 41.87   41.78  
c rst  geom best vmt  1258  678 K 1513      34K   786 5.85    5.76     2519   583   40K   103 41.84   41.75  
c rst  geom best vmt  1259  679 K 1513      34K   786 5.85    5.76     2519   583   40K   103 41.75   41.66  
c [distill-long-red0] cls tried: 22/22 T: 0.00 T-out: N T-r: 99.98%
c [distill-long-red1] cls tried: 120/120 T: 0.01 T-out: N T-r: 1.70%
c rst  geom best vmt  1260  679 K 1513      34K   786 5.85    5.76     2519   583   41K   103 41.76   41.67  
c rst  geom best vmt  1261  680 K 1513      34K   786 5.85    5.76     2519   584   41K   103 41.75   41.66  
c rst  geom best vmt  1262  680 K 1513      34K   786 5.85    5.76     2557   521   42K   103 41.83   41.74  
c rst  geom best vmt  1263  681 K 1513      34K   786 5.85    5.76     2557   521   42K   103 41.77   41.68  
c rst  geom best vmt  1264  681 K 1513      34K   786 5.85    5.76     2557   521   43K   103 41.74   41.66  
c rst  geom best vmt  1265  682 K 1513      34K   786 5.85    5.76     2557   522   44K   103 41.79   41.70  
c rst  geom best vmt  1266  683 K 1513      34K   786 5.85    5.76     2557   523   44K   103 41.92   41.84  
c rst  geom best vmt  1267  683 K 1513      34K   786 5.85    5.76     2557   528   45K   103 41.87   41.79  
c rst  geom best vmt  1268  684 K 1513      34K   786 5.85    5.76     2557   529   46K   103 41.98   41.90  
c [full-probe]  bin_only: 1 set: 0 repl: 0 T: 0.00 T-out: N T-r: 99.87%
c rst  geom best vmt  1269  685 K 1513      34K   786 5.85    5.76     2557   532   47K   103 41.97   41.89  
c rst  geom best vmt  1270  686 K 1513      34K   786 5.85    5.76     2557   539   48K   103 41.94   41.86  
c rst  geom best vmt  1271  687 K 1513      34K   786 5.85    5.76     2558   548   49K   103 42.20   42.12  
c rst  geom best vmt  1272  689 K 1513      34K   786 5.85    5.76     2560   549   50K   103 42.13   42.06  
c rst  geom stb  vmt  1273  690 K 1513      34K   786 5.85    5.76     2590   549   37K   103 40.91   40.81  
c rst  geom stb  vmt  1274  692 K 1513      34K   786 5.85    5.76     2590   550   39K   103 41.14   41.05  
c rst  geom stb  vmt  1275  693 K 1513      34K   786 5.85    5.76     2590   550   41K   103 41.38   41.29  
c [distill-bin] useful: 0/786/786 lits-rem: 0 cl-rem: 0 0-depth-assigns: 0 T: 0.01 T-out: N
c rst  geom stb  vmt  1276  695 K 1513      34K   786 5.85    5.76     2590   554   42K   103 41.84   41.75  
c [distill-long-red0] cls tried: 11/11 T: 0.00 T-out: N T-r: 99.98%
c [distill-long-red1] cls tried: 76/76 T: 0.01 T-out: N T-r: 34.81%
c rst  geom stb  vmt  1277  697 K 1513      34K   786 5.85    5.76     2591   566   44K   103 41.89   41.80  
c rst  geom stb  vmt  1278  699 K 1513      34K   786 5.85    5.76     2591   575   47K   103 42.09   42.01  
c [distill] watch-based irred--  cl tried 10372    cl-sh 0     cl-rem 0    lit-rem 0      T: 0.00 T-out: N
c [distill] watch-based red  --  cl tried 5182     cl-sh 4     cl-rem 0    lit-rem 6      T: 0.00 T-out: N
c rst  geom stb  vmt  1279  702 K 1513      34K   786 5.85    5.76     2605   547   49K   103 42.50   42.42  
c rst  geom ibes vmt  1280  705 K 1513      34K   786 5.85    5.76     2609   620   38K   103 41.50   41.40  
c [full-probe]  bin_only: 0 set: 0 repl: 0 T: 0.00 T-out: N T-r: 98.49%
c rst  geom ibes vmt  1281  708 K 1513      34K   786 5.85    5.76     2609   624   41K   103 41.82   41.73  
c [impl-str] lit bin: 0 set-var: 0 T: 0.00 T-out: N T-r: 99.96% w-visit: 3030
c [impl-sub] bin: 0 T: 0.00 T-out: N w-visit: 3030
c rst  geom ibes vmt  1282  711 K 1513      34K   786 5.85    5.76     2639   589   44K   103 41.97   41.89  
c [distill-long-red0] cls tried: 24/24 T: 0.00 T-out: N T-r: 99.96%
c [distill-long-red1] cls tried: 108/108 T: 0.01 T-out: N T-r: 12.94%
c [gauss] XOR-encoding clauses are not detached, so no need to reattach them.
c [g 0] truth-find prop checks  : 1960K
c [g 0] -> of which prop        : 63.97 %
c [g 0] -> of which confl       :  1.76 %
c [g 0] elim called             : 78K
c [g 0] ---> which lead to prop : 83.72 %
c [g 0] ---> which lead to confl:  2.62 %
c [g 0] size: 73    x 514  
c [scc] new: 0 BP 0M T: 0.00
c [vrep] vars 0 lits 0 rem-bin-cls 0 rem-long-cls 0 BP 0M T: 0.00
c [intree] Set 0 vars hyper-added: 0 trans-irred: 0 trans-red: 0 T: 0.00 T-out: N T-r: -0.98%
c [find&init matx] performing matrix init
c [gauss] XOR-encoding clauses are not detached, so no need to reattach them.
c [xor-rem-unconnected] left with 919 xors from 920 non-empty xors T: 0.00
c [xor-together] xored together: 846 orig xors: 919 new xors: 73 T: 0.00
c [xor-rem-unconnected] left with 73 xors from 73 non-empty xors T: 0.00
c [xor-clean-equiv] removed equivalent xors: 0 left with: 73
c [matrix] unused xors from cleaning: 1
c [matrix] Good   matrix 0 73      x514    density:0.1008  xorlen avg: 51.82
c [matrix] Using 1 matrices recovered from 0 xors T: 0.00 T-out: N
c rst  geom ibes vmt  1283  715 K 1513      34K   786 5.85    5.76     2639   602   47K   103 42.70   42.62  
c [distill-bin] useful: 0/786/786 lits-rem: 0 cl-rem: 0 0-depth-assigns: 0 T: 0.01 T-out: N
c [ccnr] saving best assignment phase to stable_polar
c [ccnr] bumping based on clause weights
c [ccnr] Bumped vars: 103 bump type: 6
c [ccnr] time: 0.27
c rst  geom svd  vmt  1284  719 K 1513      34K   786 5.85    5.76     2641   641   51K   103 41.13   41.06  
c rst  geom svd  vmt  1285  723 K 1513      34K   786 5.85    5.76     2727   816   40K   103 38.78   38.69  
c rst  geom svd  vmt  1286  728 K 1513      34K   786 5.85    5.76     2728   889   45K   103 37.15   37.07  
c [distill-long-red0] cls tried: 35/35 T: 0.00 T-out: N T-r: 99.93%
c [distill-long-red1] cls tried: 31/362 T: 0.02 T-out: Y T-r: -4.10%
c [full-probe]  bin_only: 1 set: 0 repl: 0 T: 0.00 T-out: N T-r: 99.85%
c [distill] watch-based irred--  cl tried 10372    cl-sh 0     cl-rem 0    lit-rem 0      T: 0.00 T-out: N
c [distill] watch-based red  --  cl tried 5456     cl-sh 15    cl-rem 0    lit-rem 29     T: 0.00 T-out: N
c rst  geom best vmt  1287  733 K 1513      34K   786 5.85    5.76     2806   846   50K   103 35.09   35.02  
c rst  geom best vmt  1288  739 K 1513      34K   786 5.85    5.76     2834  1322   41K   103 29.35   29.29  
c [branch] adjusting to: vsid (from: vmtf) var_decay:0.95 descr: VSIDS
c [distill-bin] useful: 0/786/786 lits-rem: 0 cl-rem: 0 0-depth-assigns: 0 T: 0.00 T-out: N
c rst  geom best vs   1289  739 K 1513      34K   786 5.85    5.76     2834  1322   41K   103 29.39   29.33  
c rst  geom best vs   1290  739 K 1513      34K   786 5.85    5.76     2834  1322   42K   103 29.43   29.37  
c rst  geom best vs   1291  739 K 1513      34K   786 5.85    5.76     2834  1322   42K   103 29.49   29.43  
c rst  geom best vs   1292  739 K 1513      34K   786 5.85    5.76     2834  1322   42K   103 29.51   29.45  
c rst  geom best vs   1293  740 K 1513      34K   786 5.85    5.76     2901  1221   42K   103 29.55   29.49  
c rst  geom best vs   1294  740 K 1513      34K   786 5.85    5.76     2901  1222   42K   103 29.58   29.52  
c rst  geom best vs   1295  740 K 1513      34K   786 5.85    5.76     2901  1224   42K   103 29.65   29.59  
c rst  geom best vs   1296  740 K 1513      34K   786 5.85    5.76     2901  1224   43K   103 29.75   29.69  
c rst  geom stb  vs   1297  740 K 1513      34K   786 5.85    5.76     2901  1225   43K   103 29.82   29.76  
c rst  geom stb  vs   1298  741 K 1513      34K   786 5.85    5.76     2901  1230   43K   103 29.95   29.89  
c rst  geom stb  vs   1299  741 K 1513      34K   786 5.85    5.76     2901  1232   43K   103 30.01   29.95  
c rst  geom stb  vs   1300  741 K 1513      34K   786 5.85    5.76     2901  1232   44K   103 30.14   30.08  
c rst  geom stb  vs   1301  742 K 1513      34K   786 5.85    5.76     2901  1233   44K   103 30.22   30.16  
c rst  geom stb  vs   1302  742 K 1513      34K   786 5.85    5.76     2901  1233   44K   103 30.34   30.28  
c rst  geom stb  vs   1303  742 K 1513      34K   786 5.85    5.76     2901  1234   45K   103 30.50   30.44  
c rst  geom stb  vs   1304  743 K 1513      34K   786 5.85    5.76     2901  1236   45K   103 30.52   30.46  
c [distill-long-red0] cls tried: 144/144 T: 0.01 T-out: N T-r: 99.62%
c [distill-long-red1] cls tried: 29/764 T: 0.01 T-out: Y T-r: -4.87%
c rst  geom stb  vs   1305  743 K 1513      34K   786 5.85    5.76     2901  1236   46K   103 30.70   30.64  
c rst  geom stb  vs   1306  744 K 1513      34K   786 5.85    5.76     2901  1236   46K   103 30.79   30.73  
c rst  geom stb  vs   1307  744 K 1513      34K   786 5.85    5.76     2901  1237   47K   103 30.96   30.90  
c rst  geom stb  vs   1308  745 K 1513      34K   786 5.85    5.76     2901  1237   48K   103 31.17   31.11  
c rst  geom stb  vs   1309  746 K 1513      34K   786 5.85    5.76     2901  1238   48K   103 31.23   31.18  
c rst  geom stb  vs   1310  747 K 1513      34K   786 5.85    5.76     2901  1240   49K   103 31.59   31.53  
c rst  geom stb  vs   1311  748 K 1513      34K   786 5.85    5.76     2901  1240   50K   103 31.89   31.83  
c rst  geom stb  vs   1312  748 K 1513      34K   786 5.85    5.76     2901  1240   51K   103 32.10   32.05  
c [full-probe]  bin_only: 0 set: 0 repl: 0 T: 0.01 T-out: N T-r: 98.18%
c rst  geom stb  vs   1313  750 K 1513      34K   786 5.85    5.76     2902  1244   52K   103 32.48   32.42  
c rst  geom stb  vs   1314  751 K 1513      34K   786 5.85    5.76     2926  1384   37K   103 27.92   27.86  
c rst  geom stb  vs   1315  752 K 1513      34K   786 5.85    5.76     2926  1386   38K   103 28.42   28.35  
c rst  geom stb  vs   1316  753 K 1513      34K   786 5.85    5.76     2926  1389   40K   103 28.73   28.66  
c [distill] watch-based irred--  cl tried 10372    cl-sh 0     cl-rem 0    lit-rem 0      T: 0.02 T-out: N
c [distill] watch-based red  --  cl tried 5852     cl-sh 11    cl-rem 0    lit-rem 21     T: 0.00 T-out: N
c rst  geom ibes vs   1317  755 K 1513      34K   786 5.85    5.76     2926  1395   41K   103 29.39   29.33  
c rst  geom ibes vs   1318  757 K 1513      34K   786 5.85    5.76     2927  1409   43K   103 30.24   30.18  
c rst  geom ibes vs   1319  758 K 1513      34K   786 5.85    5.76     2927  1410   45K   103 31.09   31.03  
c [distill-long-red0] cls tried: 21/21 T: 0.00 T-out: N T-r: 99.95%
c [distill-long-red1] cls tried: 25/959 T: 0.01 T-out: Y T-r: -10.20%
c rst  geom ibes vs   1320  761 K 1513      34K   786 5.85    5.76     2944  1344   47K   103 31.57   31.52  
c [distill-bin] useful: 0/786/786 lits-rem: 0 cl-rem: 0 0-depth-assigns: 0 T: 0.00 T-out: N
c [ccnr] saving best assignment phase to stable_polar
c [ccnr] bumping based on var unsat frequency: conflict_ct
c [ccnr] Bumped vars: 1515 bump type: 6
c [ccnr] time: 0.27
c rst  geom ibes vs   1321  763 K 1513      34K   786 5.85    5.76     2944  1346   49K   103 32.20   32.15  
c rst  geom ibes vs   1322  765 K 1513      34K   786 5.85    5.76     2946  1413   36K   103 35.25   35.17  
c rst  geom ibes vs   1323  768 K 1513      34K   786 5.85    5.76     2946  1415   39K   103 35.94   35.86  
c [impl-str] lit bin: 0 set-var: 0 T: 0.00 T-out: N T-r: 99.96% w-visit: 3030
c [impl-sub] bin: 0 T: 0.00 T-out: N w-visit: 3030
c rst  geom svd  vs   1324  771 K 1513      34K   786 5.85    5.76     2960  1358   42K   103 35.97   35.89  
c [full-probe]  bin_only: 1 set: 0 repl: 0 T: 0.00 T-out: N T-r: 99.87%
c rst  geom svd  vs   1325  774 K 1513      34K   786 5.85    5.76     2961  1375   45K   103 36.48   36.41  
c [distill-long-red0] cls tried: 20/20 T: 0.00 T-out: N T-r: 99.96%
c [distill-long-red1] cls tried: 41/1011 T: 0.02 T-out: Y T-r: -1.21%
c rst  geom svd  vs   1326  778 K 1513      34K   786 5.85    5.76     2962  1394   49K   103 37.10   37.03  
c [gauss] XOR-encoding clauses are not detached, so no need to reattach them.
c [g 0] truth-find prop checks  : 2667K
c [g 0] -> of which prop        : 44.38 %
c [g 0] -> of which confl       :  1.48 %
c [g 0] elim called             : 192K
c [g 0] ---> which lead to prop : 39.82 %
c [g 0] ---> which lead to confl:  1.11 %
c [g 0] size: 73    x 514  
c [scc] new: 0 BP 0M T: 0.00
c [vrep] vars 0 lits 0 rem-bin-cls 0 rem-long-cls 0 BP 0M T: 0.01
c [intree] Set 0 vars hyper-added: 1 trans-irred: 0 trans-red: 0 T: 0.00 T-out: N T-r: -0.83%
c [find&init matx] performing matrix init
c [gauss] XOR-encoding clauses are not detached, so no need to reattach them.
c [xor-rem-unconnected] left with 919 xors from 920 non-empty xors T: 0.00
c [xor-together] xored together: 846 orig xors: 919 new xors: 73 T: 0.00
c [xor-rem-unconnected] left with 73 xors from 73 non-empty xors T: 0.00
c [xor-clean-equiv] removed equivalent xors: 0 left with: 73
c [matrix] unused xors from cleaning: 1
c [matrix] Good   matrix 0 73      x514    density:0.1008  xorlen avg: 51.82
c [matrix] Using 1 matrices recovered from 0 xors T: 0.00 T-out: N
c rst  geom svd  vs   1327  782 K 1513      34K   786 5.85    5.76     3007  1424   39K   104 41.87   41.77  
c [distill-bin] useful: 0/786/786 lits-rem: 0 cl-rem: 0 0-depth-assigns: 0 T: 0.01 T-out: N
c [distill] watch-based irred--  cl tried 10372    cl-sh 0     cl-rem 0    lit-rem 0      T: 0.00 T-out: N
c [distill] watch-based red  --  cl tried 6014     cl-sh 14    cl-rem 0    lit-rem 24     T: 0.01 T-out: N
c rst  geom best vs   1328  786 K 1513      34K   786 5.85    5.76     3007  1447   44K   104 42.07   41.98  
c rst  geom best vs   1329  791 K 1513      34K   786 5.85    5.76     3027  1272   49K   104 42.27   42.19  
c [distill-long-red0] cls tried: 50/50 T: 0.00 T-out: N T-r: 99.90%
c [distill-long-red1] cls tried: 60/994 T: 0.01 T-out: Y T-r: -1.78%
c [full-probe]  bin_only: 0 set: 0 repl: 0 T: 0.01 T-out: N T-r: 98.28%
c rst  geom best vs   1330  796 K 1513      34K   786 5.85    5.76     3033  1330   40K   104 40.18   40.09  
c rst  geom stb  vs   1331  802 K 1513      34K   786 5.85    5.76     3047  1011   46K   104 39.39   39.31  
c [distill-bin] useful: 0/786/786 lits-rem: 0 cl-rem: 0 0-depth-assigns: 0 T: 0.01 T-out: N
c rst  geom stb  vs   1332  809 K 1513      34K   786 5.85    5.76     3048  1018   52K   104 39.90   39.83  
c [distill-long-red0] cls tried: 20/20 T: 0.00 T-out: N T-r: 99.95%
c [distill-long-red1] cls tried: 95/727 T: 0.01 T-out: Y T-r: -1.45%
c [distill] watch-based irred--  cl tried 10372    cl-sh 0     cl-rem 0    lit-rem 0      T: 0.01 T-out: N
c [distill] watch-based red  --  cl tried 6096     cl-sh 5     cl-rem 0    lit-rem 9      T: 0.00 T-out: N
c [ccnr] saving best assignment phase to stable_polar
c [ccnr] bumping based on var unsat frequency: conflict_ct
c [ccnr] Bumped vars: 1515 bump type: 6
c [ccnr] time: 0.27
c rst  geom stb  vs   1333  816 K 1513      34K   786 5.85    5.76     3057   625   45K   104 39.27   39.19  
c [full-probe]  bin_only: 1 set: 0 repl: 0 T: 0.00 T-out: N T-r: 99.86%
c rst  geom ibes vs   1334  823 K 1513      34K   786 5.85    5.76     3081   596   53K   104 39.84   39.77  
c [branch] adjusting to: vmtf (from: vsid) var_decay:0.95 descr: VMTF
c [distill-bin] useful: 0/786/786 lits-rem: 0 cl-rem: 0 0-depth-assigns: 0 T: 0.01 T-out: N
c rst  luby ibes vmt  1335  824 K 1513      34K   786 5.85    5.76     3089   606   53K   105 39.82   39.75  
c rst  luby ibes vmt  1336  824 K 1513      34K   786 5.85    5.76     3089   607   53K   105 39.83   39.76  
c [distill-long-red0] cls tried: 34/34 T: 0.00 T-out: N T-r: 99.94%
c [distill-long-red1] cls tried: 77/317 T: 0.01 T-out: Y T-r: -1.41%
c rst  luby ibes vmt  1337  824 K 1513      34K   786 5.85    5.76     3089   615   53K   105 39.84   39.77  
c rst  luby ibes vmt  1338  824 K 1513      34K   786 5.85    5.76     3089   615   53K   105 39.85   39.78  
c rst  luby ibes vmt  1339  824 K 1513      34K   786 5.85    5.76     3089   615   53K   105 39.86   39.79  
c rst  luby ibes vmt  1340  824 K 1513      34K   786 5.85    5.76     3089   616   53K   105 39.91   39.84  
c rst  luby ibes vmt  1341  825 K 1513      34K   786 5.85    5.76     3092   664   39K   105 38.21   38.13  
c rst  luby ibes vmt  1342  825 K 1513      34K   786 5.85    5.76     3092   664   39K   105 38.24   38.16  
c rst  luby ibes vmt  1343  825 K 1513      34K   786 5.85    5.76     3092   666   39K   105 38.23   38.15  
c rst  luby ibes vmt  1344  825 K 1513      34K   786 5.85    5.76     3092   667   39K   105 38.28   38.19  
c rst  luby ibes vmt  1345  825 K 1513      34K   786 5.85    5.76     3093   667   39K   105 38.31   38.22  
c rst  luby ibes vmt  1346  825 K 1513      34K   786 5.85    5.76     3093   668   39K   105 38.38   38.29  
c rst  luby ibes vmt  1347  826 K 1513      34K   786 5.85    5.76     3093   669   40K   105 38.42   38.34  
c rst  luby ibes vmt  1348  826 K 1513      34K   786 5.85    5.76     3093   671   40K   105 38.42   38.34  
c rst  luby ibes vmt  1349  827 K 1513      34K   786 5.85    5.76     3093   673   41K   105 38.57   38.48  
c rst  luby ibes vmt  1350  827 K 1513      34K   786 5.85    5.76     3093   673   41K   105 38.58   38.50  
c rst  luby ibes vmt  1351  827 K 1513      34K   786 5.85    5.76     3093   673   41K   105 38.61   38.53  
c rst  luby ibes vmt  1352  827 K 1513      34K   786 5.85    5.76     3093   673   41K   105 38.65   38.57  
c rst  luby ibes vmt  1353  827 K 1513      34K   786 5.85    5.76     3093   673   41K   105 38.66   38.58  
c rst  luby ibes vmt  1354  827 K 1513      34K   786 5.85    5.76     3093   674   41K   105 38.70   38.61  
c rst  luby ibes vmt  1355  828 K 1513      34K   786 5.85    5.76     3093   674   42K   105 38.72   38.64  
c rst  luby ibes vmt  1356  828 K 1513      34K   786 5.85    5.76     3093   674   42K   105 38.69   38.60  
c rst  luby ibes vmt  1357  828 K 1513      34K   786 5.85    5.76     3093   674   42K   105 38.68   38.60  
c [impl-str] lit bin: 0 set-var: 0 T: 0.00 T-out: N T-r: 99.96% w-visit: 3030
c [impl-sub] bin: 1 T: 0.00 T-out: N w-visit: 3030
c rst  luby ibes vmt  1358  828 K 1513      34K   786 5.85    5.76     3093   674   42K   104 38.66   38.58  
c rst  luby ibes vmt  1359  828 K 1513      34K   786 5.85    5.76     3093   674   42K   104 38.71   38.63  
c rst  luby ibes vmt  1360  828 K 1513      34K   786 5.85    5.76     3093   674   43K   104 38.73   38.65  
c rst  luby ibes vmt  1361  829 K 1513      34K   786 5.85    5.76     3093   674   43K   104 38.73   38.65  
c rst  luby ibes vmt  1362  829 K 1513      34K   786 5.85    5.76     3093   674   43K   104 38.75   38.67  
c rst  luby ibes vmt  1363  829 K 1513      34K   786 5.85    5.76     3093   675   43K   104 38.85   38.77  
c rst  luby svd  vmt  1364  830 K 1513      34K   786 5.85    5.76     3125   597   44K   104 38.68   38.61  
c rst  luby svd  vmt  1365  832 K 1513      34K   786 5.85    5.76     3125   603   46K   104 38.95   38.87  
c rst  luby svd  vmt  1366  832 K 1513      34K   786 5.85    5.76     3125   603   46K   104 38.98   38.90  
c rst  luby svd  vmt  1367  832 K 1513      34K   786 5.85    5.76     3125   604   46K   104 38.98   38.90  
c rst  luby svd  vmt  1368  832 K 1513      34K   786 5.85    5.76     3125   604   46K   104 39.02   38.94  
c rst  luby svd  vmt  1369  832 K 1513      34K   786 5.85    5.76     3125   604   46K   104 39.03   38.95  
c rst  luby svd  vmt  1370  832 K 1513      34K   786 5.85    5.76     3125   604   46K   104 39.04   38.96  
c rst  luby svd  vmt  1371  832 K 1513      34K   786 5.85    5.76     3125   605   46K   104 39.08   39.00  
c rst  luby svd  vmt  1372  833 K 1513      34K   786 5.85    5.76     3125   605   47K   104 39.06   38.98  
c rst  luby svd  vmt  1373  833 K 1513      34K   786 5.85    5.76     3125   605   47K   104 39.03   38.96  
c rst  luby svd  vmt  1374  833 K 1513      34K   786 5.85    5.76     3125   605   47K   104 39.00   38.93  
c rst  luby svd  vmt  1375  833 K 1513      34K   786 5.85    5.76     3125   605   47K   104 38.95   38.87  
c rst  luby svd  vmt  1376  833 K 1513      34K   786 5.85    5.76     3125   605   47K   104 38.92   38.85  
c rst  luby svd  vmt  1377  833 K 1513      34K   786 5.85    5.76     3125   605   48K   104 38.89   38.82  
c rst  luby svd  vmt  1378  834 K 1513      34K   786 5.85    5.76     3130   658   48K   104 38.81   38.74  
c rst  luby svd  vmt  1379  834 K 1513      34K   786 5.85    5.76     3130   662   48K   104 38.70   38.62  
c [distill] watch-based irred--  cl tried 10372    cl-sh 0     cl-rem 0    lit-rem 0      T: 0.01 T-out: N
c [distill] watch-based red  --  cl tried 6260     cl-sh 9     cl-rem 0    lit-rem 12     T: 0.00 T-out: N
c rst  luby svd  vmt  1380  835 K 1513      34K   786 5.85    5.76     3131   672   49K   104 38.52   38.45  
c rst  luby svd  vmt  1381  835 K 1513      34K   786 5.85    5.76     3131   672   49K   104 38.48   38.41  
c rst  luby svd  vmt  1382  835 K 1513      34K   786 5.85    5.76     3131   672   49K   104 38.46   38.39  
c rst  luby svd  vmt  1383  835 K 1513      34K   786 5.85    5.76     3131   676   49K   104 38.40   38.33  
c rst  luby svd  vmt  1384  835 K 1513      34K   786 5.85    5.76     3131   685   49K   104 38.36   38.29  
c rst  luby svd  vmt  1385  835 K 1513      34K   786 5.85    5.76     3131   686   49K   104 38.32   38.25  
c rst  luby svd  vmt  1386  836 K 1513      34K   786 5.85    5.76     3131   687   50K   104 38.29   38.22  
c rst  luby svd  vmt  1387  836 K 1513      34K   786 5.85    5.76     3131   688   50K   104 38.18   38.11  
c [full-probe]  bin_only: 0 set: 0 repl: 0 T: 0.00 T-out: N T-r: 98.30%
c rst  luby svd  vmt  1388  836 K 1513      34K   786 5.85    5.76     3131   690   50K   104 38.16   38.10  
c rst  luby svd  vmt  1389  836 K 1513      34K   786 5.85    5.76     3132   696   50K   104 38.18   38.11  
c rst  luby svd  vmt  1390  836 K 1513      34K   786 5.85    5.76     3132   696   50K   104 38.20   38.13  
c rst  luby svd  vmt  1391  836 K 1513      34K   786 5.85    5.76     3132   696   51K   104 38.19   38.12  
c rst  luby svd  vmt  1392  837 K 1513      34K   786 5.85    5.76     3132   696   51K   104 38.22   38.15  
c rst  luby svd  vmt  1393  837 K 1513      34K   786 5.85    5.76     3132   696   51K   104 38.23   38.16  
c rst  luby svd  vmt  1394  837 K 1513      34K   786 5.85    5.76     3132   697   51K   104 38.25   38.18  
c rst  luby svd  vmt  1395  838 K 1513      34K   786 5.85    5.76     3133   702   52K   105 38.42   38.36  
c rst  luby svd  vmt  1396  840 K 1513      34K   786 5.85    5.76     3214   813   36K   105 38.53   38.43  
c [distill-long-red0] cls tried: 116/116 T: 0.00 T-out: N T-r: 99.88%
c [distill-long-red1] cls tried: 118/485 T: 0.01 T-out: Y T-r: -0.80%
c rst  luby svd  vmt  1397  843 K 1513      34K   786 5.85    5.76     3214   818   40K   105 38.81   38.73  
c rst  geom best vmt  1398  843 K 1513      34K   786 5.85    5.76     3214   818   40K   105 38.82   38.73  
c [gauss] XOR-encoding clauses are not detached, so no need to reattach them.
c [g 0] truth-find prop checks  : 1864K
c [g 0] -> of which prop        : 62.38 %
c [g 0] -> of which confl       :  1.87 %
c [g 0] elim called             : 75K
c [g 0] ---> which lead to prop : 72.31 %
c [g 0] ---> which lead to confl:  2.22 %
c [g 0] size: 73    x 514  
c [scc] new: 0 BP 0M T: 0.00
c [vrep] vars 0 lits 0 rem-bin-cls 0 rem-long-cls 0 BP 0M T: 0.00
c [intree] Set 1 vars hyper-added: 1 trans-irred: 0 trans-red: 0 T: 0.01 T-out: N T-r: -0.97%
c [find&init matx] performing matrix init
c [gauss] XOR-encoding clauses are not detached, so no need to reattach them.
c [xor-rem-unconnected] left with 919 xors from 920 non-empty xors T: 0.00
c [xor-together] xored together: 846 orig xors: 919 new xors: 73 T: 0.00
c [xor-rem-unconnected] left with 73 xors from 73 non-empty xors T: 0.00
c [xor-clean-equiv] removed equivalent xors: 0 left with: 73
c [matrix] unused xors from cleaning: 1
c [matrix] Good   matrix 0 73      x513    density:0.1008  xorlen avg: 51.68
c [matrix] Using 1 matrices recovered from 0 xors T: 0.00 T-out: N
c rst  geom best vmt  1399  843 K 1512      34K   786 5.85    5.76     3214   818   40K   106 38.81   38.72  
c rst  geom best vmt  1400  843 K 1512      34K   786 5.85    5.76     3214   818   40K   106 38.78   38.69  
c rst  geom best vmt  1401  843 K 1512      34K   786 5.85    5.76     3214   818   40K   106 38.75   38.67  
c rst  geom best vmt  1402  843 K 1512      34K   786 5.85    5.76     3214   818   40K   106 38.72   38.64  
c rst  geom best vmt  1403  844 K 1512      34K   786 5.85    5.76     3214   818   40K   106 38.70   38.62  
c [distill-bin] useful: 0/786/786 lits-rem: 0 cl-rem: 0 0-depth-assigns: 0 T: 0.00 T-out: N
c rst  geom best vmt  1404  844 K 1512      34K   784 5.85    5.76     3214   818   41K   106 38.69   38.61  
c rst  geom best vmt  1405  844 K 1512      34K   784 5.85    5.76     3214   818   41K   106 38.63   38.55  
c rst  geom best vmt  1406  844 K 1512      34K   784 5.85    5.76     3214   818   41K   106 38.57   38.49  
c rst  geom best vmt  1407  845 K 1512      34K   784 5.85    5.76     3214   818   41K   106 38.56   38.48  
c rst  geom best vmt  1408  845 K 1512      34K   784 5.85    5.76     3214   818   42K   106 38.56   38.47  
c rst  geom best vmt  1409  845 K 1512      34K   784 5.85    5.76     3214   818   42K   106 38.58   38.50  
c rst  geom best vmt  1410  845 K 1512      34K   784 5.85    5.76     3214   822   42K   106 38.64   38.55  
c rst  geom best vmt  1411  846 K 1512      34K   784 5.85    5.76     3214   824   43K   106 38.71   38.63  
c rst  geom best vmt  1412  846 K 1512      34K   784 5.85    5.76     3214   824   43K   106 38.76   38.67  
c rst  geom best vmt  1413  847 K 1512      34K   784 5.85    5.76     3214   827   43K   106 38.76   38.68  
c rst  geom best vmt  1414  847 K 1512      34K   784 5.85    5.76     3214   827   44K   106 38.72   38.64  
c rst  geom best vmt  1415  848 K 1512      34K   784 5.85    5.76     3214   827   45K   106 39.02   38.94  
c rst  geom best vmt  1416  848 K 1512      34K   784 5.85    5.76     3214   830   45K   106 39.04   38.96  
c rst  geom best vmt  1417  849 K 1512      34K   784 5.85    5.76     3214   830   46K   106 39.08   39.01  
c rst  geom best vmt  1418  850 K 1512      34K   784 5.85    5.76     3235   742   47K   106 39.09   39.01  
c rst  geom best vmt  1419  851 K 1512      34K   784 5.85    5.76     3235   742   47K   106 38.95   38.87  
c rst  geom best vmt  1420  851 K 1512      34K   784 5.85    5.76     3235   743   48K   106 38.97   38.90  
c rst  geom best vmt  1421  852 K 1512      34K   784 5.85    5.76     3235   745   49K   106 38.82   38.75  
c rst  geom best vmt  1422  853 K 1512      34K   784 5.85    5.76     3235   748   50K   106 38.91   38.84  
c [ccnr] saving best assignment phase to stable_polar
c [ccnr] bumping based on clause weights
c [ccnr] Bumped vars: 103 bump type: 6
c [ccnr] time: 0.28
c rst  geom best vmt  1423  855 K 1512      34K   784 5.85    5.76     3254   861   37K   106 36.99   36.90  
c rst  geom best vmt  1424  856 K 1512      34K   784 5.85    5.76     3254   884   38K   106 36.46   36.38  
c [distill-long-red0] cls tried: 35/35 T: 0.00 T-out: N T-r: 99.95%
c [distill-long-red1] cls tried: 137/483 T: 0.01 T-out: Y T-r: -1.18%
c rst  geom best vmt  1425  857 K 1512      34K   784 5.85    5.76     3255   893   40K   106 35.86   35.77  
c [full-probe]  bin_only: 1 set: 0 repl: 0 T: 0.00 T-out: N T-r: 99.88%
c rst  geom stb  vmt  1426  859 K 1512      34K   784 5.85    5.76     3255   903   41K   106 35.20   35.12  
c rst  geom stb  vmt  1427  860 K 1512      34K   784 5.85    5.76     3320   827   43K   106 34.59   34.52  
c [distill] watch-based irred--  cl tried 10370    cl-sh 0     cl-rem 0    lit-rem 0      T: 0.00 T-out: N
c [distill] watch-based red  --  cl tried 6633     cl-sh 12    cl-rem 1    lit-rem 12     T: 0.01 T-out: N
c rst  geom stb  vmt  1428  862 K 1512      33K   785 5.84    5.76     3316   852   45K   104 33.88   33.81  
c rst  geom stb  vmt  1429  864 K 1512      33K   785 5.84    5.76     3317   876   47K   104 33.43   33.37  
c [distill-bin] useful: 0/785/785 lits-rem: 0 cl-rem: 0 0-depth-assigns: 0 T: 0.00 T-out: N
c rst  geom stb  vmt  1430  867 K 1512      33K   785 5.84    5.76     3317   882   49K   104 32.63   32.57  
c rst  geom stb  vmt  1431  869 K 1512      33K   785 5.84    5.76     3317   903   51K   104 31.87   31.81  
c rst  geom stb  vmt  1432  872 K 1512      33K   785 5.84    5.76     3440  1221   39K   104 27.38   27.32  
c [distill-long-red0] cls tried: 163/163 T: 0.01 T-out: N T-r: 99.60%
c [distill-long-red1] cls tried: 43/754 T: 0.01 T-out: Y T-r: -3.22%
c rst  geom ibes vmt  1433  875 K 1512      33K   785 5.84    5.76     3442  1271   42K   104 26.81   26.75  
c rst  geom ibes vmt  1434  878 K 1512      33K   785 5.84    5.76     3443  1331   46K   104 26.50   26.45  
c [full-probe]  bin_only: 0 set: 0 repl: 0 T: 0.00 T-out: N T-r: 98.46%
c rst  geom ibes vmt  1435  882 K 1512      33K   785 5.84    5.76     3583  1223   49K   104 25.95   25.91  
c rst  geom ibes vmt  1436  886 K 1512      33K   785 5.84    5.76     3634  1916   38K   104 21.92   21.87  
c [distill-bin] useful: 0/785/785 lits-rem: 0 cl-rem: 0 0-depth-assigns: 0 T: 0.00 T-out: N
c [distill] watch-based irred--  cl tried 10370    cl-sh 0     cl-rem 0    lit-rem 0      T: 0.01 T-out: N
c [distill] watch-based red  --  cl tried 7268     cl-sh 10    cl-rem 0    lit-rem 17     T: 0.01 T-out: N
c rst  geom svd  vmt  1437  890 K 1512      33K   785 5.84    5.76     3783  1752   42K   104 21.47   21.42  
c [distill-long-red0] cls tried: 310/310 T: 0.03 T-out: N T-r: 98.62%
c [distill-long-red1] cls tried: 25/1310 T: 0.02 T-out: Y T-r: -7.17%
c [impl-str] lit bin: 0 set-var: 0 T: 0.00 T-out: N T-r: 99.96% w-visit: 3030
c [impl-sub] bin: 0 T: 0.00 T-out: N w-visit: 3030
c rst  geom svd  vmt  1438  895 K 1512      33K   785 5.84    5.76     3785  1831   47K   104 21.88   21.84  
c rst  geom svd  vmt  1439  900 K 1512      33K   785 5.84    5.76     4073  2325   38K   104 20.06   20.02  
c [full-probe]  bin_only: 1 set: 0 repl: 0 T: 0.00 T-out: N T-r: 99.85%
c [ccnr] saving best assignment phase to stable_polar
c [ccnr] bumping based on var unsat frequency: conflict_ct
c [ccnr] Bumped vars: 1515 bump type: 6
c [ccnr] time: 0.27
c rst  geom best vmt  1440  906 K 1512      33K   785 5.84    5.76     4076  2380   43K   104 22.62   22.58  
c [branch] adjusting to: vsid (from: vmtf) var_decay:0.95 descr: VSIDS
c [distill-long-red0] cls tried: 289/289 T: 0.03 T-out: N T-r: 98.70%
c [distill-long-red1] cls tried: 38/1959 T: 0.01 T-out: Y T-r: -4.19%
c [distill-bin] useful: 0/785/785 lits-rem: 0 cl-rem: 0 0-depth-assigns: 0 T: 0.00 T-out: N
c rst  geom best vs   1441  906 K 1512      33K   785 5.84    5.76     4077  2380   43K   104 22.66   22.62  
c rst  geom best vs   1442  906 K 1512      33K   785 5.84    5.76     4077  2380   44K   104 22.71   22.66  
c rst  geom best vs   1443  906 K 1512      33K   785 5.84    5.76     4077  2380   44K   104 22.77   22.72  
c rst  geom best vs   1444  907 K 1512      33K   785 5.84    5.76     4077  2380   44K   104 22.80   22.75  
c rst  geom best vs   1445  907 K 1512      33K   785 5.84    5.76     4077  2381   44K   104 22.83   22.79  
c rst  geom best vs   1446  907 K 1512      33K   785 5.84    5.76     4077  2381   44K   104 22.92   22.88  
c rst  geom best vs   1447  907 K 1512      33K   785 5.84    5.76     4077  2381   44K   104 22.96   22.92  
c rst  geom best vs   1448  907 K 1512      33K   785 5.84    5.76     4077  2381   45K   104 23.06   23.01  
c rst  geom best vs   1449  908 K 1512      33K   785 5.84    5.76     4077  2381   45K   104 23.06   23.02  
c rst  geom best vs   1450  908 K 1512      33K   785 5.84    5.76     4077  2381   45K   104 23.06   23.01  
c rst  geom best vs   1451  908 K 1512      33K   785 5.84    5.76     4077  2383   45K   104 23.12   23.08  
c [gauss] XOR-encoding clauses are not detached, so no need to reattach them.
c [g 0] truth-find prop checks  : 3169K
c [g 0] -> of which prop        : 34.99 %
c [g 0] -> of which confl       :  1.31 %
c [g 0] elim called             : 285K
c [g 0] ---> which lead to prop : 29.15 %
c [g 0] ---> which lead to confl:  0.76 %
c [g 0] size: 73    x 513  
c [scc] new: 0 BP 0M T: 0.00
c [vrep] vars 0 lits 0 rem-bin-cls 0 rem-long-cls 0 BP 0M T: 0.00
c [intree] Set 0 vars hyper-added: 1 trans-irred: 0 trans-red: 0 T: 0.00 T-out: N T-r: -1.44%
c [find&init matx] performing matrix init
c [gauss] XOR-encoding clauses are not detached, so no need to reattach them.
c [xor-rem-unconnected] left with 919 xors from 920 non-empty xors T: 0.00
c [xor-together] xored together: 846 orig xors: 919 new xors: 73 T: 0.00
c [xor-rem-unconnected] left with 73 xors from 73 non-empty xors T: 0.00
c [xor-clean-equiv] removed equivalent xors: 0 left with: 73
c [matrix] unused xors from cleaning: 1
c [matrix] Good   matrix 0 73      x513    density:0.1008  xorlen avg: 51.68
c [matrix] Using 1 matrices recovered from 0 xors T: 0.00 T-out: N
c rst  geom best vs   1452  908 K 1512      33K   785 5.84    5.76     4077  2383   46K   105 23.22   23.18  
c rst  geom best vs   1453  909 K 1512      33K   785 5.84    5.76     4077  2383   46K   105 23.33   23.29  
c rst  geom best vs   1454  909 K 1512      33K   785 5.84    5.76     4077  2383   46K   105 23.42   23.38  
c rst  geom best vs   1455  910 K 1512      33K   785 5.84    5.76     4140  2223   47K   105 23.56   23.52  
c rst  geom best vs   1456  910 K 1512      33K   785 5.84    5.76     4140  2223   47K   105 23.70   23.66  
c rst  geom best vs   1457  911 K 1512      33K   785 5.84    5.76     4140  2233   48K   105 23.85   23.81  
c rst  geom best vs   1458  911 K 1512      33K   785 5.84    5.76     4140  2234   48K   105 23.96   23.92  
c [distill] watch-based irred--  cl tried 10370    cl-sh 0     cl-rem 0    lit-rem 0      T: 0.01 T-out: N
c [distill] watch-based red  --  cl tried 8279     cl-sh 7     cl-rem 1    lit-rem 18     T: 0.02 T-out: N
c rst  geom best vs   1459  912 K 1512      33K   785 5.84    5.76     4139  2234   49K   105 23.96   23.92  
c rst  geom best vs   1460  912 K 1512      33K   785 5.84    5.76     4139  2234   50K   105 24.02   23.98  
c rst  geom best vs   1461  913 K 1512      33K   785 5.84    5.76     4139  2234   50K   105 24.05   24.01  
c rst  geom best vs   1462  914 K 1512      33K   785 5.84    5.76     4139  2234   51K   105 24.29   24.25  
c recursive minimization cost OK: 2081Kcost/(% lits removed)
c [gauss] XOR-encoding clauses are not detached, so no need to reattach them.
c [g 0] truth-find prop checks  : 156K
c [g 0] -> of which prop        : 71.79 %
c [g 0] -> of which confl       :  1.87 %
c [g 0] elim called             : 3536
c [g 0] ---> which lead to prop : 89.06 %
c [g 0] ---> which lead to confl:  3.11 %
c [g 0] size: 73    x 513  
c --> Executing strategy token: scc-vrepl
c [scc] new: 1 BP 0M T: 0.00
c [vrep] vars 1 lits 1036 rem-bin-cls 4 rem-long-cls 0 BP 0M T: 0.01
c --> Executing strategy token: sub-impl
c [impl-sub] bin: 1 T: 0.00 T-out: N w-visit: 3030
c --> Executing strategy token: breakid
c --> Executing OCC strategy token(s): 'occ-backw-sub-str,occ-clean-implicit,occ-bve,occ-bva,occ-ternary-res,occ-xor,'
c [occ] mem usage for occur 3      MB
c [occ] Linked in IRRED BIN by default: 784
c [occ] Linked in RED   BIN by default: 103
c [occ] mem usage for occur 0      MB
c Mem for watch alloc      : 17          MB (30.85     %)
c Mem for watch array      : 0           MB (0.12      %)
c --> Executing OCC strategy token: occ-backw-sub-str
c [occ-backw-sub-str-long-w-bins] subs: 0 str: 1 tried: 10333 0-depth ass: 0 T: 0.00 T-out: N T-r: 99.27%
c [occ-backw-sub-long-w-long] rem cl: 110 tried: 91792/91792 (100.0%) T: 0.03 T-out: N T-r: 81.21%
c [occ-backw-sub-str-long-w-long] sub: 3 str: 61 tried: 275376/91792 (300.0)  T: 0.19 T-out: N T-r: 61.10%
c --> Executing OCC strategy token: occ-clean-implicit
c --> Executing OCC strategy token: occ-bve
c [occ-empty-res] Empty resolvent elimed: 0 T: 0.00 T-out: N
c [occ-bve] iter v-elim 0
c cl_inc_rate=1.0, var_dec_rate=1.0 (grow=0)
c Reduced to 1511 vars, 34721 cls (grow=0)
c [occ-bve] iter v-elim 0
c cl_inc_rate=1.0, var_dec_rate=1.0 (grow=8)
c Reduced to 1511 vars, 34721 cls (grow=8)
c [occ-bve] iter v-elim 0
c cl_inc_rate=1.0, var_dec_rate=1.0 (grow=16)
c Reduced to 1511 vars, 34721 cls (grow=16)
c x n vars       : 1511
c #try to eliminate:  4533
c #var-elim        :     0
c #T-o: N
c #T-r: 99.99%
c #T  : 0.22
c [occur] 0.02 is overhead
c [occur] link-in T: 0.02 cleanup T: 0.00
c --> Executing OCC strategy token: occ-bva
c --> Executing OCC strategy token: occ-ternary-res
c [occ-ternary-res] Ternary res-tri: 0 res-bin: 0 sub: 0 str: 0 T: 0.00 T-out: N T-r: 99.81%
c --> Executing OCC strategy token: occ-xor
c [occ-xor] sort occur list T: 0.00
c [xor-clean-equiv] removed equivalent xors: 0 left with: 907
c [occ-xor] found    907 avg sz 5.9 min sz  4 max sz  6 T: 0.01 T-out: N T-r: 99.98%
c --> Executing strategy token: card-find
c --> Executing strategy token: cl-consolidate
c Not consolidating memory.
c --> Executing strategy token: scc-vrepl
c [scc] new: 0 BP 0M T: 0.00
c --> Executing strategy token: renumber
c --> Executing strategy token: bosphorus
c --> Executing strategy token: louvain-comms
c [consolidate] mini T: 0.00
c global_timeout_multiplier: 5.3147
c [branch] rebuilding order heap for all branchings. Current branching: vsid
c [find&init matx] performing matrix init
c [gauss] XOR-encoding clauses are not detached, so no need to reattach them.
c [xor-rem-unconnected] left with 906 xors from 907 non-empty xors T: 0.00
c [xor-together] xored together: 821 orig xors: 906 new xors: 85 T: 0.00
c [xor-rem-unconnected] left with 85 xors from 85 non-empty xors T: 0.00
c [xor-clean-equiv] removed equivalent xors: 0 left with: 85
c [matrix] unused xors from cleaning: 1
c [matrix] Good   matrix  0     85 x  533  density:0.0827  xorlen avg: 44.06
c [matrix] Using 1 matrices recovered from 0 xors T: 0.00 T-out: N
c rst  geom best   vs  1463  914K    1511   33K   784    5.84    5.76  4043  2338   51K   103   24.42   24.38
c rst  geom best   vs  1464  915K    1511   33K   784    5.84    5.76  4044  2344   38K   103   26.14   26.09
c rst  geom  stb   vs  1465  916K    1511   33K   784    5.84    5.76  4044  2345   38K   103   26.71   26.66
c rst  geom  stb   vs  1466  917K    1511   33K   784    5.84    5.76  4044  2346   40K   103   27.00   26.95
c rst  geom  stb   vs  1467  918K    1511   33K   784    5.84    5.76  4044  2346   41K   103   27.18   27.12
c rst  geom  stb   vs  1468  919K    1511   33K   784    5.84    5.76  4044  2350   42K   103   27.56   27.51
c rst  geom  stb   vs  1469  921K    1511   33K   784    5.84    5.76  4053  2261   43K   103   28.04   27.98
c [full-probe]  bin_only: 0 set: 0 repl: 0 T: 0.01 T-out: N T-r: 98.00%
c rst  geom  stb   vs  1470  922K    1511   33K   784    5.84    5.76  4053  2262   45K   103   28.33   28.28
c [distill-long-red0] cls tried: 76/76 T: 0.01 T-out: N T-r: 99.82%
c [distill-long-red1] cls tried: 42/1952 T: 0.01 T-out: Y T-r: -1.87%
c rst  geom  stb   vs  1471  924K    1511   33K   784    5.84    5.76  4053  2267   47K   103   29.00   28.95
c rst  geom  stb   vs  1472  926K    1511   33K   784    5.84    5.76  4055  2268   49K   103   29.70   29.65
c rst  geom  stb   vs  1473  928K    1511   33K   784    5.84    5.76  4055  2268   51K   103   30.10   30.05
c [distill-bin] useful: 0/784/784 lits-rem: 0 cl-rem: 0 0-depth-assigns: 0 T: 0.01 T-out: N
c rst  geom  stb   vs  1474  930K    1511   33K   784    5.84    5.76  4068  2177   37K   103   33.52   33.44
c rst  geom ibes   vs  1475  932K    1511   33K   784    5.84    5.76  4068  2178   40K   103   33.89   33.82
c rst  geom ibes   vs  1476  935K    1511   33K   784    5.84    5.76  4070  2192   42K   103   34.72   34.65
c rst  geom ibes   vs  1477  938K    1511   33K   784    5.84    5.76  4070  2197   45K   103   35.25   35.18
c [distill-long-red0] cls tried: 14/14 T: 0.00 T-out: N T-r: 99.98%
c [distill-long-red1] cls tried: 65/1897 T: 0.01 T-out: Y T-r: -3.53%
c [distill] watch-based irred--  cl tried    11202 cl-sh     0 cl-rem    0 lit-rem      0 T: 0.01 T-out: N
c [distill] watch-based   red--  cl tried     8140 cl-sh     1 cl-rem    0 lit-rem      2 T: 0.00 T-out: N
c rst  geom ibes   vs  1478  941K    1511   33K   784    5.84    5.76  4074  2106   49K   103   35.88   35.81
c [full-probe]  bin_only: 1 set: 0 repl: 0 T: 0.00 T-out: N T-r: 99.79%
c rst  geom ibes   vs  1479  945K    1511   33K   784    5.84    5.76  4079  2167   38K   103   36.87   36.79
c [ccnr] saving best assignment phase to stable_polar
c [ccnr] bumping based on var unsat frequency: conflict_ct
c [ccnr] Bumped vars: 1515 bump type: 6
c [ccnr] time: 0.27
c rst  geom  svd   vs  1480  949K    1511   33K   784    5.84    5.76  4080  2185   42K   103   37.11   37.03
c [distill-bin] useful: 0/784/784 lits-rem: 0 cl-rem: 0 0-depth-assigns: 0 T: 0.01 T-out: N
c rst  geom  svd   vs  1481  953K    1511   33K   784    5.84    5.76  4100  1912   47K   103   37.46   37.40
c [distill-long-red0] cls tried: 29/29 T: 0.00 T-out: N T-r: 99.94%
c [distill-long-red1] cls tried: 115/1619 T: 0.01 T-out: Y T-r: -1.86%
c [impl-str] lit bin: 0 set-var: 0 T: 0.00 T-out: N T-r: 99.96% w-visit: 3030
c [impl-sub] bin: 0 T: 0.00 T-out: N w-visit: 3030
c rst  geom  svd   vs  1482  958K    1511   33K   784    5.84    5.76  4100  1925   51K   103   38.09   38.03
c rst  geom  svd   vs  1483  964K    1511   33K   784    5.84    5.76  4139  1548   42K   103   39.19   39.11
c [full-probe]  bin_only: 0 set: 0 repl: 0 T: 0.01 T-out: N T-r: 98.21%
c [distill] watch-based irred--  cl tried    11202 cl-sh     0 cl-rem    0 lit-rem      0 T: 0.00 T-out: N
c [distill] watch-based   red--  cl tried     8278 cl-sh     7 cl-rem    0 lit-rem     16 T: 0.01 T-out: N
c rst  geom best   vs  1484  969K    1511   33K   784    5.84    5.76  4140  1554   48K   103   39.68   39.61
c [distill-long-red0] cls tried: 42/42 T: 0.00 T-out: N T-r: 99.92%
c [distill-long-red1] cls tried: 113/1210 T: 0.01 T-out: Y T-r: -0.95%
c [distill-bin] useful: 0/784/784 lits-rem: 0 cl-rem: 0 0-depth-assigns: 0 T: 0.01 T-out: N
c rst  geom best   vs  1485  976K    1511   33K   784    5.84    5.76  4158   845   40K   103   38.74   38.66
c [gauss] XOR-encoding clauses are not detached, so no need to reattach them.
c [g 0] truth-find prop checks  : 2250K
c [g 0] -> of which prop        : 62.37 %
c [g 0] -> of which confl       :  1.51 %
c [g 0] elim called             : 79K
c [g 0] ---> which lead to prop : 112.86 %
c [g 0] ---> which lead to confl:  3.58 %
c [g 0] size: 85    x 533  
c [scc] new: 0 BP 0M T: 0.00
c [vrep] vars 0 lits 0 rem-bin-cls 0 rem-long-cls 0 BP 0M T: 0.00
c [intree] Set 0 vars hyper-added: 0 trans-irred: 0 trans-red: 1 T: 0.01 T-out: N T-r: -0.74%
c [find&init matx] performing matrix init
c [gauss] XOR-encoding clauses are not detached, so no need to reattach them.
c [xor-rem-unconnected] left with 906 xors from 907 non-empty xors T: 0.00
c [xor-together] xored together: 821 orig xors: 906 new xors: 85 T: 0.00
c [xor-rem-unconnected] left with 85 xors from 85 non-empty xors T: 0.00
c [xor-clean-equiv] removed equivalent xors: 0 left with: 85
c [matrix] unused xors from cleaning: 1
c [matrix] Good   matrix 0 85      x533    density:0.0827  xorlen avg: 44.06
c [matrix] Using 1 matrices recovered from 0 xors T: 0.00 T-out: N
c rst  geom best vs   1486  983 K 1511      33K   784 5.84    5.76     4199   461   48K   102 37.60   37.53  
c rst  geom stb  vs   1487  991 K 1511      33K   784 5.84    5.76     4233   532   40K   102 37.43   37.35  
c [distill-long-red0] cls tried: 87/87 T: 0.01 T-out: N T-r: 99.85%
c [distill-long-red1] cls tried: 104/368 T: 0.01 T-out: Y T-r: -1.46%
c [full-probe]  bin_only: 1 set: 0 repl: 0 T: 0.00 T-out: N T-r: 99.89%
c [distill-bin] useful: 0/784/784 lits-rem: 0 cl-rem: 0 0-depth-assigns: 0 T: 0.00 T-out: N
c [distill] watch-based irred--  cl tried 11202    cl-sh 0     cl-rem 0    lit-rem 0      T: 0.01 T-out: N
c [distill] watch-based red  --  cl tried 8466     cl-sh 6     cl-rem 0    lit-rem 9      T: 0.00 T-out: N
c [ccnr] saving best assignment phase to stable_polar
c [ccnr] bumping based on clause weights
c [ccnr] Bumped vars: 104 bump type: 6
c [ccnr] time: 0.27
c rst  geom stb  vs   1488  999 K 1511      33K   784 5.84    5.76     4233   540   49K   102 37.98   37.91  
c rst  geom ibes vs   1489  1009K 1511      33K   784 5.84    5.76     4247   563   43K   102 37.60   37.52  
c [branch] adjusting to: vmtf (from: vsid) var_decay:0.95 descr: VMTF
c [distill-long-red0] cls tried: 19/19 T: 0.00 T-out: N T-r: 99.98%
c [distill-long-red1] cls tried: 119/308 T: 0.01 T-out: Y T-r: -1.78%
c rst  luby ibes vmt  1490  1009K 1511      33K   784 5.84    5.76     4247   565   43K   102 37.58   37.50  
c rst  luby ibes vmt  1491  1009K 1511      33K   784 5.84    5.76     4247   567   43K   102 37.55   37.47  
c rst  luby ibes vmt  1492  1009K 1511      33K   784 5.84    5.76     4247   570   43K   102 37.56   37.48  
c rst  luby ibes vmt  1493  1009K 1511      33K   784 5.84    5.76     4247   571   43K   102 37.52   37.45  
c rst  luby ibes vmt  1494  1009K 1511      33K   784 5.84    5.76     4247   574   43K   102 37.49   37.42  
c rst  luby ibes vmt  1495  1009K 1511      33K   784 5.84    5.76     4247   576   43K   102 37.42   37.34  
c rst  luby ibes vmt  1496  1010K 1511      33K   784 5.84    5.76     4264   523   44K   102 37.27   37.19  
c rst  luby ibes vmt  1497  1010K 1511      33K   784 5.84    5.76     4264   525   44K   102 37.23   37.16  
c rst  luby ibes vmt  1498  1010K 1511      33K   784 5.84    5.76     4264   536   44K   102 37.20   37.13  
c rst  luby ibes vmt  1499  1010K 1511      33K   784 5.84    5.76     4264   546   44K   102 37.21   37.13  
c rst  luby ibes vmt  1500  1010K 1511      33K   784 5.84    5.76     4264   553   44K   102 37.19   37.12  
c rst  luby ibes vmt  1501  1010K 1511      33K   784 5.84    5.76     4265   553   44K   102 37.17   37.10  
c rst  luby ibes vmt  1502  1011K 1511      33K   784 5.84    5.76     4265   563   45K   102 37.13   37.06  
c rst  luby ibes vmt  1503  1011K 1511      33K   784 5.84    5.76     4265   574   45K   102 37.11   37.04  
c [full-probe]  bin_only: 0 set: 0 repl: 0 T: 0.00 T-out: N T-r: 98.50%
c [distill-bin] useful: 0/784/784 lits-rem: 0 cl-rem: 0 0-depth-assigns: 0 T: 0.00 T-out: N
c rst  luby ibes vmt  1504  1012K 1511      33K   784 5.84    5.76     4269   608   46K   102 36.97   36.90  
c rst  luby ibes vmt  1505  1012K 1511      33K   784 5.84    5.76     4271   615   46K   102 36.95   36.88  
c rst  luby ibes vmt  1506  1012K 1511      33K   784 5.84    5.76     4271   615   46K   102 36.93   36.86  
c rst  luby ibes vmt  1507  1012K 1511      33K   784 5.84    5.76     4271   617   46K   102 36.88   36.81  
c rst  luby ibes vmt  1508  1012K 1511      33K   784 5.84    5.76     4271   617   46K   102 36.83   36.76  
c rst  luby ibes vmt  1509  1012K 1511      33K   784 5.84    5.76     4271   617   46K   102 36.83   36.76  
c rst  luby ibes vmt  1510  1013K 1511      33K   784 5.84    5.76     4271   623   46K   102 36.76   36.69  
c rst  luby ibes vmt  1511  1013K 1511      33K   784 5.84    5.76     4272   628   47K   102 36.62   36.55  
c rst  luby ibes vmt  1512  1013K 1511      33K   784 5.84    5.76     4272   629   47K   102 36.59   36.52  
c rst  luby ibes vmt  1513  1013K 1511      33K   784 5.84    5.76     4272   629   47K   102 36.56   36.49  
c rst  luby ibes vmt  1514  1013K 1511      33K   784 5.84    5.76     4272   630   47K   102 36.51   36.45  
c rst  luby ibes vmt  1515  1014K 1511      33K   784 5.84    5.76     4272   630   47K   102 36.48   36.41  
c [impl-str] lit bin: 0 set-var: 0 T: 0.00 T-out: N T-r: 99.96% w-visit: 3030
c [impl-sub] bin: 0 T: 0.00 T-out: N w-visit: 3030
c rst  luby ibes vmt  1516  1014K 1511      33K   784 5.84    5.76     4272   635   47K   102 36.45   36.38  
c rst  luby ibes vmt  1517  1014K 1511      33K   784 5.84    5.76     4272   641   48K   102 36.39   36.33  
c rst  luby ibes vmt  1518  1014K 1511      33K   784 5.84    5.76     4272   642   48K   102 36.21   36.15  
c rst  luby ibes vmt  1519  1015K 1511      33K   784 5.84    5.76     4272   648   49K   102 36.01   35.95  
c rst  luby svd  vmt  1520  1017K 1511      33K   784 5.84    5.76     4273   658   50K   102 36.49   36.43  
c [distill] watch-based irred--  cl tried 11202    cl-sh 0     cl-rem 0    lit-rem 0      T: 0.01 T-out: N
c [distill] watch-based red  --  cl tried 8546     cl-sh 7     cl-rem 0    lit-rem 13     T: 0.00 T-out: N
c rst  luby svd  vmt  1521  1017K 1511      33K   784 5.84    5.76     4273   659   51K   102 36.47   36.41  
c rst  luby svd  vmt  1522  1017K 1511      33K   784 5.84    5.76     4273   661   51K   102 36.45   36.39  
c rst  luby svd  vmt  1523  1017K 1511      33K   784 5.84    5.76     4274   665   51K   102 36.41   36.34  
c rst  luby svd  vmt  1524  1017K 1511      33K   784 5.84    5.76     4274   667   51K   102 36.37   36.31  
c rst  luby svd  vmt  1525  1017K 1511      33K   784 5.84    5.76     4274   667   51K   102 36.35   36.29  
c rst  luby svd  vmt  1526  1017K 1511      33K   784 5.84    5.76     4274   667   51K   102 36.29   36.23  
c rst  luby svd  vmt  1527  1018K 1511      33K   784 5.84    5.76     4274   674   52K   102 36.20   36.14  
c rst  luby svd  vmt  1528  1018K 1511      33K   784 5.84    5.76     4274   674   52K   102 36.17   36.10  
c rst  luby svd  vmt  1529  1018K 1511      33K   784 5.84    5.76     4274   674   52K   102 36.15   36.09  
c rst  luby svd  vmt  1530  1018K 1511      33K   784 5.84    5.76     4274   701   52K   102 36.14   36.07  
c rst  luby svd  vmt  1531  1018K 1511      33K   784 5.84    5.76     4274   702   52K   102 36.12   36.06  
c rst  luby svd  vmt  1532  1018K 1511      33K   784 5.84    5.76     4274   704   52K   102 36.09   36.03  
c rst  luby svd  vmt  1533  1019K 1511      33K   784 5.84    5.76     4274   711   52K   102 36.08   36.02  
c rst  luby svd  vmt  1534  1019K 1511      33K   784 5.84    5.76     4275   714   53K   102 35.97   35.91  
c rst  luby svd  vmt  1535  1020K 1511      33K   784 5.84    5.76     4458   984   38K   102 35.70   35.62  
c rst  luby svd  vmt  1536  1020K 1511      33K   784 5.84    5.76     4458   986   38K   102 35.65   35.58  
c rst  luby svd  vmt  1537  1020K 1511      33K   784 5.84    5.76     4458   986   38K   102 35.80   35.72  
c rst  luby svd  vmt  1538  1020K 1511      33K   784 5.84    5.76     4458   986   38K   102 35.84   35.76  
c rst  luby svd  vmt  1539  1020K 1511      33K   784 5.84    5.76     4459   988   38K   102 35.85   35.77  
c rst  luby svd  vmt  1540  1021K 1511      33K   784 5.84    5.76     4459   988   38K   102 35.86   35.78  
c rst  luby svd  vmt  1541  1021K 1511      33K   784 5.84    5.76     4459   989   39K   102 35.87   35.79  
c rst  luby svd  vmt  1542  1021K 1511      33K   784 5.84    5.76     4459   993   39K   102 35.96   35.88  
c rst  luby svd  vmt  1543  1021K 1511      33K   784 5.84    5.76     4459   993   39K   102 35.96   35.88  
c rst  luby svd  vmt  1544  1021K 1511      33K   784 5.84    5.76     4459   993   39K   102 35.96   35.88  
c rst  luby svd  vmt  1545  1022K 1511      33K   784 5.84    5.76     4459   993   39K   102 35.92   35.84  
c rst  luby svd  vmt  1546  1022K 1511      33K   784 5.84    5.76     4459   993   40K   102 35.92   35.85  
c rst  luby svd  vmt  1547  1022K 1511      33K   784 5.84    5.76     4459   993   40K   102 35.94   35.86  
c rst  luby svd  vmt  1548  1022K 1511      33K   784 5.84    5.76     4459   994   40K   102 35.97   35.89  
c rst  luby svd  vmt  1549  1022K 1511      33K   784 5.84    5.76     4459   994   40K   102 35.96   35.88  
c rst  luby svd  vmt  1550  1023K 1511      33K   784 5.84    5.76     4459   999   41K   102 35.92   35.85  
c rst  luby svd  vmt  1551  1025K 1511      33K   784 5.84    5.76     4459  1010   43K   102 36.07   36.00  
c [distill-long-red0] cls tried: 197/197 T: 0.02 T-out: N T-r: 99.63%
c [distill-long-red1] cls tried: 59/682 T: 0.01 T-out: Y T-r: -1.17%
c rst  luby svd  vmt  1552  1028K 1511      33K   784 5.84    5.76     4461  1020   46K   102 36.60   36.53  
c rst  luby svd  vmt  1553  1028K 1511      33K   784 5.84    5.76     4461  1021   46K   102 36.61   36.54  
c rst  luby svd  vmt  1554  1028K 1511      33K   784 5.84    5.76     4461  1021   46K   102 36.62   36.56  
c rst  luby svd  vmt  1555  1028K 1511      33K   784 5.84    5.76     4461  1021   46K   102 36.65   36.58  
c rst  luby svd  vmt  1556  1028K 1511      33K   784 5.84    5.76     4461  1021   46K   102 36.68   36.62  
c rst  luby svd  vmt  1557  1029K 1511      33K   784 5.84    5.76     4461  1021   46K   102 36.69   36.62  
c rst  luby svd  vmt  1558  1029K 1511      33K   784 5.84    5.76     4461  1022   47K   102 36.71   36.65  
c rst  luby svd  vmt  1559  1029K 1511      33K   784 5.84    5.76     4461  1022   47K   102 36.78   36.72  
c rst  luby svd  vmt  1560  1029K 1511      33K   784 5.84    5.76     4461  1023   47K   102 36.79   36.73  
c rst  luby svd  vmt  1561  1029K 1511      33K   784 5.84    5.76     4461  1024   47K   102 36.80   36.74  
c rst  luby svd  vmt  1562  1030K 1511      33K   784 5.84    5.76     4461  1025   47K   102 36.84   36.78  
c rst  luby svd  vmt  1563  1030K 1511      33K   784 5.84    5.76     4476   964   48K   102 36.87   36.80  
c rst  luby svd  vmt  1564  1030K 1511      33K   784 5.84    5.76     4476   964   48K   102 36.86   36.80  
c rst  luby svd  vmt  1565  1030K 1511      33K   784 5.84    5.76     4476   964   48K   102 36.91   36.84  
c rst  luby svd  vmt  1566  1030K 1511      33K   784 5.84    5.76     4476   964   48K   102 37.07   37.00  
c rst  geom best vmt  1567  1030K 1511      33K   784 5.84    5.76     4476   964   48K   102 37.07   37.01  
c rst  geom best vmt  1568  1031K 1511      33K   784 5.84    5.76     4476   964   48K   102 37.05   36.99  
c rst  geom best vmt  1569  1031K 1511      33K   784 5.84    5.76     4476   964   49K   102 37.07   37.01  
c rst  geom best vmt  1570  1031K 1511      33K   784 5.84    5.76     4476   965   49K   102 37.06   36.99  
c rst  geom best vmt  1571  1031K 1511      33K   784 5.84    5.76     4476   967   49K   102 37.05   36.99  
c rst  geom best vmt  1572  1031K 1511      33K   784 5.84    5.76     4476   967   49K   102 37.10   37.03  
c [full-probe]  bin_only: 1 set: 0 repl: 0 T: 0.00 T-out: N T-r: 99.86%
c [distill-bin] useful: 0/784/784 lits-rem: 0 cl-rem: 0 0-depth-assigns: 0 T: 0.00 T-out: N
c rst  geom best vmt  1573  1031K 1511      33K   784 5.84    5.76     4476   971   49K   102 37.10   37.03  
c rst  geom best vmt  1574  1032K 1511      33K   784 5.84    5.76     4476   975   50K   102 37.13   37.07  
c rst  geom best vmt  1575  1032K 1511      33K   784 5.84    5.76     4476   975   50K   102 37.14   37.08  
c rst  geom best vmt  1576  1032K 1511      33K   784 5.84    5.76     4477   979   50K   102 37.16   37.09  
c rst  geom best vmt  1577  1032K 1511      33K   784 5.84    5.76     4477   989   50K   102 37.17   37.11  
c rst  geom best vmt  1578  1033K 1511      33K   784 5.84    5.76     4477   995   51K   102 37.19   37.12  
c rst  geom best vmt  1579  1033K 1511      33K   784 5.84    5.76     4477   996   51K   102 37.19   37.13  
c rst  geom best vmt  1580  1033K 1511      33K   784 5.84    5.76     4478   998   51K   102 37.22   37.16  
c rst  geom best vmt  1581  1034K 1511      33K   784 5.84    5.76     4478  1000   52K   102 37.24   37.17  
c rst  geom best vmt  1582  1034K 1511      33K   784 5.84    5.76     4478  1000   52K   102 37.14   37.07  
c rst  geom best vmt  1583  1035K 1511      33K   784 5.84    5.76     4481  1061   37K   102 34.89   34.81  
c [ccnr] saving best assignment phase to stable_polar
c [ccnr] bumping based on var unsat frequency: conflict_ct
c [ccnr] Bumped vars: 1515 bump type: 6
c [ccnr] time: 0.27
c rst  geom best vmt  1584  1035K 1511      33K   784 5.84    5.76     4482  1076   38K   102 34.93   34.85  
c rst  geom best vmt  1585  1036K 1511      33K   784 5.84    5.76     4482  1078   38K   102 35.10   35.03  
c rst  geom best vmt  1586  1037K 1511      33K   784 5.84    5.76     4482  1078   39K   102 35.06   34.98  
c rst  geom best vmt  1587  1037K 1511      33K   784 5.84    5.76     4482  1079   40K   102 35.08   35.01  
c rst  geom best vmt  1588  1038K 1511      33K   784 5.84    5.76     4482  1080   40K   102 35.08   35.01  
c rst  geom best vmt  1589  1039K 1511      33K   784 5.84    5.76     4482  1084   41K   102 35.19   35.12  
c rst  geom best vmt  1590  1040K 1511      33K   784 5.84    5.76     4516  1023   42K   102 35.28   35.21  
c [distill-long-red0] cls tried: 53/53 T: 0.00 T-out: N T-r: 99.93%
c [distill-long-red1] cls tried: 94/694 T: 0.01 T-out: Y T-r: -1.88%
c rst  geom best vmt  1591  1041K 1511      33K   784 5.84    5.76     4516  1023   43K   102 35.42   35.36  
c [gauss] XOR-encoding clauses are not detached, so no need to reattach them.
c [g 0] truth-find prop checks  : 2536K
c [g 0] -> of which prop        : 55.28 %
c [g 0] -> of which confl       :  1.37 %
c [g 0] elim called             : 132K
c [g 0] ---> which lead to prop : 77.63 %
c [g 0] ---> which lead to confl:  2.19 %
c [g 0] size: 85    x 533  
c [scc] new: 0 BP 0M T: 0.00
c [vrep] vars 0 lits 0 rem-bin-cls 0 rem-long-cls 0 BP 0M T: 0.01
c [intree] Set 0 vars hyper-added: 0 trans-irred: 0 trans-red: 0 T: 0.00 T-out: N T-r: -0.75%
c [find&init matx] performing matrix init
c [gauss] XOR-encoding clauses are not detached, so no need to reattach them.
c [xor-rem-unconnected] left with 906 xors from 907 non-empty xors T: 0.00
c [xor-together] xored together: 821 orig xors: 906 new xors: 85 T: 0.00
c [xor-rem-unconnected] left with 85 xors from 85 non-empty xors T: 0.00
c [xor-clean-equiv] removed equivalent xors: 0 left with: 85
c [matrix] unused xors from cleaning: 1
c [matrix] Good   matrix 0 85      x533    density:0.0827  xorlen avg: 44.06
c [matrix] Using 1 matrices recovered from 0 xors T: 0.00 T-out: N
c rst  geom best vmt  1592  1042K 1511      33K   784 5.84    5.76     4516  1029   45K   102 35.57   35.50  
c [distill] watch-based irred--  cl tried 11202    cl-sh 0     cl-rem 0    lit-rem 0      T: 0.01 T-out: N
c [distill] watch-based red  --  cl tried 9032     cl-sh 7     cl-rem 0    lit-rem 15     T: 0.01 T-out: N
c rst  geom best vmt  1593  1043K 1511      33K   784 5.84    5.76     4516  1033   46K   102 35.77   35.70  
c rst  geom best vmt  1594  1045K 1511      33K   784 5.84    5.76     4517  1038   47K   102 35.95   35.88  
c rst  geom best vmt  1595  1046K 1511      33K   784 5.84    5.76     4517  1042   49K   102 36.10   36.04  
c rst  geom stb  vmt  1596  1048K 1511      33K   784 5.84    5.76     4517  1045   50K   102 36.52   36.46  
c rst  geom stb  vmt  1597  1050K 1511      33K   784 5.84    5.76     4550  1048   38K   102 35.19   35.12  
c rst  geom stb  vmt  1598  1052K 1511      33K   784 5.84    5.76     4553  1063   40K   102 35.56   35.49  
c [full-probe]  bin_only: 0 set: 0 repl: 0 T: 0.01 T-out: N T-r: 98.35%
c [distill-bin] useful: 0/784/784 lits-rem: 0 cl-rem: 0 0-depth-assigns: 0 T: 0.00 T-out: N
c rst  geom stb  vmt  1599  1054K 1511      33K   784 5.84    5.76     4553  1077   42K   102 35.77   35.70  
c rst  geom stb  vmt  1600  1057K 1511      33K   784 5.84    5.76     4553  1083   45K   102 35.89   35.82  
c [distill-long-red0] cls tried: 41/41 T: 0.00 T-out: N T-r: 99.94%
c [distill-long-red1] cls tried: 108/674 T: 0.01 T-out: Y T-r: -1.90%
c rst  geom stb  vmt  1601  1059K 1511      33K   784 5.84    5.76     4553  1091   47K   102 35.61   35.55  
c rst  geom stb  vmt  1602  1062K 1511      33K   784 5.84    5.76     4583  1018   50K   102 35.39   35.33  
c rst  geom ibes vmt  1603  1066K 1511      33K   784 5.84    5.76     4585  1080   39K   102 36.96   36.89  
c rst  geom ibes vmt  1604  1069K 1511      33K   784 5.84    5.76     4586  1086   42K   102 37.63   37.56  
c [distill] watch-based irred--  cl tried 11202    cl-sh 0     cl-rem 0    lit-rem 0      T: 0.00 T-out: N
c [distill] watch-based red  --  cl tried 9172     cl-sh 13    cl-rem 0    lit-rem 17     T: 0.00 T-out: N
c rst  geom ibes vmt  1605  1073K 1511      33K   784 5.84    5.76     4602  1057   46K   102 37.78   37.71  
c [distill-long-red0] cls tried: 45/45 T: 0.00 T-out: N T-r: 99.93%
c [distill-long-red1] cls tried: 108/597 T: 0.01 T-out: Y T-r: -1.20%
c [full-probe]  bin_only: 1 set: 0 repl: 0 T: 0.00 T-out: N T-r: 99.84%
c [distill-bin] useful: 0/784/784 lits-rem: 0 cl-rem: 0 0-depth-assigns: 0 T: 0.00 T-out: N
c rst  geom ibes vmt  1606  1078K 1511      33K   784 5.84    5.76     4602  1080   51K   102 38.44   38.38  
c [impl-str] lit bin: 0 set-var: 0 T: 0.00 T-out: N T-r: 99.96% w-visit: 3030
c [impl-sub] bin: 0 T: 0.00 T-out: N w-visit: 3030
c rst  geom ibes vmt  1607  1083K 1511      33K   784 5.84    5.76     4639  1181   41K   102 38.85   38.77  
c [ccnr] saving best assignment phase to stable_polar
c [ccnr] bumping based on var unsat frequency: conflict_ct
c [ccnr] Bumped vars: 1515 bump type: 6
c [ccnr] time: 0.28
c rst  geom svd  vmt  1608  1088K 1511      33K   784 5.84    5.76     4645  1248   46K   102 39.50   39.43  
c rst  geom svd  vmt  1609  1094K 1511      33K   784 5.84    5.76     4733   712   52K   102 39.67   39.61  
c [distill-long-red0] cls tried: 118/118 T: 0.01 T-out: N T-r: 99.77%
c [distill-long-red1] cls tried: 70/372 T: 0.02 T-out: Y T-r: -1.93%
c [full-probe]  bin_only: 0 set: 0 repl: 0 T: 0.00 T-out: N T-r: 98.10%
c [distill-bin] useful: 0/784/784 lits-rem: 0 cl-rem: 0 0-depth-assigns: 0 T: 0.01 T-out: N
c rst  geom svd  vmt  1610  1100K 1511      33K   784 5.84    5.76     4764   819   44K   102 38.54   38.47  
c [distill] watch-based irred--  cl tried 11202    cl-sh 0     cl-rem 0    lit-rem 0      T: 0.00 T-out: N
c [distill] watch-based red  --  cl tried 9528     cl-sh 22    cl-rem 0    lit-rem 40     T: 0.00 T-out: N
c rst  geom best vmt  1611  1107K 1511      33K   784 5.84    5.76     4765   843   51K   102 38.53   38.47  
c [branch] adjusting to: vsid (from: vmtf) var_decay:0.95 descr: VSIDS
c [gauss] XOR-encoding clauses are not detached, so no need to reattach them.
c [g 0] truth-find prop checks  : 2176K
c [g 0] -> of which prop        : 61.61 %
c [g 0] -> of which confl       :  1.59 %
c [g 0] elim called             : 87K
c [g 0] ---> which lead to prop : 103.70 %
c [g 0] ---> which lead to confl:  3.03 %
c [g 0] size: 85    x 533  
c [scc] new: 0 BP 0M T: 0.00
c [vrep] vars 0 lits 0 rem-bin-cls 0 rem-long-cls 0 BP 0M T: 0.01
c [intree] Set 0 vars hyper-added: 0 trans-irred: 0 trans-red: 0 T: 0.01 T-out: N T-r: -0.72%
c [find&init matx] performing matrix init
c [gauss] XOR-encoding clauses are not detached, so no need to reattach them.
c [xor-rem-unconnected] left with 906 xors from 907 non-empty xors T: 0.00
c [xor-together] xored together: 821 orig xors: 906 new xors: 85 T: 0.00
c [xor-rem-unconnected] left with 85 xors from 85 non-empty xors T: 0.00
c [xor-clean-equiv] removed equivalent xors: 0 left with: 85
c [matrix] unused xors from cleaning: 1
c [matrix] Good   matrix 0 85      x533    density:0.0827  xorlen avg: 44.06
c [matrix] Using 1 matrices recovered from 0 xors T: 0.00 T-out: N
c rst  geom best vs   1612  1107K 1511      33K   784 5.84    5.76     4765   843   51K   102 38.55   38.49  
c rst  geom best vs   1613  1107K 1511      33K   784 5.84    5.76     4765   843   51K   102 38.60   38.54  
c rst  geom best vs   1614  1108K 1511      33K   784 5.84    5.76     4765   843   51K   102 38.62   38.55  
c rst  geom best vs   1615  1108K 1511      33K   784 5.84    5.76     4765   843   51K   102 38.65   38.58  
c rst  geom best vs   1616  1108K 1511      33K   784 5.84    5.76     4765   843   51K   102 38.66   38.59  
c rst  geom best vs   1617  1108K 1511      33K   784 5.84    5.76     4765   843   52K   102 38.68   38.62  
c rst  geom best vs   1618  1108K 1511      33K   784 5.84    5.76     4765   843   52K   102 38.75   38.68  
c rst  geom best vs   1619  1108K 1511      33K   784 5.84    5.76     4765   847   52K   102 38.72   38.65  
c rst  geom best vs   1620  1109K 1511      33K   784 5.84    5.76     4765   848   52K   102 38.71   38.64  
c rst  geom best vs   1621  1109K 1511      33K   784 5.84    5.76     4765   851   53K   102 38.76   38.69  
c [distill-long-red0] cls tried: 43/43 T: 0.00 T-out: N T-r: 99.92%
c [distill-long-red1] cls tried: 41/474 T: 0.02 T-out: Y T-r: -2.64%
c rst  geom best vs   1622  1109K 1511      33K   784 5.84    5.76     4765   852   53K   102 38.79   38.73  
c rst  geom best vs   1623  1110K 1511      33K   784 5.84    5.76     4765   852   53K   102 38.84   38.78  
c rst  geom best vs   1624  1110K 1511      33K   784 5.84    5.76     4791   852   38K   102 38.72   38.63  
c rst  geom best vs   1625  1110K 1511      33K   784 5.84    5.76     4791   852   39K   102 38.76   38.68  
c rst  geom best vs   1626  1111K 1511      33K   784 5.84    5.76     4791   852   39K   102 38.77   38.69  
c rst  geom best vs   1627  1111K 1511      33K   784 5.84    5.76     4791   852   40K   102 38.82   38.74  
c rst  geom best vs   1628  1112K 1511      33K   784 5.84    5.76     4791   855   40K   102 38.88   38.80  
c rst  geom best vs   1629  1112K 1511      33K   784 5.84    5.76     4791   855   41K   102 38.91   38.83  
c rst  geom best vs   1630  1113K 1511      33K   784 5.84    5.76     4791   861   41K   102 38.94   38.86  
c rst  geom best vs   1631  1113K 1511      33K   784 5.84    5.76     4791   862   42K   102 38.91   38.83  
c rst  geom best vs   1632  1114K 1511      33K   784 5.84    5.76     4791   862   43K   102 38.96   38.88  
c [full-probe]  bin_only: 1 set: 0 repl: 0 T: 0.00 T-out: N T-r: 99.83%
c [distill-bin] useful: 0/784/784 lits-rem: 0 cl-rem: 0 0-depth-assigns: 0 T: 0.01 T-out: N
c rst  geom best vs   1633  1115K 1511      33K   784 5.84    5.76     4791   863   43K   102 38.91   38.84  
c rst  geom best vs   1634  1116K 1511      33K   784 5.84    5.76     4791   863   44K   102 39.05   38.97  
c rst  geom best vs   1635  1117K 1511      33K   784 5.84    5.76     4791   870   45K   102 39.11   39.03  
c rst  geom stb  vs   1636  1118K 1511      33K   784 5.84    5.76     4791   872   46K   102 39.07   39.00  
c rst  geom stb  vs   1637  1119K 1511      33K   784 5.84    5.76     4791   872   47K   102 39.02   38.95  
c rst  geom stb  vs   1638  1120K 1511      33K   784 5.84    5.76     4806   820   49K   102 39.01   38.94  
c rst  geom stb  vs   1639  1122K 1511      33K   784 5.84    5.76     4808   826   50K   102 38.86   38.79  
c rst  geom stb  vs   1640  1123K 1511      33K   784 5.84    5.76     4808   831   52K   102 38.61   38.55  
c rst  geom stb  vs   1641  1125K 1511      33K   784 5.84    5.76     4810   879   38K   102 35.39   35.31  
c [distill-long-red0] cls tried: 40/40 T: 0.00 T-out: N T-r: 99.93%
c [distill-long-red1] cls tried: 89/519 T: 0.01 T-out: Y T-r: -1.59%
c rst  geom stb  vs   1642  1127K 1511      33K   784 5.84    5.76     4811   882   40K   102 35.28   35.21  
c [distill] watch-based irred--  cl tried 11202    cl-sh 0     cl-rem 0    lit-rem 0      T: 0.01 T-out: N
c [distill] watch-based red  --  cl tried 9622     cl-sh 4     cl-rem 0    lit-rem 11     T: 0.00 T-out: N
c [ccnr] saving best assignment phase to stable_polar
c [ccnr] bumping based on clause weights
c [ccnr] Bumped vars: 102 bump type: 6
c [ccnr] time: 0.27
c rst  geom stb  vs   1643  1129K 1511      33K   784 5.84    5.76     4811   894   42K   102 35.89   35.82  
c rst  geom stb  vs   1644  1131K 1511      33K   784 5.84    5.76     4831   857   44K   102 36.32   36.25  
c rst  geom stb  vs   1645  1134K 1511      33K   784 5.84    5.76     4831   858   47K   102 36.92   36.85  
c rst  geom ibes vs   1646  1136K 1511      33K   784 5.84    5.76     4831   878   50K   102 37.25   37.19  
c [full-probe]  bin_only: 0 set: 0 repl: 0 T: 0.01 T-out: N T-r: 97.93%
c [distill-bin] useful: 0/784/784 lits-rem: 0 cl-rem: 0 0-depth-assigns: 0 T: 0.01 T-out: N
c rst  geom ibes vs   1647  1139K 1511      33K   784 5.84    5.76     4831   882   53K   102 38.26   38.20  
c [impl-str] lit bin: 0 set-var: 0 T: 0.00 T-out: N T-r: 99.96% w-visit: 3030
c [impl-sub] bin: 0 T: 0.00 T-out: N w-visit: 3030
c rst  geom ibes vs   1648  1143K 1511      33K   784 5.84    5.76     4861   892   39K   102 37.14   37.06  
c [distill-long-red0] cls tried: 49/49 T: 0.00 T-out: N T-r: 99.93%
c [distill-long-red1] cls tried: 100/485 T: 0.01 T-out: Y T-r: -1.02%
c rst  geom ibes vs   1649  1146K 1511      33K   784 5.84    5.76     4863   914   43K   102 37.58   37.51  
c rst  geom ibes vs   1650  1150K 1511      33K   784 5.84    5.76     4896   857   47K   102 38.35   38.28  
c rst  geom svd  vs   1651  1155K 1511      33K   784 5.84    5.76     4896   871   51K   102 38.37   38.30  
c [distill] watch-based irred--  cl tried 11202    cl-sh 0     cl-rem 0    lit-rem 0      T: 0.00 T-out: N
c [distill] watch-based red  --  cl tried 9792     cl-sh 17    cl-rem 0    lit-rem 27     T: 0.01 T-out: N
c rst  geom svd  vs   1652  1159K 1511      33K   784 5.84    5.76     4899   934   42K   102 38.86   38.78  
c [distill-long-red0] cls tried: 42/42 T: 0.00 T-out: N T-r: 99.93%
c [distill-long-red1] cls tried: 86/443 T: 0.01 T-out: Y T-r: -1.47%
c [full-probe]  bin_only: 1 set: 0 repl: 0 T: 0.00 T-out: N T-r: 99.88%
c [distill-bin] useful: 0/784/784 lits-rem: 0 cl-rem: 0 0-depth-assigns: 0 T: 0.00 T-out: N
c rst  geom svd  vs   1653  1165K 1511      33K   784 5.84    5.76     4927   793   47K   102 38.87   38.80  
c rst  geom svd  vs   1654  1171K 1511      33K   784 5.84    5.76     4965   815   38K   102 37.98   37.90  
c rst  geom best vs   1655  1177K 1511      33K   784 5.84    5.76     4966   848   44K   102 37.74   37.67  
c [distill-long-red0] cls tried: 59/59 T: 0.00 T-out: N T-r: 99.90%
c [distill-long-red1] cls tried: 103/400 T: 0.01 T-out: Y T-r: -1.30%
c [gauss] XOR-encoding clauses are not detached, so no need to reattach them.
c [g 0] truth-find prop checks  : 2462K
c [g 0] -> of which prop        : 62.46 %
c [g 0] -> of which confl       :  1.51 %
c [g 0] elim called             : 89K
c [g 0] ---> which lead to prop : 104.40 %
c [g 0] ---> which lead to confl:  2.91 %
c [g 0] size: 85    x 533  
c [scc] new: 0 BP 0M T: 0.00
c [vrep] vars 0 lits 0 rem-bin-cls 0 rem-long-cls 0 BP 0M T: 0.00
c [intree] Set 0 vars hyper-added: 4 trans-irred: 0 trans-red: 0 T: 0.01 T-out: N T-r: -0.86%
c [find&init matx] performing matrix init
c [gauss] XOR-encoding clauses are not detached, so no need to reattach them.
c [xor-rem-unconnected] left with 906 xors from 907 non-empty xors T: 0.00
c [xor-together] xored together: 821 orig xors: 906 new xors: 85 T: 0.00
c [xor-rem-unconnected] left with 85 xors from 85 non-empty xors T: 0.00
c [xor-clean-equiv] removed equivalent xors: 0 left with: 85
c [matrix] unused xors from cleaning: 1
c [matrix] Good   matrix 0 85      x533    density:0.0827  xorlen avg: 44.06
c [matrix] Using 1 matrices recovered from 0 xors T: 0.00 T-out: N
c [ccnr] saving best assignment phase to stable_polar
c [ccnr] bumping based on var unsat frequency: conflict_ct
c [ccnr] Bumped vars: 1515 bump type: 6
c [ccnr] time: 0.27
c rst  geom best vs   1656  1184K 1511      33K   784 5.84    5.76     4993   760   52K   106 37.16   37.10  
c [full-probe]  bin_only: 0 set: 0 repl: 0 T: 0.01 T-out: N T-r: 98.04%
c [distill-bin] useful: 0/784/784 lits-rem: 0 cl-rem: 0 0-depth-assigns: 0 T: 0.01 T-out: N
c [distill] watch-based irred--  cl tried 11202    cl-sh 0     cl-rem 0    lit-rem 0      T: 0.01 T-out: N
c [distill] watch-based red  --  cl tried 9985     cl-sh 21    cl-rem 1    lit-rem 26     T: 0.00 T-out: N
c rst  geom best vs   1657  1192K 1511      33K   784 5.84    5.76     5004   734   45K   106 34.82   34.75  
c rst  geom stb  vs   1658  1200K 1511      33K   784 5.84    5.76     5043   730   39K   106 31.23   31.16  
c [distill-long-red0] cls tried: 81/81 T: 0.01 T-out: N T-r: 99.86%
c [distill-long-red1] cls tried: 108/297 T: 0.01 T-out: Y T-r: -0.65%
c [impl-str] lit bin: 0 set-var: 0 T: 0.00 T-out: N T-r: 99.97% w-visit: 3030
c [impl-sub] bin: 0 T: 0.00 T-out: N w-visit: 3030
c rst  geom stb  vs   1659  1210K 1511      33K   784 5.84    5.76     5062   677   48K   106 32.19   32.13  
c [full-probe]  bin_only: 1 set: 0 repl: 0 T: 0.01 T-out: N T-r: 99.81%
c [distill-bin] useful: 0/784/784 lits-rem: 0 cl-rem: 0 0-depth-assigns: 0 T: 0.00 T-out: N
c [distill] watch-based irred--  cl tried 11202    cl-sh 0     cl-rem 0    lit-rem 0      T: 0.00 T-out: N
c [distill] watch-based red  --  cl tried 10124    cl-sh 9     cl-rem 0    lit-rem 11     T: 0.01 T-out: N
c rst  geom ibes vs   1660  1220K 1511      33K   784 5.84    5.76     5079   682   44K   106 34.30   34.23  
c [distill-long-red0] cls tried: 37/37 T: 0.00 T-out: N T-r: 99.94%
c [distill-long-red1] cls tried: 115/203 T: 0.01 T-out: Y T-r: -1.97%
c rst  geom ibes vs   1661  1231K 1511      33K   784 5.84    5.76     5105   694   40K   106 34.98   34.90  
c [branch] adjusting to: vmtf (from: vsid) var_decay:0.95 descr: VMTF
c [full-probe]  bin_only: 0 set: 0 repl: 0 T: 0.00 T-out: N T-r: 98.24%
c [distill-bin] useful: 0/784/784 lits-rem: 0 cl-rem: 0 0-depth-assigns: 0 T: 0.01 T-out: N
c [ccnr] saving best assignment phase to stable_polar
c [ccnr] bumping based on var unsat frequency: conflict_ct
c [ccnr] Bumped vars: 1515 bump type: 6
c [ccnr] time: 0.27
c rst  luby svd  vmt  1662  1231K 1511      33K   784 5.84    5.76     5106   701   40K   106 34.97   34.90  
c rst  luby svd  vmt  1663  1232K 1511      33K   784 5.84    5.76     5106   702   40K   106 35.00   34.93  
c rst  luby svd  vmt  1664  1232K 1511      33K   784 5.84    5.76     5106   702   40K   106 35.03   34.96  
c rst  luby svd  vmt  1665  1232K 1511      33K   784 5.84    5.76     5106   703   40K   106 35.04   34.96  
c rst  luby svd  vmt  1666  1232K 1511      33K   784 5.84    5.76     5106   703   41K   106 35.06   34.99  
c rst  luby svd  vmt  1667  1232K 1511      33K   784 5.84    5.76     5106   707   41K   106 35.11   35.04  
c rst  luby svd  vmt  1668  1233K 1511      33K   784 5.84    5.76     5106   708   41K   106 35.23   35.16  
c rst  luby svd  vmt  1669  1233K 1511      33K   784 5.84    5.76     5106   709   41K   106 35.23   35.16  
c rst  luby svd  vmt  1670  1233K 1511      33K   784 5.84    5.76     5106   709   41K   106 35.23   35.15  
c rst  luby svd  vmt  1671  1233K 1511      33K   784 5.84    5.76     5106   712   42K   106 35.21   35.14  
c rst  luby svd  vmt  1672  1233K 1511      33K   784 5.84    5.76     5106   715   42K   106 35.23   35.15  
c rst  luby svd  vmt  1673  1233K 1511      33K   784 5.84    5.76     5107   716   42K   106 35.25   35.18  
c rst  luby svd  vmt  1674  1233K 1511      33K   784 5.84    5.76     5107   717   42K   106 35.29   35.21  
c rst  luby svd  vmt  1675  1234K 1511      33K   784 5.84    5.76     5107   720   42K   106 35.27   35.20  
c rst  luby svd  vmt  1676  1235K 1511      33K   784 5.84    5.76     5107   721   43K   106 35.22   35.15  
c rst  luby svd  vmt  1677  1235K 1511      33K   784 5.84    5.76     5107   721   43K   106 35.23   35.16  
c [distill] watch-based irred--  cl tried 11202    cl-sh 0     cl-rem 0    lit-rem 0      T: 0.00 T-out: N
c [distill] watch-based red  --  cl tried 10214    cl-sh 9     cl-rem 0    lit-rem 17     T: 0.01 T-out: N
c rst  luby svd  vmt  1678  1235K 1511      33K   784 5.84    5.76     5107   721   43K   106 35.23   35.16  
c rst  luby svd  vmt  1679  1235K 1511      33K   784 5.84    5.76     5107   722   44K   106 35.24   35.17  
c rst  luby svd  vmt  1680  1235K 1511      33K   784 5.84    5.76     5107   722   44K   106 35.24   35.17  
c [distill-long-red0] cls tried: 19/19 T: 0.00 T-out: N T-r: 99.96%
c [distill-long-red1] cls tried: 99/192 T: 0.01 T-out: Y T-r: -2.56%
c rst  luby svd  vmt  1681  1235K 1511      33K   784 5.84    5.76     5107   722   44K   106 35.23   35.16  
c rst  luby svd  vmt  1682  1235K 1511      33K   784 5.84    5.76     5107   722   44K   106 35.21   35.14  
c rst  luby svd  vmt  1683  1236K 1511      33K   784 5.84    5.76     5107   722   44K   106 35.22   35.15  
c rst  luby svd  vmt  1684  1236K 1511      33K   784 5.84    5.76     5107   722   44K   106 35.21   35.14  
c rst  luby svd  vmt  1685  1236K 1511      33K   784 5.84    5.76     5107   722   45K   106 35.22   35.15  
c rst  luby svd  vmt  1686  1236K 1511      33K   784 5.84    5.76     5107   722   45K   106 35.23   35.16  
c rst  luby svd  vmt  1687  1236K 1511      33K   784 5.84    5.76     5107   722   45K   106 35.25   35.18  
c rst  luby svd  vmt  1688  1236K 1511      33K   784 5.84    5.76     5107   722   45K   106 35.27   35.20  
c rst  luby svd  vmt  1689  1237K 1511      33K   784 5.84    5.76     5107   723   45K   106 35.30   35.23  
c rst  luby svd  vmt  1690  1237K 1511      33K   784 5.84    5.76     5108   723   46K   106 35.36   35.29  
c rst  luby svd  vmt  1691  1238K 1511      33K   784 5.84    5.76     5108   726   46K   106 35.54   35.47  
c rst  luby svd  vmt  1692  1239K 1511      33K   784 5.84    5.76     5108   733   48K   106 35.76   35.70  
c rst  luby svd  vmt  1693  1240K 1511      33K   784 5.84    5.76     5108   733   48K   106 35.79   35.72  
c rst  luby svd  vmt  1694  1240K 1511      33K   784 5.84    5.76     5144   639   48K   106 35.81   35.74  
c rst  luby svd  vmt  1695  1240K 1511      33K   784 5.84    5.76     5144   639   48K   106 35.83   35.76  
c rst  luby svd  vmt  1696  1240K 1511      33K   784 5.84    5.76     5144   639   49K   106 35.83   35.76  
c rst  luby svd  vmt  1697  1240K 1511      33K   784 5.84    5.76     5144   640   49K   106 35.84   35.77  
c rst  luby svd  vmt  1698  1240K 1511      33K   784 5.84    5.76     5144   640   49K   106 35.86   35.79  
c rst  luby svd  vmt  1699  1241K 1511      33K   784 5.84    5.76     5144   641   49K   106 35.89   35.82  
c rst  luby svd  vmt  1700  1241K 1511      33K   784 5.84    5.76     5144   641   49K   106 35.89   35.82  
c rst  luby svd  vmt  1701  1241K 1511      33K   784 5.84    5.76     5144   643   49K   106 35.90   35.83  
c rst  luby svd  vmt  1702  1241K 1511      33K   784 5.84    5.76     5144   644   50K   106 35.94   35.88  
c rst  luby svd  vmt  1703  1241K 1511      33K   784 5.84    5.76     5144   644   50K   106 35.95   35.89  
c rst  luby svd  vmt  1704  1241K 1511      33K   784 5.84    5.76     5144   644   50K   106 35.97   35.91  
c rst  luby svd  vmt  1705  1241K 1511      33K   784 5.84    5.76     5144   644   50K   106 35.99   35.93  
c rst  luby svd  vmt  1706  1242K 1511      33K   784 5.84    5.76     5144   644   50K   106 36.01   35.94  
c rst  luby svd  vmt  1707  1243K 1511      33K   784 5.84    5.76     5144   644   51K   106 35.96   35.89  
c [gauss] XOR-encoding clauses are not detached, so no need to reattach them.
c [g 0] truth-find prop checks  : 2302K
c [g 0] -> of which prop        : 61.57 %
c [g 0] -> of which confl       :  1.36 %
c [g 0] elim called             : 81K
c [g 0] ---> which lead to prop : 120.78 %
c [g 0] ---> which lead to confl:  3.04 %
c [g 0] size: 85    x 533  
c [scc] new: 0 BP 0M T: 0.00
c [vrep] vars 0 lits 0 rem-bin-cls 0 rem-long-cls 0 BP 0M T: 0.00
c [intree] Set 0 vars hyper-added: 0 trans-irred: 0 trans-red: 0 T: 0.01 T-out: N T-r: -0.80%
c [find&init matx] performing matrix init
c [gauss] XOR-encoding clauses are not detached, so no need to reattach them.
c [xor-rem-unconnected] left with 906 xors from 907 non-empty xors T: 0.00
c [xor-together] xored together: 821 orig xors: 906 new xors: 85 T: 0.00
c [xor-rem-unconnected] left with 85 xors from 85 non-empty xors T: 0.00
c [xor-clean-equiv] removed equivalent xors: 0 left with: 85
c [matrix] unused xors from cleaning: 1
c [matrix] Good   matrix 0 85      x533    density:0.0827  xorlen avg: 44.06
c [matrix] Using 1 matrices recovered from 0 xors T: 0.00 T-out: N
c rst  luby svd  vmt  1708  1243K 1511      33K   784 5.84    5.76     5144   644   51K   106 35.95   35.89  
c rst  luby svd  vmt  1709  1243K 1511      33K   784 5.84    5.76     5144   644   51K   106 35.94   35.88  
c rst  luby svd  vmt  1710  1243K 1511      33K   784 5.84    5.76     5144   644   52K   106 35.91   35.84  
c rst  luby svd  vmt  1711  1243K 1511      33K   784 5.84    5.76     5144   644   52K   106 35.90   35.84  
c rst  luby svd  vmt  1712  1243K 1511      33K   784 5.84    5.76     5144   644   52K   106 35.89   35.82  
c rst  luby svd  vmt  1713  1243K 1511      33K   784 5.84    5.76     5144   644   52K   106 35.85   35.79  
c rst  luby svd  vmt  1714  1244K 1511      33K   784 5.84    5.76     5144   644   52K   106 35.75   35.68  
c rst  luby svd  vmt  1715  1244K 1511      33K   784 5.84    5.76     5144   644   53K   106 35.75   35.68  
c rst  luby svd  vmt  1716  1244K 1511      33K   784 5.84    5.76     5144   644   53K   106 35.73   35.67  
c rst  luby svd  vmt  1717  1244K 1511      33K   784 5.84    5.76     5144   644   53K   106 35.69   35.63  
c rst  luby svd  vmt  1718  1244K 1511      33K   784 5.84    5.76     5144   645   53K   106 35.67   35.61  
c rst  luby svd  vmt  1719  1244K 1511      33K   784 5.84    5.76     5144   645   53K   106 35.67   35.61  
c rst  luby svd  vmt  1720  1245K 1511      33K   784 5.84    5.76     5151   726   37K   106 35.42   35.34  
c rst  luby svd  vmt  1721  1245K 1511      33K   784 5.84    5.76     5151   727   37K   106 35.36   35.28  
c rst  luby svd  vmt  1722  1246K 1511      33K   784 5.84    5.76     5151   727   38K   106 35.15   35.07  
c rst  luby svd  vmt  1723  1247K 1511      33K   784 5.84    5.76     5151   732   40K   106 35.16   35.09  
c rst  luby svd  vmt  1724  1251K 1511      33K   784 5.84    5.76     5162   661   43K   106 35.12   35.05  
c [distill-long-red0] cls tried: 34/34 T: 0.00 T-out: N T-r: 99.93%
c [distill-long-red1] cls tried: 97/149 T: 0.01 T-out: Y T-r: -0.99%
c rst  geom best vmt  1725  1251K 1511      33K   784 5.84    5.76     5162   662   43K   106 35.12   35.05  
c rst  geom best vmt  1726  1251K 1511      33K   784 5.84    5.76     5162   662   43K   106 35.15   35.08  
c rst  geom best vmt  1727  1251K 1511      33K   784 5.84    5.76     5162   662   43K   106 35.16   35.09  
c rst  geom best vmt  1728  1251K 1511      33K   784 5.84    5.76     5162   663   43K   106 35.17   35.10  
c rst  geom best vmt  1729  1251K 1511      33K   784 5.84    5.76     5162   669   44K   106 35.18   35.11  
c rst  geom best vmt  1730  1252K 1511      33K   784 5.84    5.76     5162   669   44K   106 35.18   35.11  
c [full-probe]  bin_only: 1 set: 0 repl: 0 T: 0.00 T-out: N T-r: 99.85%
c [distill-bin] useful: 0/784/784 lits-rem: 0 cl-rem: 0 0-depth-assigns: 0 T: 0.01 T-out: N
c rst  geom best vmt  1731  1252K 1511      33K   784 5.84    5.76     5162   669   44K   106 35.22   35.15  
c rst  geom best vmt  1732  1252K 1511      33K   784 5.84    5.76     5162   669   44K   106 35.27   35.20  
c rst  geom best vmt  1733  1252K 1511      33K   784 5.84    5.76     5162   670   44K   106 35.32   35.26  
c rst  geom best vmt  1734  1252K 1511      33K   784 5.84    5.76     5162   670   45K   106 35.36   35.29  
c rst  geom best vmt  1735  1253K 1511      33K   784 5.84    5.76     5162   671   45K   106 35.37   35.30  
c rst  geom best vmt  1736  1253K 1511      33K   784 5.84    5.76     5162   672   45K   106 35.45   35.38  
c rst  geom best vmt  1737  1253K 1511      33K   784 5.84    5.76     5162   672   46K   106 35.54   35.47  
c rst  geom best vmt  1738  1254K 1511      33K   784 5.84    5.76     5162   673   46K   106 35.59   35.52  
c rst  geom best vmt  1739  1254K 1511      33K   784 5.84    5.76     5162   677   46K   106 35.52   35.46  
c rst  geom best vmt  1740  1255K 1511      33K   784 5.84    5.76     5162   677   47K   106 35.51   35.45  
c rst  geom best vmt  1741  1255K 1511      33K   784 5.84    5.76     5162   677   47K   106 35.61   35.55  
c rst  geom best vmt  1742  1256K 1511      33K   784 5.84    5.76     5162   678   48K   106 35.61   35.55  
c rst  geom best vmt  1743  1256K 1511      33K   784 5.84    5.76     5162   680   48K   106 35.62   35.55  
c rst  geom best vmt  1744  1257K 1511      33K   784 5.84    5.76     5162   681   49K   106 35.63   35.57  
c rst  geom best vmt  1745  1258K 1511      33K   784 5.84    5.76     5162   683   50K   106 35.64   35.58  
c rst  geom best vmt  1746  1258K 1511      33K   784 5.84    5.76     5162   685   51K   106 35.59   35.53  
c rst  geom best vmt  1747  1259K 1511      33K   784 5.84    5.76     5163   688   52K   106 35.70   35.64  
c rst  geom best vmt  1748  1260K 1511      33K   784 5.84    5.76     5198   701   37K   106 33.48   33.40  
c [distill] watch-based irred--  cl tried 11202    cl-sh 0     cl-rem 0    lit-rem 0      T: 0.00 T-out: N
c [distill] watch-based red  --  cl tried 10396    cl-sh 8     cl-rem 0    lit-rem 12     T: 0.01 T-out: N
c rst  geom best vmt  1749  1261K 1511      33K   784 5.84    5.76     5198   709   38K   106 33.50   33.42  
c [impl-str] lit bin: 0 set-var: 0 T: 0.00 T-out: N T-r: 99.97% w-visit: 3030
c [impl-sub] bin: 0 T: 0.00 T-out: N w-visit: 3030
c rst  geom best vmt  1750  1262K 1511      33K   784 5.84    5.76     5199   710   39K   106 33.56   33.49  
c rst  geom best vmt  1751  1264K 1511      33K   784 5.84    5.76     5199   716   41K   106 33.66   33.58  
c rst  geom best vmt  1752  1265K 1511      33K   784 5.84    5.76     5199   717   42K   106 33.94   33.87  
c rst  geom best vmt  1753  1267K 1511      33K   784 5.84    5.76     5199   720   43K   106 34.03   33.97  
c [distill-long-red0] cls tried: 27/27 T: 0.00 T-out: N T-r: 99.96%
c [distill-long-red1] cls tried: 107/133 T: 0.01 T-out: Y T-r: -0.64%
c rst  geom best vmt  1754  1268K 1511      33K   784 5.84    5.76     5199   724   45K   106 34.06   34.00  
c rst  geom stb  vmt  1755  1270K 1511      33K   784 5.84    5.76     5215   694   47K   106 34.20   34.13  
c rst  geom stb  vmt  1756  1272K 1511      33K   784 5.84    5.76     5215   703   49K   106 34.38   34.32  
c [full-probe]  bin_only: 0 set: 0 repl: 0 T: 0.01 T-out: N T-r: 98.04%
c [distill-bin] useful: 0/784/784 lits-rem: 0 cl-rem: 0 0-depth-assigns: 0 T: 0.01 T-out: N
c rst  geom stb  vmt  1757  1275K 1511      33K   784 5.84    5.76     5218   713   51K   106 34.85   34.79  
c rst  geom stb  vmt  1758  1277K 1511      33K   784 5.84    5.76     5223   813   40K   106 33.59   33.52  
c [ccnr] saving best assignment phase to stable_polar
c [ccnr] bumping based on clause weights
c [ccnr] Bumped vars: 103 bump type: 6
c [ccnr] time: 0.27
c rst  geom stb  vmt  1759  1280K 1511      33K   784 5.84    5.76     5270   760   42K   106 32.97   32.90  
c rst  geom stb  vmt  1760  1282K 1511      33K   784 5.84    5.76     5271   777   44K   106 32.38   32.32  
c ------- FINAL TOTAL SEARCH STATS ---------
c UIP search time          : 90.97       (97.61     % time)
c All times are for this thread only except if explicitly specified
c restarts                 : 1760        (728.60    confls per restart)
c blocked restarts         : 0           (0.00      per normal restart)
c time                     : 90.97       
c decisions                : 1354394     (0.00      % random)
c propagations             : 31M         (344K      props/s)
c decisions/conflicts      : 1.06        
c conflicts                : 1282329     
c LEARNT stats
c units learnt             : 0           (0.00      % of conflicts)
c bins learnt              : 50          (0.00      % of conflicts)
c long learnt              : 1282521     (100.01    % of conflicts)
c red which0               : 720         (0.06      % of confl)
c SEAMLESS HYPERBIN&TRANS-RED stats
c advProp called           : 0           
c hyper-bin add bin        : 0           (0.00      bin/call)
c trans-red rem irred bin  : 0           (0.00      bin/call)
c trans-red rem red bin    : 0           (0.00      bin/call)
c CONFL LITS stats
c orig                     : 318797850   (248.61    lit/confl)
c recurs-min effective     : 1251974     (97.63     % attempt successful)
c recurs-min lits          : 268976529   (84.37     % less overall)
c permDiff call%           : 0.60        (0.00      % attempt successful)
c permDiff lits-rem        : 0           (0.00      less lits/cl on attempts)
c further-min call%        : 0.00        (42.11     % attempt successful)
c bintri-min lits          : 52          (0.00      % less overall)
c final avg                : 38.85       
c all-threads sum CPU time : 90.97        s
c PROP stats
c Mbogo-props              : 128.84      (1.42      / sec)
c MHyper-props             : 0.06        (0.00      / sec)
c Mprops                   : 31.33       (0.34      / sec)
c -------- OccSimplifier STATS ----------
c time                     : 2.63        (0.00      % var-elim)
c called                   : 6           (0.44      s per call)
c 0-depth assigns          : 0           (0.00      % vars)
c -------- OccSimplifier STATS END ----------
c -------- SubsumeStrengthen STATS ----------
c cl-subs                  : 4962         Clauses
c cl-str rem lit           : 1166         Lits
c cl-sub T                 : 0.32         s
c cl-str T                 : 2.06         s
c -------- SubsumeStrengthen STATS END ----------
c ----- SCC STATS --------
c time                     : 0.00        (0.00      per call)
c called                   : 35          (0.34      new found per call)
c found                    : 12          (50.00     % of all found)
c bogoprops                : 1443895     % of all found
c ----- SCC STATS END --------
c --------- VAR REPLACE STATS ----------
c time                     : 0.16        (0.01      per call)
c trees' crown             : 11          (0.39      % of vars)
c 0-depth assigns          : 0           (0.00      % vars)
c lits replaced            : 57618       
c bin cls removed          : 51          
c long cls removed         : 0           
c long lits removed        : 1849        
c bogoprops                : 6488137     
c --------- VAR REPLACE STATS END ----------
c vrep replace time        : 0.16        (0.18      % time)
c vrep tree roots          : 6           
c vrep trees' crown        : 11          (1.83      leafs/tree)
c -------- DISTILL-BIN STATS --------
c time                     : 0.34        (0.01      per call)
c timed out                : 0           (0.00      % of calls)
c distill/checked/potential: 0          /50838/50838
c lits-rem                 : 0           
c 0-depth-assigns          : 0           (0.00      % of vars)
c -------- DISTILL STATS END --------
c -------- STRENGTHEN STATS --------
c --> watch-based on irred cls
c time                     : 0.28        (0.00      s/call)
c shrinked/tried/total     : 140        /455019/3111895
c subsumed/tried/total     : 157        /455019/3111895
c lits-rem                 : 146         (0.01      % of lits tried)
c called                   : 96          (2421.88   % ran out of time)
c --> watch-based on red cls
c time                     : 0.14        (0.00      s/call)
c shrinked/tried/total     : 834        /245277/245277
c subsumed/tried/total     : 9          /245277/245277
c lits-rem                 : 1471        (0.09      % of lits tried)
c called                   : 96          (0.00      % ran out of time)
c -------- STRENGTHEN STATS END --------
c -------- IMPLICIT SUB  STATS --------
c time                     : 0.03        (0.00      per call)
c timed out                : 0           (0.00      % of calls)
c rem bins                 : 50          
c -------- IMPLICIT SUB STATS END --------
c Mem used                 : 70          MB
c Mem for longclauses      : 12          MB (18.47     %)
c Mem for watch alloc      : 20          MB (29.13     %)
c Mem for watch array      : 0           MB (0.10      %)
c Mem for assings&vardata  : 0           MB (0.10      %)
c Mem for search&solve     : 0           MB (0.26      %)
c Mem for renumberer       : 0           MB (0.04      %)
c Mem for occsimplifier    : 1           MB (1.74      %)
c Mem for varReplacer&SCC  : 0           MB (0.09      %)
c Mem for impl subsume     : 0           MB (0.00      %)
c Mem for 3 distills       : 0           MB (0.00      %)
c Accounted for mem (rss)  : 49.93       %
c Accounted for mem (vm)   : 45.75       %
c restarts                 : 1760        (728.60    confls per restart)
c blocked restarts         : 0           (0.00      per normal restart)
c time                     : 90.97       
c decisions                : 1354394     (0.00      % random)
c propagations             : 31M         (344K      props/s)
c decisions/conflicts      : 1.06        
c conflicts                : 1282329     
c conf lits non-minim      : 318797850   (248.61    lit/confl)
c conf lits final          : 38.85       
c red which0               : 720         (0.06      % of confl)
c props/decision           : 0.00        
c props/conflict           : 0.00        
c 0-depth assigns          : 1           (0.07      % vars)
c 0-depth assigns by CNF   : 0           (0.00      % vars)
c reduceDB time            : 0.30        (0.32      % time)
c OccSimplifier time       : 2.63        (2.82      % time)
c [occur] 0.22 is overhead
c [occur] link-in T: 0.18 cleanup T: 0.04
c [occ-substr] long subBySub: 4771 subByStr: 191 lits-rem-str: 1166 T: 2.38
c SCC time                 : 0.00        (0.00      % time)
c [scc] new: 12 BP 1M  T: 0.00
c vrep replace time        : 0.16        (0.18      % time)
c vrep tree roots          : 6           
c vrep trees' crown        : 11          (1.83      leafs/tree)
c distill long time        : 1.12        (1.20      % time)
c distill bin time         : 0.34        (0.37      % time)
c strength cache-irred time: 0.28        (0.30      % time)
c strength cache-red time  : 0.14        (0.15      % time)
c avg cls in red 0         : 2564.46     
c avg cls in red 1         : 869.08      
c avg cls in red 2         : 42847.23    
c Conflicts in UIP         : 1282329     (13757.97  confl/time_this_thread)
c Max Memory (rss) used    : 71876 kB    
c Total time (this thread) : 93.21       
s SATISFIABLE
v -1 2 3 -4 5 6 -7 8 -9 10 11 12 13 14 -15 -16 17 18 -19 -20 -21 -22 -23 -24 -25 
v 26 -27 28 29 30 -31 32 -33 34 35 36 -37 -38 -39 -40 -41 -42 -43 44 -45 46 47 
v 48 -49 50 -51 52 53 54 -55 -56 -57 -58 -59 -60 61 62 -63 -64 65 66 67 68 -69 
v -70 71 72 -73 -74 -75 -76 -77 -78 79 80 -81 -82 83 84 85 86 -87 -88 89 90 -91 
v -92 -93 -94 -95 -96 97 98 -99 -100 101 102 -103 -104 -105 -106 -107 -108 109 
v 110 -111 -112 113 114 115 116 -117 -118 119 120 121 122 -123 -124 125 126 
v -127 -128 -129 -130 -131 -132 -133 -134 -135 -136 -137 -138 -139 -140 -141 
v -142 -143 -144 -145 -146 -147 -148 -149 -150 -151 -152 -153 -154 -155 -156 
v -157 -158 -159 -160 -161 -162 -163 -164 -165 -166 -167 -168 169 170 -171 -172 
v 173 174 -175 -176 -177 -178 -179 -180 181 182 -183 -184 185 186 187 188 -189 
v -190 191 192 193 194 -195 -196 197 198 -199 -200 -201 -202 -203 -204 205 206 
v -207 -208 209 210 -211 -212 -213 -214 -215 -216 217 218 -219 -220 221 222 223 
v 224 -225 -226 227 228 229 230 -231 -232 233 234 -235 -236 -237 -238 -239 -240 
v -241 -242 -243 -244 -245 -246 -247 -248 -249 -250 -251 -252 -253 -254 -255 
v -256 -257 -258 -259 -260 -261 -262 -263 -264 -265 -266 -267 -268 -269 -270 
v -271 -272 -273 -274 -275 -276 277 278 -279 -280 281 282 -283 -284 -285 -286 
v -287 -288 289 290 -291 -292 293 294 295 296 -297 -298 299 300 301 302 -303 
v -304 305 306 -307 -308 -309 -310 -311 -312 313 314 -315 -316 317 318 -319 
v -320 -321 -322 -323 -324 325 326 -327 -328 329 330 331 332 -333 -334 335 336 
v 337 338 -339 -340 341 342 343 344 345 346 347 348 -349 -350 -351 352 -353 354 
v -355 -356 357 -358 359 -360 -361 362 -363 -364 -365 366 367 -368 -369 370 
v -371 -372 -373 374 375 -376 -377 378 -379 -380 -381 382 383 -384 -385 386 
v -387 -388 -389 390 391 -392 -393 394 -395 -396 -397 398 399 -400 -401 402 
v -403 -404 -405 406 407 -408 -409 410 -411 -412 -413 414 415 -416 -417 418 
v -419 -420 -421 422 423 -424 -425 426 -427 -428 -429 430 431 -432 -433 434 
v -435 -436 -437 438 439 -440 -441 442 -443 -444 -445 446 447 -448 -449 450 
v -451 -452 -453 454 455 -456 -457 458 -459 -460 -461 462 463 -464 -465 466 
v -467 -468 -469 470 471 -472 -473 -474 -475 -476 -477 -478 -479 -480 -481 -482 
v -483 -484 -485 -486 -487 -488 -489 -490 -491 -492 -493 -494 -495 -496 -497 
v -498 -499 -500 -501 -502 -503 -504 -505 -506 -507 -508 -509 -510 -511 -512 
v -513 -514 -515 -516 -517 -518 -519 -520 -521 522 -523 -524 -525 526 527 -528 
v -529 530 -531 -532 -533 534 535 -536 -537 -538 -539 -540 -541 -542 -543 -544 
v -545 -546 -547 -548 -549 -550 -551 -552 -553 554 -555 -556 -557 558 559 -560 
v -561 562 -563 -564 -565 566 567 -568 -569 -570 -571 -572 -573 -574 -575 -576 
v -577 -578 -579 -580 -581 -582 -583 -584 -585 -586 -587 -588 -589 -590 -591 
v -592 -593 -594 -595 -596 -597 -598 -599 -600 -601 602 -603 -604 -605 606 607 
v -608 -609 610 -611 -612 -613 614 615 -616 -617 -618 -619 -620 -621 -622 -623 
v -624 -625 -626 -627 -628 -629 -630 -631 -632 -633 634 -635 -636 -637 638 639 
v -640 -641 642 -643 -644 -645 646 647 -648 -649 -650 -651 -652 -653 -654 -655 
v -656 -657 -658 -659 -660 -661 -662 -663 -664 -665 -666 -667 -668 -669 -670 
v -671 -672 -673 -674 -675 -676 -677 -678 -679 680 681 -682 -683 684 -685 -686 
v -687 688 689 -690 -691 -692 -693 -694 -695 -696 -697 -698 -699 -700 -701 -702 
v -703 -704 -705 -706 -707 -708 -709 -710 -711 -712 -713 -714 -715 -716 -717 
v -718 -719 -720 -721 -722 723 -724 -725 726 -727 -728 -729 730 731 -732 -733 
v 734 -735 -736 -737 738 739 -740 -741 -742 -743 -744 -745 -746 -747 -748 -749 
v -750 -751 -752 -753 -754 -755 756 757 -758 -759 -760 -761 -762 -763 -764 -765 
v -766 767 0
c [g 0] truth-find prop checks  : 1429K
c [g 0] -> of which prop        : 56.67 %
c [g 0] -> of which confl       :  1.44 %
c [g 0] elim called             : 64K
c [g 0] ---> which lead to prop : 70.33 %
c [g 0] ---> which lead to confl:  1.93 %
c [g 0] size: 85    x 533  
