c BreakID not compiled in, disabling
c CryptoMiniSat version 5.11.15
c CMS Copyright (C) 2009-2020 Authors of CryptoMiniSat, see AUTHORS file
c CMS SHA revision 
c Using VMTF code by Armin Biere from CaDiCaL
c Using Yalsat by Armin Biere, see Balint et al. Improving implementation of SLS solvers [...], SAT'14
c Using WalkSAT by Henry Kautz, see Kautz and Selman Pushing the envelope: planning, propositional logic, and stochastic search, AAAI'96,
c CMS is MIT licensed
c Using code from 'When Boolean Satisfiability Meets Gauss-E. in a Simplex Way'
c       by C.-S. Han and J.-H. Roland Jiang in CAV 2012. Fixes by M. Soos
c Using CCAnr from 'CCAnr: A Conf. Checking Based Local Search Solver [...]'
c       by Shaowei Cai, Chuan Luo, and Kaile Su, SAT 2015
c CMS compilation env CMAKE_CXX_COMPILER = /usr/bin/c++ | COMPILE_DEFINES =  -DRDB0_ONLY_FEATURES -DBOOST_TEST_DYN_LINK -DUSE_ZLIB -DYALSAT_FPU | STATICCOMPILE = OFF | ONLY_SIMPLE = OFF | Boost_FOUND = TRUE | STATS = OFF | SQLITE3_FOUND =  | ZLIB_FOUND = TRUE | VALGRIND_FOUND =  | ENABLE_TESTING = OFF | SLOW_DEBUG = OFF | ENABLE_ASSERTIONS = ON | PYTHON_EXECUTABLE =  | PYTHON_LIBRARY =  | PYTHON_INCLUDE_DIRS =  | MY_TARGETS =  | LARGEMEM = OFF | LIMITMEM = OFF | BREAKID_LIBRARIES =  | BREAKID-VER = . | BOSPHORUS_LIBRARIES =  | BOSPH-VER = . | compilation date time = Mar 31 2024 17:57:30
c CMS compiled with gcc version 13.2.0
c Executed with command line: cryptominisat5 --verb 1 /workspace/experiments/EXP-ICPERF-66fd51/runs/RUN-ICPERF-4ec9b9/pure_cnf/n19l6-3-S.dimacs
c Reading file '/workspace/experiments/EXP-ICPERF-66fd51/runs/RUN-ICPERF-4ec9b9/pure_cnf/n19l6-3-S.dimacs'
c -- header says num vars:           4671
c -- header says num clauses:       18184
c -- clauses added: 18184
c -- xor clauses added: 0
c -- vars added 4671
c Parsing time: 0.00 s
c [branch] adjusting to: vsid (from: vsid) var_decay:0.95 descr: VSIDS
c rst  geom  stb   vs     1   113    4671 16532  1652    3.01    2.92     1     8   102     2  133.50  131.18
c rst  geom  stb   vs     2   235    4671 16532  1652    3.01    2.92     3     9   221     2  121.42  120.40
c  res  pol bran  nres  conf freevar  IrrL  IrrB l/longC  l/allC RedL0 RedL1 RedL2  RedB l/longC  l/allC
c rst  geom  stb   vs     3   370    4671 16532  1652    3.01    2.92     6     9   350     5  111.80  110.32
c rst  geom  stb   vs     4   518    4671 16532  1652    3.01    2.92     6    17   490     5  109.12  108.09
c rst  geom  stb   vs     5   680    4671 16532  1652    3.01    2.92     7    19   649     5  104.42  103.66
c rst  geom  stb   vs     6   857    4671 16532  1652    3.01    2.92     8    23   821     5   98.33   97.77
c rst  geom  stb   vs     7  1051    4671 16532  1652    3.01    2.92    11    28  1007     5   96.60   96.15
c rst  geom  stb   vs     8  1265    4671 16532  1652    3.01    2.92    13    30  1216     6   97.82   97.37
c rst  geom  stb   vs     9  1500    4671 16532  1652    3.01    2.92    22    38  1434     6   94.03   93.67
c rst  geom  stb   vs    10  1757    4671 16532  1652    3.01    2.92    22    40  1689     6   89.79   89.49
c rst  geom  stb   vs    11  2039    4671 16532  1652    3.01    2.92    29    49  1955     6   89.26   89.01
c rst  geom  stb   vs    12  2350    4671 16532  1652    3.01    2.92    43    55  2246     6   86.18   85.97
c rst  geom  stb   vs    13  2690    4671 16532  1652    3.01    2.92    44    56  2584     6   82.84   82.66
c rst  geom  stb   vs    14  3064    4671 16532  1652    3.01    2.92    46    59  2953     6   82.85   82.69
c rst  geom  stb   vs    15  3474    4671 16532  1652    3.01    2.92    51    73  3344     6   81.68   81.54
c rst  geom  stb   vs    16  3924    4671 16532  1652    3.01    2.92    53    80  3785     6   79.20   79.08
c rst  geom  stb   vs    17  4420    4671 16532  1652    3.01    2.92    59    85  4270     6   77.98   77.87
c rst  geom  stb   vs    18  4963    4671 16532  1652    3.01    2.92    65    99  4793     6   78.10   78.01
c rst  geom  stb   vs    19  5560    4671 16532  1652    3.01    2.92    67   110  5377     6   78.47   78.39
c [branch] adjusting to: vmtf (from: vsid) var_decay:0.95 descr: VMTF
c [distill-long-red0] cls tried: 67/67 T: 0.00 T-out: N T-r: 99.99%
c [distill-long-red1] cls tried: 110/110 T: 0.00 T-out: N T-r: 92.98%
c rst  luby ibes  vmt    20  5662    4671 16532  1652    3.01    2.92    69   121  5466     6   78.45   78.37
c rst  luby ibes  vmt    21  5764    4671 16532  1652    3.01    2.92    77   142  5539     6   77.50   77.42
c rst  luby ibes  vmt    22  5965    4671 16532  1652    3.01    2.92    78   171  5710     6   76.61   76.53
c rst  luby ibes  vmt    23  6067    4671 16532  1652    3.01    2.92    78   171  5812     6   76.13   76.06
c rst  luby ibes  vmt    24  6169    4671 16532  1652    3.01    2.92    79   191  5893     6   75.45   75.38
c rst  luby ibes  vmt    25  6371    4671 16532  1652    3.01    2.92    82   204  6079     6   74.45   74.39
c rst  luby ibes  vmt    26  6773    4671 16532  1652    3.01    2.92   109   267  6391     6   71.79   71.73
c rst  luby ibes  vmt    27  6874    4671 16532  1652    3.01    2.92   110   282  6476     6   71.17   71.11
c rst  luby ibes  vmt    28  6975    4671 16532  1652    3.01    2.92   112   297  6560     6   70.59   70.53
c rst  luby ibes  vmt    29  7176    4671 16532  1652    3.01    2.92   119   319  6732     6   69.94   69.89
c rst  luby ibes  vmt    30  7278    4671 16532  1652    3.01    2.92   119   319  6834     6   69.50   69.44
c rst  luby ibes  vmt    31  7379    4671 16532  1652    3.01    2.92   122   337  6914     6   69.00   68.95
c rst  luby ibes  vmt    32  7581    4671 16532  1652    3.01    2.92   124   345  7106     6   68.61   68.56
c rst  luby ibes  vmt    33  7984    4671 16532  1652    3.01    2.92   133   385  7460     6   67.31   67.26
c rst  luby ibes  vmt    34  8787    4671 16532  1652    3.01    2.92   158   476  8147     6   64.58   64.53
c rst  luby ibes  vmt    35  8889    4671 16532  1652    3.01    2.92   159   489  8235     6   64.31   64.27
c rst  luby ibes  vmt    36  8990    4671 16532  1652    3.01    2.92   167   498  8319     6   64.09   64.05
c rst  luby ibes  vmt    37  9191    4671 16532  1652    3.01    2.92   167   519  8499     6   63.84   63.80
c rst  luby ibes  vmt    38  9293    4671 16532  1652    3.01    2.92   168   521  8598     6   63.77   63.73
c rst  luby ibes  vmt    39  9394    4671 16532  1652    3.01    2.92   175   534  8679     6   63.49   63.45
c rst  luby ibes  vmt    40  9595    4671 16532  1652    3.01    2.92   178   543  8868     6   63.18   63.15
c rst  luby ibes  vmt    41  9997    4671 16532  1652    3.01    2.92   190   592  9209     6   62.79   62.76
c rst  luby ibes  vmt    42 10100    4671 16532  1652    3.01    2.92   555   243  9296     6   62.44   62.40
c rst  luby ibes  vmt    43 10201    4671 16532  1652    3.01    2.92   556   249  9390     6   62.25   62.21
c rst  luby ibes  vmt    44 10403    4671 16532  1652    3.01    2.92   564   270  9563     6   61.80   61.77
c rst  luby ibes  vmt    45 10505    4671 16532  1652    3.01    2.92   570   282  9647     6   61.55   61.51
c rst  luby ibes  vmt    46 10606    4671 16532  1652    3.01    2.92   573   298  9729     6   61.27   61.24
c rst  luby ibes  vmt    47 10807    4671 16532  1652    3.01    2.92   575   316  9910     6   60.97   60.94
c rst  luby  svd  vmt    48 11209    4671 16532  1652    3.01    2.92   582   334 10287     6   61.20   61.17
c rst  luby  svd  vmt    49 12010    4671 16532  1652    3.01    2.92   586   360 11058     6   60.87   60.84
c [branch] adjusting to: vsid (from: vmtf) var_decay:0.95 descr: VSIDS
c [distill-bin] useful: 4/1652/1652 lits-rem: 0 cl-rem: 4 0-depth-assigns: 0 T: 0.00 T-out: N
c rst  geom  svd   vs    50 12121    4671 16532  1648    3.01    2.92   588   364 11160     9   60.79   60.75
c rst  geom  svd   vs    51 12243    4671 16532  1648    3.01    2.92   591   375 11268     9   60.78   60.74
c rst  geom  svd   vs    52 12377    4671 16532  1648    3.01    2.92   593   383 11392     9   60.58   60.54
c rst  geom  svd   vs    53 12524    4671 16532  1648    3.01    2.92   595   396 11524     9   60.39   60.35
c rst  geom  svd   vs    54 12685    4671 16532  1648    3.01    2.92   598   418 11660     9   60.12   60.07
c rst  geom  svd   vs    55 12862    4671 16532  1648    3.01    2.92   606   430 11817     9   59.80   59.76
c rst  geom  svd   vs    56 13056    4671 16532  1648    3.01    2.92   606   433 12008     9   59.48   59.44
c rst  geom  svd   vs    57 13269    4671 16532  1648    3.01    2.92   607   437 12216     9   59.08   59.04
c rst  geom  svd   vs    58 13503    4671 16532  1648    3.01    2.92   608   439 12447     9   58.64   58.60
c rst  geom  svd   vs    59 13760    4671 16532  1648    3.01    2.92   610   443 12698     9   58.30   58.27
c rst  geom  svd   vs    60 14043    4671 16532  1648    3.01    2.92   617   452 12964    10   57.74   57.70
c rst  geom  svd   vs    61 14353    4671 16532  1648    3.01    2.92   618   453 13272    10   57.24   57.20
c rst  geom  svd   vs    62 14694    4671 16532  1648    3.01    2.92   618   463 13603    10   56.54   56.51
c rst  geom  svd   vs    63 15068    4671 16532  1648    3.01    2.92   679   796 13583    10   55.92   55.88
c rst  geom  svd   vs    64 15479    4671 16532  1648    3.01    2.92   681   803 13985    10   55.25   55.21
c rst  geom  svd   vs    65 15929    4671 16532  1648    3.01    2.92   683   808 14428    10   54.47   54.44
c rst  geom  svd   vs    66 16423    4671 16532  1648    3.01    2.92   688   814 14911    10   53.78   53.74
c rst  geom best   vs    67 16967    4671 16532  1648    3.01    2.92   688   815 15454    10   53.38   53.35
c rst  geom best   vs    68 17564    4671 16532  1648    3.01    2.92   690   820 16044    10   53.46   53.43
c rst  geom best   vs    69 18220    4671 16532  1648    3.01    2.92   701   860 16649    10   53.08   53.05
c [branch] adjusting to: vmtf (from: vsid) var_decay:0.95 descr: VMTF
c rst  luby best  vmt    70 18322    4671 16532  1648    3.01    2.92   701   860 16751    10   53.06   53.03
c rst  luby best  vmt    71 18425    4671 16532  1648    3.01    2.92   704   868 16843    10   53.02   52.99
c rst  luby best  vmt    72 18626    4671 16532  1648    3.01    2.92   705   874 17037    10   52.99   52.96
c rst  luby best  vmt    73 18727    4671 16532  1648    3.01    2.92   706   875 17136    10   53.03   53.01
c rst  luby best  vmt    74 18828    4671 16532  1648    3.01    2.92   707   885 17226    10   52.98   52.95
c rst  luby best  vmt    75 19030    4671 16532  1648    3.01    2.92   707   892 17421    10   52.97   52.94
c rst  luby best  vmt    76 19431    4671 16532  1648    3.01    2.92   708   903 17810    10   52.92   52.89
c rst  luby best  vmt    77 19533    4671 16532  1648    3.01    2.92   712   907 17904    10   52.85   52.82
c rst  luby best  vmt    78 19634    4671 16532  1648    3.01    2.92   712   907 18005    10   52.84   52.81
c rst  luby best  vmt    79 19835    4671 16532  1648    3.01    2.92   712   921 18192    10   52.86   52.83
c rst  luby best  vmt    80 19937    4671 16532  1648    3.01    2.92   712   922 18293    10   52.82   52.80
c rst  luby best  vmt    81   20K    4671 16532  1648    3.01    2.92   984   662 18383    10   52.75   52.73
c [full-probe]  bin_only: 1 set: 0 repl: 0 T: 0.00 T-out: N T-r: 99.73%
c rst  luby best  vmt    82   20K    4671 16532  1648    3.01    2.92   985   667 18579    10   52.71   52.69
c rst  luby best  vmt    83   20K    4671 16532  1648    3.01    2.92   988   676 18968    10   52.42   52.40
c [distill-long-red0] cls tried: 830/830 T: 0.01 T-out: N T-r: 99.38%
c [distill-long-red1] cls tried: 115/657 T: 0.01 T-out: Y T-r: -0.71%
c rst  luby best  vmt    84   21K    4671 16532  1648    3.01    2.92   992   708 19734    10   52.13   52.11
c rst  luby best  vmt    85   21K    4671 16532  1648    3.01    2.92   993   714 19828    10   52.09   52.07
c rst  luby best  vmt    86   21K    4671 16532  1648    3.01    2.92   995   716 19925    10   52.08   52.06
c rst  luby  stb  vmt    87   21K    4671 16532  1648    3.01    2.92   998   723   20K    10   52.24   52.22
c rst  luby  stb  vmt    88   21K    4671 16532  1648    3.01    2.92  1002   745   20K    10   52.17   52.15
c rst  luby  stb  vmt    89   22K    4671 16532  1648    3.01    2.92  1005   746   20K    10   52.12   52.10
c rst  luby  stb  vmt    90   22K    4671 16532  1648    3.01    2.92  1006   766   20K    10   52.25   52.22
c rst  luby  stb  vmt    91   22K    4671 16532  1648    3.01    2.92  1007   791   20K    10   52.19   52.16
c rst  luby  stb  vmt    92   22K    4671 16532  1648    3.01    2.92  1009   798   20K    10   52.14   52.11
c rst  luby  stb  vmt    93   22K    4671 16532  1648    3.01    2.92  1010   806   21K    10   52.10   52.08
c rst  luby  stb  vmt    94   23K    4671 16532  1648    3.01    2.92  1016   816   21K    12   52.11   52.08
c rst  luby  stb  vmt    95   23K    4671 16532  1648    3.01    2.92  1017   817   21K    12   52.08   52.06
c rst  luby  stb  vmt    96   23K    4671 16532  1648    3.01    2.92  1019   824   21K    12   52.09   52.06
c rst  luby  stb  vmt    97   23K    4671 16532  1648    3.01    2.92  1024   841   21K    12   52.08   52.06
c rst  luby  stb  vmt    98   23K    4671 16532  1648    3.01    2.92  1028   868   21K    12   51.96   51.93
c rst  luby  stb  vmt    99   24K    4671 16532  1648    3.01    2.92  1031   896   22K    12   51.81   51.78
c rst  luby  stb  vmt   100   26K    4671 16532  1648    3.01    2.92  1044   960   24K    13   51.62   51.59
c [branch] adjusting to: vsid (from: vmtf) var_decay:0.95 descr: VSIDS
c [distill] watch-based irred--  cl tried    33060 cl-sh     1 cl-rem    4 lit-rem      1 T: 0.01 T-out: N
c [distill] watch-based   red--  cl tried     2086 cl-sh   113 cl-rem    3 lit-rem    189 T: 0.00 T-out: N
c rst  geom  stb   vs   101   26K    4671 16527  1653    3.01    2.92  1042   965   24K     9   51.67   51.65
c rst  geom  stb   vs   102   26K    4671 16527  1653    3.01    2.92  1045   967   24K     9   51.63   51.62
c rst  geom  stb   vs   103   26K    4671 16527  1653    3.01    2.92  1046   974   24K     9   51.58   51.56
c rst  geom  stb   vs   104   26K    4671 16527  1653    3.01    2.92  1047   977   24K     9   51.53   51.51
c rst  geom  stb   vs   105   26K    4671 16527  1653    3.01    2.92  1048   981   24K     9   51.51   51.49
c rst  geom ibes   vs   106   27K    4671 16527  1653    3.01    2.92  1049   990   25K     9   51.50   51.48
c rst  geom ibes   vs   107   27K    4671 16527  1653    3.01    2.92  1049   995   25K     9   51.37   51.35
c rst  geom ibes   vs   108   27K    4671 16527  1653    3.01    2.92  1052  1000   25K     9   51.21   51.20
c rst  geom ibes   vs   109   27K    4671 16527  1653    3.01    2.92  1056  1007   25K     9   50.99   50.97
c rst  geom ibes   vs   110   28K    4671 16527  1653    3.01    2.92  1058  1010   25K     9   50.83   50.82
c rst  geom ibes   vs   111   28K    4671 16527  1653    3.01    2.92  1061  1017   26K     9   50.58   50.56
c rst  geom ibes   vs   112   28K    4671 16527  1653    3.01    2.92  1068  1026   26K     9   50.28   50.26
c rst  geom ibes   vs   113   28K    4671 16527  1653    3.01    2.92  1071  1040   26K     9   50.06   50.04
c rst  geom ibes   vs   114   29K    4671 16527  1653    3.01    2.92  1072  1050   27K     9   49.75   49.74
c rst  geom ibes   vs   115   29K    4671 16527  1653    3.01    2.92  1073  1057   27K     9   49.39   49.38
c rst  geom ibes   vs   116   30K    4671 16527  1653    3.01    2.92  1415  1128   22K     9   42.28   42.27
c rst  geom ibes   vs   117   30K    4671 16527  1653    3.01    2.92  1416  1136   22K     9   42.04   42.03
c rst  geom ibes   vs   118   31K    4671 16527  1653    3.01    2.92  1426  1149   23K     9   41.76   41.74
c rst  geom ibes   vs   119   31K    4671 16527  1653    3.01    2.92  1429  1159   24K     9   41.47   41.46
c rst  geom ibes   vs   120   32K    4671 16527  1653    3.01    2.92  1429  1163   24K     9   41.06   41.05
c [distill-bin] useful: 0/1653/1653 lits-rem: 0 cl-rem: 0 0-depth-assigns: 0 T: 0.00 T-out: N
c rst  geom  svd   vs   121   33K    4671 16527  1653    3.01    2.92  1433  1172   25K     9   40.88   40.87
c rst  geom  svd   vs   122   33K    4671 16527  1653    3.01    2.92  1438  1179   26K     9   40.47   40.46
c [branch] adjusting to: vmtf (from: vsid) var_decay:0.95 descr: VMTF
c rst  luby  svd  vmt   123   34K    4671 16527  1653    3.01    2.92  1439  1181   26K     9   40.44   40.43
c rst  luby  svd  vmt   124   34K    4671 16527  1653    3.01    2.92  1439  1186   26K     9   40.39   40.37
c rst  luby  svd  vmt   125   34K    4671 16527  1653    3.01    2.92  1443  1191   26K     9   40.34   40.33
c rst  luby  svd  vmt   126   34K    4671 16527  1653    3.01    2.92  1443  1194   26K     9   40.30   40.29
c rst  luby  svd  vmt   127   34K    4671 16527  1653    3.01    2.92  1443  1200   26K     9   40.27   40.26
c rst  luby  svd  vmt   128   34K    4671 16527  1653    3.01    2.92  1445  1203   27K     9   40.19   40.18
c rst  luby  svd  vmt   129   35K    4671 16527  1653    3.01    2.92  1446  1210   27K     9   39.99   39.98
c rst  luby  svd  vmt   130   35K    4671 16527  1653    3.01    2.92  1446  1214   27K     9   39.94   39.93
c rst  luby  svd  vmt   131   35K    4671 16527  1653    3.01    2.92  1448  1214   27K     9   39.91   39.90
c rst  luby  svd  vmt   132   35K    4671 16527  1653    3.01    2.92  1449  1214   27K     9   39.84   39.83
c rst  luby  svd  vmt   133   35K    4671 16527  1653    3.01    2.92  1449  1215   27K     9   39.81   39.80
c [distill-long-red0] cls tried: 561/561 T: 0.01 T-out: N T-r: 99.38%
c [distill-long-red1] cls tried: 76/1091 T: 0.00 T-out: Y T-r: -2.10%
c rst  luby  svd  vmt   134   35K    4671 16527  1653    3.01    2.92  1449  1216   28K     9   39.76   39.75
c rst  luby  svd  vmt   135   36K    4671 16527  1653    3.01    2.92  1449  1216   28K     9   39.66   39.65
c rst  luby  svd  vmt   136   36K    4671 16527  1653    3.01    2.92  1450  1230   28K     9   39.54   39.53
c rst  luby  svd  vmt   137   37K    4671 16527  1653    3.01    2.92  1459  1268   29K     9   39.30   39.29
c rst  luby  svd  vmt   138   37K    4671 16527  1653    3.01    2.92  1461  1273   29K     9   39.26   39.25
c rst  luby  svd  vmt   139   37K    4671 16527  1653    3.01    2.92  1461  1275   29K     9   39.23   39.22
c rst  luby  svd  vmt   140   37K    4671 16527  1653    3.01    2.92  1461  1280   29K     9   39.19   39.18
c rst  luby  svd  vmt   141   37K    4671 16527  1653    3.01    2.92  1462  1283   29K     9   39.17   39.16
c rst  luby  svd  vmt   142   37K    4671 16527  1653    3.01    2.92  1462  1285   29K     9   39.16   39.15
c rst  luby  svd  vmt   143   38K    4671 16527  1653    3.01    2.92  1464  1292   30K     9   39.14   39.13
c rst  geom best  vmt   144   38K    4671 16527  1653    3.01    2.92  1464  1298   30K     9   39.11   39.10
c rst  geom best  vmt   145   38K    4671 16527  1653    3.01    2.92  1465  1306   30K     9   39.11   39.10
c rst  geom best  vmt   146   38K    4671 16527  1653    3.01    2.92  1465  1313   30K     9   39.10   39.09
c rst  geom best  vmt   147   38K    4671 16527  1653    3.01    2.92  1465  1317   30K     9   39.07   39.06
c rst  geom best  vmt   148   38K    4671 16527  1653    3.01    2.92  1466  1328   30K     9   39.07   39.06
c rst  geom best  vmt   149   38K    4671 16527  1653    3.01    2.92  1466  1339   30K     9   39.09   39.08
c rst  geom best  vmt   150   39K    4671 16527  1653    3.01    2.92  1468  1354   31K     9   39.03   39.02
c rst  geom best  vmt   151   39K    4671 16527  1653    3.01    2.92  1474  1368   31K     9   38.99   38.98
c rst  geom best  vmt   152   39K    4671 16527  1653    3.01    2.92  1474  1373   31K     9   39.03   39.02
c rst  geom best  vmt   153   39K    4671 16527  1653    3.01    2.92  1478  1385   31K     9   38.97   38.96
c rst  geom best  vmt   154   40K    4671 16527  1653    3.01    2.92  1727  1146   32K     9   38.88   38.87
c [full-probe]  bin_only: 0 set: 0 repl: 0 T: 0.01 T-out: N T-r: 95.92%
c [impl-str] lit bin: 0 set-var: 0 T: 0.00 T-out: N T-r: 99.95% w-visit: 9342
c [impl-sub] bin: 6 T: 0.00 T-out: N w-visit: 9342
c rst  geom best  vmt   155   40K    4671 16527  1653    3.01    2.92  1729  1153   32K     9   38.82   38.81
c rst  geom best  vmt   156   40K    4671 16527  1653    3.01    2.92  1731  1184   32K     9   38.76   38.75
c rst  geom best  vmt   157   41K    4671 16527  1653    3.01    2.92  1731  1189   33K     9   38.75   38.74
c rst  geom best  vmt   158   41K    4671 16527  1653    3.01    2.92  1735  1204   33K     9   38.68   38.67
c rst  geom best  vmt   159   41K    4671 16527  1653    3.01    2.92  1742  1223   33K     9   38.63   38.62
c rst  geom best  vmt   160   42K    4671 16527  1653    3.01    2.92  1746  1235   34K     9   38.53   38.52
c [branch] adjusting to: vsid (from: vmtf) var_decay:0.95 descr: VSIDS
c rst  geom best   vs   161   42K    4671 16527  1653    3.01    2.92  1747  1236   34K     9   38.51   38.50
c rst  geom best   vs   162   42K    4671 16527  1653    3.01    2.92  1747  1236   34K     9   38.48   38.48
c rst  geom best   vs   163   42K    4671 16527  1653    3.01    2.92  1747  1239   34K     9   38.45   38.44
c rst  geom best   vs   164   42K    4671 16527  1653    3.01    2.92  1748  1244   34K     9   38.41   38.40
c rst  geom best   vs   165   43K    4671 16527  1653    3.01    2.92  1748  1246   34K     9   38.38   38.37
c rst  geom best   vs   166   43K    4671 16527  1653    3.01    2.92  1748  1247   35K     9   38.33   38.32
c rst  geom best   vs   167   43K    4671 16527  1653    3.01    2.92  1748  1250   35K     9   38.30   38.29
c rst  geom  stb   vs   168   43K    4671 16527  1653    3.01    2.92  1754  1269   35K     9   38.38   38.37
c rst  geom  stb   vs   169   43K    4671 16527  1653    3.01    2.92  1757  1283   35K     9   38.37   38.36
c rst  geom  stb   vs   170   44K    4671 16527  1653    3.01    2.92  1765  1293   35K     9   38.36   38.35
c [ccnr] tries: 0 steps: 262143 best found: 15
c [ccnr] tries: 0 steps: 524287 best found: 15
c [ccnr] tries: 0 steps: 786431 best found: 15
c [ccnr] tries: 1 steps: 262143 best found: 15
c [ccnr] saving best assignment phase to stable_polar
c [ccnr] bumping based on clause weights
c [ccnr] Bumped vars: 101 bump type: 6
c [ccnr] time: 0.47
c rst  geom  stb   vs   171   44K    4671 16527  1653    3.01    2.92  1766  1303   36K     9   38.41   38.40
c rst  geom  stb   vs   172   44K    4671 16527  1653    3.01    2.92  1769  1322   36K     9   38.39   38.38
c rst  geom  stb   vs   173   45K    4671 16527  1653    3.01    2.92  1788  1812   30K     9   35.50   35.49
c rst  geom  stb   vs   174   45K    4671 16527  1653    3.01    2.92  1791  1822   30K     9   35.46   35.45
c rst  geom  stb   vs   175   45K    4671 16527  1653    3.01    2.92  1796  1830   30K     9   35.43   35.42
c rst  geom  stb   vs   176   46K    4671 16527  1653    3.01    2.92  1798  1834   31K     9   35.41   35.40
c rst  geom  stb   vs   177   46K    4671 16527  1653    3.01    2.92  1798  1842   31K     9   35.37   35.36
c rst  geom  stb   vs   178   47K    4671 16527  1653    3.01    2.92  1803  1845   32K     9   35.28   35.27
c rst  geom  stb   vs   179   48K    4671 16527  1653    3.01    2.92  1803  1847   32K     9   35.20   35.20
c rst  geom  stb   vs   180   48K    4671 16527  1653    3.01    2.92  1805  1859   33K     9   35.16   35.15
c rst  geom  stb   vs   181   49K    4671 16527  1653    3.01    2.92  1805  1860   34K     9   35.06   35.05
c rst  geom ibes   vs   182   50K    4671 16527  1653    3.01    2.92  1983  1691   35K     9   35.09   35.08
c [gauss] XOR-encoding clauses are not detached, so no need to reattach them.
c [scc] new: 7 BP 0M T: 0.00
c [vrep] vars 7 lits 70775 rem-bin-cls 32 rem-long-cls 203 BP 0M T: 0.03
c [scc] new: 0 BP 0M T: 0.00
c [vrep] vars 0 lits 0 rem-bin-cls 0 rem-long-cls 0 BP 0M T: 0.00
c [intree] Set 0 vars hyper-added: 830 trans-irred: 0 trans-red: 12 T: 0.00 T-out: N T-r: -1.18%
c [find&init matx] performing matrix init
c [gauss] XOR-encoding clauses are not detached, so no need to reattach them.
c [matrix] unused xors from cleaning: 0
c rst  geom ibes   vs   183   51K    4664 16527  1639    3.01    2.92  1988  1705   35K   823   34.85   34.17
c [distill-long-red0] cls tried: 518/518 T: 0.02 T-out: N T-r: 99.02%
c [distill-long-red1] cls tried: 59/1527 T: 0.00 T-out: Y T-r: -2.81%
c rst  geom ibes   vs   184   52K    4664 16527  1639    3.01    2.92  1995  1724   36K   823   34.68   34.03
c [distill] watch-based irred--  cl tried    33054 cl-sh     0 cl-rem    0 lit-rem      0 T: 0.00 T-out: N
c [distill] watch-based   red--  cl tried     3990 cl-sh   110 cl-rem    0 lit-rem    212 T: 0.00 T-out: N
c rst  geom ibes   vs   185   53K    4664 16527  1639    3.01    2.92  1997  1734   37K   823   34.72   34.08
c [branch] adjusting to: vmtf (from: vsid) var_decay:0.95 descr: VMTF
c [distill-bin] useful: 0/1639/1639 lits-rem: 0 cl-rem: 0 0-depth-assigns: 0 T: 0.01 T-out: N
c rst  luby ibes  vmt   186   53K    4664 16527  1639    3.01    2.92  2000  1744   37K   823   34.88   34.24
c rst  luby ibes  vmt   187   53K    4664 16527  1639    3.01    2.92  2001  1754   37K   823   34.88   34.25
c rst  luby ibes  vmt   188   53K    4664 16527  1639    3.01    2.92  2005  1783   38K   823   35.12   34.48
c rst  luby ibes  vmt   189   53K    4664 16527  1639    3.01    2.92  2006  1804   38K   823   35.18   34.54
c rst  luby ibes  vmt   190   53K    4664 16527  1639    3.01    2.92  2007  1816   38K   823   35.18   34.54
c rst  luby ibes  vmt   191   53K    4664 16527  1639    3.01    2.92  2007  1846   38K   823   35.50   34.86
c rst  luby ibes  vmt   192   54K    4664 16527  1639    3.01    2.92  2021  1899   38K   823   35.48   34.85
c rst  luby ibes  vmt   193   54K    4664 16527  1639    3.01    2.92  2021  1913   38K   823   35.54   34.91
c rst  luby ibes  vmt   194   54K    4664 16527  1639    3.01    2.92  2025  1922   38K   823   35.67   35.03
c rst  luby ibes  vmt   195   54K    4664 16527  1639    3.01    2.92  2027  1940   39K   823   35.62   35.00
c rst  luby ibes  vmt   196   54K    4664 16527  1639    3.01    2.92  2027  1944   39K   823   35.70   35.08
c rst  luby ibes  vmt   197   54K    4664 16527  1639    3.01    2.92  2028  1953   39K   823   35.76   35.13
c rst  luby ibes  vmt   198   55K    4664 16527  1639    3.01    2.92  2029  1962   39K   823   36.00   35.37
c rst  luby  svd  vmt   199   55K    4664 16527  1639    3.01    2.92  2029  1999   39K   823   36.36   35.73
c rst  luby  svd  vmt   200   56K    4664 16527  1639    3.01    2.92  2035  2039   40K   823   36.44   35.81
c recursive minimization cost OK: 421Kcost/(% lits removed)
c [gauss] XOR-encoding clauses are not detached, so no need to reattach them.
c --> Executing strategy token: scc-vrepl
c [scc] new: 0 BP 0M T: 0.00
c --> Executing strategy token: sub-impl
c [impl-sub] bin: 1 T: 0.00 T-out: N w-visit: 9342
c --> Executing strategy token: breakid
c --> Executing OCC strategy token(s): 'occ-backw-sub-str,occ-clean-implicit,occ-bve,occ-bva,occ-ternary-res,occ-xor,'
c [occ] mem usage for occur      1 MB
c [occ] Linked in IRRED BIN by default: 1639
c [occ] Linked in RED   BIN by default: 822
c [occ] mem usage for occur      0 MB
c Mem for watch alloc      : 4           MB (19.40     %)
c Mem for watch array      : 0           MB (1.14      %)
c --> Executing OCC strategy token: occ-backw-sub-str
c [occ-backw-sub-str-long-w-bins] subs: 0 str: 8 tried: 2462 0-depth ass: 0 T: 0.00 T-out: N T-r: 99.55%
c [occ-backw-sub-long-w-long] rem cl: 170 tried: 60990/60990 (100.0%) T: 0.00 T-out: N T-r: 98.01%
c [occ-backw-sub-str-long-w-long] sub: 1 str: 2 tried: 182970/60990 (300.0)  T: 0.04 T-out: N T-r: 91.81%
c --> Executing OCC strategy token: occ-clean-implicit
c --> Executing OCC strategy token: occ-bve
c [occ-empty-res] Empty resolvent elimed: 0 T: 0.00 T-out: N
c [occ-bve] iter v-elim 2113
c cl_inc_rate=1.0, var_dec_rate=1.8 (grow=0)
c Reduced to 2551 vars, 18021 cls (grow=0)
c [occ-bve] iter v-elim 105
c cl_inc_rate=1.0, var_dec_rate=1.0 (grow=8)
c Reduced to 2446 vars, 18449 cls (grow=8)
c x n vars       : 2446
c #try to eliminate: 10038
c #var-elim        :  2218
c #T-o: N
c #T-r: 99.98%
c #T  : 0.08
c [occur] 0.02 is overhead
c [occur] link-in T: 0.02 cleanup T: 0.00
c --> Executing OCC strategy token: occ-bva
c --> Executing OCC strategy token: occ-ternary-res
c [occ-ternary-res] Ternary res-tri: 274 res-bin: 0 sub: 11 str: 0 T: 0.00 T-out: N T-r: 99.11%
c --> Executing OCC strategy token: occ-xor
c [occ-xor] sort occur list T: 0.00
c [xor-clean-equiv] removed equivalent xors: 0 left with: 1794
c [occ-xor] found   1794 avg sz 4.0 min sz  4 max sz  5 T: 0.00 T-out: N T-r: 99.98%
c --> Executing strategy token: card-find
c --> Executing strategy token: cl-consolidate
c [mem] consolidate  old-sz: 10864K new-sz: 2630K new bits offs: 19 T: 0.00
c --> Executing strategy token: scc-vrepl
c [scc] new: 0 BP 0M T: 0.00
c --> Executing strategy token: renumber
c [gauss] XOR-encoding clauses are not detached, so no need to reattach them.
c [renumber] T: 0.00
c --> Executing strategy token: bosphorus
c --> Executing strategy token: louvain-comms
c [consolidate] mini T: 0.00
c global_timeout_multiplier: 3.3000
c [branch] rebuilding order heap for all branchings. Current branching: vmtf
c [find&init matx] performing matrix init
c [gauss] XOR-encoding clauses are not detached, so no need to reattach them.
c [xor-rem-unconnected] left with 1794 xors from 1794 non-empty xors T: 0.00
c [xor-together] xored together: 1748 orig xors: 1794 new xors: 46 T: 0.00
c [xor-rem-unconnected] left with 46 xors from 46 non-empty xors T: 0.00
c [xor-clean-equiv] removed equivalent xors: 0 left with: 46
c [matrix] unused xors from cleaning: 0
c [matrix] Good   matrix  0     46 x  466  density:0.1741  xorlen avg: 81.11
c [matrix] Using 1 matrices recovered from 0 xors T: 0.00 T-out: N
c rst  luby  svd  vmt   201   56K    2446 17638   811    4.01    3.92   691   545 13513    83   24.93   24.80
c rst  luby  svd  vmt   202   56K    2446 17638   811    4.01    3.92   691   545 13615    83   24.94   24.81
c rst  luby  svd  vmt   203   56K    2446 17638   811    4.01    3.92   692   545 13716    83   24.88   24.75
c rst  luby  svd  vmt   204   56K    2446 17638   811    4.01    3.92   692   545 13917    83   24.79   24.66
c rst  luby  svd  vmt   205   56K    2446 17638   811    4.01    3.92   692   546 14017    83   24.74   24.61
c rst  luby  svd  vmt   206   56K    2446 17638   811    4.01    3.92   693   547 14117    83   24.70   24.58
c [g  <0] Disabling GJ-elim in this round.  Usefulness was: 17.8822%  over 72983 calls
c rst  luby  svd  vmt   207   57K    2446 17638   811    4.01    3.92   694   554 14310    83   24.73   24.61
c rst  luby  svd  vmt   208   57K    2446 17638   811    4.01    3.92   697   574 14689    83   24.63   24.51
c rst  luby  svd  vmt   209   57K    2446 17638   811    4.01    3.92   697   576 14789    83   24.60   24.48
c rst  luby  svd  vmt   210   57K    2446 17638   811    4.01    3.92   698   576 14891    83   24.61   24.50
c rst  luby  svd  vmt   211   57K    2446 17638   811    4.01    3.92   704   596 15068    83   24.86   24.75
c rst  luby  svd  vmt   212   58K    2446 17638   811    4.01    3.92   704   600 15166    83   24.92   24.81
c rst  luby  svd  vmt   213   58K    2446 17638   811    4.01    3.92   704   600 15267    83   24.88   24.76
c rst  luby  svd  vmt   214   58K    2446 17638   811    4.01    3.92   704   601 15467    83   24.81   24.69
c rst  luby  svd  vmt   215   58K    2446 17638   811    4.01    3.92   704   602 15867    83   24.78   24.67
c rst  luby  svd  vmt   216   59K    2446 17638   811    4.01    3.92   706   616 16653    83   24.62   24.52
c rst  luby  svd  vmt   217   61K    2446 17638   811    4.01    3.92   797   638 16216    83   23.33   23.23
c [full-probe]  bin_only: 1 set: 0 repl: 0 T: 0.00 T-out: N T-r: 99.74%
c rst  geom best  vmt   218   61K    2446 17638   811    4.01    3.92   797   640 16326    83   23.32   23.22
c rst  geom best  vmt   219   61K    2446 17638   811    4.01    3.92   797   640 16449    83   23.30   23.20
c rst  geom best  vmt   220   61K    2446 17638   811    4.01    3.92   797   644 16579    83   23.30   23.20
c rst  geom best  vmt   221   61K    2446 17638   811    4.01    3.92   799   654 16715    83   23.26   23.16
c rst  geom best  vmt   222   61K    2446 17638   811    4.01    3.92   799   661 16869    83   23.31   23.21
c rst  geom best  vmt   223   61K    2446 17638   811    4.01    3.92   799   663 17045    83   23.33   23.24
c rst  geom best  vmt   224   62K    2446 17638   811    4.01    3.92   799   666 17236    83   23.31   23.21
c rst  geom best  vmt   225   62K    2446 17638   811    4.01    3.92   799   667 17449    83   23.25   23.15
c rst  geom best  vmt   226   62K    2446 17638   811    4.01    3.92   800   668 17682    83   23.18   23.09
c rst  geom best  vmt   227   62K    2446 17638   811    4.01    3.92   800   672 17936    83   23.24   23.15
c rst  geom best  vmt   228   63K    2446 17638   811    4.01    3.92   800   676 18214    83   23.18   23.09
c [branch] adjusting to: vsid (from: vmtf) var_decay:0.95 descr: VSIDS
c rst  geom best   vs   229   63K    2446 17638   811    4.01    3.92   801   677 18323    83   23.35   23.26
c rst  geom best   vs   230   63K    2446 17638   811    4.01    3.92   802   687 18434    83   23.41   23.32
c rst  geom best   vs   231   63K    2446 17638   811    4.01    3.92   803   696 18560    83   23.54   23.45
c rst  geom best   vs   232   63K    2446 17638   811    4.01    3.92   804   709 18693    83   23.68   23.59
c rst  geom best   vs   233   63K    2446 17638   811    4.01    3.92   805   717 18846    83   23.81   23.72
c rst  geom best   vs   234   64K    2446 17638   811    4.01    3.92   807   726 19012    83   23.89   23.80
c rst  geom best   vs   235   64K    2446 17638   811    4.01    3.92   807   727 19206    83   24.06   23.97
c rst  geom best   vs   236   64K    2446 17638   811    4.01    3.92   809   736 19409    83   24.15   24.07
c rst  geom best   vs   237   64K    2446 17638   811    4.01    3.92   813   738 19637    83   24.34   24.25
c rst  geom best   vs   238   64K    2446 17638   811    4.01    3.92   814   749 19884    83   24.42   24.33
c rst  geom best   vs   239   65K    2446 17638   811    4.01    3.92   816   762   20K    83   24.57   24.48
c rst  geom best   vs   240   65K    2446 17638   811    4.01    3.92   820   773   20K    83   24.60   24.51
c rst  geom best   vs   241   65K    2446 17638   811    4.01    3.92   821   780   20K    83   24.83   24.75
c rst  geom best   vs   242   66K    2446 17638   811    4.01    3.92   822   787   21K    83   24.97   24.89
c [distill-long-red0] cls tried: 376/376 T: 0.01 T-out: N T-r: 99.46%
c [distill-long-red1] cls tried: 102/500 T: 0.01 T-out: Y T-r: -1.08%
c rst  geom best   vs   243   66K    2446 17638   811    4.01    3.92   822   789   21K    83   25.17   25.09
c rst  geom best   vs   244   67K    2446 17638   811    4.01    3.92   823   798   21K    83   25.40   25.32
c rst  geom  stb   vs   245   67K    2446 17638   811    4.01    3.92   823   819   22K    83   25.61   25.53
c rst  geom  stb   vs   246   68K    2446 17638   811    4.01    3.92   824   831   22K    83   25.78   25.70
c rst  geom  stb   vs   247   68K    2446 17638   811    4.01    3.92   824   854   23K    83   25.97   25.89
c rst  geom  stb   vs   248   69K    2446 17638   811    4.01    3.92   824   868   24K    83   26.27   26.19
c rst  geom  stb   vs   249   70K    2446 17638   811    4.01    3.92   999   707   24K    83   26.44   26.37
c rst  geom  stb   vs   250   70K    2446 17638   811    4.01    3.92  1003   717   25K    83   26.73   26.65
c rst  geom  stb   vs   251   71K    2446 17638   811    4.01    3.92  1009   727   26K    83   26.89   26.82
c rst  geom  stb   vs   252   72K    2446 17638   811    4.01    3.92  1010   733   27K    83   27.19   27.12
c rst  geom  stb   vs   253   73K    2446 17638   811    4.01    3.92  1015   750   28K    83   27.35   27.28
c [distill-bin] useful: 0/811/811 lits-rem: 0 cl-rem: 0 0-depth-assigns: 0 T: 0.00 T-out: N
c rst  geom ibes   vs   254   74K    2446 17638   811    4.01    3.92  1020   778   29K    83   27.72   27.66
c [branch] adjusting to: vmtf (from: vsid) var_decay:0.95 descr: VMTF
c rst  luby ibes  vmt   255   75K    2446 17638   811    4.01    3.92  1049  1079   27K    83   27.13   27.06
c rst  luby ibes  vmt   256   75K    2446 17638   811    4.01    3.92  1051  1081   27K    83   27.17   27.10
c rst  luby ibes  vmt   257   75K    2446 17638   811    4.01    3.92  1052  1090   27K    83   27.13   27.06
c rst  luby ibes  vmt   258   75K    2446 17638   811    4.01    3.92  1054  1095   27K    83   27.17   27.10
c rst  luby ibes  vmt   259   75K    2446 17638   811    4.01    3.92  1057  1097   27K    83   27.21   27.14
c rst  luby ibes  vmt   260   75K    2446 17638   811    4.01    3.92  1057  1097   28K    83   27.14   27.07
c rst  luby ibes  vmt   261   76K    2446 17638   811    4.01    3.92  1059  1103   28K    83   27.05   26.98
c rst  luby ibes  vmt   262   76K    2446 17638   811    4.01    3.92  1059  1106   28K    83   27.08   27.01
c rst  luby ibes  vmt   263   76K    2446 17638   811    4.01    3.92  1059  1107   28K    83   27.06   27.00
c rst  luby ibes  vmt   264   76K    2446 17638   811    4.01    3.92  1061  1108   28K    84   27.11   27.05
c rst  luby ibes  vmt   265   76K    2446 17638   811    4.01    3.92  1062  1129   28K    84   27.07   27.01
c rst  luby ibes  vmt   266   76K    2446 17638   811    4.01    3.92  1062  1132   29K    84   27.06   26.99
c rst  luby ibes  vmt   267   76K    2446 17638   811    4.01    3.92  1062  1133   29K    84   27.06   26.99
c rst  luby ibes  vmt   268   77K    2446 17638   811    4.01    3.92  1062  1135   29K    84   26.91   26.85
c [distill] watch-based irred--  cl tried     5756 cl-sh     0 cl-rem    0 lit-rem      0 T: 0.00 T-out: N
c [distill] watch-based   red--  cl tried     2124 cl-sh    99 cl-rem    0 lit-rem    244 T: 0.00 T-out: N
c rst  luby ibes  vmt   269   78K    2446 17638   811    4.01    3.92  1063  1141   30K    84   26.73   26.67
c rst  luby ibes  vmt   270   78K    2446 17638   811    4.01    3.92  1063  1144   30K    84   26.72   26.65
c rst  luby ibes  vmt   271   78K    2446 17638   811    4.01    3.92  1063  1144   30K    84   26.71   26.64
c rst  luby ibes  vmt   272   78K    2446 17638   811    4.01    3.92  1065  1153   30K    84   26.67   26.61
c rst  luby ibes  vmt   273   78K    2446 17638   811    4.01    3.92  1065  1156   30K    84   26.65   26.59
c rst  luby ibes  vmt   274   78K    2446 17638   811    4.01    3.92  1065  1160   30K    84   26.65   26.59
c rst  luby ibes  vmt   275   78K    2446 17638   811    4.01    3.92  1065  1166   31K    84   26.68   26.61
c rst  luby ibes  vmt   276   79K    2446 17638   811    4.01    3.92  1066  1176   31K    84   26.73   26.67
c rst  luby ibes  vmt   277   79K    2446 17638   811    4.01    3.92  1066  1181   31K    84   26.71   26.64
c rst  luby ibes  vmt   278   79K    2446 17638   811    4.01    3.92  1067  1181   31K    84   26.69   26.63
c rst  luby  svd  vmt   279   79K    2446 17638   811    4.01    3.92  1067  1182   31K    84   26.67   26.61
c rst  luby  svd  vmt   280   79K    2446 17638   811    4.01    3.92  1067  1183   32K    84   26.64   26.58
c rst  luby  svd  vmt   281   79K    2446 17638   811    4.01    3.92  1067  1185   32K    84   26.61   26.55
c rst  luby  svd  vmt   282   80K    2446 17638   811    4.01    3.92  1332   919   32K    84   26.57   26.51
c rst  luby  svd  vmt   283   80K    2446 17638   811    4.01    3.92  1332   919   32K    84   26.44   26.38
c rst  luby  svd  vmt   284   81K    2446 17638   811    4.01    3.92  1332   932   33K    84   26.22   26.17
c [distill-long-red0] cls tried: 512/512 T: 0.02 T-out: N T-r: 98.91%
c [distill-long-red1] cls tried: 45/558 T: 0.01 T-out: Y T-r: -4.82%
c [full-probe]  bin_only: 0 set: 0 repl: 0 T: 0.01 T-out: N T-r: 96.54%
c rst  luby  svd  vmt   285   82K    2446 17638   811    4.01    3.92  1334   957   35K    86   25.97   25.91
c rst  luby  svd  vmt   286   83K    2446 17638   811    4.01    3.92  1335   957   35K    86   25.95   25.90
c rst  luby  svd  vmt   287   83K    2446 17638   811    4.01    3.92  1335   957   35K    86   25.94   25.88
c rst  luby  svd  vmt   288   83K    2446 17638   811    4.01    3.92  1335   960   35K    86   25.90   25.85
c rst  luby  svd  vmt   289   83K    2446 17638   811    4.01    3.92  1335   963   35K    86   25.88   25.82
c rst  luby  svd  vmt   290   83K    2446 17638   811    4.01    3.92  1335   964   35K    86   25.86   25.80
c rst  luby  svd  vmt   291   83K    2446 17638   811    4.01    3.92  1335   964   35K    86   25.83   25.77
c rst  luby  svd  vmt   292   84K    2446 17638   811    4.01    3.92  1335   969   36K    86   25.79   25.74
c rst  luby  svd  vmt   293   84K    2446 17638   811    4.01    3.92  1335   971   36K    86   25.78   25.72
c rst  luby  svd  vmt   294   84K    2446 17638   811    4.01    3.92  1335   972   36K    86   25.77   25.71
c rst  luby  svd  vmt   295   84K    2446 17638   811    4.01    3.92  1335   981   36K    86   25.74   25.68
c rst  luby  svd  vmt   296   84K    2446 17638   811    4.01    3.92  1335   981   36K    86   25.73   25.68
c rst  luby  svd  vmt   297   84K    2446 17638   811    4.01    3.92  1336   983   36K    86   25.73   25.68
c rst  luby  svd  vmt   298   84K    2446 17638   811    4.01    3.92  1338   986   37K    86   25.75   25.70
c rst  luby  svd  vmt   299   85K    2446 17638   811    4.01    3.92  1338   997   37K    86   25.66   25.61
c rst  luby  svd  vmt   300   86K    2446 17638   811    4.01    3.92  1340  1005   38K    86   25.54   25.49
c rst  geom best  vmt   301   86K    2446 17638   811    4.01    3.92  1340  1008   38K    86   25.53   25.48
c rst  geom best  vmt   302   86K    2446 17638   811    4.01    3.92  1340  1009   38K    86   25.51   25.46
c rst  geom best  vmt   303   86K    2446 17638   811    4.01    3.92  1340  1011   38K    86   25.50   25.46
c rst  geom best  vmt   304   86K    2446 17638   811    4.01    3.92  1340  1017   38K    86   25.49   25.44
c rst  geom best  vmt   305   86K    2446 17638   811    4.01    3.92  1340  1019   38K    86   25.47   25.42
c rst  geom best  vmt   306   87K    2446 17638   811    4.01    3.92  1340  1020   39K    86   25.43   25.38
c rst  geom best  vmt   307   87K    2446 17638   811    4.01    3.92  1340  1021   39K    86   25.39   25.34
c rst  geom best  vmt   308   87K    2446 17638   811    4.01    3.92  1340  1023   39K    86   25.36   25.31
c rst  geom best  vmt   309   87K    2446 17638   811    4.01    3.92  1341  1024   39K    86   25.31   25.26
c [branch] adjusting to: vsid (from: vmtf) var_decay:0.95 descr: VSIDS
c rst  geom best   vs   310   87K    2446 17638   811    4.01    3.92  1343  1030   39K    86   25.37   25.32
c rst  geom best   vs   311   87K    2446 17638   811    4.01    3.92  1344  1034   40K    86   25.39   25.34
c rst  geom best   vs   312   88K    2446 17638   811    4.01    3.92  1344  1042   40K    86   25.43   25.39
c rst  geom best   vs   313   88K    2446 17638   811    4.01    3.92  1345  1046   40K    86   25.48   25.43
c [ccnr] tries: 0 steps: 262143 best found: 11
c [ccnr] tries: 0 steps: 524287 best found: 11
c [ccnr] tries: 0 steps: 786431 best found: 11
c [ccnr] saving best assignment phase to stable_polar
c [ccnr] bumping based on var unsat frequency: conflict_ct
c [ccnr] Bumped vars: 2446 bump type: 6
c [ccnr] time: 0.39
c rst  geom best   vs   314   88K    2446 17638   811    4.01    3.92  1346  1048   40K    86   25.53   25.48
c rst  geom best   vs   315   88K    2446 17638   811    4.01    3.92  1347  1055   40K    86   25.57   25.52
c rst  geom best   vs   316   88K    2446 17638   811    4.01    3.92  1347  1070   40K    86   25.62   25.57
c rst  geom best   vs   317   88K    2446 17638   811    4.01    3.92  1351  1080   40K    86   25.66   25.61
c rst  geom best   vs   318   89K    2446 17638   811    4.01    3.92  1354  1090   41K    86   25.75   25.70
c rst  geom best   vs   319   89K    2446 17638   811    4.01    3.92  1354  1096   41K    86   25.79   25.74
c rst  geom best   vs   320   89K    2446 17638   811    4.01    3.92  1358  1118   41K    86   25.83   25.78
c rst  geom best   vs   321   90K    2446 17638   811    4.01    3.92  1665  1326   32K    86   26.30   26.24
c rst  geom best   vs   322   90K    2446 17638   811    4.01    3.92  1667  1333   33K    86   26.50   26.44
c rst  geom best   vs   323   90K    2446 17638   811    4.01    3.92  1668  1341   33K    86   26.56   26.51
c rst  geom best   vs   324   91K    2446 17638   811    4.01    3.92  1669  1346   33K    86   26.78   26.72
c rst  geom best   vs   325   91K    2446 17638   811    4.01    3.92  1672  1364   34K    86   26.83   26.78
c rst  geom best   vs   326   92K    2446 17638   811    4.01    3.92  1674  1384   34K    86   26.93   26.87
c rst  geom  stb   vs   327   92K    2446 17638   811    4.01    3.92  1677  1412   35K    86   27.17   27.12
c rst  geom  stb   vs   328   93K    2446 17638   811    4.01    3.92  1679  1425   35K    86   27.25   27.20
c rst  geom  stb   vs   329   93K    2446 17638   811    4.01    3.92  1679  1438   36K    86   27.32   27.27
c [distill-bin] useful: 0/811/811 lits-rem: 0 cl-rem: 0 0-depth-assigns: 0 T: 0.00 T-out: N
c rst  geom  stb   vs   330   94K    2446 17638   811    4.01    3.92  1679  1444   37K    86   27.35   27.30
c rst  geom  stb   vs   331   95K    2446 17638   811    4.01    3.92  1682  1460   37K    86   27.46   27.40
c rst  geom  stb   vs   332   96K    2446 17638   811    4.01    3.92  1684  1473   38K    86   27.69   27.64
c rst  geom  stb   vs   333   97K    2446 17638   811    4.01    3.92  1687  1486   39K    86   27.83   27.78
c [distill-long-red0] cls tried: 345/345 T: 0.02 T-out: N T-r: 99.01%
c [distill-long-red1] cls tried: 36/1081 T: 0.01 T-out: Y T-r: -3.36%
c rst  geom  stb   vs   334   98K    2446 17638   811    4.01    3.92  1688  1495   40K    86   27.87   27.82
c rst  geom ibes   vs   335   99K    2446 17638   811    4.01    3.92  1690  1512   41K    86   28.11   28.06
c rst  geom ibes   vs   336  100K    2446 17638   811    4.01    3.92  1802  1421   43K    86   28.17   28.12
c [impl-str] lit bin: 0 set-var: 0 T: 0.00 T-out: N T-r: 99.95% w-visit: 4892
c [impl-sub] bin: 3 T: 0.00 T-out: N w-visit: 4892
c rst  geom ibes   vs   337  102K    2446 17638   811    4.01    3.92  1805  1440   44K    83   28.26   28.21
c [branch] adjusting to: vmtf (from: vsid) var_decay:0.95 descr: VMTF
c [full-probe]  bin_only: 1 set: 0 repl: 0 T: 0.00 T-out: N T-r: 99.72%
c rst  luby ibes  vmt   338  102K    2446 17638   811    4.01    3.92  1810  1466   44K    86   28.24   28.20
c rst  luby ibes  vmt   339  102K    2446 17638   811    4.01    3.92  1818  1502   44K    86   28.22   28.17
c [distill] watch-based irred--  cl tried     5756 cl-sh     0 cl-rem    0 lit-rem      0 T: 0.01 T-out: N
c [distill] watch-based   red--  cl tried     3636 cl-sh    98 cl-rem    0 lit-rem    178 T: 0.00 T-out: N
c rst  luby ibes  vmt   340  102K    2446 17638   811    4.01    3.92  1818  1510   44K    86   28.23   28.19
c rst  luby ibes  vmt   341  102K    2446 17638   811    4.01    3.92  1818  1516   45K    86   28.25   28.20
c rst  luby ibes  vmt   342  102K    2446 17638   811    4.01    3.92  1819  1519   45K    86   28.26   28.21
c rst  luby ibes  vmt   343  102K    2446 17638   811    4.01    3.92  1819  1525   45K    86   28.28   28.23
c rst  luby ibes  vmt   344  103K    2446 17638   811    4.01    3.92  1819  1541   45K    86   28.31   28.27
c rst  luby ibes  vmt   345  103K    2446 17638   811    4.01    3.92  1819  1541   45K    86   28.32   28.27
c rst  luby ibes  vmt   346  103K    2446 17638   811    4.01    3.92  1821  1546   45K    86   28.32   28.27
c rst  luby ibes  vmt   347  103K    2446 17638   811    4.01    3.92  1821  1550   46K    86   28.35   28.30
c rst  luby ibes  vmt   348  103K    2446 17638   811    4.01    3.92  1822  1553   46K    86   28.36   28.31
c rst  luby ibes  vmt   349  103K    2446 17638   811    4.01    3.92  1823  1556   46K    86   28.37   28.33
c rst  luby ibes  vmt   350  104K    2446 17638   811    4.01    3.92  1824  1560   46K    86   28.42   28.38
c rst  luby ibes  vmt   351  104K    2446 17638   811    4.01    3.92  1824  1572   46K    86   28.44   28.39
c rst  luby  svd  vmt   352  105K    2446 17638   811    4.01    3.92  1844  1983   35K    86   28.35   28.29
c rst  luby  svd  vmt   353  105K    2446 17638   811    4.01    3.92  1844  1988   35K    86   28.35   28.29
c rst  luby  svd  vmt   354  105K    2446 17638   811    4.01    3.92  1846  1994   35K    86   28.36   28.30
c rst  luby  svd  vmt   355  105K    2446 17638   811    4.01    3.92  1846  2009   35K    86   28.38   28.32
c rst  luby  svd  vmt   356  105K    2446 17638   811    4.01    3.92  1846  2013   35K    86   28.39   28.33
c rst  luby  svd  vmt   357  105K    2446 17638   811    4.01    3.92  1846  2017   35K    86   28.40   28.34
c rst  luby  svd  vmt   358  106K    2446 17638   811    4.01    3.92  1847  2025   35K    86   28.43   28.37
c rst  luby  svd  vmt   359  106K    2446 17638   811    4.01    3.92  1852  2053   36K    86   28.62   28.56
c rst  luby  svd  vmt   360  106K    2446 17638   811    4.01    3.92  1852  2061   36K    86   28.62   28.57
c rst  luby  svd  vmt   361  106K    2446 17638   811    4.01    3.92  1853  2067   36K    86   28.63   28.58
c rst  luby  svd  vmt   362  106K    2446 17638   811    4.01    3.92  1855  2076   36K    86   28.63   28.58
c rst  luby  svd  vmt   363  107K    2446 17638   811    4.01    3.92  1857  2086   36K    86   28.67   28.61
c rst  luby  svd  vmt   364  107K    2446 17638   811    4.01    3.92  1858  2088   36K    86   28.68   28.62
c rst  luby  svd  vmt   365  107K    2446 17638   811    4.01    3.92  1858  2102   37K    86   28.68   28.62
c rst  luby  svd  vmt   366  107K    2446 17638   811    4.01    3.92  1860  2125   37K    86   28.72   28.67
c rst  luby  svd  vmt   367  108K    2446 17638   811    4.01    3.92  1866  2153   38K    86   28.81   28.75
c rst  luby  svd  vmt   368  110K    2446 17638   811    4.01    3.92  2145  1892   39K    86   28.93   28.88
c rst  luby  svd  vmt   369  110K    2446 17638   811    4.01    3.92  2145  1893   39K    86   28.93   28.88
c rst  luby  svd  vmt   370  110K    2446 17638   811    4.01    3.92  2147  1896   40K    86   28.93   28.88
c rst  luby  svd  vmt   371  110K    2446 17638   811    4.01    3.92  2149  1905   40K    86   28.95   28.90
c rst  luby  svd  vmt   372  110K    2446 17638   811    4.01    3.92  2149  1912   40K    86   28.97   28.91
c rst  geom best  vmt   373  110K    2446 17638   811    4.01    3.92  2150  1921   40K    86   28.99   28.94
c rst  geom best  vmt   374  110K    2446 17638   811    4.01    3.92  2150  1927   40K    86   29.00   28.95
c rst  geom best  vmt   375  111K    2446 17638   811    4.01    3.92  2150  1935   40K    86   29.01   28.96
c rst  geom best  vmt   376  111K    2446 17638   811    4.01    3.92  2150  1942   40K    86   29.04   28.99
c rst  geom best  vmt   377  111K    2446 17638   811    4.01    3.92  2151  1949   40K    86   29.04   28.98
c rst  geom best  vmt   378  111K    2446 17638   811    4.01    3.92  2152  1962   41K    86   29.03   28.98
c rst  geom best  vmt   379  111K    2446 17638   811    4.01    3.92  2154  1967   41K    86   29.06   29.01
c rst  geom best  vmt   380  111K    2446 17638   811    4.01    3.92  2154  1971   41K    86   29.07   29.02
c rst  geom best  vmt   381  112K    2446 17638   811    4.01    3.92  2158  1991   41K    86   29.11   29.06
c rst  geom best  vmt   382  112K    2446 17638   811    4.01    3.92  2158  1999   41K    86   29.15   29.10
c [distill-long-red0] cls tried: 504/504 T: 0.02 T-out: N T-r: 99.25%
c [distill-long-red1] cls tried: 47/1565 T: 0.01 T-out: Y T-r: -2.66%
c rst  geom best  vmt   383  112K    2446 17638   811    4.01    3.92  2158  2009   42K    86   29.19   29.14
c rst  geom best  vmt   384  113K    2446 17638   811    4.01    3.92  2158  2014   42K    86   29.22   29.17
c rst  geom best  vmt   385  113K    2446 17638   811    4.01    3.92  2159  2025   42K    86   29.30   29.25
c rst  geom best  vmt   386  113K    2446 17638   811    4.01    3.92  2163  2036   43K    86   29.36   29.31
c rst  geom best  vmt   387  114K    2446 17638   811    4.01    3.92  2166  2041   43K    86   29.43   29.38
c [distill-bin] useful: 0/811/811 lits-rem: 0 cl-rem: 0 0-depth-assigns: 0 T: 0.01 T-out: N
c rst  geom best  vmt   388  114K    2446 17638   811    4.01    3.92  2167  2071   44K    86   29.49   29.44
c rst  geom best  vmt   389  115K    2446 17638   811    4.01    3.92  2169  2083   44K    86   29.57   29.53
c rst  geom best  vmt   390  115K    2446 17638   811    4.01    3.92  2170  2103   45K    86   29.76   29.71
c [gauss] XOR-encoding clauses are not detached, so no need to reattach them.
c [g 0] truth-find prop checks  : 55K
c [g 0] -> of which prop        : 19.83 %
c [g 0] -> of which confl       :  1.24 %
c [g 0] elim called             : 8466
c [g 0] ---> which lead to prop : 16.06 %
c [g 0] ---> which lead to confl:  0.44 %
c [g 0] size: 46    x 466  
c [scc] new: 1 BP 0M T: 0.00
c [vrep] vars 1 lits 9264 rem-bin-cls 6 rem-long-cls 0 BP 0M T: 0.01
c [scc] new: 0 BP 0M T: 0.00
c [vrep] vars 0 lits 0 rem-bin-cls 0 rem-long-cls 0 BP 0M T: 0.00
c [intree] Set 0 vars hyper-added: 1 trans-irred: 0 trans-red: 1 T: 0.01 T-out: N T-r: -2.23%
c [find&init matx] performing matrix init
c [gauss] XOR-encoding clauses are not detached, so no need to reattach them.
c [xor-rem-unconnected] left with 1794 xors from 1794 non-empty xors T: 0.00
c [xor-together] xored together: 1745 orig xors: 1794 new xors: 49 T: 0.00
c [xor-rem-unconnected] left with 49 xors from 49 non-empty xors T: 0.00
c [xor-clean-equiv] removed equivalent xors: 0 left with: 49
c [matrix] unused xors from cleaning: 0
c [matrix] Good   matrix 0 49      x468    density:0.1630  xorlen avg: 76.27
c [matrix] Using 1 matrices recovered from 0 xors T: 0.00 T-out: N
c rst  geom best vmt  391   116 K 2445    17638   811 4.01    3.92     2170  2106   45K    82 29.92   29.88  
c rst  geom best vmt  392   116 K 2445    17638   811 4.01    3.92     2171  2108   46K    82 29.97   29.92  
c rst  geom stb  vmt  393   117 K 2445    17638   811 4.01    3.92     2173  2112   47K    82 30.07   30.03  
c [branch] adjusting to: vsid (from: vmtf) var_decay:0.95 descr: VSIDS
c rst  geom stb  vs   394   117 K 2445    17638   811 4.01    3.92     2173  2112   47K    82 30.08   30.04  
c rst  geom stb  vs   395   117 K 2445    17638   811 4.01    3.92     2173  2114   47K    82 30.09   30.05  
c rst  geom stb  vs   396   118 K 2445    17638   811 4.01    3.92     2173  2114   47K    82 30.11   30.07  
c rst  geom stb  vs   397   118 K 2445    17638   811 4.01    3.92     2173  2114   47K    82 30.13   30.08  
c rst  geom stb  vs   398   118 K 2445    17638   811 4.01    3.92     2173  2114   47K    82 30.16   30.11  
c rst  geom stb  vs   399   118 K 2445    17638   811 4.01    3.92     2174  2115   47K    82 30.20   30.15  
c rst  geom stb  vs   400   118 K 2445    17638   811 4.01    3.92     2174  2115   48K    82 30.21   30.17  
c rst  geom stb  vs   401   118 K 2445    17638   811 4.01    3.92     2174  2116   48K    82 30.24   30.20  
c rst  geom stb  vs   402   119 K 2445    17638   811 4.01    3.92     2174  2116   48K    82 30.24   30.20  
c rst  geom stb  vs   403   119 K 2445    17638   811 4.01    3.92     2174  2116   48K    82 30.31   30.27  
c rst  geom stb  vs   404   119 K 2445    17638   811 4.01    3.92     2174  2116   49K    82 30.34   30.30  
c rst  geom stb  vs   405   119 K 2445    17638   811 4.01    3.92     2174  2116   49K    82 30.32   30.28  
c rst  geom stb  vs   406   120 K 2445    17638   811 4.01    3.92     2362  2506   36K    82 30.95   30.89  
c rst  geom stb  vs   407   120 K 2445    17638   811 4.01    3.92     2362  2506   36K    82 30.99   30.93  
c rst  geom stb  vs   408   121 K 2445    17638   811 4.01    3.92     2362  2507   36K    82 31.06   31.00  
c rst  geom stb  vs   409   121 K 2445    17638   811 4.01    3.92     2363  2509   37K    82 31.12   31.07  
c rst  geom stb  vs   410   122 K 2445    17638   811 4.01    3.92     2363  2509   37K    82 31.28   31.23  
c rst  geom stb  vs   411   122 K 2445    17638   811 4.01    3.92     2365  2509   38K    82 31.40   31.34  
c [full-probe]  bin_only: 0 set: 0 repl: 0 T: 0.00 T-out: N T-r: 96.74%
c rst  geom stb  vs   412   123 K 2445    17638   811 4.01    3.92     2365  2510   38K    84 31.58   31.52  
c rst  geom ibes vs   413   123 K 2445    17638   811 4.01    3.92     2365  2514   39K    84 31.69   31.63  
c rst  geom ibes vs   414   124 K 2445    17638   811 4.01    3.92     2365  2516   40K    84 31.56   31.50  
c rst  geom ibes vs   415   125 K 2445    17638   811 4.01    3.92     2365  2521   41K    84 31.63   31.57  
c rst  geom ibes vs   416   126 K 2445    17638   811 4.01    3.92     2367  2527   41K    84 31.69   31.63  
c rst  geom ibes vs   417   127 K 2445    17638   811 4.01    3.92     2367  2528   42K    84 31.72   31.67  
c rst  geom ibes vs   418   128 K 2445    17638   811 4.01    3.92     2367  2534   43K    84 31.78   31.73  
c [distill-long-red0] cls tried: 209/209 T: 0.01 T-out: N T-r: 99.55%
c [distill-long-red1] cls tried: 46/2057 T: 0.01 T-out: Y T-r: -3.65%
c [distill] watch-based irred--  cl tried 5756     cl-sh 0     cl-rem 0    lit-rem 0      T: 0.00 T-out: N
c [distill] watch-based red  --  cl tried 4734     cl-sh 77    cl-rem 0    lit-rem 114    T: 0.00 T-out: N
c rst  geom ibes vs   419   129 K 2445    17638   811 4.01    3.92     2368  2544   45K    84 31.97   31.92  
c rst  geom ibes vs   420   130 K 2445    17638   811 4.01    3.92     2411  2483   46K    84 32.06   32.02  
c rst  geom svd  vs   421   132 K 2445    17638   811 4.01    3.92     2411  2488   47K    84 32.21   32.16  
c rst  geom svd  vs   422   133 K 2445    17638   811 4.01    3.92     2411  2488   49K    84 32.28   32.23  
c [ccnr] tries: 0 steps: 262143 best found: 12
c [ccnr] tries: 0 steps: 524287 best found: 12
c [ccnr] tries: 0 steps: 786431 best found: 12
c [ccnr] saving best assignment phase to stable_polar
c [ccnr] bumping based on var unsat frequency: conflict_ct
c [ccnr] Bumped vars: 2446 bump type: 6
c [ccnr] time: 0.39
c rst  geom svd  vs   423   134 K 2445    17638   811 4.01    3.92     2411  2488   50K    84 32.21   32.16  
c recursive minimization cost OK: 426Kcost/(% lits removed)
c [gauss] XOR-encoding clauses are not detached, so no need to reattach them.
c [g 0] truth-find prop checks  : 373K
c [g 0] -> of which prop        : 61.45 %
c [g 0] -> of which confl       :  2.70 %
c [g 0] elim called             : 26K
c [g 0] ---> which lead to prop : 82.50 %
c [g 0] ---> which lead to confl:  3.63 %
c [g 0] size: 49    x 468  
c --> Executing strategy token: scc-vrepl
c [scc] new: 1 BP 0M T: 0.00
c --> Executing strategy token: sub-impl
c [impl-sub] bin: 4 T: 0.00 T-out: N w-visit: 4892
c --> Executing strategy token: breakid
c --> Executing OCC strategy token(s): 'occ-backw-sub-str,occ-clean-implicit,occ-bve,occ-bva,occ-ternary-res,occ-xor,'
c [occ] mem usage for occur 1      MB
c [occ] Linked in IRRED BIN by default: 810
c [occ] Linked in RED   BIN by default: 81
c [occ] mem usage for occur 0      MB
c Mem for watch alloc      : 6           MB (20.12     %)
c Mem for watch array      : 0           MB (0.33      %)
c --> Executing OCC strategy token: occ-backw-sub-str
c [occ-backw-sub-str-long-w-bins] subs: 0 str: 1 tried: 5946 0-depth ass: 0 T: 0.00 T-out: N T-r: 99.68%
c [occ-backw-sub-long-w-long] rem cl: 189 tried: 72577/72577 (100.0%) T: 0.01 T-out: N T-r: 95.14%
c [occ-backw-sub-str-long-w-long] sub: 2 str: 17 tried: 217731/72577 (300.0)  T: 0.06 T-out: N T-r: 86.83%
c --> Executing OCC strategy token: occ-clean-implicit
c --> Executing OCC strategy token: occ-bve
c [occ-empty-res] Empty resolvent elimed: 0 T: 0.00 T-out: N
c [occ-bve] iter v-elim 0
c cl_inc_rate=1.0, var_dec_rate=1.0 (grow=0)
c Reduced to 2445 vars, 18446 cls (grow=0)
c [occ-bve] iter v-elim 0
c cl_inc_rate=1.0, var_dec_rate=1.0 (grow=8)
c Reduced to 2445 vars, 18446 cls (grow=8)
c [occ-bve] iter v-elim 956
c cl_inc_rate=1.8, var_dec_rate=1.6 (grow=16)
c Reduced to 1489 vars, 32807 cls (grow=16)
c x n vars       : 1489
c #try to eliminate:  8749
c #var-elim        :   956
c #T-o: N
c #T-r: 99.92%
c #T  : 0.19
c [occur] 0.03 is overhead
c [occur] link-in T: 0.03 cleanup T: 0.00
c --> Executing OCC strategy token: occ-bva
c --> Executing OCC strategy token: occ-ternary-res
c [occ-ternary-res] Ternary res-tri: 57 res-bin: 0 sub: 7 str: 0 T: 0.00 T-out: N T-r: 99.53%
c --> Executing OCC strategy token: occ-xor
c [occ-xor] sort occur list T: 0.00
c [xor-clean-equiv] removed equivalent xors: 0 left with: 932
c [occ-xor] found    932 avg sz 5.9 min sz  4 max sz  6 T: 0.00 T-out: N T-r: 99.97%
c --> Executing strategy token: card-find
c --> Executing strategy token: cl-consolidate
c [mem] consolidate  old-sz: 10973K new-sz: 5498K new bits offs: 20 T: 0.00
c --> Executing strategy token: scc-vrepl
c [scc] new: 1 BP 0M T: 0.00
c [vrep] vars 1 lits 2076 rem-bin-cls 4 rem-long-cls 0 BP 0M T: 0.00
c --> Executing strategy token: renumber
c [gauss] XOR-encoding clauses are not detached, so no need to reattach them.
c [renumber] T: 0.00
c --> Executing strategy token: bosphorus
c --> Executing strategy token: louvain-comms
c [consolidate] mini T: 0.00
c global_timeout_multiplier: 3.6300
c [branch] rebuilding order heap for all branchings. Current branching: vsid
c [find&init matx] performing matrix init
c [gauss] XOR-encoding clauses are not detached, so no need to reattach them.
c [xor-rem-unconnected] left with 932 xors from 932 non-empty xors T: 0.00
c [xor-together] xored together: 880 orig xors: 932 new xors: 52 T: 0.00
c [xor-rem-unconnected] left with 52 xors from 52 non-empty xors T: 0.00
c [xor-clean-equiv] removed equivalent xors: 0 left with: 52
c [matrix] unused xors from cleaning: 0
c [matrix] Good   matrix  0     52 x  468  density:0.1529  xorlen avg: 71.58
c [matrix] Using 1 matrices recovered from 0 xors T: 0.00 T-out: N
c [distill-bin] useful: 3/796/796 lits-rem: 0 cl-rem: 3 0-depth-assigns: 0 T: 0.01 T-out: N
c rst  geom  svd   vs   424  135K    1488   32K   793    5.81    5.72   724   968   24K    78   28.11   28.03
c [branch] adjusting to: vmtf (from: vsid) var_decay:0.95 descr: VMTF
c rst  luby  svd  vmt   425  135K    1488   32K   793    5.81    5.72   732   983   24K    79   28.17   28.09
c rst  luby  svd  vmt   426  135K    1488   32K   793    5.81    5.72   732   983   24K    79   28.23   28.15
c rst  luby  svd  vmt   427  135K    1488   32K   793    5.81    5.72   732   983   24K    79   28.31   28.23
c rst  luby  svd  vmt   428  135K    1488   32K   793    5.81    5.72   732   983   24K    79   28.38   28.30
c rst  luby  svd  vmt   429  135K    1488   32K   793    5.81    5.72   733   987   24K    79   28.42   28.34
c rst  luby  svd  vmt   430  136K    1488   32K   793    5.81    5.72   733   987   25K    79   28.42   28.34
c rst  luby  svd  vmt   431  136K    1488   32K   793    5.81    5.72   733   987   25K    79   28.38   28.30
c rst  luby  svd  vmt   432  136K    1488   32K   793    5.81    5.72   733   987   25K    79   28.36   28.29
c rst  luby  svd  vmt   433  136K    1488   32K   793    5.81    5.72   733   987   25K    79   28.35   28.27
c rst  luby  svd  vmt   434  136K    1488   32K   793    5.81    5.72   733   987   25K    79   28.32   28.24
c rst  luby  svd  vmt   435  137K    1488   32K   793    5.81    5.72   733   987   25K    79   28.30   28.22
c rst  geom best  vmt   436  137K    1488   32K   793    5.81    5.72   733   988   26K    79   28.30   28.23
c rst  geom best  vmt   437  137K    1488   32K   793    5.81    5.72   733   990   26K    79   28.28   28.20
c rst  geom best  vmt   438  137K    1488   32K   793    5.81    5.72   733   990   26K    79   28.26   28.19
c rst  geom best  vmt   439  137K    1488   32K   793    5.81    5.72   733   990   26K    79   28.23   28.16
c rst  geom best  vmt   440  137K    1488   32K   793    5.81    5.72   733   990   26K    79   28.19   28.12
c rst  geom best  vmt   441  137K    1488   32K   793    5.81    5.72   733   990   26K    79   28.15   28.07
c rst  geom best  vmt   442  138K    1488   32K   793    5.81    5.72   733   990   26K    79   28.09   28.02
c rst  geom best  vmt   443  138K    1488   32K   793    5.81    5.72   733   990   27K    79   28.04   27.97
c rst  geom best  vmt   444  138K    1488   32K   793    5.81    5.72   734   991   27K    79   28.06   27.99
c rst  geom best  vmt   445  138K    1488   32K   793    5.81    5.72   734   991   27K    79   28.09   28.02
c rst  geom best  vmt   446  139K    1488   32K   793    5.81    5.72   734   991   27K    79   28.06   27.99
c rst  geom best  vmt   447  139K    1488   32K   793    5.81    5.72   734   991   28K    79   27.98   27.91
c rst  geom best  vmt   448  139K    1488   32K   793    5.81    5.72   734   991   28K    79   27.88   27.81
c rst  geom best  vmt   449  140K    1488   32K   793    5.81    5.72   741   963   28K    79   27.75   27.69
c rst  geom best  vmt   450  140K    1488   32K   793    5.81    5.72   741   963   29K    79   27.61   27.54
c rst  geom best  vmt   451  140K    1488   32K   793    5.81    5.72   743   970   29K    79   27.49   27.43
c rst  geom best  vmt   452  141K    1488   32K   793    5.81    5.72   743   970   30K    79   27.47   27.41
c rst  geom best  vmt   453  142K    1488   32K   793    5.81    5.72   743   970   30K    79   27.51   27.44
c rst  geom best  vmt   454  142K    1488   32K   793    5.81    5.72   743   970   31K    79   27.54   27.48
c [full-probe]  bin_only: 1 set: 0 repl: 0 T: 0.00 T-out: N T-r: 99.81%
c rst  geom best  vmt   455  143K    1488   32K   793    5.81    5.72   743   975   32K    79   27.59   27.53
c [distill-long-red0] cls tried: 59/59 T: 0.00 T-out: N T-r: 99.90%
c [distill-long-red1] cls tried: 85/675 T: 0.01 T-out: Y T-r: -0.87%
c rst  geom best  vmt   456  143K    1488   32K   793    5.81    5.72   743   987   32K    79   27.57   27.51
c rst  geom  stb  vmt   457  144K    1488   32K   793    5.81    5.72   743   987   33K    79   27.38   27.32
c rst  geom  stb  vmt   458  145K    1488   32K   793    5.81    5.72   743   989   34K    79   27.18   27.13
c rst  geom  stb  vmt   459  146K    1488   32K   793    5.81    5.72   745   989   35K    79   27.00   26.95
c rst  geom  stb  vmt   460  147K    1488   32K   793    5.81    5.72   745   990   36K    79   27.28   27.22
c rst  geom  stb  vmt   461  148K    1488   32K   793    5.81    5.72   745   994   37K    79   27.22   27.17
c rst  geom  stb  vmt   462  150K    1488   32K   793    5.81    5.72   759   926   31K    79   26.87   26.82
c rst  geom  stb  vmt   463  151K    1488   32K   793    5.81    5.72   759   926   33K    79   26.43   26.38
c rst  geom ibes  vmt   464  153K    1488   32K   793    5.81    5.72   759   926   34K    79   26.05   26.00
c rst  geom ibes  vmt   465  154K    1488   32K   793    5.81    5.72   759   926   36K    79   25.80   25.75
c [branch] adjusting to: vsid (from: vmtf) var_decay:0.95 descr: VSIDS
c [distill-bin] useful: 0/793/793 lits-rem: 0 cl-rem: 0 0-depth-assigns: 0 T: 0.00 T-out: N
c [distill] watch-based irred--  cl tried     7414 cl-sh     0 cl-rem    0 lit-rem      0 T: 0.00 T-out: N
c [distill] watch-based   red--  cl tried     1518 cl-sh     4 cl-rem    0 lit-rem      4 T: 0.00 T-out: N
c rst  geom ibes   vs   466  154K    1488   32K   793    5.81    5.72   759   927   36K    79   25.78   25.73
c rst  geom ibes   vs   467  154K    1488   32K   793    5.81    5.72   759   927   36K    79   25.78   25.73
c rst  geom ibes   vs   468  155K    1488   32K   793    5.81    5.72   759   928   36K    79   25.78   25.73
c rst  geom ibes   vs   469  155K    1488   32K   793    5.81    5.72   760   928   36K    79   25.86   25.81
c rst  geom ibes   vs   470  155K    1488   32K   793    5.81    5.72   761   929   37K    79   25.90   25.85
c rst  geom ibes   vs   471  155K    1488   32K   793    5.81    5.72   761   929   37K    79   25.94   25.90
c rst  geom ibes   vs   472  155K    1488   32K   793    5.81    5.72   761   929   37K    79   25.97   25.92
c rst  geom ibes   vs   473  156K    1488   32K   793    5.81    5.72   761   929   37K    79   25.97   25.92
c rst  geom ibes   vs   474  156K    1488   32K   793    5.81    5.72   761   929   37K    79   26.02   25.97
c rst  geom ibes   vs   475  156K    1488   32K   793    5.81    5.72   761   929   38K    79   26.23   26.18
c rst  geom ibes   vs   476  156K    1488   32K   793    5.81    5.72   761   932   38K    79   26.31   26.26
c rst  geom ibes   vs   477  157K    1488   32K   793    5.81    5.72   761   932   38K    79   26.30   26.25
c rst  geom ibes   vs   478  157K    1488   32K   793    5.81    5.72   761   932   39K    79   26.30   26.25
c rst  geom ibes   vs   479  157K    1488   32K   793    5.81    5.72   761   934   39K    79   26.33   26.29
c rst  geom ibes   vs   480  158K    1488   32K   793    5.81    5.72   761   934   39K    79   26.41   26.37
c rst  geom  svd   vs   481  158K    1488   32K   793    5.81    5.72   761   935   40K    79   26.53   26.49
c [distill-long-red0] cls tried: 22/22 T: 0.00 T-out: N T-r: 99.95%
c [distill-long-red1] cls tried: 82/592 T: 0.01 T-out: Y T-r: -2.77%
c rst  geom  svd   vs   482  159K    1488   32K   793    5.81    5.72   761   937   40K    79   26.68   26.63
c rst  geom  svd   vs   483  159K    1488   32K   793    5.81    5.72   761   937   41K    79   26.97   26.93
c rst  geom  svd   vs   484  160K    1488   32K   793    5.81    5.72   768   664   42K    79   27.11   27.07
c rst  geom  svd   vs   485  160K    1488   32K   793    5.81    5.72   768   665   42K    79   27.13   27.09
c [impl-str] lit bin: 0 set-var: 0 T: 0.00 T-out: N T-r: 99.95% w-visit: 2976
c [impl-sub] bin: 1 T: 0.00 T-out: N w-visit: 2976
c rst  geom  svd   vs   486  161K    1488   32K   793    5.81    5.72   768   665   43K    78   27.10   27.06
c rst  geom  svd   vs   487  162K    1488   32K   793    5.81    5.72   768   665   44K    78   26.94   26.90
c rst  geom  svd   vs   488  163K    1488   32K   793    5.81    5.72   768   665   45K    78   26.81   26.77
c [full-probe]  bin_only: 0 set: 0 repl: 0 T: 0.01 T-out: N T-r: 97.46%
c rst  geom  svd   vs   489  164K    1488   32K   793    5.81    5.72   769   665   46K    78   26.68   26.64
c rst  geom  svd   vs   490  165K    1488   32K   793    5.81    5.72   770   672   36K    78   25.88   25.83
c rst  geom best   vs   491  166K    1488   32K   793    5.81    5.72   770   672   37K    78   26.00   25.95
c rst  geom best   vs   492  167K    1488   32K   793    5.81    5.72   770   673   38K    78   26.11   26.06
c rst  geom best   vs   493  169K    1488   32K   793    5.81    5.72   770   675   40K    78   26.23   26.18
c rst  geom best   vs   494  170K    1488   32K   793    5.81    5.72   785   650   41K    78   26.61   26.57
c rst  geom best   vs   495  172K    1488   32K   793    5.81    5.72   785   650   43K    78   26.74   26.69
c rst  geom  stb   vs   496  174K    1488   32K   793    5.81    5.72   785   650   45K    78   26.86   26.81
c [distill-long-red0] cls tried: 24/24 T: 0.00 T-out: N T-r: 99.95%
c [distill-long-red1] cls tried: 64/330 T: 0.01 T-out: Y T-r: -0.80%
c rst  geom  stb   vs   497  176K    1488   32K   793    5.81    5.72   785   652   47K    78   26.87   26.83
c [branch] adjusting to: vmtf (from: vsid) var_decay:0.95 descr: VMTF
c [distill-bin] useful: 0/793/793 lits-rem: 0 cl-rem: 0 0-depth-assigns: 0 T: 0.00 T-out: N
c rst  luby  stb  vmt   498  176K    1488   32K   793    5.81    5.72   785   652   47K    78   26.88   26.84
c rst  luby  stb  vmt   499  176K    1488   32K   793    5.81    5.72   785   652   47K    78   26.88   26.84
c rst  luby  stb  vmt   500  176K    1488   32K   793    5.81    5.72   785   652   47K    78   26.85   26.81
c rst  luby  stb  vmt   501  176K    1488   32K   793    5.81    5.72   785   652   47K    78   26.84   26.80
c rst  luby  stb  vmt   502  176K    1488   32K   793    5.81    5.72   785   652   47K    78   26.82   26.78
c rst  luby  stb  vmt   503  177K    1488   32K   793    5.81    5.72   785   652   47K    78   26.79   26.75
c rst  luby  stb  vmt   504  177K    1488   32K   793    5.81    5.72   785   653   48K    78   26.73   26.70
c rst  luby  stb  vmt   505  177K    1488   32K   793    5.81    5.72   785   653   48K    78   26.73   26.69
c [ccnr] tries: 0 steps: 262143 best found: 11
c [ccnr] saving best assignment phase to stable_polar
c [ccnr] bumping based on clause weights
c [ccnr] Bumped vars: 102 bump type: 6
c [ccnr] time: 0.27
c rst  luby  stb  vmt   506  177K    1488   32K   793    5.81    5.72   785   654   48K    78   26.72   26.68
c rst  luby  stb  vmt   507  177K    1488   32K   793    5.81    5.72   785   656   48K    78   26.67   26.64
c rst  luby  stb  vmt   508  178K    1488   32K   793    5.81    5.72   785   657   48K    78   26.66   26.62
c ------- FINAL TOTAL SEARCH STATS ---------
c UIP search time          : 16.56       (97.22     % time)
c All times are for this thread only except if explicitly specified
c restarts                 : 508         (350.46    confls per restart)
c blocked restarts         : 0           (0.00      per normal restart)
c time                     : 16.56       
c decisions                : 199113      (0.00      % random)
c propagations             : 20M         (1266K     props/s)
c decisions/conflicts      : 1.12        
c conflicts                : 178033      
c LEARNT stats
c units learnt             : 0           (0.00      % of conflicts)
c bins learnt              : 16          (0.01      % of conflicts)
c long learnt              : 178062      (100.02    % of conflicts)
c red which0               : 828         (0.47      % of confl)
c SEAMLESS HYPERBIN&TRANS-RED stats
c advProp called           : 0           
c hyper-bin add bin        : 0           (0.00      bin/call)
c trans-red rem irred bin  : 0           (0.00      bin/call)
c trans-red rem red bin    : 0           (0.00      bin/call)
c CONFL LITS stats
c orig                     : 30063082    (168.86    lit/confl)
c recurs-min effective     : 163573      (91.88     % attempt successful)
c recurs-min lits          : 24009608    (79.86     % less overall)
c permDiff call%           : 2.65        (0.00      % attempt successful)
c permDiff lits-rem        : 0           (0.00      less lits/cl on attempts)
c further-min call%        : 0.00        (0.00      % attempt successful)
c bintri-min lits          : 0           (0.00      % less overall)
c final avg                : 34.00       
c all-threads sum CPU time : 16.56        s
c PROP stats
c Mbogo-props              : 67.31       (4.06      / sec)
c MHyper-props             : 0.04        (0.00      / sec)
c Mprops                   : 20.97       (1.27      / sec)
c -------- OccSimplifier STATS ----------
c time                     : 0.22        (0.00      % var-elim)
c called                   : 2           (0.11      s per call)
c 0-depth assigns          : 0           (0.00      % vars)
c -------- OccSimplifier STATS END ----------
c -------- SubsumeStrengthen STATS ----------
c cl-subs                  : 697          Clauses
c cl-str rem lit           : 234          Lits
c cl-sub T                 : 0.02         s
c cl-str T                 : 0.13         s
c -------- SubsumeStrengthen STATS END ----------
c ----- SCC STATS --------
c time                     : 0.00        (0.00      per call)
c called                   : 8           (1.25      new found per call)
c found                    : 10          (50.00     % of all found)
c bogoprops                : 274217      % of all found
c ----- SCC STATS END --------
c --------- VAR REPLACE STATS ----------
c time                     : 0.05        (0.01      per call)
c trees' crown             : 9           (0.19      % of vars)
c 0-depth assigns          : 0           (0.00      % vars)
c lits replaced            : 82115       
c bin cls removed          : 42          
c long cls removed         : 203         
c long lits removed        : 1995        
c bogoprops                : 1521585     
c --------- VAR REPLACE STATS END ----------
c vrep replace time        : 0.05        (0.31      % time)
c vrep tree roots          : 5           
c vrep trees' crown        : 9           (1.80      leafs/tree)
c -------- DISTILL-BIN STATS --------
c time                     : 0.05        (0.01      per call)
c timed out                : 0           (0.00      % of calls)
c distill/checked/potential: 0          /9759/9759
c lits-rem                 : 0           
c 0-depth-assigns          : 0           (0.00      % of vars)
c -------- DISTILL STATS END --------
c -------- STRENGTHEN STATS --------
c --> watch-based on irred cls
c time                     : 0.02        (0.00      s/call)
c shrinked/tried/total     : 1          /90796/235964
c subsumed/tried/total     : 4          /90796/235964
c lits-rem                 : 1           (0.00      % of lits tried)
c called                   : 12          (0.00      % ran out of time)
c --> watch-based on red cls
c time                     : 0.01        (0.00      s/call)
c shrinked/tried/total     : 501        /18088/18088
c subsumed/tried/total     : 3          /18088/18088
c lits-rem                 : 941         (0.92      % of lits tried)
c called                   : 12          (0.00      % ran out of time)
c -------- STRENGTHEN STATS END --------
c -------- IMPLICIT SUB  STATS --------
c time                     : 0.00        (0.00      per call)
c timed out                : 0           (0.00      % of calls)
c rem bins                 : 15          
c -------- IMPLICIT SUB STATS END --------
c Mem used                 : 36          MB
c Mem for longclauses      : 9           MB (26.50     %)
c Mem for watch alloc      : 9           MB (24.58     %)
c Mem for watch array      : 0           MB (0.19      %)
c Mem for assings&vardata  : 0           MB (0.30      %)
c Mem for search&solve     : 0           MB (0.69      %)
c Mem for renumberer       : 0           MB (0.15      %)
c Mem for occsimplifier    : 0           MB (2.39      %)
c Mem for varReplacer&SCC  : 0           MB (0.27      %)
c Mem for impl subsume     : 0           MB (0.00      %)
c Mem for 3 distills       : 0           MB (0.00      %)
c Accounted for mem (rss)  : 55.06       %
c Accounted for mem (vm)   : 46.21       %
c restarts                 : 508         (350.46    confls per restart)
c blocked restarts         : 0           (0.00      per normal restart)
c time                     : 16.56       
c decisions                : 199113      (0.00      % random)
c propagations             : 20M         (1266K     props/s)
c decisions/conflicts      : 1.12        
c conflicts                : 178033      
c conf lits non-minim      : 30063082    (168.86    lit/confl)
c conf lits final          : 34.00       
c red which0               : 828         (0.47      % of confl)
c props/decision           : 0.00        
c props/conflict           : 0.00        
c 0-depth assigns          : 0           (0.00      % vars)
c 0-depth assigns by CNF   : 0           (0.00      % vars)
c reduceDB time            : 0.03        (0.16      % time)
c OccSimplifier time       : 0.22        (1.29      % time)
c [occur] 0.06 is overhead
c [occur] link-in T: 0.05 cleanup T: 0.01
c [occ-substr] long subBySub: 529 subByStr: 168 lits-rem-str: 234 T: 0.14
c SCC time                 : 0.00        (0.00      % time)
c [scc] new: 10 BP 0M  T: 0.00
c vrep replace time        : 0.05        (0.31      % time)
c vrep tree roots          : 5           
c vrep trees' crown        : 9           (1.80      leafs/tree)
c distill long time        : 0.20        (1.17      % time)
c distill bin time         : 0.05        (0.28      % time)
c strength cache-irred time: 0.02        (0.14      % time)
c strength cache-red time  : 0.01        (0.05      % time)
c avg cls in red 0         : 1239.23     
c avg cls in red 1         : 1179.98     
c avg cls in red 2         : 31673.64    
c Conflicts in UIP         : 178033      (10451.64  confl/time_this_thread)
c Max Memory (rss) used    : 37512 kB    
c Total time (this thread) : 17.03       
s SATISFIABLE
v 1 -2 -3 4 -5 -6 7 -8 -9 10 11 -12 13 14 -15 16 17 -18 19 -20 -21 22 23 -24 -25 
v -26 -27 -28 -29 -30 -31 -32 -33 -34 -35 -36 37 -38 -39 40 41 -42 -43 -44 -45 
v -46 -47 -48 -49 -50 -51 -52 -53 -54 55 56 -57 58 59 -60 -61 -62 -63 -64 -65 
v -66 -67 -68 -69 -70 -71 -72 73 74 -75 76 77 -78 -79 -80 -81 -82 -83 -84 -85 
v -86 -87 -88 -89 -90 91 92 -93 94 95 -96 -97 -98 -99 -100 -101 -102 -103 -104 
v -105 -106 -107 -108 109 110 -111 112 113 -114 115 116 -117 118 119 -120 -121 
v -122 -123 -124 -125 -126 127 128 -129 130 131 -132 -133 -134 -135 -136 -137 
v -138 -139 -140 -141 -142 -143 -144 145 146 -147 148 149 -150 151 152 -153 154 
v 155 -156 -157 -158 -159 -160 -161 -162 -163 -164 -165 -166 -167 -168 -169 
v -170 -171 -172 -173 -174 -175 -176 -177 -178 -179 -180 -181 -182 -183 -184 
v -185 -186 -187 -188 -189 -190 -191 -192 -193 -194 -195 -196 -197 -198 -199 
v -200 -201 -202 -203 -204 -205 -206 -207 -208 -209 -210 -211 -212 -213 -214 
v -215 -216 -217 -218 -219 -220 -221 -222 -223 -224 -225 -226 -227 -228 -229 
v -230 -231 -232 -233 -234 235 236 -237 238 239 -240 -241 -242 -243 -244 -245 
v -246 -247 -248 -249 -250 -251 -252 253 254 -255 256 257 -258 259 260 -261 262 
v 263 -264 -265 -266 -267 -268 -269 -270 -271 -272 -273 -274 -275 -276 -277 
v -278 -279 -280 -281 -282 -283 -284 -285 -286 -287 -288 -289 -290 -291 -292 
v -293 -294 -295 -296 -297 -298 -299 -300 -301 -302 -303 -304 -305 -306 -307 
v -308 -309 -310 -311 -312 -313 -314 -315 -316 -317 -318 -319 -320 -321 -322 
v -323 -324 -325 -326 -327 -328 -329 -330 -331 -332 -333 -334 -335 -336 -337 
v -338 -339 -340 -341 -342 343 344 -345 346 -347 -348 349 -350 -351 -352 -353 
v 354 355 -356 357 -358 -359 360 361 -362 363 -364 365 366 367 -368 369 -370 
v 371 -372 -373 -374 -375 376 377 -378 379 -380 381 382 383 -384 385 -386 387 
v -388 -389 -390 -391 392 393 -394 395 -396 397 398 399 -400 401 -402 403 -404 
v -405 -406 -407 -408 -409 -410 -411 -412 -413 -414 -415 -416 -417 -418 -419 
v -420 -421 -422 -423 424 425 -426 427 -428 429 430 431 -432 433 -434 435 -436 
v -437 -438 -439 -440 -441 -442 -443 -444 -445 -446 -447 -448 -449 -450 -451 
v -452 -453 -454 -455 -456 -457 -458 -459 -460 -461 -462 -463 -464 -465 -466 
v -467 -468 -469 -470 -471 472 473 -474 475 -476 477 478 479 -480 481 -482 483 
v -484 -485 -486 -487 -488 -489 -490 -491 -492 -493 -494 -495 -496 -497 -498 
v -499 -500 -501 -502 -503 -504 -505 -506 -507 -508 -509 -510 -511 -512 -513 
v -514 -515 -516 -517 -518 -519 -520 -521 -522 -523 -524 -525 -526 -527 -528 
v -529 -530 -531 -532 -533 -534 -535 -536 -537 -538 -539 -540 -541 -542 -543 
v -544 -545 -546 -547 -548 -549 -550 -551 552 553 -554 555 -556 557 558 559 
v -560 561 -562 563 -564 -565 -566 -567 568 569 -570 571 -572 573 574 575 -576 
v 577 -578 579 -580 -581 -582 -583 -584 -585 -586 -587 -588 -589 -590 -591 -592 
v -593 -594 -595 -596 -597 -598 -599 600 601 -602 603 -604 605 606 607 -608 609 
v -610 611 -612 -613 -614 -615 -616 -617 -618 -619 -620 -621 -622 -623 -624 
v -625 -626 -627 -628 -629 -630 -631 -632 -633 -634 -635 -636 -637 -638 -639 
v -640 -641 -642 -643 -644 -645 -646 -647 648 -649 650 -651 652 653 654 -655 
v 656 -657 658 -659 -660 -661 -662 -663 664 -665 666 667 668 -669 670 -671 672 
v -673 -674 -675 -676 -677 -678 -679 -680 -681 -682 -683 -684 -685 -686 -687 
v -688 -689 -690 691 692 693 -694 695 -696 697 -698 -699 -700 -701 -702 -703 
v -704 -705 -706 -707 -708 -709 -710 -711 -712 713 714 -715 716 -717 718 -719 
v -720 -721 -722 723 -724 725 -726 727 -728 -729 -730 -731 -732 733 -734 735 
v -736 -737 -738 -739 -740 -741 -742 -743 -744 -745 -746 -747 748 -749 -750 
v -751 -752 -753 -754 -755 -756 -757 -758 -759 -760 -761 -762 -763 -764 -765 
v -766 -767 -768 769 -770 -771 -772 -773 -774 -775 -776 777 778 -779 -780 -781 
v -782 -783 -784 -785 786 787 788 -789 790 791 792 -793 794 795 796 797 798 799 
v 800 -801 -802 -803 804 805 -806 -807 -808 809 810 811 812 813 814 815 816 817 
v 818 819 820 821 822 823 824 825 826 -827 -828 -829 -830 -831 832 833 834 835 
v 836 -837 -838 839 840 841 842 -843 -844 -845 -846 847 848 849 850 851 852 853 
v 854 -855 -856 -857 -858 -859 -860 -861 -862 -863 -864 -865 -866 -867 868 869 
v 870 871 872 873 874 875 -876 877 878 879 880 881 882 883 884 -885 886 887 888 
v 889 -890 -891 -892 -893 -894 -895 -896 -897 -898 -899 -900 -901 -902 -903 
v -904 905 906 -907 -908 -909 -910 -911 -912 -913 -914 -915 -916 -917 -918 -919 
v -920 921 922 923 -924 -925 -926 -927 928 -929 930 931 932 933 934 935 936 937 
v 938 939 940 941 942 -943 -944 -945 946 -947 -948 -949 -950 -951 -952 -953 954 
v 955 956 957 958 959 960 961 962 963 964 965 966 967 968 -969 -970 -971 -972 
v -973 -974 -975 -976 -977 978 979 980 981 982 983 984 985 986 987 988 -989 
v -990 -991 -992 -993 -994 -995 -996 -997 -998 -999 -1000 -1001 -1002 -1003 
v -1004 -1005 -1006 -1007 1008 -1009 -1010 -1011 -1012 -1013 -1014 -1015 -1016 
v -1017 -1018 -1019 1020 1021 1022 1023 -1024 -1025 -1026 -1027 -1028 -1029 
v -1030 -1031 -1032 -1033 -1034 -1035 -1036 -1037 -1038 -1039 -1040 -1041 -1042 
v -1043 -1044 -1045 1046 -1047 1048 1049 -1050 -1051 -1052 1053 -1054 -1055 
v 1056 1057 -1058 -1059 -1060 -1061 1062 1063 -1064 -1065 1066 1067 -1068 -1069 
v -1070 1071 1072 -1073 -1074 1075 1076 -1077 -1078 -1079 -1080 -1081 -1082 
v -1083 -1084 -1085 -1086 1087 -1088 -1089 1090 -1091 1092 1093 -1094 -1095 
v -1096 -1097 -1098 -1099 -1100 -1101 -1102 -1103 -1104 -1105 -1106 -1107 -1108 
v -1109 -1110 -1111 -1112 -1113 -1114 -1115 1116 1117 -1118 -1119 -1120 -1121 
v -1122 -1123 -1124 -1125 -1126 -1127 -1128 -1129 -1130 -1131 -1132 -1133 -1134 
v -1135 -1136 -1137 -1138 -1139 -1140 -1141 -1142 -1143 -1144 -1145 -1146 -1147 
v -1148 -1149 -1150 -1151 -1152 1153 -1154 1155 1156 -1157 1158 1159 -1160 
v -1161 1162 -1163 -1164 -1165 -1166 -1167 -1168 1169 -1170 -1171 -1172 -1173 
v -1174 -1175 -1176 -1177 -1178 -1179 -1180 -1181 1182 1183 -1184 -1185 1186 
v -1187 1188 1189 -1190 -1191 -1192 -1193 -1194 1195 -1196 -1197 1198 1199 
v -1200 -1201 -1202 -1203 -1204 -1205 -1206 -1207 -1208 1209 -1210 1211 1212 
v 1213 1214 1215 1216 1217 1218 1219 1220 -1221 -1222 1223 -1224 -1225 -1226 
v -1227 1228 -1229 -1230 -1231 -1232 -1233 -1234 -1235 -1236 -1237 -1238 -1239 
v -1240 -1241 -1242 -1243 1244 -1245 1246 -1247 -1248 -1249 -1250 -1251 1252 
v 1253 -1254 1255 -1256 1257 1258 1259 -1260 1261 -1262 1263 -1264 -1265 -1266 
v -1267 -1268 -1269 -1270 -1271 1272 1273 1274 -1275 -1276 -1277 -1278 -1279 
v -1280 -1281 -1282 -1283 -1284 -1285 -1286 -1287 -1288 -1289 -1290 -1291 -1292 
v -1293 -1294 -1295 -1296 -1297 -1298 -1299 -1300 -1301 1302 1303 -1304 -1305 
v -1306 -1307 -1308 -1309 -1310 -1311 -1312 -1313 -1314 -1315 -1316 -1317 -1318 
v -1319 -1320 -1321 -1322 -1323 -1324 -1325 -1326 -1327 -1328 -1329 -1330 -1331 
v -1332 -1333 -1334 -1335 -1336 -1337 -1338 -1339 1340 -1341 1342 1343 -1344 
v -1345 -1346 -1347 1348 -1349 1350 -1351 1352 -1353 -1354 -1355 -1356 -1357 
v -1358 -1359 -1360 -1361 -1362 -1363 1364 1365 -1366 1367 1368 -1369 -1370 
v -1371 -1372 -1373 -1374 -1375 -1376 -1377 -1378 -1379 -1380 -1381 -1382 -1383 
v -1384 -1385 -1386 1387 1388 -1389 1390 -1391 -1392 1393 1394 1395 1396 1397 
v -1398 -1399 -1400 -1401 -1402 -1403 -1404 -1405 -1406 1407 1408 -1409 -1410 
v -1411 -1412 -1413 -1414 -1415 -1416 -1417 -1418 -1419 -1420 1421 -1422 -1423 
v -1424 -1425 1426 1427 1428 1429 -1430 -1431 -1432 -1433 -1434 -1435 -1436 
v -1437 -1438 -1439 -1440 -1441 -1442 -1443 -1444 -1445 -1446 1447 1448 1449 
v 1450 -1451 1452 -1453 -1454 1455 1456 -1457 1458 -1459 -1460 1461 -1462 1463 
v 1464 -1465 1466 -1467 1468 1469 -1470 -1471 -1472 -1473 -1474 -1475 -1476 
v -1477 -1478 -1479 -1480 -1481 -1482 -1483 1484 1485 1486 -1487 1488 -1489 
v 1490 1491 1492 1493 1494 1495 1496 1497 1498 1499 1500 1501 1502 -1503 1504 
v 1505 -1506 1507 1508 1509 -1510 -1511 -1512 -1513 -1514 -1515 -1516 -1517 
v -1518 -1519 -1520 -1521 -1522 -1523 -1524 -1525 -1526 -1527 -1528 -1529 -1530 
v -1531 -1532 -1533 -1534 -1535 -1536 -1537 -1538 -1539 -1540 -1541 -1542 -1543 
v -1544 -1545 -1546 -1547 1548 -1549 1550 -1551 -1552 1553 -1554 -1555 -1556 
v -1557 -1558 -1559 1560 -1561 1562 -1563 -1564 1565 1566 1567 1568 1569 1570 
v 1571 1572 1573 1574 1575 1576 1577 1578 -1579 1580 1581 -1582 1583 -1584 1585 
v 1586 -1587 -1588 -1589 -1590 -1591 -1592 -1593 -1594 -1595 -1596 -1597 -1598 
v -1599 -1600 -1601 -1602 -1603 -1604 -1605 -1606 -1607 1608 -1609 -1610 1611 
v -1612 -1613 1614 -1615 1616 1617 -1618 -1619 1620 1621 1622 1623 1624 1625 
v 1626 1627 1628 -1629 -1630 1631 1632 1633 1634 1635 1636 1637 1638 1639 -1640 
v -1641 1642 1643 1644 1645 1646 1647 1648 1649 1650 -1651 -1652 -1653 -1654 
v -1655 -1656 -1657 -1658 -1659 -1660 -1661 -1662 -1663 -1664 -1665 -1666 -1667 
v -1668 -1669 -1670 1671 1672 -1673 -1674 1675 1676 1677 1678 -1679 1680 -1681 
v 1682 1683 1684 1685 1686 1687 1688 1689 1690 1691 1692 1693 1694 1695 1696 
v 1697 1698 1699 1700 -1701 1702 1703 -1704 -1705 1706 -1707 -1708 1709 1710 
v 1711 1712 1713 1714 1715 1716 1717 1718 1719 1720 1721 1722 1723 1724 1725 
v 1726 1727 1728 -1729 -1730 1731 -1732 1733 -1734 1735 1736 1737 1738 1739 
v 1740 1741 1742 1743 1744 1745 1746 1747 1748 1749 1750 1751 1752 1753 1754 
v 1755 1756 1757 1758 1759 1760 1761 1762 1763 1764 1765 1766 1767 1768 1769 
v 1770 1771 -1772 -1773 1774 1775 -1776 -1777 -1778 -1779 -1780 -1781 1782 
v -1783 1784 -1785 -1786 -1787 1788 1789 1790 1791 1792 1793 1794 1795 1796 
v 1797 1798 1799 1800 1801 1802 -1803 -1804 1805 1806 -1807 1808 1809 -1810 
v -1811 1812 1813 1814 1815 1816 1817 1818 1819 1820 1821 1822 1823 1824 1825 
v 1826 1827 1828 1829 1830 1831 1832 1833 -1834 1835 -1836 -1837 -1838 -1839 
v -1840 1841 -1842 1843 1844 -1845 -1846 -1847 -1848 -1849 -1850 -1851 -1852 
v -1853 -1854 -1855 1856 -1857 -1858 -1859 -1860 -1861 -1862 -1863 -1864 -1865 
v -1866 1867 -1868 -1869 -1870 -1871 -1872 -1873 1874 -1875 -1876 -1877 -1878 
v -1879 -1880 -1881 -1882 -1883 -1884 -1885 -1886 -1887 -1888 1889 1890 -1891 
v 1892 1893 -1894 1895 -1896 1897 -1898 -1899 1900 1901 1902 1903 1904 -1905 
v -1906 1907 -1908 1909 1910 -1911 -1912 1913 -1914 1915 1916 -1917 1918 -1919 
v -1920 -1921 -1922 -1923 -1924 -1925 -1926 -1927 -1928 -1929 -1930 1931 -1932 
v -1933 -1934 1935 1936 -1937 -1938 -1939 -1940 -1941 -1942 -1943 -1944 -1945 
v -1946 -1947 -1948 -1949 -1950 -1951 -1952 -1953 1954 -1955 1956 1957 1958 
v 1959 1960 1961 1962 1963 1964 1965 1966 1967 1968 1969 1970 1971 1972 1973 
v 1974 1975 1976 1977 1978 1979 1980 1981 1982 1983 1984 1985 1986 1987 1988 
v 1989 1990 1991 1992 1993 1994 1995 -1996 -1997 1998 1999 -2000 -2001 2002 
v 2003 2004 2005 -2006 2007 -2008 2009 2010 -2011 2012 2013 2014 2015 2016 2017 
v 2018 2019 2020 2021 2022 2023 2024 2025 2026 2027 -2028 -2029 2030 -2031 
v -2032 2033 2034 -2035 -2036 -2037 -2038 -2039 -2040 -2041 -2042 -2043 -2044 
v -2045 -2046 -2047 -2048 -2049 -2050 -2051 -2052 -2053 -2054 -2055 -2056 -2057 
v 2058 2059 -2060 -2061 2062 2063 -2064 2065 2066 2067 -2068 2069 -2070 -2071 
v -2072 -2073 -2074 -2075 -2076 -2077 -2078 -2079 -2080 -2081 -2082 -2083 -2084 
v 2085 -2086 2087 2088 2089 2090 2091 2092 2093 -2094 -2095 2096 2097 2098 
v -2099 -2100 -2101 -2102 -2103 -2104 -2105 -2106 -2107 -2108 -2109 -2110 -2111 
v -2112 -2113 -2114 -2115 -2116 -2117 2118 2119 2120 2121 -2122 -2123 2124 2125 
v -2126 -2127 2128 -2129 -2130 -2131 2132 2133 2134 -2135 2136 -2137 2138 2139 
v -2140 2141 2142 2143 2144 2145 2146 2147 2148 2149 2150 2151 2152 -2153 2154 
v 2155 2156 2157 2158 2159 2160 2161 2162 2163 2164 2165 2166 2167 2168 2169 
v 2170 2171 2172 2173 2174 -2175 2176 -2177 -2178 -2179 -2180 -2181 -2182 -2183 
v -2184 -2185 -2186 -2187 -2188 -2189 -2190 -2191 -2192 -2193 -2194 -2195 -2196 
v 2197 -2198 2199 2200 2201 2202 -2203 2204 2205 2206 2207 2208 2209 2210 2211 
v 2212 2213 2214 2215 2216 2217 2218 -2219 2220 2221 -2222 2223 2224 -2225 
v -2226 -2227 -2228 -2229 -2230 -2231 -2232 -2233 -2234 -2235 -2236 -2237 -2238 
v -2239 -2240 -2241 -2242 -2243 -2244 -2245 -2246 -2247 -2248 2249 -2250 2251 
v 2252 -2253 -2254 -2255 -2256 2257 -2258 -2259 2260 2261 2262 2263 2264 2265 
v 2266 2267 2268 -2269 -2270 2271 2272 2273 2274 2275 2276 2277 -2278 2279 
v -2280 -2281 2282 -2283 -2284 -2285 2286 2287 -2288 -2289 -2290 -2291 -2292 
v -2293 -2294 -2295 -2296 -2297 -2298 -2299 -2300 -2301 -2302 -2303 -2304 -2305 
v -2306 2307 -2308 2309 2310 -2311 -2312 2313 -2314 2315 -2316 -2317 2318 2319 
v -2320 2321 2322 2323 -2324 2325 2326 2327 2328 2329 2330 2331 2332 2333 2334 
v -2335 -2336 -2337 -2338 -2339 -2340 -2341 -2342 -2343 -2344 -2345 -2346 -2347 
v -2348 -2349 -2350 -2351 -2352 -2353 -2354 -2355 -2356 -2357 -2358 2359 -2360 
v -2361 -2362 2363 2364 2365 2366 2367 2368 2369 2370 2371 2372 2373 2374 2375 
v 2376 2377 2378 2379 2380 2381 -2382 -2383 -2384 2385 2386 -2387 -2388 2389 
v -2390 -2391 -2392 -2393 -2394 -2395 -2396 -2397 -2398 -2399 -2400 -2401 -2402 
v 2403 -2404 -2405 2406 2407 2408 2409 2410 2411 2412 2413 2414 2415 2416 2417 
v 2418 2419 2420 2421 2422 2423 2424 2425 2426 2427 2428 2429 -2430 -2431 2432 
v -2433 -2434 2435 2436 2437 2438 2439 -2440 2441 2442 -2443 -2444 -2445 -2446 
v -2447 -2448 -2449 -2450 -2451 -2452 -2453 -2454 -2455 2456 -2457 -2458 -2459 
v -2460 -2461 -2462 -2463 -2464 -2465 -2466 -2467 -2468 -2469 2470 -2471 -2472 
v 2473 2474 2475 2476 -2477 -2478 2479 2480 2481 2482 -2483 -2484 -2485 -2486 
v -2487 -2488 -2489 -2490 -2491 -2492 -2493 -2494 -2495 -2496 -2497 -2498 -2499 
v -2500 2501 2502 2503 2504 -2505 2506 -2507 2508 2509 -2510 2511 2512 -2513 
v 2514 2515 -2516 -2517 -2518 -2519 2520 -2521 -2522 -2523 2524 2525 2526 2527 
v 2528 2529 2530 2531 2532 2533 2534 2535 2536 2537 -2538 2539 -2540 -2541 
v -2542 -2543 -2544 -2545 -2546 -2547 -2548 -2549 -2550 -2551 -2552 -2553 -2554 
v -2555 -2556 -2557 2558 2559 -2560 2561 2562 2563 2564 2565 2566 2567 2568 
v 2569 2570 2571 2572 2573 2574 2575 2576 2577 2578 2579 2580 -2581 2582 2583 
v 2584 -2585 2586 -2587 -2588 -2589 -2590 -2591 -2592 -2593 -2594 -2595 -2596 
v -2597 2598 -2599 2600 2601 -2602 -2603 -2604 -2605 -2606 -2607 -2608 -2609 
v -2610 -2611 -2612 -2613 -2614 -2615 -2616 -2617 -2618 -2619 -2620 -2621 -2622 
v -2623 -2624 -2625 -2626 2627 -2628 2629 2630 -2631 2632 2633 -2634 2635 -2636 
v -2637 -2638 -2639 -2640 -2641 -2642 -2643 2644 -2645 -2646 -2647 -2648 -2649 
v -2650 -2651 -2652 -2653 2654 2655 2656 2657 -2658 -2659 -2660 -2661 -2662 
v -2663 -2664 -2665 -2666 -2667 -2668 -2669 -2670 -2671 -2672 -2673 -2674 -2675 
v -2676 -2677 -2678 -2679 -2680 2681 2682 -2683 2684 -2685 -2686 2687 2688 2689 
v -2690 2691 2692 2693 2694 2695 -2696 -2697 -2698 -2699 -2700 2701 2702 -2703 
v 2704 2705 2706 2707 2708 2709 2710 -2711 -2712 2713 -2714 -2715 -2716 -2717 
v -2718 -2719 -2720 -2721 -2722 -2723 -2724 -2725 -2726 -2727 -2728 -2729 -2730 
v -2731 -2732 -2733 2734 2735 -2736 2737 2738 2739 2740 2741 2742 2743 2744 
v 2745 2746 2747 2748 2749 2750 2751 2752 2753 2754 2755 2756 -2757 2758 2759 
v 2760 2761 2762 -2763 -2764 -2765 2766 2767 2768 2769 2770 2771 2772 2773 2774 
v -2775 2776 -2777 -2778 -2779 -2780 -2781 -2782 -2783 -2784 -2785 -2786 -2787 
v -2788 -2789 -2790 -2791 -2792 -2793 -2794 -2795 -2796 -2797 -2798 -2799 -2800 
v -2801 2802 2803 -2804 -2805 -2806 2807 2808 -2809 -2810 -2811 -2812 -2813 
v -2814 -2815 -2816 -2817 2818 -2819 -2820 -2821 -2822 -2823 -2824 -2825 -2826 
v -2827 -2828 2829 2830 2831 -2832 -2833 -2834 2835 2836 2837 2838 2839 2840 
v 2841 2842 2843 -2844 -2845 -2846 -2847 -2848 -2849 -2850 -2851 -2852 -2853 
v -2854 2855 2856 2857 -2858 2859 -2860 2861 2862 -2863 -2864 2865 2866 2867 
v 2868 -2869 2870 2871 -2872 2873 2874 -2875 -2876 -2877 -2878 -2879 -2880 
v -2881 -2882 -2883 -2884 -2885 2886 -2887 2888 -2889 -2890 2891 -2892 -2893 
v -2894 -2895 -2896 -2897 -2898 -2899 -2900 -2901 -2902 -2903 -2904 -2905 -2906 
v -2907 -2908 -2909 2910 -2911 2912 2913 -2914 2915 2916 2917 2918 2919 2920 
v 2921 2922 2923 2924 2925 2926 2927 2928 2929 2930 2931 2932 2933 -2934 -2935 
v 2936 2937 2938 2939 -2940 2941 2942 2943 2944 2945 2946 2947 2948 2949 -2950 
v 2951 2952 2953 2954 2955 2956 2957 2958 2959 2960 2961 2962 2963 2964 2965 
v 2966 2967 2968 2969 2970 2971 2972 2973 2974 2975 2976 -2977 2978 -2979 2980 
v 2981 2982 2983 2984 -2985 2986 2987 -2988 -2989 -2990 -2991 -2992 -2993 -2994 
v -2995 -2996 -2997 -2998 2999 -3000 -3001 3002 3003 -3004 -3005 -3006 -3007 
v -3008 -3009 -3010 -3011 -3012 3013 -3014 -3015 3016 3017 3018 3019 3020 -3021 
v -3022 3023 3024 3025 3026 3027 -3028 -3029 3030 3031 3032 -3033 -3034 -3035 
v -3036 -3037 -3038 -3039 -3040 -3041 -3042 3043 -3044 -3045 -3046 3047 -3048 
v 3049 3050 3051 -3052 -3053 3054 -3055 3056 3057 3058 3059 3060 -3061 -3062 
v -3063 -3064 -3065 -3066 -3067 -3068 -3069 -3070 -3071 3072 -3073 -3074 -3075 
v -3076 -3077 -3078 -3079 -3080 -3081 -3082 -3083 -3084 -3085 -3086 3087 -3088 
v -3089 -3090 3091 3092 3093 3094 3095 3096 3097 3098 3099 3100 3101 3102 3103 
v 3104 3105 3106 3107 3108 3109 3110 3111 3112 3113 -3114 -3115 -3116 -3117 
v 3118 -3119 -3120 -3121 -3122 -3123 -3124 -3125 -3126 -3127 -3128 3129 3130 
v -3131 3132 3133 3134 3135 3136 3137 3138 3139 3140 3141 3142 3143 3144 3145 
v 3146 3147 3148 3149 3150 3151 3152 -3153 -3154 3155 3156 3157 3158 -3159 3160 
v 3161 3162 3163 3164 3165 3166 3167 -3168 -3169 -3170 3171 3172 3173 3174 3175 
v -3176 3177 -3178 -3179 3180 3181 -3182 -3183 3184 3185 3186 3187 3188 3189 
v 3190 3191 3192 3193 3194 -3195 -3196 -3197 -3198 -3199 -3200 -3201 -3202 3203 
v -3204 3205 3206 3207 3208 -3209 -3210 -3211 -3212 3213 -3214 -3215 3216 -3217 
v 3218 -3219 -3220 3221 -3222 3223 3224 -3225 -3226 3227 3228 3229 3230 3231 
v 3232 3233 3234 3235 3236 3237 3238 3239 3240 -3241 3242 3243 3244 -3245 -3246 
v -3247 -3248 -3249 -3250 -3251 -3252 -3253 -3254 -3255 -3256 -3257 -3258 -3259 
v -3260 -3261 -3262 -3263 -3264 -3265 3266 -3267 -3268 3269 -3270 3271 -3272 
v -3273 -3274 -3275 -3276 -3277 -3278 -3279 -3280 -3281 -3282 -3283 -3284 -3285 
v -3286 -3287 -3288 -3289 -3290 -3291 -3292 -3293 3294 -3295 -3296 -3297 3298 
v 3299 -3300 -3301 -3302 -3303 -3304 -3305 -3306 -3307 3308 -3309 3310 3311 
v 3312 3313 3314 3315 3316 3317 3318 3319 3320 3321 3322 3323 3324 3325 3326 
v 3327 3328 3329 -3330 -3331 3332 -3333 -3334 -3335 3336 3337 3338 -3339 -3340 
v 3341 3342 3343 3344 3345 3346 3347 3348 3349 3350 -3351 -3352 -3353 -3354 
v -3355 -3356 -3357 -3358 -3359 3360 3361 3362 3363 3364 3365 3366 3367 -3368 
v 3369 3370 3371 3372 3373 -3374 -3375 -3376 -3377 -3378 -3379 -3380 -3381 
v -3382 -3383 -3384 3385 3386 -3387 3388 3389 3390 -3391 3392 -3393 3394 -3395 
v 3396 -3397 -3398 -3399 -3400 3401 3402 -3403 3404 -3405 -3406 -3407 -3408 
v -3409 -3410 -3411 -3412 -3413 -3414 3415 3416 -3417 3418 3419 3420 3421 3422 
v 3423 3424 3425 3426 3427 3428 3429 3430 -3431 -3432 3433 3434 -3435 3436 3437 
v 3438 3439 3440 3441 3442 3443 3444 3445 3446 3447 3448 3449 3450 3451 3452 
v 3453 3454 3455 3456 3457 3458 3459 3460 -3461 -3462 3463 3464 3465 -3466 
v -3467 -3468 -3469 -3470 -3471 -3472 -3473 -3474 -3475 3476 3477 3478 -3479 
v -3480 -3481 -3482 -3483 -3484 -3485 -3486 -3487 -3488 -3489 -3490 -3491 -3492 
v -3493 -3494 3495 -3496 3497 3498 -3499 -3500 -3501 3502 3503 -3504 -3505 
v -3506 3507 3508 3509 3510 3511 3512 3513 3514 3515 3516 -3517 3518 3519 -3520 
v -3521 -3522 -3523 -3524 -3525 -3526 -3527 -3528 -3529 -3530 3531 -3532 3533 
v 3534 3535 -3536 -3537 3538 3539 -3540 -3541 -3542 -3543 -3544 3545 3546 3547 
v 3548 3549 3550 3551 3552 3553 3554 -3555 -3556 -3557 -3558 -3559 -3560 -3561 
v -3562 -3563 -3564 -3565 3566 -3567 3568 3569 -3570 -3571 -3572 -3573 3574 
v -3575 -3576 3577 -3578 3579 3580 -3581 -3582 3583 -3584 -3585 3586 -3587 3588 
v -3589 -3590 3591 3592 3593 3594 3595 3596 3597 3598 3599 3600 -3601 3602 3603 
v -3604 3605 3606 -3607 -3608 -3609 -3610 -3611 -3612 -3613 -3614 -3615 -3616 
v -3617 -3618 -3619 -3620 -3621 -3622 -3623 -3624 -3625 -3626 -3627 -3628 3629 
v 3630 -3631 3632 3633 -3634 -3635 -3636 -3637 -3638 -3639 -3640 -3641 -3642 
v -3643 -3644 -3645 -3646 -3647 -3648 -3649 -3650 -3651 -3652 -3653 -3654 -3655 
v -3656 -3657 -3658 -3659 3660 -3661 -3662 -3663 3664 -3665 -3666 -3667 -3668 
v -3669 -3670 -3671 -3672 -3673 3674 -3675 -3676 -3677 -3678 -3679 -3680 -3681 
v -3682 -3683 -3684 -3685 -3686 -3687 -3688 -3689 -3690 -3691 -3692 3693 -3694 
v 3695 -3696 -3697 -3698 3699 -3700 3701 3702 3703 3704 3705 3706 3707 3708 
v 3709 3710 3711 -3712 -3713 -3714 -3715 -3716 -3717 -3718 3719 -3720 -3721 
v 3722 3723 3724 -3725 -3726 -3727 -3728 -3729 -3730 -3731 -3732 -3733 -3734 
v -3735 -3736 -3737 -3738 -3739 -3740 -3741 -3742 -3743 -3744 3745 -3746 -3747 
v 3748 3749 3750 3751 -3752 3753 -3754 -3755 -3756 3757 -3758 3759 3760 -3761 
v -3762 -3763 -3764 3765 -3766 -3767 -3768 -3769 -3770 -3771 -3772 -3773 -3774 
v -3775 -3776 -3777 -3778 3779 3780 3781 3782 3783 3784 3785 3786 3787 3788 
v 3789 3790 3791 3792 3793 -3794 -3795 3796 -3797 -3798 3799 3800 3801 3802 
v 3803 3804 3805 3806 3807 3808 3809 3810 3811 3812 3813 3814 3815 3816 3817 
v 3818 3819 3820 3821 3822 3823 3824 3825 3826 3827 3828 -3829 3830 -3831 -3832 
v 3833 3834 3835 3836 3837 3838 3839 -3840 3841 3842 3843 3844 3845 3846 3847 
v 3848 3849 3850 3851 3852 3853 3854 3855 3856 3857 -3858 3859 -3860 -3861 3862 
v 3863 3864 -3865 3866 3867 -3868 3869 3870 3871 3872 3873 3874 3875 3876 3877 
v 3878 3879 -3880 -3881 -3882 -3883 -3884 -3885 -3886 3887 3888 3889 3890 3891 
v 3892 3893 3894 3895 3896 3897 3898 -3899 -3900 -3901 -3902 -3903 -3904 -3905 
v -3906 -3907 -3908 3909 3910 3911 -3912 -3913 -3914 3915 -3916 3917 3918 3919 
v 3920 -3921 -3922 -3923 -3924 -3925 3926 -3927 -3928 3929 3930 3931 -3932 3933 
v 3934 -3935 3936 -3937 -3938 3939 3940 3941 3942 3943 3944 3945 3946 3947 3948 
v 3949 -3950 3951 3952 -3953 -3954 3955 3956 3957 3958 3959 3960 3961 3962 3963 
v 3964 3965 3966 3967 3968 3969 3970 3971 3972 3973 3974 3975 -3976 -3977 3978 
v -3979 3980 -3981 -3982 -3983 -3984 -3985 -3986 -3987 -3988 -3989 -3990 -3991 
v -3992 -3993 -3994 -3995 -3996 -3997 -3998 -3999 -4000 -4001 -4002 -4003 -4004 
v -4005 -4006 -4007 -4008 -4009 -4010 -4011 4012 -4013 4014 4015 -4016 4017 
v 4018 4019 4020 4021 4022 4023 -4024 -4025 4026 4027 4028 4029 4030 4031 4032 
v 4033 4034 4035 4036 4037 4038 4039 -4040 -4041 4042 -4043 4044 4045 -4046 
v -4047 4048 4049 4050 4051 4052 -4053 4054 -4055 -4056 4057 4058 4059 4060 
v 4061 4062 4063 4064 4065 4066 -4067 4068 4069 4070 4071 4072 4073 4074 4075 
v 4076 4077 -4078 -4079 4080 4081 4082 4083 4084 -4085 -4086 -4087 4088 4089 
v -4090 -4091 4092 4093 4094 4095 4096 4097 4098 4099 4100 4101 -4102 -4103 
v -4104 -4105 -4106 -4107 -4108 -4109 -4110 -4111 4112 -4113 -4114 4115 4116 
v -4117 4118 4119 -4120 -4121 -4122 4123 -4124 -4125 4126 -4127 -4128 4129 4130 
v 4131 -4132 4133 -4134 -4135 4136 4137 4138 4139 4140 4141 4142 4143 4144 
v -4145 -4146 4147 -4148 4149 4150 4151 4152 4153 4154 4155 4156 4157 4158 4159 
v 4160 4161 4162 -4163 4164 -4165 4166 4167 4168 -4169 -4170 -4171 -4172 -4173 
v -4174 -4175 -4176 -4177 -4178 -4179 -4180 -4181 -4182 -4183 -4184 -4185 -4186 
v -4187 -4188 -4189 -4190 -4191 -4192 -4193 -4194 -4195 -4196 -4197 -4198 -4199 
v 4200 -4201 -4202 -4203 4204 4205 -4206 4207 4208 4209 4210 4211 4212 -4213 
v -4214 -4215 -4216 -4217 -4218 -4219 -4220 -4221 -4222 -4223 -4224 -4225 -4226 
v -4227 4228 -4229 -4230 4231 -4232 -4233 4234 4235 -4236 -4237 4238 -4239 4240 
v -4241 -4242 -4243 -4244 -4245 -4246 -4247 -4248 -4249 -4250 -4251 4252 -4253 
v 4254 4255 4256 4257 4258 4259 4260 4261 4262 4263 4264 4265 4266 4267 4268 
v 4269 -4270 4271 4272 4273 4274 4275 4276 -4277 -4278 -4279 -4280 -4281 -4282 
v -4283 -4284 -4285 -4286 -4287 -4288 4289 4290 -4291 -4292 4293 4294 4295 4296 
v 4297 4298 -4299 -4300 4301 4302 -4303 -4304 4305 4306 4307 4308 -4309 4310 
v 4311 -4312 -4313 -4314 -4315 -4316 -4317 -4318 -4319 -4320 -4321 -4322 -4323 
v 4324 -4325 -4326 4327 -4328 4329 -4330 -4331 4332 4333 4334 4335 4336 4337 
v 4338 4339 4340 4341 4342 4343 4344 4345 4346 4347 4348 4349 4350 4351 4352 
v -4353 4354 4355 -4356 4357 4358 4359 4360 4361 4362 4363 4364 4365 4366 4367 
v 4368 4369 4370 4371 4372 4373 4374 4375 4376 4377 4378 4379 4380 4381 4382 
v 4383 4384 4385 4386 4387 4388 4389 4390 -4391 -4392 4393 -4394 -4395 4396 
v -4397 4398 4399 4400 4401 4402 4403 -4404 4405 4406 4407 4408 4409 4410 4411 
v 4412 4413 4414 4415 4416 4417 4418 4419 -4420 4421 4422 -4423 -4424 -4425 
v 4426 4427 -4428 -4429 4430 4431 4432 4433 4434 4435 4436 4437 4438 4439 4440 
v -4441 -4442 4443 4444 4445 4446 4447 4448 4449 -4450 -4451 -4452 -4453 -4454 
v -4455 -4456 4457 4458 4459 4460 4461 4462 -4463 -4464 -4465 -4466 -4467 -4468 
v -4469 -4470 -4471 -4472 4473 -4474 4475 -4476 -4477 -4478 4479 4480 -4481 
v -4482 -4483 4484 -4485 4486 -4487 -4488 4489 4490 4491 4492 4493 -4494 4495 
v 4496 -4497 4498 4499 -4500 -4501 -4502 -4503 -4504 -4505 -4506 -4507 -4508 
v -4509 -4510 4511 -4512 -4513 -4514 -4515 -4516 -4517 -4518 -4519 -4520 -4521 
v -4522 -4523 -4524 -4525 -4526 -4527 -4528 -4529 4530 -4531 -4532 4533 4534 
v 4535 4536 4537 4538 4539 4540 4541 4542 4543 4544 4545 4546 4547 4548 4549 
v 4550 4551 4552 4553 4554 4555 4556 4557 4558 4559 4560 4561 4562 4563 4564 
v 4565 4566 4567 -4568 -4569 4570 -4571 -4572 -4573 4574 -4575 -4576 -4577 4578 
v 4579 4580 4581 -4582 -4583 4584 4585 4586 4587 4588 4589 4590 4591 4592 4593 
v 4594 4595 4596 -4597 -4598 4599 4600 -4601 4602 -4603 -4604 4605 4606 -4607 
v -4608 -4609 -4610 4611 -4612 4613 4614 -4615 -4616 4617 4618 4619 4620 4621 
v 4622 4623 4624 4625 4626 4627 -4628 4629 4630 4631 4632 4633 4634 4635 4636 
v 4637 4638 4639 4640 -4641 4642 4643 4644 -4645 -4646 4647 4648 4649 4650 4651 
v 4652 -4653 4654 4655 4656 4657 4658 4659 4660 4661 4662 -4663 -4664 -4665 
v -4666 -4667 -4668 -4669 -4670 -4671 0
c [g 0] truth-find prop checks  : 782K
c [g 0] -> of which prop        : 79.22 %
c [g 0] -> of which confl       :  2.67 %
c [g 0] elim called             : 12787
c [g 0] ---> which lead to prop : 72.58 %
c [g 0] ---> which lead to confl:  1.63 %
c [g 0] size: 52    x 468  
