c BreakID not compiled in, disabling
c CryptoMiniSat version 5.11.15
c CMS Copyright (C) 2009-2020 Authors of CryptoMiniSat, see AUTHORS file
c CMS SHA revision 
c Using VMTF code by Armin Biere from CaDiCaL
c Using Yalsat by Armin Biere, see Balint et al. Improving implementation of SLS solvers [...], SAT'14
c Using WalkSAT by Henry Kautz, see Kautz and Selman Pushing the envelope: planning, propositional logic, and stochastic search, AAAI'96,
c CMS is MIT licensed
c Using code from 'When Boolean Satisfiability Meets Gauss-E. in a Simplex Way'
c       by C.-S. Han and J.-H. Roland Jiang in CAV 2012. Fixes by M. Soos
c Using CCAnr from 'CCAnr: A Conf. Checking Based Local Search Solver [...]'
c       by Shaowei Cai, Chuan Luo, and Kaile Su, SAT 2015
c CMS compilation env CMAKE_CXX_COMPILER = /usr/bin/c++ | COMPILE_DEFINES =  -DRDB0_ONLY_FEATURES -DBOOST_TEST_DYN_LINK -DUSE_ZLIB -DYALSAT_FPU | STATICCOMPILE = OFF | ONLY_SIMPLE = OFF | Boost_FOUND = TRUE | STATS = OFF | SQLITE3_FOUND =  | ZLIB_FOUND = TRUE | VALGRIND_FOUND =  | ENABLE_TESTING = OFF | SLOW_DEBUG = OFF | ENABLE_ASSERTIONS = ON | PYTHON_EXECUTABLE =  | PYTHON_LIBRARY =  | PYTHON_INCLUDE_DIRS =  | MY_TARGETS =  | LARGEMEM = OFF | LIMITMEM = OFF | BREAKID_LIBRARIES =  | BREAKID-VER = . | BOSPHORUS_LIBRARIES =  | BOSPH-VER = . | compilation date time = Mar 31 2024 17:57:30
c CMS compiled with gcc version 13.2.0
c Executed with command line: cryptominisat5 --verb 1 /workspace/experiments/EXP-ICPERF-66fd51/runs/RUN-ICPERF-4ec9b9/pure_cnf/n19l6-5-S.dimacs
c Reading file '/workspace/experiments/EXP-ICPERF-66fd51/runs/RUN-ICPERF-4ec9b9/pure_cnf/n19l6-5-S.dimacs'
c -- header says num vars:           5322
c -- header says num clauses:       20788
c -- clauses added: 20788
c -- xor clauses added: 0
c -- vars added 5322
c Parsing time: 0.00 s
c [branch] adjusting to: vsid (from: vsid) var_decay:0.95 descr: VSIDS
c rst  geom  stb   vs     1   111    5322 19136  1652    3.01    2.93     2     5   104     0  183.86  183.86
c rst  geom  stb   vs     2   233    5322 19136  1652    3.01    2.93     3     9   221     0  149.60  149.60
c  res  pol bran  nres  conf freevar  IrrL  IrrB l/longC  l/allC RedL0 RedL1 RedL2  RedB l/longC  l/allC
c rst  geom  stb   vs     3   367    5322 19136  1652    3.01    2.93     5    12   350     0  134.45  134.45
c rst  geom  stb   vs     4   514    5322 19136  1652    3.01    2.93     5    12   497     0  121.58  121.58
c rst  geom  stb   vs     5   675    5322 19136  1652    3.01    2.93     5    14   656     0  116.74  116.74
c rst  geom  stb   vs     6   852    5322 19136  1652    3.01    2.93    13    20   817     2  122.70  122.41
c rst  geom  stb   vs     7  1046    5322 19136  1652    3.01    2.93    24    35   985     2  117.16  116.94
c rst  geom  stb   vs     8  1259    5322 19136  1652    3.01    2.93    27    38  1192     2  112.61  112.44
c rst  geom  stb   vs     9  1494    5322 19136  1652    3.01    2.93    27    38  1427     2  107.09  106.95
c rst  geom  stb   vs    10  1753    5322 19136  1652    3.01    2.93    34    40  1677     2  106.19  106.07
c rst  geom  stb   vs    11  2036    5322 19136  1652    3.01    2.93    35    40  1959     2  106.69  106.59
c rst  geom  stb   vs    12  2349    5322 19136  1652    3.01    2.93    39    44  2264     2  105.44  105.35
c rst  geom  stb   vs    13  2690    5322 19136  1652    3.01    2.93    40    45  2603     2  102.97  102.90
c rst  geom  stb   vs    14  3063    5322 19136  1652    3.01    2.93    41    45  2975     2   98.88   98.81
c rst  geom  stb   vs    15  3474    5322 19136  1652    3.01    2.93    41    48  3381     4   97.47   97.36
c rst  geom  stb   vs    16  3924    5322 19136  1652    3.01    2.93    43    53  3824     4   95.18   95.09
c rst  geom  stb   vs    17  4419    5322 19136  1652    3.01    2.93    49    60  4306     4   95.11   95.02
c rst  geom  stb   vs    18  4962    5322 19136  1652    3.01    2.93    53    62  4843     4   91.24   91.17
c rst  geom  stb   vs    19  5562    5322 19136  1652    3.01    2.93    54    68  5435     5   92.39   92.31
c [branch] adjusting to: vmtf (from: vsid) var_decay:0.95 descr: VMTF
c [distill-long-red0] cls tried: 54/54 T: 0.00 T-out: N T-r: 99.98%
c [distill-long-red1] cls tried: 68/68 T: 0.00 T-out: N T-r: 88.87%
c rst  luby ibes  vmt    20  5663    5322 19136  1652    3.01    2.93    59    89  5508     7   91.97   91.86
c rst  luby ibes  vmt    21  5764    5322 19136  1652    3.01    2.93    59   100  5598     7   91.07   90.96
c rst  luby ibes  vmt    22  5966    5322 19136  1652    3.01    2.93    72   116  5771     7   88.85   88.75
c rst  luby ibes  vmt    23  6068    5322 19136  1652    3.01    2.93    72   126  5863     7   88.34   88.24
c rst  luby ibes  vmt    24  6170    5322 19136  1652    3.01    2.93    77   135  5951     7   87.73   87.63
c rst  luby ibes  vmt    25  6372    5322 19136  1652    3.01    2.93    77   143  6144     8   86.79   86.68
c rst  luby ibes  vmt    26  6773    5322 19136  1652    3.01    2.93    83   167  6515     8   84.95   84.86
c rst  luby ibes  vmt    27  6875    5322 19136  1652    3.01    2.93    87   176  6604     8   84.36   84.26
c rst  luby ibes  vmt    28  6976    5322 19136  1652    3.01    2.93    91   185  6692     8   83.66   83.56
c rst  luby ibes  vmt    29  7177    5322 19136  1652    3.01    2.93    92   206  6871     8   82.64   82.55
c rst  luby ibes  vmt    30  7278    5322 19136  1652    3.01    2.93    92   210  6968     8   82.70   82.61
c rst  luby ibes  vmt    31  7380    5322 19136  1652    3.01    2.93   101   219  7052     8   82.20   82.11
c rst  luby ibes  vmt    32  7581    5322 19136  1652    3.01    2.93   104   242  7227     8   81.09   81.00
c rst  luby ibes  vmt    33  7982    5322 19136  1652    3.01    2.93   115   279  7580     8   78.66   78.58
c rst  luby ibes  vmt    34  8783    5322 19136  1652    3.01    2.93   116   290  8369     8   75.47   75.41
c rst  luby ibes  vmt    35  8884    5322 19136  1652    3.01    2.93   116   294  8466     8   75.37   75.31
c rst  luby ibes  vmt    36  8986    5322 19136  1652    3.01    2.93   117   302  8559     8   75.12   75.06
c rst  luby ibes  vmt    37  9189    5322 19136  1652    3.01    2.93   125   319  8737     8   74.10   74.04
c rst  luby ibes  vmt    38  9291    5322 19136  1652    3.01    2.93   127   332  8824     8   73.58   73.52
c rst  luby ibes  vmt    39  9392    5322 19136  1652    3.01    2.93   145   342  8897     8   72.99   72.93
c rst  luby ibes  vmt    40  9595    5322 19136  1652    3.01    2.93   150   360  9077     8   72.47   72.41
c rst  luby ibes  vmt    41  9997    5322 19136  1652    3.01    2.93   156   393  9440     8   70.89   70.83
c rst  luby ibes  vmt    42 10098    5322 19136  1652    3.01    2.93   404   157  9529     8   70.52   70.47
c rst  luby ibes  vmt    43 10200    5322 19136  1652    3.01    2.93   405   162  9625     8   70.35   70.29
c rst  luby ibes  vmt    44 10404    5322 19136  1652    3.01    2.93   414   172  9810     8   69.48   69.43
c rst  luby ibes  vmt    45 10506    5322 19136  1652    3.01    2.93   420   187  9891     8   69.31   69.26
c rst  luby ibes  vmt    46 10607    5322 19136  1652    3.01    2.93   422   194  9983     8   69.25   69.20
c rst  luby ibes  vmt    47 10808    5322 19136  1652    3.01    2.93   425   225 10150     8   68.43   68.38
c rst  luby  svd  vmt    48 11209    5322 19136  1652    3.01    2.93   427   236 10538     8   69.27   69.22
c rst  luby  svd  vmt    49 12011    5322 19136  1652    3.01    2.93   435   264 11304     8   69.27   69.22
c [branch] adjusting to: vsid (from: vmtf) var_decay:0.95 descr: VSIDS
c [distill-bin] useful: 4/1652/1652 lits-rem: 0 cl-rem: 4 0-depth-assigns: 0 T: 0.00 T-out: N
c rst  geom  svd   vs    50 12123    5322 19136  1648    3.01    2.93   435   268 11412     8   69.22   69.17
c rst  geom  svd   vs    51 12245    5322 19136  1648    3.01    2.93   436   276 11525     8   69.06   69.01
c rst  geom  svd   vs    52 12380    5322 19136  1648    3.01    2.93   438   280 11653     9   69.03   68.98
c rst  geom  svd   vs    53 12527    5322 19136  1648    3.01    2.93   438   287 11793     9   68.86   68.81
c rst  geom  svd   vs    54 12688    5322 19136  1648    3.01    2.93   440   290 11949     9   68.59   68.54
c rst  geom  svd   vs    55 12865    5322 19136  1648    3.01    2.93   443   297 12116     9   68.18   68.13
c rst  geom  svd   vs    56 13059    5322 19136  1648    3.01    2.93   447   303 12300     9   67.65   67.61
c rst  geom  svd   vs    57 13272    5322 19136  1648    3.01    2.93   448   305 12510     9   67.25   67.21
c rst  geom  svd   vs    58 13507    5322 19136  1648    3.01    2.93   452   308 12738     9   66.52   66.48
c rst  geom  svd   vs    59 13764    5322 19136  1648    3.01    2.93   453   315 12987     9   65.80   65.76
c rst  geom  svd   vs    60 14046    5322 19136  1648    3.01    2.93   455   320 13261    10   65.05   65.01
c rst  geom  svd   vs    61 14357    5322 19136  1648    3.01    2.93   459   320 13568    10   64.24   64.20
c rst  geom  svd   vs    62 14698    5322 19136  1648    3.01    2.93   462   324 13902    10   63.39   63.35
c rst  geom  svd   vs    63 15071    5322 19136  1648    3.01    2.93   549   570 13666    10   60.94   60.90
c rst  geom  svd   vs    64 15482    5322 19136  1648    3.01    2.93   549   570 14077    10   60.04   60.00
c rst  geom  svd   vs    65 15932    5322 19136  1648    3.01    2.93   554   577 14515    10   59.11   59.08
c rst  geom  svd   vs    66 16427    5322 19136  1648    3.01    2.93   555   582 15004    10   58.21   58.18
c rst  geom best   vs    67 16971    5322 19136  1648    3.01    2.93   555   582 15548    10   57.46   57.43
c rst  geom best   vs    68 17569    5322 19136  1648    3.01    2.93   555   607 16121    10   58.26   58.22
c rst  geom best   vs    69 18225    5322 19136  1648    3.01    2.93   555   610 16774    10   58.02   57.99
c [branch] adjusting to: vmtf (from: vsid) var_decay:0.95 descr: VMTF
c rst  luby best  vmt    70 18326    5322 19136  1648    3.01    2.93   559   614 16867    10   57.99   57.96
c rst  luby best  vmt    71 18428    5322 19136  1648    3.01    2.93   560   615 16967    10   58.10   58.07
c rst  luby best  vmt    72 18629    5322 19136  1648    3.01    2.93   568   624 17151    10   58.08   58.05
c rst  luby best  vmt    73 18730    5322 19136  1648    3.01    2.93   570   625 17249    10   58.12   58.09
c rst  luby best  vmt    74 18831    5322 19136  1648    3.01    2.93   573   630 17342    10   58.15   58.12
c rst  luby best  vmt    75 19032    5322 19136  1648    3.01    2.93   577   640 17529    10   58.01   57.98
c rst  luby best  vmt    76 19434    5322 19136  1648    3.01    2.93   593   718 17836    11   58.04   58.01
c rst  luby best  vmt    77 19536    5322 19136  1648    3.01    2.93   593   719 17937    11   58.19   58.16
c rst  luby best  vmt    78 19638    5322 19136  1648    3.01    2.93   593   728 18030    11   58.15   58.11
c rst  luby best  vmt    79 19839    5322 19136  1648    3.01    2.93   594   732 18226    11   57.94   57.91
c rst  luby best  vmt    80 19941    5322 19136  1648    3.01    2.93   594   743 18317    11   57.95   57.92
c rst  luby best  vmt    81   20K    5322 19136  1648    3.01    2.93   857   489 18409    11   57.99   57.95
c [full-probe]  bin_only: 1 set: 0 repl: 0 T: 0.00 T-out: N T-r: 99.74%
c rst  luby best  vmt    82   20K    5322 19136  1648    3.01    2.93   860   505 18592    11   58.00   57.97
c rst  luby best  vmt    83   20K    5322 19136  1648    3.01    2.93   866   528 18967    11   58.19   58.16
c [distill-long-red0] cls tried: 762/762 T: 0.01 T-out: N T-r: 99.51%
c [distill-long-red1] cls tried: 89/510 T: 0.01 T-out: Y T-r: -0.51%
c rst  luby best  vmt    84   21K    5322 19136  1648    3.01    2.93   870   568 19723    12   57.98   57.95
c rst  luby best  vmt    85   21K    5322 19136  1648    3.01    2.93   870   575 19818    12   57.92   57.88
c rst  luby best  vmt    86   21K    5322 19136  1648    3.01    2.93   871   577 19917    12   57.90   57.87
c rst  luby  stb  vmt    87   21K    5322 19136  1648    3.01    2.93   872   583   20K    12   58.17   58.14
c rst  luby  stb  vmt    88   21K    5322 19136  1648    3.01    2.93   872   587   20K    12   58.21   58.18
c rst  luby  stb  vmt    89   22K    5322 19136  1648    3.01    2.93   874   590   20K    12   58.16   58.12
c rst  luby  stb  vmt    90   22K    5322 19136  1648    3.01    2.93   876   608   20K    12   58.09   58.06
c rst  luby  stb  vmt    91   22K    5322 19136  1648    3.01    2.93   880   651   20K    12   57.88   57.85
c rst  luby  stb  vmt    92   22K    5322 19136  1648    3.01    2.93   885   658   20K    12   57.81   57.78
c rst  luby  stb  vmt    93   22K    5322 19136  1648    3.01    2.93   885   666   21K    12   57.74   57.71
c rst  luby  stb  vmt    94   23K    5322 19136  1648    3.01    2.93   889   687   21K    12   57.58   57.55
c rst  luby  stb  vmt    95   23K    5322 19136  1648    3.01    2.93   890   697   21K    12   57.49   57.46
c rst  luby  stb  vmt    96   23K    5322 19136  1648    3.01    2.93   895   701   21K    12   57.48   57.45
c rst  luby  stb  vmt    97   23K    5322 19136  1648    3.01    2.93   896   712   21K    12   57.35   57.32
c rst  luby  stb  vmt    98   23K    5322 19136  1648    3.01    2.93   903   730   21K    12   57.36   57.33
c rst  luby  stb  vmt    99   24K    5322 19136  1648    3.01    2.93   908   769   22K    12   57.28   57.25
c rst  luby  stb  vmt   100   26K    5322 19136  1648    3.01    2.93   918   834   24K    12   57.11   57.08
c [branch] adjusting to: vsid (from: vmtf) var_decay:0.95 descr: VSIDS
c [distill] watch-based irred--  cl tried    38269 cl-sh     0 cl-rem    3 lit-rem      0 T: 0.00 T-out: N
c [distill] watch-based   red--  cl tried     1835 cl-sh   129 cl-rem    1 lit-rem    214 T: 0.00 T-out: N
c rst  geom  stb   vs   101   26K    5322 19133  1651    3.01    2.93   918   835   24K     9   57.02   57.00
c rst  geom  stb   vs   102   26K    5322 19133  1651    3.01    2.93   921   843   24K     9   56.98   56.96
c rst  geom  stb   vs   103   26K    5322 19133  1651    3.01    2.93   922   847   24K     9   56.94   56.92
c rst  geom  stb   vs   104   26K    5322 19133  1651    3.01    2.93   922   850   24K     9   56.89   56.88
c rst  geom  stb   vs   105   26K    5322 19133  1651    3.01    2.93   922   852   24K     9   56.86   56.84
c rst  geom ibes   vs   106   27K    5322 19133  1651    3.01    2.93   922   856   25K     9   56.76   56.74
c rst  geom ibes   vs   107   27K    5322 19133  1651    3.01    2.93   922   857   25K     9   56.61   56.59
c rst  geom ibes   vs   108   27K    5322 19133  1651    3.01    2.93   923   867   25K     9   56.50   56.48
c rst  geom ibes   vs   109   27K    5322 19133  1651    3.01    2.93   923   872   25K     9   56.38   56.36
c rst  geom ibes   vs   110   28K    5322 19133  1651    3.01    2.93   924   876   25K     9   56.28   56.26
c rst  geom ibes   vs   111   28K    5322 19133  1651    3.01    2.93   926   880   26K     9   56.17   56.15
c rst  geom ibes   vs   112   28K    5322 19133  1651    3.01    2.93   928   888   26K     9   55.94   55.92
c rst  geom ibes   vs   113   28K    5322 19133  1651    3.01    2.93   933   900   26K     9   55.70   55.68
c rst  geom ibes   vs   114   29K    5322 19133  1651    3.01    2.93   934   909   27K     9   55.47   55.45
c rst  geom ibes   vs   115   29K    5322 19133  1651    3.01    2.93   937   918   27K     9   55.40   55.39
c rst  geom ibes   vs   116   30K    5322 19133  1651    3.01    2.93  1245  1048   22K     9   47.30   47.29
c rst  geom ibes   vs   117   30K    5322 19133  1651    3.01    2.93  1249  1063   22K     9   47.33   47.31
c rst  geom ibes   vs   118   31K    5322 19133  1651    3.01    2.93  1253  1072   23K     9   47.09   47.08
c rst  geom ibes   vs   119   31K    5322 19133  1651    3.01    2.93  1261  1082   23K     9   46.90   46.88
c rst  geom ibes   vs   120   32K    5322 19133  1651    3.01    2.93  1265  1088   24K     9   46.91   46.90
c [distill-bin] useful: 0/1651/1651 lits-rem: 0 cl-rem: 0 0-depth-assigns: 0 T: 0.01 T-out: N
c rst  geom  svd   vs   121   33K    5322 19133  1651    3.01    2.93  1270  1092   25K     9   46.50   46.48
c rst  geom  svd   vs   122   34K    5322 19133  1651    3.01    2.93  1274  1095   25K     9   46.00   45.98
c [branch] adjusting to: vmtf (from: vsid) var_decay:0.95 descr: VMTF
c rst  luby  svd  vmt   123   34K    5322 19133  1651    3.01    2.93  1274  1097   25K     9   45.95   45.93
c rst  luby  svd  vmt   124   34K    5322 19133  1651    3.01    2.93  1278  1100   26K     9   45.88   45.86
c rst  luby  svd  vmt   125   34K    5322 19133  1651    3.01    2.93  1278  1105   26K     9   45.82   45.80
c rst  luby  svd  vmt   126   34K    5322 19133  1651    3.01    2.93  1278  1108   26K     9   45.76   45.74
c rst  luby  svd  vmt   127   34K    5322 19133  1651    3.01    2.93  1278  1110   26K     9   45.72   45.70
c rst  luby  svd  vmt   128   34K    5322 19133  1651    3.01    2.93  1279  1111   26K     9   45.71   45.70
c rst  luby  svd  vmt   129   35K    5322 19133  1651    3.01    2.93  1282  1127   27K     9   45.50   45.49
c rst  luby  svd  vmt   130   35K    5322 19133  1651    3.01    2.93  1285  1131   27K     9   45.44   45.43
c rst  luby  svd  vmt   131   35K    5322 19133  1651    3.01    2.93  1287  1133   27K     9   45.45   45.44
c rst  luby  svd  vmt   132   35K    5322 19133  1651    3.01    2.93  1290  1144   27K     9   45.39   45.38
c rst  luby  svd  vmt   133   35K    5322 19133  1651    3.01    2.93  1292  1151   27K     9   45.36   45.35
c [distill-long-red0] cls tried: 546/546 T: 0.01 T-out: N T-r: 99.51%
c [distill-long-red1] cls tried: 78/1047 T: 0.01 T-out: Y T-r: -1.57%
c rst  luby  svd  vmt   134   35K    5322 19133  1651    3.01    2.93  1294  1159   27K     9   45.30   45.29
c rst  luby  svd  vmt   135   36K    5322 19133  1651    3.01    2.93  1297  1165   27K     9   45.20   45.19
c rst  luby  svd  vmt   136   36K    5322 19133  1651    3.01    2.93  1298  1171   28K     9   45.11   45.09
c rst  luby  svd  vmt   137   37K    5322 19133  1651    3.01    2.93  1312  1191   28K     9   44.90   44.89
c rst  luby  svd  vmt   138   37K    5322 19133  1651    3.01    2.93  1316  1193   29K     9   44.83   44.82
c rst  luby  svd  vmt   139   37K    5322 19133  1651    3.01    2.93  1316  1199   29K     9   44.78   44.77
c rst  luby  svd  vmt   140   37K    5322 19133  1651    3.01    2.93  1323  1202   29K     9   44.65   44.64
c rst  luby  svd  vmt   141   37K    5322 19133  1651    3.01    2.93  1324  1204   29K     9   44.65   44.63
c rst  luby  svd  vmt   142   37K    5322 19133  1651    3.01    2.93  1326  1205   29K     9   44.64   44.63
c rst  luby  svd  vmt   143   38K    5322 19133  1651    3.01    2.93  1327  1207   29K     9   44.54   44.53
c rst  geom best  vmt   144   38K    5322 19133  1651    3.01    2.93  1330  1214   29K     9   44.53   44.52
c rst  geom best  vmt   145   38K    5322 19133  1651    3.01    2.93  1330  1215   29K     9   44.61   44.59
c rst  geom best  vmt   146   38K    5322 19133  1651    3.01    2.93  1331  1222   30K     9   44.69   44.68
c rst  geom best  vmt   147   38K    5322 19133  1651    3.01    2.93  1332  1230   30K     9   44.64   44.63
c rst  geom best  vmt   148   38K    5322 19133  1651    3.01    2.93  1332  1234   30K     9   44.61   44.59
c rst  geom best  vmt   149   38K    5322 19133  1651    3.01    2.93  1336  1243   30K     9   44.59   44.58
c rst  geom best  vmt   150   39K    5322 19133  1651    3.01    2.93  1337  1248   30K     9   44.59   44.58
c rst  geom best  vmt   151   39K    5322 19133  1651    3.01    2.93  1337  1258   30K     9   44.57   44.56
c rst  geom best  vmt   152   39K    5322 19133  1651    3.01    2.93  1340  1277   31K     9   44.52   44.51
c rst  geom best  vmt   153   39K    5322 19133  1651    3.01    2.93  1343  1290   31K     9   44.42   44.41
c rst  geom best  vmt   154   40K    5322 19133  1651    3.01    2.93  1563  1085   31K     9   44.33   44.31
c [full-probe]  bin_only: 0 set: 0 repl: 0 T: 0.01 T-out: N T-r: 96.50%
c [impl-str] lit bin: 0 set-var: 0 T: 0.00 T-out: N T-r: 99.95% w-visit: 10644
c [impl-sub] bin: 5 T: 0.00 T-out: N w-visit: 10644
c rst  geom best  vmt   155   40K    5322 19133  1651    3.01    2.93  1568  1096   31K    10   44.23   44.22
c rst  geom best  vmt   156   40K    5322 19133  1651    3.01    2.93  1569  1103   32K    10   44.23   44.22
c rst  geom best  vmt   157   41K    5322 19133  1651    3.01    2.93  1573  1108   32K    10   44.23   44.22
c rst  geom best  vmt   158   41K    5322 19133  1651    3.01    2.93  1574  1112   33K    10   44.18   44.17
c rst  geom best  vmt   159   41K    5322 19133  1651    3.01    2.93  1577  1124   33K    10   44.10   44.09
c rst  geom best  vmt   160   42K    5322 19133  1651    3.01    2.93  1582  1131   33K    10   44.03   44.02
c [branch] adjusting to: vsid (from: vmtf) var_decay:0.95 descr: VSIDS
c rst  geom best   vs   161   42K    5322 19133  1651    3.01    2.93  1583  1132   34K    10   44.02   44.01
c rst  geom best   vs   162   42K    5322 19133  1651    3.01    2.93  1583  1132   34K    10   43.99   43.98
c rst  geom best   vs   163   42K    5322 19133  1651    3.01    2.93  1583  1132   34K    10   43.97   43.95
c rst  geom best   vs   164   42K    5322 19133  1651    3.01    2.93  1583  1133   34K    10   43.93   43.92
c rst  geom best   vs   165   43K    5322 19133  1651    3.01    2.93  1584  1135   34K    10   43.88   43.87
c rst  geom best   vs   166   43K    5322 19133  1651    3.01    2.93  1584  1136   34K    10   43.84   43.83
c rst  geom best   vs   167   43K    5322 19133  1651    3.01    2.93  1584  1139   35K    10   43.80   43.79
c rst  geom  stb   vs   168   43K    5322 19133  1651    3.01    2.93  1585  1144   35K    10   43.77   43.75
c rst  geom  stb   vs   169   43K    5322 19133  1651    3.01    2.93  1587  1144   35K    10   43.73   43.72
c rst  geom  stb   vs   170   44K    5322 19133  1651    3.01    2.93  1588  1145   35K    10   43.67   43.66
c [ccnr] tries: 0 steps: 262143 best found: 13
c [ccnr] tries: 0 steps: 524287 best found: 13
c [ccnr] tries: 0 steps: 786431 best found: 13
c [ccnr] tries: 1 steps: 262143 best found: 13
c [ccnr] tries: 1 steps: 524287 best found: 13
c [ccnr] saving best assignment phase to stable_polar
c [ccnr] bumping based on clause weights
c [ccnr] Bumped vars: 102 bump type: 6
c [ccnr] time: 0.49
c rst  geom  stb   vs   171   44K    5322 19133  1651    3.01    2.93  1590  1153   35K    10   43.67   43.66
c rst  geom  stb   vs   172   44K    5322 19133  1651    3.01    2.93  1593  1154   36K    10   43.64   43.62
c rst  geom  stb   vs   173   45K    5322 19133  1651    3.01    2.93  1620  1621   30K    10   41.22   41.20
c rst  geom  stb   vs   174   45K    5322 19133  1651    3.01    2.93  1620  1624   30K    10   41.20   41.19
c rst  geom  stb   vs   175   45K    5322 19133  1651    3.01    2.93  1621  1627   30K    10   41.11   41.10
c rst  geom  stb   vs   176   46K    5322 19133  1651    3.01    2.93  1622  1628   31K    10   41.08   41.07
c rst  geom  stb   vs   177   46K    5322 19133  1651    3.01    2.93  1622  1629   31K    10   41.02   41.01
c rst  geom  stb   vs   178   47K    5322 19133  1651    3.01    2.93  1623  1631   32K    10   40.91   40.90
c rst  geom  stb   vs   179   48K    5322 19133  1651    3.01    2.93  1625  1635   33K    10   40.81   40.80
c rst  geom  stb   vs   180   48K    5322 19133  1651    3.01    2.93  1627  1639   33K    10   40.76   40.75
c rst  geom  stb   vs   181   49K    5322 19133  1651    3.01    2.93  1628  1639   34K    10   40.67   40.66
c rst  geom ibes   vs   182   50K    5322 19133  1651    3.01    2.93  1721  1553   35K    10   40.85   40.84
c [gauss] XOR-encoding clauses are not detached, so no need to reattach them.
c [scc] new: 5 BP 0M T: 0.00
c [vrep] vars 5 lits 34423 rem-bin-cls 24 rem-long-cls 0 BP 0M T: 0.02
c [scc] new: 0 BP 0M T: 0.00
c [vrep] vars 0 lits 0 rem-bin-cls 0 rem-long-cls 0 BP 0M T: 0.00
c [intree] Set 0 vars hyper-added: 814 trans-irred: 0 trans-red: 11 T: 0.01 T-out: N T-r: -0.81%
c [find&init matx] performing matrix init
c [gauss] XOR-encoding clauses are not detached, so no need to reattach them.
c [matrix] unused xors from cleaning: 0
c rst  geom ibes   vs   183   51K    5317 19133  1641    3.01    2.93  1723  1564   36K   809   40.77   39.99
c [distill-long-red0] cls tried: 427/427 T: 0.01 T-out: N T-r: 99.36%
c [distill-long-red1] cls tried: 57/1386 T: 0.01 T-out: Y T-r: -2.19%
c rst  geom ibes   vs   184   52K    5317 19133  1641    3.01    2.93  1724  1567   36K   809   40.66   39.90
c [distill] watch-based irred--  cl tried    38265 cl-sh     0 cl-rem    1 lit-rem      0 T: 0.00 T-out: N
c [distill] watch-based   red--  cl tried     3448 cl-sh   116 cl-rem    0 lit-rem    196 T: 0.00 T-out: N
c rst  geom ibes   vs   185   53K    5317 19132  1642    3.01    2.93  1728  1576   38K   808   40.62   39.88
c [branch] adjusting to: vmtf (from: vsid) var_decay:0.95 descr: VMTF
c [distill-bin] useful: 0/1642/1642 lits-rem: 0 cl-rem: 0 0-depth-assigns: 0 T: 0.01 T-out: N
c rst  luby ibes  vmt   186   53K    5317 19132  1642    3.01    2.93  1729  1582   38K   808   40.72   39.98
c rst  luby ibes  vmt   187   53K    5317 19132  1642    3.01    2.93  1729  1585   38K   808   40.79   40.05
c rst  luby ibes  vmt   188   53K    5317 19132  1642    3.01    2.93  1732  1590   38K   808   40.81   40.08
c rst  luby ibes  vmt   189   53K    5317 19132  1642    3.01    2.93  1734  1593   38K   808   40.78   40.05
c rst  luby ibes  vmt   190   53K    5317 19132  1642    3.01    2.93  1734  1594   38K   808   40.79   40.06
c rst  luby ibes  vmt   191   53K    5317 19132  1642    3.01    2.93  1735  1596   38K   808   40.74   40.02
c rst  luby ibes  vmt   192   54K    5317 19132  1642    3.01    2.93  1739  1599   39K   808   40.67   39.95
c rst  luby ibes  vmt   193   54K    5317 19132  1642    3.01    2.93  1739  1600   39K   808   40.64   39.92
c rst  luby ibes  vmt   194   54K    5317 19132  1642    3.01    2.93  1739  1600   39K   808   40.61   39.90
c rst  luby ibes  vmt   195   54K    5317 19132  1642    3.01    2.93  1742  1611   39K   808   40.55   39.83
c rst  luby ibes  vmt   196   54K    5317 19132  1642    3.01    2.93  1745  1617   39K   808   40.52   39.81
c rst  luby ibes  vmt   197   54K    5317 19132  1642    3.01    2.93  1747  1618   39K   808   40.51   39.80
c rst  luby ibes  vmt   198   55K    5317 19132  1642    3.01    2.93  1751  1627   39K   808   40.47   39.77
c rst  luby  svd  vmt   199   55K    5317 19132  1642    3.01    2.93  1753  1635   40K   808   40.41   39.72
c rst  luby  svd  vmt   200   56K    5317 19132  1642    3.01    2.93  1757  1655   40K   808   40.35   39.66
c recursive minimization cost OK: 414Kcost/(% lits removed)
c [gauss] XOR-encoding clauses are not detached, so no need to reattach them.
c --> Executing strategy token: scc-vrepl
c [scc] new: 1 BP 0M T: 0.00
c --> Executing strategy token: sub-impl
c [impl-sub] bin: 0 T: 0.00 T-out: N w-visit: 10644
c --> Executing strategy token: breakid
c --> Executing OCC strategy token(s): 'occ-backw-sub-str,occ-clean-implicit,occ-bve,occ-bva,occ-ternary-res,occ-xor,'
c [occ] mem usage for occur      1 MB
c [occ] Linked in IRRED BIN by default: 1642
c [occ] Linked in RED   BIN by default: 808
c [occ] mem usage for occur      0 MB
c Mem for watch alloc      : 3           MB (16.26     %)
c Mem for watch array      : 0           MB (1.08      %)
c --> Executing OCC strategy token: occ-backw-sub-str
c [occ-backw-sub-str-long-w-bins] subs: 0 str: 1 tried: 2450 0-depth ass: 0 T: 0.00 T-out: N T-r: 99.54%
c [occ-backw-sub-long-w-long] rem cl: 233 tried: 63403/63403 (100.0%) T: 0.01 T-out: N T-r: 97.90%
c [occ-backw-sub-str-long-w-long] sub: 2 str: 5 tried: 190209/63403 (300.0)  T: 0.04 T-out: N T-r: 91.32%
c --> Executing OCC strategy token: occ-clean-implicit
c --> Executing OCC strategy token: occ-bve
c [occ-empty-res] Empty resolvent elimed: 0 T: 0.00 T-out: N
c [occ-bve] iter v-elim 2441
c cl_inc_rate=1.0, var_dec_rate=1.8 (grow=0)
c Reduced to 2876 vars, 20629 cls (grow=0)
c [occ-bve] iter v-elim 100
c cl_inc_rate=1.0, var_dec_rate=1.0 (grow=8)
c Reduced to 2776 vars, 21037 cls (grow=8)
c x n vars       : 2776
c #try to eliminate: 11340
c #var-elim        :  2541
c #T-o: N
c #T-r: 99.98%
c #T  : 0.07
c [occur] 0.02 is overhead
c [occur] link-in T: 0.02 cleanup T: 0.00
c --> Executing OCC strategy token: occ-bva
c --> Executing OCC strategy token: occ-ternary-res
c [occ-ternary-res] Ternary res-tri: 274 res-bin: 0 sub: 6 str: 0 T: 0.00 T-out: N T-r: 99.09%
c --> Executing OCC strategy token: occ-xor
c [occ-xor] sort occur list T: 0.00
c [xor-clean-equiv] removed equivalent xors: 0 left with: 2125
c [occ-xor] found   2125 avg sz 4.0 min sz  4 max sz  5 T: 0.00 T-out: N T-r: 99.98%
c --> Executing strategy token: card-find
c --> Executing strategy token: cl-consolidate
c [mem] consolidate  old-sz: 11680K new-sz: 2679K new bits offs: 19 T: 0.00
c --> Executing strategy token: scc-vrepl
c [scc] new: 1 BP 0M T: 0.00
c --> Executing strategy token: renumber
c [gauss] XOR-encoding clauses are not detached, so no need to reattach them.
c [renumber] T: 0.00
c --> Executing strategy token: bosphorus
c --> Executing strategy token: louvain-comms
c [consolidate] mini T: 0.00
c global_timeout_multiplier: 3.3000
c [branch] rebuilding order heap for all branchings. Current branching: vmtf
c [find&init matx] performing matrix init
c [gauss] XOR-encoding clauses are not detached, so no need to reattach them.
c [xor-rem-unconnected] left with 2125 xors from 2125 non-empty xors T: 0.00
c [xor-together] xored together: 2082 orig xors: 2125 new xors: 43 T: 0.00
c [xor-rem-unconnected] left with 43 xors from 43 non-empty xors T: 0.00
c [xor-clean-equiv] removed equivalent xors: 0 left with: 43
c [matrix] unused xors from cleaning: 0
c [matrix] Good   matrix  0     43 x  464  density:0.2196  xorlen avg: 101.91
c [matrix] Using 1 matrices recovered from 0 xors T: 0.00 T-out: N
c rst  luby  svd  vmt   201   56K    2776   20K   814    4.00    3.93   303   554 12258    74   28.58   28.43
c rst  luby  svd  vmt   202   56K    2776   20K   814    4.00    3.93   303   554 12359    74   28.84   28.69
c rst  luby  svd  vmt   203   56K    2776   20K   814    4.00    3.93   303   554 12462    74   29.00   28.85
c rst  luby  svd  vmt   204   56K    2776   20K   814    4.00    3.93   303   554 12664    74   29.19   29.04
c rst  luby  svd  vmt   205   56K    2776   20K   814    4.00    3.93   303   554 12766    74   29.27   29.12
c rst  luby  svd  vmt   206   56K    2776   20K   814    4.00    3.93   303   554 12868    74   29.51   29.36
c rst  luby  svd  vmt   207   57K    2776   20K   814    4.00    3.93   303   555 13069    74   29.52   29.37
c rst  luby  svd  vmt   208   57K    2776   20K   814    4.00    3.93   303   555 13471    74   29.45   29.31
c rst  luby  svd  vmt   209   57K    2776   20K   814    4.00    3.93   303   555 13573    74   29.44   29.30
c rst  luby  svd  vmt   210   57K    2776   20K   814    4.00    3.93   303   555 13675    74   29.43   29.29
c rst  luby  svd  vmt   211   57K    2776   20K   814    4.00    3.93   303   555 13877    74   29.39   29.26
c rst  luby  svd  vmt   212   58K    2776   20K   814    4.00    3.93   303   555 13979    74   29.39   29.25
c rst  luby  svd  vmt   213   58K    2776   20K   814    4.00    3.93   303   555 14081    74   29.38   29.24
c rst  luby  svd  vmt   214   58K    2776   20K   814    4.00    3.93   303   555 14283    74   29.35   29.22
c rst  luby  svd  vmt   215   58K    2776   20K   814    4.00    3.93   303   555 14685    74   29.28   29.16
c rst  luby  svd  vmt   216   59K    2776   20K   814    4.00    3.93   303   555 15487    74   29.18   29.05
c rst  luby  svd  vmt   217   61K    2776   20K   814    4.00    3.93   306   552 15414    74   29.32   29.20
c [full-probe]  bin_only: 1 set: 0 repl: 0 T: 0.00 T-out: N T-r: 99.81%
c rst  geom best  vmt   218   61K    2776   20K   814    4.00    3.93   306   552 15525    74   29.44   29.31
c rst  geom best  vmt   219   61K    2776   20K   814    4.00    3.93   307   552 15646    74   29.56   29.43
c rst  geom best  vmt   220   61K    2776   20K   814    4.00    3.93   307   552 15780    74   29.62   29.50
c rst  geom best  vmt   221   61K    2776   20K   814    4.00    3.93   307   552 15927    74   29.71   29.59
c rst  geom best  vmt   222   61K    2776   20K   814    4.00    3.93   307   552 16088    74   29.69   29.57
c rst  geom best  vmt   223   61K    2776   20K   814    4.00    3.93   307   552 16265    74   29.86   29.74
c rst  geom best  vmt   224   62K    2776   20K   814    4.00    3.93   307   552 16459    74   29.92   29.80
c rst  geom best  vmt   225   62K    2776   20K   814    4.00    3.93   307   552 16673    74   30.07   29.95
c rst  geom best  vmt   226   62K    2776   20K   814    4.00    3.93   307   552 16907    74   30.17   30.05
c rst  geom best  vmt   227   62K    2776   20K   814    4.00    3.93   307   552 17165    74   30.29   30.18
c rst  geom best  vmt   228   63K    2776   20K   814    4.00    3.93   307   552 17447    74   30.23   30.12
c [branch] adjusting to: vsid (from: vmtf) var_decay:0.95 descr: VSIDS
c rst  geom best   vs   229   63K    2776   20K   814    4.00    3.93   307   552 17558    74   30.26   30.15
c rst  geom best   vs   230   63K    2776   20K   814    4.00    3.93   307   552 17681    74   30.40   30.29
c rst  geom best   vs   231   63K    2776   20K   814    4.00    3.93   307   553 17815    74   30.50   30.39
c rst  geom best   vs   232   63K    2776   20K   814    4.00    3.93   307   555 17961    74   30.61   30.50
c rst  geom best   vs   233   63K    2776   20K   814    4.00    3.93   307   555 18122    74   30.73   30.62
c rst  geom best   vs   234   64K    2776   20K   814    4.00    3.93   307   555 18299    74   30.87   30.76
c rst  geom best   vs   235   64K    2776   20K   814    4.00    3.93   307   555 18493    74   30.97   30.86
c rst  geom best   vs   236   64K    2776   20K   814    4.00    3.93   307   555 18706    74   31.20   31.09
c rst  geom best   vs   237   64K    2776   20K   814    4.00    3.93   307   555 18941    74   31.25   31.14
c rst  geom best   vs   238   64K    2776   20K   814    4.00    3.93   307   556 19197    74   31.30   31.19
c rst  geom best   vs   239   65K    2776   20K   814    4.00    3.93   307   556 19480    74   31.43   31.33
c rst  geom best   vs   240   65K    2776   20K   814    4.00    3.93   307   556 19791    74   31.48   31.38
c rst  geom best   vs   241   65K    2776   20K   814    4.00    3.93   307   556   20K    74   31.74   31.64
c rst  geom best   vs   242   66K    2776   20K   814    4.00    3.93   307   556   20K    74   31.78   31.68
c [distill-long-red0] cls tried: 53/53 T: 0.00 T-out: N T-r: 99.96%
c [distill-long-red1] cls tried: 124/262 T: 0.00 T-out: Y T-r: -0.99%
c rst  geom best   vs   243   66K    2776   20K   814    4.00    3.93   307   556   20K    74   31.90   31.80
c rst  geom best   vs   244   67K    2776   20K   814    4.00    3.93   307   556   21K    74   31.98   31.88
c rst  geom  stb   vs   245   67K    2776   20K   814    4.00    3.93   307   556   21K    74   32.14   32.04
c rst  geom  stb   vs   246   68K    2776   20K   814    4.00    3.93   307   556   22K    74   32.03   31.93
c rst  geom  stb   vs   247   68K    2776   20K   814    4.00    3.93   307   556   23K    74   31.89   31.80
c rst  geom  stb   vs   248   69K    2776   20K   814    4.00    3.93   307   556   23K    74   31.90   31.81
c rst  geom  stb   vs   249   70K    2776   20K   814    4.00    3.93   310   553   24K    74   32.31   32.22
c rst  geom  stb   vs   250   70K    2776   20K   814    4.00    3.93   310   553   25K    74   32.07   31.98
c rst  geom  stb   vs   251   71K    2776   20K   814    4.00    3.93   310   553   26K    74   31.91   31.83
c rst  geom  stb   vs   252   72K    2776   20K   814    4.00    3.93   310   554   27K    74   31.71   31.63
c rst  geom  stb   vs   253   73K    2776   20K   814    4.00    3.93   310   554   28K    74   31.45   31.37
c [distill-bin] useful: 0/814/814 lits-rem: 0 cl-rem: 0 0-depth-assigns: 0 T: 0.00 T-out: N
c rst  geom ibes   vs   254   74K    2776   20K   814    4.00    3.93   310   554   29K    74   31.19   31.12
c [branch] adjusting to: vmtf (from: vsid) var_decay:0.95 descr: VMTF
c rst  luby ibes  vmt   255   75K    2776   20K   814    4.00    3.93   310   560   26K    74   30.34   30.26
c rst  luby ibes  vmt   256   75K    2776   20K   814    4.00    3.93   310   560   26K    74   30.35   30.27
c rst  luby ibes  vmt   257   75K    2776   20K   814    4.00    3.93   310   560   26K    74   30.29   30.21
c rst  luby ibes  vmt   258   75K    2776   20K   814    4.00    3.93   310   560   26K    74   30.25   30.18
c rst  luby ibes  vmt   259   75K    2776   20K   814    4.00    3.93   310   560   26K    74   30.23   30.16
c rst  luby ibes  vmt   260   75K    2776   20K   814    4.00    3.93   311   560   27K    74   30.17   30.10
c rst  luby ibes  vmt   261   76K    2776   20K   814    4.00    3.93   312   562   27K    74   30.18   30.10
c rst  luby ibes  vmt   262   76K    2776   20K   814    4.00    3.93   312   562   27K    74   30.15   30.07
c rst  luby ibes  vmt   263   76K    2776   20K   814    4.00    3.93   312   562   27K    74   30.13   30.06
c rst  luby ibes  vmt   264   76K    2776   20K   814    4.00    3.93   312   562   27K    74   30.06   29.99
c rst  luby ibes  vmt   265   76K    2776   20K   814    4.00    3.93   312   562   28K    74   30.03   29.96
c rst  luby ibes  vmt   266   76K    2776   20K   814    4.00    3.93   312   562   28K    74   30.02   29.95
c rst  luby ibes  vmt   267   76K    2776   20K   814    4.00    3.93   312   562   28K    74   29.99   29.92
c rst  luby ibes  vmt   268   77K    2776   20K   814    4.00    3.93   312   562   28K    74   29.84   29.77
c [distill] watch-based irred--  cl tried     5710 cl-sh     0 cl-rem    0 lit-rem      0 T: 0.00 T-out: N
c [distill] watch-based   red--  cl tried      624 cl-sh     2 cl-rem    0 lit-rem      5 T: 0.00 T-out: N
c rst  luby ibes  vmt   269   78K    2776   20K   814    4.00    3.93   312   562   29K    74   29.57   29.51
c rst  luby ibes  vmt   270   78K    2776   20K   814    4.00    3.93   312   562   29K    74   29.56   29.49
c rst  luby ibes  vmt   271   78K    2776   20K   814    4.00    3.93   312   562   29K    74   29.53   29.47
c rst  luby ibes  vmt   272   78K    2776   20K   814    4.00    3.93   312   562   29K    74   29.48   29.41
c rst  luby ibes  vmt   273   78K    2776   20K   814    4.00    3.93   312   562   30K    74   29.50   29.43
c rst  luby ibes  vmt   274   78K    2776   20K   814    4.00    3.93   312   562   30K    74   29.49   29.42
c rst  luby ibes  vmt   275   78K    2776   20K   814    4.00    3.93   312   562   30K    74   29.51   29.44
c rst  luby ibes  vmt   276   79K    2776   20K   814    4.00    3.93   312   563   30K    74   29.42   29.36
c rst  luby ibes  vmt   277   79K    2776   20K   814    4.00    3.93   312   563   30K    74   29.41   29.34
c rst  luby ibes  vmt   278   79K    2776   20K   814    4.00    3.93   312   563   30K    74   29.39   29.32
c rst  luby  svd  vmt   279   79K    2776   20K   814    4.00    3.93   312   563   31K    74   29.41   29.35
c rst  luby  svd  vmt   280   79K    2776   20K   814    4.00    3.93   312   563   31K    74   29.43   29.37
c rst  luby  svd  vmt   281   79K    2776   20K   814    4.00    3.93   312   563   31K    74   29.46   29.40
c rst  luby  svd  vmt   282   80K    2776   20K   814    4.00    3.93   316   548   31K    74   29.51   29.45
c rst  luby  svd  vmt   283   80K    2776   20K   814    4.00    3.93   316   548   31K    74   29.61   29.55
c rst  luby  svd  vmt   284   81K    2776   20K   814    4.00    3.93   316   548   32K    74   29.68   29.62
c [distill-long-red0] cls tried: 10/10 T: 0.00 T-out: N T-r: 99.99%
c [distill-long-red1] cls tried: 138/139 T: 0.01 T-out: Y T-r: -0.45%
c [full-probe]  bin_only: 0 set: 0 repl: 0 T: 0.00 T-out: N T-r: 97.76%
c rst  luby  svd  vmt   285   82K    2776   20K   814    4.00    3.93   316   548   34K    74   29.74   29.68
c rst  luby  svd  vmt   286   83K    2776   20K   814    4.00    3.93   316   548   34K    74   29.75   29.70
c rst  luby  svd  vmt   287   83K    2776   20K   814    4.00    3.93   316   548   34K    74   29.76   29.71
c rst  luby  svd  vmt   288   83K    2776   20K   814    4.00    3.93   316   548   34K    74   29.79   29.73
c rst  luby  svd  vmt   289   83K    2776   20K   814    4.00    3.93   316   548   34K    74   29.82   29.76
c rst  luby  svd  vmt   290   83K    2776   20K   814    4.00    3.93   316   548   35K    74   29.87   29.81
c rst  luby  svd  vmt   291   83K    2776   20K   814    4.00    3.93   317   548   35K    74   29.95   29.89
c rst  luby  svd  vmt   292   84K    2776   20K   814    4.00    3.93   317   548   35K    74   30.16   30.10
c rst  luby  svd  vmt   293   84K    2776   20K   814    4.00    3.93   317   548   35K    74   30.16   30.11
c rst  luby  svd  vmt   294   84K    2776   20K   814    4.00    3.93   317   548   35K    74   30.15   30.09
c rst  luby  svd  vmt   295   84K    2776   20K   814    4.00    3.93   317   548   36K    74   30.14   30.08
c rst  luby  svd  vmt   296   84K    2776   20K   814    4.00    3.93   317   549   36K    74   30.17   30.11
c rst  luby  svd  vmt   297   84K    2776   20K   814    4.00    3.93   317   549   36K    74   30.17   30.12
c rst  luby  svd  vmt   298   85K    2776   20K   814    4.00    3.93   317   549   36K    74   30.20   30.15
c rst  luby  svd  vmt   299   85K    2776   20K   814    4.00    3.93   317   549   36K    74   30.32   30.27
c rst  luby  svd  vmt   300   86K    2776   20K   814    4.00    3.93   319   554   37K    74   30.65   30.60
c rst  geom best  vmt   301   86K    2776   20K   814    4.00    3.93   319   554   37K    74   30.62   30.56
c rst  geom best  vmt   302   86K    2776   20K   814    4.00    3.93   319   554   37K    74   30.62   30.57
c rst  geom best  vmt   303   86K    2776   20K   814    4.00    3.93   319   554   37K    74   30.63   30.58
c rst  geom best  vmt   304   86K    2776   20K   814    4.00    3.93   319   554   38K    74   30.64   30.59
c rst  geom best  vmt   305   86K    2776   20K   814    4.00    3.93   319   554   38K    74   30.63   30.58
c rst  geom best  vmt   306   87K    2776   20K   814    4.00    3.93   320   554   38K    74   30.61   30.55
c rst  geom best  vmt   307   87K    2776   20K   814    4.00    3.93   320   554   38K    74   30.57   30.52
c rst  geom best  vmt   308   87K    2776   20K   814    4.00    3.93   320   554   38K    74   30.55   30.49
c rst  geom best  vmt   309   87K    2776   20K   814    4.00    3.93   320   554   39K    74   30.57   30.51
c [branch] adjusting to: vsid (from: vmtf) var_decay:0.95 descr: VSIDS
c rst  geom best   vs   310   87K    2776   20K   814    4.00    3.93   320   554   39K    74   30.58   30.53
c rst  geom best   vs   311   87K    2776   20K   814    4.00    3.93   320   554   39K    74   30.61   30.56
c rst  geom best   vs   312   88K    2776   20K   814    4.00    3.93   320   554   39K    74   30.62   30.57
c rst  geom best   vs   313   88K    2776   20K   814    4.00    3.93   320   554   39K    74   30.62   30.56
c [ccnr] tries: 0 steps: 262143 best found: 15
c [ccnr] tries: 0 steps: 524287 best found: 7
c [ccnr] tries: 0 steps: 786431 best found: 7
c [ccnr] saving best assignment phase to stable_polar
c [ccnr] bumping based on var unsat frequency: conflict_ct
c [ccnr] Bumped vars: 2776 bump type: 6
c [ccnr] time: 0.40
c rst  geom best   vs   314   88K    2776   20K   814    4.00    3.93   320   554   39K    74   30.58   30.53
c rst  geom best   vs   315   88K    2776   20K   814    4.00    3.93   320   554   39K    74   30.56   30.51
c rst  geom best   vs   316   88K    2776   20K   814    4.00    3.93   320   554   40K    74   30.55   30.50
c rst  geom best   vs   317   88K    2776   20K   814    4.00    3.93   320   554   40K    74   30.61   30.56
c rst  geom best   vs   318   89K    2776   20K   814    4.00    3.93   320   554   40K    74   30.61   30.56
c rst  geom best   vs   319   89K    2776   20K   814    4.00    3.93   320   554   40K    74   30.72   30.67
c rst  geom best   vs   320   89K    2776   20K   814    4.00    3.93   320   554   41K    74   30.76   30.71
c rst  geom best   vs   321   90K    2776   20K   814    4.00    3.93   324   537   28K    74   31.44   31.36
c rst  geom best   vs   322   90K    2776   20K   814    4.00    3.93   324   537   29K    74   31.70   31.63
c rst  geom best   vs   323   90K    2776   20K   814    4.00    3.93   324   537   29K    74   31.85   31.78
c rst  geom best   vs   324   91K    2776   20K   814    4.00    3.93   324   537   30K    74   31.76   31.69
c rst  geom best   vs   325   91K    2776   20K   814    4.00    3.93   324   538   30K    74   31.74   31.67
c rst  geom best   vs   326   92K    2776   20K   814    4.00    3.93   324   538   31K    74   31.84   31.77
c rst  geom  stb   vs   327   92K    2776   20K   814    4.00    3.93   324   540   31K    74   31.97   31.90
c rst  geom  stb   vs   328   93K    2776   20K   814    4.00    3.93   324   540   32K    74   31.98   31.91
c rst  geom  stb   vs   329   93K    2776   20K   814    4.00    3.93   324   540   32K    74   32.16   32.09
c [distill-bin] useful: 0/814/814 lits-rem: 0 cl-rem: 0 0-depth-assigns: 0 T: 0.00 T-out: N
c rst  geom  stb   vs   330   94K    2776   20K   814    4.00    3.93   324   540   33K    74   32.16   32.10
c rst  geom  stb   vs   331   95K    2776   20K   814    4.00    3.93   324   540   34K    74   32.21   32.14
c rst  geom  stb   vs   332   96K    2776   20K   814    4.00    3.93   324   540   35K    74   32.19   32.13
c rst  geom  stb   vs   333   97K    2776   20K   814    4.00    3.93   324   540   36K    74   32.55   32.49
c [distill-long-red0] cls tried: 8/8 T: 0.00 T-out: N T-r: 99.99%
c [distill-long-red1] cls tried: 12/12 T: 0.00 T-out: N T-r: 79.50%
c rst  geom  stb   vs   334   98K    2776   20K   814    4.00    3.93   324   540   37K    74   32.49   32.43
c rst  geom ibes   vs   335   99K    2776   20K   814    4.00    3.93   324   540   38K    74   32.55   32.49
c rst  geom ibes   vs   336  100K    2776   20K   814    4.00    3.93   328   507   39K    74   32.28   32.23
c [impl-str] lit bin: 0 set-var: 0 T: 0.00 T-out: N T-r: 99.96% w-visit: 5552
c [impl-sub] bin: 2 T: 0.00 T-out: N w-visit: 5552
c rst  geom ibes   vs   337  102K    2776   20K   814    4.00    3.93   328   507   41K    72   31.99   31.94
c [branch] adjusting to: vmtf (from: vsid) var_decay:0.95 descr: VMTF
c [full-probe]  bin_only: 1 set: 0 repl: 0 T: 0.00 T-out: N T-r: 99.84%
c rst  luby ibes  vmt   338  102K    2776   20K   814    4.00    3.93   332   518   41K    73   31.99   31.94
c rst  luby ibes  vmt   339  102K    2776   20K   814    4.00    3.93   332   518   41K    73   32.02   31.97
c [distill] watch-based irred--  cl tried     5710 cl-sh     0 cl-rem    0 lit-rem      0 T: 0.00 T-out: N
c [distill] watch-based   red--  cl tried      664 cl-sh     3 cl-rem    0 lit-rem      7 T: 0.00 T-out: N
c rst  luby ibes  vmt   340  102K    2776   20K   814    4.00    3.93   332   518   41K    73   32.09   32.04
c rst  luby ibes  vmt   341  102K    2776   20K   814    4.00    3.93   332   518   41K    73   32.10   32.04
c rst  luby ibes  vmt   342  102K    2776   20K   814    4.00    3.93   332   518   41K    73   32.09   32.04
c rst  luby ibes  vmt   343  102K    2776   20K   814    4.00    3.93   332   518   41K    73   32.04   31.99
c rst  luby ibes  vmt   344  103K    2776   20K   814    4.00    3.93   332   518   42K    73   31.92   31.87
c rst  luby ibes  vmt   345  103K    2776   20K   814    4.00    3.93   332   518   42K    73   31.89   31.84
c rst  luby ibes  vmt   346  103K    2776   20K   814    4.00    3.93   332   518   42K    73   31.87   31.82
c rst  luby ibes  vmt   347  103K    2776   20K   814    4.00    3.93   332   518   42K    73   31.89   31.84
c rst  luby ibes  vmt   348  103K    2776   20K   814    4.00    3.93   332   518   42K    73   31.87   31.82
c rst  luby ibes  vmt   349  103K    2776   20K   814    4.00    3.93   332   518   42K    73   31.85   31.80
c rst  luby ibes  vmt   350  104K    2776   20K   814    4.00    3.93   332   518   43K    73   31.83   31.78
c rst  luby ibes  vmt   351  104K    2776   20K   814    4.00    3.93   332   518   43K    73   31.78   31.73
c rst  luby  svd  vmt   352  105K    2776   20K   814    4.00    3.93   332   526   34K    73   30.54   30.48
c rst  luby  svd  vmt   353  105K    2776   20K   814    4.00    3.93   332   526   34K    73   30.53   30.47
c rst  luby  svd  vmt   354  105K    2776   20K   814    4.00    3.93   332   526   34K    73   30.51   30.45
c rst  luby  svd  vmt   355  105K    2776   20K   814    4.00    3.93   332   526   34K    73   30.45   30.39
c rst  luby  svd  vmt   356  105K    2776   20K   814    4.00    3.93   332   526   34K    73   30.42   30.36
c rst  luby  svd  vmt   357  106K    2776   20K   814    4.00    3.93   332   526   34K    73   30.39   30.33
c rst  luby  svd  vmt   358  106K    2776   20K   814    4.00    3.93   332   526   34K    73   30.32   30.26
c rst  luby  svd  vmt   359  106K    2776   20K   814    4.00    3.93   332   526   35K    73   30.22   30.16
c rst  luby  svd  vmt   360  106K    2776   20K   814    4.00    3.93   332   526   35K    73   30.26   30.20
c rst  luby  svd  vmt   361  106K    2776   20K   814    4.00    3.93   332   526   35K    73   30.29   30.24
c rst  luby  svd  vmt   362  107K    2776   20K   814    4.00    3.93   332   526   35K    73   30.38   30.32
c rst  luby  svd  vmt   363  107K    2776   20K   814    4.00    3.93   332   526   35K    73   30.40   30.34
c rst  luby  svd  vmt   364  107K    2776   20K   814    4.00    3.93   332   526   35K    73   30.39   30.33
c rst  luby  svd  vmt   365  107K    2776   20K   814    4.00    3.93   332   526   36K    73   30.38   30.32
c rst  luby  svd  vmt   366  107K    2776   20K   814    4.00    3.93   332   526   36K    73   30.34   30.29
c rst  luby  svd  vmt   367  108K    2776   20K   814    4.00    3.93   332   526   37K    73   30.22   30.17
c rst  luby  svd  vmt   368  110K    2776   20K   814    4.00    3.93   333   481   38K    73   30.11   30.06
c rst  luby  svd  vmt   369  110K    2776   20K   814    4.00    3.93   333   483   39K    73   30.14   30.08
c rst  luby  svd  vmt   370  110K    2776   20K   814    4.00    3.93   333   483   39K    73   30.13   30.08
c rst  luby  svd  vmt   371  110K    2776   20K   814    4.00    3.93   333   483   39K    73   30.15   30.10
c rst  luby  svd  vmt   372  110K    2776   20K   814    4.00    3.93   333   483   39K    73   30.16   30.11
c rst  geom best  vmt   373  110K    2776   20K   814    4.00    3.93   333   483   39K    73   30.23   30.18
c rst  geom best  vmt   374  110K    2776   20K   814    4.00    3.93   333   483   39K    73   30.22   30.17
c rst  geom best  vmt   375  111K    2776   20K   814    4.00    3.93   333   483   39K    73   30.21   30.16
c rst  geom best  vmt   376  111K    2776   20K   814    4.00    3.93   333   483   40K    73   30.20   30.15
c rst  geom best  vmt   377  111K    2776   20K   814    4.00    3.93   333   483   40K    73   30.18   30.13
c rst  geom best  vmt   378  111K    2776   20K   814    4.00    3.93   333   483   40K    73   30.16   30.11
c rst  geom best  vmt   379  111K    2776   20K   814    4.00    3.93   333   483   40K    73   30.13   30.09
c rst  geom best  vmt   380  111K    2776   20K   814    4.00    3.93   333   483   40K    73   30.10   30.05
c rst  geom best  vmt   381  112K    2776   20K   814    4.00    3.93   333   483   40K    73   30.08   30.03
c rst  geom best  vmt   382  112K    2776   20K   814    4.00    3.93   333   483   41K    73   30.04   30.00
c [distill-long-red0] cls tried: 8/8 T: 0.00 T-out: N T-r: 100.00%
c [distill-long-red1] cls tried: 20/20 T: 0.00 T-out: N T-r: 78.21%
c rst  geom best  vmt   383  112K    2776   20K   814    4.00    3.93   333   483   41K    73   30.01   29.96
c rst  geom best  vmt   384  113K    2776   20K   814    4.00    3.93   333   483   41K    73   29.96   29.91
c rst  geom best  vmt   385  113K    2776   20K   814    4.00    3.93   333   483   42K    73   29.90   29.85
c rst  geom best  vmt   386  113K    2776   20K   814    4.00    3.93   333   483   42K    73   30.09   30.04
c rst  geom best  vmt   387  114K    2776   20K   814    4.00    3.93   333   483   42K    73   30.23   30.18
c [distill-bin] useful: 0/814/814 lits-rem: 0 cl-rem: 0 0-depth-assigns: 0 T: 0.00 T-out: N
c rst  geom best  vmt   388  114K    2776   20K   814    4.00    3.93   333   483   43K    73   30.42   30.38
c rst  geom best  vmt   389  115K    2776   20K   814    4.00    3.93   333   483   43K    73   30.55   30.50
c rst  geom best  vmt   390  115K    2776   20K   814    4.00    3.93   333   483   44K    73   30.54   30.49
c [gauss] XOR-encoding clauses are not detached, so no need to reattach them.
c [g 0] truth-find prop checks  : 910K
c [g 0] -> of which prop        : 75.97 %
c [g 0] -> of which confl       :  3.39 %
c [g 0] elim called             : 29K
c [g 0] ---> which lead to prop : 68.31 %
c [g 0] ---> which lead to confl:  1.91 %
c [g 0] size: 43    x 464  
c [scc] new: 1 BP 0M T: 0.00
c [vrep] vars 1 lits 3719 rem-bin-cls 4 rem-long-cls 0 BP 0M T: 0.01
c [scc] new: 0 BP 0M T: 0.00
c [vrep] vars 0 lits 0 rem-bin-cls 0 rem-long-cls 0 BP 0M T: 0.00
c [intree] Set 0 vars hyper-added: 0 trans-irred: 0 trans-red: 1 T: 0.00 T-out: N T-r: -1.10%
c [find&init matx] performing matrix init
c [gauss] XOR-encoding clauses are not detached, so no need to reattach them.
c [xor-rem-unconnected] left with 2125 xors from 2125 non-empty xors T: 0.00
c [xor-together] xored together: 2077 orig xors: 2125 new xors: 48 T: 0.00
c [xor-rem-unconnected] left with 48 xors from 48 non-empty xors T: 0.00
c [xor-clean-equiv] removed equivalent xors: 0 left with: 48
c [matrix] unused xors from cleaning: 0
c [matrix] Good   matrix 0 48      x468    density:0.1955  xorlen avg: 91.50
c [matrix] Using 1 matrices recovered from 0 xors T: 0.00 T-out: N
c rst  geom best vmt  391   116 K 2775      20K   812 4.00    3.93      333   483   45K    72 30.56   30.51  
c rst  geom best vmt  392   116 K 2775      20K   812 4.00    3.93      333   483   45K    72 30.38   30.33  
c rst  geom stb  vmt  393   117 K 2775      20K   812 4.00    3.93      333   483   46K    72 30.32   30.28  
c [branch] adjusting to: vsid (from: vmtf) var_decay:0.95 descr: VSIDS
c rst  geom stb  vs   394   117 K 2775      20K   812 4.00    3.93      333   483   46K    72 30.34   30.30  
c rst  geom stb  vs   395   117 K 2775      20K   812 4.00    3.93      333   483   46K    72 30.34   30.30  
c rst  geom stb  vs   396   118 K 2775      20K   812 4.00    3.93      333   483   46K    72 30.33   30.29  
c rst  geom stb  vs   397   118 K 2775      20K   812 4.00    3.93      333   483   46K    72 30.34   30.30  
c rst  geom stb  vs   398   118 K 2775      20K   812 4.00    3.93      333   483   47K    72 30.34   30.29  
c rst  geom stb  vs   399   118 K 2775      20K   812 4.00    3.93      333   483   47K    72 30.35   30.31  
c rst  geom stb  vs   400   118 K 2775      20K   812 4.00    3.93      333   483   47K    72 30.33   30.29  
c rst  geom stb  vs   401   118 K 2775      20K   812 4.00    3.93      333   483   47K    72 30.30   30.26  
c rst  geom stb  vs   402   119 K 2775      20K   812 4.00    3.93      333   483   47K    72 30.27   30.23  
c rst  geom stb  vs   403   119 K 2775      20K   812 4.00    3.93      333   483   48K    72 30.24   30.20  
c rst  geom stb  vs   404   119 K 2775      20K   812 4.00    3.93      333   483   48K    72 30.24   30.20  
c rst  geom stb  vs   405   120 K 2775      20K   812 4.00    3.93      333   445   36K    72 30.99   30.93  
c rst  geom stb  vs   406   120 K 2775      20K   812 4.00    3.93      333   445   36K    72 30.99   30.94  
c rst  geom stb  vs   407   120 K 2775      20K   812 4.00    3.93      333   445   36K    72 30.99   30.93  
c rst  geom stb  vs   408   121 K 2775      20K   812 4.00    3.93      334   445   37K    72 30.98   30.93  
c rst  geom stb  vs   409   121 K 2775      20K   812 4.00    3.93      334   445   37K    72 30.94   30.89  
c rst  geom stb  vs   410   122 K 2775      20K   812 4.00    3.93      334   445   38K    72 30.89   30.84  
c rst  geom stb  vs   411   122 K 2775      20K   812 4.00    3.93      334   445   38K    72 30.80   30.75  
c [full-probe]  bin_only: 0 set: 0 repl: 0 T: 0.00 T-out: N T-r: 98.19%
c rst  geom stb  vs   412   123 K 2775      20K   812 4.00    3.93      334   445   39K    72 30.69   30.64  
c rst  geom ibes vs   413   123 K 2775      20K   812 4.00    3.93      334   445   39K    72 30.56   30.51  
c rst  geom ibes vs   414   124 K 2775      20K   812 4.00    3.93      334   446   40K    72 30.34   30.29  
c rst  geom ibes vs   415   125 K 2775      20K   812 4.00    3.93      334   446   41K    72 30.36   30.31  
c rst  geom ibes vs   416   126 K 2775      20K   812 4.00    3.93      334   446   42K    72 30.24   30.20  
c rst  geom ibes vs   417   127 K 2775      20K   812 4.00    3.93      334   446   43K    72 30.20   30.16  
c rst  geom ibes vs   418   128 K 2775      20K   812 4.00    3.93      334   446   44K    72 30.21   30.16  
c [distill-long-red0] cls tried: 1/1 T: 0.00 T-out: N T-r: 100.00%
c [distill-long-red1] cls tried: 1/1 T: 0.00 T-out: N T-r: 97.28%
c [distill] watch-based irred--  cl tried 5710     cl-sh 0     cl-rem 0    lit-rem 0      T: 0.00 T-out: N
c [distill] watch-based red  --  cl tried 668      cl-sh 0     cl-rem 0    lit-rem 0      T: 0.00 T-out: N
c rst  geom ibes vs   419   129 K 2775      20K   812 4.00    3.93      334   446   45K    72 30.11   30.06  
c rst  geom ibes vs   420   130 K 2775      20K   812 4.00    3.93      335   339   46K    72 30.29   30.24  
c rst  geom svd  vs   421   132 K 2775      20K   812 4.00    3.93      335   339   48K    72 30.38   30.34  
c rst  geom svd  vs   422   133 K 2775      20K   812 4.00    3.93      335   339   49K    72 30.65   30.60  
c [ccnr] tries: 0 steps: 262143 best found: 9
c [ccnr] tries: 0 steps: 524287 best found: 9
c [ccnr] tries: 0 steps: 786431 best found: 9
c [ccnr] saving best assignment phase to stable_polar
c [ccnr] bumping based on var unsat frequency: conflict_ct
c [ccnr] Bumped vars: 2776 bump type: 6
c [ccnr] time: 0.39
c rst  geom svd  vs   423   134 K 2775      20K   812 4.00    3.93      335   339   50K    72 30.69   30.65  
c recursive minimization cost OK: 415Kcost/(% lits removed)
c [gauss] XOR-encoding clauses are not detached, so no need to reattach them.
c [g 0] truth-find prop checks  : 398K
c [g 0] -> of which prop        : 80.34 %
c [g 0] -> of which confl       :  2.39 %
c [g 0] elim called             : 6895
c [g 0] ---> which lead to prop : 86.00 %
c [g 0] ---> which lead to confl:  1.61 %
c [g 0] size: 48    x 468  
c --> Executing strategy token: scc-vrepl
c [scc] new: 0 BP 0M T: 0.00
c --> Executing strategy token: sub-impl
c [impl-sub] bin: 0 T: 0.00 T-out: N w-visit: 5552
c --> Executing strategy token: breakid
c --> Executing OCC strategy token(s): 'occ-backw-sub-str,occ-clean-implicit,occ-bve,occ-bva,occ-ternary-res,occ-xor,'
c [occ] mem usage for occur 1      MB
c [occ] Linked in IRRED BIN by default: 812
c [occ] Linked in RED   BIN by default: 72
c [occ] mem usage for occur 0      MB
c Mem for watch alloc      : 7           MB (22.30     %)
c Mem for watch array      : 0           MB (0.37      %)
c --> Executing OCC strategy token: occ-backw-sub-str
c [occ-backw-sub-str-long-w-bins] subs: 0 str: 0 tried: 5858 0-depth ass: 0 T: 0.00 T-out: N T-r: 99.70%
c [occ-backw-sub-long-w-long] rem cl: 9 tried: 71520/71520 (100.0%) T: 0.01 T-out: N T-r: 96.32%
c [occ-backw-sub-str-long-w-long] sub: 0 str: 0 tried: 214560/71520 (300.0)  T: 0.04 T-out: N T-r: 88.38%
c --> Executing OCC strategy token: occ-clean-implicit
c --> Executing OCC strategy token: occ-bve
c [occ-empty-res] Empty resolvent elimed: 0 T: 0.00 T-out: N
c [occ-bve] iter v-elim 0
c cl_inc_rate=1.0, var_dec_rate=1.0 (grow=0)
c Reduced to 2775 vars, 21035 cls (grow=0)
c [occ-bve] iter v-elim 0
c cl_inc_rate=1.0, var_dec_rate=1.0 (grow=8)
c Reduced to 2775 vars, 21035 cls (grow=8)
c [occ-bve] iter v-elim 1113
c cl_inc_rate=1.8, var_dec_rate=1.7 (grow=16)
c Reduced to 1662 vars, 37956 cls (grow=16)
c x n vars       : 1662
c #try to eliminate:  9897
c #var-elim        :  1113
c #T-o: N
c #T-r: 99.90%
c #T  : 0.20
c [occur] 0.02 is overhead
c [occur] link-in T: 0.02 cleanup T: 0.00
c --> Executing OCC strategy token: occ-bva
c --> Executing OCC strategy token: occ-ternary-res
c [occ-ternary-res] Ternary res-tri: 57 res-bin: 0 sub: 4 str: 0 T: 0.00 T-out: N T-r: 99.54%
c --> Executing OCC strategy token: occ-xor
c [occ-xor] sort occur list T: 0.00
c [xor-clean-equiv] removed equivalent xors: 0 left with: 1111
c [occ-xor] found   1111 avg sz 5.9 min sz  4 max sz  6 T: 0.01 T-out: N T-r: 99.97%
c --> Executing strategy token: card-find
c --> Executing strategy token: cl-consolidate
c [mem] consolidate  old-sz: 10447K new-sz: 6970K new bits offs: 20 T: 0.00
c --> Executing strategy token: scc-vrepl
c [scc] new: 0 BP 0M T: 0.00
c --> Executing strategy token: renumber
c [gauss] XOR-encoding clauses are not detached, so no need to reattach them.
c [renumber] T: 0.00
c --> Executing strategy token: bosphorus
c --> Executing strategy token: louvain-comms
c [consolidate] mini T: 0.00
c global_timeout_multiplier: 3.6300
c [branch] rebuilding order heap for all branchings. Current branching: vsid
c [find&init matx] performing matrix init
c [gauss] XOR-encoding clauses are not detached, so no need to reattach them.
c [xor-rem-unconnected] left with 1111 xors from 1111 non-empty xors T: 0.00
c [xor-together] xored together: 1064 orig xors: 1111 new xors: 47 T: 0.00
c [xor-rem-unconnected] left with 47 xors from 47 non-empty xors T: 0.00
c [xor-clean-equiv] removed equivalent xors: 0 left with: 47
c [matrix] unused xors from cleaning: 0
c [matrix] Good   matrix  0     47 x  461  density:0.2032  xorlen avg: 93.66
c [matrix] Using 1 matrices recovered from 0 xors T: 0.00 T-out: N
c [distill-bin] useful: 0/798/798 lits-rem: 0 cl-rem: 0 0-depth-assigns: 0 T: 0.01 T-out: N
c rst  geom  svd   vs   424  135K    1662   37K   798    5.83    5.75    77   205   28K    69   26.67   26.61
c [branch] adjusting to: vmtf (from: vsid) var_decay:0.95 descr: VMTF
c rst  luby  svd  vmt   425  135K    1662   37K   798    5.83    5.75    87   216   28K    70   26.70   26.64
c rst  luby  svd  vmt   426  135K    1662   37K   798    5.83    5.75    87   216   28K    70   26.73   26.67
c rst  luby  svd  vmt   427  135K    1662   37K   798    5.83    5.75    87   216   28K    70   26.83   26.77
c rst  luby  svd  vmt   428  135K    1662   37K   798    5.83    5.75    87   216   28K    70   26.89   26.83
c rst  luby  svd  vmt   429  135K    1662   37K   798    5.83    5.75    87   216   28K    70   26.93   26.87
c rst  luby  svd  vmt   430  136K    1662   37K   798    5.83    5.75    87   216   29K    70   27.22   27.16
c rst  luby  svd  vmt   431  136K    1662   37K   798    5.83    5.75    87   216   29K    70   27.46   27.40
c rst  luby  svd  vmt   432  136K    1662   37K   798    5.83    5.75    87   216   29K    70   27.52   27.46
c rst  luby  svd  vmt   433  136K    1662   37K   798    5.83    5.75    87   216   29K    70   27.53   27.47
c rst  luby  svd  vmt   434  136K    1662   37K   798    5.83    5.75    87   216   29K    70   27.56   27.50
c rst  luby  svd  vmt   435  137K    1662   37K   798    5.83    5.75    87   216   29K    70   27.55   27.49
c rst  geom best  vmt   436  137K    1662   37K   798    5.83    5.75    87   216   30K    70   27.55   27.49
c rst  geom best  vmt   437  137K    1662   37K   798    5.83    5.75    87   216   30K    70   27.54   27.49
c rst  geom best  vmt   438  137K    1662   37K   798    5.83    5.75    87   216   30K    70   27.53   27.47
c rst  geom best  vmt   439  137K    1662   37K   798    5.83    5.75    87   216   30K    70   27.51   27.45
c rst  geom best  vmt   440  137K    1662   37K   798    5.83    5.75    87   216   30K    70   27.48   27.43
c rst  geom best  vmt   441  137K    1662   37K   798    5.83    5.75    87   216   30K    70   27.45   27.40
c rst  geom best  vmt   442  138K    1662   37K   798    5.83    5.75    87   216   30K    70   27.44   27.38
c rst  geom best  vmt   443  138K    1662   37K   798    5.83    5.75    87   216   31K    70   27.45   27.39
c rst  geom best  vmt   444  138K    1662   37K   798    5.83    5.75    87   216   31K    70   27.48   27.43
c rst  geom best  vmt   445  138K    1662   37K   798    5.83    5.75    87   216   31K    70   27.46   27.41
c rst  geom best  vmt   446  139K    1662   37K   798    5.83    5.75    87   216   31K    70   27.53   27.48
c rst  geom best  vmt   447  139K    1662   37K   798    5.83    5.75    87   216   32K    70   27.56   27.50
c rst  geom best  vmt   448  139K    1662   37K   798    5.83    5.75    87   216   32K    70   27.54   27.49
c rst  geom best  vmt   449  140K    1662   37K   798    5.83    5.75    89   208   32K    70   27.61   27.56
c rst  geom best  vmt   450  140K    1662   37K   798    5.83    5.75    89   208   33K    70   27.72   27.67
c rst  geom best  vmt   451  140K    1662   37K   798    5.83    5.75    89   208   33K    70   27.86   27.81
c rst  geom best  vmt   452  141K    1662   37K   798    5.83    5.75    89   208   34K    70   27.91   27.85
c rst  geom best  vmt   453  142K    1662   37K   798    5.83    5.75    89   208   34K    70   28.11   28.06
c rst  geom best  vmt   454  142K    1662   37K   798    5.83    5.75    89   208   35K    70   28.21   28.15
c [full-probe]  bin_only: 1 set: 0 repl: 0 T: 0.00 T-out: N T-r: 99.82%
c rst  geom best  vmt   455  143K    1662   37K   798    5.83    5.75    89   208   36K    70   28.24   28.19
c [distill-long-red0] cls tried: 12/12 T: 0.00 T-out: N T-r: 99.98%
c [distill-long-red1] cls tried: 13/13 T: 0.00 T-out: N T-r: 91.79%
c rst  geom best  vmt   456  144K    1662   37K   798    5.83    5.75    89   208   36K    70   28.14   28.09
c rst  geom  stb  vmt   457  144K    1662   37K   798    5.83    5.75    89   208   37K    70   28.15   28.10
c rst  geom  stb  vmt   458  145K    1662   37K   798    5.83    5.75    89   208   38K    70   28.20   28.15
c rst  geom  stb  vmt   459  146K    1662   37K   798    5.83    5.75    89   208   39K    70   28.50   28.46
c rst  geom  stb  vmt   460  147K    1662   37K   798    5.83    5.75    89   208   40K    70   28.57   28.53
c rst  geom  stb  vmt   461  148K    1662   37K   798    5.83    5.75    89   208   41K    70   28.72   28.67
c rst  geom  stb  vmt   462  150K    1662   37K   798    5.83    5.75    89   208   33K    70   29.73   29.67
c rst  geom  stb  vmt   463  151K    1662   37K   798    5.83    5.75    89   208   34K    70   29.63   29.57
c rst  geom ibes  vmt   464  153K    1662   37K   798    5.83    5.75    89   208   35K    70   29.37   29.32
c rst  geom ibes  vmt   465  154K    1662   37K   798    5.83    5.75    89   208   37K    70   29.11   29.06
c [branch] adjusting to: vsid (from: vmtf) var_decay:0.95 descr: VSIDS
c [distill-bin] useful: 0/798/798 lits-rem: 0 cl-rem: 0 0-depth-assigns: 0 T: 0.00 T-out: N
c [distill] watch-based irred--  cl tried     6844 cl-sh     0 cl-rem    0 lit-rem      0 T: 0.00 T-out: N
c [distill] watch-based   red--  cl tried      178 cl-sh     0 cl-rem    0 lit-rem      0 T: 0.00 T-out: N
c rst  geom ibes   vs   466  154K    1662   37K   798    5.83    5.75    89   208   37K    70   29.08   29.03
c rst  geom ibes   vs   467  154K    1662   37K   798    5.83    5.75    89   208   37K    70   29.05   29.00
c rst  geom ibes   vs   468  155K    1662   37K   798    5.83    5.75    89   208   38K    70   29.03   28.98
c rst  geom ibes   vs   469  155K    1662   37K   798    5.83    5.75    89   208   38K    70   29.02   28.97
c rst  geom ibes   vs   470  155K    1662   37K   798    5.83    5.75    89   208   38K    70   28.97   28.93
c rst  geom ibes   vs   471  155K    1662   37K   798    5.83    5.75    89   208   38K    70   28.92   28.87
c rst  geom ibes   vs   472  155K    1662   37K   798    5.83    5.75    89   208   38K    70   28.86   28.81
c rst  geom ibes   vs   473  156K    1662   37K   798    5.83    5.75    89   208   38K    70   28.79   28.75
c rst  geom ibes   vs   474  156K    1662   37K   798    5.83    5.75    89   208   39K    70   28.73   28.68
c rst  geom ibes   vs   475  156K    1662   37K   798    5.83    5.75    89   208   39K    70   28.68   28.64
c rst  geom ibes   vs   476  156K    1662   37K   798    5.83    5.75    89   208   39K    70   28.66   28.61
c rst  geom ibes   vs   477  157K    1662   37K   798    5.83    5.75    89   208   40K    70   28.63   28.58
c rst  geom ibes   vs   478  157K    1662   37K   798    5.83    5.75    89   208   40K    70   28.62   28.57
c rst  geom ibes   vs   479  157K    1662   37K   798    5.83    5.75    89   208   40K    70   28.66   28.61
c rst  geom ibes   vs   480  158K    1662   37K   798    5.83    5.75    89   208   41K    70   28.59   28.54
c rst  geom  svd   vs   481  158K    1662   37K   798    5.83    5.75    89   208   41K    70   28.64   28.60
c [distill-long-red0] cls tried: 0/0 T: 0.00 T-out: N T-r: 100.00%
c [distill-long-red1] cls tried: 1/1 T: 0.00 T-out: N T-r: 97.60%
c rst  geom  svd   vs   482  159K    1662   37K   798    5.83    5.75    89   208   42K    70   28.69   28.64
c rst  geom  svd   vs   483  159K    1662   37K   798    5.83    5.75    89   208   42K    70   28.64   28.60
c rst  geom  svd   vs   484  160K    1662   37K   798    5.83    5.75    89   208   43K    70   28.70   28.65
c rst  geom  svd   vs   485  160K    1662   37K   798    5.83    5.75    92   210   43K    70   28.75   28.71
c [impl-str] lit bin: 0 set-var: 0 T: 0.00 T-out: N T-r: 99.95% w-visit: 3324
c [impl-sub] bin: 1 T: 0.00 T-out: N w-visit: 3324
c rst  geom  svd   vs   486  161K    1662   37K   798    5.83    5.75    92   210   44K    69   28.86   28.82
c rst  geom  svd   vs   487  162K    1662   37K   798    5.83    5.75    92   210   45K    69   28.93   28.89
c rst  geom  svd   vs   488  163K    1662   37K   798    5.83    5.75    92   210   46K    69   28.82   28.78
c [full-probe]  bin_only: 0 set: 0 repl: 0 T: 0.00 T-out: N T-r: 97.69%
c rst  geom  svd   vs   489  164K    1662   37K   798    5.83    5.75    92   210   47K    69   28.85   28.81
c rst  geom  svd   vs   490  165K    1662   37K   798    5.83    5.75    92   210   35K    69   30.17   30.12
c rst  geom best   vs   491  166K    1662   37K   798    5.83    5.75    92   210   36K    69   30.21   30.15
c rst  geom best   vs   492  167K    1662   37K   798    5.83    5.75    92   210   37K    69   30.04   29.99
c rst  geom best   vs   493  169K    1662   37K   798    5.83    5.75    92   210   39K    69   30.00   29.96
c rst  geom best   vs   494  170K    1662   37K   798    5.83    5.75    93   206   40K    69   30.09   30.04
c rst  geom best   vs   495  172K    1662   37K   798    5.83    5.75    93   206   42K    69   29.83   29.78
c rst  geom  stb   vs   496  174K    1662   37K   798    5.83    5.75    93   206   44K    69   29.72   29.68
c [distill-long-red0] cls tried: 4/4 T: 0.00 T-out: N T-r: 99.99%
c [distill-long-red1] cls tried: 1/1 T: 0.00 T-out: N T-r: 99.36%
c rst  geom  stb   vs   497  176K    1662   37K   798    5.83    5.75    93   206   46K    69   29.51   29.47
c [branch] adjusting to: vmtf (from: vsid) var_decay:0.95 descr: VMTF
c [distill-bin] useful: 0/798/798 lits-rem: 0 cl-rem: 0 0-depth-assigns: 0 T: 0.00 T-out: N
c rst  luby  stb  vmt   498  176K    1662   37K   798    5.83    5.75    93   206   46K    69   29.53   29.49
c rst  luby  stb  vmt   499  176K    1662   37K   798    5.83    5.75    93   206   46K    69   29.53   29.49
c rst  luby  stb  vmt   500  176K    1662   37K   798    5.83    5.75    93   206   46K    69   29.55   29.51
c rst  luby  stb  vmt   501  176K    1662   37K   798    5.83    5.75    93   206   46K    69   29.57   29.53
c rst  luby  stb  vmt   502  176K    1662   37K   798    5.83    5.75    93   206   47K    69   29.56   29.52
c rst  luby  stb  vmt   503  177K    1662   37K   798    5.83    5.75    93   206   47K    69   29.54   29.50
c rst  luby  stb  vmt   504  177K    1662   37K   798    5.83    5.75    93   206   47K    69   29.52   29.48
c rst  luby  stb  vmt   505  177K    1662   37K   798    5.83    5.75    93   206   47K    69   29.52   29.49
c [ccnr] tries: 0 steps: 262143 best found: 9
c [ccnr] saving best assignment phase to stable_polar
c [ccnr] bumping based on clause weights
c [ccnr] Bumped vars: 104 bump type: 6
c [ccnr] time: 0.28
c rst  luby  stb  vmt   506  177K    1662   37K   798    5.83    5.75    93   215   47K    69   29.52   29.48
c rst  luby  stb  vmt   507  177K    1662   37K   798    5.83    5.75    97   251   47K    69   29.47   29.43
c rst  luby  stb  vmt   508  178K    1662   37K   798    5.83    5.75    97   252   48K    69   29.46   29.42
c rst  luby  stb  vmt   509  178K    1662   37K   798    5.83    5.75    98   254   48K    69   29.46   29.42
c rst  luby  stb  vmt   510  178K    1662   37K   798    5.83    5.75    98   257   48K    69   29.42   29.39
c rst  luby  stb  vmt   511  178K    1662   37K   798    5.83    5.75   105   296   48K    69   29.34   29.30
c rst  luby  stb  vmt   512  179K    1662   37K   798    5.83    5.75   105   305   49K    69   29.16   29.12
c rst  luby ibes  vmt   513  179K    1662   37K   798    5.83    5.75   105   305   49K    69   29.14   29.10
c rst  luby ibes  vmt   514  179K    1662   37K   798    5.83    5.75   105   305   49K    69   29.11   29.07
c [distill] watch-based irred--  cl tried     6844 cl-sh     0 cl-rem    0 lit-rem      0 T: 0.00 T-out: N
c [distill] watch-based   red--  cl tried      210 cl-sh     0 cl-rem    0 lit-rem      0 T: 0.00 T-out: N
c rst  luby ibes  vmt   515  180K    1662   37K   798    5.83    5.75   105   310   49K    69   29.06   29.02
c rst  luby ibes  vmt   516  180K    1662   37K   798    5.83    5.75   138   345   36K    69   27.62   27.57
c rst  luby ibes  vmt   517  180K    1662   37K   798    5.83    5.75   138   345   36K    69   27.60   27.55
c rst  luby ibes  vmt   518  180K    1662   37K   798    5.83    5.75   138   349   36K    69   27.55   27.50
c rst  luby ibes  vmt   519  180K    1662   37K   798    5.83    5.75   138   358   37K    69   27.54   27.49
c [gauss] XOR-encoding clauses are not detached, so no need to reattach them.
c [g 0] truth-find prop checks  : 913K
c [g 0] -> of which prop        : 66.47 %
c [g 0] -> of which confl       :  2.39 %
c [g 0] elim called             : 55K
c [g 0] ---> which lead to prop : 39.62 %
c [g 0] ---> which lead to confl:  1.44 %
c [g 0] size: 47    x 461  
c [scc] new: 0 BP 0M T: 0.00
c [vrep] vars 0 lits 0 rem-bin-cls 0 rem-long-cls 0 BP 0M T: 0.00
c [intree] Set 0 vars hyper-added: 2 trans-irred: 0 trans-red: 0 T: 0.00 T-out: N T-r: -0.95%
c [find&init matx] performing matrix init
c [gauss] XOR-encoding clauses are not detached, so no need to reattach them.
c [xor-rem-unconnected] left with 1111 xors from 1111 non-empty xors T: 0.00
c [xor-together] xored together: 1064 orig xors: 1111 new xors: 47 T: 0.00
c [xor-rem-unconnected] left with 47 xors from 47 non-empty xors T: 0.00
c [xor-clean-equiv] removed equivalent xors: 0 left with: 47
c [matrix] unused xors from cleaning: 0
c [matrix] Good   matrix 0 47      x461    density:0.2032  xorlen avg: 93.66
c [matrix] Using 1 matrices recovered from 0 xors T: 0.00 T-out: N
c rst  luby ibes vmt  520   180 K 1662      37K   798 5.83    5.75      138   358   37K    71 27.51   27.46  
c rst  luby ibes vmt  521   181 K 1662      37K   798 5.83    5.75      138   358   37K    71 27.47   27.42  
c rst  luby ibes vmt  522   181 K 1662      37K   798 5.83    5.75      138   360   37K    71 27.41   27.36  
c rst  luby ibes vmt  523   181 K 1662      37K   798 5.83    5.75      138   360   37K    71 27.39   27.35  
c rst  luby ibes vmt  524   181 K 1662      37K   798 5.83    5.75      138   360   37K    71 27.37   27.32  
c rst  luby ibes vmt  525   181 K 1662      37K   798 5.83    5.75      138   360   37K    71 27.32   27.27  
c [g  <0] Disabling GJ-elim in this round.  Usefulness was: 16.1351%  over 82491 calls
c rst  luby ibes vmt  526   182 K 1662      37K   798 5.83    5.75      138   363   38K    71 27.20   27.16  
c rst  luby ibes vmt  527   182 K 1662      37K   798 5.83    5.75      141   367   39K    71 27.04   26.99  
c rst  luby ibes vmt  528   184 K 1662      37K   798 5.83    5.75      143   377   40K    71 26.75   26.70  
c [full-probe]  bin_only: 1 set: 0 repl: 0 T: 0.00 T-out: N T-r: 99.84%
c rst  luby ibes vmt  529   184 K 1662      37K   798 5.83    5.75      143   377   40K    71 26.71   26.67  
c rst  luby ibes vmt  530   184 K 1662      37K   798 5.83    5.75      143   377   40K    71 26.68   26.64  
c rst  luby ibes vmt  531   184 K 1662      37K   798 5.83    5.75      143   377   41K    71 26.62   26.58  
c rst  luby ibes vmt  532   184 K 1662      37K   798 5.83    5.75      143   377   41K    71 26.60   26.56  
c rst  luby ibes vmt  533   185 K 1662      37K   798 5.83    5.75      143   377   41K    71 26.57   26.53  
c rst  luby ibes vmt  534   185 K 1662      37K   798 5.83    5.75      143   378   41K    71 26.52   26.48  
c rst  luby ibes vmt  535   185 K 1662      37K   798 5.83    5.75      143   382   41K    71 26.41   26.37  
c rst  luby ibes vmt  536   185 K 1662      37K   798 5.83    5.75      143   382   42K    71 26.38   26.34  
c rst  luby ibes vmt  537   185 K 1662      37K   798 5.83    5.75      143   383   42K    71 26.37   26.33  
c rst  luby ibes vmt  538   186 K 1662      37K   798 5.83    5.75      143   383   42K    71 26.33   26.29  
c rst  luby ibes vmt  539   186 K 1662      37K   798 5.83    5.75      143   384   42K    71 26.31   26.27  
c rst  luby ibes vmt  540   186 K 1662      37K   798 5.83    5.75      143   384   42K    71 26.29   26.25  
c rst  luby ibes vmt  541   186 K 1662      37K   798 5.83    5.75      143   386   42K    71 26.25   26.21  
c rst  luby svd  vmt  542   186 K 1662      37K   798 5.83    5.75      143   394   43K    71 26.18   26.14  
c rst  luby svd  vmt  543   187 K 1662      37K   798 5.83    5.75      143   408   43K    71 26.06   26.03  
c rst  luby svd  vmt  544   187 K 1662      37K   798 5.83    5.75      143   409   44K    71 26.06   26.03  
c rst  luby svd  vmt  545   187 K 1662      37K   798 5.83    5.75      143   409   44K    71 26.04   26.00  
c rst  luby svd  vmt  546   188 K 1662      37K   798 5.83    5.75      144   411   44K    71 26.00   25.96  
c rst  luby svd  vmt  547   188 K 1662      37K   798 5.83    5.75      144   412   44K    71 25.98   25.94  
c rst  luby svd  vmt  548   188 K 1662      37K   798 5.83    5.75      144   414   44K    71 25.97   25.93  
c rst  luby svd  vmt  549   188 K 1662      37K   798 5.83    5.75      144   416   44K    71 25.97   25.94  
c rst  luby svd  vmt  550   188 K 1662      37K   798 5.83    5.75      144   416   45K    71 25.88   25.84  
c rst  luby svd  vmt  551   188 K 1662      37K   798 5.83    5.75      144   417   45K    71 25.87   25.84  
c rst  luby svd  vmt  552   189 K 1662      37K   798 5.83    5.75      146   419   45K    71 25.87   25.84  
c rst  luby svd  vmt  553   189 K 1662      37K   798 5.83    5.75      146   420   45K    71 26.05   26.02  
c rst  luby svd  vmt  554   189 K 1662      37K   798 5.83    5.75      146   427   45K    71 26.04   26.00  
c [distill-long-red0] cls tried: 53/53 T: 0.00 T-out: N T-r: 99.87%
c [distill-long-red1] cls tried: 78/224 T: 0.01 T-out: Y T-r: -1.52%
c rst  luby svd  vmt  555   189 K 1662      37K   798 5.83    5.75      146   429   45K    71 26.06   26.02  
c rst  luby svd  vmt  556   189 K 1662      37K   798 5.83    5.75      146   431   45K    71 26.05   26.01  
c rst  luby svd  vmt  557   190 K 1662      37K   798 5.83    5.75      229   363   46K    71 26.03   25.99  
c rst  luby svd  vmt  558   190 K 1662      37K   798 5.83    5.75      229   366   47K    71 26.05   26.02  
c rst  luby svd  vmt  559   192 K 1662      37K   798 5.83    5.75      232   381   48K    71 26.14   26.11  
c rst  luby svd  vmt  560   195 K 1662      37K   798 5.83    5.75      248   705   37K    71 25.41   25.36  
c rst  geom best vmt  561   195 K 1662      37K   798 5.83    5.75      248   707   37K    71 25.48   25.43  
c rst  geom best vmt  562   195 K 1662      37K   798 5.83    5.75      250   715   37K    71 25.45   25.41  
c rst  geom best vmt  563   196 K 1662      37K   798 5.83    5.75      251   718   37K    71 25.49   25.45  
c rst  geom best vmt  564   196 K 1662      37K   798 5.83    5.75      251   729   38K    71 25.49   25.44  
c rst  geom best vmt  565   196 K 1662      37K   798 5.83    5.75      251   730   38K    71 25.46   25.41  
c rst  geom best vmt  566   196 K 1662      37K   798 5.83    5.75      252   734   38K    71 25.48   25.43  
c [distill-bin] useful: 0/798/798 lits-rem: 0 cl-rem: 0 0-depth-assigns: 0 T: 0.00 T-out: N
c rst  geom best vmt  567   196 K 1662      37K   798 5.83    5.75      252   735   38K    71 25.43   25.39  
c rst  geom best vmt  568   196 K 1662      37K   798 5.83    5.75      252   739   38K    71 25.45   25.40  
c rst  geom best vmt  569   197 K 1662      37K   798 5.83    5.75      253   745   39K    71 25.43   25.38  
c rst  geom best vmt  570   197 K 1662      37K   798 5.83    5.75      253   749   39K    71 25.46   25.42  
c rst  geom best vmt  571   197 K 1662      37K   798 5.83    5.75      255   751   39K    71 25.46   25.42  
c rst  geom best vmt  572   198 K 1662      37K   798 5.83    5.75      256   758   39K    71 25.43   25.39  
c [branch] adjusting to: vsid (from: vmtf) var_decay:0.95 descr: VSIDS
c rst  geom best vs   573   198 K 1662      37K   798 5.83    5.75      256   765   40K    71 25.51   25.47  
c rst  geom best vs   574   198 K 1662      37K   798 5.83    5.75      256   769   40K    71 25.57   25.53  
c rst  geom best vs   575   198 K 1662      37K   798 5.83    5.75      257   774   40K    71 25.67   25.63  
c rst  geom best vs   576   198 K 1662      37K   798 5.83    5.75      258   783   40K    71 25.73   25.69  
c rst  geom best vs   577   198 K 1662      37K   798 5.83    5.75      259   789   40K    71 25.77   25.73  
c rst  geom best vs   578   198 K 1662      37K   798 5.83    5.75      259   806   40K    71 25.90   25.86  
c rst  geom best vs   579   199 K 1662      37K   798 5.83    5.75      262   825   40K    71 25.92   25.88  
c rst  geom best vs   580   199 K 1662      37K   798 5.83    5.75      263   835   41K    72 26.15   26.11  
c rst  geom best vs   581   199 K 1662      37K   798 5.83    5.75      263   861   41K    72 26.20   26.16  
c rst  geom best vs   582   199 K 1662      37K   798 5.83    5.75      263   863   41K    72 26.47   26.43  
c rst  geom best vs   583   200 K 1662      37K   798 5.83    5.75      435   696   41K    72 26.56   26.52  
c rst  geom best vs   584   200 K 1662      37K   798 5.83    5.75      436   705   42K    72 26.70   26.66  
c rst  geom best vs   585   200 K 1662      37K   798 5.83    5.75      436   727   42K    72 26.84   26.80  
c rst  geom best vs   586   201 K 1662      37K   798 5.83    5.75      438   742   42K    72 26.98   26.93  
c rst  geom best vs   587   201 K 1662      37K   798 5.83    5.75      440   749   43K    72 27.05   27.01  
c rst  geom best vs   588   201 K 1662      37K   798 5.83    5.75      441   760   43K    72 27.09   27.05  
c rst  geom best vs   589   202 K 1662      37K   798 5.83    5.75      442   774   44K    72 27.27   27.23  
c rst  geom best vs   590   202 K 1662      37K   798 5.83    5.75      444   792   44K    72 27.37   27.33  
c rst  geom stb  vs   591   203 K 1662      37K   798 5.83    5.75      446   817   45K    72 27.49   27.45  
c rst  geom stb  vs   592   204 K 1662      37K   798 5.83    5.75      447   845   45K    72 27.58   27.54  
c rst  geom stb  vs   593   204 K 1662      37K   798 5.83    5.75      447   856   46K    72 27.73   27.69  
c [distill-long-red0] cls tried: 294/294 T: 0.02 T-out: N T-r: 99.29%
c [distill-long-red1] cls tried: 21/583 T: 0.01 T-out: Y T-r: -5.95%
c [full-probe]  bin_only: 0 set: 0 repl: 0 T: 0.01 T-out: N T-r: 97.80%
c [distill] watch-based irred--  cl tried 6843     cl-sh 0     cl-rem 1    lit-rem 0      T: 0.01 T-out: N
c [distill] watch-based red  --  cl tried 888      cl-sh 23    cl-rem 0    lit-rem 43     T: 0.00 T-out: N
c rst  geom stb  vs   594   205 K 1662      37K   799 5.83    5.75      445   862   47K    76 27.77   27.73  
c rst  geom stb  vs   595   206 K 1662      37K   799 5.83    5.75      449   876   48K    76 27.94   27.90  
c rst  geom stb  vs   596   207 K 1662      37K   799 5.83    5.75      451   883   49K    76 28.22   28.18  
c rst  geom stb  vs   597   208 K 1662      37K   799 5.83    5.75      453   913   50K    76 28.28   28.24  
c rst  geom stb  vs   598   209 K 1662      37K   799 5.83    5.75      454   927   51K    76 28.42   28.38  
c rst  geom stb  vs   599   211 K 1662      37K   799 5.83    5.75      684  1141   37K    76 28.09   28.04  
c rst  geom ibes vs   600   212 K 1662      37K   799 5.83    5.75      689  1161   39K    76 28.29   28.25  
c rst  geom ibes vs   601   214 K 1662      37K   799 5.83    5.75      693  1176   40K    76 28.50   28.45  
c rst  geom ibes vs   602   215 K 1662      37K   799 5.83    5.75      693  1190   42K    76 28.71   28.66  
c rst  geom ibes vs   603   217 K 1662      37K   799 5.83    5.75      700  1207   44K    76 29.06   29.02  
c [distill-bin] useful: 0/799/799 lits-rem: 0 cl-rem: 0 0-depth-assigns: 0 T: 0.00 T-out: N
c rst  geom ibes vs   604   219 K 1662      37K   799 5.83    5.75      705  1249   46K    76 28.83   28.79  
c rst  geom svd  vs   605   221 K 1662      37K   799 5.83    5.75      881  1094   48K    76 30.14   30.09  
c [distill-long-red0] cls tried: 457/457 T: 0.01 T-out: N T-r: 99.43%
c [distill-long-red1] cls tried: 40/809 T: 0.01 T-out: Y T-r: -2.25%
c [impl-str] lit bin: 0 set-var: 0 T: 0.00 T-out: N T-r: 99.95% w-visit: 3324
c [impl-sub] bin: 4 T: 0.00 T-out: N w-visit: 3324
c [ccnr] saving best assignment phase to stable_polar
c [ccnr] bumping based on var unsat frequency: conflict_ct
c [ccnr] Bumped vars: 1662 bump type: 6
c [ccnr] time: 0.29
c rst  geom svd  vs   606   224 K 1662      37K   799 5.83    5.75      883  1136   50K    72 30.17   30.13  
c [branch] adjusting to: vmtf (from: vsid) var_decay:0.95 descr: VMTF
c rst  luby svd  vmt  607   224 K 1662      37K   799 5.83    5.75      895  1160   50K    72 30.13   30.09  
c rst  luby svd  vmt  608   224 K 1662      37K   799 5.83    5.75      895  1160   51K    72 30.22   30.18  
c rst  luby svd  vmt  609   224 K 1662      37K   799 5.83    5.75      895  1167   51K    72 30.24   30.20  
c rst  luby svd  vmt  610   224 K 1662      37K   799 5.83    5.75      895  1168   51K    72 30.23   30.20  
c rst  luby svd  vmt  611   224 K 1662      37K   799 5.83    5.75      895  1171   51K    72 30.25   30.21  
c [full-probe]  bin_only: 1 set: 0 repl: 0 T: 0.00 T-out: N T-r: 99.76%
c rst  luby svd  vmt  612   225 K 1662      37K   799 5.83    5.75      916  1451   37K    74 33.13   33.07  
c rst  luby svd  vmt  613   225 K 1662      37K   799 5.83    5.75      916  1480   37K    74 33.19   33.13  
c rst  luby svd  vmt  614   225 K 1662      37K   799 5.83    5.75      921  1483   37K    74 33.22   33.16  
c rst  luby svd  vmt  615   225 K 1662      37K   799 5.83    5.75      923  1499   37K    74 33.21   33.16  
c rst  luby svd  vmt  616   225 K 1662      37K   799 5.83    5.75      923  1499   37K    74 33.15   33.09  
c rst  luby svd  vmt  617   226 K 1662      37K   799 5.83    5.75      923  1502   38K    74 33.12   33.06  
c rst  luby svd  vmt  618   226 K 1662      37K   799 5.83    5.75      923  1502   38K    74 33.12   33.06  
c rst  luby svd  vmt  619   226 K 1662      37K   799 5.83    5.75      923  1505   38K    74 33.06   33.00  
c rst  luby svd  vmt  620   226 K 1662      37K   799 5.83    5.75      925  1511   38K    74 32.96   32.91  
c rst  luby svd  vmt  621   227 K 1662      37K   799 5.83    5.75      926  1518   39K    74 32.67   32.62  
c rst  geom best vmt  622   227 K 1662      37K   799 5.83    5.75      926  1518   39K    74 32.66   32.60  
c rst  geom best vmt  623   227 K 1662      37K   799 5.83    5.75      926  1521   39K    74 32.62   32.57  
c rst  geom best vmt  624   227 K 1662      37K   799 5.83    5.75      927  1521   39K    74 32.58   32.53  
c rst  geom best vmt  625   228 K 1662      37K   799 5.83    5.75      927  1523   40K    74 32.52   32.47  
c rst  geom best vmt  626   228 K 1662      37K   799 5.83    5.75      928  1528   40K    74 32.50   32.45  
c rst  geom best vmt  627   228 K 1662      37K   799 5.83    5.75      928  1528   40K    74 32.50   32.45  
c rst  geom best vmt  628   228 K 1662      37K   799 5.83    5.75      928  1532   40K    74 32.46   32.41  
c rst  geom best vmt  629   228 K 1662      37K   799 5.83    5.75      928  1534   40K    74 32.44   32.39  
c rst  geom best vmt  630   229 K 1662      37K   799 5.83    5.75      928  1539   41K    74 32.41   32.36  
c rst  geom best vmt  631   229 K 1662      37K   799 5.83    5.75      928  1540   41K    74 32.36   32.30  
c rst  geom best vmt  632   229 K 1662      37K   799 5.83    5.75      929  1550   41K    74 32.31   32.26  
c rst  geom best vmt  633   229 K 1662      37K   799 5.83    5.75      929  1564   41K    74 32.20   32.15  
c rst  geom best vmt  634   230 K 1662      37K   799 5.83    5.75     1238  1255   42K    74 32.17   32.12  
c [distill] watch-based irred--  cl tried 6842     cl-sh 0     cl-rem 0    lit-rem 0      T: 0.01 T-out: N
c [distill] watch-based red  --  cl tried 2476     cl-sh 240   cl-rem 0    lit-rem 522    T: 0.00 T-out: N
c rst  geom best vmt  635   230 K 1662      37K   799 5.83    5.75     1239  1271   42K    74 32.04   31.99  
c rst  geom best vmt  636   230 K 1662      37K   799 5.83    5.75     1239  1271   42K    74 32.00   31.95  
c ------- FINAL TOTAL SEARCH STATS ---------
c UIP search time          : 20.77       (97.79     % time)
c All times are for this thread only except if explicitly specified
c restarts                 : 636         (362.83    confls per restart)
c blocked restarts         : 0           (0.00      per normal restart)
c time                     : 20.77       
c decisions                : 256200      (0.00      % random)
c propagations             : 45M         (2171K     props/s)
c decisions/conflicts      : 1.11        
c conflicts                : 230758      
c LEARNT stats
c units learnt             : 0           (0.00      % of conflicts)
c bins learnt              : 14          (0.01      % of conflicts)
c long learnt              : 230759      (100.00    % of conflicts)
c red which0               : 676         (0.29      % of confl)
c SEAMLESS HYPERBIN&TRANS-RED stats
c advProp called           : 0           
c hyper-bin add bin        : 0           (0.00      bin/call)
c trans-red rem irred bin  : 0           (0.00      bin/call)
c trans-red rem red bin    : 0           (0.00      bin/call)
c CONFL LITS stats
c orig                     : 46318852    (200.72    lit/confl)
c recurs-min effective     : 217311      (94.17     % attempt successful)
c recurs-min lits          : 38307968    (82.70     % less overall)
c permDiff call%           : 1.46        (0.00      % attempt successful)
c permDiff lits-rem        : 0           (0.00      less lits/cl on attempts)
c further-min call%        : 0.01        (25.00     % attempt successful)
c bintri-min lits          : 20          (0.00      % less overall)
c final avg                : 34.72       
c all-threads sum CPU time : 20.77        s
c PROP stats
c Mbogo-props              : 57.98       (2.79      / sec)
c MHyper-props             : 0.04        (0.00      / sec)
c Mprops                   : 45.09       (2.17      / sec)
c -------- OccSimplifier STATS ----------
c time                     : 0.21        (0.00      % var-elim)
c called                   : 2           (0.10      s per call)
c 0-depth assigns          : 0           (0.00      % vars)
c -------- OccSimplifier STATS END ----------
c -------- SubsumeStrengthen STATS ----------
c cl-subs                  : 643          Clauses
c cl-str rem lit           : 208          Lits
c cl-sub T                 : 0.02         s
c cl-str T                 : 0.12         s
c -------- SubsumeStrengthen STATS END ----------
c ----- SCC STATS --------
c time                     : 0.00        (0.00      per call)
c called                   : 9           (0.89      new found per call)
c found                    : 8           (50.00     % of all found)
c bogoprops                : 327453      % of all found
c ----- SCC STATS END --------
c --------- VAR REPLACE STATS ----------
c time                     : 0.04        (0.01      per call)
c trees' crown             : 6           (0.11      % of vars)
c 0-depth assigns          : 0           (0.00      % vars)
c lits replaced            : 38142       
c bin cls removed          : 28          
c long cls removed         : 0           
c long lits removed        : 627         
c bogoprops                : 1332514     
c --------- VAR REPLACE STATS END ----------
c vrep replace time        : 0.04        (0.19      % time)
c vrep tree roots          : 2           
c vrep trees' crown        : 6           (3.00      leafs/tree)
c -------- DISTILL-BIN STATS --------
c time                     : 0.05        (0.00      per call)
c timed out                : 0           (0.00      % of calls)
c distill/checked/potential: 0          /11378/11378
c lits-rem                 : 0           
c 0-depth-assigns          : 0           (0.00      % of vars)
c -------- DISTILL STATS END --------
c -------- STRENGTHEN STATS --------
c --> watch-based on irred cls
c time                     : 0.02        (0.00      s/call)
c shrinked/tried/total     : 0          /121037/495133
c subsumed/tried/total     : 5          /121037/495133
c lits-rem                 : 0           (0.00      % of lits tried)
c called                   : 18          (0.00      % ran out of time)
c --> watch-based on red cls
c time                     : 0.00        (0.00      s/call)
c shrinked/tried/total     : 513        /10991/10991
c subsumed/tried/total     : 1          /10991/10991
c lits-rem                 : 987         (1.70      % of lits tried)
c called                   : 18          (0.00      % ran out of time)
c -------- STRENGTHEN STATS END --------
c -------- IMPLICIT SUB  STATS --------
c time                     : 0.00        (0.00      per call)
c timed out                : 0           (0.00      % of calls)
c rem bins                 : 12          
c -------- IMPLICIT SUB STATS END --------
c Mem used                 : 48          MB
c Mem for longclauses      : 10          MB (22.59     %)
c Mem for watch alloc      : 11          MB (23.41     %)
c Mem for watch array      : 0           MB (0.16      %)
c Mem for assings&vardata  : 0           MB (0.26      %)
c Mem for search&solve     : 0           MB (0.58      %)
c Mem for renumberer       : 0           MB (0.13      %)
c Mem for occsimplifier    : 1           MB (2.29      %)
c Mem for varReplacer&SCC  : 0           MB (0.23      %)
c Mem for impl subsume     : 0           MB (0.00      %)
c Mem for 3 distills       : 0           MB (0.00      %)
c Accounted for mem (rss)  : 49.64       %
c Accounted for mem (vm)   : 46.77       %
c restarts                 : 636         (362.83    confls per restart)
c blocked restarts         : 0           (0.00      per normal restart)
c time                     : 20.77       
c decisions                : 256200      (0.00      % random)
c propagations             : 45M         (2171K     props/s)
c decisions/conflicts      : 1.11        
c conflicts                : 230758      
c conf lits non-minim      : 46318852    (200.72    lit/confl)
c conf lits final          : 34.72       
c red which0               : 676         (0.29      % of confl)
c props/decision           : 0.00        
c props/conflict           : 0.00        
c 0-depth assigns          : 0           (0.00      % vars)
c 0-depth assigns by CNF   : 0           (0.00      % vars)
c reduceDB time            : 0.05        (0.24      % time)
c OccSimplifier time       : 0.21        (0.97      % time)
c [occur] 0.06 is overhead
c [occur] link-in T: 0.05 cleanup T: 0.01
c [occ-substr] long subBySub: 475 subByStr: 168 lits-rem-str: 208 T: 0.14
c SCC time                 : 0.00        (0.02      % time)
c [scc] new: 8 BP 0M  T: 0.00
c vrep replace time        : 0.04        (0.19      % time)
c vrep tree roots          : 2           
c vrep trees' crown        : 6           (3.00      leafs/tree)
c distill long time        : 0.12        (0.57      % time)
c distill bin time         : 0.05        (0.24      % time)
c strength cache-irred time: 0.02        (0.11      % time)
c strength cache-red time  : 0.00        (0.02      % time)
c avg cls in red 0         : 470.81      
c avg cls in red 1         : 614.49      
c avg cls in red 2         : 34388.62    
c Conflicts in UIP         : 230758      (10865.76  confl/time_this_thread)
c Max Memory (rss) used    : 49380 kB    
c Total time (this thread) : 21.24       
s SATISFIABLE
v 1 -2 -3 4 5 -6 -7 -8 -9 -10 11 -12 13 14 -15 16 17 -18 -19 -20 -21 -22 23 -24 
v -25 -26 -27 -28 -29 -30 -31 -32 -33 -34 -35 -36 -37 -38 -39 -40 41 -42 -43 
v -44 -45 -46 47 -48 -49 -50 -51 -52 -53 -54 55 56 -57 58 59 -60 -61 -62 -63 
v -64 -65 -66 -67 -68 -69 -70 -71 -72 73 74 -75 76 77 -78 79 80 -81 82 83 -84 
v -85 -86 -87 -88 -89 -90 -91 -92 -93 -94 -95 -96 -97 -98 -99 -100 -101 -102 
v -103 -104 -105 -106 -107 -108 -109 -110 -111 -112 -113 -114 115 116 -117 118 
v 119 -120 -121 -122 -123 -124 -125 -126 -127 -128 -129 -130 -131 -132 -133 
v -134 -135 -136 -137 -138 -139 -140 -141 -142 -143 -144 -145 -146 -147 -148 
v -149 -150 151 152 -153 154 155 -156 -157 -158 -159 -160 -161 -162 -163 -164 
v -165 -166 -167 -168 -169 -170 -171 -172 -173 -174 -175 -176 -177 -178 -179 
v -180 -181 -182 -183 -184 -185 -186 -187 -188 -189 -190 -191 -192 -193 -194 
v -195 -196 -197 -198 -199 -200 -201 -202 -203 -204 -205 -206 -207 -208 -209 
v -210 -211 -212 -213 -214 -215 -216 -217 -218 -219 -220 -221 -222 -223 -224 
v -225 -226 -227 -228 -229 -230 -231 -232 -233 -234 -235 -236 -237 -238 -239 
v -240 -241 -242 -243 -244 -245 -246 -247 -248 -249 -250 -251 -252 -253 -254 
v -255 -256 -257 -258 259 260 -261 262 263 -264 -265 -266 -267 -268 -269 -270 
v -271 -272 -273 -274 -275 -276 -277 -278 -279 -280 -281 -282 -283 -284 -285 
v -286 -287 -288 -289 -290 -291 -292 -293 -294 295 296 -297 298 299 -300 -301 
v -302 -303 -304 -305 -306 -307 -308 -309 -310 -311 -312 -313 -314 -315 -316 
v -317 -318 -319 -320 -321 -322 -323 -324 -325 -326 -327 -328 -329 -330 -331 
v -332 -333 -334 -335 -336 -337 -338 -339 -340 -341 -342 -343 344 -345 -346 347 
v -348 349 350 -351 -352 353 -354 355 -356 357 -358 -359 -360 -361 -362 -363 
v 364 365 -366 -367 368 369 370 -371 372 -373 -374 -375 -376 -377 -378 -379 
v -380 -381 -382 -383 -384 -385 -386 -387 -388 -389 -390 -391 -392 -393 -394 
v -395 396 397 -398 -399 400 401 402 -403 404 -405 -406 -407 -408 -409 -410 
v -411 -412 -413 -414 -415 -416 -417 -418 -419 -420 -421 -422 -423 -424 -425 
v -426 -427 -428 -429 -430 -431 -432 -433 -434 -435 -436 -437 -438 -439 -440 
v -441 -442 -443 444 445 -446 -447 448 449 450 -451 452 -453 -454 -455 -456 
v -457 -458 -459 -460 -461 -462 -463 -464 -465 -466 -467 -468 -469 -470 -471 
v -472 -473 -474 -475 476 477 -478 -479 480 481 482 -483 484 -485 -486 -487 
v -488 -489 -490 -491 492 493 -494 -495 496 497 498 -499 500 -501 -502 -503 
v -504 -505 -506 -507 -508 -509 -510 -511 -512 -513 -514 -515 -516 -517 -518 
v -519 -520 -521 -522 -523 -524 -525 -526 -527 -528 -529 -530 -531 -532 -533 
v -534 -535 -536 -537 -538 -539 540 541 -542 -543 544 545 546 -547 548 -549 
v -550 -551 -552 -553 -554 -555 -556 -557 -558 -559 -560 -561 -562 -563 -564 
v -565 -566 -567 -568 -569 -570 -571 572 573 -574 -575 576 577 578 -579 580 
v -581 -582 -583 -584 -585 -586 -587 -588 -589 -590 -591 -592 -593 -594 -595 
v -596 -597 -598 -599 -600 -601 -602 -603 604 605 -606 -607 608 609 610 -611 
v 612 -613 -614 -615 -616 -617 -618 -619 -620 -621 -622 -623 -624 -625 -626 
v -627 -628 -629 -630 -631 -632 -633 -634 -635 -636 -637 -638 -639 -640 -641 
v -642 -643 -644 -645 -646 -647 -648 -649 -650 -651 -652 -653 -654 -655 -656 
v -657 -658 -659 -660 -661 -662 -663 -664 -665 -666 -667 -668 -669 -670 -671 
v -672 -673 -674 -675 -676 -677 -678 -679 -680 -681 -682 -683 -684 -685 -686 
v -687 -688 -689 -690 -691 -692 -693 -694 -695 -696 -697 -698 -699 -700 -701 
v 702 -703 -704 705 706 707 -708 709 -710 -711 -712 -713 -714 715 716 717 -718 
v 719 -720 -721 -722 -723 -724 -725 -726 -727 -728 -729 -730 -731 -732 -733 
v -734 -735 -736 -737 -738 -739 740 741 -742 743 -744 -745 -746 747 -748 749 
v -750 -751 -752 -753 754 -755 -756 -757 -758 -759 -760 -761 -762 -763 -764 
v -765 -766 -767 768 769 -770 771 -772 -773 774 775 776 -777 -778 -779 -780 
v -781 -782 -783 -784 -785 -786 -787 -788 -789 790 791 792 -793 -794 -795 -796 
v -797 -798 -799 -800 801 802 803 -804 805 806 807 808 -809 -810 -811 -812 -813 
v -814 -815 -816 -817 -818 819 820 821 822 823 824 825 826 827 828 829 830 831 
v -832 -833 -834 -835 -836 -837 -838 839 840 841 842 -843 844 845 846 847 848 
v -849 -850 -851 852 853 854 -855 -856 -857 -858 -859 -860 -861 -862 -863 -864 
v -865 -866 -867 -868 -869 -870 -871 -872 873 874 875 876 -877 -878 -879 -880 
v -881 -882 -883 -884 -885 886 887 888 889 -890 -891 -892 -893 -894 -895 -896 
v -897 -898 -899 -900 -901 -902 -903 -904 -905 -906 -907 -908 -909 -910 -911 
v -912 -913 -914 -915 -916 -917 -918 -919 -920 -921 -922 -923 -924 -925 -926 
v -927 -928 -929 930 931 932 933 934 935 936 937 938 939 940 941 942 943 944 
v 945 946 -947 -948 -949 -950 -951 -952 953 -954 -955 -956 -957 -958 -959 -960 
v -961 -962 -963 -964 -965 -966 -967 -968 969 970 971 972 973 974 -975 -976 
v -977 978 979 980 981 982 983 984 985 986 987 988 989 990 991 992 993 994 995 
v -996 -997 -998 -999 -1000 1001 1002 1003 1004 1005 1006 1007 1008 -1009 -1010 
v -1011 -1012 -1013 -1014 -1015 -1016 -1017 -1018 -1019 -1020 -1021 -1022 -1023 
v 1024 1025 1026 1027 -1028 -1029 -1030 -1031 -1032 1033 1034 1035 1036 -1037 
v -1038 -1039 -1040 -1041 -1042 -1043 -1044 -1045 1046 1047 -1048 -1049 -1050 
v -1051 -1052 1053 1054 1055 1056 1057 1058 1059 1060 1061 1062 1063 1064 1065 
v -1066 1067 1068 1069 1070 1071 1072 1073 1074 1075 1076 1077 1078 1079 1080 
v 1081 1082 1083 1084 1085 1086 1087 1088 1089 1090 1091 1092 -1093 1094 -1095 
v -1096 -1097 -1098 -1099 -1100 -1101 -1102 -1103 -1104 1105 -1106 -1107 -1108 
v 1109 1110 -1111 -1112 1113 1114 1115 1116 1117 1118 1119 1120 1121 1122 1123 
v 1124 1125 1126 1127 1128 1129 1130 1131 1132 1133 1134 1135 -1136 1137 1138 
v -1139 1140 -1141 -1142 1143 1144 1145 1146 1147 1148 1149 1150 1151 1152 1153 
v 1154 1155 1156 1157 1158 1159 -1160 1161 1162 1163 -1164 1165 1166 -1167 
v -1168 -1169 -1170 -1171 -1172 -1173 -1174 -1175 -1176 -1177 -1178 -1179 -1180 
v -1181 -1182 1183 1184 1185 -1186 1187 1188 1189 1190 1191 1192 1193 1194 1195 
v 1196 1197 1198 1199 1200 1201 1202 1203 1204 1205 1206 1207 1208 1209 1210 
v 1211 1212 1213 1214 1215 1216 1217 1218 1219 1220 1221 1222 1223 1224 1225 
v 1226 1227 1228 1229 1230 1231 1232 1233 1234 1235 1236 1237 1238 1239 1240 
v 1241 1242 -1243 -1244 -1245 1246 -1247 -1248 -1249 -1250 -1251 -1252 -1253 
v -1254 -1255 -1256 -1257 -1258 1259 -1260 1261 1262 -1263 -1264 -1265 -1266 
v -1267 -1268 -1269 -1270 -1271 1272 1273 -1274 -1275 -1276 -1277 1278 -1279 
v -1280 1281 1282 1283 1284 1285 1286 1287 1288 1289 -1290 1291 1292 1293 -1294 
v -1295 -1296 -1297 -1298 -1299 -1300 -1301 -1302 -1303 -1304 -1305 -1306 -1307 
v -1308 -1309 -1310 -1311 -1312 -1313 -1314 -1315 -1316 -1317 -1318 1319 -1320 
v -1321 -1322 -1323 -1324 -1325 -1326 -1327 -1328 -1329 -1330 1331 -1332 1333 
v 1334 -1335 1336 1337 1338 -1339 -1340 -1341 -1342 -1343 -1344 -1345 -1346 
v -1347 -1348 -1349 -1350 -1351 -1352 -1353 -1354 -1355 -1356 -1357 -1358 1359 
v 1360 -1361 -1362 -1363 -1364 -1365 -1366 -1367 -1368 -1369 -1370 -1371 1372 
v -1373 1374 1375 1376 1377 1378 1379 1380 1381 1382 -1383 -1384 1385 -1386 
v -1387 -1388 -1389 -1390 -1391 -1392 -1393 -1394 -1395 -1396 -1397 -1398 -1399 
v -1400 -1401 -1402 -1403 -1404 -1405 -1406 -1407 -1408 -1409 -1410 -1411 -1412 
v -1413 -1414 -1415 -1416 -1417 -1418 -1419 -1420 -1421 -1422 -1423 -1424 -1425 
v -1426 -1427 -1428 -1429 -1430 1431 1432 1433 1434 1435 -1436 1437 1438 -1439 
v -1440 -1441 -1442 -1443 -1444 -1445 -1446 -1447 -1448 -1449 1450 1451 1452 
v -1453 -1454 -1455 -1456 -1457 -1458 1459 -1460 -1461 1462 1463 1464 -1465 
v 1466 1467 1468 -1469 1470 -1471 -1472 1473 1474 1475 1476 1477 1478 1479 1480 
v 1481 1482 1483 1484 1485 1486 -1487 -1488 -1489 1490 -1491 -1492 -1493 -1494 
v -1495 -1496 -1497 -1498 -1499 -1500 -1501 -1502 -1503 -1504 -1505 -1506 -1507 
v -1508 -1509 -1510 1511 1512 1513 -1514 1515 1516 1517 1518 1519 1520 1521 
v 1522 1523 1524 -1525 1526 -1527 -1528 -1529 1530 -1531 -1532 1533 -1534 1535 
v 1536 1537 1538 1539 1540 1541 1542 1543 1544 1545 1546 1547 1548 1549 1550 
v 1551 1552 1553 1554 -1555 -1556 1557 1558 -1559 -1560 -1561 -1562 -1563 -1564 
v -1565 -1566 -1567 -1568 -1569 -1570 1571 -1572 -1573 -1574 -1575 -1576 -1577 
v -1578 -1579 -1580 -1581 -1582 1583 -1584 1585 -1586 -1587 -1588 -1589 -1590 
v -1591 -1592 -1593 -1594 -1595 -1596 -1597 -1598 -1599 -1600 -1601 -1602 -1603 
v -1604 -1605 -1606 -1607 -1608 -1609 -1610 -1611 -1612 -1613 -1614 -1615 -1616 
v -1617 -1618 -1619 -1620 -1621 -1622 -1623 -1624 -1625 -1626 1627 -1628 1629 
v 1630 1631 1632 -1633 1634 1635 1636 1637 1638 1639 1640 1641 1642 -1643 1644 
v 1645 1646 -1647 -1648 -1649 -1650 -1651 -1652 1653 1654 -1655 1656 1657 1658 
v 1659 -1660 1661 1662 -1663 -1664 -1665 -1666 -1667 -1668 -1669 -1670 -1671 
v -1672 -1673 -1674 -1675 -1676 -1677 -1678 1679 1680 1681 1682 1683 1684 1685 
v 1686 1687 1688 1689 1690 1691 1692 1693 1694 1695 1696 1697 1698 -1699 -1700 
v -1701 1702 1703 1704 1705 1706 1707 1708 1709 1710 1711 1712 1713 1714 1715 
v 1716 -1717 1718 1719 1720 1721 1722 1723 -1724 -1725 1726 -1727 -1728 -1729 
v -1730 -1731 -1732 -1733 -1734 -1735 -1736 -1737 -1738 -1739 -1740 -1741 -1742 
v -1743 -1744 -1745 -1746 -1747 -1748 1749 1750 1751 -1752 -1753 -1754 -1755 
v -1756 -1757 -1758 -1759 -1760 -1761 -1762 -1763 -1764 1765 -1766 -1767 -1768 
v -1769 -1770 -1771 -1772 -1773 -1774 -1775 -1776 1777 -1778 1779 1780 1781 
v 1782 1783 1784 1785 1786 1787 1788 1789 1790 1791 1792 1793 1794 1795 1796 
v 1797 1798 1799 1800 1801 1802 1803 1804 1805 1806 1807 1808 1809 1810 1811 
v 1812 1813 1814 1815 1816 1817 1818 1819 1820 1821 1822 1823 -1824 1825 -1826 
v -1827 -1828 -1829 1830 1831 1832 1833 1834 1835 1836 1837 1838 1839 1840 
v -1841 -1842 -1843 -1844 -1845 -1846 -1847 -1848 -1849 1850 1851 -1852 -1853 
v -1854 -1855 -1856 -1857 1858 -1859 -1860 -1861 1862 -1863 -1864 -1865 -1866 
v -1867 -1868 -1869 -1870 -1871 1872 1873 -1874 1875 1876 1877 1878 1879 1880 
v 1881 1882 1883 1884 1885 1886 1887 1888 1889 1890 1891 1892 1893 1894 1895 
v 1896 1897 1898 -1899 -1900 1901 -1902 -1903 -1904 -1905 -1906 -1907 -1908 
v -1909 -1910 -1911 -1912 -1913 1914 -1915 1916 1917 -1918 -1919 -1920 -1921 
v -1922 -1923 -1924 1925 -1926 1927 1928 1929 1930 1931 1932 1933 1934 1935 
v 1936 1937 1938 1939 1940 1941 1942 1943 1944 1945 1946 -1947 -1948 1949 -1950 
v -1951 -1952 -1953 -1954 -1955 -1956 -1957 -1958 -1959 -1960 -1961 1962 -1963 
v 1964 -1965 -1966 -1967 -1968 -1969 -1970 -1971 -1972 -1973 -1974 1975 -1976 
v -1977 1978 -1979 -1980 -1981 -1982 -1983 -1984 -1985 -1986 -1987 -1988 -1989 
v -1990 -1991 -1992 -1993 -1994 -1995 -1996 -1997 -1998 -1999 -2000 -2001 -2002 
v -2003 -2004 -2005 -2006 -2007 -2008 -2009 -2010 -2011 -2012 -2013 -2014 -2015 
v -2016 -2017 -2018 -2019 -2020 -2021 -2022 -2023 -2024 2025 -2026 2027 2028 
v -2029 -2030 -2031 -2032 -2033 2034 2035 2036 2037 2038 2039 2040 2041 2042 
v -2043 2044 2045 -2046 -2047 -2048 2049 2050 2051 2052 2053 -2054 2055 2056 
v 2057 2058 2059 2060 2061 2062 2063 2064 2065 2066 2067 2068 2069 2070 -2071 
v -2072 -2073 2074 -2075 2076 2077 2078 2079 2080 2081 2082 2083 2084 2085 2086 
v 2087 2088 2089 2090 2091 2092 2093 2094 2095 2096 2097 -2098 -2099 -2100 
v -2101 -2102 -2103 -2104 -2105 -2106 -2107 -2108 -2109 -2110 -2111 -2112 -2113 
v -2114 2115 -2116 -2117 2118 -2119 2120 2121 2122 2123 2124 2125 2126 -2127 
v -2128 -2129 2130 -2131 -2132 -2133 -2134 -2135 -2136 -2137 -2138 -2139 -2140 
v -2141 -2142 -2143 -2144 -2145 -2146 -2147 -2148 -2149 -2150 -2151 -2152 -2153 
v -2154 -2155 -2156 -2157 -2158 -2159 -2160 2161 -2162 -2163 2164 2165 2166 
v 2167 2168 2169 2170 2171 2172 2173 2174 2175 2176 -2177 -2178 -2179 2180 
v -2181 2182 2183 2184 2185 2186 2187 2188 2189 2190 2191 2192 2193 2194 2195 
v 2196 -2197 2198 -2199 -2200 2201 2202 2203 2204 2205 2206 2207 2208 2209 2210 
v 2211 2212 2213 2214 2215 2216 2217 2218 2219 2220 2221 2222 2223 2224 2225 
v 2226 2227 2228 2229 2230 2231 2232 2233 2234 2235 2236 2237 2238 2239 2240 
v 2241 2242 2243 2244 2245 2246 2247 2248 2249 2250 2251 2252 2253 2254 2255 
v -2256 -2257 2258 2259 2260 2261 2262 -2263 2264 2265 2266 2267 2268 2269 2270 
v 2271 2272 2273 2274 2275 2276 2277 2278 -2279 2280 2281 -2282 -2283 -2284 
v -2285 -2286 -2287 -2288 -2289 -2290 2291 2292 2293 -2294 2295 2296 -2297 2298 
v -2299 -2300 -2301 -2302 -2303 -2304 -2305 -2306 -2307 -2308 -2309 -2310 -2311 
v -2312 -2313 -2314 -2315 -2316 -2317 -2318 2319 2320 -2321 -2322 -2323 -2324 
v -2325 -2326 -2327 -2328 -2329 -2330 -2331 -2332 -2333 -2334 -2335 -2336 -2337 
v -2338 -2339 2340 2341 2342 -2343 2344 2345 2346 2347 2348 2349 2350 2351 2352 
v 2353 2354 2355 2356 -2357 2358 2359 2360 -2361 2362 2363 2364 2365 2366 2367 
v -2368 2369 2370 -2371 2372 2373 2374 2375 2376 2377 2378 2379 2380 2381 2382 
v 2383 2384 2385 2386 2387 2388 2389 2390 2391 2392 2393 2394 2395 2396 2397 
v 2398 2399 2400 2401 -2402 2403 2404 -2405 -2406 -2407 -2408 -2409 -2410 -2411 
v -2412 -2413 -2414 -2415 -2416 -2417 -2418 2419 -2420 -2421 2422 -2423 2424 
v 2425 2426 2427 2428 2429 2430 2431 2432 2433 2434 2435 2436 2437 2438 -2439 
v 2440 2441 -2442 2443 2444 2445 2446 2447 2448 2449 2450 2451 2452 2453 2454 
v 2455 2456 2457 2458 2459 2460 2461 2462 2463 2464 2465 2466 2467 2468 2469 
v 2470 2471 2472 2473 2474 2475 2476 2477 2478 2479 2480 2481 2482 2483 2484 
v 2485 2486 2487 2488 2489 -2490 -2491 -2492 2493 2494 -2495 -2496 -2497 -2498 
v -2499 -2500 -2501 -2502 -2503 -2504 -2505 -2506 -2507 -2508 -2509 -2510 2511 
v 2512 2513 -2514 -2515 -2516 -2517 -2518 -2519 -2520 2521 -2522 -2523 2524 
v 2525 2526 2527 2528 2529 2530 2531 2532 -2533 2534 -2535 -2536 -2537 -2538 
v -2539 -2540 -2541 -2542 -2543 -2544 -2545 -2546 -2547 -2548 -2549 -2550 -2551 
v -2552 -2553 -2554 -2555 -2556 -2557 -2558 2559 -2560 2561 2562 -2563 -2564 
v -2565 -2566 -2567 -2568 -2569 -2570 -2571 -2572 -2573 -2574 -2575 -2576 2577 
v -2578 -2579 -2580 2581 -2582 -2583 2584 2585 2586 2587 -2588 2589 2590 -2591 
v 2592 -2593 -2594 -2595 -2596 -2597 -2598 -2599 -2600 -2601 -2602 -2603 -2604 
v -2605 -2606 -2607 -2608 -2609 -2610 -2611 -2612 -2613 -2614 -2615 -2616 -2617 
v -2618 -2619 -2620 2621 -2622 2623 -2624 2625 2626 2627 2628 2629 2630 2631 
v 2632 2633 2634 2635 2636 2637 2638 2639 -2640 2641 2642 -2643 2644 -2645 
v -2646 -2647 -2648 -2649 -2650 -2651 -2652 -2653 -2654 -2655 -2656 -2657 -2658 
v -2659 2660 -2661 -2662 -2663 2664 2665 2666 2667 2668 2669 2670 2671 2672 
v 2673 2674 2675 2676 2677 2678 2679 2680 2681 2682 2683 2684 2685 2686 2687 
v 2688 2689 2690 2691 2692 2693 2694 2695 2696 2697 2698 2699 2700 2701 2702 
v 2703 2704 2705 2706 2707 2708 2709 2710 2711 -2712 -2713 2714 2715 -2716 
v -2717 -2718 -2719 2720 2721 2722 2723 2724 2725 2726 -2727 2728 2729 2730 
v 2731 -2732 -2733 -2734 -2735 -2736 -2737 -2738 -2739 -2740 2741 2742 -2743 
v -2744 2745 -2746 2747 2748 2749 2750 2751 2752 2753 2754 2755 2756 2757 2758 
v 2759 2760 2761 2762 -2763 2764 2765 2766 -2767 2768 2769 2770 2771 2772 2773 
v 2774 2775 2776 2777 2778 2779 2780 2781 2782 2783 2784 2785 2786 2787 2788 
v 2789 -2790 -2791 2792 2793 -2794 -2795 -2796 -2797 -2798 -2799 -2800 -2801 
v -2802 -2803 -2804 -2805 -2806 2807 2808 2809 -2810 2811 2812 -2813 -2814 
v -2815 -2816 -2817 2818 -2819 -2820 -2821 2822 -2823 -2824 -2825 -2826 -2827 
v -2828 -2829 -2830 -2831 -2832 -2833 -2834 -2835 -2836 -2837 -2838 -2839 -2840 
v -2841 -2842 -2843 -2844 -2845 -2846 -2847 -2848 -2849 -2850 2851 -2852 2853 
v -2854 -2855 -2856 -2857 -2858 -2859 -2860 -2861 -2862 -2863 -2864 -2865 -2866 
v -2867 -2868 -2869 -2870 2871 2872 2873 -2874 2875 2876 -2877 -2878 -2879 
v -2880 -2881 -2882 -2883 -2884 -2885 -2886 -2887 -2888 -2889 2890 2891 2892 
v -2893 -2894 -2895 -2896 -2897 -2898 -2899 -2900 -2901 -2902 -2903 -2904 -2905 
v -2906 -2907 -2908 -2909 -2910 -2911 -2912 -2913 -2914 -2915 -2916 -2917 -2918 
v -2919 -2920 -2921 -2922 -2923 -2924 -2925 -2926 -2927 -2928 -2929 -2930 -2931 
v -2932 -2933 -2934 -2935 -2936 -2937 -2938 -2939 -2940 -2941 -2942 -2943 -2944 
v -2945 -2946 -2947 2948 -2949 2950 2951 -2952 -2953 -2954 2955 -2956 -2957 
v -2958 -2959 -2960 -2961 -2962 -2963 -2964 -2965 -2966 -2967 -2968 -2969 2970 
v -2971 -2972 -2973 2974 2975 -2976 -2977 -2978 -2979 -2980 2981 -2982 -2983 
v 2984 2985 2986 2987 2988 2989 2990 -2991 2992 2993 -2994 2995 2996 2997 2998 
v 2999 3000 3001 3002 3003 3004 3005 3006 3007 3008 3009 3010 3011 3012 3013 
v 3014 3015 3016 3017 3018 3019 3020 3021 3022 3023 3024 3025 3026 3027 3028 
v 3029 3030 3031 3032 3033 -3034 -3035 -3036 -3037 -3038 -3039 -3040 -3041 
v -3042 -3043 -3044 3045 3046 3047 -3048 3049 -3050 3051 3052 3053 3054 3055 
v 3056 -3057 3058 3059 3060 -3061 3062 3063 -3064 -3065 -3066 -3067 -3068 -3069 
v -3070 -3071 -3072 -3073 -3074 -3075 -3076 -3077 -3078 -3079 -3080 -3081 -3082 
v -3083 -3084 -3085 -3086 -3087 -3088 -3089 3090 -3091 -3092 3093 3094 -3095 
v -3096 -3097 -3098 -3099 -3100 -3101 -3102 -3103 -3104 -3105 -3106 -3107 -3108 
v -3109 -3110 -3111 -3112 -3113 3114 -3115 -3116 3117 3118 3119 3120 3121 3122 
v 3123 3124 3125 3126 3127 3128 3129 -3130 -3131 -3132 3133 -3134 3135 3136 
v 3137 3138 3139 3140 3141 3142 3143 3144 3145 3146 3147 3148 3149 3150 3151 
v 3152 3153 3154 3155 3156 3157 3158 3159 3160 3161 3162 3163 3164 3165 3166 
v 3167 3168 3169 3170 3171 3172 3173 3174 3175 3176 3177 3178 3179 3180 3181 
v 3182 3183 3184 -3185 -3186 3187 3188 3189 3190 3191 3192 3193 3194 3195 3196 
v 3197 -3198 -3199 -3200 3201 3202 -3203 -3204 -3205 -3206 -3207 3208 -3209 
v -3210 -3211 3212 3213 3214 -3215 3216 3217 3218 3219 3220 3221 3222 3223 3224 
v 3225 3226 3227 3228 -3229 3230 3231 -3232 -3233 3234 3235 3236 3237 3238 3239 
v 3240 3241 3242 3243 3244 3245 3246 3247 3248 3249 3250 3251 3252 3253 3254 
v 3255 3256 3257 3258 3259 -3260 3261 -3262 -3263 -3264 -3265 -3266 -3267 -3268 
v -3269 -3270 -3271 -3272 -3273 -3274 3275 -3276 -3277 3278 -3279 3280 3281 
v 3282 3283 3284 3285 3286 3287 -3288 -3289 -3290 3291 -3292 -3293 3294 3295 
v 3296 3297 3298 3299 3300 3301 3302 3303 3304 3305 3306 3307 3308 3309 3310 
v 3311 3312 3313 3314 3315 3316 3317 3318 3319 3320 3321 -3322 -3323 -3324 
v -3325 3326 3327 3328 3329 3330 3331 3332 3333 3334 3335 3336 3337 3338 3339 
v 3340 3341 3342 3343 -3344 3345 3346 -3347 -3348 -3349 -3350 -3351 -3352 -3353 
v -3354 -3355 -3356 -3357 -3358 -3359 -3360 3361 -3362 -3363 3364 -3365 3366 
v 3367 3368 3369 3370 3371 3372 3373 3374 3375 3376 3377 3378 3379 3380 3381 
v 3382 3383 3384 3385 3386 3387 3388 3389 3390 3391 3392 3393 3394 3395 3396 
v 3397 3398 3399 3400 3401 3402 3403 3404 3405 3406 3407 3408 3409 3410 3411 
v 3412 3413 3414 -3415 -3416 3417 -3418 3419 3420 3421 3422 -3423 3424 3425 
v 3426 3427 3428 3429 3430 3431 3432 -3433 3434 -3435 -3436 -3437 -3438 -3439 
v -3440 -3441 -3442 -3443 -3444 -3445 3446 3447 -3448 -3449 -3450 -3451 -3452 
v 3453 3454 3455 3456 3457 3458 3459 3460 3461 3462 3463 3464 3465 -3466 3467 
v -3468 -3469 -3470 -3471 -3472 -3473 -3474 -3475 -3476 -3477 -3478 -3479 -3480 
v -3481 -3482 -3483 -3484 -3485 3486 3487 3488 -3489 3490 -3491 -3492 -3493 
v -3494 -3495 -3496 -3497 -3498 -3499 -3500 -3501 3502 -3503 -3504 3505 -3506 
v 3507 3508 -3509 -3510 -3511 -3512 -3513 3514 3515 3516 -3517 3518 -3519 3520 
v 3521 3522 3523 3524 3525 3526 3527 3528 3529 3530 3531 3532 3533 3534 3535 
v 3536 3537 3538 3539 3540 3541 3542 3543 3544 3545 3546 3547 3548 -3549 -3550 
v -3551 3552 -3553 -3554 -3555 -3556 -3557 -3558 -3559 -3560 -3561 -3562 -3563 
v -3564 -3565 -3566 -3567 -3568 -3569 3570 -3571 3572 -3573 3574 3575 3576 3577 
v 3578 3579 3580 3581 3582 3583 3584 3585 3586 3587 3588 -3589 3590 3591 -3592 
v 3593 -3594 -3595 -3596 -3597 -3598 -3599 -3600 -3601 -3602 -3603 -3604 -3605 
v -3606 -3607 -3608 -3609 -3610 -3611 -3612 -3613 -3614 -3615 -3616 -3617 -3618 
v -3619 -3620 -3621 -3622 -3623 -3624 -3625 -3626 -3627 -3628 -3629 -3630 -3631 
v -3632 -3633 -3634 -3635 -3636 -3637 -3638 -3639 -3640 -3641 -3642 -3643 -3644 
v -3645 -3646 -3647 3648 -3649 -3650 -3651 -3652 3653 -3654 -3655 3656 3657 
v 3658 3659 3660 3661 3662 3663 3664 3665 3666 3667 3668 -3669 -3670 -3671 
v -3672 3673 3674 3675 3676 3677 -3678 -3679 -3680 -3681 -3682 -3683 3684 -3685 
v -3686 3687 3688 3689 3690 3691 3692 -3693 -3694 3695 -3696 -3697 3698 3699 
v 3700 3701 3702 3703 3704 3705 3706 3707 3708 3709 3710 3711 3712 3713 -3714 
v 3715 -3716 -3717 -3718 -3719 -3720 -3721 -3722 -3723 -3724 -3725 -3726 -3727 
v -3728 -3729 -3730 -3731 -3732 -3733 -3734 -3735 -3736 -3737 -3738 -3739 -3740 
v -3741 -3742 -3743 3744 3745 -3746 -3747 -3748 -3749 -3750 -3751 -3752 -3753 
v -3754 -3755 3756 3757 3758 -3759 3760 3761 -3762 -3763 -3764 -3765 3766 -3767 
v -3768 3769 -3770 3771 3772 3773 3774 3775 3776 3777 3778 3779 3780 3781 3782 
v 3783 3784 3785 3786 3787 3788 3789 3790 3791 3792 3793 3794 3795 3796 3797 
v 3798 3799 3800 -3801 3802 3803 -3804 3805 3806 3807 3808 3809 3810 3811 3812 
v 3813 3814 3815 3816 3817 3818 3819 3820 3821 3822 -3823 3824 -3825 3826 3827 
v 3828 3829 3830 3831 3832 3833 3834 3835 3836 3837 3838 3839 3840 3841 3842 
v -3843 -3844 -3845 3846 -3847 -3848 3849 3850 3851 3852 3853 3854 3855 3856 
v 3857 3858 3859 3860 3861 3862 3863 3864 3865 3866 3867 3868 3869 3870 3871 
v 3872 3873 3874 3875 3876 3877 3878 3879 3880 3881 3882 3883 3884 3885 3886 
v 3887 3888 3889 3890 3891 3892 3893 3894 3895 3896 -3897 -3898 -3899 3900 
v -3901 3902 3903 3904 3905 3906 3907 3908 3909 -3910 -3911 3912 3913 -3914 
v -3915 -3916 -3917 -3918 -3919 -3920 -3921 -3922 3923 3924 3925 3926 3927 
v -3928 3929 3930 3931 3932 3933 3934 3935 3936 3937 3938 3939 3940 3941 3942 
v 3943 3944 3945 3946 -3947 3948 -3949 -3950 -3951 -3952 -3953 -3954 -3955 
v -3956 -3957 -3958 -3959 -3960 -3961 -3962 -3963 -3964 3965 -3966 3967 3968 
v 3969 3970 3971 3972 3973 3974 3975 3976 3977 3978 3979 3980 3981 3982 3983 
v 3984 3985 3986 -3987 3988 3989 -3990 -3991 -3992 -3993 3994 -3995 -3996 3997 
v -3998 3999 4000 -4001 -4002 -4003 -4004 -4005 -4006 -4007 -4008 -4009 -4010 
v -4011 -4012 -4013 -4014 -4015 -4016 -4017 -4018 -4019 -4020 -4021 -4022 -4023 
v -4024 -4025 -4026 -4027 -4028 4029 -4030 -4031 4032 -4033 4034 4035 4036 4037 
v 4038 4039 4040 4041 4042 4043 4044 4045 4046 4047 4048 4049 4050 -4051 4052 
v 4053 -4054 -4055 4056 4057 4058 4059 4060 4061 4062 4063 4064 4065 4066 4067 
v 4068 4069 4070 4071 4072 4073 4074 -4075 4076 4077 -4078 -4079 -4080 -4081 
v -4082 -4083 -4084 -4085 -4086 -4087 -4088 -4089 -4090 -4091 -4092 -4093 -4094 
v -4095 -4096 -4097 -4098 -4099 -4100 -4101 -4102 -4103 -4104 -4105 -4106 -4107 
v -4108 -4109 -4110 -4111 -4112 -4113 -4114 -4115 -4116 -4117 -4118 -4119 4120 
v 4121 4122 -4123 -4124 -4125 -4126 -4127 4128 -4129 4130 4131 4132 4133 4134 
v 4135 4136 4137 4138 4139 4140 4141 -4142 4143 4144 4145 -4146 -4147 -4148 
v -4149 -4150 -4151 4152 -4153 -4154 -4155 -4156 4157 4158 -4159 4160 4161 
v -4162 -4163 -4164 -4165 -4166 -4167 -4168 -4169 -4170 -4171 -4172 -4173 -4174 
v 4175 -4176 4177 4178 4179 4180 4181 4182 4183 4184 4185 4186 4187 4188 4189 
v 4190 4191 4192 4193 4194 4195 4196 4197 4198 4199 -4200 4201 4202 4203 -4204 
v 4205 4206 4207 4208 4209 4210 4211 4212 4213 4214 4215 4216 4217 4218 4219 
v -4220 4221 4222 -4223 -4224 -4225 -4226 -4227 4228 4229 4230 -4231 4232 4233 
v -4234 -4235 -4236 -4237 -4238 -4239 -4240 -4241 -4242 -4243 -4244 -4245 -4246 
v -4247 -4248 -4249 -4250 -4251 -4252 -4253 -4254 -4255 -4256 -4257 -4258 -4259 
v -4260 -4261 4262 -4263 -4264 -4265 4266 -4267 -4268 -4269 -4270 -4271 -4272 
v -4273 -4274 -4275 -4276 -4277 -4278 -4279 -4280 -4281 -4282 -4283 -4284 4285 
v 4286 4287 4288 -4289 -4290 -4291 -4292 -4293 -4294 -4295 -4296 -4297 -4298 
v -4299 -4300 -4301 -4302 -4303 -4304 -4305 -4306 4307 -4308 -4309 4310 4311 
v 4312 4313 4314 4315 4316 4317 4318 4319 4320 4321 4322 4323 4324 4325 4326 
v 4327 4328 4329 4330 4331 4332 4333 4334 4335 4336 4337 4338 4339 4340 4341 
v 4342 4343 4344 4345 4346 4347 4348 4349 4350 4351 4352 4353 4354 4355 -4356 
v 4357 -4358 4359 4360 4361 4362 4363 -4364 4365 4366 4367 4368 4369 4370 4371 
v 4372 4373 4374 4375 4376 4377 -4378 4379 4380 -4381 -4382 4383 4384 4385 4386 
v 4387 -4388 -4389 -4390 -4391 -4392 -4393 4394 4395 -4396 4397 4398 4399 4400 
v -4401 4402 4403 -4404 4405 -4406 -4407 -4408 -4409 -4410 -4411 -4412 -4413 
v -4414 -4415 -4416 -4417 4418 4419 -4420 4421 -4422 4423 4424 4425 4426 4427 
v 4428 4429 4430 4431 4432 4433 4434 4435 4436 4437 4438 4439 4440 4441 4442 
v 4443 4444 4445 4446 4447 4448 4449 4450 4451 4452 4453 4454 -4455 4456 -4457 
v 4458 -4459 -4460 -4461 -4462 -4463 -4464 -4465 -4466 4467 -4468 -4469 4470 
v 4471 4472 4473 4474 4475 4476 4477 4478 4479 4480 4481 4482 4483 4484 4485 
v 4486 4487 4488 4489 4490 4491 4492 4493 4494 4495 4496 4497 -4498 4499 4500 
v 4501 -4502 4503 4504 -4505 -4506 -4507 -4508 -4509 -4510 -4511 -4512 -4513 
v -4514 -4515 -4516 -4517 -4518 -4519 -4520 4521 4522 4523 -4524 4525 4526 4527 
v 4528 4529 4530 4531 4532 4533 4534 4535 4536 4537 4538 4539 4540 4541 -4542 
v 4543 -4544 4545 -4546 -4547 -4548 -4549 -4550 -4551 -4552 -4553 -4554 -4555 
v -4556 -4557 -4558 -4559 -4560 -4561 -4562 -4563 -4564 -4565 -4566 -4567 -4568 
v -4569 -4570 -4571 -4572 -4573 -4574 -4575 -4576 -4577 -4578 -4579 -4580 -4581 
v -4582 -4583 -4584 -4585 -4586 -4587 -4588 -4589 -4590 -4591 -4592 -4593 -4594 
v -4595 -4596 -4597 4598 4599 -4600 -4601 -4602 -4603 4604 -4605 4606 4607 4608 
v 4609 4610 4611 4612 4613 4614 -4615 -4616 -4617 -4618 -4619 -4620 -4621 -4622 
v 4623 4624 4625 4626 -4627 -4628 4629 4630 4631 -4632 4633 4634 -4635 -4636 
v -4637 -4638 -4639 -4640 -4641 -4642 -4643 -4644 -4645 -4646 -4647 -4648 -4649 
v -4650 4651 -4652 -4653 -4654 -4655 -4656 -4657 -4658 -4659 -4660 -4661 -4662 
v -4663 -4664 -4665 -4666 -4667 -4668 -4669 -4670 -4671 -4672 -4673 4674 -4675 
v -4676 4677 4678 -4679 -4680 -4681 -4682 -4683 -4684 -4685 -4686 -4687 -4688 
v -4689 -4690 -4691 -4692 -4693 -4694 -4695 4696 -4697 4698 4699 4700 4701 4702 
v 4703 4704 4705 -4706 4707 4708 -4709 -4710 -4711 -4712 -4713 -4714 -4715 
v -4716 -4717 -4718 -4719 -4720 -4721 -4722 -4723 -4724 -4725 -4726 -4727 -4728 
v -4729 -4730 -4731 -4732 -4733 -4734 -4735 -4736 4737 4738 4739 -4740 4741 
v 4742 -4743 -4744 -4745 -4746 -4747 -4748 -4749 -4750 -4751 -4752 -4753 -4754 
v -4755 -4756 -4757 -4758 4759 -4760 -4761 4762 -4763 -4764 -4765 -4766 -4767 
v -4768 -4769 -4770 -4771 -4772 -4773 -4774 -4775 -4776 -4777 -4778 -4779 -4780 
v 4781 -4782 4783 -4784 -4785 -4786 -4787 -4788 -4789 -4790 -4791 -4792 -4793 
v -4794 -4795 -4796 -4797 -4798 -4799 -4800 -4801 -4802 -4803 -4804 -4805 -4806 
v -4807 -4808 -4809 -4810 -4811 -4812 -4813 -4814 -4815 -4816 -4817 -4818 -4819 
v -4820 -4821 -4822 -4823 -4824 -4825 -4826 -4827 -4828 -4829 -4830 -4831 -4832 
v -4833 -4834 -4835 -4836 -4837 4838 4839 4840 4841 4842 -4843 -4844 4845 4846 
v 4847 4848 4849 4850 4851 4852 4853 4854 4855 4856 -4857 4858 4859 -4860 -4861 
v -4862 -4863 -4864 4865 -4866 -4867 -4868 -4869 -4870 -4871 -4872 4873 4874 
v 4875 4876 4877 4878 4879 4880 4881 4882 4883 4884 4885 4886 -4887 4888 4889 
v 4890 4891 4892 4893 4894 4895 4896 4897 4898 4899 4900 4901 4902 4903 4904 
v 4905 4906 4907 4908 4909 4910 4911 4912 4913 -4914 4915 -4916 -4917 -4918 
v -4919 -4920 4921 4922 -4923 -4924 4925 4926 4927 4928 -4929 4930 -4931 4932 
v -4933 -4934 -4935 -4936 -4937 -4938 -4939 -4940 -4941 -4942 -4943 -4944 -4945 
v -4946 -4947 -4948 -4949 -4950 -4951 -4952 -4953 -4954 -4955 -4956 -4957 -4958 
v -4959 4960 4961 4962 -4963 4964 -4965 4966 4967 4968 4969 4970 4971 4972 4973 
v 4974 4975 4976 4977 4978 4979 4980 4981 4982 -4983 4984 4985 -4986 4987 -4988 
v -4989 -4990 -4991 -4992 -4993 -4994 -4995 -4996 -4997 -4998 -4999 -5000 -5001 
v -5002 -5003 -5004 5005 -5006 -5007 5008 5009 -5010 -5011 -5012 -5013 -5014 
v -5015 -5016 -5017 -5018 -5019 -5020 -5021 -5022 -5023 -5024 -5025 -5026 -5027 
v -5028 -5029 -5030 -5031 -5032 -5033 -5034 -5035 -5036 -5037 -5038 -5039 -5040 
v -5041 -5042 -5043 -5044 -5045 -5046 -5047 -5048 -5049 -5050 -5051 -5052 -5053 
v -5054 -5055 -5056 -5057 -5058 5059 -5060 5061 5062 5063 5064 5065 5066 -5067 
v -5068 -5069 -5070 -5071 -5072 -5073 -5074 -5075 -5076 -5077 -5078 -5079 -5080 
v -5081 5082 -5083 -5084 -5085 5086 5087 -5088 -5089 -5090 -5091 -5092 -5093 
v -5094 -5095 -5096 -5097 -5098 5099 5100 5101 -5102 -5103 -5104 -5105 5106 
v 5107 5108 5109 5110 5111 5112 5113 5114 5115 5116 5117 5118 -5119 5120 5121 
v -5122 -5123 5124 5125 5126 5127 5128 5129 5130 5131 5132 5133 5134 5135 5136 
v 5137 5138 5139 5140 5141 5142 5143 5144 5145 -5146 5147 -5148 -5149 -5150 
v -5151 -5152 -5153 -5154 -5155 -5156 -5157 5158 5159 5160 -5161 -5162 -5163 
v -5164 5165 -5166 5167 5168 5169 5170 5171 5172 5173 5174 5175 5176 5177 5178 
v 5179 5180 5181 5182 5183 5184 5185 5186 5187 5188 5189 5190 5191 5192 -5193 
v 5194 5195 -5196 5197 -5198 -5199 -5200 -5201 -5202 -5203 -5204 -5205 -5206 
v -5207 -5208 -5209 -5210 -5211 -5212 -5213 -5214 -5215 -5216 5217 -5218 -5219 
v -5220 5221 -5222 -5223 -5224 -5225 -5226 -5227 -5228 -5229 -5230 -5231 -5232 
v -5233 -5234 -5235 -5236 -5237 -5238 -5239 5240 5241 5242 5243 -5244 -5245 
v -5246 -5247 -5248 -5249 -5250 -5251 -5252 -5253 -5254 -5255 -5256 -5257 -5258 
v -5259 -5260 -5261 -5262 -5263 -5264 -5265 -5266 -5267 -5268 -5269 -5270 -5271 
v -5272 -5273 -5274 -5275 -5276 -5277 -5278 -5279 -5280 -5281 -5282 -5283 -5284 
v -5285 -5286 -5287 -5288 -5289 -5290 -5291 -5292 -5293 -5294 -5295 5296 5297 
v -5298 5299 5300 5301 5302 5303 -5304 -5305 -5306 -5307 -5308 -5309 -5310 
v -5311 -5312 -5313 -5314 -5315 5316 5317 -5318 -5319 -5320 -5321 -5322 0
c [g 0] truth-find prop checks  : 59K
c [g 0] -> of which prop        : 15.40 %
c [g 0] -> of which confl       :  0.80 %
c [g 0] elim called             : 14667
c [g 0] ---> which lead to prop : 23.45 %
c [g 0] ---> which lead to confl:  1.64 %
c [g 0] size: 47    x 461  
