c BreakID not compiled in, disabling
c CryptoMiniSat version 5.11.15
c CMS Copyright (C) 2009-2020 Authors of CryptoMiniSat, see AUTHORS file
c CMS SHA revision 
c Using VMTF code by Armin Biere from CaDiCaL
c Using Yalsat by Armin Biere, see Balint et al. Improving implementation of SLS solvers [...], SAT'14
c Using WalkSAT by Henry Kautz, see Kautz and Selman Pushing the envelope: planning, propositional logic, and stochastic search, AAAI'96,
c CMS is MIT licensed
c Using code from 'When Boolean Satisfiability Meets Gauss-E. in a Simplex Way'
c       by C.-S. Han and J.-H. Roland Jiang in CAV 2012. Fixes by M. Soos
c Using CCAnr from 'CCAnr: A Conf. Checking Based Local Search Solver [...]'
c       by Shaowei Cai, Chuan Luo, and Kaile Su, SAT 2015
c CMS compilation env CMAKE_CXX_COMPILER = /usr/bin/c++ | COMPILE_DEFINES =  -DRDB0_ONLY_FEATURES -DBOOST_TEST_DYN_LINK -DUSE_ZLIB -DYALSAT_FPU | STATICCOMPILE = OFF | ONLY_SIMPLE = OFF | Boost_FOUND = TRUE | STATS = OFF | SQLITE3_FOUND =  | ZLIB_FOUND = TRUE | VALGRIND_FOUND =  | ENABLE_TESTING = OFF | SLOW_DEBUG = OFF | ENABLE_ASSERTIONS = ON | PYTHON_EXECUTABLE =  | PYTHON_LIBRARY =  | PYTHON_INCLUDE_DIRS =  | MY_TARGETS =  | LARGEMEM = OFF | LIMITMEM = OFF | BREAKID_LIBRARIES =  | BREAKID-VER = . | BOSPHORUS_LIBRARIES =  | BOSPH-VER = . | compilation date time = Mar 31 2024 17:57:30
c CMS compiled with gcc version 13.2.0
c Executed with command line: cryptominisat5 --verb 1 /workspace/experiments/EXP-ICPERF-66fd51/runs/RUN-ICPERF-4ec9b9/pure_cnf/n17l6-11-U.dimacs
c Reading file '/workspace/experiments/EXP-ICPERF-66fd51/runs/RUN-ICPERF-4ec9b9/pure_cnf/n17l6-11-U.dimacs'
c -- header says num vars:           4351
c -- header says num clauses:       16896
c -- clauses added: 16896
c -- xor clauses added: 0
c -- vars added 4351
c Parsing time: 0.00 s
c [branch] adjusting to: vsid (from: vsid) var_decay:0.95 descr: VSIDS
c rst  geom  stb   vs     1   112    4351 15244  1652    3.01    2.92     7     4   100     1  124.47  123.38
c rst  geom  stb   vs     2   235    4351 15244  1652    3.01    2.92     9     4   220     2   88.67   87.93
c  res  pol bran  nres  conf freevar  IrrL  IrrB l/longC  l/allC RedL0 RedL1 RedL2  RedB l/longC  l/allC
c rst  geom  stb   vs     3   370    4351 15244  1652    3.01    2.92     9     5   354     2   74.80   74.41
c rst  geom  stb   vs     4   519    4351 15244  1652    3.01    2.92     9     5   503     2   72.35   72.08
c rst  geom  stb   vs     5   681    4351 15244  1652    3.01    2.92     9     5   665     2   75.07   74.85
c rst  geom  stb   vs     6   859    4351 15244  1652    3.01    2.92    12    14   831     2   69.40   69.24
c rst  geom  stb   vs     7  1053    4351 15244  1652    3.01    2.92    12    17  1022     2   66.13   66.01
c rst  geom  stb   vs     8  1267    4351 15244  1652    3.01    2.92    13    19  1233     2   62.40   62.31
c rst  geom  stb   vs     9  1502    4351 15244  1652    3.01    2.92    16    24  1460     2   60.36   60.28
c rst  geom  stb   vs    10  1759    4351 15244  1652    3.01    2.92    18    27  1712     2   63.13   63.07
c rst  geom  stb   vs    11  2042    4351 15244  1652    3.01    2.92    21    28  1991     2   62.28   62.23
c rst  geom  stb   vs    12  2352    4351 15244  1652    3.01    2.92    26    30  2293     3   68.65   68.56
c rst  geom  stb   vs    13  2693    4351 15244  1652    3.01    2.92    33    35  2622     3   70.44   70.36
c rst  geom  stb   vs    14  3067    4351 15244  1652    3.01    2.92    40    43  2981     3   71.16   71.10
c rst  geom  stb   vs    15  3478    4351 15244  1652    3.01    2.92    42    45  3388     3   68.91   68.85
c rst  geom  stb   vs    16  3928    4351 15244  1652    3.01    2.92    64    75  3784     5   70.58   70.50
c rst  geom  stb   vs    17  4422    4351 15244  1652    3.01    2.92    65    79  4273     5   68.42   68.34
c rst  geom  stb   vs    18  4965    4351 15244  1652    3.01    2.92    66    81  4813     5   67.67   67.61
c rst  geom  stb   vs    19  5563    4351 15244  1652    3.01    2.92    71    84  5403     5   66.72   66.67
c [branch] adjusting to: vmtf (from: vsid) var_decay:0.95 descr: VMTF
c [distill-long-red0] cls tried: 71/71 T: 0.00 T-out: N T-r: 99.99%
c [distill-long-red1] cls tried: 84/84 T: 0.00 T-out: N T-r: 93.01%
c rst  luby ibes  vmt    20  5664    4351 15244  1652    3.01    2.92    78    93  5484     9   66.42   66.32
c rst  luby ibes  vmt    21  5766    4351 15244  1652    3.01    2.92    81   105  5571     9   65.73   65.63
c rst  luby ibes  vmt    22  5967    4351 15244  1652    3.01    2.92    83   124  5751     9   64.51   64.42
c rst  luby ibes  vmt    23  6068    4351 15244  1652    3.01    2.92    85   129  5845     9   63.98   63.89
c rst  luby ibes  vmt    24  6171    4351 15244  1652    3.01    2.92    86   143  5933     9   63.29   63.20
c rst  luby ibes  vmt    25  6373    4351 15244  1652    3.01    2.92    90   157  6117     9   62.43   62.34
c rst  luby ibes  vmt    26  6776    4351 15244  1652    3.01    2.92    96   177  6494     9   60.79   60.71
c rst  luby ibes  vmt    27  6877    4351 15244  1652    3.01    2.92    97   182  6589     9   60.49   60.42
c rst  luby ibes  vmt    28  6978    4351 15244  1652    3.01    2.92    98   187  6684     9   60.09   60.02
c rst  luby ibes  vmt    29  7181    4351 15244  1652    3.01    2.92   101   192  6879     9   59.61   59.53
c rst  luby ibes  vmt    30  7282    4351 15244  1652    3.01    2.92   101   193  6979     9   59.36   59.29
c rst  luby ibes  vmt    31  7383    4351 15244  1652    3.01    2.92   102   196  7076     9   58.94   58.87
c rst  luby ibes  vmt    32  7584    4351 15244  1652    3.01    2.92   106   203  7266     9   58.11   58.04
c rst  luby ibes  vmt    33  7986    4351 15244  1652    3.01    2.92   110   212  7655     9   57.35   57.29
c rst  luby ibes  vmt    34  8787    4351 15244  1652    3.01    2.92   118   242  8418     9   54.81   54.76
c rst  luby ibes  vmt    35  8888    4351 15244  1652    3.01    2.92   120   247  8512     9   54.62   54.56
c rst  luby ibes  vmt    36  8991    4351 15244  1652    3.01    2.92   121   250  8611     9   54.42   54.37
c rst  luby ibes  vmt    37  9193    4351 15244  1652    3.01    2.92   125   266  8793     9   53.95   53.89
c rst  luby ibes  vmt    38  9294    4351 15244  1652    3.01    2.92   127   269  8889     9   53.69   53.64
c rst  luby ibes  vmt    39  9395    4351 15244  1652    3.01    2.92   128   276  8982     9   53.46   53.41
c rst  luby ibes  vmt    40  9597    4351 15244  1652    3.01    2.92   129   276  9183     9   52.98   52.93
c rst  luby ibes  vmt    41  9998    4351 15244  1652    3.01    2.92   131   286  9572     9   52.44   52.39
c rst  luby ibes  vmt    42 10099    4351 15244  1652    3.01    2.92   274   143  9673     9   52.23   52.19
c rst  luby ibes  vmt    43 10201    4351 15244  1652    3.01    2.92   275   144  9773     9   52.09   52.04
c rst  luby ibes  vmt    44 10403    4351 15244  1652    3.01    2.92   277   154  9963     9   51.96   51.92
c rst  luby ibes  vmt    45 10506    4351 15244  1652    3.01    2.92   279   164 10054     9   51.83   51.79
c rst  luby ibes  vmt    46 10608    4351 15244  1652    3.01    2.92   279   165 10155     9   51.62   51.58
c rst  luby ibes  vmt    47 10811    4351 15244  1652    3.01    2.92   286   188 10328     9   51.29   51.25
c rst  luby  svd  vmt    48 11215    4351 15244  1652    3.01    2.92   289   195 10720    11   51.03   50.98
c rst  luby  svd  vmt    49 12016    4351 15244  1652    3.01    2.92   293   213 11499    11   52.14   52.09
c [branch] adjusting to: vsid (from: vmtf) var_decay:0.95 descr: VSIDS
c [distill-bin] useful: 4/1652/1652 lits-rem: 0 cl-rem: 4 0-depth-assigns: 0 T: 0.00 T-out: N
c rst  geom  svd   vs    50 12127    4351 15244  1648    3.01    2.92   293   213 11610    11   52.15   52.10
c rst  geom  svd   vs    51 12250    4351 15244  1648    3.01    2.92   295   217 11727    11   52.17   52.12
c rst  geom  svd   vs    52 12385    4351 15244  1648    3.01    2.92   297   223 11853    12   52.10   52.06
c rst  geom  svd   vs    53 12533    4351 15244  1648    3.01    2.92   305   236 11980    12   51.89   51.85
c rst  geom  svd   vs    54 12694    4351 15244  1648    3.01    2.92   307   244 12131    12   51.81   51.77
c rst  geom  svd   vs    55 12872    4351 15244  1648    3.01    2.92   308   257 12295    12   51.57   51.52
c rst  geom  svd   vs    56 13067    4351 15244  1648    3.01    2.92   313   278 12464    12   51.20   51.16
c rst  geom  svd   vs    57 13280    4351 15244  1648    3.01    2.92   317   282 12669    12   50.84   50.79
c rst  geom  svd   vs    58 13514    4351 15244  1648    3.01    2.92   319   287 12896    12   50.41   50.37
c rst  geom  svd   vs    59 13771    4351 15244  1648    3.01    2.92   323   297 13139    12   50.02   49.98
c rst  geom  svd   vs    60 14054    4351 15244  1648    3.01    2.92   325   306 13411    12   49.59   49.55
c rst  geom  svd   vs    61 14364    4351 15244  1648    3.01    2.92   335   321 13696    12   49.44   49.40
c rst  geom  svd   vs    62 14705    4351 15244  1648    3.01    2.92   337   331 14025    12   49.28   49.24
c rst  geom  svd   vs    63 15078    4351 15244  1648    3.01    2.92   368   678 14020    12   48.85   48.81
c rst  geom  svd   vs    64 15488    4351 15244  1648    3.01    2.92   372   685 14419    12   48.46   48.42
c rst  geom  svd   vs    65 15939    4351 15244  1648    3.01    2.92   379   691 14857    12   48.00   47.96
c rst  geom  svd   vs    66 16433    4351 15244  1648    3.01    2.92   383   694 15344    12   47.43   47.40
c rst  geom best   vs    67 16977    4351 15244  1648    3.01    2.92   383   698 15884    12   47.18   47.15
c rst  geom best   vs    68 17574    4351 15244  1648    3.01    2.92   391   718 16453    12   47.30   47.27
c rst  geom best   vs    69 18230    4351 15244  1648    3.01    2.92   396   734 17087    13   47.56   47.53
c [branch] adjusting to: vmtf (from: vsid) var_decay:0.95 descr: VMTF
c rst  luby best  vmt    70 18331    4351 15244  1648    3.01    2.92   397   738 17183    13   47.56   47.53
c rst  luby best  vmt    71 18434    4351 15244  1648    3.01    2.92   399   746 17276    13   47.49   47.45
c rst  luby best  vmt    72 18635    4351 15244  1648    3.01    2.92   399   758 17465    13   47.53   47.50
c rst  luby best  vmt    73 18736    4351 15244  1648    3.01    2.92   401   768 17554    13   47.52   47.49
c rst  luby best  vmt    74 18837    4351 15244  1648    3.01    2.92   402   772 17650    13   47.50   47.47
c rst  luby best  vmt    75 19041    4351 15244  1648    3.01    2.92   404   775 17849    13   47.48   47.45
c rst  luby best  vmt    76 19443    4351 15244  1648    3.01    2.92   404   787 18239    13   47.58   47.55
c rst  luby best  vmt    77 19544    4351 15244  1648    3.01    2.92   404   787 18340    13   47.60   47.57
c rst  luby best  vmt    78 19646    4351 15244  1648    3.01    2.92   404   792 18437    13   47.58   47.55
c rst  luby best  vmt    79 19848    4351 15244  1648    3.01    2.92   404   796 18635    13   47.46   47.43
c rst  luby best  vmt    80 19949    4351 15244  1648    3.01    2.92   404   804 18728    13   47.46   47.43
c rst  luby best  vmt    81   20K    4351 15244  1648    3.01    2.92   593   626 18818    13   47.40   47.37
c [full-probe]  bin_only: 1 set: 0 repl: 0 T: 0.00 T-out: N T-r: 99.72%
c rst  luby best  vmt    82   20K    4351 15244  1648    3.01    2.92   599   638 19002    13   47.25   47.22
c rst  luby best  vmt    83   20K    4351 15244  1648    3.01    2.92   625   725 19287    18   47.07   47.03
c [distill-long-red0] cls tried: 490/490 T: 0.01 T-out: N T-r: 99.65%
c [distill-long-red1] cls tried: 143/705 T: 0.00 T-out: Y T-r: -1.36%
c rst  luby best  vmt    84   21K    4351 15244  1648    3.01    2.92   633   788   20K    19   49.56   49.52
c rst  luby best  vmt    85   21K    4351 15244  1648    3.01    2.92   638   797   20K    19   49.69   49.65
c rst  luby best  vmt    86   21K    4351 15244  1648    3.01    2.92   640   800   20K    19   49.77   49.72
c rst  luby  stb  vmt    87   21K    4351 15244  1648    3.01    2.92   648   817   20K    23   49.77   49.72
c rst  luby  stb  vmt    88   21K    4351 15244  1648    3.01    2.92   648   822   20K    24   49.91   49.86
c rst  luby  stb  vmt    89   22K    4351 15244  1648    3.01    2.92   650   830   20K    24   49.95   49.89
c rst  luby  stb  vmt    90   22K    4351 15244  1648    3.01    2.92   653   842   20K    24   49.96   49.91
c rst  luby  stb  vmt    91   22K    4351 15244  1648    3.01    2.92   657   869   21K    24   50.23   50.18
c rst  luby  stb  vmt    92   22K    4351 15244  1648    3.01    2.92   658   886   21K    24   50.32   50.26
c rst  luby  stb  vmt    93   22K    4351 15244  1648    3.01    2.92   661   893   21K    24   50.45   50.40
c rst  luby  stb  vmt    94   23K    4351 15244  1648    3.01    2.92   662   899   21K    24   50.55   50.50
c rst  luby  stb  vmt    95   23K    4351 15244  1648    3.01    2.92   669   905   21K    24   50.41   50.36
c rst  luby  stb  vmt    96   23K    4351 15244  1648    3.01    2.92   670   909   21K    24   50.56   50.51
c rst  luby  stb  vmt    97   23K    4351 15244  1648    3.01    2.92   675   925   21K    25   50.39   50.34
c rst  luby  stb  vmt    98   23K    4351 15244  1648    3.01    2.92   680   941   22K    25   50.57   50.52
c rst  luby  stb  vmt    99   24K    4351 15244  1648    3.01    2.92   692   981   22K    26   51.04   50.99
c rst  luby  stb  vmt   100   26K    4351 15244  1648    3.01    2.92   708  1085   24K    28   50.84   50.79
c [branch] adjusting to: vsid (from: vmtf) var_decay:0.95 descr: VSIDS
c [distill] watch-based irred--  cl tried    30483 cl-sh     2 cl-rem    5 lit-rem      2 T: 0.00 T-out: N
c [distill] watch-based   red--  cl tried     1415 cl-sh    58 cl-rem    2 lit-rem     83 T: 0.00 T-out: N
c rst  geom  stb   vs   101   26K    4351 15237  1655    3.01    2.91   701  1091   24K    28   50.88   50.82
c rst  geom  stb   vs   102   26K    4351 15237  1655    3.01    2.91   708  1097   24K    28   50.80   50.75
c rst  geom  stb   vs   103   26K    4351 15237  1655    3.01    2.91   714  1103   24K    28   50.72   50.67
c rst  geom  stb   vs   104   26K    4351 15237  1655    3.01    2.91   718  1111   24K    28   50.62   50.56
c rst  geom  stb   vs   105   26K    4351 15237  1655    3.01    2.91   722  1111   25K    28   50.51   50.46
c rst  geom ibes   vs   106   27K    4351 15237  1655    3.01    2.91   723  1116   25K    28   50.36   50.31
c rst  geom ibes   vs   107   27K    4351 15237  1655    3.01    2.91   724  1118   25K    28   50.19   50.14
c rst  geom ibes   vs   108   27K    4351 15237  1655    3.01    2.91   724  1118   25K    28   50.09   50.04
c rst  geom ibes   vs   109   27K    4351 15237  1655    3.01    2.91   724  1118   25K    28   49.89   49.84
c rst  geom ibes   vs   110   28K    4351 15237  1655    3.01    2.91   725  1119   26K    28   49.67   49.62
c rst  geom ibes   vs   111   28K    4351 15237  1655    3.01    2.91   725  1120   26K    28   49.53   49.48
c rst  geom ibes   vs   112   28K    4351 15237  1655    3.01    2.91   726  1120   26K    28   49.27   49.22
c rst  geom ibes   vs   113   28K    4351 15237  1655    3.01    2.91   726  1121   27K    28   49.13   49.09
c rst  geom ibes   vs   114   29K    4351 15237  1655    3.01    2.91   726  1121   27K    28   48.88   48.84
c rst  geom ibes   vs   115   29K    4351 15237  1655    3.01    2.91   729  1122   27K    28   48.78   48.73
c rst  geom ibes   vs   116   30K    4351 15237  1655    3.01    2.91  1486  1097   25K    28   46.50   46.46
c rst  geom ibes   vs   117   30K    4351 15237  1655    3.01    2.91  1488  1103   25K    28   46.44   46.40
c rst  geom ibes   vs   118   31K    4351 15237  1655    3.01    2.91  1490  1105   26K    28   46.16   46.11
c rst  geom ibes   vs   119   31K    4351 15237  1655    3.01    2.91  1491  1106   26K    28   45.86   45.82
c rst  geom ibes   vs   120   32K    4351 15237  1655    3.01    2.91  1493  1110   27K    28   45.65   45.61
c [distill-bin] useful: 0/1655/1655 lits-rem: 0 cl-rem: 0 0-depth-assigns: 0 T: 0.01 T-out: N
c rst  geom  svd   vs   121   33K    4351 15237  1655    3.01    2.91  1497  1119   28K    28   45.24   45.20
c rst  geom  svd   vs   122   34K    4351 15237  1655    3.01    2.91  1501  1123   29K    28   44.88   44.84
c [branch] adjusting to: vmtf (from: vsid) var_decay:0.95 descr: VMTF
c rst  luby  svd  vmt   123   34K    4351 15237  1655    3.01    2.91  1501  1125   29K    28   45.02   44.98
c rst  luby  svd  vmt   124   34K    4351 15237  1655    3.01    2.91  1502  1131   29K    28   44.97   44.93
c rst  luby  svd  vmt   125   34K    4351 15237  1655    3.01    2.91  1505  1141   29K    28   45.10   45.07
c rst  luby  svd  vmt   126   34K    4351 15237  1655    3.01    2.91  1508  1155   29K    28   45.03   44.99
c rst  luby  svd  vmt   127   34K    4351 15237  1655    3.01    2.91  1511  1173   29K    28   45.05   45.01
c rst  luby  svd  vmt   128   34K    4351 15237  1655    3.01    2.91  1513  1186   29K    28   45.01   44.97
c rst  luby  svd  vmt   129   35K    4351 15237  1655    3.01    2.91  1522  1232   30K    28   44.86   44.83
c rst  luby  svd  vmt   130   35K    4351 15237  1655    3.01    2.91  1524  1238   30K    28   44.91   44.87
c rst  luby  svd  vmt   131   35K    4351 15237  1655    3.01    2.91  1525  1245   30K    29   44.96   44.92
c rst  luby  svd  vmt   132   35K    4351 15237  1655    3.01    2.91  1526  1259   30K    31   45.03   44.99
c rst  luby  svd  vmt   133   35K    4351 15237  1655    3.01    2.91  1527  1265   30K    32   45.04   45.00
c [distill-long-red0] cls tried: 894/894 T: 0.03 T-out: N T-r: 98.45%
c [distill-long-red1] cls tried: 51/1158 T: 0.01 T-out: Y T-r: -1.87%
c rst  luby  svd  vmt   134   35K    4351 15237  1655    3.01    2.91  1523  1275   30K    38   44.98   44.94
c rst  luby  svd  vmt   135   36K    4351 15237  1655    3.01    2.91  1524  1290   30K    40   44.96   44.91
c rst  luby  svd  vmt   136   36K    4351 15237  1655    3.01    2.91  1526  1306   31K    40   44.94   44.89
c rst  luby  svd  vmt   137   37K    4351 15237  1655    3.01    2.91  1542  1371   32K    40   44.81   44.76
c rst  luby  svd  vmt   138   37K    4351 15237  1655    3.01    2.91  1549  1374   32K    40   44.80   44.75
c rst  luby  svd  vmt   139   37K    4351 15237  1655    3.01    2.91  1551  1377   32K    40   44.74   44.69
c rst  luby  svd  vmt   140   37K    4351 15237  1655    3.01    2.91  1554  1387   32K    40   44.74   44.69
c rst  luby  svd  vmt   141   37K    4351 15237  1655    3.01    2.91  1555  1391   32K    40   44.69   44.64
c rst  luby  svd  vmt   142   37K    4351 15237  1655    3.01    2.91  1555  1397   32K    40   44.72   44.67
c rst  luby  svd  vmt   143   38K    4351 15237  1655    3.01    2.91  1556  1406   32K    40   44.85   44.80
c rst  geom best  vmt   144   38K    4351 15237  1655    3.01    2.91  1556  1413   32K    40   44.85   44.80
c rst  geom best  vmt   145   38K    4351 15237  1655    3.01    2.91  1556  1420   33K    40   44.96   44.91
c rst  geom best  vmt   146   38K    4351 15237  1655    3.01    2.91  1556  1426   33K    40   45.00   44.95
c rst  geom best  vmt   147   38K    4351 15237  1655    3.01    2.91  1556  1430   33K    40   44.98   44.94
c rst  geom best  vmt   148   38K    4351 15237  1655    3.01    2.91  1556  1443   33K    40   45.02   44.98
c rst  geom best  vmt   149   38K    4351 15237  1655    3.01    2.91  1559  1449   33K    40   45.05   45.00
c rst  geom best  vmt   150   39K    4351 15237  1655    3.01    2.91  1560  1465   33K    40   45.04   44.99
c rst  geom best  vmt   151   39K    4351 15237  1655    3.01    2.91  1563  1480   33K    40   45.00   44.95
c rst  geom best  vmt   152   39K    4351 15237  1655    3.01    2.91  1565  1504   34K    40   45.00   44.96
c rst  geom best  vmt   153   39K    4351 15237  1655    3.01    2.91  1568  1511   34K    41   45.06   45.01
c rst  geom best  vmt   154   40K    4351 15237  1655    3.01    2.91  2045  1039   34K    42   45.11   45.06
c [full-probe]  bin_only: 0 set: 0 repl: 0 T: 0.01 T-out: N T-r: 95.07%
c [impl-str] lit bin: 0 set-var: 0 T: 0.00 T-out: N T-r: 99.95% w-visit: 8702
c [impl-sub] bin: 11 T: 0.00 T-out: N w-visit: 8702
c rst  geom best  vmt   155   40K    4351 15237  1655    3.01    2.91  2047  1051   35K    37   45.23   45.19
c rst  geom best  vmt   156   40K    4351 15237  1655    3.01    2.91  2048  1068   35K    37   45.25   45.21
c rst  geom best  vmt   157   41K    4351 15237  1655    3.01    2.91  2050  1096   35K    38   45.35   45.31
c rst  geom best  vmt   158   41K    4351 15237  1655    3.01    2.91  2054  1161   36K    38   45.08   45.04
c rst  geom best  vmt   159   41K    4351 15237  1655    3.01    2.91  2055  1175   36K    38   45.03   44.99
c rst  geom best  vmt   160   42K    4351 15237  1655    3.01    2.91  2064  1227   36K    39   44.77   44.73
c [branch] adjusting to: vsid (from: vmtf) var_decay:0.95 descr: VSIDS
c rst  geom best   vs   161   42K    4351 15237  1655    3.01    2.91  2066  1236   36K    39   44.77   44.73
c rst  geom best   vs   162   42K    4351 15237  1655    3.01    2.91  2070  1249   37K    39   44.73   44.69
c rst  geom best   vs   163   42K    4351 15237  1655    3.01    2.91  2070  1254   37K    39   44.68   44.64
c rst  geom best   vs   164   42K    4351 15237  1655    3.01    2.91  2074  1263   37K    39   44.63   44.59
c rst  geom best   vs   165   43K    4351 15237  1655    3.01    2.91  2075  1269   37K    40   44.58   44.54
c rst  geom best   vs   166   43K    4351 15237  1655    3.01    2.91  2077  1275   37K    40   44.58   44.53
c rst  geom best   vs   167   43K    4351 15237  1655    3.01    2.91  2079  1281   37K    40   44.50   44.46
c rst  geom  stb   vs   168   43K    4351 15237  1655    3.01    2.91  2082  1288   38K    40   44.46   44.42
c rst  geom  stb   vs   169   43K    4351 15237  1655    3.01    2.91  2088  1299   38K    41   44.41   44.36
c rst  geom  stb   vs   170   44K    4351 15237  1655    3.01    2.91  2095  1308   38K    41   44.32   44.28
c [ccnr] tries: 0 steps: 262143 best found: 2
c [ccnr] tries: 0 steps: 524287 best found: 2
c [ccnr] tries: 0 steps: 786431 best found: 2
c [ccnr] tries: 1 steps: 262143 best found: 2
c [ccnr] tries: 1 steps: 524287 best found: 2
c [ccnr] saving best assignment phase to stable_polar
c [ccnr] bumping based on clause weights
c [ccnr] Bumped vars: 103 bump type: 6
c [ccnr] time: 0.49
c rst  geom  stb   vs   171   44K    4351 15237  1655    3.01    2.91  2096  1311   38K    41   44.39   44.34
c rst  geom  stb   vs   172   44K    4351 15237  1655    3.01    2.91  2097  1323   39K    41   44.38   44.34
c rst  geom  stb   vs   173   45K    4351 15237  1655    3.01    2.91  2314  2003   30K    41   42.44   42.39
c rst  geom  stb   vs   174   45K    4351 15237  1655    3.01    2.91  2315  2016   31K    41   42.39   42.34
c rst  geom  stb   vs   175   45K    4351 15237  1655    3.01    2.91  2320  2033   31K    41   42.32   42.27
c rst  geom  stb   vs   176   46K    4351 15237  1655    3.01    2.91  2323  2035   31K    41   42.25   42.20
c rst  geom  stb   vs   177   46K    4351 15237  1655    3.01    2.91  2324  2039   32K    41   42.06   42.02
c rst  geom  stb   vs   178   47K    4351 15237  1655    3.01    2.91  2326  2051   32K    41   41.97   41.93
c rst  geom  stb   vs   179   48K    4351 15237  1655    3.01    2.91  2330  2059   33K    41   41.87   41.83
c rst  geom  stb   vs   180   48K    4351 15237  1655    3.01    2.91  2332  2064   34K    41   41.77   41.73
c rst  geom  stb   vs   181   49K    4351 15237  1655    3.01    2.91  2332  2069   34K    41   41.60   41.56
c rst  geom ibes   vs   182   50K    4351 15237  1655    3.01    2.91  2623  1791   35K    41   41.69   41.65
c [gauss] XOR-encoding clauses are not detached, so no need to reattach them.
c [scc] new: 6 BP 0M T: 0.00
c [vrep] vars 6 lits 33297 rem-bin-cls 24 rem-long-cls 0 BP 0M T: 0.02
c [scc] new: 0 BP 0M T: 0.00
c [vrep] vars 0 lits 0 rem-bin-cls 0 rem-long-cls 0 BP 0M T: 0.00
c [intree] Set 0 vars hyper-added: 849 trans-irred: 0 trans-red: 26 T: 0.01 T-out: N T-r: -1.48%
c [find&init matx] performing matrix init
c [gauss] XOR-encoding clauses are not detached, so no need to reattach them.
c [matrix] unused xors from cleaning: 0
c rst  geom ibes   vs   183   51K    4345 15237  1643    3.01    2.92  2628  1793   36K   865   41.39   40.57
c [distill-long-red0] cls tried: 1079/1079 T: 0.06 T-out: N T-r: 97.42%
c [distill-long-red1] cls tried: 27/1663 T: 0.01 T-out: Y T-r: -5.65%
c rst  geom ibes   vs   184   52K    4345 15237  1643    3.01    2.92  2630  1803   37K   867   41.33   40.53
c [distill] watch-based irred--  cl tried    30468 cl-sh     2 cl-rem    6 lit-rem      2 T: 0.00 T-out: N
c [distill] watch-based   red--  cl tried     5252 cl-sh   139 cl-rem    9 lit-rem    225 T: 0.01 T-out: N
c rst  geom ibes   vs   185   53K    4345 15229  1651    3.01    2.91  2621  1803   38K   861   41.15   40.38
c [branch] adjusting to: vmtf (from: vsid) var_decay:0.95 descr: VMTF
c [distill-bin] useful: 1/1528/1651 lits-rem: 0 cl-rem: 1 0-depth-assigns: 0 T: 0.01 T-out: Y
c rst  luby ibes  vmt   186   53K    4345 15229  1650    3.01    2.92  2622  1815   38K   861   41.16   40.39
c rst  luby ibes  vmt   187   53K    4345 15229  1650    3.01    2.92  2623  1816   38K   861   41.19   40.43
c rst  luby ibes  vmt   188   53K    4345 15229  1650    3.01    2.92  2629  1819   38K   862   41.22   40.45
c rst  luby ibes  vmt   189   53K    4345 15229  1650    3.01    2.92  2630  1819   39K   862   41.25   40.49
c rst  luby ibes  vmt   190   53K    4345 15229  1650    3.01    2.92  2630  1820   39K   862   41.31   40.55
c rst  luby ibes  vmt   191   53K    4345 15229  1650    3.01    2.92  2632  1846   39K   862   41.23   40.48
c rst  luby ibes  vmt   192   54K    4345 15229  1650    3.01    2.92  2635  1876   39K   862   41.29   40.54
c rst  luby ibes  vmt   193   54K    4345 15229  1650    3.01    2.92  2635  1886   39K   862   41.26   40.51
c rst  luby ibes  vmt   194   54K    4345 15229  1650    3.01    2.92  2637  1894   39K   862   41.22   40.47
c rst  luby ibes  vmt   195   54K    4345 15229  1650    3.01    2.92  2639  1906   40K   862   41.22   40.48
c rst  luby ibes  vmt   196   54K    4345 15229  1650    3.01    2.92  2641  1918   40K   862   41.24   40.50
c rst  luby ibes  vmt   197   54K    4345 15229  1650    3.01    2.92  2641  1921   40K   862   41.30   40.56
c rst  luby ibes  vmt   198   55K    4345 15229  1650    3.01    2.92  2641  1923   40K   862   41.40   40.66
c rst  luby  svd  vmt   199   55K    4345 15229  1650    3.01    2.92  2645  1941   40K   862   41.41   40.68
c rst  luby  svd  vmt   200   56K    4345 15229  1650    3.01    2.92  2646  1951   41K   862   41.44   40.71
c recursive minimization cost OK: 439Kcost/(% lits removed)
c [gauss] XOR-encoding clauses are not detached, so no need to reattach them.
c --> Executing strategy token: scc-vrepl
c [scc] new: 3 BP 0M T: 0.00
c --> Executing strategy token: sub-impl
c [impl-sub] bin: 2 T: 0.00 T-out: N w-visit: 8702
c --> Executing strategy token: breakid
c --> Executing OCC strategy token(s): 'occ-backw-sub-str,occ-clean-implicit,occ-bve,occ-bva,occ-ternary-res,occ-xor,'
c [occ] mem usage for occur      1 MB
c [occ] Linked in IRRED BIN by default: 1650
c [occ] Linked in RED   BIN by default: 860
c [occ] mem usage for occur      0 MB
c Mem for watch alloc      : 4           MB (20.01     %)
c Mem for watch array      : 0           MB (1.19      %)
c --> Executing OCC strategy token: occ-backw-sub-str
c [occ-backw-sub-str-long-w-bins] subs: 1 str: 6 tried: 2510 0-depth ass: 0 T: 0.00 T-out: N T-r: 99.46%
c [occ-backw-sub-long-w-long] rem cl: 192 tried: 61152/61152 (100.0%) T: 0.01 T-out: N T-r: 98.00%
c [occ-backw-sub-str-long-w-long] sub: 0 str: 6 tried: 183456/61152 (300.0)  T: 0.04 T-out: N T-r: 91.56%
c --> Executing OCC strategy token: occ-clean-implicit
c --> Executing OCC strategy token: occ-bve
c [occ-empty-res] Empty resolvent elimed: 0 T: 0.00 T-out: N
c [occ-bve] iter v-elim 1957
c cl_inc_rate=1.0, var_dec_rate=1.8 (grow=0)
c Reduced to 2388 vars, 16726 cls (grow=0)
c [occ-bve] iter v-elim 97
c cl_inc_rate=1.0, var_dec_rate=1.0 (grow=8)
c Reduced to 2291 vars, 17122 cls (grow=8)
c x n vars       : 2291
c #try to eliminate:  9365
c #var-elim        :  2054
c #T-o: N
c #T-r: 99.98%
c #T  : 0.08
c [occur] 0.03 is overhead
c [occur] link-in T: 0.03 cleanup T: 0.00
c --> Executing OCC strategy token: occ-bva
c --> Executing OCC strategy token: occ-ternary-res
c [occ-ternary-res] Ternary res-tri: 276 res-bin: 0 sub: 30 str: 9 T: 0.00 T-out: N T-r: 99.09%
c --> Executing OCC strategy token: occ-xor
c [occ-xor] sort occur list T: 0.00
c [xor-clean-equiv] removed equivalent xors: 0 left with: 1639
c [occ-xor] found   1639 avg sz 4.0 min sz  4 max sz  5 T: 0.00 T-out: N T-r: 99.98%
c --> Executing strategy token: card-find
c --> Executing strategy token: cl-consolidate
c [mem] consolidate  old-sz: 10354K new-sz: 2156K new bits offs: 19 T: 0.00
c --> Executing strategy token: scc-vrepl
c [scc] new: 2 BP 0M T: 0.00
c [vrep] vars 2 lits 8927 rem-bin-cls 8 rem-long-cls 2 BP 0M T: 0.00
c --> Executing strategy token: renumber
c [gauss] XOR-encoding clauses are not detached, so no need to reattach them.
c [renumber] T: 0.00
c --> Executing strategy token: bosphorus
c --> Executing strategy token: louvain-comms
c [consolidate] mini T: 0.00
c global_timeout_multiplier: 3.3000
c [branch] rebuilding order heap for all branchings. Current branching: vmtf
c [find&init matx] performing matrix init
c [gauss] XOR-encoding clauses are not detached, so no need to reattach them.
c [xor-rem-unconnected] left with 1639 xors from 1639 non-empty xors T: 0.00
c [xor-together] xored together: 1590 orig xors: 1639 new xors: 49 T: 0.00
c [xor-rem-unconnected] left with 49 xors from 49 non-empty xors T: 0.00
c [xor-clean-equiv] removed equivalent xors: 0 left with: 49
c [matrix] unused xors from cleaning: 0
c [matrix] Good   matrix  0     49 x  466  density:0.1497  xorlen avg: 69.76
c [matrix] Using 1 matrices recovered from 0 xors T: 0.00 T-out: N
c rst  luby  svd  vmt   201   56K    2289 16308   812    4.00    3.90   507   475 11134    96   23.23   23.07
c rst  luby  svd  vmt   202   56K    2289 16308   812    4.00    3.90   507   477 11233    96   23.20   23.04
c rst  luby  svd  vmt   203   56K    2289 16308   812    4.00    3.90   507   477 11334    96   23.17   23.01
c rst  luby  svd  vmt   204   56K    2289 16308   812    4.00    3.90   507   479 11534    96   23.19   23.03
c rst  luby  svd  vmt   205   56K    2289 16308   812    4.00    3.90   507   482 11632    96   23.17   23.01
c rst  luby  svd  vmt   206   56K    2289 16308   812    4.00    3.90   507   484 11731    96   23.16   23.00
c [g  <0] Disabling GJ-elim in this round.  Usefulness was: 17.1104%  over 75340 calls
c rst  luby  svd  vmt   207   57K    2289 16308   812    4.00    3.90   508   487 11929    96   23.12   22.96
c rst  luby  svd  vmt   208   57K    2289 16308   812    4.00    3.90   508   490 12328    96   22.94   22.79
c rst  luby  svd  vmt   209   57K    2289 16308   812    4.00    3.90   509   490 12428    96   22.91   22.76
c rst  luby  svd  vmt   210   57K    2289 16308   812    4.00    3.90   509   499 12521    96   22.97   22.83
c rst  luby  svd  vmt   211   57K    2289 16308   812    4.00    3.90   509   507 12714    96   23.00   22.85
c rst  luby  svd  vmt   212   58K    2289 16308   812    4.00    3.90   509   507 12816    96   23.03   22.88
c rst  luby  svd  vmt   213   58K    2289 16308   812    4.00    3.90   512   519 12903    96   23.05   22.90
c rst  luby  svd  vmt   214   58K    2289 16308   812    4.00    3.90   512   526 13098    96   23.12   22.97
c rst  luby  svd  vmt   215   58K    2289 16308   812    4.00    3.90   512   530 13495    96   23.01   22.87
c rst  luby  svd  vmt   216   59K    2289 16308   812    4.00    3.90   512   550 14277    96   22.91   22.78
c rst  luby  svd  vmt   217   61K    2289 16308   812    4.00    3.90   602   623 14582    96   22.18   22.05
c [full-probe]  bin_only: 1 set: 1 repl: 0 T: 0.00 T-out: N T-r: 99.79%
c rst  geom best  vmt   218   61K    2288 16308   812    4.00    3.90   602   624 14693    96   22.13   22.01
c rst  geom best  vmt   219   61K    2288 16308   812    4.00    3.90   602   624 14816    96   22.08   21.96
c rst  geom best  vmt   220   61K    2288 16308   812    4.00    3.90   603   624 14950    96   22.07   21.95
c rst  geom best  vmt   221   61K    2288 16308   812    4.00    3.90   604   635 15085    96   22.02   21.90
c rst  geom best  vmt   222   61K    2288 16308   812    4.00    3.90   604   635 15248    96   21.94   21.83
c rst  geom best  vmt   223   61K    2288 16308   812    4.00    3.90   605   639 15420    96   21.97   21.85
c rst  geom best  vmt   224   62K    2288 16308   812    4.00    3.90   605   641 15611    97   21.91   21.79
c rst  geom best  vmt   225   62K    2288 16308   812    4.00    3.90   605   643 15823    97   21.84   21.72
c rst  geom best  vmt   226   62K    2288 16308   812    4.00    3.90   605   644 16056    97   21.90   21.79
c rst  geom best  vmt   227   62K    2288 16308   812    4.00    3.90   605   644 16313    97   21.91   21.80
c rst  geom best  vmt   228   63K    2288 16308   812    4.00    3.90   605   644 16596    97   21.87   21.77
c [branch] adjusting to: vsid (from: vmtf) var_decay:0.95 descr: VSIDS
c rst  geom best   vs   229   63K    2288 16308   812    4.00    3.90   605   649 16702    97   22.05   21.94
c rst  geom best   vs   230   63K    2288 16308   812    4.00    3.90   605   665 16809    97   22.11   22.00
c rst  geom best   vs   231   63K    2288 16308   812    4.00    3.90   607   674 16933    97   22.18   22.08
c rst  geom best   vs   232   63K    2288 16308   812    4.00    3.90   609   687 17065    97   22.26   22.15
c rst  geom best   vs   233   63K    2288 16308   812    4.00    3.90   611   702 17210    97   22.36   22.26
c rst  geom best   vs   234   64K    2288 16308   812    4.00    3.90   612   713 17375    97   22.42   22.32
c rst  geom best   vs   235   64K    2288 16308   812    4.00    3.90   613   732 17550    97   22.49   22.39
c rst  geom best   vs   236   64K    2288 16308   812    4.00    3.90   613   736 17760    97   22.56   22.46
c rst  geom best   vs   237   64K    2288 16308   812    4.00    3.90   614   745 17985    97   22.65   22.55
c rst  geom best   vs   238   64K    2288 16308   812    4.00    3.90   614   748 18240    97   22.74   22.64
c rst  geom best   vs   239   65K    2288 16308   812    4.00    3.90   614   754 18516    97   22.84   22.74
c rst  geom best   vs   240   65K    2288 16308   812    4.00    3.90   617   763 18814    97   22.91   22.81
c rst  geom best   vs   241   65K    2288 16308   812    4.00    3.90   618   768 19148    97   22.97   22.87
c rst  geom best   vs   242   66K    2288 16308   812    4.00    3.90   620   774 19514    97   23.08   22.98
c [distill-long-red0] cls tried: 184/184 T: 0.00 T-out: N T-r: 99.75%
c [distill-long-red1] cls tried: 99/489 T: 0.01 T-out: Y T-r: -0.68%
c rst  geom best   vs   243   66K    2288 16308   812    4.00    3.90   620   785 19912    98   23.38   23.28
c rst  geom best   vs   244   67K    2288 16308   812    4.00    3.90   620   792   20K    98   23.55   23.45
c rst  geom  stb   vs   245   67K    2288 16308   812    4.00    3.90   626   813   20K    99   23.79   23.69
c rst  geom  stb   vs   246   68K    2288 16308   812    4.00    3.90   635   821   21K    99   23.88   23.78
c rst  geom  stb   vs   247   68K    2288 16308   812    4.00    3.90   635   828   21K    99   23.96   23.87
c rst  geom  stb   vs   248   69K    2288 16308   812    4.00    3.90   635   838   22K    99   24.09   24.00
c rst  geom  stb   vs   249   70K    2288 16308   812    4.00    3.90   818   658   23K    99   24.38   24.29
c rst  geom  stb   vs   250   70K    2288 16308   812    4.00    3.90   820   667   24K    99   24.54   24.45
c rst  geom  stb   vs   251   71K    2288 16308   812    4.00    3.90   821   673   24K    99   24.77   24.68
c rst  geom  stb   vs   252   72K    2288 16308   812    4.00    3.90   836   690   25K    99   24.99   24.90
c rst  geom  stb   vs   253   73K    2288 16308   812    4.00    3.90   840   718   26K    99   25.07   24.99
c [distill-bin] useful: 3/812/812 lits-rem: 0 cl-rem: 3 0-depth-assigns: 0 T: 0.00 T-out: N
c rst  geom ibes   vs   254   74K    2288 16308   807    4.00    3.91   851   743   28K    99   25.72   25.64
c [branch] adjusting to: vmtf (from: vsid) var_decay:0.95 descr: VMTF
c rst  luby ibes  vmt   255   75K    2288 16308   807    4.00    3.91   897  1052   26K    99   25.61   25.53
c rst  luby ibes  vmt   256   75K    2288 16308   807    4.00    3.91   897  1053   26K    99   25.58   25.50
c rst  luby ibes  vmt   257   75K    2288 16308   807    4.00    3.91   897  1058   26K    99   25.52   25.44
c rst  luby ibes  vmt   258   75K    2288 16308   807    4.00    3.91   898  1058   27K    99   25.49   25.41
c rst  luby ibes  vmt   259   75K    2288 16308   807    4.00    3.91   898  1058   27K    99   25.45   25.37
c rst  luby ibes  vmt   260   75K    2288 16308   807    4.00    3.91   899  1058   27K    99   25.39   25.31
c rst  luby ibes  vmt   261   76K    2288 16308   807    4.00    3.91   899  1060   27K    99   25.25   25.17
c rst  luby ibes  vmt   262   76K    2288 16308   807    4.00    3.91   899  1060   27K    99   25.22   25.15
c rst  luby ibes  vmt   263   76K    2288 16308   807    4.00    3.91   899  1062   27K    99   25.22   25.14
c rst  luby ibes  vmt   264   76K    2288 16308   807    4.00    3.91   899  1065   28K    99   25.19   25.11
c rst  luby ibes  vmt   265   76K    2288 16308   807    4.00    3.91   899  1070   28K    99   25.16   25.09
c rst  luby ibes  vmt   266   76K    2288 16308   807    4.00    3.91   899  1072   28K    99   25.13   25.06
c rst  luby ibes  vmt   267   76K    2288 16308   807    4.00    3.91   899  1074   28K    99   25.07   25.00
c rst  luby ibes  vmt   268   77K    2288 16308   807    4.00    3.91   900  1077   28K    99   25.01   24.94
c [distill] watch-based irred--  cl tried     5724 cl-sh     0 cl-rem    0 lit-rem      0 T: 0.00 T-out: N
c [distill] watch-based   red--  cl tried     1800 cl-sh   111 cl-rem    0 lit-rem    198 T: 0.00 T-out: N
c rst  luby ibes  vmt   269   78K    2288 16280   807    4.00    3.90   901  1085   29K    99   24.71   24.63
c rst  luby ibes  vmt   270   78K    2288 16280   807    4.00    3.90   901  1087   29K    99   24.71   24.64
c rst  luby ibes  vmt   271   78K    2288 16280   807    4.00    3.90   901  1087   29K    99   24.68   24.61
c rst  luby ibes  vmt   272   78K    2288 16280   807    4.00    3.90   901  1087   30K    99   24.63   24.56
c rst  luby ibes  vmt   273   78K    2288 16280   807    4.00    3.90   901  1087   30K    99   24.60   24.53
c rst  luby ibes  vmt   274   78K    2288 16280   807    4.00    3.90   901  1089   30K    99   24.56   24.50
c rst  luby ibes  vmt   275   78K    2288 16280   807    4.00    3.90   901  1089   30K    99   24.51   24.44
c rst  luby ibes  vmt   276   79K    2288 16280   807    4.00    3.90   902  1098   30K    99   24.42   24.35
c rst  luby ibes  vmt   277   79K    2288 16280   807    4.00    3.90   902  1099   30K    99   24.39   24.33
c rst  luby ibes  vmt   278   79K    2288 16280   807    4.00    3.90   902  1099   31K    99   24.37   24.30
c rst  luby  svd  vmt   279   79K    2288 16280   807    4.00    3.90   902  1104   31K    99   24.31   24.25
c rst  luby  svd  vmt   280   79K    2288 16280   807    4.00    3.90   902  1104   31K    99   24.29   24.23
c rst  luby  svd  vmt   281   79K    2288 16280   807    4.00    3.90   902  1105   31K    99   24.28   24.21
c rst  luby  svd  vmt   282   80K    2288 16280   807    4.00    3.90  1226   777   31K    99   24.23   24.16
c rst  luby  svd  vmt   283   80K    2288 16280   807    4.00    3.90  1228   785   32K    99   24.21   24.14
c rst  luby  svd  vmt   284   81K    2288 16280   807    4.00    3.90  1229   808   32K    99   24.23   24.17
c [distill-long-red0] cls tried: 605/605 T: 0.02 T-out: N T-r: 98.86%
c [distill-long-red1] cls tried: 63/438 T: 0.01 T-out: Y T-r: -1.55%
c [full-probe]  bin_only: 0 set: 0 repl: 0 T: 0.00 T-out: N T-r: 96.53%
c rst  luby  svd  vmt   285   82K    2288 16280   807    4.00    3.90  1230   825   34K   101   24.09   24.03
c rst  luby  svd  vmt   286   83K    2288 16280   807    4.00    3.90  1230   826   34K   101   24.10   24.04
c rst  luby  svd  vmt   287   83K    2288 16280   807    4.00    3.90  1230   831   34K   101   24.11   24.04
c rst  luby  svd  vmt   288   83K    2288 16280   807    4.00    3.90  1230   833   34K   101   24.09   24.03
c rst  luby  svd  vmt   289   83K    2288 16280   807    4.00    3.90  1230   839   34K   101   24.11   24.05
c rst  luby  svd  vmt   290   83K    2288 16280   807    4.00    3.90  1230   840   34K   101   24.12   24.06
c rst  luby  svd  vmt   291   83K    2288 16280   807    4.00    3.90  1230   845   35K   101   24.14   24.08
c rst  luby  svd  vmt   292   84K    2288 16280   807    4.00    3.90  1231   850   35K   101   24.04   23.98
c rst  luby  svd  vmt   293   84K    2288 16280   807    4.00    3.90  1231   850   35K   101   24.03   23.97
c rst  luby  svd  vmt   294   84K    2288 16280   807    4.00    3.90  1231   854   35K   101   24.02   23.97
c rst  luby  svd  vmt   295   84K    2288 16280   807    4.00    3.90  1231   855   35K   101   23.99   23.93
c rst  luby  svd  vmt   296   84K    2288 16280   807    4.00    3.90  1231   855   36K   101   23.97   23.91
c rst  luby  svd  vmt   297   84K    2288 16280   807    4.00    3.90  1231   855   36K   101   23.95   23.89
c rst  luby  svd  vmt   298   85K    2288 16280   807    4.00    3.90  1231   856   36K   101   23.90   23.85
c rst  luby  svd  vmt   299   85K    2288 16280   807    4.00    3.90  1232   869   36K   101   23.88   23.82
c rst  luby  svd  vmt   300   86K    2288 16280   807    4.00    3.90  1232   888   37K   101   23.88   23.83
c rst  geom best  vmt   301   86K    2288 16280   807    4.00    3.90  1232   902   37K   101   23.86   23.80
c rst  geom best  vmt   302   86K    2288 16280   807    4.00    3.90  1232   907   37K   101   23.86   23.81
c rst  geom best  vmt   303   86K    2288 16280   807    4.00    3.90  1232   909   37K   101   23.86   23.80
c rst  geom best  vmt   304   86K    2288 16280   807    4.00    3.90  1232   909   38K   101   23.85   23.80
c rst  geom best  vmt   305   86K    2288 16280   807    4.00    3.90  1232   911   38K   101   23.84   23.79
c rst  geom best  vmt   306   87K    2288 16280   807    4.00    3.90  1232   915   38K   101   23.82   23.77
c rst  geom best  vmt   307   87K    2288 16280   807    4.00    3.90  1232   920   38K   101   23.81   23.76
c rst  geom best  vmt   308   87K    2288 16280   807    4.00    3.90  1232   923   38K   101   23.79   23.74
c rst  geom best  vmt   309   87K    2288 16280   807    4.00    3.90  1232   923   39K   101   23.77   23.72
c [branch] adjusting to: vsid (from: vmtf) var_decay:0.95 descr: VSIDS
c rst  geom best   vs   310   87K    2288 16280   807    4.00    3.90  1234   930   39K   101   23.79   23.73
c rst  geom best   vs   311   87K    2288 16280   807    4.00    3.90  1234   936   39K   101   23.79   23.73
c rst  geom best   vs   312   88K    2288 16280   807    4.00    3.90  1236   940   39K   101   23.84   23.78
c rst  geom best   vs   313   88K    2288 16280   807    4.00    3.90  1237   946   39K   101   23.86   23.81
c [ccnr] tries: 0 steps: 262143 best found: 10
c [ccnr] tries: 0 steps: 524287 best found: 10
c [ccnr] tries: 0 steps: 786431 best found: 10
c [ccnr] saving best assignment phase to stable_polar
c [ccnr] bumping based on var unsat frequency: conflict_ct
c [ccnr] Bumped vars: 2289 bump type: 6
c [ccnr] time: 0.39
c rst  geom best   vs   314   88K    2288 16280   807    4.00    3.90  1237   949   39K   101   23.93   23.87
c rst  geom best   vs   315   88K    2288 16280   807    4.00    3.90  1237   951   39K   101   23.97   23.92
c rst  geom best   vs   316   88K    2288 16280   807    4.00    3.90  1238   954   40K   101   24.01   23.95
c rst  geom best   vs   317   88K    2288 16280   807    4.00    3.90  1238   958   40K   101   24.04   23.99
c rst  geom best   vs   318   89K    2288 16280   807    4.00    3.90  1240   964   40K   101   24.11   24.05
c rst  geom best   vs   319   89K    2288 16280   807    4.00    3.90  1241   977   40K   101   24.15   24.10
c rst  geom best   vs   320   89K    2288 16280   807    4.00    3.90  1243  1005   40K   101   24.18   24.13
c rst  geom best   vs   321   90K    2288 16280   807    4.00    3.90  1532  1234   32K   101   24.26   24.20
c rst  geom best   vs   322   90K    2288 16280   807    4.00    3.90  1532  1239   32K   101   24.36   24.29
c rst  geom best   vs   323   90K    2288 16280   807    4.00    3.90  1533  1245   33K   101   24.53   24.46
c rst  geom best   vs   324   91K    2288 16280   807    4.00    3.90  1536  1255   33K   101   24.58   24.52
c rst  geom best   vs   325   91K    2288 16280   807    4.00    3.90  1537  1268   33K   101   24.69   24.63
c rst  geom best   vs   326   92K    2288 16280   807    4.00    3.90  1540  1282   34K   101   24.77   24.71
c rst  geom  stb   vs   327   92K    2288 16280   807    4.00    3.90  1543  1306   34K   101   24.98   24.92
c rst  geom  stb   vs   328   93K    2288 16280   807    4.00    3.90  1547  1324   35K   101   25.19   25.13
c rst  geom  stb   vs   329   93K    2288 16280   807    4.00    3.90  1552  1335   36K   101   25.38   25.32
c [distill-bin] useful: 0/807/807 lits-rem: 0 cl-rem: 0 0-depth-assigns: 0 T: 0.00 T-out: N
c rst  geom  stb   vs   330   94K    2288 16280   807    4.00    3.90  1558  1347   36K   101   25.56   25.50
c rst  geom  stb   vs   331   95K    2288 16280   807    4.00    3.90  1561  1353   37K   101   25.73   25.67
c rst  geom  stb   vs   332   96K    2288 16280   807    4.00    3.90  1563  1368   38K   101   25.80   25.74
c rst  geom  stb   vs   333   97K    2288 16280   807    4.00    3.90  1565  1393   39K   101   25.91   25.86
c [distill-long-red0] cls tried: 325/325 T: 0.02 T-out: N T-r: 99.07%
c [distill-long-red1] cls tried: 38/972 T: 0.01 T-out: Y T-r: -4.28%
c rst  geom  stb   vs   334   98K    2288 16280   807    4.00    3.90  1569  1407   40K   101   26.02   25.97
c rst  geom ibes   vs   335   99K    2288 16280   807    4.00    3.90  1573  1424   41K   101   26.33   26.27
c rst  geom ibes   vs   336  100K    2288 16280   807    4.00    3.90  1694  1307   42K   101   26.60   26.54
c [impl-str] lit bin: 0 set-var: 0 T: 0.00 T-out: N T-r: 99.96% w-visit: 4578
c [impl-sub] bin: 6 T: 0.00 T-out: N w-visit: 4578
c rst  geom ibes   vs   337  102K    2288 16280   807    4.00    3.90  1703  1328   44K    95   26.71   26.66
c [branch] adjusting to: vmtf (from: vsid) var_decay:0.95 descr: VMTF
c [full-probe]  bin_only: 1 set: 0 repl: 0 T: 0.00 T-out: N T-r: 99.74%
c rst  luby ibes  vmt   338  102K    2288 16280   807    4.00    3.90  1709  1356   44K   100   26.70   26.65
c rst  luby ibes  vmt   339  102K    2288 16280   807    4.00    3.90  1711  1358   44K   100   26.71   26.66
c [distill] watch-based irred--  cl tried     5724 cl-sh     0 cl-rem    0 lit-rem      0 T: 0.00 T-out: N
c [distill] watch-based   red--  cl tried     3422 cl-sh    93 cl-rem    0 lit-rem    161 T: 0.01 T-out: N
c rst  luby ibes  vmt   340  102K    2288 16280   807    4.00    3.90  1711  1364   44K   100   26.76   26.71
c rst  luby ibes  vmt   341  102K    2288 16280   807    4.00    3.90  1711  1366   44K   100   26.77   26.71
c rst  luby ibes  vmt   342  102K    2288 16280   807    4.00    3.90  1712  1369   44K   100   26.76   26.71
c rst  luby ibes  vmt   343  102K    2288 16280   807    4.00    3.90  1712  1373   45K   100   26.78   26.73
c rst  luby ibes  vmt   344  103K    2288 16280   807    4.00    3.90  1712  1376   45K   100   26.80   26.75
c rst  luby ibes  vmt   345  103K    2288 16280   807    4.00    3.90  1712  1376   45K   100   26.80   26.75
c rst  luby ibes  vmt   346  103K    2288 16280   807    4.00    3.90  1712  1376   45K   100   26.81   26.76
c rst  luby ibes  vmt   347  103K    2288 16280   807    4.00    3.90  1712  1377   45K   100   26.87   26.82
c rst  luby ibes  vmt   348  103K    2288 16280   807    4.00    3.90  1714  1382   45K   100   26.87   26.82
c rst  luby ibes  vmt   349  103K    2288 16280   807    4.00    3.90  1714  1387   46K   100   26.89   26.84
c rst  luby ibes  vmt   350  104K    2288 16280   807    4.00    3.90  1716  1394   46K   100   26.92   26.87
c rst  luby ibes  vmt   351  104K    2288 16280   807    4.00    3.90  1716  1404   46K   100   27.00   26.95
c rst  luby  svd  vmt   352  105K    2288 16280   807    4.00    3.90  1747  1942   35K   100   27.58   27.52
c rst  luby  svd  vmt   353  105K    2288 16280   807    4.00    3.90  1747  1945   35K   100   27.62   27.56
c rst  luby  svd  vmt   354  105K    2288 16280   807    4.00    3.90  1749  1949   35K   100   27.64   27.57
c rst  luby  svd  vmt   355  105K    2288 16280   807    4.00    3.90  1751  1955   35K   100   27.66   27.59
c rst  luby  svd  vmt   356  105K    2288 16280   807    4.00    3.90  1752  1957   35K   100   27.66   27.59
c rst  luby  svd  vmt   357  106K    2288 16280   807    4.00    3.90  1752  1958   35K   100   27.66   27.60
c rst  luby  svd  vmt   358  106K    2288 16280   807    4.00    3.90  1752  1961   35K   100   27.70   27.63
c rst  luby  svd  vmt   359  106K    2288 16280   807    4.00    3.90  1753  1981   36K   100   27.70   27.64
c rst  luby  svd  vmt   360  106K    2288 16280   807    4.00    3.90  1754  1985   36K   100   27.72   27.65
c rst  luby  svd  vmt   361  106K    2288 16280   807    4.00    3.90  1754  1986   36K   100   27.72   27.66
c rst  luby  svd  vmt   362  107K    2288 16280   807    4.00    3.90  1754  1988   36K   100   27.73   27.67
c rst  luby  svd  vmt   363  107K    2288 16280   807    4.00    3.90  1755  1991   36K   100   27.73   27.67
c rst  luby  svd  vmt   364  107K    2288 16280   807    4.00    3.90  1755  1992   36K   100   27.73   27.67
c rst  luby  svd  vmt   365  107K    2288 16280   807    4.00    3.90  1755  1994   37K   100   27.74   27.68
c rst  luby  svd  vmt   366  107K    2288 16280   807    4.00    3.90  1755  2005   37K   100   27.80   27.74
c rst  luby  svd  vmt   367  108K    2288 16280   807    4.00    3.90  1758  2019   38K   100   27.90   27.83
c rst  luby  svd  vmt   368  110K    2288 16280   807    4.00    3.90  1920  1880   39K   100   27.84   27.78
c rst  luby  svd  vmt   369  110K    2288 16280   807    4.00    3.90  1921  1882   39K   100   27.86   27.80
c rst  luby  svd  vmt   370  110K    2288 16280   807    4.00    3.90  1921  1884   39K   100   27.86   27.80
c rst  luby  svd  vmt   371  110K    2288 16280   807    4.00    3.90  1921  1887   40K   100   27.85   27.79
c rst  luby  svd  vmt   372  110K    2288 16280   807    4.00    3.90  1921  1887   40K   100   27.86   27.80
c rst  geom best  vmt   373  110K    2288 16280   807    4.00    3.90  1921  1888   40K   100   27.88   27.82
c rst  geom best  vmt   374  110K    2288 16280   807    4.00    3.90  1921  1890   40K   100   27.88   27.82
c rst  geom best  vmt   375  111K    2288 16280   807    4.00    3.90  1922  1893   40K   100   27.90   27.84
c rst  geom best  vmt   376  111K    2288 16280   807    4.00    3.90  1922  1894   40K   100   27.91   27.85
c rst  geom best  vmt   377  111K    2288 16280   807    4.00    3.90  1922  1895   40K   100   27.99   27.93
c rst  geom best  vmt   378  111K    2288 16280   807    4.00    3.90  1926  1908   41K   100   27.99   27.93
c rst  geom best  vmt   379  111K    2288 16280   807    4.00    3.90  1926  1920   41K   100   27.96   27.91
c rst  geom best  vmt   380  111K    2288 16280   807    4.00    3.90  1927  1926   41K   100   27.97   27.91
c rst  geom best  vmt   381  112K    2288 16280   807    4.00    3.90  1928  1932   41K   100   28.00   27.94
c rst  geom best  vmt   382  112K    2288 16280   807    4.00    3.90  1928  1939   41K   100   28.05   28.00
c [distill-long-red0] cls tried: 397/397 T: 0.02 T-out: N T-r: 99.29%
c [distill-long-red1] cls tried: 52/1491 T: 0.01 T-out: Y T-r: -5.42%
c rst  geom best  vmt   383  112K    2288 16280   807    4.00    3.90  1928  1945   42K   101   28.07   28.01
c rst  geom best  vmt   384  113K    2288 16280   807    4.00    3.90  1930  1953   42K   101   28.07   28.02
c rst  geom best  vmt   385  113K    2288 16280   807    4.00    3.90  1930  1959   42K   101   28.10   28.05
c rst  geom best  vmt   386  113K    2288 16280   807    4.00    3.90  1931  1967   43K   101   28.14   28.08
c rst  geom best  vmt   387  114K    2288 16280   807    4.00    3.90  1931  1971   43K   101   28.15   28.09
c [distill-bin] useful: 0/807/807 lits-rem: 0 cl-rem: 0 0-depth-assigns: 0 T: 0.01 T-out: N
c rst  geom best  vmt   388  114K    2288 16280   807    4.00    3.90  1932  1981   44K   101   28.21   28.15
c rst  geom best  vmt   389  115K    2288 16280   807    4.00    3.90  1934  2002   44K   101   28.27   28.21
c rst  geom best  vmt   390  115K    2288 16280   807    4.00    3.90  1936  2011   45K   101   28.37   28.32
c [gauss] XOR-encoding clauses are not detached, so no need to reattach them.
c [g 0] truth-find prop checks  : 56K
c [g 0] -> of which prop        : 18.25 %
c [g 0] -> of which confl       :  1.06 %
c [g 0] elim called             : 9080
c [g 0] ---> which lead to prop : 21.26 %
c [g 0] ---> which lead to confl:  0.57 %
c [g 0] size: 49    x 466  
c [scc] new: 1 BP 0M T: 0.00
c [vrep] vars 1 lits 832 rem-bin-cls 6 rem-long-cls 0 BP 0M T: 0.00
c [scc] new: 0 BP 0M T: 0.00
c [vrep] vars 0 lits 0 rem-bin-cls 0 rem-long-cls 0 BP 0M T: 0.00
c [intree] Set 0 vars hyper-added: 26 trans-irred: 1 trans-red: 1 T: 0.00 T-out: N T-r: -2.18%
c [find&init matx] performing matrix init
c [gauss] XOR-encoding clauses are not detached, so no need to reattach them.
c [xor-rem-unconnected] left with 1639 xors from 1639 non-empty xors T: 0.00
c [xor-together] xored together: 1587 orig xors: 1639 new xors: 52 T: 0.00
c [xor-rem-unconnected] left with 52 xors from 52 non-empty xors T: 0.00
c [xor-clean-equiv] removed equivalent xors: 0 left with: 52
c [matrix] unused xors from cleaning: 0
c [matrix] Good   matrix 0 52      x467    density:0.1407  xorlen avg: 65.71
c [matrix] Using 1 matrices recovered from 0 xors T: 0.00 T-out: N
c rst  geom best vmt  391   116 K 2287    16280   806 4.00    3.90     1936  2011   45K   122 28.39   28.33  
c rst  geom best vmt  392   116 K 2287    16280   806 4.00    3.90     1936  2011   46K   122 28.42   28.35  
c rst  geom stb  vmt  393   117 K 2287    16280   806 4.00    3.90     1936  2014   47K   122 28.43   28.37  
c [branch] adjusting to: vsid (from: vmtf) var_decay:0.95 descr: VSIDS
c rst  geom stb  vs   394   117 K 2287    16280   806 4.00    3.90     1936  2014   47K   122 28.46   28.39  
c rst  geom stb  vs   395   117 K 2287    16280   806 4.00    3.90     1936  2016   47K   122 28.47   28.41  
c rst  geom stb  vs   396   118 K 2287    16280   806 4.00    3.90     1936  2016   47K   122 28.50   28.43  
c rst  geom stb  vs   397   118 K 2287    16280   806 4.00    3.90     1936  2018   47K   122 28.50   28.44  
c rst  geom stb  vs   398   118 K 2287    16280   806 4.00    3.90     1936  2018   47K   122 28.53   28.47  
c rst  geom stb  vs   399   118 K 2287    16280   806 4.00    3.90     1936  2018   47K   122 28.56   28.49  
c rst  geom stb  vs   400   118 K 2287    16280   806 4.00    3.90     1936  2018   48K   122 28.56   28.50  
c rst  geom stb  vs   401   118 K 2287    16280   806 4.00    3.90     1936  2018   48K   122 28.56   28.50  
c rst  geom stb  vs   402   119 K 2287    16280   806 4.00    3.90     1938  2019   48K   122 28.60   28.53  
c rst  geom stb  vs   403   119 K 2287    16280   806 4.00    3.90     1938  2021   48K   122 28.60   28.54  
c rst  geom stb  vs   404   119 K 2287    16280   806 4.00    3.90     1938  2021   49K   122 28.60   28.53  
c rst  geom stb  vs   405   120 K 2287    16280   806 4.00    3.90     2071  2306   35K   122 29.70   29.61  
c rst  geom stb  vs   406   120 K 2287    16280   806 4.00    3.90     2071  2306   35K   122 29.72   29.63  
c rst  geom stb  vs   407   120 K 2287    16280   806 4.00    3.90     2073  2306   36K   122 29.69   29.61  
c rst  geom stb  vs   408   121 K 2287    16280   806 4.00    3.90     2073  2306   36K   122 29.72   29.64  
c rst  geom stb  vs   409   121 K 2287    16280   806 4.00    3.90     2073  2306   37K   122 29.76   29.68  
c rst  geom stb  vs   410   122 K 2287    16280   806 4.00    3.90     2073  2308   37K   122 29.74   29.66  
c rst  geom stb  vs   411   122 K 2287    16280   806 4.00    3.90     2073  2309   38K   122 29.74   29.66  
c [full-probe]  bin_only: 0 set: 0 repl: 0 T: 0.01 T-out: N T-r: 96.25%
c rst  geom stb  vs   412   123 K 2287    16280   806 4.00    3.90     2073  2309   38K   124 29.71   29.63  
c rst  geom ibes vs   413   123 K 2287    16280   806 4.00    3.90     2073  2310   39K   124 29.60   29.52  
c rst  geom ibes vs   414   124 K 2287    16280   806 4.00    3.90     2075  2312   40K   124 29.57   29.49  
c rst  geom ibes vs   415   125 K 2287    16280   806 4.00    3.90     2076  2313   40K   124 29.51   29.43  
c rst  geom ibes vs   416   126 K 2287    16280   806 4.00    3.90     2076  2316   41K   124 29.64   29.56  
c rst  geom ibes vs   417   127 K 2287    16280   806 4.00    3.90     2076  2319   42K   124 29.76   29.69  
c rst  geom ibes vs   418   128 K 2287    16280   806 4.00    3.90     2076  2321   43K   124 29.82   29.75  
c [distill-long-red0] cls tried: 149/149 T: 0.01 T-out: N T-r: 99.64%
c [distill-long-red1] cls tried: 41/1828 T: 0.01 T-out: Y T-r: -3.61%
c [distill] watch-based irred--  cl tried 5724     cl-sh 0     cl-rem 0    lit-rem 0      T: 0.00 T-out: N
c [distill] watch-based red  --  cl tried 4150     cl-sh 49    cl-rem 0    lit-rem 80     T: 0.00 T-out: N
c rst  geom ibes vs   419   129 K 2287    16280   806 4.00    3.90     2076  2328   45K   125 29.59   29.52  
c rst  geom ibes vs   420   130 K 2287    16280   806 4.00    3.90     2125  2253   46K   125 29.26   29.20  
c rst  geom svd  vs   421   132 K 2287    16280   806 4.00    3.90     2125  2254   47K   125 29.18   29.11  
c rst  geom svd  vs   422   133 K 2287    16280   806 4.00    3.90     2125  2257   49K   125 29.42   29.35  
c [ccnr] tries: 0 steps: 262143 best found: 9
c [ccnr] tries: 0 steps: 524287 best found: 9
c [ccnr] tries: 0 steps: 786431 best found: 9
c [ccnr] saving best assignment phase to stable_polar
c [ccnr] bumping based on var unsat frequency: conflict_ct
c [ccnr] Bumped vars: 2289 bump type: 6
c [ccnr] time: 0.38
c rst  geom svd  vs   423   134 K 2287    16280   806 4.00    3.90     2125  2257   49K   125 29.34   29.27  
c recursive minimization cost OK: 397Kcost/(% lits removed)
c [gauss] XOR-encoding clauses are not detached, so no need to reattach them.
c [g 0] truth-find prop checks  : 392K
c [g 0] -> of which prop        : 65.37 %
c [g 0] -> of which confl       :  2.20 %
c [g 0] elim called             : 23K
c [g 0] ---> which lead to prop : 97.97 %
c [g 0] ---> which lead to confl:  2.35 %
c [g 0] size: 52    x 467  
c --> Executing strategy token: scc-vrepl
c [scc] new: 1 BP 0M T: 0.00
c --> Executing strategy token: sub-impl
c [impl-sub] bin: 6 T: 0.00 T-out: N w-visit: 4578
c --> Executing strategy token: breakid
c --> Executing OCC strategy token(s): 'occ-backw-sub-str,occ-clean-implicit,occ-bve,occ-bva,occ-ternary-res,occ-xor,'
c [occ] mem usage for occur 1      MB
c [occ] Linked in IRRED BIN by default: 805
c [occ] Linked in RED   BIN by default: 120
c [occ] mem usage for occur 0      MB
c Mem for watch alloc      : 6           MB (18.56     %)
c Mem for watch array      : 0           MB (0.30      %)
c --> Executing OCC strategy token: occ-backw-sub-str
c [occ-backw-sub-str-long-w-bins] subs: 0 str: 8 tried: 6191 0-depth ass: 0 T: 0.00 T-out: N T-r: 99.67%
c [occ-backw-sub-long-w-long] rem cl: 198 tried: 70648/70648 (100.0%) T: 0.01 T-out: N T-r: 95.28%
c [occ-backw-sub-str-long-w-long] sub: 4 str: 16 tried: 211944/70648 (300.0)  T: 0.05 T-out: N T-r: 87.38%
c --> Executing OCC strategy token: occ-clean-implicit
c --> Executing OCC strategy token: occ-bve
c [occ-empty-res] Empty resolvent elimed: 0 T: 0.00 T-out: N
c [occ-bve] iter v-elim 0
c cl_inc_rate=1.0, var_dec_rate=1.0 (grow=0)
c Reduced to 2287 vars, 17085 cls (grow=0)
c [occ-bve] iter v-elim 7
c cl_inc_rate=1.0, var_dec_rate=1.0 (grow=8)
c Reduced to 2280 vars, 17113 cls (grow=8)
c x n vars       : 2280
c #try to eliminate:  4601
c #var-elim        :     7
c #T-o: N
c #T-r: 100.00%
c #T  : 0.05
c [occur] 0.03 is overhead
c [occur] link-in T: 0.03 cleanup T: 0.00
c --> Executing OCC strategy token: occ-bva
c --> Executing OCC strategy token: occ-ternary-res
c [occ-ternary-res] Ternary res-tri: 0 res-bin: 0 sub: 0 str: 0 T: 0.00 T-out: N T-r: 99.79%
c --> Executing OCC strategy token: occ-xor
c [occ-xor] sort occur list T: 0.00
c [xor-clean-equiv] removed equivalent xors: 0 left with: 1633
c [occ-xor] found   1633 avg sz 4.0 min sz  4 max sz  5 T: 0.00 T-out: N T-r: 99.98%
c --> Executing strategy token: card-find
c --> Executing strategy token: cl-consolidate
c Not consolidating memory.
c --> Executing strategy token: scc-vrepl
c [scc] new: 1 BP 0M T: 0.00
c --> Executing strategy token: renumber
c --> Executing strategy token: bosphorus
c --> Executing strategy token: louvain-comms
c [consolidate] mini T: 0.00
c global_timeout_multiplier: 3.6300
c [branch] rebuilding order heap for all branchings. Current branching: vsid
c [find&init matx] performing matrix init
c [gauss] XOR-encoding clauses are not detached, so no need to reattach them.
c [xor-rem-unconnected] left with 1633 xors from 1633 non-empty xors T: 0.00
c [xor-together] xored together: 1581 orig xors: 1633 new xors: 52 T: 0.00
c [xor-rem-unconnected] left with 52 xors from 52 non-empty xors T: 0.00
c [xor-clean-equiv] removed equivalent xors: 0 left with: 52
c [matrix] unused xors from cleaning: 0
c [matrix] Good   matrix  0     52 x  466  density:0.1411  xorlen avg: 65.77
c [matrix] Using 1 matrices recovered from 0 xors T: 0.00 T-out: N
c [distill-bin] useful: 0/805/805 lits-rem: 0 cl-rem: 0 0-depth-assigns: 0 T: 0.01 T-out: N
c rst  geom  svd   vs   424  135K    2280 16308   805    4.01    3.91  1926  2335   37K   120   29.11   29.04
c [branch] adjusting to: vmtf (from: vsid) var_decay:0.95 descr: VMTF
c rst  luby  svd  vmt   425  135K    2280 16308   805    4.01    3.91  1930  2347   37K   122   29.11   29.03
c rst  luby  svd  vmt   426  135K    2280 16308   805    4.01    3.91  1930  2347   37K   122   29.10   29.02
c rst  luby  svd  vmt   427  135K    2280 16308   805    4.01    3.91  1930  2348   37K   122   29.09   29.01
c rst  luby  svd  vmt   428  135K    2280 16308   805    4.01    3.91  1930  2348   37K   122   29.13   29.05
c rst  luby  svd  vmt   429  135K    2280 16308   805    4.01    3.91  1930  2348   37K   122   29.13   29.05
c rst  luby  svd  vmt   430  136K    2280 16308   805    4.01    3.91  1930  2348   37K   122   29.12   29.04
c rst  luby  svd  vmt   431  136K    2280 16308   805    4.01    3.91  1930  2352   38K   122   29.14   29.06
c rst  luby  svd  vmt   432  136K    2280 16308   805    4.01    3.91  1930  2352   38K   122   29.16   29.08
c rst  luby  svd  vmt   433  136K    2280 16308   805    4.01    3.91  1930  2353   38K   122   29.18   29.10
c rst  luby  svd  vmt   434  136K    2280 16308   805    4.01    3.91  1930  2354   38K   122   29.22   29.15
c rst  luby  svd  vmt   435  137K    2280 16308   805    4.01    3.91  1930  2355   38K   122   29.25   29.17
c rst  luby  svd  vmt   436  137K    2280 16308   805    4.01    3.91  1930  2355   38K   122   29.24   29.16
c rst  geom best  vmt   437  137K    2280 16308   805    4.01    3.91  1930  2356   39K   122   29.24   29.17
c rst  geom best  vmt   438  137K    2280 16308   805    4.01    3.91  1930  2356   39K   122   29.23   29.15
c rst  geom best  vmt   439  137K    2280 16308   805    4.01    3.91  1930  2356   39K   122   29.30   29.23
c rst  geom best  vmt   440  137K    2280 16308   805    4.01    3.91  1930  2358   39K   122   29.29   29.22
c rst  geom best  vmt   441  137K    2280 16308   805    4.01    3.91  1930  2358   39K   122   29.37   29.29
c rst  geom best  vmt   442  138K    2280 16308   805    4.01    3.91  1930  2358   39K   122   29.41   29.33
c rst  geom best  vmt   443  138K    2280 16308   805    4.01    3.91  1930  2360   40K   122   29.45   29.37
c rst  geom best  vmt   444  138K    2280 16308   805    4.01    3.91  1930  2360   40K   122   29.41   29.34
c rst  geom best  vmt   445  138K    2280 16308   805    4.01    3.91  1930  2360   40K   122   29.40   29.32
c rst  geom best  vmt   446  138K    2280 16308   805    4.01    3.91  1930  2360   40K   122   29.36   29.28
c rst  geom best  vmt   447  139K    2280 16308   805    4.01    3.91  1930  2360   40K   122   29.32   29.24
c rst  geom best  vmt   448  139K    2280 16308   805    4.01    3.91  1931  2360   41K   122   29.32   29.25
c rst  geom best  vmt   449  139K    2280 16308   805    4.01    3.91  1931  2360   41K   122   29.33   29.26
c rst  geom best  vmt   450  140K    2280 16308   805    4.01    3.91  1943  2310   42K   122   29.43   29.35
c rst  geom best  vmt   451  140K    2280 16308   805    4.01    3.91  1943  2311   42K   122   29.39   29.32
c rst  geom best  vmt   452  141K    2280 16308   805    4.01    3.91  1943  2315   42K   122   29.39   29.32
c rst  geom best  vmt   453  141K    2280 16308   805    4.01    3.91  1943  2317   43K   122   29.35   29.28
c rst  geom best  vmt   454  142K    2280 16308   805    4.01    3.91  1943  2317   43K   122   29.33   29.27
c rst  geom best  vmt   455  142K    2280 16308   805    4.01    3.91  1943  2318   44K   122   29.41   29.34
c [full-probe]  bin_only: 1 set: 0 repl: 0 T: 0.01 T-out: N T-r: 99.53%
c rst  geom best  vmt   456  143K    2280 16308   805    4.01    3.91  1943  2319   45K   124   29.40   29.33
c [distill-long-red0] cls tried: 120/120 T: 0.01 T-out: N T-r: 99.56%
c [distill-long-red1] cls tried: 42/1827 T: 0.01 T-out: Y T-r: -4.41%
c rst  geom best  vmt   457  144K    2280 16308   805    4.01    3.91  1943  2320   45K   124   29.43   29.37
c rst  geom  stb  vmt   458  144K    2280 16308   805    4.01    3.91  1946  2350   46K   124   29.47   29.40
c rst  geom  stb  vmt   459  145K    2280 16308   805    4.01    3.91  1946  2354   47K   124   29.57   29.50
c rst  geom  stb  vmt   460  146K    2280 16308   805    4.01    3.91  1947  2361   48K   124   29.61   29.55
c rst  geom  stb  vmt   461  147K    2280 16308   805    4.01    3.91  1947  2363   49K   124   29.65   29.59
c rst  geom  stb  vmt   462  148K    2280 16308   805    4.01    3.91  1947  2365   50K   124   29.74   29.67
c rst  geom  stb  vmt   463  150K    2280 16308   805    4.01    3.91  2000  2291   37K   124   28.05   27.97
c rst  geom  stb  vmt   464  151K    2280 16308   805    4.01    3.91  2001  2298   39K   124   28.04   27.97
c rst  geom ibes  vmt   465  153K    2280 16308   805    4.01    3.91  2001  2305   40K   124   28.13   28.06
c rst  geom ibes  vmt   466  154K    2280 16308   805    4.01    3.91  2001  2312   42K   124   28.29   28.22
c [branch] adjusting to: vsid (from: vmtf) var_decay:0.95 descr: VSIDS
c [distill-bin] useful: 0/805/805 lits-rem: 0 cl-rem: 0 0-depth-assigns: 0 T: 0.01 T-out: N
c [distill] watch-based irred--  cl tried     5692 cl-sh     0 cl-rem    0 lit-rem      0 T: 0.00 T-out: N
c [distill] watch-based   red--  cl tried     4002 cl-sh     9 cl-rem    0 lit-rem     15 T: 0.00 T-out: N
c rst  geom ibes   vs   467  154K    2280 16308   805    4.01    3.91  2001  2312   42K   124   28.29   28.22
c rst  geom ibes   vs   468  155K    2280 16308   805    4.01    3.91  2001  2312   42K   124   28.28   28.21
c rst  geom ibes   vs   469  155K    2280 16308   805    4.01    3.91  2001  2312   42K   124   28.27   28.21
c rst  geom ibes   vs   470  155K    2280 16308   805    4.01    3.91  2001  2312   42K   124   28.30   28.23
c rst  geom ibes   vs   471  155K    2280 16308   805    4.01    3.91  2001  2312   43K   124   28.29   28.23
c rst  geom ibes   vs   472  155K    2280 16308   805    4.01    3.91  2001  2313   43K   124   28.31   28.24
c rst  geom ibes   vs   473  155K    2280 16308   805    4.01    3.91  2001  2313   43K   124   28.32   28.25
c rst  geom ibes   vs   474  156K    2280 16308   805    4.01    3.91  2001  2314   43K   124   28.30   28.23
c rst  geom ibes   vs   475  156K    2280 16308   805    4.01    3.91  2001  2314   43K   124   28.34   28.27
c rst  geom ibes   vs   476  156K    2280 16308   805    4.01    3.91  2001  2315   44K   124   28.33   28.26
c rst  geom ibes   vs   477  156K    2280 16308   805    4.01    3.91  2001  2315   44K   124   28.29   28.22
c rst  geom ibes   vs   478  157K    2280 16308   805    4.01    3.91  2001  2316   44K   124   28.29   28.22
c rst  geom ibes   vs   479  157K    2280 16308   805    4.01    3.91  2001  2317   45K   124   28.31   28.25
c rst  geom ibes   vs   480  157K    2280 16308   805    4.01    3.91  2001  2320   45K   124   28.35   28.28
c rst  geom ibes   vs   481  158K    2280 16308   805    4.01    3.91  2002  2324   45K   124   28.32   28.25
c rst  geom  svd   vs   482  158K    2280 16308   805    4.01    3.91  2002  2324   46K   124   28.29   28.22
c [distill-long-red0] cls tried: 58/58 T: 0.00 T-out: N T-r: 99.82%
c [distill-long-red1] cls tried: 65/1815 T: 0.01 T-out: Y T-r: -4.05%
c rst  geom  svd   vs   483  159K    2280 16308   805    4.01    3.91  2002  2324   46K   124   28.27   28.20
c rst  geom  svd   vs   484  159K    2280 16308   805    4.01    3.91  2002  2324   47K   124   28.36   28.30
c rst  geom  svd   vs   485  160K    2280 16308   805    4.01    3.91  2054  1810   48K   124   28.37   28.31
c rst  geom  svd   vs   486  161K    2280 16308   805    4.01    3.91  2054  1810   49K   124   28.40   28.34
c [impl-str] lit bin: 0 set-var: 0 T: 0.00 T-out: N T-r: 99.96% w-visit: 4578
c [impl-sub] bin: 4 T: 0.00 T-out: N w-visit: 4578
c rst  geom  svd   vs   487  161K    2280 16308   805    4.01    3.91  2054  1811   49K   120   28.42   28.36
c rst  geom  svd   vs   488  162K    2280 16308   805    4.01    3.91  2054  1816   50K   120   28.56   28.50
c rst  geom  svd   vs   489  163K    2280 16308   805    4.01    3.91  2054  1816   51K   120   28.57   28.51
c [full-probe]  bin_only: 0 set: 0 repl: 0 T: 0.01 T-out: N T-r: 96.75%
c rst  geom  svd   vs   490  164K    2280 16308   805    4.01    3.91  2054  1816   52K   122   28.61   28.55
c rst  geom  svd   vs   491  165K    2280 16308   805    4.01    3.91  2056  1907   38K   122   28.20   28.13
c rst  geom best   vs   492  166K    2280 16308   805    4.01    3.91  2056  1907   39K   122   28.28   28.21
c rst  geom best   vs   493  167K    2280 16308   805    4.01    3.91  2056  1916   41K   122   28.29   28.21
c rst  geom best   vs   494  169K    2280 16308   805    4.01    3.91  2056  1916   42K   122   28.13   28.06
c rst  geom best   vs   495  170K    2280 16308   805    4.01    3.91  2084  1864   44K   122   28.25   28.18
c rst  geom best   vs   496  172K    2280 16308   805    4.01    3.91  2084  1866   45K   122   28.29   28.23
c rst  geom  stb   vs   497  174K    2280 16308   805    4.01    3.91  2086  1873   47K   122   28.47   28.41
c [distill-long-red0] cls tried: 84/84 T: 0.00 T-out: N T-r: 99.77%
c [distill-long-red1] cls tried: 57/1432 T: 0.01 T-out: Y T-r: -4.11%
c rst  geom  stb   vs   498  176K    2280 16308   805    4.01    3.91  2086  1873   49K   122   28.76   28.70
c [branch] adjusting to: vmtf (from: vsid) var_decay:0.95 descr: VMTF
c [distill-bin] useful: 0/805/805 lits-rem: 0 cl-rem: 0 0-depth-assigns: 0 T: 0.00 T-out: N
c rst  luby  stb  vmt   499  176K    2280 16308   805    4.01    3.91  2086  1873   49K   122   28.79   28.73
c rst  luby  stb  vmt   500  176K    2280 16308   805    4.01    3.91  2086  1874   49K   122   28.79   28.73
c rst  luby  stb  vmt   501  176K    2280 16308   805    4.01    3.91  2086  1874   50K   122   28.82   28.76
c rst  luby  stb  vmt   502  176K    2280 16308   805    4.01    3.91  2086  1874   50K   122   28.85   28.79
c rst  luby  stb  vmt   503  177K    2280 16308   805    4.01    3.91  2086  1874   50K   122   28.87   28.80
c rst  luby  stb  vmt   504  177K    2280 16308   805    4.01    3.91  2086  1874   50K   122   28.89   28.83
c rst  luby  stb  vmt   505  177K    2280 16308   805    4.01    3.91  2086  1876   50K   122   28.89   28.83
c [ccnr] tries: 0 steps: 262143 best found: 13
c [ccnr] tries: 0 steps: 524287 best found: 12
c [ccnr] tries: 0 steps: 786431 best found: 11
c [ccnr] saving best assignment phase to stable_polar
c [ccnr] bumping based on clause weights
c [ccnr] Bumped vars: 102 bump type: 6
c [ccnr] time: 0.37
c rst  luby  stb  vmt   506  177K    2280 16308   805    4.01    3.91  2086  1876   50K   122   28.88   28.82
c rst  luby  stb  vmt   507  177K    2280 16308   805    4.01    3.91  2086  1877   51K   122   28.86   28.80
c rst  luby  stb  vmt   508  178K    2280 16308   805    4.01    3.91  2086  1878   51K   122   28.82   28.76
c rst  luby  stb  vmt   509  178K    2280 16308   805    4.01    3.91  2086  1878   51K   122   28.81   28.75
c rst  luby  stb  vmt   510  178K    2280 16308   805    4.01    3.91  2086  1887   51K   122   28.78   28.72
c rst  luby  stb  vmt   511  178K    2280 16308   805    4.01    3.91  2086  1888   51K   122   28.74   28.69
c rst  luby  stb  vmt   512  178K    2280 16308   805    4.01    3.91  2086  1889   52K   122   28.69   28.63
c rst  luby  stb  vmt   513  179K    2280 16308   805    4.01    3.91  2088  1898   52K   122   28.57   28.51
c rst  luby ibes  vmt   514  179K    2280 16308   805    4.01    3.91  2088  1899   52K   122   28.55   28.49
c rst  luby ibes  vmt   515  179K    2280 16308   805    4.01    3.91  2089  1900   53K   122   28.55   28.49
c [distill] watch-based irred--  cl tried     5692 cl-sh     0 cl-rem    0 lit-rem      0 T: 0.00 T-out: N
c [distill] watch-based   red--  cl tried     4178 cl-sh     6 cl-rem    0 lit-rem      6 T: 0.00 T-out: N
c rst  luby ibes  vmt   516  180K    2280 16308   805    4.01    3.91  2151  1815   38K   122   28.18   28.11
c rst  luby ibes  vmt   517  180K    2280 16308   805    4.01    3.91  2151  1815   38K   122   28.18   28.10
c rst  luby ibes  vmt   518  180K    2280 16308   805    4.01    3.91  2151  1815   38K   122   28.16   28.09
c rst  luby ibes  vmt   519  180K    2280 16308   805    4.01    3.91  2151  1815   38K   122   28.11   28.03
c rst  luby ibes  vmt   520  180K    2280 16308   805    4.01    3.91  2151  1817   38K   122   28.00   27.93
c [gauss] XOR-encoding clauses are not detached, so no need to reattach them.
c [g 0] truth-find prop checks  : 1147K
c [g 0] -> of which prop        : 58.14 %
c [g 0] -> of which confl       :  1.93 %
c [g 0] elim called             : 83K
c [g 0] ---> which lead to prop : 63.73 %
c [g 0] ---> which lead to confl:  1.46 %
c [g 0] size: 52    x 466  
c [scc] new: 1 BP 0M T: 0.00
c [vrep] vars 1 lits 6955 rem-bin-cls 6 rem-long-cls 0 BP 0M T: 0.01
c [scc] new: 0 BP 0M T: 0.00
c [vrep] vars 0 lits 0 rem-bin-cls 0 rem-long-cls 0 BP 0M T: 0.00
c [intree] Set 0 vars hyper-added: 2 trans-irred: 1 trans-red: 1 T: 0.00 T-out: N T-r: -1.76%
c [find&init matx] performing matrix init
c [gauss] XOR-encoding clauses are not detached, so no need to reattach them.
c [xor-rem-unconnected] left with 1633 xors from 1633 non-empty xors T: 0.00
c [xor-together] xored together: 1579 orig xors: 1633 new xors: 54 T: 0.00
c [xor-rem-unconnected] left with 54 xors from 54 non-empty xors T: 0.00
c [xor-clean-equiv] removed equivalent xors: 0 left with: 54
c [matrix] unused xors from cleaning: 0
c [matrix] Good   matrix 0 54      x467    density:0.1358  xorlen avg: 63.41
c [matrix] Using 1 matrices recovered from 0 xors T: 0.00 T-out: N
c rst  luby ibes vmt  521   181 K 2279    16308   804 4.01    3.91     2151  1819   38K   119 27.97   27.89  
c rst  luby ibes vmt  522   181 K 2279    16308   804 4.01    3.91     2151  1820   39K   119 27.93   27.86  
c rst  luby ibes vmt  523   181 K 2279    16308   804 4.01    3.91     2151  1821   39K   119 27.87   27.80  
c rst  luby ibes vmt  524   181 K 2279    16308   804 4.01    3.91     2151  1821   39K   119 27.84   27.77  
c rst  luby ibes vmt  525   181 K 2279    16308   804 4.01    3.91     2151  1821   39K   119 27.81   27.73  
c rst  luby ibes vmt  526   181 K 2279    16308   804 4.01    3.91     2151  1821   39K   119 27.79   27.72  
c [g  <0] Disabling GJ-elim in this round.  Usefulness was: 16.6134%  over 100136 calls
c rst  luby ibes vmt  527   182 K 2279    16308   804 4.01    3.91     2151  1823   40K   119 27.76   27.69  
c rst  luby ibes vmt  528   182 K 2279    16308   804 4.01    3.91     2151  1824   40K   119 27.59   27.52  
c rst  luby ibes vmt  529   184 K 2279    16308   804 4.01    3.91     2152  1830   42K   119 27.11   27.04  
c [full-probe]  bin_only: 1 set: 0 repl: 0 T: 0.00 T-out: N T-r: 99.77%
c rst  luby ibes vmt  530   184 K 2279    16308   804 4.01    3.91     2152  1832   42K   119 27.08   27.02  
c rst  luby ibes vmt  531   184 K 2279    16308   804 4.01    3.91     2152  1832   42K   119 27.06   27.00  
c rst  luby ibes vmt  532   184 K 2279    16308   804 4.01    3.91     2152  1836   42K   119 27.04   26.97  
c rst  luby ibes vmt  533   185 K 2279    16308   804 4.01    3.91     2152  1836   42K   119 27.02   26.96  
c rst  luby ibes vmt  534   185 K 2279    16308   804 4.01    3.91     2152  1836   43K   119 27.00   26.93  
c rst  luby ibes vmt  535   185 K 2279    16308   804 4.01    3.91     2152  1836   43K   119 26.95   26.88  
c rst  luby ibes vmt  536   185 K 2279    16308   804 4.01    3.91     2152  1839   43K   119 26.88   26.81  
c rst  luby ibes vmt  537   185 K 2279    16308   804 4.01    3.91     2152  1839   43K   119 26.85   26.78  
c rst  luby ibes vmt  538   185 K 2279    16308   804 4.01    3.91     2152  1840   43K   119 26.82   26.76  
c rst  luby ibes vmt  539   186 K 2279    16308   804 4.01    3.91     2152  1840   44K   119 26.77   26.71  
c rst  luby ibes vmt  540   186 K 2279    16308   804 4.01    3.91     2152  1841   44K   119 26.75   26.68  
c rst  luby ibes vmt  541   186 K 2279    16308   804 4.01    3.91     2152  1842   44K   119 26.72   26.66  
c rst  luby ibes vmt  542   186 K 2279    16308   804 4.01    3.91     2152  1842   44K   119 26.74   26.68  
c rst  luby ibes vmt  543   186 K 2279    16308   804 4.01    3.91     2152  1845   44K   119 26.66   26.60  
c rst  luby svd  vmt  544   187 K 2279    16308   804 4.01    3.91     2152  1850   45K   119 26.53   26.47  
c rst  luby svd  vmt  545   187 K 2279    16308   804 4.01    3.91     2152  1852   45K   119 26.52   26.47  
c rst  luby svd  vmt  546   187 K 2279    16308   804 4.01    3.91     2152  1853   45K   119 26.53   26.47  
c rst  luby svd  vmt  547   188 K 2279    16308   804 4.01    3.91     2153  1863   46K   119 26.54   26.48  
c rst  luby svd  vmt  548   188 K 2279    16308   804 4.01    3.91     2153  1866   46K   119 26.54   26.48  
c rst  luby svd  vmt  549   188 K 2279    16308   804 4.01    3.91     2153  1868   46K   119 26.54   26.48  
c rst  luby svd  vmt  550   188 K 2279    16308   804 4.01    3.91     2154  1873   46K   119 26.54   26.48  
c rst  luby svd  vmt  551   188 K 2279    16308   804 4.01    3.91     2154  1874   46K   119 26.47   26.42  
c rst  luby svd  vmt  552   189 K 2279    16308   804 4.01    3.91     2154  1874   46K   119 26.46   26.41  
c rst  luby svd  vmt  553   189 K 2279    16308   804 4.01    3.91     2155  1876   47K   119 26.45   26.39  
c rst  luby svd  vmt  554   189 K 2279    16308   804 4.01    3.91     2156  1884   47K   119 26.43   26.38  
c rst  luby svd  vmt  555   189 K 2279    16308   804 4.01    3.91     2156  1884   47K   119 26.43   26.37  
c [distill-long-red0] cls tried: 75/75 T: 0.00 T-out: N T-r: 99.83%
c [distill-long-red1] cls tried: 65/1422 T: 0.01 T-out: Y T-r: -0.69%
c rst  luby svd  vmt  556   189 K 2279    16308   804 4.01    3.91     2156  1884   47K   119 26.42   26.36  
c rst  luby svd  vmt  557   189 K 2279    16308   804 4.01    3.91     2156  1884   47K   119 26.41   26.35  
c rst  luby svd  vmt  558   190 K 2279    16308   804 4.01    3.91     2876  1017   48K   119 26.38   26.32  
c rst  luby svd  vmt  559   190 K 2279    16308   804 4.01    3.91     2876  1031   48K   119 26.35   26.30  
c rst  luby svd  vmt  560   192 K 2279    16308   804 4.01    3.91     2878  1052   50K   119 26.27   26.22  
c rst  luby svd  vmt  561   195 K 2279    16308   804 4.01    3.91     3064  1551   38K   119 24.44   24.38  
c rst  geom best vmt  562   195 K 2279    16308   804 4.01    3.91     3064  1551   38K   119 24.44   24.38  
c rst  geom best vmt  563   196 K 2279    16308   804 4.01    3.91     3064  1559   39K   119 24.43   24.37  
c rst  geom best vmt  564   196 K 2279    16308   804 4.01    3.91     3064  1559   39K   119 24.42   24.35  
c rst  geom best vmt  565   196 K 2279    16308   804 4.01    3.91     3064  1559   39K   119 24.39   24.33  
c rst  geom best vmt  566   196 K 2279    16308   804 4.01    3.91     3064  1559   39K   119 24.36   24.30  
c rst  geom best vmt  567   196 K 2279    16308   804 4.01    3.91     3064  1560   39K   119 24.33   24.27  
c [distill-bin] useful: 1/804/804 lits-rem: 0 cl-rem: 1 0-depth-assigns: 0 T: 0.00 T-out: N
c rst  geom best vmt  568   196 K 2279    16308   803 4.01    3.91     3064  1561   39K   119 24.31   24.25  
c rst  geom best vmt  569   197 K 2279    16308   803 4.01    3.91     3064  1561   40K   119 24.27   24.21  
c rst  geom best vmt  570   197 K 2279    16308   803 4.01    3.91     3064  1561   40K   119 24.24   24.18  
c rst  geom best vmt  571   197 K 2279    16308   803 4.01    3.91     3064  1570   40K   119 24.20   24.14  
c rst  geom best vmt  572   197 K 2279    16308   803 4.01    3.91     3064  1573   40K   119 24.14   24.08  
c [branch] adjusting to: vsid (from: vmtf) var_decay:0.95 descr: VSIDS
c rst  geom best vs   573   197 K 2279    16308   803 4.01    3.91     3066  1574   40K   119 24.17   24.12  
c rst  geom best vs   574   198 K 2279    16308   803 4.01    3.91     3066  1578   41K   119 24.21   24.15  
c rst  geom best vs   575   198 K 2279    16308   803 4.01    3.91     3068  1579   41K   119 24.25   24.19  
c rst  geom best vs   576   198 K 2279    16308   803 4.01    3.91     3068  1583   41K   119 24.31   24.25  
c rst  geom best vs   577   198 K 2279    16308   803 4.01    3.91     3068  1585   41K   119 24.34   24.28  
c rst  geom best vs   578   198 K 2279    16308   803 4.01    3.91     3068  1585   41K   119 24.39   24.33  
c rst  geom best vs   579   198 K 2279    16308   803 4.01    3.91     3068  1585   41K   119 24.42   24.36  
c rst  geom best vs   580   199 K 2279    16308   803 4.01    3.91     3068  1588   42K   119 24.45   24.40  
c rst  geom best vs   581   199 K 2279    16308   803 4.01    3.91     3068  1589   42K   119 24.48   24.42  
c rst  geom best vs   582   199 K 2279    16308   803 4.01    3.91     3068  1589   42K   119 24.52   24.46  
c rst  geom best vs   583   199 K 2279    16308   803 4.01    3.91     3068  1589   42K   119 24.57   24.52  
c rst  geom best vs   584   200 K 2279    16308   803 4.01    3.91     3226  1390   43K   119 24.59   24.53  
c rst  geom best vs   585   200 K 2279    16308   803 4.01    3.91     3226  1391   43K   119 24.61   24.56  
c rst  geom best vs   586   200 K 2279    16308   803 4.01    3.91     3226  1391   43K   119 24.67   24.61  
c rst  geom best vs   587   201 K 2279    16308   803 4.01    3.91     3226  1392   44K   119 24.76   24.70  
c rst  geom best vs   588   201 K 2279    16308   803 4.01    3.91     3226  1393   44K   119 24.78   24.73  
c rst  geom best vs   589   202 K 2279    16308   803 4.01    3.91     3226  1394   45K   119 24.83   24.78  
c rst  geom best vs   590   202 K 2279    16308   803 4.01    3.91     3226  1394   45K   119 24.86   24.80  
c rst  geom best vs   591   203 K 2279    16308   803 4.01    3.91     3226  1396   46K   119 24.88   24.82  
c rst  geom stb  vs   592   204 K 2279    16308   803 4.01    3.91     3226  1400   47K   119 25.05   25.00  
c rst  geom stb  vs   593   204 K 2279    16308   803 4.01    3.91     3228  1401   47K   119 25.14   25.08  
c [distill-long-red0] cls tried: 981/981 T: 0.06 T-out: N T-r: 97.53%
c [distill-long-red1] cls tried: 35/994 T: 0.01 T-out: Y T-r: -6.50%
c [full-probe]  bin_only: 0 set: 0 repl: 0 T: 0.00 T-out: N T-r: 97.35%
c rst  geom stb  vs   594   205 K 2279    16308   803 4.01    3.91     3228  1411   48K   119 25.20   25.14  
c [distill] watch-based irred--  cl tried 5692     cl-sh 0     cl-rem 0    lit-rem 0      T: 0.00 T-out: N
c [distill] watch-based red  --  cl tried 6456     cl-sh 25    cl-rem 0    lit-rem 33     T: 0.01 T-out: N
c rst  geom stb  vs   595   206 K 2279    16308   803 4.01    3.91     3228  1422   49K   119 25.28   25.23  
c rst  geom stb  vs   596   207 K 2279    16308   803 4.01    3.91     3229  1433   50K   119 25.27   25.22  
c rst  geom stb  vs   597   208 K 2279    16308   803 4.01    3.91     3229  1441   51K   119 25.32   25.27  
c rst  geom stb  vs   598   209 K 2279    16308   803 4.01    3.91     3229  1448   52K   119 25.31   25.26  
c rst  geom stb  vs   599   210 K 2279    16308   803 4.01    3.91     3295  1670   38K   119 23.50   23.44  
c rst  geom ibes vs   600   212 K 2279    16308   803 4.01    3.91     3296  1679   40K   119 23.82   23.77  
c rst  geom ibes vs   601   213 K 2279    16308   803 4.01    3.91     3296  1687   41K   119 24.03   23.97  
c rst  geom ibes vs   602   215 K 2279    16308   803 4.01    3.91     3297  1694   43K   119 24.34   24.29  
c rst  geom ibes vs   603   217 K 2279    16308   803 4.01    3.91     3298  1698   45K   119 24.37   24.32  
c [distill-bin] useful: 0/803/803 lits-rem: 0 cl-rem: 0 0-depth-assigns: 0 T: 0.01 T-out: N
c rst  geom ibes vs   604   219 K 2279    16308   803 4.01    3.91     3301  1715   47K   119 24.56   24.51  
c rst  geom svd  vs   605   221 K 2279    16308   803 4.01    3.91     3356  1661   49K   119 25.05   25.00  
c [distill-long-red0] cls tried: 148/148 T: 0.01 T-out: N T-r: 99.53%
c [distill-long-red1] cls tried: 29/1233 T: 0.01 T-out: Y T-r: -5.15%
c [impl-str] lit bin: 0 set-var: 0 T: 0.00 T-out: N T-r: 99.96% w-visit: 4578
c [impl-sub] bin: 1 T: 0.00 T-out: N w-visit: 4578
c rst  geom svd  vs   606   224 K 2279    16308   803 4.01    3.91     3360  1686   52K   118 25.26   25.21  
c [branch] adjusting to: vmtf (from: vsid) var_decay:0.95 descr: VMTF
c [ccnr] tries: 0 steps: 262143 best found: 10
c [ccnr] tries: 0 steps: 524287 best found: 10
c [ccnr] tries: 0 steps: 786431 best found: 10
c [ccnr] saving best assignment phase to stable_polar
c [ccnr] bumping based on var unsat frequency: conflict_ct
c [ccnr] Bumped vars: 2289 bump type: 6
c [ccnr] time: 0.38
c rst  luby svd  vmt  607   224 K 2279    16308   803 4.01    3.91     3364  1707   52K   118 25.26   25.22  
c rst  luby svd  vmt  608   224 K 2279    16308   803 4.01    3.91     3364  1708   52K   118 25.28   25.23  
c rst  luby svd  vmt  609   224 K 2279    16308   803 4.01    3.91     3365  1711   52K   118 25.31   25.26  
c rst  luby svd  vmt  610   224 K 2279    16308   803 4.01    3.91     3365  1711   52K   118 25.33   25.28  
c rst  luby svd  vmt  611   224 K 2279    16308   803 4.01    3.91     3365  1712   52K   118 25.34   25.29  
c [full-probe]  bin_only: 1 set: 0 repl: 0 T: 0.00 T-out: N T-r: 99.68%
c rst  luby svd  vmt  612   224 K 2279    16308   803 4.01    3.91     3366  1716   52K   118 25.37   25.33  
c rst  luby svd  vmt  613   225 K 2279    16308   803 4.01    3.91     3388  2023   38K   118 25.65   25.58  
c rst  luby svd  vmt  614   225 K 2279    16308   803 4.01    3.91     3389  2025   38K   118 25.66   25.60  
c rst  luby svd  vmt  615   225 K 2279    16308   803 4.01    3.91     3389  2025   38K   118 25.67   25.61  
c rst  luby svd  vmt  616   225 K 2279    16308   803 4.01    3.91     3390  2029   38K   118 25.69   25.63  
c rst  luby svd  vmt  617   225 K 2279    16308   803 4.01    3.91     3390  2031   38K   118 25.71   25.65  
c rst  luby svd  vmt  618   225 K 2279    16308   803 4.01    3.91     3391  2036   38K   118 25.72   25.65  
c rst  luby svd  vmt  619   226 K 2279    16308   803 4.01    3.91     3391  2038   38K   118 25.74   25.67  
c rst  luby svd  vmt  620   226 K 2279    16308   803 4.01    3.91     3392  2048   39K   118 25.79   25.72  
c rst  luby svd  vmt  621   227 K 2279    16308   803 4.01    3.91     3394  2054   40K   118 25.84   25.78  
c rst  geom best vmt  622   227 K 2279    16308   803 4.01    3.91     3394  2055   40K   118 25.85   25.79  
c rst  geom best vmt  623   227 K 2279    16308   803 4.01    3.91     3395  2057   40K   118 25.86   25.80  
c rst  geom best vmt  624   227 K 2279    16308   803 4.01    3.91     3395  2059   40K   118 25.88   25.82  
c rst  geom best vmt  625   227 K 2279    16308   803 4.01    3.91     3395  2059   40K   118 25.91   25.85  
c rst  geom best vmt  626   228 K 2279    16308   803 4.01    3.91     3395  2060   40K   118 25.92   25.86  
c rst  geom best vmt  627   228 K 2279    16308   803 4.01    3.91     3395  2064   41K   118 25.95   25.89  
c rst  geom best vmt  628   228 K 2279    16308   803 4.01    3.91     3398  2087   41K   118 25.94   25.88  
c rst  geom best vmt  629   228 K 2279    16308   803 4.01    3.91     3398  2087   41K   118 25.96   25.90  
c rst  geom best vmt  630   228 K 2279    16308   803 4.01    3.91     3398  2088   41K   118 25.99   25.93  
c rst  geom best vmt  631   229 K 2279    16308   803 4.01    3.91     3398  2092   41K   118 26.03   25.97  
c rst  geom best vmt  632   229 K 2279    16308   803 4.01    3.91     3400  2096   42K   118 26.07   26.01  
c rst  geom best vmt  633   229 K 2279    16308   803 4.01    3.91     3400  2107   42K   118 26.17   26.11  
c rst  geom best vmt  634   230 K 2279    16308   803 4.01    3.91     3500  1997   42K   118 26.22   26.16  
c rst  geom best vmt  635   230 K 2279    16308   803 4.01    3.91     3500  1999   43K   118 26.22   26.16  
c rst  geom best vmt  636   230 K 2279    16308   803 4.01    3.91     3500  2004   43K   118 26.28   26.22  
c [distill] watch-based irred--  cl tried 5692     cl-sh 0     cl-rem 0    lit-rem 0      T: 0.00 T-out: N
c [distill] watch-based red  --  cl tried 7000     cl-sh 57    cl-rem 0    lit-rem 104    T: 0.01 T-out: N
c rst  geom best vmt  637   231 K 2279    16308   803 4.01    3.91     3500  2012   44K   118 26.34   26.28  
c rst  geom best vmt  638   231 K 2279    16308   803 4.01    3.91     3500  2018   44K   118 26.47   26.42  
c rst  geom best vmt  639   232 K 2279    16308   803 4.01    3.91     3501  2027   45K   118 26.58   26.53  
c rst  geom best vmt  640   232 K 2279    16308   803 4.01    3.91     3503  2041   45K   118 26.64   26.59  
c rst  geom best vmt  641   233 K 2279    16308   803 4.01    3.91     3503  2047   46K   118 26.72   26.67  
c rst  geom best vmt  642   234 K 2279    16308   803 4.01    3.91     3504  2058   46K   118 26.78   26.72  
c rst  geom best vmt  643   235 K 2279    16308   803 4.01    3.91     3504  2073   47K   118 26.85   26.79  
c rst  geom stb  vmt  644   235 K 2279    16308   803 4.01    3.91     3504  2087   48K   118 26.91   26.85  
c rst  geom stb  vmt  645   236 K 2279    16308   803 4.01    3.91     3506  2102   49K   118 27.00   26.94  
c [distill-long-red0] cls tried: 167/167 T: 0.01 T-out: N T-r: 99.49%
c [distill-long-red1] cls tried: 32/1646 T: 0.01 T-out: Y T-r: -3.14%
c rst  geom stb  vmt  646   237 K 2279    16308   803 4.01    3.91     3507  2107   50K   118 27.05   27.00  
c [distill-bin] useful: 0/803/803 lits-rem: 0 cl-rem: 0 0-depth-assigns: 0 T: 0.00 T-out: N
c rst  geom stb  vmt  647   239 K 2279    16308   803 4.01    3.91     3507  2118   51K   118 27.08   27.03  
c rst  geom stb  vmt  648   240 K 2279    16308   803 4.01    3.91     3610  2484   37K   118 27.97   27.90  
c rst  geom stb  vmt  649   241 K 2279    16308   803 4.01    3.91     3613  2500   39K   118 28.17   28.10  
c rst  geom stb  vmt  650   243 K 2279    16308   803 4.01    3.91     3613  2512   40K   118 28.16   28.10  
c rst  geom ibes vmt  651   244 K 2279    16308   803 4.01    3.91     3613  2516   41K   118 28.27   28.20  
c recursive minimization cost OK: 546Kcost/(% lits removed)
c [gauss] XOR-encoding clauses are not detached, so no need to reattach them.
c [g 0] truth-find prop checks  : 75K
c [g 0] -> of which prop        : 17.66 %
c [g 0] -> of which confl       :  0.84 %
c [g 0] elim called             : 12726
c [g 0] ---> which lead to prop : 20.72 %
c [g 0] ---> which lead to confl:  0.28 %
c [g 0] size: 54    x 467  
c --> Executing strategy token: scc-vrepl
c [scc] new: 0 BP 0M T: 0.00
c --> Executing strategy token: sub-impl
c [impl-sub] bin: 0 T: 0.00 T-out: N w-visit: 4578
c --> Executing strategy token: breakid
c --> Executing OCC strategy token(s): 'occ-backw-sub-str,occ-clean-implicit,occ-bve,occ-bva,occ-ternary-res,occ-xor,'
c [occ] mem usage for occur 1      MB
c [occ] Linked in IRRED BIN by default: 803
c [occ] Linked in RED   BIN by default: 118
c [occ] mem usage for occur 0      MB
c Mem for watch alloc      : 9           MB (25.09     %)
c Mem for watch array      : 0           MB (0.28      %)
c --> Executing OCC strategy token: occ-backw-sub-str
c [occ-backw-sub-str-long-w-bins] subs: 0 str: 62 tried: 7159 0-depth ass: 0 T: 0.00 T-out: N T-r: 99.66%
c [occ-backw-sub-long-w-long] rem cl: 80 tried: 64113/64113 (100.0%) T: 0.01 T-out: N T-r: 96.27%
c [occ-backw-sub-str-long-w-long] sub: 1 str: 12 tried: 192339/64113 (300.0)  T: 0.05 T-out: N T-r: 89.50%
c --> Executing OCC strategy token: occ-clean-implicit
c --> Executing OCC strategy token: occ-bve
c [occ-empty-res] Empty resolvent elimed: 0 T: 0.00 T-out: N
c [occ-bve] iter v-elim 0
c cl_inc_rate=1.0, var_dec_rate=1.0 (grow=0)
c Reduced to 2279 vars, 17111 cls (grow=0)
c [occ-bve] iter v-elim 0
c cl_inc_rate=1.0, var_dec_rate=1.0 (grow=8)
c Reduced to 2279 vars, 17111 cls (grow=8)
c [occ-bve] iter v-elim 870
c cl_inc_rate=1.8, var_dec_rate=1.6 (grow=16)
c Reduced to 1409 vars, 30132 cls (grow=16)
c x n vars       : 1409
c #try to eliminate:  8169
c #var-elim        :   870
c #T-o: N
c #T-r: 99.93%
c #T  : 0.21
c [occur] 0.02 is overhead
c [occur] link-in T: 0.02 cleanup T: 0.00
c --> Executing OCC strategy token: occ-bva
c --> Executing OCC strategy token: occ-ternary-res
c [occ-ternary-res] Ternary res-tri: 51 res-bin: 0 sub: 7 str: 0 T: 0.00 T-out: N T-r: 99.59%
c --> Executing OCC strategy token: occ-xor
c [occ-xor] sort occur list T: 0.00
c [xor-clean-equiv] removed equivalent xors: 0 left with: 850
c [occ-xor] found    850 avg sz 5.9 min sz  4 max sz  6 T: 0.00 T-out: N T-r: 99.97%
c --> Executing strategy token: card-find
c --> Executing strategy token: cl-consolidate
c [mem] consolidate  old-sz: 8879K new-sz: 3611K new bits offs: 19 T: 0.00
c --> Executing strategy token: scc-vrepl
c [scc] new: 0 BP 0M T: 0.00
c --> Executing strategy token: renumber
c [gauss] XOR-encoding clauses are not detached, so no need to reattach them.
c [renumber] T: 0.00
c --> Executing strategy token: bosphorus
c --> Executing strategy token: louvain-comms
c [consolidate] mini T: 0.00
c global_timeout_multiplier: 3.9930
c [branch] rebuilding order heap for all branchings. Current branching: vmtf
c [find&init matx] performing matrix init
c [gauss] XOR-encoding clauses are not detached, so no need to reattach them.
c [xor-rem-unconnected] left with 849 xors from 850 non-empty xors T: 0.00
c [xor-together] xored together: 792 orig xors: 849 new xors: 57 T: 0.00
c [xor-rem-unconnected] left with 57 xors from 57 non-empty xors T: 0.00
c [xor-clean-equiv] removed equivalent xors: 0 left with: 57
c [matrix] unused xors from cleaning: 1
c [matrix] Good   matrix  0     57 x  475  density:0.1251  xorlen avg: 59.42
c [matrix] Using 1 matrices recovered from 0 xors T: 0.00 T-out: N
c rst  geom ibes  vmt   652  245K    1409   29K   789    5.78    5.68   973   938 17583   104   21.69   21.58
c [full-probe]  bin_only: 0 set: 0 repl: 0 T: 0.00 T-out: N T-r: 97.14%
c rst  geom ibes  vmt   653  246K    1409   29K   789    5.78    5.68   975   945 19439   104   22.53   22.43
c [gauss] XOR-encoding clauses are not detached, so no need to reattach them.
c [g 0] truth-find prop checks  : 87K
c [g 0] -> of which prop        : 75.12 %
c [g 0] -> of which confl       :  1.19 %
c [g 0] elim called             : 1664
c [g 0] ---> which lead to prop : 107.09 %
c [g 0] ---> which lead to confl:  1.32 %
c [g 0] size: 57    x 475  
c [scc] new: 0 BP 0M T: 0.00
c [vrep] vars 0 lits 0 rem-bin-cls 0 rem-long-cls 0 BP 0M T: 0.00
c [intree] Set 0 vars hyper-added: 1 trans-irred: 0 trans-red: 0 T: 0.00 T-out: N T-r: 0.15%
c [find&init matx] performing matrix init
c [gauss] XOR-encoding clauses are not detached, so no need to reattach them.
c [xor-rem-unconnected] left with 849 xors from 850 non-empty xors T: 0.00
c [xor-together] xored together: 792 orig xors: 849 new xors: 57 T: 0.00
c [xor-rem-unconnected] left with 57 xors from 57 non-empty xors T: 0.00
c [xor-clean-equiv] removed equivalent xors: 0 left with: 57
c [matrix] unused xors from cleaning: 1
c [matrix] Good   matrix 0 57      x475    density:0.1251  xorlen avg: 59.42
c [matrix] Using 1 matrices recovered from 0 xors T: 0.00 T-out: N
c rst  geom ibes vmt  654   248 K 1409      29K   789 5.78    5.68      975   945   21K   105 22.90   22.81  
c rst  geom ibes vmt  655   251 K 1409      29K   789 5.78    5.68      982   934   23K   105 22.50   22.41  
c [branch] adjusting to: vsid (from: vmtf) var_decay:0.95 descr: VSIDS
c rst  geom svd  vs   656   251 K 1409      29K   789 5.78    5.68      982   935   23K   105 22.57   22.48  
c rst  geom svd  vs   657   251 K 1409      29K   789 5.78    5.68      983   935   23K   105 22.57   22.49  
c rst  geom svd  vs   658   251 K 1409      29K   789 5.78    5.68      984   935   24K   105 22.56   22.48  
c rst  geom svd  vs   659   251 K 1409      29K   789 5.78    5.68      985   935   24K   105 22.56   22.48  
c rst  geom svd  vs   660   251 K 1409      29K   789 5.78    5.68      985   935   24K   105 22.59   22.51  
c rst  geom svd  vs   661   252 K 1409      29K   789 5.78    5.68      985   935   24K   105 22.64   22.56  
c [distill-long-red0] cls tried: 53/53 T: 0.00 T-out: N T-r: 99.90%
c [distill-long-red1] cls tried: 93/699 T: 0.01 T-out: Y T-r: -2.03%
c rst  geom svd  vs   662   252 K 1409      29K   789 5.78    5.68      986   938   24K   105 22.76   22.67  
c rst  geom svd  vs   663   252 K 1409      29K   789 5.78    5.68      986   941   25K   105 22.82   22.74  
c rst  geom svd  vs   664   252 K 1409      29K   789 5.78    5.68      986   942   25K   105 22.87   22.79  
c rst  geom svd  vs   665   252 K 1409      29K   789 5.78    5.68      987   947   25K   105 22.99   22.91  
c rst  geom svd  vs   666   253 K 1409      29K   789 5.78    5.68      987   948   25K   105 23.18   23.10  
c rst  geom svd  vs   667   253 K 1409      29K   789 5.78    5.68      987   948   26K   105 23.32   23.24  
c rst  geom svd  vs   668   253 K 1409      29K   789 5.78    5.68      987   949   26K   105 23.48   23.41  
c rst  geom svd  vs   669   254 K 1409      29K   789 5.78    5.68      987   950   26K   105 23.58   23.51  
c rst  geom svd  vs   670   254 K 1409      29K   789 5.78    5.68      987   950   27K   105 23.78   23.70  
c rst  geom svd  vs   671   255 K 1409      29K   789 5.78    5.68      989   984   24K   105 24.12   24.04  
c rst  geom svd  vs   672   255 K 1409      29K   789 5.78    5.68      989   986   24K   105 24.24   24.15  
c rst  geom svd  vs   673   256 K 1409      29K   789 5.78    5.68      990   986   25K   105 24.31   24.22  
c [distill] watch-based irred--  cl tried 7678     cl-sh 0     cl-rem 0    lit-rem 0      T: 0.00 T-out: N
c [distill] watch-based red  --  cl tried 1980     cl-sh 4     cl-rem 0    lit-rem 5      T: 0.00 T-out: N
c rst  geom svd  vs   674   256 K 1409      29K   789 5.78    5.68      990   986   25K   105 24.38   24.30  
c rst  geom svd  vs   675   257 K 1409      29K   789 5.78    5.68      990   988   26K   105 24.47   24.38  
c rst  geom svd  vs   676   258 K 1409      29K   789 5.78    5.68      990   989   27K   105 24.77   24.69  
c [distill-bin] useful: 0/789/789 lits-rem: 0 cl-rem: 0 0-depth-assigns: 0 T: 0.00 T-out: N
c rst  geom svd  vs   677   258 K 1409      29K   789 5.78    5.68      991   990   27K   105 24.86   24.78  
c rst  geom best vs   678   259 K 1409      29K   789 5.78    5.68      991   990   28K   105 24.78   24.70  
c rst  geom best vs   679   260 K 1409      29K   789 5.78    5.68     1003   908   29K   105 24.61   24.54  
c rst  geom best vs   680   261 K 1409      29K   789 5.78    5.68     1005   918   30K   105 24.92   24.85  
c rst  geom best vs   681   263 K 1409      29K   789 5.78    5.68     1005   921   32K   105 25.09   25.02  
c rst  geom best vs   682   264 K 1409      29K   789 5.78    5.68     1005   921   33K   105 25.12   25.05  
c rst  geom best vs   683   265 K 1409      29K   789 5.78    5.68     1005   921   34K   105 25.22   25.16  
c [full-probe]  bin_only: 1 set: 0 repl: 0 T: 0.00 T-out: N T-r: 99.73%
c rst  geom best vs   684   267 K 1409      29K   789 5.78    5.68     1005   922   36K   105 25.25   25.18  
c [distill-long-red0] cls tried: 21/21 T: 0.00 T-out: N T-r: 99.97%
c [distill-long-red1] cls tried: 80/615 T: 0.01 T-out: Y T-r: -1.98%
c rst  geom stb  vs   685   268 K 1409      29K   789 5.78    5.68     1005   922   37K   105 25.03   24.97  
c [ccnr] tries: 0 steps: 262143 best found: 9
c [ccnr] saving best assignment phase to stable_polar
c [ccnr] bumping based on var unsat frequency: conflict_ct
c [ccnr] Bumped vars: 1409 bump type: 6
c [ccnr] time: 0.27
c rst  geom stb  vs   686   270 K 1409      29K   789 5.78    5.68     1020   597   33K   105 26.07   26.00  
c rst  geom stb  vs   687   272 K 1409      29K   789 5.78    5.68     1020   603   35K   105 27.19   27.12  
c rst  geom stb  vs   688   275 K 1409      29K   789 5.78    5.68     1020   603   37K   105 27.77   27.70  
c rst  geom ibes vs   689   277 K 1409      29K   789 5.78    5.68     1025   607   40K   105 27.87   27.80  
c rst  geom ibes vs   690   280 K 1409      29K   789 5.78    5.68     1045   603   42K   105 27.90   27.84  
c [distill-bin] useful: 0/789/789 lits-rem: 0 cl-rem: 0 0-depth-assigns: 0 T: 0.01 T-out: N
c rst  geom ibes vs   691   283 K 1409      29K   789 5.78    5.68     1045   612   45K   105 28.53   28.47  
c [branch] adjusting to: vmtf (from: vsid) var_decay:0.95 descr: VMTF
c [distill-long-red0] cls tried: 40/40 T: 0.00 T-out: N T-r: 99.92%
c [distill-long-red1] cls tried: 58/336 T: 0.01 T-out: Y T-r: -2.33%
c [distill] watch-based irred--  cl tried 7678     cl-sh 0     cl-rem 0    lit-rem 0      T: 0.00 T-out: N
c [distill] watch-based red  --  cl tried 2090     cl-sh 5     cl-rem 0    lit-rem 8      T: 0.00 T-out: N
c [impl-str] lit bin: 0 set-var: 0 T: 0.00 T-out: N T-r: 99.96% w-visit: 2818
c [impl-sub] bin: 0 T: 0.00 T-out: N w-visit: 2818
c rst  luby svd  vmt  692   283 K 1409      29K   789 5.78    5.68     1050   638   45K   106 28.53   28.47  
c rst  luby svd  vmt  693   283 K 1409      29K   789 5.78    5.68     1050   638   45K   106 28.56   28.50  
c rst  luby svd  vmt  694   283 K 1409      29K   789 5.78    5.68     1050   638   46K   106 28.54   28.49  
c rst  luby svd  vmt  695   283 K 1409      29K   789 5.78    5.68     1050   639   46K   106 28.55   28.50  
c rst  luby svd  vmt  696   283 K 1409      29K   789 5.78    5.68     1050   641   46K   106 28.56   28.50  
c rst  luby svd  vmt  697   284 K 1409      29K   789 5.78    5.68     1051   642   46K   106 28.58   28.52  
c rst  luby svd  vmt  698   284 K 1409      29K   789 5.78    5.68     1051   646   46K   106 28.56   28.50  
c rst  luby svd  vmt  699   284 K 1409      29K   789 5.78    5.68     1051   646   46K   106 28.55   28.50  
c rst  luby svd  vmt  700   284 K 1409      29K   789 5.78    5.68     1051   646   47K   106 28.54   28.48  
c rst  luby svd  vmt  701   284 K 1409      29K   789 5.78    5.68     1051   646   47K   106 28.52   28.46  
c rst  luby svd  vmt  702   285 K 1409      29K   789 5.78    5.68     1051   646   47K   106 28.52   28.46  
c rst  luby svd  vmt  703   285 K 1409      29K   789 5.78    5.68     1052   713   35K   106 29.24   29.16  
c rst  luby svd  vmt  704   285 K 1409      29K   789 5.78    5.68     1052   713   36K   106 29.27   29.20  
c rst  luby svd  vmt  705   285 K 1409      29K   789 5.78    5.68     1052   713   36K   106 29.25   29.17  
c [full-probe]  bin_only: 0 set: 0 repl: 0 T: 0.00 T-out: N T-r: 98.14%
c rst  luby svd  vmt  706   286 K 1409      29K   789 5.78    5.68     1054   724   37K   106 29.53   29.45  
c rst  luby svd  vmt  707   286 K 1409      29K   789 5.78    5.68     1054   725   37K   106 29.50   29.43  
c rst  luby svd  vmt  708   286 K 1409      29K   789 5.78    5.68     1054   726   37K   106 29.50   29.43  
c rst  luby svd  vmt  709   286 K 1409      29K   789 5.78    5.68     1055   729   37K   106 29.47   29.40  
c rst  luby svd  vmt  710   287 K 1409      29K   789 5.78    5.68     1055   730   37K   106 29.44   29.37  
c rst  luby svd  vmt  711   287 K 1409      29K   789 5.78    5.68     1055   732   37K   106 29.41   29.34  
c rst  luby svd  vmt  712   287 K 1409      29K   789 5.78    5.68     1055   736   38K   106 29.38   29.30  
c rst  luby svd  vmt  713   287 K 1409      29K   789 5.78    5.68     1057   740   38K   106 29.30   29.23  
c rst  luby svd  vmt  714   287 K 1409      29K   789 5.78    5.68     1057   743   38K   106 29.28   29.21  
c rst  luby svd  vmt  715   287 K 1409      29K   789 5.78    5.68     1057   745   38K   106 29.29   29.22  
c rst  luby svd  vmt  716   288 K 1409      29K   789 5.78    5.68     1057   745   38K   106 29.30   29.23  
c rst  luby svd  vmt  717   288 K 1409      29K   789 5.78    5.68     1058   750   38K   106 29.35   29.28  
c rst  luby svd  vmt  718   288 K 1409      29K   789 5.78    5.68     1058   750   39K   106 29.36   29.29  
c rst  luby svd  vmt  719   288 K 1409      29K   789 5.78    5.68     1058   752   39K   107 29.57   29.50  
c rst  luby svd  vmt  720   288 K 1409      29K   789 5.78    5.68     1058   754   39K   107 29.68   29.61  
c rst  luby svd  vmt  721   289 K 1409      29K   789 5.78    5.68     1058   756   40K   107 29.89   29.82  
c rst  luby svd  vmt  722   291 K 1409      29K   789 5.78    5.68     1100   711   42K   107 30.51   30.44  
c rst  geom best vmt  723   291 K 1409      29K   789 5.78    5.68     1100   711   42K   107 30.52   30.45  
c rst  geom best vmt  724   291 K 1409      29K   789 5.78    5.68     1100   711   42K   107 30.53   30.46  
c rst  geom best vmt  725   291 K 1409      29K   789 5.78    5.68     1100   712   42K   107 30.53   30.46  
c rst  geom best vmt  726   291 K 1409      29K   789 5.78    5.68     1100   712   42K   107 30.52   30.45  
c rst  geom best vmt  727   292 K 1409      29K   789 5.78    5.68     1100   714   42K   107 30.54   30.47  
c rst  geom best vmt  728   292 K 1409      29K   789 5.78    5.68     1100   714   42K   107 30.50   30.43  
c rst  geom best vmt  729   292 K 1409      29K   789 5.78    5.68     1100   716   43K   107 30.51   30.44  
c rst  geom best vmt  730   292 K 1409      29K   789 5.78    5.68     1100   716   43K   107 30.48   30.41  
c rst  geom best vmt  731   292 K 1409      29K   789 5.78    5.68     1100   722   43K   107 30.50   30.44  
c rst  geom best vmt  732   293 K 1409      29K   789 5.78    5.68     1100   722   43K   107 30.53   30.46  
c rst  geom best vmt  733   293 K 1409      29K   789 5.78    5.68     1100   727   44K   107 30.61   30.55  
c rst  geom best vmt  734   293 K 1409      29K   789 5.78    5.68     1100   734   44K   107 30.68   30.61  
c rst  geom best vmt  735   294 K 1409      29K   789 5.78    5.68     1100   737   44K   107 30.64   30.57  
c rst  geom best vmt  736   294 K 1409      29K   789 5.78    5.68     1100   741   45K   107 30.59   30.52  
c rst  geom best vmt  737   294 K 1409      29K   789 5.78    5.68     1101   752   45K   107 30.60   30.53  
c rst  geom best vmt  738   295 K 1409      29K   789 5.78    5.68     1101   760   45K   107 30.63   30.57  
c rst  geom best vmt  739   295 K 1409      29K   789 5.78    5.68     1101   761   46K   107 30.70   30.64  
c rst  geom best vmt  740   296 K 1409      29K   789 5.78    5.68     1102   766   46K   107 30.76   30.69  
c rst  geom best vmt  741   296 K 1409      29K   789 5.78    5.68     1102   773   47K   107 30.66   30.60  
c rst  geom best vmt  742   297 K 1409      29K   789 5.78    5.68     1102   782   48K   107 30.72   30.66  
c rst  geom best vmt  743   298 K 1409      29K   789 5.78    5.68     1102   794   48K   107 30.76   30.70  
c rst  geom best vmt  744   299 K 1409      29K   789 5.78    5.68     1104   828   49K   107 30.88   30.83  
c [distill-long-red0] cls tried: 64/64 T: 0.00 T-out: N T-r: 99.89%
c [distill-long-red1] cls tried: 54/497 T: 0.01 T-out: Y T-r: -2.70%
c rst  geom best vmt  745   299 K 1409      29K   789 5.78    5.68     1104   828   50K   107 30.91   30.85  
c rst  geom stb  vmt  746   300 K 1409      29K   789 5.78    5.68     1181   877   35K   107 32.06   31.98  
c [distill-bin] useful: 0/789/789 lits-rem: 0 cl-rem: 0 0-depth-assigns: 0 T: 0.00 T-out: N
c rst  geom stb  vmt  747   301 K 1409      29K   789 5.78    5.68     1181   878   36K   107 32.01   31.92  
c rst  geom stb  vmt  748   303 K 1409      29K   789 5.78    5.68     1182   882   37K   107 32.06   31.98  
c rst  geom stb  vmt  749   304 K 1409      29K   789 5.78    5.68     1182   900   39K   107 32.22   32.14  
c rst  geom stb  vmt  750   305 K 1409      29K   789 5.78    5.68     1182   908   40K   107 32.43   32.36  
c [full-probe]  bin_only: 1 set: 0 repl: 0 T: 0.00 T-out: N T-r: 99.80%
c rst  geom stb  vmt  751   307 K 1409      29K   789 5.78    5.68     1204  1134   41K   107 32.04   31.97  
c rst  geom stb  vmt  752   309 K 1409      29K   789 5.78    5.68     1205  1181   43K   107 31.99   31.92  
c [distill] watch-based irred--  cl tried 7678     cl-sh 0     cl-rem 0    lit-rem 0      T: 0.00 T-out: N
c [distill] watch-based red  --  cl tried 2410     cl-sh 22    cl-rem 0    lit-rem 31     T: 0.00 T-out: N
c rst  geom ibes vmt  753   310 K 1409      29K   789 5.78    5.68     1333  1037   45K   107 31.82   31.75  
c rst  geom ibes vmt  754   312 K 1409      29K   789 5.78    5.68     1333  1056   47K   107 31.16   31.09  
c [gauss] XOR-encoding clauses are not detached, so no need to reattach them.
c [g 0] truth-find prop checks  : 1813K
c [g 0] -> of which prop        : 62.45 %
c [g 0] -> of which confl       :  1.66 %
c [g 0] elim called             : 86K
c [g 0] ---> which lead to prop : 70.37 %
c [g 0] ---> which lead to confl:  1.30 %
c [g 0] size: 57    x 475  
c [scc] new: 0 BP 0M T: 0.00
c [vrep] vars 0 lits 0 rem-bin-cls 0 rem-long-cls 0 BP 0M T: 0.01
c [intree] Set 0 vars hyper-added: 0 trans-irred: 0 trans-red: 0 T: 0.00 T-out: N T-r: -1.30%
c [find&init matx] performing matrix init
c [gauss] XOR-encoding clauses are not detached, so no need to reattach them.
c [xor-rem-unconnected] left with 849 xors from 850 non-empty xors T: 0.00
c [xor-together] xored together: 792 orig xors: 849 new xors: 57 T: 0.00
c [xor-rem-unconnected] left with 57 xors from 57 non-empty xors T: 0.00
c [xor-clean-equiv] removed equivalent xors: 0 left with: 57
c [matrix] unused xors from cleaning: 1
c [matrix] Good   matrix 0 57      x475    density:0.1251  xorlen avg: 59.42
c [matrix] Using 1 matrices recovered from 0 xors T: 0.00 T-out: N
c [ccnr] tries: 0 steps: 262143 best found: 8
c [ccnr] saving best assignment phase to stable_polar
c [ccnr] bumping based on clause weights
c [ccnr] Bumped vars: 104 bump type: 6
c [ccnr] time: 0.26
c rst  geom ibes vmt  755   315 K 1409      29K   789 5.78    5.68     1406  1609   35K   107 30.17   30.09  
c [branch] adjusting to: vsid (from: vmtf) var_decay:0.95 descr: VSIDS
c [distill-long-red0] cls tried: 304/304 T: 0.02 T-out: N T-r: 99.36%
c [distill-long-red1] cls tried: 32/1259 T: 0.01 T-out: Y T-r: -4.26%
c rst  geom ibes vs   756   315 K 1409      29K   789 5.78    5.68     1406  1609   35K   107 30.16   30.08  
c rst  geom ibes vs   757   315 K 1409      29K   789 5.78    5.68     1407  1610   35K   107 30.15   30.07  
c rst  geom ibes vs   758   315 K 1409      29K   789 5.78    5.68     1407  1611   36K   107 30.17   30.10  
c rst  geom ibes vs   759   315 K 1409      29K   789 5.78    5.68     1407  1611   36K   107 30.18   30.10  
c rst  geom ibes vs   760   315 K 1409      29K   789 5.78    5.68     1408  1611   36K   107 30.18   30.10  
c rst  geom ibes vs   761   316 K 1409      29K   789 5.78    5.68     1409  1611   36K   107 30.13   30.05  
c rst  geom ibes vs   762   316 K 1409      29K   789 5.78    5.68     1409  1611   36K   107 30.12   30.04  
c rst  geom ibes vs   763   316 K 1409      29K   789 5.78    5.68     1409  1611   36K   107 30.08   30.00  
c rst  geom ibes vs   764   316 K 1409      29K   789 5.78    5.68     1409  1611   37K   107 30.00   29.93  
c rst  geom ibes vs   765   316 K 1409      29K   789 5.78    5.68     1409  1611   37K   107 29.91   29.83  
c rst  geom ibes vs   766   317 K 1409      29K   789 5.78    5.68     1409  1612   37K   107 29.85   29.77  
c rst  geom svd  vs   767   317 K 1409      29K   789 5.78    5.68     1409  1612   37K   107 29.93   29.85  
c rst  geom svd  vs   768   317 K 1409      29K   789 5.78    5.68     1409  1614   38K   107 30.03   29.95  
c rst  geom svd  vs   769   318 K 1409      29K   789 5.78    5.68     1409  1617   38K   107 30.18   30.11  
c rst  geom svd  vs   770   318 K 1409      29K   789 5.78    5.68     1409  1619   39K   107 30.35   30.28  
c rst  geom svd  vs   771   319 K 1409      29K   789 5.78    5.68     1409  1619   39K   107 30.39   30.32  
c rst  geom svd  vs   772   319 K 1409      29K   789 5.78    5.68     1409  1619   40K   107 30.37   30.30  
c rst  geom svd  vs   773   320 K 1409      29K   789 5.78    5.68     1467  1504   40K   107 30.42   30.35  
c rst  geom svd  vs   774   320 K 1409      29K   789 5.78    5.68     1467  1504   41K   107 30.57   30.50  
c rst  geom svd  vs   775   321 K 1409      29K   789 5.78    5.68     1467  1505   41K   107 30.77   30.70  
c [distill-bin] useful: 0/789/789 lits-rem: 0 cl-rem: 0 0-depth-assigns: 0 T: 0.00 T-out: N
c rst  geom svd  vs   776   322 K 1409      29K   789 5.78    5.68     1467  1507   42K   107 30.79   30.72  
c rst  geom svd  vs   777   322 K 1409      29K   789 5.78    5.68     1467  1507   43K   107 30.82   30.75  
c rst  geom svd  vs   778   323 K 1409      29K   789 5.78    5.68     1467  1508   44K   107 31.00   30.93  
c rst  geom svd  vs   779   324 K 1409      29K   789 5.78    5.68     1467  1508   45K   107 31.09   31.03  
c rst  geom svd  vs   780   325 K 1409      29K   789 5.78    5.68     1467  1508   46K   107 31.04   30.98  
c [full-probe]  bin_only: 0 set: 0 repl: 0 T: 0.01 T-out: N T-r: 97.77%
c rst  geom best vs   781   326 K 1409      29K   789 5.78    5.68     1467  1513   47K   107 31.02   30.96  
c rst  geom best vs   782   328 K 1409      29K   789 5.78    5.68     1467  1517   48K   107 31.03   30.97  
c rst  geom best vs   783   329 K 1409      29K   789 5.78    5.68     1467  1520   50K   107 30.90   30.85  
c rst  geom best vs   784   331 K 1409      29K   789 5.78    5.68     1487  1569   37K   107 29.24   29.17  
c [distill-long-red0] cls tried: 81/81 T: 0.00 T-out: N T-r: 99.84%
c [distill-long-red1] cls tried: 32/1222 T: 0.01 T-out: Y T-r: -3.03%
c rst  geom best vs   785   332 K 1409      29K   789 5.78    5.68     1487  1570   38K   107 29.10   29.04  
c rst  geom best vs   786   334 K 1409      29K   789 5.78    5.68     1512  1734   40K   107 29.19   29.13  
c [distill] watch-based irred--  cl tried 7678     cl-sh 0     cl-rem 0    lit-rem 0      T: 0.01 T-out: N
c [distill] watch-based red  --  cl tried 3024     cl-sh 7     cl-rem 0    lit-rem 9      T: 0.00 T-out: N
c rst  geom stb  vs   787   336 K 1409      29K   789 5.78    5.68     1514  1749   42K   107 28.74   28.68  
c rst  geom stb  vs   788   339 K 1409      29K   789 5.78    5.68     1514  1770   44K   107 28.44   28.38  
c rst  geom stb  vs   789   341 K 1409      29K   789 5.78    5.68     1653  1628   47K   107 27.88   27.82  
c [distill-bin] useful: 0/789/789 lits-rem: 0 cl-rem: 0 0-depth-assigns: 0 T: 0.00 T-out: N
c rst  geom stb  vs   790   344 K 1409      29K   789 5.78    5.68     1656  1675   49K   107 27.47   27.42  
c [impl-str] lit bin: 0 set-var: 0 T: 0.00 T-out: N T-r: 99.95% w-visit: 2818
c [impl-sub] bin: 2 T: 0.00 T-out: N w-visit: 2818
c rst  geom ibes vs   791   347 K 1409      29K   789 5.78    5.68     1713  2021   38K   105 24.84   24.79  
c [distill-long-red0] cls tried: 228/228 T: 0.02 T-out: N T-r: 99.11%
c [distill-long-red1] cls tried: 37/1653 T: 0.01 T-out: Y T-r: -3.51%
c [full-probe]  bin_only: 1 set: 0 repl: 0 T: 0.00 T-out: N T-r: 99.87%
c rst  geom ibes vs   792   350 K 1409      29K   789 5.78    5.68     1779  1952   42K   105 24.40   24.35  
c rst  geom ibes vs   793   354 K 1409      29K   789 5.78    5.68     1780  1970   45K   105 26.02   25.97  
c [branch] adjusting to: vmtf (from: vsid) var_decay:0.95 descr: VMTF
c rst  luby svd  vmt  794   354 K 1409      29K   789 5.78    5.68     1780  1970   45K   105 26.00   25.95  
c rst  luby svd  vmt  795   354 K 1409      29K   789 5.78    5.68     1780  1970   46K   105 25.99   25.94  
c rst  luby svd  vmt  796   354 K 1409      29K   789 5.78    5.68     1780  1970   46K   105 25.95   25.90  
c rst  luby svd  vmt  797   354 K 1409      29K   789 5.78    5.68     1780  1970   46K   105 25.94   25.89  
c rst  luby svd  vmt  798   354 K 1409      29K   789 5.78    5.68     1780  1970   46K   105 25.94   25.89  
c rst  luby svd  vmt  799   354 K 1409      29K   789 5.78    5.68     1782  1981   46K   105 25.91   25.86  
c rst  luby svd  vmt  800   355 K 1409      29K   789 5.78    5.68     1783  1984   47K   105 25.90   25.85  
c rst  luby svd  vmt  801   355 K 1409      29K   789 5.78    5.68     1783  1984   47K   105 25.95   25.90  
c rst  luby svd  vmt  802   355 K 1409      29K   789 5.78    5.68     1783  1985   47K   105 25.95   25.90  
c rst  luby svd  vmt  803   355 K 1409      29K   789 5.78    5.68     1783  1996   47K   105 25.94   25.89  
c rst  luby svd  vmt  804   355 K 1409      29K   789 5.78    5.68     1783  1997   47K   105 26.00   25.95  
c rst  luby svd  vmt  805   356 K 1409      29K   789 5.78    5.68     1783  1997   47K   105 26.05   26.00  
c rst  luby svd  vmt  806   356 K 1409      29K   789 5.78    5.68     1783  1997   47K   105 26.12   26.07  
c rst  luby svd  vmt  807   356 K 1409      29K   789 5.78    5.68     1783  1999   48K   105 26.12   26.07  
c rst  luby svd  vmt  808   357 K 1409      29K   789 5.78    5.68     1783  1999   49K   105 26.22   26.17  
c [ccnr] saving best assignment phase to stable_polar
c [ccnr] bumping based on var unsat frequency: conflict_ct
c [ccnr] Bumped vars: 1409 bump type: 6
c [ccnr] time: 0.26
c rst  luby svd  vmt  809   357 K 1409      29K   789 5.78    5.68     1788  2014   49K   108 26.25   26.20  
c rst  luby svd  vmt  810   357 K 1409      29K   789 5.78    5.68     1788  2015   49K   108 26.29   26.24  
c rst  luby svd  vmt  811   357 K 1409      29K   789 5.78    5.68     1788  2015   49K   108 26.37   26.33  
c rst  luby svd  vmt  812   357 K 1409      29K   789 5.78    5.68     1788  2016   49K   108 26.42   26.37  
c rst  luby svd  vmt  813   358 K 1409      29K   789 5.78    5.68     1788  2016   49K   108 26.45   26.40  
c rst  luby svd  vmt  814   358 K 1409      29K   789 5.78    5.68     1788  2016   49K   108 26.51   26.46  
c rst  luby svd  vmt  815   358 K 1409      29K   789 5.78    5.68     1788  2016   50K   108 26.71   26.66  
c rst  luby svd  vmt  816   358 K 1409      29K   789 5.78    5.68     1788  2016   50K   108 26.75   26.70  
c rst  luby svd  vmt  817   358 K 1409      29K   789 5.78    5.68     1788  2016   50K   108 26.78   26.73  
c rst  luby svd  vmt  818   359 K 1409      29K   789 5.78    5.68     1788  2019   50K   108 26.81   26.76  
c rst  luby svd  vmt  819   359 K 1409      29K   789 5.78    5.68     1788  2019   50K   108 26.84   26.79  
c rst  luby svd  vmt  820   359 K 1409      29K   789 5.78    5.68     1788  2019   50K   108 26.87   26.82  
c rst  luby svd  vmt  821   359 K 1409      29K   789 5.78    5.68     1788  2019   51K   108 26.88   26.84  
c rst  luby svd  vmt  822   359 K 1409      29K   789 5.78    5.68     1788  2019   51K   108 26.94   26.89  
c [distill] watch-based irred--  cl tried 7678     cl-sh 0     cl-rem 0    lit-rem 0      T: 0.02 T-out: N
c [distill] watch-based red  --  cl tried 3576     cl-sh 14    cl-rem 0    lit-rem 18     T: 0.00 T-out: N
c rst  luby svd  vmt  823   360 K 1409      29K   789 5.78    5.68     1858  2152   36K   108 25.84   25.78  
c rst  luby svd  vmt  824   362 K 1409      29K   789 5.78    5.68     1874  2391   37K   108 25.58   25.52  
c [distill-bin] useful: 0/789/789 lits-rem: 0 cl-rem: 0 0-depth-assigns: 0 T: 0.00 T-out: N
c rst  luby svd  vmt  825   362 K 1409      29K   789 5.78    5.68     1874  2393   37K   108 25.58   25.52  
c [distill-long-red0] cls tried: 163/163 T: 0.01 T-out: N T-r: 99.46%
c [distill-long-red1] cls tried: 28/2033 T: 0.01 T-out: Y T-r: -3.11%
c rst  luby svd  vmt  826   362 K 1409      29K   789 5.78    5.68     1875  2401   37K   108 25.54   25.48  
c rst  luby svd  vmt  827   362 K 1409      29K   789 5.78    5.68     1875  2405   38K   108 25.49   25.43  
c rst  luby svd  vmt  828   362 K 1409      29K   789 5.78    5.68     1876  2413   38K   108 25.49   25.43  
c rst  luby svd  vmt  829   362 K 1409      29K   789 5.78    5.68     1876  2414   38K   108 25.48   25.42  
c rst  geom best vmt  830   362 K 1409      29K   789 5.78    5.68     1876  2414   38K   108 25.54   25.48  
c rst  geom best vmt  831   363 K 1409      29K   789 5.78    5.68     1876  2416   38K   108 25.56   25.50  
c rst  geom best vmt  832   363 K 1409      29K   789 5.78    5.68     1876  2419   38K   108 25.56   25.50  
c rst  geom best vmt  833   363 K 1409      29K   789 5.78    5.68     1876  2422   38K   108 25.63   25.57  
c rst  geom best vmt  834   363 K 1409      29K   789 5.78    5.68     1876  2431   38K   108 25.60   25.55  
c rst  geom best vmt  835   363 K 1409      29K   789 5.78    5.68     1876  2435   39K   108 25.63   25.57  
c rst  geom best vmt  836   363 K 1409      29K   789 5.78    5.68     1877  2444   39K   108 25.60   25.54  
c rst  geom best vmt  837   364 K 1409      29K   789 5.78    5.68     1877  2451   39K   108 25.56   25.50  
c rst  geom best vmt  838   364 K 1409      29K   789 5.78    5.68     1877  2455   39K   108 25.53   25.47  
c rst  geom best vmt  839   364 K 1409      29K   789 5.78    5.68     1877  2455   39K   108 25.82   25.76  
c rst  geom best vmt  840   364 K 1409      29K   789 5.78    5.68     1877  2455   40K   108 25.83   25.78  
c rst  geom best vmt  841   365 K 1409      29K   789 5.78    5.68     1877  2455   40K   108 25.94   25.88  
c rst  geom best vmt  842   365 K 1409      29K   789 5.78    5.68     1881  2487   40K   109 25.91   25.86  
c rst  geom best vmt  843   365 K 1409      29K   789 5.78    5.68     1881  2512   41K   109 25.86   25.80  
c rst  geom best vmt  844   366 K 1409      29K   789 5.78    5.68     1882  2514   41K   109 25.86   25.80  
c rst  geom best vmt  845   366 K 1409      29K   789 5.78    5.68     1882  2515   42K   109 25.90   25.84  
c rst  geom best vmt  846   367 K 1409      29K   789 5.78    5.68     1882  2515   42K   109 25.92   25.86  
c rst  geom best vmt  847   367 K 1409      29K   789 5.78    5.68     1882  2515   43K   109 25.88   25.82  
c [full-probe]  bin_only: 0 set: 1 repl: 0 T: 0.00 T-out: N T-r: 98.17%
c rst  geom best vmt  848   368 K 1408      29K   789 5.78    5.68     1882  2518   43K   110 26.00   25.95  
c rst  geom best vmt  849   369 K 1408      29K   789 5.78    5.68     1882  2518   44K   110 25.91   25.86  
c rst  geom best vmt  850   369 K 1408      29K   789 5.78    5.68     1882  2518   45K   110 25.86   25.80  
c rst  geom best vmt  851   370 K 1408      29K   789 5.78    5.68     2092  2163   46K   110 25.80   25.75  
c rst  geom best vmt  852   371 K 1408      29K   789 5.78    5.68     2092  2163   46K   110 25.89   25.83  
c rst  geom best vmt  853   372 K 1408      29K   789 5.78    5.68     2092  2164   47K   110 25.95   25.90  
c rst  geom stb  vmt  854   373 K 1408      29K   789 5.78    5.68     2092  2168   48K   110 26.10   26.05  
c rst  geom stb  vmt  855   374 K 1408      29K   789 5.78    5.68     2093  2178   50K   110 26.42   26.37  
c rst  geom stb  vmt  856   375 K 1408      29K   789 5.78    5.68     2142  2547   37K   110 26.09   26.02  
c rst  geom stb  vmt  857   377 K 1408      29K   789 5.78    5.68     2142  2547   38K   110 25.91   25.85  
c rst  geom stb  vmt  858   378 K 1408      29K   789 5.78    5.68     2147  2558   40K   110 26.27   26.21  
c [distill-long-red0] cls tried: 271/271 T: 0.03 T-out: N T-r: 98.83%
c [distill-long-red1] cls tried: 31/2207 T: 0.01 T-out: Y T-r: -6.12%
c [gauss] XOR-encoding clauses are not detached, so no need to reattach them.
c [g 0] truth-find prop checks  : 2332K
c [g 0] -> of which prop        : 42.60 %
c [g 0] -> of which confl       :  1.49 %
c [g 0] elim called             : 212K
c [g 0] ---> which lead to prop : 36.13 %
c [g 0] ---> which lead to confl:  0.72 %
c [g 0] size: 57    x 475  
c [scc] new: 0 BP 0M T: 0.00
c [vrep] vars 0 lits 0 rem-bin-cls 0 rem-long-cls 0 BP 0M T: 0.00
c [intree] Set 0 vars hyper-added: 4 trans-irred: 0 trans-red: 1 T: 0.00 T-out: N T-r: -1.98%
c [find&init matx] performing matrix init
c [gauss] XOR-encoding clauses are not detached, so no need to reattach them.
c [xor-rem-unconnected] left with 849 xors from 850 non-empty xors T: 0.00
c [xor-together] xored together: 792 orig xors: 849 new xors: 57 T: 0.00
c [xor-rem-unconnected] left with 57 xors from 57 non-empty xors T: 0.00
c [xor-clean-equiv] removed equivalent xors: 0 left with: 57
c [matrix] unused xors from cleaning: 1
c [matrix] Good   matrix 0 57      x474    density:0.1249  xorlen avg: 59.21
c [matrix] Using 1 matrices recovered from 0 xors T: 0.00 T-out: N
c rst  geom stb  vmt  859   380 K 1408      29K   788 5.77    5.68     2174  2321   42K   109 26.82   26.76  
c rst  geom stb  vmt  860   382 K 1408      29K   788 5.77    5.68     2196  2521   43K   109 26.94   26.88  
c [distill-bin] useful: 0/788/788 lits-rem: 0 cl-rem: 0 0-depth-assigns: 0 T: 0.01 T-out: N
c rst  geom ibes vmt  861   384 K 1408      29K   788 5.77    5.68     2196  2562   46K   109 26.43   26.38  
c rst  geom ibes vmt  862   386 K 1408      29K   788 5.77    5.68     2196  2581   48K   109 25.99   25.94  
c [distill] watch-based irred--  cl tried 7676     cl-sh 0     cl-rem 0    lit-rem 0      T: 0.01 T-out: N
c [distill] watch-based red  --  cl tried 4389     cl-sh 28    cl-rem 3    lit-rem 33     T: 0.01 T-out: N
c rst  geom ibes vmt  863   389 K 1408      29K   788 5.77    5.68     2196  2609   50K   109 25.80   25.76  
c [full-probe]  bin_only: 1 set: 0 repl: 0 T: 0.00 T-out: N T-r: 99.78%
c rst  geom ibes vmt  864   391 K 1408      29K   788 5.77    5.68     2519  2508   38K   109 26.96   26.90  
c rst  geom svd  vmt  865   394 K 1408      29K   788 5.77    5.68     2528  2567   41K   109 26.33   26.28  
c [branch] adjusting to: vsid (from: vmtf) var_decay:0.95 descr: VSIDS
c [distill-long-red0] cls tried: 397/397 T: 0.04 T-out: N T-r: 98.62%
c [distill-long-red1] cls tried: 23/2290 T: 0.02 T-out: Y T-r: -12.50%
c rst  geom svd  vs   866   395 K 1408      29K   788 5.77    5.68     2529  2567   41K   109 26.33   26.28  
c rst  geom svd  vs   867   395 K 1408      29K   788 5.77    5.68     2529  2568   41K   109 26.37   26.31  
c rst  geom svd  vs   868   395 K 1408      29K   788 5.77    5.68     2529  2569   41K   109 26.38   26.33  
c rst  geom svd  vs   869   395 K 1408      29K   788 5.77    5.68     2529  2569   42K   109 26.36   26.31  
c rst  geom svd  vs   870   395 K 1408      29K   788 5.77    5.68     2529  2569   42K   109 26.36   26.31  
c rst  geom svd  vs   871   395 K 1408      29K   788 5.77    5.68     2529  2570   42K   109 26.35   26.30  
c rst  geom svd  vs   872   395 K 1408      29K   788 5.77    5.68     2529  2570   42K   109 26.36   26.30  
c rst  geom svd  vs   873   396 K 1408      29K   788 5.77    5.68     2529  2570   42K   109 26.35   26.29  
c rst  geom svd  vs   874   396 K 1408      29K   788 5.77    5.68     2529  2570   43K   109 26.35   26.30  
c rst  geom svd  vs   875   396 K 1408      29K   788 5.77    5.68     2529  2570   43K   109 26.44   26.38  
c rst  geom svd  vs   876   396 K 1408      29K   788 5.77    5.68     2529  2570   43K   109 26.46   26.41  
c rst  geom svd  vs   877   397 K 1408      29K   788 5.77    5.68     2529  2570   43K   109 26.52   26.47  
c rst  geom svd  vs   878   397 K 1408      29K   788 5.77    5.68     2529  2570   44K   109 26.47   26.42  
c rst  geom svd  vs   879   397 K 1408      29K   788 5.77    5.68     2529  2575   44K   109 26.49   26.44  
c recursive minimization cost OK: 739Kcost/(% lits removed)
c [gauss] XOR-encoding clauses are not detached, so no need to reattach them.
c [g 0] truth-find prop checks  : 820K
c [g 0] -> of which prop        : 28.12 %
c [g 0] -> of which confl       :  1.25 %
c [g 0] elim called             : 96K
c [g 0] ---> which lead to prop : 25.51 %
c [g 0] ---> which lead to confl:  0.63 %
c [g 0] size: 57    x 474  
c --> Executing strategy token: scc-vrepl
c [scc] new: 0 BP 0M T: 0.00
c --> Executing strategy token: sub-impl
c [impl-sub] bin: 3 T: 0.00 T-out: N w-visit: 2818
c --> Executing strategy token: breakid
c --> Executing OCC strategy token(s): 'occ-backw-sub-str,occ-clean-implicit,occ-bve,occ-bva,occ-ternary-res,occ-xor,'
c [occ] mem usage for occur 2      MB
c [occ] Linked in IRRED BIN by default: 788
c [occ] Linked in RED   BIN by default: 106
c [occ] mem usage for occur 0      MB
c Mem for watch alloc      : 11          MB (24.68     %)
c Mem for watch array      : 0           MB (0.13      %)
c --> Executing OCC strategy token: occ-backw-sub-str
c [occ-backw-sub-str-long-w-bins] subs: 0 str: 2 tried: 9806 0-depth ass: 0 T: 0.00 T-out: N T-r: 99.21%
c [occ-backw-sub-long-w-long] rem cl: 263 tried: 78768/78768 (100.0%) T: 0.02 T-out: N T-r: 85.47%
c [occ-backw-sub-str-long-w-long] sub: 8 str: 64 tried: 236304/78768 (300.0)  T: 0.15 T-out: N T-r: 67.37%
c --> Executing OCC strategy token: occ-clean-implicit
c --> Executing OCC strategy token: occ-bve
c [occ-empty-res] Empty resolvent elimed: 0 T: 0.00 T-out: N
c [occ-bve] iter v-elim 0
c cl_inc_rate=1.0, var_dec_rate=1.0 (grow=0)
c Reduced to 1408 vars, 29938 cls (grow=0)
c [occ-bve] iter v-elim 0
c cl_inc_rate=1.0, var_dec_rate=1.0 (grow=8)
c Reduced to 1408 vars, 29938 cls (grow=8)
c [occ-bve] iter v-elim 0
c cl_inc_rate=1.0, var_dec_rate=1.0 (grow=16)
c Reduced to 1408 vars, 29938 cls (grow=16)
c x n vars       : 1408
c #try to eliminate:  4224
c #var-elim        :     0
c #T-o: N
c #T-r: 99.99%
c #T  : 0.20
c [occur] 0.02 is overhead
c [occur] link-in T: 0.02 cleanup T: 0.00
c --> Executing OCC strategy token: occ-bva
c --> Executing OCC strategy token: occ-ternary-res
c [occ-ternary-res] Ternary res-tri: 51 res-bin: 0 sub: 2 str: 0 T: 0.00 T-out: N T-r: 99.69%
c --> Executing OCC strategy token: occ-xor
c [occ-xor] sort occur list T: 0.00
c [xor-clean-equiv] removed equivalent xors: 0 left with: 827
c [occ-xor] found    827 avg sz 5.8 min sz  4 max sz  6 T: 0.00 T-out: N T-r: 99.98%
c --> Executing strategy token: card-find
c --> Executing strategy token: cl-consolidate
c Not consolidating memory.
c --> Executing strategy token: scc-vrepl
c [scc] new: 0 BP 0M T: 0.00
c --> Executing strategy token: renumber
c --> Executing strategy token: bosphorus
c --> Executing strategy token: louvain-comms
c [consolidate] mini T: 0.00
c global_timeout_multiplier: 4.3923
c [branch] rebuilding order heap for all branchings. Current branching: vsid
c [find&init matx] performing matrix init
c [gauss] XOR-encoding clauses are not detached, so no need to reattach them.
c [xor-rem-unconnected] left with 826 xors from 827 non-empty xors T: 0.00
c [xor-together] xored together: 759 orig xors: 826 new xors: 67 T: 0.00
c [xor-rem-unconnected] left with 67 xors from 67 non-empty xors T: 0.00
c [xor-clean-equiv] removed equivalent xors: 0 left with: 67
c [matrix] unused xors from cleaning: 1
c [matrix] Good   matrix  0     67 x  496  density:0.0996  xorlen avg: 49.42
c [matrix] Using 1 matrices recovered from 0 xors T: 0.00 T-out: N
c rst  geom  svd   vs   880  397K    1408   29K   788    5.77    5.68  2482  2689   44K   106   26.64   26.59
c rst  geom  svd   vs   881  398K    1408   29K   788    5.77    5.68  2482  2695   44K   106   26.84   26.78
c rst  geom  svd   vs   882  398K    1408   29K   788    5.77    5.68  2482  2696   45K   106   27.02   26.97
c rst  geom  svd   vs   883  399K    1408   29K   788    5.77    5.68  2482  2701   45K   106   27.16   27.10
c rst  geom  svd   vs   884  399K    1408   29K   788    5.77    5.68  2482  2712   46K   106   27.32   27.27
c rst  geom  svd   vs   885  400K    1408   29K   788    5.77    5.68  2497  2662   46K   106   27.59   27.54
c rst  geom  svd   vs   886  401K    1408   29K   788    5.77    5.68  2497  2662   47K   106   27.65   27.60
c rst  geom best   vs   887  401K    1408   29K   788    5.77    5.68  2498  2665   48K   106   27.77   27.72
c [ccnr] tries: 0 steps: 262143 best found: 6
c [ccnr] saving best assignment phase to stable_polar
c [ccnr] bumping based on var unsat frequency: conflict_ct
c [ccnr] Bumped vars: 1409 bump type: 6
c [ccnr] time: 0.26
c rst  geom best   vs   888  402K    1408   29K   788    5.77    5.68  2498  2673   49K   106   27.83   27.78
c [distill-bin] useful: 0/788/788 lits-rem: 0 cl-rem: 0 0-depth-assigns: 0 T: 0.01 T-out: N
c rst  geom best   vs   889  403K    1408   29K   788    5.77    5.68  2498  2679   49K   106   27.94   27.89
c rst  geom best   vs   890  404K    1408   29K   788    5.77    5.68  2498  2681   50K   106   27.96   27.91
c [impl-str] lit bin: 0 set-var: 0 T: 0.00 T-out: N T-r: 99.96% w-visit: 2818
c [impl-sub] bin: 0 T: 0.00 T-out: N w-visit: 2818
c rst  geom best   vs   891  405K    1408   29K   788    5.77    5.68  2510  2725   36K   106   26.47   26.41
c rst  geom best   vs   892  406K    1408   29K   788    5.77    5.68  2510  2730   37K   106   26.69   26.63
c rst  geom best   vs   893  407K    1408   29K   788    5.77    5.68  2510  2730   39K   106   26.71   26.65
c rst  geom best   vs   894  409K    1408   29K   788    5.77    5.68  2512  2738   40K   106   26.75   26.70
c [full-probe]  bin_only: 0 set: 0 repl: 0 T: 0.01 T-out: N T-r: 97.53%
c rst  geom best   vs   895  410K    1408   29K   788    5.77    5.68  2548  2585   42K   106   26.96   26.90
c [distill-long-red0] cls tried: 160/160 T: 0.01 T-out: N T-r: 99.52%
c [distill-long-red1] cls tried: 28/2390 T: 0.01 T-out: Y T-r: -4.97%
c rst  geom  stb   vs   896  412K    1408   29K   788    5.77    5.68  2549  2607   43K   106   27.75   27.70
c [distill] watch-based irred--  cl tried     8916 cl-sh    16 cl-rem    8 lit-rem     16 T: 0.01 T-out: N
c [distill] watch-based   red--  cl tried     5098 cl-sh    10 cl-rem    0 lit-rem     11 T: 0.00 T-out: N
c rst  geom  stb   vs   897  414K    1408   29K   789    5.77    5.67  2550  2625   45K   105   28.34   28.29
c rst  geom  stb   vs   898  416K    1408   29K   789    5.77    5.67  2553  2639   47K   105   28.78   28.73
c rst  geom  stb   vs   899  418K    1408   29K   789    5.77    5.67  2553  2657   50K   105   29.30   29.25
c rst  geom  stb   vs   900  421K    1408   29K   789    5.77    5.67  2634  2646   38K   105   29.09   29.02
c rst  geom ibes   vs   901  423K    1408   29K   789    5.77    5.67  2638  2810   41K   105   28.67   28.61
c [distill-bin] useful: 1/789/789 lits-rem: 0 cl-rem: 1 0-depth-assigns: 0 T: 0.00 T-out: N
c rst  geom ibes   vs   902  426K    1408   29K   788    5.77    5.67  2638  2850   44K   105   27.93   27.88
c [distill-long-red0] cls tried: 100/100 T: 0.00 T-out: N T-r: 99.84%
c [distill-long-red1] cls tried: 27/2647 T: 0.01 T-out: Y T-r: -4.38%
c rst  geom ibes   vs   903  430K    1408   29K   788    5.77    5.67  2811  2586   47K   105   27.45   27.40
c [full-probe]  bin_only: 1 set: 0 repl: 0 T: 0.00 T-out: N T-r: 99.69%
c rst  geom ibes   vs   904  433K    1408   29K   788    5.77    5.67  2811  2621   51K   105   26.79   26.74
c rst  geom  svd   vs   905  437K    1408   29K   788    5.77    5.67  2842  3226   40K   105   27.76   27.70
c [branch] adjusting to: vmtf (from: vsid) var_decay:0.95 descr: VMTF
c [distill] watch-based irred--  cl tried     8908 cl-sh     0 cl-rem    0 lit-rem      0 T: 0.00 T-out: N
c [distill] watch-based   red--  cl tried     5684 cl-sh    26 cl-rem    0 lit-rem     31 T: 0.01 T-out: N
c rst  luby  svd  vmt   906  437K    1408   29K   788    5.77    5.67  2844  3238   40K   105   27.79   27.73
c rst  luby  svd  vmt   907  438K    1408   29K   788    5.77    5.67  2844  3240   40K   105   27.85   27.80
c rst  luby  svd  vmt   908  438K    1408   29K   788    5.77    5.67  2844  3241   40K   105   27.86   27.80
c rst  luby  svd  vmt   909  438K    1408   29K   788    5.77    5.67  2844  3241   41K   105   27.91   27.86
c rst  luby  svd  vmt   910  438K    1408   29K   788    5.77    5.67  2844  3241   41K   105   27.95   27.89
c rst  luby  svd  vmt   911  438K    1408   29K   788    5.77    5.67  2845  3241   41K   105   27.96   27.90
c rst  luby  svd  vmt   912  439K    1408   29K   788    5.77    5.67  2845  3251   41K   105   28.06   28.00
c rst  luby  svd  vmt   913  439K    1408   29K   788    5.77    5.67  2845  3251   41K   105   28.06   28.00
c rst  luby  svd  vmt   914  439K    1408   29K   788    5.77    5.67  2845  3251   41K   105   28.08   28.03
c rst  luby  svd  vmt   915  439K    1408   29K   788    5.77    5.67  2845  3251   42K   105   28.16   28.10
c rst  luby  svd  vmt   916  439K    1408   29K   788    5.77    5.67  2845  3254   42K   105   28.17   28.11
c rst  luby  svd  vmt   917  439K    1408   29K   788    5.77    5.67  2845  3262   42K   105   28.15   28.10
c rst  luby  svd  vmt   918  439K    1408   29K   788    5.77    5.67  2845  3262   42K   105   28.12   28.06
c rst  luby  svd  vmt   919  440K    1408   29K   788    5.77    5.67  2934  2818   43K   105   28.08   28.02
c rst  luby  svd  vmt   920  441K    1408   29K   788    5.77    5.67  2934  2827   44K   105   28.05   27.99
c rst  luby  svd  vmt   921  441K    1408   29K   788    5.77    5.67  2934  2827   44K   105   28.03   27.98
c rst  luby  svd  vmt   922  441K    1408   29K   788    5.77    5.67  2934  2827   44K   105   28.02   27.97
c rst  luby  svd  vmt   923  441K    1408   29K   788    5.77    5.67  2934  2830   44K   105   28.01   27.96
c rst  luby  svd  vmt   924  441K    1408   29K   788    5.77    5.67  2934  2831   44K   105   28.00   27.95
c rst  luby  svd  vmt   925  441K    1408   29K   788    5.77    5.67  2934  2831   44K   105   27.98   27.93
c rst  luby  svd  vmt   926  441K    1408   29K   788    5.77    5.67  2936  2840   44K   105   28.01   27.96
c rst  luby  svd  vmt   927  442K    1408   29K   788    5.77    5.67  2936  2841   45K   105   28.02   27.96
c [distill-long-red0] cls tried: 300/300 T: 0.03 T-out: N T-r: 98.98%
c [distill-long-red1] cls tried: 31/2652 T: 0.02 T-out: Y T-r: -6.49%
c rst  luby  svd  vmt   928  442K    1408   29K   788    5.77    5.67  2937  2858   45K   105   27.98   27.92
c rst  luby  svd  vmt   929  442K    1408   29K   788    5.77    5.67  2937  2858   45K   105   27.99   27.94
c rst  luby  svd  vmt   930  442K    1408   29K   788    5.77    5.67  2937  2860   45K   105   27.97   27.92
c rst  luby  svd  vmt   931  442K    1408   29K   788    5.77    5.67  2937  2863   45K   105   27.97   27.92
c rst  luby  svd  vmt   932  442K    1408   29K   788    5.77    5.67  2937  2864   45K   105   27.96   27.91
c rst  luby  svd  vmt   933  443K    1408   29K   788    5.77    5.67  2937  2864   46K   105   27.98   27.93
c rst  luby  svd  vmt   934  443K    1408   29K   788    5.77    5.67  2937  2864   46K   105   27.93   27.88
c rst  geom best  vmt   935  443K    1408   29K   788    5.77    5.67  2937  2865   46K   105   27.92   27.86
c rst  geom best  vmt   936  443K    1408   29K   788    5.77    5.67  2937  2865   46K   105   27.91   27.86
c rst  geom best  vmt   937  443K    1408   29K   788    5.77    5.67  2937  2869   46K   105   27.89   27.84
c [gauss] XOR-encoding clauses are not detached, so no need to reattach them.
c [g 0] truth-find prop checks  : 1978K
c [g 0] -> of which prop        : 41.04 %
c [g 0] -> of which confl       :  1.30 %
c [g 0] elim called             : 157K
c [g 0] ---> which lead to prop : 41.21 %
c [g 0] ---> which lead to confl:  0.80 %
c [g 0] size: 67    x 496  
c [scc] new: 0 BP 0M T: 0.00
c [vrep] vars 0 lits 0 rem-bin-cls 0 rem-long-cls 0 BP 0M T: 0.00
c [intree] Set 0 vars hyper-added: 3 trans-irred: 0 trans-red: 1 T: 0.01 T-out: N T-r: -1.05%
c [find&init matx] performing matrix init
c [gauss] XOR-encoding clauses are not detached, so no need to reattach them.
c [xor-rem-unconnected] left with 826 xors from 827 non-empty xors T: 0.00
c [xor-together] xored together: 759 orig xors: 826 new xors: 67 T: 0.00
c [xor-rem-unconnected] left with 67 xors from 67 non-empty xors T: 0.00
c [xor-clean-equiv] removed equivalent xors: 0 left with: 67
c [matrix] unused xors from cleaning: 1
c [matrix] Good   matrix 0 67      x496    density:0.0996  xorlen avg: 49.42
c [matrix] Using 1 matrices recovered from 0 xors T: 0.00 T-out: N
c rst  geom best vmt  938   444 K 1408      29K   788 5.77    5.67     2937  2871   46K   107 27.86   27.81  
c [distill-bin] useful: 0/788/788 lits-rem: 0 cl-rem: 0 0-depth-assigns: 0 T: 0.00 T-out: N
c rst  geom best vmt  939   444 K 1408      29K   788 5.77    5.67     2937  2871   47K   107 27.85   27.80  
c rst  geom best vmt  940   444 K 1408      29K   788 5.77    5.67     2937  2871   47K   107 27.84   27.79  
c rst  geom best vmt  941   444 K 1408      29K   788 5.77    5.67     2937  2876   47K   107 27.82   27.77  
c rst  geom best vmt  942   444 K 1408      29K   788 5.77    5.67     2937  2876   47K   107 27.78   27.73  
c rst  geom best vmt  943   445 K 1408      29K   788 5.77    5.67     2937  2879   47K   107 27.76   27.71  
c rst  geom best vmt  944   445 K 1408      29K   788 5.77    5.67     2937  2880   48K   107 27.73   27.68  
c rst  geom best vmt  945   445 K 1408      29K   788 5.77    5.67     2937  2883   48K   107 27.69   27.64  
c rst  geom best vmt  946   445 K 1408      29K   788 5.77    5.67     2937  2883   48K   107 27.62   27.57  
c [ccnr] tries: 0 steps: 262143 best found: 9
c [ccnr] saving best assignment phase to stable_polar
c [ccnr] bumping based on clause weights
c [ccnr] Bumped vars: 104 bump type: 6
c [ccnr] time: 0.26
c rst  geom best vmt  947   446 K 1408      29K   788 5.77    5.67     2937  2892   49K   107 27.61   27.56  
c rst  geom best vmt  948   446 K 1408      29K   788 5.77    5.67     2937  2894   49K   107 27.57   27.52  
c rst  geom best vmt  949   447 K 1408      29K   788 5.77    5.67     2937  2896   49K   107 27.48   27.43  
c rst  geom best vmt  950   447 K 1408      29K   788 5.77    5.67     2937  2902   50K   107 27.44   27.39  
c rst  geom best vmt  951   447 K 1408      29K   788 5.77    5.67     2937  2907   50K   107 27.31   27.27  
c rst  geom best vmt  952   448 K 1408      29K   788 5.77    5.67     2938  2910   51K   107 27.27   27.22  
c rst  geom best vmt  953   449 K 1408      29K   788 5.77    5.67     2938  2916   51K   107 27.23   27.18  
c rst  geom best vmt  954   449 K 1408      29K   788 5.77    5.67     2938  2921   52K   107 27.12   27.08  
c rst  geom best vmt  955   450 K 1408      29K   788 5.77    5.67     3154  3183   38K   107 23.93   23.88  
c [full-probe]  bin_only: 0 set: 0 repl: 0 T: 0.01 T-out: N T-r: 98.27%
c rst  geom best vmt  956   451 K 1408      29K   788 5.77    5.67     3154  3187   39K   107 23.76   23.71  
c rst  geom best vmt  957   452 K 1408      29K   788 5.77    5.67     3154  3193   40K   107 23.68   23.63  
c rst  geom best vmt  958   453 K 1408      29K   788 5.77    5.67     3154  3201   41K   107 23.60   23.55  
c rst  geom stb  vmt  959   454 K 1408      29K   788 5.77    5.67     3155  3214   42K   107 23.56   23.51  
c rst  geom stb  vmt  960   455 K 1408      29K   788 5.77    5.67     3155  3233   43K   107 23.56   23.51  
c rst  geom stb  vmt  961   456 K 1408      29K   788 5.77    5.67     3155  3253   44K   107 23.56   23.51  
c rst  geom stb  vmt  962   457 K 1408      29K   788 5.77    5.67     3157  3280   45K   107 23.49   23.45  
c [distill-long-red0] cls tried: 221/221 T: 0.03 T-out: N T-r: 98.77%
c [distill-long-red1] cls tried: 20/3060 T: 0.02 T-out: Y T-r: -10.75%
c rst  geom stb  vmt  963   459 K 1408      29K   788 5.77    5.67     3157  3296   47K   107 23.56   23.52  
c rst  geom stb  vmt  964   461 K 1408      29K   788 5.77    5.67     3288  2905   49K   107 23.44   23.40  
c rst  geom stb  vmt  965   463 K 1408      29K   788 5.77    5.67     3291  2932   51K   107 23.29   23.25  
c [distill] watch-based irred--  cl tried 8908     cl-sh 0     cl-rem 0    lit-rem 0      T: 0.01 T-out: N
c [distill] watch-based red  --  cl tried 6322     cl-sh 14    cl-rem 0    lit-rem 19     T: 0.01 T-out: Y
c rst  geom ibes vmt  966   465 K 1408      29K   788 5.77    5.67     3338  3556   38K   107 19.35   19.31  
c [distill-bin] useful: 0/788/788 lits-rem: 0 cl-rem: 0 0-depth-assigns: 0 T: 0.00 T-out: N
c [impl-str] lit bin: 0 set-var: 0 T: 0.00 T-out: N T-r: 99.96% w-visit: 2818
c [impl-sub] bin: 0 T: 0.00 T-out: N w-visit: 2818
c rst  geom ibes vmt  967   467 K 1408      29K   788 5.77    5.67     3338  3577   40K   107 19.02   18.98  
c rst  geom ibes vmt  968   469 K 1408      29K   788 5.77    5.67     3338  3611   42K   107 18.79   18.76  
c rst  geom ibes vmt  969   472 K 1408      29K   788 5.77    5.67     3528  3413   45K   107 18.71   18.67  
c [full-probe]  bin_only: 1 set: 0 repl: 0 T: 0.01 T-out: N T-r: 99.74%
c rst  geom ibes vmt  970   475 K 1408      29K   788 5.77    5.67     3528  3542   48K   107 18.68   18.65  
c [distill-long-red0] cls tried: 379/379 T: 0.07 T-out: N T-r: 97.22%
c [distill-long-red1] cls tried: 20/3359 T: 0.01 T-out: Y T-r: -10.83%
c rst  geom svd  vmt  971   478 K 1408      29K   788 5.77    5.67     3529  3569   51K   107 18.60   18.57  
c rst  geom svd  vmt  972   482 K 1408      29K   788 5.77    5.67     3741  4483   40K   107 17.87   17.84  
c rst  geom svd  vmt  973   486 K 1408      29K   788 5.77    5.67     3743  4541   44K   107 17.91   17.87  
c [distill-bin] useful: 0/788/788 lits-rem: 0 cl-rem: 0 0-depth-assigns: 0 T: 0.00 T-out: N
c rst  geom best vmt  974   490 K 1408      29K   788 5.77    5.67     3945  4237   48K   107 17.96   17.93  
c [branch] adjusting to: vsid (from: vmtf) var_decay:0.95 descr: VSIDS
c [distill-long-red0] cls tried: 416/416 T: 0.08 T-out: N T-r: 96.89%
c [distill-long-red1] cls tried: 17/4039 T: 0.01 T-out: Y T-r: -13.86%
c [distill] watch-based irred--  cl tried 8261     cl-sh 0     cl-rem 0    lit-rem 0      T: 0.02 T-out: Y
c [distill] watch-based red  --  cl tried 6073     cl-sh 0     cl-rem 0    lit-rem 0      T: 0.02 T-out: Y
c [ccnr] tries: 0 steps: 262143 best found: 7
c [ccnr] saving best assignment phase to stable_polar
c [ccnr] bumping based on var unsat frequency: conflict_ct
c [ccnr] Bumped vars: 1409 bump type: 6
c [ccnr] time: 0.27
c rst  geom best vs   975   491 K 1408      29K   788 5.77    5.67     3945  4239   48K   107 17.95   17.92  
c rst  geom best vs   976   491 K 1408      29K   788 5.77    5.67     3945  4241   48K   107 17.95   17.92  
c rst  geom best vs   977   491 K 1408      29K   788 5.77    5.67     3946  4243   48K   107 17.94   17.91  
c rst  geom best vs   978   491 K 1408      29K   788 5.77    5.67     3946  4244   49K   107 17.93   17.90  
c rst  geom best vs   979   491 K 1408      29K   788 5.77    5.67     3946  4246   49K   107 17.92   17.89  
c rst  geom best vs   980   491 K 1408      29K   788 5.77    5.67     3946  4248   49K   107 17.93   17.91  
c rst  geom best vs   981   491 K 1408      29K   788 5.77    5.67     3946  4248   49K   107 17.93   17.90  
c rst  geom best vs   982   492 K 1408      29K   788 5.77    5.67     3946  4249   49K   107 17.91   17.88  
c rst  geom best vs   983   492 K 1408      29K   788 5.77    5.67     3946  4250   50K   107 17.91   17.88  
c rst  geom best vs   984   492 K 1408      29K   788 5.77    5.67     3946  4250   50K   107 17.89   17.86  
c [full-probe]  bin_only: 0 set: 0 repl: 0 T: 0.00 T-out: N T-r: 98.31%
c rst  geom best vs   985   492 K 1408      29K   788 5.77    5.67     3946  4250   50K   107 17.88   17.85  
c rst  geom best vs   986   493 K 1408      29K   788 5.77    5.67     3946  4254   50K   107 17.87   17.84  
c rst  geom best vs   987   493 K 1408      29K   788 5.77    5.67     3946  4254   51K   107 17.85   17.82  
c rst  geom best vs   988   493 K 1408      29K   788 5.77    5.67     3946  4254   51K   107 17.82   17.80  
c rst  geom best vs   989   494 K 1408      29K   788 5.77    5.67     3946  4255   52K   107 17.79   17.76  
c rst  geom best vs   990   494 K 1408      29K   788 5.77    5.67     3946  4259   52K   107 17.93   17.90  
c rst  geom best vs   991   495 K 1408      29K   788 5.77    5.67     3982  4759   38K   107 16.62   16.58  
c rst  geom best vs   992   495 K 1408      29K   788 5.77    5.67     3983  4762   38K   107 16.64   16.61  
c rst  geom best vs   993   496 K 1408      29K   788 5.77    5.67     3983  4765   39K   107 16.63   16.59  
c rst  geom stb  vs   994   497 K 1408      29K   788 5.77    5.67     3983  4771   39K   107 16.64   16.61  
c rst  geom stb  vs   995   497 K 1408      29K   788 5.77    5.67     3983  4776   40K   107 16.66   16.63  
c rst  geom stb  vs   996   498 K 1408      29K   788 5.77    5.67     3983  4789   41K   107 16.76   16.73  
c rst  geom stb  vs   997   499 K 1408      29K   788 5.77    5.67     3983  4794   42K   107 16.91   16.88  
c rst  geom stb  vs   998   500 K 1408      29K   788 5.77    5.67     4052  4400   43K   107 17.09   17.06  
c rst  geom stb  vs   999   501 K 1408      29K   788 5.77    5.67     4052  4403   44K   107 17.13   17.10  
c rst  geom stb  vs   1000  502 K 1408      29K   788 5.77    5.67     4054  4410   45K   107 17.28   17.25  
c rst  geom stb  vs   1001  503 K 1408      29K   788 5.77    5.67     4054  4426   47K   107 17.44   17.41  
c rst  geom stb  vs   1002  505 K 1408      29K   788 5.77    5.67     4054  4452   48K   107 17.63   17.60  
c rst  geom stb  vs   1003  506 K 1408      29K   788 5.77    5.67     4054  4475   49K   107 17.87   17.84  
c [distill-long-red0] cls tried: 109/109 T: 0.02 T-out: N T-r: 99.14%
c [distill-long-red1] cls tried: 17/4292 T: 0.01 T-out: Y T-r: -8.77%
c [distill-bin] useful: 0/788/788 lits-rem: 0 cl-rem: 0 0-depth-assigns: 0 T: 0.00 T-out: N
c rst  geom ibes vs   1004  508 K 1408      29K   788 5.77    5.67     4054  4483   51K   107 17.78   17.75  
c rst  geom ibes vs   1005  510 K 1408      29K   788 5.77    5.67     4175  4812   38K   107 17.62   17.59  
c [gauss] XOR-encoding clauses are not detached, so no need to reattach them.
c [g 0] truth-find prop checks  : 3866K
c [g 0] -> of which prop        : 24.20 %
c [g 0] -> of which confl       :  1.20 %
c [g 0] elim called             : 428K
c [g 0] ---> which lead to prop : 21.76 %
c [g 0] ---> which lead to confl:  0.37 %
c [g 0] size: 67    x 496  
c [scc] new: 0 BP 0M T: 0.00
c [vrep] vars 0 lits 0 rem-bin-cls 0 rem-long-cls 0 BP 0M T: 0.00
c [intree] Set 0 vars hyper-added: 0 trans-irred: 0 trans-red: 0 T: 0.00 T-out: N T-r: -2.98%
c [find&init matx] performing matrix init
c [gauss] XOR-encoding clauses are not detached, so no need to reattach them.
c [xor-rem-unconnected] left with 826 xors from 827 non-empty xors T: 0.00
c [xor-together] xored together: 759 orig xors: 826 new xors: 67 T: 0.00
c [xor-rem-unconnected] left with 67 xors from 67 non-empty xors T: 0.00
c [xor-clean-equiv] removed equivalent xors: 0 left with: 67
c [matrix] unused xors from cleaning: 1
c [matrix] Good   matrix 0 67      x496    density:0.0996  xorlen avg: 49.42
c [matrix] Using 1 matrices recovered from 0 xors T: 0.00 T-out: N
c rst  geom ibes vs   1006  512 K 1408      29K   788 5.77    5.67     4175  4828   40K   107 17.52   17.49  
c rst  geom ibes vs   1007  514 K 1408      29K   788 5.77    5.67     4175  4886   42K   107 17.40   17.36  
c [full-probe]  bin_only: 1 set: 0 repl: 0 T: 0.00 T-out: N T-r: 99.78%
c rst  geom ibes vs   1008  517 K 1408      29K   788 5.77    5.67     4175  4910   45K   107 17.19   17.16  
c [distill] watch-based irred--  cl tried 8769     cl-sh 0     cl-rem 0    lit-rem 0      T: 0.02 T-out: Y
c [distill] watch-based red  --  cl tried 6478     cl-sh 4     cl-rem 0    lit-rem 14     T: 0.02 T-out: Y
c rst  geom svd  vs   1009  519 K 1408      29K   788 5.77    5.67     4176  4930   48K   107 17.10   17.08  
c rst  geom svd  vs   1010  522 K 1408      29K   788 5.77    5.67     4287  4692   51K   107 17.21   17.18  
c [distill-long-red0] cls tried: 233/233 T: 0.06 T-out: N T-r: 97.99%
c [distill-long-red1] cls tried: 20/4528 T: 0.01 T-out: Y T-r: -9.38%
c rst  geom svd  vs   1011  526 K 1408      29K   788 5.77    5.67     4309  5346   39K   107 17.10   17.07  
c [impl-str] lit bin: 0 set-var: 0 T: 0.00 T-out: N T-r: 99.96% w-visit: 2818
c [impl-sub] bin: 0 T: 0.00 T-out: N w-visit: 2818
c rst  geom svd  vs   1012  529 K 1408      29K   788 5.77    5.67     4309  5381   42K   107 17.23   17.20  
c [distill-bin] useful: 0/788/788 lits-rem: 0 cl-rem: 0 0-depth-assigns: 0 T: 0.00 T-out: N
c rst  geom best vs   1013  533 K 1408      29K   788 5.77    5.67     4392  5242   47K   107 17.29   17.26  
c rst  geom best vs   1014  538 K 1408      29K   788 5.77    5.67     4393  5373   51K   107 17.45   17.43  
c [distill-long-red0] cls tried: 106/106 T: 0.02 T-out: N T-r: 99.25%
c [distill-long-red1] cls tried: 17/5194 T: 0.01 T-out: Y T-r: -9.22%
c [full-probe]  bin_only: 0 set: 0 repl: 0 T: 0.01 T-out: N T-r: 98.26%
c [ccnr] tries: 0 steps: 262143 best found: 9
c [ccnr] saving best assignment phase to stable_polar
c [ccnr] bumping based on var unsat frequency: conflict_ct
c [ccnr] Bumped vars: 1409 bump type: 6
c [ccnr] time: 0.27
c rst  geom best vs   1015  543 K 1408      29K   788 5.77    5.67     4515  5938   40K   107 16.88   16.85  
c [branch] adjusting to: vmtf (from: vsid) var_decay:0.95 descr: VMTF
c [distill] watch-based irred--  cl tried 8721     cl-sh 0     cl-rem 0    lit-rem 0      T: 0.02 T-out: Y
c [distill] watch-based red  --  cl tried 6656     cl-sh 3     cl-rem 0    lit-rem 27     T: 0.02 T-out: Y
c rst  luby stb  vmt  1016  543 K 1408      29K   788 5.77    5.67     4531  5950   40K   110 16.92   16.88  
c rst  luby stb  vmt  1017  543 K 1408      29K   788 5.77    5.67     4531  5954   41K   110 16.95   16.92  
c rst  luby stb  vmt  1018  543 K 1408      29K   788 5.77    5.67     4531  5956   41K   110 17.02   16.99  
c rst  luby stb  vmt  1019  543 K 1408      29K   788 5.77    5.67     4531  5958   41K   110 17.10   17.07  
c rst  luby stb  vmt  1020  543 K 1408      29K   788 5.77    5.67     4531  5960   41K   110 17.18   17.15  
c rst  luby stb  vmt  1021  543 K 1408      29K   788 5.77    5.67     4533  5968   41K   110 17.27   17.24  
c rst  luby stb  vmt  1022  544 K 1408      29K   788 5.77    5.67     4534  5972   42K   110 17.49   17.45  
c rst  luby stb  vmt  1023  544 K 1408      29K   788 5.77    5.67     4534  5972   42K   110 17.54   17.51  
c rst  luby stb  vmt  1024  544 K 1408      29K   788 5.77    5.67     4534  5972   42K   110 17.60   17.56  
c rst  luby stb  vmt  1025  544 K 1408      29K   788 5.77    5.67     4534  5972   42K   110 17.69   17.66  
c rst  luby stb  vmt  1026  544 K 1408      29K   788 5.77    5.67     4534  5974   42K   110 17.72   17.69  
c rst  luby stb  vmt  1027  544 K 1408      29K   788 5.77    5.67     4534  5974   42K   110 17.74   17.71  
c rst  luby stb  vmt  1028  545 K 1408      29K   788 5.77    5.67     4534  5977   42K   110 17.80   17.77  
c rst  luby stb  vmt  1029  545 K 1408      29K   788 5.77    5.67     4534  5980   43K   110 17.98   17.95  
c rst  luby stb  vmt  1030  546 K 1408      29K   788 5.77    5.67     4536  5991   44K   110 18.28   18.25  
c rst  luby stb  vmt  1031  546 K 1408      29K   788 5.77    5.67     4536  5994   44K   110 18.31   18.27  
c rst  luby stb  vmt  1032  546 K 1408      29K   788 5.77    5.67     4536  5994   44K   110 18.34   18.31  
c rst  luby stb  vmt  1033  546 K 1408      29K   788 5.77    5.67     4536  5998   44K   110 18.42   18.39  
c rst  luby stb  vmt  1034  546 K 1408      29K   788 5.77    5.67     4537  5999   44K   110 18.47   18.43  
c rst  luby stb  vmt  1035  546 K 1408      29K   788 5.77    5.67     4537  6001   44K   110 18.51   18.48  
c rst  luby stb  vmt  1036  547 K 1408      29K   788 5.77    5.67     4537  6003   44K   110 18.59   18.55  
c rst  luby stb  vmt  1037  547 K 1408      29K   788 5.77    5.67     4538  6008   45K   110 18.77   18.74  
c rst  luby stb  vmt  1038  547 K 1408      29K   788 5.77    5.67     4538  6011   45K   110 18.81   18.77  
c rst  luby stb  vmt  1039  547 K 1408      29K   788 5.77    5.67     4538  6011   45K   110 18.83   18.80  
c rst  luby stb  vmt  1040  547 K 1408      29K   788 5.77    5.67     4538  6012   45K   110 18.92   18.88  
c rst  luby stb  vmt  1041  548 K 1408      29K   788 5.77    5.67     4538  6015   45K   110 18.94   18.91  
c rst  luby stb  vmt  1042  548 K 1408      29K   788 5.77    5.67     4538  6016   45K   110 18.97   18.94  
c rst  luby stb  vmt  1043  548 K 1408      29K   788 5.77    5.67     4538  6018   46K   110 19.03   19.00  
c rst  luby stb  vmt  1044  548 K 1408      29K   788 5.77    5.67     4538  6026   46K   110 19.15   19.12  
c rst  luby stb  vmt  1045  549 K 1408      29K   788 5.77    5.67     4539  6031   47K   110 19.38   19.35  
c rst  luby stb  vmt  1046  551 K 1408      29K   788 5.77    5.67     4634  5044   49K   110 19.82   19.79  
c [distill-bin] useful: 0/788/788 lits-rem: 0 cl-rem: 0 0-depth-assigns: 0 T: 0.00 T-out: N
c rst  luby stb  vmt  1047  551 K 1408      29K   788 5.77    5.67     4634  5045   49K   110 19.84   19.80  
c rst  luby stb  vmt  1048  551 K 1408      29K   788 5.77    5.67     4634  5049   49K   110 19.86   19.83  
c rst  luby stb  vmt  1049  551 K 1408      29K   788 5.77    5.67     4634  5051   50K   110 19.94   19.90  
c rst  luby stb  vmt  1050  551 K 1408      29K   788 5.77    5.67     4634  5051   50K   110 19.95   19.92  
c rst  luby stb  vmt  1051  551 K 1408      29K   788 5.77    5.67     4634  5051   50K   110 19.99   19.96  
c rst  luby stb  vmt  1052  551 K 1408      29K   788 5.77    5.67     4635  5054   50K   110 20.03   20.00  
c rst  luby stb  vmt  1053  552 K 1408      29K   788 5.77    5.67     4636  5054   50K   110 20.16   20.12  
c rst  luby stb  vmt  1054  552 K 1408      29K   788 5.77    5.67     4636  5054   51K   110 20.18   20.15  
c rst  luby stb  vmt  1055  552 K 1408      29K   788 5.77    5.67     4636  5054   51K   110 20.22   20.18  
c rst  luby stb  vmt  1056  552 K 1408      29K   788 5.77    5.67     4636  5054   51K   110 20.29   20.25  
c rst  luby stb  vmt  1057  552 K 1408      29K   788 5.77    5.67     4636  5057   51K   110 20.32   20.28  
c rst  luby stb  vmt  1058  552 K 1408      29K   788 5.77    5.67     4636  5058   51K   110 20.36   20.33  
c rst  luby stb  vmt  1059  553 K 1408      29K   788 5.77    5.67     4636  5062   51K   110 20.43   20.39  
c rst  luby stb  vmt  1060  553 K 1408      29K   788 5.77    5.67     4637  5068   52K   110 20.56   20.53  
c [distill-long-red0] cls tried: 246/246 T: 0.04 T-out: N T-r: 98.73%
c [distill-long-red1] cls tried: 20/4907 T: 0.01 T-out: Y T-r: -6.12%
c rst  luby stb  vmt  1061  554 K 1408      29K   788 5.77    5.67     4637  5080   52K   110 20.81   20.78  
c rst  luby ibes vmt  1062  554 K 1408      29K   788 5.77    5.67     4638  5082   52K   110 20.83   20.80  
c rst  luby ibes vmt  1063  554 K 1408      29K   788 5.77    5.67     4639  5083   53K   110 20.84   20.81  
c rst  luby ibes vmt  1064  554 K 1408      29K   788 5.77    5.67     4639  5088   53K   110 20.93   20.89  
c rst  luby ibes vmt  1065  554 K 1408      29K   788 5.77    5.67     4639  5088   53K   110 20.94   20.90  
c rst  luby ibes vmt  1066  554 K 1408      29K   788 5.77    5.67     4639  5089   53K   110 20.98   20.95  
c rst  luby ibes vmt  1067  555 K 1408      29K   788 5.77    5.67     4662  5501   38K   110 21.83   21.79  
c rst  luby ibes vmt  1068  555 K 1408      29K   788 5.77    5.67     4662  5503   39K   110 21.92   21.87  
c rst  luby ibes vmt  1069  555 K 1408      29K   788 5.77    5.67     4662  5505   39K   110 21.94   21.90  
c rst  luby ibes vmt  1070  555 K 1408      29K   788 5.77    5.67     4662  5505   39K   110 22.01   21.96  
c rst  luby ibes vmt  1071  555 K 1408      29K   788 5.77    5.67     4662  5509   39K   110 22.04   21.99  
c rst  luby ibes vmt  1072  556 K 1408      29K   788 5.77    5.67     4662  5510   39K   110 22.09   22.04  
c rst  luby ibes vmt  1073  556 K 1408      29K   788 5.77    5.67     4662  5511   39K   110 22.13   22.09  
c rst  luby ibes vmt  1074  556 K 1408      29K   788 5.77    5.67     4662  5517   40K   110 22.15   22.10  
c rst  luby ibes vmt  1075  556 K 1408      29K   788 5.77    5.67     4662  5521   40K   110 22.29   22.24  
c rst  luby ibes vmt  1076  557 K 1408      29K   788 5.77    5.67     4662  5526   41K   110 22.44   22.39  
c rst  luby ibes vmt  1077  559 K 1408      29K   788 5.77    5.67     4663  5544   42K   110 23.10   23.05  
c [full-probe]  bin_only: 1 set: 0 repl: 0 T: 0.00 T-out: N T-r: 99.86%
c rst  luby ibes vmt  1078  562 K 1408      29K   788 5.77    5.67     4727  5245   46K   110 23.60   23.56  
c rst  luby ibes vmt  1079  562 K 1408      29K   788 5.77    5.67     4727  5245   46K   110 23.62   23.57  
c rst  luby ibes vmt  1080  562 K 1408      29K   788 5.77    5.67     4727  5246   46K   110 23.64   23.60  
c rst  luby ibes vmt  1081  562 K 1408      29K   788 5.77    5.67     4727  5248   46K   110 23.64   23.60  
c rst  luby ibes vmt  1082  562 K 1408      29K   788 5.77    5.67     4727  5252   46K   110 23.64   23.60  
c rst  luby ibes vmt  1083  563 K 1408      29K   788 5.77    5.67     4727  5252   46K   110 23.64   23.60  
c rst  luby ibes vmt  1084  563 K 1408      29K   788 5.77    5.67     4727  5254   47K   110 23.70   23.66  
c rst  luby ibes vmt  1085  563 K 1408      29K   788 5.77    5.67     4727  5254   47K   110 23.75   23.71  
c rst  luby ibes vmt  1086  563 K 1408      29K   788 5.77    5.67     4727  5255   47K   110 23.77   23.73  
c rst  luby ibes vmt  1087  563 K 1408      29K   788 5.77    5.67     4727  5256   47K   110 23.78   23.73  
c rst  luby ibes vmt  1088  564 K 1408      29K   788 5.77    5.67     4727  5259   47K   110 23.81   23.77  
c rst  luby ibes vmt  1089  564 K 1408      29K   788 5.77    5.67     4727  5259   48K   110 23.84   23.80  
c rst  luby ibes vmt  1090  564 K 1408      29K   788 5.77    5.67     4727  5262   48K   110 23.86   23.82  
c rst  luby ibes vmt  1091  564 K 1408      29K   788 5.77    5.67     4727  5263   48K   110 23.87   23.83  
c rst  luby ibes vmt  1092  564 K 1408      29K   788 5.77    5.67     4727  5264   48K   110 24.02   23.97  
c rst  luby ibes vmt  1093  565 K 1408      29K   788 5.77    5.67     4727  5278   49K   110 24.19   24.15  
c rst  luby svd  vmt  1094  565 K 1408      29K   788 5.77    5.67     4729  5298   49K   110 24.19   24.15  
c rst  luby svd  vmt  1095  565 K 1408      29K   788 5.77    5.67     4729  5298   49K   110 24.19   24.15  
c rst  luby svd  vmt  1096  566 K 1408      29K   788 5.77    5.67     4730  5316   49K   110 24.17   24.13  
c rst  luby svd  vmt  1097  566 K 1408      29K   788 5.77    5.67     4730  5316   50K   110 24.16   24.12  
c rst  luby svd  vmt  1098  566 K 1408      29K   788 5.77    5.67     4730  5316   50K   110 24.16   24.12  
c rst  luby svd  vmt  1099  566 K 1408      29K   788 5.77    5.67     4730  5316   50K   110 24.15   24.11  
c rst  luby svd  vmt  1100  566 K 1408      29K   788 5.77    5.67     4730  5317   50K   110 24.09   24.05  
c rst  luby svd  vmt  1101  566 K 1408      29K   788 5.77    5.67     4730  5317   50K   110 24.08   24.04  
c rst  luby svd  vmt  1102  567 K 1408      29K   788 5.77    5.67     4731  5318   50K   110 24.09   24.05  
c rst  luby svd  vmt  1103  567 K 1408      29K   788 5.77    5.67     4731  5322   51K   110 24.10   24.06  
c rst  luby svd  vmt  1104  567 K 1408      29K   788 5.77    5.67     4731  5323   51K   110 24.10   24.06  
c rst  luby svd  vmt  1105  567 K 1408      29K   788 5.77    5.67     4731  5326   51K   110 24.10   24.06  
c rst  luby svd  vmt  1106  567 K 1408      29K   788 5.77    5.67     4732  5326   51K   110 24.09   24.05  
c rst  luby svd  vmt  1107  568 K 1408      29K   788 5.77    5.67     4732  5330   51K   110 24.14   24.10  
c rst  luby svd  vmt  1108  568 K 1408      29K   788 5.77    5.67     4732  5337   52K   110 24.10   24.06  
c [distill-long-red0] cls tried: 95/95 T: 0.01 T-out: N T-r: 99.78%
c [distill-long-red1] cls tried: 20/5171 T: 0.01 T-out: Y T-r: -7.05%
c [distill] watch-based irred--  cl tried 8908     cl-sh 0     cl-rem 0    lit-rem 0      T: 0.01 T-out: N
c [distill] watch-based red  --  cl tried 7501     cl-sh 10    cl-rem 0    lit-rem 12     T: 0.02 T-out: Y
c rst  luby svd  vmt  1109  570 K 1408      29K   788 5.77    5.67     4908  5251   39K   110 25.44   25.38  
c rst  luby svd  vmt  1110  570 K 1408      29K   788 5.77    5.67     4908  5251   39K   110 25.42   25.37  
c rst  luby svd  vmt  1111  570 K 1408      29K   788 5.77    5.67     4908  5253   39K   110 25.42   25.37  
c rst  luby svd  vmt  1112  570 K 1408      29K   788 5.77    5.67     4908  5255   39K   110 25.43   25.38  
c rst  luby svd  vmt  1113  570 K 1408      29K   788 5.77    5.67     4908  5257   39K   110 25.43   25.38  
c rst  luby svd  vmt  1114  571 K 1408      29K   788 5.77    5.67     4908  5260   39K   110 25.42   25.37  
c rst  luby svd  vmt  1115  571 K 1408      29K   788 5.77    5.67     4908  5263   39K   110 25.41   25.36  
c [distill-bin] useful: 0/788/788 lits-rem: 0 cl-rem: 0 0-depth-assigns: 0 T: 0.00 T-out: N
c rst  luby svd  vmt  1116  571 K 1408      29K   788 5.77    5.67     4908  5268   40K   110 25.34   25.29  
c rst  luby svd  vmt  1117  571 K 1408      29K   788 5.77    5.67     4908  5268   40K   110 25.33   25.28  
c rst  luby svd  vmt  1118  571 K 1408      29K   788 5.77    5.67     4908  5273   40K   110 25.33   25.28  
c rst  luby svd  vmt  1119  572 K 1408      29K   788 5.77    5.67     4908  5277   40K   110 25.34   25.29  
c rst  luby svd  vmt  1120  572 K 1408      29K   788 5.77    5.67     4908  5278   40K   110 25.33   25.28  
c rst  luby svd  vmt  1121  572 K 1408      29K   788 5.77    5.67     4908  5278   40K   110 25.32   25.27  
c rst  luby svd  vmt  1122  572 K 1408      29K   788 5.77    5.67     4908  5279   41K   110 25.30   25.25  
c rst  luby svd  vmt  1123  572 K 1408      29K   788 5.77    5.67     4909  5337   41K   110 25.24   25.19  
c rst  luby svd  vmt  1124  573 K 1408      29K   788 5.77    5.67     4909  5354   42K   110 25.32   25.27  
c rst  luby svd  vmt  1125  573 K 1408      29K   788 5.77    5.67     4909  5354   42K   110 25.31   25.26  
c rst  luby svd  vmt  1126  573 K 1408      29K   788 5.77    5.67     4909  5355   42K   110 25.30   25.25  
c rst  luby svd  vmt  1127  574 K 1408      29K   788 5.77    5.67     4909  5355   42K   110 25.27   25.22  
c rst  luby svd  vmt  1128  574 K 1408      29K   788 5.77    5.67     4909  5356   42K   110 25.26   25.21  
c rst  luby svd  vmt  1129  574 K 1408      29K   788 5.77    5.67     4909  5357   42K   110 25.25   25.21  
c rst  luby svd  vmt  1130  574 K 1408      29K   788 5.77    5.67     4909  5358   43K   110 25.24   25.19  
c rst  luby svd  vmt  1131  574 K 1408      29K   788 5.77    5.67     4909  5359   43K   110 25.19   25.14  
c rst  luby svd  vmt  1132  574 K 1408      29K   788 5.77    5.67     4909  5360   43K   110 25.17   25.12  
c rst  luby svd  vmt  1133  575 K 1408      29K   788 5.77    5.67     4909  5360   43K   110 25.15   25.11  
c rst  luby svd  vmt  1134  575 K 1408      29K   788 5.77    5.67     4910  5362   43K   110 25.15   25.10  
c rst  luby svd  vmt  1135  575 K 1408      29K   788 5.77    5.67     4910  5363   43K   110 25.14   25.09  
c rst  luby svd  vmt  1136  575 K 1408      29K   788 5.77    5.67     4910  5364   44K   110 25.12   25.08  
c [gauss] XOR-encoding clauses are not detached, so no need to reattach them.
c [g 0] truth-find prop checks  : 3127K
c [g 0] -> of which prop        : 32.83 %
c [g 0] -> of which confl       :  1.26 %
c [g 0] elim called             : 299K
c [g 0] ---> which lead to prop : 31.42 %
c [g 0] ---> which lead to confl:  0.54 %
c [g 0] size: 67    x 496  
c [scc] new: 0 BP 0M T: 0.00
c [vrep] vars 0 lits 0 rem-bin-cls 0 rem-long-cls 0 BP 0M T: 0.01
c [intree] Set 0 vars hyper-added: 0 trans-irred: 0 trans-red: 0 T: 0.00 T-out: N T-r: -1.69%
c [find&init matx] performing matrix init
c [gauss] XOR-encoding clauses are not detached, so no need to reattach them.
c [xor-rem-unconnected] left with 826 xors from 827 non-empty xors T: 0.00
c [xor-together] xored together: 759 orig xors: 826 new xors: 67 T: 0.00
c [xor-rem-unconnected] left with 67 xors from 67 non-empty xors T: 0.00
c [xor-clean-equiv] removed equivalent xors: 0 left with: 67
c [matrix] unused xors from cleaning: 1
c [matrix] Good   matrix 0 67      x496    density:0.0996  xorlen avg: 49.42
c [matrix] Using 1 matrices recovered from 0 xors T: 0.00 T-out: N
c rst  luby svd  vmt  1137  575 K 1408      29K   788 5.77    5.67     4910  5364   44K   110 25.13   25.08  
c rst  luby svd  vmt  1138  576 K 1408      29K   788 5.77    5.67     4910  5391   44K   110 25.07   25.03  
c rst  luby svd  vmt  1139  576 K 1408      29K   788 5.77    5.67     4910  5401   45K   110 25.03   24.98  
c rst  geom best vmt  1140  577 K 1408      29K   788 5.77    5.67     4910  5401   45K   110 25.01   24.96  
c rst  geom best vmt  1141  577 K 1408      29K   788 5.77    5.67     4910  5401   45K   110 24.99   24.94  
c rst  geom best vmt  1142  577 K 1408      29K   788 5.77    5.67     4910  5404   45K   110 24.98   24.94  
c rst  geom best vmt  1143  577 K 1408      29K   788 5.77    5.67     4910  5407   45K   110 24.98   24.94  
c rst  geom best vmt  1144  577 K 1408      29K   788 5.77    5.67     4910  5407   46K   110 24.94   24.90  
c rst  geom best vmt  1145  577 K 1408      29K   788 5.77    5.67     4910  5409   46K   110 24.93   24.88  
c rst  geom best vmt  1146  577 K 1408      29K   788 5.77    5.67     4910  5415   46K   110 24.93   24.89  
c rst  geom best vmt  1147  578 K 1408      29K   788 5.77    5.67     4910  5416   46K   110 24.92   24.87  
c rst  geom best vmt  1148  578 K 1408      29K   788 5.77    5.67     4910  5417   46K   110 24.92   24.87  
c rst  geom best vmt  1149  578 K 1408      29K   788 5.77    5.67     4910  5417   47K   110 24.88   24.84  
c rst  geom best vmt  1150  578 K 1408      29K   788 5.77    5.67     4910  5424   47K   110 24.84   24.80  
c rst  geom best vmt  1151  579 K 1408      29K   788 5.77    5.67     4910  5426   47K   110 24.82   24.78  
c [full-probe]  bin_only: 0 set: 0 repl: 0 T: 0.01 T-out: N T-r: 98.09%
c rst  geom best vmt  1152  579 K 1408      29K   788 5.77    5.67     4910  5429   48K   110 24.78   24.74  
c rst  geom best vmt  1153  579 K 1408      29K   788 5.77    5.67     4910  5431   48K   110 24.76   24.72  
c rst  geom best vmt  1154  580 K 1408      29K   788 5.77    5.67     5175  4764   49K   110 24.77   24.72  
c rst  geom best vmt  1155  580 K 1408      29K   788 5.77    5.67     5175  4770   49K   110 24.77   24.73  
c rst  geom best vmt  1156  581 K 1408      29K   788 5.77    5.67     5176  4772   50K   110 24.73   24.68  
c rst  geom best vmt  1157  581 K 1408      29K   788 5.77    5.67     5176  4775   50K   110 24.66   24.62  
c rst  geom best vmt  1158  582 K 1408      29K   788 5.77    5.67     5176  4777   51K   110 24.60   24.56  
c [ccnr] tries: 0 steps: 262143 best found: 11
c [ccnr] saving best assignment phase to stable_polar
c [ccnr] bumping based on clause weights
c [ccnr] Bumped vars: 101 bump type: 6
c [ccnr] time: 0.26
c rst  geom best vmt  1159  583 K 1408      29K   788 5.77    5.67     5176  4780   51K   110 24.55   24.51  
c rst  geom best vmt  1160  583 K 1408      29K   788 5.77    5.67     5176  4793   52K   110 24.61   24.57  
c rst  geom best vmt  1161  584 K 1408      29K   788 5.77    5.67     5177  4799   53K   110 24.53   24.49  
c [distill-long-red0] cls tried: 455/455 T: 0.07 T-out: N T-r: 97.27%
c [distill-long-red1] cls tried: 20/4642 T: 0.01 T-out: Y T-r: -7.23%
c rst  geom best vmt  1162  585 K 1408      29K   788 5.77    5.67     5241  5440   39K   110 24.27   24.22  
c rst  geom best vmt  1163  586 K 1408      29K   788 5.77    5.67     5242  5453   39K   110 24.17   24.12  
c [impl-str] lit bin: 0 set-var: 0 T: 0.00 T-out: N T-r: 99.96% w-visit: 2818
c [impl-sub] bin: 3 T: 0.00 T-out: N w-visit: 2818
c rst  geom best vmt  1164  587 K 1408      29K   788 5.77    5.67     5242  5470   41K   107 24.03   23.99  
c rst  geom best vmt  1165  588 K 1408      29K   788 5.77    5.67     5244  5503   42K   107 23.90   23.85  
c rst  geom stb  vmt  1166  589 K 1408      29K   788 5.77    5.67     5244  5522   43K   107 23.88   23.84  
c rst  geom stb  vmt  1167  591 K 1408      29K   788 5.77    5.67     5402  4885   45K   107 23.80   23.76  
c [distill-bin] useful: 0/788/788 lits-rem: 0 cl-rem: 0 0-depth-assigns: 0 T: 0.00 T-out: N
c rst  geom stb  vmt  1168  592 K 1408      29K   788 5.77    5.67     5414  5118   46K   107 23.64   23.59  
c rst  geom stb  vmt  1169  594 K 1408      29K   788 5.77    5.67     5414  5136   48K   107 23.73   23.69  
c [distill] watch-based irred--  cl tried 8908     cl-sh 0     cl-rem 0    lit-rem 0      T: 0.01 T-out: N
c [distill] watch-based red  --  cl tried 8204     cl-sh 7     cl-rem 0    lit-rem 8      T: 0.02 T-out: Y
c rst  geom stb  vmt  1170  596 K 1408      29K   788 5.77    5.67     5416  5239   50K   107 23.59   23.55  
c rst  geom stb  vmt  1171  598 K 1408      29K   788 5.77    5.67     5416  5270   52K   107 23.39   23.35  
c rst  geom stb  vmt  1172  600 K 1408      29K   788 5.77    5.67     5911  5950   38K   107 19.59   19.55  
c [branch] adjusting to: vsid (from: vmtf) var_decay:0.95 descr: VSIDS
c [distill-long-red0] cls tried: 738/738 T: 0.13 T-out: N T-r: 94.92%
c [distill-long-red1] cls tried: 22/5783 T: 0.01 T-out: Y T-r: -6.40%
c [full-probe]  bin_only: 1 set: 0 repl: 0 T: 0.00 T-out: N T-r: 99.78%
c rst  geom ibes vs   1173  600 K 1408      29K   788 5.77    5.67     5911  5951   38K   107 19.54   19.50  
c rst  geom ibes vs   1174  600 K 1408      29K   788 5.77    5.67     5911  5953   38K   107 19.53   19.50  
c rst  geom ibes vs   1175  601 K 1408      29K   788 5.77    5.67     5911  5953   39K   107 19.53   19.49  
c rst  geom ibes vs   1176  601 K 1408      29K   788 5.77    5.67     5911  5954   39K   107 19.52   19.48  
c rst  geom ibes vs   1177  601 K 1408      29K   788 5.77    5.67     5911  5958   39K   107 19.50   19.46  
c rst  geom ibes vs   1178  601 K 1408      29K   788 5.77    5.67     5911  5959   39K   107 19.50   19.47  
c rst  geom ibes vs   1179  601 K 1408      29K   788 5.77    5.67     5911  5960   39K   107 19.49   19.45  
c rst  geom ibes vs   1180  602 K 1408      29K   788 5.77    5.67     5911  5963   39K   107 19.46   19.42  
c rst  geom ibes vs   1181  602 K 1408      29K   788 5.77    5.67     5911  5964   40K   107 19.45   19.41  
c rst  geom ibes vs   1182  602 K 1408      29K   788 5.77    5.67     5911  5968   40K   107 19.42   19.39  
c rst  geom ibes vs   1183  602 K 1408      29K   788 5.77    5.67     5911  5974   40K   107 19.40   19.36  
c rst  geom ibes vs   1184  603 K 1408      29K   788 5.77    5.67     5911  5988   41K   107 19.37   19.34  
c rst  geom ibes vs   1185  603 K 1408      29K   788 5.77    5.67     5911  5992   41K   107 19.35   19.32  
c rst  geom ibes vs   1186  603 K 1408      29K   788 5.77    5.67     5911  5992   41K   107 19.30   19.27  
c rst  geom ibes vs   1187  604 K 1408      29K   788 5.77    5.67     5911  5994   42K   107 19.26   19.23  
c rst  geom ibes vs   1188  604 K 1408      29K   788 5.77    5.67     5911  6006   42K   107 19.21   19.18  
c rst  geom ibes vs   1189  605 K 1408      29K   788 5.77    5.67     5911  6011   43K   107 19.17   19.14  
c rst  geom ibes vs   1190  605 K 1408      29K   788 5.77    5.67     5911  6031   43K   107 19.13   19.10  
c rst  geom ibes vs   1191  606 K 1408      29K   788 5.77    5.67     5911  6040   44K   107 19.10   19.06  
c rst  geom ibes vs   1192  606 K 1408      29K   788 5.77    5.67     5911  6052   44K   107 19.06   19.03  
c rst  geom ibes vs   1193  607 K 1408      29K   788 5.77    5.67     5912  6071   45K   107 19.02   18.99  
c rst  geom ibes vs   1194  608 K 1408      29K   788 5.77    5.67     5912  6088   46K   107 19.01   18.98  
c rst  geom ibes vs   1195  609 K 1408      29K   788 5.77    5.67     5912  6145   47K   107 18.93   18.90  
c rst  geom ibes vs   1196  610 K 1408      29K   788 5.77    5.67     6126  5407   48K   107 18.82   18.79  
c rst  geom ibes vs   1197  611 K 1408      29K   788 5.77    5.67     6126  5446   49K   107 18.73   18.70  
c [distill-bin] useful: 0/788/788 lits-rem: 0 cl-rem: 0 0-depth-assigns: 0 T: 0.00 T-out: N
c rst  geom ibes vs   1198  612 K 1408      29K   788 5.77    5.67     6127  5699   50K   107 18.65   18.62  
c rst  geom svd  vs   1199  612 K 1408      29K   788 5.77    5.67     6127  5701   51K   107 18.64   18.61  
c recursive minimization cost OK: 921Kcost/(% lits removed)
c [gauss] XOR-encoding clauses are not detached, so no need to reattach them.
c [g 0] truth-find prop checks  : 2095K
c [g 0] -> of which prop        : 23.75 %
c [g 0] -> of which confl       :  1.17 %
c [g 0] elim called             : 233K
c [g 0] ---> which lead to prop : 24.13 %
c [g 0] ---> which lead to confl:  0.42 %
c [g 0] size: 67    x 496  
c --> Executing strategy token: scc-vrepl
c [scc] new: 0 BP 0M T: 0.00
c --> Executing strategy token: sub-impl
c [impl-sub] bin: 0 T: 0.00 T-out: N w-visit: 2818
c --> Executing strategy token: breakid
c --> Executing OCC strategy token(s): 'occ-backw-sub-str,occ-clean-implicit,occ-bve,occ-bva,occ-ternary-res,occ-xor,'
c [occ] mem usage for occur 2      MB
c [occ] Linked in IRRED BIN by default: 788
c [occ] Linked in RED   BIN by default: 107
c [occ] mem usage for occur 0      MB
c Mem for watch alloc      : 14          MB (28.99     %)
c Mem for watch array      : 0           MB (0.13      %)
c --> Executing OCC strategy token: occ-backw-sub-str
c [occ-backw-sub-str-long-w-bins] subs: 0 str: 23 tried: 10701 0-depth ass: 0 T: 0.00 T-out: N T-r: 99.20%
c [occ-backw-sub-long-w-long] rem cl: 429 tried: 92132/92132 (100.0%) T: 0.04 T-out: N T-r: 64.35%
c [occ-backw-sub-str-long-w-long] sub: 18 str: 404 tried: 276396/92132 (300.0)  T: 0.23 T-out: N T-r: 42.08%
c --> Executing OCC strategy token: occ-clean-implicit
c --> Executing OCC strategy token: occ-bve
c [occ-empty-res] Empty resolvent elimed: 0 T: 0.00 T-out: N
c [occ-bve] iter v-elim 0
c cl_inc_rate=1.0, var_dec_rate=1.0 (grow=0)
c Reduced to 1408 vars, 29928 cls (grow=0)
c [occ-bve] iter v-elim 0
c cl_inc_rate=1.0, var_dec_rate=1.0 (grow=8)
c Reduced to 1408 vars, 29928 cls (grow=8)
c [occ-bve] iter v-elim 0
c cl_inc_rate=1.0, var_dec_rate=1.0 (grow=16)
c Reduced to 1408 vars, 29928 cls (grow=16)
c x n vars       : 1408
c #try to eliminate:  4224
c #var-elim        :     0
c #T-o: N
c #T-r: 99.99%
c #T  : 0.21
c [occur] 0.02 is overhead
c [occur] link-in T: 0.02 cleanup T: 0.00
c --> Executing OCC strategy token: occ-bva
c --> Executing OCC strategy token: occ-ternary-res
c [occ-ternary-res] Ternary res-tri: 0 res-bin: 0 sub: 0 str: 0 T: 0.00 T-out: N T-r: 99.78%
c --> Executing OCC strategy token: occ-xor
c [occ-xor] sort occur list T: 0.00
c [xor-clean-equiv] removed equivalent xors: 0 left with: 823
c [occ-xor] found    823 avg sz 5.8 min sz  4 max sz  6 T: 0.00 T-out: N T-r: 99.97%
c --> Executing strategy token: card-find
c --> Executing strategy token: cl-consolidate
c Not consolidating memory.
c --> Executing strategy token: scc-vrepl
c [scc] new: 0 BP 0M T: 0.00
c --> Executing strategy token: renumber
c --> Executing strategy token: bosphorus
c --> Executing strategy token: louvain-comms
c [consolidate] mini T: 0.00
c global_timeout_multiplier: 4.8315
c [branch] rebuilding order heap for all branchings. Current branching: vsid
c [find&init matx] performing matrix init
c [gauss] XOR-encoding clauses are not detached, so no need to reattach them.
c [xor-rem-unconnected] left with 822 xors from 823 non-empty xors T: 0.00
c [xor-together] xored together: 752 orig xors: 822 new xors: 70 T: 0.00
c [xor-rem-unconnected] left with 70 xors from 70 non-empty xors T: 0.00
c [xor-clean-equiv] removed equivalent xors: 0 left with: 70
c [matrix] unused xors from cleaning: 1
c [matrix] Good   matrix  0     70 x  504  density:0.0935  xorlen avg: 47.14
c [matrix] Using 1 matrices recovered from 0 xors T: 0.00 T-out: N
c rst  geom  svd   vs  1200  613K    1408   29K   788    5.77    5.67  5800  7172   50K   107   18.71   18.68
c rst  geom  svd   vs  1201  615K    1408   29K   788    5.77    5.67  5801  7230   37K   107   16.37   16.34
c rst  geom  svd   vs  1202  616K    1408   29K   788    5.77    5.67  5801  7243   38K   107   16.38   16.35
c [distill-long-red0] cls tried: 323/323 T: 0.07 T-out: N T-r: 97.21%
c [distill-long-red1] cls tried: 18/7104 T: 0.01 T-out: Y T-r: -9.07%
c rst  geom  svd   vs  1203  618K    1408   29K   788    5.77    5.67  5801  7259   40K   107   16.37   16.35
c rst  geom  svd   vs  1204  620K    1408   29K   788    5.77    5.67  5869  6896   42K   107   16.47   16.44
c [distill] watch-based irred--  cl tried     8838 cl-sh     0 cl-rem    0 lit-rem      0 T: 0.01 T-out: Y
c [distill] watch-based   red--  cl tried     6482 cl-sh     1 cl-rem    0 lit-rem      2 T: 0.02 T-out: Y
c rst  geom  svd   vs  1205  622K    1408   29K   788    5.77    5.67  5869  6906   44K   107   16.65   16.62
c [full-probe]  bin_only: 0 set: 0 repl: 0 T: 0.00 T-out: N T-r: 98.64%
c rst  geom  svd   vs  1206  624K    1408   29K   788    5.77    5.67  5870  6943   46K   107   16.84   16.81
c rst  geom best   vs  1207  627K    1408   29K   788    5.77    5.67  5871  7077   49K   107   16.86   16.83
c [ccnr] tries: 0 steps: 262143 best found: 6
c [ccnr] saving best assignment phase to stable_polar
c [ccnr] bumping based on var unsat frequency: conflict_ct
c [ccnr] Bumped vars: 1409 bump type: 6
c [ccnr] time: 0.26
c rst  geom best   vs  1208  629K    1408   29K   788    5.77    5.67  5871  7180   51K   107   16.80   16.78
c rst  geom best   vs  1209  632K    1408   29K   788    5.77    5.67  5991  8296   40K   107   15.87   15.84
c [distill-long-red0] cls tried: 190/190 T: 0.04 T-out: N T-r: 98.50%
c [distill-long-red1] cls tried: 20/8145 T: 0.01 T-out: Y T-r: -11.17%
c [distill-bin] useful: 0/788/788 lits-rem: 0 cl-rem: 0 0-depth-assigns: 0 T: 0.00 T-out: N
c rst  geom best   vs  1210  636K    1408   29K   788    5.77    5.67  5992  8478   43K   107   15.91   15.88
c rst  geom  stb   vs  1211  639K    1408   29K   788    5.77    5.67  5992  8563   46K   107   16.09   16.06
c rst  geom  stb   vs  1212  643K    1408   29K   788    5.77    5.67  6178  8320   50K   107   16.12   16.10
c [full-probe]  bin_only: 1 set: 0 repl: 0 T: 0.00 T-out: N T-r: 99.75%
c [gauss] XOR-encoding clauses are not detached, so no need to reattach them.
c [g 0] truth-find prop checks  : 1792K
c [g 0] -> of which prop        : 25.19 %
c [g 0] -> of which confl       :  1.28 %
c [g 0] elim called             : 174K
c [g 0] ---> which lead to prop : 22.58 %
c [g 0] ---> which lead to confl:  0.39 %
c [g 0] size: 70    x 504  
c [scc] new: 0 BP 0M T: 0.00
c [vrep] vars 0 lits 0 rem-bin-cls 0 rem-long-cls 0 BP 0M T: 0.00
c [intree] Set 0 vars hyper-added: 0 trans-irred: 0 trans-red: 0 T: 0.00 T-out: N T-r: -1.19%
c [find&init matx] performing matrix init
c [gauss] XOR-encoding clauses are not detached, so no need to reattach them.
c [xor-rem-unconnected] left with 822 xors from 823 non-empty xors T: 0.00
c [xor-together] xored together: 752 orig xors: 822 new xors: 70 T: 0.00
c [xor-rem-unconnected] left with 70 xors from 70 non-empty xors T: 0.00
c [xor-clean-equiv] removed equivalent xors: 0 left with: 70
c [matrix] unused xors from cleaning: 1
c [matrix] Good   matrix 0 70      x504    density:0.0935  xorlen avg: 47.14
c [matrix] Using 1 matrices recovered from 0 xors T: 0.00 T-out: N
c rst  geom stb  vs   1213  648 K 1408      29K   788 5.77    5.67     6237 10221   39K   107 15.71   15.68  
c [distill-long-red0] cls tried: 246/246 T: 0.06 T-out: N T-r: 97.91%
c [distill-long-red1] cls tried: 23/10050 T: 0.01 T-out: Y T-r: -4.63%
c [distill] watch-based irred--  cl tried 8928     cl-sh 0     cl-rem 0    lit-rem 0      T: 0.02 T-out: Y
c [distill] watch-based red  --  cl tried 6085     cl-sh 3     cl-rem 0    lit-rem 10     T: 0.02 T-out: Y
c [impl-str] lit bin: 0 set-var: 0 T: 0.00 T-out: N T-r: 99.96% w-visit: 2818
c [impl-sub] bin: 0 T: 0.00 T-out: N w-visit: 2818
c rst  geom ibes vs   1214  652 K 1408      29K   788 5.77    5.67     6518 10108   44K   107 15.57   15.54  
c [distill-bin] useful: 0/788/788 lits-rem: 0 cl-rem: 0 0-depth-assigns: 0 T: 0.00 T-out: N
c rst  geom ibes vs   1215  658 K 1408      29K   788 5.77    5.67     6519 10580   49K   107 15.37   15.34  
c rst  geom ibes vs   1216  664 K 1408      29K   788 5.77    5.67     6750 13017   38K   107 14.76   14.74  
c [distill-long-red0] cls tried: 515/515 T: 0.12 T-out: N T-r: 95.62%
c [distill-long-red1] cls tried: 23/12842 T: 0.01 T-out: Y T-r: -10.82%
c [full-probe]  bin_only: 0 set: 0 repl: 0 T: 0.00 T-out: N T-r: 98.44%
c rst  geom svd  vs   1217  670 K 1408      29K   788 5.77    5.67     7110 12480   44K   107 14.48   14.46  
c [branch] adjusting to: vmtf (from: vsid) var_decay:0.95 descr: VMTF
c rst  luby svd  vmt  1218  670 K 1408      29K   788 5.77    5.67     7113 12495   45K   107 14.51   14.49  
c rst  luby svd  vmt  1219  670 K 1408      29K   788 5.77    5.67     7113 12496   45K   107 14.54   14.52  
c rst  luby svd  vmt  1220  670 K 1408      29K   788 5.77    5.67     7113 12502   45K   107 14.61   14.59  
c rst  luby svd  vmt  1221  671 K 1408      29K   788 5.77    5.67     7113 12502   45K   107 14.66   14.64  
c rst  luby svd  vmt  1222  671 K 1408      29K   788 5.77    5.67     7114 12504   45K   107 14.69   14.67  
c [ccnr] tries: 0 steps: 262143 best found: 8
c [ccnr] saving best assignment phase to stable_polar
c [ccnr] bumping based on var unsat frequency: conflict_ct
c [ccnr] Bumped vars: 1409 bump type: 6
c [ccnr] time: 0.26
c rst  luby svd  vmt  1223  671 K 1408      29K   788 5.77    5.67     7123 12514   45K   108 14.78   14.76  
c rst  luby svd  vmt  1224  671 K 1408      29K   788 5.77    5.67     7124 12521   46K   108 14.92   14.90  
c rst  luby svd  vmt  1225  671 K 1408      29K   788 5.77    5.67     7124 12523   46K   108 14.96   14.94  
c rst  luby svd  vmt  1226  671 K 1408      29K   788 5.77    5.67     7124 12525   46K   108 15.02   15.00  
c rst  luby svd  vmt  1227  672 K 1408      29K   788 5.77    5.67     7124 12529   46K   108 15.07   15.04  
c rst  luby svd  vmt  1228  672 K 1408      29K   788 5.77    5.67     7124 12531   46K   108 15.11   15.09  
c rst  luby svd  vmt  1229  672 K 1408      29K   788 5.77    5.67     7124 12532   46K   108 15.13   15.11  
c rst  luby svd  vmt  1230  672 K 1408      29K   788 5.77    5.67     7124 12536   46K   108 15.20   15.18  
c rst  luby svd  vmt  1231  672 K 1408      29K   788 5.77    5.67     7125 12544   47K   108 15.36   15.34  
c rst  luby svd  vmt  1232  673 K 1408      29K   788 5.77    5.67     7125 12548   48K   108 15.59   15.57  
c [distill-bin] useful: 0/788/788 lits-rem: 0 cl-rem: 0 0-depth-assigns: 0 T: 0.00 T-out: N
c [distill] watch-based irred--  cl tried 7952     cl-sh 0     cl-rem 0    lit-rem 0      T: 0.01 T-out: Y
c [distill] watch-based red  --  cl tried 4213     cl-sh 1     cl-rem 0    lit-rem 1      T: 0.02 T-out: Y
c rst  luby svd  vmt  1233  673 K 1408      29K   788 5.77    5.67     7125 12550   48K   108 15.62   15.60  
c rst  luby svd  vmt  1234  673 K 1408      29K   788 5.77    5.67     7125 12551   48K   108 15.64   15.62  
c rst  luby svd  vmt  1235  674 K 1408      29K   788 5.77    5.67     7125 12552   48K   108 15.69   15.66  
c rst  luby svd  vmt  1236  674 K 1408      29K   788 5.77    5.67     7125 12554   48K   108 15.73   15.71  
c rst  luby svd  vmt  1237  674 K 1408      29K   788 5.77    5.67     7125 12555   48K   108 15.78   15.76  
c rst  luby svd  vmt  1238  674 K 1408      29K   788 5.77    5.67     7125 12558   48K   108 15.87   15.85  
c rst  luby svd  vmt  1239  674 K 1408      29K   788 5.77    5.67     7125 12564   49K   108 16.05   16.03  
c rst  luby svd  vmt  1240  675 K 1408      29K   788 5.77    5.67     7181 14451   34K   108 15.63   15.60  
c rst  luby svd  vmt  1241  675 K 1408      29K   788 5.77    5.67     7181 14452   34K   108 15.68   15.66  
c rst  luby svd  vmt  1242  675 K 1408      29K   788 5.77    5.67     7181 14454   34K   108 15.75   15.73  
c rst  luby svd  vmt  1243  675 K 1408      29K   788 5.77    5.67     7181 14454   34K   108 15.80   15.78  
c rst  luby svd  vmt  1244  675 K 1408      29K   788 5.77    5.67     7181 14455   34K   108 15.85   15.82  
c rst  luby svd  vmt  1245  675 K 1408      29K   788 5.77    5.67     7183 14457   34K   108 15.92   15.90  
c rst  luby svd  vmt  1246  676 K 1408      29K   788 5.77    5.67     7187 14461   35K   108 16.07   16.05  
c rst  geom best vmt  1247  676 K 1408      29K   788 5.77    5.67     7187 14461   35K   108 16.10   16.07  
c rst  geom best vmt  1248  676 K 1408      29K   788 5.77    5.67     7187 14463   35K   108 16.16   16.13  
c rst  geom best vmt  1249  676 K 1408      29K   788 5.77    5.67     7187 14463   35K   108 16.20   16.17  
c rst  geom best vmt  1250  676 K 1408      29K   788 5.77    5.67     7187 14463   35K   108 16.25   16.22  
c rst  geom best vmt  1251  676 K 1408      29K   788 5.77    5.67     7187 14465   36K   108 16.32   16.29  
c rst  geom best vmt  1252  677 K 1408      29K   788 5.77    5.67     7187 14465   36K   108 16.34   16.31  
c rst  geom best vmt  1253  677 K 1408      29K   788 5.77    5.67     7187 14465   36K   108 16.45   16.43  
c rst  geom best vmt  1254  677 K 1408      29K   788 5.77    5.67     7187 14465   36K   108 16.51   16.49  
c rst  geom best vmt  1255  677 K 1408      29K   788 5.77    5.67     7187 14466   36K   108 16.58   16.55  
c rst  geom best vmt  1256  677 K 1408      29K   788 5.77    5.67     7187 14468   37K   108 16.63   16.60  
c rst  geom best vmt  1257  678 K 1408      29K   788 5.77    5.67     7187 14468   37K   108 16.74   16.71  
c rst  geom best vmt  1258  678 K 1408      29K   788 5.77    5.67     7187 14469   37K   108 16.79   16.76  
c rst  geom best vmt  1259  678 K 1408      29K   788 5.77    5.67     7188 14473   38K   108 16.88   16.85  
c rst  geom best vmt  1260  679 K 1408      29K   788 5.77    5.67     7188 14475   38K   108 16.96   16.93  
c [distill-long-red0] cls tried: 438/438 T: 0.07 T-out: N T-r: 97.01%
c [distill-long-red1] cls tried: 28/14293 T: 0.01 T-out: Y T-r: -7.36%
c rst  geom best vmt  1261  679 K 1408      29K   788 5.77    5.67     7188 14478   38K   108 17.05   17.03  
c rst  geom best vmt  1262  680 K 1408      29K   788 5.77    5.67     7249 13570   40K   108 17.13   17.11  
c rst  geom best vmt  1263  680 K 1408      29K   788 5.77    5.67     7250 13578   40K   108 17.32   17.29  
c rst  geom best vmt  1264  681 K 1408      29K   788 5.77    5.67     7250 13582   41K   108 17.49   17.47  
c rst  geom best vmt  1265  681 K 1408      29K   788 5.77    5.67     7250 13583   41K   108 17.68   17.65  
c rst  geom best vmt  1266  682 K 1408      29K   788 5.77    5.67     7250 13583   42K   108 17.96   17.93  
c rst  geom best vmt  1267  683 K 1408      29K   788 5.77    5.67     7250 13593   43K   108 18.10   18.07  
c rst  geom best vmt  1268  683 K 1408      29K   788 5.77    5.67     7274 13750   43K   108 18.10   18.08  
c rst  geom best vmt  1269  684 K 1408      29K   788 5.77    5.67     7274 13760   44K   108 18.41   18.38  
c [full-probe]  bin_only: 1 set: 0 repl: 0 T: 0.00 T-out: N T-r: 99.80%
c rst  geom best vmt  1270  685 K 1408      29K   788 5.77    5.67     7275 13775   45K   108 18.60   18.57  
c rst  geom best vmt  1271  686 K 1408      29K   788 5.77    5.67     7275 13786   46K   108 18.87   18.84  
c rst  geom best vmt  1272  687 K 1408      29K   788 5.77    5.67     7276 13794   47K   108 19.02   19.00  
c rst  geom best vmt  1273  689 K 1408      29K   788 5.77    5.67     7277 13807   48K   108 19.43   19.41  
c rst  geom stb  vmt  1274  690 K 1408      29K   788 5.77    5.67     7587 12618   38K   108 20.30   20.26  
c rst  geom stb  vmt  1275  692 K 1408      29K   788 5.77    5.67     7587 12627   40K   108 20.73   20.69  
c rst  geom stb  vmt  1276  693 K 1408      29K   788 5.77    5.67     7587 12633   42K   108 21.30   21.26  
c [distill-bin] useful: 0/788/788 lits-rem: 0 cl-rem: 0 0-depth-assigns: 0 T: 0.01 T-out: N
c rst  geom stb  vmt  1277  695 K 1408      29K   788 5.77    5.67     7587 12654   43K   108 21.85   21.82  
c [distill-long-red0] cls tried: 399/399 T: 0.06 T-out: N T-r: 98.11%
c [distill-long-red1] cls tried: 26/12461 T: 0.01 T-out: Y T-r: -6.24%
c rst  geom stb  vmt  1278  697 K 1408      29K   788 5.77    5.67     7587 12662   45K   108 22.15   22.12  
c rst  geom stb  vmt  1279  700 K 1408      29K   788 5.77    5.67     7588 12698   48K   108 23.02   22.98  
c [distill] watch-based irred--  cl tried 9192     cl-sh 0     cl-rem 0    lit-rem 0      T: 0.01 T-out: N
c [distill] watch-based red  --  cl tried 7165     cl-sh 12    cl-rem 0    lit-rem 23     T: 0.02 T-out: Y
c rst  geom stb  vmt  1280  702 K 1408      29K   788 5.77    5.67     7638 11351   51K   108 23.67   23.64  
c rst  geom ibes vmt  1281  705 K 1408      29K   788 5.77    5.67     7654 11589   41K   108 26.16   26.11  
c [full-probe]  bin_only: 0 set: 0 repl: 0 T: 0.01 T-out: N T-r: 97.73%
c rst  geom ibes vmt  1282  708 K 1408      29K   788 5.77    5.67     7656 11610   44K   108 26.58   26.53  
c [impl-str] lit bin: 0 set-var: 0 T: 0.00 T-out: N T-r: 99.96% w-visit: 2818
c [impl-sub] bin: 1 T: 0.00 T-out: N w-visit: 2818
c rst  geom ibes vmt  1283  711 K 1408      29K   788 5.77    5.67     7724  9789   49K   107 27.11   27.07  
c [distill-long-red0] cls tried: 149/149 T: 0.01 T-out: N T-r: 99.65%
c [distill-long-red1] cls tried: 28/9634 T: 0.02 T-out: Y T-r: -4.05%
c [gauss] XOR-encoding clauses are not detached, so no need to reattach them.
c [g 0] truth-find prop checks  : 2982K
c [g 0] -> of which prop        : 40.90 %
c [g 0] -> of which confl       :  1.26 %
c [g 0] elim called             : 226K
c [g 0] ---> which lead to prop : 36.91 %
c [g 0] ---> which lead to confl:  0.68 %
c [g 0] size: 70    x 504  
c [scc] new: 0 BP 0M T: 0.00
c [vrep] vars 0 lits 0 rem-bin-cls 0 rem-long-cls 0 BP 0M T: 0.00
c [intree] Set 0 vars hyper-added: 0 trans-irred: 0 trans-red: 0 T: 0.01 T-out: N T-r: -3.45%
c [find&init matx] performing matrix init
c [gauss] XOR-encoding clauses are not detached, so no need to reattach them.
c [xor-rem-unconnected] left with 822 xors from 823 non-empty xors T: 0.00
c [xor-together] xored together: 752 orig xors: 822 new xors: 70 T: 0.00
c [xor-rem-unconnected] left with 70 xors from 70 non-empty xors T: 0.00
c [xor-clean-equiv] removed equivalent xors: 0 left with: 70
c [matrix] unused xors from cleaning: 1
c [matrix] Good   matrix 0 70      x504    density:0.0935  xorlen avg: 47.14
c [matrix] Using 1 matrices recovered from 0 xors T: 0.00 T-out: N
c rst  geom ibes vmt  1284  715 K 1408      29K   788 5.77    5.67     7736 10153   52K   107 26.89   26.85  
c [distill-bin] useful: 0/788/788 lits-rem: 0 cl-rem: 0 0-depth-assigns: 0 T: 0.01 T-out: N
c [ccnr] tries: 0 steps: 262143 best found: 8
c [ccnr] saving best assignment phase to stable_polar
c [ccnr] bumping based on clause weights
c [ccnr] Bumped vars: 101 bump type: 6
c [ccnr] time: 0.26
c rst  geom svd  vmt  1285  719 K 1408      29K   788 5.77    5.67     7744 10537   56K   107 26.66   26.63  
c rst  geom svd  vmt  1286  723 K 1408      29K   788 5.77    5.67     8328  9498   45K   107 25.04   25.00  
c rst  geom svd  vmt  1287  728 K 1408      29K   788 5.77    5.67     8330  9662   49K   107 24.66   24.62  
c [distill-long-red0] cls tried: 606/606 T: 0.09 T-out: N T-r: 96.97%
c [distill-long-red1] cls tried: 30/9523 T: 0.01 T-out: Y T-r: -3.73%
c [full-probe]  bin_only: 1 set: 0 repl: 0 T: 0.01 T-out: N T-r: 99.71%
c [distill] watch-based irred--  cl tried 9192     cl-sh 0     cl-rem 0    lit-rem 0      T: 0.01 T-out: N
c [distill] watch-based red  --  cl tried 8187     cl-sh 17    cl-rem 0    lit-rem 27     T: 0.02 T-out: Y
c rst  geom best vmt  1288  733 K 1408      29K   788 5.77    5.67     8613  7564   57K   107 23.97   23.94  
c rst  geom best vmt  1289  739 K 1408      29K   788 5.77    5.67     8772 10477   45K   114 20.83   20.80  
c [branch] adjusting to: vsid (from: vmtf) var_decay:0.95 descr: VSIDS
c [distill-bin] useful: 0/788/788 lits-rem: 0 cl-rem: 0 0-depth-assigns: 0 T: 0.00 T-out: N
c rst  geom best vs   1290  739 K 1408      29K   788 5.77    5.67     8772 10479   45K   114 20.83   20.79  
c rst  geom best vs   1291  739 K 1408      29K   788 5.77    5.67     8772 10480   46K   114 20.83   20.80  
c rst  geom best vs   1292  739 K 1408      29K   788 5.77    5.67     8772 10485   46K   114 20.84   20.81  
c rst  geom best vs   1293  739 K 1408      29K   788 5.77    5.67     8772 10508   46K   114 20.81   20.78  
c rst  geom best vs   1294  740 K 1408      29K   788 5.77    5.67     9302  6868   49K   114 20.81   20.78  
c rst  geom best vs   1295  740 K 1408      29K   788 5.77    5.67     9303  6923   49K   114 20.79   20.75  
c rst  geom best vs   1296  740 K 1408      29K   788 5.77    5.67     9303  6936   49K   114 20.76   20.73  
c rst  geom best vs   1297  740 K 1408      29K   788 5.77    5.67     9303  6954   50K   114 20.75   20.72  
c rst  geom stb  vs   1298  740 K 1408      29K   788 5.77    5.67     9303  6972   50K   114 20.74   20.71  
c rst  geom stb  vs   1299  741 K 1408      29K   788 5.77    5.67     9305  7091   50K   114 20.71   20.68  
c rst  geom stb  vs   1300  741 K 1408      29K   788 5.77    5.67     9307  7100   50K   114 20.71   20.68  
c rst  geom stb  vs   1301  741 K 1408      29K   788 5.77    5.67     9307  7117   51K   114 20.68   20.65  
c rst  geom stb  vs   1302  742 K 1408      29K   788 5.77    5.67     9308  7179   51K   114 20.65   20.62  
c rst  geom stb  vs   1303  742 K 1408      29K   788 5.77    5.67     9308  7238   51K   114 20.63   20.60  
c rst  geom stb  vs   1304  742 K 1408      29K   788 5.77    5.67     9314  7317   52K   115 20.60   20.57  
c rst  geom stb  vs   1305  743 K 1408      29K   788 5.77    5.67     9314  7334   52K   115 20.59   20.56  
c [distill-long-red0] cls tried: 1001/1001 T: 0.10 T-out: N T-r: 96.45%
c [distill-long-red1] cls tried: 37/7205 T: 0.01 T-out: Y T-r: -5.03%
c rst  geom stb  vs   1306  743 K 1408      29K   788 5.77    5.67     9002  7402   52K   428 20.55   20.43  
c rst  geom stb  vs   1307  744 K 1408      29K   788 5.77    5.67     9002  7422   53K   428 20.52   20.41  
c rst  geom stb  vs   1308  745 K 1408      29K   788 5.77    5.67     9002  7486   53K   428 20.48   20.37  
c rst  geom stb  vs   1309  745 K 1408      29K   788 5.77    5.67     9002  7579   54K   428 20.44   20.33  
c rst  geom stb  vs   1310  746 K 1408      29K   788 5.77    5.67     9011  7896   55K   429 20.37   20.26  
c rst  geom stb  vs   1311  747 K 1408      29K   788 5.77    5.67     9013  8113   55K   429 20.31   20.20  
c rst  geom stb  vs   1312  748 K 1408      29K   788 5.77    5.67     9021  8236   56K   430 20.27   20.17  
c rst  geom stb  vs   1313  749 K 1407      29K   788 5.77    5.67     9074  8728   56K   441 20.18   20.08  
c [full-probe]  bin_only: 0 set: 0 repl: 0 T: 0.01 T-out: N T-r: 98.03%
c rst  geom stb  vs   1314  750 K 1407      29K   788 5.77    5.67     9848 11512   37K   441 15.74   15.63  
c rst  geom stb  vs   1315  751 K 1406      29K   788 5.77    5.67     9909 12254   37K   453 15.66   15.55  
c rst  geom stb  vs   1316  752 K 1406      29K   788 5.77    5.67     9932 12852   38K   455 15.60   15.50  
c rst  geom stb  vs   1317  753 K 1406      29K   788 5.77    5.67     9976 13634   38K   463 15.52   15.42  
c [distill] watch-based irred--  cl tried 7914     cl-sh 510   cl-rem 301  lit-rem 568    T: 0.01 T-out: N
c [distill] watch-based red  --  cl tried 12244    cl-sh 1592  cl-rem 2342 lit-rem 2303   T: 0.02 T-out: N
c rst  geom ibes vs   1318  755 K 1406      28K   821 5.76    5.65     4937  9128   22K   381 15.13   15.00  
c rst  geom ibes vs   1319  756 K 690     18514  1122 5.49    5.29     2292   661   162   163 6.58    6.36   
c ------- FINAL TOTAL SEARCH STATS ---------
c UIP search time          : 78.73       (98.01     % time)
c All times are for this thread only except if explicitly specified
c restarts                 : 1319        (573.71    confls per restart)
c blocked restarts         : 0           (0.00      per normal restart)
c time                     : 78.73       
c decisions                : 807223      (0.00      % random)
c propagations             : 86M         (1096K     props/s)
c decisions/conflicts      : 1.07        
c conflicts                : 756720      
c LEARNT stats
c units learnt             : 13          (0.00      % of conflicts)
c bins learnt              : 153         (0.02      % of conflicts)
c long learnt              : 760287      (100.47    % of conflicts)
c red which0               : 1726        (0.23      % of confl)
c SEAMLESS HYPERBIN&TRANS-RED stats
c advProp called           : 0           
c hyper-bin add bin        : 0           (0.00      bin/call)
c trans-red rem irred bin  : 0           (0.00      bin/call)
c trans-red rem red bin    : 0           (0.00      bin/call)
c CONFL LITS stats
c orig                     : 126631960   (167.34    lit/confl)
c recurs-min effective     : 714956      (94.48     % attempt successful)
c recurs-min lits          : 105950666   (83.67     % less overall)
c permDiff call%           : 3.03        (0.00      % attempt successful)
c permDiff lits-rem        : 0           (0.00      less lits/cl on attempts)
c further-min call%        : 0.04        (23.08     % attempt successful)
c bintri-min lits          : 206         (0.00      % less overall)
c final avg                : 27.33       
c all-threads sum CPU time : 78.73        s
c PROP stats
c Mbogo-props              : 316.43      (4.02      / sec)
c MHyper-props             : 0.10        (0.00      / sec)
c Mprops                   : 86.30       (1.10      / sec)
c -------- OccSimplifier STATS ----------
c time                     : 1.43        (0.00      % var-elim)
c called                   : 5           (0.29      s per call)
c 0-depth assigns          : 0           (0.00      % vars)
c -------- OccSimplifier STATS END ----------
c -------- SubsumeStrengthen STATS ----------
c cl-subs                  : 3465         Clauses
c cl-str rem lit           : 1509         Lits
c cl-sub T                 : 0.18         s
c cl-str T                 : 1.07         s
c -------- SubsumeStrengthen STATS END ----------
c ----- SCC STATS --------
c time                     : 0.00        (0.00      per call)
c called                   : 24          (0.62      new found per call)
c found                    : 15          (50.00     % of all found)
c bogoprops                : 920560      % of all found
c ----- SCC STATS END --------
c --------- VAR REPLACE STATS ----------
c time                     : 0.09        (0.01      per call)
c trees' crown             : 10          (0.23      % of vars)
c 0-depth assigns          : 0           (0.00      % vars)
c lits replaced            : 50011       
c bin cls removed          : 44          
c long cls removed         : 2           
c long lits removed        : 1417        
c bogoprops                : 3580200     
c --------- VAR REPLACE STATS END ----------
c vrep replace time        : 0.09        (0.11      % time)
c vrep tree roots          : 5           
c vrep trees' crown        : 10          (2.00      leafs/tree)
c -------- DISTILL-BIN STATS --------
c time                     : 0.19        (0.01      per call)
c timed out                : 1           (2.78      % of calls)
c distill/checked/potential: 0          /31005/31128
c lits-rem                 : 0           
c 0-depth-assigns          : 0           (0.00      % of vars)
c -------- DISTILL STATS END --------
c -------- STRENGTHEN STATS --------
c --> watch-based on irred cls
c time                     : 0.22        (0.00      s/call)
c shrinked/tried/total     : 530        /269272/1455491
c subsumed/tried/total     : 320        /269272/1455491
c lits-rem                 : 588         (0.05      % of lits tried)
c called                   : 58          (31081.03  % ran out of time)
c --> watch-based on red cls
c time                     : 0.30        (0.01      s/call)
c shrinked/tried/total     : 2327       /151536/200612
c subsumed/tried/total     : 2356       /151536/200612
c lits-rem                 : 3497        (0.32      % of lits tried)
c called                   : 58          (84613.79  % ran out of time)
c -------- STRENGTHEN STATS END --------
c -------- IMPLICIT SUB  STATS --------
c time                     : 0.00        (0.00      per call)
c timed out                : 0           (0.00      % of calls)
c rem bins                 : 39          
c -------- IMPLICIT SUB STATS END --------
c Mem used                 : 52          MB
c Mem for longclauses      : 1           MB (3.11      %)
c Mem for watch alloc      : 15          MB (29.57     %)
c Mem for watch array      : 0           MB (0.12      %)
c Mem for assings&vardata  : 0           MB (0.20      %)
c Mem for search&solve     : 0           MB (0.44      %)
c Mem for renumberer       : 0           MB (0.09      %)
c Mem for occsimplifier    : 1           MB (2.50      %)
c Mem for varReplacer&SCC  : 0           MB (0.17      %)
c Mem for impl subsume     : 0           MB (0.00      %)
c Mem for 3 distills       : 0           MB (0.00      %)
c Accounted for mem (rss)  : 36.21       %
c Accounted for mem (vm)   : 32.60       %
c restarts                 : 1319        (573.71    confls per restart)
c blocked restarts         : 0           (0.00      per normal restart)
c time                     : 78.73       
c decisions                : 807223      (0.00      % random)
c propagations             : 86M         (1096K     props/s)
c decisions/conflicts      : 1.07        
c conflicts                : 756720      
c conf lits non-minim      : 126631960   (167.34    lit/confl)
c conf lits final          : 27.33       
c red which0               : 1726        (0.23      % of confl)
c props/decision           : 0.00        
c props/conflict           : 0.00        
c 0-depth assigns          : 720         (51.10     % vars)
c 0-depth assigns by CNF   : 0           (0.00      % vars)
c reduceDB time            : 0.16        (0.19      % time)
c OccSimplifier time       : 1.43        (1.78      % time)
c [occur] 0.15 is overhead
c [occur] link-in T: 0.12 cleanup T: 0.03
c [occ-substr] long subBySub: 2947 subByStr: 518 lits-rem-str: 1509 T: 1.25
c SCC time                 : 0.00        (0.00      % time)
c [scc] new: 15 BP 0M  T: 0.00
c vrep replace time        : 0.09        (0.11      % time)
c vrep tree roots          : 5           
c vrep trees' crown        : 10          (2.00      leafs/tree)
c distill long time        : 2.09        (2.60      % time)
c distill bin time         : 0.19        (0.24      % time)
c strength cache-irred time: 0.22        (0.27      % time)
c strength cache-red time  : 0.30        (0.38      % time)
c avg cls in red 0         : 3430.16     
c avg cls in red 1         : 3979.34     
c avg cls in red 2         : 41526.18    
c Conflicts in UIP         : 756720      (9420.54   confl/time_this_thread)
c Max Memory (rss) used    : 54324 kB    
c Total time (this thread) : 80.33       
s UNSATISFIABLE
c [g 0] truth-find prop checks  : 2535K
c [g 0] -> of which prop        : 27.25 %
c [g 0] -> of which confl       :  1.22 %
c [g 0] elim called             : 240K
c [g 0] ---> which lead to prop : 23.09 %
c [g 0] ---> which lead to confl:  0.40 %
c [g 0] size: 70    x 504  
