contrast,rung_pair,k,replicate,value
single_cell_alpha,5000->10000,5,0,0.360269616340427
single_cell_alpha,5000->10000,5,1,0.402263240246058
single_cell_alpha,5000->10000,5,2,0.6312001413222279
single_cell_alpha,5000->10000,5,3,0.6476688528850054
single_cell_alpha,5000->10000,5,4,0.4286998123008387
single_cell_alpha,5000->10000,5,5,0.5367859851040445
single_cell_alpha,5000->10000,5,6,0.42432381153621085
single_cell_alpha,5000->10000,5,7,0.6396278709727625
single_cell_alpha,5000->10000,5,8,0.49612841468417856
single_cell_alpha,5000->10000,5,9,0.43425311584060755
single_cell_alpha,5000->10000,5,10,0.39370314277465135
single_cell_alpha,5000->10000,5,11,0.40275406425133564
single_cell_alpha,5000->10000,5,12,0.45799816676014077
single_cell_alpha,5000->10000,5,13,0.3807360077535494
single_cell_alpha,5000->10000,5,14,0.5915043363443842
single_cell_alpha,5000->10000,5,15,0.6443552030772037
single_cell_alpha,5000->10000,5,16,0.5559125624386962
single_cell_alpha,5000->10000,5,17,0.5627992119653833
single_cell_alpha,5000->10000,5,18,0.42564055181048016
single_cell_alpha,5000->10000,5,19,0.29134135506795
single_cell_alpha,5000->10000,5,20,0.3812496722313528
single_cell_alpha,5000->10000,5,21,0.6722300031531724
single_cell_alpha,5000->10000,5,22,0.4482419498846051
single_cell_alpha,5000->10000,5,23,0.2897866699845547
single_cell_alpha,5000->10000,5,24,0.5593584936308129
single_cell_alpha,5000->10000,5,25,0.5616225713380265
single_cell_alpha,5000->10000,5,26,0.6810896154222348
single_cell_alpha,5000->10000,5,27,0.3384323299357962
single_cell_alpha,5000->10000,5,28,0.641781686914504
single_cell_alpha,5000->10000,5,29,0.5001166193900011
single_cell_alpha,5000->10000,5,30,0.5472864344389751
single_cell_alpha,5000->10000,5,31,0.6794479661185916
single_cell_alpha,5000->10000,5,32,0.4880377257275397
single_cell_alpha,5000->10000,5,33,0.4525693346166594
single_cell_alpha,5000->10000,5,34,0.22660482766023765
single_cell_alpha,5000->10000,5,35,0.6600047339926548
single_cell_alpha,5000->10000,5,36,0.5003398389958621
single_cell_alpha,5000->10000,5,37,0.5189981402316229
single_cell_alpha,5000->10000,5,38,0.7253953043345555
single_cell_alpha,5000->10000,5,39,0.6015673723762064
single_cell_alpha,5000->10000,5,40,0.679410444241628
single_cell_alpha,5000->10000,5,41,0.7819764903637542
single_cell_alpha,5000->10000,5,42,0.6701405390297351
single_cell_alpha,5000->10000,5,43,0.4620959613629033
single_cell_alpha,5000->10000,5,44,0.5336120731361264
single_cell_alpha,5000->10000,5,45,0.4592552421505296
single_cell_alpha,5000->10000,5,46,0.2790169995966665
single_cell_alpha,5000->10000,5,47,0.5559849290142967
single_cell_alpha,5000->10000,5,48,0.6495040332797646
single_cell_alpha,5000->10000,5,49,0.43335557826012533
single_cell_alpha,5000->10000,5,50,0.3325823497571014
single_cell_alpha,5000->10000,5,51,0.5795585628191495
single_cell_alpha,5000->10000,5,52,0.3881372793931638
single_cell_alpha,5000->10000,5,53,0.3207508192501257
single_cell_alpha,5000->10000,5,54,0.47061229770754043
single_cell_alpha,5000->10000,5,55,0.4321408421320508
single_cell_alpha,5000->10000,5,56,0.4256788602128711
single_cell_alpha,5000->10000,5,57,0.3769055039135856
single_cell_alpha,5000->10000,5,58,0.43773428007467335
single_cell_alpha,5000->10000,5,59,0.5667833129461393
single_cell_alpha,5000->10000,5,60,0.3748734541168908
single_cell_alpha,5000->10000,5,61,0.547565905343881
single_cell_alpha,5000->10000,5,62,0.5153096197359557
single_cell_alpha,5000->10000,5,63,0.537623155932485
single_cell_alpha,5000->10000,5,64,0.182086213246038
single_cell_alpha,5000->10000,5,65,0.4887700371554845
single_cell_alpha,5000->10000,5,66,0.4692469543953958
single_cell_alpha,5000->10000,5,67,0.43244549264268056
single_cell_alpha,5000->10000,5,68,0.4229039032847963
single_cell_alpha,5000->10000,5,69,0.46071368301486737
single_cell_alpha,5000->10000,5,70,0.4605886407183904
single_cell_alpha,5000->10000,5,71,0.5056955828107038
single_cell_alpha,5000->10000,5,72,0.41635963025024125
single_cell_alpha,5000->10000,5,73,0.5335746555426186
single_cell_alpha,5000->10000,5,74,0.6286418082374398
single_cell_alpha,5000->10000,5,75,0.5379464664222954
single_cell_alpha,5000->10000,5,76,0.2862985716042388
single_cell_alpha,5000->10000,5,77,0.2725670288865577
single_cell_alpha,5000->10000,5,78,0.5984166261701304
single_cell_alpha,5000->10000,5,79,0.42530245941414946
single_cell_alpha,5000->10000,5,80,0.5445232936215818
single_cell_alpha,5000->10000,5,81,0.4105274276241526
single_cell_alpha,5000->10000,5,82,0.4050982682388294
single_cell_alpha,5000->10000,5,83,0.4568879047614037
single_cell_alpha,5000->10000,5,84,0.5466015441738904
single_cell_alpha,5000->10000,5,85,0.4184011344015999
single_cell_alpha,5000->10000,5,86,0.5427600482202312
single_cell_alpha,5000->10000,5,87,0.263450772991707
single_cell_alpha,5000->10000,5,88,0.4914805288577167
single_cell_alpha,5000->10000,5,89,0.6728681173147204
single_cell_alpha,5000->10000,5,90,0.5487994018275099
single_cell_alpha,5000->10000,5,91,0.49079049835753324
single_cell_alpha,5000->10000,5,92,0.38714783835592975
single_cell_alpha,5000->10000,5,93,0.4139262775494457
single_cell_alpha,5000->10000,5,94,0.6021835453734584
single_cell_alpha,5000->10000,5,95,0.5551391064041745
single_cell_alpha,5000->10000,5,96,0.6992703008163846
single_cell_alpha,5000->10000,5,97,0.6472959063878041
single_cell_alpha,5000->10000,5,98,0.5009260737791574
single_cell_alpha,5000->10000,5,99,0.4603584916708712
single_cell_alpha,5000->10000,5,100,0.5736885458471286
single_cell_alpha,5000->10000,5,101,0.6771124989595362
single_cell_alpha,5000->10000,5,102,0.34407742223518906
single_cell_alpha,5000->10000,5,103,0.46915569170947113
single_cell_alpha,5000->10000,5,104,0.5615611176205345
single_cell_alpha,5000->10000,5,105,0.33933387188958847
single_cell_alpha,5000->10000,5,106,0.5342138578565825
single_cell_alpha,5000->10000,5,107,0.44385324272011084
single_cell_alpha,5000->10000,5,108,0.3540408914486241
single_cell_alpha,5000->10000,5,109,0.5784614236811252
single_cell_alpha,5000->10000,5,110,0.5132203269210478
single_cell_alpha,5000->10000,5,111,0.5689137158256526
single_cell_alpha,5000->10000,5,112,0.20172420941444016
single_cell_alpha,5000->10000,5,113,0.5239257901528344
single_cell_alpha,5000->10000,5,114,0.3684061029882029
single_cell_alpha,5000->10000,5,115,0.5384394470096754
single_cell_alpha,5000->10000,5,116,0.3637589615715113
single_cell_alpha,5000->10000,5,117,0.468004908125235
single_cell_alpha,5000->10000,5,118,0.49497534684971806
single_cell_alpha,5000->10000,5,119,0.35891757097530747
single_cell_alpha,5000->10000,5,120,0.49164795778180076
single_cell_alpha,5000->10000,5,121,0.6670367035323916
single_cell_alpha,5000->10000,5,122,0.33991186321653294
single_cell_alpha,5000->10000,5,123,0.32761261640480305
single_cell_alpha,5000->10000,5,124,0.4188324552298821
single_cell_alpha,5000->10000,5,125,0.5263244336428765
single_cell_alpha,5000->10000,5,126,0.5368764592713071
single_cell_alpha,5000->10000,5,127,0.4791542514566703
single_cell_alpha,5000->10000,5,128,0.5083728799006187
single_cell_alpha,5000->10000,5,129,0.4894057384906876
single_cell_alpha,5000->10000,5,130,0.5341599653750662
single_cell_alpha,5000->10000,5,131,0.4715613026511007
single_cell_alpha,5000->10000,5,132,0.5437076276180097
single_cell_alpha,5000->10000,5,133,0.3810662459033017
single_cell_alpha,5000->10000,5,134,0.3118605182595078
single_cell_alpha,5000->10000,5,135,0.4959557027864677
single_cell_alpha,5000->10000,5,136,0.5066656183651681
single_cell_alpha,5000->10000,5,137,0.643874282735906
single_cell_alpha,5000->10000,5,138,0.583164792110003
single_cell_alpha,5000->10000,5,139,0.2908272211888896
single_cell_alpha,5000->10000,5,140,0.4735277633820652
single_cell_alpha,5000->10000,5,141,0.5232415009280335
single_cell_alpha,5000->10000,5,142,0.5181984577210692
single_cell_alpha,5000->10000,5,143,0.36657381076555573
single_cell_alpha,5000->10000,5,144,0.42209443847984096
single_cell_alpha,5000->10000,5,145,0.4678035941568961
single_cell_alpha,5000->10000,5,146,0.5087169839319802
single_cell_alpha,5000->10000,5,147,0.6346100261373483
single_cell_alpha,5000->10000,5,148,0.43808466517575884
single_cell_alpha,5000->10000,5,149,0.3690400240941277
single_cell_alpha,5000->10000,5,150,0.42153379421730275
single_cell_alpha,5000->10000,5,151,0.3576008649490093
single_cell_alpha,5000->10000,5,152,0.463751059843594
single_cell_alpha,5000->10000,5,153,0.352790667033595
single_cell_alpha,5000->10000,5,154,0.4403121977856578
single_cell_alpha,5000->10000,5,155,0.2052600877747989
single_cell_alpha,5000->10000,5,156,0.5539403233887631
single_cell_alpha,5000->10000,5,157,0.52162908673594
single_cell_alpha,5000->10000,5,158,0.5266516514810763
single_cell_alpha,5000->10000,5,159,0.5356709641264663
single_cell_alpha,5000->10000,5,160,0.6374417555075802
single_cell_alpha,5000->10000,5,161,0.4991060163468516
single_cell_alpha,5000->10000,5,162,0.5315859619345069
single_cell_alpha,5000->10000,5,163,0.5300140859126411
single_cell_alpha,5000->10000,5,164,0.23053250812133827
single_cell_alpha,5000->10000,5,165,0.8043584696808828
single_cell_alpha,5000->10000,5,166,0.424652719809376
single_cell_alpha,5000->10000,5,167,0.5477866807675269
single_cell_alpha,5000->10000,5,168,0.7054651415495085
single_cell_alpha,5000->10000,5,169,0.5277003798998736
single_cell_alpha,5000->10000,5,170,0.4059265799213864
single_cell_alpha,5000->10000,5,171,0.6443923346223397
single_cell_alpha,5000->10000,5,172,0.4957730248216751
single_cell_alpha,5000->10000,5,173,0.6639007661820138
single_cell_alpha,5000->10000,5,174,0.3621718494547202
single_cell_alpha,5000->10000,5,175,0.3624646685836127
single_cell_alpha,5000->10000,5,176,0.44556773034518143
single_cell_alpha,5000->10000,5,177,0.5027621733081864
single_cell_alpha,5000->10000,5,178,0.5108317407916834
single_cell_alpha,5000->10000,5,179,0.43917855801748956
single_cell_alpha,5000->10000,5,180,0.4994793295609058
single_cell_alpha,5000->10000,5,181,0.5638188879209812
single_cell_alpha,5000->10000,5,182,0.7159646113414118
single_cell_alpha,5000->10000,5,183,0.5309172116917734
single_cell_alpha,5000->10000,5,184,0.6603108633815035
single_cell_alpha,5000->10000,5,185,0.3476417220450843
single_cell_alpha,5000->10000,5,186,0.5651640909019425
single_cell_alpha,5000->10000,5,187,0.6144123323858581
single_cell_alpha,5000->10000,5,188,0.46879101809783247
single_cell_alpha,5000->10000,5,189,0.45098900187342283
single_cell_alpha,5000->10000,5,190,0.35421119682738184
single_cell_alpha,5000->10000,5,191,0.5320077383995263
single_cell_alpha,5000->10000,5,192,0.2911521205158675
single_cell_alpha,5000->10000,5,193,0.5274408753019704
single_cell_alpha,5000->10000,5,194,0.5064080084303647
single_cell_alpha,5000->10000,5,195,0.6421295189142169
single_cell_alpha,5000->10000,5,196,0.5185716899158196
single_cell_alpha,5000->10000,5,197,0.36541154183198976
single_cell_alpha,5000->10000,5,198,0.4948541895112412
single_cell_alpha,5000->10000,5,199,0.4735966032257456
regime_main_effect,mixed,5,0,-0.1472296418696818
regime_main_effect,mixed,5,1,0.026673880723141252
regime_main_effect,mixed,5,2,0.07029369435270738
regime_main_effect,mixed,5,3,0.08298591112465636
regime_main_effect,mixed,5,4,0.10553147742725805
regime_main_effect,mixed,5,5,-0.04944084319681019
regime_main_effect,mixed,5,6,-0.004359773114632093
regime_main_effect,mixed,5,7,0.11743601228611644
regime_main_effect,mixed,5,8,-0.050399804385561575
regime_main_effect,mixed,5,9,-0.12440133783434237
regime_main_effect,mixed,5,10,-0.16109916237187344
regime_main_effect,mixed,5,11,-0.12063219513172518
regime_main_effect,mixed,5,12,0.235303555411144
regime_main_effect,mixed,5,13,-0.21528289902931674
regime_main_effect,mixed,5,14,0.13113665260506557
regime_main_effect,mixed,5,15,0.09765452324530677
regime_main_effect,mixed,5,16,-0.027433738394657792
regime_main_effect,mixed,5,17,0.09272569929236574
regime_main_effect,mixed,5,18,-0.12050062661278882
regime_main_effect,mixed,5,19,-0.07198720063855457
regime_main_effect,mixed,5,20,-0.11679300172014395
regime_main_effect,mixed,5,21,-0.06029160426488167
regime_main_effect,mixed,5,22,-0.05679614026285351
regime_main_effect,mixed,5,23,-0.1500380837905193
regime_main_effect,mixed,5,24,-0.0972776564475617
regime_main_effect,mixed,5,25,0.06933097375332142
regime_main_effect,mixed,5,26,0.10974921819996053
regime_main_effect,mixed,5,27,-0.07584369577460098
regime_main_effect,mixed,5,28,0.20515533320222007
regime_main_effect,mixed,5,29,-0.09661533819341989
regime_main_effect,mixed,5,30,0.09257548636040391
regime_main_effect,mixed,5,31,-0.07567226888998319
regime_main_effect,mixed,5,32,0.1558989526707742
regime_main_effect,mixed,5,33,-0.09097433508748842
regime_main_effect,mixed,5,34,-0.2888315204622064
regime_main_effect,mixed,5,35,0.16447933684648064
regime_main_effect,mixed,5,36,0.1052671998005012
regime_main_effect,mixed,5,37,-0.12192460840160735
regime_main_effect,mixed,5,38,0.03503122402552794
regime_main_effect,mixed,5,39,0.181111080915222
regime_main_effect,mixed,5,40,0.19833011611569618
regime_main_effect,mixed,5,41,-0.04557627802704278
regime_main_effect,mixed,5,42,-0.011891762038117704
regime_main_effect,mixed,5,43,0.05937287331384006
regime_main_effect,mixed,5,44,0.019945513210725463
regime_main_effect,mixed,5,45,-0.05576055180374517
regime_main_effect,mixed,5,46,0.05750761902054202
regime_main_effect,mixed,5,47,-0.07070076291361338
regime_main_effect,mixed,5,48,0.17808208464598096
regime_main_effect,mixed,5,49,0.03722759147793597
regime_main_effect,mixed,5,50,-0.11876620127150311
regime_main_effect,mixed,5,51,0.11827741870579067
regime_main_effect,mixed,5,52,0.11708985533452121
regime_main_effect,mixed,5,53,-0.07350793141902873
regime_main_effect,mixed,5,54,-0.18258840055880898
regime_main_effect,mixed,5,55,-0.2132931500930894
regime_main_effect,mixed,5,56,0.09684337824827083
regime_main_effect,mixed,5,57,-0.13009875540030885
regime_main_effect,mixed,5,58,-0.06746133722298453
regime_main_effect,mixed,5,59,-0.12180547931114133
regime_main_effect,mixed,5,60,0.11593795776445115
regime_main_effect,mixed,5,61,0.18058048253783565
regime_main_effect,mixed,5,62,0.10735099224920364
regime_main_effect,mixed,5,63,0.01110317688580914
regime_main_effect,mixed,5,64,-0.3584087510243328
regime_main_effect,mixed,5,65,0.008583025457438442
regime_main_effect,mixed,5,66,-0.07409121351958825
regime_main_effect,mixed,5,67,0.0008152609286525281
regime_main_effect,mixed,5,68,-0.19671898276114175
regime_main_effect,mixed,5,69,-0.029103339903458647
regime_main_effect,mixed,5,70,0.06353226591892441
regime_main_effect,mixed,5,71,-0.05503241372411938
regime_main_effect,mixed,5,72,-0.06968241242388407
regime_main_effect,mixed,5,73,0.011741964221034296
regime_main_effect,mixed,5,74,0.06263893951617883
regime_main_effect,mixed,5,75,-0.0034839739757942523
regime_main_effect,mixed,5,76,-0.32881400147669326
regime_main_effect,mixed,5,77,-0.12494652086911012
regime_main_effect,mixed,5,78,-0.013731434713175728
regime_main_effect,mixed,5,79,-0.1324530458329785
regime_main_effect,mixed,5,80,0.08833963792427024
regime_main_effect,mixed,5,81,-0.06286920159433301
regime_main_effect,mixed,5,82,-0.015677632619987614
regime_main_effect,mixed,5,83,0.002946603868036135
regime_main_effect,mixed,5,84,-0.03735165937041818
regime_main_effect,mixed,5,85,-0.10215977733990733
regime_main_effect,mixed,5,86,0.0048503653519981205
regime_main_effect,mixed,5,87,-0.14136197823981145
regime_main_effect,mixed,5,88,-0.0832592732268701
regime_main_effect,mixed,5,89,0.3469130851263639
regime_main_effect,mixed,5,90,0.013260357563497416
regime_main_effect,mixed,5,91,0.020976173341356374
regime_main_effect,mixed,5,92,-0.06422991563328445
regime_main_effect,mixed,5,93,0.02416035860405913
regime_main_effect,mixed,5,94,0.14590091347628337
regime_main_effect,mixed,5,95,0.1580455161679985
regime_main_effect,mixed,5,96,-0.024446081541387832
regime_main_effect,mixed,5,97,0.045475961790027
regime_main_effect,mixed,5,98,0.04646255897879448
regime_main_effect,mixed,5,99,-0.042673475256945204
regime_main_effect,mixed,5,100,0.03206655527837504
regime_main_effect,mixed,5,101,0.22768235656633612
regime_main_effect,mixed,5,102,-0.02174850919564192
regime_main_effect,mixed,5,103,0.08693222141772117
regime_main_effect,mixed,5,104,0.1391441542501502
regime_main_effect,mixed,5,105,0.004880267252901804
regime_main_effect,mixed,5,106,-0.042870041537144465
regime_main_effect,mixed,5,107,-0.18034511446149393
regime_main_effect,mixed,5,108,-0.19786614698903832
regime_main_effect,mixed,5,109,0.015994025929898514
regime_main_effect,mixed,5,110,0.03478374356917524
regime_main_effect,mixed,5,111,0.1661004241848072
regime_main_effect,mixed,5,112,-0.05394168234774327
regime_main_effect,mixed,5,113,-0.0778401850573095
regime_main_effect,mixed,5,114,-0.0990145929850289
regime_main_effect,mixed,5,115,-0.19094302314483025
regime_main_effect,mixed,5,116,-0.017328850862456224
regime_main_effect,mixed,5,117,0.056357472403958386
regime_main_effect,mixed,5,118,-0.02553870883430248
regime_main_effect,mixed,5,119,-0.1724959054094043
regime_main_effect,mixed,5,120,0.050188604935034964
regime_main_effect,mixed,5,121,0.06437611094670426
regime_main_effect,mixed,5,122,-0.09563350912943974
regime_main_effect,mixed,5,123,-0.11226847712799976
regime_main_effect,mixed,5,124,-0.13822200026939346
regime_main_effect,mixed,5,125,-0.04762430867492856
regime_main_effect,mixed,5,126,0.007261972924134774
regime_main_effect,mixed,5,127,-0.004231383176069248
regime_main_effect,mixed,5,128,0.11388010145813848
regime_main_effect,mixed,5,129,-0.0038183139105019137
regime_main_effect,mixed,5,130,0.18266731518983886
regime_main_effect,mixed,5,131,-0.23533654709008656
regime_main_effect,mixed,5,132,-0.09303853935454565
regime_main_effect,mixed,5,133,0.04727784403397528
regime_main_effect,mixed,5,134,-0.03945902781340249
regime_main_effect,mixed,5,135,0.08069062608530164
regime_main_effect,mixed,5,136,-0.021376026200712217
regime_main_effect,mixed,5,137,0.03002050030714254
regime_main_effect,mixed,5,138,-0.02172438046156505
regime_main_effect,mixed,5,139,0.016188338658624013
regime_main_effect,mixed,5,140,-0.08685546631843277
regime_main_effect,mixed,5,141,-0.06338112302935306
regime_main_effect,mixed,5,142,-0.055895571980413894
regime_main_effect,mixed,5,143,0.04623028432771609
regime_main_effect,mixed,5,144,-0.12574292497410444
regime_main_effect,mixed,5,145,0.04945850954969144
regime_main_effect,mixed,5,146,-0.11297838583712722
regime_main_effect,mixed,5,147,-0.08336066986381951
regime_main_effect,mixed,5,148,-0.05272063621191586
regime_main_effect,mixed,5,149,-0.10852429577216383
regime_main_effect,mixed,5,150,-0.02363114362109392
regime_main_effect,mixed,5,151,-0.10654809448725361
regime_main_effect,mixed,5,152,-0.09612274302019153
regime_main_effect,mixed,5,153,-0.09649909327103257
regime_main_effect,mixed,5,154,-0.11967837102685747
regime_main_effect,mixed,5,155,-0.34030561787238683
regime_main_effect,mixed,5,156,-0.07550814084492308
regime_main_effect,mixed,5,157,-0.051565972919765835
regime_main_effect,mixed,5,158,-0.0029616155530128863
regime_main_effect,mixed,5,159,0.06649770950146339
regime_main_effect,mixed,5,160,0.12754141946644304
regime_main_effect,mixed,5,161,0.06033380860543347
regime_main_effect,mixed,5,162,0.10327065905486221
regime_main_effect,mixed,5,163,0.09758931457715586
regime_main_effect,mixed,5,164,-0.0871466469987312
regime_main_effect,mixed,5,165,0.1750694627203444
regime_main_effect,mixed,5,166,0.06123244075976597
regime_main_effect,mixed,5,167,0.008827866858731603
regime_main_effect,mixed,5,168,0.0720730950484767
regime_main_effect,mixed,5,169,-0.12209642625793993
regime_main_effect,mixed,5,170,-0.02497071428259756
regime_main_effect,mixed,5,171,0.07366187361143023
regime_main_effect,mixed,5,172,0.06658547673374621
regime_main_effect,mixed,5,173,0.055264661514960234
regime_main_effect,mixed,5,174,-0.08558447588204077
regime_main_effect,mixed,5,175,-0.14769559416619643
regime_main_effect,mixed,5,176,-0.17025440500898292
regime_main_effect,mixed,5,177,0.028315634449872173
regime_main_effect,mixed,5,178,0.07265122816156055
regime_main_effect,mixed,5,179,-0.08378062957062671
regime_main_effect,mixed,5,180,0.11337272873975107
regime_main_effect,mixed,5,181,-0.01575095225128703
regime_main_effect,mixed,5,182,0.1494405185660742
regime_main_effect,mixed,5,183,0.09965168780625377
regime_main_effect,mixed,5,184,0.02781751083835099
regime_main_effect,mixed,5,185,-0.0019543875795988708
regime_main_effect,mixed,5,186,0.16059078106393143
regime_main_effect,mixed,5,187,-0.1599423921432056
regime_main_effect,mixed,5,188,-0.05570877400443963
regime_main_effect,mixed,5,189,0.03328502657745874
regime_main_effect,mixed,5,190,-0.2286677559647714
regime_main_effect,mixed,5,191,-0.05208999885809468
regime_main_effect,mixed,5,192,0.07656630868858672
regime_main_effect,mixed,5,193,-0.04263029792470896
regime_main_effect,mixed,5,194,0.1047267231305739
regime_main_effect,mixed,5,195,-0.06550299050596564
regime_main_effect,mixed,5,196,0.08036280331653145
regime_main_effect,mixed,5,197,-0.14796223211464543
regime_main_effect,mixed,5,198,-0.12815582761939914
regime_main_effect,mixed,5,199,0.09659024087863777
shard_main_effect,mixed,5,0,0.08519748460108945
shard_main_effect,mixed,5,1,-0.07755475614549945
shard_main_effect,mixed,5,2,0.10415275249738964
shard_main_effect,mixed,5,3,0.08335294188871822
shard_main_effect,mixed,5,4,-0.04812753615662213
shard_main_effect,mixed,5,5,0.04337538057406298
shard_main_effect,mixed,5,6,-0.18435750328333844
shard_main_effect,mixed,5,7,-0.13872069086282912
shard_main_effect,mixed,5,8,-0.08288548575894883
shard_main_effect,mixed,5,9,-0.08730038838440313
shard_main_effect,mixed,5,10,-0.1853383904691307
shard_main_effect,mixed,5,11,-0.030852266335384904
shard_main_effect,mixed,5,12,0.013658943019605685
shard_main_effect,mixed,5,13,0.13935237081670043
shard_main_effect,mixed,5,14,-0.09502068910728745
shard_main_effect,mixed,5,15,-0.08589133967403817
shard_main_effect,mixed,5,16,0.10542705706383815
shard_main_effect,mixed,5,17,-0.18796237114788894
shard_main_effect,mixed,5,18,0.08391233207386495
shard_main_effect,mixed,5,19,-0.17171966270216832
shard_main_effect,mixed,5,20,-0.09445424654902324
shard_main_effect,mixed,5,21,0.13341466382335165
shard_main_effect,mixed,5,22,-0.08147881800359785
shard_main_effect,mixed,5,23,-0.2101330448898952
shard_main_effect,mixed,5,24,0.10565532272087974
shard_main_effect,mixed,5,25,0.05220288411695928
shard_main_effect,mixed,5,26,0.04481634696654779
shard_main_effect,mixed,5,27,-0.04680521436449547
shard_main_effect,mixed,5,28,-0.026686789346033524
shard_main_effect,mixed,5,29,0.04148246787058307
shard_main_effect,mixed,5,30,-0.13140758735507796
shard_main_effect,mixed,5,31,0.2107349760606279
shard_main_effect,mixed,5,32,-0.11178458648181877
shard_main_effect,mixed,5,33,-0.09796562187143443
shard_main_effect,mixed,5,34,-0.05464038814432198
shard_main_effect,mixed,5,35,0.030945939367765907
shard_main_effect,mixed,5,36,0.015399264286877434
shard_main_effect,mixed,5,37,0.07872711092514328
shard_main_effect,mixed,5,38,0.1266150465762143
shard_main_effect,mixed,5,39,-0.07160001133846228
shard_main_effect,mixed,5,40,-0.05409807307147385
shard_main_effect,mixed,5,41,0.22659669205405142
shard_main_effect,mixed,5,42,0.3205632379752567
shard_main_effect,mixed,5,43,-0.09008465102455143
shard_main_effect,mixed,5,44,0.058639194440004594
shard_main_effect,mixed,5,45,0.09480984529372033
shard_main_effect,mixed,5,46,-0.2120411110338829
shard_main_effect,mixed,5,47,0.14887540273348177
shard_main_effect,mixed,5,48,0.19152850900137564
shard_main_effect,mixed,5,49,-0.0551917276571402
shard_main_effect,mixed,5,50,-0.020082013246621455
shard_main_effect,mixed,5,51,0.03614609865930174
shard_main_effect,mixed,5,52,-0.03154564701238949
shard_main_effect,mixed,5,53,-0.1620017498279484
shard_main_effect,mixed,5,54,0.24953566345325018
shard_main_effect,mixed,5,55,0.19479060748517407
shard_main_effect,mixed,5,56,-0.16119698678231326
shard_main_effect,mixed,5,57,-0.1201369992542346
shard_main_effect,mixed,5,58,0.06882740543998256
shard_main_effect,mixed,5,59,0.11769317313182992
shard_main_effect,mixed,5,60,-0.12650451812373287
shard_main_effect,mixed,5,61,-0.015469697384990266
shard_main_effect,mixed,5,62,0.030995917899118597
shard_main_effect,mixed,5,63,0.08297051665404998
shard_main_effect,mixed,5,64,-0.05743430402226002
shard_main_effect,mixed,5,65,-0.06719311214419388
shard_main_effect,mixed,5,66,-0.19105081329203188
shard_main_effect,mixed,5,67,0.009070499152534939
shard_main_effect,mixed,5,68,-0.2106508309832641
shard_main_effect,mixed,5,69,0.06803303823546292
shard_main_effect,mixed,5,70,-0.08745216318009746
shard_main_effect,mixed,5,71,0.06683708895062013
shard_main_effect,mixed,5,72,-0.1121452982475018
shard_main_effect,mixed,5,73,0.032415247149895965
shard_main_effect,mixed,5,74,0.01066691889994087
shard_main_effect,mixed,5,75,0.14430957696768532
shard_main_effect,mixed,5,76,-0.09544380447454814
shard_main_effect,mixed,5,77,-0.02455697772908788
shard_main_effect,mixed,5,78,0.025229988437822648
shard_main_effect,mixed,5,79,-0.09916915531449855
shard_main_effect,mixed,5,80,0.0468718440871822
shard_main_effect,mixed,5,81,0.07976243415820239
shard_main_effect,mixed,5,82,0.054012402204474286
shard_main_effect,mixed,5,83,0.012521598870415707
shard_main_effect,mixed,5,84,-0.18368185446603125
shard_main_effect,mixed,5,85,0.008237251610124563
shard_main_effect,mixed,5,86,0.04113276008402578
shard_main_effect,mixed,5,87,-0.07661683533676444
shard_main_effect,mixed,5,88,0.03368852586733034
shard_main_effect,mixed,5,89,0.036084666212313876
shard_main_effect,mixed,5,90,0.06249776349956948
shard_main_effect,mixed,5,91,-0.15314097340127408
shard_main_effect,mixed,5,92,-0.032412627393395566
shard_main_effect,mixed,5,93,-0.1272274562368333
shard_main_effect,mixed,5,94,0.05451045118130682
shard_main_effect,mixed,5,95,0.051127993329805776
shard_main_effect,mixed,5,96,0.15131497088437595
shard_main_effect,mixed,5,97,0.049708529023113956
shard_main_effect,mixed,5,98,0.10111469105415394
shard_main_effect,mixed,5,99,0.006952406501814168
shard_main_effect,mixed,5,100,0.14003066748059506
shard_main_effect,mixed,5,101,0.08074445922223505
shard_main_effect,mixed,5,102,-0.0738674424349417
shard_main_effect,mixed,5,103,-0.1250663992013722
shard_main_effect,mixed,5,104,0.09573023185565632
shard_main_effect,mixed,5,105,-0.15889305666614584
shard_main_effect,mixed,5,106,0.0599329467977997
shard_main_effect,mixed,5,107,-0.12018160202546124
shard_main_effect,mixed,5,108,0.14297744784760658
shard_main_effect,mixed,5,109,-0.03018571677325066
shard_main_effect,mixed,5,110,0.17054040539923865
shard_main_effect,mixed,5,111,0.10442470813385035
shard_main_effect,mixed,5,112,-0.2069078765643096
shard_main_effect,mixed,5,113,0.1338607803825549
shard_main_effect,mixed,5,114,0.04293156222214278
shard_main_effect,mixed,5,115,0.1448403204923535
shard_main_effect,mixed,5,116,-0.03451336710948283
shard_main_effect,mixed,5,117,0.13692300731036416
shard_main_effect,mixed,5,118,0.08090698674109997
shard_main_effect,mixed,5,119,-0.11645506034603254
shard_main_effect,mixed,5,120,-0.10875326333352053
shard_main_effect,mixed,5,121,0.06437868021593351
shard_main_effect,mixed,5,122,0.03596987060947132
shard_main_effect,mixed,5,123,-0.0578382382888768
shard_main_effect,mixed,5,124,-0.022724771609112515
shard_main_effect,mixed,5,125,0.08989665799811519
shard_main_effect,mixed,5,126,0.07448532299502353
shard_main_effect,mixed,5,127,0.046968906882670525
shard_main_effect,mixed,5,128,0.0017986320564682967
shard_main_effect,mixed,5,129,0.08331626850802681
shard_main_effect,mixed,5,130,0.028708343533009772
shard_main_effect,mixed,5,131,0.027722601948045322
shard_main_effect,mixed,5,132,0.033433862879451715
shard_main_effect,mixed,5,133,-0.20989131808887673
shard_main_effect,mixed,5,134,-0.14416947970346916
shard_main_effect,mixed,5,135,-0.1532525869599205
shard_main_effect,mixed,5,136,-0.07620439417820807
shard_main_effect,mixed,5,137,0.1835675922871795
shard_main_effect,mixed,5,138,0.22806320453205986
shard_main_effect,mixed,5,139,-0.023250518657932484
shard_main_effect,mixed,5,140,-0.00720859274304797
shard_main_effect,mixed,5,141,0.0046377973041197285
shard_main_effect,mixed,5,142,0.21161661743270688
shard_main_effect,mixed,5,143,-0.032428480584212105
shard_main_effect,mixed,5,144,-0.1423895751294204
shard_main_effect,mixed,5,145,-0.2136498735235085
shard_main_effect,mixed,5,146,0.08193763075465155
shard_main_effect,mixed,5,147,0.08710974617001954
shard_main_effect,mixed,5,148,-0.06284511300690276
shard_main_effect,mixed,5,149,-0.030030696488840936
shard_main_effect,mixed,5,150,-0.1493896447808286
shard_main_effect,mixed,5,151,0.016369934630768967
shard_main_effect,mixed,5,152,-0.02431695088167285
shard_main_effect,mixed,5,153,-0.17858003089247215
shard_main_effect,mixed,5,154,0.0896178120099278
shard_main_effect,mixed,5,155,-0.17011993102423473
shard_main_effect,mixed,5,156,-0.014023238522890002
shard_main_effect,mixed,5,157,0.12673237379531999
shard_main_effect,mixed,5,158,0.011994919395108217
shard_main_effect,mixed,5,159,-0.005440614643207109
shard_main_effect,mixed,5,160,0.10990357840968934
shard_main_effect,mixed,5,161,-0.03254064193625533
shard_main_effect,mixed,5,162,-0.003782430859586683
shard_main_effect,mixed,5,163,0.02694661867151238
shard_main_effect,mixed,5,164,-0.24554195101834636
shard_main_effect,mixed,5,165,0.14739658128473676
shard_main_effect,mixed,5,166,-0.020421217061099284
shard_main_effect,mixed,5,167,-0.03664652604148472
shard_main_effect,mixed,5,168,0.14389620846732515
shard_main_effect,mixed,5,169,0.0747666668650176
shard_main_effect,mixed,5,170,-0.09160342495065843
shard_main_effect,mixed,5,171,0.06363512363150758
shard_main_effect,mixed,5,172,0.06416068467770059
shard_main_effect,mixed,5,173,0.11128196924778655
shard_main_effect,mixed,5,174,-0.04450681628477704
shard_main_effect,mixed,5,175,0.16293360758644349
shard_main_effect,mixed,5,176,0.020563052146954586
shard_main_effect,mixed,5,177,-0.2540294180296001
shard_main_effect,mixed,5,178,-0.13524097906073657
shard_main_effect,mixed,5,179,0.0029461895679320227
shard_main_effect,mixed,5,180,-0.05889178159861663
shard_main_effect,mixed,5,181,0.02941019360448044
shard_main_effect,mixed,5,182,0.1274695420691918
shard_main_effect,mixed,5,183,-0.10135016003528441
shard_main_effect,mixed,5,184,0.13210342881677223
shard_main_effect,mixed,5,185,-0.15583057251346122
shard_main_effect,mixed,5,186,0.012130301863873982
shard_main_effect,mixed,5,187,0.1751492334459236
shard_main_effect,mixed,5,188,-0.036408993962179836
shard_main_effect,mixed,5,189,0.026802291574781145
shard_main_effect,mixed,5,190,-0.141954601931431
shard_main_effect,mixed,5,191,0.0986207946497103
shard_main_effect,mixed,5,192,-0.26837567139012164
shard_main_effect,mixed,5,193,-0.0053013891446755945
shard_main_effect,mixed,5,194,-0.03539262559483869
shard_main_effect,mixed,5,195,0.03180327469014976
shard_main_effect,mixed,5,196,-0.06256127650270088
shard_main_effect,mixed,5,197,-0.05405429916884463
shard_main_effect,mixed,5,198,0.09554742600624377
shard_main_effect,mixed,5,199,-0.18435232543521007
interaction,mixed,5,0,-0.39975246174396145
interaction,mixed,5,1,-0.2521905964602403
interaction,mixed,5,2,0.12013579927033619
interaction,mixed,5,3,0.2157985417629541
interaction,mixed,5,4,-0.28995590352850303
interaction,mixed,5,5,0.09499610555549481
interaction,mixed,5,6,-0.12249296808645
interaction,mixed,5,7,0.31066867099195417
interaction,mixed,5,8,-0.005536278190012234
interaction,mixed,5,9,-0.16382301399756793
interaction,mixed,5,10,0.07988097641122982
interaction,mixed,5,11,-0.05288213418558935
interaction,mixed,5,12,-0.15701125753150458
interaction,mixed,5,13,-0.1081561190039308
interaction,mixed,5,14,0.08758932000366859
interaction,mixed,5,15,0.2218078868985484
interaction,mixed,5,16,0.010505237413030166
interaction,mixed,5,17,0.08366463920855594
interaction,mixed,5,18,-0.04024449546935849
interaction,mixed,5,19,0.14950598146620592
interaction,mixed,5,20,0.029652912073004467
interaction,mixed,5,21,0.30481432985575646
interaction,mixed,5,22,0.015851643986035224
interaction,mixed,5,23,-0.16346902621146564
interaction,mixed,5,24,-0.15714113805239582
interaction,mixed,5,25,-0.0032751553058551486
interaction,mixed,5,26,0.3106842426098102
interaction,mixed,5,27,-0.02897956003362462
interaction,mixed,5,28,0.210247878492001
interaction,mixed,5,29,-0.05723514814017794
interaction,mixed,5,30,0.2807037686444099
interaction,mixed,5,31,0.44491147269269016
interaction,mixed,5,32,-0.13539578652784312
interaction,mixed,5,33,0.21236851111137284
interaction,mixed,5,34,0.08529614953171061
interaction,mixed,5,35,0.27241224157298416
interaction,mixed,5,36,0.20216732360381218
interaction,mixed,5,37,0.1982793081682107
interaction,mixed,5,38,0.3565073837928897
interaction,mixed,5,39,-0.02968885447853009
interaction,mixed,5,40,0.2736495941693249
interaction,mixed,5,41,0.2791332167328624
interaction,mixed,5,42,-0.12291901002516681
interaction,mixed,5,43,-0.053584323552593016
interaction,mixed,5,44,-0.11867139611308397
interaction,mixed,5,45,-0.05033232655250153
interaction,mixed,5,46,-0.40819527296218944
interaction,mixed,5,47,0.06885849373140368
interaction,mixed,5,48,0.18792263099672235
interaction,mixed,5,49,-0.14497048625910253
interaction,mixed,5,50,0.02240968550542749
interaction,mixed,5,51,0.03189334754540213
interaction,mixed,5,52,-0.3633712418454176
interaction,mixed,5,53,-0.23700692609626894
interaction,mixed,5,54,-0.0644806895020068
interaction,mixed,5,55,0.145425379713281
interaction,mixed,5,56,-0.08005430244029882
interaction,mixed,5,57,0.0930285037461106
interaction,mixed,5,58,0.14744573955807738
interaction,mixed,5,59,0.29993384259116296
interaction,mixed,5,60,-0.3636441971959132
interaction,mixed,5,61,-0.33346412945061055
interaction,mixed,5,62,0.12217783476846111
interaction,mixed,5,63,0.06370100838674247
interaction,mixed,5,64,-0.2831084925067527
interaction,mixed,5,65,0.14856256052797429
interaction,mixed,5,66,-0.06509956850946724
interaction,mixed,5,67,-0.10173006895321263
interaction,mixed,5,68,0.11856230783122335
interaction,mixed,5,69,-0.005990139859141375
interaction,mixed,5,70,0.131661733204138
interaction,mixed,5,71,0.005806347293578373
interaction,mixed,5,72,-0.07984592082819741
interaction,mixed,5,73,0.17726931903310367
interaction,mixed,5,74,0.22290298352618798
interaction,mixed,5,75,-0.09168995910181565
interaction,mixed,5,76,0.20697838453572998
interaction,mixed,5,77,-0.5112790513762023
interaction,mixed,5,78,0.30067166180644816
interaction,mixed,5,79,0.039145896430186955
interaction,mixed,5,80,-0.040580414036803625
interaction,mixed,5,81,-0.3527252466314447
interaction,mixed,5,82,-0.22774139866679094
interaction,mixed,5,83,-0.3542070928858321
interaction,mixed,5,84,0.11124865814856766
interaction,mixed,5,85,-0.14864865161406143
interaction,mixed,5,86,0.05889141739850673
interaction,mixed,5,87,-0.3798196838454995
interaction,mixed,5,88,0.08157959395915532
interaction,mixed,5,89,-0.14373486779810846
interaction,mixed,5,90,0.01160565040551681
interaction,mixed,5,91,0.020124292651096887
interaction,mixed,5,92,-0.11231362839189213
interaction,mixed,5,93,0.12837824806578557
interaction,mixed,5,94,-0.24688955200603036
interaction,mixed,5,95,-0.07255507155731022
interaction,mixed,5,96,0.3802680937741551
interaction,mixed,5,97,0.18201913381700918
interaction,mixed,5,98,-0.06067990269743068
interaction,mixed,5,99,-0.20532964070784537
interaction,mixed,5,100,0.3251659362177536
interaction,mixed,5,101,-0.07224679782936594
interaction,mixed,5,102,-0.20572470402436543
interaction,mixed,5,103,-0.30152768871856883
interaction,mixed,5,104,-0.11661075650338182
interaction,mixed,5,105,-0.3935290448121655
interaction,mixed,5,106,0.18325527411243564
interaction,mixed,5,107,0.401597145458024
interaction,mixed,5,108,-0.3095758308962579
interaction,mixed,5,109,0.07273414624360297
interaction,mixed,5,110,-0.2595283896089746
interaction,mixed,5,111,-0.15585917596543347
interaction,mixed,5,112,-0.10977643551683067
interaction,mixed,5,113,-0.07152655245598455
interaction,mixed,5,114,-0.4376108406468468
interaction,mixed,5,115,-0.2142699869996284
interaction,mixed,5,116,-0.36189494020120555
interaction,mixed,5,117,-0.35167615010324194
interaction,mixed,5,118,-0.007848882903724708
interaction,mixed,5,119,0.0767192249040044
interaction,mixed,5,120,0.07498322918660233
interaction,mixed,5,121,-0.04104861919412839
interaction,mixed,5,122,-0.2833448165937081
interaction,mixed,5,123,-0.11883718945335825
interaction,mixed,5,124,0.2146820436288056
interaction,mixed,5,125,0.342127011186576
interaction,mixed,5,126,-0.12395477583794579
interaction,mixed,5,127,0.017800003136052067
interaction,mixed,5,128,-0.0008712573959589465
interaction,mixed,5,129,-0.29227015135552525
interaction,mixed,5,130,-0.14269731050867385
interaction,mixed,5,131,-0.16425833383887972
interaction,mixed,5,132,0.13788072845024824
interaction,mixed,5,133,-0.0855560023972563
interaction,mixed,5,134,-0.10463511832983785
interaction,mixed,5,135,0.16422067632535042
interaction,mixed,5,136,0.0946431302035432
interaction,mixed,5,137,-0.03536268084726801
interaction,mixed,5,138,-0.09953469793619374
interaction,mixed,5,139,-0.49360855592129194
interaction,mixed,5,140,0.2560365298071109
interaction,mixed,5,141,-0.04496302773300709
interaction,mixed,5,142,-0.11454267511388483
interaction,mixed,5,143,-0.2855671464038611
interaction,mixed,5,144,-0.07606548451389239
interaction,mixed,5,145,0.106570508099251
interaction,mixed,5,146,0.16690027860737344
interaction,mixed,5,147,0.26484109601842815
interaction,mixed,5,148,0.12474015804329647
interaction,mixed,5,149,-0.04136498935264188
interaction,mixed,5,150,-0.0013180120895669445
interaction,mixed,5,151,-0.2758123455593886
interaction,mixed,5,152,-0.05933455227524553
interaction,mixed,5,153,0.14010443335684591
interaction,mixed,5,154,-0.05279857257109527
interaction,mixed,5,155,-0.0914742342705473
interaction,mixed,5,156,0.06586933865848044
interaction,mixed,5,157,-0.26441464745046867
interaction,mixed,5,158,-0.14475823144005873
interaction,mixed,5,159,-0.22124145315108185
interaction,mixed,5,160,-0.24382182778207495
interaction,mixed,5,161,0.0021988940883099217
interaction,mixed,5,162,0.4928909273470601
interaction,mixed,5,163,-0.26055891954236265
interaction,mixed,5,164,-0.19860327024479704
interaction,mixed,5,165,0.5672072265297121
interaction,mixed,5,166,-0.2772932249438231
interaction,mixed,5,167,0.40977561853054595
interaction,mixed,5,168,0.2988778425440468
interaction,mixed,5,169,0.21276975671532838
interaction,mixed,5,170,0.09752627163200744
interaction,mixed,5,171,0.21462107516039025
interaction,mixed,5,172,-0.1517279043012954
interaction,mixed,5,173,0.007712180631840204
interaction,mixed,5,174,-0.33011650492826244
interaction,mixed,5,175,-0.26231341132935754
interaction,mixed,5,176,0.11826940499128452
interaction,mixed,5,177,0.011117150562267752
interaction,mixed,5,178,0.48529567566128345
interaction,mixed,5,179,-0.09679969891376944
interaction,mixed,5,180,-0.0602039909555232
interaction,mixed,5,181,0.28911288353082154
interaction,mixed,5,182,0.11431881752738554
interaction,mixed,5,183,0.06099176458161948
interaction,mixed,5,184,0.42825410472556225
interaction,mixed,5,185,-0.32621568837745346
interaction,mixed,5,186,-0.09761584541529605
interaction,mixed,5,187,0.029528363766274712
interaction,mixed,5,188,0.08714890721416446
interaction,mixed,5,189,-0.1727768540253961
interaction,mixed,5,190,0.1877368811593988
interaction,mixed,5,191,0.2550304457406702
interaction,mixed,5,192,-0.420709762404944
interaction,mixed,5,193,0.19383831943592883
interaction,mixed,5,194,-0.14748921985209185
interaction,mixed,5,195,0.15597524401631402
interaction,mixed,5,196,0.050168083547300846
interaction,mixed,5,197,-0.025177263097606595
interaction,mixed,5,198,0.06375105887690607
interaction,mixed,5,199,0.04758928902349102
replication_delta,5000->10000,5,0,-0.13779251525786385
replication_delta,5000->10000,5,1,0.01098462012500978
replication_delta,5000->10000,5,2,0.09470467286886397
replication_delta,5000->10000,5,3,0.11136195371626878
replication_delta,5000->10000,5,4,0.05119397171636675
replication_delta,5000->10000,5,5,0.008408446059022356
replication_delta,5000->10000,5,6,-0.1623929164128876
replication_delta,5000->10000,5,7,0.2881439365765965
replication_delta,5000->10000,5,8,-0.1202999352473364
replication_delta,5000->10000,5,9,-0.08420763420861876
replication_delta,5000->10000,5,10,-0.013106455445696108
replication_delta,5000->10000,5,11,-0.03785816453760249
replication_delta,5000->10000,5,12,0.08521550511312947
replication_delta,5000->10000,5,13,0.03912366147379265
replication_delta,5000->10000,5,14,0.26760852473001506
replication_delta,5000->10000,5,15,0.09707492186898681
replication_delta,5000->10000,5,16,0.11223807523916668
replication_delta,5000->10000,5,17,0.12732795164414
replication_delta,5000->10000,5,18,0.01336256340019254
replication_delta,5000->10000,5,19,-0.11461907146068895
replication_delta,5000->10000,5,20,0.02658449574484051
replication_delta,5000->10000,5,21,0.12016938350865225
replication_delta,5000->10000,5,22,-0.1143027440091976
replication_delta,5000->10000,5,23,-0.33424914295705566
replication_delta,5000->10000,5,24,0.07629505693698119
replication_delta,5000->10000,5,25,0.1174390292715885
replication_delta,5000->10000,5,26,0.09052921308743311
replication_delta,5000->10000,5,27,-0.20012637870554773
replication_delta,5000->10000,5,28,0.37489091262837065
replication_delta,5000->10000,5,29,-0.07628136354343651
replication_delta,5000->10000,5,30,-0.10836848142666
replication_delta,5000->10000,5,31,0.08474237149669261
replication_delta,5000->10000,5,32,-0.01563273009809185
replication_delta,5000->10000,5,33,0.09969153048866991
replication_delta,5000->10000,5,34,-0.0865486807606482
replication_delta,5000->10000,5,35,0.2692096909413059
replication_delta,5000->10000,5,36,-0.080866266700654
replication_delta,5000->10000,5,37,0.2788796203448656
replication_delta,5000->10000,5,38,0.38149945291151705
replication_delta,5000->10000,5,39,-0.03676079929527609
replication_delta,5000->10000,5,40,0.0866657905014635
replication_delta,5000->10000,5,41,0.321193114038443
replication_delta,5000->10000,5,42,0.2530725135329611
replication_delta,5000->10000,5,43,-0.07990059860107757
replication_delta,5000->10000,5,44,-0.217529994913918
replication_delta,5000->10000,5,45,0.15381574388286245
replication_delta,5000->10000,5,46,-0.2687595476618798
replication_delta,5000->10000,5,47,0.2630394097986123
replication_delta,5000->10000,5,48,0.18750705484508123
replication_delta,5000->10000,5,49,0.04596937138313034
replication_delta,5000->10000,5,50,-0.11638777269080758
replication_delta,5000->10000,5,51,0.06181311546625301
replication_delta,5000->10000,5,52,-0.12791109349738694
replication_delta,5000->10000,5,53,-0.131146062186352
replication_delta,5000->10000,5,54,-0.04830901529161469
replication_delta,5000->10000,5,55,-0.08188483186168444
replication_delta,5000->10000,5,56,-0.4416104829697312
replication_delta,5000->10000,5,57,0.03274281759362252
replication_delta,5000->10000,5,58,0.005930673474230874
replication_delta,5000->10000,5,59,0.22337510786145753
replication_delta,5000->10000,5,60,0.014888112456310831
replication_delta,5000->10000,5,61,-0.16368626759474458
replication_delta,5000->10000,5,62,0.04852014527682591
replication_delta,5000->10000,5,63,0.053391171784691105
replication_delta,5000->10000,5,64,-0.2888902242230842
replication_delta,5000->10000,5,65,0.07462579189810731
replication_delta,5000->10000,5,66,0.0927565795393806
replication_delta,5000->10000,5,67,-0.027693893103796885
replication_delta,5000->10000,5,68,-0.3032659719701609
replication_delta,5000->10000,5,69,-0.1988875004356353
replication_delta,5000->10000,5,70,-0.2540827972442566
replication_delta,5000->10000,5,71,-0.1350596616741978
replication_delta,5000->10000,5,72,-0.17917025120852736
replication_delta,5000->10000,5,73,0.012457465411398916
replication_delta,5000->10000,5,74,0.23148706006006092
replication_delta,5000->10000,5,75,-0.05656481735855334
replication_delta,5000->10000,5,76,-0.15654392372979292
replication_delta,5000->10000,5,77,-0.2543083748559466
replication_delta,5000->10000,5,78,-0.017017113559263275
replication_delta,5000->10000,5,79,0.04825836891360591
replication_delta,5000->10000,5,80,0.04890951087653006
replication_delta,5000->10000,5,81,-0.15251424512837897
replication_delta,5000->10000,5,82,-0.10456496745316829
replication_delta,5000->10000,5,83,-0.30266009660193643
replication_delta,5000->10000,5,84,0.1706041485626824
replication_delta,5000->10000,5,85,-0.006528104727767325
replication_delta,5000->10000,5,86,0.08665574610053728
replication_delta,5000->10000,5,87,-0.02330768010533757
replication_delta,5000->10000,5,88,0.005691900432137076
replication_delta,5000->10000,5,89,0.1469835119047399
replication_delta,5000->10000,5,90,-0.15787732600968574
replication_delta,5000->10000,5,91,0.10542829837055279
replication_delta,5000->10000,5,92,-0.07802865004584653
replication_delta,5000->10000,5,93,-0.09730234833387047
replication_delta,5000->10000,5,94,0.06860524692094006
replication_delta,5000->10000,5,95,-0.03623965628422077
replication_delta,5000->10000,5,96,0.13599061970413606
replication_delta,5000->10000,5,97,0.18349765709924698
replication_delta,5000->10000,5,98,-0.13236837741119756
replication_delta,5000->10000,5,99,-0.03971373477327411
replication_delta,5000->10000,5,100,-0.00861376867847452
replication_delta,5000->10000,5,101,0.43984708526935556
replication_delta,5000->10000,5,102,-0.3455567220568641
replication_delta,5000->10000,5,103,0.029483181482096388
replication_delta,5000->10000,5,104,-0.042549963489663334
replication_delta,5000->10000,5,105,-0.046299383154463414
replication_delta,5000->10000,5,106,-0.08836768702942632
replication_delta,5000->10000,5,107,-0.0562870877622943
replication_delta,5000->10000,5,108,-0.0057364852795023236
replication_delta,5000->10000,5,109,0.21325734928258738
replication_delta,5000->10000,5,110,-0.07392998530266748
replication_delta,5000->10000,5,111,0.11867748916162663
replication_delta,5000->10000,5,112,-0.444003476747559
replication_delta,5000->10000,5,113,0.048563215102518376
replication_delta,5000->10000,5,114,-0.1838684772923273
replication_delta,5000->10000,5,115,0.03998516175325345
replication_delta,5000->10000,5,116,0.06730412802653274
replication_delta,5000->10000,5,117,0.046740756686425466
replication_delta,5000->10000,5,118,0.06887244284288235
replication_delta,5000->10000,5,119,-0.16611148321243502
replication_delta,5000->10000,5,120,0.060143485603519176
replication_delta,5000->10000,5,121,0.23534974575028156
replication_delta,5000->10000,5,122,-0.055339362194545216
replication_delta,5000->10000,5,123,-0.036288583340254144
replication_delta,5000->10000,5,124,-0.15044059015797673
replication_delta,5000->10000,5,125,0.19733489856967606
replication_delta,5000->10000,5,126,0.23665171777765787
replication_delta,5000->10000,5,127,-0.0025156042528272637
replication_delta,5000->10000,5,128,0.2971102730779858
replication_delta,5000->10000,5,129,0.04574138202340594
replication_delta,5000->10000,5,130,-0.004623119709140311
replication_delta,5000->10000,5,131,0.16127317779215128
replication_delta,5000->10000,5,132,0.06389736328787998
replication_delta,5000->10000,5,133,-0.23733671856948574
replication_delta,5000->10000,5,134,0.08525601647580519
replication_delta,5000->10000,5,135,-0.02083803411130314
replication_delta,5000->10000,5,136,0.06470401606289744
replication_delta,5000->10000,5,137,0.38776724301588106
replication_delta,5000->10000,5,138,0.12644554598077618
replication_delta,5000->10000,5,139,-0.09933846720819206
replication_delta,5000->10000,5,140,-0.03194793282868563
replication_delta,5000->10000,5,141,-0.0892399128415271
replication_delta,5000->10000,5,142,0.18683730180039015
replication_delta,5000->10000,5,143,-0.18089372980492846
replication_delta,5000->10000,5,144,-0.13684021104125055
replication_delta,5000->10000,5,145,-0.008602611346609224
replication_delta,5000->10000,5,146,0.057381856491232286
replication_delta,5000->10000,5,147,0.3257765800221478
replication_delta,5000->10000,5,148,-0.21667907870446323
replication_delta,5000->10000,5,149,-0.23829124018714354
replication_delta,5000->10000,5,150,-0.16829981341617373
replication_delta,5000->10000,5,151,-0.1444715252565933
replication_delta,5000->10000,5,152,-0.14398778944171509
replication_delta,5000->10000,5,153,0.018765864086096762
replication_delta,5000->10000,5,154,-0.2853603694948229
replication_delta,5000->10000,5,155,-0.22238497362852974
replication_delta,5000->10000,5,156,0.09731568115892691
replication_delta,5000->10000,5,157,-0.09387045944391792
replication_delta,5000->10000,5,158,0.05717901008462506
replication_delta,5000->10000,5,159,0.045290028499891055
replication_delta,5000->10000,5,160,0.2150019703314282
replication_delta,5000->10000,5,161,-0.0924553083404055
replication_delta,5000->10000,5,162,-0.00019222846775168723
replication_delta,5000->10000,5,163,-0.0024244597326454898
replication_delta,5000->10000,5,164,-0.17773692737867633
replication_delta,5000->10000,5,165,0.3851172158000689
replication_delta,5000->10000,5,166,-0.11416820824789542
replication_delta,5000->10000,5,167,0.033889251082577565
replication_delta,5000->10000,5,168,0.042748674799180875
replication_delta,5000->10000,5,169,0.08657772352923587
replication_delta,5000->10000,5,170,-0.2447357895458579
replication_delta,5000->10000,5,171,0.15252599362143743
replication_delta,5000->10000,5,172,-0.2678170272694311
replication_delta,5000->10000,5,173,0.10989409764912306
replication_delta,5000->10000,5,174,-0.3003579204638975
replication_delta,5000->10000,5,175,-0.06344699511966628
replication_delta,5000->10000,5,176,-0.223213000701516
replication_delta,5000->10000,5,177,0.019585908172741584
replication_delta,5000->10000,5,178,-0.1788343431756052
replication_delta,5000->10000,5,179,-0.14624490339250135
replication_delta,5000->10000,5,180,0.25810792926276616
replication_delta,5000->10000,5,181,0.14494917091421444
replication_delta,5000->10000,5,182,0.38931305361328267
replication_delta,5000->10000,5,183,0.15820755686726806
replication_delta,5000->10000,5,184,0.19695911183164339
replication_delta,5000->10000,5,185,-0.09958874118947897
replication_delta,5000->10000,5,186,0.10547323158567723
replication_delta,5000->10000,5,187,0.1648262533235864
replication_delta,5000->10000,5,188,0.03668694725308996
replication_delta,5000->10000,5,189,0.05886481631087964
replication_delta,5000->10000,5,190,-0.13170949661979248
replication_delta,5000->10000,5,191,0.08667070850815384
replication_delta,5000->10000,5,192,-0.3076178246229171
replication_delta,5000->10000,5,193,-0.0739812320979103
replication_delta,5000->10000,5,194,0.11292962440722454
replication_delta,5000->10000,5,195,0.07201163179732928
replication_delta,5000->10000,5,196,-0.058412968835703016
replication_delta,5000->10000,5,197,-0.15984695258632897
replication_delta,5000->10000,5,198,-0.28102587697598297
replication_delta,5000->10000,5,199,0.05575753234122949
raw_cell_5000_P,5000->10000,5,0,0.360269616340427
raw_cell_5000_P,5000->10000,5,1,0.402263240246058
raw_cell_5000_P,5000->10000,5,2,0.6312001413222279
raw_cell_5000_P,5000->10000,5,3,0.6476688528850054
raw_cell_5000_P,5000->10000,5,4,0.4286998123008387
raw_cell_5000_P,5000->10000,5,5,0.5367859851040445
raw_cell_5000_P,5000->10000,5,6,0.42432381153621085
raw_cell_5000_P,5000->10000,5,7,0.6396278709727625
raw_cell_5000_P,5000->10000,5,8,0.49612841468417856
raw_cell_5000_P,5000->10000,5,9,0.43425311584060755
raw_cell_5000_P,5000->10000,5,10,0.39370314277465135
raw_cell_5000_P,5000->10000,5,11,0.40275406425133564
raw_cell_5000_P,5000->10000,5,12,0.45799816676014077
raw_cell_5000_P,5000->10000,5,13,0.3807360077535494
raw_cell_5000_P,5000->10000,5,14,0.5915043363443842
raw_cell_5000_P,5000->10000,5,15,0.6443552030772037
raw_cell_5000_P,5000->10000,5,16,0.5559125624386962
raw_cell_5000_P,5000->10000,5,17,0.5627992119653833
raw_cell_5000_P,5000->10000,5,18,0.42564055181048016
raw_cell_5000_P,5000->10000,5,19,0.29134135506795
raw_cell_5000_P,5000->10000,5,20,0.3812496722313528
raw_cell_5000_P,5000->10000,5,21,0.6722300031531724
raw_cell_5000_P,5000->10000,5,22,0.4482419498846051
raw_cell_5000_P,5000->10000,5,23,0.2897866699845547
raw_cell_5000_P,5000->10000,5,24,0.5593584936308129
raw_cell_5000_P,5000->10000,5,25,0.5616225713380265
raw_cell_5000_P,5000->10000,5,26,0.6810896154222348
raw_cell_5000_P,5000->10000,5,27,0.3384323299357962
raw_cell_5000_P,5000->10000,5,28,0.641781686914504
raw_cell_5000_P,5000->10000,5,29,0.5001166193900011
raw_cell_5000_P,5000->10000,5,30,0.5472864344389751
raw_cell_5000_P,5000->10000,5,31,0.6794479661185916
raw_cell_5000_P,5000->10000,5,32,0.4880377257275397
raw_cell_5000_P,5000->10000,5,33,0.4525693346166594
raw_cell_5000_P,5000->10000,5,34,0.22660482766023765
raw_cell_5000_P,5000->10000,5,35,0.6600047339926548
raw_cell_5000_P,5000->10000,5,36,0.5003398389958621
raw_cell_5000_P,5000->10000,5,37,0.5189981402316229
raw_cell_5000_P,5000->10000,5,38,0.7253953043345555
raw_cell_5000_P,5000->10000,5,39,0.6015673723762064
raw_cell_5000_P,5000->10000,5,40,0.679410444241628
raw_cell_5000_P,5000->10000,5,41,0.7819764903637542
raw_cell_5000_P,5000->10000,5,42,0.6701405390297351
raw_cell_5000_P,5000->10000,5,43,0.4620959613629033
raw_cell_5000_P,5000->10000,5,44,0.5336120731361264
raw_cell_5000_P,5000->10000,5,45,0.4592552421505296
raw_cell_5000_P,5000->10000,5,46,0.2790169995966665
raw_cell_5000_P,5000->10000,5,47,0.5559849290142967
raw_cell_5000_P,5000->10000,5,48,0.6495040332797646
raw_cell_5000_P,5000->10000,5,49,0.43335557826012533
raw_cell_5000_P,5000->10000,5,50,0.3325823497571014
raw_cell_5000_P,5000->10000,5,51,0.5795585628191495
raw_cell_5000_P,5000->10000,5,52,0.3881372793931638
raw_cell_5000_P,5000->10000,5,53,0.3207508192501257
raw_cell_5000_P,5000->10000,5,54,0.47061229770754043
raw_cell_5000_P,5000->10000,5,55,0.4321408421320508
raw_cell_5000_P,5000->10000,5,56,0.4256788602128711
raw_cell_5000_P,5000->10000,5,57,0.3769055039135856
raw_cell_5000_P,5000->10000,5,58,0.43773428007467335
raw_cell_5000_P,5000->10000,5,59,0.5667833129461393
raw_cell_5000_P,5000->10000,5,60,0.3748734541168908
raw_cell_5000_P,5000->10000,5,61,0.547565905343881
raw_cell_5000_P,5000->10000,5,62,0.5153096197359557
raw_cell_5000_P,5000->10000,5,63,0.537623155932485
raw_cell_5000_P,5000->10000,5,64,0.182086213246038
raw_cell_5000_P,5000->10000,5,65,0.4887700371554845
raw_cell_5000_P,5000->10000,5,66,0.4692469543953958
raw_cell_5000_P,5000->10000,5,67,0.43244549264268056
raw_cell_5000_P,5000->10000,5,68,0.4229039032847963
raw_cell_5000_P,5000->10000,5,69,0.46071368301486737
raw_cell_5000_P,5000->10000,5,70,0.4605886407183904
raw_cell_5000_P,5000->10000,5,71,0.5056955828107038
raw_cell_5000_P,5000->10000,5,72,0.41635963025024125
raw_cell_5000_P,5000->10000,5,73,0.5335746555426186
raw_cell_5000_P,5000->10000,5,74,0.6286418082374398
raw_cell_5000_P,5000->10000,5,75,0.5379464664222954
raw_cell_5000_P,5000->10000,5,76,0.2862985716042388
raw_cell_5000_P,5000->10000,5,77,0.2725670288865577
raw_cell_5000_P,5000->10000,5,78,0.5984166261701304
raw_cell_5000_P,5000->10000,5,79,0.42530245941414946
raw_cell_5000_P,5000->10000,5,80,0.5445232936215818
raw_cell_5000_P,5000->10000,5,81,0.4105274276241526
raw_cell_5000_P,5000->10000,5,82,0.4050982682388294
raw_cell_5000_P,5000->10000,5,83,0.4568879047614037
raw_cell_5000_P,5000->10000,5,84,0.5466015441738904
raw_cell_5000_P,5000->10000,5,85,0.4184011344015999
raw_cell_5000_P,5000->10000,5,86,0.5427600482202312
raw_cell_5000_P,5000->10000,5,87,0.263450772991707
raw_cell_5000_P,5000->10000,5,88,0.4914805288577167
raw_cell_5000_P,5000->10000,5,89,0.6728681173147204
raw_cell_5000_P,5000->10000,5,90,0.5487994018275099
raw_cell_5000_P,5000->10000,5,91,0.49079049835753324
raw_cell_5000_P,5000->10000,5,92,0.38714783835592975
raw_cell_5000_P,5000->10000,5,93,0.4139262775494457
raw_cell_5000_P,5000->10000,5,94,0.6021835453734584
raw_cell_5000_P,5000->10000,5,95,0.5551391064041745
raw_cell_5000_P,5000->10000,5,96,0.6992703008163846
raw_cell_5000_P,5000->10000,5,97,0.6472959063878041
raw_cell_5000_P,5000->10000,5,98,0.5009260737791574
raw_cell_5000_P,5000->10000,5,99,0.4603584916708712
raw_cell_5000_P,5000->10000,5,100,0.5736885458471286
raw_cell_5000_P,5000->10000,5,101,0.6771124989595362
raw_cell_5000_P,5000->10000,5,102,0.34407742223518906
raw_cell_5000_P,5000->10000,5,103,0.46915569170947113
raw_cell_5000_P,5000->10000,5,104,0.5615611176205345
raw_cell_5000_P,5000->10000,5,105,0.33933387188958847
raw_cell_5000_P,5000->10000,5,106,0.5342138578565825
raw_cell_5000_P,5000->10000,5,107,0.44385324272011084
raw_cell_5000_P,5000->10000,5,108,0.3540408914486241
raw_cell_5000_P,5000->10000,5,109,0.5784614236811252
raw_cell_5000_P,5000->10000,5,110,0.5132203269210478
raw_cell_5000_P,5000->10000,5,111,0.5689137158256526
raw_cell_5000_P,5000->10000,5,112,0.20172420941444016
raw_cell_5000_P,5000->10000,5,113,0.5239257901528344
raw_cell_5000_P,5000->10000,5,114,0.3684061029882029
raw_cell_5000_P,5000->10000,5,115,0.5384394470096754
raw_cell_5000_P,5000->10000,5,116,0.3637589615715113
raw_cell_5000_P,5000->10000,5,117,0.468004908125235
raw_cell_5000_P,5000->10000,5,118,0.49497534684971806
raw_cell_5000_P,5000->10000,5,119,0.35891757097530747
raw_cell_5000_P,5000->10000,5,120,0.49164795778180076
raw_cell_5000_P,5000->10000,5,121,0.6670367035323916
raw_cell_5000_P,5000->10000,5,122,0.33991186321653294
raw_cell_5000_P,5000->10000,5,123,0.32761261640480305
raw_cell_5000_P,5000->10000,5,124,0.4188324552298821
raw_cell_5000_P,5000->10000,5,125,0.5263244336428765
raw_cell_5000_P,5000->10000,5,126,0.5368764592713071
raw_cell_5000_P,5000->10000,5,127,0.4791542514566703
raw_cell_5000_P,5000->10000,5,128,0.5083728799006187
raw_cell_5000_P,5000->10000,5,129,0.4894057384906876
raw_cell_5000_P,5000->10000,5,130,0.5341599653750662
raw_cell_5000_P,5000->10000,5,131,0.4715613026511007
raw_cell_5000_P,5000->10000,5,132,0.5437076276180097
raw_cell_5000_P,5000->10000,5,133,0.3810662459033017
raw_cell_5000_P,5000->10000,5,134,0.3118605182595078
raw_cell_5000_P,5000->10000,5,135,0.4959557027864677
raw_cell_5000_P,5000->10000,5,136,0.5066656183651681
raw_cell_5000_P,5000->10000,5,137,0.643874282735906
raw_cell_5000_P,5000->10000,5,138,0.583164792110003
raw_cell_5000_P,5000->10000,5,139,0.2908272211888896
raw_cell_5000_P,5000->10000,5,140,0.4735277633820652
raw_cell_5000_P,5000->10000,5,141,0.5232415009280335
raw_cell_5000_P,5000->10000,5,142,0.5181984577210692
raw_cell_5000_P,5000->10000,5,143,0.36657381076555573
raw_cell_5000_P,5000->10000,5,144,0.42209443847984096
raw_cell_5000_P,5000->10000,5,145,0.4678035941568961
raw_cell_5000_P,5000->10000,5,146,0.5087169839319802
raw_cell_5000_P,5000->10000,5,147,0.6346100261373483
raw_cell_5000_P,5000->10000,5,148,0.43808466517575884
raw_cell_5000_P,5000->10000,5,149,0.3690400240941277
raw_cell_5000_P,5000->10000,5,150,0.42153379421730275
raw_cell_5000_P,5000->10000,5,151,0.3576008649490093
raw_cell_5000_P,5000->10000,5,152,0.463751059843594
raw_cell_5000_P,5000->10000,5,153,0.352790667033595
raw_cell_5000_P,5000->10000,5,154,0.4403121977856578
raw_cell_5000_P,5000->10000,5,155,0.2052600877747989
raw_cell_5000_P,5000->10000,5,156,0.5539403233887631
raw_cell_5000_P,5000->10000,5,157,0.52162908673594
raw_cell_5000_P,5000->10000,5,158,0.5266516514810763
raw_cell_5000_P,5000->10000,5,159,0.5356709641264663
raw_cell_5000_P,5000->10000,5,160,0.6374417555075802
raw_cell_5000_P,5000->10000,5,161,0.4991060163468516
raw_cell_5000_P,5000->10000,5,162,0.5315859619345069
raw_cell_5000_P,5000->10000,5,163,0.5300140859126411
raw_cell_5000_P,5000->10000,5,164,0.23053250812133827
raw_cell_5000_P,5000->10000,5,165,0.8043584696808828
raw_cell_5000_P,5000->10000,5,166,0.424652719809376
raw_cell_5000_P,5000->10000,5,167,0.5477866807675269
raw_cell_5000_P,5000->10000,5,168,0.7054651415495085
raw_cell_5000_P,5000->10000,5,169,0.5277003798998736
raw_cell_5000_P,5000->10000,5,170,0.4059265799213864
raw_cell_5000_P,5000->10000,5,171,0.6443923346223397
raw_cell_5000_P,5000->10000,5,172,0.4957730248216751
raw_cell_5000_P,5000->10000,5,173,0.6639007661820138
raw_cell_5000_P,5000->10000,5,174,0.3621718494547202
raw_cell_5000_P,5000->10000,5,175,0.3624646685836127
raw_cell_5000_P,5000->10000,5,176,0.44556773034518143
raw_cell_5000_P,5000->10000,5,177,0.5027621733081864
raw_cell_5000_P,5000->10000,5,178,0.5108317407916834
raw_cell_5000_P,5000->10000,5,179,0.43917855801748956
raw_cell_5000_P,5000->10000,5,180,0.4994793295609058
raw_cell_5000_P,5000->10000,5,181,0.5638188879209812
raw_cell_5000_P,5000->10000,5,182,0.7159646113414118
raw_cell_5000_P,5000->10000,5,183,0.5309172116917734
raw_cell_5000_P,5000->10000,5,184,0.6603108633815035
raw_cell_5000_P,5000->10000,5,185,0.3476417220450843
raw_cell_5000_P,5000->10000,5,186,0.5651640909019425
raw_cell_5000_P,5000->10000,5,187,0.6144123323858581
raw_cell_5000_P,5000->10000,5,188,0.46879101809783247
raw_cell_5000_P,5000->10000,5,189,0.45098900187342283
raw_cell_5000_P,5000->10000,5,190,0.35421119682738184
raw_cell_5000_P,5000->10000,5,191,0.5320077383995263
raw_cell_5000_P,5000->10000,5,192,0.2911521205158675
raw_cell_5000_P,5000->10000,5,193,0.5274408753019704
raw_cell_5000_P,5000->10000,5,194,0.5064080084303647
raw_cell_5000_P,5000->10000,5,195,0.6421295189142169
raw_cell_5000_P,5000->10000,5,196,0.5185716899158196
raw_cell_5000_P,5000->10000,5,197,0.36541154183198976
raw_cell_5000_P,5000->10000,5,198,0.4948541895112412
raw_cell_5000_P,5000->10000,5,199,0.4735966032257456
raw_cell_5000_N,10000->20000,5,0,0.7073754890820895
raw_cell_5000_N,10000->20000,5,1,0.5016846577530369
raw_cell_5000_N,10000->20000,5,2,0.5008385473343524
raw_cell_5000_N,10000->20000,5,3,0.45678367087887206
raw_cell_5000_N,10000->20000,5,4,0.4681462866378322
raw_cell_5000_N,10000->20000,5,5,0.5387287755231073
raw_cell_5000_N,10000->20000,5,6,0.48993006869406797
raw_cell_5000_N,10000->20000,5,7,0.366857523190669
raw_cell_5000_N,10000->20000,5,8,0.5492963581647462
raw_cell_5000_N,10000->20000,5,9,0.640565960673734
raw_cell_5000_N,10000->20000,5,10,0.5148618169409098
raw_cell_5000_N,10000->20000,5,11,0.5498273264758554
raw_cell_5000_N,10000->20000,5,12,0.301200240114749
raw_cell_5000_N,10000->20000,5,13,0.6500969662848315
raw_cell_5000_N,10000->20000,5,14,0.4165730237374843
raw_cell_5000_N,10000->20000,5,15,0.4357967363826228
raw_cell_5000_N,10000->20000,5,16,0.578093682126839
raw_cell_5000_N,10000->20000,5,17,0.42824119306873953
raw_cell_5000_N,10000->20000,5,18,0.5662634261579482
raw_cell_5000_N,10000->20000,5,19,0.2885755649734016
raw_cell_5000_N,10000->20000,5,20,0.4832162179149945
raw_cell_5000_N,10000->20000,5,21,0.5801144424901759
raw_cell_5000_N,10000->20000,5,22,0.497112268154441
raw_cell_5000_N,10000->20000,5,23,0.5215592668808069
raw_cell_5000_N,10000->20000,5,24,0.7352067191045726
raw_cell_5000_N,10000->20000,5,25,0.49392917523763263
raw_cell_5000_N,10000->20000,5,26,0.4159982759173691
raw_cell_5000_N,10000->20000,5,27,0.4287658057272095
raw_cell_5000_N,10000->20000,5,28,0.3315024144662834
raw_cell_5000_N,10000->20000,5,29,0.6253495316535099
raw_cell_5000_N,10000->20000,5,30,0.3143590637563662
raw_cell_5000_N,10000->20000,5,31,0.5326644986622298
raw_cell_5000_N,10000->20000,5,32,0.399836666320687
raw_cell_5000_N,10000->20000,5,33,0.4373594141484614
raw_cell_5000_N,10000->20000,5,34,0.47278827335658874
raw_cell_5000_N,10000->20000,5,35,0.35931927635968214
raw_cell_5000_N,10000->20000,5,36,0.2939889773934548
raw_cell_5000_N,10000->20000,5,37,0.5417830945491249
raw_cell_5000_N,10000->20000,5,38,0.5121103884125827
raw_cell_5000_N,10000->20000,5,39,0.4353007187002495
raw_cell_5000_N,10000->20000,5,40,0.3442555310412694
raw_cell_5000_N,10000->20000,5,41,0.6879861600243657
raw_cell_5000_N,10000->20000,5,42,0.7434918060804363
raw_cell_5000_N,10000->20000,5,43,0.42951524982535977
raw_cell_5000_N,10000->20000,5,44,0.5730022579819428
raw_cell_5000_N,10000->20000,5,45,0.5401819572305255
raw_cell_5000_N,10000->20000,5,46,0.4256070170572192
raw_cell_5000_N,10000->20000,5,47,0.5922564450622083
raw_cell_5000_N,10000->20000,5,48,0.37746063313542244
raw_cell_5000_N,10000->20000,5,49,0.46861322991174065
raw_cell_5000_N,10000->20000,5,50,0.4401437082758908
raw_cell_5000_N,10000->20000,5,51,0.44533447034065776
raw_cell_5000_N,10000->20000,5,52,0.45273304498135136
raw_cell_5000_N,10000->20000,5,53,0.5127622137172889
raw_cell_5000_N,10000->20000,5,54,0.6854410430173529
raw_cell_5000_N,10000->20000,5,55,0.5727213023684997
raw_cell_5000_N,10000->20000,5,56,0.3688626331847497
raw_cell_5000_N,10000->20000,5,57,0.4604900074408391
raw_cell_5000_N,10000->20000,5,58,0.4314727475186192
raw_cell_5000_N,10000->20000,5,59,0.5386218709616991
raw_cell_5000_N,10000->20000,5,60,0.4407575949503963
raw_cell_5000_N,10000->20000,5,61,0.5337174875313506
raw_cell_5000_N,10000->20000,5,62,0.3468697101025215
raw_cell_5000_N,10000->20000,5,63,0.49466947485330465
raw_cell_5000_N,10000->20000,5,64,0.6820492105237471
raw_cell_5000_N,10000->20000,5,65,0.40590573143405895
raw_cell_5000_N,10000->20000,5,66,0.5758879521697178
raw_cell_5000_N,10000->20000,5,67,0.4824952661906343
raw_cell_5000_N,10000->20000,5,68,0.5603417321303263
raw_cell_5000_N,10000->20000,5,69,0.4928120928478967
raw_cell_5000_N,10000->20000,5,70,0.331225508197397
raw_cell_5000_N,10000->20000,5,71,0.557824822888034
raw_cell_5000_N,10000->20000,5,72,0.525965003088224
raw_cell_5000_N,10000->20000,5,73,0.4331980318050325
raw_cell_5000_N,10000->20000,5,74,0.45455137695816694
raw_cell_5000_N,10000->20000,5,75,0.5872754199489975
raw_cell_5000_N,10000->20000,5,76,0.5116233808130671
raw_cell_5000_N,10000->20000,5,77,0.653153075443769
raw_cell_5000_N,10000->20000,5,78,0.461812229980082
raw_cell_5000_N,10000->20000,5,79,0.5381825570320344
raw_cell_5000_N,10000->20000,5,80,0.4764738627157134
raw_cell_5000_N,10000->20000,5,81,0.649759252534208
raw_cell_5000_N,10000->20000,5,82,0.5346466001922124
raw_cell_5000_N,10000->20000,5,83,0.6310448473362835
raw_cell_5000_N,10000->20000,5,84,0.5283288744700247
raw_cell_5000_N,10000->20000,5,85,0.594885237548538
raw_cell_5000_N,10000->20000,5,86,0.5084639741689796
raw_cell_5000_N,10000->20000,5,87,0.5947225931542681
raw_cell_5000_N,10000->20000,5,88,0.5339500051050091
raw_cell_5000_N,10000->20000,5,89,0.39782246608741073
raw_cell_5000_N,10000->20000,5,90,0.5297362190612541
raw_cell_5000_N,10000->20000,5,91,0.45975217869062834
raw_cell_5000_N,10000->20000,5,92,0.5075345681851603
raw_cell_5000_N,10000->20000,5,93,0.3255767949124938
raw_cell_5000_N,10000->20000,5,94,0.5797274079001903
raw_cell_5000_N,10000->20000,5,95,0.4333711260148312
raw_cell_5000_N,10000->20000,5,96,0.5335823354706949
raw_cell_5000_N,10000->20000,5,97,0.5108103776892725
raw_cell_5000_N,10000->20000,5,98,0.4848034661490783
raw_cell_5000_N,10000->20000,5,99,0.605696787281739
raw_cell_5000_N,10000->20000,5,100,0.37903902245987675
raw_cell_5000_N,10000->20000,5,101,0.4855535413078831
raw_cell_5000_N,10000->20000,5,102,0.46868828344301366
raw_cell_5000_N,10000->20000,5,103,0.5329873146510344
raw_cell_5000_N,10000->20000,5,104,0.4807223416220752
raw_cell_5000_N,10000->20000,5,105,0.5312181270427694
raw_cell_5000_N,10000->20000,5,106,0.4854562623375091
raw_cell_5000_N,10000->20000,5,107,0.4233997844525928
raw_cell_5000_N,10000->20000,5,108,0.7066949538857914
raw_cell_5000_N,10000->20000,5,109,0.5261003246294252
raw_cell_5000_N,10000->20000,5,110,0.6082007781563599
raw_cell_5000_N,10000->20000,5,111,0.48074287962356216
raw_cell_5000_N,10000->20000,5,112,0.31055410952059875
raw_cell_5000_N,10000->20000,5,113,0.6375292514381361
raw_cell_5000_N,10000->20000,5,114,0.6862261162966552
raw_cell_5000_N,10000->20000,5,115,0.8365174636543199
raw_cell_5000_N,10000->20000,5,116,0.5620352825345702
raw_cell_5000_N,10000->20000,5,117,0.5874855107728976
raw_cell_5000_N,10000->20000,5,118,0.5244384971358829
raw_cell_5000_N,10000->20000,5,119,0.4930538639327096
raw_cell_5000_N,10000->20000,5,120,0.40396773825346466
raw_cell_5000_N,10000->20000,5,121,0.6231849021827516
raw_cell_5000_N,10000->20000,5,122,0.5772177806428267
raw_cell_5000_N,10000->20000,5,123,0.49929968825948196
raw_cell_5000_N,10000->20000,5,124,0.4497134336848727
raw_cell_5000_N,10000->20000,5,125,0.4028852367245171
raw_cell_5000_N,10000->20000,5,126,0.5915918742661452
raw_cell_5000_N,10000->20000,5,127,0.4744856330647135
raw_cell_5000_N,10000->20000,5,128,0.39492840714045974
raw_cell_5000_N,10000->20000,5,129,0.6393591280789522
raw_cell_5000_N,10000->20000,5,130,0.42284130543956416
raw_cell_5000_N,10000->20000,5,131,0.7890270166606271
raw_cell_5000_N,10000->20000,5,132,0.5678058027474313
raw_cell_5000_N,10000->20000,5,133,0.3765664030679545
raw_cell_5000_N,10000->20000,5,134,0.4036371052378292
raw_cell_5000_N,10000->20000,5,135,0.33315473853849087
raw_cell_5000_N,10000->20000,5,136,0.4807200794641088
raw_cell_5000_N,10000->20000,5,137,0.6315351228523974
raw_cell_5000_N,10000->20000,5,138,0.654656521539665
raw_cell_5000_N,10000->20000,5,139,0.5214431604909116
raw_cell_5000_N,10000->20000,5,140,0.4323649647969425
raw_cell_5000_N,10000->20000,5,141,0.6091041378238901
raw_cell_5000_N,10000->20000,5,142,0.6313653672584255
raw_cell_5000_N,10000->20000,5,143,0.46312709963977017
raw_cell_5000_N,10000->20000,5,144,0.5858701057108915
raw_cell_5000_N,10000->20000,5,145,0.3650598305575791
raw_cell_5000_N,10000->20000,5,146,0.5382452304654207
raw_cell_5000_N,10000->20000,5,147,0.5855501479919538
raw_cell_5000_N,10000->20000,5,148,0.42843522236602644
raw_cell_5000_N,10000->20000,5,149,0.4982468145426125
raw_cell_5000_N,10000->20000,5,150,0.44582394388318014
raw_cell_5000_N,10000->20000,5,151,0.6020551322159572
raw_cell_5000_N,10000->20000,5,152,0.5895410790014083
raw_cell_5000_N,10000->20000,5,153,0.3792375436262046
raw_cell_5000_N,10000->20000,5,154,0.5863898550980629
raw_cell_5000_N,10000->20000,5,155,0.5913028227824594
raw_cell_5000_N,10000->20000,5,156,0.5965137949044459
raw_cell_5000_N,10000->20000,5,157,0.7054023833809402
raw_cell_5000_N,10000->20000,5,158,0.6019923827541185
raw_cell_5000_N,10000->20000,5,159,0.5797939812005439
raw_cell_5000_N,10000->20000,5,160,0.6318112499321747
raw_cell_5000_N,10000->20000,5,161,0.43767276069726324
raw_cell_5000_N,10000->20000,5,162,0.18186983920611463
raw_cell_5000_N,10000->20000,5,163,0.5627042311066666
raw_cell_5000_N,10000->20000,5,164,0.416980790242468
raw_cell_5000_N,10000->20000,5,165,0.34568539369568224
raw_cell_5000_N,10000->20000,5,166,0.5020668915215216
raw_cell_5000_N,10000->20000,5,167,0.3340710046435223
raw_cell_5000_N,10000->20000,5,168,0.48395312522900835
raw_cell_5000_N,10000->20000,5,169,0.5434119278001494
raw_cell_5000_N,10000->20000,5,170,0.3821341583879803
raw_cell_5000_N,10000->20000,5,171,0.46341992343071436
raw_cell_5000_N,10000->20000,5,172,0.5050515002385766
raw_cell_5000_N,10000->20000,5,173,0.6047800143511334
raw_cell_5000_N,10000->20000,5,174,0.6128145778008921
raw_cell_5000_N,10000->20000,5,175,0.6413169684144879
raw_cell_5000_N,10000->20000,5,176,0.5566874328585221
raw_cell_5000_N,10000->20000,5,177,0.4688879635771804
raw_cell_5000_N,10000->20000,5,178,0.1955326747994811
raw_cell_5000_N,10000->20000,5,179,0.5713590370450009
raw_cell_5000_N,10000->20000,5,180,0.4162085962989163
raw_cell_5000_N,10000->20000,5,181,0.4350133984068575
raw_cell_5000_N,10000->20000,5,182,0.5093646840116448
raw_cell_5000_N,10000->20000,5,183,0.40076964159470985
raw_cell_5000_N,10000->20000,5,184,0.41836630018037135
raw_cell_5000_N,10000->20000,5,185,0.5127039538134098
raw_cell_5000_N,10000->20000,5,186,0.45338123254565915
raw_cell_5000_N,10000->20000,5,187,0.7595905426459264
raw_cell_5000_N,10000->20000,5,188,0.48092533849518987
raw_cell_5000_N,10000->20000,5,189,0.5040924023086621
raw_cell_5000_N,10000->20000,5,190,0.4890105122124538
raw_cell_5000_N,10000->20000,5,191,0.4565825143872859
raw_cell_5000_N,10000->20000,5,192,0.42494069302975285
raw_cell_5000_N,10000->20000,5,193,0.4731520135087149
raw_cell_5000_N,10000->20000,5,194,0.4754258952258367
raw_cell_5000_N,10000->20000,5,195,0.6296448874120255
raw_cell_5000_N,10000->20000,5,196,0.4131248448256377
raw_cell_5000_N,10000->20000,5,197,0.5259624054954385
raw_cell_5000_N,10000->20000,5,198,0.5911344876921873
raw_cell_5000_N,10000->20000,5,199,0.3532117178353623
raw_cell_8002_P,5000->10000,5,0,0.4749483626113183
raw_cell_8002_P,5000->10000,5,1,0.6059132946216775
raw_cell_8002_P,5000->10000,5,2,0.4669794891896702
raw_cell_8002_P,5000->10000,5,3,0.4564166401148101
raw_cell_8002_P,5000->10000,5,4,0.6218053002217123
raw_cell_8002_P,5000->10000,5,5,0.44591255175223415
raw_cell_8002_P,5000->10000,5,6,0.6699277988627743
raw_cell_8002_P,5000->10000,5,7,0.6230142263396146
raw_cell_8002_P,5000->10000,5,8,0.5817820395381335
raw_cell_8002_P,5000->10000,5,9,0.6034650112237947
raw_cell_8002_P,5000->10000,5,10,0.5391010450381671
raw_cell_8002_P,5000->10000,5,11,0.46004739767951525
raw_cell_8002_P,5000->10000,5,12,0.5228448525062874
raw_cell_8002_P,5000->10000,5,13,0.2954616964388143
raw_cell_8002_P,5000->10000,5,14,0.6427303654498373
raw_cell_8002_P,5000->10000,5,15,0.6193425993019677
raw_cell_8002_P,5000->10000,5,16,0.44523288666834304
raw_cell_8002_P,5000->10000,5,17,0.7089292635089943
raw_cell_8002_P,5000->10000,5,18,0.36185046747129446
raw_cell_8002_P,5000->10000,5,19,0.3883080270370154
raw_cell_8002_P,5000->10000,5,20,0.4608774627438738
raw_cell_8002_P,5000->10000,5,21,0.3864081744019426
raw_cell_8002_P,5000->10000,5,22,0.5217949458951854
raw_cell_8002_P,5000->10000,5,23,0.5816542279801827
raw_cell_8002_P,5000->10000,5,24,0.5322737399361311
raw_cell_8002_P,5000->10000,5,25,0.5110572648739948
raw_cell_8002_P,5000->10000,5,26,0.48093114715078183
raw_cell_8002_P,5000->10000,5,27,0.399727324317104
raw_cell_8002_P,5000->10000,5,28,0.563344537014537
raw_cell_8002_P,5000->10000,5,29,0.4872517255895069
raw_cell_8002_P,5000->10000,5,30,0.5383421374718481
raw_cell_8002_P,5000->10000,5,31,0.24625725371161855
raw_cell_8002_P,5000->10000,5,32,0.66752020547328
raw_cell_8002_P,5000->10000,5,33,0.44435070093240736
raw_cell_8002_P,5000->10000,5,34,0.23859714103870433
raw_cell_8002_P,5000->10000,5,35,0.49285267383839676
raw_cell_8002_P,5000->10000,5,36,0.3838569129070786
raw_cell_8002_P,5000->10000,5,37,0.34113137522237424
raw_cell_8002_P,5000->10000,5,38,0.4205265658618963
raw_cell_8002_P,5000->10000,5,39,0.6880118109539337
raw_cell_8002_P,5000->10000,5,40,0.5966837202284394
raw_cell_8002_P,5000->10000,5,41,0.41581318994327165
raw_cell_8002_P,5000->10000,5,42,0.4110368060670618
raw_cell_8002_P,5000->10000,5,43,0.5789727741637513
raw_cell_8002_P,5000->10000,5,44,0.5343085767526637
raw_cell_8002_P,5000->10000,5,45,0.38961156013306003
raw_cell_8002_P,5000->10000,5,46,0.6951557471116441
raw_cell_8002_P,5000->10000,5,47,0.37268027941511306
raw_cell_8002_P,5000->10000,5,48,0.36401420878002777
raw_cell_8002_P,5000->10000,5,49,0.5610325490468168
raw_cell_8002_P,5000->10000,5,50,0.3414595202510091
raw_cell_8002_P,5000->10000,5,51,0.5274657903871468
raw_cell_8002_P,5000->10000,5,52,0.6013685473282621
raw_cell_8002_P,5000->10000,5,53,0.6012560321262086
raw_cell_8002_P,5000->10000,5,54,0.2533169790052936
raw_cell_8002_P,5000->10000,5,55,0.16463754479023626
raw_cell_8002_P,5000->10000,5,56,0.6269029982153338
raw_cell_8002_P,5000->10000,5,57,0.45052825129476487
raw_cell_8002_P,5000->10000,5,58,0.2951840048556521
raw_cell_8002_P,5000->10000,5,59,0.2991232185187279
raw_cell_8002_P,5000->10000,5,60,0.6832000708385803
raw_cell_8002_P,5000->10000,5,61,0.7297676674541765
raw_cell_8002_P,5000->10000,5,62,0.4232247844526066
raw_cell_8002_P,5000->10000,5,63,0.42280213508506376
raw_cell_8002_P,5000->10000,5,64,0.3810747635216744
raw_cell_8002_P,5000->10000,5,65,0.48168186903569127
raw_cell_8002_P,5000->10000,5,66,0.6928475519421613
raw_cell_8002_P,5000->10000,5,67,0.47424002796675196
raw_cell_8002_P,5000->10000,5,68,0.5742735803524488
raw_cell_8002_P,5000->10000,5,69,0.3956757147089751
raw_cell_8002_P,5000->10000,5,70,0.48220993729641887
raw_cell_8002_P,5000->10000,5,71,0.4359553202132945
raw_cell_8002_P,5000->10000,5,72,0.5684278889118417
raw_cell_8002_P,5000->10000,5,73,0.41252474887617085
raw_cell_8002_P,5000->10000,5,74,0.5065233975744049
raw_cell_8002_P,5000->10000,5,75,0.4394818690055179
raw_cell_8002_P,5000->10000,5,76,0.278253183810922
raw_cell_8002_P,5000->10000,5,77,0.5527635323037468
raw_cell_8002_P,5000->10000,5,78,0.42285080682908366
raw_cell_8002_P,5000->10000,5,79,0.5048986665135545
raw_cell_8002_P,5000->10000,5,80,0.5179416565528014
raw_cell_8002_P,5000->10000,5,81,0.5071276167816726
raw_cell_8002_P,5000->10000,5,82,0.4649565653677506
raw_cell_8002_P,5000->10000,5,83,0.621469852333904
raw_cell_8002_P,5000->10000,5,84,0.6746590695656379
raw_cell_8002_P,5000->10000,5,85,0.484488208598506
raw_cell_8002_P,5000->10000,5,86,0.4721815794369521
raw_cell_8002_P,5000->10000,5,87,0.5299774502512212
raw_cell_8002_P,5000->10000,5,88,0.41700220601080873
raw_cell_8002_P,5000->10000,5,89,0.7086508850014608
raw_cell_8002_P,5000->10000,5,90,0.48049881312518194
raw_cell_8002_P,5000->10000,5,91,0.6338693254332589
raw_cell_8002_P,5000->10000,5,92,0.4757172799452714
raw_cell_8002_P,5000->10000,5,93,0.4769646097533862
raw_cell_8002_P,5000->10000,5,94,0.6711178701951668
raw_cell_8002_P,5000->10000,5,95,0.5402886488530239
raw_cell_8002_P,5000->10000,5,96,0.35782128304493116
raw_cell_8002_P,5000->10000,5,97,0.5065778104561856
raw_cell_8002_P,5000->10000,5,98,0.4301513340737188
raw_cell_8002_P,5000->10000,5,99,0.5560709055229798
raw_cell_8002_P,5000->10000,5,100,0.27107491025765673
raw_cell_8002_P,5000->10000,5,101,0.6324914386519842
raw_cell_8002_P,5000->10000,5,102,0.5208072166823134
raw_cell_8002_P,5000->10000,5,103,0.7449859352701278
raw_cell_8002_P,5000->10000,5,104,0.5241362640165691
raw_cell_8002_P,5000->10000,5,105,0.694991450961817
raw_cell_8002_P,5000->10000,5,106,0.382653274002565
raw_cell_8002_P,5000->10000,5,107,0.36323627201656017
raw_cell_8002_P,5000->10000,5,108,0.3658513590491465
raw_cell_8002_P,5000->10000,5,109,0.5722800673325743
raw_cell_8002_P,5000->10000,5,110,0.47244411632629646
raw_cell_8002_P,5000->10000,5,111,0.542418595674519
raw_cell_8002_P,5000->10000,5,112,0.4635203037371651
raw_cell_8002_P,5000->10000,5,113,0.42582828599827166
raw_cell_8002_P,5000->10000,5,114,0.5442799610894835
raw_cell_8002_P,5000->10000,5,115,0.5007341200171361
raw_cell_8002_P,5000->10000,5,116,0.5792197987815969
raw_cell_8002_P,5000->10000,5,117,0.5069199758664917
raw_cell_8002_P,5000->10000,5,118,0.4179928015604804
raw_cell_8002_P,5000->10000,5,119,0.43701301886933785
raw_cell_8002_P,5000->10000,5,120,0.5629096065220202
raw_cell_8002_P,5000->10000,5,121,0.6231823329135223
raw_cell_8002_P,5000->10000,5,122,0.4456144009039157
raw_cell_8002_P,5000->10000,5,123,0.444869449420359
raw_cell_8002_P,5000->10000,5,124,0.3342162050245918
raw_cell_8002_P,5000->10000,5,125,0.2653642700514733
raw_cell_8002_P,5000->10000,5,126,0.5243685241952565
raw_cell_8002_P,5000->10000,5,127,0.42328534300597376
raw_cell_8002_P,5000->10000,5,128,0.5070098765421299
raw_cell_8002_P,5000->10000,5,129,0.5522245456604234
raw_cell_8002_P,5000->10000,5,130,0.5768002770963933
raw_cell_8002_P,5000->10000,5,131,0.5259678676224953
raw_cell_8002_P,5000->10000,5,132,0.44133340051343395
raw_cell_8002_P,5000->10000,5,133,0.6337355651908065
raw_cell_8002_P,5000->10000,5,134,0.5083475571278958
raw_cell_8002_P,5000->10000,5,135,0.567097951583713
raw_cell_8002_P,5000->10000,5,136,0.5355484474416046
raw_cell_8002_P,5000->10000,5,137,0.47798803087236047
raw_cell_8002_P,5000->10000,5,138,0.40486893654604006
raw_cell_8002_P,5000->10000,5,139,0.560882017807468
raw_cell_8002_P,5000->10000,5,140,0.35271809122155773
raw_cell_8002_P,5000->10000,5,141,0.5410852174904173
raw_cell_8002_P,5000->10000,5,142,0.3638531778453047
raw_cell_8002_P,5000->10000,5,143,0.5417858645516984
raw_cell_8002_P,5000->10000,5,144,0.6025167558662075
raw_cell_8002_P,5000->10000,5,145,0.6281682136307791
raw_cell_8002_P,5000->10000,5,146,0.3433292138736419
raw_cell_8002_P,5000->10000,5,147,0.4150797319581146
raw_cell_8002_P,5000->10000,5,148,0.43855969916101334
raw_cell_8002_P,5000->10000,5,149,0.4197532152592896
raw_cell_8002_P,5000->10000,5,150,0.5715824450429149
raw_cell_8002_P,5000->10000,5,151,0.4791371030979346
raw_cell_8002_P,5000->10000,5,152,0.5177352868628896
raw_cell_8002_P,5000->10000,5,153,0.46131848124764424
raw_cell_8002_P,5000->10000,5,154,0.37709367206127764
raw_cell_8002_P,5000->10000,5,155,0.4211171359343073
raw_cell_8002_P,5000->10000,5,156,0.5350288925824128
raw_cell_8002_P,5000->10000,5,157,0.5271040366658544
raw_cell_8002_P,5000->10000,5,158,0.5870358478059974
raw_cell_8002_P,5000->10000,5,159,0.6517323053452143
raw_cell_8002_P,5000->10000,5,160,0.6494490909889282
raw_cell_8002_P,5000->10000,5,161,0.530547211238952
raw_cell_8002_P,5000->10000,5,162,0.28892292912056355
raw_cell_8002_P,5000->10000,5,163,0.6333469270123101
raw_cell_8002_P,5000->10000,5,164,0.5753760942620831
raw_cell_8002_P,5000->10000,5,165,0.37335827513128994
raw_cell_8002_P,5000->10000,5,166,0.5837205493423868
raw_cell_8002_P,5000->10000,5,167,0.3795453975437386
raw_cell_8002_P,5000->10000,5,168,0.41213001181015996
raw_cell_8002_P,5000->10000,5,169,0.3465488346771919
raw_cell_8002_P,5000->10000,5,170,0.44876686905604113
raw_cell_8002_P,5000->10000,5,171,0.473446673410637
raw_cell_8002_P,5000->10000,5,172,0.5074762922946222
raw_cell_8002_P,5000->10000,5,173,0.5487627066183072
raw_cell_8002_P,5000->10000,5,174,0.5717369182036285
raw_cell_8002_P,5000->10000,5,175,0.33068776666184796
raw_cell_8002_P,5000->10000,5,176,0.3658699757025846
raw_cell_8002_P,5000->10000,5,177,0.7512330160566526
raw_cell_8002_P,5000->10000,5,178,0.40342488202177823
raw_cell_8002_P,5000->10000,5,179,0.4846322179064423
raw_cell_8002_P,5000->10000,5,180,0.588473106637284
raw_cell_8002_P,5000->10000,5,181,0.38985225255109
raw_cell_8002_P,5000->10000,5,182,0.5313356605085272
raw_cell_8002_P,5000->10000,5,183,0.601771489436248
raw_cell_8002_P,5000->10000,5,184,0.3140803822019501
raw_cell_8002_P,5000->10000,5,185,0.6665801387472723
raw_cell_8002_P,5000->10000,5,186,0.6018417117457165
raw_cell_8002_P,5000->10000,5,187,0.42449891705679715
raw_cell_8002_P,5000->10000,5,188,0.4616255584529301
raw_cell_8002_P,5000->10000,5,189,0.5105751373113397
raw_cell_8002_P,5000->10000,5,190,0.4022973581791134
raw_cell_8002_P,5000->10000,5,191,0.3058717208794809
raw_cell_8002_P,5000->10000,5,192,0.7698826731084611
raw_cell_8002_P,5000->10000,5,193,0.4358231047286816
raw_cell_8002_P,5000->10000,5,194,0.6155452439512493
raw_cell_8002_P,5000->10000,5,195,0.5323386222159101
raw_cell_8002_P,5000->10000,5,196,0.55604892464487
raw_cell_8002_P,5000->10000,5,197,0.4320544725496377
raw_cell_8002_P,5000->10000,5,198,0.36743123406654443
raw_cell_8002_P,5000->10000,5,199,0.6341542841492102
raw_cell_8002_N,10000->20000,5,0,0.4223017736090193
raw_cell_8002_N,10000->20000,5,1,0.4531441156684162
raw_cell_8002_N,10000->20000,5,2,0.4567536944721309
raw_cell_8002_N,10000->20000,5,3,0.48132999987163083
raw_cell_8002_N,10000->20000,5,4,0.3712958710302028
raw_cell_8002_N,10000->20000,5,5,0.5428514477267917
raw_cell_8002_N,10000->20000,5,6,0.6130410879341814
raw_cell_8002_N,10000->20000,5,7,0.6609125495494752
raw_cell_8002_N,10000->20000,5,8,0.6294137048286889
raw_cell_8002_N,10000->20000,5,9,0.6459548420593532
raw_cell_8002_N,10000->20000,5,10,0.7401406956156554
raw_cell_8002_N,10000->20000,5,11,0.5542385257184457
raw_cell_8002_N,10000->20000,5,12,0.20903566832939108
raw_cell_8002_N,10000->20000,5,13,0.45666653596616563
raw_cell_8002_N,10000->20000,5,14,0.555388372846606
raw_cell_8002_N,10000->20000,5,15,0.6325920195059351
raw_cell_8002_N,10000->20000,5,16,0.47791924376951594
raw_cell_8002_N,10000->20000,5,17,0.6580358838209065
raw_cell_8002_N,10000->20000,5,18,0.46222884634940403
raw_cell_8002_N,10000->20000,5,19,0.5350482184086729
raw_cell_8002_N,10000->20000,5,20,0.5924969205005199
raw_cell_8002_N,10000->20000,5,21,0.5991069435947025
raw_cell_8002_N,10000->20000,5,22,0.5865169081510565
raw_cell_8002_N,10000->20000,5,23,0.6499577986649693
raw_cell_8002_N,10000->20000,5,24,0.550980827357495
raw_cell_8002_N,10000->20000,5,25,0.4400887134677458
raw_cell_8002_N,10000->20000,5,26,0.5265240502557264
raw_cell_8002_N,10000->20000,5,27,0.4610812400748927
raw_cell_8002_N,10000->20000,5,28,0.46331314305831744
raw_cell_8002_N,10000->20000,5,29,0.5552494897128378
raw_cell_8002_N,10000->20000,5,30,0.5861185354336491
raw_cell_8002_N,10000->20000,5,31,0.5443852589479469
raw_cell_8002_N,10000->20000,5,32,0.44392335953858414
raw_cell_8002_N,10000->20000,5,33,0.6415092915755822
raw_cell_8002_N,10000->20000,5,34,0.570076736266766
raw_cell_8002_N,10000->20000,5,35,0.46457945777840826
raw_cell_8002_N,10000->20000,5,36,0.37967337490848346
raw_cell_8002_N,10000->20000,5,37,0.5621956377080869
raw_cell_8002_N,10000->20000,5,38,0.5637490337328133
raw_cell_8002_N,10000->20000,5,39,0.49205630279944673
raw_cell_8002_N,10000->20000,5,40,0.5351784011974057
raw_cell_8002_N,10000->20000,5,41,0.6009560763367456
raw_cell_8002_N,10000->20000,5,42,0.36146906309259613
raw_cell_8002_N,10000->20000,5,43,0.4928077390736147
raw_cell_8002_N,10000->20000,5,44,0.45502736548539624
raw_cell_8002_N,10000->20000,5,45,0.42020594866055444
raw_cell_8002_N,10000->20000,5,46,0.43355049161000736
raw_cell_8002_N,10000->20000,5,47,0.4778102891944283
raw_cell_8002_N,10000->20000,5,48,0.279893439632408
raw_cell_8002_N,10000->20000,5,49,0.45131971443932956
raw_cell_8002_N,10000->20000,5,50,0.471430564275226
raw_cell_8002_N,10000->20000,5,51,0.42513504545405717
raw_cell_8002_N,10000->20000,5,52,0.30259307107103206
raw_cell_8002_N,10000->20000,5,53,0.5562605004971028
raw_cell_8002_N,10000->20000,5,54,0.40366503481309923
raw_cell_8002_N,10000->20000,5,55,0.4506433847399662
raw_cell_8002_N,10000->20000,5,56,0.4900324687469136
raw_cell_8002_N,10000->20000,5,57,0.627141258568129
raw_cell_8002_N,10000->20000,5,58,0.4363682118576753
raw_cell_8002_N,10000->20000,5,59,0.5708956191254507
raw_cell_8002_N,10000->20000,5,60,0.38544001447617254
raw_cell_8002_N,10000->20000,5,61,0.38245512019103556
raw_cell_8002_N,10000->20000,5,62,0.3769627095876335
raw_cell_8002_N,10000->20000,5,63,0.4435494623926259
raw_cell_8002_N,10000->20000,5,64,0.5979292682926308
raw_cell_8002_N,10000->20000,5,65,0.54738012384224
raw_cell_8002_N,10000->20000,5,66,0.734388981207016
raw_cell_8002_N,10000->20000,5,67,0.4225597325614931
raw_cell_8002_N,10000->20000,5,68,0.8302737170292022
raw_cell_8002_N,10000->20000,5,69,0.42178398468286304
raw_cell_8002_N,10000->20000,5,70,0.48450853797956345
raw_cell_8002_N,10000->20000,5,71,0.49389090758420306
raw_cell_8002_N,10000->20000,5,72,0.5981873409216271
raw_cell_8002_N,10000->20000,5,73,0.4894174441716884
raw_cell_8002_N,10000->20000,5,74,0.5553359498213201
raw_cell_8002_N,10000->20000,5,75,0.3971208634304043
raw_cell_8002_N,10000->20000,5,76,0.7105563775554803
raw_cell_8002_N,10000->20000,5,77,0.4220705274847557
raw_cell_8002_N,10000->20000,5,78,0.5869180724454834
raw_cell_8002_N,10000->20000,5,79,0.6569246605616265
raw_cell_8002_N,10000->20000,5,80,0.4093118116101294
raw_cell_8002_N,10000->20000,5,81,0.39363419506028324
raw_cell_8002_N,10000->20000,5,82,0.3667634986543427
raw_cell_8002_N,10000->20000,5,83,0.4414197020229517
raw_cell_8002_N,10000->20000,5,84,0.7676350580103399
raw_cell_8002_N,10000->20000,5,85,0.5123236601313826
raw_cell_8002_N,10000->20000,5,86,0.49677692278420726
raw_cell_8002_N,10000->20000,5,87,0.48142958656828283
raw_cell_8002_N,10000->20000,5,88,0.5410512762172565
raw_cell_8002_N,10000->20000,5,89,0.28987036597604265
raw_cell_8002_N,10000->20000,5,90,0.473041280764443
raw_cell_8002_N,10000->20000,5,91,0.6229552984174509
raw_cell_8002_N,10000->20000,5,92,0.4837903813826098
raw_cell_8002_N,10000->20000,5,93,0.5169933751822199
raw_cell_8002_N,10000->20000,5,94,0.4017721807158683
raw_cell_8002_N,10000->20000,5,95,0.3459655969063703
raw_cell_8002_N,10000->20000,5,96,0.5724014114733965
raw_cell_8002_N,10000->20000,5,97,0.5521114155746631
raw_cell_8002_N,10000->20000,5,98,0.353348823746209
raw_cell_8002_N,10000->20000,5,99,0.49607956042600226
raw_cell_8002_N,10000->20000,5,100,0.4015913230881585
raw_cell_8002_N,10000->20000,5,101,0.3686856831709652
raw_cell_8002_N,10000->20000,5,102,0.4396933738657726
raw_cell_8002_N,10000->20000,5,103,0.5072898694931223
raw_cell_8002_N,10000->20000,5,104,0.326686731514728
raw_cell_8002_N,10000->20000,5,105,0.49334666130283245
raw_cell_8002_N,10000->20000,5,106,0.5171509525959272
raw_cell_8002_N,10000->20000,5,107,0.7443799592070661
raw_cell_8002_N,10000->20000,5,108,0.4089295905900559
raw_cell_8002_N,10000->20000,5,109,0.5926531145244773
raw_cell_8002_N,10000->20000,5,110,0.3078961779526339
raw_cell_8002_N,10000->20000,5,111,0.29838858350699504
raw_cell_8002_N,10000->20000,5,112,0.462573768326493
raw_cell_8002_N,10000->20000,5,113,0.46790519482758886
raw_cell_8002_N,10000->20000,5,114,0.424489133751089
raw_cell_8002_N,10000->20000,5,115,0.5845421496621522
raw_cell_8002_N,10000->20000,5,116,0.4156011795434503
raw_cell_8002_N,10000->20000,5,117,0.2747244284109124
raw_cell_8002_N,10000->20000,5,118,0.4396070689429205
raw_cell_8002_N,10000->20000,5,119,0.6478685367307444
raw_cell_8002_N,10000->20000,5,120,0.5502126161802864
raw_cell_8002_N,10000->20000,5,121,0.5382819123697539
raw_cell_8002_N,10000->20000,5,122,0.39957550173650136
raw_cell_8002_N,10000->20000,5,123,0.49771933182167966
raw_cell_8002_N,10000->20000,5,124,0.579779227108388
raw_cell_8002_N,10000->20000,5,125,0.4840520843196899
raw_cell_8002_N,10000->20000,5,126,0.4551291633521488
raw_cell_8002_N,10000->20000,5,127,0.436416727750069
raw_cell_8002_N,10000->20000,5,128,0.39269414638601197
raw_cell_8002_N,10000->20000,5,129,0.40990778389316285
raw_cell_8002_N,10000->20000,5,130,0.3227843066522174
raw_cell_8002_N,10000->20000,5,131,0.679175247793142
raw_cell_8002_N,10000->20000,5,132,0.6033123040931038
raw_cell_8002_N,10000->20000,5,133,0.5436797199582031
raw_cell_8002_N,10000->20000,5,134,0.4954890257763794
raw_cell_8002_N,10000->20000,5,135,0.5685176636610866
raw_cell_8002_N,10000->20000,5,136,0.6042460387440884
raw_cell_8002_N,10000->20000,5,137,0.4302861901415839
raw_cell_8002_N,10000->20000,5,138,0.3768259680395083
raw_cell_8002_N,10000->20000,5,139,0.29788940118819807
raw_cell_8002_N,10000->20000,5,140,0.5675918224435459
raw_cell_8002_N,10000->20000,5,141,0.5819848266532668
raw_cell_8002_N,10000->20000,5,142,0.36247741226877617
raw_cell_8002_N,10000->20000,5,143,0.35277200702205175
raw_cell_8002_N,10000->20000,5,144,0.6902269385833656
raw_cell_8002_N,10000->20000,5,145,0.6319949581307132
raw_cell_8002_N,10000->20000,5,146,0.5397577390144559
raw_cell_8002_N,10000->20000,5,147,0.6308609498311483
raw_cell_8002_N,10000->20000,5,148,0.5536504143945774
raw_cell_8002_N,10000->20000,5,149,0.5075950163551325
raw_cell_8002_N,10000->20000,5,150,0.5945545826192253
raw_cell_8002_N,10000->20000,5,151,0.4477790248054939
raw_cell_8002_N,10000->20000,5,152,0.5841907537454584
raw_cell_8002_N,10000->20000,5,153,0.6278697911970997
raw_cell_8002_N,10000->20000,5,154,0.47037275680258744
raw_cell_8002_N,10000->20000,5,155,0.7156856366714205
raw_cell_8002_N,10000->20000,5,156,0.6434717027565761
raw_cell_8002_N,10000->20000,5,157,0.4464626858603859
raw_cell_8002_N,10000->20000,5,158,0.5176183476389808
raw_cell_8002_N,10000->20000,5,159,0.4746138692682101
raw_cell_8002_N,10000->20000,5,160,0.3999967576314478
raw_cell_8002_N,10000->20000,5,161,0.47131284967767356
raw_cell_8002_N,10000->20000,5,162,0.4320977337392314
raw_cell_8002_N,10000->20000,5,163,0.4054781526639729
raw_cell_8002_N,10000->20000,5,164,0.5632211061384158
raw_cell_8002_N,10000->20000,5,165,0.48189242567580154
raw_cell_8002_N,10000->20000,5,166,0.38384149611070933
raw_cell_8002_N,10000->20000,5,167,0.57560533995028
raw_cell_8002_N,10000->20000,5,168,0.48949583803370667
raw_cell_8002_N,10000->20000,5,169,0.575030139292796
raw_cell_8002_N,10000->20000,5,170,0.5225007191546425
raw_cell_8002_N,10000->20000,5,171,0.5070953373794019
raw_cell_8002_N,10000->20000,5,172,0.3650268634102283
raw_cell_8002_N,10000->20000,5,173,0.497354135419267
raw_cell_8002_N,10000->20000,5,174,0.49226314162153795
raw_cell_8002_N,10000->20000,5,175,0.34722665516336565
raw_cell_8002_N,10000->20000,5,176,0.5952590832072098
raw_cell_8002_N,10000->20000,5,177,0.7284759568879143
raw_cell_8002_N,10000->20000,5,178,0.5734214916908594
raw_cell_8002_N,10000->20000,5,179,0.5200129980201842
raw_cell_8002_N,10000->20000,5,180,0.44499838241977135
raw_cell_8002_N,10000->20000,5,181,0.5501596465677878
raw_cell_8002_N,10000->20000,5,182,0.4390545507061458
raw_cell_8002_N,10000->20000,5,183,0.5326156839208039
raw_cell_8002_N,10000->20000,5,184,0.5003899237263802
raw_cell_8002_N,10000->20000,5,185,0.5054266821381443
raw_cell_8002_N,10000->20000,5,186,0.3924430079741371
raw_cell_8002_N,10000->20000,5,187,0.5992054910831401
raw_cell_8002_N,10000->20000,5,188,0.5609087860644519
raw_cell_8002_N,10000->20000,5,189,0.39090168372118295
raw_cell_8002_N,10000->20000,5,190,0.7248335547235841
raw_cell_8002_N,10000->20000,5,191,0.4854769426079107
raw_cell_8002_N,10000->20000,5,192,0.4829614832174025
raw_cell_8002_N,10000->20000,5,193,0.5753725623713549
raw_cell_8002_N,10000->20000,5,194,0.4370739108946295
raw_cell_8002_N,10000->20000,5,195,0.6758292347300328
raw_cell_8002_N,10000->20000,5,196,0.500770163101989
raw_cell_8002_N,10000->20000,5,197,0.5674280731154798
raw_cell_8002_N,10000->20000,5,198,0.5274625911243966
raw_cell_8002_N,10000->20000,5,199,0.5613586877823179
raw_cell_5000_P_replication_partner,5000->10000,5,0,0.4980621315982908
raw_cell_5000_P_replication_partner,5000->10000,5,1,0.3912786201210482
raw_cell_5000_P_replication_partner,5000->10000,5,2,0.5364954684533639
raw_cell_5000_P_replication_partner,5000->10000,5,3,0.5363068991687366
raw_cell_5000_P_replication_partner,5000->10000,5,4,0.37750584058447195
raw_cell_5000_P_replication_partner,5000->10000,5,5,0.5283775390450222
raw_cell_5000_P_replication_partner,5000->10000,5,6,0.5867167279490985
raw_cell_5000_P_replication_partner,5000->10000,5,7,0.35148393439616604
raw_cell_5000_P_replication_partner,5000->10000,5,8,0.616428349931515
raw_cell_5000_P_replication_partner,5000->10000,5,9,0.5184607500492263
raw_cell_5000_P_replication_partner,5000->10000,5,10,0.40680959822034746
raw_cell_5000_P_replication_partner,5000->10000,5,11,0.44061222878893813
raw_cell_5000_P_replication_partner,5000->10000,5,12,0.3727826616470113
raw_cell_5000_P_replication_partner,5000->10000,5,13,0.34161234627975673
raw_cell_5000_P_replication_partner,5000->10000,5,14,0.3238958116143691
raw_cell_5000_P_replication_partner,5000->10000,5,15,0.5472802812082169
raw_cell_5000_P_replication_partner,5000->10000,5,16,0.44367448719952957
raw_cell_5000_P_replication_partner,5000->10000,5,17,0.4354712603212433
raw_cell_5000_P_replication_partner,5000->10000,5,18,0.4122779884102876
raw_cell_5000_P_replication_partner,5000->10000,5,19,0.40596042652863895
raw_cell_5000_P_replication_partner,5000->10000,5,20,0.3546651764865123
raw_cell_5000_P_replication_partner,5000->10000,5,21,0.5520606196445201
raw_cell_5000_P_replication_partner,5000->10000,5,22,0.5625446938938027
raw_cell_5000_P_replication_partner,5000->10000,5,23,0.6240358129416104
raw_cell_5000_P_replication_partner,5000->10000,5,24,0.4830634366938317
raw_cell_5000_P_replication_partner,5000->10000,5,25,0.444183542066438
raw_cell_5000_P_replication_partner,5000->10000,5,26,0.5905604023348017
raw_cell_5000_P_replication_partner,5000->10000,5,27,0.5385587086413439
raw_cell_5000_P_replication_partner,5000->10000,5,28,0.26689077428613334
raw_cell_5000_P_replication_partner,5000->10000,5,29,0.5763979829334376
raw_cell_5000_P_replication_partner,5000->10000,5,30,0.6556549158656351
raw_cell_5000_P_replication_partner,5000->10000,5,31,0.594705594621899
raw_cell_5000_P_replication_partner,5000->10000,5,32,0.5036704558256315
raw_cell_5000_P_replication_partner,5000->10000,5,33,0.35287780412798947
raw_cell_5000_P_replication_partner,5000->10000,5,34,0.31315350842088585
raw_cell_5000_P_replication_partner,5000->10000,5,35,0.3907950430513489
raw_cell_5000_P_replication_partner,5000->10000,5,36,0.5812061056965161
raw_cell_5000_P_replication_partner,5000->10000,5,37,0.24011851988675736
raw_cell_5000_P_replication_partner,5000->10000,5,38,0.3438958514230384
raw_cell_5000_P_replication_partner,5000->10000,5,39,0.6383281716714825
raw_cell_5000_P_replication_partner,5000->10000,5,40,0.5927446537401645
raw_cell_5000_P_replication_partner,5000->10000,5,41,0.4607833763253112
raw_cell_5000_P_replication_partner,5000->10000,5,42,0.417068025496774
raw_cell_5000_P_replication_partner,5000->10000,5,43,0.5419965599639809
raw_cell_5000_P_replication_partner,5000->10000,5,44,0.7511420680500444
raw_cell_5000_P_replication_partner,5000->10000,5,45,0.30543949826766714
raw_cell_5000_P_replication_partner,5000->10000,5,46,0.5477765472585463
raw_cell_5000_P_replication_partner,5000->10000,5,47,0.29294551921568446
raw_cell_5000_P_replication_partner,5000->10000,5,48,0.46199697843468335
raw_cell_5000_P_replication_partner,5000->10000,5,49,0.387386206876995
raw_cell_5000_P_replication_partner,5000->10000,5,50,0.44897012244790896
raw_cell_5000_P_replication_partner,5000->10000,5,51,0.5177454473528965
raw_cell_5000_P_replication_partner,5000->10000,5,52,0.5160483728905507
raw_cell_5000_P_replication_partner,5000->10000,5,53,0.4518968814364777
raw_cell_5000_P_replication_partner,5000->10000,5,54,0.5189213129991551
raw_cell_5000_P_replication_partner,5000->10000,5,55,0.5140256739937352
raw_cell_5000_P_replication_partner,5000->10000,5,56,0.8672893431826023
raw_cell_5000_P_replication_partner,5000->10000,5,57,0.3441626863199631
raw_cell_5000_P_replication_partner,5000->10000,5,58,0.4318036066004425
raw_cell_5000_P_replication_partner,5000->10000,5,59,0.34340820508468173
raw_cell_5000_P_replication_partner,5000->10000,5,60,0.35998534166058
raw_cell_5000_P_replication_partner,5000->10000,5,61,0.7112521729386256
raw_cell_5000_P_replication_partner,5000->10000,5,62,0.46678947445912977
raw_cell_5000_P_replication_partner,5000->10000,5,63,0.4842319841477939
raw_cell_5000_P_replication_partner,5000->10000,5,64,0.4709764374691222
raw_cell_5000_P_replication_partner,5000->10000,5,65,0.4141442452573772
raw_cell_5000_P_replication_partner,5000->10000,5,66,0.3764903748560152
raw_cell_5000_P_replication_partner,5000->10000,5,67,0.46013938574647745
raw_cell_5000_P_replication_partner,5000->10000,5,68,0.7261698752549572
raw_cell_5000_P_replication_partner,5000->10000,5,69,0.6596011834505027
raw_cell_5000_P_replication_partner,5000->10000,5,70,0.714671437962647
raw_cell_5000_P_replication_partner,5000->10000,5,71,0.6407552444849016
raw_cell_5000_P_replication_partner,5000->10000,5,72,0.5955298814587686
raw_cell_5000_P_replication_partner,5000->10000,5,73,0.5211171901312197
raw_cell_5000_P_replication_partner,5000->10000,5,74,0.39715474817737884
raw_cell_5000_P_replication_partner,5000->10000,5,75,0.5945112837808487
raw_cell_5000_P_replication_partner,5000->10000,5,76,0.44284249533403175
raw_cell_5000_P_replication_partner,5000->10000,5,77,0.5268754037425043
raw_cell_5000_P_replication_partner,5000->10000,5,78,0.6154337397293936
raw_cell_5000_P_replication_partner,5000->10000,5,79,0.37704409050054355
raw_cell_5000_P_replication_partner,5000->10000,5,80,0.49561378274505175
raw_cell_5000_P_replication_partner,5000->10000,5,81,0.5630416727525316
raw_cell_5000_P_replication_partner,5000->10000,5,82,0.5096632356919977
raw_cell_5000_P_replication_partner,5000->10000,5,83,0.7595480013633401
raw_cell_5000_P_replication_partner,5000->10000,5,84,0.375997395611208
raw_cell_5000_P_replication_partner,5000->10000,5,85,0.4249292391293672
raw_cell_5000_P_replication_partner,5000->10000,5,86,0.4561043021196939
raw_cell_5000_P_replication_partner,5000->10000,5,87,0.28675845309704456
raw_cell_5000_P_replication_partner,5000->10000,5,88,0.4857886284255796
raw_cell_5000_P_replication_partner,5000->10000,5,89,0.5258846054099805
raw_cell_5000_P_replication_partner,5000->10000,5,90,0.7066767278371956
raw_cell_5000_P_replication_partner,5000->10000,5,91,0.38536219998698046
raw_cell_5000_P_replication_partner,5000->10000,5,92,0.4651764884017763
raw_cell_5000_P_replication_partner,5000->10000,5,93,0.5112286258833162
raw_cell_5000_P_replication_partner,5000->10000,5,94,0.5335782984525184
raw_cell_5000_P_replication_partner,5000->10000,5,95,0.5913787626883953
raw_cell_5000_P_replication_partner,5000->10000,5,96,0.5632796811122486
raw_cell_5000_P_replication_partner,5000->10000,5,97,0.4637982492885571
raw_cell_5000_P_replication_partner,5000->10000,5,98,0.633294451190355
raw_cell_5000_P_replication_partner,5000->10000,5,99,0.5000722264441453
raw_cell_5000_P_replication_partner,5000->10000,5,100,0.5823023145256031
raw_cell_5000_P_replication_partner,5000->10000,5,101,0.2372654136901806
raw_cell_5000_P_replication_partner,5000->10000,5,102,0.6896341442920532
raw_cell_5000_P_replication_partner,5000->10000,5,103,0.43967251022737475
raw_cell_5000_P_replication_partner,5000->10000,5,104,0.6041110811101978
raw_cell_5000_P_replication_partner,5000->10000,5,105,0.3856332550440519
raw_cell_5000_P_replication_partner,5000->10000,5,106,0.6225815448860088
raw_cell_5000_P_replication_partner,5000->10000,5,107,0.5001403304824051
raw_cell_5000_P_replication_partner,5000->10000,5,108,0.35977737672812643
raw_cell_5000_P_replication_partner,5000->10000,5,109,0.3652040743985378
raw_cell_5000_P_replication_partner,5000->10000,5,110,0.5871503122237153
raw_cell_5000_P_replication_partner,5000->10000,5,111,0.450236226664026
raw_cell_5000_P_replication_partner,5000->10000,5,112,0.6457276861619992
raw_cell_5000_P_replication_partner,5000->10000,5,113,0.475362575050316
raw_cell_5000_P_replication_partner,5000->10000,5,114,0.5522745802805302
raw_cell_5000_P_replication_partner,5000->10000,5,115,0.49845428525642194
raw_cell_5000_P_replication_partner,5000->10000,5,116,0.29645483354497854
raw_cell_5000_P_replication_partner,5000->10000,5,117,0.4212641514388095
raw_cell_5000_P_replication_partner,5000->10000,5,118,0.4261029040068357
raw_cell_5000_P_replication_partner,5000->10000,5,119,0.5250290541877425
raw_cell_5000_P_replication_partner,5000->10000,5,120,0.4315044721782816
raw_cell_5000_P_replication_partner,5000->10000,5,121,0.4316869577821101
raw_cell_5000_P_replication_partner,5000->10000,5,122,0.39525122541107816
raw_cell_5000_P_replication_partner,5000->10000,5,123,0.3639011997450572
raw_cell_5000_P_replication_partner,5000->10000,5,124,0.5692730453878588
raw_cell_5000_P_replication_partner,5000->10000,5,125,0.32898953507320045
raw_cell_5000_P_replication_partner,5000->10000,5,126,0.30022474149364925
raw_cell_5000_P_replication_partner,5000->10000,5,127,0.48166985570949755
raw_cell_5000_P_replication_partner,5000->10000,5,128,0.21126260682263293
raw_cell_5000_P_replication_partner,5000->10000,5,129,0.44366435646728164
raw_cell_5000_P_replication_partner,5000->10000,5,130,0.5387830850842065
raw_cell_5000_P_replication_partner,5000->10000,5,131,0.3102881248589494
raw_cell_5000_P_replication_partner,5000->10000,5,132,0.47981026433012974
raw_cell_5000_P_replication_partner,5000->10000,5,133,0.6184029644727874
raw_cell_5000_P_replication_partner,5000->10000,5,134,0.2266045017837026
raw_cell_5000_P_replication_partner,5000->10000,5,135,0.5167937368977709
raw_cell_5000_P_replication_partner,5000->10000,5,136,0.44196160230227066
raw_cell_5000_P_replication_partner,5000->10000,5,137,0.2561070397200249
raw_cell_5000_P_replication_partner,5000->10000,5,138,0.4567192461292269
raw_cell_5000_P_replication_partner,5000->10000,5,139,0.39016568839708166
raw_cell_5000_P_replication_partner,5000->10000,5,140,0.5054756962107508
raw_cell_5000_P_replication_partner,5000->10000,5,141,0.6124814137695606
raw_cell_5000_P_replication_partner,5000->10000,5,142,0.33136115592067905
raw_cell_5000_P_replication_partner,5000->10000,5,143,0.5474675405704842
raw_cell_5000_P_replication_partner,5000->10000,5,144,0.5589346495210915
raw_cell_5000_P_replication_partner,5000->10000,5,145,0.4764062055035053
raw_cell_5000_P_replication_partner,5000->10000,5,146,0.4513351274407479
raw_cell_5000_P_replication_partner,5000->10000,5,147,0.30883344611520047
raw_cell_5000_P_replication_partner,5000->10000,5,148,0.6547637438802221
raw_cell_5000_P_replication_partner,5000->10000,5,149,0.6073312642812713
raw_cell_5000_P_replication_partner,5000->10000,5,150,0.5898336076334765
raw_cell_5000_P_replication_partner,5000->10000,5,151,0.5020723902056026
raw_cell_5000_P_replication_partner,5000->10000,5,152,0.6077388492853091
raw_cell_5000_P_replication_partner,5000->10000,5,153,0.33402480294749826
raw_cell_5000_P_replication_partner,5000->10000,5,154,0.7256725672804807
raw_cell_5000_P_replication_partner,5000->10000,5,155,0.42764506140332864
raw_cell_5000_P_replication_partner,5000->10000,5,156,0.4566246422298362
raw_cell_5000_P_replication_partner,5000->10000,5,157,0.6154995461798579
raw_cell_5000_P_replication_partner,5000->10000,5,158,0.46947264139645123
raw_cell_5000_P_replication_partner,5000->10000,5,159,0.49038093562657525
raw_cell_5000_P_replication_partner,5000->10000,5,160,0.422439785176152
raw_cell_5000_P_replication_partner,5000->10000,5,161,0.5915613246872571
raw_cell_5000_P_replication_partner,5000->10000,5,162,0.5317781904022586
raw_cell_5000_P_replication_partner,5000->10000,5,163,0.5324385456452866
raw_cell_5000_P_replication_partner,5000->10000,5,164,0.4082694355000146
raw_cell_5000_P_replication_partner,5000->10000,5,165,0.41924125388081385
raw_cell_5000_P_replication_partner,5000->10000,5,166,0.5388209280572714
raw_cell_5000_P_replication_partner,5000->10000,5,167,0.5138974296849493
raw_cell_5000_P_replication_partner,5000->10000,5,168,0.6627164667503276
raw_cell_5000_P_replication_partner,5000->10000,5,169,0.44112265637063774
raw_cell_5000_P_replication_partner,5000->10000,5,170,0.6506623694672443
raw_cell_5000_P_replication_partner,5000->10000,5,171,0.49186634100090226
raw_cell_5000_P_replication_partner,5000->10000,5,172,0.7635900520911062
raw_cell_5000_P_replication_partner,5000->10000,5,173,0.5540066685328907
raw_cell_5000_P_replication_partner,5000->10000,5,174,0.6625297699186177
raw_cell_5000_P_replication_partner,5000->10000,5,175,0.425911663703279
raw_cell_5000_P_replication_partner,5000->10000,5,176,0.6687807310466974
raw_cell_5000_P_replication_partner,5000->10000,5,177,0.4831762651354448
raw_cell_5000_P_replication_partner,5000->10000,5,178,0.6896660839672886
raw_cell_5000_P_replication_partner,5000->10000,5,179,0.5854234614099909
raw_cell_5000_P_replication_partner,5000->10000,5,180,0.24137140029813964
raw_cell_5000_P_replication_partner,5000->10000,5,181,0.4188697170067668
raw_cell_5000_P_replication_partner,5000->10000,5,182,0.3266515577281291
raw_cell_5000_P_replication_partner,5000->10000,5,183,0.37270965482450535
raw_cell_5000_P_replication_partner,5000->10000,5,184,0.4633517515498601
raw_cell_5000_P_replication_partner,5000->10000,5,185,0.4472304632345633
raw_cell_5000_P_replication_partner,5000->10000,5,186,0.4596908593162653
raw_cell_5000_P_replication_partner,5000->10000,5,187,0.4495860790622717
raw_cell_5000_P_replication_partner,5000->10000,5,188,0.4321040708447425
raw_cell_5000_P_replication_partner,5000->10000,5,189,0.3921241855625432
raw_cell_5000_P_replication_partner,5000->10000,5,190,0.4859206934471743
raw_cell_5000_P_replication_partner,5000->10000,5,191,0.44533702989137247
raw_cell_5000_P_replication_partner,5000->10000,5,192,0.5987699451387846
raw_cell_5000_P_replication_partner,5000->10000,5,193,0.6014221073998807
raw_cell_5000_P_replication_partner,5000->10000,5,194,0.39347838402314017
raw_cell_5000_P_replication_partner,5000->10000,5,195,0.5701178871168876
raw_cell_5000_P_replication_partner,5000->10000,5,196,0.5769846587515226
raw_cell_5000_P_replication_partner,5000->10000,5,197,0.5252584944183187
raw_cell_5000_P_replication_partner,5000->10000,5,198,0.7758800664872242
raw_cell_5000_P_replication_partner,5000->10000,5,199,0.4178390708845161
single_cell_alpha,5000->10000,10,0,0.5263221430639179
single_cell_alpha,5000->10000,10,1,0.3409736313226975
single_cell_alpha,5000->10000,10,2,0.2592480648323754
single_cell_alpha,5000->10000,10,3,0.15666990790035354
single_cell_alpha,5000->10000,10,4,0.8781232417588306
single_cell_alpha,5000->10000,10,5,0.6178181167230743
single_cell_alpha,5000->10000,10,6,0.6635102229061333
single_cell_alpha,5000->10000,10,7,0.5976816437523208
single_cell_alpha,5000->10000,10,8,0.38390835577648597
single_cell_alpha,5000->10000,10,9,0.4834524000933602
single_cell_alpha,5000->10000,10,10,0.4910284691113904
single_cell_alpha,5000->10000,10,11,0.44033345563990545
single_cell_alpha,5000->10000,10,12,0.553932570890261
single_cell_alpha,5000->10000,10,13,-0.08676040069880668
single_cell_alpha,5000->10000,10,14,0.40064595599151714
single_cell_alpha,5000->10000,10,15,0.8680086269047017
single_cell_alpha,5000->10000,10,16,0.5709365214086508
single_cell_alpha,5000->10000,10,17,1.050581858233059
single_cell_alpha,5000->10000,10,18,0.596325090992338
single_cell_alpha,5000->10000,10,19,0.1745103058418731
single_cell_alpha,5000->10000,10,20,-0.09040802908068564
single_cell_alpha,5000->10000,10,21,0.39982502339279347
single_cell_alpha,5000->10000,10,22,0.4779374876365542
single_cell_alpha,5000->10000,10,23,0.31684610462664636
single_cell_alpha,5000->10000,10,24,0.14234187711165525
single_cell_alpha,5000->10000,10,25,0.8408158631413508
single_cell_alpha,5000->10000,10,26,0.5300421815625926
single_cell_alpha,5000->10000,10,27,0.3828885248924399
single_cell_alpha,5000->10000,10,28,0.8201767747284248
single_cell_alpha,5000->10000,10,29,0.3173664497130535
single_cell_alpha,5000->10000,10,30,0.31085748799547513
single_cell_alpha,5000->10000,10,31,0.7445725831568775
single_cell_alpha,5000->10000,10,32,0.6913469809205965
single_cell_alpha,5000->10000,10,33,0.8267540324944763
single_cell_alpha,5000->10000,10,34,0.37929550552871877
single_cell_alpha,5000->10000,10,35,0.5234978516182086
single_cell_alpha,5000->10000,10,36,0.3021015023498633
single_cell_alpha,5000->10000,10,37,0.7596444224681149
single_cell_alpha,5000->10000,10,38,0.643488786379915
single_cell_alpha,5000->10000,10,39,0.08530677201551111
single_cell_alpha,5000->10000,10,40,1.1067747439048576
single_cell_alpha,5000->10000,10,41,1.0593142561473
single_cell_alpha,5000->10000,10,42,0.6603197047194128
single_cell_alpha,5000->10000,10,43,-0.03001168904495146
single_cell_alpha,5000->10000,10,44,0.26553288201736164
single_cell_alpha,5000->10000,10,45,0.36954559013119037
single_cell_alpha,5000->10000,10,46,0.3324256057803847
single_cell_alpha,5000->10000,10,47,0.6740101953843378
single_cell_alpha,5000->10000,10,48,1.1440945695556846
single_cell_alpha,5000->10000,10,49,0.37620962316826084
single_cell_alpha,5000->10000,10,50,0.42893085003823855
single_cell_alpha,5000->10000,10,51,0.6284044955652428
single_cell_alpha,5000->10000,10,52,0.10161873660883476
single_cell_alpha,5000->10000,10,53,0.41340036193047447
single_cell_alpha,5000->10000,10,54,0.14189383848165388
single_cell_alpha,5000->10000,10,55,0.5152847162782097
single_cell_alpha,5000->10000,10,56,0.4499611058058821
single_cell_alpha,5000->10000,10,57,0.5507968187228269
single_cell_alpha,5000->10000,10,58,0.8736841945170181
single_cell_alpha,5000->10000,10,59,0.9239583465036075
single_cell_alpha,5000->10000,10,60,-0.011720423896453768
single_cell_alpha,5000->10000,10,61,-0.1895060214141302
single_cell_alpha,5000->10000,10,62,0.5771549180214669
single_cell_alpha,5000->10000,10,63,0.43291292529281195
single_cell_alpha,5000->10000,10,64,-0.11288720954383137
single_cell_alpha,5000->10000,10,65,0.5506453732899013
single_cell_alpha,5000->10000,10,66,0.9219372069716022
single_cell_alpha,5000->10000,10,67,0.67917841825645
single_cell_alpha,5000->10000,10,68,0.5104766742675082
single_cell_alpha,5000->10000,10,69,0.8306865023221437
single_cell_alpha,5000->10000,10,70,0.7500662856890814
single_cell_alpha,5000->10000,10,71,0.16287580400861615
single_cell_alpha,5000->10000,10,72,0.18231597373827496
single_cell_alpha,5000->10000,10,73,0.789794772398506
single_cell_alpha,5000->10000,10,74,0.6888251187052045
single_cell_alpha,5000->10000,10,75,0.8619456871700756
single_cell_alpha,5000->10000,10,76,0.25919550926880697
single_cell_alpha,5000->10000,10,77,0.0311233461422039
single_cell_alpha,5000->10000,10,78,0.625294979381596
single_cell_alpha,5000->10000,10,79,0.38092762886041465
single_cell_alpha,5000->10000,10,80,0.3567614796159843
single_cell_alpha,5000->10000,10,81,0.7342835706066555
single_cell_alpha,5000->10000,10,82,0.5642573144433397
single_cell_alpha,5000->10000,10,83,0.8384025996839296
single_cell_alpha,5000->10000,10,84,0.45449187767502247
single_cell_alpha,5000->10000,10,85,0.19900300396500156
single_cell_alpha,5000->10000,10,86,0.5063198021757315
single_cell_alpha,5000->10000,10,87,0.04063474081047144
single_cell_alpha,5000->10000,10,88,0.4107092527700639
single_cell_alpha,5000->10000,10,89,0.5714914612025671
single_cell_alpha,5000->10000,10,90,0.6355603310102074
single_cell_alpha,5000->10000,10,91,0.4617594745526166
single_cell_alpha,5000->10000,10,92,-0.20447611077529254
single_cell_alpha,5000->10000,10,93,0.34939235458052315
single_cell_alpha,5000->10000,10,94,0.5240754182412964
single_cell_alpha,5000->10000,10,95,0.5146635073211858
single_cell_alpha,5000->10000,10,96,0.8291188250434675
single_cell_alpha,5000->10000,10,97,0.8054149961670721
single_cell_alpha,5000->10000,10,98,0.0706582260070114
single_cell_alpha,5000->10000,10,99,0.45983417916626973
single_cell_alpha,5000->10000,10,100,0.4743178561211436
single_cell_alpha,5000->10000,10,101,0.9641757536749869
single_cell_alpha,5000->10000,10,102,0.07946145989423807
single_cell_alpha,5000->10000,10,103,0.44052054327610723
single_cell_alpha,5000->10000,10,104,0.36119621045291445
single_cell_alpha,5000->10000,10,105,0.1533495149740011
single_cell_alpha,5000->10000,10,106,0.9927162348177484
single_cell_alpha,5000->10000,10,107,0.4536157298310772
single_cell_alpha,5000->10000,10,108,-0.0035605454210146
single_cell_alpha,5000->10000,10,109,0.8284350629355124
single_cell_alpha,5000->10000,10,110,0.7260885907280442
single_cell_alpha,5000->10000,10,111,0.8551780115627333
single_cell_alpha,5000->10000,10,112,0.1732679714181562
single_cell_alpha,5000->10000,10,113,0.5698365837917778
single_cell_alpha,5000->10000,10,114,0.5965886406567223
single_cell_alpha,5000->10000,10,115,-0.18750388676864585
single_cell_alpha,5000->10000,10,116,0.7372887152992511
single_cell_alpha,5000->10000,10,117,0.4016679703958377
single_cell_alpha,5000->10000,10,118,0.4856092210062723
single_cell_alpha,5000->10000,10,119,0.3464355136692396
single_cell_alpha,5000->10000,10,120,0.2235235494544718
single_cell_alpha,5000->10000,10,121,0.8977711338187587
single_cell_alpha,5000->10000,10,122,0.4258181529969496
single_cell_alpha,5000->10000,10,123,0.2410474176311644
single_cell_alpha,5000->10000,10,124,0.7771510878564735
single_cell_alpha,5000->10000,10,125,0.3426007881987634
single_cell_alpha,5000->10000,10,126,0.47387016652353814
single_cell_alpha,5000->10000,10,127,0.9665369035221755
single_cell_alpha,5000->10000,10,128,0.634266672015385
single_cell_alpha,5000->10000,10,129,0.3920554783937637
single_cell_alpha,5000->10000,10,130,0.7700349246887241
single_cell_alpha,5000->10000,10,131,0.39684561979428257
single_cell_alpha,5000->10000,10,132,0.43753897897714783
single_cell_alpha,5000->10000,10,133,0.5330478414479972
single_cell_alpha,5000->10000,10,134,-0.14757483075534933
single_cell_alpha,5000->10000,10,135,0.6619595538263789
single_cell_alpha,5000->10000,10,136,0.6828930853330285
single_cell_alpha,5000->10000,10,137,0.320335679889169
single_cell_alpha,5000->10000,10,138,0.6312785128169408
single_cell_alpha,5000->10000,10,139,-0.23497671832570788
single_cell_alpha,5000->10000,10,140,0.32631370646355734
single_cell_alpha,5000->10000,10,141,0.6603206923967748
single_cell_alpha,5000->10000,10,142,0.7850389374421735
single_cell_alpha,5000->10000,10,143,0.716654949771681
single_cell_alpha,5000->10000,10,144,0.34441819930640455
single_cell_alpha,5000->10000,10,145,0.6635329862572469
single_cell_alpha,5000->10000,10,146,0.3837715643699846
single_cell_alpha,5000->10000,10,147,0.7514686637274754
single_cell_alpha,5000->10000,10,148,1.1697201980407461
single_cell_alpha,5000->10000,10,149,0.4765722081556824
single_cell_alpha,5000->10000,10,150,0.28420692872433684
single_cell_alpha,5000->10000,10,151,0.06977535015694822
single_cell_alpha,5000->10000,10,152,0.42009518399768386
single_cell_alpha,5000->10000,10,153,0.4149441012957758
single_cell_alpha,5000->10000,10,154,0.37428522772685424
single_cell_alpha,5000->10000,10,155,-0.2516361910000155
single_cell_alpha,5000->10000,10,156,0.723110062058037
single_cell_alpha,5000->10000,10,157,0.44818473373131906
single_cell_alpha,5000->10000,10,158,0.825281855059323
single_cell_alpha,5000->10000,10,159,1.2469174000554049
single_cell_alpha,5000->10000,10,160,0.9134517496834956
single_cell_alpha,5000->10000,10,161,0.002630713675660856
single_cell_alpha,5000->10000,10,162,0.4062337458982554
single_cell_alpha,5000->10000,10,163,0.4069555286844864
single_cell_alpha,5000->10000,10,164,0.26058158407936005
single_cell_alpha,5000->10000,10,165,0.7217954610364351
single_cell_alpha,5000->10000,10,166,0.7363632889139532
single_cell_alpha,5000->10000,10,167,0.3526880899352752
single_cell_alpha,5000->10000,10,168,0.5072562944828028
single_cell_alpha,5000->10000,10,169,0.4998395963373203
single_cell_alpha,5000->10000,10,170,-0.011014502274230785
single_cell_alpha,5000->10000,10,171,0.8026693148392114
single_cell_alpha,5000->10000,10,172,0.6150628722688264
single_cell_alpha,5000->10000,10,173,0.6347010279112293
single_cell_alpha,5000->10000,10,174,1.0203600569922695
single_cell_alpha,5000->10000,10,175,0.15157364656655412
single_cell_alpha,5000->10000,10,176,0.5744414244293585
single_cell_alpha,5000->10000,10,177,0.1975421289190381
single_cell_alpha,5000->10000,10,178,1.3860972643681935
single_cell_alpha,5000->10000,10,179,0.09759818012007258
single_cell_alpha,5000->10000,10,180,0.4980705247847019
single_cell_alpha,5000->10000,10,181,0.5490424979637161
single_cell_alpha,5000->10000,10,182,0.7324463285525492
single_cell_alpha,5000->10000,10,183,0.409244343213797
single_cell_alpha,5000->10000,10,184,1.3256279485380005
single_cell_alpha,5000->10000,10,185,0.6509870659830908
single_cell_alpha,5000->10000,10,186,0.4193321033270138
single_cell_alpha,5000->10000,10,187,0.16588017085715676
single_cell_alpha,5000->10000,10,188,0.7220760933299971
single_cell_alpha,5000->10000,10,189,0.20986330184517793
single_cell_alpha,5000->10000,10,190,0.18179921483963368
single_cell_alpha,5000->10000,10,191,0.6806929535205444
single_cell_alpha,5000->10000,10,192,0.34456020421979267
single_cell_alpha,5000->10000,10,193,0.453512046495499
single_cell_alpha,5000->10000,10,194,0.8516629940151293
single_cell_alpha,5000->10000,10,195,0.9286498849054267
single_cell_alpha,5000->10000,10,196,0.6298694532097641
single_cell_alpha,5000->10000,10,197,0.17617849962678017
single_cell_alpha,5000->10000,10,198,0.40304187421087734
single_cell_alpha,5000->10000,10,199,0.33609899169208485
regime_main_effect,mixed,10,0,-0.075288697811831
regime_main_effect,mixed,10,1,0.5849747083603449
regime_main_effect,mixed,10,2,-0.3225306042830277
regime_main_effect,mixed,10,3,-0.35476787229224827
regime_main_effect,mixed,10,4,0.21943554709029633
regime_main_effect,mixed,10,5,0.3095135676048013
regime_main_effect,mixed,10,6,-0.12485448641641206
regime_main_effect,mixed,10,7,0.05255643511774044
regime_main_effect,mixed,10,8,0.19547347004325122
regime_main_effect,mixed,10,9,0.17624754741710613
regime_main_effect,mixed,10,10,-0.05076360147380998
regime_main_effect,mixed,10,11,0.12617048867886327
regime_main_effect,mixed,10,12,-0.0900953780815138
regime_main_effect,mixed,10,13,-0.5295356434290407
regime_main_effect,mixed,10,14,-0.28562576696027764
regime_main_effect,mixed,10,15,0.05061056206384551
regime_main_effect,mixed,10,16,-0.2617500761930247
regime_main_effect,mixed,10,17,0.3008771344073934
regime_main_effect,mixed,10,18,-0.07472613060578459
regime_main_effect,mixed,10,19,-0.4586131838428231
regime_main_effect,mixed,10,20,-0.18222211718139786
regime_main_effect,mixed,10,21,-0.23189436827845428
regime_main_effect,mixed,10,22,0.2706711664568193
regime_main_effect,mixed,10,23,-0.01893237699459177
regime_main_effect,mixed,10,24,-0.32523139267996704
regime_main_effect,mixed,10,25,0.0013834216499412078
regime_main_effect,mixed,10,26,-0.24437744022075358
regime_main_effect,mixed,10,27,-0.3879949497466648
regime_main_effect,mixed,10,28,-0.0331693421574773
regime_main_effect,mixed,10,29,-0.6028590499734541
regime_main_effect,mixed,10,30,-0.05371779267985588
regime_main_effect,mixed,10,31,-0.08200823610861085
regime_main_effect,mixed,10,32,0.4053291285659165
regime_main_effect,mixed,10,33,0.4035169704726264
regime_main_effect,mixed,10,34,-0.0002451978117866682
regime_main_effect,mixed,10,35,0.06150516944854101
regime_main_effect,mixed,10,36,-0.43228406195849345
regime_main_effect,mixed,10,37,0.01471036565532402
regime_main_effect,mixed,10,38,0.15476675026842474
regime_main_effect,mixed,10,39,-0.2486201888769058
regime_main_effect,mixed,10,40,-0.0697871658185455
regime_main_effect,mixed,10,41,0.05701159237032449
regime_main_effect,mixed,10,42,0.06481529526198149
regime_main_effect,mixed,10,43,-0.2943995955006313
regime_main_effect,mixed,10,44,-0.060844034058291474
regime_main_effect,mixed,10,45,-0.05679943749424432
regime_main_effect,mixed,10,46,0.34909373595562526
regime_main_effect,mixed,10,47,0.1405975180211772
regime_main_effect,mixed,10,48,0.2638730339524639
regime_main_effect,mixed,10,49,0.12897474328302994
regime_main_effect,mixed,10,50,0.16171807775916175
regime_main_effect,mixed,10,51,-0.10388375838226105
regime_main_effect,mixed,10,52,-0.28382268255143966
regime_main_effect,mixed,10,53,-0.048411205933434065
regime_main_effect,mixed,10,54,-0.35409123491118105
regime_main_effect,mixed,10,55,-0.21543641637171274
regime_main_effect,mixed,10,56,0.10692016214289046
regime_main_effect,mixed,10,57,-0.1403370248205782
regime_main_effect,mixed,10,58,0.3457135187385012
regime_main_effect,mixed,10,59,-0.023138387493282897
regime_main_effect,mixed,10,60,-0.1750202281709717
regime_main_effect,mixed,10,61,-0.18392638125355126
regime_main_effect,mixed,10,62,-0.05786686259429347
regime_main_effect,mixed,10,63,-0.010385142120565849
regime_main_effect,mixed,10,64,-0.6370558260053261
regime_main_effect,mixed,10,65,0.33496324815565814
regime_main_effect,mixed,10,66,0.01072407210014692
regime_main_effect,mixed,10,67,-0.0008622436205416029
regime_main_effect,mixed,10,68,-0.35897750733360256
regime_main_effect,mixed,10,69,0.4516961357416919
regime_main_effect,mixed,10,70,0.3099189566471656
regime_main_effect,mixed,10,71,-0.046713361465919034
regime_main_effect,mixed,10,72,-0.2313674542119718
regime_main_effect,mixed,10,73,-0.07491663387739306
regime_main_effect,mixed,10,74,0.0076108722550278785
regime_main_effect,mixed,10,75,0.48853219175089707
regime_main_effect,mixed,10,76,-0.4851316926017628
regime_main_effect,mixed,10,77,-0.6138162601404195
regime_main_effect,mixed,10,78,0.22762012929365122
regime_main_effect,mixed,10,79,-0.14115818179598683
regime_main_effect,mixed,10,80,0.10158096387379079
regime_main_effect,mixed,10,81,0.12323471238164974
regime_main_effect,mixed,10,82,0.1694620806802386
regime_main_effect,mixed,10,83,0.045100050979035466
regime_main_effect,mixed,10,84,-0.14942814667725174
regime_main_effect,mixed,10,85,-0.3273838071008549
regime_main_effect,mixed,10,86,0.03968156357802399
regime_main_effect,mixed,10,87,-0.27027377371806666
regime_main_effect,mixed,10,88,0.03888439553152556
regime_main_effect,mixed,10,89,0.7474360075005744
regime_main_effect,mixed,10,90,0.07452639464083244
regime_main_effect,mixed,10,91,0.4730324785657881
regime_main_effect,mixed,10,92,-0.22335180806324226
regime_main_effect,mixed,10,93,-0.1727492662148033
regime_main_effect,mixed,10,94,0.15499106802013707
regime_main_effect,mixed,10,95,0.39990184668658185
regime_main_effect,mixed,10,96,-0.0996389627863169
regime_main_effect,mixed,10,97,0.10824919295507485
regime_main_effect,mixed,10,98,0.16169525930267936
regime_main_effect,mixed,10,99,0.05602486237788529
regime_main_effect,mixed,10,100,0.29167388928497223
regime_main_effect,mixed,10,101,0.23169998655910867
regime_main_effect,mixed,10,102,-0.4333141080441406
regime_main_effect,mixed,10,103,0.22707382707377233
regime_main_effect,mixed,10,104,0.1831904214618073
regime_main_effect,mixed,10,105,-0.03846278329738506
regime_main_effect,mixed,10,106,0.08166895961739207
regime_main_effect,mixed,10,107,-0.15707516962313284
regime_main_effect,mixed,10,108,-0.36388290520610894
regime_main_effect,mixed,10,109,0.1654563617019369
regime_main_effect,mixed,10,110,0.14608467446424733
regime_main_effect,mixed,10,111,0.20731241904500874
regime_main_effect,mixed,10,112,-0.05369601747847491
regime_main_effect,mixed,10,113,-0.02954299082938916
regime_main_effect,mixed,10,114,0.02448906341676904
regime_main_effect,mixed,10,115,-0.31682248808089747
regime_main_effect,mixed,10,116,-0.16008141778589224
regime_main_effect,mixed,10,117,-0.14593270834926098
regime_main_effect,mixed,10,118,0.23168009185098498
regime_main_effect,mixed,10,119,-0.04556132068461749
regime_main_effect,mixed,10,120,-0.10216661523875237
regime_main_effect,mixed,10,121,0.5602101062077742
regime_main_effect,mixed,10,122,-0.23582444432639615
regime_main_effect,mixed,10,123,-0.15713539147535754
regime_main_effect,mixed,10,124,-0.029146043531212196
regime_main_effect,mixed,10,125,0.20481905744696338
regime_main_effect,mixed,10,126,-0.14214764766978394
regime_main_effect,mixed,10,127,0.40289888659885276
regime_main_effect,mixed,10,128,0.050663082420932204
regime_main_effect,mixed,10,129,-0.09010641519844265
regime_main_effect,mixed,10,130,-0.0216986910672492
regime_main_effect,mixed,10,131,-0.28456762834622273
regime_main_effect,mixed,10,132,-0.7019277324835216
regime_main_effect,mixed,10,133,0.13380637195651574
regime_main_effect,mixed,10,134,-0.1199902096605431
regime_main_effect,mixed,10,135,-0.022785485058726018
regime_main_effect,mixed,10,136,0.26865686380921605
regime_main_effect,mixed,10,137,-0.3947291842505263
regime_main_effect,mixed,10,138,-0.10686976005405358
regime_main_effect,mixed,10,139,-0.48161027040627785
regime_main_effect,mixed,10,140,-0.03655356138954813
regime_main_effect,mixed,10,141,0.07022525829159953
regime_main_effect,mixed,10,142,-0.10819577754447024
regime_main_effect,mixed,10,143,0.16056557574816072
regime_main_effect,mixed,10,144,-0.38201412372138055
regime_main_effect,mixed,10,145,-0.06360306471186405
regime_main_effect,mixed,10,146,-0.36684051477313045
regime_main_effect,mixed,10,147,0.14270591929662785
regime_main_effect,mixed,10,148,0.3151049322597555
regime_main_effect,mixed,10,149,0.03087254785765603
regime_main_effect,mixed,10,150,-0.40355916016626503
regime_main_effect,mixed,10,151,-0.18764529143903724
regime_main_effect,mixed,10,152,-0.26746355008295997
regime_main_effect,mixed,10,153,-0.22600214069478997
regime_main_effect,mixed,10,154,-0.49936188182496855
regime_main_effect,mixed,10,155,-0.4736914200844319
regime_main_effect,mixed,10,156,0.04137025177164033
regime_main_effect,mixed,10,157,-0.2135558424706433
regime_main_effect,mixed,10,158,0.27827182880584456
regime_main_effect,mixed,10,159,0.3801906378968274
regime_main_effect,mixed,10,160,0.45677493533157565
regime_main_effect,mixed,10,161,-0.25355793931871967
regime_main_effect,mixed,10,162,-0.11977275530349213
regime_main_effect,mixed,10,163,-0.054887462064360015
regime_main_effect,mixed,10,164,-0.05440074637596931
regime_main_effect,mixed,10,165,0.19915508071150895
regime_main_effect,mixed,10,166,0.1510348785589073
regime_main_effect,mixed,10,167,-0.11356309948743343
regime_main_effect,mixed,10,168,0.03853776706155934
regime_main_effect,mixed,10,169,-0.056107656997918864
regime_main_effect,mixed,10,170,-0.24364259905334207
regime_main_effect,mixed,10,171,-0.1268185568975847
regime_main_effect,mixed,10,172,0.14578030978819034
regime_main_effect,mixed,10,173,0.2865254433398929
regime_main_effect,mixed,10,174,0.19628228264341996
regime_main_effect,mixed,10,175,0.2352796096432236
regime_main_effect,mixed,10,176,-0.6769993814985236
regime_main_effect,mixed,10,177,-0.26460232596415956
regime_main_effect,mixed,10,178,0.3374589680037322
regime_main_effect,mixed,10,179,-0.4607869460389955
regime_main_effect,mixed,10,180,0.05882831221188145
regime_main_effect,mixed,10,181,-0.08917524298353852
regime_main_effect,mixed,10,182,0.10932924504961294
regime_main_effect,mixed,10,183,0.06141837013226631
regime_main_effect,mixed,10,184,0.08399074768110015
regime_main_effect,mixed,10,185,0.10243619066811849
regime_main_effect,mixed,10,186,0.20438498646189218
regime_main_effect,mixed,10,187,-0.4909202731196161
regime_main_effect,mixed,10,188,-0.0037491313551754057
regime_main_effect,mixed,10,189,0.19015098443080686
regime_main_effect,mixed,10,190,-0.1438082897911791
regime_main_effect,mixed,10,191,-0.09039564058953592
regime_main_effect,mixed,10,192,0.26292050217370944
regime_main_effect,mixed,10,193,-0.040034830792713416
regime_main_effect,mixed,10,194,0.13779152280365792
regime_main_effect,mixed,10,195,-0.011036076868597755
regime_main_effect,mixed,10,196,0.33736431548192564
regime_main_effect,mixed,10,197,-0.2147659500579539
regime_main_effect,mixed,10,198,-0.025821197412544183
regime_main_effect,mixed,10,199,0.0766309701155134
shard_main_effect,mixed,10,0,0.4241643894473118
shard_main_effect,mixed,10,1,-0.6875861373817969
shard_main_effect,mixed,10,2,0.1879875652716751
shard_main_effect,mixed,10,3,-0.5045666031276494
shard_main_effect,mixed,10,4,-0.06716250298896576
shard_main_effect,mixed,10,5,-0.09121296801559797
shard_main_effect,mixed,10,6,0.18569629744041416
shard_main_effect,mixed,10,7,-0.07298404378097156
shard_main_effect,mixed,10,8,-0.2046239189278667
shard_main_effect,mixed,10,9,-0.16212888802536518
shard_main_effect,mixed,10,10,-0.09152035409688586
shard_main_effect,mixed,10,11,0.07867192575367721
shard_main_effect,mixed,10,12,0.10982380614116616
shard_main_effect,mixed,10,13,0.10473425635821204
shard_main_effect,mixed,10,14,-0.14974824798023256
shard_main_effect,mixed,10,15,0.1797710458356474
shard_main_effect,mixed,10,16,0.46175634821288525
shard_main_effect,mixed,10,17,-0.07211593226278434
shard_main_effect,mixed,10,18,0.36687440548504047
shard_main_effect,mixed,10,19,-0.03202069891412185
shard_main_effect,mixed,10,20,-0.039024558442937896
shard_main_effect,mixed,10,21,0.13819483587308107
shard_main_effect,mixed,10,22,-0.4290211336026856
shard_main_effect,mixed,10,23,-0.12599478373668
shard_main_effect,mixed,10,24,-0.17544404590364066
shard_main_effect,mixed,10,25,0.26012227579774516
shard_main_effect,mixed,10,26,0.101160788012293
shard_main_effect,mixed,10,27,0.4268844029980481
shard_main_effect,mixed,10,28,0.40877983201840595
shard_main_effect,mixed,10,29,0.11387091100131808
shard_main_effect,mixed,10,30,-0.5931111418431071
shard_main_effect,mixed,10,31,0.0877816037905571
shard_main_effect,mixed,10,32,0.05547963262873823
shard_main_effect,mixed,10,33,-0.1856469139004478
shard_main_effect,mixed,10,34,-0.16607129168527834
shard_main_effect,mixed,10,35,-0.018481180882286785
shard_main_effect,mixed,10,36,-0.45431525120926797
shard_main_effect,mixed,10,37,0.6161764314213558
shard_main_effect,mixed,10,38,0.20550710303210334
shard_main_effect,mixed,10,39,-0.20105201185118649
shard_main_effect,mixed,10,40,-0.09205513729536763
shard_main_effect,mixed,10,41,0.6167585827745619
shard_main_effect,mixed,10,42,0.3714224265904459
shard_main_effect,mixed,10,43,-0.2519248077602269
shard_main_effect,mixed,10,44,0.010915095967912514
shard_main_effect,mixed,10,45,0.10641354840862038
shard_main_effect,mixed,10,46,-0.18798043821272153
shard_main_effect,mixed,10,47,0.48757817026209854
shard_main_effect,mixed,10,48,0.44276573284493853
shard_main_effect,mixed,10,49,0.14976665546069934
shard_main_effect,mixed,10,50,0.25392803150064364
shard_main_effect,mixed,10,51,0.32594560695041147
shard_main_effect,mixed,10,52,0.11965899589814522
shard_main_effect,mixed,10,53,-0.05191118110143783
shard_main_effect,mixed,10,54,0.34259606363733036
shard_main_effect,mixed,10,55,0.32024506093330607
shard_main_effect,mixed,10,56,0.2038199635428279
shard_main_effect,mixed,10,57,-0.14412757747298444
shard_main_effect,mixed,10,58,0.24507660507682943
shard_main_effect,mixed,10,59,0.46348957147418635
shard_main_effect,mixed,10,60,-0.3984374373015307
shard_main_effect,mixed,10,61,-0.488807637329039
shard_main_effect,mixed,10,62,0.21602041585161996
shard_main_effect,mixed,10,63,0.07570937765953556
shard_main_effect,mixed,10,64,-0.032843585513229356
shard_main_effect,mixed,10,65,-0.04811051205410233
shard_main_effect,mixed,10,66,-0.014965643144738805
shard_main_effect,mixed,10,67,-0.0723026267634585
shard_main_effect,mixed,10,68,0.11738716311726327
shard_main_effect,mixed,10,69,0.27059211036256114
shard_main_effect,mixed,10,70,-0.17451685785461535
shard_main_effect,mixed,10,71,-0.26188426184405367
shard_main_effect,mixed,10,72,0.10118180859506487
shard_main_effect,mixed,10,73,0.42972705257167243
shard_main_effect,mixed,10,74,0.06299941227543704
shard_main_effect,mixed,10,75,0.35103347157726866
shard_main_effect,mixed,10,76,-0.39768639934319533
shard_main_effect,mixed,10,77,-0.003949766099051566
shard_main_effect,mixed,10,78,0.31497080052204696
shard_main_effect,mixed,10,79,-0.024945642943868362
shard_main_effect,mixed,10,80,0.045394747533579416
shard_main_effect,mixed,10,81,0.14473632004559578
shard_main_effect,mixed,10,82,0.09667693995228688
shard_main_effect,mixed,10,83,0.06641862757599515
shard_main_effect,mixed,10,84,-0.0996271420013215
shard_main_effect,mixed,10,85,-0.2875956123524806
shard_main_effect,mixed,10,86,-0.15143927301292037
shard_main_effect,mixed,10,87,-0.174704160212931
shard_main_effect,mixed,10,88,0.0717427247019552
shard_main_effect,mixed,10,89,-0.25190742322890614
shard_main_effect,mixed,10,90,0.17836602492086606
shard_main_effect,mixed,10,91,-0.42342607050921155
shard_main_effect,mixed,10,92,-0.059507507003252524
shard_main_effect,mixed,10,93,0.11334353354391913
shard_main_effect,mixed,10,94,0.0016362905906260883
shard_main_effect,mixed,10,95,-0.27500012308321536
shard_main_effect,mixed,10,96,0.2592082464454698
shard_main_effect,mixed,10,97,0.14894288321334392
shard_main_effect,mixed,10,98,-0.22077030806491427
shard_main_effect,mixed,10,99,0.004018511953410742
shard_main_effect,mixed,10,100,-0.008652221817329275
shard_main_effect,mixed,10,101,0.1700063112688776
shard_main_effect,mixed,10,102,-0.16461179110539625
shard_main_effect,mixed,10,103,-0.26239194633465324
shard_main_effect,mixed,10,104,-0.013812606883512601
shard_main_effect,mixed,10,105,-0.04681260721578584
shard_main_effect,mixed,10,106,0.17150923002386587
shard_main_effect,mixed,10,107,-0.17384228116745215
shard_main_effect,mixed,10,108,-0.14737703005302605
shard_main_effect,mixed,10,109,0.2690947508947036
shard_main_effect,mixed,10,110,0.29590102927237416
shard_main_effect,mixed,10,111,0.03926890286224838
shard_main_effect,mixed,10,112,-0.35867865772196905
shard_main_effect,mixed,10,113,-0.03552117680145983
shard_main_effect,mixed,10,114,0.20493929679348066
shard_main_effect,mixed,10,115,-0.3259429240516525
shard_main_effect,mixed,10,116,0.3102829241277416
shard_main_effect,mixed,10,117,0.08319204992153706
shard_main_effect,mixed,10,118,1.5229170600095099e-05
shard_main_effect,mixed,10,119,-0.41497281238695205
shard_main_effect,mixed,10,120,-0.23145147121883797
shard_main_effect,mixed,10,121,0.13646881587070936
shard_main_effect,mixed,10,122,0.31967939652598576
shard_main_effect,mixed,10,123,-0.2766502186523098
shard_main_effect,mixed,10,124,0.14302245648099532
shard_main_effect,mixed,10,125,-0.3528494941391038
shard_main_effect,mixed,10,126,0.15174621014294176
shard_main_effect,mixed,10,127,0.035770176117799535
shard_main_effect,mixed,10,128,0.3336877555929649
shard_main_effect,mixed,10,129,0.184739552536053
shard_main_effect,mixed,10,130,0.41304222691968817
shard_main_effect,mixed,10,131,0.073461575245101
shard_main_effect,mixed,10,132,0.11745637978130907
shard_main_effect,mixed,10,133,-0.15811441956957833
shard_main_effect,mixed,10,134,-0.024915741132064184
shard_main_effect,mixed,10,135,-0.03424042356352097
shard_main_effect,mixed,10,136,-0.0924550265809656
shard_main_effect,mixed,10,137,0.06937292500577819
shard_main_effect,mixed,10,138,0.325418677898926
shard_main_effect,mixed,10,139,-0.0023876748853823293
shard_main_effect,mixed,10,140,0.21468992943768064
shard_main_effect,mixed,10,141,0.05971334953415486
shard_main_effect,mixed,10,142,0.5611155486948598
shard_main_effect,mixed,10,143,0.2097920723383963
shard_main_effect,mixed,10,144,0.3427637763221466
shard_main_effect,mixed,10,145,-0.03441972892638212
shard_main_effect,mixed,10,146,-0.16622785605502816
shard_main_effect,mixed,10,147,-0.13670022659120457
shard_main_effect,mixed,10,148,0.05141243114358274
shard_main_effect,mixed,10,149,0.17709466864572854
shard_main_effect,mixed,10,150,-0.4123692836276217
shard_main_effect,mixed,10,151,-0.22131810545703112
shard_main_effect,mixed,10,152,-0.12272164148644127
shard_main_effect,mixed,10,153,-0.07358733084042046
shard_main_effect,mixed,10,154,0.28612913443698657
shard_main_effect,mixed,10,155,-0.6359969299415212
shard_main_effect,mixed,10,156,-0.35955915875844513
shard_main_effect,mixed,10,157,0.06365131629263765
shard_main_effect,mixed,10,158,0.03586290461227337
shard_main_effect,mixed,10,159,0.3989487203663834
shard_main_effect,mixed,10,160,0.4704698070227004
shard_main_effect,mixed,10,161,-0.3504231053622138
shard_main_effect,mixed,10,162,0.10780761001049094
shard_main_effect,mixed,10,163,-0.07985277922947642
shard_main_effect,mixed,10,164,-0.3680528689798819
shard_main_effect,mixed,10,165,0.00688529472572913
shard_main_effect,mixed,10,166,0.06723075342249518
shard_main_effect,mixed,10,167,-0.18837452038267627
shard_main_effect,mixed,10,168,0.06596544360248585
shard_main_effect,mixed,10,169,-0.07185671900357793
shard_main_effect,mixed,10,170,-0.2089924681621829
shard_main_effect,mixed,10,171,0.03620500956661299
shard_main_effect,mixed,10,172,0.5208942862695773
shard_main_effect,mixed,10,173,-0.03886984064033511
shard_main_effect,mixed,10,174,0.301992447340269
shard_main_effect,mixed,10,175,0.028465882876848703
shard_main_effect,mixed,10,176,0.5539202819111118
shard_main_effect,mixed,10,177,-0.558327104713586
shard_main_effect,mixed,10,178,0.5330471752668747
shard_main_effect,mixed,10,179,-0.1982902370223476
shard_main_effect,mixed,10,180,-0.1427747743835045
shard_main_effect,mixed,10,181,0.17017579625896395
shard_main_effect,mixed,10,182,0.31409523982863746
shard_main_effect,mixed,10,183,-0.43381093718043684
shard_main_effect,mixed,10,184,0.5327556276749122
shard_main_effect,mixed,10,185,-0.11053052333051161
shard_main_effect,mixed,10,186,-0.37367108283937533
shard_main_effect,mixed,10,187,-0.08639620715501467
shard_main_effect,mixed,10,188,0.18690664040678762
shard_main_effect,mixed,10,189,-0.3252965217639715
shard_main_effect,mixed,10,190,-0.49381021542124703
shard_main_effect,mixed,10,191,0.19517217301192302
shard_main_effect,mixed,10,192,-0.3610075784140908
shard_main_effect,mixed,10,193,-0.09022728794043988
shard_main_effect,mixed,10,194,-0.17681040651117153
shard_main_effect,mixed,10,195,0.4425298219559107
shard_main_effect,mixed,10,196,-0.15713279712466222
shard_main_effect,mixed,10,197,-0.1714715824832458
shard_main_effect,mixed,10,198,-0.05386310391417304
shard_main_effect,mixed,10,199,-0.2434501568602966
interaction,mixed,10,0,0.20002808908288475
interaction,mixed,10,1,-1.1545031798830325
interaction,mixed,10,2,-0.2718924255249283
interaction,mixed,10,3,0.1034697123095919
interaction,mixed,10,4,0.35643129722811445
interaction,mixed,10,5,-0.149579187527366
interaction,mixed,10,6,0.048635918555568536
interaction,mixed,10,7,0.5569019525592915
interaction,mixed,10,8,-0.5102258560585805
interaction,mixed,10,9,-0.6123829386730704
interaction,mixed,10,10,0.04389260056977029
interaction,mixed,10,11,-0.14742891228921606
interaction,mixed,10,12,0.15568914689978652
interaction,mixed,10,13,-1.2494268542425921
interaction,mixed,10,14,-0.25586667778801403
interaction,mixed,10,15,-0.12418758720188694
interaction,mixed,10,16,-0.37770562947745845
interaction,mixed,10,17,0.45282420548189894
interaction,mixed,10,18,0.2690767679899893
interaction,mixed,10,19,0.3292032933768554
interaction,mixed,10,20,-1.0441949775777584
interaction,mixed,10,21,0.0341384889811196
interaction,mixed,10,22,-0.025393289990435775
interaction,mixed,10,23,-0.1109361521444357
interaction,mixed,10,24,-0.5582463725539378
interaction,mixed,10,25,0.2601868798186337
interaction,mixed,10,26,0.4115019552791223
interaction,mixed,10,27,-1.4365396764960128
interaction,mixed,10,28,1.0635266007374147
interaction,mixed,10,29,-0.333821118442683
interaction,mixed,10,30,0.21477027200591342
interaction,mixed,10,31,0.8086610064687594
interaction,mixed,10,32,-0.3154910661681458
interaction,mixed,10,33,0.7622969600648506
interaction,mixed,10,34,0.4351467973624209
interaction,mixed,10,35,0.0648954354354318
interaction,mixed,10,36,1.2453649290065458
interaction,mixed,10,37,0.9871208952190313
interaction,mixed,10,38,0.643631510878455
interaction,mixed,10,39,-0.5110219493037367
interaction,mixed,10,40,1.8455323476627408
interaction,mixed,10,41,-0.01873156658927505
interaction,mixed,10,42,-0.4750777101948872
interaction,mixed,10,43,-0.8691775709622103
interaction,mixed,10,44,-0.5890841532446076
interaction,mixed,10,45,-0.642308249449541
interaction,mixed,10,46,0.2042746273932805
interaction,mixed,10,47,-0.10581342661020723
interaction,mixed,10,48,1.0860793282715129
interaction,mixed,10,49,-0.5917823404224699
interaction,mixed,10,50,-0.3381179635872697
interaction,mixed,10,51,0.1902808638530005
interaction,mixed,10,52,-0.7832914612327736
interaction,mixed,10,53,0.18817716432563342
interaction,mixed,10,54,-0.7892759103881178
interaction,mixed,10,55,0.3170753351449138
interaction,mixed,10,56,-0.8134619832360124
interaction,mixed,10,57,0.8357328354746691
interaction,mixed,10,58,0.6905458443606579
interaction,mixed,10,59,-0.07083617075642445
interaction,mixed,10,60,-0.18652243219725612
interaction,mixed,10,61,-1.2741453462817658
interaction,mixed,10,62,0.11983496520810843
interaction,mixed,10,63,-0.0891820869751827
interaction,mixed,10,64,-0.8286045379368656
interaction,mixed,10,65,0.10441410583619698
interaction,mixed,10,66,0.6089914826118487
interaction,mixed,10,67,1.375829295558718
interaction,mixed,10,68,-0.2110085385933358
interaction,mixed,10,69,-0.22338023708754573
interaction,mixed,10,70,0.3330653944468817
interaction,mixed,10,71,0.08469954740841906
interaction,mixed,10,72,-0.12340322586322316
interaction,mixed,10,73,0.7416391308287607
interaction,mixed,10,74,0.5759808420795931
interaction,mixed,10,75,-0.4347155452113095
interaction,mixed,10,76,1.2907480506564366
interaction,mixed,10,77,-0.1923329736700402
interaction,mixed,10,78,-0.1303369455592071
interaction,mixed,10,79,-0.14952352016641163
interaction,mixed,10,80,-0.49749904569075193
interaction,mixed,10,81,0.2069136029920688
interaction,mixed,10,82,-0.2719990228785771
interaction,mixed,10,83,0.3338617924774615
interaction,mixed,10,84,0.3039207487412417
interaction,mixed,10,85,-0.023588377581449438
interaction,mixed,10,86,0.6429319178392019
interaction,mixed,10,87,-0.5436638017657849
interaction,mixed,10,88,-0.08850034683035213
interaction,mixed,10,89,-1.0290764942601478
interaction,mixed,10,90,-0.5258110523710899
interaction,mixed,10,91,-1.033244829648247
interaction,mixed,10,92,-1.0557890472169835
interaction,mixed,10,93,-0.3413214590894731
interaction,mixed,10,94,-0.43626058950728325
interaction,mixed,10,95,-0.0020181723499065884
interaction,mixed,10,96,0.47238426540512074
interaction,mixed,10,97,0.005758842538942988
interaction,mixed,10,98,-1.0890921743734367
interaction,mixed,10,99,-0.5013503129188717
interaction,mixed,10,100,-0.3896551026045774
interaction,mixed,10,101,0.7134139455608849
interaction,mixed,10,102,-0.9869217646664781
interaction,mixed,10,103,-0.12346539598298156
interaction,mixed,10,104,-0.8034952242028075
interaction,mixed,10,105,-0.6694396415562429
interaction,mixed,10,106,1.3828433018514126
interaction,mixed,10,107,0.36275909055324573
interaction,mixed,10,108,-1.3777007276258528
interaction,mixed,10,109,0.10036954651217922
interaction,mixed,10,110,-0.7766261012587946
interaction,mixed,10,111,0.16173449933961426
interaction,mixed,10,112,0.22140209745033962
interaction,mixed,10,113,0.17403532515583642
interaction,mixed,10,114,-0.03700911916903887
interaction,mixed,10,115,-0.6177945071013682
interaction,mixed,10,116,-0.969368765769761
interaction,mixed,10,117,-0.30206566819773545
interaction,mixed,10,118,-0.14527527243019295
interaction,mixed,10,119,0.45833390913241623
interaction,mixed,10,120,-0.7934084703009465
interaction,mixed,10,121,-0.3980672022248303
interaction,mixed,10,122,-0.23552691180650975
interaction,mixed,10,123,0.43573891509165796
interaction,mixed,10,124,0.5124248623048042
interaction,mixed,10,125,0.20194530074062444
interaction,mixed,10,126,0.09691636998275599
interaction,mixed,10,127,0.7378392810660895
interaction,mixed,10,128,-0.5837091264180316
interaction,mixed,10,129,-0.09528519974607363
interaction,mixed,10,130,-0.3811276703791222
interaction,mixed,10,131,-0.28932094145117776
interaction,mixed,10,132,0.8523044512305409
interaction,mixed,10,133,0.36500499535017783
interaction,mixed,10,134,-1.1573891608939635
interaction,mixed,10,135,0.4818879273958329
interaction,mixed,10,136,-0.21514837620037663
interaction,mixed,10,137,-0.4629659165253635
interaction,mixed,10,138,0.49300537654741927
interaction,mixed,10,139,-1.2323697223674137
interaction,mixed,10,140,-0.30350402541974963
interaction,mixed,10,141,0.31408773311794497
interaction,mixed,10,142,0.3273886451463144
interaction,mixed,10,143,0.6680103605661677
interaction,mixed,10,144,-0.7250663520495282
interaction,mixed,10,145,0.40992085596802375
interaction,mixed,10,146,0.8325818000038356
interaction,mixed,10,147,0.8461461603349406
interaction,mixed,10,148,1.463016158358402
interaction,mixed,10,149,-0.5520649315918824
interaction,mixed,10,150,0.44080840150626704
interaction,mixed,10,151,-0.6100807438929875
interaction,mixed,10,152,0.11647303158888472
interaction,mixed,10,153,0.23095117857389197
interaction,mixed,10,154,0.0019678469169039925
interaction,mixed,10,155,-0.8206321921178882
interaction,mixed,10,156,0.260088988641487
interaction,mixed,10,157,0.38517445017830076
interaction,mixed,10,158,0.01645974670774142
interaction,mixed,10,159,-0.14740588597822835
interaction,mixed,10,160,-0.256184392018338
interaction,mixed,10,161,-0.43165570916848817
interaction,mixed,10,162,0.3075311511525737
interaction,mixed,10,163,-0.13325961329628216
interaction,mixed,10,164,0.0022491578473740614
interaction,mixed,10,165,0.5794066916852701
interaction,mixed,10,166,0.10105573830068737
interaction,mixed,10,167,0.48410255146088765
interaction,mixed,10,168,0.782442415660187
interaction,mixed,10,169,-0.5206286854599633
interaction,mixed,10,170,-0.10707991168312442
interaction,mixed,10,171,0.7768037634610827
interaction,mixed,10,172,-0.660671807176294
interaction,mixed,10,173,0.5750847906191778
interaction,mixed,10,174,0.2775219191063748
interaction,mixed,10,175,-1.192368509578278
interaction,mixed,10,176,-0.16604144855793157
interaction,mixed,10,177,0.6136741579319971
interaction,mixed,10,178,1.961878288131642
interaction,mixed,10,179,-0.22382036247200343
interaction,mixed,10,180,0.005032575294214081
interaction,mixed,10,181,0.6653217984163231
interaction,mixed,10,182,-0.039027996574563795
interaction,mixed,10,183,0.3398742868971555
interaction,mixed,10,184,2.153385337219492
interaction,mixed,10,185,-0.053465712736719406
interaction,mixed,10,186,-0.39701270165042096
interaction,mixed,10,187,-0.0015847378447243488
interaction,mixed,10,188,0.44013656619540914
interaction,mixed,10,189,-0.2330839974892648
interaction,mixed,10,190,0.27166501708710256
interaction,mixed,10,191,0.8378689433913817
interaction,mixed,10,192,-0.3295607955454577
interaction,mixed,10,193,-0.07163992615034925
interaction,mixed,10,194,1.1147321921357887
interaction,mixed,10,195,0.7950487174251988
interaction,mixed,10,196,0.4105892082643427
interaction,mixed,10,197,-0.07366057682963478
interaction,mixed,10,198,-0.17988309446947476
interaction,mixed,10,199,0.3167813043406533
replication_delta,5000->10000,10,0,-0.17150380292797307
replication_delta,5000->10000,10,1,0.3167556789306807
replication_delta,5000->10000,10,2,-0.5147522577288258
replication_delta,5000->10000,10,3,0.2534633376472476
replication_delta,5000->10000,10,4,0.3293567885219689
replication_delta,5000->10000,10,5,0.7051670562922522
replication_delta,5000->10000,10,6,-0.4451089242424179
replication_delta,5000->10000,10,7,0.2207350453478426
replication_delta,5000->10000,10,8,0.025143188103608716
replication_delta,5000->10000,10,9,0.0671809667552778
replication_delta,5000->10000,10,10,0.063546411078369
replication_delta,5000->10000,10,11,0.3516578027512519
replication_delta,5000->10000,10,12,-0.02611287234937787
replication_delta,5000->10000,10,13,-0.455813186819646
replication_delta,5000->10000,10,14,-0.02955982826117859
replication_delta,5000->10000,10,15,0.6115522626031074
replication_delta,5000->10000,10,16,0.5412879457259844
replication_delta,5000->10000,10,17,0.739310088098449
replication_delta,5000->10000,10,18,0.3061609348779163
replication_delta,5000->10000,10,19,-0.2964283456503865
replication_delta,5000->10000,10,20,-0.42233664525029796
replication_delta,5000->10000,10,21,-0.16008842144589364
replication_delta,5000->10000,10,22,-0.09219242263337812
replication_delta,5000->10000,10,23,-0.43105857046700163
replication_delta,5000->10000,10,24,-0.19743879759609573
replication_delta,5000->10000,10,25,0.6610081296364776
replication_delta,5000->10000,10,26,0.14720180268148197
replication_delta,5000->10000,10,27,-0.8947418673126502
replication_delta,5000->10000,10,28,0.3927069496697428
replication_delta,5000->10000,10,29,-0.8494501928588827
replication_delta,5000->10000,10,30,-0.3826508360678785
replication_delta,5000->10000,10,31,0.21443311566377088
replication_delta,5000->10000,10,32,-0.06986801542347265
replication_delta,5000->10000,10,33,0.5525510568009007
replication_delta,5000->10000,10,34,0.08233992401974827
replication_delta,5000->10000,10,35,0.32791421771453
replication_delta,5000->10000,10,36,-0.43471087504124317
replication_delta,5000->10000,10,37,1.7987834121874453
replication_delta,5000->10000,10,38,0.3072647846785704
replication_delta,5000->10000,10,39,-0.824839112902275
replication_delta,5000->10000,10,40,0.4822013282412627
replication_delta,5000->10000,10,41,0.7845446418770377
replication_delta,5000->10000,10,42,-0.24913196189259434
replication_delta,5000->10000,10,43,-0.40611706191042785
replication_delta,5000->10000,10,44,-0.0382090259668717
replication_delta,5000->10000,10,45,0.44406332844778995
replication_delta,5000->10000,10,46,-0.2108807954633808
replication_delta,5000->10000,10,47,0.267166791336593
replication_delta,5000->10000,10,48,0.4885593275304193
replication_delta,5000->10000,10,49,0.1777316963885192
replication_delta,5000->10000,10,50,0.017673278523814062
replication_delta,5000->10000,10,51,0.4313776892816895
replication_delta,5000->10000,10,52,-1.2775322578868833
replication_delta,5000->10000,10,53,-0.01325490153939457
replication_delta,5000->10000,10,54,-0.5098448370869408
replication_delta,5000->10000,10,55,-0.19647061115517916
replication_delta,5000->10000,10,56,-0.7243555126062957
replication_delta,5000->10000,10,57,0.508574531404407
replication_delta,5000->10000,10,58,0.3553177279244961
replication_delta,5000->10000,10,59,0.5324048665030745
replication_delta,5000->10000,10,60,-0.053767962543229714
replication_delta,5000->10000,10,61,-0.7801329009696135
replication_delta,5000->10000,10,62,0.42995855366457125
replication_delta,5000->10000,10,63,-0.06454615611680314
replication_delta,5000->10000,10,64,-0.4921375974617783
replication_delta,5000->10000,10,65,0.3746366054514415
replication_delta,5000->10000,10,66,0.10538895143656368
replication_delta,5000->10000,10,67,-0.16164499498770846
replication_delta,5000->10000,10,68,-0.13995338910239574
replication_delta,5000->10000,10,69,0.2140229626592528
replication_delta,5000->10000,10,70,-0.23670906620166265
replication_delta,5000->10000,10,71,-0.6532674512752928
replication_delta,5000->10000,10,72,-0.39358234132967
replication_delta,5000->10000,10,73,1.1704075411140158
replication_delta,5000->10000,10,74,0.22019345110212535
replication_delta,5000->10000,10,75,0.1679835060072753
replication_delta,5000->10000,10,76,-0.03529592443236612
replication_delta,5000->10000,10,77,-0.3227822453145205
replication_delta,5000->10000,10,78,-0.14792816440493306
replication_delta,5000->10000,10,79,0.4055563428433396
replication_delta,5000->10000,10,80,0.0636962613284186
replication_delta,5000->10000,10,81,0.3839645920392505
replication_delta,5000->10000,10,82,0.2261459936822619
replication_delta,5000->10000,10,83,0.11379178420016245
replication_delta,5000->10000,10,84,0.4042725117554729
replication_delta,5000->10000,10,85,0.48111576065936434
replication_delta,5000->10000,10,86,-0.37855985033576856
replication_delta,5000->10000,10,87,-0.14512239414423042
replication_delta,5000->10000,10,88,-0.42293646855498207
replication_delta,5000->10000,10,89,-0.07461844744218815
replication_delta,5000->10000,10,90,0.04117536625034435
replication_delta,5000->10000,10,91,0.274972145635767
replication_delta,5000->10000,10,92,-0.6283437072343998
replication_delta,5000->10000,10,93,-0.2340517992289895
replication_delta,5000->10000,10,94,-0.051939983755765584
replication_delta,5000->10000,10,95,0.2464092884558285
replication_delta,5000->10000,10,96,0.0989837632684657
replication_delta,5000->10000,10,97,0.4157819504518838
replication_delta,5000->10000,10,98,-0.5632191834569911
replication_delta,5000->10000,10,99,-0.22802919314868947
replication_delta,5000->10000,10,100,-0.17290419986126776
replication_delta,5000->10000,10,101,0.46167363350481216
replication_delta,5000->10000,10,102,-0.5210276860683521
replication_delta,5000->10000,10,103,0.15356243523161778
replication_delta,5000->10000,10,104,-0.3248103829060584
replication_delta,5000->10000,10,105,0.0336112383282236
replication_delta,5000->10000,10,106,0.13425384350148972
replication_delta,5000->10000,10,107,0.025324890811882328
replication_delta,5000->10000,10,108,0.24169305158136686
replication_delta,5000->10000,10,109,0.6060223485726952
replication_delta,5000->10000,10,110,-0.11009169014809583
replication_delta,5000->10000,10,111,0.22890926554775737
replication_delta,5000->10000,10,112,-0.7561718731668894
replication_delta,5000->10000,10,113,0.15298880850987423
replication_delta,5000->10000,10,114,-0.06478054431907132
replication_delta,5000->10000,10,115,-0.5791319784837257
replication_delta,5000->10000,10,116,0.14135361872209062
replication_delta,5000->10000,10,117,0.23438802025164873
replication_delta,5000->10000,10,118,0.14442055343879445
replication_delta,5000->10000,10,119,0.19353833885885224
replication_delta,5000->10000,10,120,-0.18810127647254185
replication_delta,5000->10000,10,121,0.13570435459228414
replication_delta,5000->10000,10,122,0.09055849398271976
replication_delta,5000->10000,10,123,-0.168777655797378
replication_delta,5000->10000,10,124,-0.44900607995016284
replication_delta,5000->10000,10,125,0.4365497584885658
replication_delta,5000->10000,10,126,-0.056471632333034705
replication_delta,5000->10000,10,127,0.22218903634579623
replication_delta,5000->10000,10,128,0.04165395645428138
replication_delta,5000->10000,10,129,-0.34303336550541835
replication_delta,5000->10000,10,130,-0.4481802249875442
replication_delta,5000->10000,10,131,-0.01695108140199364
replication_delta,5000->10000,10,132,0.45243008603830404
replication_delta,5000->10000,10,133,-0.14703054221758294
replication_delta,5000->10000,10,134,-0.7871049654061222
replication_delta,5000->10000,10,135,0.16427735390021703
replication_delta,5000->10000,10,136,0.38956284399066937
replication_delta,5000->10000,10,137,0.15683532253820362
replication_delta,5000->10000,10,138,0.33902317129633136
replication_delta,5000->10000,10,139,-0.536586203967891
replication_delta,5000->10000,10,140,0.06122192280157229
replication_delta,5000->10000,10,141,0.19061120006249038
replication_delta,5000->10000,10,142,1.7793498957861562
replication_delta,5000->10000,10,143,0.6707339638723344
replication_delta,5000->10000,10,144,-0.20284924739992755
replication_delta,5000->10000,10,145,0.5322881807027509
replication_delta,5000->10000,10,146,-0.095264664748821
replication_delta,5000->10000,10,147,0.1695917373038336
replication_delta,5000->10000,10,148,-0.07840078474452539
replication_delta,5000->10000,10,149,-0.0026952665050839486
replication_delta,5000->10000,10,150,-0.19493122930181023
replication_delta,5000->10000,10,151,-1.1256579604109958
replication_delta,5000->10000,10,152,-0.1924338116766089
replication_delta,5000->10000,10,153,0.18453225363882436
replication_delta,5000->10000,10,154,-0.45540605751201135
replication_delta,5000->10000,10,155,-1.1351865481527452
replication_delta,5000->10000,10,156,0.4938187093896981
replication_delta,5000->10000,10,157,-0.23810451885851214
replication_delta,5000->10000,10,158,0.4422714542938031
replication_delta,5000->10000,10,159,1.0004993543551333
replication_delta,5000->10000,10,160,0.2778542542613437
replication_delta,5000->10000,10,161,-0.6788323564842318
replication_delta,5000->10000,10,162,0.5004408787615098
replication_delta,5000->10000,10,163,-0.20046695575491175
replication_delta,5000->10000,10,164,0.16409495277490088
replication_delta,5000->10000,10,165,0.13509704417313795
replication_delta,5000->10000,10,166,1.0370771685155318
replication_delta,5000->10000,10,167,0.19670528115019956
replication_delta,5000->10000,10,168,-0.14322151129437732
replication_delta,5000->10000,10,169,-0.21470470454811902
replication_delta,5000->10000,10,170,-0.7733014709626574
replication_delta,5000->10000,10,171,0.2859919689561332
replication_delta,5000->10000,10,172,-0.30935322765990914
replication_delta,5000->10000,10,173,-0.7412893497300888
replication_delta,5000->10000,10,174,0.20245003746962698
replication_delta,5000->10000,10,175,-0.35249412810949265
replication_delta,5000->10000,10,176,0.05504772278846548
replication_delta,5000->10000,10,177,-0.8126726279586632
replication_delta,5000->10000,10,178,1.830704365643828
replication_delta,5000->10000,10,179,-0.5705985331471165
replication_delta,5000->10000,10,180,-0.21766584683128226
replication_delta,5000->10000,10,181,0.347849201765574
replication_delta,5000->10000,10,182,0.7572764379105027
replication_delta,5000->10000,10,183,0.01752257501270399
replication_delta,5000->10000,10,184,0.9431434535310723
replication_delta,5000->10000,10,185,-1.0293716689821613
replication_delta,5000->10000,10,186,-0.0242985759847279
replication_delta,5000->10000,10,187,-0.06412259013635571
replication_delta,5000->10000,10,188,0.6060865532157653
replication_delta,5000->10000,10,189,-0.01256448860377149
replication_delta,5000->10000,10,190,-0.35837454652092327
replication_delta,5000->10000,10,191,0.1258362889413791
replication_delta,5000->10000,10,192,-0.6540538396969675
replication_delta,5000->10000,10,193,-0.5118647734072121
replication_delta,5000->10000,10,194,0.600182918883575
replication_delta,5000->10000,10,195,0.4089026505271329
replication_delta,5000->10000,10,196,0.29374294591430133
replication_delta,5000->10000,10,197,-0.06144634952332603
replication_delta,5000->10000,10,198,-0.018514528291897703
replication_delta,5000->10000,10,199,0.1996788531339891
raw_cell_5000_P,5000->10000,10,0,0.5263221430639179
raw_cell_5000_P,5000->10000,10,1,0.3409736313226975
raw_cell_5000_P,5000->10000,10,2,0.2592480648323754
raw_cell_5000_P,5000->10000,10,3,0.15666990790035354
raw_cell_5000_P,5000->10000,10,4,0.8781232417588306
raw_cell_5000_P,5000->10000,10,5,0.6178181167230743
raw_cell_5000_P,5000->10000,10,6,0.6635102229061333
raw_cell_5000_P,5000->10000,10,7,0.5976816437523208
raw_cell_5000_P,5000->10000,10,8,0.38390835577648597
raw_cell_5000_P,5000->10000,10,9,0.4834524000933602
raw_cell_5000_P,5000->10000,10,10,0.4910284691113904
raw_cell_5000_P,5000->10000,10,11,0.44033345563990545
raw_cell_5000_P,5000->10000,10,12,0.553932570890261
raw_cell_5000_P,5000->10000,10,13,-0.08676040069880668
raw_cell_5000_P,5000->10000,10,14,0.40064595599151714
raw_cell_5000_P,5000->10000,10,15,0.8680086269047017
raw_cell_5000_P,5000->10000,10,16,0.5709365214086508
raw_cell_5000_P,5000->10000,10,17,1.050581858233059
raw_cell_5000_P,5000->10000,10,18,0.596325090992338
raw_cell_5000_P,5000->10000,10,19,0.1745103058418731
raw_cell_5000_P,5000->10000,10,20,-0.09040802908068564
raw_cell_5000_P,5000->10000,10,21,0.39982502339279347
raw_cell_5000_P,5000->10000,10,22,0.4779374876365542
raw_cell_5000_P,5000->10000,10,23,0.31684610462664636
raw_cell_5000_P,5000->10000,10,24,0.14234187711165525
raw_cell_5000_P,5000->10000,10,25,0.8408158631413508
raw_cell_5000_P,5000->10000,10,26,0.5300421815625926
raw_cell_5000_P,5000->10000,10,27,0.3828885248924399
raw_cell_5000_P,5000->10000,10,28,0.8201767747284248
raw_cell_5000_P,5000->10000,10,29,0.3173664497130535
raw_cell_5000_P,5000->10000,10,30,0.31085748799547513
raw_cell_5000_P,5000->10000,10,31,0.7445725831568775
raw_cell_5000_P,5000->10000,10,32,0.6913469809205965
raw_cell_5000_P,5000->10000,10,33,0.8267540324944763
raw_cell_5000_P,5000->10000,10,34,0.37929550552871877
raw_cell_5000_P,5000->10000,10,35,0.5234978516182086
raw_cell_5000_P,5000->10000,10,36,0.3021015023498633
raw_cell_5000_P,5000->10000,10,37,0.7596444224681149
raw_cell_5000_P,5000->10000,10,38,0.643488786379915
raw_cell_5000_P,5000->10000,10,39,0.08530677201551111
raw_cell_5000_P,5000->10000,10,40,1.1067747439048576
raw_cell_5000_P,5000->10000,10,41,1.0593142561473
raw_cell_5000_P,5000->10000,10,42,0.6603197047194128
raw_cell_5000_P,5000->10000,10,43,-0.03001168904495146
raw_cell_5000_P,5000->10000,10,44,0.26553288201736164
raw_cell_5000_P,5000->10000,10,45,0.36954559013119037
raw_cell_5000_P,5000->10000,10,46,0.3324256057803847
raw_cell_5000_P,5000->10000,10,47,0.6740101953843378
raw_cell_5000_P,5000->10000,10,48,1.1440945695556846
raw_cell_5000_P,5000->10000,10,49,0.37620962316826084
raw_cell_5000_P,5000->10000,10,50,0.42893085003823855
raw_cell_5000_P,5000->10000,10,51,0.6284044955652428
raw_cell_5000_P,5000->10000,10,52,0.10161873660883476
raw_cell_5000_P,5000->10000,10,53,0.41340036193047447
raw_cell_5000_P,5000->10000,10,54,0.14189383848165388
raw_cell_5000_P,5000->10000,10,55,0.5152847162782097
raw_cell_5000_P,5000->10000,10,56,0.4499611058058821
raw_cell_5000_P,5000->10000,10,57,0.5507968187228269
raw_cell_5000_P,5000->10000,10,58,0.8736841945170181
raw_cell_5000_P,5000->10000,10,59,0.9239583465036075
raw_cell_5000_P,5000->10000,10,60,-0.011720423896453768
raw_cell_5000_P,5000->10000,10,61,-0.1895060214141302
raw_cell_5000_P,5000->10000,10,62,0.5771549180214669
raw_cell_5000_P,5000->10000,10,63,0.43291292529281195
raw_cell_5000_P,5000->10000,10,64,-0.11288720954383137
raw_cell_5000_P,5000->10000,10,65,0.5506453732899013
raw_cell_5000_P,5000->10000,10,66,0.9219372069716022
raw_cell_5000_P,5000->10000,10,67,0.67917841825645
raw_cell_5000_P,5000->10000,10,68,0.5104766742675082
raw_cell_5000_P,5000->10000,10,69,0.8306865023221437
raw_cell_5000_P,5000->10000,10,70,0.7500662856890814
raw_cell_5000_P,5000->10000,10,71,0.16287580400861615
raw_cell_5000_P,5000->10000,10,72,0.18231597373827496
raw_cell_5000_P,5000->10000,10,73,0.789794772398506
raw_cell_5000_P,5000->10000,10,74,0.6888251187052045
raw_cell_5000_P,5000->10000,10,75,0.8619456871700756
raw_cell_5000_P,5000->10000,10,76,0.25919550926880697
raw_cell_5000_P,5000->10000,10,77,0.0311233461422039
raw_cell_5000_P,5000->10000,10,78,0.625294979381596
raw_cell_5000_P,5000->10000,10,79,0.38092762886041465
raw_cell_5000_P,5000->10000,10,80,0.3567614796159843
raw_cell_5000_P,5000->10000,10,81,0.7342835706066555
raw_cell_5000_P,5000->10000,10,82,0.5642573144433397
raw_cell_5000_P,5000->10000,10,83,0.8384025996839296
raw_cell_5000_P,5000->10000,10,84,0.45449187767502247
raw_cell_5000_P,5000->10000,10,85,0.19900300396500156
raw_cell_5000_P,5000->10000,10,86,0.5063198021757315
raw_cell_5000_P,5000->10000,10,87,0.04063474081047144
raw_cell_5000_P,5000->10000,10,88,0.4107092527700639
raw_cell_5000_P,5000->10000,10,89,0.5714914612025671
raw_cell_5000_P,5000->10000,10,90,0.6355603310102074
raw_cell_5000_P,5000->10000,10,91,0.4617594745526166
raw_cell_5000_P,5000->10000,10,92,-0.20447611077529254
raw_cell_5000_P,5000->10000,10,93,0.34939235458052315
raw_cell_5000_P,5000->10000,10,94,0.5240754182412964
raw_cell_5000_P,5000->10000,10,95,0.5146635073211858
raw_cell_5000_P,5000->10000,10,96,0.8291188250434675
raw_cell_5000_P,5000->10000,10,97,0.8054149961670721
raw_cell_5000_P,5000->10000,10,98,0.0706582260070114
raw_cell_5000_P,5000->10000,10,99,0.45983417916626973
raw_cell_5000_P,5000->10000,10,100,0.4743178561211436
raw_cell_5000_P,5000->10000,10,101,0.9641757536749869
raw_cell_5000_P,5000->10000,10,102,0.07946145989423807
raw_cell_5000_P,5000->10000,10,103,0.44052054327610723
raw_cell_5000_P,5000->10000,10,104,0.36119621045291445
raw_cell_5000_P,5000->10000,10,105,0.1533495149740011
raw_cell_5000_P,5000->10000,10,106,0.9927162348177484
raw_cell_5000_P,5000->10000,10,107,0.4536157298310772
raw_cell_5000_P,5000->10000,10,108,-0.0035605454210146
raw_cell_5000_P,5000->10000,10,109,0.8284350629355124
raw_cell_5000_P,5000->10000,10,110,0.7260885907280442
raw_cell_5000_P,5000->10000,10,111,0.8551780115627333
raw_cell_5000_P,5000->10000,10,112,0.1732679714181562
raw_cell_5000_P,5000->10000,10,113,0.5698365837917778
raw_cell_5000_P,5000->10000,10,114,0.5965886406567223
raw_cell_5000_P,5000->10000,10,115,-0.18750388676864585
raw_cell_5000_P,5000->10000,10,116,0.7372887152992511
raw_cell_5000_P,5000->10000,10,117,0.4016679703958377
raw_cell_5000_P,5000->10000,10,118,0.4856092210062723
raw_cell_5000_P,5000->10000,10,119,0.3464355136692396
raw_cell_5000_P,5000->10000,10,120,0.2235235494544718
raw_cell_5000_P,5000->10000,10,121,0.8977711338187587
raw_cell_5000_P,5000->10000,10,122,0.4258181529969496
raw_cell_5000_P,5000->10000,10,123,0.2410474176311644
raw_cell_5000_P,5000->10000,10,124,0.7771510878564735
raw_cell_5000_P,5000->10000,10,125,0.3426007881987634
raw_cell_5000_P,5000->10000,10,126,0.47387016652353814
raw_cell_5000_P,5000->10000,10,127,0.9665369035221755
raw_cell_5000_P,5000->10000,10,128,0.634266672015385
raw_cell_5000_P,5000->10000,10,129,0.3920554783937637
raw_cell_5000_P,5000->10000,10,130,0.7700349246887241
raw_cell_5000_P,5000->10000,10,131,0.39684561979428257
raw_cell_5000_P,5000->10000,10,132,0.43753897897714783
raw_cell_5000_P,5000->10000,10,133,0.5330478414479972
raw_cell_5000_P,5000->10000,10,134,-0.14757483075534933
raw_cell_5000_P,5000->10000,10,135,0.6619595538263789
raw_cell_5000_P,5000->10000,10,136,0.6828930853330285
raw_cell_5000_P,5000->10000,10,137,0.320335679889169
raw_cell_5000_P,5000->10000,10,138,0.6312785128169408
raw_cell_5000_P,5000->10000,10,139,-0.23497671832570788
raw_cell_5000_P,5000->10000,10,140,0.32631370646355734
raw_cell_5000_P,5000->10000,10,141,0.6603206923967748
raw_cell_5000_P,5000->10000,10,142,0.7850389374421735
raw_cell_5000_P,5000->10000,10,143,0.716654949771681
raw_cell_5000_P,5000->10000,10,144,0.34441819930640455
raw_cell_5000_P,5000->10000,10,145,0.6635329862572469
raw_cell_5000_P,5000->10000,10,146,0.3837715643699846
raw_cell_5000_P,5000->10000,10,147,0.7514686637274754
raw_cell_5000_P,5000->10000,10,148,1.1697201980407461
raw_cell_5000_P,5000->10000,10,149,0.4765722081556824
raw_cell_5000_P,5000->10000,10,150,0.28420692872433684
raw_cell_5000_P,5000->10000,10,151,0.06977535015694822
raw_cell_5000_P,5000->10000,10,152,0.42009518399768386
raw_cell_5000_P,5000->10000,10,153,0.4149441012957758
raw_cell_5000_P,5000->10000,10,154,0.37428522772685424
raw_cell_5000_P,5000->10000,10,155,-0.2516361910000155
raw_cell_5000_P,5000->10000,10,156,0.723110062058037
raw_cell_5000_P,5000->10000,10,157,0.44818473373131906
raw_cell_5000_P,5000->10000,10,158,0.825281855059323
raw_cell_5000_P,5000->10000,10,159,1.2469174000554049
raw_cell_5000_P,5000->10000,10,160,0.9134517496834956
raw_cell_5000_P,5000->10000,10,161,0.002630713675660856
raw_cell_5000_P,5000->10000,10,162,0.4062337458982554
raw_cell_5000_P,5000->10000,10,163,0.4069555286844864
raw_cell_5000_P,5000->10000,10,164,0.26058158407936005
raw_cell_5000_P,5000->10000,10,165,0.7217954610364351
raw_cell_5000_P,5000->10000,10,166,0.7363632889139532
raw_cell_5000_P,5000->10000,10,167,0.3526880899352752
raw_cell_5000_P,5000->10000,10,168,0.5072562944828028
raw_cell_5000_P,5000->10000,10,169,0.4998395963373203
raw_cell_5000_P,5000->10000,10,170,-0.011014502274230785
raw_cell_5000_P,5000->10000,10,171,0.8026693148392114
raw_cell_5000_P,5000->10000,10,172,0.6150628722688264
raw_cell_5000_P,5000->10000,10,173,0.6347010279112293
raw_cell_5000_P,5000->10000,10,174,1.0203600569922695
raw_cell_5000_P,5000->10000,10,175,0.15157364656655412
raw_cell_5000_P,5000->10000,10,176,0.5744414244293585
raw_cell_5000_P,5000->10000,10,177,0.1975421289190381
raw_cell_5000_P,5000->10000,10,178,1.3860972643681935
raw_cell_5000_P,5000->10000,10,179,0.09759818012007258
raw_cell_5000_P,5000->10000,10,180,0.4980705247847019
raw_cell_5000_P,5000->10000,10,181,0.5490424979637161
raw_cell_5000_P,5000->10000,10,182,0.7324463285525492
raw_cell_5000_P,5000->10000,10,183,0.409244343213797
raw_cell_5000_P,5000->10000,10,184,1.3256279485380005
raw_cell_5000_P,5000->10000,10,185,0.6509870659830908
raw_cell_5000_P,5000->10000,10,186,0.4193321033270138
raw_cell_5000_P,5000->10000,10,187,0.16588017085715676
raw_cell_5000_P,5000->10000,10,188,0.7220760933299971
raw_cell_5000_P,5000->10000,10,189,0.20986330184517793
raw_cell_5000_P,5000->10000,10,190,0.18179921483963368
raw_cell_5000_P,5000->10000,10,191,0.6806929535205444
raw_cell_5000_P,5000->10000,10,192,0.34456020421979267
raw_cell_5000_P,5000->10000,10,193,0.453512046495499
raw_cell_5000_P,5000->10000,10,194,0.8516629940151293
raw_cell_5000_P,5000->10000,10,195,0.9286498849054267
raw_cell_5000_P,5000->10000,10,196,0.6298694532097641
raw_cell_5000_P,5000->10000,10,197,0.17617849962678017
raw_cell_5000_P,5000->10000,10,198,0.40304187421087734
raw_cell_5000_P,5000->10000,10,199,0.33609899169208485
raw_cell_5000_N,10000->20000,10,0,0.5015967963343065
raw_cell_5000_N,10000->20000,10,1,0.33325051290386887
raw_cell_5000_N,10000->20000,10,2,0.7177248818778673
raw_cell_5000_N,10000->20000,10,3,0.45970292403780577
raw_cell_5000_N,10000->20000,10,4,0.4804720460544771
raw_cell_5000_N,10000->20000,10,5,0.383094142881956
raw_cell_5000_N,10000->20000,10,6,0.7640467500447611
raw_cell_5000_N,10000->20000,10,7,0.26667423235493465
raw_cell_5000_N,10000->20000,10,8,0.443547813762525
raw_cell_5000_N,10000->20000,10,9,0.6133963220127893
raw_cell_5000_N,10000->20000,10,10,0.5198457703003153
raw_cell_5000_N,10000->20000,10,11,0.38787742310565027
raw_cell_5000_N,10000->20000,10,12,0.5661833755218816
raw_cell_5000_N,10000->20000,10,13,1.06748866985153
raw_cell_5000_N,10000->20000,10,14,0.8142050618458019
raw_cell_5000_N,10000->20000,10,15,0.8794918584417997
raw_cell_5000_N,10000->20000,10,16,1.0215394123404047
raw_cell_5000_N,10000->20000,10,17,0.5232926210847162
raw_cell_5000_N,10000->20000,10,18,0.536512837603128
raw_cell_5000_N,10000->20000,10,19,0.46852184299626853
raw_cell_5000_N,10000->20000,10,20,0.6139115768895914
raw_cell_5000_N,10000->20000,10,21,0.614650147180688
raw_cell_5000_N,10000->20000,10,22,0.21996296617495267
raw_cell_5000_N,10000->20000,10,23,0.39124655769345595
raw_cell_5000_N,10000->20000,10,24,0.7466964560685911
raw_cell_5000_N,10000->20000,10,25,0.7093390015820927
raw_cell_5000_N,10000->20000,10,26,0.568668644143785
raw_cell_5000_N,10000->20000,10,27,1.489153312887111
raw_cell_5000_N,10000->20000,10,28,0.3215828165171947
raw_cell_5000_N,10000->20000,10,29,1.0871360589078491
raw_cell_5000_N,10000->20000,10,30,0.25719014467237433
raw_cell_5000_N,10000->20000,10,31,0.4222503160311086
raw_cell_5000_N,10000->20000,10,32,0.44376338543875293
raw_cell_5000_N,10000->20000,10,33,0.042088581989424514
raw_cell_5000_N,10000->20000,10,34,0.16196730465929499
raw_cell_5000_N,10000->20000,10,35,0.4295449644519517
raw_cell_5000_N,10000->20000,10,36,0.11170309980508396
raw_cell_5000_N,10000->20000,10,37,0.25137360920327523
raw_cell_5000_N,10000->20000,10,38,0.16690628067226276
raw_cell_5000_N,10000->20000,10,39,0.5894379355442853
raw_cell_5000_N,10000->20000,10,40,0.25379573589203286
raw_cell_5000_N,10000->20000,10,41,1.0116684470716129
raw_cell_5000_N,10000->20000,10,42,0.8330432645548749
raw_cell_5000_N,10000->20000,10,43,0.698976691936785
raw_cell_5000_N,10000->20000,10,44,0.6209189926979569
raw_cell_5000_N,10000->20000,10,45,0.7474991523502051
raw_cell_5000_N,10000->20000,10,46,-0.11880544387188076
raw_cell_5000_N,10000->20000,10,47,0.5863193906682642
raw_cell_5000_N,10000->20000,10,48,0.3371818714674642
raw_cell_5000_N,10000->20000,10,49,0.5431260500964659
raw_cell_5000_N,10000->20000,10,50,0.4362717540727117
raw_cell_5000_N,10000->20000,10,51,0.6371478220210036
raw_cell_5000_N,10000->20000,10,52,0.7770871497766613
raw_cell_5000_N,10000->20000,10,53,0.3677229857010918
raw_cell_5000_N,10000->20000,10,54,0.8906230285868939
raw_cell_5000_N,10000->20000,10,55,0.5721834650774655
raw_cell_5000_N,10000->20000,10,56,0.7497719352809978
raw_cell_5000_N,10000->20000,10,57,0.2732674258060706
raw_cell_5000_N,10000->20000,10,58,0.18269775359818796
raw_cell_5000_N,10000->20000,10,59,0.9825148193751027
raw_cell_5000_N,10000->20000,10,60,0.256561020373146
raw_cell_5000_N,10000->20000,10,61,0.6314930329803039
raw_cell_5000_N,10000->20000,10,62,0.5751042980117061
raw_cell_5000_N,10000->20000,10,63,0.48788911090096915
raw_cell_5000_N,10000->20000,10,64,0.9384708854299274
raw_cell_5000_N,10000->20000,10,65,0.16347507221614466
raw_cell_5000_N,10000->20000,10,66,0.6067173935655309
raw_cell_5000_N,10000->20000,10,67,-0.007873985902367382
raw_cell_5000_N,10000->20000,10,68,0.9749584508977787
raw_cell_5000_N,10000->20000,10,69,0.4906804851242248
raw_cell_5000_N,10000->20000,10,70,0.27361463181847495
raw_cell_5000_N,10000->20000,10,71,0.16723939177032568
raw_cell_5000_N,10000->20000,10,72,0.47538504088185835
raw_cell_5000_N,10000->20000,10,73,0.49389184086151877
raw_cell_5000_N,10000->20000,10,74,0.3932238254103799
raw_cell_5000_N,10000->20000,10,75,0.5907712680248333
raw_cell_5000_N,10000->20000,10,76,0.09895317654235156
raw_cell_5000_N,10000->20000,10,77,0.7411060931176434
raw_cell_5000_N,10000->20000,10,78,0.4628433228675482
raw_cell_5000_N,10000->20000,10,79,0.5968475707396073
raw_cell_5000_N,10000->20000,10,80,0.5039300385875695
raw_cell_5000_N,10000->20000,10,81,0.5075920567289713
raw_cell_5000_N,10000->20000,10,82,0.5307947452023897
raw_cell_5000_N,10000->20000,10,83,0.6263716524661633
raw_cell_5000_N,10000->20000,10,84,0.45195964998165333
raw_cell_5000_N,10000->20000,10,85,0.5381809998565812
raw_cell_5000_N,10000->20000,10,86,0.1451722796781065
raw_cell_5000_N,10000->20000,10,87,0.5827404154114306
raw_cell_5000_N,10000->20000,10,88,0.4160750306537145
raw_cell_5000_N,10000->20000,10,89,0.33859370083206664
raw_cell_5000_N,10000->20000,10,90,0.8239394625549199
raw_cell_5000_N,10000->20000,10,91,0.505349410810952
raw_cell_5000_N,10000->20000,10,92,0.5467702208964415
raw_cell_5000_N,10000->20000,10,93,0.692802350340063
raw_cell_5000_N,10000->20000,10,94,0.5872146449748009
raw_cell_5000_N,10000->20000,10,95,0.1157707468095573
raw_cell_5000_N,10000->20000,10,96,0.692565655127224
raw_cell_5000_N,10000->20000,10,97,0.6942863819425258
raw_cell_5000_N,10000->20000,10,98,0.45350905389105045
raw_cell_5000_N,10000->20000,10,99,0.6544844732478202
raw_cell_5000_N,10000->20000,10,100,0.37747151813846
raw_cell_5000_N,10000->20000,10,101,0.37576879433543575
raw_cell_5000_N,10000->20000,10,102,1.0062364502716177
raw_cell_5000_N,10000->20000,10,103,0.2751794141938257
raw_cell_5000_N,10000->20000,10,104,0.579753401092511
raw_cell_5000_N,10000->20000,10,105,0.5265321190495076
raw_cell_5000_N,10000->20000,10,106,0.2196256242746501
raw_cell_5000_N,10000->20000,10,107,0.4293113541775871
raw_cell_5000_N,10000->20000,10,108,1.0491727235980208
raw_cell_5000_N,10000->20000,10,109,0.6127939279774859
raw_cell_5000_N,10000->20000,10,110,0.9683169668931942
raw_cell_5000_N,10000->20000,10,111,0.5669983428479175
raw_cell_5000_N,10000->20000,10,112,0.11626294017146127
raw_cell_5000_N,10000->20000,10,113,0.5123619120432488
raw_cell_5000_N,10000->20000,10,114,0.5906041368244728
raw_cell_5000_N,10000->20000,10,115,0.4382158548629358
raw_cell_5000_N,10000->20000,10,116,1.382054515970024
raw_cell_5000_N,10000->20000,10,117,0.6986335128439664
raw_cell_5000_N,10000->20000,10,118,0.3265667653703838
raw_cell_5000_N,10000->20000,10,119,0.1628298797876489
raw_cell_5000_N,10000->20000,10,120,0.7223943998436974
raw_cell_5000_N,10000->20000,10,121,0.5365946287233996
raw_cell_5000_N,10000->20000,10,122,0.7794060532266006
raw_cell_5000_N,10000->20000,10,123,0.18031335156069297
raw_cell_5000_N,10000->20000,10,124,0.5500847002352836
raw_cell_5000_N,10000->20000,10,125,0.0368090803814878
raw_cell_5000_N,10000->20000,10,126,0.567559629201944
raw_cell_5000_N,10000->20000,10,127,0.1947183763902779
raw_cell_5000_N,10000->20000,10,128,0.8754581528034686
raw_cell_5000_N,10000->20000,10,129,0.5298044934652432
raw_cell_5000_N,10000->20000,10,130,0.9822974509455344
raw_cell_5000_N,10000->20000,10,131,0.8260737188660942
raw_cell_5000_N,10000->20000,10,132,0.7133144858453989
raw_cell_5000_N,10000->20000,10,133,0.21673897181639257
raw_cell_5000_N,10000->20000,10,134,0.5511099593521755
raw_cell_5000_N,10000->20000,10,135,0.4438010751871885
raw_cell_5000_N,10000->20000,10,136,0.5218104096240008
raw_cell_5000_N,10000->20000,10,137,0.9465478224023771
raw_cell_5000_N,10000->20000,10,138,0.49164558459728475
raw_cell_5000_N,10000->20000,10,139,0.8628184132642768
raw_cell_5000_N,10000->20000,10,140,0.5146192805629803
raw_cell_5000_N,10000->20000,10,141,0.43305156754620283
raw_cell_5000_N,10000->20000,10,142,0.7295403924134864
raw_cell_5000_N,10000->20000,10,143,0.2220841937404364
raw_cell_5000_N,10000->20000,10,144,1.0889654990525492
raw_cell_5000_N,10000->20000,10,145,0.5221756229850991
raw_cell_5000_N,10000->20000,10,146,0.3343211791411972
raw_cell_5000_N,10000->20000,10,147,0.1856896642633773
raw_cell_5000_N,10000->20000,10,148,0.12310718660178964
raw_cell_5000_N,10000->20000,10,149,0.7217321260939675
raw_cell_5000_N,10000->20000,10,150,0.46736188813746843
raw_cell_5000_N,10000->20000,10,151,0.5624610135424792
raw_cell_5000_N,10000->20000,10,152,0.6293222182862015
raw_cell_5000_N,10000->20000,10,153,0.5254706527036198
raw_cell_5000_N,10000->20000,10,154,0.8726631860933708
raw_cell_5000_N,10000->20000,10,155,0.6323713251433606
raw_cell_5000_N,10000->20000,10,156,0.5516953159656531
raw_cell_5000_N,10000->20000,10,157,0.469153351112812
raw_cell_5000_N,10000->20000,10,158,0.5387801528996079
raw_cell_5000_N,10000->20000,10,159,0.9404297051476918
raw_cell_5000_N,10000->20000,10,160,0.584769010361089
raw_cell_5000_N,10000->20000,10,161,0.4720165075786246
raw_cell_5000_N,10000->20000,10,162,0.3722409256254607
raw_cell_5000_N,10000->20000,10,163,0.5284727973969875
raw_cell_5000_N,10000->20000,10,164,0.31385775153164236
raw_cell_5000_N,10000->20000,10,165,0.2329370344822911
raw_cell_5000_N,10000->20000,10,166,0.5348005412047022
raw_cell_5000_N,10000->20000,10,167,0.22419991369226475
raw_cell_5000_N,10000->20000,10,168,0.07749731959114996
raw_cell_5000_N,10000->20000,10,169,0.8162615960652209
raw_cell_5000_N,10000->20000,10,170,0.28616805262067346
raw_cell_5000_N,10000->20000,10,171,0.5410859900062548
raw_cell_5000_N,10000->20000,10,172,0.7996184660687831
raw_cell_5000_N,10000->20000,10,173,0.06063318926174742
raw_cell_5000_N,10000->20000,10,174,0.6853168147956622
raw_cell_5000_N,10000->20000,10,175,0.5124782917124695
raw_cell_5000_N,10000->20000,10,176,1.3344615302068479
raw_cell_5000_N,10000->20000,10,177,0.15530737591719912
raw_cell_5000_N,10000->20000,10,178,0.06769915229864033
raw_cell_5000_N,10000->20000,10,179,0.6702953073950698
raw_cell_5000_N,10000->20000,10,180,0.43672592492571344
raw_cell_5000_N,10000->20000,10,181,0.305556841739093
raw_cell_5000_N,10000->20000,10,182,0.6426310817902181
raw_cell_5000_N,10000->20000,10,183,0.17788882963295294
raw_cell_5000_N,10000->20000,10,184,0.1649445322471544
raw_cell_5000_N,10000->20000,10,185,0.575283731683332
raw_cell_5000_N,10000->20000,10,186,0.4134534676903322
raw_cell_5000_N,10000->20000,10,187,0.6575928128991351
raw_cell_5000_N,10000->20000,10,188,0.505756941587468
raw_cell_5000_N,10000->20000,10,189,0.13625431615900344
raw_cell_5000_N,10000->20000,10,190,0.18977499608726148
raw_cell_5000_N,10000->20000,10,191,0.3521541224143894
raw_cell_5000_N,10000->20000,10,192,0.24642009981881213
raw_cell_5000_N,10000->20000,10,193,0.529366840363387
raw_cell_5000_N,10000->20000,10,194,0.15650537514357707
raw_cell_5000_N,10000->20000,10,195,0.542161603061425
raw_cell_5000_N,10000->20000,10,196,0.08721053359566705
raw_cell_5000_N,10000->20000,10,197,0.42777473809955147
raw_cell_5000_N,10000->20000,10,198,0.5188046188581589
raw_cell_5000_N,10000->20000,10,199,0.10107736940624479
raw_cell_8002_P,5000->10000,10,0,0.0021437090751637586
raw_cell_8002_P,5000->10000,10,1,1.6058113586460108
raw_cell_8002_P,5000->10000,10,2,0.20720671232316445
raw_cell_8002_P,5000->10000,10,3,0.6095016548732071
raw_cell_8002_P,5000->10000,10,4,0.7670700961337391
raw_cell_8002_P,5000->10000,10,5,0.7838206785023554
raw_cell_8002_P,5000->10000,10,6,0.4534959661879348
raw_cell_8002_P,5000->10000,10,7,0.39221471125364654
raw_cell_8002_P,5000->10000,10,8,0.843645202733643
raw_cell_8002_P,5000->10000,10,9,0.9517727574552607
raw_cell_8002_P,5000->10000,10,10,0.5606025229233912
raw_cell_8002_P,5000->10000,10,11,0.4353759860308363
raw_cell_8002_P,5000->10000,10,12,0.3662641912992016
raw_cell_8002_P,5000->10000,10,13,0.43321877006427734
raw_cell_8002_P,5000->10000,10,14,0.6783275428657567
raw_cell_8002_P,5000->10000,10,15,0.7503313746699977
raw_cell_8002_P,5000->10000,10,16,0.2980329879344948
raw_cell_8002_P,5000->10000,10,17,0.8962856877548939
raw_cell_8002_P,5000->10000,10,18,0.09491230151230289
raw_cell_8002_P,5000->10000,10,19,0.04192935806756725
raw_cell_8002_P,5000->10000,10,20,0.4707140181511314
raw_cell_8002_P,5000->10000,10,21,0.24456094302915266
raw_cell_8002_P,5000->10000,10,22,0.9196552662344577
raw_cell_8002_P,5000->10000,10,23,0.4983089644355442
raw_cell_8002_P,5000->10000,10,24,0.5969091092922648
raw_cell_8002_P,5000->10000,10,25,0.45060014743428883
raw_cell_8002_P,5000->10000,10,26,0.2231304159107384
raw_cell_8002_P,5000->10000,10,27,0.6742739601423982
raw_cell_8002_P,5000->10000,10,28,-0.12036635765868857
raw_cell_8002_P,5000->10000,10,29,0.37040609793307694
raw_cell_8002_P,5000->10000,10,30,0.7965834938356254
raw_cell_8002_P,5000->10000,10,31,0.2524604761319407
raw_cell_8002_P,5000->10000,10,32,0.7936128813759313
raw_cell_8002_P,5000->10000,10,33,0.6312524663624988
raw_cell_8002_P,5000->10000,10,34,0.3277933985327866
raw_cell_8002_P,5000->10000,10,35,0.5095313147827795
raw_cell_8002_P,5000->10000,10,36,0.13373428905585844
raw_cell_8002_P,5000->10000,10,37,-0.35009245656275656
raw_cell_8002_P,5000->10000,10,38,0.11616592790858415
raw_cell_8002_P,5000->10000,10,39,0.5418697585185659
raw_cell_8002_P,5000->10000,10,40,0.2760637073688549
raw_cell_8002_P,5000->10000,10,41,0.4519214566673756
raw_cell_8002_P,5000->10000,10,42,0.5264361332264106
raw_cell_8002_P,5000->10000,10,43,0.6565019041963807
raw_cell_8002_P,5000->10000,10,44,0.5491598626717529
raw_cell_8002_P,5000->10000,10,45,0.5842861664473404
raw_cell_8002_P,5000->10000,10,46,0.418268730296466
raw_cell_8002_P,5000->10000,10,47,0.23933873842734288
raw_cell_8002_P,5000->10000,10,48,0.15828917257498962
raw_cell_8002_P,5000->10000,10,49,0.5223341379187965
raw_cell_8002_P,5000->10000,10,50,0.34406180033122974
raw_cell_8002_P,5000->10000,10,51,0.20731845668833107
raw_cell_8002_P,5000->10000,10,52,0.3736054713270764
raw_cell_8002_P,5000->10000,10,53,0.37122296086909556
raw_cell_8002_P,5000->10000,10,54,0.19393573003838252
raw_cell_8002_P,5000->10000,10,55,0.03650198777244672
raw_cell_8002_P,5000->10000,10,56,0.6528721338810604
raw_cell_8002_P,5000->10000,10,57,0.27705797845847674
raw_cell_8002_P,5000->10000,10,58,0.2833346672598596
raw_cell_8002_P,5000->10000,10,59,0.4958868604076334
raw_cell_8002_P,5000->10000,10,60,0.479978229503705
raw_cell_8002_P,5000->10000,10,61,0.9363742890557917
raw_cell_8002_P,5000->10000,10,62,0.3012170195657927
raw_cell_8002_P,5000->10000,10,63,0.40179459112086774
raw_cell_8002_P,5000->10000,10,64,0.3342586449378307
raw_cell_8002_P,5000->10000,10,65,0.5465488324259051
raw_cell_8002_P,5000->10000,10,66,0.6324071088104166
raw_cell_8002_P,5000->10000,10,67,0.06356639724054942
raw_cell_8002_P,5000->10000,10,68,0.4985937804469128
raw_cell_8002_P,5000->10000,10,69,0.6717845105033554
raw_cell_8002_P,5000->10000,10,70,0.7580504463202559
raw_cell_8002_P,5000->10000,10,71,0.3824102921484603
raw_cell_8002_P,5000->10000,10,72,0.14283577807482167
raw_cell_8002_P,5000->10000,10,73,-0.01075184558754672
raw_cell_8002_P,5000->10000,10,74,0.3378352853899708
raw_cell_8002_P,5000->10000,10,75,0.7282699881984617
raw_cell_8002_P,5000->10000,10,76,0.011507883283784012
raw_cell_8002_P,5000->10000,10,77,0.13123959907627553
raw_cell_8002_P,5000->10000,10,78,0.3754926516391526
raw_cell_8002_P,5000->10000,10,79,0.48063503188748885
raw_cell_8002_P,5000->10000,10,80,0.5601162549277808
raw_cell_8002_P,5000->10000,10,81,0.4860904490650253
raw_cell_8002_P,5000->10000,10,82,0.6035798859303414
raw_cell_8002_P,5000->10000,10,83,0.6050530758692038
raw_cell_8002_P,5000->10000,10,84,0.40215864530572315
raw_cell_8002_P,5000->10000,10,85,0.4983928051082069
raw_cell_8002_P,5000->10000,10,86,0.3362931162690509
raw_cell_8002_P,5000->10000,10,87,0.4871708019062949
raw_cell_8002_P,5000->10000,10,88,0.3832167014832848
raw_cell_8002_P,5000->10000,10,89,1.3379371315615471
raw_cell_8002_P,5000->10000,10,90,0.7200998322748863
raw_cell_8002_P,5000->10000,10,91,1.4018079598859516
raw_cell_8002_P,5000->10000,10,92,0.38292591983645174
raw_cell_8002_P,5000->10000,10,93,0.40670955058134056
raw_cell_8002_P,5000->10000,10,94,0.740569422404312
raw_cell_8002_P,5000->10000,10,95,0.7906727165793545
raw_cell_8002_P,5000->10000,10,96,0.33371844589543725
raw_cell_8002_P,5000->10000,10,97,0.6535926916842566
raw_cell_8002_P,5000->10000,10,98,0.8359746212586441
raw_cell_8002_P,5000->10000,10,99,0.7064908236722949
raw_cell_8002_P,5000->10000,10,100,0.6777976292407616
raw_cell_8002_P,5000->10000,10,101,0.4374624696256668
raw_cell_8002_P,5000->10000,10,102,0.7375341333328733
raw_cell_8002_P,5000->10000,10,103,0.7646451876022513
raw_cell_8002_P,5000->10000,10,104,0.7767564294378309
raw_cell_8002_P,5000->10000,10,105,0.5348819429679084
raw_cell_8002_P,5000->10000,10,106,0.12978535386817625
raw_cell_8002_P,5000->10000,10,107,0.44607846572190646
raw_cell_8002_P,5000->10000,10,108,0.8326668484449379
raw_cell_8002_P,5000->10000,10,109,0.5091555387847192
raw_cell_8002_P,5000->10000,10,110,0.8185006120850674
raw_cell_8002_P,5000->10000,10,111,0.7350418590306779
raw_cell_8002_P,5000->10000,10,112,0.4212455804149554
raw_cell_8002_P,5000->10000,10,113,0.5183400980153194
raw_cell_8002_P,5000->10000,10,114,0.4101539034477611
raw_cell_8002_P,5000->10000,10,115,0.44733629083369075
raw_cell_8002_P,5000->10000,10,116,0.9116901740563901
raw_cell_8002_P,5000->10000,10,117,0.46950875457316843
raw_cell_8002_P,5000->10000,10,118,0.5582316280507686
raw_cell_8002_P,5000->10000,10,119,0.5322413714899835
raw_cell_8002_P,5000->10000,10,120,0.851679255823783
raw_cell_8002_P,5000->10000,10,121,0.9603359190604646
raw_cell_8002_P,5000->10000,10,122,0.22390221237421865
raw_cell_8002_P,5000->10000,10,123,0.2998281787376453
raw_cell_8002_P,5000->10000,10,124,0.3779162002230761
raw_cell_8002_P,5000->10000,10,125,0.594477631967555
raw_cell_8002_P,5000->10000,10,126,0.2736657713892183
raw_cell_8002_P,5000->10000,10,127,0.5618470868713312
raw_cell_8002_P,5000->10000,10,128,0.5924334796314359
raw_cell_8002_P,5000->10000,10,129,0.2549585257307475
raw_cell_8002_P,5000->10000,10,130,0.5475565329585971
raw_cell_8002_P,5000->10000,10,131,0.4680445152747705
raw_cell_8002_P,5000->10000,10,132,-0.10606962641943161
raw_cell_8002_P,5000->10000,10,133,0.5086597633424866
raw_cell_8002_P,5000->10000,10,134,0.45603549082369665
raw_cell_8002_P,5000->10000,10,135,0.4552560136919835
raw_cell_8002_P,5000->10000,10,136,0.8829223000141825
raw_cell_8002_P,5000->10000,10,137,0.4824457131460726
raw_cell_8002_P,5000->10000,10,138,0.05935714664430526
raw_cell_8002_P,5000->10000,10,139,0.38359581774338125
raw_cell_8002_P,5000->10000,10,140,0.2633757897357515
raw_cell_8002_P,5000->10000,10,141,0.44356347630364745
raw_cell_8002_P,5000->10000,10,142,0.0602290661741565
raw_cell_8002_P,5000->10000,10,143,0.1728576971502008
raw_cell_8002_P,5000->10000,10,144,0.3641875990090221
raw_cell_8002_P,5000->10000,10,145,0.4929922871996171
raw_cell_8002_P,5000->10000,10,146,0.1337085204230949
raw_cell_8002_P,5000->10000,10,147,0.4650958101512097
raw_cell_8002_P,5000->10000,10,148,0.3867996877179624
raw_cell_8002_P,5000->10000,10,149,0.5755100053058951
raw_cell_8002_P,5000->10000,10,150,0.4761720115988251
raw_cell_8002_P,5000->10000,10,151,0.5961338275604732
raw_cell_8002_P,5000->10000,10,152,0.48458030968968274
raw_cell_8002_P,5000->10000,10,153,0.3730558428492503
raw_cell_8002_P,5000->10000,10,154,0.08717216983141562
raw_cell_8002_P,5000->10000,10,155,0.7946768350004499
raw_cell_8002_P,5000->10000,10,156,0.9526247264957386
raw_cell_8002_P,5000->10000,10,157,0.19194619234953103
raw_cell_8002_P,5000->10000,10,158,0.781189077093179
raw_cell_8002_P,5000->10000,10,159,0.9216716226781357
raw_cell_8002_P,5000->10000,10,160,0.5710741386699641
raw_cell_8002_P,5000->10000,10,161,0.5688816736221187
raw_cell_8002_P,5000->10000,10,162,0.14466056031147762
raw_cell_8002_P,5000->10000,10,163,0.5534381145621039
raw_cell_8002_P,5000->10000,10,164,0.6275098741355549
raw_cell_8002_P,5000->10000,10,165,0.4252068204680709
raw_cell_8002_P,5000->10000,10,166,0.6186046663411143
raw_cell_8002_P,5000->10000,10,167,0.2990113345875076
raw_cell_8002_P,5000->10000,10,168,0.05006964305022343
raw_cell_8002_P,5000->10000,10,169,0.8320106580708799
raw_cell_8002_P,5000->10000,10,170,0.2515179217295143
raw_cell_8002_P,5000->10000,10,171,0.37806242354205705
raw_cell_8002_P,5000->10000,10,172,0.42450448958739606
raw_cell_8002_P,5000->10000,10,173,0.3860284732419755
raw_cell_8002_P,5000->10000,10,174,0.5796066500988131
raw_cell_8002_P,5000->10000,10,175,0.7192920184788444
raw_cell_8002_P,5000->10000,10,176,0.10354186679721261
raw_cell_8002_P,5000->10000,10,177,0.44903215466662566
raw_cell_8002_P,5000->10000,10,178,-0.1278890549645022
raw_cell_8002_P,5000->10000,10,179,0.4077985983784219
raw_cell_8002_P,5000->10000,10,180,0.6383290115210993
raw_cell_8002_P,5000->10000,10,181,0.046205802496590606
raw_cell_8002_P,5000->10000,10,182,0.4378650870111937
raw_cell_8002_P,5000->10000,10,183,0.6731181369456561
raw_cell_8002_P,5000->10000,10,184,-0.2838203477466577
raw_cell_8002_P,5000->10000,10,185,0.788250445681962
raw_cell_8002_P,5000->10000,10,186,0.9915095369915996
raw_cell_8002_P,5000->10000,10,187,0.25306874693453363
raw_cell_8002_P,5000->10000,10,188,0.3151011698255049
raw_cell_8002_P,5000->10000,10,189,0.6517018223537818
raw_cell_8002_P,5000->10000,10,190,0.5397769217173294
raw_cell_8002_P,5000->10000,10,191,0.06658630881293046
raw_cell_8002_P,5000->10000,10,192,0.8703481804066123
raw_cell_8002_P,5000->10000,10,193,0.5795592975111135
raw_cell_8002_P,5000->10000,10,194,0.47110730445840654
raw_cell_8002_P,5000->10000,10,195,0.08859570423691664
raw_cell_8002_P,5000->10000,10,196,0.5817076462022549
raw_cell_8002_P,5000->10000,10,197,0.38448037052484335
raw_cell_8002_P,5000->10000,10,198,0.5468465253597877
raw_cell_8002_P,5000->10000,10,199,0.42115849638205477
raw_cell_8002_N,10000->20000,10,0,0.17744645142843715
raw_cell_8002_N,10000->20000,10,1,0.4435850603441495
raw_cell_8002_N,10000->20000,10,2,0.39379110384372806
raw_cell_8002_N,10000->20000,10,3,1.0160043833202512
raw_cell_8002_N,10000->20000,10,4,0.7258501976575
raw_cell_8002_N,10000->20000,10,5,0.39951751713387107
raw_cell_8002_N,10000->20000,10,6,0.6026684118821312
raw_cell_8002_N,10000->20000,10,7,0.6181092524155519
raw_cell_8002_N,10000->20000,10,8,0.3930588046611015
raw_cell_8002_N,10000->20000,10,9,0.4693337407016193
raw_cell_8002_N,10000->20000,10,10,0.6333124246820864
raw_cell_8002_N,10000->20000,10,11,0.23549104120736508
raw_cell_8002_N,10000->20000,10,12,0.5342041428306087
raw_cell_8002_N,10000->20000,10,13,0.3380409863720219
raw_cell_8002_N,10000->20000,10,14,0.8360199709320274
raw_cell_8002_N,10000->20000,10,15,0.6376270190052087
raw_cell_8002_N,10000->20000,10,16,0.3709302493887902
raw_cell_8002_N,10000->20000,10,17,0.82182065608845
raw_cell_8002_N,10000->20000,10,18,0.30417681611308217
raw_cell_8002_N,10000->20000,10,19,0.6651441885988181
raw_cell_8002_N,10000->20000,10,20,0.13083864654365007
raw_cell_8002_N,10000->20000,10,21,0.4935245557981668
raw_cell_8002_N,10000->20000,10,22,0.6362874547824204
raw_cell_8002_N,10000->20000,10,23,0.4617732653579181
raw_cell_8002_N,10000->20000,10,24,0.6430173156952629
raw_cell_8002_N,10000->20000,10,25,0.5793101656936644
raw_cell_8002_N,10000->20000,10,26,0.6732588337710531
raw_cell_8002_N,10000->20000,10,27,0.3439990716410565
raw_cell_8002_N,10000->20000,10,28,0.44456628486749616
raw_cell_8002_N,10000->20000,10,29,0.8063545886851896
raw_cell_8002_N,10000->20000,10,30,0.957686422518438
raw_cell_8002_N,10000->20000,10,31,0.7387992154749312
raw_cell_8002_N,10000->20000,10,32,0.23053821972594188
raw_cell_8002_N,10000->20000,10,33,0.6088839759222976
raw_cell_8002_N,10000->20000,10,34,0.5456119950257837
raw_cell_8002_N,10000->20000,10,35,0.4804738630519544
raw_cell_8002_N,10000->20000,10,36,1.1887008155176249
raw_cell_8002_N,10000->20000,10,37,0.12875762539143512
raw_cell_8002_N,10000->20000,10,38,0.28321493307938694
raw_cell_8002_N,10000->20000,10,39,0.5349789727436034
raw_cell_8002_N,10000->20000,10,40,1.2686170470187708
raw_cell_8002_N,10000->20000,10,41,0.3855440810024135
raw_cell_8002_N,10000->20000,10,42,0.22408198286698547
raw_cell_8002_N,10000->20000,10,43,0.5163127142159069
raw_cell_8002_N,10000->20000,10,44,0.3154618201077406
raw_cell_8002_N,10000->20000,10,45,0.3199314792168142
raw_cell_8002_N,10000->20000,10,46,0.17131230803748104
raw_cell_8002_N,10000->20000,10,47,0.045834507101062044
raw_cell_8002_N,10000->20000,10,48,0.43745580275828205
raw_cell_8002_N,10000->20000,10,49,0.09746822442453157
raw_cell_8002_N,10000->20000,10,50,0.01328474077843314
raw_cell_8002_N,10000->20000,10,51,0.4063426469970924
raw_cell_8002_N,10000->20000,10,52,0.26578242326212925
raw_cell_8002_N,10000->20000,10,53,0.5137227489653463
raw_cell_8002_N,10000->20000,10,54,0.15338900975550462
raw_cell_8002_N,10000->20000,10,55,0.4104760717166164
raw_cell_8002_N,10000->20000,10,56,0.13922098012016373
raw_cell_8002_N,10000->20000,10,57,0.8352614210163896
raw_cell_8002_N,10000->20000,10,58,0.28289407070168743
raw_cell_8002_N,10000->20000,10,59,0.4836071625227041
raw_cell_8002_N,10000->20000,10,60,0.5617372415760487
raw_cell_8002_N,10000->20000,10,61,0.4832279971684601
raw_cell_8002_N,10000->20000,10,62,0.4190013647641404
raw_cell_8002_N,10000->20000,10,63,0.36758868975384223
raw_cell_8002_N,10000->20000,10,64,0.557012201974724
raw_cell_8002_N,10000->20000,10,65,0.2637926371883455
raw_cell_8002_N,10000->20000,10,66,0.926178778016194
raw_cell_8002_N,10000->20000,10,67,0.7523432886404501
raw_cell_8002_N,10000->20000,10,68,0.7520670184838475
raw_cell_8002_N,10000->20000,10,69,0.10839825621789073
raw_cell_8002_N,10000->20000,10,70,0.6146641868965311
raw_cell_8002_N,10000->20000,10,71,0.4714734273185889
raw_cell_8002_N,10000->20000,10,72,0.3125016193551819
raw_cell_8002_N,10000->20000,10,73,0.43498435370422667
raw_cell_8002_N,10000->20000,10,74,0.6182148341747394
raw_cell_8002_N,10000->20000,10,75,0.022380023841909808
raw_cell_8002_N,10000->20000,10,76,1.1420136012137652
raw_cell_8002_N,10000->20000,10,77,0.6488893723816749
raw_cell_8002_N,10000->20000,10,78,0.08270404956589775
raw_cell_8002_N,10000->20000,10,79,0.5470314536002698
raw_cell_8002_N,10000->20000,10,80,0.20978576820861408
raw_cell_8002_N,10000->20000,10,81,0.46631253817940993
raw_cell_8002_N,10000->20000,10,82,0.2981182938108143
raw_cell_8002_N,10000->20000,10,83,0.726883921128899
raw_cell_8002_N,10000->20000,10,84,0.7035471663535957
raw_cell_8002_N,10000->20000,10,85,0.813982423418337
raw_cell_8002_N,10000->20000,10,86,0.6180775116106278
raw_cell_8002_N,10000->20000,10,87,0.48561267474146913
raw_cell_8002_N,10000->20000,10,88,0.3000821325365832
raw_cell_8002_N,10000->20000,10,89,0.07596287693089895
raw_cell_8002_N,10000->20000,10,90,0.3826679114485089
raw_cell_8002_N,10000->20000,10,91,0.41215306649604005
raw_cell_8002_N,10000->20000,10,92,0.07838320429120223
raw_cell_8002_N,10000->20000,10,93,0.4087980872514073
raw_cell_8002_N,10000->20000,10,94,0.36744805963053323
raw_cell_8002_N,10000->20000,10,95,0.38976178371781933
raw_cell_8002_N,10000->20000,10,96,0.6695495413843146
raw_cell_8002_N,10000->20000,10,97,0.5482229199986532
raw_cell_8002_N,10000->20000,10,98,0.12973327476924632
raw_cell_8002_N,10000->20000,10,99,0.3997908048349737
raw_cell_8002_N,10000->20000,10,100,0.1912961886535006
raw_cell_8002_N,10000->20000,10,101,0.5624694558470006
raw_cell_8002_N,10000->20000,10,102,0.6773873590437749
raw_cell_8002_N,10000->20000,10,103,0.4758386625369882
raw_cell_8002_N,10000->20000,10,104,0.1918183958746198
raw_cell_8002_N,10000->20000,10,105,0.23862490548717194
raw_cell_8002_N,10000->20000,10,106,0.7395380451764905
raw_cell_8002_N,10000->20000,10,107,0.7845331806216621
raw_cell_8002_N,10000->20000,10,108,0.5076993898381205
raw_cell_8002_N,10000->20000,10,109,0.3938839503388719
raw_cell_8002_N,10000->20000,10,110,0.28410288699142283
raw_cell_8002_N,10000->20000,10,111,0.6085966896554763
raw_cell_8002_N,10000->20000,10,112,0.5856426466186001
raw_cell_8002_N,10000->20000,10,113,0.6349007514226268
raw_cell_8002_N,10000->20000,10,114,0.36716028044647264
raw_cell_8002_N,10000->20000,10,115,0.45526152536390413
raw_cell_8002_N,10000->20000,10,116,0.5870872089574019
raw_cell_8002_N,10000->20000,10,117,0.46440862882356165
raw_cell_8002_N,10000->20000,10,118,0.2539138999846872
raw_cell_8002_N,10000->20000,10,119,0.8069696467408091
raw_cell_8002_N,10000->20000,10,120,0.557141635912062
raw_cell_8002_N,10000->20000,10,121,0.2010922117402751
raw_cell_8002_N,10000->20000,10,122,0.3419632007973599
raw_cell_8002_N,10000->20000,10,123,0.6748330277588318
raw_cell_8002_N,10000->20000,10,124,0.6632746749066905
raw_cell_8002_N,10000->20000,10,125,0.4906312248909038
raw_cell_8002_N,10000->20000,10,126,0.4642716040503802
raw_cell_8002_N,10000->20000,10,127,0.5278678408055232
raw_cell_8002_N,10000->20000,10,128,0.2499158340014879
raw_cell_8002_N,10000->20000,10,129,0.29742234105615334
raw_cell_8002_N,10000->20000,10,130,0.37869138883628517
raw_cell_8002_N,10000->20000,10,131,0.6079516728954043
raw_cell_8002_N,10000->20000,10,132,1.0220103316793603
raw_cell_8002_N,10000->20000,10,133,0.5573558890610598
raw_cell_8002_N,10000->20000,10,134,-0.002668879962742048
raw_cell_8002_N,10000->20000,10,135,0.7189854624486259
raw_cell_8002_N,10000->20000,10,136,0.5066912481047782
raw_cell_8002_N,10000->20000,10,137,0.6456919391339172
raw_cell_8002_N,10000->20000,10,138,0.41272959497206846
raw_cell_8002_N,10000->20000,10,139,0.2490212269659523
raw_cell_8002_N,10000->20000,10,140,0.14817733841542485
raw_cell_8002_N,10000->20000,10,141,0.5303820845710204
raw_cell_8002_N,10000->20000,10,142,0.3321191662917839
raw_cell_8002_N,10000->20000,10,143,0.34629730168512396
raw_cell_8002_N,10000->20000,10,144,0.3836685467056385
raw_cell_8002_N,10000->20000,10,145,0.7615557798954931
raw_cell_8002_N,10000->20000,10,146,0.9168399351981431
raw_cell_8002_N,10000->20000,10,147,0.7454629710220522
raw_cell_8002_N,10000->20000,10,148,0.8032028346374079
raw_cell_8002_N,10000->20000,10,149,0.26860499165229784
raw_cell_8002_N,10000->20000,10,150,1.1001353725182237
raw_cell_8002_N,10000->20000,10,151,0.47873874705301667
raw_cell_8002_N,10000->20000,10,152,0.8102803755670851
raw_cell_8002_N,10000->20000,10,153,0.7145335728309863
raw_cell_8002_N,10000->20000,10,154,0.5875179751148362
raw_cell_8002_N,10000->20000,10,155,0.8580521590259378
raw_cell_8002_N,10000->20000,10,156,1.0412989690448418
raw_cell_8002_N,10000->20000,10,157,0.5980892599093247
raw_cell_8002_N,10000->20000,10,158,0.5111471216412052
raw_cell_8002_N,10000->20000,10,159,0.4677780417921943
raw_cell_8002_N,10000->20000,10,160,-0.013792992670780461
raw_cell_8002_N,10000->20000,10,161,0.6066117583565943
raw_cell_8002_N,10000->20000,10,162,0.4181988911912566
raw_cell_8002_N,10000->20000,10,163,0.5416957699783228
raw_cell_8002_N,10000->20000,10,164,0.6830351994352113
raw_cell_8002_N,10000->20000,10,165,0.515755085599197
raw_cell_8002_N,10000->20000,10,166,0.5180976569325507
raw_cell_8002_N,10000->20000,10,167,0.6546257098053848
raw_cell_8002_N,10000->20000,10,168,0.40275308381875763
raw_cell_8002_N,10000->20000,10,169,0.6278039723388171
raw_cell_8002_N,10000->20000,10,170,0.44162056494129415
raw_cell_8002_N,10000->20000,10,171,0.8932828621701832
raw_cell_8002_N,10000->20000,10,172,-0.05161172378894133
raw_cell_8002_N,10000->20000,10,173,0.3870454252116715
raw_cell_8002_N,10000->20000,10,174,0.5220853270085806
raw_cell_8002_N,10000->20000,10,175,-0.11217184595351817
raw_cell_8002_N,10000->20000,10,176,0.6975205240167703
raw_cell_8002_N,10000->20000,10,177,1.0204715595967837
raw_cell_8002_N,10000->20000,10,178,0.5155911210975865
raw_cell_8002_N,10000->20000,10,179,0.7566753631814157
raw_cell_8002_N,10000->20000,10,180,0.582016986956325
raw_cell_8002_N,10000->20000,10,181,0.46804194468829063
raw_cell_8002_N,10000->20000,10,182,0.3090218436742988
raw_cell_8002_N,10000->20000,10,183,0.7816369102619676
raw_cell_8002_N,10000->20000,10,184,0.7088815731819881
raw_cell_8002_N,10000->20000,10,185,0.6590813986454839
raw_cell_8002_N,10000->20000,10,186,0.588618199704497
raw_cell_8002_N,10000->20000,10,187,0.7431966511317876
raw_cell_8002_N,10000->20000,10,188,0.5389185842783849
raw_cell_8002_N,10000->20000,10,189,0.3450088391783425
raw_cell_8002_N,10000->20000,10,190,0.8194177200520597
raw_cell_8002_N,10000->20000,10,191,0.5759164210981572
raw_cell_8002_N,10000->20000,10,192,0.4426472804601741
raw_cell_8002_N,10000->20000,10,193,0.5837741652286522
raw_cell_8002_N,10000->20000,10,194,0.890681877722643
raw_cell_8002_N,10000->20000,10,195,0.49715613981811374
raw_cell_8002_N,10000->20000,10,196,0.44963793485250064
raw_cell_8002_N,10000->20000,10,197,0.5624160321679799
raw_cell_8002_N,10000->20000,10,198,0.4827261755375945
raw_cell_8002_N,10000->20000,10,199,0.502918178436868
raw_cell_5000_P_replication_partner,5000->10000,10,0,0.697825945991891
raw_cell_5000_P_replication_partner,5000->10000,10,1,0.024217952392016785
raw_cell_5000_P_replication_partner,5000->10000,10,2,0.7740003225612012
raw_cell_5000_P_replication_partner,5000->10000,10,3,-0.09679342974689407
raw_cell_5000_P_replication_partner,5000->10000,10,4,0.5487664532368617
raw_cell_5000_P_replication_partner,5000->10000,10,5,-0.0873489395691779
raw_cell_5000_P_replication_partner,5000->10000,10,6,1.1086191471485511
raw_cell_5000_P_replication_partner,5000->10000,10,7,0.3769465984044782
raw_cell_5000_P_replication_partner,5000->10000,10,8,0.35876516767287725
raw_cell_5000_P_replication_partner,5000->10000,10,9,0.4162714333380824
raw_cell_5000_P_replication_partner,5000->10000,10,10,0.4274820580330214
raw_cell_5000_P_replication_partner,5000->10000,10,11,0.08867565288865355
raw_cell_5000_P_replication_partner,5000->10000,10,12,0.5800454432396389
raw_cell_5000_P_replication_partner,5000->10000,10,13,0.3690527861208393
raw_cell_5000_P_replication_partner,5000->10000,10,14,0.43020578425269573
raw_cell_5000_P_replication_partner,5000->10000,10,15,0.2564563643015944
raw_cell_5000_P_replication_partner,5000->10000,10,16,0.02964857568266648
raw_cell_5000_P_replication_partner,5000->10000,10,17,0.31127177013461005
raw_cell_5000_P_replication_partner,5000->10000,10,18,0.2901641561144217
raw_cell_5000_P_replication_partner,5000->10000,10,19,0.4709386514922596
raw_cell_5000_P_replication_partner,5000->10000,10,20,0.33192861616961233
raw_cell_5000_P_replication_partner,5000->10000,10,21,0.5599134448386871
raw_cell_5000_P_replication_partner,5000->10000,10,22,0.5701299102699323
raw_cell_5000_P_replication_partner,5000->10000,10,23,0.747904675093648
raw_cell_5000_P_replication_partner,5000->10000,10,24,0.339780674707751
raw_cell_5000_P_replication_partner,5000->10000,10,25,0.17980773350487317
raw_cell_5000_P_replication_partner,5000->10000,10,26,0.38284037888111067
raw_cell_5000_P_replication_partner,5000->10000,10,27,1.27763039220509
raw_cell_5000_P_replication_partner,5000->10000,10,28,0.427469825058682
raw_cell_5000_P_replication_partner,5000->10000,10,29,1.1668166425719362
raw_cell_5000_P_replication_partner,5000->10000,10,30,0.6935083240633536
raw_cell_5000_P_replication_partner,5000->10000,10,31,0.5301394674931066
raw_cell_5000_P_replication_partner,5000->10000,10,32,0.7612149963440692
raw_cell_5000_P_replication_partner,5000->10000,10,33,0.27420297569357566
raw_cell_5000_P_replication_partner,5000->10000,10,34,0.2969555815089705
raw_cell_5000_P_replication_partner,5000->10000,10,35,0.19558363390367864
raw_cell_5000_P_replication_partner,5000->10000,10,36,0.7368123773911065
raw_cell_5000_P_replication_partner,5000->10000,10,37,-1.0391389897193304
raw_cell_5000_P_replication_partner,5000->10000,10,38,0.33622400170134464
raw_cell_5000_P_replication_partner,5000->10000,10,39,0.910145884917786
raw_cell_5000_P_replication_partner,5000->10000,10,40,0.6245734156635949
raw_cell_5000_P_replication_partner,5000->10000,10,41,0.2747696142702623
raw_cell_5000_P_replication_partner,5000->10000,10,42,0.9094516666120072
raw_cell_5000_P_replication_partner,5000->10000,10,43,0.3761053728654764
raw_cell_5000_P_replication_partner,5000->10000,10,44,0.30374190798423334
raw_cell_5000_P_replication_partner,5000->10000,10,45,-0.0745177383165996
raw_cell_5000_P_replication_partner,5000->10000,10,46,0.5433064012437655
raw_cell_5000_P_replication_partner,5000->10000,10,47,0.4068434040477448
raw_cell_5000_P_replication_partner,5000->10000,10,48,0.6555352420252653
raw_cell_5000_P_replication_partner,5000->10000,10,49,0.19847792677974163
raw_cell_5000_P_replication_partner,5000->10000,10,50,0.4112575715144245
raw_cell_5000_P_replication_partner,5000->10000,10,51,0.19702680628355332
raw_cell_5000_P_replication_partner,5000->10000,10,52,1.379150994495718
raw_cell_5000_P_replication_partner,5000->10000,10,53,0.42665526346986904
raw_cell_5000_P_replication_partner,5000->10000,10,54,0.6517386755685948
raw_cell_5000_P_replication_partner,5000->10000,10,55,0.7117553274333889
raw_cell_5000_P_replication_partner,5000->10000,10,56,1.1743166184121778
raw_cell_5000_P_replication_partner,5000->10000,10,57,0.042222287318419906
raw_cell_5000_P_replication_partner,5000->10000,10,58,0.518366466592522
raw_cell_5000_P_replication_partner,5000->10000,10,59,0.3915534800005331
raw_cell_5000_P_replication_partner,5000->10000,10,60,0.04204753864677595
raw_cell_5000_P_replication_partner,5000->10000,10,61,0.5906268795554833
raw_cell_5000_P_replication_partner,5000->10000,10,62,0.14719636435689568
raw_cell_5000_P_replication_partner,5000->10000,10,63,0.4974590814096151
raw_cell_5000_P_replication_partner,5000->10000,10,64,0.37925038791794696
raw_cell_5000_P_replication_partner,5000->10000,10,65,0.17600876783845976
raw_cell_5000_P_replication_partner,5000->10000,10,66,0.8165482555350385
raw_cell_5000_P_replication_partner,5000->10000,10,67,0.8408234132441584
raw_cell_5000_P_replication_partner,5000->10000,10,68,0.6504300633699039
raw_cell_5000_P_replication_partner,5000->10000,10,69,0.6166635396628909
raw_cell_5000_P_replication_partner,5000->10000,10,70,0.9867753518907441
raw_cell_5000_P_replication_partner,5000->10000,10,71,0.816143255283909
raw_cell_5000_P_replication_partner,5000->10000,10,72,0.575898315067945
raw_cell_5000_P_replication_partner,5000->10000,10,73,-0.38061276871550964
raw_cell_5000_P_replication_partner,5000->10000,10,74,0.4686316676030791
raw_cell_5000_P_replication_partner,5000->10000,10,75,0.6939621811628003
raw_cell_5000_P_replication_partner,5000->10000,10,76,0.2944914337011731
raw_cell_5000_P_replication_partner,5000->10000,10,77,0.3539055914567244
raw_cell_5000_P_replication_partner,5000->10000,10,78,0.773223143786529
raw_cell_5000_P_replication_partner,5000->10000,10,79,-0.024628713982924943
raw_cell_5000_P_replication_partner,5000->10000,10,80,0.2930652182875657
raw_cell_5000_P_replication_partner,5000->10000,10,81,0.350318978567405
raw_cell_5000_P_replication_partner,5000->10000,10,82,0.3381113207610778
raw_cell_5000_P_replication_partner,5000->10000,10,83,0.7246108154837672
raw_cell_5000_P_replication_partner,5000->10000,10,84,0.05021936591954957
raw_cell_5000_P_replication_partner,5000->10000,10,85,-0.28211275669436275
raw_cell_5000_P_replication_partner,5000->10000,10,86,0.8848796525115
raw_cell_5000_P_replication_partner,5000->10000,10,87,0.18575713495470186
raw_cell_5000_P_replication_partner,5000->10000,10,88,0.833645721325046
raw_cell_5000_P_replication_partner,5000->10000,10,89,0.6461099086447553
raw_cell_5000_P_replication_partner,5000->10000,10,90,0.594384964759863
raw_cell_5000_P_replication_partner,5000->10000,10,91,0.18678732891684965
raw_cell_5000_P_replication_partner,5000->10000,10,92,0.4238675964591073
raw_cell_5000_P_replication_partner,5000->10000,10,93,0.5834441538095126
raw_cell_5000_P_replication_partner,5000->10000,10,94,0.576015401997062
raw_cell_5000_P_replication_partner,5000->10000,10,95,0.26825421886535733
raw_cell_5000_P_replication_partner,5000->10000,10,96,0.7301350617750018
raw_cell_5000_P_replication_partner,5000->10000,10,97,0.3896330457151883
raw_cell_5000_P_replication_partner,5000->10000,10,98,0.6338774094640025
raw_cell_5000_P_replication_partner,5000->10000,10,99,0.6878633723149592
raw_cell_5000_P_replication_partner,5000->10000,10,100,0.6472220559824113
raw_cell_5000_P_replication_partner,5000->10000,10,101,0.5025021201701747
raw_cell_5000_P_replication_partner,5000->10000,10,102,0.6004891459625902
raw_cell_5000_P_replication_partner,5000->10000,10,103,0.28695810804448946
raw_cell_5000_P_replication_partner,5000->10000,10,104,0.6860065933589728
raw_cell_5000_P_replication_partner,5000->10000,10,105,0.11973827664577749
raw_cell_5000_P_replication_partner,5000->10000,10,106,0.8584623913162587
raw_cell_5000_P_replication_partner,5000->10000,10,107,0.42829083901919485
raw_cell_5000_P_replication_partner,5000->10000,10,108,-0.24525359700238147
raw_cell_5000_P_replication_partner,5000->10000,10,109,0.22241271436281712
raw_cell_5000_P_replication_partner,5000->10000,10,110,0.83618028087614
raw_cell_5000_P_replication_partner,5000->10000,10,111,0.626268746014976
raw_cell_5000_P_replication_partner,5000->10000,10,112,0.9294398445850456
raw_cell_5000_P_replication_partner,5000->10000,10,113,0.4168477752819036
raw_cell_5000_P_replication_partner,5000->10000,10,114,0.6613691849757937
raw_cell_5000_P_replication_partner,5000->10000,10,115,0.39162809171507984
raw_cell_5000_P_replication_partner,5000->10000,10,116,0.5959350965771605
raw_cell_5000_P_replication_partner,5000->10000,10,117,0.16727995014418895
raw_cell_5000_P_replication_partner,5000->10000,10,118,0.34118866756747784
raw_cell_5000_P_replication_partner,5000->10000,10,119,0.15289717481038734
raw_cell_5000_P_replication_partner,5000->10000,10,120,0.41162482592701366
raw_cell_5000_P_replication_partner,5000->10000,10,121,0.7620667792264746
raw_cell_5000_P_replication_partner,5000->10000,10,122,0.3352596590142298
raw_cell_5000_P_replication_partner,5000->10000,10,123,0.4098250734285424
raw_cell_5000_P_replication_partner,5000->10000,10,124,1.2261571678066363
raw_cell_5000_P_replication_partner,5000->10000,10,125,-0.09394897028980241
raw_cell_5000_P_replication_partner,5000->10000,10,126,0.5303417988565728
raw_cell_5000_P_replication_partner,5000->10000,10,127,0.7443478671763792
raw_cell_5000_P_replication_partner,5000->10000,10,128,0.5926127155611036
raw_cell_5000_P_replication_partner,5000->10000,10,129,0.735088843899182
raw_cell_5000_P_replication_partner,5000->10000,10,130,1.2182151496762683
raw_cell_5000_P_replication_partner,5000->10000,10,131,0.4137967011962762
raw_cell_5000_P_replication_partner,5000->10000,10,132,-0.014891107061156204
raw_cell_5000_P_replication_partner,5000->10000,10,133,0.6800783836655802
raw_cell_5000_P_replication_partner,5000->10000,10,134,0.6395301346507729
raw_cell_5000_P_replication_partner,5000->10000,10,135,0.4976821999261619
raw_cell_5000_P_replication_partner,5000->10000,10,136,0.29333024134235913
raw_cell_5000_P_replication_partner,5000->10000,10,137,0.16350035735096538
raw_cell_5000_P_replication_partner,5000->10000,10,138,0.29225534152060945
raw_cell_5000_P_replication_partner,5000->10000,10,139,0.30160948564218315
raw_cell_5000_P_replication_partner,5000->10000,10,140,0.26509178366198505
raw_cell_5000_P_replication_partner,5000->10000,10,141,0.46970949233428444
raw_cell_5000_P_replication_partner,5000->10000,10,142,-0.9943109583439829
raw_cell_5000_P_replication_partner,5000->10000,10,143,0.045920985899346616
raw_cell_5000_P_replication_partner,5000->10000,10,144,0.5472674467063321
raw_cell_5000_P_replication_partner,5000->10000,10,145,0.131244805554496
raw_cell_5000_P_replication_partner,5000->10000,10,146,0.4790362291188056
raw_cell_5000_P_replication_partner,5000->10000,10,147,0.5818769264236419
raw_cell_5000_P_replication_partner,5000->10000,10,148,1.2481209827852715
raw_cell_5000_P_replication_partner,5000->10000,10,149,0.47926747466076636
raw_cell_5000_P_replication_partner,5000->10000,10,150,0.47913815802614707
raw_cell_5000_P_replication_partner,5000->10000,10,151,1.195433310567944
raw_cell_5000_P_replication_partner,5000->10000,10,152,0.6125289956742928
raw_cell_5000_P_replication_partner,5000->10000,10,153,0.23041184765695144
raw_cell_5000_P_replication_partner,5000->10000,10,154,0.8296912852388656
raw_cell_5000_P_replication_partner,5000->10000,10,155,0.8835503571527298
raw_cell_5000_P_replication_partner,5000->10000,10,156,0.2292913526683389
raw_cell_5000_P_replication_partner,5000->10000,10,157,0.6862892525898312
raw_cell_5000_P_replication_partner,5000->10000,10,158,0.38301040076551995
raw_cell_5000_P_replication_partner,5000->10000,10,159,0.24641804570027157
raw_cell_5000_P_replication_partner,5000->10000,10,160,0.6355974954221519
raw_cell_5000_P_replication_partner,5000->10000,10,161,0.6814630701598926
raw_cell_5000_P_replication_partner,5000->10000,10,162,-0.09420713286325433
raw_cell_5000_P_replication_partner,5000->10000,10,163,0.6074224844393982
raw_cell_5000_P_replication_partner,5000->10000,10,164,0.09648663130445916
raw_cell_5000_P_replication_partner,5000->10000,10,165,0.5866984168632972
raw_cell_5000_P_replication_partner,5000->10000,10,166,-0.30071387960157864
raw_cell_5000_P_replication_partner,5000->10000,10,167,0.15598280878507562
raw_cell_5000_P_replication_partner,5000->10000,10,168,0.6504778057771802
raw_cell_5000_P_replication_partner,5000->10000,10,169,0.7145443008854393
raw_cell_5000_P_replication_partner,5000->10000,10,170,0.7622869686884267
raw_cell_5000_P_replication_partner,5000->10000,10,171,0.5166773458830782
raw_cell_5000_P_replication_partner,5000->10000,10,172,0.9244160999287355
raw_cell_5000_P_replication_partner,5000->10000,10,173,1.375990377641318
raw_cell_5000_P_replication_partner,5000->10000,10,174,0.8179100195226425
raw_cell_5000_P_replication_partner,5000->10000,10,175,0.5040677746760468
raw_cell_5000_P_replication_partner,5000->10000,10,176,0.519393701640893
raw_cell_5000_P_replication_partner,5000->10000,10,177,1.0102147568777013
raw_cell_5000_P_replication_partner,5000->10000,10,178,-0.4446071012756344
raw_cell_5000_P_replication_partner,5000->10000,10,179,0.6681967132671891
raw_cell_5000_P_replication_partner,5000->10000,10,180,0.7157363716159841
raw_cell_5000_P_replication_partner,5000->10000,10,181,0.20119329619814208
raw_cell_5000_P_replication_partner,5000->10000,10,182,-0.0248301093579535
raw_cell_5000_P_replication_partner,5000->10000,10,183,0.391721768201093
raw_cell_5000_P_replication_partner,5000->10000,10,184,0.3824844950069281
raw_cell_5000_P_replication_partner,5000->10000,10,185,1.680358734965252
raw_cell_5000_P_replication_partner,5000->10000,10,186,0.4436306793117417
raw_cell_5000_P_replication_partner,5000->10000,10,187,0.23000276099351247
raw_cell_5000_P_replication_partner,5000->10000,10,188,0.11598954011423182
raw_cell_5000_P_replication_partner,5000->10000,10,189,0.22242779044894942
raw_cell_5000_P_replication_partner,5000->10000,10,190,0.540173761360557
raw_cell_5000_P_replication_partner,5000->10000,10,191,0.5548566645791653
raw_cell_5000_P_replication_partner,5000->10000,10,192,0.9986140439167601
raw_cell_5000_P_replication_partner,5000->10000,10,193,0.9653768199027112
raw_cell_5000_P_replication_partner,5000->10000,10,194,0.2514800751315544
raw_cell_5000_P_replication_partner,5000->10000,10,195,0.5197472343782937
raw_cell_5000_P_replication_partner,5000->10000,10,196,0.33612650729546273
raw_cell_5000_P_replication_partner,5000->10000,10,197,0.2376248491501062
raw_cell_5000_P_replication_partner,5000->10000,10,198,0.42155640250277504
raw_cell_5000_P_replication_partner,5000->10000,10,199,0.13642013855809576
single_cell_alpha,5000->10000,17,0,1.4622860406784135
single_cell_alpha,5000->10000,17,1,0.3446555255269349
single_cell_alpha,5000->10000,17,2,-0.8423448601190834
single_cell_alpha,5000->10000,17,3,0.37835967125898856
single_cell_alpha,5000->10000,17,4,2.3463171535021887
single_cell_alpha,5000->10000,17,5,0.6004873695212462
single_cell_alpha,5000->10000,17,6,1.608042574306902
single_cell_alpha,5000->10000,17,7,0.20632752824943387
single_cell_alpha,5000->10000,17,8,-0.08833385512694386
single_cell_alpha,5000->10000,17,9,0.2248649837698935
single_cell_alpha,5000->10000,17,10,1.6978321655158808
single_cell_alpha,5000->10000,17,11,1.0196977601124113
single_cell_alpha,5000->10000,17,12,0.12050460678763415
single_cell_alpha,5000->10000,17,13,-0.9667934501889547
single_cell_alpha,5000->10000,17,14,-0.7730953633361285
single_cell_alpha,5000->10000,17,15,0.5944781655491096
single_cell_alpha,5000->10000,17,16,-0.10475190968166323
single_cell_alpha,5000->10000,17,17,2.3215113994648267
single_cell_alpha,5000->10000,17,18,1.280302352334891
single_cell_alpha,5000->10000,17,19,-0.3894776916471353
single_cell_alpha,5000->10000,17,20,-1.8625112258556737
single_cell_alpha,5000->10000,17,21,-0.8783988632120211
single_cell_alpha,5000->10000,17,22,0.5141308425468737
single_cell_alpha,5000->10000,17,23,0.47946767644984983
single_cell_alpha,5000->10000,17,24,-1.1404236904032392
single_cell_alpha,5000->10000,17,25,0.8780841016735313
single_cell_alpha,5000->10000,17,26,1.002382559187621
single_cell_alpha,5000->10000,17,27,0.5410960541217134
single_cell_alpha,5000->10000,17,28,1.943969161439627
single_cell_alpha,5000->10000,17,29,0.6278131170799564
single_cell_alpha,5000->10000,17,30,0.041390272051033274
single_cell_alpha,5000->10000,17,31,0.1958342895019204
single_cell_alpha,5000->10000,17,32,0.5809533556273797
single_cell_alpha,5000->10000,17,33,1.2338742879244144
single_cell_alpha,5000->10000,17,34,0.25815467312043805
single_cell_alpha,5000->10000,17,35,0.7917309819748187
single_cell_alpha,5000->10000,17,36,-0.31005251034951853
single_cell_alpha,5000->10000,17,37,0.6976764938241897
single_cell_alpha,5000->10000,17,38,-0.2650290601409054
single_cell_alpha,5000->10000,17,39,-1.1417383374316228
single_cell_alpha,5000->10000,17,40,1.7463015811108635
single_cell_alpha,5000->10000,17,41,2.205292961975381
single_cell_alpha,5000->10000,17,42,-0.16867323213763394
single_cell_alpha,5000->10000,17,43,-1.1568585696265914
single_cell_alpha,5000->10000,17,44,-0.28724353694080246
single_cell_alpha,5000->10000,17,45,-0.11700246558125106
single_cell_alpha,5000->10000,17,46,0.3024526074859288
single_cell_alpha,5000->10000,17,47,1.4991191764564327
single_cell_alpha,5000->10000,17,48,1.6558146026097205
single_cell_alpha,5000->10000,17,49,0.03619172827535825
single_cell_alpha,5000->10000,17,50,1.589616486138051
single_cell_alpha,5000->10000,17,51,0.831141135206204
single_cell_alpha,5000->10000,17,52,-0.5511428387171642
single_cell_alpha,5000->10000,17,53,0.6902020826285887
single_cell_alpha,5000->10000,17,54,-0.4890344206670592
single_cell_alpha,5000->10000,17,55,1.056928237677632
single_cell_alpha,5000->10000,17,56,-0.33904601192596756
single_cell_alpha,5000->10000,17,57,0.530348157317517
single_cell_alpha,5000->10000,17,58,1.4641369593184381
single_cell_alpha,5000->10000,17,59,2.1810444863466816
single_cell_alpha,5000->10000,17,60,-0.5489190534484095
single_cell_alpha,5000->10000,17,61,-1.9837525659916577
single_cell_alpha,5000->10000,17,62,-0.5228507718743639
single_cell_alpha,5000->10000,17,63,-0.9453754342907019
single_cell_alpha,5000->10000,17,64,-1.382788553515462
single_cell_alpha,5000->10000,17,65,0.8032214767439771
single_cell_alpha,5000->10000,17,66,1.9702202057865843
single_cell_alpha,5000->10000,17,67,1.1880953312599352
single_cell_alpha,5000->10000,17,68,0.6006427585068669
single_cell_alpha,5000->10000,17,69,1.1314058551711366
single_cell_alpha,5000->10000,17,70,1.134731806753473
single_cell_alpha,5000->10000,17,71,-0.5638120234761662
single_cell_alpha,5000->10000,17,72,-0.5564145264631942
single_cell_alpha,5000->10000,17,73,0.8710404933330709
single_cell_alpha,5000->10000,17,74,0.7579274521193103
single_cell_alpha,5000->10000,17,75,1.8509472139722702
single_cell_alpha,5000->10000,17,76,0.19532055664333467
single_cell_alpha,5000->10000,17,77,-1.3906246657840025
single_cell_alpha,5000->10000,17,78,0.5635463218521463
single_cell_alpha,5000->10000,17,79,0.46787523484252497
single_cell_alpha,5000->10000,17,80,-0.349793108168331
single_cell_alpha,5000->10000,17,81,1.220550574688402
single_cell_alpha,5000->10000,17,82,1.108868220019589
single_cell_alpha,5000->10000,17,83,1.8820725493102946
single_cell_alpha,5000->10000,17,84,-0.09022996886145908
single_cell_alpha,5000->10000,17,85,-0.6748943023410597
single_cell_alpha,5000->10000,17,86,-0.3139699227268642
single_cell_alpha,5000->10000,17,87,0.45823329611444996
single_cell_alpha,5000->10000,17,88,-0.10821482569909081
single_cell_alpha,5000->10000,17,89,0.4802176852764504
single_cell_alpha,5000->10000,17,90,0.266505942926632
single_cell_alpha,5000->10000,17,91,0.4849525997949755
single_cell_alpha,5000->10000,17,92,-2.6003836449033164
single_cell_alpha,5000->10000,17,93,0.10217217433526216
single_cell_alpha,5000->10000,17,94,0.7456082407918057
single_cell_alpha,5000->10000,17,95,0.6424863092087435
single_cell_alpha,5000->10000,17,96,1.7795488041622758
single_cell_alpha,5000->10000,17,97,1.0882974748130514
single_cell_alpha,5000->10000,17,98,-0.7005171883238437
single_cell_alpha,5000->10000,17,99,0.5987311635201555
single_cell_alpha,5000->10000,17,100,0.3475515953908071
single_cell_alpha,5000->10000,17,101,1.182891019047523
single_cell_alpha,5000->10000,17,102,-1.1456259314887116
single_cell_alpha,5000->10000,17,103,0.14526712049069998
single_cell_alpha,5000->10000,17,104,-0.04299533940324155
single_cell_alpha,5000->10000,17,105,0.09082810185284393
single_cell_alpha,5000->10000,17,106,2.18847813180469
single_cell_alpha,5000->10000,17,107,0.6844699167285403
single_cell_alpha,5000->10000,17,108,-0.3186135412310043
single_cell_alpha,5000->10000,17,109,1.235149385899214
single_cell_alpha,5000->10000,17,110,1.3093408593227693
single_cell_alpha,5000->10000,17,111,0.28447897284452767
single_cell_alpha,5000->10000,17,112,-0.44412510867517185
single_cell_alpha,5000->10000,17,113,-0.05567477376866346
single_cell_alpha,5000->10000,17,114,1.056181518990813
single_cell_alpha,5000->10000,17,115,-1.5829962306642136
single_cell_alpha,5000->10000,17,116,1.9226021236083997
single_cell_alpha,5000->10000,17,117,-0.2364810566630722
single_cell_alpha,5000->10000,17,118,-0.4835150893260831
single_cell_alpha,5000->10000,17,119,0.1167198994620063
single_cell_alpha,5000->10000,17,120,-0.4203820599728932
single_cell_alpha,5000->10000,17,121,1.5701397671768174
single_cell_alpha,5000->10000,17,122,0.19242831526610737
single_cell_alpha,5000->10000,17,123,-0.26259663486478646
single_cell_alpha,5000->10000,17,124,1.4022163086414987
single_cell_alpha,5000->10000,17,125,-0.4448116805382448
single_cell_alpha,5000->10000,17,126,0.7365965373676578
single_cell_alpha,5000->10000,17,127,1.947830678840858
single_cell_alpha,5000->10000,17,128,0.9435859766889931
single_cell_alpha,5000->10000,17,129,-0.1869148317907446
single_cell_alpha,5000->10000,17,130,1.3639578554837481
single_cell_alpha,5000->10000,17,131,-0.33010968931394025
single_cell_alpha,5000->10000,17,132,-0.42951830133894425
single_cell_alpha,5000->10000,17,133,-0.3168443113025646
single_cell_alpha,5000->10000,17,134,-1.717846110101089
single_cell_alpha,5000->10000,17,135,0.03677438484887952
single_cell_alpha,5000->10000,17,136,1.1470799702890708
single_cell_alpha,5000->10000,17,137,0.2690796971436903
single_cell_alpha,5000->10000,17,138,0.1959926480028826
single_cell_alpha,5000->10000,17,139,-1.2505270778452289
single_cell_alpha,5000->10000,17,140,-0.008061308870591767
single_cell_alpha,5000->10000,17,141,1.1067252275820887
single_cell_alpha,5000->10000,17,142,1.5166893393188845
single_cell_alpha,5000->10000,17,143,1.5399108750681378
single_cell_alpha,5000->10000,17,144,0.11754054482728742
single_cell_alpha,5000->10000,17,145,1.5786106148453272
single_cell_alpha,5000->10000,17,146,-0.17155759051134536
single_cell_alpha,5000->10000,17,147,0.7415127875179753
single_cell_alpha,5000->10000,17,148,1.283799743592723
single_cell_alpha,5000->10000,17,149,1.1594063705316007
single_cell_alpha,5000->10000,17,150,0.14634240021150874
single_cell_alpha,5000->10000,17,151,-0.9138749454065177
single_cell_alpha,5000->10000,17,152,-0.2280178200917806
single_cell_alpha,5000->10000,17,153,-0.2526085132044255
single_cell_alpha,5000->10000,17,154,0.12839536321489511
single_cell_alpha,5000->10000,17,155,-0.3463874957418497
single_cell_alpha,5000->10000,17,156,1.1682491377533413
single_cell_alpha,5000->10000,17,157,-0.11215370497939409
single_cell_alpha,5000->10000,17,158,1.9529216522304391
single_cell_alpha,5000->10000,17,159,2.674775871307149
single_cell_alpha,5000->10000,17,160,1.5993613471224093
single_cell_alpha,5000->10000,17,161,-1.7574788363355665
single_cell_alpha,5000->10000,17,162,0.4058003824023919
single_cell_alpha,5000->10000,17,163,0.40565994230267327
single_cell_alpha,5000->10000,17,164,0.3786930902936165
single_cell_alpha,5000->10000,17,165,0.42722218565454306
single_cell_alpha,5000->10000,17,166,1.144680927638084
single_cell_alpha,5000->10000,17,167,0.3773089725899228
single_cell_alpha,5000->10000,17,168,0.2715921861813826
single_cell_alpha,5000->10000,17,169,0.540279639382412
single_cell_alpha,5000->10000,17,170,-1.6350453148976694
single_cell_alpha,5000->10000,17,171,1.7595960785223188
single_cell_alpha,5000->10000,17,172,0.903729716228039
single_cell_alpha,5000->10000,17,173,-0.2585527397204292
single_cell_alpha,5000->10000,17,174,1.9604523418722244
single_cell_alpha,5000->10000,17,175,-0.0828297623704606
single_cell_alpha,5000->10000,17,176,0.7989426273577285
single_cell_alpha,5000->10000,17,177,-0.8349461445491949
single_cell_alpha,5000->10000,17,178,3.8562326063926324
single_cell_alpha,5000->10000,17,179,-0.7765961263336957
single_cell_alpha,5000->10000,17,180,1.0214391138033534
single_cell_alpha,5000->10000,17,181,0.7449503710828798
single_cell_alpha,5000->10000,17,182,0.9762217669543898
single_cell_alpha,5000->10000,17,183,0.12435160527917007
single_cell_alpha,5000->10000,17,184,2.278863405172952
single_cell_alpha,5000->10000,17,185,-0.3939811839319326
single_cell_alpha,5000->10000,17,186,-0.7430058395115404
single_cell_alpha,5000->10000,17,187,-2.190412086400367
single_cell_alpha,5000->10000,17,188,1.224918086021209
single_cell_alpha,5000->10000,17,189,-0.2434485241924018
single_cell_alpha,5000->10000,17,190,-0.012570791111079744
single_cell_alpha,5000->10000,17,191,1.3430297523066235
single_cell_alpha,5000->10000,17,192,0.26403323866020967
single_cell_alpha,5000->10000,17,193,0.6422062478161497
single_cell_alpha,5000->10000,17,194,0.8454170012182941
single_cell_alpha,5000->10000,17,195,1.5540855960438278
single_cell_alpha,5000->10000,17,196,0.12926268208022554
single_cell_alpha,5000->10000,17,197,-1.577373306411278
single_cell_alpha,5000->10000,17,198,-0.5817967166438913
single_cell_alpha,5000->10000,17,199,-0.04608107379872282
regime_main_effect,mixed,17,0,0.6752022192785613
regime_main_effect,mixed,17,1,2.4567353721798466
regime_main_effect,mixed,17,2,-1.2538180249510238
regime_main_effect,mixed,17,3,-1.4101622475496818
regime_main_effect,mixed,17,4,-0.1162183233546612
regime_main_effect,mixed,17,5,0.9725113142847635
regime_main_effect,mixed,17,6,-0.3353308291168118
regime_main_effect,mixed,17,7,-0.8041166379334177
regime_main_effect,mixed,17,8,0.5901755218901645
regime_main_effect,mixed,17,9,0.27945992722382185
regime_main_effect,mixed,17,10,0.35030827224268357
regime_main_effect,mixed,17,11,1.4372314797539032
regime_main_effect,mixed,17,12,-1.6516419756099645
regime_main_effect,mixed,17,13,-1.001895198485504
regime_main_effect,mixed,17,14,-2.2932354127855916
regime_main_effect,mixed,17,15,-0.2639922264581611
regime_main_effect,mixed,17,16,-0.5373492282275854
regime_main_effect,mixed,17,17,0.7699008559675411
regime_main_effect,mixed,17,18,0.04674517292254465
regime_main_effect,mixed,17,19,-1.5830231740946572
regime_main_effect,mixed,17,20,-0.6918350853567028
regime_main_effect,mixed,17,21,-1.026722321716673
regime_main_effect,mixed,17,22,0.6536499797332601
regime_main_effect,mixed,17,23,0.8042150804364332
regime_main_effect,mixed,17,24,-0.44895603211560087
regime_main_effect,mixed,17,25,-0.16891895607793495
regime_main_effect,mixed,17,26,-0.9191811122817779
regime_main_effect,mixed,17,27,-0.940885058709237
regime_main_effect,mixed,17,28,-0.09089538920527804
regime_main_effect,mixed,17,29,-1.705205504045153
regime_main_effect,mixed,17,30,-0.5969830605721357
regime_main_effect,mixed,17,31,-0.16424328190542364
regime_main_effect,mixed,17,32,0.5969390766211342
regime_main_effect,mixed,17,33,1.0403619953417622
regime_main_effect,mixed,17,34,0.1565288408331964
regime_main_effect,mixed,17,35,-0.08027885817714653
regime_main_effect,mixed,17,36,-1.4673651002047912
regime_main_effect,mixed,17,37,0.7372479241511147
regime_main_effect,mixed,17,38,-0.33073657321809113
regime_main_effect,mixed,17,39,-1.1184929429279902
regime_main_effect,mixed,17,40,0.018092865218968246
regime_main_effect,mixed,17,41,0.5196593059325907
regime_main_effect,mixed,17,42,0.2453821473967256
regime_main_effect,mixed,17,43,-1.4826938104305847
regime_main_effect,mixed,17,44,0.2565870048252865
regime_main_effect,mixed,17,45,0.528571135048557
regime_main_effect,mixed,17,46,-0.2604890928621758
regime_main_effect,mixed,17,47,0.8973431769022179
regime_main_effect,mixed,17,48,1.0796065974245248
regime_main_effect,mixed,17,49,0.6998578251802338
regime_main_effect,mixed,17,50,1.4138457935653945
regime_main_effect,mixed,17,51,-0.42972719384326497
regime_main_effect,mixed,17,52,-0.9785275632099671
regime_main_effect,mixed,17,53,-0.30494711112627904
regime_main_effect,mixed,17,54,-0.5616922170443037
regime_main_effect,mixed,17,55,-0.32319261281334943
regime_main_effect,mixed,17,56,-0.2469190786844185
regime_main_effect,mixed,17,57,0.12639172950785033
regime_main_effect,mixed,17,58,1.24277915169111
regime_main_effect,mixed,17,59,0.0003344794161486142
regime_main_effect,mixed,17,60,-0.3312507730418658
regime_main_effect,mixed,17,61,-1.188871597508413
regime_main_effect,mixed,17,62,-0.8678980595027325
regime_main_effect,mixed,17,63,-0.21154584139397203
regime_main_effect,mixed,17,64,-1.4921181185129326
regime_main_effect,mixed,17,65,1.2668762592823393
regime_main_effect,mixed,17,66,0.42416012522492386
regime_main_effect,mixed,17,67,-0.8092429727947006
regime_main_effect,mixed,17,68,-0.20193718348119816
regime_main_effect,mixed,17,69,1.758845335183353
regime_main_effect,mixed,17,70,1.1720223763181972
regime_main_effect,mixed,17,71,-0.2870241269935965
regime_main_effect,mixed,17,72,-0.9789052265358743
regime_main_effect,mixed,17,73,0.46359782049672577
regime_main_effect,mixed,17,74,-0.4930456276969755
regime_main_effect,mixed,17,75,2.253022530978311
regime_main_effect,mixed,17,76,-0.43090093408050645
regime_main_effect,mixed,17,77,-1.6984009440354286
regime_main_effect,mixed,17,78,0.8723692978175992
regime_main_effect,mixed,17,79,0.23088958049918237
regime_main_effect,mixed,17,80,0.6800799215406228
regime_main_effect,mixed,17,81,0.17477456337577657
regime_main_effect,mixed,17,82,-0.038096614821286456
regime_main_effect,mixed,17,83,0.036839318993023173
regime_main_effect,mixed,17,84,-0.9108350729052586
regime_main_effect,mixed,17,85,-1.0893608254775038
regime_main_effect,mixed,17,86,0.604707041930636
regime_main_effect,mixed,17,87,-0.45523756628900636
regime_main_effect,mixed,17,88,-0.08601516234685178
regime_main_effect,mixed,17,89,1.2529369059924176
regime_main_effect,mixed,17,90,-0.18678016683466137
regime_main_effect,mixed,17,91,1.618277679937315
regime_main_effect,mixed,17,92,-1.0784414815025989
regime_main_effect,mixed,17,93,-0.15691219314880045
regime_main_effect,mixed,17,94,0.6595925490772031
regime_main_effect,mixed,17,95,0.8011843835971666
regime_main_effect,mixed,17,96,-0.14785322584309735
regime_main_effect,mixed,17,97,0.6677705618633443
regime_main_effect,mixed,17,98,0.11886233983195185
regime_main_effect,mixed,17,99,0.6094087795019525
regime_main_effect,mixed,17,100,0.8744963434465829
regime_main_effect,mixed,17,101,0.7131548847144135
regime_main_effect,mixed,17,102,-1.8225486637255814
regime_main_effect,mixed,17,103,0.8587255056473683
regime_main_effect,mixed,17,104,0.09681913802111397
regime_main_effect,mixed,17,105,0.07106322777428695
regime_main_effect,mixed,17,106,0.24844417869964786
regime_main_effect,mixed,17,107,-0.502522728288645
regime_main_effect,mixed,17,108,-0.0596332190003146
regime_main_effect,mixed,17,109,0.641002286329764
regime_main_effect,mixed,17,110,0.389419541236082
regime_main_effect,mixed,17,111,-0.08603930708635965
regime_main_effect,mixed,17,112,-0.4810822187555581
regime_main_effect,mixed,17,113,0.13060481251847522
regime_main_effect,mixed,17,114,0.8506305735193782
regime_main_effect,mixed,17,115,-0.013690224943778695
regime_main_effect,mixed,17,116,0.18095117943654948
regime_main_effect,mixed,17,117,-0.89655909200068
regime_main_effect,mixed,17,118,0.023100072823265816
regime_main_effect,mixed,17,119,-0.6957886537869535
regime_main_effect,mixed,17,120,-0.7271205520309376
regime_main_effect,mixed,17,121,1.5509823264806852
regime_main_effect,mixed,17,122,-0.7648742124057377
regime_main_effect,mixed,17,123,-0.23358173121364645
regime_main_effect,mixed,17,124,-0.2073977288183746
regime_main_effect,mixed,17,125,-0.016743677496130704
regime_main_effect,mixed,17,126,0.011053319224922822
regime_main_effect,mixed,17,127,0.9981468771231604
regime_main_effect,mixed,17,128,-0.7194957233471996
regime_main_effect,mixed,17,129,-0.9975848608782607
regime_main_effect,mixed,17,130,-1.380705280465727
regime_main_effect,mixed,17,131,-1.599954690105474
regime_main_effect,mixed,17,132,-2.467458818177133
regime_main_effect,mixed,17,133,0.3484839485227808
regime_main_effect,mixed,17,134,-0.5291151280856415
regime_main_effect,mixed,17,135,-0.8875516515547428
regime_main_effect,mixed,17,136,0.6980740676915886
regime_main_effect,mixed,17,137,-0.818601010206221
regime_main_effect,mixed,17,138,-0.6018287610732664
regime_main_effect,mixed,17,139,-0.8104888014059108
regime_main_effect,mixed,17,140,0.22024789704371261
regime_main_effect,mixed,17,141,0.3629109588350287
regime_main_effect,mixed,17,142,0.5576297927066131
regime_main_effect,mixed,17,143,-0.08279703569173391
regime_main_effect,mixed,17,144,-1.0257204097041546
regime_main_effect,mixed,17,145,-0.012727552779296936
regime_main_effect,mixed,17,146,-1.2764822206352504
regime_main_effect,mixed,17,147,0.3179338789440035
regime_main_effect,mixed,17,148,0.6912355597349559
regime_main_effect,mixed,17,149,0.24843206516592686
regime_main_effect,mixed,17,150,-1.2222452628912885
regime_main_effect,mixed,17,151,-0.4360879699087265
regime_main_effect,mixed,17,152,-0.7251058028372909
regime_main_effect,mixed,17,153,-1.049850481385725
regime_main_effect,mixed,17,154,-0.9873646963992617
regime_main_effect,mixed,17,155,-0.16175125839278404
regime_main_effect,mixed,17,156,1.342560044721679
regime_main_effect,mixed,17,157,-0.8205388594834768
regime_main_effect,mixed,17,158,1.7549524312991198
regime_main_effect,mixed,17,159,1.4056754736838175
regime_main_effect,mixed,17,160,1.2434192740402144
regime_main_effect,mixed,17,161,-1.254690819431734
regime_main_effect,mixed,17,162,-0.4056551308002216
regime_main_effect,mixed,17,163,0.14961816953299367
regime_main_effect,mixed,17,164,-0.3802424560740204
regime_main_effect,mixed,17,165,0.5843301261527749
regime_main_effect,mixed,17,166,0.17291784185073866
regime_main_effect,mixed,17,167,0.2770125848056255
regime_main_effect,mixed,17,168,0.07796914997252247
regime_main_effect,mixed,17,169,0.4476565101362264
regime_main_effect,mixed,17,170,-1.1374682487830252
regime_main_effect,mixed,17,171,-0.5713077483674422
regime_main_effect,mixed,17,172,-0.2654085147259061
regime_main_effect,mixed,17,173,0.7925227082832659
regime_main_effect,mixed,17,174,1.5297069022417717
regime_main_effect,mixed,17,175,1.6780981579818546
regime_main_effect,mixed,17,176,-1.9853843672652858
regime_main_effect,mixed,17,177,-1.5920249514311164
regime_main_effect,mixed,17,178,2.053295319519137
regime_main_effect,mixed,17,179,-1.9485841061595348
regime_main_effect,mixed,17,180,0.3961105314916035
regime_main_effect,mixed,17,181,-0.2015245398161347
regime_main_effect,mixed,17,182,-0.5478429542630491
regime_main_effect,mixed,17,183,-0.5227386873818416
regime_main_effect,mixed,17,184,0.06961244695025717
regime_main_effect,mixed,17,185,-0.5311086214129555
regime_main_effect,mixed,17,186,-0.5165547999699591
regime_main_effect,mixed,17,187,-1.7453571685010862
regime_main_effect,mixed,17,188,-0.36382806632650844
regime_main_effect,mixed,17,189,0.8675970830035729
regime_main_effect,mixed,17,190,0.6547790066554983
regime_main_effect,mixed,17,191,0.9327407496232516
regime_main_effect,mixed,17,192,1.5633520909782257
regime_main_effect,mixed,17,193,0.33511439573260493
regime_main_effect,mixed,17,194,0.2749168473850172
regime_main_effect,mixed,17,195,0.20928650937417115
regime_main_effect,mixed,17,196,0.8971222320307825
regime_main_effect,mixed,17,197,-1.2276943924181074
regime_main_effect,mixed,17,198,-0.5118521948991517
regime_main_effect,mixed,17,199,0.03860695564861372
shard_main_effect,mixed,17,0,1.3664077873988165
shard_main_effect,mixed,17,1,-2.1087943234789694
shard_main_effect,mixed,17,2,0.8791090168804572
shard_main_effect,mixed,17,3,-1.0106374916791414
shard_main_effect,mixed,17,4,0.8813677011971977
shard_main_effect,mixed,17,5,-0.27580983634916134
shard_main_effect,mixed,17,6,0.6550747738667978
shard_main_effect,mixed,17,7,0.6275864102517232
shard_main_effect,mixed,17,8,-0.06494597959303758
shard_main_effect,mixed,17,9,0.12125244270387597
shard_main_effect,mixed,17,10,-0.2985308732138945
shard_main_effect,mixed,17,11,0.32372400453489414
shard_main_effect,mixed,17,12,-0.36056968647657883
shard_main_effect,mixed,17,13,0.06741853228059935
shard_main_effect,mixed,17,14,-0.27368064763275957
shard_main_effect,mixed,17,15,0.8639346632074454
shard_main_effect,mixed,17,16,0.5156296666276563
shard_main_effect,mixed,17,17,0.2219475022399635
shard_main_effect,mixed,17,18,0.6957502345710364
shard_main_effect,mixed,17,19,0.7523003683574161
shard_main_effect,mixed,17,20,-0.29652521133941356
shard_main_effect,mixed,17,21,-0.520721488288167
shard_main_effect,mixed,17,22,-1.1168695284409762
shard_main_effect,mixed,17,23,0.14846658706010055
shard_main_effect,mixed,17,24,-0.9771062367328807
shard_main_effect,mixed,17,25,0.31146428321095465
shard_main_effect,mixed,17,26,0.5498094569868024
shard_main_effect,mixed,17,27,0.8219194079306986
shard_main_effect,mixed,17,28,1.767546844356274
shard_main_effect,mixed,17,29,1.1047530064841604
shard_main_effect,mixed,17,30,-1.2248373652759925
shard_main_effect,mixed,17,31,-0.21278118411169203
shard_main_effect,mixed,17,32,0.21252213186185714
shard_main_effect,mixed,17,33,-0.4766110460965458
shard_main_effect,mixed,17,34,0.028792256101069835
shard_main_effect,mixed,17,35,0.21600856122374607
shard_main_effect,mixed,17,36,-1.078111394947407
shard_main_effect,mixed,17,37,0.8339651317683656
shard_main_effect,mixed,17,38,0.5890231100841019
shard_main_effect,mixed,17,39,-0.671025314562132
shard_main_effect,mixed,17,40,-0.9439733088462265
shard_main_effect,mixed,17,41,2.3841676775619254
shard_main_effect,mixed,17,42,-0.8142686842909963
shard_main_effect,mixed,17,43,-0.8380146334051642
shard_main_effect,mixed,17,44,-1.1260808921547056
shard_main_effect,mixed,17,45,-0.2048086176974646
shard_main_effect,mixed,17,46,-0.0811394755862046
shard_main_effect,mixed,17,47,1.9370350399202376
shard_main_effect,mixed,17,48,0.11313362722195519
shard_main_effect,mixed,17,49,0.6474405774043801
shard_main_effect,mixed,17,50,1.183066018011931
shard_main_effect,mixed,17,51,1.0890086396105298
shard_main_effect,mixed,17,52,0.5322110868463564
shard_main_effect,mixed,17,53,1.08516445744467
shard_main_effect,mixed,17,54,0.6674045497098533
shard_main_effect,mixed,17,55,1.6566260410589215
shard_main_effect,mixed,17,56,1.4598259064117611
shard_main_effect,mixed,17,57,-0.3192200013772894
shard_main_effect,mixed,17,58,0.9783271724990761
shard_main_effect,mixed,17,59,1.8470941796479372
shard_main_effect,mixed,17,60,-0.33975268397959224
shard_main_effect,mixed,17,61,-2.0250176686341765
shard_main_effect,mixed,17,62,-0.17708583373256806
shard_main_effect,mixed,17,63,-0.08419103412939177
shard_main_effect,mixed,17,64,-0.6020398849699169
shard_main_effect,mixed,17,65,0.281037035762954
shard_main_effect,mixed,17,66,0.3929355187859591
shard_main_effect,mixed,17,67,0.045241370663752
shard_main_effect,mixed,17,68,0.7545705454417819
shard_main_effect,mixed,17,69,1.0783590913800571
shard_main_effect,mixed,17,70,-0.5873835965440821
shard_main_effect,mixed,17,71,-1.2151044918450202
shard_main_effect,mixed,17,72,0.47786436352916745
shard_main_effect,mixed,17,73,1.1437614959207234
shard_main_effect,mixed,17,74,0.15590050811917122
shard_main_effect,mixed,17,75,0.5523426784132763
shard_main_effect,mixed,17,76,-1.907801692440452
shard_main_effect,mixed,17,77,-0.3206441749854694
shard_main_effect,mixed,17,78,1.5648793907297212
shard_main_effect,mixed,17,79,0.9953879564468182
shard_main_effect,mixed,17,80,-0.692376951867667
shard_main_effect,mixed,17,81,1.0043948412765709
shard_main_effect,mixed,17,82,0.9517747709647957
shard_main_effect,mixed,17,83,-0.5008969753005473
shard_main_effect,mixed,17,84,0.10489567454102464
shard_main_effect,mixed,17,85,-1.8070863603627383
shard_main_effect,mixed,17,86,-1.1669250751555762
shard_main_effect,mixed,17,87,-0.16300687974524564
shard_main_effect,mixed,17,88,-0.3982616596037675
shard_main_effect,mixed,17,89,-0.23332501254497684
shard_main_effect,mixed,17,90,0.05922442331055988
shard_main_effect,mixed,17,91,-1.133130529289327
shard_main_effect,mixed,17,92,-0.7350042908081146
shard_main_effect,mixed,17,93,0.7088890269171526
shard_main_effect,mixed,17,94,0.5915493153909049
shard_main_effect,mixed,17,95,-0.35490470863091284
shard_main_effect,mixed,17,96,1.3052838920706293
shard_main_effect,mixed,17,97,0.22410859782060066
shard_main_effect,mixed,17,98,-0.4128383926974366
shard_main_effect,mixed,17,99,0.5439296302101475
shard_main_effect,mixed,17,100,0.031671265691693484
shard_main_effect,mixed,17,101,0.06313750030922927
shard_main_effect,mixed,17,102,-0.22490003493709587
shard_main_effect,mixed,17,103,-0.7203906314797615
shard_main_effect,mixed,17,104,-1.194848115465554
shard_main_effect,mixed,17,105,0.05042207079855278
shard_main_effect,mixed,17,106,0.16571923630806884
shard_main_effect,mixed,17,107,0.43241234809663914
shard_main_effect,mixed,17,108,-1.1818240722600244
shard_main_effect,mixed,17,109,0.6698307949283514
shard_main_effect,mixed,17,110,0.266169975920591
shard_main_effect,mixed,17,111,-0.6628847773742716
shard_main_effect,mixed,17,112,-0.4451686936325191
shard_main_effect,mixed,17,113,-1.0933185673436006
shard_main_effect,mixed,17,114,1.1030115552964566
shard_main_effect,mixed,17,115,-1.3843125457609635
shard_main_effect,mixed,17,116,0.8507760291082898
shard_main_effect,mixed,17,117,-0.5826741164933055
shard_main_effect,mixed,17,118,-1.3880377204884833
shard_main_effect,mixed,17,119,-0.437749811398705
shard_main_effect,mixed,17,120,-0.15073607288084612
shard_main_effect,mixed,17,121,0.4134658999314459
shard_main_effect,mixed,17,122,1.0776444895563113
shard_main_effect,mixed,17,123,-1.2717089870911669
shard_main_effect,mixed,17,124,0.7200242803260655
shard_main_effect,mixed,17,125,-1.7726160124855554
shard_main_effect,mixed,17,126,0.8961912430649557
shard_main_effect,mixed,17,127,-0.48754874212295674
shard_main_effect,mixed,17,128,1.6080880275421419
shard_main_effect,mixed,17,129,0.5406673394127057
shard_main_effect,mixed,17,130,1.7004757044225642
shard_main_effect,mixed,17,131,0.5468856675931384
shard_main_effect,mixed,17,132,-0.6887248562397349
shard_main_effect,mixed,17,133,-0.5808873869853447
shard_main_effect,mixed,17,134,-0.40700794843809357
shard_main_effect,mixed,17,135,-0.07545230426120675
shard_main_effect,mixed,17,136,-0.08493612266827211
shard_main_effect,mixed,17,137,-0.1597742797086008
shard_main_effect,mixed,17,138,-0.42364817509730085
shard_main_effect,mixed,17,139,0.23728130611263887
shard_main_effect,mixed,17,140,0.8971382025179078
shard_main_effect,mixed,17,141,0.7609341219629877
shard_main_effect,mixed,17,142,1.0974710938690646
shard_main_effect,mixed,17,143,0.8583365278764765
shard_main_effect,mixed,17,144,2.0995161030775673
shard_main_effect,mixed,17,145,0.47850493411327566
shard_main_effect,mixed,17,146,-0.7928732554459003
shard_main_effect,mixed,17,147,-1.9221349634072824
shard_main_effect,mixed,17,148,-0.7405090121127743
shard_main_effect,mixed,17,149,0.5486590083555501
shard_main_effect,mixed,17,150,-0.9032069100491759
shard_main_effect,mixed,17,151,-0.7915671212260634
shard_main_effect,mixed,17,152,-1.0558865800080504
shard_main_effect,mixed,17,153,-0.7768187566425255
shard_main_effect,mixed,17,154,0.7062805585572081
shard_main_effect,mixed,17,155,-1.0315778296068099
shard_main_effect,mixed,17,156,-0.9766286269805337
shard_main_effect,mixed,17,157,0.32009735344949064
shard_main_effect,mixed,17,158,0.1135410797995351
shard_main_effect,mixed,17,159,1.7760995966140292
shard_main_effect,mixed,17,160,1.2898837660198403
shard_main_effect,mixed,17,161,-0.4224966249284392
shard_main_effect,mixed,17,162,0.9916130329977564
shard_main_effect,mixed,17,163,-0.046452917030148255
shard_main_effect,mixed,17,164,-0.08725653257685617
shard_main_effect,mixed,17,165,-0.44002995499515274
shard_main_effect,mixed,17,166,-0.6078080939334869
shard_main_effect,mixed,17,167,-0.3899627345275446
shard_main_effect,mixed,17,168,0.5202226233885906
shard_main_effect,mixed,17,169,-0.9118052498991243
shard_main_effect,mixed,17,170,-1.0991122444793926
shard_main_effect,mixed,17,171,0.17096971221160673
shard_main_effect,mixed,17,172,1.8011604314641756
shard_main_effect,mixed,17,173,-0.8745643726933562
shard_main_effect,mixed,17,174,1.3586588640346042
shard_main_effect,mixed,17,175,0.0797834403969071
shard_main_effect,mixed,17,176,1.8341070235677424
shard_main_effect,mixed,17,177,-1.5202086887191812
shard_main_effect,mixed,17,178,1.7239693187942735
shard_main_effect,mixed,17,179,-0.3705637717707078
shard_main_effect,mixed,17,180,-0.157456916724787
shard_main_effect,mixed,17,181,0.5400521405242134
shard_main_effect,mixed,17,182,1.4933333049174298
shard_main_effect,mixed,17,183,-1.6341528937562995
shard_main_effect,mixed,17,184,1.9326123393802477
shard_main_effect,mixed,17,185,-0.8302459110758216
shard_main_effect,mixed,17,186,-1.3576938726763914
shard_main_effect,mixed,17,187,-1.5053151856865103
shard_main_effect,mixed,17,188,0.5407515028865879
shard_main_effect,mixed,17,189,-1.340452089095703
shard_main_effect,mixed,17,190,-0.05205192326009367
shard_main_effect,mixed,17,191,1.105661521255638
shard_main_effect,mixed,17,192,-0.15671700994059423
shard_main_effect,mixed,17,193,0.32330708405650344
shard_main_effect,mixed,17,194,-1.0438667299207747
shard_main_effect,mixed,17,195,0.38319177942739396
shard_main_effect,mixed,17,196,-1.3972383526130496
shard_main_effect,mixed,17,197,-0.820396192816889
shard_main_effect,mixed,17,198,-1.2255998373631714
shard_main_effect,mixed,17,199,-0.2641636339002327
interaction,mixed,17,0,2.3562981689223177
interaction,mixed,17,1,-2.0379482863429166
interaction,mixed,17,2,-2.5174667302180933
interaction,mixed,17,3,1.4114906323790146
interaction,mixed,17,4,2.359304462481384
interaction,mixed,17,5,-0.7534544361261934
interaction,mixed,17,6,1.024288326078083
interaction,mixed,17,7,0.08651500211219987
interaction,mixed,17,8,-1.296433242865108
interaction,mixed,17,9,-1.0134681822477292
interaction,mixed,17,10,1.9123282180874515
interaction,mixed,17,11,-1.173624995808477
interaction,mixed,17,12,2.112708028988315
interaction,mixed,17,13,-4.159327983459958
interaction,mixed,17,14,-1.2702018293223878
interaction,mixed,17,15,-2.3933865531374154
interaction,mixed,17,16,-2.6165135948011025
interaction,mixed,17,17,0.9749837728220265
interaction,mixed,17,18,2.9455458922854874
interaction,mixed,17,19,-0.24474195175217206
interaction,mixed,17,20,-4.966834018740651
interaction,mixed,17,21,-0.6740990464539061
interaction,mixed,17,22,0.7879667526519271
interaction,mixed,17,23,0.34303825928581266
interaction,mixed,17,24,-2.187868069812758
interaction,mixed,17,25,0.2927592005973181
interaction,mixed,17,26,2.7415888569821516
interaction,mixed,17,27,-3.2837300281568664
interaction,mixed,17,28,5.029223372050848
interaction,mixed,17,29,0.14603035259090125
interaction,mixed,17,30,0.11041102098446243
interaction,mixed,17,31,0.39647603154182437
interaction,mixed,17,32,-0.5907170765382761
interaction,mixed,17,33,2.5896835796060405
interaction,mixed,17,34,-0.583435756462396
interaction,mixed,17,35,1.1891023060284505
interaction,mixed,17,36,3.4113897646360347
interaction,mixed,17,37,1.5834683008597006
interaction,mixed,17,38,1.182289308309202
interaction,mixed,17,39,-0.6011857096405404
interaction,mixed,17,40,4.479597584740851
interaction,mixed,17,41,-0.7474742587979819
interaction,mixed,17,42,-1.7944240036957473
interaction,mixed,17,43,-1.7670234237842974
interaction,mixed,17,44,0.4109666955814127
interaction,mixed,17,45,-3.212410539684188
interaction,mixed,17,46,3.0115215788817427
interaction,mixed,17,47,-1.0999346513878103
interaction,mixed,17,48,2.970609528521156
interaction,mixed,17,49,-1.5381733639158428
interaction,mixed,17,50,-1.1448921671512862
interaction,mixed,17,51,1.0619063769000507
interaction,mixed,17,52,-1.5957179365454646
interaction,mixed,17,53,1.0108664864800232
interaction,mixed,17,54,-2.6832874136118345
interaction,mixed,17,55,-0.419691601781137
interaction,mixed,17,56,-4.2792966545704125
interaction,mixed,17,57,2.4517647556964457
interaction,mixed,17,58,1.2755472441920903
interaction,mixed,17,59,0.32406652495341604
interaction,mixed,17,60,0.6918386823141794
interaction,mixed,17,61,-3.1152792806588776
interaction,mixed,17,62,0.3194962786331872
interaction,mixed,17,63,-1.3410383889599442
interaction,mixed,17,64,-1.5267195107684084
interaction,mixed,17,65,0.19579816061327326
interaction,mixed,17,66,1.371576026763989
interaction,mixed,17,67,4.694867666989506
interaction,mixed,17,68,-1.3510006693204841
interaction,mixed,17,69,-1.5113740636917505
interaction,mixed,17,70,1.6093712746022215
interaction,mixed,17,71,2.1165534337053304
interaction,mixed,17,72,0.3443116743255977
interaction,mixed,17,73,1.23848161814703
interaction,mixed,17,74,1.391359929383234
interaction,mixed,17,75,-1.427322108041176
interaction,mixed,17,76,3.8789871137201994
interaction,mixed,17,77,-1.5886891239144214
interaction,mixed,17,78,-1.5867603657624558
interaction,mixed,17,79,-0.5620342321881551
interaction,mixed,17,80,-1.813876812602803
interaction,mixed,17,81,0.9118012449149062
interaction,mixed,17,82,-0.19758598083868428
interaction,mixed,17,83,3.4635593199182404
interaction,mixed,17,84,0.35154216584280984
interaction,mixed,17,85,1.0534508251879409
interaction,mixed,17,86,1.0297061110846755
interaction,mixed,17,87,1.6615217752282627
interaction,mixed,17,88,-0.21794474968023042
interaction,mixed,17,89,-2.9686696751894237
interaction,mixed,17,90,-2.580921755464144
interaction,mixed,17,91,-2.6874250304854423
interaction,mixed,17,92,-3.9177757415158903
interaction,mixed,17,93,-2.025937012298285
interaction,mixed,17,94,-2.188606995842261
interaction,mixed,17,95,-0.7511939303694724
interaction,mixed,17,96,1.479795252164018
interaction,mixed,17,97,-0.32811970946796565
interaction,mixed,17,98,-2.5206879421868074
interaction,mixed,17,99,-1.5713646605875518
interaction,mixed,17,100,-1.459633551490039
interaction,mixed,17,101,1.6465407293913024
interaction,mixed,17,102,-3.2410093074861077
interaction,mixed,17,103,-0.5435810903950952
interaction,mixed,17,104,-1.161111131539431
interaction,mixed,17,105,-0.374433581043899
interaction,mixed,17,106,6.643554207159358
interaction,mixed,17,107,0.39640717931420466
interaction,mixed,17,108,-2.935274075621962
interaction,mixed,17,109,0.8195740372685525
interaction,mixed,17,110,0.818900356346435
interaction,mixed,17,111,-0.1554207347778141
interaction,mixed,17,112,0.14903223967657409
interaction,mixed,17,113,0.8280351614701216
interaction,mixed,17,114,0.8016693845909316
interaction,mixed,17,115,-1.413810466376542
interaction,mixed,17,116,-1.5876324602220535
interaction,mixed,17,117,0.08703305131973749
interaction,mixed,17,118,-0.06142861358174667
interaction,mixed,17,119,2.3966685799128298
interaction,mixed,17,120,-3.878013111068909
interaction,mixed,17,121,-0.14649298895981722
interaction,mixed,17,122,-0.09356113531507326
interaction,mixed,17,123,1.7505237628782377
interaction,mixed,17,124,2.137160986118601
interaction,mixed,17,125,0.7159852802315905
interaction,mixed,17,126,0.8914333724238364
interaction,mixed,17,127,2.0970915454099552
interaction,mixed,17,128,-1.8030222076577673
interaction,mixed,17,129,0.26615256561545453
interaction,mixed,17,130,1.0819036097548695
interaction,mixed,17,131,-1.5200641289996608
interaction,mixed,17,132,1.770113879121275
interaction,mixed,17,133,0.05093780133608711
interaction,mixed,17,134,-4.009095634641997
interaction,mixed,17,135,-0.5659640756245271
interaction,mixed,17,136,0.31936993704136163
interaction,mixed,17,137,-0.657525609039788
interaction,mixed,17,138,3.100905673055414
interaction,mixed,17,139,-3.333530487298517
interaction,mixed,17,140,-0.49344060086623953
interaction,mixed,17,141,-0.026277547742694862
interaction,mixed,17,142,1.626682838092159
interaction,mixed,17,143,2.2761910549625934
interaction,mixed,17,144,-2.583151194125485
interaction,mixed,17,145,1.512672752083184
interaction,mixed,17,146,2.016809044712836
interaction,mixed,17,147,3.7088917705933566
interaction,mixed,17,148,4.197547424740776
interaction,mixed,17,149,0.9367012568864623
interaction,mixed,17,150,2.9858864255851207
interaction,mixed,17,151,-1.9534449770985969
interaction,mixed,17,152,0.4848182156968932
interaction,mixed,17,153,-0.09765903352455219
interaction,mixed,17,154,0.2252202869014699
interaction,mixed,17,155,-1.6604318223836636
interaction,mixed,17,156,-1.9004564828833728
interaction,mixed,17,157,0.8630544713179549
interaction,mixed,17,158,1.3548072785647873
interaction,mixed,17,159,-3.2089386500159853
interaction,mixed,17,160,0.6025041218531925
interaction,mixed,17,161,-3.467929938584052
interaction,mixed,17,162,0.140229977829314
interaction,mixed,17,163,0.8717875124983023
interaction,mixed,17,164,0.06302730533011203
interaction,mixed,17,165,-0.4221166448856515
interaction,mixed,17,166,0.8022895170741516
interaction,mixed,17,167,0.9427737442267317
interaction,mixed,17,168,1.286560057846904
interaction,mixed,17,169,-1.8091650593761388
interaction,mixed,17,170,-1.7662744466376237
interaction,mixed,17,171,1.3071012764409717
interaction,mixed,17,172,-2.3331395536630986
interaction,mixed,17,173,1.0836950957438878
interaction,mixed,17,174,-0.2367192426209921
interaction,mixed,17,175,-2.764542341734616
interaction,mixed,17,176,0.21236863306498566
interaction,mixed,17,177,2.9992249892910063
interaction,mixed,17,178,7.936067306740799
interaction,mixed,17,179,-0.5902321407357418
interaction,mixed,17,180,1.560078394921327
interaction,mixed,17,181,1.8994473694977474
interaction,mixed,17,182,1.9923296649302542
interaction,mixed,17,183,2.4194078334971536
interaction,mixed,17,184,5.876855087398418
interaction,mixed,17,185,-0.49135575847881396
interaction,mixed,17,186,-0.9392589640957544
interaction,mixed,17,187,-0.7206211499065471
interaction,mixed,17,188,1.1183753158150944
interaction,mixed,17,189,1.2085755067287987
interaction,mixed,17,190,-1.6404071074153725
interaction,mixed,17,191,1.5778592301840386
interaction,mixed,17,192,-0.9967946982690958
interaction,mixed,17,193,-1.0600403941175103
interaction,mixed,17,194,3.162803642911317
interaction,mixed,17,195,2.325042110366175
interaction,mixed,17,196,1.800879838516535
interaction,mixed,17,197,-1.1395812071354119
interaction,mixed,17,198,-1.3434289009868199
interaction,mixed,17,199,1.7142477310470834
replication_delta,5000->10000,17,0,-1.1123916232288054
replication_delta,5000->10000,17,1,2.14510303754117
replication_delta,5000->10000,17,2,-2.934226348387239
replication_delta,5000->10000,17,3,2.804637667965591
replication_delta,5000->10000,17,4,2.587099813058449
replication_delta,5000->10000,17,5,2.934078432641923
replication_delta,5000->10000,17,6,-0.49999188564555763
replication_delta,5000->10000,17,7,-0.7582091923575996
replication_delta,5000->10000,17,8,-0.25993768856780386
replication_delta,5000->10000,17,9,-0.6524924912577831
replication_delta,5000->10000,17,10,1.6091794742931216
replication_delta,5000->10000,17,11,1.7496404230466265
replication_delta,5000->10000,17,12,-0.09465985270153705
replication_delta,5000->10000,17,13,-1.7691702395828695
replication_delta,5000->10000,17,14,-1.6690555622103456
replication_delta,5000->10000,17,15,2.3559282997298956
replication_delta,5000->10000,17,16,0.7704066325758194
replication_delta,5000->10000,17,17,1.955303790360552
replication_delta,5000->10000,17,18,2.017932881439374
replication_delta,5000->10000,17,19,-1.046268658154148
replication_delta,5000->10000,17,20,-2.50129928269204
replication_delta,5000->10000,17,21,-1.5309336912575175
replication_delta,5000->10000,17,22,-0.37906043338290885
replication_delta,5000->10000,17,23,0.8682391674973198
replication_delta,5000->10000,17,24,-0.5125011539059465
replication_delta,5000->10000,17,25,1.2729709522489996
replication_delta,5000->10000,17,26,1.1866578540577661
replication_delta,5000->10000,17,27,-1.3440152068986329
replication_delta,5000->10000,17,28,0.8248877698117241
replication_delta,5000->10000,17,29,-0.7938166931211297
replication_delta,5000->10000,17,30,-0.2936238065013342
replication_delta,5000->10000,17,31,0.33709384522476415
replication_delta,5000->10000,17,32,-0.937946724071551
replication_delta,5000->10000,17,33,0.9428695848851655
replication_delta,5000->10000,17,34,-1.5910771105446477
replication_delta,5000->10000,17,35,0.5999427756850151
replication_delta,5000->10000,17,36,-2.0916320783772413
replication_delta,5000->10000,17,37,3.8845794830207447
replication_delta,5000->10000,17,38,-0.6247524709838411
replication_delta,5000->10000,17,39,-1.8642026601932353
replication_delta,5000->10000,17,40,2.4077754552122794
replication_delta,5000->10000,17,41,2.3287043872704594
replication_delta,5000->10000,17,42,-2.5775766375884395
replication_delta,5000->10000,17,43,-0.27637215215720956
replication_delta,5000->10000,17,44,0.3865231587721964
replication_delta,5000->10000,17,45,0.9806653623640446
replication_delta,5000->10000,17,46,0.17781484501340789
replication_delta,5000->10000,17,47,1.337310501893255
replication_delta,5000->10000,17,48,0.8717960442388921
replication_delta,5000->10000,17,49,0.5549660071072724
replication_delta,5000->10000,17,50,0.2387190511993058
replication_delta,5000->10000,17,51,0.5809900314181551
replication_delta,5000->10000,17,52,-4.067226611014663
replication_delta,5000->10000,17,53,0.8950509592431285
replication_delta,5000->10000,17,54,-1.9864711302324405
replication_delta,5000->10000,17,55,-0.46729492886297885
replication_delta,5000->10000,17,56,-2.164514341191413
replication_delta,5000->10000,17,57,0.8664198888200052
replication_delta,5000->10000,17,58,0.9236671281563544
replication_delta,5000->10000,17,59,0.42461668721821444
replication_delta,5000->10000,17,60,0.06904813857899639
replication_delta,5000->10000,17,61,-1.8413060012418951
replication_delta,5000->10000,17,62,0.2841425647043433
replication_delta,5000->10000,17,63,-1.8095997200099112
replication_delta,5000->10000,17,64,-1.6234482167329056
replication_delta,5000->10000,17,65,1.5275169066180871
replication_delta,5000->10000,17,66,0.8885127281458869
replication_delta,5000->10000,17,67,0.2663928019564994
replication_delta,5000->10000,17,68,-0.325764249473833
replication_delta,5000->10000,17,69,1.1222213089273356
replication_delta,5000->10000,17,70,-0.33835475398819104
replication_delta,5000->10000,17,71,-2.3422307408499017
replication_delta,5000->10000,17,72,-0.8890809739697458
replication_delta,5000->10000,17,73,3.1762021500256035
replication_delta,5000->10000,17,74,-0.27425670187103546
replication_delta,5000->10000,17,75,1.386565337702409
replication_delta,5000->10000,17,76,-0.5909362105577491
replication_delta,5000->10000,17,77,-1.2108056778855545
replication_delta,5000->10000,17,78,-0.46986796834768574
replication_delta,5000->10000,17,79,1.4153122511869212
replication_delta,5000->10000,17,80,0.5847264116045042
replication_delta,5000->10000,17,81,1.6294901455538182
replication_delta,5000->10000,17,82,1.665509105126579
replication_delta,5000->10000,17,83,1.9402444440214668
replication_delta,5000->10000,17,84,1.1134066798643747
replication_delta,5000->10000,17,85,1.340374671548512
replication_delta,5000->10000,17,86,-3.4039648981028376
replication_delta,5000->10000,17,87,0.7088358133652285
replication_delta,5000->10000,17,88,-1.090989918222634
replication_delta,5000->10000,17,89,-0.13099161387588126
replication_delta,5000->10000,17,90,-0.049776634852720714
replication_delta,5000->10000,17,91,0.9596761799987856
replication_delta,5000->10000,17,92,-2.169440975664231
replication_delta,5000->10000,17,93,-0.4317942881671739
replication_delta,5000->10000,17,94,-0.10961347265634103
replication_delta,5000->10000,17,95,1.942223672835032
replication_delta,5000->10000,17,96,0.6362840815633537
replication_delta,5000->10000,17,97,1.4359623134569581
replication_delta,5000->10000,17,98,-0.8579892819637196
replication_delta,5000->10000,17,99,-0.5701356388637384
replication_delta,5000->10000,17,100,-0.22412668088359383
replication_delta,5000->10000,17,101,-0.8788415287473212
replication_delta,5000->10000,17,102,-1.203597035238481
replication_delta,5000->10000,17,103,-0.4761682885361651
replication_delta,5000->10000,17,104,-0.827094187731537
replication_delta,5000->10000,17,105,0.6520165302897044
replication_delta,5000->10000,17,106,1.1893521305345498
replication_delta,5000->10000,17,107,0.39597373191929436
replication_delta,5000->10000,17,108,1.7158155438986535
replication_delta,5000->10000,17,109,1.8792340759086787
replication_delta,5000->10000,17,110,0.6921333794147788
replication_delta,5000->10000,17,111,-1.5500122261342704
replication_delta,5000->10000,17,112,-1.0970738024105786
replication_delta,5000->10000,17,113,-1.028106296199046
replication_delta,5000->10000,17,114,-1.3209701029920433
replication_delta,5000->10000,17,115,-1.0847557178256402
replication_delta,5000->10000,17,116,0.759830117058417
replication_delta,5000->10000,17,117,0.8195506251747573
replication_delta,5000->10000,17,118,-0.627340600637124
replication_delta,5000->10000,17,119,0.31717044397402944
replication_delta,5000->10000,17,120,-1.0371621168226182
replication_delta,5000->10000,17,121,-0.04660460887933393
replication_delta,5000->10000,17,122,0.24442443735216746
replication_delta,5000->10000,17,123,-1.037085133532341
replication_delta,5000->10000,17,124,-0.9649209461267865
replication_delta,5000->10000,17,125,1.4606202508692725
replication_delta,5000->10000,17,126,-0.8048723332153732
replication_delta,5000->10000,17,127,-0.28837398373909107
replication_delta,5000->10000,17,128,0.28472904809709687
replication_delta,5000->10000,17,129,-1.0596273053710745
replication_delta,5000->10000,17,130,-0.22196198491540287
replication_delta,5000->10000,17,131,-0.5120535127293814
replication_delta,5000->10000,17,132,0.10821697592712648
replication_delta,5000->10000,17,133,-0.16843263005110815
replication_delta,5000->10000,17,134,-2.7039625059941583
replication_delta,5000->10000,17,135,-0.19010986535733632
replication_delta,5000->10000,17,136,1.9142514042099767
replication_delta,5000->10000,17,137,-0.5074545220456729
replication_delta,5000->10000,17,138,1.3179500565365574
replication_delta,5000->10000,17,139,-0.23577517198434772
replication_delta,5000->10000,17,140,0.3980034487209251
replication_delta,5000->10000,17,141,1.5001821716355639
replication_delta,5000->10000,17,142,3.1914994380063195
replication_delta,5000->10000,17,143,2.8196621921308225
replication_delta,5000->10000,17,144,-1.1626308170259463
replication_delta,5000->10000,17,145,4.3929351688620395
replication_delta,5000->10000,17,146,0.35288096106756794
replication_delta,5000->10000,17,147,-0.0814703545906802
replication_delta,5000->10000,17,148,-0.9982053741140935
replication_delta,5000->10000,17,149,1.4245067007671173
replication_delta,5000->10000,17,150,-0.25341817912152925
replication_delta,5000->10000,17,151,-3.12911649535814
replication_delta,5000->10000,17,152,-1.483099516182409
replication_delta,5000->10000,17,153,0.05811637977169981
replication_delta,5000->10000,17,154,-1.81149918757903
replication_delta,5000->10000,17,155,-1.0208260954676946
replication_delta,5000->10000,17,156,1.7045534866397745
replication_delta,5000->10000,17,157,-0.9126531278831229
replication_delta,5000->10000,17,158,0.7959655331584148
replication_delta,5000->10000,17,159,2.8716852254716403
replication_delta,5000->10000,17,160,0.44015112761602726
replication_delta,5000->10000,17,161,-2.4356551813877285
replication_delta,5000->10000,17,162,1.852709057654329
replication_delta,5000->10000,17,163,0.5074589257974729
replication_delta,5000->10000,17,164,1.9276604528450139
replication_delta,5000->10000,17,165,-0.946398367881572
replication_delta,5000->10000,17,166,3.785767067766753
replication_delta,5000->10000,17,167,0.97471806948989
replication_delta,5000->10000,17,168,-0.05464852324128555
replication_delta,5000->10000,17,169,-2.0333665549456974
replication_delta,5000->10000,17,170,-2.7462039688325417
replication_delta,5000->10000,17,171,2.0791285652137543
replication_delta,5000->10000,17,172,0.30013196138311604
replication_delta,5000->10000,17,173,-3.0137428707292298
replication_delta,5000->10000,17,174,0.03713952845452417
replication_delta,5000->10000,17,175,-1.2514784593871864
replication_delta,5000->10000,17,176,0.9529291556570283
replication_delta,5000->10000,17,177,-2.341140190922098
replication_delta,5000->10000,17,178,6.058015473062236
replication_delta,5000->10000,17,179,-2.046385443942907
replication_delta,5000->10000,17,180,-1.4664949044024165
replication_delta,5000->10000,17,181,1.6962595098924893
replication_delta,5000->10000,17,182,2.1372137928039923
replication_delta,5000->10000,17,183,-0.04888539506208063
replication_delta,5000->10000,17,184,2.451184386968384
replication_delta,5000->10000,17,185,-3.8765672664398205
replication_delta,5000->10000,17,186,-1.2126999935556537
replication_delta,5000->10000,17,187,-0.9521185597787793
replication_delta,5000->10000,17,188,1.7873009048087187
replication_delta,5000->10000,17,189,-0.27016430237133765
replication_delta,5000->10000,17,190,-0.6631585396623298
replication_delta,5000->10000,17,191,0.870557384210689
replication_delta,5000->10000,17,192,-1.4711424895652518
replication_delta,5000->10000,17,193,-0.28046119417419746
replication_delta,5000->10000,17,194,1.7265575653767131
replication_delta,5000->10000,17,195,0.24315162778277344
replication_delta,5000->10000,17,196,0.5378889463376488
replication_delta,5000->10000,17,197,-0.9468296636353706
replication_delta,5000->10000,17,198,-0.5267033645902955
replication_delta,5000->10000,17,199,0.6789443704437597
raw_cell_5000_P,5000->10000,17,0,1.4622860406784135
raw_cell_5000_P,5000->10000,17,1,0.3446555255269349
raw_cell_5000_P,5000->10000,17,2,-0.8423448601190834
raw_cell_5000_P,5000->10000,17,3,0.37835967125898856
raw_cell_5000_P,5000->10000,17,4,2.3463171535021887
raw_cell_5000_P,5000->10000,17,5,0.6004873695212462
raw_cell_5000_P,5000->10000,17,6,1.608042574306902
raw_cell_5000_P,5000->10000,17,7,0.20632752824943387
raw_cell_5000_P,5000->10000,17,8,-0.08833385512694386
raw_cell_5000_P,5000->10000,17,9,0.2248649837698935
raw_cell_5000_P,5000->10000,17,10,1.6978321655158808
raw_cell_5000_P,5000->10000,17,11,1.0196977601124113
raw_cell_5000_P,5000->10000,17,12,0.12050460678763415
raw_cell_5000_P,5000->10000,17,13,-0.9667934501889547
raw_cell_5000_P,5000->10000,17,14,-0.7730953633361285
raw_cell_5000_P,5000->10000,17,15,0.5944781655491096
raw_cell_5000_P,5000->10000,17,16,-0.10475190968166323
raw_cell_5000_P,5000->10000,17,17,2.3215113994648267
raw_cell_5000_P,5000->10000,17,18,1.280302352334891
raw_cell_5000_P,5000->10000,17,19,-0.3894776916471353
raw_cell_5000_P,5000->10000,17,20,-1.8625112258556737
raw_cell_5000_P,5000->10000,17,21,-0.8783988632120211
raw_cell_5000_P,5000->10000,17,22,0.5141308425468737
raw_cell_5000_P,5000->10000,17,23,0.47946767644984983
raw_cell_5000_P,5000->10000,17,24,-1.1404236904032392
raw_cell_5000_P,5000->10000,17,25,0.8780841016735313
raw_cell_5000_P,5000->10000,17,26,1.002382559187621
raw_cell_5000_P,5000->10000,17,27,0.5410960541217134
raw_cell_5000_P,5000->10000,17,28,1.943969161439627
raw_cell_5000_P,5000->10000,17,29,0.6278131170799564
raw_cell_5000_P,5000->10000,17,30,0.041390272051033274
raw_cell_5000_P,5000->10000,17,31,0.1958342895019204
raw_cell_5000_P,5000->10000,17,32,0.5809533556273797
raw_cell_5000_P,5000->10000,17,33,1.2338742879244144
raw_cell_5000_P,5000->10000,17,34,0.25815467312043805
raw_cell_5000_P,5000->10000,17,35,0.7917309819748187
raw_cell_5000_P,5000->10000,17,36,-0.31005251034951853
raw_cell_5000_P,5000->10000,17,37,0.6976764938241897
raw_cell_5000_P,5000->10000,17,38,-0.2650290601409054
raw_cell_5000_P,5000->10000,17,39,-1.1417383374316228
raw_cell_5000_P,5000->10000,17,40,1.7463015811108635
raw_cell_5000_P,5000->10000,17,41,2.205292961975381
raw_cell_5000_P,5000->10000,17,42,-0.16867323213763394
raw_cell_5000_P,5000->10000,17,43,-1.1568585696265914
raw_cell_5000_P,5000->10000,17,44,-0.28724353694080246
raw_cell_5000_P,5000->10000,17,45,-0.11700246558125106
raw_cell_5000_P,5000->10000,17,46,0.3024526074859288
raw_cell_5000_P,5000->10000,17,47,1.4991191764564327
raw_cell_5000_P,5000->10000,17,48,1.6558146026097205
raw_cell_5000_P,5000->10000,17,49,0.03619172827535825
raw_cell_5000_P,5000->10000,17,50,1.589616486138051
raw_cell_5000_P,5000->10000,17,51,0.831141135206204
raw_cell_5000_P,5000->10000,17,52,-0.5511428387171642
raw_cell_5000_P,5000->10000,17,53,0.6902020826285887
raw_cell_5000_P,5000->10000,17,54,-0.4890344206670592
raw_cell_5000_P,5000->10000,17,55,1.056928237677632
raw_cell_5000_P,5000->10000,17,56,-0.33904601192596756
raw_cell_5000_P,5000->10000,17,57,0.530348157317517
raw_cell_5000_P,5000->10000,17,58,1.4641369593184381
raw_cell_5000_P,5000->10000,17,59,2.1810444863466816
raw_cell_5000_P,5000->10000,17,60,-0.5489190534484095
raw_cell_5000_P,5000->10000,17,61,-1.9837525659916577
raw_cell_5000_P,5000->10000,17,62,-0.5228507718743639
raw_cell_5000_P,5000->10000,17,63,-0.9453754342907019
raw_cell_5000_P,5000->10000,17,64,-1.382788553515462
raw_cell_5000_P,5000->10000,17,65,0.8032214767439771
raw_cell_5000_P,5000->10000,17,66,1.9702202057865843
raw_cell_5000_P,5000->10000,17,67,1.1880953312599352
raw_cell_5000_P,5000->10000,17,68,0.6006427585068669
raw_cell_5000_P,5000->10000,17,69,1.1314058551711366
raw_cell_5000_P,5000->10000,17,70,1.134731806753473
raw_cell_5000_P,5000->10000,17,71,-0.5638120234761662
raw_cell_5000_P,5000->10000,17,72,-0.5564145264631942
raw_cell_5000_P,5000->10000,17,73,0.8710404933330709
raw_cell_5000_P,5000->10000,17,74,0.7579274521193103
raw_cell_5000_P,5000->10000,17,75,1.8509472139722702
raw_cell_5000_P,5000->10000,17,76,0.19532055664333467
raw_cell_5000_P,5000->10000,17,77,-1.3906246657840025
raw_cell_5000_P,5000->10000,17,78,0.5635463218521463
raw_cell_5000_P,5000->10000,17,79,0.46787523484252497
raw_cell_5000_P,5000->10000,17,80,-0.349793108168331
raw_cell_5000_P,5000->10000,17,81,1.220550574688402
raw_cell_5000_P,5000->10000,17,82,1.108868220019589
raw_cell_5000_P,5000->10000,17,83,1.8820725493102946
raw_cell_5000_P,5000->10000,17,84,-0.09022996886145908
raw_cell_5000_P,5000->10000,17,85,-0.6748943023410597
raw_cell_5000_P,5000->10000,17,86,-0.3139699227268642
raw_cell_5000_P,5000->10000,17,87,0.45823329611444996
raw_cell_5000_P,5000->10000,17,88,-0.10821482569909081
raw_cell_5000_P,5000->10000,17,89,0.4802176852764504
raw_cell_5000_P,5000->10000,17,90,0.266505942926632
raw_cell_5000_P,5000->10000,17,91,0.4849525997949755
raw_cell_5000_P,5000->10000,17,92,-2.6003836449033164
raw_cell_5000_P,5000->10000,17,93,0.10217217433526216
raw_cell_5000_P,5000->10000,17,94,0.7456082407918057
raw_cell_5000_P,5000->10000,17,95,0.6424863092087435
raw_cell_5000_P,5000->10000,17,96,1.7795488041622758
raw_cell_5000_P,5000->10000,17,97,1.0882974748130514
raw_cell_5000_P,5000->10000,17,98,-0.7005171883238437
raw_cell_5000_P,5000->10000,17,99,0.5987311635201555
raw_cell_5000_P,5000->10000,17,100,0.3475515953908071
raw_cell_5000_P,5000->10000,17,101,1.182891019047523
raw_cell_5000_P,5000->10000,17,102,-1.1456259314887116
raw_cell_5000_P,5000->10000,17,103,0.14526712049069998
raw_cell_5000_P,5000->10000,17,104,-0.04299533940324155
raw_cell_5000_P,5000->10000,17,105,0.09082810185284393
raw_cell_5000_P,5000->10000,17,106,2.18847813180469
raw_cell_5000_P,5000->10000,17,107,0.6844699167285403
raw_cell_5000_P,5000->10000,17,108,-0.3186135412310043
raw_cell_5000_P,5000->10000,17,109,1.235149385899214
raw_cell_5000_P,5000->10000,17,110,1.3093408593227693
raw_cell_5000_P,5000->10000,17,111,0.28447897284452767
raw_cell_5000_P,5000->10000,17,112,-0.44412510867517185
raw_cell_5000_P,5000->10000,17,113,-0.05567477376866346
raw_cell_5000_P,5000->10000,17,114,1.056181518990813
raw_cell_5000_P,5000->10000,17,115,-1.5829962306642136
raw_cell_5000_P,5000->10000,17,116,1.9226021236083997
raw_cell_5000_P,5000->10000,17,117,-0.2364810566630722
raw_cell_5000_P,5000->10000,17,118,-0.4835150893260831
raw_cell_5000_P,5000->10000,17,119,0.1167198994620063
raw_cell_5000_P,5000->10000,17,120,-0.4203820599728932
raw_cell_5000_P,5000->10000,17,121,1.5701397671768174
raw_cell_5000_P,5000->10000,17,122,0.19242831526610737
raw_cell_5000_P,5000->10000,17,123,-0.26259663486478646
raw_cell_5000_P,5000->10000,17,124,1.4022163086414987
raw_cell_5000_P,5000->10000,17,125,-0.4448116805382448
raw_cell_5000_P,5000->10000,17,126,0.7365965373676578
raw_cell_5000_P,5000->10000,17,127,1.947830678840858
raw_cell_5000_P,5000->10000,17,128,0.9435859766889931
raw_cell_5000_P,5000->10000,17,129,-0.1869148317907446
raw_cell_5000_P,5000->10000,17,130,1.3639578554837481
raw_cell_5000_P,5000->10000,17,131,-0.33010968931394025
raw_cell_5000_P,5000->10000,17,132,-0.42951830133894425
raw_cell_5000_P,5000->10000,17,133,-0.3168443113025646
raw_cell_5000_P,5000->10000,17,134,-1.717846110101089
raw_cell_5000_P,5000->10000,17,135,0.03677438484887952
raw_cell_5000_P,5000->10000,17,136,1.1470799702890708
raw_cell_5000_P,5000->10000,17,137,0.2690796971436903
raw_cell_5000_P,5000->10000,17,138,0.1959926480028826
raw_cell_5000_P,5000->10000,17,139,-1.2505270778452289
raw_cell_5000_P,5000->10000,17,140,-0.008061308870591767
raw_cell_5000_P,5000->10000,17,141,1.1067252275820887
raw_cell_5000_P,5000->10000,17,142,1.5166893393188845
raw_cell_5000_P,5000->10000,17,143,1.5399108750681378
raw_cell_5000_P,5000->10000,17,144,0.11754054482728742
raw_cell_5000_P,5000->10000,17,145,1.5786106148453272
raw_cell_5000_P,5000->10000,17,146,-0.17155759051134536
raw_cell_5000_P,5000->10000,17,147,0.7415127875179753
raw_cell_5000_P,5000->10000,17,148,1.283799743592723
raw_cell_5000_P,5000->10000,17,149,1.1594063705316007
raw_cell_5000_P,5000->10000,17,150,0.14634240021150874
raw_cell_5000_P,5000->10000,17,151,-0.9138749454065177
raw_cell_5000_P,5000->10000,17,152,-0.2280178200917806
raw_cell_5000_P,5000->10000,17,153,-0.2526085132044255
raw_cell_5000_P,5000->10000,17,154,0.12839536321489511
raw_cell_5000_P,5000->10000,17,155,-0.3463874957418497
raw_cell_5000_P,5000->10000,17,156,1.1682491377533413
raw_cell_5000_P,5000->10000,17,157,-0.11215370497939409
raw_cell_5000_P,5000->10000,17,158,1.9529216522304391
raw_cell_5000_P,5000->10000,17,159,2.674775871307149
raw_cell_5000_P,5000->10000,17,160,1.5993613471224093
raw_cell_5000_P,5000->10000,17,161,-1.7574788363355665
raw_cell_5000_P,5000->10000,17,162,0.4058003824023919
raw_cell_5000_P,5000->10000,17,163,0.40565994230267327
raw_cell_5000_P,5000->10000,17,164,0.3786930902936165
raw_cell_5000_P,5000->10000,17,165,0.42722218565454306
raw_cell_5000_P,5000->10000,17,166,1.144680927638084
raw_cell_5000_P,5000->10000,17,167,0.3773089725899228
raw_cell_5000_P,5000->10000,17,168,0.2715921861813826
raw_cell_5000_P,5000->10000,17,169,0.540279639382412
raw_cell_5000_P,5000->10000,17,170,-1.6350453148976694
raw_cell_5000_P,5000->10000,17,171,1.7595960785223188
raw_cell_5000_P,5000->10000,17,172,0.903729716228039
raw_cell_5000_P,5000->10000,17,173,-0.2585527397204292
raw_cell_5000_P,5000->10000,17,174,1.9604523418722244
raw_cell_5000_P,5000->10000,17,175,-0.0828297623704606
raw_cell_5000_P,5000->10000,17,176,0.7989426273577285
raw_cell_5000_P,5000->10000,17,177,-0.8349461445491949
raw_cell_5000_P,5000->10000,17,178,3.8562326063926324
raw_cell_5000_P,5000->10000,17,179,-0.7765961263336957
raw_cell_5000_P,5000->10000,17,180,1.0214391138033534
raw_cell_5000_P,5000->10000,17,181,0.7449503710828798
raw_cell_5000_P,5000->10000,17,182,0.9762217669543898
raw_cell_5000_P,5000->10000,17,183,0.12435160527917007
raw_cell_5000_P,5000->10000,17,184,2.278863405172952
raw_cell_5000_P,5000->10000,17,185,-0.3939811839319326
raw_cell_5000_P,5000->10000,17,186,-0.7430058395115404
raw_cell_5000_P,5000->10000,17,187,-2.190412086400367
raw_cell_5000_P,5000->10000,17,188,1.224918086021209
raw_cell_5000_P,5000->10000,17,189,-0.2434485241924018
raw_cell_5000_P,5000->10000,17,190,-0.012570791111079744
raw_cell_5000_P,5000->10000,17,191,1.3430297523066235
raw_cell_5000_P,5000->10000,17,192,0.26403323866020967
raw_cell_5000_P,5000->10000,17,193,0.6422062478161497
raw_cell_5000_P,5000->10000,17,194,0.8454170012182941
raw_cell_5000_P,5000->10000,17,195,1.5540855960438278
raw_cell_5000_P,5000->10000,17,196,0.12926268208022554
raw_cell_5000_P,5000->10000,17,197,-1.577373306411278
raw_cell_5000_P,5000->10000,17,198,-0.5817967166438913
raw_cell_5000_P,5000->10000,17,199,-0.04608107379872282
raw_cell_5000_N,10000->20000,17,0,-0.3910652630613065
raw_cell_5000_N,10000->20000,17,1,-1.0931057034814535
raw_cell_5000_N,10000->20000,17,2,1.6702065299409872
raw_cell_5000_N,10000->20000,17,3,1.082776602619163
raw_cell_5000_N,10000->20000,17,4,1.282883245616158
raw_cell_5000_N,10000->20000,17,5,0.00470327329957943
raw_cell_5000_N,10000->20000,17,6,1.4312292403846723
raw_cell_5000_N,10000->20000,17,7,0.9671866651267517
raw_cell_5000_N,10000->20000,17,8,-0.03029275558455445
raw_cell_5000_N,10000->20000,17,9,0.4521391476699362
raw_cell_5000_N,10000->20000,17,10,0.39135978422947154
raw_cell_5000_N,10000->20000,17,11,0.16927877826274654
raw_cell_5000_N,10000->20000,17,12,0.715792567903441
raw_cell_5000_N,10000->20000,17,13,2.1147657400265283
raw_cell_5000_N,10000->20000,17,14,2.155240964110657
raw_cell_5000_N,10000->20000,17,15,2.0551636685759784
raw_cell_5000_N,10000->20000,17,16,1.7408541159464734
raw_cell_5000_N,10000->20000,17,17,1.0641186570862722
raw_cell_5000_N,10000->20000,17,18,-0.23921576673039738
raw_cell_5000_N,10000->20000,17,19,1.315916458323608
raw_cell_5000_N,10000->20000,17,20,1.3127408688713544
raw_cell_5000_N,10000->20000,17,21,0.4853729817316048
raw_cell_5000_N,10000->20000,17,22,-0.53350251351235
raw_cell_5000_N,10000->20000,17,23,-0.49626653362948964
raw_cell_5000_N,10000->20000,17,24,0.4024663766187405
raw_cell_5000_N,10000->20000,17,25,0.9006234574528073
raw_cell_5000_N,10000->20000,17,26,0.5507692429783232
raw_cell_5000_N,10000->20000,17,27,3.123846126909384
raw_cell_5000_N,10000->20000,17,28,-0.4797471353805189
raw_cell_5000_N,10000->20000,17,29,2.2600034448296586
raw_cell_5000_N,10000->20000,17,30,0.5831678221309378
raw_cell_5000_N,10000->20000,17,31,0.16183955563643188
raw_cell_5000_N,10000->20000,17,32,0.2793728172753835
raw_cell_5000_N,10000->20000,17,33,-1.101329497220368
raw_cell_5000_N,10000->20000,17,34,0.39334371051843964
raw_cell_5000_N,10000->20000,17,35,0.27745868713774
raw_cell_5000_N,10000->20000,17,36,-0.5483822924627446
raw_cell_5000_N,10000->20000,17,37,-0.8313055807567754
raw_cell_5000_N,10000->20000,17,38,-0.5254371410774152
raw_cell_5000_N,10000->20000,17,39,0.2773474603166377
raw_cell_5000_N,10000->20000,17,40,-0.5115900764785299
raw_cell_5000_N,10000->20000,17,41,2.0593707854417813
raw_cell_5000_N,10000->20000,17,42,0.4831566223135141
raw_cell_5000_N,10000->20000,17,43,1.2093469526961422
raw_cell_5000_N,10000->20000,17,44,-0.7493138895567953
raw_cell_5000_N,10000->20000,17,45,0.9606316692122862
raw_cell_5000_N,10000->20000,17,46,-0.9428190890927668
raw_cell_5000_N,10000->20000,17,47,1.15174332524812
raw_cell_5000_N,10000->20000,17,48,-0.909096759075382
raw_cell_5000_N,10000->20000,17,49,0.10542058505304587
raw_cell_5000_N,10000->20000,17,50,0.7482167761482995
raw_cell_5000_N,10000->20000,17,51,0.7299151405994436
raw_cell_5000_N,10000->20000,17,52,1.2252436927655352
raw_cell_5000_N,10000->20000,17,53,0.4897159505148561
raw_cell_5000_N,10000->20000,17,54,1.4143015031831616
raw_cell_5000_N,10000->20000,17,55,1.58996665138155
raw_cell_5000_N,10000->20000,17,56,2.0475213940436574
raw_cell_5000_N,10000->20000,17,57,-0.8219259500385561
raw_cell_5000_N,10000->20000,17,58,-0.4164158144687169
raw_cell_5000_N,10000->20000,17,59,2.018676744453825
raw_cell_5000_N,10000->20000,17,60,-0.5635876215636335
raw_cell_5000_N,10000->20000,17,61,0.762758671846194
raw_cell_5000_N,10000->20000,17,62,0.18529914831177513
raw_cell_5000_N,10000->20000,17,63,-0.06331039841675784
raw_cell_5000_N,10000->20000,17,64,0.8726893203816749
raw_cell_5000_N,10000->20000,17,65,-0.5615538628449986
raw_cell_5000_N,10000->20000,17,66,0.8602720671796661
raw_cell_5000_N,10000->20000,17,67,-0.35009552944011707
raw_cell_5000_N,10000->20000,17,68,1.4780802766483072
raw_cell_5000_N,10000->20000,17,69,0.12824755183365874
raw_cell_5000_N,10000->20000,17,70,-0.8419762068658346
raw_cell_5000_N,10000->20000,17,71,-1.335064613335235
raw_cell_5000_N,10000->20000,17,72,0.25033486290988116
raw_cell_5000_N,10000->20000,17,73,-0.21179813623716984
raw_cell_5000_N,10000->20000,17,74,0.555293115124669
raw_cell_5000_N,10000->20000,17,75,0.31158573701454695
raw_cell_5000_N,10000->20000,17,76,-1.3132720661362587
raw_cell_5000_N,10000->20000,17,77,1.1021208402086369
raw_cell_5000_N,10000->20000,17,78,0.4845572069157749
raw_cell_5000_N,10000->20000,17,79,0.5180027704374202
raw_cell_5000_N,10000->20000,17,80,-0.12293462340755226
raw_cell_5000_N,10000->20000,17,81,0.5898753888551723
raw_cell_5000_N,10000->20000,17,82,1.2457578252602175
raw_cell_5000_N,10000->20000,17,83,0.11345357035815132
raw_cell_5000_N,10000->20000,17,84,0.6448340211223946
raw_cell_5000_N,10000->20000,17,85,-0.11225888945752649
raw_cell_5000_N,10000->20000,17,86,-1.433530020199838
raw_cell_5000_N,10000->20000,17,87,0.08270997478932499
raw_cell_5000_N,10000->20000,17,88,0.08677271148787619
raw_cell_5000_N,10000->20000,17,89,0.7116156168787446
raw_cell_5000_N,10000->20000,17,90,1.7437469874933655
raw_cell_5000_N,10000->20000,17,91,0.21038743510038155
raw_cell_5000_N,10000->20000,17,92,0.43694570735722765
raw_cell_5000_N,10000->20000,17,93,1.272052873633205
raw_cell_5000_N,10000->20000,17,94,1.1803191896357332
raw_cell_5000_N,10000->20000,17,95,0.21689889079631314
raw_cell_5000_N,10000->20000,17,96,1.187504403923364
raw_cell_5000_N,10000->20000,17,97,0.5845867676836899
raw_cell_5000_N,10000->20000,17,98,0.4409644429376083
raw_cell_5000_N,10000->20000,17,99,0.775004714311979
raw_cell_5000_N,10000->20000,17,100,0.20287202768924373
raw_cell_5000_N,10000->20000,17,101,-0.3535342303625415
raw_cell_5000_N,10000->20000,17,102,2.297427385979924
raw_cell_5000_N,10000->20000,17,103,-0.44166783995912073
raw_cell_5000_N,10000->20000,17,104,0.4407410883453599
raw_cell_5000_N,10000->20000,17,105,0.20698166460050646
raw_cell_5000_N,10000->20000,17,106,-1.3817431504746367
raw_cell_5000_N,10000->20000,17,107,0.988789055360083
raw_cell_5000_N,10000->20000,17,108,1.2086567155802912
raw_cell_5000_N,10000->20000,17,109,0.1843600809351737
raw_cell_5000_N,10000->20000,17,110,0.5104711399134698
raw_cell_5000_N,10000->20000,17,111,0.4482286473197944
raw_cell_5000_N,10000->20000,17,112,-0.037559009757900746
raw_cell_5000_N,10000->20000,17,113,-0.6002971670221995
raw_cell_5000_N,10000->20000,17,114,-0.19528374682403088
raw_cell_5000_N,10000->20000,17,115,-0.8624007725321639
raw_cell_5000_N,10000->20000,17,116,2.535467174282877
raw_cell_5000_N,10000->20000,17,117,0.616561509677739
raw_cell_5000_N,10000->20000,17,118,-0.4759008553584756
raw_cell_5000_N,10000->20000,17,119,-0.38582573670745507
raw_cell_5000_N,10000->20000,17,120,2.2457450475924987
raw_cell_5000_N,10000->20000,17,121,0.0924039351760407
raw_cell_5000_N,10000->20000,17,122,1.0040830953293818
raw_cell_5000_N,10000->20000,17,123,-0.9042767850902589
raw_cell_5000_N,10000->20000,17,124,0.5410335444005727
raw_cell_5000_N,10000->20000,17,125,-0.7860606431579094
raw_cell_5000_N,10000->20000,17,126,0.27982653193081686
raw_cell_5000_N,10000->20000,17,127,-0.09886197098728015
raw_cell_5000_N,10000->20000,17,128,2.5645928038650765
raw_cell_5000_N,10000->20000,17,129,0.6775937462797887
raw_cell_5000_N,10000->20000,17,130,2.20371133107204
raw_cell_5000_N,10000->20000,17,131,2.0298770652913642
raw_cell_5000_N,10000->20000,17,132,1.1528835772775514
raw_cell_5000_N,10000->20000,17,133,-0.6907971604933889
raw_cell_5000_N,10000->20000,17,134,0.8158168353055512
raw_cell_5000_N,10000->20000,17,135,1.207308074215886
raw_cell_5000_N,10000->20000,17,136,0.2893209340768014
raw_cell_5000_N,10000->20000,17,137,1.4164435118698053
raw_cell_5000_N,10000->20000,17,138,-0.7526314274515581
raw_cell_5000_N,10000->20000,17,139,1.2267269672099406
raw_cell_5000_N,10000->20000,17,140,0.01841109451881537
raw_cell_5000_N,10000->20000,17,141,0.7569530426184075
raw_cell_5000_N,10000->20000,17,142,0.14571812756619199
raw_cell_5000_N,10000->20000,17,143,0.4846123832785751
raw_cell_5000_N,10000->20000,17,144,2.4348365515941843
raw_cell_5000_N,10000->20000,17,145,0.8350017915830322
raw_cell_5000_N,10000->20000,17,146,0.09652010776748698
raw_cell_5000_N,10000->20000,17,147,-1.4308669767227065
raw_cell_5000_N,10000->20000,17,148,-1.5062095285126207
raw_cell_5000_N,10000->20000,17,149,0.44262367692244264
raw_cell_5000_N,10000->20000,17,150,-0.12435554968976291
raw_cell_5000_N,10000->20000,17,151,0.49893551305150724
raw_cell_5000_N,10000->20000,17,152,0.2546788748970637
raw_cell_5000_N,10000->20000,17,153,0.8460714849435756
raw_cell_5000_N,10000->20000,17,154,1.0031499161634219
raw_cell_5000_N,10000->20000,17,155,0.6455796738427662
raw_cell_5000_N,10000->20000,17,156,0.7759173344733483
raw_cell_5000_N,10000->20000,17,157,0.27685791884510524
raw_cell_5000_N,10000->20000,17,158,-0.4794344183510743
raw_cell_5000_N,10000->20000,17,159,2.8735697226313244
raw_cell_5000_N,10000->20000,17,160,0.05469001215559877
raw_cell_5000_N,10000->20000,17,161,1.2311769523881937
raw_cell_5000_N,10000->20000,17,162,0.7413405242879565
raw_cell_5000_N,10000->20000,17,163,-0.1798519834794715
raw_cell_5000_N,10000->20000,17,164,0.7274218937025808
raw_cell_5000_N,10000->20000,17,165,0.053950381944593895
raw_cell_5000_N,10000->20000,17,166,0.5706183272502697
raw_cell_5000_N,10000->20000,17,167,-0.3710904843290686
raw_cell_5000_N,10000->20000,17,168,-0.44965699271459186
raw_cell_5000_N,10000->20000,17,169,0.9972056589342548
raw_cell_5000_N,10000->20000,17,170,0.3855601572041677
raw_cell_5000_N,10000->20000,17,171,1.6773531886692752
raw_cell_5000_N,10000->20000,17,172,2.3357080077854944
raw_cell_5000_N,10000->20000,17,173,-1.592922995875639
raw_cell_5000_N,10000->20000,17,174,0.5491050609409487
raw_cell_5000_N,10000->20000,17,175,-0.3786567494850068
raw_cell_5000_N,10000->20000,17,176,2.6781426780905213
raw_cell_5000_N,10000->20000,17,177,-0.7425336877635818
raw_cell_5000_N,10000->20000,17,178,-2.165096366496904
raw_cell_5000_N,10000->20000,17,179,1.4671040501937098
raw_cell_5000_N,10000->20000,17,180,-0.1547106151489137
raw_cell_5000_N,10000->20000,17,181,-0.0032487738498593083
raw_cell_5000_N,10000->20000,17,182,0.5278998887523118
raw_cell_5000_N,10000->20000,17,183,-0.562613624087565
raw_cell_5000_N,10000->20000,17,184,-0.7291765854765144
raw_cell_5000_N,10000->20000,17,185,0.38280531672042994
raw_cell_5000_N,10000->20000,17,186,0.24317844250629586
raw_cell_5000_N,10000->20000,17,187,-0.0847443429460073
raw_cell_5000_N,10000->20000,17,188,1.0295584944401703
raw_cell_5000_N,10000->20000,17,189,-1.715333360560374
raw_cell_5000_N,10000->20000,17,190,0.1528537559411082
raw_cell_5000_N,10000->20000,17,191,-0.3786406124086473
raw_cell_5000_N,10000->20000,17,192,-0.800921503183468
raw_cell_5000_N,10000->20000,17,193,0.8371120491422999
raw_cell_5000_N,10000->20000,17,194,-1.0109016676223814
raw_cell_5000_N,10000->20000,17,195,0.18227803148656904
raw_cell_5000_N,10000->20000,17,196,-1.6682994692088244
raw_cell_5000_N,10000->20000,17,197,0.2201116895745353
raw_cell_5000_N,10000->20000,17,198,0.6017699287486703
raw_cell_5000_N,10000->20000,17,199,-0.9418118949708782
raw_cell_8002_P,5000->10000,17,0,-1.0822708311815619
raw_cell_8002_P,5000->10000,17,1,3.4724239921773625
raw_cell_8002_P,5000->10000,17,2,-0.46272051189049396
raw_cell_8002_P,5000->10000,17,3,0.6832518467486225
raw_cell_8002_P,5000->10000,17,4,0.2852972210642991
raw_cell_8002_P,5000->10000,17,5,1.2530244239335042
raw_cell_8002_P,5000->10000,17,6,0.4408236374010626
raw_cell_8002_P,5000->10000,17,7,-0.4645163830583894
raw_cell_8002_P,5000->10000,17,8,0.6248287458986477
raw_cell_8002_P,5000->10000,17,9,0.610346632189882
raw_cell_8002_P,5000->10000,17,10,1.0401989296860494
raw_cell_8002_P,5000->10000,17,11,1.2827862534817556
raw_cell_8002_P,5000->10000,17,12,-0.5752797212299445
raw_cell_8002_P,5000->10000,17,13,1.045452009260425
raw_cell_8002_P,5000->10000,17,14,0.135686198957825
raw_cell_8002_P,5000->10000,17,15,0.9272367789103719
raw_cell_8002_P,5000->10000,17,16,0.6878752210912319
raw_cell_8002_P,5000->10000,17,17,1.6120720108138498
raw_cell_8002_P,5000->10000,17,18,-0.888220828378889
raw_cell_8002_P,5000->10000,17,19,-1.0194070841284655
raw_cell_8002_P,5000->10000,17,20,0.9174309948540652
raw_cell_8002_P,5000->10000,17,21,-0.020627851696901178
raw_cell_8002_P,5000->10000,17,22,1.2370169946618865
raw_cell_8002_P,5000->10000,17,23,0.15948195974684293
raw_cell_8002_P,5000->10000,17,24,0.9306165812360203
raw_cell_8002_P,5000->10000,17,25,0.42024021816391766
raw_cell_8002_P,5000->10000,17,26,-0.9182213262902571
raw_cell_8002_P,5000->10000,17,27,1.3610416602694482
raw_cell_8002_P,5000->10000,17,28,-2.338189368942071
raw_cell_8002_P,5000->10000,17,29,-0.5499550656996549
raw_cell_8002_P,5000->10000,17,30,1.2110221268347945
raw_cell_8002_P,5000->10000,17,31,0.21037745784270026
raw_cell_8002_P,5000->10000,17,32,0.6637897620346606
raw_cell_8002_P,5000->10000,17,33,0.4156435442179399
raw_cell_8002_P,5000->10000,17,34,0.5210802952505662
raw_cell_8002_P,5000->10000,17,35,-0.018828732263152567
raw_cell_8002_P,5000->10000,17,36,-0.9376359977201288
raw_cell_8002_P,5000->10000,17,37,-0.9280227883740263
raw_cell_8002_P,5000->10000,17,38,-1.4451968243796083
raw_cell_8002_P,5000->10000,17,39,-0.17012016804922064
raw_cell_8002_P,5000->10000,17,40,0.45047609758666474
raw_cell_8002_P,5000->10000,17,41,0.19486241381244668
raw_cell_8002_P,5000->10000,17,42,1.542807454001236
raw_cell_8002_P,5000->10000,17,43,0.5646677756707218
raw_cell_8002_P,5000->10000,17,44,0.6333540074231968
raw_cell_8002_P,5000->10000,17,45,1.6940114219583078
raw_cell_8002_P,5000->10000,17,46,-1.122168706368738
raw_cell_8002_P,5000->10000,17,47,0.11205146223010026
raw_cell_8002_P,5000->10000,17,48,0.0573762111271876
raw_cell_8002_P,5000->10000,17,49,0.15783783282889957
raw_cell_8002_P,5000->10000,17,50,0.9789965517017631
raw_cell_8002_P,5000->10000,17,51,-0.7888206928543512
raw_cell_8002_P,5000->10000,17,52,-0.2854949572907884
raw_cell_8002_P,5000->10000,17,53,-0.9003956180560929
raw_cell_8002_P,5000->10000,17,54,0.18520473642900467
raw_cell_8002_P,5000->10000,17,55,-0.38985200249072083
raw_cell_8002_P,5000->10000,17,56,0.34077640894747774
raw_cell_8002_P,5000->10000,17,57,-0.37631421915341634
raw_cell_8002_P,5000->10000,17,58,-0.15196383527668314
raw_cell_8002_P,5000->10000,17,59,0.1719170442220362
raw_cell_8002_P,5000->10000,17,60,-0.555085710625907
raw_cell_8002_P,5000->10000,17,61,1.5989047429719576
raw_cell_8002_P,5000->10000,17,62,-0.5055130774583894
raw_cell_8002_P,5000->10000,17,63,-0.1906652056813381
raw_cell_8002_P,5000->10000,17,64,-0.017388913161340797
raw_cell_8002_P,5000->10000,17,65,0.4242853606743866
raw_cell_8002_P,5000->10000,17,66,0.8914966736186308
raw_cell_8002_P,5000->10000,17,67,-1.2045798728985697
raw_cell_8002_P,5000->10000,17,68,0.521572547725327
raw_cell_8002_P,5000->10000,17,69,0.8087337956369548
raw_cell_8002_P,5000->10000,17,70,0.9174297659964444
raw_cell_8002_P,5000->10000,17,71,-0.4069842484838114
raw_cell_8002_P,5000->10000,17,72,-1.2064347271551605
raw_cell_8002_P,5000->10000,17,73,-0.8919618116611674
raw_cell_8002_P,5000->10000,17,74,-0.09365302069147789
raw_cell_8002_P,5000->10000,17,75,2.012265589579582
raw_cell_8002_P,5000->10000,17,76,0.16362869222368676
raw_cell_8002_P,5000->10000,17,77,-0.2756359288413223
raw_cell_8002_P,5000->10000,17,78,-0.2079528859963469
raw_cell_8002_P,5000->10000,17,79,-0.24649560551021565
raw_cell_8002_P,5000->10000,17,80,1.2495222500007377
raw_cell_8002_P,5000->10000,17,81,-0.23974488904562208
raw_cell_8002_P,5000->10000,17,82,0.25588643947413525
raw_cell_8002_P,5000->10000,17,83,0.6511898646517217
raw_cell_8002_P,5000->10000,17,84,-0.37089672632388865
raw_cell_8002_P,5000->10000,17,85,0.6054666454277079
raw_cell_8002_P,5000->10000,17,86,0.33810209688637427
raw_cell_8002_P,5000->10000,17,87,-0.2095207117544357
raw_cell_8002_P,5000->10000,17,88,0.3990192087447919
raw_cell_8002_P,5000->10000,17,89,2.197877535416139
raw_cell_8002_P,5000->10000,17,90,1.497742397348144
raw_cell_8002_P,5000->10000,17,91,2.9617956443270237
raw_cell_8002_P,5000->10000,17,92,0.09350851666274332
raw_cell_8002_P,5000->10000,17,93,0.406251653567252
raw_cell_8002_P,5000->10000,17,94,1.2483624233220314
raw_cell_8002_P,5000->10000,17,95,1.3729879830243925
raw_cell_8002_P,5000->10000,17,96,-0.2656327139903626
raw_cell_8002_P,5000->10000,17,97,1.0282487317264335
raw_cell_8002_P,5000->10000,17,98,0.9726651754669967
raw_cell_8002_P,5000->10000,17,99,0.8404838636037839
raw_cell_8002_P,5000->10000,17,100,1.045697105444133
raw_cell_8002_P,5000->10000,17,101,0.29648315404264264
raw_cell_8002_P,5000->10000,17,102,0.6997787571914382
raw_cell_8002_P,5000->10000,17,103,1.137448297168009
raw_cell_8002_P,5000->10000,17,104,1.732408341832028
raw_cell_8002_P,5000->10000,17,105,0.22762282157624064
raw_cell_8002_P,5000->10000,17,106,-1.2990182080830577
raw_cell_8002_P,5000->10000,17,107,0.05385397897479878
raw_cell_8002_P,5000->10000,17,108,2.330847568840001
raw_cell_8002_P,5000->10000,17,109,0.15553157233658627
raw_cell_8002_P,5000->10000,17,110,0.6337207052289608
raw_cell_8002_P,5000->10000,17,111,1.0250741176077063
raw_cell_8002_P,5000->10000,17,112,-0.0734725348809398
raw_cell_8002_P,5000->10000,17,113,0.6236262128398763
raw_cell_8002_P,5000->10000,17,114,-0.4476647286011094
raw_cell_8002_P,5000->10000,17,115,0.508221548285021
raw_cell_8002_P,5000->10000,17,116,1.8656423246111369
raw_cell_8002_P,5000->10000,17,117,0.3026765341703645
raw_cell_8002_P,5000->10000,17,118,0.9352369379532733
raw_cell_8002_P,5000->10000,17,119,-0.6438645790957036
raw_cell_8002_P,5000->10000,17,120,1.6693605684424073
raw_cell_8002_P,5000->10000,17,121,1.22992036172528
raw_cell_8002_P,5000->10000,17,122,-0.8384356066326673
raw_cell_8002_P,5000->10000,17,123,0.13385047078726153
raw_cell_8002_P,5000->10000,17,124,-0.3863884647438674
raw_cell_8002_P,5000->10000,17,125,0.9698116918315155
raw_cell_8002_P,5000->10000,17,126,-0.605311391909216
raw_cell_8002_P,5000->10000,17,127,1.386833648258837
raw_cell_8002_P,5000->10000,17,128,0.23700905297573494
raw_cell_8002_P,5000->10000,17,129,-0.8606584540111776
raw_cell_8002_P,5000->10000,17,130,-0.8774696538162511
raw_cell_8002_P,5000->10000,17,131,-0.1169632924072482
raw_cell_8002_P,5000->10000,17,132,-0.6258503846598467
raw_cell_8002_P,5000->10000,17,133,0.23857417501473657
raw_cell_8002_P,5000->10000,17,134,0.6937096556580032
raw_cell_8002_P,5000->10000,17,135,0.3952087269223499
raw_cell_8002_P,5000->10000,17,136,1.0723311244366622
raw_cell_8002_P,5000->10000,17,137,0.7576167813721851
raw_cell_8002_P,5000->10000,17,138,-0.9308120134275237
raw_cell_8002_P,5000->10000,17,139,0.17895685969139075
raw_cell_8002_P,5000->10000,17,140,-0.6584792109553798
raw_cell_8002_P,5000->10000,17,141,0.35892987949044847
raw_cell_8002_P,5000->10000,17,142,-0.3941231735962597
raw_cell_8002_P,5000->10000,17,143,-0.45652118028963545
raw_cell_8002_P,5000->10000,17,144,-0.6903999611875374
raw_cell_8002_P,5000->10000,17,145,0.34376930469045963
raw_cell_8002_P,5000->10000,17,146,-0.3870888574218632
raw_cell_8002_P,5000->10000,17,147,0.8092018656285795
raw_cell_8002_P,5000->10000,17,148,-0.07446495666489043
raw_cell_8002_P,5000->10000,17,149,0.1423967337328194
raw_cell_8002_P,5000->10000,17,150,-0.4433939025318757
raw_cell_8002_P,5000->10000,17,151,0.8544146643688442
raw_cell_8002_P,5000->10000,17,152,0.5854596520678232
raw_cell_8002_P,5000->10000,17,153,0.5730397602003761
raw_cell_8002_P,5000->10000,17,154,-0.6904953387930479
raw_cell_8002_P,5000->10000,17,155,1.515406245056792
raw_cell_8002_P,5000->10000,17,156,3.0951060061755613
raw_cell_8002_P,5000->10000,17,157,-0.8637782940878622
raw_cell_8002_P,5000->10000,17,158,1.1619769331485104
raw_cell_8002_P,5000->10000,17,159,2.5031455997011123
raw_cell_8002_P,5000->10000,17,160,0.008225520175972622
raw_cell_8002_P,5000->10000,17,161,0.3989827578848987
raw_cell_8002_P,5000->10000,17,162,-0.6559276395100215
raw_cell_8002_P,5000->10000,17,163,0.01621910308367044
raw_cell_8002_P,5000->10000,17,164,0.43443597020541663
raw_cell_8002_P,5000->10000,17,165,1.0783104630925215
raw_cell_8002_P,5000->10000,17,166,1.3513442630344952
raw_cell_8002_P,5000->10000,17,167,0.29588483500410157
raw_cell_8002_P,5000->10000,17,168,-0.89191046613066
raw_cell_8002_P,5000->10000,17,169,2.3566674189696055
raw_cell_8002_P,5000->10000,17,170,0.347204152900535
raw_cell_8002_P,5000->10000,17,171,0.9350757280902262
raw_cell_8002_P,5000->10000,17,172,0.2691390615954126
raw_cell_8002_P,5000->10000,17,173,0.07416408510098305
raw_cell_8002_P,5000->10000,17,174,0.7201530991481161
raw_cell_8002_P,5000->10000,17,175,1.2196579680999404
raw_cell_8002_P,5000->10000,17,176,-1.1413487127425068
raw_cell_8002_P,5000->10000,17,177,-0.8143499504755168
raw_cell_8002_P,5000->10000,17,178,-1.8357703657720406
raw_cell_8002_P,5000->10000,17,179,-0.11091628419511698
raw_cell_8002_P,5000->10000,17,180,0.3988568330674769
raw_cell_8002_P,5000->10000,17,181,-0.7448254541902074
raw_cell_8002_P,5000->10000,17,182,-1.513276370428167
raw_cell_8002_P,5000->10000,17,183,0.548800582286893
raw_cell_8002_P,5000->10000,17,184,-2.592176477906505
raw_cell_8002_P,5000->10000,17,185,0.6819426063832958
raw_cell_8002_P,5000->10000,17,186,1.0843175152127282
raw_cell_8002_P,5000->10000,17,187,-0.3247863257605831
raw_cell_8002_P,5000->10000,17,188,0.12497892522707378
raw_cell_8002_P,5000->10000,17,189,0.4927158115389018
raw_cell_8002_P,5000->10000,17,190,0.8596846858567001
raw_cell_8002_P,5000->10000,17,191,-0.5515613840410338
raw_cell_8002_P,5000->10000,17,192,0.9191475977353519
raw_cell_8002_P,5000->10000,17,193,0.8489193608184014
raw_cell_8002_P,5000->10000,17,194,0.30788190968341045
raw_cell_8002_P,5000->10000,17,195,0.008372761433346249
raw_cell_8002_P,5000->10000,17,196,0.6260611154350079
raw_cell_8002_P,5000->10000,17,197,-0.18718651002668313
raw_cell_8002_P,5000->10000,17,198,1.31551757121269
raw_cell_8002_P,5000->10000,17,199,-0.6390413054220319
raw_cell_8002_N,10000->20000,17,0,-0.5793239659989644
raw_cell_8002_N,10000->20000,17,1,-0.0032855231739423903
raw_cell_8002_N,10000->20000,17,2,-0.46763585204851665
raw_cell_8002_N,10000->20000,17,3,2.7991594104878117
raw_cell_8002_N,10000->20000,17,4,1.5811677756596525
raw_cell_8002_N,10000->20000,17,5,-0.09621410841435594
raw_cell_8002_N,10000->20000,17,6,1.2882986295569159
raw_cell_8002_N,10000->20000,17,7,0.38285775593112825
raw_cell_8002_N,10000->20000,17,8,-0.6135633974240708
raw_cell_8002_N,10000->20000,17,9,-0.17584738615780435
raw_cell_8002_N,10000->20000,17,10,1.6460547664870917
raw_cell_8002_N,10000->20000,17,11,-0.741257724176386
raw_cell_8002_N,10000->20000,17,12,2.1327162688741774
raw_cell_8002_N,10000->20000,17,13,-0.0323167839840499
raw_cell_8002_N,10000->20000,17,14,1.7938206970822228
raw_cell_8002_N,10000->20000,17,15,-0.0054642712001748165
raw_cell_8002_N,10000->20000,17,16,-0.08303234808173413
raw_cell_8002_N,10000->20000,17,17,1.3296630412573218
raw_cell_8002_N,10000->20000,17,18,0.5378069448413101
raw_cell_8002_N,10000->20000,17,19,0.44124511409010586
raw_cell_8002_N,10000->20000,17,20,-0.8741509291595574
raw_cell_8002_N,10000->20000,17,21,0.6690449467928188
raw_cell_8002_N,10000->20000,17,22,0.9773503912545899
raw_cell_8002_N,10000->20000,17,23,-0.4732139910466838
raw_cell_8002_N,10000->20000,17,24,0.28563857844524226
raw_cell_8002_N,10000->20000,17,25,0.7355387745405116
raw_cell_8002_N,10000->20000,17,26,1.3717542144825965
raw_cell_8002_N,10000->20000,17,27,0.660061704900252
raw_cell_8002_N,10000->20000,17,28,0.26731770628863105
raw_cell_8002_N,10000->20000,17,29,1.2282656146409487
raw_cell_8002_N,10000->20000,17,30,1.8632106978991614
raw_cell_8002_N,10000->20000,17,31,0.5728587555190361
raw_cell_8002_N,10000->20000,17,32,-0.2285078528556117
raw_cell_8002_N,10000->20000,17,33,0.6701233386791982
raw_cell_8002_N,10000->20000,17,34,0.07283357618617178
raw_cell_8002_N,10000->20000,17,35,0.6560012789282192
raw_cell_8002_N,10000->20000,17,36,2.23542398480268
raw_cell_8002_N,10000->20000,17,37,-0.8735365620952907
raw_cell_8002_N,10000->20000,17,38,-0.523315597006916
raw_cell_8002_N,10000->20000,17,39,0.6477799200584995
raw_cell_8002_N,10000->20000,17,40,2.672182024738122
raw_cell_8002_N,10000->20000,17,41,-0.698534021519135
raw_cell_8002_N,10000->20000,17,42,0.4002133047566368
raw_cell_8002_N,10000->20000,17,43,1.1638498742091576
raw_cell_8002_N,10000->20000,17,44,0.5822503503886166
raw_cell_8002_N,10000->20000,17,45,-0.4407649829323435
raw_cell_8002_N,10000->20000,17,46,0.6440811759343092
raw_cell_8002_N,10000->20000,17,47,-1.3352590403660227
raw_cell_8002_N,10000->20000,17,48,0.4630743779632405
raw_cell_8002_N,10000->20000,17,49,-1.3111066743092556
raw_cell_8002_N,10000->20000,17,50,-1.0072953254392745
raw_cell_8002_N,10000->20000,17,51,0.1718596894389391
raw_cell_8002_N,10000->20000,17,52,-0.10482636235355347
raw_cell_8002_N,10000->20000,17,53,-0.09001526368980224
raw_cell_8002_N,10000->20000,17,54,-0.5947467533326088
raw_cell_8002_N,10000->20000,17,55,-0.27650519056793993
raw_cell_8002_N,10000->20000,17,56,-1.5519528396533102
raw_cell_8002_N,10000->20000,17,57,0.7231764291869561
raw_cell_8002_N,10000->20000,17,58,-0.7569693648717478
raw_cell_8002_N,10000->20000,17,59,0.33361582728259565
raw_cell_8002_N,10000->20000,17,60,0.12208440357304856
raw_cell_8002_N,10000->20000,17,61,1.2301367001509318
raw_cell_8002_N,10000->20000,17,62,0.5221331213609367
raw_cell_8002_N,10000->20000,17,63,-0.6496385587673381
raw_cell_8002_N,10000->20000,17,64,0.7113694499673875
raw_cell_8002_N,10000->20000,17,65,-0.7446918183013161
raw_cell_8002_N,10000->20000,17,66,1.1531245617757016
raw_cell_8002_N,10000->20000,17,67,1.9520969333908837
raw_cell_8002_N,10000->20000,17,68,0.048009396546283174
raw_cell_8002_N,10000->20000,17,69,-1.7057985713922736
raw_cell_8002_N,10000->20000,17,70,0.5500930269793581
raw_cell_8002_N,10000->20000,17,71,0.9383165953624504
raw_cell_8002_N,10000->20000,17,72,-0.0553736634564875
raw_cell_8002_N,10000->20000,17,73,-0.7363188230843782
raw_cell_8002_N,10000->20000,17,74,1.0950725716971146
raw_cell_8002_N,10000->20000,17,75,-0.9544179954193174
raw_cell_8002_N,10000->20000,17,76,2.534023183164293
raw_cell_8002_N,10000->20000,17,77,0.6284204532368954
raw_cell_8002_N,10000->20000,17,78,-1.873702366695174
raw_cell_8002_N,10000->20000,17,79,-0.7584023021034756
raw_cell_8002_N,10000->20000,17,80,-0.3374960778412867
raw_cell_8002_N,10000->20000,17,81,0.04138117003605445
raw_cell_8002_N,10000->20000,17,82,0.1951900638760795
raw_cell_8002_N,10000->20000,17,83,2.346130205617819
raw_cell_8002_N,10000->20000,17,84,0.7157094295027749
raw_cell_8002_N,10000->20000,17,85,2.2215528834991822
raw_cell_8002_N,10000->20000,17,86,0.248248110498076
raw_cell_8002_N,10000->20000,17,87,1.076477742148702
raw_cell_8002_N,10000->20000,17,88,0.3760619962515285
raw_cell_8002_N,10000->20000,17,89,-0.5393942081709904
raw_cell_8002_N,10000->20000,17,90,0.39406168645073353
raw_cell_8002_N,10000->20000,17,91,-0.00019455085301248295
raw_cell_8002_N,10000->20000,17,92,-0.786937872592603
raw_cell_8002_N,10000->20000,17,93,-0.44980465943309
raw_cell_8002_N,10000->20000,17,94,-0.5055336236763024
raw_cell_8002_N,10000->20000,17,95,0.19620663424248969
raw_cell_8002_N,10000->20000,17,96,0.6221181379347437
raw_cell_8002_N,10000->20000,17,97,0.19641831512910635
raw_cell_8002_N,10000->20000,17,98,-0.40654113545835896
raw_cell_8002_N,10000->20000,17,99,-0.5546072461919446
raw_cell_8002_N,10000->20000,17,100,-0.5586160137474693
raw_cell_8002_N,10000->20000,17,101,0.40659863402388036
raw_cell_8002_N,10000->20000,17,102,0.9018227671739659
raw_cell_8002_N,10000->20000,17,103,0.006932246323093251
raw_cell_8002_N,10000->20000,17,104,1.0550336380411984
raw_cell_8002_N,10000->20000,17,105,-0.030657196719995814
raw_cell_8002_N,10000->20000,17,106,1.7743147167969735
raw_cell_8002_N,10000->20000,17,107,0.7545802969205462
raw_cell_8002_N,10000->20000,17,108,0.9228437500293346
raw_cell_8002_N,10000->20000,17,109,-0.0756836953589014
raw_cell_8002_N,10000->20000,17,110,0.6537513421660963
raw_cell_8002_N,10000->20000,17,111,1.033403057305159
raw_cell_8002_N,10000->20000,17,112,0.48212580371290537
raw_cell_8002_N,10000->20000,17,113,0.9070389810564619
raw_cell_8002_N,10000->20000,17,114,-0.8974606098250217
raw_cell_8002_N,10000->20000,17,115,-0.1849934599594714
raw_cell_8002_N,10000->20000,17,116,0.8908749150635609
raw_cell_8002_N,10000->20000,17,117,1.2427521518309133
raw_cell_8002_N,10000->20000,17,118,0.8814225583391342
raw_cell_8002_N,10000->20000,17,119,1.2502583646476648
raw_cell_8002_N,10000->20000,17,120,0.4574745649388907
raw_cell_8002_N,10000->20000,17,121,-0.39430845923531394
raw_cell_8002_N,10000->20000,17,122,-0.12034196188446608
raw_cell_8002_N,10000->20000,17,123,1.2426940834400269
raw_cell_8002_N,10000->20000,17,124,0.8895897571338078
raw_cell_8002_N,10000->20000,17,125,1.3445480094434414
raw_cell_8002_N,10000->20000,17,126,-0.17064802492222067
raw_cell_8002_N,10000->20000,17,127,1.4372325438406544
raw_cell_8002_N,10000->20000,17,128,0.05499367249405086
raw_cell_8002_N,10000->20000,17,129,0.2700026896748104
raw_cell_8002_N,10000->20000,17,130,1.0441874315269106
raw_cell_8002_N,10000->20000,17,131,0.7229593331983954
raw_cell_8002_N,10000->20000,17,132,2.726665373077924
raw_cell_8002_N,10000->20000,17,133,-0.08444087284000065
raw_cell_8002_N,10000->20000,17,134,-0.7817230335773538
raw_cell_8002_N,10000->20000,17,135,0.9997783406648292
raw_cell_8002_N,10000->20000,17,136,0.5339420252657544
raw_cell_8002_N,10000->20000,17,137,1.247454987058512
raw_cell_8002_N,10000->20000,17,138,1.22146958417345
raw_cell_8002_N,10000->20000,17,139,-0.6773195825519568
raw_cell_8002_N,10000->20000,17,140,-1.1254474084322121
raw_cell_8002_N,10000->20000,17,141,-0.01711985321592764
raw_cell_8002_N,10000->20000,17,142,-0.13841154725679314
raw_cell_8002_N,10000->20000,17,143,0.7643713828833952
raw_cell_8002_N,10000->20000,17,144,-0.9562551485461254
raw_cell_8002_N,10000->20000,17,145,1.1128332335113487
raw_cell_8002_N,10000->20000,17,146,1.8977978855698052
raw_cell_8002_N,10000->20000,17,147,2.3457138719812543
raw_cell_8002_N,10000->20000,17,148,1.3330731959705415
raw_cell_8002_N,10000->20000,17,149,0.36231529701012366
raw_cell_8002_N,10000->20000,17,150,2.2717945731519733
raw_cell_8002_N,10000->20000,17,151,0.3137801457282723
raw_cell_8002_N,10000->20000,17,152,1.5529745627535607
raw_cell_8002_N,10000->20000,17,153,1.574060724823825
raw_cell_8002_N,10000->20000,17,154,0.40947950105694864
raw_cell_8002_N,10000->20000,17,155,0.8469415922577442
raw_cell_8002_N,10000->20000,17,156,0.8023177200121958
raw_cell_8002_N,10000->20000,17,157,0.3882878010545921
raw_cell_8002_N,10000->20000,17,158,0.08442814113178417
raw_cell_8002_N,10000->20000,17,159,-0.5069991989906979
raw_cell_8002_N,10000->20000,17,160,-0.9339416929376453
raw_cell_8002_N,10000->20000,17,161,-0.08029139197539308
raw_cell_8002_N,10000->20000,17,162,-0.1801575197951429
raw_cell_8002_N,10000->20000,17,163,0.30249468979982785
raw_cell_8002_N,10000->20000,17,164,0.846192078944493
raw_cell_8002_N,10000->20000,17,165,0.28292201449692095
raw_cell_8002_N,10000->20000,17,166,1.5795711797208325
raw_cell_8002_N,10000->20000,17,167,0.4902591223118419
raw_cell_8002_N,10000->20000,17,168,-0.3265995871797305
raw_cell_8002_N,10000->20000,17,169,1.0044283791453097
raw_cell_8002_N,10000->20000,17,170,0.6015351783647483
raw_cell_8002_N,10000->20000,17,171,2.1599341146781543
raw_cell_8002_N,10000->20000,17,172,-0.6320222005102305
raw_cell_8002_N,10000->20000,17,173,-0.17651107531033888
raw_cell_8002_N,10000->20000,17,174,-0.9279134244041516
raw_cell_8002_N,10000->20000,17,175,-1.840711360749222
raw_cell_8002_N,10000->20000,17,176,0.9502199710552718
raw_cell_8002_N,10000->20000,17,177,2.2772874956011027
raw_cell_8002_N,10000->20000,17,178,0.07896796807922198
raw_cell_8002_N,10000->20000,17,179,1.5425517515965468
raw_cell_8002_N,10000->20000,17,180,0.7827854990365369
raw_cell_8002_N,10000->20000,17,181,0.40642277037480107
raw_cell_8002_N,10000->20000,17,182,0.030731416300009102
raw_cell_8002_N,10000->20000,17,183,2.2812431864173113
raw_cell_8002_N,10000->20000,17,184,0.27663861884244717
raw_cell_8002_N,10000->20000,17,185,0.9673733485568444
raw_cell_8002_N,10000->20000,17,186,1.13124283313481
raw_cell_8002_N,10000->20000,17,187,1.0602602677872295
raw_cell_8002_N,10000->20000,17,188,1.0479946494611296
raw_cell_8002_N,10000->20000,17,189,0.2294064818997284
raw_cell_8002_N,10000->20000,17,190,-0.6152978745064843
raw_cell_8002_N,10000->20000,17,191,-0.6953725185722662
raw_cell_8002_N,10000->20000,17,192,-1.1426018423774218
raw_cell_8002_N,10000->20000,17,193,-0.016215231972958714
raw_cell_8002_N,10000->20000,17,194,1.6143668837540517
raw_cell_8002_N,10000->20000,17,195,0.9616073072422627
raw_cell_8002_N,10000->20000,17,196,0.6293788026624929
raw_cell_8002_N,10000->20000,17,197,0.4707172788237182
raw_cell_8002_N,10000->20000,17,198,1.1556553156184317
raw_cell_8002_N,10000->20000,17,199,0.1794756044528961
raw_cell_5000_P_replication_partner,5000->10000,17,0,2.574677663907219
raw_cell_5000_P_replication_partner,5000->10000,17,1,-1.800447512014235
raw_cell_5000_P_replication_partner,5000->10000,17,2,2.0918814882681556
raw_cell_5000_P_replication_partner,5000->10000,17,3,-2.4262779967066024
raw_cell_5000_P_replication_partner,5000->10000,17,4,-0.2407826595562603
raw_cell_5000_P_replication_partner,5000->10000,17,5,-2.333591063120677
raw_cell_5000_P_replication_partner,5000->10000,17,6,2.1080344599524596
raw_cell_5000_P_replication_partner,5000->10000,17,7,0.9645367206070335
raw_cell_5000_P_replication_partner,5000->10000,17,8,0.17160383344086003
raw_cell_5000_P_replication_partner,5000->10000,17,9,0.8773574750276766
raw_cell_5000_P_replication_partner,5000->10000,17,10,0.08865269122275918
raw_cell_5000_P_replication_partner,5000->10000,17,11,-0.7299426629342153
raw_cell_5000_P_replication_partner,5000->10000,17,12,0.2151644594891712
raw_cell_5000_P_replication_partner,5000->10000,17,13,0.8023767893939147
raw_cell_5000_P_replication_partner,5000->10000,17,14,0.895960198874217
raw_cell_5000_P_replication_partner,5000->10000,17,15,-1.761450134180786
raw_cell_5000_P_replication_partner,5000->10000,17,16,-0.8751585422574827
raw_cell_5000_P_replication_partner,5000->10000,17,17,0.36620760910427474
raw_cell_5000_P_replication_partner,5000->10000,17,18,-0.7376305291044831
raw_cell_5000_P_replication_partner,5000->10000,17,19,0.6567909665070129
raw_cell_5000_P_replication_partner,5000->10000,17,20,0.6387880568363661
raw_cell_5000_P_replication_partner,5000->10000,17,21,0.6525348280454965
raw_cell_5000_P_replication_partner,5000->10000,17,22,0.8931912759297825
raw_cell_5000_P_replication_partner,5000->10000,17,23,-0.38877149104746994
raw_cell_5000_P_replication_partner,5000->10000,17,24,-0.6279225364972927
raw_cell_5000_P_replication_partner,5000->10000,17,25,-0.39488685057546813
raw_cell_5000_P_replication_partner,5000->10000,17,26,-0.1842752948701452
raw_cell_5000_P_replication_partner,5000->10000,17,27,1.8851112610203462
raw_cell_5000_P_replication_partner,5000->10000,17,28,1.119081391627903
raw_cell_5000_P_replication_partner,5000->10000,17,29,1.421629810201086
raw_cell_5000_P_replication_partner,5000->10000,17,30,0.3350140785523675
raw_cell_5000_P_replication_partner,5000->10000,17,31,-0.14125955572284377
raw_cell_5000_P_replication_partner,5000->10000,17,32,1.5189000796989307
raw_cell_5000_P_replication_partner,5000->10000,17,33,0.29100470303924897
raw_cell_5000_P_replication_partner,5000->10000,17,34,1.8492317836650858
raw_cell_5000_P_replication_partner,5000->10000,17,35,0.1917882062898037
raw_cell_5000_P_replication_partner,5000->10000,17,36,1.7815795680277227
raw_cell_5000_P_replication_partner,5000->10000,17,37,-3.1869029891965552
raw_cell_5000_P_replication_partner,5000->10000,17,38,0.35972341084293574
raw_cell_5000_P_replication_partner,5000->10000,17,39,0.7224643227616124
raw_cell_5000_P_replication_partner,5000->10000,17,40,-0.6614738741014159
raw_cell_5000_P_replication_partner,5000->10000,17,41,-0.12341142529507823
raw_cell_5000_P_replication_partner,5000->10000,17,42,2.4089034054508054
raw_cell_5000_P_replication_partner,5000->10000,17,43,-0.8804864174693818
raw_cell_5000_P_replication_partner,5000->10000,17,44,-0.6737666957129989
raw_cell_5000_P_replication_partner,5000->10000,17,45,-1.0976678279452956
raw_cell_5000_P_replication_partner,5000->10000,17,46,0.1246377624725209
raw_cell_5000_P_replication_partner,5000->10000,17,47,0.1618086745631777
raw_cell_5000_P_replication_partner,5000->10000,17,48,0.7840185583708283
raw_cell_5000_P_replication_partner,5000->10000,17,49,-0.5187742788319142
raw_cell_5000_P_replication_partner,5000->10000,17,50,1.3508974349387453
raw_cell_5000_P_replication_partner,5000->10000,17,51,0.250151103788049
raw_cell_5000_P_replication_partner,5000->10000,17,52,3.5160837722974985
raw_cell_5000_P_replication_partner,5000->10000,17,53,-0.2048488766145398
raw_cell_5000_P_replication_partner,5000->10000,17,54,1.4974367095653813
raw_cell_5000_P_replication_partner,5000->10000,17,55,1.524223166540611
raw_cell_5000_P_replication_partner,5000->10000,17,56,1.8254683292654454
raw_cell_5000_P_replication_partner,5000->10000,17,57,-0.33607173150248815
raw_cell_5000_P_replication_partner,5000->10000,17,58,0.5404698311620837
raw_cell_5000_P_replication_partner,5000->10000,17,59,1.7564277991284671
raw_cell_5000_P_replication_partner,5000->10000,17,60,-0.6179671920274059
raw_cell_5000_P_replication_partner,5000->10000,17,61,-0.14244656474976258
raw_cell_5000_P_replication_partner,5000->10000,17,62,-0.8069933365787072
raw_cell_5000_P_replication_partner,5000->10000,17,63,0.8642242857192092
raw_cell_5000_P_replication_partner,5000->10000,17,64,0.24065966321744367
raw_cell_5000_P_replication_partner,5000->10000,17,65,-0.7242954298741099
raw_cell_5000_P_replication_partner,5000->10000,17,66,1.0817074776406974
raw_cell_5000_P_replication_partner,5000->10000,17,67,0.9217025293034358
raw_cell_5000_P_replication_partner,5000->10000,17,68,0.9264070079806999
raw_cell_5000_P_replication_partner,5000->10000,17,69,0.009184546243800926
raw_cell_5000_P_replication_partner,5000->10000,17,70,1.473086560741664
raw_cell_5000_P_replication_partner,5000->10000,17,71,1.7784187173737354
raw_cell_5000_P_replication_partner,5000->10000,17,72,0.3326664475065516
raw_cell_5000_P_replication_partner,5000->10000,17,73,-2.3051616566925324
raw_cell_5000_P_replication_partner,5000->10000,17,74,1.0321841539903458
raw_cell_5000_P_replication_partner,5000->10000,17,75,0.4643818762698613
raw_cell_5000_P_replication_partner,5000->10000,17,76,0.7862567672010838
raw_cell_5000_P_replication_partner,5000->10000,17,77,-0.1798189878984479
raw_cell_5000_P_replication_partner,5000->10000,17,78,1.033414290199832
raw_cell_5000_P_replication_partner,5000->10000,17,79,-0.9474370163443961
raw_cell_5000_P_replication_partner,5000->10000,17,80,-0.9345195197728352
raw_cell_5000_P_replication_partner,5000->10000,17,81,-0.4089395708654162
raw_cell_5000_P_replication_partner,5000->10000,17,82,-0.55664088510699
raw_cell_5000_P_replication_partner,5000->10000,17,83,-0.058171894711172234
raw_cell_5000_P_replication_partner,5000->10000,17,84,-1.2036366487258339
raw_cell_5000_P_replication_partner,5000->10000,17,85,-2.015268973889572
raw_cell_5000_P_replication_partner,5000->10000,17,86,3.0899949753759732
raw_cell_5000_P_replication_partner,5000->10000,17,87,-0.25060251725077853
raw_cell_5000_P_replication_partner,5000->10000,17,88,0.982775092523543
raw_cell_5000_P_replication_partner,5000->10000,17,89,0.6112092991523317
raw_cell_5000_P_replication_partner,5000->10000,17,90,0.3162825777793527
raw_cell_5000_P_replication_partner,5000->10000,17,91,-0.47472358020381006
raw_cell_5000_P_replication_partner,5000->10000,17,92,-0.4309426692390854
raw_cell_5000_P_replication_partner,5000->10000,17,93,0.5339664625024361
raw_cell_5000_P_replication_partner,5000->10000,17,94,0.8552217134481467
raw_cell_5000_P_replication_partner,5000->10000,17,95,-1.2997373636262886
raw_cell_5000_P_replication_partner,5000->10000,17,96,1.143264722598922
raw_cell_5000_P_replication_partner,5000->10000,17,97,-0.34766483864390674
raw_cell_5000_P_replication_partner,5000->10000,17,98,0.15747209363987597
raw_cell_5000_P_replication_partner,5000->10000,17,99,1.168866802383894
raw_cell_5000_P_replication_partner,5000->10000,17,100,0.5716782762744009
raw_cell_5000_P_replication_partner,5000->10000,17,101,2.0617325477948443
raw_cell_5000_P_replication_partner,5000->10000,17,102,0.05797110374976947
raw_cell_5000_P_replication_partner,5000->10000,17,103,0.6214354090268651
raw_cell_5000_P_replication_partner,5000->10000,17,104,0.7840988483282955
raw_cell_5000_P_replication_partner,5000->10000,17,105,-0.5611884284368605
raw_cell_5000_P_replication_partner,5000->10000,17,106,0.9991260012701404
raw_cell_5000_P_replication_partner,5000->10000,17,107,0.28849618480924594
raw_cell_5000_P_replication_partner,5000->10000,17,108,-2.034429085129658
raw_cell_5000_P_replication_partner,5000->10000,17,109,-0.6440846900094649
raw_cell_5000_P_replication_partner,5000->10000,17,110,0.6172074799079905
raw_cell_5000_P_replication_partner,5000->10000,17,111,1.834491198978798
raw_cell_5000_P_replication_partner,5000->10000,17,112,0.6529486937354068
raw_cell_5000_P_replication_partner,5000->10000,17,113,0.9724315224303826
raw_cell_5000_P_replication_partner,5000->10000,17,114,2.3771516219828563
raw_cell_5000_P_replication_partner,5000->10000,17,115,-0.4982405128385734
raw_cell_5000_P_replication_partner,5000->10000,17,116,1.1627720065499827
raw_cell_5000_P_replication_partner,5000->10000,17,117,-1.0560316818378295
raw_cell_5000_P_replication_partner,5000->10000,17,118,0.14382551131104096
raw_cell_5000_P_replication_partner,5000->10000,17,119,-0.20045054451202315
raw_cell_5000_P_replication_partner,5000->10000,17,120,0.6167800568497249
raw_cell_5000_P_replication_partner,5000->10000,17,121,1.6167443760561513
raw_cell_5000_P_replication_partner,5000->10000,17,122,-0.05199612208606009
raw_cell_5000_P_replication_partner,5000->10000,17,123,0.7744884986675546
raw_cell_5000_P_replication_partner,5000->10000,17,124,2.367137254768285
raw_cell_5000_P_replication_partner,5000->10000,17,125,-1.9054319314075172
raw_cell_5000_P_replication_partner,5000->10000,17,126,1.541468870583031
raw_cell_5000_P_replication_partner,5000->10000,17,127,2.236204662579949
raw_cell_5000_P_replication_partner,5000->10000,17,128,0.6588569285918963
raw_cell_5000_P_replication_partner,5000->10000,17,129,0.87271247358033
raw_cell_5000_P_replication_partner,5000->10000,17,130,1.585919840399151
raw_cell_5000_P_replication_partner,5000->10000,17,131,0.18194382341544113
raw_cell_5000_P_replication_partner,5000->10000,17,132,-0.5377352772660707
raw_cell_5000_P_replication_partner,5000->10000,17,133,-0.14841168125145643
raw_cell_5000_P_replication_partner,5000->10000,17,134,0.9861163958930692
raw_cell_5000_P_replication_partner,5000->10000,17,135,0.22688425020621583
raw_cell_5000_P_replication_partner,5000->10000,17,136,-0.767171433920906
raw_cell_5000_P_replication_partner,5000->10000,17,137,0.7765342191893632
raw_cell_5000_P_replication_partner,5000->10000,17,138,-1.1219574085336748
raw_cell_5000_P_replication_partner,5000->10000,17,139,-1.0147519058608812
raw_cell_5000_P_replication_partner,5000->10000,17,140,-0.40606475759151683
raw_cell_5000_P_replication_partner,5000->10000,17,141,-0.39345694405347525
raw_cell_5000_P_replication_partner,5000->10000,17,142,-1.6748100986874348
raw_cell_5000_P_replication_partner,5000->10000,17,143,-1.2797513170626846
raw_cell_5000_P_replication_partner,5000->10000,17,144,1.2801713618532338
raw_cell_5000_P_replication_partner,5000->10000,17,145,-2.8143245540167126
raw_cell_5000_P_replication_partner,5000->10000,17,146,-0.5244385515789133
raw_cell_5000_P_replication_partner,5000->10000,17,147,0.8229831421086555
raw_cell_5000_P_replication_partner,5000->10000,17,148,2.2820051177068166
raw_cell_5000_P_replication_partner,5000->10000,17,149,-0.2651003302355165
raw_cell_5000_P_replication_partner,5000->10000,17,150,0.399760579333038
raw_cell_5000_P_replication_partner,5000->10000,17,151,2.2152415499516223
raw_cell_5000_P_replication_partner,5000->10000,17,152,1.2550816960906284
raw_cell_5000_P_replication_partner,5000->10000,17,153,-0.3107248929761253
raw_cell_5000_P_replication_partner,5000->10000,17,154,1.9398945507939251
raw_cell_5000_P_replication_partner,5000->10000,17,155,0.674438599725845
raw_cell_5000_P_replication_partner,5000->10000,17,156,-0.5363043488864332
raw_cell_5000_P_replication_partner,5000->10000,17,157,0.8004994229037288
raw_cell_5000_P_replication_partner,5000->10000,17,158,1.1569561190720243
raw_cell_5000_P_replication_partner,5000->10000,17,159,-0.19690935416449135
raw_cell_5000_P_replication_partner,5000->10000,17,160,1.159210219506382
raw_cell_5000_P_replication_partner,5000->10000,17,161,0.678176345052162
raw_cell_5000_P_replication_partner,5000->10000,17,162,-1.4469086752519371
raw_cell_5000_P_replication_partner,5000->10000,17,163,-0.10179898349479959
raw_cell_5000_P_replication_partner,5000->10000,17,164,-1.5489673625513973
raw_cell_5000_P_replication_partner,5000->10000,17,165,1.373620553536115
raw_cell_5000_P_replication_partner,5000->10000,17,166,-2.6410861401286687
raw_cell_5000_P_replication_partner,5000->10000,17,167,-0.5974090968999672
raw_cell_5000_P_replication_partner,5000->10000,17,168,0.32624070942266814
raw_cell_5000_P_replication_partner,5000->10000,17,169,2.5736461943281093
raw_cell_5000_P_replication_partner,5000->10000,17,170,1.1111586539348726
raw_cell_5000_P_replication_partner,5000->10000,17,171,-0.3195324866914354
raw_cell_5000_P_replication_partner,5000->10000,17,172,0.603597754844923
raw_cell_5000_P_replication_partner,5000->10000,17,173,2.7551901310088005
raw_cell_5000_P_replication_partner,5000->10000,17,174,1.9233128134177002
raw_cell_5000_P_replication_partner,5000->10000,17,175,1.1686486970167258
raw_cell_5000_P_replication_partner,5000->10000,17,176,-0.15398652829929987
raw_cell_5000_P_replication_partner,5000->10000,17,177,1.5061940463729029
raw_cell_5000_P_replication_partner,5000->10000,17,178,-2.2017828666696033
raw_cell_5000_P_replication_partner,5000->10000,17,179,1.269789317609211
raw_cell_5000_P_replication_partner,5000->10000,17,180,2.48793401820577
raw_cell_5000_P_replication_partner,5000->10000,17,181,-0.9513091388096095
raw_cell_5000_P_replication_partner,5000->10000,17,182,-1.1609920258496027
raw_cell_5000_P_replication_partner,5000->10000,17,183,0.1732370003412507
raw_cell_5000_P_replication_partner,5000->10000,17,184,-0.17232098179543187
raw_cell_5000_P_replication_partner,5000->10000,17,185,3.482586082507888
raw_cell_5000_P_replication_partner,5000->10000,17,186,0.4696941540441133
raw_cell_5000_P_replication_partner,5000->10000,17,187,-1.2382935266215878
raw_cell_5000_P_replication_partner,5000->10000,17,188,-0.5623828187875098
raw_cell_5000_P_replication_partner,5000->10000,17,189,0.02671577817893584
raw_cell_5000_P_replication_partner,5000->10000,17,190,0.6505877485512501
raw_cell_5000_P_replication_partner,5000->10000,17,191,0.4724723680959345
raw_cell_5000_P_replication_partner,5000->10000,17,192,1.7351757282254614
raw_cell_5000_P_replication_partner,5000->10000,17,193,0.9226674419903471
raw_cell_5000_P_replication_partner,5000->10000,17,194,-0.881140564158419
raw_cell_5000_P_replication_partner,5000->10000,17,195,1.3109339682610543
raw_cell_5000_P_replication_partner,5000->10000,17,196,-0.4086262642574233
raw_cell_5000_P_replication_partner,5000->10000,17,197,-0.6305436427759075
raw_cell_5000_P_replication_partner,5000->10000,17,198,-0.0550933520535958
raw_cell_5000_P_replication_partner,5000->10000,17,199,-0.7250254442424825
